fonte;edicao;tipo_item;codigo_fonte;tabela_fonte;chave_fonte;laboratorio;produto;apresentacao;principio_ativo;ean;registro_anvisa;codigo_tuss;ggrem;generico;restrito_hospitalar;qtd_embalagem;pf_total;pmc_total;pf_unit;pmc_unit;preco_ref;tipo_preco;vigencia;tabela87_sugerida;precos_extra
CMED;20260508;medicamento;508024020179303;;;EUROFARMA LABORATORIOS S.A.;GABA ER;250 MG COM REV LIB PROL CT BL AL PLAS PVC/PCTFE TRANS X 6;DIVALPROATO DE SÓDIO;7891317020484;1004314530019;90578040;508024020179303;;N;;7.67;10.57;;;;CMED_ICMS17;20260508;20;PF0=6.37|PF12=7.24|PF18=7.77|PF19=7.86|PF20=7.96|PF21=8.06|PF22=8.17|PMC0=8.78|PMC12=9.98|PMC18=10.71|PMC19=10.83|PMC20=10.97|PMC21=11.11|PMC22=11.26|PMVG17=6.02|PMVG18=6.1|PMVG20=6.25
CMED;20260508;medicamento;508024020179403;;;EUROFARMA LABORATORIOS S.A.;GABA ER;250 MG COM REV LIB PROL CT BL AL PLAS PVC/PCTFE TRANS X 30;DIVALPROATO DE SÓDIO;7891317020507;1004314530043;90578058;508024020179403;;N;;38.39;52.92;;;;CMED_ICMS17;20260508;20;PF0=31.86|PF12=36.2|PF18=38.85|PF19=39.33|PF20=39.83|PF21=40.33|PF22=40.85|PMC0=43.92|PMC12=49.9|PMC18=53.55|PMC19=54.21|PMC20=54.9|PMC21=55.59|PMC22=56.31|PMVG17=30.12|PMVG18=30.48|PMVG20=31.26
CMED;20260508;medicamento;508024020179503;;;EUROFARMA LABORATORIOS S.A.;GABA ER;500 MG COM REV LIB PROL CT BL AL PLAS PVC/PCTFE TRANS X 30;DIVALPROATO DE SÓDIO;7891317020538;1004314530108;90578074;508024020179503;;N;;73.28;101.01;;;;CMED_ICMS17;20260508;20;PF0=60.82|PF12=69.11|PF18=74.17|PF19=75.09|PF20=76.03|PF21=76.99|PF22=77.97|PMC0=83.83|PMC12=95.26|PMC18=102.24|PMC19=103.5|PMC20=104.8|PMC21=106.12|PMC22=107.47|PMVG17=57.5|PMVG18=58.2|PMVG20=59.66
CMED;20260508;medicamento;508024020179603;;;EUROFARMA LABORATORIOS S.A.;GABA ER;500 MG COM REV LIB PROL CT BL AL PLAS PVC/PCTFE TRANS X 6;DIVALPROATO DE SÓDIO;7891317020514;1004314530078;90578066;508024020179603;;N;;14.65;20.19;;;;CMED_ICMS17;20260508;20;PF0=12.16|PF12=13.82|PF18=14.83|PF19=15.01|PF20=15.2|PF21=15.39|PF22=15.59|PMC0=16.76|PMC12=19.05|PMC18=20.44|PMC19=20.69|PMC20=20.95|PMC21=21.21|PMC22=21.49|PMVG17=11.5|PMVG18=11.64|PMVG20=11.93
CMED;20260508;medicamento;536214100006003;;;ZYDUS NIKKHO FARMACÊUTICA LTDA;GABALLON;50 MG + 50 MG + 2 MG + 4 MG + 4 MG COM CT BL AL PLAS PVC/ACLAR OPC X 20;"CLORIDRATO DE TIAMINA;PANTOTENATO DE CÁLCIO;ÁCIDO GAMAMINOBUTÍRICO;CLORIDRATO DE PIRIDOXINA;CLORIDRATO DE LISINA";7897460401347;1565100400037;90324960;536214100006003;;N;;36.16;48.51;;;;CMED_ICMS17;20260508;20;PF0=30.01|PF12=34.1|PF18=36.6|PF19=37.05|PF20=37.51|PF21=37.99|PF22=38.47|PMC0=40.26|PMC12=45.74|PMC18=49.1|PMC19=49.7|PMC20=50.32|PMC21=50.96|PMC22=51.61|PMVG17=28.37|PMVG18=28.72|PMVG20=29.43
CMED;20260508;medicamento;536221120013903;;;ZYDUS NIKKHO FARMACÊUTICA LTDA;GABALLON;50 MG + 50 MG + 2 MG + 4 MG + 4 MG COM CT BL AL PLAS PVC/ACLAR OPC X 60;"CLORIDRATO DE TIAMINA;PANTOTENATO DE CÁLCIO;ÁCIDO GAMAMINOBUTÍRICO;CLORIDRATO DE PIRIDOXINA;CLORIDRATO DE LISINA";7897460401804;1565100400045;90526678;536221120013903;;N;;108.49;145.54;;;;CMED_ICMS17;20260508;20;PF0=90.05|PF12=102.33|PF18=109.82|PF19=111.17|PF20=112.56|PF21=113.99|PF22=115.45|PMC0=120.8|PMC12=137.27|PMC18=147.32|PMC19=149.13|PMC20=151|PMC21=152.91|PMC22=154.87|PMVG17=85.13|PMVG18=86.18|PMVG20=88.33
CMED;20260508;medicamento;531622100096603;;;EMS SIGMA PHARMA LTDA;GABANEURIN;600MG COM REV CT BL AL PLAS PVC/PVDC OPC X 30;GABAPENTINA;7894916517782;1356907430058;90548841;531622100096603;;N;;210.55;290.22;;;;CMED_ICMS17;20260508;20;PF0=174.76|PF12=198.59|PF18=213.12|PF19=215.75|PF20=218.45|PF21=221.22|PF22=224.05|PMC0=240.89|PMC12=273.74|PMC18=293.76|PMC19=297.39|PMC20=301.11|PMC21=304.93|PMC22=308.83|PMVG17=165.22|PMVG18=167.23|PMVG20=171.42
CMED;20260508;medicamento;531622100096703;;;EMS SIGMA PHARMA LTDA;GABANEURIN;600MG COM REV CT BL AL PLAS PVC/PVDC OPC X 54;GABAPENTINA;7894916517799;1356907430066;90548850;531622100096703;;N;;378.98;522.38;;;;CMED_ICMS17;20260508;20;PF0=314.55|PF12=357.44|PF18=383.6|PF19=388.33|PF20=393.19|PF21=398.16|PF22=403.27|PMC0=433.57|PMC12=492.69|PMC18=528.75|PMC19=535.27|PMC20=541.97|PMC21=548.82|PMC22=555.87|PMVG17=297.39|PMVG18=301.01|PMVG20=308.54
CMED;20260508;medicamento;531622100096803;;;EMS SIGMA PHARMA LTDA;GABANEURIN;600MG COM REV CT BL AL PLAS PVC/PVDC OPC X 6;GABAPENTINA;7894916517751;1356907430015;90548809;531622100096803;;N;;42.11;58.04;;;;CMED_ICMS17;20260508;20;PF0=34.95|PF12=39.72|PF18=42.62|PF19=43.15|PF20=43.69|PF21=44.24|PF22=44.81|PMC0=48.17|PMC12=54.75|PMC18=58.75|PMC19=59.48|PMC20=60.22|PMC21=60.98|PMC22=61.77|PMVG17=33.04|PMVG18=33.44|PMVG20=34.28
CMED;20260508;medicamento;531622100096903;;;EMS SIGMA PHARMA LTDA;GABANEURIN;600MG COM REV CT BL AL PLAS PVC/PVDC OPC X 9;GABAPENTINA;7894916517768;1356907430023;90548817;531622100096903;;N;;63.17;87.07;;;;CMED_ICMS17;20260508;20;PF0=52.43|PF12=59.58|PF18=63.94|PF19=64.73|PF20=65.54|PF21=66.37|PF22=67.22|PMC0=72.27|PMC12=82.12|PMC18=88.13|PMC19=89.22|PMC20=90.34|PMC21=91.48|PMC22=92.66|PMVG17=49.57|PMVG18=50.17|PMVG20=51.43
CMED;20260508;medicamento;531622100097003;;;EMS SIGMA PHARMA LTDA;GABANEURIN;600MG COM REV CT BL AL PLAS PVC/PVDC OPC X 18;GABAPENTINA;7894916517775;1356907430031;90548825;531622100097003;;N;;126.33;174.13;;;;CMED_ICMS17;20260508;20;PF0=104.85|PF12=119.15|PF18=127.87|PF19=129.44|PF20=131.06|PF21=132.72|PF22=134.42|PMC0=144.52|PMC12=164.24|PMC18=176.26|PMC19=178.42|PMC20=180.65|PMC21=182.94|PMC22=185.28|PMVG17=99.13|PMVG18=100.34|PMVG20=102.84
CMED;20260508;medicamento;531622100097107;;;EMS SIGMA PHARMA LTDA;GABANEURIN;300 MG CAP DURA CT BL AL PLAS OPC X 30;GABAPENTINA;7894916503556;1356907440037;90548868;531622100097107;;N;;77.17;106.37;;;;CMED_ICMS17;20260508;20;PF0=64.05|PF12=72.78|PF18=78.11|PF19=79.07|PF20=80.06|PF21=81.08|PF22=82.12|PMC0=88.29|PMC12=100.32|PMC18=107.67|PMC19=108.99|PMC20=110.35|PMC21=111.76|PMC22=113.19
CMED;20260508;medicamento;531622100097207;;;EMS SIGMA PHARMA LTDA;GABANEURIN;400 MG CAP DURA CT BL AL PLAS OPC X 30;GABAPENTINA;7894916503563;1356907440096;90548876;531622100097207;;N;;98.61;135.92;;;;CMED_ICMS17;20260508;20;PF0=81.85|PF12=93.01|PF18=99.82|PF19=101.05|PF20=102.31|PF21=103.61|PF22=104.94|PMC0=112.82|PMC12=128.2|PMC18=137.59|PMC19=139.29|PMC20=141.02|PMC21=142.82|PMC22=144.65
CMED;20260508;medicamento;531622100097307;;;EMS SIGMA PHARMA LTDA;GABANEURIN;600MG COM REV CT BL AL PLAS PVC/PVDC OPC X 27;GABAPENTINA;7894916506847;1356907430041;90548833;531622100097307;;N;;189.49;261.19;;;;CMED_ICMS17;20260508;20;PF0=157.28|PF12=178.73|PF18=191.8|PF19=194.17|PF20=196.6|PF21=199.09|PF22=201.64|PMC0=216.79|PMC12=246.36|PMC18=264.38|PMC19=267.64|PMC20=270.99|PMC21=274.42|PMC22=277.94|PMVG17=148.69|PMVG18=150.5|PMVG20=154.27
CMED;20260508;medicamento;531622110097403;;;EMS SIGMA PHARMA LTDA;GABANEURIN;300 MG CAP DURA CT BL AL PLAS OPC X 10;GABAPENTINA;7894916517874;1356907440010;90558170;531622110097403;;N;;25.72;35.45;;;;CMED_ICMS17;20260508;20;PF0=21.35|PF12=24.26|PF18=26.04|PF19=26.36|PF20=26.69|PF21=27.03|PF22=27.37|PMC0=29.43|PMC12=33.44|PMC18=35.89|PMC19=36.33|PMC20=36.79|PMC21=37.26|PMC22=37.73
CMED;20260508;medicamento;531622110097503;;;EMS SIGMA PHARMA LTDA;GABANEURIN;300 MG CAP DURA CT BL AL PLAS OPC X 20;GABAPENTINA;7894916517881;1356907440029;90558189;531622110097503;;N;;51.45;70.92;;;;CMED_ICMS17;20260508;20;PF0=42.7|PF12=48.52|PF18=52.07|PF19=52.72|PF20=53.38|PF21=54.05|PF22=54.74|PMC0=58.86|PMC12=66.88|PMC18=71.77|PMC19=72.67|PMC20=73.58|PMC21=74.5|PMC22=75.45
CMED;20260508;medicamento;531622110097603;;;EMS SIGMA PHARMA LTDA;GABANEURIN;300 MG CAP DURA CT BL AL PLAS OPC X 40;GABAPENTINA;7894916517898;1356907440045;90558197;531622110097603;;N;;102.89;141.82;;;;CMED_ICMS17;20260508;20;PF0=85.4|PF12=97.05|PF18=104.15|PF19=105.43|PF20=106.75|PF21=108.1|PF22=109.49|PMC0=117.72|PMC12=133.77|PMC18=143.56|PMC19=145.32|PMC20=147.14|PMC21=149|PMC22=150.92
CMED;20260508;medicamento;531622110097703;;;EMS SIGMA PHARMA LTDA;GABANEURIN;300 MG CAP DURA CT BL AL PLAS OPC X 60;GABAPENTINA;7894916517904;1356907440053;90558200;531622110097703;;N;;154.35;212.76;;;;CMED_ICMS17;20260508;20;PF0=128.11|PF12=145.58|PF18=156.23|PF19=158.16|PF20=160.14|PF21=162.16|PF22=164.24|PMC0=176.59|PMC12=200.67|PMC18=215.35|PMC19=218.01|PMC20=220.74|PMC21=223.52|PMC22=226.39
CMED;20260508;medicamento;531622110097803;;;EMS SIGMA PHARMA LTDA;GABANEURIN;400 MG CAP DURA CT BL AL PLAS OPC X 10;GABAPENTINA;7894916517911;1356907440071;90558219;531622110097803;;N;;32.87;45.31;;;;CMED_ICMS17;20260508;20;PF0=27.28|PF12=31|PF18=33.27|PF19=33.68|PF20=34.1|PF21=34.53|PF22=34.97|PMC0=37.6|PMC12=42.73|PMC18=45.86|PMC19=46.42|PMC20=47|PMC21=47.6|PMC22=48.2
CMED;20260508;medicamento;531622110097903;;;EMS SIGMA PHARMA LTDA;GABANEURIN;400 MG CAP DURA CT BL AL PLAS OPC X 20;GABAPENTINA;7894916517928;1356907440088;90558227;531622110097903;;N;;65.75;90.63;;;;CMED_ICMS17;20260508;20;PF0=54.57|PF12=62.01|PF18=66.55|PF19=67.37|PF20=68.21|PF21=69.08|PF22=69.96|PMC0=75.22|PMC12=85.47|PMC18=91.73|PMC19=92.86|PMC20=94.02|PMC21=95.22|PMC22=96.43
CMED;20260508;medicamento;531622110098003;;;EMS SIGMA PHARMA LTDA;GABANEURIN;400 MG CAP DURA CT BL AL PLAS OPC X 40;GABAPENTINA;7894916517935;1356907440101;90558235;531622110098003;;N;;131.51;181.27;;;;CMED_ICMS17;20260508;20;PF0=109.15|PF12=124.03|PF18=133.11|PF19=134.75|PF20=136.44|PF21=138.16|PF22=139.94|PMC0=150.45|PMC12=170.96|PMC18=183.48|PMC19=185.74|PMC20=188.07|PMC21=190.44|PMC22=192.89
CMED;20260508;medicamento;531622110098103;;;EMS SIGMA PHARMA LTDA;GABANEURIN;400 MG CAP DURA CT BL AL PLAS OPC X 60;GABAPENTINA;7894916517942;1356907440118;90558243;531622110098103;;N;;197.25;271.89;;;;CMED_ICMS17;20260508;20;PF0=163.72|PF12=186.05|PF18=199.66|PF19=202.12|PF20=204.65|PF21=207.24|PF22=209.9|PMC0=225.67|PMC12=256.45|PMC18=275.21|PMC19=278.6|PMC20=282.09|PMC21=285.66|PMC22=289.33
CMED;20260508;medicamento;500113070013906;;;AUROBINDO PHARMA INDÚSTRIA FARMACÊUTICA LIMITADA;GABAPENTINA;300 MG CAP DURA CT BL AL AL X 30;GABAPENTINA;7898361882020;1516700420022;90279034;500113070013906;S;N;;71.07;97.96;;;;CMED_ICMS17;20260508;20;PF0=58.99|PF12=67.03|PF18=71.94|PF19=72.83|PF20=73.74|PF21=74.67|PF22=75.63|PMC0=81.31|PMC12=92.39|PMC18=99.16|PMC19=100.39|PMC20=101.64|PMC21=102.92|PMC22=104.25
CMED;20260508;medicamento;504121030070917;;;BIOLAB SANUS FARMACEUTICA LTDA;GABAPENTINA;300 MG CAP DURA CT BL AL PLAS TRANS X 30;GABAPENTINA;7898146820582;1097402910034;90506766;504121030070917;S;N;;89.87;123.88;;;;CMED_ICMS17;20260508;20;PF0=74.59|PF12=84.76|PF18=90.96|PF19=92.09|PF20=93.24|PF21=94.42|PF22=95.63|PMC0=102.81|PMC12=116.83|PMC18=125.38|PMC19=126.94|PMC20=128.52|PMC21=130.15|PMC22=131.82
CMED;20260508;medicamento;504121030071017;;;BIOLAB SANUS FARMACEUTICA LTDA;GABAPENTINA;400 MG CAP DURA CT BL AL PLAS TRANS X 30;GABAPENTINA;7898146820612;1097402910042;90506774;504121030071017;S;N;;119.43;164.62;;;;CMED_ICMS17;20260508;20;PF0=99.13|PF12=112.65|PF18=120.89|PF19=122.38|PF20=123.91|PF21=125.48|PF22=127.09|PMC0=136.64|PMC12=155.28|PMC18=166.63|PMC19=168.69|PMC20=170.8|PMC21=172.96|PMC22=175.18
CMED;20260508;medicamento;506422010050306;;;CIMED INDUSTRIA S.A;GABAPENTINA;300 MG CAP DURA CT BL AL AL X 30;GABAPENTINA;7896523200262;1438102480026;90526090;506422010050306;S;N;;73.48;101.28;;;;CMED_ICMS17;20260508;20;PF0=60.99|PF12=69.31|PF18=74.38|PF19=75.3|PF20=76.24|PF21=77.2|PF22=78.19|PMC0=84.07|PMC12=95.54|PMC18=102.53|PMC19=103.79|PMC20=105.09|PMC21=106.41|PMC22=107.78
CMED;20260508;medicamento;507736801110116;;;EMS S/A;GABAPENTINA;300 MG CAP DURA CT BL AL PLAS OPC X 30;GABAPENTINA;7896004713250;1023507580030;90056671;507736801110116;S;N;;121.86;167.97;;;;CMED_ICMS17;20260508;20;PF0=101.14|PF12=114.93|PF18=123.34|PF19=124.86|PF20=126.43|PF21=128.03|PF22=129.67|PMC0=139.41|PMC12=158.42|PMC18=170.01|PMC19=172.11|PMC20=174.27|PMC21=176.48|PMC22=178.74
CMED;20260508;medicamento;507736802117114;;;EMS S/A;GABAPENTINA;400 MG CAP DURA CT BL AL PLAS OPC X 30;GABAPENTINA;7896004713267;1023507580219;90056680;507736802117114;S;N;;148.67;204.93;;;;CMED_ICMS17;20260508;20;PF0=123.4|PF12=140.23|PF18=150.49|PF19=152.35|PF20=154.25|PF21=156.2|PF22=158.21|PMC0=170.09|PMC12=193.29|PMC18=207.43|PMC19=210|PMC20=212.62|PMC21=215.31|PMC22=218.08
CMED;20260508;medicamento;507736803113112;;;EMS S/A;GABAPENTINA;600MG COM REV CT BL AL PLAS PVC/PVDC OPC X 27;GABAPENTINA;7896004727028;1023509650044;90056698;507736803113112;S;N;;175.99;242.58;;;;CMED_ICMS17;20260508;20;PF0=146.07|PF12=165.99|PF18=178.13|PF19=180.33|PF20=182.59|PF21=184.9|PF22=187.27|PMC0=201.34|PMC12=228.8|PMC18=245.53|PMC19=248.57|PMC20=251.68|PMC21=254.87|PMC22=258.13|PMVG17=138.1|PMVG18=139.78|PMVG20=143.28
CMED;20260508;medicamento;508025080192506;;;EUROFARMA LABORATORIOS S.A.;GABAPENTINA;300 MG CAP DURA CT BL AL PLAS TRANS X 30;GABAPENTINA;7891317043278;1004315300033;90611969;508025080192506;S;N;;73.48;101.28;;;;CMED_ICMS17;20260508;20;PF0=60.99|PF12=69.31|PF18=74.38|PF19=75.3|PF20=76.24|PF21=77.2|PF22=78.19|PMC0=84.07|PMC12=95.54|PMC18=102.53|PMC19=103.79|PMC20=105.09|PMC21=106.41|PMC22=107.78|PMVG17=57.66|PMVG18=58.37|PMVG20=59.83
CMED;20260508;medicamento;508025080192606;;;EUROFARMA LABORATORIOS S.A.;GABAPENTINA;400 MG CAP DURA CT BL AL PLAS TRANS X 30;GABAPENTINA;7891317043285;1004315300041;90611977;508025080192606;S;N;;85.51;117.87;;;;CMED_ICMS17;20260508;20;PF0=70.97|PF12=80.65|PF18=86.55|PF19=87.62|PF20=88.71|PF21=89.84|PF22=90.99|PMC0=97.82|PMC12=111.17|PMC18=119.3|PMC19=120.78|PMC20=122.28|PMC21=123.84|PMC22=125.42|PMVG17=67.1|PMVG18=67.92|PMVG20=69.61
CMED;20260508;medicamento;510016030044006;;;FUNDAÇÃO PARA O REMÉDIO POPULAR - FURP;GABAPENTINA;300 MG CAP DURA CT BL AL PLAS OPC X 60;GABAPENTINA;7895005807562;1103902010057;90336917;510016030044006;S;S;;;;;;;CMED_ICMS17;20260508;20;PF0=197.45
CMED;20260508;medicamento;510016030044106;;;FUNDAÇÃO PARA O REMÉDIO POPULAR - FURP;GABAPENTINA;400 MG CAP DURA CT BL AL PLAS OPC X 60;GABAPENTINA;7895005807579;1103902010235;90336925;510016030044106;S;S;;;;;;;CMED_ICMS17;20260508;20;PF0=240.48
CMED;20260508;medicamento;511516090063506;;;SANDOZ DO BRASIL INDÚSTRIA FARMACÊUTICA LTDA;GABAPENTINA;300 MG CAP DURA CT BL AL PLAS TRANS X 30;GABAPENTINA;7897595622358;1004705940029;90363493;511516090063506;S;N;;64.37;88.73;;;;CMED_ICMS17;20260508;20;PF0=53.43|PF12=60.72|PF18=65.16|PF19=65.96|PF20=66.79|PF21=67.63|PF22=68.5|PMC0=73.65|PMC12=83.7|PMC18=89.82|PMC19=90.92|PMC20=92.06|PMC21=93.22|PMC22=94.42
CMED;20260508;medicamento;526122060155106;;;GERMED FARMACEUTICA LTDA;GABAPENTINA;400 MG CAP DURA CT BL AL PLAS OPC X 20;GABAPENTINA;7896004785080;1058310060084;90539885;526122060155106;S;N;;81.02;111.68;;;;CMED_ICMS17;20260508;20;PF0=67.25|PF12=76.42|PF18=82.01|PF19=83.02|PF20=84.06|PF21=85.13|PF22=86.22|PMC0=92.7|PMC12=105.34|PMC18=113.04|PMC19=114.43|PMC20=115.87|PMC21=117.34|PMC22=118.85
CMED;20260508;medicamento;526122060155206;;;GERMED FARMACEUTICA LTDA;GABAPENTINA;400 MG CAP DURA CT BL AL PLAS OPC X 10;GABAPENTINA;7896004785073;1058310060076;90539877;526122060155206;S;N;;40.52;55.85;;;;CMED_ICMS17;20260508;20;PF0=33.63|PF12=38.22|PF18=41.01|PF19=41.52|PF20=42.04|PF21=42.57|PF22=43.12|PMC0=46.36|PMC12=52.68|PMC18=56.53|PMC19=57.23|PMC20=57.95|PMC21=58.68|PMC22=59.44
CMED;20260508;medicamento;526122060155306;;;GERMED FARMACEUTICA LTDA;GABAPENTINA;400 MG CAP DURA CT BL AL PLAS OPC X 40;GABAPENTINA;7896004785097;1058310060106;90539893;526122060155306;S;N;;162.07;223.4;;;;CMED_ICMS17;20260508;20;PF0=134.52|PF12=152.86|PF18=164.05|PF19=166.07|PF20=168.15|PF21=170.28|PF22=172.46|PMC0=185.42|PMC12=210.7|PMC18=226.13|PMC19=228.91|PMC20=231.78|PMC21=234.71|PMC22=237.72
CMED;20260508;medicamento;526122060155406;;;GERMED FARMACEUTICA LTDA;GABAPENTINA;400 MG CAP DURA CT BL AL PLAS OPC X 60;GABAPENTINA;7896004785103;1058310060114;90539907;526122060155406;S;N;;243.11;335.1;;;;CMED_ICMS17;20260508;20;PF0=201.78|PF12=229.3|PF18=246.07|PF19=249.11|PF20=252.23|PF21=255.42|PF22=258.69|PMC0=278.13|PMC12=316.07|PMC18=339.18|PMC19=343.37|PMC20=347.67|PMC21=352.07|PMC22=356.58
CMED;20260508;medicamento;526122060155506;;;GERMED FARMACEUTICA LTDA;GABAPENTINA;300 MG CAP DURA CT BL AL PLAS OPC X 10;GABAPENTINA;7896004785035;1058310060017;90539834;526122060155506;S;N;;30.57;42.14;;;;CMED_ICMS17;20260508;20;PF0=25.37|PF12=28.83|PF18=30.94|PF19=31.32|PF20=31.71|PF21=32.11|PF22=32.53|PMC0=34.97|PMC12=39.74|PMC18=42.65|PMC19=43.17|PMC20=43.71|PMC21=44.26|PMC22=44.84
CMED;20260508;medicamento;526122060155606;;;GERMED FARMACEUTICA LTDA;GABAPENTINA;300 MG CAP DURA CT BL AL PLAS OPC X 20;GABAPENTINA;7896004785042;1058310060025;90539842;526122060155606;S;N;;61.16;84.3;;;;CMED_ICMS17;20260508;20;PF0=50.76|PF12=57.68|PF18=61.9|PF19=62.67|PF20=63.45|PF21=64.25|PF22=65.08|PMC0=69.97|PMC12=79.51|PMC18=85.32|PMC19=86.38|PMC20=87.46|PMC21=88.56|PMC22=89.71
CMED;20260508;medicamento;526122060155706;;;GERMED FARMACEUTICA LTDA;GABAPENTINA;300 MG CAP DURA CT BL AL PLAS OPC X 40;GABAPENTINA;7896004785059;1058310060041;90539850;526122060155706;S;N;;122.3;168.58;;;;CMED_ICMS17;20260508;20;PF0=101.51|PF12=115.35|PF18=123.79|PF19=125.32|PF20=126.89|PF21=128.49|PF22=130.14|PMC0=139.92|PMC12=159|PMC18=170.63|PMC19=172.74|PMC20=174.9|PMC21=177.11|PMC22=179.38
CMED;20260508;medicamento;526122060155806;;;GERMED FARMACEUTICA LTDA;GABAPENTINA;300 MG CAP DURA CT BL AL PLAS OPC X 60;GABAPENTINA;7896004785066;1058310060051;90539869;526122060155806;S;N;;183.46;252.88;;;;CMED_ICMS17;20260508;20;PF0=152.27|PF12=173.03|PF18=185.7|PF19=187.99|PF20=190.34|PF21=192.75|PF22=195.22|PMC0=209.89|PMC12=238.5|PMC18=255.97|PMC19=259.12|PMC20=262.36|PMC21=265.69|PMC22=269.09
CMED;20260508;medicamento;526122090163406;;;GERMED FARMACEUTICA LTDA;GABAPENTINA;600MG COM REV CT BL AL PLAS PVC/PVDC OPC X 6;GABAPENTINA;7896004786865;1058310190018;90546580;526122090163406;S;N;;39.11;53.91;;;;CMED_ICMS17;20260508;20;PF0=32.46|PF12=36.89|PF18=39.59|PF19=40.07|PF20=40.58|PF21=41.09|PF22=41.62|PMC0=44.74|PMC12=50.85|PMC18=54.57|PMC19=55.23|PMC20=55.94|PMC21=56.64|PMC22=57.37|PMVG17=30.69|PMVG18=31.07|PMVG20=31.84
CMED;20260508;medicamento;526122090163506;;;GERMED FARMACEUTICA LTDA;GABAPENTINA;600MG COM REV CT BL AL PLAS PVC/PVDC OPC X 9;GABAPENTINA;7896004786872;1058310190026;90546598;526122090163506;S;N;;58.65;80.84;;;;CMED_ICMS17;20260508;20;PF0=48.68|PF12=55.32|PF18=59.37|PF19=60.1|PF20=60.85|PF21=61.62|PF22=62.41|PMC0=67.1|PMC12=76.25|PMC18=81.84|PMC19=82.84|PMC20=83.88|PMC21=84.94|PMC22=86.03|PMVG17=46.02|PMVG18=46.59|PMVG20=47.75
CMED;20260508;medicamento;526122090163606;;;GERMED FARMACEUTICA LTDA;GABAPENTINA;600MG COM REV CT BL AL PLAS PVC/PVDC OPC X 18;GABAPENTINA;7896004786889;1058310190034;90546601;526122090163606;S;N;;117.31;161.7;;;;CMED_ICMS17;20260508;20;PF0=97.37|PF12=110.65|PF18=118.74|PF19=120.21|PF20=121.71|PF21=123.25|PF22=124.83|PMC0=134.21|PMC12=152.52|PMC18=163.67|PMC19=165.7|PMC20=167.76|PMC21=169.89|PMC22=172.07|PMVG17=92.05|PMVG18=93.17|PMVG20=95.51
CMED;20260508;medicamento;526122090163706;;;GERMED FARMACEUTICA LTDA;GABAPENTINA;600MG COM REV CT BL AL PLAS PVC/PVDC OPC X 30;GABAPENTINA;7896004786896;1058310190050;90546610;526122090163706;S;N;;195.51;269.49;;;;CMED_ICMS17;20260508;20;PF0=162.27|PF12=184.4|PF18=197.89|PF19=200.33|PF20=202.84|PF21=205.41|PF22=208.04|PMC0=223.67|PMC12=254.18|PMC18=272.77|PMC19=276.13|PMC20=279.59|PMC21=283.14|PMC22=286.76|PMVG17=153.42|PMVG18=155.28|PMVG20=159.17
CMED;20260508;medicamento;526122090163806;;;GERMED FARMACEUTICA LTDA;GABAPENTINA;600MG COM REV CT BL AL PLAS PVC/PVDC OPC X 54;GABAPENTINA;7896004786902;1058310190069;90546628;526122090163806;S;N;;351.93;485.1;;;;CMED_ICMS17;20260508;20;PF0=292.1|PF12=331.93|PF18=356.22|PF19=360.62|PF20=365.13|PF21=369.75|PF22=374.49|PMC0=402.63|PMC12=457.53|PMC18=491.01|PMC19=497.08|PMC20=503.29|PMC21=509.66|PMC22=516.2|PMVG17=276.16|PMVG18=279.53|PMVG20=286.52
CMED;20260508;medicamento;526122090163906;;;GERMED FARMACEUTICA LTDA;GABAPENTINA;600MG COM REV CT BL AL PLAS PVC/PVDC OPC X 100;GABAPENTINA;7896004786919;1058310190077;90546636;526122090163906;S;N;;651.71;898.31;;;;CMED_ICMS17;20260508;20;PF0=540.92|PF12=614.68|PF18=659.66|PF19=667.8|PF20=676.15|PF21=684.71|PF22=693.49|PMC0=745.6|PMC12=847.27|PMC18=909.27|PMC19=920.49|PMC20=932|PMC21=943.8|PMC22=955.9|PMVG17=511.4|PMVG18=517.64|PMVG20=530.57
CMED;20260508;medicamento;526122110168307;;;GERMED FARMACEUTICA LTDA;GABAPENTINA;600MG COM REV CT BL AL PLAS PVC/PVDC OPC X 27;GABAPENTINA;7896004727035;1058310190042;90553683;526122110168307;S;N;;175.99;242.58;;;;CMED_ICMS17;20260508;20;PF0=146.07|PF12=165.99|PF18=178.13|PF19=180.33|PF20=182.59|PF21=184.9|PF22=187.27|PMC0=201.34|PMC12=228.8|PMC18=245.53|PMC19=248.57|PMC20=251.68|PMC21=254.87|PMC22=258.13|PMVG17=138.1|PMVG18=139.78|PMVG20=143.28
CMED;20260508;medicamento;526124100183207;;;GERMED FARMACEUTICA LTDA;GABAPENTINA;300 MG CAP DURA CT BL AL PLAS OPC X 30;GABAPENTINA;7896004713274;1058310060033;90593960;526124100183207;S;N;;91.72;126.43;;;;CMED_ICMS17;20260508;20;PF0=76.13|PF12=86.51|PF18=92.84|PF19=93.99|PF20=95.16|PF21=96.37|PF22=97.6|PMC0=104.94|PMC12=119.25|PMC18=127.97|PMC19=129.56|PMC20=131.17|PMC21=132.84|PMC22=134.53
CMED;20260508;medicamento;526126602110114;;;GERMED FARMACEUTICA LTDA;GABAPENTINA;400 MG CAP DURA CT BL AL PLAS OPC X 30;GABAPENTINA;7896004713281;1058304320185;90084632;526126602110114;S;N;;121.55;167.54;;;;CMED_ICMS17;20260508;20;PF0=100.89|PF12=114.65|PF18=123.04|PF19=124.56|PF20=126.11|PF21=127.71|PF22=129.35|PMC0=139.07|PMC12=158.03|PMC18=169.6|PMC19=171.69|PMC20=173.83|PMC21=176.03|PMC22=178.3
CMED;20260508;medicamento;527919060035506;;;PHARLAB INDÚSTRIA FARMACÊUTICA S.A.;GABAPENTINA;300 MG CAP DURA CT BL AL AL X 30;GABAPENTINA;7898216360482;1410706150021;90436881;527919060035506;S;N;;114.14;157.33;;;;CMED_ICMS17;20260508;20;PF0=94.74|PF12=107.66|PF18=115.54|PF19=116.96|PF20=118.43|PF21=119.92|PF22=121.46|PMC0=130.59|PMC12=148.4|PMC18=159.26|PMC19=161.22|PMC20=163.24|PMC21=165.3|PMC22=167.42
CMED;20260508;medicamento;528513040121906;;;PRATI DONADUZZI & CIA LTDA;GABAPENTINA;300 MG CAP DURA CT BL AL PLAS TRANS X 60;GABAPENTINA;7899547514322;1256802380038;90275012;528513040121906;S;N;;229.53;316.38;;;;CMED_ICMS17;20260508;20;PF0=190.51|PF12=216.49|PF18=232.33|PF19=235.2|PF20=238.14|PF21=241.15|PF22=244.24|PMC0=262.6|PMC12=298.41|PMC18=320.24|PMC19=324.2|PMC20=328.25|PMC21=332.4|PMC22=336.66
CMED;20260508;medicamento;528513040122006;;;PRATI DONADUZZI & CIA LTDA;GABAPENTINA;300 MG CAP DURA CT BL AL PLAS TRANS X 300;GABAPENTINA;7899547514346;1256802380054;90275020;528513040122006;S;S;;1147.78;;;;;CMED_ICMS17;20260508;20;PF0=952.66|PF12=1082.57|PF18=1161.78|PF19=1176.12|PF20=1190.83|PF21=1205.9|PF22=1221.36
CMED;20260508;medicamento;528513040122106;;;PRATI DONADUZZI & CIA LTDA;GABAPENTINA;300 MG CAP DURA CT BL AL PLAS TRANS X 30;GABAPENTINA;7899547514315;1256802380021;90275004;528513040122106;S;N;;114.92;158.41;;;;CMED_ICMS17;20260508;20;PF0=95.38|PF12=108.39|PF18=116.32|PF19=117.75|PF20=119.23|PF21=120.73|PF22=122.28|PMC0=131.47|PMC12=149.4|PMC18=160.34|PMC19=162.31|PMC20=164.35|PMC21=166.41|PMC22=168.55
CMED;20260508;medicamento;528513040122206;;;PRATI DONADUZZI & CIA LTDA;GABAPENTINA;400 MG CAP DURA CT BL AL PLAS TRANS X 30;GABAPENTINA;7899547514377;1256802380089;90275039;528513040122206;S;N;;139.89;192.82;;;;CMED_ICMS17;20260508;20;PF0=116.11|PF12=131.94|PF18=141.6|PF19=143.35|PF20=145.14|PF21=146.97|PF22=148.86|PMC0=160.05|PMC12=181.87|PMC18=195.18|PMC19=197.59|PMC20=200.06|PMC21=202.58|PMC22=205.19
CMED;20260508;medicamento;528513040122306;;;PRATI DONADUZZI & CIA LTDA;GABAPENTINA;400 MG CAP DURA CT BL AL PLAS TRANS X 60;GABAPENTINA;7899547514384;1256802380097;90275047;528513040122306;S;N;;278.92;384.46;;;;CMED_ICMS17;20260508;20;PF0=231.5|PF12=263.07|PF18=282.32|PF19=285.8|PF20=289.38|PF21=293.04|PF22=296.79|PMC0=319.1|PMC12=362.61|PMC18=389.15|PMC19=393.95|PMC20=398.88|PMC21=403.93|PMC22=409.09
CMED;20260508;medicamento;528513040122406;;;PRATI DONADUZZI & CIA LTDA;GABAPENTINA;400 MG CAP DURA CT BL AL PLAS TRANS X 300;GABAPENTINA;7899547514407;1256802380119;90275055;528513040122406;S;S;;1394.7;;;;;CMED_ICMS17;20260508;20;PF0=1157.6|PF12=1315.45|PF18=1411.71|PF19=1429.14|PF20=1447|PF21=1465.32|PF22=1484.1
CMED;20260508;medicamento;538813801116110;;;LEGRAND PHARMA INDUSTRIA FARMACEUTICA LTDA;GABAPENTINA;300 MG CAP DURA CT BL AL PLAS OPC X 30;GABAPENTINA;7894916142588;1677302780035;90244729;538813801116110;S;N;;115.9;159.76;;;;CMED_ICMS17;20260508;20;PF0=96.2|PF12=109.32|PF18=117.32|PF19=118.77|PF20=120.25|PF21=121.77|PF22=123.33|PMC0=132.6|PMC12=150.69|PMC18=161.71|PMC19=163.71|PMC20=165.75|PMC21=167.85|PMC22=170
CMED;20260508;medicamento;552920020114717;;;ACHÉ LABORATÓRIOS FARMACÊUTICOS S.A;GABAPENTINA;300 MG CAP DURA CT BL AL PLAS PVC/PVDC TRANS X 30;GABAPENTINA;7896181904946;1057306260017;90449460;552920020114717;S;N;;129.88;179.03;;;;CMED_ICMS17;20260508;20;PF0=107.8|PF12=122.5|PF18=131.46|PF19=133.09|PF20=134.75|PF21=136.46|PF22=138.21|PMC0=148.59|PMC12=168.85|PMC18=181.2|PMC19=183.45|PMC20=185.74|PMC21=188.1|PMC22=190.51
CMED;20260508;medicamento;538902602151316;;;BAYER S.A.;GADOVIST;604,72 MG/ML SOL INJ IV CT FA VD TRANS X 15 ML;GADOBUTROL;7891106905046;1705600510027;90246055;538902602151316;;S;;530.45;;;;;CMED_ICMS17;20260508;20;PF0=440.27|PF12=500.31|PF18=536.91|PF19=543.54|PF20=550.34|PF21=557.3|PF22=564.45|PMVG17=416.24|PMVG18=421.31|PMVG20=431.85
CMED;20260508;medicamento;538918120028803;;;BAYER S.A.;GADOVIST;604,72 MG/ML SOL INJ IV CT FA VD TRANS X 7,5 ML;GADOBUTROL;7891106905039;1705600510019;90416457;538918120028803;;S;;272.63;;;;;CMED_ICMS17;20260508;20;PF0=226.28|PF12=257.14|PF18=275.95|PF19=279.36|PF20=282.85|PF21=286.43|PF22=290.1|PMVG17=213.93|PMVG18=216.54|PMVG20=221.95
CMED;20260508;medicamento;538924110034803;;;BAYER S.A.;GADOVIST;604,72 MG/ML SOL INJ IV CT FA VD TRANS X 30 ML;GADOBUTROL;7891106915946;1705600510035;90599160;538924110034803;;S;;1060.79;;;;;CMED_ICMS17;20260508;20;PF0=880.46|PF12=1000.52|PF18=1073.73|PF19=1086.99|PF20=1100.58|PF21=1114.51|PF22=1128.79|PMVG17=832.4|PMVG18=842.56|PMVG20=863.63
CMED;20260508;medicamento;552919020075304;;;ACHÉ LABORATÓRIOS FARMACÊUTICOS S.A;GAESO;20 MG COM REV LIB RETARD CT BL AL AL X 14;ESOMEPRAZOL MAGNÉSICO;7896658034473;1057305310037;90432096;552919020075304;;N;;70.51;97.19;;;;CMED_ICMS17;20260508;20;PF0=58.52|PF12=66.5|PF18=71.37|PF19=72.25|PF20=73.15|PF21=74.08|PF22=75.03|PMC0=80.66|PMC12=91.66|PMC18=98.38|PMC19=99.59|PMC20=100.83|PMC21=102.11|PMC22=103.42|PMVG17=55.33|PMVG18=56|PMVG20=57.4
CMED;20260508;medicamento;552919020075404;;;ACHÉ LABORATÓRIOS FARMACÊUTICOS S.A;GAESO;20 MG COM REV LIB RETARD CT BL AL AL X 28;ESOMEPRAZOL MAGNÉSICO;7896658034466;1057305310045;90432100;552919020075404;;N;;141.07;194.45;;;;CMED_ICMS17;20260508;20;PF0=117.09|PF12=133.06|PF18=142.79|PF19=144.56|PF20=146.36|PF21=148.22|PF22=150.12|PMC0=161.4|PMC12=183.41|PMC18=196.82|PMC19=199.26|PMC20=201.74|PMC21=204.31|PMC22=206.92|PMVG17=110.7|PMVG18=112.05|PMVG20=114.85
CMED;20260508;medicamento;552919020075504;;;ACHÉ LABORATÓRIOS FARMACÊUTICOS S.A;GAESO;40 MG COM REV LIB RETARD CT BL AL AL X 14;ESOMEPRAZOL MAGNÉSICO;7896658034428;1057305310134;90432118;552919020075504;;N;;148.99;205.37;;;;CMED_ICMS17;20260508;20;PF0=123.66|PF12=140.52|PF18=150.8|PF19=152.67|PF20=154.58|PF21=156.53|PF22=158.54|PMC0=170.45|PMC12=193.69|PMC18=207.86|PMC19=210.44|PMC20=213.07|PMC21=215.76|PMC22=218.53|PMVG17=116.91|PMVG18=118.33|PMVG20=121.3
CMED;20260508;medicamento;552919020075604;;;ACHÉ LABORATÓRIOS FARMACÊUTICOS S.A;GAESO;40 MG COM REV LIB RETARD CT BL AL AL X 28;ESOMEPRAZOL MAGNÉSICO;7896658034435;1057305310142;90432126;552919020075604;;N;;298.01;410.78;;;;CMED_ICMS17;20260508;20;PF0=247.35|PF12=281.08|PF18=301.65|PF19=305.37|PF20=309.19|PF21=313.1|PF22=317.12|PMC0=340.95|PMC12=387.44|PMC18=415.79|PMC19=420.92|PMC20=426.19|PMC21=431.58|PMC22=437.12|PMVG17=233.85|PMVG18=236.71|PMVG20=242.62
CMED;20260508;medicamento;552920040122007;;;ACHÉ LABORATÓRIOS FARMACÊUTICOS S.A;GAESO;20 MG COM REV LIB RETARD CT BL AL AL X 7;ESOMEPRAZOL MAGNÉSICO;7896658035562;1057305310010;90459199;552920040122007;;N;;35.23;48.56;;;;CMED_ICMS17;20260508;20;PF0=29.24|PF12=33.23|PF18=35.66|PF19=36.1|PF20=36.55|PF21=37.01|PF22=37.49|PMC0=40.3|PMC12=45.8|PMC18=49.15|PMC19=49.76|PMC20=50.38|PMC21=51.01|PMC22=51.68|PMVG17=27.64|PMVG18=27.98|PMVG20=28.68
CMED;20260508;medicamento;552920040122107;;;ACHÉ LABORATÓRIOS FARMACÊUTICOS S.A;GAESO;40 MG COM REV LIB RETARD CT BL AL AL X 7;ESOMEPRAZOL MAGNÉSICO;7896658035579;1057305310118;90459202;552920040122107;;N;;74.47;102.65;;;;CMED_ICMS17;20260508;20;PF0=61.81|PF12=70.24|PF18=75.38|PF19=76.31|PF20=77.26|PF21=78.24|PF22=79.24|PMC0=85.2|PMC12=96.82|PMC18=103.9|PMC19=105.19|PMC20=106.49|PMC21=107.85|PMC22=109.22|PMVG17=58.44|PMVG18=59.15|PMVG20=60.63
CMED;20260508;medicamento;576121060000417;;;PINT PHARMA PRODUTOS MEDICO-HOSPITALARES E FARMACEUTICOS LTDA;GALAFOLD;123 MG CAP DURA CT BL AL PLAS PVC/PCTFE TRANS X 14;CLORIDRATO DE MIGALASTATE;7898994740957;1390000030015;90515846;576121060000417;;N;;72337.59;97038.3;;;;CMED_ICMS17;20260508;20;PF0=60040.21|PF12=68227.53|PF18=73219.76|PF19=74123.72|PF20=75050.26|PF21=76000.28|PF22=76974.61|PMC0=80541.8|PMC12=91524.8|PMC18=98221.7|PMC19=99434.33|PMC20=100677.25|PMC21=101951.67|PMC22=103258.7|PMVG17=56763.31|PMVG18=57455.55|PMVG20=58891.94
CMED;20260508;medicamento;515120090012607;;;KLEY HERTZ FARMACEUTICA S.A;GALENOGAL ELIXIR;40 MG/ML SOL OR CT FR PLAS PET AMB X 150 ML;SALIX ALBA L.;7896331707403;1068901580028;90488741;515120090012607;;N;;47.37;63.55;;;;CMED_ICMS17;20260508;20;PF0=39.32|PF12=44.68|PF18=47.95|PF19=48.54|PF20=49.15|PF21=49.77|PF22=50.41|PMC0=52.75|PMC12=59.94|PMC18=64.32|PMC19=65.11|PMC20=65.93|PMC21=66.76|PMC22=67.62|PMVG17=37.17|PMVG18=37.63|PMVG20=38.57
CMED;20260508;medicamento;526528901112315;;;NOVARTIS BIOCIENCIAS S.A;GALVUS;50 MG COM CT BL AL/AL X 28;VILDAGLIPTINA;7896261012929;1006810500031;90170733;526528901112315;;N;;99.33;136.92;;;;CMED_ICMS17;20260508;20;PF0=82.44|PF12=93.68|PF18=100.54|PF19=101.78|PF20=103.05|PF21=104.35|PF22=105.69|PMC0=113.63|PMC12=129.13|PMC18=138.58|PMC19=140.29|PMC20=142.04|PMC21=143.84|PMC22=145.68|PMVG17=77.94|PMVG18=78.89|PMVG20=80.86
CMED;20260508;medicamento;526528903115311;;;NOVARTIS BIOCIENCIAS S.A;GALVUS;50 MG COM CT BL AL/AL X 56;VILDAGLIPTINA;7896261012936;1006810500048;90170741;526528903115311;;N;;198.67;273.85;;;;CMED_ICMS17;20260508;20;PF0=164.9|PF12=187.39|PF18=201.1|PF19=203.58|PF20=206.13|PF21=208.73|PF22=211.41|PMC0=227.3|PMC12=258.3|PMC18=277.2|PMC19=280.61|PMC20=284.13|PMC21=287.71|PMC22=291.41|PMVG17=155.9|PMVG18=157.8|PMVG20=161.75
CMED;20260508;medicamento;526528904111212;;;NOVARTIS BIOCIENCIAS S.A;GALVUS;50 MG COM CT BL AL/AL X 14;VILDAGLIPTINA;7896261012998;1006810500021;90170725;526528904111212;;N;;49.65;68.44;;;;CMED_ICMS17;20260508;20;PF0=41.21|PF12=46.83|PF18=50.26|PF19=50.88|PF20=51.51|PF21=52.16|PF22=52.83|PMC0=56.8|PMC12=64.55|PMC18=69.28|PMC19=70.13|PMC20=71|PMC21=71.9|PMC22=72.82|PMVG17=38.96|PMVG18=39.44|PMVG20=40.42
CMED;20260508;medicamento;526529901116319;;;NOVARTIS BIOCIENCIAS S.A;GALVUS MET;50 MG + 500 MG COM REV CT BL AL/AL X 56;"VILDAGLIPTINA;CLORIDRATO DE METFORMINA";7896261016248;1006810590063;90170792;526529901116319;;N;;191.19;263.54;;;;CMED_ICMS17;20260508;20;PF0=158.69|PF12=180.33|PF18=193.52|PF19=195.91|PF20=198.36|PF21=200.87|PF22=203.45|PMC0=218.74|PMC12=248.57|PMC18=266.75|PMC19=270.04|PMC20=273.42|PMC21=276.88|PMC22=280.43|PMVG17=150.03|PMVG18=151.85|PMVG20=155.65
CMED;20260508;medicamento;526529902112317;;;NOVARTIS BIOCIENCIAS S.A;GALVUS MET;50 MG + 1000 MG COM REV CT BL AL/AL X 56;"VILDAGLIPTINA;CLORIDRATO DE METFORMINA";7896261016262;1006810590268;90170768;526529902112317;;N;;191.19;263.54;;;;CMED_ICMS17;20260508;20;PF0=158.69|PF12=180.33|PF18=193.52|PF19=195.91|PF20=198.36|PF21=200.87|PF22=203.45|PMC0=218.74|PMC12=248.57|PMC18=266.75|PMC19=270.04|PMC20=273.42|PMC21=276.88|PMC22=280.43|PMVG17=150.03|PMVG18=151.85|PMVG20=155.65
CMED;20260508;medicamento;526529903119315;;;NOVARTIS BIOCIENCIAS S.A;GALVUS MET;50 MG + 850 MG COM REV CT BL AL/AL X 56;"VILDAGLIPTINA;CLORIDRATO DE METFORMINA";7896261016255;1006810590160;90170822;526529903119315;;N;;191.19;263.54;;;;CMED_ICMS17;20260508;20;PF0=158.69|PF12=180.33|PF18=193.52|PF19=195.91|PF20=198.36|PF21=200.87|PF22=203.45|PMC0=218.74|PMC12=248.57|PMC18=266.75|PMC19=270.04|PMC20=273.42|PMC21=276.88|PMC22=280.43|PMVG17=150.03|PMVG18=151.85|PMVG20=155.65
CMED;20260508;medicamento;526529907114318;;;NOVARTIS BIOCIENCIAS S.A;GALVUS MET;50 MG + 1000 MG COM REV CT BL AL/AL X 14;"VILDAGLIPTINA;CLORIDRATO DE METFORMINA";7896261017146;1006810590233;90170750;526529907114318;;N;;47.78;65.86;;;;CMED_ICMS17;20260508;20;PF0=39.66|PF12=45.07|PF18=48.37|PF19=48.96|PF20=49.58|PF21=50.2|PF22=50.85|PMC0=54.67|PMC12=62.12|PMC18=66.67|PMC19=67.49|PMC20=68.34|PMC21=69.2|PMC22=70.09|PMVG17=37.49|PMVG18=37.96|PMVG20=38.91
CMED;20260508;medicamento;526529909117314;;;NOVARTIS BIOCIENCIAS S.A;GALVUS MET;50 MG + 850 MG COM REV CT BL AL/AL X 14;"VILDAGLIPTINA;CLORIDRATO DE METFORMINA";7896261017139;1006810590136;90170814;526529909117314;;N;;47.78;65.86;;;;CMED_ICMS17;20260508;20;PF0=39.66|PF12=45.07|PF18=48.37|PF19=48.96|PF20=49.58|PF21=50.2|PF22=50.85|PMC0=54.67|PMC12=62.12|PMC18=66.67|PMC19=67.49|PMC20=68.34|PMC21=69.2|PMC22=70.09|PMVG17=37.49|PMVG18=37.96|PMVG20=38.91
CMED;20260508;medicamento;510913010003503;;;GRIFOLS BRASIL LTDA;GAMA ANTI-D GRIFOLS;750 UI/ML SOL INJ CX SER PREENCH X 2 ML + AGULHA;IMUNOGLOBULINA ANTI-D;8435308346789;1364100040031;90276663;510913010003503;;S;;308.71;;;;;CMED_ICMS17;20260508;20;PF0=256.23|PF12=291.17|PF18=312.48|PF19=316.33|PF20=320.29|PF21=324.34|PF22=328.5|PMVG17=242.24|PMVG18=245.2|PMVG20=251.33
CMED;20260508;medicamento;510913010003603;;;GRIFOLS BRASIL LTDA;GAMA ANTI-HEPATITE B GRIFOLS;100 UI SOL INJ CX AMP VD INC X 0,5 ML + SER + AGU;IMUNOGLOBULINA HUMANA ANTI-HEPATITE B;8435308346901;1364100050061;90276698;510913010003603;;S;;187.3;;;;;CMED_ICMS17;20260508;20;PF0=155.46|PF12=176.66|PF18=189.59|PF19=191.93|PF20=194.33|PF21=196.78|PF22=199.31|PMVG17=146.97|PMVG18=148.77|PMVG20=152.49
CMED;20260508;medicamento;510913010003803;;;GRIFOLS BRASIL LTDA;GAMA ANTI-HEPATITE B GRIFOLS;1000 UI SOL INJ CX AMP VD INC X 5 ML + SER + AGU;IMUNOGLOBULINA HUMANA ANTI-HEPATITE B;8435308346802;1364100050043;90276671;510913010003803;;S;;1872.3;;;;;CMED_ICMS17;20260508;20;PF0=1554.01|PF12=1765.92|PF18=1895.13|PF19=1918.53|PF20=1942.51|PF21=1967.1|PF22=1992.32|PMVG17=1469.19|PMVG18=1487.11|PMVG20=1524.29
CMED;20260508;medicamento;510912050002403;;;GRIFOLS BRASIL LTDA;GAMA ANTI-TETANO GRIFOLS;250 UI/ML SOL. INJ. CX. SERINGA X 1 ML + AGULHA;IMUNOGLOBULINA ANTITETÂNICA;8435308346581;1364100080031;90227212;510912050002403;;S;;89.88;;;;;CMED_ICMS17;20260508;20;PF0=74.6|PF12=84.77|PF18=90.98|PF19=92.1|PF20=93.25|PF21=94.43|PF22=95.64|PMVG17=70.53|PMVG18=71.39|PMVG20=73.17
CMED;20260508;medicamento;510919120005707;;;GRIFOLS BRASIL LTDA;GAMAGLOBULINA IM GRIFOLS;320 MG SOL INJ CX AMP VD INC X 2 ML + SER + AGU;IMUNOGLOBULINA HUMANA;8435308346680;1364100060030;90442792;510919120005707;;S;;157.69;;;;;CMED_ICMS17;20260508;20;PF0=130.88|PF12=148.73|PF18=159.61|PF19=161.58|PF20=163.6|PF21=165.67|PF22=167.79|PMVG17=123.74|PMVG18=125.25|PMVG20=128.38
CMED;20260508;medicamento;511420080009007;;;HERBARIUM LABORATORIO BOTANICO LTDA;GAMALINE V;900 MG CAP MOLE CT BL AL PLAS PVDC TRANS X 15;BORAGO OFFICINALIS L.;7896083400607;1186000610045;90479335;511420080009007;;N;;89.99;120.72;;;;CMED_ICMS17;20260508;20;PF0=74.69|PF12=84.88|PF18=91.09|PF19=92.21|PF20=93.36|PF21=94.54|PF22=95.76|PMC0=100.19|PMC12=113.86|PMC18=122.19|PMC19=123.7|PMC20=125.24|PMC21=126.82|PMC22=128.46|PMVG17=70.62|PMVG18=71.48|PMVG20=73.26
CMED;20260508;medicamento;511420080009107;;;HERBARIUM LABORATORIO BOTANICO LTDA;GAMALINE V;900 MG CAP MOLE CT BL AL PLAS PVDC TRANS X 30;BORAGO OFFICINALIS L.;7896083402557;1186000610053;90479343;511420080009107;;N;;145;194.51;;;;CMED_ICMS17;20260508;20;PF0=120.35|PF12=136.76|PF18=146.77|PF19=148.58|PF20=150.44|PF21=152.34|PF22=154.29|PMC0=161.45|PMC12=183.46|PMC18=196.89|PMC19=199.31|PMC20=201.81|PMC21=204.36|PMC22=206.97|PMVG17=113.78|PMVG18=115.17|PMVG20=118.05
CMED;20260508;medicamento;511324060009707;;;INFAN INDUSTRIA QUIMICA FARMACEUTICA NACIONAL S/A;GAMAX;980 MG CAP GEL MOLE CT BL AL PLAS TRANS X 15;BORAGO OFFICINALIS L.;7896685300626;1155700570011;90584015;511324060009707;;N;;79.3;106.38;;;;CMED_ICMS17;20260508;20;PF0=65.82|PF12=74.8|PF18=80.27|PF19=81.26|PF20=82.28|PF21=83.32|PF22=84.38|PMC0=88.3|PMC12=100.34|PMC18=107.68|PMC19=109.01|PMC20=110.38|PMC21=111.77|PMC22=113.19|PMVG17=62.23|PMVG18=62.99|PMVG20=64.57
CMED;20260508;medicamento;511324060009807;;;INFAN INDUSTRIA QUIMICA FARMACEUTICA NACIONAL S/A;GAMAX;980 MG CAP GEL MOLE CT BL AL PLAS TRANS X 30;BORAGO OFFICINALIS L.;7896685301234;1155700570021;90584023;511324060009807;;N;;128.55;172.45;;;;CMED_ICMS17;20260508;20;PF0=106.7|PF12=121.25|PF18=130.12|PF19=131.73|PF20=133.38|PF21=135.06|PF22=136.79|PMC0=143.13|PMC12=162.65|PMC18=174.55|PMC19=176.71|PMC20=178.92|PMC21=181.18|PMC22=183.5|PMVG17=100.87|PMVG18=102.1|PMVG20=104.66
CMED;20260508;medicamento;510918060005007;;;GRIFOLS BRASIL LTDA;GAMUNEX;5G SOL INJETAVEL FA 50ML;IMUNOGLOBULINA HUMANA;0313533001568;1364100110038;90402499;510918060005007;;S;;3674.26;;;;;CMED_ICMS17;20260508;20;PF0=3049.64|PF12=3465.5|PF18=3719.07|PF19=3764.99|PF20=3812.05|PF21=3860.3|PF22=3909.79
CMED;20260508;medicamento;533022090080703;;;UNIÃO QUÍMICA FARMACÊUTICA NACIONAL S/A;GANCICLOTRAT;500 MG PO LIOF SOL INJ CT FA VD TRANS + DIL X 10ML;GANCICLOVIR SÓDICO;7896006206569;1049702510023;90544021;533022090080703;;S;;287.98;;;;;CMED_ICMS17;20260508;20;PF0=239.02|PF12=271.61|PF18=291.49|PF19=295.09|PF20=298.78|PF21=302.56|PF22=306.44|PMVG17=225.98|PMVG18=228.73|PMVG20=234.45
CMED;20260508;medicamento;508021090142506;;;EUROFARMA LABORATORIOS S.A.;GANCICLOVIR SODICO;500 MG PO LIOF SOL INFUS IV CT 50 FA VD TRANS;GANCICLOVIR SÓDICO;7891317009830;1004307620075;90518004;508021090142506;S;S;;9362.97;;;;;CMED_ICMS17;20260508;20;PF0=7771.27|PF12=8830.99|PF18=9477.16|PF19=9594.16|PF20=9714.09|PF21=9837.05|PF22=9963.16|PMVG17=7347.12|PMVG18=7436.73|PMVG20=7622.65
CMED;20260508;medicamento;501006301134319;;;ALLERGAN PRODUTOS FARMACÊUTICOS LTDA;GANFORT;0,3 MG/ML + 5,0 MG/ML SOL OFT CT FR GOT PLAS OPC X 3,0 ML;"MALEATO ÁCIDO DE TIMOLOL;BIMATOPROSTA";7897316805053;1014701710026;90006682;501006301134319;;N;;125.13;172.48;;;;CMED_ICMS17;20260508;20;PF0=103.86|PF12=118.02|PF18=126.66|PF19=128.22|PF20=129.83|PF21=131.47|PF22=133.15|PMC0=143.16|PMC12=162.68|PMC18=174.59|PMC19=176.74|PMC20=178.96|PMC21=181.22|PMC22=183.53|PMVG17=98.19|PMVG18=99.39|PMVG20=101.88
CMED;20260508;medicamento;501006303171319;;;ALLERGAN PRODUTOS FARMACÊUTICOS LTDA;GANFORT;0,3 MG/ML + 5,0 MG/ML SOL OFT CT FR GOT PLAS OPC X 5,0 ML;"MALEATO ÁCIDO DE TIMOLOL;BIMATOPROSTA";7897316805237;1014701710042;90006704;501006303171319;;N;;208.59;287.52;;;;CMED_ICMS17;20260508;20;PF0=173.13|PF12=196.74|PF18=211.13|PF19=213.74|PF20=216.41|PF21=219.15|PF22=221.96|PMC0=238.64|PMC12=271.19|PMC18=291.02|PMC19=294.62|PMC20=298.3|PMC21=302.08|PMC22=305.95|PMVG17=163.68|PMVG18=165.67|PMVG20=169.82
CMED;20260508;medicamento;501018100013803;;;ALLERGAN PRODUTOS FARMACÊUTICOS LTDA;GANFORT;(0,3 + 5,0) MG/ML SOL OFT CT ENVOL 30 FLAC PLAS PEBD TRANS X 0,4 ML;"MALEATO ÁCIDO DE TIMOLOL;BIMATOPROSTA";7897316806081;1014701710077;90394291;501018100013803;;N;;500.54;689.94;;;;CMED_ICMS17;20260508;20;PF0=415.45|PF12=472.1|PF18=506.65|PF19=512.9|PF20=519.31|PF21=525.89|PF22=532.63|PMC0=572.65|PMC12=650.74|PMC18=698.36|PMC19=706.98|PMC20=715.81|PMC21=724.88|PMC22=734.17|PMVG17=392.77|PMVG18=397.57|PMVG20=407.5
CMED;20260508;medicamento;504402201110417;;;BLAU FARMACEUTICA S.A.;GANVIRAX;250 MG CAP DURA CT FR PLAS OPC X 40;GANCICLOVIR;7896014677009;1163700370013;90031610;504402201110417;;N;;1943.64;2679.11;;;;CMED_ICMS17;20260508;20;PF0=1613.22|PF12=1833.21|PF18=1967.34|PF19=1991.63|PF20=2016.53|PF21=2042.05|PF22=2068.23|PMC0=2223.66|PMC12=2526.89|PMC18=2711.77|PMC19=2745.25|PMC20=2779.58|PMC21=2814.75|PMC22=2850.84|PMVG17=1525.17|PMVG18=1543.77|PMVG20=1582.37
CMED;20260508;medicamento;528520020166907;;;PRATI DONADUZZI & CIA LTDA;GAPEM;300 MG CAP DURA CT BL AL PLAS TRANS X 30;GABAPENTINA;7899547533613;1256802960026;90446909;528520020166907;;N;;114.83;158.28;;;;CMED_ICMS17;20260508;20;PF0=95.31|PF12=108.31|PF18=116.23|PF19=117.67|PF20=119.14|PF21=120.65|PF22=122.19|PMC0=131.37|PMC12=149.29|PMC18=160.21|PMC19=162.2|PMC20=164.22|PMC21=166.3|PMC22=168.43
CMED;20260508;medicamento;528520020167007;;;PRATI DONADUZZI & CIA LTDA;GAPEM;300 MG CAP DURA CT BL AL PLAS TRANS X 60;GABAPENTINA;7899547533620;1256802960034;90446917;528520020167007;;N;;229.53;316.38;;;;CMED_ICMS17;20260508;20;PF0=190.51|PF12=216.49|PF18=232.33|PF19=235.2|PF20=238.14|PF21=241.15|PF22=244.24|PMC0=262.6|PMC12=298.41|PMC18=320.24|PMC19=324.2|PMC20=328.25|PMC21=332.4|PMC22=336.66
CMED;20260508;medicamento;528520020167107;;;PRATI DONADUZZI & CIA LTDA;GAPEM;400 MG CAP DURA CT BL AL PLAS TRANS X 30;GABAPENTINA;7899547533675;1256802960085;90446925;528520020167107;;N;;139.59;192.41;;;;CMED_ICMS17;20260508;20;PF0=115.86|PF12=131.66|PF18=141.29|PF19=143.04|PF20=144.83|PF21=146.66|PF22=148.54|PMC0=159.7|PMC12=181.48|PMC18=194.75|PMC19=197.17|PMC20=199.63|PMC21=202.16|PMC22=204.75
CMED;20260508;medicamento;528520120178507;;;PRATI DONADUZZI & CIA LTDA;GAPEM;300 MG CAP DURA CT BL AL PLAS TRANS X 15;GABAPENTINA;7899547533606;1256802960018;90497430;528520120178507;;N;;57.39;79.11;;;;CMED_ICMS17;20260508;20;PF0=47.63|PF12=54.13|PF18=58.09|PF19=58.8|PF20=59.54|PF21=60.29|PF22=61.06|PMC0=65.65|PMC12=74.61|PMC18=80.07|PMC19=81.05|PMC20=82.07|PMC21=83.1|PMC22=84.16
CMED;20260508;medicamento;569925120016504;;;CAMBER FARMACEUTICA LTDA;GAPOBAK;500 MG PO LIOF SOL INJ IV CT FA VD TRANS;DAPTOMICINA;7908101202053;1650700450017;90619811;569925120016504;;S;;283.2;;;;;CMED_ICMS17;20260508;20;PF0=235.06|PF12=267.11|PF18=286.66|PF19=290.2|PF20=293.83|PF21=297.54|PF22=301.36|PMVG17=222.23|PMVG18=224.94|PMVG20=230.57
CMED;20260508;medicamento;569925120016604;;;CAMBER FARMACEUTICA LTDA;GAPOBAK;500 MG PO LIOF SOL INJ IV CT 5 FA VD TRANS;DAPTOMICINA;7908101202084;1650700450033;90619820;569925120016604;;S;;1416;;;;;CMED_ICMS17;20260508;20;PF0=1175.28|PF12=1335.55|PF18=1433.27|PF19=1450.96|PF20=1469.1|PF21=1487.7|PF22=1506.77|PMVG17=1111.14|PMVG18=1124.69|PMVG20=1152.8
CMED;20260508;medicamento;540916110024503;;;COSMED INDUSTRIA DE COSMETICOS E MEDICAMENTOS S.A.;GARASONE;1 MG/ML + 3MG/ML SOL OTO/OFT CT FR PLAS TRANS GOT X 20 ML;"SULFATO DE GENTAMICINA;FOSFATO DISSÓDICO DE BETAMETASONA";7891142202833;1781707940083;90371801;540916110024503;;N;;23.7;32.67;;;;CMED_ICMS17;20260508;20;PF0=19.67|PF12=22.35|PF18=23.99|PF19=24.28|PF20=24.59|PF21=24.9|PF22=25.22|PMC0=27.11|PMC12=30.81|PMC18=33.07|PMC19=33.47|PMC20=33.89|PMC21=34.32|PMC22=34.76|PMVG17=18.6|PMVG18=18.83|PMVG20=19.3
CMED;20260508;medicamento;527322040019017;;;MERCK SHARP & DOHME FARMACEUTICA LTDA.;GARDASIL;SUS INJ CT 01 SER PREENCH VD INC X 0,5 ML;"PARTÍCULA SEMELHANTE A VÍRUS DE PROTEÍNA L1 DO HPV DO TIPO 16;PARTÍCULA SEMELHANTE A VÍRUS DE PROTEÍNA L1 DO HPV DO TIPO 18;PARTÍCULA SEMELHANTE A VÍRUS DE PROTEÍNA L1 DO HPV DO TIPO 6;PARTÍCULA SEMELHANTE A VÍRUS DE PROTEÍNA L1 DO HPV DO TIPO 11";7897572020627;1017102110050;90537017;527322040019017;;N;;690.61;951.93;;;;CMED_ICMS17;20260508;20;PF0=573.21|PF12=651.38|PF18=699.04|PF19=707.67|PF20=716.51|PF21=725.58|PF22=734.88|PMC0=790.11|PMC12=897.86|PMC18=963.55|PMC19=975.45|PMC20=987.63|PMC21=1000.14|PMC22=1012.96
CMED;20260508;medicamento;527322040019217;;;MERCK SHARP & DOHME FARMACEUTICA LTDA.;GARDASIL 9;SUS INJ CT 1 SER PREENCH VD INC X 0,5 ML;"PARTÍCULA SEMELHANTE A VÍRUS DE PROTEÍNA L1 DO HPV DO TIPO 58;PARTÍCULA SEMELHANTE A VÍRUS DE PROTEÍNA L1 DO HPV DO TIPO 16;PARTÍCULA SEMELHANTE A VÍRUS DE PROTEÍNA L1 DO HPV DO TIPO 18;PARTÍCULA SEMELHANTE A VÍRUS DE PROTEÍNA L1 DO HPV DO TIPO 6;PARTÍCULA SEMELHANTE A VÍRUS DE PROTEÍNA L1 DO HPV DO TIPO 31;PARTÍCULA SEMELHANTE A VÍRUS DE PROTEÍNA L1 DO HPV DO TIPO 52;PARTÍCULA SEMELHANTE A VÍRUS DE PROTEÍNA L1 DO HPV DO TIPO 33;PARTÍCULA SEMELHANTE A VÍRUS DE PROTEÍNA L1 DO HPV DO TIPO 11;PARTÍCULA SEMELHANTE A VÍRUS DE PROTEÍNA L1 DO HPV DO TIPO 45";7897572020634;1017102120021;90537033;527322040019217;;N;;818.69;1098.24;;;;CMED_ICMS17;20260508;20;PF0=679.51|PF12=772.17|PF18=828.67|PF19=838.9|PF20=849.39|PF21=860.14|PF22=871.17|PMC0=911.54|PMC12=1035.84|PMC18=1111.63|PMC19=1125.35|PMC20=1139.43|PMC21=1153.85|PMC22=1168.64
CMED;20260508;medicamento;527925040047617;;;PHARLAB INDÚSTRIA FARMACÊUTICA S.A.;GARDENAL;40 MG/ML SOL OR PED CT FR VD AMB GOT X 20 ML;FENOBARBITAL;7898216368051;1410706580034;90606094;527925040047617;;N;;10.57;14.57;;;;CMED_ICMS17;20260508;20;PF0=8.77|PF12=9.97|PF18=10.7|PF19=10.83|PF20=10.96|PF21=11.1|PF22=11.24|PMC0=12.09|PMC12=13.74|PMC18=14.75|PMC19=14.93|PMC20=15.11|PMC21=15.3|PMC22=15.49|PMVG17=8.29|PMVG18=8.4|PMVG20=8.6
CMED;20260508;medicamento;527925040047717;;;PHARLAB INDÚSTRIA FARMACÊUTICA S.A.;GARDENAL;50 MG COM CT BL AL PLAS TRANS X 20;FENOBARBITAL;7898216368044;1410706580018;90606078;527925040047717;;N;;8.48;11.69;;;;CMED_ICMS17;20260508;20;PF0=7.04|PF12=8|PF18=8.59|PF19=8.69|PF20=8.8|PF21=8.91|PF22=9.03|PMC0=9.7|PMC12=11.03|PMC18=11.84|PMC19=11.98|PMC20=12.13|PMC21=12.28|PMC22=12.45|PMVG17=6.65|PMVG18=6.74|PMVG20=6.91
CMED;20260508;medicamento;527925040047817;;;PHARLAB INDÚSTRIA FARMACÊUTICA S.A.;GARDENAL;100 MG COM CT BL AL PLAS TRANS X 20;FENOBARBITAL;7898216368037;1410706580026;90606086;527925040047817;;N;;10.27;14.16;;;;CMED_ICMS17;20260508;20;PF0=8.52|PF12=9.68|PF18=10.39|PF19=10.52|PF20=10.65|PF21=10.78|PF22=10.92|PMC0=11.74|PMC12=13.34|PMC18=14.32|PMC19=14.5|PMC20=14.68|PMC21=14.86|PMC22=15.05|PMVG17=8.06|PMVG18=8.15|PMVG20=8.36
CMED;20260508;medicamento;503422030025807;;;BELFAR LTDA;GARGOJUICE;1,5 MG/ML COLUT SPR CT FR VD INC NEB X 30 ML;CLORIDRATO DE BENZIDAMINA;7897917002790;1057100070077;90262891;503422030025807;;N;;12.53;16.81;;;;CMED_ICMS17;20260508;20;PF0=10.4|PF12=11.82|PF18=12.68|PF19=12.84|PF20=13|PF21=13.16|PF22=13.33|PMC0=13.95|PMC12=15.86|PMC18=17.01|PMC19=17.22|PMC20=17.44|PMC21=17.65|PMC22=17.88|PMVG17=9.83|PMVG18=9.95|PMVG20=10.2
CMED;20260508;medicamento;503422030025907;;;BELFAR LTDA;GARGOJUICE;3 MG PAS CT STR X 12;CLORIDRATO DE BENZIDAMINA;7897917000314;1057100070069;90262883;503422030025907;;N;;10.81;14.5;;;;CMED_ICMS17;20260508;20;PF0=8.97|PF12=10.19|PF18=10.94|PF19=11.07|PF20=11.21|PF21=11.35|PF22=11.5|PMC0=12.03|PMC12=13.67|PMC18=14.68|PMC19=14.85|PMC20=15.04|PMC21=15.23|PMC22=15.43|PMVG17=8.48|PMVG18=8.58|PMVG20=8.8
CMED;20260508;medicamento;527920090038307;;;PHARLAB INDÚSTRIA FARMACÊUTICA S.A.;GASCOL PEP;(178+ 185+ 230) MG / 5 G PO EFEV CT ENV AL PLAS X 50(SABOR ABACAXI);"CARBONATO DE CÁLCIO;HIDRÓXIDO DE ALUMÍNIO;HIDRÓXIDO DE MAGNÉSIO";7898216361724;1410706310126;90479661;527920090038307;;N;;104.1;139.65;;;;CMED_ICMS17;20260508;20;PF0=86.4|PF12=98.18|PF18=105.37|PF19=106.67|PF20=108|PF21=109.37|PF22=110.77|PMC0=115.9|PMC12=131.7|PMC18=141.35|PMC19=143.09|PMC20=144.88|PMC21=146.72|PMC22=148.59|PMVG17=81.69|PMVG18=82.68|PMVG20=84.75
CMED;20260508;medicamento;527920090038407;;;PHARLAB INDÚSTRIA FARMACÊUTICA S.A.;GASCOL PEP;(178+ 185+ 230) MG / 5 G PO EFEV CT ENV AL PLAS X 50(SABOR NATURAL);"CARBONATO DE CÁLCIO;HIDRÓXIDO DE ALUMÍNIO;HIDRÓXIDO DE MAGNÉSIO";7898216361915;1410706310142;90479670;527920090038407;;N;;104.1;139.65;;;;CMED_ICMS17;20260508;20;PF0=86.4|PF12=98.18|PF18=105.37|PF19=106.67|PF20=108|PF21=109.37|PF22=110.77|PMC0=115.9|PMC12=131.7|PMC18=141.35|PMC19=143.09|PMC20=144.88|PMC21=146.72|PMC22=148.59|PMVG17=81.69|PMVG18=82.68|PMVG20=84.75
CMED;20260508;medicamento;557823090002407;;;BIONATUS LABORATÓRIO BOTÂNICO LTDA;GASTRILESS;380 MG CAP DURA CT BL AL PLAS TRANS X 45;MAYTENUS ILICIFOLIA MART.EX.REISS;7896108002021;1200900360028;90567323;557823090002407;;N;;45.22;60.66;;;;CMED_ICMS17;20260508;20;PF0=37.53|PF12=42.65|PF18=45.77|PF19=46.33|PF20=46.91|PF21=47.51|PF22=48.12|PMC0=50.35|PMC12=57.21|PMC18=61.4|PMC19=62.15|PMC20=62.93|PMC21=63.73|PMC22=64.55|PMVG17=35.48|PMVG18=35.92|PMVG20=36.81
CMED;20260508;medicamento;557824110002707;;;BIONATUS LABORATÓRIO BOTÂNICO LTDA;GASTRILESS;380 MG CAP DURA CX BL AL PLAS TRANS X 600;MAYTENUS ILICIFOLIA MART.EX.REISS;7896108022081;1200900360060;90600339;557824110002707;;N;;867.47;1163.68;;;;CMED_ICMS17;20260508;20;PF0=720|PF12=818.18|PF18=878.05|PF19=888.89|PF20=900|PF21=911.39|PF22=923.08|PMC0=965.85|PMC12=1097.56|PMC18=1177.87|PMC19=1192.41|PMC20=1207.32|PMC21=1222.6|PMC22=1238.28|PMVG17=680.7|PMVG18=689.01|PMVG20=706.23
CMED;20260508;medicamento;581220050001207;;;LABORATORIO VITALAB LTDA;GASTRINON;400 MG CAP DURA CT BL AL PLAS PVC TRANS X 45;MAYTENUS ILICIFOLIA MART.EX.REISS;7896874700831;1540000430079;90474015;581220050001207;;N;;43.84;58.81;;;;CMED_ICMS17;20260508;20;PF0=36.39|PF12=41.35|PF18=44.38|PF19=44.93|PF20=45.49|PF21=46.06|PF22=46.65|PMC0=48.82|PMC12=55.47|PMC18=59.53|PMC19=60.27|PMC20=61.02|PMC21=61.79|PMC22=62.58|PMVG17=34.4|PMVG18=34.83|PMVG20=35.7
CMED;20260508;medicamento;500513010047503;;;ACHÉ LABORATÓRIOS FARMACÊUTICOS S.A;GASTRIUM;40 MG CAP DURA LIB RETARD CT FR PLAS PE OPC X 7;OMEPRAZOL;7896658021008;1057302160174;90263197;500513010047503;;N;;54.14;74.63;;;;CMED_ICMS17;20260508;20;PF0=44.94|PF12=51.07|PF18=54.8|PF19=55.48|PF20=56.18|PF21=56.89|PF22=57.62|PMC0=61.95|PMC12=70.39|PMC18=75.54|PMC19=76.47|PMC20=77.44|PMC21=78.42|PMC22=79.42|PMVG17=42.48|PMVG18=43|PMVG20=44.09
CMED;20260508;medicamento;500513010047603;;;ACHÉ LABORATÓRIOS FARMACÊUTICOS S.A;GASTRIUM;40 MG CAP DURA LIB RETARD CT FR PLAS PE OPC X 28;OMEPRAZOL;7896658021022;1057302160190;90263200;500513010047603;;N;;216.61;298.57;;;;CMED_ICMS17;20260508;20;PF0=179.79|PF12=204.31|PF18=219.26|PF19=221.96|PF20=224.74|PF21=227.58|PF22=230.5|PMC0=247.82|PMC12=281.62|PMC18=302.23|PMC19=305.95|PMC20=309.78|PMC21=313.7|PMC22=317.72|PMVG17=169.97|PMVG18=172.05|PMVG20=176.35
CMED;20260508;medicamento;528112070014804;;;PHARMASCIENCE INDUSTRIA FARMACEUTICA S.A;GASTROFTAL;(178+ 185+ 230) MG / 5 G PO EFEV CT ENV AL PLAS X 50(SABOR ABACAXI);"CARBONATO DE CÁLCIO;HIDRÓXIDO DE ALUMÍNIO;HIDRÓXIDO DE MAGNÉSIO";7898014563269;1171700210157;90271157;528112070014804;;N;;121.12;162.48;;;;CMED_ICMS17;20260508;20;PF0=100.53|PF12=114.24|PF18=122.6|PF19=124.11|PF20=125.66|PF21=127.25|PF22=128.88|PMC0=134.86|PMC12=153.25|PMC18=164.46|PMC19=166.49|PMC20=168.57|PMC21=170.7|PMC22=172.89|PMVG17=95.04|PMVG18=96.2|PMVG20=98.6
CMED;20260508;medicamento;528112070015004;;;PHARMASCIENCE INDUSTRIA FARMACEUTICA S.A;GASTROFTAL;(178+ 185+ 230) MG / 5 G PO EFEV CT ENV AL PLAS X 50 (SABOR LARANJA);"CARBONATO DE CÁLCIO;HIDRÓXIDO DE ALUMÍNIO;HIDRÓXIDO DE MAGNÉSIO";7898014563283;1171700210191;90271190;528112070015004;;N;;121.12;162.48;;;;CMED_ICMS17;20260508;20;PF0=100.53|PF12=114.24|PF18=122.6|PF19=124.11|PF20=125.66|PF21=127.25|PF22=128.88|PMC0=134.86|PMC12=153.25|PMC18=164.46|PMC19=166.49|PMC20=168.57|PMC21=170.7|PMC22=172.89|PMVG17=95.04|PMVG18=96.2|PMVG20=98.6
CMED;20260508;medicamento;528124100018807;;;PHARMASCIENCE INDUSTRIA FARMACEUTICA S.A;GASTROFTAL;(178 + 185 + 230) MG COM MAST CT BL AL PLAS TRANS X 20;"CARBONATO DE CÁLCIO;HIDROXIDO DE ALUMÍNIO;HIDRÓXIDO DE MAGNÉSIO";7898014560640;1171700210041;90236750;528124100018807;;N;;16.66;22.35;;;;CMED_ICMS17;20260508;20;PF0=13.83|PF12=15.72|PF18=16.87|PF19=17.07|PF20=17.29|PF21=17.51|PF22=17.73|PMC0=18.55|PMC12=21.09|PMC18=22.63|PMC19=22.9|PMC20=23.19|PMC21=23.49|PMC22=23.78|PMVG17=13.07|PMVG18=13.24|PMVG20=13.57
CMED;20260508;medicamento;525118080032104;;;MEDQUIMICA INDUSTRIA FARMACEUTICA LTDA.;GASTROGEL;(153 + 200 + 25) MG COM MAST CT BL AL PLAS PVC TRANS X 20;"SIMETICONA;HIDRÓXIDO DE ALUMÍNIO;HIDRÓXIDO DE MAGNÉSIO";7896862910136;1091700380077;90407202;525118080032104;;N;;16.93;22.71;;;;CMED_ICMS17;20260508;20;PF0=14.05|PF12=15.97|PF18=17.13|PF19=17.35|PF20=17.56|PF21=17.78|PF22=18.01|PMC0=18.85|PMC12=21.42|PMC18=22.98|PMC19=23.27|PMC20=23.56|PMC21=23.85|PMC22=24.16|PMVG17=13.28|PMVG18=13.44|PMVG20=13.78
CMED;20260508;medicamento;525122110034307;;;MEDQUIMICA INDUSTRIA FARMACEUTICA LTDA.;GASTROGEL;(153 + 200 + 25) MG COM MAST CT BL AL PLAS PVC TRANS X 20 (SABOR MENTA);"SIMETICONA;HIDROXIDO DE ALUMÍNIO;HIDRÓXIDO DE MAGNÉSIO";7896862992316;1091700380115;90553985;525122110034307;;N;;16.93;22.71;;;;CMED_ICMS17;20260508;20;PF0=14.05|PF12=15.97|PF18=17.13|PF19=17.35|PF20=17.56|PF21=17.78|PF22=18.01|PMC0=18.85|PMC12=21.42|PMC18=22.98|PMC19=23.27|PMC20=23.56|PMC21=23.85|PMC22=24.16|PMVG17=13.28|PMVG18=13.44|PMVG20=13.78
CMED;20260508;medicamento;504614010018714;;;BRAINFARMA INDÚSTRIA QUÍMICA E FARMACÊUTICA S.A;GASTROL;185 MG + 231,5 MG + 178MG PAS CT BL AL PLAS TRANS X 20;CARBONATO DE CÁLCIO;7896622300443;1558403960011;90292383;504614010018714;;N;;17.66;23.69;;;;CMED_ICMS17;20260508;20;PF0=14.66|PF12=16.66|PF18=17.88|PF19=18.1|PF20=18.33|PF21=18.56|PF22=18.79|PMC0=19.67|PMC12=22.35|PMC18=23.99|PMC19=24.28|PMC20=24.59|PMC21=24.9|PMC22=25.21|PMVG17=13.86|PMVG18=14.03|PMVG20=14.38
CMED;20260508;medicamento;504614030020203;;;BRAINFARMA INDÚSTRIA QUÍMICA E FARMACÊUTICA S.A;GASTROL;185 MG + 231,5 MG + 178MG PAS CT BL AL PLAS TRANS X 200;CARBONATO DE CÁLCIO;7896622302805;1558403960117;90300343;504614030020203;;N;;176.57;236.86;;;;CMED_ICMS17;20260508;20;PF0=146.55|PF12=166.53|PF18=178.72|PF19=180.93|PF20=183.19|PF21=185.51|PF22=187.88|PMC0=196.59|PMC12=223.39|PMC18=239.75|PMC19=242.71|PMC20=245.74|PMC21=248.86|PMC22=252.03|PMVG17=138.55|PMVG18=140.24|PMVG20=143.75
CMED;20260508;medicamento;504616040039417;;;BRAINFARMA INDÚSTRIA QUÍMICA E FARMACÊUTICA S.A;GASTROL;125MG/ML + 50 MG/ML + 180 MG/ML SUS OR CT FR PLAS OPC X 250 ML;"CARBONATO DE CÁLCIO;HIDRÓXIDO DE ALUMÍNIO;HIDRÓXIDO DE MAGNÉSIO";7896622300450;1558403960141;90334701;504616040039417;;N;;27.98;37.53;;;;CMED_ICMS17;20260508;20;PF0=23.22|PF12=26.39|PF18=28.32|PF19=28.67|PF20=29.03|PF21=29.39|PF22=29.77|PMC0=31.15|PMC12=35.4|PMC18=37.99|PMC19=38.46|PMC20=38.94|PMC21=39.43|PMC22=39.94|PMVG17=21.96|PMVG18=22.22|PMVG20=22.78
CMED;20260508;medicamento;504619070074103;;;BRAINFARMA INDÚSTRIA QUÍMICA E FARMACÊUTICA S.A;GASTROL;37 MG/G + 47 MG/G + 35,6 MG/G PO EFEV CT 25 ENV AL X 5 G LIMÃO;"CARBONATO DE CÁLCIO;HIDRÓXIDO DE ALUMÍNIO;HIDRÓXIDO DE MAGNÉSIO";7896094918641;1558403960052;90435443;504619070074103;;N;;76.22;102.25;;;;CMED_ICMS17;20260508;20;PF0=63.26|PF12=71.89|PF18=77.15|PF19=78.1|PF20=79.08|PF21=80.08|PF22=81.1|PMC0=84.86|PMC12=96.44|PMC18=103.49|PMC19=104.77|PMC20=106.08|PMC21=107.42|PMC22=108.79|PMVG17=59.81|PMVG18=60.54|PMVG20=62.06
CMED;20260508;medicamento;504619070074203;;;BRAINFARMA INDÚSTRIA QUÍMICA E FARMACÊUTICA S.A;GASTROL;37 MG/G + 47 MG/G + 35,6 MG/G PO EFEV CT 25 ENV AL X 5 G LARANJA;"CARBONATO DE CÁLCIO;HIDRÓXIDO DE ALUMÍNIO;HIDRÓXIDO DE MAGNÉSIO";7896094918658;1558403960060;90435451;504619070074203;;N;;75.95;101.88;;;;CMED_ICMS17;20260508;20;PF0=63.04|PF12=71.64|PF18=76.88|PF19=77.83|PF20=78.8|PF21=79.8|PF22=80.82|PMC0=84.57|PMC12=96.1|PMC18=103.13|PMC19=104.41|PMC20=105.71|PMC21=107.05|PMC22=108.42|PMVG17=59.6|PMVG18=60.33|PMVG20=61.83
CMED;20260508;medicamento;504619070074303;;;BRAINFARMA INDÚSTRIA QUÍMICA E FARMACÊUTICA S.A;GASTROL;37 MG/G + 47 MG/G + 35,6 MG/G PO EFERV CT 25 ENV AL X 5 G ABACAXI;"CARBONATO DE CÁLCIO;HIDRÓXIDO DE ALUMÍNIO;HIDRÓXIDO DE MAGNÉSIO";7896094918665;1558403960079;90435460;504619070074303;;N;;75.95;101.88;;;;CMED_ICMS17;20260508;20;PF0=63.04|PF12=71.64|PF18=76.88|PF19=77.83|PF20=78.8|PF21=79.8|PF22=80.82|PMC0=84.57|PMC12=96.1|PMC18=103.13|PMC19=104.41|PMC20=105.71|PMC21=107.05|PMC22=108.42|PMVG17=59.6|PMVG18=60.33|PMVG20=61.83
CMED;20260508;medicamento;504622120090607;;;BRAINFARMA INDÚSTRIA QUÍMICA E FARMACÊUTICA S.A;GASTROL;37 MG/G + 47 MG/G + 35,6 MG/G PO EFEV CT 6 ENV AL X 5 G LARANJA;"CARBONATO DE CÁLCIO;HIDRÓXIDO DE ALUMÍNIO;HIDRÓXIDO DE MAGNÉSIO";7896094928466;1558403960184;90558847;504622120090607;;N;;13.98;18.75;;;;CMED_ICMS17;20260508;20;PF0=11.6|PF12=13.18|PF18=14.15|PF19=14.32|PF20=14.5|PF21=14.68|PF22=14.87|PMC0=15.56|PMC12=17.68|PMC18=18.98|PMC19=19.21|PMC20=19.45|PMC21=19.69|PMC22=19.95|PMVG17=10.97|PMVG18=11.1|PMVG20=11.38
CMED;20260508;medicamento;504622120090707;;;BRAINFARMA INDÚSTRIA QUÍMICA E FARMACÊUTICA S.A;GASTROL;37 MG/G + 47 MG/G + 35,6 MG/G PO EFEV CT 6 ENV AL X 5 G ABACAXI;"CARBONATO DE CÁLCIO;HIDRÓXIDO DE ALUMÍNIO;HIDRÓXIDO DE MAGNÉSIO";7896094928459;1558403960214;90558855;504622120090707;;N;;13.98;18.75;;;;CMED_ICMS17;20260508;20;PF0=11.6|PF12=13.18|PF18=14.15|PF19=14.32|PF20=14.5|PF21=14.68|PF22=14.87|PMC0=15.56|PMC12=17.68|PMC18=18.98|PMC19=19.21|PMC20=19.45|PMC21=19.69|PMC22=19.95|PMVG17=10.97|PMVG18=11.1|PMVG20=11.38
CMED;20260508;medicamento;504616040038917;;;BRAINFARMA INDÚSTRIA QUÍMICA E FARMACÊUTICA S.A;GASTROL TC;(37+40+5) MG/ML SUS CT FR PLAS OPC X 240 ML;"SIMETICONA;HIDRÓXIDO DE ALUMÍNIO;HIDRÓXIDO DE MAGNÉSIO";7896622300993;1558403840014;90334655;504616040038917;;N;;38.28;51.35;;;;CMED_ICMS17;20260508;20;PF0=31.77|PF12=36.1|PF18=38.74|PF19=39.22|PF20=39.71|PF21=40.22|PF22=40.73|PMC0=42.62|PMC12=48.43|PMC18=51.97|PMC19=52.61|PMC20=53.27|PMC21=53.95|PMC22=54.64|PMVG17=30.04|PMVG18=30.4|PMVG20=31.16
CMED;20260508;medicamento;506313601136413;;;CIFARMA CIENTÍFICA FARMACÊUTICA LTDA;GASTROLIV;(35,6 + 37,0 + 46,0)MG/G PO EFEV DISP 100 SACH AL/POLIET X 5 G (SABOR LARANJA);"CARBONATO DE CÁLCIO;HIDRÓXIDO DE ALUMÍNIO;HIDRÓXIDO DE MAGNÉSIO";7898158692634;1156001110052;90041410;506313601136413;;N;;252.93;339.3;;;;CMED_ICMS17;20260508;20;PF0=209.93|PF12=238.56|PF18=256.01|PF19=259.17|PF20=262.41|PF21=265.73|PF22=269.14|PMC0=281.61|PMC12=320.02|PMC18=343.43|PMC19=347.67|PMC20=352.01|PMC21=356.47|PMC22=361.04|PMVG17=198.47|PMVG18=200.89|PMVG20=205.91
CMED;20260508;medicamento;506313602132411;;;CIFARMA CIENTÍFICA FARMACÊUTICA LTDA;GASTROLIV;(35,6 + 37,0 + 46,0)MG/G PO EFEV DISP 100 SACH AL/POLIET X 5 G (SABOR LIMÃO);"CARBONATO DE CÁLCIO;HIDRÓXIDO DE ALUMÍNIO;HIDRÓXIDO DE MAGNÉSIO";7898158692641;1156001110060;90041429;506313602132411;;N;;252.93;339.3;;;;CMED_ICMS17;20260508;20;PF0=209.93|PF12=238.56|PF18=256.01|PF19=259.17|PF20=262.41|PF21=265.73|PF22=269.14|PMC0=281.61|PMC12=320.02|PMC18=343.43|PMC19=347.67|PMC20=352.01|PMC21=356.47|PMC22=361.04|PMVG17=198.47|PMVG18=200.89|PMVG20=205.91
CMED;20260508;medicamento;506313603139411;;;CIFARMA CIENTÍFICA FARMACÊUTICA LTDA;GASTROLIV;(35,6 + 37,0 + 46,0)MG/G PO EFEV DISP 100 SACH AL/POLIET X 5 G (SABOR ABACAXI);"CARBONATO DE CÁLCIO;HIDRÓXIDO DE ALUMÍNIO;HIDRÓXIDO DE MAGNÉSIO";7898158692658;1156001110044;90041402;506313603139411;;N;;252.93;339.3;;;;CMED_ICMS17;20260508;20;PF0=209.93|PF12=238.56|PF18=256.01|PF19=259.17|PF20=262.41|PF21=265.73|PF22=269.14|PMC0=281.61|PMC12=320.02|PMC18=343.43|PMC19=347.67|PMC20=352.01|PMC21=356.47|PMC22=361.04|PMVG17=198.47|PMVG18=200.89|PMVG20=205.91
CMED;20260508;medicamento;506315060028803;;;CIFARMA CIENTÍFICA FARMACÊUTICA LTDA;GASTROLIV;(35,6 + 37,0 + 46,0)MG/G PO EFEV DISP 50 SACH AL/POLIET X 5 G (SABOR ABACAXI);"CARBONATO DE CÁLCIO;HIDRÓXIDO DE ALUMÍNIO;HIDRÓXIDO DE MAGNÉSIO";7898158695826;1156001110079;90301862;506315060028803;;N;;126.48;169.67;;;;CMED_ICMS17;20260508;20;PF0=104.98|PF12=119.3|PF18=128.02|PF19=129.6|PF20=131.23|PF21=132.89|PF22=134.59|PMC0=140.83|PMC12=160.04|PMC18=171.73|PMC19=173.85|PMC20=176.04|PMC21=178.27|PMC22=180.55|PMVG17=99.25|PMVG18=100.46|PMVG20=102.98
CMED;20260508;medicamento;506315060029003;;;CIFARMA CIENTÍFICA FARMACÊUTICA LTDA;GASTROLIV;(35,6 + 37,0 + 46,0)MG/G PO EFEV DISP 50 SACH AL/POLIET X 5 G (SABOR LIMÃO);"CARBONATO DE CÁLCIO;HIDRÓXIDO DE ALUMÍNIO;HIDRÓXIDO DE MAGNÉSIO";7898158695840;1156001110095;90301889;506315060029003;;N;;126.48;169.67;;;;CMED_ICMS17;20260508;20;PF0=104.98|PF12=119.3|PF18=128.02|PF19=129.6|PF20=131.23|PF21=132.89|PF22=134.59|PMC0=140.83|PMC12=160.04|PMC18=171.73|PMC19=173.85|PMC20=176.04|PMC21=178.27|PMC22=180.55|PMVG17=99.25|PMVG18=100.46|PMVG20=102.98
CMED;20260508;medicamento;541819110111307;;;EMS S/A;GAUDY;8 MG CAP DURA LIB PROL CT BL AL PLAS OPC X 7;BROMIDRATO DE GALANTAMINA;7894916514804;1023513080011;90440110;541819110111307;;N;;79.3;109.31;;;;CMED_ICMS17;20260508;20;PF0=65.82|PF12=74.8|PF18=80.27|PF19=81.26|PF20=82.28|PF21=83.32|PF22=84.38|PMC0=90.73|PMC12=103.1|PMC18=110.64|PMC19=112.01|PMC20=113.41|PMC21=114.85|PMC22=116.31
CMED;20260508;medicamento;541819110111407;;;EMS S/A;GAUDY;8 MG CAP DURA LIB PROL CT BL AL PLAS OPC X 14;BROMIDRATO DE GALANTAMINA;7894916514811;1023513080028;90440129;541819110111407;;N;;158.59;218.6;;;;CMED_ICMS17;20260508;20;PF0=131.63|PF12=149.58|PF18=160.52|PF19=162.51|PF20=164.54|PF21=166.62|PF22=168.76|PMC0=181.44|PMC12=206.18|PMC18=221.26|PMC19=224|PMC20=226.8|PMC21=229.67|PMC22=232.62
CMED;20260508;medicamento;541819110111507;;;EMS S/A;GAUDY;8 MG CAP DURA LIB PROL CT BL AL PLAS OPC X 28;BROMIDRATO DE GALANTAMINA;7894916514712;1023513080036;90440137;541819110111507;;N;;317.2;437.23;;;;CMED_ICMS17;20260508;20;PF0=263.28|PF12=299.18|PF18=321.07|PF19=325.04|PF20=329.1|PF21=333.27|PF22=337.54|PMC0=362.9|PMC12=412.39|PMC18=442.56|PMC19=448.03|PMC20=453.63|PMC21=459.38|PMC22=465.26
CMED;20260508;medicamento;541819110111607;;;EMS S/A;GAUDY;8 MG CAP DURA LIB PROL CT BL AL PLAS OPC X 56;BROMIDRATO DE GALANTAMINA;7894916514828;1023513080044;90440145;541819110111607;;N;;634.4;874.45;;;;CMED_ICMS17;20260508;20;PF0=526.55|PF12=598.35|PF18=642.13|PF19=650.06|PF20=658.19|PF21=666.52|PF22=675.06|PMC0=725.79|PMC12=824.76|PMC18=885.11|PMC19=896.04|PMC20=907.25|PMC21=918.73|PMC22=930.5
CMED;20260508;medicamento;541819110111707;;;EMS S/A;GAUDY;16 MG CAP DURA LIB PROL CT BL AL PLAS OPC X 7;BROMIDRATO DE GALANTAMINA;7894916514835;1023513080079;90440153;541819110111707;;N;;69.43;95.7;;;;CMED_ICMS17;20260508;20;PF0=57.63|PF12=65.49|PF18=70.28|PF19=71.15|PF20=72.04|PF21=72.95|PF22=73.88|PMC0=79.44|PMC12=90.27|PMC18=96.87|PMC19=98.07|PMC20=99.3|PMC21=100.55|PMC22=101.84
CMED;20260508;medicamento;541819110111807;;;EMS S/A;GAUDY;16 MG CAP DURA LIB PROL CT BL AL PLAS OPC X 14;BROMIDRATO DE GALANTAMINA;7894916514842;1023513080087;90440161;541819110111807;;N;;138.9;191.46;;;;CMED_ICMS17;20260508;20;PF0=115.29|PF12=131.01|PF18=140.6|PF19=142.33|PF20=144.11|PF21=145.94|PF22=147.81|PMC0=158.92|PMC12=180.58|PMC18=193.8|PMC19=196.19|PMC20=198.64|PMC21=201.16|PMC22=203.74
CMED;20260508;medicamento;541819110111907;;;EMS S/A;GAUDY;16 MG CAP DURA LIB PROL CT BL AL PLAS OPC X 28;BROMIDRATO DE GALANTAMINA;7894916514729;1023513080095;90440170;541819110111907;;N;;277.77;382.88;;;;CMED_ICMS17;20260508;20;PF0=230.55|PF12=261.99|PF18=281.16|PF19=284.63|PF20=288.19|PF21=291.84|PF22=295.58|PMC0=317.79|PMC12=361.13|PMC18=387.55|PMC19=392.33|PMC20=397.24|PMC21=402.27|PMC22=407.43
CMED;20260508;medicamento;541819110112007;;;EMS S/A;GAUDY;16 MG CAP DURA LIB PROL CT BL AL PLAS OPC X 56;BROMIDRATO DE GALANTAMINA;7894916514859;1023513080109;90440188;541819110112007;;N;;555.58;765.81;;;;CMED_ICMS17;20260508;20;PF0=461.13|PF12=524.01|PF18=562.35|PF19=569.3|PF20=576.41|PF21=583.71|PF22=591.19|PMC0=635.62|PMC12=722.29|PMC18=775.14|PMC19=784.72|PMC20=794.52|PMC21=804.58|PMC22=814.89
CMED;20260508;medicamento;541819110112107;;;EMS S/A;GAUDY;24 MG CAP DURA LIB PROL CT BL AL PLAS OPC X 7;BROMIDRATO DE GALANTAMINA;7894916514866;1023513080133;90440196;541819110112107;;N;;74.66;102.91;;;;CMED_ICMS17;20260508;20;PF0=61.97|PF12=70.42|PF18=75.57|PF19=76.51|PF20=77.46|PF21=78.44|PF22=79.45|PMC0=85.42|PMC12=97.07|PMC18=104.17|PMC19=105.46|PMC20=106.77|PMC21=108.12|PMC22=109.51
CMED;20260508;medicamento;541819110112207;;;EMS S/A;GAUDY;24 MG CAP DURA LIB PROL CT BL AL PLAS OPC X 14;BROMIDRATO DE GALANTAMINA;7894916514873;1023513080141;90440200;541819110112207;;N;;149.37;205.89;;;;CMED_ICMS17;20260508;20;PF0=123.98|PF12=140.89|PF18=151.2|PF19=153.06|PF20=154.98|PF21=156.94|PF22=158.95|PMC0=170.89|PMC12=194.2|PMC18=208.41|PMC19=210.98|PMC20=213.62|PMC21=216.33|PMC22=219.1
CMED;20260508;medicamento;541819110112307;;;EMS S/A;GAUDY;24 MG CAP DURA LIB PROL CT BL AL PLAS OPC X 28;BROMIDRATO DE GALANTAMINA;7894916514736;1023513080151;90440218;541819110112307;;N;;298.7;411.73;;;;CMED_ICMS17;20260508;20;PF0=247.92|PF12=281.73|PF18=302.34|PF19=306.07|PF20=309.9|PF21=313.82|PF22=317.85|PMC0=341.73|PMC12=388.34|PMC18=416.74|PMC19=421.89|PMC20=427.16|PMC21=432.57|PMC22=438.12
CMED;20260508;medicamento;541819110112407;;;EMS S/A;GAUDY;24 MG CAP DURA LIB PROL CT BL AL PLAS OPC X 56;BROMIDRATO DE GALANTAMINA;7894916514880;1023513080168;90440226;541819110112407;;N;;597.45;823.52;;;;CMED_ICMS17;20260508;20;PF0=495.88|PF12=563.5|PF18=604.73|PF19=612.2|PF20=619.85|PF21=627.7|PF22=635.74|PMC0=683.52|PMC12=776.73|PMC18=833.56|PMC19=843.85|PMC20=854.4|PMC21=865.22|PMC22=876.3
CMED;20260508;medicamento;508022120170807;;;EUROFARMA LABORATORIOS S.A.;GÁZIA;40 MG COM REV LIB RETARD CT BL AL/AL X 7;PANTOPRAZOL SÓDICO SESQUI-HIDRATADO;7891317023911;1004314400042;90550633;508022120170807;;N;;19.37;26.7;;;;CMED_ICMS17;20260508;20;PF0=16.08|PF12=18.27|PF18=19.61|PF19=19.85|PF20=20.1|PF21=20.35|PF22=20.62|PMC0=22.16|PMC12=25.18|PMC18=27.03|PMC19=27.36|PMC20=27.71|PMC21=28.05|PMC22=28.42|PMVG17=15.2|PMVG18=15.39|PMVG20=15.77
CMED;20260508;medicamento;508022120170907;;;EUROFARMA LABORATORIOS S.A.;GÁZIA;40 MG COM REV LIB RETARD CT BL AL/AL X 14;PANTOPRAZOL SÓDICO SESQUI-HIDRATADO;7899640810291;1004314400050;90550641;508022120170907;;N;;34.81;47.98;;;;CMED_ICMS17;20260508;20;PF0=28.89|PF12=32.83|PF18=35.23|PF19=35.67|PF20=36.11|PF21=36.57|PF22=37.04|PMC0=39.82|PMC12=45.25|PMC18=48.56|PMC19=49.17|PMC20=49.77|PMC21=50.41|PMC22=51.06|PMVG17=27.32|PMVG18=27.64|PMVG20=28.33
CMED;20260508;medicamento;508022120171007;;;EUROFARMA LABORATORIOS S.A.;GÁZIA;40 MG COM REV LIB RETARD CT BL AL/AL X 28;PANTOPRAZOL SÓDICO SESQUI-HIDRATADO;7891317023898;1004314400069;90550650;508022120171007;;N;;59.59;82.14;;;;CMED_ICMS17;20260508;20;PF0=49.46|PF12=56.2|PF18=60.32|PF19=61.06|PF20=61.83|PF21=62.61|PF22=63.41|PMC0=68.18|PMC12=77.47|PMC18=83.14|PMC19=84.16|PMC20=85.23|PMC21=86.3|PMC22=87.4|PMVG17=46.76|PMVG18=47.33|PMVG20=48.52
CMED;20260508;medicamento;529215070026102;;;PRODUTOS ROCHE QUÍMICOS E FARMACÊUTICOS S.A.;GAZYVA;1000 MG SOL DIL INFUS IV CT FA VD TRANS X 40 ML;OBINUTUZUMABE;7896226506906;1010006600010;90321790;529215070026102;;S;;27828.86;;;;;CMED_ICMS17;20260508;20;PF0=23097.96|PF12=26247.69|PF18=28168.24|PF19=28516|PF20=28872.45|PF21=29237.93|PF22=29612.76|PMVG17=21837.31|PMVG18=22103.62|PMVG20=22656.21
CMED;20260508;medicamento;506721010088904;;;CRISTÁLIA PRODUTOS QUÍMICOS FARMACÊUTICOS LTDA.;GCIB;200 MG PO LIOF SOL INJ CT FA VD TRANS X 10 ML;CLORIDRATO DE GENCITABINA;7896676430028;1029804970037;90494970;506721010088904;;S;;296.12;;;;;CMED_ICMS17;20260508;20;PF0=245.78|PF12=279.3|PF18=299.73|PF19=303.43|PF20=307.23|PF21=311.11|PF22=315.1|PMVG17=232.37|PMVG18=235.2|PMVG20=241.08
CMED;20260508;medicamento;506721010089004;;;CRISTÁLIA PRODUTOS QUÍMICOS FARMACÊUTICOS LTDA.;GCIB;1 G PO LIOF SOL INJ CT FA VD TRANS X 50 ML;CLORIDRATO DE GENCITABINA;7896676430035;1029804970045;90494989;506721010089004;;S;;1461.86;;;;;CMED_ICMS17;20260508;20;PF0=1213.34|PF12=1378.8|PF18=1479.68|PF19=1497.95|PF20=1516.68|PF21=1535.87|PF22=1555.56|PMVG17=1147.12|PMVG18=1161.1|PMVG20=1190.14
CMED;20260508;medicamento;569922080008104;;;CAMBER FARMACEUTICA LTDA;GEFIB;250 MG COM REV CT BL AL PLAS PVC TRANS X 30;GEFITINIB;7908101200806;1650700190015;90549686;569922080008104;;N;;5057.31;6970.98;;;;CMED_ICMS17;20260508;20;PF0=4197.57|PF12=4769.97|PF18=5118.99|PF19=5182.19|PF20=5246.96|PF21=5313.38|PF22=5381.5|PMC0=5785.91|PMC12=6574.91|PMC18=7055.99|PMC19=7143.11|PMC20=7232.39|PMC21=7323.94|PMC22=7417.84|PMVG17=3968.47|PMVG18=4016.87|PMVG20=4117.29
CMED;20260508;medicamento;507525080026606;;;DR. REDDYS FARMACÊUTICA DO BRASIL LTDA;GEFITINIBE;250 MG COM REV CT BL AL PLAS PVC/PE/PVDC TRANS X 30;GEFITINIBE;8901148274228;1514300700013;90611985;507525080026606;S;N;;;;;;;CMED_ICMS17;20260508;20;PF0=3307.19|PMC0=4558.62
CMED;20260508;medicamento;569922090008206;;;CAMBER FARMACEUTICA LTDA;GEFITINIBE;250 MG COM REV CT BL AL PLAS PVC TRANS X 30;GEFITINIBE;7908101200899;1650700220011;90549694;569922090008206;S;N;;3984.57;5492.31;;;;CMED_ICMS17;20260508;20;PF0=3307.19|PF12=3758.17|PF18=4033.16|PF19=4082.95|PF20=4133.99|PF21=4186.32|PF22=4239.99|PMC0=4558.62|PMC12=5180.25|PMC18=5559.29|PMC19=5627.92|PMC20=5698.27|PMC21=5770.41|PMC22=5844.38|PMVG17=3126.69|PMVG18=3164.82|PMVG20=3243.94
CMED;20260508;medicamento;573022030005206;;;NATCOFARMA DO BRASIL LTDA;GEFITINIBE;250 MG COM REV CT BL AL PLAS PVC/PE/PVDC TRANS X 30;GEFITINIBE;7898565164663;1826100120016;90531817;573022030005206;S;N;;3984.57;5492.31;;;;CMED_ICMS17;20260508;20;PF0=3307.19|PF12=3758.17|PF18=4033.16|PF19=4082.95|PF20=4133.99|PF21=4186.32|PF22=4239.99|PMC0=4558.62|PMC12=5180.25|PMC18=5559.29|PMC19=5627.92|PMC20=5698.27|PMC21=5770.41|PMC22=5844.38|PMVG17=3126.69|PMVG18=3164.82|PMVG20=3243.94
CMED;20260508;medicamento;520901901152318;;;LABORATORIOS B. BRAUN S/A;GELAFUNDIN;40 MG/ML SOL INJ IV CX 10 FA PLAS TRANS SIST FECH X 500 ML;SUCCINILGELATINA;4030539009393;1008501150014;90122836;520901901152318;;S;;1162.08;;;;;CMED_ICMS17;20260508;20;PF0=964.53|PF12=1096.06|PF18=1176.26|PF19=1190.78|PF20=1205.66|PF21=1220.92|PF22=1236.58|PMVG17=911.88|PMVG18=923.01|PMVG20=946.08
CMED;20260508;medicamento;507714502110415;;;EMS S/A;GELMAX;(178+185+230) MG COM MAST CT BL AL PLAS TRANS X 24 (MAMÃO-CASSIS);"CARBONATO DE CÁLCIO;HIDRÓXIDO DE ALUMÍNIO;HIDRÓXIDO DE MAGNÉSIO";7896004817897;1023501110016;90056760;507714502110415;;N;;15.34;20.58;;;;CMED_ICMS17;20260508;20;PF0=12.73|PF12=14.47|PF18=15.52|PF19=15.72|PF20=15.91|PF21=16.11|PF22=16.32|PMC0=17.08|PMC12=19.41|PMC18=20.82|PMC19=21.09|PMC20=21.34|PMC21=21.61|PMC22=21.89|PMVG17=12.04|PMVG18=12.18|PMVG20=12.48
CMED;20260508;medicamento;507714505136415;;;EMS S/A;GELMAX;(178+185+230) MG PO EFEV CT 100 ENV AL X 5 G (ABACAXI);"CARBONATO DE CÁLCIO;HIDRÓXIDO DE ALUMÍNIO;HIDRÓXIDO DE MAGNÉSIO";7896004817774;1023501110253;90435796;507714505136415;;N;;153.54;205.97;;;;CMED_ICMS17;20260508;20;PF0=127.44|PF12=144.82|PF18=155.41|PF19=157.33|PF20=159.3|PF21=161.32|PF22=163.38|PMC0=170.96|PMC12=194.27|PMC18=208.48|PMC19=211.05|PMC20=213.7|PMC21=216.41|PMC22=219.17|PMVG17=120.48|PMVG18=121.95|PMVG20=125
CMED;20260508;medicamento;541818090088503;;;EMS S/A;GELMAX;(178+185+230) MG COM MAST CT BL AL PLAS TRANS X 24 (LIMÃO);"CARBONATO DE CÁLCIO;HIDRÓXIDO DE ALUMÍNIO;HIDRÓXIDO DE MAGNÉSIO";7896004817460;1023501110113;90419421;541818090088503;;N;;15.34;20.58;;;;CMED_ICMS17;20260508;20;PF0=12.73|PF12=14.47|PF18=15.52|PF19=15.72|PF20=15.91|PF21=16.11|PF22=16.32|PMC0=17.08|PMC12=19.41|PMC18=20.82|PMC19=21.09|PMC20=21.34|PMC21=21.61|PMC22=21.89|PMVG17=12.04|PMVG18=12.18|PMVG20=12.48
CMED;20260508;medicamento;541820090146107;;;EMS S/A;GELMAX;(35,6+37+48,4) MG/ML SUS OR CT FR VD AMB X 240 ML + COP (HORTELÃ);"CARBONATO DE CÁLCIO;HIDROXIDO DE MAGNESIO;HIDROXIDO DE ALUMÍNIO";7896004802473;1023501110296;90479750;541820090146107;;N;;21.64;29.03;;;;CMED_ICMS17;20260508;20;PF0=17.96|PF12=20.41|PF18=21.9|PF19=22.17|PF20=22.45|PF21=22.73|PF22=23.03|PMC0=24.09|PMC12=27.38|PMC18=29.38|PMC19=29.74|PMC20=30.12|PMC21=30.49|PMC22=30.89|PMVG17=16.98|PMVG18=17.18|PMVG20=17.62
CMED;20260508;medicamento;507739102132417;;;EMS S/A;GELMAX DIM;(400 + 400 + 30)MG/5ML SUS OR CT FR PLAS OPC X 240 ML (TRADICIONAL);"SIMETICONA;HIDRÓXIDO DE ALUMÍNIO;HIDRÓXIDO DE MAGNÉSIO";7896004721361;1023507160104;90056736;507739102132417;;N;;28.05;37.63;;;;CMED_ICMS17;20260508;20;PF0=23.28|PF12=26.45|PF18=28.39|PF19=28.74|PF20=29.1|PF21=29.47|PF22=29.85|PMC0=31.23|PMC12=35.48|PMC18=38.08|PMC19=38.55|PMC20=39.04|PMC21=39.53|PMC22=40.04|PMVG17=22.01|PMVG18=22.28|PMVG20=22.83
CMED;20260508;medicamento;533012120057604;;;UNIÃO QUÍMICA FARMACÊUTICA NACIONAL S/A;GELO-BIO;(0,0394 + 0,0333 + 0,0083) G/ML SOL AER TB AL X 150 ML;SALICILATO DE METILA;7896006291749;1049713630025;90261577;533012120057604;;N;;47.2;63.32;;;;CMED_ICMS17;20260508;20;PF0=39.18|PF12=44.52|PF18=47.78|PF19=48.37|PF20=48.98|PF21=49.59|PF22=50.23|PMC0=52.56|PMC12=59.72|PMC18=64.1|PMC19=64.89|PMC20=65.7|PMC21=66.52|PMC22=67.38|PMVG17=37.04|PMVG18=37.49|PMVG20=38.44
CMED;20260508;medicamento;533012120057704;;;UNIÃO QUÍMICA FARMACÊUTICA NACIONAL S/A;GELO-BIO;(0,0394 + 0,0333 + 0,0083) G/ML SOL AER TB AL X 60 ML;SALICILATO DE METILA;7896006291770;1049713630017;90261569;533012120057704;;N;;24.55;32.93;;;;CMED_ICMS17;20260508;20;PF0=20.38|PF12=23.16|PF18=24.85|PF19=25.16|PF20=25.48|PF21=25.8|PF22=26.13|PMC0=27.34|PMC12=31.07|PMC18=33.34|PMC19=33.75|PMC20=34.18|PMC21=34.61|PMC22=35.05|PMVG17=19.26|PMVG18=19.5|PMVG20=20
CMED;20260508;medicamento;533012120057804;;;UNIÃO QUÍMICA FARMACÊUTICA NACIONAL S/A;GELO-BIO;(52,525 + 44,4 + 20,0) MG/G POM DERM CT BG AL X 20G;SALICILATO DE METILA;7896006291732;1049713630033;90261585;533012120057804;;N;;17.07;22.9;;;;CMED_ICMS17;20260508;20;PF0=14.17|PF12=16.1|PF18=17.28|PF19=17.49|PF20=17.71|PF21=17.94|PF22=18.17|PMC0=19.01|PMC12=21.6|PMC18=23.18|PMC19=23.46|PMC20=23.76|PMC21=24.07|PMC22=24.37|PMVG17=13.39|PMVG18=13.56|PMVG20=13.9
CMED;20260508;medicamento;540915010013917;;;COSMED INDUSTRIA DE COSMETICOS E MEDICAMENTOS S.A.;GELOL;SOL AER DERM TB AL X 60 ML;SALICILATO DE METILA;7896094901612;1781700270031;90327934;540915010013917;;N;;38.07;51.07;;;;CMED_ICMS17;20260508;20;PF0=31.6|PF12=35.91|PF18=38.54|PF19=39.01|PF20=39.5|PF21=40|PF22=40.51|PMC0=42.39|PMC12=48.17|PMC18=51.7|PMC19=52.33|PMC20=52.99|PMC21=53.66|PMC22=54.34|PMVG17=29.87|PMVG18=30.24|PMVG20=31
CMED;20260508;medicamento;540915010014117;;;COSMED INDUSTRIA DE COSMETICOS E MEDICAMENTOS S.A.;GELOL;POM DERM CT BG AL X 20 G;SALICILATO DE METILA;7896094901582;1781700270015;90327950;540915010014117;;N;;21.93;29.42;;;;CMED_ICMS17;20260508;20;PF0=18.2|PF12=20.68|PF18=22.2|PF19=22.47|PF20=22.75|PF21=23.04|PF22=23.33|PMC0=24.41|PMC12=27.74|PMC18=29.78|PMC19=30.14|PMC20=30.52|PMC21=30.91|PMC22=31.3|PMVG17=17.21|PMVG18=17.42|PMVG20=17.85
CMED;20260508;medicamento;511522070076703;;;SANDOZ DO BRASIL INDÚSTRIA FARMACÊUTICA LTDA;GEMCIT;40 MG/ML SOL DIL INFUS IV CT FA VD TRANS X 5 ML;CLORIDRATO DE GENCITABINA;7897595636775;1004706360018;90538560;511522070076703;;S;;269.99;;;;;CMED_ICMS17;20260508;20;PF0=224.09|PF12=254.65|PF18=273.28|PF19=276.65|PF20=280.11|PF21=283.66|PF22=287.29|PMVG17=211.86|PMVG18=214.44|PMVG20=219.8
CMED;20260508;medicamento;511522070076803;;;SANDOZ DO BRASIL INDÚSTRIA FARMACÊUTICA LTDA;GEMCIT;40 MG/ML SOL DIL INFUS IV CT FA VD TRANS X 25 ML;CLORIDRATO DE GENCITABINA;7897595636782;1004706360026;90538579;511522070076803;;S;;1346.98;;;;;CMED_ICMS17;20260508;20;PF0=1117.99|PF12=1270.44|PF18=1363.4|PF19=1380.23|PF20=1397.49|PF21=1415.18|PF22=1433.32|PMVG17=1056.98|PMVG18=1069.86|PMVG20=1096.61
CMED;20260508;medicamento;511522070076903;;;SANDOZ DO BRASIL INDÚSTRIA FARMACÊUTICA LTDA;GEMCIT;40 MG/ML SOL DIL INFUS IV CT ENVOL FA VD TRANS X 25 ML;CLORIDRATO DE GENCITABINA;7897595634443;1004706360050;90538595;511522070076903;;S;;1346.98;;;;;CMED_ICMS17;20260508;20;PF0=1117.99|PF12=1270.44|PF18=1363.4|PF19=1380.23|PF20=1397.49|PF21=1415.18|PF22=1433.32|PMVG17=1056.98|PMVG18=1069.86|PMVG20=1096.61
CMED;20260508;medicamento;511522070077003;;;SANDOZ DO BRASIL INDÚSTRIA FARMACÊUTICA LTDA;GEMCIT;40 MG/ML SOL DIL INFUS IV CT ENVOL FA VD TRANS X 5 ML;CLORIDRATO DE GENCITABINA;7897595634436;1004706360042;90538587;511522070077003;;S;;269.99;;;;;CMED_ICMS17;20260508;20;PF0=224.09|PF12=254.65|PF18=273.28|PF19=276.65|PF20=280.11|PF21=283.66|PF22=287.29|PMVG17=211.86|PMVG18=214.44|PMVG20=219.8
CMED;20260508;medicamento;507601301152317;;;ELI LILLY DO BRASIL LTDA;GEMZAR;1 G PO LIOF SOL INJ CT FA VD TRANS X 50 ML;CLORIDRATO DE GENCITABINA;7896382700941;1126000170041;90051319;507601301152317;;S;;1493.7;;;;;CMED_ICMS17;20260508;20;PF0=1239.77|PF12=1408.83|PF18=1511.91|PF19=1530.58|PF20=1549.71|PF21=1569.33|PF22=1589.45|PMVG17=1172.11|PMVG18=1186.39|PMVG20=1216.06
CMED;20260508;medicamento;507601302159315;;;ELI LILLY DO BRASIL LTDA;GEMZAR;200 MG PO LIOF SOL INJ CT FA VD TRANS X 10 ML;CLORIDRATO DE GENCITABINA;7896382700958;1126000170033;90051327;507601302159315;;S;;300.14;;;;;CMED_ICMS17;20260508;20;PF0=249.12|PF12=283.09|PF18=303.8|PF19=307.56|PF20=311.4|PF21=315.34|PF22=319.38|PMVG17=235.52|PMVG18=238.39|PMVG20=244.36
CMED;20260508;medicamento;519513100022204;;;LABORATORIO QUIMICO FARMACEUTICO BERGAMO LTDA;GENCIX;200 MG PO LIOF SOL INJ CT FA VD TRANS X 10 ML;CLORIDRATO DE GENCITABINA;7898149939878;1064601950013;90292430;519513100022204;;S;;274.51;;;;;CMED_ICMS17;20260508;20;PF0=227.84|PF12=258.91|PF18=277.85|PF19=281.28|PF20=284.8|PF21=288.41|PF22=292.1|PMVG17=215.41|PMVG18=218.03|PMVG20=223.48
CMED;20260508;medicamento;519513100022304;;;LABORATORIO QUIMICO FARMACEUTICO BERGAMO LTDA;GENCIX;200 MG PO LIOF SOL INJ CT 5 FA VD TRANS X 10 ML;CLORIDRATO DE GENCITABINA;7898149939885;1064601950021;90292448;519513100022304;;S;;1372.71;;;;;CMED_ICMS17;20260508;20;PF0=1139.35|PF12=1294.72|PF18=1389.45|PF19=1406.61|PF20=1424.19|PF21=1442.22|PF22=1460.7|PMVG17=1077.17|PMVG18=1090.3|PMVG20=1117.56
CMED;20260508;medicamento;519513100022404;;;LABORATORIO QUIMICO FARMACEUTICO BERGAMO LTDA;GENCIX;200 MG PO LIOF SOL INJ CT 10 FA VD TRANS X 10 ML;CLORIDRATO DE GENCITABINA;7898149939892;1064601950031;90292456;519513100022404;;S;;2745.46;;;;;CMED_ICMS17;20260508;20;PF0=2278.73|PF12=2589.47|PF18=2778.94|PF19=2813.25|PF20=2848.41|PF21=2884.47|PF22=2921.45|PMVG17=2154.36|PMVG18=2180.63|PMVG20=2235.15
CMED;20260508;medicamento;519513100022504;;;LABORATORIO QUIMICO FARMACEUTICO BERGAMO LTDA;GENCIX;1 G PO LIOF SOL INJ CT FA VD TRANS X 50 ML;CLORIDRATO DE GENCITABINA;7898149939908;1064601950048;90292464;519513100022504;;S;;1345.42;;;;;CMED_ICMS17;20260508;20;PF0=1116.7|PF12=1268.98|PF18=1361.83|PF19=1378.64|PF20=1395.88|PF21=1413.54|PF22=1431.67|PMVG17=1055.75|PMVG18=1068.63|PMVG20=1095.35
CMED;20260508;medicamento;519513100022604;;;LABORATORIO QUIMICO FARMACEUTICO BERGAMO LTDA;GENCIX;1 G PO LIOF SOL INJ CT 5 FA VD TRANS X 50 ML;CLORIDRATO DE GENCITABINA;7898149939915;1064601950056;90292472;519513100022604;;S;;6726.95;;;;;CMED_ICMS17;20260508;20;PF0=5583.37|PF12=6344.74|PF18=6808.99|PF19=6893.05|PF20=6979.21|PF21=7067.56|PF22=7158.17|PMVG17=5278.64|PMVG18=5343.02|PMVG20=5476.59
CMED;20260508;medicamento;519513100022704;;;LABORATORIO QUIMICO FARMACEUTICO BERGAMO LTDA;GENCIX;1 G PO LIOF SOL INJ CT 10 FA VD TRANS X 50 ML;CLORIDRATO DE GENCITABINA;7898149939922;1064601950064;90292480;519513100022704;;S;;13453.9;;;;;CMED_ICMS17;20260508;20;PF0=11166.74|PF12=12689.48|PF18=13617.97|PF19=13786.1|PF20=13958.43|PF21=14135.12|PF22=14316.33|PMVG17=10557.28|PMVG18=10686.02|PMVG20=10953.18
CMED;20260508;medicamento;510015020039806;;;FUNDAÇÃO PARA O REMÉDIO POPULAR - FURP;GENFIBROZILA;600 MG COM REV CT BL AL PLAS OPC X 24;GENFIBROZILA;7895005806572;1103901890010;90307585;510015020039806;S;S;;;;;;;CMED_ICMS17;20260508;20;PF0=86.71
CMED;20260508;medicamento;510015020039906;;;FUNDAÇÃO PARA O REMÉDIO POPULAR - FURP;GENFIBROZILA;600 MG COM REV CT BL AL PLAS OPC X 240;GENFIBROZILA;7895005806589;1103901890029;90307593;510015020039906;S;S;;;;;;;CMED_ICMS17;20260508;20;PF0=867.94
CMED;20260508;medicamento;510015020040006;;;FUNDAÇÃO PARA O REMÉDIO POPULAR - FURP;GENFIBROZILA;600 MG COM REV CT BL AL PLAS OPC X 30 (EMB FRAC);GENFIBROZILA;7895005806596;1103901890037;90307607;510015020040006;S;S;;;;;;;CMED_ICMS17;20260508;20;PF0=108.42
CMED;20260508;medicamento;510015020040106;;;FUNDAÇÃO PARA O REMÉDIO POPULAR - FURP;GENFIBROZILA;600 MG COM REV CT BL AL PLAS OPC X 60 (EMB FRAC);GENFIBROZILA;7895005806602;1103901890045;90307615;510015020040106;S;S;;;;;;;CMED_ICMS17;20260508;20;PF0=216.9
CMED;20260508;medicamento;510015020040206;;;FUNDAÇÃO PARA O REMÉDIO POPULAR - FURP;GENFIBROZILA;600 MG COM REV CT BL AL PLAS OPC X 90 (EMB FRAC);GENFIBROZILA;7895005806619;1103901890053;90307623;510015020040206;S;S;;;;;;;CMED_ICMS17;20260508;20;PF0=325.39
CMED;20260508;medicamento;510015020040306;;;FUNDAÇÃO PARA O REMÉDIO POPULAR - FURP;GENFIBROZILA;900 MG COM REV CT BL AL PLAS OPC X 12;GENFIBROZILA;7895005806626;1103901890061;90307631;510015020040306;S;S;;;;;;;CMED_ICMS17;20260508;20;PF0=63.69
CMED;20260508;medicamento;510015020040406;;;FUNDAÇÃO PARA O REMÉDIO POPULAR - FURP;GENFIBROZILA;900 MG COM REV CT BL AL PLAS OPC X 200;GENFIBROZILA;7895005806633;1103901890071;90307640;510015020040406;S;S;;;;;;;CMED_ICMS17;20260508;20;PF0=1062.97
CMED;20260508;medicamento;510015020040506;;;FUNDAÇÃO PARA O REMÉDIO POPULAR - FURP;GENFIBROZILA;900 MG COM REV CT BL AL PLAS OPC X 30 (EMB FRAC);GENFIBROZILA;7895005806640;1103901890088;90307658;510015020040506;S;S;;;;;;;CMED_ICMS17;20260508;20;PF0=159.34
CMED;20260508;medicamento;510015020040606;;;FUNDAÇÃO PARA O REMÉDIO POPULAR - FURP;GENFIBROZILA;900 MG COM REV CT BL AL PLAS OPC X 60 (EMB FRAC);GENFIBROZILA;7895005806657;1103901890096;90307666;510015020040606;S;S;;;;;;;CMED_ICMS17;20260508;20;PF0=318.82
CMED;20260508;medicamento;510015020040706;;;FUNDAÇÃO PARA O REMÉDIO POPULAR - FURP;GENFIBROZILA;900 MG COM REV CT BL AL PLAS OPC X 90 (EMB FRAC);GENFIBROZILA;7895005806664;1103901890101;90307674;510015020040706;S;S;;;;;;;CMED_ICMS17;20260508;20;PF0=478.28
CMED;20260508;medicamento;525063503112111;;;SANOFI MEDLEY FARMACÊUTICA LTDA.;GENFIBROZILA;900 MG COM REV CT BL AL PLAS TRANS X 15;GENFIBROZILA;7896422508216;1832601990026;90363515;525063503112111;S;N;;57.84;79.73;;;;CMED_ICMS17;20260508;20;PF0=48.01|PF12=54.56|PF18=58.55|PF19=59.27|PF20=60.01|PF21=60.77|PF22=61.55|PMC0=66.18|PMC12=75.21|PMC18=80.71|PMC19=81.7|PMC20=82.72|PMC21=83.77|PMC22=84.84
CMED;20260508;medicamento;525063504119111;;;SANOFI MEDLEY FARMACÊUTICA LTDA.;GENFIBROZILA;600 MG COM REV CT BL AL PLAS TRANS X 30;GENFIBROZILA;7896422508209;1832601990050;90363507;525063504119111;S;N;;97.36;134.2;;;;CMED_ICMS17;20260508;20;PF0=80.81|PF12=91.83|PF18=98.55|PF19=99.77|PF20=101.01|PF21=102.29|PF22=103.6|PMC0=111.39|PMC12=126.58|PMC18=135.84|PMC19=137.52|PMC20=139.23|PMC21=141|PMC22=142.8
CMED;20260508;medicamento;541814030007106;;;EMS S/A;GENFIBROZILA;600 MG COM REV CT BL AL PLAS OPC X 24;GENFIBROZILA;7896004709710;1023506600119;90328280;541814030007106;S;N;;90.98;125.41;;;;CMED_ICMS17;20260508;20;PF0=75.51|PF12=85.81|PF18=92.09|PF19=93.22|PF20=94.39|PF21=95.58|PF22=96.81|PMC0=104.08|PMC12=118.28|PMC18=126.94|PMC19=128.49|PMC20=130.11|PMC21=131.75|PMC22=133.44
CMED;20260508;medicamento;541814030007206;;;EMS S/A;GENFIBROZILA;900 MG COM REV CT BL AL PLAS OPC X 12;GENFIBROZILA;7896004709697;1023506600216;90328299;541814030007206;S;N;;68.49;94.41;;;;CMED_ICMS17;20260508;20;PF0=56.85|PF12=64.6|PF18=69.33|PF19=70.19|PF20=71.06|PF21=71.96|PF22=72.88|PMC0=78.36|PMC12=89.04|PMC18=95.56|PMC19=96.75|PMC20=97.95|PMC21=99.19|PMC22=100.46
CMED;20260508;medicamento;509020010022407;;;FARMOQUÍMICA S/A;GENGIMIN;160 MG COM REV CT BL AL PLAS PVDC TRANS X 15;ZINGIBER OFFICINALE ROSCOE;7898040323578;1039001850017;90457277;509020010022407;;N;;36.49;48.95;;;;CMED_ICMS17;20260508;20;PF0=30.29|PF12=34.42|PF18=36.94|PF19=37.4|PF20=37.86|PF21=38.34|PF22=38.83|PMC0=40.63|PMC12=46.17|PMC18=49.55|PMC19=50.17|PMC20=50.79|PMC21=51.43|PMC22=52.09|PMVG17=28.63|PMVG18=28.99|PMVG20=29.71
CMED;20260508;medicamento;523708701151416;;;LIBBS FARMACÊUTICA LTDA;GENLIBBS;200 MG PÓ LIÓF INJ CT FA VD TRANS;CLORIDRATO DE GENCITABINA;7896094207240;1003301460019;90144694;523708701151416;;S;;300.08;;;;;CMED_ICMS17;20260508;20;PF0=249.07|PF12=283.03|PF18=303.74|PF19=307.49|PF20=311.34|PF21=315.28|PF22=319.32|PMVG17=235.47|PMVG18=238.34|PMVG20=244.31
CMED;20260508;medicamento;523708702156411;;;LIBBS FARMACÊUTICA LTDA;GENLIBBS;1 G PÓ LIÓF INJ CT FA VD TRANS;CLORIDRATO DE GENCITABINA;7896094207257;1003301460027;90144686;523708702156411;;S;;1493.63;;;;;CMED_ICMS17;20260508;20;PF0=1239.71|PF12=1408.76|PF18=1511.84|PF19=1530.51|PF20=1549.64|PF21=1569.25|PF22=1589.37|PMVG17=1172.05|PMVG18=1186.34|PMVG20=1216
CMED;20260508;medicamento;522720050086617;;;PFIZER BRASIL LTDA;GENOTROPIN;5,3 MG (16UI) PO LIOF SOL INJ CT 1 ENV X 1 FA VD TRANS DUPLO COMP +DIL X 1 ML;SOMATROPINA;7891268103403;1211004590019;90476760;522720050086617;;N;;851.49;1173.69;;;;CMED_ICMS17;20260508;20;PF0=706.74|PF12=803.11|PF18=861.88|PF19=872.52|PF20=883.43|PF21=894.61|PF22=906.08|PMC0=974.17|PMC12=1107|PMC18=1188.01|PMC19=1202.68|PMC20=1217.72|PMC21=1233.13|PMC22=1248.94|PMVG17=668.16|PMVG18=676.32|PMVG20=693.23
CMED;20260508;medicamento;522720050086717;;;PFIZER BRASIL LTDA;GENOTROPIN;12 MG (36 UI) PO LIOF SOL INJ CT 1 ENV X 1 FA VD TRANS DUPLO COMP + DIL X 1 ML;SOMATROPINA;7891268103427;1211004590027;90476778;522720050086717;;N;;1864.71;2570.31;;;;CMED_ICMS17;20260508;20;PF0=1547.71|PF12=1758.76|PF18=1887.45|PF19=1910.75|PF20=1934.64|PF21=1959.13|PF22=1984.24|PMC0=2133.36|PMC12=2424.27|PMC18=2601.65|PMC19=2633.77|PMC20=2666.7|PMC21=2700.46|PMC22=2735.07|PMVG17=1463.24|PMVG18=1481.08|PMVG20=1518.11
CMED;20260508;medicamento;522720050086817;;;PFIZER BRASIL LTDA;GENOTROPIN;5,3 MG (16 UI) PO LIOF SOL INJ CT X 1 CAN APLIC X 1 FA VD TRANS DUPLO COMP + DIL + 1 ML;SOMATROPINA;7891268103311;1211004590061;90476786;522720050086817;;N;;851.49;1173.69;;;;CMED_ICMS17;20260508;20;PF0=706.74|PF12=803.11|PF18=861.88|PF19=872.52|PF20=883.43|PF21=894.61|PF22=906.08|PMC0=974.17|PMC12=1107|PMC18=1188.01|PMC19=1202.68|PMC20=1217.72|PMC21=1233.13|PMC22=1248.94|PMVG17=668.16|PMVG18=676.32|PMVG20=693.23
CMED;20260508;medicamento;522720050086917;;;PFIZER BRASIL LTDA;GENOTROPIN;5,3 MG (16UI) PO LIOF SOL INJ CT X 5 CAN APLIC X 1 FA VD TRANS DUPLO COMP + DIL X 1 ML;SOMATROPINA;7891268103335;1211004590078;90476794;522720050086917;;N;;4257.4;5868.38;;;;CMED_ICMS17;20260508;20;PF0=3533.64|PF12=4015.5|PF18=4309.32|PF19=4362.52|PF20=4417.05|PF21=4472.96|PF22=4530.31|PMC0=4870.75|PMC12=5534.95|PMC18=5939.95|PMC19=6013.28|PMC20=6088.44|PMC21=6165.51|PMC22=6244.56|PMVG17=3340.78|PMVG18=3381.52|PMVG20=3466.06
CMED;20260508;medicamento;522720050087017;;;PFIZER BRASIL LTDA;GENOTROPIN;12 MG (36 UI) PO LIOF SOL INJ CT X 1 CAN APLIC X 1 FA VD TRANS DUPLO COMP + DIL X 1 ML;SOMATROPINA;7891268103342;1211004590086;90476808;522720050087017;;N;;1864.71;2570.31;;;;CMED_ICMS17;20260508;20;PF0=1547.71|PF12=1758.76|PF18=1887.45|PF19=1910.75|PF20=1934.64|PF21=1959.13|PF22=1984.24|PMC0=2133.36|PMC12=2424.27|PMC18=2601.65|PMC19=2633.77|PMC20=2666.7|PMC21=2700.46|PMC22=2735.07|PMVG17=1463.24|PMVG18=1481.08|PMVG20=1518.11
CMED;20260508;medicamento;522720050087117;;;PFIZER BRASIL LTDA;GENOTROPIN;12 MG (36 UI) PO LIOF SOL INJ CT X 5 CAN APLIC X 1 FA VD TRANS DUPLO COMP + DIL X 1 ML;SOMATROPINA;7891268103359;1211004590094;90476816;522720050087117;;N;;9323.58;12851.58;;;;CMED_ICMS17;20260508;20;PF0=7738.57|PF12=8793.83|PF18=9437.28|PF19=9553.79|PF20=9673.21|PF21=9795.66|PF22=9921.24|PMC0=10666.81|PMC12=12121.38|PMC18=13008.31|PMC19=13168.9|PMC20=13333.51|PMC21=13502.3|PMC22=13675.4|PMVG17=7316.21|PMVG18=7405.43|PMVG20=7590.57
CMED;20260508;medicamento;522723030091902;;;PFIZER BRASIL LTDA;GENRYZON;50 MG/ML SOL INJ SC CT 1 CAN APLIC X 1,2 ML;SOMATROGONA;7891045164764;1211004880025;90561040;522723030091902;;N;;3840.32;5151.65;;;;CMED_ICMS17;20260508;20;PF0=3187.47|PF12=3622.13|PF18=3887.16|PF19=3935.15|PF20=3984.34|PF21=4034.77|PF22=4086.5|PMC0=4275.88|PMC12=4858.96|PMC18=5214.49|PMC19=5278.86|PMC20=5344.85|PMC21=5412.5|PMC22=5481.89|PMVG17=3013.5|PMVG18=3050.25|PMVG20=3126.51
CMED;20260508;medicamento;522723030092002;;;PFIZER BRASIL LTDA;GENRYZON;20 MG/ML SOL INJ SC CT 1 CAN APLIC X 1,2 ML;SOMATROGONA;7891045164757;1211004880017;90561031;522723030092002;;N;;1588.2;2130.51;;;;CMED_ICMS17;20260508;20;PF0=1318.21|PF12=1497.97|PF18=1607.57|PF19=1627.42|PF20=1647.76|PF21=1668.62|PF22=1690.01|PMC0=1768.33|PMC12=2009.47|PMC18=2156.5|PMC19=2183.13|PMC20=2210.41|PMC21=2238.39|PMC22=2267.09|PMVG17=1246.26|PMVG18=1261.46|PMVG20=1293
CMED;20260508;medicamento;509521060030517;;;FRESENIUS KABI BRASIL LTDA;GENTAMICIN;20 MG/ ML SOL INJ CX 50 AMP VD TRANS X 1 ML;SULFATO DE GENTAMICINA;7899498608583;1004102100045;90512049;509521060030517;;S;;77.77;;;;;CMED_ICMS17;20260508;20;PF0=64.55|PF12=73.35|PF18=78.72|PF19=79.69|PF20=80.69|PF21=81.71|PF22=82.76|PMVG17=61.03|PMVG18=61.77|PMVG20=63.32
CMED;20260508;medicamento;509521060030617;;;FRESENIUS KABI BRASIL LTDA;GENTAMICIN;40 MG/ML SOL INJ CX 50 AMP VD TRANS X 1 ML;SULFATO DE GENTAMICINA;7899498608590;1004102100053;90512057;509521060030617;;S;;85.4;;;;;CMED_ICMS17;20260508;20;PF0=70.88|PF12=80.55|PF18=86.44|PF19=87.51|PF20=88.6|PF21=89.72|PF22=90.87|PMVG17=67.01|PMVG18=67.83|PMVG20=69.52
CMED;20260508;medicamento;509521060030717;;;FRESENIUS KABI BRASIL LTDA;GENTAMICIN;40 MG/ML SOL INJ CX 50 AMP VD TRANS X 2 ML;SULFATO DE GENTAMICINA;7899498608606;1004102100061;90512065;509521060030717;;S;;99.86;;;;;CMED_ICMS17;20260508;20;PF0=82.88|PF12=94.18|PF18=101.07|PF19=102.32|PF20=103.6|PF21=104.91|PF22=106.26|PMVG17=78.36|PMVG18=79.31|PMVG20=81.29
CMED;20260508;medicamento;530724100008703;;;SANTISA LABORATÓRIO FARMACÊUTICO S/A;GENTAMISAN;10 MG/ML SOL INJ CX 100 AMP VD AMB X 1 ML;SULFATO DE GENTAMICINA;7898404220178;1018600020019;90198271;530724100008703;;S;;64.88;;;;;CMED_ICMS17;20260508;20;PF0=53.85|PF12=61.19|PF18=65.67|PF19=66.48|PF20=67.31|PF21=68.16|PF22=69.04|PMVG17=50.91|PMVG18=51.53|PMVG20=52.82
CMED;20260508;medicamento;530724100008803;;;SANTISA LABORATÓRIO FARMACÊUTICO S/A;GENTAMISAN;40 MG/ML SOL INJ CX 100 AMP VD AMB X 2 ML;SULFATO DE GENTAMICINA;7898404220192;1018600020035;90198298;530724100008803;;S;;619.67;;;;;CMED_ICMS17;20260508;20;PF0=514.33|PF12=584.47|PF18=627.23|PF19=634.98|PF20=642.91|PF21=651.05|PF22=659.4|PMVG17=486.26|PMVG18=492.19|PMVG20=504.49
CMED;20260508;medicamento;530724100008903;;;SANTISA LABORATÓRIO FARMACÊUTICO S/A;GENTAMISAN;40 MG/ML SOL INJ CX 100 AMP VD AMB X 1 ML;SULFATO DE GENTAMICINA;7898404220185;1018600020027;90198280;530724100008903;;S;;306.59;;;;;CMED_ICMS17;20260508;20;PF0=254.47|PF12=289.17|PF18=310.33|PF19=314.16|PF20=318.09|PF21=322.11|PF22=326.24|PMVG17=240.58|PMVG18=243.52|PMVG20=249.61
CMED;20260508;medicamento;503205203112316;;;BAXTER HOSPITALAR LTDA;GENUXAL;50 MG COM REV LIB RETARD CT BL AL/AL X 50;CICLOFOSFAMIDA MONOIDRATADA;7898328790177;1068301680013;90218574;503205203112316;;S;;74.95;;;;;CMED_ICMS17;20260508;20;PF0=62.21|PF12=70.69|PF18=75.87|PF19=76.8|PF20=77.76|PF21=78.75|PF22=79.76
CMED;20260508;medicamento;503217020029103;;;BAXTER HOSPITALAR LTDA;GENUXAL;1000 MG PO SOL INJ IV CX 1 FA VD TRANS X 75 ML;CICLOFOSFAMIDA MONOIDRATADA;7898473026398;1068301680048;90359828;503217020029103;;S;;75.2;;;;;CMED_ICMS17;20260508;20;PF0=62.42|PF12=70.93|PF18=76.12|PF19=77.06|PF20=78.03|PF21=79.01|PF22=80.03|PMVG17=59.01|PMVG18=59.73|PMVG20=61.23
CMED;20260508;medicamento;503217020029203;;;BAXTER HOSPITALAR LTDA;GENUXAL;200 MG PO SOL INJ IV CX 1 FA VD TRANS X 20 ML (REST HOSP);CICLOFOSFAMIDA MONOIDRATADA;7898473026381;1068301680056;90359836;503217020029203;;S;;20.25;;;;;CMED_ICMS17;20260508;20;PF0=16.81|PF12=19.1|PF18=20.5|PF19=20.75|PF20=21.01|PF21=21.28|PF22=21.55|PMVG17=15.89|PMVG18=16.09|PMVG20=16.49
CMED;20260508;medicamento;541525040031817;;;VIATRIS FARMACEUTICA DO BRASIL LTDA;GEODON;40 MG CAP DURA CT BL AL AL X 14;CLORIDRATO DE ZIPRASIDONA MONOIDRATADO;7891268114706;1883001020012;90605462;541525040031817;;N;;241.25;332.54;;;;CMED_ICMS17;20260508;20;PF0=200.24|PF12=227.55|PF18=244.2|PF19=247.21|PF20=250.3|PF21=253.47|PF22=256.72|PMC0=276.01|PMC12=313.65|PMC18=336.6|PMC19=340.75|PMC20=345.01|PMC21=349.38|PMC22=353.86
CMED;20260508;medicamento;541525040031917;;;VIATRIS FARMACEUTICA DO BRASIL LTDA;GEODON;40 MG CAP DURA CT BL AL AL X 30;CLORIDRATO DE ZIPRASIDONA MONOIDRATADO;7898560666926;1883001020039;90605470;541525040031917;;N;;517.2;712.91;;;;CMED_ICMS17;20260508;20;PF0=429.28|PF12=487.82|PF18=523.51|PF19=529.98|PF20=536.6|PF21=543.39|PF22=550.36|PMC0=591.72|PMC12=672.41|PMC18=721.6|PMC19=730.52|PMC20=739.65|PMC21=749.01|PMC22=758.61
CMED;20260508;medicamento;541525040032017;;;VIATRIS FARMACEUTICA DO BRASIL LTDA;GEODON;80 MG CAP DURA CT BL AL AL X 14;CLORIDRATO DE ZIPRASIDONA MONOIDRATADO;7891268114836;1883001020055;90605489;541525040032017;;N;;401.71;553.72;;;;CMED_ICMS17;20260508;20;PF0=333.42|PF12=378.89|PF18=406.61|PF19=411.63|PF20=416.78|PF21=422.05|PF22=427.46|PMC0=459.58|PMC12=522.26|PMC18=560.47|PMC19=567.39|PMC20=574.49|PMC21=581.75|PMC22=589.21
CMED;20260508;medicamento;541525040032117;;;VIATRIS FARMACEUTICA DO BRASIL LTDA;GEODON;80 MG CAP DURA CT BL AL AL X 30;CLORIDRATO DE ZIPRASIDONA MONOIDRATADO;7898560666933;1883001020071;90605497;541525040032117;;N;;860.86;1186.61;;;;CMED_ICMS17;20260508;20;PF0=714.51|PF12=811.94|PF18=871.35|PF19=882.11|PF20=893.14|PF21=904.44|PF22=916.04|PMC0=984.88|PMC12=1119.17|PMC18=1201.07|PMC19=1215.9|PMC20=1231.1|PMC21=1246.68|PMC22=1262.67
CMED;20260508;medicamento;552820050066917;;;LABORATORIOS PFIZER LTDA;GEODON;40 MG CAP DURA CT BL AL AL X 30;CLORIDRATO DE ZIPRASIDONA;7908236800759;1021602710039;90468929;552820050066917;;N;;387.53;534.17;;;;CMED_ICMS17;20260508;20;PF0=321.65|PF12=365.51|PF18=392.26|PF19=397.1|PF20=402.06|PF21=407.15|PF22=412.37|PMC0=443.36|PMC12=503.82|PMC18=540.69|PMC19=547.36|PMC20=554.2|PMC21=561.21|PMC22=568.41
CMED;20260508;medicamento;552820050067117;;;LABORATORIOS PFIZER LTDA;GEODON;80 MG CAP DURA CT BL AL AL X 30;CLORIDRATO DE ZIPRASIDONA;7908236800766;1021602710071;90468945;552820050067117;;N;;645.04;889.12;;;;CMED_ICMS17;20260508;20;PF0=535.38|PF12=608.39|PF18=652.9|PF19=660.96|PF20=669.23|PF21=677.7|PF22=686.38|PMC0=737.97|PMC12=838.6|PMC18=899.95|PMC19=911.06|PMC20=922.46|PMC21=934.14|PMC22=946.1
CMED;20260508;medicamento;500511501112311;;;ACHÉ LABORATÓRIOS FARMACÊUTICOS S.A;GERIATON;COM REV CT FR PLAS OPC X 30;"NICOTINAMIDA;CIANOCOBALAMINA 0,1%;BETACAROTENO;PANAX GINSENG C. A. MEY.;ACETATO DE RETINOL;PANTOTENATO DE CÁLCIO;RIBOFLAVINA;INOSITOL;FUMARATO FERROSO;SELENATO DE SÓDIO;ADENOSINA;NITRATO DE TIAMINA;ACETATO DE RACEALFATOCOFEROL;ÁCIDO FÓLICO;BIOTINA;ÁCIDO ASCÓRBICO 90%";7896658001802;1057300720059;90004272;500511501112311;;N;;62.1;83.3;;;;CMED_ICMS17;20260508;20;PF0=51.54|PF12=58.57|PF18=62.85|PF19=63.63|PF20=64.43|PF21=65.24|PF22=66.08|PMC0=69.14|PMC12=78.57|PMC18=84.31|PMC19=85.36|PMC20=86.43|PMC21=87.52|PMC22=88.64|PMVG17=48.73|PMVG18=49.32|PMVG20=50.56
CMED;20260508;medicamento;506320030032907;;;CIFARMA CIENTÍFICA FARMACÊUTICA LTDA;GERILON;CAP MOLE CT BL AL PLAS PVC/PVDC TRANS X 60;"PANAX GINSENG;IODETO DE POTÁSSIO;NICOTINAMIDA;SULFATO DE MANGANÊS;ACETATO DE RETINOL;PANTOTENATO DE CÁLCIO;RIBOFLAVINA;CLORIDRATO DE PIRIDOXINA;ÁCIDO ASCÓRBICO;CIANOCOBALAMINA;SULFATO DE POTÁSSIO;RUTOSÍDEO;FUMARATO FERROSO;NITRATO DE TIAMINA;ACETATO DE RACEALFATOCOFEROL;FLUORETO;BIOTINA;COLECALCIFEROL";7898495608749;1156001940020;90445511;506320030032907;;N;;83.29;111.73;;;;CMED_ICMS17;20260508;20;PF0=69.13|PF12=78.56|PF18=84.3|PF19=85.35|PF20=86.41|PF21=87.51|PF22=88.63|PMC0=92.74|PMC12=105.39|PMC18=113.09|PMC19=114.49|PMC20=115.92|PMC21=117.39|PMC22=118.89|PMVG17=65.36|PMVG18=66.15|PMVG20=67.81
CMED;20260508;medicamento;506320030033007;;;CIFARMA CIENTÍFICA FARMACÊUTICA LTDA;GERILON;CAP MOLE CT BL AL PLAS PVC/PVDC TRANS X 30;"PANAX GINSENG;IODETO DE POTÁSSIO;NICOTINAMIDA;SULFATO DE MANGANÊS;ACETATO DE RETINOL;PANTOTENATO DE CÁLCIO;RIBOFLAVINA;CLORIDRATO DE PIRIDOXINA;ÁCIDO ASCÓRBICO;CIANOCOBALAMINA;SULFATO DE POTÁSSIO;RUTOSÍDEO;FUMARATO FERROSO;NITRATO DE TIAMINA;ACETATO DE RACEALFATOCOFEROL;FLUORETO;BIOTINA;COLECALCIFEROL";7898495608732;1156001940012;90445686;506320030033007;;N;;62.45;83.77;;;;CMED_ICMS17;20260508;20;PF0=51.83|PF12=58.9|PF18=63.21|PF19=63.99|PF20=64.79|PF21=65.61|PF22=66.45|PMC0=69.53|PMC12=79.01|PMC18=84.79|PMC19=85.84|PMC20=86.91|PMC21=88.01|PMC22=89.14|PMVG17=49|PMVG18=49.6|PMVG20=50.84
CMED;20260508;medicamento;507714701113422;;;EMS S/A;GEROVITAL;CAP GEL MOLE CT BL AL PLAS TRANS X 60;"IODETO DE POTÁSSIO;NICOTINAMIDA;SULFATO DE MANGANÊS;PALMITATO DE RETINOL;PANAX GINSENG C. A. MEY.;SULFATO FERROSO;RIBOFLAVINA;CLORIDRATO DE PIRIDOXINA;ÁCIDO ASCÓRBICO;CIANOCOBALAMINA;FLUORETO DE SÓDIO;SULFATO DE POTÁSSIO;RUTOSÍDEO;D-PANTENOL;FOSFATO DE CÁLCIO DIBÁSICO;NITRATO DE TIAMINA;ACETATO DE RACEALFATOCOFEROL;SULFATO DE MAGNÉSIO;BIOTINA;COLECALCIFEROL";7896004717999;1023503390059;90256131;507714701113422;;N;;101.41;136.04;;;;CMED_ICMS17;20260508;20;PF0=84.17|PF12=95.65|PF18=102.65|PF19=103.91|PF20=105.21|PF21=106.54|PF22=107.91|PMC0=112.91|PMC12=128.31|PMC18=137.7|PMC19=139.39|PMC20=141.14|PMC21=142.92|PMC22=144.76|PMVG17=79.58|PMVG18=80.55|PMVG20=82.56
CMED;20260508;medicamento;541820030122007;;;EMS S/A;GEROVITAL;CAP GEL MOLE CT BL AL PLAS TRANS X 30;"IODETO DE POTÁSSIO;NICOTINAMIDA;SULFATO DE MANGANÊS;PALMITATO DE RETINOL;PANAX GINSENG C. A. MEY.;SULFATO FERROSO;RIBOFLAVINA;CLORIDRATO DE PIRIDOXINA;ÁCIDO ASCÓRBICO;CIANOCOBALAMINA;FLUORETO DE SÓDIO;SULFATO DE POTÁSSIO;RUTOSÍDEO;D-PANTENOL;FOSFATO DE CÁLCIO DIBÁSICO;NITRATO DE TIAMINA;ACETATO DE RACEALFATOCOFEROL;SULFATO DE MAGNÉSIO;BIOTINA;COLECALCIFEROL";7896004770185;1023503390040;90446089;541820030122007;;N;;76.02;101.98;;;;CMED_ICMS17;20260508;20;PF0=63.1|PF12=71.7|PF18=76.95|PF19=77.9|PF20=78.88|PF21=79.87|PF22=80.9|PMC0=84.65|PMC12=96.18|PMC18=103.23|PMC19=104.5|PMC20=105.81|PMC21=107.14|PMC22=108.52|PMVG17=59.65|PMVG18=60.38|PMVG20=61.9
CMED;20260508;medicamento;508018110123804;;;EUROFARMA LABORATORIOS S.A.;GÉSICO;50 MG CAP DURA CT BL AL PLAS OPC X 10;CLORIDRATO DE TRAMADOL;7891317003104;1004312540033;90399439;508018110123804;;N;;57.66;79.48;;;;CMED_ICMS17;20260508;20;PF0=47.86|PF12=54.39|PF18=58.37|PF19=59.09|PF20=59.83|PF21=60.58|PF22=61.36|PMC0=65.97|PMC12=74.97|PMC18=80.46|PMC19=81.45|PMC20=82.47|PMC21=83.5|PMC22=84.58|PMVG17=45.25|PMVG18=45.8|PMVG20=46.95
CMED;20260508;medicamento;508018110123904;;;EUROFARMA LABORATORIOS S.A.;GÉSICO;100 MG COM REV LIB PROL CT BL AL PLAS TRANS X 10;CLORIDRATO DE TRAMADOL;7891317003128;1004312540165;90399447;508018110123904;;N;;100.71;138.82;;;;CMED_ICMS17;20260508;20;PF0=83.59|PF12=94.99|PF18=101.94|PF19=103.2|PF20=104.49|PF21=105.81|PF22=107.17|PMC0=115.22|PMC12=130.93|PMC18=140.51|PMC19=142.25|PMC20=144.03|PMC21=145.85|PMC22=147.72|PMVG17=79.03|PMVG18=79.99|PMVG20=81.99
CMED;20260508;medicamento;508020080134207;;;EUROFARMA LABORATORIOS S.A.;GÉSICO DUO;(37,5 + 325,0) MG COM REV CT BL AL PLAS PVC/PVDC TRANS X 10;"CLORIDRATO DE TRAMADOL;PARACETAMOL";7891317158224;1004313040018;90481739;508020080134207;;N;;29.35;39.37;;;;CMED_ICMS17;20260508;20;PF0=24.36|PF12=27.68|PF18=29.71|PF19=30.07|PF20=30.45|PF21=30.84|PF22=31.23|PMC0=32.68|PMC12=37.13|PMC18=39.85|PMC19=40.34|PMC20=40.85|PMC21=41.37|PMC22=41.89|PMVG17=23.03|PMVG18=23.31|PMVG20=23.89
CMED;20260508;medicamento;508020080134307;;;EUROFARMA LABORATORIOS S.A.;GÉSICO DUO;(37,5 + 325,0) MG COM REV CT BL AL PLAS PVC/PVDC TRANS X 20;"CLORIDRATO DE TRAMADOL;PARACETAMOL";7891317158255;1004313040042;90481720;508020080134307;;N;;51.18;68.66;;;;CMED_ICMS17;20260508;20;PF0=42.48|PF12=48.27|PF18=51.8|PF19=52.44|PF20=53.1|PF21=53.77|PF22=54.46|PMC0=56.99|PMC12=64.75|PMC18=69.49|PMC19=70.35|PMC20=71.23|PMC21=72.13|PMC22=73.06|PMVG17=40.16|PMVG18=40.65|PMVG20=41.67
CMED;20260508;medicamento;508024070184103;;;EUROFARMA LABORATORIOS S.A.;GÉSICO DUO;(37,5 + 325,0) MG COM REV CT BL AL PLAS PVC/PVDC TRANS X 30;"CLORIDRATO DE TRAMADOL;PARACETAMOL";7891317038656;1004313040050;90590392;508024070184103;;N;;82.41;110.55;;;;CMED_ICMS17;20260508;20;PF0=68.4|PF12=77.73|PF18=83.41|PF19=84.44|PF20=85.5|PF21=86.58|PF22=87.69|PMC0=91.76|PMC12=104.27|PMC18=111.89|PMC19=113.27|PMC20=114.7|PMC21=116.14|PMC22=117.63|PMVG17=64.67|PMVG18=65.45|PMVG20=67.09
CMED;20260508;medicamento;523701901110414;;;LIBBS FARMACÊUTICA LTDA;GESTINOL;0,030 + 0,075 MG COM REV CT ENVOL BL AL PLAS TRANS X 28 + CALEND;"GESTODENO;ETINILESTRADIOL";7896094201248;1003300270046;90144708;523701901110414;;N;;51.39;70.84;;;;CMED_ICMS17;20260508;20;PF0=42.65|PF12=48.47|PF18=52.01|PF19=52.65|PF20=53.31|PF21=53.99|PF22=54.68|PMC0=58.79|PMC12=66.81|PMC18=71.69|PMC19=72.57|PMC20=73.48|PMC21=74.42|PMC22=75.37|PMVG17=40.33|PMVG18=40.81|PMVG20=41.83
CMED;20260508;medicamento;523712050025603;;;LIBBS FARMACÊUTICA LTDA;GESTINOL;0,030 + 0,075 MG COM REV CT ENVOL BL AL PLAS TRANS X 84 + CALEND;"GESTODENO;ETINILESTRADIOL";7896094203068;1003300270070;90232496;523712050025603;;N;;136.92;188.73;;;;CMED_ICMS17;20260508;20;PF0=113.64|PF12=129.14|PF18=138.59|PF19=140.3|PF20=142.05|PF21=143.85|PF22=145.69|PMC0=156.64|PMC12=178.01|PMC18=191.03|PMC19=193.39|PMC20=195.8|PMC21=198.28|PMC22=200.82|PMVG17=107.44|PMVG18=108.75|PMVG20=111.47
CMED;20260508;medicamento;511516601110117;;;SANDOZ DO BRASIL INDÚSTRIA FARMACÊUTICA LTDA;GESTODENO + ETINILESTRADIOL;0,06 MG + 0,015 MG COM REV CT BL AL PLAS PVC/PE/PVDC TRANS X 24;"GESTODENO;ETINILESTRADIOL";7897595614186;1004704750013;90191544;511516601110117;S;N;;34.17;47.1;;;;CMED_ICMS17;20260508;20;PF0=28.36|PF12=32.23|PF18=34.59|PF19=35.01|PF20=35.45|PF21=35.9|PF22=36.36|PMC0=39.09|PMC12=44.43|PMC18=47.68|PMC19=48.26|PMC20=48.86|PMC21=49.48|PMC22=50.12|PMVG17=26.81|PMVG18=27.14|PMVG20=27.82
CMED;20260508;medicamento;511517110064806;;;SANDOZ DO BRASIL INDÚSTRIA FARMACÊUTICA LTDA;GESTODENO + ETINILESTRADIOL;0,06 MG + 0,015 MG COM REV CT BL AL PLAS PVC/PE/PVDC TRANS X 72;"GESTODENO;ETINILESTRADIOL";7897595614223;1004704750031;90402790;511517110064806;S;N;;77.07;106.23;;;;CMED_ICMS17;20260508;20;PF0=63.97|PF12=72.69|PF18=78.01|PF19=78.98|PF20=79.96|PF21=80.97|PF22=82.01|PMC0=88.18|PMC12=100.2|PMC18=107.53|PMC19=108.87|PMC20=110.22|PMC21=111.61|PMC22=113.04|PMVG17=60.48|PMVG18=61.21|PMVG20=62.74
CMED;20260508;medicamento;506316070029306;;;CIFARMA CIENTÍFICA FARMACÊUTICA LTDA;GESTODENO+ETINILESTRADIOL;(0,075+ 0,03) MG COM REV CT BL AL PLAS PVC TRANS X 21;"GESTODENO;ETINILESTRADIOL";7898495605823;1156001870014;90348753;506316070029306;S;N;;31.39;43.27;;;;CMED_ICMS17;20260508;20;PF0=26.05|PF12=29.6|PF18=31.77|PF19=32.16|PF20=32.56|PF21=32.97|PF22=33.4|PMC0=35.91|PMC12=40.8|PMC18=43.79|PMC19=44.33|PMC20=44.88|PMC21=45.45|PMC22=46.04|PMVG17=24.63|PMVG18=24.93|PMVG20=25.55
CMED;20260508;medicamento;504121010070503;;;BIOLAB SANUS FARMACEUTICA LTDA;GESTRELAN;(0,15 + 0,03) MG COM REV CT BL AL PLAS PVC/PVDC TRANS X 21;"LEVONORGESTREL MICRONIZADO;ETINILESTRADIOL";7896112403029;1097400610033;90499107;504121010070503;;N;;10.19;14.05;;;;CMED_ICMS17;20260508;20;PF0=8.46|PF12=9.61|PF18=10.32|PF19=10.44|PF20=10.58|PF21=10.71|PF22=10.85|PMC0=11.66|PMC12=13.25|PMC18=14.23|PMC19=14.39|PMC20=14.58|PMC21=14.76|PMC22=14.96
CMED;20260508;medicamento;504121010070603;;;BIOLAB SANUS FARMACEUTICA LTDA;GESTRELAN;(0,15 + 0,03) MG COM REV CT BL AL PLAS PVC/PVDC TRANS X 63;"LEVONORGESTREL MICRONIZADO;ETINILESTRADIOL";7896112403036;1097400610041;90499115;504121010070603;;N;;35.24;48.57;;;;CMED_ICMS17;20260508;20;PF0=29.25|PF12=33.24|PF18=35.67|PF19=36.11|PF20=36.56|PF21=37.03|PF22=37.5|PMC0=40.32|PMC12=45.82|PMC18=49.17|PMC19=49.77|PMC20=50.39|PMC21=51.04|PMC22=51.69
CMED;20260508;medicamento;574520120001107;;;BIOMM SA;GHEMAXAN;40 MG SOL INJ CT 10 SER PREENC VD TRANS X 0,4 ML;ENOXAPARINA SÓDICA;7898616360402;1334800030035;90496710;574520120001107;;N;;602.49;830.47;;;;CMED_ICMS17;20260508;20;PF0=500.07|PF12=568.26|PF18=609.84|PF19=617.37|PF20=625.09|PF21=633|PF22=641.12|PMC0=689.29|PMC12=783.29|PMC18=840.6|PMC19=850.98|PMC20=861.62|PMC21=872.52|PMC22=883.72|PMVG17=472.77|PMVG18=478.54|PMVG20=490.51
CMED;20260508;medicamento;574520120001207;;;BIOMM SA;GHEMAXAN;40 MG SOL INJ CT 10 SER PREENC VD TRANS X 0,4 ML + SIST SEGURANÇA;ENOXAPARINA SÓDICA;7898616360426;1334800030043;90496728;574520120001207;;N;;602.49;830.47;;;;CMED_ICMS17;20260508;20;PF0=500.07|PF12=568.26|PF18=609.84|PF19=617.37|PF20=625.09|PF21=633|PF22=641.12|PMC0=689.29|PMC12=783.29|PMC18=840.6|PMC19=850.98|PMC20=861.62|PMC21=872.52|PMC22=883.72|PMVG17=472.77|PMVG18=478.54|PMVG20=490.51
CMED;20260508;medicamento;574520120001307;;;BIOMM SA;GHEMAXAN;60 MG SOL INJ CT 10 SER PREENC VD TRANS GRAD X 0,6 ML + SIST SEGURANÇA;ENOXAPARINA SÓDICA;7898616360464;1334800030061;90496736;574520120001307;;N;;915.47;1261.88;;;;CMED_ICMS17;20260508;20;PF0=759.84|PF12=863.45|PF18=926.63|PF19=938.07|PF20=949.8|PF21=961.82|PF22=974.15|PMC0=1047.36|PMC12=1190.18|PMC18=1277.26|PMC19=1293.03|PMC20=1309.2|PMC21=1325.77|PMC22=1342.76|PMVG17=718.37|PMVG18=727.13|PMVG20=745.31
CMED;20260508;medicamento;574520120001407;;;BIOMM SA;GHEMAXAN;80 MG SOL INJ CT 10 SER PREENC VD TRANS GRAD X 0,8 ML;ENOXAPARINA SÓDICA;7898616360488;1334800030078;90496744;574520120001407;;N;;1219.31;1680.69;;;;CMED_ICMS17;20260508;20;PF0=1012.03|PF12=1150.03|PF18=1234.18|PF19=1249.42|PF20=1265.04|PF21=1281.05|PF22=1297.47|PMC0=1394.98|PMC12=1585.2|PMC18=1701.19|PMC19=1722.2|PMC20=1743.73|PMC21=1765.79|PMC22=1788.43|PMVG17=956.79|PMVG18=968.46|PMVG20=992.68
CMED;20260508;medicamento;574520120001507;;;BIOMM SA;GHEMAXAN;80 MG SOL INJ CT 10 SER PREENC VD TRANS GRAD X 0,8 ML + SIST SEGURANÇA;ENOXAPARINA SÓDICA;7898616360501;1334800030086;90496752;574520120001507;;N;;1219.31;1680.69;;;;CMED_ICMS17;20260508;20;PF0=1012.03|PF12=1150.03|PF18=1234.18|PF19=1249.42|PF20=1265.04|PF21=1281.05|PF22=1297.47|PMC0=1394.98|PMC12=1585.2|PMC18=1701.19|PMC19=1722.2|PMC20=1743.73|PMC21=1765.79|PMC22=1788.43|PMVG17=956.79|PMVG18=968.46|PMVG20=992.68
CMED;20260508;medicamento;574520120001607;;;BIOMM SA;GHEMAXAN;100 MG SOL INJ CT 10 SER PREENC VD TRANS GRAD X 1,0 ML + SIST SEGURANÇA;ENOXAPARINA SÓDICA;7898616360549;1334800030108;90496760;574520120001607;;N;;1583.3;2182.41;;;;CMED_ICMS17;20260508;20;PF0=1314.14|PF12=1493.34|PF18=1602.61|PF19=1622.4|PF20=1642.68|PF21=1663.47|PF22=1684.79|PMC0=1811.41|PMC12=2058.41|PMC18=2209.03|PMC19=2236.31|PMC20=2264.26|PMC21=2292.92|PMC22=2322.31|PMVG17=1242.42|PMVG18=1257.57|PMVG20=1289.01
CMED;20260508;medicamento;574520120001707;;;BIOMM SA;GHEMAXAN;20 MG SOL INJ CT 10 SER PREENC VD TRANS X 0,2 ML;ENOXAPARINA SÓDICA;7898616360365;1334800030019;90496779;574520120001707;;N;;310.11;427.45;;;;CMED_ICMS17;20260508;20;PF0=257.39|PF12=292.49|PF18=313.89|PF19=317.77|PF20=321.74|PF21=325.81|PF22=329.99|PMC0=354.79|PMC12=403.17|PMC18=432.66|PMC19=438.01|PMC20=443.49|PMC21=449.1|PMC22=454.86|PMVG17=243.34|PMVG18=246.31|PMVG20=252.47
CMED;20260508;medicamento;574520120001807;;;BIOMM SA;GHEMAXAN;60 MG SOL INJ CT 10 SER PREENC VD TRANS GRAD X 0,6 ML;ENOXAPARINA SÓDICA;7898616360440;1334800030051;90496787;574520120001807;;N;;915.47;1261.88;;;;CMED_ICMS17;20260508;20;PF0=759.84|PF12=863.45|PF18=926.63|PF19=938.07|PF20=949.8|PF21=961.82|PF22=974.15|PMC0=1047.36|PMC12=1190.18|PMC18=1277.26|PMC19=1293.03|PMC20=1309.2|PMC21=1325.77|PMC22=1342.76|PMVG17=718.37|PMVG18=727.13|PMVG20=745.31
CMED;20260508;medicamento;574520120001907;;;BIOMM SA;GHEMAXAN;100 MG SOL INJ CT 10 SER PREENC VD TRANS GRAD X 1,0 ML;ENOXAPARINA SÓDICA;7898616360525;1334800030094;90496795;574520120001907;;N;;1583.3;2182.41;;;;CMED_ICMS17;20260508;20;PF0=1314.14|PF12=1493.34|PF18=1602.61|PF19=1622.4|PF20=1642.68|PF21=1663.47|PF22=1684.79|PMC0=1811.41|PMC12=2058.41|PMC18=2209.03|PMC19=2236.31|PMC20=2264.26|PMC21=2292.92|PMC22=2322.31|PMVG17=1242.42|PMVG18=1257.57|PMVG20=1289.01
CMED;20260508;medicamento;574520120002007;;;BIOMM SA;GHEMAXAN;20 MG SOL INJ CT 10 SER PREENC VD TRANS X 0,2 ML + SIST SEGURANÇA;ENOXAPARINA SÓDICA;7898616360389;1334800030027;90496809;574520120002007;;N;;310.11;427.45;;;;CMED_ICMS17;20260508;20;PF0=257.39|PF12=292.49|PF18=313.89|PF19=317.77|PF20=321.74|PF21=325.81|PF22=329.99|PMC0=354.79|PMC12=403.17|PMC18=432.66|PMC19=438.01|PMC20=443.49|PMC21=449.1|PMC22=454.86|PMVG17=243.34|PMVG18=246.31|PMVG20=252.47
CMED;20260508;medicamento;526532501115315;;;NOVARTIS BIOCIENCIAS S.A;GILENYA;0,5 MG CAP GEL DURA CT BL AL PLAS TRANS X 28;CLORIDRATO DE FINGOLIMODE;7896261017559;1006810760031;90236157;526532501115315;;N;;9835.85;13194.44;;;;CMED_ICMS17;20260508;20;PF0=8163.76|PF12=9277|PF18=9955.8|PF19=10078.72|PF20=10204.7|PF21=10333.88|PF22=10466.36|PMC0=10951.39|PMC12=12444.77|PMC18=13355.35|PMC19=13520.24|PMC20=13689.24|PMC21=13862.53|PMC22=14040.25|PMVG17=7718.19|PMVG18=7812.32|PMVG20=8007.63
CMED;20260508;medicamento;552925060172104;;;ACHÉ LABORATÓRIOS FARMACÊUTICOS S.A;GILMOV;1 MG COM CT BL AL AL X 10;MESILATO DE RASAGILINA;7896658051678;1057301050014;90609034;552925060172104;;N;;64.36;86.34;;;;CMED_ICMS17;20260508;20;PF0=53.42|PF12=60.7|PF18=65.15|PF19=65.95|PF20=66.78|PF21=67.62|PF22=68.49|PMC0=71.66|PMC12=81.43|PMC18=87.4|PMC19=88.47|PMC20=89.58|PMC21=90.71|PMC22=91.88|PMVG17=50.5|PMVG18=51.12|PMVG20=52.4
CMED;20260508;medicamento;552925060172204;;;ACHÉ LABORATÓRIOS FARMACÊUTICOS S.A;GILMOV;1 MG COM CT BL AL AL X 30;MESILATO DE RASAGILINA;7896658051111;1057301050030;90609042;552925060172204;;N;;193.07;259;;;;CMED_ICMS17;20260508;20;PF0=160.25|PF12=182.1|PF18=195.43|PF19=197.84|PF20=200.31|PF21=202.85|PF22=205.45|PMC0=214.97|PMC12=244.28|PMC18=262.16|PMC19=265.4|PMC20=268.71|PMC21=272.12|PMC22=275.6|PMVG17=151.5|PMVG18=153.35|PMVG20=157.18
CMED;20260508;medicamento;509001901112416;;;FARMOQUÍMICA S/A;GINESSE;0,075 MG + 0,020 MG COM REV CT BL AL PLAS INC - SACH CALEND X 21;"GESTODENO;ETINILESTRADIOL";7898040320584;1039001310020;90074114;509001901112416;;N;;43.99;60.64;;;;CMED_ICMS17;20260508;20;PF0=36.51|PF12=41.49|PF18=44.52|PF19=45.07|PF20=45.64|PF21=46.22|PF22=46.81|PMC0=50.33|PMC12=57.19|PMC18=61.37|PMC19=62.12|PMC20=62.91|PMC21=63.71|PMC22=64.52|PMVG17=34.52|PMVG18=34.93|PMVG20=35.81
CMED;20260508;medicamento;509018010021703;;;FARMOQUÍMICA S/A;GINESSE;0,075 MG + 0,020 MG COM REV CT BL AL PLAS INC - SACH CALEND X 63;"GESTODENO;ETINILESTRADIOL";7898040322328;1039001310039;90400186;509018010021703;;N;;131.92;181.84;;;;CMED_ICMS17;20260508;20;PF0=109.49|PF12=124.42|PF18=133.52|PF19=135.17|PF20=136.86|PF21=138.59|PF22=140.37|PMC0=150.92|PMC12=171.5|PMC18=184.04|PMC19=186.32|PMC20=188.65|PMC21=191.03|PMC22=193.49|PMVG17=103.52|PMVG18=104.77|PMVG20=107.39
CMED;20260508;medicamento;504920100011907;;;BRASTERAPICA PHARMACEUTICA LTDA.;GINKGO BILOBA BRASTERAPICA;80 MG COM REV CT BL AL PLAS PVDC TRANS X 30;GINKGO BILOBA L.;7898100244225;1003801070023;90491033;504920100011907;;N;;55.96;75.07;;;;CMED_ICMS17;20260508;20;PF0=46.45|PF12=52.78|PF18=56.65|PF19=57.35|PF20=58.06|PF21=58.8|PF22=59.55|PMC0=62.31|PMC12=70.8|PMC18=75.99|PMC19=76.93|PMC20=77.89|PMC21=78.88|PMC22=79.88|PMVG17=43.91|PMVG18=44.45|PMVG20=45.56
CMED;20260508;medicamento;522125010007807;;;LABORATÓRIOS OSÓRIO DE MORAES LTDA;GINKGO BILOBA LABORATÓRIOS OSÓRIO DE MORAES;80 MG COM REV CT BL AL PLAS TRANS X 30;GINKGO BILOBA L.;7898089301407;1050400540039;90603222;522125010007807;;N;;41.98;56.31;;;;CMED_ICMS17;20260508;20;PF0=34.84|PF12=39.59|PF18=42.49|PF19=43.01|PF20=43.55|PF21=44.1|PF22=44.67|PMC0=46.74|PMC12=53.11|PMC18=57|PMC19=57.7|PMC20=58.42|PMC21=59.16|PMC22=59.92|PMVG17=32.94|PMVG18=33.34|PMVG20=34.17
CMED;20260508;medicamento;522125010007907;;;LABORATÓRIOS OSÓRIO DE MORAES LTDA;GINKGO BILOBA LABORATÓRIOS OSÓRIO DE MORAES;120 MG COM REV CT BL AL PLAS TRANS X 30;GINKGO BILOBA L.;7898089301506;1050400540136;90603230;522125010007907;;N;;62.47;83.8;;;;CMED_ICMS17;20260508;20;PF0=51.85|PF12=58.92|PF18=63.23|PF19=64.01|PF20=64.81|PF21=65.63|PF22=66.47|PMC0=69.55|PMC12=79.04|PMC18=84.82|PMC19=85.87|PMC20=86.94|PMC21=88.04|PMC22=89.17|PMVG17=49.02|PMVG18=49.62|PMVG20=50.86
CMED;20260508;medicamento;516120060003707;;;LABORATORIO CATARINENSE LTDA;GINKGO CATARINENSE;80 MG COM REV CT BL AL PLAS PVC/PVDC TRANS X 30;GINKGO BILOBA L.;7896023743009;1006633710045;90471610;516120060003707;;N;;18.86;25.3;;;;CMED_ICMS17;20260508;20;PF0=15.65|PF12=17.78|PF18=19.09|PF19=19.32|PF20=19.56|PF21=19.81|PF22=20.06|PMC0=20.99|PMC12=23.85|PMC18=25.61|PMC19=25.92|PMC20=26.24|PMC21=26.57|PMC22=26.91|PMVG17=14.8|PMVG18=14.98|PMVG20=15.35
CMED;20260508;medicamento;581220040001107;;;LABORATORIO VITALAB LTDA;GINKGO ES;80 MG CAP DURA CT BL AL PLAS PVC TRANS X 45;GINKGO BILOBA L.;7896874700954;1540000040300;90446135;581220040001107;;N;;53.57;71.86;;;;CMED_ICMS17;20260508;20;PF0=44.46|PF12=50.52|PF18=54.22|PF19=54.89|PF20=55.58|PF21=56.28|PF22=57|PMC0=59.64|PMC12=67.77|PMC18=72.73|PMC19=73.63|PMC20=74.56|PMC21=75.5|PMC22=76.46|PMVG17=42.04|PMVG18=42.55|PMVG20=43.61
CMED;20260508;medicamento;511419120007207;;;HERBARIUM LABORATORIO BOTANICO LTDA;GINKGO HERBARIUM;40 MG CAP GEL DURA CT BL AL PLAS INC X 60;GINKGO BILOBA L.;7896083400058;1186000820041;90458290;511419120007207;;N;;52.55;70.49;;;;CMED_ICMS17;20260508;20;PF0=43.62|PF12=49.57|PF18=53.2|PF19=53.85|PF20=54.53|PF21=55.22|PF22=55.92|PMC0=58.51|PMC12=66.5|PMC18=71.37|PMC19=72.24|PMC20=73.15|PMC21=74.08|PMC22=75.01|PMVG17=41.24|PMVG18=41.75|PMVG20=42.79
CMED;20260508;medicamento;521822010002207;;;VIDORA FARMACEUTICA LTDA;GINKGO VIDORA;80 MG COM REV CT BL AL PLAS PVDC TRANS X 30;GINKGO BILOBA L.;7897930011229;1047300440024;90524535;521822010002207;;N;;32.98;44.24;;;;CMED_ICMS17;20260508;20;PF0=27.37|PF12=31.1|PF18=33.38|PF19=33.79|PF20=34.21|PF21=34.65|PF22=35.09|PMC0=36.72|PMC12=41.72|PMC18=44.78|PMC19=45.33|PMC20=45.89|PMC21=46.48|PMC22=47.07|PMVG17=25.88|PMVG18=26.19|PMVG20=26.84
CMED;20260508;medicamento;521822010002307;;;VIDORA FARMACEUTICA LTDA;GINKGO VIDORA;120 MG COM REV CT BL AL PLAS PVDC TRANS X 30;GINKGO BILOBA L.;7897930011243;1047300440075;90524543;521822010002307;;N;;46.76;62.73;;;;CMED_ICMS17;20260508;20;PF0=38.81|PF12=44.1|PF18=47.33|PF19=47.91|PF20=48.51|PF21=49.13|PF22=49.76|PMC0=52.06|PMC12=59.16|PMC18=63.49|PMC19=64.27|PMC20=65.07|PMC21=65.91|PMC22=66.75|PMVG17=36.69|PMVG18=37.14|PMVG20=38.07
CMED;20260508;medicamento;528520010163807;;;PRATI DONADUZZI & CIA LTDA;GINKGO VITAL;120 MG COM REV CT BL AL PLAS TRANS ACLAR X 30;GINKGO BILOBA L.;7899547508857;1256802360274;90456033;528520010163807;;N;;54.72;73.4;;;;CMED_ICMS17;20260508;20;PF0=45.42|PF12=51.61|PF18=55.39|PF19=56.07|PF20=56.78|PF21=57.49|PF22=58.23|PMC0=60.93|PMC12=69.23|PMC18=74.3|PMC19=75.22|PMC20=76.17|PMC21=77.12|PMC22=78.11|PMVG17=42.94|PMVG18=43.46|PMVG20=44.56
CMED;20260508;medicamento;528520010163907;;;PRATI DONADUZZI & CIA LTDA;GINKGO VITAL;80 MG COM REV CT BL AL PLAS TRANS ACLAR X 30;GINKGO BILOBA L.;7899547508758;1256802360177;90456130;528520010163907;;N;;42.55;57.08;;;;CMED_ICMS17;20260508;20;PF0=35.32|PF12=40.14|PF18=43.07|PF19=43.6|PF20=44.15|PF21=44.71|PF22=45.28|PMC0=47.38|PMC12=53.85|PMC18=57.78|PMC19=58.49|PMC20=59.23|PMC21=59.98|PMC22=60.74|PMVG17=33.39|PMVG18=33.8|PMVG20=34.64
CMED;20260508;medicamento;528520010164007;;;PRATI DONADUZZI & CIA LTDA;GINKGO VITAL;80 MG COM REV CT BL AL PLAS TRANS ACLAR X 60;GINKGO BILOBA L.;7899547508765;1256802360185;90456149;528520010164007;;N;;78.48;105.28;;;;CMED_ICMS17;20260508;20;PF0=65.14|PF12=74.02|PF18=79.44|PF19=80.42|PF20=81.43|PF21=82.46|PF22=83.51|PMC0=87.38|PMC12=99.3|PMC18=106.57|PMC19=107.88|PMC20=109.24|PMC21=110.62|PMC22=112.03|PMVG17=61.58|PMVG18=62.34|PMVG20=63.9
CMED;20260508;medicamento;528520010164107;;;PRATI DONADUZZI & CIA LTDA;GINKGO VITAL;80 MG COM REV CT BL AL PLAS TRANS ACLAR X 300 (EMB HOSP);GINKGO BILOBA L.;7899547508796;1256802360215;90456157;528520010164107;;S;;481.48;;;;;CMED_ICMS17;20260508;20;PF0=399.63|PF12=454.13|PF18=487.35|PF19=493.37|PF20=499.54|PF21=505.86|PF22=512.35|PMVG17=377.82|PMVG18=382.42|PMVG20=391.99
CMED;20260508;medicamento;536220060011007;;;ZYDUS NIKKHO FARMACÊUTICA LTDA;GINKOBA;120 MG COM REV CT BL AL PLAS PVC TRANS X 30;GINKGO BILOBA L.;7897460401293;1565100430033;90471660;536220060011007;;N;;82.59;110.79;;;;CMED_ICMS17;20260508;20;PF0=68.55|PF12=77.9|PF18=83.6|PF19=84.63|PF20=85.69|PF21=86.77|PF22=87.88|PMC0=91.96|PMC12=104.5|PMC18=112.15|PMC19=113.53|PMC20=114.95|PMC21=116.4|PMC22=117.89|PMVG17=64.81|PMVG18=65.6|PMVG20=67.24
CMED;20260508;medicamento;536220060011107;;;ZYDUS NIKKHO FARMACÊUTICA LTDA;GINKOBA;80 MG COM REV CT BL AL PLAS PVC TRANS X 30;GINKGO BILOBA L.;7897460401255;1565100430051;90471679;536220060011107;;N;;55.84;74.91;;;;CMED_ICMS17;20260508;20;PF0=46.35|PF12=52.67|PF18=56.52|PF19=57.22|PF20=57.94|PF21=58.67|PF22=59.42|PMC0=62.18|PMC12=70.65|PMC18=75.82|PMC19=76.76|PMC20=77.72|PMC21=78.7|PMC22=79.71|PMVG17=43.82|PMVG18=44.35|PMVG20=45.47
CMED;20260508;medicamento;515119120011107;;;KLEY HERTZ FARMACEUTICA S.A;GINKOCAPS;80 MG CAP DURA CT BL AL PLAS TRANS X 30;GINKGO BILOBA L.;7896331701562;1068901210085;90442415;515119120011107;;N;;29.75;39.91;;;;CMED_ICMS17;20260508;20;PF0=24.69|PF12=28.06|PF18=30.11|PF19=30.48|PF20=30.86|PF21=31.25|PF22=31.65|PMC0=33.12|PMC12=37.64|PMC18=40.39|PMC19=40.89|PMC20=41.4|PMC21=41.92|PMC22=42.46|PMVG17=23.34|PMVG18=23.63|PMVG20=24.22
CMED;20260508;medicamento;515126020015207;;;KLEY HERTZ FARMACEUTICA S.A;GINKOCAPS;80MG COM REV CT BL AL PLAS PVC/PE/PVDC 90 TRANS X 30;GINKGO BILOBA L.;7896331709155;1068901210107;;515126020015207;;N;;29.75;39.91;;;;CMED_ICMS17;20260508;20;PF0=24.69|PF12=28.06|PF18=30.11|PF19=30.48|PF20=30.86|PF21=31.25|PF22=31.65|PMC0=33.12|PMC12=37.64|PMC18=40.39|PMC19=40.89|PMC20=41.4|PMC21=41.92|PMC22=42.46|PMVG17=23.34|PMVG18=23.63|PMVG20=24.22
CMED;20260508;medicamento;506422070050807;;;CIMED INDUSTRIA S.A;GINKOMED;80 MG COM REV CT BL AL AL X 30;GINKGO BILOBA L.;7896523206479;1438100670081;90540883;506422070050807;;N;;29.12;39.06;;;;CMED_ICMS17;20260508;20;PF0=24.17|PF12=27.47|PF18=29.48|PF19=29.84|PF20=30.21|PF21=30.59|PF22=30.99|PMC0=32.42|PMC12=36.85|PMC18=39.55|PMC19=40.03|PMC20=40.53|PMC21=41.04|PMC22=41.57|PMVG17=22.85|PMVG18=23.13|PMVG20=23.71
CMED;20260508;medicamento;508013040096204;;;EUROFARMA LABORATORIOS S.A.;GINNA;0,02 G/G CREM VAG CT BG AL X 40 G + 7 APLIC;NITRATO DE FENTICONAZOL;7891317489595;1004310720018;90251725;508013040096204;;N;;37.82;50.73;;;;CMED_ICMS17;20260508;20;PF0=31.39|PF12=35.67|PF18=38.28|PF19=38.75|PF20=39.24|PF21=39.73|PF22=40.24|PMC0=42.11|PMC12=47.85|PMC18=51.35|PMC19=51.98|PMC20=52.64|PMC21=53.3|PMC22=53.98|PMVG17=29.68|PMVG18=30.04|PMVG20=30.79
CMED;20260508;medicamento;510406901162415;;;GEOLAB INDÚSTRIA FARMACÊUTICA S/A;GINO MIZONOL;20 MG/G CREM VAG CT BG AL X 80 G + 14 APLIC;NITRATO DE MICONAZOL;7899095202511;1542300570018;90079710;510406901162415;;N;;38.92;52.21;;;;CMED_ICMS17;20260508;20;PF0=32.3|PF12=36.7|PF18=39.39|PF19=39.88|PF20=40.38|PF21=40.89|PF22=41.41|PMC0=43.33|PMC12=49.23|PMC18=52.84|PMC19=53.5|PMC20=54.17|PMC21=54.85|PMC22=55.55|PMVG17=30.54|PMVG18=30.91|PMVG20=31.69
CMED;20260508;medicamento;538921040033507;;;BAYER S.A.;GINO-CANESTEN;500 MG CAP MOLE VAG CT BL AL PLAS PVC/PVDC/PVC + APLIC;CLOTRIMAZOL;7891106912303;1705601240015;90506073;538921040033507;;N;;88.37;118.55;;;;CMED_ICMS17;20260508;20;PF0=73.35|PF12=83.35|PF18=89.45|PF19=90.56|PF20=91.69|PF21=92.85|PF22=94.04|PMC0=98.4|PMC12=111.81|PMC18=119.99|PMC19=121.48|PMC20=123|PMC21=124.55|PMC22=126.15|PMVG17=69.34|PMVG18=70.19|PMVG20=71.95
CMED;20260508;medicamento;510410501165415;;;GEOLAB INDÚSTRIA FARMACÊUTICA S/A;GINO-COLON;(30 + 20) MG/G CREM VAG CT BG AL X 45G + 7 APLIC;"NITRATO DE MICONAZOL;TINIDAZOL";7899095203518;1542301120016;90079701;510410501165415;;N;;44.29;59.41;;;;CMED_ICMS17;20260508;20;PF0=36.76|PF12=41.77|PF18=44.83|PF19=45.38|PF20=45.95|PF21=46.53|PF22=47.13|PMC0=49.31|PMC12=56.03|PMC18=60.14|PMC19=60.88|PMC20=61.64|PMC21=62.42|PMC22=63.22|PMVG17=34.75|PMVG18=35.18|PMVG20=36.06
CMED;20260508;medicamento;557821060001707;;;BIONATUS LABORATÓRIO BOTÂNICO LTDA;GINSENG BIONATUS;500 MG CAP DURA CT BL AL PLAS PVC TRANS X 45;PANAX GINSENG C. A. MEY.;7896108002267;1200900250052;90515331;557821060001707;;N;;49.66;66.62;;;;CMED_ICMS17;20260508;20;PF0=41.22|PF12=46.84|PF18=50.27|PF19=50.89|PF20=51.53|PF21=52.18|PF22=52.85|PMC0=55.3|PMC12=62.83|PMC18=67.44|PMC19=68.27|PMC20=69.13|PMC21=70|PMC22=70.9|PMVG17=38.97|PMVG18=39.45|PMVG20=40.44
CMED;20260508;medicamento;557822090002007;;;BIONATUS LABORATÓRIO BOTÂNICO LTDA;GINSENG BIONATUS;500 MG CAP DURA CT 2 BL AL PLAS PVC TRANS X 15;PANAX GINSENG C. A. MEY.;7896108017117;1200900250044;90548124;557822090002007;;N;;39.73;53.3;;;;CMED_ICMS17;20260508;20;PF0=32.98|PF12=37.48|PF18=40.22|PF19=40.72|PF20=41.23|PF21=41.75|PF22=42.28|PMC0=44.24|PMC12=50.28|PMC18=53.95|PMC19=54.62|PMC20=55.31|PMC21=56.01|PMC22=56.72|PMVG17=31.18|PMVG18=31.56|PMVG20=32.35
CMED;20260508;medicamento;504516050020502;;;BOEHRINGER INGELHEIM DO BRASIL QUIMICA E FARMACEUTICA LTDA.;GIOTRIF;30 MG COM REV CT ENVOL BL AL PLAS PVC/PVDC TRANS X 28;DIMALEATO DE AFATINIBE;7896026306102;1036701740023;90348141;504516050020502;;N;;4748.32;6369.7;;;;CMED_ICMS17;20260508;20;PF0=3941.11|PF12=4478.54|PF18=4806.23|PF19=4865.57|PF20=4926.39|PF21=4988.75|PF22=5052.7|PMC0=5286.86|PMC12=6007.8|PMC18=6447.39|PMC19=6526.99|PMC20=6608.58|PMC21=6692.23|PMC22=6778.02|PMVG17=3726.01|PMVG18=3771.45|PMVG20=3865.74
CMED;20260508;medicamento;504516050020602;;;BOEHRINGER INGELHEIM DO BRASIL QUIMICA E FARMACEUTICA LTDA.;GIOTRIF;40 MG COM REV CT ENVOL BL AL PLAS PVC/PVDC TRANS X 28;DIMALEATO DE AFATINIBE;7896026306096;1036701740031;90348150;504516050020602;;N;;6331.12;8492.97;;;;CMED_ICMS17;20260508;20;PF0=5254.83|PF12=5971.4|PF18=6408.33|PF19=6487.44|PF20=6568.54|PF21=6651.68|PF22=6736.96|PMC0=7049.17|PMC12=8010.42|PMC18=8596.55|PMC19=8702.67|PMC20=8811.46|PMC21=8922.99|PMC22=9037.39|PMVG17=4968.03|PMVG18=5028.62|PMVG20=5154.33
CMED;20260508;medicamento;587920100000207;;;SPECIALTY PHARMA GOIAS LTDA;GIVLAARI;189 MG/ML SOL INJ SC CT FA VD TRANS X 1ML;GIVOSIRANA SÓDICA;7898965751012;1936100020015;90497600;587920100000207;;N;;341892.43;458636.52;;;;CMED_ICMS17;20260508;20;PF0=283770.78|PF12=322466.9|PF18=346061.87|PF19=350334.32|PF20=354713.48|PF21=359203.58|PF22=363808.61|PMC0=380668.4|PMC12=432577.87|PMC18=464229.68|PMC19=469961.02|PMC20=475835.5|PMC21=481858.81|PMC22=488036.3|PMVG17=268282.99|PMVG18=271554.75|PMVG20=278343.67
CMED;20260508;medicamento;520730801175414;;;LABORATORIO TEUTO BRASILEIRO S/A;GLALFITAL;20 MG/ML + 5MG/ML SOL OFT CT FR PLAS OPC GOT X 5,0 ML;"MALEATO ÁCIDO DE TIMOLOL;CLORIDRATO DE DORZOLAMIDA";7896112138389;1037005330038;90137973;520730801175414;;N;;113.88;156.97;;;;CMED_ICMS17;20260508;20;PF0=94.52|PF12=107.41|PF18=115.27|PF19=116.69|PF20=118.15|PF21=119.65|PF22=121.18|PMC0=130.29|PMC12=148.05|PMC18=158.89|PMC19=160.85|PMC20=162.86|PMC21=164.93|PMC22=167.03|PMVG17=89.36|PMVG18=90.45|PMVG20=92.71
CMED;20260508;medicamento;559123010009504;;;LABORATÓRIOS BAGÓ DO BRASIL S/A;GLAMETIX;20 MG/ML SOL INJ SC CT 28 SER PREENC VD TRANS X 1 ML;ACETATO DE GLATIRÂMER;7898605330348;1562600320011;90559037;559123010009504;;N;;7197.38;9920.84;;;;CMED_ICMS17;20260508;20;PF0=5973.83|PF12=6788.45|PF18=7285.16|PF19=7375.1|PF20=7467.29|PF21=7561.81|PF22=7658.75|PMC0=8234.3|PMC12=9357.17|PMC18=10041.83|PMC19=10165.81|PMC20=10292.88|PMC21=10423.17|PMC22=10556.79
CMED;20260508;medicamento;526121060142603;;;GERMED FARMACEUTICA LTDA;GLAMIGAN;0,1 MG/ML SOL OFT CT FR GOT PLAS PEBD OPC X 3 ML;BIMATOPROSTA;7896004778044;1058308700055;90514866;526121060142603;;N;;80.14;110.46;;;;CMED_ICMS17;20260508;20;PF0=66.52|PF12=75.59|PF18=81.12|PF19=82.12|PF20=83.15|PF21=84.2|PF22=85.28|PMC0=91.69|PMC12=104.19|PMC18=111.82|PMC19=113.19|PMC20=114.61|PMC21=116.06|PMC22=117.55|PMVG17=62.89|PMVG18=63.65|PMVG20=65.25
CMED;20260508;medicamento;526121060142703;;;GERMED FARMACEUTICA LTDA;GLAMIGAN;0,1 MG/ML SOL OFT CT FR GOT PLAS PEBD OPC X 5 ML;BIMATOPROSTA;7896004778051;1058308700063;90514874;526121060142703;;N;;133.55;184.08;;;;CMED_ICMS17;20260508;20;PF0=110.85|PF12=125.97|PF18=135.18|PF19=136.85|PF20=138.56|PF21=140.32|PF22=142.12|PMC0=152.8|PMC12=173.64|PMC18=186.33|PMC19=188.63|PMC20=190.99|PMC21=193.42|PMC22=195.9|PMVG17=104.8|PMVG18=106.08|PMVG20=108.73
CMED;20260508;medicamento;526132602178414;;;GERMED FARMACEUTICA LTDA;GLAMIGAN;0,3 MG/ML SOL OFT CT FR GOT PLAS OPC X 3 ML;BIMATOPROSTA;7896004725222;1058308700020;90409299;526132602178414;;N;;99.18;136.71;;;;CMED_ICMS17;20260508;20;PF0=82.32|PF12=93.55|PF18=100.39|PF19=101.63|PF20=102.9|PF21=104.2|PF22=105.54|PMC0=113.47|PMC12=128.95|PMC18=138.38|PMC19=140.09|PMC20=141.84|PMC21=143.63|PMC22=145.48|PMVG17=77.83|PMVG18=78.78|PMVG20=80.75
CMED;20260508;medicamento;526121070143004;;;GERMED FARMACEUTICA LTDA;GLAMIGAN MT;(0,3 + 5,0) MG/ML SOL OFT CT FR GOT PLAS PEBD OPC X 3 ML;"MALEATO DE TIMOLOL;BIMATOPROSTA";7896004765396;1058309930011;90515021;526121070143004;;N;;125.12;172.46;;;;CMED_ICMS17;20260508;20;PF0=103.85|PF12=118.01|PF18=126.65|PF19=128.21|PF20=129.81|PF21=131.46|PF22=133.14|PMC0=143.15|PMC12=162.66|PMC18=174.57|PMC19=176.72|PMC20=178.93|PMC21=181.2|PMC22=183.52|PMVG17=98.18|PMVG18=99.38|PMVG20=101.86
CMED;20260508;medicamento;526121070143104;;;GERMED FARMACEUTICA LTDA;GLAMIGAN MT;(0,3 + 5,0) MG/ML SOL OFT CT FR GOT PLAS PEBD OPC X 5 ML;"MALEATO DE TIMOLOL;BIMATOPROSTA";7896004765402;1058309930021;90515030;526121070143104;;N;;208.57;287.49;;;;CMED_ICMS17;20260508;20;PF0=173.11|PF12=196.72|PF18=211.11|PF19=213.72|PF20=216.39|PF21=219.13|PF22=221.94|PMC0=238.61|PMC12=271.16|PMC18=290.99|PMC19=294.59|PMC20=298.27|PMC21=302.05|PMC22=305.92|PMVG17=163.66|PMVG18=165.66|PMVG20=169.8
CMED;20260508;medicamento;574518100000007;;;BIOMM SA;GLARGILIN;100 UI/ML SOL INJ CT FA VD TRANS X 10 ML;INSULINA GLARGINA;7898616360075;1334800010018;90423917;574518100000007;;N;;327.61;451.58;;;;CMED_ICMS17;20260508;20;PF0=271.92|PF12=309|PF18=331.61|PF19=335.7|PF20=339.9|PF21=344.2|PF22=348.62|PMC0=374.81|PMC12=425.92|PMC18=457.09|PMC19=462.73|PMC20=468.52|PMC21=474.44|PMC22=480.54
CMED;20260508;medicamento;574518100000107;;;BIOMM SA;GLARGILIN;100 UI/ML SOL INJ CT CAR VD TRANS X 3 ML;INSULINA GLARGINA;7898616360082;1334800010026;90423925;574518100000107;;N;;98.3;135.5;;;;CMED_ICMS17;20260508;20;PF0=81.59|PF12=92.72|PF18=99.5|PF19=100.73|PF20=101.99|PF21=103.28|PF22=104.6|PMC0=112.46|PMC12=127.8|PMC18=137.15|PMC19=138.85|PMC20=140.58|PMC21=142.36|PMC22=144.18
CMED;20260508;medicamento;574518100000207;;;BIOMM SA;GLARGILIN;100 UI/ML SOL INJ CT 5 CAR VD TRANS X 3 ML;INSULINA GLARGINA;7898616360099;1334800010034;90423933;574518100000207;;N;;491.48;677.45;;;;CMED_ICMS17;20260508;20;PF0=407.93|PF12=463.56|PF18=497.48|PF19=503.62|PF20=509.91|PF21=516.37|PF22=522.99|PMC0=562.29|PMC12=638.97|PMC18=685.72|PMC19=694.19|PMC20=702.86|PMC21=711.76|PMC22=720.89
CMED;20260508;medicamento;574520010001007;;;BIOMM SA;GLARGILIN;100 UI/ML SOL INJ CT CAR VD TRANS X 3 ML + 1 CAN APLIC;INSULINA GLARGINA;7898616360129;1334800010042;90452828;574520010001007;;N;;98.3;135.5;;;;CMED_ICMS17;20260508;20;PF0=81.59|PF12=92.72|PF18=99.5|PF19=100.73|PF20=101.99|PF21=103.28|PF22=104.6|PMC0=112.46|PMC12=127.8|PMC18=137.15|PMC19=138.85|PMC20=140.58|PMC21=142.36|PMC22=144.18
CMED;20260508;medicamento;574524060002107;;;BIOMM SA;GLARGILIN;100 UI/ML SOL INJ CT 5 CAR VD TRANS X 3 ML + 5 CAN APLIC GANGAN;INSULINA GLARGINA;7898616360730;1334800010077;90586263;574524060002107;;N;;491.48;677.45;;;;CMED_ICMS17;20260508;20;PF0=407.93|PF12=463.56|PF18=497.48|PF19=503.62|PF20=509.91|PF21=516.37|PF22=522.99|PMC0=562.29|PMC12=638.97|PMC18=685.72|PMC19=694.19|PMC20=702.86|PMC21=711.76|PMC22=720.89
CMED;20260508;medicamento;574524060002207;;;BIOMM SA;GLARGILIN;100 UI/ML SOL INJ CT 5 CAR VD TRANS X 3 ML + 5 CAN APLIC UNOPEN;INSULINA GLARGINA;7898616361119;1334800010069;90586255;574524060002207;;N;;491.48;677.45;;;;CMED_ICMS17;20260508;20;PF0=407.93|PF12=463.56|PF18=497.48|PF19=503.62|PF20=509.91|PF21=516.37|PF22=522.99|PMC0=562.29|PMC12=638.97|PMC18=685.72|PMC19=694.19|PMC20=702.86|PMC21=711.76|PMC22=720.89
CMED;20260508;medicamento;574524060002307;;;BIOMM SA;GLARGILIN;100 UI/ML SOL INJ CT CAR VD TRANS X 3 ML + 1 CAN APLIC GANGAN;INSULINA GLARGINA;7898616360693;1334800010050;90586247;574524060002307;;N;;98.3;135.5;;;;CMED_ICMS17;20260508;20;PF0=81.59|PF12=92.72|PF18=99.5|PF19=100.73|PF20=101.99|PF21=103.28|PF22=104.6|PMC0=112.46|PMC12=127.8|PMC18=137.15|PMC19=138.85|PMC20=140.58|PMC21=142.36|PMC22=144.18
CMED;20260508;medicamento;505622020045907;;;ASPEN PHARMA INDÚSTRIA FARMACÊUTICA LTDA;GLATUS;100 UI/ML SOL INJ CT FA VD INC X 10 ML;INSULINA GLARGINA;7895858015459;1376401810059;90529847;505622020045907;;N;;136.67;188.39;;;;CMED_ICMS17;20260508;20;PF0=113.44|PF12=128.91|PF18=138.34|PF19=140.05|PF20=141.8|PF21=143.59|PF22=145.44|PMC0=156.37|PMC12=177.69|PMC18=190.69|PMC19=193.04|PMC20=195.46|PMC21=197.92|PMC22=200.47
CMED;20260508;medicamento;505622020046007;;;ASPEN PHARMA INDÚSTRIA FARMACÊUTICA LTDA;GLATUS;100 UI/ML SOL INJ CT 1 CAR VD TRANS 3 ML;INSULINA GLARGINA;7895858015763;1376401810075;90529855;505622020046007;;N;;44.35;61.13;;;;CMED_ICMS17;20260508;20;PF0=36.81|PF12=41.83|PF18=44.89|PF19=45.44|PF20=46.01|PF21=46.59|PF22=47.19|PMC0=50.74|PMC12=57.66|PMC18=61.88|PMC19=62.63|PMC20=63.42|PMC21=64.22|PMC22=65.05
CMED;20260508;medicamento;505622020046107;;;ASPEN PHARMA INDÚSTRIA FARMACÊUTICA LTDA;GLATUS;100 UI/ML SOL INJ CT 1 CAR VD TRANS 3 ML + 1 CAN APLIC;INSULINA GLARGINA;7895858016210;1376401810083;90529863;505622020046107;;N;;38.33;52.83;;;;CMED_ICMS17;20260508;20;PF0=31.81|PF12=36.15|PF18=38.79|PF19=39.27|PF20=39.76|PF21=40.27|PF22=40.78|PMC0=43.85|PMC12=49.83|PMC18=53.47|PMC19=54.13|PMC20=54.81|PMC21=55.51|PMC22=56.21
CMED;20260508;medicamento;505622020046207;;;ASPEN PHARMA INDÚSTRIA FARMACÊUTICA LTDA;GLATUS;100 UI/ML SOL INJ CT 3 CAR VD TRANS 3 ML + 3 CAN APLIC;INSULINA GLARGINA;7895858016227;1376401810091;90529871;505622020046207;;N;;114.96;158.46;;;;CMED_ICMS17;20260508;20;PF0=95.42|PF12=108.43|PF18=116.37|PF19=117.8|PF20=119.28|PF21=120.78|PF22=122.33|PMC0=131.53|PMC12=149.46|PMC18=160.4|PMC19=162.38|PMC20=164.42|PMC21=166.48|PMC22=168.62
CMED;20260508;medicamento;533015030061403;;;UNIÃO QUÍMICA FARMACÊUTICA NACIONAL S/A;GLAUB;1MG/ML SOL OFT CT FR GOT PLAS OPC X 5ML;TARTARATO DE BRIMONIDINA;7896006208266;1049713500040;90323998;533015030061403;;N;;28.64;39.48;;;;CMED_ICMS17;20260508;20;PF0=23.77|PF12=27.01|PF18=28.99|PF19=29.35|PF20=29.71|PF21=30.09|PF22=30.47|PMC0=32.76|PMC12=37.23|PMC18=39.96|PMC19=40.46|PMC20=40.95|PMC21=41.48|PMC22=42|PMVG17=22.47|PMVG18=22.75|PMVG20=23.31
CMED;20260508;medicamento;533024501172411;;;UNIÃO QUÍMICA FARMACÊUTICA NACIONAL S/A;GLAUB;2 MG/ML SOL OFT CT FR PLAS OPC GOT X 5 ML;TARTARATO DE BRIMONIDINA;7896006290629;1049713500024;90208897;533024501172411;;N;;57.28;78.95;;;;CMED_ICMS17;20260508;20;PF0=47.54|PF12=54.02|PF18=57.98|PF19=58.69|PF20=59.43|PF21=60.18|PF22=60.95|PMC0=65.53|PMC12=74.46|PMC18=79.92|PMC19=80.9|PMC20=81.92|PMC21=82.95|PMC22=84.01|PMVG17=44.95|PMVG18=45.5|PMVG20=46.64
CMED;20260508;medicamento;533006702171414;;;UNIÃO QUÍMICA FARMACÊUTICA NACIONAL S/A;GLAUCOTRAT;5 MG/ML SOL OFT CT FR GOT PLAS OPC X 5 ML;MALEATO ÁCIDO DE TIMOLOL;7896006290162;1049712790071;90208900;533006702171414;;N;;12.47;17.19;;;;CMED_ICMS17;20260508;20;PF0=10.35|PF12=11.76|PF18=12.62|PF19=12.78|PF20=12.94|PF21=13.1|PF22=13.27|PMC0=14.27|PMC12=16.21|PMC18=17.4|PMC19=17.62|PMC20=17.84|PMC21=18.06|PMC22=18.29|PMVG17=9.79|PMVG18=9.9|PMVG20=10.15
CMED;20260508;medicamento;538821110107103;;;LEGRAND PHARMA INDUSTRIA FARMACEUTICA LTDA;GLAUCUR;0,1 MG/ML SOL OFT CT FR GOT PLAS PEBD OPC X 3 ML;BIMATOPROSTA;7896004778105;1677305530056;90526724;538821110107103;;N;;80.13;110.45;;;;CMED_ICMS17;20260508;20;PF0=66.51|PF12=75.58|PF18=81.11|PF19=82.11|PF20=83.14|PF21=84.19|PF22=85.27|PMC0=91.68|PMC12=104.18|PMC18=111.8|PMC19=113.18|PMC20=114.6|PMC21=116.05|PMC22=117.54|PMVG17=62.88|PMVG18=63.65|PMVG20=65.24
CMED;20260508;medicamento;538821110107203;;;LEGRAND PHARMA INDUSTRIA FARMACEUTICA LTDA;GLAUCUR;0,1 MG/ML SOL OFT CT FR GOT PLAS PEBD OPC X 5 ML;BIMATOPROSTA;7896004778112;1677305530064;90526732;538821110107203;;N;;133.54;184.07;;;;CMED_ICMS17;20260508;20;PF0=110.84|PF12=125.95|PF18=135.17|PF19=136.84|PF20=138.55|PF21=140.3|PF22=142.1|PMC0=152.78|PMC12=173.61|PMC18=186.32|PMC19=188.62|PMC20=190.98|PMC21=193.39|PMC22=195.87|PMVG17=104.79|PMVG18=106.07|PMVG20=108.72
CMED;20260508;medicamento;541826040216504;;;EMS S/A;GLEMPA;10 MG COM REV CT BL AL PLAS PVC/PVDC OPC X 10;EMPAGLIFLOZINA;7894916516402;1023514140016;;541826040216504;;N;;78.87;105.8;;;;CMED_ICMS17;20260508;20;PF0=65.46|PF12=74.39|PF18=79.83|PF19=80.81|PF20=81.83|PF21=82.86|PF22=83.92|PMC0=87.81|PMC12=99.79|PMC18=107.09|PMC19=108.4|PMC20=109.77|PMC21=111.15|PMC22=112.58|PMVG17=61.89|PMVG18=62.64|PMVG20=64.21
CMED;20260508;medicamento;541826040216604;;;EMS S/A;GLEMPA;10 MG COM REV CT BL AL PLAS PVC/PVDC OPC X 30;EMPAGLIFLOZINA;7896004796697;1023514140024;;541826040216604;;N;;236.6;317.39;;;;CMED_ICMS17;20260508;20;PF0=196.38|PF12=223.16|PF18=239.49|PF19=242.44|PF20=245.48|PF21=248.58|PF22=251.77|PMC0=263.44|PMC12=299.36|PMC18=321.27|PMC19=325.22|PMC20=329.3|PMC21=333.46|PMC22=337.74|PMVG17=185.66|PMVG18=187.93|PMVG20=192.63
CMED;20260508;medicamento;541826040216704;;;EMS S/A;GLEMPA;25 MG COM REV CT BL AL PLAS PVC/PVDC OPC X 10;EMPAGLIFLOZINA;7894916516426;1023514140032;;541826040216704;;N;;78.87;105.8;;;;CMED_ICMS17;20260508;20;PF0=65.46|PF12=74.39|PF18=79.83|PF19=80.81|PF20=81.83|PF21=82.86|PF22=83.92|PMC0=87.81|PMC12=99.79|PMC18=107.09|PMC19=108.4|PMC20=109.77|PMC21=111.15|PMC22=112.58|PMVG17=61.89|PMVG18=62.64|PMVG20=64.21
CMED;20260508;medicamento;541826040216804;;;EMS S/A;GLEMPA;25 MG COM REV CT BL AL PLAS PVC/PVDC OPC X 30;EMPAGLIFLOZINA;7896004796703;1023514140040;;541826040216804;;N;;236.6;317.39;;;;CMED_ICMS17;20260508;20;PF0=196.38|PF12=223.16|PF18=239.49|PF19=242.44|PF20=245.48|PF21=248.58|PF22=251.77|PMC0=263.44|PMC12=299.36|PMC18=321.27|PMC19=325.22|PMC20=329.3|PMC21=333.46|PMC22=337.74|PMVG17=185.66|PMVG18=187.93|PMVG20=192.63
CMED;20260508;medicamento;542716120003705;;;EISAI LABORATÓRIOS LTDA;GLIADEL;7,7 MG IMPL CX 8 ENV AL PLAS X 1;CARMUSTINA;7898937460010;1731000040010;90359585;542716120003705;;S;;59945.18;;;;;CMED_ICMS17;20260508;20;PF0=49754.51|PF12=56539.23|PF18=60676.22|PF19=61425.33|PF20=62193.14|PF21=62980.4|PF22=63787.82|PMVG17=47038.98|PMVG18=47612.63|PMVG20=48802.96
CMED;20260508;medicamento;538820090087807;;;LEGRAND PHARMA INDUSTRIA FARMACEUTICA LTDA;GLIANSOR;4MG COM CT BL AL PLAS OPC X 30;GLIMEPIRIDA;7896004721606;1677306410021;90483987;538820090087807;;N;;76.89;105.98;;;;CMED_ICMS17;20260508;20;PF0=63.82|PF12=72.52|PF18=77.83|PF19=78.79|PF20=79.78|PF21=80.78|PF22=81.82|PMC0=87.97|PMC12=99.96|PMC18=107.28|PMC19=108.6|PMC20=109.97|PMC21=111.35|PMC22=112.78|PMVG17=60.34|PMVG18=61.07|PMVG20=62.6
CMED;20260508;medicamento;538820090087907;;;LEGRAND PHARMA INDUSTRIA FARMACEUTICA LTDA;GLIANSOR;2MG COM CT BL AL PLAS OPC X 30;GLIMEPIRIDA;7896004721590;1677306410151;90483995;538820090087907;;N;;40.96;56.46;;;;CMED_ICMS17;20260508;20;PF0=34|PF12=38.64|PF18=41.46|PF19=41.98|PF20=42.5|PF21=43.04|PF22=43.59|PMC0=46.87|PMC12=53.26|PMC18=57.15|PMC19=57.87|PMC20=58.58|PMC21=59.33|PMC22=60.08|PMVG17=32.14|PMVG18=32.53|PMVG20=33.35
CMED;20260508;medicamento;504616110046417;;;BRAINFARMA INDÚSTRIA QUÍMICA E FARMACÊUTICA S.A;GLIBENCLAMIDA;5 MG COM CT BL AL PLAS TRANS X 30;GLIBENCLAMIDA;7896714217093;1558402870041;90363523;504616110046417;S;N;;11.48;15.82;;;;CMED_ICMS17;20260508;20;PF0=9.53|PF12=10.83|PF18=11.62|PF19=11.77|PF20=11.91|PF21=12.06|PF22=12.22|PMC0=13.14|PMC12=14.93|PMC18=16.02|PMC19=16.22|PMC20=16.42|PMC21=16.62|PMC22=16.84
CMED;20260508;medicamento;506417050032706;;;CIMED INDUSTRIA S.A;GLIBENCLAMIDA;5 MG COM CT BL AL PLAS TRANS X 30;GLIBENCLAMIDA;7896523213989;1438101970011;90375807;506417050032706;S;N;;12.01;16.55;;;;CMED_ICMS17;20260508;20;PF0=9.97|PF12=11.33|PF18=12.16|PF19=12.31|PF20=12.46|PF21=12.62|PF22=12.78|PMC0=13.74|PMC12=15.62|PMC18=16.76|PMC19=16.97|PMC20=17.17|PMC21=17.4|PMC22=17.62
CMED;20260508;medicamento;507730201111112;;;EMS S/A;GLIBENCLAMIDA;5 MG COM CT BL AL PLAS TRANS X 30;GLIBENCLAMIDA;7896004706474;1023506610017;90056868;507730201111112;S;N;;12.08;16.65;;;;CMED_ICMS17;20260508;20;PF0=10.03|PF12=11.4|PF18=12.23|PF19=12.38|PF20=12.54|PF21=12.7|PF22=12.86|PMC0=13.83|PMC12=15.71|PMC18=16.86|PMC19=17.06|PMC20=17.29|PMC21=17.51|PMC22=17.73
CMED;20260508;medicamento;510016030044206;;;FUNDAÇÃO PARA O REMÉDIO POPULAR - FURP;GLIBENCLAMIDA;5 MG COM CT BL AL PLAS TRANS X 450;GLIBENCLAMIDA;7895005807517;1103901990031;90336933;510016030044206;S;S;;;;;;;CMED_ICMS17;20260508;20;PF0=153.29
CMED;20260508;medicamento;510414030104506;;;GEOLAB INDÚSTRIA FARMACÊUTICA S/A;GLIBENCLAMIDA;5 MG COM CT BL AL PLAS TRANS X 30;GLIBENCLAMIDA;7899095249707;1542302120036;90308042;510414030104506;S;N;;11.98;16.51;;;;CMED_ICMS17;20260508;20;PF0=9.94|PF12=11.3|PF18=12.12|PF19=12.27|PF20=12.43|PF21=12.58|PF22=12.74|PMC0=13.7|PMC12=15.58|PMC18=16.71|PMC19=16.91|PMC20=17.13|PMC21=17.34|PMC22=17.56
CMED;20260508;medicamento;525072903111111;;;SANOFI MEDLEY FARMACÊUTICA LTDA.;GLIBENCLAMIDA;5 MG COM CT BL AL PLAS TRANS X 30;GLIBENCLAMIDA;7896422522571;1832600280033;90363531;525072903111111;S;N;;12.23;16.86;;;;CMED_ICMS17;20260508;20;PF0=10.15|PF12=11.53|PF18=12.38|PF19=12.53|PF20=12.69|PF21=12.85|PF22=13.01|PMC0=13.99|PMC12=15.89|PMC18=17.06|PMC19=17.27|PMC20=17.49|PMC21=17.71|PMC22=17.93
CMED;20260508;medicamento;525122100033906;;;MEDQUIMICA INDUSTRIA FARMACEUTICA LTDA.;GLIBENCLAMIDA;5 MG COM CT BL AL PLAS PVC TRANS X 30;GLIBENCLAMIDA;7896862923297;1091701260016;90546792;525122100033906;S;N;;12.31;16.97;;;;CMED_ICMS17;20260508;20;PF0=10.22|PF12=11.61|PF18=12.46|PF19=12.62|PF20=12.78|PF21=12.94|PF22=13.1|PMC0=14.09|PMC12=16|PMC18=17.17|PMC19=17.4|PMC20=17.62|PMC21=17.84|PMC22=18.06
CMED;20260508;medicamento;525122100034006;;;MEDQUIMICA INDUSTRIA FARMACEUTICA LTDA.;GLIBENCLAMIDA;5 MG COM CT BL AL PLAS PVC TRANS X 500;GLIBENCLAMIDA;7896862923310;1091701260032;90546814;525122100034006;S;S;;179.37;;;;;CMED_ICMS17;20260508;20;PF0=148.88|PF12=169.18|PF18=181.56|PF19=183.8|PF20=186.1|PF21=188.46|PF22=190.87
CMED;20260508;medicamento;525122100034106;;;MEDQUIMICA INDUSTRIA FARMACEUTICA LTDA.;GLIBENCLAMIDA;5 MG COM CT BL AL PLAS PVC TRANS X 1000;GLIBENCLAMIDA;7896862923327;1091701260040;90546822;525122100034106;S;S;;358.72;;;;;CMED_ICMS17;20260508;20;PF0=297.74|PF12=338.34|PF18=363.1|PF19=367.58|PF20=372.18|PF21=376.89|PF22=381.72
CMED;20260508;medicamento;525122100034206;;;MEDQUIMICA INDUSTRIA FARMACEUTICA LTDA.;GLIBENCLAMIDA;5 MG COM CT BL AL PLAS PVC TRANS X 60;GLIBENCLAMIDA;7896862923303;1091701260024;90546806;525122100034206;S;N;;23.76;32.75;;;;CMED_ICMS17;20260508;20;PF0=19.72|PF12=22.41|PF18=24.05|PF19=24.35|PF20=24.65|PF21=24.96|PF22=25.28|PMC0=27.18|PMC12=30.89|PMC18=33.15|PMC19=33.56|PMC20=33.98|PMC21=34.4|PMC22=34.85
CMED;20260508;medicamento;526116090097206;;;GERMED FARMACEUTICA LTDA;GLIBENCLAMIDA;5 MG COM CT BL AL PLAS OPC X 30;GLIBENCLAMIDA;7896004707945;1058308320041;90408560;526116090097206;S;N;;11.96;16.49;;;;CMED_ICMS17;20260508;20;PF0=9.93|PF12=11.28|PF18=12.11|PF19=12.26|PF20=12.41|PF21=12.57|PF22=12.73|PMC0=13.69|PMC12=15.55|PMC18=16.69|PMC19=16.9|PMC20=17.11|PMC21=17.33|PMC22=17.55
CMED;20260508;medicamento;528530502110117;;;PRATI DONADUZZI & CIA LTDA;GLIBENCLAMIDA;5 MG COM CT BL AL PLAS INC X 30;GLIBENCLAMIDA;7898148297269;1256801780016;90180771;528530502110117;S;N;;12.18;16.79;;;;CMED_ICMS17;20260508;20;PF0=10.11|PF12=11.49|PF18=12.33|PF19=12.48|PF20=12.64|PF21=12.8|PF22=12.96|PMC0=13.94|PMC12=15.84|PMC18=17|PMC19=17.2|PMC20=17.42|PMC21=17.64|PMC22=17.86
CMED;20260508;medicamento;538818110057806;;;LEGRAND PHARMA INDUSTRIA FARMACEUTICA LTDA;GLIBENCLAMIDA;5 MG COM CT BL AL PLAS OPC X 30;GLIBENCLAMIDA;7894916141024;1677304690041;90416082;538818110057806;S;N;;12.31;16.97;;;;CMED_ICMS17;20260508;20;PF0=10.22|PF12=11.61|PF18=12.46|PF19=12.62|PF20=12.78|PF21=12.94|PF22=13.1|PMC0=14.09|PMC12=16|PMC18=17.17|PMC19=17.4|PMC20=17.62|PMC21=17.84|PMC22=18.06
CMED;20260508;medicamento;607024040109317;;;MULTILAB INDUSTRIA E COMERCIO DE PRODUTOS FARMACEUTICOS LTDA;GLIBENCLAMIDA;5 MG COM CT BL AL PLAS TRANS X 30;GLIBENCLAMIDA;7895296272018;1181903900015;90582322;607024040109317;S;N;;12.16;16.76;;;;CMED_ICMS17;20260508;20;PF0=10.09|PF12=11.47|PF18=12.3|PF19=12.46|PF20=12.61|PF21=12.77|PF22=12.94|PMC0=13.91|PMC12=15.81|PMC18=16.95|PMC19=17.17|PMC20=17.38|PMC21=17.6|PMC22=17.84
CMED;20260508;medicamento;510405101111419;;;GEOLAB INDÚSTRIA FARMACÊUTICA S/A;GLICAMIN;5 MG COM CT BL AL PLAS TRANS X 30;GLIBENCLAMIDA;7899095201781;1542300430011;90079728;510405101111419;;N;;10.46;14.42;;;;CMED_ICMS17;20260508;20;PF0=8.68|PF12=9.86|PF18=10.59|PF19=10.72|PF20=10.85|PF21=10.99|PF22=11.13|PMC0=11.96|PMC12=13.59|PMC18=14.6|PMC19=14.78|PMC20=14.96|PMC21=15.15|PMC22=15.34
CMED;20260508;medicamento;510405102118417;;;GEOLAB INDÚSTRIA FARMACÊUTICA S/A;GLICAMIN;5 MG COM CT BL AL PLAS TRANS X 450;GLIBENCLAMIDA;7899095210899;1542300430038;90079736;510405102118417;;S;;153.6;;;;;CMED_ICMS17;20260508;20;PF0=127.49|PF12=144.88|PF18=155.48|PF19=157.4|PF20=159.36|PF21=161.38|PF22=163.45
CMED;20260508;medicamento;510422120189204;;;GEOLAB INDÚSTRIA FARMACÊUTICA S/A;GLICEFOR;850 MG COM CT BL AL PLAS PVC TRANS X 30;CLORIDRATO DE METFORMINA;7899095202689;1542303320063;90558669;510422120189204;;N;;16.1;22.19;;;;CMED_ICMS17;20260508;20;PF0=13.36|PF12=15.18|PF18=16.29|PF19=16.49|PF20=16.7|PF21=16.91|PF22=17.13|PMC0=18.42|PMC12=20.92|PMC18=22.45|PMC19=22.73|PMC20=23.02|PMC21=23.31|PMC22=23.61
CMED;20260508;medicamento;508301102179416;;;FARMACE INDÚSTRIA QUÍMICO-FARMACÊUTICA CEARENSE LTDA;GLICERINA 12%;120 MG/ML SOL RET CX 24 FR PLAS PEBD TRANS X 500 ML+ ACESSÓRIO;GLICEROL;7898166040175;1108500120010;90222997;508301102179416;;S;;181.1;;;;;CMED_ICMS17;20260508;20;PF0=150.31|PF12=170.81|PF18=183.3|PF19=185.57|PF20=187.89|PF21=190.27|PF22=192.71|PMVG17=142.11|PMVG18=143.83|PMVG20=147.44
CMED;20260508;medicamento;514917060009804;;;JP INDUSTRIA FARMACEUTICA S/A;GLICINA JP 1,5%;15 MG/ML SOL IRR CX 5 BOLS PVC SIST FECH X 3000 ML;GLICINA;7896137641505;1049100680011;90380860;514917060009804;;S;;239.89;;;;;CMED_ICMS17;20260508;20;PF0=199.11|PF12=226.26|PF18=242.82|PF19=245.81|PF20=248.89|PF21=252.04|PF22=255.27|PMVG17=188.24|PMVG18=190.54|PMVG20=195.3
CMED;20260508;medicamento;504625090101406;;;BRAINFARMA INDÚSTRIA QUÍMICA E FARMACÊUTICA S.A;GLICLAZIDA;30 MG COM LIB PROL CT BL AL PLAS PVC/PVDC TRANS X 30;GLICLAZIDA;7896714294520;1558406980021;90615948;504625090101406;S;N;;25.42;35.04;;;;CMED_ICMS17;20260508;20;PF0=21.1|PF12=23.98|PF18=25.73|PF19=26.05|PF20=26.38|PF21=26.71|PF22=27.05|PMC0=29.08|PMC12=33.05|PMC18=35.47|PMC19=35.91|PMC20=36.36|PMC21=36.82|PMC22=37.29|PMVG17=19.95|PMVG18=20.19|PMVG20=20.7
CMED;20260508;medicamento;504625090101506;;;BRAINFARMA INDÚSTRIA QUÍMICA E FARMACÊUTICA S.A;GLICLAZIDA;30 MG COM LIB PROL CT BL AL PLAS PVC/PVDC TRANS X 60;GLICLAZIDA;7896714294537;1558406980038;90615956;504625090101506;S;N;;50.87;70.12;;;;CMED_ICMS17;20260508;20;PF0=42.22|PF12=47.98|PF18=51.49|PF19=52.12|PF20=52.78|PF21=53.44|PF22=54.13|PMC0=58.2|PMC12=66.14|PMC18=70.97|PMC19=71.84|PMC20=72.75|PMC21=73.66|PMC22=74.61|PMVG17=39.92|PMVG18=40.4|PMVG20=41.42
CMED;20260508;medicamento;504625090101606;;;BRAINFARMA INDÚSTRIA QUÍMICA E FARMACÊUTICA S.A;GLICLAZIDA;60 MG COM LIB PROL CT BL AL PLAS PVC/PVDC TRANS X 60;GLICLAZIDA;7896714294544;1558406980097;90615972;504625090101606;S;N;;102.04;140.65;;;;CMED_ICMS17;20260508;20;PF0=84.69|PF12=96.24|PF18=103.28|PF19=104.56|PF20=105.86|PF21=107.2|PF22=108.58|PMC0=116.74|PMC12=132.66|PMC18=142.36|PMC19=144.13|PMC20=145.92|PMC21=147.76|PMC22=149.67|PMVG17=80.07|PMVG18=81.04|PMVG20=83.07
CMED;20260508;medicamento;504625090101706;;;BRAINFARMA INDÚSTRIA QUÍMICA E FARMACÊUTICA S.A;GLICLAZIDA;60 MG COM LIB PROL CT BL AL PLAS PVC/PVDC TRANS X 30;GLICLAZIDA;7896714294551;1558406980089;90615964;504625090101706;S;N;;51.02;70.33;;;;CMED_ICMS17;20260508;20;PF0=42.35|PF12=48.13|PF18=51.65|PF19=52.28|PF20=52.94|PF21=53.61|PF22=54.29|PMC0=58.38|PMC12=66.34|PMC18=71.19|PMC19=72.06|PMC20=72.97|PMC21=73.9|PMC22=74.83|PMVG17=40.04|PMVG18=40.53|PMVG20=41.54
CMED;20260508;medicamento;506424060054006;;;CIMED INDUSTRIA S.A;GLICLAZIDA;30 MG COM LIB PROL CT BL AL PLAS PVC TRANS X 30;GLICLAZIDA;7896523202068;1438102910020;90586077;506424060054006;S;N;;23.34;32.17;;;;CMED_ICMS17;20260508;20;PF0=19.37|PF12=22.01|PF18=23.62|PF19=23.91|PF20=24.21|PF21=24.52|PF22=24.83|PMC0=26.7|PMC12=30.34|PMC18=32.56|PMC19=32.96|PMC20=33.37|PMC21=33.8|PMC22=34.23|PMVG17=18.31|PMVG18=18.53|PMVG20=19
CMED;20260508;medicamento;506424060054106;;;CIMED INDUSTRIA S.A;GLICLAZIDA;30 MG COM LIB PROL CT BL AL PLAS PVC TRANS X 60;GLICLAZIDA;7896523202075;1438102910039;90586085;506424060054106;S;N;;40.2;55.41;;;;CMED_ICMS17;20260508;20;PF0=33.37|PF12=37.92|PF18=40.7|PF19=41.2|PF20=41.71|PF21=42.24|PF22=42.78|PMC0=46|PMC12=52.27|PMC18=56.1|PMC19=56.79|PMC20=57.49|PMC21=58.22|PMC22=58.97|PMVG17=31.54|PMVG18=31.94|PMVG20=32.73
CMED;20260508;medicamento;527917020029806;;;PHARLAB INDÚSTRIA FARMACÊUTICA S.A.;GLICLAZIDA;30 MG COM LIB PROL CT BL AL PLAS PVC TRANS X 60;GLICLAZIDA;7898216360611;1410701320026;90363604;527917020029806;S;N;;50.73;69.93;;;;CMED_ICMS17;20260508;20;PF0=42.11|PF12=47.85|PF18=51.35|PF19=51.99|PF20=52.64|PF21=53.3|PF22=53.99|PMC0=58.04|PMC12=65.96|PMC18=70.78|PMC19=71.66|PMC20=72.56|PMC21=73.47|PMC22=74.42|PMVG17=39.81|PMVG18=40.29|PMVG20=41.31
CMED;20260508;medicamento;527917020029906;;;PHARLAB INDÚSTRIA FARMACÊUTICA S.A.;GLICLAZIDA;30 MG COM LIB PROL CT BL AL PLAS PVC TRANS X 30;GLICLAZIDA;7898216360604;1410701320018;90363574;527917020029906;S;N;;25.48;35.12;;;;CMED_ICMS17;20260508;20;PF0=21.15|PF12=24.03|PF18=25.79|PF19=26.11|PF20=26.44|PF21=26.77|PF22=27.12|PMC0=29.15|PMC12=33.12|PMC18=35.55|PMC19=35.99|PMC20=36.44|PMC21=36.9|PMC22=37.38|PMVG17=19.99|PMVG18=20.24|PMVG20=20.75
CMED;20260508;medicamento;527918100033506;;;PHARLAB INDÚSTRIA FARMACÊUTICA S.A.;GLICLAZIDA;60 MG COM LIB PROL CT BL AL PLAS PVC TRANS X 30;GLICLAZIDA;7898216360635;1410701320050;90410246;527918100033506;S;N;;51;70.3;;;;CMED_ICMS17;20260508;20;PF0=42.33|PF12=48.1|PF18=51.62|PF19=52.26|PF20=52.91|PF21=53.58|PF22=54.27|PMC0=58.35|PMC12=66.3|PMC18=71.15|PMC19=72.03|PMC20=72.93|PMC21=73.85|PMC22=74.81|PMVG17=40.02|PMVG18=40.51|PMVG20=41.52
CMED;20260508;medicamento;527918100033606;;;PHARLAB INDÚSTRIA FARMACÊUTICA S.A.;GLICLAZIDA;60 MG COM LIB PROL CT BL AL PLAS PVC TRANS X 60;GLICLAZIDA;7898216360659;1410701320069;90410254;527918100033606;S;N;;97.36;134.2;;;;CMED_ICMS17;20260508;20;PF0=80.81|PF12=91.83|PF18=98.55|PF19=99.77|PF20=101.01|PF21=102.29|PF22=103.6|PMC0=111.39|PMC12=126.58|PMC18=135.84|PMC19=137.52|PMC20=139.23|PMC21=141|PMC22=142.8|PMVG17=76.4|PMVG18=77.33|PMVG20=79.26
CMED;20260508;medicamento;529920080067507;;;RANBAXY FARMACÊUTICA LTDA;GLICLAZIDA;30 MG COM LIB PROL CT BL AL AL X 60;GLICLAZIDA;7897076922397;1235202690033;90483707;529920080067507;S;N;;47.17;65.02;;;;CMED_ICMS17;20260508;20;PF0=39.15|PF12=44.49|PF18=47.74|PF19=48.33|PF20=48.94|PF21=49.56|PF22=50.19|PMC0=53.96|PMC12=61.32|PMC18=65.8|PMC19=66.62|PMC20=67.46|PMC21=68.31|PMC22=69.18|PMVG17=37.01|PMVG18=37.46|PMVG20=38.4
CMED;20260508;medicamento;529920080067607;;;RANBAXY FARMACÊUTICA LTDA;GLICLAZIDA;60 MG COM LIB PROL CT BL AL AL X 30;GLICLAZIDA;7897076922403;1235202690051;90483715;529920080067607;S;N;;48.9;67.4;;;;CMED_ICMS17;20260508;20;PF0=40.59|PF12=46.13|PF18=49.5|PF19=50.11|PF20=50.74|PF21=51.38|PF22=52.04|PMC0=55.95|PMC12=63.59|PMC18=68.23|PMC19=69.07|PMC20=69.94|PMC21=70.82|PMC22=71.73|PMVG17=38.37|PMVG18=38.84|PMVG20=39.82
CMED;20260508;medicamento;529920080067707;;;RANBAXY FARMACÊUTICA LTDA;GLICLAZIDA;60 MG COM LIB PROL CT BL AL AL X 60;GLICLAZIDA;7897076922410;1235202690068;90483723;529920080067707;S;N;;97.81;134.82;;;;CMED_ICMS17;20260508;20;PF0=81.18|PF12=92.25|PF18=99|PF19=100.22|PF20=101.48|PF21=102.76|PF22=104.08|PMC0=111.9|PMC12=127.16|PMC18=136.46|PMC19=138.14|PMC20=139.88|PMC21=141.64|PMC22=143.46|PMVG17=76.75|PMVG18=77.69|PMVG20=79.63
CMED;20260508;medicamento;529920080067807;;;RANBAXY FARMACÊUTICA LTDA;GLICLAZIDA;30 MG COM LIB PROL CT BL AL AL X 30;GLICLAZIDA;7897076922380;1235202690025;90483731;529920080067807;S;N;;23.57;32.49;;;;CMED_ICMS17;20260508;20;PF0=19.56|PF12=22.23|PF18=23.85|PF19=24.15|PF20=24.45|PF21=24.76|PF22=25.08|PMC0=26.96|PMC12=30.64|PMC18=32.87|PMC19=33.29|PMC20=33.7|PMC21=34.13|PMC22=34.57|PMVG17=18.5|PMVG18=18.71|PMVG20=19.19
CMED;20260508;medicamento;529921040072206;;;RANBAXY FARMACÊUTICA LTDA;GLICLAZIDA;60 MG COM LIB PROL CT BL AL AL X 500;GLICLAZIDA;7897076922915;1235202690076;90506782;529921040072206;S;S;;784;;;;;CMED_ICMS17;20260508;20;PF0=650.72|PF12=739.45|PF18=793.56|PF19=803.36|PF20=813.4|PF21=823.7|PF22=834.26|PMVG17=615.2|PMVG18=622.71|PMVG20=638.27
CMED;20260508;medicamento;529922040077206;;;RANBAXY FARMACÊUTICA LTDA;GLICLAZIDA;30 MG COM LIB PROL CT BL AL AL X 500;GLICLAZIDA;7897076923356;1235202690106;90535758;529922040077206;S;N;;356.24;491.04;;;;CMED_ICMS17;20260508;20;PF0=295.68|PF12=336|PF18=360.59|PF19=365.04|PF20=369.6|PF21=374.28|PF22=379.08|PMC0=407.56|PMC12=463.14|PMC18=497.04|PMC19=503.17|PMC20=509.46|PMC21=515.91|PMC22=522.52|PMVG17=279.54|PMVG18=282.96|PMVG20=290.03
CMED;20260508;medicamento;532420120030717;;;SUN FARMACÊUTICA DO BRASIL LTDA;GLICLAZIDA;30 MG COM LIB PROL BL AL PLAS PVC/PVDC TRANS X 500;GLICLAZIDA;7898272945821;1468200930052;90497651;532420120030717;S;S;;393.86;;;;;CMED_ICMS17;20260508;20;PF0=326.9|PF12=371.48|PF18=398.66|PF19=403.58|PF20=408.63|PF21=413.8|PF22=419.1|PMVG17=309.06|PMVG18=312.83|PMVG20=320.65
CMED;20260508;medicamento;532420120030817;;;SUN FARMACÊUTICA DO BRASIL LTDA;GLICLAZIDA;30 MG COM LIB PROL BL AL PLAS PVC/PVDC TRANS X 1000;GLICLAZIDA;7898272945838;1468200930060;90497660;532420120030817;S;S;;787.7;;;;;CMED_ICMS17;20260508;20;PF0=653.79|PF12=742.94|PF18=797.3|PF19=807.15|PF20=817.24|PF21=827.58|PF22=838.19|PMVG17=618.11|PMVG18=625.64|PMVG20=641.29
CMED;20260508;medicamento;532716030022406;;;TORRENT DO BRASIL LTDA;GLICLAZIDA;30 MG COM LIB PROL CT BL AL AL X 30;GLICLAZIDA;8902220119574;1052500690012;90343700;532716030022406;S;N;;25.47;35.11;;;;CMED_ICMS17;20260508;20;PF0=21.14|PF12=24.02|PF18=25.78|PF19=26.1|PF20=26.43|PF21=26.76|PF22=27.1|PMC0=29.14|PMC12=33.11|PMC18=35.54|PMC19=35.98|PMC20=36.43|PMC21=36.89|PMC22=37.35|PMVG17=19.99|PMVG18=20.23|PMVG20=20.74
CMED;20260508;medicamento;532716080024206;;;TORRENT DO BRASIL LTDA;GLICLAZIDA;30 MG COM LIB PROL CT BL AL AL X 60;GLICLAZIDA;8903855076812;1052500690039;90355806;532716080024206;S;N;;50.72;69.91;;;;CMED_ICMS17;20260508;20;PF0=42.1|PF12=47.84|PF18=51.34|PF19=51.98|PF20=52.63|PF21=53.29|PF22=53.97|PMC0=58.03|PMC12=65.94|PMC18=70.77|PMC19=71.65|PMC20=72.54|PMC21=73.45|PMC22=74.39|PMVG17=39.8|PMVG18=40.29|PMVG20=41.3
CMED;20260508;medicamento;538820020071207;;;LEGRAND PHARMA INDUSTRIA FARMACEUTICA LTDA;GLICLAZIDA;30 MG COM LIB PROL CT BL AL PVDC BCO LEIT X 30;GLICLAZIDA;7894916149174;1677305900023;90451910;538820020071207;S;N;;25.51;35.16;;;;CMED_ICMS17;20260508;20;PF0=21.17|PF12=24.06|PF18=25.82|PF19=26.14|PF20=26.46|PF21=26.8|PF22=27.14|PMC0=29.18|PMC12=33.16|PMC18=35.59|PMC19=36.03|PMC20=36.47|PMC21=36.94|PMC22=37.41|PMVG17=20.02|PMVG18=20.26|PMVG20=20.76
CMED;20260508;medicamento;538820020071307;;;LEGRAND PHARMA INDUSTRIA FARMACEUTICA LTDA;GLICLAZIDA;30 MG COM LIB PROL CT BL AL PVDC BCO LEIT X 60;GLICLAZIDA;7894916145336;1677305900031;90451929;538820020071307;S;N;;50.72;69.91;;;;CMED_ICMS17;20260508;20;PF0=42.1|PF12=47.84|PF18=51.34|PF19=51.98|PF20=52.63|PF21=53.29|PF22=53.97|PMC0=58.03|PMC12=65.94|PMC18=70.77|PMC19=71.65|PMC20=72.54|PMC21=73.45|PMC22=74.39|PMVG17=39.8|PMVG18=40.29|PMVG20=41.3
CMED;20260508;medicamento;538820020071407;;;LEGRAND PHARMA INDUSTRIA FARMACEUTICA LTDA;GLICLAZIDA;60 MG COM LIB PROL CT BL AL PVDC BCO LEIT X 30;GLICLAZIDA;7894916149181;1677305900074;90449894;538820020071407;S;N;;51;70.3;;;;CMED_ICMS17;20260508;20;PF0=42.33|PF12=48.1|PF18=51.62|PF19=52.26|PF20=52.91|PF21=53.58|PF22=54.27|PMC0=58.35|PMC12=66.3|PMC18=71.15|PMC19=72.03|PMC20=72.93|PMC21=73.85|PMC22=74.81|PMVG17=40.02|PMVG18=40.51|PMVG20=41.52
CMED;20260508;medicamento;538820020071507;;;LEGRAND PHARMA INDUSTRIA FARMACEUTICA LTDA;GLICLAZIDA;60 MG COM LIB PROL CT BL AL PVDC BCO LEIT X 60;GLICLAZIDA;7894916340458;1677305900082;90449908;538820020071507;S;N;;102.01;140.61;;;;CMED_ICMS17;20260508;20;PF0=84.67|PF12=96.22|PF18=103.26|PF19=104.53|PF20=105.84|PF21=107.18|PF22=108.55|PMC0=116.71|PMC12=132.63|PMC18=142.33|PMC19=144.08|PMC20=145.89|PMC21=147.74|PMC22=149.62|PMVG17=80.05|PMVG18=81.03|PMVG20=83.05
CMED;20260508;medicamento;541818070086806;;;EMS S/A;GLICLAZIDA;30 MG COM LIB PROL CT BL AL PVDC OPC X 30;GLICLAZIDA;7896004762319;1023512600028;90419251;541818070086806;S;N;;25.51;35.16;;;;CMED_ICMS17;20260508;20;PF0=21.17|PF12=24.06|PF18=25.82|PF19=26.14|PF20=26.46|PF21=26.8|PF22=27.14|PMC0=29.18|PMC12=33.16|PMC18=35.59|PMC19=36.03|PMC20=36.47|PMC21=36.94|PMC22=37.41|PMVG17=20.02|PMVG18=20.26|PMVG20=20.76
CMED;20260508;medicamento;541818070086906;;;EMS S/A;GLICLAZIDA;30 MG COM LIB PROL CT BL AL PVDC OPC X 60;GLICLAZIDA;7896004724577;1023512600036;90419260;541818070086906;S;N;;50.72;69.91;;;;CMED_ICMS17;20260508;20;PF0=42.1|PF12=47.84|PF18=51.34|PF19=51.98|PF20=52.63|PF21=53.29|PF22=53.97|PMC0=58.03|PMC12=65.94|PMC18=70.77|PMC19=71.65|PMC20=72.54|PMC21=73.45|PMC22=74.39|PMVG17=39.8|PMVG18=40.29|PMVG20=41.3
CMED;20260508;medicamento;541818070087006;;;EMS S/A;GLICLAZIDA;60 MG COM LIB PROL CT BL AL PVDC OPC X 30;GLICLAZIDA;7896004752730;1023512600079;90419278;541818070087006;S;N;;51;70.3;;;;CMED_ICMS17;20260508;20;PF0=42.33|PF12=48.1|PF18=51.62|PF19=52.26|PF20=52.91|PF21=53.58|PF22=54.27|PMC0=58.35|PMC12=66.3|PMC18=71.15|PMC19=72.03|PMC20=72.93|PMC21=73.85|PMC22=74.81|PMVG17=40.02|PMVG18=40.51|PMVG20=41.52
CMED;20260508;medicamento;541818070087106;;;EMS S/A;GLICLAZIDA;60 MG COM LIB PROL CT BL AL PVDC OPC X 60;GLICLAZIDA;7896004762364;1023512600087;90419286;541818070087106;S;N;;102.02;140.62;;;;CMED_ICMS17;20260508;20;PF0=84.68|PF12=96.23|PF18=103.27|PF19=104.54|PF20=105.85|PF21=107.19|PF22=108.56|PMC0=116.72|PMC12=132.64|PMC18=142.35|PMC19=144.1|PMC20=145.9|PMC21=147.75|PMC22=149.64|PMVG17=80.06|PMVG18=81.04|PMVG20=83.06
CMED;20260508;medicamento;508619060010504;;;FARMARIN INDUSTRIA E COMERCIO LTDA;GLICOFISIOLÓGICO;(50 + 9) MG / ML SOL INFUS IV CX FR PLAS TRANS SIST FECH X 500 ML;GLICOSE;7898179364039;1168800340011;90435923;508619060010504;;S;;8.55;;;;;CMED_ICMS17;20260508;20;PF0=7.1|PF12=8.07|PF18=8.66|PF19=8.77|PF20=8.88|PF21=8.99|PF22=9.1|PMVG17=6.71|PMVG18=6.8|PMVG20=6.97
CMED;20260508;medicamento;500514902134418;;;ACHÉ LABORATÓRIOS FARMACÊUTICOS S.A;GLICOLIVE;1500 MG PÓ OR CT 30 ENV PAPEL PLAS AL PLAS X 3,95G;SULFATO DE GLICOSAMINA;7896658011573;1057304030030;90216695;500514902134418;;N;;219.9;303.11;;;;CMED_ICMS17;20260508;20;PF0=182.52|PF12=207.41|PF18=222.59|PF19=225.33|PF20=228.15|PF21=231.04|PF22=234|PMC0=251.58|PMC12=285.89|PMC18=306.82|PMC19=310.59|PMC20=314.48|PMC21=318.46|PMC22=322.54|PMVG17=172.56|PMVG18=174.67|PMVG20=179.03
CMED;20260508;medicamento;533508701110411;;;VITAMEDIC INDUSTRIA FARMACEUTICA LTDA;GLICOMET;850 MG COM CT BL AL PLAS TRANS X 30;CLORIDRATO DE METFORMINA;7898049798223;1039201090016;90212754;533508701110411;;N;;20.18;27.82;;;;CMED_ICMS17;20260508;20;PF0=16.75|PF12=19.03|PF18=20.43|PF19=20.68|PF20=20.94|PF21=21.2|PF22=21.47|PMC0=23.09|PMC12=26.23|PMC18=28.16|PMC19=28.51|PMC20=28.86|PMC21=29.22|PMC22=29.59
CMED;20260508;medicamento;533513050023903;;;VITAMEDIC INDUSTRIA FARMACEUTICA LTDA;GLICOMET;500 MG COM CT BL AL PLAS TRANS X 30;CLORIDRATO DE METFORMINA;7898049794324;1039201090032;90259750;533513050023903;;N;;9.69;13.36;;;;CMED_ICMS17;20260508;20;PF0=8.04|PF12=9.14|PF18=9.8|PF19=9.93|PF20=10.05|PF21=10.18|PF22=10.31|PMC0=11.08|PMC12=12.6|PMC18=13.51|PMC19=13.69|PMC20=13.85|PMC21=14.03|PMC22=14.21|PMVG17=7.6|PMVG18=7.69|PMVG20=7.89
CMED;20260508;medicamento;504414010044718;;;BLAU FARMACEUTICA S.A.;GLICONATO DE CALCIO;100 MG/ML SOL INJ CX 100 AMP VD TRANS X 10 ML (EMB HOSP);GLICONATO DE CÁLCIO;7896014688029;1163700830014;90292545;504414010044718;;S;;205.16;;;;;CMED_ICMS17;20260508;20;PF0=170.28|PF12=193.5|PF18=207.66|PF19=210.22|PF20=212.85|PF21=215.54|PF22=218.31|PMVG17=160.99|PMVG18=162.95|PMVG20=167.02
CMED;20260508;medicamento;508625080012117;;;FARMARIN INDUSTRIA E COMERCIO LTDA;GLICONATO DE CÁLCIO;100 MG/ML SOL INJ IV CX 100 AMP VD TRANS X 10 ML;GLICONATO DE CÁLCIO;7898179365913;1168800420031;90612035;508625080012117;;S;;238.17;;;;;CMED_ICMS17;20260508;20;PF0=197.68|PF12=224.64|PF18=241.07|PF19=244.05|PF20=247.1|PF21=250.23|PF22=253.44|PMVG17=186.89|PMVG18=189.17|PMVG20=193.9
CMED;20260508;medicamento;525102501111414;;;MEDQUIMICA INDUSTRIA FARMACEUTICA LTDA.;GLICONIL;5 MG COM CT BL AL PLAS PVC TRANS X 30;GLIBENCLAMIDA;7896862910556;1091700640011;90157524;525102501111414;;N;;9.89;13.63;;;;CMED_ICMS17;20260508;20;PF0=8.21|PF12=9.33|PF18=10.01|PF19=10.14|PF20=10.26|PF21=10.39|PF22=10.53|PMC0=11.32|PMC12=12.86|PMC18=13.8|PMC19=13.98|PMC20=14.14|PMC21=14.32|PMC22=14.51
CMED;20260508;medicamento;525115050024303;;;MEDQUIMICA INDUSTRIA FARMACEUTICA LTDA.;GLICONIL;5 MG COM CT BL AL PLAS PVC TRANS X 500;GLIBENCLAMIDA;7896862917616;1091700640028;90317300;525115050024303;;S;;159.06;;;;;CMED_ICMS17;20260508;20;PF0=132.02|PF12=150.02|PF18=161|PF19=162.99|PF20=165.03|PF21=167.11|PF22=169.26
CMED;20260508;medicamento;507926030016103;;;EQUIPLEX INDÚSTRIA FARMACÊUTICA LTDA;GLICOSE;50 MG/ML SOL INFUS IV CX 25 FA PLAS PE TRANS SIST FECH X 500 ML;GLICOSE ANIDRA;7898007678611;1177200290010;;507926030016103;;S;;227.9;;;;;CMED_ICMS17;20260508;20;PF0=189.16|PF12=214.95|PF18=230.68|PF19=233.53|PF20=236.45|PF21=239.44|PF22=242.51|PMVG17=178.83|PMVG18=181.01|PMVG20=185.54
CMED;20260508;medicamento;507926030016203;;;EQUIPLEX INDÚSTRIA FARMACÊUTICA LTDA;GLICOSE;50 MG/ML SOL INFUS IV CX 25 FA PLAS PE TRANS SIST FECH X 1000 ML;GLICOSE ANIDRA;7898007678604;1177200290029;;507926030016203;;S;;310.76;;;;;CMED_ICMS17;20260508;20;PF0=257.93|PF12=293.1|PF18=314.55|PF19=318.43|PF20=322.41|PF21=326.49|PF22=330.68|PMVG17=243.85|PMVG18=246.83|PMVG20=252.99
CMED;20260508;medicamento;507926030016303;;;EQUIPLEX INDÚSTRIA FARMACÊUTICA LTDA;GLICOSE;100 MG/ML SOL INFUS IV CX 25 FA PLAS PE TRANS SIST FECH X 500 ML;GLICOSE ANIDRA;7898007678598;1177200290037;;507926030016303;;S;;298.41;;;;;CMED_ICMS17;20260508;20;PF0=247.68|PF12=281.45|PF18=302.05|PF19=305.78|PF20=309.6|PF21=313.52|PF22=317.54|PMVG17=234.16|PMVG18=237.02|PMVG20=242.94
CMED;20260508;medicamento;507926030016403;;;EQUIPLEX INDÚSTRIA FARMACÊUTICA LTDA;GLICOSE;100 MG/ML SOL INFUS IV CX 25 FA PLAS PE TRANS SIST FECH X 1000 ML;GLICOSE ANIDRA;7898007678581;1177200290045;;507926030016403;;S;;422.36;;;;;CMED_ICMS17;20260508;20;PF0=350.56|PF12=398.36|PF18=427.51|PF19=432.79|PF20=438.2|PF21=443.75|PF22=449.44|PMVG17=331.43|PMVG18=335.47|PMVG20=343.86
CMED;20260508;medicamento;508619040010304;;;FARMARIN INDUSTRIA E COMERCIO LTDA;GLICOSE;50 MG / ML SOL INFUS IV CX FR PLAS PEBD TRANS SIST FECH X 100 ML;GLICOSE;7898179363926;1168800330014;90425022;508619040010304;;S;;8.2;;;;;CMED_ICMS17;20260508;20;PF0=6.81|PF12=7.74|PF18=8.3|PF19=8.41|PF20=8.51|PF21=8.62|PF22=8.73|PMVG17=6.43|PMVG18=6.51|PMVG20=6.68
CMED;20260508;medicamento;508619040010404;;;FARMARIN INDUSTRIA E COMERCIO LTDA;GLICOSE;50 MG / ML SOL INFUS IV CX FR PLAS PEBD TRANS SIST FECH X 500 ML;GLICOSE;7898179363988;1168800330057;90425030;508619040010404;;S;;9.07;;;;;CMED_ICMS17;20260508;20;PF0=7.53|PF12=8.56|PF18=9.18|PF19=9.3|PF20=9.41|PF21=9.53|PF22=9.65|PMVG17=7.12|PMVG18=7.2|PMVG20=7.38
CMED;20260508;medicamento;508620080011307;;;FARMARIN INDUSTRIA E COMERCIO LTDA;GLICOSE;100 MG / ML SOL INFUS IV CX FR PLAS PEBD TRANS SIST FECH X 500 ML;GLICOSE;7898179365098;1168800330091;90483952;508620080011307;;S;;18.13;;;;;CMED_ICMS17;20260508;20;PF0=15.05|PF12=17.1|PF18=18.35|PF19=18.58|PF20=18.81|PF21=19.05|PF22=19.29|PMVG17=14.23|PMVG18=14.4|PMVG20=14.76
CMED;20260508;medicamento;508624060012003;;;FARMARIN INDUSTRIA E COMERCIO LTDA;GLICOSE;50 MG /ML SOL INFUS IV CX FR PLAS PEBD TRANS SIST FECH X 250 ML;GLICOSE;7898179365654;1168800330138;90586093;508624060012003;;S;;12.51;;;;;CMED_ICMS17;20260508;20;PF0=10.38|PF12=11.8|PF18=12.66|PF19=12.81|PF20=12.98|PF21=13.14|PF22=13.31|PMVG17=9.82|PMVG18=9.93|PMVG20=10.19
CMED;20260508;medicamento;509501113156410;;;FRESENIUS KABI BRASIL LTDA;GLICOSE;50 MG/ML SOL INJ IV CX FR PLAS PE TRANS SIST FECH X 50 ML;GLICOSE;7897947706514;1004101070118;90075587;509501113156410;;S;;7.93;;;;;CMED_ICMS17;20260508;20;PF0=6.58|PF12=7.48|PF18=8.02|PF19=8.12|PF20=8.23|PF21=8.33|PF22=8.44|PMVG17=6.22|PMVG18=6.29|PMVG20=6.46
CMED;20260508;medicamento;509501114152419;;;FRESENIUS KABI BRASIL LTDA;GLICOSE;50 MG/ML SOL INJ IV CX FR PLAS PE TRANS SIST FECH X 100 ML;GLICOSE;7897947706521;1004101070126;90075552;509501114152419;;S;;8.43;;;;;CMED_ICMS17;20260508;20;PF0=7|PF12=7.95|PF18=8.54|PF19=8.64|PF20=8.75|PF21=8.86|PF22=8.97|PMVG17=6.62|PMVG18=6.7|PMVG20=6.87
CMED;20260508;medicamento;509505805151419;;;FRESENIUS KABI BRASIL LTDA;GLICOSE;50 MG/ML SOL INJ IV CX FR PLAS PE TRANS SIST FECH X 250 ML;GLICOSE;7897947706538;1004101070134;90075560;509505805151419;;S;;7.43;;;;;CMED_ICMS17;20260508;20;PF0=6.17|PF12=7.01|PF18=7.52|PF19=7.62|PF20=7.71|PF21=7.81|PF22=7.91|PMVG17=5.83|PMVG18=5.9|PMVG20=6.05
CMED;20260508;medicamento;509505806156414;;;FRESENIUS KABI BRASIL LTDA;GLICOSE;50 MG/ML SOL INJ IV CX FR PLAS PE TRANS SIST FECH X 1000 ML;GLICOSE;7897947706552;1004101070142;90075544;509505806156414;;S;;12.93;;;;;CMED_ICMS17;20260508;20;PF0=10.73|PF12=12.19|PF18=13.09|PF19=13.25|PF20=13.41|PF21=13.58|PF22=13.76|PMVG17=10.15|PMVG18=10.27|PMVG20=10.52
CMED;20260508;medicamento;509505807152412;;;FRESENIUS KABI BRASIL LTDA;GLICOSE;50 MG/ML SOL INJ IV CX FR PLAS PE TRANS SIST FECH X 500 ML;GLICOSE;7897947706545;1004101070185;90075579;509505807152412;;S;;9.43;;;;;CMED_ICMS17;20260508;20;PF0=7.83|PF12=8.9|PF18=9.55|PF19=9.67|PF20=9.79|PF21=9.91|PF22=10.04|PMVG17=7.4|PMVG18=7.49|PMVG20=7.68
CMED;20260508;medicamento;509505808159410;;;FRESENIUS KABI BRASIL LTDA;GLICOSE;100 MG/ML SOL INJ IV CX FR PLAS PE TRANS SIST FECH X 250 ML;GLICOSE;7897947706569;1004101070150;90075471;509505808159410;;S;;8.29;;;;;CMED_ICMS17;20260508;20;PF0=6.88|PF12=7.82|PF18=8.39|PF19=8.49|PF20=8.6|PF21=8.71|PF22=8.82|PMVG17=6.51|PMVG18=6.58|PMVG20=6.75
CMED;20260508;medicamento;509505809155419;;;FRESENIUS KABI BRASIL LTDA;GLICOSE;100 MG/ML SOL INJ IV CX FR PLAS PE TRANS SIST FECH X 500 ML;GLICOSE;7897947706576;1004101070169;90075480;509505809155419;;S;;11.93;;;;;CMED_ICMS17;20260508;20;PF0=9.9|PF12=11.25|PF18=12.07|PF19=12.22|PF20=12.38|PF21=12.53|PF22=12.69|PMVG17=9.36|PMVG18=9.47|PMVG20=9.72
CMED;20260508;medicamento;509505810153416;;;FRESENIUS KABI BRASIL LTDA;GLICOSE;100 MG/ML SOL INJ IV CX FR PLAS PE TRANS SIST FECH X 1000 ML;GLICOSE;7897947706583;1004101070177;90075463;509505810153416;;S;;16.96;;;;;CMED_ICMS17;20260508;20;PF0=14.08|PF12=16|PF18=17.17|PF19=17.38|PF20=17.6|PF21=17.82|PF22=18.05|PMVG17=13.31|PMVG18=13.47|PMVG20=13.81
CMED;20260508;medicamento;509505811151417;;;FRESENIUS KABI BRASIL LTDA;GLICOSE;500 MG/ML SOL INJ IV CX FR PLAS PE TRANS SIST FECH X 500 ML;GLICOSE;7897947708839;1004101070215;90075498;509505811151417;;S;;14.28;;;;;CMED_ICMS17;20260508;20;PF0=11.85|PF12=13.47|PF18=14.45|PF19=14.63|PF20=14.81|PF21=15|PF22=15.19|PMVG17=11.21|PMVG18=11.34|PMVG20=11.62
CMED;20260508;medicamento;539013090001203;;;SAMTEC BIOTECNOLOGIA LIMITADA;GLICOSE;25% SOL INJ CX 200 AMP PLAS TRANS X 10 ML;GLICOSE;7898415823016;1559200060081;90283031;539013090001203;;S;;165.88;;;;;CMED_ICMS17;20260508;20;PF0=137.68|PF12=156.45|PF18=167.9|PF19=169.98|PF20=172.1|PF21=174.28|PF22=176.51|PMVG17=130.17|PMVG18=131.75|PMVG20=135.05
CMED;20260508;medicamento;539013090001403;;;SAMTEC BIOTECNOLOGIA LIMITADA;GLICOSE;50% SOL INJ CX 200 AMP PLAS TRANS X 10 ML;GLICOSE;7898415823115;1559200060047;90283023;539013090001403;;S;;175.77;;;;;CMED_ICMS17;20260508;20;PF0=145.89|PF12=165.78|PF18=177.91|PF19=180.11|PF20=182.36|PF21=184.67|PF22=187.04|PMVG17=137.93|PMVG18=139.6|PMVG20=143.1
CMED;20260508;medicamento;539016100004803;;;SAMTEC BIOTECNOLOGIA LIMITADA;GLICOSE;50% SOL INJ CX 200 AMP PLAS TRANS X 20 ML;GLICOSE;7898415823122;1559200060136;90363663;539016100004803;;S;;350.55;;;;;CMED_ICMS17;20260508;20;PF0=290.96|PF12=330.64|PF18=354.83|PF19=359.21|PF20=363.7|PF21=368.3|PF22=373.03|PMVG17=275.08|PMVG18=278.44|PMVG20=285.4
CMED;20260508;medicamento;576825100003104;;;FARMA VISION IMPORTACAO E EXPORTACAO DE MEDICAMENTOS LTDA;GLICOSE;50 MG/ML SOL INFUS IV CX 25 FA PLAS PE TRANS SIST FECH X 500 ML;GLICOSE ANIDRA;0074468949010;1746500180014;90615980;576825100003104;;S;;236.16;;;;;CMED_ICMS17;20260508;20;PF0=196.01|PF12=222.74|PF18=239.04|PF19=241.99|PF20=245.01|PF21=248.11|PF22=251.29|PMVG17=185.31|PMVG18=187.58|PMVG20=192.26
CMED;20260508;medicamento;576825100003204;;;FARMA VISION IMPORTACAO E EXPORTACAO DE MEDICAMENTOS LTDA;GLICOSE;50 MG/ML SOL INFUS IV CX 25 FA PLAS PE TRANS SIST FECH X 1000 ML;GLICOSE ANIDRA;0074468949065;1746500180022;90615999;576825100003204;;S;;323.41;;;;;CMED_ICMS17;20260508;20;PF0=268.43|PF12=305.03|PF18=327.35|PF19=331.4|PF20=335.54|PF21=339.78|PF22=344.14|PMVG17=253.78|PMVG18=256.87|PMVG20=263.3
CMED;20260508;medicamento;576825100003304;;;FARMA VISION IMPORTACAO E EXPORTACAO DE MEDICAMENTOS LTDA;GLICOSE;100 MG/ML SOL INFUS IV CX 25 FA PLAS PE TRANS SIST FECH X 500 ML;GLICOSE ANIDRA;0074468949072;1746500180030;90616006;576825100003304;;S;;298.43;;;;;CMED_ICMS17;20260508;20;PF0=247.7|PF12=281.48|PF18=302.07|PF19=305.8|PF20=309.63|PF21=313.54|PF22=317.56|PMVG17=234.18|PMVG18=237.03|PMVG20=242.97
CMED;20260508;medicamento;576825100003404;;;FARMA VISION IMPORTACAO E EXPORTACAO DE MEDICAMENTOS LTDA;GLICOSE;100 MG/ML SOL INFUS IV CX 25 FA PLAS PE TRANS SIST FECH X 1000 ML;GLICOSE ANIDRA;0074468949089;1746500180049;90616014;576825100003404;;S;;424.24;;;;;CMED_ICMS17;20260508;20;PF0=352.12|PF12=400.14|PF18=429.41|PF19=434.72|PF20=440.15|PF21=445.72|PF22=451.44|PMVG17=332.9|PMVG18=336.96|PMVG20=345.39
CMED;20260508;medicamento;636926040000904;;;COPERMED COMERCIAL IMPORTADORA LTDA;GLICOSE;50 MG/ML SOL INFUS IV CX 25 FA PLAS PE TRANS SIST FECH X 500 ML;GLICOSE ANIDRA;7898764570135;1268000060019;;636926040000904;;S;;194.35;;;;;CMED_ICMS17;20260508;20;PF0=161.31|PF12=183.31|PF18=196.72|PF19=199.15|PF20=201.64|PF21=204.19|PF22=206.81|PMVG17=152.51|PMVG18=154.37|PMVG20=158.23
CMED;20260508;medicamento;636926040001004;;;COPERMED COMERCIAL IMPORTADORA LTDA;GLICOSE;50 MG/ML SOL INFUS IV CX 25 FA PLAS PE TRANS SIST FECH X 1000 ML;GLICOSE ANIDRA;7898764570159;1268000060027;;636926040001004;;S;;308.73;;;;;CMED_ICMS17;20260508;20;PF0=256.25|PF12=291.19|PF18=312.5|PF19=316.36|PF20=320.31|PF21=324.37|PF22=328.53|PMVG17=242.26|PMVG18=245.22|PMVG20=251.35
CMED;20260508;medicamento;636926040001104;;;COPERMED COMERCIAL IMPORTADORA LTDA;GLICOSE;100 MG/ML SOL INFUS IV CX 25 FA PLAS PE TRANS SIST FECH X 500 ML;GLICOSE ANIDRA;7898764570173;1268000060035;;636926040001104;;S;;249.4;;;;;CMED_ICMS17;20260508;20;PF0=207|PF12=235.23|PF18=252.44|PF19=255.56|PF20=258.75|PF21=262.03|PF22=265.38|PMVG17=195.7|PMVG18=198.09|PMVG20=203.04
CMED;20260508;medicamento;636926040001204;;;COPERMED COMERCIAL IMPORTADORA LTDA;GLICOSE;100 MG/ML SOL INFUS IV CX 25 FA PLAS PE TRANS SIST FECH X 1000 ML;GLICOSE ANIDRA;7898764570197;1268000060043;;636926040001204;;S;;399.1;;;;;CMED_ICMS17;20260508;20;PF0=331.25|PF12=376.42|PF18=403.96|PF19=408.95|PF20=414.06|PF21=419.3|PF22=424.68|PMVG17=313.17|PMVG18=316.99|PMVG20=324.91
CMED;20260508;medicamento;508303904159413;;;FARMACE INDÚSTRIA QUÍMICO-FARMACÊUTICA CEARENSE LTDA;GLICOSE + CLORETO DE SÓDIO FARMACE;50 MG + 9MG/ML SOL INJ IV CX 24 FR PLAS TRANS SIST FECH X 500ML EMB HOSP;"GLICOSE;CLORETO DE SÓDIO";7898166040045;1108500380039;90073045;508303904159413;;S;;238.75;;;;;CMED_ICMS17;20260508;20;PF0=198.16|PF12=225.18|PF18=241.66|PF19=244.64|PF20=247.7|PF21=250.84|PF22=254.05|PMVG17=187.35|PMVG18=189.63|PMVG20=194.37
CMED;20260508;medicamento;636925090000704;;;COPERMED COMERCIAL IMPORTADORA LTDA;GLICOSE 5% + CLORETO DE SÓDIO 0,9%;9MG/ML + 50 MG/ML SOL INFUS IV CX 12 FA PLAS TRANS SIST FECH X 1000 ML;"GLICOSE ANIDRA;CLORETO DE SÓDIO";7898764570081;1268000040018;90616049;636925090000704;;S;;171.51;;;;;CMED_ICMS17;20260508;20;PF0=142.35|PF12=161.76|PF18=173.6|PF19=175.74|PF20=177.94|PF21=180.19|PF22=182.5|PMVG17=134.58|PMVG18=136.22|PMVG20=139.63
CMED;20260508;medicamento;636925090000804;;;COPERMED COMERCIAL IMPORTADORA LTDA;GLICOSE 5% + CLORETO DE SÓDIO 0,9%;9MG/ML + 50 MG/ML SOL INFUS IV CX 12 FA PLAS TRANS SIST FECH X 500 ML;"GLICOSE ANIDRA;CLORETO DE SÓDIO";7898764570074;1268000040026;90616057;636925090000804;;S;;105.88;;;;;CMED_ICMS17;20260508;20;PF0=87.88|PF12=99.86|PF18=107.17|PF19=108.49|PF20=109.85|PF21=111.24|PF22=112.67|PMVG17=83.08|PMVG18=84.1|PMVG20=86.2
CMED;20260508;medicamento;520902301159311;;;LABORATORIOS B. BRAUN S/A;GLICOSE A 5% + CLORETO DE SÓDIO A 0,9%;50 MG/ML + 9 MG/ML SOL INJ IV CX 10 FA PLAS TRANS SIST FECH X 1000 ML;"GLICOSE;CLORETO DE SÓDIO";7891543000151;1008500060119;90122844;520902301159311;;S;;151.35;;;;;CMED_ICMS17;20260508;20;PF0=125.62|PF12=142.75|PF18=153.2|PF19=155.09|PF20=157.03|PF21=159.01|PF22=161.05|PMVG17=118.76|PMVG18=120.22|PMVG20=123.22
CMED;20260508;medicamento;520902303151316;;;LABORATORIOS B. BRAUN S/A;GLICOSE A 5% + CLORETO DE SÓDIO A 0,9%;50 MG/ML + 9 MG/ML SOL INJ IV CX 20 FA PLAS TRANS SIST FECH X 500 ML;"GLICOSE;CLORETO DE SÓDIO";7891543000144;1008500060100;90122852;520902303151316;;S;;199;;;;;CMED_ICMS17;20260508;20;PF0=165.17|PF12=187.69|PF18=201.43|PF19=203.91|PF20=206.46|PF21=209.08|PF22=211.76|PMVG17=156.16|PMVG18=158.06|PMVG20=162.01
CMED;20260508;medicamento;503301303157412;;;BEKER PRODUTOS FARMACO HOSPITALARES LTDA;GLICOSE BEKER;50 MG/ML SOL INJ IV CX 24 BOLS PVC TRANS SIST FECH X 500 ML;GLICOSE;7898170783037;1034600050149;90022270;503301303157412;;S;;227.18;;;;;CMED_ICMS17;20260508;20;PF0=188.56|PF12=214.27|PF18=229.95|PF19=232.79|PF20=235.7|PF21=238.68|PF22=241.74|PMVG17=178.27|PMVG18=180.44|PMVG20=184.95
CMED;20260508;medicamento;503301304153410;;;BEKER PRODUTOS FARMACO HOSPITALARES LTDA;GLICOSE BEKER;50 MG/ML SOL INJ IV CX 14 BOLS PVC TRANS SIST FECH X 1000 ML;GLICOSE;7898170783044;1034600050157;90022262;503301304153410;;S;;180.76;;;;;CMED_ICMS17;20260508;20;PF0=150.03|PF12=170.49|PF18=182.96|PF19=185.22|PF20=187.54|PF21=189.91|PF22=192.35|PMVG17=141.84|PMVG18=143.57|PMVG20=147.16
CMED;20260508;medicamento;503301306156417;;;BEKER PRODUTOS FARMACO HOSPITALARES LTDA;GLICOSE BEKER;100 MG/ML SOL INJ IV CX 14 BOLS PVC TRANS SIST FECH X 1000 ML;GLICOSE;7898170783143;1034600050181;90022238;503301306156417;;S;;234.98;;;;;CMED_ICMS17;20260508;20;PF0=195.03|PF12=221.63|PF18=237.84|PF19=240.78|PF20=243.79|PF21=246.87|PF22=250.04|PMVG17=184.39|PMVG18=186.63|PMVG20=191.3
CMED;20260508;medicamento;503301307152415;;;BEKER PRODUTOS FARMACO HOSPITALARES LTDA;GLICOSE BEKER;100 MG/ML SOL INJ IV CX 24 BOLS PVC TRANS SIST FECH X 500 ML;GLICOSE;7898170783136;1034600050173;90022246;503301307152415;;S;;284;;;;;CMED_ICMS17;20260508;20;PF0=235.72|PF12=267.86|PF18=287.46|PF19=291.01|PF20=294.65|PF21=298.38|PF22=302.21|PMVG17=222.85|PMVG18=225.57|PMVG20=231.21
CMED;20260508;medicamento;503317120008103;;;BEKER PRODUTOS FARMACO HOSPITALARES LTDA;GLICOSE BEKER;100 MG/ML SOL INJ IV CX 50 BOLS PP TRANS SIST FECH X 250 ML;GLICOSE;7898170784423;1034600050254;90396014;503317120008103;;S;;408.86;;;;;CMED_ICMS17;20260508;20;PF0=339.35|PF12=385.63|PF18=413.84|PF19=418.95|PF20=424.19|PF21=429.56|PF22=435.06|PMVG17=320.83|PMVG18=324.74|PMVG20=332.86
CMED;20260508;medicamento;503317120008603;;;BEKER PRODUTOS FARMACO HOSPITALARES LTDA;GLICOSE BEKER;50 MG/ML SOL INJ IV CX 24 BOLS PP TRANS SIST FECH X 500 ML;GLICOSE;7898170784409;1034600050238;90396065;503317120008603;;S;;227.18;;;;;CMED_ICMS17;20260508;20;PF0=188.56|PF12=214.27|PF18=229.95|PF19=232.79|PF20=235.7|PF21=238.68|PF22=241.74|PMVG17=178.27|PMVG18=180.44|PMVG20=184.95
CMED;20260508;medicamento;511220090040907;;;HALEX ISTAR INDUSTRIA FARMACEUTICA SA;GLICOSE HALEX ISTAR;50 MG/ML SOL INJ IV CX 30 BOLS PLAS TRANS SIST FECH X 500 ML;GLICOSE;7896727870681;1031101770109;90483766;511220090040907;;S;;271.76;;;;;CMED_ICMS17;20260508;20;PF0=225.56|PF12=256.32|PF18=275.07|PF19=278.47|PF20=281.95|PF21=285.52|PF22=289.18|PMVG17=213.25|PMVG18=215.85|PMVG20=221.25
CMED;20260508;medicamento;511220090041207;;;HALEX ISTAR INDUSTRIA FARMACEUTICA SA;GLICOSE HALEX ISTAR;50 MG/ML SOL INJ IV CX 100 BOLS PLAS TRANS SIST FECH X 100 ML;GLICOSE;7896727870643;1031101770060;90483790;511220090041207;;S;;498.06;;;;;CMED_ICMS17;20260508;20;PF0=413.39|PF12=469.76|PF18=504.13|PF19=510.36|PF20=516.74|PF21=523.28|PF22=529.99|PMVG17=390.83|PMVG18=395.59|PMVG20=405.49
CMED;20260508;medicamento;511220090042407;;;HALEX ISTAR INDUSTRIA FARMACEUTICA SA;GLICOSE HALEX ISTAR;50 MG/ML SOL INJ IV CX 15 BOLS PLAS TRANS SIST FECH X 1000 ML;GLICOSE;7896727870704;1031101770125;90483910;511220090042407;;S;;185.37;;;;;CMED_ICMS17;20260508;20;PF0=153.86|PF12=174.84|PF18=187.63|PF19=189.95|PF20=192.33|PF21=194.76|PF22=197.26|PMVG17=145.46|PMVG18=147.23|PMVG20=150.92
CMED;20260508;medicamento;511220090042607;;;HALEX ISTAR INDUSTRIA FARMACEUTICA SA;GLICOSE HALEX ISTAR;50 MG/ML SOL INJ IV CX 50 BOLS PLAS TRANS SIST FECH X 250 ML;GLICOSE;7896727870667;1031101770087;90483936;511220090042607;;S;;357.54;;;;;CMED_ICMS17;20260508;20;PF0=296.76|PF12=337.23|PF18=361.9|PF19=366.37|PF20=370.95|PF21=375.65|PF22=380.46|PMVG17=280.56|PMVG18=283.98|PMVG20=291.08
CMED;20260508;medicamento;508030713150411;;;EUROFARMA LABORATORIOS S.A.;GLICOSE MONOIDRATADA;50 MG/ML SOL INJ IV FR PLAS PP TRANS SIST FECH X 250 ML;GLICOSE MONOIDRATADA;7898919447527;1004310500107;90222776;508030713150411;;S;;7.52;;;;;CMED_ICMS17;20260508;20;PF0=6.24|PF12=7.09|PF18=7.61|PF19=7.7|PF20=7.8|PF21=7.9|PF22=8|PMVG17=5.9|PMVG18=5.97|PMVG20=6.12
CMED;20260508;medicamento;508030714157418;;;EUROFARMA LABORATORIOS S.A.;GLICOSE MONOIDRATADA;50 MG/ML SOL INJ IV FR PLAS PP TRANS SIST FECH X 500 ML;GLICOSE MONOIDRATADA;7898919447534;1004310500115;90222784;508030714157418;;S;;9.55;;;;;CMED_ICMS17;20260508;20;PF0=7.93|PF12=9.01|PF18=9.67|PF19=9.79|PF20=9.91|PF21=10.04|PF22=10.17|PMVG17=7.49|PMVG18=7.59|PMVG20=7.78
CMED;20260508;medicamento;508026010198003;;;EUROFARMA LABORATORIOS S.A.;GLIF;10 MG COM REV CT BL AL AL X 30;DAPAGLIFLOZINA;7891317039769;1004315640039;;508026010198003;;N;;112.65;155.28;;;;CMED_ICMS17;20260508;20;PF0=93.5|PF12=106.25|PF18=114.02|PF19=115.43|PF20=116.88|PF21=118.35|PF22=119.87|PMC0=128.88|PMC12=146.45|PMC18=157.16|PMC19=159.11|PMC20=161.11|PMC21=163.13|PMC22=165.23
CMED;20260508;medicamento;508026030201803;;;EUROFARMA LABORATORIOS S.A.;GLIF;10 MG COM REV CT BL AL AL X 7;DAPAGLIFLOZINA;7891317039752;1004315640012;;508026030201803;;N;;26.29;36.24;;;;CMED_ICMS17;20260508;20;PF0=21.82|PF12=24.8|PF18=26.61|PF19=26.94|PF20=27.28|PF21=27.62|PF22=27.97|PMC0=30.08|PMC12=34.18|PMC18=36.68|PMC19=37.13|PMC20=37.6|PMC21=38.07|PMC22=38.55
CMED;20260508;medicamento;525404901112413;;;MERCK S/A;GLIFAGE;1 G COM REV CT BL AL PLAS TRANS X 30;CLORIDRATO DE METFORMINA;7891721044137;1008901930051;90161165;525404901112413;;N;;42.4;58.44;;;;CMED_ICMS17;20260508;20;PF0=35.19|PF12=39.99|PF18=42.91|PF19=43.44|PF20=43.99|PF21=44.54|PF22=45.12|PMC0=48.51|PMC12=55.12|PMC18=59.15|PMC19=59.88|PMC20=60.64|PMC21=61.39|PMC22=62.19|PMVG17=33.27|PMVG18=33.67|PMVG20=34.52
CMED;20260508;medicamento;525404902119411;;;MERCK S/A;GLIFAGE;500 MG COM REV CT BL AL PLAS TRANS X 30;CLORIDRATO DE METFORMINA;7891721000614;1008901930025;90161181;525404902119411;;N;;22.19;30.59;;;;CMED_ICMS17;20260508;20;PF0=18.42|PF12=20.93|PF18=22.46|PF19=22.74|PF20=23.03|PF21=23.32|PF22=23.62|PMC0=25.39|PMC12=28.85|PMC18=30.96|PMC19=31.34|PMC20=31.74|PMC21=32.14|PMC22=32.56|PMVG17=17.41|PMVG18=17.62|PMVG20=18.07
CMED;20260508;medicamento;525404903115411;;;MERCK S/A;GLIFAGE;850 MG COM REV CT BL AL PLAS TRANS X 30;CLORIDRATO DE METFORMINA;7891721027437;1008901930017;90161190;525404903115411;;N;;29.86;41.16;;;;CMED_ICMS17;20260508;20;PF0=24.78|PF12=28.16|PF18=30.22|PF19=30.59|PF20=30.98|PF21=31.37|PF22=31.77|PMC0=34.16|PMC12=38.82|PMC18=41.66|PMC19=42.17|PMC20=42.7|PMC21=43.24|PMC22=43.79
CMED;20260508;medicamento;525426010058003;;;MERCK S/A;GLIFAGE;500 MG COM REV CT BL AL PLAS TRANS X 10;CLORIDRATO DE METFORMINA;7891721017704;1008901930084;;525426010058003;;N;;7.4;10.2;;;;CMED_ICMS17;20260508;20;PF0=6.14|PF12=6.98|PF18=7.49|PF19=7.58|PF20=7.68|PF21=7.77|PF22=7.87|PMC0=8.46|PMC12=9.62|PMC18=10.32|PMC19=10.45|PMC20=10.59|PMC21=10.71|PMC22=10.85|PMVG17=5.81|PMVG18=5.88|PMVG20=6.03
CMED;20260508;medicamento;525426010058103;;;MERCK S/A;GLIFAGE;500 MG COM REV CT BL AL PLAS TRANS X 60;CLORIDRATO DE METFORMINA;7891721022333;1008901930092;;525426010058103;;N;;44.4;61.2;;;;CMED_ICMS17;20260508;20;PF0=36.85|PF12=41.88|PF18=44.94|PF19=45.49|PF20=46.06|PF21=46.65|PF22=47.24|PMC0=50.79|PMC12=57.73|PMC18=61.95|PMC19=62.7|PMC20=63.49|PMC21=64.3|PMC22=65.12|PMVG17=34.84|PMVG18=35.26|PMVG20=36.14
CMED;20260508;medicamento;525426010058203;;;MERCK S/A;GLIFAGE;500 MG COM REV CT BL AL PLAS TRANS X 500;CLORIDRATO DE METFORMINA;7891721021978;1008901930149;;525426010058203;;N;;369.96;509.95;;;;CMED_ICMS17;20260508;20;PF0=307.07|PF12=348.94|PF18=374.48|PF19=379.1|PF20=383.84|PF21=388.7|PF22=393.68|PMC0=423.26|PMC12=480.98|PMC18=516.18|PMC19=522.55|PMC20=529.08|PMC21=535.78|PMC22=542.65|PMVG17=290.31|PMVG18=293.86|PMVG20=301.2
CMED;20260508;medicamento;525426010058303;;;MERCK S/A;GLIFAGE;500 MG COM REV CT BL AL PLAS TRANS X 1000;CLORIDRATO DE METFORMINA;7891721022067;1008901930157;;525426010058303;;N;;739.94;1019.93;;;;CMED_ICMS17;20260508;20;PF0=614.15|PF12=697.9|PF18=748.96|PF19=758.21|PF20=767.69|PF21=777.41|PF22=787.37|PMC0=846.54|PMC12=961.98|PMC18=1032.36|PMC19=1045.11|PMC20=1058.18|PMC21=1071.58|PMC22=1085.31|PMVG17=580.63|PMVG18=587.71|PMVG20=602.41
CMED;20260508;medicamento;525426010058403;;;MERCK S/A;GLIFAGE;1 G COM REV CT BL AL PLAS TRANS X 10;CLORIDRATO DE METFORMINA;7891721017728;1008901930106;;525426010058403;;N;;14.13;19.48;;;;CMED_ICMS17;20260508;20;PF0=11.73|PF12=13.33|PF18=14.3|PF19=14.48|PF20=14.66|PF21=14.85|PF22=15.04|PMC0=16.17|PMC12=18.37|PMC18=19.71|PMC19=19.96|PMC20=20.21|PMC21=20.47|PMC22=20.73|PMVG17=11.09|PMVG18=11.22|PMVG20=11.5
CMED;20260508;medicamento;525426010058503;;;MERCK S/A;GLIFAGE;1 G COM REV CT BL AL PLAS TRANS X 60;CLORIDRATO DE METFORMINA;7891721022340;1008901930114;;525426010058503;;N;;84.8;116.89;;;;CMED_ICMS17;20260508;20;PF0=70.38|PF12=79.98|PF18=85.83|PF19=86.89|PF20=87.98|PF21=89.09|PF22=90.23|PMC0=97.01|PMC12=110.24|PMC18=118.31|PMC19=119.77|PMC20=121.27|PMC21=122.8|PMC22=124.37|PMVG17=66.54|PMVG18=67.35|PMVG20=69.04
CMED;20260508;medicamento;525426010058603;;;MERCK S/A;GLIFAGE;850 MG COM REV CT BL AL PLAS TRANS X 10;CLORIDRATO DE METFORMINA;7891721017711;1008901930068;;525426010058603;;N;;9.95;13.72;;;;CMED_ICMS17;20260508;20;PF0=8.26|PF12=9.39|PF18=10.07|PF19=10.2|PF20=10.33|PF21=10.46|PF22=10.59|PMC0=11.39|PMC12=12.94|PMC18=13.88|PMC19=14.06|PMC20=14.24|PMC21=14.42|PMC22=14.6
CMED;20260508;medicamento;525426010058703;;;MERCK S/A;GLIFAGE;850 MG COM REV CT BL AL PLAS TRANS X 60;CLORIDRATO DE METFORMINA;7891721022326;1008901930076;;525426010058703;;N;;59.71;82.3;;;;CMED_ICMS17;20260508;20;PF0=49.56|PF12=56.32|PF18=60.44|PF19=61.19|PF20=61.95|PF21=62.73|PF22=63.54|PMC0=68.31|PMC12=77.63|PMC18=83.31|PMC19=84.34|PMC20=85.39|PMC21=86.47|PMC22=87.58
CMED;20260508;medicamento;525426010058803;;;MERCK S/A;GLIFAGE;850 MG COM REV CT BL AL PLAS TRANS X 500;CLORIDRATO DE METFORMINA;7891721022074;1008901930122;;525426010058803;;N;;497.61;685.9;;;;CMED_ICMS17;20260508;20;PF0=413.02|PF12=469.34|PF18=503.68|PF19=509.9|PF20=516.28|PF21=522.81|PF22=529.51|PMC0=569.31|PMC12=646.94|PMC18=694.27|PMC19=702.84|PMC20=711.64|PMC21=720.64|PMC22=729.87
CMED;20260508;medicamento;525426010058903;;;MERCK S/A;GLIFAGE;850 MG COM REV CT BL AL PLAS TRANS X 1000;CLORIDRATO DE METFORMINA;7891721022081;1008901930130;;525426010058903;;N;;995.22;1371.81;;;;CMED_ICMS17;20260508;20;PF0=826.03|PF12=938.67|PF18=1007.35|PF19=1019.79|PF20=1032.54|PF21=1045.61|PF22=1059.01|PMC0=1138.6|PMC12=1293.86|PMC18=1388.53|PMC19=1405.67|PMC20=1423.25|PMC21=1441.26|PMC22=1459.73
CMED;20260508;medicamento;525419050052303;;;MERCK S/A;GLIFAGE XR;850 MG COM LIB PROL CT BL AL PLAS PVDC/PVC TRANS X 30;CLORIDRATO DE METFORMINA;7891721201530;1008903400236;90433513;525419050052303;;N;;31.07;42.83;;;;CMED_ICMS17;20260508;20;PF0=25.79|PF12=29.31|PF18=31.45|PF19=31.84|PF20=32.24|PF21=32.65|PF22=33.06|PMC0=35.55|PMC12=40.4|PMC18=43.35|PMC19=43.89|PMC20=44.44|PMC21=45|PMC22=45.57|PMVG17=24.38|PMVG18=24.68|PMVG20=25.3
CMED;20260508;medicamento;525419050052403;;;MERCK S/A;GLIFAGE XR;850 MG COM LIB PROL CT BL AL PLAS PVDC/PVC TRANS X 10;CLORIDRATO DE METFORMINA;7891721201547;1008903400228;90433521;525419050052403;;N;;10.35;14.27;;;;CMED_ICMS17;20260508;20;PF0=8.59|PF12=9.76|PF18=10.48|PF19=10.6|PF20=10.74|PF21=10.87|PF22=11.01|PMC0=11.84|PMC12=13.45|PMC18=14.45|PMC19=14.61|PMC20=14.8|PMC21=14.98|PMC22=15.18|PMVG17=8.12|PMVG18=8.22|PMVG20=8.43
CMED;20260508;medicamento;525420301116312;;;MERCK S/A;GLIFAGE XR;750 MG COM LIB PROL CT BL AL PLAS PVDC/PVC TRANS X 10;CLORIDRATO DE METFORMINA;7891721027444;1008903400090;90161238;525420301116312;;N;;10.05;13.85;;;;CMED_ICMS17;20260508;20;PF0=8.34|PF12=9.48|PF18=10.17|PF19=10.3|PF20=10.43|PF21=10.56|PF22=10.69|PMC0=11.5|PMC12=13.07|PMC18=14.02|PMC19=14.2|PMC20=14.38|PMC21=14.56|PMC22=14.74|PMVG17=7.89|PMVG18=7.98|PMVG20=8.19
CMED;20260508;medicamento;525420302112310;;;MERCK S/A;GLIFAGE XR;750 MG COM LIB PROL CT BL AL PLAS PVDC/PVC TRANS X 30;CLORIDRATO DE METFORMINA;7891721027451;1008903400120;90161246;525420302112310;;N;;30.24;41.68;;;;CMED_ICMS17;20260508;20;PF0=25.1|PF12=28.52|PF18=30.61|PF19=30.99|PF20=31.38|PF21=31.77|PF22=32.18|PMC0=34.6|PMC12=39.31|PMC18=42.19|PMC19=42.72|PMC20=43.25|PMC21=43.79|PMC22=44.36|PMVG17=23.73|PMVG18=24.02|PMVG20=24.62
CMED;20260508;medicamento;525420303119319;;;MERCK S/A;GLIFAGE XR;1 G COM LIB PROL CT BL AL PLAS PVDC/PVC TRANS X 10;CLORIDRATO DE METFORMINA;7891721022562;1008903400171;90161203;525420303119319;;N;;14.01;19.31;;;;CMED_ICMS17;20260508;20;PF0=11.63|PF12=13.22|PF18=14.18|PF19=14.36|PF20=14.54|PF21=14.72|PF22=14.91|PMC0=16.03|PMC12=18.22|PMC18=19.55|PMC19=19.79|PMC20=20.04|PMC21=20.29|PMC22=20.55|PMVG17=10.99|PMVG18=11.13|PMVG20=11.41
CMED;20260508;medicamento;525420304115317;;;MERCK S/A;GLIFAGE XR;1 G COM LIB PROL CT BL AL PLAS PVDC/PVC TRANS X 30;CLORIDRATO DE METFORMINA;7891721022579;1008903400181;90161211;525420304115317;;N;;42.06;57.98;;;;CMED_ICMS17;20260508;20;PF0=34.91|PF12=39.67|PF18=42.57|PF19=43.1|PF20=43.64|PF21=44.19|PF22=44.76|PMC0=48.12|PMC12=54.68|PMC18=58.68|PMC19=59.41|PMC20=60.15|PMC21=60.91|PMC22=61.7|PMVG17=33|PMVG18=33.4|PMVG20=34.24
CMED;20260508;medicamento;525420305111315;;;MERCK S/A;GLIFAGE XR;500 MG COM LIB PROL CT BL AL PLAS PVDC/PVC TRANS X 30;CLORIDRATO DE METFORMINA;7891721201806;1008903400031;90161220;525420305111315;;N;;8.75;12.06;;;;CMED_ICMS17;20260508;20;PF0=7.26|PF12=8.25|PF18=8.85|PF19=8.96|PF20=9.08|PF21=9.19|PF22=9.31|PMC0=10.01|PMC12=11.37|PMC18=12.2|PMC19=12.35|PMC20=12.52|PMC21=12.67|PMC22=12.83
CMED;20260508;medicamento;525425120054803;;;MERCK S/A;GLIFAGE XR;500 MG COM LIB PROL CT BL AL PLAS PVDC/PVC TRANS X 10;CLORIDRATO DE METFORMINA;7891721024016;1008903400015;90619269;525425120054803;;N;;2.92;4.02;;;;CMED_ICMS17;20260508;20;PF0=2.42|PF12=2.75|PF18=2.95|PF19=2.99|PF20=3.03|PF21=3.06|PF22=3.1|PMC0=3.34|PMC12=3.79|PMC18=4.07|PMC19=4.12|PMC20=4.18|PMC21=4.22|PMC22=4.27
CMED;20260508;medicamento;525425120054903;;;MERCK S/A;GLIFAGE XR;500 MG COM LIB PROL CT BL AL PLAS PVDC/PVC TRANS X 45;CLORIDRATO DE METFORMINA;7891721013263;1008903400082;90619323;525425120054903;;N;;13.12;18.08;;;;CMED_ICMS17;20260508;20;PF0=10.89|PF12=12.38|PF18=13.28|PF19=13.44|PF20=13.61|PF21=13.78|PF22=13.96|PMC0=15.01|PMC12=17.06|PMC18=18.31|PMC19=18.53|PMC20=18.76|PMC21=18.99|PMC22=19.24
CMED;20260508;medicamento;525425120055003;;;MERCK S/A;GLIFAGE XR;500 MG COM LIB PROL CT BL AL PLAS PVDC/PVC TRANS X 20;CLORIDRATO DE METFORMINA;7891721013201;1008903400023;90619277;525425120055003;;N;;5.83;8.04;;;;CMED_ICMS17;20260508;20;PF0=4.84|PF12=5.5|PF18=5.9|PF19=5.98|PF20=6.05|PF21=6.13|PF22=6.21|PMC0=6.67|PMC12=7.58|PMC18=8.13|PMC19=8.24|PMC20=8.34|PMC21=8.45|PMC22=8.56
CMED;20260508;medicamento;525425120055103;;;MERCK S/A;GLIFAGE XR;500 MG COM LIB PROL CT BL AL PLAS PVDC/PVC TRANS X 40;CLORIDRATO DE METFORMINA;7891721013225;1008903400041;90619285;525425120055103;;N;;11.66;16.07;;;;CMED_ICMS17;20260508;20;PF0=9.68|PF12=11|PF18=11.8|PF19=11.95|PF20=12.1|PF21=12.25|PF22=12.41|PMC0=13.34|PMC12=15.16|PMC18=16.27|PMC19=16.47|PMC20=16.68|PMC21=16.89|PMC22=17.11
CMED;20260508;medicamento;525425120055203;;;MERCK S/A;GLIFAGE XR;500 MG COM LIB PROL CT BL AL PLAS PVDC/PVC TRANS X 50;CLORIDRATO DE METFORMINA;7891721013232;1008903400058;90619293;525425120055203;;N;;11.66;16.07;;;;CMED_ICMS17;20260508;20;PF0=9.68|PF12=11|PF18=11.8|PF19=11.95|PF20=12.1|PF21=12.25|PF22=12.41|PMC0=13.34|PMC12=15.16|PMC18=16.27|PMC19=16.47|PMC20=16.68|PMC21=16.89|PMC22=17.11
CMED;20260508;medicamento;525425120055303;;;MERCK S/A;GLIFAGE XR;500 MG COM LIB PROL CT BL AL PLAS PVDC/PVC TRANS X 60;CLORIDRATO DE METFORMINA;7891721013249;1008903400066;90619307;525425120055303;;N;;17.48;24.09;;;;CMED_ICMS17;20260508;20;PF0=14.51|PF12=16.49|PF18=17.7|PF19=17.91|PF20=18.14|PF21=18.37|PF22=18.6|PMC0=20|PMC12=22.73|PMC18=24.4|PMC19=24.69|PMC20=25|PMC21=25.32|PMC22=25.64
CMED;20260508;medicamento;525425120055403;;;MERCK S/A;GLIFAGE XR;500 MG COM LIB PROL CT BL AL PLAS PVDC/PVC TRANS X 15;CLORIDRATO DE METFORMINA;7891721013256;1008903400074;90619315;525425120055403;;N;;4.37;6.02;;;;CMED_ICMS17;20260508;20;PF0=3.63|PF12=4.13|PF18=4.43|PF19=4.48|PF20=4.54|PF21=4.59|PF22=4.65|PMC0=5|PMC12=5.69|PMC18=6.11|PMC19=6.18|PMC20=6.26|PMC21=6.33|PMC22=6.41
CMED;20260508;medicamento;525425120057103;;;MERCK S/A;GLIFAGE XR;750 MG COM LIB PROL CT BL AL PLAS PVDC/PVC TRANS X 15;CLORIDRATO DE METFORMINA;7891721022258;1008903400104;90619331;525425120057103;;N;;15.1;20.81;;;;CMED_ICMS17;20260508;20;PF0=12.53|PF12=14.24|PF18=15.28|PF19=15.47|PF20=15.66|PF21=15.86|PF22=16.06|PMC0=17.27|PMC12=19.63|PMC18=21.06|PMC19=21.32|PMC20=21.59|PMC21=21.86|PMC22=22.14|PMVG17=11.85|PMVG18=11.99|PMVG20=12.29
CMED;20260508;medicamento;525425120057203;;;MERCK S/A;GLIFAGE XR;750 MG COM LIB PROL CT BL AL PLAS PVDC/PVC TRANS X 20;CLORIDRATO DE METFORMINA;7891721022265;1008903400112;90619340;525425120057203;;N;;20.12;27.73;;;;CMED_ICMS17;20260508;20;PF0=16.7|PF12=18.98|PF18=20.37|PF19=20.62|PF20=20.88|PF21=21.14|PF22=21.41|PMC0=23.02|PMC12=26.16|PMC18=28.08|PMC19=28.42|PMC20=28.78|PMC21=29.14|PMC22=29.51|PMVG17=15.79|PMVG18=15.99|PMVG20=16.39
CMED;20260508;medicamento;525425120057303;;;MERCK S/A;GLIFAGE XR;750 MG COM LIB PROL CT BL AL PLAS PVDC/PVC TRANS X 40;CLORIDRATO DE METFORMINA;7891721022289;1008903400139;90619358;525425120057303;;N;;40.27;55.51;;;;CMED_ICMS17;20260508;20;PF0=33.42|PF12=37.98|PF18=40.76|PF19=41.26|PF20=41.78|PF21=42.3|PF22=42.85|PMC0=46.07|PMC12=52.35|PMC18=56.18|PMC19=56.87|PMC20=57.59|PMC21=58.31|PMC22=59.06|PMVG17=31.6|PMVG18=31.99|PMVG20=32.79
CMED;20260508;medicamento;525425120057403;;;MERCK S/A;GLIFAGE XR;750 MG COM LIB PROL CT BL AL PLAS PVDC/PVC TRANS X 45;CLORIDRATO DE METFORMINA;7891721022296;1008903400147;90619366;525425120057403;;N;;45.3;62.44;;;;CMED_ICMS17;20260508;20;PF0=37.6|PF12=42.73|PF18=45.85|PF19=46.42|PF20=47|PF21=47.59|PF22=48.21|PMC0=51.83|PMC12=58.9|PMC18=63.2|PMC19=63.99|PMC20=64.78|PMC21=65.6|PMC22=66.45|PMVG17=35.55|PMVG18=35.98|PMVG20=36.88
CMED;20260508;medicamento;525425120057503;;;MERCK S/A;GLIFAGE XR;750 MG COM LIB PROL CT BL AL PLAS PVDC/PVC TRANS X 50;CLORIDRATO DE METFORMINA;7891721022302;1008903400155;90619374;525425120057503;;N;;50.33;69.37;;;;CMED_ICMS17;20260508;20;PF0=41.77|PF12=47.47|PF18=50.94|PF19=51.57|PF20=52.21|PF21=52.87|PF22=53.55|PMC0=57.58|PMC12=65.43|PMC18=70.22|PMC19=71.08|PMC20=71.97|PMC21=72.88|PMC22=73.81|PMVG17=39.49|PMVG18=39.97|PMVG20=40.97
CMED;20260508;medicamento;525425120057603;;;MERCK S/A;GLIFAGE XR;750 MG COM LIB PROL CT BL AL PLAS PVDC/PVC TRANS X 60;CLORIDRATO DE METFORMINA;7891721022319;1008903400163;90619382;525425120057603;;N;;60.39;83.24;;;;CMED_ICMS17;20260508;20;PF0=50.12|PF12=56.95|PF18=61.12|PF19=61.88|PF20=62.65|PF21=63.44|PF22=64.26|PMC0=69.09|PMC12=78.5|PMC18=84.25|PMC19=85.3|PMC20=86.36|PMC21=87.45|PMC22=88.58|PMVG17=47.39|PMVG18=47.96|PMVG20=49.16
CMED;20260508;medicamento;525426010057703;;;MERCK S/A;GLIFAGE XR;1 G COM LIB PROL CT BL AL PLAS PVDC/PVC TRANS X 100;CLORIDRATO DE METFORMINA;7891721022586;1008903400198;;525426010057703;;N;;140.13;193.15;;;;CMED_ICMS17;20260508;20;PF0=116.31|PF12=132.17|PF18=141.84|PF19=143.59|PF20=145.39|PF21=147.23|PF22=149.12|PMC0=160.32|PMC12=182.18|PMC18=195.51|PMC19=197.92|PMC20=200.4|PMC21=202.94|PMC22=205.55|PMVG17=109.96|PMVG18=111.3|PMVG20=114.09
CMED;20260508;medicamento;525426010057803;;;MERCK S/A;GLIFAGE XR;1 G COM LIB PROL CT BL AL PLAS PVDC/PVC TRANS X 150;CLORIDRATO DE METFORMINA;7891721022593;1008903400201;;525426010057803;;N;;210.2;289.74;;;;CMED_ICMS17;20260508;20;PF0=174.47|PF12=198.26|PF18=212.77|PF19=215.4|PF20=218.09|PF21=220.85|PF22=223.68|PMC0=240.49|PMC12=273.28|PMC18=293.28|PMC19=296.91|PMC20=300.61|PMC21=304.42|PMC22=308.32|PMVG17=164.94|PMVG18=166.96|PMVG20=171.14
CMED;20260508;medicamento;525426010057903;;;MERCK S/A;GLIFAGE XR;1 G COM LIB PROL CT BL AL PLAS PVDC/PVC TRANS X 200;CLORIDRATO DE METFORMINA;7891721022609;1008903400211;;525426010057903;;N;;280.28;386.34;;;;CMED_ICMS17;20260508;20;PF0=232.63|PF12=264.35|PF18=283.7|PF19=287.2|PF20=290.79|PF21=294.47|PF22=298.24|PMC0=320.66|PMC12=364.38|PMC18=391.05|PMC19=395.88|PMC20=400.82|PMC21=405.9|PMC22=411.09|PMVG17=219.94|PMVG18=222.62|PMVG20=228.18
CMED;20260508;medicamento;541814030006904;;;EMS S/A;GLIMATIN;100 MG COM REV CT BL AL PLAS PVC/PVDC OPC X 60;MESILATO DE IMATINIBE;7896004739755;1023511640018;90418913;541814030006904;;N;;;;;;;CMED_ICMS17;20260508;20;PF0=8658.91|PMC0=11935.41
CMED;20260508;medicamento;541814030007004;;;EMS S/A;GLIMATIN;400 MG COM REV CT BL AL PLAS PVC/PVDC OPC X 30;MESILATO DE IMATINIBE;7896004739762;1023511640034;90389921;541814030007004;;N;;;;;;;CMED_ICMS17;20260508;20;PF0=16769.33|PMC0=23114.77
CMED;20260508;medicamento;509002001115417;;;FARMOQUÍMICA S/A;GLIMEPIL;1 MG COM CT BL AL PLAS PVC TRANS X 30;GLIMEPIRIDA;7898040320607;1039001300017;90074122;509002001115417;;N;;30.34;41.82;;;;CMED_ICMS17;20260508;20;PF0=25.18|PF12=28.61|PF18=30.71|PF19=31.09|PF20=31.48|PF21=31.87|PF22=32.28|PMC0=34.71|PMC12=39.44|PMC18=42.33|PMC19=42.85|PMC20=43.39|PMC21=43.93|PMC22=44.49|PMVG17=23.81|PMVG18=24.1|PMVG20=24.7
CMED;20260508;medicamento;509002002111415;;;FARMOQUÍMICA S/A;GLIMEPIL;2 MG COM CT BL AL PLAS PVC TRANS X 30;GLIMEPIRIDA;7898040320560;1039001300025;90074130;509002002111415;;N;;60.77;83.77;;;;CMED_ICMS17;20260508;20;PF0=50.44|PF12=57.32|PF18=61.51|PF19=62.27|PF20=63.05|PF21=63.85|PF22=64.67|PMC0=69.53|PMC12=79.01|PMC18=84.79|PMC19=85.83|PMC20=86.91|PMC21=88.01|PMC22=89.14|PMVG17=47.69|PMVG18=48.27|PMVG20=49.48
CMED;20260508;medicamento;509002003118413;;;FARMOQUÍMICA S/A;GLIMEPIL;4 MG COM CT BL AL PLAS PVC TRANS X 30;GLIMEPIRIDA;7898040320614;1039001300033;90074149;509002003118413;;N;;109.27;150.62;;;;CMED_ICMS17;20260508;20;PF0=90.69|PF12=103.06|PF18=110.6|PF19=111.96|PF20=113.36|PF21=114.8|PF22=116.27|PMC0=125.01|PMC12=142.06|PMC18=152.45|PMC19=154.33|PMC20=156.25|PMC21=158.24|PMC22=160.27|PMVG17=85.74|PMVG18=86.79|PMVG20=88.95
CMED;20260508;medicamento;509002004114411;;;FARMOQUÍMICA S/A;GLIMEPIL;6 MG COM CT BL AL PLAS PVC TRANS X 30;GLIMEPIRIDA;7898040320997;1039001300041;90074157;509002004114411;;N;;152.93;210.8;;;;CMED_ICMS17;20260508;20;PF0=126.93|PF12=144.24|PF18=154.79|PF19=156.7|PF20=158.66|PF21=160.67|PF22=162.73|PMC0=174.96|PMC12=198.82|PMC18=213.36|PMC19=215.99|PMC20=218.7|PMC21=221.47|PMC22=224.31|PMVG17=120|PMVG18=121.46|PMVG20=124.5
CMED;20260508;medicamento;506420110044507;;;CIMED INDUSTRIA S.A;GLIMEPIRIDA;4MG COM CT BL AL PLAS PVC/PE/PVDC TRANS X 30;GLIMEPIRIDA;7896523210940;1438101460145;90497740;506420110044507;S;N;;40.18;55.38;;;;CMED_ICMS17;20260508;20;PF0=33.35|PF12=37.9|PF18=40.67|PF19=41.17|PF20=41.69|PF21=42.22|PF22=42.76|PMC0=45.97|PMC12=52.24|PMC18=56.06|PMC19=56.75|PMC20=57.47|PMC21=58.2|PMC22=58.94|PMVG17=31.53|PMVG18=31.91|PMVG20=32.71
CMED;20260508;medicamento;506420110044707;;;CIMED INDUSTRIA S.A;GLIMEPIRIDA;2MG COM CT BL AL PLAS PVC/PE/PVDC TRANS X 30;GLIMEPIRIDA;7896523210926;1438101460102;90497732;506420110044707;S;N;;27.36;37.71;;;;CMED_ICMS17;20260508;20;PF0=22.71|PF12=25.81|PF18=27.7|PF19=28.04|PF20=28.39|PF21=28.75|PF22=29.12|PMC0=31.3|PMC12=35.58|PMC18=38.18|PMC19=38.65|PMC20=39.13|PMC21=39.63|PMC22=40.14|PMVG17=21.47|PMVG18=21.74|PMVG20=22.28
CMED;20260508;medicamento;506421060048606;;;CIMED INDUSTRIA S.A;GLIMEPIRIDA;2MG COM CT BL AL PLAS PVC/PE/PVDC TRANS X 450;GLIMEPIRIDA;7896523211039;1438101460129;90515889;506421060048606;S;N;;104.59;144.17;;;;CMED_ICMS17;20260508;20;PF0=86.81|PF12=98.65|PF18=105.87|PF19=107.17|PF20=108.51|PF21=109.89|PF22=111.29|PMC0=119.66|PMC12=135.98|PMC18=145.93|PMC19=147.72|PMC20=149.57|PMC21=151.47|PMC22=153.4|PMVG17=82.07|PMVG18=83.08|PMVG20=85.15
CMED;20260508;medicamento;507740601112113;;;EMS S/A;GLIMEPIRIDA;4MG COM CT BL AL PLAS OPC X 30;GLIMEPIRIDA;7896004711232;1023509670037;90056930;507740601112113;S;N;;79.7;109.86;;;;CMED_ICMS17;20260508;20;PF0=66.15|PF12=75.17|PF18=80.67|PF19=81.67|PF20=82.69|PF21=83.73|PF22=84.81|PMC0=91.18|PMC12=103.61|PMC18=111.2|PMC19=112.57|PMC20=113.98|PMC21=115.41|PMC22=116.9|PMVG17=62.54|PMVG18=63.3|PMVG20=64.89
CMED;20260508;medicamento;507740602119111;;;EMS S/A;GLIMEPIRIDA;4MG COM CT BL AL PLAS OPC X 60;GLIMEPIRIDA;7896004731216;1023509670045;90056949;507740602119111;S;N;;127.51;175.76;;;;CMED_ICMS17;20260508;20;PF0=105.83|PF12=120.26|PF18=129.06|PF19=130.65|PF20=132.29|PF21=133.96|PF22=135.68|PMC0=145.88|PMC12=165.77|PMC18=177.9|PMC19=180.09|PMC20=182.35|PMC21=184.65|PMC22=187.02|PMVG17=100.06|PMVG18=101.27|PMVG20=103.81
CMED;20260508;medicamento;507740603115111;;;EMS S/A;GLIMEPIRIDA;1MG COM CT BL AL PLAS OPC X 30;GLIMEPIRIDA;7896004711218;1023509670126;90056906;507740603115111;S;N;;29.83;41.12;;;;CMED_ICMS17;20260508;20;PF0=24.76|PF12=28.14|PF18=30.2|PF19=30.57|PF20=30.95|PF21=31.34|PF22=31.74|PMC0=34.13|PMC12=38.79|PMC18=41.63|PMC19=42.14|PMC20=42.66|PMC21=43.2|PMC22=43.75|PMVG17=23.41|PMVG18=23.7|PMVG20=24.29
CMED;20260508;medicamento;507740604111118;;;EMS S/A;GLIMEPIRIDA;2MG COM CT BL AL PLAS OPC X 30;GLIMEPIRIDA;7896004711225;1023509670207;90056914;507740604111118;S;N;;56.9;78.43;;;;CMED_ICMS17;20260508;20;PF0=47.23|PF12=53.67|PF18=57.6|PF19=58.31|PF20=59.04|PF21=59.78|PF22=60.55|PMC0=65.1|PMC12=73.98|PMC18=79.4|PMC19=80.37|PMC20=81.38|PMC21=82.4|PMC22=83.46|PMVG17=44.65|PMVG18=45.2|PMVG20=46.33
CMED;20260508;medicamento;507740605118116;;;EMS S/A;GLIMEPIRIDA;2MG COM CT BL AL PLAS OPC X 60;GLIMEPIRIDA;7896004736808;1023509670215;90056922;507740605118116;S;N;;113.83;156.9;;;;CMED_ICMS17;20260508;20;PF0=94.48|PF12=107.36|PF18=115.22|PF19=116.64|PF20=118.1|PF21=119.59|PF22=121.13|PMC0=130.23|PMC12=147.98|PMC18=158.82|PMC19=160.78|PMC20=162.79|PMC21=164.84|PMC22=166.97|PMVG17=89.32|PMVG18=90.41|PMVG20=92.67
CMED;20260508;medicamento;508019101111110;;;EUROFARMA LABORATORIOS S.A.;GLIMEPIRIDA;2 MG COM CT BL AL PLAS TRANS X 30;GLIMEPIRIDA;7891317000066;1004311430110;90336356;508019101111110;S;N;;28.1;38.73;;;;CMED_ICMS17;20260508;20;PF0=23.32|PF12=26.5|PF18=28.44|PF19=28.79|PF20=29.15|PF21=29.52|PF22=29.9|PMC0=32.14|PMC12=36.53|PMC18=39.2|PMC19=39.68|PMC20=40.18|PMC21=40.69|PMC22=41.21|PMVG17=22.05|PMVG18=22.32|PMVG20=22.87
CMED;20260508;medicamento;508019102116116;;;EUROFARMA LABORATORIOS S.A.;GLIMEPIRIDA;4 MG COM CT BL AL PLAS TRANS X 30;GLIMEPIRIDA;7891317421823;1004311430021;90336364;508019102116116;S;N;;50.1;69.06;;;;CMED_ICMS17;20260508;20;PF0=41.58|PF12=47.25|PF18=50.71|PF19=51.33|PF20=51.98|PF21=52.63|PF22=53.31|PMC0=57.31|PMC12=65.13|PMC18=69.9|PMC19=70.75|PMC20=71.65|PMC21=72.54|PMC22=73.48|PMVG17=39.31|PMVG18=39.79|PMVG20=40.79
CMED;20260508;medicamento;510416120137106;;;GEOLAB INDÚSTRIA FARMACÊUTICA S/A;GLIMEPIRIDA;2 MG COM CT BL AL PLAS TRANS X 30;GLIMEPIRIDA;7899095256200;1542302360118;90363760;510416120137106;S;N;;34.27;47.24;;;;CMED_ICMS17;20260508;20;PF0=28.44|PF12=32.32|PF18=34.68|PF19=35.11|PF20=35.55|PF21=36|PF22=36.46|PMC0=39.2|PMC12=44.55|PMC18=47.8|PMC19=48.4|PMC20=49|PMC21=49.62|PMC22=50.26|PMVG17=26.89|PMVG18=27.21|PMVG20=27.9
CMED;20260508;medicamento;510416120137406;;;GEOLAB INDÚSTRIA FARMACÊUTICA S/A;GLIMEPIRIDA;4 MG COM CT BL AL PLAS TRANS X 30;GLIMEPIRIDA;7899095256231;1542302360029;90363850;510416120137406;S;N;;66.31;91.4;;;;CMED_ICMS17;20260508;20;PF0=55.04|PF12=62.55|PF18=67.12|PF19=67.95|PF20=68.8|PF21=69.67|PF22=70.56|PMC0=75.87|PMC12=86.22|PMC18=92.52|PMC19=93.66|PMC20=94.83|PMC21=96.03|PMC22=97.26|PMVG17=52.03|PMVG18=52.67|PMVG20=53.99
CMED;20260508;medicamento;511513602116114;;;SANDOZ DO BRASIL INDÚSTRIA FARMACÊUTICA LTDA;GLIMEPIRIDA;2 MG COM CT BL AL PLAS PVC/PE/PVDC TRANS X 30;GLIMEPIRIDA;7897595604729;1004704200080;90191560;511513602116114;S;N;;20.18;27.82;;;;CMED_ICMS17;20260508;20;PF0=16.75|PF12=19.03|PF18=20.43|PF19=20.68|PF20=20.94|PF21=21.2|PF22=21.47|PMC0=23.09|PMC12=26.23|PMC18=28.16|PMC19=28.51|PMC20=28.86|PMC21=29.22|PMC22=29.59|PMVG17=15.84|PMVG18=16.03|PMVG20=16.43
CMED;20260508;medicamento;511513604119110;;;SANDOZ DO BRASIL INDÚSTRIA FARMACÊUTICA LTDA;GLIMEPIRIDA;4 MG COM CT BL AL PLAS PVC/PE/PVDC TRANS X 30;GLIMEPIRIDA;7897595604736;1004704200137;90191579;511513604119110;S;N;;35.93;49.53;;;;CMED_ICMS17;20260508;20;PF0=29.82|PF12=33.89|PF18=36.37|PF19=36.81|PF20=37.28|PF21=37.75|PF22=38.23|PMC0=41.1|PMC12=46.71|PMC18=50.13|PMC19=50.74|PMC20=51.39|PMC21=52.03|PMC22=52.7|PMVG17=28.19|PMVG18=28.54|PMVG20=29.25
CMED;20260508;medicamento;525068901116118;;;SANOFI MEDLEY FARMACÊUTICA LTDA.;GLIMEPIRIDA;4 MG COM CT BL AL PLAS TRANS X 30;GLIMEPIRIDA;7896422505314;1832600540043;90363876;525068901116118;S;N;;43.42;59.85;;;;CMED_ICMS17;20260508;20;PF0=36.04|PF12=40.95|PF18=43.95|PF19=44.49|PF20=45.05|PF21=45.62|PF22=46.21|PMC0=49.68|PMC12=56.45|PMC18=60.58|PMC19=61.32|PMC20=62.1|PMC21=62.88|PMC22=63.7|PMVG17=34.07|PMVG18=34.49|PMVG20=35.35
CMED;20260508;medicamento;525068903119114;;;SANOFI MEDLEY FARMACÊUTICA LTDA.;GLIMEPIRIDA;1 MG COM CT BL AL PLAS TRANS X 30;GLIMEPIRIDA;7896422505291;1832600540019;90363710;525068903119114;S;N;;16.02;22.08;;;;CMED_ICMS17;20260508;20;PF0=13.3|PF12=15.11|PF18=16.22|PF19=16.42|PF20=16.63|PF21=16.84|PF22=17.05|PMC0=18.33|PMC12=20.83|PMC18=22.36|PMC19=22.63|PMC20=22.92|PMC21=23.21|PMC22=23.5|PMVG17=12.57|PMVG18=12.73|PMVG20=13.05
CMED;20260508;medicamento;525068911111119;;;SANOFI MEDLEY FARMACÊUTICA LTDA.;GLIMEPIRIDA;2 MG COM CT BL AL PLAS TRANS X 60;GLIMEPIRIDA;7896422513463;1832600540078;90363795;525068911111119;S;N;;48.24;66.49;;;;CMED_ICMS17;20260508;20;PF0=40.04|PF12=45.5|PF18=48.83|PF19=49.43|PF20=50.05|PF21=50.68|PF22=51.33|PMC0=55.19|PMC12=62.72|PMC18=67.31|PMC19=68.13|PMC20=68.99|PMC21=69.86|PMC22=70.75|PMVG17=37.85|PMVG18=38.32|PMVG20=39.27
CMED;20260508;medicamento;525068913114115;;;SANOFI MEDLEY FARMACÊUTICA LTDA.;GLIMEPIRIDA;2 MG COM CT BL AL PLAS TRANS X 30;GLIMEPIRIDA;7896422505307;1832600540035;90363779;525068913114115;S;N;;25.01;34.47;;;;CMED_ICMS17;20260508;20;PF0=20.76|PF12=23.59|PF18=25.32|PF19=25.63|PF20=25.95|PF21=26.28|PF22=26.62|PMC0=28.62|PMC12=32.52|PMC18=34.9|PMC19=35.33|PMC20=35.77|PMC21=36.22|PMC22=36.69|PMVG17=19.63|PMVG18=19.87|PMVG20=20.36
CMED;20260508;medicamento;525068914110113;;;SANOFI MEDLEY FARMACÊUTICA LTDA.;GLIMEPIRIDA;4 MG COM CT BL AL PLAS TRANS X 60;GLIMEPIRIDA;7896422513517;1832600540051;90363892;525068914110113;S;N;;81.59;112.46;;;;CMED_ICMS17;20260508;20;PF0=67.72|PF12=76.95|PF18=82.59|PF19=83.6|PF20=84.65|PF21=85.72|PF22=86.82|PMC0=93.34|PMC12=106.07|PMC18=113.84|PMC19=115.23|PMC20=116.68|PMC21=118.16|PMC22=119.67|PMVG17=64.02|PMVG18=64.81|PMVG20=66.42
CMED;20260508;medicamento;526123090171607;;;GERMED FARMACEUTICA LTDA;GLIMEPIRIDA;4MG COM CT BL AL PLAS OPC X 15;GLIMEPIRIDA;7896004771021;1058310320019;90570758;526123090171607;S;N;;33.19;45.75;;;;CMED_ICMS17;20260508;20;PF0=27.55|PF12=31.31|PF18=33.6|PF19=34.01|PF20=34.44|PF21=34.87|PF22=35.32|PMC0=37.97|PMC12=43.16|PMC18=46.31|PMC19=46.88|PMC20=47.47|PMC21=48.06|PMC22=48.68|PMVG17=26.04|PMVG18=26.37|PMVG20=27.03
CMED;20260508;medicamento;526123090171707;;;GERMED FARMACEUTICA LTDA;GLIMEPIRIDA;4MG COM CT BL AL PLAS OPC X 30;GLIMEPIRIDA;7896004711201;1058310320027;90570766;526123090171707;S;N;;110.53;152.35;;;;CMED_ICMS17;20260508;20;PF0=91.74|PF12=104.25|PF18=111.88|PF19=113.26|PF20=114.68|PF21=116.13|PF22=117.62|PMC0=126.45|PMC12=143.7|PMC18=154.21|PMC19=156.12|PMC20=158.07|PMC21=160.07|PMC22=162.13|PMVG17=86.73|PMVG18=87.79|PMVG20=89.99
CMED;20260508;medicamento;526123090171807;;;GERMED FARMACEUTICA LTDA;GLIMEPIRIDA;4MG COM CT BL AL PLAS OPC X 60;GLIMEPIRIDA;7896004730523;1058310320035;90570774;526123090171807;S;N;;221.13;304.8;;;;CMED_ICMS17;20260508;20;PF0=183.54|PF12=208.57|PF18=223.83|PF19=226.59|PF20=229.43|PF21=232.33|PF22=235.31|PMC0=252.99|PMC12=287.49|PMC18=308.53|PMC19=312.33|PMC20=316.25|PMC21=320.24|PMC22=324.35|PMVG17=173.52|PMVG18=175.64|PMVG20=180.03
CMED;20260508;medicamento;526123090171907;;;GERMED FARMACEUTICA LTDA;GLIMEPIRIDA;1MG COM CT BL AL PLAS OPC X 7;GLIMEPIRIDA;7896004770970;1058310320051;90570782;526123090171907;S;N;;4.19;5.78;;;;CMED_ICMS17;20260508;20;PF0=3.48|PF12=3.95|PF18=4.24|PF19=4.3|PF20=4.35|PF21=4.41|PF22=4.46|PMC0=4.8|PMC12=5.44|PMC18=5.84|PMC19=5.93|PMC20=6|PMC21=6.08|PMC22=6.15|PMVG17=3.29|PMVG18=3.33|PMVG20=3.41
CMED;20260508;medicamento;526123090172007;;;GERMED FARMACEUTICA LTDA;GLIMEPIRIDA;1MG COM CT BL AL PLAS OPC X 15;GLIMEPIRIDA;7896004770987;1058310320061;90570790;526123090172007;S;N;;9;12.41;;;;CMED_ICMS17;20260508;20;PF0=7.47|PF12=8.49|PF18=9.11|PF19=9.22|PF20=9.34|PF21=9.46|PF22=9.58|PMC0=10.3|PMC12=11.7|PMC18=12.56|PMC19=12.71|PMC20=12.87|PMC21=13.04|PMC22=13.21|PMVG17=7.06|PMVG18=7.15|PMVG20=7.33
CMED;20260508;medicamento;526123090172107;;;GERMED FARMACEUTICA LTDA;GLIMEPIRIDA;1MG COM CT BL AL PLAS OPC X 30;GLIMEPIRIDA;7896004711157;1058310320078;90570804;526123090172107;S;N;;29.83;41.12;;;;CMED_ICMS17;20260508;20;PF0=24.76|PF12=28.14|PF18=30.2|PF19=30.57|PF20=30.95|PF21=31.34|PF22=31.74|PMC0=34.13|PMC12=38.79|PMC18=41.63|PMC19=42.14|PMC20=42.66|PMC21=43.2|PMC22=43.75|PMVG17=23.41|PMVG18=23.7|PMVG20=24.29
CMED;20260508;medicamento;526123090172207;;;GERMED FARMACEUTICA LTDA;GLIMEPIRIDA;1MG COM CT BL AL PLAS OPC X 60;GLIMEPIRIDA;7896004770994;1058310320086;90570812;526123090172207;S;N;;35.95;49.55;;;;CMED_ICMS17;20260508;20;PF0=29.84|PF12=33.91|PF18=36.39|PF19=36.84|PF20=37.3|PF21=37.77|PF22=38.26|PMC0=41.13|PMC12=46.74|PMC18=50.16|PMC19=50.78|PMC20=51.41|PMC21=52.06|PMC22=52.74|PMVG17=28.21|PMVG18=28.56|PMVG20=29.27
CMED;20260508;medicamento;526123090172307;;;GERMED FARMACEUTICA LTDA;GLIMEPIRIDA;2MG COM CT BL AL PLAS OPC X 7;GLIMEPIRIDA;7896004771007;1058310320132;90570820;526123090172307;S;N;;8.01;11.04;;;;CMED_ICMS17;20260508;20;PF0=6.65|PF12=7.56|PF18=8.11|PF19=8.21|PF20=8.31|PF21=8.42|PF22=8.53|PMC0=9.17|PMC12=10.42|PMC18=11.18|PMC19=11.32|PMC20=11.45|PMC21=11.61|PMC22=11.76|PMVG17=6.29|PMVG18=6.36|PMVG20=6.52
CMED;20260508;medicamento;526123090172407;;;GERMED FARMACEUTICA LTDA;GLIMEPIRIDA;2MG COM CT BL AL PLAS OPC X 15;GLIMEPIRIDA;7896004771014;1058310320140;90570839;526123090172407;S;N;;17.14;23.63;;;;CMED_ICMS17;20260508;20;PF0=14.23|PF12=16.17|PF18=17.35|PF19=17.57|PF20=17.79|PF21=18.01|PF22=18.24|PMC0=19.61|PMC12=22.29|PMC18=23.92|PMC19=24.22|PMC20=24.52|PMC21=24.82|PMC22=25.14|PMVG17=13.45|PMVG18=13.61|PMVG20=13.96
CMED;20260508;medicamento;526123090172507;;;GERMED FARMACEUTICA LTDA;GLIMEPIRIDA;2MG COM CT BL AL PLAS OPC X 30;GLIMEPIRIDA;7896004711164;1058310320159;90570847;526123090172507;S;N;;56.9;78.43;;;;CMED_ICMS17;20260508;20;PF0=47.23|PF12=53.67|PF18=57.6|PF19=58.31|PF20=59.04|PF21=59.78|PF22=60.55|PMC0=65.1|PMC12=73.98|PMC18=79.4|PMC19=80.37|PMC20=81.38|PMC21=82.4|PMC22=83.46|PMVG17=44.65|PMVG18=45.2|PMVG20=46.33
CMED;20260508;medicamento;526123090172607;;;GERMED FARMACEUTICA LTDA;GLIMEPIRIDA;2MG COM CT BL AL PLAS OPC X 60;GLIMEPIRIDA;7896004731001;1058310320167;90570855;526123090172607;S;N;;113.83;156.9;;;;CMED_ICMS17;20260508;20;PF0=94.48|PF12=107.36|PF18=115.22|PF19=116.64|PF20=118.1|PF21=119.59|PF22=121.13|PMC0=130.23|PMC12=147.98|PMC18=158.82|PMC19=160.78|PMC20=162.79|PMC21=164.84|PMC22=166.97|PMVG17=89.32|PMVG18=90.41|PMVG20=92.67
CMED;20260508;medicamento;528520040167707;;;PRATI DONADUZZI & CIA LTDA;GLIMEPIRIDA;1 MG COM CT BL AL AL X 30;GLIMEPIRIDA;7899547513349;1256802970021;90446615;528520040167707;S;N;;17.95;24.74;;;;CMED_ICMS17;20260508;20;PF0=14.9|PF12=16.93|PF18=18.17|PF19=18.4|PF20=18.63|PF21=18.86|PF22=19.1|PMC0=20.54|PMC12=23.34|PMC18=25.05|PMC19=25.36|PMC20=25.68|PMC21=26|PMC22=26.33|PMVG17=14.09|PMVG18=14.26|PMVG20=14.62
CMED;20260508;medicamento;528520040167807;;;PRATI DONADUZZI & CIA LTDA;GLIMEPIRIDA;4 MG COM CT BL AL AL X 30;GLIMEPIRIDA;7899547513738;1256802970412;90446623;528520040167807;S;N;;66.33;91.43;;;;CMED_ICMS17;20260508;20;PF0=55.05|PF12=62.56|PF18=67.13|PF19=67.96|PF20=68.81|PF21=69.68|PF22=70.58|PMC0=75.88|PMC12=86.23|PMC18=92.53|PMC19=93.68|PMC20=94.85|PMC21=96.05|PMC22=97.29|PMVG17=52.05|PMVG18=52.68|PMVG20=53.99
CMED;20260508;medicamento;528520040168007;;;PRATI DONADUZZI & CIA LTDA;GLIMEPIRIDA;2 MG COM CT BL AL AL X 30;GLIMEPIRIDA;7899547513479;1256802970153;90446690;528520040168007;S;N;;34.25;47.21;;;;CMED_ICMS17;20260508;20;PF0=28.43|PF12=32.31|PF18=34.67|PF19=35.1|PF20=35.54|PF21=35.99|PF22=36.45|PMC0=39.19|PMC12=44.54|PMC18=47.79|PMC19=48.38|PMC20=48.99|PMC21=49.61|PMC22=50.24|PMVG17=26.88|PMVG18=27.21|PMVG20=27.89
CMED;20260508;medicamento;541821090165006;;;EMS S/A;GLIMEPIRIDA + CLORIDRATO DE METFORMINA;(2 +1000) MG COM REV CT BL AL PLAS PVC/PVDC OPC X 10;"CLORIDRATO DE METFORMINA;GLIMEPIRIDA";7896004780207;1023513790017;90518853;541821090165006;S;N;;20.89;28.79;;;;CMED_ICMS17;20260508;20;PF0=17.34|PF12=19.7|PF18=21.15|PF19=21.41|PF20=21.68|PF21=21.95|PF22=22.23|PMC0=23.9|PMC12=27.15|PMC18=29.15|PMC19=29.51|PMC20=29.88|PMC21=30.26|PMC22=30.64|PMVG17=16.39|PMVG18=16.6|PMVG20=17.01
CMED;20260508;medicamento;541821090165106;;;EMS S/A;GLIMEPIRIDA + CLORIDRATO DE METFORMINA;(2 +1000) MG COM REV CT BL AL PLAS PVC/PVDC OPC X 15;"CLORIDRATO DE METFORMINA;GLIMEPIRIDA";7896004780214;1023513790025;90518861;541821090165106;S;N;;31.34;43.2;;;;CMED_ICMS17;20260508;20;PF0=26.01|PF12=29.56|PF18=31.72|PF19=32.11|PF20=32.51|PF21=32.92|PF22=33.35|PMC0=35.85|PMC12=40.75|PMC18=43.72|PMC19=44.26|PMC20=44.81|PMC21=45.38|PMC22=45.97|PMVG17=24.59|PMVG18=24.89|PMVG20=25.51
CMED;20260508;medicamento;541821090165206;;;EMS S/A;GLIMEPIRIDA + CLORIDRATO DE METFORMINA;(2 +1000) MG COM REV CT BL AL PLAS PVC/PVDC OPC X 20;"CLORIDRATO DE METFORMINA;GLIMEPIRIDA";7896004780221;1023513790033;90518870;541821090165206;S;N;;41.8;57.62;;;;CMED_ICMS17;20260508;20;PF0=34.69|PF12=39.42|PF18=42.3|PF19=42.83|PF20=43.36|PF21=43.91|PF22=44.47|PMC0=47.82|PMC12=54.34|PMC18=58.31|PMC19=59.04|PMC20=59.77|PMC21=60.53|PMC22=61.3|PMVG17=32.8|PMVG18=33.19|PMVG20=34.02
CMED;20260508;medicamento;541821090165306;;;EMS S/A;GLIMEPIRIDA + CLORIDRATO DE METFORMINA;(2 +1000) MG COM REV CT BL AL PLAS PVC/PVDC OPC X 30;"CLORIDRATO DE METFORMINA;GLIMEPIRIDA";7896004780238;1023513790041;90518888;541821090165306;S;N;;62.66;86.37;;;;CMED_ICMS17;20260508;20;PF0=52.01|PF12=59.1|PF18=63.43|PF19=64.21|PF20=65.01|PF21=65.84|PF22=66.68|PMC0=71.69|PMC12=81.46|PMC18=87.43|PMC19=88.51|PMC20=89.61|PMC21=90.75|PMC22=91.91|PMVG17=49.17|PMVG18=49.77|PMVG20=51.01
CMED;20260508;medicamento;541821090165406;;;EMS S/A;GLIMEPIRIDA + CLORIDRATO DE METFORMINA;(4 +1000) MG COM REV CT BL AL PLAS PVC/PVDC OPC X 20;"CLORIDRATO DE METFORMINA;GLIMEPIRIDA";7896004780276;1023513790114;90518926;541821090165406;S;N;;60.69;83.65;;;;CMED_ICMS17;20260508;20;PF0=50.37|PF12=57.24|PF18=61.43|PF19=62.19|PF20=62.96|PF21=63.76|PF22=64.58|PMC0=69.43|PMC12=78.9|PMC18=84.67|PMC19=85.72|PMC20=86.78|PMC21=87.89|PMC22=89.02|PMVG17=47.62|PMVG18=48.2|PMVG20=49.4
CMED;20260508;medicamento;541821090165506;;;EMS S/A;GLIMEPIRIDA + CLORIDRATO DE METFORMINA;(4 +1000) MG COM REV CT BL AL PLAS PVC/PVDC OPC X 30;"CLORIDRATO DE METFORMINA;GLIMEPIRIDA";7896004780283;1023513790122;90518934;541821090165506;S;N;;91.01;125.45;;;;CMED_ICMS17;20260508;20;PF0=75.54|PF12=85.84|PF18=92.12|PF19=93.26|PF20=94.43|PF21=95.62|PF22=96.85|PMC0=104.12|PMC12=118.32|PMC18=126.98|PMC19=128.55|PMC20=130.16|PMC21=131.8|PMC22=133.5|PMVG17=71.42|PMVG18=72.29|PMVG20=74.1
CMED;20260508;medicamento;541821090165606;;;EMS S/A;GLIMEPIRIDA + CLORIDRATO DE METFORMINA;(2 +1000) MG COM REV CT BL AL PLAS PVC/PVDC OPC X 60;"CLORIDRATO DE METFORMINA;GLIMEPIRIDA";7896004780245;1023513790051;90518896;541821090165606;S;N;;125.37;172.81;;;;CMED_ICMS17;20260508;20;PF0=104.06|PF12=118.25|PF18=126.9|PF19=128.47|PF20=130.08|PF21=131.72|PF22=133.41|PMC0=143.44|PMC12=163|PMC18=174.92|PMC19=177.08|PMC20=179.3|PMC21=181.56|PMC22=183.89|PMVG17=98.38|PMVG18=99.58|PMVG20=102.07
CMED;20260508;medicamento;541821090165706;;;EMS S/A;GLIMEPIRIDA + CLORIDRATO DE METFORMINA;(4 +1000) MG COM REV CT BL AL PLAS PVC/PVDC OPC X 10;"CLORIDRATO DE METFORMINA;GLIMEPIRIDA";7896004780252;1023513790092;90518900;541821090165706;S;N;;30.33;41.81;;;;CMED_ICMS17;20260508;20;PF0=25.17|PF12=28.6|PF18=30.7|PF19=31.07|PF20=31.46|PF21=31.86|PF22=32.27|PMC0=34.69|PMC12=39.42|PMC18=42.32|PMC19=42.83|PMC20=43.36|PMC21=43.92|PMC22=44.48|PMVG17=23.8|PMVG18=24.09|PMVG20=24.69
CMED;20260508;medicamento;541821090165806;;;EMS S/A;GLIMEPIRIDA + CLORIDRATO DE METFORMINA;(4 +1000) MG COM REV CT BL AL PLAS PVC/PVDC OPC X 15;"CLORIDRATO DE METFORMINA;GLIMEPIRIDA";7896004780269;1023513790106;90518918;541821090165806;S;N;;45.52;62.74;;;;CMED_ICMS17;20260508;20;PF0=37.78|PF12=42.93|PF18=46.07|PF19=46.64|PF20=47.23|PF21=47.82|PF22=48.44|PMC0=52.08|PMC12=59.17|PMC18=63.5|PMC19=64.29|PMC20=65.1|PMC21=65.91|PMC22=66.77|PMVG17=35.72|PMVG18=36.15|PMVG20=37.06
CMED;20260508;medicamento;541821090165906;;;EMS S/A;GLIMEPIRIDA + CLORIDRATO DE METFORMINA;(4 +1000) MG COM REV CT BL AL PLAS PVC/PVDC OPC X 60;"CLORIDRATO DE METFORMINA;GLIMEPIRIDA";7896004780290;1023513790130;90518942;541821090165906;S;N;;182.04;250.92;;;;CMED_ICMS17;20260508;20;PF0=151.09|PF12=171.69|PF18=184.26|PF19=186.53|PF20=188.86|PF21=191.25|PF22=193.71|PMC0=208.26|PMC12=236.66|PMC18=253.98|PMC19=257.11|PMC20=260.32|PMC21=263.62|PMC22=267.01|PMVG17=142.85|PMVG18=144.59|PMVG20=148.2
CMED;20260508;medicamento;538819010060304;;;LEGRAND PHARMA INDUSTRIA FARMACEUTICA LTDA;GLINAPE;5 MG COM REV CT BL AL AL X 10;LINAGLIPTINA;7896004765259;1677306050015;90416333;538819010060304;;N;;82.35;110.47;;;;CMED_ICMS17;20260508;20;PF0=68.35|PF12=77.67|PF18=83.35|PF19=84.38|PF20=85.44|PF21=86.52|PF22=87.63|PMC0=91.69|PMC12=104.19|PMC18=111.81|PMC19=113.19|PMC20=114.61|PMC21=116.06|PMC22=117.55|PMVG17=64.62|PMVG18=65.4|PMVG20=67.05
CMED;20260508;medicamento;538819010060404;;;LEGRAND PHARMA INDUSTRIA FARMACEUTICA LTDA;GLINAPE;5 MG COM REV CT BL AL AL X 30;LINAGLIPTINA;7896004758527;1677306050023;90416341;538819010060404;;N;;247.02;331.37;;;;CMED_ICMS17;20260508;20;PF0=205.03|PF12=232.99|PF18=250.04|PF19=253.12|PF20=256.29|PF21=259.53|PF22=262.86|PMC0=275.04|PMC12=312.55|PMC18=335.42|PMC19=339.55|PMC20=343.8|PMC21=348.15|PMC22=352.62|PMVG17=193.84|PMVG18=196.21|PMVG20=201.11
CMED;20260508;medicamento;538819010060504;;;LEGRAND PHARMA INDUSTRIA FARMACEUTICA LTDA;GLINAPE;5 MG COM REV CT BL AL AL X 60;LINAGLIPTINA;7896004765266;1677306050031;90416350;538819010060504;;N;;494.06;662.76;;;;CMED_ICMS17;20260508;20;PF0=410.07|PF12=465.99|PF18=500.09|PF19=506.26|PF20=512.59|PF21=519.08|PF22=525.73|PMC0=550.09|PMC12=625.11|PMC18=670.85|PMC19=679.13|PMC20=687.62|PMC21=696.33|PMC22=705.25|PMVG17=387.69|PMVG18=392.42|PMVG20=402.23
CMED;20260508;medicamento;523721070045904;;;LIBBS FARMACÊUTICA LTDA;GLINK;5 MG COM REV CT BL AL AL X 30;LINAGLIPTINA;7896094210431;1003302130012;90511697;523721070045904;;N;;247.02;331.37;;;;CMED_ICMS17;20260508;20;PF0=205.03|PF12=232.99|PF18=250.04|PF19=253.12|PF20=256.29|PF21=259.53|PF22=262.86|PMC0=275.04|PMC12=312.55|PMC18=335.42|PMC19=339.55|PMC20=343.8|PMC21=348.15|PMC22=352.62|PMVG17=193.84|PMVG18=196.21|PMVG20=201.11
CMED;20260508;medicamento;523721070046004;;;LIBBS FARMACÊUTICA LTDA;GLINK;5 MG COM REV CT BL AL AL X 60;LINAGLIPTINA;7896094210448;1003302130020;90511700;523721070046004;;N;;494.04;662.74;;;;CMED_ICMS17;20260508;20;PF0=410.05|PF12=465.97|PF18=500.06|PF19=506.23|PF20=512.56|PF21=519.05|PF22=525.71|PMC0=550.07|PMC12=625.08|PMC18=670.81|PMC19=679.09|PMC20=687.58|PMC21=696.29|PMC22=705.22|PMVG17=387.67|PMVG18=392.4|PMVG20=402.21
CMED;20260508;medicamento;523721070046104;;;LIBBS FARMACÊUTICA LTDA;GLINK;5 MG COM REV CT BL AL AL X 90;LINAGLIPTINA;7896094210455;1003302130039;90511719;523721070046104;;N;;741.06;994.11;;;;CMED_ICMS17;20260508;20;PF0=615.08|PF12=698.95|PF18=750.1|PF19=759.36|PF20=768.85|PF21=778.58|PF22=788.56|PMC0=825.11|PMC12=937.62|PMC18=1006.23|PMC19=1018.65|PMC20=1031.38|PMC21=1044.44|PMC22=1057.83|PMVG17=581.51|PMVG18=588.6|PMVG20=603.32
CMED;20260508;medicamento;523723020048704;;;LIBBS FARMACÊUTICA LTDA;GLINK MET;(2,5 + 500) MG COM REV CT BL AL PLAS PCTFE TRANS X 60;"LINAGLIPTINA;CLORIDRATO DE METFORMINA";7896094210745;1003302180028;90550285;523723020048704;;N;;237.72;318.89;;;;CMED_ICMS17;20260508;20;PF0=197.31|PF12=224.22|PF18=240.62|PF19=243.59|PF20=246.64|PF21=249.76|PF22=252.96|PMC0=264.68|PMC12=300.78|PMC18=322.78|PMC19=326.77|PMC20=330.86|PMC21=335.04|PMC22=339.34|PMVG17=186.54|PMVG18=188.81|PMVG20=193.54
CMED;20260508;medicamento;523723020048804;;;LIBBS FARMACÊUTICA LTDA;GLINK MET;(2,5 + 850) MG COM REV CT BL AL PLAS PCTFE TRANS X 20;"LINAGLIPTINA;CLORIDRATO DE METFORMINA";7896094210776;1003302180036;90550293;523723020048804;;N;;79.24;106.3;;;;CMED_ICMS17;20260508;20;PF0=65.77|PF12=74.74|PF18=80.21|PF19=81.2|PF20=82.21|PF21=83.25|PF22=84.32|PMC0=88.23|PMC12=100.26|PMC18=107.6|PMC19=108.93|PMC20=110.28|PMC21=111.68|PMC22=113.11|PMVG17=62.18|PMVG18=62.94|PMVG20=64.51
CMED;20260508;medicamento;523723020048904;;;LIBBS FARMACÊUTICA LTDA;GLINK MET;(2,5 + 850) MG COM REV CT BL AL PLAS PCTFE TRANS X 60;"LINAGLIPTINA;CLORIDRATO DE METFORMINA";7896094210752;1003302180044;90550307;523723020048904;;N;;237.72;318.89;;;;CMED_ICMS17;20260508;20;PF0=197.31|PF12=224.22|PF18=240.62|PF19=243.59|PF20=246.64|PF21=249.76|PF22=252.96|PMC0=264.68|PMC12=300.78|PMC18=322.78|PMC19=326.77|PMC20=330.86|PMC21=335.04|PMC22=339.34|PMVG17=186.54|PMVG18=188.81|PMVG20=193.54
CMED;20260508;medicamento;523723020049004;;;LIBBS FARMACÊUTICA LTDA;GLINK MET;(2,5 + 1000) MG COM REV CT BL AL PLAS PCTFE TRANS X 60;"LINAGLIPTINA;CLORIDRATO DE METFORMINA";7896094210738;1003302180052;90550315;523723020049004;;N;;237.72;318.89;;;;CMED_ICMS17;20260508;20;PF0=197.31|PF12=224.22|PF18=240.62|PF19=243.59|PF20=246.64|PF21=249.76|PF22=252.96|PMC0=264.68|PMC12=300.78|PMC18=322.78|PMC19=326.77|PMC20=330.86|PMC21=335.04|PMC22=339.34|PMVG17=186.54|PMVG18=188.81|PMVG20=193.54
CMED;20260508;medicamento;523726040055203;;;LIBBS FARMACÊUTICA LTDA;GLINK MET;(2,5 + 1000) MG COM REV CT BL AL PLAS PCTFE TRANS X 20;"LINAGLIPTINA;CLORIDRATO DE METFORMINA";7896094213692;1003302180060;;523726040055203;;N;;78.35;105.1;;;;CMED_ICMS17;20260508;20;PF0=65.03|PF12=73.9|PF18=79.3|PF19=80.28|PF20=81.29|PF21=82.32|PF22=83.37|PMC0=87.24|PMC12=99.13|PMC18=106.38|PMC19=107.69|PMC20=109.05|PMC21=110.43|PMC22=111.84|PMVG17=61.48|PMVG18=62.23|PMVG20=63.79
CMED;20260508;medicamento;509521040029317;;;FRESENIUS KABI BRASIL LTDA;GLIOCORT;100 MG PO LIOF SOL INJ IM IV CX 50 FA VD TRANS;SUCCINATO SÓDICO DE HIDROCORTISONA;7899498608460;1004101870033;90508564;509521040029317;;S;;303.94;;;;;CMED_ICMS17;20260508;20;PF0=252.27|PF12=286.67|PF18=307.65|PF19=311.44|PF20=315.34|PF21=319.33|PF22=323.42|PMVG17=238.5|PMVG18=241.41|PMVG20=247.45
CMED;20260508;medicamento;509521040029417;;;FRESENIUS KABI BRASIL LTDA;GLIOCORT;500 MG PO LIOF SOL INJ IM IV CX 50 FA VD TRANS;SUCCINATO SÓDICO DE HIDROCORTISONA;7899498608477;1004101870051;90508572;509521040029417;;S;;772.47;;;;;CMED_ICMS17;20260508;20;PF0=641.15|PF12=728.58|PF18=781.89|PF19=791.54|PF20=801.44|PF21=811.58|PF22=821.99|PMVG17=606.16|PMVG18=613.55|PMVG20=628.89
CMED;20260508;medicamento;509522080037703;;;FRESENIUS KABI BRASIL LTDA;GLIOCORT;100 MG PO LIOF SOL INJ IM/IV CX 50 FA VD AMB;SUCCINATO SÓDICO DE HIDROCORTISONA;7899498609146;1004101870092;90542525;509522080037703;;S;;303.94;;;;;CMED_ICMS17;20260508;20;PF0=252.27|PF12=286.67|PF18=307.65|PF19=311.44|PF20=315.34|PF21=319.33|PF22=323.42|PMVG17=238.5|PMVG18=241.41|PMVG20=247.45
CMED;20260508;medicamento;509522080037803;;;FRESENIUS KABI BRASIL LTDA;GLIOCORT;500 MG PO LIOF SOL INJ IM/IV CX 50 FA VD AMB;SUCCINATO SÓDICO DE HIDROCORTISONA;7899498609153;1004101870122;90542533;509522080037803;;S;;772.47;;;;;CMED_ICMS17;20260508;20;PF0=641.15|PF12=728.58|PF18=781.89|PF19=791.54|PF20=801.44|PF21=811.58|PF22=821.99|PMVG17=606.16|PMVG18=613.55|PMVG20=628.89
CMED;20260508;medicamento;504617040060517;;;BRAINFARMA INDÚSTRIA QUÍMICA E FARMACÊUTICA S.A;GLIONIL;5 MG COM CT BL AL PLAS INC X 30;GLIBENCLAMIDA;7896714266695;1558404820041;90374835;504617040060517;;N;;11.25;15.51;;;;CMED_ICMS17;20260508;20;PF0=9.34|PF12=10.61|PF18=11.39|PF19=11.53|PF20=11.68|PF21=11.82|PF22=11.97|PMC0=12.87|PMC12=14.62|PMC18=15.7|PMC19=15.89|PMC20=16.1|PMC21=16.29|PMC22=16.5
CMED;20260508;medicamento;525418100050005;;;MERCK S/A;GLIVANCE XR;500 MG + 30 MG COM LIB PROL CT BL AL PLAS PVDC TRANS X 30;"GLICLAZIDA;CLORIDRATO DE METFORMINA";7891721029950;1008904040012;90408080;525418100050005;;N;;42.73;57.32;;;;CMED_ICMS17;20260508;20;PF0=35.47|PF12=40.31|PF18=43.26|PF19=43.79|PF20=44.34|PF21=44.9|PF22=45.47|PMC0=47.58|PMC12=54.07|PMC18=58.03|PMC19=58.74|PMC20=59.48|PMC21=60.23|PMC22=61|PMVG17=33.53|PMVG18=33.95|PMVG20=34.79
CMED;20260508;medicamento;525418100050105;;;MERCK S/A;GLIVANCE XR;500 MG + 30 MG COM LIB PROL CT BL AL PLAS PVDC TRANS X 60;"GLICLAZIDA;CLORIDRATO DE METFORMINA";7891721201660;1008904040020;90408098;525418100050105;;N;;85.49;114.68;;;;CMED_ICMS17;20260508;20;PF0=70.96|PF12=80.64|PF18=86.54|PF19=87.6|PF20=88.7|PF21=89.82|PF22=90.97|PMC0=95.19|PMC12=108.18|PMC18=116.09|PMC19=117.51|PMC20=118.99|PMC21=120.49|PMC22=122.03|PMVG17=67.08|PMVG18=67.91|PMVG20=69.6
CMED;20260508;medicamento;526507102113210;;;NOVARTIS BIOCIENCIAS S.A;GLIVEC;100 MG COM REV CT BL AL PLAS PVC/PE/PVDC TRANS X 60;MESILATO DE IMATINIBE;7896261009448;1006801740074;90170911;526507102113210;;N;;;;;;;CMED_ICMS17;20260508;20;PF0=8922.39|PMC0=12298.59
CMED;20260508;medicamento;526507103111211;;;NOVARTIS BIOCIENCIAS S.A;GLIVEC;400 MG COM REV CT BL AL PLAS PVC/PE/PVDC TRANS X 30;MESILATO DE IMATINIBE;7896261009431;1006801740082;90170938;526507103111211;;N;;;;;;;CMED_ICMS17;20260508;20;PF0=17844.85|PMC0=24597.27
CMED;20260508;medicamento;526523020100903;;;NOVARTIS BIOCIENCIAS S.A;GLIVEC;400 MG COM REV CT BL AL AL X 30;MESILATO DE IMATINIBE;7896261022454;1006801740090;90170920;526523020100903;;N;;;;;;;CMED_ICMS17;20260508;20;PF0=17844.85|PMC0=24597.27
CMED;20260508;medicamento;517624010031104;;;LABORATORIO GLOBO SA;GLOBOFLU;30 MG CAP DURA CT BL AL PLAS PVC/PCTFE TRANS X 10;FOSFATO DE OSELTAMIVIR;7899620915886;1053502400011;90578341;517624010031104;;N;;80.87;111.47;;;;CMED_ICMS17;20260508;20;PF0=67.12|PF12=76.27|PF18=81.85|PF19=82.86|PF20=83.9|PF21=84.96|PF22=86.05|PMC0=92.52|PMC12=105.13|PMC18=112.82|PMC19=114.21|PMC20=115.65|PMC21=117.11|PMC22=118.61|PMVG17=63.46|PMVG18=64.23|PMVG20=65.84
CMED;20260508;medicamento;517624010031204;;;LABORATORIO GLOBO SA;GLOBOFLU;45 MG CAP DURA CT BL AL PLAS PVC/PCTFE TRANS X 10;FOSFATO DE OSELTAMIVIR;7899620915909;1053502400036;90578350;517624010031204;;N;;133.06;183.41;;;;CMED_ICMS17;20260508;20;PF0=110.44|PF12=125.5|PF18=134.68|PF19=136.35|PF20=138.05|PF21=139.8|PF22=141.59|PMC0=152.23|PMC12=172.99|PMC18=185.64|PMC19=187.94|PMC20=190.29|PMC21=192.7|PMC22=195.17|PMVG17=104.41|PMVG18=105.68|PMVG20=108.33
CMED;20260508;medicamento;517624010031304;;;LABORATORIO GLOBO SA;GLOBOFLU;75 MG CAP DURA CT BL AL PLAS PVC/PCTFE TRANS X 10;FOSFATO DE OSELTAMIVIR;7899620915923;1053502400052;90578368;517624010031304;;N;;244.72;337.32;;;;CMED_ICMS17;20260508;20;PF0=203.12|PF12=230.82|PF18=247.71|PF19=250.77|PF20=253.9|PF21=257.11|PF22=260.41|PMC0=279.98|PMC12=318.16|PMC18=341.44|PMC19=345.66|PMC20=349.97|PMC21=354.4|PMC22=358.95|PMVG17=192.03|PMVG18=194.38|PMVG20=199.24
CMED;20260508;medicamento;517625090033104;;;LABORATORIO GLOBO SA;GLOBOXAREL;15 MG COM REV CT BL AL PLAS PVC/PVDC TRANS X 30;RIVAROXABANA;7899620917255;1053502480021;90617347;517625090033104;;N;;251.54;346.72;;;;CMED_ICMS17;20260508;20;PF0=208.78|PF12=237.25|PF18=254.61|PF19=257.75|PF20=260.98|PF21=264.28|PF22=267.67|PMC0=287.78|PMC12=327.02|PMC18=350.95|PMC19=355.28|PMC20=359.73|PMC21=364.28|PMC22=368.96|PMVG17=197.38|PMVG18=199.79|PMVG20=204.79
CMED;20260508;medicamento;517625090033204;;;LABORATORIO GLOBO SA;GLOBOXAREL;20 MG COM REV CT BL AL PLAS PVC/PVDC TRANS X 30;RIVAROXABANA;7899620917286;1053502480056;90617355;517625090033204;;N;;255.29;351.89;;;;CMED_ICMS17;20260508;20;PF0=211.89|PF12=240.78|PF18=258.4|PF19=261.59|PF20=264.86|PF21=268.22|PF22=271.65|PMC0=292.07|PMC12=331.89|PMC18=356.18|PMC19=360.57|PMC20=365.08|PMC21=369.71|PMC22=374.44|PMVG17=200.33|PMVG18=202.77|PMVG20=207.84
CMED;20260508;medicamento;517625090033304;;;LABORATORIO GLOBO SA;GLOBOXAREL;10 MG COM REV CT BL AL PLAS PVC/PVDC TRANS X 30;RIVAROXABANA;7899620917958;1053502480072;90617363;517625090033304;;N;;251.54;346.72;;;;CMED_ICMS17;20260508;20;PF0=208.78|PF12=237.25|PF18=254.61|PF19=257.75|PF20=260.98|PF21=264.28|PF22=267.67|PMC0=287.78|PMC12=327.02|PMC18=350.95|PMC19=355.28|PMC20=359.73|PMC21=364.28|PMC22=368.96|PMVG17=197.38|PMVG18=199.79|PMVG20=204.79
CMED;20260508;medicamento;526600201150415;;;NOVO NORDISK FARMACÊUTICA DO BRASIL LTDA;GLUCAGEN;1 UI/MG PO LIOF SOL INJ EST PLAST 1 FA VD TRANS + SER PREENC VD TRANS X 1 ML (HYPOKIT);GLUCAGON;7897705200391;1176600140018;90173538;526600201150415;;N;;184.59;254.44;;;;CMED_ICMS17;20260508;20;PF0=153.21|PF12=174.1|PF18=186.84|PF19=189.15|PF20=191.51|PF21=193.94|PF22=196.42|PMC0=211.18|PMC12=239.98|PMC18=257.54|PMC19=260.72|PMC20=263.98|PMC21=267.33|PMC22=270.74|PMVG17=144.85|PMVG18=146.61|PMVG20=150.28
CMED;20260508;medicamento;576720020056217;;;SANOFI MEDLEY FARMACÊUTICA LTDA.;GLUCANTIME;300 MG/ML SOL INJ CX 50 AMP VD TRANS X 5 ML;ANTIMONIATO DE MEGLUMINA;7891058000349;1832603220015;90456009;576720020056217;;N;;496.22;683.99;;;;CMED_ICMS17;20260508;20;PF0=411.86|PF12=468.02|PF18=502.27|PF19=508.47|PF20=514.83|PF21=521.34|PF22=528.03|PMC0=567.71|PMC12=645.12|PMC18=692.33|PMC19=700.87|PMC20=709.64|PMC21=718.61|PMC22=727.83
CMED;20260508;medicamento;541518100012107;;;VIATRIS FARMACEUTICA DO BRASIL LTDA;GLUCOREUMIN;1500 MG PO SOL OR CT 10 SACH X 3,95 G;SULFATO DE GLICOSAMINA;7898560663949;1883000350027;90418077;541518100012107;;N;;79.1;109.03;;;;CMED_ICMS17;20260508;20;PF0=65.65|PF12=74.6|PF18=80.06|PF19=81.05|PF20=82.06|PF21=83.1|PF22=84.17|PMC0=90.49|PMC12=102.83|PMC18=110.35|PMC19=111.72|PMC20=113.11|PMC21=114.54|PMC22=116.02|PMVG17=62.07|PMVG18=62.82|PMVG20=64.39
CMED;20260508;medicamento;541518100012207;;;VIATRIS FARMACEUTICA DO BRASIL LTDA;GLUCOREUMIN;1500 MG PO SOL OR CT 30 SACH X 3,95 G;SULFATO DE GLICOSAMINA;7898560663956;1883000350035;90418085;541518100012207;;N;;213.89;294.83;;;;CMED_ICMS17;20260508;20;PF0=177.53|PF12=201.74|PF18=216.5|PF19=219.17|PF20=221.91|PF21=224.72|PF22=227.6|PMC0=244.71|PMC12=278.08|PMC18=298.42|PMC19=302.1|PMC20=305.88|PMC21=309.75|PMC22=313.72|PMVG17=167.84|PMVG18=169.89|PMVG20=174.13
CMED;20260508;medicamento;541519120016407;;;VIATRIS FARMACEUTICA DO BRASIL LTDA;GLUCOREUMIN;1500 MG PO SOL OR CT 90 SACH X 3,95 G;SULFATO DE GLICOSAMINA;7898560664038;1883000350061;90444434;541519120016407;;N;;676.76;932.84;;;;CMED_ICMS17;20260508;20;PF0=561.71|PF12=638.31|PF18=685.01|PF19=693.47|PF20=702.14|PF21=711.03|PF22=720.14|PMC0=774.26|PMC12=879.84|PMC18=944.21|PMC19=955.88|PMC20=967.83|PMC21=980.08|PMC22=992.64|PMVG17=531.05|PMVG18=537.53|PMVG20=550.97
CMED;20260508;medicamento;525405202110411;;;MERCK S/A;GLUCOVANCE;500 MG + 5 MG COM REV CT BL AL PLAS TRANS X 30;"GLIBENCLAMIDA;CLORIDRATO DE METFORMINA";7891721026621;1008902700112;90161327;525405202110411;;N;;42.31;58.32;;;;CMED_ICMS17;20260508;20;PF0=35.12|PF12=39.91|PF18=42.83|PF19=43.36|PF20=43.9|PF21=44.46|PF22=45.03|PMC0=48.41|PMC12=55.01|PMC18=59.04|PMC19=59.77|PMC20=60.51|PMC21=61.28|PMC22=62.07|PMVG17=33.2|PMVG18=33.61|PMVG20=34.45
CMED;20260508;medicamento;525405203117418;;;MERCK S/A;GLUCOVANCE;500 MG + 2,5 MG COM REV CT BL AL PLAS TRANS X 30;"GLIBENCLAMIDA;CLORIDRATO DE METFORMINA";7891721026614;1008902700066;90161343;525405203117418;;N;;32.55;44.87;;;;CMED_ICMS17;20260508;20;PF0=27.02|PF12=30.7|PF18=32.95|PF19=33.36|PF20=33.78|PF21=34.2|PF22=34.64|PMC0=37.24|PMC12=42.32|PMC18=45.42|PMC19=45.98|PMC20=46.56|PMC21=47.14|PMC22=47.75|PMVG17=25.54|PMVG18=25.86|PMVG20=26.51
CMED;20260508;medicamento;526124050177004;;;GERMED FARMACEUTICA LTDA;GLUNAC;5 MG COM REV CT BL AL AL X 30;LINAGLIPTINA;7896004790947;1058309260024;90586433;526124050177004;;N;;247.02;331.37;;;;CMED_ICMS17;20260508;20;PF0=205.03|PF12=232.99|PF18=250.04|PF19=253.12|PF20=256.29|PF21=259.53|PF22=262.86|PMC0=275.04|PMC12=312.55|PMC18=335.42|PMC19=339.55|PMC20=343.8|PMC21=348.15|PMC22=352.62|PMVG17=193.84|PMVG18=196.21|PMVG20=201.11
CMED;20260508;medicamento;526124070180003;;;GERMED FARMACEUTICA LTDA;GLUNAC;5 MG COM REV CT BL AL AL X 10;LINAGLIPTINA;7896004821573;1058309260016;90591100;526124070180003;;N;;82.35;110.47;;;;CMED_ICMS17;20260508;20;PF0=68.35|PF12=77.67|PF18=83.35|PF19=84.38|PF20=85.44|PF21=86.52|PF22=87.63|PMC0=91.69|PMC12=104.19|PMC18=111.81|PMC19=113.19|PMC20=114.61|PMC21=116.06|PMC22=117.55|PMVG17=64.62|PMVG18=65.4|PMVG20=67.05
CMED;20260508;medicamento;526126040188003;;;GERMED FARMACEUTICA LTDA;GLUNAC;5 MG COM REV CT BL AL AL X 60;LINAGLIPTINA;7896004823409;1058309260032;;526126040188003;;N;;482.16;646.8;;;;CMED_ICMS17;20260508;20;PF0=400.19|PF12=454.76|PF18=488.04|PF19=494.06|PF20=500.24|PF21=506.57|PF22=513.06|PMC0=536.84|PMC12=610.04|PMC18=654.69|PMC19=662.76|PMC20=671.05|PMC21=679.55|PMC22=688.25|PMVG17=378.35|PMVG18=382.97|PMVG20=392.54
CMED;20260508;medicamento;526124070180304;;;GERMED FARMACEUTICA LTDA;GLUNAC DUO;(2,5 + 850) MG COM REV CT BL AL AL X 20;"LINAGLIPTINA;CLORIDRATO DE METFORMINA";7896004821795;1058310460058;90591119;526124070180304;;N;;79.24;106.3;;;;CMED_ICMS17;20260508;20;PF0=65.77|PF12=74.74|PF18=80.21|PF19=81.2|PF20=82.21|PF21=83.25|PF22=84.32|PMC0=88.23|PMC12=100.26|PMC18=107.6|PMC19=108.93|PMC20=110.28|PMC21=111.68|PMC22=113.11|PMVG17=62.18|PMVG18=62.94|PMVG20=64.51
CMED;20260508;medicamento;526124070180404;;;GERMED FARMACEUTICA LTDA;GLUNAC DUO;(2,5 + 850) MG COM REV CT BL AL AL X 60;"LINAGLIPTINA;CLORIDRATO DE METFORMINA";7896004790923;1058310460066;90591127;526124070180404;;N;;237.72;318.89;;;;CMED_ICMS17;20260508;20;PF0=197.31|PF12=224.22|PF18=240.62|PF19=243.59|PF20=246.64|PF21=249.76|PF22=252.96|PMC0=264.68|PMC12=300.78|PMC18=322.78|PMC19=326.77|PMC20=330.86|PMC21=335.04|PMC22=339.34|PMVG17=186.54|PMVG18=188.81|PMVG20=193.54
CMED;20260508;medicamento;526124070180504;;;GERMED FARMACEUTICA LTDA;GLUNAC DUO;(2,5 + 1000) MG COM REV CT BL AL AL X 20;"LINAGLIPTINA;CLORIDRATO DE METFORMINA";7896004821788;1058310460090;90591135;526124070180504;;N;;79.24;106.3;;;;CMED_ICMS17;20260508;20;PF0=65.77|PF12=74.74|PF18=80.21|PF19=81.2|PF20=82.21|PF21=83.25|PF22=84.32|PMC0=88.23|PMC12=100.26|PMC18=107.6|PMC19=108.93|PMC20=110.28|PMC21=111.68|PMC22=113.11|PMVG17=62.18|PMVG18=62.94|PMVG20=64.51
CMED;20260508;medicamento;526124070180604;;;GERMED FARMACEUTICA LTDA;GLUNAC DUO;(2,5 + 1000) MG COM REV CT BL AL AL X 60;"LINAGLIPTINA;CLORIDRATO DE METFORMINA";7896004790930;1058310460104;90591143;526124070180604;;N;;237.72;318.89;;;;CMED_ICMS17;20260508;20;PF0=197.31|PF12=224.22|PF18=240.62|PF19=243.59|PF20=246.64|PF21=249.76|PF22=252.96|PMC0=264.68|PMC12=300.78|PMC18=322.78|PMC19=326.77|PMC20=330.86|PMC21=335.04|PMC22=339.34|PMVG17=186.54|PMVG18=188.81|PMVG20=193.54
CMED;20260508;medicamento;526124120185704;;;GERMED FARMACEUTICA LTDA;GLUNAC DUO;(2,5 + 500) MG COM REV CT BL AL AL X 20;"LINAGLIPTINA;CLORIDRATO DE METFORMINA";7896004822402;1058310460015;90600169;526124120185704;;N;;79.24;106.3;;;;CMED_ICMS17;20260508;20;PF0=65.77|PF12=74.74|PF18=80.21|PF19=81.2|PF20=82.21|PF21=83.25|PF22=84.32|PMC0=88.23|PMC12=100.26|PMC18=107.6|PMC19=108.93|PMC20=110.28|PMC21=111.68|PMC22=113.11|PMVG17=62.18|PMVG18=62.94|PMVG20=64.51
CMED;20260508;medicamento;526124120185804;;;GERMED FARMACEUTICA LTDA;GLUNAC DUO;(2,5 + 500) MG COM REV CT BL AL AL X 60;"LINAGLIPTINA;CLORIDRATO DE METFORMINA";7896004822419;1058310460023;90600177;526124120185804;;N;;237.72;318.89;;;;CMED_ICMS17;20260508;20;PF0=197.31|PF12=224.22|PF18=240.62|PF19=243.59|PF20=246.64|PF21=249.76|PF22=252.96|PMC0=264.68|PMC12=300.78|PMC18=322.78|PMC19=326.77|PMC20=330.86|PMC21=335.04|PMC22=339.34|PMVG17=186.54|PMVG18=188.81|PMVG20=193.54
CMED;20260508;medicamento;526124120185904;;;GERMED FARMACEUTICA LTDA;GLUNAC DUO;(2,5 + 500) MG COM REV CT BL AL AL X 100;"LINAGLIPTINA;CLORIDRATO DE METFORMINA";7896004822426;1058310460031;90600185;526124120185904;;N;;396.22;531.52;;;;CMED_ICMS17;20260508;20;PF0=328.86|PF12=373.7|PF18=401.05|PF19=406|PF20=411.08|PF21=416.28|PF22=421.62|PMC0=441.15|PMC12=501.31|PMC18=537.99|PMC19=544.63|PMC20=551.45|PMC21=558.42|PMC22=565.59|PMVG17=310.91|PMVG18=314.7|PMVG20=322.58
CMED;20260508;medicamento;526124120186003;;;GERMED FARMACEUTICA LTDA;GLUNAC DUO;(2,5 + 850) MG COM REV CT BL AL AL X 100;"LINAGLIPTINA;CLORIDRATO DE METFORMINA";7896004822433;1058310460074;90600193;526124120186003;;N;;396.22;531.52;;;;CMED_ICMS17;20260508;20;PF0=328.86|PF12=373.7|PF18=401.05|PF19=406|PF20=411.08|PF21=416.28|PF22=421.62|PMC0=441.15|PMC12=501.31|PMC18=537.99|PMC19=544.63|PMC20=551.45|PMC21=558.42|PMC22=565.59|PMVG17=310.91|PMVG18=314.7|PMVG20=322.58
CMED;20260508;medicamento;526124120186103;;;GERMED FARMACEUTICA LTDA;GLUNAC DUO;(2,5 + 1000) MG COM REV CT BL AL AL X 100;"LINAGLIPTINA;CLORIDRATO DE METFORMINA";7896004822440;1058310460112;90600207;526124120186103;;N;;396.22;531.52;;;;CMED_ICMS17;20260508;20;PF0=328.86|PF12=373.7|PF18=401.05|PF19=406|PF20=411.08|PF21=416.28|PF22=421.62|PMC0=441.15|PMC12=501.31|PMC18=537.99|PMC19=544.63|PMC20=551.45|PMC21=558.42|PMC22=565.59|PMVG17=310.91|PMVG18=314.7|PMVG20=322.58
CMED;20260508;medicamento;506720100086407;;;CRISTÁLIA PRODUTOS QUÍMICOS FARMACÊUTICOS LTDA.;GLYA;75 MG CAP DURA CT BL AL PLAS PVC/PVDC TRANS X 10;PREGABALINA;7896676430134;1029805250011;90490240;506720100086407;;N;;49.76;68.59;;;;CMED_ICMS17;20260508;20;PF0=41.3|PF12=46.93|PF18=50.37|PF19=50.99|PF20=51.63|PF21=52.28|PF22=52.95|PMC0=56.93|PMC12=64.69|PMC18=69.43|PMC19=70.28|PMC20=71.17|PMC21=72.06|PMC22=72.99|PMVG17=39.05|PMVG18=39.53|PMVG20=40.52
CMED;20260508;medicamento;506720100086507;;;CRISTÁLIA PRODUTOS QUÍMICOS FARMACÊUTICOS LTDA.;GLYA;150 MG CAP DURA CT BL AL PLAS PVC/PVDC TRANS X 10;PREGABALINA;7896676430097;1029805250062;90490258;506720100086507;;N;;83.64;115.29;;;;CMED_ICMS17;20260508;20;PF0=69.42|PF12=78.89|PF18=84.66|PF19=85.7|PF20=86.78|PF21=87.87|PF22=89|PMC0=95.69|PMC12=108.74|PMC18=116.69|PMC19=118.13|PMC20=119.62|PMC21=121.12|PMC22=122.68|PMVG17=65.63|PMVG18=66.43|PMVG20=68.1
CMED;20260508;medicamento;506720100086607;;;CRISTÁLIA PRODUTOS QUÍMICOS FARMACÊUTICOS LTDA.;GLYA;150 MG CAP DURA CT BL AL PLAS PVC/PVDC TRANS X 30;PREGABALINA;7896676430080;1029805250100;90490266;506720100086607;;N;;250.93;345.88;;;;CMED_ICMS17;20260508;20;PF0=208.27|PF12=236.67|PF18=253.99|PF19=257.12|PF20=260.34|PF21=263.63|PF22=267.01|PMC0=287.08|PMC12=326.22|PMC18=350.1|PMC19=354.41|PMC20=358.85|PMC21=363.39|PMC22=368.05|PMVG17=196.9|PMVG18=199.31|PMVG20=204.29
CMED;20260508;medicamento;506720100086707;;;CRISTÁLIA PRODUTOS QUÍMICOS FARMACÊUTICOS LTDA.;GLYA;75 MG CAP DURA CT BL AL PLAS PVC/PVDC TRANS X 30;PREGABALINA;7896676430127;1029805250054;90490274;506720100086707;;N;;149.31;205.81;;;;CMED_ICMS17;20260508;20;PF0=123.93|PF12=140.83|PF18=151.13|PF19=153|PF20=154.91|PF21=156.87|PF22=158.88|PMC0=170.82|PMC12=194.12|PMC18=208.32|PMC19=210.89|PMC20=213.53|PMC21=216.23|PMC22=219|PMVG17=117.16|PMVG18=118.59|PMVG20=121.56
CMED;20260508;medicamento;506722100096703;;;CRISTÁLIA PRODUTOS QUÍMICOS FARMACÊUTICOS LTDA.;GLYA;75 MG CAP DURA CT BL AL PLAS PVC/PVDC TRANS X 60;PREGABALINA;7896676439441;1029805250119;90543661;506722100096703;;N;;298.6;411.59;;;;CMED_ICMS17;20260508;20;PF0=247.84|PF12=281.64|PF18=302.24|PF19=305.98|PF20=309.8|PF21=313.72|PF22=317.74|PMC0=341.62|PMC12=388.21|PMC18=416.61|PMC19=421.76|PMC20=427.03|PMC21=432.43|PMC22=437.97|PMVG17=234.31|PMVG18=237.17|PMVG20=243.1
CMED;20260508;medicamento;509503901151411;;;FRESENIUS KABI BRASIL LTDA;GLYCOPHOS;216 MG/ML SOL INFUS CT 10 FA PLAS PP TRANS X 20 ML;GLICEROFOSFATO DE SÓDIO;7897947705173;1004199370018;90075595;509503901151411;;S;;1295.86;;;;;CMED_ICMS17;20260508;20;PF0=1075.56|PF12=1222.23|PF18=1311.66|PF19=1327.85|PF20=1344.45|PF21=1361.47|PF22=1378.92|PMVG17=1016.86|PMVG18=1029.26|PMVG20=1054.99
CMED;20260508;medicamento;509520010027107;;;FRESENIUS KABI BRASIL LTDA;GLYCOPHOS;216 MG/ML SOL INFUS CX AMP PLAS PP TRANS X 20 ML;GLICEROFOSFATO DE SÓDIO;7899498608194;1004199370034;90452208;509520010027107;;S;;129.54;;;;;CMED_ICMS17;20260508;20;PF0=107.52|PF12=122.18|PF18=131.12|PF19=132.74|PF20=134.4|PF21=136.1|PF22=137.85|PMVG17=101.65|PMVG18=102.89|PMVG20=105.46
CMED;20260508;medicamento;509520010027207;;;FRESENIUS KABI BRASIL LTDA;GLYCOPHOS;216 MG/ML SOL INFUS CT 20 AMP PLAS PP TRANS X 20 ML;GLICEROFOSFATO DE SÓDIO;7899498608187;1004199370042;90452216;509520010027207;;S;;2591.72;;;;;CMED_ICMS17;20260508;20;PF0=2151.13|PF12=2444.47|PF18=2623.33|PF19=2655.72|PF20=2688.91|PF21=2722.95|PF22=2757.86|PMVG17=2033.72|PMVG18=2058.53|PMVG20=2109.99
CMED;20260508;medicamento;521400302157318;;;LABORATÓRIOS FERRING LTDA;GLYPRESSIN;1 MG PO LIOF INJ CT FA VD TRANS + DIL AMP VD TRANS X 5 ML;ACETATO DE TERLIPRESSINA;7896165600420;1287600060032;90128648;521400302157318;;N;;403.76;556.54;;;;CMED_ICMS17;20260508;20;PF0=335.12|PF12=380.82|PF18=408.68|PF19=413.73|PF20=418.9|PF21=424.2|PF22=429.64|PMC0=461.93|PMC12=524.92|PMC18=563.32|PMC19=570.28|PMC20=577.41|PMC21=584.72|PMC22=592.21|PMVG17=316.83|PMVG18=320.69|PMVG20=328.71
CMED;20260508;medicamento;521418020006303;;;LABORATÓRIOS FERRING LTDA;GLYPRESSIN;0,12 MG/ML SOL INJ CT 1 AMP VD TRANS X 8,5 ML;ACETATO DE TERLIPRESSINA;7896165600895;1287600060067;90404696;521418020006303;;N;;403.76;556.54;;;;CMED_ICMS17;20260508;20;PF0=335.12|PF12=380.82|PF18=408.68|PF19=413.73|PF20=418.9|PF21=424.2|PF22=429.64|PMC0=461.93|PMC12=524.92|PMC18=563.32|PMC19=570.28|PMC20=577.41|PMC21=584.72|PMC22=592.21|PMVG17=316.83|PMVG18=320.69|PMVG20=328.71
CMED;20260508;medicamento;525123050035317;;;MEDQUIMICA INDUSTRIA FARMACEUTICA LTDA.;GLYQUIN XM;40 MG/G + 100 MG/G CREM DERM CT 28 SACH X 1 G;"ÁCIDO GLICÓLICO;HIDROQUINONA";7896862993061;1091701360045;90562909;525123050035317;;N;;84.58;113.46;;;;CMED_ICMS17;20260508;20;PF0=70.2|PF12=79.77|PF18=85.61|PF19=86.67|PF20=87.75|PF21=88.86|PF22=90|PMC0=94.17|PMC12=107.01|PMC18=114.84|PMC19=116.26|PMC20=117.71|PMC21=119.2|PMC22=120.73|PMVG17=66.37|PMVG18=67.18|PMVG20=68.86
CMED;20260508;medicamento;573023050005903;;;NATCOFARMA DO BRASIL LTDA;GLYTCO;50 MG COM CT BL AL AL X 14;VILDAGLIPTINA;7898565165301;1826100170013;90564502;573023050005903;;N;;32.25;44.45;;;;CMED_ICMS17;20260508;20;PF0=26.77|PF12=30.42|PF18=32.65|PF19=33.05|PF20=33.46|PF21=33.89|PF22=34.32|PMC0=36.9|PMC12=41.93|PMC18=45|PMC19=45.56|PMC20=46.12|PMC21=46.71|PMC22=47.31|PMVG17=25.31|PMVG18=25.62|PMVG20=26.26
CMED;20260508;medicamento;573023050006003;;;NATCOFARMA DO BRASIL LTDA;GLYTCO;50 MG COM CT BL AL AL X 28;VILDAGLIPTINA;7898565165295;1826100170021;90564510;573023050006003;;N;;64.55;88.98;;;;CMED_ICMS17;20260508;20;PF0=53.58|PF12=60.89|PF18=65.34|PF19=66.15|PF20=66.98|PF21=67.82|PF22=68.69|PMC0=73.85|PMC12=83.93|PMC18=90.06|PMC19=91.18|PMC20=92.32|PMC21=93.48|PMC22=94.68|PMVG17=50.65|PMVG18=51.27|PMVG20=52.56
CMED;20260508;medicamento;573023050006103;;;NATCOFARMA DO BRASIL LTDA;GLYTCO;50 MG COM CT BL AL AL X 56;VILDAGLIPTINA;7898565165288;1826100170031;90564529;573023050006103;;N;;129.12;177.98;;;;CMED_ICMS17;20260508;20;PF0=107.17|PF12=121.78|PF18=130.7|PF19=132.31|PF20=133.96|PF21=135.66|PF22=137.4|PMC0=147.72|PMC12=167.86|PMC18=180.16|PMC19=182.38|PMC20=184.65|PMC21=186.99|PMC22=189.39|PMVG17=101.32|PMVG18=102.56|PMVG20=105.12
CMED;20260508;medicamento;515107101130418;;;KLEY HERTZ FARMACEUTICA S.A;GLYTEOL;13,333 MG/ML XPE CT FR VD AMB X 150 ML + COP (SAB. BAUNILHA);GUAIFENESINA;7896331702811;1068901590031;90265963;515107101130418;;N;;25.22;33.83;;;;CMED_ICMS17;20260508;20;PF0=20.93|PF12=23.78|PF18=25.52|PF19=25.84|PF20=26.16|PF21=26.49|PF22=26.83|PMC0=28.08|PMC12=31.9|PMC18=34.23|PMC19=34.66|PMC20=35.09|PMC21=35.54|PMC22=35.99|PMVG17=19.79|PMVG18=20.02|PMVG20=20.53
CMED;20260508;medicamento;515107102137416;;;KLEY HERTZ FARMACEUTICA S.A;GLYTEOL;13,333 MG/ML XPE CT FR VD AMB X 100 ML + COP (SAB. BAUNILHA);GUAIFENESINA;7896331702828;1068901590023;90265955;515107102137416;;N;;22.07;29.61;;;;CMED_ICMS17;20260508;20;PF0=18.32|PF12=20.82|PF18=22.34|PF19=22.62|PF20=22.9|PF21=23.19|PF22=23.49|PMC0=24.58|PMC12=27.93|PMC18=29.97|PMC19=30.34|PMC20=30.72|PMC21=31.11|PMC22=31.51|PMVG17=17.32|PMVG18=17.53|PMVG20=17.97
CMED;20260508;medicamento;515107103133414;;;KLEY HERTZ FARMACEUTICA S.A;GLYTEOL;13,333 MG/ML XPE CT FR VD AMB X 100 ML + COP (SAB. MORANGO);GUAIFENESINA;7896331702835;1068901590015;90265947;515107103133414;;N;;22.07;29.61;;;;CMED_ICMS17;20260508;20;PF0=18.32|PF12=20.82|PF18=22.34|PF19=22.62|PF20=22.9|PF21=23.19|PF22=23.49|PMC0=24.58|PMC12=27.93|PMC18=29.97|PMC19=30.34|PMC20=30.72|PMC21=31.11|PMC22=31.51|PMVG17=17.32|PMVG18=17.53|PMVG20=17.97
CMED;20260508;medicamento;515125050014607;;;KLEY HERTZ FARMACEUTICA S.A;GLYTEOL;13,333 MG/ML XPE CT FR PLAS PET AMB X 100 ML + COP (SAB. BAUNILHA);GUAIFENESINA;7896331708875;1068901590074;90606272;515125050014607;;N;;22.07;29.61;;;;CMED_ICMS17;20260508;20;PF0=18.32|PF12=20.82|PF18=22.34|PF19=22.62|PF20=22.9|PF21=23.19|PF22=23.49|PMC0=24.58|PMC12=27.93|PMC18=29.97|PMC19=30.34|PMC20=30.72|PMC21=31.11|PMC22=31.51|PMVG17=17.32|PMVG18=17.53|PMVG20=17.97
CMED;20260508;medicamento;515125050014707;;;KLEY HERTZ FARMACEUTICA S.A;GLYTEOL;13,333 MG/ML XPE CT FR PLAS PET AMB X 100 ML + COP (SAB. MORANGO);GUAIFENESINA;7896331708882;1068901590066;90606264;515125050014707;;N;;22.07;29.61;;;;CMED_ICMS17;20260508;20;PF0=18.32|PF12=20.82|PF18=22.34|PF19=22.62|PF20=22.9|PF21=23.19|PF22=23.49|PMC0=24.58|PMC12=27.93|PMC18=29.97|PMC19=30.34|PMC20=30.72|PMC21=31.11|PMC22=31.51|PMVG17=17.32|PMVG18=17.53|PMVG20=17.97
CMED;20260508;medicamento;515125050014807;;;KLEY HERTZ FARMACEUTICA S.A;GLYTEOL;13,333 MG/ML XPE CT FR PLAS PET AMB X 150 ML + COP (SAB. BAUNILHA);GUAIFENESINA;7896331708868;1068901590082;90606280;515125050014807;;N;;25.22;33.83;;;;CMED_ICMS17;20260508;20;PF0=20.93|PF12=23.78|PF18=25.52|PF19=25.84|PF20=26.16|PF21=26.49|PF22=26.83|PMC0=28.08|PMC12=31.9|PMC18=34.23|PMC19=34.66|PMC20=35.09|PMC21=35.54|PMC22=35.99|PMVG17=19.79|PMVG18=20.02|PMVG20=20.53
CMED;20260508;medicamento;504519040021405;;;BOEHRINGER INGELHEIM DO BRASIL QUIMICA E FARMACEUTICA LTDA.;GLYXAMBI;25 MG + 5 MG COM REV CT BL AL PLAS PVC/PVDC TRANS X 10;"LINAGLIPTINA;EMPAGLIFLOZINA";7896026306768;1036701760032;90424417;504519040021405;;N;;124.23;166.65;;;;CMED_ICMS17;20260508;20;PF0=103.11|PF12=117.17|PF18=125.74|PF19=127.3|PF20=128.89|PF21=130.52|PF22=132.19|PMC0=138.32|PMC12=157.18|PMC18=168.68|PMC19=170.77|PMC20=172.9|PMC21=175.09|PMC22=177.33|PMVG17=97.48|PMVG18=98.67|PMVG20=101.14
CMED;20260508;medicamento;504519040021505;;;BOEHRINGER INGELHEIM DO BRASIL QUIMICA E FARMACEUTICA LTDA.;GLYXAMBI;10 MG + 5 MG COM REV CT BL AL PLAS PVC/PVDC TRANS X 30;"LINAGLIPTINA;EMPAGLIFLOZINA";7896026306720;1036701760024;90424425;504519040021505;;N;;372.77;500.06;;;;CMED_ICMS17;20260508;20;PF0=309.4|PF12=351.59|PF18=377.32|PF19=381.98|PF20=386.75|PF21=391.65|PF22=396.67|PMC0=415.05|PMC12=471.65|PMC18=506.16|PMC19=512.41|PMC20=518.81|PMC21=525.38|PMC22=532.12|PMVG17=292.51|PMVG18=296.08|PMVG20=303.48
CMED;20260508;medicamento;504519040021605;;;BOEHRINGER INGELHEIM DO BRASIL QUIMICA E FARMACEUTICA LTDA.;GLYXAMBI;25 MG + 5 MG COM REV CT BL AL PLAS PVC/PVDC TRANS X 30;"LINAGLIPTINA;EMPAGLIFLOZINA";7896026306751;1036701760040;90424433;504519040021605;;N;;372.77;500.06;;;;CMED_ICMS17;20260508;20;PF0=309.4|PF12=351.59|PF18=377.32|PF19=381.98|PF20=386.75|PF21=391.65|PF22=396.67|PMC0=415.05|PMC12=471.65|PMC18=506.16|PMC19=512.41|PMC20=518.81|PMC21=525.38|PMC22=532.12|PMVG17=292.51|PMVG18=296.08|PMVG20=303.48
CMED;20260508;medicamento;569924120012604;;;CAMBER FARMACEUTICA LTDA;GNIMI;500 MG COM REV CT BL AL AL X 50;MICOFENOLATO DE MOFETILA;7908101201315;1650700350039;90600398;569924120012604;;N;;851.11;1173.17;;;;CMED_ICMS17;20260508;20;PF0=706.42|PF12=802.75|PF18=861.49|PF19=872.12|PF20=883.03|PF21=894.2|PF22=905.67|PMC0=973.73|PMC12=1106.51|PMC18=1187.47|PMC19=1202.13|PMC20=1217.16|PMC21=1232.56|PMC22=1248.37
CMED;20260508;medicamento;569924120012704;;;CAMBER FARMACEUTICA LTDA;GNIMI;500 MG COM REV CT BL AL PLAS PVC/PVDC OPC X 30;MICOFENOLATO DE MOFETILA;7908101201339;1650700350055;90600410;569924120012704;;N;;510.66;703.89;;;;CMED_ICMS17;20260508;20;PF0=423.85|PF12=481.65|PF18=516.89|PF19=523.27|PF20=529.81|PF21=536.52|PF22=543.4|PMC0=584.23|PMC12=663.9|PMC18=712.48|PMC19=721.27|PMC20=730.29|PMC21=739.54|PMC22=749.02
CMED;20260508;medicamento;569924120012804;;;CAMBER FARMACEUTICA LTDA;GNIMI;500 MG COM REV CT BL AL AL X 10;MICOFENOLATO DE MOFETILA;7908101201292;1650700350012;90600371;569924120012804;;N;;170.23;234.64;;;;CMED_ICMS17;20260508;20;PF0=141.29|PF12=160.56|PF18=172.3|PF19=174.43|PF20=176.61|PF21=178.85|PF22=181.14|PMC0=194.75|PMC12=221.32|PMC18=237.5|PMC19=240.43|PMC20=243.44|PMC21=246.53|PMC22=249.68
CMED;20260508;medicamento;569924120012904;;;CAMBER FARMACEUTICA LTDA;GNIMI;500 MG COM REV CT BL AL AL X 30;MICOFENOLATO DE MOFETILA;7908101201308;1650700350020;90600380;569924120012904;;N;;510.66;703.89;;;;CMED_ICMS17;20260508;20;PF0=423.85|PF12=481.65|PF18=516.89|PF19=523.27|PF20=529.81|PF21=536.52|PF22=543.4|PMC0=584.23|PMC12=663.9|PMC18=712.48|PMC19=721.27|PMC20=730.29|PMC21=739.54|PMC22=749.02
CMED;20260508;medicamento;569924120013004;;;CAMBER FARMACEUTICA LTDA;GNIMI;500 MG COM REV CT BL AL PLAS PVC/PVDC OPC X 10;MICOFENOLATO DE MOFETILA;7908101201322;1650700350047;90600401;569924120013004;;N;;170.23;234.64;;;;CMED_ICMS17;20260508;20;PF0=141.29|PF12=160.56|PF18=172.3|PF19=174.43|PF20=176.61|PF21=178.85|PF22=181.14|PMC0=194.75|PMC12=221.32|PMC18=237.5|PMC19=240.43|PMC20=243.44|PMC21=246.53|PMC22=249.68
CMED;20260508;medicamento;569924120013104;;;CAMBER FARMACEUTICA LTDA;GNIMI;500 MG COM REV CT BL AL PLAS PVC/PVDC OPC X 50;MICOFENOLATO DE MOFETILA;7908101201346;1650700350063;90600428;569924120013104;;N;;851.11;1173.17;;;;CMED_ICMS17;20260508;20;PF0=706.42|PF12=802.75|PF18=861.49|PF19=872.12|PF20=883.03|PF21=894.2|PF22=905.67|PMC0=973.73|PMC12=1106.51|PMC18=1187.47|PMC19=1202.13|PMC20=1217.16|PMC21=1232.56|PMC22=1248.37
CMED;20260508;medicamento;525413010043803;;;MERCK S/A;GONAL F;300 UI SOL INJ SC CT CAN APLIC CARVD TRANS X 0,48 ML;ALFAFOLITROPINA;7891721027802;1008903630096;90253469;525413010043803;;N;;1005.29;1385.69;;;;CMED_ICMS17;20260508;20;PF0=834.39|PF12=948.17|PF18=1017.55|PF19=1030.11|PF20=1042.99|PF21=1056.19|PF22=1069.73|PMC0=1150.12|PMC12=1306.95|PMC18=1402.59|PMC19=1419.9|PMC20=1437.65|PMC21=1455.85|PMC22=1474.51|PMVG17=788.85|PMVG18=798.47|PMVG20=818.43
CMED;20260508;medicamento;525413010043903;;;MERCK S/A;GONAL F;450 UI SOL INJ SC CT CAN APLIC CAR VD TRANS X 0,72 ML;ALFAFOLITROPINA;7891721027819;1008903630101;90253477;525413010043903;;N;;1508.01;2078.63;;;;CMED_ICMS17;20260508;20;PF0=1251.65|PF12=1422.33|PF18=1526.4|PF19=1545.25|PF20=1564.56|PF21=1584.37|PF22=1604.68|PMC0=1725.27|PMC12=1960.53|PMC18=2103.98|PMC19=2129.97|PMC20=2156.58|PMC21=2183.89|PMC22=2211.88|PMVG17=1183.34|PMVG18=1197.77|PMVG20=1227.71
CMED;20260508;medicamento;525413010044003;;;MERCK S/A;GONAL F;900 UI SOL INJ SC CT CAN APLIC CAR VD TRANS X 1,44 ML;ALFAFOLITROPINA;7891721027826;1008903630118;90253485;525413010044003;;N;;3016.01;4157.26;;;;CMED_ICMS17;20260508;20;PF0=2503.29|PF12=2844.65|PF18=3052.79|PF19=3090.48|PF20=3129.11|PF21=3168.72|PF22=3209.35|PMC0=3450.52|PMC12=3921.05|PMC18=4207.95|PMC19=4259.9|PMC20=4313.15|PMC21=4367.75|PMC22=4423.75|PMVG17=2366.66|PMVG18=2395.52|PMVG20=2455.41
CMED;20260508;medicamento;521401501153418;;;LABORATÓRIOS FERRING LTDA;GONAPEPTYL DAILY;0,1MG/ML SOL INJ CT 7 SER VD 1ML;ACETATO DE TRIPTORRELINA;7896165600291;1287600140011;90128664;521401501153418;;N;;364.87;502.94;;;;CMED_ICMS17;20260508;20;PF0=302.84|PF12=344.14|PF18=369.32|PF19=373.88|PF20=378.55|PF21=383.34|PF22=388.26|PMC0=417.43|PMC12=474.36|PMC18=509.07|PMC19=515.35|PMC20=521.79|PMC21=528.39|PMC22=535.18|PMVG17=286.31|PMVG18=289.81|PMVG20=297.05
CMED;20260508;medicamento;516300602136411;;;MEGALABS FARMACEUTICA S.A.;GOTAS BINELLI;30 MG/ML SOL ORAL CT FR PLAS OPC GOT X 10 ML;DROPROPIZINA;7896026130004;1014300700011;90110960;516300602136411;;N;;18.87;25.31;;;;CMED_ICMS17;20260508;20;PF0=15.66|PF12=17.8|PF18=19.1|PF19=19.33|PF20=19.58|PF21=19.82|PF22=20.08|PMC0=21.01|PMC12=23.88|PMC18=25.62|PMC19=25.93|PMC20=26.27|PMC21=26.59|PMC22=26.94|PMVG17=14.81|PMVG18=14.99|PMVG20=15.37
CMED;20260508;medicamento;525522080026017;;;ORGANON FARMACEUTICA LTDA.;GRACIAL;(0,125 MG+0,030 MG) COM + (0,025 MG +0,040 MG) COM CT BL AL PLAS PVC TRANS X 15+7;"DESOGESTREL;ETINILESTRADIOL";7897337716239;1002902190026;90542258;525522080026017;;N;;44.75;61.68;;;;CMED_ICMS17;20260508;20;PF0=37.14|PF12=42.2|PF18=45.29|PF19=45.85|PF20=46.43|PF21=47.01|PF22=47.62|PMC0=51.19|PMC12=58.17|PMC18=62.43|PMC19=63.2|PMC20=64|PMC21=64.8|PMC22=65.64|PMVG17=35.12|PMVG18=35.54|PMVG20=36.43
CMED;20260508;medicamento;506720010080107;;;CRISTÁLIA PRODUTOS QUÍMICOS FARMACÊUTICOS LTDA.;GRAN-D;22400 UI COM REV CT BL AL PLAS OPC X 1;COLECALCIFEROL;7896676432411;1029805070013;90455681;506720010080107;;N;;33.28;44.64;;;;CMED_ICMS17;20260508;20;PF0=27.62|PF12=31.39|PF18=33.68|PF19=34.1|PF20=34.53|PF21=34.96|PF22=35.41|PMC0=37.05|PMC12=42.11|PMC18=45.18|PMC19=45.74|PMC20=46.32|PMC21=46.9|PMC22=47.5|PMVG17=26.11|PMVG18=26.43|PMVG20=27.1
CMED;20260508;medicamento;544117060003807;;;AMGEN BIOTECNOLOGIA DO BRASIL LTDA.;GRANULOKINE;30 MU/ML SOL INJ CT 4 FA VD TRANS X 1 ML;FILGRASTIM;7898609960503;1024400060038;90391730;544117060003807;;S;;;;;;;CMED_ICMS17;20260508;20;PF0=2320.3
CMED;20260508;medicamento;544117060003907;;;AMGEN BIOTECNOLOGIA DO BRASIL LTDA.;GRANULOKINE;60 MU/ML SOL INJ CT 1 SER PREENC X 0,5 ML + DISPOSITIVO DE SEGURANÇA;FILGRASTIM;7898609960534;1024400060046;90391748;544117060003907;;S;;;;;;;CMED_ICMS17;20260508;20;PF0=581.57
CMED;20260508;medicamento;504901803116417;;;BRASTERAPICA PHARMACEUTICA LTDA.;GRIPALCÊ;(400 + 4 + 4) MG CAP DURA CT BL AL PLAS PVC/PVDC TRANS X 200;"MALEATO DE CLORFENAMINA;PARACETAMOL;CLORIDRATO DE FENILEFRINA";7898100241804;1003800690036;90034520;504901803116417;;N;;188.6;253;;;;CMED_ICMS17;20260508;20;PF0=156.54|PF12=177.89|PF18=190.9|PF19=193.26|PF20=195.68|PF21=198.15|PF22=200.69|PMC0=209.99|PMC12=238.63|PMC18=256.09|PMC19=259.25|PMC20=262.5|PMC21=265.81|PMC22=269.22|PMVG17=147.99|PMVG18=149.8|PMVG20=153.55
CMED;20260508;medicamento;504914030009203;;;BRASTERAPICA PHARMACEUTICA LTDA.;GRIPALCÊ;(400 + 4 + 4) MG CAP DURA CT BL AL PLAS PVC/PVDC TRANS X 20;CLORIDRATO DE FENILEFRINA;7898100242900;1003800690052;90301552;504914030009203;;N;;18.87;25.31;;;;CMED_ICMS17;20260508;20;PF0=15.66|PF12=17.8|PF18=19.1|PF19=19.33|PF20=19.58|PF21=19.82|PF22=20.08|PMC0=21.01|PMC12=23.88|PMC18=25.62|PMC19=25.93|PMC20=26.27|PMC21=26.59|PMC22=26.94|PMVG17=14.81|PMVG18=14.99|PMVG20=15.37
CMED;20260508;medicamento;504920120012007;;;BRASTERAPICA PHARMACEUTICA LTDA.;GRIPALCÊ;(400 + 4 + 4) MG CAP DURA CT BL AL PLAS PVC/PVDC TRANS X 10;"MALEATO DE CLORFENIRAMINA;PARACETAMOL;CLORIDRATO DE FENILEFRINA";7898100244447;1003800690060;90499344;504920120012007;;N;;9.78;13.12;;;;CMED_ICMS17;20260508;20;PF0=8.12|PF12=9.23|PF18=9.9|PF19=10.02|PF20=10.15|PF21=10.28|PF22=10.41|PMC0=10.89|PMC12=12.38|PMC18=13.28|PMC19=13.44|PMC20=13.62|PMC21=13.79|PMC22=13.96|PMVG17=7.67|PMVG18=7.77|PMVG20=7.96
CMED;20260508;medicamento;504920120012107;;;BRASTERAPICA PHARMACEUTICA LTDA.;GRIPALCÊ;(400 + 4 + 4) MG CAP DURA CT BL AL PLAS PVC/PVDC TRANS X 100;"MALEATO DE CLORFENIRAMINA;PARACETAMOL;CLORIDRATO DE FENILEFRINA";7898100244454;1003800690087;90499352;504920120012107;;N;;97.82;131.22;;;;CMED_ICMS17;20260508;20;PF0=81.19|PF12=92.26|PF18=99.01|PF19=100.23|PF20=101.49|PF21=102.77|PF22=104.09|PMC0=108.91|PMC12=123.76|PMC18=132.82|PMC19=134.45|PMC20=136.15|PMC21=137.86|PMC22=139.63|PMVG17=76.76|PMVG18=77.69|PMVG20=79.64
CMED;20260508;medicamento;504922010013807;;;BRASTERAPICA PHARMACEUTICA LTDA.;GRIPALCÊ UNO;32 MG/ML SUS OR CT FR PLAS TRANS X 60 ML + CP MED;PARACETAMOL;7898100244553;1003801100062;90527259;504922010013807;;N;;2030.12;2723.33;;;;CMED_ICMS17;20260508;20;PF0=1685|PF12=1914.77|PF18=2054.88|PF19=2080.25|PF20=2106.25|PF21=2132.91|PF22=2160.26|PMC0=2260.37|PMC12=2568.6|PMC18=2756.55|PMC19=2790.58|PMC20=2825.46|PMC21=2861.22|PMC22=2897.91|PMVG17=1593.04|PMVG18=1612.46|PMVG20=1652.77
CMED;20260508;medicamento;504922010013907;;;BRASTERAPICA PHARMACEUTICA LTDA.;GRIPALCÊ UNO;100 MG/ML SUS OR CT FR PLAS TRANS X 15 ML + DOSADOR;PARACETAMOL;7898100244560;1003801100054;90527240;504922010013907;;N;;28.12;37.72;;;;CMED_ICMS17;20260508;20;PF0=23.34|PF12=26.52|PF18=28.46|PF19=28.81|PF20=29.18|PF21=29.54|PF22=29.92|PMC0=31.31|PMC12=35.58|PMC18=38.18|PMC19=38.65|PMC20=39.14|PMC21=39.63|PMC22=40.14|PMVG17=22.07|PMVG18=22.33|PMVG20=22.9
CMED;20260508;medicamento;504922020014007;;;BRASTERAPICA PHARMACEUTICA LTDA.;GRIPALCÊ UNO;750 MG COM CT BL AL PLAS LAR X 20;PARACETAMOL;7898100244577;1003801100070;90527267;504922020014007;;N;;14.69;19.71;;;;CMED_ICMS17;20260508;20;PF0=12.19|PF12=13.85|PF18=14.87|PF19=15.05|PF20=15.24|PF21=15.43|PF22=15.63|PMC0=16.35|PMC12=18.58|PMC18=19.95|PMC19=20.19|PMC20=20.44|PMC21=20.7|PMC22=20.97|PMVG17=11.53|PMVG18=11.67|PMVG20=11.96
CMED;20260508;medicamento;504925110015107;;;BRASTERAPICA PHARMACEUTICA LTDA.;GRIPALCEFITO;7 MG/ML XPE CT FR PLAS PET AMB X 100 ML + COP + SER DOS;HEDERA HELIX L.;7898100245352;1003801160030;90620313;504925110015107;;N;;23.19;31.11;;;;CMED_ICMS17;20260508;20;PF0=19.25|PF12=21.88|PF18=23.48|PF19=23.77|PF20=24.06|PF21=24.37|PF22=24.68|PMC0=25.82|PMC12=29.35|PMC18=31.5|PMC19=31.89|PMC20=32.28|PMC21=32.69|PMC22=33.11|PMVG17=18.2|PMVG18=18.43|PMVG20=18.88
CMED;20260508;medicamento;541822080183407;;;EMS S/A;GRIPEN F;(400 + 4 + 4) MG CAP DURA CT BL AL PLAS PVC/PVDC TRANS X 20;"MALEATO DE CLORFENIRAMINA;PARACETAMOL;CLORIDRATO DE FENILEFRINA";7896004770543;1023514040011;90543394;541822080183407;;N;;28.18;37.8;;;;CMED_ICMS17;20260508;20;PF0=23.39|PF12=26.58|PF18=28.52|PF19=28.88|PF20=29.24|PF21=29.61|PF22=29.99|PMC0=31.38|PMC12=35.66|PMC18=38.26|PMC19=38.74|PMC20=39.22|PMC21=39.72|PMC22=40.23|PMVG17=22.11|PMVG18=22.38|PMVG20=22.95
CMED;20260508;medicamento;541822080183507;;;EMS S/A;GRIPEN F;(400 + 4 + 4) MG CAP DURA CX BL AL PLAS PVC/PVDC TRANS X 100;"MALEATO DE CLORFENIRAMINA;PARACETAMOL;CLORIDRATO DE FENILEFRINA";7896004770550;1023514040038;90543408;541822080183507;;N;;91.84;123.2;;;;CMED_ICMS17;20260508;20;PF0=76.23|PF12=86.63|PF18=92.96|PF19=94.11|PF20=95.29|PF21=96.49|PF22=97.73|PMC0=102.26|PMC12=116.21|PMC18=124.7|PMC19=126.25|PMC20=127.83|PMC21=129.44|PMC22=131.1|PMVG17=72.07|PMVG18=72.94|PMVG20=74.77
CMED;20260508;medicamento;541822080183607;;;EMS S/A;GRIPEN F;(400 + 4 + 4) MG CAP DURA CX BL AL PLAS PVC/PVDC TRANS X 200;"MALEATO DE CLORFENIRAMINA;PARACETAMOL;CLORIDRATO DE FENILEFRINA";7896004770574;1023514040046;90543416;541822080183607;;N;;180.77;242.5;;;;CMED_ICMS17;20260508;20;PF0=150.04|PF12=170.5|PF18=182.98|PF19=185.23|PF20=187.55|PF21=189.92|PF22=192.36|PMC0=201.27|PMC12=228.72|PMC18=245.46|PMC19=248.48|PMC20=251.59|PMC21=254.77|PMC22=258.04|PMVG17=141.85|PMVG18=143.59|PMVG20=147.17
CMED;20260508;medicamento;506304701131414;;;CIFARMA CIENTÍFICA FARMACÊUTICA LTDA;GRIPEOL;(100 + 2 + 2) MG/ML SOL OR CT FR GOT PLAS OPC X 20 ML;"MALEATO DE CLORFENIRAMINA;PARACETAMOL;CLORIDRATO DE FENILEFRINA";7898158691262;1156000610035;90041496;506304701131414;;N;;30.98;41.56;;;;CMED_ICMS17;20260508;20;PF0=25.71|PF12=29.22|PF18=31.35|PF19=31.74|PF20=32.14|PF21=32.54|PF22=32.96|PMC0=34.49|PMC12=39.2|PMC18=42.05|PMC19=42.58|PMC20=43.11|PMC21=43.65|PMC22=44.21|PMVG17=24.31|PMVG18=24.6|PMVG20=25.22
CMED;20260508;medicamento;506304702138412;;;CIFARMA CIENTÍFICA FARMACÊUTICA LTDA;GRIPEOL;(40 + 0,6 + 0,6) MG/ML SOL OR CT FR VD AMB X 100 ML + COP;"MALEATO DE CLORFENIRAMINA;PARACETAMOL;CLORIDRATO DE FENILEFRINA";7898158691279;1156000610116;90041500;506304702138412;;N;;30.98;41.56;;;;CMED_ICMS17;20260508;20;PF0=25.71|PF12=29.22|PF18=31.35|PF19=31.74|PF20=32.14|PF21=32.54|PF22=32.96|PMC0=34.49|PMC12=39.2|PMC18=42.05|PMC19=42.58|PMC20=43.11|PMC21=43.65|PMC22=44.21|PMVG17=24.31|PMVG18=24.6|PMVG20=25.22
CMED;20260508;medicamento;506304703118415;;;CIFARMA CIENTÍFICA FARMACÊUTICA LTDA;GRIPEOL;(400 + 4 + 4) MG CAP DURA CT BL AL PLAS PVC TRANS X 20;"MALEATO DE CLORFENIRAMINA;PARACETAMOL;CLORIDRATO DE FENILEFRINA";7898158691286;1156000610019;90041526;506304703118415;;N;;20.27;27.19;;;;CMED_ICMS17;20260508;20;PF0=16.82|PF12=19.11|PF18=20.51|PF19=20.77|PF20=21.03|PF21=21.29|PF22=21.56|PMC0=22.56|PMC12=25.64|PMC18=27.51|PMC19=27.86|PMC20=28.21|PMC21=28.56|PMC22=28.92|PMVG17=15.91|PMVG18=16.09|PMVG20=16.5
CMED;20260508;medicamento;506304704114413;;;CIFARMA CIENTÍFICA FARMACÊUTICA LTDA;GRIPEOL;(400 + 4 + 4) MG CAP DURA CT BL AL PLAS PVC TRANS X 200;"MALEATO DE CLORFENIRAMINA;PARACETAMOL;CLORIDRATO DE FENILEFRINA";7898158691972;1156000610043;90041518;506304704114413;;N;;269.47;361.48;;;;CMED_ICMS17;20260508;20;PF0=223.66|PF12=254.16|PF18=272.76|PF19=276.12|PF20=279.58|PF21=283.11|PF22=286.74|PMC0=300.03|PMC12=340.95|PMC18=365.9|PMC19=370.41|PMC20=375.05|PMC21=379.78|PMC22=384.65|PMVG17=211.45|PMVG18=214.04|PMVG20=219.39
CMED;20260508;medicamento;506325040045407;;;CIFARMA CIENTÍFICA FARMACÊUTICA LTDA;GRIPEOL;(40 + 0,6 + 0,6) MG/ML SOL OR CT FR PLAS PET AMB X 100 ML + COP;"MALEATO DE CLORFENIRAMINA;PARACETAMOL;CLORIDRATO DE FENILEFRINA";7908020506904;1156000610124;90606655;506325040045407;;N;;27.02;36.25;;;;CMED_ICMS17;20260508;20;PF0=22.43|PF12=25.49|PF18=27.35|PF19=27.69|PF20=28.04|PF21=28.39|PF22=28.76|PMC0=30.09|PMC12=34.19|PMC18=36.69|PMC19=37.15|PMC20=37.61|PMC21=38.08|PMC22=38.58|PMVG17=21.2|PMVG18=21.46|PMVG20=22
CMED;20260508;medicamento;525106502112417;;;MEDQUIMICA INDUSTRIA FARMACEUTICA LTDA.;GRIPINEW;250 MG + 30 MG (VERDE)/ 250 MG + 2 MG (AMARELO) COM REV CT BL AL PLAS PVC TRANS X 10 + 10;"MALEATO DE CLORFENAMINA;CAFEÍNA;DIPIRONA";7896862920029;1091700760015;90266862;525106502112417;;N;;18.63;24.99;;;;CMED_ICMS17;20260508;20;PF0=15.46|PF12=17.57|PF18=18.85|PF19=19.09|PF20=19.33|PF21=19.57|PF22=19.82|PMC0=20.74|PMC12=23.57|PMC18=25.29|PMC19=25.61|PMC20=25.93|PMC21=26.25|PMC22=26.59|PMVG17=14.62|PMVG18=14.79|PMVG20=15.17
CMED;20260508;medicamento;525106503119415;;;MEDQUIMICA INDUSTRIA FARMACEUTICA LTDA.;GRIPINEW;250 MG + 30 MG (VERDE)/ 250 MG + 2 MG (AMARELO) COM REV CT BL AL PLAS PVC TRANS X 75 + 75;"MALEATO DE CLORFENAMINA;CAFEÍNA;DIPIRONA";7896862920067;1091700760031;90266889;525106503119415;;N;;166.89;223.88;;;;CMED_ICMS17;20260508;20;PF0=138.52|PF12=157.41|PF18=168.93|PF19=171.01|PF20=173.15|PF21=175.34|PF22=177.59|PMC0=185.82|PMC12=211.16|PMC18=226.61|PMC19=229.4|PMC20=232.27|PMC21=235.21|PMC22=238.23|PMVG17=130.96|PMVG18=132.56|PMVG20=135.87
CMED;20260508;medicamento;581220030000707;;;LABORATORIO VITALAB LTDA;GUACOVITA;XPE CT FR PLAS OPC X 150 ML + CP MED;"MYROXYLON BALSAMUM HARMS;POLYGALA SENEGA L.;NASTURTIUM OFFICINALE R.BR.;MIKANIA GLOMERATA SPRENG.";7896874720020;1540000360011;90446119;581220030000707;;N;;26.35;35.35;;;;CMED_ICMS17;20260508;20;PF0=21.87|PF12=24.85|PF18=26.67|PF19=27|PF20=27.34|PF21=27.68|PF22=28.04|PMC0=29.34|PMC12=33.34|PMC18=35.78|PMC19=36.22|PMC20=36.68|PMC21=37.13|PMC22=37.61|PMVG17=20.68|PMVG18=20.93|PMVG20=21.45
CMED;20260508;medicamento;504613050016514;;;BRAINFARMA INDÚSTRIA QUÍMICA E FARMACÊUTICA S.A;GUAIFENESINA;13,3 MG/ML XPE FR PLAS INC X 120 ML + COP;GUAIFENESINA;7896714228389;1558403330121;90282779;504613050016514;S;N;;28.54;38.29;;;;CMED_ICMS17;20260508;20;PF0=23.69|PF12=26.92|PF18=28.89|PF19=29.25|PF20=29.61|PF21=29.99|PF22=30.37|PMC0=31.78|PMC12=36.11|PMC18=38.75|PMC19=39.24|PMC20=39.72|PMC21=40.23|PMC22=40.74|PMVG17=22.4|PMVG18=22.67|PMVG20=23.23
CMED;20260508;medicamento;597425110001703;;;CIPLA BRASIL IMPORTADORA E DISTRIBUIDORA DE MEDICAMENTOS LTDA;GULANDARIPA;10 MG/ML SOL INJ SC CT SER PREENC VD TRANS X 3 ML + AGULHA;ACETATO DE ICATIBANTO;8901117311787;1154100230017;90618432;597425110001703;;N;;5876.81;7883.53;;;;CMED_ICMS17;20260508;20;PF0=4877.75|PF12=5542.9|PF18=5948.47|PF19=6021.91|PF20=6097.19|PF21=6174.37|PF22=6253.52|PMC0=6543.33|PMC12=7435.6|PMC18=7979.66|PMC19=8078.18|PMC20=8179.16|PMC21=8282.7|PMC22=8388.87|PMVG17=4611.53|PMVG18=4667.76|PMVG20=4784.47
CMED;20260508;medicamento;532420110029407;;;SUN FARMACÊUTICA DO BRASIL LTDA;GULSHEN;150 MG COM CT BL AL PLAS PVC/PE/PVDC TRANS X 30;ÁCIDO URSODESOXICÓLICO;7898272945920;1468200980068;90492196;532420110029407;;N;;123.31;169.97;;;;CMED_ICMS17;20260508;20;PF0=102.35|PF12=116.31|PF18=124.82|PF19=126.36|PF20=127.94|PF21=129.56|PF22=131.22|PMC0=141.08|PMC12=160.32|PMC18=172.05|PMC19=174.17|PMC20=176.35|PMC21=178.58|PMC22=180.87|PMVG17=96.76|PMVG18=97.95|PMVG20=100.4
CMED;20260508;medicamento;532420110029807;;;SUN FARMACÊUTICA DO BRASIL LTDA;GULSHEN;300 MG COM CT BL AL PLAS PVC/PE/PVDC TRANS X 30;ÁCIDO URSODESOXICÓLICO;7898272945968;1468200980149;90492234;532420110029807;;N;;243.8;336.05;;;;CMED_ICMS17;20260508;20;PF0=202.35|PF12=229.94|PF18=246.77|PF19=249.81|PF20=252.94|PF21=256.14|PF22=259.42|PMC0=278.92|PMC12=316.95|PMC18=340.15|PMC19=344.34|PMC20=348.65|PMC21=353.06|PMC22=357.58|PMVG17=191.31|PMVG18=193.64|PMVG20=198.48
CMED;20260508;medicamento;615324020004517;;;OPELLA HEALTHCARE BRAZIL LTDA;GUTTALAX;7,5 MG/ML SOL OR CT FR GOT PLAS PEAD OPC X 30 ML;PICOSSULFATO DE SÓDIO MONOIDRATADO;7891058021689;1862000160020;90579690;615324020004517;;N;;34.77;46.64;;;;CMED_ICMS17;20260508;20;PF0=28.86|PF12=32.8|PF18=35.2|PF19=35.63|PF20=36.08|PF21=36.53|PF22=37|PMC0=38.71|PMC12=44|PMC18=47.22|PMC19=47.8|PMC20=48.4|PMC21=49|PMC22=49.63|PMVG17=27.28|PMVG18=27.62|PMVG20=28.31
CMED;20260508;medicamento;531601501162317;;;EMS SIGMA PHARMA LTDA;GYNAZOLE-1;20 MG/G CREM VAG CT ENVOL APLIC PREENC PLAS TRANS X 5 G;NITRATO DE BUTOCONAZOL;7894916501804;1356900280018;90062876;531601501162317;;N;;89.28;119.77;;;;CMED_ICMS17;20260508;20;PF0=74.1|PF12=84.2|PF18=90.37|PF19=91.48|PF20=92.63|PF21=93.8|PF22=95|PMC0=99.4|PMC12=112.95|PMC18=121.23|PMC19=122.72|PMC20=124.26|PMC21=125.83|PMC22=127.44|PMVG17=70.06|PMVG18=70.91|PMVG20=72.69
CMED;20260508;medicamento;538913120022513;;;BAYER S.A.;GYNO-ICADEN;10 MG/G CREM VAG CT BG X 40 G + 7 APLIC;NITRATO DE ISOCONAZOL;7891106910163;1705600990010;90292596;538913120022513;;N;;79.42;106.54;;;;CMED_ICMS17;20260508;20;PF0=65.92|PF12=74.91|PF18=80.39|PF19=81.38|PF20=82.4|PF21=83.44|PF22=84.51|PMC0=88.43|PMC12=100.49|PMC18=107.84|PMC19=109.17|PMC20=110.54|PMC21=111.93|PMC22=113.37|PMVG17=62.32|PMVG18=63.08|PMVG20=64.66
CMED;20260508;medicamento;538913120022613;;;BAYER S.A.;GYNO-ICADEN;600 MG OVL CT STR X 1 + DEDEIRA;NITRATO DE ISOCONAZOL;7501303484151;1705600990045;90292600;538913120022613;;N;;90.08;120.84;;;;CMED_ICMS17;20260508;20;PF0=74.77|PF12=84.97|PF18=91.18|PF19=92.31|PF20=93.46|PF21=94.65|PF22=95.86|PMC0=100.3|PMC12=113.98|PMC18=122.31|PMC19=123.83|PMC20=125.37|PMC21=126.97|PMC22=128.59|PMVG17=70.69|PMVG18=71.55|PMVG20=73.34
CMED;20260508;medicamento;509002101160414;;;FARMOQUÍMICA S/A;GYNOMAX;(20,0 + 30,0) MG/G CREM VAG CT BG AL X 35 G + 7 APLIC;"TINIDAZOL;TIOCONAZOL";7898040320027;1039001150015;90074165;509002101160414;;N;;82.13;110.17;;;;CMED_ICMS17;20260508;20;PF0=68.17|PF12=77.47|PF18=83.13|PF19=84.16|PF20=85.21|PF21=86.29|PF22=87.4|PMC0=91.45|PMC12=103.92|PMC18=111.52|PMC19=112.9|PMC20=114.31|PMC21=115.75|PMC22=117.24|PMVG17=64.45|PMVG18=65.23|PMVG20=66.86
CMED;20260508;medicamento;509003701171415;;;FARMOQUÍMICA S/A;GYNOPAC;1000 MG COM REV CT BL AL PLAS TRANS X 2 + 100 MG/5G + 150 MG/5G CREM VAG CT BG AL 35 G + 7 APLIC;"TINIDAZOL;TIOCONAZOL;SECNIDAZOL";7898040321406;1039001650018;90074173;509003701171415;;N;;90.76;121.75;;;;CMED_ICMS17;20260508;20;PF0=75.33|PF12=85.6|PF18=91.87|PF19=93|PF20=94.16|PF21=95.35|PF22=96.58|PMC0=101.05|PMC12=114.83|PMC18=123.24|PMC19=124.76|PMC20=126.31|PMC21=127.91|PMC22=129.56|PMVG17=71.22|PMVG18=72.09|PMVG20=73.89
CMED;20260508;medicamento;509003901179411;;;FARMOQUÍMICA S/A;GYNOPAC;1000 MG COM REV CT BL AL PLAS TRANS X 4 + 100 MG/5G + 150 MG/5G CREM VAG CT BG AL 35 G + 7 APLIC;"TINIDAZOL;TIOCONAZOL;SECNIDAZOL";7898040321550;1039001650026;90074181;509003901179411;;N;;100.7;135.09;;;;CMED_ICMS17;20260508;20;PF0=83.58|PF12=94.98|PF18=101.93|PF19=103.19|PF20=104.48|PF21=105.8|PF22=107.15|PMC0=112.12|PMC12=127.41|PMC18=136.74|PMC19=138.43|PMC20=140.16|PMC21=141.93|PMC22=143.74|PMVG17=79.02|PMVG18=79.99|PMVG20=81.99
CMED;20260508;medicamento;565619030000417;;;EXELTIS LABORATORIO FARMACEUTICO LTDA;GYNOTRAN;(750+ 200) MG OVL VAG CT STR PVC OPC X 7 + 14 DEDEIRAS;"NITRATO DE MICONAZOL;METRONIDAZOL";7908134200019;1356400050021;90432339;565619030000417;;N;;93.75;125.76;;;;CMED_ICMS17;20260508;20;PF0=77.81|PF12=88.42|PF18=94.89|PF19=96.06|PF20=97.26|PF21=98.49|PF22=99.76|PMC0=104.38|PMC12=118.61|PMC18=127.29|PMC19=128.86|PMC20=130.47|PMC21=132.12|PMC22=133.82|PMVG17=73.57|PMVG18=74.46|PMVG20=76.32
CMED;20260508;medicamento;565620070001407;;;EXELTIS LABORATORIO FARMACEUTICO LTDA;GYNPRO;200 MG CAP MOLE OR/VAG CT BL AL PLAS PVC/PE/PVDC TRANSL X 15;PROGESTERONA;7908134200415;1356400080044;90488202;565620070001407;;N;;63.94;88.13;;;;CMED_ICMS17;20260508;20;PF0=53.07|PF12=60.31|PF18=64.72|PF19=65.52|PF20=66.34|PF21=67.18|PF22=68.04|PMC0=73.15|PMC12=83.13|PMC18=89.21|PMC19=90.31|PMC20=91.44|PMC21=92.6|PMC22=93.79|PMVG17=50.17|PMVG18=50.79|PMVG20=52.06
CMED;20260508;medicamento;565620070001507;;;EXELTIS LABORATORIO FARMACEUTICO LTDA;GYNPRO;100 MG CAP MOLE OR/VAG CT BL AL PLAS PVC/PE/PVDC TRANSL X 30;PROGESTERONA;7908134200392;1356400080028;90488210;565620070001507;;N;;63.89;88.07;;;;CMED_ICMS17;20260508;20;PF0=53.03|PF12=60.26|PF18=64.67|PF19=65.47|PF20=66.29|PF21=67.13|PF22=67.99|PMC0=73.1|PMC12=83.06|PMC18=89.14|PMC19=90.24|PMC20=91.37|PMC21=92.53|PMC22=93.72|PMVG17=50.13|PMVG18=50.75|PMVG20=52.02
CMED;20260508;medicamento;565620070001707;;;EXELTIS LABORATORIO FARMACEUTICO LTDA;GYNPRO;200 MG CAP MOLE OR/VAG CT BL AL PLAS PVC/PE/PVDC TRANSL X 30;PROGESTERONA;7908134200422;1356400080052;90488237;565620070001707;;N;;127.76;176.1;;;;CMED_ICMS17;20260508;20;PF0=106.04|PF12=120.5|PF18=129.32|PF19=130.91|PF20=132.55|PF21=134.23|PF22=135.95|PMC0=146.17|PMC12=166.1|PMC18=178.25|PMC19=180.45|PMC20=182.71|PMC21=185.02|PMC22=187.39|PMVG17=100.25|PMVG18=101.48|PMVG20=104.01
