fonte;edicao;tipo_item;codigo_fonte;tabela_fonte;chave_fonte;laboratorio;produto;apresentacao;principio_ativo;ean;registro_anvisa;codigo_tuss;ggrem;generico;restrito_hospitalar;qtd_embalagem;pf_total;pmc_total;pf_unit;pmc_unit;preco_ref;tipo_preco;vigencia;tabela87_sugerida;precos_extra
CMED;20260508;medicamento;504623110095404;;;BRAINFARMA INDÚSTRIA QUÍMICA E FARMACÊUTICA S.A;PABEXHY;40 MG PO LIOF SOL INJ IV/IM CT 10 FA VD TRANS;PARECOXIBE SÓDICO;7896714294292;1558406600014;90574443;504623110095404;;S;;718.07;;;;;CMED_ICMS17;20260508;20;PF0=596|PF12=677.27|PF18=726.83|PF19=735.8|PF20=745|PF21=754.43|PF22=764.1|PMVG17=563.47|PMVG18=570.34|PMVG20=584.6
CMED;20260508;medicamento;504413120035206;;;BLAU FARMACEUTICA S.A.;PACLITAXEL;6 MG/ML SOL INJ IV CT 1 FA VD AMB X 5ML;PACLITAXEL;7896014663866;1163701260017;90294009;504413120035206;S;S;;;;;;;CMED_ICMS17;20260508;20;PF0=703.78
CMED;20260508;medicamento;504413120035306;;;BLAU FARMACEUTICA S.A.;PACLITAXEL;6 MG/ML SOL INJ IV CT 1 FA VD AMB X 16,7ML;PACLITAXEL;7896014663903;1163701260025;90294017;504413120035306;S;S;;;;;;;CMED_ICMS17;20260508;20;PF0=2345.98
CMED;20260508;medicamento;504413120035406;;;BLAU FARMACEUTICA S.A.;PACLITAXEL;6 MG/ML SOL INJ IV CT 1 FA VD AMB X 50ML;PACLITAXEL;7896014663941;1163701260033;90294025;504413120035406;S;S;;;;;;;CMED_ICMS17;20260508;20;PF0=6440.13
CMED;20260508;medicamento;504413120035606;;;BLAU FARMACEUTICA S.A.;PACLITAXEL;6 MG/ML SOL INJ IV CX 5 FA VD AMB X 16,7ML;PACLITAXEL;7896014663910;1163701260051;90294041;504413120035606;S;S;;;;;;;CMED_ICMS17;20260508;20;PF0=11730.01
CMED;20260508;medicamento;504413120035906;;;BLAU FARMACEUTICA S.A.;PACLITAXEL;6 MG/ML SOL INJ IV CX 10 FA VD AMB X 16,7ML;PACLITAXEL;7896014663927;1163701260084;90294076;504413120035906;S;S;;;;;;;CMED_ICMS17;20260508;20;PF0=23460.07
CMED;20260508;medicamento;504413120036206;;;BLAU FARMACEUTICA S.A.;PACLITAXEL;6 MG/ML SOL INJ IV CX 20 FA VD AMB X 16,7ML;PACLITAXEL;7896014663934;1163701260114;90294106;504413120036206;S;S;;;;;;;CMED_ICMS17;20260508;20;PF0=46920.06
CMED;20260508;medicamento;508010305154116;;;EUROFARMA LABORATORIOS S.A.;PACLITAXEL;6 MG/ML SOL INJ CT 20 FA VD TRANS X 16,7 ML;PACLITAXEL;7891317470586;1004308990089;90069994;508010305154116;S;S;;;;;;;CMED_ICMS17;20260508;20;PF0=45327.37
CMED;20260508;medicamento;508010306150114;;;EUROFARMA LABORATORIOS S.A.;PACLITAXEL;6 MG/ML SOL INJ CT 20 FA VD TRANS X 5 ML;PACLITAXEL;7891317470579;1004308990070;90070003;508010306150114;S;S;;;;;;;CMED_ICMS17;20260508;20;PF0=13597.79
CMED;20260508;medicamento;508022080166906;;;EUROFARMA LABORATORIOS S.A.;PACLITAXEL;6 MG/ML SOL INJ CT FA VD TRANS X 5 ML;PACLITAXEL;7891317023584;1004308990011;90542541;508022080166906;S;S;;;;;;;CMED_ICMS17;20260508;20;PF0=679.89
CMED;20260508;medicamento;508022080167006;;;EUROFARMA LABORATORIOS S.A.;PACLITAXEL;6 MG/ML SOL INJ CT FA VD TRANS X 16,7 ML;PACLITAXEL;7891317023591;1004308990021;90542550;508022080167006;S;S;;;;;;;CMED_ICMS17;20260508;20;PF0=2266.37
CMED;20260508;medicamento;509516050031006;;;FRESENIUS KABI BRASIL LTDA;PACLITAXEL;6 MG/ ML SOL INJ IV CT FA VD INC X 5 ML;PACLITAXEL;7897947702080;1004101550012;90349474;509516050031006;S;S;;;;;;;CMED_ICMS17;20260508;20;PF0=703.7
CMED;20260508;medicamento;509516050031106;;;FRESENIUS KABI BRASIL LTDA;PACLITAXEL;6 MG/ ML SOL INJ IV CT 5 FA VD INC X 5 ML;PACLITAXEL;7897947702097;1004101550020;90349482;509516050031106;S;S;;;;;;;CMED_ICMS17;20260508;20;PF0=3518.82
CMED;20260508;medicamento;509516050031206;;;FRESENIUS KABI BRASIL LTDA;PACLITAXEL;6 MG/ ML SOL INJ IV CT FA VD INC X 16,7 ML;PACLITAXEL;7897947702103;1004101550039;90349490;509516050031206;S;S;;;;;;;CMED_ICMS17;20260508;20;PF0=2345.98
CMED;20260508;medicamento;509516050031306;;;FRESENIUS KABI BRASIL LTDA;PACLITAXEL;6 MG/ ML SOL INJ IV CT FA VD INC X 5O ML;PACLITAXEL;7897947702127;1004101550047;90349504;509516050031306;S;S;;;;;;;CMED_ICMS17;20260508;20;PF0=7038.14
CMED;20260508;medicamento;538000401152117;;;ACCORD FARMACÊUTICA LTDA;PACLITAXEL;6 MG/ML SOL INJ IV CT FA VD TRANS X 16,7 ML;PACLITAXEL;7898902274390;1553700040021;90002504;538000401152117;S;S;;;;;;;CMED_ICMS17;20260508;20;PF0=2266.33
CMED;20260508;medicamento;538000402159115;;;ACCORD FARMACÊUTICA LTDA;PACLITAXEL;6 MG/ML SOL INJ IV CT FA VD TRANS X 5 ML;PACLITAXEL;7898902274383;1553700040011;90002520;538000402159115;S;S;;;;;;;CMED_ICMS17;20260508;20;PF0=679.82
CMED;20260508;medicamento;538000403155113;;;ACCORD FARMACÊUTICA LTDA;PACLITAXEL;6 MG/ML SOL INJ IV CT FA VD TRANS X 50 ML;PACLITAXEL;7898902274413;1553700040038;90002512;538000403155113;S;S;;;;;;;CMED_ICMS17;20260508;20;PF0=6799.13
CMED;20260508;medicamento;508016100113503;;;EUROFARMA LABORATORIOS S.A.;PACO;500MG + 30MG COM CT BL AL PVC/PCTFE TRANS X 12;"PARACETAMOL;FOSFATO DE CODEÍNA";7891317000035;1004310120088;90371666;508016100113503;;N;;25.9;34.74;;;;CMED_ICMS17;20260508;20;PF0=21.5|PF12=24.43|PF18=26.22|PF19=26.54|PF20=26.88|PF21=27.22|PF22=27.56|PMC0=28.84|PMC12=32.77|PMC18=35.17|PMC19=35.6|PMC20=36.06|PMC21=36.51|PMC22=36.97|PMVG17=20.32|PMVG18=20.57|PMVG20=21.09
CMED;20260508;medicamento;508016100113603;;;EUROFARMA LABORATORIOS S.A.;PACO;500MG + 30MG COM CT BL AL PVC/PCTFE TRANS X 24;"PARACETAMOL;FOSFATO DE CODEÍNA";7891317000042;1004310120096;90371674;508016100113603;;N;;47.05;63.12;;;;CMED_ICMS17;20260508;20;PF0=39.05|PF12=44.38|PF18=47.62|PF19=48.21|PF20=48.81|PF21=49.43|PF22=50.06|PMC0=52.38|PMC12=59.53|PMC18=63.88|PMC19=64.67|PMC20=65.48|PMC21=66.31|PMC22=67.15|PMVG17=36.92|PMVG18=37.37|PMVG20=38.3
CMED;20260508;medicamento;508016100113703;;;EUROFARMA LABORATORIOS S.A.;PACO;500MG + 30MG COM CT BL AL PVC/PCTFE TRANS X 36;"PARACETAMOL;FOSFATO DE CODEÍNA";7891317000134;1004310120101;90371690;508016100113703;;N;;61.59;82.62;;;;CMED_ICMS17;20260508;20;PF0=51.12|PF12=58.09|PF18=62.34|PF19=63.11|PF20=63.9|PF21=64.71|PF22=65.54|PMC0=68.58|PMC12=77.93|PMC18=83.63|PMC19=84.66|PMC20=85.72|PMC21=86.81|PMC22=87.92|PMVG17=48.33|PMVG18=48.92|PMVG20=50.14
CMED;20260508;medicamento;508021100143303;;;EUROFARMA LABORATORIOS S.A.;PACO;500MG + 30MG COM CT BL AL PVC/PCTFE TRANS X 48;"PARACETAMOL;FOSFATO DE CODEÍNA";7891317017880;1004310120118;90518047;508021100143303;;N;;81.92;109.89;;;;CMED_ICMS17;20260508;20;PF0=67.99|PF12=77.26|PF18=82.91|PF19=83.94|PF20=84.99|PF21=86.06|PF22=87.17|PMC0=91.21|PMC12=103.64|PMC18=111.22|PMC19=112.6|PMC20=114.01|PMC21=115.45|PMC22=116.94|PMVG17=64.28|PMVG18=65.06|PMVG20=66.69
CMED;20260508;medicamento;522726030095517;;;PFIZER BRASIL LTDA;PADCEV;20 MG PO LIOF SOL INJ IV CT FA VD TRANS;ENFORTUMABE VEDOTINA;7891045166836;1211005010016;;522726030095517;;S;;4869.3;;;;;CMED_ICMS17;20260508;20;PF0=4041.52|PF12=4592.64|PF18=4928.68|PF19=4989.53|PF20=5051.9|PF21=5115.85|PF22=5181.43|PMVG17=3820.94|PMVG18=3867.53|PMVG20=3964.23
CMED;20260508;medicamento;522726030095617;;;PFIZER BRASIL LTDA;PADCEV;30 MG PO LIOF SOL INJ IV CT FA VD TRANS;ENFORTUMABE VEDOTINA;7891045166843;1211005010024;;522726030095617;;S;;7305.66;;;;;CMED_ICMS17;20260508;20;PF0=6063.7|PF12=6890.57|PF18=7394.75|PF19=7486.05|PF20=7579.63|PF21=7675.57|PF22=7773.97|PMVG17=5732.75|PMVG18=5802.66|PMVG20=5947.74
CMED;20260508;medicamento;534222090028801;;;ADIUM S.A.;PADCEV;30 MG PO LIOF SOL INJ IV CT FA VD TRANS;ENFORTUMABE VEDOTINA;7892953207918;1221401190022;90548361;534222090028801;;S;;7305.44;;;;;CMED_ICMS17;20260508;20;PF0=6063.52|PF12=6890.37|PF18=7394.54|PF19=7485.83|PF20=7579.4|PF21=7675.34|PF22=7773.74|PMVG17=5732.58|PMVG18=5802.5|PMVG20=5947.56
CMED;20260508;medicamento;534222090028901;;;ADIUM S.A.;PADCEV;20 MG PO LIOF SOL INJ IV CT FA VD TRANS;ENFORTUMABE VEDOTINA;7892953207901;1221401190014;90548353;534222090028901;;S;;4869.16;;;;;CMED_ICMS17;20260508;20;PF0=4041.4|PF12=4592.5|PF18=4928.54|PF19=4989.38|PF20=5051.75|PF21=5115.7|PF22=5181.28|PMVG17=3820.83|PMVG18=3867.43|PMVG20=3964.11
CMED;20260508;medicamento;507525080026706;;;DR. REDDYS FARMACÊUTICA DO BRASIL LTDA;PALBOCICLIBE;75 MG CAP DURA CT BL AL AL DESSEC X 7;PALBOCICLIBE;8901148275737;1514300840011;90612639;507525080026706;S;N;;2003.87;2688.12;;;;CMED_ICMS17;20260508;20;PF0=1663.21|PF12=1890.01|PF18=2028.3|PF19=2053.35|PF20=2079.01|PF21=2105.33|PF22=2132.32|PMC0=2231.14|PMC12=2535.38|PMC18=2720.89|PMC19=2754.5|PMC20=2788.92|PMC21=2824.23|PMC22=2860.43|PMVG17=1572.44|PMVG18=1591.61|PMVG20=1631.4
CMED;20260508;medicamento;507525080026806;;;DR. REDDYS FARMACÊUTICA DO BRASIL LTDA;PALBOCICLIBE;75 MG CAP DURA CT BL AL AL DESSEC X 10;PALBOCICLIBE;8901148275751;1514300840028;90612647;507525080026806;S;N;;2862.69;3840.2;;;;CMED_ICMS17;20260508;20;PF0=2376.03|PF12=2700.03|PF18=2897.6|PF19=2933.37|PF20=2970.04|PF21=3007.63|PF22=3046.19|PMC0=3187.36|PMC12=3621.99|PMC18=3887.03|PMC19=3935.01|PMC20=3984.2|PMC21=4034.63|PMC22=4086.36|PMVG17=2246.35|PMVG18=2273.75|PMVG20=2330.59
CMED;20260508;medicamento;507525080026906;;;DR. REDDYS FARMACÊUTICA DO BRASIL LTDA;PALBOCICLIBE;75 MG CAP DURA CT BL AL AL DESSEC X 14;PALBOCICLIBE;8901148275744;1514300840036;90612655;507525080026906;S;N;;4007.76;5376.27;;;;CMED_ICMS17;20260508;20;PF0=3326.44|PF12=3780.05|PF18=4056.63|PF19=4106.72|PF20=4158.05|PF21=4210.68|PF22=4264.67|PMC0=4462.3|PMC12=5070.8|PMC18=5441.82|PMC19=5509.02|PMC20=5577.88|PMC21=5648.48|PMC22=5720.9|PMVG17=3144.89|PMVG18=3183.24|PMVG20=3262.82
CMED;20260508;medicamento;507525080027006;;;DR. REDDYS FARMACÊUTICA DO BRASIL LTDA;PALBOCICLIBE;75 MG CAP DURA CT BL AL AL DESSEC X 21;PALBOCICLIBE;8901148275713;1514300840044;90612663;507525080027006;S;N;;6011.63;8064.39;;;;CMED_ICMS17;20260508;20;PF0=4989.65|PF12=5670.06|PF18=6084.94|PF19=6160.06|PF20=6237.06|PF21=6316.01|PF22=6396.99|PMC0=6693.44|PMC12=7606.18|PMC18=8162.73|PMC19=8263.5|PMC20=8366.79|PMC21=8472.7|PMC22=8581.33|PMVG17=4717.33|PMVG18=4774.85|PMVG20=4894.22
CMED;20260508;medicamento;507525080027106;;;DR. REDDYS FARMACÊUTICA DO BRASIL LTDA;PALBOCICLIBE;75 MG CAP DURA CT FR PLAS PEAD OPC X 21 + DESSEC;PALBOCICLIBE;8901148275720;1514300840052;90612671;507525080027106;S;N;;6011.63;8064.39;;;;CMED_ICMS17;20260508;20;PF0=4989.65|PF12=5670.06|PF18=6084.94|PF19=6160.06|PF20=6237.06|PF21=6316.01|PF22=6396.99|PMC0=6693.44|PMC12=7606.18|PMC18=8162.73|PMC19=8263.5|PMC20=8366.79|PMC21=8472.7|PMC22=8581.33|PMVG17=4717.33|PMVG18=4774.85|PMVG20=4894.22
CMED;20260508;medicamento;507525080027206;;;DR. REDDYS FARMACÊUTICA DO BRASIL LTDA;PALBOCICLIBE;100 MG CAP DURA CT BL AL AL DESSEC X 7;PALBOCICLIBE;8901148275256;1514300840060;90612680;507525080027206;S;N;;2879.65;3862.95;;;;CMED_ICMS17;20260508;20;PF0=2390.11|PF12=2716.03|PF18=2914.77|PF19=2950.75|PF20=2987.64|PF21=3025.46|PF22=3064.24|PMC0=3206.25|PMC12=3643.46|PMC18=3910.06|PMC19=3958.33|PMC20=4007.81|PMC21=4058.55|PMC22=4110.57|PMVG17=2259.66|PMVG18=2287.22|PMVG20=2344.4
CMED;20260508;medicamento;507525080027306;;;DR. REDDYS FARMACÊUTICA DO BRASIL LTDA;PALBOCICLIBE;100 MG CAP DURA CT BL AL AL DESSEC X 10;PALBOCICLIBE;8901148275362;1514300840079;90612698;507525080027306;S;N;;4113.78;5518.49;;;;CMED_ICMS17;20260508;20;PF0=3414.44|PF12=3880.05|PF18=4163.95|PF19=4215.36|PF20=4268.05|PF21=4322.08|PF22=4377.49|PMC0=4580.35|PMC12=5204.95|PMC18=5585.79|PMC19=5654.76|PMC20=5725.44|PMC21=5797.92|PMC22=5872.25|PMVG17=3228.08|PMVG18=3267.45|PMVG20=3349.14
CMED;20260508;medicamento;507525080027406;;;DR. REDDYS FARMACÊUTICA DO BRASIL LTDA;PALBOCICLIBE;100 MG CAP DURA CT BL AL AL DESSEC X 14;PALBOCICLIBE;8901148275249;1514300840087;90612701;507525080027406;S;N;;5759.3;7725.9;;;;CMED_ICMS17;20260508;20;PF0=4780.22|PF12=5432.07|PF18=5829.54|PF19=5901.51|PF20=5975.28|PF21=6050.91|PF22=6128.49|PMC0=6412.49|PMC12=7286.93|PMC18=7820.12|PMC19=7916.67|PMC20=8015.63|PMC21=8117.08|PMC22=8221.15|PMVG17=4519.32|PMVG18=4574.44|PMVG20=4688.8
CMED;20260508;medicamento;507525080027506;;;DR. REDDYS FARMACÊUTICA DO BRASIL LTDA;PALBOCICLIBE;100 MG CAP DURA CT BL AL AL DESSEC X 21;PALBOCICLIBE;8901148275270;1514300840095;90612710;507525080027506;S;N;;8638.95;11588.84;;;;CMED_ICMS17;20260508;20;PF0=7170.33|PF12=8148.1|PF18=8744.3|PF19=8852.26|PF20=8962.91|PF21=9076.37|PF22=9192.73|PMC0=9618.74|PMC12=10930.39|PMC18=11730.17|PMC19=11874.99|PMC20=12023.42|PMC21=12175.63|PMC22=12331.72|PMVG17=6778.98|PMVG18=6861.65|PMVG20=7033.19
CMED;20260508;medicamento;507525080027606;;;DR. REDDYS FARMACÊUTICA DO BRASIL LTDA;PALBOCICLIBE;100 MG CAP DURA CT FR PLAS PEAD OPC X 21 + DESSEC;PALBOCICLIBE;8901148275263;1514300840109;90612728;507525080027606;S;N;;8638.95;11588.84;;;;CMED_ICMS17;20260508;20;PF0=7170.33|PF12=8148.1|PF18=8744.3|PF19=8852.26|PF20=8962.91|PF21=9076.37|PF22=9192.73|PMC0=9618.74|PMC12=10930.39|PMC18=11730.17|PMC19=11874.99|PMC20=12023.42|PMC21=12175.63|PMC22=12331.72|PMVG17=6778.98|PMVG18=6861.65|PMVG20=7033.19
CMED;20260508;medicamento;507525080027706;;;DR. REDDYS FARMACÊUTICA DO BRASIL LTDA;PALBOCICLIBE;125 MG CAP DURA CT BL AL AL DESSEC X 7;PALBOCICLIBE;8901148275300;1514300840117;90612736;507525080027706;S;N;;4007.76;5376.27;;;;CMED_ICMS17;20260508;20;PF0=3326.44|PF12=3780.05|PF18=4056.63|PF19=4106.72|PF20=4158.05|PF21=4210.68|PF22=4264.67|PMC0=4462.3|PMC12=5070.8|PMC18=5441.82|PMC19=5509.02|PMC20=5577.88|PMC21=5648.48|PMC22=5720.9|PMVG17=3144.89|PMVG18=3183.24|PMVG20=3262.82
CMED;20260508;medicamento;507525080027806;;;DR. REDDYS FARMACÊUTICA DO BRASIL LTDA;PALBOCICLIBE;125 MG CAP DURA CT BL AL AL DESSEC X 10;PALBOCICLIBE;8901148275294;1514300840125;90612744;507525080027806;S;N;;5725.37;7680.38;;;;CMED_ICMS17;20260508;20;PF0=4752.06|PF12=5400.07|PF18=5795.19|PF19=5866.74|PF20=5940.08|PF21=6015.27|PF22=6092.38|PMC0=6374.72|PMC12=7244|PMC18=7774.04|PMC19=7870.02|PMC20=7968.41|PMC21=8069.27|PMC22=8172.71|PMVG17=4492.7|PMVG18=4547.48|PMVG20=4661.18
CMED;20260508;medicamento;507525080027906;;;DR. REDDYS FARMACÊUTICA DO BRASIL LTDA;PALBOCICLIBE;125 MG CAP DURA CT BL AL AL DESSEC X 14;PALBOCICLIBE;8901148275287;1514300840133;90612752;507525080027906;S;N;;8015.52;10752.53;;;;CMED_ICMS17;20260508;20;PF0=6652.88|PF12=7560.09|PF18=8113.27|PF19=8213.43|PF20=8316.1|PF21=8421.37|PF22=8529.33|PMC0=8924.6|PMC12=10141.59|PMC18=10883.66|PMC19=11018.02|PMC20=11155.75|PMC21=11296.97|PMC22=11441.79|PMVG17=6289.78|PMVG18=6366.48|PMVG20=6525.64
CMED;20260508;medicamento;507525080028006;;;DR. REDDYS FARMACÊUTICA DO BRASIL LTDA;PALBOCICLIBE;125 MG CAP DURA CT BL AL AL DESSEC X 21;PALBOCICLIBE;8901148275324;1514300840141;90612760;507525080028006;S;N;;12023.27;16128.79;;;;CMED_ICMS17;20260508;20;PF0=9979.32|PF12=11340.14|PF18=12169.9|PF19=12320.15|PF20=12474.15|PF21=12632.05|PF22=12794|PMC0=13386.9|PMC12=15212.39|PMC18=16325.49|PMC19=16527.04|PMC20=16733.63|PMC21=16945.45|PMC22=17162.7|PMVG17=9434.66|PMVG18=9549.72|PMVG20=9788.47
CMED;20260508;medicamento;507525080028106;;;DR. REDDYS FARMACÊUTICA DO BRASIL LTDA;PALBOCICLIBE;125 MG CAP DURA CT FR PLAS PEAD OPC X 21 + DESSEC;PALBOCICLIBE;8901148275317;1514300840151;90612779;507525080028106;S;N;;12023.27;16128.79;;;;CMED_ICMS17;20260508;20;PF0=9979.32|PF12=11340.14|PF18=12169.9|PF19=12320.15|PF20=12474.15|PF21=12632.05|PF22=12794|PMC0=13386.9|PMC12=15212.39|PMC18=16325.49|PMC19=16527.04|PMC20=16733.63|PMC21=16945.45|PMC22=17162.7|PMVG17=9434.66|PMVG18=9549.72|PMVG20=9788.47
CMED;20260508;medicamento;597425040001106;;;CIPLA BRASIL IMPORTADORA E DISTRIBUIDORA DE MEDICAMENTOS LTDA;PALBOCICLIBE;75 MG CAP DURA CT FR PLAS PEAD OPC X 21;PALBOCICLIBE;8901117307919;1154100210016;90607031;597425040001106;S;N;;;;;;;CMED_ICMS17;20260508;20;PF0=4808.87|PMC0=6450.93
CMED;20260508;medicamento;597425040001206;;;CIPLA BRASIL IMPORTADORA E DISTRIBUIDORA DE MEDICAMENTOS LTDA;PALBOCICLIBE;100 MG CAP DURA CT FR PLAS PEAD OPC X 21;PALBOCICLIBE;8901117307926;1154100210024;90607040;597425040001206;S;N;;;;;;;CMED_ICMS17;20260508;20;PF0=6910.54|PMC0=9270.24
CMED;20260508;medicamento;597425040001306;;;CIPLA BRASIL IMPORTADORA E DISTRIBUIDORA DE MEDICAMENTOS LTDA;PALBOCICLIBE;125 MG CAP DURA CT FR PLAS PEAD OPC X 21;PALBOCICLIBE;8901117307933;1154100210032;90607058;597425040001306;S;N;;;;;;;CMED_ICMS17;20260508;20;PF0=9617.75|PMC0=12901.87
CMED;20260508;medicamento;542821080008703;;;GRÜNENTHAL DO BRASIL FARMACÊUTICA LTDA.;PALEXIS;50 MG COM REV CT BL AL PLAS PVC/PVDC OPC X 30;CLORIDRATO DE TAPENTADOL;7898582382262;1861000180041;90522583;542821080008703;;N;;107.7;144.48;;;;CMED_ICMS17;20260508;20;PF0=89.39|PF12=101.58|PF18=109.01|PF19=110.36|PF20=111.74|PF21=113.15|PF22=114.6|PMC0=119.91|PMC12=136.27|PMC18=146.23|PMC19=148.04|PMC20=149.9|PMC21=151.79|PMC22=153.73|PMVG17=84.51|PMVG18=85.54|PMVG20=87.68
CMED;20260508;medicamento;542821080008803;;;GRÜNENTHAL DO BRASIL FARMACÊUTICA LTDA.;PALEXIS;50 MG COM REV CT BL AL PLAS PVC/PVDC OPC X 60;CLORIDRATO DE TAPENTADOL;7898582382279;1861000180058;90522591;542821080008803;;N;;215.4;288.95;;;;CMED_ICMS17;20260508;20;PF0=178.78|PF12=203.16|PF18=218.02|PF19=220.72|PF20=223.48|PF21=226.3|PF22=229.21|PMC0=239.83|PMC12=272.53|PMC18=292.47|PMC19=296.09|PMC20=299.79|PMC21=303.57|PMC22=307.48|PMVG17=169.02|PMVG18=171.08|PMVG20=175.37
CMED;20260508;medicamento;542821080008903;;;GRÜNENTHAL DO BRASIL FARMACÊUTICA LTDA.;PALEXIS;75 MG COM REV CT BL AL PLAS PVC/PVDC OPC X 10;CLORIDRATO DE TAPENTADOL;7898582382286;1861000180074;90522605;542821080008903;;N;;68.66;92.1;;;;CMED_ICMS17;20260508;20;PF0=56.99|PF12=64.76|PF18=69.5|PF19=70.36|PF20=71.24|PF21=72.14|PF22=73.06|PMC0=76.45|PMC12=86.87|PMC18=93.23|PMC19=94.39|PMC20=95.57|PMC21=96.77|PMC22=98.01|PMVG17=53.88|PMVG18=54.54|PMVG20=55.9
CMED;20260508;medicamento;542821080009003;;;GRÜNENTHAL DO BRASIL FARMACÊUTICA LTDA.;PALEXIS;50 MG COM REV CT BL AL PLAS PVC/PVDC OPC X 10;CLORIDRATO DE TAPENTADOL;7898582382255;1861000180023;90522575;542821080009003;;N;;35.9;48.16;;;;CMED_ICMS17;20260508;20;PF0=29.8|PF12=33.86|PF18=36.34|PF19=36.79|PF20=37.25|PF21=37.72|PF22=38.21|PMC0=39.98|PMC12=45.42|PMC18=48.75|PMC19=49.35|PMC20=49.97|PMC21=50.6|PMC22=51.26|PMVG17=28.17|PMVG18=28.52|PMVG20=29.23
CMED;20260508;medicamento;542821080009103;;;GRÜNENTHAL DO BRASIL FARMACÊUTICA LTDA.;PALEXIS;75 MG COM REV CT BL AL PLAS PVC/PVDC OPC X 30;CLORIDRATO DE TAPENTADOL;7898582382293;1861000180090;90522613;542821080009103;;N;;206.02;276.37;;;;CMED_ICMS17;20260508;20;PF0=171|PF12=194.32|PF18=208.54|PF19=211.11|PF20=213.75|PF21=216.46|PF22=219.23|PMC0=229.39|PMC12=260.67|PMC18=279.75|PMC19=283.2|PMC20=286.74|PMC21=290.37|PMC22=294.09|PMVG17=161.66|PMVG18=163.64|PMVG20=167.73
CMED;20260508;medicamento;542821080009203;;;GRÜNENTHAL DO BRASIL FARMACÊUTICA LTDA.;PALEXIS;75 MG COM REV CT BL AL PLAS PVC/PVDC OPC X 60;CLORIDRATO DE TAPENTADOL;7898582382309;1861000180104;90522621;542821080009203;;N;;412.05;552.75;;;;CMED_ICMS17;20260508;20;PF0=342|PF12=388.64|PF18=417.07|PF19=422.22|PF20=427.5|PF21=432.91|PF22=438.46|PMC0=458.78|PMC12=521.35|PMC18=559.48|PMC19=566.39|PMC20=573.48|PMC21=580.73|PMC22=588.18|PMVG17=323.34|PMVG18=327.27|PMVG20=335.46
CMED;20260508;medicamento;542821080009303;;;GRÜNENTHAL DO BRASIL FARMACÊUTICA LTDA.;PALEXIS;100 MG COM REV CT BL AL PLAS PVC/PVDC OPC X 10;CLORIDRATO DE TAPENTADOL;7898582382323;1861000180120;90522630;542821080009303;;N;;77.16;103.51;;;;CMED_ICMS17;20260508;20;PF0=64.04|PF12=72.77|PF18=78.1|PF19=79.06|PF20=80.05|PF21=81.06|PF22=82.1|PMC0=85.91|PMC12=97.62|PMC18=104.77|PMC19=106.06|PMC20=107.38|PMC21=108.74|PMC22=110.13|PMVG17=60.55|PMVG18=61.29|PMVG20=62.82
CMED;20260508;medicamento;542821080009403;;;GRÜNENTHAL DO BRASIL FARMACÊUTICA LTDA.;PALEXIS;100 MG COM REV CT BL AL PLAS PVC/PVDC OPC X 30;CLORIDRATO DE TAPENTADOL;7898582382316;1861000180147;90522648;542821080009403;;N;;231.42;310.44;;;;CMED_ICMS17;20260508;20;PF0=192.08|PF12=218.27|PF18=234.24|PF19=237.14|PF20=240.1|PF21=243.14|PF22=246.26|PMC0=257.67|PMC12=292.8|PMC18=314.22|PMC19=318.11|PMC20=322.09|PMC21=326.16|PMC22=330.35|PMVG17=181.6|PMVG18=183.81|PMVG20=188.41
CMED;20260508;medicamento;542821080009503;;;GRÜNENTHAL DO BRASIL FARMACÊUTICA LTDA.;PALEXIS;100 MG COM REV CT BL AL PLAS PVC/PVDC OPC X 60;CLORIDRATO DE TAPENTADOL;7898582382330;1861000180155;90522656;542821080009503;;N;;462.87;620.92;;;;CMED_ICMS17;20260508;20;PF0=384.18|PF12=436.57|PF18=468.51|PF19=474.3|PF20=480.23|PF21=486.3|PF22=492.54|PMC0=515.36|PMC12=585.64|PMC18=628.49|PMC19=636.26|PMC20=644.21|PMC21=652.35|PMC22=660.72|PMVG17=363.21|PMVG18=367.64|PMVG20=376.84
CMED;20260508;medicamento;542820100007507;;;GRÜNENTHAL DO BRASIL FARMACÊUTICA LTDA.;PALEXIS® LP;50 MG COM REV LIB PROL CT BL AL PLAS PVC/PVDC OPC X 30;CLORIDRATO DE TAPENTADOL;7898582382118;1861000150078;90491297;542820100007507;;N;;81.83;109.77;;;;CMED_ICMS17;20260508;20;PF0=67.92|PF12=77.18|PF18=82.83|PF19=83.85|PF20=84.9|PF21=85.97|PF22=87.08|PMC0=91.11|PMC12=103.53|PMC18=111.11|PMC19=112.48|PMC20=113.89|PMC21=115.33|PMC22=116.81|PMVG17=64.21|PMVG18=65|PMVG20=66.62
CMED;20260508;medicamento;542820100007607;;;GRÜNENTHAL DO BRASIL FARMACÊUTICA LTDA.;PALEXIS® LP;100 MG COM REV LIB PROL CT BL AL PLAS PVC/PVDC OPC X 30;CLORIDRATO DE TAPENTADOL;7898582382132;1861000150116;90491300;542820100007607;;N;;138.25;185.46;;;;CMED_ICMS17;20260508;20;PF0=114.75|PF12=130.4|PF18=139.94|PF19=141.67|PF20=143.44|PF21=145.25|PF22=147.12|PMC0=153.93|PMC12=174.93|PMC18=187.72|PMC19=190.05|PMC20=192.42|PMC21=194.85|PMC22=197.36|PMVG17=108.48|PMVG18=109.81|PMVG20=112.56
CMED;20260508;medicamento;542820100007707;;;GRÜNENTHAL DO BRASIL FARMACÊUTICA LTDA.;PALEXIS® LP;150 MG COM REV LIB PROL CT BL AL PLAS PVC/PVDC OPC X 30;CLORIDRATO DE TAPENTADOL;7898582382156;1861000150159;90491319;542820100007707;;N;;192.45;258.16;;;;CMED_ICMS17;20260508;20;PF0=159.73|PF12=181.51|PF18=194.79|PF19=197.2|PF20=199.66|PF21=202.19|PF22=204.78|PMC0=214.27|PMC12=243.49|PMC18=261.3|PMC19=264.54|PMC20=267.84|PMC21=271.23|PMC22=274.71|PMVG17=151.02|PMVG18=152.85|PMVG20=156.67
CMED;20260508;medicamento;542820100007807;;;GRÜNENTHAL DO BRASIL FARMACÊUTICA LTDA.;PALEXIS® LP;200 MG COM REV LIB PROL CT BL AL PLAS PVC/PVDC OPC X 30;CLORIDRATO DE TAPENTADOL;7898582382170;1861000150191;90491327;542820100007807;;N;;240.28;322.33;;;;CMED_ICMS17;20260508;20;PF0=199.43|PF12=226.63|PF18=243.21|PF19=246.21|PF20=249.29|PF21=252.44|PF22=255.68|PMC0=267.53|PMC12=304.02|PMC18=326.26|PMC19=330.28|PMC20=334.41|PMC21=338.64|PMC22=342.99|PMVG17=188.55|PMVG18=190.85|PMVG20=195.62
CMED;20260508;medicamento;542820100008107;;;GRÜNENTHAL DO BRASIL FARMACÊUTICA LTDA.;PALEXIS® LP;250 MG COM REV LIB PROL CT BL AL PLAS PVC/PVDC OPC X 30;CLORIDRATO DE TAPENTADOL;7898582382194;1861000150231;90489772;542820100008107;;N;;280.82;376.71;;;;CMED_ICMS17;20260508;20;PF0=233.08|PF12=264.86|PF18=284.24|PF19=287.75|PF20=291.35|PF21=295.04|PF22=298.82|PMC0=312.67|PMC12=355.3|PMC18=381.3|PMC19=386.01|PMC20=390.84|PMC21=395.79|PMC22=400.86|PMVG17=220.36|PMVG18=223.04|PMVG20=228.62
CMED;20260508;medicamento;542820100008207;;;GRÜNENTHAL DO BRASIL FARMACÊUTICA LTDA.;PALEXIS® LP;50 MG COM REV LIB PROL CT BL AL PLAS PVC/PVDC OPC X 60;CLORIDRATO DE TAPENTADOL;7898582382125;1861000150086;90489780;542820100008207;;N;;163.69;219.58;;;;CMED_ICMS17;20260508;20;PF0=135.86|PF12=154.39|PF18=165.68|PF19=167.73|PF20=169.83|PF21=171.97|PF22=174.18|PMC0=182.25|PMC12=207.11|PMC18=222.25|PMC19=225|PMC20=227.82|PMC21=230.69|PMC22=233.66|PMVG17=128.45|PMVG18=130.01|PMVG20=133.27
CMED;20260508;medicamento;542820100008307;;;GRÜNENTHAL DO BRASIL FARMACÊUTICA LTDA.;PALEXIS® LP;100 MG COM REV LIB PROL CT BL AL PLAS PVC/PVDC OPC X 60;CLORIDRATO DE TAPENTADOL;7898582382149;1861000150124;90489799;542820100008307;;N;;276.52;370.94;;;;CMED_ICMS17;20260508;20;PF0=229.51|PF12=260.81|PF18=279.89|PF19=283.35|PF20=286.89|PF21=290.52|PF22=294.24|PMC0=307.88|PMC12=349.87|PMC18=375.46|PMC19=380.1|PMC20=384.85|PMC21=389.72|PMC22=394.71|PMVG17=216.99|PMVG18=219.63|PMVG20=225.12
CMED;20260508;medicamento;534225060038606;;;ADIUM S.A.;PALMITATO DE PALIPERIDONA;100 MG/ML SUS INJ LIB PROL IM CT 3 SER PREENC PLAS TRANS X 0,75 ML + 6 AGU;PALMITATO DE PALIPERIDONA;7892953209028;1221401350062;90609263;534225060038606;S;N;;2944.6;3950.08;;;;CMED_ICMS17;20260508;20;PF0=2444.02|PF12=2777.3|PF18=2980.51|PF19=3017.31|PF20=3055.03|PF21=3093.7|PF22=3133.36|PMC0=3278.57|PMC12=3725.65|PMC18=3998.25|PMC19=4047.61|PMC20=4098.21|PMC21=4150.09|PMC22=4203.29|PMVG17=2310.63|PMVG18=2338.81|PMVG20=2397.28
CMED;20260508;medicamento;534225060038706;;;ADIUM S.A.;PALMITATO DE PALIPERIDONA;100 MG/ML SUS INJ LIB PROL IM CT 2 SER PREENC PLAS TRANS X 1,5 ML + 4 AGU;PALMITATO DE PALIPERIDONA;7892953209004;1221401350119;90609310;534225060038706;S;N;;3060.73;4105.86;;;;CMED_ICMS17;20260508;20;PF0=2540.41|PF12=2886.83|PF18=3098.06|PF19=3136.31|PF20=3175.51|PF21=3215.71|PF22=3256.94|PMC0=3407.87|PMC12=3872.58|PMC18=4155.94|PMC19=4207.25|PMC20=4259.83|PMC21=4313.76|PMC22=4369.07|PMVG17=2401.75|PMVG18=2431.05|PMVG20=2491.82
CMED;20260508;medicamento;534225060038806;;;ADIUM S.A.;PALMITATO DE PALIPERIDONA;100 MG/ML SUS INJ LIB PROL IM CT SER PREENC PLAS TRANS X 0,75 ML + 2 AGU;PALMITATO DE PALIPERIDONA;7892953208946;1221401350046;90609247;534225060038806;S;N;;981.53;1316.69;;;;CMED_ICMS17;20260508;20;PF0=814.67|PF12=925.76|PF18=993.5|PF19=1005.77|PF20=1018.34|PF21=1031.23|PF22=1044.45|PMC0=1092.85|PMC12=1241.87|PMC18=1332.74|PMC19=1349.2|PMC20=1366.07|PMC21=1383.36|PMC22=1401.09|PMVG17=770.21|PMVG18=779.6|PMVG20=799.09
CMED;20260508;medicamento;534225060038906;;;ADIUM S.A.;PALMITATO DE PALIPERIDONA;100 MG/ML SUS INJ LIB PROL IM CT SER PREENC PLAS TRANS X 0,50 ML + 2 AGU;PALMITATO DE PALIPERIDONA;7892953208939;1221401350011;90609212;534225060038906;S;N;;654.36;877.8;;;;CMED_ICMS17;20260508;20;PF0=543.12|PF12=617.18|PF18=662.34|PF19=670.52|PF20=678.9|PF21=687.49|PF22=696.31|PMC0=728.58|PMC12=827.92|PMC18=888.51|PMC19=899.48|PMC20=910.72|PMC21=922.24|PMC22=934.08|PMVG17=513.48|PMVG18=519.74|PMVG20=532.73
CMED;20260508;medicamento;534225060039006;;;ADIUM S.A.;PALMITATO DE PALIPERIDONA;100 MG/ML SUS INJ LIB PROL IM CT 2 SER PREENC PLAS TRANS X 0,50 ML + 4 AGU;PALMITATO DE PALIPERIDONA;7892953208977;1221401350021;90609220;534225060039006;S;N;;1308.71;1755.59;;;;CMED_ICMS17;20260508;20;PF0=1086.23|PF12=1234.35|PF18=1324.67|PF19=1341.02|PF20=1357.79|PF21=1374.97|PF22=1392.6|PMC0=1457.14|PMC12=1655.84|PMC18=1777|PMC19=1798.93|PMC20=1821.43|PMC21=1844.47|PMC22=1868.12|PMVG17=1026.94|PMVG18=1039.47|PMVG20=1065.46
CMED;20260508;medicamento;534225060039106;;;ADIUM S.A.;PALMITATO DE PALIPERIDONA;100 MG/ML SUS INJ LIB PROL IM CT 3 SER PREENC PLAS TRANS X 0,50 ML + 6 AGU;PALMITATO DE PALIPERIDONA;7892953209011;1221401350038;90609239;534225060039106;S;N;;1963.06;2633.38;;;;CMED_ICMS17;20260508;20;PF0=1629.34|PF12=1851.52|PF18=1987|PF19=2011.53|PF20=2036.68|PF21=2062.46|PF22=2088.9|PMC0=2185.7|PMC12=2483.75|PMC18=2665.49|PMC19=2698.4|PMC20=2732.13|PMC21=2766.72|PMC22=2802.18|PMVG17=1540.41|PMVG18=1559.2|PMVG20=1598.18
CMED;20260508;medicamento;534225060039206;;;ADIUM S.A.;PALMITATO DE PALIPERIDONA;100 MG/ML SUS INJ LIB PROL IM CT 2 SER PREENC PLAS TRANS X 0,75 ML + 4 AGU;PALMITATO DE PALIPERIDONA;7892953208984;1221401350054;90609255;534225060039206;S;N;;1963.06;2633.38;;;;CMED_ICMS17;20260508;20;PF0=1629.34|PF12=1851.52|PF18=1987|PF19=2011.53|PF20=2036.68|PF21=2062.46|PF22=2088.9|PMC0=2185.7|PMC12=2483.75|PMC18=2665.49|PMC19=2698.4|PMC20=2732.13|PMC21=2766.72|PMC22=2802.18|PMVG17=1540.41|PMVG18=1559.2|PMVG20=1598.18
CMED;20260508;medicamento;534225060039306;;;ADIUM S.A.;PALMITATO DE PALIPERIDONA;100 MG/ML SUS INJ LIB PROL IM CT SER PREENC PLAS TRANS X 1 ML + 2 AGU;PALMITATO DE PALIPERIDONA;7892953208953;1221401350070;90609271;534225060039306;S;N;;1308.71;1755.59;;;;CMED_ICMS17;20260508;20;PF0=1086.23|PF12=1234.35|PF18=1324.67|PF19=1341.02|PF20=1357.79|PF21=1374.97|PF22=1392.6|PMC0=1457.14|PMC12=1655.84|PMC18=1777|PMC19=1798.93|PMC20=1821.43|PMC21=1844.47|PMC22=1868.12|PMVG17=1026.94|PMVG18=1039.47|PMVG20=1065.46
CMED;20260508;medicamento;534225060039406;;;ADIUM S.A.;PALMITATO DE PALIPERIDONA;100 MG/ML SUS INJ LIB PROL IM CT 2 SER PREENC PLAS TRANS X 1 ML + 4 AGU;PALMITATO DE PALIPERIDONA;7892953208991;1221401350089;90609280;534225060039406;S;N;;2617.41;3511.16;;;;CMED_ICMS17;20260508;20;PF0=2172.45|PF12=2468.69|PF18=2649.33|PF19=2682.04|PF20=2715.56|PF21=2749.94|PF22=2785.19|PMC0=2914.26|PMC12=3311.66|PMC18=3553.98|PMC19=3597.86|PMC20=3642.83|PMC21=3688.95|PMC22=3736.23|PMVG17=2053.88|PMVG18=2078.93|PMVG20=2130.9
CMED;20260508;medicamento;534225060039506;;;ADIUM S.A.;PALMITATO DE PALIPERIDONA;100 MG/ML SUS INJ LIB PROL IM CT 3 SER PREENC PLAS TRANS X 1 ML + 6 AGU;PALMITATO DE PALIPERIDONA;7892953209035;1221401350097;90609298;534225060039506;S;N;;3926.13;5266.76;;;;CMED_ICMS17;20260508;20;PF0=3258.69|PF12=3703.06|PF18=3974.01|PF19=4023.07|PF20=4073.36|PF21=4124.92|PF22=4177.81|PMC0=4371.42|PMC12=4967.52|PMC18=5330.99|PMC19=5396.81|PMC20=5464.27|PMC21=5533.43|PMC22=5604.38|PMVG17=3080.83|PMVG18=3118.41|PMVG20=3196.37
CMED;20260508;medicamento;534225060039606;;;ADIUM S.A.;PALMITATO DE PALIPERIDONA;100 MG/ML SUS INJ LIB PROL IM CT SER PREENC PLAS TRANS X 1,5 ML + 2 AGU;PALMITATO DE PALIPERIDONA;7892953208960;1221401350100;90609301;534225060039606;S;N;;1530.28;2052.82;;;;CMED_ICMS17;20260508;20;PF0=1270.13|PF12=1443.33|PF18=1548.94|PF19=1568.06|PF20=1587.66|PF21=1607.76|PF22=1628.37|PMC0=1703.83|PMC12=1936.18|PMC18=2077.85|PMC19=2103.5|PMC20=2129.79|PMC21=2156.75|PMC22=2184.4|PMVG17=1200.81|PMVG18=1215.45|PMVG20=1245.84
CMED;20260508;medicamento;534225060039706;;;ADIUM S.A.;PALMITATO DE PALIPERIDONA;100 MG/ML SUS INJ LIB PROL IM CT 3 SER PREENC PLAS TRANS X 1,5 ML + 6 AGU;PALMITATO DE PALIPERIDONA;7892953209042;1221401350127;90609328;534225060039706;S;N;;4590.83;6158.43;;;;CMED_ICMS17;20260508;20;PF0=3810.39|PF12=4329.99|PF18=4646.82|PF19=4704.19|PF20=4762.99|PF21=4823.28|PF22=4885.11|PMC0=5111.5|PMC12=5808.53|PMC18=6233.54|PMC19=6310.5|PMC20=6389.38|PMC21=6470.26|PMC22=6553.2|PMVG17=3602.42|PMVG18=3646.36|PMVG20=3737.52
CMED;20260508;medicamento;538018010025004;;;ACCORD FARMACÊUTICA LTDA;PALOCYT;0,05 MG/ML SOL INJ CT FA VD TRANS X 5 ML;CLORIDRATO DE PALONOSETRONA;7898565581880;1553700540014;90415108;538018010025004;;S;;903.65;;;;;CMED_ICMS17;20260508;20;PF0=750.03|PF12=852.31|PF18=914.67|PF19=925.96|PF20=937.54|PF21=949.41|PF22=961.58|PMVG17=709.09|PMVG18=717.74|PMVG20=735.69
CMED;20260508;medicamento;542424050000901;;;BIOMARIN BRASIL FARMACÊUTICA LTDA;PALYNZIQ;20 MG SOL INJ SC CT 1 SER PREENC VD TRANS X 1 ML;PEGVALIASE;5391524463309;1733300070035;90587251;542424050000901;;N;;2628.94;3526.63;;;;CMED_ICMS17;20260508;20;PF0=2182.02|PF12=2479.57|PF18=2661|PF19=2693.85|PF20=2727.53|PF21=2762.05|PF22=2797.46|PMC0=2927.1|PMC12=3326.25|PMC18=3569.64|PMC19=3613.7|PMC20=3658.88|PMC21=3705.19|PMC22=3752.69|PMVG17=2062.93|PMVG18=2088.09|PMVG20=2140.29
CMED;20260508;medicamento;542424050001001;;;BIOMARIN BRASIL FARMACÊUTICA LTDA;PALYNZIQ;10 MG SOL INJ SC CT 1 SER PREENC VD TRANS X 0,5 ML;PEGVALIASE;5391524463293;1733300070027;90587243;542424050001001;;N;;2628.94;3526.63;;;;CMED_ICMS17;20260508;20;PF0=2182.02|PF12=2479.57|PF18=2661|PF19=2693.85|PF20=2727.53|PF21=2762.05|PF22=2797.46|PMC0=2927.1|PMC12=3326.25|PMC18=3569.64|PMC19=3613.7|PMC20=3658.88|PMC21=3705.19|PMC22=3752.69|PMVG17=2062.93|PMVG18=2088.09|PMVG20=2140.29
CMED;20260508;medicamento;542424050001101;;;BIOMARIN BRASIL FARMACÊUTICA LTDA;PALYNZIQ;2,5 MG SOL INJ SC CT 1 SER PREENC VD TRANS X 0,5 ML;PEGVALIASE;5391524463286;1733300070019;90587235;542424050001101;;N;;2628.94;3526.63;;;;CMED_ICMS17;20260508;20;PF0=2182.02|PF12=2479.57|PF18=2661|PF19=2693.85|PF20=2727.53|PF21=2762.05|PF22=2797.46|PMC0=2927.1|PMC12=3326.25|PMC18=3569.64|PMC19=3613.7|PMC20=3658.88|PMC21=3705.19|PMC22=3752.69|PMVG17=2062.93|PMVG18=2088.09|PMVG20=2140.29
CMED;20260508;medicamento;541718110023207;;;CELLERA FARMACEUTICA S.A.;PAMELOR;10 MG CAP DURA CT BL AL PLAS PVC TRANS X 30;CLORIDRATO DE NORTRIPTILINA;7893454101668;1044002150066;90418875;541718110023207;;N;;32.1;44.25;;;;CMED_ICMS17;20260508;20;PF0=26.64|PF12=30.27|PF18=32.49|PF19=32.89|PF20=33.3|PF21=33.72|PF22=34.15|PMC0=36.72|PMC12=41.72|PMC18=44.78|PMC19=45.34|PMC20=45.9|PMC21=46.48|PMC22=47.07|PMVG17=25.19|PMVG18=25.5|PMVG20=26.13
CMED;20260508;medicamento;541718110023317;;;CELLERA FARMACEUTICA S.A.;PAMELOR;25 MG CAP DURA CT BL AL PLAS PVC TRANS X 30;CLORIDRATO DE NORTRIPTILINA;7893454101699;1044002150074;90418883;541718110023317;;N;;50.18;69.17;;;;CMED_ICMS17;20260508;20;PF0=41.65|PF12=47.33|PF18=50.79|PF19=51.42|PF20=52.06|PF21=52.72|PF22=53.4|PMC0=57.41|PMC12=65.24|PMC18=70.01|PMC19=70.88|PMC20=71.76|PMC21=72.67|PMC22=73.61|PMVG17=39.38|PMVG18=39.85|PMVG20=40.85
CMED;20260508;medicamento;541718110023417;;;CELLERA FARMACEUTICA S.A.;PAMELOR;50 MG CAP DURA CT BL AL PLAS PVC TRANS X 30;CLORIDRATO DE NORTRIPTILINA;7893454101729;1044002150082;90418891;541718110023417;;N;;73.25;100.97;;;;CMED_ICMS17;20260508;20;PF0=60.8|PF12=69.09|PF18=74.15|PF19=75.06|PF20=76|PF21=76.96|PF22=77.95|PMC0=83.81|PMC12=95.23|PMC18=102.21|PMC19=103.46|PMC20=104.76|PMC21=106.08|PMC22=107.45|PMVG17=57.48|PMVG18=58.19|PMVG20=59.64
CMED;20260508;medicamento;541718110023517;;;CELLERA FARMACEUTICA S.A.;PAMELOR;75 MG CAP DURA CT BL AL PLAS PVC TRANS X 30;CLORIDRATO DE NORTRIPTILINA;7893454101736;1044002150090;90418905;541718110023517;;N;;98.9;136.32;;;;CMED_ICMS17;20260508;20;PF0=82.09|PF12=93.28|PF18=100.11|PF19=101.35|PF20=102.61|PF21=103.91|PF22=105.24|PMC0=113.15|PMC12=128.58|PMC18=137.99|PMC19=139.7|PMC20=141.44|PMC21=143.23|PMC22=145.06|PMVG17=77.61|PMVG18=78.56|PMVG20=80.52
CMED;20260508;medicamento;541721070022203;;;CELLERA FARMACEUTICA S.A.;PAMELOR;25 MG CAP DURA CT BL AL PLAS PVC TRANS X 60;CLORIDRATO DE NORTRIPTILINA;7893454714547;1044002150112;90513746;541721070022203;;N;;100.35;138.32;;;;CMED_ICMS17;20260508;20;PF0=83.29|PF12=94.65|PF18=101.57|PF19=102.83|PF20=104.11|PF21=105.43|PF22=106.78|PMC0=114.81|PMC12=130.47|PMC18=140|PMC19=141.74|PMC20=143.5|PMC21=145.32|PMC22=147.19|PMVG17=78.74|PMVG18=79.7|PMVG20=81.69
CMED;20260508;medicamento;506712301111412;;;CRISTÁLIA PRODUTOS QUÍMICOS FARMACÊUTICOS LTDA.;PAMERGAN;25 MG COM REV CX BL AL PLAS TRANS X 200;CLORIDRATO DE PROMETAZINA;7896676403459;1029800420083;90047559;506712301111412;;S;;125.95;;;;;CMED_ICMS17;20260508;20;PF0=104.54|PF12=118.8|PF18=127.49|PF19=129.06|PF20=130.68|PF21=132.33|PF22=134.03|PMVG17=98.83|PMVG18=100.04|PMVG20=102.55
CMED;20260508;medicamento;506712302159419;;;CRISTÁLIA PRODUTOS QUÍMICOS FARMACÊUTICOS LTDA.;PAMERGAN;25 MG/ML SOL INJ IM CX 50 AMP VD AMB X 2 ML;CLORIDRATO DE PROMETAZINA;7896676403503;1029800420016;90047567;506712302159419;;S;;209.05;;;;;CMED_ICMS17;20260508;20;PF0=173.51|PF12=197.17|PF18=211.6|PF19=214.21|PF20=216.89|PF21=219.63|PF22=222.45|PMVG17=164.04|PMVG18=166.04|PMVG20=170.19
CMED;20260508;medicamento;506717040068103;;;CRISTÁLIA PRODUTOS QUÍMICOS FARMACÊUTICOS LTDA.;PAMERGAN;25 MG/ML SOL INJ IM CX 25 AMP VD AMB X 2 ML;CLORIDRATO DE PROMETAZINA;7896676431346;1029800420164;90376110;506717040068103;;N;;95.45;128.04;;;;CMED_ICMS17;20260508;20;PF0=79.22|PF12=90.02|PF18=96.61|PF19=97.8|PF20=99.03|PF21=100.28|PF22=101.56|PMC0=106.27|PMC12=120.76|PMC18=129.6|PMC19=131.2|PMC20=132.85|PMC21=134.52|PMC22=136.24|PMVG17=74.9|PMVG18=75.81|PMVG20=77.71
CMED;20260508;medicamento;552926030184203;;;ACHÉ LABORATÓRIOS FARMACÊUTICOS S.A;PAMFER;400 MG COM REV CT BL AL PLAS PVDC TRANS X 30;FERRIPOLIMALTOSE;7896658052774;1057301550017;;552926030184203;;N;;51.36;68.9;;;;CMED_ICMS17;20260508;20;PF0=42.63|PF12=48.44|PF18=51.99|PF19=52.63|PF20=53.29|PF21=53.96|PF22=54.65|PMC0=57.19|PMC12=64.98|PMC18=69.74|PMC19=70.6|PMC20=71.49|PMC21=72.39|PMC22=73.31|PMVG17=40.3|PMVG18=40.8|PMVG20=41.82
CMED;20260508;medicamento;552926030184303;;;ACHÉ LABORATÓRIOS FARMACÊUTICOS S.A;PAMFER;100 MG/ML SOL GOT CT FR GOT PLAS PET AMB X 10 ML;FERRIPOLIMALTOSE;7896658052866;1057301550076;;552926030184303;;N;;14.58;19.56;;;;CMED_ICMS17;20260508;20;PF0=12.1|PF12=13.75|PF18=14.76|PF19=14.94|PF20=15.13|PF21=15.32|PF22=15.51|PMC0=16.23|PMC12=18.45|PMC18=19.8|PMC19=20.04|PMC20=20.3|PMC21=20.55|PMC22=20.81|PMVG17=11.44|PMVG18=11.58|PMVG20=11.87
CMED;20260508;medicamento;552926030184403;;;ACHÉ LABORATÓRIOS FARMACÊUTICOS S.A;PAMFER;100 MG/ML SOL GOT CT FR GOT PLAS PET AMB X 30 ML;FERRIPOLIMALTOSE;7896658051272;1057301550084;;552926030184403;;N;;43.75;58.69;;;;CMED_ICMS17;20260508;20;PF0=36.31|PF12=41.26|PF18=44.28|PF19=44.83|PF20=45.39|PF21=45.96|PF22=46.55|PMC0=48.71|PMC12=55.35|PMC18=59.4|PMC19=60.14|PMC20=60.89|PMC21=61.65|PMC22=62.45|PMVG17=34.33|PMVG18=34.75|PMVG20=35.62
CMED;20260508;medicamento;506712401157414;;;CRISTÁLIA PRODUTOS QUÍMICOS FARMACÊUTICOS LTDA.;PAMIDROM;60 MG PO LIOF SOL INJ CX 5 FA VD TRANS+ 5 AMP DIL X 10 ML;PAMIDRONATO DISSÓDICO;7896676411485;1029803100055;90047575;506712401157414;;S;;5870.35;;;;;CMED_ICMS17;20260508;20;PF0=4872.39|PF12=5536.81|PF18=5941.94|PF19=6015.3|PF20=6090.49|PF21=6167.58|PF22=6246.65
CMED;20260508;medicamento;506712402153412;;;CRISTÁLIA PRODUTOS QUÍMICOS FARMACÊUTICOS LTDA.;PAMIDROM;90 MG PO LIOF SOL INJ CX 5 FA VD TRANS+ 5 AMP DIL X 10 ML;PAMIDRONATO DISSÓDICO;7896676411478;1029803100071;90047583;506712402153412;;S;;8983.5;;;;;CMED_ICMS17;20260508;20;PF0=7456.31|PF12=8473.08|PF18=9093.06|PF19=9205.32|PF20=9320.39|PF21=9438.37|PF22=9559.37
CMED;20260508;medicamento;508021070141206;;;EUROFARMA LABORATORIOS S.A.;PAMIDRONATO DISSÓDICO;90 MG PO LIOF SOL INJ CT 10 FA VD TRANS;PAMIDRONATO DISSÓDICO;7891317017408;1004300300121;90512286;508021070141206;S;S;;12806.37;;;;;CMED_ICMS17;20260508;20;PF0=10629.29|PF12=12078.74|PF18=12962.55|PF19=13122.58|PF20=13286.61|PF21=13454.8|PF22=13627.29
CMED;20260508;medicamento;506712501151418;;;CRISTÁLIA PRODUTOS QUÍMICOS FARMACÊUTICOS LTDA.;PANCURON;2 MG/ML SOL INJ IV CX 50 AMP VD AMB X 2 ML;BROMETO DE PANCURÔNIO;7896676400281;1029801010016;90047591;506712501151418;;S;;661.61;;;;;CMED_ICMS17;20260508;20;PF0=549.14|PF12=624.02|PF18=669.68|PF19=677.95|PF20=686.43|PF21=695.11|PF22=704.03|PMVG17=519.17|PMVG18=525.5|PMVG20=538.64
CMED;20260508;medicamento;533026020095804;;;UNIÃO QUÍMICA FARMACÊUTICA NACIONAL S/A;PANGASTRI;40 MG PO LIOF SOL INJ IV CX 50 FA VD TRANS + DIL 50 AMP VD TRANS X 10 ML;PANTOPRAZOL SÓDICO SESQUI-HIDRATADO;7896006220398;1049715640087;;533026020095804;;S;;6946.58;;;;;CMED_ICMS17;20260508;20;PF0=5765.66|PF12=6551.89|PF18=7031.29|PF19=7118.1|PF20=7207.08|PF21=7298.31|PF22=7391.87|PMVG17=5450.98|PMVG18=5517.45|PMVG20=5655.4
CMED;20260508;medicamento;533026020095904;;;UNIÃO QUÍMICA FARMACÊUTICA NACIONAL S/A;PANGASTRI;40 MG PO LIOF SOL INJ IV CT FA VD TRANS + DIL AMP VD TRANS X 10 ML;PANTOPRAZOL SÓDICO SESQUI-HIDRATADO;7896006220381;1049715640052;;533026020095904;;S;;138.93;;;;;CMED_ICMS17;20260508;20;PF0=115.31|PF12=131.03|PF18=140.62|PF19=142.36|PF20=144.14|PF21=145.96|PF22=147.83|PMVG17=109.02|PMVG18=110.34|PMVG20=113.11
CMED;20260508;medicamento;576920020000207;;;RECORDATI RARE DISEASES COMÉRCIO DE MEDICAMENTOS LTDA - ME;PANHEMATIN;350 MG PO LIOF SOL INJ CT FA VD TRANS;HEMINA;8057742820511;1712600020014;90446437;576920020000207;;S;;47924.3;;;;;CMED_ICMS17;20260508;20;PF0=39777.18|PF12=45201.36|PF18=48508.75|PF19=49107.63|PF20=49721.48|PF21=50350.87|PF22=50996.37|PMVG17=37606.2|PMVG18=38064.82|PMVG20=39016.45
CMED;20260508;medicamento;500516070064004;;;ACHÉ LABORATÓRIOS FARMACÊUTICOS S.A;PANT;50 MG/ML SOL CAPI CT FR PLAS OPC X 25 ML + VALV SPR;MINOXIDIL;7896658026928;1057304870012;90346971;500516070064004;;N;;96.67;129.68;;;;CMED_ICMS17;20260508;20;PF0=80.24|PF12=91.18|PF18=97.85|PF19=99.06|PF20=100.3|PF21=101.57|PF22=102.87|PMC0=107.64|PMC12=122.31|PMC18=131.26|PMC19=132.89|PMC20=134.55|PMC21=136.25|PMC22=138|PMVG17=75.86|PMVG18=76.78|PMVG20=78.71
CMED;20260508;medicamento;500516070064104;;;ACHÉ LABORATÓRIOS FARMACÊUTICOS S.A;PANT;50 MG/ML SOL CAPI CT FR PLAS OPC X 50 ML + VALV SPR;MINOXIDIL;7896658026904;1057304870020;90346980;500516070064104;;N;;193.31;259.32;;;;CMED_ICMS17;20260508;20;PF0=160.45|PF12=182.33|PF18=195.67|PF19=198.09|PF20=200.56|PF21=203.1|PF22=205.71|PMC0=215.24|PMC12=244.59|PMC18=262.48|PMC19=265.73|PMC20=269.04|PMC21=272.45|PMC22=275.95|PMVG17=151.69|PMVG18=153.54|PMVG20=157.38
CMED;20260508;medicamento;552919120091307;;;ACHÉ LABORATÓRIOS FARMACÊUTICOS S.A;PANT;50 MG/ML SOL CAPI CT FR PLAS OPC X 50 ML;MINOXIDIL;7896658034978;1057304870039;90443152;552919120091307;;N;;166.1;222.82;;;;CMED_ICMS17;20260508;20;PF0=137.86|PF12=156.66|PF18=168.12|PF19=170.2|PF20=172.33|PF21=174.51|PF22=176.74|PMC0=184.93|PMC12=210.15|PMC18=225.53|PMC19=228.32|PMC20=231.17|PMC21=234.1|PMC22=237.09|PMVG17=130.34|PMVG18=131.92|PMVG20=135.23
CMED;20260508;medicamento;552919120091407;;;ACHÉ LABORATÓRIOS FARMACÊUTICOS S.A;PANT;50 MG/ML SOL CAPI CT 2 FR PLAS OPC X 50 ML + VALV SPR;MINOXIDIL;7896658035388;1057304870047;90443160;552919120091407;;N;;332.25;445.7;;;;CMED_ICMS17;20260508;20;PF0=275.77|PF12=313.38|PF18=336.3|PF19=340.46|PF20=344.71|PF21=349.08|PF22=353.55|PMC0=369.94|PMC12=420.39|PMC18=451.13|PMC19=456.71|PMC20=462.42|PMC21=468.28|PMC22=474.27|PMVG17=260.72|PMVG18=263.89|PMVG20=270.49
CMED;20260508;medicamento;552919120091507;;;ACHÉ LABORATÓRIOS FARMACÊUTICOS S.A;PANT;50 MG/ML SOL CAPI CT 3 FR PLAS OPC X 50 ML + VALV SPR;MINOXIDIL;7896658035340;1057304870055;90443179;552919120091507;;N;;498.35;668.52;;;;CMED_ICMS17;20260508;20;PF0=413.63|PF12=470.03|PF18=504.43|PF19=510.65|PF20=517.04|PF21=523.58|PF22=530.29|PMC0=554.87|PMC12=630.53|PMC18=676.67|PMC19=685.02|PMC20=693.59|PMC21=702.36|PMC22=711.37|PMVG17=391.06|PMVG18=395.83|PMVG20=405.72
CMED;20260508;medicamento;552921100139503;;;ACHÉ LABORATÓRIOS FARMACÊUTICOS S.A;PANT SEC;50 MG/ML SOL SPR CAPI CT 3 FR PLAS PEAD OPC X 50 ML + VALV SPR;MINOXIDIL;7896658038709;1057307810053;90520181;552921100139503;;N;;531;712.32;;;;CMED_ICMS17;20260508;20;PF0=440.73|PF12=500.83|PF18=537.48|PF19=544.11|PF20=550.91|PF21=557.89|PF22=565.04|PMC0=591.22|PMC12=671.85|PMC18=721.01|PMC19=729.9|PMC20=739.03|PMC21=748.39|PMC22=757.98|PMVG17=416.68|PMVG18=421.76|PMVG20=432.3
CMED;20260508;medicamento;552921100139603;;;ACHÉ LABORATÓRIOS FARMACÊUTICOS S.A;PANT SEC;50 MG/ML SOL SPR CAPI CT FR PLAS PEAD OPC X 50 ML;MINOXIDIL;7896658038716;1057307810029;90520157;552921100139603;;N;;177.01;237.45;;;;CMED_ICMS17;20260508;20;PF0=146.92|PF12=166.95|PF18=179.17|PF19=181.38|PF20=183.65|PF21=185.97|PF22=188.36|PMC0=197.09|PMC12=223.96|PMC18=240.35|PMC19=243.31|PMC20=246.36|PMC21=249.47|PMC22=252.68|PMVG17=138.9|PMVG18=140.59|PMVG20=144.11
CMED;20260508;medicamento;552921100139703;;;ACHÉ LABORATÓRIOS FARMACÊUTICOS S.A;PANT SEC;50 MG/ML SOL SPR CAPI CT 2 FR PLAS PEAD OPC X 50 ML + VALV SPR;MINOXIDIL;7896658038693;1057307810045;90520173;552921100139703;;N;;354;474.88;;;;CMED_ICMS17;20260508;20;PF0=293.82|PF12=333.89|PF18=358.32|PF19=362.74|PF20=367.28|PF21=371.92|PF22=376.69|PMC0=394.15|PMC12=447.9|PMC18=480.67|PMC19=486.6|PMC20=492.69|PMC21=498.92|PMC22=505.32|PMVG17=277.78|PMVG18=281.17|PMVG20=288.21
CMED;20260508;medicamento;552921100139803;;;ACHÉ LABORATÓRIOS FARMACÊUTICOS S.A;PANT SEC;50 MG/ML SOL SPR CAPI CT FR PLAS PEAD OPC X 25 ML + VALV SPR;MINOXIDIL;7896658038662;1057307810010;90520149;552921100139803;;N;;88.48;118.69;;;;CMED_ICMS17;20260508;20;PF0=73.44|PF12=83.45|PF18=89.56|PF19=90.67|PF20=91.8|PF21=92.96|PF22=94.15|PMC0=98.52|PMC12=111.95|PMC18=120.14|PMC19=121.63|PMC20=123.15|PMC21=124.7|PMC22=126.3|PMVG17=69.43|PMVG18=70.28|PMVG20=72.04
CMED;20260508;medicamento;552921100139903;;;ACHÉ LABORATÓRIOS FARMACÊUTICOS S.A;PANT SEC;50 MG/ML SOL SPR CAPI CT FR PLAS PEAD OPC X 50 ML + VALV SPR;MINOXIDIL;7896658038686;1057307810037;90520165;552921100139903;;N;;177.01;237.45;;;;CMED_ICMS17;20260508;20;PF0=146.92|PF12=166.95|PF18=179.17|PF19=181.38|PF20=183.65|PF21=185.97|PF22=188.36|PMC0=197.09|PMC12=223.96|PMC18=240.35|PMC19=243.31|PMC20=246.36|PMC21=249.47|PMC22=252.68|PMVG17=138.9|PMVG18=140.59|PMVG20=144.11
CMED;20260508;medicamento;532412070006314;;;SUN FARMACÊUTICA DO BRASIL LTDA;PANTASUN;40 MG PÓ LIOF SOL INJ IV CT FA VD TRANS;PANTOPRAZOL;7898909980317;1468200210017;90278437;532412070006314;;N;;130.36;179.69;;;;CMED_ICMS17;20260508;20;PF0=108.2|PF12=122.95|PF18=131.95|PF19=133.58|PF20=135.25|PF21=136.96|PF22=138.72|PMC0=149.14|PMC12=169.47|PMC18=181.88|PMC19=184.13|PMC20=186.43|PMC21=188.79|PMC22=191.21|PMVG17=102.29|PMVG18=103.54|PMVG20=106.13
CMED;20260508;medicamento;538021060034103;;;ACCORD FARMACÊUTICA LTDA;PANTIUM;6 MG/ML SOL INJ IV CT FA VD TRANS X 5 ML;PACLITAXEL;7898902274741;1553700010015;90516249;538021060034103;;S;;;;;;;CMED_ICMS17;20260508;20;PF0=679.42
CMED;20260508;medicamento;538021060034203;;;ACCORD FARMACÊUTICA LTDA;PANTIUM;6 MG/ML SOL INJ IV CT FA VD TRANS X 16,7 ML;PACLITAXEL;7898902274758;1553700010023;90516257;538021060034203;;S;;;;;;;CMED_ICMS17;20260508;20;PF0=2269.29
CMED;20260508;medicamento;538021060034303;;;ACCORD FARMACÊUTICA LTDA;PANTIUM;6 MG/ML SOL INJ IV CT FA VD TRANS X 50 ML;PACLITAXEL;7898902274772;1553700010031;90516265;538021060034303;;S;;;;;;;CMED_ICMS17;20260508;20;PF0=6794.29
CMED;20260508;medicamento;508012110094503;;;EUROFARMA LABORATORIOS S.A.;PANTOCAL;20 MG COM REV LIB RETARD CT BL AL/AL X 14;PANTOPRAZOL SÓDICO SESQUI-HIDRATADO;7891317498757;1004306340257;90251016;508012110094503;;N;;46.94;64.7;;;;CMED_ICMS17;20260508;20;PF0=38.96|PF12=44.27|PF18=47.51|PF19=48.1|PF20=48.7|PF21=49.32|PF22=49.95|PMC0=53.7|PMC12=61.02|PMC18=65.49|PMC19=66.3|PMC20=67.13|PMC21=67.98|PMC22=68.85|PMVG17=36.83|PMVG18=37.28|PMVG20=38.21
CMED;20260508;medicamento;508012110094603;;;EUROFARMA LABORATORIOS S.A.;PANTOCAL;20 MG COM REV LIB RETARD CT BL AL/AL X 28;PANTOPRAZOL SÓDICO SESQUI-HIDRATADO;7891317498764;1004306340265;90251024;508012110094603;;N;;91.05;125.5;;;;CMED_ICMS17;20260508;20;PF0=75.57|PF12=85.88|PF18=92.16|PF19=93.3|PF20=94.46|PF21=95.66|PF22=96.88|PMC0=104.17|PMC12=118.38|PMC18=127.03|PMC19=128.6|PMC20=130.2|PMC21=131.86|PMC22=133.54|PMVG17=71.45|PMVG18=72.32|PMVG20=74.12
CMED;20260508;medicamento;508012110094703;;;EUROFARMA LABORATORIOS S.A.;PANTOCAL;40 MG COM REV LIB RETARD CT BL AL/AL X 7;PANTOPRAZOL SÓDICO SESQUI-HIDRATADO;7891317498771;1004306340273;90251032;508012110094703;;N;;45.11;62.18;;;;CMED_ICMS17;20260508;20;PF0=37.44|PF12=42.55|PF18=45.66|PF19=46.22|PF20=46.8|PF21=47.39|PF22=48|PMC0=51.61|PMC12=58.65|PMC18=62.94|PMC19=63.71|PMC20=64.51|PMC21=65.32|PMC22=66.16|PMVG17=35.4|PMVG18=35.83|PMVG20=36.72
CMED;20260508;medicamento;508012110094803;;;EUROFARMA LABORATORIOS S.A.;PANTOCAL;40 MG COM REV LIB RETARD CT BL AL/AL X 14;PANTOPRAZOL SÓDICO SESQUI-HIDRATADO;7891317498788;1004306340281;90251040;508012110094803;;N;;83.49;115.08;;;;CMED_ICMS17;20260508;20;PF0=69.3|PF12=78.75|PF18=84.51|PF19=85.56|PF20=86.63|PF21=87.72|PF22=88.85|PMC0=95.52|PMC12=108.55|PMC18=116.49|PMC19=117.94|PMC20=119.41|PMC21=120.91|PMC22=122.47|PMVG17=65.51|PMVG18=66.31|PMVG20=67.98
CMED;20260508;medicamento;508012110094903;;;EUROFARMA LABORATORIOS S.A.;PANTOCAL;40 MG COM REV LIB RETARD CT BL AL/AL X 28;PANTOPRAZOL SÓDICO SESQUI-HIDRATADO;7891317498795;1004306340291;90251059;508012110094903;;N;;160.55;221.3;;;;CMED_ICMS17;20260508;20;PF0=133.26|PF12=151.43|PF18=162.51|PF19=164.52|PF20=166.58|PF21=168.68|PF22=170.85|PMC0=183.69|PMC12=208.73|PMC18=224|PMC19=226.77|PMC20=229.61|PMC21=232.51|PMC22=235.5|PMVG17=125.98|PMVG18=127.52|PMVG20=130.72
CMED;20260508;medicamento;508019120126807;;;EUROFARMA LABORATORIOS S.A.;PANTOCAL;40 MG PÓ LIOF SOL INJ CT 50 FA VD TRANS + 50 AMP DIL X 10 ML;PANTOPRAZOL SÓDICO SESQUI-HIDRATADO;7891317430726;1004312130031;90450302;508019120126807;;N;;8174.64;11267.89;;;;CMED_ICMS17;20260508;20;PF0=6784.95|PF12=7710.17|PF18=8274.33|PF19=8376.48|PF20=8481.19|PF21=8588.55|PF22=8698.65|PMC0=9352.35|PMC12=10627.67|PMC18=11405.3|PMC19=11546.11|PMC20=11690.44|PMC21=11838.42|PMC22=11990.18|PMVG17=6414.64|PMVG18=6492.87|PMVG20=6655.19
CMED;20260508;medicamento;508020090135207;;;EUROFARMA LABORATORIOS S.A.;PANTOCAL;40 MG PÓ LIOF SOL INJ CT FA VD TRANS + AMP DIL X 10 ML;PANTOPRAZOL SÓDICO SESQUI-HIDRATADO;7891317007850;1004312130013;90487540;508020090135207;;N;;171.16;235.93;;;;CMED_ICMS17;20260508;20;PF0=142.06|PF12=161.43|PF18=173.24|PF19=175.38|PF20=177.58|PF21=179.82|PF22=182.13|PMC0=195.81|PMC12=222.51|PMC18=238.79|PMC19=241.74|PMC20=244.78|PMC21=247.86|PMC22=251.05|PMVG17=134.31|PMVG18=135.94|PMVG20=139.35
CMED;20260508;medicamento;510413101168411;;;GEOLAB INDÚSTRIA FARMACÊUTICA S/A;PANTODEX;50 MG/G POM DERM CT BG AL X 30 G;DEXPANTENOL;7899095220805;1542301480039;90080432;510413101168411;;N;;19.76;26.51;;;;CMED_ICMS17;20260508;20;PF0=16.4|PF12=18.64|PF18=20|PF19=20.25|PF20=20.5|PF21=20.76|PF22=21.03|PMC0=22|PMC12=25|PMC18=26.83|PMC19=27.16|PMC20=27.5|PMC21=27.85|PMC22=28.21|PMVG17=15.51|PMVG18=15.69|PMVG20=16.09
CMED;20260508;medicamento;504111201114315;;;BIOLAB SANUS FARMACEUTICA LTDA;PANTOGAR;60MG + 20MG + 60MG + 100MG + 20MG + 20MG CAP DURA CT BL AL PLAS PVC/PVDC TRANS X 30;"NITRATO DE TIAMINA;ÁCIDO AMINOBENZÓICO;PANTOTENATO DE CÁLCIO;CISTINA;QUERATINA;LEVEDURA";7896112425328;1097401960011;90027701;504111201114315;;N;;87.02;116.73;;;;CMED_ICMS17;20260508;20;PF0=72.23|PF12=82.08|PF18=88.09|PF19=89.17|PF20=90.29|PF21=91.43|PF22=92.6|PMC0=96.89|PMC12=110.11|PMC18=118.17|PMC19=119.62|PMC20=121.12|PMC21=122.65|PMC22=124.22|PMVG17=68.28|PMVG18=69.13|PMVG20=70.85
CMED;20260508;medicamento;504111203117311;;;BIOLAB SANUS FARMACEUTICA LTDA;PANTOGAR;60MG + 20MG + 60MG + 100MG + 20MG + 20MG CAP DURA CT BL AL PLAS PVC/PVDC TRANS X 90;"NITRATO DE TIAMINA;ÁCIDO AMINOBENZÓICO;PANTOTENATO DE CÁLCIO;CISTINA;QUERATINA;LEVEDURA";7896112425496;1097401960038;90027728;504111203117311;;N;;261.12;350.28;;;;CMED_ICMS17;20260508;20;PF0=216.73|PF12=246.28|PF18=264.3|PF19=267.57|PF20=270.91|PF21=274.34|PF22=277.86|PMC0=290.74|PMC12=330.38|PMC18=354.55|PMC19=358.94|PMC20=363.42|PMC21=368.02|PMC22=372.74|PMVG17=204.9|PMVG18=207.4|PMVG20=212.58
CMED;20260508;medicamento;504115080053903;;;BIOLAB SANUS FARMACEUTICA LTDA;PANTOGAR;60MG + 20MG + 60MG + 100MG + 20MG + 20MG CAP DURA CT BL AL PLAS PVC/PVDC TRANS X 20;"NITRATO DE TIAMINA;ÁCIDO AMINOBENZÓICO;PANTOTENATO DE CÁLCIO;CISTINA;QUERATINA;LEVEDURA";7896112428084;1097401960046;90299973;504115080053903;;N;;58.02;77.83;;;;CMED_ICMS17;20260508;20;PF0=48.16|PF12=54.73|PF18=58.73|PF19=59.46|PF20=60.2|PF21=60.96|PF22=61.74|PMC0=64.6|PMC12=73.42|PMC18=78.78|PMC19=79.76|PMC20=80.76|PMC21=81.78|PMC22=82.82|PMVG17=45.53|PMVG18=46.09|PMVG20=47.24
CMED;20260508;medicamento;504116090056503;;;BIOLAB SANUS FARMACEUTICA LTDA;PANTOGAR;60MG + 20MG + 60MG + 100MG + 20MG + 20MG CAP DURA CT BL AL PLAS PVC/PVDC TRANS X 60;"ÁCIDO PARAMINOBENZÓICO;NITRATO DE TIAMINA;PANTOTENATO DE CÁLCIO;CISTINA;QUERATINA;LEVEDURA";7896112425410;1097401960021;90347730;504116090056503;;N;;174.06;233.5;;;;CMED_ICMS17;20260508;20;PF0=144.47|PF12=164.17|PF18=176.18|PF19=178.36|PF20=180.59|PF21=182.87|PF22=185.22|PMC0=193.8|PMC12=220.23|PMC18=236.34|PMC19=239.26|PMC20=242.26|PMC21=245.31|PMC22=248.47|PMVG17=136.58|PMVG18=138.25|PMVG20=141.71
CMED;20260508;medicamento;552922080148403;;;ACHÉ LABORATÓRIOS FARMACÊUTICOS S.A;PANTOMIX;40 MG COM REV LIB RETARD CT BL AL AL X 7;PANTOPRAZOL SÓDICO SESQUI-HIDRATADO;7896658040153;1057300110064;90545265;552922080148403;;N;;54.17;74.67;;;;CMED_ICMS17;20260508;20;PF0=44.96|PF12=51.09|PF18=54.83|PF19=55.51|PF20=56.2|PF21=56.91|PF22=57.64|PMC0=61.97|PMC12=70.42|PMC18=75.58|PMC19=76.51|PMC20=77.47|PMC21=78.44|PMC22=79.45|PMVG17=42.51|PMVG18=43.03|PMVG20=44.1
CMED;20260508;medicamento;552922080148503;;;ACHÉ LABORATÓRIOS FARMACÊUTICOS S.A;PANTOMIX;40 MG COM REV LIB RETARD CT BL AL AL X 28;PANTOPRAZOL SÓDICO SESQUI-HIDRATADO;7896658040177;1057300110080;90545273;552922080148503;;N;;216.67;298.66;;;;CMED_ICMS17;20260508;20;PF0=179.84|PF12=204.36|PF18=219.32|PF19=222.02|PF20=224.8|PF21=227.65|PF22=230.56|PMC0=247.89|PMC12=281.69|PMC18=302.31|PMC19=306.03|PMC20=309.86|PMC21=313.79|PMC22=317.8|PMVG17=170.02|PMVG18=172.1|PMVG20=176.4
CMED;20260508;medicamento;552922080148603;;;ACHÉ LABORATÓRIOS FARMACÊUTICOS S.A;PANTOMIX;40 MG COM REV LIB RETARD CT BL AL AL X 42;PANTOPRAZOL SÓDICO SESQUI-HIDRATADO;7896658040184;1057300110099;90545281;552922080148603;;N;;325.01;447.99;;;;CMED_ICMS17;20260508;20;PF0=269.76|PF12=306.55|PF18=328.98|PF19=333.04|PF20=337.2|PF21=341.47|PF22=345.85|PMC0=371.84|PMC12=422.55|PMC18=453.46|PMC19=459.06|PMC20=464.8|PMC21=470.68|PMC22=476.72|PMVG17=255.04|PMVG18=258.15|PMVG20=264.6
CMED;20260508;medicamento;511507502113410;;;SANDOZ DO BRASIL INDÚSTRIA FARMACÊUTICA LTDA;PANTOPAZ;20 MG COM REV LIB RETARD CT BL AL/AL X 28;PANTOPRAZOL SÓDICO SESQUI-HIDRATADO;7897595603111;1004703070035;90192397;511507502113410;;N;;21.64;29.83;;;;CMED_ICMS17;20260508;20;PF0=17.96|PF12=20.41|PF18=21.9|PF19=22.17|PF20=22.45|PF21=22.73|PF22=23.03|PMC0=24.76|PMC12=28.13|PMC18=30.19|PMC19=30.56|PMC20=30.94|PMC21=31.33|PMC22=31.74|PMVG17=16.98|PMVG18=17.18|PMVG20=17.62
CMED;20260508;medicamento;511507505112415;;;SANDOZ DO BRASIL INDÚSTRIA FARMACÊUTICA LTDA;PANTOPAZ;40 MG COM REV LIB RETARD CT BL AL/AL X 28;PANTOPRAZOL SÓDICO SESQUI-HIDRATADO;7897595603128;1004703070191;90192427;511507505112415;;N;;32.01;44.12;;;;CMED_ICMS17;20260508;20;PF0=26.57|PF12=30.19|PF18=32.4|PF19=32.8|PF20=33.21|PF21=33.63|PF22=34.06|PMC0=36.62|PMC12=41.61|PMC18=44.66|PMC19=45.21|PMC20=45.78|PMC21=46.36|PMC22=46.95|PMVG17=25.12|PMVG18=25.42|PMVG20=26.06
CMED;20260508;medicamento;506417030032606;;;CIMED INDUSTRIA S.A;PANTOPRAZOL;20 MG COM REV LIB RETARD CT STR AL X 28;PANTOPRAZOL SÓDICO SESQUI-HIDRATADO;7896523214351;1438101950029;90375793;506417030032606;S;N;;111.24;153.33;;;;CMED_ICMS17;20260508;20;PF0=92.33|PF12=104.92|PF18=112.6|PF19=113.99|PF20=115.41|PF21=116.87|PF22=118.37|PMC0=127.27|PMC12=144.62|PMC18=155.21|PMC19=157.12|PMC20=159.08|PMC21=161.09|PMC22=163.16|PMVG17=87.29|PMVG18=88.36|PMVG20=90.56
CMED;20260508;medicamento;506420090041307;;;CIMED INDUSTRIA S.A;PANTOPRAZOL;40 MG COM REV LIB RETARD CT BL AL AL X 42;PANTOPRAZOL SÓDICO SESQUI-HIDRATADO;7896523226323;1438101950290;90487613;506420090041307;S;N;;112.71;155.36;;;;CMED_ICMS17;20260508;20;PF0=93.55|PF12=106.31|PF18=114.09|PF19=115.49|PF20=116.94|PF21=118.42|PF22=119.94|PMC0=128.95|PMC12=146.54|PMC18=157.26|PMC19=159.19|PMC20=161.19|PMC21=163.23|PMC22=165.32|PMVG17=88.44|PMVG18=89.53|PMVG20=91.76
CMED;20260508;medicamento;506421050047806;;;CIMED INDUSTRIA S.A;PANTOPRAZOL;40 MG COM REV LIB RETARD CT BL AL AL X 28;PANTOPRAZOL SÓDICO SESQUI-HIDRATADO;7896523214382;1438101950274;90487605;506421050047806;S;N;;83.48;115.07;;;;CMED_ICMS17;20260508;20;PF0=69.29|PF12=78.74|PF18=84.5|PF19=85.54|PF20=86.61|PF21=87.71|PF22=88.83|PMC0=95.51|PMC12=108.53|PMC18=116.47|PMC19=117.91|PMC20=119.38|PMC21=120.9|PMC22=122.44|PMVG17=65.51|PMVG18=66.31|PMVG20=67.96
CMED;20260508;medicamento;506421050048106;;;CIMED INDUSTRIA S.A;PANTOPRAZOL;20 MG COM REV LIB RETARD CT BL AL AL X 28;PANTOPRAZOL SÓDICO SESQUI-HIDRATADO;7896523200989;1438101950193;90487591;506421050048106;S;N;;49.51;68.24;;;;CMED_ICMS17;20260508;20;PF0=41.09|PF12=46.69|PF18=50.11|PF19=50.73|PF20=51.36|PF21=52.01|PF22=52.68|PMC0=56.64|PMC12=64.36|PMC18=69.07|PMC19=69.93|PMC20=70.79|PMC21=71.69|PMC22=72.61|PMVG17=38.85|PMVG18=39.32|PMVG20=40.3
CMED;20260508;medicamento;508010605158117;;;EUROFARMA LABORATORIOS S.A.;PANTOPRAZOL;40 MG PÓ LIOF SOL INJ CT 50 FA VD TRANS + 50 AMP PLAS DIL X 10 ML;PANTOPRAZOL SÓDICO SESQUI-HIDRATADO;7891317450113;1004300260065;90070240;508010605158117;S;S;;5338.83;;;;;CMED_ICMS17;20260508;20;PF0=4431.23|PF12=5035.49|PF18=5403.94|PF19=5470.65|PF20=5539.04|PF21=5609.15|PF22=5681.06|PMVG17=4189.38|PMVG18=4240.47|PMVG20=4346.49
CMED;20260508;medicamento;508021080141306;;;EUROFARMA LABORATORIOS S.A.;PANTOPRAZOL;40 MG PÓ LIOF SOL INJ CT 50 FA VD TRANS;PANTOPRAZOL SÓDICO SESQUI-HIDRATADO;7891317009847;1004300260103;90512278;508021080141306;S;N;;5070.3;6988.88;;;;CMED_ICMS17;20260508;20;PF0=4208.35|PF12=4782.22|PF18=5132.13|PF19=5195.49|PF20=5260.44|PF21=5327.03|PF22=5395.32|PMC0=5800.77|PMC12=6591.79|PMC18=7074.11|PMC19=7161.44|PMC20=7250.97|PMC21=7342.76|PMC22=7436.89|PMVG17=3978.66|PMVG18=4027.18|PMVG20=4127.87
CMED;20260508;medicamento;510423110191906;;;GEOLAB INDÚSTRIA FARMACÊUTICA S/A;PANTOPRAZOL;40 MG COM REV LIB RETARD CT BL AL/AL X 28;PANTOPRAZOL SÓDICO SESQUI-HIDRATADO;7899095204034;1542303450064;90574346;510423110191906;S;N;;71.28;98.25;;;;CMED_ICMS17;20260508;20;PF0=59.16|PF12=67.23|PF18=72.15|PF19=73.04|PF20=73.95|PF21=74.89|PF22=75.85|PMC0=81.55|PMC12=92.67|PMC18=99.45|PMC19=100.68|PMC20=101.93|PMC21=103.23|PMC22=104.55|PMVG17=55.93|PMVG18=56.62|PMVG20=58.03
CMED;20260508;medicamento;511515402114114;;;SANDOZ DO BRASIL INDÚSTRIA FARMACÊUTICA LTDA;PANTOPRAZOL;20 MG COM REV LIB RETARD CT BL AL/AL X 28;PANTOPRAZOL SÓDICO SESQUI-HIDRATADO;7897595606259;1004704560036;90192451;511515402114114;S;N;;27.77;38.28;;;;CMED_ICMS17;20260508;20;PF0=23.05|PF12=26.19|PF18=28.11|PF19=28.46|PF20=28.81|PF21=29.18|PF22=29.55|PMC0=31.77|PMC12=36.1|PMC18=38.75|PMC19=39.23|PMC20=39.71|PMC21=40.22|PMC22=40.73|PMVG17=21.79|PMVG18=22.06|PMVG20=22.61
CMED;20260508;medicamento;511515404117110;;;SANDOZ DO BRASIL INDÚSTRIA FARMACÊUTICA LTDA;PANTOPRAZOL;40 MG COM REV LIB RETARD CT BL AL/AL X 28;PANTOPRAZOL SÓDICO SESQUI-HIDRATADO;7897595606297;1004704560079;90192478;511515404117110;S;N;;43.22;59.57;;;;CMED_ICMS17;20260508;20;PF0=35.87|PF12=40.76|PF18=43.74|PF19=44.28|PF20=44.84|PF21=45.41|PF22=45.99|PMC0=49.44|PMC12=56.18|PMC18=60.29|PMC19=61.04|PMC20=61.81|PMC21=62.59|PMC22=63.39|PMVG17=33.91|PMVG18=34.32|PMVG20=35.19
CMED;20260508;medicamento;525009601111115;;;SANOFI MEDLEY FARMACÊUTICA LTDA.;PANTOPRAZOL;20 MG COM REV CT BL AL/AL X 14;PANTOPRAZOL SÓDICO SESQUI-HIDRATADO;7896422506588;1832601870020;90367553;525009601111115;S;N;;22.31;30.75;;;;CMED_ICMS17;20260508;20;PF0=18.52|PF12=21.05|PF18=22.59|PF19=22.86|PF20=23.15|PF21=23.44|PF22=23.74|PMC0=25.53|PMC12=29.02|PMC18=31.14|PMC19=31.51|PMC20=31.91|PMC21=32.31|PMC22=32.72|PMVG17=17.51|PMVG18=17.73|PMVG20=18.17
CMED;20260508;medicamento;525009602116110;;;SANOFI MEDLEY FARMACÊUTICA LTDA.;PANTOPRAZOL;20 MG COM REV CT BL AL/AL X 28;PANTOPRAZOL SÓDICO SESQUI-HIDRATADO;7896422506595;1832601870039;90367570;525009602116110;S;N;;23.45;32.32;;;;CMED_ICMS17;20260508;20;PF0=19.46|PF12=22.11|PF18=23.73|PF19=24.02|PF20=24.33|PF21=24.63|PF22=24.95|PMC0=26.82|PMC12=30.48|PMC18=32.71|PMC19=33.11|PMC20=33.54|PMC21=33.95|PMC22=34.39|PMVG17=18.4|PMVG18=18.62|PMVG20=19.09
CMED;20260508;medicamento;525009604119117;;;SANOFI MEDLEY FARMACÊUTICA LTDA.;PANTOPRAZOL;40 MG COM REV CT BL AL/AL X 14;PANTOPRAZOL SÓDICO SESQUI-HIDRATADO;7896422506618;1832601870063;90367634;525009604119117;S;N;;38.39;52.92;;;;CMED_ICMS17;20260508;20;PF0=31.86|PF12=36.2|PF18=38.85|PF19=39.33|PF20=39.83|PF21=40.33|PF22=40.85|PMC0=43.92|PMC12=49.9|PMC18=53.55|PMC19=54.21|PMC20=54.9|PMC21=55.59|PMC22=56.31|PMVG17=30.12|PMVG18=30.48|PMVG20=31.26
CMED;20260508;medicamento;525009605115115;;;SANOFI MEDLEY FARMACÊUTICA LTDA.;PANTOPRAZOL;40 MG COM REV CT BL AL/AL X 28;PANTOPRAZOL SÓDICO SESQUI-HIDRATADO;7896422506625;1832601870071;90367642;525009605115115;S;N;;36.53;50.35;;;;CMED_ICMS17;20260508;20;PF0=30.32|PF12=34.45|PF18=36.98|PF19=37.43|PF20=37.9|PF21=38.38|PF22=38.87|PMC0=41.79|PMC12=47.49|PMC18=50.97|PMC19=51.59|PMC20=52.24|PMC21=52.9|PMC22=53.58|PMVG17=28.67|PMVG18=29.02|PMVG20=29.74
CMED;20260508;medicamento;525009607118111;;;SANOFI MEDLEY FARMACÊUTICA LTDA.;PANTOPRAZOL;20 MG COM REV CT BL AL/AL X 42;PANTOPRAZOL SÓDICO SESQUI-HIDRATADO;7896422517263;1832601870101;90367596;525009607118111;S;N;;48.57;66.95;;;;CMED_ICMS17;20260508;20;PF0=40.31|PF12=45.81|PF18=49.16|PF19=49.77|PF20=50.39|PF21=51.03|PF22=51.68|PMC0=55.56|PMC12=63.14|PMC18=67.76|PMC19=68.6|PMC20=69.46|PMC21=70.34|PMC22=71.24|PMVG17=38.11|PMVG18=38.58|PMVG20=39.54
CMED;20260508;medicamento;525009608114111;;;SANOFI MEDLEY FARMACÊUTICA LTDA.;PANTOPRAZOL;40 MG COM REV CT BL AL/AL X 42;PANTOPRAZOL SÓDICO SESQUI-HIDRATADO;7896422517287;1832601870098;90367669;525009608114111;S;N;;82.82;114.16;;;;CMED_ICMS17;20260508;20;PF0=68.74|PF12=78.11|PF18=83.83|PF19=84.86|PF20=85.93|PF21=87.01|PF22=88.13|PMC0=94.75|PMC12=107.67|PMC18=115.55|PMC19=116.97|PMC20=118.45|PMC21=119.93|PMC22=121.48|PMVG17=64.99|PMVG18=65.78|PMVG20=67.43
CMED;20260508;medicamento;526517090091606;;;NOVARTIS BIOCIENCIAS S.A;PANTOPRAZOL;20 MG COM REV CT BL AL/AL X 28;PANTOPRAZOL SÓDICO SESQUI-HIDRATADO;7897595633682;1006811290039;90385110;526517090091606;S;N;;28.96;39.92;;;;CMED_ICMS17;20260508;20;PF0=24.04|PF12=27.32|PF18=29.32|PF19=29.68|PF20=30.05|PF21=30.43|PF22=30.82|PMC0=33.14|PMC12=37.66|PMC18=40.41|PMC19=40.91|PMC20=41.42|PMC21=41.94|PMC22=42.48|PMVG17=22.72|PMVG18=23.01|PMVG20=23.58
CMED;20260508;medicamento;526517090091706;;;NOVARTIS BIOCIENCIAS S.A;PANTOPRAZOL;40 MG COM REV CT BL AL/AL X 28;PANTOPRAZOL SÓDICO SESQUI-HIDRATADO;7897595633699;1006811290071;90385128;526517090091706;S;N;;45.1;62.17;;;;CMED_ICMS17;20260508;20;PF0=37.43|PF12=42.53|PF18=45.65|PF19=46.21|PF20=46.79|PF21=47.38|PF22=47.99|PMC0=51.59|PMC12=58.62|PMC18=62.92|PMC19=63.7|PMC20=64.5|PMC21=65.31|PMC22=66.15|PMVG17=35.39|PMVG18=35.82|PMVG20=36.72
CMED;20260508;medicamento;528517110132106;;;PRATI DONADUZZI & CIA LTDA;PANTOPRAZOL;20 MG COM REV LIB RETARD CT BL AL AL X 28;PANTOPRAZOL SÓDICO SESQUI-HIDRATADO;7899547507867;1256802620020;90410327;528517110132106;S;N;;129.24;178.14;;;;CMED_ICMS17;20260508;20;PF0=107.27|PF12=121.9|PF18=130.82|PF19=132.43|PF20=134.09|PF21=135.78|PF22=137.53|PMC0=147.86|PMC12=168.03|PMC18=180.32|PMC19=182.54|PMC20=184.83|PMC21=187.16|PMC22=189.57|PMVG17=101.41|PMVG18=102.66|PMVG20=105.22
CMED;20260508;medicamento;528517110132206;;;PRATI DONADUZZI & CIA LTDA;PANTOPRAZOL;20 MG COM REV LIB RETARD CT BL AL AL X 56;PANTOPRAZOL SÓDICO SESQUI-HIDRATADO;7899547507881;1256802620047;90410335;528517110132206;S;N;;283.49;390.76;;;;CMED_ICMS17;20260508;20;PF0=235.3|PF12=267.39|PF18=286.95|PF19=290.49|PF20=294.13|PF21=297.85|PF22=301.67|PMC0=324.34|PMC12=368.57|PMC18=395.53|PMC19=400.41|PMC20=405.43|PMC21=410.56|PMC22=415.82|PMVG17=222.45|PMVG18=225.17|PMVG20=230.8
CMED;20260508;medicamento;528517110132306;;;PRATI DONADUZZI & CIA LTDA;PANTOPRAZOL;40 MG COM REV LIB RETARD CT BL AL AL X 28;PANTOPRAZOL SÓDICO SESQUI-HIDRATADO;7899547507973;1256802620128;90410343;528517110132306;S;N;;227.73;313.9;;;;CMED_ICMS17;20260508;20;PF0=189.02|PF12=214.8|PF18=230.51|PF19=233.36|PF20=236.28|PF21=239.27|PF22=242.33|PMC0=260.54|PMC12=296.08|PMC18=317.73|PMC19=321.66|PMC20=325.69|PMC21=329.81|PMC22=334.03|PMVG17=178.7|PMVG18=180.88|PMVG20=185.41
CMED;20260508;medicamento;528517110132406;;;PRATI DONADUZZI & CIA LTDA;PANTOPRAZOL;40 MG COM REV LIB RETARD CT BL AL AL X 56;PANTOPRAZOL SÓDICO SESQUI-HIDRATADO;7899547507997;1256802620144;90410351;528517110132406;S;N;;492.07;678.27;;;;CMED_ICMS17;20260508;20;PF0=408.42|PF12=464.11|PF18=498.07|PF19=504.22|PF20=510.53|PF21=516.99|PF22=523.62|PMC0=562.96|PMC12=639.73|PMC18=686.54|PMC19=695.01|PMC20=703.71|PMC21=712.62|PMC22=721.76|PMVG17=386.13|PMVG18=390.83|PMVG20=400.61
CMED;20260508;medicamento;528517110132606;;;PRATI DONADUZZI & CIA LTDA;PANTOPRAZOL;40 MG COM REV LIB RETARD CT BL AL AL X 280;PANTOPRAZOL SÓDICO SESQUI-HIDRATADO;7899547508048;1256802620195;90410378;528517110132606;S;S;;2277.71;;;;;CMED_ICMS17;20260508;20;PF0=1890.5|PF12=2148.3|PF18=2305.49|PF19=2333.95|PF20=2363.13|PF21=2393.04|PF22=2423.72|PMVG17=1787.32|PMVG18=1809.12|PMVG20=1854.35
CMED;20260508;medicamento;552919070079517;;;ACHÉ LABORATÓRIOS FARMACÊUTICOS S.A;PANTOPRAZOL;20 MG COM REV LIB RETARD CT BL AL AL X 14;PANTOPRAZOL SÓDICO SESQUI-HIDRATADO;7896181918417;1057305500022;90438949;552919070079517;S;N;;64;88.22;;;;CMED_ICMS17;20260508;20;PF0=53.12|PF12=60.36|PF18=64.78|PF19=65.58|PF20=66.4|PF21=67.24|PF22=68.1|PMC0=73.22|PMC12=83.2|PMC18=89.29|PMC19=90.4|PMC20=91.53|PMC21=92.68|PMC22=93.87|PMVG17=50.22|PMVG18=50.83|PMVG20=52.1
CMED;20260508;medicamento;552919070079617;;;ACHÉ LABORATÓRIOS FARMACÊUTICOS S.A;PANTOPRAZOL;40 MG COM REV LIB RETARD CT BL AL AL X 14;PANTOPRAZOL SÓDICO SESQUI-HIDRATADO;7896181918684;1057305500073;90438957;552919070079617;S;N;;112.58;155.18;;;;CMED_ICMS17;20260508;20;PF0=93.44|PF12=106.18|PF18=113.95|PF19=115.36|PF20=116.8|PF21=118.28|PF22=119.79|PMC0=128.8|PMC12=146.36|PMC18=157.07|PMC19=159.01|PMC20=161|PMC21=163.04|PMC22=165.12|PMVG17=88.34|PMVG18=89.42|PMVG20=91.65
CMED;20260508;medicamento;552919070079817;;;ACHÉ LABORATÓRIOS FARMACÊUTICOS S.A;PANTOPRAZOL;20 MG COM REV LIB RETARD CT BL AL AL X 28;PANTOPRAZOL SÓDICO SESQUI-HIDRATADO;7896181918424;1057305500030;90438973;552919070079817;S;N;;121.55;167.54;;;;CMED_ICMS17;20260508;20;PF0=100.89|PF12=114.65|PF18=123.04|PF19=124.56|PF20=126.11|PF21=127.71|PF22=129.35|PMC0=139.07|PMC12=158.03|PMC18=169.6|PMC19=171.69|PMC20=173.83|PMC21=176.03|PMC22=178.3|PMVG17=95.38|PMVG18=96.55|PMVG20=98.96
CMED;20260508;medicamento;552919070079917;;;ACHÉ LABORATÓRIOS FARMACÊUTICOS S.A;PANTOPRAZOL;20 MG COM REV LIB RETARD CT BL AL AL X 42;PANTOPRAZOL SÓDICO SESQUI-HIDRATADO;7896181918431;1057305500049;90438981;552919070079917;S;N;;192.06;264.73;;;;CMED_ICMS17;20260508;20;PF0=159.41|PF12=181.15|PF18=194.4|PF19=196.8|PF20=199.26|PF21=201.78|PF22=204.37|PMC0=219.73|PMC12=249.7|PMC18=267.96|PMC19=271.27|PMC20=274.66|PMC21=278.13|PMC22=281.7|PMVG17=150.71|PMVG18=152.55|PMVG20=156.36
CMED;20260508;medicamento;552919070080017;;;ACHÉ LABORATÓRIOS FARMACÊUTICOS S.A;PANTOPRAZOL;40 MG COM REV LIB RETARD CT BL AL AL X 28;PANTOPRAZOL SÓDICO SESQUI-HIDRATADO;7896181918691;1057305500081;90438990;552919070080017;S;N;;214.24;295.31;;;;CMED_ICMS17;20260508;20;PF0=177.82|PF12=202.07|PF18=216.85|PF19=219.53|PF20=222.28|PF21=225.09|PF22=227.97|PMC0=245.11|PMC12=278.53|PMC18=298.91|PMC19=302.6|PMC20=306.39|PMC21=310.26|PMC22=314.23|PMVG17=168.11|PMVG18=170.16|PMVG20=174.42
CMED;20260508;medicamento;552919070080117;;;ACHÉ LABORATÓRIOS FARMACÊUTICOS S.A;PANTOPRAZOL;40 MG COM REV LIB RETARD CT BL AL AL X 42;PANTOPRAZOL SÓDICO SESQUI-HIDRATADO;7896181918707;1057305500091;90439007;552919070080117;S;N;;337.76;465.57;;;;CMED_ICMS17;20260508;20;PF0=280.34|PF12=318.57|PF18=341.88|PF19=346.1|PF20=350.43|PF21=354.86|PF22=359.41|PMC0=386.42|PMC12=439.12|PMC18=471.25|PMC19=477.06|PMC20=483.03|PMC21=489.14|PMC22=495.41|PMVG17=265.04|PMVG18=268.27|PMVG20=274.98
CMED;20260508;medicamento;526122090164006;;;GERMED FARMACEUTICA LTDA;PANTOPRAZOL MAGNÉSICO;40 MG COM REV LIB RETARD CT BL AL AL X 7;PANTOPRAZOL MAGNÉSICO DI-HIDRATADO;7896004785547;1058310070012;90545915;526122090164006;S;N;;63.39;85.04;;;;CMED_ICMS17;20260508;20;PF0=52.61|PF12=59.78|PF18=64.16|PF19=64.95|PF20=65.76|PF21=66.59|PF22=67.45|PMC0=70.57|PMC12=80.19|PMC18=86.07|PMC19=87.13|PMC20=88.21|PMC21=89.33|PMC22=90.48|PMVG17=49.74|PMVG18=50.35|PMVG20=51.6
CMED;20260508;medicamento;526122090164106;;;GERMED FARMACEUTICA LTDA;PANTOPRAZOL MAGNÉSICO;40 MG COM REV LIB RETARD CT BL AL AL X 14;PANTOPRAZOL MAGNÉSICO DI-HIDRATADO;7896004785554;1058310070020;90545923;526122090164106;S;N;;126.77;170.06;;;;CMED_ICMS17;20260508;20;PF0=105.22|PF12=119.57|PF18=128.32|PF19=129.9|PF20=131.53|PF21=133.19|PF22=134.9|PMC0=141.15|PMC12=160.4|PMC18=172.14|PMC19=174.26|PMC20=176.44|PMC21=178.67|PMC22=180.96|PMVG17=99.48|PMVG18=100.69|PMVG20=103.21
CMED;20260508;medicamento;526122090164206;;;GERMED FARMACEUTICA LTDA;PANTOPRAZOL MAGNÉSICO;40 MG COM REV LIB RETARD CT BL AL AL X 15;PANTOPRAZOL MAGNÉSICO DI-HIDRATADO;7896004785561;1058310070039;90545931;526122090164206;S;N;;135.83;182.21;;;;CMED_ICMS17;20260508;20;PF0=112.74|PF12=128.11|PF18=137.49|PF19=139.19|PF20=140.93|PF21=142.71|PF22=144.54|PMC0=151.24|PMC12=171.86|PMC18=184.44|PMC19=186.72|PMC20=189.05|PMC21=191.44|PMC22=193.9|PMVG17=106.59|PMVG18=107.89|PMVG20=110.59
CMED;20260508;medicamento;526122090164306;;;GERMED FARMACEUTICA LTDA;PANTOPRAZOL MAGNÉSICO;40 MG COM REV LIB RETARD CT BL AL AL X 28;PANTOPRAZOL MAGNÉSICO DI-HIDRATADO;7896004785578;1058310070047;90545940;526122090164306;S;N;;253.53;340.1;;;;CMED_ICMS17;20260508;20;PF0=210.43|PF12=239.13|PF18=256.62|PF19=259.79|PF20=263.04|PF21=266.37|PF22=269.78|PMC0=282.28|PMC12=320.78|PMC18=344.25|PMC19=348.5|PMC20=352.86|PMC21=357.33|PMC22=361.9|PMVG17=198.94|PMVG18=201.37|PMVG20=206.41
CMED;20260508;medicamento;526122090164406;;;GERMED FARMACEUTICA LTDA;PANTOPRAZOL MAGNÉSICO;40 MG COM REV LIB RETARD CT BL AL AL X 30;PANTOPRAZOL MAGNÉSICO DI-HIDRATADO;7896004785585;1058310070055;90545958;526122090164406;S;N;;271.64;364.4;;;;CMED_ICMS17;20260508;20;PF0=225.46|PF12=256.2|PF18=274.95|PF19=278.35|PF20=281.83|PF21=285.39|PF22=289.05|PMC0=302.45|PMC12=343.68|PMC18=368.84|PMC19=373.4|PMC20=378.06|PMC21=382.84|PMC22=387.75|PMVG17=213.16|PMVG18=215.75|PMVG20=221.15
CMED;20260508;medicamento;526122090164506;;;GERMED FARMACEUTICA LTDA;PANTOPRAZOL MAGNÉSICO;40 MG COM REV LIB RETARD CT BL AL AL X 45;PANTOPRAZOL MAGNÉSICO DI-HIDRATADO;7896004785592;1058310070063;90545966;526122090164506;S;N;;407.48;546.62;;;;CMED_ICMS17;20260508;20;PF0=338.21|PF12=384.33|PF18=412.45|PF19=417.54|PF20=422.76|PF21=428.11|PF22=433.6|PMC0=453.7|PMC12=515.57|PMC18=553.29|PMC19=560.12|PMC20=567.12|PMC21=574.29|PMC22=581.66|PMVG17=319.75|PMVG18=323.65|PMVG20=331.74
CMED;20260508;medicamento;526122090164606;;;GERMED FARMACEUTICA LTDA;PANTOPRAZOL MAGNÉSICO;40 MG COM REV LIB RETARD CT BL AL AL X 60;PANTOPRAZOL MAGNÉSICO DI-HIDRATADO;7896004785608;1058310070071;90545974;526122090164606;S;N;;543.31;728.83;;;;CMED_ICMS17;20260508;20;PF0=450.95|PF12=512.44|PF18=549.94|PF19=556.73|PF20=563.69|PF21=570.82|PF22=578.14|PMC0=604.93|PMC12=687.42|PMC18=737.72|PMC19=746.83|PMC20=756.17|PMC21=765.73|PMC22=775.55|PMVG17=426.34|PMVG18=431.54|PMVG20=442.33
CMED;20260508;medicamento;541821060159906;;;EMS S/A;PANTOPRAZOL MAGNÉSICO DI-HIDRATADO;40 MG COM REV LIB RETARD CT BL AL AL X 7;PANTOPRAZOL MAGNÉSICO DI-HIDRATADO;7896004767758;1023512890018;90513100;541821060159906;S;N;;63.39;85.04;;;;CMED_ICMS17;20260508;20;PF0=52.61|PF12=59.78|PF18=64.16|PF19=64.95|PF20=65.76|PF21=66.59|PF22=67.45|PMC0=70.57|PMC12=80.19|PMC18=86.07|PMC19=87.13|PMC20=88.21|PMC21=89.33|PMC22=90.48|PMVG17=49.74|PMVG18=50.35|PMVG20=51.6
CMED;20260508;medicamento;541821060160006;;;EMS S/A;PANTOPRAZOL MAGNÉSICO DI-HIDRATADO;40 MG COM REV LIB RETARD CT BL AL AL X 15;PANTOPRAZOL MAGNÉSICO DI-HIDRATADO;7896004767772;1023512890034;90513126;541821060160006;S;N;;135.83;182.21;;;;CMED_ICMS17;20260508;20;PF0=112.74|PF12=128.11|PF18=137.49|PF19=139.19|PF20=140.93|PF21=142.71|PF22=144.54|PMC0=151.24|PMC12=171.86|PMC18=184.44|PMC19=186.72|PMC20=189.05|PMC21=191.44|PMC22=193.9|PMVG17=106.59|PMVG18=107.89|PMVG20=110.59
CMED;20260508;medicamento;541821060160106;;;EMS S/A;PANTOPRAZOL MAGNÉSICO DI-HIDRATADO;40 MG COM REV LIB RETARD CT BL AL AL X 28;PANTOPRAZOL MAGNÉSICO DI-HIDRATADO;7896004767789;1023512890042;90513134;541821060160106;S;N;;253.53;340.1;;;;CMED_ICMS17;20260508;20;PF0=210.43|PF12=239.13|PF18=256.62|PF19=259.79|PF20=263.04|PF21=266.37|PF22=269.78|PMC0=282.28|PMC12=320.78|PMC18=344.25|PMC19=348.5|PMC20=352.86|PMC21=357.33|PMC22=361.9|PMVG17=198.94|PMVG18=201.37|PMVG20=206.41
CMED;20260508;medicamento;541821060160206;;;EMS S/A;PANTOPRAZOL MAGNÉSICO DI-HIDRATADO;40 MG COM REV LIB RETARD CT BL AL AL X 30;PANTOPRAZOL MAGNÉSICO DI-HIDRATADO;7896004761329;1023512890050;90513142;541821060160206;S;N;;271.66;364.42;;;;CMED_ICMS17;20260508;20;PF0=225.48|PF12=256.23|PF18=274.98|PF19=278.37|PF20=281.85|PF21=285.42|PF22=289.08|PMC0=302.47|PMC12=343.72|PMC18=368.88|PMC19=373.42|PMC20=378.09|PMC21=382.88|PMC22=387.79|PMVG17=213.17|PMVG18=215.78|PMVG20=221.17
CMED;20260508;medicamento;541821060160306;;;EMS S/A;PANTOPRAZOL MAGNÉSICO DI-HIDRATADO;40 MG COM REV LIB RETARD CT BL AL AL X 45;PANTOPRAZOL MAGNÉSICO DI-HIDRATADO;7896004767796;1023512890069;90513150;541821060160306;S;N;;407.48;546.62;;;;CMED_ICMS17;20260508;20;PF0=338.21|PF12=384.33|PF18=412.45|PF19=417.54|PF20=422.76|PF21=428.11|PF22=433.6|PMC0=453.7|PMC12=515.57|PMC18=553.29|PMC19=560.12|PMC20=567.12|PMC21=574.29|PMC22=581.66|PMVG17=319.75|PMVG18=323.65|PMVG20=331.74
CMED;20260508;medicamento;541821060160406;;;EMS S/A;PANTOPRAZOL MAGNÉSICO DI-HIDRATADO;40 MG COM REV LIB RETARD CT BL AL AL X 60;PANTOPRAZOL MAGNÉSICO DI-HIDRATADO;7896004761336;1023512890077;90513169;541821060160406;S;N;;543.31;728.83;;;;CMED_ICMS17;20260508;20;PF0=450.95|PF12=512.44|PF18=549.94|PF19=556.73|PF20=563.69|PF21=570.82|PF22=578.14|PMC0=604.93|PMC12=687.42|PMC18=737.72|PMC19=746.83|PMC20=756.17|PMC21=765.73|PMC22=775.55|PMVG17=426.34|PMVG18=431.54|PMVG20=442.33
CMED;20260508;medicamento;541821060160506;;;EMS S/A;PANTOPRAZOL MAGNÉSICO DI-HIDRATADO;40 MG COM REV LIB RETARD CT BL AL AL X 14;PANTOPRAZOL MAGNÉSICO DI-HIDRATADO;7896004767765;1023512890026;90513118;541821060160506;S;N;;126.77;170.06;;;;CMED_ICMS17;20260508;20;PF0=105.22|PF12=119.57|PF18=128.32|PF19=129.9|PF20=131.53|PF21=133.19|PF22=134.9|PMC0=141.15|PMC12=160.4|PMC18=172.14|PMC19=174.26|PMC20=176.44|PMC21=178.67|PMC22=180.96|PMVG17=99.48|PMVG18=100.69|PMVG20=103.21
CMED;20260508;medicamento;552917060071106;;;ACHÉ LABORATÓRIOS FARMACÊUTICOS S.A;PANTOPRAZOL MAGNÉSICO DI-HIDRATADO;40 MG COM REV LIB RETARD CT BL AL AL X 60;"PANTOPRAZOL SÓDICO SESQUI-HIDRATADO;PANTOPRAZOL MAGNÉSICO DI-HIDRATADO";7896658027567;1057304930058;90392361;552917060071106;S;N;;584;783.42;;;;CMED_ICMS17;20260508;20;PF0=484.72|PF12=550.82|PF18=591.12|PF19=598.42|PF20=605.9|PF21=613.57|PF22=621.44|PMC0=650.23|PMC12=738.91|PMC18=792.97|PMC19=802.76|PMC20=812.79|PMC21=823.08|PMC22=833.64|PMVG17=458.26|PMVG18=463.85|PMVG20=475.45
CMED;20260508;medicamento;552919060078517;;;ACHÉ LABORATÓRIOS FARMACÊUTICOS S.A;PANTOPRAZOL MAGNÉSICO DIIDRATADO;40 MG COM REV LIB RETARD CT BL AL AL X 30;PANTOPRAZOL MAGNÉSICO DI-HIDRATADO;7896658053627;1057305540040;90438841;552919060078517;S;N;;292.04;391.76;;;;CMED_ICMS17;20260508;20;PF0=242.39|PF12=275.44|PF18=295.6|PF19=299.25|PF20=302.99|PF21=306.82|PF22=310.76|PMC0=325.16|PMC12=369.49|PMC18=396.54|PMC19=401.43|PMC20=406.45|PMC21=411.59|PMC22=416.87|PMVG17=229.16|PMVG18=231.96|PMVG20=237.76
CMED;20260508;medicamento;552926010179506;;;ACHÉ LABORATÓRIOS FARMACÊUTICOS S.A;PANTOPRAZOL MAGNÉSICO DIIDRATADO;40 MG COM REV LIB RETARD CT BL AL AL X 60;PANTOPRAZOL MAGNÉSICO DI-HIDRATADO;7896658053634;1057305540059;90620895;552926010179506;S;N;;551.86;740.3;;;;CMED_ICMS17;20260508;20;PF0=458.04|PF12=520.5|PF18=558.59|PF19=565.48|PF20=572.55|PF21=579.8|PF22=587.23|PMC0=614.44|PMC12=698.23|PMC18=749.33|PMC19=758.57|PMC20=768.06|PMC21=777.78|PMC22=787.75|PMVG17=433.04|PMVG18=438.33|PMVG20=449.28
CMED;20260508;medicamento;504413120036606;;;BLAU FARMACEUTICA S.A.;PANTOPRAZOL SÓDICO;40 MG PO SOL INJ IV CX 20 FA VD TRANS + 20 AMP DIL X 10 ML;PANTOPRAZOL SÓDICO;7896014688678;1163701270039;90294220;504413120036606;S;S;;2098.78;;;;;CMED_ICMS17;20260508;20;PF0=1741.99|PF12=1979.53|PF18=2124.38|PF19=2150.61|PF20=2177.49|PF21=2205.05|PF22=2233.32|PMVG17=1646.91|PMVG18=1667|PMVG20=1708.68
CMED;20260508;medicamento;504413120036706;;;BLAU FARMACEUTICA S.A.;PANTOPRAZOL SÓDICO;40 MG PO SOL INJ IV CX 50 FA VD TRANS + 50 AMP DIL X 10 ML;PANTOPRAZOL SÓDICO;7896014688685;1163701270047;90294238;504413120036706;S;S;;5247.01;;;;;CMED_ICMS17;20260508;20;PF0=4355.02|PF12=4948.89|PF18=5311|PF19=5376.57|PF20=5443.78|PF21=5512.68|PF22=5583.36|PMVG17=4117.33|PMVG18=4167.54|PMVG20=4271.74
CMED;20260508;medicamento;504423040082706;;;BLAU FARMACEUTICA S.A.;PANTOPRAZOL SÓDICO;40 MG PO SOL INJ IV CX 25 FA VD TRANS + 25 AMP DIL X 10 ML;PANTOPRAZOL SÓDICO SESQUI-HIDRATADO;7896014688692;1163701270055;90563271;504423040082706;S;S;;2400.73;;;;;CMED_ICMS17;20260508;20;PF0=1992.61|PF12=2264.33|PF18=2430.01|PF19=2460.01|PF20=2490.76|PF21=2522.29|PF22=2554.63|PMVG17=1883.85|PMVG18=1906.83|PMVG20=1954.5
CMED;20260508;medicamento;504621110083306;;;BRAINFARMA INDÚSTRIA QUÍMICA E FARMACÊUTICA S.A;PANTOPRAZOL SÓDICO;40 MG COM REV LIB RETARD CT BL AL AL X 28;PANTOPRAZOL SÓDICO SESQUI-HIDRATADO;7896714290492;1558406050081;90526546;504621110083306;S;N;;234.58;323.34;;;;CMED_ICMS17;20260508;20;PF0=194.7|PF12=221.25|PF18=237.44|PF19=240.37|PF20=243.38|PF21=246.46|PF22=249.62|PMC0=268.37|PMC12=304.97|PMC18=327.29|PMC19=331.33|PMC20=335.47|PMC21=339.72|PMC22=344.08|PMVG17=184.07|PMVG18=186.32|PMVG20=190.98
CMED;20260508;medicamento;504621110083406;;;BRAINFARMA INDÚSTRIA QUÍMICA E FARMACÊUTICA S.A;PANTOPRAZOL SÓDICO;40 MG COM REV LIB RETARD CT BL AL AL X 42;PANTOPRAZOL SÓDICO SESQUI-HIDRATADO;7896714290508;1558406050091;90526554;504621110083406;S;N;;351.86;485;;;;CMED_ICMS17;20260508;20;PF0=292.04|PF12=331.86|PF18=356.15|PF19=360.54|PF20=365.05|PF21=369.67|PF22=374.41|PMC0=402.55|PMC12=457.43|PMC18=490.92|PMC19=496.97|PMC20=503.18|PMC21=509.55|PMC22=516.09|PMVG17=276.1|PMVG18=279.47|PMVG20=286.45
CMED;20260508;medicamento;504621110083506;;;BRAINFARMA INDÚSTRIA QUÍMICA E FARMACÊUTICA S.A;PANTOPRAZOL SÓDICO;20 MG COM REV LIB RETARD CT BL AL AL X 28;PANTOPRAZOL SÓDICO SESQUI-HIDRATADO;7896714290478;1558406050030;90526520;504621110083506;S;N;;135.17;186.32;;;;CMED_ICMS17;20260508;20;PF0=112.19|PF12=127.49|PF18=136.82|PF19=138.51|PF20=140.24|PF21=142.01|PF22=143.83|PMC0=154.64|PMC12=175.73|PMC18=188.59|PMC19=190.92|PMC20=193.31|PMC21=195.75|PMC22=198.25|PMVG17=106.07|PMVG18=107.36|PMVG20=110.05
CMED;20260508;medicamento;504621110083606;;;BRAINFARMA INDÚSTRIA QUÍMICA E FARMACÊUTICA S.A;PANTOPRAZOL SÓDICO;20 MG COM REV LIB RETARD CT BL AL AL X 42;PANTOPRAZOL SÓDICO SESQUI-HIDRATADO;7896714290485;1558406050049;90526538;504621110083606;S;N;;202.73;279.44;;;;CMED_ICMS17;20260508;20;PF0=168.27|PF12=191.22|PF18=205.21|PF19=207.74|PF20=210.34|PF21=213|PF22=215.73|PMC0=231.94|PMC12=263.58|PMC18=282.86|PMC19=286.35|PMC20=289.93|PMC21=293.6|PMC22=297.36|PMVG17=159.08|PMVG18=161.03|PMVG20=165.05
CMED;20260508;medicamento;529912080040406;;;RANBAXY FARMACÊUTICA LTDA;PANTOPRAZOL SÓDICO;40 MG COM REV LIB RETARD CT STR AL X 28;PANTOPRAZOL;7897076913319;1235202010032;90272935;529912080040406;S;N;;118.87;163.85;;;;CMED_ICMS17;20260508;20;PF0=98.66|PF12=112.11|PF18=120.32|PF19=121.8|PF20=123.33|PF21=124.89|PF22=126.49|PMC0=135.99|PMC12=154.53|PMC18=165.85|PMC19=167.89|PMC20=170|PMC21=172.15|PMC22=174.35|PMVG17=93.28|PMVG18=94.42|PMVG20=96.78
CMED;20260508;medicamento;541814010006706;;;EMS S/A;PANTOPRAZOL SÓDICO;40 MG COM REV LIB RETARD CT BL AL AL X 42;PANTOPRAZOL SÓDICO SESQUI-HIDRATADO;7896004749358;1023501560267;90294122;541814010006706;S;N;;240.53;331.55;;;;CMED_ICMS17;20260508;20;PF0=199.64|PF12=226.86|PF18=243.46|PF19=246.47|PF20=249.55|PF21=252.71|PF22=255.95|PMC0=275.18|PMC12=312.7|PMC18=335.58|PMC19=339.73|PMC20=343.98|PMC21=348.33|PMC22=352.8|PMVG17=188.74|PMVG18=191.04|PMVG20=195.82
CMED;20260508;medicamento;541814010006806;;;EMS S/A;PANTOPRAZOL SÓDICO;20 MG COM REV LIB RETARD CT BL AL AL X 42;PANTOPRAZOL SÓDICO SESQUI-HIDRATADO;7896004749303;1023501560275;90294130;541814010006806;S;N;;143.88;198.32;;;;CMED_ICMS17;20260508;20;PF0=119.42|PF12=135.7|PF18=145.63|PF19=147.43|PF20=149.28|PF21=151.16|PF22=153.1|PMC0=164.61|PMC12=187.05|PMC18=200.74|PMC19=203.22|PMC20=205.77|PMC21=208.36|PMC22=211.03|PMVG17=112.9|PMVG18=114.27|PMVG20=117.14
CMED;20260508;medicamento;541814120009506;;;EMS S/A;PANTOPRAZOL SÓDICO;20 MG COM REV LIB RETARD CT BL AL AL X 28;PANTOPRAZOL SÓDICO SESQUI-HIDRATADO;7896004705989;1023501560216;90328523;541814120009506;S;N;;87.36;120.42;;;;CMED_ICMS17;20260508;20;PF0=72.51|PF12=82.4|PF18=88.43|PF19=89.52|PF20=90.64|PF21=91.78|PF22=92.96|PMC0=99.95|PMC12=113.58|PMC18=121.89|PMC19=123.39|PMC20=124.94|PMC21=126.51|PMC22=128.14|PMVG17=68.55|PMVG18=69.39|PMVG20=71.13
CMED;20260508;medicamento;541819020102906;;;EMS S/A;PANTOPRAZOL SÓDICO;40 MG COM REV LIB RETARD CT BL AL AL X 7;PANTOPRAZOL SÓDICO SESQUI-HIDRATADO;7896004709635;1023501560135;90430930;541819020102906;S;N;;45.17;62.26;;;;CMED_ICMS17;20260508;20;PF0=37.49|PF12=42.6|PF18=45.72|PF19=46.28|PF20=46.86|PF21=47.46|PF22=48.06|PMC0=51.68|PMC12=58.72|PMC18=63.02|PMC19=63.79|PMC20=64.59|PMC21=65.42|PMC22=66.25|PMVG17=35.44|PMVG18=35.88|PMVG20=36.77
CMED;20260508;medicamento;541819020103006;;;EMS S/A;PANTOPRAZOL SÓDICO;40 MG COM REV LIB RETARD CT BL AL AL X 28;PANTOPRAZOL SÓDICO SESQUI-HIDRATADO;7896004706009;1023501560151;90430948;541819020103006;S;N;;155.83;214.8;;;;CMED_ICMS17;20260508;20;PF0=129.34|PF12=146.98|PF18=157.73|PF19=159.68|PF20=161.68|PF21=163.72|PF22=165.82|PMC0=178.28|PMC12=202.6|PMC18=217.41|PMC19=220.1|PMC20=222.86|PMC21=225.67|PMC22=228.57|PMVG17=122.28|PMVG18=123.77|PMVG20=126.87
CMED;20260508;medicamento;541819030103606;;;EMS S/A;PANTOPRAZOL SÓDICO;40 MG COM REV LIB RETARD CT BL AL AL X 14;PANTOPRAZOL SÓDICO SESQUI-HIDRATADO;7896004705996;1023501560143;90431006;541819030103606;S;N;;82.48;113.69;;;;CMED_ICMS17;20260508;20;PF0=68.46|PF12=77.8|PF18=83.49|PF19=84.52|PF20=85.58|PF21=86.66|PF22=87.77|PMC0=94.36|PMC12=107.24|PMC18=115.08|PMC19=116.5|PMC20=117.96|PMC21=119.45|PMC22=120.98|PMVG17=64.72|PMVG18=65.52|PMVG20=67.16
CMED;20260508;medicamento;541819060109606;;;EMS S/A;PANTOPRAZOL SÓDICO;20 MG COM REV LIB RETARD CT BL AL AL X 7;PANTOPRAZOL SÓDICO SESQUI-HIDRATADO;7896004709642;1023501560194;90434692;541819060109606;S;N;;27.3;37.63;;;;CMED_ICMS17;20260508;20;PF0=22.66|PF12=25.75|PF18=27.63|PF19=27.98|PF20=28.33|PF21=28.68|PF22=29.05|PMC0=31.23|PMC12=35.49|PMC18=38.09|PMC19=38.57|PMC20=39.05|PMC21=39.53|PMC22=40.04|PMVG17=21.42|PMVG18=21.68|PMVG20=22.23
CMED;20260508;medicamento;508022110170206;;;EUROFARMA LABORATORIOS S.A.;PANTOPRAZOL SÓDICO SESQUI-HIDRATADO;40 MG COM REV LIB RETARD CT BL AL/AL X 28;PANTOPRAZOL SÓDICO SESQUI-HIDRATADO;7891317017422;1004314380068;90550609;508022110170206;S;N;;38.88;53.59;;;;CMED_ICMS17;20260508;20;PF0=32.27|PF12=36.67|PF18=39.35|PF19=39.84|PF20=40.34|PF21=40.85|PF22=41.37|PMC0=44.48|PMC12=50.55|PMC18=54.24|PMC19=54.92|PMC20=55.6|PMC21=56.31|PMC22=57.02|PMVG17=30.51|PMVG18=30.88|PMVG20=31.66
CMED;20260508;medicamento;508023010172106;;;EUROFARMA LABORATORIOS S.A.;PANTOPRAZOL SÓDICO SESQUI-HIDRATADO;20 MG COM REV LIB RETARD CT BL AL/AL X 28;PANTOPRAZOL SÓDICO SESQUI-HIDRATADO;7891317025830;1004314380033;90550595;508023010172106;S;N;;24.95;34.39;;;;CMED_ICMS17;20260508;20;PF0=20.71|PF12=23.53|PF18=25.26|PF19=25.57|PF20=25.89|PF21=26.22|PF22=26.55|PMC0=28.55|PMC12=32.43|PMC18=34.82|PMC19=35.25|PMC20=35.69|PMC21=36.14|PMC22=36.6|PMVG17=19.58|PMVG18=19.82|PMVG20=20.32
CMED;20260508;medicamento;525121020033306;;;MEDQUIMICA INDUSTRIA FARMACEUTICA LTDA.;PANTOPRAZOL SÓDICO SESQUI-HIDRATADO;40 MG COM REV CT BL AL PLAS PVC/PE/PVDC TRANS X 30;PANTOPRAZOL SÓDICO SESQUI-HIDRATADO;7896862923273;1091701200031;90508084;525121020033306;S;N;;74.06;102.08;;;;CMED_ICMS17;20260508;20;PF0=61.47|PF12=69.85|PF18=74.96|PF19=75.89|PF20=76.84|PF21=77.81|PF22=78.81|PMC0=84.73|PMC12=96.28|PMC18=103.32|PMC19=104.61|PMC20=105.92|PMC21=107.25|PMC22=108.63|PMVG17=58.11|PMVG18=58.82|PMVG20=60.3
CMED;20260508;medicamento;525121020033406;;;MEDQUIMICA INDUSTRIA FARMACEUTICA LTDA.;PANTOPRAZOL SÓDICO SESQUI-HIDRATADO;40 MG COM REV CT BL AL PLAS PVC/PE/PVDC TRANS X 60;PANTOPRAZOL SÓDICO SESQUI-HIDRATADO;7896862991975;1091701200064;90508092;525121020033406;S;N;;167.28;230.58;;;;CMED_ICMS17;20260508;20;PF0=138.84|PF12=157.77|PF18=169.32|PF19=171.41|PF20=173.55|PF21=175.75|PF22=178|PMC0=191.38|PMC12=217.47|PMC18=233.39|PMC19=236.27|PMC20=239.22|PMC21=242.25|PMC22=245.35|PMVG17=131.26|PMVG18=132.87|PMVG20=136.18
CMED;20260508;medicamento;525320070076807;;;NOVA QUIMICA FARMACÊUTICA S/A;PANTOPRAZOL SÓDICO SESQUI-HIDRATADO;20 MG COM REV LIB RETARD CT BL AL AL X 14;PANTOPRAZOL SÓDICO SESQUI-HIDRATADO;7895296446730;1267503740089;90475348;525320070076807;S;N;;68.65;94.63;;;;CMED_ICMS17;20260508;20;PF0=56.98|PF12=64.75|PF18=69.49|PF19=70.35|PF20=71.23|PF21=72.13|PF22=73.05|PMC0=78.54|PMC12=89.25|PMC18=95.78|PMC19=96.97|PMC20=98.18|PMC21=99.42|PMC22=100.69|PMVG17=53.87|PMVG18=54.53|PMVG20=55.9
CMED;20260508;medicamento;525320070077007;;;NOVA QUIMICA FARMACÊUTICA S/A;PANTOPRAZOL SÓDICO SESQUI-HIDRATADO;40 MG COM REV LIB RETARD CT BL AL AL X 56;PANTOPRAZOL SÓDICO SESQUI-HIDRATADO;7895296446815;1267503740135;90475364;525320070077007;S;N;;492.08;678.28;;;;CMED_ICMS17;20260508;20;PF0=408.43|PF12=464.13|PF18=498.09|PF19=504.23|PF20=510.54|PF21=517|PF22=523.63|PMC0=562.98|PMC12=639.75|PMC18=686.57|PMC19=695.03|PMC20=703.73|PMC21=712.63|PMC22=721.77|PMVG17=386.14|PMVG18=390.85|PMVG20=400.62
CMED;20260508;medicamento;525320070077207;;;NOVA QUIMICA FARMACÊUTICA S/A;PANTOPRAZOL SÓDICO SESQUI-HIDRATADO;20 MG COM REV LIB RETARD CT BL AL AL X 42;PANTOPRAZOL SÓDICO SESQUI-HIDRATADO;7895296446754;1267503740151;90475380;525320070077207;S;N;;212.78;293.3;;;;CMED_ICMS17;20260508;20;PF0=176.61|PF12=200.69|PF18=215.38|PF19=218.04|PF20=220.76|PF21=223.56|PF22=226.42|PMC0=243.44|PMC12=276.63|PMC18=296.88|PMC19=300.55|PMC20=304.29|PMC21=308.15|PMC22=312.1|PMVG17=166.97|PMVG18=169.01|PMVG20=173.23
CMED;20260508;medicamento;525920060056707;;;MULTILAB INDUSTRIA E COMERCIO DE PRODUTOS FARMACEUTICOS LTDA;PANTOPRAZOL SÓDICO SESQUI-HIDRATADO;40 MG COM REV LIB RETARD CT BL AL AL X 7;PANTOPRAZOL SÓDICO SESQUI-HIDRATADO;7896472517626;1181901930014;90475208;525920060056707;S;N;;66.66;91.88;;;;CMED_ICMS17;20260508;20;PF0=55.33|PF12=62.88|PF18=67.48|PF19=68.31|PF20=69.16|PF21=70.04|PF22=70.94|PMC0=76.27|PMC12=86.67|PMC18=93.01|PMC19=94.16|PMC20=95.33|PMC21=96.54|PMC22=97.78|PMVG17=52.31|PMVG18=52.95|PMVG20=54.27
CMED;20260508;medicamento;525920060056807;;;MULTILAB INDUSTRIA E COMERCIO DE PRODUTOS FARMACEUTICOS LTDA;PANTOPRAZOL SÓDICO SESQUI-HIDRATADO;40 MG COM REV LIB RETARD CT BL AL AL X 14;PANTOPRAZOL SÓDICO SESQUI-HIDRATADO;7896472517336;1181901930022;90475216;525920060056807;S;N;;122.07;168.26;;;;CMED_ICMS17;20260508;20;PF0=101.32|PF12=115.14|PF18=123.56|PF19=125.09|PF20=126.65|PF21=128.25|PF22=129.9|PMC0=139.66|PMC12=158.71|PMC18=170.31|PMC19=172.42|PMC20=174.57|PMC21=176.78|PMC22=179.05|PMVG17=95.79|PMVG18=96.96|PMVG20=99.38
CMED;20260508;medicamento;525920060056907;;;MULTILAB INDUSTRIA E COMERCIO DE PRODUTOS FARMACEUTICOS LTDA;PANTOPRAZOL SÓDICO SESQUI-HIDRATADO;40 MG COM REV LIB RETARD CT BL AL AL X 28;PANTOPRAZOL SÓDICO SESQUI-HIDRATADO;7896472517343;1181901930030;90475224;525920060056907;S;N;;227.8;314;;;;CMED_ICMS17;20260508;20;PF0=189.07|PF12=214.85|PF18=230.57|PF19=233.42|PF20=236.34|PF21=239.33|PF22=242.4|PMC0=260.61|PMC12=296.15|PMC18=317.82|PMC19=321.75|PMC20=325.77|PMC21=329.89|PMC22=334.12|PMVG17=178.75|PMVG18=180.93|PMVG20=185.46
CMED;20260508;medicamento;525920060057007;;;MULTILAB INDUSTRIA E COMERCIO DE PRODUTOS FARMACEUTICOS LTDA;PANTOPRAZOL SÓDICO SESQUI-HIDRATADO;20 MG COM REV LIB RETARD CT BL AL AL X 7;PANTOPRAZOL SÓDICO SESQUI-HIDRATADO;7896472517497;1181901930073;90475232;525920060057007;S;N;;39.78;54.83;;;;CMED_ICMS17;20260508;20;PF0=33.02|PF12=37.52|PF18=40.27|PF19=40.77|PF20=41.28|PF21=41.8|PF22=42.33|PMC0=45.51|PMC12=51.72|PMC18=55.51|PMC19=56.2|PMC20=56.9|PMC21=57.62|PMC22=58.35|PMVG17=31.22|PMVG18=31.6|PMVG20=32.39
CMED;20260508;medicamento;525920060057107;;;MULTILAB INDUSTRIA E COMERCIO DE PRODUTOS FARMACEUTICOS LTDA;PANTOPRAZOL SÓDICO SESQUI-HIDRATADO;20 MG COM REV LIB RETARD CT BL AL AL X 14;PANTOPRAZOL SÓDICO SESQUI-HIDRATADO;7896472517305;1181901930081;90475240;525920060057107;S;N;;68.64;94.61;;;;CMED_ICMS17;20260508;20;PF0=56.97|PF12=64.74|PF18=69.48|PF19=70.33|PF20=71.21|PF21=72.11|PF22=73.04|PMC0=78.53|PMC12=89.24|PMC18=95.77|PMC19=96.94|PMC20=98.16|PMC21=99.4|PMC22=100.68|PMVG17=53.86|PMVG18=54.52|PMVG20=55.88
CMED;20260508;medicamento;525920060057207;;;MULTILAB INDUSTRIA E COMERCIO DE PRODUTOS FARMACEUTICOS LTDA;PANTOPRAZOL SÓDICO SESQUI-HIDRATADO;20 MG COM REV LIB RETARD CT BL AL AL X 28;PANTOPRAZOL SÓDICO SESQUI-HIDRATADO;7896472517312;1181901930091;90475259;525920060057207;S;N;;129.25;178.16;;;;CMED_ICMS17;20260508;20;PF0=107.28|PF12=121.91|PF18=130.83|PF19=132.44|PF20=134.1|PF21=135.8|PF22=137.54|PMC0=147.87|PMC12=168.04|PMC18=180.34|PMC19=182.55|PMC20=184.84|PMC21=187.19|PMC22=189.58|PMVG17=101.42|PMVG18=102.66|PMVG20=105.23
CMED;20260508;medicamento;525920060057307;;;MULTILAB INDUSTRIA E COMERCIO DE PRODUTOS FARMACEUTICOS LTDA;PANTOPRAZOL SÓDICO SESQUI-HIDRATADO;40 MG COM REV LIB RETARD CT BL AL AL X 56;PANTOPRAZOL SÓDICO SESQUI-HIDRATADO;7896472517732;1181901930138;90475267;525920060057307;S;N;;492.1;678.31;;;;CMED_ICMS17;20260508;20;PF0=408.44|PF12=464.14|PF18=498.1|PF19=504.25|PF20=510.55|PF21=517.01|PF22=523.64|PMC0=562.99|PMC12=639.77|PMC18=686.58|PMC19=695.06|PMC20=703.74|PMC21=712.64|PMC22=721.78|PMVG17=386.15|PMVG18=390.86|PMVG20=400.63
CMED;20260508;medicamento;525920060057507;;;MULTILAB INDUSTRIA E COMERCIO DE PRODUTOS FARMACEUTICOS LTDA;PANTOPRAZOL SÓDICO SESQUI-HIDRATADO;20 MG COM REV LIB RETARD CT BL AL AL X 42;PANTOPRAZOL SÓDICO SESQUI-HIDRATADO;7896472517329;1181901930154;90475283;525920060057507;S;N;;212.78;293.3;;;;CMED_ICMS17;20260508;20;PF0=176.61|PF12=200.69|PF18=215.38|PF19=218.04|PF20=220.76|PF21=223.56|PF22=226.42|PMC0=243.44|PMC12=276.63|PMC18=296.88|PMC19=300.55|PMC20=304.29|PMC21=308.15|PMC22=312.1|PMVG17=166.97|PMVG18=169.01|PMVG20=173.23
CMED;20260508;medicamento;525920060057607;;;MULTILAB INDUSTRIA E COMERCIO DE PRODUTOS FARMACEUTICOS LTDA;PANTOPRAZOL SÓDICO SESQUI-HIDRATADO;20 MG COM REV LIB RETARD CT BL AL AL X 56;PANTOPRAZOL SÓDICO SESQUI-HIDRATADO;7896472517602;1181901930162;90475291;525920060057607;S;N;;283.52;390.8;;;;CMED_ICMS17;20260508;20;PF0=235.32|PF12=267.41|PF18=286.98|PF19=290.52|PF20=294.15|PF21=297.87|PF22=301.69|PMC0=324.36|PMC12=368.6|PMC18=395.57|PMC19=400.45|PMC20=405.46|PMC21=410.58|PMC22=415.85|PMVG17=222.48|PMVG18=225.19|PMVG20=230.82
CMED;20260508;medicamento;526114010090706;;;GERMED FARMACEUTICA LTDA;PANTOPRAZOL SÓDICO SESQUI-HIDRATADO;40 MG COM REV LIB RETARD CT BL AL AL X 42;PANTOPRAZOL SÓDICO;7896004749365;1058308970141;90433610;526114010090706;S;N;;212.67;293.14;;;;CMED_ICMS17;20260508;20;PF0=176.52|PF12=200.59|PF18=215.27|PF19=217.93|PF20=220.65|PF21=223.44|PF22=226.31|PMC0=243.31|PMC12=276.49|PMC18=296.73|PMC19=300.39|PMC20=304.14|PMC21=307.99|PMC22=311.94|PMVG17=166.88|PMVG18=168.92|PMVG20=173.14
CMED;20260508;medicamento;526114010090806;;;GERMED FARMACEUTICA LTDA;PANTOPRAZOL SÓDICO SESQUI-HIDRATADO;20 MG COM REV LIB RETARD CT BL AL AL X 42;PANTOPRAZOL SÓDICO SESQUI-HIDRATADO;7896004749310;1058308970151;90436636;526114010090806;S;N;;116.87;161.09;;;;CMED_ICMS17;20260508;20;PF0=97|PF12=110.23|PF18=118.29|PF19=119.75|PF20=121.25|PF21=122.78|PF22=124.36|PMC0=133.7|PMC12=151.94|PMC18=163.05|PMC19=165.06|PMC20=167.13|PMC21=169.24|PMC22=171.42|PMVG17=91.71|PMVG18=92.82|PMVG20=95.14
CMED;20260508;medicamento;526119030105306;;;GERMED FARMACEUTICA LTDA;PANTOPRAZOL SÓDICO SESQUI-HIDRATADO;20 MG COM REV LIB RETARD CT BL AL AL X 14;PANTOPRAZOL SÓDICO SESQUI-HIDRATADO;7896004708485;1058308970087;90427416;526119030105306;S;N;;42.46;58.53;;;;CMED_ICMS17;20260508;20;PF0=35.24|PF12=40.05|PF18=42.98|PF19=43.51|PF20=44.05|PF21=44.61|PF22=45.18|PMC0=48.57|PMC12=55.2|PMC18=59.24|PMC19=59.97|PMC20=60.72|PMC21=61.49|PMC22=62.28|PMVG17=33.32|PMVG18=33.73|PMVG20=34.57
CMED;20260508;medicamento;526119030105406;;;GERMED FARMACEUTICA LTDA;PANTOPRAZOL SÓDICO SESQUI-HIDRATADO;20 MG COM REV LIB RETARD CT BL AL AL X 28;PANTOPRAZOL SÓDICO SESQUI-HIDRATADO;7896004708492;1058308970095;90427424;526119030105406;S;N;;70.87;97.69;;;;CMED_ICMS17;20260508;20;PF0=58.82|PF12=66.84|PF18=71.73|PF19=72.62|PF20=73.53|PF21=74.46|PF22=75.41|PMC0=81.08|PMC12=92.13|PMC18=98.87|PMC19=100.1|PMC20=101.35|PMC21=102.64|PMC22=103.94|PMVG17=55.61|PMVG18=56.29|PMVG20=57.7
CMED;20260508;medicamento;526120010104607;;;GERMED FARMACEUTICA LTDA;PANTOPRAZOL SÓDICO SESQUI-HIDRATADO;40 MG COM REV LIB RETARD CT BL AL AL X 14;PANTOPRAZOL SÓDICO SESQUI-HIDRATADO;7896004708515;1058308970028;90449649;526120010104607;S;N;;70.87;97.69;;;;CMED_ICMS17;20260508;20;PF0=58.82|PF12=66.84|PF18=71.73|PF19=72.62|PF20=73.53|PF21=74.46|PF22=75.41|PMC0=81.08|PMC12=92.13|PMC18=98.87|PMC19=100.1|PMC20=101.35|PMC21=102.64|PMC22=103.94|PMVG17=55.61|PMVG18=56.29|PMVG20=57.7
CMED;20260508;medicamento;526120010104707;;;GERMED FARMACEUTICA LTDA;PANTOPRAZOL SÓDICO SESQUI-HIDRATADO;40 MG COM REV LIB RETARD CT BL AL AL X 28;PANTOPRAZOL SÓDICO SESQUI-HIDRATADO;7896004708508;1058308970036;90449657;526120010104707;S;N;;141.82;195.48;;;;CMED_ICMS17;20260508;20;PF0=117.71|PF12=133.76|PF18=143.55|PF19=145.32|PF20=147.14|PF21=149|PF22=150.91|PMC0=162.25|PMC12=184.37|PMC18=197.87|PMC19=200.31|PMC20=202.82|PMC21=205.38|PMC22=208.01|PMVG17=111.29|PMVG18=112.64|PMVG20=115.46
CMED;20260508;medicamento;538803901118118;;;LEGRAND PHARMA INDUSTRIA FARMACEUTICA LTDA;PANTOPRAZOL SÓDICO SESQUI-HIDRATADO;40 MG COM REV LIB RETARD CT BL AL AL X 14;PANTOPRAZOL SÓDICO SESQUI-HIDRATADO;7894916140409;1677304320023;90367626;538803901118118;S;N;;122.04;168.22;;;;CMED_ICMS17;20260508;20;PF0=101.29|PF12=115.1|PF18=123.52|PF19=125.05|PF20=126.61|PF21=128.22|PF22=129.86|PMC0=139.62|PMC12=158.65|PMC18=170.26|PMC19=172.37|PMC20=174.52|PMC21=176.74|PMC22=179|PMVG17=95.76|PMVG18=96.93|PMVG20=99.35
CMED;20260508;medicamento;538803902114116;;;LEGRAND PHARMA INDUSTRIA FARMACEUTICA LTDA;PANTOPRAZOL SÓDICO SESQUI-HIDRATADO;20 MG COM REV LIB RETARD CT BL AL AL X 14;PANTOPRAZOL SÓDICO SESQUI-HIDRATADO;7894916140430;1677304320082;90387864;538803902114116;S;N;;68.63;94.6;;;;CMED_ICMS17;20260508;20;PF0=56.96|PF12=64.73|PF18=69.46|PF19=70.32|PF20=71.2|PF21=72.1|PF22=73.03|PMC0=78.51|PMC12=89.22|PMC18=95.74|PMC19=96.93|PMC20=98.14|PMC21=99.38|PMC22=100.66|PMVG17=53.85|PMVG18=54.5|PMVG20=55.87
CMED;20260508;medicamento;538803903110114;;;LEGRAND PHARMA INDUSTRIA FARMACEUTICA LTDA;PANTOPRAZOL SÓDICO SESQUI-HIDRATADO;20 MG COM REV LIB RETARD CT BL AL AL X 28;PANTOPRAZOL SÓDICO SESQUI-HIDRATADO;7894916140423;1677304320090;90367561;538803903110114;S;N;;129.23;178.13;;;;CMED_ICMS17;20260508;20;PF0=107.26|PF12=121.89|PF18=130.8|PF19=132.42|PF20=134.08|PF21=135.77|PF22=137.51|PMC0=147.85|PMC12=168.01|PMC18=180.29|PMC19=182.53|PMC20=184.82|PMC21=187.14|PMC22=189.54|PMVG17=101.41|PMVG18=102.64|PMVG20=105.21
CMED;20260508;medicamento;538803904117112;;;LEGRAND PHARMA INDUSTRIA FARMACEUTICA LTDA;PANTOPRAZOL SÓDICO SESQUI-HIDRATADO;40 MG COM REV LIB RETARD CT BL AL AL X 28;PANTOPRAZOL SÓDICO SESQUI-HIDRATADO;7894916140393;1677304320031;90387872;538803904117112;S;N;;227.8;314;;;;CMED_ICMS17;20260508;20;PF0=189.07|PF12=214.85|PF18=230.57|PF19=233.42|PF20=236.34|PF21=239.33|PF22=242.4|PMC0=260.61|PMC12=296.15|PMC18=317.82|PMC19=321.75|PMC20=325.77|PMC21=329.89|PMC22=334.12|PMVG17=178.75|PMVG18=180.93|PMVG20=185.46
CMED;20260508;medicamento;538814010048006;;;LEGRAND PHARMA INDUSTRIA FARMACEUTICA LTDA;PANTOPRAZOL SÓDICO SESQUI-HIDRATADO;20 MG COM REV LIB RETARD CT BL AL AL X 42;PANTOPRAZOL SÓDICO SESQUI-HIDRATADO;7894916148627;1677304320155;90367588;538814010048006;S;N;;199.82;275.43;;;;CMED_ICMS17;20260508;20;PF0=165.85|PF12=188.47|PF18=202.26|PF19=204.75|PF20=207.31|PF21=209.94|PF22=212.63|PMC0=228.61|PMC12=259.79|PMC18=278.79|PMC19=282.23|PMC20=285.76|PMC21=289.38|PMC22=293.09|PMVG17=156.8|PMVG18=158.71|PMVG20=162.68
CMED;20260508;medicamento;538814010048106;;;LEGRAND PHARMA INDUSTRIA FARMACEUTICA LTDA;PANTOPRAZOL SÓDICO SESQUI-HIDRATADO;40 MG COM REV LIB RETARD CT BL AL AL X 42;PANTOPRAZOL SÓDICO SESQUI-HIDRATADO;7894916148634;1677304320147;90367650;538814010048106;S;N;;353.87;487.77;;;;CMED_ICMS17;20260508;20;PF0=293.71|PF12=333.76|PF18=358.18|PF19=362.6|PF20=367.14|PF21=371.78|PF22=376.55|PMC0=404.85|PMC12=460.05|PMC18=493.71|PMC19=499.81|PMC20=506.06|PMC21=512.46|PMC22=519.03|PMVG17=277.68|PMVG18=281.06|PMVG20=288.1
CMED;20260508;medicamento;538820090087307;;;LEGRAND PHARMA INDUSTRIA FARMACEUTICA LTDA;PANTOPRAZOL SÓDICO SESQUI-HIDRATADO;40 MG COM REV LIB RETARD CT BL AL AL X 7;PANTOPRAZOL SÓDICO SESQUI-HIDRATADO;7894916140416;1677304320015;90487559;538820090087307;S;N;;58.99;81.31;;;;CMED_ICMS17;20260508;20;PF0=48.96|PF12=55.64|PF18=59.71|PF19=60.44|PF20=61.2|PF21=61.97|PF22=62.77|PMC0=67.49|PMC12=76.69|PMC18=82.3|PMC19=83.31|PMC20=84.36|PMC21=85.42|PMC22=86.52|PMVG17=46.29|PMVG18=46.86|PMVG20=48.02
CMED;20260508;medicamento;538820090087407;;;LEGRAND PHARMA INDUSTRIA FARMACEUTICA LTDA;PANTOPRAZOL SÓDICO SESQUI-HIDRATADO;20 MG COM REV LIB RETARD CT BL AL AL X 7;PANTOPRAZOL SÓDICO SESQUI-HIDRATADO;7894916140447;1677304320074;90487567;538820090087407;S;N;;33.3;45.9;;;;CMED_ICMS17;20260508;20;PF0=27.64|PF12=31.41|PF18=33.71|PF19=34.12|PF20=34.55|PF21=34.99|PF22=35.44|PMC0=38.1|PMC12=43.3|PMC18=46.47|PMC19=47.03|PMC20=47.62|PMC21=48.23|PMC22=48.85|PMVG17=26.13|PMVG18=26.45|PMVG20=27.11
CMED;20260508;medicamento;538820090087507;;;LEGRAND PHARMA INDUSTRIA FARMACEUTICA LTDA;PANTOPRAZOL SÓDICO SESQUI-HIDRATADO;40 MG COM REV LIB RETARD CT BL AL AL X 56;PANTOPRAZOL SÓDICO SESQUI-HIDRATADO;7894916342124;1677304320139;90487575;538820090087507;S;N;;471.82;650.35;;;;CMED_ICMS17;20260508;20;PF0=391.61|PF12=445.01|PF18=477.57|PF19=483.47|PF20=489.51|PF21=495.71|PF22=502.06|PMC0=539.79|PMC12=613.4|PMC18=658.28|PMC19=666.41|PMC20=674.74|PMC21=683.28|PMC22=692.04|PMVG17=370.24|PMVG18=374.75|PMVG20=384.12
CMED;20260508;medicamento;538820090087607;;;LEGRAND PHARMA INDUSTRIA FARMACEUTICA LTDA;PANTOPRAZOL SÓDICO SESQUI-HIDRATADO;20 MG COM REV LIB RETARD CT BL AL AL X 56;PANTOPRAZOL SÓDICO SESQUI-HIDRATADO;7894916342117;1677304320163;90487583;538820090087607;S;N;;266.47;367.3;;;;CMED_ICMS17;20260508;20;PF0=221.17|PF12=251.33|PF18=269.72|PF19=273.05|PF20=276.46|PF21=279.96|PF22=283.55|PMC0=304.86|PMC12=346.43|PMC18=371.78|PMC19=376.37|PMC20=381.07|PMC21=385.9|PMC22=390.84|PMVG17=209.1|PMVG18=211.65|PMVG20=216.94
CMED;20260508;medicamento;576724080104306;;;SANOFI MEDLEY FARMACÊUTICA LTDA.;PANTOPRAZOL SÓDICO SESQUI-HIDRATADO;20 MG COM REV LIB RETARD CT BL AL/AL X 14;PANTOPRAZOL SÓDICO SESQUI-HIDRATADO;7891058005931;1832605040022;90591585;576724080104306;S;N;;17.02;23.46;;;;CMED_ICMS17;20260508;20;PF0=14.13|PF12=16.06|PF18=17.23|PF19=17.44|PF20=17.66|PF21=17.89|PF22=18.12|PMC0=19.48|PMC12=22.14|PMC18=23.75|PMC19=24.04|PMC20=24.34|PMC21=24.66|PMC22=24.98|PMVG17=13.36|PMVG18=13.52|PMVG20=13.86
CMED;20260508;medicamento;576724080104406;;;SANOFI MEDLEY FARMACÊUTICA LTDA.;PANTOPRAZOL SÓDICO SESQUI-HIDRATADO;20 MG COM REV LIB RETARD CT BL AL/AL X 28;PANTOPRAZOL SÓDICO SESQUI-HIDRATADO;7891058005955;1832605040030;90591593;576724080104406;S;N;;23.45;32.32;;;;CMED_ICMS17;20260508;20;PF0=19.46|PF12=22.11|PF18=23.73|PF19=24.02|PF20=24.33|PF21=24.63|PF22=24.95|PMC0=26.82|PMC12=30.48|PMC18=32.71|PMC19=33.11|PMC20=33.54|PMC21=33.95|PMC22=34.39|PMVG17=18.4|PMVG18=18.62|PMVG20=19.09
CMED;20260508;medicamento;576724080104506;;;SANOFI MEDLEY FARMACÊUTICA LTDA.;PANTOPRAZOL SÓDICO SESQUI-HIDRATADO;40 MG COM REV LIB RETARD CT BL AL/AL X 14;PANTOPRAZOL SÓDICO SESQUI-HIDRATADO;7891058005962;1832605040057;90591607;576724080104506;S;N;;28.1;38.73;;;;CMED_ICMS17;20260508;20;PF0=23.32|PF12=26.5|PF18=28.44|PF19=28.79|PF20=29.15|PF21=29.52|PF22=29.9|PMC0=32.14|PMC12=36.53|PMC18=39.2|PMC19=39.68|PMC20=40.18|PMC21=40.69|PMC22=41.21|PMVG17=22.05|PMVG18=22.32|PMVG20=22.87
CMED;20260508;medicamento;576724080104606;;;SANOFI MEDLEY FARMACÊUTICA LTDA.;PANTOPRAZOL SÓDICO SESQUI-HIDRATADO;40 MG COM REV LIB RETARD CT BL AL/AL X 28;PANTOPRAZOL SÓDICO SESQUI-HIDRATADO;7891058005979;1832605040065;90591615;576724080104606;S;N;;36.53;50.35;;;;CMED_ICMS17;20260508;20;PF0=30.32|PF12=34.45|PF18=36.98|PF19=37.43|PF20=37.9|PF21=38.38|PF22=38.87|PMC0=41.79|PMC12=47.49|PMC18=50.97|PMC19=51.59|PMC20=52.24|PMC21=52.9|PMC22=53.58|PMVG17=28.67|PMVG18=29.02|PMVG20=29.74
CMED;20260508;medicamento;576724080104706;;;SANOFI MEDLEY FARMACÊUTICA LTDA.;PANTOPRAZOL SÓDICO SESQUI-HIDRATADO;40 MG COM REV LIB RETARD CT BL AL/AL X 42;PANTOPRAZOL SÓDICO SESQUI-HIDRATADO;7891058005986;1832605040138;90591623;576724080104706;S;N;;82.82;114.16;;;;CMED_ICMS17;20260508;20;PF0=68.74|PF12=78.11|PF18=83.83|PF19=84.86|PF20=85.93|PF21=87.01|PF22=88.13|PMC0=94.75|PMC12=107.67|PMC18=115.55|PMC19=116.97|PMC20=118.45|PMC21=119.93|PMC22=121.48|PMVG17=64.99|PMVG18=65.78|PMVG20=67.43
CMED;20260508;medicamento;607024030105017;;;MULTILAB INDUSTRIA E COMERCIO DE PRODUTOS FARMACEUTICOS LTDA;PANTOPRAZOL SÓDICO SESQUI-HIDRATADO;40 MG COM REV LIB RETARD CT BL AL AL X 28;PANTOPRAZOL SÓDICO SESQUI-HIDRATADO;7895296199049;1181904000034;90583191;607024030105017;S;N;;227.8;314;;;;CMED_ICMS17;20260508;20;PF0=189.07|PF12=214.85|PF18=230.57|PF19=233.42|PF20=236.34|PF21=239.33|PF22=242.4|PMC0=260.61|PMC12=296.15|PMC18=317.82|PMC19=321.75|PMC20=325.77|PMC21=329.89|PMC22=334.12|PMVG17=178.75|PMVG18=180.93|PMVG20=185.46
CMED;20260508;medicamento;607024030105117;;;MULTILAB INDUSTRIA E COMERCIO DE PRODUTOS FARMACEUTICOS LTDA;PANTOPRAZOL SÓDICO SESQUI-HIDRATADO;20 MG COM REV LIB RETARD CT BL AL AL X 56;PANTOPRAZOL SÓDICO SESQUI-HIDRATADO;7895296238038;1181904000166;90583213;607024030105117;S;N;;283.52;390.8;;;;CMED_ICMS17;20260508;20;PF0=235.32|PF12=267.41|PF18=286.98|PF19=290.52|PF20=294.15|PF21=297.87|PF22=301.69|PMC0=324.36|PMC12=368.6|PMC18=395.57|PMC19=400.45|PMC20=405.46|PMC21=410.58|PMC22=415.85|PMVG17=222.48|PMVG18=225.19|PMVG20=230.82
CMED;20260508;medicamento;607024030105217;;;MULTILAB INDUSTRIA E COMERCIO DE PRODUTOS FARMACEUTICOS LTDA;PANTOPRAZOL SÓDICO SESQUI-HIDRATADO;20 MG COM REV LIB RETARD CT BL AL AL X 28;PANTOPRAZOL SÓDICO SESQUI-HIDRATADO;7895296446792;1181904000093;90583205;607024030105217;S;N;;129.24;178.14;;;;CMED_ICMS17;20260508;20;PF0=107.27|PF12=121.9|PF18=130.82|PF19=132.43|PF20=134.09|PF21=135.78|PF22=137.53|PMC0=147.86|PMC12=168.03|PMC18=180.32|PMC19=182.54|PMC20=184.83|PMC21=187.16|PMC22=189.57|PMVG17=101.41|PMVG18=102.66|PMVG20=105.22
CMED;20260508;medicamento;607024110115807;;;MULTILAB INDUSTRIA E COMERCIO DE PRODUTOS FARMACEUTICOS LTDA;PANTOPRAZOL SÓDICO SESQUI-HIDRATADO;40 MG COM REV LIB RETARD CT BL AL AL X 42;PANTOPRAZOL SÓDICO SESQUI-HIDRATADO;7895296238021;1181904000141;90594894;607024110115807;S;N;;364.64;502.62;;;;CMED_ICMS17;20260508;20;PF0=302.65|PF12=343.92|PF18=369.09|PF19=373.64|PF20=378.31|PF21=383.1|PF22=388.01|PMC0=417.17|PMC12=474.06|PMC18=508.75|PMC19=515.02|PMC20=521.46|PMC21=528.06|PMC22=534.83|PMVG17=286.13|PMVG18=289.63|PMVG20=296.86
CMED;20260508;medicamento;607024120118117;;;MULTILAB INDUSTRIA E COMERCIO DE PRODUTOS FARMACEUTICOS LTDA;PANTOPRAZOL SÓDICO SESQUI-HIDRATADO;40 MG COM REV LIB RETARD CT BL AL AL X 42;PANTOPRAZOL SÓDICO SESQUI-HIDRATADO;7896472517350;1181901930146;90475275;607024120118117;S;N;;281.05;387.4;;;;CMED_ICMS17;20260508;20;PF0=233.27|PF12=265.08|PF18=284.48|PF19=287.99|PF20=291.59|PF21=295.28|PF22=299.06|PMC0=321.54|PMC12=365.39|PMC18=392.13|PMC19=396.96|PMC20=401.93|PMC21=407.01|PMC22=412.22|PMVG17=220.54|PMVG18=223.23|PMVG20=228.81
CMED;20260508;medicamento;607025110120217;;;MULTILAB INDUSTRIA E COMERCIO DE PRODUTOS FARMACEUTICOS LTDA;PANTOPRAZOL SÓDICO SESQUI-HIDRATADO;40 MG COM REV LIB RETARD CT BL AL AL X 14;PANTOPRAZOL SÓDICO SESQUI-HIDRATADO;7895296199018;1181904000026;90620909;607025110120217;S;N;;117.35;161.75;;;;CMED_ICMS17;20260508;20;PF0=97.4|PF12=110.68|PF18=118.78|PF19=120.25|PF20=121.75|PF21=123.29|PF22=124.87|PMC0=134.26|PMC12=152.56|PMC18=163.73|PMC19=165.75|PMC20=167.82|PMC21=169.94|PMC22=172.12|PMVG17=92.08|PMVG18=93.21|PMVG20=95.54
CMED;20260508;medicamento;501102501114412;;;TAKEDA PHARMA LTDA.;PANTOZOL;20 MG COM REV LIB RETARD CT BL AL AL X 14;PANTOPRAZOL SÓDICO SESQUI-HIDRATADO;7896641802430;1063901820125;90174437;501102501114412;;N;;95.95;132.26;;;;CMED_ICMS17;20260508;20;PF0=79.64|PF12=90.5|PF18=97.12|PF19=98.32|PF20=99.55|PF21=100.81|PF22=102.1|PMC0=109.78|PMC12=124.74|PMC18=133.87|PMC19=135.52|PMC20=137.22|PMC21=138.96|PMC22=140.73|PMVG17=75.29|PMVG18=76.21|PMVG20=78.12
CMED;20260508;medicamento;501102502110410;;;TAKEDA PHARMA LTDA.;PANTOZOL;20 MG COM REV LIB RETARD CT BL AL AL X 28;PANTOPRAZOL SÓDICO SESQUI-HIDRATADO;7896641802478;1063901820133;90174453;501102502110410;;N;;198.87;274.12;;;;CMED_ICMS17;20260508;20;PF0=165.06|PF12=187.57|PF18=201.29|PF19=203.78|PF20=206.33|PF21=208.94|PF22=211.62|PMC0=227.52|PMC12=258.55|PMC18=277.46|PMC19=280.89|PMC20=284.4|PMC21=288|PMC22=291.7|PMVG17=156.05|PMVG18=157.95|PMVG20=161.91
CMED;20260508;medicamento;501102504113417;;;TAKEDA PHARMA LTDA.;PANTOZOL;40 MG COM REV LIB RETARD CT BL AL AL X 14;PANTOPRAZOL SÓDICO SESQUI-HIDRATADO;7896641802119;1063901820168;90174496;501102504113417;;N;;170.6;235.15;;;;CMED_ICMS17;20260508;20;PF0=141.6|PF12=160.91|PF18=172.68|PF19=174.81|PF20=177|PF21=179.24|PF22=181.54|PMC0=195.18|PMC12=221.8|PMC18=238.02|PMC19=240.96|PMC20=243.98|PMC21=247.06|PMC22=250.23|PMVG17=133.87|PMVG18=135.5|PMVG20=138.89
CMED;20260508;medicamento;501102505111418;;;TAKEDA PHARMA LTDA.;PANTOZOL;40 MG COM REV LIB RETARD CT BL AL AL X 28;PANTOPRAZOL SÓDICO SESQUI-HIDRATADO;7896641802232;1063901820176;90174518;501102505111418;;N;;350.42;483.02;;;;CMED_ICMS17;20260508;20;PF0=290.85|PF12=330.51|PF18=354.7|PF19=359.07|PF20=363.56|PF21=368.16|PF22=372.88|PMC0=400.91|PMC12=455.57|PMC18=488.92|PMC19=494.94|PMC20=501.13|PMC21=507.47|PMC22=513.98|PMVG17=274.97|PMVG18=278.33|PMVG20=285.28
CMED;20260508;medicamento;501102507155412;;;TAKEDA PHARMA LTDA.;PANTOZOL;40 MG PO LIOF SOL INJ IV CX FA VD TRANS + DIL AMP VD TRANS X 10 ML;PANTOPRAZOL SÓDICO SESQUI-HIDRATADO;7896641805714;1063901820052;90174569;501102507155412;;N;;163.49;225.35;;;;CMED_ICMS17;20260508;20;PF0=135.7|PF12=154.2|PF18=165.49|PF19=167.53|PF20=169.63|PF21=171.77|PF22=173.97|PMC0=187.05|PMC12=212.55|PMC18=228.11|PMC19=230.92|PMC20=233.82|PMC21=236.77|PMC22=239.8|PMVG17=128.29|PMVG18=129.86|PMVG20=133.11
CMED;20260508;medicamento;501102508119411;;;TAKEDA PHARMA LTDA.;PANTOZOL;20 MG COM REV LIB RETARD CT BL AL AL X 42;PANTOPRAZOL SÓDICO SESQUI-HIDRATADO;7896641804748;1063901820265;90174429;501102508119411;;N;;327.34;451.2;;;;CMED_ICMS17;20260508;20;PF0=271.69|PF12=308.74|PF18=331.33|PF19=335.42|PF20=339.61|PF21=343.91|PF22=348.32|PMC0=374.5|PMC12=425.57|PMC18=456.7|PMC19=462.34|PMC20=468.12|PMC21=474.04|PMC22=480.12|PMVG17=256.86|PMVG18=259.99|PMVG20=266.49
CMED;20260508;medicamento;501102509115418;;;TAKEDA PHARMA LTDA.;PANTOZOL;40 MG COM REV LIB RETARD CT BL AL AL X 42;PANTOPRAZOL SÓDICO SESQUI-HIDRATADO;7896641804755;1063901820370;90174488;501102509115418;;N;;568.14;783.12;;;;CMED_ICMS17;20260508;20;PF0=471.56|PF12=535.86|PF18=575.07|PF19=582.17|PF20=589.45|PF21=596.91|PF22=604.56|PMC0=650|PMC12=738.63|PMC18=792.67|PMC19=802.46|PMC20=812.5|PMC21=822.78|PMC22=833.32|PMVG17=445.82|PMVG18=451.26|PMVG20=462.54
CMED;20260508;medicamento;501102510113415;;;TAKEDA PHARMA LTDA.;PANTOZOL;20 MG COM REV LIB RETARD CT BL AL AL X 56;PANTOPRAZOL SÓDICO SESQUI-HIDRATADO;7896641807084;1063901820281;90174461;501102510113415;;N;;436.16;601.2;;;;CMED_ICMS17;20260508;20;PF0=362.01|PF12=411.38|PF18=441.48|PF19=446.93|PF20=452.51|PF21=458.24|PF22=464.12|PMC0=498.99|PMC12=567.04|PMC18=608.53|PMC19=616.05|PMC20=623.74|PMC21=631.64|PMC22=639.74|PMVG17=342.25|PMVG18=346.43|PMVG20=355.08
CMED;20260508;medicamento;501102511111416;;;TAKEDA PHARMA LTDA.;PANTOZOL;40 MG COM REV LIB RETARD CT BL AL AL X 56;PANTOPRAZOL SÓDICO SESQUI-HIDRATADO;7896641807091;1063901820397;90174526;501102511111416;;N;;757.06;1043.53;;;;CMED_ICMS17;20260508;20;PF0=628.36|PF12=714.05|PF18=766.29|PF19=775.75|PF20=785.45|PF21=795.39|PF22=805.59|PMC0=866.13|PMC12=984.24|PMC18=1056.25|PMC19=1069.29|PMC20=1082.66|PMC21=1096.36|PMC22=1110.42|PMVG17=594.06|PMVG18=601.31|PMVG20=616.34
CMED;20260508;medicamento;535322120003807;;;OCTAPHARMA BRASIL LTDA;PANZYGA;100 MG/ML SOL INJ CT FA VD TRANS X 50 ML;IMUNOGLOBULINA HUMANA;7898961181035;1397100170071;90558251;535322120003807;;S;;3674.26;;;;;CMED_ICMS17;20260508;20;PF0=3049.64|PF12=3465.5|PF18=3719.07|PF19=3764.99|PF20=3812.05|PF21=3860.3|PF22=3909.79
CMED;20260508;medicamento;526120020106807;;;GERMED FARMACEUTICA LTDA;PAPILUP;400 MG COM REV CT BL AL PLAS PVC/PVDC OPC X 10;SULFATO DE HIDROXICLOROQUINA;7896004768328;1058309600011;90462742;526120020106807;;N;;29.66;40.88;;;;CMED_ICMS17;20260508;20;PF0=24.62|PF12=27.98|PF18=30.02|PF19=30.4|PF20=30.78|PF21=31.16|PF22=31.56|PMC0=33.94|PMC12=38.57|PMC18=41.38|PMC19=41.9|PMC20=42.43|PMC21=42.95|PMC22=43.5
CMED;20260508;medicamento;526120020106907;;;GERMED FARMACEUTICA LTDA;PAPILUP;400 MG COM REV CT BL AL PLAS PVC/PVDC OPC X 20;SULFATO DE HIDROXICLOROQUINA;7896004768335;1058309600021;90462750;526120020106907;;N;;59.31;81.75;;;;CMED_ICMS17;20260508;20;PF0=49.23|PF12=55.94|PF18=60.04|PF19=60.78|PF20=61.54|PF21=62.32|PF22=63.12|PMC0=67.86|PMC12=77.11|PMC18=82.76|PMC19=83.78|PMC20=84.83|PMC21=85.9|PMC22=87
CMED;20260508;medicamento;526120020107007;;;GERMED FARMACEUTICA LTDA;PAPILUP;400 MG COM REV CT BL AL PLAS PVC/PVDC OPC X 30;SULFATO DE HIDROXICLOROQUINA;7896004768342;1058309600038;90462831;526120020107007;;N;;88.98;122.65;;;;CMED_ICMS17;20260508;20;PF0=73.85|PF12=83.92|PF18=90.06|PF19=91.17|PF20=92.31|PF21=93.48|PF22=94.68|PMC0=101.79|PMC12=115.67|PMC18=124.14|PMC19=125.67|PMC20=127.24|PMC21=128.85|PMC22=130.51
CMED;20260508;medicamento;526120020107107;;;GERMED FARMACEUTICA LTDA;PAPILUP;400 MG COM REV CT BL AL PLAS PVC/PVDC OPC X 60;SULFATO DE HIDROXICLOROQUINA;7896004768359;1058309600046;90462840;526120020107107;;N;;177.96;245.3;;;;CMED_ICMS17;20260508;20;PF0=147.71|PF12=167.85|PF18=180.13|PF19=182.36|PF20=184.64|PF21=186.97|PF22=189.37|PMC0=203.6|PMC12=231.36|PMC18=248.29|PMC19=251.36|PMC20=254.51|PMC21=257.72|PMC22=261.03
CMED;20260508;medicamento;504612030011806;;;BRAINFARMA INDÚSTRIA QUÍMICA E FARMACÊUTICA S.A;PARACETAMOL;750 MG COM CT BL AL PLAS LAR X 20;PARACETAMOL;7896714214498;1558401580023;90219589;504612030011806;S;N;;20.08;26.94;;;;CMED_ICMS17;20260508;20;PF0=16.67|PF12=18.94|PF18=20.33|PF19=20.58|PF20=20.84|PF21=21.1|PF22=21.37|PMC0=22.36|PMC12=25.41|PMC18=27.27|PMC19=27.61|PMC20=27.96|PMC21=28.3|PMC22=28.67|PMVG17=15.76|PMVG18=15.95|PMVG20=16.35
CMED;20260508;medicamento;504613040015806;;;BRAINFARMA INDÚSTRIA QUÍMICA E FARMACÊUTICA S.A;PARACETAMOL;750 MG COM DISPLAY BL AL PLAS LAR X 200;PARACETAMOL;7896714214542;1558401580015;90282531;504613040015806;S;N;;200.93;269.54;;;;CMED_ICMS17;20260508;20;PF0=166.77|PF12=189.51|PF18=203.38|PF19=205.89|PF20=208.46|PF21=211.1|PF22=213.81|PMC0=223.72|PMC12=254.22|PMC18=272.83|PMC19=276.19|PMC20=279.64|PMC21=283.18|PMC22=286.82|PMVG17=157.67|PMVG18=159.59|PMVG20=163.58
CMED;20260508;medicamento;504613040015916;;;BRAINFARMA INDÚSTRIA QUÍMICA E FARMACÊUTICA S.A;PARACETAMOL;200 MG/ML SOL OR CT FR PLAS OPC GOT X 15 ML;PARACETAMOL;7896714204185;1558401030015;90282485;504613040015916;S;N;;11.88;15.94;;;;CMED_ICMS17;20260508;20;PF0=9.86|PF12=11.2|PF18=12.02|PF19=12.17|PF20=12.33|PF21=12.48|PF22=12.64|PMC0=13.23|PMC12=15.02|PMC18=16.12|PMC19=16.33|PMC20=16.54|PMC21=16.74|PMC22=16.96|PMVG17=9.32|PMVG18=9.43|PMVG20=9.68
CMED;20260508;medicamento;506408202115110;;;CIMED INDUSTRIA S.A;PARACETAMOL;750 MG COM CT BL AL PLAS AMB X 20;PARACETAMOL;7896523209432;1438101240013;90043553;506408202115110;S;N;;21.54;28.9;;;;CMED_ICMS17;20260508;20;PF0=17.88|PF12=20.32|PF18=21.8|PF19=22.07|PF20=22.35|PF21=22.63|PF22=22.92|PMC0=23.99|PMC12=27.26|PMC18=29.24|PMC19=29.61|PMC20=29.98|PMC21=30.36|PMC22=30.75|PMVG17=16.9|PMVG18=17.11|PMVG20=17.54
CMED;20260508;medicamento;506408203111119;;;CIMED INDUSTRIA S.A;PARACETAMOL;750 MG COM CT BL AL PLAS AMB X 200 (EMB MULT);PARACETAMOL;7896523209449;1438101240021;90043561;506408203111119;S;N;;179.69;241.05;;;;CMED_ICMS17;20260508;20;PF0=149.14|PF12=169.48|PF18=181.88|PF19=184.12|PF20=186.43|PF21=188.78|PF22=191.21|PMC0=200.07|PMC12=227.35|PMC18=243.99|PMC19=246.99|PMC20=250.09|PMC21=253.24|PMC22=256.5|PMVG17=141|PMVG18=142.72|PMVG20=146.29
CMED;20260508;medicamento;510406501131113;;;GEOLAB INDÚSTRIA FARMACÊUTICA S/A;PARACETAMOL;200 MG/ML SOL OR CT FR PLAS OPC GOT X 15ML;PARACETAMOL;7899095202078;1542300500011;90279395;510406501131113;S;N;;10.7;14.35;;;;CMED_ICMS17;20260508;20;PF0=8.88|PF12=10.09|PF18=10.83|PF19=10.96|PF20=11.1|PF21=11.24|PF22=11.38|PMC0=11.91|PMC12=13.54|PMC18=14.53|PMC19=14.7|PMC20=14.89|PMC21=15.08|PMC22=15.27|PMVG17=8.4|PMVG18=8.5|PMVG20=8.71
CMED;20260508;medicamento;510822010017607;;;GREENPHARMA QUÍMICA E FARMACÊUTICA LTDA;PARACETAMOL;200 MG/ML SOL OR CT FR PLAS OPC GOT X 15 ML;PARACETAMOL;0742832304740;1201901060026;90525612;510822010017607;S;N;;9.19;12.33;;;;CMED_ICMS17;20260508;20;PF0=7.63|PF12=8.67|PF18=9.3|PF19=9.42|PF20=9.54|PF21=9.66|PF22=9.78|PMC0=10.24|PMC12=11.63|PMC18=12.48|PMC19=12.64|PMC20=12.8|PMC21=12.96|PMC22=13.12|PMVG17=7.21|PMVG18=7.3|PMVG20=7.49
CMED;20260508;medicamento;511607702114115;;;HIPOLABOR FARMACEUTICA LTDA;PARACETAMOL;500 MG COM BL AL PLAS AMB X 500;PARACETAMOL;7898123905141;1134301010036;90097955;511607702114115;S;S;;235.47;;;;;CMED_ICMS17;20260508;20;PF0=195.44|PF12=222.09|PF18=238.34|PF19=241.28|PF20=244.3|PF21=247.39|PF22=250.56|PMVG17=184.77|PMVG18=187.03|PMVG20=191.7
CMED;20260508;medicamento;520720030109907;;;LABORATORIO TEUTO BRASILEIRO S/A;PARACETAMOL;750 MG COM CT BL AL PLAS LAR X 20;PARACETAMOL;7896112101529;1037007360031;90446224;520720030109907;S;N;;16.55;22.2;;;;CMED_ICMS17;20260508;20;PF0=13.74|PF12=15.61|PF18=16.76|PF19=16.96|PF20=17.18|PF21=17.39|PF22=17.62|PMC0=18.43|PMC12=20.94|PMC18=22.48|PMC19=22.75|PMC20=23.05|PMC21=23.33|PMC22=23.64|PMVG17=12.99|PMVG18=13.15|PMVG20=13.48
CMED;20260508;medicamento;520720030110007;;;LABORATORIO TEUTO BRASILEIRO S/A;PARACETAMOL;200 MG/ML SOL OR CT FR PLAS GOT X 15 ML;PARACETAMOL;7896112101512;1037007360015;90446429;520720030110007;S;N;;8.46;11.35;;;;CMED_ICMS17;20260508;20;PF0=7.02|PF12=7.98|PF18=8.56|PF19=8.67|PF20=8.78|PF21=8.89|PF22=9|PMC0=9.42|PMC12=10.7|PMC18=11.48|PMC19=11.63|PMC20=11.78|PMC21=11.93|PMC22=12.07|PMVG17=6.64|PMVG18=6.72|PMVG20=6.89
CMED;20260508;medicamento;520722020114507;;;LABORATORIO TEUTO BRASILEIRO S/A;PARACETAMOL;100 MG/ML SUS OR CT FR VD AMB X 15 ML + SER DOS;PARACETAMOL;7896112168430;1037007590037;90528093;520722020114507;S;N;;21.9;29.38;;;;CMED_ICMS17;20260508;20;PF0=18.18|PF12=20.66|PF18=22.17|PF19=22.44|PF20=22.73|PF21=23.01|PF22=23.31|PMC0=24.39|PMC12=27.71|PMC18=29.74|PMC19=30.1|PMC20=30.49|PMC21=30.87|PMC22=31.27|PMVG17=17.18|PMVG18=17.4|PMVG20=17.84
CMED;20260508;medicamento;520722100115606;;;LABORATORIO TEUTO BRASILEIRO S/A;PARACETAMOL;32 MG/ML SUS OR CT FR PLAS PET TRANS X 60 ML + COP;PARACETAMOL;7896112168447;1037007590010;90543920;520722100115606;S;N;;17.81;23.89;;;;CMED_ICMS17;20260508;20;PF0=14.78|PF12=16.8|PF18=18.02|PF19=18.25|PF20=18.48|PF21=18.71|PF22=18.95|PMC0=19.83|PMC12=22.54|PMC18=24.17|PMC19=24.48|PMC20=24.79|PMC21=25.1|PMC22=25.42|PMVG17=13.98|PMVG18=14.14|PMVG20=14.5
CMED;20260508;medicamento;522123020007207;;;LABORATÓRIOS OSÓRIO DE MORAES LTDA;PARACETAMOL;750 MG COM CT BL AL PLAS TRANS X 20;PARACETAMOL;7898089300967;1050400500010;90552660;522123020007207;S;N;;24.66;33.08;;;;CMED_ICMS17;20260508;20;PF0=20.47|PF12=23.26|PF18=24.96|PF19=25.27|PF20=25.59|PF21=25.91|PF22=26.24|PMC0=27.46|PMC12=31.2|PMC18=33.48|PMC19=33.9|PMC20=34.33|PMC21=34.76|PMC22=35.2|PMVG17=19.35|PMVG18=19.59|PMVG20=20.08
CMED;20260508;medicamento;525009701130121;;;SANOFI MEDLEY FARMACÊUTICA LTDA.;PARACETAMOL;200 MG/ML SOL OR CT FR PLAS OPC GOT X 15 ML;PARACETAMOL;7896422505390;1832601750017;90368266;525009701130121;S;N;;15.69;21.05;;;;CMED_ICMS17;20260508;20;PF0=13.02|PF12=14.8|PF18=15.88|PF19=16.07|PF20=16.28|PF21=16.48|PF22=16.69|PMC0=17.47|PMC12=19.85|PMC18=21.3|PMC19=21.56|PMC20=21.84|PMC21=22.11|PMC22=22.39|PMVG17=12.31|PMVG18=12.46|PMVG20=12.78
CMED;20260508;medicamento;525009702110122;;;SANOFI MEDLEY FARMACÊUTICA LTDA.;PARACETAMOL;750 MG COM REV CT BL AL PLAS AMB X 20;PARACETAMOL;7896422504911;1832602180011;90368231;525009702110122;S;N;;24.51;32.88;;;;CMED_ICMS17;20260508;20;PF0=20.34|PF12=23.11|PF18=24.8|PF19=25.11|PF20=25.43|PF21=25.75|PF22=26.08|PMC0=27.29|PMC12=31|PMC18=33.27|PMC19=33.68|PMC20=34.11|PMC21=34.54|PMC22=34.99|PMVG17=19.23|PMVG18=19.46|PMVG20=19.96
CMED;20260508;medicamento;525114030019606;;;MEDQUIMICA INDUSTRIA FARMACEUTICA LTDA.;PARACETAMOL;750 MG COM CT BL AL PLAS AMB X 20;PARACETAMOL;7896862918149;1091700920055;90294270;525114030019606;S;N;;12.67;17;;;;CMED_ICMS17;20260508;20;PF0=10.52|PF12=11.95|PF18=12.83|PF19=12.99|PF20=13.15|PF21=13.32|PF22=13.49|PMC0=14.11|PMC12=16.03|PMC18=17.21|PMC19=17.43|PMC20=17.64|PMC21=17.87|PMC22=18.1|PMVG17=9.94|PMVG18=10.07|PMVG20=10.32
CMED;20260508;medicamento;525114030019706;;;MEDQUIMICA INDUSTRIA FARMACEUTICA LTDA.;PARACETAMOL;750 MG COM CT BL AL PLAS AMB X 200 (EMB MULT);PARACETAMOL;7896862918156;1091700920063;90294289;525114030019706;S;N;;127.57;171.13;;;;CMED_ICMS17;20260508;20;PF0=105.88|PF12=120.32|PF18=129.12|PF19=130.72|PF20=132.35|PF21=134.03|PF22=135.74|PMC0=142.03|PMC12=161.4|PMC18=173.21|PMC19=175.36|PMC20=177.54|PMC21=179.8|PMC22=182.09|PMVG17=100.1|PMVG18=101.32|PMVG20=103.86
CMED;20260508;medicamento;526120020105507;;;GERMED FARMACEUTICA LTDA;PARACETAMOL;750 MG COM REV CT BL AL PLAS TRANS X 200;PARACETAMOL;7896004719207;1058308890024;90451236;526120020105507;S;N;;167.53;224.74;;;;CMED_ICMS17;20260508;20;PF0=139.05|PF12=158.01|PF18=169.57|PF19=171.67|PF20=173.81|PF21=176.01|PF22=178.27|PMC0=186.53|PMC12=211.96|PMC18=227.47|PMC19=230.29|PMC20=233.16|PMC21=236.11|PMC22=239.14|PMVG17=131.46|PMVG18=133.06|PMVG20=136.39
CMED;20260508;medicamento;528504402139122;;;PRATI DONADUZZI & CIA LTDA;PARACETAMOL;200 MG/ML SOL OR CT FR PLAS OPC GOT X 15 ML;PARACETAMOL;7898148292721;1256800270022;90273788;528504402139122;S;N;;11.27;15.12;;;;CMED_ICMS17;20260508;20;PF0=9.35|PF12=10.63|PF18=11.4|PF19=11.54|PF20=11.69|PF21=11.84|PF22=11.99|PMC0=12.54|PMC12=14.26|PMC18=15.29|PMC19=15.48|PMC20=15.68|PMC21=15.88|PMC22=16.08|PMVG17=8.84|PMVG18=8.95|PMVG20=9.17
CMED;20260508;medicamento;528504403119125;;;PRATI DONADUZZI & CIA LTDA;PARACETAMOL;500 MG COM CT BL AL PLAS TRANS X 20;PARACETAMOL;7898148295012;1256800500011;90274083;528504403119125;S;N;;15.51;20.81;;;;CMED_ICMS17;20260508;20;PF0=12.87|PF12=14.63|PF18=15.7|PF19=15.89|PF20=16.09|PF21=16.29|PF22=16.5|PMC0=17.26|PMC12=19.63|PMC18=21.06|PMC19=21.32|PMC20=21.58|PMC21=21.85|PMC22=22.13|PMVG17=12.17|PMVG18=12.32|PMVG20=12.63
CMED;20260508;medicamento;528504404115123;;;PRATI DONADUZZI & CIA LTDA;PARACETAMOL;500 MG COM CT BL AL PLAS TRANS X 500;PARACETAMOL;7898148295029;1256800500028;90274091;528504404115123;S;S;;391.52;;;;;CMED_ICMS17;20260508;20;PF0=324.96|PF12=369.27|PF18=396.29|PF19=401.19|PF20=406.2|PF21=411.34|PF22=416.62|PMVG17=307.23|PMVG18=310.97|PMVG20=318.75
CMED;20260508;medicamento;528504411111111;;;PRATI DONADUZZI & CIA LTDA;PARACETAMOL;500 MG COM CT BL AL PLAS TRANS X 360;PARACETAMOL;7898148295098;1256800500087;90274130;528504411111111;S;N;;249.2;334.29;;;;CMED_ICMS17;20260508;20;PF0=206.84|PF12=235.05|PF18=252.24|PF19=255.36|PF20=258.55|PF21=261.82|PF22=265.18|PMC0=277.47|PMC12=315.31|PMC18=338.37|PMC19=342.56|PMC20=346.84|PMC21=351.22|PMC22=355.73|PMVG17=195.55|PMVG18=197.93|PMVG20=202.88
CMED;20260508;medicamento;528504417111113;;;PRATI DONADUZZI & CIA LTDA;PARACETAMOL;750 MG COM REV CT BL AL PLAS AMB X 480;PARACETAMOL;7898148294961;1256800500125;90274156;528504417111113;S;S;;316.11;;;;;CMED_ICMS17;20260508;20;PF0=262.37|PF12=298.15|PF18=319.96|PF19=323.91|PF20=327.96|PF21=332.11|PF22=336.37|PMVG17=248.05|PMVG18=251.07|PMVG20=257.35
CMED;20260508;medicamento;528504418116119;;;PRATI DONADUZZI & CIA LTDA;PARACETAMOL;750 MG COM REV CT BL AL PLAS AMB X 300;PARACETAMOL;7898148295142;1256800500151;90274180;528504418116119;S;N;;197.59;265.06;;;;CMED_ICMS17;20260508;20;PF0=164|PF12=186.36|PF18=200|PF19=202.47|PF20=205|PF21=207.59|PF22=210.26|PMC0=220|PMC12=250|PMC18=268.29|PMC19=271.61|PMC20=275|PMC21=278.47|PMC22=282.06|PMVG17=155.05|PMVG18=156.94|PMVG20=160.86
CMED;20260508;medicamento;528516020129406;;;PRATI DONADUZZI & CIA LTDA;PARACETAMOL;750 MG COM REV CT BL AL PLAS AMB X 24;PARACETAMOL;7898148294954;1256800500117;90343107;528516020129406;S;N;;15.67;21.02;;;;CMED_ICMS17;20260508;20;PF0=13.01|PF12=14.78|PF18=15.87|PF19=16.06|PF20=16.26|PF21=16.47|PF22=16.68|PMC0=17.45|PMC12=19.83|PMC18=21.29|PMC19=21.54|PMC20=21.81|PMC21=22.09|PMC22=22.38|PMVG17=12.3|PMVG18=12.45|PMVG20=12.76
CMED;20260508;medicamento;528518100140006;;;PRATI DONADUZZI & CIA LTDA;PARACETAMOL;750 MG COM REV CT BL AL PLAS AMB X 20;PARACETAMOL;7899547531251;1256800500265;90411110;528518100140006;S;N;;13.23;17.75;;;;CMED_ICMS17;20260508;20;PF0=10.98|PF12=12.48|PF18=13.39|PF19=13.56|PF20=13.73|PF21=13.9|PF22=14.08|PMC0=14.73|PMC12=16.74|PMC18=17.96|PMC19=18.19|PMC20=18.42|PMC21=18.65|PMC22=18.89|PMVG17=10.38|PMVG18=10.51|PMVG20=10.78
CMED;20260508;medicamento;528521120181107;;;PRATI DONADUZZI & CIA LTDA;PARACETAMOL;750 MG COM REV CT BL AL PLAS TRANS X 480;PARACETAMOL;7898148295043;1256800500044;90525701;528521120181107;S;N;;316.12;424.06;;;;CMED_ICMS17;20260508;20;PF0=262.38|PF12=298.16|PF18=319.98|PF19=323.93|PF20=327.98|PF21=332.13|PF22=336.38|PMC0=351.97|PMC12=399.97|PMC18=429.24|PMC19=434.54|PMC20=439.97|PMC21=445.54|PMC22=451.24|PMVG17=248.06|PMVG18=251.09|PMVG20=257.37
CMED;20260508;medicamento;528521120181207;;;PRATI DONADUZZI & CIA LTDA;PARACETAMOL;750 MG COM REV CT BL AL PLAS TRANS X 300;PARACETAMOL;7898148295081;1256800500079;90525710;528521120181207;S;N;;197.59;265.06;;;;CMED_ICMS17;20260508;20;PF0=164|PF12=186.36|PF18=200|PF19=202.47|PF20=205|PF21=207.59|PF22=210.26|PMC0=220|PMC12=250|PMC18=268.29|PMC19=271.61|PMC20=275|PMC21=278.47|PMC22=282.06|PMVG17=155.05|PMVG18=156.94|PMVG20=160.86
CMED;20260508;medicamento;528521120181307;;;PRATI DONADUZZI & CIA LTDA;PARACETAMOL;750 MG COM REV CT BL AL PLAS TRANS X 20;PARACETAMOL;7899547531237;1256800500249;90525728;528521120181307;S;N;;13.23;17.75;;;;CMED_ICMS17;20260508;20;PF0=10.98|PF12=12.48|PF18=13.39|PF19=13.56|PF20=13.73|PF21=13.9|PF22=14.08|PMC0=14.73|PMC12=16.74|PMC18=17.96|PMC19=18.19|PMC20=18.42|PMC21=18.65|PMC22=18.89|PMVG17=10.38|PMVG18=10.51|PMVG20=10.78
CMED;20260508;medicamento;528522070182307;;;PRATI DONADUZZI & CIA LTDA;PARACETAMOL;500 MG COM CT BL AL PLAS TRANS X 200;PARACETAMOL;7898148294992;1256800500109;90540670;528522070182307;S;S;;156.6;;;;;CMED_ICMS17;20260508;20;PF0=129.98|PF12=147.7|PF18=158.51|PF19=160.47|PF20=162.48|PF21=164.53|PF22=166.64|PMVG17=122.88|PMVG18=124.38|PMVG20=127.5
CMED;20260508;medicamento;533018101117117;;;UNIÃO QUÍMICA FARMACÊUTICA NACIONAL S/A;PARACETAMOL;750 MG COM CT BL AL PLAS TRANS X 20;PARACETAMOL;7896006281764;1049702810019;90209346;533018101117117;S;N;;19.35;25.96;;;;CMED_ICMS17;20260508;20;PF0=16.06|PF12=18.25|PF18=19.59|PF19=19.83|PF20=20.08|PF21=20.33|PF22=20.59|PMC0=21.54|PMC12=24.48|PMC18=26.28|PMC19=26.6|PMC20=26.94|PMC21=27.27|PMC22=27.62|PMVG17=15.18|PMVG18=15.37|PMVG20=15.76
CMED;20260508;medicamento;536200801115113;;;ZYDUS NIKKHO FARMACÊUTICA LTDA;PARACETAMOL;750 MG COM CT BL AL PLAS TRANS X 200;PARACETAMOL;7898910350147;1565100090011;90283082;536200801115113;S;N;;141.6;189.95;;;;CMED_ICMS17;20260508;20;PF0=117.53|PF12=133.56|PF18=143.33|PF19=145.1|PF20=146.91|PF21=148.77|PF22=150.68|PMC0=157.66|PMC12=179.17|PMC18=192.27|PMC19=194.65|PMC20=197.07|PMC21=199.57|PMC22=202.13|PMVG17=111.11|PMVG18=112.47|PMVG20=115.28
CMED;20260508;medicamento;541819120114907;;;EMS S/A;PARACETAMOL;750 MG COM REV CT BL AL PLAS TRANS X 20;PARACETAMOL;7896004703596;1023512010018;90447727;541819120114907;S;N;;18.57;24.91;;;;CMED_ICMS17;20260508;20;PF0=15.41|PF12=17.51|PF18=18.79|PF19=19.02|PF20=19.26|PF21=19.51|PF22=19.76|PMC0=20.67|PMC12=23.49|PMC18=25.21|PMC19=25.51|PMC20=25.84|PMC21=26.17|PMC22=26.51|PMVG17=14.57|PMVG18=14.74|PMVG20=15.11
CMED;20260508;medicamento;541819120115007;;;EMS S/A;PARACETAMOL;750 MG COM REV CT BL AL PLAS TRANS X 200;PARACETAMOL;7896004703602;1023512010026;90447735;541819120115007;S;N;;197.27;264.63;;;;CMED_ICMS17;20260508;20;PF0=163.73|PF12=186.06|PF18=199.67|PF19=202.14|PF20=204.66|PF21=207.25|PF22=209.91|PMC0=219.64|PMC12=249.59|PMC18=267.85|PMC19=271.16|PMC20=274.54|PMC21=278.02|PMC22=281.59|PMVG17=154.8|PMVG18=156.68|PMVG20=160.6
CMED;20260508;medicamento;552920020111317;;;ACHÉ LABORATÓRIOS FARMACÊUTICOS S.A;PARACETAMOL;750 MG COM REV CT BL AL PLAS AMB X 20;PARACETAMOL;7896181913214;1057306510021;90448367;552920020111317;S;N;;19.24;25.81;;;;CMED_ICMS17;20260508;20;PF0=15.97|PF12=18.15|PF18=19.48|PF19=19.72|PF20=19.96|PF21=20.22|PF22=20.47|PMC0=21.42|PMC12=24.35|PMC18=26.13|PMC19=26.45|PMC20=26.78|PMC21=27.12|PMC22=27.46|PMVG17=15.1|PMVG18=15.29|PMVG20=15.66
CMED;20260508;medicamento;552920020111417;;;ACHÉ LABORATÓRIOS FARMACÊUTICOS S.A;PARACETAMOL;750 MG COM REV CT BL AL PLAS AMB X 200;PARACETAMOL;7896181912958;1057306510031;90448375;552920020111417;S;N;;185.28;248.55;;;;CMED_ICMS17;20260508;20;PF0=153.78|PF12=174.75|PF18=187.54|PF19=189.85|PF20=192.23|PF21=194.66|PF22=197.15|PMC0=206.29|PMC12=234.42|PMC18=251.58|PMC19=254.68|PMC20=257.87|PMC21=261.13|PMC22=264.47|PMVG17=145.39|PMVG18=147.16|PMVG20=150.84
CMED;20260508;medicamento;552920080130817;;;ACHÉ LABORATÓRIOS FARMACÊUTICOS S.A;PARACETAMOL;200 MG/ML SOL OR CT FR GOT PLAS OPC X 15 ML;PARACETAMOL;7896181909712;1057305710019;90475402;552920080130817;S;N;;10.81;14.5;;;;CMED_ICMS17;20260508;20;PF0=8.97|PF12=10.19|PF18=10.94|PF19=11.07|PF20=11.21|PF21=11.35|PF22=11.5|PMC0=12.03|PMC12=13.67|PMC18=14.68|PMC19=14.85|PMC20=15.04|PMC21=15.23|PMC22=15.43|PMVG17=8.48|PMVG18=8.58|PMVG20=8.8
CMED;20260508;medicamento;607024040108517;;;MULTILAB INDUSTRIA E COMERCIO DE PRODUTOS FARMACEUTICOS LTDA;PARACETAMOL;750 MG COM REV CT BL AL PLAS TRANS X 20;PARACETAMOL;7895296289016;1181903570023;90583221;607024040108517;S;N;;24.17;32.42;;;;CMED_ICMS17;20260508;20;PF0=20.06|PF12=22.8|PF18=24.46|PF19=24.77|PF20=25.08|PF21=25.39|PF22=25.72|PMC0=26.91|PMC12=30.59|PMC18=32.81|PMC19=33.23|PMC20=33.64|PMC21=34.06|PMC22=34.5|PMVG17=18.97|PMVG18=19.19|PMVG20=19.68
CMED;20260508;medicamento;526128401112116;;;GERMED FARMACEUTICA LTDA;PARACETAMOL + CAFEÍNA;500 MG + 65 MG COM REV CT BL AL PLAS OPC X 20;"PARACETAMOL;CAFEÍNA";7896004721309;1058305690016;90086449;526128401112116;S;N;;23.8;31.93;;;;CMED_ICMS17;20260508;20;PF0=19.75|PF12=22.44|PF18=24.09|PF19=24.38|PF20=24.69|PF21=25|PF22=25.32|PMC0=26.49|PMC12=30.1|PMC18=32.32|PMC19=32.7|PMC20=33.12|PMC21=33.54|PMC22=33.97|PMVG17=18.68|PMVG18=18.9|PMVG20=19.37
CMED;20260508;medicamento;541820060131207;;;EMS S/A;PARACETAMOL + CAFEÍNA;500 MG + 65 MG COM REV CT BL AL PLAS OPC X 20;"PARACETAMOL;CAFEÍNA";7896004721323;1023512970011;90475496;541820060131207;S;N;;22.43;30.09;;;;CMED_ICMS17;20260508;20;PF0=18.62|PF12=21.16|PF18=22.71|PF19=22.99|PF20=23.28|PF21=23.57|PF22=23.87|PMC0=24.98|PMC12=28.39|PMC18=30.46|PMC19=30.84|PMC20=31.23|PMC21=31.62|PMC22=32.02|PMVG17=17.6|PMVG18=17.82|PMVG20=18.27
CMED;20260508;medicamento;510422030186506;;;GEOLAB INDÚSTRIA FARMACÊUTICA S/A;PARACETAMOL + CARISOPRODOL + DICLOFENACO SÓDICO + CAFEÍNA;(300,0 + 125,0 + 50,0 + 30,0) MG COM CT BL AL PLAS TRANS X 15;"CARISOPRODOL;PARACETAMOL;CAFEÍNA;DICLOFENACO SÓDICO";7899095200876;1542303250014;90532724;510422030186506;S;N;;11.9;15.96;;;;CMED_ICMS17;20260508;20;PF0=9.88|PF12=11.23|PF18=12.05|PF19=12.2|PF20=12.35|PF21=12.51|PF22=12.67|PMC0=13.25|PMC12=15.06|PMC18=16.16|PMC19=16.37|PMC20=16.57|PMC21=16.78|PMC22=17|PMVG17=9.34|PMVG18=9.46|PMVG20=9.69
CMED;20260508;medicamento;510422030186606;;;GEOLAB INDÚSTRIA FARMACÊUTICA S/A;PARACETAMOL + CARISOPRODOL + DICLOFENACO SÓDICO + CAFEÍNA;(300,0 + 125,0 + 50,0 + 30,0) MG COM CT BL AL PLAS TRANS X 30;"CARISOPRODOL;PARACETAMOL;CAFEÍNA;DICLOFENACO SÓDICO";7899095200852;1542303250022;90532732;510422030186606;S;N;;24.33;32.64;;;;CMED_ICMS17;20260508;20;PF0=20.19|PF12=22.94|PF18=24.62|PF19=24.93|PF20=25.24|PF21=25.56|PF22=25.88|PMC0=27.08|PMC12=30.77|PMC18=33.03|PMC19=33.44|PMC20=33.86|PMC21=34.29|PMC22=34.72|PMVG17=19.09|PMVG18=19.32|PMVG20=19.81
CMED;20260508;medicamento;533023070086306;;;UNIÃO QUÍMICA FARMACÊUTICA NACIONAL S/A;PARACETAMOL + CARISOPRODOL + DICLOFENACO SÓDICO + CAFEÍNA;(300 + 125 + 50 + 30) MG COM CT BL AL PLAS PVC TRANS X 15;"CARISOPRODOL;PARACETAMOL;CAFEÍNA;DICLOFENACO SÓDICO";7896006219705;1049715110037;90565428;533023070086306;S;N;;16.02;21.49;;;;CMED_ICMS17;20260508;20;PF0=13.3|PF12=15.11|PF18=16.22|PF19=16.42|PF20=16.63|PF21=16.84|PF22=17.05|PMC0=17.84|PMC12=20.27|PMC18=21.76|PMC19=22.03|PMC20=22.31|PMC21=22.59|PMC22=22.87|PMVG17=12.57|PMVG18=12.73|PMVG20=13.05
CMED;20260508;medicamento;533023070086406;;;UNIÃO QUÍMICA FARMACÊUTICA NACIONAL S/A;PARACETAMOL + CARISOPRODOL + DICLOFENACO SÓDICO + CAFEÍNA;(300 + 125 + 50 + 30) MG COM CT BL AL PLAS PVC TRANS X 30;"CARISOPRODOL;PARACETAMOL;CAFEÍNA;DICLOFENACO SÓDICO";7896006219712;1049715110045;90565436;533023070086406;S;N;;32.05;42.99;;;;CMED_ICMS17;20260508;20;PF0=26.6|PF12=30.23|PF18=32.44|PF19=32.84|PF20=33.25|PF21=33.67|PF22=34.1|PMC0=35.68|PMC12=40.55|PMC18=43.52|PMC19=44.05|PMC20=44.6|PMC21=45.17|PMC22=45.74|PMVG17=25.15|PMVG18=25.46|PMVG20=26.09
CMED;20260508;medicamento;507737901119113;;;EMS S/A;PARACETAMOL + CLORIDRATO DE PSEUDOEFEDRINA;500 MG + 30 MG COM REV CT BL AL PLAS OPC X 24;"PARACETAMOL;CLORIDRATO DE PSEUDOEFEDRINA";7896004722337;1023508740066;90058607;507737901119113;S;N;;11.83;15.87;;;;CMED_ICMS17;20260508;20;PF0=9.82|PF12=11.16|PF18=11.98|PF19=12.12|PF20=12.28|PF21=12.43|PF22=12.59|PMC0=13.17|PMC12=14.97|PMC18=16.07|PMC19=16.26|PMC20=16.47|PMC21=16.67|PMC22=16.89|PMVG17=9.28|PMVG18=9.4|PMVG20=9.64
CMED;20260508;medicamento;526128101119115;;;GERMED FARMACEUTICA LTDA;PARACETAMOL + CLORIDRATO DE PSEUDOEFEDRINA;500 MG + 30 MG COM REV CT BL AL PLAS OPC X 24;"PARACETAMOL;CLORIDRATO DE PSEUDOEFEDRINA";7896004722344;1058309000065;90433653;526128101119115;S;N;;11.83;15.87;;;;CMED_ICMS17;20260508;20;PF0=9.82|PF12=11.16|PF18=11.98|PF19=12.12|PF20=12.28|PF21=12.43|PF22=12.59|PMC0=13.17|PMC12=14.97|PMC18=16.07|PMC19=16.26|PMC20=16.47|PMC21=16.67|PMC22=16.89|PMVG17=9.28|PMVG18=9.4|PMVG20=9.64
CMED;20260508;medicamento;504122050078017;;;BIOLAB SANUS FARMACEUTICA LTDA;PARACETAMOL + FOSFATO DE CODEÍNA;(500,0 + 30,0) MG COM CT BL AL PLAS TRANS X 12;"PARACETAMOL;FOSFATO DE CODEÍNA";7898146823804;1097403230053;90536959;504122050078017;S;N;;21.06;28.25;;;;CMED_ICMS17;20260508;20;PF0=17.48|PF12=19.86|PF18=21.32|PF19=21.58|PF20=21.85|PF21=22.13|PF22=22.41|PMC0=23.45|PMC12=26.64|PMC18=28.6|PMC19=28.95|PMC20=29.31|PMC21=29.69|PMC22=30.06|PMVG17=16.53|PMVG18=16.73|PMVG20=17.15
CMED;20260508;medicamento;504122050078117;;;BIOLAB SANUS FARMACEUTICA LTDA;PARACETAMOL + FOSFATO DE CODEÍNA;(500,0 + 30,0) MG COM CT BL AL PLAS TRANS X 24;"PARACETAMOL;FOSFATO DE CODEÍNA";7898146824061;1097403230061;90536967;504122050078117;S;N;;41.8;56.07;;;;CMED_ICMS17;20260508;20;PF0=34.69|PF12=39.42|PF18=42.3|PF19=42.83|PF20=43.36|PF21=43.91|PF22=44.47|PMC0=46.54|PMC12=52.88|PMC18=56.74|PMC19=57.45|PMC20=58.17|PMC21=58.9|PMC22=59.65|PMVG17=32.8|PMVG18=33.19|PMVG20=34.02
CMED;20260508;medicamento;504122050078217;;;BIOLAB SANUS FARMACEUTICA LTDA;PARACETAMOL + FOSFATO DE CODEÍNA;(500,0 + 30,0) MG COM CT BL AL PLAS TRANS X 36;"PARACETAMOL;FOSFATO DE CODEÍNA";7899551307743;1097403230134;90536975;504122050078217;S;N;;62.58;83.95;;;;CMED_ICMS17;20260508;20;PF0=51.94|PF12=59.02|PF18=63.34|PF19=64.12|PF20=64.93|PF21=65.75|PF22=66.59|PMC0=69.68|PMC12=79.17|PMC18=84.97|PMC19=86.01|PMC20=87.1|PMC21=88.2|PMC22=89.33|PMVG17=49.11|PMVG18=49.7|PMVG20=50.95
CMED;20260508;medicamento;504621040080606;;;BRAINFARMA INDÚSTRIA QUÍMICA E FARMACÊUTICA S.A;PARACETAMOL + FOSFATO DE CODEINA;(500,0 + 30,0) MG COM CT BL AL PLAS PVC TRANS X 12;"PARACETAMOL;FOSFATO DE CODEÍNA HEMI-HIDRATADO";7896714263137;1558405830059;90511360;504621040080606;S;N;;22.59;30.3;;;;CMED_ICMS17;20260508;20;PF0=18.75|PF12=21.31|PF18=22.87|PF19=23.15|PF20=23.44|PF21=23.73|PF22=24.04|PMC0=25.15|PMC12=28.59|PMC18=30.68|PMC19=31.05|PMC20=31.44|PMC21=31.83|PMC22=32.25|PMVG17=17.73|PMVG18=17.95|PMVG20=18.39
CMED;20260508;medicamento;504621040080706;;;BRAINFARMA INDÚSTRIA QUÍMICA E FARMACÊUTICA S.A;PARACETAMOL + FOSFATO DE CODEINA;(500,0 + 30,0) MG COM CT BL AL PLAS PVC TRANS X 24;"PARACETAMOL;FOSFATO DE CODEÍNA HEMI-HIDRATADO";7896714263144;1558405830067;90511379;504621040080706;S;N;;45.18;60.61;;;;CMED_ICMS17;20260508;20;PF0=37.5|PF12=42.61|PF18=45.73|PF19=46.3|PF20=46.88|PF21=47.47|PF22=48.08|PMC0=50.3|PMC12=57.16|PMC18=61.35|PMC19=62.11|PMC20=62.89|PMC21=63.68|PMC22=64.5|PMVG17=35.45|PMVG18=35.88|PMVG20=36.79
CMED;20260508;medicamento;508015040107206;;;EUROFARMA LABORATORIOS S.A.;PARACETAMOL + FOSFATO DE CODEÍNA;500MG + 30MG COM CT BL AL PVC/PCTFE TRANS X 24;"PARACETAMOL;FOSFATO DE CODEÍNA";7891317000127;1004311350095;90371704;508015040107206;S;N;;41.88;56.18;;;;CMED_ICMS17;20260508;20;PF0=34.76|PF12=39.5|PF18=42.39|PF19=42.91|PF20=43.45|PF21=44|PF22=44.56|PMC0=46.63|PMC12=52.99|PMC18=56.86|PMC19=57.56|PMC20=58.29|PMC21=59.02|PMC22=59.78|PMVG17=32.86|PMVG18=33.26|PMVG20=34.1
CMED;20260508;medicamento;508016100113406;;;EUROFARMA LABORATORIOS S.A.;PARACETAMOL + FOSFATO DE CODEÍNA;500MG + 30MG COM CT BL AL PVC/PCTFE TRANS X 36;"PARACETAMOL;FOSFATO DE CODEÍNA";7891317192822;1004311350109;90371682;508016100113406;S;N;;62.58;83.95;;;;CMED_ICMS17;20260508;20;PF0=51.94|PF12=59.02|PF18=63.34|PF19=64.12|PF20=64.93|PF21=65.75|PF22=66.59|PMC0=69.68|PMC12=79.17|PMC18=84.97|PMC19=86.01|PMC20=87.1|PMC21=88.2|PMC22=89.33|PMVG17=49.11|PMVG18=49.7|PMVG20=50.95
CMED;20260508;medicamento;508028401112111;;;EUROFARMA LABORATORIOS S.A.;PARACETAMOL + FOSFATO DE CODEÍNA;500MG + 30MG COM CT BL AL PVC/PCTFE TRANS X 12;"PARACETAMOL;FOSFATO DE CODEÍNA HEMI-HIDRATADO";7891317000110;1004311350087;90378156;508028401112111;S;N;;21.12;28.33;;;;CMED_ICMS17;20260508;20;PF0=17.53|PF12=19.92|PF18=21.38|PF19=21.64|PF20=21.91|PF21=22.19|PF22=22.47|PMC0=23.52|PMC12=26.72|PMC18=28.68|PMC19=29.03|PMC20=29.39|PMC21=29.77|PMC22=30.14|PMVG17=16.57|PMVG18=16.78|PMVG20=17.19
CMED;20260508;medicamento;510413070087206;;;GEOLAB INDÚSTRIA FARMACÊUTICA S/A;PARACETAMOL + FOSFATO DE CODEÍNA;500 MG + 30 MG COM CT BL AL PLAS TRANS X 12;PARACETAMOL;7899095238565;1542302010052;90281810;510413070087206;S;N;;23.72;31.82;;;;CMED_ICMS17;20260508;20;PF0=19.69|PF12=22.38|PF18=24.01|PF19=24.31|PF20=24.61|PF21=24.92|PF22=25.24|PMC0=26.41|PMC12=30.02|PMC18=32.21|PMC19=32.61|PMC20=33.01|PMC21=33.43|PMC22=33.86|PMVG17=18.61|PMVG18=18.84|PMVG20=19.31
CMED;20260508;medicamento;510413070087406;;;GEOLAB INDÚSTRIA FARMACÊUTICA S/A;PARACETAMOL + FOSFATO DE CODEÍNA;500 MG + 30 MG COM CX BL AL PLAS TRANS X 96 (EMB HOSP);PARACETAMOL;7899095217652;1542302010079;90281837;510413070087406;S;S;;189.93;;;;;CMED_ICMS17;20260508;20;PF0=157.64|PF12=179.14|PF18=192.24|PF19=194.62|PF20=197.05|PF21=199.54|PF22=202.1|PMVG17=149.04|PMVG18=150.85|PMVG20=154.63
CMED;20260508;medicamento;510418120173406;;;GEOLAB INDÚSTRIA FARMACÊUTICA S/A;PARACETAMOL + FOSFATO DE CODEÍNA;500 MG + 30 MG COM CT BL AL PLAS TRANS X 24;"PARACETAMOL;FOSFATO DE CODEÍNA";7899095238572;1542302010060;90401891;510418120173406;S;N;;46.33;62.15;;;;CMED_ICMS17;20260508;20;PF0=38.45|PF12=43.69|PF18=46.89|PF19=47.47|PF20=48.06|PF21=48.67|PF22=49.29|PMC0=51.58|PMC12=58.61|PMC18=62.9|PMC19=63.68|PMC20=64.47|PMC21=65.29|PMC22=66.12|PMVG17=36.36|PMVG18=36.79|PMVG20=37.71
CMED;20260508;medicamento;510419120179607;;;GEOLAB INDÚSTRIA FARMACÊUTICA S/A;PARACETAMOL + FOSFATO DE CODEÍNA;500 MG + 30 MG COM CT BL AL PLAS TRANS X 36;"PARACETAMOL;FOSFATO DE CODEÍNA";7899095264724;1542302010095;90456386;510419120179607;S;N;;69.46;93.18;;;;CMED_ICMS17;20260508;20;PF0=57.65|PF12=65.51|PF18=70.3|PF19=71.17|PF20=72.06|PF21=72.97|PF22=73.91|PMC0=77.34|PMC12=87.88|PMC18=94.3|PMC19=95.47|PMC20=96.67|PMC21=97.89|PMC22=99.15|PMVG17=54.51|PMVG18=55.16|PMVG20=56.54
CMED;20260508;medicamento;528523110185306;;;PRATI DONADUZZI & CIA LTDA;PARACETAMOL + FOSFATO DE CODEÍNA;(500+30) MG COM CT BL AL PLAS PCTFE/PVC TRANS X 12;"PARACETAMOL;FOSFATO DE CODEÍNA HEMI-HIDRATADO";7899547514520;1256803300021;90574362;528523110185306;S;N;;22.59;30.3;;;;CMED_ICMS17;20260508;20;PF0=18.75|PF12=21.31|PF18=22.87|PF19=23.15|PF20=23.44|PF21=23.73|PF22=24.04|PMC0=25.15|PMC12=28.59|PMC18=30.68|PMC19=31.05|PMC20=31.44|PMC21=31.83|PMC22=32.25|PMVG17=17.73|PMVG18=17.95|PMVG20=18.39
CMED;20260508;medicamento;528523110185406;;;PRATI DONADUZZI & CIA LTDA;PARACETAMOL + FOSFATO DE CODEÍNA;(500+30) MG COM CT BL AL PLAS PCTFE/PVC TRANS X 24;"PARACETAMOL;FOSFATO DE CODEÍNA HEMI-HIDRATADO";7899547514544;1256803300046;90574389;528523110185406;S;N;;45.19;60.62;;;;CMED_ICMS17;20260508;20;PF0=37.51|PF12=42.63|PF18=45.74|PF19=46.31|PF20=46.89|PF21=47.48|PF22=48.09|PMC0=50.32|PMC12=57.19|PMC18=61.36|PMC19=62.12|PMC20=62.9|PMC21=63.69|PMC22=64.51|PMVG17=35.46|PMVG18=35.89|PMVG20=36.8
CMED;20260508;medicamento;528523110185506;;;PRATI DONADUZZI & CIA LTDA;PARACETAMOL + FOSFATO DE CODEÍNA;(500+30) MG COM CT BL AL PLAS PCTFE/PVC TRANS X 100;"PARACETAMOL;FOSFATO DE CODEÍNA HEMI-HIDRATADO";7899547514568;1256803300062;90574400;528523110185506;S;S;;188.28;;;;;CMED_ICMS17;20260508;20;PF0=156.27|PF12=177.58|PF18=190.57|PF19=192.93|PF20=195.34|PF21=197.81|PF22=200.35|PMVG17=147.74|PMVG18=149.54|PMVG20=153.28
CMED;20260508;medicamento;528523110185606;;;PRATI DONADUZZI & CIA LTDA;PARACETAMOL + FOSFATO DE CODEÍNA;(500+30) MG COM CT BL AL PLAS PCTFE/PVC TRANS X 500;"PARACETAMOL;FOSFATO DE CODEÍNA HEMI-HIDRATADO";7899547514599;1256803300097;90574435;528523110185606;S;S;;941.36;;;;;CMED_ICMS17;20260508;20;PF0=781.33|PF12=887.88|PF18=952.84|PF19=964.61|PF20=976.66|PF21=989.03|PF22=1001.7|PMVG17=738.69|PMVG18=747.69|PMVG20=766.38
CMED;20260508;medicamento;528523110185706;;;PRATI DONADUZZI & CIA LTDA;PARACETAMOL + FOSFATO DE CODEÍNA;(500+30) MG COM CT BL AL PLAS PCTFE/PVC TRANS X 6;"PARACETAMOL;FOSFATO DE CODEÍNA HEMI-HIDRATADO";7899547514513;1256803300011;90574354;528523110185706;S;N;;11.3;15.16;;;;CMED_ICMS17;20260508;20;PF0=9.38|PF12=10.66|PF18=11.44|PF19=11.58|PF20=11.73|PF21=11.87|PF22=12.03|PMC0=12.58|PMC12=14.3|PMC18=15.35|PMC19=15.53|PMC20=15.74|PMC21=15.92|PMC22=16.14|PMVG17=8.87|PMVG18=8.98|PMVG20=9.21
CMED;20260508;medicamento;528523110185806;;;PRATI DONADUZZI & CIA LTDA;PARACETAMOL + FOSFATO DE CODEÍNA;(500+30) MG COM CT BL AL PLAS PCTFE/PVC TRANS X 15;"PARACETAMOL;FOSFATO DE CODEÍNA HEMI-HIDRATADO";7899547514537;1256803300038;90574370;528523110185806;S;N;;28.25;37.9;;;;CMED_ICMS17;20260508;20;PF0=23.45|PF12=26.65|PF18=28.6|PF19=28.95|PF20=29.31|PF21=29.68|PF22=30.06|PMC0=31.46|PMC12=35.75|PMC18=38.37|PMC19=38.84|PMC20=39.32|PMC21=39.81|PMC22=40.32|PMVG17=22.17|PMVG18=22.44|PMVG20=23
CMED;20260508;medicamento;528523110185906;;;PRATI DONADUZZI & CIA LTDA;PARACETAMOL + FOSFATO DE CODEÍNA;(500+30) MG COM CT BL AL PLAS PCTFE/PVC TRANS X 30;"PARACETAMOL;FOSFATO DE CODEÍNA HEMI-HIDRATADO";7899547514551;1256803300054;90574397;528523110185906;S;N;;56.47;75.75;;;;CMED_ICMS17;20260508;20;PF0=46.87|PF12=53.26|PF18=57.16|PF19=57.86|PF20=58.59|PF21=59.33|PF22=60.09|PMC0=62.87|PMC12=71.45|PMC18=76.68|PMC19=77.62|PMC20=78.6|PMC21=79.59|PMC22=80.61|PMVG17=44.31|PMVG18=44.85|PMVG20=45.98
CMED;20260508;medicamento;528523110186006;;;PRATI DONADUZZI & CIA LTDA;PARACETAMOL + FOSFATO DE CODEÍNA;(500+30) MG COM CT BL AL PLAS PCTFE/PVC TRANS X 200;"PARACETAMOL;FOSFATO DE CODEÍNA HEMI-HIDRATADO";7899547514575;1256803300070;90574419;528523110186006;S;S;;376.54;;;;;CMED_ICMS17;20260508;20;PF0=312.53|PF12=355.15|PF18=381.13|PF19=385.84|PF20=390.66|PF21=395.61|PF22=400.68|PMVG17=295.47|PMVG18=299.07|PMVG20=306.55
CMED;20260508;medicamento;528523110186106;;;PRATI DONADUZZI & CIA LTDA;PARACETAMOL + FOSFATO DE CODEÍNA;(500+30) MG COM CT BL AL PLAS PCTFE/PVC TRANS X 300;"PARACETAMOL;FOSFATO DE CODEÍNA HEMI-HIDRATADO";7899547514582;1256803300089;90574427;528523110186106;S;S;;564.82;;;;;CMED_ICMS17;20260508;20;PF0=468.8|PF12=532.73|PF18=571.71|PF19=578.77|PF20=586|PF21=593.42|PF22=601.03|PMVG17=443.21|PMVG18=448.62|PMVG20=459.83
CMED;20260508;medicamento;533022020077406;;;UNIÃO QUÍMICA FARMACÊUTICA NACIONAL S/A;PARACETAMOL + FOSFATO DE CODEÍNA;(500,0 + 30,0) MG COM CT BL AL PLAS PVC TRANS X 36;"PARACETAMOL;FOSFATO DE CODEÍNA HEMI-HIDRATADO";7896006219606;1049714790026;90528298;533022020077406;S;N;;62.54;83.9;;;;CMED_ICMS17;20260508;20;PF0=51.91|PF12=58.99|PF18=63.3|PF19=64.09|PF20=64.89|PF21=65.71|PF22=66.55|PMC0=69.64|PMC12=79.13|PMC18=84.91|PMC19=85.97|PMC20=87.05|PMC21=88.15|PMC22=89.27|PMVG17=49.08|PMVG18=49.67|PMVG20=50.92
CMED;20260508;medicamento;533022020077506;;;UNIÃO QUÍMICA FARMACÊUTICA NACIONAL S/A;PARACETAMOL + FOSFATO DE CODEÍNA;(500,0 + 30,0) MG COM CT BL AL PLAS PVC TRANS X 12;"PARACETAMOL;FOSFATO DE CODEÍNA HEMI-HIDRATADO";7896006219613;1049714790018;90528280;533022020077506;S;N;;23.73;31.83;;;;CMED_ICMS17;20260508;20;PF0=19.7|PF12=22.39|PF18=24.02|PF19=24.32|PF20=24.63|PF21=24.94|PF22=25.26|PMC0=26.43|PMC12=30.04|PMC18=32.22|PMC19=32.62|PMC20=33.04|PMC21=33.46|PMC22=33.89|PMVG17=18.62|PMVG18=18.85|PMVG20=19.33
CMED;20260508;medicamento;607023050099817;;;MULTILAB INDUSTRIA E COMERCIO DE PRODUTOS FARMACEUTICOS LTDA;PARACETAMOL + FOSFATO DE CODEÍNA;500 MG + 30 MG COM CT BL AL PLAS OPC X 24;"PARACETAMOL;FOSFATO DE CODEÍNA";7895296377010;1181904640106;90563816;607023050099817;S;N;;43.89;58.88;;;;CMED_ICMS17;20260508;20;PF0=36.43|PF12=41.4|PF18=44.43|PF19=44.98|PF20=45.54|PF21=46.11|PF22=46.71|PMC0=48.87|PMC12=55.54|PMC18=59.6|PMC19=60.34|PMC20=61.09|PMC21=61.85|PMC22=62.66|PMVG17=34.44|PMVG18=34.86|PMVG20=35.74
CMED;20260508;medicamento;607023050099917;;;MULTILAB INDUSTRIA E COMERCIO DE PRODUTOS FARMACEUTICOS LTDA;PARACETAMOL + FOSFATO DE CODEÍNA;500 MG + 30 MG COM CT BL AL PLAS OPC X 36;"PARACETAMOL;FOSFATO DE CODEÍNA";7895296444033;1181904640122;90563824;607023050099917;S;N;;62.57;83.94;;;;CMED_ICMS17;20260508;20;PF0=51.93|PF12=59.01|PF18=63.33|PF19=64.11|PF20=64.91|PF21=65.73|PF22=66.58|PMC0=69.66|PMC12=79.16|PMC18=84.95|PMC19=86|PMC20=87.07|PMC21=88.17|PMC22=89.31|PMVG17=49.1|PMVG18=49.7|PMVG20=50.93
CMED;20260508;medicamento;607023050100017;;;MULTILAB INDUSTRIA E COMERCIO DE PRODUTOS FARMACEUTICOS LTDA;PARACETAMOL + FOSFATO DE CODEÍNA;500 MG + 30 MG COM CT BL AL PLAS OPC X 12;"PARACETAMOL;FOSFATO DE CODEÍNA";7895296423014;1181904640084;90563808;607023050100017;S;N;;22.49;30.17;;;;CMED_ICMS17;20260508;20;PF0=18.67|PF12=21.22|PF18=22.77|PF19=23.05|PF20=23.34|PF21=23.63|PF22=23.94|PMC0=25.05|PMC12=28.47|PMC18=30.55|PMC19=30.92|PMC20=31.31|PMC21=31.7|PMC22=32.11|PMVG17=17.65|PMVG18=17.87|PMVG20=18.32
CMED;20260508;medicamento;526122030151106;;;GERMED FARMACEUTICA LTDA;PARACETAMOL+FOSFATO DE CODEINA;500 MG + 30 MG COM CT BL AL PLAS OPC X 24;"PARACETAMOL;FOSFATO DE CODEÍNA";7896004756899;1058308980031;90531663;526122030151106;S;N;;45.88;61.55;;;;CMED_ICMS17;20260508;20;PF0=38.08|PF12=43.27|PF18=46.44|PF19=47.01|PF20=47.6|PF21=48.2|PF22=48.82|PMC0=51.08|PMC12=58.05|PMC18=62.3|PMC19=63.06|PMC20=63.85|PMC21=64.66|PMC22=65.49|PMVG17=36|PMVG18=36.44|PMVG20=37.35
CMED;20260508;medicamento;526122030151206;;;GERMED FARMACEUTICA LTDA;PARACETAMOL+FOSFATO DE CODEINA;500 MG + 30 MG COM CT BL AL PLAS OPC X 36;"PARACETAMOL;FOSFATO DE CODEÍNA";7896004783864;1058308980058;90531671;526122030151206;S;N;;68.83;92.33;;;;CMED_ICMS17;20260508;20;PF0=57.13|PF12=64.92|PF18=69.67|PF19=70.53|PF20=71.41|PF21=72.32|PF22=73.24|PMC0=76.64|PMC12=87.09|PMC18=93.46|PMC19=94.61|PMC20=95.79|PMC21=97.01|PMC22=98.25|PMVG17=54.01|PMVG18=54.67|PMVG20=56.03
CMED;20260508;medicamento;526122030151306;;;GERMED FARMACEUTICA LTDA;PARACETAMOL+FOSFATO DE CODEINA;500 MG + 30 MG COM CT BL AL PLAS OPC X 12;"PARACETAMOL;FOSFATO DE CODEÍNA";7896004712819;1058308980082;90531680;526122030151306;S;N;;22.94;30.77;;;;CMED_ICMS17;20260508;20;PF0=19.04|PF12=21.64|PF18=23.22|PF19=23.51|PF20=23.8|PF21=24.1|PF22=24.41|PMC0=25.54|PMC12=29.03|PMC18=31.15|PMC19=31.54|PMC20=31.93|PMC21=32.33|PMC22=32.75|PMVG17=18|PMVG18=18.22|PMVG20=18.68
CMED;20260508;medicamento;541817080020806;;;EMS S/A;PARACETAMOL+FOSFATO DE CODEINA;500 MG + 30 MG COM CT BL AL PLAS OPC X 12;"PARACETAMOL;FOSFATO DE CODEÍNA";7896004756417;1023511890091;90390130;541817080020806;S;N;;23.73;31.83;;;;CMED_ICMS17;20260508;20;PF0=19.7|PF12=22.39|PF18=24.02|PF19=24.32|PF20=24.63|PF21=24.94|PF22=25.26|PMC0=26.43|PMC12=30.04|PMC18=32.22|PMC19=32.62|PMC20=33.04|PMC21=33.46|PMC22=33.89|PMVG17=18.62|PMVG18=18.85|PMVG20=19.33
CMED;20260508;medicamento;541817080020906;;;EMS S/A;PARACETAMOL+FOSFATO DE CODEINA;500 MG + 30 MG COM CT BL AL PLAS OPC X 24;"PARACETAMOL;FOSFATO DE CODEÍNA";7896004756424;1023511890049;90390148;541817080020906;S;N;;46.31;62.12;;;;CMED_ICMS17;20260508;20;PF0=38.44|PF12=43.68|PF18=46.88|PF19=47.46|PF20=48.05|PF21=48.66|PF22=49.28|PMC0=51.57|PMC12=58.6|PMC18=62.89|PMC19=63.67|PMC20=64.46|PMC21=65.28|PMC22=66.11|PMVG17=36.34|PMVG18=36.79|PMVG20=37.7
CMED;20260508;medicamento;541817080021006;;;EMS S/A;PARACETAMOL+FOSFATO DE CODEINA;500 MG + 30 MG COM CT BL AL PLAS OPC X 36;"PARACETAMOL;FOSFATO DE CODEÍNA";7896004756431;1023511890065;90390156;541817080021006;S;N;;62.57;83.94;;;;CMED_ICMS17;20260508;20;PF0=51.93|PF12=59.01|PF18=63.33|PF19=64.11|PF20=64.91|PF21=65.73|PF22=66.58|PMC0=69.66|PMC12=79.16|PMC18=84.95|PMC19=86|PMC20=87.07|PMC21=88.17|PMC22=89.31|PMVG17=49.1|PMVG18=49.7|PMVG20=50.93
CMED;20260508;medicamento;540425120017107;;;NATULAB LABORATORIO S.A;PARAGRIPE;(400 + 4 + 4) MG CAP DURA CT BL AL PLAS PVC TRANS X 20;"MALEATO DE CLORFENIRAMINA;PARACETAMOL;CLORIDRATO DE FENILEFRINA";7899470808628;1384100810085;90620771;540425120017107;;N;;14.37;19.28;;;;CMED_ICMS17;20260508;20;PF0=11.93|PF12=13.56|PF18=14.55|PF19=14.73|PF20=14.91|PF21=15.1|PF22=15.29|PMC0=16|PMC12=18.19|PMC18=19.52|PMC19=19.76|PMC20=20|PMC21=20.26|PMC22=20.51|PMVG17=11.28|PMVG18=11.42|PMVG20=11.7
CMED;20260508;medicamento;540425120017207;;;NATULAB LABORATORIO S.A;PARAGRIPE;(400 + 4 + 4) MG CAP DURA CT BL AL PLAS PVC TRANS X 200;"MALEATO DE CLORFENIRAMINA;PARACETAMOL;CLORIDRATO DE FENILEFRINA";7899470808666;1384100810123;90620780;540425120017207;;N;;163.08;218.77;;;;CMED_ICMS17;20260508;20;PF0=135.36|PF12=153.82|PF18=165.07|PF19=167.11|PF20=169.2|PF21=171.34|PF22=173.54|PMC0=181.58|PMC12=206.34|PMC18=221.44|PMC19=224.17|PMC20=226.98|PMC21=229.85|PMC22=232.8|PMVG17=127.97|PMVG18=129.53|PMVG20=132.77
CMED;20260508;medicamento;538810801115411;;;LEGRAND PHARMA INDUSTRIA FARMACEUTICA LTDA;PARALGEN;750 MG COM REV CT BL AL PLAS TRANS X 20;PARACETAMOL;7896004714714;1677301820017;90143345;538810801115411;;N;;18.59;24.94;;;;CMED_ICMS17;20260508;20;PF0=15.43|PF12=17.53|PF18=18.82|PF19=19.05|PF20=19.29|PF21=19.53|PF22=19.78|PMC0=20.7|PMC12=23.52|PMC18=25.25|PMC19=25.55|PMC20=25.88|PMC21=26.2|PMC22=26.53|PMVG17=14.59|PMVG18=14.77|PMVG20=15.14
CMED;20260508;medicamento;505507701111415;;;CAZI QUIMICA FARMACEUTICA INDUSTRIA E COMERCIO LTDA;PARARTRIN;300 MG COM CT ENV PAP/PLAS PE X 30;IBUPROFENO;7893736005905;1071500590014;90038720;505507701111415;;N;;35.84;49.4;;;;CMED_ICMS17;20260508;20;PF0=29.75|PF12=33.81|PF18=36.28|PF19=36.73|PF20=37.19|PF21=37.66|PF22=38.14|PMC0=41.01|PMC12=46.6|PMC18=50.01|PMC19=50.63|PMC20=51.26|PMC21=51.91|PMC22=52.57|PMVG17=28.12|PMVG18=28.47|PMVG20=29.18
CMED;20260508;medicamento;505507702118413;;;CAZI QUIMICA FARMACEUTICA INDUSTRIA E COMERCIO LTDA;PARARTRIN;600 MG COM CT ENV PAP/PLAS PE X 30;IBUPROFENO;7893736001129;1071500590022;90038738;505507702118413;;N;;62.57;86.25;;;;CMED_ICMS17;20260508;20;PF0=51.93|PF12=59.01|PF18=63.33|PF19=64.11|PF20=64.91|PF21=65.73|PF22=66.58|PMC0=71.58|PMC12=81.34|PMC18=87.29|PMC19=88.37|PMC20=89.47|PMC21=90.6|PMC22=91.77|PMVG17=49.1|PMVG18=49.7|PMVG20=50.93
CMED;20260508;medicamento;500506301119413;;;ACHÉ LABORATÓRIOS FARMACÊUTICOS S.A;PARASIN;400 MG COM MAST CT BL AL PLAS INC X 1;ALBENDAZOL;7896658002687;1057302180019;90005236;500506301119413;;N;;13.08;18.03;;;;CMED_ICMS17;20260508;20;PF0=10.86|PF12=12.34|PF18=13.24|PF19=13.41|PF20=13.58|PF21=13.75|PF22=13.92|PMC0=14.97|PMC12=17.01|PMC18=18.25|PMC19=18.48|PMC20=18.72|PMC21=18.95|PMC22=19.19|PMVG17=10.26|PMVG18=10.39|PMVG20=10.66
CMED;20260508;medicamento;500506302131417;;;ACHÉ LABORATÓRIOS FARMACÊUTICOS S.A;PARASIN;40 MG/ML SUS OR CT FR VD AMB X 10 ML;ALBENDAZOL;7896658002670;1057302180027;90005244;500506302131417;;N;;13.22;18.22;;;;CMED_ICMS17;20260508;20;PF0=10.97|PF12=12.47|PF18=13.38|PF19=13.54|PF20=13.71|PF21=13.89|PF22=14.06|PMC0=15.12|PMC12=17.19|PMC18=18.44|PMC19=18.66|PMC20=18.9|PMC21=19.15|PMC22=19.38|PMVG17=10.37|PMVG18=10.5|PMVG20=10.76
CMED;20260508;medicamento;534204001117415;;;ADIUM S.A.;PARATRAM;(37,5 + 325) MG COM CT BL AL PLAS PVC/PVDC TRANS X 10;"CLORIDRATO DE TRAMADOL;PARACETAMOL";7892953001318;1221400710049;90215150;534204001117415;;N;;47.69;63.97;;;;CMED_ICMS17;20260508;20;PF0=39.58|PF12=44.98|PF18=48.27|PF19=48.86|PF20=49.48|PF21=50.1|PF22=50.74|PMC0=53.1|PMC12=60.34|PMC18=64.75|PMC19=65.54|PMC20=66.38|PMC21=67.21|PMC22=68.07|PMVG17=37.42|PMVG18=37.88|PMVG20=38.83
CMED;20260508;medicamento;534204002113413;;;ADIUM S.A.;PARATRAM;(37,5 + 325) MG COM CT BL AL PLAS PVC/PVDC TRANS X 20;"CLORIDRATO DE TRAMADOL;PARACETAMOL";7892953001288;1221400710014;90215168;534204002113413;;N;;76.3;102.35;;;;CMED_ICMS17;20260508;20;PF0=63.33|PF12=71.97|PF18=77.23|PF19=78.19|PF20=79.16|PF21=80.16|PF22=81.19|PMC0=84.95|PMC12=96.55|PMC18=103.6|PMC19=104.89|PMC20=106.19|PMC21=107.53|PMC22=108.91|PMVG17=59.87|PMVG18=60.6|PMVG20=62.12
CMED;20260508;medicamento;534213090009903;;;ADIUM S.A.;PARATRAM;(37,5 + 325) MG COM CT BL AL PLAS PVC/PVDC TRANS X 30;"CLORIDRATO DE TRAMADOL;PARACETAMOL";7892953001332;1221400710065;90287347;534213090009903;;N;;97.3;130.52;;;;CMED_ICMS17;20260508;20;PF0=80.76|PF12=91.77|PF18=98.49|PF19=99.7|PF20=100.95|PF21=102.23|PF22=103.54|PMC0=108.34|PMC12=123.11|PMC18=132.12|PMC19=133.74|PMC20=135.42|PMC21=137.14|PMC22=138.9|PMVG17=76.35|PMVG18=77.29|PMVG20=79.22
CMED;20260508;medicamento;537524080012706;;;TEVA FARMACÊUTICA LTDA.;PARECOXIBE SÓDICO;40 MG PO LIOF SOL INJ IV/IM CT 10 FA VD TRANS;PARECOXIBE SÓDICO;7898587901932;1557300670010;90591631;537524080012706;S;S;;466.75;;;;;CMED_ICMS17;20260508;20;PF0=387.4|PF12=440.23|PF18=472.44|PF19=478.27|PF20=484.25|PF21=490.38|PF22=496.67|PMVG17=366.26|PMVG18=370.72|PMVG20=379.99
CMED;20260508;medicamento;600624010000406;;;MANDALA BRASIL IMPORTACAO E DISTRIBUICAO DE PRODUTO MEDICO HOSPITALAR LTDA;PARECOXIBE SÓDICO;40 MG PO LIOF SOL INJ IV/IM CT 10 FA VD TRANS;PARECOXIBE SÓDICO;7908400300054;1096500060010;90579666;600624010000406;S;S;;368.89;;;;;CMED_ICMS17;20260508;20;PF0=306.18|PF12=347.93|PF18=373.39|PF19=378|PF20=382.73|PF21=387.57|PF22=392.54|PMVG17=289.47|PMVG18=293|PMVG20=300.33
CMED;20260508;medicamento;538020060029807;;;ACCORD FARMACÊUTICA LTDA;PARICALCITOL;5,0 MCG/ML SOL INJ IV CT ENVOL 5 AMP VD TRANS X 2 ML;PARICALCITOL;7898577810299;1553700720020;90475585;538020060029807;S;S;;418.01;;;;;CMED_ICMS17;20260508;20;PF0=346.95|PF12=394.26|PF18=423.11|PF19=428.33|PF20=433.69|PF21=439.18|PF22=444.81|PMVG17=328.01|PMVG18=332.01|PMVG20=340.32
CMED;20260508;medicamento;538020060029907;;;ACCORD FARMACÊUTICA LTDA;PARICALCITOL;5,0 MCG/ML SOL INJ IV CT ENVOL 5 AMP VD TRANS X 1 ML;PARICALCITOL;7898577810244;1553700720012;90475593;538020060029907;S;S;;208.99;;;;;CMED_ICMS17;20260508;20;PF0=173.46|PF12=197.11|PF18=211.54|PF19=214.15|PF20=216.83|PF21=219.57|PF22=222.38
CMED;20260508;medicamento;511622030046717;;;HIPOLABOR FARMACEUTICA LTDA;PARINEX;5000 UI/ML SOL INJ CX 50 FA VD TRANS X 5 ML;HEPARINA SÓDICA SUÍNA;7898470684942;1134302000026;90535804;511622030046717;;S;;2557.87;;;;;CMED_ICMS17;20260508;20;PF0=2123.03|PF12=2412.53|PF18=2589.06|PF19=2621.02|PF20=2653.79|PF21=2687.38|PF22=2721.83|PMVG17=2007.16|PMVG18=2031.64|PMVG20=2082.43
CMED;20260508;medicamento;511622050047217;;;HIPOLABOR FARMACEUTICA LTDA;PARINEX;5000 UI/0,25 ML SOL INJ CX 50 AMP VD TRANS X 0,25 ML;HEPARINA SÓDICA SUÍNA;7898470684935;1134302000018;90535812;511622050047217;;S;;511.58;;;;;CMED_ICMS17;20260508;20;PF0=424.61|PF12=482.51|PF18=517.82|PF19=524.21|PF20=530.76|PF21=537.48|PF22=544.37|PMVG17=401.44|PMVG18=406.33|PMVG20=416.49
CMED;20260508;medicamento;506712603116417;;;CRISTÁLIA PRODUTOS QUÍMICOS FARMACÊUTICOS LTDA.;PARKIDOPA;250 MG + 25 MG COM CX BL AL PLAS INC X 200 (EMB HOSP);"CARBIDOPA;LEVODOPA";7896676412079;1029801070045;90257324;506712603116417;;S;;292.98;;;;;CMED_ICMS17;20260508;20;PF0=243.17|PF12=276.33|PF18=296.55|PF19=300.21|PF20=303.96|PF21=307.81|PF22=311.76|PMVG17=229.9|PMVG18=232.7|PMVG20=238.52
CMED;20260508;medicamento;506714060053103;;;CRISTÁLIA PRODUTOS QUÍMICOS FARMACÊUTICOS LTDA.;PARKIDOPA;250 MG + 25 MG COM CX BL AL PLAS INC X 30;"CARBIDOPA (PORT. 344/98 LISTA C 1);LEVODOPA";7896676410877;1029801070034;90302125;506714060053103;;N;;43.92;60.54;;;;CMED_ICMS17;20260508;20;PF0=36.45|PF12=41.42|PF18=44.45|PF19=45|PF20=45.56|PF21=46.14|PF22=46.73|PMC0=50.24|PMC12=57.09|PMC18=61.27|PMC19=62.03|PMC20=62.8|PMC21=63.6|PMC22=64.41
CMED;20260508;medicamento;510612110048403;;;GLAXOSMITHKLINE BRASIL LTDA;PARNATE;10 MG COM REV CT BL AL AL X 20;TRANILCIPROMINA;7896015523541;1010701460035;90253850;510612110048403;;N;;38.72;53.37;;;;CMED_ICMS17;20260508;20;PF0=32.14|PF12=36.52|PF18=39.2|PF19=39.68|PF20=40.18|PF21=40.68|PF22=41.21|PMC0=44.3|PMC12=50.34|PMC18=54.03|PMC19=54.69|PMC20=55.38|PMC21=56.07|PMC22=56.8|PMVG17=30.38|PMVG18=30.76|PMVG20=31.53
CMED;20260508;medicamento;520725060122603;;;LABORATORIO TEUTO BRASILEIRO S/A;PAROX;20 MG COM REV CT BL AL PLAS TRANS X 30;CLORIDRATO DE PAROXETINA;7896112147428;1037003590024;90139097;520725060122603;;N;;87.58;120.72;;;;CMED_ICMS17;20260508;20;PF0=72.69|PF12=82.6|PF18=88.65|PF19=89.74|PF20=90.86|PF21=92.01|PF22=93.19|PMC0=100.2|PMC12=113.86|PMC18=122.19|PMC19=123.7|PMC20=125.24|PMC21=126.83|PMC22=128.45|PMVG17=68.72|PMVG18=69.56|PMVG20=71.3
CMED;20260508;medicamento;516500701359411;;;LABORATÓRIO DE EXTRATOS ALERGÊNICOS LTDA;PARVULAN;2 MG/ML SUS INJ CX FR VD AMB X 5 ML;CORYNEBACTERIUM PARVUM;7898342290165;1172900060017;90111265;516500701359411;;N;;91.17;122.3;;;;CMED_ICMS17;20260508;20;PF0=75.67|PF12=85.99|PF18=92.28|PF19=93.42|PF20=94.59|PF21=95.78|PF22=97.01|PMC0=101.51|PMC12=115.35|PMC18=123.79|PMC19=125.32|PMC20=126.89|PMC21=128.49|PMC22=130.14|PMVG17=71.54|PMVG18=72.41|PMVG20=74.23
CMED;20260508;medicamento;552922050145303;;;ACHÉ LABORATÓRIOS FARMACÊUTICOS S.A;PARZO;200 MG CAP DURA CT BL AL PLAS TRANS X 2;CELECOXIBE;7896658039560;1057307960081;90533879;552922050145303;;N;;9.46;13.04;;;;CMED_ICMS17;20260508;20;PF0=7.85|PF12=8.92|PF18=9.57|PF19=9.69|PF20=9.81|PF21=9.94|PF22=10.06|PMC0=10.82|PMC12=12.3|PMC18=13.19|PMC19=13.36|PMC20=13.52|PMC21=13.7|PMC22=13.87|PMVG17=7.42|PMVG18=7.51|PMVG20=7.7
CMED;20260508;medicamento;552922050145403;;;ACHÉ LABORATÓRIOS FARMACÊUTICOS S.A;PARZO;200 MG CAP DURA CT BL AL PLAS TRANS X 10;CELECOXIBE;7896658039546;1057307960136;90533887;552922050145403;;N;;47.29;65.18;;;;CMED_ICMS17;20260508;20;PF0=39.25|PF12=44.6|PF18=47.87|PF19=48.46|PF20=49.06|PF21=49.68|PF22=50.32|PMC0=54.1|PMC12=61.48|PMC18=65.98|PMC19=66.8|PMC20=67.62|PMC21=68.48|PMC22=69.36|PMVG17=37.11|PMVG18=37.56|PMVG20=38.5
CMED;20260508;medicamento;552922050145503;;;ACHÉ LABORATÓRIOS FARMACÊUTICOS S.A;PARZO;200 MG CAP DURA CT BL AL PLAS TRANS X 15;CELECOXIBE;7896658039539;1057307960144;90533895;552922050145503;;N;;70.93;97.77;;;;CMED_ICMS17;20260508;20;PF0=58.87|PF12=66.9|PF18=71.79|PF19=72.68|PF20=73.59|PF21=74.52|PF22=75.47|PMC0=81.15|PMC12=92.21|PMC18=98.96|PMC19=100.18|PMC20=101.44|PMC21=102.72|PMC22=104.03|PMVG17=55.66|PMVG18=56.33|PMVG20=57.75
CMED;20260508;medicamento;552922050145603;;;ACHÉ LABORATÓRIOS FARMACÊUTICOS S.A;PARZO;200 MG CAP DURA CT BL AL PLAS TRANS X 30;CELECOXIBE;7896658039522;1057307960160;90533909;552922050145603;;N;;141.87;195.55;;;;CMED_ICMS17;20260508;20;PF0=117.75|PF12=133.81|PF18=143.6|PF19=145.37|PF20=147.19|PF21=149.05|PF22=150.96|PMC0=162.31|PMC12=184.44|PMC18=197.94|PMC19=200.38|PMC20=202.89|PMC21=205.45|PMC22=208.08|PMVG17=111.33|PMVG18=112.68|PMVG20=115.5
CMED;20260508;medicamento;524820010008707;;;MARJAN INDÚSTRIA E COMÉRCIO LTDA;PASALIX;100 MG + 30 MG + 100 MG COM REV CT BL AL PLAS PVC/PE/PVDC TRANS X 30;"CRATAEGUS RHIPIDOPHYLLA GAND.;PASSIFLORA INCARNATA;SALIX ALBA L.";7896226108681;1015500980091;90458311;524820010008707;;N;;60.05;80.55;;;;CMED_ICMS17;20260508;20;PF0=49.84|PF12=56.64|PF18=60.78|PF19=61.53|PF20=62.3|PF21=63.09|PF22=63.9|PMC0=66.86|PMC12=75.98|PMC18=81.53|PMC19=82.54|PMC20=83.57|PMC21=84.63|PMC22=85.72|PMVG17=47.12|PMVG18=47.69|PMVG20=48.89
CMED;20260508;medicamento;524820010008807;;;MARJAN INDÚSTRIA E COMÉRCIO LTDA;PASALIX;100 MG + 30 MG + 100 MG COM REV CT BL AL PLAS PVC/PE/PVDC TRANS X 20;"CRATAEGUS RHIPIDOPHYLLA GAND.;PASSIFLORA INCARNATA;SALIX ALBA L.";7896226102818;1015500980059;90458320;524820010008807;;N;;53.72;72.06;;;;CMED_ICMS17;20260508;20;PF0=44.59|PF12=50.67|PF18=54.38|PF19=55.05|PF20=55.74|PF21=56.44|PF22=57.17|PMC0=59.82|PMC12=67.97|PMC18=72.95|PMC19=73.85|PMC20=74.77|PMC21=75.71|PMC22=76.69|PMVG17=42.15|PMVG18=42.67|PMVG20=43.74
CMED;20260508;medicamento;524824120012707;;;MARJAN INDÚSTRIA E COMÉRCIO LTDA;PASALIX;100 MG + 30 MG + 100 MG COM REV CT BL AL PLAS PVC/PE/PVDC TRANS X 4;"CRATAEGUS RHIPIDOPHYLLA GAND.;SALIX ALBA L.;PASSIFLORA INCARNATA L.";7896226100180;1015500980113;90597672;524824120012707;;N;;8.65;11.6;;;;CMED_ICMS17;20260508;20;PF0=7.18|PF12=8.16|PF18=8.76|PF19=8.86|PF20=8.98|PF21=9.09|PF22=9.21|PMC0=9.63|PMC12=10.95|PMC18=11.75|PMC19=11.89|PMC20=12.05|PMC21=12.19|PMC22=12.35|PMVG17=6.79|PMVG18=6.87|PMVG20=7.05
CMED;20260508;medicamento;524820010008307;;;MARJAN INDÚSTRIA E COMÉRCIO LTDA;PASALIX PI;500 MG COM REV CT BL AL PLAS PVC/PVDC TRANS X 20;PASSIFLORA INCARNATA;7896226100364;1015502460028;90458605;524820010008307;;N;;56.16;75.34;;;;CMED_ICMS17;20260508;20;PF0=46.61|PF12=52.97|PF18=56.84|PF19=57.54|PF20=58.26|PF21=59|PF22=59.76|PMC0=62.53|PMC12=71.06|PMC18=76.25|PMC19=77.19|PMC20=78.15|PMC21=79.15|PMC22=80.17|PMVG17=44.07|PMVG18=44.6|PMVG20=45.72
CMED;20260508;medicamento;524820010008407;;;MARJAN INDÚSTRIA E COMÉRCIO LTDA;PASALIX PI;500 MG COM REV CT BL AL PLAS PVC/PVDC TRANS X 30;PASSIFLORA INCARNATA;7896226100371;1015502460036;90458613;524820010008407;;N;;65.16;87.41;;;;CMED_ICMS17;20260508;20;PF0=54.08|PF12=61.45|PF18=65.95|PF19=66.77|PF20=67.6|PF21=68.46|PF22=69.33|PMC0=72.55|PMC12=82.43|PMC18=88.47|PMC19=89.57|PMC20=90.68|PMC21=91.84|PMC22=93|PMVG17=51.13|PMVG18=51.75|PMVG20=53.05
CMED;20260508;medicamento;524820100011407;;;MARJAN INDÚSTRIA E COMÉRCIO LTDA;PASALIX PI;500 MG COM REV CT BL AL PLAS PVC/PVDC TRANS X 60;PASSIFLORA INCARNATA;7896226109534;1015502460052;90491211;524820100011407;;N;;127.58;171.14;;;;CMED_ICMS17;20260508;20;PF0=105.89|PF12=120.33|PF18=129.13|PF19=130.73|PF20=132.36|PF21=134.04|PF22=135.76|PMC0=142.05|PMC12=161.42|PMC18=173.22|PMC19=175.37|PMC20=177.56|PMC21=179.81|PMC22=182.12|PMVG17=100.11|PMVG18=101.33|PMVG20=103.86
CMED;20260508;medicamento;524823070012407;;;MARJAN INDÚSTRIA E COMÉRCIO LTDA;PASALIX PI;1000 MG COM REV CT BL AL PLAS PVC/PE/PVDC TRANS X 20;PASSIFLORA INCARNATA L.;7896226109909;1015502460079;90567510;524823070012407;;N;;82.28;110.38;;;;CMED_ICMS17;20260508;20;PF0=68.29|PF12=77.6|PF18=83.28|PF19=84.31|PF20=85.36|PF21=86.44|PF22=87.55|PMC0=91.61|PMC12=104.1|PMC18=111.72|PMC19=113.1|PMC20=114.51|PMC21=115.96|PMC22=117.45|PMVG17=64.57|PMVG18=65.35|PMVG20=66.98
CMED;20260508;medicamento;524825010012807;;;MARJAN INDÚSTRIA E COMÉRCIO LTDA;PASALIX PI;500 MG COM REV CT BL AL PLAS PVC/PE/PVDC TRANS X 4;PASSIFLORA INCARNATA L.;7896226110196;1015502460168;90601017;524825010012807;;N;;8.18;10.97;;;;CMED_ICMS17;20260508;20;PF0=6.79|PF12=7.72|PF18=8.28|PF19=8.38|PF20=8.49|PF21=8.59|PF22=8.71|PMC0=9.11|PMC12=10.36|PMC18=11.11|PMC19=11.24|PMC20=11.39|PMC21=11.52|PMC22=11.68|PMVG17=6.42|PMVG18=6.5|PMVG20=6.66
CMED;20260508;medicamento;524825010012907;;;MARJAN INDÚSTRIA E COMÉRCIO LTDA;PASALIX PI;1000 MG COM REV CT BL AL PLAS PVC/PE/PVDC TRANS X 4;PASSIFLORA INCARNATA L.;7896226110172;1015502460192;90601025;524825010012907;;N;;17.16;23.02;;;;CMED_ICMS17;20260508;20;PF0=14.24|PF12=16.18|PF18=17.37|PF19=17.58|PF20=17.8|PF21=18.03|PF22=18.26|PMC0=19.1|PMC12=21.7|PMC18=23.3|PMC19=23.58|PMC20=23.88|PMC21=24.19|PMC22=24.5|PMVG17=13.47|PMVG18=13.63|PMVG20=13.97
CMED;20260508;medicamento;508220050000107;;;FARMABRAZ BETA ATALAIA FARMACEUTICA LTDA;PASSAJÁ;SOL TOP CT 24 FLAC X 4 ML;"CLORIDRATO DE PROCAÍNA;TIMOL;MENTOL;CÂNFORA";7896372500476;1034200500015;90468589;508220050000107;;N;;169.25;227.04;;;;CMED_ICMS17;20260508;20;PF0=140.48|PF12=159.64|PF18=171.32|PF19=173.43|PF20=175.6|PF21=177.82|PF22=180.1|PMC0=188.45|PMC12=214.15|PMC18=229.82|PMC19=232.65|PMC20=235.56|PMC21=238.54|PMC22=241.6|PMVG17=132.81|PMVG18=134.44|PMVG20=137.79
CMED;20260508;medicamento;541820100149507;;;EMS S/A;PASSARE;450 MG + 50 MG COM REV CT BL AL PLAS OPC X 10;"DIOSMINA;FLAVONÓIDES EXPRESSOS EM HESPERIDINA";7896004774954;1023513530015;90490070;541820100149507;;N;;29.33;39.35;;;;CMED_ICMS17;20260508;20;PF0=24.34|PF12=27.66|PF18=29.68|PF19=30.05|PF20=30.43|PF21=30.81|PF22=31.21|PMC0=32.65|PMC12=37.1|PMC18=39.81|PMC19=40.31|PMC20=40.82|PMC21=41.33|PMC22=41.87|PMVG17=23.02|PMVG18=23.29|PMVG20=23.88
CMED;20260508;medicamento;541820100149607;;;EMS S/A;PASSARE;450 MG + 50 MG COM REV CT BL AL PLAS OPC X 30;"DIOSMINA;FLAVONÓIDES EXPRESSOS EM HESPERIDINA";7896004774961;1023513530023;90490088;541820100149607;;N;;87.98;118.02;;;;CMED_ICMS17;20260508;20;PF0=73.02|PF12=82.98|PF18=89.05|PF19=90.15|PF20=91.28|PF21=92.43|PF22=93.62|PMC0=97.95|PMC12=111.31|PMC18=119.46|PMC19=120.93|PMC20=122.45|PMC21=123.99|PMC22=125.59|PMVG17=69.04|PMVG18=69.88|PMVG20=71.63
CMED;20260508;medicamento;541820100149707;;;EMS S/A;PASSARE;450 MG + 50 MG COM REV CT BL AL PLAS OPC X 60;"DIOSMINA;FLAVONÓIDES EXPRESSOS EM HESPERIDINA";7896004774978;1023513530031;90490096;541820100149707;;N;;175.98;236.07;;;;CMED_ICMS17;20260508;20;PF0=146.06|PF12=165.98|PF18=178.12|PF19=180.32|PF20=182.58|PF21=184.89|PF22=187.26|PMC0=195.93|PMC12=222.66|PMC18=238.94|PMC19=241.89|PMC20=244.92|PMC21=248.02|PMC22=251.2|PMVG17=138.09|PMVG18=139.77|PMVG20=143.27
CMED;20260508;medicamento;541820100149807;;;EMS S/A;PASSARE;450 MG + 50 MG COM REV CT BL AL PLAS OPC X 90;"DIOSMINA;FLAVONÓIDES EXPRESSOS EM HESPERIDINA";7896004774985;1023513530041;90490100;541820100149807;;N;;263.92;354.04;;;;CMED_ICMS17;20260508;20;PF0=219.05|PF12=248.92|PF18=267.13|PF19=270.43|PF20=273.81|PF21=277.28|PF22=280.83|PMC0=293.85|PMC12=333.92|PMC18=358.35|PMC19=362.77|PMC20=367.31|PMC21=371.96|PMC22=376.72|PMVG17=207.1|PMVG18=209.62|PMVG20=214.86
CMED;20260508;medicamento;541820100149907;;;EMS S/A;PASSARE;900 MG + 100 MG COM REV CT BL AL PLAS OPC X 10;"DIOSMINA;FLAVONÓIDES EXPRESSOS EM HESPERIDINA";7896004775012;1023513530074;90490118;541820100149907;;N;;58.66;78.69;;;;CMED_ICMS17;20260508;20;PF0=48.69|PF12=55.33|PF18=59.38|PF19=60.11|PF20=60.86|PF21=61.63|PF22=62.42|PMC0=65.32|PMC12=74.22|PMC18=79.66|PMC19=80.64|PMC20=81.64|PMC21=82.67|PMC22=83.73|PMVG17=46.03|PMVG18=46.6|PMVG20=47.76
CMED;20260508;medicamento;541820100150007;;;EMS S/A;PASSARE;900 MG + 100 MG COM REV CT BL AL PLAS OPC X 20;"DIOSMINA;FLAVONÓIDES EXPRESSOS EM HESPERIDINA";7896004774992;1023513530082;90490126;541820100150007;;N;;117.31;157.37;;;;CMED_ICMS17;20260508;20;PF0=97.37|PF12=110.65|PF18=118.74|PF19=120.21|PF20=121.71|PF21=123.25|PF22=124.83|PMC0=130.62|PMC12=148.43|PMC18=159.29|PMC19=161.26|PMC20=163.27|PMC21=165.34|PMC22=167.46|PMVG17=92.05|PMVG18=93.17|PMVG20=95.51
CMED;20260508;medicamento;541820100150107;;;EMS S/A;PASSARE;900 MG + 100 MG COM REV CT BL AL PLAS OPC X 30;"DIOSMINA;FLAVONÓIDES EXPRESSOS EM HESPERIDINA";7896004775029;1023513530090;90490134;541820100150107;;N;;175.99;236.08;;;;CMED_ICMS17;20260508;20;PF0=146.07|PF12=165.99|PF18=178.13|PF19=180.33|PF20=182.59|PF21=184.9|PF22=187.27|PMC0=195.95|PMC12=222.67|PMC18=238.96|PMC19=241.91|PMC20=244.94|PMC21=248.04|PMC22=251.22|PMVG17=138.1|PMVG18=139.78|PMVG20=143.28
CMED;20260508;medicamento;541820100150207;;;EMS S/A;PASSARE;900 MG + 100 MG COM REV CT BL AL PLAS OPC X 60;"DIOSMINA;FLAVONÓIDES EXPRESSOS EM HESPERIDINA";7896004775036;1023513530104;90490142;541820100150207;;N;;351.94;472.11;;;;CMED_ICMS17;20260508;20;PF0=292.11|PF12=331.94|PF18=356.23|PF19=360.63|PF20=365.14|PF21=369.76|PF22=374.5|PMC0=391.86|PMC12=445.29|PMC18=477.87|PMC19=483.77|PMC20=489.82|PMC21=496.02|PMC22=502.38|PMVG17=276.17|PMVG18=279.53|PMVG20=286.53
CMED;20260508;medicamento;541820100150307;;;EMS S/A;PASSARE;900 MG + 100 MG COM REV CT BL AL PLAS OPC X 90;"DIOSMINA;FLAVONÓIDES EXPRESSOS EM HESPERIDINA";7896004775005;1023513530112;90490150;541820100150307;;N;;527.92;708.19;;;;CMED_ICMS17;20260508;20;PF0=438.17|PF12=497.92|PF18=534.35|PF19=540.95|PF20=547.71|PF21=554.65|PF22=561.76|PMC0=587.79|PMC12=667.94|PMC18=716.81|PMC19=725.67|PMC20=734.73|PMC21=744.04|PMC22=753.58|PMVG17=414.26|PMVG18=419.3|PMVG20=429.79
CMED;20260508;medicamento;521820090001907;;;VIDORA FARMACEUTICA LTDA;PASSIFLORA KLEIN;1ML/ML TINT CT FR PLAS AMB X 120ML + CP MED;PASSIFLORA INCARNATA;7897930011069;1047300350017;90487672;521820090001907;;N;;29.25;39.24;;;;CMED_ICMS17;20260508;20;PF0=24.28|PF12=27.59|PF18=29.61|PF19=29.98|PF20=30.35|PF21=30.73|PF22=31.13|PMC0=32.57|PMC12=37.01|PMC18=39.72|PMC19=40.22|PMC20=40.71|PMC21=41.22|PMC22=41.76|PMVG17=22.95|PMVG18=23.24|PMVG20=23.82
CMED;20260508;medicamento;540926030069807;;;COSMED INDUSTRIA DE COSMETICOS E MEDICAMENTOS S.A.;PASTILHAS CEPACOL;3 MG PAS DURA CT BL AL PLAS PVC/PCTFE TRANS X 12 (SBR MEL LIMÃO);CLORIDRATO DE BENZIDAMINA;7896094931398;1781710010016;;540926030069807;;N;;12.81;17.18;;;;CMED_ICMS17;20260508;20;PF0=10.63|PF12=12.08|PF18=12.96|PF19=13.12|PF20=13.29|PF21=13.46|PF22=13.63|PMC0=14.26|PMC12=16.2|PMC18=17.39|PMC19=17.6|PMC20=17.83|PMC21=18.06|PMC22=18.28|PMVG17=10.05|PMVG18=10.17|PMVG20=10.43
CMED;20260508;medicamento;540926030069907;;;COSMED INDUSTRIA DE COSMETICOS E MEDICAMENTOS S.A.;PASTILHAS CEPACOL;3 MG PAS DURA CT BL AL PLAS PVC/PCTFE TRANS X 12 (SABOR MENTA LIMÃO);CLORIDRATO DE BENZIDAMINA;7896094931411;1781710000010;;540926030069907;;N;;12.81;17.18;;;;CMED_ICMS17;20260508;20;PF0=10.63|PF12=12.08|PF18=12.96|PF19=13.12|PF20=13.29|PF21=13.46|PF22=13.63|PMC0=14.26|PMC12=16.2|PMC18=17.39|PMC19=17.6|PMC20=17.83|PMC21=18.06|PMC22=18.28|PMVG17=10.05|PMVG18=10.17|PMVG20=10.43
CMED;20260508;medicamento;500903101175310;;;NOVARTIS BIOCIENCIAS S.A;PATANOL;1 MG/ML SOL OFT CT FR GOT PLAS PE OPC X 5 ML;CLORIDRATO DE OLOPATADINA;7896548115251;1006811100019;90297520;500903101175310;;N;;60.43;83.3;;;;CMED_ICMS17;20260508;20;PF0=50.16|PF12=57|PF18=61.17|PF19=61.93|PF20=62.7|PF21=63.49|PF22=64.31|PMC0=69.14|PMC12=78.57|PMC18=84.32|PMC19=85.36|PMC20=86.43|PMC21=87.51|PMC22=88.64|PMVG17=47.42|PMVG18=48|PMVG20=49.2
CMED;20260508;medicamento;500904601171411;;;NOVARTIS BIOCIENCIAS S.A;PATANOL;2 MG/ML SOL OFT CT FR GOT PLAS PE OPC X 2,5 ML;CLORIDRATO DE OLOPATADINA;7896548140581;1006811100051;90297628;500904601171411;;N;;60.43;83.3;;;;CMED_ICMS17;20260508;20;PF0=50.16|PF12=57|PF18=61.17|PF19=61.93|PF20=62.7|PF21=63.49|PF22=64.31|PMC0=69.14|PMC12=78.57|PMC18=84.32|PMC19=85.36|PMC20=86.43|PMC21=87.51|PMC22=88.64|PMVG17=47.42|PMVG18=48|PMVG20=49.2
CMED;20260508;medicamento;531623080098204;;;EMS SIGMA PHARMA LTDA;PATZ CR;6,25 MG COM REV LIB PROL CT BL AL AL X 20;HEMITARTARATO DE ZOLPIDEM;7896004789606;1356907450024;90566904;531623080098204;;N;;39.16;53.98;;;;CMED_ICMS17;20260508;20;PF0=32.5|PF12=36.93|PF18=39.63|PF19=40.12|PF20=40.63|PF21=41.14|PF22=41.67|PMC0=44.8|PMC12=50.9|PMC18=54.63|PMC19=55.3|PMC20=56|PMC21=56.71|PMC22=57.44|PMVG17=30.73|PMVG18=31.1|PMVG20=31.88
CMED;20260508;medicamento;531623080098304;;;EMS SIGMA PHARMA LTDA;PATZ CR;6,25 MG COM REV LIB PROL CT BL AL AL X 10;HEMITARTARATO DE ZOLPIDEM;7896004789590;1356907450016;90566890;531623080098304;;N;;19.59;27;;;;CMED_ICMS17;20260508;20;PF0=16.26|PF12=18.48|PF18=19.83|PF19=20.07|PF20=20.33|PF21=20.58|PF22=20.85|PMC0=22.41|PMC12=25.47|PMC18=27.33|PMC19=27.66|PMC20=28.02|PMC21=28.37|PMC22=28.74|PMVG17=15.37|PMVG18=15.56|PMVG20=15.95
CMED;20260508;medicamento;531623080098404;;;EMS SIGMA PHARMA LTDA;PATZ CR;6,25 MG COM REV LIB PROL CT BL AL AL X 30;HEMITARTARATO DE ZOLPIDEM;7896004789613;1356907450032;90566912;531623080098404;;N;;58.72;80.94;;;;CMED_ICMS17;20260508;20;PF0=48.74|PF12=55.39|PF18=59.44|PF19=60.17|PF20=60.93|PF21=61.7|PF22=62.49|PMC0=67.18|PMC12=76.35|PMC18=81.93|PMC19=82.94|PMC20=83.99|PMC21=85.05|PMC22=86.14|PMVG17=46.08|PMVG18=46.64|PMVG20=47.81
CMED;20260508;medicamento;531623080098504;;;EMS SIGMA PHARMA LTDA;PATZ CR;12,5 MG COM REV LIB PROL CT BL AL AL X 10;HEMITARTARATO DE ZOLPIDEM;7896004789620;1356907450040;90566920;531623080098504;;N;;40.31;55.56;;;;CMED_ICMS17;20260508;20;PF0=33.46|PF12=38.02|PF18=40.8|PF19=41.31|PF20=41.83|PF21=42.35|PF22=42.9|PMC0=46.12|PMC12=52.41|PMC18=56.24|PMC19=56.94|PMC20=57.66|PMC21=58.38|PMC22=59.13|PMVG17=31.63|PMVG18=32.01|PMVG20=32.83
CMED;20260508;medicamento;531623080098604;;;EMS SIGMA PHARMA LTDA;PATZ CR;12,5 MG COM REV LIB PROL CT BL AL AL X 30;HEMITARTARATO DE ZOLPIDEM;7896004789644;1356907450067;90566947;531623080098604;;N;;120.93;166.69;;;;CMED_ICMS17;20260508;20;PF0=100.37|PF12=114.06|PF18=122.4|PF19=123.91|PF20=125.46|PF21=127.05|PF22=128.68|PMC0=138.35|PMC12=157.22|PMC18=168.72|PMC19=170.8|PMC20=172.93|PMC21=175.13|PMC22=177.37|PMVG17=94.89|PMVG18=96.05|PMVG20=98.45
CMED;20260508;medicamento;531623080098704;;;EMS SIGMA PHARMA LTDA;PATZ CR;12,5 MG COM REV LIB PROL CT BL AL AL X 20;HEMITARTARATO DE ZOLPIDEM;7896004789637;1356907450059;90566939;531623080098704;;N;;80.63;111.14;;;;CMED_ICMS17;20260508;20;PF0=66.92|PF12=76.05|PF18=81.61|PF19=82.62|PF20=83.65|PF21=84.71|PF22=85.79|PMC0=92.24|PMC12=104.83|PMC18=112.49|PMC19=113.88|PMC20=115.3|PMC21=116.76|PMC22=118.25|PMVG17=63.27|PMVG18=64.04|PMVG20=65.64
CMED;20260508;medicamento;531623090098805;;;EMS SIGMA PHARMA LTDA;PATZ GTS;10 MG/ML SOL GOT OR CT FR GOT PLAS PET AMB X 20 ML;HEMITARTARATO DE ZOLPIDEM;7894916513005;1356907460011;90570987;531623090098805;;N;;145.05;199.94;;;;CMED_ICMS17;20260508;20;PF0=120.39|PF12=136.81|PF18=146.82|PF19=148.63|PF20=150.49|PF21=152.39|PF22=154.35|PMC0=165.95|PMC12=188.58|PMC18=202.38|PMC19=204.87|PMC20=207.43|PMC21=210.05|PMC22=212.76|PMVG17=113.82|PMVG18=115.21|PMVG20=118.09
CMED;20260508;medicamento;531618070082603;;;EMS SIGMA PHARMA LTDA;PATZ SL;5 MG COM SUBL CT BL AL AL X 30;HEMITARTARATO DE ZOLPIDEM;7894916512992;1356906430062;90413032;531618070082603;;N;;128.66;177.34;;;;CMED_ICMS17;20260508;20;PF0=106.79|PF12=121.35|PF18=130.23|PF19=131.84|PF20=133.49|PF21=135.18|PF22=136.91|PMC0=147.2|PMC12=167.27|PMC18=179.51|PMC19=181.73|PMC20=184|PMC21=186.33|PMC22=188.72|PMVG17=100.96|PMVG18=102.19|PMVG20=104.75
CMED;20260508;medicamento;531620050088607;;;EMS SIGMA PHARMA LTDA;PATZ SL;5 MG COM SUBL CT BL AL AL X 20;HEMITARTARATO DE ZOLPIDEM;7894916515559;1356906430038;90472888;531620050088607;;N;;85.77;118.23;;;;CMED_ICMS17;20260508;20;PF0=71.19|PF12=80.9|PF18=86.82|PF19=87.89|PF20=88.99|PF21=90.11|PF22=91.27|PMC0=98.13|PMC12=111.51|PMC18=119.67|PMC19=121.15|PMC20=122.66|PMC21=124.21|PMC22=125.81|PMVG17=67.3|PMVG18=68.13|PMVG20=69.83
CMED;20260508;medicamento;531620090091507;;;EMS SIGMA PHARMA LTDA;PATZ SL;5 MG COM SUBL CT BL AL AL X 10;HEMITARTARATO DE ZOLPIDEM;7894916515986;1356906430021;90484444;531620090091507;;N;;42.89;59.12;;;;CMED_ICMS17;20260508;20;PF0=35.6|PF12=40.45|PF18=43.41|PF19=43.95|PF20=44.5|PF21=45.06|PF22=45.64|PMC0=49.07|PMC12=55.76|PMC18=59.84|PMC19=60.58|PMC20=61.34|PMC21=62.11|PMC22=62.91|PMVG17=33.66|PMVG18=34.06|PMVG20=34.92
CMED;20260508;medicamento;531620090091607;;;EMS SIGMA PHARMA LTDA;PATZ SL;5 MG COM SUBL CT BL AL AL X 60;HEMITARTARATO DE ZOLPIDEM;7894916515979;1356906430161;90484452;531620090091607;;N;;257.33;354.7;;;;CMED_ICMS17;20260508;20;PF0=213.58|PF12=242.7|PF18=260.46|PF19=263.68|PF20=266.98|PF21=270.35|PF22=273.82|PMC0=294.4|PMC12=334.54|PMC18=359.02|PMC19=363.46|PMC20=368|PMC21=372.65|PMC22=377.43|PMVG17=201.93|PMVG18=204.38|PMVG20=209.5
CMED;20260508;medicamento;531621110094103;;;EMS SIGMA PHARMA LTDA;PATZ SL;10 MG COM SUBL CT BL AL AL X 7;HEMITARTARATO DE ZOLPIDEM;7894916515238;1356906430178;90525930;531621110094103;;N;;60.05;82.77;;;;CMED_ICMS17;20260508;20;PF0=49.84|PF12=56.64|PF18=60.78|PF19=61.53|PF20=62.3|PF21=63.09|PF22=63.9|PMC0=68.7|PMC12=78.07|PMC18=83.78|PMC19=84.81|PMC20=85.87|PMC21=86.96|PMC22=88.08|PMVG17=47.12|PMVG18=47.69|PMVG20=48.89
CMED;20260508;medicamento;531621110094203;;;EMS SIGMA PHARMA LTDA;PATZ SL;10 MG COM SUBL CT BL AL AL X 10;HEMITARTARATO DE ZOLPIDEM;7894916515245;1356906430186;90525949;531621110094203;;N;;85.77;118.23;;;;CMED_ICMS17;20260508;20;PF0=71.19|PF12=80.9|PF18=86.82|PF19=87.89|PF20=88.99|PF21=90.11|PF22=91.27|PMC0=98.13|PMC12=111.51|PMC18=119.67|PMC19=121.15|PMC20=122.66|PMC21=124.21|PMC22=125.81|PMVG17=67.3|PMVG18=68.13|PMVG20=69.83
CMED;20260508;medicamento;531621110094303;;;EMS SIGMA PHARMA LTDA;PATZ SL;10 MG COM SUBL CT BL AL AL X 14;HEMITARTARATO DE ZOLPIDEM;7894916515252;1356906430194;90525957;531621110094303;;N;;120.11;165.56;;;;CMED_ICMS17;20260508;20;PF0=99.69|PF12=113.28|PF18=121.57|PF19=123.07|PF20=124.61|PF21=126.19|PF22=127.81|PMC0=137.41|PMC12=156.14|PMC18=167.57|PMC19=169.64|PMC20=171.76|PMC21=173.94|PMC22=176.17|PMVG17=94.25|PMVG18=95.4|PMVG20=97.78
CMED;20260508;medicamento;531621110094403;;;EMS SIGMA PHARMA LTDA;PATZ SL;10 MG COM SUBL CT BL AL AL X 15;HEMITARTARATO DE ZOLPIDEM;7894916515269;1356906430208;90525965;531621110094403;;N;;128.66;177.34;;;;CMED_ICMS17;20260508;20;PF0=106.79|PF12=121.35|PF18=130.23|PF19=131.84|PF20=133.49|PF21=135.18|PF22=136.91|PMC0=147.2|PMC12=167.27|PMC18=179.51|PMC19=181.73|PMC20=184|PMC21=186.33|PMC22=188.72|PMVG17=100.96|PMVG18=102.19|PMVG20=104.75
CMED;20260508;medicamento;531621110094503;;;EMS SIGMA PHARMA LTDA;PATZ SL;10 MG COM SUBL CT BL AL AL X 20;HEMITARTARATO DE ZOLPIDEM;7894916515276;1356906430216;90525973;531621110094503;;N;;171.54;236.45;;;;CMED_ICMS17;20260508;20;PF0=142.38|PF12=161.8|PF18=173.63|PF19=175.78|PF20=177.98|PF21=180.23|PF22=182.54|PMC0=196.26|PMC12=223.02|PMC18=239.33|PMC19=242.29|PMC20=245.33|PMC21=248.43|PMC22=251.61|PMVG17=134.61|PMVG18=136.25|PMVG20=139.66
CMED;20260508;medicamento;531621110094603;;;EMS SIGMA PHARMA LTDA;PATZ SL;10 MG COM SUBL CT BL AL AL X 28;HEMITARTARATO DE ZOLPIDEM;7894916515283;1356906430224;90525981;531621110094603;;N;;240.16;331.04;;;;CMED_ICMS17;20260508;20;PF0=199.33|PF12=226.51|PF18=243.09|PF19=246.09|PF20=249.16|PF21=252.32|PF22=255.55|PMC0=274.76|PMC12=312.22|PMC18=335.07|PMC19=339.21|PMC20=343.44|PMC21=347.8|PMC22=352.25|PMVG17=188.45|PMVG18=190.75|PMVG20=195.52
CMED;20260508;medicamento;531621110094703;;;EMS SIGMA PHARMA LTDA;PATZ SL;10 MG COM SUBL CT BL AL AL X 30;HEMITARTARATO DE ZOLPIDEM;7894916515290;1356906430232;90525990;531621110094703;;N;;257.33;354.7;;;;CMED_ICMS17;20260508;20;PF0=213.58|PF12=242.7|PF18=260.46|PF19=263.68|PF20=266.98|PF21=270.35|PF22=273.82|PMC0=294.4|PMC12=334.54|PMC18=359.02|PMC19=363.46|PMC20=368|PMC21=372.65|PMC22=377.43|PMVG17=201.93|PMVG18=204.38|PMVG20=209.5
CMED;20260508;medicamento;540420010011807;;;NATULAB LABORATORIO S.A;PAUSEFEMME;150 MG COM REV CT BL AL PLAS TRANS X 30;EXTRATO DA SEMENTE DE GLYCINE SOJA (SOJA);7899470806020;1384100700018;90460650;540420010011807;;N;;109.11;146.37;;;;CMED_ICMS17;20260508;20;PF0=90.56|PF12=102.91|PF18=110.44|PF19=111.8|PF20=113.2|PF21=114.63|PF22=116.1|PMC0=121.48|PMC12=138.05|PMC18=148.15|PMC19=149.98|PMC20=151.85|PMC21=153.77|PMC22=155.74|PMVG17=85.62|PMVG18=86.66|PMVG20=88.83
CMED;20260508;medicamento;544125120007907;;;AMGEN BIOTECNOLOGIA DO BRASIL LTDA.;PAVBLU;40 MG/ML SOL INJ IVIT CT FA VD TRANS X 0,278 ML;AFLIBERCEPTE;7898609961357;1024400270016;90618505;544125120007907;;N;;5478.11;7551;;;;CMED_ICMS17;20260508;20;PF0=4546.83|PF12=5166.85|PF18=5544.91|PF19=5613.37|PF20=5683.54|PF21=5755.48|PF22=5829.27|PMC0=6267.33|PMC12=7121.96|PMC18=7643.08|PMC19=7737.45|PMC20=7834.17|PMC21=7933.33|PMC22=8035.04
CMED;20260508;medicamento;508023050173504;;;EUROFARMA LABORATORIOS S.A.;PAXIBE;40 MG PO LIOF SOL INJ IV/IM CT 10 FA VD TRANS;PARECOXIBE SÓDICO;7891317027223;1004314600033;90561449;508023050173504;;S;;718.07;;;;;CMED_ICMS17;20260508;20;PF0=596|PF12=677.27|PF18=726.83|PF19=735.8|PF20=745|PF21=754.43|PF22=764.1|PMVG17=563.47|PMVG18=570.34|PMVG20=584.6
CMED;20260508;medicamento;510617060056803;;;GLAXOSMITHKLINE BRASIL LTDA;PAXIL CR;12,5 MG COM REV LIB MOD CT BL AL PLAS PVC OPC X 10;CLORIDRATO DE PAROXETINA;7896015516611;1010702240055;90380371;510617060056803;;N;;51.95;71.61;;;;CMED_ICMS17;20260508;20;PF0=43.12|PF12=49|PF18=52.59|PF19=53.23|PF20=53.9|PF21=54.58|PF22=55.28|PMC0=59.44|PMC12=67.54|PMC18=72.49|PMC19=73.37|PMC20=74.3|PMC21=75.23|PMC22=76.2|PMVG17=40.77|PMVG18=41.27|PMVG20=42.3
CMED;20260508;medicamento;510617060056903;;;GLAXOSMITHKLINE BRASIL LTDA;PAXIL CR;12,5 MG COM REV LIB MOD CT BL AL PLAS PVC OPC X 30;CLORIDRATO DE PAROXETINA;7896015516956;1010702240063;90380380;510617060056903;;N;;155.87;214.85;;;;CMED_ICMS17;20260508;20;PF0=129.37|PF12=147.01|PF18=157.77|PF19=159.72|PF20=161.71|PF21=163.76|PF22=165.86|PMC0=178.32|PMC12=202.64|PMC18=217.47|PMC19=220.16|PMC20=222.9|PMC21=225.73|PMC22=228.62|PMVG17=122.31|PMVG18=123.8|PMVG20=126.89
CMED;20260508;medicamento;510617060057003;;;GLAXOSMITHKLINE BRASIL LTDA;PAXIL CR;25 MG COM REV LIB MOD CT BL AL PLAS PVC OPC X 30;CLORIDRATO DE PAROXETINA;7896015516949;1010702240081;90380398;510617060057003;;N;;311.71;429.66;;;;CMED_ICMS17;20260508;20;PF0=258.72|PF12=294|PF18=315.51|PF19=319.41|PF20=323.4|PF21=327.49|PF22=331.69|PMC0=356.62|PMC12=405.25|PMC18=434.9|PMC19=440.27|PMC20=445.77|PMC21=451.41|PMC22=457.2|PMVG17=244.6|PMVG18=247.58|PMVG20=253.77
CMED;20260508;medicamento;510621110058603;;;GLAXOSMITHKLINE BRASIL LTDA;PAXIL CR;25 MG COM REV LIB MOD CT BL AL PLAS PVC OPC X 10;CLORIDRATO DE PAROXETINA HEMI-HIDRATADO;7896015516628;1010702240071;90523245;510621110058603;;N;;101.73;140.22;;;;CMED_ICMS17;20260508;20;PF0=84.44|PF12=95.95|PF18=102.98|PF19=104.25|PF20=105.55|PF21=106.89|PF22=108.26|PMC0=116.39|PMC12=132.26|PMC18=141.95|PMC19=143.7|PMC20=145.49|PMC21=147.34|PMC22=149.23|PMVG17=79.83|PMVG18=80.81|PMVG20=82.83
CMED;20260508;medicamento;522724040093901;;;PFIZER BRASIL LTDA;PAXLOVID;150 MG COM REV + 100 MG COM REV CT BL AL AL X 20 + 10;"NIRMATRELVIR;RITONAVIR";7891045165013;1211004960010;90583043;522724040093901;;N;;4560.93;6118.33;;;;CMED_ICMS17;20260508;20;PF0=3785.57|PF12=4301.79|PF18=4616.55|PF19=4673.54|PF20=4731.96|PF21=4791.86|PF22=4853.29|PMC0=5078.21|PMC12=5770.7|PMC18=6192.94|PMC19=6269.39|PMC20=6347.76|PMC21=6428.11|PMC22=6510.52|PMVG17=3578.96|PMVG18=3622.61|PMVG20=3713.17
CMED;20260508;medicamento;501618050019217;;;APSEN FARMACEUTICA S/A;PAXORAL;3,5 MG CAPS GEL DURA CT BL AL PLAST INC X 10;LISADO BACTERIANO;7896637029926;1011806160031;90394674;501618050019217;;N;;54.63;75.3;;;;CMED_ICMS17;20260508;20;PF0=45.34|PF12=51.52|PF18=55.29|PF19=55.98|PF20=56.68|PF21=57.39|PF22=58.13|PMC0=62.5|PMC12=71.01|PMC18=76.21|PMC19=77.16|PMC20=78.13|PMC21=79.11|PMC22=80.13|PMVG17=42.87|PMVG18=43.39|PMVG20=44.48
CMED;20260508;medicamento;501618050019417;;;APSEN FARMACEUTICA S/A;PAXORAL;7 MG CAPS GEL DURA CT BL AL PLAST INC X 10;LISADO BACTERIANO;7896637029902;1011806160013;90394690;501618050019417;;N;;80.9;111.51;;;;CMED_ICMS17;20260508;20;PF0=67.15|PF12=76.31|PF18=81.89|PF19=82.9|PF20=83.94|PF21=85|PF22=86.09|PMC0=92.56|PMC12=105.19|PMC18=112.88|PMC19=114.27|PMC20=115.7|PMC21=117.16|PMC22=118.67|PMVG17=63.48|PMVG18=64.26|PMVG20=65.87
CMED;20260508;medicamento;533018602116415;;;UNIÃO QUÍMICA FARMACÊUTICA NACIONAL S/A;PAXTRAT;20 MG COM REV CT BL AL PLAS TRANS X 30;CLORIDRATO DE PAROXETINA HEMI-HIDRATADO;7896006282389;1049711780021;90209362;533018602116415;;N;;82.89;114.26;;;;CMED_ICMS17;20260508;20;PF0=68.8|PF12=78.18|PF18=83.9|PF19=84.94|PF20=86|PF21=87.09|PF22=88.21|PMC0=94.83|PMC12=107.76|PMC18=115.65|PMC19=117.08|PMC20=118.54|PMC21=120.04|PMC22=121.59|PMVG17=65.04|PMVG18=65.84|PMVG20=67.48
CMED;20260508;medicamento;533022080080303;;;UNIÃO QUÍMICA FARMACÊUTICA NACIONAL S/A;PAXTRAT;20 MG COM REV CT BL AL PLAS TRANS X 20;CLORIDRATO DE PAROXETINA HEMI-HIDRATADO;7896006201380;1049711780011;90544030;533022080080303;;N;;42.75;58.93;;;;CMED_ICMS17;20260508;20;PF0=35.48|PF12=40.32|PF18=43.27|PF19=43.8|PF20=44.35|PF21=44.91|PF22=45.49|PMC0=48.91|PMC12=55.58|PMC18=59.64|PMC19=60.37|PMC20=61.13|PMC21=61.9|PMC22=62.7|PMVG17=33.55|PMVG18=33.95|PMVG20=34.8
CMED;20260508;medicamento;532426010037504;;;SUN FARMACÊUTICA DO BRASIL LTDA;PAZOVANT;400 MG COM REV CT FR PLAS PEAD OPC X 30;CLORIDRATO DE PAZOPANIBE;7898272947047;1468201240017;90619587;532426010037504;;N;;;;;;;CMED_ICMS17;20260508;20;PF0=6082.33|PMC0=8383.86
CMED;20260508;medicamento;532426010037604;;;SUN FARMACÊUTICA DO BRASIL LTDA;PAZOVANT;400 MG COM REV CX 2 FR PLAS PEAD OPC X 30;CLORIDRATO DE PAZOPANIBE;7898272947054;1468201240025;90619595;532426010037604;;N;;;;;;;CMED_ICMS17;20260508;20;PF0=12164.65|PMC0=16767.7
CMED;20260508;medicamento;500212090030305;;;ABBOTT LABORATORIOS DO BRASIL LTDA;PEDIALYTE MAX;SOL OR FR PLAS OPC X 500ML (SABOR MAÇÃ);GLICONATO DE ZINCO;7891158106477;1055303410011;90262794;500212090030305;;N;;22.87;30.68;;;;CMED_ICMS17;20260508;20;PF0=18.98|PF12=21.57|PF18=23.15|PF19=23.43|PF20=23.73|PF21=24.03|PF22=24.33|PMC0=25.46|PMC12=28.94|PMC18=31.05|PMC19=31.43|PMC20=31.83|PMC21=32.24|PMC22=32.64|PMVG17=17.95|PMVG18=18.17|PMVG20=18.62
CMED;20260508;medicamento;500212090030405;;;ABBOTT LABORATORIOS DO BRASIL LTDA;PEDIALYTE MAX;SOL OR FR PLAS OPC X 500ML (SABOR UVA);GLICONATO DE ZINCO;7891158106446;1055303410021;90262808;500212090030405;;N;;22.87;30.68;;;;CMED_ICMS17;20260508;20;PF0=18.98|PF12=21.57|PF18=23.15|PF19=23.43|PF20=23.73|PF21=24.03|PF22=24.33|PMC0=25.46|PMC12=28.94|PMC18=31.05|PMC19=31.43|PMC20=31.83|PMC21=32.24|PMC22=32.64|PMVG17=17.95|PMVG18=18.17|PMVG20=18.62
CMED;20260508;medicamento;500223100048507;;;ABBOTT LABORATORIOS DO BRASIL LTDA;PEDIALYTE MAX;SOL OR FR PLAS OPC X 500ML (SABOR MORANGO);"CITRATO DE SÓDIO DI-HIDRATADO;CLORETO DE POTÁSSIO;GLICONATO DE ZINCO;GLICOSE MONOIDRATADA";7891158106453;1055303410038;90569482;500223100048507;;N;;22.87;30.68;;;;CMED_ICMS17;20260508;20;PF0=18.98|PF12=21.57|PF18=23.15|PF19=23.43|PF20=23.73|PF21=24.03|PF22=24.33|PMC0=25.46|PMC12=28.94|PMC18=31.05|PMC19=31.43|PMC20=31.83|PMC21=32.24|PMC22=32.64|PMVG17=17.95|PMVG18=18.17|PMVG20=18.62
CMED;20260508;medicamento;500223100048607;;;ABBOTT LABORATORIOS DO BRASIL LTDA;PEDIALYTE MAX;SOL OR FR PLAS OPC X 500ML (SABOR COCO);"CITRATO DE SÓDIO DI-HIDRATADO;CLORETO DE POTÁSSIO;GLICONATO DE ZINCO;CLORETO DE SÓDIO;GLICOSE MONOIDRATADA";7891158106460;1055303410046;90569474;500223100048607;;N;;22.87;30.68;;;;CMED_ICMS17;20260508;20;PF0=18.98|PF12=21.57|PF18=23.15|PF19=23.43|PF20=23.73|PF21=24.03|PF22=24.33|PMC0=25.46|PMC12=28.94|PMC18=31.05|PMC19=31.43|PMC20=31.83|PMC21=32.24|PMC22=32.64|PMVG17=17.95|PMVG18=18.17|PMVG20=18.62
CMED;20260508;medicamento;506306601177419;;;CIFARMA CIENTÍFICA FARMACÊUTICA LTDA;PEDIDERM;0,2 MG/ML LOC CT FR PLAS OPC X 100 ML;DELTAMETRINA;7898158690395;1156000150018;90041836;506306601177419;;N;;20.83;27.94;;;;CMED_ICMS17;20260508;20;PF0=17.29|PF12=19.65|PF18=21.09|PF19=21.35|PF20=21.61|PF21=21.89|PF22=22.17|PMC0=23.19|PMC12=26.36|PMC18=28.29|PMC19=28.64|PMC20=28.99|PMC21=29.36|PMC22=29.74|PMVG17=16.35|PMVG18=16.55|PMVG20=16.96
CMED;20260508;medicamento;506306602173417;;;CIFARMA CIENTÍFICA FARMACÊUTICA LTDA;PEDIDERM;0,2 MG/ML SHAMPOO CT FR PLAS X 100 ML;DELTAMETRINA;7898158690401;1156000150042;90041844;506306602173417;;N;;20.83;27.94;;;;CMED_ICMS17;20260508;20;PF0=17.29|PF12=19.65|PF18=21.09|PF19=21.35|PF20=21.61|PF21=21.89|PF22=22.17|PMC0=23.19|PMC12=26.36|PMC18=28.29|PMC19=28.64|PMC20=28.99|PMC21=29.36|PMC22=29.74|PMVG17=16.35|PMVG18=16.55|PMVG20=16.96
CMED;20260508;medicamento;506413050027404;;;CIMED INDUSTRIA S.A;PEDILETAN;10 MG/ML LOC CT FR PLAS OPC X 60ML;PERMETRINA;7896523209364;1438100420069;90277759;506413050027404;;N;;23.81;31.94;;;;CMED_ICMS17;20260508;20;PF0=19.76|PF12=22.45|PF18=24.1|PF19=24.4|PF20=24.7|PF21=25.01|PF22=25.33|PMC0=26.51|PMC12=30.12|PMC18=32.33|PMC19=32.73|PMC20=33.13|PMC21=33.55|PMC22=33.98|PMVG17=18.68|PMVG18=18.91|PMVG20=19.38
CMED;20260508;medicamento;604922060000117;;;INNOVATIVE MEDICINES BRASIL SP DISTRIBUICAO DE MEDICAMENTOS LTDA;PEGASYS;180 MCG SOL INJ CT 1 SER PREENCHIDA VD TRANS 0,5 ML;ALFAPEGINTERFERONA 2A;7896226505138;1384000010011;90540867;604922060000117;;S;;;;;;;CMED_ICMS17;20260508;20;PF0=2431.29
CMED;20260508;medicamento;520723080118707;;;LABORATORIO TEUTO BRASILEIRO S/A;PEGNEUCYTE;10 MG/ML SOL INJ CT SER PREENCH VD TRANS X 0,6 ML + AGU COM SIST SEGURANÇA;PEGFILGRASTIM;7896112103011;1037007810010;90567528;520723080118707;;S;;6630.44;;;;;CMED_ICMS17;20260508;20;PF0=5503.27|PF12=6253.72|PF18=6711.3|PF19=6794.16|PF20=6879.09|PF21=6966.17|PF22=7055.47|PMVG17=5202.91|PMVG18=5266.36|PMVG20=5398.02
CMED;20260508;medicamento;556923080000107;;;BIONOVIS S.A. - COMPANHIA BRASILEIRA DE BIOTECNOLOGIA FARMACEUTICA;PEGTIMA;10 MG/ML SOL INJ SC CT SER VD TRANS PREENC X 0,6 ML;PEGFILGRASTIM;7898996166113;1453100010018;90567536;556923080000107;;S;;5426.95;;;;;CMED_ICMS17;20260508;20;PF0=4504.37|PF12=5118.6|PF18=5493.13|PF19=5560.95|PF20=5630.46|PF21=5701.74|PF22=5774.83|PMVG17=4258.53|PMVG18=4310.46|PMVG20=4418.22
CMED;20260508;medicamento;538021020031707;;;ACCORD FARMACÊUTICA LTDA;PELGRAZ;10 MG/ML SOL INJ SC CT SER VD TRANS PREENC X 0,6 ML;PEGFILGRASTIM;7898932797920;1553700900010;90508220;538021020031707;;S;;5426.94;;;;;CMED_ICMS17;20260508;20;PF0=4504.36|PF12=5118.59|PF18=5493.12|PF19=5560.94|PF20=5630.45|PF21=5701.72|PF22=5774.82|PMVG17=4258.52|PMVG18=4310.45|PMVG20=4418.21
CMED;20260508;medicamento;538026020054107;;;ACCORD FARMACÊUTICA LTDA;PELGRAZ;10 MG/ML SOL INJ SC CT SER VD TRANS PREENC X 0,6 ML + 1 CAN APLIC;PEGFILGRASTIM;7898577813504;1553700900029;;538026020054107;;N;;5426.94;7480.47;;;;CMED_ICMS17;20260508;20;PF0=4504.36|PF12=5118.59|PF18=5493.12|PF19=5560.94|PF20=5630.45|PF21=5701.72|PF22=5774.82|PMC0=6208.79|PMC12=7055.44|PMC18=7571.69|PMC19=7665.18|PMC20=7760.99|PMC21=7859.23|PMC22=7959.99|PMVG17=4258.52|PMVG18=4310.45|PMVG20=4418.21
CMED;20260508;medicamento;533225040005501;;;UNITED MEDICAL LTDA;PEMAZYRE;9 MG COM CT BL AL PLAS PVC/PCTFE TRANS X 14;PEMIGATINIBE;7898054580486;1257600400028;90607082;533225040005501;;N;;52639.54;70614.07;;;;CMED_ICMS17;20260508;20;PF0=43690.83|PF12=49648.69|PF18=53281.49|PF19=53939.3|PF20=54613.54|PF21=55304.86|PF22=56013.87|PMC0=58609.69|PMC12=66601.95|PMC18=71475.22|PMC19=72357.65|PMC20=73262.12|PMC21=74189.5|PMC22=75140.61|PMVG17=41306.25|PMVG18=41809.98|PMVG20=42855.25
CMED;20260508;medicamento;533225040005601;;;UNITED MEDICAL LTDA;PEMAZYRE;13,5 MG COM CT BL AL PLAS PVC/PCTFE TRANS X 14;PEMIGATINIBE;7898054580493;1257600400036;90607090;533225040005601;;N;;52639.54;70614.07;;;;CMED_ICMS17;20260508;20;PF0=43690.83|PF12=49648.69|PF18=53281.49|PF19=53939.3|PF20=54613.54|PF21=55304.86|PF22=56013.87|PMC0=58609.69|PMC12=66601.95|PMC18=71475.22|PMC19=72357.65|PMC20=73262.12|PMC21=74189.5|PMC22=75140.61|PMVG17=41306.25|PMVG18=41809.98|PMVG20=42855.25
CMED;20260508;medicamento;533225040005701;;;UNITED MEDICAL LTDA;PEMAZYRE;4,5 MG COM CT BL AL PLAS PVC/PCTFE TRANS X 14;PEMIGATINIBE;7898054580479;1257600400011;90607074;533225040005701;;N;;52639.54;70614.07;;;;CMED_ICMS17;20260508;20;PF0=43690.83|PF12=49648.69|PF18=53281.49|PF19=53939.3|PF20=54613.54|PF21=55304.86|PF22=56013.87|PMC0=58609.69|PMC12=66601.95|PMC18=71475.22|PMC19=72357.65|PMC20=73262.12|PMC21=74189.5|PMC22=75140.61|PMVG17=41306.25|PMVG18=41809.98|PMVG20=42855.25
CMED;20260508;medicamento;537524050012404;;;TEVA FARMACÊUTICA LTDA.;PEMDIA;25 MG/ML SOL DIL INFUS IV CT FA VD TRANS X 4 ML;PEMETREXEDE;7898587901826;1557300680016;90587260;537524050012404;;S;;2355.24;;;;;CMED_ICMS17;20260508;20;PF0=1954.85|PF12=2221.42|PF18=2383.96|PF19=2413.4|PF20=2443.56|PF21=2474.49|PF22=2506.22|PMVG17=1848.16|PMVG18=1870.69|PMVG20=1917.46
CMED;20260508;medicamento;537524050012504;;;TEVA FARMACÊUTICA LTDA.;PEMDIA;25 MG/ML SOL DIL INFUS IV CT FA VD TRANS X 20 ML;PEMETREXEDE;7898587901833;1557300680024;90587278;537524050012504;;S;;11776.26;;;;;CMED_ICMS17;20260508;20;PF0=9774.3|PF12=11107.16|PF18=11919.88|PF19=12067.04|PF20=12217.88|PF21=12372.53|PF22=12531.15|PMVG17=9240.83|PMVG18=9353.53|PMVG20=9587.37
CMED;20260508;medicamento;521912070018104;;;GLENMARK FARMACÊUTICA LTDA;PEMEGLENN;100 MG PO LIOF INJ IV CT 01 FA VD TRANS X 15 ML;PEMETREXEDE DISSÓDICO;7897473200227;1101302690018;90267648;521912070018104;;S;;2314;;;;;CMED_ICMS17;20260508;20;PF0=1920.62|PF12=2182.52|PF18=2342.22|PF19=2371.14|PF20=2400.78|PF21=2431.16|PF22=2462.33|PMVG17=1815.8|PMVG18=1837.94|PMVG20=1883.89
CMED;20260508;medicamento;521912070018204;;;GLENMARK FARMACÊUTICA LTDA;PEMEGLENN;500 MG PO LIOF INJ IV CT 01 FA VD TRANS X 30 ML;PEMETREXEDE DISSÓDICO;7897473200234;1101302690026;90267656;521912070018204;;S;;11496.62;;;;;CMED_ICMS17;20260508;20;PF0=9542.2|PF12=10843.41|PF18=11636.83|PF19=11780.49|PF20=11927.75|PF21=12078.74|PF22=12233.59|PMVG17=9021.4|PMVG18=9131.42|PMVG20=9359.71
CMED;20260508;medicamento;521912070018306;;;GLENMARK FARMACÊUTICA LTDA;PEMETREXEDE;100 MG PO LIOF INJ IV CT 1 FA VD INC X 15 ML;PEMETREXEDE DISSÓDICO;7897473206526;1101302700013;90267664;521912070018306;S;S;;1503.86;;;;;CMED_ICMS17;20260508;20;PF0=1248.2|PF12=1418.41|PF18=1522.19|PF19=1540.99|PF20=1560.25|PF21=1580|PF22=1600.26|PMVG17=1180.08|PMVG18=1194.46|PMVG20=1224.33
CMED;20260508;medicamento;521912070018406;;;GLENMARK FARMACÊUTICA LTDA;PEMETREXEDE;500 MG PO LIOF INJ IV CT 1 FA VD INC X 30 ML;PEMETREXEDE DISSÓDICO;7897473206533;1101302700021;90267672;521912070018406;S;S;;7520.49;;;;;CMED_ICMS17;20260508;20;PF0=6242.01|PF12=7093.2|PF18=7612.21|PF19=7706.19|PF20=7802.51|PF21=7901.28|PF22=8002.58|PMVG17=5901.33|PMVG18=5973.3|PMVG20=6122.63
CMED;20260508;medicamento;504419010066306;;;BLAU FARMACEUTICA S.A.;PEMETREXEDE DISSÓDICO;100 MG PO LIOF SOL INJ IV CT FA VD TRANS;PEMETREXEDE DISSÓDICO HEMIPENTAIDRATADO;7896014681044;1163701530014;90396901;504419010066306;S;S;;1530.92;;;;;CMED_ICMS17;20260508;20;PF0=1270.66|PF12=1443.93|PF18=1549.59|PF19=1568.72|PF20=1588.33|PF21=1608.43|PF22=1629.05|PMVG17=1201.31|PMVG18=1215.96|PMVG20=1246.36
CMED;20260508;medicamento;504419010066406;;;BLAU FARMACEUTICA S.A.;PEMETREXEDE DISSÓDICO;100 MG PO LIOF SOL INJ IV CX 5 FA VD TRANS;PEMETREXEDE DISSÓDICO HEMIPENTAIDRATADO;7896014681051;1163701530022;90396910;504419010066406;S;S;;7654.5;;;;;CMED_ICMS17;20260508;20;PF0=6353.24|PF12=7219.59|PF18=7747.85|PF19=7843.51|PF20=7941.55|PF21=8042.08|PF22=8145.18|PMVG17=6006.49|PMVG18=6079.74|PMVG20=6231.73
CMED;20260508;medicamento;504419010066506;;;BLAU FARMACEUTICA S.A.;PEMETREXEDE DISSÓDICO;100 MG PO LIOF SOL INJ IV CX 10 FA VD TRANS;PEMETREXEDE DISSÓDICO HEMIPENTAIDRATADO;7896014681068;1163701530030;90396928;504419010066506;S;S;;15309.01;;;;;CMED_ICMS17;20260508;20;PF0=12706.48|PF12=14439.19|PF18=15495.7|PF19=15687.01|PF20=15883.1|PF21=16084.15|PF22=16290.36|PMVG17=12012.98|PMVG18=12159.47|PMVG20=12463.47
CMED;20260508;medicamento;504419010066606;;;BLAU FARMACEUTICA S.A.;PEMETREXEDE DISSÓDICO;500 MG PO LIOF SOL INJ IV CT FA VD TRANS;PEMETREXEDE DISSÓDICO HEMIPENTAIDRATADO;7896014681075;1163701530049;90396936;504419010066606;S;S;;7654.59;;;;;CMED_ICMS17;20260508;20;PF0=6353.31|PF12=7219.67|PF18=7747.94|PF19=7843.59|PF20=7941.64|PF21=8042.17|PF22=8145.27|PMVG17=6006.56|PMVG18=6079.81|PMVG20=6231.81
CMED;20260508;medicamento;504419010066706;;;BLAU FARMACEUTICA S.A.;PEMETREXEDE DISSÓDICO;500 MG PO LIOF SOL INJ IV CX 5 FA VD TRANS;PEMETREXEDE DISSÓDICO HEMIPENTAIDRATADO;7896014681082;1163701530057;90396944;504419010066706;S;S;;38272.89;;;;;CMED_ICMS17;20260508;20;PF0=31766.51|PF12=36098.32|PF18=38739.64|PF19=39217.92|PF20=39708.14|PF21=40210.78|PF22=40726.29|PMVG17=30032.74|PMVG18=30399|PMVG20=31158.98
CMED;20260508;medicamento;504419010066806;;;BLAU FARMACEUTICA S.A.;PEMETREXEDE DISSÓDICO;500 MG PO LIOF SOL INJ IV CX 10 FA VD TRANS;PEMETREXEDE DISSÓDICO HEMIPENTAIDRATADO;7896014681099;1163701530065;90396952;504419010066806;S;S;;76545.83;;;;;CMED_ICMS17;20260508;20;PF0=63533.05|PF12=72196.67|PF18=77479.32|PF19=78435.87|PF20=79416.31|PF21=80421.6|PF22=81452.61|PMVG17=60065.51|PMVG18=60798.02|PMVG20=62317.98
CMED;20260508;medicamento;532420070029007;;;SUN FARMACÊUTICA DO BRASIL LTDA;PEMETREXEDE DISSODICO;100 MG PO LIOF SOL INJ IV CT FA VD TRANS X 10 ML;PEMETREXEDE DISSÓDICO;7898272940659;1468200760017;90487699;532420070029007;S;S;;1400.49;;;;;CMED_ICMS17;20260508;20;PF0=1162.41|PF12=1320.92|PF18=1417.57|PF19=1435.07|PF20=1453.01|PF21=1471.41|PF22=1490.27|PMVG17=1098.96|PMVG18=1112.37|PMVG20=1140.18
CMED;20260508;medicamento;532420070029107;;;SUN FARMACÊUTICA DO BRASIL LTDA;PEMETREXEDE DISSODICO;500 MG PO LIOF SOL INJ IV CT FA VD TRANS X 50 ML;PEMETREXEDE DISSÓDICO;7898272940642;1468200760025;90487702;532420070029107;S;S;;7002.59;;;;;CMED_ICMS17;20260508;20;PF0=5812.15|PF12=6604.72|PF18=7087.99|PF19=7175.49|PF20=7265.19|PF21=7357.15|PF22=7451.47|PMVG17=5494.93|PMVG18=5561.95|PMVG20=5701
CMED;20260508;medicamento;541522080026806;;;VIATRIS FARMACEUTICA DO BRASIL LTDA;PEMETREXEDE DISSÓDICO;500 MG PO LIOF SOL INFUS IV CT FA VD TRANS;PEMETREXEDE DISSÓDICO;7898560664403;1883000900019;90550188;541522080026806;S;S;;7654.58;;;;;CMED_ICMS17;20260508;20;PF0=6353.3|PF12=7219.66|PF18=7747.93|PF19=7843.58|PF20=7941.63|PF21=8042.15|PF22=8145.25|PMVG17=6006.55|PMVG18=6079.8|PMVG20=6231.8
CMED;20260508;medicamento;538014070014204;;;ACCORD FARMACÊUTICA LTDA;PEMTRYX;100 MG PO LIOF INJ CT FA VD INC X 10 ML;PEMETREXEDE DISSÓDICO HEMIPENTAIDRATADO;7898577810510;1553700340015;90325826;538014070014204;;S;;2258.92;;;;;CMED_ICMS17;20260508;20;PF0=1874.9|PF12=2130.57|PF18=2286.46|PF19=2314.69|PF20=2343.63|PF21=2373.29|PF22=2403.72|PMVG17=1772.57|PMVG18=1794.18|PMVG20=1839.05
CMED;20260508;medicamento;508010802115313;;;EUROFARMA LABORATORIOS S.A.;PEN-VE-ORAL;500.000 UI COM CT ENV AL PLAS X 12;FENOXIMETILPENICILINA POTÁSSICA;7891317007621;1004306850018;90070283;508010802115313;;N;;24.2;33.36;;;;CMED_ICMS17;20260508;20;PF0=20.09|PF12=22.83|PF18=24.5|PF19=24.8|PF20=25.11|PF21=25.43|PF22=25.76|PMC0=27.69|PMC12=31.47|PMC18=33.77|PMC19=34.18|PMC20=34.61|PMC21=35.05|PMC22=35.51|PMVG17=18.99|PMVG18=19.23|PMVG20=19.7
CMED;20260508;medicamento;508010803138317;;;EUROFARMA LABORATORIOS S.A.;PEN-VE-ORAL;80.000 UI/ML PO SOL OR CT FR VD AMB X 60 ML + COP;FENOXIMETILPENICILINA POTÁSSICA;7891317007638;1004306850034;90070267;508010803138317;;N;;25.76;35.51;;;;CMED_ICMS17;20260508;20;PF0=21.38|PF12=24.3|PF18=26.07|PF19=26.4|PF20=26.73|PF21=27.06|PF22=27.41|PMC0=29.47|PMC12=33.5|PMC18=35.93|PMC19=36.39|PMC20=36.84|PMC21=37.3|PMC22=37.78|PMVG17=20.21|PMVG18=20.46|PMVG20=20.98
CMED;20260508;medicamento;516301101173418;;;MEGALABS FARMACEUTICA S.A.;PENETRO;(33,0 + 22,0 + 22,0 + 5,5) MG/ML SOL INAL CT FR VD AMB X 45 ML;"ÁCIDO BENZÓICO;TERPINA MONOIDRATADA;MENTOL;EUCALIPTOL";7896026120555;1014300270039;90111001;516301101173418;;N;;26.51;35.56;;;;CMED_ICMS17;20260508;20;PF0=22|PF12=25|PF18=26.83|PF19=27.16|PF20=27.5|PF21=27.85|PF22=28.21|PMC0=29.51|PMC12=33.54|PMC18=35.99|PMC19=36.43|PMC20=36.89|PMC21=37.36|PMC22=37.84|PMVG17=20.8|PMVG18=21.05|PMVG20=21.58
CMED;20260508;medicamento;504414010049218;;;BLAU FARMACEUTICA S.A.;PENKARON;400000 U INJ CX 100 FA VD TRANS;"BENZILPENICILINA POTÁSSICA;BENZILPENICILINA PROCAÍNA";7896014687077;1163701150041;90294416;504414010049218;;N;;626.35;863.36;;;;CMED_ICMS17;20260508;20;PF0=519.87|PF12=590.76|PF18=633.99|PF19=641.81|PF20=649.84|PF21=658.06|PF22=666.5|PMC0=716.59|PMC12=814.3|PMC18=873.89|PMC19=884.67|PMC20=895.74|PMC21=907.07|PMC22=918.7|PMVG17=491.5|PMVG18=497.49|PMVG20=509.93
CMED;20260508;medicamento;504414010049318;;;BLAU FARMACEUTICA S.A.;PENKARON;400000 U INJ CX 50 FA + 50 DIL;"BENZILPENICILINA POTÁSSICA;BENZILPENICILINA PROCAÍNA";7896014687053;1163701150025;90294394;504414010049318;;N;;313.88;432.65;;;;CMED_ICMS17;20260508;20;PF0=260.52|PF12=296.05|PF18=317.71|PF19=321.63|PF20=325.65|PF21=329.77|PF22=334|PMC0=359.1|PMC12=408.07|PMC18=437.93|PMC19=443.33|PMC20=448.87|PMC21=454.55|PMC22=460.38|PMVG17=246.3|PMVG18=249.31|PMVG20=255.54
CMED;20260508;medicamento;504414010049418;;;BLAU FARMACEUTICA S.A.;PENKARON;400000 U INJ CX 100 FA + 100 DIL;"BENZILPENICILINA POTÁSSICA;BENZILPENICILINA PROCAÍNA";7896014687060;1163701150033;90294408;504414010049418;;N;;583.46;804.24;;;;CMED_ICMS17;20260508;20;PF0=484.27|PF12=550.31|PF18=590.57|PF19=597.86|PF20=605.34|PF21=613|PF22=620.86|PMC0=667.52|PMC12=758.55|PMC18=814.04|PMC19=824.09|PMC20=834.4|PMC21=844.96|PMC22=855.79|PMVG17=457.84|PMVG18=463.42|PMVG20=475.01
CMED;20260508;medicamento;510926040007717;;;GRIFOLS BRASIL LTDA;PENTAGLOBIN;50 MG/ML SOL INJ CT 1 FA VD TRANS X 10 ML;IMUNOGLOBULINA HUMANA;4036124007904;1364100200010;;510926040007717;;S;;179.6;;;;;CMED_ICMS17;20260508;20;PF0=149.07|PF12=169.4|PF18=181.79|PF19=184.04|PF20=186.34|PF21=188.7|PF22=191.12
CMED;20260508;medicamento;510926040007807;;;GRIFOLS BRASIL LTDA;PENTAGLOBIN;50 MG/ML SOL INJ CT FA VD TRANS X 50 ML;IMUNOGLOBULINA HUMANA;4036124008376;1364100200037;;510926040007807;;S;;783.1;;;;;CMED_ICMS17;20260508;20;PF0=649.97|PF12=738.6|PF18=792.65|PF19=802.43|PF20=812.46|PF21=822.75|PF22=833.29
CMED;20260508;medicamento;510926040007917;;;GRIFOLS BRASIL LTDA;PENTAGLOBIN;50 MG/ML SOL INJ CT FA VD TRANS X 100 ML;IMUNOGLOBULINA HUMANA;4036124008642;1364100200045;;510926040007917;;S;;3585.69;;;;;CMED_ICMS17;20260508;20;PF0=2976.12|PF12=3381.96|PF18=3629.41|PF19=3674.22|PF20=3720.15|PF21=3767.24|PF22=3815.54
CMED;20260508;medicamento;524616020001904;;;BIOTEST FARMACÊUTICA LTDA;PENTAGLOBIN;50 MG/ML SOL INJ CT FA VD TRANS X 100 ML;IMUNOGLOBULINA HUMANA;4036124008642;1091400180048;90340132;524616020001904;;S;;3674.26;;;;;CMED_ICMS17;20260508;20;PF0=3049.64|PF12=3465.5|PF18=3719.07|PF19=3764.99|PF20=3812.05|PF21=3860.3|PF22=3909.79
CMED;20260508;medicamento;524616020002004;;;BIOTEST FARMACÊUTICA LTDA;PENTAGLOBIN;50 MG/ML SOL INJ CT 1 FA VD TRANS X 10 ML;IMUNOGLOBULINA HUMANA;4036124007904;1091400180013;90340140;524616020002004;;S;;236.4;;;;;CMED_ICMS17;20260508;20;PF0=196.21|PF12=222.97|PF18=239.28|PF19=242.23|PF20=245.26|PF21=248.37|PF22=251.55
CMED;20260508;medicamento;503425100029117;;;BELFAR LTDA;PENTALAC;667 MG/ML XPE CT FR PLAS (PET) AMB X 120 ML + COP (SABOR TUTTI-FRUTTI);LACTULOSE;7897917006934;1057101720032;90616448;503425100029117;;N;;34.78;46.66;;;;CMED_ICMS17;20260508;20;PF0=28.87|PF12=32.81|PF18=35.21|PF19=35.64|PF20=36.09|PF21=36.54|PF22=37.01|PMC0=38.73|PMC12=44.01|PMC18=47.23|PMC19=47.81|PMC20=48.41|PMC21=49.02|PMC22=49.65|PMVG17=27.29|PMVG18=27.63|PMVG20=28.32
CMED;20260508;medicamento;503425100029217;;;BELFAR LTDA;PENTALAC;667 MG/ML XPE CT FR PLAS (PET) AMB X 200 ML + COP (SABOR TUTTI-FRUTTI);LACTULOSE;7897917006941;1057101720040;90616456;503425100029217;;N;;57.94;77.72;;;;CMED_ICMS17;20260508;20;PF0=48.09|PF12=54.65|PF18=58.65|PF19=59.37|PF20=60.11|PF21=60.87|PF22=61.65|PMC0=64.51|PMC12=73.31|PMC18=78.68|PMC19=79.64|PMC20=80.64|PMC21=81.65|PMC22=82.7|PMVG17=45.47|PMVG18=46.02|PMVG20=47.17
CMED;20260508;medicamento;521400802176419;;;LABORATÓRIOS FERRING LTDA;PENTASA;10 MG/ML SUS RET CT ENVOL 7 FR APLIC PLAS PEBD OPC X 100 ML + VALV;MESSALAZINA;7896165600192;1287600020057;90128710;521400802176419;;N;;250.66;345.51;;;;CMED_ICMS17;20260508;20;PF0=208.05|PF12=236.42|PF18=253.72|PF19=256.85|PF20=260.06|PF21=263.35|PF22=266.73|PMC0=286.78|PMC12=325.88|PMC18=349.73|PMC19=354.04|PMC20=358.47|PMC21=363|PMC22=367.66
CMED;20260508;medicamento;521400805116417;;;LABORATÓRIOS FERRING LTDA;PENTASA;500 MG COM LIB PROL CT BL AL AL X 50;MESALAZINA;7896165600376;1287600020065;90128753;521400805116417;;N;;402.42;554.69;;;;CMED_ICMS17;20260508;20;PF0=334.01|PF12=379.56|PF18=407.33|PF19=412.36|PF20=417.51|PF21=422.8|PF22=428.22|PMC0=460.4|PMC12=523.18|PMC18=561.46|PMC19=568.4|PMC20=575.49|PMC21=582.79|PMC22=590.26
CMED;20260508;medicamento;521400806139410;;;LABORATÓRIOS FERRING LTDA;PENTASA;1 G GRAN REV OR LIB PROL CT ENV AL PLAS PE X 50;MESALAZINA;7896165600307;1287600020103;90128737;521400806139410;;N;;804.33;1108.69;;;;CMED_ICMS17;20260508;20;PF0=667.59|PF12=758.63|PF18=814.13|PF19=824.19|PF20=834.49|PF21=845.05|PF22=855.88|PMC0=920.2|PMC12=1045.69|PMC18=1122.19|PMC19=1136.06|PMC20=1150.26|PMC21=1164.81|PMC22=1179.74|PMVG17=631.16|PMVG18=638.85|PMVG20=654.82
CMED;20260508;medicamento;521400808141315;;;LABORATÓRIOS FERRING LTDA;PENTASA;1000 MG SUP RET CT BL AL AL X 28 + 28 DEDEIRAS;MESALAZINA;7896165600406;1287600020091;90128699;521400808141315;;N;;663.81;914.99;;;;CMED_ICMS17;20260508;20;PF0=550.96|PF12=626.09|PF18=671.9|PF19=680.2|PF20=688.7|PF21=697.42|PF22=706.36|PMC0=759.44|PMC12=863|PMC18=926.14|PMC19=937.58|PMC20=949.3|PMC21=961.32|PMC22=973.64
CMED;20260508;medicamento;521401801114310;;;LABORATÓRIOS FERRING LTDA;PENTASA;2 G GRAN REV OR LIB PROL CT ENV AL PLAS PE X 15;MESALAZINA;7896165600796;1287600020138;90230302;521401801114310;;N;;482.6;665.21;;;;CMED_ICMS17;20260508;20;PF0=400.56|PF12=455.18|PF18=488.49|PF19=494.52|PF20=500.7|PF21=507.04|PF22=513.54|PMC0=552.13|PMC12=627.42|PMC18=673.33|PMC19=681.64|PMC20=690.16|PMC21=698.9|PMC22=707.86|PMVG17=378.7|PMVG18=383.32|PMVG20=392.9
CMED;20260508;medicamento;521401802110319;;;LABORATÓRIOS FERRING LTDA;PENTASA;2 G GRAN REV OR LIB PROL CT ENV AL PLAS PE X 30;MESALAZINA;7896165600802;1287600020146;90230310;521401802110319;;N;;965.22;1330.46;;;;CMED_ICMS17;20260508;20;PF0=801.13|PF12=910.38|PF18=976.99|PF19=989.05|PF20=1001.41|PF21=1014.09|PF22=1027.09|PMC0=1104.27|PMC12=1254.86|PMC18=1346.68|PMC19=1363.3|PMC20=1380.34|PMC21=1397.82|PMC22=1415.74|PMVG17=757.41|PMVG18=766.64|PMVG20=785.81
CMED;20260508;medicamento;576720060074517;;;SANOFI MEDLEY FARMACÊUTICA LTDA.;PENTAXIM;PÓ LIOF INJ X 1 DOSE CT 1 FA VD TRANS + SUS INJ SER PREENC X 0,5 ML;"TOXÓIDE PERTUSSIS;POLIOVÍRUS TIPO 3;POLIOVÍRUS TIPO 2;TOXÓIDE DIFTÉRICO;TOXÓIDE TETÂNICO;HEMAGLUTININA FILAMENTOSA;POLISSACARÍDEO DE HAEMOPHILUS INFLUENZAE TIPO B CONJUGADO COM PROTEÍNA TETÂNICA;POLIOVÍRUS TIPO 1 (MAHONEY)";7891058022884;1832603910021;90472560;576720060074517;;N;;160.39;221.08;;;;CMED_ICMS17;20260508;20;PF0=133.12|PF12=151.27|PF18=162.34|PF19=164.35|PF20=166.4|PF21=168.51|PF22=170.67|PMC0=183.49|PMC12=208.51|PMC18=223.77|PMC19=226.54|PMC20=229.37|PMC21=232.27|PMC22=235.25
CMED;20260508;medicamento;576720090087107;;;SANOFI MEDLEY FARMACÊUTICA LTDA.;PENTAXIM;PÓ LIOF INJ X 1 DOSE CT 1 FA VD TRANS + SUS INJ SER PREENC X 0,5 ML + 2 AGULHAS;"POLISSACARIDEO DE HAEMOPHILUS INFLUENZAE TIPO B;TOXÓIDE PERTUSSIS;POLIOVÍRUS TIPO 3;POLIOVÍRUS TIPO 2;TOXÓIDE DIFTÉRICO;TOXÓIDE TETÂNICO;HEMAGLUTININA FILAMENTOSA;POLIOVÍRUS TIPO 1 (MAHONEY)";7891058999551;1832603910038;90487753;576720090087107;;N;;160.39;221.08;;;;CMED_ICMS17;20260508;20;PF0=133.12|PF12=151.27|PF18=162.34|PF19=164.35|PF20=166.4|PF21=168.51|PF22=170.67|PMC0=183.49|PMC12=208.51|PMC18=223.77|PMC19=226.54|PMC20=229.37|PMC21=232.27|PMC22=235.25
CMED;20260508;medicamento;507720101114112;;;EMS S/A;PENTOXIFILINA;400 MG COM REV LIB PROL CT BL AL PLAS TRANS X 20;PENTOXIFILINA;7896004700953;1023504960010;90058690;507720101114112;S;N;;49.27;67.91;;;;CMED_ICMS17;20260508;20;PF0=40.89|PF12=46.47|PF18=49.87|PF19=50.48|PF20=51.11|PF21=51.76|PF22=52.42|PMC0=56.36|PMC12=64.05|PMC18=68.74|PMC19=69.58|PMC20=70.45|PMC21=71.35|PMC22=72.26|PMVG17=38.66|PMVG18=39.13|PMVG20=40.11
CMED;20260508;medicamento;507720103117119;;;EMS S/A;PENTOXIFILINA;400 MG COM REV LIB PROL CT BL AL PLAS TRANS X 30;PENTOXIFILINA;7896004713571;1023504960061;90058704;507720103117119;S;N;;66.52;91.69;;;;CMED_ICMS17;20260508;20;PF0=55.21|PF12=62.74|PF18=67.33|PF19=68.16|PF20=69.01|PF21=69.89|PF22=70.78|PMC0=76.1|PMC12=86.48|PMC18=92.81|PMC19=93.95|PMC20=95.12|PMC21=96.34|PMC22=97.56|PMVG17=52.2|PMVG18=52.83|PMVG20=54.15
CMED;20260508;medicamento;510015020036506;;;FUNDAÇÃO PARA O REMÉDIO POPULAR - FURP;PENTOXIFILINA;400 MG COM REV LIB PROL CT BL AL PLAS TRANS X 20;PENTOXIFILINA;7895005806671;1103901900016;90307259;510015020036506;S;S;;;;;;;CMED_ICMS17;20260508;20;PF0=36.73
CMED;20260508;medicamento;510015020036706;;;FUNDAÇÃO PARA O REMÉDIO POPULAR - FURP;PENTOXIFILINA;400 MG COM REV LIB PROL CT BL AL PLAS TRANS X 30;PENTOXIFILINA;7895005806701;1103901900040;90307275;510015020036706;S;S;;;;;;;CMED_ICMS17;20260508;20;PF0=55.16
CMED;20260508;medicamento;510015020036906;;;FUNDAÇÃO PARA O REMÉDIO POPULAR - FURP;PENTOXIFILINA;400 MG COM REV LIB PROL CT BL AL PLAS TRANS X 60 (EMB FRAC);PENTOXIFILINA;7895005806749;1103901900083;90307291;510015020036906;S;S;;;;;;;CMED_ICMS17;20260508;20;PF0=110.43
CMED;20260508;medicamento;510015020037106;;;FUNDAÇÃO PARA O REMÉDIO POPULAR - FURP;PENTOXIFILINA;400 MG COM REV LIB PROL CT BL AL PLAS TRANS X 90 (EMB FRAC);PENTOXIFILINA;7895005806732;1103901900075;90307313;510015020037106;S;S;;;;;;;CMED_ICMS17;20260508;20;PF0=165.7
CMED;20260508;medicamento;510015020037406;;;FUNDAÇÃO PARA O REMÉDIO POPULAR - FURP;PENTOXIFILINA;400 MG COM REV LIB PROL CT BL AL PLAS TRANS X 500;PENTOXIFILINA;7895005806695;1103901900032;90307348;510015020037406;S;S;;;;;;;CMED_ICMS17;20260508;20;PF0=921.11
CMED;20260508;medicamento;526113401111111;;;GERMED FARMACEUTICA LTDA;PENTOXIFILINA;400 MG COM REV LIB PROL CT BL AL PLAS TRANS X 20;PENTOXIFILINA;7896004709277;1058309070012;90436601;526113401111111;S;N;;44.34;61.12;;;;CMED_ICMS17;20260508;20;PF0=36.8|PF12=41.82|PF18=44.88|PF19=45.43|PF20=46|PF21=46.58|PF22=47.18|PMC0=50.72|PMC12=57.64|PMC18=61.86|PMC19=62.62|PMC20=63.41|PMC21=64.21|PMC22=65.03|PMVG17=34.79|PMVG18=35.22|PMVG20=36.1
CMED;20260508;medicamento;526113403114118;;;GERMED FARMACEUTICA LTDA;PENTOXIFILINA;400 MG COM REV LIB PROL CT BL AL PLAS TRANS X 30;PENTOXIFILINA;7896004713588;1058309070039;90436610;526113403114118;S;N;;58.13;80.13;;;;CMED_ICMS17;20260508;20;PF0=48.25|PF12=54.83|PF18=58.84|PF19=59.57|PF20=60.31|PF21=61.08|PF22=61.86|PMC0=66.51|PMC12=75.58|PMC18=81.1|PMC19=82.11|PMC20=83.13|PMC21=84.19|PMC22=85.27|PMVG17=45.61|PMVG18=46.17|PMVG20=47.32
CMED;20260508;medicamento;531612030066403;;;EMS SIGMA PHARMA LTDA;PENVIR;500 MG COM REV CT BL AL PLAS OPC X 21;FANCICLOVIR;7894916500371;1356906070058;90239598;531612030066403;;N;;533.35;735.17;;;;CMED_ICMS17;20260508;20;PF0=442.68|PF12=503.05|PF18=539.85|PF19=546.52|PF20=553.35|PF21=560.35|PF22=567.54|PMC0=610.19|PMC12=693.4|PMC18=744.13|PMC19=753.32|PMC20=762.74|PMC21=772.38|PMC22=782.29|PMVG17=418.52|PMVG18=423.62|PMVG20=434.21
CMED;20260508;medicamento;531625501111418;;;EMS SIGMA PHARMA LTDA;PENVIR;125 MG COM REV CT BL AL PLAS OPC X 10;FANCICLOVIR;7894916500364;1356906070031;90240006;531625501111418;;N;;95.08;131.06;;;;CMED_ICMS17;20260508;20;PF0=78.92|PF12=89.68|PF18=96.24|PF19=97.43|PF20=98.65|PF21=99.9|PF22=101.18|PMC0=108.78|PMC12=123.61|PMC18=132.66|PMC19=134.3|PMC20=135.98|PMC21=137.7|PMC22=139.47|PMVG17=74.61|PMVG18=75.52|PMVG20=77.41
CMED;20260508;medicamento;531625601167415;;;EMS SIGMA PHARMA LTDA;PENVIR LÁBIA;10 MG/G CREM CT BG AL X 5 G;PENCICLOVIR;7894916500418;1356906010012;90240022;531625601167415;;N;;53.39;71.62;;;;CMED_ICMS17;20260508;20;PF0=44.31|PF12=50.35|PF18=54.04|PF19=54.7|PF20=55.39|PF21=56.09|PF22=56.81|PMC0=59.44|PMC12=67.54|PMC18=72.49|PMC19=73.38|PMC20=74.3|PMC21=75.24|PMC22=76.21|PMVG17=41.9|PMVG18=42.41|PMVG20=43.47
CMED;20260508;medicamento;504623020091417;;;BRAINFARMA INDÚSTRIA QUÍMICA E FARMACÊUTICA S.A;PEPSAMAR;230 MG COM MAST CT BL AL PLAS PVC TRANS X 50;HIDRÓXIDO DE ALUMÍNIO;7896714292144;1558406390125;90558898;504623020091417;;N;;30.86;41.4;;;;CMED_ICMS17;20260508;20;PF0=25.61|PF12=29.1|PF18=31.23|PF19=31.62|PF20=32.01|PF21=32.42|PF22=32.83|PMC0=34.35|PMC12=39.04|PMC18=41.89|PMC19=42.42|PMC20=42.94|PMC21=43.49|PMC22=44.04|PMVG17=24.22|PMVG18=24.51|PMVG20=25.12
CMED;20260508;medicamento;504623020091517;;;BRAINFARMA INDÚSTRIA QUÍMICA E FARMACÊUTICA S.A;PEPSAMAR;230 MG COM MAST CT BL AL PLAS PVC TRANS X 200;HIDRÓXIDO DE ALUMÍNIO;7896714292137;1558406390168;90558901;504623020091517;;N;;145.86;195.67;;;;CMED_ICMS17;20260508;20;PF0=121.06|PF12=137.57|PF18=147.63|PF19=149.46|PF20=151.33|PF21=153.24|PF22=155.21|PMC0=162.4|PMC12=184.55|PMC18=198.04|PMC19=200.5|PMC20=203|PMC21=205.57|PMC22=208.21|PMVG17=114.46|PMVG18=115.84|PMVG20=118.75
CMED;20260508;medicamento;576720040062217;;;SANOFI MEDLEY FARMACÊUTICA LTDA.;PEPSAMAR;230 MG COM MAST CT BL AL PLAS PVC TRANS X 50;HIDRÓXIDO DE ALUMÍNIO;7897595903747;1832603690127;90446267;576720040062217;;N;;28.18;37.8;;;;CMED_ICMS17;20260508;20;PF0=23.39|PF12=26.58|PF18=28.52|PF19=28.88|PF20=29.24|PF21=29.61|PF22=29.99|PMC0=31.38|PMC12=35.66|PMC18=38.26|PMC19=38.74|PMC20=39.22|PMC21=39.72|PMC22=40.23|PMVG17=22.11|PMVG18=22.38|PMVG20=22.95
CMED;20260508;medicamento;576720040062317;;;SANOFI MEDLEY FARMACÊUTICA LTDA.;PEPSAMAR;230 MG COM MAST CT BL AL PLAS PVC TRANS X 200;HIDRÓXIDO DE ALUMÍNIO;7897595903730;1832603690161;90446275;576720040062317;;N;;116.43;156.19;;;;CMED_ICMS17;20260508;20;PF0=96.64|PF12=109.82|PF18=117.85|PF19=119.31|PF20=120.8|PF21=122.33|PF22=123.9|PMC0=129.64|PMC12=147.32|PMC18=158.09|PMC19=160.05|PMC20=162.05|PMC21=164.1|PMC22=166.21|PMVG17=91.36|PMVG18=92.48|PMVG20=94.79
CMED;20260508;medicamento;538820040073407;;;LEGRAND PHARMA INDUSTRIA FARMACEUTICA LTDA;PEPSOGEL;40 MG/ML + 30 MG/ML + 5 MG/ML SUS OR CT FR VD AMB X 240 ML;"DIMETICONA;HIDROXIDO DE MAGNESIO;HIDROXIDO DE ALUMÍNIO";7896004712642;1677302160029;90454634;538820040073407;;N;;40.41;54.21;;;;CMED_ICMS17;20260508;20;PF0=33.54|PF12=38.11|PF18=40.9|PF19=41.41|PF20=41.93|PF21=42.46|PF22=43|PMC0=44.99|PMC12=51.12|PMC18=54.87|PMC19=55.55|PMC20=56.25|PMC21=56.96|PMC22=57.68|PMVG17=31.71|PMVG18=32.09|PMVG20=32.9
CMED;20260508;medicamento;508016801137411;;;EUROFARMA LABORATORIOS S.A.;PERCOF;6 MG/ML XPE CT FR VD AMB X 120 ML + COP;LEVODROPROPIZINA;7891317411909;1004306450036;90070291;508016801137411;;N;;35.18;47.19;;;;CMED_ICMS17;20260508;20;PF0=29.2|PF12=33.18|PF18=35.61|PF19=36.05|PF20=36.5|PF21=36.96|PF22=37.44|PMC0=39.17|PMC12=44.51|PMC18=47.77|PMC19=48.36|PMC20=48.96|PMC21=49.58|PMC22=50.22|PMVG17=27.61|PMVG18=27.94|PMVG20=28.64
CMED;20260508;medicamento;508022050160817;;;EUROFARMA LABORATORIOS S.A.;PERCOIDE;5 MG COM CT BL AL AL X 10;PREDNISOLONA;7891317014421;1004313970015;90537106;508022050160817;;N;;8.42;11.61;;;;CMED_ICMS17;20260508;20;PF0=6.99|PF12=7.94|PF18=8.52|PF19=8.63|PF20=8.74|PF21=8.85|PF22=8.96|PMC0=9.63|PMC12=10.94|PMC18=11.74|PMC19=11.9|PMC20=12.05|PMC21=12.2|PMC22=12.35|PMVG17=6.61|PMVG18=6.68|PMVG20=6.86
CMED;20260508;medicamento;508022050160917;;;EUROFARMA LABORATORIOS S.A.;PERCOIDE;5 MG COM CT BL AL AL X 20;PREDNISOLONA;7891317014445;1004313970023;90537114;508022050160917;;N;;16.82;23.18;;;;CMED_ICMS17;20260508;20;PF0=13.96|PF12=15.86|PF18=17.02|PF19=17.23|PF20=17.45|PF21=17.67|PF22=17.9|PMC0=19.24|PMC12=21.86|PMC18=23.46|PMC19=23.75|PMC20=24.05|PMC21=24.36|PMC22=24.67|PMVG17=13.2|PMVG18=13.35|PMVG20=13.69
CMED;20260508;medicamento;508022050161017;;;EUROFARMA LABORATORIOS S.A.;PERCOIDE;20 MG COM CT BL AL AL X 10;PREDNISOLONA;7891317014452;1004313970066;90537122;508022050161017;;N;;21.72;29.94;;;;CMED_ICMS17;20260508;20;PF0=18.03|PF12=20.49|PF18=21.99|PF19=22.26|PF20=22.54|PF21=22.82|PF22=23.12|PMC0=24.85|PMC12=28.24|PMC18=30.31|PMC19=30.68|PMC20=31.07|PMC21=31.45|PMC22=31.87|PMVG17=17.04|PMVG18=17.26|PMVG20=17.69
CMED;20260508;medicamento;508022050161117;;;EUROFARMA LABORATORIOS S.A.;PERCOIDE;40 MG COM CT BL AL AL X 7;PREDNISOLONA;7891317014476;1004313970104;90537130;508022050161117;;N;;52.35;72.16;;;;CMED_ICMS17;20260508;20;PF0=43.45|PF12=49.38|PF18=52.99|PF19=53.64|PF20=54.31|PF21=55|PF22=55.71|PMC0=59.89|PMC12=68.07|PMC18=73.04|PMC19=73.94|PMC20=74.86|PMC21=75.81|PMC22=76.79|PMVG17=41.08|PMVG18=41.58|PMVG20=42.62
CMED;20260508;medicamento;508022060163817;;;EUROFARMA LABORATORIOS S.A.;PERCOIDE;3 MG/ML SOL OR CT FR VD AMB X 60 ML + SER DOS;FOSFATO SÓDICO DE PREDNISOLONA;7891317023249;1004314150021;90538404;508022060163817;;N;;21.27;29.32;;;;CMED_ICMS17;20260508;20;PF0=17.65|PF12=20.06|PF18=21.52|PF19=21.79|PF20=22.06|PF21=22.34|PF22=22.63|PMC0=24.33|PMC12=27.65|PMC18=29.66|PMC19=30.04|PMC20=30.41|PMC21=30.79|PMC22=31.19|PMVG17=16.69|PMVG18=16.89|PMVG20=17.31
CMED;20260508;medicamento;508022060163917;;;EUROFARMA LABORATORIOS S.A.;PERCOIDE;11 MG/ML SOL GOT OR CT FR GOT PLAS PE OPC X 20 ML;FOSFATO SÓDICO DE PREDNISOLONA;7891317014490;1004314150054;90538412;508022060163917;;N;;31.07;42.83;;;;CMED_ICMS17;20260508;20;PF0=25.79|PF12=29.31|PF18=31.45|PF19=31.84|PF20=32.24|PF21=32.65|PF22=33.06|PMC0=35.55|PMC12=40.4|PMC18=43.35|PMC19=43.89|PMC20=44.44|PMC21=45|PMC22=45.57|PMVG17=24.38|PMVG18=24.68|PMVG20=25.3
CMED;20260508;medicamento;533013040059413;;;UNIÃO QUÍMICA FARMACÊUTICA NACIONAL S/A;PERFENOL;(400 + 4 + 4) MG CAP DURA CT BL AL PLAS PVC TRANS X 20;"MALEATO DE CLORFENIRAMINA;PARACETAMOL;CLORIDRATO DE FENILEFRINA";7896006202103;1049713670019;90261640;533013040059413;;N;;19.43;26.06;;;;CMED_ICMS17;20260508;20;PF0=16.13|PF12=18.33|PF18=19.67|PF19=19.91|PF20=20.16|PF21=20.42|PF22=20.68|PMC0=21.64|PMC12=24.59|PMC18=26.39|PMC19=26.71|PMC20=27.04|PMC21=27.39|PMC22=27.74|PMVG17=15.25|PMVG18=15.43|PMVG20=15.82
CMED;20260508;medicamento;533025070094407;;;UNIÃO QUÍMICA FARMACÊUTICA NACIONAL S/A;PERFENOL MULTI;(40,0 + 1,0 + 0,4) MG/ML SOL OR CT FR VD AMB X 120 ML + COP;"PARACETAMOL;MALEATO DE CARBINOXAMINA;CLORIDRATO DE FENILEFRINA";7896006222293;1049715540023;90609344;533025070094407;;N;;28.36;38.04;;;;CMED_ICMS17;20260508;20;PF0=23.54|PF12=26.75|PF18=28.71|PF19=29.06|PF20=29.43|PF21=29.8|PF22=30.18|PMC0=31.58|PMC12=35.88|PMC18=38.51|PMC19=38.98|PMC20=39.48|PMC21=39.98|PMC22=40.49|PMVG17=22.25|PMVG18=22.53|PMVG20=23.09
CMED;20260508;medicamento;508016090112204;;;EUROFARMA LABORATORIOS S.A.;PERGO;2 MG/ML SOL OR CT FR PLAS PET AMB X 120 ML + COP;HIDROXIZINA;7891317191672;1004311890057;90364457;508016090112204;;N;;39.66;53.2;;;;CMED_ICMS17;20260508;20;PF0=32.92|PF12=37.41|PF18=40.15|PF19=40.64|PF20=41.15|PF21=41.67|PF22=42.21|PMC0=44.16|PMC12=50.18|PMC18=53.86|PMC19=54.52|PMC20=55.2|PMC21=55.9|PMC22=56.62|PMVG17=31.12|PMVG18=31.51|PMVG20=32.29
CMED;20260508;medicamento;525419030052007;;;MERCK S/A;PERGOVERIS;300 UI/150 UI SOL INJ SC CT CAN APLIC CAR VD TRANS X 0,48 ML;"ALFALUTROPINA;ALFAFOLITROPINA";7891721201325;1008903600049;90426894;525419030052007;;N;;813.05;1090.68;;;;CMED_ICMS17;20260508;20;PF0=674.83|PF12=766.85|PF18=822.96|PF19=833.12|PF20=843.54|PF21=854.22|PF22=865.17|PMC0=905.26|PMC12=1028.7|PMC18=1103.97|PMC19=1117.6|PMC20=1131.58|PMC21=1145.91|PMC22=1160.59|PMVG17=638|PMVG18=645.78|PMVG20=661.93
CMED;20260508;medicamento;525419030052107;;;MERCK S/A;PERGOVERIS;450 UI/ 225 UI SOL INJ SC CT CAN APLIC CAR VD TRANS X 0,72 ML;"ALFALUTROPINA;ALFAFOLITROPINA";7891721201332;1008903600057;90426908;525419030052107;;N;;1219.54;1635.97;;;;CMED_ICMS17;20260508;20;PF0=1012.22|PF12=1150.25|PF18=1234.41|PF19=1249.65|PF20=1265.28|PF21=1281.29|PF22=1297.72|PMC0=1357.86|PMC12=1543.02|PMC18=1655.92|PMC19=1676.36|PMC20=1697.33|PMC21=1718.8|PMC22=1740.85|PMVG17=956.97|PMVG18=968.64|PMVG20=992.87
CMED;20260508;medicamento;525419030052207;;;MERCK S/A;PERGOVERIS;900 UI/ 450 UI SOL INJ SC CT CAN APLIC CAR VD TRANS X 1,44 ML;"ALFALUTROPINA;ALFAFOLITROPINA";7891721201349;1008903600065;90426916;525419030052207;;N;;2439.13;3272.01;;;;CMED_ICMS17;20260508;20;PF0=2024.48|PF12=2300.55|PF18=2468.88|PF19=2499.36|PF20=2530.6|PF21=2562.63|PF22=2595.49|PMC0=2715.77|PMC12=3086.11|PMC18=3311.91|PMC19=3352.8|PMC20=3394.71|PMC21=3437.68|PMC22=3481.76|PMVG17=1913.99|PMVG18=1937.33|PMVG20=1985.76
CMED;20260508;medicamento;525421101110319;;;MERCK S/A;PERGOVERIS;150 UI/75 UI PÓ LIOF INJ SC CT FA VD TRANS + FA DIL X 1 ML;"ALFALUTROPINA;ALFAFOLITROPINA";7891721024030;1008903600014;90161955;525421101110319;;N;;406.49;545.29;;;;CMED_ICMS17;20260508;20;PF0=337.39|PF12=383.4|PF18=411.45|PF19=416.53|PF20=421.74|PF21=427.08|PF22=432.55|PMC0=452.6|PMC12=514.32|PMC18=551.95|PMC19=558.76|PMC20=565.75|PMC21=572.91|PMC22=580.25|PMVG17=318.97|PMVG18=322.86|PMVG20=330.94
CMED;20260508;medicamento;540920120044017;;;COSMED INDUSTRIA DE COSMETICOS E MEDICAMENTOS S.A.;PERIDAL;10 MG COM CT BL AL PLAS TRANS X 30;DOMPERIDONA;7896714274645;1781708840015;90496612;540920120044017;;N;;21.49;28.83;;;;CMED_ICMS17;20260508;20;PF0=17.84|PF12=20.27|PF18=21.76|PF19=22.02|PF20=22.3|PF21=22.58|PF22=22.87|PMC0=23.93|PMC12=27.19|PMC18=29.19|PMC19=29.54|PMC20=29.91|PMC21=30.29|PMC22=30.68|PMVG17=16.86|PMVG18=17.08|PMVG20=17.5
CMED;20260508;medicamento;540920120044117;;;COSMED INDUSTRIA DE COSMETICOS E MEDICAMENTOS S.A.;PERIDAL;10 MG COM CT BL AL PLAS TRANS X 60;DOMPERIDONA;7896714274652;1781708840031;90496620;540920120044117;;N;;40.95;54.93;;;;CMED_ICMS17;20260508;20;PF0=33.99|PF12=38.63|PF18=41.45|PF19=41.96|PF20=42.49|PF21=43.03|PF22=43.58|PMC0=45.6|PMC12=51.82|PMC18=55.6|PMC19=56.29|PMC20=57|PMC21=57.72|PMC22=58.46|PMVG17=32.13|PMVG18=32.53|PMVG20=33.34
CMED;20260508;medicamento;540920120044217;;;COSMED INDUSTRIA DE COSMETICOS E MEDICAMENTOS S.A.;PERIDAL;1 MG/ML SUS OR CT FR VD AMB X 100 ML + SER DOS;DOMPERIDONA;7896714274676;1781708840058;90496639;540920120044217;;N;;44.19;59.28;;;;CMED_ICMS17;20260508;20;PF0=36.68|PF12=41.68|PF18=44.73|PF19=45.28|PF20=45.85|PF21=46.43|PF22=47.03|PMC0=49.2|PMC12=55.91|PMC18=60|PMC19=60.74|PMC20=61.51|PMC21=62.28|PMC22=63.09|PMVG17=34.68|PMVG18=35.1|PMVG20=35.98
CMED;20260508;medicamento;509613020011603;;;FRESENIUS MEDICAL CARE LTDA;PERITOSTERIL;(15+5,786+3,924+0,2573+0,1017) MG/ML SOL DP CX BOLS PLAS TRANS X 2000 ML + EQ + BOLS DREN KIT;GLICOSE MONOIDRATADA;7898157454943;1322300150984;90275845;509613020011603;;S;;;;;;;CMED_ICMS17;20260508;20;PF0=20.02
CMED;20260508;medicamento;509613020011703;;;FRESENIUS MEDICAL CARE LTDA;PERITOSTERIL;(15+5,786+3,924+0,2573+0,1017) MG/ML SOL DP CX BOLS PLAS TRANS X 2500 ML + EQ + BOLS DREN KIT;"CLORETO DE CÁLCIO DIIDRATADO;LACTATO DE SÓDIO;CLORETO DE MAGNÉSIO HEXAIDRATADO;CLORETO DE SÓDIO;GLICOSE MONOIDRATADA";7898157455308;1322300150992;90275853;509613020011703;;S;;;;;;;CMED_ICMS17;20260508;20;PF0=25.13
CMED;20260508;medicamento;509613020011903;;;FRESENIUS MEDICAL CARE LTDA;PERITOSTERIL;(42,5+5,786+3,924+0,2573+0,1017) MG/ML SOL DP CX BOLS PLAS TRANS X 2500 ML + EQ + BOLS DREN KIT;"CLORETO DE CÁLCIO DIIDRATADO;LACTATO DE SÓDIO;CLORETO DE MAGNÉSIO HEXAIDRATADO;CLORETO DE SÓDIO;GLICOSE MONOIDRATADA";7898157455339;1322300151336;90276078;509613020011903;;S;;;;;;;CMED_ICMS17;20260508;20;PF0=24.55
CMED;20260508;medicamento;509613020012003;;;FRESENIUS MEDICAL CARE LTDA;PERITOSTERIL;(22,73+5,7860+3,924+0,2573+0,1017) MG/ML SOL DP CX BOLS PLAS TRANS X 2000 ML + EQ + BOLS DREN KIT;"CLORETO DE CÁLCIO DIIDRATADO;LACTATO DE SÓDIO;CLORETO DE MAGNÉSIO HEXAIDRATADO;CLORETO DE SÓDIO;GLICOSE MONOIDRATADA";7898157455001;1322300151255;90276019;509613020012003;;S;;;;;;;CMED_ICMS17;20260508;20;PF0=17.17
CMED;20260508;medicamento;509613020012103;;;FRESENIUS MEDICAL CARE LTDA;PERITOSTERIL;(22,73+5,7860+3,924+0,2573+0,1017) MG/ML SOL DP CX BOLS PLAS TRANS X 2500 ML + EQ + BOLS DREN KIT;"CLORETO DE CÁLCIO DIIDRATADO;LACTATO DE SÓDIO;CLORETO DE MAGNÉSIO HEXAIDRATADO;CLORETO DE SÓDIO;GLICOSE MONOIDRATADA";7898157455360;1322300151263;90276027;509613020012103;;S;;;;;;;CMED_ICMS17;20260508;20;PF0=21.5
CMED;20260508;medicamento;509613020012303;;;FRESENIUS MEDICAL CARE LTDA;PERITOSTERIL;(15+5,786+3,924+0,184+0,1017) MG/ML SOL DP CX BOLS PLAS TRANS X 2500ML + EQ + BOLS DREN KIT;"CLORETO DE CÁLCIO DIIDRATADO;LACTATO DE SÓDIO;CLORETO DE MAGNÉSIO HEXAIDRATADO;CLORETO DE SÓDIO;GLICOSE MONOIDRATADA";7898157455391;1322300151034;90275896;509613020012303;;S;;;;;;;CMED_ICMS17;20260508;20;PF0=25.13
CMED;20260508;medicamento;509613020012403;;;FRESENIUS MEDICAL CARE LTDA;PERITOSTERIL;(42,5+5,786+3,924+0,184+0,1017) MG/ML SOL DP CX BOLS PLAS TRANS X 2000ML + EQ + BOLS DREN KIT;"CLORETO DE CÁLCIO DIIDRATADO;LACTATO DE SÓDIO;CLORETO DE MAGNÉSIO HEXAIDRATADO;CLORETO DE SÓDIO;GLICOSE MONOIDRATADA";7898157455063;1322300151107;90275926;509613020012403;;S;;;;;;;CMED_ICMS17;20260508;20;PF0=19.6
CMED;20260508;medicamento;509613020012503;;;FRESENIUS MEDICAL CARE LTDA;PERITOSTERIL;(42,5+5,786+3,924+0,184+0,1017) MG/ML SOL DP CX BOLS PLAS TRANS X 2500ML + EQ + BOLS DREN KIT;"CLORETO DE CÁLCIO DIIDRATADO;LACTATO DE SÓDIO;CLORETO DE MAGNÉSIO HEXAIDRATADO;CLORETO DE SÓDIO;GLICOSE MONOIDRATADA";7898157455421;1322300151115;90275934;509613020012503;;S;;;;;;;CMED_ICMS17;20260508;20;PF0=24.55
CMED;20260508;medicamento;509613020012703;;;FRESENIUS MEDICAL CARE LTDA;PERITOSTERIL;(22,73+5,786+3,924+0,184+0,1017) MG/ML SOL DP CX BOLS PLAS TRANS X 2500 ML + EQ + BOLS DREN KIT;"CLORETO DE CÁLCIO DIIDRATADO;LACTATO DE SÓDIO;CLORETO DE MAGNÉSIO HEXAIDRATADO;CLORETO DE SÓDIO;GLICOSE MONOIDRATADA";7898157455452;1322300151190;90275977;509613020012703;;S;;;;;;;CMED_ICMS17;20260508;20;PF0=21.5
CMED;20260508;medicamento;509613020012803;;;FRESENIUS MEDICAL CARE LTDA;PERITOSTERIL;(15+5,786+3,924+0,184+0,1017) MG/ML SOL DP CX BOLS PLAS TRANS X 6000ML;"CLORETO DE CÁLCIO DIIDRATADO;LACTATO DE SÓDIO;CLORETO DE MAGNÉSIO HEXAIDRATADO;CLORETO DE SÓDIO;GLICOSE MONOIDRATADA";7898157454851;1322300151018;90275870;509613020012803;;S;;;;;;;CMED_ICMS17;20260508;20;PF0=56.65
CMED;20260508;medicamento;509613020012903;;;FRESENIUS MEDICAL CARE LTDA;PERITOSTERIL;(15+5,786+3,924+0,2573+0,1017) MG/ML SOL DP CX BOLS PLAS TRANS X 2500 ML;"CLORETO DE CÁLCIO DIIDRATADO;LACTATO DE SÓDIO;CLORETO DE MAGNÉSIO HEXAIDRATADO;CLORETO DE SÓDIO;GLICOSE MONOIDRATADA";7898157455124;1322300151212;90275985;509613020012903;;S;;;;;;;CMED_ICMS17;20260508;20;PF0=23.53
CMED;20260508;medicamento;509613020013003;;;FRESENIUS MEDICAL CARE LTDA;PERITOSTERIL;(15+5,786+3,924+0,2573+0,1017) MG/ML SOL DP CX BOLS PLAS TRANS X 6000 ML;"CLORETO DE CÁLCIO DIIDRATADO;LACTATO DE SÓDIO;CLORETO DE MAGNÉSIO HEXAIDRATADO;CLORETO DE SÓDIO;GLICOSE MONOIDRATADA";7898157454769;1322300151298;90276035;509613020013003;;S;;;;;;;CMED_ICMS17;20260508;20;PF0=56.65
CMED;20260508;medicamento;509613020013203;;;FRESENIUS MEDICAL CARE LTDA;PERITOSTERIL;(42,5+5,786+3,924+0,2573+0,1017) MG/ML SOL DP CX BOLS PLAS TRANS X 6000 ML;"CLORETO DE CÁLCIO DIIDRATADO;LACTATO DE SÓDIO;CLORETO DE MAGNÉSIO HEXAIDRATADO;CLORETO DE SÓDIO;GLICOSE MONOIDRATADA";7898157454790;1322300151311;90276051;509613020013203;;S;;;;;;;CMED_ICMS17;20260508;20;PF0=56.65
CMED;20260508;medicamento;509613020013303;;;FRESENIUS MEDICAL CARE LTDA;PERITOSTERIL;(22,73+5,7860+3,924+0,2573+0,1017) MG/ML SOL DP CX BOLS PLAS TRANS X 2500 ML;"CLORETO DE CÁLCIO DIIDRATADO;LACTATO DE SÓDIO;CLORETO DE MAGNÉSIO HEXAIDRATADO;CLORETO DE SÓDIO;GLICOSE MONOIDRATADA";7898157455186;1322300151220;90275993;509613020013303;;S;;;;;;;CMED_ICMS17;20260508;20;PF0=19.6
CMED;20260508;medicamento;509613020013403;;;FRESENIUS MEDICAL CARE LTDA;PERITOSTERIL;(22,73+5,7860+3,924+0,2573+0,1017) MG/ML SOL DP CX BOLS PLAS TRANS X 6000 ML;"CLORETO DE CÁLCIO DIIDRATADO;LACTATO DE SÓDIO;CLORETO DE MAGNÉSIO HEXAIDRATADO;CLORETO DE SÓDIO;GLICOSE MONOIDRATADA";7898157454820;1322300151247;90276000;509613020013403;;S;;;;;;;CMED_ICMS17;20260508;20;PF0=56.65
CMED;20260508;medicamento;509613020013503;;;FRESENIUS MEDICAL CARE LTDA;PERITOSTERIL;(15+5,786+3,924+0,184+0,1017) MG/ML SOL DP CX BOLS PLAS TRANS X 2500ML;"CLORETO DE CÁLCIO DIIDRATADO;LACTATO DE SÓDIO;CLORETO DE MAGNÉSIO HEXAIDRATADO;CLORETO DE SÓDIO;GLICOSE MONOIDRATADA";7898157455216;1322300151001;90275861;509613020013503;;S;;;;;;;CMED_ICMS17;20260508;20;PF0=23.53
CMED;20260508;medicamento;509613020013603;;;FRESENIUS MEDICAL CARE LTDA;PERITOSTERIL;(42,5+5,786+3,924+0,184+0,1017) MG/ML SOL DP CX BOLS PLAS TRANS X 2500ML;"CLORETO DE CÁLCIO DIIDRATADO;LACTATO DE SÓDIO;CLORETO DE MAGNÉSIO HEXAIDRATADO;CLORETO DE SÓDIO;GLICOSE MONOIDRATADA";7898157455247;1322300151085;90275900;509613020013603;;S;;;;;;;CMED_ICMS17;20260508;20;PF0=23.53
CMED;20260508;medicamento;509613020013703;;;FRESENIUS MEDICAL CARE LTDA;PERITOSTERIL;(42,5+5,786+3,924+0,184+0,1017) MG/ML SOL DP CX BOLS PLAS TRANS X 6000ML;GLICOSE MONOIDRATADA;7898157454882;1322300151093;90275918;509613020013703;;S;;;;;;;CMED_ICMS17;20260508;20;PF0=56.65
CMED;20260508;medicamento;509613020013903;;;FRESENIUS MEDICAL CARE LTDA;PERITOSTERIL;(22,73+5,786+3,924+0,184+0,1017) MG/ML SOL DP CX BOLS PLAS TRANS X 6000 ML;"CLORETO DE CÁLCIO DIIDRATADO;LACTATO DE SÓDIO;CLORETO DE MAGNÉSIO HEXAIDRATADO;CLORETO DE SÓDIO;GLICOSE MONOIDRATADA";7898157454912;1322300151174;90275950;509613020013903;;S;;;;;;;CMED_ICMS17;20260508;20;PF0=56.65
CMED;20260508;medicamento;508019120125607;;;EUROFARMA LABORATORIOS S.A.;PERIVASC;900 MG + 100 MG COM REV CT BL AL PLAS TRANS X 30;"DIOSMINA;FLAVONÓIDES EXPRESSOS EM HESPERIDINA";7891317004965;1004310960124;90442113;508019120125607;;N;;136.46;183.06;;;;CMED_ICMS17;20260508;20;PF0=113.26|PF12=128.7|PF18=138.12|PF19=139.83|PF20=141.58|PF21=143.37|PF22=145.21|PMC0=151.93|PMC12=172.65|PMC18=185.28|PMC19=187.58|PMC20=189.92|PMC21=192.33|PMC22=194.79|PMVG17=107.08|PMVG18=108.38|PMVG20=111.1
CMED;20260508;medicamento;508020080133907;;;EUROFARMA LABORATORIOS S.A.;PERIVASC;450 MG + 50 MG COM REV CT BL AL PLAS PVC PVDC X 10;"DIOSMINA;FLAVONÓIDES EXPRESSOS EM HESPERIDINA";7891317009045;1004310960191;90482867;508020080133907;;N;;22.77;30.55;;;;CMED_ICMS17;20260508;20;PF0=18.9|PF12=21.48|PF18=23.05|PF19=23.33|PF20=23.63|PF21=23.92|PF22=24.23|PMC0=25.35|PMC12=28.81|PMC18=30.92|PMC19=31.3|PMC20=31.7|PMC21=32.09|PMC22=32.5|PMVG17=17.87|PMVG18=18.09|PMVG20=18.54
CMED;20260508;medicamento;508020080134007;;;EUROFARMA LABORATORIOS S.A.;PERIVASC;450 MG + 50 MG COM REV CT BL AL PLAS PVC PVDC X 30;"DIOSMINA;FLAVONÓIDES EXPRESSOS EM HESPERIDINA";7891317008581;1004310960205;90482875;508020080134007;;N;;71.13;95.42;;;;CMED_ICMS17;20260508;20;PF0=59.04|PF12=67.09|PF18=72|PF19=72.89|PF20=73.8|PF21=74.73|PF22=75.69|PMC0=79.2|PMC12=90|PMC18=96.59|PMC19=97.78|PMC20=99|PMC21=100.25|PMC22=101.54|PMVG17=55.82|PMVG18=56.5|PMVG20=57.91
CMED;20260508;medicamento;508020080134107;;;EUROFARMA LABORATORIOS S.A.;PERIVASC;450 MG + 50 MG COM REV CT BL AL PLAS PVC PVDC X 60;"DIOSMINA;FLAVONÓIDES EXPRESSOS EM HESPERIDINA";7891317008598;1004310960213;90482883;508020080134107;;N;;130.59;175.18;;;;CMED_ICMS17;20260508;20;PF0=108.39|PF12=123.17|PF18=132.18|PF19=133.81|PF20=135.49|PF21=137.2|PF22=138.96|PMC0=145.4|PMC12=165.23|PMC18=177.31|PMC19=179.5|PMC20=181.76|PMC21=184.05|PMC22=186.41|PMVG17=102.47|PMVG18=103.72|PMVG20=106.32
CMED;20260508;medicamento;529213110025202;;;PRODUTOS ROCHE QUÍMICOS E FARMACÊUTICOS S.A.;PERJETA;420 MG SOL DIL INFUS CT FA VD TRANS X 14 ML;PERTUZUMABE;7896226506401;1010006570014;90294432;529213110025202;;S;;15476.44;;;;;CMED_ICMS17;20260508;20;PF0=12845.45|PF12=14597.11|PF18=15665.18|PF19=15858.58|PF20=16056.81|PF21=16260.07|PF22=16468.52|PMVG17=12144.36|PMVG18=12292.47|PMVG20=12599.78
CMED;20260508;medicamento;529214020025305;;;PRODUTOS ROCHE QUÍMICOS E FARMACÊUTICOS S.A.;PERJETA HER;420 MG SOL DIL INFUS IV CT FA VD TRANS X 14 ML + 440 MG PO LIOF SOL INJ IV CT FA VD TRANS + DIL FA VD TRANS X 20 ML;"PERTUZUMABE;TRASTUZUMABE";7896226506517;1010006580011;90294440;529214020025305;;S;;33755.14;;;;;CMED_ICMS17;20260508;20;PF0=28016.77|PF12=31837.25|PF18=34166.79|PF19=34588.61|PF20=35020.96|PF21=35464.27|PF22=35918.93|PMVG17=26487.66|PMVG18=26810.68|PMVG20=27480.95
CMED;20260508;medicamento;528520050170007;;;PRATI DONADUZZI & CIA LTDA;PERLID;1MG/ML SOL OR CT FR PLAS PEAD OPC X 30ML + SER DOS;RISPERIDONA;7899547533132;1256802920032;90476336;528520050170007;;N;;125.2;172.58;;;;CMED_ICMS17;20260508;20;PF0=103.92|PF12=118.09|PF18=126.73|PF19=128.3|PF20=129.9|PF21=131.54|PF22=133.23|PMC0=143.24|PMC12=162.77|PMC18=174.68|PMC19=176.85|PMC20=179.05|PMC21=181.31|PMC22=183.64|PMVG17=98.24|PMVG18=99.44|PMVG20=101.93
CMED;20260508;medicamento;528520050170207;;;PRATI DONADUZZI & CIA LTDA;PERLID;1 MG COM REV CT BL AL PLAS PVC/PVDC 40 TRANS X 30;RISPERIDONA;7899547532777;1256802910037;90476255;528520050170207;;N;;123.24;169.87;;;;CMED_ICMS17;20260508;20;PF0=102.29|PF12=116.24|PF18=124.74|PF19=126.28|PF20=127.86|PF21=129.48|PF22=131.14|PMC0=141|PMC12=160.22|PMC18=171.94|PMC19=174.06|PMC20=176.24|PMC21=178.47|PMC22=180.76
CMED;20260508;medicamento;528520050170407;;;PRATI DONADUZZI & CIA LTDA;PERLID;2 MG COM REV CT BL AL PLAS PVC/PVDC 40 TRANS X 30;RISPERIDONA;7899547532890;1256802910150;90476271;528520050170407;;N;;255.42;352.07;;;;CMED_ICMS17;20260508;20;PF0=212|PF12=240.91|PF18=258.54|PF19=261.73|PF20=265|PF21=268.35|PF22=271.79|PMC0=292.22|PMC12=332.07|PMC18=356.37|PMC19=360.77|PMC20=365.27|PMC21=369.89|PMC22=374.63
CMED;20260508;medicamento;528520050170607;;;PRATI DONADUZZI & CIA LTDA;PERLID;3 MG COM REV CT BL AL PLAS PVC/PVDC 40 TRANS X 30;RISPERIDONA;7899547533019;1256802910274;90476298;528520050170607;;N;;380.7;524.76;;;;CMED_ICMS17;20260508;20;PF0=315.98|PF12=359.07|PF18=385.34|PF19=390.1|PF20=394.98|PF21=399.97|PF22=405.1|PMC0=435.55|PMC12=494.94|PMC18=531.15|PMC19=537.71|PMC20=544.44|PMC21=551.32|PMC22=558.39
CMED;20260508;medicamento;528521010179003;;;PRATI DONADUZZI & CIA LTDA;PERLID;1 MG COM REV CT BL AL PLAS PVC/PVDC 40 TRANS X 10;RISPERIDONA;7899547532753;1256802910010;90502701;528521010179003;;N;;41.07;56.61;;;;CMED_ICMS17;20260508;20;PF0=34.09|PF12=38.74|PF18=41.57|PF19=42.09|PF20=42.61|PF21=43.15|PF22=43.71|PMC0=46.99|PMC12=53.4|PMC18=57.3|PMC19=58.02|PMC20=58.73|PMC21=59.48|PMC22=60.25
CMED;20260508;medicamento;528521010179103;;;PRATI DONADUZZI & CIA LTDA;PERLID;1 MG COM REV CT BL AL PLAS PVC/PVDC 60 TRANS X 10;RISPERIDONA;7899547532814;1256802910071;90502710;528521010179103;;N;;41.07;56.61;;;;CMED_ICMS17;20260508;20;PF0=34.09|PF12=38.74|PF18=41.57|PF19=42.09|PF20=42.61|PF21=43.15|PF22=43.71|PMC0=46.99|PMC12=53.4|PMC18=57.3|PMC19=58.02|PMC20=58.73|PMC21=59.48|PMC22=60.25
CMED;20260508;medicamento;528521010179203;;;PRATI DONADUZZI & CIA LTDA;PERLID;2 MG COM REV CT BL AL PLAS PVC/PVDC 40 TRANS X 10;RISPERIDONA;7899547532876;1256802910134;90502728;528521010179203;;N;;85.14;117.36;;;;CMED_ICMS17;20260508;20;PF0=70.67|PF12=80.31|PF18=86.18|PF19=87.25|PF20=88.34|PF21=89.46|PF22=90.6|PMC0=97.41|PMC12=110.7|PMC18=118.79|PMC19=120.27|PMC20=121.77|PMC21=123.31|PMC22=124.88
CMED;20260508;medicamento;528521010179303;;;PRATI DONADUZZI & CIA LTDA;PERLID;2 MG COM REV CT BL AL PLAS PVC/PVDC 60 TRANS X 10;RISPERIDONA;7899547532937;1256802910193;90502736;528521010179303;;N;;85.14;117.36;;;;CMED_ICMS17;20260508;20;PF0=70.67|PF12=80.31|PF18=86.18|PF19=87.25|PF20=88.34|PF21=89.46|PF22=90.6|PMC0=97.41|PMC12=110.7|PMC18=118.79|PMC19=120.27|PMC20=121.77|PMC21=123.31|PMC22=124.88
CMED;20260508;medicamento;528525020219603;;;PRATI DONADUZZI & CIA LTDA;PERLID;1MG/ML SOL OR CT FR VD AMB X 30ML + SER DOS;RISPERIDONA;7899547533118;1256802920016;90476310;528525020219603;;N;;125.2;172.58;;;;CMED_ICMS17;20260508;20;PF0=103.92|PF12=118.09|PF18=126.73|PF19=128.3|PF20=129.9|PF21=131.54|PF22=133.23|PMC0=143.24|PMC12=162.77|PMC18=174.68|PMC19=176.85|PMC20=179.05|PMC21=181.31|PMC22=183.64
CMED;20260508;medicamento;528525020219703;;;PRATI DONADUZZI & CIA LTDA;PERLID;1MG/ML SOL OR CT FR PLAS PET AMB X 30ML + SER DOS;RISPERIDONA;7899547533125;1256802920024;90476328;528525020219703;;N;;125.2;172.58;;;;CMED_ICMS17;20260508;20;PF0=103.92|PF12=118.09|PF18=126.73|PF19=128.3|PF20=129.9|PF21=131.54|PF22=133.23|PMC0=143.24|PMC12=162.77|PMC18=174.68|PMC19=176.85|PMC20=179.05|PMC21=181.31|PMC22=183.64
CMED;20260508;medicamento;528525020219803;;;PRATI DONADUZZI & CIA LTDA;PERLID;1MG/ML SOL OR CT FR PLAS PET AMB X 30ML + SER DOS;RISPERIDONA;7899547533149;1256802920040;90476344;528525020219803;;N;;125.2;172.58;;;;CMED_ICMS17;20260508;20;PF0=103.92|PF12=118.09|PF18=126.73|PF19=128.3|PF20=129.9|PF21=131.54|PF22=133.23|PMC0=143.24|PMC12=162.77|PMC18=174.68|PMC19=176.85|PMC20=179.05|PMC21=181.31|PMC22=183.64
CMED;20260508;medicamento;528525020219903;;;PRATI DONADUZZI & CIA LTDA;PERLID;1MG/ML SOL OR CX 100 FR VD AMB X 30ML + 100 SER DOS;RISPERIDONA;7899547533156;1256802920059;90603885;528525020219903;;N;;12520.07;17257.61;;;;CMED_ICMS17;20260508;20;PF0=10391.66|PF12=11808.71|PF18=12672.75|PF19=12829.21|PF20=12989.58|PF21=13154|PF22=13322.64|PMC0=14323.82|PMC12=16277.08|PMC18=17468.07|PMC19=17683.73|PMC20=17904.78|PMC21=18131.42|PMC22=18363.87
CMED;20260508;medicamento;528525020220003;;;PRATI DONADUZZI & CIA LTDA;PERLID;1MG/ML SOL OR CX 100 FR PLAS PET AMB X 30ML + 100 SER DOS;RISPERIDONA;7899547533163;1256802920067;90603893;528525020220003;;N;;12520.07;17257.61;;;;CMED_ICMS17;20260508;20;PF0=10391.66|PF12=11808.71|PF18=12672.75|PF19=12829.21|PF20=12989.58|PF21=13154|PF22=13322.64|PMC0=14323.82|PMC12=16277.08|PMC18=17468.07|PMC19=17683.73|PMC20=17904.78|PMC21=18131.42|PMC22=18363.87
CMED;20260508;medicamento;528525020220103;;;PRATI DONADUZZI & CIA LTDA;PERLID;1MG/ML SOL OR CX 100 FR PLAS PEAD OPC X 30ML + 100 SER DOS;RISPERIDONA;7899547533170;1256802920075;90603907;528525020220103;;N;;12520.07;17257.61;;;;CMED_ICMS17;20260508;20;PF0=10391.66|PF12=11808.71|PF18=12672.75|PF19=12829.21|PF20=12989.58|PF21=13154|PF22=13322.64|PMC0=14323.82|PMC12=16277.08|PMC18=17468.07|PMC19=17683.73|PMC20=17904.78|PMC21=18131.42|PMC22=18363.87
CMED;20260508;medicamento;528525020220203;;;PRATI DONADUZZI & CIA LTDA;PERLID;1MG/ML SOL OR CX 100 FR PLAS PET AMB X 30ML + 100 SER DOS;RISPERIDONA;7899547533187;1256802920083;90603915;528525020220203;;N;;12520.07;17257.61;;;;CMED_ICMS17;20260508;20;PF0=10391.66|PF12=11808.71|PF18=12672.75|PF19=12829.21|PF20=12989.58|PF21=13154|PF22=13322.64|PMC0=14323.82|PMC12=16277.08|PMC18=17468.07|PMC19=17683.73|PMC20=17904.78|PMC21=18131.42|PMC22=18363.87
CMED;20260508;medicamento;538823010116307;;;LEGRAND PHARMA INDUSTRIA FARMACEUTICA LTDA;PERLUMES;150 MG/ML + 10 MG/ML SOL INJ IM CT AMP VD AMB X 1 ML;"ENANTATO DE ESTRADIOL;ALGESTONA ACETOFENIDA";7895296254014;1677306800014;90559282;538823010116307;;N;;12.52;17.26;;;;CMED_ICMS17;20260508;20;PF0=10.39|PF12=11.81|PF18=12.67|PF19=12.83|PF20=12.99|PF21=13.15|PF22=13.32|PMC0=14.32|PMC12=16.28|PMC18=17.46|PMC19=17.68|PMC20=17.91|PMC21=18.13|PMC22=18.36|PMVG17=9.82|PMVG18=9.94|PMVG20=10.19
CMED;20260508;medicamento;524820070010307;;;MARJAN INDÚSTRIA E COMÉRCIO LTDA;PERMEAR;300 MG COM REV LIB RETARD CT BL AL PLAS TRANS X 20;HARPAGOPHYTUM PROCUMBENS DC. EX MEISSN.;7896226103020;1015502320080;90472446;524820070010307;;N;;127.3;170.77;;;;CMED_ICMS17;20260508;20;PF0=105.66|PF12=120.07|PF18=128.85|PF19=130.44|PF20=132.08|PF21=133.75|PF22=135.46|PMC0=141.74|PMC12=161.07|PMC18=172.85|PMC19=174.98|PMC20=177.18|PMC21=179.42|PMC22=181.71|PMVG17=99.89|PMVG18=101.11|PMVG20=103.64
CMED;20260508;medicamento;524820070010407;;;MARJAN INDÚSTRIA E COMÉRCIO LTDA;PERMEAR;300 MG COM REV LIB RETARD CT BL AL PLAS TRANS X 30;HARPAGOPHYTUM PROCUMBENS DC. EX MEISSN.;7896226103037;1015502320099;90472454;524820070010407;;N;;188.61;253.01;;;;CMED_ICMS17;20260508;20;PF0=156.55|PF12=177.9|PF18=190.91|PF19=193.27|PF20=195.69|PF21=198.16|PF22=200.71|PMC0=210.01|PMC12=238.65|PMC18=256.1|PMC19=259.26|PMC20=262.51|PMC21=265.82|PMC22=269.25|PMVG17=148|PMVG18=149.81|PMVG20=153.56
CMED;20260508;medicamento;542012060001304;;;NATIVITA IND. COM. LTDA.;PERMENATI;50 MG/ML LOC CREM CT FR PLAS OPC 60 ML;PERMETRINA;7897848502840;1476100110089;90250222;542012060001304;;N;;36.6;49.1;;;;CMED_ICMS17;20260508;20;PF0=30.38|PF12=34.52|PF18=37.05|PF19=37.51|PF20=37.98|PF21=38.46|PF22=38.95|PMC0=40.75|PMC12=46.31|PMC18=49.7|PMC19=50.32|PMC20=50.95|PMC21=51.59|PMC22=52.25|PMVG17=28.72|PMVG18=29.07|PMVG20=29.8
CMED;20260508;medicamento;542012060001404;;;NATIVITA IND. COM. LTDA.;PERMENATI;10 MG/ML LOC CT FR PLAS OPC X 60 ML;PERMETRINA;7897848500303;1476100110011;90250230;542012060001404;;N;;17.28;23.18;;;;CMED_ICMS17;20260508;20;PF0=14.34|PF12=16.3|PF18=17.49|PF19=17.7|PF20=17.93|PF21=18.15|PF22=18.38|PMC0=19.24|PMC12=21.87|PMC18=23.46|PMC19=23.74|PMC20=24.05|PMC21=24.35|PMC22=24.66|PMVG17=13.56|PMVG18=13.72|PMVG20=14.07
CMED;20260508;medicamento;542016110004303;;;NATIVITA IND. COM. LTDA.;PERMENATI;10 MG/ML LOC CX S/COLM 50 FR PLAS OPC X 60 ML;PERMETRINA;7897848501560;1476100110038;90368347;542016110004303;;S;;872.14;;;;;CMED_ICMS17;20260508;20;PF0=723.88|PF12=822.59|PF18=882.78|PF19=893.68|PF20=904.85|PF21=916.3|PF22=928.05|PMVG17=684.37|PMVG18=692.72|PMVG20=710.04
CMED;20260508;medicamento;542016110004503;;;NATIVITA IND. COM. LTDA.;PERMENATI;50 MG/ML LOC CREM CX 50 FR PLAS OPC 60 ML;PERMETRINA;7897848502895;1476100110100;90368363;542016110004503;;S;;1832.54;;;;;CMED_ICMS17;20260508;20;PF0=1521.01|PF12=1728.42|PF18=1854.89|PF19=1877.79|PF20=1901.26|PF21=1925.33|PF22=1950.01|PMVG17=1437.99|PMVG18=1455.53|PMVG20=1491.92
CMED;20260508;medicamento;508022030152417;;;EUROFARMA LABORATORIOS S.A.;PERMESE;5 MG/ML + 2 MG/ML SUS INJ CT AMP VD TRANS X 1 ML + SER SIST SEG;"FOSFATO DISSÓDICO DE BETAMETASONA;DIPROPIONATO DE BETAMETASONA";7891317015343;1004313570033;90531876;508022030152417;;N;;23.78;32.78;;;;CMED_ICMS17;20260508;20;PF0=19.74|PF12=22.43|PF18=24.07|PF19=24.37|PF20=24.68|PF21=24.99|PF22=25.31|PMC0=27.21|PMC12=30.92|PMC18=33.18|PMC19=33.59|PMC20=34.02|PMC21=34.45|PMC22=34.89|PMVG17=18.66|PMVG18=18.89|PMVG20=19.37
CMED;20260508;medicamento;503420120022407;;;BELFAR LTDA;PERMETRINA;0,01 G/ML LOC CT FR PLAS OPC X 60 ML;PERMETRINA;7897917005463;1057101600010;90501632;503420120022407;S;N;;18.18;24.39;;;;CMED_ICMS17;20260508;20;PF0=15.09|PF12=17.15|PF18=18.4|PF19=18.63|PF20=18.86|PF21=19.1|PF22=19.35|PMC0=20.24|PMC12=23.01|PMC18=24.68|PMC19=24.99|PMC20=25.3|PMC21=25.62|PMC22=25.96|PMVG17=14.27|PMVG18=14.44|PMVG20=14.8
CMED;20260508;medicamento;528513060122506;;;PRATI DONADUZZI & CIA LTDA;PERMETRINA;10 MG/G LOC CT FR PLAS PEAD OPC X 60 ML;PERMETRINA;7899547515022;1256802400012;90275063;528513060122506;S;N;;19.58;26.27;;;;CMED_ICMS17;20260508;20;PF0=16.25|PF12=18.47|PF18=19.82|PF19=20.06|PF20=20.31|PF21=20.57|PF22=20.83|PMC0=21.8|PMC12=24.78|PMC18=26.59|PMC19=26.91|PMC20=27.25|PMC21=27.59|PMC22=27.94|PMVG17=15.36|PMVG18=15.55|PMVG20=15.94
CMED;20260508;medicamento;528513060122606;;;PRATI DONADUZZI & CIA LTDA;PERMETRINA;10 MG/G LOC CX 50 FR PLAS PEAD OPC X 60 ML;PERMETRINA;7899547515039;1256802400020;90275071;528513060122606;S;S;;981.48;;;;;CMED_ICMS17;20260508;20;PF0=814.63|PF12=925.72|PF18=993.45|PF19=1005.72|PF20=1018.29|PF21=1031.18|PF22=1044.4|PMVG17=770.17|PMVG18=779.56|PMVG20=799.05
CMED;20260508;medicamento;525515120018704;;;ORGANON FARMACEUTICA LTDA.;PÉROLA;0,075 MG COM REV CT BL AL PLAS TRANS X 84;DESOGESTREL;7897337713399;1002901940021;90340523;525515120018704;;N;;103.2;142.25;;;;CMED_ICMS17;20260508;20;PF0=85.66|PF12=97.34|PF18=104.46|PF19=105.75|PF20=107.08|PF21=108.43|PF22=109.82|PMC0=118.07|PMC12=134.17|PMC18=143.99|PMC19=145.77|PMC20=147.6|PMC21=149.46|PMC22=151.38|PMVG17=80.98|PMVG18=81.97|PMVG20=84.03
CMED;20260508;medicamento;525515120018804;;;ORGANON FARMACEUTICA LTDA.;PÉROLA;0,075 MG COM REV CT BL AL PLAS TRANS X 28;DESOGESTREL;7897337713382;1002901940013;90340531;525515120018804;;N;;39.96;55.08;;;;CMED_ICMS17;20260508;20;PF0=33.17|PF12=37.69|PF18=40.45|PF19=40.95|PF20=41.46|PF21=41.99|PF22=42.53|PMC0=45.72|PMC12=51.95|PMC18=55.76|PMC19=56.45|PMC20=57.15|PMC21=57.88|PMC22=58.62|PMVG17=31.36|PMVG18=31.74|PMVG20=32.53
CMED;20260508;medicamento;540923070060504;;;COSMED INDUSTRIA DE COSMETICOS E MEDICAMENTOS S.A.;PERSUR;2,5 MG COM CT BL AL PLAS PVC/PE/PVDC OPC X 10;BESILATO DE LEVANLODIPINO HEMIPENTAIDRATADO;7896094928213;1781709490026;90565304;540923070060504;;N;;19.83;26.6;;;;CMED_ICMS17;20260508;20;PF0=16.46|PF12=18.7|PF18=20.07|PF19=20.32|PF20=20.58|PF21=20.84|PF22=21.1|PMC0=22.08|PMC12=25.09|PMC18=26.92|PMC19=27.26|PMC20=27.61|PMC21=27.96|PMC22=28.3|PMVG17=15.56|PMVG18=15.75|PMVG20=16.15
CMED;20260508;medicamento;540923070060604;;;COSMED INDUSTRIA DE COSMETICOS E MEDICAMENTOS S.A.;PERSUR;2,5 MG COM CT BL AL PLAS PVC/PE/PVDC OPC X 60;BESILATO DE LEVANLODIPINO HEMIPENTAIDRATADO;7896094928275;1781709490042;90565320;540923070060604;;N;;118.95;159.57;;;;CMED_ICMS17;20260508;20;PF0=98.73|PF12=112.19|PF18=120.4|PF19=121.89|PF20=123.41|PF21=124.97|PF22=126.58|PMC0=132.44|PMC12=150.5|PMC18=161.51|PMC19=163.51|PMC20=165.55|PMC21=167.64|PMC22=169.8|PMVG17=93.34|PMVG18=94.48|PMVG20=96.84
CMED;20260508;medicamento;540923070060704;;;COSMED INDUSTRIA DE COSMETICOS E MEDICAMENTOS S.A.;PERSUR;2,5 MG COM CT BL AL PLAS PVC/PE/PVDC OPC X 30;BESILATO DE LEVANLODIPINO HEMIPENTAIDRATADO;7896094928268;1781709490034;90565312;540923070060704;;N;;59.48;79.79;;;;CMED_ICMS17;20260508;20;PF0=49.37|PF12=56.1|PF18=60.21|PF19=60.95|PF20=61.71|PF21=62.49|PF22=63.29|PMC0=66.23|PMC12=75.26|PMC18=80.77|PMC19=81.76|PMC20=82.78|PMC21=83.83|PMC22=84.9|PMVG17=46.67|PMVG18=47.25|PMVG20=48.42
CMED;20260508;medicamento;540923070060804;;;COSMED INDUSTRIA DE COSMETICOS E MEDICAMENTOS S.A.;PERSUR;5 MG COM CT BL AL PLAS PVC/PE/PVDC OPC X 10;BESILATO DE LEVANLODIPINO HEMIPENTAIDRATADO;7896094928220;1781709490069;90565339;540923070060804;;N;;38.51;51.66;;;;CMED_ICMS17;20260508;20;PF0=31.96|PF12=36.32|PF18=38.98|PF19=39.46|PF20=39.95|PF21=40.46|PF22=40.97|PMC0=42.87|PMC12=48.72|PMC18=52.29|PMC19=52.93|PMC20=53.59|PMC21=54.28|PMC22=54.96|PMVG17=30.22|PMVG18=30.59|PMVG20=31.35
CMED;20260508;medicamento;540923070060904;;;COSMED INDUSTRIA DE COSMETICOS E MEDICAMENTOS S.A.;PERSUR;5 MG COM CT BL AL PLAS PVC/PE/PVDC OPC X 30;BESILATO DE LEVANLODIPINO HEMIPENTAIDRATADO;7896094928251;1781709490077;90565347;540923070060904;;N;;115.54;154.99;;;;CMED_ICMS17;20260508;20;PF0=95.9|PF12=108.98|PF18=116.95|PF19=118.4|PF20=119.88|PF21=121.39|PF22=122.95|PMC0=128.65|PMC12=146.19|PMC18=156.88|PMC19=158.83|PMC20=160.81|PMC21=162.84|PMC22=164.93|PMVG17=90.66|PMVG18=91.77|PMVG20=94.07
CMED;20260508;medicamento;511423020010507;;;HERBARIUM LABORATORIO BOTANICO LTDA;PETAMIG;50,00 MG CAP MOLE CT BL AL PLAS PVC/PVDC 120 TRANS X 30;PETASITES HYBRIDUS (L.) P. GAERTN., B. MEY. & SCHERB.;7896083412198;1186001030034;90557174;511423020010507;;N;;107.28;143.91;;;;CMED_ICMS17;20260508;20;PF0=89.04|PF12=101.18|PF18=108.59|PF19=109.93|PF20=111.3|PF21=112.71|PF22=114.15|PMC0=119.44|PMC12=135.73|PMC18=145.67|PMC19=147.47|PMC20=149.3|PMC21=151.2|PMC22=153.13|PMVG17=84.18|PMVG18=85.21|PMVG20=87.34
CMED;20260508;medicamento;504902301130411;;;BRASTERAPICA PHARMACEUTICA LTDA.;PETIVIT BC;(0,8 + 0,12 + 0,15 + 0,134 + 1,334 + 4,334) MG/ML XPE CT FR VD AMB X 240 ML + COP;"CLORIDRATO DE CIPROEPTADINA;NICOTINAMIDA;CLORIDRATO DE TIAMINA;MONOFOSFATO DE RIBOFLAVINA SÓDICA;CLORIDRATO DE PIRIDOXINA;ÁCIDO ASCÓRBICO";7898100240432;1003800380010;90034597;504902301130411;;N;;37.53;50.35;;;;CMED_ICMS17;20260508;20;PF0=31.15|PF12=35.4|PF18=37.99|PF19=38.46|PF20=38.94|PF21=39.43|PF22=39.94|PMC0=41.79|PMC12=47.49|PMC18=50.96|PMC19=51.59|PMC20=52.24|PMC21=52.89|PMC22=53.58|PMVG17=29.45|PMVG18=29.81|PMVG20=30.56
CMED;20260508;medicamento;504921020012207;;;BRASTERAPICA PHARMACEUTICA LTDA.;PETIVIT BC;(0,8 + 0,12 + 0,15 + 0,134 + 1,334 + 4,334) MG/ML XPE CT FR PLAS PET AMB X 240 ML + COP;"CLORIDRATO DE CIPROEPTADINA;CLORIDRATO DE TIAMINA;RIBOFLAVINA;CLORIDRATO DE PIRIDOXINA;ÁCIDO ASCÓRBICO;NIACINAMIDA";7898100244485;1003800380029;90505310;504921020012207;;N;;37.53;50.35;;;;CMED_ICMS17;20260508;20;PF0=31.15|PF12=35.4|PF18=37.99|PF19=38.46|PF20=38.94|PF21=39.43|PF22=39.94|PMC0=41.79|PMC12=47.49|PMC18=50.96|PMC19=51.59|PMC20=52.24|PMC21=52.89|PMC22=53.58|PMVG17=29.45|PMVG18=29.81|PMVG20=30.56
CMED;20260508;medicamento;508513060011102;;;CHIESI FARMACÊUTICA LTDA;PEYONA;20 MG/ML SOL DIL INFUS IV/OR CT 10 AMP VD TRANS X 1 ML;CITRATO DE CAFEÍNA;7896672201950;1005801150015;90252446;508513060011102;;S;;1186.16;;;;;CMED_ICMS17;20260508;20;PF0=984.51|PF12=1118.76|PF18=1200.62|PF19=1215.44|PF20=1230.64|PF21=1246.22|PF22=1262.19|PMVG17=930.78|PMVG18=942.13|PMVG20=965.68
CMED;20260508;medicamento;529222030027207;;;PRODUTOS ROCHE QUÍMICOS E FARMACÊUTICOS S.A.;PHESGO;600 MG + 600 MG SOL INJ SC CT FA VD TRANS X 10 ML;"PERTUZUMABE;TRASTUZUMABE";7613326029476;1010006720024;90531655;529222030027207;;S;;33353.22;;;;;CMED_ICMS17;20260508;20;PF0=27683.18|PF12=31458.17|PF18=33759.97|PF19=34176.77|PF20=34603.98|PF21=35042.01|PF22=35491.25|PMVG17=26172.27|PMVG18=26491.45|PMVG20=27153.74
CMED;20260508;medicamento;529222030027307;;;PRODUTOS ROCHE QUÍMICOS E FARMACÊUTICOS S.A.;PHESGO;1200 MG + 600 MG SOL INJ SC CT FA VD TRANS X 15 ML;"PERTUZUMABE;TRASTUZUMABE";7613326029469;1010006720016;90531647;529222030027307;;S;;50478.82;;;;;CMED_ICMS17;20260508;20;PF0=41897.43|PF12=47610.73|PF18=51094.42|PF19=51725.23|PF20=52371.79|PF21=53034.73|PF22=53714.64|PMVG17=39610.73|PMVG18=40093.79|PMVG20=41096.14
CMED;20260508;medicamento;504920070011807;;;BRASTERAPICA PHARMACEUTICA LTDA.;PHITOSS;7 MG/ML XPE CT FR PLAS PET AMB X 100 ML + COP;HEDERA HELIX L.;7898100243112;1003801050014;90472500;504920070011807;;N;;27.71;37.17;;;;CMED_ICMS17;20260508;20;PF0=23|PF12=26.14|PF18=28.05|PF19=28.4|PF20=28.75|PF21=29.11|PF22=29.49|PMC0=30.85|PMC12=35.07|PMC18=37.63|PMC19=38.1|PMC20=38.57|PMC21=39.05|PMC22=39.56|PMVG17=21.74|PMVG18=22.01|PMVG20=22.56
CMED;20260508;medicamento;504922120014107;;;BRASTERAPICA PHARMACEUTICA LTDA.;PHITOSS;7 MG/ML XPE CT FR PLAS PET AMB X 100 ML + COP + SER DOS;HEDERA HELIX L.;7898100244669;1003801050030;90550404;504922120014107;;N;;24.47;32.83;;;;CMED_ICMS17;20260508;20;PF0=20.31|PF12=23.08|PF18=24.77|PF19=25.07|PF20=25.39|PF21=25.71|PF22=26.04|PMC0=27.25|PMC12=30.96|PMC18=33.23|PMC19=33.63|PMC20=34.06|PMC21=34.49|PMC22=34.93|PMVG17=19.2|PMVG18=19.44|PMVG20=19.92
CMED;20260508;medicamento;504925070014807;;;BRASTERAPICA PHARMACEUTICA LTDA.;PHITOSS;7 MG/ML XPE CX 60 FR PLAS PET AMB X 100 ML + COP;HEDERA HELIX L.;7898100245529;1003801050073;90612060;504925070014807;;N;;1662.65;2230.39;;;;CMED_ICMS17;20260508;20;PF0=1380|PF12=1568.18|PF18=1682.93|PF19=1703.7|PF20=1725|PF21=1746.84|PF22=1769.23|PMC0=1851.22|PMC12=2103.66|PMC18=2257.59|PMC19=2285.45|PMC20=2314.03|PMC21=2343.32|PMC22=2373.36|PMVG17=1304.68|PMVG18=1320.6|PMVG20=1353.61
CMED;20260508;medicamento;503220110030707;;;BAXTER HOSPITALAR LTDA;PHOXILIUM;(6,44 + 0,314 + 3,68 + 2,44 + 2,92 + 0,225) G/L SOL HD CX BOLS PLAS TRANS SIST FECH X 5000 ML;"FOSFATO DE SÓDIO DIBÁSICO DI-HIDRATADO;CLORETO DE CÁLCIO DIIDRATADO;CLORETO DE MAGNÉSIO HEXAIDRATADO;BICARBONATO DE SÓDIO;CLORETO DE POTÁSSIO;CLORETO DE SÓDIO";7898473026343;1068301880012;90497252;503220110030707;;S;;;;;;;CMED_ICMS17;20260508;20;PF0=104.02
CMED;20260508;medicamento;500220100046407;;;ABBOTT LABORATORIOS DO BRASIL LTDA;PIASCLEDINE;(100 + 200) MG CAP DURA CT BL AL PLAS PVC 250 PVDC 90 TRANS X 30;"PERSEA AMERICANA MILL.;GLYCINE MAX (L.) MERR.";7896255766906;1055303560048;90491513;500220100046407;;N;;263.6;353.61;;;;CMED_ICMS17;20260508;20;PF0=218.79|PF12=248.63|PF18=266.82|PF19=270.11|PF20=273.49|PF21=276.95|PF22=280.5|PMC0=293.5|PMC12=333.53|PMC18=357.93|PMC19=362.34|PMC20=366.88|PMC21=371.52|PMC22=376.28|PMVG17=206.85|PMVG18=209.37|PMVG20=214.61
CMED;20260508;medicamento;500220100046507;;;ABBOTT LABORATORIOS DO BRASIL LTDA;PIASCLEDINE;(100 + 200) MG CAP DURA CT BL AL PLAS PVC 250 PVDC 90 TRANS X 10;"PERSEA AMERICANA MILL.;GLYCINE MAX (L.) MERR.";7891158103575;1055303560056;90491521;500220100046507;;N;;83.28;111.72;;;;CMED_ICMS17;20260508;20;PF0=69.12|PF12=78.55|PF18=84.29|PF19=85.33|PF20=86.4|PF21=87.49|PF22=88.62|PMC0=92.72|PMC12=105.37|PMC18=113.07|PMC19=114.47|PMC20=115.9|PMC21=117.36|PMC22=118.88|PMVG17=65.35|PMVG18=66.14|PMVG20=67.8
CMED;20260508;medicamento;500220100046607;;;ABBOTT LABORATORIOS DO BRASIL LTDA;PIASCLEDINE;(100 + 200) MG CAP DURA CT BL AL PLAS PVC 250 PVDC 90 TRANS X 90;"PERSEA AMERICANA MILL.;GLYCINE MAX (L.) MERR.";7891158103599;1055303560072;90491220;500220100046607;;N;;434.06;582.28;;;;CMED_ICMS17;20260508;20;PF0=360.27|PF12=409.4|PF18=439.35|PF19=444.78|PF20=450.34|PF21=456.04|PF22=461.88|PMC0=483.29|PMC12=549.2|PMC18=589.37|PMC19=596.66|PMC20=604.12|PMC21=611.76|PMC22=619.6|PMVG17=340.61|PMVG18=344.76|PMVG20=353.38
CMED;20260508;medicamento;529225040028302;;;PRODUTOS ROCHE QUÍMICOS E FARMACÊUTICOS S.A.;PIASKY;170 MG/ML SOL INJ SC CT FA VD TRANS X 2 ML;CROVALIMABE;7613326082662;1010006770013;90605632;529225040028302;;N;;78995.52;105969.68;;;;CMED_ICMS17;20260508;20;PF0=65566.3|PF12=74507.18|PF18=79958.89|PF19=80946.06|PF20=81957.88|PF21=82995.33|PF22=84059.34|PMC0=87954.86|PMC12=99948.73|PMC18=107262|PMC19=108586.26|PMC20=109943.58|PMC21=111335.28|PMC22=112762.61|PMVG17=61987.78|PMVG18=62743.74|PMVG20=64312.35
CMED;20260508;medicamento;540922060054804;;;COSMED INDUSTRIA DE COSMETICOS E MEDICAMENTOS S.A.;PICBAM;2,5 MG COM RV CT BL AL PLAS PVC/PVDC TRANS X 10;APIXABANA;7896714291918;1781709210058;90541669;540922060054804;;N;;49.89;68.77;;;;CMED_ICMS17;20260508;20;PF0=41.41|PF12=47.06|PF18=50.5|PF19=51.12|PF20=51.76|PF21=52.42|PF22=53.09|PMC0=57.08|PMC12=64.87|PMC18=69.61|PMC19=70.46|PMC20=71.35|PMC21=72.26|PMC22=73.18|PMVG17=39.15|PMVG18=39.63|PMVG20=40.62
CMED;20260508;medicamento;540922060054904;;;COSMED INDUSTRIA DE COSMETICOS E MEDICAMENTOS S.A.;PICBAM;2,5 MG COM REV CT BL AL PLAS PVC/PVDC TRANS X 20;APIXABANA;7896714291901;1781709210066;90541677;540922060054904;;N;;104.49;144.03;;;;CMED_ICMS17;20260508;20;PF0=86.73|PF12=98.56|PF18=105.77|PF19=107.07|PF20=108.41|PF21=109.78|PF22=111.19|PMC0=119.55|PMC12=135.85|PMC18=145.79|PMC19=147.58|PMC20=149.43|PMC21=151.32|PMC22=153.26|PMVG17=81.99|PMVG18=83|PMVG20=85.07
CMED;20260508;medicamento;540922060055004;;;COSMED INDUSTRIA DE COSMETICOS E MEDICAMENTOS S.A.;PICBAM;2,5 MG COM REV CT BL AL PLAS PVC/PVDC TRANS X 60;APIXABANA;7896714291895;1781709210082;90541685;540922060055004;;N;;313.53;432.17;;;;CMED_ICMS17;20260508;20;PF0=260.23|PF12=295.72|PF18=317.35|PF19=321.27|PF20=325.29|PF21=329.41|PF22=333.63|PMC0=358.7|PMC12=407.62|PMC18=437.43|PMC19=442.84|PMC20=448.38|PMC21=454.06|PMC22=459.87|PMVG17=246.03|PMVG18=249.02|PMVG20=255.26
CMED;20260508;medicamento;540922060055104;;;COSMED INDUSTRIA DE COSMETICOS E MEDICAMENTOS S.A.;PICBAM;5 MG COM REV CT BL AL PLAS PVC/PVDC TRANS X 10;APIXABANA;7896714291871;1781709210139;90541693;540922060055104;;N;;52.23;71.99;;;;CMED_ICMS17;20260508;20;PF0=43.35|PF12=49.26|PF18=52.87|PF19=53.52|PF20=54.19|PF21=54.87|PF22=55.58|PMC0=59.75|PMC12=67.9|PMC18=72.88|PMC19=73.77|PMC20=74.7|PMC21=75.63|PMC22=76.61|PMVG17=40.98|PMVG18=41.49|PMVG20=42.52
CMED;20260508;medicamento;540922060055204;;;COSMED INDUSTRIA DE COSMETICOS E MEDICAMENTOS S.A.;PICBAM;5 MG COM REV CT BL AL PLAS PVC/PVDC TRANS X 20;APIXABANA;7896714291864;1781709210147;90541707;540922060055204;;N;;104.49;144.03;;;;CMED_ICMS17;20260508;20;PF0=86.73|PF12=98.56|PF18=105.77|PF19=107.07|PF20=108.41|PF21=109.78|PF22=111.19|PMC0=119.55|PMC12=135.85|PMC18=145.79|PMC19=147.58|PMC20=149.43|PMC21=151.32|PMC22=153.26|PMVG17=81.99|PMVG18=83|PMVG20=85.07
CMED;20260508;medicamento;540922060055304;;;COSMED INDUSTRIA DE COSMETICOS E MEDICAMENTOS S.A.;PICBAM;5 MG COM REV CT BL AL PLAS PVC/PVDC TRANS X 60;APIXABANA;7896714291857;1781709210163;90541715;540922060055304;;N;;313.51;432.14;;;;CMED_ICMS17;20260508;20;PF0=260.21|PF12=295.69|PF18=317.33|PF19=321.25|PF20=325.26|PF21=329.38|PF22=333.6|PMC0=358.67|PMC12=407.58|PMC18=437.41|PMC19=442.81|PMC20=448.34|PMC21=454.02|PMC22=459.83|PMVG17=246.01|PMVG18=249.01|PMVG20=255.23
CMED;20260508;medicamento;521413110005505;;;LABORATÓRIOS FERRING LTDA;PICOPREP;10 MG + 3,5 G + 12 G PO SOL OR CT ENV AL/PLAS PE X 2;PICOSSULFATO DE SÓDIO;7896165600727;1287600190017;90294459;521413110005505;;N;;39.72;53.28;;;;CMED_ICMS17;20260508;20;PF0=32.97|PF12=37.47|PF18=40.21|PF19=40.7|PF20=41.21|PF21=41.73|PF22=42.27|PMC0=44.23|PMC12=50.26|PMC18=53.94|PMC19=54.6|PMC20=55.28|PMC21=55.98|PMC22=56.7|PMVG17=31.17|PMVG18=31.55|PMVG20=32.34
CMED;20260508;medicamento;540921040047104;;;COSMED INDUSTRIA DE COSMETICOS E MEDICAMENTOS S.A.;PIELUS MX;50 MG/ML SOL SPR CAPI CT FR PLAS PEAD OPC X 30 ML + VALV SPR;MINOXIDIL;7896094920231;1781708970024;90511026;540921040047104;;N;;114.6;153.73;;;;CMED_ICMS17;20260508;20;PF0=95.12|PF12=108.09|PF18=116|PF19=117.43|PF20=118.9|PF21=120.41|PF22=121.95|PMC0=127.6|PMC12=145|PMC18=155.61|PMC19=157.53|PMC20=159.5|PMC21=161.53|PMC22=163.59|PMVG17=89.93|PMVG18=91.03|PMVG20=93.3
CMED;20260508;medicamento;540921040047204;;;COSMED INDUSTRIA DE COSMETICOS E MEDICAMENTOS S.A.;PIELUS MX;50 MG/ML SOL SPR CAPI CT FR PLAS PEAD OPC X 50 ML + VALV SPR;MINOXIDIL;7896094920149;1781708970032;90511034;540921040047204;;N;;191.01;256.23;;;;CMED_ICMS17;20260508;20;PF0=158.54|PF12=180.16|PF18=193.34|PF19=195.73|PF20=198.18|PF21=200.68|PF22=203.26|PMC0=212.68|PMC12=241.68|PMC18=259.36|PMC19=262.56|PMC20=265.85|PMC21=269.21|PMC22=272.67|PMVG17=149.89|PMVG18=151.71|PMVG20=155.51
CMED;20260508;medicamento;540922040053503;;;COSMED INDUSTRIA DE COSMETICOS E MEDICAMENTOS S.A.;PIELUS MX;50 MG/ML SOL SPR CAPI CT FR PLAS PEAD OPC X 100 ML + VALV SPR;MINOXIDIL;7891142982094;1781708970040;90536533;540922040053503;;N;;382;512.44;;;;CMED_ICMS17;20260508;20;PF0=317.06|PF12=360.3|PF18=386.66|PF19=391.43|PF20=396.33|PF21=401.34|PF22=406.49|PMC0=425.32|PMC12=483.33|PMC18=518.69|PMC19=525.09|PMC20=531.66|PMC21=538.38|PMC22=545.29|PMVG17=299.76|PMVG18=303.41|PMVG20=311
CMED;20260508;medicamento;508013020095804;;;EUROFARMA LABORATORIOS S.A.;PIEMONTE;4 MG COM MAST CT BL AL/AL X 30;MONTELUCASTE DE SÓDIO;7891317477202;1004310680032;90251660;508013020095804;;N;;72.89;100.47;;;;CMED_ICMS17;20260508;20;PF0=60.5|PF12=68.75|PF18=73.78|PF19=74.69|PF20=75.63|PF21=76.58|PF22=77.56|PMC0=83.39|PMC12=94.76|PMC18=101.7|PMC19=102.95|PMC20=104.25|PMC21=105.56|PMC22=106.91|PMVG17=57.2|PMVG18=57.9|PMVG20=59.35
CMED;20260508;medicamento;508013020096004;;;EUROFARMA LABORATORIOS S.A.;PIEMONTE;5 MG COM MAST CT BL AL/AL X 30;MONTELUCASTE DE SÓDIO;7891317477172;1004310680067;90251687;508013020096004;;N;;83.8;115.51;;;;CMED_ICMS17;20260508;20;PF0=69.55|PF12=79.03|PF18=84.82|PF19=85.86|PF20=86.94|PF21=88.04|PF22=89.17|PMC0=95.87|PMC12=108.93|PMC18=116.92|PMC19=118.35|PMC20=119.84|PMC21=121.35|PMC22=122.91|PMVG17=65.76|PMVG18=66.56|PMVG20=68.22
CMED;20260508;medicamento;508017020115703;;;EUROFARMA LABORATORIOS S.A.;PIEMONTE;10 MG COM REV CT BL AL/AL X 10;MONTELUCASTE DE SÓDIO;7891317140878;1004310680105;90366344;508017020115703;;N;;21.43;29.54;;;;CMED_ICMS17;20260508;20;PF0=17.79|PF12=20.22|PF18=21.7|PF19=21.96|PF20=22.24|PF21=22.52|PF22=22.81|PMC0=24.52|PMC12=27.87|PMC18=29.91|PMC19=30.27|PMC20=30.66|PMC21=31.04|PMC22=31.44|PMVG17=16.82|PMVG18=17.03|PMVG20=17.45
CMED;20260508;medicamento;508017020115803;;;EUROFARMA LABORATORIOS S.A.;PIEMONTE;10 MG COM REV CT BL AL/AL X 30;MONTELUCASTE DE SÓDIO;7891317140885;1004310680113;90366352;508017020115803;;N;;64.28;88.6;;;;CMED_ICMS17;20260508;20;PF0=53.35|PF12=60.63|PF18=65.06|PF19=65.86|PF20=66.69|PF21=67.53|PF22=68.4|PMC0=73.54|PMC12=83.57|PMC18=89.68|PMC19=90.78|PMC20=91.93|PMC21=93.08|PMC22=94.28|PMVG17=50.44|PMVG18=51.05|PMVG20=52.33
CMED;20260508;medicamento;508020120137507;;;EUROFARMA LABORATORIOS S.A.;PIEMONTE;4 MG GRAN SOL OR CT 10 ENV PLAS PES/AL/PLAS PEBD;MONTELUCASTE DE SÓDIO;7891317154295;1004313200015;90499751;508020120137507;;N;;21.71;29.92;;;;CMED_ICMS17;20260508;20;PF0=18.02|PF12=20.48|PF18=21.98|PF19=22.25|PF20=22.53|PF21=22.81|PF22=23.1|PMC0=24.84|PMC12=28.23|PMC18=30.3|PMC19=30.67|PMC20=31.06|PMC21=31.44|PMC22=31.84|PMVG17=17.04|PMVG18=17.25|PMVG20=17.68
CMED;20260508;medicamento;508020120137607;;;EUROFARMA LABORATORIOS S.A.;PIEMONTE;4 MG GRAN SOL OR CT 30 ENV PLAS PES/AL/PLAS PEBD;MONTELUCASTE DE SÓDIO;7891317154301;1004313200023;90499760;508020120137607;;N;;65.11;89.75;;;;CMED_ICMS17;20260508;20;PF0=54.04|PF12=61.41|PF18=65.9|PF19=66.72|PF20=67.55|PF21=68.41|PF22=69.28|PMC0=74.49|PMC12=84.65|PMC18=90.84|PMC19=91.97|PMC20=93.11|PMC21=94.3|PMC22=95.5|PMVG17=51.09|PMVG18=51.71|PMVG20=53.01
CMED;20260508;medicamento;508021030138603;;;EUROFARMA LABORATORIOS S.A.;PIEMONTE;5 MG COM MAST CT BL AL/AL X 60;MONTELUCASTE DE SÓDIO;7891317016357;1004310680091;90507851;508021030138603;;N;;90.83;125.2;;;;CMED_ICMS17;20260508;20;PF0=75.39|PF12=85.67|PF18=91.94|PF19=93.07|PF20=94.24|PF21=95.43|PF22=96.65|PMC0=103.92|PMC12=118.09|PMC18=126.73|PMC19=128.29|PMC20=129.9|PMC21=131.54|PMC22=133.22|PMVG17=71.27|PMVG18=72.15|PMVG20=73.95
CMED;20260508;medicamento;508021030138703;;;EUROFARMA LABORATORIOS S.A.;PIEMONTE;4 MG COM MAST CT BL AL/AL X 60;MONTELUCASTE DE SÓDIO;7891317016340;1004310680083;90507843;508021030138703;;N;;90.83;125.2;;;;CMED_ICMS17;20260508;20;PF0=75.39|PF12=85.67|PF18=91.94|PF19=93.07|PF20=94.24|PF21=95.43|PF22=96.65|PMC0=103.92|PMC12=118.09|PMC18=126.73|PMC19=128.29|PMC20=129.9|PMC21=131.54|PMC22=133.22|PMVG17=71.27|PMVG18=72.15|PMVG20=73.95
CMED;20260508;medicamento;508021030138803;;;EUROFARMA LABORATORIOS S.A.;PIEMONTE;10 MG COM REV CT BL AL/AL X 60;MONTELUCASTE DE SÓDIO;7891317016364;1004310680121;90507860;508021030138803;;N;;90.83;125.2;;;;CMED_ICMS17;20260508;20;PF0=75.39|PF12=85.67|PF18=91.94|PF19=93.07|PF20=94.24|PF21=95.43|PF22=96.65|PMC0=103.92|PMC12=118.09|PMC18=126.73|PMC19=128.29|PMC20=129.9|PMC21=131.54|PMC22=133.22|PMVG17=71.27|PMVG18=72.15|PMVG20=73.95
CMED;20260508;medicamento;508015070107804;;;EUROFARMA LABORATORIOS S.A.;PIETRA ED;2 MG COM REV CT BL AL PLAS TRANS X 30;DIENOGESTE;7891317140533;1004311160024;90303725;508015070107804;;N;;220.02;295.15;;;;CMED_ICMS17;20260508;20;PF0=182.62|PF12=207.52|PF18=222.71|PF19=225.46|PF20=228.28|PF21=231.16|PF22=234.13|PMC0=244.98|PMC12=278.38|PMC18=298.76|PMC19=302.45|PMC20=306.23|PMC21=310.09|PMC22=314.08|PMVG17=172.65|PMVG18=174.76|PMVG20=179.13
CMED;20260508;medicamento;508022010148403;;;EUROFARMA LABORATORIOS S.A.;PIETRA ED;2 MG COM REV CT BL AL PLAS TRANS X 90;DIENOGESTE;7891317020651;1004311160067;90527313;508022010148403;;N;;171.96;230.68;;;;CMED_ICMS17;20260508;20;PF0=142.73|PF12=162.19|PF18=174.06|PF19=176.21|PF20=178.41|PF21=180.67|PF22=182.99|PMC0=191.47|PMC12=217.57|PMC18=233.5|PMC19=236.38|PMC20=239.33|PMC21=242.36|PMC22=245.47|PMVG17=134.94|PMVG18=136.58|PMVG20=140
CMED;20260508;medicamento;533013040059304;;;UNIÃO QUÍMICA FARMACÊUTICA NACIONAL S/A;PILEM;0,75 MG CT BL AL PLAS TRANS X 2;LEVONORGESTREL;7896006238751;1049712160017;90261470;533013040059304;;N;;25.72;35.45;;;;CMED_ICMS17;20260508;20;PF0=21.35|PF12=24.26|PF18=26.04|PF19=26.36|PF20=26.69|PF21=27.03|PF22=27.37|PMC0=29.43|PMC12=33.44|PMC18=35.89|PMC19=36.33|PMC20=36.79|PMC21=37.26|PMC22=37.73|PMVG17=20.18|PMVG18=20.43|PMVG20=20.94
CMED;20260508;medicamento;506719070079117;;;CRISTÁLIA PRODUTOS QUÍMICOS FARMACÊUTICOS LTDA.;PILOCAN;20 MG/ML SOL OFT CT FR GOT PLAS TRANS X 10 ML;CLORIDRATO DE PILOCARPINA;7896676432879;1029804780017;90435583;506719070079117;;N;;33.41;46.05;;;;CMED_ICMS17;20260508;20;PF0=27.73|PF12=31.51|PF18=33.82|PF19=34.23|PF20=34.66|PF21=35.1|PF22=35.55|PMC0=38.22|PMC12=43.43|PMC18=46.62|PMC19=47.18|PMC20=47.78|PMC21=48.38|PMC22=49|PMVG17=26.22|PMVG18=26.54|PMVG20=27.2
CMED;20260508;medicamento;501004301171412;;;ALLERGAN PRODUTOS FARMACÊUTICOS LTDA;PILOCARPINA;10 MG/ML SOL OCU CT FR PLAS TRANS GOT X 10 ML;CLORIDRATO DE PILOCARPINA;7897316802212;1014701110010;90006917;501004301171412;;N;;23.92;32.97;;;;CMED_ICMS17;20260508;20;PF0=19.85|PF12=22.56|PF18=24.21|PF19=24.51|PF20=24.81|PF21=25.13|PF22=25.45|PMC0=27.36|PMC12=31.1|PMC18=33.37|PMC19=33.78|PMC20=34.2|PMC21=34.64|PMC22=35.08|PMVG17=18.77|PMVG18=19|PMVG20=19.47
CMED;20260508;medicamento;501004302176418;;;ALLERGAN PRODUTOS FARMACÊUTICOS LTDA;PILOCARPINA;20 MG/ML SOL OCU CT FR PLAS TRANS GOT X 10 ML;CLORIDRATO DE PILOCARPINA;7897316802236;1014701110096;90006925;501004302176418;;N;;33.7;46.45;;;;CMED_ICMS17;20260508;20;PF0=27.97|PF12=31.78|PF18=34.11|PF19=34.53|PF20=34.96|PF21=35.41|PF22=35.86|PMC0=38.55|PMC12=43.81|PMC18=47.02|PMC19=47.6|PMC20=48.19|PMC21=48.81|PMC22=49.43
CMED;20260508;medicamento;501004303172416;;;ALLERGAN PRODUTOS FARMACÊUTICOS LTDA;PILOCARPINA;40 MG/ML SOL OCU CT FR PLAS TRANS GOT X 10 ML;CLORIDRATO DE PILOCARPINA;7897316802250;1014701110101;90006933;501004303172416;;N;;49.24;67.87;;;;CMED_ICMS17;20260508;20;PF0=40.87|PF12=46.44|PF18=49.84|PF19=50.46|PF20=51.09|PF21=51.73|PF22=52.4|PMC0=56.34|PMC12=64.01|PMC18=68.7|PMC19=69.55|PMC20=70.42|PMC21=71.3|PMC22=72.23|PMVG17=38.64|PMVG18=39.11|PMVG20=40.09
CMED;20260508;medicamento;508022090168204;;;EUROFARMA LABORATORIOS S.A.;PILOX;50 MG/ML SOL SPR CAPI CT FR SPR PLAS PEAD OPC X 50 ML;MINOXIDIL;7891317025236;1004314340015;90542690;508022090168204;;N;;175.43;235.33;;;;CMED_ICMS17;20260508;20;PF0=145.61|PF12=165.47|PF18=177.57|PF19=179.77|PF20=182.01|PF21=184.32|PF22=186.68|PMC0=195.33|PMC12=221.97|PMC18=238.2|PMC19=241.16|PMC20=244.16|PMC21=247.26|PMC22=250.42|PMVG17=137.66|PMVG18=139.34|PMVG20=142.82
CMED;20260508;medicamento;508022090168304;;;EUROFARMA LABORATORIOS S.A.;PILOX;50 MG/ML SOL SPR CAPI CT FR SPR PLAS PEAD OPC X 25 ML;MINOXIDIL;7891317025243;1004314340023;90542703;508022090168304;;N;;83.54;112.07;;;;CMED_ICMS17;20260508;20;PF0=69.34|PF12=78.8|PF18=84.56|PF19=85.6|PF20=86.68|PF21=87.77|PF22=88.9|PMC0=93.02|PMC12=105.71|PMC18=113.43|PMC19=114.83|PMC20=116.28|PMC21=117.74|PMC22=119.26|PMVG17=65.55|PMVG18=66.35|PMVG20=68.02
CMED;20260508;medicamento;522101501113412;;;LABORATÓRIOS OSÓRIO DE MORAES LTDA;PÍLULAS DE ERVA DE BICHO COMPOSTAS IMESCARD;(10+10+10+30) MG COM REV CT BL AL PLAS PVC TRANS X 36;ALOÍNA;7898089300042;1050400100017;90528301;522101501113412;;N;;33.54;44.99;;;;CMED_ICMS17;20260508;20;PF0=27.84|PF12=31.64|PF18=33.95|PF19=34.37|PF20=34.8|PF21=35.24|PF22=35.69|PMC0=37.35|PMC12=42.44|PMC18=45.54|PMC19=46.11|PMC20=46.68|PMC21=47.27|PMC22=47.88|PMVG17=26.32|PMVG18=26.64|PMVG20=27.31
CMED;20260508;medicamento;522101401119419;;;LABORATÓRIOS OSÓRIO DE MORAES LTDA;PILULAS DE LUSSEN;8MG + 10MG + 30MG + 10MG + 20MG COM REV CT BL AL PLAS TRANS X 36;"CLORETO DE METILTIONÍNIO;ATROPA BELLADONNA;ALOÍNA;TEOBROMINA;COSTUS SPICATUS";7898089300035;1050400120018;90130316;522101401119419;;N;;38.65;51.85;;;;CMED_ICMS17;20260508;20;PF0=32.08|PF12=36.45|PF18=39.12|PF19=39.6|PF20=40.1|PF21=40.61|PF22=41.13|PMC0=43.03|PMC12=48.9|PMC18=52.48|PMC19=53.12|PMC20=53.79|PMC21=54.48|PMC22=55.17|PMVG17=30.33|PMVG18=30.7|PMVG20=31.47
CMED;20260508;medicamento;506719302111413;;;CRISTÁLIA PRODUTOS QUÍMICOS FARMACÊUTICOS LTDA.;PINAZAN;100 MG COM CT BL AL PLAS TRANS X 30;CLOZAPINA;7896676416909;1029803770050;90047648;506719302111413;;N;;188.4;259.69;;;;CMED_ICMS17;20260508;20;PF0=156.37|PF12=177.69|PF18=190.7|PF19=193.05|PF20=195.46|PF21=197.94|PF22=200.47|PMC0=215.54|PMC12=244.93|PMC18=262.86|PMC19=266.1|PMC20=269.42|PMC21=272.84|PMC22=276.33
CMED;20260508;medicamento;506719304114411;;;CRISTÁLIA PRODUTOS QUÍMICOS FARMACÊUTICOS LTDA.;PINAZAN;25 MG COM CX BL AL PLAS TRANS X 200;CLOZAPINA;7896676416886;1029803770034;90047672;506719304114411;;N;;312.14;430.25;;;;CMED_ICMS17;20260508;20;PF0=259.08|PF12=294.41|PF18=315.95|PF19=319.85|PF20=323.85|PF21=327.95|PF22=332.15|PMC0=357.11|PMC12=405.81|PMC18=435.5|PMC19=440.88|PMC20=446.39|PMC21=452.04|PMC22=457.83
CMED;20260508;medicamento;506719305110418;;;CRISTÁLIA PRODUTOS QUÍMICOS FARMACÊUTICOS LTDA.;PINAZAN;25 MG COM CT BL AL PLAS TRANS X 30;CLOZAPINA;7896676416879;1029803770026;90047680;506719305110418;;N;;46.82;64.54;;;;CMED_ICMS17;20260508;20;PF0=38.86|PF12=44.16|PF18=47.39|PF19=47.98|PF20=48.58|PF21=49.19|PF22=49.82|PMC0=53.56|PMC12=60.87|PMC18=65.32|PMC19=66.14|PMC20=66.96|PMC21=67.8|PMC22=68.67
CMED;20260508;medicamento;506725080105103;;;CRISTÁLIA PRODUTOS QUÍMICOS FARMACÊUTICOS LTDA.;PINAZAN;25 MG COM CT BL AL PLAS TRANS X 7;CLOZAPINA;7896676441352;1029803770085;90611012;506725080105103;;N;;10.92;15.05;;;;CMED_ICMS17;20260508;20;PF0=9.06|PF12=10.3|PF18=11.05|PF19=11.19|PF20=11.33|PF21=11.47|PF22=11.62|PMC0=12.49|PMC12=14.2|PMC18=15.23|PMC19=15.42|PMC20=15.62|PMC21=15.81|PMC22=16.02
CMED;20260508;medicamento;506725080105203;;;CRISTÁLIA PRODUTOS QUÍMICOS FARMACÊUTICOS LTDA.;PINAZAN;100 MG COM CT BL AL PLAS TRANS X 7;CLOZAPINA;7896676441369;1029803770093;90611020;506725080105203;;N;;43.95;60.58;;;;CMED_ICMS17;20260508;20;PF0=36.48|PF12=41.45|PF18=44.49|PF19=45.04|PF20=45.6|PF21=46.18|PF22=46.77|PMC0=50.28|PMC12=57.13|PMC18=61.32|PMC19=62.08|PMC20=62.85|PMC21=63.65|PMC22=64.47
CMED;20260508;medicamento;514004601175414;;;CELLERA FARMACEUTICA S.A.;PIOLETAL;10 MG/ML LOC CT FR PLAS OPC X 60 ML;PERMETRINA;7893454103914;1044000090015;90104110;514004601175414;;N;;26.87;36.05;;;;CMED_ICMS17;20260508;20;PF0=22.3|PF12=25.34|PF18=27.2|PF19=27.53|PF20=27.88|PF21=28.23|PF22=28.59|PMC0=29.91|PMC12=33.99|PMC18=36.49|PMC19=36.93|PMC20=37.4|PMC21=37.87|PMC22=38.35|PMVG17=21.08|PMVG18=21.34|PMVG20=21.88
CMED;20260508;medicamento;514004602171412;;;CELLERA FARMACEUTICA S.A.;PIOLETAL;50 MG/ML LOC CT FR PLAS OPC X 60 ML;PERMETRINA;7893454103921;1044000090031;90104129;514004602171412;;N;;33.82;45.37;;;;CMED_ICMS17;20260508;20;PF0=28.07|PF12=31.9|PF18=34.23|PF19=34.65|PF20=35.09|PF21=35.53|PF22=35.99|PMC0=37.65|PMC12=42.79|PMC18=45.92|PMC19=46.48|PMC20=47.07|PMC21=47.66|PMC22=48.28|PMVG17=26.54|PMVG18=26.86|PMVG20=27.54
CMED;20260508;medicamento;562717070001404;;;IFAL INDUSTRIA E COMERCIO DE PRODUTOS FARMAC LTDA;PIOLIXINA;10 MG/ML LOC CT FR PLAS OPC X 60 ML;PERMETRINA;7898016410752;1353100020025;90392965;562717070001404;;N;;11.93;16;;;;CMED_ICMS17;20260508;20;PF0=9.9|PF12=11.25|PF18=12.07|PF19=12.22|PF20=12.38|PF21=12.53|PF22=12.69|PMC0=13.28|PMC12=15.09|PMC18=16.19|PMC19=16.39|PMC20=16.61|PMC21=16.81|PMC22=17.02|PMVG17=9.36|PMVG18=9.47|PMVG20=9.72
CMED;20260508;medicamento;562717070001504;;;IFAL INDUSTRIA E COMERCIO DE PRODUTOS FARMAC LTDA;PIOLIXINA;50 MG/ML LOC CT FR PLAS OPC X 60 ML;PERMETRINA;7898016412916;1353100020076;90392973;562717070001504;;N;;22.71;30.46;;;;CMED_ICMS17;20260508;20;PF0=18.85|PF12=21.42|PF18=22.99|PF19=23.27|PF20=23.56|PF21=23.86|PF22=24.17|PMC0=25.29|PMC12=28.73|PMC18=30.84|PMC19=31.22|PMC20=31.6|PMC21=32.01|PMC22=32.42|PMVG17=17.82|PMVG18=18.04|PMVG20=18.49
CMED;20260508;medicamento;562717070001804;;;IFAL INDUSTRIA E COMERCIO DE PRODUTOS FARMAC LTDA;PIOLIXINA;10 MG/ML LOC CX 50 FR PLAS OPC X 60 ML;PERMETRINA;7898016412992;1353100020084;90393007;562717070001804;;S;;546.69;;;;;CMED_ICMS17;20260508;20;PF0=453.75|PF12=515.63|PF18=553.35|PF19=560.19|PF20=567.19|PF21=574.37|PF22=581.73|PMVG17=428.99|PMVG18=434.21|PMVG20=445.07
CMED;20260508;medicamento;562717070002204;;;IFAL INDUSTRIA E COMERCIO DE PRODUTOS FARMAC LTDA;PIOLIXINA;50 MG/ML LOC CX 50 FR PLAS OPC X 60 ML;PERMETRINA;7898016413180;1353100020106;90393040;562717070002204;;S;;1086.75;;;;;CMED_ICMS17;20260508;20;PF0=902|PF12=1025|PF18=1100|PF19=1113.58|PF20=1127.5|PF21=1141.77|PF22=1156.41|PMVG17=852.77|PMVG18=863.17|PMVG20=884.75
CMED;20260508;medicamento;575224070015704;;;MYRALIS INDUSTRIA FARMACEUTICA LTDA;PIOMI;45 MG COM CT BL AL AL X 30;CLORIDRATO DE PIOGLITAZONA;7898430195860;1146200480189;90590031;575224070015704;;N;;182.22;251.17;;;;CMED_ICMS17;20260508;20;PF0=151.24|PF12=171.86|PF18=184.44|PF19=186.72|PF20=189.05|PF21=191.44|PF22=193.9|PMC0=208.47|PMC12=236.89|PMC18=254.23|PMC19=257.37|PMC20=260.59|PMC21=263.88|PMC22=267.27|PMVG17=142.99|PMVG18=144.73|PMVG20=148.35
CMED;20260508;medicamento;575224070015804;;;MYRALIS INDUSTRIA FARMACEUTICA LTDA;PIOMI;45 MG COM CT BL AL AL X 60;CLORIDRATO DE PIOGLITAZONA;7898430195877;1146200480197;90590040;575224070015804;;N;;364.45;502.36;;;;CMED_ICMS17;20260508;20;PF0=302.49|PF12=343.74|PF18=368.89|PF19=373.44|PF20=378.11|PF21=382.9|PF22=387.81|PMC0=416.95|PMC12=473.81|PMC18=508.48|PMC19=514.75|PMC20=521.19|PMC21=527.79|PMC22=534.56|PMVG17=285.98|PMVG18=289.47|PMVG20=296.7
CMED;20260508;medicamento;575224070015904;;;MYRALIS INDUSTRIA FARMACEUTICA LTDA;PIOMI;30 MG COM CT BL AL AL X 60;CLORIDRATO DE PIOGLITAZONA;7898430195808;1146200480121;90589971;575224070015904;;N;;221.34;305.09;;;;CMED_ICMS17;20260508;20;PF0=183.71|PF12=208.76|PF18=224.04|PF19=226.8|PF20=229.64|PF21=232.54|PF22=235.53|PMC0=253.23|PMC12=287.75|PMC18=308.82|PMC19=312.62|PMC20=316.53|PMC21=320.53|PMC22=324.65|PMVG17=173.69|PMVG18=175.8|PMVG20=180.2
CMED;20260508;medicamento;575224070016004;;;MYRALIS INDUSTRIA FARMACEUTICA LTDA;PIOMI;30 MG COM CT BL AL AL X 90;CLORIDRATO DE PIOGLITAZONA;7898430195815;1146200480138;90589980;575224070016004;;N;;332.01;457.64;;;;CMED_ICMS17;20260508;20;PF0=275.57|PF12=313.15|PF18=336.06|PF19=340.21|PF20=344.46|PF21=348.82|PF22=353.29|PMC0=379.84|PMC12=431.64|PMC18=463.22|PMC19=468.94|PMC20=474.8|PMC21=480.81|PMC22=486.97|PMVG17=260.53|PMVG18=263.71|PMVG20=270.3
CMED;20260508;medicamento;575224070016104;;;MYRALIS INDUSTRIA FARMACEUTICA LTDA;PIOMI;30 MG COM CT BL AL AL X 120;CLORIDRATO DE PIOGLITAZONA;7898430195822;1146200480146;90589998;575224070016104;;N;;442.69;610.2;;;;CMED_ICMS17;20260508;20;PF0=367.43|PF12=417.53|PF18=448.09|PF19=453.62|PF20=459.29|PF21=465.1|PF22=471.06|PMC0=506.46|PMC12=575.52|PMC18=617.65|PMC19=625.27|PMC20=633.08|PMC21=641.09|PMC22=649.31|PMVG17=347.38|PMVG18=351.62|PMVG20=360.41
CMED;20260508;medicamento;575224070016204;;;MYRALIS INDUSTRIA FARMACEUTICA LTDA;PIOMI;45 MG COM CT BL AL AL X 10;CLORIDRATO DE PIOGLITAZONA;7898430195839;1146200480154;90590007;575224070016204;;N;;60.76;83.75;;;;CMED_ICMS17;20260508;20;PF0=50.43|PF12=57.31|PF18=61.5|PF19=62.26|PF20=63.04|PF21=63.84|PF22=64.65|PMC0=69.51|PMC12=79|PMC18=84.77|PMC19=85.82|PMC20=86.89|PMC21=88|PMC22=89.11|PMVG17=47.68|PMVG18=48.26|PMVG20=49.47
CMED;20260508;medicamento;575224070016304;;;MYRALIS INDUSTRIA FARMACEUTICA LTDA;PIOMI;45 MG COM CT BL AL AL X 15;CLORIDRATO DE PIOGLITAZONA;7898430195846;1146200480162;90590015;575224070016304;;N;;91.11;125.59;;;;CMED_ICMS17;20260508;20;PF0=75.62|PF12=85.93|PF18=92.22|PF19=93.36|PF20=94.53|PF21=95.72|PF22=96.95|PMC0=104.23|PMC12=118.45|PMC18=127.12|PMC19=128.69|PMC20=130.3|PMC21=131.94|PMC22=133.64|PMVG17=71.49|PMVG18=72.37|PMVG20=74.18
CMED;20260508;medicamento;575224070016404;;;MYRALIS INDUSTRIA FARMACEUTICA LTDA;PIOMI;45 MG COM CT BL AL AL X 20;CLORIDRATO DE PIOGLITAZONA;7898430195853;1146200480170;90590023;575224070016404;;N;;121.48;167.45;;;;CMED_ICMS17;20260508;20;PF0=100.83|PF12=114.58|PF18=122.96|PF19=124.48|PF20=126.04|PF21=127.63|PF22=129.27|PMC0=138.98|PMC12=157.94|PMC18=169.49|PMC19=171.58|PMC20=173.73|PMC21=175.92|PMC22=178.19|PMVG17=95.33|PMVG18=96.49|PMVG20=98.9
CMED;20260508;medicamento;575224070016504;;;MYRALIS INDUSTRIA FARMACEUTICA LTDA;PIOMI;45 MG COM CT BL AL ALX 90;CLORIDRATO DE PIOGLITAZONA;7898430195884;1146200480200;90590058;575224070016504;;N;;546.66;753.51;;;;CMED_ICMS17;20260508;20;PF0=453.73|PF12=515.6|PF18=553.33|PF19=560.16|PF20=567.16|PF21=574.34|PF22=581.71|PMC0=625.42|PMC12=710.7|PMC18=762.71|PMC19=772.12|PMC20=781.77|PMC21=791.67|PMC22=801.83|PMVG17=428.96|PMVG18=434.2|PMVG20=445.05
CMED;20260508;medicamento;575224070016604;;;MYRALIS INDUSTRIA FARMACEUTICA LTDA;PIOMI;45 MG COM CT BL AL AL X 120;CLORIDRATO DE PIOGLITAZONA;7898430195891;1146200480219;90590066;575224070016604;;N;;728.89;1004.7;;;;CMED_ICMS17;20260508;20;PF0=604.98|PF12=687.48|PF18=737.78|PF19=746.89|PF20=756.23|PF21=765.8|PF22=775.62|PMC0=833.9|PMC12=947.62|PMC18=1016.95|PMC19=1029.51|PMC20=1042.38|PMC21=1055.58|PMC22=1069.11|PMVG17=571.96|PMVG18=578.94|PMVG20=593.41
CMED;20260508;medicamento;575224070016704;;;MYRALIS INDUSTRIA FARMACEUTICA LTDA;PIOMI;30 MG COM CT BL AL AL X 30;CLORIDRATO DE PIOGLITAZONA;7898430195792;1146200480111;90589963;575224070016704;;N;;110.66;152.53;;;;CMED_ICMS17;20260508;20;PF0=91.85|PF12=104.38|PF18=112.01|PF19=113.4|PF20=114.81|PF21=116.27|PF22=117.76|PMC0=126.61|PMC12=143.88|PMC18=154.39|PMC19=156.31|PMC20=158.25|PMC21=160.27|PMC22=162.32|PMVG17=86.83|PMVG18=87.89|PMVG20=90.09
CMED;20260508;medicamento;575224070016804;;;MYRALIS INDUSTRIA FARMACEUTICA LTDA;PIOMI;15 MG COM CT BL AL AL X 10;CLORIDRATO DE PIOGLITAZONA;7898430195693;1146200480014;90589866;575224070016804;;N;;26;35.84;;;;CMED_ICMS17;20260508;20;PF0=21.58|PF12=24.52|PF18=26.32|PF19=26.64|PF20=26.98|PF21=27.32|PF22=27.67|PMC0=29.75|PMC12=33.8|PMC18=36.28|PMC19=36.72|PMC20=37.19|PMC21=37.66|PMC22=38.14|PMVG17=20.4|PMVG18=20.65|PMVG20=21.17
CMED;20260508;medicamento;575224070016904;;;MYRALIS INDUSTRIA FARMACEUTICA LTDA;PIOMI;15 MG COM CT BL AL AL X 15;CLORIDRATO DE PIOGLITAZONA;7898430195709;1146200480022;90589874;575224070016904;;N;;39.01;53.77;;;;CMED_ICMS17;20260508;20;PF0=32.38|PF12=36.8|PF18=39.49|PF19=39.98|PF20=40.48|PF21=40.99|PF22=41.51|PMC0=44.63|PMC12=50.72|PMC18=54.43|PMC19=55.11|PMC20=55.8|PMC21=56.5|PMC22=57.22|PMVG17=30.61|PMVG18=30.99|PMVG20=31.77
CMED;20260508;medicamento;575224070017004;;;MYRALIS INDUSTRIA FARMACEUTICA LTDA;PIOMI;15 MG COM CT BL AL AL X 20;CLORIDRATO DE PIOGLITAZONA;7898430195716;1146200480030;90589882;575224070017004;;N;;52.01;71.69;;;;CMED_ICMS17;20260508;20;PF0=43.17|PF12=49.06|PF18=52.65|PF19=53.3|PF20=53.96|PF21=54.65|PF22=55.35|PMC0=59.51|PMC12=67.62|PMC18=72.57|PMC19=73.47|PMC20=74.38|PMC21=75.33|PMC22=76.29|PMVG17=40.81|PMVG18=41.32|PMVG20=42.34
CMED;20260508;medicamento;575224070017104;;;MYRALIS INDUSTRIA FARMACEUTICA LTDA;PIOMI;15 MG COM CT BL AL AL X 30;CLORIDRATO DE PIOGLITAZONA;7898430195723;1146200480049;90589890;575224070017104;;N;;78.01;107.53;;;;CMED_ICMS17;20260508;20;PF0=64.75|PF12=73.58|PF18=78.96|PF19=79.94|PF20=80.94|PF21=81.96|PF22=83.01|PMC0=89.25|PMC12=101.42|PMC18=108.84|PMC19=110.19|PMC20=111.57|PMC21=112.97|PMC22=114.42|PMVG17=61.21|PMVG18=61.96|PMVG20=63.51
CMED;20260508;medicamento;575224070017204;;;MYRALIS INDUSTRIA FARMACEUTICA LTDA;PIOMI;15 MG COM CT BL AL AL X 60;CLORIDRATO DE PIOGLITAZONA;7898430195730;1146200480057;90589904;575224070017204;;N;;153.49;211.57;;;;CMED_ICMS17;20260508;20;PF0=127.4|PF12=144.77|PF18=155.37|PF19=157.28|PF20=159.25|PF21=161.27|PF22=163.33|PMC0=175.61|PMC12=199.55|PMC18=214.16|PMC19=216.79|PMC20=219.51|PMC21=222.29|PMC22=225.13|PMVG17=120.44|PMVG18=121.92|PMVG20=124.96
CMED;20260508;medicamento;575224070017304;;;MYRALIS INDUSTRIA FARMACEUTICA LTDA;PIOMI;15 MG COM CT BL AL AL X 90;CLORIDRATO DE PIOGLITAZONA;7898430195747;1146200480065;90589912;575224070017304;;N;;234.04;322.6;;;;CMED_ICMS17;20260508;20;PF0=194.25|PF12=220.74|PF18=236.89|PF19=239.81|PF20=242.81|PF21=245.89|PF22=249.04|PMC0=267.75|PMC12=304.27|PMC18=326.53|PMC19=330.55|PMC20=334.69|PMC21=338.93|PMC22=343.28|PMVG17=183.65|PMVG18=185.89|PMVG20=190.53
CMED;20260508;medicamento;575224070017404;;;MYRALIS INDUSTRIA FARMACEUTICA LTDA;PIOMI;15 MG COM CT BL AL AL X 120;CLORIDRATO DE PIOGLITAZONA;7898430195754;1146200480073;90589920;575224070017404;;N;;312.05;430.13;;;;CMED_ICMS17;20260508;20;PF0=259|PF12=294.32|PF18=315.85|PF19=319.75|PF20=323.75|PF21=327.85|PF22=332.05|PMC0=357|PMC12=405.69|PMC18=435.37|PMC19=440.74|PMC20=446.26|PMC21=451.91|PMC22=457.7|PMVG17=244.87|PMVG18=247.85|PMVG20=254.05
CMED;20260508;medicamento;575224070017504;;;MYRALIS INDUSTRIA FARMACEUTICA LTDA;PIOMI;30 MG COM CT BL AL AL X 10;CLORIDRATO DE PIOGLITAZONA;7898430195761;1146200480081;90589939;575224070017504;;N;;34.7;47.83;;;;CMED_ICMS17;20260508;20;PF0=28.8|PF12=32.73|PF18=35.12|PF19=35.56|PF20=36|PF21=36.46|PF22=36.92|PMC0=39.7|PMC12=45.11|PMC18=48.41|PMC19=49.02|PMC20=49.62|PMC21=50.26|PMC22=50.89|PMVG17=27.23|PMVG18=27.56|PMVG20=28.25
CMED;20260508;medicamento;575224070017604;;;MYRALIS INDUSTRIA FARMACEUTICA LTDA;PIOMI;30 MG COM CT BL AL AL X 15;CLORIDRATO DE PIOGLITAZONA;7898430195778;1146200480091;90589947;575224070017604;;N;;52.04;71.73;;;;CMED_ICMS17;20260508;20;PF0=43.19|PF12=49.08|PF18=52.67|PF19=53.32|PF20=53.99|PF21=54.67|PF22=55.37|PMC0=59.53|PMC12=67.65|PMC18=72.6|PMC19=73.5|PMC20=74.42|PMC21=75.36|PMC22=76.32|PMVG17=40.84|PMVG18=41.33|PMVG20=42.37
CMED;20260508;medicamento;575224070017704;;;MYRALIS INDUSTRIA FARMACEUTICA LTDA;PIOMI;30 MG COM CT BL AL AL X 20;CLORIDRATO DE PIOGLITAZONA;7898430195785;1146200480103;90589955;575224070017704;;N;;69.39;95.65;;;;CMED_ICMS17;20260508;20;PF0=57.59|PF12=65.44|PF18=70.23|PF19=71.1|PF20=71.99|PF21=72.9|PF22=73.83|PMC0=79.38|PMC12=90.2|PMC18=96.8|PMC19=98|PMC20=99.23|PMC21=100.49|PMC22=101.77|PMVG17=54.45|PMVG18=55.11|PMVG20=56.49
CMED;20260508;medicamento;503405001173414;;;BELFAR LTDA;PIOSAN;0,01 G/ML LOC CT FR PLAS OPC X 60 ML;PERMETRINA;7897917000123;1057100350010;90023145;503405001173414;;N;;20.19;27.08;;;;CMED_ICMS17;20260508;20;PF0=16.76|PF12=19.05|PF18=20.44|PF19=20.69|PF20=20.95|PF21=21.22|PF22=21.49|PMC0=22.48|PMC12=25.55|PMC18=27.42|PMC19=27.75|PMC20=28.1|PMC21=28.47|PMC22=28.83|PMVG17=15.84|PMVG18=16.04|PMVG20=16.44
CMED;20260508;medicamento;526120070117107;;;GERMED FARMACEUTICA LTDA;PIOTAZ;15 MG COM CT FR PLAS OPC X 10;CLORIDRATO DE PIOGLITAZONA;7896004772943;1058309740018;90468333;526120070117107;;N;;26.01;35.85;;;;CMED_ICMS17;20260508;20;PF0=21.59|PF12=24.53|PF18=26.33|PF19=26.65|PF20=26.99|PF21=27.33|PF22=27.68|PMC0=29.76|PMC12=33.81|PMC18=36.29|PMC19=36.73|PMC20=37.2|PMC21=37.67|PMC22=38.15|PMVG17=20.41|PMVG18=20.66|PMVG20=21.18
CMED;20260508;medicamento;526120070117207;;;GERMED FARMACEUTICA LTDA;PIOTAZ;15 MG COM CT FR PLAS OPC X 15;CLORIDRATO DE PIOGLITAZONA;7896004732312;1058309740026;90468341;526120070117207;;N;;39;53.76;;;;CMED_ICMS17;20260508;20;PF0=32.37|PF12=36.78|PF18=39.48|PF19=39.96|PF20=40.46|PF21=40.97|PF22=41.5|PMC0=44.62|PMC12=50.7|PMC18=54.42|PMC19=55.08|PMC20=55.77|PMC21=56.47|PMC22=57.2|PMVG17=30.6|PMVG18=30.98|PMVG20=31.75
CMED;20260508;medicamento;526120070117307;;;GERMED FARMACEUTICA LTDA;PIOTAZ;15 MG COM CT FR PLAS OPC X 20;CLORIDRATO DE PIOGLITAZONA;7896004772950;1058309740034;90468350;526120070117307;;N;;52.02;71.7;;;;CMED_ICMS17;20260508;20;PF0=43.18|PF12=49.07|PF18=52.66|PF19=53.31|PF20=53.98|PF21=54.66|PF22=55.36|PMC0=59.52|PMC12=67.64|PMC18=72.59|PMC19=73.48|PMC20=74.41|PMC21=75.34|PMC22=76.31|PMVG17=40.82|PMVG18=41.32|PMVG20=42.36
CMED;20260508;medicamento;526120070117407;;;GERMED FARMACEUTICA LTDA;PIOTAZ;15 MG COM CT FR PLAS OPC X 120;CLORIDRATO DE PIOGLITAZONA;7896004773070;1058309740085;90468368;526120070117407;;N;;34.69;47.82;;;;CMED_ICMS17;20260508;20;PF0=28.79|PF12=32.72|PF18=35.11|PF19=35.54|PF20=35.99|PF21=36.44|PF22=36.91|PMC0=39.68|PMC12=45.1|PMC18=48.4|PMC19=48.99|PMC20=49.61|PMC21=50.23|PMC22=50.88|PMVG17=27.22|PMVG18=27.55|PMVG20=28.24
CMED;20260508;medicamento;526120070117507;;;GERMED FARMACEUTICA LTDA;PIOTAZ;30 MG COM CT FR PLAS OPC X 10;CLORIDRATO DE PIOGLITAZONA;7896004732336;1058309740093;90468376;526120070117507;;N;;52.04;71.73;;;;CMED_ICMS17;20260508;20;PF0=43.19|PF12=49.08|PF18=52.67|PF19=53.32|PF20=53.99|PF21=54.67|PF22=55.37|PMC0=59.53|PMC12=67.65|PMC18=72.6|PMC19=73.5|PMC20=74.42|PMC21=75.36|PMC22=76.32|PMVG17=40.84|PMVG18=41.33|PMVG20=42.37
CMED;20260508;medicamento;526120070117607;;;GERMED FARMACEUTICA LTDA;PIOTAZ;30 MG COM CT FR PLAS OPC X 15;CLORIDRATO DE PIOGLITAZONA;7896004772967;1058309740107;90468384;526120070117607;;N;;69.39;95.65;;;;CMED_ICMS17;20260508;20;PF0=57.59|PF12=65.44|PF18=70.23|PF19=71.1|PF20=71.99|PF21=72.9|PF22=73.83|PMC0=79.38|PMC12=90.2|PMC18=96.8|PMC19=98|PMC20=99.23|PMC21=100.49|PMC22=101.77|PMVG17=54.45|PMVG18=55.11|PMVG20=56.49
CMED;20260508;medicamento;526120090122007;;;GERMED FARMACEUTICA LTDA;PIOTAZ;15 MG COM CT FR PLAS OPC X 30;CLORIDRATO DE PIOGLITAZONA;7896004739038;1058309740042;90481658;526120090122007;;N;;289.48;399.02;;;;CMED_ICMS17;20260508;20;PF0=240.27|PF12=273.03|PF18=293.01|PF19=296.63|PF20=300.34|PF21=304.14|PF22=308.04|PMC0=331.19|PMC12=376.34|PMC18=403.88|PMC19=408.87|PMC20=413.99|PMC21=419.23|PMC22=424.6|PMVG17=227.15|PMVG18=229.92|PMVG20=235.68
CMED;20260508;medicamento;526120090122107;;;GERMED FARMACEUTICA LTDA;PIOTAZ;30 MG COM CT FR PLAS OPC X 20;CLORIDRATO DE PIOGLITAZONA;7896004739021;1058309740115;90481666;526120090122107;;N;;357.19;492.35;;;;CMED_ICMS17;20260508;20;PF0=296.47|PF12=336.9|PF18=361.55|PF19=366.01|PF20=370.59|PF21=375.28|PF22=380.09|PMC0=408.65|PMC12=464.38|PMC18=498.36|PMC19=504.51|PMC20=510.82|PMC21=517.28|PMC22=523.91|PMVG17=280.29|PMVG18=283.71|PMVG20=290.8
CMED;20260508;medicamento;526124070179903;;;GERMED FARMACEUTICA LTDA;PIOTAZ;30 MG COM CT FR PLAS OPC X 30;CLORIDRATO DE PIOGLITAZONA;7896004821542;1058309740123;90589858;526124070179903;;N;;208.12;286.87;;;;CMED_ICMS17;20260508;20;PF0=172.74|PF12=196.3|PF18=210.66|PF19=213.26|PF20=215.93|PF21=218.66|PF22=221.46|PMC0=238.1|PMC12=270.58|PMC18=290.37|PMC19=293.96|PMC20=297.64|PMC21=301.4|PMC22=305.26|PMVG17=163.31|PMVG18=165.31|PMVG20=169.44
CMED;20260508;medicamento;511522010075306;;;SANDOZ DO BRASIL INDÚSTRIA FARMACÊUTICA LTDA;PIPERACICLINA SÓDICA + TAZOBACTAM SÓDICO;2 G + 250 MG PO LIOF SOL INJ IV CT 10 FA VD TRANS;"TAZOBACTAM SÓDICO;PIPERACILINA SÓDICA";7897595634092;1004706210024;90527704;511522010075306;S;N;;932.31;1285.09;;;;CMED_ICMS17;20260508;20;PF0=773.82|PF12=879.34|PF18=943.68|PF19=955.33|PF20=967.28|PF21=979.52|PF22=992.08|PMC0=1066.63|PMC12=1212.08|PMC18=1300.76|PMC19=1316.82|PMC20=1333.29|PMC21=1350.17|PMC22=1367.48|PMVG17=731.58|PMVG18=740.51|PMVG20=759.03
CMED;20260508;medicamento;511522010075406;;;SANDOZ DO BRASIL INDÚSTRIA FARMACÊUTICA LTDA;PIPERACICLINA SÓDICA + TAZOBACTAM SÓDICO;4 G + 500 MG PO LIOF SOL INJ IV CT 10 FA VD TRANS;"TAZOBACTAM SÓDICO;PIPERACILINA SÓDICA";7897595634115;1004706210040;90527712;511522010075406;S;N;;1421.28;1959.09;;;;CMED_ICMS17;20260508;20;PF0=1179.66|PF12=1340.52|PF18=1438.61|PF19=1456.37|PF20=1474.58|PF21=1493.24|PF22=1512.38|PMC0=1626.04|PMC12=1847.77|PMC18=1982.97|PMC19=2007.45|PMC20=2032.55|PMC21=2058.28|PMC22=2084.66|PMVG17=1115.28|PMVG18=1128.88|PMVG20=1157.1
CMED;20260508;medicamento;508012405156117;;;EUROFARMA LABORATORIOS S.A.;PIPERACILINA SÓDICA + TAZOBACTAM SÓDICO;2 G + 250 MG PO SOL INJ IV CT 10 FA VD TRANS;"TAZOBACTAM SÓDICO;PIPERACILINA SÓDICA";7891317009151;1004308100024;90071239;508012405156117;S;S;;943.11;;;;;CMED_ICMS17;20260508;20;PF0=782.78|PF12=889.52|PF18=954.61|PF19=966.4|PF20=978.48|PF21=990.86|PF22=1003.56|PMVG17=740.06|PMVG18=749.08|PMVG20=767.81
CMED;20260508;medicamento;508012406152115;;;EUROFARMA LABORATORIOS S.A.;PIPERACILINA SÓDICA + TAZOBACTAM SÓDICO;4 G + 500 MG PO SOL INJ IV CT 10 FA VD TRANS;"TAZOBACTAM SÓDICO;PIPERACILINA SÓDICA";7891317004774;1004308100059;90071247;508012406152115;S;S;;1506.37;;;;;CMED_ICMS17;20260508;20;PF0=1250.29|PF12=1420.78|PF18=1524.74|PF19=1543.57|PF20=1562.86|PF21=1582.65|PF22=1602.94|PMVG17=1182.05|PMVG18=1196.46|PMVG20=1226.38
CMED;20260508;medicamento;509521070034517;;;FRESENIUS KABI BRASIL LTDA;PIPERACILINA SÓDICA + TAZOBACTAM SÓDICO;(4,0 + 0,5) G PO SOL INFUS IV CX 25 FA VD TRANS;"TAZOBACTAM SÓDICO;PIPERACILINA SÓDICA";7899498608354;1004101760025;90511727;509521070034517;S;S;;3488.89;;;;;CMED_ICMS17;20260508;20;PF0=2895.78|PF12=3290.66|PF18=3531.44|PF19=3575.04|PF20=3619.73|PF21=3665.54|PF22=3712.54|PMVG17=2737.73|PMVG18=2771.12|PMVG20=2840.4
CMED;20260508;medicamento;541512060002616;;;VIATRIS FARMACEUTICA DO BRASIL LTDA;PIPERACILINA SÓDICA + TAZOBACTAM SÓDICO;2 G + 250 MG PO SOL INJ IV CT 10 FA VD TRANS X 30 ML;"TAZOBACTAM SÓDICO;PIPERACILINA SÓDICA";7898560660542;1883000020027;90249917;541512060002616;S;S;;804.26;;;;;CMED_ICMS17;20260508;20;PF0=667.54|PF12=758.57|PF18=814.07|PF19=824.12|PF20=834.43|PF21=844.99|PF22=855.82|PMVG17=631.1|PMVG18=638.8|PMVG20=654.78
CMED;20260508;medicamento;541512060002716;;;VIATRIS FARMACEUTICA DO BRASIL LTDA;PIPERACILINA SÓDICA + TAZOBACTAM SÓDICO;4 G + 500 MG PO SOL INJ IV CT 10 FA VD TRANS X 50 ML;"TAZOBACTAM SÓDICO;PIPERACILINA SÓDICA";7898560660559;1883000020043;90249925;541512060002716;S;S;;1284.65;;;;;CMED_ICMS17;20260508;20;PF0=1066.26|PF12=1211.66|PF18=1300.32|PF19=1316.37|PF20=1332.83|PF21=1349.7|PF22=1367|PMVG17=1008.06|PMVG18=1020.36|PMVG20=1045.87
CMED;20260508;medicamento;612823110001917;;;EUGIA PHARMA INDUSTRIA FARMACEUTICA LTDA;PIPERACILINA SÓDICA + TAZOBACTAM SÓDICO;4G + 0,5G PO SOL INJ IV CT 10 FA VD TRANS;"TAZOBACTAM SÓDICO;PIPERACILINA SÓDICA";7898739420175;1742000110073;90574770;612823110001917;S;N;;1541.31;2124.54;;;;CMED_ICMS17;20260508;20;PF0=1279.29|PF12=1453.74|PF18=1560.11|PF19=1579.37|PF20=1599.11|PF21=1619.35|PF22=1640.12|PMC0=1763.37|PMC12=2003.83|PMC18=2150.45|PMC19=2177|PMC20=2204.21|PMC21=2232.11|PMC22=2260.73|PMVG17=1209.47|PMVG18=1224.22|PMVG20=1254.82
CMED;20260508;medicamento;612823110002017;;;EUGIA PHARMA INDUSTRIA FARMACEUTICA LTDA;PIPERACILINA SÓDICA + TAZOBACTAM SÓDICO;2G + 0,25G PO SOL INJ IV CT 10 FA VD TRANS;"TAZOBACTAM SÓDICO;PIPERACILINA SÓDICA";7898739420137;1742000110030;90574761;612823110002017;S;N;;923.55;1273.02;;;;CMED_ICMS17;20260508;20;PF0=766.55|PF12=871.08|PF18=934.82|PF19=946.36|PF20=958.19|PF21=970.32|PF22=982.76|PMC0=1056.61|PMC12=1200.69|PMC18=1288.55|PMC19=1304.46|PMC20=1320.77|PMC21=1337.49|PMC22=1354.63|PMVG17=724.71|PMVG18=733.55|PMVG20=751.89
CMED;20260508;medicamento;501312090017706;;;ANTIBIÓTICOS DO BRASIL LTDA;PIPERACILINA SÓDICA+TAZOBACTAM SÓDICO;4 G+ 0,5 G PO SOL INJ CT 10 FA VD TRANS;PIPERACILINA SÓDICA;7898924600924;1556200340071;90282302;501312090017706;S;N;;1541.28;2124.49;;;;CMED_ICMS17;20260508;20;PF0=1279.26|PF12=1453.71|PF18=1560.07|PF19=1579.33|PF20=1599.08|PF21=1619.32|PF22=1640.08|PMC0=1763.33|PMC12=2003.79|PMC18=2150.39|PMC19=2176.94|PMC20=2204.17|PMC21=2232.06|PMC22=2260.68|PMVG17=1209.44|PMVG18=1224.19|PMVG20=1254.8
CMED;20260508;medicamento;501312090018206;;;ANTIBIÓTICOS DO BRASIL LTDA;PIPERACILINA SÓDICA+TAZOBACTAM SÓDICO;2 G+ 0,25 G PO SOL INJ CT 10 FA VD TRANS;PIPERACILINA SÓDICA;7898924600887;1556200340029;90282256;501312090018206;S;N;;962.3;1326.43;;;;CMED_ICMS17;20260508;20;PF0=798.71|PF12=907.63|PF18=974.04|PF19=986.06|PF20=998.39|PF21=1011.03|PF22=1023.99|PMC0=1100.94|PMC12=1251.07|PMC18=1342.61|PMC19=1359.18|PMC20=1376.18|PMC21=1393.6|PMC22=1411.46|PMVG17=755.12|PMVG18=764.33|PMVG20=783.44
CMED;20260508;medicamento;504422110076017;;;BLAU FARMACEUTICA S.A.;PIPERAZAM;4 G + 500 MG PO LIOF INJ CT FA VD AMB X 50 ML;"PIPERACILINA SÓDICA;TAZOBACTAM";7896014680450;1163701840013;90554930;504422110076017;;S;;144.34;;;;;CMED_ICMS17;20260508;20;PF0=119.8|PF12=136.14|PF18=146.1|PF19=147.9|PF20=149.75|PF21=151.65|PF22=153.59|PMVG17=113.26|PMVG18=114.65|PMVG20=117.51
CMED;20260508;medicamento;504422110076117;;;BLAU FARMACEUTICA S.A.;PIPERAZAM;4 G + 500 MG PO LIOF INJ CT 25 FA VD AMB X 50 ML;"PIPERACILINA SÓDICA;TAZOBACTAM";7896014680467;1163701840021;90554949;504422110076117;;S;;3432.1;;;;;CMED_ICMS17;20260508;20;PF0=2848.64|PF12=3237.09|PF18=3473.95|PF19=3516.84|PF20=3560.8|PF21=3605.87|PF22=3652.1|PMVG17=2693.17|PMVG18=2726.01|PMVG20=2794.16
CMED;20260508;medicamento;520724030119204;;;LABORATORIO TEUTO BRASILEIRO S/A;PIPTA;(2000 + 250) MG PO SOL INJ IV CT 10 FA VD TRANS;"TAZOBACTAM SÓDICO;PIPERACILINA SÓDICA";7896112105367;1037007880027;90580257;520724030119204;;S;;1192.84;;;;;CMED_ICMS17;20260508;20;PF0=990.06|PF12=1125.07|PF18=1207.39|PF19=1222.3|PF20=1237.58|PF21=1253.24|PF22=1269.31|PMVG17=936.02|PMVG18=947.44|PMVG20=971.13
CMED;20260508;medicamento;520724030119304;;;LABORATORIO TEUTO BRASILEIRO S/A;PIPTA;(4000 + 500) MG PO SOL INJ IV CT 10 FA VD TRANS;"TAZOBACTAM SÓDICO;PIPERACILINA SÓDICA";7896112105374;1037007880078;90580265;520724030119304;;S;;1735.92;;;;;CMED_ICMS17;20260508;20;PF0=1440.81|PF12=1637.28|PF18=1757.09|PF19=1778.78|PF20=1801.01|PF21=1823.81|PF22=1847.19|PMVG17=1362.18|PMVG18=1378.79|PMVG20=1413.25
CMED;20260508;medicamento;526520020094607;;;NOVARTIS BIOCIENCIAS S.A;PIQRAY;200 MG + 50 MG COM REV CT BL AL PLAS PVC/PCTFE TRANS X 56;ALPELISIBE;7896261021679;1006811650035;90446097;526520020094607;;N;;24588.75;32984.93;;;;CMED_ICMS17;20260508;20;PF0=20408.67|PF12=23191.68|PF18=24888.62|PF19=25195.89|PF20=25510.84|PF21=25833.76|PF22=26164.96|PMC0=27377.5|PMC12=31110.81|PMC18=33387.2|PMC19=33799.39|PMC20=34221.88|PMC21=34655.07|PMC22=35099.36|PMVG17=19294.79|PMVG18=19530.1|PMVG20=20018.36
CMED;20260508;medicamento;526520020094707;;;NOVARTIS BIOCIENCIAS S.A;PIQRAY;150 MG COM REV CT BL AL PLAS PVC/PCTFE TRANS X 56;ALPELISIBE;7896261021662;1006811650019;90446186;526520020094707;;N;;24588.75;32984.93;;;;CMED_ICMS17;20260508;20;PF0=20408.67|PF12=23191.68|PF18=24888.62|PF19=25195.89|PF20=25510.84|PF21=25833.76|PF22=26164.96|PMC0=27377.5|PMC12=31110.81|PMC18=33387.2|PMC19=33799.39|PMC20=34221.88|PMC21=34655.07|PMC22=35099.36|PMVG17=19294.79|PMVG18=19530.1|PMVG20=20018.36
CMED;20260508;medicamento;526520020094807;;;NOVARTIS BIOCIENCIAS S.A;PIQRAY;200 MG COM REV CT BL AL PLAS PVC/PCTFE TRANS X 28;ALPELISIBE;7896261021686;1006811650027;90446194;526520020094807;;N;;24588.75;32984.93;;;;CMED_ICMS17;20260508;20;PF0=20408.67|PF12=23191.68|PF18=24888.62|PF19=25195.89|PF20=25510.84|PF21=25833.76|PF22=26164.96|PMC0=27377.5|PMC12=31110.81|PMC18=33387.2|PMC19=33799.39|PMC20=34221.88|PMC21=34655.07|PMC22=35099.36|PMVG17=19294.79|PMVG18=19530.1|PMVG20=20018.36
CMED;20260508;medicamento;526520020094907;;;NOVARTIS BIOCIENCIAS S.A;PIQRAY;150 MG COM REV CT BL AL PLAS PVC/PCTFE TRANS X 28;ALPELISIBE;7896261021747;1006811650043;90446208;526520020094907;;N;;12294.38;16492.47;;;;CMED_ICMS17;20260508;20;PF0=10204.34|PF12=11595.84|PF18=12444.32|PF19=12597.95|PF20=12755.43|PF21=12916.89|PF22=13082.48|PMC0=13688.76|PMC12=15555.41|PMC18=16693.61|PMC19=16899.7|PMC20=17110.96|PMC21=17327.55|PMC22=17549.68|PMVG17=9647.4|PMVG18=9765.06|PMVG20=10009.19
CMED;20260508;medicamento;526520020095007;;;NOVARTIS BIOCIENCIAS S.A;PIQRAY;200 MG + 50MG COM REV CT BL AL PLAS PVC/PCTFE TRANS X 28;ALPELISIBE;7896261021754;1006811650061;90446216;526520020095007;;N;;12294.38;16492.47;;;;CMED_ICMS17;20260508;20;PF0=10204.34|PF12=11595.84|PF18=12444.32|PF19=12597.95|PF20=12755.43|PF21=12916.89|PF22=13082.48|PMC0=13688.76|PMC12=15555.41|PMC18=16693.61|PMC19=16899.7|PMC20=17110.96|PMC21=17327.55|PMC22=17549.68|PMVG17=9647.4|PMVG18=9765.06|PMVG20=10009.19
CMED;20260508;medicamento;511525060084306;;;SANDOZ DO BRASIL INDÚSTRIA FARMACÊUTICA LTDA;PIRFENIDONA;267 MG CAP DURA CT FR PLAS PEAD OPC X 270;PIRFENIDONA;7897595639622;1004706490019;90609387;511525060084306;S;N;;9306.42;12827.93;;;;CMED_ICMS17;20260508;20;PF0=7724.33|PF12=8777.65|PF18=9419.91|PF19=9536.21|PF20=9655.41|PF21=9777.63|PF22=9902.99|PMC0=10647.18|PMC12=12099.08|PMC18=12984.36|PMC19=13144.67|PMC20=13308.98|PMC21=13477.44|PMC22=13650.24|PMVG17=7302.75|PMVG18=7391.8|PMVG20=7576.6
CMED;20260508;medicamento;504614110025417;;;BRAINFARMA INDÚSTRIA QUÍMICA E FARMACÊUTICA S.A;PIROXICAM;20 MG CAP DURA CT BL AL PLAS TRANS X 10;PIROXICAM;7896714215013;1558400930039;90300858;504614110025417;S;N;;17.61;24.27;;;;CMED_ICMS17;20260508;20;PF0=14.62|PF12=16.61|PF18=17.83|PF19=18.05|PF20=18.28|PF21=18.51|PF22=18.74|PMC0=20.15|PMC12=22.9|PMC18=24.58|PMC19=24.88|PMC20=25.2|PMC21=25.51|PMC22=25.83|PMVG17=13.82|PMVG18=13.99|PMVG20=14.35
CMED;20260508;medicamento;504614110025517;;;BRAINFARMA INDÚSTRIA QUÍMICA E FARMACÊUTICA S.A;PIROXICAM;20 MG CAP DURA CT BL AL PLAS TRANS X 15;PIROXICAM;7896714209456;1558400930012;90300866;504614110025517;S;N;;27.6;38.04;;;;CMED_ICMS17;20260508;20;PF0=22.91|PF12=26.03|PF18=27.94|PF19=28.28|PF20=28.64|PF21=29|PF22=29.37|PMC0=31.58|PMC12=35.88|PMC18=38.51|PMC19=38.98|PMC20=39.48|PMC21=39.97|PMC22=40.48|PMVG17=21.66|PMVG18=21.92|PMVG20=22.47
CMED;20260508;medicamento;507720201119116;;;EMS S/A;PIROXICAM;20 MG CAP GEL DURA CT BL AL PLAS INC X 10;PIROXICAM;7896004705088;1023504680018;90058720;507720201119116;S;N;;18.12;24.98;;;;CMED_ICMS17;20260508;20;PF0=15.04|PF12=17.09|PF18=18.34|PF19=18.57|PF20=18.8|PF21=19.04|PF22=19.28|PMC0=20.73|PMC12=23.56|PMC18=25.28|PMC19=25.6|PMC20=25.91|PMC21=26.24|PMC22=26.58|PMVG17=14.22|PMVG18=14.39|PMVG20=14.75
CMED;20260508;medicamento;507720202115114;;;EMS S/A;PIROXICAM;20 MG CAP GEL DURA CT BL AL PLAS INC X 15;PIROXICAM;7896004705071;1023504680026;90058739;507720202115114;S;N;;27.86;38.4;;;;CMED_ICMS17;20260508;20;PF0=23.12|PF12=26.27|PF18=28.2|PF19=28.54|PF20=28.9|PF21=29.27|PF22=29.64|PMC0=31.87|PMC12=36.21|PMC18=38.87|PMC19=39.34|PMC20=39.84|PMC21=40.35|PMC22=40.86|PMVG17=21.86|PMVG18=22.13|PMVG20=22.68
CMED;20260508;medicamento;526113701115112;;;GERMED FARMACEUTICA LTDA;PIROXICAM;20 MG CAP GEL DURA CT BL AL PLAS INC X 10;PIROXICAM;7896004708454;1058308680011;90427220;526113701115112;S;N;;17.37;23.94;;;;CMED_ICMS17;20260508;20;PF0=14.42|PF12=16.39|PF18=17.59|PF19=17.8|PF20=18.03|PF21=18.25|PF22=18.49|PMC0=19.88|PMC12=22.59|PMC18=24.25|PMC19=24.54|PMC20=24.85|PMC21=25.16|PMC22=25.49|PMVG17=13.63|PMVG18=13.8|PMVG20=14.15
CMED;20260508;medicamento;526113702111110;;;GERMED FARMACEUTICA LTDA;PIROXICAM;20 MG CAP GEL DURA CT BL AL PLAS INC X 15;PIROXICAM;7896004708461;1058308680021;90427238;526113702111110;S;N;;24.55;33.84;;;;CMED_ICMS17;20260508;20;PF0=20.38|PF12=23.16|PF18=24.85|PF19=25.16|PF20=25.48|PF21=25.8|PF22=26.13|PMC0=28.09|PMC12=31.92|PMC18=34.25|PMC19=34.68|PMC20=35.12|PMC21=35.56|PMC22=36.02|PMVG17=19.26|PMVG18=19.5|PMVG20=20
CMED;20260508;medicamento;527916030027006;;;PHARLAB INDÚSTRIA FARMACÊUTICA S.A.;PIROXICAM;20 MG CAP DURA CT BL AL PLAS TRANS X 15;PIROXICAM;7898216367290;1410701060016;90342917;527916030027006;S;N;;13.76;18.97;;;;CMED_ICMS17;20260508;20;PF0=11.42|PF12=12.98|PF18=13.93|PF19=14.1|PF20=14.28|PF21=14.46|PF22=14.64|PMC0=15.74|PMC12=17.89|PMC18=19.2|PMC19=19.44|PMC20=19.68|PMC21=19.93|PMC22=20.18|PMVG17=10.8|PMVG18=10.93|PMVG20=11.21
CMED;20260508;medicamento;527920070037307;;;PHARLAB INDÚSTRIA FARMACÊUTICA S.A.;PIROXICAM;20 MG CAP DURA CT BL AL PLAS TRANS X 10;PIROXICAM;7898216362189;1410701060032;90475941;527920070037307;S;N;;9.19;12.67;;;;CMED_ICMS17;20260508;20;PF0=7.63|PF12=8.67|PF18=9.3|PF19=9.42|PF20=9.54|PF21=9.66|PF22=9.78|PMC0=10.52|PMC12=11.95|PMC18=12.82|PMC19=12.98|PMC20=13.15|PMC21=13.32|PMC22=13.48|PMVG17=7.21|PMVG18=7.3|PMVG20=7.49
CMED;20260508;medicamento;508016050110904;;;EUROFARMA LABORATORIOS S.A.;PISA;1,50MG COM LIB PROL CT BL AL AL X 30;DICLORIDRATO DE PRAMIPEXOL;7891317134068;1004311740081;90349296;508016050110904;;N;;268.02;369.44;;;;CMED_ICMS17;20260508;20;PF0=222.46|PF12=252.8|PF18=271.29|PF19=274.64|PF20=278.08|PF21=281.59|PF22=285.21|PMC0=306.64|PMC12=348.46|PMC18=373.95|PMC19=378.56|PMC20=383.3|PMC21=388.14|PMC22=393.13|PMVG17=210.32|PMVG18=212.88|PMVG20=218.21
CMED;20260508;medicamento;508016050111004;;;EUROFARMA LABORATORIOS S.A.;PISA;0,750MG COM LIB PROL CT BL AL AL X 30;DICLORIDRATO DE PRAMIPEXOL;7891317134006;1004311740055;90349300;508016050111004;;N;;134;184.71;;;;CMED_ICMS17;20260508;20;PF0=111.22|PF12=126.39|PF18=135.63|PF19=137.31|PF20=139.03|PF21=140.78|PF22=142.59|PMC0=153.31|PMC12=174.22|PMC18=186.95|PMC19=189.27|PMC20=191.64|PMC21=194.05|PMC22=196.55|PMVG17=105.15|PMVG18=106.43|PMVG20=109.1
CMED;20260508;medicamento;508016050111104;;;EUROFARMA LABORATORIOS S.A.;PISA;0,750MG COM LIB PROL CT BL AL AL X 10;DICLORIDRATO DE PRAMIPEXOL;7891317133979;1004311740047;90349318;508016050111104;;N;;44.64;61.53;;;;CMED_ICMS17;20260508;20;PF0=37.05|PF12=42.1|PF18=45.18|PF19=45.74|PF20=46.31|PF21=46.9|PF22=47.5|PMC0=51.07|PMC12=58.03|PMC18=62.28|PMC19=63.05|PMC20=63.83|PMC21=64.65|PMC22=65.47|PMVG17=35.03|PMVG18=35.45|PMVG20=36.34
CMED;20260508;medicamento;508016050111204;;;EUROFARMA LABORATORIOS S.A.;PISA;0,375MG COM LIB PROL CT BL AL AL X 30;DICLORIDRATO DE PRAMIPEXOL;7891317133948;1004311740020;90349326;508016050111204;;N;;71.54;98.61;;;;CMED_ICMS17;20260508;20;PF0=59.38|PF12=67.48|PF18=72.41|PF19=73.31|PF20=74.23|PF21=75.16|PF22=76.13|PMC0=81.85|PMC12=93.01|PMC18=99.81|PMC19=101.05|PMC20=102.32|PMC21=103.6|PMC22=104.94|PMVG17=56.14|PMVG18=56.82|PMVG20=58.25
CMED;20260508;medicamento;504122080079906;;;BIOLAB SANUS FARMACEUTICA LTDA;PITAVASTATINA CÁLCICA;2 MG COM REV CT BL AL AL X 30;PITAVASTATINA CÁLCICA;7896112405818;1097403550023;90547004;504122080079906;S;N;;84.17;112.91;;;;CMED_ICMS17;20260508;20;PF0=69.86|PF12=79.39|PF18=85.2|PF19=86.25|PF20=87.33|PF21=88.43|PF22=89.56|PMC0=93.71|PMC12=106.5|PMC18=114.29|PMC19=115.7|PMC20=117.15|PMC21=118.63|PMC22=120.14|PMVG17=66.05|PMVG18=66.86|PMVG20=68.53
CMED;20260508;medicamento;504122080080006;;;BIOLAB SANUS FARMACEUTICA LTDA;PITAVASTATINA CÁLCICA;2 MG COM REV CT BL AL AL X 60;PITAVASTATINA CÁLCICA;7896112405825;1097403550031;90547012;504122080080006;S;N;;168.36;225.85;;;;CMED_ICMS17;20260508;20;PF0=139.74|PF12=158.8|PF18=170.41|PF19=172.52|PF20=174.68|PF21=176.89|PF22=179.15|PMC0=187.46|PMC12=213.02|PMC18=228.6|PMC19=231.43|PMC20=234.33|PMC21=237.29|PMC22=240.32|PMVG17=132.11|PMVG18=133.72|PMVG20=137.07
CMED;20260508;medicamento;504123120087306;;;BIOLAB SANUS FARMACEUTICA LTDA;PITAVASTATINA CÁLCICA;4 MG COM REV CT BL AL AL X 30;PITAVASTATINA CÁLCICA;7896112405832;1097403550066;90574478;504123120087306;S;N;;152.66;204.79;;;;CMED_ICMS17;20260508;20;PF0=126.71|PF12=143.99|PF18=154.52|PF19=156.43|PF20=158.39|PF21=160.39|PF22=162.45|PMC0=169.98|PMC12=193.16|PMC18=207.28|PMC19=209.85|PMC20=212.47|PMC21=215.16|PMC22=217.92|PMVG17=119.79|PMVG18=121.25|PMVG20=124.29
CMED;20260508;medicamento;504123120087406;;;BIOLAB SANUS FARMACEUTICA LTDA;PITAVASTATINA CÁLCICA;4 MG COM REV CT BL AL AL X 60;PITAVASTATINA CÁLCICA;7896112406679;1097403550074;90574486;504123120087406;S;N;;305.31;409.56;;;;CMED_ICMS17;20260508;20;PF0=253.41|PF12=287.97|PF18=309.04|PF19=312.85|PF20=316.76|PF21=320.77|PF22=324.88|PMC0=339.94|PMC12=386.3|PMC18=414.57|PMC19=419.68|PMC20=424.92|PMC21=430.3|PMC22=435.81|PMVG17=239.58|PMVG18=242.5|PMVG20=248.56
CMED;20260508;medicamento;508019120126907;;;EUROFARMA LABORATORIOS S.A.;PITAVASTATINA CALCICA;2 MG COM REV CT BL AL AL X 30;PITAVASTATINA CÁLCICA;7891317140779;1004311100048;90447344;508019120126907;S;N;;84.16;112.9;;;;CMED_ICMS17;20260508;20;PF0=69.85|PF12=79.38|PF18=85.18|PF19=86.23|PF20=87.31|PF21=88.42|PF22=89.55|PMC0=93.7|PMC12=106.49|PMC18=114.27|PMC19=115.67|PMC20=117.12|PMC21=118.61|PMC22=120.13|PMVG17=66.04|PMVG18=66.84|PMVG20=68.51
CMED;20260508;medicamento;526124060177306;;;GERMED FARMACEUTICA LTDA;PITAVASTATINA CÁLCICA;2 MG COM REV CT BL AL AL X 10;PITAVASTATINA CÁLCICA;7896004821160;1058310410018;90587308;526124060177306;S;N;;28.06;37.64;;;;CMED_ICMS17;20260508;20;PF0=23.29|PF12=26.47|PF18=28.4|PF19=28.75|PF20=29.11|PF21=29.48|PF22=29.86|PMC0=31.24|PMC12=35.51|PMC18=38.1|PMC19=38.57|PMC20=39.05|PMC21=39.55|PMC22=40.06|PMVG17=22.02|PMVG18=22.28|PMVG20=22.84
CMED;20260508;medicamento;526124060177406;;;GERMED FARMACEUTICA LTDA;PITAVASTATINA CÁLCICA;2 MG COM REV CT BL AL AL X 15;PITAVASTATINA CÁLCICA;7896004821177;1058310410026;90587316;526124060177406;S;N;;42.08;56.45;;;;CMED_ICMS17;20260508;20;PF0=34.93|PF12=39.69|PF18=42.6|PF19=43.12|PF20=43.66|PF21=44.22|PF22=44.78|PMC0=46.86|PMC12=53.24|PMC18=57.15|PMC19=57.84|PMC20=58.57|PMC21=59.32|PMC22=60.07|PMVG17=33.02|PMVG18=33.43|PMVG20=34.26
CMED;20260508;medicamento;526124060177506;;;GERMED FARMACEUTICA LTDA;PITAVASTATINA CÁLCICA;2 MG COM REV CT BL AL AL X 30;PITAVASTATINA CÁLCICA;7896004821269;1058310410034;90587324;526124060177506;S;N;;84.18;112.92;;;;CMED_ICMS17;20260508;20;PF0=69.87|PF12=79.4|PF18=85.21|PF19=86.26|PF20=87.34|PF21=88.44|PF22=89.58|PMC0=93.73|PMC12=106.51|PMC18=114.31|PMC19=115.71|PMC20=117.16|PMC21=118.64|PMC22=120.17|PMVG17=66.06|PMVG18=66.86|PMVG20=68.54
CMED;20260508;medicamento;526124060177606;;;GERMED FARMACEUTICA LTDA;PITAVASTATINA CÁLCICA;2 MG COM REV CT BL AL AL X 60;PITAVASTATINA CÁLCICA;7896004821191;1058310410042;90587332;526124060177606;S;N;;168.36;225.85;;;;CMED_ICMS17;20260508;20;PF0=139.74|PF12=158.8|PF18=170.41|PF19=172.52|PF20=174.68|PF21=176.89|PF22=179.15|PMC0=187.46|PMC12=213.02|PMC18=228.6|PMC19=231.43|PMC20=234.33|PMC21=237.29|PMC22=240.32|PMVG17=132.11|PMVG18=133.72|PMVG20=137.07
CMED;20260508;medicamento;526124060177706;;;GERMED FARMACEUTICA LTDA;PITAVASTATINA CÁLCICA;2 MG COM REV CT BL AL AL X 90;PITAVASTATINA CÁLCICA;7896004821207;1058310410050;90587340;526124060177706;S;N;;252.55;338.79;;;;CMED_ICMS17;20260508;20;PF0=209.62|PF12=238.2|PF18=255.63|PF19=258.79|PF20=262.03|PF21=265.34|PF22=268.74|PMC0=281.2|PMC12=319.54|PMC18=342.92|PMC19=347.16|PMC20=351.5|PMC21=355.94|PMC22=360.51|PMVG17=198.18|PMVG18=200.59|PMVG20=205.62
CMED;20260508;medicamento;526124060177806;;;GERMED FARMACEUTICA LTDA;PITAVASTATINA CÁLCICA;4 MG COM REV CT BL AL AL X 10;PITAVASTATINA CÁLCICA;7896004821214;1058310410069;90587359;526124060177806;S;N;;50.89;68.27;;;;CMED_ICMS17;20260508;20;PF0=42.24|PF12=48|PF18=51.51|PF19=52.15|PF20=52.8|PF21=53.47|PF22=54.15|PMC0=56.66|PMC12=64.39|PMC18=69.1|PMC19=69.96|PMC20=70.83|PMC21=71.73|PMC22=72.64|PMVG17=39.93|PMVG18=40.42|PMVG20=41.43
CMED;20260508;medicamento;526124060177906;;;GERMED FARMACEUTICA LTDA;PITAVASTATINA CÁLCICA;4 MG COM REV CT BL AL AL X 15;PITAVASTATINA CÁLCICA;7896004821221;1058310410077;90587367;526124060177906;S;N;;76.34;102.41;;;;CMED_ICMS17;20260508;20;PF0=63.36|PF12=72|PF18=77.27|PF19=78.22|PF20=79.2|PF21=80.2|PF22=81.23|PMC0=85|PMC12=96.59|PMC18=103.65|PMC19=104.93|PMC20=106.24|PMC21=107.59|PMC22=108.97|PMVG17=59.9|PMVG18=60.63|PMVG20=62.15
CMED;20260508;medicamento;526124060178006;;;GERMED FARMACEUTICA LTDA;PITAVASTATINA CÁLCICA;4 MG COM REV CT BL AL AL X 30;PITAVASTATINA CÁLCICA;7896004821238;1058310410085;90587375;526124060178006;S;N;;152.66;204.79;;;;CMED_ICMS17;20260508;20;PF0=126.71|PF12=143.99|PF18=154.52|PF19=156.43|PF20=158.39|PF21=160.39|PF22=162.45|PMC0=169.98|PMC12=193.16|PMC18=207.28|PMC19=209.85|PMC20=212.47|PMC21=215.16|PMC22=217.92|PMVG17=119.79|PMVG18=121.25|PMVG20=124.29
CMED;20260508;medicamento;526124060178106;;;GERMED FARMACEUTICA LTDA;PITAVASTATINA CÁLCICA;4 MG COM REV CT BL AL AL X 60;PITAVASTATINA CÁLCICA;7896004821245;1058310410093;90587383;526124060178106;S;N;;305.33;409.59;;;;CMED_ICMS17;20260508;20;PF0=253.42|PF12=287.98|PF18=309.05|PF19=312.86|PF20=316.78|PF21=320.78|PF22=324.9|PMC0=339.95|PMC12=386.31|PMC18=414.58|PMC19=419.69|PMC20=424.95|PMC21=430.31|PMC22=435.84|PMVG17=239.59|PMVG18=242.51|PMVG20=248.58
CMED;20260508;medicamento;526124060178206;;;GERMED FARMACEUTICA LTDA;PITAVASTATINA CÁLCICA;4 MG COM REV CT BL AL AL X 90;PITAVASTATINA CÁLCICA;7896004821252;1058310410107;90587391;526124060178206;S;N;;457.99;614.38;;;;CMED_ICMS17;20260508;20;PF0=380.13|PF12=431.97|PF18=463.57|PF19=469.3|PF20=475.16|PF21=481.18|PF22=487.35|PMC0=509.93|PMC12=579.47|PMC18=621.86|PMC19=629.55|PMC20=637.41|PMC21=645.49|PMC22=653.76|PMVG17=359.38|PMVG18=363.76|PMVG20=372.86
CMED;20260508;medicamento;527924120046706;;;PHARLAB INDÚSTRIA FARMACÊUTICA S.A.;PITAVASTATINA CÁLCICA;2 MG COM REV CT BL AL AL X 30;PITAVASTATINA CÁLCICA;7898216368099;1410706570012;90601092;527924120046706;S;N;;84.17;112.91;;;;CMED_ICMS17;20260508;20;PF0=69.86|PF12=79.39|PF18=85.2|PF19=86.25|PF20=87.33|PF21=88.43|PF22=89.56|PMC0=93.71|PMC12=106.5|PMC18=114.29|PMC19=115.7|PMC20=117.15|PMC21=118.63|PMC22=120.14|PMVG17=66.05|PMVG18=66.86|PMVG20=68.53
CMED;20260508;medicamento;527924120046806;;;PHARLAB INDÚSTRIA FARMACÊUTICA S.A.;PITAVASTATINA CÁLCICA;4 MG COM REV CT BL AL AL X 30;PITAVASTATINA CÁLCICA;7898216368112;1410706570039;90601114;527924120046806;S;N;;152.65;204.77;;;;CMED_ICMS17;20260508;20;PF0=126.7|PF12=143.98|PF18=154.51|PF19=156.42|PF20=158.38|PF21=160.38|PF22=162.44|PMC0=169.96|PMC12=193.14|PMC18=207.27|PMC19=209.83|PMC20=212.46|PMC21=215.14|PMC22=217.91|PMVG17=119.78|PMVG18=121.24|PMVG20=124.28
CMED;20260508;medicamento;527924120046906;;;PHARLAB INDÚSTRIA FARMACÊUTICA S.A.;PITAVASTATINA CÁLCICA;4 MG COM REV CT BL AL AL X 60;PITAVASTATINA CÁLCICA;7898216368129;1410706570047;90601122;527924120046906;S;N;;305.3;409.55;;;;CMED_ICMS17;20260508;20;PF0=253.4|PF12=287.95|PF18=309.02|PF19=312.84|PF20=316.75|PF21=320.76|PF22=324.87|PMC0=339.93|PMC12=386.27|PMC18=414.54|PMC19=419.66|PMC20=424.91|PMC21=430.29|PMC22=435.8|PMVG17=239.57|PMVG18=242.49|PMVG20=248.55
CMED;20260508;medicamento;527924120047006;;;PHARLAB INDÚSTRIA FARMACÊUTICA S.A.;PITAVASTATINA CÁLCICA;2 MG COM REV CT BL AL AL X 60;PITAVASTATINA CÁLCICA;7898216368105;1410706570020;90601106;527924120047006;S;N;;168.36;225.85;;;;CMED_ICMS17;20260508;20;PF0=139.74|PF12=158.8|PF18=170.41|PF19=172.52|PF20=174.68|PF21=176.89|PF22=179.15|PMC0=187.46|PMC12=213.02|PMC18=228.6|PMC19=231.43|PMC20=234.33|PMC21=237.29|PMC22=240.32|PMVG17=132.11|PMVG18=133.72|PMVG20=137.07
CMED;20260508;medicamento;541824020202606;;;EMS S/A;PITAVASTATINA CÁLCICA;2 MG COM REV CT BL AL AL X 10;PITAVASTATINA CÁLCICA;7896004786094;1023514320014;90579763;541824020202606;S;N;;28.06;37.64;;;;CMED_ICMS17;20260508;20;PF0=23.29|PF12=26.47|PF18=28.4|PF19=28.75|PF20=29.11|PF21=29.48|PF22=29.86|PMC0=31.24|PMC12=35.51|PMC18=38.1|PMC19=38.57|PMC20=39.05|PMC21=39.55|PMC22=40.06|PMVG17=22.02|PMVG18=22.28|PMVG20=22.84
CMED;20260508;medicamento;541824020202706;;;EMS S/A;PITAVASTATINA CÁLCICA;4 MG COM REV CT BL AL AL X 90;PITAVASTATINA CÁLCICA;7896004786186;1023514320103;90579852;541824020202706;S;N;;457.94;614.31;;;;CMED_ICMS17;20260508;20;PF0=380.09|PF12=431.92|PF18=463.52|PF19=469.25|PF20=475.11|PF21=481.13|PF22=487.29|PMC0=509.88|PMC12=579.41|PMC18=621.8|PMC19=629.48|PMC20=637.34|PMC21=645.42|PMC22=653.68|PMVG17=359.35|PMVG18=363.72|PMVG20=372.82
CMED;20260508;medicamento;541824020202806;;;EMS S/A;PITAVASTATINA CÁLCICA;4 MG COM REV CT BL AL AL X 60;PITAVASTATINA CÁLCICA;7896004786179;1023514320091;90579844;541824020202806;S;N;;305.29;409.54;;;;CMED_ICMS17;20260508;20;PF0=253.39|PF12=287.94|PF18=309.01|PF19=312.83|PF20=316.74|PF21=320.75|PF22=324.86|PMC0=339.91|PMC12=386.26|PMC18=414.53|PMC19=419.65|PMC20=424.9|PMC21=430.27|PMC22=435.79|PMVG17=239.56|PMVG18=242.48|PMVG20=248.55
CMED;20260508;medicamento;541824020202906;;;EMS S/A;PITAVASTATINA CÁLCICA;2 MG COM REV CT BL AL AL X 15;PITAVASTATINA CÁLCICA;7896004786100;1023514320022;90579771;541824020202906;S;N;;42.08;56.45;;;;CMED_ICMS17;20260508;20;PF0=34.93|PF12=39.69|PF18=42.6|PF19=43.12|PF20=43.66|PF21=44.22|PF22=44.78|PMC0=46.86|PMC12=53.24|PMC18=57.15|PMC19=57.84|PMC20=58.57|PMC21=59.32|PMC22=60.07|PMVG17=33.02|PMVG18=33.43|PMVG20=34.26
CMED;20260508;medicamento;541824020203006;;;EMS S/A;PITAVASTATINA CÁLCICA;2 MG COM REV CT BL AL AL X 30;PITAVASTATINA CÁLCICA;7896004786117;1023514320030;90579780;541824020203006;S;N;;84.18;112.92;;;;CMED_ICMS17;20260508;20;PF0=69.87|PF12=79.4|PF18=85.21|PF19=86.26|PF20=87.34|PF21=88.44|PF22=89.58|PMC0=93.73|PMC12=106.51|PMC18=114.31|PMC19=115.71|PMC20=117.16|PMC21=118.64|PMC22=120.17|PMVG17=66.06|PMVG18=66.86|PMVG20=68.54
CMED;20260508;medicamento;541824020203106;;;EMS S/A;PITAVASTATINA CÁLCICA;2 MG COM REV CT BL AL AL X 90;PITAVASTATINA CÁLCICA;7896004786131;1023514320057;90579801;541824020203106;S;N;;252.55;338.79;;;;CMED_ICMS17;20260508;20;PF0=209.62|PF12=238.2|PF18=255.63|PF19=258.79|PF20=262.03|PF21=265.34|PF22=268.74|PMC0=281.2|PMC12=319.54|PMC18=342.92|PMC19=347.16|PMC20=351.5|PMC21=355.94|PMC22=360.51|PMVG17=198.18|PMVG18=200.59|PMVG20=205.62
CMED;20260508;medicamento;541824020203206;;;EMS S/A;PITAVASTATINA CÁLCICA;2 MG COM REV CT BL AL AL X 60;PITAVASTATINA CÁLCICA;7896004786124;1023514320049;90579798;541824020203206;S;N;;168.36;225.85;;;;CMED_ICMS17;20260508;20;PF0=139.74|PF12=158.8|PF18=170.41|PF19=172.52|PF20=174.68|PF21=176.89|PF22=179.15|PMC0=187.46|PMC12=213.02|PMC18=228.6|PMC19=231.43|PMC20=234.33|PMC21=237.29|PMC22=240.32|PMVG17=132.11|PMVG18=133.72|PMVG20=137.07
CMED;20260508;medicamento;541824020203306;;;EMS S/A;PITAVASTATINA CÁLCICA;4 MG COM REV CT BL AL AL X 10;PITAVASTATINA CÁLCICA;7896004786148;1023514320065;90579810;541824020203306;S;N;;50.89;68.27;;;;CMED_ICMS17;20260508;20;PF0=42.24|PF12=48|PF18=51.51|PF19=52.15|PF20=52.8|PF21=53.47|PF22=54.15|PMC0=56.66|PMC12=64.39|PMC18=69.1|PMC19=69.96|PMC20=70.83|PMC21=71.73|PMC22=72.64|PMVG17=39.93|PMVG18=40.42|PMVG20=41.43
CMED;20260508;medicamento;541824020203406;;;EMS S/A;PITAVASTATINA CÁLCICA;4 MG COM REV CT BL AL AL X 15;PITAVASTATINA CÁLCICA;7896004786155;1023514320073;90579828;541824020203406;S;N;;76.31;102.37;;;;CMED_ICMS17;20260508;20;PF0=63.34|PF12=71.98|PF18=77.24|PF19=78.2|PF20=79.18|PF21=80.18|PF22=81.21|PMC0=84.97|PMC12=96.56|PMC18=103.61|PMC19=104.9|PMC20=106.22|PMC21=107.56|PMC22=108.94|PMVG17=59.88|PMVG18=60.61|PMVG20=62.13
CMED;20260508;medicamento;541824020203506;;;EMS S/A;PITAVASTATINA CÁLCICA;4 MG COM REV CT BL AL AL X 30;PITAVASTATINA CÁLCICA;7896004786162;1023514320081;90579836;541824020203506;S;N;;152.65;204.77;;;;CMED_ICMS17;20260508;20;PF0=126.7|PF12=143.98|PF18=154.51|PF19=156.42|PF20=158.38|PF21=160.38|PF22=162.44|PMC0=169.96|PMC12=193.14|PMC18=207.27|PMC19=209.83|PMC20=212.46|PMC21=215.14|PMC22=217.91|PMVG17=119.78|PMVG18=121.24|PMVG20=124.28
CMED;20260508;medicamento;508022020152117;;;EUROFARMA LABORATORIOS S.A.;PIVAST;2 MG COM REV CT BL AL AL X 10;PITAVASTATINA CÁLCICA;7891317015398;1004313550024;90527534;508022020152117;;N;;43.16;57.9;;;;CMED_ICMS17;20260508;20;PF0=35.82|PF12=40.7|PF18=43.68|PF19=44.22|PF20=44.78|PF21=45.34|PF22=45.92|PMC0=48.05|PMC12=54.6|PMC18=58.6|PMC19=59.32|PMC20=60.07|PMC21=60.82|PMC22=61.6|PMVG17=33.87|PMVG18=34.28|PMVG20=35.14
CMED;20260508;medicamento;508022020152217;;;EUROFARMA LABORATORIOS S.A.;PIVAST;2 MG COM REV CT BL AL AL X 30;PITAVASTATINA CÁLCICA;7891317015374;1004313550040;90527542;508022020152217;;N;;129.52;173.75;;;;CMED_ICMS17;20260508;20;PF0=107.5|PF12=122.16|PF18=131.1|PF19=132.72|PF20=134.38|PF21=136.08|PF22=137.82|PMC0=144.21|PMC12=163.87|PMC18=175.87|PMC19=178.04|PMC20=180.27|PMC21=182.55|PMC22=184.88|PMVG17=101.63|PMVG18=102.87|PMVG20=105.45
CMED;20260508;medicamento;503405201113415;;;BELFAR LTDA;PLABEL;10 MG COM CT BL AL PLAS TRANS X 20;CLORIDRATO DE METOCLOPRAMIDA MONOIDRATADO;7897917000963;1057100860035;90023161;503405201113415;;N;;14.59;19.57;;;;CMED_ICMS17;20260508;20;PF0=12.11|PF12=13.76|PF18=14.77|PF19=14.95|PF20=15.14|PF21=15.33|PF22=15.53|PMC0=16.25|PMC12=18.46|PMC18=19.81|PMC19=20.05|PMC20=20.31|PMC21=20.56|PMC22=20.83|PMVG17=11.45|PMVG18=11.59|PMVG20=11.88
CMED;20260508;medicamento;503405202136419;;;BELFAR LTDA;PLABEL;4,0 MG/ML SOL OR CT FR PLAS OPC GOT X 10 ML;CLORIDRATO DE METOCLOPRAMIDA;7897917000970;1057100860027;90023170;503405202136419;;N;;11.83;15.87;;;;CMED_ICMS17;20260508;20;PF0=9.82|PF12=11.16|PF18=11.98|PF19=12.12|PF20=12.28|PF21=12.43|PF22=12.59|PMC0=13.17|PMC12=14.97|PMC18=16.07|PMC19=16.26|PMC20=16.47|PMC21=16.67|PMC22=16.89|PMVG17=9.28|PMVG18=9.4|PMVG20=9.64
CMED;20260508;medicamento;511511802118416;;;SANDOZ DO BRASIL INDÚSTRIA FARMACÊUTICA LTDA;PLAGREL;75 MG COM REV CT BL AL AL X 28;BISSULFATO DE CLOPIDOGREL;7897595605955;1004704230087;90192516;511511802118416;;N;;48.36;66.66;;;;CMED_ICMS17;20260508;20;PF0=40.14|PF12=45.61|PF18=48.95|PF19=49.56|PF20=50.18|PF21=50.81|PF22=51.46|PMC0=55.33|PMC12=62.87|PMC18=67.47|PMC19=68.31|PMC20=69.17|PMC21=70.04|PMC22=70.93
CMED;20260508;medicamento;511519040070303;;;SANDOZ DO BRASIL INDÚSTRIA FARMACÊUTICA LTDA;PLAGREL;75 MG COM REV CT BL AL AL X 56;BISSULFATO DE CLOPIDOGREL;7897595636683;1004704230184;90425782;511519040070303;;N;;83.46;115.04;;;;CMED_ICMS17;20260508;20;PF0=69.27|PF12=78.72|PF18=84.48|PF19=85.52|PF20=86.59|PF21=87.68|PF22=88.81|PMC0=95.48|PMC12=108.51|PMC18=116.45|PMC19=117.88|PMC20=119.36|PMC21=120.86|PMC22=122.42
CMED;20260508;medicamento;504104502112416;;;BIOLAB SANUS FARMACEUTICA LTDA;PLAKETAR;250 MG COM REV CT BL AL PLAS TRANS X 30;CLORIDRATO DE TICLOPIDINA;7896241245712;1097400890028;90027744;504104502112416;;N;;80.27;110.64;;;;CMED_ICMS17;20260508;20;PF0=66.62|PF12=75.7|PF18=81.24|PF19=82.25|PF20=83.28|PF21=84.33|PF22=85.41|PMC0=91.83|PMC12=104.34|PMC18=111.98|PMC19=113.37|PMC20=114.79|PMC21=116.24|PMC22=117.73|PMVG17=62.99|PMVG18=63.75|PMVG20=65.35
CMED;20260508;medicamento;541519120016817;;;VIATRIS FARMACEUTICA DO BRASIL LTDA;PLANTABEN;3,5 G PO EFEV CT 10 ENV AL/PLAS PE X 5 G (SABOR LARANJA);PLANTAGO OVATA FORSSK.;7898560664250;1883000510016;90443691;541519120016817;;N;;72.65;97.46;;;;CMED_ICMS17;20260508;20;PF0=60.3|PF12=68.52|PF18=73.54|PF19=74.44|PF20=75.38|PF21=76.33|PF22=77.31|PMC0=80.89|PMC12=91.92|PMC18=98.65|PMC19=99.86|PMC20=101.12|PMC21=102.39|PMC22=103.71|PMVG17=57.01|PMVG18=57.71|PMVG20=59.15
CMED;20260508;medicamento;541519120016917;;;VIATRIS FARMACEUTICA DO BRASIL LTDA;PLANTABEN;3,5 G PO EFEV CT 30 ENV AL/PLAS PE X 5 G (SABOR LARANJA);PLANTAGO OVATA FORSSK.;7898560664267;1883000510032;90443705;541519120016917;;N;;193.65;259.77;;;;CMED_ICMS17;20260508;20;PF0=160.73|PF12=182.65|PF18=196.01|PF19=198.43|PF20=200.91|PF21=203.46|PF22=206.06|PMC0=215.61|PMC12=245.02|PMC18=262.94|PMC19=266.19|PMC20=269.51|PMC21=272.93|PMC22=276.42|PMVG17=151.96|PMVG18=153.81|PMVG20=157.65
CMED;20260508;medicamento;538820020070807;;;LEGRAND PHARMA INDUSTRIA FARMACEUTICA LTDA;PLANTARE;3,5 G PO EFEV CT 10 ENV X 5 G;PLANTAGO OVATA PHIL.;7896004731100;1677301430022;90453000;538820020070807;;N;;39.82;53.42;;;;CMED_ICMS17;20260508;20;PF0=33.05|PF12=37.56|PF18=40.3|PF19=40.8|PF20=41.31|PF21=41.84|PF22=42.37|PMC0=44.34|PMC12=50.39|PMC18=54.06|PMC19=54.73|PMC20=55.42|PMC21=56.13|PMC22=56.84|PMVG17=31.25|PMVG18=31.62|PMVG20=32.42
CMED;20260508;medicamento;538820020070907;;;LEGRAND PHARMA INDUSTRIA FARMACEUTICA LTDA;PLANTARE;3,5 G PO EFEV CT 30 ENV X 5 G;PLANTAGO OVATA PHIL.;7896004731117;1677301430049;90453018;538820020070907;;N;;104.84;140.64;;;;CMED_ICMS17;20260508;20;PF0=87.02|PF12=98.89|PF18=106.12|PF19=107.43|PF20=108.78|PF21=110.15|PF22=111.56|PMC0=116.73|PMC12=132.66|PMC18=142.36|PMC19=144.11|PMC20=145.92|PMC21=147.76|PMC22=149.65|PMVG17=82.27|PMVG18=83.27|PMVG20=85.36
CMED;20260508;medicamento;508028501117417;;;EUROFARMA LABORATORIOS S.A.;PLAQ;75 MG COM REV CT BL AL PLAS TRANS X 10;BISSULFATO DE CLOPIDOGREL;7891317480639;1004310250011;90070321;508028501117417;;N;;29.71;40.95;;;;CMED_ICMS17;20260508;20;PF0=24.66|PF12=28.02|PF18=30.07|PF19=30.44|PF20=30.83|PF21=31.22|PF22=31.62|PMC0=33.99|PMC12=38.62|PMC18=41.45|PMC19=41.96|PMC20=42.5|PMC21=43.03|PMC22=43.58|PMVG17=23.31|PMVG18=23.6|PMVG20=24.19
CMED;20260508;medicamento;508028502113415;;;EUROFARMA LABORATORIOS S.A.;PLAQ;75 MG COM REV CT BL AL PLAS TRANS X 30;BISSULFATO DE CLOPIDOGREL;7891317496760;1004310250021;90070330;508028502113415;;N;;89.28;123.06;;;;CMED_ICMS17;20260508;20;PF0=74.1|PF12=84.2|PF18=90.37|PF19=91.48|PF20=92.63|PF21=93.8|PF22=95|PMC0=102.14|PMC12=116.06|PMC18=124.57|PMC19=126.1|PMC20=127.68|PMC21=129.29|PMC22=130.95|PMVG17=70.06|PMVG18=70.91|PMVG20=72.69
CMED;20260508;medicamento;507745202119417;;;EMS S/A;PLAQUEVIX;75 MG COM REV CT BL AL AL X 28;BISSULFATO DE CLOPIDOGREL;7896004738390;1023512020021;90433254;507745202119417;;N;;242.3;333.99;;;;CMED_ICMS17;20260508;20;PF0=201.11|PF12=228.53|PF18=245.26|PF19=248.28|PF20=251.39|PF21=254.57|PF22=257.83|PMC0=277.21|PMC12=315|PMC18=338.07|PMC19=342.23|PMC20=346.51|PMC21=350.9|PMC22=355.39|PMVG17=190.13|PMVG18=192.46|PMVG20=197.27
CMED;20260508;medicamento;576720050070217;;;SANOFI MEDLEY FARMACÊUTICA LTDA.;PLAQUINOL;400 MG COM REV CT BL AL PLAS PVC/PVCD OPC X 30;SULFATO DE HIDROXICLOROQUINA;7897595900302;1832603790016;90476980;576720050070217;;N;;114.96;158.46;;;;CMED_ICMS17;20260508;20;PF0=95.42|PF12=108.43|PF18=116.37|PF19=117.8|PF20=119.28|PF21=120.78|PF22=122.33|PMC0=131.53|PMC12=149.46|PMC18=160.4|PMC19=162.38|PMC20=164.42|PMC21=166.48|PMC22=168.62
CMED;20260508;medicamento;576720020056517;;;SANOFI MEDLEY FARMACÊUTICA LTDA.;PLASIL;10 MG COM CT BL AL PLAS TRANS X 20;CLORIDRATO DE METOCLOPRAMIDA MONOIDRATADO;7891058059149;1832603180013;90456580;576720020056517;;N;;11.05;14.82;;;;CMED_ICMS17;20260508;20;PF0=9.17|PF12=10.42|PF18=11.18|PF19=11.32|PF20=11.46|PF21=11.61|PF22=11.76|PMC0=12.3|PMC12=13.98|PMC18=15|PMC19=15.19|PMC20=15.37|PMC21=15.57|PMC22=15.78|PMVG17=8.67|PMVG18=8.77|PMVG20=8.99
CMED;20260508;medicamento;503202601151317;;;BAXTER HOSPITALAR LTDA;PLASMA LYTE;SOL INJ IV CX BOLS PLAS TRANS SIST FECH X 500 ML;"ACETATO DE SÓDIO TRIIDRATADO;GLICONATO DE SÓDIO;CLORETO DE POTÁSSIO;CLORETO DE SÓDIO;CLORETO DE MAGNÉSIO";7898008413396;1068301020031;90020677;503202601151317;;S;;176.63;;;;;CMED_ICMS17;20260508;20;PF0=146.6|PF12=166.59|PF18=178.78|PF19=180.99|PF20=183.25|PF21=185.57|PF22=187.95|PMVG17=138.6|PMVG18=140.29|PMVG20=143.8
CMED;20260508;medicamento;520916120014704;;;LABORATORIOS B. BRAUN S/A;PLASMAFUNDIN;SOL INJ IV CX FA PLAS TRANS SIST FECH X 500 ML;"ACETATO DE SÓDIO TRIIDRATADO;GLICONATO DE SÓDIO;CLORETO DE MAGNÉSIO HEXAIDRATADO;CLORETO DE POTÁSSIO;CLORETO DE SÓDIO";4046964760907;1008501470019;90372450;520916120014704;;S;;176.63;;;;;CMED_ICMS17;20260508;20;PF0=146.6|PF12=166.59|PF18=178.78|PF19=180.99|PF20=183.25|PF21=185.57|PF22=187.95|PMVG17=138.6|PMVG18=140.29|PMVG20=143.8
CMED;20260508;medicamento;511218060034904;;;HALEX ISTAR INDUSTRIA FARMACEUTICA SA;PLASMAISTAR;SOL INFUS IV CX 30 BOLS PLAS TRANS SIST FECH X 500ML;"ACETATO DE SÓDIO TRIIDRATADO;GLICONATO DE SÓDIO;CLORETO DE MAGNÉSIO HEXAIDRATADO;CLORETO DE POTÁSSIO;CLORETO DE SÓDIO";7896727869623;1031101490017;90402588;511218060034904;;S;;5299.25;;;;;CMED_ICMS17;20260508;20;PF0=4398.38|PF12=4998.16|PF18=5363.88|PF19=5430.1|PF20=5497.98|PF21=5567.57|PF22=5638.95|PMVG17=4158.32|PMVG18=4209.04|PMVG20=4314.27
CMED;20260508;medicamento;511217020034003;;;HALEX ISTAR INDUSTRIA FARMACEUTICA SA;PLASMIN;60 MG/ML SOL INFUS IV CX 30 BOLS PLAS PP TRANS SIST FECH X 500ML;HIDROXIETILAMIDO;7896727842039;1031100800276;90380525;511217020034003;;S;;1044.87;;;;;CMED_ICMS17;20260508;20;PF0=867.24|PF12=985.5|PF18=1057.61|PF19=1070.67|PF20=1084.05|PF21=1097.77|PF22=1111.85|PMVG17=819.91|PMVG18=829.91|PMVG20=850.65
CMED;20260508;medicamento;557824110002817;;;BIONATUS LABORATÓRIO BOTÂNICO LTDA;PLASMOVE;170 MG COM REV CT BL AL PLAS PVC TRANS X 45;AESCULUS HIPPOCASTANUM L.;7896108015762;1200900380053;90596250;557824110002817;;N;;96.27;129.14;;;;CMED_ICMS17;20260508;20;PF0=79.9|PF12=90.8|PF18=97.44|PF19=98.64|PF20=99.88|PF21=101.14|PF22=102.44|PMC0=107.18|PMC12=121.8|PMC18=130.71|PMC19=132.32|PMC20=133.99|PMC21=135.68|PMC22=137.42|PMVG17=75.54|PMVG18=76.46|PMVG20=78.38
CMED;20260508;medicamento;557825020003207;;;BIONATUS LABORATÓRIO BOTÂNICO LTDA;PLASMOVE;280 MG COM REV CT BL AL PLAS PVC TRANS X 60;AESCULUS HIPPOCASTANUM L.;7896108022760;1200900380037;90601998;557825020003207;;N;;124.34;166.8;;;;CMED_ICMS17;20260508;20;PF0=103.2|PF12=117.27|PF18=125.85|PF19=127.41|PF20=129|PF21=130.63|PF22=132.31|PMC0=138.44|PMC12=157.31|PMC18=168.82|PMC19=170.92|PMC20=173.05|PMC21=175.24|PMC22=177.49|PMVG17=97.57|PMVG18=98.75|PMVG20=101.23
CMED;20260508;medicamento;596522090000407;;;PHYTOLAB INDUSTRIA FARMACEUTICA LTDA - EPP;PLASMOVE;170 MG COM REV CT BL AL PLAS PVC TRANS X 45;AESCULUS HIPPOCASTANUM L.;7896108015762;1518400120054;90549147;596522090000407;;N;;48.1;64.52;;;;CMED_ICMS17;20260508;20;PF0=39.92|PF12=45.36|PF18=48.68|PF19=49.28|PF20=49.9|PF21=50.53|PF22=51.18|PMC0=53.55|PMC12=60.85|PMC18=65.3|PMC19=66.11|PMC20=66.94|PMC21=67.78|PMC22=68.66|PMVG17=37.74|PMVG18=38.2|PMVG20=39.16
CMED;20260508;medicamento;504624060098603;;;BRAINFARMA INDÚSTRIA QUÍMICA E FARMACÊUTICA S.A;PLAVINEO;75MG COM REV CT BL ALU ALU X 14;BISSULFATO DE CLOPIDOGREL;7896714236070;1558405010027;90584007;504624060098603;;N;;119.65;164.93;;;;CMED_ICMS17;20260508;20;PF0=99.31|PF12=112.85|PF18=121.11|PF19=122.6|PF20=124.14|PF21=125.71|PF22=127.32|PMC0=136.89|PMC12=155.55|PMC18=166.94|PMC19=168.99|PMC20=171.11|PMC21=173.28|PMC22=175.5|PMVG17=93.89|PMVG18=95.04|PMVG20=97.41
CMED;20260508;medicamento;576720030058817;;;SANOFI MEDLEY FARMACÊUTICA LTDA.;PLAVIX;75 MG COM REV CT BL AL/AL X 28;BISSULFATO DE CLOPIDOGREL;7897595903440;1832603700017;90446313;576720030058817;;N;;346.12;477.09;;;;CMED_ICMS17;20260508;20;PF0=287.28|PF12=326.45|PF18=350.34|PF19=354.67|PF20=359.1|PF21=363.65|PF22=368.31|PMC0=395.99|PMC12=449.98|PMC18=482.91|PMC19=488.88|PMC20=494.98|PMC21=501.25|PMC22=507.68
CMED;20260508;medicamento;523713020027004;;;LIBBS FARMACÊUTICA LTDA;PLENANCE;10 MG COM REV CT BL AL/AL X 30;ROSUVASTATINA CÁLCICA;7896094206113;1003301700011;90250737;523713020027004;;N;;79.94;110.19;;;;CMED_ICMS17;20260508;20;PF0=66.35|PF12=75.4|PF18=80.91|PF19=81.91|PF20=82.94|PF21=83.99|PF22=85.06|PMC0=91.46|PMC12=103.93|PMC18=111.53|PMC19=112.9|PMC20=114.32|PMC21=115.77|PMC22=117.25|PMVG17=62.73|PMVG18=63.49|PMVG20=65.08
CMED;20260508;medicamento;523713020027204;;;LIBBS FARMACÊUTICA LTDA;PLENANCE;20 MG COM REV CT BL AL/AL X 30;ROSUVASTATINA CÁLCICA;7896094206137;1003301700044;90250753;523713020027204;;N;;133.19;183.59;;;;CMED_ICMS17;20260508;20;PF0=110.55|PF12=125.63|PF18=134.82|PF19=136.48|PF20=138.19|PF21=139.94|PF22=141.73|PMC0=152.38|PMC12=173.17|PMC18=185.84|PMC19=188.12|PMC20=190.48|PMC21=192.89|PMC22=195.36|PMVG17=104.51|PMVG18=105.79|PMVG20=108.44
CMED;20260508;medicamento;523713040027703;;;LIBBS FARMACÊUTICA LTDA;PLENANCE;10 MG COM REV CT BL AL/AL X 10;ROSUVASTATINA CÁLCICA;7896094206090;1003301700079;90250770;523713040027703;;N;;29.45;40.59;;;;CMED_ICMS17;20260508;20;PF0=24.44|PF12=27.77|PF18=29.8|PF19=30.17|PF20=30.55|PF21=30.94|PF22=31.33|PMC0=33.69|PMC12=38.28|PMC18=41.08|PMC19=41.59|PMC20=42.11|PMC21=42.65|PMC22=43.19|PMVG17=23.11|PMVG18=23.38|PMVG20=23.97
CMED;20260508;medicamento;523715100033403;;;LIBBS FARMACÊUTICA LTDA;PLENANCE;10 MG COM REV CT BL AL/AL X 90;ROSUVASTATINA CÁLCICA;7896094208858;1003301700095;90314395;523715100033403;;N;;174.51;240.54;;;;CMED_ICMS17;20260508;20;PF0=144.84|PF12=164.59|PF18=176.63|PF19=178.81|PF20=181.05|PF21=183.34|PF22=185.69|PMC0=199.65|PMC12=226.87|PMC18=243.47|PMC19=246.47|PMC20=249.56|PMC21=252.72|PMC22=255.95|PMVG17=136.94|PMVG18=138.6|PMVG20=142.07
CMED;20260508;medicamento;523717070035703;;;LIBBS FARMACÊUTICA LTDA;PLENANCE;20 MG COM REV CT BL AL/AL X 90;ROSUVASTATINA CÁLCICA;7896094208865;1003301700109;90382315;523717070035703;;N;;397.83;548.37;;;;CMED_ICMS17;20260508;20;PF0=330.2|PF12=375.23|PF18=402.68|PF19=407.65|PF20=412.75|PF21=417.97|PF22=423.33|PMC0=455.15|PMC12=517.22|PMC18=555.05|PMC19=561.9|PMC20=568.93|PMC21=576.13|PMC22=583.52|PMVG17=312.18|PMVG18=315.98|PMVG20=323.88
CMED;20260508;medicamento;523718120039003;;;LIBBS FARMACÊUTICA LTDA;PLENANCE;5 MG COM REV CT BL AL/AL X 10;ROSUVASTATINA CÁLCICA;7896094210141;1003301700117;90407105;523718120039003;;N;;12.59;17.35;;;;CMED_ICMS17;20260508;20;PF0=10.45|PF12=11.88|PF18=12.74|PF19=12.9|PF20=13.06|PF21=13.23|PF22=13.4|PMC0=14.4|PMC12=16.38|PMC18=17.56|PMC19=17.78|PMC20=18|PMC21=18.24|PMC22=18.47|PMVG17=9.88|PMVG18=10|PMVG20=10.25
CMED;20260508;medicamento;523718120039103;;;LIBBS FARMACÊUTICA LTDA;PLENANCE;5 MG COM REV CT BL AL/AL X 30;ROSUVASTATINA CÁLCICA;7896094210158;1003301700125;90407113;523718120039103;;N;;37.73;52.01;;;;CMED_ICMS17;20260508;20;PF0=31.32|PF12=35.59|PF18=38.2|PF19=38.67|PF20=39.15|PF21=39.65|PF22=40.15|PMC0=43.17|PMC12=49.06|PMC18=52.65|PMC19=53.3|PMC20=53.96|PMC21=54.65|PMC22=55.34|PMVG17=29.61|PMVG18=29.98|PMVG20=30.72
CMED;20260508;medicamento;523718120039303;;;LIBBS FARMACÊUTICA LTDA;PLENANCE;5 MG COM REV CT BL AL/AL X 90;ROSUVASTATINA CÁLCICA;7896094210172;1003301700141;90407130;523718120039303;;N;;113.25;156.1;;;;CMED_ICMS17;20260508;20;PF0=94|PF12=106.82|PF18=114.63|PF19=116.05|PF20=117.5|PF21=118.99|PF22=120.51|PMC0=129.57|PMC12=147.24|PMC18=158.01|PMC19=159.96|PMC20=161.96|PMC21=164.02|PMC22=166.11|PMVG17=88.87|PMVG18=89.95|PMVG20=92.2
CMED;20260508;medicamento;523720050043107;;;LIBBS FARMACÊUTICA LTDA;PLENANCE EZE;(20 + 10) MG CAP DURA CT 3 FR PLAS PEAD OPC X 30;"ROSUVASTATINA CÁLCICA;EZETIMIBA";7896094210103;1003302100091;90476425;523720050043107;;N;;390.41;523.72;;;;CMED_ICMS17;20260508;20;PF0=324.04|PF12=368.23|PF18=395.17|PF19=400.05|PF20=405.05|PF21=410.18|PF22=415.44|PMC0=434.69|PMC12=493.97|PMC18=530.11|PMC19=536.65|PMC20=543.36|PMC21=550.24|PMC22=557.3|PMVG17=306.35|PMVG18=310.09|PMVG20=317.84
CMED;20260508;medicamento;523720050043207;;;LIBBS FARMACÊUTICA LTDA;PLENANCE EZE;(10 + 10) MG CAP DURA CT 3 FR PLAS PEAD OPC X 30;"ROSUVASTATINA CÁLCICA;EZETIMIBA";7896094210073;1003302100067;90476433;523720050043207;;N;;385.98;517.78;;;;CMED_ICMS17;20260508;20;PF0=320.36|PF12=364.05|PF18=390.68|PF19=395.51|PF20=400.45|PF21=405.52|PF22=410.72|PMC0=429.75|PMC12=488.36|PMC18=524.08|PMC19=530.56|PMC20=537.19|PMC21=543.99|PMC22=550.97|PMVG17=302.88|PMVG18=306.57|PMVG20=314.23
CMED;20260508;medicamento;523720050043307;;;LIBBS FARMACÊUTICA LTDA;PLENANCE EZE;(5 + 10) MG CAP DURA CT 3 FR PLAS PEAD OPC X 30;"ROSUVASTATINA CÁLCICA;EZETIMIBA";7896094210042;1003302100032;90476441;523720050043307;;N;;383.75;514.79;;;;CMED_ICMS17;20260508;20;PF0=318.51|PF12=361.94|PF18=388.43|PF19=393.22|PF20=398.14|PF21=403.18|PF22=408.35|PMC0=427.27|PMC12=485.53|PMC18=521.07|PMC19=527.49|PMC20=534.09|PMC21=540.85|PMC22=547.79|PMVG17=301.13|PMVG18=304.8|PMVG20=312.42
CMED;20260508;medicamento;523720050043407;;;LIBBS FARMACÊUTICA LTDA;PLENANCE EZE;(10 + 10) MG CAP DURA CT FR PLAS PEAD OPC X 30;"ROSUVASTATINA CÁLCICA;EZETIMIBA";7896094210059;1003302100040;90476450;523720050043407;;N;;131.61;176.55;;;;CMED_ICMS17;20260508;20;PF0=109.24|PF12=124.14|PF18=133.22|PF19=134.86|PF20=136.55|PF21=138.28|PF22=140.05|PMC0=146.54|PMC12=166.53|PMC18=178.71|PMC19=180.91|PMC20=183.18|PMC21=185.5|PMC22=187.87|PMVG17=103.27|PMVG18=104.54|PMVG20=107.15
CMED;20260508;medicamento;523720050043507;;;LIBBS FARMACÊUTICA LTDA;PLENANCE EZE;(20 + 10) MG CAP DURA CT FR PLAS PEAD OPC X 30;"ROSUVASTATINA CÁLCICA;EZETIMIBA";7896094210080;1003302100075;90476468;523720050043507;;N;;136.07;182.53;;;;CMED_ICMS17;20260508;20;PF0=112.94|PF12=128.34|PF18=137.73|PF19=139.43|PF20=141.18|PF21=142.96|PF22=144.79|PMC0=151.5|PMC12=172.16|PMC18=184.76|PMC19=187.04|PMC20=189.39|PMC21=191.78|PMC22=194.23|PMVG17=106.77|PMVG18=108.08|PMVG20=110.79
CMED;20260508;medicamento;523720050043607;;;LIBBS FARMACÊUTICA LTDA;PLENANCE EZE;(5 + 10) MG CAP DURA CT FR PLAS PEAD OPC X 30;"ROSUVASTATINA CÁLCICA;EZETIMIBA";7896094210028;1003302100016;90476476;523720050043607;;N;;129.39;173.57;;;;CMED_ICMS17;20260508;20;PF0=107.39|PF12=122.03|PF18=130.96|PF19=132.58|PF20=134.24|PF21=135.94|PF22=137.68|PMC0=144.06|PMC12=163.7|PMC18=175.68|PMC19=177.85|PMC20=180.08|PMC21=182.36|PMC22=184.69|PMVG17=101.53|PMVG18=102.76|PMVG20=105.34
CMED;20260508;medicamento;523725010053503;;;LIBBS FARMACÊUTICA LTDA;PLENANCE EZE;(5 + 10) MG CAP DURA CT FR PLAS PEAD OPC X 10;"ROSUVASTATINA CÁLCICA;EZETIMIBA";7896094212930;1003302100105;90603940;523725010053503;;N;;42.88;57.52;;;;CMED_ICMS17;20260508;20;PF0=35.59|PF12=40.44|PF18=43.4|PF19=43.94|PF20=44.49|PF21=45.05|PF22=45.63|PMC0=47.74|PMC12=54.25|PMC18=58.22|PMC19=58.94|PMC20=59.68|PMC21=60.43|PMC22=61.21|PMVG17=33.65|PMVG18=34.06|PMVG20=34.91
CMED;20260508;medicamento;523725010053603;;;LIBBS FARMACÊUTICA LTDA;PLENANCE EZE;(10 + 10) MG CAP DURA CT FR PLAS PEAD OPC X 10;"ROSUVASTATINA CÁLCICA;EZETIMIBA";7896094212947;1003302100113;90603958;523725010053603;;N;;43.37;58.18;;;;CMED_ICMS17;20260508;20;PF0=36|PF12=40.91|PF18=43.9|PF19=44.44|PF20=45|PF21=45.57|PF22=46.15|PMC0=48.29|PMC12=54.88|PMC18=58.89|PMC19=59.61|PMC20=60.37|PMC21=61.13|PMC22=61.91|PMVG17=34.03|PMVG18=34.45|PMVG20=35.31
CMED;20260508;medicamento;523725010053703;;;LIBBS FARMACÊUTICA LTDA;PLENANCE EZE;(20 + 10) MG CAP DURA CT FR PLAS PEAD OPC X 10;"ROSUVASTATINA CÁLCICA;EZETIMIBA";7896094212954;1003302100121;90603966;523725010053703;;N;;44.36;59.51;;;;CMED_ICMS17;20260508;20;PF0=36.82|PF12=41.84|PF18=44.9|PF19=45.46|PF20=46.03|PF21=46.61|PF22=47.21|PMC0=49.39|PMC12=56.13|PMC18=60.23|PMC19=60.98|PMC20=61.75|PMC21=62.53|PMC22=63.33|PMVG17=34.81|PMVG18=35.23|PMVG20=36.12
CMED;20260508;medicamento;506720060083307;;;CRISTÁLIA PRODUTOS QUÍMICOS FARMACÊUTICOS LTDA.;PLENIGELL;5 MG/ML SOL OFT CT FR GOT PLAS OPC X 5 ML;CARMELOSE SÓDICA;7896676435184;1029805040017;90465806;506720060083307;;N;;26.78;35.92;;;;CMED_ICMS17;20260508;20;PF0=22.23|PF12=25.26|PF18=27.11|PF19=27.44|PF20=27.79|PF21=28.14|PF22=28.5|PMC0=29.82|PMC12=33.89|PMC18=36.37|PMC19=36.81|PMC20=37.28|PMC21=37.75|PMC22=38.23|PMVG17=21.01|PMVG18=21.27|PMVG20=21.81
CMED;20260508;medicamento;506720060083407;;;CRISTÁLIA PRODUTOS QUÍMICOS FARMACÊUTICOS LTDA.;PLENIGELL;5 MG/ML SOL OFT CT FR GOT PLAS OPC X 15 ML;CARMELOSE SÓDICA;7896676435191;1029805040033;90465814;506720060083407;;N;;67.55;90.62;;;;CMED_ICMS17;20260508;20;PF0=56.07|PF12=63.72|PF18=68.38|PF19=69.22|PF20=70.09|PF21=70.97|PF22=71.88|PMC0=75.22|PMC12=85.48|PMC18=91.73|PMC19=92.86|PMC20=94.02|PMC21=95.2|PMC22=96.42|PMVG17=53.01|PMVG18=53.66|PMVG20=55
CMED;20260508;medicamento;504617030054407;;;BRAINFARMA INDÚSTRIA QUÍMICA E FARMACÊUTICA S.A;PLESONAX;5 MG COM REV CT BL AL PLAS TRANS X 20;BISACODIL;7896714215037;1558401920010;90374231;504617030054407;;N;;8.1;10.87;;;;CMED_ICMS17;20260508;20;PF0=6.72|PF12=7.64|PF18=8.2|PF19=8.3|PF20=8.4|PF21=8.51|PF22=8.62|PMC0=9.01|PMC12=10.25|PMC18=11|PMC19=11.13|PMC20=11.27|PMC21=11.42|PMC22=11.56|PMVG17=6.36|PMVG18=6.44|PMVG20=6.59
CMED;20260508;medicamento;504617030054507;;;BRAINFARMA INDÚSTRIA QUÍMICA E FARMACÊUTICA S.A;PLESONAX;5 MG COM REV CT BL AL PLAS TRANS X 100;BISACODIL;7896714224138;1558401920053;90374240;504617030054507;;N;;40.53;54.37;;;;CMED_ICMS17;20260508;20;PF0=33.64|PF12=38.23|PF18=41.02|PF19=41.53|PF20=42.05|PF21=42.58|PF22=43.13|PMC0=45.13|PMC12=51.28|PMC18=55.03|PMC19=55.71|PMC20=56.41|PMC21=57.12|PMC22=57.86|PMVG17=31.8|PMVG18=32.19|PMVG20=33
CMED;20260508;medicamento;515120060011807;;;KLEY HERTZ FARMACEUTICA S.A;PLEX-D3 VITAMIN;7.000 UI CAP MOLE CT BL AL PLAS OPC X 10;COLECALCIFEROL;7896331707328;1068902000041;90469720;515120060011807;;N;;25.59;34.33;;;;CMED_ICMS17;20260508;20;PF0=21.24|PF12=24.14|PF18=25.9|PF19=26.22|PF20=26.55|PF21=26.89|PF22=27.23|PMC0=28.49|PMC12=32.38|PMC18=34.74|PMC19=35.17|PMC20=35.62|PMC21=36.07|PMC22=36.53|PMVG17=20.08|PMVG18=20.32|PMVG20=20.83
CMED;20260508;medicamento;515120060011907;;;KLEY HERTZ FARMACEUTICA S.A;PLEX-D3 VITAMIN;7.000 UI CAP MOLE CT BL AL PLAS OPC X 30;COLECALCIFEROL;7896331707335;1068902000051;90469747;515120060011907;;N;;60.6;81.29;;;;CMED_ICMS17;20260508;20;PF0=50.3|PF12=57.16|PF18=61.34|PF19=62.1|PF20=62.88|PF21=63.67|PF22=64.49|PMC0=67.48|PMC12=76.68|PMC18=82.29|PMC19=83.3|PMC20=84.35|PMC21=85.41|PMC22=86.51|PMVG17=47.55|PMVG18=48.13|PMVG20=49.34
CMED;20260508;medicamento;515120060012307;;;KLEY HERTZ FARMACEUTICA S.A;PLEX-D3 VITAMIN;50.000 UI CAP MOLE CT BL AL PLAS OPC X 4;COLECALCIFEROL;7896331706482;1068902000033;90469755;515120060012307;;N;;58.8;78.88;;;;CMED_ICMS17;20260508;20;PF0=48.8|PF12=55.45|PF18=59.51|PF19=60.25|PF20=61|PF21=61.77|PF22=62.56|PMC0=65.46|PMC12=74.38|PMC18=79.83|PMC19=80.82|PMC20=81.83|PMC21=82.86|PMC22=83.92|PMVG17=46.14|PMVG18=46.7|PMVG20=47.87
CMED;20260508;medicamento;515120070012407;;;KLEY HERTZ FARMACEUTICA S.A;PLEX-D3 VITAMIN;7.000 UI CAP MOLE CT BL AL PLAS OPC X 4;COLECALCIFEROL;7896331706475;1068902000025;90469739;515120070012407;;N;;9.14;12.26;;;;CMED_ICMS17;20260508;20;PF0=7.59|PF12=8.63|PF18=9.26|PF19=9.37|PF20=9.49|PF21=9.61|PF22=9.73|PMC0=10.18|PMC12=11.58|PMC18=12.42|PMC19=12.57|PMC20=12.73|PMC21=12.89|PMC22=13.05|PMVG17=7.17|PMVG18=7.27|PMVG20=7.45
CMED;20260508;medicamento;519519060028804;;;LABORATORIO QUIMICO FARMACEUTICO BERGAMO LTDA;PLEXEDEN;100 MG PO LIOF SOL INJ CT FA VD TRANS X 13 ML;PEMETREXEDE DISSÓDICO HEPTAIDRATADO;7898943601803;1064602140015;90433440;519519060028804;;S;;2198.04;;;;;CMED_ICMS17;20260508;20;PF0=1824.37|PF12=2073.15|PF18=2224.84|PF19=2252.31|PF20=2280.46|PF21=2309.33|PF22=2338.94|PMVG17=1724.8|PMVG18=1745.83|PMVG20=1789.48
CMED;20260508;medicamento;519519060028904;;;LABORATORIO QUIMICO FARMACEUTICO BERGAMO LTDA;PLEXEDEN;500 MG PO LIOF SOL INJ CT FA VD TRANS X 50 ML;PEMETREXEDE DISSÓDICO HEPTAIDRATADO;7898943601810;1064602140023;90433459;519519060028904;;S;;10973.25;;;;;CMED_ICMS17;20260508;20;PF0=9107.8|PF12=10349.78|PF18=11107.07|PF19=11244.2|PF20=11384.75|PF21=11528.86|PF22=11676.66|PMVG17=8610.71|PMVG18=8715.72|PMVG20=8933.61
CMED;20260508;medicamento;523703801172414;;;LIBBS FARMACÊUTICA LTDA;PLURAIR;50 MCG SUS SPR INAL NAS CT FR SPR PLAS PEAD OPC X 60 ACION;PROPIONATO DE FLUTICASONA;7896094201507;1003301040011;90145259;523703801172414;;N;;39.89;54.98;;;;CMED_ICMS17;20260508;20;PF0=33.11|PF12=37.63|PF18=40.38|PF19=40.88|PF20=41.39|PF21=41.91|PF22=42.45|PMC0=45.64|PMC12=51.87|PMC18=55.66|PMC19=56.35|PMC20=57.05|PMC21=57.77|PMC22=58.51|PMVG17=31.3|PMVG18=31.69|PMVG20=32.48
CMED;20260508;medicamento;523703802136411;;;LIBBS FARMACÊUTICA LTDA;PLURAIR;50 MCG SUS SPR INAL NAS CT FR SPR PLAS PEAD OPC X 120 ACION;PROPIONATO DE FLUTICASONA;7896094201545;1003301040028;90145267;523703802136411;;N;;62.89;86.69;;;;CMED_ICMS17;20260508;20;PF0=52.2|PF12=59.32|PF18=63.66|PF19=64.44|PF20=65.25|PF21=66.08|PF22=66.92|PMC0=71.95|PMC12=81.77|PMC18=87.75|PMC19=88.82|PMC20=89.94|PMC21=91.08|PMC22=92.24|PMVG17=49.35|PMVG18=49.95|PMVG20=51.2
CMED;20260508;medicamento;516500801353413;;;LABORATÓRIO DE EXTRATOS ALERGÊNICOS LTDA;PLUSVAC;5 MCG/ML SOL INJ CX FA VD AMB X 5 ML;"LÃ DE CARNEIRO;ÁCAROS;ANTÍGENOS BACTERIANAS SOB A FORMA DE LISADO;FUNGOS DO AR";7898342290257;1172900090048;90111273;516500801353413;;N;;91.17;122.3;;;;CMED_ICMS17;20260508;20;PF0=75.67|PF12=85.99|PF18=92.28|PF19=93.42|PF20=94.59|PF21=95.78|PF22=97.01|PMC0=101.51|PMC12=115.35|PMC18=123.79|PMC19=125.32|PMC20=126.89|PMC21=128.49|PMC22=130.14|PMVG17=71.54|PMVG18=72.41|PMVG20=74.23
CMED;20260508;medicamento;516500802351414;;;LABORATÓRIO DE EXTRATOS ALERGÊNICOS LTDA;PLUSVAC;50 MCG/ML SOL INJ CX FA VD AMB X 5 ML;"LÃ DE CARNEIRO;ÁCAROS;ANTÍGENOS BACTERIANAS SOB A FORMA DE LISADO;FUNGOS DO AR";7898342290264;1172900090056;90111281;516500802351414;;N;;91.17;122.3;;;;CMED_ICMS17;20260508;20;PF0=75.67|PF12=85.99|PF18=92.28|PF19=93.42|PF20=94.59|PF21=95.78|PF22=97.01|PMC0=101.51|PMC12=115.35|PMC18=123.79|PMC19=125.32|PMC20=126.89|PMC21=128.49|PMC22=130.14|PMVG17=71.54|PMVG18=72.41|PMVG20=74.23
CMED;20260508;medicamento;516500803356411;;;LABORATÓRIO DE EXTRATOS ALERGÊNICOS LTDA;PLUSVAC;500 MCG/ML SOL INJ CX FA VD AMB X 5 ML;"LÃ DE CARNEIRO;ÁCAROS;ANTÍGENOS BACTERIANAS SOB A FORMA DE LISADO;FUNGOS DO AR";7898342290271;1172900090064;90111290;516500803356411;;N;;91.17;122.3;;;;CMED_ICMS17;20260508;20;PF0=75.67|PF12=85.99|PF18=92.28|PF19=93.42|PF20=94.59|PF21=95.78|PF22=97.01|PMC0=101.51|PMC12=115.35|PMC18=123.79|PMC19=125.32|PMC20=126.89|PMC21=128.49|PMC22=130.14|PMVG17=71.54|PMVG18=72.41|PMVG20=74.23
CMED;20260508;medicamento;516500901358417;;;LABORATÓRIO DE EXTRATOS ALERGÊNICOS LTDA;PLUSVAC;5 MCG/ML SUS INJ CT FA VD AMB X 5 ML;"LÃ DE CARNEIRO;ÁCAROS;ANTÍGENOS BACTERIANAS SOB A FORMA DE LISADO;FUNGOS DO AR";7898342290288;1172900090072;90111303;516500901358417;;N;;91.17;122.3;;;;CMED_ICMS17;20260508;20;PF0=75.67|PF12=85.99|PF18=92.28|PF19=93.42|PF20=94.59|PF21=95.78|PF22=97.01|PMC0=101.51|PMC12=115.35|PMC18=123.79|PMC19=125.32|PMC20=126.89|PMC21=128.49|PMC22=130.14|PMVG17=71.54|PMVG18=72.41|PMVG20=74.23
CMED;20260508;medicamento;516500902354415;;;LABORATÓRIO DE EXTRATOS ALERGÊNICOS LTDA;PLUSVAC;50 MCG/ML SUS INJ CT FA VD AMB X 5 ML;"LÃ DE CARNEIRO;ÁCAROS;ANTÍGENOS BACTERIANAS SOB A FORMA DE LISADO;FUNGOS DO AR";7898342290295;1172900090080;90111311;516500902354415;;N;;91.17;122.3;;;;CMED_ICMS17;20260508;20;PF0=75.67|PF12=85.99|PF18=92.28|PF19=93.42|PF20=94.59|PF21=95.78|PF22=97.01|PMC0=101.51|PMC12=115.35|PMC18=123.79|PMC19=125.32|PMC20=126.89|PMC21=128.49|PMC22=130.14|PMVG17=71.54|PMVG18=72.41|PMVG20=74.23
CMED;20260508;medicamento;516500903350413;;;LABORATÓRIO DE EXTRATOS ALERGÊNICOS LTDA;PLUSVAC;500 MCG/ML SUS INJ CT FA VD AMB X 5 ML;"LÃ DE CARNEIRO;ÁCAROS;ANTÍGENOS BACTERIANAS SOB A FORMA DE LISADO;FUNGOS DO AR";7898342290301;1172900090099;90111320;516500903350413;;N;;91.17;122.3;;;;CMED_ICMS17;20260508;20;PF0=75.67|PF12=85.99|PF18=92.28|PF19=93.42|PF20=94.59|PF21=95.78|PF22=97.01|PMC0=101.51|PMC12=115.35|PMC18=123.79|PMC19=125.32|PMC20=126.89|PMC21=128.49|PMC22=130.14|PMVG17=71.54|PMVG18=72.41|PMVG20=74.23
CMED;20260508;medicamento;516501001334412;;;LABORATÓRIO DE EXTRATOS ALERGÊNICOS LTDA;PLUSVAC;5 MCG/ML SOL OR CX FR PLAS GOT X 15 ML;"LÃ DE CARNEIRO;ÁCAROS;FUNGOS DE AR;ANTÍGENOS BACTERIANAS SOB A FORMA DE LISADO";7898342290226;1172900090013;90111338;516501001334412;;N;;91.17;122.3;;;;CMED_ICMS17;20260508;20;PF0=75.67|PF12=85.99|PF18=92.28|PF19=93.42|PF20=94.59|PF21=95.78|PF22=97.01|PMC0=101.51|PMC12=115.35|PMC18=123.79|PMC19=125.32|PMC20=126.89|PMC21=128.49|PMC22=130.14|PMVG17=71.54|PMVG18=72.41|PMVG20=74.23
CMED;20260508;medicamento;516501002330410;;;LABORATÓRIO DE EXTRATOS ALERGÊNICOS LTDA;PLUSVAC;50 MCG/ML SOL OR CX FR PLAS GOT X 15 ML;"LÃ DE CARNEIRO;ÁCAROS;FUNGOS DE AR;ANTÍGENOS BACTERIANAS SOB A FORMA DE LISADO";7898342290233;1172900090021;90111346;516501002330410;;N;;91.17;122.3;;;;CMED_ICMS17;20260508;20;PF0=75.67|PF12=85.99|PF18=92.28|PF19=93.42|PF20=94.59|PF21=95.78|PF22=97.01|PMC0=101.51|PMC12=115.35|PMC18=123.79|PMC19=125.32|PMC20=126.89|PMC21=128.49|PMC22=130.14|PMVG17=71.54|PMVG18=72.41|PMVG20=74.23
CMED;20260508;medicamento;516501003337419;;;LABORATÓRIO DE EXTRATOS ALERGÊNICOS LTDA;PLUSVAC;500 MCG/ML SOL OR CX FR PLAS GOT X 15 ML;"LÃ DE CARNEIRO;ÁCAROS;FUNGOS DE AR;ANTÍGENOS BACTERIANAS SOB A FORMA DE LISADO";7898342290240;1172900090031;90111354;516501003337419;;N;;91.17;122.3;;;;CMED_ICMS17;20260508;20;PF0=75.67|PF12=85.99|PF18=92.28|PF19=93.42|PF20=94.59|PF21=95.78|PF22=97.01|PMC0=101.51|PMC12=115.35|PMC18=123.79|PMC19=125.32|PMC20=126.89|PMC21=128.49|PMC22=130.14|PMVG17=71.54|PMVG18=72.41|PMVG20=74.23
CMED;20260508;medicamento;532420110030207;;;SUN FARMACÊUTICA DO BRASIL LTDA;PLUTO;100 MG COM REV CT BL AL AL DESSEC X 60;MESILATO DE IMATINIBE;7898272945883;1468200970021;90499590;532420110030207;;N;;;;;;;CMED_ICMS17;20260508;20;PF0=8029.42|PMC0=11067.72
CMED;20260508;medicamento;532420110030407;;;SUN FARMACÊUTICA DO BRASIL LTDA;PLUTO;400 MG COM REV CT BL AL AL DESSEC X 30;MESILATO DE IMATINIBE;7898272945906;1468200970046;90499611;532420110030407;;N;;;;;;;CMED_ICMS17;20260508;20;PF0=16600.3|PMC0=22881.78
CMED;20260508;medicamento;526524040103202;;;NOVARTIS BIOCIENCIAS S.A;PLUVICTO;1000* MBQ/ML SOL INJ FA VD TRANS ATÉ 12,5 ML;VIPIVOTIDA TETRAXETANA (177 LU);7896261022461;1006811860013;90583744;526524040103202;;S;;136325.93;;;;;CMED_ICMS17;20260508;20;PF0=113150.55|PF12=128580.21|PF18=137988.45|PF19=139692.05|PF20=141438.19|PF21=143228.57|PF22=145064.78|PMVG17=106974.96|PMVG18=108279.54|PMVG20=110986.55
CMED;20260508;medicamento;527322060020217;;;MERCK SHARP & DOHME FARMACEUTICA LTDA.;PNEUMOVAX® 23;SOL INJ (MONODOSE) CT 1 FA X 0,5 ML;"POLISSACARÍDEO CAPSULAR DE STREPTOCOCCUS PNEUMONIAE SOROTIPO 17F;POLISSACARÍDEO CAPSULAR DE STREPTOCOCCUS PNEUMONIAE SOROTIPO 14 ;POLISSACARÍDEO CAPSULAR DE STREPTOCOCCUS PNEUMONIAE SOROTIPO 19A ;POLISSACARÍDEO CAPSULAR DE STREPTOCOCCUS PNEUMONIAE SOROTIPO 15B;POLISSACARÍDEO CAPSULAR DE STREPTOCOCCUS PNEUMONIAE SOROTIPO 8;POLISSACARÍDEO CAPSULAR DE STREPTOCOCCUS PNEUMONIAE SOROTIPO 11A;POLISSACARÍDEO CAPSULAR DE STREPTOCOCCUS PNEUMONIAE SOROTIPO 5;POLISSACARÍDEO CAPSULAR DE STREPTOCOCCUS PNEUMONIAE SOROTIPO 10A;POLISSACARÍDEO CAPSULAR DE STREPTOCOCCUS PNEUMONIAE SOROTIPO 4 ;POLISSACARÍDEO CAPSULAR DE STREPTOCOCCUS PNEUMONIAE SOROTIPO 6B;POLISSACARÍDEO CAPSULAR DE STREPTOCOCCUS PNEUMONIAE SOROTIPO 1;POLISSACARÍDEO CAPSULAR DE STREPTOCOCCUS PNEUMONIAE SOROTIPO 12F;POLISSACARÍDEO CAPSULAR DE STREPTOCOCCUS PNEUMONIAE SOROTIPO 2;POLISSACARÍDEO CAPSULAR DE STREPTOCOCCUS PNEUMONIAE SOROTIPO 22F;POLISSACARÍDEO CAPSULAR DE STREPTOCOCCUS PNEUMONIAE SOROTIPO 33F;POLISSACARÍDEO CAPSULAR DE STREPTOCOCCUS PNEUMONIAE SOROTIPO 23F ;POLISSACARÍDEO CAPSULAR DE STREPTOCOCCUS PNEUMONIAE SOROTIPO 18C ;POLISSACARÍDEO CAPSULAR DE STREPTOCOCCUS PNEUMONIAE SOROTIPO 19F ;POLISSACARÍDEO CAPSULAR DE STREPTOCOCCUS PNEUMONIAE SOROTIPO 9V;POLISSACARÍDEO CAPSULAR DE STREPTOCOCCUS PNEUMONIAE SOROTIPO 20";7897572020320;1017102100012;90538706;527322060020217;;N;;59.76;82.37;;;;CMED_ICMS17;20260508;20;PF0=49.6|PF12=56.36|PF18=60.49|PF19=61.23|PF20=62|PF21=62.78|PF22=63.59|PMC0=68.37|PMC12=77.69|PMC18=83.38|PMC19=84.4|PMC20=85.46|PMC21=86.54|PMC22=87.65
CMED;20260508;medicamento;527322060020317;;;MERCK SHARP & DOHME FARMACEUTICA LTDA.;PNEUMOVAX® 23;SOL INJ (MONODOSE) CT 10 FA X 0,5 ML;"POLISSACARÍDEO CAPSULAR DE STREPTOCOCCUS PNEUMONIAE SOROTIPO 9N;POLISSACARÍDEO CAPSULAR DE STREPTOCOCCUS PNEUMONIAE SOROTIPO 17F;POLISSACARÍDEO CAPSULAR DE STREPTOCOCCUS PNEUMONIAE SOROTIPO 14 ;POLISSACARÍDEO CAPSULAR DE STREPTOCOCCUS PNEUMONIAE SOROTIPO 19A ;POLISSACARÍDEO CAPSULAR DE STREPTOCOCCUS PNEUMONIAE SOROTIPO 15B;POLISSACARÍDEO CAPSULAR DE STREPTOCOCCUS PNEUMONIAE SOROTIPO 8;POLISSACARÍDEO CAPSULAR DE STREPTOCOCCUS PNEUMONIAE SOROTIPO 11A;POLISSACARÍDEO CAPSULAR DE STREPTOCOCCUS PNEUMONIAE SOROTIPO 5;POLISSACARÍDEO CAPSULAR DE STREPTOCOCCUS PNEUMONIAE SOROTIPO 10A;POLISSACARÍDEO CAPSULAR DE STREPTOCOCCUS PNEUMONIAE SOROTIPO 4 ;POLISSACARÍDEO CAPSULAR DE STREPTOCOCCUS PNEUMONIAE SOROTIPO 6B;POLISSACARÍDEO CAPSULAR DE STREPTOCOCCUS PNEUMONIAE SOROTIPO 1;POLISSACARÍDEO CAPSULAR DE STREPTOCOCCUS PNEUMONIAE SOROTIPO 12F;POLISSACARÍDEO CAPSULAR DE STREPTOCOCCUS PNEUMONIAE SOROTIPO 2;POLISSACARÍDEO CAPSULAR DE STREPTOCOCCUS PNEUMONIAE SOROTIPO 22F;POLISSACARÍDEO CAPSULAR DE STREPTOCOCCUS PNEUMONIAE SOROTIPO 33F;POLISSACARÍDEO CAPSULAR DE STREPTOCOCCUS PNEUMONIAE SOROTIPO 23F ;POLISSACARÍDEO CAPSULAR DE STREPTOCOCCUS PNEUMONIAE SOROTIPO 7F ;POLISSACARÍDEO CAPSULAR DE STREPTOCOCCUS PNEUMONIAE SOROTIPO 18C ;POLISSACARÍDEO CAPSULAR DE STREPTOCOCCUS PNEUMONIAE SOROTIPO 19F ;POLISSACARÍDEO CAPSULAR DE STREPTOCOCCUS PNEUMONIAE SOROTIPO 9V;POLISSACARÍDEO CAPSULAR DE STREPTOCOCCUS PNEUMONIAE SOROTIPO 20";7897572020481;1017102100020;90538714;527322060020317;;N;;597.55;823.66;;;;CMED_ICMS17;20260508;20;PF0=495.97|PF12=563.6|PF18=604.84|PF19=612.31|PF20=619.96|PF21=627.81|PF22=635.86|PMC0=683.64|PMC12=776.86|PMC18=833.71|PMC19=844.01|PMC20=854.55|PMC21=865.37|PMC22=876.47
CMED;20260508;medicamento;523718100038904;;;LIBBS FARMACÊUTICA LTDA;POEMMY;50 MG/ML SOL INJ IM CT 2 SER PREENC VD TRANS X 5 ML + 2 AGU;FULVESTRANTO;7896094209329;1003302010025;90407091;523718100038904;;S;;10033.41;;;;;CMED_ICMS17;20260508;20;PF0=8327.73|PF12=9463.33|PF18=10155.77|PF19=10281.15|PF20=10409.66|PF21=10541.43|PF22=10676.57|PMVG17=7873.22|PMVG18=7969.23|PMVG20=8168.46
CMED;20260508;medicamento;569924050009604;;;CAMBER FARMACEUTICA LTDA;POKLI;6 MG/ML SOL DIL INFUS IV CT FA VD TRANS X 5 ML;PACLITAXEL;7908101201117;1650700270019;90583167;569924050009604;;S;;894.49;;;;;CMED_ICMS17;20260508;20;PF0=742.43|PF12=843.67|PF18=905.4|PF19=916.58|PF20=928.04|PF21=939.78|PF22=951.83|PMVG17=701.91|PMVG18=710.47|PMVG20=728.23
CMED;20260508;medicamento;569924050009704;;;CAMBER FARMACEUTICA LTDA;POKLI;6 MG/ML SOL DIL INFUS IV CT FA VD TRANS X 16,7 ML;PACLITAXEL;7908101201124;1650700270027;90583175;569924050009704;;S;;2991.57;;;;;CMED_ICMS17;20260508;20;PF0=2483|PF12=2821.59|PF18=3028.05|PF19=3065.43|PF20=3103.75|PF21=3143.04|PF22=3183.33|PMVG17=2347.48|PMVG18=2376.11|PMVG20=2435.51
CMED;20260508;medicamento;569924050009804;;;CAMBER FARMACEUTICA LTDA;POKLI;6 MG/ML SOL DIL INFUS IV CT FA VD TRANS X 50 ML;PACLITAXEL;7908101201131;1650700270035;90583183;569924050009804;;S;;8942.53;;;;;CMED_ICMS17;20260508;20;PF0=7422.3|PF12=8434.43|PF18=9051.58|PF19=9163.33|PF20=9277.88|PF21=9395.32|PF22=9515.77|PMVG17=7017.2|PMVG18=7102.77|PMVG20=7280.35
CMED;20260508;medicamento;541820060131107;;;EMS S/A;POLAPIC;0,4 MG/ML SOL OR CT FR PLAS PET AMB X 120 ML + COP;MALEATO DE DEXCLORFENIRAMINA;7896004772264;1023513390061;90473817;541820060131107;;N;;18.19;24.4;;;;CMED_ICMS17;20260508;20;PF0=15.1|PF12=17.16|PF18=18.41|PF19=18.64|PF20=18.88|PF21=19.11|PF22=19.36|PMC0=20.26|PMC12=23.02|PMC18=24.7|PMC19=25|PMC20=25.33|PMC21=25.64|PMC22=25.97|PMVG17=14.27|PMVG18=14.45|PMVG20=14.82
CMED;20260508;medicamento;540401401139417;;;NATULAB LABORATORIO S.A;POLARADEX;0,4 MG/ML SOL OR CT FR PLAS AMB X 100 ML + COP MED;MALEATO DE DEXCLORFENIRAMINA;7898133131066;1384100200023;90164822;540401401139417;;N;;16.41;22.01;;;;CMED_ICMS17;20260508;20;PF0=13.62|PF12=15.48|PF18=16.61|PF19=16.81|PF20=17.03|PF21=17.24|PF22=17.46|PMC0=18.27|PMC12=20.77|PMC18=22.28|PMC19=22.55|PMC20=22.85|PMC21=23.13|PMC22=23.42|PMVG17=12.88|PMVG18=13.03|PMVG20=13.36
CMED;20260508;medicamento;540412100005103;;;NATULAB LABORATORIO S.A;POLARADEX;0,4 MG/ML SOL OR CX 50 FR PLAS AMB X 120 ML + COP MED;MALEATO DE DEXCLORFENIRAMINA;7898133131325;1384100200066;90277210;540412100005103;;S;;498.81;;;;;CMED_ICMS17;20260508;20;PF0=414.01|PF12=470.47|PF18=504.89|PF19=511.12|PF20=517.51|PF21=524.06|PF22=530.78|PMVG17=391.42|PMVG18=396.19|PMVG20=406.09
CMED;20260508;medicamento;540412100005203;;;NATULAB LABORATORIO S.A;POLARADEX;0,4 MG/ML SOL OR CX 50 FR PLAS AMB X 100 ML + COP MED;MALEATO DE DEXCLORFENIRAMINA;7898133131318;1384100200058;90277201;540412100005203;;S;;374.3;;;;;CMED_ICMS17;20260508;20;PF0=310.67|PF12=353.03|PF18=378.87|PF19=383.54|PF20=388.34|PF21=393.25|PF22=398.29|PMVG17=293.71|PMVG18=297.3|PMVG20=304.73
CMED;20260508;medicamento;540916090022017;;;COSMED INDUSTRIA DE COSMETICOS E MEDICAMENTOS S.A.;POLARAMINE;2 MG COM REV CT BL AL PLAS TRANS X 20;MALEATO DE DEXCLORFENIRAMINA;7891142171719;1781708110017;90356667;540916090022017;;N;;24.29;32.58;;;;CMED_ICMS17;20260508;20;PF0=20.16|PF12=22.91|PF18=24.59|PF19=24.89|PF20=25.2|PF21=25.52|PF22=25.85|PMC0=27.04|PMC12=30.73|PMC18=32.99|PMC19=33.39|PMC20=33.8|PMC21=34.23|PMC22=34.68|PMVG17=19.06|PMVG18=19.3|PMVG20=19.77
CMED;20260508;medicamento;540916090022117;;;COSMED INDUSTRIA DE COSMETICOS E MEDICAMENTOS S.A.;POLARAMINE;6 MG DRG (REPETABS) CT BL AL PVDC TRANS X 12;MALEATO DE DEXCLORFENIRAMINA;7891142171733;1781708110149;90356675;540916090022117;;N;;29.45;39.51;;;;CMED_ICMS17;20260508;20;PF0=24.44|PF12=27.77|PF18=29.8|PF19=30.17|PF20=30.55|PF21=30.94|PF22=31.33|PMC0=32.79|PMC12=37.25|PMC18=39.98|PMC19=40.47|PMC20=40.98|PMC21=41.5|PMC22=42.03|PMVG17=23.11|PMVG18=23.38|PMVG20=23.97
CMED;20260508;medicamento;540916090022217;;;COSMED INDUSTRIA DE COSMETICOS E MEDICAMENTOS S.A.;POLARAMINE;10 MG/G CREM DERM CT BG AL X 30 G;MALEATO DE DEXCLORFENIRAMINA;7891142171191;1781708110025;90356683;540916090022217;;N;;22.08;29.62;;;;CMED_ICMS17;20260508;20;PF0=18.33|PF12=20.83|PF18=22.35|PF19=22.63|PF20=22.91|PF21=23.2|PF22=23.5|PMC0=24.59|PMC12=27.94|PMC18=29.98|PMC19=30.36|PMC20=30.73|PMC21=31.12|PMC22=31.52|PMVG17=17.33|PMVG18=17.54|PMVG20=17.98
CMED;20260508;medicamento;540916090022317;;;COSMED INDUSTRIA DE COSMETICOS E MEDICAMENTOS S.A.;POLARAMINE;0,4 MG/ML SOL OR CT FR PLAS AMB X 120 ML + COP;MALEATO DE DEXCLORFENIRAMINA;7891142171757;1781708110041;90356691;540916090022317;;N;;29.45;39.51;;;;CMED_ICMS17;20260508;20;PF0=24.44|PF12=27.77|PF18=29.8|PF19=30.17|PF20=30.55|PF21=30.94|PF22=31.33|PMC0=32.79|PMC12=37.25|PMC18=39.98|PMC19=40.47|PMC20=40.98|PMC21=41.5|PMC22=42.03|PMVG17=23.11|PMVG18=23.38|PMVG20=23.97
CMED;20260508;medicamento;540916090022417;;;COSMED INDUSTRIA DE COSMETICOS E MEDICAMENTOS S.A.;POLARAMINE;2,8 MG/ML SOL OR CT FR PLAS OPC X 20 ML;MALEATO DE DEXCLORFENIRAMINA;7891142171061;1781708110084;90356705;540916090022417;;N;;35.34;47.41;;;;CMED_ICMS17;20260508;20;PF0=29.33|PF12=33.33|PF18=35.77|PF19=36.21|PF20=36.66|PF21=37.13|PF22=37.6|PMC0=39.35|PMC12=44.71|PMC18=47.98|PMC19=48.57|PMC20=49.18|PMC21=49.81|PMC22=50.44|PMVG17=27.73|PMVG18=28.07|PMVG20=28.77
CMED;20260508;medicamento;506314902131419;;;CIFARMA CIENTÍFICA FARMACÊUTICA LTDA;POLARATUSS;(0,4 + 4,0 + 20,0) MG/ML SOL OR CT FR PLAS PET AMB X 120 ML + COP;MALEATO DE DEXCLORFENIRAMINA;7898495603577;1156001460029;90220277;506314902131419;;N;;30.64;41.1;;;;CMED_ICMS17;20260508;20;PF0=25.43|PF12=28.9|PF18=31.01|PF19=31.4|PF20=31.79|PF21=32.19|PF22=32.6|PMC0=34.11|PMC12=38.77|PMC18=41.6|PMC19=42.12|PMC20=42.65|PMC21=43.18|PMC22=43.73|PMVG17=24.04|PMVG18=24.33|PMVG20=24.95
CMED;20260508;medicamento;500424070008207;;;AIRELA INDÚSTRIA FARMACÊUTICA LTDA.;POLARAX;0,4MG/ML SOL OR CT FR PLAS PET AMB X 100 ML + COP;MALEATO DE DEXCLORFENIRAMINA;7894164010479;1449300690014;90586484;500424070008207;;N;;12.6;16.9;;;;CMED_ICMS17;20260508;20;PF0=10.46|PF12=11.89|PF18=12.76|PF19=12.91|PF20=13.08|PF21=13.24|PF22=13.41|PMC0=14.03|PMC12=15.95|PMC18=17.12|PMC19=17.32|PMC20=17.55|PMC21=17.76|PMC22=17.99|PMVG17=9.89|PMVG18=10.01|PMVG20=10.26
CMED;20260508;medicamento;500424070008307;;;AIRELA INDÚSTRIA FARMACÊUTICA LTDA.;POLARAX;0,4MG/ML SOL OR CT FR PLAS PET AMB X 120 ML + COP;MALEATO DE DEXCLORFENIRAMINA;7894164010387;1449300690049;90586506;500424070008307;;N;;14.13;18.95;;;;CMED_ICMS17;20260508;20;PF0=11.73|PF12=13.33|PF18=14.3|PF19=14.48|PF20=14.66|PF21=14.85|PF22=15.04|PMC0=15.74|PMC12=17.88|PMC18=19.18|PMC19=19.42|PMC20=19.67|PMC21=19.92|PMC22=20.18|PMVG17=11.09|PMVG18=11.22|PMVG20=11.5
CMED;20260508;medicamento;500424070008407;;;AIRELA INDÚSTRIA FARMACÊUTICA LTDA.;POLARAX;0,4MG/ML SOL OR CX 48 FR PLAS PET AMB X 100 ML + 48 COP;MALEATO DE DEXCLORFENIRAMINA;7894164010417;1449300690022;90586492;500424070008407;;N;;361.92;485.5;;;;CMED_ICMS17;20260508;20;PF0=300.39|PF12=341.35|PF18=366.33|PF19=370.85|PF20=375.49|PF21=380.24|PF22=385.12|PMC0=402.96|PMC12=457.91|PMC18=491.42|PMC19=497.48|PMC20=503.71|PMC21=510.08|PMC22=516.62|PMVG17=284|PMVG18=287.46|PMVG20=294.65
CMED;20260508;medicamento;500424070008507;;;AIRELA INDÚSTRIA FARMACÊUTICA LTDA.;POLARAX;0,4MG/ML SOL OR CX 48 FR PLAS PET AMB X 120 ML + 48 COP;MALEATO DE DEXCLORFENIRAMINA;7894164010424;1449300690057;90586514;500424070008507;;N;;434.3;582.6;;;;CMED_ICMS17;20260508;20;PF0=360.47|PF12=409.63|PF18=439.6|PF19=445.02|PF20=450.59|PF21=456.29|PF22=462.14|PMC0=483.56|PMC12=549.5|PMC18=589.71|PMC19=596.98|PMC20=604.45|PMC21=612.1|PMC22=619.94|PMVG17=340.8|PMVG18=344.95|PMVG20=353.58
CMED;20260508;medicamento;506312020026603;;;CIFARMA CIENTÍFICA FARMACÊUTICA LTDA;POLAREN;0,4 MG/ML XPE CT FR VD AMB X 100 ML + COP;MALEATO DE DEXCLORFENIRAMINA;7898495603836;1156000830051;90220226;506312020026603;;N;;19.17;25.72;;;;CMED_ICMS17;20260508;20;PF0=15.91|PF12=18.08|PF18=19.4|PF19=19.64|PF20=19.89|PF21=20.14|PF22=20.4|PMC0=21.34|PMC12=24.25|PMC18=26.02|PMC19=26.35|PMC20=26.68|PMC21=27.02|PMC22=27.37|PMVG17=15.04|PMVG18=15.22|PMVG20=15.61
CMED;20260508;medicamento;506323010040507;;;CIFARMA CIENTÍFICA FARMACÊUTICA LTDA;POLAREN;0,4 MG/ML XPE CT FR PLAS PET AMB X 100 ML + COP;MALEATO DE DEXCLORFENIRAMINA;7908020506935;1156000830078;90554728;506323010040507;;N;;19.17;25.72;;;;CMED_ICMS17;20260508;20;PF0=15.91|PF12=18.08|PF18=19.4|PF19=19.64|PF20=19.89|PF21=20.14|PF22=20.4|PMC0=21.34|PMC12=24.25|PMC18=26.02|PMC19=26.35|PMC20=26.68|PMC21=27.02|PMC22=27.37|PMVG17=15.04|PMVG18=15.22|PMVG20=15.61
CMED;20260508;medicamento;506323010040607;;;CIFARMA CIENTÍFICA FARMACÊUTICA LTDA;POLAREN;0,4 MG/ML XPE CX 50 FR PLAS PET AMB X 100 ML + 50 COP;MALEATO DE DEXCLORFENIRAMINA;7908020506942;1156000830086;90554736;506323010040607;;N;;958.69;1286.05;;;;CMED_ICMS17;20260508;20;PF0=795.71|PF12=904.22|PF18=970.38|PF19=982.36|PF20=994.64|PF21=1007.23|PF22=1020.14|PMC0=1067.42|PMC12=1212.98|PMC18=1301.73|PMC19=1317.8|PMC20=1334.27|PMC21=1351.16|PMC22=1368.48|PMVG17=752.28|PMVG18=761.46|PMVG20=780.49
CMED;20260508;medicamento;540926030069607;;;COSMED INDUSTRIA DE COSMETICOS E MEDICAMENTOS S.A.;POLARMINPRO;120 MG COM REV CT BL AL PLAS PVC/PVDC TRANS X 10;CLORIDRATO DE FEXOFENADINA;7896094932067;1781709820026;;540926030069607;;N;;39.7;53.26;;;;CMED_ICMS17;20260508;20;PF0=32.95|PF12=37.44|PF18=40.18|PF19=40.68|PF20=41.19|PF21=41.71|PF22=42.24|PMC0=44.2|PMC12=50.22|PMC18=53.9|PMC19=54.57|PMC20=55.25|PMC21=55.95|PMC22=56.66|PMVG17=31.15|PMVG18=31.53|PMVG20=32.32
CMED;20260508;medicamento;540926030069707;;;COSMED INDUSTRIA DE COSMETICOS E MEDICAMENTOS S.A.;POLARMINPRO;180 MG COM REV CT BL AL PLAS PVC/PVDC TRANS X 10;CLORIDRATO DE FEXOFENADINA;7896094932074;1781709820042;;540926030069707;;N;;58.84;78.93;;;;CMED_ICMS17;20260508;20;PF0=48.84|PF12=55.5|PF18=59.56|PF19=60.3|PF20=61.05|PF21=61.82|PF22=62.62|PMC0=65.52|PMC12=74.45|PMC18=79.9|PMC19=80.89|PMC20=81.9|PMC21=82.93|PMC22=84|PMVG17=46.17|PMVG18=46.74|PMVG20=47.91
CMED;20260508;medicamento;520715110097703;;;LABORATORIO TEUTO BRASILEIRO S/A;POLARYN;0,4 MG/ML SOL OR CT FR PLAS PET AMB X 100 ML + COP;MALEATO DE DEXCLORFENIRAMINA;7896112127727;1037002000231;90339215;520715110097703;;N;;13.11;17.59;;;;CMED_ICMS17;20260508;20;PF0=10.88|PF12=12.36|PF18=13.27|PF19=13.43|PF20=13.6|PF21=13.77|PF22=13.95|PMC0=14.6|PMC12=16.58|PMC18=17.8|PMC19=18.02|PMC20=18.24|PMC21=18.47|PMC22=18.71|PMVG17=10.29|PMVG18=10.41|PMVG20=10.67
CMED;20260508;medicamento;507720301113411;;;EMS S/A;POLICLAVUMOXIL;500 MG + 125 MG COM REV CT BL AL AL X 12;"CLAVULANATO DE POTÁSSIO;AMOXICILINA TRI-HIDRATADA";7896004703718;1023511450014;90370341;507720301113411;;N;;109.88;151.46;;;;CMED_ICMS17;20260508;20;PF0=91.2|PF12=103.64|PF18=111.22|PF19=112.59|PF20=114|PF21=115.44|PF22=116.92|PMC0=125.71|PMC12=142.86|PMC18=153.31|PMC19=155.19|PMC20=157.14|PMC21=159.12|PMC22=161.16|PMVG17=86.22|PMVG18=87.27|PMVG20=89.46
CMED;20260508;medicamento;507720302111412;;;EMS S/A;POLICLAVUMOXIL;500 MG + 125 MG COM REV CT BL AL AL X 18;"CLAVULANATO DE POTÁSSIO;AMOXICILINA TRI-HIDRATADA";7896004703701;1023511450022;90398955;507720302111412;;N;;164.83;227.2;;;;CMED_ICMS17;20260508;20;PF0=136.81|PF12=155.47|PF18=166.84|PF19=168.9|PF20=171.01|PF21=173.18|PF22=175.4|PMC0=188.58|PMC12=214.3|PMC18=229.97|PMC19=232.81|PMC20=235.72|PMC21=238.71|PMC22=241.77|PMVG17=129.34|PMVG18=130.92|PMVG20=134.19
CMED;20260508;medicamento;541819040103907;;;EMS S/A;POLICLAVUMOXIL;50 MG/ML + 12,5 MG/ML PO SUS OR CT FR PLAS OPC X 75 ML + COP;"CLAVULANATO DE POTÁSSIO;AMOXICILINA";7896004703688;1023511430080;90431030;541819040103907;;N;;76.47;105.41;;;;CMED_ICMS17;20260508;20;PF0=63.47|PF12=72.13|PF18=77.4|PF19=78.36|PF20=79.34|PF21=80.34|PF22=81.37|PMC0=87.49|PMC12=99.42|PMC18=106.69|PMC19=108.01|PMC20=109.36|PMC21=110.74|PMC22=112.16|PMVG17=60.01|PMVG18=60.74|PMVG20=62.26
CMED;20260508;medicamento;541821040158403;;;EMS S/A;POLICLAVUMOXIL;500 MG + 125 MG COM REV CT BL AL AL X 21;"CLAVULANATO DE POTÁSSIO;AMOXICILINA TRI-HIDRATADA";7896004778419;1023511450057;90505123;541821040158403;;N;;192.34;265.12;;;;CMED_ICMS17;20260508;20;PF0=159.64|PF12=181.41|PF18=194.68|PF19=197.09|PF20=199.55|PF21=202.08|PF22=204.67|PMC0=220.05|PMC12=250.05|PMC18=268.35|PMC19=271.67|PMC20=275.06|PMC21=278.55|PMC22=282.12|PMVG17=150.93|PMVG18=152.76|PMVG20=156.59
CMED;20260508;medicamento;507720303116418;;;EMS S/A;POLICLAVUMOXIL BD;875 MG + 125 MG COM REV CT BL AL/ AL X 12;"CLAVULANATO DE POTÁSSIO;AMOXICILINA TRI-HIDRATADA";7896004704494;1023511460028;90370333;507720303116418;;N;;198.59;273.74;;;;CMED_ICMS17;20260508;20;PF0=164.83|PF12=187.31|PF18=201.01|PF19=203.49|PF20=206.04|PF21=208.65|PF22=211.32|PMC0=227.2|PMC12=258.19|PMC18=277.07|PMC19=280.49|PMC20=284|PMC21=287.6|PMC22=291.28|PMVG17=155.83|PMVG18=157.73|PMVG20=161.68
CMED;20260508;medicamento;541816030014503;;;EMS S/A;POLICLAVUMOXIL BD;875 MG + 125 MG COM REV CT BL AL/ AL X 14;"CLAVULANATO DE POTÁSSIO;AMOXICILINA TRI-HIDRATADA";7896004737751;1023511460036;90434447;541816030014503;;N;;186.83;257.53;;;;CMED_ICMS17;20260508;20;PF0=155.07|PF12=176.22|PF18=189.11|PF19=191.44|PF20=193.84|PF21=196.29|PF22=198.81|PMC0=213.75|PMC12=242.9|PMC18=260.67|PMC19=263.88|PMC20=267.19|PMC21=270.57|PMC22=274.04|PMVG17=146.61|PMVG18=148.39|PMVG20=152.11
CMED;20260508;medicamento;541820010116807;;;EMS S/A;POLICLAVUMOXIL BD;(80 + 11,4) MG/ML PÓ SUS OR CT FR PLAS OPC X 70 ML + SER DOS + COP;"CLAVULANATO DE POTÁSSIO;AMOXICILINA";7896004704487;1023511440027;90451040;541820010116807;;N;;98.3;135.5;;;;CMED_ICMS17;20260508;20;PF0=81.59|PF12=92.72|PF18=99.5|PF19=100.73|PF20=101.99|PF21=103.28|PF22=104.6|PMC0=112.46|PMC12=127.8|PMC18=137.15|PMC19=138.85|PMC20=140.58|PMC21=142.36|PMC22=144.18|PMVG17=77.14|PMVG18=78.08|PMVG20=80.03
CMED;20260508;medicamento;541825090212903;;;EMS S/A;POLICLAVUMOXIL BD;875 MG + 125 MG COM REV CT BL AL/ AL X 20;"CLAVULANATO DE POTÁSSIO;AMOXICILINA";7896004795027;1023511460044;90610849;541825090212903;;N;;298.95;412.07;;;;CMED_ICMS17;20260508;20;PF0=248.13|PF12=281.97|PF18=302.6|PF19=306.33|PF20=310.16|PF21=314.09|PF22=318.12|PMC0=342.02|PMC12=388.67|PMC18=417.1|PMC19=422.24|PMC20=427.52|PMC21=432.94|PMC22=438.5|PMVG17=234.59|PMVG18=237.45|PMVG20=243.38
CMED;20260508;medicamento;533009201163413;;;UNIÃO QUÍMICA FARMACÊUTICA NACIONAL S/A;POLIDERMS;(0,5+1+10+10) MG/G CREM DERM CT BG AL X 20 G;"CLIOQUINOL;SULFATO DE GENTAMICINA;TOLNAFTATO;VALERATO DE BETAMETASONA";7896006220589;1049701870018;90209389;533009201163413;;N;;43.23;57.99;;;;CMED_ICMS17;20260508;20;PF0=35.88|PF12=40.77|PF18=43.76|PF19=44.3|PF20=44.85|PF21=45.42|PF22=46|PMC0=48.13|PMC12=54.69|PMC18=58.7|PMC19=59.43|PMC20=60.16|PMC21=60.93|PMC22=61.71|PMVG17=33.92|PMVG18=34.34|PMVG20=35.19
CMED;20260508;medicamento;540622040004105;;;VASCONCELOS INDUSTRIA FARMACEUTICA E COMERCIO LTDA;POLIGNUTRI;22,00 MG + 6,30 MG + 0,17 MG + 102,50 MCG + 0,098 MG SOL INJ IV CX 50 AMP VD TRANS X 2 ML;"SULFATO CÚPRICO PENTAIDRATADO;SULFATO DE ZINCO HEPTAIDRATADO;CLORETO CRÔMICO HEXAIDRATADO;ÁCIDO SELENIOSO;SULFATO DE MANGANÊS MONOIDRATADO";7898920500662;1640000150013;90537653;540622040004105;;S;;571.9;;;;;CMED_ICMS17;20260508;20;PF0=474.68|PF12=539.41|PF18=578.88|PF19=586.02|PF20=593.35|PF21=600.86|PF22=608.56|PMVG17=448.77|PMVG18=454.25|PMVG20=465.6
CMED;20260508;medicamento;538821050104604;;;LEGRAND PHARMA INDUSTRIA FARMACEUTICA LTDA;POLIMOXIL;50 MG/ML PO SUS OR CT FR PLAS OPC X 150 ML + COP;AMOXICILINA TRI-HIDRATADA;7896004708157;1677304770037;90509005;538821050104604;;N;;32.6;44.94;;;;CMED_ICMS17;20260508;20;PF0=27.06|PF12=30.75|PF18=33|PF19=33.41|PF20=33.83|PF21=34.25|PF22=34.69|PMC0=37.3|PMC12=42.39|PMC18=45.49|PMC19=46.05|PMC20=46.63|PMC21=47.21|PMC22=47.82|PMVG17=25.58|PMVG18=25.9|PMVG20=26.55
CMED;20260508;medicamento;532800601157412;;;TRB PHARMA INDUSTRIA QUIMICA E FARMACEUTICA LTDA;POLIREUMIN;10 MG/ML SOL INJ CT FA VD INC X 2 ML;HIALURONATO DE SÓDIO;7896281143030;1034100430037;90205049;532800601157412;;N;;484.45;667.76;;;;CMED_ICMS17;20260508;20;PF0=402.09|PF12=456.92|PF18=490.35|PF19=496.41|PF20=502.61|PF21=508.97|PF22=515.5|PMC0=554.24|PMC12=629.82|PMC18=675.9|PMC19=684.25|PMC20=692.8|PMC21=701.56|PMC22=710.56|PMVG17=380.15|PMVG18=384.78|PMVG20=394.4
CMED;20260508;medicamento;541517120005217;;;VIATRIS FARMACEUTICA DO BRASIL LTDA;POLIXIL B;500.000 UI PO LIOF SOL INJ IM/IT/IV CT 25 FA VD TRANS;SULFATO DE POLIMIXINA B;7898560663475;1883000260028;90417380;541517120005217;;S;;3104.37;;;;;CMED_ICMS17;20260508;20;PF0=2576.63|PF12=2927.99|PF18=3142.23|PF19=3181.02|PF20=3220.79|PF21=3261.56|PF22=3303.37|PMVG17=2436|PMVG18=2465.71|PMVG20=2527.35
CMED;20260508;medicamento;541520110018207;;;VIATRIS FARMACEUTICA DO BRASIL LTDA;POLIXIL B;500.000 UI PO LIOF SOL INJ IM/IT/IV CT FA VD TRANS;SULFATO DE POLIMIXINA B;7898560663468;1883000260011;90503716;541520110018207;;S;;124.18;;;;;CMED_ICMS17;20260508;20;PF0=103.07|PF12=117.13|PF18=125.7|PF19=127.25|PF20=128.84|PF21=130.47|PF22=132.14|PMVG17=97.44|PMVG18=98.64|PMVG20=101.1
CMED;20260508;medicamento;541520110018307;;;VIATRIS FARMACEUTICA DO BRASIL LTDA;POLIXIL B;500.000 UI PO LIOF SOL INJ IM/IT/IV CT 10 FA VD TRANS;SULFATO DE POLIMIXINA B;7898560664397;1883000260036;90503724;541520110018307;;S;;1241.76;;;;;CMED_ICMS17;20260508;20;PF0=1030.66|PF12=1171.2|PF18=1256.9|PF19=1272.42|PF20=1288.33|PF21=1304.63|PF22=1321.36|PMVG17=974.41|PMVG18=986.29|PMVG20=1010.95
CMED;20260508;medicamento;510425120195603;;;GEOLAB INDÚSTRIA FARMACÊUTICA S/A;POLOL;40 MG COM CT BL AL PLAS PVC TRANS X 30;CLORIDRATO DE PROPRANOLOL;7899095201200;1542303600015;90619609;510425120195603;;N;;6.45;8.89;;;;CMED_ICMS17;20260508;20;PF0=5.35|PF12=6.08|PF18=6.52|PF19=6.6|PF20=6.69|PF21=6.77|PF22=6.86|PMC0=7.37|PMC12=8.38|PMC18=8.99|PMC19=9.1|PMC20=9.22|PMC21=9.33|PMC22=9.46
CMED;20260508;medicamento;510402101110418;;;GEOLAB INDÚSTRIA FARMACÊUTICA S/A;POLTAX;50 MG COM REV CT BL AL PLAS TRANS X 20;DICLOFENACO POTÁSSICO;7899095201316;1542300260019;90080505;510402101110418;;N;;19.06;26.27;;;;CMED_ICMS17;20260508;20;PF0=15.82|PF12=17.98|PF18=19.29|PF19=19.53|PF20=19.78|PF21=20.03|PF22=20.28|PMC0=21.81|PMC12=24.78|PMC18=26.59|PMC19=26.92|PMC20=27.26|PMC21=27.61|PMC22=27.95|PMVG17=14.96|PMVG18=15.14|PMVG20=15.52
CMED;20260508;medicamento;510402102117416;;;GEOLAB INDÚSTRIA FARMACÊUTICA S/A;POLTAX;50 MG COM REV CT 25 BL AL PLAS TRANS X 20;DICLOFENACO POTÁSSICO;7899095210714;1542300260078;90080513;510402102117416;;N;;530.2;730.83;;;;CMED_ICMS17;20260508;20;PF0=440.07|PF12=500.08|PF18=536.67|PF19=543.3|PF20=550.09|PF21=557.05|PF22=564.19|PMC0=606.59|PMC12=689.31|PMC18=739.74|PMC19=748.88|PMC20=758.24|PMC21=767.84|PMC22=777.68|PMVG17=416.05|PMVG18=421.12|PMVG20=431.66
CMED;20260508;medicamento;510426040197203;;;GEOLAB INDÚSTRIA FARMACÊUTICA S/A;POLTAX;50 MG COM REV CT BL AL PLAS PVC TRANS X 20;DICLOFENACO POTÁSSICO;7899095205772;1542303620024;;510426040197203;;N;;18.14;25;;;;CMED_ICMS17;20260508;20;PF0=15.06|PF12=17.11|PF18=18.37|PF19=18.59|PF20=18.83|PF21=19.06|PF22=19.31|PMC0=20.76|PMC12=23.58|PMC18=25.32|PMC19=25.62|PMC20=25.96|PMC21=26.27|PMC22=26.62|PMVG17=14.23|PMVG18=14.42|PMVG20=14.78
CMED;20260508;medicamento;505300301173413;;;CASA GRANADO LABORATÓRIOS, FARMÁCIAS E DROGARIAS S/A;POLVILHO ANTISSÉPTICO GRANADO;3,0G+0.352G+17.602G+11,735G PO TOP FR PLAS OPC 100 G;"ÁCIDO SALICÍLICO;ÓXIDO DE ZINCO;ENXOFRE;ÁCIDO BÓRICO";7896512904324;1081700300041;90266480;505300301173413;;N;;12.57;16.86;;;;CMED_ICMS17;20260508;20;PF0=10.43|PF12=11.85|PF18=12.72|PF19=12.88|PF20=13.04|PF21=13.2|PF22=13.37|PMC0=13.99|PMC12=15.9|PMC18=17.06|PMC19=17.28|PMC20=17.49|PMC21=17.71|PMC22=17.94|PMVG17=9.86|PMVG18=9.98|PMVG20=10.23
CMED;20260508;medicamento;505300302171414;;;CASA GRANADO LABORATÓRIOS, FARMÁCIAS E DROGARIAS S/A;POLVILHO ANTISSÉPTICO GRANADO;3,0G+0.352G+17.602G+11,735G PO TOP FR PLAS OPC 100 G;"ÁCIDO SALICÍLICO;ÓXIDO DE ZINCO;ENXOFRE;ÁCIDO BÓRICO";7896512904089;1081700300025;90266463;505300302171414;;N;;12.57;16.86;;;;CMED_ICMS17;20260508;20;PF0=10.43|PF12=11.85|PF18=12.72|PF19=12.88|PF20=13.04|PF21=13.2|PF22=13.37|PMC0=13.99|PMC12=15.9|PMC18=17.06|PMC19=17.28|PMC20=17.49|PMC21=17.71|PMC22=17.94|PMVG17=9.86|PMVG18=9.98|PMVG20=10.23
CMED;20260508;medicamento;505300303176411;;;CASA GRANADO LABORATÓRIOS, FARMÁCIAS E DROGARIAS S/A;POLVILHO ANTISSÉPTICO GRANADO;3,0G+0.352G+17.602G+11,735G PO TOP FR PLAS OPC 200 G;"ÁCIDO SALICÍLICO;ÓXIDO DE ZINCO;ENXOFRE;ÁCIDO BÓRICO";7896512902504;1081700300033;90266471;505300303176411;;N;;19.95;26.76;;;;CMED_ICMS17;20260508;20;PF0=16.56|PF12=18.82|PF18=20.2|PF19=20.44|PF20=20.7|PF21=20.96|PF22=21.23|PMC0=22.21|PMC12=25.25|PMC18=27.1|PMC19=27.42|PMC20=27.77|PMC21=28.12|PMC22=28.48|PMVG17=15.65|PMVG18=15.85|PMVG20=16.24
CMED;20260508;medicamento;505300304172418;;;CASA GRANADO LABORATÓRIOS, FARMÁCIAS E DROGARIAS S/A;POLVILHO ANTISSÉPTICO GRANADO;3,0G+0.352G+17.602G+11,735G PO TOP FR PLAS OPC 100 G;"ÁCIDO SALICÍLICO;ÓXIDO DE ZINCO;ENXOFRE;ÁCIDO BÓRICO";7896512904126;1081700300068;90266498;505300304172418;;N;;12.57;16.86;;;;CMED_ICMS17;20260508;20;PF0=10.43|PF12=11.85|PF18=12.72|PF19=12.88|PF20=13.04|PF21=13.2|PF22=13.37|PMC0=13.99|PMC12=15.9|PMC18=17.06|PMC19=17.28|PMC20=17.49|PMC21=17.71|PMC22=17.94|PMVG17=9.86|PMVG18=9.98|PMVG20=10.23
CMED;20260508;medicamento;505302901178315;;;CASA GRANADO LABORATÓRIOS, FARMÁCIAS E DROGARIAS S/A;POLVILHO ANTISSÉPTICO GRANADO;3,0G+0,352G+17,602G+11,735G PO TOP FR PLAS OPC 100G;"ÁCIDO SALICÍLICO;ÓXIDO DE ZINCO;ENXOFRE;ÁCIDO BÓRICO";7896512913708;1081700300084;90266501;505302901178315;;N;;12.57;16.86;;;;CMED_ICMS17;20260508;20;PF0=10.43|PF12=11.85|PF18=12.72|PF19=12.88|PF20=13.04|PF21=13.2|PF22=13.37|PMC0=13.99|PMC12=15.9|PMC18=17.06|PMC19=17.28|PMC20=17.49|PMC21=17.71|PMC22=17.94|PMVG17=9.86|PMVG18=9.98|PMVG20=10.23
CMED;20260508;medicamento;504423040082003;;;BLAU FARMACEUTICA S.A.;POLY B;500.000 UI PO SOL INJ IM/IT/IV CT FA VD TRANS;SULFATO DE POLIMIXINA B;7896014689859;1163701950013;90560698;504423040082003;;S;;79.27;;;;;CMED_ICMS17;20260508;20;PF0=65.79|PF12=74.76|PF18=80.23|PF19=81.22|PF20=82.24|PF21=83.28|PF22=84.35|PMVG17=62.2|PMVG18=62.96|PMVG20=64.53
CMED;20260508;medicamento;504423040082103;;;BLAU FARMACEUTICA S.A.;POLY B;500.000 UI PO SOL INJ IM/IT/IV CT 5 FA VD TRANS;SULFATO DE POLIMIXINA B;7896014689866;1163701950021;90560701;504423040082103;;S;;396.29;;;;;CMED_ICMS17;20260508;20;PF0=328.92|PF12=373.77|PF18=401.12|PF19=406.07|PF20=411.15|PF21=416.35|PF22=421.69|PMVG17=310.97|PMVG18=314.76|PMVG20=322.63
CMED;20260508;medicamento;504423040082203;;;BLAU FARMACEUTICA S.A.;POLY B;500.000 UI PO SOL INJ IM/IT/IV CX 10 FA VD TRANS;SULFATO DE POLIMIXINA B;7896014689873;1163701950031;90560710;504423040082203;;S;;743.76;;;;;CMED_ICMS17;20260508;20;PF0=617.32|PF12=701.5|PF18=752.83|PF19=762.12|PF20=771.65|PF21=781.42|PF22=791.44|PMVG17=583.63|PMVG18=590.75|PMVG20=605.51
CMED;20260508;medicamento;504423040082303;;;BLAU FARMACEUTICA S.A.;POLY B;500.000 UI PO SOL INJ IM/IT/IV CX 20 FA VD TRANS;SULFATO DE POLIMIXINA B;7896014689880;1163701950048;90560728;504423040082303;;S;;1585.14;;;;;CMED_ICMS17;20260508;20;PF0=1315.67|PF12=1495.08|PF18=1604.48|PF19=1624.28|PF20=1644.59|PF21=1665.41|PF22=1686.76|PMVG17=1243.86|PMVG18=1259.04|PMVG20=1290.51
CMED;20260508;medicamento;504423040082403;;;BLAU FARMACEUTICA S.A.;POLY B;500.000 UI PO SOL INJ IM/IT/IV CX 25 FA VD TRANS;SULFATO DE POLIMIXINA B;7896014689897;1163701950056;90560736;504423040082403;;S;;1981.43;;;;;CMED_ICMS17;20260508;20;PF0=1644.59|PF12=1868.85|PF18=2005.6|PF19=2030.36|PF20=2055.74|PF21=2081.76|PF22=2108.45|PMVG17=1554.83|PMVG18=1573.79|PMVG20=1613.14
CMED;20260508;medicamento;533021100076104;;;UNIÃO QUÍMICA FARMACÊUTICA NACIONAL S/A;POLYCID;500.000 UI PO LIOF SOL INJ IM/IT/IV CT 5 FA VD TRANS;SULFATO DE POLIMIXINA B;7896006216759;1049714710022;90519817;533021100076104;;S;;620.9;;;;;CMED_ICMS17;20260508;20;PF0=515.35|PF12=585.63|PF18=628.48|PF19=636.23|PF20=644.19|PF21=652.34|PF22=660.7|PMVG17=487.22|PMVG18=493.17|PMVG20=505.5
CMED;20260508;medicamento;522101601169411;;;LABORATÓRIOS OSÓRIO DE MORAES LTDA;POMADA DE ERVA DE BICHO ADRENALINA E HAMAMÉLIS COMPOSTA IMESCARD;POM RET CT BG AL X 25 G + APLIC;"EPINEFRINA;BENZENO;MENTOL;BENZOCAÍNA";7898089300059;1050400110018;90130332;522101601169411;;N;;43.23;57.99;;;;CMED_ICMS17;20260508;20;PF0=35.88|PF12=40.77|PF18=43.76|PF19=44.3|PF20=44.85|PF21=45.42|PF22=46|PMC0=48.13|PMC12=54.69|PMC18=58.7|PMC19=59.43|PMC20=60.16|PMC21=60.93|PMC22=61.71|PMVG17=33.92|PMVG18=34.34|PMVG20=35.19
CMED;20260508;medicamento;525700101168410;;;MINÂNCORA & CIA LTDA;POMADA MINANCORA;20% + 0,5% + 5% POM DERM PT PLAS OPC X 30 G;"CLORETO DE BENZALCÔNIO;ÓXIDO DE ZINCO;CÂNFORA (2-BORNANONA)";0000078905108;1069000030026;90163508;525700101168410;;N;;16.22;21.76;;;;CMED_ICMS17;20260508;20;PF0=13.46|PF12=15.3|PF18=16.41|PF19=16.62|PF20=16.83|PF21=17.04|PF22=17.26|PMC0=18.06|PMC12=20.52|PMC18=22.01|PMC19=22.3|PMC20=22.58|PMC21=22.86|PMC22=23.15|PMVG17=12.73|PMVG18=12.88|PMVG20=13.21
CMED;20260508;medicamento;541820120155207;;;EMS S/A;POMAGLÓS TRATAMENTO;100.000 UI/G + 200 MG/G POM DERM CT BG AL X 60 G;"NISTATINA;OXIDO DE ZINCO";7896004776743;1023513560011;90500148;541820120155207;;N;;27.27;36.58;;;;CMED_ICMS17;20260508;20;PF0=22.63|PF12=25.72|PF18=27.6|PF19=27.94|PF20=28.29|PF21=28.65|PF22=29.01|PMC0=30.36|PMC12=34.5|PMC18=37.02|PMC19=37.48|PMC20=37.95|PMC21=38.43|PMC22=38.92|PMVG17=21.4|PMVG18=21.66|PMVG20=22.2
CMED;20260508;medicamento;505122110023202;;;BRISTOL-MYERS SQUIBB FARMACÊUTICA LTDA;POMALYST;1 MG CAP DURA CT BL AL PLAS PVC/PCTFE TRANS X 21;POMALIDOMIDA;7896016808517;1018004120025;90551354;505122110023202;;N;;14169.18;19007.45;;;;CMED_ICMS17;20260508;20;PF0=11760.42|PF12=13364.12|PF18=14341.97|PF19=14519.04|PF20=14700.53|PF21=14886.61|PF22=15077.46|PMC0=15776.18|PMC12=17927.49|PMC18=19239.24|PMC19=19476.78|PMC20=19720.24|PMC21=19969.86|PMC22=20225.88|PMVG17=11118.56|PMVG18=11254.14|PMVG20=11535.51
CMED;20260508;medicamento;505122110023302;;;BRISTOL-MYERS SQUIBB FARMACÊUTICA LTDA;POMALYST;1 MG CAP DURA CT BL AL PLAS PVC/PCTFE TRANS X 14;POMALIDOMIDA;7896016808500;1018004120017;90551346;505122110023302;;N;;9446.12;12671.63;;;;CMED_ICMS17;20260508;20;PF0=7840.28|PF12=8909.41|PF18=9561.32|PF19=9679.36|PF20=9800.35|PF21=9924.41|PF22=10051.64|PMC0=10517.46|PMC12=11951.66|PMC18=12826.17|PMC19=12984.52|PMC20=13146.82|PMC21=13313.24|PMC22=13483.92|PMVG17=7412.37|PMVG18=7502.77|PMVG20=7690.33
CMED;20260508;medicamento;505122110023402;;;BRISTOL-MYERS SQUIBB FARMACÊUTICA LTDA;POMALYST;2 MG CAP DURA CT BL AL PLAS PVC/PCTFE TRANS X 14;POMALIDOMIDA;7896016808524;1018004120033;90551362;505122110023402;;N;;10306.41;13825.68;;;;CMED_ICMS17;20260508;20;PF0=8554.32|PF12=9720.82|PF18=10432.1|PF19=10560.89|PF20=10692.9|PF21=10828.26|PF22=10967.07|PMC0=11475.32|PMC12=13040.13|PMC18=13994.29|PMC19=14167.06|PMC20=14344.14|PMC21=14525.73|PMC22=14711.93|PMVG17=8087.44|PMVG18=8186.07|PMVG20=8390.72
CMED;20260508;medicamento;505122110023502;;;BRISTOL-MYERS SQUIBB FARMACÊUTICA LTDA;POMALYST;2 MG CAP DURA CT BL AL PLAS PVC/PCTFE TRANS X 21;POMALIDOMIDA;7896016808531;1018004120041;90551370;505122110023502;;N;;15459.62;20738.53;;;;CMED_ICMS17;20260508;20;PF0=12831.49|PF12=14581.24|PF18=15648.16|PF19=15841.35|PF20=16039.36|PF21=16242.4|PF22=16450.62|PMC0=17212.99|PMC12=19560.21|PMC18=20991.45|PMC19=21250.61|PMC20=21516.23|PMC21=21788.6|PMC22=22067.92|PMVG17=12131.16|PMVG18=12279.11|PMVG20=12586.09
CMED;20260508;medicamento;505122110023602;;;BRISTOL-MYERS SQUIBB FARMACÊUTICA LTDA;POMALYST;3 MG CAP DURA CT BL AL PLAS PVC/PCTFE TRANS X 14;POMALIDOMIDA;7896016808548;1018004120051;90551389;505122110023602;;N;;10306.41;13825.68;;;;CMED_ICMS17;20260508;20;PF0=8554.32|PF12=9720.82|PF18=10432.1|PF19=10560.89|PF20=10692.9|PF21=10828.26|PF22=10967.07|PMC0=11475.32|PMC12=13040.13|PMC18=13994.29|PMC19=14167.06|PMC20=14344.14|PMC21=14525.73|PMC22=14711.93|PMVG17=8087.44|PMVG18=8186.07|PMVG20=8390.72
CMED;20260508;medicamento;505122110023702;;;BRISTOL-MYERS SQUIBB FARMACÊUTICA LTDA;POMALYST;3 MG CAP DURA CT BL AL PLAS PVC/PCTFE TRANS X 21;POMALIDOMIDA;7896016808555;1018004120068;90551397;505122110023702;;N;;15459.62;20738.53;;;;CMED_ICMS17;20260508;20;PF0=12831.49|PF12=14581.24|PF18=15648.16|PF19=15841.35|PF20=16039.36|PF21=16242.4|PF22=16450.62|PMC0=17212.99|PMC12=19560.21|PMC18=20991.45|PMC19=21250.61|PMC20=21516.23|PMC21=21788.6|PMC22=22067.92|PMVG17=12131.16|PMVG18=12279.11|PMVG20=12586.09
CMED;20260508;medicamento;505122110023802;;;BRISTOL-MYERS SQUIBB FARMACÊUTICA LTDA;POMALYST;4 MG CAP DURA CT BL AL PLAS PVC/PCTFE TRANS X 14;POMALIDOMIDA;7896016808562;1018004120076;90551400;505122110023802;;N;;13264.3;17793.59;;;;CMED_ICMS17;20260508;20;PF0=11009.37|PF12=12510.65|PF18=13426.06|PF19=13591.82|PF20=13761.71|PF21=13935.91|PF22=14114.57|PMC0=14768.68|PMC12=16782.59|PMC18=18010.58|PMC19=18232.94|PMC20=18460.84|PMC21=18694.53|PMC22=18934.19|PMVG17=10408.5|PMVG18=10535.43|PMVG20=10798.81
CMED;20260508;medicamento;505122110023902;;;BRISTOL-MYERS SQUIBB FARMACÊUTICA LTDA;POMALYST;4 MG CAP DURA CT BL AL PLAS PVC/PCTFE TRANS X 21;POMALIDOMIDA;7896016808579;1018004120084;90551419;505122110023902;;N;;20612.78;27651.31;;;;CMED_ICMS17;20260508;20;PF0=17108.61|PF12=19441.61|PF18=20864.16|PF19=21121.74|PF20=21385.76|PF21=21656.47|PF22=21934.11|PMC0=22950.59|PMC12=26080.23|PMC18=27988.53|PMC19=28334.06|PMC20=28688.24|PMC21=29051.38|PMC22=29423.83|PMVG17=16174.85|PMVG18=16372.11|PMVG20=16781.41
CMED;20260508;medicamento;503405301169412;;;BELFAR LTDA;POMICINA;5,0 MG/G POM DERM CT TB AL X 20 G;SULFATO DE NEOMICINA;7897917000543;1057100400012;90023188;503405301169412;;N;;22.27;29.87;;;;CMED_ICMS17;20260508;20;PF0=18.48|PF12=21|PF18=22.54|PF19=22.81|PF20=23.1|PF21=23.39|PF22=23.69|PMC0=24.79|PMC12=28.17|PMC18=30.24|PMC19=30.6|PMC20=30.99|PMC21=31.38|PMC22=31.78|PMVG17=17.48|PMVG18=17.69|PMVG20=18.13
CMED;20260508;medicamento;508011001116417;;;EUROFARMA LABORATORIOS S.A.;PONDERA;10 MG COM REV CT BL AL PLAS PVC TRANS X 10;CLORIDRATO DE PAROXETINA;7891317440022;1004306370156;90070348;508011001116417;;N;;28.04;38.65;;;;CMED_ICMS17;20260508;20;PF0=23.27|PF12=26.44|PF18=28.38|PF19=28.73|PF20=29.09|PF21=29.46|PF22=29.83|PMC0=32.08|PMC12=36.44|PMC18=39.12|PMC19=39.6|PMC20=40.1|PMC21=40.61|PMC22=41.12|PMVG17=22|PMVG18=22.27|PMVG20=22.83
CMED;20260508;medicamento;508011002112415;;;EUROFARMA LABORATORIOS S.A.;PONDERA;10 MG COM REV CT BL AL PLAS PVC TRANS X 20;CLORIDRATO DE PAROXETINA;7891317421526;1004306370172;90070356;508011002112415;;N;;55.98;77.16;;;;CMED_ICMS17;20260508;20;PF0=46.46|PF12=52.8|PF18=56.66|PF19=57.36|PF20=58.08|PF21=58.81|PF22=59.56|PMC0=64.04|PMC12=72.78|PMC18=78.1|PMC19=79.06|PMC20=80.06|PMC21=81.06|PMC22=82.1|PMVG17=43.93|PMVG18=44.46|PMVG20=45.58
CMED;20260508;medicamento;508011006118418;;;EUROFARMA LABORATORIOS S.A.;PONDERA;20 MG COM REV CT BL AL PLAS PVC TRANS X 30;CLORIDRATO DE PAROXETINA;7891317006938;1004306370024;90070399;508011006118418;;N;;168.2;231.85;;;;CMED_ICMS17;20260508;20;PF0=139.61|PF12=158.65|PF18=170.26|PF19=172.36|PF20=174.51|PF21=176.72|PF22=178.99|PMC0=192.44|PMC12=218.68|PMC18=234.69|PMC19=237.58|PMC20=240.54|PMC21=243.59|PMC22=246.72|PMVG17=131.99|PMVG18=133.6|PMVG20=136.94
CMED;20260508;medicamento;508011007114416;;;EUROFARMA LABORATORIOS S.A.;PONDERA;30 MG COM REV CT BL AL PLAS PVC TRANS X 30;CLORIDRATO DE PAROXETINA;7891317008529;1004306370113;90070445;508011007114416;;N;;257.57;355.03;;;;CMED_ICMS17;20260508;20;PF0=213.78|PF12=242.93|PF18=260.71|PF19=263.93|PF20=267.23|PF21=270.61|PF22=274.08|PMC0=294.67|PMC12=334.85|PMC18=359.36|PMC19=363.8|PMC20=368.35|PMC21=373.01|PMC22=377.79|PMVG17=202.12|PMVG18=204.58|PMVG20=209.7
CMED;20260508;medicamento;508011008110414;;;EUROFARMA LABORATORIOS S.A.;PONDERA;20 MG COM REV CT BL AL PLAS PVC TRANS X 10;CLORIDRATO DE PAROXETINA;7891317440039;1004306370040;90070402;508011008110414;;N;;65.41;90.16;;;;CMED_ICMS17;20260508;20;PF0=54.29|PF12=61.69|PF18=66.21|PF19=67.02|PF20=67.86|PF21=68.72|PF22=69.6|PMC0=74.83|PMC12=85.03|PMC18=91.26|PMC19=92.38|PMC20=93.54|PMC21=94.72|PMC22=95.94|PMVG17=51.33|PMVG18=51.96|PMVG20=53.25
CMED;20260508;medicamento;508011010115411;;;EUROFARMA LABORATORIOS S.A.;PONDERA;15 MG COM REV CT BL AL PLAS TRANS X 10;CLORIDRATO DE PAROXETINA;7891317474041;1004309470011;90070364;508011010115411;;N;;27.98;38.57;;;;CMED_ICMS17;20260508;20;PF0=23.22|PF12=26.39|PF18=28.32|PF19=28.67|PF20=29.03|PF21=29.39|PF22=29.77|PMC0=32.01|PMC12=36.38|PMC18=39.04|PMC19=39.52|PMC20=40.01|PMC21=40.51|PMC22=41.03|PMVG17=21.96|PMVG18=22.22|PMVG20=22.78
CMED;20260508;medicamento;508011011111418;;;EUROFARMA LABORATORIOS S.A.;PONDERA;15 MG COM REV CT BL AL PLAS TRANS X 20;CLORIDRATO DE PAROXETINA;7891317421557;1004309470021;90070372;508011011111418;;N;;56;77.19;;;;CMED_ICMS17;20260508;20;PF0=46.48|PF12=52.82|PF18=56.68|PF19=57.38|PF20=58.1|PF21=58.84|PF22=59.59|PMC0=64.07|PMC12=72.81|PMC18=78.13|PMC19=79.09|PMC20=80.08|PMC21=81.1|PMC22=82.14|PMVG17=43.94|PMVG18=44.48|PMVG20=45.59
CMED;20260508;medicamento;508011012118416;;;EUROFARMA LABORATORIOS S.A.;PONDERA;25 MG COM REV CT BL AL PLAS TRANS X 10;CLORIDRATO DE PAROXETINA;7891317474058;1004309470046;90070410;508011012118416;;N;;57.28;78.95;;;;CMED_ICMS17;20260508;20;PF0=47.54|PF12=54.02|PF18=57.98|PF19=58.69|PF20=59.43|PF21=60.18|PF22=60.95|PMC0=65.53|PMC12=74.46|PMC18=79.92|PMC19=80.9|PMC20=81.92|PMC21=82.95|PMC22=84.01|PMVG17=44.95|PMVG18=45.5|PMVG20=46.64
CMED;20260508;medicamento;508011013114414;;;EUROFARMA LABORATORIOS S.A.;PONDERA;25 MG COM REV CT BL AL PLAS TRANS X 20;CLORIDRATO DE PAROXETINA;7891317421595;1004309470054;90070429;508011013114414;;N;;114.58;157.94;;;;CMED_ICMS17;20260508;20;PF0=95.1|PF12=108.07|PF18=115.98|PF19=117.41|PF20=118.88|PF21=120.38|PF22=121.92|PMC0=131.09|PMC12=148.96|PMC18=159.87|PMC19=161.84|PMC20=163.86|PMC21=165.93|PMC22=168.05|PMVG17=89.91|PMVG18=91.01|PMVG20=93.29
CMED;20260508;medicamento;508020110137207;;;EUROFARMA LABORATORIOS S.A.;PONDERA;40 MG COM REV CT BL AL PLAS TRANS X 20;CLORIDRATO DE PAROXETINA;7891317421618;1004309470089;90495284;508020110137207;;N;;229.08;315.76;;;;CMED_ICMS17;20260508;20;PF0=190.14|PF12=216.07|PF18=231.88|PF19=234.74|PF20=237.68|PF21=240.68|PF22=243.77|PMC0=262.09|PMC12=297.83|PMC18=319.62|PMC19=323.56|PMC20=327.62|PMC21=331.75|PMC22=336.01|PMVG17=179.76|PMVG18=181.96|PMVG20=186.51
CMED;20260508;medicamento;508025110196103;;;EUROFARMA LABORATORIOS S.A.;PONDERA;10 MG COM REV CT BL AL PLAS PVC TRANS X 30;CLORIDRATO DE PAROXETINA;7891317045753;1004306370148;90615050;508025110196103;;N;;84.05;115.85;;;;CMED_ICMS17;20260508;20;PF0=69.76|PF12=79.27|PF18=85.07|PF19=86.12|PF20=87.2|PF21=88.3|PF22=89.44|PMC0=96.16|PMC12=109.27|PMC18=117.26|PMC19=118.71|PMC20=120.2|PMC21=121.71|PMC22=123.28|PMVG17=65.95|PMVG18=66.75|PMVG20=68.43
CMED;20260508;medicamento;508025120196403;;;EUROFARMA LABORATORIOS S.A.;PONDERA;40 MG COM REV CT BL AL PLAS TRANS X 30;CLORIDRATO DE PAROXETINA;7891317045784;1004309470097;90619579;508025120196403;;N;;343.64;473.67;;;;CMED_ICMS17;20260508;20;PF0=285.22|PF12=324.11|PF18=347.83|PF19=352.12|PF20=356.53|PF21=361.04|PF22=365.67|PMC0=393.15|PMC12=446.75|PMC18=479.45|PMC19=485.36|PMC20=491.44|PMC21=497.66|PMC22=504.04|PMVG17=269.65|PMVG18=272.94|PMVG20=279.77
CMED;20260508;medicamento;508025120196503;;;EUROFARMA LABORATORIOS S.A.;PONDERA;15 MG COM REV CT BL AL PLAS TRANS X 30;CLORIDRATO DE PAROXETINA;7891317045760;1004309470038;90619552;508025120196503;;N;;83.96;115.73;;;;CMED_ICMS17;20260508;20;PF0=69.69|PF12=79.19|PF18=84.99|PF19=86.04|PF20=87.11|PF21=88.22|PF22=89.35|PMC0=96.06|PMC12=109.16|PMC18=117.15|PMC19=118.6|PMC20=120.07|PMC21=121.6|PMC22=123.16|PMVG17=65.88|PMVG18=66.69|PMVG20=68.35
CMED;20260508;medicamento;508025120196603;;;EUROFARMA LABORATORIOS S.A.;PONDERA;25 MG COM REV CT BL AL PLAS TRANS X 30;CLORIDRATO DE PAROXETINA;7891317045777;1004309470062;90619560;508025120196603;;N;;171.86;236.89;;;;CMED_ICMS17;20260508;20;PF0=142.64|PF12=162.09|PF18=173.95|PF19=176.1|PF20=178.3|PF21=180.56|PF22=182.87|PMC0=196.61|PMC12=223.42|PMC18=239.77|PMC19=242.74|PMC20=245.77|PMC21=248.88|PMC22=252.07|PMVG17=134.86|PMVG18=136.5|PMVG20=139.91
CMED;20260508;medicamento;508019120126107;;;EUROFARMA LABORATORIOS S.A.;PONDERA XR;12,5 MG COM LIB MOD CT BL AL PLAS PVC/PVDC/PCTFE TRANS X 10;CLORIDRATO DE PAROXETINA HEMI-HIDRATADO;7891317002886;1004312680013;90447794;508019120126107;;N;;24.98;34.43;;;;CMED_ICMS17;20260508;20;PF0=20.73|PF12=23.56|PF18=25.28|PF19=25.59|PF20=25.91|PF21=26.24|PF22=26.58|PMC0=28.57|PMC12=32.48|PMC18=34.85|PMC19=35.27|PMC20=35.71|PMC21=36.17|PMC22=36.64|PMVG17=19.6|PMVG18=19.84|PMVG20=20.33
CMED;20260508;medicamento;508019120126207;;;EUROFARMA LABORATORIOS S.A.;PONDERA XR;12,5 MG COM LIB MOD CT BL AL PLAS PVC/PVDC/PCTFE TRANS X 30;CLORIDRATO DE PAROXETINA HEMI-HIDRATADO;7891317002862;1004312680031;90447808;508019120126207;;N;;74.88;103.21;;;;CMED_ICMS17;20260508;20;PF0=62.15|PF12=70.63|PF18=75.79|PF19=76.73|PF20=77.69|PF21=78.67|PF22=79.68|PMC0=85.67|PMC12=97.36|PMC18=104.47|PMC19=105.76|PMC20=107.09|PMC21=108.44|PMC22=109.83|PMVG17=58.76|PMVG18=59.47|PMVG20=60.96
CMED;20260508;medicamento;508019120126307;;;EUROFARMA LABORATORIOS S.A.;PONDERA XR;25 MG COM LIB MOD CT BL AL PLAS PVC/PVDC/PCTFE TRANS X 10;CLORIDRATO DE PAROXETINA HEMI-HIDRATADO;7891317002893;1004312680048;90447816;508019120126307;;N;;38.01;52.39;;;;CMED_ICMS17;20260508;20;PF0=31.55|PF12=35.85|PF18=38.48|PF19=38.95|PF20=39.44|PF21=39.94|PF22=40.45|PMC0=43.49|PMC12=49.42|PMC18=53.04|PMC19=53.69|PMC20=54.36|PMC21=55.05|PMC22=55.76|PMVG17=29.83|PMVG18=30.2|PMVG20=30.95
CMED;20260508;medicamento;508019120126407;;;EUROFARMA LABORATORIOS S.A.;PONDERA XR;25 MG COM LIB MOD CT BL AL PLAS PVC/PVDC/PCTFE TRANS X 30;CLORIDRATO DE PAROXETINA HEMI-HIDRATADO;7891317002879;1004312680064;90448022;508019120126407;;N;;114.05;157.21;;;;CMED_ICMS17;20260508;20;PF0=94.66|PF12=107.57|PF18=115.44|PF19=116.86|PF20=118.33|PF21=119.82|PF22=121.36|PMC0=130.48|PMC12=148.27|PMC18=159.12|PMC19=161.08|PMC20=163.11|PMC21=165.16|PMC22=167.28|PMVG17=89.5|PMVG18=90.59|PMVG20=92.85
CMED;20260508;medicamento;538811601111410;;;LEGRAND PHARMA INDUSTRIA FARMACEUTICA LTDA;PONSDRIL;500 MG COM CT BL AL PLAS OPC X 24;ÁCIDO MEFENÂMICO;7896004716640;1677304210041;90370201;538811601111410;;N;;23.07;31.8;;;;CMED_ICMS17;20260508;20;PF0=19.15|PF12=21.76|PF18=23.35|PF19=23.64|PF20=23.94|PF21=24.24|PF22=24.55|PMC0=26.4|PMC12=29.99|PMC18=32.19|PMC19=32.59|PMC20=33|PMC21=33.41|PMC22=33.84|PMVG17=18.1|PMVG18=18.32|PMVG20=18.79
CMED;20260508;medicamento;522718010069617;;;PFIZER BRASIL LTDA;PONSTAN;500 MG COM CT BL AL PLAS AMB X 24;ÁCIDO MEFENÂMICO;7891268118001;1211003810031;90405579;522718010069617;;N;;35.57;49.03;;;;CMED_ICMS17;20260508;20;PF0=29.52|PF12=33.55|PF18=36|PF19=36.44|PF20=36.9|PF21=37.37|PF22=37.85|PMC0=40.69|PMC12=46.25|PMC18=49.62|PMC19=50.23|PMC20=50.86|PMC21=51.51|PMC22=52.17|PMVG17=27.91|PMVG18=28.25|PMVG20=28.96
CMED;20260508;medicamento;504116090056304;;;BIOLAB SANUS FARMACEUTICA LTDA;POSICOR;10 MG COM CT BL AL PLAS TRANS X 10;EZETIMIBA;7896112400219;1097402340017;90347714;504116090056304;;N;;27.52;37.93;;;;CMED_ICMS17;20260508;20;PF0=22.84|PF12=25.95|PF18=27.85|PF19=28.2|PF20=28.55|PF21=28.91|PF22=29.28|PMC0=31.48|PMC12=35.77|PMC18=38.39|PMC19=38.87|PMC20=39.35|PMC21=39.85|PMC22=40.36|PMVG17=21.59|PMVG18=21.85|PMVG20=22.4
CMED;20260508;medicamento;504116090056404;;;BIOLAB SANUS FARMACEUTICA LTDA;POSICOR;10 MG COM CT BL AL PLAS TRANS X 30;EZETIMIBA;7896112400226;1097402340041;90347722;504116090056404;;N;;82.58;113.83;;;;CMED_ICMS17;20260508;20;PF0=68.54|PF12=77.89|PF18=83.59|PF19=84.62|PF20=85.68|PF21=86.76|PF22=87.87|PMC0=94.48|PMC12=107.36|PMC18=115.22|PMC19=116.64|PMC20=118.1|PMC21=119.59|PMC22=121.12|PMVG17=64.8|PMVG18=65.59|PMVG20=67.23
CMED;20260508;medicamento;504117090058804;;;BIOLAB SANUS FARMACEUTICA LTDA;POSICOR SIN;10 + 20 MG COM CT BL AL AL X 28;"SINVASTATINA;EZETIMIBA";7896112400455;1097402350330;90373499;504117090058804;;N;;138.17;190.45;;;;CMED_ICMS17;20260508;20;PF0=114.68|PF12=130.32|PF18=139.85|PF19=141.58|PF20=143.35|PF21=145.16|PF22=147.03|PMC0=158.07|PMC12=179.63|PMC18=192.77|PMC19=195.15|PMC20=197.59|PMC21=200.09|PMC22=202.67|PMVG17=108.42|PMVG18=109.74|PMVG20=112.49
CMED;20260508;medicamento;504123100085803;;;BIOLAB SANUS FARMACEUTICA LTDA;POSICOR SIN;10 + 20 MG COM CT BL AL PLAS TRANS X 30;"SINVASTATINA;EZETIMIBA";7896112407980;1097402350871;90572181;504123100085803;;N;;148.02;204.03;;;;CMED_ICMS17;20260508;20;PF0=122.86|PF12=139.61|PF18=149.83|PF19=151.68|PF20=153.58|PF21=155.52|PF22=157.51|PMC0=169.35|PMC12=192.44|PMC18=206.53|PMC19=209.08|PMC20=211.69|PMC21=214.37|PMC22=217.11|PMVG17=116.15|PMVG18=117.57|PMVG20=120.52
CMED;20260508;medicamento;506321010037317;;;CIFARMA CIENTÍFICA FARMACÊUTICA LTDA;POSLOV;1,5 MG COM CT BL AL PLAS PVC TRANS X 1;LEVONORGESTREL;7908020503125;1156002190017;90499085;506321010037317;;N;;11.89;16.39;;;;CMED_ICMS17;20260508;20;PF0=9.87|PF12=11.22|PF18=12.04|PF19=12.19|PF20=12.34|PF21=12.49|PF22=12.65|PMC0=13.6|PMC12=15.47|PMC18=16.6|PMC19=16.8|PMC20=17.01|PMC21=17.22|PMC22=17.44|PMVG17=9.33|PMVG18=9.45|PMVG20=9.68
CMED;20260508;medicamento;501602201160313;;;APSEN FARMACEUTICA S/A;POSTEC;2,5 MG + 150 UTR POM DERM CT BG AL X 10 G;"HIALURONIDASE;VALERATO DE BETAMETASONA";7896637023078;1011801640017;90009894;501602201160313;;N;;58.24;78.13;;;;CMED_ICMS17;20260508;20;PF0=48.34|PF12=54.93|PF18=58.95|PF19=59.68|PF20=60.43|PF21=61.19|PF22=61.97|PMC0=64.85|PMC12=73.69|PMC18=79.08|PMC19=80.06|PMC20=81.06|PMC21=82.08|PMC22=83.13|PMVG17=45.7|PMVG18=46.26|PMVG20=47.42
CMED;20260508;medicamento;501602202167311;;;APSEN FARMACEUTICA S/A;POSTEC;2,5 MG + 150 UTR POM DERM CT BG AL X 20 G;"HIALURONIDASE;VALERATO DE BETAMETASONA";7896637025362;1011801640033;90009886;501602202167311;;N;;112.27;150.61;;;;CMED_ICMS17;20260508;20;PF0=93.18|PF12=105.89|PF18=113.63|PF19=115.04|PF20=116.48|PF21=117.95|PF22=119.46|PMC0=125|PMC12=142.05|PMC18=152.43|PMC19=154.32|PMC20=156.25|PMC21=158.23|PMC22=160.25|PMVG17=88.1|PMVG18=89.16|PMVG20=91.4
CMED;20260508;medicamento;607926010000704;;;GEDEON RICHTER DO BRASIL IMPORTADORA, EXPORTADORA E DISTRIBUIDORA S.A.;POSTINOR UNO;1,5 MG COM CT BL AL PLAS PVC TRANS X 1;LEVONORGESTREL;7898994651956;1912900050019;;607926010000704;;N;;16.51;22.76;;;;CMED_ICMS17;20260508;20;PF0=13.7|PF12=15.57|PF18=16.71|PF19=16.91|PF20=17.13|PF21=17.34|PF22=17.56|PMC0=18.88|PMC12=21.46|PMC18=23.03|PMC19=23.31|PMC20=23.61|PMC21=23.9|PMC22=24.2|PMVG17=12.96|PMVG18=13.11|PMVG20=13.44
CMED;20260508;medicamento;526625010012507;;;NOVO NORDISK FARMACÊUTICA DO BRASIL LTDA;POVIZTRA;0,68 MG/ML SOL INJ SC CT 1 CAR VD TRANS X 1,5 ML + 1 SIST APLIC PLAS + 4 AGULHAS NOVOFINE PLUS;SEMAGLUTIDA;7897705203606;1176600420010;90603982;526625010012507;;N;;968;1298.54;;;;CMED_ICMS17;20260508;20;PF0=803.44|PF12=913|PF18=979.8|PF19=991.9|PF20=1004.3|PF21=1017.01|PF22=1030.05|PMC0=1077.79|PMC12=1224.76|PMC18=1314.37|PMC19=1330.6|PMC20=1347.23|PMC21=1364.28|PMC22=1381.78|PMVG17=759.59|PMVG18=768.85|PMVG20=788.07
CMED;20260508;medicamento;526625010012607;;;NOVO NORDISK FARMACÊUTICA DO BRASIL LTDA;POVIZTRA;1,34 MG/ML SOL INJ SC CT 1 CAR VD TRANS X 1,5 ML + 1 SIST APLIC PLAS + 4 AGULHAS NOVOFINE PLUS;SEMAGLUTIDA;7897705203613;1176600420029;90603990;526625010012607;;N;;968;1298.54;;;;CMED_ICMS17;20260508;20;PF0=803.44|PF12=913|PF18=979.8|PF19=991.9|PF20=1004.3|PF21=1017.01|PF22=1030.05|PMC0=1077.79|PMC12=1224.76|PMC18=1314.37|PMC19=1330.6|PMC20=1347.23|PMC21=1364.28|PMC22=1381.78|PMVG17=759.59|PMVG18=768.85|PMVG20=788.07
CMED;20260508;medicamento;526625010012707;;;NOVO NORDISK FARMACÊUTICA DO BRASIL LTDA;POVIZTRA;1,34 MG/ML SOL INJ SC CT 1 CAR VD TRANS X 3 ML + 1 SIST APLIC PLAS + 4 AGULHAS NOVOFINE PLUS;SEMAGLUTIDA;7897705203620;1176600420037;90604008;526625010012707;;N;;968;1298.54;;;;CMED_ICMS17;20260508;20;PF0=803.44|PF12=913|PF18=979.8|PF19=991.9|PF20=1004.3|PF21=1017.01|PF22=1030.05|PMC0=1077.79|PMC12=1224.76|PMC18=1314.37|PMC19=1330.6|PMC20=1347.23|PMC21=1364.28|PMC22=1381.78|PMVG17=759.59|PMVG18=768.85|PMVG20=788.07
CMED;20260508;medicamento;526625010012807;;;NOVO NORDISK FARMACÊUTICA DO BRASIL LTDA;POVIZTRA;2,27 MG/ML SOL INJ SC CT 1 CAR VD TRANS X 3 ML + 1 SIST APLIC PLAS + 4 AGULHAS NOVOFINE PLUS;SEMAGLUTIDA;7897705203637;1176600420045;90604016;526625010012807;;N;;1449.98;1945.1;;;;CMED_ICMS17;20260508;20;PF0=1203.48|PF12=1367.59|PF18=1467.66|PF19=1485.78|PF20=1504.35|PF21=1523.39|PF22=1542.92|PMC0=1614.43|PMC12=1834.57|PMC18=1968.81|PMC19=1993.12|PMC20=2018.03|PMC21=2043.57|PMC22=2069.77|PMVG17=1137.8|PMVG18=1151.67|PMVG20=1180.46
CMED;20260508;medicamento;526625010012907;;;NOVO NORDISK FARMACÊUTICA DO BRASIL LTDA;POVIZTRA;3,2 MG/ML SOL INJ SC CT 1 CAR VD TRANS X 3 ML + 1 SIST APLIC PLAS + 4 AGULHAS NOVOFINE PLUS;SEMAGLUTIDA;7897705203644;1176600420053;90604024;526625010012907;;N;;1864.98;2501.8;;;;CMED_ICMS17;20260508;20;PF0=1547.93|PF12=1759.01|PF18=1887.72|PF19=1911.02|PF20=1934.91|PF21=1959.41|PF22=1984.53|PMC0=2076.49|PMC12=2359.65|PMC18=2532.31|PMC19=2563.57|PMC20=2595.61|PMC21=2628.48|PMC22=2662.18|PMVG17=1463.45|PMVG18=1481.29|PMVG20=1518.32
CMED;20260508;medicamento;523706401116414;;;LIBBS FARMACÊUTICA LTDA;POZATO UNI;1,5 MG COM REV CT BL AL PLAS INC X 1;LEVONORGESTREL;7896094201644;1003301250014;90145275;523706401116414;;N;;29.13;40.15;;;;CMED_ICMS17;20260508;20;PF0=24.18|PF12=27.48|PF18=29.49|PF19=29.85|PF20=30.23|PF21=30.61|PF22=31|PMC0=33.33|PMC12=37.88|PMC18=40.65|PMC19=41.15|PMC20=41.67|PMC21=42.19|PMC22=42.73|PMVG17=22.86|PMVG18=23.14|PMVG20=23.72
CMED;20260508;medicamento;506423070052707;;;CIMED INDUSTRIA S.A;PRAALERGIA;180 MG COM REV CT BL AL PLAS PVDC TRANS X 6;CLORIDRATO DE FEXOFENADINA;7896523228426;1438102840154;90565789;506423070052707;;N;;38.6;51.78;;;;CMED_ICMS17;20260508;20;PF0=32.04|PF12=36.41|PF18=39.07|PF19=39.56|PF20=40.05|PF21=40.56|PF22=41.08|PMC0=42.98|PMC12=48.84|PMC18=52.41|PMC19=53.07|PMC20=53.73|PMC21=54.41|PMC22=55.11|PMVG17=30.29|PMVG18=30.66|PMVG20=31.43
CMED;20260508;medicamento;506423070052807;;;CIMED INDUSTRIA S.A;PRAALERGIA;120 MG COM REV CT BL AL PLAS PVDC TRANS X 6;CLORIDRATO DE FEXOFENADINA;7896523228419;1438102840091;90565770;506423070052807;;N;;27.12;36.38;;;;CMED_ICMS17;20260508;20;PF0=22.51|PF12=25.58|PF18=27.45|PF19=27.79|PF20=28.14|PF21=28.49|PF22=28.86|PMC0=30.2|PMC12=34.31|PMC18=36.82|PMC19=37.28|PMC20=37.75|PMC21=38.22|PMC22=38.71|PMVG17=21.28|PMVG18=21.54|PMVG20=22.08
CMED;20260508;medicamento;504505102115314;;;BOEHRINGER INGELHEIM DO BRASIL QUIMICA E FARMACEUTICA LTDA.;PRADAXA;75 MG CAP DURA CT BL AL/AL X 30;MESILATO DE ETEXILATO DE DABIGATRANA;7896026303088;1036701600027;90033280;504505102115314;;N;;153.07;210.99;;;;CMED_ICMS17;20260508;20;PF0=127.05|PF12=144.38|PF18=154.94|PF19=156.85|PF20=158.81|PF21=160.82|PF22=162.88|PMC0=175.13|PMC12=199.01|PMC18=213.57|PMC19=216.2|PMC20=218.9|PMC21=221.67|PMC22=224.51|PMVG17=120.11|PMVG18=121.58|PMVG20=124.62
CMED;20260508;medicamento;504505103111312;;;BOEHRINGER INGELHEIM DO BRASIL QUIMICA E FARMACEUTICA LTDA.;PRADAXA;110 MG CAP DURA CT BL AL/AL X 30;MESILATO DE ETEXILATO DE DABIGATRANA;7896026303057;1036701600061;90033264;504505103111312;;N;;153.07;210.99;;;;CMED_ICMS17;20260508;20;PF0=127.05|PF12=144.38|PF18=154.94|PF19=156.85|PF20=158.81|PF21=160.82|PF22=162.88|PMC0=175.13|PMC12=199.01|PMC18=213.57|PMC19=216.2|PMC20=218.9|PMC21=221.67|PMC22=224.51|PMVG17=120.11|PMVG18=121.58|PMVG20=124.62
CMED;20260508;medicamento;504505104118310;;;BOEHRINGER INGELHEIM DO BRASIL QUIMICA E FARMACEUTICA LTDA.;PRADAXA;110 MG CAP DURA CT BL AL/AL X 10;MESILATO DE ETEXILATO DE DABIGATRANA;7896026303101;1036701600051;90033256;504505104118310;;N;;51.05;70.37;;;;CMED_ICMS17;20260508;20;PF0=42.37|PF12=48.15|PF18=51.67|PF19=52.31|PF20=52.96|PF21=53.63|PF22=54.32|PMC0=58.4|PMC12=66.37|PMC18=71.22|PMC19=72.1|PMC20=73|PMC21=73.92|PMC22=74.87|PMVG17=40.06|PMVG18=40.55|PMVG20=41.56
CMED;20260508;medicamento;504505105114319;;;BOEHRINGER INGELHEIM DO BRASIL QUIMICA E FARMACEUTICA LTDA.;PRADAXA;110 MG CAP DURA CT BL AL/AL X 60;MESILATO DE ETEXILATO DE DABIGATRANA;7896026303064;1036701600078;90219406;504505105114319;;N;;306.11;421.94;;;;CMED_ICMS17;20260508;20;PF0=254.07|PF12=288.72|PF18=309.84|PF19=313.67|PF20=317.59|PF21=321.61|PF22=325.73|PMC0=350.21|PMC12=397.97|PMC18=427.08|PMC19=432.36|PMC20=437.76|PMC21=443.31|PMC22=448.98|PMVG17=240.2|PMVG18=243.13|PMVG20=249.21
CMED;20260508;medicamento;504505106110317;;;BOEHRINGER INGELHEIM DO BRASIL QUIMICA E FARMACEUTICA LTDA.;PRADAXA;150MG CAP DURA CT BL AL/AL X 10;MESILATO DE ETEXILATO DE DABIGATRANA;7896026304696;1036701600094;90219414;504505106110317;;N;;51.05;70.37;;;;CMED_ICMS17;20260508;20;PF0=42.37|PF12=48.15|PF18=51.67|PF19=52.31|PF20=52.96|PF21=53.63|PF22=54.32|PMC0=58.4|PMC12=66.37|PMC18=71.22|PMC19=72.1|PMC20=73|PMC21=73.92|PMC22=74.87|PMVG17=40.06|PMVG18=40.55|PMVG20=41.56
CMED;20260508;medicamento;504505107117315;;;BOEHRINGER INGELHEIM DO BRASIL QUIMICA E FARMACEUTICA LTDA.;PRADAXA;150MG CAP DURA CT BL AL/AL X 30;MESILATO DE ETEXILATO DE DABIGATRANA;7896026304702;1036701600108;90219422;504505107117315;;N;;153.07;210.99;;;;CMED_ICMS17;20260508;20;PF0=127.05|PF12=144.38|PF18=154.94|PF19=156.85|PF20=158.81|PF21=160.82|PF22=162.88|PMC0=175.13|PMC12=199.01|PMC18=213.57|PMC19=216.2|PMC20=218.9|PMC21=221.67|PMC22=224.51|PMVG17=120.11|PMVG18=121.58|PMVG20=124.62
CMED;20260508;medicamento;504505108113313;;;BOEHRINGER INGELHEIM DO BRASIL QUIMICA E FARMACEUTICA LTDA.;PRADAXA;150MG CAP DURA CT BL AL/AL X 60;MESILATO DE ETEXILATO DE DABIGATRANA;7896026304719;1036701600116;90219430;504505108113313;;N;;306.11;421.94;;;;CMED_ICMS17;20260508;20;PF0=254.07|PF12=288.72|PF18=309.84|PF19=313.67|PF20=317.59|PF21=321.61|PF22=325.73|PMC0=350.21|PMC12=397.97|PMC18=427.08|PMC19=432.36|PMC20=437.76|PMC21=443.31|PMC22=448.98|PMVG17=240.2|PMVG18=243.13|PMVG20=249.21
CMED;20260508;medicamento;508017010115403;;;EUROFARMA LABORATORIOS S.A.;PRAIVA;400 MG COM REV CT BL AL AL X 5;CLORIDRATO DE MOXIFLOXACINO;7891317124465;1004311870013;90361369;508017010115403;;N;;128.63;177.3;;;;CMED_ICMS17;20260508;20;PF0=106.76|PF12=121.32|PF18=130.2|PF19=131.8|PF20=133.45|PF21=135.14|PF22=136.87|PMC0=147.16|PMC12=167.23|PMC18=179.47|PMC19=181.67|PMC20=183.95|PMC21=186.28|PMC22=188.66|PMVG17=100.94|PMVG18=102.17|PMVG20=104.72
CMED;20260508;medicamento;508017010115503;;;EUROFARMA LABORATORIOS S.A.;PRAIVA;400 MG COM REV CT BL AL AL X 7;CLORIDRATO DE MOXIFLOXACINO;7891317124458;1004311870021;90361385;508017010115503;;N;;170.9;235.57;;;;CMED_ICMS17;20260508;20;PF0=141.85|PF12=161.19|PF18=172.99|PF19=175.12|PF20=177.31|PF21=179.56|PF22=181.86|PMC0=195.53|PMC12=222.18|PMC18=238.45|PMC19=241.38|PMC20=244.4|PMC21=247.5|PMC22=250.68|PMVG17=134.11|PMVG18=135.75|PMVG20=139.13
CMED;20260508;medicamento;506422080050907;;;CIMED INDUSTRIA S.A;PRALÍVIO;400 MG CAP MOLE CT BL AL PLAS PVC/PE/PVDC TRANS X 10;IBUPROFENO;7896523201320;1438102820048;90549058;506422080050907;;N;;18.16;24.36;;;;CMED_ICMS17;20260508;20;PF0=15.07|PF12=17.13|PF18=18.38|PF19=18.6|PF20=18.84|PF21=19.08|PF22=19.32|PMC0=20.22|PMC12=22.98|PMC18=24.66|PMC19=24.95|PMC20=25.27|PMC21=25.6|PMC22=25.92|PMVG17=14.25|PMVG18=14.42|PMVG20=14.78
CMED;20260508;medicamento;506423020051807;;;CIMED INDUSTRIA S.A;PRALÍVIO;100 MG/ML SUS OR CT FR GOT PLAS OPC X 20 ML;IBUPROFENO;7896523201771;1438102850011;90558472;506423020051807;;N;;19.13;25.66;;;;CMED_ICMS17;20260508;20;PF0=15.88|PF12=18.05|PF18=19.37|PF19=19.6|PF20=19.85|PF21=20.1|PF22=20.36|PMC0=21.3|PMC12=24.21|PMC18=25.98|PMC19=26.29|PMC20=26.63|PMC21=26.96|PMC22=27.31|PMVG17=15.01|PMVG18=15.2|PMVG20=15.58
CMED;20260508;medicamento;576720040063717;;;SANOFI MEDLEY FARMACÊUTICA LTDA.;PRALUENT;75 MG/ML SOL INJ SC CT 2 SER PREENC VD TRANS X 1,0 ML + 2 CAN APLIC;ALIROCUMABE;7891058020415;1832603390050;90458680;576720040063717;;N;;2807.23;3765.8;;;;CMED_ICMS17;20260508;20;PF0=2330|PF12=2647.73|PF18=2841.46|PF19=2876.54|PF20=2912.5|PF21=2949.37|PF22=2987.18|PMC0=3125.61|PMC12=3551.84|PMC18=3811.72|PMC19=3858.78|PMC20=3907.02|PMC21=3956.47|PMC22=4007.2|PMVG17=2202.83|PMVG18=2229.69|PMVG20=2285.44
CMED;20260508;medicamento;576720040063917;;;SANOFI MEDLEY FARMACÊUTICA LTDA.;PRALUENT;150 MG/ML SOL INJ SC CT SER PREENC VD TRANS X 1,0 ML + CAN APLIC;ALIROCUMABE;7891058020460;1832603390107;90458702;576720040063917;;N;;1342.29;1800.63;;;;CMED_ICMS17;20260508;20;PF0=1114.1|PF12=1266.02|PF18=1358.66|PF19=1375.43|PF20=1392.63|PF21=1410.25|PF22=1428.33|PMC0=1494.53|PMC12=1698.32|PMC18=1822.59|PMC19=1845.09|PMC20=1868.16|PMC21=1891.8|PMC22=1916.05|PMVG17=1053.29|PMVG18=1066.14|PMVG20=1092.8
CMED;20260508;medicamento;505508002111414;;;CAZI QUIMICA FARMACEUTICA INDUSTRIA E COMERCIO LTDA;PRANOLAL;40 MG COM CT FR VD AMB X 50;CLORIDRATO DE PROPRANOLOL;7893736001631;1071500760017;90038789;505508002111414;;N;;14.94;20.59;;;;CMED_ICMS17;20260508;20;PF0=12.4|PF12=14.09|PF18=15.12|PF19=15.31|PF20=15.5|PF21=15.7|PF22=15.9|PMC0=17.09|PMC12=19.42|PMC18=20.84|PMC19=21.1|PMC20=21.37|PMC21=21.64|PMC22=21.92
CMED;20260508;medicamento;505522080022303;;;CAZI QUIMICA FARMACEUTICA INDUSTRIA E COMERCIO LTDA;PRANOLAL;10 MG COM CT FR VD AMB X 50;CLORIDRATO DE PROPRANOLOL;7893736011647;1071500760051;90038770;505522080022303;;N;;3.69;5.09;;;;CMED_ICMS17;20260508;20;PF0=3.06|PF12=3.48|PF18=3.73|PF19=3.78|PF20=3.83|PF21=3.87|PF22=3.92|PMC0=4.22|PMC12=4.8|PMC18=5.14|PMC19=5.21|PMC20=5.28|PMC21=5.33|PMC22=5.4
CMED;20260508;medicamento;528524901165417;;;PRATI DONADUZZI & CIA LTDA;PRATIDERM;100.000UI/G + 200MG/G POM DERM CT BG AL X 60G;"NISTATINA;ÓXIDO DE ZINCO";7898148296255;1256801380018;90182383;528524901165417;;N;;22.58;30.29;;;;CMED_ICMS17;20260508;20;PF0=18.74|PF12=21.3|PF18=22.85|PF19=23.14|PF20=23.43|PF21=23.72|PF22=24.03|PMC0=25.14|PMC12=28.57|PMC18=30.65|PMC19=31.04|PMC20=31.43|PMC21=31.82|PMC22=32.24|PMVG17=17.72|PMVG18=17.93|PMVG20=18.39
CMED;20260508;medicamento;528524903168413;;;PRATI DONADUZZI & CIA LTDA;PRATIDERM;100.000UI/G + 200MG/G POM DERM CX 50 BG AL X 60G;"NISTATINA;ÓXIDO DE ZINCO";7898148296262;1256801380026;90237927;528524903168413;;S;;1357.72;;;;;CMED_ICMS17;20260508;20;PF0=1126.91|PF12=1280.58|PF18=1374.28|PF19=1391.25|PF20=1408.64|PF21=1426.47|PF22=1444.76|PMVG17=1065.4|PMVG18=1078.4|PMVG20=1105.36
CMED;20260508;medicamento;528524060194103;;;PRATI DONADUZZI & CIA LTDA;PRATIPRAZOL;20 MG CAP DURA LIB RETARD CT BL AL PLAS PVC/PE/PVDC TRANS X 7;OMEPRAZOL;7899547531411;1256803370011;90587022;528524060194103;;N;;8.16;11.25;;;;CMED_ICMS17;20260508;20;PF0=6.77|PF12=7.69|PF18=8.26|PF19=8.36|PF20=8.46|PF21=8.57|PF22=8.68|PMC0=9.33|PMC12=10.6|PMC18=11.39|PMC19=11.52|PMC20=11.66|PMC21=11.81|PMC22=11.96|PMVG17=6.4|PMVG18=6.48|PMVG20=6.64
CMED;20260508;medicamento;528524060194203;;;PRATI DONADUZZI & CIA LTDA;PRATIPRAZOL;20 MG CAP DURA LIB RETARD CT BL AL AL X 280 (EMB FRAC);OMEPRAZOL;7899547531756;1256803370524;90587138;528524060194203;;N;;326.23;449.67;;;;CMED_ICMS17;20260508;20;PF0=270.77|PF12=307.69|PF18=330.21|PF19=334.28|PF20=338.46|PF21=342.75|PF22=347.14|PMC0=373.23|PMC12=424.12|PMC18=455.16|PMC19=460.77|PMC20=466.53|PMC21=472.45|PMC22=478.5|PMVG17=255.99|PMVG18=259.12|PMVG20=265.59
CMED;20260508;medicamento;528524060194303;;;PRATI DONADUZZI & CIA LTDA;PRATIPRAZOL;20 MG CAP DURA LIB RETARD CT BL AL AL X 280;OMEPRAZOL;7899547531763;1256803370532;90587146;528524060194303;;S;;326.23;;;;;CMED_ICMS17;20260508;20;PF0=270.77|PF12=307.69|PF18=330.21|PF19=334.28|PF20=338.46|PF21=342.75|PF22=347.14|PMVG17=255.99|PMVG18=259.12|PMVG20=265.59
CMED;20260508;medicamento;528524060194403;;;PRATI DONADUZZI & CIA LTDA;PRATIPRAZOL;40 MG CAP DURA LIB RETARD CT BL AL PLAS PVC/PE/PVDC TRANS X 28;OMEPRAZOL;7899547531848;1256803370699;90587162;528524060194403;;N;;153.75;211.93;;;;CMED_ICMS17;20260508;20;PF0=127.61|PF12=145.01|PF18=155.62|PF19=157.54|PF20=159.51|PF21=161.53|PF22=163.6|PMC0=175.9|PMC12=199.88|PMC18=214.51|PMC19=217.15|PMC20=219.87|PMC21=222.65|PMC22=225.51|PMVG17=120.65|PMVG18=122.11|PMVG20=125.17
CMED;20260508;medicamento;528524060194503;;;PRATI DONADUZZI & CIA LTDA;PRATIPRAZOL;20 MG CAP DURA LIB RETARD CT BL AL PLAS PVC/PE/PVDC TRANS X 280;OMEPRAZOL;7899547531565;1256803370206;90587073;528524060194503;;S;;326.23;;;;;CMED_ICMS17;20260508;20;PF0=270.77|PF12=307.69|PF18=330.21|PF19=334.28|PF20=338.46|PF21=342.75|PF22=347.14|PMVG17=255.99|PMVG18=259.12|PMVG20=265.59
CMED;20260508;medicamento;528524060194603;;;PRATI DONADUZZI & CIA LTDA;PRATIPRAZOL;20 MG CAP DURA LIB RETARD CT BL AL PLAS PVC/PE/PVDC TRANS X 28;OMEPRAZOL;7899547531435;1256803370044;90587030;528524060194603;;N;;32.61;44.95;;;;CMED_ICMS17;20260508;20;PF0=27.07|PF12=30.76|PF18=33.01|PF19=33.42|PF20=33.84|PF21=34.27|PF22=34.71|PMC0=37.31|PMC12=42.4|PMC18=45.5|PMC19=46.07|PMC20=46.64|PMC21=47.24|PMC22=47.84|PMVG17=25.59|PMVG18=25.9|PMVG20=26.55
CMED;20260508;medicamento;528524060194703;;;PRATI DONADUZZI & CIA LTDA;PRATIPRAZOL;20 MG CAP DURA LIB RETARD CT BL AL PLAS PVC/PE/PVDC TRANS X 56;OMEPRAZOL;7899547531466;1256803370079;90587049;528524060194703;;N;;65.24;89.93;;;;CMED_ICMS17;20260508;20;PF0=54.15|PF12=61.53|PF18=66.04|PF19=66.85|PF20=67.69|PF21=68.54|PF22=69.42|PMC0=74.64|PMC12=84.81|PMC18=91.03|PMC19=92.15|PMC20=93.3|PMC21=94.48|PMC22=95.69|PMVG17=51.19|PMVG18=51.82|PMVG20=53.12
CMED;20260508;medicamento;528524060194803;;;PRATI DONADUZZI & CIA LTDA;PRATIPRAZOL;20 MG CAP DURA LIB RETARD CT BL AL PLAS PVC/PE/PVDC TRANS X 280 (EMB FRAC);OMEPRAZOL;7899547531558;1256803370192;90587065;528524060194803;;N;;326.23;449.67;;;;CMED_ICMS17;20260508;20;PF0=270.77|PF12=307.69|PF18=330.21|PF19=334.28|PF20=338.46|PF21=342.75|PF22=347.14|PMC0=373.23|PMC12=424.12|PMC18=455.16|PMC19=460.77|PMC20=466.53|PMC21=472.45|PMC22=478.5|PMVG17=255.99|PMVG18=259.12|PMVG20=265.59
CMED;20260508;medicamento;528524060194903;;;PRATI DONADUZZI & CIA LTDA;PRATIPRAZOL;40 MG CAP DURA LIB RETARD CT BL AL AL X 28;OMEPRAZOL;7899547531985;1256803370834;90587170;528524060194903;;N;;153.75;211.93;;;;CMED_ICMS17;20260508;20;PF0=127.61|PF12=145.01|PF18=155.62|PF19=157.54|PF20=159.51|PF21=161.53|PF22=163.6|PMC0=175.9|PMC12=199.88|PMC18=214.51|PMC19=217.15|PMC20=219.87|PMC21=222.65|PMC22=225.51|PMVG17=120.65|PMVG18=122.11|PMVG20=125.17
CMED;20260508;medicamento;528524060195003;;;PRATI DONADUZZI & CIA LTDA;PRATIPRAZOL;20 MG CAP DURA LIB RETARD CT BL AL AL X 84;OMEPRAZOL;7899547531688;1256803370427;90587120;528524060195003;;N;;97.87;134.9;;;;CMED_ICMS17;20260508;20;PF0=81.23|PF12=92.31|PF18=99.06|PF19=100.28|PF20=101.54|PF21=102.82|PF22=104.14|PMC0=111.97|PMC12=127.24|PMC18=136.54|PMC19=138.23|PMC20=139.96|PMC21=141.73|PMC22=143.55|PMVG17=76.8|PMVG18=77.73|PMVG20=79.68
CMED;20260508;medicamento;528524060195103;;;PRATI DONADUZZI & CIA LTDA;PRATIPRAZOL;20 MG CAP DURA LIB RETARD CT BL AL AL X 28;OMEPRAZOL;7899547531633;1256803370370;90587103;528524060195103;;N;;32.61;44.95;;;;CMED_ICMS17;20260508;20;PF0=27.07|PF12=30.76|PF18=33.01|PF19=33.42|PF20=33.84|PF21=34.27|PF22=34.71|PMC0=37.31|PMC12=42.4|PMC18=45.5|PMC19=46.07|PMC20=46.64|PMC21=47.24|PMC22=47.84|PMVG17=25.59|PMVG18=25.9|PMVG20=26.55
CMED;20260508;medicamento;528524060195203;;;PRATI DONADUZZI & CIA LTDA;PRATIPRAZOL;20 MG CAP DURA LIB RETARD CT BL AL AL X 56;OMEPRAZOL;7899547531664;1256803370400;90587111;528524060195203;;N;;65.24;89.93;;;;CMED_ICMS17;20260508;20;PF0=54.15|PF12=61.53|PF18=66.04|PF19=66.85|PF20=67.69|PF21=68.54|PF22=69.42|PMC0=74.64|PMC12=84.81|PMC18=91.03|PMC19=92.15|PMC20=93.3|PMC21=94.48|PMC22=95.69|PMVG17=51.19|PMVG18=51.82|PMVG20=53.12
CMED;20260508;medicamento;528524060195303;;;PRATI DONADUZZI & CIA LTDA;PRATIPRAZOL;20 MG CAP DURA LIB RETARD CT BL AL PLAS PVC/PE/PVDC TRANS X 84;OMEPRAZOL;7899547531480;1256803370095;90587057;528524060195303;;N;;97.87;134.9;;;;CMED_ICMS17;20260508;20;PF0=81.23|PF12=92.31|PF18=99.06|PF19=100.28|PF20=101.54|PF21=102.82|PF22=104.14|PMC0=111.97|PMC12=127.24|PMC18=136.54|PMC19=138.23|PMC20=139.96|PMC21=141.73|PMC22=143.55|PMVG17=76.8|PMVG18=77.73|PMVG20=79.68
CMED;20260508;medicamento;528524060195403;;;PRATI DONADUZZI & CIA LTDA;PRATIPRAZOL;20 MG CAP DURA LIB RETARD CT BL AL AL X 7;OMEPRAZOL;7899547531619;1256803370346;90587090;528524060195403;;N;;8.16;11.25;;;;CMED_ICMS17;20260508;20;PF0=6.77|PF12=7.69|PF18=8.26|PF19=8.36|PF20=8.46|PF21=8.57|PF22=8.68|PMC0=9.33|PMC12=10.6|PMC18=11.39|PMC19=11.52|PMC20=11.66|PMC21=11.81|PMC22=11.96|PMVG17=6.4|PMVG18=6.48|PMVG20=6.64
CMED;20260508;medicamento;528524060197303;;;PRATI DONADUZZI & CIA LTDA;PRATIPRAZOL;20 MG CAP DURA LIB RETARD CT BL AL AL X 560;OMEPRAZOL;7899547531794;1256803370613;90587154;528524060197303;;N;;651.65;898.23;;;;CMED_ICMS17;20260508;20;PF0=540.87|PF12=614.63|PF18=659.6|PF19=667.74|PF20=676.09|PF21=684.65|PF22=693.42|PMC0=745.53|PMC12=847.2|PMC18=909.19|PMC19=920.41|PMC20=931.92|PMC21=943.72|PMC22=955.81|PMVG17=511.35|PMVG18=517.59|PMVG20=530.53
CMED;20260508;medicamento;528524060197403;;;PRATI DONADUZZI & CIA LTDA;PRATIPRAZOL;20 MG CAP DURA LIB RETARD CT BL AL PLAS PVC/PE/PVDC TRANS X 560;OMEPRAZOL;7899547531596;1256803370291;90587081;528524060197403;;N;;651.65;898.23;;;;CMED_ICMS17;20260508;20;PF0=540.87|PF12=614.63|PF18=659.6|PF19=667.74|PF20=676.09|PF21=684.65|PF22=693.42|PMC0=745.53|PMC12=847.2|PMC18=909.19|PMC19=920.41|PMC20=931.92|PMC21=943.72|PMC22=955.81|PMVG17=511.35|PMVG18=517.59|PMVG20=530.53
CMED;20260508;medicamento;540917060031217;;;COSMED INDUSTRIA DE COSMETICOS E MEDICAMENTOS S.A.;PRATIUM;140 MG/ML SUS OR CT FR PLAS OPC GOT X 15 ML;PARACETAMOL;7891142137135;1781707950011;90389336;540917060031217;;N;;29.45;39.51;;;;CMED_ICMS17;20260508;20;PF0=24.44|PF12=27.77|PF18=29.8|PF19=30.17|PF20=30.55|PF21=30.94|PF22=31.33|PMC0=32.79|PMC12=37.25|PMC18=39.98|PMC19=40.47|PMC20=40.98|PMC21=41.5|PMC22=42.03|PMVG17=23.11|PMVG18=23.38|PMVG20=23.97
CMED;20260508;medicamento;525071201111113;;;SANOFI MEDLEY FARMACÊUTICA LTDA.;PRAVASTATINA SÓDICA;10 MG COM CT BL AL AL X 30;PRAVASTATINA SÓDICA;7896422519151;1832601060029;90368479;525071201111113;S;N;;61.47;84.73;;;;CMED_ICMS17;20260508;20;PF0=51.02|PF12=57.98|PF18=62.22|PF19=62.99|PF20=63.78|PF21=64.58|PF22=65.41|PMC0=70.33|PMC12=79.92|PMC18=85.76|PMC19=86.83|PMC20=87.91|PMC21=89.02|PMC22=90.16
CMED;20260508;medicamento;525071202118111;;;SANOFI MEDLEY FARMACÊUTICA LTDA.;PRAVASTATINA SÓDICA;20 MG COM CT BL AL AL X 30;PRAVASTATINA SÓDICA;7896422519168;1832601060045;90368487;525071202118111;S;N;;90.86;125.24;;;;CMED_ICMS17;20260508;20;PF0=75.41|PF12=85.69|PF18=91.96|PF19=93.1|PF20=94.26|PF21=95.46|PF22=96.68|PMC0=103.94|PMC12=118.11|PMC18=126.76|PMC19=128.33|PMC20=129.93|PMC21=131.58|PMC22=133.26
CMED;20260508;medicamento;525071203114111;;;SANOFI MEDLEY FARMACÊUTICA LTDA.;PRAVASTATINA SÓDICA;40 MG COM CT BL AL AL X 30;PRAVASTATINA SÓDICA;7896422519175;1832601060061;90368495;525071203114111;S;N;;181.72;250.48;;;;CMED_ICMS17;20260508;20;PF0=150.83|PF12=171.4|PF18=183.94|PF19=186.21|PF20=188.54|PF21=190.92|PF22=193.37|PMC0=207.9|PMC12=236.26|PMC18=253.54|PMC19=256.67|PMC20=259.88|PMC21=263.16|PMC22=266.54
CMED;20260508;medicamento;538000505111115;;;ACCORD FARMACÊUTICA LTDA;PRAVASTATINA SÓDICA;20 MG COM CT BL AL/AL X 30;PRAVASTATINA SÓDICA;7898902274505;1553700060047;90002679;538000505111115;S;N;;100.96;139.16;;;;CMED_ICMS17;20260508;20;PF0=83.8|PF12=95.23|PF18=102.2|PF19=103.46|PF20=104.75|PF21=106.08|PF22=107.44|PMC0=115.51|PMC12=131.26|PMC18=140.87|PMC19=142.61|PMC20=144.39|PMC21=146.22|PMC22=148.09
CMED;20260508;medicamento;504517090020902;;;BOEHRINGER INGELHEIM DO BRASIL QUIMICA E FARMACEUTICA LTDA.;PRAXBIND;50 MG/ML SOL INJ CT 2 FA VD TRANS X 50 ML;IDARUCIZUMABE;7896026306935;1036701750010;90373944;504517090020902;;S;;14370;;;;;CMED_ICMS17;20260508;20;PF0=11927.1|PF12=13553.53|PF18=14545.24|PF19=14724.82|PF20=14908.88|PF21=15097.6|PF22=15291.15|PMVG17=11276.14|PMVG18=11413.65|PMVG20=11699
CMED;20260508;medicamento;525010502111412;;;SANOFI MEDLEY FARMACÊUTICA LTDA.;PRAZOL;15 MG CAP DURA LIB RETARD CT BL AL PLAS TRANS X 28;LANSOPRAZOL;7896422501972;1832600910045;90365291;525010502111412;;N;;52.83;72.82;;;;CMED_ICMS17;20260508;20;PF0=43.85|PF12=49.83|PF18=53.48|PF19=54.14|PF20=54.81|PF21=55.51|PF22=56.22|PMC0=60.44|PMC12=68.69|PMC18=73.72|PMC19=74.63|PMC20=75.55|PMC21=76.51|PMC22=77.49|PMVG17=41.46|PMVG18=41.97|PMVG20=43.01
CMED;20260508;medicamento;525010503118410;;;SANOFI MEDLEY FARMACÊUTICA LTDA.;PRAZOL;30 MG CAP DURA LIB RETARD CT BL AL PLAS TRANS X 14;LANSOPRAZOL;7896422505888;1832600910029;90365259;525010503118410;;N;;50.65;69.82;;;;CMED_ICMS17;20260508;20;PF0=42.04|PF12=47.77|PF18=51.27|PF19=51.9|PF20=52.55|PF21=53.22|PF22=53.9|PMC0=57.95|PMC12=65.85|PMC18=70.67|PMC19=71.54|PMC20=72.43|PMC21=73.36|PMC22=74.3|PMVG17=39.75|PMVG18=40.23|PMVG20=41.24
CMED;20260508;medicamento;538820050074317;;;LEGRAND PHARMA INDUSTRIA FARMACEUTICA LTDA;PRAZY;40 MG COM REV LIB RETARD CT BL AL AL X 28;PANTOPRAZOL SÓDICO SESQUI-HIDRATADO;7896004755427;1677306360030;90475186;538820050074317;;N;;181.29;249.89;;;;CMED_ICMS17;20260508;20;PF0=150.47|PF12=170.99|PF18=183.5|PF19=185.77|PF20=188.09|PF21=190.47|PF22=192.91|PMC0=207.41|PMC12=235.69|PMC18=252.94|PMC19=256.06|PMC20=259.26|PMC21=262.54|PMC22=265.91|PMVG17=142.26|PMVG18=143.99|PMVG20=147.59
CMED;20260508;medicamento;538820050074417;;;LEGRAND PHARMA INDUSTRIA FARMACEUTICA LTDA;PRAZY;20 MG COM REV LIB RETARD CT BL AL AL X 28;PANTOPRAZOL SÓDICO SESQUI-HIDRATADO;7896004755410;1677306360091;90475194;538820050074417;;N;;101.7;140.18;;;;CMED_ICMS17;20260508;20;PF0=84.41|PF12=95.92|PF18=102.94|PF19=104.21|PF20=105.51|PF21=106.85|PF22=108.22|PMC0=116.35|PMC12=132.22|PMC18=141.89|PMC19=143.64|PMC20=145.43|PMC21=147.28|PMC22=149.17|PMVG17=79.8|PMVG18=80.78|PMVG20=82.79
CMED;20260508;medicamento;538821010099307;;;LEGRAND PHARMA INDUSTRIA FARMACEUTICA LTDA;PRAZY;20 MG COM REV LIB RETARD CT BL AL AL X 14;PANTOPRAZOL SÓDICO SESQUI-HIDRATADO;7896004770390;1677306360081;90501373;538821010099307;;N;;63.99;88.2;;;;CMED_ICMS17;20260508;20;PF0=53.11|PF12=60.35|PF18=64.77|PF19=65.57|PF20=66.39|PF21=67.23|PF22=68.09|PMC0=73.21|PMC12=83.19|PMC18=89.28|PMC19=90.38|PMC20=91.51|PMC21=92.67|PMC22=93.85|PMVG17=50.21|PMVG18=50.83|PMVG20=52.1
CMED;20260508;medicamento;538821010099407;;;LEGRAND PHARMA INDUSTRIA FARMACEUTICA LTDA;PRAZY;40 MG COM REV LIB RETARD CT BL AL AL X 56;PANTOPRAZOL SÓDICO SESQUI-HIDRATADO;7896004770451;1677306360138;90501381;538821010099407;;N;;453.61;625.25;;;;CMED_ICMS17;20260508;20;PF0=376.5|PF12=427.84|PF18=459.15|PF19=464.81|PF20=470.63|PF21=476.58|PF22=482.69|PMC0=518.97|PMC12=589.73|PMC18=632.89|PMC19=640.69|PMC20=648.71|PMC21=656.92|PMC22=665.34|PMVG17=355.95|PMVG18=360.3|PMVG20=369.3
CMED;20260508;medicamento;538821010099507;;;LEGRAND PHARMA INDUSTRIA FARMACEUTICA LTDA;PRAZY;40 MG COM REV LIB RETARD CT BL AL AL X 42;PANTOPRAZOL SÓDICO SESQUI-HIDRATADO;7896004770444;1677306360146;90501390;538821010099507;;N;;340.2;468.93;;;;CMED_ICMS17;20260508;20;PF0=282.37|PF12=320.88|PF18=344.35|PF19=348.6|PF20=352.96|PF21=357.43|PF22=362.01|PMC0=389.22|PMC12=442.3|PMC18=474.65|PMC19=480.51|PMC20=486.52|PMC21=492.68|PMC22=498.99|PMVG17=266.95|PMVG18=270.21|PMVG20=276.97
CMED;20260508;medicamento;538821010099607;;;LEGRAND PHARMA INDUSTRIA FARMACEUTICA LTDA;PRAZY;20 MG COM REV LIB RETARD CT BL AL AL X 42;PANTOPRAZOL SÓDICO SESQUI-HIDRATADO;7896004770406;1677306360154;90501403;538821010099607;;N;;191.94;264.57;;;;CMED_ICMS17;20260508;20;PF0=159.31|PF12=181.03|PF18=194.28|PF19=196.68|PF20=199.14|PF21=201.66|PF22=204.24|PMC0=219.59|PMC12=249.53|PMC18=267.79|PMC19=271.1|PMC20=274.49|PMC21=277.97|PMC22=281.52|PMVG17=150.62|PMVG18=152.45|PMVG20=156.27
CMED;20260508;medicamento;538821010099707;;;LEGRAND PHARMA INDUSTRIA FARMACEUTICA LTDA;PRAZY;20 MG COM REV LIB RETARD CT BL AL AL X 56;PANTOPRAZOL SÓDICO SESQUI-HIDRATADO;7896004770413;1677306360162;90501411;538821010099707;;N;;255.96;352.81;;;;CMED_ICMS17;20260508;20;PF0=212.45|PF12=241.42|PF18=259.09|PF19=262.28|PF20=265.56|PF21=268.92|PF22=272.37|PMC0=292.84|PMC12=332.77|PMC18=357.13|PMC19=361.53|PMC20=366.05|PMC21=370.68|PMC22=375.43|PMVG17=200.85|PMVG18=203.31|PMVG20=208.38
CMED;20260508;medicamento;538821010099807;;;LEGRAND PHARMA INDUSTRIA FARMACEUTICA LTDA;PRAZY;40 MG COM REV LIB RETARD CT BL AL AL X 7;PANTOPRAZOL SÓDICO SESQUI-HIDRATADO;7896004770420;1677306360014;90501349;538821010099807;;N;;56.7;78.16;;;;CMED_ICMS17;20260508;20;PF0=47.06|PF12=53.48|PF18=57.39|PF19=58.1|PF20=58.83|PF21=59.57|PF22=60.33|PMC0=64.87|PMC12=73.72|PMC18=79.11|PMC19=80.08|PMC20=81.09|PMC21=82.11|PMC22=83.16|PMVG17=44.49|PMVG18=45.03|PMVG20=46.16
CMED;20260508;medicamento;538821010099907;;;LEGRAND PHARMA INDUSTRIA FARMACEUTICA LTDA;PRAZY;40 MG COM REV LIB RETARD CT BL AL AL X 14;PANTOPRAZOL SÓDICO SESQUI-HIDRATADO;7896004770437;1677306360022;90501357;538821010099907;;N;;113.4;156.31;;;;CMED_ICMS17;20260508;20;PF0=94.12|PF12=106.95|PF18=114.78|PF19=116.2|PF20=117.65|PF21=119.14|PF22=120.67|PMC0=129.73|PMC12=147.42|PMC18=158.21|PMC19=160.17|PMC20=162.17|PMC21=164.22|PMC22=166.33|PMVG17=88.98|PMVG18=90.07|PMVG20=92.32
CMED;20260508;medicamento;538821010100007;;;LEGRAND PHARMA INDUSTRIA FARMACEUTICA LTDA;PRAZY;20 MG COM REV LIB RETARD CT BL AL AL X 7;PANTOPRAZOL SÓDICO SESQUI-HIDRATADO;7896004770383;1677306360073;90501365;538821010100007;;N;;32;44.11;;;;CMED_ICMS17;20260508;20;PF0=26.56|PF12=30.18|PF18=32.39|PF19=32.79|PF20=33.2|PF21=33.62|PF22=34.05|PMC0=36.61|PMC12=41.6|PMC18=44.65|PMC19=45.2|PMC20=45.76|PMC21=46.34|PMC22=46.93|PMVG17=25.11|PMVG18=25.42|PMVG20=26.05
CMED;20260508;medicamento;517105401117411;;;LABORATÓRIO FARMACÊUTICO ELOFAR LTDA;PRÉ-FOLIC;5 MG COM CT ENV AL PLAS PE X 30;ÁCIDO FÓLICO;7898109241867;1038500780032;90112695;517105401117411;;N;;16.46;22.08;;;;CMED_ICMS17;20260508;20;PF0=13.66|PF12=15.52|PF18=16.66|PF19=16.86|PF20=17.08|PF21=17.29|PF22=17.51|PMC0=18.32|PMC12=20.82|PMC18=22.35|PMC19=22.62|PMC20=22.91|PMC21=23.19|PMC22=23.49|PMVG17=12.92|PMVG18=13.07|PMVG20=13.4
CMED;20260508;medicamento;534212020009004;;;ADIUM S.A.;PREBICTAL;75 MG CAP DURA CT BL AL PLAS TRANS X 14;PREGABALINA;7892953000106;1221400820014;90241436;534212020009004;;N;;70.52;97.2;;;;CMED_ICMS17;20260508;20;PF0=58.53|PF12=66.51|PF18=71.38|PF19=72.26|PF20=73.16|PF21=74.09|PF22=75.04|PMC0=80.68|PMC12=91.68|PMC18=98.39|PMC19=99.6|PMC20=100.84|PMC21=102.13|PMC22=103.43|PMVG17=55.34|PMVG18=56.01|PMVG20=57.41
CMED;20260508;medicamento;534212020009204;;;ADIUM S.A.;PREBICTAL;150 MG CAP DURA CT BL AL PLAS TRANS X 14;PREGABALINA;7892953000137;1221400820030;90241452;534212020009204;;N;;108.18;149.11;;;;CMED_ICMS17;20260508;20;PF0=89.79|PF12=102.03|PF18=109.5|PF19=110.85|PF20=112.24|PF21=113.66|PF22=115.12|PMC0=123.77|PMC12=140.64|PMC18=150.93|PMC19=152.8|PMC20=154.71|PMC21=156.67|PMC22=158.68|PMVG17=84.89|PMVG18=85.92|PMVG20=88.08
CMED;20260508;medicamento;534214110010803;;;ADIUM S.A.;PREBICTAL;50 MG CAP DURA CT BL AL PLAS TRANS X 14;PREGABALINA;7892953001899;1221400920019;90324579;534214110010803;;N;;41.57;57.3;;;;CMED_ICMS17;20260508;20;PF0=34.5|PF12=39.2|PF18=42.07|PF19=42.59|PF20=43.13|PF21=43.67|PF22=44.23|PMC0=47.55|PMC12=54.03|PMC18=57.99|PMC19=58.71|PMC20=59.45|PMC21=60.19|PMC22=60.97|PMVG17=32.62|PMVG18=33.01|PMVG20=33.85
CMED;20260508;medicamento;534216120011803;;;ADIUM S.A.;PREBICTAL;100 MG CAP DURA CT BL AL PLAS TRANS X 14;PREGABALINA;7892953002209;1221400960010;90368568;534216120011803;;N;;83.11;114.56;;;;CMED_ICMS17;20260508;20;PF0=68.98|PF12=78.39|PF18=84.12|PF19=85.16|PF20=86.23|PF21=87.32|PF22=88.44|PMC0=95.08|PMC12=108.05|PMC18=115.95|PMC19=117.38|PMC20=118.86|PMC21=120.36|PMC22=121.91|PMVG17=65.22|PMVG18=66.01|PMVG20=67.67
CMED;20260508;medicamento;534221100023103;;;ADIUM S.A.;PREBICTAL;50 MG CAP DURA CT BL AL PLAS TRANS X 30;PREGABALINA;7892953208274;1221400920035;90520777;534221100023103;;N;;89.06;122.76;;;;CMED_ICMS17;20260508;20;PF0=73.92|PF12=84|PF18=90.15|PF19=91.26|PF20=92.4|PF21=93.57|PF22=94.77|PMC0=101.89|PMC12=115.79|PMC18=124.26|PMC19=125.79|PMC20=127.36|PMC21=128.98|PMC22=130.63|PMVG17=69.89|PMVG18=70.74|PMVG20=72.51
CMED;20260508;medicamento;534221100023203;;;ADIUM S.A.;PREBICTAL;75 MG CAP DURA CT BL AL PLAS TRANS X 30;PREGABALINA;7892953208298;1221400820057;90520750;534221100023203;;N;;127.67;175.98;;;;CMED_ICMS17;20260508;20;PF0=105.97|PF12=120.42|PF18=129.23|PF19=130.83|PF20=132.46|PF21=134.14|PF22=135.86|PMC0=146.07|PMC12=165.99|PMC18=178.13|PMC19=180.34|PMC20=182.58|PMC21=184.9|PMC22=187.27|PMVG17=100.18|PMVG18=101.41|PMVG20=103.94
CMED;20260508;medicamento;534221100023303;;;ADIUM S.A.;PREBICTAL;150 MG CAP DURA CT BL AL PLAS TRANS X 30;PREGABALINA;7892953208304;1221400820065;90520769;534221100023303;;N;;231.84;319.57;;;;CMED_ICMS17;20260508;20;PF0=192.43|PF12=218.67|PF18=234.67|PF19=237.57|PF20=240.54|PF21=243.58|PF22=246.71|PMC0=265.24|PMC12=301.41|PMC18=323.47|PMC19=327.47|PMC20=331.56|PMC21=335.75|PMC22=340.06|PMVG17=181.92|PMVG18=184.15|PMVG20=188.75
CMED;20260508;medicamento;534221100023403;;;ADIUM S.A.;PREBICTAL;100 MG CAP DURA CT BL AL PLAS TRANS X 30;PREGABALINA;7892953208281;1221400960037;90520785;534221100023403;;N;;166.36;229.31;;;;CMED_ICMS17;20260508;20;PF0=138.08|PF12=156.91|PF18=168.39|PF19=170.47|PF20=172.6|PF21=174.78|PF22=177.03|PMC0=190.33|PMC12=216.28|PMC18=232.11|PMC19=234.98|PMC20=237.91|PMC21=240.92|PMC22=244.02|PMVG17=130.54|PMVG18=132.14|PMVG20=135.44
CMED;20260508;medicamento;534224050033603;;;ADIUM S.A.;PREBICTAL;50 MG CAP DURA CT BL AL PLAS TRANS X 7;PREGABALINA;7892953209646;1221400920043;90587480;534224050033603;;N;;20.8;28.67;;;;CMED_ICMS17;20260508;20;PF0=17.26|PF12=19.61|PF18=21.05|PF19=21.31|PF20=21.58|PF21=21.85|PF22=22.13|PMC0=23.79|PMC12=27.03|PMC18=29.02|PMC19=29.37|PMC20=29.75|PMC21=30.12|PMC22=30.5|PMVG17=16.32|PMVG18=16.52|PMVG20=16.93
CMED;20260508;medicamento;534224050033703;;;ADIUM S.A.;PREBICTAL;50 MG CAP DURA CT BL AL PLAS TRANS X 60;PREGABALINA;7892953209653;1221400920051;90587499;534224050033703;;N;;178.12;245.52;;;;CMED_ICMS17;20260508;20;PF0=147.84|PF12=168|PF18=180.29|PF19=182.52|PF20=184.8|PF21=187.14|PF22=189.54|PMC0=203.78|PMC12=231.57|PMC18=248.51|PMC19=251.58|PMC20=254.73|PMC21=257.95|PMC22=261.26|PMVG17=139.77|PMVG18=141.47|PMVG20=145.01
CMED;20260508;medicamento;534224050033803;;;ADIUM S.A.;PREBICTAL;75 MG CAP DURA CT BL AL PLAS TRANS X 7;PREGABALINA;7892953209660;1221400820073;90587464;534224050033803;;N;;33.45;46.11;;;;CMED_ICMS17;20260508;20;PF0=27.76|PF12=31.55|PF18=33.85|PF19=34.27|PF20=34.7|PF21=35.14|PF22=35.59|PMC0=38.26|PMC12=43.49|PMC18=46.66|PMC19=47.24|PMC20=47.83|PMC21=48.44|PMC22=49.06|PMVG17=26.25|PMVG18=26.56|PMVG20=27.23
CMED;20260508;medicamento;534224050033903;;;ADIUM S.A.;PREBICTAL;75 MG CAP DURA CT BL AL PLAS TRANS X 60;PREGABALINA;7892953209677;1221400820081;90587472;534224050033903;;N;;286.67;395.14;;;;CMED_ICMS17;20260508;20;PF0=237.94|PF12=270.39|PF18=290.17|PF19=293.75|PF20=297.43|PF21=301.19|PF22=305.05|PMC0=327.98|PMC12=372.7|PMC18=399.97|PMC19=404.9|PMC20=409.98|PMC21=415.16|PMC22=420.48|PMVG17=224.95|PMVG18=227.7|PMVG20=233.39
CMED;20260508;medicamento;534224050034003;;;ADIUM S.A.;PREBICTAL;100 MG CAP DURA CT BL AL PLAS TRANS X 7;PREGABALINA;7892953209684;1221400960045;90587502;534224050034003;;N;;40.64;56.02;;;;CMED_ICMS17;20260508;20;PF0=33.73|PF12=38.33|PF18=41.13|PF19=41.64|PF20=42.16|PF21=42.7|PF22=43.24|PMC0=46.49|PMC12=52.83|PMC18=56.69|PMC19=57.4|PMC20=58.11|PMC21=58.86|PMC22=59.6|PMVG17=31.89|PMVG18=32.27|PMVG20=33.08
CMED;20260508;medicamento;534224050034103;;;ADIUM S.A.;PREBICTAL;100 MG CAP DURA CT BL AL PLAS TRANS X 60;PREGABALINA;7892953209691;1221400960053;90587510;534224050034103;;N;;332.69;458.58;;;;CMED_ICMS17;20260508;20;PF0=276.13|PF12=313.78|PF18=336.74|PF19=340.9|PF20=345.16|PF21=349.53|PF22=354.01|PMC0=380.62|PMC12=432.51|PMC18=464.16|PMC19=469.9|PMC20=475.77|PMC21=481.79|PMC22=487.97|PMVG17=261.06|PMVG18=264.24|PMVG20=270.85
CMED;20260508;medicamento;522717100060208;;;PFIZER BRASIL LTDA;PRECEDEX;100 MCG/ML SOL INJ CT 5 FA VD TRANS X 2 ML;CLORIDRATO DE DEXMEDETOMIDINA;7891045163835;1211003720016;90381963;522717100060208;;S;;1207.9;;;;;CMED_ICMS17;20260508;20;PF0=1002.56|PF12=1139.27|PF18=1222.63|PF19=1237.73|PF20=1253.2|PF21=1269.06|PF22=1285.33|PMVG17=947.84|PMVG18=959.4|PMVG20=983.39
CMED;20260508;medicamento;522720100090007;;;PFIZER BRASIL LTDA;PRECEDEX;100 MCG/ML SOL INJ CX 25 FA VD TRANS X 2 ML;CLORIDRATO DE DEXMEDETOMIDINA;7891045164320;1211003720024;90490550;522720100090007;;S;;6039.58;;;;;CMED_ICMS17;20260508;20;PF0=5012.85|PF12=5696.42|PF18=6113.23|PF19=6188.7|PF20=6266.06|PF21=6345.38|PF22=6426.73|PMVG17=4739.26|PMVG18=4797.05|PMVG20=4916.98
CMED;20260508;medicamento;501004501179311;;;ALLERGAN PRODUTOS FARMACÊUTICOS LTDA;PRED;1,2 MG/ML SUS OC FR PLAS OPC GOT X 10 ML;ACETATO DE PREDNISOLONA;7897316802861;1014700060042;90006968;501004501179311;;N;;44.12;59.19;;;;CMED_ICMS17;20260508;20;PF0=36.62|PF12=41.61|PF18=44.66|PF19=45.21|PF20=45.78|PF21=46.35|PF22=46.95|PMC0=49.12|PMC12=55.82|PMC18=59.91|PMC19=60.65|PMC20=61.41|PMC21=62.18|PMC22=62.98|PMVG17=34.62|PMVG18=35.05|PMVG20=35.92
CMED;20260508;medicamento;501004502175318;;;ALLERGAN PRODUTOS FARMACÊUTICOS LTDA;PRED;1,2 MG/ML SUS OFT FR PLAS OPC GOT X 5 ML;ACETATO DE PREDNISOLONA;7897316805558;1014700060052;90006976;501004502175318;;N;;22.05;29.58;;;;CMED_ICMS17;20260508;20;PF0=18.3|PF12=20.8|PF18=22.32|PF19=22.59|PF20=22.88|PF21=23.16|PF22=23.46|PMC0=24.55|PMC12=27.9|PMC18=29.94|PMC19=30.3|PMC20=30.69|PMC21=31.07|PMC22=31.47|PMVG17=17.3|PMVG18=17.52|PMVG20=17.96
CMED;20260508;medicamento;501004601173313;;;ALLERGAN PRODUTOS FARMACÊUTICOS LTDA;PRED;10 MG/ML SUS OC FR PLAS OPC GOT X 5 ML;ACETATO DE PREDNISOLONA;7897316800300;1014700060018;90006950;501004601173313;;N;;42.61;57.16;;;;CMED_ICMS17;20260508;20;PF0=35.37|PF12=40.19|PF18=43.13|PF19=43.67|PF20=44.21|PF21=44.77|PF22=45.35|PMC0=47.45|PMC12=53.91|PMC18=57.86|PMC19=58.58|PMC20=59.31|PMC21=60.06|PMC22=60.84|PMVG17=33.44|PMVG18=33.84|PMVG20=34.69
CMED;20260508;medicamento;538812030040204;;;LEGRAND PHARMA INDUSTRIA FARMACEUTICA LTDA;PRED-GRAN;20 MG COM CT BL AL AL X 10;PREDNISOLONA;7896004733548;1677303140110;90244184;538812030040204;;N;;27;37.22;;;;CMED_ICMS17;20260508;20;PF0=22.41|PF12=25.47|PF18=27.33|PF19=27.67|PF20=28.01|PF21=28.37|PF22=28.73|PMC0=30.89|PMC12=35.11|PMC18=37.67|PMC19=38.14|PMC20=38.61|PMC21=39.11|PMC22=39.6|PMVG17=21.19|PMVG18=21.45|PMVG20=21.98
CMED;20260508;medicamento;533505704119413;;;VITAMEDIC INDUSTRIA FARMACEUTICA LTDA;PREDCORT;5,0 MG COM CT 25 BL AL PLAS TRANS X 20;PREDNISONA;7898049791286;1039200800079;90213130;533505704119413;;S;;166.24;;;;;CMED_ICMS17;20260508;20;PF0=137.98|PF12=156.8|PF18=168.27|PF19=170.35|PF20=172.48|PF21=174.66|PF22=176.9|PMVG17=130.45|PMVG18=132.04|PMVG20=135.35
CMED;20260508;medicamento;533505705115411;;;VITAMEDIC INDUSTRIA FARMACEUTICA LTDA;PREDCORT;20 MG COM CT BL AL PLAS TRANS X 20;PREDNISONA;7898049794096;1039200800087;90213092;533505705115411;;N;;21.1;29.08;;;;CMED_ICMS17;20260508;20;PF0=17.51|PF12=19.9|PF18=21.35|PF19=21.62|PF20=21.89|PF21=22.16|PF22=22.45|PMC0=24.14|PMC12=27.43|PMC18=29.43|PMC19=29.8|PMC20=30.17|PMC21=30.55|PMC22=30.94|PMVG17=16.56|PMVG18=16.75|PMVG20=17.18
CMED;20260508;medicamento;533022701158416;;;UNIÃO QUÍMICA FARMACÊUTICA NACIONAL S/A;PREDI-MEDROL;40 MG/ML SUS INJ IM CT FA VD TRANS X 2 ML;ACETATO DE METILPREDNISOLONA;7896006286660;1049712120015;90209397;533022701158416;;N;;21.71;29.92;;;;CMED_ICMS17;20260508;20;PF0=18.02|PF12=20.48|PF18=21.98|PF19=22.25|PF20=22.53|PF21=22.81|PF22=23.1|PMC0=24.84|PMC12=28.23|PMC18=30.3|PMC19=30.67|PMC20=31.06|PMC21=31.44|PMC22=31.84|PMVG17=17.04|PMVG18=17.25|PMVG20=17.68
CMED;20260508;medicamento;538809101113412;;;LEGRAND PHARMA INDUSTRIA FARMACEUTICA LTDA;PREDINIS;20 MG COM CT BL AL PLAS TRANS X 10;PREDNISONA;7896004703831;1677305160038;90388020;538809101113412;;N;;17.16;23.65;;;;CMED_ICMS17;20260508;20;PF0=14.24|PF12=16.18|PF18=17.37|PF19=17.58|PF20=17.8|PF21=18.03|PF22=18.26|PMC0=19.63|PMC12=22.3|PMC18=23.94|PMC19=24.23|PMC20=24.54|PMC21=24.85|PMC22=25.17|PMVG17=13.47|PMVG18=13.63|PMVG20=13.97
CMED;20260508;medicamento;507720702169418;;;EMS S/A;PREDMICIN;10.000 UI + 4 MG + 5 MG + 30 MG/G POM DERM CT BG AL X 15 G;"CLIOQUINOL;PREDNISOLONA;SULFATO DE POLIMIXINA B;BENZOCAÍNA";7896004704142;1023501740028;90058917;507720702169418;;N;;34.2;45.88;;;;CMED_ICMS17;20260508;20;PF0=28.39|PF12=32.26|PF18=34.62|PF19=35.05|PF20=35.49|PF21=35.94|PF22=36.4|PMC0=38.08|PMC12=43.28|PMC18=46.44|PMC19=47.02|PMC20=47.61|PMC21=48.21|PMC22=48.83|PMVG17=26.84|PMVG18=27.17|PMVG20=27.85
CMED;20260508;medicamento;504623100094106;;;BRAINFARMA INDÚSTRIA QUÍMICA E FARMACÊUTICA S.A;PREDNISOLONA;40 MG COM REV CT BL AL PLAS PVC TRANS X 7;PREDNISOLONA;7896714295404;1558406310032;90571932;504623100094106;S;N;;34.04;46.92;;;;CMED_ICMS17;20260508;20;PF0=28.25|PF12=32.1|PF18=34.45|PF19=34.88|PF20=35.31|PF21=35.76|PF22=36.22|PMC0=38.94|PMC12=44.25|PMC18=47.49|PMC19=48.08|PMC20=48.67|PMC21=49.29|PMC22=49.93|PMVG17=26.71|PMVG18=27.03|PMVG20=27.71
CMED;20260508;medicamento;504623100094206;;;BRAINFARMA INDÚSTRIA QUÍMICA E FARMACÊUTICA S.A;PREDNISOLONA;40 MG COM REV CT BL AL PLAS PVC TRANS X 10;PREDNISOLONA;7896714295411;1558406310040;90571940;504623100094206;S;N;;48.63;67.03;;;;CMED_ICMS17;20260508;20;PF0=40.36|PF12=45.86|PF18=49.22|PF19=49.83|PF20=50.45|PF21=51.09|PF22=51.74|PMC0=55.63|PMC12=63.21|PMC18=67.84|PMC19=68.69|PMC20=69.54|PMC21=70.42|PMC22=71.32|PMVG17=38.16|PMVG18=38.62|PMVG20=39.59
CMED;20260508;medicamento;504623100094306;;;BRAINFARMA INDÚSTRIA QUÍMICA E FARMACÊUTICA S.A;PREDNISOLONA;5 MG COM REV CT BL AL AL X 10;PREDNISOLONA;7896714295367;1558406300142;90571894;504623100094306;S;N;;6.89;9.5;;;;CMED_ICMS17;20260508;20;PF0=5.72|PF12=6.5|PF18=6.98|PF19=7.06|PF20=7.15|PF21=7.24|PF22=7.33|PMC0=7.88|PMC12=8.96|PMC18=9.62|PMC19=9.73|PMC20=9.86|PMC21=9.98|PMC22=10.1|PMVG17=5.41|PMVG18=5.48|PMVG20=5.61
CMED;20260508;medicamento;504623100094406;;;BRAINFARMA INDÚSTRIA QUÍMICA E FARMACÊUTICA S.A;PREDNISOLONA;5 MG COM REV CT BL AL AL X 20;PREDNISOLONA;7896714295374;1558406300150;90571908;504623100094406;S;N;;13.78;18.99;;;;CMED_ICMS17;20260508;20;PF0=11.44|PF12=13|PF18=13.95|PF19=14.12|PF20=14.3|PF21=14.48|PF22=14.67|PMC0=15.77|PMC12=17.92|PMC18=19.23|PMC19=19.46|PMC20=19.71|PMC21=19.96|PMC22=20.22|PMVG17=10.81|PMVG18=10.95|PMVG20=11.22
CMED;20260508;medicamento;504623100094506;;;BRAINFARMA INDÚSTRIA QUÍMICA E FARMACÊUTICA S.A;PREDNISOLONA;20 MG COM REV CT BL AL AL X 10;PREDNISOLONA;7896714295381;1558406300185;90571916;504623100094506;S;N;;20.64;28.45;;;;CMED_ICMS17;20260508;20;PF0=17.13|PF12=19.47|PF18=20.89|PF19=21.15|PF20=21.41|PF21=21.68|PF22=21.96|PMC0=23.61|PMC12=26.84|PMC18=28.79|PMC19=29.15|PMC20=29.51|PMC21=29.88|PMC22=30.27|PMVG17=16.2|PMVG18=16.39|PMVG20=16.8
CMED;20260508;medicamento;504623100094606;;;BRAINFARMA INDÚSTRIA QUÍMICA E FARMACÊUTICA S.A;PREDNISOLONA;20 MG COM REV CT BL AL AL X 20;PREDNISOLONA;7896714295398;1558406300193;90571924;504623100094606;S;N;;41.29;56.91;;;;CMED_ICMS17;20260508;20;PF0=34.27|PF12=38.94|PF18=41.79|PF19=42.31|PF20=42.84|PF21=43.38|PF22=43.94|PMC0=47.24|PMC12=53.67|PMC18=57.6|PMC19=58.32|PMC20=59.05|PMC21=59.79|PMC22=60.57|PMVG17=32.4|PMVG18=32.79|PMVG20=33.62
CMED;20260508;medicamento;507746701119119;;;EMS S/A;PREDNISOLONA;20 MG COM CT BL AL AL X 10;PREDNISOLONA;7896004733234;1023510430060;90221753;507746701119119;S;N;;17.53;24.16;;;;CMED_ICMS17;20260508;20;PF0=14.55|PF12=16.53|PF18=17.74|PF19=17.96|PF20=18.19|PF21=18.42|PF22=18.65|PMC0=20.06|PMC12=22.78|PMC18=24.45|PMC19=24.76|PMC20=25.07|PMC21=25.39|PMC22=25.71|PMVG17=13.76|PMVG18=13.92|PMVG20=14.27
CMED;20260508;medicamento;508020020128907;;;EUROFARMA LABORATORIOS S.A.;PREDNISOLONA;5 MG COM CT BL AL AL X 20;PREDNISOLONA;7891317004316;1004312690027;90445570;508020020128907;S;N;;13.42;18.5;;;;CMED_ICMS17;20260508;20;PF0=11.14|PF12=12.66|PF18=13.59|PF19=13.75|PF20=13.93|PF21=14.1|PF22=14.28|PMC0=15.36|PMC12=17.45|PMC18=18.73|PMC19=18.95|PMC20=19.2|PMC21=19.44|PMC22=19.68|PMVG17=10.53|PMVG18=10.67|PMVG20=10.93
CMED;20260508;medicamento;508020020129007;;;EUROFARMA LABORATORIOS S.A.;PREDNISOLONA;40 MG COM CT BL AL AL X 7;PREDNISOLONA;7891317004330;1004312690108;90445589;508020020129007;S;N;;34.01;46.88;;;;CMED_ICMS17;20260508;20;PF0=28.23|PF12=32.08|PF18=34.43|PF19=34.85|PF20=35.29|PF21=35.73|PF22=36.19|PMC0=38.91|PMC12=44.22|PMC18=47.46|PMC19=48.04|PMC20=48.64|PMC21=49.25|PMC22=49.88|PMVG17=26.69|PMVG18=27.02|PMVG20=27.69
CMED;20260508;medicamento;508020020129107;;;EUROFARMA LABORATORIOS S.A.;PREDNISOLONA;20 MG COM CT BL AL AL X 10;PREDNISOLONA;7891317004323;1004312690061;90445597;508020020129107;S;N;;17.53;24.16;;;;CMED_ICMS17;20260508;20;PF0=14.55|PF12=16.53|PF18=17.74|PF19=17.96|PF20=18.19|PF21=18.42|PF22=18.65|PMC0=20.06|PMC12=22.78|PMC18=24.45|PMC19=24.76|PMC20=25.07|PMC21=25.39|PMC22=25.71|PMVG17=13.76|PMVG18=13.92|PMVG20=14.27
CMED;20260508;medicamento;508020020129207;;;EUROFARMA LABORATORIOS S.A.;PREDNISOLONA;5 MG COM CT BL AL AL X 10;PREDNISOLONA;7891317004293;1004312690019;90445600;508020020129207;S;N;;6.69;9.22;;;;CMED_ICMS17;20260508;20;PF0=5.55|PF12=6.31|PF18=6.77|PF19=6.85|PF20=6.94|PF21=7.03|PF22=7.12|PMC0=7.65|PMC12=8.7|PMC18=9.33|PMC19=9.44|PMC20=9.57|PMC21=9.69|PMC22=9.81|PMVG17=5.25|PMVG18=5.31|PMVG20=5.45
CMED;20260508;medicamento;526112050084406;;;GERMED FARMACEUTICA LTDA;PREDNISOLONA;20 MG COM CT BL AL AL X 10;PREDNISOLONA;7896004733241;1058307460131;90235339;526112050084406;S;N;;18.59;25.62;;;;CMED_ICMS17;20260508;20;PF0=15.43|PF12=17.53|PF18=18.82|PF19=19.05|PF20=19.29|PF21=19.53|PF22=19.78|PMC0=21.27|PMC12=24.16|PMC18=25.94|PMC19=26.26|PMC20=26.59|PMC21=26.92|PMC22=27.26|PMVG17=14.59|PMVG18=14.77|PMVG20=15.14
CMED;20260508;medicamento;528518100138706;;;PRATI DONADUZZI & CIA LTDA;PREDNISOLONA;20 MG COM CT BL AL PLAS OPC X 10;PREDNISOLONA;7899547527971;1256802680015;90410980;528518100138706;S;N;;20.59;28.38;;;;CMED_ICMS17;20260508;20;PF0=17.09|PF12=19.42|PF18=20.84|PF19=21.1|PF20=21.36|PF21=21.63|PF22=21.91|PMC0=23.56|PMC12=26.77|PMC18=28.73|PMC19=29.08|PMC20=29.44|PMC21=29.81|PMC22=30.2|PMVG17=16.16|PMVG18=16.35|PMVG20=16.76
CMED;20260508;medicamento;528518100139006;;;PRATI DONADUZZI & CIA LTDA;PREDNISOLONA;20 MG COM CT BL AL PLAS OPC X 100;PREDNISOLONA;7899547528008;1256802680041;90411013;528518100139006;S;S;;206.35;;;;;CMED_ICMS17;20260508;20;PF0=171.27|PF12=194.63|PF18=208.87|PF19=211.44|PF20=214.09|PF21=216.8|PF22=219.58|PMVG17=161.92|PMVG18=163.9|PMVG20=168
CMED;20260508;medicamento;538812050041206;;;LEGRAND PHARMA INDUSTRIA FARMACEUTICA LTDA;PREDNISOLONA;20 MG COM CT BL AL AL X 10;PREDNISOLONA;7894916146852;1677303620147;90244281;538812050041206;S;N;;18.59;25.62;;;;CMED_ICMS17;20260508;20;PF0=15.43|PF12=17.53|PF18=18.82|PF19=19.05|PF20=19.29|PF21=19.53|PF22=19.78|PMC0=21.27|PMC12=24.16|PMC18=25.94|PMC19=26.26|PMC20=26.59|PMC21=26.92|PMC22=27.26|PMVG17=14.59|PMVG18=14.77|PMVG20=15.14
CMED;20260508;medicamento;543819120045307;;;ALTHAIA S.A. INDUSTRIA FARMACEUTICA;PREDNISOLONA;40 MG COM CT BL AL AL X 10;PREDNISOLONA;7898569765521;1351700440223;90443730;543819120045307;S;N;;48.59;66.98;;;;CMED_ICMS17;20260508;20;PF0=40.33|PF12=45.83|PF18=49.18|PF19=49.79|PF20=50.41|PF21=51.05|PF22=51.71|PMC0=55.59|PMC12=63.17|PMC18=67.79|PMC19=68.63|PMC20=69.48|PMC21=70.37|PMC22=71.28|PMVG17=38.13|PMVG18=38.59|PMVG20=39.56
CMED;20260508;medicamento;543819120046407;;;ALTHAIA S.A. INDUSTRIA FARMACEUTICA;PREDNISOLONA;5 MG COM CT BL AL AL X 10;PREDNISOLONA;7898569765347;1351700440045;90443845;543819120046407;S;N;;6.7;9.24;;;;CMED_ICMS17;20260508;20;PF0=5.56|PF12=6.32|PF18=6.78|PF19=6.86|PF20=6.95|PF21=7.04|PF22=7.13|PMC0=7.66|PMC12=8.71|PMC18=9.35|PMC19=9.46|PMC20=9.58|PMC21=9.7|PMC22=9.83|PMVG17=5.26|PMVG18=5.32|PMVG20=5.45
CMED;20260508;medicamento;543819120046607;;;ALTHAIA S.A. INDUSTRIA FARMACEUTICA;PREDNISOLONA;5 MG COM CT BL AL AL X 20;PREDNISOLONA;7898569765361;1351700440061;90443861;543819120046607;S;N;;13.3;18.33;;;;CMED_ICMS17;20260508;20;PF0=11.04|PF12=12.55|PF18=13.46|PF19=13.63|PF20=13.8|PF21=13.97|PF22=14.15|PMC0=15.22|PMC12=17.3|PMC18=18.55|PMC19=18.79|PMC20=19.02|PMC21=19.26|PMC22=19.5|PMVG17=10.44|PMVG18=10.56|PMVG20=10.83
CMED;20260508;medicamento;543819120047007;;;ALTHAIA S.A. INDUSTRIA FARMACEUTICA;PREDNISOLONA;20 MG COM CT BL AL AL X 10;PREDNISOLONA;7898569765439;1351700440134;90443900;543819120047007;S;N;;20.64;28.45;;;;CMED_ICMS17;20260508;20;PF0=17.13|PF12=19.47|PF18=20.89|PF19=21.15|PF20=21.41|PF21=21.68|PF22=21.96|PMC0=23.61|PMC12=26.84|PMC18=28.79|PMC19=29.15|PMC20=29.51|PMC21=29.88|PMC22=30.27|PMVG17=16.2|PMVG18=16.39|PMVG20=16.8
CMED;20260508;medicamento;543819120047507;;;ALTHAIA S.A. INDUSTRIA FARMACEUTICA;PREDNISOLONA;40 MG COM CT BL AL AL X 7;PREDNISOLONA;7898569765514;1351700440215;90443950;543819120047507;S;N;;34;46.87;;;;CMED_ICMS17;20260508;20;PF0=28.22|PF12=32.07|PF18=34.41|PF19=34.84|PF20=35.28|PF21=35.72|PF22=36.18|PMC0=38.9|PMC12=44.21|PMC18=47.43|PMC19=48.02|PMC20=48.63|PMC21=49.24|PMC22=49.87|PMVG17=26.68|PMVG18=27|PMVG20=27.69
CMED;20260508;medicamento;552920120135517;;;ACHÉ LABORATÓRIOS FARMACÊUTICOS S.A;PREDNISOLONA;5 MG COM CT BL AL/AL X 20;PREDNISOLONA;7896181920991;1057305600027;90501683;552920120135517;S;N;;14.1;19.44;;;;CMED_ICMS17;20260508;20;PF0=11.7|PF12=13.3|PF18=14.27|PF19=14.44|PF20=14.63|PF21=14.81|PF22=15|PMC0=16.13|PMC12=18.33|PMC18=19.67|PMC19=19.9|PMC20=20.17|PMC21=20.41|PMC22=20.68|PMVG17=11.06|PMVG18=11.2|PMVG20=11.48
CMED;20260508;medicamento;552920120135617;;;ACHÉ LABORATÓRIOS FARMACÊUTICOS S.A;PREDNISOLONA;20 MG COM CT BL AL/AL X 10;PREDNISOLONA;7896181921011;1057305600043;90501675;552920120135617;S;N;;20.67;28.49;;;;CMED_ICMS17;20260508;20;PF0=17.16|PF12=19.5|PF18=20.93|PF19=21.19|PF20=21.45|PF21=21.72|PF22=22|PMC0=23.65|PMC12=26.88|PMC18=28.85|PMC19=29.21|PMC20=29.57|PMC21=29.94|PMC22=30.32|PMVG17=16.22|PMVG18=16.42|PMVG20=16.83
CMED;20260508;medicamento;552924010163706;;;ACHÉ LABORATÓRIOS FARMACÊUTICOS S.A;PREDNISOLONA;40 MG COM REV CT BL AL AL X 7;PREDNISOLONA;7896658048692;1057305600086;90579860;552924010163706;S;N;;34.04;46.92;;;;CMED_ICMS17;20260508;20;PF0=28.25|PF12=32.1|PF18=34.45|PF19=34.88|PF20=35.31|PF21=35.76|PF22=36.22|PMC0=38.94|PMC12=44.25|PMC18=47.49|PMC19=48.08|PMC20=48.67|PMC21=49.29|PMC22=49.93|PMVG17=26.71|PMVG18=27.03|PMVG20=27.71
CMED;20260508;medicamento;504620070076907;;;BRAINFARMA INDÚSTRIA QUÍMICA E FARMACÊUTICA S.A;PREDNISONA;5 MG COM CT BL AL PLAS PVC TRANS X 20;PREDNISONA;7896714212081;1558405720016;90487990;504620070076907;S;N;;14.25;19.64;;;;CMED_ICMS17;20260508;20;PF0=11.83|PF12=13.44|PF18=14.43|PF19=14.6|PF20=14.79|PF21=14.97|PF22=15.17|PMC0=16.31|PMC12=18.53|PMC18=19.89|PMC19=20.12|PMC20=20.39|PMC21=20.63|PMC22=20.91|PMVG17=11.18|PMVG18=11.32|PMVG20=11.61
CMED;20260508;medicamento;504620070077007;;;BRAINFARMA INDÚSTRIA QUÍMICA E FARMACÊUTICA S.A;PREDNISONA;20 MG COM CT BL AL PLAS PVC TRANS X 10;PREDNISONA;7896714212104;1558405720024;90488008;504620070077007;S;N;;20.82;28.7;;;;CMED_ICMS17;20260508;20;PF0=17.28|PF12=19.64|PF18=21.07|PF19=21.33|PF20=21.6|PF21=21.87|PF22=22.15|PMC0=23.82|PMC12=27.07|PMC18=29.04|PMC19=29.4|PMC20=29.77|PMC21=30.15|PMC22=30.53|PMVG17=16.34|PMVG18=16.53|PMVG20=16.95
CMED;20260508;medicamento;504620070077107;;;BRAINFARMA INDÚSTRIA QUÍMICA E FARMACÊUTICA S.A;PREDNISONA;20 MG COM CT BL AL PLAS PVC TRANS X 20;PREDNISONA;7896714212098;1558405720040;90488016;504620070077107;S;N;;39.53;54.49;;;;CMED_ICMS17;20260508;20;PF0=32.81|PF12=37.28|PF18=40.01|PF19=40.51|PF20=41.01|PF21=41.53|PF22=42.06|PMC0=45.23|PMC12=51.39|PMC18=55.15|PMC19=55.84|PMC20=56.53|PMC21=57.24|PMC22=57.98|PMVG17=31.02|PMVG18=31.4|PMVG20=32.18
CMED;20260508;medicamento;507720601117110;;;EMS S/A;PREDNISONA;20 MG COM CT BL AL PLAS TRANS X 10;PREDNISONA;7896004706313;1023506330030;90058879;507720601117110;S;N;;22.54;31.07;;;;CMED_ICMS17;20260508;20;PF0=18.71|PF12=21.26|PF18=22.82|PF19=23.1|PF20=23.39|PF21=23.68|PF22=23.99|PMC0=25.79|PMC12=29.3|PMC18=31.45|PMC19=31.84|PMC20=32.24|PMC21=32.64|PMC22=33.07|PMVG17=17.69|PMVG18=17.91|PMVG20=18.35
CMED;20260508;medicamento;507720602113119;;;EMS S/A;PREDNISONA;5 MG COM CT BL AL PLAS TRANS X 20;PREDNISONA;7896004706306;1023506330014;90058895;507720602113119;S;N;;15.45;21.3;;;;CMED_ICMS17;20260508;20;PF0=12.82|PF12=14.57|PF18=15.63|PF19=15.83|PF20=16.03|PF21=16.23|PF22=16.44|PMC0=17.67|PMC12=20.08|PMC18=21.54|PMC19=21.82|PMC20=22.1|PMC21=22.37|PMC22=22.66|PMVG17=12.12|PMVG18=12.26|PMVG20=12.58
CMED;20260508;medicamento;511622110049217;;;HIPOLABOR FARMACEUTICA LTDA;PREDNISONA;5 MG COM CT BL AL PLAS PVC TRANS X 500;PREDNISONA;7898470686427;1134302130043;90554442;511622110049217;S;N;;371.86;512.57;;;;CMED_ICMS17;20260508;20;PF0=308.64|PF12=350.73|PF18=376.39|PF19=381.04|PF20=385.8|PF21=390.68|PF22=395.69|PMC0=425.43|PMC12=483.44|PMC18=518.81|PMC19=525.22|PMC20=531.79|PMC21=538.51|PMC22=545.42|PMVG17=291.8|PMVG18=295.35|PMVG20=302.74
CMED;20260508;medicamento;511622110049317;;;HIPOLABOR FARMACEUTICA LTDA;PREDNISONA;20 MG COM CT BL AL PLAS PVC TRANS X 500;PREDNISONA;7898470686465;1134302130086;90554450;511622110049317;S;N;;1082.14;1491.62;;;;CMED_ICMS17;20260508;20;PF0=898.18|PF12=1020.66|PF18=1095.34|PF19=1108.86|PF20=1122.73|PF21=1136.94|PF22=1151.51|PMC0=1238.05|PMC12=1406.87|PMC18=1509.81|PMC19=1528.45|PMC20=1547.57|PMC21=1567.15|PMC22=1587.24|PMVG17=849.16|PMVG18=859.51|PMVG20=881.01
CMED;20260508;medicamento;513423080032706;;;INSTITUTO BIOCHIMICO INDÚSTRIA FARMACÊUTICA LTDA;PREDNISONA;5 MG COM CT BL AL PLAS TRANS X 20;PREDNISONA;7897406120530;1006302640041;90567650;513423080032706;S;N;;12.63;17.41;;;;CMED_ICMS17;20260508;20;PF0=10.48|PF12=11.91|PF18=12.78|PF19=12.94|PF20=13.1|PF21=13.27|PF22=13.44|PMC0=14.45|PMC12=16.42|PMC18=17.62|PMC19=17.84|PMC20=18.06|PMC21=18.29|PMC22=18.53|PMVG17=9.91|PMVG18=10.03|PMVG20=10.28
CMED;20260508;medicamento;513423080032806;;;INSTITUTO BIOCHIMICO INDÚSTRIA FARMACÊUTICA LTDA;PREDNISONA;20 MG COM CT BL AL PLAS TRANS X 10;PREDNISONA;7897406120547;1006302640058;90567668;513423080032806;S;N;;17.01;23.45;;;;CMED_ICMS17;20260508;20;PF0=14.12|PF12=16.05|PF18=17.22|PF19=17.43|PF20=17.65|PF21=17.87|PF22=18.1|PMC0=19.46|PMC12=22.12|PMC18=23.74|PMC19=24.03|PMC20=24.33|PMC21=24.63|PMC22=24.95|PMVG17=13.35|PMVG18=13.51|PMVG20=13.85
CMED;20260508;medicamento;517621010026407;;;LABORATORIO GLOBO SA;PREDNISONA;20 MG COM CT BL AL PLAS PVC TRANS X 20;PREDNISONA;7899620912144;1053502180028;90501721;517621010026407;S;N;;26.81;36.95;;;;CMED_ICMS17;20260508;20;PF0=22.25|PF12=25.28|PF18=27.13|PF19=27.47|PF20=27.81|PF21=28.16|PF22=28.53|PMC0=30.67|PMC12=34.85|PMC18=37.4|PMC19=37.86|PMC20=38.33|PMC21=38.82|PMC22=39.33|PMVG17=21.04|PMVG18=21.29|PMVG20=21.82
CMED;20260508;medicamento;517621010026507;;;LABORATORIO GLOBO SA;PREDNISONA;20 MG COM CT BL AL PLAS PVC TRANS X 10;PREDNISONA;7899620912151;1053502180011;90501713;517621010026507;S;N;;16.33;22.51;;;;CMED_ICMS17;20260508;20;PF0=13.55|PF12=15.4|PF18=16.52|PF19=16.73|PF20=16.94|PF21=17.15|PF22=17.37|PMC0=18.68|PMC12=21.23|PMC18=22.77|PMC19=23.06|PMC20=23.35|PMC21=23.64|PMC22=23.94|PMVG17=12.81|PMVG18=12.96|PMVG20=13.29
CMED;20260508;medicamento;525071301116117;;;SANOFI MEDLEY FARMACÊUTICA LTDA.;PREDNISONA;20 MG COM CT BL AL PLAS TRANS X 10;PREDNISONA;7896422517447;1832600070047;90368517;525071301116117;S;N;;16.61;22.9;;;;CMED_ICMS17;20260508;20;PF0=13.79|PF12=15.67|PF18=16.82|PF19=17.02|PF20=17.24|PF21=17.46|PF22=17.68|PMC0=19.01|PMC12=21.6|PMC18=23.18|PMC19=23.46|PMC20=23.76|PMC21=24.07|PMC22=24.37|PMVG17=13.03|PMVG18=13.2|PMVG20=13.53
CMED;20260508;medicamento;525071302112115;;;SANOFI MEDLEY FARMACÊUTICA LTDA.;PREDNISONA;5 MG COM CT BL AL PLAS TRANS X 20;PREDNISONA;7896422517485;1832600070012;90368541;525071302112115;S;N;;13.07;18.02;;;;CMED_ICMS17;20260508;20;PF0=10.85|PF12=12.33|PF18=13.23|PF19=13.4|PF20=13.56|PF21=13.73|PF22=13.91|PMC0=14.96|PMC12=17|PMC18=18.24|PMC19=18.47|PMC20=18.69|PMC21=18.93|PMC22=19.17|PMVG17=10.26|PMVG18=10.38|PMVG20=10.64
CMED;20260508;medicamento;525071303119113;;;SANOFI MEDLEY FARMACÊUTICA LTDA.;PREDNISONA;20 MG COM CT BL AL PLAS TRANS X 30;PREDNISONA;7896422517423;1832600070055;90368533;525071303119113;S;N;;58.22;80.25;;;;CMED_ICMS17;20260508;20;PF0=48.32|PF12=54.91|PF18=58.93|PF19=59.65|PF20=60.4|PF21=61.16|PF22=61.95|PMC0=66.6|PMC12=75.69|PMC18=81.23|PMC19=82.22|PMC20=83.26|PMC21=84.3|PMC22=85.39|PMVG17=45.69|PMVG18=46.24|PMVG20=47.4
CMED;20260508;medicamento;526109901113115;;;GERMED FARMACEUTICA LTDA;PREDNISONA;20 MG COM CT BL AL PLAS TRANS X 10;PREDNISONA;7896004707990;1058308390031;90408420;526109901113115;S;N;;20.61;28.41;;;;CMED_ICMS17;20260508;20;PF0=17.11|PF12=19.44|PF18=20.87|PF19=21.12|PF20=21.39|PF21=21.66|PF22=21.94|PMC0=23.58|PMC12=26.8|PMC18=28.77|PMC19=29.11|PMC20=29.48|PMC21=29.86|PMC22=30.24|PMVG17=16.17|PMVG18=16.38|PMVG20=16.79
CMED;20260508;medicamento;526109902111116;;;GERMED FARMACEUTICA LTDA;PREDNISONA;5 MG COM CT BL AL PLAS TRANS X 20;PREDNISONA;7896004708003;1058308390013;90383982;526109902111116;S;N;;14.1;19.44;;;;CMED_ICMS17;20260508;20;PF0=11.7|PF12=13.3|PF18=14.27|PF19=14.44|PF20=14.63|PF21=14.81|PF22=15|PMC0=16.13|PMC12=18.33|PMC18=19.67|PMC19=19.9|PMC20=20.17|PMC21=20.41|PMC22=20.68|PMVG17=11.06|PMVG18=11.2|PMVG20=11.48
CMED;20260508;medicamento;528523110184306;;;PRATI DONADUZZI & CIA LTDA;PREDNISONA;5 MG COM CT BL AL PLAS TRANS X 120 (EMB FRAC);PREDNISONA;7899547521726;1256801600085;90321499;528523110184306;S;N;;44.28;61.04;;;;CMED_ICMS17;20260508;20;PF0=36.75|PF12=41.76|PF18=44.82|PF19=45.37|PF20=45.94|PF21=46.52|PF22=47.12|PMC0=50.66|PMC12=57.56|PMC18=61.78|PMC19=62.54|PMC20=63.32|PMC21=64.12|PMC22=64.95|PMVG17=34.75|PMVG18=35.17|PMVG20=36.05
CMED;20260508;medicamento;528523110184406;;;PRATI DONADUZZI & CIA LTDA;PREDNISONA;5 MG COM CT BL AL PLAS TRANS X 280 (EMB FRAC);PREDNISONA;7899547521733;1256801600093;90574591;528523110184406;S;N;;103.3;142.39;;;;CMED_ICMS17;20260508;20;PF0=85.74|PF12=97.43|PF18=104.56|PF19=105.85|PF20=107.18|PF21=108.53|PF22=109.92|PMC0=118.18|PMC12=134.3|PMC18=144.13|PMC19=145.9|PMC20=147.74|PMC21=149.6|PMC22=151.51|PMVG17=81.06|PMVG18=82.05|PMVG20=84.11
CMED;20260508;medicamento;528523110184506;;;PRATI DONADUZZI & CIA LTDA;PREDNISONA;20 MG COM CT BL AL PLAS TRANS X 120 (EMB FRAC);PREDNISONA;7899547521740;1256801600107;90321502;528523110184506;S;N;;150.84;207.92;;;;CMED_ICMS17;20260508;20;PF0=125.2|PF12=142.27|PF18=152.68|PF19=154.57|PF20=156.5|PF21=158.48|PF22=160.51|PMC0=172.58|PMC12=196.1|PMC18=210.45|PMC19=213.06|PMC20=215.72|PMC21=218.45|PMC22=221.25|PMVG17=118.36|PMVG18=119.81|PMVG20=122.81
CMED;20260508;medicamento;528523110184606;;;PRATI DONADUZZI & CIA LTDA;PREDNISONA;20 MG COM CT BL AL PLAS TRANS X 280 (EMB FRAC);PREDNISONA;7899547521757;1256801600115;90574613;528523110184606;S;N;;351.99;485.18;;;;CMED_ICMS17;20260508;20;PF0=292.15|PF12=331.99|PF18=356.28|PF19=360.68|PF20=365.19|PF21=369.81|PF22=374.55|PMC0=402.7|PMC12=457.61|PMC18=491.09|PMC19=497.16|PMC20=503.38|PMC21=509.74|PMC22=516.28|PMVG17=276.21|PMVG18=279.57|PMVG20=286.57
CMED;20260508;medicamento;528523110184706;;;PRATI DONADUZZI & CIA LTDA;PREDNISONA;5 MG COM CT BL AL PLAS TRANS X 300;PREDNISONA;7898148290864;1256801600026;90574540;528523110184706;S;S;;110.67;;;;;CMED_ICMS17;20260508;20;PF0=91.86|PF12=104.39|PF18=112.02|PF19=113.41|PF20=114.83|PF21=116.28|PF22=117.77|PMVG17=86.84|PMVG18=87.9|PMVG20=90.11
CMED;20260508;medicamento;528523110184806;;;PRATI DONADUZZI & CIA LTDA;PREDNISONA;20 MG COM CT BL AL PLAS TRANS X 300;PREDNISONA;7898148291199;1256801600069;90574567;528523110184806;S;S;;377.13;;;;;CMED_ICMS17;20260508;20;PF0=313.02|PF12=355.7|PF18=381.73|PF19=386.44|PF20=391.28|PF21=396.23|PF22=401.31|PMVG17=295.93|PMVG18=299.54|PMVG20=307.04
CMED;20260508;medicamento;528523110184906;;;PRATI DONADUZZI & CIA LTDA;PREDNISONA;20 MG COM CT BL AL PLAS TRANS X 600;PREDNISONA;7898148291205;1256801600077;90182669;528523110184906;S;S;;754.26;;;;;CMED_ICMS17;20260508;20;PF0=626.04|PF12=711.41|PF18=763.46|PF19=772.89|PF20=782.55|PF21=792.46|PF22=802.62|PMVG17=591.87|PMVG18=599.09|PMVG20=614.07
CMED;20260508;medicamento;528523110185006;;;PRATI DONADUZZI & CIA LTDA;PREDNISONA;5 MG COM CT BL AL PLAS TRANS X 20;PREDNISONA;7898148290857;1256801600018;90574532;528523110185006;S;N;;7.37;10.16;;;;CMED_ICMS17;20260508;20;PF0=6.12|PF12=6.95|PF18=7.46|PF19=7.56|PF20=7.65|PF21=7.75|PF22=7.85|PMC0=8.44|PMC12=9.58|PMC18=10.28|PMC19=10.42|PMC20=10.54|PMC21=10.68|PMC22=10.82|PMVG17=5.78|PMVG18=5.85|PMVG20=6
CMED;20260508;medicamento;528523110185206;;;PRATI DONADUZZI & CIA LTDA;PREDNISONA;20 MG COM CT BL AL PLAS TRANS X 20;PREDNISONA;7898148291182;1256801600050;90574559;528523110185206;S;N;;25.14;34.65;;;;CMED_ICMS17;20260508;20;PF0=20.87|PF12=23.72|PF18=25.45|PF19=25.77|PF20=26.09|PF21=26.42|PF22=26.76|PMC0=28.77|PMC12=32.7|PMC18=35.08|PMC19=35.52|PMC20=35.96|PMC21=36.42|PMC22=36.89|PMVG17=19.73|PMVG18=19.97|PMVG20=20.47
CMED;20260508;medicamento;528529102112119;;;PRATI DONADUZZI & CIA LTDA;PREDNISONA;20 MG COM CT BL AL PLAS TRANS X 10;PREDNISONA;7898148290901;1256801600042;90182634;528529102112119;S;N;;21.34;29.41;;;;CMED_ICMS17;20260508;20;PF0=17.71|PF12=20.13|PF18=21.6|PF19=21.86|PF20=22.14|PF21=22.42|PF22=22.71|PMC0=24.41|PMC12=27.75|PMC18=29.77|PMC19=30.13|PMC20=30.52|PMC21=30.9|PMC22=31.3|PMVG17=16.75|PMVG18=16.95|PMVG20=17.37
CMED;20260508;medicamento;528529107114111;;;PRATI DONADUZZI & CIA LTDA;PREDNISONA;5 MG COM CT BL AL PLAS TRANS X 600;PREDNISONA;7898148290871;1256801600034;90182693;528529107114111;S;S;;227.24;;;;;CMED_ICMS17;20260508;20;PF0=188.61|PF12=214.33|PF18=230.01|PF19=232.85|PF20=235.76|PF21=238.75|PF22=241.81|PMVG17=178.32|PMVG18=180.49|PMVG20=185
CMED;20260508;medicamento;533022501116116;;;UNIÃO QUÍMICA FARMACÊUTICA NACIONAL S/A;PREDNISONA;20 MG COM CT BL AL PLAS TRANS X 10;PREDNISONA;7896006276159;1049713360011;90209427;533022501116116;S;N;;22.19;30.59;;;;CMED_ICMS17;20260508;20;PF0=18.42|PF12=20.93|PF18=22.46|PF19=22.74|PF20=23.03|PF21=23.32|PF22=23.62|PMC0=25.39|PMC12=28.85|PMC18=30.96|PMC19=31.34|PMC20=31.74|PMC21=32.14|PMC22=32.56|PMVG17=17.41|PMVG18=17.62|PMVG20=18.07
CMED;20260508;medicamento;533514100027806;;;VITAMEDIC INDUSTRIA FARMACEUTICA LTDA;PREDNISONA;5 MG COM CT BL AL PLAS TRANS X 20;PREDNISONA;7898049796038;1039201760021;90324366;533514100027806;S;N;;12.3;16.95;;;;CMED_ICMS17;20260508;20;PF0=10.21|PF12=11.6|PF18=12.45|PF19=12.6|PF20=12.76|PF21=12.92|PF22=13.09|PMC0=14.07|PMC12=15.99|PMC18=17.16|PMC19=17.37|PMC20=17.59|PMC21=17.81|PMC22=18.04|PMVG17=9.65|PMVG18=9.77|PMVG20=10.01
CMED;20260508;medicamento;533514100028106;;;VITAMEDIC INDUSTRIA FARMACEUTICA LTDA;PREDNISONA;20 MG COM CT BL AL PLAS TRANS X 20;PREDNISONA;7898049796069;1039201760054;90324390;533514100028106;S;N;;28.24;38.93;;;;CMED_ICMS17;20260508;20;PF0=23.44|PF12=26.64|PF18=28.59|PF19=28.94|PF20=29.3|PF21=29.67|PF22=30.05|PMC0=32.31|PMC12=36.72|PMC18=39.41|PMC19=39.89|PMC20=40.39|PMC21=40.9|PMC22=41.42|PMVG17=22.16|PMVG18=22.44|PMVG20=22.99
CMED;20260508;medicamento;538817100053406;;;LEGRAND PHARMA INDUSTRIA FARMACEUTICA LTDA;PREDNISONA;20 MG COM CT BL AL PLAS TRANS X 10;PREDNISONA;7894916141123;1677305190034;90388429;538817100053406;S;N;;17.04;23.49;;;;CMED_ICMS17;20260508;20;PF0=14.14|PF12=16.07|PF18=17.24|PF19=17.46|PF20=17.68|PF21=17.9|PF22=18.13|PMC0=19.49|PMC12=22.15|PMC18=23.76|PMC19=24.07|PMC20=24.37|PMC21=24.67|PMC22=24.99|PMVG17=13.37|PMVG18=13.53|PMVG20=13.87
CMED;20260508;medicamento;538817100053506;;;LEGRAND PHARMA INDUSTRIA FARMACEUTICA LTDA;PREDNISONA;5 MG COM CT BL AL PLAS TRANS X 20;PREDNISONA;7894916141116;1677305190018;90388437;538817100053506;S;N;;12.63;17.41;;;;CMED_ICMS17;20260508;20;PF0=10.48|PF12=11.91|PF18=12.78|PF19=12.94|PF20=13.1|PF21=13.27|PF22=13.44|PMC0=14.45|PMC12=16.42|PMC18=17.62|PMC19=17.84|PMC20=18.06|PMC21=18.29|PMC22=18.53|PMVG17=9.91|PMVG18=10.03|PMVG20=10.28
CMED;20260508;medicamento;541820120155407;;;EMS S/A;PREDNISONA;20 MG COM CT BL AL PLAS TRANS X 20;PREDNISONA;7896004776132;1023506330170;90501730;541820120155407;S;N;;34.01;46.88;;;;CMED_ICMS17;20260508;20;PF0=28.23|PF12=32.08|PF18=34.43|PF19=34.85|PF20=35.29|PF21=35.73|PF22=36.19|PMC0=38.91|PMC12=44.22|PMC18=47.46|PMC19=48.04|PMC20=48.64|PMC21=49.25|PMC22=49.88|PMVG17=26.69|PMVG18=27.02|PMVG20=27.69
CMED;20260508;medicamento;552920020113817;;;ACHÉ LABORATÓRIOS FARMACÊUTICOS S.A;PREDNISONA;5 MG COM CT BL AL PLAS TRANS X 20;PREDNISONA;7896181924166;1057307020011;90452933;552920020113817;S;N;;12.66;17.45;;;;CMED_ICMS17;20260508;20;PF0=10.51|PF12=11.94|PF18=12.82|PF19=12.98|PF20=13.14|PF21=13.3|PF22=13.47|PMC0=14.49|PMC12=16.46|PMC18=17.67|PMC19=17.89|PMC20=18.11|PMC21=18.33|PMC22=18.57|PMVG17=9.93|PMVG18=10.06|PMVG20=10.31
CMED;20260508;medicamento;552920020113917;;;ACHÉ LABORATÓRIOS FARMACÊUTICOS S.A;PREDNISONA;20 MG COM CT BL AL PLAS TRANS X 10;PREDNISONA;7896181924173;1057307020028;90452941;552920020113917;S;N;;17.06;23.52;;;;CMED_ICMS17;20260508;20;PF0=14.16|PF12=16.09|PF18=17.27|PF19=17.48|PF20=17.7|PF21=17.92|PF22=18.15|PMC0=19.52|PMC12=22.18|PMC18=23.8|PMC19=24.09|PMC20=24.4|PMC21=24.7|PMC22=25.02|PMVG17=13.39|PMVG18=13.55|PMVG20=13.89
CMED;20260508;medicamento;576723120103106;;;SANOFI MEDLEY FARMACÊUTICA LTDA.;PREDNISONA;5 MG COM CT BL AL PLAS TRANS X 20;PREDNISONA;7891058005658;1832605000020;90574621;576723120103106;S;N;;12.63;17.41;;;;CMED_ICMS17;20260508;20;PF0=10.48|PF12=11.91|PF18=12.78|PF19=12.94|PF20=13.1|PF21=13.27|PF22=13.44|PMC0=14.45|PMC12=16.42|PMC18=17.62|PMC19=17.84|PMC20=18.06|PMC21=18.29|PMC22=18.53|PMVG17=9.91|PMVG18=10.03|PMVG20=10.28
CMED;20260508;medicamento;576723120103206;;;SANOFI MEDLEY FARMACÊUTICA LTDA.;PREDNISONA;20 MG COM CT BL AL PLAS TRANS X 10;PREDNISONA;7891058005665;1832605000063;90574630;576723120103206;S;N;;16.61;22.9;;;;CMED_ICMS17;20260508;20;PF0=13.79|PF12=15.67|PF18=16.82|PF19=17.02|PF20=17.24|PF21=17.46|PF22=17.68|PMC0=19.01|PMC12=21.6|PMC18=23.18|PMC19=23.46|PMC20=23.76|PMC21=24.07|PMC22=24.37|PMVG17=13.03|PMVG18=13.2|PMVG20=13.53
CMED;20260508;medicamento;576724030103806;;;SANOFI MEDLEY FARMACÊUTICA LTDA.;PREDNISONA;20 MG COM CT BL AL PLAS TRANS X 30;PREDNISONA;7891058005672;1832605000111;90583337;576724030103806;S;N;;51.05;70.37;;;;CMED_ICMS17;20260508;20;PF0=42.37|PF12=48.15|PF18=51.67|PF19=52.31|PF20=52.96|PF21=53.63|PF22=54.32|PMC0=58.4|PMC12=66.37|PMC18=71.22|PMC19=72.1|PMC20=73|PMC21=73.92|PMC22=74.87|PMVG17=40.06|PMVG18=40.55|PMVG20=41.56
CMED;20260508;medicamento;607024030106317;;;MULTILAB INDUSTRIA E COMERCIO DE PRODUTOS FARMACEUTICOS LTDA;PREDNISONA;5 MG COM CT BL AL PLAS TRANS X 20;PREDNISONA;7895296286022;1181903720017;90583310;607024030106317;S;N;;15.71;21.65;;;;CMED_ICMS17;20260508;20;PF0=13.04|PF12=14.82|PF18=15.9|PF19=16.1|PF20=16.3|PF21=16.51|PF22=16.72|PMC0=17.97|PMC12=20.43|PMC18=21.92|PMC19=22.19|PMC20=22.47|PMC21=22.76|PMC22=23.05|PMVG17=12.33|PMVG18=12.48|PMVG20=12.79
CMED;20260508;medicamento;607024030106417;;;MULTILAB INDUSTRIA E COMERCIO DE PRODUTOS FARMACEUTICOS LTDA;PREDNISONA;20 MG COM CT BL AL PLAS TRANS X 10;PREDNISONA;7895296286039;1181903720051;90583329;607024030106417;S;N;;22.99;31.69;;;;CMED_ICMS17;20260508;20;PF0=19.08|PF12=21.68|PF18=23.27|PF19=23.56|PF20=23.85|PF21=24.15|PF22=24.46|PMC0=26.3|PMC12=29.88|PMC18=32.08|PMC19=32.48|PMC20=32.87|PMC21=33.29|PMC22=33.72|PMVG17=18.04|PMVG18=18.26|PMVG20=18.72
CMED;20260508;medicamento;510412110079704;;;GEOLAB INDÚSTRIA FARMACÊUTICA S/A;PREDOPTIC;10MG/ML SUSP OFT CT FR PLAS OPC GOT X 5ML;ACETATO DE PREDNISOLONA;7899095235083;1542301890016;90280644;510412110079704;;N;;35.93;48.2;;;;CMED_ICMS17;20260508;20;PF0=29.82|PF12=33.89|PF18=36.37|PF19=36.81|PF20=37.28|PF21=37.75|PF22=38.23|PMC0=40|PMC12=45.46|PMC18=48.79|PMC19=49.38|PMC20=50.01|PMC21=50.64|PMC22=51.28|PMVG17=28.19|PMVG18=28.54|PMVG20=29.25
CMED;20260508;medicamento;607024030103017;;;MULTILAB INDUSTRIA E COMERCIO DE PRODUTOS FARMACEUTICOS LTDA;PREDSIGMA;20 MG COM CT BL AL AL X 10;PREDNISOLONA;7895296282017;1181903480121;90583302;607024030103017;;N;;18.66;25.72;;;;CMED_ICMS17;20260508;20;PF0=15.49|PF12=17.6|PF18=18.89|PF19=19.12|PF20=19.36|PF21=19.61|PF22=19.86|PMC0=21.35|PMC12=24.26|PMC18=26.04|PMC19=26.35|PMC20=26.69|PMC21=27.03|PMC22=27.37|PMVG17=14.64|PMVG18=14.82|PMVG20=15.19
CMED;20260508;medicamento;607024040109417;;;MULTILAB INDUSTRIA E COMERCIO DE PRODUTOS FARMACEUTICOS LTDA;PREDSIGMA;3 MG/ML SOL OR CT FR PLAS AMB X 60 ML + SER DOS;FOSFATO SÓDICO DE PREDNISOLONA;7895296288026;1181903480156;90582314;607024040109417;;N;;22.55;31.08;;;;CMED_ICMS17;20260508;20;PF0=18.72|PF12=21.27|PF18=22.83|PF19=23.11|PF20=23.4|PF21=23.7|PF22=24|PMC0=25.8|PMC12=29.32|PMC18=31.47|PMC19=31.85|PMC20=32.25|PMC21=32.67|PMC22=33.08|PMVG17=17.69|PMVG18=17.91|PMVG20=18.36
CMED;20260508;medicamento;540917040027717;;;COSMED INDUSTRIA DE COSMETICOS E MEDICAMENTOS S.A.;PREDSIM;40 MG COM REV CT BL AL PLAS PVC TRANS X 7;PREDNISOLONA;7891142177216;1781707890035;90388984;540917040027717;;N;;52.39;72.21;;;;CMED_ICMS17;20260508;20;PF0=43.48|PF12=49.41|PF18=53.02|PF19=53.68|PF20=54.35|PF21=55.04|PF22=55.74|PMC0=59.93|PMC12=68.11|PMC18=73.08|PMC19=73.99|PMC20=74.92|PMC21=75.87|PMC22=76.83|PMVG17=41.11|PMVG18=41.6|PMVG20=42.65
CMED;20260508;medicamento;540917040027817;;;COSMED INDUSTRIA DE COSMETICOS E MEDICAMENTOS S.A.;PREDSIM;11 MG/ML SOL GOT OR CT FR GOT PLAS PEAD/PEBD OPC X 20 ML;FOSFATO SÓDICO DE PREDNISOLONA;7891142177124;1781707890078;90388992;540917040027817;;N;;34.46;47.5;;;;CMED_ICMS17;20260508;20;PF0=28.6|PF12=32.5|PF18=34.88|PF19=35.31|PF20=35.75|PF21=36.2|PF22=36.67|PMC0=39.42|PMC12=44.8|PMC18=48.08|PMC19=48.67|PMC20=49.28|PMC21=49.9|PMC22=50.55|PMVG17=27.04|PMVG18=27.37|PMVG20=28.05
CMED;20260508;medicamento;540917040027917;;;COSMED INDUSTRIA DE COSMETICOS E MEDICAMENTOS S.A.;PREDSIM;3 MG/ML SOL OR CT FR PLAS AMB X 60 ML + SER DOS;FOSFATO SÓDICO DE PREDNISOLONA;7891142177162;1781708090016;90389000;540917040027917;;N;;27.93;38.5;;;;CMED_ICMS17;20260508;20;PF0=23.18|PF12=26.34|PF18=28.27|PF19=28.62|PF20=28.98|PF21=29.34|PF22=29.72|PMC0=31.95|PMC12=36.31|PMC18=38.97|PMC19=39.45|PMC20=39.95|PMC21=40.44|PMC22=40.97|PMVG17=21.92|PMVG18=22.18|PMVG20=22.74
CMED;20260508;medicamento;540917040028017;;;COSMED INDUSTRIA DE COSMETICOS E MEDICAMENTOS S.A.;PREDSIM;3 MG/ML SOL OR CT FR PLAS AMB X 100 ML + SER DOS;FOSFATO SÓDICO DE PREDNISOLONA;7891142177155;1781708090024;90389018;540917040028017;;N;;48.2;66.44;;;;CMED_ICMS17;20260508;20;PF0=40.01|PF12=45.47|PF18=48.79|PF19=49.4|PF20=50.01|PF21=50.65|PF22=51.29|PMC0=55.15|PMC12=62.68|PMC18=67.25|PMC19=68.09|PMC20=68.93|PMC21=69.82|PMC22=70.7|PMVG17=37.82|PMVG18=38.28|PMVG20=39.24
CMED;20260508;medicamento;540917040028117;;;COSMED INDUSTRIA DE COSMETICOS E MEDICAMENTOS S.A.;PREDSIM;20 MG COM CT BL AL PLAS TRANS X 10;FOSFATO SÓDICO DE PREDNISOLONA;7891142177056;1781708090059;90389026;540917040028117;;N;;30;41.35;;;;CMED_ICMS17;20260508;20;PF0=24.9|PF12=28.3|PF18=30.37|PF19=30.74|PF20=31.13|PF21=31.52|PF22=31.92|PMC0=34.32|PMC12=39.01|PMC18=41.86|PMC19=42.37|PMC20=42.91|PMC21=43.45|PMC22=44|PMVG17=23.54|PMVG18=23.83|PMVG20=24.43
CMED;20260508;medicamento;540917040028217;;;COSMED INDUSTRIA DE COSMETICOS E MEDICAMENTOS S.A.;PREDSIM;5 MG COM CT BL AL PLAS TRANS X 10;FOSFATO SÓDICO DE PREDNISOLONA;7891142177032;1781708090091;90389034;540917040028217;;N;;10.24;14.11;;;;CMED_ICMS17;20260508;20;PF0=8.5|PF12=9.66|PF18=10.37|PF19=10.49|PF20=10.63|PF21=10.76|PF22=10.9|PMC0=11.72|PMC12=13.32|PMC18=14.29|PMC19=14.46|PMC20=14.65|PMC21=14.83|PMC22=15.02|PMVG17=8.04|PMVG18=8.14|PMVG20=8.34
CMED;20260508;medicamento;540917040028317;;;COSMED INDUSTRIA DE COSMETICOS E MEDICAMENTOS S.A.;PREDSIM;5 MG COM CT BL AL PLAS TRANS X 20;FOSFATO SÓDICO DE PREDNISOLONA;7891142177049;1781708090105;90389042;540917040028317;;N;;20.66;28.48;;;;CMED_ICMS17;20260508;20;PF0=17.15|PF12=19.49|PF18=20.91|PF19=21.17|PF20=21.44|PF21=21.71|PF22=21.99|PMC0=23.64|PMC12=26.86|PMC18=28.82|PMC19=29.18|PMC20=29.55|PMC21=29.92|PMC22=30.31|PMVG17=16.21|PMVG18=16.41|PMVG20=16.82
CMED;20260508;medicamento;540918040035103;;;COSMED INDUSTRIA DE COSMETICOS E MEDICAMENTOS S.A.;PREDSIM;20 MG COM CT BL AL PLAS TRANS X 20;PREDNISOLONA;7891142200143;1781708090067;90417038;540918040035103;;N;;59.94;82.62;;;;CMED_ICMS17;20260508;20;PF0=49.75|PF12=56.53|PF18=60.67|PF19=61.42|PF20=62.19|PF21=62.97|PF22=63.78|PMC0=68.58|PMC12=77.92|PMC18=83.63|PMC19=84.66|PMC20=85.72|PMC21=86.8|PMC22=87.91|PMVG17=47.03|PMVG18=47.61|PMVG20=48.8
CMED;20260508;medicamento;540918040035203;;;COSMED INDUSTRIA DE COSMETICOS E MEDICAMENTOS S.A.;PREDSIM;40 MG COM REV CT BL AL PLAS PVC TRANS X 10;PREDNISOLONA;7891142177209;1781707890043;90417046;540918040035203;;N;;74.81;103.12;;;;CMED_ICMS17;20260508;20;PF0=62.09|PF12=70.56|PF18=75.72|PF19=76.65|PF20=77.61|PF21=78.59|PF22=79.6|PMC0=85.58|PMC12=97.26|PMC18=104.37|PMC19=105.65|PMC20=106.98|PMC21=108.33|PMC22=109.72|PMVG17=58.7|PMVG18=59.42|PMVG20=60.9
CMED;20260508;medicamento;540923040059503;;;COSMED INDUSTRIA DE COSMETICOS E MEDICAMENTOS S.A.;PREDSIM;10 MG COM REV CT BL AL AL X 10;PREDNISOLONA;7891142982889;1781709430023;90564456;540923040059503;;N;;18.18;25.06;;;;CMED_ICMS17;20260508;20;PF0=15.09|PF12=17.15|PF18=18.4|PF19=18.63|PF20=18.86|PF21=19.1|PF22=19.35|PMC0=20.8|PMC12=23.64|PMC18=25.36|PMC19=25.68|PMC20=26|PMC21=26.33|PMC22=26.67|PMVG17=14.27|PMVG18=14.44|PMVG20=14.8
CMED;20260508;medicamento;540923040059603;;;COSMED INDUSTRIA DE COSMETICOS E MEDICAMENTOS S.A.;PREDSIM;10 MG COM REV CT BL AL AL X 4;PREDNISOLONA;7891142982896;1781709430015;90564448;540923040059603;;N;;7.25;9.99;;;;CMED_ICMS17;20260508;20;PF0=6.02|PF12=6.84|PF18=7.34|PF19=7.43|PF20=7.53|PF21=7.62|PF22=7.72|PMC0=8.3|PMC12=9.43|PMC18=10.12|PMC19=10.24|PMC20=10.38|PMC21=10.5|PMC22=10.64|PMVG17=5.69|PMVG18=5.76|PMVG20=5.91
CMED;20260508;medicamento;540923080061003;;;COSMED INDUSTRIA DE COSMETICOS E MEDICAMENTOS S.A.;PREDSIM;5 MG COM REV CT BL AL AL X 10;PREDNISOLONA;7891142981318;1781708090148;90567617;540923080061003;;N;;10.28;14.17;;;;CMED_ICMS17;20260508;20;PF0=8.53|PF12=9.69|PF18=10.4|PF19=10.53|PF20=10.66|PF21=10.8|PF22=10.94|PMC0=11.76|PMC12=13.36|PMC18=14.34|PMC19=14.51|PMC20=14.69|PMC21=14.89|PMC22=15.08|PMVG17=8.07|PMVG18=8.16|PMVG20=8.36
CMED;20260508;medicamento;540923080061103;;;COSMED INDUSTRIA DE COSMETICOS E MEDICAMENTOS S.A.;PREDSIM;5 MG COM REV CT BL AL AL X 20;PREDNISOLONA;7891142981301;1781708090156;90567625;540923080061103;;N;;20.59;28.38;;;;CMED_ICMS17;20260508;20;PF0=17.09|PF12=19.42|PF18=20.84|PF19=21.1|PF20=21.36|PF21=21.63|PF22=21.91|PMC0=23.56|PMC12=26.77|PMC18=28.73|PMC19=29.08|PMC20=29.44|PMC21=29.81|PMC22=30.2|PMVG17=16.16|PMVG18=16.35|PMVG20=16.76
CMED;20260508;medicamento;540923080061203;;;COSMED INDUSTRIA DE COSMETICOS E MEDICAMENTOS S.A.;PREDSIM;20 MG COM REV CT BL AL AL X 10;PREDNISOLONA;7891142981363;1781708090180;90567633;540923080061203;;N;;29.96;41.3;;;;CMED_ICMS17;20260508;20;PF0=24.87|PF12=28.26|PF18=30.33|PF19=30.7|PF20=31.09|PF21=31.48|PF22=31.88|PMC0=34.28|PMC12=38.95|PMC18=41.81|PMC19=42.32|PMC20=42.85|PMC21=43.39|PMC22=43.94|PMVG17=23.51|PMVG18=23.8|PMVG20=24.4
CMED;20260508;medicamento;540923080061303;;;COSMED INDUSTRIA DE COSMETICOS E MEDICAMENTOS S.A.;PREDSIM;20 MG COM REV CT BL AL AL X 20;PREDNISOLONA;7891142981356;1781708090199;90567641;540923080061303;;N;;59.98;82.68;;;;CMED_ICMS17;20260508;20;PF0=49.78|PF12=56.57|PF18=60.71|PF19=61.46|PF20=62.23|PF21=63.01|PF22=63.82|PMC0=68.62|PMC12=77.98|PMC18=83.68|PMC19=84.72|PMC20=85.78|PMC21=86.85|PMC22=87.97|PMVG17=47.07|PMVG18=47.64|PMVG20=48.83
CMED;20260508;medicamento;540926030069403;;;COSMED INDUSTRIA DE COSMETICOS E MEDICAMENTOS S.A.;PREDSIM;22 MG/ML SOL GOT OR CT FR GOT PLAS PEBD/PEAD OPC X 10 ML;FOSFATO SÓDICO DE PREDNISOLONA;7891142984470;1781707890094;;540926030069403;;N;;34.46;47.5;;;;CMED_ICMS17;20260508;20;PF0=28.6|PF12=32.5|PF18=34.88|PF19=35.31|PF20=35.75|PF21=36.2|PF22=36.67|PMC0=39.42|PMC12=44.8|PMC18=48.08|PMC19=48.67|PMC20=49.28|PMC21=49.9|PMC22=50.55|PMVG17=27.04|PMVG18=27.37|PMVG20=28.05
CMED;20260508;medicamento;540926030069503;;;COSMED INDUSTRIA DE COSMETICOS E MEDICAMENTOS S.A.;PREDSIM;22 MG/ML SOL GOT OR CT FR GOT PLAS PEBD/PEAD OPC X 20 ML;FOSFATO SÓDICO DE PREDNISOLONA;7891142984456;1781707890108;;540926030069503;;N;;68.93;95.01;;;;CMED_ICMS17;20260508;20;PF0=57.21|PF12=65.01|PF18=69.77|PF19=70.63|PF20=71.51|PF21=72.42|PF22=73.35|PMC0=78.86|PMC12=89.61|PMC18=96.17|PMC19=97.36|PMC20=98.57|PMC21=99.82|PMC22=101.11|PMVG17=54.09|PMVG18=54.75|PMVG20=56.11
CMED;20260508;medicamento;540926040070303;;;COSMED INDUSTRIA DE COSMETICOS E MEDICAMENTOS S.A.;PREDSIM ODT;5 MG COM ORODISP CT BL AL AL X 10;FOSFATO SÓDICO DE PREDNISOLONA;7891142985163;1781709960014;;540926040070303;;N;;10.28;14.17;;;;CMED_ICMS17;20260508;20;PF0=8.53|PF12=9.69|PF18=10.4|PF19=10.53|PF20=10.66|PF21=10.8|PF22=10.94|PMC0=11.76|PMC12=13.36|PMC18=14.34|PMC19=14.51|PMC20=14.69|PMC21=14.89|PMC22=15.08|PMVG17=8.07|PMVG18=8.16|PMVG20=8.36
CMED;20260508;medicamento;540926040070403;;;COSMED INDUSTRIA DE COSMETICOS E MEDICAMENTOS S.A.;PREDSIM ODT;5 MG COM ORODISP CT BL AL AL X 20;FOSFATO SÓDICO DE PREDNISOLONA;7891142985170;1781709960022;;540926040070403;;N;;20.58;28.37;;;;CMED_ICMS17;20260508;20;PF0=17.08|PF12=19.41|PF18=20.83|PF19=21.09|PF20=21.35|PF21=21.62|PF22=21.9|PMC0=23.54|PMC12=26.75|PMC18=28.71|PMC19=29.07|PMC20=29.43|PMC21=29.8|PMC22=30.19|PMVG17=16.15|PMVG18=16.35|PMVG20=16.75
CMED;20260508;medicamento;509017080019404;;;FARMOQUÍMICA S/A;PREFISS;75 MG CAP GEL DURA CT BL AL PLAS TRANS X 30;PREGABALINA;7898040325664;1039001950038;90378741;509017080019404;;N;;142.66;196.64;;;;CMED_ICMS17;20260508;20;PF0=118.41|PF12=134.56|PF18=144.4|PF19=146.19|PF20=148.01|PF21=149.89|PF22=151.81|PMC0=163.22|PMC12=185.48|PMC18=199.04|PMC19=201.51|PMC20=204.02|PMC21=206.61|PMC22=209.25|PMVG17=111.95|PMVG18=113.31|PMVG20=116.14
CMED;20260508;medicamento;509017080019804;;;FARMOQUÍMICA S/A;PREFISS;150 MG CAP GEL DURA CT BL AL PLAS TRANS X 30;PREGABALINA;7898040325695;1039001950070;90378784;509017080019804;;N;;231.65;319.31;;;;CMED_ICMS17;20260508;20;PF0=192.27|PF12=218.49|PF18=234.48|PF19=237.37|PF20=240.34|PF21=243.38|PF22=246.5|PMC0=265.02|PMC12=301.17|PMC18=323.21|PMC19=327.19|PMC20=331.28|PMC21=335.47|PMC22=339.77|PMVG17=181.78|PMVG18=184|PMVG20=188.6
CMED;20260508;medicamento;509026030032103;;;FARMOQUÍMICA S/A;PREFISS;75 MG CAP DURA CT BL AL PLAS PVC TRANS X 30;PREGABALINA;7898040325664;1039002360031;;509026030032103;;N;;146.45;201.87;;;;CMED_ICMS17;20260508;20;PF0=121.55|PF12=138.13|PF18=148.23|PF19=150.06|PF20=151.94|PF21=153.86|PF22=155.83|PMC0=167.54|PMC12=190.4|PMC18=204.32|PMC19=206.84|PMC20=209.43|PMC21=212.08|PMC22=214.8|PMVG17=114.92|PMVG18=116.32|PMVG20=119.23
CMED;20260508;medicamento;509026030032203;;;FARMOQUÍMICA S/A;PREFISS;150 MG CAP DURA CT BL AL PLAS PVC TRANS X 30;PREGABALINA;7898040325695;1039002360080;;509026030032203;;N;;237.8;327.78;;;;CMED_ICMS17;20260508;20;PF0=197.37|PF12=224.28|PF18=240.7|PF19=243.67|PF20=246.71|PF21=249.84|PF22=253.04|PMC0=272.05|PMC12=309.15|PMC18=331.78|PMC19=335.87|PMC20=340.06|PMC21=344.38|PMC22=348.79|PMVG17=186.6|PMVG18=188.88|PMVG20=193.59
CMED;20260508;medicamento;509026030032303;;;FARMOQUÍMICA S/A;PREFISS;75 MG CAP DURA CT BL AL PLAS PVC TRANS X 10;PREGABALINA;7898244721873;1039002360110;;509026030032303;;N;;48.82;67.29;;;;CMED_ICMS17;20260508;20;PF0=40.52|PF12=46.05|PF18=49.41|PF19=50.02|PF20=50.65|PF21=51.29|PF22=51.95|PMC0=55.85|PMC12=63.48|PMC18=68.11|PMC19=68.95|PMC20=69.82|PMC21=70.7|PMC22=71.61|PMVG17=38.31|PMVG18=38.77|PMVG20=39.75
CMED;20260508;medicamento;531619120085707;;;EMS SIGMA PHARMA LTDA;PREG-LESS;150 MG/ML + 10 MG/ML SOL INJ IM CT AMP VD AMB X 1 ML;"ENANTATO DE ESTRADIOL;ALGESTONA ACETOFENIDA";7894916500821;1356907050018;90447980;531619120085707;;N;;14.75;20.33;;;;CMED_ICMS17;20260508;20;PF0=12.24|PF12=13.91|PF18=14.93|PF19=15.11|PF20=15.3|PF21=15.49|PF22=15.69|PMC0=16.87|PMC12=19.17|PMC18=20.58|PMC19=20.83|PMC20=21.09|PMC21=21.35|PMC22=21.63|PMVG17=11.57|PMVG18=11.72|PMVG20=12.01
CMED;20260508;medicamento;500120120039507;;;AUROBINDO PHARMA INDÚSTRIA FARMACÊUTICA LIMITADA;PREGABALINA;150 MG CAP DURA CT BL AL PLAS PVC TRANS X 30;PREGABALINA;7898361886240;1516700620080;90502051;500120120039507;S;N;;138.83;191.36;;;;CMED_ICMS17;20260508;20;PF0=115.23|PF12=130.94|PF18=140.52|PF19=142.26|PF20=144.04|PF21=145.86|PF22=147.73|PMC0=158.83|PMC12=180.49|PMC18=193.69|PMC19=196.09|PMC20=198.54|PMC21=201.05|PMC22=203.63|PMVG17=108.94|PMVG18=110.27|PMVG20=113.03
CMED;20260508;medicamento;500120120039707;;;AUROBINDO PHARMA INDÚSTRIA FARMACÊUTICA LIMITADA;PREGABALINA;75 MG CAP DURA CT BL AL PLAS PVC TRANS X 14;PREGABALINA;7898361886141;1516700620013;90502078;500120120039707;S;N;;53.93;74.34;;;;CMED_ICMS17;20260508;20;PF0=44.76|PF12=50.86|PF18=54.59|PF19=55.26|PF20=55.95|PF21=56.66|PF22=57.38|PMC0=61.7|PMC12=70.11|PMC18=75.25|PMC19=76.17|PMC20=77.12|PMC21=78.1|PMC22=79.09|PMVG17=42.32|PMVG18=42.84|PMVG20=43.9
CMED;20260508;medicamento;500120120039807;;;AUROBINDO PHARMA INDÚSTRIA FARMACÊUTICA LIMITADA;PREGABALINA;75 MG CAP DURA CT BL AL PLAS PVC TRANS X 28;PREGABALINA;7898361886165;1516700620021;90502086;500120120039807;S;N;;107.87;148.69;;;;CMED_ICMS17;20260508;20;PF0=89.53|PF12=101.74|PF18=109.18|PF19=110.53|PF20=111.91|PF21=113.33|PF22=114.78|PMC0=123.41|PMC12=140.24|PMC18=150.49|PMC19=152.35|PMC20=154.26|PMC21=156.21|PMC22=158.21|PMVG17=84.65|PMVG18=85.67|PMVG20=87.82
CMED;20260508;medicamento;500120120039907;;;AUROBINDO PHARMA INDÚSTRIA FARMACÊUTICA LIMITADA;PREGABALINA;75 MG CAP DURA CT BL AL PLAS PVC TRANS X 30;PREGABALINA;7898361886172;1516700620031;90502094;500120120039907;S;N;;82.05;113.1;;;;CMED_ICMS17;20260508;20;PF0=68.1|PF12=77.39|PF18=83.05|PF19=84.07|PF20=85.13|PF21=86.2|PF22=87.31|PMC0=93.87|PMC12=106.67|PMC18=114.48|PMC19=115.88|PMC20=117.34|PMC21=118.82|PMC22=120.35|PMVG17=64.38|PMVG18=65.17|PMVG20=66.8
CMED;20260508;medicamento;500120120040207;;;AUROBINDO PHARMA INDÚSTRIA FARMACÊUTICA LIMITADA;PREGABALINA;150 MG CAP DURA CT BL AL PLAS PVC TRANS X 14;PREGABALINA;7898361886219;1516700620064;90502124;500120120040207;S;N;;82.71;114.01;;;;CMED_ICMS17;20260508;20;PF0=68.65|PF12=78.01|PF18=83.72|PF19=84.75|PF20=85.81|PF21=86.9|PF22=88.01|PMC0=94.63|PMC12=107.53|PMC18=115.4|PMC19=116.82|PMC20=118.28|PMC21=119.78|PMC22=121.31|PMVG17=64.9|PMVG18=65.7|PMVG20=67.33
CMED;20260508;medicamento;500120120040307;;;AUROBINDO PHARMA INDÚSTRIA FARMACÊUTICA LIMITADA;PREGABALINA;150 MG CAP DURA CT BL AL PLAS PVC TRANS X 28;PREGABALINA;7898361886233;1516700620072;90502132;500120120040307;S;N;;165.47;228.08;;;;CMED_ICMS17;20260508;20;PF0=137.34|PF12=156.07|PF18=167.49|PF19=169.56|PF20=171.68|PF21=173.85|PF22=176.08|PMC0=189.31|PMC12=215.13|PMC18=230.87|PMC19=233.72|PMC20=236.64|PMC21=239.63|PMC22=242.71|PMVG17=129.84|PMVG18=131.43|PMVG20=134.72
CMED;20260508;medicamento;504122070079206;;;BIOLAB SANUS FARMACEUTICA LTDA;PREGABALINA;75 MG CAP DURA CT BL AL PLAS PVC TRANS X 30;PREGABALINA;7896112406259;1097403270047;90540107;504122070079206;S;N;;115.59;159.33;;;;CMED_ICMS17;20260508;20;PF0=95.94|PF12=109.02|PF18=117|PF19=118.44|PF20=119.93|PF21=121.44|PF22=123|PMC0=132.24|PMC12=150.27|PMC18=161.27|PMC19=163.26|PMC20=165.31|PMC21=167.39|PMC22=169.54|PMVG17=90.7|PMVG18=91.81|PMVG20=94.11
CMED;20260508;medicamento;504122070079306;;;BIOLAB SANUS FARMACEUTICA LTDA;PREGABALINA;75 MG CAP DURA CT BL AL PLAS PVC TRANS X 60;PREGABALINA;7896112406266;1097403270063;90540115;504122070079306;S;N;;231.22;318.71;;;;CMED_ICMS17;20260508;20;PF0=191.91|PF12=218.08|PF18=234.04|PF19=236.93|PF20=239.89|PF21=242.92|PF22=246.04|PMC0=264.53|PMC12=300.6|PMC18=322.6|PMC19=326.58|PMC20=330.66|PMC21=334.84|PMC22=339.14|PMVG17=181.44|PMVG18=183.65|PMVG20=188.24
CMED;20260508;medicamento;504122070079406;;;BIOLAB SANUS FARMACEUTICA LTDA;PREGABALINA;150 MG CAP DURA CT BL AL PLAS PVC TRANS X 30;PREGABALINA;7896112406273;1097403270136;90540123;504122070079406;S;N;;177.28;244.36;;;;CMED_ICMS17;20260508;20;PF0=147.14|PF12=167.2|PF18=179.44|PF19=181.65|PF20=183.93|PF21=186.25|PF22=188.64|PMC0=202.82|PMC12=230.47|PMC18=247.34|PMC19=250.39|PMC20=253.53|PMC21=256.73|PMC22=260.02|PMVG17=139.11|PMVG18=140.81|PMVG20=144.33
CMED;20260508;medicamento;504122070079506;;;BIOLAB SANUS FARMACEUTICA LTDA;PREGABALINA;150 MG CAP DURA CT BL AL PLAS PVC TRANS X 60;PREGABALINA;7896112406280;1097403270152;90540131;504122070079506;S;N;;354.57;488.74;;;;CMED_ICMS17;20260508;20;PF0=294.29|PF12=334.42|PF18=358.89|PF19=363.32|PF20=367.86|PF21=372.52|PF22=377.29|PMC0=405.65|PMC12=460.96|PMC18=494.69|PMC19=500.8|PMC20=507.06|PMC21=513.48|PMC22=520.05|PMVG17=278.23|PMVG18=281.62|PMVG20=288.66
CMED;20260508;medicamento;504621030080006;;;BRAINFARMA INDÚSTRIA QUÍMICA E FARMACÊUTICA S.A;PREGABALINA;75 MG CAP DURA CT BL AL PLAS PVC/PVDC TRANS X 30;PREGABALINA;7896714274768;1558405900057;90508386;504621030080006;S;N;;127.25;175.4;;;;CMED_ICMS17;20260508;20;PF0=105.62|PF12=120.02|PF18=128.8|PF19=130.4|PF20=132.03|PF21=133.7|PF22=135.41|PMC0=145.59|PMC12=165.44|PMC18=177.54|PMC19=179.74|PMC20=181.99|PMC21=184.29|PMC22=186.65|PMVG17=99.85|PMVG18=101.07|PMVG20=103.61
CMED;20260508;medicamento;504621030080106;;;BRAINFARMA INDÚSTRIA QUÍMICA E FARMACÊUTICA S.A;PREGABALINA;150 MG CAP DURA CT BL AL PLAS PVC/PVDC TRANS X 30;PREGABALINA;7896714274775;1558405900121;90508394;504621030080106;S;N;;195.17;269.02;;;;CMED_ICMS17;20260508;20;PF0=161.99|PF12=184.08|PF18=197.55|PF19=199.99|PF20=202.49|PF21=205.05|PF22=207.68|PMC0=223.29|PMC12=253.74|PMC18=272.3|PMC19=275.67|PMC20=279.11|PMC21=282.64|PMC22=286.27|PMVG17=153.15|PMVG18=155.02|PMVG20=158.89
CMED;20260508;medicamento;504624120099706;;;BRAINFARMA INDÚSTRIA QUÍMICA E FARMACÊUTICA S.A;PREGABALINA;75 MG CAP DURA CT BL AL PLAS PVC/PVDC TRANS X 30;PREGABALINA;7896714296142;1558406820091;90601130;504624120099706;S;N;;115.61;159.36;;;;CMED_ICMS17;20260508;20;PF0=95.96|PF12=109.05|PF18=117.02|PF19=118.47|PF20=119.95|PF21=121.47|PF22=123.03|PMC0=132.27|PMC12=150.31|PMC18=161.3|PMC19=163.3|PMC20=165.34|PMC21=167.43|PMC22=169.58|PMVG17=90.72|PMVG18=91.82|PMVG20=94.12
CMED;20260508;medicamento;504624120099806;;;BRAINFARMA INDÚSTRIA QUÍMICA E FARMACÊUTICA S.A;PREGABALINA;150 MG CAP DURA CT BL AL PLAS PVC/PVDC TRANS X 30;PREGABALINA;7896714296159;1558406820103;90601149;504624120099806;S;N;;177.31;244.4;;;;CMED_ICMS17;20260508;20;PF0=147.17|PF12=167.24|PF18=179.48|PF19=181.69|PF20=183.96|PF21=186.29|PF22=188.68|PMC0=202.86|PMC12=230.52|PMC18=247.39|PMC19=250.44|PMC20=253.57|PMC21=256.78|PMC22=260.08|PMVG17=139.14|PMVG18=140.84|PMVG20=144.35
CMED;20260508;medicamento;506422090051106;;;CIMED INDUSTRIA S.A;PREGABALINA;75 MG CAP DURA CT BL AL PLAS PVC/PVDC TRANS X 30;PREGABALINA;7896523201559;1438102790092;90549007;506422090051106;S;N;;46.82;64.54;;;;CMED_ICMS17;20260508;20;PF0=38.86|PF12=44.16|PF18=47.39|PF19=47.98|PF20=48.58|PF21=49.19|PF22=49.82|PMC0=53.56|PMC12=60.87|PMC18=65.32|PMC19=66.14|PMC20=66.96|PMC21=67.8|PMC22=68.67|PMVG17=36.74|PMVG18=37.19|PMVG20=38.12
CMED;20260508;medicamento;506422090051506;;;CIMED INDUSTRIA S.A;PREGABALINA;150 MG CAP DURA CT BL AL PLAS PVC/PVDC TRANS X 30;PREGABALINA;7896523201566;1438102790106;90549015;506422090051506;S;N;;84.25;116.13;;;;CMED_ICMS17;20260508;20;PF0=69.93|PF12=79.47|PF18=85.28|PF19=86.33|PF20=87.41|PF21=88.52|PF22=89.65|PMC0=96.39|PMC12=109.54|PMC18=117.55|PMC19=119|PMC20=120.49|PMC21=122.02|PMC22=123.57|PMVG17=66.11|PMVG18=66.92|PMVG20=68.59
CMED;20260508;medicamento;508020090134407;;;EUROFARMA LABORATORIOS S.A.;PREGABALINA;75 MG CAP DURA CT BL AL PLAS PVC TRANS X 30;PREGABALINA;7891317139384;1004313060051;90488105;508020090134407;S;N;;71.72;98.86;;;;CMED_ICMS17;20260508;20;PF0=59.53|PF12=67.65|PF18=72.6|PF19=73.49|PF20=74.41|PF21=75.35|PF22=76.32|PMC0=82.06|PMC12=93.25|PMC18=100.07|PMC19=101.3|PMC20=102.57|PMC21=103.86|PMC22=105.2|PMVG17=56.28|PMVG18=56.97|PMVG20=58.39
CMED;20260508;medicamento;508020090134507;;;EUROFARMA LABORATORIOS S.A.;PREGABALINA;150 MG CAP DURA CT BL AL PLAS PVC TRANS X 30;PREGABALINA;7891317139469;1004313060116;90488113;508020090134507;S;N;;124.07;171.02;;;;CMED_ICMS17;20260508;20;PF0=102.98|PF12=117.02|PF18=125.59|PF19=127.14|PF20=128.73|PF21=130.35|PF22=132.03|PMC0=141.95|PMC12=161.3|PMC18=173.11|PMC19=175.25|PMC20=177.44|PMC21=179.67|PMC22=181.99|PMVG17=97.36|PMVG18=98.55|PMVG20=101.02
CMED;20260508;medicamento;510425020194206;;;GEOLAB INDÚSTRIA FARMACÊUTICA S/A;PREGABALINA;75 MG CAP DURA CT BL AL PLAS PVC/PVDC TRANS X 30;PREGABALINA;7899095263307;1542303550034;90603834;510425020194206;S;N;;79.93;110.18;;;;CMED_ICMS17;20260508;20;PF0=66.34|PF12=75.39|PF18=80.9|PF19=81.9|PF20=82.93|PF21=83.97|PF22=85.05|PMC0=91.44|PMC12=103.92|PMC18=111.51|PMC19=112.89|PMC20=114.31|PMC21=115.74|PMC22=117.23|PMVG17=62.72|PMVG18=63.48|PMVG20=65.08
CMED;20260508;medicamento;510425020194306;;;GEOLAB INDÚSTRIA FARMACÊUTICA S/A;PREGABALINA;150 MG CAP DURA CT BL AL PLAS PVC/PVDC TRANS X 30;PREGABALINA;7899095263291;1542303550093;90603842;510425020194306;S;N;;135.24;186.41;;;;CMED_ICMS17;20260508;20;PF0=112.25|PF12=127.56|PF18=136.89|PF19=138.58|PF20=140.31|PF21=142.09|PF22=143.91|PMC0=154.72|PMC12=175.83|PMC18=188.69|PMC19=191.02|PMC20=193.4|PMC21=195.86|PMC22=198.36|PMVG17=106.12|PMVG18=107.42|PMVG20=110.1
CMED;20260508;medicamento;511524100083806;;;SANDOZ DO BRASIL INDÚSTRIA FARMACÊUTICA LTDA;PREGABALINA;75 MG CAP DURA CT BL AL PLAS PVC/PVDC TRANS X 30;PREGABALINA;7897595634740;1004706640053;90595017;511524100083806;S;N;;64.13;88.4;;;;CMED_ICMS17;20260508;20;PF0=53.23|PF12=60.49|PF18=64.91|PF19=65.72|PF20=66.54|PF21=67.38|PF22=68.24|PMC0=73.37|PMC12=83.38|PMC18=89.47|PMC19=90.59|PMC20=91.72|PMC21=92.88|PMC22=94.06|PMVG17=50.32|PMVG18=50.93|PMVG20=52.21
CMED;20260508;medicamento;511524100083906;;;SANDOZ DO BRASIL INDÚSTRIA FARMACÊUTICA LTDA;PREGABALINA;150 MG CAP DURA CT BL AL PLAS PVC/PVDC TRANS X 30;PREGABALINA;7897595634757;1004706640126;90595025;511524100083906;S;N;;95.35;131.43;;;;CMED_ICMS17;20260508;20;PF0=79.14|PF12=89.93|PF18=96.51|PF19=97.7|PF20=98.93|PF21=100.18|PF22=101.46|PMC0=109.09|PMC12=123.96|PMC18=133.03|PMC19=134.67|PMC20=136.36|PMC21=138.09|PMC22=139.85|PMVG17=74.82|PMVG18=75.73|PMVG20=77.63
CMED;20260508;medicamento;513424100035506;;;INSTITUTO BIOCHIMICO INDÚSTRIA FARMACÊUTICA LTDA;PREGABALINA;75 MG CAP DURA CT BL AL PLAS PVC/PVDC TRANS X 30;PREGABALINA;7897406122237;1006303000052;90595033;513424100035506;S;N;;112.63;155.25;;;;CMED_ICMS17;20260508;20;PF0=93.48|PF12=106.23|PF18=114|PF19=115.41|PF20=116.85|PF21=118.33|PF22=119.85|PMC0=128.85|PMC12=146.43|PMC18=157.14|PMC19=159.08|PMC20=161.07|PMC21=163.11|PMC22=165.2|PMVG17=88.38|PMVG18=89.46|PMVG20=91.69
CMED;20260508;medicamento;513424100035606;;;INSTITUTO BIOCHIMICO INDÚSTRIA FARMACÊUTICA LTDA;PREGABALINA;150 MG CAP DURA CT BL AL PLAS PVC/PVDC TRANS X 30;PREGABALINA;7897406122299;1006303000109;90595041;513424100035606;S;N;;172.72;238.08;;;;CMED_ICMS17;20260508;20;PF0=143.36|PF12=162.91|PF18=174.83|PF19=176.99|PF20=179.2|PF21=181.47|PF22=183.79|PMC0=197.61|PMC12=224.55|PMC18=240.98|PMC19=243.96|PMC20=247.01|PMC21=250.14|PMC22=253.34|PMVG17=135.53|PMVG18=137.19|PMVG20=140.62
CMED;20260508;medicamento;517624030031406;;;LABORATORIO GLOBO SA;PREGABALINA;75 MG CAP DURA CT BL AL PLAS PVC/PVDC TRANS X 30;PREGABALINA;7899620915237;1053502440011;90583345;517624030031406;S;N;;115.61;159.36;;;;CMED_ICMS17;20260508;20;PF0=95.96|PF12=109.05|PF18=117.02|PF19=118.47|PF20=119.95|PF21=121.47|PF22=123.03|PMC0=132.27|PMC12=150.31|PMC18=161.3|PMC19=163.3|PMC20=165.34|PMC21=167.43|PMC22=169.58|PMVG17=90.72|PMVG18=91.82|PMVG20=94.12
CMED;20260508;medicamento;517624030031506;;;LABORATORIO GLOBO SA;PREGABALINA;150 MG CAP DURA CT BL AL PLAS PVC/PVDC TRANS X 30;PREGABALINA;7899620915244;1053502440021;90583353;517624030031506;S;N;;177.31;244.4;;;;CMED_ICMS17;20260508;20;PF0=147.17|PF12=167.24|PF18=179.48|PF19=181.69|PF20=183.96|PF21=186.29|PF22=188.68|PMC0=202.86|PMC12=230.52|PMC18=247.39|PMC19=250.44|PMC20=253.57|PMC21=256.78|PMC22=260.08|PMVG17=139.14|PMVG18=140.84|PMVG20=144.35
CMED;20260508;medicamento;520720090112007;;;LABORATORIO TEUTO BRASILEIRO S/A;PREGABALINA;75 MG CAP DURA CT BL AL PLAS TRANS X 30;PREGABALINA;7896112172130;1037005890051;90488180;520720090112007;S;N;;115.63;159.38;;;;CMED_ICMS17;20260508;20;PF0=95.97|PF12=109.06|PF18=117.04|PF19=118.48|PF20=119.96|PF21=121.48|PF22=123.04|PMC0=132.28|PMC12=150.33|PMC18=161.33|PMC19=163.31|PMC20=165.35|PMC21=167.45|PMC22=169.6|PMVG17=90.73|PMVG18=91.84|PMVG20=94.13
CMED;20260508;medicamento;520720100112407;;;LABORATORIO TEUTO BRASILEIRO S/A;PREGABALINA;150 MG CAP DURA CT BL AL PLAS TRANS X 30;PREGABALINA;7896112172208;1037005890122;90490720;520720100112407;S;N;;177.25;244.32;;;;CMED_ICMS17;20260508;20;PF0=147.12|PF12=167.18|PF18=179.41|PF19=181.63|PF20=183.9|PF21=186.23|PF22=188.62|PMC0=202.79|PMC12=230.44|PMC18=247.3|PMC19=250.36|PMC20=253.49|PMC21=256.7|PMC22=259.99|PMVG17=139.09|PMVG18=140.78|PMVG20=144.31
CMED;20260508;medicamento;525116120030106;;;MEDQUIMICA INDUSTRIA FARMACEUTICA LTDA.;PREGABALINA;75 MG CAP DURA CT BL AL PLAS PVC/PCTFE TRANS X 30;PREGABALINA;7896862927080;1091701020023;90368614;525116120030106;S;N;;99.73;137.47;;;;CMED_ICMS17;20260508;20;PF0=82.78|PF12=94.07|PF18=100.95|PF19=102.2|PF20=103.48|PF21=104.78|PF22=106.13|PMC0=114.1|PMC12=129.67|PMC18=139.15|PMC19=140.87|PMC20=142.64|PMC21=144.43|PMC22=146.29|PMVG17=78.26|PMVG18=79.22|PMVG20=81.2
CMED;20260508;medicamento;525116120030306;;;MEDQUIMICA INDUSTRIA FARMACEUTICA LTDA.;PREGABALINA;150 MG CAP DURA CT BL AL PLAS PVC/PCTFE TRANS X 30;PREGABALINA;7896862927103;1091701020041;90368592;525116120030306;S;N;;152.93;210.8;;;;CMED_ICMS17;20260508;20;PF0=126.93|PF12=144.24|PF18=154.79|PF19=156.7|PF20=158.66|PF21=160.67|PF22=162.73|PMC0=174.96|PMC12=198.82|PMC18=213.36|PMC19=215.99|PMC20=218.7|PMC21=221.47|PMC22=224.31|PMVG17=120|PMVG18=121.46|PMVG20=124.5
CMED;20260508;medicamento;525122120034606;;;MEDQUIMICA INDUSTRIA FARMACEUTICA LTDA.;PREGABALINA;75 MG CAP DURA CT BL AL PLAS PVC TRANS X 30;PREGABALINA;7896862927073;1091701020015;90368606;525122120034606;S;N;;110.65;152.52;;;;CMED_ICMS17;20260508;20;PF0=91.84|PF12=104.36|PF18=112|PF19=113.38|PF20=114.8|PF21=116.25|PF22=117.74|PMC0=126.59|PMC12=143.85|PMC18=154.38|PMC19=156.28|PMC20=158.24|PMC21=160.24|PMC22=162.29|PMVG17=86.83|PMVG18=87.89|PMVG20=90.08
CMED;20260508;medicamento;525122120034706;;;MEDQUIMICA INDUSTRIA FARMACEUTICA LTDA.;PREGABALINA;150 MG CAP DURA CT BL AL PLAS PVC TRANS X 30;PREGABALINA;7896862927097;1091701020031;90368584;525122120034706;S;N;;169.69;233.9;;;;CMED_ICMS17;20260508;20;PF0=140.84|PF12=160.05|PF18=171.76|PF19=173.88|PF20=176.05|PF21=178.28|PF22=180.56|PMC0=194.13|PMC12=220.61|PMC18=236.75|PMC19=239.68|PMC20=242.67|PMC21=245.74|PMC22=248.88|PMVG17=133.16|PMVG18=134.78|PMVG20=138.15
CMED;20260508;medicamento;526120120128607;;;GERMED FARMACEUTICA LTDA;PREGABALINA;75 MG CAP DURA CT BL AL PLAS PVC/PVDC OPC X 10;PREGABALINA;7896004776255;1058309800010;90501934;526120120128607;S;N;;38.54;53.12;;;;CMED_ICMS17;20260508;20;PF0=31.99|PF12=36.35|PF18=39.01|PF19=39.49|PF20=39.99|PF21=40.49|PF22=41.01|PMC0=44.09|PMC12=50.1|PMC18=53.77|PMC19=54.43|PMC20=55.12|PMC21=55.81|PMC22=56.53|PMVG17=30.24|PMVG18=30.61|PMVG20=31.38
CMED;20260508;medicamento;526120120128707;;;GERMED FARMACEUTICA LTDA;PREGABALINA;75 MG CAP DURA CT BL AL PLAS PVC/PVDC OPC X 14;PREGABALINA;7896004751122;1058309800029;90501942;526120120128707;S;N;;53.95;74.36;;;;CMED_ICMS17;20260508;20;PF0=44.78|PF12=50.89|PF18=54.61|PF19=55.28|PF20=55.98|PF21=56.68|PF22=57.41|PMC0=61.72|PMC12=70.15|PMC18=75.27|PMC19=76.2|PMC20=77.16|PMC21=78.13|PMC22=79.13|PMVG17=42.33|PMVG18=42.85|PMVG20=43.93
CMED;20260508;medicamento;526120120128807;;;GERMED FARMACEUTICA LTDA;PREGABALINA;75 MG CAP DURA CT BL AL PLAS PVC/PVDC OPC X 20;PREGABALINA;7896004776262;1058309800037;90501950;526120120128807;S;N;;77.08;106.25;;;;CMED_ICMS17;20260508;20;PF0=63.98|PF12=72.7|PF18=78.02|PF19=78.99|PF20=79.98|PF21=80.99|PF22=82.03|PMC0=88.19|PMC12=100.21|PMC18=107.54|PMC19=108.88|PMC20=110.24|PMC21=111.64|PMC22=113.07|PMVG17=60.48|PMVG18=61.22|PMVG20=62.76
CMED;20260508;medicamento;526120120128907;;;GERMED FARMACEUTICA LTDA;PREGABALINA;75 MG CAP DURA CT BL AL PLAS PVC/PVDC OPC X 28;PREGABALINA;7896004751139;1058309800045;90501969;526120120128907;S;N;;107.9;148.73;;;;CMED_ICMS17;20260508;20;PF0=89.56|PF12=101.77|PF18=109.22|PF19=110.57|PF20=111.95|PF21=113.37|PF22=114.82|PMC0=123.45|PMC12=140.28|PMC18=150.55|PMC19=152.41|PMC20=154.31|PMC21=156.27|PMC22=158.27|PMVG17=84.67|PMVG18=85.71|PMVG20=87.85
CMED;20260508;medicamento;526120120129007;;;GERMED FARMACEUTICA LTDA;PREGABALINA;75 MG CAP DURA CT BL AL PLAS PVC/PVDC OPC X 30;PREGABALINA;7896004776279;1058309800053;90501977;526120120129007;S;N;;115.6;159.34;;;;CMED_ICMS17;20260508;20;PF0=95.95|PF12=109.03|PF18=117.01|PF19=118.46|PF20=119.94|PF21=121.46|PF22=123.01|PMC0=132.26|PMC12=150.29|PMC18=161.29|PMC19=163.28|PMC20=165.32|PMC21=167.42|PMC22=169.56|PMVG17=90.71|PMVG18=91.82|PMVG20=94.12
CMED;20260508;medicamento;526120120129107;;;GERMED FARMACEUTICA LTDA;PREGABALINA;75 MG CAP DURA CT BL AL PLAS PVC/PVDC OPC X 56;PREGABALINA;7896004776286;1058309800061;90501985;526120120129107;S;N;;215.8;297.46;;;;CMED_ICMS17;20260508;20;PF0=179.11|PF12=203.53|PF18=218.43|PF19=221.12|PF20=223.89|PF21=226.72|PF22=229.63|PMC0=246.88|PMC12=280.54|PMC18=301.08|PMC19=304.79|PMC20=308.61|PMC21=312.51|PMC22=316.52|PMVG17=169.34|PMVG18=171.4|PMVG20=175.69
CMED;20260508;medicamento;526120120129207;;;GERMED FARMACEUTICA LTDA;PREGABALINA;150 MG CAP DURA CT BL AL PLAS PVC/PVDC OPC X 10;PREGABALINA;7896004776293;1058309800096;90501993;526120120129207;S;N;;59.12;81.49;;;;CMED_ICMS17;20260508;20;PF0=49.07|PF12=55.76|PF18=59.84|PF19=60.58|PF20=61.34|PF21=62.11|PF22=62.91|PMC0=67.64|PMC12=76.86|PMC18=82.48|PMC19=83.5|PMC20=84.55|PMC21=85.61|PMC22=86.71|PMVG17=46.39|PMVG18=46.96|PMVG20=48.13
CMED;20260508;medicamento;526120120129307;;;GERMED FARMACEUTICA LTDA;PREGABALINA;150 MG CAP DURA CT BL AL PLAS PVC/PVDC OPC X 14;PREGABALINA;7896004751146;1058309800101;90502000;526120120129307;S;N;;82.73;114.03;;;;CMED_ICMS17;20260508;20;PF0=68.67|PF12=78.03|PF18=83.74|PF19=84.78|PF20=85.84|PF21=86.92|PF22=88.04|PMC0=94.65|PMC12=107.56|PMC18=115.43|PMC19=116.86|PMC20=118.32|PMC21=119.81|PMC22=121.35|PMVG17=64.92|PMVG18=65.71|PMVG20=67.36
CMED;20260508;medicamento;526120120129407;;;GERMED FARMACEUTICA LTDA;PREGABALINA;150 MG CAP DURA CT BL AL PLAS PVC/PVDC OPC X 20;PREGABALINA;7896004776309;1058309800118;90502019;526120120129407;S;N;;118.22;162.95;;;;CMED_ICMS17;20260508;20;PF0=98.12|PF12=111.5|PF18=119.66|PF19=121.14|PF20=122.65|PF21=124.2|PF22=125.79|PMC0=135.25|PMC12=153.69|PMC18=164.94|PMC19=166.98|PMC20=169.06|PMC21=171.2|PMC22=173.39|PMVG17=92.77|PMVG18=93.9|PMVG20=96.24
CMED;20260508;medicamento;526120120129507;;;GERMED FARMACEUTICA LTDA;PREGABALINA;150 MG CAP DURA CT BL AL PLAS PVC/PVDC OPC X 28;PREGABALINA;7896004751153;1058309800126;90502027;526120120129507;S;N;;165.48;228.1;;;;CMED_ICMS17;20260508;20;PF0=137.35|PF12=156.08|PF18=167.5|PF19=169.57|PF20=171.69|PF21=173.86|PF22=176.09|PMC0=189.32|PMC12=215.14|PMC18=230.88|PMC19=233.73|PMC20=236.66|PMC21=239.65|PMC22=242.72|PMVG17=129.85|PMVG18=131.44|PMVG20=134.73
CMED;20260508;medicamento;526120120129607;;;GERMED FARMACEUTICA LTDA;PREGABALINA;150 MG CAP DURA CT BL AL PLAS PVC/PVDC OPC X 30;PREGABALINA;7896004776316;1058309800134;90502035;526120120129607;S;N;;177.29;244.38;;;;CMED_ICMS17;20260508;20;PF0=147.15|PF12=167.22|PF18=179.45|PF19=181.67|PF20=183.94|PF21=186.27|PF22=188.65|PMC0=202.83|PMC12=230.5|PMC18=247.35|PMC19=250.41|PMC20=253.54|PMC21=256.75|PMC22=260.03|PMVG17=139.12|PMVG18=140.81|PMVG20=144.34
CMED;20260508;medicamento;526120120129707;;;GERMED FARMACEUTICA LTDA;PREGABALINA;150 MG CAP DURA CT BL AL PLAS PVC/PVDC OPC X 56;PREGABALINA;7896004776323;1058309800142;90501861;526120120129707;S;N;;330.95;456.18;;;;CMED_ICMS17;20260508;20;PF0=274.69|PF12=312.15|PF18=334.99|PF19=339.12|PF20=343.36|PF21=347.71|PF22=352.17|PMC0=378.63|PMC12=430.27|PMC18=461.75|PMC19=467.44|PMC20=473.29|PMC21=479.28|PMC22=485.43|PMVG17=259.7|PMVG18=262.87|PMVG20=269.43
CMED;20260508;medicamento;527922110040906;;;PHARLAB INDÚSTRIA FARMACÊUTICA S.A.;PREGABALINA;75 MG CAP DURA CT BL AL PLAS PVC/PVDC TRANS X 30;PREGABALINA;7898216365043;1410706420096;90558316;527922110040906;S;N;;112.63;155.25;;;;CMED_ICMS17;20260508;20;PF0=93.48|PF12=106.23|PF18=114|PF19=115.41|PF20=116.85|PF21=118.33|PF22=119.85|PMC0=128.85|PMC12=146.43|PMC18=157.14|PMC19=159.08|PMC20=161.07|PMC21=163.11|PMC22=165.2|PMVG17=88.38|PMVG18=89.46|PMVG20=91.69
CMED;20260508;medicamento;527922110041006;;;PHARLAB INDÚSTRIA FARMACÊUTICA S.A.;PREGABALINA;150 MG CAP DURA CT BL AL PLAS PVC/PVDC TRANS X 30;PREGABALINA;7898216365180;1410706420101;90558324;527922110041006;S;N;;172.7;238.05;;;;CMED_ICMS17;20260508;20;PF0=143.34|PF12=162.89|PF18=174.8|PF19=176.96|PF20=179.18|PF21=181.44|PF22=183.77|PMC0=197.58|PMC12=224.53|PMC18=240.94|PMC19=243.92|PMC20=246.98|PMC21=250.1|PMC22=253.31|PMVG17=135.52|PMVG18=137.16|PMVG20=140.6
CMED;20260508;medicamento;529918080059006;;;RANBAXY FARMACÊUTICA LTDA;PREGABALINA;75 MG CAP DURA CT BL AL PLAS TRANS X 28;PREGABALINA;7897076919533;1235202510027;90412230;529918080059006;S;N;;105.07;144.83;;;;CMED_ICMS17;20260508;20;PF0=87.21|PF12=99.1|PF18=106.35|PF19=107.67|PF20=109.01|PF21=110.39|PF22=111.81|PMC0=120.21|PMC12=136.6|PMC18=146.59|PMC19=148.41|PMC20=150.26|PMC21=152.16|PMC22=154.12|PMVG17=82.45|PMVG18=83.45|PMVG20=85.54
CMED;20260508;medicamento;529918080059306;;;RANBAXY FARMACÊUTICA LTDA;PREGABALINA;150 MG CAP DURA CT BL AL PLAS TRANS X 28;PREGABALINA;7897076919595;1235202510051;90412265;529918080059306;S;N;;161.13;222.1;;;;CMED_ICMS17;20260508;20;PF0=133.74|PF12=151.98|PF18=163.1|PF19=165.11|PF20=167.18|PF21=169.29|PF22=171.46|PMC0=184.35|PMC12=209.49|PMC18=224.82|PMC19=227.59|PMC20=230.44|PMC21=233.35|PMC22=236.34|PMVG17=126.44|PMVG18=127.99|PMVG20=131.19
CMED;20260508;medicamento;529924090081406;;;RANBAXY FARMACÊUTICA LTDA;PREGABALINA;75 MG CAP DURA CT BL AL PLAS TRANS X 30;PREGABALINA;7897076922151;1235202510140;90446291;529924090081406;S;N;;112.57;155.17;;;;CMED_ICMS17;20260508;20;PF0=93.43|PF12=106.17|PF18=113.94|PF19=115.35|PF20=116.79|PF21=118.27|PF22=119.78|PMC0=128.78|PMC12=146.34|PMC18=157.05|PMC19=159|PMC20=160.98|PMC21=163.02|PMC22=165.1|PMVG17=88.33|PMVG18=89.41|PMVG20=91.65
CMED;20260508;medicamento;529924090081506;;;RANBAXY FARMACÊUTICA LTDA;PREGABALINA;75 MG CAP DURA CT BL AL PLAS TRANS X 60;PREGABALINA;7897076922168;1235202510159;90446305;529924090081506;S;N;;225.16;310.36;;;;CMED_ICMS17;20260508;20;PF0=186.88|PF12=212.36|PF18=227.9|PF19=230.72|PF20=233.6|PF21=236.56|PF22=239.59|PMC0=257.59|PMC12=292.72|PMC18=314.14|PMC19=318.02|PMC20=321.99|PMC21=326.07|PMC22=330.25|PMVG17=176.68|PMVG18=178.83|PMVG20=183.31
CMED;20260508;medicamento;529924090081606;;;RANBAXY FARMACÊUTICA LTDA;PREGABALINA;150 MG CAP DURA CT BL AL PLAS TRANS X 30;PREGABALINA;7897076922182;1235202510213;90446364;529924090081606;S;N;;172.64;237.97;;;;CMED_ICMS17;20260508;20;PF0=143.29|PF12=162.83|PF18=174.74|PF19=176.9|PF20=179.11|PF21=181.38|PF22=183.71|PMC0=197.51|PMC12=224.44|PMC18=240.86|PMC19=243.84|PMC20=246.88|PMC21=250.01|PMC22=253.23|PMVG17=135.47|PMVG18=137.12|PMVG20=140.55
CMED;20260508;medicamento;529924090081706;;;RANBAXY FARMACÊUTICA LTDA;PREGABALINA;150 MG CAP DURA CT BL AL PLAS TRANS X 60;PREGABALINA;7897076922199;1235202510221;90446372;529924090081706;S;N;;345.29;475.95;;;;CMED_ICMS17;20260508;20;PF0=286.59|PF12=325.67|PF18=349.5|PF19=353.81|PF20=358.24|PF21=362.77|PF22=367.42|PMC0=395.03|PMC12=448.9|PMC18=481.75|PMC19=487.69|PMC20=493.8|PMC21=500.04|PMC22=506.45|PMVG17=270.95|PMVG18=274.25|PMVG20=281.11
CMED;20260508;medicamento;532720100040807;;;TORRENT DO BRASIL LTDA;PREGABALINA;75 MG CAP DURA CT BL AL AL X 30;PREGABALINA;8903855058122;1052500770024;90490401;532720100040807;S;N;;115.6;159.34;;;;CMED_ICMS17;20260508;20;PF0=95.95|PF12=109.03|PF18=117.01|PF19=118.46|PF20=119.94|PF21=121.46|PF22=123.01|PMC0=132.26|PMC12=150.29|PMC18=161.29|PMC19=163.28|PMC20=165.32|PMC21=167.42|PMC22=169.56|PMVG17=90.71|PMVG18=91.82|PMVG20=94.12
CMED;20260508;medicamento;532720100040907;;;TORRENT DO BRASIL LTDA;PREGABALINA;150 MG CAP DURA CT BL AL AL X 30;PREGABALINA;8903855058153;1052500770040;90490410;532720100040907;S;N;;177.29;244.38;;;;CMED_ICMS17;20260508;20;PF0=147.15|PF12=167.22|PF18=179.45|PF19=181.67|PF20=183.94|PF21=186.27|PF22=188.65|PMC0=202.83|PMC12=230.5|PMC18=247.35|PMC19=250.41|PMC20=253.54|PMC21=256.75|PMC22=260.03|PMVG17=139.12|PMVG18=140.81|PMVG20=144.34
CMED;20260508;medicamento;532723070059606;;;TORRENT DO BRASIL LTDA;PREGABALINA;75 MG CAP DURA CT BL AL AL X 60;PREGABALINA;8903855091358;1052500770059;90567684;532723070059606;S;N;;231.23;318.73;;;;CMED_ICMS17;20260508;20;PF0=191.92|PF12=218.09|PF18=234.05|PF19=236.94|PF20=239.9|PF21=242.94|PF22=246.05|PMC0=264.54|PMC12=300.61|PMC18=322.61|PMC19=326.6|PMC20=330.68|PMC21=334.87|PMC22=339.15|PMVG17=181.45|PMVG18=183.66|PMVG20=188.25
CMED;20260508;medicamento;532723070059706;;;TORRENT DO BRASIL LTDA;PREGABALINA;150 MG CAP DURA CT BL AL AL X 60;PREGABALINA;8903855090924;1052500770067;90567692;532723070059706;S;N;;354.59;488.77;;;;CMED_ICMS17;20260508;20;PF0=294.31|PF12=334.44|PF18=358.91|PF19=363.35|PF20=367.89|PF21=372.54|PF22=377.32|PMC0=405.68|PMC12=460.99|PMC18=494.72|PMC19=500.84|PMC20=507.1|PMC21=513.51|PMC22=520.1|PMVG17=278.25|PMVG18=281.64|PMVG20=288.68
CMED;20260508;medicamento;538820120095407;;;LEGRAND PHARMA INDUSTRIA FARMACEUTICA LTDA;PREGABALINA;75 MG CAP DURA CT BL AL PLAS PVC/PVDC OPC X 10;PREGABALINA;7894916342384;1677306570019;90501780;538820120095407;S;N;;38.54;53.12;;;;CMED_ICMS17;20260508;20;PF0=31.99|PF12=36.35|PF18=39.01|PF19=39.49|PF20=39.99|PF21=40.49|PF22=41.01|PMC0=44.09|PMC12=50.1|PMC18=53.77|PMC19=54.43|PMC20=55.12|PMC21=55.81|PMC22=56.53|PMVG17=30.24|PMVG18=30.61|PMVG20=31.38
CMED;20260508;medicamento;538820120095507;;;LEGRAND PHARMA INDUSTRIA FARMACEUTICA LTDA;PREGABALINA;75 MG CAP DURA CT BL AL PLAS PVC/PVDC OPC X 14;PREGABALINA;7894916148924;1677306570027;90501799;538820120095507;S;N;;53.96;74.38;;;;CMED_ICMS17;20260508;20;PF0=44.79|PF12=50.9|PF18=54.62|PF19=55.3|PF20=55.99|PF21=56.7|PF22=57.42|PMC0=61.74|PMC12=70.16|PMC18=75.29|PMC19=76.23|PMC20=77.18|PMC21=78.16|PMC22=79.15|PMVG17=42.34|PMVG18=42.86|PMVG20=43.94
CMED;20260508;medicamento;538820120095607;;;LEGRAND PHARMA INDUSTRIA FARMACEUTICA LTDA;PREGABALINA;75 MG CAP DURA CT BL AL PLAS PVC/PVDC OPC X 20;PREGABALINA;7894916342230;1677306570035;90501802;538820120095607;S;N;;77.08;106.25;;;;CMED_ICMS17;20260508;20;PF0=63.98|PF12=72.7|PF18=78.02|PF19=78.99|PF20=79.98|PF21=80.99|PF22=82.03|PMC0=88.19|PMC12=100.21|PMC18=107.54|PMC19=108.88|PMC20=110.24|PMC21=111.64|PMC22=113.07|PMVG17=60.48|PMVG18=61.22|PMVG20=62.76
CMED;20260508;medicamento;538820120095707;;;LEGRAND PHARMA INDUSTRIA FARMACEUTICA LTDA;PREGABALINA;75 MG CAP DURA CT BL AL PLAS PVC/PVDC OPC X 28;PREGABALINA;7894916148931;1677306570043;90501810;538820120095707;S;N;;107.9;148.73;;;;CMED_ICMS17;20260508;20;PF0=89.56|PF12=101.77|PF18=109.22|PF19=110.57|PF20=111.95|PF21=113.37|PF22=114.82|PMC0=123.45|PMC12=140.28|PMC18=150.55|PMC19=152.41|PMC20=154.31|PMC21=156.27|PMC22=158.27|PMVG17=84.67|PMVG18=85.71|PMVG20=87.85
CMED;20260508;medicamento;538820120095807;;;LEGRAND PHARMA INDUSTRIA FARMACEUTICA LTDA;PREGABALINA;75 MG CAP DURA CT BL AL PLAS PVC/PVDC OPC X 30;PREGABALINA;7894916342247;1677306570051;90501829;538820120095807;S;N;;115.6;159.34;;;;CMED_ICMS17;20260508;20;PF0=95.95|PF12=109.03|PF18=117.01|PF19=118.46|PF20=119.94|PF21=121.46|PF22=123.01|PMC0=132.26|PMC12=150.29|PMC18=161.29|PMC19=163.28|PMC20=165.32|PMC21=167.42|PMC22=169.56|PMVG17=90.71|PMVG18=91.82|PMVG20=94.12
CMED;20260508;medicamento;538820120095907;;;LEGRAND PHARMA INDUSTRIA FARMACEUTICA LTDA;PREGABALINA;75 MG CAP DURA CT BL AL PLAS PVC/PVDC OPC X 56;PREGABALINA;7894916342254;1677306570061;90501837;538820120095907;S;N;;215.8;297.46;;;;CMED_ICMS17;20260508;20;PF0=179.11|PF12=203.53|PF18=218.43|PF19=221.12|PF20=223.89|PF21=226.72|PF22=229.63|PMC0=246.88|PMC12=280.54|PMC18=301.08|PMC19=304.79|PMC20=308.61|PMC21=312.51|PMC22=316.52|PMVG17=169.34|PMVG18=171.4|PMVG20=175.69
CMED;20260508;medicamento;538820120096007;;;LEGRAND PHARMA INDUSTRIA FARMACEUTICA LTDA;PREGABALINA;150 MG CAP DURA CT BL AL PLAS PVC/PVDC OPC X 10;PREGABALINA;7894916342261;1677306570094;90501845;538820120096007;S;N;;59.12;81.49;;;;CMED_ICMS17;20260508;20;PF0=49.07|PF12=55.76|PF18=59.84|PF19=60.58|PF20=61.34|PF21=62.11|PF22=62.91|PMC0=67.64|PMC12=76.86|PMC18=82.48|PMC19=83.5|PMC20=84.55|PMC21=85.61|PMC22=86.71|PMVG17=46.39|PMVG18=46.96|PMVG20=48.13
CMED;20260508;medicamento;538820120096107;;;LEGRAND PHARMA INDUSTRIA FARMACEUTICA LTDA;PREGABALINA;150 MG CAP DURA CT BL AL PLAS PVC/PVDC OPC X 14;PREGABALINA;7894916148948;1677306570108;90501853;538820120096107;S;N;;82.73;114.03;;;;CMED_ICMS17;20260508;20;PF0=68.67|PF12=78.03|PF18=83.74|PF19=84.78|PF20=85.84|PF21=86.92|PF22=88.04|PMC0=94.65|PMC12=107.56|PMC18=115.43|PMC19=116.86|PMC20=118.32|PMC21=119.81|PMC22=121.35|PMVG17=64.92|PMVG18=65.71|PMVG20=67.36
CMED;20260508;medicamento;538820120096207;;;LEGRAND PHARMA INDUSTRIA FARMACEUTICA LTDA;PREGABALINA;150 MG CAP DURA CT BL AL PLAS PVC/PVDC OPC X 20;PREGABALINA;7894916342278;1677306570116;90501896;538820120096207;S;N;;118.22;162.95;;;;CMED_ICMS17;20260508;20;PF0=98.12|PF12=111.5|PF18=119.66|PF19=121.14|PF20=122.65|PF21=124.2|PF22=125.79|PMC0=135.25|PMC12=153.69|PMC18=164.94|PMC19=166.98|PMC20=169.06|PMC21=171.2|PMC22=173.39|PMVG17=92.77|PMVG18=93.9|PMVG20=96.24
CMED;20260508;medicamento;538820120096307;;;LEGRAND PHARMA INDUSTRIA FARMACEUTICA LTDA;PREGABALINA;150 MG CAP DURA CT BL AL PLAS PVC/PVDC OPC X 28;PREGABALINA;7894916148955;1677306570124;90501900;538820120096307;S;N;;165.48;228.1;;;;CMED_ICMS17;20260508;20;PF0=137.35|PF12=156.08|PF18=167.5|PF19=169.57|PF20=171.69|PF21=173.86|PF22=176.09|PMC0=189.32|PMC12=215.14|PMC18=230.88|PMC19=233.73|PMC20=236.66|PMC21=239.65|PMC22=242.72|PMVG17=129.85|PMVG18=131.44|PMVG20=134.73
CMED;20260508;medicamento;538820120096407;;;LEGRAND PHARMA INDUSTRIA FARMACEUTICA LTDA;PREGABALINA;150 MG CAP DURA CT BL AL PLAS PVC/PVDC OPC X 30;PREGABALINA;7894916342285;1677306570132;90501918;538820120096407;S;N;;177.29;244.38;;;;CMED_ICMS17;20260508;20;PF0=147.15|PF12=167.22|PF18=179.45|PF19=181.67|PF20=183.94|PF21=186.27|PF22=188.65|PMC0=202.83|PMC12=230.5|PMC18=247.35|PMC19=250.41|PMC20=253.54|PMC21=256.75|PMC22=260.03|PMVG17=139.12|PMVG18=140.81|PMVG20=144.34
CMED;20260508;medicamento;538820120096507;;;LEGRAND PHARMA INDUSTRIA FARMACEUTICA LTDA;PREGABALINA;150 MG CAP DURA CT BL AL PLAS PVC/PVDC OPC X 56;PREGABALINA;7894916342292;1677306570140;90501926;538820120096507;S;N;;330.95;456.18;;;;CMED_ICMS17;20260508;20;PF0=274.69|PF12=312.15|PF18=334.99|PF19=339.12|PF20=343.36|PF21=347.71|PF22=352.17|PMC0=378.63|PMC12=430.27|PMC18=461.75|PMC19=467.44|PMC20=473.29|PMC21=479.28|PMC22=485.43|PMVG17=259.7|PMVG18=262.87|PMVG20=269.43
CMED;20260508;medicamento;541821060161006;;;EMS S/A;PREGABALINA;150 MG CAP DURA CT BL AL PLAS PVC/PVDC OPC X 20;PREGABALINA;7896004772851;1023513450119;90513274;541821060161006;S;N;;118.22;162.95;;;;CMED_ICMS17;20260508;20;PF0=98.12|PF12=111.5|PF18=119.66|PF19=121.14|PF20=122.65|PF21=124.2|PF22=125.79|PMC0=135.25|PMC12=153.69|PMC18=164.94|PMC19=166.98|PMC20=169.06|PMC21=171.2|PMC22=173.39|PMVG17=92.77|PMVG18=93.9|PMVG20=96.24
CMED;20260508;medicamento;541821060161106;;;EMS S/A;PREGABALINA;150 MG CAP DURA CT BL AL PLAS PVC/PVDC OPC X 14;PREGABALINA;7896004751047;1023513450100;90513266;541821060161106;S;N;;82.75;114.06;;;;CMED_ICMS17;20260508;20;PF0=68.68|PF12=78.05|PF18=83.76|PF19=84.79|PF20=85.85|PF21=86.94|PF22=88.05|PMC0=94.67|PMC12=107.58|PMC18=115.45|PMC19=116.87|PMC20=118.34|PMC21=119.84|PMC22=121.37|PMVG17=64.93|PMVG18=65.73|PMVG20=67.37
CMED;20260508;medicamento;541821060161206;;;EMS S/A;PREGABALINA;150 MG CAP DURA CT BL AL PLAS PVC/PVDC OPC X 28;PREGABALINA;7896004751054;1023513450127;90513282;541821060161206;S;N;;165.43;228.03;;;;CMED_ICMS17;20260508;20;PF0=137.31|PF12=156.03|PF18=167.45|PF19=169.52|PF20=171.64|PF21=173.81|PF22=176.04|PMC0=189.27|PMC12=215.07|PMC18=230.81|PMC19=233.67|PMC20=236.59|PMC21=239.58|PMC22=242.65|PMVG17=129.81|PMVG18=131.4|PMVG20=134.69
CMED;20260508;medicamento;541821060161306;;;EMS S/A;PREGABALINA;150 MG CAP DURA CT BL AL PLAS PVC/PVDC OPC X 30;PREGABALINA;7896004772868;1023513450135;90513290;541821060161306;S;N;;177.29;244.38;;;;CMED_ICMS17;20260508;20;PF0=147.15|PF12=167.22|PF18=179.45|PF19=181.67|PF20=183.94|PF21=186.27|PF22=188.65|PMC0=202.83|PMC12=230.5|PMC18=247.35|PMC19=250.41|PMC20=253.54|PMC21=256.75|PMC22=260.03|PMVG17=139.12|PMVG18=140.81|PMVG20=144.34
CMED;20260508;medicamento;541821060161406;;;EMS S/A;PREGABALINA;75 MG CAP DURA CT BL AL PLAS PVC/PVDC OPC X 10;PREGABALINA;7896004773315;1023513450011;90513193;541821060161406;S;N;;38.54;53.12;;;;CMED_ICMS17;20260508;20;PF0=31.99|PF12=36.35|PF18=39.01|PF19=39.49|PF20=39.99|PF21=40.49|PF22=41.01|PMC0=44.09|PMC12=50.1|PMC18=53.77|PMC19=54.43|PMC20=55.12|PMC21=55.81|PMC22=56.53|PMVG17=30.24|PMVG18=30.61|PMVG20=31.38
CMED;20260508;medicamento;541821060161506;;;EMS S/A;PREGABALINA;75 MG CAP DURA CT BL AL PLAS PVC/PVDC OPC X 14;PREGABALINA;7896004751023;1023513450021;90513207;541821060161506;S;N;;53.95;74.36;;;;CMED_ICMS17;20260508;20;PF0=44.78|PF12=50.89|PF18=54.61|PF19=55.28|PF20=55.98|PF21=56.68|PF22=57.41|PMC0=61.72|PMC12=70.15|PMC18=75.27|PMC19=76.2|PMC20=77.16|PMC21=78.13|PMC22=79.13|PMVG17=42.33|PMVG18=42.85|PMVG20=43.93
CMED;20260508;medicamento;541821060161606;;;EMS S/A;PREGABALINA;75 MG CAP DURA CT BL AL PLAS PVC/PVDC OPC X 20;PREGABALINA;7896004773322;1023513450038;90513215;541821060161606;S;N;;77.08;106.25;;;;CMED_ICMS17;20260508;20;PF0=63.98|PF12=72.7|PF18=78.02|PF19=78.99|PF20=79.98|PF21=80.99|PF22=82.03|PMC0=88.19|PMC12=100.21|PMC18=107.54|PMC19=108.88|PMC20=110.24|PMC21=111.64|PMC22=113.07|PMVG17=60.48|PMVG18=61.22|PMVG20=62.76
CMED;20260508;medicamento;541821060161706;;;EMS S/A;PREGABALINA;75 MG CAP DURA CT BL AL PLAS PVC/PVDC OPC X 30;PREGABALINA;7896004773339;1023513450054;90513231;541821060161706;S;N;;115.61;159.36;;;;CMED_ICMS17;20260508;20;PF0=95.96|PF12=109.05|PF18=117.02|PF19=118.47|PF20=119.95|PF21=121.47|PF22=123.03|PMC0=132.27|PMC12=150.31|PMC18=161.3|PMC19=163.3|PMC20=165.34|PMC21=167.43|PMC22=169.58|PMVG17=90.72|PMVG18=91.82|PMVG20=94.12
CMED;20260508;medicamento;541821060161806;;;EMS S/A;PREGABALINA;75 MG CAP DURA CT BL AL PLAS PVC/PVDC OPC X 28;PREGABALINA;7896004751030;1023513450046;90513223;541821060161806;S;N;;107.9;148.73;;;;CMED_ICMS17;20260508;20;PF0=89.56|PF12=101.77|PF18=109.22|PF19=110.57|PF20=111.95|PF21=113.37|PF22=114.82|PMC0=123.45|PMC12=140.28|PMC18=150.55|PMC19=152.41|PMC20=154.31|PMC21=156.27|PMC22=158.27|PMVG17=84.67|PMVG18=85.71|PMVG20=87.85
CMED;20260508;medicamento;541821060161906;;;EMS S/A;PREGABALINA;150 MG CAP DURA CT BL AL PLAS PVC/PVDC OPC X 10;PREGABALINA;7896004772844;1023513450097;90513258;541821060161906;S;N;;59.08;81.44;;;;CMED_ICMS17;20260508;20;PF0=49.04|PF12=55.73|PF18=59.8|PF19=60.54|PF20=61.3|PF21=62.08|PF22=62.87|PMC0=67.6|PMC12=76.82|PMC18=82.43|PMC19=83.45|PMC20=84.5|PMC21=85.57|PMC22=86.66|PMVG17=46.36|PMVG18=46.92|PMVG20=48.1
CMED;20260508;medicamento;541821060162006;;;EMS S/A;PREGABALINA;75 MG CAP DURA CT BL AL PLAS PVC/PVDC OPC X 56;PREGABALINA;7896004773346;1023513450062;90513240;541821060162006;S;N;;215.82;297.49;;;;CMED_ICMS17;20260508;20;PF0=179.13|PF12=203.56|PF18=218.45|PF19=221.15|PF20=223.91|PF21=226.75|PF22=229.65|PMC0=246.91|PMC12=280.59|PMC18=301.11|PMC19=304.83|PMC20=308.64|PMC21=312.55|PMC22=316.55|PMVG17=169.35|PMVG18=171.42|PMVG20=175.7
CMED;20260508;medicamento;541821060162106;;;EMS S/A;PREGABALINA;150 MG CAP DURA CT BL AL PLAS PVC/PVDC OPC X 56;PREGABALINA;7896004772875;1023513450143;90513304;541821060162106;S;N;;330.95;456.18;;;;CMED_ICMS17;20260508;20;PF0=274.69|PF12=312.15|PF18=334.99|PF19=339.12|PF20=343.36|PF21=347.71|PF22=352.17|PMC0=378.63|PMC12=430.27|PMC18=461.75|PMC19=467.44|PMC20=473.29|PMC21=479.28|PMC22=485.43|PMVG17=259.7|PMVG18=262.87|PMVG20=269.43
CMED;20260508;medicamento;543820120061007;;;ALTHAIA S.A. INDUSTRIA FARMACEUTICA;PREGABALINA;75 MG CAP DURA CT BL AL PLAS PVC/PVDC TRANS X 30;PREGABALINA;7898569763534;1351700590055;90501870;543820120061007;S;N;;115.59;159.33;;;;CMED_ICMS17;20260508;20;PF0=95.94|PF12=109.02|PF18=117|PF19=118.44|PF20=119.93|PF21=121.44|PF22=123|PMC0=132.24|PMC12=150.27|PMC18=161.27|PMC19=163.26|PMC20=165.31|PMC21=167.39|PMC22=169.54|PMVG17=90.7|PMVG18=91.81|PMVG20=94.11
CMED;20260508;medicamento;543820120061107;;;ALTHAIA S.A. INDUSTRIA FARMACEUTICA;PREGABALINA;150 MG CAP DURA CT BL AL PLAS PVC/PVDC TRANS X 30;PREGABALINA;7898569763602;1351700590128;90501888;543820120061107;S;N;;177.13;244.16;;;;CMED_ICMS17;20260508;20;PF0=147.02|PF12=167.07|PF18=179.29|PF19=181.51|PF20=183.78|PF21=186.1|PF22=188.49|PMC0=202.65|PMC12=230.29|PMC18=247.13|PMC19=250.19|PMC20=253.32|PMC21=256.52|PMC22=259.81|PMVG17=138.99|PMVG18=140.69|PMVG20=144.21
CMED;20260508;medicamento;546715080000006;;;SANOFI MEDLEY FARMACÊUTICA LTDA.;PREGABALINA;75 MG CAP DURA CT BL AL PLAS PVC/PVDC TRANS X 30;PREGABALINA;7896422501187;1832602600035;90332156;546715080000006;S;N;;83.65;115.3;;;;CMED_ICMS17;20260508;20;PF0=69.43|PF12=78.9|PF18=84.67|PF19=85.72|PF20=86.79|PF21=87.89|PF22=89.01|PMC0=95.7|PMC12=108.76|PMC18=116.71|PMC19=118.16|PMC20=119.63|PMC21=121.15|PMC22=122.69|PMVG17=65.64|PMVG18=66.44|PMVG20=68.1
CMED;20260508;medicamento;546715080000106;;;SANOFI MEDLEY FARMACÊUTICA LTDA.;PREGABALINA;150 MG CAP DURA CT BL AL PLAS PVC/PVDC TRANS X 30;PREGABALINA;7896422501330;1832602600108;90332164;546715080000106;S;N;;124.07;171.02;;;;CMED_ICMS17;20260508;20;PF0=102.98|PF12=117.02|PF18=125.59|PF19=127.14|PF20=128.73|PF21=130.35|PF22=132.03|PMC0=141.95|PMC12=161.3|PMC18=173.11|PMC19=175.25|PMC20=177.44|PMC21=179.67|PMC22=181.99|PMVG17=97.36|PMVG18=98.55|PMVG20=101.02
CMED;20260508;medicamento;552919120087417;;;ACHÉ LABORATÓRIOS FARMACÊUTICOS S.A;PREGABALINA;75 MG CAP GEL DURA CT BL AL PLAS TRANS X 30;PREGABALINA;7896181920854;1057307160059;90444000;552919120087417;S;N;;115.64;159.4;;;;CMED_ICMS17;20260508;20;PF0=95.98|PF12=109.07|PF18=117.05|PF19=118.49|PF20=119.98|PF21=121.49|PF22=123.05|PMC0=132.3|PMC12=150.34|PMC18=161.34|PMC19=163.33|PMC20=165.38|PMC21=167.46|PMC22=169.61|PMVG17=90.74|PMVG18=91.85|PMVG20=94.15
CMED;20260508;medicamento;552925070172506;;;ACHÉ LABORATÓRIOS FARMACÊUTICOS S.A;PREGABALINA;150 MG CAP GEL DURA CT BL AL PLAS TRANS X 30;PREGABALINA;7896658051562;1057301090032;90613007;552925070172506;S;N;;177.3;244.39;;;;CMED_ICMS17;20260508;20;PF0=147.16|PF12=167.23|PF18=179.46|PF19=181.68|PF20=183.95|PF21=186.28|PF22=188.67|PMC0=202.84|PMC12=230.51|PMC18=247.37|PMC19=250.43|PMC20=253.56|PMC21=256.77|PMC22=260.06|PMVG17=139.13|PMVG18=140.82|PMVG20=144.35
CMED;20260508;medicamento;552925100176106;;;ACHÉ LABORATÓRIOS FARMACÊUTICOS S.A;PREGABALINA;75 MG CAP GEL DURA CT BL AL PLAS TRANS X 60;PREGABALINA;7896658051548;1057307160075;90617339;552925100176106;S;N;;231.24;318.74;;;;CMED_ICMS17;20260508;20;PF0=191.93|PF12=218.1|PF18=234.06|PF19=236.95|PF20=239.91|PF21=242.95|PF22=246.06|PMC0=264.56|PMC12=300.63|PMC18=322.63|PMC19=326.61|PMC20=330.69|PMC21=334.88|PMC22=339.17|PMVG17=181.45|PMVG18=183.67|PMVG20=188.26
CMED;20260508;medicamento;552925100176206;;;ACHÉ LABORATÓRIOS FARMACÊUTICOS S.A;PREGABALINA;150 MG CAP GEL DURA CT BL AL PLAS TRANS X 60;PREGABALINA;7896658051555;1057301090059;90617320;552925100176206;S;N;;354.58;488.75;;;;CMED_ICMS17;20260508;20;PF0=294.3|PF12=334.43|PF18=358.9|PF19=363.33|PF20=367.88|PF21=372.53|PF22=377.31|PMC0=405.66|PMC12=460.98|PMC18=494.71|PMC19=500.81|PMC20=507.08|PMC21=513.49|PMC22=520.08|PMVG17=278.24|PMVG18=281.63|PMVG20=288.68
CMED;20260508;medicamento;576723030100806;;;SANOFI MEDLEY FARMACÊUTICA LTDA.;PREGABALINA;50 MG CAP DURA CT BL AL PLAS PVC/PVDC TRANS X 30;PREGABALINA;7896422527026;1832602600167;90559533;576723030100806;S;N;;48.71;67.14;;;;CMED_ICMS17;20260508;20;PF0=40.43|PF12=45.94|PF18=49.3|PF19=49.91|PF20=50.54|PF21=51.18|PF22=51.83|PMC0=55.73|PMC12=63.32|PMC18=67.95|PMC19=68.8|PMC20=69.66|PMC21=70.55|PMC22=71.44|PMVG17=38.22|PMVG18=38.68|PMVG20=39.66
CMED;20260508;medicamento;607024030106117;;;MULTILAB INDUSTRIA E COMERCIO DE PRODUTOS FARMACEUTICOS LTDA;PREGABALINA;75 MG CAP DURA CT BL AL PLAS PVC/PVDC OPC X 30;PREGABALINA;7895296448154;1181903670052;90583361;607024030106117;S;N;;115.6;159.34;;;;CMED_ICMS17;20260508;20;PF0=95.95|PF12=109.03|PF18=117.01|PF19=118.46|PF20=119.94|PF21=121.46|PF22=123.01|PMC0=132.26|PMC12=150.29|PMC18=161.29|PMC19=163.28|PMC20=165.32|PMC21=167.42|PMC22=169.56|PMVG17=90.71|PMVG18=91.82|PMVG20=94.12
CMED;20260508;medicamento;607024030106217;;;MULTILAB INDUSTRIA E COMERCIO DE PRODUTOS FARMACEUTICOS LTDA;PREGABALINA;150 MG CAP DURA CT BL AL PLAS PVC/PVDC OPC X 30;PREGABALINA;7895296448192;1181903670133;90583370;607024030106217;S;N;;177.29;244.38;;;;CMED_ICMS17;20260508;20;PF0=147.15|PF12=167.22|PF18=179.45|PF19=181.67|PF20=183.94|PF21=186.27|PF22=188.65|PMC0=202.83|PMC12=230.5|PMC18=247.35|PMC19=250.41|PMC20=253.54|PMC21=256.75|PMC22=260.03|PMVG17=139.12|PMVG18=140.81|PMVG20=144.34
CMED;20260508;medicamento;532720070038307;;;TORRENT DO BRASIL LTDA;PREGALPHA;75 MG CAP DURA CT BL AL AL X 30;PREGABALINA;8903855053455;1052500840022;90488075;532720070038307;;N;;177.89;245.2;;;;CMED_ICMS17;20260508;20;PF0=147.65|PF12=167.78|PF18=180.06|PF19=182.28|PF20=184.56|PF21=186.9|PF22=189.29|PMC0=203.52|PMC12=231.27|PMC18=248.19|PMC19=251.25|PMC20=254.4|PMC21=257.62|PMC22=260.92|PMVG17=139.59|PMVG18=141.29|PMVG20=144.82
CMED;20260508;medicamento;532720070038507;;;TORRENT DO BRASIL LTDA;PREGALPHA;150 MG CAP DURA CT BL AL AL X 30;PREGABALINA;8903855053486;1052500840049;90488091;532720070038507;;N;;272.81;376.04;;;;CMED_ICMS17;20260508;20;PF0=226.43|PF12=257.31|PF18=276.13|PF19=279.54|PF20=283.04|PF21=286.62|PF22=290.29|PMC0=312.11|PMC12=354.68|PMC18=380.62|PMC19=385.32|PMC20=390.14|PMC21=395.08|PMC22=400.13|PMVG17=214.07|PMVG18=216.68|PMVG20=222.1
CMED;20260508;medicamento;532723070059403;;;TORRENT DO BRASIL LTDA;PREGALPHA;150 MG CAP DURA CT BL AL AL X 60;PREGABALINA;8903855090917;1052500840065;90567714;532723070059403;;N;;545.53;751.96;;;;CMED_ICMS17;20260508;20;PF0=452.79|PF12=514.53|PF18=552.18|PF19=559|PF20=565.99|PF21=573.15|PF22=580.5|PMC0=624.12|PMC12=709.23|PMC18=761.12|PMC19=770.52|PMC20=780.16|PMC21=790.03|PMC22=800.16|PMVG17=428.08|PMVG18=433.3|PMVG20=444.13
CMED;20260508;medicamento;532723070059503;;;TORRENT DO BRASIL LTDA;PREGALPHA;75 MG CAP DURA CT BL AL AL X 60;PREGABALINA;8903855091341;1052500840057;90567706;532723070059503;;N;;355.73;490.34;;;;CMED_ICMS17;20260508;20;PF0=295.26|PF12=335.52|PF18=360.07|PF19=364.52|PF20=369.08|PF21=373.75|PF22=378.54|PMC0=406.99|PMC12=462.48|PMC18=496.32|PMC19=502.45|PMC20=508.74|PMC21=515.18|PMC22=521.78|PMVG17=279.14|PMVG18=282.55|PMVG20=289.62
CMED;20260508;medicamento;506321010037517;;;CIFARMA CIENTÍFICA FARMACÊUTICA LTDA;PREGNOLAN;(150 + 10) MG/ML SOL INJ CT AMP VD AMB X 1ML;"ENANTATO DE ESTRADIOL;ALGESTONA ACETOFENIDA";7908020502579;1156002230019;90496671;506321010037517;;N;;17.59;24.25;;;;CMED_ICMS17;20260508;20;PF0=14.6|PF12=16.59|PF18=17.8|PF19=18.02|PF20=18.25|PF21=18.48|PF22=18.72|PMC0=20.12|PMC12=22.87|PMC18=24.54|PMC19=24.84|PMC20=25.16|PMC21=25.47|PMC22=25.8|PMVG17=13.8|PMVG18=13.97|PMVG20=14.32
CMED;20260508;medicamento;500509401130413;;;ACHÉ LABORATÓRIOS FARMACÊUTICOS S.A;PRELONE;3 MG/ML SOL OR CT FR PLAS PET AMB X 120 ML + SER DOS;FOSFATO SÓDICO DE PREDNISOLONA;7896658009532;1057303300026;90005317;500509401130413;;N;;53.77;74.12;;;;CMED_ICMS17;20260508;20;PF0=44.63|PF12=50.72|PF18=54.43|PF19=55.1|PF20=55.79|PF21=56.49|PF22=57.22|PMC0=61.52|PMC12=69.91|PMC18=75.03|PMC19=75.95|PMC20=76.9|PMC21=77.87|PMC22=78.87|PMVG17=42.19|PMVG18=42.71|PMVG20=43.78
CMED;20260508;medicamento;500509402110416;;;ACHÉ LABORATÓRIOS FARMACÊUTICOS S.A;PRELONE;20 MG COM CT BL AL AL X 10;PREDNISOLONA;7896658005145;1057303300018;90005295;500509402110416;;N;;31.76;43.78;;;;CMED_ICMS17;20260508;20;PF0=26.36|PF12=29.95|PF18=32.15|PF19=32.54|PF20=32.95|PF21=33.37|PF22=33.79|PMC0=36.33|PMC12=41.28|PMC18=44.32|PMC19=44.85|PMC20=45.42|PMC21=46|PMC22=46.58|PMVG17=24.92|PMVG18=25.23|PMVG20=25.86
CMED;20260508;medicamento;500509403133411;;;ACHÉ LABORATÓRIOS FARMACÊUTICOS S.A;PRELONE;3 MG/ML SOL OR CT FR PLAS PET AMB X 60 ML + SER DOS;FOSFATO SÓDICO DE PREDNISOLONA;7896658009518;1057303300034;90005325;500509403133411;;N;;29.46;40.61;;;;CMED_ICMS17;20260508;20;PF0=24.45|PF12=27.78|PF18=29.82|PF19=30.19|PF20=30.56|PF21=30.95|PF22=31.35|PMC0=33.7|PMC12=38.29|PMC18=41.1|PMC19=41.61|PMC20=42.12|PMC21=42.66|PMC22=43.21|PMVG17=23.12|PMVG18=23.4|PMVG20=23.98
CMED;20260508;medicamento;500509404113412;;;ACHÉ LABORATÓRIOS FARMACÊUTICOS S.A;PRELONE;5 MG COM CT BL AL AL X 20;PREDNISOLONA;7896658005763;1057303300042;90005341;500509404113412;;N;;21.71;29.92;;;;CMED_ICMS17;20260508;20;PF0=18.02|PF12=20.48|PF18=21.98|PF19=22.25|PF20=22.53|PF21=22.81|PF22=23.1|PMC0=24.84|PMC12=28.23|PMC18=30.3|PMC19=30.67|PMC20=31.06|PMC21=31.44|PMC22=31.84|PMVG17=17.04|PMVG18=17.25|PMVG20=17.68
CMED;20260508;medicamento;500509405136416;;;ACHÉ LABORATÓRIOS FARMACÊUTICOS S.A;PRELONE;11 MG/ML SOL OR CT FR GOT PLAS PEAD OPC X 10 ML;FOSFATO SÓDICO DE PREDNISOLONA;7896658002540;1057303300085;90005279;500509405136416;;N;;16.92;23.32;;;;CMED_ICMS17;20260508;20;PF0=14.04|PF12=15.95|PF18=17.12|PF19=17.33|PF20=17.55|PF21=17.77|PF22=18|PMC0=19.35|PMC12=21.99|PMC18=23.6|PMC19=23.89|PMC20=24.19|PMC21=24.49|PMC22=24.81|PMVG17=13.28|PMVG18=13.43|PMVG20=13.77
CMED;20260508;medicamento;500509406132414;;;ACHÉ LABORATÓRIOS FARMACÊUTICOS S.A;PRELONE;11 MG/ML SOL OR CT FR GOT PLAS PEAD OPC X 20 ML;FOSFATO SÓDICO DE PREDNISOLONA;7896658011276;1057303300107;90005287;500509406132414;;N;;33.94;46.78;;;;CMED_ICMS17;20260508;20;PF0=28.17|PF12=32.01|PF18=34.35|PF19=34.78|PF20=35.21|PF21=35.66|PF22=36.12|PMC0=38.83|PMC12=44.12|PMC18=47.35|PMC19=47.94|PMC20=48.53|PMC21=49.15|PMC22=49.79|PMVG17=26.63|PMVG18=26.95|PMVG20=27.63
CMED;20260508;medicamento;500509407112311;;;ACHÉ LABORATÓRIOS FARMACÊUTICOS S.A;PRELONE;5 MG COM CT BL AL AL X 10;PREDNISOLONA;7896658011580;1057303300069;90005333;500509407112311;;N;;10.34;14.25;;;;CMED_ICMS17;20260508;20;PF0=8.58|PF12=9.75|PF18=10.46|PF19=10.59|PF20=10.73|PF21=10.86|PF22=11|PMC0=11.83|PMC12=13.44|PMC18=14.42|PMC19=14.6|PMC20=14.79|PMC21=14.97|PMC22=15.16|PMVG17=8.11|PMVG18=8.21|PMVG20=8.42
CMED;20260508;medicamento;552923120162903;;;ACHÉ LABORATÓRIOS FARMACÊUTICOS S.A;PRELONE;40 MG COM REV CT BL AL AL X 4;PREDNISOLONA;7896658048722;1057303300123;90574516;552923120162903;;N;;26.71;36.82;;;;CMED_ICMS17;20260508;20;PF0=22.17|PF12=25.19|PF18=27.04|PF19=27.37|PF20=27.71|PF21=28.06|PF22=28.42|PMC0=30.56|PMC12=34.72|PMC18=37.27|PMC19=37.73|PMC20=38.2|PMC21=38.68|PMC22=39.17|PMVG17=20.96|PMVG18=21.22|PMVG20=21.74
CMED;20260508;medicamento;552923120163003;;;ACHÉ LABORATÓRIOS FARMACÊUTICOS S.A;PRELONE;40 MG COM REV CT BL AL AL X 7;PREDNISOLONA;7896658048708;1057303300141;90574524;552923120163003;;N;;46.72;64.4;;;;CMED_ICMS17;20260508;20;PF0=38.78|PF12=44.07|PF18=47.29|PF19=47.88|PF20=48.48|PF21=49.09|PF22=49.72|PMC0=53.45|PMC12=60.75|PMC18=65.18|PMC19=66|PMC20=66.82|PMC21=67.67|PMC22=68.53|PMVG17=36.66|PMVG18=37.11|PMVG20=38.04
CMED;20260508;medicamento;504424120088303;;;BLAU FARMACEUTICA S.A.;PREMEXEDE;100 MG PO LIOF SOL INJ IV CT FA VD TRANS;PEMETREXEDE DISSÓDICO HEMIPENTAIDRATADO;7896014668472;1163702120014;90601033;504424120088303;;N;;1530.9;2110.19;;;;CMED_ICMS17;20260508;20;PF0=1270.65|PF12=1443.92|PF18=1549.57|PF19=1568.7|PF20=1588.31|PF21=1608.42|PF22=1629.04|PMC0=1751.46|PMC12=1990.29|PMC18=2135.92|PMC19=2162.29|PMC20=2189.32|PMC21=2217.04|PMC22=2245.46|PMVG17=1201.3|PMVG18=1215.95|PMVG20=1246.35
CMED;20260508;medicamento;504424120088403;;;BLAU FARMACEUTICA S.A.;PREMEXEDE;100 MG PO LIOF SOL INJ IV CX 5 FA VD TRANS;PEMETREXEDE DISSÓDICO HEMIPENTAIDRATADO;7896014668489;1163702120022;90601041;504424120088403;;S;;7654.53;;;;;CMED_ICMS17;20260508;20;PF0=6353.26|PF12=7219.62|PF18=7747.88|PF19=7843.53|PF20=7941.58|PF21=8042.1|PF22=8145.2|PMVG17=6006.51|PMVG18=6079.76|PMVG20=6231.76
CMED;20260508;medicamento;504424120088503;;;BLAU FARMACEUTICA S.A.;PREMEXEDE;100 MG PO LIOF SOL INJ IV CX 10 FA VD TRANS;PEMETREXEDE DISSÓDICO HEMIPENTAIDRATADO;7896014668496;1163702120030;90601050;504424120088503;;S;;15309.06;;;;;CMED_ICMS17;20260508;20;PF0=12706.52|PF12=14439.23|PF18=15495.75|PF19=15687.06|PF20=15883.15|PF21=16084.21|PF22=16290.41|PMVG17=12013.02|PMVG18=12159.51|PMVG20=12463.51
CMED;20260508;medicamento;504424120088603;;;BLAU FARMACEUTICA S.A.;PREMEXEDE;500 MG PO LIOF SOL INJ IV CT FA VD TRANS;PEMETREXEDE DISSÓDICO HEMIPENTAIDRATADO;7896014668571;1163702120049;90601068;504424120088603;;S;;7654.59;;;;;CMED_ICMS17;20260508;20;PF0=6353.31|PF12=7219.67|PF18=7747.94|PF19=7843.59|PF20=7941.64|PF21=8042.17|PF22=8145.27|PMVG17=6006.56|PMVG18=6079.81|PMVG20=6231.81
CMED;20260508;medicamento;504424120088703;;;BLAU FARMACEUTICA S.A.;PREMEXEDE;500 MG PO LIOF SOL INJ IV CX 5 FA VD TRANS;PEMETREXEDE DISSÓDICO HEMIPENTAIDRATADO;7896014669134;1163702120057;90601076;504424120088703;;S;;38272.91;;;;;CMED_ICMS17;20260508;20;PF0=31766.52|PF12=36098.33|PF18=38739.65|PF19=39217.93|PF20=39708.15|PF21=40210.79|PF22=40726.3|PMVG17=30032.75|PMVG18=30399|PMVG20=31158.99
CMED;20260508;medicamento;504424120088803;;;BLAU FARMACEUTICA S.A.;PREMEXEDE;500 MG PO LIOF SOL INJ IV CX 10 FA VD TRANS;PEMETREXEDE DISSÓDICO HEMIPENTAIDRATADO;7896014669141;1163702120065;90601084;504424120088803;;S;;76545.81;;;;;CMED_ICMS17;20260508;20;PF0=63533.04|PF12=72196.66|PF18=77479.3|PF19=78435.86|PF20=79416.3|PF21=80421.58|PF22=81452.6|PMVG17=60065.5|PMVG18=60798.01|PMVG20=62317.97
CMED;20260508;medicamento;508020050131107;;;EUROFARMA LABORATORIOS S.A.;PRENI;3 MG/ML SOL OR CT FR VD AMB X 60 ML + SER DOS;FOSFATO SÓDICO DE PREDNISOLONA;7891317004217;1004313000024;90471334;508020050131107;;N;;21.27;29.32;;;;CMED_ICMS17;20260508;20;PF0=17.65|PF12=20.06|PF18=21.52|PF19=21.79|PF20=22.06|PF21=22.34|PF22=22.63|PMC0=24.33|PMC12=27.65|PMC18=29.66|PMC19=30.04|PMC20=30.41|PMC21=30.79|PMC22=31.19|PMVG17=16.69|PMVG18=16.89|PMVG20=17.31
CMED;20260508;medicamento;508020050131207;;;EUROFARMA LABORATORIOS S.A.;PRENI;3 MG/ML SOL OR CT FR VD AMB X 120 ML + SER DOS;FOSFATO SÓDICO DE PREDNISOLONA;7891317476410;1004313000032;90471342;508020050131207;;N;;42.49;58.57;;;;CMED_ICMS17;20260508;20;PF0=35.27|PF12=40.08|PF18=43.01|PF19=43.54|PF20=44.09|PF21=44.65|PF22=45.22|PMC0=48.62|PMC12=55.25|PMC18=59.28|PMC19=60.02|PMC20=60.77|PMC21=61.55|PMC22=62.33|PMVG17=33.34|PMVG18=33.75|PMVG20=34.6
CMED;20260508;medicamento;508020050131307;;;EUROFARMA LABORATORIOS S.A.;PRENI;11 MG/ML SOL GOT OR CT FR GOT PLAS PE OPC X 20 ML;FOSFATO SÓDICO DE PREDNISOLONA;7891317004163;1004313000059;90477979;508020050131307;;N;;31.07;42.83;;;;CMED_ICMS17;20260508;20;PF0=25.79|PF12=29.31|PF18=31.45|PF19=31.84|PF20=32.24|PF21=32.65|PF22=33.06|PMC0=35.55|PMC12=40.4|PMC18=43.35|PMC19=43.89|PMC20=44.44|PMC21=45|PMC22=45.57|PMVG17=24.38|PMVG18=24.68|PMVG20=25.3
CMED;20260508;medicamento;508020050131507;;;EUROFARMA LABORATORIOS S.A.;PRENI;5 MG COM CT BL AL AL X 10;PREDNISOLONA;7891317004071;1004312830015;90476093;508020050131507;;N;;8.43;11.62;;;;CMED_ICMS17;20260508;20;PF0=7|PF12=7.95|PF18=8.54|PF19=8.64|PF20=8.75|PF21=8.86|PF22=8.97|PMC0=9.65|PMC12=10.96|PMC18=11.77|PMC19=11.91|PMC20=12.06|PMC21=12.21|PMC22=12.36|PMVG17=6.62|PMVG18=6.7|PMVG20=6.87
CMED;20260508;medicamento;508020050131607;;;EUROFARMA LABORATORIOS S.A.;PRENI;5 MG COM CT BL AL AL X 20;PREDNISOLONA;7891317004088;1004312830023;90476107;508020050131607;;N;;16.82;23.18;;;;CMED_ICMS17;20260508;20;PF0=13.96|PF12=15.86|PF18=17.02|PF19=17.23|PF20=17.45|PF21=17.67|PF22=17.9|PMC0=19.24|PMC12=21.86|PMC18=23.46|PMC19=23.75|PMC20=24.05|PMC21=24.36|PMC22=24.67|PMVG17=13.2|PMVG18=13.35|PMVG20=13.69
CMED;20260508;medicamento;508020050131707;;;EUROFARMA LABORATORIOS S.A.;PRENI;20 MG COM CT BL AL AL X 10;PREDNISOLONA;7891317004095;1004312830066;90476115;508020050131707;;N;;21.72;29.94;;;;CMED_ICMS17;20260508;20;PF0=18.03|PF12=20.49|PF18=21.99|PF19=22.26|PF20=22.54|PF21=22.82|PF22=23.12|PMC0=24.85|PMC12=28.24|PMC18=30.31|PMC19=30.68|PMC20=31.07|PMC21=31.45|PMC22=31.87|PMVG17=17.04|PMVG18=17.26|PMVG20=17.69
CMED;20260508;medicamento;508020050131807;;;EUROFARMA LABORATORIOS S.A.;PRENI;40 MG COM CT BL AL AL X 7;PREDNISOLONA;7891317004101;1004312830104;90476123;508020050131807;;N;;52.37;72.19;;;;CMED_ICMS17;20260508;20;PF0=43.47|PF12=49.4|PF18=53.01|PF19=53.67|PF20=54.34|PF21=55.03|PF22=55.73|PMC0=59.92|PMC12=68.09|PMC18=73.07|PMC19=73.98|PMC20=74.9|PMC21=75.85|PMC22=76.82|PMVG17=41.09|PMVG18=41.6|PMVG20=42.64
CMED;20260508;medicamento;506719040077817;;;CRISTÁLIA PRODUTOS QUÍMICOS FARMACÊUTICOS LTDA.;PRESMIN;5,0 MG/ML SOL OFT CT FR GOT PLAS OPC X 5 ML;CLORIDRATO DE BETAXOLOL;7896676432954;1029804950011;90424573;506719040077817;;N;;29.42;40.55;;;;CMED_ICMS17;20260508;20;PF0=24.42|PF12=27.75|PF18=29.78|PF19=30.15|PF20=30.53|PF21=30.91|PF22=31.31|PMC0=33.66|PMC12=38.25|PMC18=41.05|PMC19=41.56|PMC20=42.08|PMC21=42.61|PMC22=43.16|PMVG17=23.09|PMVG18=23.37|PMVG20=23.96
CMED;20260508;medicamento;504110904111311;;;BIOLAB SANUS FARMACEUTICA LTDA;PRESS PLUS;2,5 MG + 10 MG CAP DURA CT BL AL PLAS TRANS X 30;"CLORIDRATO DE BENAZEPRIL;BESILATO DE ANLODIPINO";7896112470526;1097401450021;90028040;504110904111311;;N;;57.76;79.62;;;;CMED_ICMS17;20260508;20;PF0=47.94|PF12=54.48|PF18=58.46|PF19=59.19|PF20=59.93|PF21=60.68|PF22=61.46|PMC0=66.08|PMC12=75.1|PMC18=80.58|PMC19=81.59|PMC20=82.61|PMC21=83.64|PMC22=84.72|PMVG17=45.32|PMVG18=45.87|PMVG20=47.03
CMED;20260508;medicamento;504110906114318;;;BIOLAB SANUS FARMACEUTICA LTDA;PRESS PLUS;5 MG + 10 MG CAP DURA CT BL AL PLAS TRANS X 30;"CLORIDRATO DE BENAZEPRIL;BESILATO DE ANLODIPINO";7896112470830;1097401450056;90028074;504110906114318;;N;;87.28;120.31;;;;CMED_ICMS17;20260508;20;PF0=72.44|PF12=82.32|PF18=88.34|PF19=89.43|PF20=90.55|PF21=91.7|PF22=92.87|PMC0=99.85|PMC12=113.47|PMC18=121.77|PMC19=123.27|PMC20=124.81|PMC21=126.4|PMC22=128.01|PMVG17=68.49|PMVG18=69.32|PMVG20=71.05
CMED;20260508;medicamento;504110909113312;;;BIOLAB SANUS FARMACEUTICA LTDA;PRESS PLUS;5 MG + 20 MG CAP DURA CT BL AL PLAS TRANS X 30;"CLORIDRATO DE BENAZEPRIL;BESILATO DE ANLODIPINO";7896112471165;1097401450080;90028104;504110909113312;;N;;95.28;131.33;;;;CMED_ICMS17;20260508;20;PF0=79.08|PF12=89.86|PF18=96.44|PF19=97.63|PF20=98.85|PF21=100.1|PF22=101.38|PMC0=109|PMC12=123.86|PMC18=132.93|PMC19=134.57|PMC20=136.25|PMC21=137.98|PMC22=139.74|PMVG17=74.77|PMVG18=75.68|PMVG20=77.57
CMED;20260508;medicamento;504113110051103;;;BIOLAB SANUS FARMACEUTICA LTDA;PRESS PLUS;5 MG + 10 MG CAP DURA CT BL AL PLAS TRANS X 60;"CLORIDRATO DE BENAZEPRIL;BESILATO DE ANLODIPINO";7896112422525;1097401450129;90294548;504113110051103;;N;;174.59;240.65;;;;CMED_ICMS17;20260508;20;PF0=144.91|PF12=164.67|PF18=176.72|PF19=178.9|PF20=181.14|PF21=183.43|PF22=185.78|PMC0=199.74|PMC12=226.98|PMC18=243.59|PMC19=246.6|PMC20=249.68|PMC21=252.84|PMC22=256.08|PMVG17=137|PMVG18=138.67|PMVG20=142.14
CMED;20260508;medicamento;504113110051203;;;BIOLAB SANUS FARMACEUTICA LTDA;PRESS PLUS;5 MG + 20 MG CAP DURA CT BL AL PLAS TRANS X 60;"CLORIDRATO DE BENAZEPRIL;BESILATO DE ANLODIPINO";7896112400431;1097401450145;90294556;504113110051203;;N;;179.95;248.04;;;;CMED_ICMS17;20260508;20;PF0=149.36|PF12=169.73|PF18=182.15|PF19=184.4|PF20=186.7|PF21=189.06|PF22=191.49|PMC0=205.88|PMC12=233.96|PMC18=251.07|PMC19=254.18|PMC20=257.35|PMC21=260.6|PMC22=263.95|PMVG17=141.21|PMVG18=142.93|PMVG20=146.5
CMED;20260508;medicamento;504116120056803;;;BIOLAB SANUS FARMACEUTICA LTDA;PRESS PLUS;2,5 MG + 10 MG CAP DURA CT BL AL PLAS TRANS X 20;"CLORIDRATO DE BENAZEPRIL;BESILATO DE ANLODIPINO";7896112432319;1097401450013;90370449;504116120056803;;N;;38.49;53.05;;;;CMED_ICMS17;20260508;20;PF0=31.95|PF12=36.31|PF18=38.96|PF19=39.44|PF20=39.94|PF21=40.44|PF22=40.96|PMC0=44.04|PMC12=50.05|PMC18=53.7|PMC19=54.36|PMC20=55.05|PMC21=55.74|PMC22=56.46|PMVG17=30.2|PMVG18=30.57|PMVG20=31.34
CMED;20260508;medicamento;504116120057003;;;BIOLAB SANUS FARMACEUTICA LTDA;PRESS PLUS;5 MG + 10 MG CAP DURA CT BL AL PLAS TRANS X 20;"CLORIDRATO DE BENAZEPRIL;BESILATO DE ANLODIPINO";7896112470113;1097401450048;90370473;504116120057003;;N;;58.19;80.21;;;;CMED_ICMS17;20260508;20;PF0=48.3|PF12=54.89|PF18=58.9|PF19=59.63|PF20=60.38|PF21=61.14|PF22=61.92|PMC0=66.58|PMC12=75.66|PMC18=81.19|PMC19=82.19|PMC20=83.23|PMC21=84.28|PMC22=85.35|PMVG17=45.66|PMVG18=46.22|PMVG20=47.38
CMED;20260508;medicamento;504116120057203;;;BIOLAB SANUS FARMACEUTICA LTDA;PRESS PLUS;5 MG + 20 MG CAP DURA CT BL AL PLAS TRANS X 20;"CLORIDRATO DE BENAZEPRIL;BESILATO DE ANLODIPINO";7896112432357;1097401450072;90370503;504116120057203;;N;;61.8;85.18;;;;CMED_ICMS17;20260508;20;PF0=51.29|PF12=58.28|PF18=62.55|PF19=63.32|PF20=64.11|PF21=64.92|PF22=65.76|PMC0=70.7|PMC12=80.33|PMC18=86.22|PMC19=87.28|PMC20=88.37|PMC21=89.49|PMC22=90.64|PMVG17=48.49|PMVG18=49.08|PMVG20=50.31
CMED;20260508;medicamento;504118050062103;;;BIOLAB SANUS FARMACEUTICA LTDA;PRESSAT;5 MG COM CT BL AL PLAS PVC AMB X 20;BESILATO DE ANLODIPINO;7896112477204;1097400740158;90396430;504118050062103;;N;;47.54;65.53;;;;CMED_ICMS17;20260508;20;PF0=39.46|PF12=44.84|PF18=48.12|PF19=48.72|PF20=49.33|PF21=49.95|PF22=50.59|PMC0=54.39|PMC12=61.81|PMC18=66.33|PMC19=67.16|PMC20=68|PMC21=68.85|PMC22=69.73|PMVG17=37.3|PMVG18=37.76|PMVG20=38.71
CMED;20260508;medicamento;504118050062203;;;BIOLAB SANUS FARMACEUTICA LTDA;PRESSAT;5 MG COM CT BL AL PLAS PVC AMB X 30;BESILATO DE ANLODIPINO;7896112477938;1097400740166;90396448;504118050062203;;N;;60.36;83.2;;;;CMED_ICMS17;20260508;20;PF0=50.1|PF12=56.93|PF18=61.1|PF19=61.85|PF20=62.63|PF21=63.42|PF22=64.23|PMC0=69.06|PMC12=78.47|PMC18=84.22|PMC19=85.25|PMC20=86.33|PMC21=87.42|PMC22=88.53|PMVG17=47.36|PMVG18=47.95|PMVG20=49.15
CMED;20260508;medicamento;504118050062303;;;BIOLAB SANUS FARMACEUTICA LTDA;PRESSAT;5 MG COM CT BL AL PLAS PVC AMB X 60;BESILATO DE ANLODIPINO;7896112413790;1097400740182;90396456;504118050062303;;N;;120.8;166.51;;;;CMED_ICMS17;20260508;20;PF0=100.26|PF12=113.93|PF18=122.27|PF19=123.78|PF20=125.33|PF21=126.91|PF22=128.54|PMC0=138.2|PMC12=157.04|PMC18=168.54|PMC19=170.62|PMC20=172.75|PMC21=174.93|PMC22=177.18|PMVG17=94.79|PMVG18=95.95|PMVG20=98.35
CMED;20260508;medicamento;504118050062403;;;BIOLAB SANUS FARMACEUTICA LTDA;PRESSAT;10 MG COM CT BL AL PLAS PVC AMB X 20;BESILATO DE ANLODIPINO;7896112478409;1097400740204;90396464;504118050062403;;N;;89.77;123.74;;;;CMED_ICMS17;20260508;20;PF0=74.51|PF12=84.67|PF18=90.87|PF19=91.99|PF20=93.14|PF21=94.32|PF22=95.53|PMC0=102.7|PMC12=116.71|PMC18=125.25|PMC19=126.8|PMC20=128.38|PMC21=130.01|PMC22=131.68|PMVG17=70.44|PMVG18=71.31|PMVG20=73.09
CMED;20260508;medicamento;504118050062503;;;BIOLAB SANUS FARMACEUTICA LTDA;PRESSAT;10 MG COM CT BL AL PLAS PVC AMB X 60;BESILATO DE ANLODIPINO;7896112413745;1097400740239;90396472;504118050062503;;N;;239;329.44;;;;CMED_ICMS17;20260508;20;PF0=198.37|PF12=225.42|PF18=241.91|PF19=244.9|PF20=247.96|PF21=251.1|PF22=254.32|PMC0=273.43|PMC12=310.72|PMC18=333.45|PMC19=337.57|PMC20=341.79|PMC21=346.12|PMC22=350.55|PMVG17=187.54|PMVG18=189.83|PMVG20=194.57
CMED;20260508;medicamento;504118050062603;;;BIOLAB SANUS FARMACEUTICA LTDA;PRESSAT;2,5 MG COM CT BL AL PLAS PVC AMB X 30;BESILATO DE ANLODIPINO;7896112432401;1097400740255;90396480;504118050062603;;N;;31.36;43.23;;;;CMED_ICMS17;20260508;20;PF0=26.03|PF12=29.58|PF18=31.74|PF19=32.14|PF20=32.54|PF21=32.95|PF22=33.37|PMC0=35.88|PMC12=40.77|PMC18=43.75|PMC19=44.3|PMC20=44.85|PMC21=45.42|PMC22=46|PMVG17=24.61|PMVG18=24.91|PMVG20=25.53
CMED;20260508;medicamento;504118050062703;;;BIOLAB SANUS FARMACEUTICA LTDA;PRESSAT;10 MG COM CT BL AL PLAS PVC AMB X 30;BESILATO DE ANLODIPINO;7896112478256;1097400740212;90396499;504118050062703;;N;;119.54;164.77;;;;CMED_ICMS17;20260508;20;PF0=99.22|PF12=112.75|PF18=121|PF19=122.49|PF20=124.03|PF21=125.59|PF22=127.21|PMC0=136.76|PMC12=155.41|PMC18=166.79|PMC19=168.84|PMC20=170.96|PMC21=173.11|PMC22=175.35|PMVG17=93.8|PMVG18=94.95|PMVG20=97.33
CMED;20260508;medicamento;504118050062803;;;BIOLAB SANUS FARMACEUTICA LTDA;PRESSAT;2,5 MG COM CT BL AL PLAS PVC AMB X 60;BESILATO DE ANLODIPINO;7896112413677;1097400740263;90396502;504118050062803;;N;;62.72;86.45;;;;CMED_ICMS17;20260508;20;PF0=52.06|PF12=59.16|PF18=63.49|PF19=64.27|PF20=65.08|PF21=65.9|PF22=66.74|PMC0=71.76|PMC12=81.55|PMC18=87.51|PMC19=88.59|PMC20=89.71|PMC21=90.84|PMC22=91.99|PMVG17=49.22|PMVG18=49.82|PMVG20=51.07
CMED;20260508;medicamento;504122050077803;;;BIOLAB SANUS FARMACEUTICA LTDA;PRESSAT;5 MG COM CT BL AL PLAS PVC AMB X 90;BESILATO DE ANLODIPINO;7896112406570;1097400740301;90533275;504122050077803;;N;;180.69;249.06;;;;CMED_ICMS17;20260508;20;PF0=149.97|PF12=170.42|PF18=182.89|PF19=185.15|PF20=187.46|PF21=189.84|PF22=192.27|PMC0=206.72|PMC12=234.91|PMC18=252.09|PMC19=255.21|PMC20=258.39|PMC21=261.67|PMC22=265.02|PMVG17=141.79|PMVG18=143.51|PMVG20=147.1
CMED;20260508;medicamento;504122050077903;;;BIOLAB SANUS FARMACEUTICA LTDA;PRESSAT;2,5 MG COM CT BL AL PLAS PVC AMB X 90;BESILATO DE ANLODIPINO;7896112406587;1097400740298;90533283;504122050077903;;N;;94.05;129.64;;;;CMED_ICMS17;20260508;20;PF0=78.06|PF12=88.7|PF18=95.2|PF19=96.37|PF20=97.58|PF21=98.81|PF22=100.08|PMC0=107.6|PMC12=122.26|PMC18=131.22|PMC19=132.84|PMC20=134.5|PMC21=136.2|PMC22=137.95|PMVG17=73.8|PMVG18=74.7|PMVG20=76.57
CMED;20260508;medicamento;538819060068403;;;LEGRAND PHARMA INDUSTRIA FARMACEUTICA LTDA;PRESSEL;10 MG COM CT BL AL/AL X 30;MALEATO DE ENALAPRIL;7896004714455;1677301850064;90434323;538819060068403;;N;;20;27.57;;;;CMED_ICMS17;20260508;20;PF0=16.6|PF12=18.86|PF18=20.24|PF19=20.49|PF20=20.75|PF21=21.01|PF22=21.28|PMC0=22.88|PMC12=26|PMC18=27.9|PMC19=28.24|PMC20=28.6|PMC21=28.96|PMC22=29.33
CMED;20260508;medicamento;538820020072707;;;LEGRAND PHARMA INDUSTRIA FARMACEUTICA LTDA;PRESSEL;20 MG COM CT BL AL/AL X 30;MALEATO DE ENALAPRIL;7896004714462;1677301850072;90448138;538820020072707;;N;;34.07;46.96;;;;CMED_ICMS17;20260508;20;PF0=28.28|PF12=32.14|PF18=34.49|PF19=34.91|PF20=35.35|PF21=35.8|PF22=36.26|PMC0=38.98|PMC12=44.3|PMC18=47.54|PMC19=48.12|PMC20=48.73|PMC21=49.35|PMC22=49.98|PMVG17=26.73|PMVG18=27.06|PMVG20=27.74
CMED;20260508;medicamento;525113020017803;;;MEDQUIMICA INDUSTRIA FARMACEUTICA LTDA.;PRESSOMEDE;10 MG COM CT BL AL AL X 30;MALEATO DE ENALAPRIL;7896862910969;1091700500145;90266706;525113020017803;;N;;23.98;33.05;;;;CMED_ICMS17;20260508;20;PF0=19.9|PF12=22.61|PF18=24.27|PF19=24.57|PF20=24.88|PF21=25.19|PF22=25.51|PMC0=27.43|PMC12=31.17|PMC18=33.45|PMC19=33.87|PMC20=34.29|PMC21=34.72|PMC22=35.16|PMVG17=18.82|PMVG18=19.05|PMVG20=19.52
CMED;20260508;medicamento;525113020017903;;;MEDQUIMICA INDUSTRIA FARMACEUTICA LTDA.;PRESSOMEDE;10 MG COM CT BL AL AL X 500 (EMB HOSP);MALEATO DE ENALAPRIL;7896862921217;1091700500161;90266722;525113020017903;;S;;285.88;;;;;CMED_ICMS17;20260508;20;PF0=237.28|PF12=269.64|PF18=289.37|PF19=292.94|PF20=296.6|PF21=300.35|PF22=304.21|PMVG17=224.33|PMVG18=227.07|PMVG20=232.74
CMED;20260508;medicamento;525113020018003;;;MEDQUIMICA INDUSTRIA FARMACEUTICA LTDA.;PRESSOMEDE;20 MG COM CT BL AL AL X 500 (EMB HOSP);MALEATO DE ENALAPRIL;7896862921224;1091700500196;90266730;525113020018003;;S;;359.53;;;;;CMED_ICMS17;20260508;20;PF0=298.41|PF12=339.1|PF18=363.91|PF19=368.41|PF20=373.01|PF21=377.73|PF22=382.58|PMVG17=282.12|PMVG18=285.56|PMVG20=292.7
CMED;20260508;medicamento;525115050024403;;;MEDQUIMICA INDUSTRIA FARMACEUTICA LTDA.;PRESSOMEDE;20 MG COM CT BL AL AL X 30;MALEATO DE ENALAPRIL;7896862910983;1091700500171;90317319;525115050024403;;N;;36.48;50.28;;;;CMED_ICMS17;20260508;20;PF0=30.28|PF12=34.41|PF18=36.93|PF19=37.38|PF20=37.85|PF21=38.33|PF22=38.82|PMC0=41.74|PMC12=47.43|PMC18=50.9|PMC19=51.52|PMC20=52.17|PMC21=52.83|PMC22=53.51|PMVG17=28.63|PMVG18=28.98|PMVG20=29.7
CMED;20260508;medicamento;522720060088117;;;PFIZER BRASIL LTDA;PREVENAR 13;SUS INJ CT EST 01 SER PREENCH X 0,5 ML + 01 AGU;"POLISSACARÍDEO CAPSULAR DE STREPTOCOCCUS PNEUMONIAE SOROTIPO 14 ;POLISSACARÍDEO CAPSULAR DE STREPTOCOCCUS PNEUMONIAE SOROTIPO 19A ;POLISSACARÍDEO CAPSULAR DE STREPTOCOCCUS PNEUMONIAE SOROTIPO 5;POLISSACARÍDEO CAPSULAR DE STREPTOCOCCUS PNEUMONIAE SOROTIPO 4 ;POLISSACARÍDEO CAPSULAR DE STREPTOCOCCUS PNEUMONIAE SOROTIPO 1;POLISSACARÍDEO CAPSULAR DE STREPTOCOCCUS PNEUMONIAE SOROTIPO 3 ;POLISSACARÍDEO CAPSULAR DE STREPTOCOCCUS PNEUMONIAE SOROTIPO 23F ;POLISSACARÍDEO CAPSULAR DE STREPTOCOCCUS PNEUMONIAE SOROTIPO 7F ;POLISSACARÍDEO CAPSULAR DE STREPTOCOCCUS PNEUMONIAE SOROTIPO 18C ;POLISSACARÍDEO CAPSULAR DE STREPTOCOCCUS PNEUMONIAE SOROTIPO 19F ;POLISSACARÍDEO CAPSULAR DE STREPTOCOCCUS PNEUMONIAE SOROTIPO 6A ;POLISSACARÍDEO CAPSULAR DE STREPTOCOCCUS PNEUMONIAE SOROTIPO 9V";7891045010627;1211004680018;90476034;522720060088117;;N;;234.72;323.54;;;;CMED_ICMS17;20260508;20;PF0=194.82|PF12=221.39|PF18=237.59|PF19=240.52|PF20=243.53|PF21=246.61|PF22=249.77|PMC0=268.54|PMC12=305.16|PMC18=327.49|PMC19=331.53|PMC20=335.68|PMC21=339.93|PMC22=344.28
CMED;20260508;medicamento;522720060088217;;;PFIZER BRASIL LTDA;PREVENAR 13;SUS INJ CT 2 EST X 5 SER PREENCH X 0,5 ML + 10 AGU;"POLISSACARÍDEO CAPSULAR DE STREPTOCOCCUS PNEUMONIAE SOROTIPO 14 ;POLISSACARÍDEO CAPSULAR DE STREPTOCOCCUS PNEUMONIAE SOROTIPO 19A ;POLISSACARÍDEO CAPSULAR DE STREPTOCOCCUS PNEUMONIAE SOROTIPO 5;POLISSACARÍDEO CAPSULAR DE STREPTOCOCCUS PNEUMONIAE SOROTIPO 4 ;POLISSACARÍDEO CAPSULAR DE STREPTOCOCCUS PNEUMONIAE SOROTIPO 1;POLISSACARÍDEO CAPSULAR DE STREPTOCOCCUS PNEUMONIAE SOROTIPO 3 ;POLISSACARÍDEO CAPSULAR DE STREPTOCOCCUS PNEUMONIAE SOROTIPO 23F ;POLISSACARÍDEO CAPSULAR DE STREPTOCOCCUS PNEUMONIAE SOROTIPO 7F ;POLISSACARÍDEO CAPSULAR DE STREPTOCOCCUS PNEUMONIAE SOROTIPO 18C ;POLISSACARÍDEO CAPSULAR DE STREPTOCOCCUS PNEUMONIAE SOROTIPO 19F ;POLISSACARÍDEO CAPSULAR DE STREPTOCOCCUS PNEUMONIAE SOROTIPO 6A ;POLISSACARÍDEO CAPSULAR DE STREPTOCOCCUS PNEUMONIAE SOROTIPO 9V";7891045010771;1211004680026;90476026;522720060088217;;N;;2347.4;3235.65;;;;CMED_ICMS17;20260508;20;PF0=1948.34|PF12=2214.02|PF18=2376.02|PF19=2405.36|PF20=2435.43|PF21=2466.25|PF22=2497.87|PMC0=2685.58|PMC12=3051.8|PMC18=3275.1|PMC19=3315.54|PMC20=3356.99|PMC21=3399.47|PMC22=3443.05
CMED;20260508;medicamento;522724030093702;;;PFIZER BRASIL LTDA;PREVENAR® 20;SUS INJ CT EST 01 SER PREENCH X 0,5 ML + 01 AGU;"POLISSACARÍDEO CONJUGADO DE STREPTOCOCCUS PNEUMONIAE TIPO 4;POLISSACARÍDEO CAPSULAR DE STREPTOCOCCUS PNEUMONIAE SOROTIPO 14 ;POLISSACARÍDEO CAPSULAR DE STREPTOCOCCUS PNEUMONIAE SOROTIPO 19A ;POLISSACARÍDEO CONJUGADO DE STREPTOCOCCUS PNEUMONIAE TIPO 19F;POLISSACARÍDEO CONJUGADO DE STREPTOCOCCUS PNEUMONIAE TIPO 5;POLISSACARÍDEO CAPSULAR DE STREPTOCOCCUS PNEUMONIAE SOROTIPO 15B;POLISSACARÍDEO CONJUGADO DE STREPTOCOCCUS PNEUMONIAE TIPO 9V;POLISSACARÍDEO CAPSULAR DE STREPTOCOCCUS PNEUMONIAE SOROTIPO 8;POLISSACARÍDEO CAPSULAR DE STREPTOCOCCUS PNEUMONIAE SOROTIPO 11A;POLISSACARÍDEO CONJUGADO DE STREPTOCOCCUS PNEUMONIAE TIPO 1;POLISSACARÍDEO CAPSULAR DE STREPTOCOCCUS PNEUMONIAE SOROTIPO 10A;POLISSACARÍDEO CAPSULAR DE STREPTOCOCCUS PNEUMONIAE SOROTIPO 12F;POLISSACARÍDEO CAPSULAR DE STREPTOCOCCUS PNEUMONIAE SOROTIPO 3 ;POLISSACARÍDEO CAPSULAR DE STREPTOCOCCUS PNEUMONIAE SOROTIPO 22F;POLISSACARÍDEO CAPSULAR DE STREPTOCOCCUS PNEUMONIAE SOROTIPO 33F;POLISSACARÍDEO CONJUGADO DE STREPTOCOCCUS PNEUMONIAE TIPO 23F;POLISSACARÍDEO CONJUGADO DE STREPTOCOCCUS PNEUMONIAE TIPO 7F;PROTEÍNA CARREADORA;POLISSACARÍDEO CONJUGADO DE STREPTOCOCCUS PNEUMONIAE TIPO 6B;POLISSACARÍDEO CAPSULAR DE STREPTOCOCCUS PNEUMONIAE SOROTIPO 18C ;POLISSACARÍDEO CAPSULAR DE STREPTOCOCCUS PNEUMONIAE SOROTIPO 6A";7891045166010;1211004940011;90583280;522724030093702;;N;;353.42;487.15;;;;CMED_ICMS17;20260508;20;PF0=293.34|PF12=333.34|PF18=357.73|PF19=362.15|PF20=366.68|PF21=371.32|PF22=376.08|PMC0=404.34|PMC12=459.47|PMC18=493.09|PMC19=499.19|PMC20=505.43|PMC21=511.83|PMC22=518.39
CMED;20260508;medicamento;522724030093802;;;PFIZER BRASIL LTDA;PREVENAR® 20;SUS INJ CT 02 EST 05 SER PREENCH X 0,5 ML + 10 AGU;"POLISSACARÍDEO CONJUGADO DE STREPTOCOCCUS PNEUMONIAE TIPO 4;POLISSACARÍDEO CAPSULAR DE STREPTOCOCCUS PNEUMONIAE SOROTIPO 14 ;POLISSACARÍDEO CAPSULAR DE STREPTOCOCCUS PNEUMONIAE SOROTIPO 19A ;POLISSACARÍDEO CONJUGADO DE STREPTOCOCCUS PNEUMONIAE TIPO 19F;POLISSACARÍDEO CONJUGADO DE STREPTOCOCCUS PNEUMONIAE TIPO 5;POLISSACARÍDEO CAPSULAR DE STREPTOCOCCUS PNEUMONIAE SOROTIPO 15B;POLISSACARÍDEO CONJUGADO DE STREPTOCOCCUS PNEUMONIAE TIPO 9V;POLISSACARÍDEO CAPSULAR DE STREPTOCOCCUS PNEUMONIAE SOROTIPO 8;POLISSACARÍDEO CAPSULAR DE STREPTOCOCCUS PNEUMONIAE SOROTIPO 11A;POLISSACARÍDEO CONJUGADO DE STREPTOCOCCUS PNEUMONIAE TIPO 1;POLISSACARÍDEO CAPSULAR DE STREPTOCOCCUS PNEUMONIAE SOROTIPO 10A;POLISSACARÍDEO CAPSULAR DE STREPTOCOCCUS PNEUMONIAE SOROTIPO 12F;POLISSACARÍDEO CAPSULAR DE STREPTOCOCCUS PNEUMONIAE SOROTIPO 3 ;POLISSACARÍDEO CAPSULAR DE STREPTOCOCCUS PNEUMONIAE SOROTIPO 22F;POLISSACARÍDEO CAPSULAR DE STREPTOCOCCUS PNEUMONIAE SOROTIPO 33F;POLISSACARÍDEO CONJUGADO DE STREPTOCOCCUS PNEUMONIAE TIPO 23F;POLISSACARÍDEO CONJUGADO DE STREPTOCOCCUS PNEUMONIAE TIPO 7F;PROTEÍNA CARREADORA;POLISSACARÍDEO CONJUGADO DE STREPTOCOCCUS PNEUMONIAE TIPO 6B;POLISSACARÍDEO CAPSULAR DE STREPTOCOCCUS PNEUMONIAE SOROTIPO 18C ;POLISSACARÍDEO CAPSULAR DE STREPTOCOCCUS PNEUMONIAE SOROTIPO 6A";7891045166034;1211004940028;90583299;522724030093802;;N;;3534.19;4871.51;;;;CMED_ICMS17;20260508;20;PF0=2933.38|PF12=3333.39|PF18=3577.29|PF19=3621.46|PF20=3666.73|PF21=3713.14|PF22=3760.74|PMC0=4043.36|PMC12=4594.73|PMC18=4930.92|PMC19=4991.81|PMC20=5054.21|PMC21=5118.18|PMC22=5183.79
CMED;20260508;medicamento;538819801118414;;;LEGRAND PHARMA INDUSTRIA FARMACEUTICA LTDA;PREVIANE;0,075 MG + 0,02 MG COM REV CT BL AL PLAS TRANS - CALEND X 21;"GESTODENO;ETINILESTRADIOL";7896004707846;1677303160014;90245695;538819801118414;;N;;34.77;47.93;;;;CMED_ICMS17;20260508;20;PF0=28.86|PF12=32.8|PF18=35.2|PF19=35.63|PF20=36.08|PF21=36.53|PF22=37|PMC0=39.78|PMC12=45.21|PMC18=48.52|PMC19=49.11|PMC20=49.73|PMC21=50.35|PMC22=51|PMVG17=27.28|PMVG18=27.62|PMVG20=28.31
CMED;20260508;medicamento;538819802114412;;;LEGRAND PHARMA INDUSTRIA FARMACEUTICA LTDA;PREVIANE;0,075 MG + 0,02 MG COM REV CT BL AL PLAS TRANS - CALEND X 63;"GESTODENO;ETINILESTRADIOL";7896004818993;1677303160030;90245709;538819802114412;;N;;83.77;115.47;;;;CMED_ICMS17;20260508;20;PF0=69.53|PF12=79.01|PF18=84.79|PF19=85.84|PF20=86.91|PF21=88.01|PF22=89.14|PMC0=95.84|PMC12=108.91|PMC18=116.87|PMC19=118.32|PMC20=119.8|PMC21=121.31|PMC22=122.87|PMVG17=65.73|PMVG18=66.53|PMVG20=68.2
CMED;20260508;medicamento;538812080044304;;;LEGRAND PHARMA INDUSTRIA FARMACEUTICA LTDA;PREVYASM;3 MG + 0,03 MG COM REV CT BL AL PLAS OPC X 21;"ETINILESTRADIOL;DROSPIRENONA";7896004734576;1677304430023;90371011;538812080044304;;N;;65.72;90.59;;;;CMED_ICMS17;20260508;20;PF0=54.55|PF12=61.99|PF18=66.52|PF19=67.35|PF20=68.19|PF21=69.05|PF22=69.94|PMC0=75.19|PMC12=85.45|PMC18=91.69|PMC19=92.83|PMC20=93.99|PMC21=95.18|PMC22=96.41|PMVG17=51.57|PMVG18=52.2|PMVG20=53.51
CMED;20260508;medicamento;514506702113315;;;JANSSEN-CILAG FARMACEUTICA LTDA;PREZISTA;75 MG COM REV CT FR PLAS PEAD OPC X 480;ETANOLATO DE DARUNAVIR;7896212423996;1123633870073;90106563;514506702113315;;N;;;;;;;CMED_ICMS17;20260508;20;PF0=2171.33|PMC0=2992.95
CMED;20260508;medicamento;514506703111316;;;JANSSEN-CILAG FARMACEUTICA LTDA;PREZISTA;150 MG COM REV CT FR PLAS PEAD OPC X 240;ETANOLATO DE DARUNAVIR;7896212424009;1123633870081;90106547;514506703111316;;N;;;;;;;CMED_ICMS17;20260508;20;PF0=2171.33|PMC0=2992.95
CMED;20260508;medicamento;514517100034003;;;JANSSEN-CILAG FARMACEUTICA LTDA;PREZISTA;600 MG COM REV CT FR PLAS PEAD OPC X 60;DARUNAVIR;7896212423569;1123633870103;90380819;514517100034003;;N;;;;;;;CMED_ICMS17;20260508;20;PF0=2213.78|PMC0=3051.47
CMED;20260508;medicamento;514520040036907;;;JANSSEN-CILAG FARMACEUTICA LTDA;PREZISTA;800 MG COM REV CT FR PLAS PEAD OPC X 30;ETANOLATO DE DARUNAVIR;7896212425334;1123633870121;90471083;514520040036907;;N;;;;;;;CMED_ICMS17;20260508;20;PF0=1467.71|PMC0=2023.09
CMED;20260508;medicamento;552916090064904;;;ACHÉ LABORATÓRIOS FARMACÊUTICOS S.A;PRILO;50 MG COM REV CT BL AL PLAS TRANS X 1;CITRATO DE SILDENAFILA;7896658020230;1057304880093;90357850;552916090064904;;N;;19.25;25.82;;;;CMED_ICMS17;20260508;20;PF0=15.98|PF12=18.16|PF18=19.49|PF19=19.73|PF20=19.98|PF21=20.23|PF22=20.49|PMC0=21.44|PMC12=24.36|PMC18=26.15|PMC19=26.47|PMC20=26.8|PMC21=27.14|PMC22=27.49|PMVG17=15.11|PMVG18=15.29|PMVG20=15.68
CMED;20260508;medicamento;552916090065004;;;ACHÉ LABORATÓRIOS FARMACÊUTICOS S.A;PRILO;50 MG COM REV CT BL AL PLAS TRANS X 2;CITRATO DE SILDENAFILA;7896658020247;1057304880107;90357868;552916090065004;;N;;38.48;51.62;;;;CMED_ICMS17;20260508;20;PF0=31.94|PF12=36.3|PF18=38.95|PF19=39.43|PF20=39.93|PF21=40.43|PF22=40.95|PMC0=42.85|PMC12=48.7|PMC18=52.25|PMC19=52.89|PMC20=53.56|PMC21=54.24|PMC22=54.93|PMVG17=30.2|PMVG18=30.56|PMVG20=31.33
CMED;20260508;medicamento;552916090065104;;;ACHÉ LABORATÓRIOS FARMACÊUTICOS S.A;PRILO;50 MG COM REV CT BL AL PLAS TRANS X 4;CITRATO DE SILDENAFILA;7896658020254;1057304880115;90357876;552916090065104;;N;;77.01;103.31;;;;CMED_ICMS17;20260508;20;PF0=63.92|PF12=72.64|PF18=77.95|PF19=78.91|PF20=79.9|PF21=80.91|PF22=81.95|PMC0=85.75|PMC12=97.44|PMC18=104.57|PMC19=105.85|PMC20=107.18|PMC21=108.54|PMC22=109.93|PMVG17=60.43|PMVG18=61.17|PMVG20=62.7
CMED;20260508;medicamento;507200701151411;;;DFL INDÚSTRIA E COMÉRCIO S/A;PRILONEST;30 MG/ML + 0,03 UI/ML SOL INJ 50 CARPULES VD INC X 1,8 ML;"CLORIDRATO DE PRILOCAÍNA;FELIPRESSINA";7894590592129;1017700280014;90255054;507200701151411;;N;;202.77;279.5;;;;CMED_ICMS17;20260508;20;PF0=168.3|PF12=191.25|PF18=205.24|PF19=207.78|PF20=210.38|PF21=213.04|PF22=215.77|PMC0=231.98|PMC12=263.62|PMC18=282.9|PMC19=286.4|PMC20=289.99|PMC21=293.65|PMC22=297.42|PMVG17=159.11|PMVG18=161.05|PMVG20=165.09
CMED;20260508;medicamento;576720070075717;;;SANOFI MEDLEY FARMACÊUTICA LTDA.;PRIMACOR;1MG/ML SOL INJ CT 10 AMP VD TRANS X 10 ML;LACTATO DE MILRINONA;7891058006204;1832603210011;90473469;576720070075717;;S;;951.67;;;;;CMED_ICMS17;20260508;20;PF0=789.89|PF12=897.6|PF18=963.28|PF19=975.17|PF20=987.36|PF21=999.86|PF22=1012.68|PMVG17=746.78|PMVG18=755.89|PMVG20=774.78
CMED;20260508;medicamento;503202701154415;;;BAXTER HOSPITALAR LTDA;PRIMENE;100 MG/ML SOL INFUS IV CX FR VD TRANS X 250 ML (REST. HOSP);"FENILALANINA;PROLINA;TRIPTOFANO;LEVOVALINA;ORNITINA;SERINA;HISTIDINA;TREONINA;ÁCIDO GLUTÂMICO;TIROSINA;LEUCINA;GLICINA;ISOLEUCINA;LEVOMETIONINA;TAURINA;ALANINA;ÁCIDO ASPÁRTICO;CISTEÍNA;ARGININA;LISINA";7898008416588;1068300980110;90020693;503202701154415;;S;;207.06;;;;;CMED_ICMS17;20260508;20;PF0=171.86|PF12=195.3|PF18=209.59|PF19=212.17|PF20=214.83|PF21=217.54|PF22=220.33|PMVG17=162.48|PMVG18=164.47|PMVG20=168.58
CMED;20260508;medicamento;508011202111412;;;EUROFARMA LABORATORIOS S.A.;PRIMERA 20;0,150 MG + 0,020 MG COM CT BL AL PLAS BCO OPC X 21;"DESOGESTREL;ETINILESTRADIOL";7891317177645;1004311220019;90335902;508011202111412;;N;;33.39;46.02;;;;CMED_ICMS17;20260508;20;PF0=27.71|PF12=31.49|PF18=33.79|PF19=34.21|PF20=34.64|PF21=35.08|PF22=35.53|PMC0=38.2|PMC12=43.41|PMC18=46.58|PMC19=47.15|PMC20=47.75|PMC21=48.35|PMC22=48.97|PMVG17=26.2|PMVG18=26.51|PMVG20=27.18
CMED;20260508;medicamento;508011203118410;;;EUROFARMA LABORATORIOS S.A.;PRIMERA 20;0,150 MG + 0,020 MG COM CT BL AL PLAS BCO OPC X 63;"DESOGESTREL;ETINILESTRADIOL";7891317177652;1004311220027;90335910;508011203118410;;N;;70.14;96.68;;;;CMED_ICMS17;20260508;20;PF0=58.22|PF12=66.16|PF18=71|PF19=71.88|PF20=72.78|PF21=73.7|PF22=74.64|PMC0=80.25|PMC12=91.19|PMC18=97.87|PMC19=99.08|PMC20=100.32|PMC21=101.59|PMC22=102.88|PMVG17=55.04|PMVG18=55.71|PMVG20=57.11
CMED;20260508;medicamento;508011201115414;;;EUROFARMA LABORATORIOS S.A.;PRIMERA 30;0,150 MG + 0,030 MG COM CT BL AL PLAS BCO OPC X 21;"DESOGESTREL;ETINILESTRADIOL";7891317177676;1004311230014;90335899;508011201115414;;N;;33.39;46.02;;;;CMED_ICMS17;20260508;20;PF0=27.71|PF12=31.49|PF18=33.79|PF19=34.21|PF20=34.64|PF21=35.08|PF22=35.53|PMC0=38.2|PMC12=43.41|PMC18=46.58|PMC19=47.15|PMC20=47.75|PMC21=48.35|PMC22=48.97|PMVG17=26.2|PMVG18=26.51|PMVG20=27.18
CMED;20260508;medicamento;508011204114419;;;EUROFARMA LABORATORIOS S.A.;PRIMERA 30;0,150 MG + 0,030 MG COM CT BL AL PLAS BCO OPC X 63;"DESOGESTREL;ETINILESTRADIOL";7891317177683;1004311230022;90335929;508011204114419;;N;;70.14;96.68;;;;CMED_ICMS17;20260508;20;PF0=58.22|PF12=66.16|PF18=71|PF19=71.88|PF20=72.78|PF21=73.7|PF22=74.64|PMC0=80.25|PMC12=91.19|PMC18=97.87|PMC19=99.08|PMC20=100.32|PMC21=101.59|PMC22=102.88|PMVG17=55.04|PMVG18=55.71|PMVG20=57.11
CMED;20260508;medicamento;501602301114410;;;APSEN FARMACEUTICA S/A;PRIMID;100 MG COM CT BL AL PLAS PVC TRANS X 100;PRIMIDONA;7896637025225;1011801310068;90009908;501602301114410;;N;;74.7;102.97;;;;CMED_ICMS17;20260508;20;PF0=62|PF12=70.45|PF18=75.61|PF19=76.54|PF20=77.5|PF21=78.48|PF22=79.49|PMC0=85.46|PMC12=97.11|PMC18=104.22|PMC19=105.5|PMC20=106.83|PMC21=108.18|PMC22=109.57
CMED;20260508;medicamento;501602302110419;;;APSEN FARMACEUTICA S/A;PRIMID;250 MG COM CT BL AL PLAS PVC TRANS X 20;PRIMIDONA;7896637025232;1011801310092;90009940;501602302110419;;N;;35.25;48.59;;;;CMED_ICMS17;20260508;20;PF0=29.26|PF12=33.25|PF18=35.68|PF19=36.12|PF20=36.58|PF21=37.04|PF22=37.51|PMC0=40.33|PMC12=45.83|PMC18=49.18|PMC19=49.79|PMC20=50.42|PMC21=51.06|PMC22=51.7
CMED;20260508;medicamento;538902501118313;;;BAYER S.A.;PRIMOGYNA®;1 MG COM REV CT BL AL PLAS TRANS X 28;VALERATO DE ESTRADIOL MICRONIZADO;7891106906005;1705600680011;90246020;538902501118313;;N;;42.54;58.64;;;;CMED_ICMS17;20260508;20;PF0=35.31|PF12=40.13|PF18=43.06|PF19=43.59|PF20=44.14|PF21=44.7|PF22=45.27|PMC0=48.67|PMC12=55.32|PMC18=59.35|PMC19=60.08|PMC20=60.84|PMC21=61.61|PMC22=62.4|PMVG17=33.38|PMVG18=33.79|PMVG20=34.64
CMED;20260508;medicamento;538902502114311;;;BAYER S.A.;PRIMOGYNA®;2 MG COM REV CT BL AL PLAS TRANS X 28;VALERATO DE ESTRADIOL MICRONIZADO;7891106907224;1705600680046;90246039;538902502114311;;N;;85.06;117.25;;;;CMED_ICMS17;20260508;20;PF0=70.6|PF12=80.23|PF18=86.1|PF19=87.16|PF20=88.25|PF21=89.37|PF22=90.51|PMC0=97.31|PMC12=110.59|PMC18=118.68|PMC19=120.14|PMC20=121.64|PMC21=123.19|PMC22=124.76|PMVG17=66.75|PMVG18=67.56|PMVG20=69.25
CMED;20260508;medicamento;538922090034003;;;BAYER S.A.;PRIMOGYNA®;1 MG COM REV CT BL AL PLAS TRANS X 84;VALERATO DE ESTRADIOL MICRONIZADO;7891106915748;1705600680038;90549872;538922090034003;;N;;114.87;158.34;;;;CMED_ICMS17;20260508;20;PF0=95.34|PF12=108.34|PF18=116.27|PF19=117.7|PF20=119.18|PF21=120.68|PF22=122.23|PMC0=131.42|PMC12=149.34|PMC18=160.27|PMC19=162.24|PMC20=164.28|PMC21=166.34|PMC22=168.48|PMVG17=90.14|PMVG18=91.24|PMVG20=93.52
CMED;20260508;medicamento;533022100080817;;;UNIÃO QUÍMICA FARMACÊUTICA NACIONAL S/A;PRIMOLUT-NOR;10 MG COM CT BL AL PLAS TRANS X 30;ACETATO DE NORETISTERONA;7896006201717;1049715000010;90544242;533022100080817;;N;;82.55;113.79;;;;CMED_ICMS17;20260508;20;PF0=68.52|PF12=77.86|PF18=83.56|PF19=84.59|PF20=85.65|PF21=86.73|PF22=87.85|PMC0=94.45|PMC12=107.32|PMC18=115.18|PMC19=116.6|PMC20=118.06|PMC21=119.55|PMC22=121.09|PMVG17=64.78|PMVG18=65.57|PMVG20=67.21
CMED;20260508;medicamento;533022100081117;;;UNIÃO QUÍMICA FARMACÊUTICA NACIONAL S/A;PRIMOSISTON;(2 + 0,01) MG COM CT BL AL PLAS PVC/PCTFE TRANS X 30;"ETINILESTRADIOL;ACETATO DE NORETISTERONA";7896006201731;1049714950023;90544170;533022100081117;;N;;41.7;57.48;;;;CMED_ICMS17;20260508;20;PF0=34.61|PF12=39.33|PF18=42.21|PF19=42.73|PF20=43.26|PF21=43.81|PF22=44.37|PMC0=47.71|PMC12=54.21|PMC18=58.18|PMC19=58.9|PMC20=59.63|PMC21=60.39|PMC22=61.16|PMVG17=32.72|PMVG18=33.12|PMVG20=33.95
CMED;20260508;medicamento;538912050016113;;;BAYER S.A.;PRIMOSISTON;(2 + 0,01) MG COM CT BL AL PLAS TRANS X 30;"ETINILESTRADIOL;ACETATO DE NORETISTERONA";7891106906029;1705600710018;90247043;538912050016113;;N;;10.89;15.01;;;;CMED_ICMS17;20260508;20;PF0=9.04|PF12=10.27|PF18=11.02|PF19=11.16|PF20=11.3|PF21=11.44|PF22=11.59|PMC0=12.46|PMC12=14.16|PMC18=15.19|PMC19=15.38|PMC20=15.58|PMC21=15.77|PMC22=15.98|PMVG17=8.55|PMVG18=8.65|PMVG20=8.87
CMED;20260508;medicamento;538912030009902;;;BAYER S.A.;PRIMOVIST;181,43 MG/ML SOL INJ CT SER PREENC VD TRANS X 10 ML;GADOXETATO DISSÓDICO;7891106904803;1705600860011;90246438;538912030009902;;S;;459.37;;;;;CMED_ICMS17;20260508;20;PF0=381.28|PF12=433.27|PF18=464.98|PF19=470.72|PF20=476.6|PF21=482.63|PF22=488.82|PMVG17=360.47|PMVG18=364.87|PMVG20=373.99
CMED;20260508;medicamento;538926030035503;;;BAYER S.A.;PRIMOVIST;181,43 MG/ML SOL INJ CT SER PREENC PLAS TRANS X 10 ML;GADOXETATO DISSÓDICO;7891106916035;1705600860044;;538926030035503;;S;;459.37;;;;;CMED_ICMS17;20260508;20;PF0=381.28|PF12=433.27|PF18=464.98|PF19=470.72|PF20=476.6|PF21=482.63|PF22=488.82|PMVG17=360.47|PMVG18=364.87|PMVG20=373.99
CMED;20260508;medicamento;510605701155312;;;GLAXOSMITHKLINE BRASIL LTDA;PRIORIX;PO LIOF INJ CT FA VD TRANS MONODOSE + SER PREEN VD TRANS DIL X 0,5 ML;"VÍRUS DA CAXUMBA;VÍRUS DA RUBEOLA;VÍRUS DO SARAMPO";7896015516000;1010701480028;90089553;510605701155312;;N;;47.63;65.65;;;;CMED_ICMS17;20260508;20;PF0=39.53|PF12=44.92|PF18=48.21|PF19=48.8|PF20=49.41|PF21=50.04|PF22=50.68|PMC0=54.49|PMC12=61.92|PMC18=66.45|PMC19=67.27|PMC20=68.11|PMC21=68.97|PMC22=69.86|PMVG17=37.38|PMVG18=37.83|PMVG20=38.77
CMED;20260508;medicamento;510618090060307;;;GLAXOSMITHKLINE BRASIL LTDA;PRIORIX;PO LIOF INJ CT FA VD TRANS MONODOSE + SER PREEN VD TRANS DIL X 0,5 ML + 2 AGU REMOVIVEL;VACINA SARAMPO, CAXUMBA, RUBÉOLA (ATENUADA);7896015530198;1010701480060;90402456;510618090060307;;N;;47.63;65.65;;;;CMED_ICMS17;20260508;20;PF0=39.53|PF12=44.92|PF18=48.21|PF19=48.8|PF20=49.41|PF21=50.04|PF22=50.68|PMC0=54.49|PMC12=61.92|PMC18=66.45|PMC19=67.27|PMC20=68.11|PMC21=68.97|PMC22=69.86
CMED;20260508;medicamento;510611701153411;;;GLAXOSMITHKLINE BRASIL LTDA;PRIORIX TETRA;PO LIOF INJ CT FA VD TRANS + SER PREENC VD TRANS DIL X 0,5 ML;"VÍRUS DA CAXUMBA;VÍRUS DA RUBEOLA;VÍRUS DO SARAMPO;VÍRUS DA VARICELA -ZOSTER";7896015519735;1010702760016;90090551;510611701153411;;N;;259.12;357.17;;;;CMED_ICMS17;20260508;20;PF0=215.07|PF12=244.4|PF18=262.28|PF19=265.52|PF20=268.84|PF21=272.24|PF22=275.73|PMC0=296.45|PMC12=336.88|PMC18=361.53|PMC19=365.99|PMC20=370.57|PMC21=375.25|PMC22=380.07
CMED;20260508;medicamento;510618090060207;;;GLAXOSMITHKLINE BRASIL LTDA;PRIORIX TETRA;PO LIOF INJ CT FA VD TRANS + SER PREENC VD TRANS DIL X 0,5ML + 2 AGU REMOV;"VÍRUS DA CAXUMBA;VÍRUS DA RUBEOLA;VÍRUS DO SARAMPO;VÍRUS DA VARICELA -ZOSTER";7896015530228;1010702760075;90402448;510618090060207;;N;;259.12;357.17;;;;CMED_ICMS17;20260508;20;PF0=215.07|PF12=244.4|PF18=262.28|PF19=265.52|PF20=268.84|PF21=272.24|PF22=275.73|PMC0=296.45|PMC12=336.88|PMC18=361.53|PMC19=365.99|PMC20=370.57|PMC21=375.25|PMC22=380.07
CMED;20260508;medicamento;522710307112217;;;PFIZER BRASIL LTDA;PRISTIQ;50 MG COM REV LIB CONT CT BL PVC/PVDC/AL X 28;SUCCINATO DE DESVENLAFAXINA MONOIDRATADO;7891045013130;1211002730050;90231295;522710307112217;;N;;192.39;265.19;;;;CMED_ICMS17;20260508;20;PF0=159.68|PF12=181.45|PF18=194.73|PF19=197.14|PF20=199.6|PF21=202.13|PF22=204.72|PMC0=220.1|PMC12=250.11|PMC18=268.42|PMC19=271.74|PMC20=275.13|PMC21=278.62|PMC22=282.19|PMVG17=150.97|PMVG18=152.8|PMVG20=156.63
CMED;20260508;medicamento;522710308119215;;;PFIZER BRASIL LTDA;PRISTIQ;50 MG COM REV LIB CONT CT BL PVC/PVDC/AL X 7;SUCCINATO DE DESVENLAFAXINA MONOIDRATADO;7891045013116;1211002730018;90231309;522710308119215;;N;;47.51;65.49;;;;CMED_ICMS17;20260508;20;PF0=39.43|PF12=44.81|PF18=48.09|PF19=48.68|PF20=49.29|PF21=49.91|PF22=50.55|PMC0=54.35|PMC12=61.77|PMC18=66.29|PMC19=67.1|PMC20=67.94|PMC21=68.8|PMC22=69.68|PMVG17=37.28|PMVG18=37.74|PMVG20=38.68
CMED;20260508;medicamento;522710310113210;;;PFIZER BRASIL LTDA;PRISTIQ;100 MG COM REV LIB CONT CT BL PVC/PVDC/AL X 28;SUCCINATO DE DESVENLAFAXINA MONOIDRATADO;7891045014366;1211002730115;90231325;522710310113210;;N;;211.76;291.89;;;;CMED_ICMS17;20260508;20;PF0=175.76|PF12=199.73|PF18=214.34|PF19=216.99|PF20=219.7|PF21=222.48|PF22=225.33|PMC0=242.27|PMC12=275.31|PMC18=295.45|PMC19=299.1|PMC20=302.83|PMC21=306.67|PMC22=310.59|PMVG17=166.17|PMVG18=168.19|PMVG20=172.4
CMED;20260508;medicamento;527322080023417;;;MERCK SHARP & DOHME FARMACEUTICA LTDA.;PRIVYMTRA;480 MG COM REV CT BL AL AL X 28;LETERMOVIR;7897572020344;1017102230021;90538862;527322080023417;;N;;50192.02;67330.81;;;;CMED_ICMS17;20260508;20;PF0=41659.39|PF12=47340.23|PF18=50804.13|PF19=51431.35|PF20=52074.24|PF21=52733.41|PF22=53409.46|PMC0=55884.59|PMC12=63505.23|PMC18=68151.93|PMC19=68993.32|PMC20=69855.74|PMC21=70739.99|PMC22=71646.89|PMVG17=39385.68|PMVG18=39866|PMVG20=40862.66
CMED;20260508;medicamento;527322080023517;;;MERCK SHARP & DOHME FARMACEUTICA LTDA.;PRIVYMTRA;240 MG COM REV CT BL AL AL X 28;LETERMOVIR;7897572020337;1017102230013;90538854;527322080023517;;N;;46199.47;61974.94;;;;CMED_ICMS17;20260508;20;PF0=38345.57|PF12=43574.53|PF18=46762.88|PF19=47340.21|PF20=47931.96|PF21=48538.7|PF22=49160.98|PMC0=51439.22|PMC12=58453.68|PMC18=62730.74|PMC19=63505.21|PMC20=64299.02|PMC21=65112.94|PMC22=65947.7|PMVG17=36252.72|PMVG18=36694.83|PMVG20=37612.21
CMED;20260508;medicamento;527322120023905;;;MERCK SHARP & DOHME FARMACEUTICA LTDA.;PRIVYMTRA;20 MG/ML SOL DIL INFUS IV CT FA VD TRANS X 12 ML;LETERMOVIR;7897572020078;1017102330018;90551338;527322120023905;;S;;1266.26;;;;;CMED_ICMS17;20260508;20;PF0=1051|PF12=1194.32|PF18=1281.71|PF19=1297.53|PF20=1313.75|PF21=1330.38|PF22=1347.44|PMVG17=993.63|PMVG18=1005.76|PMVG20=1030.9
CMED;20260508;medicamento;508017010115604;;;EUROFARMA LABORATORIOS S.A.;PROAZITAX;60MG SOL INJ IV CT FA VD TRANS X 1,5ML + DIL FA VD TRANS X 4,5ML;CABAZITAXEL;7891317190637;1004311980013;90359437;508017010115604;;S;;27058.52;;;;;CMED_ICMS17;20260508;20;PF0=22458.58|PF12=25521.12|PF18=27388.51|PF19=27726.64|PF20=28073.23|PF21=28428.59|PF22=28793.04|PMVG17=21232.82|PMVG18=21491.76|PMVG20=22029.06
CMED;20260508;medicamento;508020090135707;;;EUROFARMA LABORATORIOS S.A.;PROAZITAX;40MG SOL INJ IV CT FA VD TRANS X 1ML + DIL FA VD TRANS X 3ML;CABAZITAXEL;7891317009649;1004311980021;90479483;508020090135707;;S;;18038.98;;;;;CMED_ICMS17;20260508;20;PF0=14972.36|PF12=17014.05|PF18=18258.97|PF19=18484.4|PF20=18715.45|PF21=18952.36|PF22=19195.33|PMVG17=14155.19|PMVG18=14327.81|PMVG20=14686.01
CMED;20260508;medicamento;506419120037507;;;CIMED INDUSTRIA S.A;PROBENXIL;50 MG COM REV CT BL AL PLAS TRANS X 20;DICLOFENACO POTÁSSICO;7896523201641;1438102270013;90441990;506419120037507;;N;;8.57;11.81;;;;CMED_ICMS17;20260508;20;PF0=7.11|PF12=8.08|PF18=8.67|PF19=8.78|PF20=8.89|PF21=9|PF22=9.12|PMC0=9.8|PMC12=11.14|PMC18=11.95|PMC19=12.1|PMC20=12.25|PMC21=12.41|PMC22=12.57|PMVG17=6.72|PMVG18=6.8|PMVG20=6.98
CMED;20260508;medicamento;506420100042607;;;CIMED INDUSTRIA S.A;PROBENXIL;11,6 MG/G GEL TOP CT BG PLAS AL OPC X 60 G;DICLOFENACO DIETILAMÔNIO;7896523201627;1438100100080;90496370;506420100042607;;N;;16.61;22.28;;;;CMED_ICMS17;20260508;20;PF0=13.79|PF12=15.67|PF18=16.82|PF19=17.02|PF20=17.24|PF21=17.46|PF22=17.68|PMC0=18.5|PMC12=21.02|PMC18=22.56|PMC19=22.83|PMC20=23.13|PMC21=23.42|PMC22=23.72|PMVG17=13.03|PMVG18=13.2|PMVG20=13.53
CMED;20260508;medicamento;523704002117410;;;LIBBS FARMACÊUTICA LTDA;PROCIMAX;20 MG COM REV CT BL AL PLAS TRANS X 28;BROMIDRATO DE CITALOPRAM;7896094201538;1003301070032;90145291;523704002117410;;N;;76.72;105.75;;;;CMED_ICMS17;20260508;20;PF0=63.68|PF12=72.36|PF18=77.66|PF19=78.62|PF20=79.6|PF21=80.61|PF22=81.64|PMC0=87.78|PMC12=99.74|PMC18=107.05|PMC19=108.37|PMC20=109.72|PMC21=111.11|PMC22=112.53|PMVG17=60.2|PMVG18=60.94|PMVG20=62.46
CMED;20260508;medicamento;523704004111411;;;LIBBS FARMACÊUTICA LTDA;PROCIMAX;40 MG COM REV CT BL AL PLAS TRANS X 28;BROMIDRATO DE CITALOPRAM;7896094202719;1003301070067;90145321;523704004111411;;N;;147.14;202.82;;;;CMED_ICMS17;20260508;20;PF0=122.13|PF12=138.78|PF18=148.94|PF19=150.78|PF20=152.66|PF21=154.59|PF22=156.58|PMC0=168.34|PMC12=191.29|PMC18=205.3|PMC19=207.83|PMC20=210.43|PMC21=213.09|PMC22=215.83|PMVG17=115.46|PMVG18=116.87|PMVG20=119.79
CMED;20260508;medicamento;523704005116415;;;LIBBS FARMACÊUTICA LTDA;PROCIMAX;20 MG COM REV CT BL AL PLAS TRANS X 7;BROMIDRATO DE CITALOPRAM;7896094207783;1003301070016;90145305;523704005116415;;N;;35.76;49.29;;;;CMED_ICMS17;20260508;20;PF0=29.68|PF12=33.73|PF18=36.2|PF19=36.64|PF20=37.1|PF21=37.57|PF22=38.05|PMC0=40.91|PMC12=46.49|PMC18=49.9|PMC19=50.5|PMC20=51.14|PMC21=51.79|PMC22=52.45|PMVG17=28.06|PMVG18=28.41|PMVG20=29.11
CMED;20260508;medicamento;531302101111218;;;LABORATORIOS SERVIER DO BRASIL LTDA;PROCORALAN;5 MG COM REV CT BL AL PLAS INC X 28;CLORIDRATO DE IVABRADINA;7898029557116;1127800710030;90134257;531302101111218;;N;;72.02;96.61;;;;CMED_ICMS17;20260508;20;PF0=59.78|PF12=67.93|PF18=72.9|PF19=73.8|PF20=74.73|PF21=75.67|PF22=76.64|PMC0=80.19|PMC12=91.13|PMC18=97.79|PMC19=99|PMC20=100.25|PMC21=101.51|PMC22=102.81|PMVG17=56.51|PMVG18=57.2|PMVG20=58.64
CMED;20260508;medicamento;531302102118216;;;LABORATORIOS SERVIER DO BRASIL LTDA;PROCORALAN;5 MG COM REV CT BL AL PLAS INC X 56;CLORIDRATO DE IVABRADINA;7898029557123;1127800710057;90134265;531302102118216;;N;;143.67;192.73;;;;CMED_ICMS17;20260508;20;PF0=119.25|PF12=135.51|PF18=145.43|PF19=147.22|PF20=149.06|PF21=150.95|PF22=152.88|PMC0=159.97|PMC12=181.78|PMC18=195.09|PMC19=197.49|PMC20=199.96|PMC21=202.49|PMC22=205.08|PMVG17=112.74|PMVG18=114.12|PMVG20=116.97
CMED;20260508;medicamento;531302103114214;;;LABORATORIOS SERVIER DO BRASIL LTDA;PROCORALAN;7,5 MG COM REV CT BL AL PLAS INC X 56;CLORIDRATO DE IVABRADINA;7898029557154;1127800710111;90239245;531302103114214;;N;;161.3;216.38;;;;CMED_ICMS17;20260508;20;PF0=133.88|PF12=152.14|PF18=163.27|PF19=165.28|PF20=167.35|PF21=169.47|PF22=171.64|PMC0=179.6|PMC12=204.09|PMC18=219.02|PMC19=221.72|PMC20=224.49|PMC21=227.34|PMC22=230.25|PMVG17=126.57|PMVG18=128.12|PMVG20=131.32
CMED;20260508;medicamento;515120010011407;;;KLEY HERTZ FARMACEUTICA S.A;PROCTOCAPS;250 MG CAP DURA CT FR VD AMB X 20;AESCULUS HIPPOCASTANUM L.;7896331701371;1068900010041;90452445;515120010011407;;N;;29.12;39.06;;;;CMED_ICMS17;20260508;20;PF0=24.17|PF12=27.47|PF18=29.48|PF19=29.84|PF20=30.21|PF21=30.59|PF22=30.99|PMC0=32.42|PMC12=36.85|PMC18=39.55|PMC19=40.03|PMC20=40.53|PMC21=41.04|PMC22=41.57|PMVG17=22.85|PMVG18=23.13|PMVG20=23.71
CMED;20260508;medicamento;515125040014507;;;KLEY HERTZ FARMACEUTICA S.A;PROCTOCAPS;250 MG CAP DURA CT BL AL PLAS PVC/PE/PVDC TRANS X 20;AESCULUS HIPPOCASTANUM L.;7896331709193;1068900010058;90604458;515125040014507;;N;;29.12;39.06;;;;CMED_ICMS17;20260508;20;PF0=24.17|PF12=27.47|PF18=29.48|PF19=29.84|PF20=30.21|PF21=30.59|PF22=30.99|PMC0=32.42|PMC12=36.85|PMC18=39.55|PMC19=40.03|PMC20=40.53|PMC21=41.04|PMC22=41.57|PMVG17=22.85|PMVG18=23.13|PMVG20=23.71
CMED;20260508;medicamento;501102801169417;;;TAKEDA PHARMA LTDA.;PROCTYL;50 MG/G + 10 MG/G POM RET CT 10 BG AL X 3 G + 10 APLIC;"POLICRESULENO;CLORIDRATO DE CINCHOCAÍNA";7896641803642;1063901110071;90174623;501102801169417;;N;;81.39;109.18;;;;CMED_ICMS17;20260508;20;PF0=67.55|PF12=76.76|PF18=82.38|PF19=83.4|PF20=84.44|PF21=85.51|PF22=86.6|PMC0=90.62|PMC12=102.97|PMC18=110.51|PMC19=111.88|PMC20=113.27|PMC21=114.71|PMC22=116.17|PMVG17=63.87|PMVG18=64.64|PMVG20=66.26
CMED;20260508;medicamento;501102802165415;;;TAKEDA PHARMA LTDA.;PROCTYL;50 MG/G + 10 MG/G POM RET CT BG AL X 30 G + 10 APLIC;"POLICRESULENO;CLORIDRATO DE CINCHOCAÍNA";7896641801792;1063901110039;90174631;501102802165415;;N;;81.39;109.18;;;;CMED_ICMS17;20260508;20;PF0=67.55|PF12=76.76|PF18=82.38|PF19=83.4|PF20=84.44|PF21=85.51|PF22=86.6|PMC0=90.62|PMC12=102.97|PMC18=110.51|PMC19=111.88|PMC20=113.27|PMC21=114.71|PMC22=116.17|PMVG17=63.87|PMVG18=64.64|PMVG20=66.26
CMED;20260508;medicamento;501102804141416;;;TAKEDA PHARMA LTDA.;PROCTYL;100 MG + 27 MG SUP RET CT STR X 15;"POLICRESULENO;CLORIDRATO DE CINCHOCAÍNA";7896641805905;1063901110111;90174607;501102804141416;;N;;87.37;117.2;;;;CMED_ICMS17;20260508;20;PF0=72.52|PF12=82.41|PF18=88.44|PF19=89.53|PF20=90.65|PF21=91.8|PF22=92.97|PMC0=97.28|PMC12=110.55|PMC18=118.64|PMC19=120.1|PMC20=121.6|PMC21=123.15|PMC22=124.72|PMVG17=68.56|PMVG18=69.4|PMVG20=71.13
CMED;20260508;medicamento;501102805164411;;;TAKEDA PHARMA LTDA.;PROCTYL;50 MG/G + 10 MG/G POM RET CT 5 BG AL X 3 G + 5 APLIC;"POLICRESULENO;CLORIDRATO DE CINCHOCAÍNA";7896641805004;1063901110055;90174615;501102805164411;;N;;29.72;39.87;;;;CMED_ICMS17;20260508;20;PF0=24.67|PF12=28.03|PF18=30.09|PF19=30.46|PF20=30.84|PF21=31.23|PF22=31.63|PMC0=33.09|PMC12=37.6|PMC18=40.36|PMC19=40.86|PMC20=41.37|PMC21=41.89|PMC22=42.43|PMVG17=23.32|PMVG18=23.61|PMVG20=24.2
CMED;20260508;medicamento;501102806144315;;;TAKEDA PHARMA LTDA.;PROCTYL;100 MG + 27 MG SUP RET CT STR X 5;"POLICRESULENO;CLORIDRATO DE CINCHOCAÍNA";7896641808784;1063901110047;90216865;501102806144315;;N;;21.29;28.56;;;;CMED_ICMS17;20260508;20;PF0=17.67|PF12=20.08|PF18=21.55|PF19=21.81|PF20=22.09|PF21=22.37|PF22=22.65|PMC0=23.7|PMC12=26.94|PMC18=28.91|PMC19=29.26|PMC20=29.63|PMC21=30.01|PMC22=30.38|PMVG17=16.71|PMVG18=16.91|PMVG20=17.33
CMED;20260508;medicamento;594721010000102;;;EMPRESA DE TESTE LTDA. (VS01);PRODUTO TESTE 21.08;12,5 MG COM CT BL AL PLAS X 10;CAPTOPRIL;1321231312313;1672500100013;90493656;594721010000102;;N;;;;;;;CMED_ICMS17;20260508;20;PF0=40.49|PMC0=55.81
CMED;20260508;medicamento;594722070000207;;;EMPRESA DE TESTE LTDA. (VS01);PRODUTO TESTE 21.08;25 MG COM CT BL AL PLAS X 10 - 02;CAPTOPRIL;7374747474747;1672500100021;90541448;594722070000207;;S;;27.99;;;;;CMED_ICMS17;20260508;20;PF0=23.23|PF12=26.4|PF18=28.33|PF19=28.68|PF20=29.04|PF21=29.41|PF22=29.78|PMVG17=21.96|PMVG18=22.23|PMVG20=22.79
CMED;20260508;medicamento;517725040006104;;;LABORATÓRIO GROSS S. A.;PRODYGO;150 MG COM LIB PROL CT BL AL PLAS PVC PVDC TRANS X 4;CETOPROFENO;7892828001955;1044400220031;90604920;517725040006104;;N;;16.93;23.34;;;;CMED_ICMS17;20260508;20;PF0=14.05|PF12=15.97|PF18=17.13|PF19=17.35|PF20=17.56|PF21=17.78|PF22=18.01|PMC0=19.37|PMC12=22.01|PMC18=23.61|PMC19=23.92|PMC20=24.2|PMC21=24.51|PMC22=24.82|PMVG17=13.28|PMVG18=13.44|PMVG20=13.78
CMED;20260508;medicamento;517725040006204;;;LABORATÓRIO GROSS S. A.;PRODYGO;150 MG COM LIB PROL CT BL AL PLAS PVC PVDC TRANS X 10;CETOPROFENO;7892828001962;1044400220048;90604938;517725040006204;;N;;42.3;58.31;;;;CMED_ICMS17;20260508;20;PF0=35.11|PF12=39.9|PF18=42.82|PF19=43.35|PF20=43.89|PF21=44.44|PF22=45.01|PMC0=48.4|PMC12=55|PMC18=59.02|PMC19=59.75|PMC20=60.5|PMC21=61.26|PMC22=62.04|PMVG17=33.19|PMVG18=33.6|PMVG20=34.44
CMED;20260508;medicamento;508021080141904;;;EUROFARMA LABORATORIOS S.A.;PROEXTY;25 MG COM REV CT BL AL PLAS PVC/PVDC OPC X 30;EXEMESTANO;7891317010096;1004313360020;90512464;508021080141904;;N;;1128.55;1555.59;;;;CMED_ICMS17;20260508;20;PF0=936.7|PF12=1064.43|PF18=1142.32|PF19=1156.42|PF20=1170.88|PF21=1185.7|PF22=1200.9|PMC0=1291.14|PMC12=1467.21|PMC18=1574.57|PMC19=1594|PMC20=1613.94|PMC21=1634.36|PMC22=1655.32|PMVG17=885.57|PMVG18=896.38|PMVG20=918.79
CMED;20260508;medicamento;576720050065517;;;SANOFI MEDLEY FARMACÊUTICA LTDA.;PROFENID;150 MG COM LIB PROL CT BL AL PLAS TRANS X 10;CETOPROFENO;7896070601772;1832603600098;90466390;576720050065517;;N;;64.02;88.24;;;;CMED_ICMS17;20260508;20;PF0=53.14|PF12=60.39|PF18=64.8|PF19=65.6|PF20=66.43|PF21=67.27|PF22=68.13|PMC0=73.25|PMC12=83.24|PMC18=89.32|PMC19=90.42|PMC20=91.57|PMC21=92.72|PMC22=93.91|PMVG17=50.24|PMVG18=50.85|PMVG20=52.13
CMED;20260508;medicamento;576720050065917;;;SANOFI MEDLEY FARMACÊUTICA LTDA.;PROFENID;100 MG COM REV LIB RETARD CT BL AL PLAS TRANS X 20;CETOPROFENO;7896070601765;1832603600020;90466357;576720050065917;;N;;63.65;87.73;;;;CMED_ICMS17;20260508;20;PF0=52.83|PF12=60.03|PF18=64.43|PF19=65.22|PF20=66.04|PF21=66.87|PF22=67.73|PMC0=72.82|PMC12=82.75|PMC18=88.81|PMC19=89.9|PMC20=91.03|PMC21=92.17|PMC22=93.36|PMVG17=49.95|PMVG18=50.56|PMVG20=51.82
CMED;20260508;medicamento;576720050066117;;;SANOFI MEDLEY FARMACÊUTICA LTDA.;PROFENID;50 MG/ML SOL INJ IM CX 6 AMP VD AMB X 2 ML;CETOPROFENO;7896070601871;1832603600055;90466349;576720050066117;;N;;31.48;43.39;;;;CMED_ICMS17;20260508;20;PF0=26.13|PF12=29.69|PF18=31.87|PF19=32.26|PF20=32.66|PF21=33.08|PF22=33.5|PMC0=36.02|PMC12=40.92|PMC18=43.93|PMC19=44.47|PMC20=45.02|PMC21=45.6|PMC22=46.18|PMVG17=24.7|PMVG18=25.01|PMVG20=25.63
CMED;20260508;medicamento;576720050066217;;;SANOFI MEDLEY FARMACÊUTICA LTDA.;PROFENID;50 MG CAP DURA CT BL AL PLAS TRANS X 24;CETOPROFENO;7896070601703;1832603600012;90466446;576720050066217;;N;;52.49;72.35;;;;CMED_ICMS17;20260508;20;PF0=43.57|PF12=49.51|PF18=53.13|PF19=53.79|PF20=54.46|PF21=55.15|PF22=55.86|PMC0=60.06|PMC12=68.24|PMC18=73.23|PMC19=74.14|PMC20=75.07|PMC21=76.02|PMC22=77|PMVG17=41.19|PMVG18=41.69|PMVG20=42.73
CMED;20260508;medicamento;576720050066617;;;SANOFI MEDLEY FARMACÊUTICA LTDA.;PROFENID;200 MG COM REV LIB RETARD CT BL AL/AL X 10;CETOPROFENO;7896070601796;1832603600144;90466420;576720050066617;;N;;52.87;72.88;;;;CMED_ICMS17;20260508;20;PF0=43.88|PF12=49.86|PF18=53.51|PF19=54.17|PF20=54.85|PF21=55.54|PF22=56.26|PMC0=60.48|PMC12=68.73|PMC18=73.76|PMC19=74.67|PMC20=75.61|PMC21=76.56|PMC22=77.55|PMVG17=41.49|PMVG18=41.99|PMVG20=43.04
CMED;20260508;medicamento;576720050066717;;;SANOFI MEDLEY FARMACÊUTICA LTDA.;PROFENID;100 MG SUP RETAL CT STR AL/AL X 10;CETOPROFENO;7896070601710;1832603600101;90466322;576720050066717;;N;;38.02;52.41;;;;CMED_ICMS17;20260508;20;PF0=31.56|PF12=35.86|PF18=38.49|PF19=38.96|PF20=39.45|PF21=39.95|PF22=40.46|PMC0=43.5|PMC12=49.43|PMC18=53.05|PMC19=53.7|PMC20=54.38|PMC21=55.07|PMC22=55.77|PMVG17=29.83|PMVG18=30.2|PMVG20=30.96
CMED;20260508;medicamento;576721070095503;;;SANOFI MEDLEY FARMACÊUTICA LTDA.;PROFENID;20 MG/ML SOL OR CT FR CGT VD AMB X 20 ML;CETOPROFENO;7891058002008;1832603600063;90517024;576721070095503;;N;;34.19;47.13;;;;CMED_ICMS17;20260508;20;PF0=28.38|PF12=32.25|PF18=34.61|PF19=35.04|PF20=35.48|PF21=35.92|PF22=36.38|PMC0=39.12|PMC12=44.45|PMC18=47.71|PMC19=48.3|PMC20=48.91|PMC21=49.51|PMC22=50.15|PMVG17=26.83|PMVG18=27.16|PMVG20=27.84
CMED;20260508;medicamento;576720040063517;;;SANOFI MEDLEY FARMACÊUTICA LTDA.;PROFENID PROTECT;200 MG + 20 MG CAP DURA LIB PROL CT FR PLAS OPC BRANCO X 10;"CETOPROFENO;OMEPRAZOL";7891058011499;1832603610018;90445961;576720040063517;;N;;60.93;81.74;;;;CMED_ICMS17;20260508;20;PF0=50.57|PF12=57.47|PF18=61.67|PF19=62.43|PF20=63.21|PF21=64.01|PF22=64.83|PMC0=67.84|PMC12=77.09|PMC18=82.73|PMC19=83.75|PMC20=84.79|PMC21=85.87|PMC22=86.97|PMVG17=47.81|PMVG18=48.39|PMVG20=49.6
CMED;20260508;medicamento;520717501112411;;;LABORATORIO TEUTO BRASILEIRO S/A;PROFERGAN;25 MG COM REV CT BL AL PLAS TRANS X 20;CLORIDRATO DE PROMETAZINA;7896112148685;1037003210027;90139240;520717501112411;;N;;9.81;13.16;;;;CMED_ICMS17;20260508;20;PF0=8.14|PF12=9.25|PF18=9.93|PF19=10.05|PF20=10.18|PF21=10.3|PF22=10.44|PMC0=10.92|PMC12=12.41|PMC18=13.32|PMC19=13.48|PMC20=13.66|PMC21=13.82|PMC22=14|PMVG17=7.7|PMVG18=7.79|PMVG20=7.99
CMED;20260508;medicamento;520718020109203;;;LABORATORIO TEUTO BRASILEIRO S/A;PROFERGAN;20 MG/G CREM DERM CT BG AL REV EPOXI-FENOLICO OURO X 30 G;PROMETAZINA;7896112180616;1037003210167;90404203;520718020109203;;N;;19.57;26.25;;;;CMED_ICMS17;20260508;20;PF0=16.24|PF12=18.45|PF18=19.8|PF19=20.05|PF20=20.3|PF21=20.56|PF22=20.82|PMC0=21.79|PMC12=24.75|PMC18=26.56|PMC19=26.9|PMC20=27.23|PMC21=27.58|PMC22=27.93|PMVG17=15.36|PMVG18=15.54|PMVG20=15.93
CMED;20260508;medicamento;508011302116319;;;EUROFARMA LABORATORIOS S.A.;PROFLAM;100 MG COM REV CT BL AL/AL X 12;ACECLOFENACO;7891317411923;1004308170030;90070569;508011302116319;;N;;61.02;84.11;;;;CMED_ICMS17;20260508;20;PF0=50.65|PF12=57.56|PF18=61.77|PF19=62.53|PF20=63.31|PF21=64.11|PF22=64.94|PMC0=69.82|PMC12=79.34|PMC18=85.14|PMC19=86.19|PMC20=87.27|PMC21=88.37|PMC22=89.51|PMVG17=47.88|PMVG18=48.47|PMVG20=49.68
CMED;20260508;medicamento;508011303163310;;;EUROFARMA LABORATORIOS S.A.;PROFLAM;15 MG/G CREM CT TB AL X 30 G;ACECLOFENACO;7891317412661;1004308170014;90070550;508011303163310;;N;;40.81;54.75;;;;CMED_ICMS17;20260508;20;PF0=33.87|PF12=38.49|PF18=41.3|PF19=41.81|PF20=42.34|PF21=42.87|PF22=43.42|PMC0=45.44|PMC12=51.63|PMC18=55.4|PMC19=56.09|PMC20=56.8|PMC21=57.51|PMC22=58.25|PMVG17=32.02|PMVG18=32.41|PMVG20=33.22
CMED;20260508;medicamento;508011305115313;;;EUROFARMA LABORATORIOS S.A.;PROFLAM;100 MG COM REV CT BL AL / AL X 6;ACECLOFENACO;7891317440312;1004308170091;90070577;508011305115313;;N;;29.39;40.51;;;;CMED_ICMS17;20260508;20;PF0=24.39|PF12=27.72|PF18=29.74|PF19=30.11|PF20=30.49|PF21=30.87|PF22=31.27|PMC0=33.62|PMC12=38.21|PMC18=40.99|PMC19=41.5|PMC20=42.03|PMC21=42.55|PMC22=43.1|PMVG17=23.06|PMVG18=23.34|PMVG20=23.93
CMED;20260508;medicamento;531626804118417;;;EMS SIGMA PHARMA LTDA;PROFLOX;500 MG COM REV CT BL AL PLAS PVDC OPC X 10;CLORIDRATO DE CIPROFLOXACINO MONOIDRATADO;7894916502320;1356906270073;90240278;531626804118417;;N;;56.36;77.69;;;;CMED_ICMS17;20260508;20;PF0=46.78|PF12=53.16|PF18=57.05|PF19=57.75|PF20=58.48|PF21=59.22|PF22=59.97|PMC0=64.48|PMC12=73.28|PMC18=78.64|PMC19=79.6|PMC20=80.61|PMC21=81.63|PMC22=82.66
CMED;20260508;medicamento;531626805114415;;;EMS SIGMA PHARMA LTDA;PROFLOX;500 MG COM REV CT BL AL PLAS PVDC OPC X 14;CLORIDRATO DE CIPROFLOXACINO MONOIDRATADO;7894916501927;1356906270057;90240286;531626805114415;;N;;64.45;88.84;;;;CMED_ICMS17;20260508;20;PF0=53.49|PF12=60.78|PF18=65.23|PF19=66.04|PF20=66.86|PF21=67.71|PF22=68.58|PMC0=73.73|PMC12=83.78|PMC18=89.91|PMC19=91.03|PMC20=92.16|PMC21=93.33|PMC22=94.53
CMED;20260508;medicamento;504421070068003;;;BLAU FARMACEUTICA S.A.;PROFOLEN;10 MG/ML EMU INJ/INFUS IV CT 5 AMP VD TRANS X 20 ML;PROPOFOL;7896014682003;1163700460047;90032225;504421070068003;;S;;167.81;;;;;CMED_ICMS17;20260508;20;PF0=139.28|PF12=158.27|PF18=169.85|PF19=171.95|PF20=174.1|PF21=176.3|PF22=178.56|PMVG17=131.68|PMVG18=133.28|PMVG20=136.62
CMED;20260508;medicamento;504421070068103;;;BLAU FARMACEUTICA S.A.;PROFOLEN;10 MG/ML EMU INJ/INFUS IV CT 50 AMP VD TRANS X 20 ML;PROPOFOL;7896014682010;1163700460055;90515234;504421070068103;;S;;1678.1;;;;;CMED_ICMS17;20260508;20;PF0=1392.82|PF12=1582.75|PF18=1698.56|PF19=1719.53|PF20=1741.03|PF21=1763.06|PF22=1785.67|PMVG17=1316.81|PMVG18=1332.86|PMVG20=1366.19
CMED;20260508;medicamento;540315030002817;;;ASTELLAS FARMA BRASIL IMPORTAÇÃO E DISTRIBUIÇÃO DE MEDICAMENTOS LTDA.;PROGRAF;5 MG/ML SOL INJ CT 10 AMP VD TRANS X 1 ML;TACROLIMO MONOIDRATADO;7899337000837;1771700070051;90327497;540315030002817;;N;;7076.54;9754.27;;;;CMED_ICMS17;20260508;20;PF0=5873.53|PF12=6674.47|PF18=7162.84|PF19=7251.27|PF20=7341.91|PF21=7434.85|PF22=7530.17|PMC0=8096.05|PMC12=9200.06|PMC18=9873.23|PMC19=9995.12|PMC20=10120.06|PMC21=10248.17|PMC22=10379.56|PMVG17=5552.96|PMVG18=5620.68|PMVG20=5761.2
CMED;20260508;medicamento;540315030002917;;;ASTELLAS FARMA BRASIL IMPORTAÇÃO E DISTRIBUIÇÃO DE MEDICAMENTOS LTDA.;PROGRAF;1MG CAP DURA CT ENV AL BL AL PLAS TRANS X100;TACROLIMO MONOIDRATADO;7899337000714;1771700070019;90327500;540315030002917;;N;;1439.69;1984.46;;;;CMED_ICMS17;20260508;20;PF0=1194.94|PF12=1357.89|PF18=1457.24|PF19=1475.23|PF20=1493.68|PF21=1512.58|PF22=1531.97|PMC0=1647.1|PMC12=1871.71|PMC18=2008.65|PMC19=2033.45|PMC20=2058.88|PMC21=2084.93|PMC22=2111.66
CMED;20260508;medicamento;540315030003017;;;ASTELLAS FARMA BRASIL IMPORTAÇÃO E DISTRIBUIÇÃO DE MEDICAMENTOS LTDA.;PROGRAF;5MG CAP DURA CT ENV AL BL AL PLAS TRANS X 50;TACROLIMO MONOIDRATADO;7899337000721;1771700070027;90327519;540315030003017;;N;;3599.28;4961.23;;;;CMED_ICMS17;20260508;20;PF0=2987.4|PF12=3394.77|PF18=3643.17|PF19=3688.15|PF20=3734.25|PF21=3781.52|PF22=3830|PMC0=4117.82|PMC12=4679.34|PMC18=5021.73|PMC19=5083.73|PMC20=5147.27|PMC21=5212.43|PMC22=5279.26
CMED;20260508;medicamento;540315030003117;;;ASTELLAS FARMA BRASIL IMPORTAÇÃO E DISTRIBUIÇÃO DE MEDICAMENTOS LTDA.;PROGRAF;1MG CAP DURA LIB PROL CT ENV AL BL AL PLAS TRANS X 50;TACROLIMO MONOIDRATADO;7899337000752;1771700070035;90327527;540315030003117;;N;;719.82;992.2;;;;CMED_ICMS17;20260508;20;PF0=597.45|PF12=678.92|PF18=728.6|PF19=737.59|PF20=746.81|PF21=756.27|PF22=765.96|PMC0=823.52|PMC12=935.82|PMC18=1004.3|PMC19=1016.69|PMC20=1029.4|PMC21=1042.44|PMC22=1055.8
CMED;20260508;medicamento;540315030003217;;;ASTELLAS FARMA BRASIL IMPORTAÇÃO E DISTRIBUIÇÃO DE MEDICAMENTOS LTDA.;PROGRAF;5MG CAP DURA LIB PROL CT ENV AL BL AL PLAS TRANS X 50;TACROLIMO MONOIDRATADO;7899337000769;1771700070043;90327535;540315030003217;;N;;3599.28;4961.23;;;;CMED_ICMS17;20260508;20;PF0=2987.4|PF12=3394.77|PF18=3643.17|PF19=3688.15|PF20=3734.25|PF21=3781.52|PF22=3830|PMC0=4117.82|PMC12=4679.34|PMC18=5021.73|PMC19=5083.73|PMC20=5147.27|PMC21=5212.43|PMC22=5279.26
CMED;20260508;medicamento;540700201158419;;;BRACCO IMAGING DO BRASIL IMPORTAÇÃO E DISTRIBUIÇÃO DE MEDICAMENTOS LTDA;PROHANCE;279,3 MG/ML SOL INJ IV CT FA VD TRANS X 50 ML;GADOTERIDOL;8032953580591;1803700020031;90247680;540700201158419;;N;;542.12;747.26;;;;CMED_ICMS17;20260508;20;PF0=449.96|PF12=511.32|PF18=548.73|PF19=555.51|PF20=562.45|PF21=569.57|PF22=576.87|PMC0=620.22|PMC12=704.8|PMC18=756.37|PMC19=765.71|PMC20=775.28|PMC21=785.09|PMC22=795.16|PMVG17=425.4|PMVG18=430.59|PMVG20=441.35
CMED;20260508;medicamento;540700202154417;;;BRACCO IMAGING DO BRASIL IMPORTAÇÃO E DISTRIBUIÇÃO DE MEDICAMENTOS LTDA;PROHANCE;279,3 MG/ML SOL INJ IV CT FA VD TRANS X 10 ML;GADOTERIDOL;8032953580577;1803700020013;90247698;540700202154417;;N;;125.6;173.13;;;;CMED_ICMS17;20260508;20;PF0=104.25|PF12=118.47|PF18=127.13|PF19=128.7|PF20=130.31|PF21=131.96|PF22=133.65|PMC0=143.7|PMC12=163.3|PMC18=175.24|PMC19=177.4|PMC20=179.62|PMC21=181.89|PMC22=184.22|PMVG17=98.56|PMVG18=99.76|PMVG20=102.25
CMED;20260508;medicamento;540700203150415;;;BRACCO IMAGING DO BRASIL IMPORTAÇÃO E DISTRIBUIÇÃO DE MEDICAMENTOS LTDA;PROHANCE;279,3 MG/ML SOL INJ IV CT FA VD TRANS X 15 ML;GADOTERIDOL;8032953580584;1803700020021;90247701;540700203150415;;N;;187.76;258.81;;;;CMED_ICMS17;20260508;20;PF0=155.84|PF12=177.09|PF18=190.05|PF19=192.4|PF20=194.8|PF21=197.27|PF22=199.79|PMC0=214.81|PMC12=244.1|PMC18=261.96|PMC19=265.2|PMC20=268.51|PMC21=271.92|PMC22=275.39|PMVG17=147.34|PMVG18=149.13|PMVG20=152.86
CMED;20260508;medicamento;520922050014205;;;LABORATORIOS B. BRAUN S/A;PROINFLAC;4 MG/ML SOL INFUS IV CX 20 FA PLAS PEBD TRANS SIST FECH X 100ML;IBUPROFENO;4030539196482;1008501490028;90535910;520922050014205;;S;;261.94;;;;;CMED_ICMS17;20260508;20;PF0=217.41|PF12=247.06|PF18=265.13|PF19=268.41|PF20=271.76|PF21=275.2|PF22=278.73|PMVG17=205.54|PMVG18=208.05|PMVG20=213.25
CMED;20260508;medicamento;520922050014305;;;LABORATORIOS B. BRAUN S/A;PROINFLAC;6 MG/ML SOL INFUS IV CX 10 FA PLAS PEBD TRANS SIST FECH X 100ML;IBUPROFENO;4030539196543;1008501490036;90535928;520922050014305;;S;;180.11;;;;;CMED_ICMS17;20260508;20;PF0=149.49|PF12=169.88|PF18=182.3|PF19=184.56|PF20=186.86|PF21=189.23|PF22=191.65|PMVG17=141.33|PMVG18=143.05|PMVG20=146.63
CMED;20260508;medicamento;520922050014405;;;LABORATORIOS B. BRAUN S/A;PROINFLAC;6 MG/ML SOL INFUS IV CX 20 FA PLAS PEBD TRANS SIST FECH X 100ML;IBUPROFENO;4030539196529;1008501490044;90535936;520922050014405;;S;;360.24;;;;;CMED_ICMS17;20260508;20;PF0=299|PF12=339.77|PF18=364.63|PF19=369.14|PF20=373.75|PF21=378.48|PF22=383.33|PMVG17=282.68|PMVG18=286.12|PMVG20=293.28
CMED;20260508;medicamento;520922050014505;;;LABORATORIOS B. BRAUN S/A;PROINFLAC;4 MG/ML SOL INFUS IV CX 10 FA PLAS PEBD TRANS SIST FECH X 100ML;IBUPROFENO;4030539196505;1008501490011;90535944;520922050014505;;S;;130.96;;;;;CMED_ICMS17;20260508;20;PF0=108.7|PF12=123.52|PF18=132.56|PF19=134.2|PF20=135.88|PF21=137.59|PF22=139.36|PMVG17=102.76|PMVG18=104.02|PMVG20=106.63
CMED;20260508;medicamento;510918100005307;;;GRIFOLS BRASIL LTDA;PROLASTIN-C;1G PÓ LIOF INJ IV CX FA VD TRANS + DIL X 20 ML;ALFA1ANTITRIPSINA;0313533001728;1364100150013;90402529;510918100005307;;S;;2224.99;;;;;CMED_ICMS17;20260508;20;PF0=1846.74|PF12=2098.57|PF18=2252.12|PF19=2279.93|PF20=2308.43|PF21=2337.65|PF22=2367.61|PMVG17=1745.95|PMVG18=1767.24|PMVG20=1811.43
CMED;20260508;medicamento;510926010006807;;;GRIFOLS BRASIL LTDA;PROLASTIN-C;50 MG/ML SOL INJ IV CX FA VD TRANS X 20 ML;ALFA1ANTITRIPSINA;0313533007546;1364100150031;;510926010006807;;S;;2224.99;;;;;CMED_ICMS17;20260508;20;PF0=1846.74|PF12=2098.57|PF18=2252.12|PF19=2279.93|PF20=2308.43|PF21=2337.65|PF22=2367.61|PMVG17=1745.95|PMVG18=1767.24|PMVG20=1811.43
CMED;20260508;medicamento;510926010006907;;;GRIFOLS BRASIL LTDA;PROLASTIN-C;50 MG/ML SOL INJ IV CX FA VD TRANS X 80 ML;ALFA1ANTITRIPSINA;0313533007553;1364100150048;;510926010006907;;S;;8899.95;;;;;CMED_ICMS17;20260508;20;PF0=7386.96|PF12=8394.28|PF18=9008.49|PF19=9119.7|PF20=9233.7|PF21=9350.58|PF22=9470.46|PMVG17=6983.79|PMVG18=7068.96|PMVG20=7245.68
CMED;20260508;medicamento;546715120109603;;;SANOFI MEDLEY FARMACÊUTICA LTDA.;PROLEPTOL;75 MG CAP DURA CT BL AL PLAS PVC/PVDC TRANS X 30;PREGABALINA;7896422501439;1832600880030;90346467;546715120109603;;N;;82.08;113.14;;;;CMED_ICMS17;20260508;20;PF0=68.13|PF12=77.42|PF18=83.09|PF19=84.11|PF20=85.16|PF21=86.24|PF22=87.35|PMC0=93.91|PMC12=106.72|PMC18=114.53|PMC19=115.94|PMC20=117.38|PMC21=118.87|PMC22=120.4|PMVG17=64.41|PMVG18=65.2|PMVG20=66.82
CMED;20260508;medicamento;546715120109703;;;SANOFI MEDLEY FARMACÊUTICA LTDA.;PROLEPTOL;150 MG CAP DURA CT BL AL PLAS PVC/PVDC TRANS X 30;PREGABALINA;7896422501569;1832600880103;90346475;546715120109703;;N;;142.58;196.53;;;;CMED_ICMS17;20260508;20;PF0=118.34|PF12=134.48|PF18=144.32|PF19=146.1|PF20=147.93|PF21=149.8|PF22=151.72|PMC0=163.12|PMC12=185.37|PMC18=198.93|PMC19=201.38|PMC20=203.91|PMC21=206.48|PMC22=209.13|PMVG17=111.88|PMVG18=113.25|PMVG20=116.08
CMED;20260508;medicamento;544116090003517;;;AMGEN BIOTECNOLOGIA DO BRASIL LTDA.;PROLIA;60 MG/ML SOL INJ CT SER PREENC VD TRANS X 1 ML;DENOSUMABE;7898609960565;1024400130011;90438744;544116090003517;;N;;;;;;;CMED_ICMS17;20260508;20;PF0=854.14|PMC0=1177.34
CMED;20260508;medicamento;529204101115311;;;PRODUTOS ROCHE QUÍMICOS E FARMACÊUTICOS S.A.;PROLOPA;(100 + 25) MG COM SUS CT FR VD AMB X 30;"CLORIDRATO DE BENSERAZIDA;LEVODOPA";7896226503721;1010000640126;90184866;529204101115311;;N;;71.36;98.36;;;;CMED_ICMS17;20260508;20;PF0=59.23|PF12=67.31|PF18=72.23|PF19=73.12|PF20=74.04|PF21=74.97|PF22=75.94|PMC0=81.64|PMC12=92.78|PMC18=99.56|PMC19=100.79|PMC20=102.06|PMC21=103.34|PMC22=104.68
CMED;20260508;medicamento;529204102111318;;;PRODUTOS ROCHE QUÍMICOS E FARMACÊUTICOS S.A.;PROLOPA;(200 + 50) MG COM CT FR VD AMB X 30;"CLORIDRATO DE BENSERAZIDA;LEVODOPA";7896226500515;1010000640066;90184874;529204102111318;;N;;96.1;132.46;;;;CMED_ICMS17;20260508;20;PF0=79.76|PF12=90.64|PF18=97.27|PF19=98.47|PF20=99.7|PF21=100.96|PF22=102.26|PMC0=109.94|PMC12=124.94|PMC18=134.08|PMC19=135.73|PMC20=137.43|PMC21=139.16|PMC22=140.95
CMED;20260508;medicamento;529204103118316;;;PRODUTOS ROCHE QUÍMICOS E FARMACÊUTICOS S.A.;PROLOPA;(100 + 25) MG CAP DURA LIB PROL CT FR VD AMB X 30;"CLORIDRATO DE BENSERAZIDA;LEVODOPA";7896226500362;1010000640071;90184858;529204103118316;;N;;71.36;98.36;;;;CMED_ICMS17;20260508;20;PF0=59.23|PF12=67.31|PF18=72.23|PF19=73.12|PF20=74.04|PF21=74.97|PF22=75.94|PMC0=81.64|PMC12=92.78|PMC18=99.56|PMC19=100.79|PMC20=102.06|PMC21=103.34|PMC22=104.68
CMED;20260508;medicamento;529212090024203;;;PRODUTOS ROCHE QUÍMICOS E FARMACÊUTICOS S.A.;PROLOPA;(100 + 25) MG COM CT FR VD AMB X 30;"CLORIDRATO DE BENSERAZIDA;LEVODOPA";7896226506371;1010000640142;90253701;529212090024203;;N;;48.07;66.26;;;;CMED_ICMS17;20260508;20;PF0=39.9|PF12=45.34|PF18=48.66|PF19=49.26|PF20=49.88|PF21=50.51|PF22=51.15|PMC0=55|PMC12=62.5|PMC18=67.07|PMC19=67.9|PMC20=68.75|PMC21=69.62|PMC22=70.5
CMED;20260508;medicamento;529212090024303;;;PRODUTOS ROCHE QUÍMICOS E FARMACÊUTICOS S.A.;PROLOPA;(100 + 25) MG COM CT FR VD AMB X 60;"CLORIDRATO DE BENSERAZIDA;LEVODOPA";7896226506388;1010000640150;90253710;529212090024303;;N;;96.1;132.46;;;;CMED_ICMS17;20260508;20;PF0=79.76|PF12=90.64|PF18=97.27|PF19=98.47|PF20=99.7|PF21=100.96|PF22=102.26|PMC0=109.94|PMC12=124.94|PMC18=134.08|PMC19=135.73|PMC20=137.43|PMC21=139.16|PMC22=140.95
CMED;20260508;medicamento;529214080025905;;;PRODUTOS ROCHE QUÍMICOS E FARMACÊUTICOS S.A.;PROLOPA;(200 + 50) MG COM LIB MOD CT FR VD AMB X 30;"CLORIDRATO DE BENSERAZIDA;LEVODOPA";7896226506463;1010000640177;90321774;529214080025905;;N;;97.83;134.85;;;;CMED_ICMS17;20260508;20;PF0=81.2|PF12=92.27|PF18=99.02|PF19=100.25|PF20=101.5|PF21=102.78|PF22=104.1|PMC0=111.93|PMC12=127.18|PMC18=136.49|PMC19=138.18|PMC20=139.91|PMC21=141.67|PMC22=143.49
CMED;20260508;medicamento;619224110001605;;;BESINS HEALTHCARE BRASIL COMERCIAL E DISTRIBUIDORA DE MEDICAMENTOS LTDA;PROLUTEX;25 MG SOL INJ SC CX FA VD TRANS;PROGESTERONA;7898948648919;1875900140011;90601157;619224110001605;;N;;31.53;43.46;;;;CMED_ICMS17;20260508;20;PF0=26.17|PF12=29.74|PF18=31.91|PF19=32.31|PF20=32.71|PF21=33.13|PF22=33.55|PMC0=36.07|PMC12=40.99|PMC18=43.98|PMC19=44.54|PMC20=45.09|PMC21=45.67|PMC22=46.25|PMVG17=24.74|PMVG18=25.04|PMVG20=25.67
CMED;20260508;medicamento;619224110001705;;;BESINS HEALTHCARE BRASIL COMERCIAL E DISTRIBUIDORA DE MEDICAMENTOS LTDA;PROLUTEX;25 MG SOL INJ SC CX 7 FA VD TRANS;PROGESTERONA;7898948648926;1875900140028;90601165;619224110001705;;N;;220.81;304.36;;;;CMED_ICMS17;20260508;20;PF0=183.27|PF12=208.26|PF18=223.5|PF19=226.26|PF20=229.09|PF21=231.99|PF22=234.96|PMC0=252.62|PMC12=287.06|PMC18=308.07|PMC19=311.88|PMC20=315.78|PMC21=319.77|PMC22=323.87|PMVG17=173.27|PMVG18=175.38|PMVG20=179.77
CMED;20260508;medicamento;619224110001805;;;BESINS HEALTHCARE BRASIL COMERCIAL E DISTRIBUIDORA DE MEDICAMENTOS LTDA;PROLUTEX;25 MG SOL INJ SC CX 14 FA VD TRANS;PROGESTERONA;7898948648933;1875900140036;90601173;619224110001805;;N;;441.63;608.74;;;;CMED_ICMS17;20260508;20;PF0=366.55|PF12=416.53|PF18=447.01|PF19=452.53|PF20=458.19|PF21=463.99|PF22=469.94|PMC0=505.25|PMC12=574.14|PMC18=616.16|PMC19=623.77|PMC20=631.57|PMC21=639.56|PMC22=647.76|PMVG17=346.55|PMVG18=350.77|PMVG20=359.54
CMED;20260508;medicamento;509019120022307;;;FARMOQUÍMICA S/A;PROMENSIL;100MG COM REV CT BL AL PLAS PVC/PVDC TRANS X 30;TRIFOLIUM PRATENSE L.;7898040322564;1039001790022;90457544;509019120022307;;N;;123.71;165.95;;;;CMED_ICMS17;20260508;20;PF0=102.68|PF12=116.68|PF18=125.22|PF19=126.77|PF20=128.35|PF21=129.97|PF22=131.64|PMC0=137.74|PMC12=156.52|PMC18=167.98|PMC19=170.06|PMC20=172.18|PMC21=174.35|PMC22=176.59|PMVG17=97.08|PMVG18=98.26|PMVG20=100.72
CMED;20260508;medicamento;503405401163416;;;BELFAR LTDA;PROMERGAN;20 MG/G CREM DERM CT BG AL X 30 G;CLORIDRATO DE PROMETAZINA;7897917001342;1057101100018;90023196;503405401163416;;N;;19.64;26.35;;;;CMED_ICMS17;20260508;20;PF0=16.3|PF12=18.52|PF18=19.88|PF19=20.12|PF20=20.38|PF21=20.63|PF22=20.9|PMC0=21.87|PMC12=24.84|PMC18=26.67|PMC19=26.99|PMC20=27.34|PMC21=27.67|PMC22=28.04|PMVG17=15.41|PMVG18=15.6|PMVG20=15.99
CMED;20260508;medicamento;508013120101306;;;EUROFARMA LABORATORIOS S.A.;PROMESTRIENO;10 MG/G CREM VAG CT BG AL X 30 G + 20 APLIC;PROMESTRIENO;7891317490003;1004311400017;90336054;508013120101306;S;N;;58.82;81.08;;;;CMED_ICMS17;20260508;20;PF0=48.82|PF12=55.48|PF18=59.54|PF19=60.27|PF20=61.03|PF21=61.8|PF22=62.59|PMC0=67.29|PMC12=76.47|PMC18=82.07|PMC19=83.08|PMC20=84.12|PMC21=85.18|PMC22=86.27|PMVG17=46.16|PMVG18=46.72|PMVG20=47.89
CMED;20260508;medicamento;511622040046917;;;HIPOLABOR FARMACEUTICA LTDA;PROMETAZOL;25 MG/ML SOL INJ CX 100 AMP VD AMB X 2 ML;CLORIDRATO DE PROMETAZINA;7898470685376;1134302020061;90534700;511622040046917;;S;;418.2;;;;;CMED_ICMS17;20260508;20;PF0=347.11|PF12=394.44|PF18=423.3|PF19=428.53|PF20=433.89|PF21=439.38|PF22=445.01|PMVG17=328.16|PMVG18=332.16|PMVG20=340.47
CMED;20260508;medicamento;542614030000704;;;SUPERA FARMA LABORATÓRIOS S.A;PROMIM;10 MG/G CREM VAG CT BG AL X 30 G + 20 APLIC;PROMESTRIENO;7899420501791;1037202570015;90345215;542614030000704;;N;;90.52;124.77;;;;CMED_ICMS17;20260508;20;PF0=75.13|PF12=85.38|PF18=91.62|PF19=92.75|PF20=93.91|PF21=95.1|PF22=96.32|PMC0=103.56|PMC12=117.69|PMC18=126.29|PMC19=127.85|PMC20=129.45|PMC21=131.09|PMC22=132.77|PMVG17=71.03|PMVG18=71.89|PMVG20=73.69
CMED;20260508;medicamento;506717090072304;;;CRISTÁLIA PRODUTOS QUÍMICOS FARMACÊUTICOS LTDA.;PROMPT;10 MG COM REV CT STR AL X 20;HEMITARTARATO DE ZOLPIDEM;7896676432053;1029804550011;90376536;506717090072304;;N;;76.87;105.96;;;;CMED_ICMS17;20260508;20;PF0=63.8|PF12=72.5|PF18=77.8|PF19=78.77|PF20=79.75|PF21=80.76|PF22=81.79|PMC0=87.94|PMC12=99.93|PMC18=107.24|PMC19=108.58|PMC20=109.93|PMC21=111.32|PMC22=112.74|PMVG17=60.32|PMVG18=61.05|PMVG20=62.58
CMED;20260508;medicamento;507301303117412;;;DIFFUCAP - CHEMOBRÁS QUÍMICA E FARMACÊUTICA LTDA;PRONAZOL;150 MG CAP DURA CT BL AL PLAS TRANS X 2;FLUCONAZOL;7898096577062;1043000130086;90050584;507301303117412;;N;;47.84;65.94;;;;CMED_ICMS17;20260508;20;PF0=39.71|PF12=45.13|PF18=48.43|PF19=49.02|PF20=49.64|PF21=50.27|PF22=50.91|PMC0=54.74|PMC12=62.21|PMC18=66.76|PMC19=67.57|PMC20=68.42|PMC21=69.29|PMC22=70.17|PMVG17=37.54|PMVG18=38|PMVG20=38.95
CMED;20260508;medicamento;507301304113410;;;DIFFUCAP - CHEMOBRÁS QUÍMICA E FARMACÊUTICA LTDA;PRONAZOL;150MG CAP DURA CT BL AL PLAS TRANS X 4;FLUCONAZOL;7898096577352;1043000130094;90050576;507301304113410;;N;;93.25;128.54;;;;CMED_ICMS17;20260508;20;PF0=77.4|PF12=87.95|PF18=94.39|PF19=95.56|PF20=96.75|PF21=97.97|PF22=99.23|PMC0=106.69|PMC12=121.23|PMC18=130.11|PMC19=131.72|PMC20=133.36|PMC21=135.04|PMC22=136.78|PMVG17=73.17|PMVG18=74.07|PMVG20=75.92
CMED;20260508;medicamento;507326040009503;;;DIFFUCAP - CHEMOBRÁS QUÍMICA E FARMACÊUTICA LTDA;PRONAZOL;150 MG CAP DURA CT BL AL PLAS TRANS X 1;FLUCONAZOL;7898096578809;1043000130078;;507326040009503;;N;;17.42;24.01;;;;CMED_ICMS17;20260508;20;PF0=14.46|PF12=16.43|PF18=17.63|PF19=17.85|PF20=18.08|PF21=18.3|PF22=18.54|PMC0=19.93|PMC12=22.65|PMC18=24.3|PMC19=24.6|PMC20=24.92|PMC21=25.22|PMC22=25.56|PMVG17=13.67|PMVG18=13.83|PMVG20=14.19
CMED;20260508;medicamento;507326040009603;;;DIFFUCAP - CHEMOBRÁS QUÍMICA E FARMACÊUTICA LTDA;PRONAZOL;150 MG CAP GEL CT BL AL PLAS TRANS X 10;FLUCONAZOL;7898096578816;1043000130035;;507326040009603;;N;;230.49;317.71;;;;CMED_ICMS17;20260508;20;PF0=191.31|PF12=217.4|PF18=233.3|PF19=236.19|PF20=239.14|PF21=242.16|PF22=245.27|PMC0=263.7|PMC12=299.66|PMC18=321.58|PMC19=325.56|PMC20=329.63|PMC21=333.79|PMC22=338.08|PMVG17=180.87|PMVG18=183.07|PMVG20=187.65
CMED;20260508;medicamento;520921080013704;;;LABORATORIOS B. BRAUN S/A;PRONTOMID;1,0 MG/ML SOL INFUS IV/IM CX 10 ENVOL FA PLAS PEBD TRANS SIST FECH X 100 ML;MIDAZOLAM;4030539211826;1008501500041;90518381;520921080013704;;S;;1628.51;;;;;CMED_ICMS17;20260508;20;PF0=1351.66|PF12=1535.98|PF18=1648.37|PF19=1668.72|PF20=1689.58|PF21=1710.96|PF22=1732.9|PMVG17=1277.89|PMVG18=1293.48|PMVG20=1325.81
CMED;20260508;medicamento;517605501110410;;;LABORATORIO GLOBO SA;PROPALOL;40MG COM CT BL AL PLAS LAR X 40;CLORIDRATO DE PROPRANOLOL;7898060131290;1053502000011;90403754;517605501110410;;N;;10.05;13.85;;;;CMED_ICMS17;20260508;20;PF0=8.34|PF12=9.48|PF18=10.17|PF19=10.3|PF20=10.43|PF21=10.56|PF22=10.69|PMC0=11.5|PMC12=13.07|PMC18=14.02|PMC19=14.2|PMC20=14.38|PMC21=14.56|PMC22=14.74|PMVG17=7.89|PMVG18=7.98|PMVG20=8.19
CMED;20260508;medicamento;533019401114413;;;UNIÃO QUÍMICA FARMACÊUTICA NACIONAL S/A;PROPARK;2 MG COM CT BL AL PLAS PVC/PVDC TRANS X 75;CLORIDRATO DE BIPERIDENO;7896006253693;1049701900014;90261313;533019401114413;;N;;27.04;37.27;;;;CMED_ICMS17;20260508;20;PF0=22.44|PF12=25.5|PF18=27.37|PF19=27.7|PF20=28.05|PF21=28.41|PF22=28.77|PMC0=30.93|PMC12=35.15|PMC18=37.73|PMC19=38.18|PMC20=38.66|PMC21=39.16|PMC22=39.66|PMVG17=21.22|PMVG18=21.48|PMVG20=22.01
CMED;20260508;medicamento;521401401175312;;;LABORATÓRIOS FERRING LTDA;PROPESS;10 MG OVL CT ENV AL PLAS PE X 1;DINOPROSTONA;7896165600284;1287600130014;90128761;521401401175312;;S;;313.59;;;;;CMED_ICMS17;20260508;20;PF0=260.28|PF12=295.77|PF18=317.41|PF19=321.33|PF20=325.35|PF21=329.47|PF22=333.69|PMVG17=246.07|PMVG18=249.07|PMVG20=255.3
CMED;20260508;medicamento;504104701115415;;;BIOLAB SANUS FARMACEUTICA LTDA;PROPILRACIL;100 MG COM CT BL AL PLAS TRANS X 30;PROPILTIOURACILA;7896241279908;1097400130015;90028457;504104701115415;;N;;24.94;34.38;;;;CMED_ICMS17;20260508;20;PF0=20.7|PF12=23.52|PF18=25.24|PF19=25.56|PF20=25.88|PF21=26.2|PF22=26.54|PMC0=28.53|PMC12=32.42|PMC18=34.79|PMC19=35.23|PMC20=35.67|PMC21=36.11|PMC22=36.58|PMVG17=19.57|PMVG18=19.8|PMVG20=20.31
CMED;20260508;medicamento;504617100066417;;;BRAINFARMA INDÚSTRIA QUÍMICA E FARMACÊUTICA S.A;PROPIONATO DE CLOBETASOL;0,50 MG/G CREM DERM CT BG AL X 30 G;PROPIONATO DE CLOBETASOL;7896714209852;1558401540048;90375424;504617100066417;S;N;;20.52;28.28;;;;CMED_ICMS17;20260508;20;PF0=17.03|PF12=19.35|PF18=20.77|PF19=21.02|PF20=21.29|PF21=21.56|PF22=21.83|PMC0=23.47|PMC12=26.67|PMC18=28.63|PMC19=28.97|PMC20=29.35|PMC21=29.72|PMC22=30.09|PMVG17=16.1|PMVG18=16.3|PMVG20=16.71
CMED;20260508;medicamento;504617100066517;;;BRAINFARMA INDÚSTRIA QUÍMICA E FARMACÊUTICA S.A;PROPIONATO DE CLOBETASOL;0,50 MG/G POM DERM CT BG AL X 30 G;PROPIONATO DE CLOBETASOL;7896714207018;1558401990043;90375432;504617100066517;S;N;;20.82;28.7;;;;CMED_ICMS17;20260508;20;PF0=17.28|PF12=19.64|PF18=21.07|PF19=21.33|PF20=21.6|PF21=21.87|PF22=22.15|PMC0=23.82|PMC12=27.07|PMC18=29.04|PMC19=29.4|PMC20=29.77|PMC21=30.15|PMC22=30.53|PMVG17=16.34|PMVG18=16.53|PMVG20=16.95
CMED;20260508;medicamento;507728601175116;;;EMS S/A;PROPIONATO DE CLOBETASOL;0,5 MG/G CREM DERM CT BG AL X 30 G;PROPIONATO DE CLOBETASOL;7896004712413;1023507270023;90059107;507728601175116;S;N;;25.49;35.14;;;;CMED_ICMS17;20260508;20;PF0=21.16|PF12=24.05|PF18=25.8|PF19=26.12|PF20=26.45|PF21=26.78|PF22=27.13|PMC0=29.17|PMC12=33.15|PMC18=35.56|PMC19=36|PMC20=36.46|PMC21=36.91|PMC22=37.4|PMVG17=20|PMVG18=20.24|PMVG20=20.76
CMED;20260508;medicamento;507728602163111;;;EMS S/A;PROPIONATO DE CLOBETASOL;0,5 MG/G POM DERM CT BG AL X 30G;PROPIONATO DE CLOBETASOL;7896004712437;1023507290024;90059115;507728602163111;S;N;;26.14;36.03;;;;CMED_ICMS17;20260508;20;PF0=21.7|PF12=24.66|PF18=26.46|PF19=26.79|PF20=27.13|PF21=27.47|PF22=27.82|PMC0=29.91|PMC12=33.99|PMC18=36.47|PMC19=36.93|PMC20=37.4|PMC21=37.86|PMC22=38.35|PMVG17=20.51|PMVG18=20.76|PMVG20=21.29
CMED;20260508;medicamento;517610401161117;;;LABORATORIO GLOBO SA;PROPIONATO DE CLOBETASOL;0,5 MG/G CREM DERM CT BG AL X 30 G;PROPIONATO DE CLOBETASOL;7898060132747;1053501670013;90114159;517610401161117;S;N;;16.02;22.08;;;;CMED_ICMS17;20260508;20;PF0=13.3|PF12=15.11|PF18=16.22|PF19=16.42|PF20=16.63|PF21=16.84|PF22=17.05|PMC0=18.33|PMC12=20.83|PMC18=22.36|PMC19=22.63|PMC20=22.92|PMC21=23.21|PMC22=23.5|PMVG17=12.57|PMVG18=12.73|PMVG20=13.05
CMED;20260508;medicamento;520725802169111;;;LABORATORIO TEUTO BRASILEIRO S/A;PROPIONATO DE CLOBETASOL;0,5 MG/G CREM DERM CT BG AL X 30 G;PROPIONATO DE CLOBETASOL;7896112113584;1037004590011;90139259;520725802169111;S;N;;21.22;29.25;;;;CMED_ICMS17;20260508;20;PF0=17.61|PF12=20.01|PF18=21.48|PF19=21.74|PF20=22.01|PF21=22.29|PF22=22.58|PMC0=24.27|PMC12=27.58|PMC18=29.61|PMC19=29.97|PMC20=30.34|PMC21=30.72|PMC22=31.12|PMVG17=16.65|PMVG18=16.86|PMVG20=17.27
CMED;20260508;medicamento;525010701165113;;;SANOFI MEDLEY FARMACÊUTICA LTDA.;PROPIONATO DE CLOBETASOL;0,5 MG/G CREM DERM CT BG AL X 30 G;PROPIONATO DE CLOBETASOL;7896422505369;1832600040016;90368630;525010701165113;S;N;;17.07;23.53;;;;CMED_ICMS17;20260508;20;PF0=14.17|PF12=16.1|PF18=17.28|PF19=17.49|PF20=17.71|PF21=17.94|PF22=18.17|PMC0=19.53|PMC12=22.19|PMC18=23.82|PMC19=24.11|PMC20=24.41|PMC21=24.73|PMC22=25.05|PMVG17=13.39|PMVG18=13.56|PMVG20=13.9
CMED;20260508;medicamento;525912060016506;;;MULTILAB INDUSTRIA E COMERCIO DE PRODUTOS FARMACEUTICOS LTDA;PROPIONATO DE CLOBETASOL;0,5 MG/G SOL CAPI CT FR PLAS OPC X 50 G;PROPIONATO DE CLOBETASOL;7896472511273;1181900940016;90235185;525912060016506;S;N;;25.93;35.74;;;;CMED_ICMS17;20260508;20;PF0=21.52|PF12=24.45|PF18=26.24|PF19=26.57|PF20=26.9|PF21=27.24|PF22=27.59|PMC0=29.66|PMC12=33.7|PMC18=36.17|PMC19=36.62|PMC20=37.08|PMC21=37.55|PMC22=38.03|PMVG17=20.35|PMVG18=20.59|PMVG20=21.11
CMED;20260508;medicamento;525921110067806;;;MULTILAB INDUSTRIA E COMERCIO DE PRODUTOS FARMACEUTICOS LTDA;PROPIONATO DE CLOBETASOL;0,5 MG/G CREM DERM CT BG AL X 15 G;PROPIONATO DE CLOBETASOL;7895296449090;1181902210015;90525566;525921110067806;S;N;;10.28;14.17;;;;CMED_ICMS17;20260508;20;PF0=8.53|PF12=9.69|PF18=10.4|PF19=10.53|PF20=10.66|PF21=10.8|PF22=10.94|PMC0=11.76|PMC12=13.36|PMC18=14.34|PMC19=14.51|PMC20=14.69|PMC21=14.89|PMC22=15.08|PMVG17=8.07|PMVG18=8.16|PMVG20=8.36
CMED;20260508;medicamento;525921120068007;;;MULTILAB INDUSTRIA E COMERCIO DE PRODUTOS FARMACEUTICOS LTDA;PROPIONATO DE CLOBETASOL;0,5 MG/G CREM DERM CT BG AL X 30 G;PROPIONATO DE CLOBETASOL;7896472507047;1181902210023;90525574;525921120068007;S;N;;20.59;28.38;;;;CMED_ICMS17;20260508;20;PF0=17.09|PF12=19.42|PF18=20.84|PF19=21.1|PF20=21.36|PF21=21.63|PF22=21.91|PMC0=23.56|PMC12=26.77|PMC18=28.73|PMC19=29.08|PMC20=29.44|PMC21=29.81|PMC22=30.2
CMED;20260508;medicamento;526117801165114;;;GERMED FARMACEUTICA LTDA;PROPIONATO DE CLOBETASOL;0,5 MG/G CREM DERM CT BG AL X 30 G;PROPIONATO DE CLOBETASOL;7896004712420;1058303970021;90086724;526117801165114;S;N;;20.48;28.23;;;;CMED_ICMS17;20260508;20;PF0=17|PF12=19.32|PF18=20.73|PF19=20.99|PF20=21.25|PF21=21.52|PF22=21.79|PMC0=23.43|PMC12=26.63|PMC18=28.57|PMC19=28.93|PMC20=29.29|PMC21=29.66|PMC22=30.04|PMVG17=16.07|PMVG18=16.27|PMVG20=16.67
CMED;20260508;medicamento;526117802161112;;;GERMED FARMACEUTICA LTDA;PROPIONATO DE CLOBETASOL;0,5 MG/G POM DERM CT BG AL X 30 G;PROPIONATO DE CLOBETASOL;7896004712406;1058304020025;90086732;526117802161112;S;N;;20.48;28.23;;;;CMED_ICMS17;20260508;20;PF0=17|PF12=19.32|PF18=20.73|PF19=20.99|PF20=21.25|PF21=21.52|PF22=21.79|PMC0=23.43|PMC12=26.63|PMC18=28.57|PMC19=28.93|PMC20=29.29|PMC21=29.66|PMC22=30.04|PMVG17=16.07|PMVG18=16.27|PMVG20=16.67
CMED;20260508;medicamento;528513090123806;;;PRATI DONADUZZI & CIA LTDA;PROPIONATO DE CLOBETASOL;0,5 MG/G SOL CAP CT FR PLAS OPC GOT X 50 G;PROPIONATO DE CLOBETASOL;7899547520408;1256802410034;90275080;528513090123806;S;N;;37.82;52.13;;;;CMED_ICMS17;20260508;20;PF0=31.39|PF12=35.67|PF18=38.28|PF19=38.75|PF20=39.24|PF21=39.73|PF22=40.24|PMC0=43.27|PMC12=49.17|PMC18=52.76|PMC19=53.41|PMC20=54.09|PMC21=54.76|PMC22=55.47|PMVG17=29.68|PMVG18=30.04|PMVG20=30.79
CMED;20260508;medicamento;607024060110317;;;MULTILAB INDUSTRIA E COMERCIO DE PRODUTOS FARMACEUTICOS LTDA;PROPIONATO DE CLOBETASOL;0,5 MG/G CREM DERM CT BG AL X 30 G;PROPIONATO DE CLOBETASOL;7895296210324;1181904120021;90587529;607024060110317;S;N;;20.59;28.38;;;;CMED_ICMS17;20260508;20;PF0=17.09|PF12=19.42|PF18=20.84|PF19=21.1|PF20=21.36|PF21=21.63|PF22=21.91|PMC0=23.56|PMC12=26.77|PMC18=28.73|PMC19=29.08|PMC20=29.44|PMC21=29.81|PMC22=30.2
CMED;20260508;medicamento;607024060110517;;;MULTILAB INDUSTRIA E COMERCIO DE PRODUTOS FARMACEUTICOS LTDA;PROPIONATO DE CLOBETASOL;0,5 MG/G POM CT BG AL X 30 G;PROPIONATO DE CLOBETASOL;7895296210423;1181904130027;90587537;607024060110517;S;N;;19.7;27.15;;;;CMED_ICMS17;20260508;20;PF0=16.35|PF12=18.58|PF18=19.94|PF19=20.19|PF20=20.44|PF21=20.7|PF22=20.96|PMC0=22.54|PMC12=25.61|PMC18=27.49|PMC19=27.83|PMC20=28.17|PMC21=28.53|PMC22=28.89|PMVG17=15.46|PMVG18=15.65|PMVG20=16.04
CMED;20260508;medicamento;520725801162111;;;LABORATORIO TEUTO BRASILEIRO S/A;PROPIONATO DE CLOBETASOL 0,5MG/G;0,5 MG/G POM DERM CT BG AL X 30 G;PROPIONATO DE CLOBETASOL;7896112114062;1037004760047;90139267;520725801162111;S;N;;21.81;30.06;;;;CMED_ICMS17;20260508;20;PF0=18.1|PF12=20.57|PF18=22.07|PF19=22.35|PF20=22.63|PF21=22.91|PF22=23.21|PMC0=24.95|PMC12=28.35|PMC18=30.42|PMC19=30.81|PMC20=31.19|PMC21=31.58|PMC22=31.99|PMVG17=17.11|PMVG18=17.32|PMVG20=17.76
CMED;20260508;medicamento;504617030055617;;;BRAINFARMA INDÚSTRIA QUÍMICA E FARMACÊUTICA S.A;PROPIOSOL;0,5 MG/G POM DERM CT BG AL X 30 G;PROPIONATO DE CLOBETASOL;7896714230245;1558403430071;90374355;504617030055617;;N;;30.95;42.66;;;;CMED_ICMS17;20260508;20;PF0=25.69|PF12=29.19|PF18=31.33|PF19=31.72|PF20=32.11|PF21=32.52|PF22=32.94|PMC0=35.41|PMC12=40.24|PMC18=43.19|PMC19=43.72|PMC20=44.26|PMC21=44.83|PMC22=45.4|PMVG17=24.29|PMVG18=24.58|PMVG20=25.2
CMED;20260508;medicamento;504617030055717;;;BRAINFARMA INDÚSTRIA QUÍMICA E FARMACÊUTICA S.A;PROPIOSOL;0,5 MG/G CREM DERM CT BG AL X 30 G;PROPIONATO DE CLOBETASOL;7896714230238;1558403430053;90374363;504617030055717;;N;;29.7;40.94;;;;CMED_ICMS17;20260508;20;PF0=24.65|PF12=28.01|PF18=30.06|PF19=30.43|PF20=30.81|PF21=31.2|PF22=31.6|PMC0=33.98|PMC12=38.61|PMC18=41.43|PMC19=41.94|PMC20=42.47|PMC21=43.01|PMC22=43.56|PMVG17=23.31|PMVG18=23.59|PMVG20=24.18
CMED;20260508;medicamento;504625030100007;;;BRAINFARMA INDÚSTRIA QUÍMICA E FARMACÊUTICA S.A;PROPIOSOL;0,50 MG/G POM DERM CT BG AL X 30 G;PROPIONATO DE CLOBETASOL;7896714295695;1558406850045;90607180;504625030100007;;N;;30.95;42.66;;;;CMED_ICMS17;20260508;20;PF0=25.69|PF12=29.19|PF18=31.33|PF19=31.72|PF20=32.11|PF21=32.52|PF22=32.94|PMC0=35.41|PMC12=40.24|PMC18=43.19|PMC19=43.72|PMC20=44.26|PMC21=44.83|PMC22=45.4|PMVG17=24.29|PMVG18=24.58|PMVG20=25.2
CMED;20260508;medicamento;504625030100107;;;BRAINFARMA INDÚSTRIA QUÍMICA E FARMACÊUTICA S.A;PROPIOSOL;0,50 MG/G CREM DERM CT BG AL X 30 G;PROPIONATO DE CLOBETASOL;7896714295701;1558406870046;90607198;504625030100107;;N;;29.7;40.94;;;;CMED_ICMS17;20260508;20;PF0=24.65|PF12=28.01|PF18=30.06|PF19=30.43|PF20=30.81|PF21=31.2|PF22=31.6|PMC0=33.98|PMC12=38.61|PMC18=41.43|PMC19=41.94|PMC20=42.47|PMC21=43.01|PMC22=43.56
CMED;20260508;medicamento;504417060063306;;;BLAU FARMACEUTICA S.A.;PROPOFOL;10 MG/ML EMU INJ/INFUS IV CT 5 AMP VD TRANS X 20 ML;PROPOFOL;7896014682065;1163701440015;90373715;504417060063306;S;S;;167.81;;;;;CMED_ICMS17;20260508;20;PF0=139.28|PF12=158.27|PF18=169.85|PF19=171.95|PF20=174.1|PF21=176.3|PF22=178.56|PMVG17=131.68|PMVG18=133.28|PMVG20=136.62
CMED;20260508;medicamento;509518120033406;;;FRESENIUS KABI BRASIL LTDA;PROPOFOL;10 MG/ML EMU INJ CX 5 AMP VD TRANS X 20 ML;PROPOFOL;7899498607937;1004101600011;90400402;509518120033406;S;S;;167.73;;;;;CMED_ICMS17;20260508;20;PF0=139.22|PF12=158.2|PF18=169.78|PF19=171.88|PF20=174.03|PF21=176.23|PF22=178.49|PMVG17=131.62|PMVG18=133.23|PMVG20=136.56
CMED;20260508;medicamento;509518120033506;;;FRESENIUS KABI BRASIL LTDA;PROPOFOL;10 MG/ML EMU INJ CX 10 FA VD TRANS X 50 ML;PROPOFOL;7899498607951;1004101600052;90400410;509518120033506;S;S;;983.89;;;;;CMED_ICMS17;20260508;20;PF0=816.63|PF12=927.99|PF18=995.89|PF19=1008.19|PF20=1020.79|PF21=1033.71|PF22=1046.96|PMVG17=772.06|PMVG18=781.47|PMVG20=801.01
CMED;20260508;medicamento;509518120033606;;;FRESENIUS KABI BRASIL LTDA;PROPOFOL;10 MG/ML EMU INJ CX 10 FA VD TRANS X 100 ML;PROPOFOL;7899498607968;1004101600060;90400429;509518120033606;S;S;;2127.19;;;;;CMED_ICMS17;20260508;20;PF0=1765.57|PF12=2006.33|PF18=2153.13|PF19=2179.72|PF20=2206.96|PF21=2234.9|PF22=2263.55|PMVG17=1669.21|PMVG18=1689.56|PMVG20=1731.8
CMED;20260508;medicamento;509518120033706;;;FRESENIUS KABI BRASIL LTDA;PROPOFOL;20 MG/ML EMU INJ CX 10 FA VD TRANS X 50 ML;PROPOFOL;7899498607982;1004101600087;90400437;509518120033706;S;S;;1952.95;;;;;CMED_ICMS17;20260508;20;PF0=1620.95|PF12=1841.99|PF18=1976.77|PF19=2001.17|PF20=2026.19|PF21=2051.84|PF22=2078.14|PMVG17=1532.48|PMVG18=1551.17|PMVG20=1589.95
CMED;20260508;medicamento;509520110027907;;;FRESENIUS KABI BRASIL LTDA;PROPOFOL;10 MG/ML EMU INJ CX 10 FA VD TRANS X 20 ML;PROPOFOL;7899498607944;1004101600044;90502540;509520110027907;S;S;;384.82;;;;;CMED_ICMS17;20260508;20;PF0=319.4|PF12=362.95|PF18=389.51|PF19=394.32|PF20=399.25|PF21=404.3|PF22=409.49|PMVG17=301.97|PMVG18=305.65|PMVG20=313.29
CMED;20260508;medicamento;520721050113506;;;LABORATORIO TEUTO BRASILEIRO S/A;PROPOFOL;10 MG/ML EMU INJ IV CT 5 FA VD TRANS X 20 ML;PROPOFOL;7896112105312;1037007540013;90511387;520721050113506;S;S;;224.48;;;;;CMED_ICMS17;20260508;20;PF0=186.32|PF12=211.73|PF18=227.22|PF19=230.02|PF20=232.9|PF21=235.85|PF22=238.87|PMVG17=176.15|PMVG18=178.3|PMVG20=182.76
CMED;20260508;medicamento;520721050113706;;;LABORATORIO TEUTO BRASILEIRO S/A;PROPOFOL;10 MG/ML EMU INJ IV CT FA VD TRANS X 50 ML;PROPOFOL;7896112105329;1037007540021;90511395;520721050113706;S;S;;162.83;;;;;CMED_ICMS17;20260508;20;PF0=135.15|PF12=153.58|PF18=164.82|PF19=166.85|PF20=168.94|PF21=171.08|PF22=173.27|PMVG17=127.77|PMVG18=129.33|PMVG20=132.57
CMED;20260508;medicamento;569921040002206;;;CAMBER FARMACEUTICA LTDA;PROPOFOL;10 MG/ML EMU INJ/DIL INFUS IV CT FA VD TRANS X 20 ML;PROPOFOL;7908101200257;1650700110011;90511433;569921040002206;S;S;;31.43;;;;;CMED_ICMS17;20260508;20;PF0=26.09|PF12=29.65|PF18=31.82|PF19=32.21|PF20=32.61|PF21=33.03|PF22=33.45|PMVG17=24.66|PMVG18=24.97|PMVG20=25.59
CMED;20260508;medicamento;569921040002306;;;CAMBER FARMACEUTICA LTDA;PROPOFOL;10 MG/ML EMU INJ/DIL INFUS IV CT 5 FA VD TRANS X 20 ML;PROPOFOL;7908101200264;1650700110021;90511441;569921040002306;S;S;;157.17;;;;;CMED_ICMS17;20260508;20;PF0=130.45|PF12=148.24|PF18=159.09|PF19=161.05|PF20=163.06|PF21=165.13|PF22=167.24|PMVG17=123.33|PMVG18=124.84|PMVG20=127.95
CMED;20260508;medicamento;569921040002406;;;CAMBER FARMACEUTICA LTDA;PROPOFOL;10 MG/ML EMU INJ/DIL INFUS IV CT 10 FA VD TRANS X 20 ML;PROPOFOL;7908101200271;1650700110038;90511450;569921040002406;S;S;;314.28;;;;;CMED_ICMS17;20260508;20;PF0=260.85|PF12=296.42|PF18=318.11|PF19=322.04|PF20=326.06|PF21=330.19|PF22=334.42|PMVG17=246.62|PMVG18=249.62|PMVG20=255.86
CMED;20260508;medicamento;569518040000014;;;MIDFARMA PRODUTOS FARMACEUTICOS LTDA;PROPOTIL;10 MG/ML EMU INJ IV CT 5 AMP VD TRANS X 20 ML;PROPOFOL;7898651660086;1370400010017;90423623;569518040000014;;S;;154.61;;;;;CMED_ICMS17;20260508;20;PF0=128.33|PF12=145.83|PF18=156.5|PF19=158.43|PF20=160.41|PF21=162.44|PF22=164.53|PMVG17=121.32|PMVG18=122.81|PMVG20=125.87
CMED;20260508;medicamento;506713102153415;;;CRISTÁLIA PRODUTOS QUÍMICOS FARMACÊUTICOS LTDA.;PROPOVAN;10 MG/ML EMU INJ CX 5 AMP VD TRANS X 10 ML;PROPOFOL;7896676405866;1029801340059;90047729;506713102153415;;S;;190.55;;;;;CMED_ICMS17;20260508;20;PF0=158.16|PF12=179.73|PF18=192.88|PF19=195.26|PF20=197.7|PF21=200.2|PF22=202.77|PMVG17=149.52|PMVG18=151.35|PMVG20=155.14
CMED;20260508;medicamento;506713105152411;;;CRISTÁLIA PRODUTOS QUÍMICOS FARMACÊUTICOS LTDA.;PROPOVAN;10 MG/ML EMU INJ CX 5 FA VD TRANS X 20 ML;PROPOFOL;7896676411157;1029801340083;90047745;506713105152411;;S;;342.18;;;;;CMED_ICMS17;20260508;20;PF0=284.01|PF12=322.74|PF18=346.35|PF19=350.63|PF20=355.01|PF21=359.51|PF22=364.12|PMVG17=268.51|PMVG18=271.78|PMVG20=278.58
CMED;20260508;medicamento;506715010055603;;;CRISTÁLIA PRODUTOS QUÍMICOS FARMACÊUTICOS LTDA.;PROPOVAN;10 MG/ML EMU INJ CX 10 AMP VD TRANS X 10 ML;PROPOFOL;7896676425963;1029801340113;90302370;506715010055603;;S;;345.34;;;;;CMED_ICMS17;20260508;20;PF0=286.63|PF12=325.72|PF18=349.55|PF19=353.86|PF20=358.29|PF21=362.82|PF22=367.47|PMVG17=270.99|PMVG18=274.29|PMVG20=281.15
CMED;20260508;medicamento;506715090059203;;;CRISTÁLIA PRODUTOS QUÍMICOS FARMACÊUTICOS LTDA.;PROPOVAN;10 MG/ML EMU INJ CX 10 FA VD TRANS X 20 ML;PROPOFOL;7896676425956;1029801340121;90302737;506715090059203;;S;;592.1;;;;;CMED_ICMS17;20260508;20;PF0=491.44|PF12=558.45|PF18=599.32|PF19=606.72|PF20=614.3|PF21=622.08|PF22=630.05|PMVG17=464.62|PMVG18=470.29|PMVG20=482.04
CMED;20260508;medicamento;506723120100003;;;CRISTÁLIA PRODUTOS QUÍMICOS FARMACÊUTICOS LTDA.;PROPOVAN;10 MG/ML EMU INJ CT FA VD TRANS X 50 ML;PROPOFOL;7896676410051;1029801340131;90574648;506723120100003;;S;;160.34;;;;;CMED_ICMS17;20260508;20;PF0=133.08|PF12=151.23|PF18=162.29|PF19=164.3|PF20=166.35|PF21=168.46|PF22=170.62|PMVG17=125.82|PMVG18=127.35|PMVG20=130.53
CMED;20260508;medicamento;531603201115311;;;EMS SIGMA PHARMA LTDA;PROPRANOLOL;10 MG COM CT BL AL PLAS TRANS X 30;CLORIDRATO DE PROPRANOLOL;7894916550048;1356907100015;90434064;531603201115311;;N;;8.12;11.19;;;;CMED_ICMS17;20260508;20;PF0=6.74|PF12=7.66|PF18=8.22|PF19=8.32|PF20=8.43|PF21=8.53|PF22=8.64|PMC0=9.29|PMC12=10.56|PMC18=11.33|PMC19=11.47|PMC20=11.62|PMC21=11.76|PMC22=11.91|PMVG17=6.37|PMVG18=6.45|PMVG20=6.62
CMED;20260508;medicamento;531603203118316;;;EMS SIGMA PHARMA LTDA;PROPRANOLOL;40 MG COM CT BL AL PLAS TRANS X 30;CLORIDRATO DE PROPRANOLOL;7894916550055;1356907100041;90434072;531603203118316;;N;;12.98;17.89;;;;CMED_ICMS17;20260508;20;PF0=10.77|PF12=12.24|PF18=13.13|PF19=13.3|PF20=13.46|PF21=13.63|PF22=13.81|PMC0=14.85|PMC12=16.87|PMC18=18.1|PMC19=18.33|PMC20=18.55|PMC21=18.79|PMC22=19.04|PMVG17=10.19|PMVG18=10.3|PMVG20=10.56
CMED;20260508;medicamento;531603204114314;;;EMS SIGMA PHARMA LTDA;PROPRANOLOL;80 MG COM CT BL AL PLAS TRANS X 30;CLORIDRATO DE PROPRANOLOL;7894916550062;1356907100074;90434080;531603204114314;;N;;21.06;29.03;;;;CMED_ICMS17;20260508;20;PF0=17.48|PF12=19.86|PF18=21.32|PF19=21.58|PF20=21.85|PF21=22.13|PF22=22.41|PMC0=24.09|PMC12=27.37|PMC18=29.39|PMC19=29.75|PMC20=30.12|PMC21=30.5|PMC22=30.89|PMVG17=16.53|PMVG18=16.73|PMVG20=17.15
CMED;20260508;medicamento;522123020007303;;;LABORATÓRIOS OSÓRIO DE MORAES LTDA;PROPRANOLOM;40 MG COM CT BL AL PLAS PVC TRANS X 30;CLORIDRATO DE PROPRANOLOL;7898089301001;1050400330050;90552652;522123020007303;;N;;6.43;8.86;;;;CMED_ICMS17;20260508;20;PF0=5.34|PF12=6.07|PF18=6.51|PF19=6.59|PF20=6.68|PF21=6.76|PF22=6.85|PMC0=7.36|PMC12=8.37|PMC18=8.97|PMC19=9.08|PMC20=9.21|PMC21=9.32|PMC22=9.44
CMED;20260508;medicamento;527322060020117;;;MERCK SHARP & DOHME FARMACEUTICA LTDA.;PROQUAD;PO LIOF INJ CT 1 FA VD INC + 1 FA DIL X 0,7 ML;"VÍRUS DA CAXUMBA;VÍRUS DA RUBEOLA;VÍRUS DO SARAMPO;VIRUS DA VARICELA";7897572020504;1017102140049;90538730;527322060020117;;N;;259.12;357.17;;;;CMED_ICMS17;20260508;20;PF0=215.07|PF12=244.4|PF18=262.28|PF19=265.52|PF20=268.84|PF21=272.24|PF22=275.73|PMC0=296.45|PMC12=336.88|PMC18=361.53|PMC19=365.99|PMC20=370.57|PMC21=375.25|PMC22=380.07
CMED;20260508;medicamento;542616120008504;;;SUPERA FARMA LABORATÓRIOS S.A;PRÓS;2 MG COM CT BL AL PLAS PVC TRANS X 30;MESILATO DE DOXAZOSINA;7899420508080;1037202720041;90366115;542616120008504;;N;;47.59;65.6;;;;CMED_ICMS17;20260508;20;PF0=39.5|PF12=44.89|PF18=48.17|PF19=48.77|PF20=49.38|PF21=50|PF22=50.64|PMC0=54.45|PMC12=61.88|PMC18=66.4|PMC19=67.22|PMC20=68.07|PMC21=68.92|PMC22=69.8|PMVG17=37.34|PMVG18=37.8|PMVG20=38.75
CMED;20260508;medicamento;542615030003004;;;SUPERA FARMA LABORATÓRIOS S.A;PRÓS-HP;(2,0 + 5,0) MG COM REV CAP DURA CT BL AL PLAS PVC/PVDC TRANS X 30;"MESILATO DE DOXAZOSINA;FINASTERIDA";7899420503597;1037202350031;90329600;542615030003004;;N;;122.1;163.79;;;;CMED_ICMS17;20260508;20;PF0=101.34|PF12=115.16|PF18=123.59|PF19=125.11|PF20=126.68|PF21=128.28|PF22=129.92|PMC0=135.94|PMC12=154.48|PMC18=165.79|PMC19=167.83|PMC20=169.94|PMC21=172.08|PMC22=174.28|PMVG17=95.81|PMVG18=96.98|PMVG20=99.41
CMED;20260508;medicamento;542619040011603;;;SUPERA FARMA LABORATÓRIOS S.A;PRÓS-HP;(2,0 + 5,0) MG COM REV CAP DURA CT BL AL PLAS PVC/PVDC TRANS X 60;"MESILATO DE DOXAZOSINA;FINASTERIDA";7899420502668;1037202350041;90431456;542619040011603;;N;;234.07;314;;;;CMED_ICMS17;20260508;20;PF0=194.28|PF12=220.77|PF18=236.93|PF19=239.85|PF20=242.85|PF21=245.92|PF22=249.08|PMC0=260.62|PMC12=296.16|PMC18=317.83|PMC19=321.75|PMC20=325.77|PMC21=329.89|PMC22=334.13|PMVG17=183.67|PMVG18=185.92|PMVG20=190.56
CMED;20260508;medicamento;506713201151410;;;CRISTÁLIA PRODUTOS QUÍMICOS FARMACÊUTICOS LTDA.;PROSIGNE;100 U PÓ LIOF INJ CT 1 FA VD INC;TOXINA BOTULÍNICA A;7896676411690;1029803170010;90047753;506713201151410;;N;;2010.78;2771.65;;;;CMED_ICMS17;20260508;20;PF0=1668.95|PF12=1896.53|PF18=2035.3|PF19=2060.43|PF20=2086.19|PF21=2112.6|PF22=2139.68|PMC0=2300.47|PMC12=2614.17|PMC18=2805.45|PMC19=2840.09|PMC20=2875.6|PMC21=2912|PMC22=2949.33
CMED;20260508;medicamento;506713202158419;;;CRISTÁLIA PRODUTOS QUÍMICOS FARMACÊUTICOS LTDA.;PROSIGNE;50 U PÓ LIOF INJ CT 1 FA VD INC;TOXINA BOTULÍNICA A;7896676407761;1029803170031;90047761;506713202158419;;N;;1005.45;1385.91;;;;CMED_ICMS17;20260508;20;PF0=834.52|PF12=948.32|PF18=1017.71|PF19=1030.27|PF20=1043.15|PF21=1056.35|PF22=1069.9|PMC0=1150.3|PMC12=1307.16|PMC18=1402.81|PMC19=1420.12|PMC20=1437.87|PMC21=1456.07|PMC22=1474.75|PMVG17=788.98|PMVG18=798.6|PMVG20=818.56
CMED;20260508;medicamento;517617040024303;;;LABORATORIO GLOBO SA;PROSOLIN;3,0 MG/ML SOL OR CT FR PLAS PET AMB X 60 ML + COP;FOSFATO SÓDICO DE PREDNISOLONA;7899620911437;1053501910014;90380967;517617040024303;;N;;14.25;19.64;;;;CMED_ICMS17;20260508;20;PF0=11.83|PF12=13.44|PF18=14.43|PF19=14.6|PF20=14.79|PF21=14.97|PF22=15.17|PMC0=16.31|PMC12=18.53|PMC18=19.89|PMC19=20.12|PMC20=20.39|PMC21=20.63|PMC22=20.91|PMVG17=11.18|PMVG18=11.32|PMVG20=11.61
CMED;20260508;medicamento;517617040024403;;;LABORATORIO GLOBO SA;PROSOLIN;3,0 MG/ML SOL OR CT FR PLAS PET AMB X 120 ML + COP;FOSFATO SÓDICO DE PREDNISOLONA;7899620911444;1053501910022;90380975;517617040024403;;N;;28.53;39.33;;;;CMED_ICMS17;20260508;20;PF0=23.68|PF12=26.91|PF18=28.88|PF19=29.23|PF20=29.6|PF21=29.97|PF22=30.36|PMC0=32.64|PMC12=37.09|PMC18=39.81|PMC19=40.29|PMC20=40.8|PMC21=41.31|PMC22=41.85|PMVG17=22.39|PMVG18=22.66|PMVG20=23.23
CMED;20260508;medicamento;509022060028202;;;FARMOQUÍMICA S/A;PROSOY;30 MG COM REV CT BL AL PLAS PVC TRANS X 6;CLORIDRATO DE DAPOXETINA;7898040324728;1039002220025;90539427;509022060028202;;N;;189.34;253.99;;;;CMED_ICMS17;20260508;20;PF0=157.15|PF12=178.58|PF18=191.65|PF19=194.01|PF20=196.44|PF21=198.92|PF22=201.47|PMC0=210.81|PMC12=239.56|PMC18=257.09|PMC19=260.26|PMC20=263.52|PMC21=266.84|PMC22=270.26|PMVG17=148.58|PMVG18=150.39|PMVG20=154.15
CMED;20260508;medicamento;509026030032003;;;FARMOQUÍMICA S/A;PROSOY;30 MG COM REV CT BL AL PLAS PVC TRANS X 1;CLORIDRATO DE DAPOXETINA;7898244721781;1039002220051;;509026030032003;;N;;31.55;42.32;;;;CMED_ICMS17;20260508;20;PF0=26.19|PF12=29.76|PF18=31.94|PF19=32.33|PF20=32.74|PF21=33.15|PF22=33.58|PMC0=35.13|PMC12=39.92|PMC18=42.85|PMC19=43.37|PMC20=43.92|PMC21=44.47|PMC22=45.05|PMVG17=24.76|PMVG18=25.06|PMVG20=25.69
CMED;20260508;medicamento;511420030008607;;;HERBARIUM LABORATORIO BOTANICO LTDA;PROSTATAL;160 MG CAP GEL MOLE CT BL AL PLAS INC X 30;SERENOA REPENS (W. BARTRAM) SMALL;7896083410415;1186000970025;90458273;511420030008607;;N;;132.65;177.95;;;;CMED_ICMS17;20260508;20;PF0=110.1|PF12=125.11|PF18=134.27|PF19=135.93|PF20=137.63|PF21=139.37|PF22=141.15|PMC0=147.7|PMC12=167.83|PMC18=180.12|PMC19=182.35|PMC20=184.63|PMC21=186.96|PMC22=189.35|PMVG17=104.09|PMVG18=105.36|PMVG20=108
CMED;20260508;medicamento;511420030008707;;;HERBARIUM LABORATORIO BOTANICO LTDA;PROSTATAL;160 MG CAP GEL MOLE CT BL AL PLAS INC X 15;SERENOA REPENS (W. BARTRAM) SMALL;7896083410408;1186000970017;90458281;511420030008707;;N;;79.6;106.78;;;;CMED_ICMS17;20260508;20;PF0=66.07|PF12=75.08|PF18=80.57|PF19=81.57|PF20=82.59|PF21=83.63|PF22=84.71|PMC0=88.63|PMC12=100.72|PMC18=108.08|PMC19=109.42|PMC20=110.79|PMC21=112.19|PMC22=113.64|PMVG17=62.46|PMVG18=63.22|PMVG20=64.81
CMED;20260508;medicamento;552919120086617;;;ACHÉ LABORATÓRIOS FARMACÊUTICOS S.A;PROSTAVASIN;20 MCG PO LIOF SOL INJ/INFUS IV/IAR CX 10 AMP VD TRANS;ALPROSTADIL ALFACICLODEXTRINA;7896181900207;1057305760016;90439546;552919120086617;;N;;1046.87;1443;;;;CMED_ICMS17;20260508;20;PF0=868.9|PF12=987.39|PF18=1059.63|PF19=1072.72|PF20=1086.13|PF21=1099.87|PF22=1113.97|PMC0=1197.69|PMC12=1361.01|PMC18=1460.59|PMC19=1478.63|PMC20=1497.12|PMC21=1516.06|PMC22=1535.49|PMVG17=821.48|PMVG18=831.49|PMVG20=852.29
CMED;20260508;medicamento;511303601113413;;;INFAN INDUSTRIA QUIMICA FARMACEUTICA NACIONAL S/A;PROSTOKOS;25 MCG COM VAG CT 10 STR AL X 10;MISOPROSTOL;7896685301227;1155700440010;90101537;511303601113413;;S;;1101.64;;;;;CMED_ICMS17;20260508;20;PF0=914.36|PF12=1039.05|PF18=1115.07|PF19=1128.84|PF20=1142.95|PF21=1157.42|PF22=1172.26|PMVG17=864.46|PMVG18=874.99|PMVG20=896.87
CMED;20260508;medicamento;511303603116312;;;INFAN INDUSTRIA QUIMICA FARMACEUTICA NACIONAL S/A;PROSTOKOS;200 MCG COM VAG CT BL AL PLAS INC X 50;MISOPROSTOL;7896685301388;1155700440053;90101529;511303603116312;;N;;2423.02;3250.4;;;;CMED_ICMS17;20260508;20;PF0=2011.11|PF12=2285.35|PF18=2452.57|PF19=2482.85|PF20=2513.89|PF21=2545.71|PF22=2578.35|PMC0=2697.83|PMC12=3065.72|PMC18=3290.04|PMC19=3330.65|PMC20=3372.29|PMC21=3414.98|PMC22=3458.76|PMVG17=1901.34|PMVG18=1924.53|PMVG20=1972.65
CMED;20260508;medicamento;541718040017917;;;CELLERA FARMACEUTICA S.A.;PROTAMINA;10 MG/ML SOL INJ CX 25 AMP VD TRANS X 5 ML;CLORIDRATO DE PROTAMINA;7893454100845;1044001840042;90418344;541718040017917;;S;;102.67;;;;;CMED_ICMS17;20260508;20;PF0=85.22|PF12=96.84|PF18=103.93|PF19=105.21|PF20=106.53|PF21=107.87|PF22=109.26|PMVG17=80.57|PMVG18=81.55|PMVG20=83.6
CMED;20260508;medicamento;501121090039117;;;TAKEDA PHARMA LTDA.;PROTHROMPLEX;600 UI PO LIOF INJ CT 1 FA VD INC + 1 FA DIL X 20ML + CONJ REC E INFUS + SER;"FATOR II DE COAGULAÇÃO;FATOR IX DE COAGULAÇÃO;FATOR X DE COAGULAÇÃO ;FATOR VII DE COAGULAÇÃO";7896641816789;1063902940019;90520335;501121090039117;;S;;2391.26;;;;;CMED_ICMS17;20260508;20;PF0=1984.75|PF12=2255.4|PF18=2420.43|PF19=2450.31|PF20=2480.94|PF21=2512.34|PF22=2544.55|PMVG17=1876.42|PMVG18=1899.31|PMVG20=1946.79
CMED;20260508;medicamento;501121090039217;;;TAKEDA PHARMA LTDA.;PROTHROMPLEX;600 UI PO LIOF INJ CT 1 FA VD INC + 1 FA DIL X 20ML + CONJ REC E INFUS;"FATOR II DE COAGULAÇÃO;FATOR IX DE COAGULAÇÃO;FATOR X DE COAGULAÇÃO ;FATOR VII DE COAGULAÇÃO";7896641816796;1063902940027;90520343;501121090039217;;S;;2391.26;;;;;CMED_ICMS17;20260508;20;PF0=1984.75|PF12=2255.4|PF18=2420.43|PF19=2450.31|PF20=2480.94|PF21=2512.34|PF22=2544.55|PMVG17=1876.42|PMVG18=1899.31|PMVG20=1946.79
CMED;20260508;medicamento;501125090042507;;;TAKEDA PHARMA LTDA.;PROTHROMPLEX;500 UI PO LIOF INJ CT 1 FA VD INC + 1 FA DIL X 17 ML + DISP RECONST;"FATOR II DE COAGULAÇÃO;FATOR IX DE COAGULAÇÃO;FATOR X DE COAGULAÇÃO ;FATOR VII DE COAGULAÇÃO";7896641813382;1063902940035;90611764;501125090042507;;S;;1992.71;;;;;CMED_ICMS17;20260508;20;PF0=1653.95|PF12=1879.49|PF18=2017.01|PF19=2041.91|PF20=2067.44|PF21=2093.61|PF22=2120.45|PMVG17=1563.68|PMVG18=1582.75|PMVG20=1622.32
CMED;20260508;medicamento;501302801154412;;;ANTIBIÓTICOS DO BRASIL LTDA;PROTO-ITECAN;20 MG/ML SOL DIL INFUS IV CT FA VD AMB X 5 ML;CLORIDRATO DE IRINOTECANO;7898911244964;1556200310014;90008677;501302801154412;;S;;;;;;;CMED_ICMS17;20260508;20;PF0=2285.69
CMED;20260508;medicamento;541118070001617;;;LEO PHARMA LTDA;PROTOPIC;0,3 MG/G POM DER CT BG PLAS LAM X 10 G;TACROLIMO;5702191026641;1856900070015;90417356;541118070001617;;N;;90.52;124.77;;;;CMED_ICMS17;20260508;20;PF0=75.13|PF12=85.38|PF18=91.62|PF19=92.75|PF20=93.91|PF21=95.1|PF22=96.32|PMC0=103.56|PMC12=117.69|PMC18=126.29|PMC19=127.85|PMC20=129.45|PMC21=131.09|PMC22=132.77|PMVG17=71.03|PMVG18=71.89|PMVG20=73.69
CMED;20260508;medicamento;541118070001717;;;LEO PHARMA LTDA;PROTOPIC;1,0 MG/G POM DER CT BG PLAS LAM X 30 G;TACROLIMO;5702191026665;1856900070041;90417364;541118070001717;;N;;156.53;215.76;;;;CMED_ICMS17;20260508;20;PF0=129.92|PF12=147.64|PF18=158.44|PF19=160.4|PF20=162.4|PF21=164.46|PF22=166.56|PMC0=179.08|PMC12=203.51|PMC18=218.39|PMC19=221.09|PMC20=223.85|PMC21=226.69|PMC22=229.59|PMVG17=122.83|PMVG18=124.33|PMVG20=127.44
CMED;20260508;medicamento;541118070001817;;;LEO PHARMA LTDA;PROTOPIC;1,0 MG/G POM DER CT BG PLAS LAM X 10 G;TACROLIMO;5702191026658;1856900070031;90417372;541118070001817;;N;;90.52;124.77;;;;CMED_ICMS17;20260508;20;PF0=75.13|PF12=85.38|PF18=91.62|PF19=92.75|PF20=93.91|PF21=95.1|PF22=96.32|PMC0=103.56|PMC12=117.69|PMC18=126.29|PMC19=127.85|PMC20=129.45|PMC21=131.09|PMC22=132.77|PMVG17=71.03|PMVG18=71.89|PMVG20=73.69
CMED;20260508;medicamento;538919120029107;;;BAYER S.A.;PROTOVIT PLUS;SOL OR CT FR VD AMB X 20 ML + CTG;"NICOTINAMIDA;CLORIDRATO DE TIAMINA;ACETATO DE RACEALFATOCOFEROL;ERGOCALCIFEROL;PALMITATO DE RETINOL;DEXPANTENOL;CLORIDRATO DE PIRIDOXINA;ÁCIDO ASCÓRBICO;BIOTINA;FOSFATO SÓDICO DE RIBOFLAVINA";7891106006132;1705600060013;90439368;538919120029107;;N;;21.54;28.9;;;;CMED_ICMS17;20260508;20;PF0=17.88|PF12=20.32|PF18=21.8|PF19=22.07|PF20=22.35|PF21=22.63|PF22=22.92|PMC0=23.99|PMC12=27.26|PMC18=29.24|PMC19=29.61|PMC20=29.98|PMC21=30.36|PMC22=30.75|PMVG17=16.9|PMVG18=17.11|PMVG20=17.54
CMED;20260508;medicamento;504125040092203;;;BIOLAB SANUS FARMACEUTICA LTDA;PROUR;150 MG COM CT BL AL PLAS PVC/PVDC TRANS X 20;ÁCIDO URSODESOXICÓLICO;7896112409601;1097403760036;90607694;504125040092203;;N;;51.35;70.78;;;;CMED_ICMS17;20260508;20;PF0=42.62|PF12=48.43|PF18=51.98|PF19=52.62|PF20=53.28|PF21=53.95|PF22=54.64|PMC0=58.75|PMC12=66.76|PMC18=71.65|PMC19=72.53|PMC20=73.44|PMC21=74.36|PMC22=75.32|PMVG17=40.29|PMVG18=40.79|PMVG20=41.81
CMED;20260508;medicamento;504125040092303;;;BIOLAB SANUS FARMACEUTICA LTDA;PROUR;150 MG COM CT BL AL PLAS PVC/PVDC TRANS X 30;ÁCIDO URSODESOXICÓLICO;7896112409342;1097403760044;90607708;504125040092303;;N;;77.05;106.21;;;;CMED_ICMS17;20260508;20;PF0=63.95|PF12=72.67|PF18=77.99|PF19=78.95|PF20=79.94|PF21=80.95|PF22=81.99|PMC0=88.15|PMC12=100.17|PMC18=107.5|PMC19=108.82|PMC20=110.19|PMC21=111.58|PMC22=113.01|PMVG17=60.46|PMVG18=61.2|PMVG20=62.73
CMED;20260508;medicamento;504125040092403;;;BIOLAB SANUS FARMACEUTICA LTDA;PROUR;300 MG COM CT BL AL PLAS PVC/PVDC TRANS X 20;ÁCIDO URSODESOXICÓLICO;7896112409618;1097403760133;90607716;504125040092403;;N;;101.52;139.93;;;;CMED_ICMS17;20260508;20;PF0=84.26|PF12=95.75|PF18=102.76|PF19=104.02|PF20=105.33|PF21=106.66|PF22=108.03|PMC0=116.14|PMC12=131.98|PMC18=141.64|PMC19=143.38|PMC20=145.19|PMC21=147.02|PMC22=148.91|PMVG17=79.66|PMVG18=80.64|PMVG20=82.65
CMED;20260508;medicamento;504125040092503;;;BIOLAB SANUS FARMACEUTICA LTDA;PROUR;300 MG COM CT BL AL PLAS PVC/PVDC TRANS X 30;ÁCIDO URSODESOXICÓLICO;7896112409359;1097403760141;90607724;504125040092503;;N;;152.31;209.94;;;;CMED_ICMS17;20260508;20;PF0=126.42|PF12=143.66|PF18=154.17|PF19=156.07|PF20=158.03|PF21=160.03|PF22=162.08|PMC0=174.26|PMC12=198.02|PMC18=212.51|PMC19=215.13|PMC20=217.83|PMC21=220.58|PMC22=223.41|PMVG17=119.52|PMVG18=120.98|PMVG20=124.01
CMED;20260508;medicamento;522717120067907;;;PFIZER BRASIL LTDA;PROVERA;10 MG COM CT BL AL PLAS TRANS X 14;ACETATO DE MEDROXIPROGESTERONA;7891268106213;1211004000033;90405404;522717120067907;;N;;34.11;47.02;;;;CMED_ICMS17;20260508;20;PF0=28.31|PF12=32.17|PF18=34.52|PF19=34.95|PF20=35.39|PF21=35.84|PF22=36.29|PMC0=39.02|PMC12=44.34|PMC18=47.58|PMC19=48.17|PMC20=48.78|PMC21=49.4|PMC22=50.02|PMVG17=26.77|PMVG18=27.09|PMVG20=27.77
CMED;20260508;medicamento;533022100080917;;;UNIÃO QUÍMICA FARMACÊUTICA NACIONAL S/A;PROVIRON;25 MG COM CT BL AL PLAS TRANS X 20;MESTEROLONA;7896006201953;1049714960010;90544188;533022100080917;;N;;26.86;37.02;;;;CMED_ICMS17;20260508;20;PF0=22.29|PF12=25.33|PF18=27.18|PF19=27.52|PF20=27.86|PF21=28.22|PF22=28.58|PMC0=30.72|PMC12=34.91|PMC18=37.46|PMC19=37.93|PMC20=38.4|PMC21=38.9|PMC22=39.39|PMVG17=21.08|PMVG18=21.33|PMVG20=21.86
CMED;20260508;medicamento;533021090075217;;;UNIÃO QUÍMICA FARMACÊUTICA NACIONAL S/A;PROVIVE;10 MG/ML EMU INJ IV CT 5 FA VD TRANS X 10 ML;PROPOFOL;8907730005713;1049714490030;90519655;533021090075217;;S;;230.05;;;;;CMED_ICMS17;20260508;20;PF0=190.94|PF12=216.98|PF18=232.85|PF19=235.73|PF20=238.68|PF21=241.7|PF22=244.79|PMVG17=180.52|PMVG18=182.72|PMVG20=187.29
CMED;20260508;medicamento;533021090075317;;;UNIÃO QUÍMICA FARMACÊUTICA NACIONAL S/A;PROVIVE;10 MG/ML EMU INJ IV CT 5 FA VD TRANS X 20 ML;PROPOFOL;8907730005720;1049714490049;90519663;533021090075317;;S;;279.65;;;;;CMED_ICMS17;20260508;20;PF0=232.11|PF12=263.76|PF18=283.06|PF19=286.56|PF20=290.14|PF21=293.81|PF22=297.58|PMVG17=219.44|PMVG18=222.12|PMVG20=227.67
CMED;20260508;medicamento;533021090075417;;;UNIÃO QUÍMICA FARMACÊUTICA NACIONAL S/A;PROVIVE;10 MG/ML EMU INJ IV CT FA VD TRANS X 50 ML;PROPOFOL;8907730005782;1049714490057;90519671;533021090075417;;S;;126.04;;;;;CMED_ICMS17;20260508;20;PF0=104.61|PF12=118.88|PF18=127.57|PF19=129.15|PF20=130.76|PF21=132.42|PF22=134.12|PMVG17=98.9|PMVG18=100.1|PMVG20=102.61
CMED;20260508;medicamento;533021090075617;;;UNIÃO QUÍMICA FARMACÊUTICA NACIONAL S/A;PROVIVE;10 MG/ML EMU INJ IV CT FA VD TRANS X 100 ML;PROPOFOL;8907730005690;1049714490073;90519698;533021090075617;;S;;275.19;;;;;CMED_ICMS17;20260508;20;PF0=228.41|PF12=259.56|PF18=278.55|PF19=281.99|PF20=285.51|PF21=289.13|PF22=292.83|PMVG17=215.94|PMVG18=218.58|PMVG20=224.04
CMED;20260508;medicamento;507602307111319;;;ELI LILLY DO BRASIL LTDA;PROZAC;20 MG CAP DURA CT BL AL PLAS TRANS X 30;CLORIDRATO DE FLUOXETINA;7896382706677;1126000070187;90051467;507602307111319;;N;;300.14;413.71;;;;CMED_ICMS17;20260508;20;PF0=249.12|PF12=283.09|PF18=303.8|PF19=307.56|PF20=311.4|PF21=315.34|PF22=319.38|PMC0=343.39|PMC12=390.21|PMC18=418.76|PMC19=423.94|PMC20=429.23|PMC21=434.66|PMC22=440.23|PMVG17=235.52|PMVG18=238.39|PMVG20=244.36
CMED;20260508;medicamento;520725110123404;;;LABORATORIO TEUTO BRASILEIRO S/A;PROZEN;20 MG/ML SOL OR CX 50 FR GOT PLAS TRANSL X 20 ML (EMB HOSP);CLORIDRATO DE FLUOXETINA;7896112155768;1037001770165;90619048;520725110123404;;S;;2648.17;;;;;CMED_ICMS17;20260508;20;PF0=2197.98|PF12=2497.71|PF18=2680.46|PF19=2713.56|PF20=2747.48|PF21=2782.25|PF22=2817.92|PMVG17=2078.02|PMVG18=2103.36|PMVG20=2155.95
CMED;20260508;medicamento;538806201133410;;;LEGRAND PHARMA INDUSTRIA FARMACEUTICA LTDA;PRURI-GRAN;2 MG/ ML SOL OR CT FR PLAS AMB X 120 ML + COP;DICLORIDRATO DE HIDROXIZINA;7896004727578;1677305260024;90415507;538806201133410;;N;;49.12;65.89;;;;CMED_ICMS17;20260508;20;PF0=40.77|PF12=46.33|PF18=49.72|PF19=50.33|PF20=50.96|PF21=51.61|PF22=52.27|PMC0=54.69|PMC12=62.15|PMC18=66.7|PMC19=67.52|PMC20=68.36|PMC21=69.23|PMC22=70.12|PMVG17=38.54|PMVG18=39.02|PMVG20=39.99
CMED;20260508;medicamento;538825040121304;;;LEGRAND PHARMA INDUSTRIA FARMACEUTICA LTDA;PRUROK;2 MG/ML SOL GOT OFT CT FR GOT PLAS PEBD/PEAD OPC X 2,5 ML;CLORIDRATO DE OLOPATADINA;7894916996839;1677306930015;90605438;538825040121304;;N;;60.19;82.97;;;;CMED_ICMS17;20260508;20;PF0=49.96|PF12=56.77|PF18=60.93|PF19=61.68|PF20=62.45|PF21=63.24|PF22=64.05|PMC0=68.86|PMC12=78.25|PMC18=83.99|PMC19=85.02|PMC20=86.08|PMC21=87.17|PMC22=88.29|PMVG17=47.23|PMVG18=47.81|PMVG20=49
CMED;20260508;medicamento;508018120124702;;;EUROFARMA LABORATORIOS S.A.;PRYSMA;2 MG COM REV CT BL AL AL X 20;ESZOPICLONA;7891317125639;1004312480065;90399528;508018120124702;;N;;68.4;91.76;;;;CMED_ICMS17;20260508;20;PF0=56.77|PF12=64.51|PF18=69.23|PF19=70.09|PF20=70.96|PF21=71.86|PF22=72.78|PMC0=76.15|PMC12=86.54|PMC18=92.87|PMC19=94.02|PMC20=95.19|PMC21=96.4|PMC22=97.63|PMVG17=53.67|PMVG18=54.32|PMVG20=55.68
CMED;20260508;medicamento;508018120124802;;;EUROFARMA LABORATORIOS S.A.;PRYSMA;3 MG COM REV CT BL AL AL X 20;ESZOPICLONA;7891317125622;1004312480103;90399536;508018120124802;;N;;68.4;91.76;;;;CMED_ICMS17;20260508;20;PF0=56.77|PF12=64.51|PF18=69.23|PF19=70.09|PF20=70.96|PF21=71.86|PF22=72.78|PMC0=76.15|PMC12=86.54|PMC18=92.87|PMC19=94.02|PMC20=95.19|PMC21=96.4|PMC22=97.63|PMVG17=53.67|PMVG18=54.32|PMVG20=55.68
CMED;20260508;medicamento;508024050181203;;;EUROFARMA LABORATORIOS S.A.;PRYSMA;1 MG COM REV CT BL AL AL X 30;ESZOPICLONA;7891317125615;1004312480030;90582160;508024050181203;;N;;102.6;137.63;;;;CMED_ICMS17;20260508;20;PF0=85.16|PF12=96.77|PF18=103.85|PF19=105.14|PF20=106.45|PF21=107.8|PF22=109.18|PMC0=114.24|PMC12=129.81|PMC18=139.31|PMC19=141.04|PMC20=142.8|PMC21=144.61|PMC22=146.46|PMVG17=80.51|PMVG18=81.49|PMVG20=83.53
CMED;20260508;medicamento;508025050190603;;;EUROFARMA LABORATORIOS S.A.;PRYSMA;3 MG COM REV CT BL AL AL X 30;ESZOPICLONA;7891317125592;1004312480111;90605918;508025050190603;;N;;102.59;137.62;;;;CMED_ICMS17;20260508;20;PF0=85.15|PF12=96.76|PF18=103.84|PF19=105.12|PF20=106.44|PF21=107.78|PF22=109.17|PMC0=114.23|PMC12=129.8|PMC18=139.3|PMC19=141.01|PMC20=142.79|PMC21=144.58|PMC22=146.45|PMVG17=80.5|PMVG18=81.48|PMVG20=83.52
CMED;20260508;medicamento;508025050190703;;;EUROFARMA LABORATORIOS S.A.;PRYSMA;3 MG COM REV CT BL AL AL X 60;ESZOPICLONA;7891317125561;1004312480121;90605926;508025050190703;;N;;184.7;247.77;;;;CMED_ICMS17;20260508;20;PF0=153.3|PF12=174.2|PF18=186.95|PF19=189.26|PF20=191.63|PF21=194.05|PF22=196.54|PMC0=205.65|PMC12=233.68|PMC18=250.79|PMC19=253.89|PMC20=257.06|PMC21=260.31|PMC22=263.65|PMVG17=144.93|PMVG18=146.7|PMVG20=150.37
CMED;20260508;medicamento;508025050190803;;;EUROFARMA LABORATORIOS S.A.;PRYSMA;2 MG COM REV CT BL AL AL X 30;ESZOPICLONA;7891317125608;1004312480073;90605900;508025050190803;;N;;102.59;137.62;;;;CMED_ICMS17;20260508;20;PF0=85.15|PF12=96.76|PF18=103.84|PF19=105.12|PF20=106.44|PF21=107.78|PF22=109.17|PMC0=114.23|PMC12=129.8|PMC18=139.3|PMC19=141.01|PMC20=142.79|PMC21=144.58|PMC22=146.45|PMVG17=80.5|PMVG18=81.48|PMVG20=83.52
CMED;20260508;medicamento;510606001173316;;;GLAXOSMITHKLINE BRASIL LTDA;PSOREX;0,5 MG/G SOL TOP CT FR PLAS OPC X 50 G;PROPIONATO DE CLOBETASOL;7896269900594;1010701980012;90089561;510606001173316;;N;;58.24;80.28;;;;CMED_ICMS17;20260508;20;PF0=48.34|PF12=54.93|PF18=58.95|PF19=59.68|PF20=60.43|PF21=61.19|PF22=61.97|PMC0=66.63|PMC12=75.72|PMC18=81.26|PMC19=82.26|PMC20=83.3|PMC21=84.34|PMC22=85.42|PMVG17=45.7|PMVG18=46.26|PMVG20=47.42
CMED;20260508;medicamento;510606002161311;;;GLAXOSMITHKLINE BRASIL LTDA;PSOREX;0,5 MG/G CREM CT BG AL X 30G;PROPIONATO DE CLOBETASOL;7896269900617;1010701980047;90089570;510606002161311;;N;;39.41;54.32;;;;CMED_ICMS17;20260508;20;PF0=32.71|PF12=37.17|PF18=39.89|PF19=40.38|PF20=40.89|PF21=41.41|PF22=41.94|PMC0=45.09|PMC12=51.23|PMC18=54.98|PMC19=55.66|PMC20=56.36|PMC21=57.08|PMC22=57.81|PMVG17=30.93|PMVG18=31.3|PMVG20=32.09
CMED;20260508;medicamento;510606003168311;;;GLAXOSMITHKLINE BRASIL LTDA;PSOREX;0,5 MG/G POM CT BG AL X 30 G;PROPIONATO DE CLOBETASOL;7896269900631;1010701980039;90089588;510606003168311;;N;;40.49;55.81;;;;CMED_ICMS17;20260508;20;PF0=33.61|PF12=38.19|PF18=40.99|PF19=41.49|PF20=42.01|PF21=42.54|PF22=43.09|PMC0=46.33|PMC12=52.64|PMC18=56.5|PMC19=57.19|PMC20=57.91|PMC21=58.64|PMC22=59.4|PMVG17=31.77|PMVG18=32.17|PMVG20=32.96
CMED;20260508;medicamento;510620090055607;;;GLAXOSMITHKLINE BRASIL LTDA;PSOREX;0,5 MG/G CREM CT BG AL X 15G;PROPIONATO DE CLOBETASOL;7896015591588;1010701980020;90488245;510620090055607;;N;;19.7;27.15;;;;CMED_ICMS17;20260508;20;PF0=16.35|PF12=18.58|PF18=19.94|PF19=20.19|PF20=20.44|PF21=20.7|PF22=20.96|PMC0=22.54|PMC12=25.61|PMC18=27.49|PMC19=27.83|PMC20=28.17|PMC21=28.53|PMC22=28.89|PMVG17=15.46|PMVG18=15.65|PMVG20=16.04
CMED;20260508;medicamento;506720100086307;;;CRISTÁLIA PRODUTOS QUÍMICOS FARMACÊUTICOS LTDA.;PTZOL;40 MG PO LIOF SOL INJ IV CT FA VD AMB + DIL AMP VD AMB X 10 ML;PANTOPRAZOL SÓDICO SESQUI-HIDRATADO;7896676430004;1029805190019;90491203;506720100086307;;S;;138.93;;;;;CMED_ICMS17;20260508;20;PF0=115.31|PF12=131.03|PF18=140.62|PF19=142.36|PF20=144.14|PF21=145.96|PF22=147.83|PMVG17=109.02|PMVG18=110.34|PMVG20=113.11
CMED;20260508;medicamento;506725020103603;;;CRISTÁLIA PRODUTOS QUÍMICOS FARMACÊUTICOS LTDA.;PTZOL;40 MG PO LIOF SOL INJ IV CX 5 FA VD AMB + DIL 5 AMP VD AMB X 10 ML;PANTOPRAZOL SÓDICO SESQUI-HIDRATADO;7896676429992;1029805190027;90603818;506725020103603;;S;;694.64;;;;;CMED_ICMS17;20260508;20;PF0=576.55|PF12=655.17|PF18=703.11|PF19=711.79|PF20=720.69|PF21=729.81|PF22=739.17|PMVG17=545.08|PMVG18=551.73|PMVG20=565.53
CMED;20260508;medicamento;506725050104303;;;CRISTÁLIA PRODUTOS QUÍMICOS FARMACÊUTICOS LTDA.;PTZOL;40 MG PO LIOF SOL INJ IV CX 25 FA VD AMB + DIL 25 AMP VD AMB X 10 ML;PANTOPRAZOL SÓDICO SESQUI-HIDRATADO;7896676442649;1029805190043;90609336;506725050104303;;S;;3473.28;;;;;CMED_ICMS17;20260508;20;PF0=2882.82|PF12=3275.93|PF18=3515.63|PF19=3559.04|PF20=3603.53|PF21=3649.14|PF22=3695.92|PMVG17=2725.48|PMVG18=2758.71|PMVG20=2827.69
CMED;20260508;medicamento;573022080005403;;;NATCOFARMA DO BRASIL LTDA;PULGE;250 MG COM REV CT ENVOL BL AL PLAS PVC/PE/PVDC TRANS X 30;GEFITINIBE;7898565165165;1826100140017;90541855;573022080005403;;N;;3984.57;5492.31;;;;CMED_ICMS17;20260508;20;PF0=3307.19|PF12=3758.17|PF18=4033.16|PF19=4082.95|PF20=4133.99|PF21=4186.32|PF22=4239.99|PMC0=4558.62|PMC12=5180.25|PMC18=5559.29|PMC19=5627.92|PMC20=5698.27|PMC21=5770.41|PMC22=5844.38|PMVG17=3126.69|PMVG18=3164.82|PMVG20=3243.94
CMED;20260508;medicamento;573023020005503;;;NATCOFARMA DO BRASIL LTDA;PULGE;250 MG COM REV CT ENVOL BL AL PLAS PVC/PE/PVDC TRANS X 30;GEFITINIBE;7898565165240;1826100150012;90559460;573023020005503;;N;;3984.57;5492.31;;;;CMED_ICMS17;20260508;20;PF0=3307.19|PF12=3758.17|PF18=4033.16|PF19=4082.95|PF20=4133.99|PF21=4186.32|PF22=4239.99|PMC0=4558.62|PMC12=5180.25|PMC18=5559.29|PMC19=5627.92|PMC20=5698.27|PMC21=5770.41|PMC22=5844.38|PMVG17=3126.69|PMVG18=3164.82|PMVG20=3243.94
CMED;20260508;medicamento;502303101170311;;;ASTRAZENECA DO BRASIL LTDA;PULMICORT;0,25 MG/ML SUS P/ NEBULIZACAO CT 20 FR PLAS X 2 ML;BUDESONIDA;7896206401610;1161800760054;90016157;502303101170311;;N;;172.13;237.26;;;;CMED_ICMS17;20260508;20;PF0=142.87|PF12=162.35|PF18=174.23|PF19=176.38|PF20=178.59|PF21=180.85|PF22=183.17|PMC0=196.93|PMC12=223.78|PMC18=240.16|PMC19=243.12|PMC20=246.17|PMC21=249.28|PMC22=252.48|PMVG17=135.07|PMVG18=136.72|PMVG20=140.14
CMED;20260508;medicamento;502303102177311;;;ASTRAZENECA DO BRASIL LTDA;PULMICORT;0,25 MG/ML SUS P/ NEBULIZACAO CT 5 FR PLAS X 2 ML;BUDESONIDA;7896206402013;1161800760046;90016165;502303102177311;;N;;42.94;59.19;;;;CMED_ICMS17;20260508;20;PF0=35.64|PF12=40.5|PF18=43.46|PF19=44|PF20=44.55|PF21=45.11|PF22=45.69|PMC0=49.13|PMC12=55.83|PMC18=59.91|PMC19=60.65|PMC20=61.41|PMC21=62.18|PMC22=62.98|PMVG17=33.7|PMVG18=34.1|PMVG20=34.96
CMED;20260508;medicamento;502303103173318;;;ASTRAZENECA DO BRASIL LTDA;PULMICORT;0,5 MG/ML SUS P/ NEBULIZACAO CT 20 FR PLAS X 2 ML;BUDESONIDA;7896206401627;1161800760070;90016173;502303103173318;;N;;215.16;296.58;;;;CMED_ICMS17;20260508;20;PF0=178.58|PF12=202.93|PF18=217.78|PF19=220.47|PF20=223.23|PF21=226.05|PF22=228.95|PMC0=246.15|PMC12=279.72|PMC18=300.19|PMC19=303.89|PMC20=307.7|PMC21=311.59|PMC22=315.58|PMVG17=168.84|PMVG18=170.89|PMVG20=175.17
CMED;20260508;medicamento;502303104171319;;;ASTRAZENECA DO BRASIL LTDA;PULMICORT;0,5 MG/ML SUS P/ NEBULIZACAO CT 5 FR PLAS X 2 ML;BUDESONIDA;7896206402020;1161800760062;90016181;502303104171319;;N;;53.67;73.98;;;;CMED_ICMS17;20260508;20;PF0=44.55|PF12=50.63|PF18=54.33|PF19=55|PF20=55.69|PF21=56.39|PF22=57.12|PMC0=61.41|PMC12=69.79|PMC18=74.89|PMC19=75.81|PMC20=76.76|PMC21=77.73|PMC22=78.73|PMVG17=42.11|PMVG18=42.63|PMVG20=43.7
CMED;20260508;medicamento;529204301157318;;;PRODUTOS ROCHE QUÍMICOS E FARMACÊUTICOS S.A.;PULMOZYME;1 MG/ML SOL P/ INALACAO CX 6 AMP PLAS X 2,5 ML;ALFADORNASE;7896226500133;1010005320014;90184904;529204301157318;;N;;1730.95;2385.93;;;;CMED_ICMS17;20260508;20;PF0=1436.69|PF12=1632.6|PF18=1752.06|PF19=1773.69|PF20=1795.86|PF21=1818.6|PF22=1841.91|PMC0=1980.33|PMC12=2250.37|PMC18=2415.03|PMC19=2444.85|PMC20=2475.41|PMC21=2506.75|PMC22=2538.88
CMED;20260508;medicamento;576720020052917;;;SANOFI MEDLEY FARMACÊUTICA LTDA.;PURAN T4;25 MCG COM CT BL AL PLAS PVC TRANS X 30;LEVOTIROXINA SÓDICA;7897595901309;1832603530014;90463153;576720020052917;;N;;13.48;18.58;;;;CMED_ICMS17;20260508;20;PF0=11.19|PF12=12.72|PF18=13.65|PF19=13.81|PF20=13.99|PF21=14.16|PF22=14.35|PMC0=15.42|PMC12=17.53|PMC18=18.82|PMC19=19.04|PMC20=19.28|PMC21=19.52|PMC22=19.78
CMED;20260508;medicamento;576720020053017;;;SANOFI MEDLEY FARMACÊUTICA LTDA.;PURAN T4;50 MCG COM CT BL AL PLAS PVC TRANS X 30;LEVOTIROXINA SÓDICA;7897595901316;1832603530022;90463161;576720020053017;;N;;14.93;20.58;;;;CMED_ICMS17;20260508;20;PF0=12.39|PF12=14.08|PF18=15.11|PF19=15.3|PF20=15.49|PF21=15.68|PF22=15.88|PMC0=17.08|PMC12=19.41|PMC18=20.83|PMC19=21.09|PMC20=21.35|PMC21=21.61|PMC22=21.89
CMED;20260508;medicamento;576720020053117;;;SANOFI MEDLEY FARMACÊUTICA LTDA.;PURAN T4;75 MCG COM CT BL AL PLAS PVC TRANS X 30;LEVOTIROXINA SÓDICA;7897595901323;1832603530030;90463170;576720020053117;;N;;16.28;22.44;;;;CMED_ICMS17;20260508;20;PF0=13.51|PF12=15.35|PF18=16.48|PF19=16.68|PF20=16.89|PF21=17.1|PF22=17.32|PMC0=18.62|PMC12=21.16|PMC18=22.72|PMC19=22.99|PMC20=23.28|PMC21=23.57|PMC22=23.87|PMVG17=12.77|PMVG18=12.93|PMVG20=13.25
CMED;20260508;medicamento;576720020053217;;;SANOFI MEDLEY FARMACÊUTICA LTDA.;PURAN T4;100 MCG COM CT BL AL PLAS PVC TRANS X 30;LEVOTIROXINA SÓDICA;7897595901033;1832603530049;90463188;576720020053217;;N;;12.71;17.52;;;;CMED_ICMS17;20260508;20;PF0=10.55|PF12=11.99|PF18=12.87|PF19=13.02|PF20=13.19|PF21=13.35|PF22=13.53|PMC0=14.54|PMC12=16.53|PMC18=17.74|PMC19=17.95|PMC20=18.18|PMC21=18.4|PMC22=18.65
CMED;20260508;medicamento;576720020053317;;;SANOFI MEDLEY FARMACÊUTICA LTDA.;PURAN T4;125 MCG COM CT BL AL PLAS PVC TRANS X 30;LEVOTIROXINA SÓDICA;7897595901446;1832603530057;90463196;576720020053317;;N;;18.65;25.71;;;;CMED_ICMS17;20260508;20;PF0=15.48|PF12=17.59|PF18=18.88|PF19=19.11|PF20=19.35|PF21=19.59|PF22=19.85|PMC0=21.34|PMC12=24.25|PMC18=26.02|PMC19=26.34|PMC20=26.67|PMC21=27|PMC22=27.36|PMVG17=14.63|PMVG18=14.82|PMVG20=15.18
CMED;20260508;medicamento;576720020053417;;;SANOFI MEDLEY FARMACÊUTICA LTDA.;PURAN T4;150 MCG COM CT BL AL PLAS PVC TRANS X 30;LEVOTIROXINA SÓDICA;7897595901330;1832603530065;90461428;576720020053417;;N;;20.01;27.58;;;;CMED_ICMS17;20260508;20;PF0=16.61|PF12=18.88|PF18=20.26|PF19=20.51|PF20=20.76|PF21=21.03|PF22=21.29|PMC0=22.9|PMC12=26.02|PMC18=27.93|PMC19=28.27|PMC20=28.62|PMC21=28.99|PMC22=29.35
CMED;20260508;medicamento;576720020053517;;;SANOFI MEDLEY FARMACÊUTICA LTDA.;PURAN T4;88 MCG COM CT BL AL PLAS PVC TRANS X 30;LEVOTIROXINA SÓDICA;7897595903365;1832603530081;90461436;576720020053517;;N;;19.63;27.06;;;;CMED_ICMS17;20260508;20;PF0=16.29|PF12=18.51|PF18=19.87|PF19=20.11|PF20=20.36|PF21=20.62|PF22=20.88|PMC0=22.45|PMC12=25.51|PMC18=27.39|PMC19=27.72|PMC20=28.06|PMC21=28.42|PMC22=28.78|PMVG17=15.4|PMVG18=15.59|PMVG20=15.98
CMED;20260508;medicamento;576720020053617;;;SANOFI MEDLEY FARMACÊUTICA LTDA.;PURAN T4;112 MCG COM CT BL AL PLAS PVC TRANS X 30;LEVOTIROXINA SÓDICA;7897595903372;1832603530091;90461444;576720020053617;;N;;24.94;34.38;;;;CMED_ICMS17;20260508;20;PF0=20.7|PF12=23.52|PF18=25.24|PF19=25.56|PF20=25.88|PF21=26.2|PF22=26.54|PMC0=28.53|PMC12=32.42|PMC18=34.79|PMC19=35.23|PMC20=35.67|PMC21=36.11|PMC22=36.58|PMVG17=19.57|PMVG18=19.8|PMVG20=20.31
CMED;20260508;medicamento;576720020053717;;;SANOFI MEDLEY FARMACÊUTICA LTDA.;PURAN T4;200 MCG COM CT BL AL PLAS PVC TRANS X 30;LEVOTIROXINA SÓDICA;7897595903259;1832603530103;90461452;576720020053717;;N;;43.81;60.39;;;;CMED_ICMS17;20260508;20;PF0=36.36|PF12=41.32|PF18=44.34|PF19=44.89|PF20=45.45|PF21=46.03|PF22=46.62|PMC0=50.12|PMC12=56.96|PMC18=61.12|PMC19=61.88|PMC20=62.65|PMC21=63.45|PMC22=64.26|PMVG17=34.38|PMVG18=34.79|PMVG20=35.66
CMED;20260508;medicamento;576720020054817;;;SANOFI MEDLEY FARMACÊUTICA LTDA.;PURAN T4;12,5 MCG COM CT BL AL AL X 30;LEVOTIROXINA SÓDICA;7891058003555;1832603530227;90461576;576720020054817;;N;;2.84;3.91;;;;CMED_ICMS17;20260508;20;PF0=2.36|PF12=2.68|PF18=2.88|PF19=2.91|PF20=2.95|PF21=2.99|PF22=3.03|PMC0=3.25|PMC12=3.69|PMC18=3.97|PMC19=4.01|PMC20=4.07|PMC21=4.12|PMC22=4.18|PMVG17=2.23|PMVG18=2.26|PMVG20=2.31
CMED;20260508;medicamento;576720020054917;;;SANOFI MEDLEY FARMACÊUTICA LTDA.;PURAN T4;37,5 MCG COM CT BL AL AL X 30;LEVOTIROXINA SÓDICA;7891058003562;1832603530235;90461584;576720020054917;;N;;8.54;11.77;;;;CMED_ICMS17;20260508;20;PF0=7.09|PF12=8.06|PF18=8.65|PF19=8.75|PF20=8.86|PF21=8.97|PF22=9.09|PMC0=9.77|PMC12=11.11|PMC18=11.92|PMC19=12.06|PMC20=12.21|PMC21=12.36|PMC22=12.53|PMVG17=6.7|PMVG18=6.79|PMVG20=6.95
CMED;20260508;medicamento;576720020055017;;;SANOFI MEDLEY FARMACÊUTICA LTDA.;PURAN T4;62,5 MCG COM CT BL AL AL X 30;LEVOTIROXINA SÓDICA;7891058003579;1832603530243;90461665;576720020055017;;N;;14.2;19.57;;;;CMED_ICMS17;20260508;20;PF0=11.79|PF12=13.4|PF18=14.38|PF19=14.56|PF20=14.74|PF21=14.92|PF22=15.12|PMC0=16.25|PMC12=18.47|PMC18=19.82|PMC19=20.07|PMC20=20.32|PMC21=20.57|PMC22=20.84|PMVG17=11.14|PMVG18=11.28|PMVG20=11.57
CMED;20260508;medicamento;576720020055117;;;SANOFI MEDLEY FARMACÊUTICA LTDA.;PURAN T4;300 MCG COM CT BL AL AL X 30;LEVOTIROXINA SÓDICA;7891058003586;1832603530251;90461673;576720020055117;;N;;68.16;93.95;;;;CMED_ICMS17;20260508;20;PF0=56.57|PF12=64.28|PF18=68.99|PF19=69.84|PF20=70.71|PF21=71.61|PF22=72.53|PMC0=77.98|PMC12=88.6|PMC18=95.1|PMC19=96.27|PMC20=97.47|PMC21=98.71|PMC22=99.98|PMVG17=53.49|PMVG18=54.14|PMVG20=55.49
CMED;20260508;medicamento;576720030058917;;;SANOFI MEDLEY FARMACÊUTICA LTDA.;PURAN T4;175 MCG COM CT BL AL PLAS PVC TRANS X 30;LEVOTIROXINA SÓDICA;7897595901576;1832603530073;90446062;576720030058917;;N;;25.31;34.89;;;;CMED_ICMS17;20260508;20;PF0=21.01|PF12=23.88|PF18=25.62|PF19=25.94|PF20=26.26|PF21=26.59|PF22=26.94|PMC0=28.96|PMC12=32.92|PMC18=35.31|PMC19=35.76|PMC20=36.2|PMC21=36.65|PMC22=37.13|PMVG17=19.86|PMVG18=20.1|PMVG20=20.61
CMED;20260508;medicamento;525522040022117;;;ORGANON FARMACEUTICA LTDA.;PUREGON;300 UI SOL INJ CT 1 CARPULE X 0,480ML + 6 AGULHAS P/ INJEÇÃO;BETAFOLITROPINA;7897337716598;1002902050011;90533356;525522040022117;;N;;1199.75;1653.73;;;;CMED_ICMS17;20260508;20;PF0=995.79|PF12=1131.58|PF18=1214.38|PF19=1229.37|PF20=1244.74|PF21=1260.49|PF22=1276.65|PMC0=1372.59|PMC12=1559.77|PMC18=1673.9|PMC19=1694.56|PMC20=1715.74|PMC21=1737.45|PMC22=1759.73|PMVG17=941.44|PMVG18=952.92|PMVG20=976.75
CMED;20260508;medicamento;505613040037614;;;ASPEN PHARMA INDÚSTRIA FARMACÊUTICA LTDA;PURINETHOL;50 MG COM CT FR VD AMB X 25;MERCAPTOPURINA;7895858007348;1376401330014;90277082;505613040037614;;N;;150.49;207.43;;;;CMED_ICMS17;20260508;20;PF0=124.91|PF12=141.94|PF18=152.33|PF19=154.21|PF20=156.14|PF21=158.11|PF22=160.14|PMC0=172.18|PMC12=195.65|PMC18=209.97|PMC19=212.56|PMC20=215.22|PMC21=217.94|PMC22=220.74|PMVG17=118.09|PMVG18=119.53|PMVG20=122.52
CMED;20260508;medicamento;509504703159412;;;FRESENIUS KABI BRASIL LTDA;PURISOLE SM;(27+5,4) MG/ML SOL IRR CX FR PLAS PEMD TRANS SIST FECH X 1000 ML;"MANITOL;SORBITOL";7897947708815;1004100520098;90075986;509504703159412;;S;;31.81;;;;;CMED_ICMS17;20260508;20;PF0=26.4|PF12=30|PF18=32.2|PF19=32.59|PF20=33|PF21=33.42|PF22=33.85|PMVG17=24.96|PMVG18=25.27|PMVG20=25.9
CMED;20260508;medicamento;506724090102503;;;CRISTÁLIA PRODUTOS QUÍMICOS FARMACÊUTICOS LTDA.;PYCOS;80 MG COM CT BL AL PLAS INC X 2;CARBONATO DE LODENAFILA;7896676441611;1029805980028;90592581;506724090102503;;N;;44.39;59.55;;;;CMED_ICMS17;20260508;20;PF0=36.84|PF12=41.86|PF18=44.93|PF19=45.48|PF20=46.05|PF21=46.63|PF22=47.23|PMC0=49.42|PMC12=56.15|PMC18=60.27|PMC19=61.01|PMC20=61.77|PMC21=62.55|PMC22=63.36|PMVG17=34.83|PMVG18=35.26|PMVG20=36.14
CMED;20260508;medicamento;506724090102603;;;CRISTÁLIA PRODUTOS QUÍMICOS FARMACÊUTICOS LTDA.;PYCOS;80 MG COM CT BL AL PLAS INC X 4;CARBONATO DE LODENAFILA;7896676441628;1029805980036;90592590;506724090102603;;N;;88.77;119.08;;;;CMED_ICMS17;20260508;20;PF0=73.68|PF12=83.73|PF18=89.85|PF19=90.96|PF20=92.1|PF21=93.27|PF22=94.46|PMC0=98.84|PMC12=112.32|PMC18=120.53|PMC19=122.02|PMC20=123.55|PMC21=125.12|PMC22=126.71|PMVG17=69.66|PMVG18=70.5|PMVG20=72.27
CMED;20260508;medicamento;506724090102703;;;CRISTÁLIA PRODUTOS QUÍMICOS FARMACÊUTICOS LTDA.;PYCOS;80 MG COM CT BL AL PLAS TRANS X 10;CARBONATO DE LODENAFILA;7896676441635;1029805980052;90592603;506724090102703;;N;;221.95;297.74;;;;CMED_ICMS17;20260508;20;PF0=184.22|PF12=209.34|PF18=224.66|PF19=227.43|PF20=230.28|PF21=233.19|PF22=236.18|PMC0=247.12|PMC12=280.82|PMC18=301.37|PMC19=305.09|PMC20=308.91|PMC21=312.82|PMC22=316.83|PMVG17=174.16|PMVG18=176.29|PMVG20=180.7
CMED;20260508;medicamento;552926010179717;;;ACHÉ LABORATÓRIOS FARMACÊUTICOS S.A;PYLORIPAC;30 MG CAP DURA LIB RETARD + 500 MG COM REV + 500 MG CAP DURA CT BL AL PLAS TRANS X 14+14+28;"LANSOPRAZOL;AMOXICILINA TRI-HIDRATADA;CLARITROMICINA";7896658054013;1057301250013;90620720;552926010179717;;N;;199.6;275.13;;;;CMED_ICMS17;20260508;20;PF0=165.67|PF12=188.26|PF18=202.04|PF19=204.53|PF20=207.09|PF21=209.71|PF22=212.4|PMC0=228.36|PMC12=259.5|PMC18=278.49|PMC19=281.92|PMC20=285.45|PMC21=289.06|PMC22=292.77|PMVG17=156.63|PMVG18=158.54|PMVG20=162.5
CMED;20260508;medicamento;552926010179817;;;ACHÉ LABORATÓRIOS FARMACÊUTICOS S.A;PYLORIPAC;30 MG CAP DURA LIB RETARD + 500 MG COM REV + 500 MG CAP DURA CT BL AL PLAS TRANS X 28 +28+56;"LANSOPRAZOL;AMOXICILINA TRI-HIDRATADA;CLARITROMICINA";7896658054006;1057301250031;90620739;552926010179817;;N;;347.49;478.98;;;;CMED_ICMS17;20260508;20;PF0=288.42|PF12=327.75|PF18=351.73|PF19=356.07|PF20=360.53|PF21=365.09|PF22=369.77|PMC0=397.56|PMC12=451.77|PMC18=484.82|PMC19=490.81|PMC20=496.95|PMC21=503.24|PMC22=509.69|PMVG17=272.68|PMVG18=276|PMVG20=282.91
CMED;20260508;medicamento;552926010179917;;;ACHÉ LABORATÓRIOS FARMACÊUTICOS S.A;PYLORIPAC;30 MG CAP DURA LIB RETARD + 500 MG COM REV + 500 MG CAP DURA CT BL AL PLAS TRANS X 28 + BL AL PLAS TRANS X 14+14+28;"LANSOPRAZOL;AMOXICILINA TRI-HIDRATADA;CLARITROMICINA";7896658053986;1057301250056;90620747;552926010179917;;N;;205.1;282.71;;;;CMED_ICMS17;20260508;20;PF0=170.23|PF12=193.44|PF18=207.6|PF19=210.16|PF20=212.79|PF21=215.48|PF22=218.24|PMC0=234.64|PMC12=266.64|PMC18=286.15|PMC19=289.68|PMC20=293.31|PMC21=297.02|PMC22=300.82|PMVG17=160.94|PMVG18=162.9|PMVG20=166.98
CMED;20260508;medicamento;576721060094503;;;SANOFI MEDLEY FARMACÊUTICA LTDA.;PYLORIPAC;30 MG CAP DURA LIB RETARD + 500 MG COMREV + 500 MG CAP DURA CT BL AL PLAS TRANS X 28 + BL AL PLAS TRANS X 28+28+56;"LANSOPRAZOL;AMOXICILINA TRI-HIDRATADA;CLARITROMICINA";7891058000967;1832600580061;90516982;576721060094503;;N;;378.82;522.16;;;;CMED_ICMS17;20260508;20;PF0=314.42|PF12=357.3|PF18=383.44|PF19=388.17|PF20=393.03|PF21=398|PF22=403.1|PMC0=433.4|PMC12=492.5|PMC18=528.53|PMC19=535.05|PMC20=541.75|PMC21=548.6|PMC22=555.63|PMVG17=297.26|PMVG18=300.89|PMVG20=308.41
CMED;20260508;medicamento;552925120179017;;;ACHÉ LABORATÓRIOS FARMACÊUTICOS S.A;PYLORIPAC RETRAT;30 MG CAP DURA LIB RETARD + 500 MG COM REV + 500 MG CAP DURA CT BL AL PLAS TRANS X 20 + 10 + 40;"AMOXICILINA TRIHIDRATADA;LANSOPRAZOL;LEVOFLOXACINO HEMI-HIDRATADO";7896658054044;1057301260019;90618610;552925120179017;;N;;257.63;355.12;;;;CMED_ICMS17;20260508;20;PF0=213.83|PF12=242.99|PF18=260.77|PF19=263.99|PF20=267.29|PF21=270.67|PF22=274.14|PMC0=294.74|PMC12=334.94|PMC18=359.44|PMC19=363.88|PMC20=368.43|PMC21=373.09|PMC22=377.87|PMVG17=202.16|PMVG18=204.63|PMVG20=209.74
CMED;20260508;medicamento;520721702119411;;;LABORATORIO TEUTO BRASILEIRO S/A;PYLORITRAT;30 MG CAP + 500 MG COM REV + 500 MG CAP CT BL AL PLAS TRANS X 28 + BL AL PLAS TRANS X 14 + 14 + 28;"LANSOPRAZOL;AMOXICILINA TRI-HIDRATADA;CLARITROMICINA";7896112118763;1037003650035;90139348;520721702119411;;N;;281.39;387.87;;;;CMED_ICMS17;20260508;20;PF0=233.55|PF12=265.4|PF18=284.82|PF19=288.33|PF20=291.94|PF21=295.63|PF22=299.42|PMC0=321.92|PMC12=365.83|PMC18=392.59|PMC19=397.43|PMC20=402.41|PMC21=407.5|PMC22=412.72|PMVG17=220.81|PMVG18=223.5|PMVG20=229.09
CMED;20260508;medicamento;513423040029804;;;INSTITUTO BIOCHIMICO INDÚSTRIA FARMACÊUTICA LTDA;PYPE;(4 + 0,5) G PO SOL INJ IV CT 10 FA VD TRANS;"TAZOBACTAM SÓDICO;PIPERACILINA SÓDICA";7897406119626;1006302870010;90561635;513423040029804;;N;;1613.95;2224.66;;;;CMED_ICMS17;20260508;20;PF0=1339.58|PF12=1522.25|PF18=1633.63|PF19=1653.8|PF20=1674.48|PF21=1695.67|PF22=1717.41|PMC0=1846.47|PMC12=2098.26|PMC18=2251.79|PMC19=2279.59|PMC20=2308.1|PMC21=2337.3|PMC22=2367.27|PMVG17=1266.47|PMVG18=1281.91|PMVG20=1313.97
CMED;20260508;medicamento;534203701115311;;;ADIUM S.A.;PYRIDIUM;100 MG COM REV CT BL AL PLAS PVC TRANS X 25;CLORIDRATO DE FENAZOPIRIDINA;7892953001370;1221400750024;90215230;534203701115311;;N;;22.28;29.89;;;;CMED_ICMS17;20260508;20;PF0=18.49|PF12=21.01|PF18=22.55|PF19=22.83|PF20=23.11|PF21=23.41|PF22=23.71|PMC0=24.8|PMC12=28.18|PMC18=30.25|PMC19=30.63|PMC20=31|PMC21=31.4|PMC22=31.81|PMVG17=17.48|PMVG18=17.7|PMVG20=18.13
CMED;20260508;medicamento;534203702111318;;;ADIUM S.A.;PYRIDIUM;200 MG COM REV CT BL AL PLAS PVC TRANS X 18;CLORIDRATO DE FENAZOPIRIDINA;7892953001387;1221400750040;90215249;534203702111318;;N;;26.73;35.86;;;;CMED_ICMS17;20260508;20;PF0=22.19|PF12=25.22|PF18=27.06|PF19=27.4|PF20=27.74|PF21=28.09|PF22=28.45|PMC0=29.77|PMC12=33.83|PMC18=36.3|PMC19=36.76|PMC20=37.21|PMC21=37.68|PMC22=38.16|PMVG17=20.98|PMVG18=21.23|PMVG20=21.77
CMED;20260508;medicamento;534224010030907;;;ADIUM S.A.;PYRIDIUM;200 MG COM REV CT BL AL PLAS PVC TRANS X 6;CLORIDRATO DE FENAZOPIRIDINA;7892953209356;1221400750059;90575679;534224010030907;;N;;7.66;10.28;;;;CMED_ICMS17;20260508;20;PF0=6.36|PF12=7.23|PF18=7.76|PF19=7.85|PF20=7.95|PF21=8.05|PF22=8.15|PMC0=8.53|PMC12=9.7|PMC18=10.41|PMC19=10.53|PMC20=10.66|PMC21=10.8|PMC22=10.93|PMVG17=6.01|PMVG18=6.09|PMVG20=6.24
CMED;20260508;medicamento;506321010037717;;;CIFARMA CIENTÍFICA FARMACÊUTICA LTDA;PYVERM;100MG COM REV CT BL AL PLAS TRANS X 6;EMBONATO DE PIRVÍNIO;7908020502722;1156002160010;90496655;506321010037717;;N;;31.37;43.24;;;;CMED_ICMS17;20260508;20;PF0=26.04|PF12=29.59|PF18=31.76|PF19=32.15|PF20=32.55|PF21=32.96|PF22=33.38|PMC0=35.89|PMC12=40.79|PMC18=43.78|PMC19=44.32|PMC20=44.87|PMC21=45.43|PMC22=46.01|PMVG17=24.62|PMVG18=24.92|PMVG20=25.54
CMED;20260508;medicamento;506321010037817;;;CIFARMA CIENTÍFICA FARMACÊUTICA LTDA;PYVERM;10MG/ML SUS OR CT FR VD AMB X 40 ML + COP;EMBONATO DE PIRVÍNIO;7908020502715;1156002160037;90496663;506321010037817;;N;;32.13;44.29;;;;CMED_ICMS17;20260508;20;PF0=26.67|PF12=30.31|PF18=32.52|PF19=32.93|PF20=33.34|PF21=33.76|PF22=34.19|PMC0=36.76|PMC12=41.78|PMC18=44.83|PMC19=45.39|PMC20=45.96|PMC21=46.53|PMC22=47.13|PMVG17=25.21|PMVG18=25.52|PMVG20=26.16
