fonte;edicao;tipo_item;codigo_fonte;tabela_fonte;chave_fonte;laboratorio;produto;apresentacao;principio_ativo;ean;registro_anvisa;codigo_tuss;ggrem;generico;restrito_hospitalar;qtd_embalagem;pf_total;pmc_total;pf_unit;pmc_unit;preco_ref;tipo_preco;vigencia;tabela87_sugerida;precos_extra
CMED;20260508;medicamento;511513070057206;;;SANDOZ DO BRASIL INDÚSTRIA FARMACÊUTICA LTDA;RABEPRAZOL SODICO;10 MG COM REV LIB RETARD CT BL AL AL X 14;RABEPRAZOL SÓDICO;7897595620415;1004705230013;90252322;511513070057206;S;N;;63.01;86.85;;;;CMED_ICMS17;20260508;20;PF0=52.3|PF12=59.43|PF18=63.78|PF19=64.57|PF20=65.38|PF21=66.2|PF22=67.05|PMC0=72.09|PMC12=81.92|PMC18=87.91|PMC19=89|PMC20=90.12|PMC21=91.25|PMC22=92.42|PMVG17=49.44|PMVG18=50.05|PMVG20=51.3
CMED;20260508;medicamento;511513070057406;;;SANDOZ DO BRASIL INDÚSTRIA FARMACÊUTICA LTDA;RABEPRAZOL SODICO;20 MG COM REV LIB RETARD CT BL AL AL X 28;RABEPRAZOL SÓDICO;7897595620453;1004705230056;90252349;511513070057406;S;N;;229.14;315.85;;;;CMED_ICMS17;20260508;20;PF0=190.19|PF12=216.13|PF18=231.94|PF19=234.8|PF20=237.74|PF21=240.75|PF22=243.83|PMC0=262.16|PMC12=297.91|PMC18=319.71|PMC19=323.65|PMC20=327.7|PMC21=331.85|PMC22=336.09|PMVG17=179.81|PMVG18=182|PMVG20=186.56
CMED;20260508;medicamento;552919110082717;;;ACHÉ LABORATÓRIOS FARMACÊUTICOS S.A;RACECADOTRILA;100 MG CAP DURA CT BL AL PLAS TRANS PVDC X 9;RACECADOTRILA;7896181926467;1057306120037;90444019;552919110082717;S;N;;27.28;36.6;;;;CMED_ICMS17;20260508;20;PF0=22.64|PF12=25.73|PF18=27.61|PF19=27.95|PF20=28.3|PF21=28.66|PF22=29.03|PMC0=30.37|PMC12=34.52|PMC18=37.04|PMC19=37.49|PMC20=37.96|PMC21=38.45|PMC22=38.94|PMVG17=21.41|PMVG18=21.67|PMVG20=22.21
CMED;20260508;medicamento;530423060018802;;;DAIICHI SANKYO BRASIL FARMACÊUTICA LTDA;RADICAVA;1,5 MG/ML SOL DIL INFUS IV CT 2 AMP VD TRANS X 20 ML;EDARAVONA;7897411650824;1045401920017;90562291;530423060018802;;N;;291.71;391.32;;;;CMED_ICMS17;20260508;20;PF0=242.12|PF12=275.14|PF18=295.27|PF19=298.91|PF20=302.65|PF21=306.48|PF22=310.41|PMC0=324.8|PMC12=369.09|PMC18=396.09|PMC19=400.98|PMC20=405.99|PMC21=411.13|PMC22=416.4|PMVG17=228.9|PMVG18=231.7|PMVG20=237.49
CMED;20260508;medicamento;537522020010304;;;TEVA FARMACÊUTICA LTDA.;RAGIONE;36 MG COM REV LIB PROL CT FR PLAS PEAD OPC X 30;CLORIDRATO DE METILFENIDATO;7898587901536;1557300570024;90530420;537522020010304;;N;;301.34;404.24;;;;CMED_ICMS17;20260508;20;PF0=250.11|PF12=284.22|PF18=305.01|PF19=308.78|PF20=312.64|PF21=316.59|PF22=320.65|PMC0=335.51|PMC12=381.27|PMC18=409.16|PMC19=414.22|PMC20=419.4|PMC21=424.69|PMC22=430.14|PMVG17=236.46|PMVG18=239.34|PMVG20=245.33
CMED;20260508;medicamento;537522020010404;;;TEVA FARMACÊUTICA LTDA.;RAGIONE;54 MG COM REV LIB PROL CT FR PLAS PEAD OPC X 30;CLORIDRATO DE METILFENIDATO;7898587901543;1557300570032;90530438;537522020010404;;N;;301.35;404.25;;;;CMED_ICMS17;20260508;20;PF0=250.12|PF12=284.23|PF18=305.02|PF19=308.79|PF20=312.65|PF21=316.61|PF22=320.67|PMC0=335.53|PMC12=381.28|PMC18=409.17|PMC19=414.23|PMC20=419.41|PMC21=424.72|PMC22=430.17|PMVG17=236.47|PMVG18=239.35|PMVG20=245.34
CMED;20260508;medicamento;537522020010504;;;TEVA FARMACÊUTICA LTDA.;RAGIONE;18 MG COM REV LIB PROL CT FR PLAS PEAD OPC X 30;CLORIDRATO DE METILFENIDATO;7898587901512;1557300570016;90530411;537522020010504;;N;;221.73;297.44;;;;CMED_ICMS17;20260508;20;PF0=184.04|PF12=209.14|PF18=224.44|PF19=227.21|PF20=230.05|PF21=232.96|PF22=235.95|PMC0=246.88|PMC12=280.55|PMC18=301.08|PMC19=304.79|PMC20=308.6|PMC21=312.51|PMC22=316.52|PMVG17=173.99|PMVG18=176.12|PMVG20=180.52
CMED;20260508;medicamento;501621110034404;;;APSEN FARMACEUTICA S/A;RAHIME;8 MG COM REV CT BL AL PLAS PVC/PVDC TRANS X 5;RAMELTEONA;7896637033039;1011806360063;90523636;501621110034404;;N;;16.14;21.65;;;;CMED_ICMS17;20260508;20;PF0=13.4|PF12=15.23|PF18=16.34|PF19=16.54|PF20=16.75|PF21=16.96|PF22=17.18|PMC0=17.98|PMC12=20.43|PMC18=21.92|PMC19=22.19|PMC20=22.47|PMC21=22.75|PMC22=23.05|PMVG17=12.67|PMVG18=12.82|PMVG20=13.14
CMED;20260508;medicamento;501621110034604;;;APSEN FARMACEUTICA S/A;RAHIME;8 MG COM REV CT BL AL PLAS PVC/PVDC TRANS X 10;RAMELTEONA;7896637033022;1011806360081;90523652;501621110034604;;N;;32.33;43.37;;;;CMED_ICMS17;20260508;20;PF0=26.83|PF12=30.49|PF18=32.72|PF19=33.12|PF20=33.54|PF21=33.96|PF22=34.4|PMC0=35.99|PMC12=40.9|PMC18=43.89|PMC19=44.43|PMC20=44.99|PMC21=45.56|PMC22=46.15|PMVG17=25.37|PMVG18=25.68|PMVG20=26.32
CMED;20260508;medicamento;501621110034804;;;APSEN FARMACEUTICA S/A;RAHIME;8 MG COM REV CT BL AL PLAS PVC/PVDC TRANS X 30;RAMELTEONA;7896637033046;1011806360101;90523679;501621110034804;;N;;97.04;130.18;;;;CMED_ICMS17;20260508;20;PF0=80.54|PF12=91.52|PF18=98.22|PF19=99.43|PF20=100.68|PF21=101.95|PF22=103.26|PMC0=108.04|PMC12=122.77|PMC18=131.76|PMC19=133.38|PMC20=135.06|PMC21=136.76|PMC22=138.52|PMVG17=76.15|PMVG18=77.07|PMVG20=79
CMED;20260508;medicamento;544222100002903;;;BLANVER FARMOQUIMICA E FARMACEUTICA S.A.;RALXFEM;60 MG COM REV CT BL AL PLAS PVC/PCTFE TRANS X 14;CLORIDRATO DE RALOXIFENO;7898581710639;1152400160018;90547292;544222100002903;;N;;88.05;121.37;;;;CMED_ICMS17;20260508;20;PF0=73.08|PF12=83.05|PF18=89.12|PF19=90.22|PF20=91.35|PF21=92.51|PF22=93.69|PMC0=100.73|PMC12=114.48|PMC18=122.84|PMC19=124.36|PMC20=125.92|PMC21=127.52|PMC22=129.14
CMED;20260508;medicamento;544222100003003;;;BLANVER FARMOQUIMICA E FARMACEUTICA S.A.;RALXFEM;60 MG COM REV CT BL AL PLAS PVC/PCTFE TRANS X 28;CLORIDRATO DE RALOXIFENO;7898581710646;1152400160026;90547306;544222100003003;;N;;175.83;242.36;;;;CMED_ICMS17;20260508;20;PF0=145.94|PF12=165.84|PF18=177.98|PF19=180.17|PF20=182.43|PF21=184.73|PF22=187.1|PMC0=201.16|PMC12=228.59|PMC18=245.33|PMC19=248.35|PMC20=251.46|PMC21=254.63|PMC22=257.9
CMED;20260508;medicamento;544222100003103;;;BLANVER FARMOQUIMICA E FARMACEUTICA S.A.;RALXFEM;60 MG COM REV CT BL AL PLAS PVC/PCTFE TRANS X 350;CLORIDRATO DE RALOXIFENO;7898581710653;1152400160034;90547314;544222100003103;;N;;2201.04;3033.9;;;;CMED_ICMS17;20260508;20;PF0=1826.86|PF12=2075.98|PF18=2227.88|PF19=2255.38|PF20=2283.58|PF21=2312.48|PF22=2342.13|PMC0=2518.14|PMC12=2861.52|PMC18=3070.9|PMC19=3108.81|PMC20=3147.68|PMC21=3187.51|PMC22=3228.38
CMED;20260508;medicamento;528522110183503;;;PRATI DONADUZZI & CIA LTDA;RALZIN;50 MG COM REV CT BL AL PLAS PVC TRANS X 10;CLORIDRATO DE SERTRALINA;7899547538847;1256803260311;90557433;528522110183503;;N;;30.78;42.43;;;;CMED_ICMS17;20260508;20;PF0=25.55|PF12=29.03|PF18=31.16|PF19=31.54|PF20=31.94|PF21=32.34|PF22=32.76|PMC0=35.22|PMC12=40.01|PMC18=42.95|PMC19=43.47|PMC20=44.03|PMC21=44.58|PMC22=45.16|PMVG17=24.15|PMVG18=24.45|PMVG20=25.06
CMED;20260508;medicamento;528522110183603;;;PRATI DONADUZZI & CIA LTDA;RALZIN;50 MG COM REV CT BL AL PLAS PVC TRANS X 30;CLORIDRATO DE SERTRALINA;7899547538557;1256803260028;90557417;528522110183603;;N;;92.31;127.24;;;;CMED_ICMS17;20260508;20;PF0=76.62|PF12=87.07|PF18=93.44|PF19=94.59|PF20=95.78|PF21=96.99|PF22=98.23|PMC0=105.61|PMC12=120.02|PMC18=128.8|PMC19=130.38|PMC20=132.02|PMC21=133.69|PMC22=135.4|PMVG17=72.44|PMVG18=73.32|PMVG20=75.16
CMED;20260508;medicamento;528522110183703;;;PRATI DONADUZZI & CIA LTDA;RALZIN;100 MG COM REV CT BL AL PLAS PVC TRANS X 30;CLORIDRATO DE SERTRALINA;7899547538670;1256803260141;90557425;528522110183703;;N;;165.39;227.97;;;;CMED_ICMS17;20260508;20;PF0=137.27|PF12=155.99|PF18=167.4|PF19=169.47|PF20=171.59|PF21=173.76|PF22=175.99|PMC0=189.21|PMC12=215.02|PMC18=230.74|PMC19=233.6|PMC20=236.52|PMC21=239.51|PMC22=242.58|PMVG17=129.78|PMVG18=131.36|PMVG20=134.65
CMED;20260508;medicamento;528524070197503;;;PRATI DONADUZZI & CIA LTDA;RALZIN;50 MG COM REV CT BL AL PLAS PVC TRANS X 600;CLORIDRATO DE SERTRALINA;7899547538786;1256803260257;90590295;528524070197503;;S;;1846.26;;;;;CMED_ICMS17;20260508;20;PF0=1532.4|PF12=1741.36|PF18=1868.78|PF19=1891.85|PF20=1915.5|PF21=1939.75|PF22=1964.61|PMVG17=1448.76|PMVG18=1466.43|PMVG20=1503.09
CMED;20260508;medicamento;528524070197603;;;PRATI DONADUZZI & CIA LTDA;RALZIN;50 MG COM REV CT BL AL PLAS PVC TRANS X 900;CLORIDRATO DE SERTRALINA;7899547538793;1256803260265;90590309;528524070197603;;S;;2769.38;;;;;CMED_ICMS17;20260508;20;PF0=2298.59|PF12=2612.03|PF18=2803.16|PF19=2837.77|PF20=2873.24|PF21=2909.61|PF22=2946.91|PMVG17=2173.13|PMVG18=2199.64|PMVG20=2254.63
CMED;20260508;medicamento;528524070197703;;;PRATI DONADUZZI & CIA LTDA;RALZIN;50 MG COM REV CT BL AL PLAS PVC TRANS X 960;CLORIDRATO DE SERTRALINA;7899547538809;1256803260273;90590317;528524070197703;;S;;2954.02;;;;;CMED_ICMS17;20260508;20;PF0=2451.84|PF12=2786.18|PF18=2990.05|PF19=3026.96|PF20=3064.8|PF21=3103.6|PF22=3143.38|PMVG17=2318.02|PMVG18=2346.29|PMVG20=2404.95
CMED;20260508;medicamento;528524070197803;;;PRATI DONADUZZI & CIA LTDA;RALZIN;50 MG COM REV CT BL AL PLAS PVC/PVDC TRANS X 600;CLORIDRATO DE SERTRALINA;7899547538816;1256803260281;90590325;528524070197803;;S;;1846.26;;;;;CMED_ICMS17;20260508;20;PF0=1532.4|PF12=1741.36|PF18=1868.78|PF19=1891.85|PF20=1915.5|PF21=1939.75|PF22=1964.61|PMVG17=1448.76|PMVG18=1466.43|PMVG20=1503.09
CMED;20260508;medicamento;528524070197903;;;PRATI DONADUZZI & CIA LTDA;RALZIN;50 MG COM REV CT BL AL PLAS PVC/PVDC TRANS X 900;CLORIDRATO DE SERTRALINA;7899547538823;1256803260291;90590333;528524070197903;;S;;2769.38;;;;;CMED_ICMS17;20260508;20;PF0=2298.59|PF12=2612.03|PF18=2803.16|PF19=2837.77|PF20=2873.24|PF21=2909.61|PF22=2946.91|PMVG17=2173.13|PMVG18=2199.64|PMVG20=2254.63
CMED;20260508;medicamento;528524070198003;;;PRATI DONADUZZI & CIA LTDA;RALZIN;50 MG COM REV CT BL AL PLAS PVC/PVDC TRANS X 960;CLORIDRATO DE SERTRALINA;7899547538830;1256803260303;90590341;528524070198003;;S;;2954.02;;;;;CMED_ICMS17;20260508;20;PF0=2451.84|PF12=2786.18|PF18=2990.05|PF19=3026.96|PF20=3064.8|PF21=3103.6|PF22=3143.38|PMVG17=2318.02|PMVG18=2346.29|PMVG20=2404.95
CMED;20260508;medicamento;528524070198103;;;PRATI DONADUZZI & CIA LTDA;RALZIN;50 MG COM REV CT BL AL PLAS PVC/PVDC TRANS X 10;CLORIDRATO DE SERTRALINA;7899547538854;1256803260321;90590350;528524070198103;;N;;30.78;42.43;;;;CMED_ICMS17;20260508;20;PF0=25.55|PF12=29.03|PF18=31.16|PF19=31.54|PF20=31.94|PF21=32.34|PF22=32.76|PMC0=35.22|PMC12=40.01|PMC18=42.95|PMC19=43.47|PMC20=44.03|PMC21=44.58|PMC22=45.16|PMVG17=24.15|PMVG18=24.45|PMVG20=25.06
CMED;20260508;medicamento;528524070198203;;;PRATI DONADUZZI & CIA LTDA;RALZIN;50 MG COM REV CT BL AL PLAS PVC TRANS X 15;CLORIDRATO DE SERTRALINA;7899547538540;1256803260011;90590074;528524070198203;;N;;30.78;42.43;;;;CMED_ICMS17;20260508;20;PF0=25.55|PF12=29.03|PF18=31.16|PF19=31.54|PF20=31.94|PF21=32.34|PF22=32.76|PMC0=35.22|PMC12=40.01|PMC18=42.95|PMC19=43.47|PMC20=44.03|PMC21=44.58|PMC22=45.16|PMVG17=24.15|PMVG18=24.45|PMVG20=25.06
CMED;20260508;medicamento;528524070198303;;;PRATI DONADUZZI & CIA LTDA;RALZIN;50 MG COM REV CT BL AL PLAS PVC TRANS X 60;CLORIDRATO DE SERTRALINA;7899547538564;1256803260036;90590082;528524070198303;;N;;184.63;254.49;;;;CMED_ICMS17;20260508;20;PF0=153.24|PF12=174.14|PF18=186.88|PF19=189.19|PF20=191.55|PF21=193.97|PF22=196.46|PMC0=211.23|PMC12=240.03|PMC18=257.59|PMC19=260.78|PMC20=264.03|PMC21=267.37|PMC22=270.8|PMVG17=144.88|PMVG18=146.65|PMVG20=150.31
CMED;20260508;medicamento;528524070198403;;;PRATI DONADUZZI & CIA LTDA;RALZIN;50 MG COM REV CT BL AL PLAS PVC TRANS X 100;CLORIDRATO DE SERTRALINA;7899547538571;1256803260044;90590090;528524070198403;;S;;307.71;;;;;CMED_ICMS17;20260508;20;PF0=255.4|PF12=290.23|PF18=311.46|PF19=315.31|PF20=319.25|PF21=323.29|PF22=327.44|PMVG17=241.46|PMVG18=244.4|PMVG20=250.52
CMED;20260508;medicamento;528524070198503;;;PRATI DONADUZZI & CIA LTDA;RALZIN;50 MG COM REV CT BL AL PLAS PVC TRANS X 300;CLORIDRATO DE SERTRALINA;7899547538588;1256803260052;90590104;528524070198503;;S;;923.12;;;;;CMED_ICMS17;20260508;20;PF0=766.19|PF12=870.67|PF18=934.38|PF19=945.91|PF20=957.74|PF21=969.86|PF22=982.29|PMVG17=724.37|PMVG18=733.21|PMVG20=751.54
CMED;20260508;medicamento;528524070198603;;;PRATI DONADUZZI & CIA LTDA;RALZIN;50 MG COM REV CT BL AL PLAS PVC TRANS X 500;CLORIDRATO DE SERTRALINA;7899547538595;1256803260060;90590112;528524070198603;;S;;1538.55;;;;;CMED_ICMS17;20260508;20;PF0=1277|PF12=1451.14|PF18=1557.32|PF19=1576.54|PF20=1596.25|PF21=1616.46|PF22=1637.18|PMVG17=1207.3|PMVG18=1222.03|PMVG20=1252.58
CMED;20260508;medicamento;528524070198703;;;PRATI DONADUZZI & CIA LTDA;RALZIN;50 MG COM REV CT BL AL PLAS PVC/PVDC TRANS X 15;CLORIDRATO DE SERTRALINA;7899547538601;1256803260079;90590120;528524070198703;;N;;46.17;63.64;;;;CMED_ICMS17;20260508;20;PF0=38.32|PF12=43.55|PF18=46.73|PF19=47.31|PF20=47.9|PF21=48.51|PF22=49.13|PMC0=52.82|PMC12=60.03|PMC18=64.41|PMC19=65.21|PMC20=66.03|PMC21=66.87|PMC22=67.72|PMVG17=36.23|PMVG18=36.67|PMVG20=37.59
CMED;20260508;medicamento;528524070198803;;;PRATI DONADUZZI & CIA LTDA;RALZIN;50 MG COM REV CT BL AL PLAS PVC/PVDC TRANS X 30;CLORIDRATO DE SERTRALINA;7899547538618;1256803260087;90590139;528524070198803;;N;;92.31;127.24;;;;CMED_ICMS17;20260508;20;PF0=76.62|PF12=87.07|PF18=93.44|PF19=94.59|PF20=95.78|PF21=96.99|PF22=98.23|PMC0=105.61|PMC12=120.02|PMC18=128.8|PMC19=130.38|PMC20=132.02|PMC21=133.69|PMC22=135.4|PMVG17=72.44|PMVG18=73.32|PMVG20=75.16
CMED;20260508;medicamento;528524070198903;;;PRATI DONADUZZI & CIA LTDA;RALZIN;50 MG COM REV CT BL AL PLAS PVC/PVDC TRANS X 60;CLORIDRATO DE SERTRALINA;7899547538625;1256803260095;90590147;528524070198903;;N;;184.63;254.49;;;;CMED_ICMS17;20260508;20;PF0=153.24|PF12=174.14|PF18=186.88|PF19=189.19|PF20=191.55|PF21=193.97|PF22=196.46|PMC0=211.23|PMC12=240.03|PMC18=257.59|PMC19=260.78|PMC20=264.03|PMC21=267.37|PMC22=270.8|PMVG17=144.88|PMVG18=146.65|PMVG20=150.31
CMED;20260508;medicamento;528524070199003;;;PRATI DONADUZZI & CIA LTDA;RALZIN;50 MG COM REV CT BL AL PLAS PVC/PVDC TRANS X 100;CLORIDRATO DE SERTRALINA;7899547538632;1256803260109;90590155;528524070199003;;S;;307.71;;;;;CMED_ICMS17;20260508;20;PF0=255.4|PF12=290.23|PF18=311.46|PF19=315.31|PF20=319.25|PF21=323.29|PF22=327.44|PMVG17=241.46|PMVG18=244.4|PMVG20=250.52
CMED;20260508;medicamento;528524070199103;;;PRATI DONADUZZI & CIA LTDA;RALZIN;50 MG COM REV CT BL AL PLAS PVC/PVDC TRANS X 300;CLORIDRATO DE SERTRALINA;7899547538649;1256803260117;90590163;528524070199103;;S;;923.12;;;;;CMED_ICMS17;20260508;20;PF0=766.19|PF12=870.67|PF18=934.38|PF19=945.91|PF20=957.74|PF21=969.86|PF22=982.29|PMVG17=724.37|PMVG18=733.21|PMVG20=751.54
CMED;20260508;medicamento;528524070199203;;;PRATI DONADUZZI & CIA LTDA;RALZIN;50 MG COM REV CT BL AL PLAS PVC/PVDC TRANS X 500;CLORIDRATO DE SERTRALINA;7899547538656;1256803260125;90590171;528524070199203;;S;;1538.55;;;;;CMED_ICMS17;20260508;20;PF0=1277|PF12=1451.14|PF18=1557.32|PF19=1576.54|PF20=1596.25|PF21=1616.46|PF22=1637.18|PMVG17=1207.3|PMVG18=1222.03|PMVG20=1252.58
CMED;20260508;medicamento;528524070199303;;;PRATI DONADUZZI & CIA LTDA;RALZIN;100 MG COM REV CT BL AL PLAS PVC/PVDC TRANS X 60;CLORIDRATO DE SERTRALINA;7899547538748;1256803260214;90590252;528524070199303;;N;;330.75;455.9;;;;CMED_ICMS17;20260508;20;PF0=274.52|PF12=311.95|PF18=334.78|PF19=338.91|PF20=343.15|PF21=347.49|PF22=351.95|PMC0=378.4|PMC12=429.99|PMC18=461.46|PMC19=467.15|PMC20=473|PMC21=478.98|PMC22=485.13|PMVG17=259.54|PMVG18=262.7|PMVG20=269.27
CMED;20260508;medicamento;528524070199403;;;PRATI DONADUZZI & CIA LTDA;RALZIN;100 MG COM REV CT BL AL PLAS PVC/PVDC TRANS X 100;CLORIDRATO DE SERTRALINA;7899547538755;1256803260222;90590260;528524070199403;;S;;551.26;;;;;CMED_ICMS17;20260508;20;PF0=457.55|PF12=519.94|PF18=557.99|PF19=564.88|PF20=571.94|PF21=579.18|PF22=586.6|PMVG17=432.57|PMVG18=437.86|PMVG20=448.8
CMED;20260508;medicamento;528524070199503;;;PRATI DONADUZZI & CIA LTDA;RALZIN;100 MG COM REV CT BL AL PLAS PVC/PVDC TRANS X 300;CLORIDRATO DE SERTRALINA;7899547538762;1256803260230;90590279;528524070199503;;S;;1653.81;;;;;CMED_ICMS17;20260508;20;PF0=1372.66|PF12=1559.84|PF18=1673.98|PF19=1694.64|PF20=1715.83|PF21=1737.54|PF22=1759.82|PMVG17=1297.74|PMVG18=1313.57|PMVG20=1346.41
CMED;20260508;medicamento;528524070199603;;;PRATI DONADUZZI & CIA LTDA;RALZIN;100 MG COM REV CT BL AL PLAS PVC/PVDC TRANS X 500;CLORIDRATO DE SERTRALINA;7899547538779;1256803260249;90590287;528524070199603;;S;;2756.36;;;;;CMED_ICMS17;20260508;20;PF0=2287.78|PF12=2599.75|PF18=2789.98|PF19=2824.42|PF20=2859.73|PF21=2895.92|PF22=2933.05|PMVG17=2162.92|PMVG18=2189.3|PMVG20=2244.03
CMED;20260508;medicamento;528524070199703;;;PRATI DONADUZZI & CIA LTDA;RALZIN;100 MG COM REV CT BL AL PLAS PVC TRANS X 15;CLORIDRATO DE SERTRALINA;7899547538663;1256803260133;90590180;528524070199703;;N;;82.7;113.99;;;;CMED_ICMS17;20260508;20;PF0=68.64|PF12=78|PF18=83.71|PF19=84.74|PF20=85.8|PF21=86.89|PF22=88|PMC0=94.61|PMC12=107.51|PMC18=115.39|PMC19=116.81|PMC20=118.27|PMC21=119.77|PMC22=121.3|PMVG17=64.89|PMVG18=65.69|PMVG20=67.33
CMED;20260508;medicamento;528524070199803;;;PRATI DONADUZZI & CIA LTDA;RALZIN;100 MG COM REV CT BL AL PLAS PVC TRANS X 60;CLORIDRATO DE SERTRALINA;7899547538687;1256803260151;90590198;528524070199803;;N;;330.75;455.9;;;;CMED_ICMS17;20260508;20;PF0=274.52|PF12=311.95|PF18=334.78|PF19=338.91|PF20=343.15|PF21=347.49|PF22=351.95|PMC0=378.4|PMC12=429.99|PMC18=461.46|PMC19=467.15|PMC20=473|PMC21=478.98|PMC22=485.13|PMVG17=259.54|PMVG18=262.7|PMVG20=269.27
CMED;20260508;medicamento;528524070199903;;;PRATI DONADUZZI & CIA LTDA;RALZIN;100 MG COM REV CT BL AL PLAS PVC TRANS X 100;CLORIDRATO DE SERTRALINA;7899547538694;1256803260168;90590201;528524070199903;;S;;551.26;;;;;CMED_ICMS17;20260508;20;PF0=457.55|PF12=519.94|PF18=557.99|PF19=564.88|PF20=571.94|PF21=579.18|PF22=586.6|PMVG17=432.57|PMVG18=437.86|PMVG20=448.8
CMED;20260508;medicamento;528524070200003;;;PRATI DONADUZZI & CIA LTDA;RALZIN;100 MG COM REV CT BL AL PLAS PVC TRANS X 300;CLORIDRATO DE SERTRALINA;7899547538700;1256803260176;90590210;528524070200003;;S;;1653.81;;;;;CMED_ICMS17;20260508;20;PF0=1372.66|PF12=1559.84|PF18=1673.98|PF19=1694.64|PF20=1715.83|PF21=1737.54|PF22=1759.82|PMVG17=1297.74|PMVG18=1313.57|PMVG20=1346.41
CMED;20260508;medicamento;528524070200103;;;PRATI DONADUZZI & CIA LTDA;RALZIN;100 MG COM REV CT BL AL PLAS PVC TRANS X 500;CLORIDRATO DE SERTRALINA;7899547538717;1256803260184;90590228;528524070200103;;S;;2756.36;;;;;CMED_ICMS17;20260508;20;PF0=2287.78|PF12=2599.75|PF18=2789.98|PF19=2824.42|PF20=2859.73|PF21=2895.92|PF22=2933.05|PMVG17=2162.92|PMVG18=2189.3|PMVG20=2244.03
CMED;20260508;medicamento;528524070200203;;;PRATI DONADUZZI & CIA LTDA;RALZIN;100 MG COM REV CT BL AL PLAS PVC/PVDC TRANS X 15;CLORIDRATO DE SERTRALINA;7899547538724;1256803260192;90590236;528524070200203;;N;;82.7;113.99;;;;CMED_ICMS17;20260508;20;PF0=68.64|PF12=78|PF18=83.71|PF19=84.74|PF20=85.8|PF21=86.89|PF22=88|PMC0=94.61|PMC12=107.51|PMC18=115.39|PMC19=116.81|PMC20=118.27|PMC21=119.77|PMC22=121.3|PMVG17=64.89|PMVG18=65.69|PMVG20=67.33
CMED;20260508;medicamento;528524070200303;;;PRATI DONADUZZI & CIA LTDA;RALZIN;100 MG COM REV CT BL AL PLAS PVC/PVDC TRANS X 30;CLORIDRATO DE SERTRALINA;7899547538731;1256803260206;90590244;528524070200303;;N;;165.39;227.97;;;;CMED_ICMS17;20260508;20;PF0=137.27|PF12=155.99|PF18=167.4|PF19=169.47|PF20=171.59|PF21=173.76|PF22=175.99|PMC0=189.21|PMC12=215.02|PMC18=230.74|PMC19=233.6|PMC20=236.52|PMC21=239.51|PMC22=242.58|PMVG17=129.78|PMVG18=131.36|PMVG20=134.65
CMED;20260508;medicamento;501622010037906;;;APSEN FARMACEUTICA S/A;RAMELTEONA;8 MG COM REV CT BL AL PLAS PVC/PVDC TRANS X 5;RAMELTEONA;7896637033053;1011806340062;90523318;501622010037906;S;N;;10.49;14.07;;;;CMED_ICMS17;20260508;20;PF0=8.71|PF12=9.9|PF18=10.62|PF19=10.75|PF20=10.89|PF21=11.03|PF22=11.17|PMC0=11.68|PMC12=13.28|PMC18=14.25|PMC19=14.42|PMC20=14.61|PMC21=14.8|PMC22=14.98|PMVG17=8.23|PMVG18=8.33|PMVG20=8.55
CMED;20260508;medicamento;525072601113111;;;SANOFI MEDLEY FARMACÊUTICA LTDA.;RAMIPRIL;5,0 MG COM CT BL AL/AL X 60;RAMIPRIL;7896422518987;1832601850038;90368673;525072601113111;S;N;;104.58;144.15;;;;CMED_ICMS17;20260508;20;PF0=86.8|PF12=98.64|PF18=105.85|PF19=107.16|PF20=108.5|PF21=109.87|PF22=111.28|PMC0=119.64|PMC12=135.96|PMC18=145.9|PMC19=147.71|PMC20=149.56|PMC21=151.44|PMC22=153.39|PMVG17=82.06|PMVG18=83.06|PMVG20=85.14
CMED;20260508;medicamento;525072606115112;;;SANOFI MEDLEY FARMACÊUTICA LTDA.;RAMIPRIL;5,0 MG COM CT BL AL/AL X 30;RAMIPRIL;7896422518673;1832601850021;90368665;525072606115112;S;N;;62.08;85.57;;;;CMED_ICMS17;20260508;20;PF0=51.53|PF12=58.56|PF18=62.84|PF19=63.62|PF20=64.41|PF21=65.23|PF22=66.06|PMC0=71.03|PMC12=80.72|PMC18=86.62|PMC19=87.69|PMC20=88.78|PMC21=89.91|PMC22=91.06|PMVG17=48.71|PMVG18=49.31|PMVG20=50.54
CMED;20260508;medicamento;574525080002607;;;BIOMM SA;RANIVISIO;10 MG/ML SOL INJ CT FA VD TRANS X 0,23 ML;RANIBIZUMABE;7898616360945;1334800050011;90613023;574525080002607;;N;;3274.87;4514.07;;;;CMED_ICMS17;20260508;20;PF0=2718.14|PF12=3088.8|PF18=3314.8|PF19=3355.73|PF20=3397.68|PF21=3440.68|PF22=3484.79|PMC0=3746.67|PMC12=4257.59|PMC18=4569.11|PMC19=4625.52|PMC20=4683.35|PMC21=4742.62|PMC22=4803.42
CMED;20260508;medicamento;522720020083817;;;PFIZER BRASIL LTDA;RAPAMUNE;1 MG DRG CT BL AL PLAS TRANS X 60;SIROLIMO;7891045009683;1211004530016;90458567;522720020083817;;N;;2808.26;3870.89;;;;CMED_ICMS17;20260508;20;PF0=2330.86|PF12=2648.71|PF18=2842.51|PF19=2877.61|PF20=2913.58|PF21=2950.46|PF22=2988.28|PMC0=3212.85|PMC12=3650.97|PMC18=3918.1|PMC19=3966.49|PMC20=4016.07|PMC21=4066.9|PMC22=4119.03
CMED;20260508;medicamento;522720020083917;;;PFIZER BRASIL LTDA;RAPAMUNE;2 MG DRG CT BL AL PLAS TRANS X 30;SIROLIMO;7891045009676;1211004530024;90446950;522720020083917;;N;;2808.26;3870.89;;;;CMED_ICMS17;20260508;20;PF0=2330.86|PF12=2648.71|PF18=2842.51|PF19=2877.61|PF20=2913.58|PF21=2950.46|PF22=2988.28|PMC0=3212.85|PMC12=3650.97|PMC18=3918.1|PMC19=3966.49|PMC20=4016.07|PMC21=4066.9|PMC22=4119.03
CMED;20260508;medicamento;501321050030217;;;ANTIBIÓTICOS DO BRASIL LTDA;RAPIFEN;544 MCG/ML SOL INJ IV CX 5 AMP VD TRANS X 5 ML;CLORIDRATO DE ALFENTANILA MONOIDRATADA;7898564761368;1556200570024;90509358;501321050030217;;S;;252.8;;;;;CMED_ICMS17;20260508;20;PF0=209.82|PF12=238.43|PF18=255.88|PF19=259.04|PF20=262.28|PF21=265.59|PF22=269|PMVG17=198.37|PMVG18=200.79|PMVG20=205.81
CMED;20260508;medicamento;515102202133411;;;KLEY HERTZ FARMACEUTICA S.A;RAPILAX;7,5 MG/ML SOL ORAL CT FR GOT PLAS OPACO X 30 ML;PICOSSULFATO DE SÓDIO;7896331704808;1068900700097;90228464;515102202133411;;N;;21.83;29.28;;;;CMED_ICMS17;20260508;20;PF0=18.12|PF12=20.59|PF18=22.1|PF19=22.37|PF20=22.65|PF21=22.94|PF22=23.23|PMC0=24.31|PMC12=27.62|PMC18=29.65|PMC19=30.01|PMC20=30.38|PMC21=30.77|PMC22=31.16|PMVG17=17.13|PMVG18=17.34|PMVG20=17.77
CMED;20260508;medicamento;537519060007704;;;TEVA FARMACÊUTICA LTDA.;RARIJA;250 MG COM REV CT FR PLAS PEAD OPC X 120;ACETATO DE ABIRATERONA;7898587901260;1557300490217;90434315;537519060007704;;N;;14087.48;18897.85;;;;CMED_ICMS17;20260508;20;PF0=11692.61|PF12=13287.06|PF18=14259.28|PF19=14435.32|PF20=14615.76|PF21=14800.77|PF22=14990.52|PMC0=15685.22|PMC12=17824.12|PMC18=19128.32|PMC19=19364.47|PMC20=19606.52|PMC21=19854.71|PMC22=20109.25|PMVG17=11054.45|PMVG18=11189.26|PMVG20=11468.99
CMED;20260508;medicamento;552922100151503;;;ACHÉ LABORATÓRIOS FARMACÊUTICOS S.A;RAVUMA;100 MG COM CT BL AL PLAS TRANS X 10;CIPROFIBRATO;7896658046735;1057300200012;90545559;552922100151503;;N;;32.41;44.67;;;;CMED_ICMS17;20260508;20;PF0=26.9|PF12=30.57|PF18=32.8|PF19=33.21|PF20=33.63|PF21=34.05|PF22=34.49|PMC0=37.08|PMC12=42.14|PMC18=45.21|PMC19=45.78|PMC20=46.36|PMC21=46.93|PMC22=47.54
CMED;20260508;medicamento;552922100151603;;;ACHÉ LABORATÓRIOS FARMACÊUTICOS S.A;RAVUMA;100 MG COM CT BL AL PLAS TRANS X 30;CIPROFIBRATO;7896658046742;1057300200039;90545567;552922100151603;;N;;97.22;134.01;;;;CMED_ICMS17;20260508;20;PF0=80.69|PF12=91.69|PF18=98.4|PF19=99.62|PF20=100.86|PF21=102.14|PF22=103.45|PMC0=111.22|PMC12=126.39|PMC18=135.63|PMC19=137.32|PMC20=139.03|PMC21=140.79|PMC22=142.6
CMED;20260508;medicamento;552926010181104;;;ACHÉ LABORATÓRIOS FARMACÊUTICOS S.A;RAZ XR;150 MG COM LIB PROL CT BL AL PLAS PVC/PVDC OPC X 10;CLORIDRATO DE TRAZODONA;7896658055195;1057301700078;;552926010181104;;N;;49.23;67.86;;;;CMED_ICMS17;20260508;20;PF0=40.86|PF12=46.43|PF18=49.83|PF19=50.44|PF20=51.08|PF21=51.72|PF22=52.38|PMC0=56.32|PMC12=64|PMC18=68.69|PMC19=69.53|PMC20=70.41|PMC21=71.29|PMC22=72.2|PMVG17=38.63|PMVG18=39.1|PMVG20=40.08
CMED;20260508;medicamento;552926010181204;;;ACHÉ LABORATÓRIOS FARMACÊUTICOS S.A;RAZ XR;150 MG COM LIB PROL CT BL AL PLAS PVC/PVDC OPC X 30;CLORIDRATO DE TRAZODONA;7896658055218;1057301700094;;552926010181204;;N;;147.71;203.6;;;;CMED_ICMS17;20260508;20;PF0=122.6|PF12=139.32|PF18=149.51|PF19=151.36|PF20=153.25|PF21=155.19|PF22=157.18|PMC0=168.99|PMC12=192.04|PMC18=206.08|PMC19=208.63|PMC20=211.24|PMC21=213.91|PMC22=216.66|PMVG17=115.91|PMVG18=117.32|PMVG20=120.26
CMED;20260508;medicamento;511512070054704;;;SANDOZ DO BRASIL INDÚSTRIA FARMACÊUTICA LTDA;RAZAPINA;15 MG COM ORODISP CT BL AL AL X 28;MIRTAZAPINA;7897595619518;1004704640201;90252160;511512070054704;;N;;63.77;87.9;;;;CMED_ICMS17;20260508;20;PF0=52.93|PF12=60.15|PF18=64.55|PF19=65.35|PF20=66.16|PF21=67|PF22=67.86|PMC0=72.96|PMC12=82.91|PMC18=88.98|PMC19=90.08|PMC20=91.19|PMC21=92.35|PMC22=93.54|PMVG17=50.04|PMVG18=50.65|PMVG20=51.92
CMED;20260508;medicamento;511512070055004;;;SANDOZ DO BRASIL INDÚSTRIA FARMACÊUTICA LTDA;RAZAPINA;30 MG COM ORODISP CT BL AL AL X 28;MIRTAZAPINA;7897595619587;1004704640277;90252187;511512070055004;;N;;127.59;175.87;;;;CMED_ICMS17;20260508;20;PF0=105.9|PF12=120.34|PF18=129.15|PF19=130.74|PF20=132.38|PF21=134.05|PF22=135.77|PMC0=145.97|PMC12=165.88|PMC18=178.02|PMC19=180.21|PMC20=182.47|PMC21=184.77|PMC22=187.14|PMVG17=100.12|PMVG18=101.34|PMVG20=103.88
CMED;20260508;medicamento;511512070055104;;;SANDOZ DO BRASIL INDÚSTRIA FARMACÊUTICA LTDA;RAZAPINA;45 MG COM ORODISP CT BL AL AL X 28;MIRTAZAPINA;7897595619655;1004704640341;90252195;511512070055104;;N;;179.3;247.15;;;;CMED_ICMS17;20260508;20;PF0=148.82|PF12=169.11|PF18=181.49|PF19=183.73|PF20=186.03|PF21=188.38|PF22=190.79|PMC0=205.13|PMC12=233.1|PMC18=250.17|PMC19=253.25|PMC20=256.42|PMC21=259.66|PMC22=262.98|PMVG17=140.7|PMVG18=142.42|PMVG20=145.98
CMED;20260508;medicamento;511515601117415;;;SANDOZ DO BRASIL INDÚSTRIA FARMACÊUTICA LTDA;RAZAPINA;30 MG COM REV CT BL AL PLAS TRANS X 7;MIRTAZAPINA;7897595608277;1004704640013;90192583;511515601117415;;N;;24.7;34.05;;;;CMED_ICMS17;20260508;20;PF0=20.5|PF12=23.3|PF18=25|PF19=25.31|PF20=25.63|PF21=25.95|PF22=26.28|PMC0=28.26|PMC12=32.12|PMC18=34.46|PMC19=34.89|PMC20=35.33|PMC21=35.77|PMC22=36.22|PMVG17=19.38|PMVG18=19.62|PMVG20=20.11
CMED;20260508;medicamento;511515603111414;;;SANDOZ DO BRASIL INDÚSTRIA FARMACÊUTICA LTDA;RAZAPINA;30 MG COM REV CT BL AL PLAS TRANS X 28;MIRTAZAPINA;7897595608307;1004704640048;90192575;511515603111414;;N;;127.59;175.87;;;;CMED_ICMS17;20260508;20;PF0=105.9|PF12=120.34|PF18=129.15|PF19=130.74|PF20=132.38|PF21=134.05|PF22=135.77|PMC0=145.97|PMC12=165.88|PMC18=178.02|PMC19=180.21|PMC20=182.47|PMC21=184.77|PMC22=187.14|PMVG17=100.12|PMVG18=101.34|PMVG20=103.88
CMED;20260508;medicamento;511515604116411;;;SANDOZ DO BRASIL INDÚSTRIA FARMACÊUTICA LTDA;RAZAPINA;45 MG COM REV CT BL AL PLAS TRANS X 28;MIRTAZAPINA;7897595608383;1004704640129;90192591;511515604116411;;N;;179.3;247.15;;;;CMED_ICMS17;20260508;20;PF0=148.82|PF12=169.11|PF18=181.49|PF19=183.73|PF20=186.03|PF21=188.38|PF22=190.79|PMC0=205.13|PMC12=233.1|PMC18=250.17|PMC19=253.25|PMC20=256.42|PMC21=259.66|PMC22=262.98|PMVG17=140.7|PMVG18=142.42|PMVG20=145.98
CMED;20260508;medicamento;511524050081003;;;SANDOZ DO BRASIL INDÚSTRIA FARMACÊUTICA LTDA;RAZAPINA;15 MG COM ORODISP CT BL AL AL X 30;MIRTAZAPINA;7897595634863;1004704640218;90582977;511524050081003;;N;;70.93;97.77;;;;CMED_ICMS17;20260508;20;PF0=58.87|PF12=66.9|PF18=71.79|PF19=72.68|PF20=73.59|PF21=74.52|PF22=75.47|PMC0=81.15|PMC12=92.21|PMC18=98.96|PMC19=100.18|PMC20=101.44|PMC21=102.72|PMC22=104.03|PMVG17=55.66|PMVG18=56.33|PMVG20=57.75
CMED;20260508;medicamento;511524050081103;;;SANDOZ DO BRASIL INDÚSTRIA FARMACÊUTICA LTDA;RAZAPINA;45 MG COM ORODISP CT BL AL AL X 30;MIRTAZAPINA;7897595634931;1004704640358;90582993;511524050081103;;N;;199.43;274.89;;;;CMED_ICMS17;20260508;20;PF0=165.53|PF12=188.1|PF18=201.87|PF19=204.36|PF20=206.91|PF21=209.53|PF22=212.22|PMC0=228.17|PMC12=259.28|PMC18=278.26|PMC19=281.69|PMC20=285.2|PMC21=288.82|PMC22=292.52|PMVG17=156.49|PMVG18=158.41|PMVG20=162.36
CMED;20260508;medicamento;511524050081203;;;SANDOZ DO BRASIL INDÚSTRIA FARMACÊUTICA LTDA;RAZAPINA;30 MG COM ORODISP CT BL AL AL X 30;MIRTAZAPINA;7897595634887;1004704640285;90582985;511524050081203;;N;;141.9;195.59;;;;CMED_ICMS17;20260508;20;PF0=117.78|PF12=133.84|PF18=143.63|PF19=145.41|PF20=147.23|PF21=149.09|PF22=151|PMC0=162.35|PMC12=184.48|PMC18=197.98|PMC19=200.43|PMC20=202.94|PMC21=205.51|PMC22=208.14|PMVG17=111.35|PMVG18=112.71|PMVG20=115.53
CMED;20260508;medicamento;511524050081303;;;SANDOZ DO BRASIL INDÚSTRIA FARMACÊUTICA LTDA;RAZAPINA;30 MG COM REV CT BL AL PLAS TRANS X 30;MIRTAZAPINA;7897595634924;1004704640382;90583000;511524050081303;;N;;141.9;195.59;;;;CMED_ICMS17;20260508;20;PF0=117.78|PF12=133.84|PF18=143.63|PF19=145.41|PF20=147.23|PF21=149.09|PF22=151|PMC0=162.35|PMC12=184.48|PMC18=197.98|PMC19=200.43|PMC20=202.94|PMC21=205.51|PMC22=208.14|PMVG17=111.35|PMVG18=112.71|PMVG20=115.53
CMED;20260508;medicamento;511524050081403;;;SANDOZ DO BRASIL INDÚSTRIA FARMACÊUTICA LTDA;RAZAPINA;30 MG COM REV CT BL AL PLAS TRANS X 60;MIRTAZAPINA;7897595635570;1004704640390;90583019;511524050081403;;N;;249.77;344.28;;;;CMED_ICMS17;20260508;20;PF0=207.31|PF12=235.58|PF18=252.82|PF19=255.94|PF20=259.14|PF21=262.42|PF22=265.78|PMC0=285.76|PMC12=324.72|PMC18=348.49|PMC19=352.79|PMC20=357.2|PMC21=361.72|PMC22=366.35|PMVG17=195.99|PMVG18=198.39|PMVG20=203.35
CMED;20260508;medicamento;511524050081503;;;SANDOZ DO BRASIL INDÚSTRIA FARMACÊUTICA LTDA;RAZAPINA;45 MG COM REV CT BL AL PLAS TRANS X 30;MIRTAZAPINA;7897595634894;1004704640404;90583027;511524050081503;;N;;199.43;274.89;;;;CMED_ICMS17;20260508;20;PF0=165.53|PF12=188.1|PF18=201.87|PF19=204.36|PF20=206.91|PF21=209.53|PF22=212.22|PMC0=228.17|PMC12=259.28|PMC18=278.26|PMC19=281.69|PMC20=285.2|PMC21=288.82|PMC22=292.52|PMVG17=156.49|PMVG18=158.41|PMVG20=162.36
CMED;20260508;medicamento;511524120084203;;;SANDOZ DO BRASIL INDÚSTRIA FARMACÊUTICA LTDA;RAZAPINA;15 MG COM ORODISP CT BL AL AL X 7;MIRTAZAPINA;7897595619488;1004704640171;90252152;511524120084203;;N;;16.54;22.8;;;;CMED_ICMS17;20260508;20;PF0=13.73|PF12=15.6|PF18=16.74|PF19=16.95|PF20=17.16|PF21=17.38|PF22=17.6|PMC0=18.93|PMC12=21.5|PMC18=23.07|PMC19=23.36|PMC20=23.65|PMC21=23.96|PMC22=24.26|PMVG17=12.98|PMVG18=13.14|PMVG20=13.46
CMED;20260508;medicamento;511525120084903;;;SANDOZ DO BRASIL INDÚSTRIA FARMACÊUTICA LTDA;RAZAPINA;15 MG COM ORODISP CT BL AL AL X 10;MIRTAZAPINA;7897595634870;1004704640412;90620801;511525120084903;;N;;23.64;32.59;;;;CMED_ICMS17;20260508;20;PF0=19.62|PF12=22.3|PF18=23.93|PF19=24.22|PF20=24.53|PF21=24.84|PF22=25.15|PMC0=27.04|PMC12=30.74|PMC18=32.99|PMC19=33.38|PMC20=33.81|PMC21=34.24|PMC22=34.67|PMVG17=18.55|PMVG18=18.78|PMVG20=19.25
CMED;20260508;medicamento;657526010001207;;;KYMBERG FARMACEUTICA DO BRASIL LTDA;REACBE;10 MG COM CT BL AL PLAS PVC TRANS X 12;LORATADINA;7891066018848;1962400130141;;657526010001207;;N;;19.35;25.96;;;;CMED_ICMS17;20260508;20;PF0=16.06|PF12=18.25|PF18=19.59|PF19=19.83|PF20=20.08|PF21=20.33|PF22=20.59|PMC0=21.54|PMC12=24.48|PMC18=26.28|PMC19=26.6|PMC20=26.94|PMC21=27.27|PMC22=27.62|PMVG17=15.18|PMVG18=15.37|PMVG20=15.76
CMED;20260508;medicamento;539625080006207;;;KENVUE LTDA.;REACTINE;10 MG CAP GEL MOLE CT BL AL PLAS TRANS X 10;DICLORIDRATO DE CETIRIZINA;7891010257941;1572112120037;90611292;539625080006207;;N;;36.75;49.3;;;;CMED_ICMS17;20260508;20;PF0=30.5|PF12=34.66|PF18=37.2|PF19=37.65|PF20=38.13|PF21=38.61|PF22=39.1|PMC0=40.91|PMC12=46.5|PMC18=49.9|PMC19=50.51|PMC20=51.15|PMC21=51.79|PMC22=52.45|PMVG17=28.84|PMVG18=29.19|PMVG20=29.92
CMED;20260508;medicamento;539625080006307;;;KENVUE LTDA.;REACTINE;10 MG CAP GEL MOLE CT BL AL PLAS TRANS X 20;DICLORIDRATO DE CETIRIZINA;7891010256982;1572112120045;90611306;539625080006307;;N;;66.13;88.71;;;;CMED_ICMS17;20260508;20;PF0=54.89|PF12=62.38|PF18=66.94|PF19=67.77|PF20=68.61|PF21=69.48|PF22=70.37|PMC0=73.63|PMC12=83.68|PMC18=89.8|PMC19=90.91|PMC20=92.04|PMC21=93.2|PMC22=94.4|PMVG17=51.89|PMVG18=52.53|PMVG20=53.84
CMED;20260508;medicamento;525420401153414;;;MERCK S/A;REBIF;44 MCG SOL INJ CT 12 SER PREENC VD TRANS X 0,5 ML;BETAINTERFERONA 1A;7891721022425;1008903510041;90162064;525420401153414;;N;;15276.09;21056.5;;;;CMED_ICMS17;20260508;20;PF0=12679.16|PF12=14408.14|PF18=15462.39|PF19=15653.29|PF20=15848.95|PF21=16049.57|PF22=16255.33|PMC0=17476.9|PMC12=19860.12|PMC18=21313.29|PMC19=21576.43|PMC20=21846.13|PMC21=22122.66|PMC22=22406.28
CMED;20260508;medicamento;525420402151415;;;MERCK S/A;REBIF;22 MCG SOL INJ CT 12 SER PREENC VD TRANS X 0,5 ML;BETAINTERFERONA 1A;7891721022418;1008903510023;90162056;525420402151415;;N;;13427.53;18508.45;;;;CMED_ICMS17;20260508;20;PF0=11144.85|PF12=12664.61|PF18=13591.28|PF19=13759.08|PF20=13931.06|PF21=14107.41|PF22=14288.27|PMC0=15362.01|PMC12=17456.85|PMC18=18734.16|PMC19=18965.46|PMC20=19202.52|PMC21=19445.6|PMC22=19694.89
CMED;20260508;medicamento;505122030021901;;;BRISTOL-MYERS SQUIBB FARMACÊUTICA LTDA;REBLOZYL;25 MG PO LIOF SOL INJ SC CT FA VD TRANS;LUSPATERCEPTE;7896016808586;1018004110011;90531744;505122030021901;;S;;15471.08;;;;;CMED_ICMS17;20260508;20;PF0=12841|PF12=14592.05|PF18=15659.75|PF19=15853.09|PF20=16051.25|PF21=16254.43|PF22=16462.82|PMVG17=12140.16|PMVG18=12288.21|PMVG20=12595.42
CMED;20260508;medicamento;505122030022001;;;BRISTOL-MYERS SQUIBB FARMACÊUTICA LTDA;REBLOZYL;75 MG PO LIOF SOL INJ SC CT FA VD TRANS;LUSPATERCEPTE;7896016808593;1018004110021;90531752;505122030022001;;S;;46408.03;;;;;CMED_ICMS17;20260508;20;PF0=38518.67|PF12=43771.23|PF18=46973.98|PF19=47553.92|PF20=48148.34|PF21=48757.82|PF22=49382.9|PMVG17=36416.38|PMVG18=36860.48|PMVG20=37782
CMED;20260508;medicamento;508022010148504;;;EUROFARMA LABORATORIOS S.A.;REBRIVE;100 MG/ML SOL INJ/DIL INFUS IV CT 10 FA VD TRANS X 2 ML;SUGAMADEX SÓDICO;7891317012984;1004313910012;90527690;508022010148504;;S;;4956.44;;;;;CMED_ICMS17;20260508;20;PF0=4113.85|PF12=4674.83|PF18=5016.89|PF19=5078.83|PF20=5142.31|PF21=5207.41|PF22=5274.17|PMVG17=3889.32|PMVG18=3936.75|PMVG20=4035.17
CMED;20260508;medicamento;505520010020807;;;CAZI QUIMICA FARMACEUTICA INDUSTRIA E COMERCIO LTDA;RECALPLEX;SOL OR CT FR VD AMB X 150 ML;"NICOTINAMIDA;CLORIDRATO DE TIAMINA;DEXPANTENOL;CLORIDRATO DE PIRIDOXINA;CIANOCOBALAMINA;FOSFATO SÓDICO DE RIBOFLAVINA";7893736004342;1071500350015;90461215;505520010020807;;N;;17.69;23.73;;;;CMED_ICMS17;20260508;20;PF0=14.68|PF12=16.68|PF18=17.9|PF19=18.12|PF20=18.35|PF21=18.58|PF22=18.82|PMC0=19.69|PMC12=22.38|PMC18=24.01|PMC19=24.31|PMC20=24.62|PMC21=24.92|PMC22=25.25|PMVG17=13.88|PMVG18=14.05|PMVG20=14.4
CMED;20260508;medicamento;527324040024402;;;MERCK SHARP & DOHME FARMACEUTICA LTDA.;RECARBRIO;(500 + 500 + 250) MG PO SOL INFUS IV CT 25 FA VD TRANS;"CILASTATINA SÓDICA;IMIPENÉM MONOIDRATADO;RELEBACTAM MONOIDRATADO";7897572020689;1017102360014;90581253;527324040024402;;S;;15302.42;;;;;CMED_ICMS17;20260508;20;PF0=12701.01|PF12=14432.97|PF18=15489.03|PF19=15680.26|PF20=15876.26|PF21=16077.23|PF22=16283.34|PMVG17=12007.81|PMVG18=12154.24|PMVG20=12458.1
CMED;20260508;medicamento;523709101113414;;;LIBBS FARMACÊUTICA LTDA;RECONTER;20 MG COM REV CT BL AL PLAS TRANS X 30;OXALATO DE ESCITALOPRAM;7896094207615;1003301560031;90232348;523709101113414;;N;;194.6;268.24;;;;CMED_ICMS17;20260508;20;PF0=161.52|PF12=183.55|PF18=196.98|PF19=199.41|PF20=201.9|PF21=204.46|PF22=207.08|PMC0=222.64|PMC12=253|PMC18=271.52|PMC19=274.87|PMC20=278.3|PMC21=281.83|PMC22=285.44|PMVG17=152.7|PMVG18=154.57|PMVG20=158.43
CMED;20260508;medicamento;523709102111415;;;LIBBS FARMACÊUTICA LTDA;RECONTER;10 MG COM REV CT BL AL PLAS TRANS X 10;OXALATO DE ESCITALOPRAM;7896094207592;1003301560013;90232356;523709102111415;;N;;44.66;61.56;;;;CMED_ICMS17;20260508;20;PF0=37.07|PF12=42.13|PF18=45.21|PF19=45.77|PF20=46.34|PF21=46.92|PF22=47.53|PMC0=51.1|PMC12=58.07|PMC18=62.32|PMC19=63.09|PMC20=63.87|PMC21=64.67|PMC22=65.52|PMVG17=35.04|PMVG18=35.48|PMVG20=36.36
CMED;20260508;medicamento;523709103116410;;;LIBBS FARMACÊUTICA LTDA;RECONTER;10 MG COM REV CT BL AL PLAS TRANS X 30;OXALATO DE ESCITALOPRAM;7896094207608;1003301560021;90232364;523709103116410;;N;;115.17;158.75;;;;CMED_ICMS17;20260508;20;PF0=95.59|PF12=108.63|PF18=116.57|PF19=118.01|PF20=119.49|PF21=121|PF22=122.55|PMC0=131.76|PMC12=149.74|PMC18=160.68|PMC19=162.66|PMC20=164.7|PMC21=166.79|PMC22=168.92|PMVG17=90.37|PMVG18=91.47|PMVG20=93.76
CMED;20260508;medicamento;523714060030004;;;LIBBS FARMACÊUTICA LTDA;RECONTER;15 MG COM REV CT BL AL PLAS PVC/PVDC TRANS X 10;OXALATO DE ESCITALOPRAM;7896094203273;1003301560056;90314050;523714060030004;;N;;43.17;59.51;;;;CMED_ICMS17;20260508;20;PF0=35.83|PF12=40.72|PF18=43.7|PF19=44.23|PF20=44.79|PF21=45.35|PF22=45.94|PMC0=49.39|PMC12=56.13|PMC18=60.24|PMC19=60.97|PMC20=61.74|PMC21=62.51|PMC22=63.32|PMVG17=33.88|PMVG18=34.29|PMVG20=35.15
CMED;20260508;medicamento;523714060030104;;;LIBBS FARMACÊUTICA LTDA;RECONTER;15 MG COM REV CT BL AL PLAS PVC/PVDC TRANS X 30;OXALATO DE ESCITALOPRAM;7896094203280;1003301560064;90314069;523714060030104;;N;;129.54;178.56;;;;CMED_ICMS17;20260508;20;PF0=107.52|PF12=122.18|PF18=131.12|PF19=132.74|PF20=134.4|PF21=136.1|PF22=137.85|PMC0=148.21|PMC12=168.41|PMC18=180.74|PMC19=182.97|PMC20=185.26|PMC21=187.6|PMC22=190.01|PMVG17=101.65|PMVG18=102.89|PMVG20=105.46
CMED;20260508;medicamento;523716090034603;;;LIBBS FARMACÊUTICA LTDA;RECONTER;10 MG COM REV CT BL AL PLAS TRANS X 60;OXALATO DE ESCITALOPRAM;7896094209527;1003301560099;90351827;523716090034603;;N;;175.04;241.27;;;;CMED_ICMS17;20260508;20;PF0=145.28|PF12=165.09|PF18=177.17|PF19=179.36|PF20=181.6|PF21=183.9|PF22=186.26|PMC0=200.25|PMC12=227.56|PMC18=244.21|PMC19=247.23|PMC20=250.32|PMC21=253.49|PMC22=256.74|PMVG17=137.35|PMVG18=139.03|PMVG20=142.5
CMED;20260508;medicamento;523717110036403;;;LIBBS FARMACÊUTICA LTDA;RECONTER;20 MG COM REV CT BL AL PLAS TRANS X 60;OXALATO DE ESCITALOPRAM;7896094209541;1003301560102;90382382;523717110036403;;N;;389.24;536.53;;;;CMED_ICMS17;20260508;20;PF0=323.07|PF12=367.13|PF18=393.99|PF19=398.85|PF20=403.84|PF21=408.95|PF22=414.19|PMC0=445.32|PMC12=506.05|PMC18=543.07|PMC19=549.77|PMC20=556.65|PMC21=563.69|PMC22=570.92|PMVG17=305.44|PMVG18=309.16|PMVG20=316.89
CMED;20260508;medicamento;523718050037503;;;LIBBS FARMACÊUTICA LTDA;RECONTER;20 MG/ML SOL CT FR VD AMB X 15 ML COM SABOR;OXALATO DE ESCITALOPRAM;7896094210363;1003301560129;90406958;523718050037503;;N;;87.48;120.58;;;;CMED_ICMS17;20260508;20;PF0=72.61|PF12=82.51|PF18=88.55|PF19=89.64|PF20=90.76|PF21=91.91|PF22=93.09|PMC0=100.09|PMC12=113.73|PMC18=122.06|PMC19=123.56|PMC20=125.1|PMC21=126.69|PMC22=128.31|PMVG17=68.65|PMVG18=69.49|PMVG20=71.22
CMED;20260508;medicamento;523718050037603;;;LIBBS FARMACÊUTICA LTDA;RECONTER;20 MG/ML SOL CT FR VD AMB X 30 ML COM SABOR;OXALATO DE ESCITALOPRAM;7896094210370;1003301560145;90406966;523718050037603;;N;;175.04;241.27;;;;CMED_ICMS17;20260508;20;PF0=145.28|PF12=165.09|PF18=177.17|PF19=179.36|PF20=181.6|PF21=183.9|PF22=186.26|PMC0=200.25|PMC12=227.56|PMC18=244.21|PMC19=247.23|PMC20=250.32|PMC21=253.49|PMC22=256.74|PMVG17=137.35|PMVG18=139.03|PMVG20=142.5
CMED;20260508;medicamento;523721090046303;;;LIBBS FARMACÊUTICA LTDA;RECONTER;15 MG COM REV CT BL AL PLAS PVC/PVDC TRANS X 60;OXALATO DE ESCITALOPRAM;7896094211131;1003301560110;90517873;523721090046303;;N;;259.02;357.03;;;;CMED_ICMS17;20260508;20;PF0=214.99|PF12=244.31|PF18=262.18|PF19=265.42|PF20=268.74|PF21=272.14|PF22=275.63|PMC0=296.34|PMC12=336.76|PMC18=361.39|PMC19=365.85|PMC20=370.43|PMC21=375.12|PMC22=379.93|PMVG17=203.25|PMVG18=205.73|PMVG20=210.88
CMED;20260508;medicamento;523723020049103;;;LIBBS FARMACÊUTICA LTDA;RECONTER;20 MG COM REV CT BL AL PLAS TRANS X 15;OXALATO DE ESCITALOPRAM;7896094211636;1003301560153;90550277;523723020049103;;N;;97.3;134.12;;;;CMED_ICMS17;20260508;20;PF0=80.76|PF12=91.77|PF18=98.49|PF19=99.7|PF20=100.95|PF21=102.23|PF22=103.54|PMC0=111.32|PMC12=126.5|PMC18=135.76|PMC19=137.43|PMC20=139.15|PMC21=140.91|PMC22=142.72|PMVG17=76.35|PMVG18=77.29|PMVG20=79.22
CMED;20260508;medicamento;523723030049203;;;LIBBS FARMACÊUTICA LTDA;RECONTER ODT;10 MG COM ORODISP CT BL AL AL X 30;OXALATO DE ESCITALOPRAM;7896094211032;1003302190023;90550331;523723030049203;;N;;96.29;132.73;;;;CMED_ICMS17;20260508;20;PF0=79.92|PF12=90.82|PF18=97.46|PF19=98.67|PF20=99.9|PF21=101.16|PF22=102.46|PMC0=110.16|PMC12=125.19|PMC18=134.34|PMC19=136.01|PMC20=137.7|PMC21=139.44|PMC22=141.23|PMVG17=75.56|PMVG18=76.48|PMVG20=78.39
CMED;20260508;medicamento;523723030049303;;;LIBBS FARMACÊUTICA LTDA;RECONTER ODT;10 MG COM ORODISP CT BL AL AL X 60;OXALATO DE ESCITALOPRAM;7896094211094;1003302190031;90550340;523723030049303;;N;;192.6;265.48;;;;CMED_ICMS17;20260508;20;PF0=159.86|PF12=181.66|PF18=194.95|PF19=197.36|PF20=199.83|PF21=202.35|PF22=204.95|PMC0=220.35|PMC12=250.4|PMC18=268.72|PMC19=272.04|PMC20=275.44|PMC21=278.92|PMC22=282.5|PMVG17=151.13|PMVG18=152.98|PMVG20=156.81
CMED;20260508;medicamento;523723030049403;;;LIBBS FARMACÊUTICA LTDA;RECONTER ODT;15 MG COM ORODISP CT BL AL AL X 10;OXALATO DE ESCITALOPRAM;7896094211070;1003302190041;90550358;523723030049403;;N;;43.18;59.52;;;;CMED_ICMS17;20260508;20;PF0=35.84|PF12=40.73|PF18=43.71|PF19=44.25|PF20=44.8|PF21=45.37|PF22=45.95|PMC0=49.4|PMC12=56.14|PMC18=60.25|PMC19=60.99|PMC20=61.75|PMC21=62.54|PMC22=63.34|PMVG17=33.88|PMVG18=34.3|PMVG20=35.15
CMED;20260508;medicamento;523723030049503;;;LIBBS FARMACÊUTICA LTDA;RECONTER ODT;15 MG COM ORODISP CT BL AL AL X 30;OXALATO DE ESCITALOPRAM;7896094211049;1003302190058;90550366;523723030049503;;N;;129.52;178.53;;;;CMED_ICMS17;20260508;20;PF0=107.5|PF12=122.16|PF18=131.1|PF19=132.72|PF20=134.38|PF21=136.08|PF22=137.82|PMC0=148.18|PMC12=168.38|PMC18=180.71|PMC19=182.94|PMC20=185.23|PMC21=187.57|PMC22=189.97|PMVG17=101.63|PMVG18=102.87|PMVG20=105.45
CMED;20260508;medicamento;523723030049603;;;LIBBS FARMACÊUTICA LTDA;RECONTER ODT;10 MG COM ORODISP CT BL AL AL X 10;OXALATO DE ESCITALOPRAM;7896094211063;1003302190015;90550323;523723030049603;;N;;32.1;44.25;;;;CMED_ICMS17;20260508;20;PF0=26.64|PF12=30.27|PF18=32.49|PF19=32.89|PF20=33.3|PF21=33.72|PF22=34.15|PMC0=36.72|PMC12=41.72|PMC18=44.78|PMC19=45.34|PMC20=45.9|PMC21=46.48|PMC22=47.07|PMVG17=25.19|PMVG18=25.5|PMVG20=26.13
CMED;20260508;medicamento;523723030049703;;;LIBBS FARMACÊUTICA LTDA;RECONTER ODT;15 MG COM ORODISP CT BL AL AL X 60;OXALATO DE ESCITALOPRAM;7896094211100;1003302190066;90550374;523723030049703;;N;;259.05;357.07;;;;CMED_ICMS17;20260508;20;PF0=215.01|PF12=244.33|PF18=262.21|PF19=265.44|PF20=268.76|PF21=272.16|PF22=275.65|PMC0=296.37|PMC12=336.78|PMC18=361.43|PMC19=365.88|PMC20=370.46|PMC21=375.14|PMC22=379.95|PMVG17=203.28|PMVG18=205.76|PMVG20=210.9
CMED;20260508;medicamento;523723030049803;;;LIBBS FARMACÊUTICA LTDA;RECONTER ODT;20 MG COM ORODISP CT BL AL AL X 30;OXALATO DE ESCITALOPRAM;7896094211056;1003302190074;90550382;523723030049803;;N;;194.61;268.25;;;;CMED_ICMS17;20260508;20;PF0=161.53|PF12=183.56|PF18=196.99|PF19=199.42|PF20=201.91|PF21=204.47|PF22=207.09|PMC0=222.65|PMC12=253.02|PMC18=271.53|PMC19=274.88|PMC20=278.31|PMC21=281.84|PMC22=285.45|PMVG17=152.71|PMVG18=154.58|PMVG20=158.44
CMED;20260508;medicamento;523723030049903;;;LIBBS FARMACÊUTICA LTDA;RECONTER ODT;20 MG COM ORODISP CT BL AL AL X 60;OXALATO DE ESCITALOPRAM;7896094211117;1003302190082;90550390;523723030049903;;N;;389.22;536.5;;;;CMED_ICMS17;20260508;20;PF0=323.05|PF12=367.1|PF18=393.96|PF19=398.83|PF20=403.81|PF21=408.92|PF22=414.17|PMC0=445.29|PMC12=506.01|PMC18=543.03|PMC19=549.75|PMC20=556.61|PMC21=563.65|PMC22=570.89|PMVG17=305.42|PMVG18=309.14|PMVG20=316.87
CMED;20260508;medicamento;529204402158212;;;PRODUTOS ROCHE QUÍMICOS E FARMACÊUTICOS S.A.;RECORMON;10.000 UI SOL INJ CT 6 SER PREENCHIDAS X 0,6 ML + 6 AGULHAS;BETAEPOETINA;7896226502922;1010005590178;90184912;529204402158212;;N;;2857.94;3939.37;;;;CMED_ICMS17;20260508;20;PF0=2372.09|PF12=2695.56|PF18=2892.79|PF19=2928.51|PF20=2965.11|PF21=3002.65|PF22=3041.14|PMC0=3269.68|PMC12=3715.55|PMC18=3987.41|PMC19=4036.65|PMC20=4087.1|PMC21=4138.84|PMC22=4191.89|PMVG17=2242.63|PMVG18=2269.97|PMVG20=2326.72
CMED;20260508;medicamento;538900202131419;;;BAYER S.A.;REDOXON;2 G COM EFEV CT TB PLAS PVC X 10;ÁCIDO ASCÓRBICO;7891106006262;1705600160042;90284232;538900202131419;;N;;20.61;27.65;;;;CMED_ICMS17;20260508;20;PF0=17.11|PF12=19.44|PF18=20.87|PF19=21.12|PF20=21.39|PF21=21.66|PF22=21.94|PMC0=22.95|PMC12=26.08|PMC18=28|PMC19=28.33|PMC20=28.69|PMC21=29.06|PMC22=29.43|PMVG17=16.17|PMVG18=16.38|PMVG20=16.79
CMED;20260508;medicamento;538919120029407;;;BAYER S.A.;REDOXON;1 G COM EFEV CT TB PLAS PVC X 30;ÁCIDO ASCÓRBICO;7891106907118;1705600160034;90452909;538919120029407;;N;;36.94;49.55;;;;CMED_ICMS17;20260508;20;PF0=30.66|PF12=34.84|PF18=37.39|PF19=37.85|PF20=38.33|PF21=38.81|PF22=39.31|PMC0=41.13|PMC12=46.74|PMC18=50.16|PMC19=50.77|PMC20=51.42|PMC21=52.06|PMC22=52.73|PMVG17=28.99|PMVG18=29.34|PMVG20=30.08
CMED;20260508;medicamento;538919120029507;;;BAYER S.A.;REDOXON;1 G COM EFEV CT TB PLAS PVC X 10;ÁCIDO ASCÓRBICO;7891106006279;1705600160018;90452917;538919120029507;;N;;13.99;18.77;;;;CMED_ICMS17;20260508;20;PF0=11.61|PF12=13.19|PF18=14.16|PF19=14.33|PF20=14.51|PF21=14.7|PF22=14.88|PMC0=15.57|PMC12=17.69|PMC18=19|PMC19=19.22|PMC20=19.46|PMC21=19.72|PMC22=19.96|PMVG17=10.98|PMVG18=11.11|PMVG20=11.39
CMED;20260508;medicamento;538919120029607;;;BAYER S.A.;REDOXON;200 MG/ML SOL OR CT FR VD AMB CGT X 20 ML;ÁCIDO ASCÓRBICO;7891106006286;1705600160077;90452925;538919120029607;;N;;19.13;25.66;;;;CMED_ICMS17;20260508;20;PF0=15.88|PF12=18.05|PF18=19.37|PF19=19.6|PF20=19.85|PF21=20.1|PF22=20.36|PMC0=21.3|PMC12=24.21|PMC18=25.98|PMC19=26.29|PMC20=26.63|PMC21=26.96|PMC22=27.31|PMVG17=15.01|PMVG18=15.2|PMVG20=15.58
CMED;20260508;medicamento;538921030033407;;;BAYER S.A.;REDOXON TRIPLA AÇÃO CR;1000MG + 455UI + 10MG COM REV CT BL AL PLAS TRANS X 30;"ASCORBATO DE SÓDIO;CITRATO DE ZINCO TRI-HIDRATADO;COLECALCIFEROL";7891106912686;1705601220022;90505115;538921030033407;;N;;45.78;61.85;;;;CMED_ICMS17;20260508;20;PF0=38|PF12=43.18|PF18=46.34|PF19=46.91|PF20=47.5|PF21=48.1|PF22=48.72|PMC0=51.34|PMC12=58.33|PMC18=62.6|PMC19=63.37|PMC20=64.17|PMC21=64.98|PMC22=65.82|PMVG17=35.92|PMVG18=36.36|PMVG20=37.27
CMED;20260508;medicamento;507517050006204;;;DR. REDDYS FARMACÊUTICA DO BRASIL LTDA;REDTIBIN;50 MG PO LIOF SOL INJ CT FA VD TRANS;DECITABINA;8901148235984;1514300250018;90377087;507517050006204;;S;;8533.54;;;;;CMED_ICMS17;20260508;20;PF0=7082.84|PF12=8048.68|PF18=8637.61|PF19=8744.25|PF20=8853.55|PF21=8965.62|PF22=9080.56|PMVG17=6696.27|PMVG18=6777.93|PMVG20=6947.38
CMED;20260508;medicamento;509003202114416;;;FARMOQUÍMICA S/A;REDUCLIM;2,5 MG COM CT BL AL PLAS TRANS X 84;TIBOLONA;7898040321215;1039001360011;90074440;509003202114416;;N;;270.55;372.92;;;;CMED_ICMS17;20260508;20;PF0=224.56|PF12=255.18|PF18=273.85|PF19=277.23|PF20=280.7|PF21=284.25|PF22=287.9|PMC0=309.53|PMC12=351.74|PMC18=377.47|PMC19=382.13|PMC20=386.92|PMC21=391.81|PMC22=396.84|PMVG17=212.3|PMVG18=214.89|PMVG20=220.27
CMED;20260508;medicamento;509003204117412;;;FARMOQUÍMICA S/A;REDUCLIM;1,25 MG COM CT BL AL PLAS TRANS X 35;TIBOLONA;7898040322199;1039001360109;90074394;509003204117412;;N;;84.34;116.25;;;;CMED_ICMS17;20260508;20;PF0=70|PF12=79.55|PF18=85.37|PF19=86.42|PF20=87.5|PF21=88.61|PF22=89.74|PMC0=96.49|PMC12=109.65|PMC18=117.67|PMC19=119.12|PMC20=120.61|PMC21=122.14|PMC22=123.7|PMVG17=66.18|PMVG18=66.99|PMVG20=68.66
CMED;20260508;medicamento;509003206111411;;;FARMOQUÍMICA S/A;REDUCLIM;2,5 MG COM CT BL AL PLAS TRANS X 35;TIBOLONA;7898040322205;1039001360095;90074432;509003206111411;;N;;112.71;155.36;;;;CMED_ICMS17;20260508;20;PF0=93.55|PF12=106.31|PF18=114.09|PF19=115.49|PF20=116.94|PF21=118.42|PF22=119.94|PMC0=128.95|PMC12=146.54|PMC18=157.26|PMC19=159.19|PMC20=161.19|PMC21=163.23|PMC22=165.32|PMVG17=88.44|PMVG18=89.53|PMVG20=91.76
CMED;20260508;medicamento;509019120021907;;;FARMOQUÍMICA S/A;REDUCLIM;2,5 MG COM CT BL AL PLAS TRANS X 14;TIBOLONA;78980403216977;1039001360036;90447204;509019120021907;;N;;44.89;61.88;;;;CMED_ICMS17;20260508;20;PF0=37.26|PF12=42.34|PF18=45.44|PF19=46|PF20=46.58|PF21=47.16|PF22=47.77|PMC0=51.36|PMC12=58.36|PMC18=62.63|PMC19=63.41|PMC20=64.21|PMC21=65.01|PMC22=65.85|PMVG17=35.23|PMVG18=35.66|PMVG20=36.55
CMED;20260508;medicamento;509019120022007;;;FARMOQUÍMICA S/A;REDUCLIM;1,25 MG COM CT BL AL PLAS TRANS X 14;TIBOLONA;7898040321727;1039001360079;90447212;509019120022007;;N;;25.57;35.25;;;;CMED_ICMS17;20260508;20;PF0=21.22|PF12=24.11|PF18=25.88|PF19=26.2|PF20=26.53|PF21=26.86|PF22=27.21|PMC0=29.25|PMC12=33.23|PMC18=35.67|PMC19=36.11|PMC20=36.57|PMC21=37.02|PMC22=37.51|PMVG17=20.06|PMVG18=20.31|PMVG20=20.82
CMED;20260508;medicamento;508026010197804;;;EUROFARMA LABORATORIOS S.A.;REDUXALT;(90 + 8) MG COM REV LIB PROL CT BL AL AL X 70;"CLORIDRATO DE NALTREXONA DI-HIDRATADO;CLORIDRATO DE BUPROPIONA";7891317039158;1004315620011;90619471;508026010197804;;N;;414.66;556.25;;;;CMED_ICMS17;20260508;20;PF0=344.17|PF12=391.1|PF18=419.72|PF19=424.9|PF20=430.21|PF21=435.66|PF22=441.24|PMC0=461.69|PMC12=524.65|PMC18=563.04|PMC19=569.99|PMC20=577.11|PMC21=584.42|PMC22=591.91|PMVG17=325.38|PMVG18=329.35|PMVG20=337.59
CMED;20260508;medicamento;508026010197904;;;EUROFARMA LABORATORIOS S.A.;REDUXALT;(90 + 8) MG COM REV LIB PROL CT BL AL AL X 120;"CLORIDRATO DE NALTREXONA DI-HIDRATADO;CLORIDRATO DE BUPROPIONA";7891317039165;1004315620021;90619480;508026010197904;;N;;710.86;953.59;;;;CMED_ICMS17;20260508;20;PF0=590.01|PF12=670.47|PF18=719.52|PF19=728.41|PF20=737.51|PF21=746.85|PF22=756.42|PMC0=791.48|PMC12=899.41|PMC18=965.21|PMC19=977.14|PMC20=989.34|PMC21=1001.87|PMC22=1014.71|PMVG17=557.81|PMVG18=564.61|PMVG20=578.72
CMED;20260508;medicamento;526624020012007;;;NOVO NORDISK FARMACÊUTICA DO BRASIL LTDA;REFIXIA;500 UI PO LIOF INJ CT FA VD TRANS + SER PREENC DIL X 4 ML + 1 HASTE EMBOLO + 1 ADAPTADOR FA;BETANONACOGUE PEGOL;7897705203262;1176600410015;90575245;526624020012007;;N;;4709.77;6317.99;;;;CMED_ICMS17;20260508;20;PF0=3909.11|PF12=4442.17|PF18=4767.21|PF19=4826.06|PF20=4886.39|PF21=4948.24|PF22=5011.68|PMC0=5243.93|PMC12=5959.01|PMC18=6395.04|PMC19=6473.99|PMC20=6554.92|PMC21=6637.89|PMC22=6722.99|PMVG17=3695.76|PMVG18=3740.83|PMVG20=3834.35
CMED;20260508;medicamento;526624020012107;;;NOVO NORDISK FARMACÊUTICA DO BRASIL LTDA;REFIXIA;1000 UI PO LIOF INJ CT FA VD TRANS + SER PREENC DIL X 4 ML + 1 HASTE EMBOLO + 1 ADAPTADOR FA;BETANONACOGUE PEGOL;7897705203279;1176600410023;90575253;526624020012107;;N;;9419.53;12635.96;;;;CMED_ICMS17;20260508;20;PF0=7818.21|PF12=8884.33|PF18=9534.4|PF19=9652.11|PF20=9772.76|PF21=9896.47|PF22=10023.34|PMC0=10487.85|PMC12=11918.01|PMC18=12790.06|PMC19=12947.96|PMC20=13109.81|PMC21=13275.76|PMC22=13445.95|PMVG17=7391.51|PMVG18=7481.64|PMVG20=7668.68
CMED;20260508;medicamento;526624020012207;;;NOVO NORDISK FARMACÊUTICA DO BRASIL LTDA;REFIXIA;2000 UI PO LIOF INJ CT FA VD TRANS + SER PREENC DIL X 4 ML + 1 HASTE EMBOLO + 1 ADAPTADOR FA;BETANONACOGUE PEGOL;7897705203286;1176600410031;90575261;526624020012207;;N;;18839.14;25272.04;;;;CMED_ICMS17;20260508;20;PF0=15636.49|PF12=17768.74|PF18=19068.89|PF19=19304.31|PF20=19545.61|PF21=19793.03|PF22=20046.78|PMC0=20975.79|PMC12=23836.13|PMC18=25580.24|PMC19=25896.04|PMC20=26219.74|PMC21=26551.65|PMC22=26892.04|PMVG17=14783.07|PMVG18=14963.36|PMVG20=15337.44
CMED;20260508;medicamento;536214070005614;;;ZYDUS NIKKHO FARMACÊUTICA LTDA;REFORGAN;250 MG COM REV CT BL AL PLAS TRANS X 20;ASPARTATO DE ARGININA;7897460401071;1565100390015;90324927;536214070005614;;N;;57.31;76.88;;;;CMED_ICMS17;20260508;20;PF0=47.57|PF12=54.06|PF18=58.01|PF19=58.73|PF20=59.46|PF21=60.22|PF22=60.99|PMC0=63.81|PMC12=72.52|PMC18=77.82|PMC19=78.78|PMC20=79.76|PMC21=80.78|PMC22=81.82|PMVG17=44.97|PMVG18=45.52|PMVG20=46.66
CMED;20260508;medicamento;536224080017807;;;ZYDUS NIKKHO FARMACÊUTICA LTDA;REFORGAN;250 MG COM REV CT BL AL PLAS TRANS X 30;ASPARTATO DE L-ARGININA;7897460401415;1565100390023;90387619;536224080017807;;N;;85.98;115.34;;;;CMED_ICMS17;20260508;20;PF0=71.36|PF12=81.09|PF18=87.02|PF19=88.1|PF20=89.2|PF21=90.33|PF22=91.49|PMC0=95.73|PMC12=108.78|PMC18=116.73|PMC19=118.18|PMC20=119.66|PMC21=121.17|PMC22=122.73|PMVG17=67.47|PMVG18=68.28|PMVG20=70
CMED;20260508;medicamento;510606301150311;;;GLAXOSMITHKLINE BRASIL LTDA;REFORTRIX;SUS INJ CT SER PREENC VD TRANS X 0,5 ML;"TOXÓIDE PERTUSSIS;TOXÓIDE DIFTÉRICO;PERTACTINA;TOXÓIDE TETÂNICO;HEMAGLUTININA FILAMENTOSA";7896015520007;1010701610010;90089618;510606301150311;;N;;149.2;205.66;;;;CMED_ICMS17;20260508;20;PF0=123.84|PF12=140.73|PF18=151.02|PF19=152.89|PF20=154.8|PF21=156.76|PF22=158.77|PMC0=170.7|PMC12=193.98|PMC18=208.17|PMC19=210.74|PMC20=213.38|PMC21=216.08|PMC22=218.85|PMVG17=117.08|PMVG18=118.5|PMVG20=121.47
CMED;20260508;medicamento;510612901156412;;;GLAXOSMITHKLINE BRASIL LTDA;REFORTRIX IPV;SUS INJ CT SER PREENC VD TRANS X 0,5 ML;"TOXÓIDE PERTUSSIS;POLIOVÍRUS INATIVADOS TIPO 3;POLIOVÍRUS INATIVADOS TIPO 2;TOXÓIDE DIFTÉRICO;PERTACTINA;POLIOVÍRUS INATIVADOS TIPO 1;TOXÓIDE TETÂNICO;HEMAGLUTININA FILAMENTOSA";7896015519742;1010702820019;90227166;510612901156412;;N;;170.55;235.09;;;;CMED_ICMS17;20260508;20;PF0=141.56|PF12=160.86|PF18=172.63|PF19=174.77|PF20=176.95|PF21=179.19|PF22=181.49|PMC0=195.13|PMC12=221.73|PMC18=237.95|PMC19=240.9|PMC20=243.91|PMC21=246.99|PMC22=250.17|PMVG17=133.83|PMVG18=135.46|PMVG20=138.85
CMED;20260508;medicamento;506719050078117;;;CRISTÁLIA PRODUTOS QUÍMICOS FARMACÊUTICOS LTDA.;REGENCEL;10.000 UI/G + 25 MG/G + 5 MG/G + 5 MG/G POM OFT CT BG AL X 3,5 G;"CLORANFENICOL;ACETATO DE RETINOL;AMINOÁCIDOS;METIONINA (11 C)";7896676432886;1029804930019;90433068;506719050078117;;N;;13.39;17.96;;;;CMED_ICMS17;20260508;20;PF0=11.11|PF12=12.63|PF18=13.55|PF19=13.72|PF20=13.89|PF21=14.06|PF22=14.24|PMC0=14.9|PMC12=16.94|PMC18=18.18|PMC19=18.4|PMC20=18.63|PMC21=18.86|PMC22=19.1|PMVG17=10.51|PMVG18=10.63|PMVG20=10.9
CMED;20260508;medicamento;503220100030607;;;BAXTER HOSPITALAR LTDA;REGIOCIT;(5,29 + 5,03) G/L SOL HD CX BOLS PLAS PO TRANS SIST FECH X 5000 ML;"CITRATO DE SÓDIO DI-HIDRATADO;CLORETO DE SÓDIO";7898473026336;1068301840010;90489950;503220100030607;;S;;;;;;;CMED_ICMS17;20260508;20;PF0=167.96
CMED;20260508;medicamento;510620080055507;;;GLAXOSMITHKLINE BRASIL LTDA;REGRAIR;100 MCG/DOSE SUS AER INAL OR CT TB AL X 200 ACIONAMENTOS + DISP INAL;SULFATO DE SALBUTAMOL;7896015591908;1010703450029;90489020;510620080055507;;N;;40.1;55.27;;;;CMED_ICMS17;20260508;20;PF0=33.28|PF12=37.82|PF18=40.59|PF19=41.09|PF20=41.6|PF21=42.13|PF22=42.67|PMC0=45.87|PMC12=52.13|PMC18=55.95|PMC19=56.64|PMC20=57.34|PMC21=58.07|PMC22=58.82
CMED;20260508;medicamento;552918020072204;;;ACHÉ LABORATÓRIOS FARMACÊUTICOS S.A;REGRESSA;8 MG CAP DURA LIB PROL CT BL AL PLAS TRANS X 7;BROMIDRATO DE GALANTAMINA;7896658028779;1057305130012;90422694;552918020072204;;N;;51.66;71.21;;;;CMED_ICMS17;20260508;20;PF0=42.88|PF12=48.73|PF18=52.29|PF19=52.94|PF20=53.6|PF21=54.28|PF22=54.97|PMC0=59.11|PMC12=67.17|PMC18=72.08|PMC19=72.97|PMC20=73.88|PMC21=74.82|PMC22=75.77
CMED;20260508;medicamento;552918020072304;;;ACHÉ LABORATÓRIOS FARMACÊUTICOS S.A;REGRESSA;8 MG CAP DURA LIB PROL CT BL AL PLAS TRANS X 30;BROMIDRATO DE GALANTAMINA;7896658029233;1057305130063;90422708;552918020072304;;N;;221.55;305.38;;;;CMED_ICMS17;20260508;20;PF0=183.89|PF12=208.97|PF18=224.26|PF19=227.02|PF20=229.86|PF21=232.77|PF22=235.76|PMC0=253.47|PMC12=288.04|PMC18=309.12|PMC19=312.92|PMC20=316.84|PMC21=320.85|PMC22=324.97
CMED;20260508;medicamento;552918020072404;;;ACHÉ LABORATÓRIOS FARMACÊUTICOS S.A;REGRESSA;16 MG CAP DURA LIB PROL CT BL AL PLAS TRANS X 30;BROMIDRATO DE GALANTAMINA;7896658029240;1057305130111;90422716;552918020072404;;N;;265.45;365.9;;;;CMED_ICMS17;20260508;20;PF0=220.32|PF12=250.36|PF18=268.68|PF19=272|PF20=275.4|PF21=278.89|PF22=282.46|PMC0=303.69|PMC12=345.1|PMC18=370.35|PMC19=374.92|PMC20=379.61|PMC21=384.42|PMC22=389.34
CMED;20260508;medicamento;552918020072504;;;ACHÉ LABORATÓRIOS FARMACÊUTICOS S.A;REGRESSA;24 MG CAP DURA LIB PROL CT BL AL PLAS TRANS X 30;BROMIDRATO DE GALANTAMINA;7896658029257;1057305130160;90422724;552918020072504;;N;;342.99;472.78;;;;CMED_ICMS17;20260508;20;PF0=284.68|PF12=323.5|PF18=347.17|PF19=351.46|PF20=355.85|PF21=360.35|PF22=364.97|PMC0=392.4|PMC12=445.91|PMC18=478.54|PMC19=484.45|PMC20=490.5|PMC21=496.7|PMC22=503.07
CMED;20260508;medicamento;508011401130417;;;EUROFARMA LABORATORIOS S.A.;REHIDRAT;(53,76 + 103,94 + 125,45 + 716,84) MG/G PO SOL OR CT 04 ENV PAP X 13,95 G;"CITRATO DE SÓDIO DI-HIDRATADO;CLORETO DE POTÁSSIO;GLICOSE;CLORETO DE SÓDIO";7891317007478;1004306900211;90070615;508011401130417;;N;;36.67;49.19;;;;CMED_ICMS17;20260508;20;PF0=30.44|PF12=34.59|PF18=37.12|PF19=37.58|PF20=38.05|PF21=38.53|PF22=39.03|PMC0=40.83|PMC12=46.4|PMC18=49.8|PMC19=50.41|PMC20=51.04|PMC21=51.69|PMC22=52.36|PMVG17=28.77|PMVG18=29.13|PMVG20=29.86
CMED;20260508;medicamento;508011402137415;;;EUROFARMA LABORATORIOS S.A.;REHIDRAT;(50,84 + 66,82 + 59,77 + 822,64) MG/G PO SOL OR CT 04 ENV PAP X 7,340 G;"CITRATO DE SÓDIO DI-HIDRATADO;CLORETO DE POTÁSSIO;GLICOSE;CLORETO DE SÓDIO";7891317007454;1004306900163;90070623;508011402137415;;N;;29.28;39.28;;;;CMED_ICMS17;20260508;20;PF0=24.3|PF12=27.61|PF18=29.63|PF19=30|PF20=30.38|PF21=30.76|PF22=31.15|PMC0=32.6|PMC12=37.04|PMC18=39.75|PMC19=40.24|PMC20=40.75|PMC21=41.26|PMC22=41.79|PMVG17=22.98|PMVG18=23.25|PMVG20=23.84
CMED;20260508;medicamento;508011403133413;;;EUROFARMA LABORATORIOS S.A.;REHIDRAT;(48,93 + 64,30 + 57,50 + 791,55) MG/G PO SOL OR CT 04 ENV PAP X 7,625 G (SABOR LARANJA);"CITRATO DE SÓDIO DI-HIDRATADO;CLORETO DE POTÁSSIO;GLICOSE;CLORETO DE SÓDIO";7891317007508;1004306900041;90070631;508011403133413;;N;;28.66;38.45;;;;CMED_ICMS17;20260508;20;PF0=23.79|PF12=27.03|PF18=29.01|PF19=29.37|PF20=29.74|PF21=30.11|PF22=30.5|PMC0=31.91|PMC12=36.26|PMC18=38.92|PMC19=39.4|PMC20=39.9|PMC21=40.39|PMC22=40.91|PMVG17=22.49|PMVG18=22.76|PMVG20=23.34
CMED;20260508;medicamento;517605803133413;;;LABORATORIO GLOBO SA;REHIDRAZOL;SOL OR CX FR PLAS TRANS X 450 ML (SABOR FRAMBOESA);"GLICOSE;CITRATO DE POTÁSSIO;CLORETO DE SÓDIO";7898060132310;1053501390071;90114205;517605803133413;;N;;16.07;21.56;;;;CMED_ICMS17;20260508;20;PF0=13.34|PF12=15.16|PF18=16.27|PF19=16.47|PF20=16.68|PF21=16.89|PF22=17.1|PMC0=17.9|PMC12=20.34|PMC18=21.83|PMC19=22.09|PMC20=22.38|PMC21=22.66|PMC22=22.94|PMVG17=12.61|PMVG18=12.77|PMVG20=13.09
CMED;20260508;medicamento;517605804131414;;;LABORATORIO GLOBO SA;REHIDRAZOL;SOL OR CX FR PLAS TRANS X 450 ML (SABOR LARANJA);"CLORETO DE POTÁSSIO;GLICOSE;CLORETO DE SÓDIO";7898060132280;1053501390088;90114213;517605804131414;;N;;16.07;21.56;;;;CMED_ICMS17;20260508;20;PF0=13.34|PF12=15.16|PF18=16.27|PF19=16.47|PF20=16.68|PF21=16.89|PF22=17.1|PMC0=17.9|PMC12=20.34|PMC18=21.83|PMC19=22.09|PMC20=22.38|PMC21=22.66|PMC22=22.94|PMVG17=12.61|PMVG18=12.77|PMVG20=13.09
CMED;20260508;medicamento;517605805136411;;;LABORATORIO GLOBO SA;REHIDRAZOL;SOL OR CX FR PLAS TRANS X 450 ML (SABOR NATURAL);"GLICOSE;CITRATO DE POTÁSSIO;CLORETO DE SÓDIO";7898060132273;1053501390053;90114221;517605805136411;;N;;16.07;21.56;;;;CMED_ICMS17;20260508;20;PF0=13.34|PF12=15.16|PF18=16.27|PF19=16.47|PF20=16.68|PF21=16.89|PF22=17.1|PMC0=17.9|PMC12=20.34|PMC18=21.83|PMC19=22.09|PMC20=22.38|PMC21=22.66|PMC22=22.94|PMVG17=12.61|PMVG18=12.77|PMVG20=13.09
CMED;20260508;medicamento;517605806132418;;;LABORATORIO GLOBO SA;REHIDRAZOL;SOL OR CX FR PLAS TRANS X 450 ML (SABOR UVA);"GLICOSE;CITRATO DE POTÁSSIO;CLORETO DE SÓDIO";7898060132327;1053501390061;90114230;517605806132418;;N;;16.07;21.56;;;;CMED_ICMS17;20260508;20;PF0=13.34|PF12=15.16|PF18=16.27|PF19=16.47|PF20=16.68|PF21=16.89|PF22=17.1|PMC0=17.9|PMC12=20.34|PMC18=21.83|PMC19=22.09|PMC20=22.38|PMC21=22.66|PMC22=22.94|PMVG17=12.61|PMVG18=12.77|PMVG20=13.09
CMED;20260508;medicamento;521418030006702;;;LABORATÓRIOS FERRING LTDA;REKOVELLE;33,3 MCG/ML SOL INJ CT 1 CAN APLIC PREENC VD INC X 0,36 ML + 3 AGU;DELTAFOLITROPINA;7896165601366;1287600200047;90404734;521418030006702;;N;;572.58;768.1;;;;CMED_ICMS17;20260508;20;PF0=475.24|PF12=540.05|PF18=579.56|PF19=586.72|PF20=594.05|PF21=601.57|PF22=609.28|PMC0=637.52|PMC12=724.46|PMC18=777.46|PMC19=787.06|PMC20=796.9|PMC21=806.98|PMC22=817.33|PMVG17=449.3|PMVG18=454.78|PMVG20=466.15
CMED;20260508;medicamento;521418030006802;;;LABORATÓRIOS FERRING LTDA;REKOVELLE;33,3 MCG/ML SOL INJ CT 1 CAN APLIC PREENC VD INC X 1,08 ML + 6 AGU;DELTAFOLITROPINA;7896165601359;1287600200055;90404742;521418030006802;;N;;1717.73;2304.27;;;;CMED_ICMS17;20260508;20;PF0=1425.72|PF12=1620.14|PF18=1738.68|PF19=1760.15|PF20=1782.15|PF21=1804.71|PF22=1827.85|PMC0=1912.55|PMC12=2173.36|PMC18=2332.38|PMC19=2361.18|PMC20=2390.69|PMC21=2420.95|PMC22=2452|PMVG17=1347.9|PMVG18=1364.34|PMVG20=1398.45
CMED;20260508;medicamento;521418030006902;;;LABORATÓRIOS FERRING LTDA;REKOVELLE;33,3 MCG/ML SOL INJ CT 1 CAN APLIC PREENC VD INC X 2,16 ML + 9 AGU;DELTAFOLITROPINA;7896165601373;1287600200063;90404750;521418030006902;;N;;3435.52;4608.63;;;;CMED_ICMS17;20260508;20;PF0=2851.48|PF12=3240.32|PF18=3477.41|PF19=3520.35|PF20=3564.35|PF21=3609.47|PF22=3655.74|PMC0=3825.16|PMC12=4346.77|PMC18=4664.82|PMC19=4722.42|PMC20=4781.45|PMC21=4841.98|PMC22=4904.05|PMVG17=2695.85|PMVG18=2728.72|PMVG20=2796.95
CMED;20260508;medicamento;505508701115419;;;CAZI QUIMICA FARMACEUTICA INDUSTRIA E COMERCIO LTDA;RELAPAX;10 MG COM CT ENV KRAFT PE X 20;DIAZEPAM;7893736014730;1071500300030;90038886;505508701115419;;N;;9.01;12.42;;;;CMED_ICMS17;20260508;20;PF0=7.48|PF12=8.5|PF18=9.12|PF19=9.23|PF20=9.35|PF21=9.47|PF22=9.59|PMC0=10.31|PMC12=11.72|PMC18=12.57|PMC19=12.72|PMC20=12.89|PMC21=13.05|PMC22=13.22|PMVG17=7.07|PMVG18=7.16|PMVG20=7.34
CMED;20260508;medicamento;505508702111417;;;CAZI QUIMICA FARMACEUTICA INDUSTRIA E COMERCIO LTDA;RELAPAX;5 MG COM CT ENV KRAFT PE X 20;DIAZEPAM;7893736014655;1071500300022;90038908;505508702111417;;N;;7.82;10.78;;;;CMED_ICMS17;20260508;20;PF0=6.49|PF12=7.38|PF18=7.91|PF19=8.01|PF20=8.11|PF21=8.22|PF22=8.32|PMC0=8.95|PMC12=10.17|PMC18=10.9|PMC19=11.04|PMC20=11.18|PMC21=11.33|PMC22=11.47|PMVG17=6.14|PMVG18=6.21|PMVG20=6.36
CMED;20260508;medicamento;505508703118415;;;CAZI QUIMICA FARMACEUTICA INDUSTRIA E COMERCIO LTDA;RELAPAX;10 MG COM CT ENV KRAFT PE X 500;DIAZEPAM;7893736024739;1071500300059;90038878;505508703118415;;N;;226.87;312.72;;;;CMED_ICMS17;20260508;20;PF0=188.3|PF12=213.98|PF18=229.63|PF19=232.47|PF20=235.38|PF21=238.35|PF22=241.41|PMC0=259.55|PMC12=294.95|PMC18=316.52|PMC19=320.44|PMC20=324.45|PMC21=328.54|PMC22=332.76|PMVG17=178.02|PMVG18=180.19|PMVG20=184.7
CMED;20260508;medicamento;505508704114413;;;CAZI QUIMICA FARMACEUTICA INDUSTRIA E COMERCIO LTDA;RELAPAX;5 MG COM CT ENV KRAFT PE X 500;DIAZEPAM;7893736024654;1071500300040;90038894;505508704114413;;N;;197.69;272.5;;;;CMED_ICMS17;20260508;20;PF0=164.08|PF12=186.45|PF18=200.1|PF19=202.57|PF20=205.1|PF21=207.7|PF22=210.36|PMC0=226.17|PMC12=257|PMC18=275.82|PMC19=279.22|PMC20=282.71|PMC21=286.29|PMC22=289.96|PMVG17=155.13|PMVG18=157.02|PMVG20=160.94
CMED;20260508;medicamento;505521040022103;;;CAZI QUIMICA FARMACEUTICA INDUSTRIA E COMERCIO LTDA;RELAPAX;5 MG COM CT ENV KRAFT PE X 30;DIAZEPAM;7893736014747;1071500300083;90506472;505521040022103;;N;;10.71;14.76;;;;CMED_ICMS17;20260508;20;PF0=8.89|PF12=10.1|PF18=10.84|PF19=10.98|PF20=11.11|PF21=11.25|PF22=11.4|PMC0=12.25|PMC12=13.92|PMC18=14.94|PMC19=15.13|PMC20=15.31|PMC21=15.51|PMC22=15.71|PMVG17=8.4|PMVG18=8.51|PMVG20=8.72
CMED;20260508;medicamento;505521050022203;;;CAZI QUIMICA FARMACEUTICA INDUSTRIA E COMERCIO LTDA;RELAPAX;10 MG COM CT ENV KRAFT PE X 30;DIAZEPAM;7893736014754;1071500300091;90509897;505521050022203;;N;;13.54;18.66;;;;CMED_ICMS17;20260508;20;PF0=11.24|PF12=12.77|PF18=13.71|PF19=13.88|PF20=14.05|PF21=14.23|PF22=14.41|PMC0=15.49|PMC12=17.6|PMC18=18.9|PMC19=19.13|PMC20=19.37|PMC21=19.61|PMC22=19.86|PMVG17=10.62|PMVG18=10.76|PMVG20=11.03
CMED;20260508;medicamento;597424010000704;;;CIPLA BRASIL IMPORTADORA E DISTRIBUIDORA DE MEDICAMENTOS LTDA;RELDAPTOS;500 MG PO LIOF SOL INJ IV CT FA VD TRANS;DAPTOMICINA;8901117298613;1154100180011;90577302;597424010000704;;S;;399.22;;;;;CMED_ICMS17;20260508;20;PF0=331.35|PF12=376.53|PF18=404.09|PF19=409.07|PF20=414.19|PF21=419.43|PF22=424.81|PMVG17=313.27|PMVG18=317.09|PMVG20=325.02
CMED;20260508;medicamento;510606401171310;;;GLAXOSMITHKLINE BRASIL LTDA;RELENZA;5 MG PO INAL CT BL AL /AL X 20 DOSES + APLICADOR;ZANAMIVIR;7896269901485;1010702630015;90089626;510606401171310;;N;;132.49;182.62;;;;CMED_ICMS17;20260508;20;PF0=109.97|PF12=124.97|PF18=134.11|PF19=135.77|PF20=137.46|PF21=139.2|PF22=140.99|PMC0=151.58|PMC12=172.26|PMC18=184.86|PMC19=187.14|PMC20=189.47|PMC21=191.87|PMC22=194.34|PMVG17=103.96|PMVG18=105.24|PMVG20=107.86
CMED;20260508;medicamento;501006101135311;;;ALLERGAN PRODUTOS FARMACÊUTICOS LTDA;RELESTAT;0,5 MG/ML SOL OFT CT FR GOT PLAS PEBD OPC X 5 ML;CLORIDRATO DE EPINASTINA;7897316805299;1014701630014;90007018;501006101135311;;N;;61.71;82.78;;;;CMED_ICMS17;20260508;20;PF0=51.22|PF12=58.2|PF18=62.46|PF19=63.23|PF20=64.03|PF21=64.84|PF22=65.67|PMC0=68.71|PMC12=78.07|PMC18=83.79|PMC19=84.82|PMC20=85.89|PMC21=86.98|PMC22=88.09|PMVG17=48.42|PMVG18=49.01|PMVG20=50.25
CMED;20260508;medicamento;510614060051902;;;GLAXOSMITHKLINE BRASIL LTDA;RELVAR ELLIPTA;100 MCG + 25 MCG PÓ INAL OR CT STR X 14 DOSES + BAND;"TRIFENATATO DE VILANTEROL;FUROATO DE FLUTICASONA";7896015528812;1010702990011;90309308;510614060051902;;N;;73.37;98.42;;;;CMED_ICMS17;20260508;20;PF0=60.9|PF12=69.2|PF18=74.27|PF19=75.19|PF20=76.13|PF21=77.09|PF22=78.08|PMC0=81.7|PMC12=92.83|PMC18=99.63|PMC19=100.86|PMC20=102.13|PMC21=103.41|PMC22=104.74|PMVG17=57.57|PMVG18=58.28|PMVG20=59.74
CMED;20260508;medicamento;510614060052002;;;GLAXOSMITHKLINE BRASIL LTDA;RELVAR ELLIPTA;100 MCG + 25 MCG PÓ INAL OR CT STR X 30 DOSES + BAND;"TRIFENATATO DE VILANTEROL;FUROATO DE FLUTICASONA";7896015528829;1010702990021;90309316;510614060052002;;N;;157.19;210.86;;;;CMED_ICMS17;20260508;20;PF0=130.47|PF12=148.26|PF18=159.11|PF19=161.07|PF20=163.09|PF21=165.15|PF22=167.27|PMC0=175.02|PMC12=198.89|PMC18=213.44|PMC19=216.07|PMC20=218.78|PMC21=221.54|PMC22=224.39|PMVG17=123.35|PMVG18=124.85|PMVG20=127.98
CMED;20260508;medicamento;510614060052102;;;GLAXOSMITHKLINE BRASIL LTDA;RELVAR ELLIPTA;200 MCG + 25 MCG PÓ INAL OR CT STR X 14 DOSES + BAND;"TRIFENATATO DE VILANTEROL;FUROATO DE FLUTICASONA";7896015528836;1010702990038;90309324;510614060052102;;N;;119.17;159.86;;;;CMED_ICMS17;20260508;20;PF0=98.91|PF12=112.4|PF18=120.62|PF19=122.11|PF20=123.64|PF21=125.2|PF22=126.81|PMC0=132.68|PMC12=150.78|PMC18=161.81|PMC19=163.81|PMC20=165.86|PMC21=167.95|PMC22=170.11|PMVG17=93.51|PMVG18=94.65|PMVG20=97.02
CMED;20260508;medicamento;510614060052202;;;GLAXOSMITHKLINE BRASIL LTDA;RELVAR ELLIPTA;200 MCG + 25 MCG PÓ INAL OR CT STR X 30 DOSES + BAND;"TRIFENATATO DE VILANTEROL;FUROATO DE FLUTICASONA";7896015528843;1010702990046;90309332;510614060052202;;N;;255.37;342.57;;;;CMED_ICMS17;20260508;20;PF0=211.96|PF12=240.86|PF18=258.49|PF19=261.68|PF20=264.95|PF21=268.3|PF22=271.74|PMC0=284.34|PMC12=323.11|PMC18=346.76|PMC19=351.03|PMC20=355.42|PMC21=359.91|PMC22=364.53|PMVG17=200.39|PMVG18=202.84|PMVG20=207.91
CMED;20260508;medicamento;552923040159004;;;ACHÉ LABORATÓRIOS FARMACÊUTICOS S.A;RELYON;2 MG PO LIOF SOL INJ IV CT 5 FA VD TRANS;CLORIDRATO DE REMIFENTANILA;7896658039737;1057300420012;90560388;552923040159004;;S;;351.54;;;;;CMED_ICMS17;20260508;20;PF0=291.78|PF12=331.57|PF18=355.83|PF19=360.22|PF20=364.73|PF21=369.34|PF22=374.08|PMVG17=275.85|PMVG18=279.22|PMVG20=286.2
CMED;20260508;medicamento;525522100026217;;;ORGANON FARMACEUTICA LTDA.;REMERON;15 MG COM ORODISP CT BL AL PLAS PVC TRANS X 6;MIRTAZAPINA;7897337716604;1002902240015;90542339;525522100026217;;N;;30.45;41.97;;;;CMED_ICMS17;20260508;20;PF0=25.27|PF12=28.72|PF18=30.82|PF19=31.2|PF20=31.59|PF21=31.99|PF22=32.4|PMC0=34.83|PMC12=39.59|PMC18=42.48|PMC19=43.01|PMC20=43.54|PMC21=44.09|PMC22=44.66|PMVG17=23.89|PMVG18=24.19|PMVG20=24.79
CMED;20260508;medicamento;525522100026317;;;ORGANON FARMACEUTICA LTDA.;REMERON;15 MG COM ORODISP CT BL AL PLAS PVC TRANS X 30;MIRTAZAPINA;7897337716635;1002902240023;90542347;525522100026317;;N;;152.27;209.89;;;;CMED_ICMS17;20260508;20;PF0=126.38|PF12=143.61|PF18=154.12|PF19=156.02|PF20=157.98|PF21=159.97|PF22=162.03|PMC0=174.2|PMC12=197.95|PMC18=212.44|PMC19=215.06|PMC20=217.76|PMC21=220.5|PMC22=223.34|PMVG17=119.49|PMVG18=120.94|PMVG20=123.97
CMED;20260508;medicamento;525522100026417;;;ORGANON FARMACEUTICA LTDA.;REMERON;30 MG COM ORODISP CT BL AL PLAS PVC TRANS X 6;MIRTAZAPINA;7897337716642;1002902240031;90542355;525522100026417;;N;;60.92;83.97;;;;CMED_ICMS17;20260508;20;PF0=50.56|PF12=57.45|PF18=61.66|PF19=62.42|PF20=63.2|PF21=64|PF22=64.82|PMC0=69.69|PMC12=79.19|PMC18=84.99|PMC19=86.04|PMC20=87.11|PMC21=88.22|PMC22=89.35|PMVG17=47.8|PMVG18=48.38|PMVG20=49.59
CMED;20260508;medicamento;525522100026517;;;ORGANON FARMACEUTICA LTDA.;REMERON;30 MG COM ORODISP CT BL AL PLAS PVC TRANS X 30;MIRTAZAPINA;7897337716666;1002902240041;90542363;525522100026517;;N;;304.6;419.86;;;;CMED_ICMS17;20260508;20;PF0=252.82|PF12=287.3|PF18=308.32|PF19=312.12|PF20=316.03|PF21=320.03|PF22=324.13|PMC0=348.49|PMC12=396.01|PMC18=424.99|PMC19=430.22|PMC20=435.61|PMC21=441.13|PMC22=446.78|PMVG17=239.02|PMVG18=241.94|PMVG20=247.99
CMED;20260508;medicamento;525522100026617;;;ORGANON FARMACEUTICA LTDA.;REMERON;45 MG COM ORODISP CT BL AL PLAS PVC TRANS X 30;MIRTAZAPINA;7897337716673;1002902240058;90542371;525522100026617;;N;;433.06;596.93;;;;CMED_ICMS17;20260508;20;PF0=359.44|PF12=408.45|PF18=438.34|PF19=443.75|PF20=449.3|PF21=454.99|PF22=460.82|PMC0=495.45|PMC12=563.01|PMC18=604.21|PMC19=611.66|PMC20=619.31|PMC21=627.16|PMC22=635.19|PMVG17=339.82|PMVG18=343.97|PMVG20=352.57
CMED;20260508;medicamento;514512080025214;;;JANSSEN-CILAG FARMACEUTICA LTDA;REMICADE;10 MG/ML PO LIOF CT FA VD TRANS X 10 ML;INFLIXIMABE;7896212424399;1123634030011;90268920;514512080025214;;S;;5846.02;;;;;CMED_ICMS17;20260508;20;PF0=4852.2|PF12=5513.87|PF18=5917.32|PF19=5990.37|PF20=6065.25|PF21=6142.03|PF22=6220.77|PMVG17=4587.37|PMVG18=4643.32|PMVG20=4759.4
CMED;20260508;medicamento;506715120061103;;;CRISTÁLIA PRODUTOS QUÍMICOS FARMACÊUTICOS LTDA.;REMIFAS;2 MG PO LIOF SOL INJ IV CX 5 FA VD TRANS;CLORIDRATO DE REMIFENTANILA;7896676416251;1029804220021;90335074;506715120061103;;S;;296.4;;;;;CMED_ICMS17;20260508;20;PF0=246.01|PF12=279.56|PF18=300.01|PF19=303.72|PF20=307.51|PF21=311.41|PF22=315.4|PMVG17=232.59|PMVG18=235.42|PMVG20=241.3
CMED;20260508;medicamento;506715120061303;;;CRISTÁLIA PRODUTOS QUÍMICOS FARMACÊUTICOS LTDA.;REMIFAS;5 MG PO LIOF SOL INJ IV CX 5 FA VD TRANS;CLORIDRATO DE REMIFENTANILA;7896676416275;1029804220046;90335090;506715120061303;;S;;676.28;;;;;CMED_ICMS17;20260508;20;PF0=561.31|PF12=637.85|PF18=684.52|PF19=692.98|PF20=701.64|PF21=710.52|PF22=719.63|PMVG17=530.68|PMVG18=537.14|PMVG20=550.58
CMED;20260508;medicamento;552919110080807;;;ACHÉ LABORATÓRIOS FARMACÊUTICOS S.A;REMILEV;250 MG + 60 MG COM REV CT BL AL AL X 10;"HUMULUS LUPULUS L.;VALERIANA OFFICINALIS L.";7896658011603;1057303570058;90442709;552919110080807;;N;;34.31;46.03;;;;CMED_ICMS17;20260508;20;PF0=28.48|PF12=32.36|PF18=34.73|PF19=35.16|PF20=35.6|PF21=36.05|PF22=36.51|PMC0=38.2|PMC12=43.41|PMC18=46.59|PMC19=47.17|PMC20=47.76|PMC21=48.36|PMC22=48.98|PMVG17=26.92|PMVG18=27.25|PMVG20=27.94
CMED;20260508;medicamento;552919110080907;;;ACHÉ LABORATÓRIOS FARMACÊUTICOS S.A;REMILEV;250 MG + 60 MG COM REV CT BL AL AL X 20;"HUMULUS LUPULUS L.;VALERIANA OFFICINALIS L.";7896658004810;1057303570066;90442717;552919110080907;;N;;63.25;84.85;;;;CMED_ICMS17;20260508;20;PF0=52.5|PF12=59.66|PF18=64.02|PF19=64.81|PF20=65.63|PF21=66.46|PF22=67.31|PMC0=70.43|PMC12=80.03|PMC18=85.88|PMC19=86.94|PMC20=88.04|PMC21=89.15|PMC22=90.29|PMVG17=49.63|PMVG18=50.24|PMVG20=51.5
CMED;20260508;medicamento;533021060073204;;;UNIÃO QUÍMICA FARMACÊUTICA NACIONAL S/A;REMISTESI;2 MG PO LIOF SOL INJ/INFUS IV CT 5 FA VD TRANS;CLORIDRATO DE REMIFENTANILA;7896006217510;1049714580021;90513940;533021060073204;;S;;332.7;;;;;CMED_ICMS17;20260508;20;PF0=276.14|PF12=313.8|PF18=336.76|PF19=340.91|PF20=345.18|PF21=349.54|PF22=354.03|PMVG17=261.07|PMVG18=264.26|PMVG20=270.86
CMED;20260508;medicamento;545116050000007;;;CELLTRION HEALTHCARE DISTRIBUICAO DE PRODUTOS FARMACEUTICOS DOS BRASIL LTDA;REMSIMA;10 MG/ML PO LIOF CT FA VD INC X 10 ML;INFLIXIMABE;7898576550028;1921600010010;90346408;545116050000007;;N;;3330.32;4590.5;;;;CMED_ICMS17;20260508;20;PF0=2764.17|PF12=3141.1|PF18=3370.94|PF19=3412.56|PF20=3455.21|PF21=3498.95|PF22=3543.81|PMC0=3810.12|PMC12=4329.68|PMC18=4646.49|PMC19=4703.86|PMC20=4762.65|PMC21=4822.94|PMC22=4884.77
CMED;20260508;medicamento;545122120000607;;;CELLTRION HEALTHCARE DISTRIBUICAO DE PRODUTOS FARMACEUTICOS DOS BRASIL LTDA;REMSIMA;120 MG/ML SOL INJ CT 2 SER PREENCH VD TRANS X 1,0 ML + 2 ENV LEN ALCOOL;INFLIXIMABE;7898576550158;1921600010045;90559690;545122120000607;;N;;14030.47;19339.54;;;;CMED_ICMS17;20260508;20;PF0=11645.29|PF12=13233.29|PF18=14201.57|PF19=14376.9|PF20=14556.61|PF21=14740.88|PF22=14929.86|PMC0=16051.82|PMC12=18240.71|PMC18=19575.39|PMC19=19817.06|PMC20=20064.77|PMC21=20318.77|PMC22=20579.26
CMED;20260508;medicamento;545122120000707;;;CELLTRION HEALTHCARE DISTRIBUICAO DE PRODUTOS FARMACEUTICOS DOS BRASIL LTDA;REMSIMA;120 MG/ML SOL INJ CT 4 SER PREENCH VD TRANS X 1,0 ML + 4 ENV LEN ALCOOL;INFLIXIMABE;7898576550172;1921600010053;90559703;545122120000707;;N;;28060.9;38679.03;;;;CMED_ICMS17;20260508;20;PF0=23290.55|PF12=26466.54|PF18=28403.11|PF19=28753.77|PF20=29113.19|PF21=29481.71|PF22=29859.67|PMC0=32103.6|PMC12=36481.37|PMC18=39150.73|PMC19=39634.08|PMC20=40129.5|PMC21=40637.47|PMC22=41158.45
CMED;20260508;medicamento;545122120000807;;;CELLTRION HEALTHCARE DISTRIBUICAO DE PRODUTOS FARMACEUTICOS DOS BRASIL LTDA;REMSIMA;120 MG/ML SOL INJ CT 1 SER PREENCH VD TRANS X 1,0 ML + PROT ESP AGU + 2 ENV LEN ALCOOL;INFLIXIMABE;7898576550196;1921600010061;90559711;545122120000807;;N;;7015.23;9669.76;;;;CMED_ICMS17;20260508;20;PF0=5822.64|PF12=6616.64|PF18=7100.78|PF19=7188.45|PF20=7278.3|PF21=7370.43|PF22=7464.92|PMC0=8025.9|PMC12=9120.35|PMC18=9787.69|PMC19=9908.53|PMC20=10032.38|PMC21=10159.37|PMC22=10289.61
CMED;20260508;medicamento;545122120000907;;;CELLTRION HEALTHCARE DISTRIBUICAO DE PRODUTOS FARMACEUTICOS DOS BRASIL LTDA;REMSIMA;120 MG/ML SOL INJ CT 4 SER PREENCH VD TRANS X 1,0 ML + PROT ESP AGU + 4 ENV LEN ALCOOL;INFLIXIMABE;7898576550233;1921600010088;90559738;545122120000907;;N;;28060.9;38679.03;;;;CMED_ICMS17;20260508;20;PF0=23290.55|PF12=26466.54|PF18=28403.11|PF19=28753.77|PF20=29113.19|PF21=29481.71|PF22=29859.67|PMC0=32103.6|PMC12=36481.37|PMC18=39150.73|PMC19=39634.08|PMC20=40129.5|PMC21=40637.47|PMC22=41158.45
CMED;20260508;medicamento;545122120001007;;;CELLTRION HEALTHCARE DISTRIBUICAO DE PRODUTOS FARMACEUTICOS DOS BRASIL LTDA;REMSIMA;120 MG/ML SOL INJ CT 2 SER PREENCH VD TRANS X 1,0 ML + CAN APLIC + 2 ENV LEN ALCOOL;INFLIXIMABE;7898576550271;1921600010101;90559754;545122120001007;;N;;14030.47;19339.54;;;;CMED_ICMS17;20260508;20;PF0=11645.29|PF12=13233.29|PF18=14201.57|PF19=14376.9|PF20=14556.61|PF21=14740.88|PF22=14929.86|PMC0=16051.82|PMC12=18240.71|PMC18=19575.39|PMC19=19817.06|PMC20=20064.77|PMC21=20318.77|PMC22=20579.26
CMED;20260508;medicamento;545122120001107;;;CELLTRION HEALTHCARE DISTRIBUICAO DE PRODUTOS FARMACEUTICOS DOS BRASIL LTDA;REMSIMA;120 MG/ML SOL INJ CT 4 SER PREENCH VD TRANS X 1,0 ML + CAN APLIC + 4 ENV LEN ALCOOL;INFLIXIMABE;7898576550295;1921600010118;90559762;545122120001107;;N;;28060.9;38679.03;;;;CMED_ICMS17;20260508;20;PF0=23290.55|PF12=26466.54|PF18=28403.11|PF19=28753.77|PF20=29113.19|PF21=29481.71|PF22=29859.67|PMC0=32103.6|PMC12=36481.37|PMC18=39150.73|PMC19=39634.08|PMC20=40129.5|PMC21=40637.47|PMC22=41158.45
CMED;20260508;medicamento;545122120001207;;;CELLTRION HEALTHCARE DISTRIBUICAO DE PRODUTOS FARMACEUTICOS DOS BRASIL LTDA;REMSIMA;120 MG/ML SOL INJ CT 2 SER PREENCH VD TRANS X 1,0 ML + PROT ESP AGU + 2 ENV LEN ALCOOL;INFLIXIMABE;7898576550219;1921600010071;90559720;545122120001207;;N;;14030.47;19339.54;;;;CMED_ICMS17;20260508;20;PF0=11645.29|PF12=13233.29|PF18=14201.57|PF19=14376.9|PF20=14556.61|PF21=14740.88|PF22=14929.86|PMC0=16051.82|PMC12=18240.71|PMC18=19575.39|PMC19=19817.06|PMC20=20064.77|PMC21=20318.77|PMC22=20579.26
CMED;20260508;medicamento;545122120001307;;;CELLTRION HEALTHCARE DISTRIBUICAO DE PRODUTOS FARMACEUTICOS DOS BRASIL LTDA;REMSIMA;120 MG/ML SOL INJ CT 1 SER PREENCH VD TRANS X 1,0 ML + CAN APLIC + 2 ENV LEN ALCOOL;INFLIXIMABE;7898576550257;1921600010096;90559746;545122120001307;;N;;7015.23;9669.76;;;;CMED_ICMS17;20260508;20;PF0=5822.64|PF12=6616.64|PF18=7100.78|PF19=7188.45|PF20=7278.3|PF21=7370.43|PF22=7464.92|PMC0=8025.9|PMC12=9120.35|PMC18=9787.69|PMC19=9908.53|PMC20=10032.38|PMC21=10159.37|PMC22=10289.61
CMED;20260508;medicamento;545122120001407;;;CELLTRION HEALTHCARE DISTRIBUICAO DE PRODUTOS FARMACEUTICOS DOS BRASIL LTDA;REMSIMA;120 MG/ML SOL INJ CT 1 SER PREENCH VD TRANS X 1,0 ML + 2 ENV LEN ALCOOL;INFLIXIMABE;7898576550134;1921600010037;90559681;545122120001407;;N;;7015.23;9669.76;;;;CMED_ICMS17;20260508;20;PF0=5822.64|PF12=6616.64|PF18=7100.78|PF19=7188.45|PF20=7278.3|PF21=7370.43|PF22=7464.92|PMC0=8025.9|PMC12=9120.35|PMC18=9787.69|PMC19=9908.53|PMC20=10032.38|PMC21=10159.37|PMC22=10289.61
CMED;20260508;medicamento;576720090086717;;;SANOFI MEDLEY FARMACÊUTICA LTDA.;RENAGEL;800 MG COM REV CT FR PLAS OPC X 180;CLORIDRATO DE SEVELÂMER;7898328480030;1832604450014;90481690;576720090086717;;N;;1360.58;1875.42;;;;CMED_ICMS17;20260508;20;PF0=1129.28|PF12=1283.27|PF18=1377.17|PF19=1394.17|PF20=1411.6|PF21=1429.47|PF22=1447.79|PMC0=1556.59|PMC12=1768.85|PMC18=1898.29|PMC19=1921.72|PMC20=1945.74|PMC21=1970.38|PMC22=1995.63
CMED;20260508;medicamento;504617030054817;;;BRAINFARMA INDÚSTRIA QUÍMICA E FARMACÊUTICA S.A;RENALAPRIL;20 MG COM CT ENV AL X 30;MALEATO DE ENALAPRIL;7896714200750;1558401820067;90374274;504617030054817;;N;;60.02;82.73;;;;CMED_ICMS17;20260508;20;PF0=49.82|PF12=56.61|PF18=60.76|PF19=61.51|PF20=62.28|PF21=63.06|PF22=63.87|PMC0=68.67|PMC12=78.03|PMC18=83.75|PMC19=84.79|PMC20=85.85|PMC21=86.92|PMC22=88.04|PMVG17=47.1|PMVG18=47.68|PMVG20=48.87
CMED;20260508;medicamento;504617030054917;;;BRAINFARMA INDÚSTRIA QUÍMICA E FARMACÊUTICA S.A;RENALAPRIL;10 MG COM CT ENV AL X 30;MALEATO DE ENALAPRIL;7896714200743;1558401820040;90374282;504617030054917;;N;;36.96;50.95;;;;CMED_ICMS17;20260508;20;PF0=30.68|PF12=34.86|PF18=37.41|PF19=37.88|PF20=38.35|PF21=38.84|PF22=39.33|PMC0=42.29|PMC12=48.05|PMC18=51.57|PMC19=52.21|PMC20=52.86|PMC21=53.54|PMC22=54.21
CMED;20260508;medicamento;504617030055017;;;BRAINFARMA INDÚSTRIA QUÍMICA E FARMACÊUTICA S.A;RENALAPRIL;5 MG COM CT ENV AL X 30;MALEATO DE ENALAPRIL;7896714200736;1558401820075;90374290;504617030055017;;N;;23.43;32.3;;;;CMED_ICMS17;20260508;20;PF0=19.45|PF12=22.1|PF18=23.72|PF19=24.01|PF20=24.31|PF21=24.62|PF22=24.94|PMC0=26.81|PMC12=30.46|PMC18=32.7|PMC19=33.1|PMC20=33.51|PMC21=33.94|PMC22=34.38|PMVG17=18.39|PMVG18=18.61|PMVG20=19.08
CMED;20260508;medicamento;533512100023403;;;VITAMEDIC INDUSTRIA FARMACEUTICA LTDA;RENAPRIL;10 MG COM CT ENV AL X 30;MALEATO DE ENALAPRIL;7898049795833;1039200840143;90259696;533512100023403;;N;;7.37;10.16;;;;CMED_ICMS17;20260508;20;PF0=6.12|PF12=6.95|PF18=7.46|PF19=7.56|PF20=7.65|PF21=7.75|PF22=7.85|PMC0=8.44|PMC12=9.58|PMC18=10.28|PMC19=10.42|PMC20=10.54|PMC21=10.68|PMC22=10.82|PMVG17=5.78|PMVG18=5.85|PMVG20=6
CMED;20260508;medicamento;533512100023603;;;VITAMEDIC INDUSTRIA FARMACEUTICA LTDA;RENAPRIL;20 MG COM CT ENV AL X 30;MALEATO DE ENALAPRIL;7898049795864;1039200840178;90259718;533512100023603;;N;;31.45;43.35;;;;CMED_ICMS17;20260508;20;PF0=26.1|PF12=29.66|PF18=31.83|PF19=32.22|PF20=32.63|PF21=33.04|PF22=33.46|PMC0=35.98|PMC12=40.88|PMC18=43.87|PMC19=44.41|PMC20=44.98|PMC21=45.54|PMC22=46.12|PMVG17=24.68|PMVG18=24.98|PMVG20=25.61
CMED;20260508;medicamento;569719010000107;;;SAMSUNG BIOEPIS BR PHARMACEUTICAL LTDA.;RENFLEXIS;100 MG PO LIOF SOL INJ IV CT FA VD TRANS;INFLIXIMABE;7898994611530;1592100020010;90423666;569719010000107;;S;;2210.89;;;;;CMED_ICMS17;20260508;20;PF0=1835.04|PF12=2085.27|PF18=2237.85|PF19=2265.48|PF20=2293.8|PF21=2322.84|PF22=2352.61
CMED;20260508;medicamento;525501901113314;;;ORGANON FARMACEUTICA LTDA.;RENITEC;10 MG COM CT BL AL/AL X 30;MALEATO DE ENALAPRIL;7897337705882;1002900310504;90162935;525501901113314;;N;;20.41;28.13;;;;CMED_ICMS17;20260508;20;PF0=16.94|PF12=19.25|PF18=20.66|PF19=20.91|PF20=21.18|PF21=21.44|PF22=21.72|PMC0=23.35|PMC12=26.53|PMC18=28.48|PMC19=28.82|PMC20=29.19|PMC21=29.55|PMC22=29.94|PMVG17=16.02|PMVG18=16.21|PMVG20=16.62
CMED;20260508;medicamento;525501903116310;;;ORGANON FARMACEUTICA LTDA.;RENITEC;20 MG COM CT BL AL/AL X 30;MALEATO DE ENALAPRIL;7897337705868;1002900310512;90162951;525501903116310;;N;;62.35;85.94;;;;CMED_ICMS17;20260508;20;PF0=51.75|PF12=58.81|PF18=63.11|PF19=63.89|PF20=64.69|PF21=65.51|PF22=66.35|PMC0=71.33|PMC12=81.06|PMC18=86.99|PMC19=88.07|PMC20=89.17|PMC21=90.3|PMC22=91.46|PMVG17=48.93|PMVG18=49.52|PMVG20=50.76
CMED;20260508;medicamento;525501904112319;;;ORGANON FARMACEUTICA LTDA.;RENITEC;5 MG COM CT BL AL/AL X 30;MALEATO DE ENALAPRIL;7897337705899;1002900310490;90162960;525501904112319;;N;;31.76;43.78;;;;CMED_ICMS17;20260508;20;PF0=26.36|PF12=29.95|PF18=32.15|PF19=32.54|PF20=32.95|PF21=33.37|PF22=33.79|PMC0=36.33|PMC12=41.28|PMC18=44.32|PMC19=44.85|PMC20=45.42|PMC21=46|PMC22=46.58|PMVG17=24.92|PMVG18=25.23|PMVG20=25.86
CMED;20260508;medicamento;503413110016403;;;BELFAR LTDA;RENOPRIL;20 MG COM CT STR X 30;MALEATO DE ENALAPRIL;7897917001199;1057100960137;90294823;503413110016403;;N;;28.65;39.49;;;;CMED_ICMS17;20260508;20;PF0=23.78|PF12=27.02|PF18=29|PF19=29.36|PF20=29.73|PF21=30.1|PF22=30.49|PMC0=32.78|PMC12=37.24|PMC18=39.97|PMC19=40.47|PMC20=40.98|PMC21=41.49|PMC22=42.03|PMVG17=22.48|PMVG18=22.76|PMVG20=23.33
CMED;20260508;medicamento;503413110016503;;;BELFAR LTDA;RENOPRIL;5 MG COM CT STR X 30;MALEATO DE ENALAPRIL;7897917001175;1057100960099;90294807;503413110016503;;N;;12.81;17.66;;;;CMED_ICMS17;20260508;20;PF0=10.63|PF12=12.08|PF18=12.96|PF19=13.12|PF20=13.29|PF21=13.46|PF22=13.63|PMC0=14.65|PMC12=16.65|PMC18=17.86|PMC19=18.08|PMC20=18.32|PMC21=18.55|PMC22=18.79|PMVG17=10.05|PMVG18=10.17|PMVG20=10.43
CMED;20260508;medicamento;503413110016603;;;BELFAR LTDA;RENOPRIL;10 MG COM CT STR X 30;MALEATO DE ENALAPRIL;7897917001182;1057100960110;90294815;503413110016603;;N;;19.34;26.66;;;;CMED_ICMS17;20260508;20;PF0=16.05|PF12=18.24|PF18=19.57|PF19=19.81|PF20=20.06|PF21=20.32|PF22=20.58|PMC0=22.12|PMC12=25.14|PMC18=26.98|PMC19=27.31|PMC20=27.65|PMC21=28.01|PMC22=28.37|PMVG17=15.18|PMVG18=15.36|PMVG20=15.74
CMED;20260508;medicamento;542621050016504;;;SUPERA FARMA LABORATÓRIOS S.A;RENOVI B;5000 MCG + 100 MG + 100 MG COM REV CT BL AL AL X 8;"NITRATO DE TIAMINA;CLORIDRATO DE PIRIDOXINA;CIANOCOBALAMINA";7899420508318;1037203020019;90511085;542621050016504;;N;;19;26.19;;;;CMED_ICMS17;20260508;20;PF0=15.77|PF12=17.92|PF18=19.23|PF19=19.47|PF20=19.71|PF21=19.96|PF22=20.22|PMC0=21.74|PMC12=24.7|PMC18=26.51|PMC19=26.84|PMC20=27.17|PMC21=27.51|PMC22=27.87|PMVG17=14.91|PMVG18=15.09|PMVG20=15.47
CMED;20260508;medicamento;542621080016903;;;SUPERA FARMA LABORATÓRIOS S.A;RENOVI B;5000 MCG + 100 MG + 100 MG COM REV CT BL AL AL X 30;"NITRATO DE TIAMINA;CLORIDRATO DE PIRIDOXINA;CIANOCOBALAMINA";7899420501487;1037203020043;90519540;542621080016903;;N;;71.23;98.18;;;;CMED_ICMS17;20260508;20;PF0=59.12|PF12=67.18|PF18=72.1|PF19=72.99|PF20=73.9|PF21=74.84|PF22=75.79|PMC0=81.49|PMC12=92.6|PMC18=99.38|PMC19=100.61|PMC20=101.86|PMC21=103.16|PMC22=104.47|PMVG17=55.89|PMVG18=56.58|PMVG20=57.99
CMED;20260508;medicamento;542621110017504;;;SUPERA FARMA LABORATÓRIOS S.A;RENOVI B PLUS;(100,0 + 100,0) MG/ML SOL INJ IM CT 3 AMP VD AMB X 1 ML + (5,0 + 4,37) MG SOL INJ IM 3 AMP VD AMB X 2 ML;"FOSFATO DISSÓDICO DE DEXAMETASONA;CLORIDRATO DE TIAMINA;CLORIDRATO DE PIRIDOXINA;CIANOCOBALAMINA";7899420508370;1037203060029;90524411;542621110017504;;N;;41.01;55.01;;;;CMED_ICMS17;20260508;20;PF0=34.04|PF12=38.68|PF18=41.51|PF19=42.02|PF20=42.55|PF21=43.09|PF22=43.64|PMC0=45.66|PMC12=51.89|PMC18=55.68|PMC19=56.37|PMC20=57.08|PMC21=57.8|PMC22=58.54|PMVG17=32.18|PMVG18=32.57|PMVG20=33.39
CMED;20260508;medicamento;542624080021003;;;SUPERA FARMA LABORATÓRIOS S.A;RENOVI B PLUS;(100,0 + 100,0) MG/ML SOL INJ IM CT AMP VD AMB X 1 ML + (5,0 + 4,37) MG SOL INJ IM AMP VD AMB X 2 ML;"FOSFATO DISSÓDICO DE DEXAMETASONA;CLORIDRATO DE TIAMINA;CLORIDRATO DE PIRIDOXINA;CIANOCOBALAMINA";7899420508363;1037203060010;90590848;542624080021003;;N;;13.46;18.06;;;;CMED_ICMS17;20260508;20;PF0=11.17|PF12=12.69|PF18=13.62|PF19=13.79|PF20=13.96|PF21=14.14|PF22=14.32|PMC0=14.98|PMC12=17.02|PMC18=18.27|PMC19=18.5|PMC20=18.73|PMC21=18.97|PMC22=19.21|PMVG17=10.56|PMVG18=10.69|PMVG20=10.95
CMED;20260508;medicamento;508026020200004;;;EUROFARMA LABORATORIOS S.A.;RENYB;200 MG COM REV CT BL AL AL X 30;CLORIDRATO DE PAZOPANIBE;7891317122744;1004315550013;;508026020200004;;N;;3707.38;5110.24;;;;CMED_ICMS17;20260508;20;PF0=3077.13|PF12=3496.74|PF18=3752.6|PF19=3798.93|PF20=3846.41|PF21=3895.1|PF22=3945.04|PMC0=4241.5|PMC12=4819.89|PMC18=5172.57|PMC19=5236.43|PMC20=5301.88|PMC21=5368.99|PMC22=5437.83|PMVG17=2909.18|PMVG18=2944.67|PMVG20=3018.28
CMED;20260508;medicamento;508026020200104;;;EUROFARMA LABORATORIOS S.A.;RENYB;400 MG COM REV CT BL AL AL X 30;CLORIDRATO DE PAZOPANIBE;7891317129934;1004315550031;;508026020200104;;N;;7417.12;10223.73;;;;CMED_ICMS17;20260508;20;PF0=6156.21|PF12=6995.7|PF18=7507.57|PF19=7600.26|PF20=7695.26|PF21=7792.67|PF22=7892.58|PMC0=8485.69|PMC12=9642.84|PMC18=10348.4|PMC19=10476.17|PMC20=10607.11|PMC21=10741.38|PMC22=10879.1|PMVG17=5820.21|PMVG18=5891.19|PMVG20=6038.47
CMED;20260508;medicamento;508026020200204;;;EUROFARMA LABORATORIOS S.A.;RENYB;400 MG COM REV CT BL AL AL X 60;CLORIDRATO DE PAZOPANIBE;7891317122751;1004315550048;;508026020200204;;N;;14834.21;20447.41;;;;CMED_ICMS17;20260508;20;PF0=12312.4|PF12=13991.37|PF18=15015.12|PF19=15200.5|PF20=15390.5|PF21=15585.32|PF22=15785.12|PMC0=16971.36|PMC12=19285.65|PMC18=20696.78|PMC19=20952.31|PMC20=21214.2|PMC21=21482.74|PMC22=21758.14|PMVG17=11640.4|PMVG18=11782.36|PMVG20=12076.93
CMED;20260508;medicamento;507745301117110;;;EMS S/A;REPAGLINIDA;2 MG COM CT BL AL AL X 30;REPAGLINIDA;7896004723372;1023510270063;90221494;507745301117110;S;N;;73.7;101.59;;;;CMED_ICMS17;20260508;20;PF0=61.17|PF12=69.51|PF18=74.6|PF19=75.52|PF20=76.46|PF21=77.43|PF22=78.42|PMC0=84.32|PMC12=95.81|PMC18=102.83|PMC19=104.1|PMC20=105.39|PMC21=106.73|PMC22=108.09|PMVG17=57.83|PMVG18=58.54|PMVG20=60
CMED;20260508;medicamento;541520030018017;;;VIATRIS FARMACEUTICA DO BRASIL LTDA;REPARIL;10 MG/G + 50 MG/G GEL CT BG AL X 30 G;"ESCINA;SALICILATO DE DIETILAMÔNIO";7898560661563;1883000680027;90455436;541520030018017;;N;;40.07;53.75;;;;CMED_ICMS17;20260508;20;PF0=33.26|PF12=37.8|PF18=40.56|PF19=41.06|PF20=41.58|PF21=42.1|PF22=42.64|PMC0=44.62|PMC12=50.71|PMC18=54.41|PMC19=55.08|PMC20=55.78|PMC21=56.48|PMC22=57.2|PMVG17=31.44|PMVG18=31.83|PMVG20=32.63
CMED;20260508;medicamento;541520030018117;;;VIATRIS FARMACEUTICA DO BRASIL LTDA;REPARIL;10 MG/G + 50 MG/G GEL CT BG AL X 100 G;"ESCINA;SALICILATO DE DIETILAMÔNIO";7898560661570;1883000680035;90455444;541520030018117;;N;;86.71;116.32;;;;CMED_ICMS17;20260508;20;PF0=71.97|PF12=81.78|PF18=87.77|PF19=88.85|PF20=89.96|PF21=91.1|PF22=92.27|PMC0=96.55|PMC12=109.7|PMC18=117.74|PMC19=119.19|PMC20=120.68|PMC21=122.21|PMC22=123.78|PMVG17=68.04|PMVG18=68.87|PMVG20=70.59
CMED;20260508;medicamento;544116080003201;;;AMGEN BIOTECNOLOGIA DO BRASIL LTDA.;REPATHA;140 MG/ML SOL INJ CT 2 SER PREENC VD TRANS X 1 ML + CAN APLIC;EVOLOCUMABE;7898609960138;1024400070033;90357469;544116080003201;;N;;2757.12;3698.58;;;;CMED_ICMS17;20260508;20;PF0=2288.41|PF12=2600.47|PF18=2790.74|PF19=2825.2|PF20=2860.51|PF21=2896.72|PF22=2933.86|PMC0=3069.82|PMC12=3488.44|PMC18=3743.68|PMC19=3789.91|PMC20=3837.27|PMC21=3885.85|PMC22=3935.67|PMVG17=2163.51|PMVG18=2189.89|PMVG20=2244.64
CMED;20260508;medicamento;544116080003301;;;AMGEN BIOTECNOLOGIA DO BRASIL LTDA.;REPATHA;140 MG/ML SOL INJ CT 1 SER PREENC VD TRANS X 1 ML + CAN APLIC;EVOLOCUMABE;7898609960121;1024400070025;90357477;544116080003301;;N;;1378.58;1849.32;;;;CMED_ICMS17;20260508;20;PF0=1144.22|PF12=1300.25|PF18=1395.39|PF19=1412.62|PF20=1430.28|PF21=1448.38|PF22=1466.95|PMC0=1534.93|PMC12=1744.24|PMC18=1871.87|PMC19=1894.98|PMC20=1918.67|PMC21=1942.95|PMC22=1967.86|PMVG17=1081.77|PMVG18=1094.96|PMVG20=1122.34
CMED;20260508;medicamento;507524010021004;;;DR. REDDYS FARMACÊUTICA DO BRASIL LTDA;REPEGOXA;2 MG/ML SUS LIB PROL DIL INFUS IV CT FA VD TRANS X 10 ML;CLORIDRATO DE DOXORRUBICINA;8901148263314;1514300830014;90575601;507524010021004;;S;;;;;;;CMED_ICMS17;20260508;20;PF0=2992.49
CMED;20260508;medicamento;507524010021104;;;DR. REDDYS FARMACÊUTICA DO BRASIL LTDA;REPEGOXA;2 MG/ML SUS LIB PROL DIL INFUS IV CT FA VD TRANS X 25 ML;CLORIDRATO DE DOXORRUBICINA;8901148263307;1514300830022;90575610;507524010021104;;S;;;;;;;CMED_ICMS17;20260508;20;PF0=7481.2
CMED;20260508;medicamento;501121010034717;;;TAKEDA PHARMA LTDA.;REPLAGAL;1 MG/ML SOL INJ CT FA VD TRANS X 3,5 ML;ALFAGALSIDASE;7896641816819;1063902840014;90492404;501121010034717;;S;;8171.44;;;;;CMED_ICMS17;20260508;20;PF0=6782.3|PF12=7707.16|PF18=8271.1|PF19=8373.21|PF20=8477.88|PF21=8585.19|PF22=8695.25|PMVG17=6412.13|PMVG18=6490.33|PMVG20=6652.59
CMED;20260508;medicamento;507722001133413;;;EMS S/A;REPOFLOR;200 MG PO OR CT 4 ENV KRAFT PE X 800 MG;LEVEDURA;7896004715230;1023504200024;90059190;507722001133413;;N;;35.27;47.31;;;;CMED_ICMS17;20260508;20;PF0=29.27|PF12=33.26|PF18=35.7|PF19=36.14|PF20=36.59|PF21=37.05|PF22=37.53|PMC0=39.26|PMC12=44.62|PMC18=47.89|PMC19=48.48|PMC20=49.08|PMC21=49.7|PMC22=50.35|PMVG17=27.68|PMVG18=28.01|PMVG20=28.71
CMED;20260508;medicamento;507722002113416;;;EMS S/A;REPOFLOR;100 MG CAP DURA CT FR PLAS OPC X 12;SACCHAROMYCES BOULARDII;7896004715247;1023504200016;90059174;507722002113416;;N;;48.54;65.11;;;;CMED_ICMS17;20260508;20;PF0=40.29|PF12=45.78|PF18=49.13|PF19=49.74|PF20=50.36|PF21=51|PF22=51.65|PMC0=54.05|PMC12=61.41|PMC18=65.91|PMC19=66.72|PMC20=67.56|PMC21=68.41|PMC22=69.29|PMVG17=38.09|PMVG18=38.55|PMVG20=39.52
CMED;20260508;medicamento;507722003111417;;;EMS S/A;REPOFLOR;200 MG CAP DURA CT FR PLAS OPC X 6;SACCHAROMYCES BOULARDII;7896004720838;1023504200040;90059182;507722003111417;;N;;41;55;;;;CMED_ICMS17;20260508;20;PF0=34.03|PF12=38.67|PF18=41.5|PF19=42.01|PF20=42.54|PF21=43.08|PF22=43.63|PMC0=45.65|PMC12=51.87|PMC18=55.67|PMC19=56.35|PMC20=57.07|PMC21=57.79|PMC22=58.53|PMVG17=32.17|PMVG18=32.57|PMVG20=33.38
CMED;20260508;medicamento;541822080182707;;;EMS S/A;REPOFLOR;250 MG PO OR CT 10 ENVL AL PLAS X 800 MG;SACCHAROMYCES BOULARDII;7896004769943;1023504200091;90539168;541822080182707;;N;;56.12;75.28;;;;CMED_ICMS17;20260508;20;PF0=46.58|PF12=52.93|PF18=56.8|PF19=57.51|PF20=58.23|PF21=58.96|PF22=59.72|PMC0=62.49|PMC12=71|PMC18=76.2|PMC19=77.15|PMC20=78.11|PMC21=79.09|PMC22=80.11|PMVG17=44.04|PMVG18=44.57|PMVG20=45.69
CMED;20260508;medicamento;541822080182807;;;EMS S/A;REPOFLOR;250 MG CAP DURA CT FR PLAS OPC X 10;SACCHAROMYCES BOULARDII;7896004774626;1023504200113;90539176;541822080182807;;N;;52.54;70.48;;;;CMED_ICMS17;20260508;20;PF0=43.61|PF12=49.56|PF18=53.18|PF19=53.84|PF20=54.51|PF21=55.2|PF22=55.91|PMC0=58.5|PMC12=66.48|PMC18=71.34|PMC19=72.22|PMC20=73.12|PMC21=74.05|PMC22=75|PMVG17=41.23|PMVG18=41.73|PMVG20=42.77
CMED;20260508;medicamento;541824080208307;;;EMS S/A;REPOFLOR;250 MG PO OR CT 6 ENV AL PLAS X 800 MG;SACCHAROMYCES BOULARDII - 17;7894916325899;1023504200083;90591658;541824080208307;;N;;37.36;50.12;;;;CMED_ICMS17;20260508;20;PF0=31.01|PF12=35.24|PF18=37.82|PF19=38.28|PF20=38.76|PF21=39.25|PF22=39.76|PMC0=41.6|PMC12=47.27|PMC18=50.73|PMC19=51.35|PMC20=52|PMC21=52.65|PMC22=53.34|PMVG17=29.32|PMVG18=29.68|PMVG20=30.41
CMED;20260508;medicamento;541824080208407;;;EMS S/A;REPOFLOR;250 MG CAP DURA CT FR PLAS OPC X 6;SACCHAROMYCES BOULARDII - 17;7894916325882;1023504200105;90591666;541824080208407;;N;;35;46.95;;;;CMED_ICMS17;20260508;20;PF0=29.05|PF12=33.01|PF18=35.43|PF19=35.86|PF20=36.31|PF21=36.77|PF22=37.24|PMC0=38.97|PMC12=44.28|PMC18=47.53|PMC19=48.1|PMC20=48.71|PMC21=49.33|PMC22=49.96|PMVG17=27.46|PMVG18=27.8|PMVG20=28.49
CMED;20260508;medicamento;538808401113411;;;LEGRAND PHARMA INDUSTRIA FARMACEUTICA LTDA;REPOPIL 35;2,00 MG + 0,035 MG COM REV CT BL AL PLAS TRANS X 21;"ACETATO DE CIPROTERONA;ETINILESTRADIOL";7896004703954;1677304440010;90370961;538808401113411;;N;;26.28;36.22;;;;CMED_ICMS17;20260508;20;PF0=21.81|PF12=24.78|PF18=26.6|PF19=26.93|PF20=27.26|PF21=27.61|PF22=27.96|PMC0=30.06|PMC12=34.16|PMC18=36.67|PMC19=37.12|PMC20=37.58|PMC21=38.06|PMC22=38.54|PMVG17=20.62|PMVG18=20.87|PMVG20=21.39
CMED;20260508;medicamento;538808402111410;;;LEGRAND PHARMA INDUSTRIA FARMACEUTICA LTDA;REPOPIL 35;2,00 MG + 0,035 MG COM REV CT BL AL PLAS TRANS X 63;"ACETATO DE CIPROTERONA;ETINILESTRADIOL";7896004734026;1677304440037;90429370;538808402111410;;N;;78.84;108.67;;;;CMED_ICMS17;20260508;20;PF0=65.44|PF12=74.36|PF18=79.8|PF19=80.79|PF20=81.8|PF21=82.84|PF22=83.9|PMC0=90.2|PMC12=102.5|PMC18=110|PMC19=111.36|PMC20=112.75|PMC21=114.19|PMC22=115.65|PMVG17=61.87|PMVG18=62.62|PMVG20=64.19
CMED;20260508;medicamento;528102506134419;;;PHARMASCIENCE INDUSTRIA FARMACEUTICA S.A;RESFEDRYL;(400 + 4 + 4) MG PO SOL OR CX 50 ENV AL PLAS PE;"MALEATO DE CLORFENIRAMINA;PARACETAMOL;CLORIDRATO DE FENILEFRINA";7898014562279;1171700100076;90177436;528102506134419;;N;;124.02;166.37;;;;CMED_ICMS17;20260508;20;PF0=102.94|PF12=116.98|PF18=125.54|PF19=127.09|PF20=128.68|PF21=130.3|PF22=131.97|PMC0=138.09|PMC12=156.92|PMC18=168.41|PMC19=170.49|PMC20=172.62|PMC21=174.79|PMC22=177.03|PMVG17=97.32|PMVG18=98.51|PMVG20=100.98
CMED;20260508;medicamento;528112060013803;;;PHARMASCIENCE INDUSTRIA FARMACEUTICA S.A;RESFEDRYL;(400 + 4 + 4) MG CAP DURA CT BL AL PLAS PVC TRANS X 200;"MALEATO DE CLORFENIRAMINA;PARACETAMOL;CLORIDRATO DE FENILEFRINA";7898014567854;1171700100149;90271084;528112060013803;;N;;216.65;290.63;;;;CMED_ICMS17;20260508;20;PF0=179.82|PF12=204.34|PF18=219.29|PF19=222|PF20=224.78|PF21=227.62|PF22=230.54|PMC0=241.22|PMC12=274.11|PMC18=294.17|PMC19=297.81|PMC20=301.53|PMC21=305.34|PMC22=309.26|PMVG17=170.01|PMVG18=172.08|PMVG20=176.39
CMED;20260508;medicamento;528112060013903;;;PHARMASCIENCE INDUSTRIA FARMACEUTICA S.A;RESFEDRYL;(400 + 4 + 4) MG CAP DURA CT BL AL PLAS PVC TRANS X 20;"MALEATO DE CLORFENIRAMINA;PARACETAMOL;CLORIDRATO DE FENILEFRINA";7898014560244;1171700100122;90271076;528112060013903;;N;;21.53;28.88;;;;CMED_ICMS17;20260508;20;PF0=17.87|PF12=20.31|PF18=21.79|PF19=22.06|PF20=22.34|PF21=22.62|PF22=22.91|PMC0=23.97|PMC12=27.25|PMC18=29.23|PMC19=29.59|PMC20=29.97|PMC21=30.34|PMC22=30.73|PMVG17=16.89|PMVG18=17.1|PMVG20=17.53
CMED;20260508;medicamento;528112060014103;;;PHARMASCIENCE INDUSTRIA FARMACEUTICA S.A;RESFEDRYL;(40 + 0,6 + 0,6) MG/ML SOL OR CT FR PLAS AMB X 100 ML;"MALEATO DE CLORFENIRAMINA;PARACETAMOL;CLORIDRATO DE FENILEFRINA";7898014560268;1171700100114;90343026;528112060014103;;N;;18.88;25.33;;;;CMED_ICMS17;20260508;20;PF0=15.67|PF12=17.81|PF18=19.11|PF19=19.35|PF20=19.59|PF21=19.84|PF22=20.09|PMC0=21.02|PMC12=23.89|PMC18=25.64|PMC19=25.96|PMC20=26.28|PMC21=26.61|PMC22=26.95|PMVG17=14.82|PMVG18=15|PMVG20=15.37
CMED;20260508;medicamento;515125080015007;;;KLEY HERTZ FARMACEUTICA S.A;RESFEFITO;7 MG/ML XPE CT FR PLAS AMB X 100 ML + COP;HEDERA HELIX L.;7896331709483;1068902140031;90612108;515125080015007;;N;;22.89;30.71;;;;CMED_ICMS17;20260508;20;PF0=19|PF12=21.59|PF18=23.17|PF19=23.46|PF20=23.75|PF21=24.05|PF22=24.36|PMC0=25.49|PMC12=28.96|PMC18=31.08|PMC19=31.47|PMC20=31.86|PMC21=32.26|PMC22=32.68|PMVG17=17.96|PMVG18=18.18|PMVG20=18.64
CMED;20260508;medicamento;515126020015307;;;KLEY HERTZ FARMACEUTICA S.A;RESFEGARGANTA;(0,5 + 4,0) MG/ML SOL SPR OR CT FR SPR VD AMB X 50 ML;"CLORETO DE CETILPIRIDÍNIO;BENZOCAÍNA";7896331709735;1068902150027;;515126020015307;;N;;37.04;49.69;;;;CMED_ICMS17;20260508;20;PF0=30.74|PF12=34.93|PF18=37.49|PF19=37.95|PF20=38.43|PF21=38.91|PF22=39.41|PMC0=41.24|PMC12=46.86|PMC18=50.29|PMC19=50.91|PMC20=51.55|PMC21=52.2|PMC22=52.87|PMVG17=29.07|PMVG18=29.42|PMVG20=30.16
CMED;20260508;medicamento;607022060072707;;;MULTILAB INDUSTRIA E COMERCIO DE PRODUTOS FARMACEUTICOS LTDA;RESFEGRIPE;(400 + 4 + 4) MG CAP DURA CT BL AL PLAS PVC/PVDC TRANS X 20;"MALEATO DE CLORFENIRAMINA;PARACETAMOL;CLORIDRATO DE FENILEFRINA";7896472520206;1181902680011;90540590;607022060072707;;N;;17.45;23.41;;;;CMED_ICMS17;20260508;20;PF0=14.48|PF12=16.45|PF18=17.66|PF19=17.88|PF20=18.1|PF21=18.33|PF22=18.56|PMC0=19.42|PMC12=22.07|PMC18=23.69|PMC19=23.99|PMC20=24.28|PMC21=24.59|PMC22=24.9|PMVG17=13.69|PMVG18=13.86|PMVG20=14.2
CMED;20260508;medicamento;607022060072807;;;MULTILAB INDUSTRIA E COMERCIO DE PRODUTOS FARMACEUTICOS LTDA;RESFEGRIPE;(400 + 4 + 4) MG CAP DURA CX BL AL PLAS PVC/PVDC TRANS X 200;"MALEATO DE CLORFENIRAMINA;PARACETAMOL;CLORIDRATO DE FENILEFRINA";7896472520213;1181902680046;90540603;607022060072807;;N;;199.4;267.49;;;;CMED_ICMS17;20260508;20;PF0=165.5|PF12=188.07|PF18=201.83|PF19=204.32|PF20=206.88|PF21=209.49|PF22=212.18|PMC0=222.01|PMC12=252.29|PMC18=270.75|PMC19=274.09|PMC20=277.52|PMC21=281.02|PMC22=284.63|PMVG17=156.47|PMVG18=158.38|PMVG20=162.34
CMED;20260508;medicamento;607024080111007;;;MULTILAB INDUSTRIA E COMERCIO DE PRODUTOS FARMACEUTICOS LTDA;RESFEGRIPE;(400 + 4 + 4) MG PO SOL OR CX 50 ENV AL PLAS PEBD/PET OPC (SBR MEL E LIMÃO);"MALEATO DE CLORFENIRAMINA;PARACETAMOL;CLORIDRATO DE FENILEFRINA";7896472521661;1181902690051;90591240;607024080111007;;N;;116.93;156.86;;;;CMED_ICMS17;20260508;20;PF0=97.05|PF12=110.28|PF18=118.35|PF19=119.81|PF20=121.31|PF21=122.85|PF22=124.42|PMC0=130.19|PMC12=147.94|PMC18=158.76|PMC19=160.72|PMC20=162.73|PMC21=164.8|PMC22=166.91|PMVG17=91.75|PMVG18=92.87|PMVG20=95.19
CMED;20260508;medicamento;607024020102604;;;MULTILAB INDUSTRIA E COMERCIO DE PRODUTOS FARMACEUTICOS LTDA;RESFEGRIPE SINUS;500 MG + 30 MG COM REV CT BL AL PLAS OPC X 24;"PARACETAMOL;CLORIDRATO DE PSEUDOEFEDRINA";7896472520534;1181904860068;90579658;607024020102604;;N;;16.86;22.62;;;;CMED_ICMS17;20260508;20;PF0=13.99|PF12=15.9|PF18=17.06|PF19=17.27|PF20=17.49|PF21=17.71|PF22=17.94|PMC0=18.77|PMC12=21.33|PMC18=22.89|PMC19=23.17|PMC20=23.46|PMC21=23.76|PMC22=24.07|PMVG17=13.23|PMVG18=13.39|PMVG20=13.72
CMED;20260508;medicamento;515102403139311;;;KLEY HERTZ FARMACEUTICA S.A;RESFENOL;(40 + 0,6 +0,6)MG/ML SOL OR CT FR VD AMB X 100ML + COP;"MALEATO DE CLORFENIRAMINA;PARACETAMOL;CLORIDRATO DE FENILEFRINA";7896331701661;1068901350200;90445864;515102403139311;;N;;24.2;32.46;;;;CMED_ICMS17;20260508;20;PF0=20.09|PF12=22.83|PF18=24.5|PF19=24.8|PF20=25.11|PF21=25.43|PF22=25.76|PMC0=26.95|PMC12=30.63|PMC18=32.87|PMC19=33.27|PMC20=33.68|PMC21=34.11|PMC22=34.56|PMVG17=18.99|PMVG18=19.23|PMVG20=19.7
CMED;20260508;medicamento;515102405115418;;;KLEY HERTZ FARMACEUTICA S.A;RESFENOL;(400 + 4 + 4)MG CAP DURA CT BL AL PLAS/PVC TRANS X 120;"MALEATO DE CLORFENIRAMINA;PARACETAMOL;CLORIDRATO DE FENILEFRINA";7896331701968;1068901350052;90265904;515102405115418;;N;;154.53;207.3;;;;CMED_ICMS17;20260508;20;PF0=128.26|PF12=145.75|PF18=156.41|PF19=158.35|PF20=160.33|PF21=162.35|PF22=164.44|PMC0=172.06|PMC12=195.52|PMC18=209.82|PMC19=212.42|PMC20=215.08|PMC21=217.79|PMC22=220.59|PMVG17=121.26|PMVG18=122.73|PMVG20=125.81
CMED;20260508;medicamento;515102406111416;;;KLEY HERTZ FARMACEUTICA S.A;RESFENOL;(400 + 4 + 4)MG CAP DURA CT BL AL PLAS/PVC TRANS X 200;"MALEATO DE CLORFENAMINA;PARACETAMOL;CLORIDRATO DE FENILEFRINA";7896331701975;1068901350067;90265912;515102406111416;;N;;211.13;283.22;;;;CMED_ICMS17;20260508;20;PF0=175.24|PF12=199.14|PF18=213.71|PF19=216.35|PF20=219.05|PF21=221.82|PF22=224.67|PMC0=235.08|PMC12=267.14|PMC18=286.68|PMC19=290.23|PMC20=293.85|PMC21=297.56|PMC22=301.39|PMVG17=165.67|PMVG18=167.7|PMVG20=171.89
CMED;20260508;medicamento;515102409110313;;;KLEY HERTZ FARMACEUTICA S.A;RESFENOL;(400 + 4 + 4)MG CAP DURA CT BL AL PLAS/PVC TRANS X 20;"MALEATO DE CLORFENAMINA;PARACETAMOL;CLORIDRATO DE FENILEFRINA";7896331703443;1068901350197;90265939;515102409110313;;N;;23.04;30.91;;;;CMED_ICMS17;20260508;20;PF0=19.12|PF12=21.73|PF18=23.32|PF19=23.6|PF20=23.9|PF21=24.2|PF22=24.51|PMC0=25.65|PMC12=29.15|PMC18=31.28|PMC19=31.66|PMC20=32.06|PMC21=32.46|PMC22=32.88|PMVG17=18.08|PMVG18=18.3|PMVG20=18.75
CMED;20260508;medicamento;515114040011203;;;KLEY HERTZ FARMACEUTICA S.A;RESFENOL;(400 + 4 + 4)MG CAP DURA CT BL AL PLAS/PVC TRANS X 240;"MALEATO DE CLORFENIRAMINA;PARACETAMOL;CLORIDRATO DE FENILEFRINA";7896331701982;1068901350073;90311353;515114040011203;;N;;365.82;490.73;;;;CMED_ICMS17;20260508;20;PF0=303.63|PF12=345.03|PF18=370.28|PF19=374.85|PF20=379.54|PF21=384.34|PF22=389.27|PMC0=407.31|PMC12=462.85|PMC18=496.72|PMC19=502.85|PMC20=509.14|PMC21=515.58|PMC22=522.19|PMVG17=287.06|PMVG18=290.56|PMVG20=297.83
CMED;20260508;medicamento;515119060011803;;;KLEY HERTZ FARMACEUTICA S.A;RESFENOL;400 MG + 4 MG + 4 MG PO SOL OR CT 50 ENV AL PLAS PE X 5 G;"MALEATO DE CLORFENIRAMINA;PARACETAMOL;CLORIDRATO DE FENILEFRINA";7896331706611;1068901970012;90433386;515119060011803;;N;;203.55;273.06;;;;CMED_ICMS17;20260508;20;PF0=168.95|PF12=191.99|PF18=206.04|PF19=208.58|PF20=211.19|PF21=213.86|PF22=216.6|PMC0=226.64|PMC12=257.55|PMC18=276.4|PMC19=279.8|PMC20=283.3|PMC21=286.89|PMC22=290.56|PMVG17=159.73|PMVG18=161.68|PMVG20=165.72
CMED;20260508;medicamento;515123020013707;;;KLEY HERTZ FARMACEUTICA S.A;RESFENOL;400 MG + 4 MG + 4 MG PO SOL OR CT 5 ENV AL PLAS PE X 5 G;"MALEATO DE CLORFENAMINA;PARACETAMOL;CLORIDRATO DE FENILEFRINA";7896331708578;1068901970020;90553926;515123020013707;;N;;16.84;22.59;;;;CMED_ICMS17;20260508;20;PF0=13.98|PF12=15.89|PF18=17.05|PF19=17.26|PF20=17.48|PF21=17.7|PF22=17.92|PMC0=18.75|PMC12=21.32|PMC18=22.87|PMC19=23.15|PMC20=23.45|PMC21=23.74|PMC22=24.04|PMVG17=13.21|PMVG18=13.38|PMVG20=13.72
CMED;20260508;medicamento;515125080014907;;;KLEY HERTZ FARMACEUTICA S.A;RESFENOL;(400 + 4 + 4)MG CAP DURA CT BL AL PLAS/PVC TRANS X 10;"MALEATO DE CLORFENAMINA;PARACETAMOL;CLORIDRATO DE FENILEFRINA";7896331703436;1068901350189;90612345;515125080014907;;N;;11.48;15.4;;;;CMED_ICMS17;20260508;20;PF0=9.53|PF12=10.83|PF18=11.62|PF19=11.77|PF20=11.91|PF21=12.06|PF22=12.22|PMC0=12.78|PMC12=14.53|PMC18=15.59|PMC19=15.79|PMC20=15.98|PMC21=16.18|PMC22=16.39|PMVG17=9.01|PMVG18=9.12|PMVG20=9.35
CMED;20260508;medicamento;515107501139412;;;KLEY HERTZ FARMACEUTICA S.A;RESFENOL THERMUS;100 MG/G PO SOL OR CT 50 ENV AL/PLAS X 5 G;PARACETAMOL;7896331703948;1068901650018;90265998;515107501139412;;N;;188.8;253.27;;;;CMED_ICMS17;20260508;20;PF0=156.7|PF12=178.07|PF18=191.1|PF19=193.46|PF20=195.88|PF21=198.35|PF22=200.9|PMC0=210.21|PMC12=238.87|PMC18=256.35|PMC19=259.52|PMC20=262.77|PMC21=266.08|PMC22=269.5|PMVG17=148.15|PMVG18=149.96|PMVG20=153.71
CMED;20260508;medicamento;510412060074604;;;GEOLAB INDÚSTRIA FARMACÊUTICA S/A;RESFRILIV;400MG + 4MG + 4MG PÓ CT 50 ENV AL/PLAS X 5G (EMB MULT) - MEL/LIMÃO;CLORIDRATO DE FENILEFRINA;7899095221338;1542301810039;90280300;510412060074604;;N;;126.23;169.33;;;;CMED_ICMS17;20260508;20;PF0=104.77|PF12=119.06|PF18=127.77|PF19=129.35|PF20=130.96|PF21=132.62|PF22=134.32|PMC0=140.55|PMC12=159.71|PMC18=171.4|PMC19=173.52|PMC20=175.68|PMC21=177.91|PMC22=180.19|PMVG17=99.05|PMVG18=100.26|PMVG20=102.76
CMED;20260508;medicamento;510412060075104;;;GEOLAB INDÚSTRIA FARMACÊUTICA S/A;RESFRILIV;400MG + 4MG + 4MG PÓ CT 50 ENV AL/PLAS X 5G (EMB MULT) - HORTELÃ/GENGIBRE;CLORIDRATO DE FENILEFRINA;7899095221284;1542301810081;90280350;510412060075104;;N;;126.23;169.33;;;;CMED_ICMS17;20260508;20;PF0=104.77|PF12=119.06|PF18=127.77|PF19=129.35|PF20=130.96|PF21=132.62|PF22=134.32|PMC0=140.55|PMC12=159.71|PMC18=171.4|PMC19=173.52|PMC20=175.68|PMC21=177.91|PMC22=180.19|PMVG17=99.05|PMVG18=100.26|PMVG20=102.76
CMED;20260508;medicamento;510412060075604;;;GEOLAB INDÚSTRIA FARMACÊUTICA S/A;RESFRILIV;400MG + 4MG + 4MG PÓ CT 50 ENV AL/PLAS X 5G (EMB MULT) - LARANJA/ACEROLA;CLORIDRATO DE FENILEFRINA;7899095221383;1542301810136;90280407;510412060075604;;N;;126.04;169.08;;;;CMED_ICMS17;20260508;20;PF0=104.61|PF12=118.88|PF18=127.57|PF19=129.15|PF20=130.76|PF21=132.42|PF22=134.12|PMC0=140.33|PMC12=159.47|PMC18=171.13|PMC19=173.25|PMC20=175.41|PMC21=177.64|PMC22=179.92|PMVG17=98.9|PMVG18=100.1|PMVG20=102.61
CMED;20260508;medicamento;552917010069104;;;ACHÉ LABORATÓRIOS FARMACÊUTICOS S.A;RESGAT;1 MG/G CREM DERM CT BG AL X 20 G;FUROATO DE MOMETASONA;7896658030550;1057305000011;90363450;552917010069104;;N;;51.53;71.03;;;;CMED_ICMS17;20260508;20;PF0=42.77|PF12=48.6|PF18=52.16|PF19=52.8|PF20=53.46|PF21=54.14|PF22=54.83|PMC0=58.95|PMC12=66.99|PMC18=71.9|PMC19=72.78|PMC20=73.69|PMC21=74.63|PMC22=75.58|PMVG17=40.44|PMVG18=40.93|PMVG20=41.95
CMED;20260508;medicamento;552917010069204;;;ACHÉ LABORATÓRIOS FARMACÊUTICOS S.A;RESGAT;1 MG/G POM DERM CT BG AL X 20 G;FUROATO DE MOMETASONA;7896658030574;1057305010017;90363477;552917010069204;;N;;49.94;68.84;;;;CMED_ICMS17;20260508;20;PF0=41.45|PF12=47.1|PF18=50.55|PF19=51.17|PF20=51.81|PF21=52.47|PF22=53.14|PMC0=57.13|PMC12=64.92|PMC18=69.68|PMC19=70.53|PMC20=71.41|PMC21=72.32|PMC22=73.25|PMVG17=39.19|PMVG18=39.67|PMVG20=40.65
CMED;20260508;medicamento;500515070059807;;;ACHÉ LABORATÓRIOS FARMACÊUTICOS S.A;RESIST;500 MG CAP CT FR PLAS PEAD OPC X 30;CLORIDRATO DE LISINA;7896658024627;1057304660018;90297040;500515070059807;;N;;131.86;176.89;;;;CMED_ICMS17;20260508;20;PF0=109.44|PF12=124.36|PF18=133.46|PF19=135.11|PF20=136.8|PF21=138.53|PF22=140.31|PMC0=146.81|PMC12=166.82|PMC18=179.03|PMC19=181.25|PMC20=183.51|PMC21=185.83|PMC22=188.22|PMVG17=103.47|PMVG18=104.73|PMVG20=107.35
CMED;20260508;medicamento;500515070059907;;;ACHÉ LABORATÓRIOS FARMACÊUTICOS S.A;RESIST;500 MG CAP CT FR PLAS PEAD OPC X 60;CLORIDRATO DE LISINA;7896658024634;1057304660026;90297059;500515070059907;;N;;263.66;353.69;;;;CMED_ICMS17;20260508;20;PF0=218.84|PF12=248.68|PF18=266.88|PF19=270.17|PF20=273.55|PF21=277.01|PF22=280.56|PMC0=293.57|PMC12=333.6|PMC18=358.01|PMC19=362.42|PMC20=366.96|PMC21=371.6|PMC22=376.36|PMVG17=206.89|PMVG18=209.42|PMVG20=214.65
CMED;20260508;medicamento;500515070060007;;;ACHÉ LABORATÓRIOS FARMACÊUTICOS S.A;RESIST;500 MG CAP CT FR PLAS PEAD OPC X 90;CLORIDRATO DE LISINA;7896658026508;1057304660034;90297067;500515070060007;;N;;395.53;530.59;;;;CMED_ICMS17;20260508;20;PF0=328.29|PF12=373.06|PF18=400.35|PF19=405.3|PF20=410.36|PF21=415.56|PF22=420.88|PMC0=440.39|PMC12=500.45|PMC18=537.06|PMC19=543.7|PMC20=550.48|PMC21=557.46|PMC22=564.6|PMVG17=310.37|PMVG18=314.15|PMVG20=322.01
CMED;20260508;medicamento;559123070009617;;;LABORATÓRIOS BAGÓ DO BRASIL S/A;RESOLOR;1 MG COM REV CT BL AL AL X 14;PRUCALOPRIDA;7898605330669;1562600330017;90567765;559123070009617;;N;;122.94;164.92;;;;CMED_ICMS17;20260508;20;PF0=102.04|PF12=115.95|PF18=124.44|PF19=125.98|PF20=127.55|PF21=129.16|PF22=130.82|PMC0=136.88|PMC12=155.54|PMC18=166.93|PMC19=169|PMC20=171.1|PMC21=173.26|PMC22=175.49|PMVG17=96.47|PMVG18=97.65|PMVG20=100.09
CMED;20260508;medicamento;559123070009717;;;LABORATÓRIOS BAGÓ DO BRASIL S/A;RESOLOR;2 MG COM REV CT BL AL AL X 14;PRUCALOPRIDA;7898605330683;1562600330033;90567773;559123070009717;;N;;142.24;190.81;;;;CMED_ICMS17;20260508;20;PF0=118.06|PF12=134.16|PF18=143.98|PF19=145.75|PF20=147.58|PF21=149.44|PF22=151.36|PMC0=158.37|PMC12=179.97|PMC18=193.14|PMC19=195.52|PMC20=197.97|PMC21=200.47|PMC22=203.04|PMVG17=111.62|PMVG18=112.98|PMVG20=115.81
CMED;20260508;medicamento;559123070009817;;;LABORATÓRIOS BAGÓ DO BRASIL S/A;RESOLOR;2 MG COM REV CT BL AL AL X 28;PRUCALOPRIDA;7898605330690;1562600330041;90567781;559123070009817;;N;;284.47;381.61;;;;CMED_ICMS17;20260508;20;PF0=236.11|PF12=268.31|PF18=287.94|PF19=291.49|PF20=295.14|PF21=298.87|PF22=302.71|PMC0=316.73|PMC12=359.93|PMC18=386.26|PMC19=391.02|PMC20=395.92|PMC21=400.92|PMC22=406.07|PMVG17=223.22|PMVG18=225.95|PMVG20=231.6
CMED;20260508;medicamento;589021070000517;;;GALLIA INDUSTRIA FARMACEUTICA LTDA;RESPIRAN;5 MG/ML XPE CT FR PLAS AMB X 120 ML + CP MED;ACEBROFILINA;7898582271696;1887100060015;90517482;589021070000517;;N;;25.64;35.34;;;;CMED_ICMS17;20260508;20;PF0=21.28|PF12=24.18|PF18=25.95|PF19=26.27|PF20=26.6|PF21=26.94|PF22=27.28|PMC0=29.33|PMC12=33.33|PMC18=35.77|PMC19=36.21|PMC20=36.67|PMC21=37.13|PMC22=37.6|PMVG17=20.12|PMVG18=20.36|PMVG20=20.87
CMED;20260508;medicamento;589021070000617;;;GALLIA INDUSTRIA FARMACEUTICA LTDA;RESPIRAN;10 MG/ML XPE CT FR PLAS AMB X 120 ML + CP MED;ACEBROFILINA;7898582271672;1887100060023;90517490;589021070000617;;N;;36.99;50.99;;;;CMED_ICMS17;20260508;20;PF0=30.7|PF12=34.89|PF18=37.44|PF19=37.9|PF20=38.38|PF21=38.86|PF22=39.36|PMC0=42.32|PMC12=48.09|PMC18=51.61|PMC19=52.24|PMC20=52.9|PMC21=53.56|PMC22=54.25|PMVG17=29.03|PMVG18=29.38|PMVG20=30.12
CMED;20260508;medicamento;576719120051207;;;SANOFI MEDLEY FARMACÊUTICA LTDA.;RESPIRATUS;7MG/ML XPE CT FR VD AMB X 100 ML + COP;HEDERA HELIX L.;7896422516624;1832600200013;90442580;576719120051207;;N;;29.93;40.15;;;;CMED_ICMS17;20260508;20;PF0=24.84|PF12=28.23|PF18=30.29|PF19=30.67|PF20=31.05|PF21=31.44|PF22=31.85|PMC0=33.32|PMC12=37.87|PMC18=40.63|PMC19=41.14|PMC20=41.65|PMC21=42.18|PMC22=42.73|PMVG17=23.49|PMVG18=23.77|PMVG20=24.36
CMED;20260508;medicamento;540523020008004;;;MABRA FARMACEUTICA LTDA;RESPITRAT;0,5 MG/ML XPE CT FR VD AMB X 60 ML + SER DOS;DESLORATADINA;7908020500155;1779400540015;90559304;540523020008004;;N;;37.76;50.65;;;;CMED_ICMS17;20260508;20;PF0=31.34|PF12=35.61|PF18=38.22|PF19=38.69|PF20=39.18|PF21=39.67|PF22=40.18|PMC0=42.04|PMC12=47.77|PMC18=51.27|PMC19=51.9|PMC20=52.56|PMC21=53.22|PMC22=53.9|PMVG17=29.63|PMVG18=29.99|PMVG20=30.75
CMED;20260508;medicamento;540523020008104;;;MABRA FARMACEUTICA LTDA;RESPITRAT;0,5 MG/ML XPE CT FR VD AMB X 100 ML + SER DOS;DESLORATADINA;7908020500162;1779400540023;90559312;540523020008104;;N;;62.92;84.4;;;;CMED_ICMS17;20260508;20;PF0=52.22|PF12=59.34|PF18=63.68|PF19=64.47|PF20=65.28|PF21=66.1|PF22=66.95|PMC0=70.05|PMC12=79.6|PMC18=85.42|PMC19=86.48|PMC20=87.57|PMC21=88.67|PMC22=89.81|PMVG17=49.37|PMVG18=49.97|PMVG20=51.23
CMED;20260508;medicamento;540523020008204;;;MABRA FARMACEUTICA LTDA;RESPITRAT;0,5 MG/ML XPE CT FR PLAS PET AMB X 60 ML + SER DOS;DESLORATADINA;7908020500131;1779400540031;90559320;540523020008204;;N;;37.76;50.65;;;;CMED_ICMS17;20260508;20;PF0=31.34|PF12=35.61|PF18=38.22|PF19=38.69|PF20=39.18|PF21=39.67|PF22=40.18|PMC0=42.04|PMC12=47.77|PMC18=51.27|PMC19=51.9|PMC20=52.56|PMC21=53.22|PMC22=53.9|PMVG17=29.63|PMVG18=29.99|PMVG20=30.75
CMED;20260508;medicamento;540523020008304;;;MABRA FARMACEUTICA LTDA;RESPITRAT;0,5 MG/ML XPE CT FR PLAS PET AMB X 100 ML + SER DOS;DESLORATADINA;7908020500148;1779400540041;90559339;540523020008304;;N;;62.92;84.4;;;;CMED_ICMS17;20260508;20;PF0=52.22|PF12=59.34|PF18=63.68|PF19=64.47|PF20=65.28|PF21=66.1|PF22=66.95|PMC0=70.05|PMC12=79.6|PMC18=85.42|PMC19=86.48|PMC20=87.57|PMC21=88.67|PMC22=89.81|PMVG17=49.37|PMVG18=49.97|PMVG20=51.23
CMED;20260508;medicamento;525120050032007;;;MEDQUIMICA INDUSTRIA FARMACEUTICA LTDA.;RESPLIX;7 MG/ML XPE CT FR PLAS AMB X 100 ML + CP MED;HEDERA HELIX L.;7896862980122;1091701070012;90472527;525120050032007;;N;;20.22;27.12;;;;CMED_ICMS17;20260508;20;PF0=16.78|PF12=19.07|PF18=20.46|PF19=20.72|PF20=20.98|PF21=21.24|PF22=21.51|PMC0=22.51|PMC12=25.58|PMC18=27.45|PMC19=27.8|PMC20=28.14|PMC21=28.49|PMC22=28.85|PMVG17=15.87|PMVG18=16.05|PMVG20=16.46
CMED;20260508;medicamento;526222110018607;;;1FARMA INDUSTRIA FARMACEUTICA LTDA;RESSALIVDOR;30 MG + 300 MG + 30 MG COM REV CT BL AL PLAS PVC/PE/PVDC TRANS X 100;"DIPIRONA MONOIDRATADA;MUCATO DE ISOMETEPTENO;CAFEÍNA";7896523228167;1048101640031;90552440;526222110018607;;N;;104.51;140.2;;;;CMED_ICMS17;20260508;20;PF0=86.74|PF12=98.57|PF18=105.78|PF19=107.09|PF20=108.43|PF21=109.8|PF22=111.21|PMC0=116.36|PMC12=132.23|PMC18=141.9|PMC19=143.66|PMC20=145.45|PMC21=147.29|PMC22=149.18|PMVG17=82.01|PMVG18=83.01|PMVG20=85.09
CMED;20260508;medicamento;526223040018907;;;1FARMA INDUSTRIA FARMACEUTICA LTDA;RESSALIVDOR;30 MG + 300 MG + 30 MG COM REV CT BL AL PLAS PVC/PE/PVDC TRANS X 10;"DIPIRONA MONOIDRATADA;MUCATO DE ISOMETEPTENO;CAFEÍNA";7898075318211;1048101640056;90560299;526223040018907;;N;;9.9;13.28;;;;CMED_ICMS17;20260508;20;PF0=8.22|PF12=9.34|PF18=10.02|PF19=10.15|PF20=10.28|PF21=10.41|PF22=10.54|PMC0=11.03|PMC12=12.53|PMC18=13.44|PMC19=13.62|PMC20=13.79|PMC21=13.96|PMC22=14.14|PMVG17=7.77|PMVG18=7.86|PMVG20=8.07
CMED;20260508;medicamento;501005002176313;;;ALLERGAN PRODUTOS FARMACÊUTICOS LTDA;RESTASIS;0,5 MG/G EMUL OCU CT CAMA PLAS 30 FLAC PLAS TRANS X 0,4 ML;CICLOSPORINA;7897316805077;1014701600077;90007026;501005002176313;;N;;223.24;307.71;;;;CMED_ICMS17;20260508;20;PF0=185.29|PF12=210.56|PF18=225.96|PF19=228.75|PF20=231.61|PF21=234.54|PF22=237.55|PMC0=255.4|PMC12=290.24|PMC18=311.46|PMC19=315.31|PMC20=319.25|PMC21=323.29|PMC22=327.44|PMVG17=175.18|PMVG18=177.31|PMVG20=181.74
CMED;20260508;medicamento;541820020117307;;;EMS S/A;RESTITUE;40 MG COM REV LIB RETARD CT BL AL AL X 14;PANTOPRAZOL MAGNÉSICO DI-HIDRATADO;7894916514651;1023512960024;90450825;541820020117307;;N;;82.11;110.15;;;;CMED_ICMS17;20260508;20;PF0=68.15|PF12=77.44|PF18=83.11|PF19=84.14|PF20=85.19|PF21=86.27|PF22=87.37|PMC0=91.42|PMC12=103.88|PMC18=111.49|PMC19=112.87|PMC20=114.28|PMC21=115.73|PMC22=117.2|PMVG17=64.43|PMVG18=65.22|PMVG20=66.85
CMED;20260508;medicamento;541820020117407;;;EMS S/A;RESTITUE;40 MG COM REV LIB RETARD CT BL AL AL X 15;PANTOPRAZOL MAGNÉSICO DI-HIDRATADO;7894916514668;1023512960032;90450833;541820020117407;;N;;87.96;118;;;;CMED_ICMS17;20260508;20;PF0=73.01|PF12=82.97|PF18=89.04|PF19=90.14|PF20=91.26|PF21=92.42|PF22=93.6|PMC0=97.94|PMC12=111.3|PMC18=119.44|PMC19=120.92|PMC20=122.42|PMC21=123.98|PMC22=125.56|PMVG17=69.02|PMVG18=69.87|PMVG20=71.61
CMED;20260508;medicamento;541820020117507;;;EMS S/A;RESTITUE;40 MG COM REV LIB RETARD CT BL AL AL X 28;PANTOPRAZOL MAGNÉSICO DI-HIDRATADO;7894916514675;1023512960040;90450841;541820020117507;;N;;164.18;220.24;;;;CMED_ICMS17;20260508;20;PF0=136.27|PF12=154.85|PF18=166.18|PF19=168.23|PF20=170.34|PF21=172.49|PF22=174.71|PMC0=182.8|PMC12=207.73|PMC18=222.92|PMC19=225.67|PMC20=228.51|PMC21=231.39|PMC22=234.37|PMVG17=128.83|PMVG18=130.4|PMVG20=133.67
CMED;20260508;medicamento;541820020117607;;;EMS S/A;RESTITUE;40 MG COM REV LIB RETARD CT BL AL AL X 30;PANTOPRAZOL MAGNÉSICO DI-HIDRATADO;7894916512923;1023512960059;90450850;541820020117607;;N;;175.9;235.96;;;;CMED_ICMS17;20260508;20;PF0=146|PF12=165.91|PF18=178.05|PF19=180.25|PF20=182.5|PF21=184.81|PF22=187.18|PMC0=195.85|PMC12=222.56|PMC18=238.85|PMC19=241.8|PMC20=244.82|PMC21=247.92|PMC22=251.1|PMVG17=138.03|PMVG18=139.72|PMVG20=143.21
CMED;20260508;medicamento;541820020117707;;;EMS S/A;RESTITUE;40 MG COM REV LIB RETARD CT BL AL AL X 45;PANTOPRAZOL MAGNÉSICO DI-HIDRATADO;7894916514682;1023512960067;90450868;541820020117707;;N;;263.88;353.99;;;;CMED_ICMS17;20260508;20;PF0=219.02|PF12=248.89|PF18=267.1|PF19=270.4|PF20=273.78|PF21=277.24|PF22=280.79|PMC0=293.81|PMC12=333.88|PMC18=358.31|PMC19=362.73|PMC20=367.27|PMC21=371.91|PMC22=376.67|PMVG17=207.07|PMVG18=209.59|PMVG20=214.84
CMED;20260508;medicamento;541820020117807;;;EMS S/A;RESTITUE;40 MG COM REV LIB RETARD CT BL AL AL X 60;PANTOPRAZOL MAGNÉSICO DI-HIDRATADO;7894916514637;1023512960075;90450876;541820020117807;;N;;351.86;472.01;;;;CMED_ICMS17;20260508;20;PF0=292.04|PF12=331.86|PF18=356.15|PF19=360.54|PF20=365.05|PF21=369.67|PF22=374.41|PMC0=391.76|PMC12=445.18|PMC18=477.76|PMC19=483.65|PMC20=489.7|PMC21=495.9|PMC22=502.26|PMVG17=276.1|PMVG18=279.47|PMVG20=286.45
CMED;20260508;medicamento;541825090213103;;;EMS S/A;RESTITUE;40 MG COM REV LIB RETARD CT BL AL AL X 90 (EMB FRAC);PANTOPRAZOL MAGNÉSICO DI-HIDRATADO;7896004794037;1023512960083;90617266;541825090213103;;N;;527.8;708.02;;;;CMED_ICMS17;20260508;20;PF0=438.07|PF12=497.81|PF18=534.23|PF19=540.83|PF20=547.59|PF21=554.52|PF22=561.63|PMC0=587.66|PMC12=667.79|PMC18=716.65|PMC19=725.5|PMC20=734.57|PMC21=743.87|PMC22=753.41|PMVG17=414.16|PMVG18=419.21|PMVG20=429.69
CMED;20260508;medicamento;556717040000617;;;MUNDIPHARMA BRASIL PRODUTOS MÉDICOS E FARMACÊUTICOS LTDA;RESTIVA;5 MG ADES TRANSD CT ENV X 2;BUPRENORFINA;7898586630314;1919800020018;90392469;556717040000617;;N;;117.58;157.73;;;;CMED_ICMS17;20260508;20;PF0=97.59|PF12=110.9|PF18=119.01|PF19=120.48|PF20=121.99|PF21=123.53|PF22=125.12|PMC0=130.91|PMC12=148.77|PMC18=159.65|PMC19=161.62|PMC20=163.65|PMC21=165.71|PMC22=167.84|PMVG17=92.27|PMVG18=93.39|PMVG20=95.73
CMED;20260508;medicamento;556717040000707;;;MUNDIPHARMA BRASIL PRODUTOS MÉDICOS E FARMACÊUTICOS LTDA;RESTIVA;5 MG ADES TRANSD CT ENV X 4;BUPRENORFINA;7898586630321;1919800020026;90392477;556717040000707;;N;;225.33;302.27;;;;CMED_ICMS17;20260508;20;PF0=187.02|PF12=212.52|PF18=228.07|PF19=230.89|PF20=233.78|PF21=236.73|PF22=239.77|PMC0=250.88|PMC12=285.09|PMC18=305.95|PMC19=309.73|PMC20=313.61|PMC21=317.56|PMC22=321.64|PMVG17=176.82|PMVG18=178.97|PMVG20=183.45
CMED;20260508;medicamento;556717040000817;;;MUNDIPHARMA BRASIL PRODUTOS MÉDICOS E FARMACÊUTICOS LTDA;RESTIVA;10 MG ADES TRANSD CT ENV X 2;BUPRENORFINA;7898586630338;1919800020034;90392485;556717040000817;;N;;149.63;200.72;;;;CMED_ICMS17;20260508;20;PF0=124.19|PF12=141.13|PF18=151.45|PF19=153.32|PF20=155.24|PF21=157.2|PF22=159.22|PMC0=166.6|PMC12=189.32|PMC18=203.16|PMC19=205.67|PMC20=208.25|PMC21=210.88|PMC22=213.59|PMVG17=117.41|PMVG18=118.84|PMVG20=121.82
CMED;20260508;medicamento;556717040000907;;;MUNDIPHARMA BRASIL PRODUTOS MÉDICOS E FARMACÊUTICOS LTDA;RESTIVA;10 MG ADES TRANSD CT ENV X 4;BUPRENORFINA;7898586630345;1919800020042;90392493;556717040000907;;N;;286.88;384.84;;;;CMED_ICMS17;20260508;20;PF0=238.11|PF12=270.58|PF18=290.38|PF19=293.96|PF20=297.64|PF21=301.41|PF22=305.27|PMC0=319.42|PMC12=362.97|PMC18=389.53|PMC19=394.34|PMC20=399.27|PMC21=404.33|PMC22=409.51|PMVG17=225.11|PMVG18=227.86|PMVG20=233.56
CMED;20260508;medicamento;556717040001017;;;MUNDIPHARMA BRASIL PRODUTOS MÉDICOS E FARMACÊUTICOS LTDA;RESTIVA;20 MG ADES TRANSD CT ENV X 2;BUPRENORFINA;7898586630352;1919800020050;90392507;556717040001017;;N;;224.99;301.82;;;;CMED_ICMS17;20260508;20;PF0=186.74|PF12=212.2|PF18=227.73|PF19=230.54|PF20=233.43|PF21=236.38|PF22=239.41|PMC0=250.51|PMC12=284.66|PMC18=305.49|PMC19=309.26|PMC20=313.14|PMC21=317.1|PMC22=321.16|PMVG17=176.55|PMVG18=178.7|PMVG20=183.17
CMED;20260508;medicamento;501602401135312;;;APSEN FARMACEUTICA S/A;RETEMIC;1 MG/ML XPE CT FR VD AMB X 120 ML + COL;CLORIDRATO DE OXIBUTININA;7896637022576;1011801080038;90009983;501602401135312;;N;;44.81;60.11;;;;CMED_ICMS17;20260508;20;PF0=37.19|PF12=42.26|PF18=45.35|PF19=45.91|PF20=46.49|PF21=47.08|PF22=47.68|PMC0=49.89|PMC12=56.69|PMC18=60.84|PMC19=61.59|PMC20=62.36|PMC21=63.16|PMC22=63.96|PMVG17=35.16|PMVG18=35.59|PMVG20=36.48
CMED;20260508;medicamento;501602402115315;;;APSEN FARMACEUTICA S/A;RETEMIC;5 MG COM CT BL AL PLAS TRANS X 30;CLORIDRATO DE OXIBUTININA;7896637022552;1011801080011;90010000;501602402115315;;N;;33.72;45.23;;;;CMED_ICMS17;20260508;20;PF0=27.99|PF12=31.81|PF18=34.13|PF19=34.56|PF20=34.99|PF21=35.43|PF22=35.88|PMC0=37.55|PMC12=42.67|PMC18=45.78|PMC19=46.36|PMC20=46.94|PMC21=47.53|PMC22=48.13|PMVG17=26.46|PMVG18=26.78|PMVG20=27.46
CMED;20260508;medicamento;501602403111313;;;APSEN FARMACEUTICA S/A;RETEMIC;5 MG COM CT BL AL PLAS TRANS X 60;CLORIDRATO DE OXIBUTININA;7896637022569;1011801080021;90010019;501602403111313;;N;;56.01;75.14;;;;CMED_ICMS17;20260508;20;PF0=46.49|PF12=52.83|PF18=56.7|PF19=57.4|PF20=58.11|PF21=58.85|PF22=59.6|PMC0=62.36|PMC12=70.87|PMC18=76.06|PMC19=77|PMC20=77.95|PMC21=78.95|PMC22=79.95|PMVG17=43.95|PMVG18=44.49|PMVG20=45.6
CMED;20260508;medicamento;501603801110315;;;APSEN FARMACEUTICA S/A;RETEMIC;10 MG COM REV LIB PROL CT BL AL PLAS TRANS X 30;CLORIDRATO DE OXIBUTININA;7896637023566;1011801080143;90010027;501603801110315;;N;;101.36;135.97;;;;CMED_ICMS17;20260508;20;PF0=84.13|PF12=95.6|PF18=102.6|PF19=103.86|PF20=105.16|PF21=106.49|PF22=107.86|PMC0=112.86|PMC12=128.24|PMC18=137.63|PMC19=139.32|PMC20=141.07|PMC21=142.85|PMC22=144.69|PMVG17=79.54|PMVG18=80.51|PMVG20=82.52
CMED;20260508;medicamento;501612060014603;;;APSEN FARMACEUTICA S/A;RETEMIC;10 MG COM REV LIB PROL CT BL AL PLAS TRANS X 15;CLORIDRATO DE OXIBUTININA;7896637026055;1011801080135;90217071;501612060014603;;N;;50.67;67.97;;;;CMED_ICMS17;20260508;20;PF0=42.06|PF12=47.8|PF18=51.29|PF19=51.93|PF20=52.58|PF21=53.24|PF22=53.92|PMC0=56.42|PMC12=64.12|PMC18=68.8|PMC19=69.66|PMC20=70.53|PMC21=71.42|PMC22=72.33|PMVG17=39.76|PMVG18=40.25|PMVG20=41.26
CMED;20260508;medicamento;507624050023301;;;ELI LILLY DO BRASIL LTDA;RETSEVMO;80 MG CAP DURA CT BL AL AL X 60;SELPERCATINIBE;7896382709234;1126002040021;90583400;507624050023301;;N;;37996.96;50971.57;;;;CMED_ICMS17;20260508;20;PF0=31537.48|PF12=35838.06|PF18=38460.34|PF19=38935.16|PF20=39421.85|PF21=39920.87|PF22=40432.66|PMC0=42306.41|PMC12=48075.48|PMC18=51593.18|PMC19=52230.13|PMC20=52883.01|PMC21=53552.43|PMC22=54238.97|PMVG17=29816.21|PMVG18=30179.83|PMVG20=30934.33
CMED;20260508;medicamento;507624050023401;;;ELI LILLY DO BRASIL LTDA;RETSEVMO;40 MG CAP DURA CT BL AL AL X 60;SELPERCATINIBE;7896382709227;1126002040013;90583396;507624050023401;;N;;18998.47;25485.77;;;;CMED_ICMS17;20260508;20;PF0=15768.73|PF12=17919.02|PF18=19230.16|PF19=19467.57|PF20=19710.91|PF21=19960.42|PF22=20216.32|PMC0=21153.19|PMC12=24037.73|PMC18=25796.57|PMC19=26115.05|PMC20=26441.48|PMC21=26776.19|PMC22=27119.47|PMVG17=14908.1|PMVG18=15089.91|PMVG20=15467.15
CMED;20260508;medicamento;581220030000807;;;LABORATORIO VITALAB LTDA;REUMALIV;350 MG CAP DURA CT FR PLAS OPC X 45;HARPAGOPHYTUM PROCUMBENS (BURCH.) DC. EX MEISSN.;7896874700275;1540000370025;90446445;581220030000807;;N;;51.72;69.38;;;;CMED_ICMS17;20260508;20;PF0=42.93|PF12=48.78|PF18=52.35|PF19=53|PF20=53.66|PF21=54.34|PF22=55.04|PMC0=57.59|PMC12=65.44|PMC18=70.23|PMC19=71.1|PMC20=71.98|PMC21=72.9|PMC22=73.83|PMVG17=40.58|PMVG18=41.08|PMVG20=42.11
CMED;20260508;medicamento;500512070043404;;;ACHÉ LABORATÓRIOS FARMACÊUTICOS S.A;REUMIAN;20 MG COM REV CT BL AL/AL X 30;LEFLUNOMIDA;7896658019180;1057304160015;90263740;500512070043404;;N;;550.95;759.43;;;;CMED_ICMS17;20260508;20;PF0=457.29|PF12=519.65|PF18=557.67|PF19=564.56|PF20=571.61|PF21=578.85|PF22=586.27|PMC0=630.33|PMC12=716.28|PMC18=768.69|PMC19=778.19|PMC20=787.9|PMC21=797.88|PMC22=808.11
CMED;20260508;medicamento;533506301115418;;;VITAMEDIC INDUSTRIA FARMACEUTICA LTDA;REUMOTEC;20 MG COM CT BL AL PLAS INC X 10;TENOXICAM;7898049799602;1039200960017;90213238;533506301115418;;N;;26.82;36.97;;;;CMED_ICMS17;20260508;20;PF0=22.26|PF12=25.3|PF18=27.15|PF19=27.48|PF20=27.83|PF21=28.18|PF22=28.54|PMC0=30.68|PMC12=34.87|PMC18=37.42|PMC19=37.88|PMC20=38.36|PMC21=38.84|PMC22=39.34|PMVG17=21.05|PMVG18=21.31|PMVG20=21.84
CMED;20260508;medicamento;508023030172804;;;EUROFARMA LABORATORIOS S.A.;REUPLAQ;400 MG COM REV CT BL AL PLAS PVC/PVDC TRANS X 30;SULFATO DE HIDROXICLOROQUINA;7891317010041;1004313160031;90550498;508023030172804;;N;;84.45;116.41;;;;CMED_ICMS17;20260508;20;PF0=70.09|PF12=79.65|PF18=85.48|PF19=86.53|PF20=87.61|PF21=88.72|PF22=89.86|PMC0=96.61|PMC12=109.79|PMC18=117.83|PMC19=119.27|PMC20=120.76|PMC21=122.29|PMC22=123.86
CMED;20260508;medicamento;501602501113418;;;APSEN FARMACEUTICA S/A;REUQUINOL;400 MG COM REV CT BL AL PLAS TRANS X 30;SULFATO DE HIDROXICLOROQUINA;7896637023047;1011801620067;90010035;501602501113418;;N;;87.81;121.04;;;;CMED_ICMS17;20260508;20;PF0=72.88|PF12=82.82|PF18=88.88|PF19=89.98|PF20=91.1|PF21=92.25|PF22=93.44|PMC0=100.46|PMC12=114.16|PMC18=122.51|PMC19=124.03|PMC20=125.57|PMC21=127.16|PMC22=128.8
CMED;20260508;medicamento;501620080029507;;;APSEN FARMACEUTICA S/A;REUQUINOL;400 MG COM REV CT BL AL PLAS TRANS X 6;SULFATO DE HIDROXICLOROQUINA;7896637032353;1011801620105;90488954;501620080029507;;N;;17.45;24.05;;;;CMED_ICMS17;20260508;20;PF0=14.48|PF12=16.45|PF18=17.66|PF19=17.88|PF20=18.1|PF21=18.33|PF22=18.56|PMC0=19.96|PMC12=22.67|PMC18=24.34|PMC19=24.65|PMC20=24.95|PMC21=25.27|PMC22=25.58
CMED;20260508;medicamento;500513030047904;;;ACHÉ LABORATÓRIOS FARMACÊUTICOS S.A;REVANGE;(37,5 + 325,0) MG COM REV CT BL AL PLAS TRANS X 10;"CLORIDRATO DE TRAMADOL;PARACETAMOL";7896658016837;1057304400024;90264258;500513030047904;;N;;43.4;58.22;;;;CMED_ICMS17;20260508;20;PF0=36.02|PF12=40.93|PF18=43.93|PF19=44.47|PF20=45.03|PF21=45.59|PF22=46.18|PMC0=48.32|PMC12=54.91|PMC18=58.93|PMC19=59.65|PMC20=60.41|PMC21=61.16|PMC22=61.95|PMVG17=34.06|PMVG18=34.47|PMVG20=35.34
CMED;20260508;medicamento;500513030048004;;;ACHÉ LABORATÓRIOS FARMACÊUTICOS S.A;REVANGE;(37,5 + 325,0) MG COM REV CT BL AL PLAS TRANS X 20;"CLORIDRATO DE TRAMADOL;PARACETAMOL";7896658016844;1057304400032;90264266;500513030048004;;N;;90.78;121.78;;;;CMED_ICMS17;20260508;20;PF0=75.35|PF12=85.63|PF18=91.89|PF19=93.02|PF20=94.19|PF21=95.38|PF22=96.6|PMC0=101.08|PMC12=114.87|PMC18=123.27|PMC19=124.78|PMC20=126.35|PMC21=127.95|PMC22=129.59|PMVG17=71.24|PMVG18=72.11|PMVG20=73.91
CMED;20260508;medicamento;552919120092707;;;ACHÉ LABORATÓRIOS FARMACÊUTICOS S.A;REVANGE;(37,5 + 325,0) MG COM REV CT BL AL PLAS TRANS X 30;"CLORIDRATO DE TRAMADOL;PARACETAMOL";7896658034985;1057304400040;90441621;552919120092707;;N;;113.24;151.91;;;;CMED_ICMS17;20260508;20;PF0=93.99|PF12=106.81|PF18=114.62|PF19=116.04|PF20=117.49|PF21=118.97|PF22=120.5|PMC0=126.08|PMC12=143.28|PMC18=153.76|PMC19=155.66|PMC20=157.61|PMC21=159.59|PMC22=161.65|PMVG17=88.86|PMVG18=89.94|PMVG20=92.19
CMED;20260508;medicamento;541521120022317;;;VIATRIS FARMACEUTICA DO BRASIL LTDA;REVATIO;20 MG COM REV CT BL AL PLAS PVC TRANS X 90;CITRATO DE SILDENAFILA;7908236800308;1883000790043;90527160;541521120022317;;N;;3563.02;4911.25;;;;CMED_ICMS17;20260508;20;PF0=2957.31|PF12=3360.58|PF18=3606.48|PF19=3651|PF20=3696.64|PF21=3743.43|PF22=3791.42|PMC0=4076.34|PMC12=4632.21|PMC18=4971.16|PMC19=5032.52|PMC20=5095.43|PMC21=5159.93|PMC22=5226.08
CMED;20260508;medicamento;500214100032817;;;ABBOTT LABORATORIOS DO BRASIL LTDA;REVECTINA;6 MG COM CT BL AL PVDC INC X 4;IVERMECTINA;7896255766487;1055303510024;90296397;500214100032817;;N;;45.86;63.21;;;;CMED_ICMS17;20260508;20;PF0=38.06|PF12=43.25|PF18=46.41|PF19=46.99|PF20=47.58|PF21=48.18|PF22=48.79|PMC0=52.46|PMC12=59.62|PMC18=63.97|PMC19=64.77|PMC20=65.58|PMC21=66.41|PMC22=67.25|PMVG17=35.99|PMVG18=36.42|PMVG20=37.34
CMED;20260508;medicamento;500214100032917;;;ABBOTT LABORATORIOS DO BRASIL LTDA;REVECTINA;6 MG COM CT BL AL PVDC INC X 2;IVERMECTINA;7896255766470;1055303510016;90296400;500214100032917;;N;;26.05;35.91;;;;CMED_ICMS17;20260508;20;PF0=21.62|PF12=24.57|PF18=26.37|PF19=26.69|PF20=27.03|PF21=27.37|PF22=27.72|PMC0=29.8|PMC12=33.87|PMC18=36.35|PMC19=36.79|PMC20=37.26|PMC21=37.73|PMC22=38.21|PMVG17=20.44|PMVG18=20.69|PMVG20=21.21
CMED;20260508;medicamento;506722010095604;;;CRISTÁLIA PRODUTOS QUÍMICOS FARMACÊUTICOS LTDA.;REVERSO;100 MG/ML SOL INJ IV CX 10 FA VD TRANS X 2 ML;SUGAMADEX SÓDICO;7896676438895;1029805700025;90528042;506722010095604;;S;;4956.44;;;;;CMED_ICMS17;20260508;20;PF0=4113.85|PF12=4674.83|PF18=5016.89|PF19=5078.83|PF20=5142.31|PF21=5207.41|PF22=5274.17|PMVG17=3889.32|PMVG18=3936.75|PMVG20=4035.17
CMED;20260508;medicamento;509020110024807;;;FARMOQUÍMICA S/A;REVERT;100 MG + 25 MG COM CT BL AL PLAS PVC/PE/PVDC TRANS X 30;"ATENOLOL;CLORTALIDONA";7898040329013;1039002100011;90493044;509020110024807;;N;;50.82;70.05;;;;CMED_ICMS17;20260508;20;PF0=42.18|PF12=47.93|PF18=51.44|PF19=52.07|PF20=52.73|PF21=53.39|PF22=54.08|PMC0=58.14|PMC12=66.07|PMC18=70.9|PMC19=71.77|PMC20=72.68|PMC21=73.59|PMC22=74.54|PMVG17=39.88|PMVG18=40.37|PMVG20=41.38
CMED;20260508;medicamento;509020110024907;;;FARMOQUÍMICA S/A;REVERT;50 MG + 12,5 MG COM CT BL AL PLAS PVC/PE/PVDC TRANS X 30;"ATENOLOL;CLORTALIDONA";7898040328993;1039002100038;90493052;509020110024907;;N;;32.98;45.46;;;;CMED_ICMS17;20260508;20;PF0=27.37|PF12=31.1|PF18=33.38|PF19=33.79|PF20=34.21|PF21=34.65|PF22=35.09|PMC0=37.73|PMC12=42.87|PMC18=46.01|PMC19=46.58|PMC20=47.15|PMC21=47.76|PMC22=48.37|PMVG17=25.88|PMVG18=26.19|PMVG20=26.84
CMED;20260508;medicamento;501121030037917;;;TAKEDA PHARMA LTDA.;REVESTIVE;5 MG PO LIOF SOL INJ CT 28 FA VD TRANS + 28 SER PREENC VD TRANS;TEDUGLUTIDA;7896641816840;1063902960011;90508726;501121030037917;;N;;127896.51;171568.61;;;;CMED_ICMS17;20260508;20;PF0=106154.13|PF12=120629.73|PF18=129456.24|PF19=131054.49|PF20=132692.66|PF21=134372.34|PF22=136095.01|PMC0=142401.99|PMC12=161820.49|PMC18=173660.94|PMC19=175804.93|PMC20=178002.48|PMC21=180255.71|PMC22=182566.61|PMVG17=100360.39|PMVG18=101584.31|PMVG20=104123.93
CMED;20260508;medicamento;506713301113413;;;CRISTÁLIA PRODUTOS QUÍMICOS FARMACÊUTICOS LTDA.;REVIA;50 MG COM REV CT FR PLAS OPC X 30;CLORIDRATO DE NALTREXONA;7896676403923;1029801640036;90047893;506713301113413;;N;;370.52;510.72;;;;CMED_ICMS17;20260508;20;PF0=307.53|PF12=349.47|PF18=375.04|PF19=379.67|PF20=384.41|PF21=389.28|PF22=394.27|PMC0=423.9|PMC12=481.71|PMC18=516.95|PMC19=523.34|PMC20=529.87|PMC21=536.58|PMC22=543.46|PMVG17=290.75|PMVG18=294.29|PMVG20=301.65
CMED;20260508;medicamento;533025030092604;;;UNIÃO QUÍMICA FARMACÊUTICA NACIONAL S/A;REVIPEL;50 MG/ML SOL SPR CAPI CT FR PLAS PEAD OPC X 50 ML;MINOXIDIL;7896006298700;1049715440029;90606850;533025030092604;;N;;151.47;203.19;;;;CMED_ICMS17;20260508;20;PF0=125.72|PF12=142.86|PF18=153.32|PF19=155.21|PF20=157.15|PF21=159.14|PF22=161.18|PMC0=168.65|PMC12=191.64|PMC18=205.67|PMC19=208.21|PMC20=210.81|PMC21=213.48|PMC22=216.22|PMVG17=118.86|PMVG18=120.31|PMVG20=123.32
CMED;20260508;medicamento;533025030092704;;;UNIÃO QUÍMICA FARMACÊUTICA NACIONAL S/A;REVIPEL;50 MG/ML SOL SPR CAPI CT FR PLAS PEAD OPC X 50 ML + VALV SPR;MINOXIDIL;7896006298694;1049715440010;90606841;533025030092704;;N;;151.47;203.19;;;;CMED_ICMS17;20260508;20;PF0=125.72|PF12=142.86|PF18=153.32|PF19=155.21|PF20=157.15|PF21=159.14|PF22=161.18|PMC0=168.65|PMC12=191.64|PMC18=205.67|PMC19=208.21|PMC20=210.81|PMC21=213.48|PMC22=216.22|PMVG17=118.86|PMVG18=120.31|PMVG20=123.32
CMED;20260508;medicamento;505122040022117;;;BRISTOL-MYERS SQUIBB FARMACÊUTICA LTDA;REVLIMID;10 MG CAP DURA CT BL AL PLAS TRANS X 21;LENALIDOMIDA;7896016808623;1018004100075;90536240;505122040022117;;N;;23504.18;31530.02;;;;CMED_ICMS17;20260508;20;PF0=19508.47|PF12=22168.72|PF18=23790.81|PF19=24084.53|PF20=24385.59|PF21=24694.27|PF22=25010.85|PMC0=26169.92|PMC12=29738.55|PMC18=31914.52|PMC19=32308.54|PMC20=32712.4|PMC21=33126.48|PMC22=33551.16|PMVG17=18443.73|PMVG18=18668.65|PMVG20=19135.37
CMED;20260508;medicamento;505122040022217;;;BRISTOL-MYERS SQUIBB FARMACÊUTICA LTDA;REVLIMID;15 MG CAP DURA CT BL AL PLAS TRANS X 21;LENALIDOMIDA;7896016808630;1018004100113;90536258;505122040022217;;N;;24792.11;33257.73;;;;CMED_ICMS17;20260508;20;PF0=20577.46|PF12=23383.48|PF18=25094.46|PF19=25404.27|PF20=25721.83|PF21=26047.42|PF22=26381.35|PMC0=27603.93|PMC12=31368.11|PMC18=33663.32|PMC19=34078.92|PMC20=34504.92|PMC21=34941.69|PMC22=35389.64|PMVG17=19454.37|PMVG18=19691.62|PMVG20=20183.92
CMED;20260508;medicamento;505122040022317;;;BRISTOL-MYERS SQUIBB FARMACÊUTICA LTDA;REVLIMID;5 MG CAP DURA CT BL AL PLAS TRANS X 21;LENALIDOMIDA;7896016808616;1018004100040;90536266;505122040022317;;N;;22417.43;30072.18;;;;CMED_ICMS17;20260508;20;PF0=18606.47|PF12=21143.72|PF18=22690.81|PF19=22970.95|PF20=23258.09|PF21=23552.5|PF22=23854.44|PMC0=24959.92|PMC12=28363.55|PMC18=30438.91|PMC19=30814.71|PMC20=31199.9|PMC21=31594.84|PMC22=31999.88|PMVG17=17590.96|PMVG18=17805.48|PMVG20=18250.62
CMED;20260508;medicamento;505122040022417;;;BRISTOL-MYERS SQUIBB FARMACÊUTICA LTDA;REVLIMID;25 MG CAP DURA CT BL AL PLAS TRANS X 21;LENALIDOMIDA;7896016808647;1018004100172;90536274;505122040022417;;N;;27271.4;36583.61;;;;CMED_ICMS17;20260508;20;PF0=22635.27|PF12=25721.91|PF18=27603.98|PF19=27944.78|PF20=28294.09|PF21=28652.25|PF22=29019.57|PMC0=30364.41|PMC12=34505.03|PMC18=37029.76|PMC19=37486.93|PMC20=37955.51|PMC21=38435.97|PMC22=38928.72|PMVG17=21399.87|PMVG18=21660.84|PMVG20=22202.37
CMED;20260508;medicamento;505122040022517;;;BRISTOL-MYERS SQUIBB FARMACÊUTICA LTDA;REVLIMID;10 MG CAP DURA CT BL AL PLAS TRANS X 28;LENALIDOMIDA;7896016808654;1018004100083;90536282;505122040022517;;N;;30038.29;40295.3;;;;CMED_ICMS17;20260508;20;PF0=24931.79|PF12=28331.59|PF18=30404.62|PF19=30779.99|PF20=31164.74|PF21=31559.23|PF22=31963.83|PMC0=33445.11|PMC12=38005.82|PMC18=40786.72|PMC19=41290.26|PMC20=41806.39|PMC21=42335.58|PMC22=42878.34|PMVG17=23571.05|PMVG18=23858.51|PMVG20=24454.97
CMED;20260508;medicamento;505122040022617;;;BRISTOL-MYERS SQUIBB FARMACÊUTICA LTDA;REVLIMID;15 MG CAP DURA CT BL AL PLAS TRANS X 28;LENALIDOMIDA;7896016808661;1018004100121;90536290;505122040022617;;N;;31684.22;42503.25;;;;CMED_ICMS17;20260508;20;PF0=26297.91|PF12=29884|PF18=32070.62|PF19=32466.56|PF20=32872.39|PF21=33288.5|PF22=33715.26|PMC0=35277.71|PMC12=40088.32|PMC18=43021.59|PMC19=43552.73|PMC20=44097.14|PMC21=44655.34|PMC22=45227.82|PMVG17=24862.61|PMVG18=25165.82|PMVG20=25794.96
CMED;20260508;medicamento;505122040022717;;;BRISTOL-MYERS SQUIBB FARMACÊUTICA LTDA;REVLIMID;20 MG CAP DURA CT BL AL PLAS TRANS X 21;LENALIDOMIDA;7896016808685;1018004100148;90536304;505122040022717;;N;;27271.4;36583.61;;;;CMED_ICMS17;20260508;20;PF0=22635.27|PF12=25721.91|PF18=27603.98|PF19=27944.78|PF20=28294.09|PF21=28652.25|PF22=29019.57|PMC0=30364.41|PMC12=34505.03|PMC18=37029.76|PMC19=37486.93|PMC20=37955.51|PMC21=38435.97|PMC22=38928.72|PMVG17=21399.87|PMVG18=21660.84|PMVG20=22202.37
CMED;20260508;medicamento;505122040023117;;;BRISTOL-MYERS SQUIBB FARMACÊUTICA LTDA;REVLIMID;25 MG CAP DURA CT BL AL PLAS TRANS X 14;LENALIDOMIDA;7896016808678;1018004100164;90536347;505122040023117;;N;;19390.85;26012.13;;;;CMED_ICMS17;20260508;20;PF0=16094.41|PF12=18289.11|PF18=19627.33|PF19=19869.64|PF20=20118.01|PF21=20372.67|PF22=20633.85|PMC0=21590.08|PMC12=24534.19|PMC18=26329.36|PMC19=26654.41|PMC20=26987.59|PMC21=27329.21|PMC22=27679.58|PMVG17=15216|PMVG18=15401.57|PMVG20=15786.6
CMED;20260508;medicamento;500217030036303;;;ABBOTT LABORATORIOS DO BRASIL LTDA;REVOC;100 MG COM REV CT BL AL PLAS TRANS X 30;MALEATO DE FLUVOXAMINA;7891158101687;1055303670021;90372638;500217030036303;;N;;269.01;370.8;;;;CMED_ICMS17;20260508;20;PF0=223.28|PF12=253.73|PF18=272.29|PF19=275.65|PF20=279.1|PF21=282.63|PF22=286.26|PMC0=307.77|PMC12=349.74|PMC18=375.32|PMC19=379.95|PMC20=384.71|PMC21=389.58|PMC22=394.58|PMVG17=211.09|PMVG18=213.67|PMVG20=219.01
CMED;20260508;medicamento;500217030036403;;;ABBOTT LABORATORIOS DO BRASIL LTDA;REVOC;100 MG COM REV CT BL AL PLAS TRANS X 60;MALEATO DE FLUVOXAMINA;7891158103384;1055303670072;90372646;500217030036403;;N;;537.99;741.56;;;;CMED_ICMS17;20260508;20;PF0=446.53|PF12=507.42|PF18=544.55|PF19=551.27|PF20=558.16|PF21=565.23|PF22=572.47|PMC0=615.5|PMC12=699.43|PMC18=750.61|PMC19=759.87|PMC20=769.37|PMC21=779.11|PMC22=789.09|PMVG17=422.16|PMVG18=427.31|PMVG20=437.99
CMED;20260508;medicamento;500217030036503;;;ABBOTT LABORATORIOS DO BRASIL LTDA;REVOC;50 MG COM REV CT BL AL PLAS TRANS X 8;MALEATO DE FLUVOXAMINA;7891158101632;1055303670048;90372654;500217030036503;;N;;37.22;51.3;;;;CMED_ICMS17;20260508;20;PF0=30.89|PF12=35.1|PF18=37.67|PF19=38.14|PF20=38.61|PF21=39.1|PF22=39.6|PMC0=42.58|PMC12=48.38|PMC18=51.92|PMC19=52.57|PMC20=53.22|PMC21=53.9|PMC22=54.58|PMVG17=29.21|PMVG18=29.56|PMVG20=30.3
CMED;20260508;medicamento;500217030036603;;;ABBOTT LABORATORIOS DO BRASIL LTDA;REVOC;50 MG COM REV CT BL AL PLAS TRANS X 30;MALEATO DE FLUVOXAMINA;7891158101656;1055303670064;90372662;500217030036603;;N;;139.64;192.48;;;;CMED_ICMS17;20260508;20;PF0=115.9|PF12=131.7|PF18=141.34|PF19=143.09|PF20=144.88|PF21=146.71|PF22=148.59|PMC0=159.76|PMC12=181.53|PMC18=194.82|PMC19=197.23|PMC20=199.7|PMC21=202.22|PMC22=204.82|PMVG17=109.58|PMVG18=110.91|PMVG20=113.69
CMED;20260508;medicamento;526517050089317;;;NOVARTIS BIOCIENCIAS S.A;REVOLADE;25 MG COM REV CT BL AL/AL X 14;ELTROMBOPAGUE OLAMINA;7896261020672;1006811320019;90384881;526517050089317;;N;;2608.41;3499.09;;;;CMED_ICMS17;20260508;20;PF0=2164.98|PF12=2460.21|PF18=2640.22|PF19=2672.82|PF20=2706.23|PF21=2740.48|PF22=2775.61|PMC0=2904.24|PMC12=3300.28|PMC18=3541.76|PMC19=3585.49|PMC20=3630.31|PMC21=3676.26|PMC22=3723.38|PMVG17=2046.82|PMVG18=2071.78|PMVG20=2123.58
CMED;20260508;medicamento;526517050089417;;;NOVARTIS BIOCIENCIAS S.A;REVOLADE;50 MG COM REV CT BL AL/AL X 14;ELTROMBOPAGUE OLAMINA;7896261020689;1006811320035;90384890;526517050089417;;N;;5217.36;6998.9;;;;CMED_ICMS17;20260508;20;PF0=4330.41|PF12=4920.92|PF18=5280.99|PF19=5346.19|PF20=5413.01|PF21=5481.53|PF22=5551.81|PMC0=5809.09|PMC12=6601.24|PMC18=7084.26|PMC19=7171.72|PMC20=7261.36|PMC21=7353.28|PMC22=7447.56|PMVG17=4094.06|PMVG18=4143.99|PMVG20=4247.59
CMED;20260508;medicamento;524220080004507;;;LUNDBECK BRASIL LTDA;REXULTI;3 MG COM REV CT BL AL PLAS PVC TRANS X 30;BREXPIPRAZOL;5702150152183;1047500530086;90479386;524220080004507;;N;;812.86;1090.42;;;;CMED_ICMS17;20260508;20;PF0=674.67|PF12=766.67|PF18=822.77|PF19=832.93|PF20=843.34|PF21=854.01|PF22=864.96|PMC0=905.05|PMC12=1028.46|PMC18=1103.72|PMC19=1117.35|PMC20=1131.31|PMC21=1145.62|PMC22=1160.31|PMVG17=637.85|PMVG18=645.63|PMVG20=661.77
CMED;20260508;medicamento;524220080004707;;;LUNDBECK BRASIL LTDA;REXULTI;2 MG COM REV CT BL AL PLAS PVC TRANS X 30;BREXPIPRAZOL;5702150152176;1047500530078;90479408;524220080004707;;N;;812.86;1090.42;;;;CMED_ICMS17;20260508;20;PF0=674.67|PF12=766.67|PF18=822.77|PF19=832.93|PF20=843.34|PF21=854.01|PF22=864.96|PMC0=905.05|PMC12=1028.46|PMC18=1103.72|PMC19=1117.35|PMC20=1131.31|PMC21=1145.62|PMC22=1160.31|PMVG17=637.85|PMVG18=645.63|PMVG20=661.77
CMED;20260508;medicamento;524220080004807;;;LUNDBECK BRASIL LTDA;REXULTI;0,5 MG COM REV CT BL AL PLAS PVC TRANS X 30;BREXPIPRAZOL;5702150152145;1047500530043;90479416;524220080004807;;N;;214.04;287.13;;;;CMED_ICMS17;20260508;20;PF0=177.65|PF12=201.88|PF18=216.65|PF19=219.32|PF20=222.06|PF21=224.87|PF22=227.76|PMC0=238.31|PMC12=270.81|PMC18=290.63|PMC19=294.21|PMC20=297.89|PMC21=301.66|PMC22=305.53|PMVG17=167.96|PMVG18=170.01|PMVG20=174.25
CMED;20260508;medicamento;524220080004907;;;LUNDBECK BRASIL LTDA;REXULTI;1 MG COM REV CT BL AL PLAS PVC TRANS X 30;BREXPIPRAZOL;5702150152169;1047500530061;90479424;524220080004907;;N;;428.11;574.29;;;;CMED_ICMS17;20260508;20;PF0=355.33|PF12=403.78|PF18=433.33|PF19=438.68|PF20=444.16|PF21=449.78|PF22=455.55|PMC0=476.66|PMC12=541.66|PMC18=581.3|PMC19=588.47|PMC20=595.82|PMC21=603.36|PMC22=611.1|PMVG17=335.94|PMVG18=340.03|PMVG20=348.53
CMED;20260508;medicamento;597423050000504;;;CIPLA BRASIL IMPORTADORA E DISTRIBUIDORA DE MEDICAMENTOS LTDA;REZIMORP;50 MG/ML SOL INJ IM CT 2 SER PREENC VD TRANS X 5 ML + 2 AGU;FULVESTRANTO;8901117287549;1154100160019;90563247;597423050000504;;S;;9411.46;;;;;CMED_ICMS17;20260508;20;PF0=7811.51|PF12=8876.72|PF18=9526.23|PF19=9643.84|PF20=9764.39|PF21=9887.99|PF22=10014.75|PMVG17=7385.17|PMVG18=7475.23|PMVG20=7662.12
CMED;20260508;medicamento;576726020105902;;;SANOFI MEDLEY FARMACÊUTICA LTDA.;REZUROCK;200 MG COM REV CT FR PLAS PEAD OPC X 30;MESILATO DE BELUMOSUDIL;7891058006198;1832605090011;;576726020105902;;N;;59711.18;80100.42;;;;CMED_ICMS17;20260508;20;PF0=49560.29|PF12=56318.53|PF18=60439.37|PF19=61185.55|PF20=61950.36|PF21=62734.55|PF22=63538.82|PMC0=66483.36|PMC12=75549.3|PMC18=81077.26|PMC19=82078.24|PMC20=83104.2|PMC21=84156.17|PMC22=85235.06|PMVG17=46855.36|PMVG18=47426.77|PMVG20=48612.45
CMED;20260508;medicamento;556724080005302;;;MUNDIPHARMA BRASIL PRODUTOS MÉDICOS E FARMACÊUTICOS LTDA;REZZAYO;200 MG PO LIOF SOL INFUS IV CT FA VD TRANS;ACETATO DE REZAFUNGINA;7898586631977;1919800140013;90588835;556724080005302;;S;;8607.7;;;;;CMED_ICMS17;20260508;20;PF0=7144.39|PF12=8118.63|PF18=8712.67|PF19=8820.24|PF20=8930.49|PF21=9043.53|PF22=9159.47|PMVG17=6754.46|PMVG18=6836.83|PMVG20=7007.76
CMED;20260508;medicamento;502601901159412;;;CSL BEHRING COMÉRCIO DE PRODUTOS FARMACÊUTICOS LTDA;RHOPHYLAC;150 MCG/ML SOL INJ CT SER PREENC VD TRANS X 2,0 ML;IMUNOGLOBULINA ANTI-RHO(D);7897499450842;1015101210012;90049012;502601901159412;;N;;300.47;414.17;;;;CMED_ICMS17;20260508;20;PF0=249.39|PF12=283.4|PF18=304.13|PF19=307.89|PF20=311.74|PF21=315.68|PF22=319.73|PMC0=343.76|PMC12=390.64|PMC18=419.21|PMC19=424.39|PMC20=429.7|PMC21=435.13|PMC22=440.71|PMVG17=235.78|PMVG18=238.65|PMVG20=244.62
CMED;20260508;medicamento;504403503110418;;;BLAU FARMACEUTICA S.A.;RIBAVIRIN;250 MG CAP GEL DURA CT FR PLAS OPC X 60;RIBAVIRINA;7896014664238;1163700300031;90032276;504403503110418;;N;;795.82;1096.95;;;;CMED_ICMS17;20260508;20;PF0=660.53|PF12=750.6|PF18=805.52|PF19=815.47|PF20=825.66|PF21=836.11|PF22=846.83|PMC0=910.47|PMC12=1034.62|PMC18=1110.33|PMC19=1124.04|PMC20=1138.09|PMC21=1152.49|PMC22=1167.27
CMED;20260508;medicamento;541913070002104;;;FUNDACAO OSWALDO CRUZ;RIBAVIRINA;250 MG CAP GEL DURA CT 50 BL AL PLAS AMB X 10;RIBAVIRINA (PORT. 344/98 LISTA C 1);7898164511141;1106300510013;90267974;541913070002104;;N;;;;;;;CMED_ICMS17;20260508;20;PF0=379.38|PMC0=522.94
CMED;20260508;medicamento;514517090033302;;;JANSSEN-CILAG FARMACEUTICA LTDA;RIBOMUSTIN;25 MG PO LIOF SOL INFUS IV CT FA VD AMB;BENDAMUSTINA;7896212424528;1123634130014;90380746;514517090033302;;S;;432.64;;;;;CMED_ICMS17;20260508;20;PF0=359.09|PF12=408.06|PF18=437.91|PF19=443.32|PF20=448.86|PF21=454.54|PF22=460.37|PMVG17=339.49|PMVG18=343.63|PMVG20=352.22
CMED;20260508;medicamento;514517090033402;;;JANSSEN-CILAG FARMACEUTICA LTDA;RIBOMUSTIN;100 MG PO LIOF SOL INFUS IV CT FA VD AMB;BENDAMUSTINA;7896212424535;1123634130022;90380754;514517090033402;;S;;1730.59;;;;;CMED_ICMS17;20260508;20;PF0=1436.39|PF12=1632.26|PF18=1751.69|PF19=1773.32|PF20=1795.49|PF21=1818.22|PF22=1841.53|PMVG17=1357.99|PMVG18=1374.55|PMVG20=1408.92
CMED;20260508;medicamento;532723040058704;;;TORRENT DO BRASIL LTDA;RIDUZI;160 MG COM REV CT BL AL PLAS PVC/PE/PVDC TRANS X 30;FENOFIBRATO;8903855084060;1052501070026;90560329;532723040058704;;N;;118.65;163.55;;;;CMED_ICMS17;20260508;20;PF0=98.48|PF12=111.91|PF18=120.1|PF19=121.58|PF20=123.1|PF21=124.66|PF22=126.26|PMC0=135.74|PMC12=154.26|PMC18=165.55|PMC19=167.59|PMC20=169.68|PMC21=171.83|PMC22=174.04|PMVG17=93.1|PMVG18=94.24|PMVG20=96.6
CMED;20260508;medicamento;532723040058804;;;TORRENT DO BRASIL LTDA;RIDUZI;160 MG COM REV CT BL AL PLAS PVC/PE/PVDC TRANS X 60;FENOFIBRATO;8903855084077;1052501070034;90560337;532723040058804;;N;;237.33;327.13;;;;CMED_ICMS17;20260508;20;PF0=196.98|PF12=223.84|PF18=240.22|PF19=243.19|PF20=246.23|PF21=249.34|PF22=252.54|PMC0=271.52|PMC12=308.54|PMC18=331.12|PMC19=335.21|PMC20=339.4|PMC21=343.69|PMC22=348.1|PMVG17=186.23|PMVG18=188.5|PMVG20=193.22
CMED;20260508;medicamento;532723040058904;;;TORRENT DO BRASIL LTDA;RIDUZI;160 MG COM REV CT BL AL PLAS PVC/PE/PVDC TRANS X 90;FENOFIBRATO;8903855084084;1052501070042;90560345;532723040058904;;N;;356;490.71;;;;CMED_ICMS17;20260508;20;PF0=295.48|PF12=335.77|PF18=360.34|PF19=364.79|PF20=369.35|PF21=374.03|PF22=378.82|PMC0=407.29|PMC12=462.82|PMC18=496.69|PMC19=502.83|PMC20=509.11|PMC21=515.56|PMC22=522.16|PMVG17=279.35|PMVG18=282.76|PMVG20=289.83
CMED;20260508;medicamento;532723040059004;;;TORRENT DO BRASIL LTDA;RIDUZI;160 MG COM REV CT BL AL PLAS PVC/PE/PVDC TRANS X 100;FENOFIBRATO;8903855084091;1052501070050;90560353;532723040059004;;N;;395.54;545.21;;;;CMED_ICMS17;20260508;20;PF0=328.3|PF12=373.07|PF18=400.37|PF19=405.31|PF20=410.38|PF21=415.57|PF22=420.9|PMC0=452.53|PMC12=514.24|PMC18=551.87|PMC19=558.68|PMC20=565.67|PMC21=572.82|PMC22=580.17|PMVG17=310.38|PMVG18=314.17|PMVG20=322.03
CMED;20260508;medicamento;532723040059104;;;TORRENT DO BRASIL LTDA;RIDUZI;160 MG COM REV CT BL AL PLAS PVC/PE/PVDC TRANS X 10;FENOFIBRATO;8903855084053;1052501070018;90560310;532723040059104;;N;;39.55;54.52;;;;CMED_ICMS17;20260508;20;PF0=32.83|PF12=37.31|PF18=40.04|PF19=40.53|PF20=41.04|PF21=41.56|PF22=42.09|PMC0=45.25|PMC12=51.43|PMC18=55.19|PMC19=55.87|PMC20=56.57|PMC21=57.29|PMC22=58.02|PMVG17=31.03|PMVG18=31.42|PMVG20=32.2
CMED;20260508;medicamento;576720060075417;;;SANOFI MEDLEY FARMACÊUTICA LTDA.;RIFALDIN;300 MG CAP DURA CT BL AL PLAS PVC/PVDC TRANS X 6;RIFAMPICINA;7891058060336;1832603740019;90476220;576720060075417;;N;;19.16;26.41;;;;CMED_ICMS17;20260508;20;PF0=15.9|PF12=18.07|PF18=19.39|PF19=19.63|PF20=19.88|PF21=20.13|PF22=20.38|PMC0=21.92|PMC12=24.91|PMC18=26.73|PMC19=27.06|PMC20=27.4|PMC21=27.75|PMC22=28.09|PMVG17=15.03|PMVG18=15.22|PMVG20=15.6
CMED;20260508;medicamento;507729901131112;;;EMS S/A;RIFAMICINA SV SÓDICA;10 MG/ML SOL TOP SPR CT FR VD AMB X 20 ML;RIFAMICINA;7896004710419;1023506670011;90059220;507729901131112;S;N;;22.01;30.34;;;;CMED_ICMS17;20260508;20;PF0=18.27|PF12=20.76|PF18=22.28|PF19=22.56|PF20=22.84|PF21=23.13|PF22=23.42|PMC0=25.18|PMC12=28.62|PMC18=30.71|PMC19=31.1|PMC20=31.48|PMC21=31.88|PMC22=32.28|PMVG17=17.27|PMVG18=17.48|PMVG20=17.92
CMED;20260508;medicamento;526114201175114;;;GERMED FARMACEUTICA LTDA;RIFAMICINA SV SÓDICA;10 MG/ML SOL TOP SPR CT FR VD AMB X 20 ML;RIFAMICINA;7896004710433;1058308110010;90368681;526114201175114;S;N;;21.25;29.29;;;;CMED_ICMS17;20260508;20;PF0=17.64|PF12=20.05|PF18=21.51|PF19=21.78|PF20=22.05|PF21=22.33|PF22=22.62|PMC0=24.31|PMC12=27.64|PMC18=29.65|PMC19=30.02|PMC20=30.39|PMC21=30.78|PMC22=31.18|PMVG17=16.67|PMVG18=16.88|PMVG20=17.3
CMED;20260508;medicamento;538816301173111;;;LEGRAND PHARMA INDUSTRIA FARMACEUTICA LTDA;RIFAMICINA SV SÓDICA;10 MG/ML SOL TOP SPR CT FR VD AMB X 20 ML;RIFAMICINA SV SÓDICA;7894916140478;1677304360017;90368703;538816301173111;S;N;;20.22;27.87;;;;CMED_ICMS17;20260508;20;PF0=16.78|PF12=19.07|PF18=20.46|PF19=20.72|PF20=20.98|PF21=21.24|PF22=21.51|PMC0=23.13|PMC12=26.29|PMC18=28.2|PMC19=28.56|PMC20=28.92|PMC21=29.28|PMC22=29.65|PMVG17=15.87|PMVG18=16.05|PMVG20=16.46
CMED;20260508;medicamento;576720020056807;;;SANOFI MEDLEY FARMACÊUTICA LTDA.;RIFAMICINA SV SÓDICA;10 MG/ML SOL TOP SPR CT FR VD AMB X 20 ML;RIFAMICINA SV SÓDICA;7896422520980;1832603020016;90452950;576720020056807;S;N;;17.7;24.4;;;;CMED_ICMS17;20260508;20;PF0=14.69|PF12=16.69|PF18=17.91|PF19=18.14|PF20=18.36|PF21=18.59|PF22=18.83|PMC0=20.25|PMC12=23.01|PMC18=24.69|PMC19=25|PMC20=25.31|PMC21=25.62|PMC22=25.96|PMVG17=13.89|PMVG18=14.05|PMVG20=14.41
CMED;20260508;medicamento;519717040005404;;;COMANDO DO EXÉRCITO;RIFAMPICINA;300 MG CAP GEL DURA CX 50 ENV AL POLIET X 10;RIFAMPICINA;7898304040401;1120800260011;90381041;519717040005404;;S;;;;;;;CMED_ICMS17;20260508;20;PF0=737.14
CMED;20260508;medicamento;507732701170416;;;EMS S/A;RIFASAN;10 MG/ML SOL TOP SPR CT FR VD AMB X 20 ML;RIFAMICINA;7896004705156;1023511680011;90368690;507732701170416;;N;;21.94;30.24;;;;CMED_ICMS17;20260508;20;PF0=18.21|PF12=20.69|PF18=22.21|PF19=22.48|PF20=22.76|PF21=23.05|PF22=23.35|PMC0=25.1|PMC12=28.52|PMC18=30.61|PMC19=30.99|PMC20=31.37|PMC21=31.77|PMC22=32.19|PMVG17=17.22|PMVG18=17.43|PMVG20=17.86
CMED;20260508;medicamento;576720070080917;;;SANOFI MEDLEY FARMACÊUTICA LTDA.;RIFOCINA SPRAY;10 MG/ML SOL TOP SPRAY CT FR VD AMB X 20 ML;RIFAMICINA SV SÓDICA;7891058061562;1832604060011;90488334;576720070080917;;N;;34.05;46.93;;;;CMED_ICMS17;20260508;20;PF0=28.26|PF12=32.11|PF18=34.46|PF19=34.89|PF20=35.33|PF21=35.77|PF22=36.23|PMC0=38.95|PMC12=44.26|PMC18=47.5|PMC19=48.09|PMC20=48.7|PMC21=49.31|PMC22=49.94|PMVG17=26.72|PMVG18=27.04|PMVG20=27.72
CMED;20260508;medicamento;540416050009804;;;NATULAB LABORATORIO S.A;RIFOTRAT;10 MG/ML SOL TOP SPRAY CX 50 FR PLAS AMB X 20 ML;RIFAMICINA;7899470806259;1384100220059;90356233;540416050009804;;S;;575.07;;;;;CMED_ICMS17;20260508;20;PF0=477.31|PF12=542.4|PF18=582.09|PF19=589.27|PF20=596.64|PF21=604.19|PF22=611.94|PMVG17=451.26|PMVG18=456.77|PMVG20=468.18
CMED;20260508;medicamento;540416120010303;;;NATULAB LABORATORIO S.A;RIFOTRAT;10 MG/ML SOL TOP SPRAY CT FR PLAS AMB X 20 ML;"RIFAMICINA SV SÓDICA;RIFAMICINA";7898133134784;1384100220040;90371763;540416120010303;;N;;20.37;28.08;;;;CMED_ICMS17;20260508;20;PF0=16.91|PF12=19.22|PF18=20.62|PF19=20.88|PF20=21.14|PF21=21.41|PF22=21.68|PMC0=23.31|PMC12=26.49|PMC18=28.42|PMC19=28.78|PMC20=29.14|PMC21=29.51|PMC22=29.88|PMVG17=15.98|PMVG18=16.18|PMVG20=16.59
CMED;20260508;medicamento;506714030052606;;;CRISTÁLIA PRODUTOS QUÍMICOS FARMACÊUTICOS LTDA.;RILUZOL;50 MG COM REV CT BL AL PLAS OPC X 56;RILUZOL;7896676421569;1029804020012;90294831;506714030052606;S;N;;1765.99;2434.23;;;;CMED_ICMS17;20260508;20;PF0=1465.77|PF12=1665.65|PF18=1787.52|PF19=1809.59|PF20=1832.21|PF21=1855.41|PF22=1879.19|PMC0=2020.41|PMC12=2295.93|PMC18=2463.91|PMC19=2494.33|PMC20=2525.51|PMC21=2557.49|PMC22=2590.27
CMED;20260508;medicamento;510014120016806;;;FUNDAÇÃO PARA O REMÉDIO POPULAR - FURP;RILUZOL;50 MG COM REV CT BL AL PLAS OPC X 60;RILUZOL;7895005803830;1103901790016;90305280;510014120016806;S;S;;;;;;;CMED_ICMS17;20260508;20;PF0=1570.37
CMED;20260508;medicamento;524715070011306;;;LABORATÓRIO FARMACÊUTICO DA MARINHA;RILUZOL;50 MG COM REV CT BL AL AL X 56;RILUZOL;7898242772488;1262501030024;90382455;524715070011306;S;N;;;;;;;CMED_ICMS17;20260508;20;PF0=1464.44|PMC0=2018.58
CMED;20260508;medicamento;524715070011406;;;LABORATÓRIO FARMACÊUTICO DA MARINHA;RILUZOL;50 MG COM REV CT BL AL PLAS OPC X 56;RILUZOL;7898242772495;1262501030016;90382463;524715070011406;S;N;;;;;;;CMED_ICMS17;20260508;20;PF0=1464.44|PMC0=2018.58
CMED;20260508;medicamento;541814120009606;;;EMS S/A;RILUZOL;50 MG COM REV CT BL AL PLAS OPC X 60;RILUZOL;7896004728780;1023510370017;90328531;541814120009606;S;N;;1892.18;2608.17;;;;CMED_ICMS17;20260508;20;PF0=1570.51|PF12=1784.67|PF18=1915.26|PF19=1938.9|PF20=1963.14|PF21=1987.99|PF22=2013.47|PMC0=2164.78|PMC12=2459.98|PMC18=2639.99|PMC19=2672.57|PMC20=2705.98|PMC21=2740.24|PMC22=2775.36
CMED;20260508;medicamento;509507102156413;;;FRESENIUS KABI BRASIL LTDA;RINGER;(8,6+0,33+0,30)MG/ML SOL INJ IV CX BOLS PLAS POLIEF SIST FECH X 500ML;"CLORETO DE CÁLCIO DIIDRATADO;CLORETO DE POTÁSSIO;CLORETO DE SÓDIO";7897947709171;1004101150049;90076010;509507102156413;;S;;9.52;;;;;CMED_ICMS17;20260508;20;PF0=7.9|PF12=8.98|PF18=9.63|PF19=9.75|PF20=9.88|PF21=10|PF22=10.13|PMVG17=7.47|PMVG18=7.56|PMVG20=7.75
CMED;20260508;medicamento;509518040032203;;;FRESENIUS KABI BRASIL LTDA;RINGER;(8,6+0,33+0,30) MG/ML SOL INJ IV CX 30 FR PLAS PE TRANS SIST FECH X 500 ML;"CLORETO DE CÁLCIO DIIDRATADO;CLORETO DE POTÁSSIO;CLORETO DE SÓDIO";7899498606718;1004101150073;90400283;509518040032203;;S;;268.7;;;;;CMED_ICMS17;20260508;20;PF0=223.02|PF12=253.43|PF18=271.98|PF19=275.33|PF20=278.78|PF21=282.3|PF22=285.92|PMVG17=210.85|PMVG18=213.42|PMVG20=218.76
CMED;20260508;medicamento;509518040032303;;;FRESENIUS KABI BRASIL LTDA;RINGER;(8,6+0,33+0,30) MG/ML SOL INJ IV CX FR PLAS PE TRANS SIST FECH X 500 ML;CLORETO DE CÁLCIO 2H2O;7897947709584;1004101150057;90400291;509518040032303;;S;;8.92;;;;;CMED_ICMS17;20260508;20;PF0=7.4|PF12=8.41|PF18=9.02|PF19=9.14|PF20=9.25|PF21=9.37|PF22=9.49|PMVG17=7|PMVG18=7.08|PMVG20=7.26
CMED;20260508;medicamento;511216120033503;;;HALEX ISTAR INDUSTRIA FARMACEUTICA SA;RINGER;8,6 + 0,3 + 0,33 MG/ML SOL INJ IV CX 30 BOLS PP TRANS SIST FECH X 500 ML;"CLORETO DE CÁLCIO DIIDRATADO;CLORETO DE POTÁSSIO;CLORETO DE SÓDIO";7896727841810;1031100090554;90372077;511216120033503;;S;;288.07;;;;;CMED_ICMS17;20260508;20;PF0=239.1|PF12=271.7|PF18=291.59|PF19=295.19|PF20=298.88|PF21=302.66|PF22=306.54|PMVG17=226.05|PMVG18=228.81|PMVG20=234.53
CMED;20260508;medicamento;511216120033603;;;HALEX ISTAR INDUSTRIA FARMACEUTICA SA;RINGER;8,6 + 0,3 + 0,33 MG/ML SOL INJ IV CX 15 BOLS PP TRANS SIST FECH X 1000 ML;"CLORETO DE CÁLCIO DIIDRATADO;CLORETO DE POTÁSSIO;CLORETO DE SÓDIO";7896727841827;1031100090562;90372085;511216120033603;;S;;216.83;;;;;CMED_ICMS17;20260508;20;PF0=179.97|PF12=204.51|PF18=219.48|PF19=222.19|PF20=224.96|PF21=227.81|PF22=230.73|PMVG17=170.15|PMVG18=172.23|PMVG20=176.53
CMED;20260508;medicamento;514901302157417;;;JP INDUSTRIA FARMACEUTICA S/A;RINGER;(9 + 0,3 + 0,3) MG/ML SOL INJ IV CX 20 BOLS PLAS PVC TRANS SIST FECH X 500 ML;"CLORETO DE CÁLCIO DIIDRATADO;CLORETO DE POTÁSSIO;CLORETO DE SÓDIO";7896137650927;1049100600032;90108396;514901302157417;;S;;182.57;;;;;CMED_ICMS17;20260508;20;PF0=151.53|PF12=172.19|PF18=184.79|PF19=187.07|PF20=189.41|PF21=191.81|PF22=194.27|PMVG17=143.26|PMVG18=145|PMVG20=148.63
CMED;20260508;medicamento;508314100020704;;;FARMACE INDÚSTRIA QUÍMICO-FARMACÊUTICA CEARENSE LTDA;RINGER COM LACTATO;(0,006+0,0003+0,0002+0,0031)G/ML SOL INJ FA PLAS TRANS SIST FECH X 500 ML;"CLORETO DE CÁLCIO DIIDRATADO;LACTATO DE SÓDIO;CLORETO DE POTÁSSIO;CLORETO DE SÓDIO";7898166042797;1108500420049;90303938;508314100020704;;S;;10.1;;;;;CMED_ICMS17;20260508;20;PF0=8.38|PF12=9.52|PF18=10.22|PF19=10.35|PF20=10.48|PF21=10.61|PF22=10.74|PMVG17=7.93|PMVG18=8.02|PMVG20=8.22
CMED;20260508;medicamento;508323050023003;;;FARMACE INDÚSTRIA QUÍMICO-FARMACÊUTICA CEARENSE LTDA;RINGER COM LACTATO;(0,006+0,0003+0,0002+0,0031)G/ML SOL INJ CX 24 FA PLAS TRANS SIST FECH X 500ML;"CLORETO DE CÁLCIO DIIDRATADO;LACTATO DE SÓDIO;CLORETO DE POTÁSSIO;CLORETO DE SÓDIO";7898166040120;1108500420057;90372298;508323050023003;;S;;243.05;;;;;CMED_ICMS17;20260508;20;PF0=201.73|PF12=229.24|PF18=246.01|PF19=249.05|PF20=252.16|PF21=255.35|PF22=258.63|PMVG17=190.72|PMVG18=193.04|PMVG20=197.87
CMED;20260508;medicamento;511216120033203;;;HALEX ISTAR INDUSTRIA FARMACEUTICA SA;RINGER COM LACTATO;(6,00+0,30+0,20+3,20) MG/ML SOL INJ IV CX 50 BOLS PP TRANS SIST FECH X 250 ML;"CLORETO DE CÁLCIO DIIDRATADO;LACTATO DE SÓDIO;CLORETO DE POTÁSSIO;CLORETO DE SÓDIO";7896727841902;1031100890305;90372301;511216120033203;;S;;417.82;;;;;CMED_ICMS17;20260508;20;PF0=346.79|PF12=394.08|PF18=422.91|PF19=428.14|PF20=433.49|PF21=438.97|PF22=444.6|PMVG17=327.86|PMVG18=331.86|PMVG20=340.16
CMED;20260508;medicamento;511216120033303;;;HALEX ISTAR INDUSTRIA FARMACEUTICA SA;RINGER COM LACTATO;(6,00+0,30+0,20+3,20) MG/ML SOL INJ IV CX 30 BOLS PP TRANS SIST FECH X 500 ML;"CLORETO DE CÁLCIO DIIDRATADO;LACTATO DE SÓDIO;CLORETO DE POTÁSSIO;CLORETO DE SÓDIO";7896727841919;1031100890313;90372310;511216120033303;;S;;304.83;;;;;CMED_ICMS17;20260508;20;PF0=253.01|PF12=287.51|PF18=308.55|PF19=312.36|PF20=316.26|PF21=320.27|PF22=324.37|PMVG17=239.2|PMVG18=242.12|PMVG20=248.17
CMED;20260508;medicamento;511216120033403;;;HALEX ISTAR INDUSTRIA FARMACEUTICA SA;RINGER COM LACTATO;(6,00+0,30+0,20+3,20) MG/ML SOL INJ CX 15 BOLS PP TRANS SIST FECH X 1000 ML;CLORETO DE CÁLCIO;7896727841926;1031100890321;90372476;511216120033403;;S;;228.6;;;;;CMED_ICMS17;20260508;20;PF0=189.74|PF12=215.61|PF18=231.39|PF19=234.25|PF20=237.18|PF21=240.18|PF22=243.26|PMVG17=179.38|PMVG18=181.57|PMVG20=186.12
CMED;20260508;medicamento;541519040014913;;;VIATRIS FARMACEUTICA DO BRASIL LTDA;RINO-LASTIN;1,0 MG/ML SOL SPR NAS CT FR SPR VD AMB X 10 ML;CLORIDRATO DE AZELASTINA;7898560664106;1883000570027;90430611;541519040014913;;N;;53.83;72.21;;;;CMED_ICMS17;20260508;20;PF0=44.68|PF12=50.77|PF18=54.49|PF19=55.16|PF20=55.85|PF21=56.56|PF22=57.28|PMC0=59.94|PMC12=68.11|PMC18=73.1|PMC19=74|PMC20=74.92|PMC21=75.87|PMC22=76.84|PMVG17=42.24|PMVG18=42.76|PMVG20=43.83
CMED;20260508;medicamento;540915100016217;;;COSMED INDUSTRIA DE COSMETICOS E MEDICAMENTOS S.A.;RINOSORO SIC;30 MG/ML SOL NASAL CT FR PLAS OPC SPRAY X 50 ML;CLORETO DE SÓDIO;7897322704944;1781700810141;90328167;540915100016217;;N;;26.65;35.75;;;;CMED_ICMS17;20260508;20;PF0=22.12|PF12=25.14|PF18=26.98|PF19=27.31|PF20=27.65|PF21=28|PF22=28.36|PMC0=29.67|PMC12=33.72|PMC18=36.19|PMC19=36.64|PMC20=37.09|PMC21=37.56|PMC22=38.04|PMVG17=20.91|PMVG18=21.17|PMVG20=21.7
CMED;20260508;medicamento;543720060004207;;;ABBVIE FARMACÊUTICA LTDA.;RINVOQ;15 MG COM REV LIB PROL CT FR PLAS PEAD OPC X 30;UPADACITINIBE HEMI-HIDRATADO;8054083018324;1986000170011;90477499;543720060004207;;N;;5977.88;8019.11;;;;CMED_ICMS17;20260508;20;PF0=4961.64|PF12=5638.23|PF18=6050.78|PF19=6125.48|PF20=6202.05|PF21=6280.56|PF22=6361.08|PMC0=6655.86|PMC12=7563.48|PMC18=8116.91|PMC19=8217.11|PMC20=8319.83|PMC21=8425.15|PMC22=8533.16|PMVG17=4690.84|PMVG18=4748.05|PMVG20=4866.75
CMED;20260508;medicamento;543724050005102;;;ABBVIE FARMACÊUTICA LTDA.;RINVOQ;30 MG COM REV LIB PROL CT FR PLAS PEAD OPC X 30;UPADACITINIBE HEMI-HIDRATADO;8054083022215;1986000170038;90588312;543724050005102;;N;;8109.99;10879.26;;;;CMED_ICMS17;20260508;20;PF0=6731.29|PF12=7649.2|PF18=8208.89|PF19=8310.24|PF20=8414.11|PF21=8520.62|PF22=8629.86|PMC0=9029.79|PMC12=10261.13|PMC18=11011.93|PMC19=11147.89|PMC20=11287.23|PMC21=11430.11|PMC22=11576.65|PMVG17=6363.91|PMVG18=6441.52|PMVG20=6602.55
CMED;20260508;medicamento;543724050005202;;;ABBVIE FARMACÊUTICA LTDA.;RINVOQ;45 MG COM REV LIB PROL CT FR PLAS PEAD OPC X 28;UPADACITINIBE HEMI-HIDRATADO;8054083023229;1986000170054;90588320;543724050005202;;N;;7569.34;10154;;;;CMED_ICMS17;20260508;20;PF0=6282.55|PF12=7139.26|PF18=7661.65|PF19=7756.24|PF20=7853.19|PF21=7952.6|PF22=8054.55|PMC0=8427.82|PMC12=9577.06|PMC18=10277.83|PMC19=10404.72|PMC20=10534.77|PMC21=10668.13|PMC22=10804.89|PMVG17=5939.66|PMVG18=6012.1|PMVG20=6162.4
CMED;20260508;medicamento;501103004130418;;;TAKEDA PHARMA LTDA.;RIOPAN;80 MG/ML SUS OR CT FR PLAS OPC X 240 ML;MAGALDRATO;7896641800412;1063902770016;90394372;501103004130418;;N;;35.2;47.22;;;;CMED_ICMS17;20260508;20;PF0=29.22|PF12=33.2|PF18=35.63|PF19=36.07|PF20=36.53|PF21=36.99|PF22=37.46|PMC0=39.2|PMC12=44.54|PMC18=47.8|PMC19=48.39|PMC20=49|PMC21=49.62|PMC22=50.25|PMVG17=27.62|PMVG18=27.96|PMVG20=28.67
CMED;20260508;medicamento;501103003134411;;;TAKEDA PHARMA LTDA.;RIOPAN PLUS;80 MG/ML + 10 MG/ML SUS OR CT FR PLAS OPC X 240 ML (SABOR MENTA);"MAGALDRATO;DIMETICONA";7896641800740;1063901120484;90174682;501103003134411;;N;;47.53;63.76;;;;CMED_ICMS17;20260508;20;PF0=39.45|PF12=44.83|PF18=48.11|PF19=48.7|PF20=49.31|PF21=49.94|PF22=50.58|PMC0=52.92|PMC12=60.14|PMC18=64.54|PMC19=65.33|PMC20=66.15|PMC21=66.99|PMC22=67.85|PMVG17=37.3|PMVG18=37.75|PMVG20=38.69
CMED;20260508;medicamento;508022050162717;;;EUROFARMA LABORATORIOS S.A.;RIPOSO SL;5 MG COM SUBL CT FR VD AMB X 30;HEMITARTARATO DE ZOLPIDEM;7891317015770;1004314160017;90535790;508022050162717;;N;;97.94;135;;;;CMED_ICMS17;20260508;20;PF0=81.29|PF12=92.38|PF18=99.13|PF19=100.36|PF20=101.61|PF21=102.9|PF22=104.22|PMC0=112.05|PMC12=127.34|PMC18=136.64|PMC19=138.34|PMC20=140.06|PMC21=141.84|PMC22=143.66|PMVG17=76.85|PMVG18=77.79|PMVG20=79.73
CMED;20260508;medicamento;504116070055502;;;BIOLAB SANUS FARMACEUTICA LTDA;RISCARD;500 MG COM REV LIB PROL CT BL AL PLAS OPC X 60;RANOLAZINA;7896112406532;1097402320024;90347633;504116070055502;;N;;115.46;154.89;;;;CMED_ICMS17;20260508;20;PF0=95.83|PF12=108.9|PF18=116.87|PF19=118.31|PF20=119.79|PF21=121.3|PF22=122.86|PMC0=128.55|PMC12=146.09|PMC18=156.78|PMC19=158.71|PMC20=160.69|PMC21=162.72|PMC22=164.81|PMVG17=90.6|PMVG18=91.71|PMVG20=94
CMED;20260508;medicamento;504116070055802;;;BIOLAB SANUS FARMACEUTICA LTDA;RISCARD;1000 MG COM REV LIB PROL CT BL AL PLAS OPC X 30;RANOLAZINA;7896112406426;1097402320059;90347668;504116070055802;;N;;115.46;154.89;;;;CMED_ICMS17;20260508;20;PF0=95.83|PF12=108.9|PF18=116.87|PF19=118.31|PF20=119.79|PF21=121.3|PF22=122.86|PMC0=128.55|PMC12=146.09|PMC18=156.78|PMC19=158.71|PMC20=160.69|PMC21=162.72|PMC22=164.81|PMVG17=90.6|PMVG18=91.71|PMVG20=94
CMED;20260508;medicamento;504116070055902;;;BIOLAB SANUS FARMACEUTICA LTDA;RISCARD;1000 MG COM REV LIB PROL CT BL AL PLAS OPC X 60;RANOLAZINA;7896112406433;1097402320067;90347676;504116070055902;;N;;230.87;309.7;;;;CMED_ICMS17;20260508;20;PF0=191.62|PF12=217.75|PF18=233.68|PF19=236.57|PF20=239.53|PF21=242.56|PF22=245.67|PMC0=257.05|PMC12=292.1|PMC18=313.47|PMC19=317.35|PMC20=321.32|PMC21=325.39|PMC22=329.56|PMVG17=181.16|PMVG18=183.37|PMVG20=187.96
CMED;20260508;medicamento;504116070056002;;;BIOLAB SANUS FARMACEUTICA LTDA;RISCARD;1000 MG COM REV LIB PROL CT BL AL PLAS OPC X 90;RANOLAZINA;7896112406440;1097402320075;90347684;504116070056002;;N;;346.35;464.62;;;;CMED_ICMS17;20260508;20;PF0=287.47|PF12=326.67|PF18=350.57|PF19=354.9|PF20=359.34|PF21=363.89|PF22=368.55|PMC0=385.63|PMC12=438.22|PMC18=470.28|PMC19=476.09|PMC20=482.04|PMC21=488.15|PMC22=494.4|PMVG17=271.78|PMVG18=275.09|PMVG20=281.97
CMED;20260508;medicamento;504116070056102;;;BIOLAB SANUS FARMACEUTICA LTDA;RISCARD;1000 MG COM REV LIB PROL CT BL AL PLAS OPC X 120;RANOLAZINA;7896112406457;1097402320083;90347692;504116070056102;;N;;461.87;619.58;;;;CMED_ICMS17;20260508;20;PF0=383.35|PF12=435.63|PF18=467.5|PF19=473.27|PF20=479.19|PF21=485.25|PF22=491.47|PMC0=514.25|PMC12=584.38|PMC18=627.13|PMC19=634.87|PMC20=642.82|PMC21=650.95|PMC22=659.29|PMVG17=362.43|PMVG18=366.85|PMVG20=376.02
CMED;20260508;medicamento;507740301119112;;;EMS S/A;RISEDRONATO SÓDICO;35 MG COM REV CT BL AL PLAS OPC X 4;RISEDRONATO SÓDICO;7896004728667;1023512670034;90433238;507740301119112;S;N;;194.65;268.3;;;;CMED_ICMS17;20260508;20;PF0=161.56|PF12=183.59|PF18=197.02|PF19=199.46|PF20=201.95|PF21=204.51|PF22=207.13|PMC0=222.69|PMC12=253.06|PMC18=271.57|PMC19=274.93|PMC20=278.37|PMC21=281.9|PMC22=285.51
CMED;20260508;medicamento;507740302115110;;;EMS S/A;RISEDRONATO SÓDICO;35 MG COM REV CT BL AL PLAS OPC X 2;RISEDRONATO SÓDICO;7896004728650;1023512670026;90433246;507740302115110;S;N;;97.3;134.12;;;;CMED_ICMS17;20260508;20;PF0=80.76|PF12=91.77|PF18=98.49|PF19=99.7|PF20=100.95|PF21=102.23|PF22=103.54|PMC0=111.32|PMC12=126.5|PMC18=135.76|PMC19=137.43|PMC20=139.15|PMC21=140.91|PMC22=142.72
CMED;20260508;medicamento;508020040129507;;;EUROFARMA LABORATORIOS S.A.;RISEDRONATO SÓDICO;150 MG COM REV CT BL AL PLAS PVC/PVDC TRANS X 1;RISEDRONATO SÓDICO;7891317002022;1004312720015;90446178;508020040129507;S;N;;125.87;173.5;;;;CMED_ICMS17;20260508;20;PF0=104.47|PF12=118.72|PF18=127.4|PF19=128.98|PF20=130.59|PF21=132.24|PF22=133.94|PMC0=144|PMC12=163.64|PMC18=175.61|PMC19=177.79|PMC20=180|PMC21=182.28|PMC22=184.62|PMVG17=98.77|PMVG18=99.97|PMVG20=102.47
CMED;20260508;medicamento;526122050154906;;;GERMED FARMACEUTICA LTDA;RISEDRONATO SÓDICO;150 MG COM REV CT BL AL PLAS OPC X 1;RISEDRONATO SÓDICO;7896004752808;1058309240082;90537300;526122050154906;S;N;;125.86;173.48;;;;CMED_ICMS17;20260508;20;PF0=104.46|PF12=118.7|PF18=127.39|PF19=128.96|PF20=130.58|PF21=132.23|PF22=133.92|PMC0=143.99|PMC12=163.62|PMC18=175.59|PMC19=177.76|PMC20=179.99|PMC21=182.27|PMC22=184.59|PMVG17=98.76|PMVG18=99.96|PMVG20=102.47
CMED;20260508;medicamento;526132801111115;;;GERMED FARMACEUTICA LTDA;RISEDRONATO SÓDICO;35 MG COM REV CT BL AL PLAS OPC X 4;RISEDRONATO SÓDICO;7896004723440;1058309240031;90436784;526132801111115;S;N;;194.65;268.3;;;;CMED_ICMS17;20260508;20;PF0=161.56|PF12=183.59|PF18=197.02|PF19=199.46|PF20=201.95|PF21=204.51|PF22=207.13|PMC0=222.69|PMC12=253.06|PMC18=271.57|PMC19=274.93|PMC20=278.37|PMC21=281.9|PMC22=285.51
CMED;20260508;medicamento;541824080208506;;;EMS S/A;RISEDRONATO SÓDICO;150 MG COM REV CT BL AL PLAS OPC X 1;RISEDRONATO SÓDICO;7896004791456;1023512670085;90591640;541824080208506;S;N;;125.83;173.44;;;;CMED_ICMS17;20260508;20;PF0=104.44|PF12=118.68|PF18=127.37|PF19=128.94|PF20=130.55|PF21=132.2|PF22=133.9|PMC0=143.96|PMC12=163.59|PMC18=175.57|PMC19=177.73|PMC20=179.95|PMC21=182.22|PMC22=184.57|PMVG17=98.74|PMVG18=99.95|PMVG20=102.44
CMED;20260508;medicamento;543819120048007;;;ALTHAIA S.A. INDUSTRIA FARMACEUTICA;RISEDRONATO SÓDICO;150 MG COM REV CT BL AL PLAS PVC/PVDC TRANS X 2;RISEDRONATO SÓDICO;7898569763923;1351700460021;90453425;543819120048007;S;N;;251.75;347.01;;;;CMED_ICMS17;20260508;20;PF0=208.95|PF12=237.44|PF18=254.82|PF19=257.96|PF20=261.19|PF21=264.49|PF22=267.88|PMC0=288.02|PMC12=327.29|PMC18=351.24|PMC19=355.57|PMC20=360.02|PMC21=364.57|PMC22=369.24|PMVG17=197.55|PMVG18=199.96|PMVG20=204.96
CMED;20260508;medicamento;543819120048607;;;ALTHAIA S.A. INDUSTRIA FARMACEUTICA;RISEDRONATO SÓDICO;150 MG COM REV CT BL AL PLAS PVC/PVDC TRANS X 1;RISEDRONATO SÓDICO;7898569763916;1351700460011;90453590;543819120048607;S;N;;125.84;173.46;;;;CMED_ICMS17;20260508;20;PF0=104.45|PF12=118.69|PF18=127.38|PF19=128.95|PF20=130.56|PF21=132.22|PF22=133.91|PMC0=143.97|PMC12=163.6|PMC18=175.58|PMC19=177.74|PMC20=179.96|PMC21=182.25|PMC22=184.58|PMVG17=98.75|PMVG18=99.96|PMVG20=102.45
CMED;20260508;medicamento;552920030119917;;;ACHÉ LABORATÓRIOS FARMACÊUTICOS S.A;RISEDRONATO SÓDICO;35 MG COM REV CT BL AL PLAS TRANS X 4;RISEDRONATO SÓDICO;7896181922544;1057306590025;90449037;552920030119917;S;N;;194.67;268.33;;;;CMED_ICMS17;20260508;20;PF0=161.58|PF12=183.61|PF18=197.05|PF19=199.48|PF20=201.98|PF21=204.53|PF22=207.15|PMC0=222.72|PMC12=253.09|PMC18=271.61|PMC19=274.96|PMC20=278.41|PMC21=281.92|PMC22=285.53
CMED;20260508;medicamento;607023050099017;;;MULTILAB INDUSTRIA E COMERCIO DE PRODUTOS FARMACEUTICOS LTDA;RISEDRONATO SÓDICO;35 MG COM REV CT BL AL PLAS OPC X 4;RISEDRONATO SÓDICO;7895296296021;1181903430035;90563727;607023050099017;S;N;;125.87;173.5;;;;CMED_ICMS17;20260508;20;PF0=104.47|PF12=118.72|PF18=127.4|PF19=128.98|PF20=130.59|PF21=132.24|PF22=133.94|PMC0=144|PMC12=163.64|PMC18=175.61|PMC19=177.79|PMC20=180|PMC21=182.28|PMC22=184.62
CMED;20260508;medicamento;538818100055203;;;LEGRAND PHARMA INDUSTRIA FARMACEUTICA LTDA;RISEDRONEL;35 MG COM REV CT BL AL PLAS OPC X 1;"RISEDRONATO SÓDICO;ENFUVIRTIDA";7896004762982;1677305920016;90415825;538818100055203;;N;;43.9;60.51;;;;CMED_ICMS17;20260508;20;PF0=36.44|PF12=41.41|PF18=44.44|PF19=44.99|PF20=45.55|PF21=46.13|PF22=46.72|PMC0=50.23|PMC12=57.08|PMC18=61.26|PMC19=62.01|PMC20=62.79|PMC21=63.59|PMC22=64.4
CMED;20260508;medicamento;538818100055303;;;LEGRAND PHARMA INDUSTRIA FARMACEUTICA LTDA;RISEDRONEL;35 MG COM REV CT BL AL PLAS OPC X 2;RISEDRONATO SÓDICO;7896004762999;1677305920024;90415833;538818100055303;;N;;87.75;120.95;;;;CMED_ICMS17;20260508;20;PF0=72.83|PF12=82.76|PF18=88.82|PF19=89.91|PF20=91.04|PF21=92.19|PF22=93.37|PMC0=100.39|PMC12=114.08|PMC18=122.43|PMC19=123.93|PMC20=125.49|PMC21=127.07|PMC22=128.7
CMED;20260508;medicamento;538818100055403;;;LEGRAND PHARMA INDUSTRIA FARMACEUTICA LTDA;RISEDRONEL;35 MG COM REV CT BL AL PLAS OPC X 10;RISEDRONATO SÓDICO;7896004763019;1677305920040;90415841;538818100055403;;N;;438.88;604.95;;;;CMED_ICMS17;20260508;20;PF0=364.27|PF12=413.94|PF18=444.23|PF19=449.72|PF20=455.34|PF21=461.1|PF22=467.01|PMC0=502.11|PMC12=570.57|PMC18=612.32|PMC19=619.89|PMC20=627.64|PMC21=635.58|PMC22=643.72
CMED;20260508;medicamento;538818100055503;;;LEGRAND PHARMA INDUSTRIA FARMACEUTICA LTDA;RISEDRONEL;35 MG COM REV CT BL AL PLAS OPC X 12;RISEDRONATO SÓDICO;7896004763026;1677305920059;90415850;538818100055503;;N;;526.66;725.95;;;;CMED_ICMS17;20260508;20;PF0=437.13|PF12=496.74|PF18=533.09|PF19=539.67|PF20=546.41|PF21=553.33|PF22=560.42|PMC0=602.54|PMC12=684.7|PMC18=734.81|PMC19=743.88|PMC20=753.17|PMC21=762.71|PMC22=772.48
CMED;20260508;medicamento;538818100055603;;;LEGRAND PHARMA INDUSTRIA FARMACEUTICA LTDA;RISEDRONEL;35 MG COM REV CT BL AL PLAS OPC X 14;RISEDRONATO SÓDICO;7896004763033;1677305920067;90415868;538818100055603;;N;;614.4;846.89;;;;CMED_ICMS17;20260508;20;PF0=509.95|PF12=579.49|PF18=621.89|PF19=629.57|PF20=637.44|PF21=645.51|PF22=653.78|PMC0=702.91|PMC12=798.77|PMC18=857.21|PMC19=867.8|PMC20=878.64|PMC21=889.77|PMC22=901.17
CMED;20260508;medicamento;538818100055703;;;LEGRAND PHARMA INDUSTRIA FARMACEUTICA LTDA;RISEDRONEL;35 MG COM REV CT BL AL PLAS OPC X 16;RISEDRONATO SÓDICO;7896004763040;1677305920075;90415876;538818100055703;;N;;702.18;967.88;;;;CMED_ICMS17;20260508;20;PF0=582.81|PF12=662.28|PF18=710.74|PF19=719.52|PF20=728.51|PF21=737.73|PF22=747.19|PMC0=803.34|PMC12=912.88|PMC18=979.68|PMC19=991.78|PMC20=1004.18|PMC21=1016.88|PMC22=1029.92
CMED;20260508;medicamento;538819030064103;;;LEGRAND PHARMA INDUSTRIA FARMACEUTICA LTDA;RISEDRONEL;150 MG COM REV CT BL AL PLAS OPC X 1;"RISEDRONATO SÓDICO;ENFUVIRTIDA";7896004763057;1677305920083;90429826;538819030064103;;N;;188.08;259.25;;;;CMED_ICMS17;20260508;20;PF0=156.11|PF12=177.4|PF18=190.38|PF19=192.73|PF20=195.14|PF21=197.61|PF22=200.14|PMC0=215.18|PMC12=244.53|PMC18=262.42|PMC19=265.66|PMC20=268.98|PMC21=272.38|PMC22=275.87|PMVG17=147.59|PMVG18=149.39|PMVG20=153.13
CMED;20260508;medicamento;538819030064203;;;LEGRAND PHARMA INDUSTRIA FARMACEUTICA LTDA;RISEDRONEL;150 MG COM REV CT BL AL PLAS OPC X 2;RISEDRONATO SÓDICO;7896004763064;1677305920091;90429834;538819030064203;;N;;376.18;518.52;;;;CMED_ICMS17;20260508;20;PF0=312.23|PF12=354.81|PF18=380.77|PF19=385.47|PF20=390.29|PF21=395.23|PF22=400.29|PMC0=430.38|PMC12=489.07|PMC18=524.85|PMC19=531.33|PMC20=537.97|PMC21=544.78|PMC22=551.76|PMVG17=295.19|PMVG18=298.79|PMVG20=306.26
CMED;20260508;medicamento;541818060085803;;;EMS S/A;RISEDROSS;150 MG COM REV CT BL AL PLAS OPC X 1;RISEDRONATO SÓDICO;7894916512565;1023512480081;90419154;541818060085803;;N;;192.53;265.38;;;;CMED_ICMS17;20260508;20;PF0=159.8|PF12=181.59|PF18=194.88|PF19=197.28|PF20=199.75|PF21=202.28|PF22=204.87|PMC0=220.27|PMC12=250.3|PMC18=268.62|PMC19=271.93|PMC20=275.33|PMC21=278.82|PMC22=282.39|PMVG17=151.08|PMVG18=152.92|PMVG20=156.74
CMED;20260508;medicamento;541818090089007;;;EMS S/A;RISEDROSS;35 MG COM REV CT BL AL PLAS OPC X 4;RISEDRONATO SÓDICO;7894916505178;1023512480030;90419472;541818090089007;;N;;59.54;82.07;;;;CMED_ICMS17;20260508;20;PF0=49.42|PF12=56.16|PF18=60.27|PF19=61.01|PF20=61.78|PF21=62.56|PF22=63.36|PMC0=68.12|PMC12=77.41|PMC18=83.08|PMC19=84.1|PMC20=85.16|PMC21=86.23|PMC22=87.34
CMED;20260508;medicamento;541818090089107;;;EMS S/A;RISEDROSS;35 MG COM REV CT BL AL PLAS OPC X 12;RISEDRONATO SÓDICO;7894916509541;1023512480057;90419480;541818090089107;;N;;183.3;252.66;;;;CMED_ICMS17;20260508;20;PF0=152.14|PF12=172.89|PF18=185.54|PF19=187.83|PF20=190.18|PF21=192.58|PF22=195.05|PMC0=209.71|PMC12=238.31|PMC18=255.75|PMC19=258.9|PMC20=262.14|PMC21=265.45|PMC22=268.86
CMED;20260508;medicamento;541822060181207;;;EMS S/A;RISEDROSS;150 MG COM REV CT BL AL PLAS OPC X 2;RISEDRONATO SÓDICO;7894916513050;1023512480091;90419146;541822060181207;;N;;385.06;530.77;;;;CMED_ICMS17;20260508;20;PF0=319.6|PF12=363.18|PF18=389.76|PF19=394.57|PF20=399.5|PF21=404.56|PF22=409.74|PMC0=440.54|PMC12=500.61|PMC18=537.24|PMC19=543.87|PMC20=550.67|PMC21=557.64|PMC22=564.78|PMVG17=302.16|PMVG18=305.85|PMVG20=313.49
CMED;20260508;medicamento;507741601116419;;;EMS S/A;RISONATO;35 MG COM REV CT BL AL PLAS OPC X 4;RISEDRONATO SÓDICO;7895296385015;1023509760036;90059298;507741601116419;;N;;164.73;227.06;;;;CMED_ICMS17;20260508;20;PF0=136.73|PF12=155.38|PF18=166.74|PF19=168.8|PF20=170.91|PF21=173.08|PF22=175.29|PMC0=188.47|PMC12=214.18|PMC18=229.83|PMC19=232.67|PMC20=235.58|PMC21=238.57|PMC22=241.62
CMED;20260508;medicamento;538013060012104;;;ACCORD FARMACÊUTICA LTDA;RISPERAC;2 MG COM REV CT BL AL PLAS TRANS X 30;RISPERIDONA;7898565580029;1553700280071;90282159;538013060012104;;N;;147.46;203.26;;;;CMED_ICMS17;20260508;20;PF0=122.39|PF12=139.08|PF18=149.26|PF19=151.1|PF20=152.99|PF21=154.92|PF22=156.91|PMC0=168.7|PMC12=191.71|PMC18=205.74|PMC19=208.28|PMC20=210.88|PMC21=213.54|PMC22=216.28
CMED;20260508;medicamento;538013060012504;;;ACCORD FARMACÊUTICA LTDA;RISPERAC;3 MG COM REV CT BL AL PLAS TRANS X 30;RISPERIDONA;7898565580067;1553700280111;90282191;538013060012504;;N;;196.83;271.31;;;;CMED_ICMS17;20260508;20;PF0=163.37|PF12=185.65|PF18=199.23|PF19=201.69|PF20=204.21|PF21=206.8|PF22=209.45|PMC0=225.19|PMC12=255.9|PMC18=274.62|PMC19=278.01|PMC20=281.48|PMC21=285.05|PMC22=288.71
CMED;20260508;medicamento;514504201117311;;;JANSSEN-CILAG FARMACEUTICA LTDA;RISPERDAL;1 MG COM REV CT BL AL PLAS TRANS X 20;RISPERIDONA;7896212420209;1123600310028;90106792;514504201117311;;N;;126.54;174.42;;;;CMED_ICMS17;20260508;20;PF0=105.03|PF12=119.35|PF18=128.09|PF19=129.67|PF20=131.29|PF21=132.95|PF22=134.65|PMC0=144.77|PMC12=164.51|PMC18=176.56|PMC19=178.74|PMC20=180.97|PMC21=183.26|PMC22=185.6
CMED;20260508;medicamento;514504203136313;;;JANSSEN-CILAG FARMACEUTICA LTDA;RISPERDAL;1 MG/ML SOL ORAL CT FR VD AMB X 30 ML;RISPERIDONA;7896212429356;1123600310141;90106806;514504203136313;;N;;203.37;280.32;;;;CMED_ICMS17;20260508;20;PF0=168.8|PF12=191.82|PF18=205.85|PF19=208.4|PF20=211|PF21=213.67|PF22=216.41|PMC0=232.67|PMC12=264.4|PMC18=283.74|PMC19=287.26|PMC20=290.84|PMC21=294.52|PMC22=298.3|PMVG17=159.58|PMVG18=161.53|PMVG20=165.57
CMED;20260508;medicamento;514504204116316;;;JANSSEN-CILAG FARMACEUTICA LTDA;RISPERDAL;2 MG COM REV CT BL AL PLAS TRANS X 20;RISPERIDONA;7896212420216;1123600310044;90106830;514504204116316;;N;;262.3;361.55;;;;CMED_ICMS17;20260508;20;PF0=217.71|PF12=247.4|PF18=265.5|PF19=268.78|PF20=272.14|PF21=275.58|PF22=279.12|PMC0=300.09|PMC12=341.02|PMC18=365.96|PMC19=370.49|PMC20=375.12|PMC21=379.86|PMC22=384.74
CMED;20260508;medicamento;514504205112314;;;JANSSEN-CILAG FARMACEUTICA LTDA;RISPERDAL;3 MG COM REV CT BL AL PLAS TRANS X 20;RISPERIDONA;7896212420223;1123600310079;90106857;514504205112314;;N;;390.54;538.32;;;;CMED_ICMS17;20260508;20;PF0=324.15|PF12=368.35|PF18=395.3|PF19=400.19|PF20=405.19|PF21=410.32|PF22=415.58|PMC0=446.81|PMC12=507.73|PMC18=544.88|PMC19=551.62|PMC20=558.51|PMC21=565.58|PMC22=572.83
CMED;20260508;medicamento;514505801118317;;;JANSSEN-CILAG FARMACEUTICA LTDA;RISPERDAL;500 MCG COM REV CT BL AL PLAS TRANS X 10;RISPERIDONA;7896212424023;1123600310303;90106865;514505801118317;;N;;32.17;44.34;;;;CMED_ICMS17;20260508;20;PF0=26.7|PF12=30.34|PF18=32.56|PF19=32.96|PF20=33.38|PF21=33.8|PF22=34.23|PMC0=36.8|PMC12=41.82|PMC18=44.88|PMC19=45.43|PMC20=46.01|PMC21=46.59|PMC22=47.18
CMED;20260508;medicamento;514518050034503;;;JANSSEN-CILAG FARMACEUTICA LTDA;RISPERDAL;25 MG PO INJ IM CT FA VD TRANS + DIL SER VD TRANS X 2 ML + 2 AGU + 1 ADAPT;RISPERIDONA;7896212425570;1123600310397;90403550;514518050034503;;N;;1217.04;1677.56;;;;CMED_ICMS17;20260508;20;PF0=1010.14|PF12=1147.89|PF18=1231.88|PF19=1247.09|PF20=1262.68|PF21=1278.66|PF22=1295.05|PMC0=1392.37|PMC12=1582.25|PMC18=1698.02|PMC19=1718.98|PMC20=1740.47|PMC21=1762.5|PMC22=1785.09|PMVG17=955.01|PMVG18=966.66|PMVG20=990.83
CMED;20260508;medicamento;514518050034603;;;JANSSEN-CILAG FARMACEUTICA LTDA;RISPERDAL;37,5 MG PO INJ IM CT FA VD TRANS + DIL SER VD TRANS X 2 ML + 2 AGU + 1 ADAPT;RISPERIDONA;7896212425587;1123600310400;90403568;514518050034603;;N;;1570.84;2165.24;;;;CMED_ICMS17;20260508;20;PF0=1303.8|PF12=1481.59|PF18=1590|PF19=1609.63|PF20=1629.75|PF21=1650.38|PF22=1671.54|PMC0=1797.15|PMC12=2042.22|PMC18=2191.65|PMC19=2218.71|PMC20=2246.44|PMC21=2274.88|PMC22=2304.04|PMVG17=1232.64|PMVG18=1247.67|PMVG20=1278.86
CMED;20260508;medicamento;514518050034703;;;JANSSEN-CILAG FARMACEUTICA LTDA;RISPERDAL;50 MG PO INJ IM CT FA VD TRANS + DIL SER VD TRANS X 2 ML + 2 AGU + 1 ADAPT;RISPERIDONA;7896212425594;1123600310419;90403576;514518050034703;;N;;2264.26;3121.05;;;;CMED_ICMS17;20260508;20;PF0=1879.34|PF12=2135.61|PF18=2291.88|PF19=2320.17|PF20=2349.18|PF21=2378.91|PF22=2409.41|PMC0=2590.47|PMC12=2943.72|PMC18=3159.12|PMC19=3198.11|PMC20=3238.1|PMC21=3279.08|PMC22=3321.12|PMVG17=1776.76|PMVG18=1798.44|PMVG20=1843.4
CMED;20260508;medicamento;506712080046704;;;CRISTÁLIA PRODUTOS QUÍMICOS FARMACÊUTICOS LTDA.;RISPERIDON;1 MG/ML SOL OR CT FR VD AMB X 30 ML + SER DOS;RISPERIDONA;7896676415797;1029802000146;90257359;506712080046704;;N;;70.52;97.2;;;;CMED_ICMS17;20260508;20;PF0=58.53|PF12=66.51|PF18=71.38|PF19=72.26|PF20=73.16|PF21=74.09|PF22=75.04|PMC0=80.68|PMC12=91.68|PMC18=98.39|PMC19=99.6|PMC20=100.84|PMC21=102.13|PMC22=103.43|PMVG17=55.34|PMVG18=56.01|PMVG20=57.41
CMED;20260508;medicamento;506713010050103;;;CRISTÁLIA PRODUTOS QUÍMICOS FARMACÊUTICOS LTDA.;RISPERIDON;1 MG/ML SOL OR CX 10 FR VD AMB X 30 ML + 10 SER DOS;RISPERIDONA;7896676415803;1029802000154;90257367;506713010050103;;S;;705.6;;;;;CMED_ICMS17;20260508;20;PF0=585.65|PF12=665.51|PF18=714.21|PF19=723.02|PF20=732.06|PF21=741.33|PF22=750.83|PMVG17=553.68|PMVG18=560.44|PMVG20=574.45
CMED;20260508;medicamento;506713401118417;;;CRISTÁLIA PRODUTOS QUÍMICOS FARMACÊUTICOS LTDA.;RISPERIDON;1 MG COM REV CX BL AL PLAS PVC TRANS X 200;RISPERIDONA;7896676410914;1029802000081;90047923;506713401118417;;S;;653.19;;;;;CMED_ICMS17;20260508;20;PF0=542.15|PF12=616.08|PF18=661.16|PF19=669.32|PF20=677.69|PF21=686.27|PF22=695.06
CMED;20260508;medicamento;506713402114415;;;CRISTÁLIA PRODUTOS QUÍMICOS FARMACÊUTICOS LTDA.;RISPERIDON;1 MG COM REV CT BL AL PLAS PVC TRANS X 20;RISPERIDONA;7896676407969;1029802000073;90047907;506713402114415;;N;;64.73;89.22;;;;CMED_ICMS17;20260508;20;PF0=53.73|PF12=61.06|PF18=65.52|PF19=66.33|PF20=67.16|PF21=68.01|PF22=68.88|PMC0=74.06|PMC12=84.16|PMC18=90.31|PMC19=91.43|PMC20=92.57|PMC21=93.74|PMC22=94.94
CMED;20260508;medicamento;506713404117411;;;CRISTÁLIA PRODUTOS QUÍMICOS FARMACÊUTICOS LTDA.;RISPERIDON;2 MG COM REV CX BL AL PLAS PVC TRANS X 200;RISPERIDONA;7896676410921;1029802000091;90047958;506713404117411;;S;;893.13;;;;;CMED_ICMS17;20260508;20;PF0=741.3|PF12=842.39|PF18=904.02|PF19=915.19|PF20=926.63|PF21=938.35|PF22=950.38
CMED;20260508;medicamento;506713406111410;;;CRISTÁLIA PRODUTOS QUÍMICOS FARMACÊUTICOS LTDA.;RISPERIDON;3 MG COM REV CX BL AL PLAS PVC TRANS X 200;RISPERIDONA;7896676410938;1029802000103;90047982;506713406111410;;S;;1185.08;;;;;CMED_ICMS17;20260508;20;PF0=983.62|PF12=1117.75|PF18=1199.54|PF19=1214.35|PF20=1229.53|PF21=1245.09|PF22=1261.05
CMED;20260508;medicamento;506713408112414;;;CRISTÁLIA PRODUTOS QUÍMICOS FARMACÊUTICOS LTDA.;RISPERIDON;1 MG COM REV CT BL AL PLAS PVC TRANS X 30;RISPERIDONA;7896676412208;1029802000111;90047915;506713408112414;;N;;70.52;97.2;;;;CMED_ICMS17;20260508;20;PF0=58.53|PF12=66.51|PF18=71.38|PF19=72.26|PF20=73.16|PF21=74.09|PF22=75.04|PMC0=80.68|PMC12=91.68|PMC18=98.39|PMC19=99.6|PMC20=100.84|PMC21=102.13|PMC22=103.43
CMED;20260508;medicamento;506713409119412;;;CRISTÁLIA PRODUTOS QUÍMICOS FARMACÊUTICOS LTDA.;RISPERIDON;2 MG COM REV CT BL AL PLAS PVC TRANS X 30;RISPERIDONA;7896676412192;1029802000121;90047940;506713409119412;;N;;70.52;97.2;;;;CMED_ICMS17;20260508;20;PF0=58.53|PF12=66.51|PF18=71.38|PF19=72.26|PF20=73.16|PF21=74.09|PF22=75.04|PMC0=80.68|PMC12=91.68|PMC18=98.39|PMC19=99.6|PMC20=100.84|PMC21=102.13|PMC22=103.43
CMED;20260508;medicamento;506713410117411;;;CRISTÁLIA PRODUTOS QUÍMICOS FARMACÊUTICOS LTDA.;RISPERIDON;3 MG COM REV CT BL AL PLAS PVC TRANS X 30;RISPERIDONA;7896676412246;1029802000138;90047974;506713410117411;;N;;70.52;97.2;;;;CMED_ICMS17;20260508;20;PF0=58.53|PF12=66.51|PF18=71.38|PF19=72.26|PF20=73.16|PF21=74.09|PF22=75.04|PMC0=80.68|PMC12=91.68|PMC18=98.39|PMC19=99.6|PMC20=100.84|PMC21=102.13|PMC22=103.43
CMED;20260508;medicamento;506719010076803;;;CRISTÁLIA PRODUTOS QUÍMICOS FARMACÊUTICOS LTDA.;RISPERIDON;2 MG COM REV CT BL AL PLAS PVC TRANS X 60;RISPERIDONA;7896676433678;1029802000170;90398548;506719010076803;;N;;204.49;281.87;;;;CMED_ICMS17;20260508;20;PF0=169.73|PF12=192.88|PF18=206.99|PF19=209.54|PF20=212.16|PF21=214.85|PF22=217.6|PMC0=233.96|PMC12=265.86|PMC18=285.31|PMC19=288.83|PMC20=292.44|PMC21=296.15|PMC22=299.94
CMED;20260508;medicamento;506719010076903;;;CRISTÁLIA PRODUTOS QUÍMICOS FARMACÊUTICOS LTDA.;RISPERIDON;3 MG COM REV CT BL AL PLAS PVC TRANS X 60;RISPERIDONA;7896676433685;1029802000189;90398556;506719010076903;;N;;290.01;399.75;;;;CMED_ICMS17;20260508;20;PF0=240.71|PF12=273.53|PF18=293.55|PF19=297.17|PF20=300.89|PF21=304.7|PF22=308.6|PMC0=331.79|PMC12=377.03|PMC18=404.63|PMC19=409.62|PMC20=414.75|PMC21=420|PMC22=425.37
CMED;20260508;medicamento;506719010077003;;;CRISTÁLIA PRODUTOS QUÍMICOS FARMACÊUTICOS LTDA.;RISPERIDON;1 MG COM REV CT BL AL PLAS PVC TRANS X 60;RISPERIDONA;7896676433661;1029802000162;90398564;506719010077003;;N;;130.81;180.31;;;;CMED_ICMS17;20260508;20;PF0=108.57|PF12=123.38|PF18=132.4|PF19=134.04|PF20=135.71|PF21=137.43|PF22=139.19|PMC0=149.65|PMC12=170.07|PMC18=182.5|PMC19=184.76|PMC20=187.06|PMC21=189.43|PMC22=191.86
CMED;20260508;medicamento;506720070084607;;;CRISTÁLIA PRODUTOS QUÍMICOS FARMACÊUTICOS LTDA.;RISPERIDON;2 MG COM REV CT BL AL PLAS PVC TRANS X 20;RISPERIDONA;7896676404500;1029802000057;90488377;506720070084607;;N;;69.71;96.09;;;;CMED_ICMS17;20260508;20;PF0=57.86|PF12=65.75|PF18=70.56|PF19=71.43|PF20=72.33|PF21=73.24|PF22=74.18|PMC0=79.75|PMC12=90.63|PMC18=97.26|PMC19=98.46|PMC20=99.7|PMC21=100.95|PMC22=102.25
CMED;20260508;medicamento;506720070084707;;;CRISTÁLIA PRODUTOS QUÍMICOS FARMACÊUTICOS LTDA.;RISPERIDON;3 MG COM REV CT BL AL PLAS PVC TRANS X 20;RISPERIDONA;7896676404548;1029802000065;90488385;506720070084707;;N;;99.82;137.59;;;;CMED_ICMS17;20260508;20;PF0=82.85|PF12=94.15|PF18=101.04|PF19=102.28|PF20=103.56|PF21=104.87|PF22=106.22|PMC0=114.2|PMC12=129.78|PMC18=139.27|PMC19=140.98|PMC20=142.75|PMC21=144.55|PMC22=146.41
CMED;20260508;medicamento;506720080085007;;;CRISTÁLIA PRODUTOS QUÍMICOS FARMACÊUTICOS LTDA.;RISPERIDON;1 MG/ML SOL OR CT FR VD AMB X 60 ML + SER PLAS DOS;RISPERIDONA;7896676436143;1029802000197;90488393;506720080085007;;N;;148.46;204.64;;;;CMED_ICMS17;20260508;20;PF0=123.22|PF12=140.02|PF18=150.27|PF19=152.12|PF20=154.03|PF21=155.97|PF22=157.97|PMC0=169.85|PMC12=193|PMC18=207.13|PMC19=209.68|PMC20=212.31|PMC21=214.99|PMC22=217.75|PMVG17=116.5|PMVG18=117.92|PMVG20=120.87
CMED;20260508;medicamento;504122020074017;;;BIOLAB SANUS FARMACEUTICA LTDA;RISPERIDONA;1 MG COM REV CT BL AL PLAS PVDC TRANS X 30;RISPERIDONA;7898146823385;1097402920031;90528786;504122020074017;S;N;;84.19;116.05;;;;CMED_ICMS17;20260508;20;PF0=69.88|PF12=79.41|PF18=85.22|PF19=86.27|PF20=87.35|PF21=88.46|PF22=89.59|PMC0=96.32|PMC12=109.46|PMC18=117.47|PMC19=118.91|PMC20=120.4|PMC21=121.93|PMC22=123.49
CMED;20260508;medicamento;504122020074117;;;BIOLAB SANUS FARMACEUTICA LTDA;RISPERIDONA;2 MG COM REV CT BL AL PLAS PVDC TRANS X 30;RISPERIDONA;7898146823422;1097402920072;90528794;504122020074117;S;N;;174.71;240.82;;;;CMED_ICMS17;20260508;20;PF0=145.01|PF12=164.78|PF18=176.84|PF19=179.02|PF20=181.26|PF21=183.56|PF22=185.91|PMC0=199.88|PMC12=227.13|PMC18=243.76|PMC19=246.76|PMC20=249.85|PMC21=253.02|PMC22=256.26
CMED;20260508;medicamento;504122020074217;;;BIOLAB SANUS FARMACEUTICA LTDA;RISPERIDONA;3 MG COM REV CT BL AL PLAS PVDC TRANS X 30;RISPERIDONA;7898146823460;1097402920110;90528808;504122020074217;S;N;;252.59;348.17;;;;CMED_ICMS17;20260508;20;PF0=209.65|PF12=238.24|PF18=255.67|PF19=258.83|PF20=262.06|PF21=265.38|PF22=268.78|PMC0=288.98|PMC12=328.39|PMC18=352.41|PMC19=356.77|PMC20=361.22|PMC21=365.8|PMC22=370.49
CMED;20260508;medicamento;507737201133113;;;EMS S/A;RISPERIDONA;1 MG/ML SOL OR CT FR VD AMB X 30 ML + SER PLAS DOSAD;RISPERIDONA;7896004721255;1023508240012;90059301;507737201133113;S;N;;132.12;182.11;;;;CMED_ICMS17;20260508;20;PF0=109.66|PF12=124.61|PF18=133.73|PF19=135.38|PF20=137.08|PF21=138.81|PF22=140.59|PMC0=151.15|PMC12=171.76|PMC18=184.33|PMC19=186.61|PMC20=188.95|PMC21=191.34|PMC22=193.79
CMED;20260508;medicamento;508013010095406;;;EUROFARMA LABORATORIOS S.A.;RISPERIDONA;1 MG COM REV CT BL AL PLAS PVC/PVDC TRANS X 30;RISPERIDONA;7891317448653;1004311800031;90377516;508013010095406;S;N;;22.7;31.29;;;;CMED_ICMS17;20260508;20;PF0=18.84|PF12=21.41|PF18=22.98|PF19=23.26|PF20=23.55|PF21=23.85|PF22=24.15|PMC0=25.97|PMC12=29.51|PMC18=31.68|PMC19=32.06|PMC20=32.46|PMC21=32.87|PMC22=33.29
CMED;20260508;medicamento;508013010095506;;;EUROFARMA LABORATORIOS S.A.;RISPERIDONA;2 MG COM REV CT BL AL PLAS PVC/PVDC TRANS X 30;RISPERIDONA;7891317448677;1004311800066;90377524;508013010095506;S;N;;28.02;38.62;;;;CMED_ICMS17;20260508;20;PF0=23.26|PF12=26.43|PF18=28.37|PF19=28.72|PF20=29.08|PF21=29.44|PF22=29.82|PMC0=32.06|PMC12=36.43|PMC18=39.11|PMC19=39.59|PMC20=40.08|PMC21=40.58|PMC22=41.1
CMED;20260508;medicamento;508013010095606;;;EUROFARMA LABORATORIOS S.A.;RISPERIDONA;3 MG COM REV CT BL AL PLAS PVC/PVDC TRANS X 30;RISPERIDONA;7891317446659;1004311800104;90377532;508013010095606;S;N;;34.69;47.82;;;;CMED_ICMS17;20260508;20;PF0=28.79|PF12=32.72|PF18=35.11|PF19=35.54|PF20=35.99|PF21=36.44|PF22=36.91|PMC0=39.68|PMC12=45.1|PMC18=48.4|PMC19=48.99|PMC20=49.61|PMC21=50.23|PMC22=50.88
CMED;20260508;medicamento;510421080185106;;;GEOLAB INDÚSTRIA FARMACÊUTICA S/A;RISPERIDONA;1 MG COM REV CT BL AL PLAS PVC/PVDC TRANS X 30;RISPERIDONA;7899095262782;1542302830033;90516184;510421080185106;S;N;;102.1;140.73;;;;CMED_ICMS17;20260508;20;PF0=84.74|PF12=96.3|PF18=103.34|PF19=104.62|PF20=105.93|PF21=107.27|PF22=108.64|PMC0=116.81|PMC12=132.74|PMC18=142.44|PMC19=144.21|PMC20=146.01|PMC21=147.86|PMC22=149.75
CMED;20260508;medicamento;510421080185206;;;GEOLAB INDÚSTRIA FARMACÊUTICA S/A;RISPERIDONA;2 MG COM REV CT BL AL PLAS PVC/PVDC TRANS X 30;RISPERIDONA;7899095262751;1542302830068;90516192;510421080185206;S;N;;211.66;291.75;;;;CMED_ICMS17;20260508;20;PF0=175.68|PF12=199.64|PF18=214.24|PF19=216.89|PF20=219.6|PF21=222.38|PF22=225.23|PMC0=242.16|PMC12=275.18|PMC18=295.31|PMC19=298.96|PMC20=302.7|PMC21=306.53|PMC22=310.46
CMED;20260508;medicamento;510421080185306;;;GEOLAB INDÚSTRIA FARMACÊUTICA S/A;RISPERIDONA;3 MG COM REV CT BL AL PLAS PVC/PVDC TRANS X 30;RISPERIDONA;7899095262713;1542302830106;90516206;510421080185306;S;N;;315.11;434.35;;;;CMED_ICMS17;20260508;20;PF0=261.54|PF12=297.2|PF18=318.95|PF19=322.89|PF20=326.93|PF21=331.06|PF22=335.31|PMC0=360.51|PMC12=409.66|PMC18=439.64|PMC19=445.07|PMC20=450.64|PMC21=456.33|PMC22=462.19
CMED;20260508;medicamento;511515040059406;;;SANDOZ DO BRASIL INDÚSTRIA FARMACÊUTICA LTDA;RISPERIDONA;1 MG COM REV CT BL AL PLAS PVC/PE/PVDC TRANS X 30;RISPERIDONA;7897595611413;1004704490038;90310420;511515040059406;S;N;;61.67;85.01;;;;CMED_ICMS17;20260508;20;PF0=51.19|PF12=58.17|PF18=62.43|PF19=63.2|PF20=63.99|PF21=64.8|PF22=65.63|PMC0=70.56|PMC12=80.18|PMC18=86.05|PMC19=87.11|PMC20=88.2|PMC21=89.32|PMC22=90.46
CMED;20260508;medicamento;511515040059506;;;SANDOZ DO BRASIL INDÚSTRIA FARMACÊUTICA LTDA;RISPERIDONA;2 MG COM REV CT BL AL PLAS PVC/PE/PVDC TRANS X 30;RISPERIDONA;7897595611437;1004704490070;90310438;511515040059506;S;N;;61.67;85.01;;;;CMED_ICMS17;20260508;20;PF0=51.19|PF12=58.17|PF18=62.43|PF19=63.2|PF20=63.99|PF21=64.8|PF22=65.63|PMC0=70.56|PMC12=80.18|PMC18=86.05|PMC19=87.11|PMC20=88.2|PMC21=89.32|PMC22=90.46
CMED;20260508;medicamento;511515040059606;;;SANDOZ DO BRASIL INDÚSTRIA FARMACÊUTICA LTDA;RISPERIDONA;3 MG COM REV CT BL AL PLAS PVC/PE/PVDC TRANS X 30;RISPERIDONA;7897595611468;1004704490119;90310446;511515040059606;S;N;;49.63;68.41;;;;CMED_ICMS17;20260508;20;PF0=41.19|PF12=46.81|PF18=50.23|PF19=50.85|PF20=51.49|PF21=52.14|PF22=52.81|PMC0=56.78|PMC12=64.52|PMC18=69.24|PMC19=70.09|PMC20=70.97|PMC21=71.87|PMC22=72.79
CMED;20260508;medicamento;511515040059706;;;SANDOZ DO BRASIL INDÚSTRIA FARMACÊUTICA LTDA;RISPERIDONA;2 MG COM REV CT BL AL PLAS PVC/PE/PVDC TRANS X 60;RISPERIDONA;7897595611444;1004704490089;90310454;511515040059706;S;N;;115.7;159.48;;;;CMED_ICMS17;20260508;20;PF0=96.03|PF12=109.13|PF18=117.11|PF19=118.56|PF20=120.04|PF21=121.56|PF22=123.12|PMC0=132.37|PMC12=150.42|PMC18=161.42|PMC19=163.42|PMC20=165.46|PMC21=167.56|PMC22=169.71
CMED;20260508;medicamento;511516102114117;;;SANDOZ DO BRASIL INDÚSTRIA FARMACÊUTICA LTDA;RISPERIDONA;1 MG COM REV CT BL AL PLAS PVC/PE/PVDC TRANS X 60;RISPERIDONA;7897595605115;1004704490046;90192680;511516102114117;S;N;;115.7;159.48;;;;CMED_ICMS17;20260508;20;PF0=96.03|PF12=109.13|PF18=117.11|PF19=118.56|PF20=120.04|PF21=121.56|PF22=123.12|PMC0=132.37|PMC12=150.42|PMC18=161.42|PMC19=163.42|PMC20=165.46|PMC21=167.56|PMC22=169.71
CMED;20260508;medicamento;511521060073706;;;SANDOZ DO BRASIL INDÚSTRIA FARMACÊUTICA LTDA;RISPERIDONA;3 MG COM REV CT BL AL PLAS PVC/PE/PVDC TRANS X 60;RISPERIDONA;7897595639721;1004704490127;90512472;511521060073706;S;N;;66.71;91.95;;;;CMED_ICMS17;20260508;20;PF0=55.37|PF12=62.92|PF18=67.52|PF19=68.36|PF20=69.21|PF21=70.09|PF22=70.99|PMC0=76.32|PMC12=86.73|PMC18=93.07|PMC19=94.23|PMC20=95.4|PMC21=96.61|PMC22=97.85
CMED;20260508;medicamento;513423100033806;;;INSTITUTO BIOCHIMICO INDÚSTRIA FARMACÊUTICA LTDA;RISPERIDONA;1 MG COM REV CT BL AL PLAS PVC TRANS X 30;RISPERIDONA;7897406120264;1006302790084;90572017;513423100033806;S;N;;123.36;170.04;;;;CMED_ICMS17;20260508;20;PF0=102.39|PF12=116.35|PF18=124.87|PF19=126.41|PF20=127.99|PF21=129.61|PF22=131.27|PMC0=141.13|PMC12=160.38|PMC18=172.12|PMC19=174.24|PMC20=176.42|PMC21=178.65|PMC22=180.94
CMED;20260508;medicamento;513423100033906;;;INSTITUTO BIOCHIMICO INDÚSTRIA FARMACÊUTICA LTDA;RISPERIDONA;2 MG COM REV CT BL AL PLAS PVC TRANS X 30;RISPERIDONA;7897406120271;1006302790092;90572025;513423100033906;S;N;;255.76;352.54;;;;CMED_ICMS17;20260508;20;PF0=212.28|PF12=241.23|PF18=258.88|PF19=262.07|PF20=265.35|PF21=268.71|PF22=272.15|PMC0=292.61|PMC12=332.51|PMC18=356.84|PMC19=361.24|PMC20=365.76|PMC21=370.39|PMC22=375.13
CMED;20260508;medicamento;513423100034006;;;INSTITUTO BIOCHIMICO INDÚSTRIA FARMACÊUTICA LTDA;RISPERIDONA;3 MG COM REV CT BL AL PLAS PVC TRANS X 30;RISPERIDONA;7897406120288;1006302790106;90572033;513423100034006;S;N;;380.78;524.87;;;;CMED_ICMS17;20260508;20;PF0=316.05|PF12=359.15|PF18=385.43|PF19=390.19|PF20=395.06|PF21=400.06|PF22=405.19|PMC0=435.64|PMC12=495.05|PMC18=531.28|PMC19=537.84|PMC20=544.55|PMC21=551.44|PMC22=558.51
CMED;20260508;medicamento;517622090027806;;;LABORATORIO GLOBO SA;RISPERIDONA;1 MG COM REV CT BL AL PLAS PVC/PVDC TRANS X 30;RISPERIDONA;7899620915367;1053502270035;90544978;517622090027806;S;N;;123.39;170.08;;;;CMED_ICMS17;20260508;20;PF0=102.41|PF12=116.38|PF18=124.89|PF19=126.43|PF20=128.01|PF21=129.63|PF22=131.29|PMC0=141.16|PMC12=160.42|PMC18=172.15|PMC19=174.27|PMC20=176.45|PMC21=178.68|PMC22=180.97
CMED;20260508;medicamento;517622090027906;;;LABORATORIO GLOBO SA;RISPERIDONA;2 MG COM REV CT BL AL PLAS PVC/PVDC TRANS X 30;RISPERIDONA;7899620915404;1053502270061;90544986;517622090027906;S;N;;255.76;352.54;;;;CMED_ICMS17;20260508;20;PF0=212.28|PF12=241.23|PF18=258.88|PF19=262.07|PF20=265.35|PF21=268.71|PF22=272.15|PMC0=292.61|PMC12=332.51|PMC18=356.84|PMC19=361.24|PMC20=365.76|PMC21=370.39|PMC22=375.13
CMED;20260508;medicamento;517622090028006;;;LABORATORIO GLOBO SA;RISPERIDONA;3 MG COM REV CT BL AL PLAS PVC/PVDC TRANS X 30;RISPERIDONA;7899620915442;1053502270108;90544994;517622090028006;S;N;;380.78;524.87;;;;CMED_ICMS17;20260508;20;PF0=316.05|PF12=359.15|PF18=385.43|PF19=390.19|PF20=395.06|PF21=400.06|PF22=405.19|PMC0=435.64|PMC12=495.05|PMC18=531.28|PMC19=537.84|PMC20=544.55|PMC21=551.44|PMC22=558.51
CMED;20260508;medicamento;520716070104206;;;LABORATORIO TEUTO BRASILEIRO S/A;RISPERIDONA;3 MG COM REV CT BL AL PLAS TRANS X 30;RISPERIDONA;7896112171478;1037006190116;90351010;520716070104206;S;N;;380.76;524.84;;;;CMED_ICMS17;20260508;20;PF0=316.03|PF12=359.13|PF18=385.4|PF19=390.16|PF20=395.04|PF21=400.04|PF22=405.17|PMC0=435.61|PMC12=495.02|PMC18=531.23|PMC19=537.79|PMC20=544.52|PMC21=551.41|PMC22=558.48
CMED;20260508;medicamento;520716070104306;;;LABORATORIO TEUTO BRASILEIRO S/A;RISPERIDONA;1 MG COM REV CT BL AL PLAS TRANS X 30;RISPERIDONA;7896112171355;1037006190035;90351029;520716070104306;S;N;;123.34;170.01;;;;CMED_ICMS17;20260508;20;PF0=102.37|PF12=116.33|PF18=124.84|PF19=126.38|PF20=127.96|PF21=129.58|PF22=131.24|PMC0=141.11|PMC12=160.35|PMC18=172.08|PMC19=174.2|PMC20=176.38|PMC21=178.61|PMC22=180.9
CMED;20260508;medicamento;520716070104406;;;LABORATORIO TEUTO BRASILEIRO S/A;RISPERIDONA;2 MG COM REV CT BL AL PLAS TRANS X 30;RISPERIDONA;7896112171416;1037006190078;90351037;520716070104406;S;N;;255.77;352.55;;;;CMED_ICMS17;20260508;20;PF0=212.29|PF12=241.24|PF18=258.89|PF19=262.09|PF20=265.36|PF21=268.72|PF22=272.17|PMC0=292.62|PMC12=332.52|PMC18=356.85|PMC19=361.26|PMC20=365.77|PMC21=370.4|PMC22=375.16
CMED;20260508;medicamento;525420201111114;;;MERCK S/A;RISPERIDONA;1 MG COM REV CT BL AL PLAS TRANS X 30;RISPERIDONA;7891721201219;1008903490022;90162072;525420201111114;S;N;;56.57;77.98;;;;CMED_ICMS17;20260508;20;PF0=46.95|PF12=53.35|PF18=57.26|PF19=57.96|PF20=58.69|PF21=59.43|PF22=60.19|PMC0=64.72|PMC12=73.54|PMC18=78.93|PMC19=79.89|PMC20=80.9|PMC21=81.92|PMC22=82.97
CMED;20260508;medicamento;525420202118112;;;MERCK S/A;RISPERIDONA;2 MG COM REV CT BL AL PLAS TRANS X 30;RISPERIDONA;7891721201233;1008903490057;90162080;525420202118112;S;N;;71.52;98.58;;;;CMED_ICMS17;20260508;20;PF0=59.36|PF12=67.45|PF18=72.39|PF19=73.28|PF20=74.2|PF21=75.14|PF22=76.1|PMC0=81.82|PMC12=92.97|PMC18=99.78|PMC19=101.01|PMC20=102.28|PMC21=103.57|PMC22=104.9
CMED;20260508;medicamento;525420203114110;;;MERCK S/A;RISPERIDONA;3 MG COM REV CT BL AL PLAS TRANS X 30;RISPERIDONA;7891721201257;1008903490081;90162099;525420203114110;S;N;;151.55;208.9;;;;CMED_ICMS17;20260508;20;PF0=125.79|PF12=142.94|PF18=153.4|PF19=155.3|PF20=157.24|PF21=159.23|PF22=161.27|PMC0=173.39|PMC12=197.03|PMC18=211.45|PMC19=214.06|PMC20=216.74|PMC21=219.48|PMC22=222.29
CMED;20260508;medicamento;526127501131114;;;GERMED FARMACEUTICA LTDA;RISPERIDONA;1 MG/ML SOL OR CT FR VD AMB X 30 ML + SER DOS;RISPERIDONA;7896004721248;1058305320014;90086805;526127501131114;S;N;;132.12;182.11;;;;CMED_ICMS17;20260508;20;PF0=109.66|PF12=124.61|PF18=133.73|PF19=135.38|PF20=137.08|PF21=138.81|PF22=140.59|PMC0=151.15|PMC12=171.76|PMC18=184.33|PMC19=186.61|PMC20=188.95|PMC21=191.34|PMC22=193.79
CMED;20260508;medicamento;526519120094407;;;NOVARTIS BIOCIENCIAS S.A;RISPERIDONA;2 MG COM REV CT BL AL PLAS PVC/PE/PVDC TRANS X 30;RISPERIDONA;7897595637932;1006811610076;90453239;526519120094407;S;N;;34.84;48.02;;;;CMED_ICMS17;20260508;20;PF0=28.92|PF12=32.86|PF18=35.27|PF19=35.7|PF20=36.15|PF21=36.61|PF22=37.08|PMC0=39.86|PMC12=45.29|PMC18=48.62|PMC19=49.21|PMC20=49.83|PMC21=50.46|PMC22=51.11
CMED;20260508;medicamento;526519120094507;;;NOVARTIS BIOCIENCIAS S.A;RISPERIDONA;1 MG COM REV CT BL AL PLAS PVC/PE/PVDC TRANS X 30;RISPERIDONA;7897595637895;1006811610033;90453247;526519120094507;S;N;;34.84;48.02;;;;CMED_ICMS17;20260508;20;PF0=28.92|PF12=32.86|PF18=35.27|PF19=35.7|PF20=36.15|PF21=36.61|PF22=37.08|PMC0=39.86|PMC12=45.29|PMC18=48.62|PMC19=49.21|PMC20=49.83|PMC21=50.46|PMC22=51.11
CMED;20260508;medicamento;527922110041106;;;PHARLAB INDÚSTRIA FARMACÊUTICA S.A.;RISPERIDONA;1 MG COM REV CT BL AL PLAS TRANS X 30;RISPERIDONA;7898216364107;1410706400036;90558260;527922110041106;S;N;;123.35;170.03;;;;CMED_ICMS17;20260508;20;PF0=102.38|PF12=116.34|PF18=124.85|PF19=126.4|PF20=127.98|PF21=129.59|PF22=131.26|PMC0=141.12|PMC12=160.36|PMC18=172.09|PMC19=174.23|PMC20=176.41|PMC21=178.63|PMC22=180.93
CMED;20260508;medicamento;527922110041206;;;PHARLAB INDÚSTRIA FARMACÊUTICA S.A.;RISPERIDONA;2 MG COM REV CT BL AL PLAS TRANS X 30;RISPERIDONA;7898216364145;1410706400079;90558278;527922110041206;S;N;;255.75;352.52;;;;CMED_ICMS17;20260508;20;PF0=212.27|PF12=241.22|PF18=258.87|PF19=262.06|PF20=265.34|PF21=268.7|PF22=272.14|PMC0=292.59|PMC12=332.5|PMC18=356.83|PMC19=361.22|PMC20=365.74|PMC21=370.37|PMC22=375.12
CMED;20260508;medicamento;527922110041306;;;PHARLAB INDÚSTRIA FARMACÊUTICA S.A.;RISPERIDONA;3 MG COM REV CT BL AL PLAS TRANS X 30;RISPERIDONA;7898216364183;1410706400117;90558286;527922110041306;S;N;;380.76;524.84;;;;CMED_ICMS17;20260508;20;PF0=316.03|PF12=359.13|PF18=385.4|PF19=390.16|PF20=395.04|PF21=400.04|PF22=405.17|PMC0=435.61|PMC12=495.02|PMC18=531.23|PMC19=537.79|PMC20=544.52|PMC21=551.41|PMC22=558.48
CMED;20260508;medicamento;528512050119506;;;PRATI DONADUZZI & CIA LTDA;RISPERIDONA;1MG/ML SOL OR CT FR PLAS PEAD OPC X 30ML + SER DOS;RISPERIDONA;7899547503647;1256802320035;90237749;528512050119506;S;N;;132.17;182.18;;;;CMED_ICMS17;20260508;20;PF0=109.7|PF12=124.66|PF18=133.78|PF19=135.43|PF20=137.13|PF21=138.86|PF22=140.64|PMC0=151.21|PMC12=171.83|PMC18=184.4|PMC19=186.68|PMC20=189.02|PMC21=191.4|PMC22=193.86
CMED;20260508;medicamento;528512050119906;;;PRATI DONADUZZI & CIA LTDA;RISPERIDONA;1MG/ML SOL OR CX 100 FR PLAS PEAD OPC X 30ML + 100 SER DOS;RISPERIDONA;7899547503685;1256802320078;90237781;528512050119906;S;S;;11824.02;;;;;CMED_ICMS17;20260508;20;PF0=9813.94|PF12=11152.21|PF18=11968.22|PF19=12115.98|PF20=12267.43|PF21=12422.71|PF22=12581.97
CMED;20260508;medicamento;528518120144506;;;PRATI DONADUZZI & CIA LTDA;RISPERIDONA;1 MG COM REV CT BL AL PLAS PVC/PVDC 40 TRANS X 30;RISPERIDONA;7899547530070;1256802690053;90411560;528518120144506;S;N;;123.24;169.87;;;;CMED_ICMS17;20260508;20;PF0=102.29|PF12=116.24|PF18=124.74|PF19=126.28|PF20=127.86|PF21=129.48|PF22=131.14|PMC0=141|PMC12=160.22|PMC18=171.94|PMC19=174.06|PMC20=176.24|PMC21=178.47|PMC22=180.76
CMED;20260508;medicamento;528518120144706;;;PRATI DONADUZZI & CIA LTDA;RISPERIDONA;1 MG COM REV CT BL AL PLAS PVC/PVDC 40 TRANS X 300;RISPERIDONA;7899547530094;1256802690071;90411587;528518120144706;S;S;;1232.6;;;;;CMED_ICMS17;20260508;20;PF0=1023.06|PF12=1162.57|PF18=1247.63|PF19=1263.04|PF20=1278.83|PF21=1295.01|PF22=1311.62
CMED;20260508;medicamento;528518120145706;;;PRATI DONADUZZI & CIA LTDA;RISPERIDONA;2 MG COM REV CT BL AL PLAS PVC/PVDC 40 TRANS X 30;RISPERIDONA;7899547530193;1256802690177;90411684;528518120145706;S;N;;255.42;352.07;;;;CMED_ICMS17;20260508;20;PF0=212|PF12=240.91|PF18=258.54|PF19=261.73|PF20=265|PF21=268.35|PF22=271.79|PMC0=292.22|PMC12=332.07|PMC18=356.37|PMC19=360.77|PMC20=365.27|PMC21=369.89|PMC22=374.63
CMED;20260508;medicamento;528518120145906;;;PRATI DONADUZZI & CIA LTDA;RISPERIDONA;2 MG COM REV CT BL AL PLAS PVC/PVDC 40 TRANS X 300;RISPERIDONA;7899547530216;1256802690193;90411706;528518120145906;S;S;;2554.2;;;;;CMED_ICMS17;20260508;20;PF0=2119.99|PF12=2409.08|PF18=2585.35|PF19=2617.27|PF20=2649.99|PF21=2683.53|PF22=2717.94
CMED;20260508;medicamento;528518120146906;;;PRATI DONADUZZI & CIA LTDA;RISPERIDONA;3 MG COM REV CT BL AL PLAS PVC/PVDC 40 TRANS X 30;RISPERIDONA;7899547530315;1256802690290;90411803;528518120146906;S;N;;380.7;524.76;;;;CMED_ICMS17;20260508;20;PF0=315.98|PF12=359.07|PF18=385.34|PF19=390.1|PF20=394.98|PF21=399.97|PF22=405.1|PMC0=435.55|PMC12=494.94|PMC18=531.15|PMC19=537.71|PMC20=544.44|PMC21=551.32|PMC22=558.39
CMED;20260508;medicamento;528518120147106;;;PRATI DONADUZZI & CIA LTDA;RISPERIDONA;3 MG COM REV CT BL AL PLAS PVC/PVDC 40 TRANS X 300;RISPERIDONA;7899547530339;1256802690312;90411820;528518120147106;S;S;;3807.13;;;;;CMED_ICMS17;20260508;20;PF0=3159.92|PF12=3590.82|PF18=3853.56|PF19=3901.14|PF20=3949.9|PF21=3999.9|PF22=4051.18
CMED;20260508;medicamento;533016110064606;;;UNIÃO QUÍMICA FARMACÊUTICA NACIONAL S/A;RISPERIDONA;1 MG COM REV CT BL AL PLAS PVC/PVDC TRANS X 30;RISPERIDONA;7896006215912;1049714120055;90413997;533016110064606;S;N;;123.31;169.97;;;;CMED_ICMS17;20260508;20;PF0=102.35|PF12=116.31|PF18=124.82|PF19=126.36|PF20=127.94|PF21=129.56|PF22=131.22|PMC0=141.08|PMC12=160.32|PMC18=172.05|PMC19=174.17|PMC20=176.35|PMC21=178.58|PMC22=180.87
CMED;20260508;medicamento;533016110064706;;;UNIÃO QUÍMICA FARMACÊUTICA NACIONAL S/A;RISPERIDONA;2 MG COM REV CT BL AL PLAS PVC/PVDC TRANS X 30;RISPERIDONA;7896006215929;1049714120071;90414004;533016110064706;S;N;;255.76;352.54;;;;CMED_ICMS17;20260508;20;PF0=212.28|PF12=241.23|PF18=258.88|PF19=262.07|PF20=265.35|PF21=268.71|PF22=272.15|PMC0=292.61|PMC12=332.51|PMC18=356.84|PMC19=361.24|PMC20=365.76|PMC21=370.39|PMC22=375.13
CMED;20260508;medicamento;533016110064806;;;UNIÃO QUÍMICA FARMACÊUTICA NACIONAL S/A;RISPERIDONA;3 MG COM REV CT BL AL PLAS PVC/PVDC TRANS X 30;RISPERIDONA;7896006215974;1049714120098;90414012;533016110064806;S;N;;380.72;524.78;;;;CMED_ICMS17;20260508;20;PF0=316|PF12=359.09|PF18=385.37|PF19=390.12|PF20=395|PF21=400|PF22=405.13|PMC0=435.57|PMC12=494.97|PMC18=531.19|PMC19=537.74|PMC20=544.47|PMC21=551.36|PMC22=558.43
CMED;20260508;medicamento;533521070033106;;;VITAMEDIC INDUSTRIA FARMACEUTICA LTDA;RISPERIDONA;2 MG COM REV CT BL AL PLAS TRANS X 30;RISPERIDONA;7898049797745;1039201970075;90513711;533521070033106;S;N;;42.37;58.4;;;;CMED_ICMS17;20260508;20;PF0=35.17|PF12=39.97|PF18=42.89|PF19=43.42|PF20=43.96|PF21=44.52|PF22=45.09|PMC0=48.48|PMC12=55.09|PMC18=59.12|PMC19=59.85|PMC20=60.59|PMC21=61.37|PMC22=62.15
CMED;20260508;medicamento;533521070033206;;;VITAMEDIC INDUSTRIA FARMACEUTICA LTDA;RISPERIDONA;3 MG COM REV CT BL AL PLAS TRANS X 30;RISPERIDONA;7898049797752;1039201970113;90513720;533521070033206;S;N;;44.3;61.06;;;;CMED_ICMS17;20260508;20;PF0=36.77|PF12=41.78|PF18=44.84|PF19=45.4|PF20=45.96|PF21=46.54|PF22=47.14|PMC0=50.68|PMC12=57.59|PMC18=61.81|PMC19=62.58|PMC20=63.35|PMC21=64.15|PMC22=64.98
CMED;20260508;medicamento;533521070033306;;;VITAMEDIC INDUSTRIA FARMACEUTICA LTDA;RISPERIDONA;1 MG COM REV CT BL AL PLAS TRANS X 30;RISPERIDONA;7898049797738;1039201970032;90513703;533521070033306;S;N;;34.63;47.73;;;;CMED_ICMS17;20260508;20;PF0=28.74|PF12=32.66|PF18=35.05|PF19=35.48|PF20=35.93|PF21=36.38|PF22=36.85|PMC0=39.62|PMC12=45.02|PMC18=48.31|PMC19=48.91|PMC20=49.53|PMC21=50.15|PMC22=50.79
CMED;20260508;medicamento;538013070013006;;;ACCORD FARMACÊUTICA LTDA;RISPERIDONA;1 MG COM REV CT BL AL PLAS TRANS X 30;RISPERIDONA;7898902274901;1553700270033;90281993;538013070013006;S;N;;123.33;170;;;;CMED_ICMS17;20260508;20;PF0=102.36|PF12=116.32|PF18=124.83|PF19=126.37|PF20=127.95|PF21=129.57|PF22=131.23|PMC0=141.09|PMC12=160.34|PMC18=172.07|PMC19=174.19|PMC20=176.37|PMC21=178.6|PMC22=180.89
CMED;20260508;medicamento;538013070013406;;;ACCORD FARMACÊUTICA LTDA;RISPERIDONA;2 MG COM REV CT BL AL PLAS TRANS X 30;RISPERIDONA;7898902274949;1553700270076;90282035;538013070013406;S;N;;255.75;352.52;;;;CMED_ICMS17;20260508;20;PF0=212.27|PF12=241.22|PF18=258.87|PF19=262.06|PF20=265.34|PF21=268.7|PF22=272.14|PMC0=292.59|PMC12=332.5|PMC18=356.83|PMC19=361.22|PMC20=365.74|PMC21=370.37|PMC22=375.12
CMED;20260508;medicamento;538013070013806;;;ACCORD FARMACÊUTICA LTDA;RISPERIDONA;3 MG COM REV CT BL AL PLAS TRANS X 30;RISPERIDONA;7898902274987;1553700270114;90282078;538013070013806;S;N;;380.69;524.74;;;;CMED_ICMS17;20260508;20;PF0=315.97|PF12=359.06|PF18=385.33|PF19=390.09|PF20=394.96|PF21=399.96|PF22=405.09|PMC0=435.53|PMC12=494.93|PMC18=531.14|PMC19=537.7|PMC20=544.41|PMC21=551.3|PMC22=558.37
CMED;20260508;medicamento;538022110043806;;;ACCORD FARMACÊUTICA LTDA;RISPERIDONA;1 MG COM REV CT BL AL PLAS TRANS X 60;RISPERIDONA;7898902274918;1553700270041;90558715;538022110043806;S;N;;246.58;339.88;;;;CMED_ICMS17;20260508;20;PF0=204.66|PF12=232.57|PF18=249.59|PF19=252.67|PF20=255.83|PF21=259.06|PF22=262.38|PMC0=282.1|PMC12=320.57|PMC18=344.03|PMC19=348.28|PMC20=352.64|PMC21=357.09|PMC22=361.66
CMED;20260508;medicamento;538022110043906;;;ACCORD FARMACÊUTICA LTDA;RISPERIDONA;2 MG COM REV CT BL AL PLAS TRANS X 60;RISPERIDONA;7898902274956;1553700270084;90558723;538022110043906;S;N;;511.33;704.82;;;;CMED_ICMS17;20260508;20;PF0=424.4|PF12=482.27|PF18=517.56|PF19=523.95|PF20=530.5|PF21=537.22|PF22=544.1|PMC0=584.99|PMC12=664.76|PMC18=713.4|PMC19=722.21|PMC20=731.24|PMC21=740.5|PMC22=749.99
CMED;20260508;medicamento;538022110044006;;;ACCORD FARMACÊUTICA LTDA;RISPERIDONA;3 MG COM REV CT BL AL PLAS TRANS X 60;RISPERIDONA;7898902274994;1553700270122;90558731;538022110044006;S;N;;761.41;1049.52;;;;CMED_ICMS17;20260508;20;PF0=631.97|PF12=718.15|PF18=770.69|PF19=780.21|PF20=789.96|PF21=799.96|PF22=810.22|PMC0=871.1|PMC12=989.89|PMC18=1062.32|PMC19=1075.44|PMC20=1088.88|PMC21=1102.66|PMC22=1116.8
CMED;20260508;medicamento;552920020115817;;;ACHÉ LABORATÓRIOS FARMACÊUTICOS S.A;RISPERIDONA;1 MG COM REV CT BL AL PLAS TRANS X 20;RISPERIDONA;7896181916819;1057305390022;90449312;552920020115817;S;N;;82.22;113.33;;;;CMED_ICMS17;20260508;20;PF0=68.24|PF12=77.55|PF18=83.22|PF19=84.25|PF20=85.3|PF21=86.38|PF22=87.49|PMC0=94.06|PMC12=106.89|PMC18=114.71|PMC19=116.13|PMC20=117.58|PMC21=119.07|PMC22=120.6
CMED;20260508;medicamento;552920020115917;;;ACHÉ LABORATÓRIOS FARMACÊUTICOS S.A;RISPERIDONA;1 MG COM REV CT BL AL PLAS TRANS X 30;RISPERIDONA;7896181916826;1057305390030;90449320;552920020115917;S;N;;123.31;169.97;;;;CMED_ICMS17;20260508;20;PF0=102.35|PF12=116.31|PF18=124.82|PF19=126.36|PF20=127.94|PF21=129.56|PF22=131.22|PMC0=141.08|PMC12=160.32|PMC18=172.05|PMC19=174.17|PMC20=176.35|PMC21=178.58|PMC22=180.87
CMED;20260508;medicamento;552920020116017;;;ACHÉ LABORATÓRIOS FARMACÊUTICOS S.A;RISPERIDONA;2 MG COM REV CT BL AL PLAS TRANS X 20;RISPERIDONA;7896181916864;1057305390073;90449339;552920020116017;S;N;;170.51;235.03;;;;CMED_ICMS17;20260508;20;PF0=141.52|PF12=160.82|PF18=172.59|PF19=174.72|PF20=176.9|PF21=179.14|PF22=181.44|PMC0=195.07|PMC12=221.67|PMC18=237.9|PMC19=240.83|PMC20=243.84|PMC21=246.93|PMC22=250.1
CMED;20260508;medicamento;552920020116117;;;ACHÉ LABORATÓRIOS FARMACÊUTICOS S.A;RISPERIDONA;2 MG COM REV CT BL AL PLAS TRANS X 30;RISPERIDONA;7896181916871;1057305390081;90449444;552920020116117;S;N;;255.76;352.54;;;;CMED_ICMS17;20260508;20;PF0=212.28|PF12=241.23|PF18=258.88|PF19=262.07|PF20=265.35|PF21=268.71|PF22=272.15|PMC0=292.61|PMC12=332.51|PMC18=356.84|PMC19=361.24|PMC20=365.76|PMC21=370.39|PMC22=375.13
CMED;20260508;medicamento;552920020116217;;;ACHÉ LABORATÓRIOS FARMACÊUTICOS S.A;RISPERIDONA;3 MG COM REV CT BL AL PLAS TRANS X 20;RISPERIDONA;7896181916918;1057305390121;90449452;552920020116217;S;N;;253.88;349.95;;;;CMED_ICMS17;20260508;20;PF0=210.72|PF12=239.45|PF18=256.98|PF19=260.15|PF20=263.4|PF21=266.73|PF22=270.15|PMC0=290.46|PMC12=330.06|PMC18=354.22|PMC19=358.59|PMC20=363.07|PMC21=367.66|PMC22=372.37
CMED;20260508;medicamento;576721070095906;;;SANOFI MEDLEY FARMACÊUTICA LTDA.;RISPERIDONA;1 MG COM REV CT BL AL PLAS PVC/PVDC TRANS X 30;RISPERIDONA;7896422527446;1832604780014;90517113;576721070095906;S;N;;53.24;73.39;;;;CMED_ICMS17;20260508;20;PF0=44.19|PF12=50.22|PF18=53.89|PF19=54.56|PF20=55.24|PF21=55.94|PF22=56.65|PMC0=60.91|PMC12=69.22|PMC18=74.28|PMC19=75.21|PMC20=76.14|PMC21=77.11|PMC22=78.09
CMED;20260508;medicamento;576721070096006;;;SANOFI MEDLEY FARMACÊUTICA LTDA.;RISPERIDONA;2 MG COM REV CT BL AL PLAS PVC/PVDC TRANS X 30;RISPERIDONA;7896422527453;1832604780022;90517121;576721070096006;S;N;;53.24;73.39;;;;CMED_ICMS17;20260508;20;PF0=44.19|PF12=50.22|PF18=53.89|PF19=54.56|PF20=55.24|PF21=55.94|PF22=56.65|PMC0=60.91|PMC12=69.22|PMC18=74.28|PMC19=75.21|PMC20=76.14|PMC21=77.11|PMC22=78.09
CMED;20260508;medicamento;576721070096106;;;SANOFI MEDLEY FARMACÊUTICA LTDA.;RISPERIDONA;3 MG COM REV CT BL AL PLAS PVC/PVDC TRANS X 30;RISPERIDONA;7896422527460;1832604780030;90517130;576721070096106;S;N;;53.54;73.8;;;;CMED_ICMS17;20260508;20;PF0=44.44|PF12=50.5|PF18=54.2|PF19=54.86|PF20=55.55|PF21=56.25|PF22=56.97|PMC0=61.26|PMC12=69.61|PMC18=74.71|PMC19=75.62|PMC20=76.57|PMC21=77.53|PMC22=78.53
CMED;20260508;medicamento;607024030106017;;;MULTILAB INDUSTRIA E COMERCIO DE PRODUTOS FARMACEUTICOS LTDA;RISPERIDONA;1 MG/ML SOL OR CT FR VD AMB X 30 ML + SER PLAS DOSAD;RISPERIDONA;7895296445313;1181904040011;90583388;607024030106017;S;N;;132.18;182.2;;;;CMED_ICMS17;20260508;20;PF0=109.71|PF12=124.67|PF18=133.79|PF19=135.44|PF20=137.14|PF21=138.87|PF22=140.65|PMC0=151.22|PMC12=171.84|PMC18=184.42|PMC19=186.69|PMC20=189.03|PMC21=191.42|PMC22=193.87|PMVG17=103.72|PMVG18=104.98|PMVG20=107.61
CMED;20260508;medicamento;517622100028103;;;LABORATORIO GLOBO SA;RISPXAN;1 MG COM REV CT BL AL PLAS PVC/PVDC TRANS X 30;RISPERIDONA;7899620915497;1053502290036;90545010;517622100028103;;N;;123.39;170.08;;;;CMED_ICMS17;20260508;20;PF0=102.41|PF12=116.38|PF18=124.89|PF19=126.43|PF20=128.01|PF21=129.63|PF22=131.29|PMC0=141.16|PMC12=160.42|PMC18=172.15|PMC19=174.27|PMC20=176.45|PMC21=178.68|PMC22=180.97
CMED;20260508;medicamento;517622100028203;;;LABORATORIO GLOBO SA;RISPXAN;2 MG COM REV CT BL AL PLAS PVC/PVDC TRANS X 30;RISPERIDONA;7899620915534;1053502290060;90545028;517622100028203;;N;;255.76;352.54;;;;CMED_ICMS17;20260508;20;PF0=212.28|PF12=241.23|PF18=258.88|PF19=262.07|PF20=265.35|PF21=268.71|PF22=272.15|PMC0=292.61|PMC12=332.51|PMC18=356.84|PMC19=361.24|PMC20=365.76|PMC21=370.39|PMC22=375.13
CMED;20260508;medicamento;517622100028303;;;LABORATORIO GLOBO SA;RISPXAN;3 MG COM REV CT BL AL PLAS PVC/PVDC TRANS X 30;RISPERIDONA;7899620915572;1053502290109;90545036;517622100028303;;N;;380.78;524.87;;;;CMED_ICMS17;20260508;20;PF0=316.05|PF12=359.15|PF18=385.43|PF19=390.19|PF20=395.06|PF21=400.06|PF22=405.19|PMC0=435.64|PMC12=495.05|PMC18=531.28|PMC19=537.84|PMC20=544.55|PMC21=551.44|PMC22=558.51
CMED;20260508;medicamento;508025504115410;;;EUROFARMA LABORATORIOS S.A.;RISS;1 MG COM REV CT BL AL PLAS PVC/PVDC TRANS X 10;RISPERIDONA;7891317473853;1004310020016;90070690;508025504115410;;N;;14.43;19.89;;;;CMED_ICMS17;20260508;20;PF0=11.98|PF12=13.61|PF18=14.61|PF19=14.79|PF20=14.98|PF21=15.16|PF22=15.36|PMC0=16.51|PMC12=18.76|PMC18=20.14|PMC19=20.39|PMC20=20.65|PMC21=20.9|PMC22=21.17
CMED;20260508;medicamento;508025505111419;;;EUROFARMA LABORATORIOS S.A.;RISS;2 MG COM REV CT BL AL PLAS PVC/PVDC TRANS X 10;RISPERIDONA;7891317473860;1004310020040;90070712;508025505111419;;N;;14.43;19.89;;;;CMED_ICMS17;20260508;20;PF0=11.98|PF12=13.61|PF18=14.61|PF19=14.79|PF20=14.98|PF21=15.16|PF22=15.36|PMC0=16.51|PMC12=18.76|PMC18=20.14|PMC19=20.39|PMC20=20.65|PMC21=20.9|PMC22=21.17
CMED;20260508;medicamento;508025506118417;;;EUROFARMA LABORATORIOS S.A.;RISS;1 MG COM REV CT BL AL PLAS PVC/PVDC TRANS X 30;RISPERIDONA;7891317448714;1004310020032;90222237;508025506118417;;N;;46.04;63.46;;;;CMED_ICMS17;20260508;20;PF0=38.21|PF12=43.42|PF18=46.6|PF19=47.17|PF20=47.76|PF21=48.37|PF22=48.99|PMC0=52.67|PMC12=59.85|PMC18=64.23|PMC19=65.02|PMC20=65.83|PMC21=66.67|PMC22=67.53
CMED;20260508;medicamento;508025507114415;;;EUROFARMA LABORATORIOS S.A.;RISS;2 MG COM REV CT BL AL PLAS PVC/PVDC TRANS X 30;RISPERIDONA;7891317448745;1004310020067;90222245;508025507114415;;N;;46.04;63.46;;;;CMED_ICMS17;20260508;20;PF0=38.21|PF12=43.42|PF18=46.6|PF19=47.17|PF20=47.76|PF21=48.37|PF22=48.99|PMC0=52.67|PMC12=59.85|PMC18=64.23|PMC19=65.02|PMC20=65.83|PMC21=66.67|PMC22=67.53
CMED;20260508;medicamento;508025508110413;;;EUROFARMA LABORATORIOS S.A.;RISS;3 MG COM REV CT BL AL PLAS PVC/PVDC TRANS X 30;RISPERIDONA;7891317448783;1004310020105;90222253;508025508110413;;N;;46.04;63.46;;;;CMED_ICMS17;20260508;20;PF0=38.21|PF12=43.42|PF18=46.6|PF19=47.17|PF20=47.76|PF21=48.37|PF22=48.99|PMC0=52.67|PMC12=59.85|PMC18=64.23|PMC19=65.02|PMC20=65.83|PMC21=66.67|PMC22=67.53
CMED;20260508;medicamento;526513202116216;;;NOVARTIS BIOCIENCIAS S.A;RITALINA;30 MG CAP DURA LIB PROL CT FR PLAS PEAD OPC X 30;CLORIDRATO DE METILFENIDATO;7896261006867;1006800800030;90172523;526513202116216;;N;;287.06;385.08;;;;CMED_ICMS17;20260508;20;PF0=238.26|PF12=270.75|PF18=290.56|PF19=294.15|PF20=297.83|PF21=301.59|PF22=305.46|PMC0=319.62|PMC12=363.2|PMC18=389.78|PMC19=394.59|PMC20=399.53|PMC21=404.57|PMC22=409.76|PMVG17=225.26|PMVG18=228|PMVG20=233.71
CMED;20260508;medicamento;526513203112214;;;NOVARTIS BIOCIENCIAS S.A;RITALINA;40 MG CAP DURA LIB PROL CT FR PLAS PEAD OPC X 30;CLORIDRATO DE METILFENIDATO;7896261006874;1006800800049;90172531;526513203112214;;N;;301.36;404.26;;;;CMED_ICMS17;20260508;20;PF0=250.13|PF12=284.24|PF18=305.04|PF19=308.8|PF20=312.66|PF21=316.62|PF22=320.68|PMC0=335.54|PMC12=381.3|PMC18=409.2|PMC19=414.24|PMC20=419.42|PMC21=424.73|PMC22=430.18|PMVG17=236.48|PMVG18=239.37|PMVG20=245.34
CMED;20260508;medicamento;526513204119311;;;NOVARTIS BIOCIENCIAS S.A;RITALINA;20 MG CAP DURA LIB PROL CT FR PLAS PEAD OPC X 30;CLORIDRATO DE METILFENIDATO;7896261006850;1006800800022;90172515;526513204119311;;N;;273.4;366.76;;;;CMED_ICMS17;20260508;20;PF0=226.92|PF12=257.86|PF18=276.73|PF19=280.15|PF20=283.65|PF21=287.24|PF22=290.92|PMC0=304.41|PMC12=345.91|PMC18=371.22|PMC19=375.81|PMC20=380.51|PMC21=385.32|PMC22=390.26|PMVG17=214.54|PMVG18=217.15|PMVG20=222.58
CMED;20260508;medicamento;526513207118314;;;NOVARTIS BIOCIENCIAS S.A;RITALINA;10 MG COM CT BL AL AL X 60;CLORIDRATO DE METILFENIDATO;7896261017306;1006800800081;90172485;526513207118314;;N;;80.37;107.81;;;;CMED_ICMS17;20260508;20;PF0=66.71|PF12=75.81|PF18=81.35|PF19=82.36|PF20=83.39|PF21=84.44|PF22=85.53|PMC0=89.49|PMC12=101.7|PMC18=109.13|PMC19=110.48|PMC20=111.86|PMC21=113.27|PMC22=114.74|PMVG17=63.07|PMVG18=63.83|PMVG20=65.44
CMED;20260508;medicamento;526514090079503;;;NOVARTIS BIOCIENCIAS S.A;RITALINA;10 MG COM CT BL AL AL X 30;CLORIDRATO DE METILFENIDATO;7896261018754;1006800800091;90320573;526514090079503;;N;;40.22;53.95;;;;CMED_ICMS17;20260508;20;PF0=33.38|PF12=37.93|PF18=40.71|PF19=41.21|PF20=41.73|PF21=42.25|PF22=42.79|PMC0=44.78|PMC12=50.88|PMC18=54.61|PMC19=55.28|PMC20=55.98|PMC21=56.68|PMC22=57.4|PMVG17=31.56|PMVG18=31.95|PMVG20=32.75
CMED;20260508;medicamento;526530005110312;;;NOVARTIS BIOCIENCIAS S.A;RITALINA;10 MG CAP DURA LIB PROL CT FR PLAS PEAD OPC X 30;CLORIDRATO DE METILFENIDATO;7896261017177;1006800800065;90172507;526530005110312;;N;;102.54;137.55;;;;CMED_ICMS17;20260508;20;PF0=85.11|PF12=96.72|PF18=103.79|PF19=105.07|PF20=106.39|PF21=107.73|PF22=109.12|PMC0=114.17|PMC12=129.75|PMC18=139.23|PMC19=140.95|PMC20=142.72|PMC21=144.52|PMC22=146.38|PMVG17=80.46|PMVG18=81.44|PMVG20=83.48
CMED;20260508;medicamento;557824110002517;;;BIONATUS LABORATÓRIO BOTÂNICO LTDA;RITAPEELS;80 MG COM REV CT BL AL PLAS PVC TRANS X 30;GINKGO BILOBA L.;7908730201311;1200900390032;90599187;557824110002517;;N;;57.35;76.93;;;;CMED_ICMS17;20260508;20;PF0=47.6|PF12=54.09|PF18=58.05|PF19=58.77|PF20=59.5|PF21=60.25|PF22=61.03|PMC0=63.85|PMC12=72.56|PMC18=77.87|PMC19=78.84|PMC20=79.82|PMC21=80.82|PMC22=81.87|PMVG17=45|PMVG18=45.55|PMVG20=46.69
CMED;20260508;medicamento;557824110002617;;;BIONATUS LABORATÓRIO BOTÂNICO LTDA;RITAPEELS;120 MG COM REV CT BL AL PLAS PVC TRANS X 30;GINKGO BILOBA L.;7896108013492;1200900390131;90599195;557824110002617;;N;;77.33;103.74;;;;CMED_ICMS17;20260508;20;PF0=64.18|PF12=72.93|PF18=78.27|PF19=79.23|PF20=80.23|PF21=81.24|PF22=82.28|PMC0=86.1|PMC12=97.83|PMC18=105|PMC19=106.28|PMC20=107.63|PMC21=108.98|PMC22=110.38|PMVG17=60.68|PMVG18=61.42|PMVG20=62.96
CMED;20260508;medicamento;500208604113311;;;ABBOTT LABORATORIOS DO BRASIL LTDA;RITMONORM;300 MG COM REV CT BL AL PLAS OPC X 30;CLORIDRATO DE PROPAFENONA;7896255764384;1055303090033;90001079;500208604113311;;N;;113.02;155.79;;;;CMED_ICMS17;20260508;20;PF0=93.81|PF12=106.6|PF18=114.4|PF19=115.81|PF20=117.26|PF21=118.75|PF22=120.27|PMC0=129.31|PMC12=146.94|PMC18=157.69|PMC19=159.63|PMC20=161.63|PMC21=163.68|PMC22=165.78|PMVG17=88.69|PMVG18=89.77|PMVG20=92.01
CMED;20260508;medicamento;500208605111312;;;ABBOTT LABORATORIOS DO BRASIL LTDA;RITMONORM;300 MG COM REV CT BL AL PLAS OPC X 10;CLORIDRATO DE PROPAFENONA;7896255764490;1055303090114;90001052;500208605111312;;N;;37.61;51.84;;;;CMED_ICMS17;20260508;20;PF0=31.22|PF12=35.48|PF18=38.07|PF19=38.54|PF20=39.03|PF21=39.52|PF22=40.03|PMC0=43.03|PMC12=48.91|PMC18=52.48|PMC19=53.12|PMC20=53.8|PMC21=54.47|PMC22=55.18|PMVG17=29.51|PMVG18=29.87|PMVG20=30.63
CMED;20260508;medicamento;500208606116318;;;ABBOTT LABORATORIOS DO BRASIL LTDA;RITMONORM;300 MG COM REV CT BL AL PLAS OPC X 60;CLORIDRATO DE PROPAFENONA;7896255764858;1055303090327;90001087;500208606116318;;N;;226.06;311.6;;;;CMED_ICMS17;20260508;20;PF0=187.63|PF12=213.22|PF18=228.82|PF19=231.64|PF20=234.54|PF21=237.51|PF22=240.55|PMC0=258.63|PMC12=293.9|PMC18=315.4|PMC19=319.29|PMC20=323.29|PMC21=327.38|PMC22=331.57|PMVG17=177.39|PMVG18=179.56|PMVG20=184.04
CMED;20260508;medicamento;506717060069906;;;CRISTÁLIA PRODUTOS QUÍMICOS FARMACÊUTICOS LTDA.;RITONAVIR;100 MG COM REV CT FR PLAS OPC X 30;RITONAVIR;7896676425710;1029804370013;90376293;506717060069906;S;N;;;;;;;CMED_ICMS17;20260508;20;PF0=60.76|PMC0=83.75
CMED;20260508;medicamento;517023010005806;;;LABORATORIO FARMACEUTICO DO ESTADO DE PERNAMBUCO GOVERNADOR MIGUEL ARRAES S/A - LAFEPE;RITONAVIR;100 MG COM REV CT FR PLAS OPC X 30;RITONAVIR;7893314230873;1018301530015;90551435;517023010005806;S;N;;;;;;;CMED_ICMS17;20260508;20;PF0=58.5|PMC0=78.48
CMED;20260508;medicamento;500221120046904;;;ABBOTT LABORATORIOS DO BRASIL LTDA;RIVACRIST;10 MG COM REV CT BL AL PLAS PVC/PVDC TRANS X 10;RIVAROXABANA;7891158106170;1055303870020;90524780;500221120046904;;N;;99.64;137.34;;;;CMED_ICMS17;20260508;20;PF0=82.7|PF12=93.98|PF18=100.85|PF19=102.1|PF20=103.38|PF21=104.68|PF22=106.03|PMC0=113.99|PMC12=129.54|PMC18=139.01|PMC19=140.73|PMC20=142.5|PMC21=144.29|PMC22=146.15|PMVG17=78.19|PMVG18=79.14|PMVG20=81.12
CMED;20260508;medicamento;500221120047004;;;ABBOTT LABORATORIOS DO BRASIL LTDA;RIVACRIST;10 MG COM REV CT BL AL PLAS PVC/PVDC TRANS X 30;RIVAROXABANA;7891158105814;1055303870039;90524799;500221120047004;;N;;298.92;412.03;;;;CMED_ICMS17;20260508;20;PF0=248.1|PF12=281.93|PF18=302.56|PF19=306.3|PF20=310.13|PF21=314.05|PF22=318.08|PMC0=341.98|PMC12=388.61|PMC18=417.05|PMC19=422.2|PMC20=427.48|PMC21=432.89|PMC22=438.44|PMVG17=234.56|PMVG18=237.42|PMVG20=243.36
CMED;20260508;medicamento;500221120047104;;;ABBOTT LABORATORIOS DO BRASIL LTDA;RIVACRIST;15 MG COM REV CT BL AL PLAS PVC/PVDC TRANS X 14;RIVAROXABANA;7891158106194;1055303870063;90524802;500221120047104;;N;;139.46;192.23;;;;CMED_ICMS17;20260508;20;PF0=115.75|PF12=131.53|PF18=141.16|PF19=142.9|PF20=144.69|PF21=146.52|PF22=148.4|PMC0=159.55|PMC12=181.3|PMC18=194.57|PMC19=196.97|PMC20=199.44|PMC21=201.96|PMC22=204.55|PMVG17=109.43|PMVG18=110.77|PMVG20=113.54
CMED;20260508;medicamento;500221120047204;;;ABBOTT LABORATORIOS DO BRASIL LTDA;RIVACRIST;15 MG COM REV CT BL AL PLAS PVC/PVDC TRANS X 28;RIVAROXABANA;7891158106200;1055303870071;90524810;500221120047204;;N;;278.92;384.46;;;;CMED_ICMS17;20260508;20;PF0=231.5|PF12=263.07|PF18=282.32|PF19=285.8|PF20=289.38|PF21=293.04|PF22=296.79|PMC0=319.1|PMC12=362.61|PMC18=389.15|PMC19=393.95|PMC20=398.88|PMC21=403.93|PMC22=409.09|PMVG17=218.87|PMVG18=221.54|PMVG20=227.08
CMED;20260508;medicamento;500221120047304;;;ABBOTT LABORATORIOS DO BRASIL LTDA;RIVACRIST;20 MG COM REV CT BL AL PLAS PVC/PVDC TRANS X 14;RIVAROXABANA;7891158106224;1055303870111;90524829;500221120047304;;N;;141.35;194.84;;;;CMED_ICMS17;20260508;20;PF0=117.32|PF12=133.32|PF18=143.07|PF19=144.84|PF20=146.65|PF21=148.51|PF22=150.41|PMC0=161.71|PMC12=183.77|PMC18=197.21|PMC19=199.65|PMC20=202.14|PMC21=204.71|PMC22=207.32|PMVG17=110.92|PMVG18=112.27|PMVG20=115.08
CMED;20260508;medicamento;500221120047404;;;ABBOTT LABORATORIOS DO BRASIL LTDA;RIVACRIST;20 MG COM REV CT BL AL PLAS PVC/PVDC TRANS X 28;RIVAROXABANA;7891158106231;1055303870128;90524837;500221120047404;;N;;282.69;389.66;;;;CMED_ICMS17;20260508;20;PF0=234.63|PF12=266.63|PF18=286.13|PF19=289.67|PF20=293.29|PF21=297|PF22=300.81|PMC0=323.41|PMC12=367.52|PMC18=394.4|PMC19=399.28|PMC20=404.27|PMC21=409.38|PMC22=414.64|PMVG17=221.83|PMVG18=224.53|PMVG20=230.15
CMED;20260508;medicamento;508022010146603;;;EUROFARMA LABORATORIOS S.A.;RIVAR;15 MG COM REV CT BL AL PLAS PVC/PVDC TRANS X 30;RIVAROXABANA;7891317018764;1004313600226;90523040;508022010146603;;N;;266.93;367.94;;;;CMED_ICMS17;20260508;20;PF0=221.55|PF12=251.76|PF18=270.18|PF19=273.52|PF20=276.94|PF21=280.44|PF22=284.04|PMC0=305.38|PMC12=347.02|PMC18=372.41|PMC19=377.02|PMC20=381.73|PMC21=386.56|PMC22=391.52|PMVG17=209.46|PMVG18=212.01|PMVG20=217.32
CMED;20260508;medicamento;508022010146703;;;EUROFARMA LABORATORIOS S.A.;RIVAR;10 MG COM REV CT BL AL PLAS PVC/PVDC TRANS X 5;RIVAROXABANA;7891317018740;1004313600072;90522990;508022010146703;;N;;43.98;60.62;;;;CMED_ICMS17;20260508;20;PF0=36.5|PF12=41.48|PF18=44.51|PF19=45.06|PF20=45.63|PF21=46.2|PF22=46.79|PMC0=50.31|PMC12=57.18|PMC18=61.35|PMC19=62.11|PMC20=62.9|PMC21=63.68|PMC22=64.5|PMVG17=34.51|PMVG18=34.93|PMVG20=35.81
CMED;20260508;medicamento;508022010146803;;;EUROFARMA LABORATORIOS S.A.;RIVAR;10 MG COM REV CT BL AL PLAS PVC/PVDC TRANS X 10;RIVAROXABANA;7891317018528;1004313600080;90523008;508022010146803;;N;;87.95;121.23;;;;CMED_ICMS17;20260508;20;PF0=73|PF12=82.95|PF18=89.02|PF19=90.12|PF20=91.25|PF21=92.41|PF22=93.59|PMC0=100.62|PMC12=114.34|PMC18=122.7|PMC19=124.22|PMC20=125.78|PMC21=127.38|PMC22=129|PMVG17=69.01|PMVG18=69.85|PMVG20=71.6
CMED;20260508;medicamento;508022010146903;;;EUROFARMA LABORATORIOS S.A.;RIVAR;10 MG COM REV CT BL AL PLAS PVC/PVDC TRANS X 30;RIVAROXABANA;7891317020767;1004313600102;90523016;508022010146903;;N;;263.86;363.7;;;;CMED_ICMS17;20260508;20;PF0=219|PF12=248.86|PF18=267.07|PF19=270.37|PF20=273.75|PF21=277.22|PF22=280.77|PMC0=301.87|PMC12=343.03|PMC18=368.13|PMC19=372.68|PMC20=377.34|PMC21=382.12|PMC22=387.01|PMVG17=207.05|PMVG18=209.57|PMVG20=214.81
CMED;20260508;medicamento;508022010147003;;;EUROFARMA LABORATORIOS S.A.;RIVAR;15 MG COM REV CT BL AL PLAS PVC/PVDC TRANS X 5;RIVAROXABANA;7891317018771;1004313600196;90523024;508022010147003;;N;;44.48;61.31;;;;CMED_ICMS17;20260508;20;PF0=36.92|PF12=41.95|PF18=45.02|PF19=45.58|PF20=46.15|PF21=46.73|PF22=47.33|PMC0=50.89|PMC12=57.82|PMC18=62.06|PMC19=62.83|PMC20=63.61|PMC21=64.41|PMC22=65.24|PMVG17=34.9|PMVG18=35.33|PMVG20=36.21
CMED;20260508;medicamento;508022010147103;;;EUROFARMA LABORATORIOS S.A.;RIVAR;15 MG COM REV CT BL AL PLAS PVC/PVDC TRANS X 15;RIVAROXABANA;7891317018535;1004313600218;90523032;508022010147103;;N;;133.48;183.99;;;;CMED_ICMS17;20260508;20;PF0=110.79|PF12=125.9|PF18=135.11|PF19=136.78|PF20=138.49|PF21=140.24|PF22=142.04|PMC0=152.71|PMC12=173.54|PMC18=186.24|PMC19=188.54|PMC20=190.89|PMC21=193.31|PMC22=195.79|PMVG17=104.74|PMVG18=106.02|PMVG20=108.67
CMED;20260508;medicamento;508022010147203;;;EUROFARMA LABORATORIOS S.A.;RIVAR;20 MG COM REV CT BL AL PLAS PVC/PVDC TRANS X 5;RIVAROXABANA;7891317018801;1004313600315;90523059;508022010147203;;N;;44.48;61.31;;;;CMED_ICMS17;20260508;20;PF0=36.92|PF12=41.95|PF18=45.02|PF19=45.58|PF20=46.15|PF21=46.73|PF22=47.33|PMC0=50.89|PMC12=57.82|PMC18=62.06|PMC19=62.83|PMC20=63.61|PMC21=64.41|PMC22=65.24|PMVG17=34.9|PMVG18=35.33|PMVG20=36.21
CMED;20260508;medicamento;508022010147303;;;EUROFARMA LABORATORIOS S.A.;RIVAR;20 MG COM REV CT BL AL PLAS PVC/PVDC TRANS X 30;RIVAROXABANA;7891317018795;1004313600341;90523067;508022010147303;;N;;266.93;367.94;;;;CMED_ICMS17;20260508;20;PF0=221.55|PF12=251.76|PF18=270.18|PF19=273.52|PF20=276.94|PF21=280.44|PF22=284.04|PMC0=305.38|PMC12=347.02|PMC18=372.41|PMC19=377.02|PMC20=381.73|PMC21=386.56|PMC22=391.52|PMVG17=209.46|PMVG18=212.01|PMVG20=217.32
CMED;20260508;medicamento;501622110039306;;;APSEN FARMACEUTICA S/A;RIVAROXABANA;2,5 MG COM REV CT BL AL PLAS PVC/PVDC TRANS X 7;RIVAROXABANA;7896637034258;1011806370018;90550978;501622110039306;S;N;;23.81;32.82;;;;CMED_ICMS17;20260508;20;PF0=19.76|PF12=22.45|PF18=24.1|PF19=24.4|PF20=24.7|PF21=25.01|PF22=25.33|PMC0=27.24|PMC12=30.94|PMC18=33.22|PMC19=33.63|PMC20=34.05|PMC21=34.47|PMC22=34.91|PMVG17=18.68|PMVG18=18.91|PMVG20=19.38
CMED;20260508;medicamento;501622110039406;;;APSEN FARMACEUTICA S/A;RIVAROXABANA;2,5 MG COM REV CT BL AL PLAS PVC/PVDC TRANS X 15;RIVAROXABANA;7896637034265;1011806370026;90550986;501622110039406;S;N;;51;70.3;;;;CMED_ICMS17;20260508;20;PF0=42.33|PF12=48.1|PF18=51.62|PF19=52.26|PF20=52.91|PF21=53.58|PF22=54.27|PMC0=58.35|PMC12=66.3|PMC18=71.15|PMC19=72.03|PMC20=72.93|PMC21=73.85|PMC22=74.81|PMVG17=40.02|PMVG18=40.51|PMVG20=41.52
CMED;20260508;medicamento;501622110039506;;;APSEN FARMACEUTICA S/A;RIVAROXABANA;2,5 MG COM REV CT BL AL PLAS PVC/PVDC TRANS X 30;RIVAROXABANA;7896637034272;1011806370034;90550994;501622110039506;S;N;;102.05;140.67;;;;CMED_ICMS17;20260508;20;PF0=84.7|PF12=96.25|PF18=103.29|PF19=104.57|PF20=105.88|PF21=107.22|PF22=108.59|PMC0=116.75|PMC12=132.67|PMC18=142.37|PMC19=144.14|PMC20=145.94|PMC21=147.79|PMC22=149.68|PMVG17=80.08|PMVG18=81.05|PMVG20=83.09
CMED;20260508;medicamento;501622110039606;;;APSEN FARMACEUTICA S/A;RIVAROXABANA;2,5 MG COM REV CT BL AL PLAS PVC/PVDC TRANS X 60;RIVAROXABANA;7896637034289;1011806370042;90551001;501622110039606;S;N;;204.06;281.28;;;;CMED_ICMS17;20260508;20;PF0=169.37|PF12=192.47|PF18=206.55|PF19=209.1|PF20=211.71|PF21=214.39|PF22=217.14|PMC0=233.46|PMC12=265.3|PMC18=284.71|PMC19=288.22|PMC20=291.82|PMC21=295.51|PMC22=299.3|PMVG17=160.13|PMVG18=162.08|PMVG20=166.13
CMED;20260508;medicamento;501622110039706;;;APSEN FARMACEUTICA S/A;RIVAROXABANA;10 MG COM REV CT BL AL PLAS PVC/PVDC TRANS X 5;RIVAROXABANA;7896637034296;1011806370050;90551010;501622110039706;S;N;;33.99;46.85;;;;CMED_ICMS17;20260508;20;PF0=28.21|PF12=32.06|PF18=34.4|PF19=34.83|PF20=35.26|PF21=35.71|PF22=36.17|PMC0=38.88|PMC12=44.19|PMC18=47.42|PMC19=48.01|PMC20=48.6|PMC21=49.22|PMC22=49.86|PMVG17=26.67|PMVG18=26.99|PMVG20=27.67
CMED;20260508;medicamento;501622110039806;;;APSEN FARMACEUTICA S/A;RIVAROXABANA;10 MG COM REV CT BL AL PLAS PVC/PVDC TRANS X 7;RIVAROXABANA;7896637034302;1011806370069;90551028;501622110039806;S;N;;47.59;65.6;;;;CMED_ICMS17;20260508;20;PF0=39.5|PF12=44.89|PF18=48.17|PF19=48.77|PF20=49.38|PF21=50|PF22=50.64|PMC0=54.45|PMC12=61.88|PMC18=66.4|PMC19=67.22|PMC20=68.07|PMC21=68.92|PMC22=69.8|PMVG17=37.34|PMVG18=37.8|PMVG20=38.75
CMED;20260508;medicamento;501622110039906;;;APSEN FARMACEUTICA S/A;RIVAROXABANA;10 MG COM REV CT BL AL PLAS PVC/PVDC TRANS X 10;RIVAROXABANA;7896637034319;1011806370077;90551036;501622110039906;S;N;;67.99;93.72;;;;CMED_ICMS17;20260508;20;PF0=56.43|PF12=64.13|PF18=68.82|PF19=69.67|PF20=70.54|PF21=71.43|PF22=72.35|PMC0=77.78|PMC12=88.4|PMC18=94.86|PMC19=96.03|PMC20=97.23|PMC21=98.46|PMC22=99.73|PMVG17=53.35|PMVG18=54|PMVG20=55.35
CMED;20260508;medicamento;501622110040006;;;APSEN FARMACEUTICA S/A;RIVAROXABANA;10 MG COM REV CT BL AL PLAS PVC/PVDC TRANS X 15;RIVAROXABANA;7896637034326;1011806370085;90551044;501622110040006;S;N;;102.04;140.65;;;;CMED_ICMS17;20260508;20;PF0=84.69|PF12=96.24|PF18=103.28|PF19=104.56|PF20=105.86|PF21=107.2|PF22=108.58|PMC0=116.74|PMC12=132.66|PMC18=142.36|PMC19=144.13|PMC20=145.92|PMC21=147.76|PMC22=149.67|PMVG17=80.07|PMVG18=81.04|PMVG20=83.07
CMED;20260508;medicamento;501622110040106;;;APSEN FARMACEUTICA S/A;RIVAROXABANA;20 MG COM REV CT BL AL PLAS PVC/PVDC TRANS X 7;RIVAROXABANA;7896637034449;1011806370204;90551168;501622110040106;S;N;;47.59;65.6;;;;CMED_ICMS17;20260508;20;PF0=39.5|PF12=44.89|PF18=48.17|PF19=48.77|PF20=49.38|PF21=50|PF22=50.64|PMC0=54.45|PMC12=61.88|PMC18=66.4|PMC19=67.22|PMC20=68.07|PMC21=68.92|PMC22=69.8|PMVG17=37.34|PMVG18=37.8|PMVG20=38.75
CMED;20260508;medicamento;501622110040206;;;APSEN FARMACEUTICA S/A;RIVAROXABANA;10 MG COM REV CT BL AL PLAS PVC/PVDC TRANS X 30;RIVAROXABANA;7896637034333;1011806370093;90551052;501622110040206;S;N;;204.01;281.21;;;;CMED_ICMS17;20260508;20;PF0=169.33|PF12=192.42|PF18=206.5|PF19=209.05|PF20=211.66|PF21=214.34|PF22=217.09|PMC0=233.4|PMC12=265.23|PMC18=284.64|PMC19=288.15|PMC20=291.75|PMC21=295.45|PMC22=299.24|PMVG17=160.09|PMVG18=162.04|PMVG20=166.09
CMED;20260508;medicamento;501622110040306;;;APSEN FARMACEUTICA S/A;RIVAROXABANA;10 MG COM REV CT BL AL PLAS PVC/PVDC TRANS X 60;RIVAROXABANA;7896637034340;1011806370107;90551060;501622110040306;S;N;;408.1;562.52;;;;CMED_ICMS17;20260508;20;PF0=338.72|PF12=384.91|PF18=413.07|PF19=418.17|PF20=423.4|PF21=428.76|PF22=434.26|PMC0=466.89|PMC12=530.56|PMC18=569.37|PMC19=576.4|PMC20=583.61|PMC21=591|PMC22=598.58|PMVG17=320.24|PMVG18=324.14|PMVG20=332.24
CMED;20260508;medicamento;501622110040406;;;APSEN FARMACEUTICA S/A;RIVAROXABANA;10 MG COM REV CT BL AL PLAS PVC/PVDC TRANS X 100;RIVAROXABANA;7896637034357;1011806370115;90551079;501622110040406;S;N;;680.11;937.46;;;;CMED_ICMS17;20260508;20;PF0=564.49|PF12=641.47|PF18=688.4|PF19=696.9|PF20=705.61|PF21=714.54|PF22=723.7|PMC0=778.09|PMC12=884.2|PMC18=948.89|PMC19=960.6|PMC20=972.61|PMC21=984.92|PMC22=997.55|PMVG17=533.68|PMVG18=540.19|PMVG20=553.69
CMED;20260508;medicamento;501622110040506;;;APSEN FARMACEUTICA S/A;RIVAROXABANA;15 MG COM REV CT BL AL PLAS PVC/PVDC TRANS X 7;RIVAROXABANA;7896637034364;1011806370123;90551087;501622110040506;S;N;;47.59;65.6;;;;CMED_ICMS17;20260508;20;PF0=39.5|PF12=44.89|PF18=48.17|PF19=48.77|PF20=49.38|PF21=50|PF22=50.64|PMC0=54.45|PMC12=61.88|PMC18=66.4|PMC19=67.22|PMC20=68.07|PMC21=68.92|PMC22=69.8|PMVG17=37.34|PMVG18=37.8|PMVG20=38.75
CMED;20260508;medicamento;501622110040606;;;APSEN FARMACEUTICA S/A;RIVAROXABANA;15 MG COM REV CT BL AL PLAS PVC/PVDC TRANS X 14;RIVAROXABANA;7896637034371;1011806370131;90551095;501622110040606;S;N;;95.2;131.22;;;;CMED_ICMS17;20260508;20;PF0=79.02|PF12=89.8|PF18=96.37|PF19=97.56|PF20=98.78|PF21=100.03|PF22=101.31|PMC0=108.92|PMC12=123.78|PMC18=132.84|PMC19=134.48|PMC20=136.16|PMC21=137.88|PMC22=139.65|PMVG17=74.7|PMVG18=75.62|PMVG20=77.51
CMED;20260508;medicamento;501622110040706;;;APSEN FARMACEUTICA S/A;RIVAROXABANA;15 MG COM REV CT BL AL PLAS PVC/PVDC TRANS X 15;RIVAROXABANA;7896637034388;1011806370141;90551109;501622110040706;S;N;;102.01;140.61;;;;CMED_ICMS17;20260508;20;PF0=84.67|PF12=96.22|PF18=103.26|PF19=104.53|PF20=105.84|PF21=107.18|PF22=108.55|PMC0=116.71|PMC12=132.63|PMC18=142.33|PMC19=144.08|PMC20=145.89|PMC21=147.74|PMC22=149.62|PMVG17=80.05|PMVG18=81.03|PMVG20=83.05
CMED;20260508;medicamento;501622110040806;;;APSEN FARMACEUTICA S/A;RIVAROXABANA;15 MG COM REV CT BL AL PLAS PVC/PVDC TRANS X 28;RIVAROXABANA;7896637034395;1011806370158;90551117;501622110040806;S;N;;190.41;262.46;;;;CMED_ICMS17;20260508;20;PF0=158.04|PF12=179.59|PF18=192.73|PF19=195.11|PF20=197.55|PF21=200.05|PF22=202.62|PMC0=217.84|PMC12=247.55|PMC18=265.66|PMC19=268.94|PMC20=272.3|PMC21=275.75|PMC22=279.29|PMVG17=149.41|PMVG18=151.23|PMVG20=155.02
CMED;20260508;medicamento;501622110040906;;;APSEN FARMACEUTICA S/A;RIVAROXABANA;15 MG COM REV CT BL AL PLAS PVC/PVDC TRANS X 30;RIVAROXABANA;7896637034401;1011806370166;90551125;501622110040906;S;N;;204;281.19;;;;CMED_ICMS17;20260508;20;PF0=169.32|PF12=192.41|PF18=206.49|PF19=209.04|PF20=211.65|PF21=214.33|PF22=217.08|PMC0=233.39|PMC12=265.22|PMC18=284.62|PMC19=288.14|PMC20=291.74|PMC21=295.43|PMC22=299.22|PMVG17=160.08|PMVG18=162.03|PMVG20=166.08
CMED;20260508;medicamento;501622110041006;;;APSEN FARMACEUTICA S/A;RIVAROXABANA;15 MG COM REV CT BL AL PLAS PVC/PVDC TRANS X 42;RIVAROXABANA;7896637034418;1011806370174;90551133;501622110041006;S;N;;285.61;393.68;;;;CMED_ICMS17;20260508;20;PF0=237.06|PF12=269.39|PF18=289.1|PF19=292.67|PF20=296.33|PF21=300.08|PF22=303.92|PMC0=326.76|PMC12=371.33|PMC18=398.49|PMC19=403.42|PMC20=408.46|PMC21=413.63|PMC22=418.92|PMVG17=224.12|PMVG18=226.86|PMVG20=232.53
CMED;20260508;medicamento;501622110041106;;;APSEN FARMACEUTICA S/A;RIVAROXABANA;15 MG COM REV CT BL AL PLAS PVC/PVDC TRANS X 60;RIVAROXABANA;7896637034425;1011806370182;90551141;501622110041106;S;N;;408.02;562.41;;;;CMED_ICMS17;20260508;20;PF0=338.66|PF12=384.84|PF18=413|PF19=418.1|PF20=423.33|PF21=428.68|PF22=434.18|PMC0=466.81|PMC12=530.46|PMC18=569.28|PMC19=576.31|PMC20=583.52|PMC21=590.89|PMC22=598.47|PMVG17=320.17|PMVG18=324.08|PMVG20=332.19
CMED;20260508;medicamento;501622110041206;;;APSEN FARMACEUTICA S/A;RIVAROXABANA;15 MG COM REV CT BL AL PLAS PVC/PVDC TRANS X 98;RIVAROXABANA;7896637034432;1011806370190;90551150;501622110041206;S;N;;666.46;918.65;;;;CMED_ICMS17;20260508;20;PF0=553.16|PF12=628.59|PF18=674.59|PF19=682.91|PF20=691.45|PF21=700.2|PF22=709.18|PMC0=762.47|PMC12=866.45|PMC18=929.85|PMC19=941.32|PMC20=953.09|PMC21=965.15|PMC22=977.53|PMVG17=522.97|PMVG18=529.35|PMVG20=542.58
CMED;20260508;medicamento;501622110041306;;;APSEN FARMACEUTICA S/A;RIVAROXABANA;20 MG COM REV CT BL AL PLAS PVC/PVDC TRANS X 14;RIVAROXABANA;7896637034456;1011806370212;90551176;501622110041306;S;N;;95.2;131.22;;;;CMED_ICMS17;20260508;20;PF0=79.02|PF12=89.8|PF18=96.37|PF19=97.56|PF20=98.78|PF21=100.03|PF22=101.31|PMC0=108.92|PMC12=123.78|PMC18=132.84|PMC19=134.48|PMC20=136.16|PMC21=137.88|PMC22=139.65|PMVG17=74.7|PMVG18=75.62|PMVG20=77.51
CMED;20260508;medicamento;501622110041406;;;APSEN FARMACEUTICA S/A;RIVAROXABANA;20 MG COM REV CT BL AL PLAS PVC/PVDC TRANS X 15;RIVAROXABANA;7896637034463;1011806370220;90551184;501622110041406;S;N;;102.01;140.61;;;;CMED_ICMS17;20260508;20;PF0=84.67|PF12=96.22|PF18=103.26|PF19=104.53|PF20=105.84|PF21=107.18|PF22=108.55|PMC0=116.71|PMC12=132.63|PMC18=142.33|PMC19=144.08|PMC20=145.89|PMC21=147.74|PMC22=149.62|PMVG17=80.05|PMVG18=81.03|PMVG20=83.05
CMED;20260508;medicamento;501622110041506;;;APSEN FARMACEUTICA S/A;RIVAROXABANA;20 MG COM REV CT BL AL PLAS PVC/PVDC TRANS X 28;RIVAROXABANA;7896637034470;1011806370239;90551192;501622110041506;S;N;;190.41;262.46;;;;CMED_ICMS17;20260508;20;PF0=158.04|PF12=179.59|PF18=192.73|PF19=195.11|PF20=197.55|PF21=200.05|PF22=202.62|PMC0=217.84|PMC12=247.55|PMC18=265.66|PMC19=268.94|PMC20=272.3|PMC21=275.75|PMC22=279.29|PMVG17=149.41|PMVG18=151.23|PMVG20=155.02
CMED;20260508;medicamento;501622110041606;;;APSEN FARMACEUTICA S/A;RIVAROXABANA;20 MG COM REV CT BL AL PLAS PVC/PVDC TRANS X 30;RIVAROXABANA;7896637034487;1011806370247;90551206;501622110041606;S;N;;204;281.19;;;;CMED_ICMS17;20260508;20;PF0=169.32|PF12=192.41|PF18=206.49|PF19=209.04|PF20=211.65|PF21=214.33|PF22=217.08|PMC0=233.39|PMC12=265.22|PMC18=284.62|PMC19=288.14|PMC20=291.74|PMC21=295.43|PMC22=299.22|PMVG17=160.08|PMVG18=162.03|PMVG20=166.08
CMED;20260508;medicamento;501622110041706;;;APSEN FARMACEUTICA S/A;RIVAROXABANA;20 MG COM REV CT BL AL PLAS PVC/PVDC TRANS X 42;RIVAROXABANA;7896637034494;1011806370255;90551214;501622110041706;S;N;;285.61;393.68;;;;CMED_ICMS17;20260508;20;PF0=237.06|PF12=269.39|PF18=289.1|PF19=292.67|PF20=296.33|PF21=300.08|PF22=303.92|PMC0=326.76|PMC12=371.33|PMC18=398.49|PMC19=403.42|PMC20=408.46|PMC21=413.63|PMC22=418.92|PMVG17=224.12|PMVG18=226.86|PMVG20=232.53
CMED;20260508;medicamento;501622110041806;;;APSEN FARMACEUTICA S/A;RIVAROXABANA;20 MG COM REV CT BL AL PLAS PVC/PVDC TRANS X 60;RIVAROXABANA;7896637034500;1011806370263;90551222;501622110041806;S;N;;408.02;562.41;;;;CMED_ICMS17;20260508;20;PF0=338.66|PF12=384.84|PF18=413|PF19=418.1|PF20=423.33|PF21=428.68|PF22=434.18|PMC0=466.81|PMC12=530.46|PMC18=569.28|PMC19=576.31|PMC20=583.52|PMC21=590.89|PMC22=598.47|PMVG17=320.17|PMVG18=324.08|PMVG20=332.19
CMED;20260508;medicamento;501622110041906;;;APSEN FARMACEUTICA S/A;RIVAROXABANA;20 MG COM REV CT BL AL PLAS PVC/PVDC TRANS X 98;RIVAROXABANA;7896637034517;1011806370271;90551230;501622110041906;S;N;;666.46;918.65;;;;CMED_ICMS17;20260508;20;PF0=553.16|PF12=628.59|PF18=674.59|PF19=682.91|PF20=691.45|PF21=700.2|PF22=709.18|PMC0=762.47|PMC12=866.45|PMC18=929.85|PMC19=941.32|PMC20=953.09|PMC21=965.15|PMC22=977.53|PMVG17=522.97|PMVG18=529.35|PMVG20=542.58
CMED;20260508;medicamento;504122010073006;;;BIOLAB SANUS FARMACEUTICA LTDA;RIVAROXABANA;10 MG COM REV CT BL AL PLAS PVC/PVDC TRANS X 30;RIVAROXABANA;7896112403562;1097403430036;90528891;504122010073006;S;N;;204.01;281.21;;;;CMED_ICMS17;20260508;20;PF0=169.33|PF12=192.42|PF18=206.5|PF19=209.05|PF20=211.66|PF21=214.34|PF22=217.09|PMC0=233.4|PMC12=265.23|PMC18=284.64|PMC19=288.15|PMC20=291.75|PMC21=295.45|PMC22=299.24|PMVG17=160.09|PMVG18=162.04|PMVG20=166.09
CMED;20260508;medicamento;504122010073106;;;BIOLAB SANUS FARMACEUTICA LTDA;RIVAROXABANA;15 MG COM REV CT BL AL PLAS PVC/PVDC TRANS X 28;RIVAROXABANA;7896112403609;1097403430079;90528905;504122010073106;S;N;;190.41;262.46;;;;CMED_ICMS17;20260508;20;PF0=158.04|PF12=179.59|PF18=192.73|PF19=195.11|PF20=197.55|PF21=200.05|PF22=202.62|PMC0=217.84|PMC12=247.55|PMC18=265.66|PMC19=268.94|PMC20=272.3|PMC21=275.75|PMC22=279.29|PMVG17=149.41|PMVG18=151.23|PMVG20=155.02
CMED;20260508;medicamento;504122010073206;;;BIOLAB SANUS FARMACEUTICA LTDA;RIVAROXABANA;20 MG COM REV CT BL AL PLAS PVC/PVDC TRANS X 28;RIVAROXABANA;7896112403616;1097403430125;90528913;504122010073206;S;N;;190.41;262.46;;;;CMED_ICMS17;20260508;20;PF0=158.04|PF12=179.59|PF18=192.73|PF19=195.11|PF20=197.55|PF21=200.05|PF22=202.62|PMC0=217.84|PMC12=247.55|PMC18=265.66|PMC19=268.94|PMC20=272.3|PMC21=275.75|PMC22=279.29|PMVG17=149.41|PMVG18=151.23|PMVG20=155.02
CMED;20260508;medicamento;504621110082706;;;BRAINFARMA INDÚSTRIA QUÍMICA E FARMACÊUTICA S.A;RIVAROXABANA;10 MG COM REV CT BL AL PLAS PVC/PVDC TRANS X 10;RIVAROXABANA;7896714290799;1558406090016;90526619;504621110082706;S;N;;68.02;93.76;;;;CMED_ICMS17;20260508;20;PF0=56.46|PF12=64.16|PF18=68.85|PF19=69.7|PF20=70.58|PF21=71.47|PF22=72.38|PMC0=77.82|PMC12=88.44|PMC18=94.9|PMC19=96.07|PMC20=97.29|PMC21=98.51|PMC22=99.77|PMVG17=53.38|PMVG18=54.03|PMVG20=55.39
CMED;20260508;medicamento;504621110082806;;;BRAINFARMA INDÚSTRIA QUÍMICA E FARMACÊUTICA S.A;RIVAROXABANA;10 MG COM REV CT BL AL PLAS PVC/PVDC TRANS X 30;RIVAROXABANA;7896714290805;1558406090024;90526627;504621110082806;S;N;;204.04;281.25;;;;CMED_ICMS17;20260508;20;PF0=169.35|PF12=192.44|PF18=206.52|PF19=209.07|PF20=211.69|PF21=214.37|PF22=217.12|PMC0=233.43|PMC12=265.26|PMC18=284.67|PMC19=288.18|PMC20=291.79|PMC21=295.49|PMC22=299.28|PMVG17=160.11|PMVG18=162.06|PMVG20=166.11
CMED;20260508;medicamento;504621110082906;;;BRAINFARMA INDÚSTRIA QUÍMICA E FARMACÊUTICA S.A;RIVAROXABANA;15 MG COM REV CT BL AL PLAS PVC/PVDC TRANS X 15;RIVAROXABANA;7896714290812;1558406090040;90526635;504621110082906;S;N;;102.02;140.62;;;;CMED_ICMS17;20260508;20;PF0=84.68|PF12=96.23|PF18=103.27|PF19=104.54|PF20=105.85|PF21=107.19|PF22=108.56|PMC0=116.72|PMC12=132.64|PMC18=142.35|PMC19=144.1|PMC20=145.9|PMC21=147.75|PMC22=149.64|PMVG17=80.06|PMVG18=81.04|PMVG20=83.06
CMED;20260508;medicamento;504621110083006;;;BRAINFARMA INDÚSTRIA QUÍMICA E FARMACÊUTICA S.A;RIVAROXABANA;15 MG COM REV CT BL AL PLAS PVC/PVDC TRANS X 30;RIVAROXABANA;7896714290829;1558406090059;90526643;504621110083006;S;N;;204;281.19;;;;CMED_ICMS17;20260508;20;PF0=169.32|PF12=192.41|PF18=206.49|PF19=209.04|PF20=211.65|PF21=214.33|PF22=217.08|PMC0=233.39|PMC12=265.22|PMC18=284.62|PMC19=288.14|PMC20=291.74|PMC21=295.43|PMC22=299.22|PMVG17=160.08|PMVG18=162.03|PMVG20=166.08
CMED;20260508;medicamento;504621110083106;;;BRAINFARMA INDÚSTRIA QUÍMICA E FARMACÊUTICA S.A;RIVAROXABANA;20 MG COM REV CT BL AL PLAS PVC/PVDC TRANS X 15;RIVAROXABANA;7896714290836;1558406090075;90526651;504621110083106;S;N;;102.02;140.62;;;;CMED_ICMS17;20260508;20;PF0=84.68|PF12=96.23|PF18=103.27|PF19=104.54|PF20=105.85|PF21=107.19|PF22=108.56|PMC0=116.72|PMC12=132.64|PMC18=142.35|PMC19=144.1|PMC20=145.9|PMC21=147.75|PMC22=149.64|PMVG17=80.06|PMVG18=81.04|PMVG20=83.06
CMED;20260508;medicamento;504621110083206;;;BRAINFARMA INDÚSTRIA QUÍMICA E FARMACÊUTICA S.A;RIVAROXABANA;20 MG COM REV CT BL AL PLAS PVC/PVDC TRANS X 30;RIVAROXABANA;7896714290843;1558406090083;90526660;504621110083206;S;N;;204;281.19;;;;CMED_ICMS17;20260508;20;PF0=169.32|PF12=192.41|PF18=206.49|PF19=209.04|PF20=211.65|PF21=214.33|PF22=217.08|PMC0=233.39|PMC12=265.22|PMC18=284.62|PMC19=288.14|PMC20=291.74|PMC21=295.43|PMC22=299.22|PMVG17=160.08|PMVG18=162.03|PMVG20=166.08
CMED;20260508;medicamento;504625050100506;;;BRAINFARMA INDÚSTRIA QUÍMICA E FARMACÊUTICA S.A;RIVAROXABANA;2,5 MG COM REV CT BL AL PLAS PVC/PVDC TRANS X 30;RIVAROXABANA;7896714296081;1558406760054;90609697;504625050100506;S;N;;102.05;140.67;;;;CMED_ICMS17;20260508;20;PF0=84.7|PF12=96.25|PF18=103.29|PF19=104.57|PF20=105.88|PF21=107.22|PF22=108.59|PMC0=116.75|PMC12=132.67|PMC18=142.37|PMC19=144.14|PMC20=145.94|PMC21=147.79|PMC22=149.68|PMVG17=80.08|PMVG18=81.05|PMVG20=83.09
CMED;20260508;medicamento;504625050100606;;;BRAINFARMA INDÚSTRIA QUÍMICA E FARMACÊUTICA S.A;RIVAROXABANA;2,5 MG COM REV CT BL AL PLAS PVC/PVDC TRANS X 60;RIVAROXABANA;7896714296098;1558406760062;90609700;504625050100606;S;N;;204.08;281.3;;;;CMED_ICMS17;20260508;20;PF0=169.39|PF12=192.49|PF18=206.57|PF19=209.12|PF20=211.74|PF21=214.42|PF22=217.17|PMC0=233.49|PMC12=265.33|PMC18=284.74|PMC19=288.25|PMC20=291.86|PMC21=295.56|PMC22=299.35|PMVG17=160.14|PMVG18=162.09|PMVG20=166.15
CMED;20260508;medicamento;506421110050106;;;CIMED INDUSTRIA S.A;RIVAROXABANA;15 MG COM REV CT BL AL PLAS PVC TRANS X 30;RIVAROXABANA;7896523201122;1438102750201;90526104;506421110050106;S;N;;180.92;249.38;;;;CMED_ICMS17;20260508;20;PF0=150.16|PF12=170.64|PF18=183.12|PF19=185.38|PF20=187.7|PF21=190.08|PF22=192.51|PMC0=206.98|PMC12=235.21|PMC18=252.41|PMC19=255.53|PMC20=258.72|PMC21=262.01|PMC22=265.35|PMVG17=141.97|PMVG18=143.69|PMVG20=147.29
CMED;20260508;medicamento;506421110050206;;;CIMED INDUSTRIA S.A;RIVAROXABANA;20 MG COM REV CT BL AL PLAS PVC TRANS X 30;RIVAROXABANA;7896523201139;1438102750368;90526112;506421110050206;S;N;;180.92;249.38;;;;CMED_ICMS17;20260508;20;PF0=150.16|PF12=170.64|PF18=183.12|PF19=185.38|PF20=187.7|PF21=190.08|PF22=192.51|PMC0=206.98|PMC12=235.21|PMC18=252.41|PMC19=255.53|PMC20=258.72|PMC21=262.01|PMC22=265.35|PMVG17=141.97|PMVG18=143.69|PMVG20=147.29
CMED;20260508;medicamento;506424010053606;;;CIMED INDUSTRIA S.A;RIVAROXABANA;10 MG COM REV CT BL AL PLAS PVC TRANS X 30;RIVAROXABANA;7896523228433;1438102750041;90579879;506424010053606;S;N;;204.01;281.21;;;;CMED_ICMS17;20260508;20;PF0=169.33|PF12=192.42|PF18=206.5|PF19=209.05|PF20=211.66|PF21=214.34|PF22=217.09|PMC0=233.4|PMC12=265.23|PMC18=284.64|PMC19=288.15|PMC20=291.75|PMC21=295.45|PMC22=299.24|PMVG17=160.09|PMVG18=162.04|PMVG20=166.09
CMED;20260508;medicamento;508022010147706;;;EUROFARMA LABORATORIOS S.A.;RIVAROXABANA;10 MG COM REV CT BL AL PLAS PVC/PVDC TRANS X 30;RIVAROXABANA;7891317017651;1004313610108;90523075;508022010147706;S;N;;204.01;281.21;;;;CMED_ICMS17;20260508;20;PF0=169.33|PF12=192.42|PF18=206.5|PF19=209.05|PF20=211.66|PF21=214.34|PF22=217.09|PMC0=233.4|PMC12=265.23|PMC18=284.64|PMC19=288.15|PMC20=291.75|PMC21=295.45|PMC22=299.24|PMVG17=160.09|PMVG18=162.04|PMVG20=166.09
CMED;20260508;medicamento;508022010147806;;;EUROFARMA LABORATORIOS S.A.;RIVAROXABANA;15 MG COM REV CT BL AL PLAS PVC/PVDC TRANS X 30;RIVAROXABANA;7891317017668;1004313610221;90523083;508022010147806;S;N;;190.43;262.49;;;;CMED_ICMS17;20260508;20;PF0=158.06|PF12=179.61|PF18=192.76|PF19=195.14|PF20=197.58|PF21=200.08|PF22=202.64|PMC0=217.87|PMC12=247.57|PMC18=265.7|PMC19=268.98|PMC20=272.34|PMC21=275.79|PMC22=279.32|PMVG17=149.43|PMVG18=151.26|PMVG20=155.04
CMED;20260508;medicamento;508022010147906;;;EUROFARMA LABORATORIOS S.A.;RIVAROXABANA;20 MG COM REV CT BL AL PLAS PVC/PVDC TRANS X 30;RIVAROXABANA;7891317017675;1004313610345;90523091;508022010147906;S;N;;190.43;262.49;;;;CMED_ICMS17;20260508;20;PF0=158.06|PF12=179.61|PF18=192.76|PF19=195.14|PF20=197.58|PF21=200.08|PF22=202.64|PMC0=217.87|PMC12=247.57|PMC18=265.7|PMC19=268.98|PMC20=272.34|PMC21=275.79|PMC22=279.32|PMVG17=149.43|PMVG18=151.26|PMVG20=155.04
CMED;20260508;medicamento;510426040196406;;;GEOLAB INDÚSTRIA FARMACÊUTICA S/A;RIVAROXABANA;20 MG COM REV CT BL AL PLAS PVC/PVDC TRANS X 30;RIVAROXABANA;7899095263376;1542303630151;;510426040196406;S;N;;112.8;155.48;;;;CMED_ICMS17;20260508;20;PF0=93.62|PF12=106.39|PF18=114.17|PF19=115.58|PF20=117.03|PF21=118.51|PF22=120.03|PMC0=129.05|PMC12=146.65|PMC18=157.37|PMC19=159.31|PMC20=161.31|PMC21=163.35|PMC22=165.45|PMVG17=88.51|PMVG18=89.59|PMVG20=91.83
CMED;20260508;medicamento;510426040196506;;;GEOLAB INDÚSTRIA FARMACÊUTICA S/A;RIVAROXABANA;10 MG COM REV CT BL AL PLAS PVC/PVDC TRANS X 30;RIVAROXABANA;7899095201392;1542303630038;;510426040196506;S;N;;112.8;155.48;;;;CMED_ICMS17;20260508;20;PF0=93.62|PF12=106.39|PF18=114.17|PF19=115.58|PF20=117.03|PF21=118.51|PF22=120.03|PMC0=129.05|PMC12=146.65|PMC18=157.37|PMC19=159.31|PMC20=161.31|PMC21=163.35|PMC22=165.45|PMVG17=88.51|PMVG18=89.59|PMVG20=91.83
CMED;20260508;medicamento;510426040196606;;;GEOLAB INDÚSTRIA FARMACÊUTICA S/A;RIVAROXABANA;15 MG COM REV CT BL AL PLAS PVC/PVDC TRANS X 30;RIVAROXABANA;7899095200074;1542303630097;;510426040196606;S;N;;112.8;155.48;;;;CMED_ICMS17;20260508;20;PF0=93.62|PF12=106.39|PF18=114.17|PF19=115.58|PF20=117.03|PF21=118.51|PF22=120.03|PMC0=129.05|PMC12=146.65|PMC18=157.37|PMC19=159.31|PMC20=161.31|PMC21=163.35|PMC22=165.45|PMVG17=88.51|PMVG18=89.59|PMVG20=91.83
CMED;20260508;medicamento;511523020078206;;;SANDOZ DO BRASIL INDÚSTRIA FARMACÊUTICA LTDA;RIVAROXABANA;10 MG COM REV CT BL AL PLAS PVC/PVDC TRANS X 30;RIVAROXABANA;7897595639400;1004706500057;90550870;511523020078206;S;N;;119.83;165.17;;;;CMED_ICMS17;20260508;20;PF0=99.46|PF12=113.02|PF18=121.29|PF19=122.79|PF20=124.33|PF21=125.9|PF22=127.51|PMC0=137.1|PMC12=155.79|PMC18=167.19|PMC19=169.25|PMC20=171.38|PMC21=173.54|PMC22=175.76|PMVG17=94.03|PMVG18=95.18|PMVG20=97.56
CMED;20260508;medicamento;511523020078306;;;SANDOZ DO BRASIL INDÚSTRIA FARMACÊUTICA LTDA;RIVAROXABANA;15 MG COM REV CT BL AL PLAS PVC/PVDC TRANS X 28;RIVAROXABANA;7897595639479;1004706500111;90550889;511523020078306;S;N;;119.83;165.17;;;;CMED_ICMS17;20260508;20;PF0=99.46|PF12=113.02|PF18=121.29|PF19=122.79|PF20=124.33|PF21=125.9|PF22=127.51|PMC0=137.1|PMC12=155.79|PMC18=167.19|PMC19=169.25|PMC20=171.38|PMC21=173.54|PMC22=175.76|PMVG17=94.03|PMVG18=95.18|PMVG20=97.56
CMED;20260508;medicamento;511523020078406;;;SANDOZ DO BRASIL INDÚSTRIA FARMACÊUTICA LTDA;RIVAROXABANA;20 MG COM REV CT BL AL PLAS PVC/PVDC TRANS X 28;RIVAROXABANA;7897595639561;1004706500197;90550897;511523020078406;S;N;;119.83;165.17;;;;CMED_ICMS17;20260508;20;PF0=99.46|PF12=113.02|PF18=121.29|PF19=122.79|PF20=124.33|PF21=125.9|PF22=127.51|PMC0=137.1|PMC12=155.79|PMC18=167.19|PMC19=169.25|PMC20=171.38|PMC21=173.54|PMC22=175.76|PMVG17=94.03|PMVG18=95.18|PMVG20=97.56
CMED;20260508;medicamento;517626030033606;;;LABORATORIO GLOBO SA;RIVAROXABANA;15 MG COM REV CT BL AL PLAS PVC/PVDC TRANS X 30;RIVAROXABANA;7899620917200;1053502390022;;517626030033606;S;N;;204.01;281.21;;;;CMED_ICMS17;20260508;20;PF0=169.33|PF12=192.42|PF18=206.5|PF19=209.05|PF20=211.66|PF21=214.34|PF22=217.09|PMC0=233.4|PMC12=265.23|PMC18=284.64|PMC19=288.15|PMC20=291.75|PMC21=295.45|PMC22=299.24|PMVG17=160.09|PMVG18=162.04|PMVG20=166.09
CMED;20260508;medicamento;517626030033706;;;LABORATORIO GLOBO SA;RIVAROXABANA;20 MG COM REV CT BL AL PLAS PVC/PVDC TRANS X 30;RIVAROXABANA;7899620917231;1053502390057;;517626030033706;S;N;;204.01;281.21;;;;CMED_ICMS17;20260508;20;PF0=169.33|PF12=192.42|PF18=206.5|PF19=209.05|PF20=211.66|PF21=214.34|PF22=217.09|PMC0=233.4|PMC12=265.23|PMC18=284.64|PMC19=288.15|PMC20=291.75|PMC21=295.45|PMC22=299.24|PMVG17=160.09|PMVG18=162.04|PMVG20=166.09
CMED;20260508;medicamento;525122110034406;;;MEDQUIMICA INDUSTRIA FARMACEUTICA LTDA.;RIVAROXABANA;15 MG COM REV CT BL AL PLAS PVC/PVDC TRANS X 30;RIVAROXABANA;7896862992804;1091701270021;90554019;525122110034406;S;N;;204.01;281.21;;;;CMED_ICMS17;20260508;20;PF0=169.33|PF12=192.42|PF18=206.5|PF19=209.05|PF20=211.66|PF21=214.34|PF22=217.09|PMC0=233.4|PMC12=265.23|PMC18=284.64|PMC19=288.15|PMC20=291.75|PMC21=295.45|PMC22=299.24|PMVG17=160.09|PMVG18=162.04|PMVG20=166.09
CMED;20260508;medicamento;525122110034506;;;MEDQUIMICA INDUSTRIA FARMACEUTICA LTDA.;RIVAROXABANA;20 MG COM REV CT BL AL PLAS PVC/PVDC TRANS X 30;RIVAROXABANA;7896862992835;1091701270054;90554027;525122110034506;S;N;;204.01;281.21;;;;CMED_ICMS17;20260508;20;PF0=169.33|PF12=192.42|PF18=206.5|PF19=209.05|PF20=211.66|PF21=214.34|PF22=217.09|PMC0=233.4|PMC12=265.23|PMC18=284.64|PMC19=288.15|PMC20=291.75|PMC21=295.45|PMC22=299.24|PMVG17=160.09|PMVG18=162.04|PMVG20=166.09
CMED;20260508;medicamento;526121060141406;;;GERMED FARMACEUTICA LTDA;RIVAROXABANA;10 MG COM REV CT BL AL PLAS PVDC OPC X 5;RIVAROXABANA;7896004779379;1058309310013;90514882;526121060141406;S;N;;34;46.87;;;;CMED_ICMS17;20260508;20;PF0=28.22|PF12=32.07|PF18=34.41|PF19=34.84|PF20=35.28|PF21=35.72|PF22=36.18|PMC0=38.9|PMC12=44.21|PMC18=47.43|PMC19=48.02|PMC20=48.63|PMC21=49.24|PMC22=49.87|PMVG17=26.68|PMVG18=27|PMVG20=27.69
CMED;20260508;medicamento;526121060141506;;;GERMED FARMACEUTICA LTDA;RIVAROXABANA;10 MG COM REV CT BL AL PLAS PVDC OPC X 10;RIVAROXABANA;7896004779386;1058309310021;90514890;526121060141506;S;N;;68.02;93.76;;;;CMED_ICMS17;20260508;20;PF0=56.46|PF12=64.16|PF18=68.85|PF19=69.7|PF20=70.58|PF21=71.47|PF22=72.38|PMC0=77.82|PMC12=88.44|PMC18=94.9|PMC19=96.07|PMC20=97.29|PMC21=98.51|PMC22=99.77|PMVG17=53.38|PMVG18=54.03|PMVG20=55.39
CMED;20260508;medicamento;526121060141606;;;GERMED FARMACEUTICA LTDA;RIVAROXABANA;10 MG COM REV CT BL AL PLAS PVDC OPC X 30;RIVAROXABANA;7896004779393;1058309310031;90514904;526121060141606;S;N;;204.01;281.21;;;;CMED_ICMS17;20260508;20;PF0=169.33|PF12=192.42|PF18=206.5|PF19=209.05|PF20=211.66|PF21=214.34|PF22=217.09|PMC0=233.4|PMC12=265.23|PMC18=284.64|PMC19=288.15|PMC20=291.75|PMC21=295.45|PMC22=299.24|PMVG17=160.09|PMVG18=162.04|PMVG20=166.09
CMED;20260508;medicamento;526121060141706;;;GERMED FARMACEUTICA LTDA;RIVAROXABANA;15 MG COM REV CT BL AL PLAS PVDC OPC X 14;RIVAROXABANA;7896004779409;1058309310064;90514912;526121060141706;S;N;;95.2;131.22;;;;CMED_ICMS17;20260508;20;PF0=79.02|PF12=89.8|PF18=96.37|PF19=97.56|PF20=98.78|PF21=100.03|PF22=101.31|PMC0=108.92|PMC12=123.78|PMC18=132.84|PMC19=134.48|PMC20=136.16|PMC21=137.88|PMC22=139.65|PMVG17=74.7|PMVG18=75.62|PMVG20=77.51
CMED;20260508;medicamento;526121060141806;;;GERMED FARMACEUTICA LTDA;RIVAROXABANA;15 MG COM REV CT BL AL PLAS PVDC OPC X 28;RIVAROXABANA;7896004779416;1058309310072;90514920;526121060141806;S;N;;190.42;262.47;;;;CMED_ICMS17;20260508;20;PF0=158.05|PF12=179.6|PF18=192.74|PF19=195.12|PF20=197.56|PF21=200.06|PF22=202.63|PMC0=217.86|PMC12=247.56|PMC18=265.67|PMC19=268.95|PMC20=272.32|PMC21=275.76|PMC22=279.3|PMVG17=149.42|PMVG18=151.24|PMVG20=155.02
CMED;20260508;medicamento;526121060141906;;;GERMED FARMACEUTICA LTDA;RIVAROXABANA;15 MG COM REV CT BL AL PLAS PVDC OPC X 42;RIVAROXABANA;7896004779423;1058309310080;90514939;526121060141906;S;N;;285.63;393.71;;;;CMED_ICMS17;20260508;20;PF0=237.07|PF12=269.4|PF18=289.11|PF19=292.68|PF20=296.34|PF21=300.09|PF22=303.94|PMC0=326.78|PMC12=371.34|PMC18=398.51|PMC19=403.43|PMC20=408.47|PMC21=413.64|PMC22=418.95|PMVG17=224.13|PMVG18=226.86|PMVG20=232.54
CMED;20260508;medicamento;526121060142006;;;GERMED FARMACEUTICA LTDA;RIVAROXABANA;20 MG COM REV CT BL AL PLAS PVDC OPC X 14;RIVAROXABANA;7896004779430;1058309310110;90514947;526121060142006;S;N;;95.2;131.22;;;;CMED_ICMS17;20260508;20;PF0=79.02|PF12=89.8|PF18=96.37|PF19=97.56|PF20=98.78|PF21=100.03|PF22=101.31|PMC0=108.92|PMC12=123.78|PMC18=132.84|PMC19=134.48|PMC20=136.16|PMC21=137.88|PMC22=139.65|PMVG17=74.7|PMVG18=75.62|PMVG20=77.51
CMED;20260508;medicamento;526121060142106;;;GERMED FARMACEUTICA LTDA;RIVAROXABANA;20 MG COM REV CT BL AL PLAS PVDC OPC X 28;RIVAROXABANA;7896004779447;1058309310129;90514955;526121060142106;S;N;;190.42;262.47;;;;CMED_ICMS17;20260508;20;PF0=158.05|PF12=179.6|PF18=192.74|PF19=195.12|PF20=197.56|PF21=200.06|PF22=202.63|PMC0=217.86|PMC12=247.56|PMC18=265.67|PMC19=268.95|PMC20=272.32|PMC21=275.76|PMC22=279.3|PMVG17=149.42|PMVG18=151.24|PMVG20=155.02
CMED;20260508;medicamento;526121060142206;;;GERMED FARMACEUTICA LTDA;RIVAROXABANA;20 MG COM REV CT BL AL PLAS PVDC OPC X 42;RIVAROXABANA;7896004779454;1058309310137;90514963;526121060142206;S;N;;285.63;393.71;;;;CMED_ICMS17;20260508;20;PF0=237.07|PF12=269.4|PF18=289.11|PF19=292.68|PF20=296.34|PF21=300.09|PF22=303.94|PMC0=326.78|PMC12=371.34|PMC18=398.51|PMC19=403.43|PMC20=408.47|PMC21=413.64|PMC22=418.95|PMVG17=224.13|PMVG18=226.86|PMVG20=232.54
CMED;20260508;medicamento;526121110144606;;;GERMED FARMACEUTICA LTDA;RIVAROXABANA;15 MG COM REV CT BL AL PLAS PVDC OPC X 30;RIVAROXABANA;7896004759289;1058309310161;90524969;526121110144606;S;N;;204.01;281.21;;;;CMED_ICMS17;20260508;20;PF0=169.33|PF12=192.42|PF18=206.5|PF19=209.05|PF20=211.66|PF21=214.34|PF22=217.09|PMC0=233.4|PMC12=265.23|PMC18=284.64|PMC19=288.15|PMC20=291.75|PMC21=295.45|PMC22=299.24|PMVG17=160.09|PMVG18=162.04|PMVG20=166.09
CMED;20260508;medicamento;526121110144706;;;GERMED FARMACEUTICA LTDA;RIVAROXABANA;20 MG COM REV CT BL AL PLAS PVDC OPC X 15;RIVAROXABANA;7896004780696;1058309310171;90524977;526121110144706;S;N;;102.02;140.62;;;;CMED_ICMS17;20260508;20;PF0=84.68|PF12=96.23|PF18=103.27|PF19=104.54|PF20=105.85|PF21=107.19|PF22=108.56|PMC0=116.72|PMC12=132.64|PMC18=142.35|PMC19=144.1|PMC20=145.9|PMC21=147.75|PMC22=149.64|PMVG17=80.06|PMVG18=81.04|PMVG20=83.06
CMED;20260508;medicamento;526121110144806;;;GERMED FARMACEUTICA LTDA;RIVAROXABANA;20 MG COM REV CT BL AL PLAS PVDC OPC X 30;RIVAROXABANA;7896004759296;1058309310188;90524985;526121110144806;S;N;;204.01;281.21;;;;CMED_ICMS17;20260508;20;PF0=169.33|PF12=192.42|PF18=206.5|PF19=209.05|PF20=211.66|PF21=214.34|PF22=217.09|PMC0=233.4|PMC12=265.23|PMC18=284.64|PMC19=288.15|PMC20=291.75|PMC21=295.45|PMC22=299.24|PMVG17=160.09|PMVG18=162.04|PMVG20=166.09
CMED;20260508;medicamento;526121110144906;;;GERMED FARMACEUTICA LTDA;RIVAROXABANA;20 MG COM REV CT BL AL PLAS PVDC OPC X 60;RIVAROXABANA;7896004780719;1058309310196;90524993;526121110144906;S;N;;408.05;562.45;;;;CMED_ICMS17;20260508;20;PF0=338.68|PF12=384.86|PF18=413.02|PF19=418.12|PF20=423.35|PF21=428.71|PF22=434.21|PMC0=466.84|PMC12=530.49|PMC18=569.31|PMC19=576.33|PMC20=583.54|PMC21=590.93|PMC22=598.51|PMVG17=320.2|PMVG18=324.1|PMVG20=332.2
CMED;20260508;medicamento;526123080171206;;;GERMED FARMACEUTICA LTDA;RIVAROXABANA;2,5 MG COM REV CT BL AL PLAS PVC/PVDC OPC X 15;RIVAROXABANA;7896004820668;1058309310201;90567838;526123080171206;S;N;;51.02;70.33;;;;CMED_ICMS17;20260508;20;PF0=42.35|PF12=48.13|PF18=51.65|PF19=52.28|PF20=52.94|PF21=53.61|PF22=54.29|PMC0=58.38|PMC12=66.34|PMC18=71.19|PMC19=72.06|PMC20=72.97|PMC21=73.9|PMC22=74.83|PMVG17=40.04|PMVG18=40.53|PMVG20=41.54
CMED;20260508;medicamento;526123080171306;;;GERMED FARMACEUTICA LTDA;RIVAROXABANA;2,5 MG COM REV CT BL AL PLAS PVC/PVDC OPC X 30;RIVAROXABANA;7896004820675;1058309310218;90567846;526123080171306;S;N;;102.06;140.68;;;;CMED_ICMS17;20260508;20;PF0=84.71|PF12=96.26|PF18=103.3|PF19=104.58|PF20=105.89|PF21=107.23|PF22=108.6|PMC0=116.76|PMC12=132.68|PMC18=142.39|PMC19=144.15|PMC20=145.96|PMC21=147.81|PMC22=149.69|PMVG17=80.09|PMVG18=81.06|PMVG20=83.09
CMED;20260508;medicamento;526123080171406;;;GERMED FARMACEUTICA LTDA;RIVAROXABANA;2,5 MG COM REV CT BL AL PLAS PVC/PVDC OPC X 60;RIVAROXABANA;7896004820682;1058309310226;90567854;526123080171406;S;N;;204.07;281.29;;;;CMED_ICMS17;20260508;20;PF0=169.38|PF12=192.48|PF18=206.56|PF19=209.11|PF20=211.73|PF21=214.41|PF22=217.15|PMC0=233.47|PMC12=265.31|PMC18=284.72|PMC19=288.24|PMC20=291.85|PMC21=295.54|PMC22=299.32|PMVG17=160.13|PMVG18=162.09|PMVG20=166.15
CMED;20260508;medicamento;526123080171506;;;GERMED FARMACEUTICA LTDA;RIVAROXABANA;2,5 MG COM REV CT BL AL PLAS PVC/PVDC OPC X 90;RIVAROXABANA;7896004820699;1058309310234;90567862;526123080171506;S;N;;306.14;421.98;;;;CMED_ICMS17;20260508;20;PF0=254.1|PF12=288.75|PF18=309.88|PF19=313.7|PF20=317.63|PF21=321.65|PF22=325.77|PMC0=350.25|PMC12=398.01|PMC18=427.14|PMC19=432.4|PMC20=437.82|PMC21=443.36|PMC22=449.04|PMVG17=240.23|PMVG18=243.16|PMVG20=249.25
CMED;20260508;medicamento;527922020039706;;;PHARLAB INDÚSTRIA FARMACÊUTICA S.A.;RIVAROXABANA;15 MG COM REV CT BL AL PLAS PVC/PE/PVDC TRANS X 30;RIVAROXABANA;7898216363568;1410706380061;90529898;527922020039706;S;N;;204.01;281.21;;;;CMED_ICMS17;20260508;20;PF0=169.33|PF12=192.42|PF18=206.5|PF19=209.05|PF20=211.66|PF21=214.34|PF22=217.09|PMC0=233.4|PMC12=265.23|PMC18=284.64|PMC19=288.15|PMC20=291.75|PMC21=295.45|PMC22=299.24|PMVG17=160.09|PMVG18=162.04|PMVG20=166.09
CMED;20260508;medicamento;527922020039806;;;PHARLAB INDÚSTRIA FARMACÊUTICA S.A.;RIVAROXABANA;10 MG COM REV CT BL AL PLAS PVC/PE/PVDC TRANS X 30;RIVAROXABANA;7898216363537;1410706380027;90529880;527922020039806;S;N;;204.01;281.21;;;;CMED_ICMS17;20260508;20;PF0=169.33|PF12=192.42|PF18=206.5|PF19=209.05|PF20=211.66|PF21=214.34|PF22=217.09|PMC0=233.4|PMC12=265.23|PMC18=284.64|PMC19=288.15|PMC20=291.75|PMC21=295.45|PMC22=299.24|PMVG17=160.09|PMVG18=162.04|PMVG20=166.09
CMED;20260508;medicamento;527922030039906;;;PHARLAB INDÚSTRIA FARMACÊUTICA S.A.;RIVAROXABANA;20 MG COM REV CT BL AL PLAS PVC/PE/PVDC TRANS X 30;RIVAROXABANA;7898216363605;1410706380108;90531574;527922030039906;S;N;;204.01;281.21;;;;CMED_ICMS17;20260508;20;PF0=169.33|PF12=192.42|PF18=206.5|PF19=209.05|PF20=211.66|PF21=214.34|PF22=217.09|PMC0=233.4|PMC12=265.23|PMC18=284.64|PMC19=288.15|PMC20=291.75|PMC21=295.45|PMC22=299.24|PMVG17=160.09|PMVG18=162.04|PMVG20=166.09
CMED;20260508;medicamento;528524050192606;;;PRATI DONADUZZI & CIA LTDA;RIVAROXABANA;10 MG COM REV CT BL AL PLAS PVC/PVDC TRANS X 14;RIVAROXABANA;7899547536751;1256803360022;90587588;528524050192606;S;N;;95.23;131.26;;;;CMED_ICMS17;20260508;20;PF0=79.04|PF12=89.82|PF18=96.39|PF19=97.58|PF20=98.8|PF21=100.05|PF22=101.33|PMC0=108.95|PMC12=123.81|PMC18=132.86|PMC19=134.5|PMC20=136.19|PMC21=137.91|PMC22=139.67|PMVG17=74.73|PMVG18=75.64|PMVG20=77.53
CMED;20260508;medicamento;528524050192706;;;PRATI DONADUZZI & CIA LTDA;RIVAROXABANA;10 MG COM REV CT BL AL PLAS PVC/PVDC TRANS X 30;RIVAROXABANA;7899547536775;1256803360049;90587600;528524050192706;S;N;;204.05;281.26;;;;CMED_ICMS17;20260508;20;PF0=169.36|PF12=192.45|PF18=206.54|PF19=209.09|PF20=211.7|PF21=214.38|PF22=217.13|PMC0=233.45|PMC12=265.27|PMC18=284.69|PMC19=288.21|PMC20=291.81|PMC21=295.5|PMC22=299.29|PMVG17=160.12|PMVG18=162.07|PMVG20=166.12
CMED;20260508;medicamento;528524050192806;;;PRATI DONADUZZI & CIA LTDA;RIVAROXABANA;10 MG COM REV CT BL AL PLAS PVC/PVDC TRANS X 60;RIVAROXABANA;7899547536782;1256803360057;90587618;528524050192806;S;N;;408.13;562.56;;;;CMED_ICMS17;20260508;20;PF0=338.75|PF12=384.94|PF18=413.11|PF19=418.21|PF20=423.44|PF21=428.8|PF22=434.29|PMC0=466.93|PMC12=530.6|PMC18=569.43|PMC19=576.46|PMC20=583.67|PMC21=591.06|PMC22=598.62|PMVG17=320.26|PMVG18=324.17|PMVG20=332.27
CMED;20260508;medicamento;528524050192906;;;PRATI DONADUZZI & CIA LTDA;RIVAROXABANA;15 MG COM REV CT BL AL PLAS PVC/PVDC TRANS X 14;RIVAROXABANA;7899547536805;1256803360073;90587634;528524050192906;S;N;;95.2;131.22;;;;CMED_ICMS17;20260508;20;PF0=79.02|PF12=89.8|PF18=96.37|PF19=97.56|PF20=98.78|PF21=100.03|PF22=101.31|PMC0=108.92|PMC12=123.78|PMC18=132.84|PMC19=134.48|PMC20=136.16|PMC21=137.88|PMC22=139.65|PMVG17=74.7|PMVG18=75.62|PMVG20=77.51
CMED;20260508;medicamento;528524050193006;;;PRATI DONADUZZI & CIA LTDA;RIVAROXABANA;15 MG COM REV CT BL AL PLAS PVC/PVDC TRANS X 28;RIVAROXABANA;7899547536812;1256803360081;90587642;528524050193006;S;N;;190.42;262.47;;;;CMED_ICMS17;20260508;20;PF0=158.05|PF12=179.6|PF18=192.74|PF19=195.12|PF20=197.56|PF21=200.06|PF22=202.63|PMC0=217.86|PMC12=247.56|PMC18=265.67|PMC19=268.95|PMC20=272.32|PMC21=275.76|PMC22=279.3|PMVG17=149.42|PMVG18=151.24|PMVG20=155.02
CMED;20260508;medicamento;528524050193106;;;PRATI DONADUZZI & CIA LTDA;RIVAROXABANA;15 MG COM REV CT BL AL PLAS PVC/PVDC TRANS X 60;RIVAROXABANA;7899547536836;1256803360103;90587669;528524050193106;S;N;;408.05;562.45;;;;CMED_ICMS17;20260508;20;PF0=338.68|PF12=384.86|PF18=413.02|PF19=418.12|PF20=423.35|PF21=428.71|PF22=434.21|PMC0=466.84|PMC12=530.49|PMC18=569.31|PMC19=576.33|PMC20=583.54|PMC21=590.93|PMC22=598.51|PMVG17=320.2|PMVG18=324.1|PMVG20=332.2
CMED;20260508;medicamento;528524050193206;;;PRATI DONADUZZI & CIA LTDA;RIVAROXABANA;20 MG COM REV CT BL AL PLAS PVC/PVDC TRANS X 14;RIVAROXABANA;7899547536850;1256803360121;90587685;528524050193206;S;N;;95.23;131.26;;;;CMED_ICMS17;20260508;20;PF0=79.04|PF12=89.82|PF18=96.39|PF19=97.58|PF20=98.8|PF21=100.05|PF22=101.33|PMC0=108.95|PMC12=123.81|PMC18=132.86|PMC19=134.5|PMC20=136.19|PMC21=137.91|PMC22=139.67|PMVG17=74.73|PMVG18=75.64|PMVG20=77.53
CMED;20260508;medicamento;528524050193306;;;PRATI DONADUZZI & CIA LTDA;RIVAROXABANA;20 MG COM REV CT BL AL PLAS PVC/PVDC TRANS X 28;RIVAROXABANA;7899547536867;1256803360138;90587693;528524050193306;S;N;;190.45;262.52;;;;CMED_ICMS17;20260508;20;PF0=158.07|PF12=179.63|PF18=192.77|PF19=195.15|PF20=197.59|PF21=200.09|PF22=202.65|PMC0=217.88|PMC12=247.6|PMC18=265.71|PMC19=268.99|PMC20=272.36|PMC21=275.8|PMC22=279.33|PMVG17=149.45|PMVG18=151.27|PMVG20=155.05
CMED;20260508;medicamento;528524050193406;;;PRATI DONADUZZI & CIA LTDA;RIVAROXABANA;15 MG COM REV CT BL AL PLAS PVC/PVDC TRANS X 10;RIVAROXABANA;7899547536799;1256803360065;90587626;528524050193406;S;N;;68.01;93.74;;;;CMED_ICMS17;20260508;20;PF0=56.45|PF12=64.15|PF18=68.84|PF19=69.69|PF20=70.56|PF21=71.46|PF22=72.37|PMC0=77.81|PMC12=88.42|PMC18=94.89|PMC19=96.06|PMC20=97.26|PMC21=98.5|PMC22=99.75|PMVG17=53.37|PMVG18=54.02|PMVG20=55.37
CMED;20260508;medicamento;528524050193506;;;PRATI DONADUZZI & CIA LTDA;RIVAROXABANA;15 MG COM REV CT BL AL PLAS PVC/PVDC TRANS X 30;RIVAROXABANA;7899547536829;1256803360091;90587650;528524050193506;S;N;;204.01;281.21;;;;CMED_ICMS17;20260508;20;PF0=169.33|PF12=192.42|PF18=206.5|PF19=209.05|PF20=211.66|PF21=214.34|PF22=217.09|PMC0=233.4|PMC12=265.23|PMC18=284.64|PMC19=288.15|PMC20=291.75|PMC21=295.45|PMC22=299.24|PMVG17=160.09|PMVG18=162.04|PMVG20=166.09
CMED;20260508;medicamento;528524050193606;;;PRATI DONADUZZI & CIA LTDA;RIVAROXABANA;20 MG COM REV CT BL AL PLAS PVC/PVDC TRANS X 10;RIVAROXABANA;7899547536843;1256803360111;90587677;528524050193606;S;N;;68.02;93.76;;;;CMED_ICMS17;20260508;20;PF0=56.46|PF12=64.16|PF18=68.85|PF19=69.7|PF20=70.58|PF21=71.47|PF22=72.38|PMC0=77.82|PMC12=88.44|PMC18=94.9|PMC19=96.07|PMC20=97.29|PMC21=98.51|PMC22=99.77|PMVG17=53.38|PMVG18=54.03|PMVG20=55.39
CMED;20260508;medicamento;528524050193706;;;PRATI DONADUZZI & CIA LTDA;RIVAROXABANA;20 MG COM REV CT BL AL PLAS PVC/PVDC TRANS X 30;RIVAROXABANA;7899547536874;1256803360146;90587707;528524050193706;S;N;;204.05;281.26;;;;CMED_ICMS17;20260508;20;PF0=169.36|PF12=192.45|PF18=206.54|PF19=209.09|PF20=211.7|PF21=214.38|PF22=217.13|PMC0=233.45|PMC12=265.27|PMC18=284.69|PMC19=288.21|PMC20=291.81|PMC21=295.5|PMC22=299.29|PMVG17=160.12|PMVG18=162.07|PMVG20=166.12
CMED;20260508;medicamento;528524050193806;;;PRATI DONADUZZI & CIA LTDA;RIVAROXABANA;20 MG COM REV CT BL AL PLAS PVC/PVDC TRANS X 60;RIVAROXABANA;7899547536881;1256803360154;90587715;528524050193806;S;N;;408.13;562.56;;;;CMED_ICMS17;20260508;20;PF0=338.75|PF12=384.94|PF18=413.11|PF19=418.21|PF20=423.44|PF21=428.8|PF22=434.29|PMC0=466.93|PMC12=530.6|PMC18=569.43|PMC19=576.46|PMC20=583.67|PMC21=591.06|PMC22=598.62|PMVG17=320.26|PMVG18=324.17|PMVG20=332.27
CMED;20260508;medicamento;528524050193906;;;PRATI DONADUZZI & CIA LTDA;RIVAROXABANA;10 MG COM REV CT BL AL PLAS PVC/PVDC TRANS X 28;RIVAROXABANA;7899547536768;1256803360030;90587596;528524050193906;S;N;;190.45;262.52;;;;CMED_ICMS17;20260508;20;PF0=158.07|PF12=179.63|PF18=192.77|PF19=195.15|PF20=197.59|PF21=200.09|PF22=202.65|PMC0=217.88|PMC12=247.6|PMC18=265.71|PMC19=268.99|PMC20=272.36|PMC21=275.8|PMC22=279.33|PMVG17=149.45|PMVG18=151.27|PMVG20=155.05
CMED;20260508;medicamento;528524050194006;;;PRATI DONADUZZI & CIA LTDA;RIVAROXABANA;10 MG COM REV CT BL AL PLAS PVC/PVDC TRANS X 10;RIVAROXABANA;7899547536744;1256803360014;90587570;528524050194006;S;N;;68.02;93.76;;;;CMED_ICMS17;20260508;20;PF0=56.46|PF12=64.16|PF18=68.85|PF19=69.7|PF20=70.58|PF21=71.47|PF22=72.38|PMC0=77.82|PMC12=88.44|PMC18=94.9|PMC19=96.07|PMC20=97.29|PMC21=98.51|PMC22=99.77|PMVG17=53.38|PMVG18=54.03|PMVG20=55.39
CMED;20260508;medicamento;532721010041307;;;TORRENT DO BRASIL LTDA;RIVAROXABANA;15 MG COM REV CT BL AL AL X 30;RIVAROXABANA;8903855077789;1052500800071;90502892;532721010041307;S;N;;195.33;269.24;;;;CMED_ICMS17;20260508;20;PF0=162.12|PF12=184.23|PF18=197.71|PF19=200.15|PF20=202.65|PF21=205.22|PF22=207.85|PMC0=223.47|PMC12=253.94|PMC18=272.52|PMC19=275.89|PMC20=279.33|PMC21=282.87|PMC22=286.5|PMVG17=153.28|PMVG18=155.14|PMVG20=159.02
CMED;20260508;medicamento;532721010041707;;;TORRENT DO BRASIL LTDA;RIVAROXABANA;20 MG COM REV CT BL AL AL X 30;RIVAROXABANA;8903855077796;1052500800111;90502930;532721010041707;S;N;;195.33;269.24;;;;CMED_ICMS17;20260508;20;PF0=162.12|PF12=184.23|PF18=197.71|PF19=200.15|PF20=202.65|PF21=205.22|PF22=207.85|PMC0=223.47|PMC12=253.94|PMC18=272.52|PMC19=275.89|PMC20=279.33|PMC21=282.87|PMC22=286.5|PMVG17=153.28|PMVG18=155.14|PMVG20=159.02
CMED;20260508;medicamento;532721010042007;;;TORRENT DO BRASIL LTDA;RIVAROXABANA;10 MG COM REV CT BL AL AL X 30;RIVAROXABANA;8903855077772;1052500800039;90502965;532721010042007;S;N;;195.33;269.24;;;;CMED_ICMS17;20260508;20;PF0=162.12|PF12=184.23|PF18=197.71|PF19=200.15|PF20=202.65|PF21=205.22|PF22=207.85|PMC0=223.47|PMC12=253.94|PMC18=272.52|PMC19=275.89|PMC20=279.33|PMC21=282.87|PMC22=286.5|PMVG17=153.28|PMVG18=155.14|PMVG20=159.02
CMED;20260508;medicamento;533022080080406;;;UNIÃO QUÍMICA FARMACÊUTICA NACIONAL S/A;RIVAROXABANA;20 MG COM REV CT BL AL PLAS PVC/PVDC TRANS X 30;RIVAROXABANA;7896006221081;1049714990173;90544234;533022080080406;S;N;;204;281.19;;;;CMED_ICMS17;20260508;20;PF0=169.32|PF12=192.41|PF18=206.49|PF19=209.04|PF20=211.65|PF21=214.33|PF22=217.08|PMC0=233.39|PMC12=265.22|PMC18=284.62|PMC19=288.14|PMC20=291.74|PMC21=295.43|PMC22=299.22|PMVG17=160.08|PMVG18=162.03|PMVG20=166.08
CMED;20260508;medicamento;533022080080506;;;UNIÃO QUÍMICA FARMACÊUTICA NACIONAL S/A;RIVAROXABANA;10 MG COM REV CT BL AL PLAS PVC/PVDC TRANS X 30;RIVAROXABANA;7896006221067;1049714990041;90544218;533022080080506;S;N;;208.31;287.13;;;;CMED_ICMS17;20260508;20;PF0=172.9|PF12=196.48|PF18=210.85|PF19=213.46|PF20=216.13|PF21=218.86|PF22=221.67|PMC0=238.32|PMC12=270.83|PMC18=290.63|PMC19=294.23|PMC20=297.91|PMC21=301.68|PMC22=305.55|PMVG17=163.46|PMVG18=165.45|PMVG20=169.6
CMED;20260508;medicamento;533022080080606;;;UNIÃO QUÍMICA FARMACÊUTICA NACIONAL S/A;RIVAROXABANA;15 MG COM REV CT BL AL PLAS PVC/PVDC TRANS X 30;RIVAROXABANA;7896006221074;1049714990106;90544226;533022080080606;S;N;;204;281.19;;;;CMED_ICMS17;20260508;20;PF0=169.32|PF12=192.41|PF18=206.49|PF19=209.04|PF20=211.65|PF21=214.33|PF22=217.08|PMC0=233.39|PMC12=265.22|PMC18=284.62|PMC19=288.14|PMC20=291.74|PMC21=295.43|PMC22=299.22|PMVG17=160.08|PMVG18=162.03|PMVG20=166.08
CMED;20260508;medicamento;538022020040706;;;ACCORD FARMACÊUTICA LTDA;RIVAROXABANA;10 MG COM REV CT BL AL PLAS PVC TRANS X 28;RIVAROXABANA;7898577811548;1553701020022;90530292;538022020040706;S;N;;190.41;262.46;;;;CMED_ICMS17;20260508;20;PF0=158.04|PF12=179.59|PF18=192.73|PF19=195.11|PF20=197.55|PF21=200.05|PF22=202.62|PMC0=217.84|PMC12=247.55|PMC18=265.66|PMC19=268.94|PMC20=272.3|PMC21=275.75|PMC22=279.29|PMVG17=149.41|PMVG18=151.23|PMVG20=155.02
CMED;20260508;medicamento;538022020040806;;;ACCORD FARMACÊUTICA LTDA;RIVAROXABANA;10 MG COM REV CT BL AL PLAS PVC TRANS X 42;RIVAROXABANA;7898577811555;1553701020030;90530306;538022020040806;S;N;;285.63;393.71;;;;CMED_ICMS17;20260508;20;PF0=237.07|PF12=269.4|PF18=289.11|PF19=292.68|PF20=296.34|PF21=300.09|PF22=303.94|PMC0=326.78|PMC12=371.34|PMC18=398.51|PMC19=403.43|PMC20=408.47|PMC21=413.64|PMC22=418.95|PMVG17=224.13|PMVG18=226.86|PMVG20=232.54
CMED;20260508;medicamento;538022020041006;;;ACCORD FARMACÊUTICA LTDA;RIVAROXABANA;10 MG COM REV CT BL AL PLAS PVC TRANS X 14;RIVAROXABANA;7898577811531;1553701020014;90530284;538022020041006;S;N;;95.2;131.22;;;;CMED_ICMS17;20260508;20;PF0=79.02|PF12=89.8|PF18=96.37|PF19=97.56|PF20=98.78|PF21=100.03|PF22=101.31|PMC0=108.92|PMC12=123.78|PMC18=132.84|PMC19=134.48|PMC20=136.16|PMC21=137.88|PMC22=139.65|PMVG17=74.7|PMVG18=75.62|PMVG20=77.51
CMED;20260508;medicamento;538022020041106;;;ACCORD FARMACÊUTICA LTDA;RIVAROXABANA;15 MG COM REV CT BL AL PLAS PVC TRANS X 42;RIVAROXABANA;7898577811593;1553701020073;90530349;538022020041106;S;N;;285.63;393.71;;;;CMED_ICMS17;20260508;20;PF0=237.07|PF12=269.4|PF18=289.11|PF19=292.68|PF20=296.34|PF21=300.09|PF22=303.94|PMC0=326.78|PMC12=371.34|PMC18=398.51|PMC19=403.43|PMC20=408.47|PMC21=413.64|PMC22=418.95|PMVG17=224.13|PMVG18=226.86|PMVG20=232.54
CMED;20260508;medicamento;538022020041206;;;ACCORD FARMACÊUTICA LTDA;RIVAROXABANA;20 MG COM REV CT BL AL PLAS PVC TRANS X 14;RIVAROXABANA;7898577811616;1553701020091;90530365;538022020041206;S;N;;95.2;131.22;;;;CMED_ICMS17;20260508;20;PF0=79.02|PF12=89.8|PF18=96.37|PF19=97.56|PF20=98.78|PF21=100.03|PF22=101.31|PMC0=108.92|PMC12=123.78|PMC18=132.84|PMC19=134.48|PMC20=136.16|PMC21=137.88|PMC22=139.65|PMVG17=74.7|PMVG18=75.62|PMVG20=77.51
CMED;20260508;medicamento;538022020041306;;;ACCORD FARMACÊUTICA LTDA;RIVAROXABANA;20 MG COM REV CT BL AL PLAS PVC TRANS X 28;RIVAROXABANA;7898577811623;1553701020103;90530373;538022020041306;S;N;;190.41;262.46;;;;CMED_ICMS17;20260508;20;PF0=158.04|PF12=179.59|PF18=192.73|PF19=195.11|PF20=197.55|PF21=200.05|PF22=202.62|PMC0=217.84|PMC12=247.55|PMC18=265.66|PMC19=268.94|PMC20=272.3|PMC21=275.75|PMC22=279.29|PMVG17=149.41|PMVG18=151.23|PMVG20=155.02
CMED;20260508;medicamento;538022020041506;;;ACCORD FARMACÊUTICA LTDA;RIVAROXABANA;15 MG COM REV CT BL AL PLAS PVC TRANS X 28;RIVAROXABANA;7898577811586;1553701020065;90530330;538022020041506;S;N;;190.41;262.46;;;;CMED_ICMS17;20260508;20;PF0=158.04|PF12=179.59|PF18=192.73|PF19=195.11|PF20=197.55|PF21=200.05|PF22=202.62|PMC0=217.84|PMC12=247.55|PMC18=265.66|PMC19=268.94|PMC20=272.3|PMC21=275.75|PMC22=279.29|PMVG17=149.41|PMVG18=151.23|PMVG20=155.02
CMED;20260508;medicamento;538022020041706;;;ACCORD FARMACÊUTICA LTDA;RIVAROXABANA;20 MG COM REV CT BL AL PLAS PVC TRANS X 42;RIVAROXABANA;7898577811630;1553701020111;90530381;538022020041706;S;N;;285.63;393.71;;;;CMED_ICMS17;20260508;20;PF0=237.07|PF12=269.4|PF18=289.11|PF19=292.68|PF20=296.34|PF21=300.09|PF22=303.94|PMC0=326.78|PMC12=371.34|PMC18=398.51|PMC19=403.43|PMC20=408.47|PMC21=413.64|PMC22=418.95|PMVG17=224.13|PMVG18=226.86|PMVG20=232.54
CMED;20260508;medicamento;538022020041806;;;ACCORD FARMACÊUTICA LTDA;RIVAROXABANA;20 MG COM REV CT BL AL PLAS PVC TRANS X 98;RIVAROXABANA;7898577811647;1553701020121;90530390;538022020041806;S;N;;666.45;918.63;;;;CMED_ICMS17;20260508;20;PF0=553.15|PF12=628.58|PF18=674.57|PF19=682.9|PF20=691.44|PF21=700.19|PF22=709.17|PMC0=762.46|PMC12=866.43|PMC18=929.82|PMC19=941.31|PMC20=953.08|PMC21=965.14|PMC22=977.52|PMVG17=522.96|PMVG18=529.33|PMVG20=542.57
CMED;20260508;medicamento;538819040065806;;;LEGRAND PHARMA INDUSTRIA FARMACEUTICA LTDA;RIVAROXABANA;10 MG COM REV CT BL AL PLAS PVDC OPC X 5;RIVAROXABANA;7894916340786;1677305940017;90429990;538819040065806;S;N;;34;46.87;;;;CMED_ICMS17;20260508;20;PF0=28.22|PF12=32.07|PF18=34.41|PF19=34.84|PF20=35.28|PF21=35.72|PF22=36.18|PMC0=38.9|PMC12=44.21|PMC18=47.43|PMC19=48.02|PMC20=48.63|PMC21=49.24|PMC22=49.87|PMVG17=26.68|PMVG18=27|PMVG20=27.69
CMED;20260508;medicamento;538819040065906;;;LEGRAND PHARMA INDUSTRIA FARMACEUTICA LTDA;RIVAROXABANA;10 MG COM REV CT BL AL PLAS PVDC OPC X 10;RIVAROXABANA;7894916340793;1677305940025;90430000;538819040065906;S;N;;67.99;93.72;;;;CMED_ICMS17;20260508;20;PF0=56.43|PF12=64.13|PF18=68.82|PF19=69.67|PF20=70.54|PF21=71.43|PF22=72.35|PMC0=77.78|PMC12=88.4|PMC18=94.86|PMC19=96.03|PMC20=97.23|PMC21=98.46|PMC22=99.73|PMVG17=53.35|PMVG18=54|PMVG20=55.35
CMED;20260508;medicamento;538819040066006;;;LEGRAND PHARMA INDUSTRIA FARMACEUTICA LTDA;RIVAROXABANA;10 MG COM REV CT BL AL PLAS PVDC OPC X 30;RIVAROXABANA;7894916340809;1677305940033;90430018;538819040066006;S;N;;204.04;281.25;;;;CMED_ICMS17;20260508;20;PF0=169.35|PF12=192.44|PF18=206.52|PF19=209.07|PF20=211.69|PF21=214.37|PF22=217.12|PMC0=233.43|PMC12=265.26|PMC18=284.67|PMC19=288.18|PMC20=291.79|PMC21=295.49|PMC22=299.28|PMVG17=160.11|PMVG18=162.06|PMVG20=166.11
CMED;20260508;medicamento;538819040066106;;;LEGRAND PHARMA INDUSTRIA FARMACEUTICA LTDA;RIVAROXABANA;10 MG COM REV CT BL AL PLAS PVDC OPC X 100;RIVAROXABANA;7894916340823;1677305940041;90430026;538819040066106;S;S;;680.12;;;;;CMED_ICMS17;20260508;20;PF0=564.5|PF12=641.48|PF18=688.41|PF19=696.91|PF20=705.63|PF21=714.56|PF22=723.72|PMVG17=533.69|PMVG18=540.19|PMVG20=553.71
CMED;20260508;medicamento;538819040066206;;;LEGRAND PHARMA INDUSTRIA FARMACEUTICA LTDA;RIVAROXABANA;15 MG COM REV CT BL AL PLAS PVDC OPC X 14;RIVAROXABANA;7894916340830;1677305940068;90430034;538819040066206;S;N;;95.2;131.22;;;;CMED_ICMS17;20260508;20;PF0=79.02|PF12=89.8|PF18=96.37|PF19=97.56|PF20=98.78|PF21=100.03|PF22=101.31|PMC0=108.92|PMC12=123.78|PMC18=132.84|PMC19=134.48|PMC20=136.16|PMC21=137.88|PMC22=139.65|PMVG17=74.7|PMVG18=75.62|PMVG20=77.51
CMED;20260508;medicamento;538819040066306;;;LEGRAND PHARMA INDUSTRIA FARMACEUTICA LTDA;RIVAROXABANA;15 MG COM REV CT BL AL PLAS PVDC OPC X 28;RIVAROXABANA;7894916340847;1677305940076;90430042;538819040066306;S;N;;190.45;262.52;;;;CMED_ICMS17;20260508;20;PF0=158.07|PF12=179.63|PF18=192.77|PF19=195.15|PF20=197.59|PF21=200.09|PF22=202.65|PMC0=217.88|PMC12=247.6|PMC18=265.71|PMC19=268.99|PMC20=272.36|PMC21=275.8|PMC22=279.33|PMVG17=149.45|PMVG18=151.27|PMVG20=155.05
CMED;20260508;medicamento;538819040066406;;;LEGRAND PHARMA INDUSTRIA FARMACEUTICA LTDA;RIVAROXABANA;15 MG COM REV CT BL AL PLAS PVDC OPC X 42;RIVAROXABANA;7894916340854;1677305940084;90430050;538819040066406;S;N;;285.65;393.74;;;;CMED_ICMS17;20260508;20;PF0=237.09|PF12=269.42|PF18=289.13|PF19=292.7|PF20=296.36|PF21=300.11|PF22=303.96|PMC0=326.8|PMC12=371.37|PMC18=398.54|PMC19=403.46|PMC20=408.5|PMC21=413.67|PMC22=418.98|PMVG17=224.15|PMVG18=226.88|PMVG20=232.55
CMED;20260508;medicamento;538819040066506;;;LEGRAND PHARMA INDUSTRIA FARMACEUTICA LTDA;RIVAROXABANA;15 MG COM REV CT BL AL PLAS PVDC OPC X 98;RIVAROXABANA;7894916340861;1677305940092;90430069;538819040066506;S;S;;666.54;;;;;CMED_ICMS17;20260508;20;PF0=553.23|PF12=628.67|PF18=674.67|PF19=683|PF20=691.54|PF21=700.29|PF22=709.27|PMVG17=523.03|PMVG18=529.41|PMVG20=542.65
CMED;20260508;medicamento;538819040066606;;;LEGRAND PHARMA INDUSTRIA FARMACEUTICA LTDA;RIVAROXABANA;20 MG COM REV CT BL AL PLAS PVDC OPC X 14;RIVAROXABANA;7894916340878;1677305940114;90430077;538819040066606;S;N;;95.2;131.22;;;;CMED_ICMS17;20260508;20;PF0=79.02|PF12=89.8|PF18=96.37|PF19=97.56|PF20=98.78|PF21=100.03|PF22=101.31|PMC0=108.92|PMC12=123.78|PMC18=132.84|PMC19=134.48|PMC20=136.16|PMC21=137.88|PMC22=139.65|PMVG17=74.7|PMVG18=75.62|PMVG20=77.51
CMED;20260508;medicamento;538819040066706;;;LEGRAND PHARMA INDUSTRIA FARMACEUTICA LTDA;RIVAROXABANA;20 MG COM REV CT BL AL PLAS PVDC OPC X 28;RIVAROXABANA;7894916340885;1677305940122;90430085;538819040066706;S;N;;190.45;262.52;;;;CMED_ICMS17;20260508;20;PF0=158.07|PF12=179.63|PF18=192.77|PF19=195.15|PF20=197.59|PF21=200.09|PF22=202.65|PMC0=217.88|PMC12=247.6|PMC18=265.71|PMC19=268.99|PMC20=272.36|PMC21=275.8|PMC22=279.33|PMVG17=149.45|PMVG18=151.27|PMVG20=155.05
CMED;20260508;medicamento;538819040066806;;;LEGRAND PHARMA INDUSTRIA FARMACEUTICA LTDA;RIVAROXABANA;20 MG COM REV CT BL AL PLAS PVDC OPC X 42;RIVAROXABANA;7894916340892;1677305940130;90430093;538819040066806;S;N;;285.65;393.74;;;;CMED_ICMS17;20260508;20;PF0=237.09|PF12=269.42|PF18=289.13|PF19=292.7|PF20=296.36|PF21=300.11|PF22=303.96|PMC0=326.8|PMC12=371.37|PMC18=398.54|PMC19=403.46|PMC20=408.5|PMC21=413.67|PMC22=418.98|PMVG17=224.15|PMVG18=226.88|PMVG20=232.55
CMED;20260508;medicamento;538819040066906;;;LEGRAND PHARMA INDUSTRIA FARMACEUTICA LTDA;RIVAROXABANA;20 MG COM REV CT BL AL PLAS PVDC OPC X 98;RIVAROXABANA;7894916340908;1677305940149;90430107;538819040066906;S;S;;666.54;;;;;CMED_ICMS17;20260508;20;PF0=553.23|PF12=628.67|PF18=674.67|PF19=683|PF20=691.54|PF21=700.29|PF22=709.27|PMVG17=523.03|PMVG18=529.41|PMVG20=542.65
CMED;20260508;medicamento;538822010109406;;;LEGRAND PHARMA INDUSTRIA FARMACEUTICA LTDA;RIVAROXABANA;20 MG COM REV CT BL AL PLAS PVDC OPC X 15;RIVAROXABANA;7894916342650;1677305940173;90530616;538822010109406;S;N;;102.02;140.62;;;;CMED_ICMS17;20260508;20;PF0=84.68|PF12=96.23|PF18=103.27|PF19=104.54|PF20=105.85|PF21=107.19|PF22=108.56|PMC0=116.72|PMC12=132.64|PMC18=142.35|PMC19=144.1|PMC20=145.9|PMC21=147.75|PMC22=149.64|PMVG17=80.06|PMVG18=81.04|PMVG20=83.06
CMED;20260508;medicamento;538822010109506;;;LEGRAND PHARMA INDUSTRIA FARMACEUTICA LTDA;RIVAROXABANA;20 MG COM REV CT BL AL PLAS PVDC OPC X 30;RIVAROXABANA;7894916342667;1677305940181;90530624;538822010109506;S;N;;204.01;281.21;;;;CMED_ICMS17;20260508;20;PF0=169.33|PF12=192.42|PF18=206.5|PF19=209.05|PF20=211.66|PF21=214.34|PF22=217.09|PMC0=233.4|PMC12=265.23|PMC18=284.64|PMC19=288.15|PMC20=291.75|PMC21=295.45|PMC22=299.24|PMVG17=160.09|PMVG18=162.04|PMVG20=166.09
CMED;20260508;medicamento;538822010109606;;;LEGRAND PHARMA INDUSTRIA FARMACEUTICA LTDA;RIVAROXABANA;20 MG COM REV CT BL AL PLAS PVDC OPC X 60;RIVAROXABANA;7894916342674;1677305940191;90530632;538822010109606;S;N;;408.05;562.45;;;;CMED_ICMS17;20260508;20;PF0=338.68|PF12=384.86|PF18=413.02|PF19=418.12|PF20=423.35|PF21=428.71|PF22=434.21|PMC0=466.84|PMC12=530.49|PMC18=569.31|PMC19=576.33|PMC20=583.54|PMC21=590.93|PMC22=598.51|PMVG17=320.2|PMVG18=324.1|PMVG20=332.2
CMED;20260508;medicamento;538822010109706;;;LEGRAND PHARMA INDUSTRIA FARMACEUTICA LTDA;RIVAROXABANA;15 MG COM REV CT BL AL PLAS PVDC OPC X 30;RIVAROXABANA;7894916342643;1677305940165;90530608;538822010109706;S;N;;204.01;281.21;;;;CMED_ICMS17;20260508;20;PF0=169.33|PF12=192.42|PF18=206.5|PF19=209.05|PF20=211.66|PF21=214.34|PF22=217.09|PMC0=233.4|PMC12=265.23|PMC18=284.64|PMC19=288.15|PMC20=291.75|PMC21=295.45|PMC22=299.24|PMVG17=160.09|PMVG18=162.04|PMVG20=166.09
CMED;20260508;medicamento;538823080117006;;;LEGRAND PHARMA INDUSTRIA FARMACEUTICA LTDA;RIVAROXABANA;2,5 MG COM REV CT BL AL PLAS PVC/PVDC OPC X 15;RIVAROXABANA;7898995343188;1677305940203;90567870;538823080117006;S;N;;51.02;70.33;;;;CMED_ICMS17;20260508;20;PF0=42.35|PF12=48.13|PF18=51.65|PF19=52.28|PF20=52.94|PF21=53.61|PF22=54.29|PMC0=58.38|PMC12=66.34|PMC18=71.19|PMC19=72.06|PMC20=72.97|PMC21=73.9|PMC22=74.83|PMVG17=40.04|PMVG18=40.53|PMVG20=41.54
CMED;20260508;medicamento;538823080117106;;;LEGRAND PHARMA INDUSTRIA FARMACEUTICA LTDA;RIVAROXABANA;2,5 MG COM REV CT BL AL PLAS PVC/PVDC OPC X 30;RIVAROXABANA;7898995343195;1677305940211;90567889;538823080117106;S;N;;102.06;140.68;;;;CMED_ICMS17;20260508;20;PF0=84.71|PF12=96.26|PF18=103.3|PF19=104.58|PF20=105.89|PF21=107.23|PF22=108.6|PMC0=116.76|PMC12=132.68|PMC18=142.39|PMC19=144.15|PMC20=145.96|PMC21=147.81|PMC22=149.69|PMVG17=80.09|PMVG18=81.06|PMVG20=83.09
CMED;20260508;medicamento;538823080117206;;;LEGRAND PHARMA INDUSTRIA FARMACEUTICA LTDA;RIVAROXABANA;2,5 MG COM REV CT BL AL PLAS PVC/PVDC OPC X 60;RIVAROXABANA;7898995343201;1677305940221;90567897;538823080117206;S;N;;204.07;281.29;;;;CMED_ICMS17;20260508;20;PF0=169.38|PF12=192.48|PF18=206.56|PF19=209.11|PF20=211.73|PF21=214.41|PF22=217.15|PMC0=233.47|PMC12=265.31|PMC18=284.72|PMC19=288.24|PMC20=291.85|PMC21=295.54|PMC22=299.32|PMVG17=160.13|PMVG18=162.09|PMVG20=166.15
CMED;20260508;medicamento;538823080117306;;;LEGRAND PHARMA INDUSTRIA FARMACEUTICA LTDA;RIVAROXABANA;2,5 MG COM REV CT BL AL PLAS PVC/PVDC OPC X 90;RIVAROXABANA;7898995343218;1677305940238;90567900;538823080117306;S;N;;306.14;421.98;;;;CMED_ICMS17;20260508;20;PF0=254.1|PF12=288.75|PF18=309.88|PF19=313.7|PF20=317.63|PF21=321.65|PF22=325.77|PMC0=350.25|PMC12=398.01|PMC18=427.14|PMC19=432.4|PMC20=437.82|PMC21=443.36|PMC22=449.04|PMVG17=240.23|PMVG18=243.16|PMVG20=249.25
CMED;20260508;medicamento;541819050107406;;;EMS S/A;RIVAROXABANA;10 MG COM REV CT BL AL PLAS PVDC OPC X 5;RIVAROXABANA;7896004766973;1023512650017;90434471;541819050107406;S;N;;34;46.87;;;;CMED_ICMS17;20260508;20;PF0=28.22|PF12=32.07|PF18=34.41|PF19=34.84|PF20=35.28|PF21=35.72|PF22=36.18|PMC0=38.9|PMC12=44.21|PMC18=47.43|PMC19=48.02|PMC20=48.63|PMC21=49.24|PMC22=49.87|PMVG17=26.68|PMVG18=27|PMVG20=27.69
CMED;20260508;medicamento;541819050107506;;;EMS S/A;RIVAROXABANA;10 MG COM REV CT BL AL PLAS PVDC OPC X 10;RIVAROXABANA;7896004766980;1023512650025;90434480;541819050107506;S;N;;68.02;93.76;;;;CMED_ICMS17;20260508;20;PF0=56.46|PF12=64.16|PF18=68.85|PF19=69.7|PF20=70.58|PF21=71.47|PF22=72.38|PMC0=77.82|PMC12=88.44|PMC18=94.9|PMC19=96.07|PMC20=97.29|PMC21=98.51|PMC22=99.77|PMVG17=53.38|PMVG18=54.03|PMVG20=55.39
CMED;20260508;medicamento;541819050107606;;;EMS S/A;RIVAROXABANA;10 MG COM REV CT BL AL PLAS PVDC OPC X 30;RIVAROXABANA;7896004766997;1023512650033;90434498;541819050107606;S;N;;204.04;281.25;;;;CMED_ICMS17;20260508;20;PF0=169.35|PF12=192.44|PF18=206.52|PF19=209.07|PF20=211.69|PF21=214.37|PF22=217.12|PMC0=233.43|PMC12=265.26|PMC18=284.67|PMC19=288.18|PMC20=291.79|PMC21=295.49|PMC22=299.28|PMVG17=160.11|PMVG18=162.06|PMVG20=166.11
CMED;20260508;medicamento;541819050107706;;;EMS S/A;RIVAROXABANA;10 MG COM REV CT BL AL PLAS PVDC OPC X 100;RIVAROXABANA;7896004767000;1023512650041;90434501;541819050107706;S;S;;680.12;;;;;CMED_ICMS17;20260508;20;PF0=564.5|PF12=641.48|PF18=688.41|PF19=696.91|PF20=705.63|PF21=714.56|PF22=723.72|PMVG17=533.69|PMVG18=540.19|PMVG20=553.71
CMED;20260508;medicamento;541819050107806;;;EMS S/A;RIVAROXABANA;15 MG COM REV CT BL AL PLAS PVDC OPC X 14;RIVAROXABANA;7896004767017;1023512650068;90434510;541819050107806;S;N;;95.19;131.21;;;;CMED_ICMS17;20260508;20;PF0=79.01|PF12=89.78|PF18=96.35|PF19=97.54|PF20=98.76|PF21=100.01|PF22=101.29|PMC0=108.91|PMC12=123.75|PMC18=132.81|PMC19=134.45|PMC20=136.13|PMC21=137.85|PMC22=139.62|PMVG17=74.7|PMVG18=75.61|PMVG20=77.5
CMED;20260508;medicamento;541819050107906;;;EMS S/A;RIVAROXABANA;15 MG COM REV CT BL AL PLAS PVDC OPC X 28;RIVAROXABANA;7896004767024;1023512650076;90434528;541819050107906;S;N;;190.43;262.49;;;;CMED_ICMS17;20260508;20;PF0=158.06|PF12=179.61|PF18=192.76|PF19=195.14|PF20=197.58|PF21=200.08|PF22=202.64|PMC0=217.87|PMC12=247.57|PMC18=265.7|PMC19=268.98|PMC20=272.34|PMC21=275.79|PMC22=279.32|PMVG17=149.43|PMVG18=151.26|PMVG20=155.04
CMED;20260508;medicamento;541819050108006;;;EMS S/A;RIVAROXABANA;15 MG COM REV CT BL AL PLAS PVDC OPC X 42;RIVAROXABANA;7896004767031;1023512650084;90434536;541819050108006;S;N;;285.65;393.74;;;;CMED_ICMS17;20260508;20;PF0=237.09|PF12=269.42|PF18=289.13|PF19=292.7|PF20=296.36|PF21=300.11|PF22=303.96|PMC0=326.8|PMC12=371.37|PMC18=398.54|PMC19=403.46|PMC20=408.5|PMC21=413.67|PMC22=418.98|PMVG17=224.15|PMVG18=226.88|PMVG20=232.55
CMED;20260508;medicamento;541819050108106;;;EMS S/A;RIVAROXABANA;15 MG COM REV CT BL AL PLAS PVDC OPC X 98;RIVAROXABANA;7896004767048;1023512650092;90434544;541819050108106;S;S;;666.52;;;;;CMED_ICMS17;20260508;20;PF0=553.21|PF12=628.65|PF18=674.65|PF19=682.98|PF20=691.51|PF21=700.27|PF22=709.24|PMVG17=523.02|PMVG18=529.4|PMVG20=542.63
CMED;20260508;medicamento;541819050108206;;;EMS S/A;RIVAROXABANA;20 MG COM REV CT BL AL PLAS PVDC OPC X 14;RIVAROXABANA;7896004767055;1023512650114;90434552;541819050108206;S;N;;95.19;131.21;;;;CMED_ICMS17;20260508;20;PF0=79.01|PF12=89.78|PF18=96.35|PF19=97.54|PF20=98.76|PF21=100.01|PF22=101.29|PMC0=108.91|PMC12=123.75|PMC18=132.81|PMC19=134.45|PMC20=136.13|PMC21=137.85|PMC22=139.62|PMVG17=74.7|PMVG18=75.61|PMVG20=77.5
CMED;20260508;medicamento;541819050108306;;;EMS S/A;RIVAROXABANA;20 MG COM REV CT BL AL PLAS PVDC OPC X 28;RIVAROXABANA;7896004767062;1023512650122;90434560;541819050108306;S;N;;190.43;262.49;;;;CMED_ICMS17;20260508;20;PF0=158.06|PF12=179.61|PF18=192.76|PF19=195.14|PF20=197.58|PF21=200.08|PF22=202.64|PMC0=217.87|PMC12=247.57|PMC18=265.7|PMC19=268.98|PMC20=272.34|PMC21=275.79|PMC22=279.32|PMVG17=149.43|PMVG18=151.26|PMVG20=155.04
CMED;20260508;medicamento;541819050108406;;;EMS S/A;RIVAROXABANA;20 MG COM REV CT BL AL PLAS PVDC OPC X 42;RIVAROXABANA;7896004767079;1023512650130;90434579;541819050108406;S;N;;285.65;393.74;;;;CMED_ICMS17;20260508;20;PF0=237.09|PF12=269.42|PF18=289.13|PF19=292.7|PF20=296.36|PF21=300.11|PF22=303.96|PMC0=326.8|PMC12=371.37|PMC18=398.54|PMC19=403.46|PMC20=408.5|PMC21=413.67|PMC22=418.98|PMVG17=224.15|PMVG18=226.88|PMVG20=232.55
CMED;20260508;medicamento;541819050108506;;;EMS S/A;RIVAROXABANA;20 MG COM REV CT BL AL PLAS PVDC OPC X 98;RIVAROXABANA;7896004767086;1023512650149;90434587;541819050108506;S;S;;666.52;;;;;CMED_ICMS17;20260508;20;PF0=553.21|PF12=628.65|PF18=674.65|PF19=682.98|PF20=691.51|PF21=700.27|PF22=709.24|PMVG17=523.02|PMVG18=529.4|PMVG20=542.63
CMED;20260508;medicamento;541821110171506;;;EMS S/A;RIVAROXABANA;15 MG COM REV CT BL AL PLAS PVDC OPC X 30;RIVAROXABANA;7896004780504;1023512650165;90523776;541821110171506;S;N;;204.01;281.21;;;;CMED_ICMS17;20260508;20;PF0=169.33|PF12=192.42|PF18=206.5|PF19=209.05|PF20=211.66|PF21=214.34|PF22=217.09|PMC0=233.4|PMC12=265.23|PMC18=284.64|PMC19=288.15|PMC20=291.75|PMC21=295.45|PMC22=299.24|PMVG17=160.09|PMVG18=162.04|PMVG20=166.09
CMED;20260508;medicamento;541821110171606;;;EMS S/A;RIVAROXABANA;20 MG COM REV CT BL AL PLAS PVDC OPC X 15;RIVAROXABANA;7896004780573;1023512650173;90523784;541821110171606;S;N;;102.02;140.62;;;;CMED_ICMS17;20260508;20;PF0=84.68|PF12=96.23|PF18=103.27|PF19=104.54|PF20=105.85|PF21=107.19|PF22=108.56|PMC0=116.72|PMC12=132.64|PMC18=142.35|PMC19=144.1|PMC20=145.9|PMC21=147.75|PMC22=149.64|PMVG17=80.06|PMVG18=81.04|PMVG20=83.06
CMED;20260508;medicamento;541821110171706;;;EMS S/A;RIVAROXABANA;20 MG COM REV CT BL AL PLAS PVDC OPC X 30;RIVAROXABANA;7896004780511;1023512650181;90523792;541821110171706;S;N;;204.01;281.21;;;;CMED_ICMS17;20260508;20;PF0=169.33|PF12=192.42|PF18=206.5|PF19=209.05|PF20=211.66|PF21=214.34|PF22=217.09|PMC0=233.4|PMC12=265.23|PMC18=284.64|PMC19=288.15|PMC20=291.75|PMC21=295.45|PMC22=299.24|PMVG17=160.09|PMVG18=162.04|PMVG20=166.09
CMED;20260508;medicamento;541821110171806;;;EMS S/A;RIVAROXABANA;20 MG COM REV CT BL AL PLAS PVDC OPC X 60;RIVAROXABANA;7896004780597;1023512650191;90523806;541821110171806;S;N;;408.05;562.45;;;;CMED_ICMS17;20260508;20;PF0=338.68|PF12=384.86|PF18=413.02|PF19=418.12|PF20=423.35|PF21=428.71|PF22=434.21|PMC0=466.84|PMC12=530.49|PMC18=569.31|PMC19=576.33|PMC20=583.54|PMC21=590.93|PMC22=598.51|PMVG17=320.2|PMVG18=324.1|PMVG20=332.2
CMED;20260508;medicamento;541823080198106;;;EMS S/A;RIVAROXABANA;2,5 MG COM REV CT BL AL PLAS PVC/PVDC OPC X 15;RIVAROXABANA;7896004782782;1023512650203;90567790;541823080198106;S;N;;51.02;70.33;;;;CMED_ICMS17;20260508;20;PF0=42.35|PF12=48.13|PF18=51.65|PF19=52.28|PF20=52.94|PF21=53.61|PF22=54.29|PMC0=58.38|PMC12=66.34|PMC18=71.19|PMC19=72.06|PMC20=72.97|PMC21=73.9|PMC22=74.83|PMVG17=40.04|PMVG18=40.53|PMVG20=41.54
CMED;20260508;medicamento;541823080198206;;;EMS S/A;RIVAROXABANA;2,5 MG COM REV CT BL AL PLAS PVC/PVDC OPC X 90;RIVAROXABANA;7896004782812;1023512650238;90567820;541823080198206;S;N;;306.14;421.98;;;;CMED_ICMS17;20260508;20;PF0=254.1|PF12=288.75|PF18=309.88|PF19=313.7|PF20=317.63|PF21=321.65|PF22=325.77|PMC0=350.25|PMC12=398.01|PMC18=427.14|PMC19=432.4|PMC20=437.82|PMC21=443.36|PMC22=449.04|PMVG17=240.23|PMVG18=243.16|PMVG20=249.25
CMED;20260508;medicamento;541823080198306;;;EMS S/A;RIVAROXABANA;2,5 MG COM REV CT BL AL PLAS PVC/PVDC OPC X 30;RIVAROXABANA;7896004782799;1023512650211;90567803;541823080198306;S;N;;102.06;140.68;;;;CMED_ICMS17;20260508;20;PF0=84.71|PF12=96.26|PF18=103.3|PF19=104.58|PF20=105.89|PF21=107.23|PF22=108.6|PMC0=116.76|PMC12=132.68|PMC18=142.39|PMC19=144.15|PMC20=145.96|PMC21=147.81|PMC22=149.69|PMVG17=80.09|PMVG18=81.06|PMVG20=83.09
CMED;20260508;medicamento;541823080198406;;;EMS S/A;RIVAROXABANA;2,5 MG COM REV CT BL AL PLAS PVC/PVDC OPC X 60;RIVAROXABANA;7896004782805;1023512650221;90567811;541823080198406;S;N;;204.07;281.29;;;;CMED_ICMS17;20260508;20;PF0=169.38|PF12=192.48|PF18=206.56|PF19=209.11|PF20=211.73|PF21=214.41|PF22=217.15|PMC0=233.47|PMC12=265.31|PMC18=284.72|PMC19=288.24|PMC20=291.85|PMC21=295.54|PMC22=299.32|PMVG17=160.13|PMVG18=162.09|PMVG20=166.15
CMED;20260508;medicamento;543825060096006;;;ALTHAIA S.A. INDUSTRIA FARMACEUTICA;RIVAROXABANA;10 MG COM REV CT BL AL PLAS PVC TRANS X 45;RIVAROXABANA;7898687733044;1351700840061;90609476;543825060096006;S;N;;306.06;421.87;;;;CMED_ICMS17;20260508;20;PF0=254.03|PF12=288.67|PF18=309.79|PF19=313.62|PF20=317.54|PF21=321.56|PF22=325.68|PMC0=350.15|PMC12=397.9|PMC18=427.01|PMC19=432.29|PMC20=437.7|PMC21=443.24|PMC22=448.92|PMVG17=240.17|PMVG18=243.09|PMVG20=249.17
CMED;20260508;medicamento;543825060096106;;;ALTHAIA S.A. INDUSTRIA FARMACEUTICA;RIVAROXABANA;10 MG COM REV CT BL AL PLAS PVC TRANS X 5;RIVAROXABANA;7898687733419;1351700840019;90609425;543825060096106;S;N;;34;46.87;;;;CMED_ICMS17;20260508;20;PF0=28.22|PF12=32.07|PF18=34.41|PF19=34.84|PF20=35.28|PF21=35.72|PF22=36.18|PMC0=38.9|PMC12=44.21|PMC18=47.43|PMC19=48.02|PMC20=48.63|PMC21=49.24|PMC22=49.87|PMVG17=26.68|PMVG18=27|PMVG20=27.69
CMED;20260508;medicamento;543825060096206;;;ALTHAIA S.A. INDUSTRIA FARMACEUTICA;RIVAROXABANA;10 MG COM REV CT BL AL PLAS PVC TRANS X 10;RIVAROXABANA;7898687733334;1351700840027;90609433;543825060096206;S;N;;68.01;93.74;;;;CMED_ICMS17;20260508;20;PF0=56.45|PF12=64.15|PF18=68.84|PF19=69.69|PF20=70.56|PF21=71.46|PF22=72.37|PMC0=77.81|PMC12=88.42|PMC18=94.89|PMC19=96.06|PMC20=97.26|PMC21=98.5|PMC22=99.75|PMVG17=53.37|PMVG18=54.02|PMVG20=55.37
CMED;20260508;medicamento;543825060096306;;;ALTHAIA S.A. INDUSTRIA FARMACEUTICA;RIVAROXABANA;10 MG COM REV CT BL AL PLAS PVC TRANS X 15;RIVAROXABANA;7898687733013;1351700840035;90609441;543825060096306;S;N;;102.02;140.62;;;;CMED_ICMS17;20260508;20;PF0=84.68|PF12=96.23|PF18=103.27|PF19=104.54|PF20=105.85|PF21=107.19|PF22=108.56|PMC0=116.72|PMC12=132.64|PMC18=142.35|PMC19=144.1|PMC20=145.9|PMC21=147.75|PMC22=149.64|PMVG17=80.06|PMVG18=81.04|PMVG20=83.06
CMED;20260508;medicamento;543825060096406;;;ALTHAIA S.A. INDUSTRIA FARMACEUTICA;RIVAROXABANA;10 MG COM REV CT BL AL PLAS PVC TRANS X 20;RIVAROXABANA;7898687733020;1351700840043;90609450;543825060096406;S;N;;136.02;187.49;;;;CMED_ICMS17;20260508;20;PF0=112.9|PF12=128.3|PF18=137.68|PF19=139.38|PF20=141.13|PF21=142.91|PF22=144.74|PMC0=155.62|PMC12=176.85|PMC18=189.78|PMC19=192.12|PMC20=194.53|PMC21=196.99|PMC22=199.51|PMVG17=106.73|PMVG18=108.04|PMVG20=110.75
CMED;20260508;medicamento;543825060096506;;;ALTHAIA S.A. INDUSTRIA FARMACEUTICA;RIVAROXABANA;10 MG COM REV CT BL AL PLAS PVC TRANS X 30;RIVAROXABANA;7898687733037;1351700840051;90609468;543825060096506;S;N;;204.04;281.25;;;;CMED_ICMS17;20260508;20;PF0=169.35|PF12=192.44|PF18=206.52|PF19=209.07|PF20=211.69|PF21=214.37|PF22=217.12|PMC0=233.43|PMC12=265.26|PMC18=284.67|PMC19=288.18|PMC20=291.79|PMC21=295.49|PMC22=299.28|PMVG17=160.11|PMVG18=162.06|PMVG20=166.11
CMED;20260508;medicamento;543825060096606;;;ALTHAIA S.A. INDUSTRIA FARMACEUTICA;RIVAROXABANA;10 MG COM REV CT BL AL PLAS PVC TRANS X 60;RIVAROXABANA;7898687733051;1351700840078;90609484;543825060096606;S;N;;408.08;562.5;;;;CMED_ICMS17;20260508;20;PF0=338.71|PF12=384.9|PF18=413.06|PF19=418.16|PF20=423.39|PF21=428.75|PF22=434.24|PMC0=466.88|PMC12=530.54|PMC18=569.36|PMC19=576.39|PMC20=583.6|PMC21=590.99|PMC22=598.55|PMVG17=320.22|PMVG18=324.13|PMVG20=332.23
CMED;20260508;medicamento;543825060096706;;;ALTHAIA S.A. INDUSTRIA FARMACEUTICA;RIVAROXABANA;10 MG COM REV CT BL AL PLAS PVC TRANS X 90;RIVAROXABANA;7898687733068;1351700840086;90609492;543825060096706;S;N;;612.13;843.76;;;;CMED_ICMS17;20260508;20;PF0=508.07|PF12=577.35|PF18=619.6|PF19=627.25|PF20=635.09|PF21=643.13|PF22=651.37|PMC0=700.32|PMC12=795.82|PMC18=854.05|PMC19=864.6|PMC20=875.41|PMC21=886.49|PMC22=897.85|PMVG17=480.34|PMVG18=486.2|PMVG20=498.36
CMED;20260508;medicamento;543825060096806;;;ALTHAIA S.A. INDUSTRIA FARMACEUTICA;RIVAROXABANA;10 MG COM REV CT BL AL PLAS PVC TRANS X 100;RIVAROXABANA;7898687733341;1351700840094;90609506;543825060096806;S;N;;680.13;937.49;;;;CMED_ICMS17;20260508;20;PF0=564.51|PF12=641.49|PF18=688.43|PF19=696.93|PF20=705.64|PF21=714.57|PF22=723.73|PMC0=778.12|PMC12=884.23|PMC18=948.93|PMC19=960.65|PMC20=972.65|PMC21=984.96|PMC22=997.59|PMVG17=533.7|PMVG18=540.21|PMVG20=553.72
CMED;20260508;medicamento;543825060096906;;;ALTHAIA S.A. INDUSTRIA FARMACEUTICA;RIVAROXABANA;15 MG COM REV CT BL AL PLAS PVC TRANS X 5;RIVAROXABANA;7898687733358;1351700840108;90609514;543825060096906;S;N;;34;46.87;;;;CMED_ICMS17;20260508;20;PF0=28.22|PF12=32.07|PF18=34.41|PF19=34.84|PF20=35.28|PF21=35.72|PF22=36.18|PMC0=38.9|PMC12=44.21|PMC18=47.43|PMC19=48.02|PMC20=48.63|PMC21=49.24|PMC22=49.87|PMVG17=26.68|PMVG18=27|PMVG20=27.69
CMED;20260508;medicamento;543825060097006;;;ALTHAIA S.A. INDUSTRIA FARMACEUTICA;RIVAROXABANA;15 MG COM REV CT BL AL PLAS PVC TRANS X 10;RIVAROXABANA;7898687733365;1351700840116;90609522;543825060097006;S;N;;68;93.73;;;;CMED_ICMS17;20260508;20;PF0=56.44|PF12=64.14|PF18=68.83|PF19=69.68|PF20=70.55|PF21=71.44|PF22=72.36|PMC0=77.8|PMC12=88.41|PMC18=94.87|PMC19=96.05|PMC20=97.25|PMC21=98.47|PMC22=99.74|PMVG17=53.36|PMVG18=54.01|PMVG20=55.36
CMED;20260508;medicamento;543825060097106;;;ALTHAIA S.A. INDUSTRIA FARMACEUTICA;RIVAROXABANA;15 MG COM REV CT BL AL PLAS PVC TRANS X 15;RIVAROXABANA;7898687733075;1351700840124;90609530;543825060097106;S;N;;102.02;140.62;;;;CMED_ICMS17;20260508;20;PF0=84.68|PF12=96.23|PF18=103.27|PF19=104.54|PF20=105.85|PF21=107.19|PF22=108.56|PMC0=116.72|PMC12=132.64|PMC18=142.35|PMC19=144.1|PMC20=145.9|PMC21=147.75|PMC22=149.64|PMVG17=80.06|PMVG18=81.04|PMVG20=83.06
CMED;20260508;medicamento;543825060097206;;;ALTHAIA S.A. INDUSTRIA FARMACEUTICA;RIVAROXABANA;15 MG COM REV CT BL AL PLAS PVC TRANS X 20;RIVAROXABANA;7898687733082;1351700840132;90609549;543825060097206;S;N;;136.01;187.48;;;;CMED_ICMS17;20260508;20;PF0=112.89|PF12=128.28|PF18=137.67|PF19=139.37|PF20=141.11|PF21=142.9|PF22=144.73|PMC0=155.61|PMC12=176.82|PMC18=189.76|PMC19=192.11|PMC20=194.51|PMC21=196.97|PMC22=199.5|PMVG17=106.73|PMVG18=108.03|PMVG20=110.73
CMED;20260508;medicamento;543825060097306;;;ALTHAIA S.A. INDUSTRIA FARMACEUTICA;RIVAROXABANA;15 MG COM REV CT BL AL PLAS PVC TRANS X 30;RIVAROXABANA;7898687733099;1351700840140;90609557;543825060097306;S;N;;204.01;281.21;;;;CMED_ICMS17;20260508;20;PF0=169.33|PF12=192.42|PF18=206.5|PF19=209.05|PF20=211.66|PF21=214.34|PF22=217.09|PMC0=233.4|PMC12=265.23|PMC18=284.64|PMC19=288.15|PMC20=291.75|PMC21=295.45|PMC22=299.24|PMVG17=160.09|PMVG18=162.04|PMVG20=166.09
CMED;20260508;medicamento;543825060097406;;;ALTHAIA S.A. INDUSTRIA FARMACEUTICA;RIVAROXABANA;15 MG COM REV CT BL AL PLAS PVC TRANS X 45;RIVAROXABANA;7898687733105;1351700840159;90609565;543825060097406;S;N;;306.04;421.84;;;;CMED_ICMS17;20260508;20;PF0=254.01|PF12=288.65|PF18=309.77|PF19=313.59|PF20=317.51|PF21=321.53|PF22=325.65|PMC0=350.13|PMC12=397.87|PMC18=426.99|PMC19=432.25|PMC20=437.65|PMC21=443.2|PMC22=448.87|PMVG17=240.15|PMVG18=243.08|PMVG20=249.15
CMED;20260508;medicamento;543825060097506;;;ALTHAIA S.A. INDUSTRIA FARMACEUTICA;RIVAROXABANA;15 MG COM REV CT BL AL PLAS PVC TRANS X 60;RIVAROXABANA;7898687733112;1351700840167;90609573;543825060097506;S;N;;408.04;562.44;;;;CMED_ICMS17;20260508;20;PF0=338.67|PF12=384.85|PF18=413.01|PF19=418.11|PF20=423.34|PF21=428.7|PF22=434.19|PMC0=466.82|PMC12=530.48|PMC18=569.29|PMC19=576.32|PMC20=583.53|PMC21=590.92|PMC22=598.49|PMVG17=320.19|PMVG18=324.09|PMVG20=332.2
CMED;20260508;medicamento;543825060097606;;;ALTHAIA S.A. INDUSTRIA FARMACEUTICA;RIVAROXABANA;15 MG COM REV CT BL AL PLAS PVC TRANS X 90;RIVAROXABANA;7898687733129;1351700840175;90609581;543825060097606;S;N;;612.06;843.66;;;;CMED_ICMS17;20260508;20;PF0=508.01|PF12=577.28|PF18=619.52|PF19=627.17|PF20=635.01|PF21=643.05|PF22=651.29|PMC0=700.24|PMC12=795.72|PMC18=853.94|PMC19=864.49|PMC20=875.3|PMC21=886.38|PMC22=897.74|PMVG17=480.28|PMVG18=486.14|PMVG20=498.29
CMED;20260508;medicamento;543825060097706;;;ALTHAIA S.A. INDUSTRIA FARMACEUTICA;RIVAROXABANA;15 MG COM REV CT BL AL PLAS PVC TRANS X 100;RIVAROXABANA;7898687733372;1351700840183;90609590;543825060097706;S;N;;680.06;937.39;;;;CMED_ICMS17;20260508;20;PF0=564.45|PF12=641.42|PF18=688.35|PF19=696.85|PF20=705.56|PF21=714.49|PF22=723.65|PMC0=778.04|PMC12=884.13|PMC18=948.82|PMC19=960.54|PMC20=972.54|PMC21=984.85|PMC22=997.48|PMVG17=533.64|PMVG18=540.15|PMVG20=553.65
CMED;20260508;medicamento;543825060097806;;;ALTHAIA S.A. INDUSTRIA FARMACEUTICA;RIVAROXABANA;20 MG COM REV CT BL AL PLAS PVC TRANS X 5;RIVAROXABANA;7898687733389;1351700840191;90609603;543825060097806;S;N;;34;46.87;;;;CMED_ICMS17;20260508;20;PF0=28.22|PF12=32.07|PF18=34.41|PF19=34.84|PF20=35.28|PF21=35.72|PF22=36.18|PMC0=38.9|PMC12=44.21|PMC18=47.43|PMC19=48.02|PMC20=48.63|PMC21=49.24|PMC22=49.87|PMVG17=26.68|PMVG18=27|PMVG20=27.69
CMED;20260508;medicamento;543825060097906;;;ALTHAIA S.A. INDUSTRIA FARMACEUTICA;RIVAROXABANA;20 MG COM REV CT BL AL PLAS PVC TRANS X 10;RIVAROXABANA;7898687733396;1351700840205;90609611;543825060097906;S;N;;68;93.73;;;;CMED_ICMS17;20260508;20;PF0=56.44|PF12=64.14|PF18=68.83|PF19=69.68|PF20=70.55|PF21=71.44|PF22=72.36|PMC0=77.8|PMC12=88.41|PMC18=94.87|PMC19=96.05|PMC20=97.25|PMC21=98.47|PMC22=99.74|PMVG17=53.36|PMVG18=54.01|PMVG20=55.36
CMED;20260508;medicamento;543825060098006;;;ALTHAIA S.A. INDUSTRIA FARMACEUTICA;RIVAROXABANA;20 MG COM REV CT BL AL PLAS PVC TRANS X 15;RIVAROXABANA;7898687733136;1351700840213;90609620;543825060098006;S;N;;102.02;140.62;;;;CMED_ICMS17;20260508;20;PF0=84.68|PF12=96.23|PF18=103.27|PF19=104.54|PF20=105.85|PF21=107.19|PF22=108.56|PMC0=116.72|PMC12=132.64|PMC18=142.35|PMC19=144.1|PMC20=145.9|PMC21=147.75|PMC22=149.64|PMVG17=80.06|PMVG18=81.04|PMVG20=83.06
CMED;20260508;medicamento;543825060098106;;;ALTHAIA S.A. INDUSTRIA FARMACEUTICA;RIVAROXABANA;20 MG COM REV CT BL AL PLAS PVC TRANS X 20;RIVAROXABANA;7898687733143;1351700840221;90609638;543825060098106;S;N;;136.01;187.48;;;;CMED_ICMS17;20260508;20;PF0=112.89|PF12=128.28|PF18=137.67|PF19=139.37|PF20=141.11|PF21=142.9|PF22=144.73|PMC0=155.61|PMC12=176.82|PMC18=189.76|PMC19=192.11|PMC20=194.51|PMC21=196.97|PMC22=199.5|PMVG17=106.73|PMVG18=108.03|PMVG20=110.73
CMED;20260508;medicamento;543825060098206;;;ALTHAIA S.A. INDUSTRIA FARMACEUTICA;RIVAROXABANA;20 MG COM REV CT BL AL PLAS PVC TRANS X 30;RIVAROXABANA;7898687733150;1351700840231;90609646;543825060098206;S;N;;204.01;281.21;;;;CMED_ICMS17;20260508;20;PF0=169.33|PF12=192.42|PF18=206.5|PF19=209.05|PF20=211.66|PF21=214.34|PF22=217.09|PMC0=233.4|PMC12=265.23|PMC18=284.64|PMC19=288.15|PMC20=291.75|PMC21=295.45|PMC22=299.24|PMVG17=160.09|PMVG18=162.04|PMVG20=166.09
CMED;20260508;medicamento;543825060098306;;;ALTHAIA S.A. INDUSTRIA FARMACEUTICA;RIVAROXABANA;20 MG COM REV CT BL AL PLAS PVC TRANS X 45;RIVAROXABANA;7898687733167;1351700840248;90609654;543825060098306;S;N;;306.04;421.84;;;;CMED_ICMS17;20260508;20;PF0=254.01|PF12=288.65|PF18=309.77|PF19=313.59|PF20=317.51|PF21=321.53|PF22=325.65|PMC0=350.13|PMC12=397.87|PMC18=426.99|PMC19=432.25|PMC20=437.65|PMC21=443.2|PMC22=448.87|PMVG17=240.15|PMVG18=243.08|PMVG20=249.15
CMED;20260508;medicamento;543825060098406;;;ALTHAIA S.A. INDUSTRIA FARMACEUTICA;RIVAROXABANA;20 MG COM REV CT BL AL PLAS PVC TRANS X 60;RIVAROXABANA;7898687733174;1351700840256;90609662;543825060098406;S;N;;408.04;562.44;;;;CMED_ICMS17;20260508;20;PF0=338.67|PF12=384.85|PF18=413.01|PF19=418.11|PF20=423.34|PF21=428.7|PF22=434.19|PMC0=466.82|PMC12=530.48|PMC18=569.29|PMC19=576.32|PMC20=583.53|PMC21=590.92|PMC22=598.49|PMVG17=320.19|PMVG18=324.09|PMVG20=332.2
CMED;20260508;medicamento;543825060098506;;;ALTHAIA S.A. INDUSTRIA FARMACEUTICA;RIVAROXABANA;20 MG COM REV CT BL AL PLAS PVC TRANS X 90;RIVAROXABANA;7898687733181;1351700840264;90609670;543825060098506;S;N;;612.06;843.66;;;;CMED_ICMS17;20260508;20;PF0=508.01|PF12=577.28|PF18=619.52|PF19=627.17|PF20=635.01|PF21=643.05|PF22=651.29|PMC0=700.24|PMC12=795.72|PMC18=853.94|PMC19=864.49|PMC20=875.3|PMC21=886.38|PMC22=897.74|PMVG17=480.28|PMVG18=486.14|PMVG20=498.29
CMED;20260508;medicamento;543825060098606;;;ALTHAIA S.A. INDUSTRIA FARMACEUTICA;RIVAROXABANA;20 MG COM REV CT BL AL PLAS PVC TRANS X 100;RIVAROXABANA;7898687733402;1351700840272;90609689;543825060098606;S;N;;680.06;937.39;;;;CMED_ICMS17;20260508;20;PF0=564.45|PF12=641.42|PF18=688.35|PF19=696.85|PF20=705.56|PF21=714.49|PF22=723.65|PMC0=778.04|PMC12=884.13|PMC18=948.82|PMC19=960.54|PMC20=972.54|PMC21=984.85|PMC22=997.48|PMVG17=533.64|PMVG18=540.15|PMVG20=553.65
CMED;20260508;medicamento;552922020143006;;;ACHÉ LABORATÓRIOS FARMACÊUTICOS S.A;RIVAROXABANA;10 MG COM REV CT BL AL PLAS PVC/PVDC TRANS X 30;RIVAROXABANA;7896658038945;1057307850039;90528514;552922020143006;S;N;;204.01;281.21;;;;CMED_ICMS17;20260508;20;PF0=169.33|PF12=192.42|PF18=206.5|PF19=209.05|PF20=211.66|PF21=214.34|PF22=217.09|PMC0=233.4|PMC12=265.23|PMC18=284.64|PMC19=288.15|PMC20=291.75|PMC21=295.45|PMC22=299.24|PMVG17=160.09|PMVG18=162.04|PMVG20=166.09
CMED;20260508;medicamento;552922020143106;;;ACHÉ LABORATÓRIOS FARMACÊUTICOS S.A;RIVAROXABANA;15 MG COM REV CT BL AL PLAS PVC/PVDC TRANS X 28;RIVAROXABANA;7896658038938;1057307850071;90528522;552922020143106;S;N;;190.42;262.47;;;;CMED_ICMS17;20260508;20;PF0=158.05|PF12=179.6|PF18=192.74|PF19=195.12|PF20=197.56|PF21=200.06|PF22=202.63|PMC0=217.86|PMC12=247.56|PMC18=265.67|PMC19=268.95|PMC20=272.32|PMC21=275.76|PMC22=279.3|PMVG17=149.42|PMVG18=151.24|PMVG20=155.02
CMED;20260508;medicamento;552922020143206;;;ACHÉ LABORATÓRIOS FARMACÊUTICOS S.A;RIVAROXABANA;20 MG COM REV CT BL AL PLAS PVC/PVDC TRANS X 28;RIVAROXABANA;7896658038921;1057307850128;90528530;552922020143206;S;N;;190.42;262.47;;;;CMED_ICMS17;20260508;20;PF0=158.05|PF12=179.6|PF18=192.74|PF19=195.12|PF20=197.56|PF21=200.06|PF22=202.63|PMC0=217.86|PMC12=247.56|PMC18=265.67|PMC19=268.95|PMC20=272.32|PMC21=275.76|PMC22=279.3|PMVG17=149.42|PMVG18=151.24|PMVG20=155.02
CMED;20260508;medicamento;569926040016806;;;CAMBER FARMACEUTICA LTDA;RIVAROXABANA;10 MG COM REV CT BL AL PLAS PVC/PVDC TRANS X 15;RIVAROXABANA;7908101202411;1650700490019;;569926040016806;S;N;;102.02;140.62;;;;CMED_ICMS17;20260508;20;PF0=84.68|PF12=96.23|PF18=103.27|PF19=104.54|PF20=105.85|PF21=107.19|PF22=108.56|PMC0=116.72|PMC12=132.64|PMC18=142.35|PMC19=144.1|PMC20=145.9|PMC21=147.75|PMC22=149.64|PMVG17=80.06|PMVG18=81.04|PMVG20=83.06
CMED;20260508;medicamento;569926040016906;;;CAMBER FARMACEUTICA LTDA;RIVAROXABANA;10 MG COM REV CT BL AL PLAS PVC/PVDC TRANS X 30;RIVAROXABANA;7908101202428;1650700490027;;569926040016906;S;N;;204.04;281.25;;;;CMED_ICMS17;20260508;20;PF0=169.35|PF12=192.44|PF18=206.52|PF19=209.07|PF20=211.69|PF21=214.37|PF22=217.12|PMC0=233.43|PMC12=265.26|PMC18=284.67|PMC19=288.18|PMC20=291.79|PMC21=295.49|PMC22=299.28|PMVG17=160.11|PMVG18=162.06|PMVG20=166.11
CMED;20260508;medicamento;569926040017006;;;CAMBER FARMACEUTICA LTDA;RIVAROXABANA;10 MG COM REV CT BL AL PLAS PVC/PVDC TRANS X 60;RIVAROXABANA;7908101202435;1650700490035;;569926040017006;S;N;;408.08;562.5;;;;CMED_ICMS17;20260508;20;PF0=338.71|PF12=384.9|PF18=413.06|PF19=418.16|PF20=423.39|PF21=428.75|PF22=434.24|PMC0=466.88|PMC12=530.54|PMC18=569.36|PMC19=576.39|PMC20=583.6|PMC21=590.99|PMC22=598.55|PMVG17=320.22|PMVG18=324.13|PMVG20=332.23
CMED;20260508;medicamento;569926040017106;;;CAMBER FARMACEUTICA LTDA;RIVAROXABANA;15 MG COM REV CT BL AL PLAS PVC/PVDC TRANS X 15;RIVAROXABANA;7908101202442;1650700490043;;569926040017106;S;N;;99.55;137.22;;;;CMED_ICMS17;20260508;20;PF0=82.63|PF12=93.9|PF18=100.77|PF19=102.01|PF20=103.29|PF21=104.59|PF22=105.94|PMC0=113.9|PMC12=129.43|PMC18=138.9|PMC19=140.61|PMC20=142.37|PMC21=144.17|PMC22=146.03|PMVG17=78.12|PMVG18=79.07|PMVG20=81.05
CMED;20260508;medicamento;569926040017206;;;CAMBER FARMACEUTICA LTDA;RIVAROXABANA;15 MG COM REV CT BL AL PLAS PVC/PVDC TRANS X 30;RIVAROXABANA;7908101202459;1650700490051;;569926040017206;S;N;;199.1;274.44;;;;CMED_ICMS17;20260508;20;PF0=165.25|PF12=187.78|PF18=201.52|PF19=204.01|PF20=206.56|PF21=209.18|PF22=211.86|PMC0=227.78|PMC12=258.84|PMC18=277.77|PMC19=281.21|PMC20=284.72|PMC21=288.33|PMC22=292.03|PMVG17=156.23|PMVG18=158.13|PMVG20=162.09
CMED;20260508;medicamento;569926040017306;;;CAMBER FARMACEUTICA LTDA;RIVAROXABANA;15 MG COM REV CT BL AL PLAS PVC/PVDC TRANS X 60;RIVAROXABANA;7908101202466;1650700490061;;569926040017306;S;N;;398.2;548.88;;;;CMED_ICMS17;20260508;20;PF0=330.51|PF12=375.58|PF18=403.06|PF19=408.04|PF20=413.14|PF21=418.37|PF22=423.73|PMC0=455.57|PMC12=517.7|PMC18=555.58|PMC19=562.44|PMC20=569.47|PMC21=576.68|PMC22=584.07|PMVG17=312.47|PMVG18=316.28|PMVG20=324.19
CMED;20260508;medicamento;569926040017406;;;CAMBER FARMACEUTICA LTDA;RIVAROXABANA;20 MG COM REV CT BL AL PLAS PVC/PVDC TRANS X 15;RIVAROXABANA;7908101202473;1650700490078;;569926040017406;S;N;;99.55;137.22;;;;CMED_ICMS17;20260508;20;PF0=82.63|PF12=93.9|PF18=100.77|PF19=102.01|PF20=103.29|PF21=104.59|PF22=105.94|PMC0=113.9|PMC12=129.43|PMC18=138.9|PMC19=140.61|PMC20=142.37|PMC21=144.17|PMC22=146.03|PMVG17=78.12|PMVG18=79.07|PMVG20=81.05
CMED;20260508;medicamento;569926040017506;;;CAMBER FARMACEUTICA LTDA;RIVAROXABANA;20 MG COM REV CT BL AL PLAS PVC/PVDC TRANS X 30;RIVAROXABANA;7908101202480;1650700490086;;569926040017506;S;N;;199.1;274.44;;;;CMED_ICMS17;20260508;20;PF0=165.25|PF12=187.78|PF18=201.52|PF19=204.01|PF20=206.56|PF21=209.18|PF22=211.86|PMC0=227.78|PMC12=258.84|PMC18=277.77|PMC19=281.21|PMC20=284.72|PMC21=288.33|PMC22=292.03|PMVG17=156.23|PMVG18=158.13|PMVG20=162.09
CMED;20260508;medicamento;569926040017606;;;CAMBER FARMACEUTICA LTDA;RIVAROXABANA;20 MG COM REV CT BL AL PLAS PVC/PVDC TRANS X 60;RIVAROXABANA;7908101202497;1650700490094;;569926040017606;S;N;;398.2;548.88;;;;CMED_ICMS17;20260508;20;PF0=330.51|PF12=375.58|PF18=403.06|PF19=408.04|PF20=413.14|PF21=418.37|PF22=423.73|PMC0=455.57|PMC12=517.7|PMC18=555.58|PMC19=562.44|PMC20=569.47|PMC21=576.68|PMC22=584.07|PMVG17=312.47|PMVG18=316.28|PMVG20=324.19
CMED;20260508;medicamento;576721070094906;;;SANOFI MEDLEY FARMACÊUTICA LTDA.;RIVAROXABANA;10 MG COM REV CT BL AL PLAS PVC/PVDC TRANS X 10;RIVAROXABANA;7891058002046;1832604720021;90517032;576721070094906;S;N;;51.16;70.52;;;;CMED_ICMS17;20260508;20;PF0=42.46|PF12=48.25|PF18=51.78|PF19=52.42|PF20=53.08|PF21=53.75|PF22=54.44|PMC0=58.53|PMC12=66.51|PMC18=71.37|PMC19=72.26|PMC20=73.17|PMC21=74.09|PMC22=75.04|PMVG17=40.15|PMVG18=40.63|PMVG20=41.65
CMED;20260508;medicamento;576721070095006;;;SANOFI MEDLEY FARMACÊUTICA LTDA.;RIVAROXABANA;10 MG COM REV CT BL AL PLAS PVC/PVDC TRANS X 30;RIVAROXABANA;7891058002077;1832604720038;90517040;576721070095006;S;N;;153.43;211.49;;;;CMED_ICMS17;20260508;20;PF0=127.35|PF12=144.72|PF18=155.3|PF19=157.22|PF20=159.19|PF21=161.2|PF22=163.27|PMC0=175.54|PMC12=199.48|PMC18=214.06|PMC19=216.71|PMC20=219.43|PMC21=222.2|PMC22=225.05|PMVG17=120.4|PMVG18=121.86|PMVG20=124.92
CMED;20260508;medicamento;576721070095106;;;SANOFI MEDLEY FARMACÊUTICA LTDA.;RIVAROXABANA;15 MG COM REV CT BL AL PLAS PVC/PVDC TRANS X 15;RIVAROXABANA;7891058002206;1832604720046;90517059;576721070095106;S;N;;102.02;140.62;;;;CMED_ICMS17;20260508;20;PF0=84.68|PF12=96.23|PF18=103.27|PF19=104.54|PF20=105.85|PF21=107.19|PF22=108.56|PMC0=116.72|PMC12=132.64|PMC18=142.35|PMC19=144.1|PMC20=145.9|PMC21=147.75|PMC22=149.64|PMVG17=80.06|PMVG18=81.04|PMVG20=83.06
CMED;20260508;medicamento;576721070095206;;;SANOFI MEDLEY FARMACÊUTICA LTDA.;RIVAROXABANA;15 MG COM REV CT BL AL PLAS PVC/PVDC TRANS X 30;RIVAROXABANA;7891058002145;1832604720054;90517067;576721070095206;S;N;;143.2;197.39;;;;CMED_ICMS17;20260508;20;PF0=118.86|PF12=135.07|PF18=144.95|PF19=146.74|PF20=148.58|PF21=150.46|PF22=152.38|PMC0=163.84|PMC12=186.18|PMC18=199.8|PMC19=202.27|PMC20=204.8|PMC21=207.39|PMC22=210.04|PMVG17=112.37|PMVG18=113.74|PMVG20=116.59
CMED;20260508;medicamento;576721070095306;;;SANOFI MEDLEY FARMACÊUTICA LTDA.;RIVAROXABANA;20 MG COM REV CT BL AL PLAS PVC/PVDC TRANS X 15;RIVAROXABANA;7891058002213;1832604720062;90517075;576721070095306;S;N;;102.02;140.62;;;;CMED_ICMS17;20260508;20;PF0=84.68|PF12=96.23|PF18=103.27|PF19=104.54|PF20=105.85|PF21=107.19|PF22=108.56|PMC0=116.72|PMC12=132.64|PMC18=142.35|PMC19=144.1|PMC20=145.9|PMC21=147.75|PMC22=149.64|PMVG17=80.06|PMVG18=81.04|PMVG20=83.06
CMED;20260508;medicamento;576721070095406;;;SANOFI MEDLEY FARMACÊUTICA LTDA.;RIVAROXABANA;20 MG COM REV CT BL AL PLAS PVC/PVDC TRANS X 30;RIVAROXABANA;7891058002152;1832604720070;90517083;576721070095406;S;N;;143.2;197.39;;;;CMED_ICMS17;20260508;20;PF0=118.86|PF12=135.07|PF18=144.95|PF19=146.74|PF20=148.58|PF21=150.46|PF22=152.38|PMC0=163.84|PMC12=186.18|PMC18=199.8|PMC19=202.27|PMC20=204.8|PMC21=207.39|PMC22=210.04|PMVG17=112.37|PMVG18=113.74|PMVG20=116.59
CMED;20260508;medicamento;597424110000906;;;CIPLA BRASIL IMPORTADORA E DISTRIBUIDORA DE MEDICAMENTOS LTDA;RIVAROXABANA;10 MG COM REV CT BL AL PLAS PVC/PVDC TRANS X 14;RIVAROXABANA;8901117306189;1154100200010;90601246;597424110000906;S;N;;92.92;128.08;;;;CMED_ICMS17;20260508;20;PF0=77.12|PF12=87.64|PF18=94.05|PF19=95.21|PF20=96.4|PF21=97.62|PF22=98.87|PMC0=106.3|PMC12=120.8|PMC18=129.64|PMC19=131.24|PMC20=132.88|PMC21=134.56|PMC22=136.28|PMVG17=72.91|PMVG18=73.8|PMVG20=75.65
CMED;20260508;medicamento;597424110001006;;;CIPLA BRASIL IMPORTADORA E DISTRIBUIDORA DE MEDICAMENTOS LTDA;RIVAROXABANA;10 MG COM REV CT BL AL PLAS PVC/PVDC TRANS X 28;RIVAROXABANA;8901117306325;1154100200029;90601254;597424110001006;S;N;;185.82;256.13;;;;CMED_ICMS17;20260508;20;PF0=154.23|PF12=175.26|PF18=188.09|PF19=190.41|PF20=192.79|PF21=195.23|PF22=197.73|PMC0=212.59|PMC12=241.58|PMC18=259.26|PMC19=262.46|PMC20=265.74|PMC21=269.1|PMC22=272.55|PMVG17=145.81|PMVG18=147.6|PMVG20=151.28
CMED;20260508;medicamento;534226030040306;;;ADIUM S.A.;RIVASTIGMINA;4,6 MG/DIA ADES TRANSD CT 2 ENV PET/AL/POLIOF OPC X 6;RIVASTIGMINA;7892953210512;1221401390021;;534226030040306;S;N;;149.08;205.49;;;;CMED_ICMS17;20260508;20;PF0=123.74|PF12=140.61|PF18=150.9|PF19=152.77|PF20=154.68|PF21=156.63|PF22=158.64|PMC0=170.56|PMC12=193.82|PMC18=208|PMC19=210.58|PMC20=213.21|PMC21=215.9|PMC22=218.67
CMED;20260508;medicamento;534226030040406;;;ADIUM S.A.;RIVASTIGMINA;4,6 MG/DIA ADES TRANSD CT 5 ENV PET/AL/POLIOF OPC X 6;RIVASTIGMINA;7892953210529;1221401390031;;534226030040406;S;N;;372.71;513.74;;;;CMED_ICMS17;20260508;20;PF0=309.35|PF12=351.53|PF18=377.26|PF19=381.91|PF20=386.69|PF21=391.58|PF22=396.6|PMC0=426.41|PMC12=484.55|PMC18=520.01|PMC19=526.42|PMC20=533.01|PMC21=539.75|PMC22=546.67
CMED;20260508;medicamento;534226030040506;;;ADIUM S.A.;RIVASTIGMINA;4,6 MG/DIA ADES TRANSD CT 10 ENV PET/AL/POLIOF OPC X 6;RIVASTIGMINA;7892953210536;1221401390048;;534226030040506;S;N;;745.43;1027.5;;;;CMED_ICMS17;20260508;20;PF0=618.71|PF12=703.08|PF18=754.52|PF19=763.84|PF20=773.39|PF21=783.18|PF22=793.22|PMC0=852.83|PMC12=969.12|PMC18=1040.03|PMC19=1052.87|PMC20=1066.04|PMC21=1079.53|PMC22=1093.37
CMED;20260508;medicamento;534226030040606;;;ADIUM S.A.;RIVASTIGMINA;13,3 MG/DIA ADES TRANSD CT 2 ENV PET/AL/POLIOF OPC X 6;RIVASTIGMINA;7892953210611;1221401390102;;534226030040606;S;N;;173.77;239.52;;;;CMED_ICMS17;20260508;20;PF0=144.23|PF12=163.9|PF18=175.89|PF19=178.06|PF20=180.29|PF21=182.57|PF22=184.91|PMC0=198.81|PMC12=225.92|PMC18=242.45|PMC19=245.44|PMC20=248.51|PMC21=251.65|PMC22=254.88
CMED;20260508;medicamento;534226030040706;;;ADIUM S.A.;RIVASTIGMINA;13,3 MG/DIA ADES TRANSD CT 5 ENV PET/AL/POLIOF OPC X 6;RIVASTIGMINA;7892953210628;1221401390110;;534226030040706;S;N;;434.43;598.82;;;;CMED_ICMS17;20260508;20;PF0=360.58|PF12=409.75|PF18=439.73|PF19=445.16|PF20=450.73|PF21=456.43|PF22=462.28|PMC0=497.02|PMC12=564.8|PMC18=606.12|PMC19=613.61|PMC20=621.28|PMC21=629.14|PMC22=637.2
CMED;20260508;medicamento;534226030040806;;;ADIUM S.A.;RIVASTIGMINA;13,3 MG/DIA ADES TRANSD CT 10 ENV PET/AL/POLIOF OPC X 6;RIVASTIGMINA;7892953210635;1221401390129;;534226030040806;S;N;;868.86;1197.63;;;;CMED_ICMS17;20260508;20;PF0=721.15|PF12=819.49|PF18=879.45|PF19=890.31|PF20=901.44|PF21=912.85|PF22=924.55|PMC0=994.03|PMC12=1129.58|PMC18=1212.23|PMC19=1227.2|PMC20=1242.54|PMC21=1258.27|PMC22=1274.4
CMED;20260508;medicamento;534226030040906;;;ADIUM S.A.;RIVASTIGMINA;4,6 MG/DIA ADES TRANSD CT ENV PET/AL/POLIOF OPC X 6;RIVASTIGMINA;7892953210505;1221401390013;;534226030040906;S;N;;71.22;98.17;;;;CMED_ICMS17;20260508;20;PF0=59.11|PF12=67.17|PF18=72.09|PF19=72.98|PF20=73.89|PF21=74.82|PF22=75.78|PMC0=81.48|PMC12=92.59|PMC18=99.37|PMC19=100.6|PMC20=101.85|PMC21=103.13|PMC22=104.45
CMED;20260508;medicamento;534226030041006;;;ADIUM S.A.;RIVASTIGMINA;9,5 MG/DIA ADES TRANSD CT ENV PET/AL/POLIOF OPC X 6;RIVASTIGMINA;7892953210550;1221401390056;;534226030041006;S;N;;76.96;106.08;;;;CMED_ICMS17;20260508;20;PF0=63.88|PF12=72.59|PF18=77.9|PF19=78.86|PF20=79.85|PF21=80.86|PF22=81.9|PMC0=88.05|PMC12=100.06|PMC18=107.38|PMC19=108.7|PMC20=110.06|PMC21=111.46|PMC22=112.89
CMED;20260508;medicamento;534226030041106;;;ADIUM S.A.;RIVASTIGMINA;9,5 MG/DIA ADES TRANSD CT 2 ENV PET/AL/POLIOF OPC X 6;RIVASTIGMINA;7892953210567;1221401390064;;534226030041106;S;N;;153.9;212.14;;;;CMED_ICMS17;20260508;20;PF0=127.74|PF12=145.16|PF18=155.78|PF19=157.7|PF20=159.68|PF21=161.7|PF22=163.77|PMC0=176.08|PMC12=200.09|PMC18=214.73|PMC19=217.37|PMC20=220.1|PMC21=222.89|PMC22=225.74
CMED;20260508;medicamento;534226030041206;;;ADIUM S.A.;RIVASTIGMINA;9,5 MG/DIA ADES TRANSD CT 5 ENV PET/AL/POLIOF OPC X 6;RIVASTIGMINA;7892953210574;1221401390072;;534226030041206;S;N;;384.77;530.37;;;;CMED_ICMS17;20260508;20;PF0=319.36|PF12=362.91|PF18=389.46|PF19=394.27|PF20=399.2|PF21=404.25|PF22=409.44|PMC0=440.2|PMC12=500.23|PMC18=536.83|PMC19=543.46|PMC20=550.26|PMC21=557.22|PMC22=564.37
CMED;20260508;medicamento;534226030041306;;;ADIUM S.A.;RIVASTIGMINA;9,5 MG/DIA ADES TRANSD CT 10 ENV PET/AL/POLIOF OPC X 6;RIVASTIGMINA;7892953210581;1221401390080;;534226030041306;S;N;;769.54;1060.73;;;;CMED_ICMS17;20260508;20;PF0=638.72|PF12=725.82|PF18=778.93|PF19=788.54|PF20=798.4|PF21=808.51|PF22=818.87|PMC0=880.41|PMC12=1000.47|PMC18=1073.67|PMC19=1086.92|PMC20=1100.51|PMC21=1114.45|PMC22=1128.73
CMED;20260508;medicamento;534226030041406;;;ADIUM S.A.;RIVASTIGMINA;13,3 MG/DIA ADES TRANSD CT ENV PET/AL/POLIOF OPC X 6;RIVASTIGMINA;7892953210604;1221401390099;;534226030041406;S;N;;86.89;119.77;;;;CMED_ICMS17;20260508;20;PF0=72.12|PF12=81.95|PF18=87.95|PF19=89.04|PF20=90.15|PF21=91.29|PF22=92.46|PMC0=99.41|PMC12=112.96|PMC18=121.23|PMC19=122.73|PMC20=124.26|PMC21=125.83|PMC22=127.45
CMED;20260508;medicamento;552921120141606;;;ACHÉ LABORATÓRIOS FARMACÊUTICOS S.A;RIVASTIGMINA;9 MG ADES TRANSD CT ENV PAP/PLAS PET/AL/PAN X 7;RIVASTIGMINA;7896658039188;1057307710016;90524861;552921120141606;S;N;;91.83;126.58;;;;CMED_ICMS17;20260508;20;PF0=76.22|PF12=86.61|PF18=92.95|PF19=94.1|PF20=95.28|PF21=96.48|PF22=97.72|PMC0=105.06|PMC12=119.38|PMC18=128.12|PMC19=129.71|PMC20=131.33|PMC21=132.99|PMC22=134.7
CMED;20260508;medicamento;552921120141706;;;ACHÉ LABORATÓRIOS FARMACÊUTICOS S.A;RIVASTIGMINA;18 MG ADES TRANSD CT ENV PAP/PLAS PET/AL/PAN X 7;RIVASTIGMINA;7896658039171;1057307710040;90524870;552921120141706;S;N;;94.81;130.69;;;;CMED_ICMS17;20260508;20;PF0=78.69|PF12=89.42|PF18=95.96|PF19=97.15|PF20=98.36|PF21=99.61|PF22=100.88|PMC0=108.47|PMC12=123.26|PMC18=132.27|PMC19=133.91|PMC20=135.58|PMC21=137.3|PMC22=139.05
CMED;20260508;medicamento;552921120141806;;;ACHÉ LABORATÓRIOS FARMACÊUTICOS S.A;RIVASTIGMINA;27 MG ADES TRANSD CT ENV PAP/PLAS PET/AL/PAN X 7;RIVASTIGMINA;7896658039133;1057307710075;90524888;552921120141806;S;N;;107.06;147.57;;;;CMED_ICMS17;20260508;20;PF0=88.86|PF12=100.98|PF18=108.37|PF19=109.7|PF20=111.08|PF21=112.48|PF22=113.92|PMC0=122.48|PMC12=139.19|PMC18=149.38|PMC19=151.21|PMC20=153.11|PMC21=155.04|PMC22=157.03
CMED;20260508;medicamento;508021100143604;;;EUROFARMA LABORATORIOS S.A.;RIVAXA;20 MG COM REV CT BL AL PLAS PVC/PVDC TRANS X 30;RIVAROXABANA;7891317017729;1004313470349;90518225;508021100143604;;N;;266.93;367.94;;;;CMED_ICMS17;20260508;20;PF0=221.55|PF12=251.76|PF18=270.18|PF19=273.52|PF20=276.94|PF21=280.44|PF22=284.04|PMC0=305.38|PMC12=347.02|PMC18=372.41|PMC19=377.02|PMC20=381.73|PMC21=386.56|PMC22=391.52|PMVG17=209.46|PMVG18=212.01|PMVG20=217.32
CMED;20260508;medicamento;508021100143704;;;EUROFARMA LABORATORIOS S.A.;RIVAXA;10 MG COM REV CT BL AL PLAS PVC/PVDC TRANS X 5;RIVAROXABANA;7891317017736;1004313470071;90518152;508021100143704;;N;;43.98;60.62;;;;CMED_ICMS17;20260508;20;PF0=36.5|PF12=41.48|PF18=44.51|PF19=45.06|PF20=45.63|PF21=46.2|PF22=46.79|PMC0=50.31|PMC12=57.18|PMC18=61.35|PMC19=62.11|PMC20=62.9|PMC21=63.68|PMC22=64.5|PMVG17=34.51|PMVG18=34.93|PMVG20=35.81
CMED;20260508;medicamento;508021100143804;;;EUROFARMA LABORATORIOS S.A.;RIVAXA;10 MG COM REV CT BL AL PLAS PVC/PVDC TRANS X 10;RIVAROXABANA;7891317017682;1004313470081;90518160;508021100143804;;N;;87.95;121.23;;;;CMED_ICMS17;20260508;20;PF0=73|PF12=82.95|PF18=89.02|PF19=90.12|PF20=91.25|PF21=92.41|PF22=93.59|PMC0=100.62|PMC12=114.34|PMC18=122.7|PMC19=124.22|PMC20=125.78|PMC21=127.38|PMC22=129|PMVG17=69.01|PMVG18=69.85|PMVG20=71.6
CMED;20260508;medicamento;508021100143904;;;EUROFARMA LABORATORIOS S.A.;RIVAXA;20 MG COM REV CT BL AL PLAS PVC/PVDC TRANS X 5;RIVAROXABANA;7891317017750;1004313470314;90518217;508021100143904;;N;;44.48;61.31;;;;CMED_ICMS17;20260508;20;PF0=36.92|PF12=41.95|PF18=45.02|PF19=45.58|PF20=46.15|PF21=46.73|PF22=47.33|PMC0=50.89|PMC12=57.82|PMC18=62.06|PMC19=62.83|PMC20=63.61|PMC21=64.41|PMC22=65.24|PMVG17=34.9|PMVG18=35.33|PMVG20=36.21
CMED;20260508;medicamento;508021100144004;;;EUROFARMA LABORATORIOS S.A.;RIVAXA;10 MG COM REV CT BL AL PLAS PVC/PVDC TRANS X 30;RIVAROXABANA;7891317017699;1004313470101;90518179;508021100144004;;N;;263.86;363.7;;;;CMED_ICMS17;20260508;20;PF0=219|PF12=248.86|PF18=267.07|PF19=270.37|PF20=273.75|PF21=277.22|PF22=280.77|PMC0=301.87|PMC12=343.03|PMC18=368.13|PMC19=372.68|PMC20=377.34|PMC21=382.12|PMC22=387.01|PMVG17=207.05|PMVG18=209.57|PMVG20=214.81
CMED;20260508;medicamento;508021100144104;;;EUROFARMA LABORATORIOS S.A.;RIVAXA;15 MG COM REV CT BL AL PLAS PVC/PVDC TRANS X 5;RIVAROXABANA;7891317017743;1004313470195;90518187;508021100144104;;N;;44.48;61.31;;;;CMED_ICMS17;20260508;20;PF0=36.92|PF12=41.95|PF18=45.02|PF19=45.58|PF20=46.15|PF21=46.73|PF22=47.33|PMC0=50.89|PMC12=57.82|PMC18=62.06|PMC19=62.83|PMC20=63.61|PMC21=64.41|PMC22=65.24|PMVG17=34.9|PMVG18=35.33|PMVG20=36.21
CMED;20260508;medicamento;508021100144204;;;EUROFARMA LABORATORIOS S.A.;RIVAXA;15 MG COM REV CT BL AL PLAS PVC/PVDC TRANS X 15;RIVAROXABANA;7891317017705;1004313470217;90518195;508021100144204;;N;;133.48;183.99;;;;CMED_ICMS17;20260508;20;PF0=110.79|PF12=125.9|PF18=135.11|PF19=136.78|PF20=138.49|PF21=140.24|PF22=142.04|PMC0=152.71|PMC12=173.54|PMC18=186.24|PMC19=188.54|PMC20=190.89|PMC21=193.31|PMC22=195.79|PMVG17=104.74|PMVG18=106.02|PMVG20=108.67
CMED;20260508;medicamento;508021100144304;;;EUROFARMA LABORATORIOS S.A.;RIVAXA;15 MG COM REV CT BL AL PLAS PVC/PVDC TRANS X 30;RIVAROXABANA;7891317017712;1004313470225;90518209;508021100144304;;N;;266.93;367.94;;;;CMED_ICMS17;20260508;20;PF0=221.55|PF12=251.76|PF18=270.18|PF19=273.52|PF20=276.94|PF21=280.44|PF22=284.04|PMC0=305.38|PMC12=347.02|PMC18=372.41|PMC19=377.02|PMC20=381.73|PMC21=386.56|PMC22=391.52|PMVG17=209.46|PMVG18=212.01|PMVG20=217.32
CMED;20260508;medicamento;534226040041803;;;ADIUM S.A.;RIVAZICH;4,6 MG/DIA ADES TRANSD CT ENV PET/AL/POLIOF OPC X 6;RIVASTIGMINA;7892953207789;1221401400019;;534226040041803;;N;;73.65;101.52;;;;CMED_ICMS17;20260508;20;PF0=61.13|PF12=69.47|PF18=74.55|PF19=75.47|PF20=76.41|PF21=77.38|PF22=78.37|PMC0=84.26|PMC12=95.76|PMC18=102.76|PMC19=104.03|PMC20=105.32|PMC21=106.66|PMC22=108.02
CMED;20260508;medicamento;534226040041903;;;ADIUM S.A.;RIVAZICH;4,6 MG/DIA ADES TRANSD CT 2 ENV PET/AL/POLIOF OPC X 6;RIVASTIGMINA;7892953207796;1221401400027;;534226040041903;;N;;147.3;203.04;;;;CMED_ICMS17;20260508;20;PF0=122.26|PF12=138.93|PF18=149.1|PF19=150.94|PF20=152.83|PF21=154.76|PF22=156.74|PMC0=168.52|PMC12=191.5|PMC18=205.52|PMC19=208.06|PMC20=210.66|PMC21=213.32|PMC22=216.05
CMED;20260508;medicamento;534226040042003;;;ADIUM S.A.;RIVAZICH;4,6 MG/DIA ADES TRANSD CT 10 ENV PET/AL/POLIOF OPC X 6;RIVASTIGMINA;7892953207819;1221401400043;;534226040042003;;N;;736.49;1015.17;;;;CMED_ICMS17;20260508;20;PF0=611.29|PF12=694.65|PF18=745.48|PF19=754.68|PF20=764.11|PF21=773.78|PF22=783.7|PMC0=842.6|PMC12=957.5|PMC18=1027.57|PMC19=1040.25|PMC20=1053.25|PMC21=1066.58|PMC22=1080.25
CMED;20260508;medicamento;534226040042103;;;ADIUM S.A.;RIVAZICH;9,5 MG/DIA ADES TRANSD CT ENV PET/AL/POLIOF OPC X 6;RIVASTIGMINA;7892953207826;1221401400051;;534226040042103;;N;;76.04;104.81;;;;CMED_ICMS17;20260508;20;PF0=63.11|PF12=71.72|PF18=76.96|PF19=77.91|PF20=78.89|PF21=79.89|PF22=80.91|PMC0=86.99|PMC12=98.86|PMC18=106.08|PMC19=107.39|PMC20=108.74|PMC21=110.12|PMC22=111.53
CMED;20260508;medicamento;534226040042203;;;ADIUM S.A.;RIVAZICH;9,5 MG/DIA ADES TRANSD CT 2 ENV PET/AL/POLIOF OPC X 6;RIVASTIGMINA;7892953207833;1221401400061;;534226040042203;;N;;152.06;209.6;;;;CMED_ICMS17;20260508;20;PF0=126.21|PF12=143.42|PF18=153.91|PF19=155.81|PF20=157.76|PF21=159.76|PF22=161.81|PMC0=173.97|PMC12=197.69|PMC18=212.15|PMC19=214.77|PMC20=217.46|PMC21=220.21|PMC22=223.04
CMED;20260508;medicamento;534226040042303;;;ADIUM S.A.;RIVAZICH;9,5 MG/DIA ADES TRANSD CT 10 ENV PET/AL/POLIOF OPC X 6;RIVASTIGMINA;7892953207857;1221401400086;;534226040042303;;N;;760.31;1048.01;;;;CMED_ICMS17;20260508;20;PF0=631.06|PF12=717.11|PF18=769.59|PF19=779.09|PF20=788.83|PF21=798.81|PF22=809.05|PMC0=869.85|PMC12=988.46|PMC18=1060.8|PMC19=1073.89|PMC20=1087.32|PMC21=1101.08|PMC22=1115.19
CMED;20260508;medicamento;534226040042403;;;ADIUM S.A.;RIVAZICH;13,3 MG/DIA ADES TRANSD CT ENV PET/AL/POLIOF OPC X 6;RIVASTIGMINA;7892953207864;1221401400094;;534226040042403;;N;;85.84;118.32;;;;CMED_ICMS17;20260508;20;PF0=71.25|PF12=80.97|PF18=86.89|PF19=87.96|PF20=89.06|PF21=90.19|PF22=91.35|PMC0=98.21|PMC12=111.61|PMC18=119.77|PMC19=121.24|PMC20=122.76|PMC21=124.32|PMC22=125.92
CMED;20260508;medicamento;534226040042503;;;ADIUM S.A.;RIVAZICH;13,3 MG/DIA ADES TRANSD CT 2 ENV PET/AL/POLIOF OPC X 6;RIVASTIGMINA;7892953207871;1221401400108;;534226040042503;;N;;171.69;236.66;;;;CMED_ICMS17;20260508;20;PF0=142.5|PF12=161.93|PF18=173.78|PF19=175.93|PF20=178.13|PF21=180.38|PF22=182.69|PMC0=196.42|PMC12=223.2|PMC18=239.54|PMC19=242.5|PMC20=245.53|PMC21=248.64|PMC22=251.82
CMED;20260508;medicamento;534226040042603;;;ADIUM S.A.;RIVAZICH;13,3 MG/DIA ADES TRANSD CT 10 ENV PET/AL/POLIOF OPC X 6;RIVASTIGMINA;7892953207895;1221401400124;;534226040042603;;N;;858.43;1183.26;;;;CMED_ICMS17;20260508;20;PF0=712.5|PF12=809.66|PF18=868.9|PF19=879.63|PF20=890.63|PF21=901.9|PF22=913.46|PMC0=982.11|PMC12=1116.03|PMC18=1197.69|PMC19=1212.48|PMC20=1227.64|PMC21=1243.18|PMC22=1259.11
CMED;20260508;medicamento;534226040042703;;;ADIUM S.A.;RIVAZICH;4,6 MG/DIA ADES TRANSD CT 5 ENV PET/AL/POLIOF OPC X 6;RIVASTIGMINA;7892953207802;1221401400035;;534226040042703;;N;;368.25;507.59;;;;CMED_ICMS17;20260508;20;PF0=305.65|PF12=347.33|PF18=372.74|PF19=377.35|PF20=382.06|PF21=386.9|PF22=391.86|PMC0=421.31|PMC12=478.76|PMC18=513.78|PMC19=520.14|PMC20=526.63|PMC21=533.3|PMC22=540.14
CMED;20260508;medicamento;534226040042803;;;ADIUM S.A.;RIVAZICH;9,5 MG/DIA ADES TRANSD CT 5 ENV PET/AL/POLIOF OPC X 6;RIVASTIGMINA;7892953207840;1221401400078;;534226040042803;;N;;380.16;524.01;;;;CMED_ICMS17;20260508;20;PF0=315.53|PF12=358.56|PF18=384.79|PF19=389.54|PF20=394.41|PF21=399.41|PF22=404.53|PMC0=434.93|PMC12=494.24|PMC18=530.39|PMC19=536.94|PMC20=543.65|PMC21=550.55|PMC22=557.6
CMED;20260508;medicamento;534226040042903;;;ADIUM S.A.;RIVAZICH;13,3 MG/DIA ADES TRANSD CT 5 ENV PET/AL/POLIOF OPC X 6;RIVASTIGMINA;7892953207888;1221401400116;;534226040042903;;N;;429.22;591.64;;;;CMED_ICMS17;20260508;20;PF0=356.25|PF12=404.83|PF18=434.45|PF19=439.81|PF20=445.31|PF21=450.95|PF22=456.73|PMC0=491.05|PMC12=558.02|PMC18=598.84|PMC19=606.23|PMC20=613.81|PMC21=621.59|PMC22=629.55
CMED;20260508;medicamento;504622020084503;;;BRAINFARMA INDÚSTRIA QUÍMICA E FARMACÊUTICA S.A;RIVNEO;10 MG COM REV CT BL AL PLAS PVC/PVDC TRANS X 10;RIVAROXABANA;7896714291130;1558406100011;90530519;504622020084503;;N;;68.02;93.76;;;;CMED_ICMS17;20260508;20;PF0=56.46|PF12=64.16|PF18=68.85|PF19=69.7|PF20=70.58|PF21=71.47|PF22=72.38|PMC0=77.82|PMC12=88.44|PMC18=94.9|PMC19=96.07|PMC20=97.29|PMC21=98.51|PMC22=99.77|PMVG17=53.38|PMVG18=54.03|PMVG20=55.39
CMED;20260508;medicamento;504622020084603;;;BRAINFARMA INDÚSTRIA QUÍMICA E FARMACÊUTICA S.A;RIVNEO;15 MG COM REV CT BL AL PLAS PVC/PVDC TRANS X 30;RIVAROXABANA;7896714291147;1558406100054;90530527;504622020084603;;N;;204;281.19;;;;CMED_ICMS17;20260508;20;PF0=169.32|PF12=192.41|PF18=206.49|PF19=209.04|PF20=211.65|PF21=214.33|PF22=217.08|PMC0=233.39|PMC12=265.22|PMC18=284.62|PMC19=288.14|PMC20=291.74|PMC21=295.43|PMC22=299.22|PMVG17=160.08|PMVG18=162.03|PMVG20=166.08
CMED;20260508;medicamento;504622020084703;;;BRAINFARMA INDÚSTRIA QUÍMICA E FARMACÊUTICA S.A;RIVNEO;20 MG COM REV CT BL AL PLAS PVC/PVDC TRANS X 30;RIVAROXABANA;7896714291185;1558406100089;90530535;504622020084703;;N;;204;281.19;;;;CMED_ICMS17;20260508;20;PF0=169.32|PF12=192.41|PF18=206.49|PF19=209.04|PF20=211.65|PF21=214.33|PF22=217.08|PMC0=233.39|PMC12=265.22|PMC18=284.62|PMC19=288.14|PMC20=291.74|PMC21=295.43|PMC22=299.22|PMVG17=160.08|PMVG18=162.03|PMVG20=166.08
CMED;20260508;medicamento;544221120001717;;;BLANVER FARMOQUIMICA E FARMACEUTICA S.A.;RIVOTRIL;2 MG COM CT BL AL PLAS TRANS X 20;CLONAZEPAM;7898581710417;1152400110010;90525507;544221120001717;;N;;17.81;24.55;;;;CMED_ICMS17;20260508;20;PF0=14.78|PF12=16.8|PF18=18.02|PF19=18.25|PF20=18.48|PF21=18.71|PF22=18.95|PMC0=20.37|PMC12=23.16|PMC18=24.84|PMC19=25.16|PMC20=25.47|PMC21=25.79|PMC22=26.12|PMVG17=13.98|PMVG18=14.14|PMVG20=14.5
CMED;20260508;medicamento;544221120001817;;;BLANVER FARMOQUIMICA E FARMACEUTICA S.A.;RIVOTRIL;0,5 MG COM CT BL AL PLAS TRANS X 20;CLONAZEPAM;7898581710431;1152400110029;90525515;544221120001817;;N;;9.93;13.69;;;;CMED_ICMS17;20260508;20;PF0=8.24|PF12=9.36|PF18=10.05|PF19=10.17|PF20=10.3|PF21=10.43|PF22=10.56|PMC0=11.36|PMC12=12.9|PMC18=13.85|PMC19=14.02|PMC20=14.2|PMC21=14.38|PMC22=14.56|PMVG17=7.79|PMVG18=7.89|PMVG20=8.08
CMED;20260508;medicamento;544221120001917;;;BLANVER FARMOQUIMICA E FARMACEUTICA S.A.;RIVOTRIL;2,5 MG/ML SOL OR CT FR VD CGT X 20 ML;CLONAZEPAM;7898581710455;1152400110037;90525523;544221120001917;;N;;23.57;32.49;;;;CMED_ICMS17;20260508;20;PF0=19.56|PF12=22.23|PF18=23.85|PF19=24.15|PF20=24.45|PF21=24.76|PF22=25.08|PMC0=26.96|PMC12=30.64|PMC18=32.87|PMC19=33.29|PMC20=33.7|PMC21=34.13|PMC22=34.57|PMVG17=18.5|PMVG18=18.71|PMVG20=19.19
CMED;20260508;medicamento;544221120002017;;;BLANVER FARMOQUIMICA E FARMACEUTICA S.A.;RIVOTRIL;0,5 MG COM CT BL AL PLAS TRANS X 30;CLONAZEPAM;7898581710448;1152400110045;90525531;544221120002017;;N;;14.94;20.59;;;;CMED_ICMS17;20260508;20;PF0=12.4|PF12=14.09|PF18=15.12|PF19=15.31|PF20=15.5|PF21=15.7|PF22=15.9|PMC0=17.09|PMC12=19.42|PMC18=20.84|PMC19=21.1|PMC20=21.37|PMC21=21.64|PMC22=21.92|PMVG17=11.72|PMVG18=11.86|PMVG20=12.16
CMED;20260508;medicamento;544221120002117;;;BLANVER FARMOQUIMICA E FARMACEUTICA S.A.;RIVOTRIL;2 MG COM CT BL AL PLAS TRANS X 30;CLONAZEPAM;7898581710424;1152400110053;90525540;544221120002117;;N;;26.19;36.1;;;;CMED_ICMS17;20260508;20;PF0=21.74|PF12=24.7|PF18=26.51|PF19=26.84|PF20=27.18|PF21=27.52|PF22=27.87|PMC0=29.97|PMC12=34.05|PMC18=36.54|PMC19=37|PMC20=37.46|PMC21=37.93|PMC22=38.42|PMVG17=20.55|PMVG18=20.8|PMVG20=21.33
CMED;20260508;medicamento;544221120002217;;;BLANVER FARMOQUIMICA E FARMACEUTICA S.A.;RIVOTRIL;0,25 MG COM SUB CT BL AL PLAST TRANS X 30;CLONAZEPAM;7898581710462;1152400110061;90525558;544221120002217;;N;;7.73;10.65;;;;CMED_ICMS17;20260508;20;PF0=6.42|PF12=7.3|PF18=7.83|PF19=7.93|PF20=8.03|PF21=8.13|PF22=8.23|PMC0=8.85|PMC12=10.06|PMC18=10.79|PMC19=10.93|PMC20=11.07|PMC21=11.21|PMC22=11.34|PMVG17=6.07|PMVG18=6.14|PMVG20=6.3
CMED;20260508;medicamento;538819010058404;;;LEGRAND PHARMA INDUSTRIA FARMACEUTICA LTDA;RIXANTIL;10 MG COM REV CT BL AL PLAS PVDC OPC X 5;RIVAROXABANA;7896004764849;1677306030014;90416147;538819010058404;;N;;52.34;72.15;;;;CMED_ICMS17;20260508;20;PF0=43.44|PF12=49.36|PF18=52.98|PF19=53.63|PF20=54.3|PF21=54.99|PF22=55.69|PMC0=59.88|PMC12=68.04|PMC18=73.03|PMC19=73.92|PMC20=74.85|PMC21=75.8|PMC22=76.76|PMVG17=41.07|PMVG18=41.57|PMVG20=42.61
CMED;20260508;medicamento;538819010058504;;;LEGRAND PHARMA INDUSTRIA FARMACEUTICA LTDA;RIXANTIL;10 MG COM REV CT BL AL PLAS PVDC OPC X 10;RIVAROXABANA;7896004759241;1677306030022;90416155;538819010058504;;N;;104.64;144.24;;;;CMED_ICMS17;20260508;20;PF0=86.85|PF12=98.69|PF18=105.91|PF19=107.22|PF20=108.56|PF21=109.94|PF22=111.35|PMC0=119.71|PMC12=136.03|PMC18=145.99|PMC19=147.79|PMC20=149.64|PMC21=151.54|PMC22=153.48|PMVG17=82.11|PMVG18=83.11|PMVG20=85.19
CMED;20260508;medicamento;538819010058604;;;LEGRAND PHARMA INDUSTRIA FARMACEUTICA LTDA;RIXANTIL;10 MG COM REV CT BL AL PLAS PVDC OPC X 30;RIVAROXABANA;7896004764856;1677306030030;90416163;538819010058604;;N;;313.9;432.68;;;;CMED_ICMS17;20260508;20;PF0=260.54|PF12=296.07|PF18=317.73|PF19=321.65|PF20=325.68|PF21=329.8|PF22=334.03|PMC0=359.13|PMC12=408.1|PMC18=437.96|PMC19=443.36|PMC20=448.92|PMC21=454.59|PMC22=460.43|PMVG17=246.32|PMVG18=249.32|PMVG20=255.56
CMED;20260508;medicamento;538819010058704;;;LEGRAND PHARMA INDUSTRIA FARMACEUTICA LTDA;RIXANTIL;15 MG COM REV CT BL AL PLAS PVDC OPC X 14;RIVAROXABANA;7896004764863;1677306030065;90416171;538819010058704;;N;;146.48;201.91;;;;CMED_ICMS17;20260508;20;PF0=121.58|PF12=138.16|PF18=148.27|PF19=150.1|PF20=151.98|PF21=153.9|PF22=155.87|PMC0=167.59|PMC12=190.44|PMC18=204.37|PMC19=206.9|PMC20=209.49|PMC21=212.14|PMC22=214.85|PMVG17=114.94|PMVG18=116.35|PMVG20=119.26
CMED;20260508;medicamento;538819010058804;;;LEGRAND PHARMA INDUSTRIA FARMACEUTICA LTDA;RIXANTIL;15 MG COM REV CT BL AL PLAS PVDC OPC X 28;RIVAROXABANA;7896004764870;1677306030073;90416180;538819010058804;;N;;292.98;403.84;;;;CMED_ICMS17;20260508;20;PF0=243.17|PF12=276.33|PF18=296.55|PF19=300.21|PF20=303.96|PF21=307.81|PF22=311.76|PMC0=335.18|PMC12=380.89|PMC18=408.76|PMC19=413.81|PMC20=418.98|PMC21=424.28|PMC22=429.73|PMVG17=229.9|PMVG18=232.7|PMVG20=238.52
CMED;20260508;medicamento;538819010058904;;;LEGRAND PHARMA INDUSTRIA FARMACEUTICA LTDA;RIXANTIL;15 MG COM REV CT BL AL PLAS PVDC OPC X 42;RIVAROXABANA;7896004764887;1677306030081;90416198;538819010058904;;N;;439.47;605.76;;;;CMED_ICMS17;20260508;20;PF0=364.76|PF12=414.5|PF18=444.83|PF19=450.32|PF20=455.95|PF21=461.72|PF22=467.64|PMC0=502.78|PMC12=571.35|PMC18=613.15|PMC19=620.72|PMC20=628.48|PMC21=636.43|PMC22=644.59|PMVG17=344.85|PMVG18=349.06|PMVG20=357.78
CMED;20260508;medicamento;538819010059004;;;LEGRAND PHARMA INDUSTRIA FARMACEUTICA LTDA;RIXANTIL;20 MG COM REV CT BL AL PLAS PVDC OPC X 14;RIVAROXABANA;7896004764894;1677306030111;90416201;538819010059004;;N;;146.48;201.91;;;;CMED_ICMS17;20260508;20;PF0=121.58|PF12=138.16|PF18=148.27|PF19=150.1|PF20=151.98|PF21=153.9|PF22=155.87|PMC0=167.59|PMC12=190.44|PMC18=204.37|PMC19=206.9|PMC20=209.49|PMC21=212.14|PMC22=214.85|PMVG17=114.94|PMVG18=116.35|PMVG20=119.26
CMED;20260508;medicamento;538819010059104;;;LEGRAND PHARMA INDUSTRIA FARMACEUTICA LTDA;RIXANTIL;20 MG COM REV CT BL AL PLAS PVDC OPC X 28;RIVAROXABANA;7896004764900;1677306030121;90416210;538819010059104;;N;;292.98;403.84;;;;CMED_ICMS17;20260508;20;PF0=243.17|PF12=276.33|PF18=296.55|PF19=300.21|PF20=303.96|PF21=307.81|PF22=311.76|PMC0=335.18|PMC12=380.89|PMC18=408.76|PMC19=413.81|PMC20=418.98|PMC21=424.28|PMC22=429.73|PMVG17=229.9|PMVG18=232.7|PMVG20=238.52
CMED;20260508;medicamento;538819010059204;;;LEGRAND PHARMA INDUSTRIA FARMACEUTICA LTDA;RIXANTIL;20 MG COM REV CT BL AL PLAS PVDC OPC X 42;RIVAROXABANA;7896004764917;1677306030138;90416228;538819010059204;;N;;439.47;605.76;;;;CMED_ICMS17;20260508;20;PF0=364.76|PF12=414.5|PF18=444.83|PF19=450.32|PF20=455.95|PF21=461.72|PF22=467.64|PMC0=502.78|PMC12=571.35|PMC18=613.15|PMC19=620.72|PMC20=628.48|PMC21=636.43|PMC22=644.59|PMVG17=344.85|PMVG18=349.06|PMVG20=357.78
CMED;20260508;medicamento;538821100106703;;;LEGRAND PHARMA INDUSTRIA FARMACEUTICA LTDA;RIXANTIL;15 MG COM REV CT BL AL PLAS PVDC OPC X 30;RIVAROXABANA;7896004780603;1677306030162;90522257;538821100106703;;N;;313.89;432.66;;;;CMED_ICMS17;20260508;20;PF0=260.53|PF12=296.06|PF18=317.72|PF19=321.64|PF20=325.66|PF21=329.78|PF22=334.01|PMC0=359.11|PMC12=408.09|PMC18=437.94|PMC19=443.35|PMC20=448.89|PMC21=454.57|PMC22=460.4|PMVG17=246.31|PMVG18=249.31|PMVG20=255.54
CMED;20260508;medicamento;538821100106803;;;LEGRAND PHARMA INDUSTRIA FARMACEUTICA LTDA;RIXANTIL;20 MG COM REV CT BL AL PLAS PVDC OPC X 15;RIVAROXABANA;7896004780610;1677306030170;90522265;538821100106803;;N;;156.93;216.31;;;;CMED_ICMS17;20260508;20;PF0=130.25|PF12=148.01|PF18=158.84|PF19=160.8|PF20=162.81|PF21=164.87|PF22=166.99|PMC0=179.54|PMC12=204.02|PMC18=218.94|PMC19=221.65|PMC20=224.42|PMC21=227.26|PMC22=230.18|PMVG17=123.14|PMVG18=124.64|PMVG20=127.76
CMED;20260508;medicamento;538821100106903;;;LEGRAND PHARMA INDUSTRIA FARMACEUTICA LTDA;RIXANTIL;20 MG COM REV CT BL AL PLAS PVDC OPC X 30;RIVAROXABANA;7896004780627;1677306030189;90522273;538821100106903;;N;;313.89;432.66;;;;CMED_ICMS17;20260508;20;PF0=260.53|PF12=296.06|PF18=317.72|PF19=321.64|PF20=325.66|PF21=329.78|PF22=334.01|PMC0=359.11|PMC12=408.09|PMC18=437.94|PMC19=443.35|PMC20=448.89|PMC21=454.57|PMC22=460.4|PMVG17=246.31|PMVG18=249.31|PMVG20=255.54
CMED;20260508;medicamento;538821100107003;;;LEGRAND PHARMA INDUSTRIA FARMACEUTICA LTDA;RIXANTIL;20 MG COM REV CT BL AL PLAS PVDC OPC X 60;RIVAROXABANA;7896004780634;1677306030197;90522281;538821100107003;;N;;627.76;865.3;;;;CMED_ICMS17;20260508;20;PF0=521.04|PF12=592.09|PF18=635.41|PF19=643.26|PF20=651.3|PF21=659.54|PF22=668|PMC0=718.2|PMC12=816.13|PMC18=875.85|PMC19=886.67|PMC20=897.75|PMC21=909.11|PMC22=920.77|PMVG17=492.6|PMVG18=498.61|PMVG20=511.08
CMED;20260508;medicamento;538823100117403;;;LEGRAND PHARMA INDUSTRIA FARMACEUTICA LTDA;RIXANTIL;2,5 MG COM REV CT BL AL PLAS PVC/PVDC OPC X 15;RIVAROXABANA;7898995325610;1677306030200;90572122;538823100117403;;N;;51.02;70.33;;;;CMED_ICMS17;20260508;20;PF0=42.35|PF12=48.13|PF18=51.65|PF19=52.28|PF20=52.94|PF21=53.61|PF22=54.29|PMC0=58.38|PMC12=66.34|PMC18=71.19|PMC19=72.06|PMC20=72.97|PMC21=73.9|PMC22=74.83|PMVG17=40.04|PMVG18=40.53|PMVG20=41.54
CMED;20260508;medicamento;538823100117503;;;LEGRAND PHARMA INDUSTRIA FARMACEUTICA LTDA;RIXANTIL;2,5 MG COM REV CT BL AL PLAS PVC/PVDC OPC X 30;RIVAROXABANA;7898995325627;1677306030219;90572130;538823100117503;;N;;102.06;140.68;;;;CMED_ICMS17;20260508;20;PF0=84.71|PF12=96.26|PF18=103.3|PF19=104.58|PF20=105.89|PF21=107.23|PF22=108.6|PMC0=116.76|PMC12=132.68|PMC18=142.39|PMC19=144.15|PMC20=145.96|PMC21=147.81|PMC22=149.69|PMVG17=80.09|PMVG18=81.06|PMVG20=83.09
CMED;20260508;medicamento;538823100117603;;;LEGRAND PHARMA INDUSTRIA FARMACEUTICA LTDA;RIXANTIL;2,5 MG COM REV CT BL AL PLAS PVC/PVDC OPC X 60;RIVAROXABANA;7898995325634;1677306030227;90572149;538823100117603;;N;;204.07;281.29;;;;CMED_ICMS17;20260508;20;PF0=169.38|PF12=192.48|PF18=206.56|PF19=209.11|PF20=211.73|PF21=214.41|PF22=217.15|PMC0=233.47|PMC12=265.31|PMC18=284.72|PMC19=288.24|PMC20=291.85|PMC21=295.54|PMC22=299.32|PMVG17=160.13|PMVG18=162.09|PMVG20=166.15
CMED;20260508;medicamento;538823100117703;;;LEGRAND PHARMA INDUSTRIA FARMACEUTICA LTDA;RIXANTIL;2,5 MG COM REV CT BL AL PLAS PVC/PVDC OPC X 90;RIVAROXABANA;7898995325641;1677306030235;90572157;538823100117703;;N;;306.14;421.98;;;;CMED_ICMS17;20260508;20;PF0=254.1|PF12=288.75|PF18=309.88|PF19=313.7|PF20=317.63|PF21=321.65|PF22=325.77|PMC0=350.25|PMC12=398.01|PMC18=427.14|PMC19=432.4|PMC20=437.82|PMC21=443.36|PMC22=449.04|PMVG17=240.23|PMVG18=243.16|PMVG20=249.25
CMED;20260508;medicamento;511519060070807;;;SANDOZ DO BRASIL INDÚSTRIA FARMACÊUTICA LTDA;RIXIMYO;10 MG/ML SOL DIL INFUS CT 2 FR VD TRANS X 10 ML;RITUXIMABE;7897595635204;1004706180011;90435966;511519060070807;;S;;;;;;;CMED_ICMS17;20260508;20;PF0=3877.01
CMED;20260508;medicamento;511519060070907;;;SANDOZ DO BRASIL INDÚSTRIA FARMACÊUTICA LTDA;RIXIMYO;10 MG/ML SOL DIL INFUS CT 1 FR VD TRANS X 50 ML;RITUXIMABE;7897595635211;1004706180036;90435974;511519060070907;;S;;;;;;;CMED_ICMS17;20260508;20;PF0=9677.89
CMED;20260508;medicamento;501121010033217;;;TAKEDA PHARMA LTDA.;RIXUBIS;250 UI PO LIOF CT 1 FA VD INC + 1 FA DIL X 5 ML + DISP REC;GAMANONACOGUE;7896641816888;1063902850011;90497481;501121010033217;;N;;823.01;1104.04;;;;CMED_ICMS17;20260508;20;PF0=683.1|PF12=776.25|PF18=833.05|PF19=843.33|PF20=853.88|PF21=864.68|PF22=875.77|PMC0=916.35|PMC12=1041.31|PMC18=1117.51|PMC19=1131.3|PMC20=1145.45|PMC21=1159.94|PMC22=1174.81|PMVG17=645.82|PMVG18=653.69|PMVG20=670.04
CMED;20260508;medicamento;501121010033317;;;TAKEDA PHARMA LTDA.;RIXUBIS;500 UI PO LIOF CT 1 FA VD INC + 1 FA DIL X 5 ML + DISP REC;GAMANONACOGUE;7896641816895;1063902850028;90497490;501121010033317;;N;;1646;2208.05;;;;CMED_ICMS17;20260508;20;PF0=1366.18|PF12=1552.48|PF18=1666.07|PF19=1686.64|PF20=1707.73|PF21=1729.34|PF22=1751.51|PMC0=1832.68|PMC12=2082.6|PMC18=2234.97|PMC19=2262.57|PMC20=2290.86|PMC21=2319.85|PMC22=2349.59|PMVG17=1291.62|PMVG18=1307.36|PMVG20=1340.06
CMED;20260508;medicamento;501121010033417;;;TAKEDA PHARMA LTDA.;RIXUBIS;1000 UI PO LIOF CT 1 FA VD INC + 1 FA DIL X 5 ML + DISP REC;GAMANONACOGUE;7896641816901;1063902850036;90497503;501121010033417;;N;;3292.02;4416.13;;;;CMED_ICMS17;20260508;20;PF0=2732.38|PF12=3104.98|PF18=3332.17|PF19=3373.31|PF20=3415.48|PF21=3458.71|PF22=3503.05|PMC0=3665.39|PMC12=4165.22|PMC18=4469.99|PMC19=4525.18|PMC20=4581.74|PMC21=4639.74|PMC22=4699.22|PMVG17=2583.25|PMVG18=2614.75|PMVG20=2680.13
CMED;20260508;medicamento;501121010033517;;;TAKEDA PHARMA LTDA.;RIXUBIS;3000 UI PO LIOF CT 1 FA VD INC + 1 FA DIL X 5 ML + DISP REC;GAMANONACOGUE;7896641816932;1063902850052;90497511;501121010033517;;N;;9876.07;13248.4;;;;CMED_ICMS17;20260508;20;PF0=8197.14|PF12=9314.93|PF18=9996.51|PF19=10119.93|PF20=10246.43|PF21=10376.13|PF22=10509.15|PMC0=10996.17|PMC12=12495.65|PMC18=13409.96|PMC19=13575.53|PMC20=13745.22|PMC21=13919.21|PMC22=14097.65|PMVG17=7749.75|PMVG18=7844.26|PMVG20=8040.37
CMED;20260508;medicamento;540920010041107;;;COSMED INDUSTRIA DE COSMETICOS E MEDICAMENTOS S.A.;RIZI;5,0 MG COM REV CT BL AL/AL X 10;DICLORIDRATO DE LEVOCETIRIZINA;7896094918481;1781708720011;90450205;540920010041107;;N;;43.82;58.78;;;;CMED_ICMS17;20260508;20;PF0=36.37|PF12=41.33|PF18=44.35|PF19=44.9|PF20=45.46|PF21=46.04|PF22=46.63|PMC0=48.79|PMC12=55.44|PMC18=59.49|PMC19=60.23|PMC20=60.98|PMC21=61.76|PMC22=62.55|PMVG17=34.39|PMVG18=34.8|PMVG20=35.67
CMED;20260508;medicamento;540920010041207;;;COSMED INDUSTRIA DE COSMETICOS E MEDICAMENTOS S.A.;RIZI;5,0 MG COM REV CT BL AL/AL X 30;DICLORIDRATO DE LEVOCETIRIZINA;7896094918474;1781708720028;90450213;540920010041207;;N;;131.45;176.34;;;;CMED_ICMS17;20260508;20;PF0=109.1|PF12=123.98|PF18=133.05|PF19=134.69|PF20=136.38|PF21=138.1|PF22=139.87|PMC0=146.35|PMC12=166.31|PMC18=178.48|PMC19=180.68|PMC20=182.95|PMC21=185.26|PMC22=187.63|PMVG17=103.15|PMVG18=104.4|PMVG20=107.02
CMED;20260508;medicamento;540919120040707;;;COSMED INDUSTRIA DE COSMETICOS E MEDICAMENTOS S.A.;RIZI-M;10MG + 5MG COM REV CT FR PLAS OPC X 7;"DICLORIDRATO DE LEVOCETIRIZINA;MONTELUCASTE DE SÓDIO";7896094918511;1781708730015;90442024;540919120040707;;N;;54.39;72.96;;;;CMED_ICMS17;20260508;20;PF0=45.14|PF12=51.3|PF18=55.05|PF19=55.73|PF20=56.43|PF21=57.14|PF22=57.87|PMC0=60.55|PMC12=68.82|PMC18=73.85|PMC19=74.76|PMC20=75.7|PMC21=76.65|PMC22=77.63|PMVG17=42.68|PMVG18=43.2|PMVG20=44.28
CMED;20260508;medicamento;540919120040807;;;COSMED INDUSTRIA DE COSMETICOS E MEDICAMENTOS S.A.;RIZI-M;10MG + 5MG COM REV CT FR PLAS OPC X 14;"DICLORIDRATO DE LEVOCETIRIZINA;MONTELUCASTE DE SÓDIO";7896094918504;1781708730023;90442032;540919120040807;;N;;108.82;145.98;;;;CMED_ICMS17;20260508;20;PF0=90.32|PF12=102.64|PF18=110.15|PF19=111.51|PF20=112.9|PF21=114.33|PF22=115.79|PMC0=121.16|PMC12=137.69|PMC18=147.76|PMC19=149.59|PMC20=151.45|PMC21=153.37|PMC22=155.33|PMVG17=85.39|PMVG18=86.44|PMVG20=88.59
CMED;20260508;medicamento;509025040030817;;;FARMOQUÍMICA S/A;ROACUTAN;20 MG CAP MOLE CT BL AL X 30;ISOTRETINOÍNA;7898244721309;1039002310016;90606450;509025040030817;;N;;344.84;475.33;;;;CMED_ICMS17;20260508;20;PF0=286.22|PF12=325.25|PF18=349.05|PF19=353.36|PF20=357.78|PF21=362.3|PF22=366.95|PMC0=394.52|PMC12=448.32|PMC18=481.13|PMC19=487.07|PMC20=493.16|PMC21=499.39|PMC22=505.8
CMED;20260508;medicamento;541822090185404;;;EMS S/A;ROCAB;25 MG COM REV CT BL AL PLAS PVDC/PVC OPC X 30;CLORIDRATO DE ERLOTINIBE;7896004785882;1023514070018;90543424;541822090185404;;N;;;;;;;CMED_ICMS17;20260508;20;PF0=2894.84|PMC0=3990.24
CMED;20260508;medicamento;541822090185504;;;EMS S/A;ROCAB;150 MG COM REV CT BL AL PLAS PVDC/PVC OPC X 30;CLORIDRATO DE ERLOTINIBE;7896004785905;1023514070034;90543440;541822090185504;;N;;;;;;;CMED_ICMS17;20260508;20;PF0=10388.91|PMC0=14320.03
CMED;20260508;medicamento;541822090185604;;;EMS S/A;ROCAB;100 MG COM REV CT BL AL PLAS PVDC/PVC OPC X 30;CLORIDRATO DE ERLOTINIBE;7896004785899;1023514070026;90543432;541822090185604;;N;;;;;;;CMED_ICMS17;20260508;20;PF0=9041.38|PMC0=12462.6
CMED;20260508;medicamento;503421040023317;;;BELFAR LTDA;ROCALTROL;0,25 MCG CAP GEL MOLE CT FR VD AMB X 30;CALCITRIOL;7897917004671;1057101640012;90509110;503421040023317;;N;;151.82;209.27;;;;CMED_ICMS17;20260508;20;PF0=126.01|PF12=143.19|PF18=153.67|PF19=155.57|PF20=157.51|PF21=159.51|PF22=161.55|PMC0=173.69|PMC12=197.37|PMC18=211.82|PMC19=214.44|PMC20=217.11|PMC21=219.87|PMC22=222.68
CMED;20260508;medicamento;529205101151314;;;PRODUTOS ROCHE QUÍMICOS E FARMACÊUTICOS S.A.;ROCEFIN;1 G PO SOL INJ IM CX FA VD TRANS + DIL 10 MG/ML SOL INJ AMP VD TRANS X 3,5 ML;CEFTRIAXONA DISSÓDICA HEMIEPTAIDRATADA;7896226500591;1010001320435;90185013;529205101151314;;N;;194.82;268.54;;;;CMED_ICMS17;20260508;20;PF0=161.7|PF12=183.75|PF18=197.2|PF19=199.63|PF20=202.13|PF21=204.68|PF22=207.31|PMC0=222.89|PMC12=253.28|PMC18=271.82|PMC19=275.17|PMC20=278.62|PMC21=282.13|PMC22=285.76|PMVG17=152.88|PMVG18=154.74|PMVG20=158.61
CMED;20260508;medicamento;529205103154310;;;PRODUTOS ROCHE QUÍMICOS E FARMACÊUTICOS S.A.;ROCEFIN;500 MG PO SOL INJ IM CX FA VD TRANS + DIL 10 MG/ML SOL INJ AMP VD TRANS X 2 ML;CEFTRIAXONA DISSÓDICA HEMIEPTAIDRATADA;7896226500584;1010001320427;90185030;529205103154310;;N;;113.75;156.79;;;;CMED_ICMS17;20260508;20;PF0=94.41|PF12=107.28|PF18=115.13|PF19=116.56|PF20=118.01|PF21=119.51|PF22=121.04|PMC0=130.13|PMC12=147.87|PMC18=158.69|PMC19=160.67|PMC20=162.66|PMC21=164.73|PMC22=166.84|PMVG17=89.26|PMVG18=90.34|PMVG20=92.6
CMED;20260508;medicamento;529205104150319;;;PRODUTOS ROCHE QUÍMICOS E FARMACÊUTICOS S.A.;ROCEFIN;1 G PO SOL INJ IV CX FA VD TRANS + DIL AMP VD TRANS X 10 ML;CEFTRIAXONA DISSÓDICA HEMIEPTAIDRATADA;7896226500614;1010001320461;90185048;529205104150319;;S;;89.7;;;;;CMED_ICMS17;20260508;20;PF0=74.45|PF12=84.6|PF18=90.79|PF19=91.91|PF20=93.06|PF21=94.24|PF22=95.45|PMVG17=70.39|PMVG18=71.24|PMVG20=73.02
CMED;20260508;medicamento;529205105157317;;;PRODUTOS ROCHE QUÍMICOS E FARMACÊUTICOS S.A.;ROCEFIN;500 MG PO SOL INJ IV CX FA VD TRANS + DIL AMP VD TRANS X 5,0 ML;CEFTRIAXONA DISSÓDICA HEMIEPTAIDRATADA;7896226500607;1010001320443;90185056;529205105157317;;S;;59.49;;;;;CMED_ICMS17;20260508;20;PF0=49.38|PF12=56.11|PF18=60.22|PF19=60.96|PF20=61.73|PF21=62.51|PF22=63.31|PMVG17=46.68|PMVG18=47.25|PMVG20=48.44
CMED;20260508;medicamento;532426020037704;;;SUN FARMACÊUTICA DO BRASIL LTDA;ROCKY;0,25 MG COM CT BL AL AL X 30;DICLORIDRATO DE PRAMIPEXOL;7898272947160;1468200510010;90362578;532426020037704;;N;;73.11;100.77;;;;CMED_ICMS17;20260508;20;PF0=60.68|PF12=68.95|PF18=74|PF19=74.91|PF20=75.85|PF21=76.81|PF22=77.79|PMC0=83.64|PMC12=95.04|PMC18=102|PMC19=103.26|PMC20=104.55|PMC21=105.87|PMC22=107.23
CMED;20260508;medicamento;532426020037804;;;SUN FARMACÊUTICA DO BRASIL LTDA;ROCKY;1,0 MG COM CT BL AL AL X 30;DICLORIDRATO DE PRAMIPEXOL;7898272947177;1468200510053;90362586;532426020037804;;N;;224.98;310.11;;;;CMED_ICMS17;20260508;20;PF0=186.73|PF12=212.19|PF18=227.72|PF19=230.53|PF20=233.41|PF21=236.37|PF22=239.4|PMC0=257.39|PMC12=292.48|PMC18=313.89|PMC19=317.76|PMC20=321.73|PMC21=325.81|PMC22=329.99
CMED;20260508;medicamento;506715010055003;;;CRISTÁLIA PRODUTOS QUÍMICOS FARMACÊUTICOS LTDA.;ROCURON;10 MG/ML SOL INJ CX 25 FA VD TRANS X 5 ML;BROMETO DE ROCURÔNIO;7896676428803;1029803040060;90302311;506715010055003;;S;;1780.93;;;;;CMED_ICMS17;20260508;20;PF0=1478.17|PF12=1679.74|PF18=1802.65|PF19=1824.9|PF20=1847.71|PF21=1871.1|PF22=1895.09|PMVG17=1397.5|PMVG18=1414.54|PMVG20=1449.9
CMED;20260508;medicamento;531603503111414;;;EMS SIGMA PHARMA LTDA;ROHYDORM;1 MG COM REV CT BL AL PLAS PVC TRANS X 20;FLUNITRAZEPAM;7894916501705;1356906040019;90239458;531603503111414;;N;;14.49;19.97;;;;CMED_ICMS17;20260508;20;PF0=12.03|PF12=13.67|PF18=14.67|PF19=14.85|PF20=15.04|PF21=15.23|PF22=15.42|PMC0=16.58|PMC12=18.84|PMC18=20.22|PMC19=20.47|PMC20=20.73|PMC21=20.99|PMC22=21.25|PMVG17=11.37|PMVG18=11.51|PMVG20=11.8
CMED;20260508;medicamento;531621080093903;;;EMS SIGMA PHARMA LTDA;ROHYDORM;1 MG COM REV CT BL AL PLAS PVC TRANS X 30;FLUNITRAZEPAM;7894916516648;1356906040027;90521471;531621080093903;;N;;21.75;29.98;;;;CMED_ICMS17;20260508;20;PF0=18.05|PF12=20.51|PF18=22.01|PF19=22.28|PF20=22.56|PF21=22.85|PF22=23.14|PMC0=24.88|PMC12=28.27|PMC18=30.34|PMC19=30.71|PMC20=31.1|PMC21=31.5|PMC22=31.9|PMVG17=17.07|PMVG18=17.27|PMVG20=17.7
CMED;20260508;medicamento;531622060096307;;;EMS SIGMA PHARMA LTDA;ROHYDORM;2 MG COM REV CT BL AL PLAS PVC TRANS X 20;FLUNITRAZEPAM;7894916501255;1356907420011;90540808;531622060096307;;N;;26.23;36.16;;;;CMED_ICMS17;20260508;20;PF0=21.77|PF12=24.74|PF18=26.55|PF19=26.88|PF20=27.21|PF21=27.56|PF22=27.91|PMC0=30.01|PMC12=34.1|PMC18=36.6|PMC19=37.05|PMC20=37.51|PMC21=37.99|PMC22=38.47|PMVG17=20.58|PMVG18=20.83|PMVG20=21.35
CMED;20260508;medicamento;531622060096407;;;EMS SIGMA PHARMA LTDA;ROHYDORM;2 MG COM REV CT BL AL PLAS PVC TRANS X 30;FLUNITRAZEPAM;7894916516655;1356907420028;90540816;531622060096407;;N;;39.35;54.24;;;;CMED_ICMS17;20260508;20;PF0=32.66|PF12=37.11|PF18=39.83|PF19=40.32|PF20=40.83|PF21=41.34|PF22=41.87|PMC0=45.02|PMC12=51.15|PMC18=54.9|PMC19=55.58|PMC20=56.28|PMC21=56.98|PMC22=57.71|PMVG17=30.88|PMVG18=31.25|PMVG20=32.04
CMED;20260508;medicamento;509018020021818;;;FARMOQUÍMICA S/A;ROHYPNOL;1 MG COM REV CT BL AL PLAS PVC/PE/PVDC TRANS X 30;FLUNITRAZEPAM;7898040324261;1039001990021;90400194;509018020021818;;N;;24.82;34.21;;;;CMED_ICMS17;20260508;20;PF0=20.6|PF12=23.41|PF18=25.12|PF19=25.43|PF20=25.75|PF21=26.08|PF22=26.41|PMC0=28.39|PMC12=32.27|PMC18=34.63|PMC19=35.05|PMC20=35.49|PMC21=35.95|PMC22=36.4|PMVG17=19.48|PMVG18=19.71|PMVG20=20.21
CMED;20260508;medicamento;509018020021918;;;FARMOQUÍMICA S/A;ROHYPNOL;1 MG COM REV CT BL AL PLAS PVC/PE/PVDC TRANS X 20;FLUNITRAZEPAM;7898040324254;1039001990013;90400208;509018020021918;;N;;16.59;22.87;;;;CMED_ICMS17;20260508;20;PF0=13.77|PF12=15.65|PF18=16.79|PF19=17|PF20=17.21|PF21=17.43|PF22=17.65|PMC0=18.98|PMC12=21.57|PMC18=23.14|PMC19=23.43|PMC20=23.72|PMC21=24.03|PMC22=24.33|PMVG17=13.02|PMVG18=13.17|PMVG20=13.5
CMED;20260508;medicamento;505124060024607;;;BRISTOL-MYERS SQUIBB FARMACÊUTICA LTDA;ROJUZDA;25 MG PO LIOF SOL INJ SC CT FA VD TRANS;LUSPATERCEPTE;7896016809293;1018004160019;90586468;505124060024607;;S;;15471.07;;;;;CMED_ICMS17;20260508;20;PF0=12840.99|PF12=14592.04|PF18=15659.74|PF19=15853.08|PF20=16051.24|PF21=16254.42|PF22=16462.8|PMVG17=12140.15|PMVG18=12288.2|PMVG20=12595.41
CMED;20260508;medicamento;505124060024707;;;BRISTOL-MYERS SQUIBB FARMACÊUTICA LTDA;ROJUZDA;75 MG PO LIOF SOL INJ SC CT FA VD TRANS;LUSPATERCEPTE;7896016809309;1018004160027;90586476;505124060024707;;S;;46408.01;;;;;CMED_ICMS17;20260508;20;PF0=38518.66|PF12=43771.22|PF18=46973.97|PF19=47553.91|PF20=48148.33|PF21=48757.81|PF22=49382.89|PMVG17=36416.37|PMVG18=36860.47|PMVG20=37782
CMED;20260508;medicamento;506712110049403;;;CRISTÁLIA PRODUTOS QUÍMICOS FARMACÊUTICOS LTDA.;ROPI;2 MG/ML SOL INJ CX 5 EST X FA VD TRANS X 20 ML;CLORIDRATO DE ROPIVACAÍNA;7896676415551;1029803390071;90257480;506712110049403;;S;;253.6;;;;;CMED_ICMS17;20260508;20;PF0=210.49|PF12=239.19|PF18=256.7|PF19=259.86|PF20=263.11|PF21=266.44|PF22=269.86|PMVG17=199|PMVG18=201.43|PMVG20=206.46
CMED;20260508;medicamento;506712110049503;;;CRISTÁLIA PRODUTOS QUÍMICOS FARMACÊUTICOS LTDA.;ROPI;7,5 MG/ML SOL INJ CX 5 EST X FA VD TRANS X 20 ML;CLORIDRATO DE ROPIVACAÍNA;7896676415575;1029803390096;90257499;506712110049503;;S;;289.13;;;;;CMED_ICMS17;20260508;20;PF0=239.98|PF12=272.7|PF18=292.66|PF19=296.27|PF20=299.98|PF21=303.77|PF22=307.67|PMVG17=226.88|PMVG18=229.65|PMVG20=235.4
CMED;20260508;medicamento;506712110049603;;;CRISTÁLIA PRODUTOS QUÍMICOS FARMACÊUTICOS LTDA.;ROPI;10 MG/ML SOL INJ CX 5 EST X FA VD TRANS X 20 ML;CLORIDRATO DE ROPIVACAÍNA;7896676415568;1029803390118;90257502;506712110049603;;S;;389.54;;;;;CMED_ICMS17;20260508;20;PF0=323.32|PF12=367.41|PF18=394.29|PF19=399.16|PF20=404.15|PF21=409.27|PF22=414.51|PMVG17=305.67|PMVG18=309.4|PMVG20=317.14
CMED;20260508;medicamento;506726030106703;;;CRISTÁLIA PRODUTOS QUÍMICOS FARMACÊUTICOS LTDA.;ROPI;7,5 MG/ML SOL INJ CX 10 EST X FA VD TRANS X 20 ML;CLORIDRATO DE ROPIVACAÍNA;7896676443608;1029803390177;;506726030106703;;S;;578.28;;;;;CMED_ICMS17;20260508;20;PF0=479.97|PF12=545.42|PF18=585.33|PF19=592.56|PF20=599.96|PF21=607.56|PF22=615.35|PMVG17=453.78|PMVG18=459.31|PMVG20=470.79
CMED;20260508;medicamento;506726030106803;;;CRISTÁLIA PRODUTOS QUÍMICOS FARMACÊUTICOS LTDA.;ROPI;2 MG/ML SOL INJ CX 10 EST X FA VD TRANS X 20 ML;CLORIDRATO DE ROPIVACAÍNA MONOIDRATADO;7896676443592;1029803390169;;506726030106803;;S;;507.19;;;;;CMED_ICMS17;20260508;20;PF0=420.97|PF12=478.38|PF18=513.38|PF19=519.72|PF20=526.21|PF21=532.87|PF22=539.71|PMVG17=397.99|PMVG18=402.85|PMVG20=412.92
CMED;20260508;medicamento;506726030106903;;;CRISTÁLIA PRODUTOS QUÍMICOS FARMACÊUTICOS LTDA.;ROPI;10 MG/ML SOL INJ CX 10 EST X FA VD TRANS X 20 ML;CLORIDRATO DE ROPIVACAÍNA;7896676443615;1029803390185;;506726030106903;;S;;779.1;;;;;CMED_ICMS17;20260508;20;PF0=646.65|PF12=734.83|PF18=788.6|PF19=798.33|PF20=808.31|PF21=818.54|PF22=829.04|PMVG17=611.36|PMVG18=618.81|PMVG20=634.28
CMED;20260508;medicamento;506721050092203;;;CRISTÁLIA PRODUTOS QUÍMICOS FARMACÊUTICOS LTDA.;ROPI® BOLSA;2 MG/ML SOL INFUS EPI CX 5 ENVOL BOLS PLAS TRANS SIST FECH X 100 ML;CLORIDRATO DE ROPIVACAÍNA MONOIDRATADO;7896676437614;1029805550023;90509692;506721050092203;;S;;681.02;;;;;CMED_ICMS17;20260508;20;PF0=565.25|PF12=642.33|PF18=689.33|PF19=697.84|PF20=706.56|PF21=715.51|PF22=724.68|PMVG17=534.4|PMVG18=540.92|PMVG20=554.44
CMED;20260508;medicamento;529223080027801;;;PRODUTOS ROCHE QUÍMICOS E FARMACÊUTICOS S.A.;ROPOLIVY;140 MG PO LIOF SOL INJ IV CT FA VD TRANS;POLATUZUMABE VEDOTINA;7613326024327;1010006740017;90567579;529223080027801;;S;;74029.18;;;;;CMED_ICMS17;20260508;20;PF0=61444.23|PF12=69823.01|PF18=74931.98|PF19=75857.08|PF20=76805.29|PF21=77777.52|PF22=78774.64|PMVG17=58090.7|PMVG18=58799.13|PMVG20=60269.11
CMED;20260508;medicamento;529223080027901;;;PRODUTOS ROCHE QUÍMICOS E FARMACÊUTICOS S.A.;ROPOLIVY;30 MG PO LIOF SOL INJ IV CT FA VD TRANS;POLATUZUMABE VEDOTINA;7613326029070;1010006740025;90567587;529223080027901;;S;;15862.49;;;;;CMED_ICMS17;20260508;20;PF0=13165.87|PF12=14961.22|PF18=16055.94|PF19=16254.16|PF20=16457.34|PF21=16665.66|PF22=16879.32|PMVG17=12447.3|PMVG18=12599.1|PMVG20=12914.08
CMED;20260508;medicamento;509021050025304;;;FARMOQUÍMICA S/A;ROSA®;10 MG COM REV CT BL AL AL X 30;ROSUVASTATINA CÁLCICA;7898040324049;1039002080029;90511468;509021050025304;;N;;132.8;183.05;;;;CMED_ICMS17;20260508;20;PF0=110.22|PF12=125.25|PF18=134.41|PF19=136.07|PF20=137.78|PF21=139.52|PF22=141.31|PMC0=151.93|PMC12=172.64|PMC18=185.27|PMC19=187.56|PMC20=189.92|PMC21=192.31|PMC22=194.78|PMVG17=104.21|PMVG18=105.47|PMVG20=108.12
CMED;20260508;medicamento;509021050025404;;;FARMOQUÍMICA S/A;ROSA®;20 MG COM REV CT BL AL AL X 30;ROSUVASTATINA CÁLCICA;7898040324063;1039002080045;90511476;509021050025404;;N;;257.25;354.59;;;;CMED_ICMS17;20260508;20;PF0=213.52|PF12=242.64|PF18=260.39|PF19=263.6|PF20=266.9|PF21=270.28|PF22=273.74|PMC0=294.32|PMC12=334.45|PMC18=358.92|PMC19=363.35|PMC20=367.89|PMC21=372.55|PMC22=377.32|PMVG17=201.86|PMVG18=204.33|PMVG20=209.44
CMED;20260508;medicamento;532703001116411;;;TORRENT DO BRASIL LTDA;ROSUCOR;10 MG COM REV CT BL AL AL X 10;ROSUVASTATINA CÁLCICA;8902220109513;1052500430010;90204670;532703001116411;;N;;49.08;67.65;;;;CMED_ICMS17;20260508;20;PF0=40.74|PF12=46.3|PF18=49.68|PF19=50.3|PF20=50.93|PF21=51.57|PF22=52.23|PMC0=56.16|PMC12=63.82|PMC18=68.48|PMC19=69.33|PMC20=70.2|PMC21=71.08|PMC22=71.99|PMVG17=38.51|PMVG18=38.98|PMVG20=39.97
CMED;20260508;medicamento;532703002112411;;;TORRENT DO BRASIL LTDA;ROSUCOR;10 MG COM REV CT BL AL AL X 30;ROSUVASTATINA CÁLCICA;8902220109506;1052500430029;90204689;532703002112411;;N;;147.37;203.13;;;;CMED_ICMS17;20260508;20;PF0=122.32|PF12=139|PF18=149.17|PF19=151.01|PF20=152.9|PF21=154.84|PF22=156.82|PMC0=168.61|PMC12=191.6|PMC18=205.62|PMC19=208.15|PMC20=210.76|PMC21=213.43|PMC22=216.16|PMVG17=115.64|PMVG18=117.05|PMVG20=119.98
CMED;20260508;medicamento;532703003119418;;;TORRENT DO BRASIL LTDA;ROSUCOR;20 MG COM REV CT BL AL AL X 30;ROSUVASTATINA CÁLCICA;8902220109520;1052500430071;90204697;532703003119418;;N;;258.19;355.89;;;;CMED_ICMS17;20260508;20;PF0=214.3|PF12=243.52|PF18=261.34|PF19=264.57|PF20=267.88|PF21=271.27|PF22=274.74|PMC0=295.39|PMC12=335.67|PMC18=360.23|PMC19=364.68|PMC20=369.24|PMC21=373.92|PMC22=378.7|PMVG17=202.6|PMVG18=205.07|PMVG20=210.21
CMED;20260508;medicamento;532714090017203;;;TORRENT DO BRASIL LTDA;ROSUCOR;10 MG COM REV CT BL AL AL X 60;ROSUVASTATINA CÁLCICA;8902220109582;1052500430037;90323556;532714090017203;;N;;294.8;406.35;;;;CMED_ICMS17;20260508;20;PF0=244.68|PF12=278.05|PF18=298.39|PF19=302.07|PF20=305.85|PF21=309.72|PF22=313.69|PMC0=337.27|PMC12=383.26|PMC18=411.3|PMC19=416.37|PMC20=421.58|PMC21=426.92|PMC22=432.39|PMVG17=231.33|PMVG18=234.15|PMVG20=240
CMED;20260508;medicamento;532714090017303;;;TORRENT DO BRASIL LTDA;ROSUCOR;20 MG COM REV CT BL AL AL X 60;ROSUVASTATINA CÁLCICA;8902220109599;1052500430088;90323564;532714090017303;;N;;516.43;711.84;;;;CMED_ICMS17;20260508;20;PF0=428.64|PF12=487.09|PF18=522.73|PF19=529.19|PF20=535.8|PF21=542.58|PF22=549.54|PMC0=590.84|PMC12=671.4|PMC18=720.53|PMC19=729.43|PMC20=738.54|PMC21=747.89|PMC22=757.48|PMVG17=405.24|PMVG18=410.19|PMVG20=420.44
CMED;20260508;medicamento;532720020033407;;;TORRENT DO BRASIL LTDA;ROSUCOR;20 MG COM REV CT BL AL AL X 10;ROSUVASTATINA CÁLCICA;8902220109537;1052500430061;90451716;532720020033407;;N;;86.06;118.62;;;;CMED_ICMS17;20260508;20;PF0=71.43|PF12=81.17|PF18=87.11|PF19=88.19|PF20=89.29|PF21=90.42|PF22=91.58|PMC0=98.46|PMC12=111.88|PMC18=120.07|PMC19=121.56|PMC20=123.08|PMC21=124.63|PMC22=126.23|PMVG17=67.53|PMVG18=68.36|PMVG20=70.07
CMED;20260508;medicamento;532720020033507;;;TORRENT DO BRASIL LTDA;ROSUCOR;10 MG COM REV CX BL AL AL X 100;ROSUVASTATINA CÁLCICA;8902220108578;1052500430045;90453603;532720020033507;;N;;491.18;677.04;;;;CMED_ICMS17;20260508;20;PF0=407.68|PF12=463.27|PF18=497.17|PF19=503.31|PF20=509.6|PF21=516.05|PF22=522.67|PMC0=561.94|PMC12=638.57|PMC18=685.3|PMC19=693.76|PMC20=702.43|PMC21=711.32|PMC22=720.45|PMVG17=385.43|PMVG18=390.13|PMVG20=399.88
CMED;20260508;medicamento;532720020033607;;;TORRENT DO BRASIL LTDA;ROSUCOR;20 MG COM REV CX BL AL AL X 100;ROSUVASTATINA CÁLCICA;8902220108585;1052500430096;90453611;532720020033607;;N;;860.63;1186.29;;;;CMED_ICMS17;20260508;20;PF0=714.32|PF12=811.73|PF18=871.12|PF19=881.88|PF20=892.9|PF21=904.2|PF22=915.79|PMC0=984.62|PMC12=1118.89|PMC18=1200.75|PMC19=1215.58|PMC20=1230.77|PMC21=1246.35|PMC22=1262.32|PMVG17=675.34|PMVG18=683.57|PMVG20=700.66
CMED;20260508;medicamento;532721070044903;;;TORRENT DO BRASIL LTDA;ROSUCOR;5 MG COM REV CT BL AL AL X 10;ROSUVASTATINA CÁLCICA;8903855061191;1052500430169;90514114;532721070044903;;N;;25.72;35.45;;;;CMED_ICMS17;20260508;20;PF0=21.35|PF12=24.26|PF18=26.04|PF19=26.36|PF20=26.69|PF21=27.03|PF22=27.37|PMC0=29.43|PMC12=33.44|PMC18=35.89|PMC19=36.33|PMC20=36.79|PMC21=37.26|PMC22=37.73|PMVG17=20.18|PMVG18=20.43|PMVG20=20.94
CMED;20260508;medicamento;532721070045003;;;TORRENT DO BRASIL LTDA;ROSUCOR;5 MG COM REV CT BL AL AL X 30;ROSUVASTATINA CÁLCICA;8903855061207;1052500430177;90514122;532721070045003;;N;;77.17;106.37;;;;CMED_ICMS17;20260508;20;PF0=64.05|PF12=72.78|PF18=78.11|PF19=79.07|PF20=80.06|PF21=81.08|PF22=82.12|PMC0=88.29|PMC12=100.32|PMC18=107.67|PMC19=108.99|PMC20=110.35|PMC21=111.76|PMC22=113.19|PMVG17=60.56|PMVG18=61.29|PMVG20=62.82
CMED;20260508;medicamento;532721070045103;;;TORRENT DO BRASIL LTDA;ROSUCOR;5 MG COM REV CT BL AL AL X 60;ROSUVASTATINA CÁLCICA;8903855067841;1052500430185;90514130;532721070045103;;N;;154.36;212.77;;;;CMED_ICMS17;20260508;20;PF0=128.12|PF12=145.59|PF18=156.24|PF19=158.17|PF20=160.15|PF21=162.18|PF22=164.26|PMC0=176.6|PMC12=200.68|PMC18=215.36|PMC19=218.02|PMC20=220.75|PMC21=223.55|PMC22=226.42|PMVG17=121.13|PMVG18=122.6|PMVG20=125.67
CMED;20260508;medicamento;532724020061604;;;TORRENT DO BRASIL LTDA;ROSUCOR EZE;(5 + 10) MG CAP DURA CT BL AL AL X 10;"ROSUVASTATINA CÁLCICA;EZETIMIBA";8903855092751;1052501080013;90580044;532724020061604;;N;;42.89;57.54;;;;CMED_ICMS17;20260508;20;PF0=35.6|PF12=40.45|PF18=43.41|PF19=43.95|PF20=44.5|PF21=45.06|PF22=45.64|PMC0=47.76|PMC12=54.26|PMC18=58.23|PMC19=58.96|PMC20=59.7|PMC21=60.45|PMC22=61.22|PMVG17=33.66|PMVG18=34.06|PMVG20=34.92
CMED;20260508;medicamento;532724020061704;;;TORRENT DO BRASIL LTDA;ROSUCOR EZE;(5 +10) MG CAP DURA CT BL AL AL X 30;"ROSUVASTATINA CÁLCICA;EZETIMIBA";8903855092768;1052501080021;90580052;532724020061704;;N;;128.65;172.58;;;;CMED_ICMS17;20260508;20;PF0=106.78|PF12=121.34|PF18=130.22|PF19=131.83|PF20=133.48|PF21=135.16|PF22=136.9|PMC0=143.24|PMC12=162.77|PMC18=174.69|PMC19=176.85|PMC20=179.06|PMC21=181.31|PMC22=183.65|PMVG17=100.95|PMVG18=102.18|PMVG20=104.74
CMED;20260508;medicamento;532724020061804;;;TORRENT DO BRASIL LTDA;ROSUCOR EZE;(10 + 10) MG CAP DURA CT BL AL AL X 10;"ROSUVASTATINA CÁLCICA;EZETIMIBA";8903855092775;1052501080031;90580060;532724020061804;;N;;43.37;58.18;;;;CMED_ICMS17;20260508;20;PF0=36|PF12=40.91|PF18=43.9|PF19=44.44|PF20=45|PF21=45.57|PF22=46.15|PMC0=48.29|PMC12=54.88|PMC18=58.89|PMC19=59.61|PMC20=60.37|PMC21=61.13|PMC22=61.91|PMVG17=34.03|PMVG18=34.45|PMVG20=35.31
CMED;20260508;medicamento;532724020061904;;;TORRENT DO BRASIL LTDA;ROSUCOR EZE;(10 + 10) MG CAP DURA CT BL AL AL X 30;"ROSUVASTATINA CÁLCICA;EZETIMIBA";8903855092782;1052501080048;90580079;532724020061904;;N;;130.13;174.56;;;;CMED_ICMS17;20260508;20;PF0=108.01|PF12=122.74|PF18=131.72|PF19=133.35|PF20=135.01|PF21=136.72|PF22=138.47|PMC0=144.89|PMC12=164.65|PMC18=176.7|PMC19=178.88|PMC20=181.11|PMC21=183.41|PMC22=185.75|PMVG17=102.11|PMVG18=103.36|PMVG20=105.94
CMED;20260508;medicamento;532724020062004;;;TORRENT DO BRASIL LTDA;ROSUCOR EZE;(20 + 10) MG CAP DURA CT BL AL AL X 10;"ROSUVASTATINA CÁLCICA;EZETIMIBA";8903855092799;1052501080056;90580087;532724020062004;;N;;44.36;59.51;;;;CMED_ICMS17;20260508;20;PF0=36.82|PF12=41.84|PF18=44.9|PF19=45.46|PF20=46.03|PF21=46.61|PF22=47.21|PMC0=49.39|PMC12=56.13|PMC18=60.23|PMC19=60.98|PMC20=61.75|PMC21=62.53|PMC22=63.33|PMVG17=34.81|PMVG18=35.23|PMVG20=36.12
CMED;20260508;medicamento;532724020062104;;;TORRENT DO BRASIL LTDA;ROSUCOR EZE;(20 + 10) MG CAP DURA CT BL AL AL X 30;"ROSUVASTATINA CÁLCICA;EZETIMIBA";8903855092805;1052501080064;90580095;532724020062104;;N;;133.11;178.56;;;;CMED_ICMS17;20260508;20;PF0=110.48|PF12=125.55|PF18=134.73|PF19=136.4|PF20=138.1|PF21=139.85|PF22=141.64|PMC0=148.2|PMC12=168.42|PMC18=180.74|PMC19=182.98|PMC20=185.26|PMC21=187.6|PMC22=190.01|PMVG17=104.45|PMVG18=105.72|PMVG20=108.37
CMED;20260508;medicamento;511518090068303;;;SANDOZ DO BRASIL INDÚSTRIA FARMACÊUTICA LTDA;ROSULIB;20 MG COM REV CT BL AL AL X 60;ROSUVASTATINA CÁLCICA;7897595636676;1004705610061;90403142;511518090068303;;N;;131.9;181.81;;;;CMED_ICMS17;20260508;20;PF0=109.48|PF12=124.41|PF18=133.51|PF19=135.16|PF20=136.85|PF21=138.58|PF22=140.36|PMC0=150.91|PMC12=171.49|PMC18=184.03|PMC19=186.3|PMC20=188.63|PMC21=191.02|PMC22=193.47|PMVG17=103.5|PMVG18=104.76|PMVG20=107.39
CMED;20260508;medicamento;511518602114414;;;SANDOZ DO BRASIL INDÚSTRIA FARMACÊUTICA LTDA;ROSULIB;10 MG COM REV CT BL AL AL X 30;ROSUVASTATINA CÁLCICA;7897595632302;1004705610029;90338081;511518602114414;;N;;106.63;146.98;;;;CMED_ICMS17;20260508;20;PF0=88.5|PF12=100.57|PF18=107.93|PF19=109.26|PF20=110.63|PF21=112.03|PF22=113.46|PMC0=121.99|PMC12=138.63|PMC18=148.77|PMC19=150.6|PMC20=152.49|PMC21=154.42|PMC22=156.39|PMVG17=83.67|PMVG18=84.69|PMVG20=86.81
CMED;20260508;medicamento;511518603110412;;;SANDOZ DO BRASIL INDÚSTRIA FARMACÊUTICA LTDA;ROSULIB;20 MG COM REV CT BL AL AL X 30;ROSUVASTATINA CÁLCICA;7897595632319;1004705610053;90338090;511518603110412;;N;;186.87;257.58;;;;CMED_ICMS17;20260508;20;PF0=155.1|PF12=176.25|PF18=189.15|PF19=191.48|PF20=193.88|PF21=196.33|PF22=198.85|PMC0=213.79|PMC12=242.94|PMC18=260.72|PMC19=263.94|PMC20=267.24|PMC21=270.62|PMC22=274.09|PMVG17=146.64|PMVG18=148.43|PMVG20=152.14
CMED;20260508;medicamento;504622070085803;;;BRAINFARMA INDÚSTRIA QUÍMICA E FARMACÊUTICA S.A;ROSUNEO;5 MG COM REV CT BL AL AL X 10;ROSUVASTATINA CÁLCICA;7896714291581;1558406240018;90541278;504622070085803;;N;;22;30.32;;;;CMED_ICMS17;20260508;20;PF0=18.26|PF12=20.75|PF18=22.27|PF19=22.54|PF20=22.83|PF21=23.11|PF22=23.41|PMC0=25.17|PMC12=28.6|PMC18=30.7|PMC19=31.07|PMC20=31.47|PMC21=31.85|PMC22=32.27|PMVG17=17.26|PMVG18=17.48|PMVG20=17.92
CMED;20260508;medicamento;504622070085903;;;BRAINFARMA INDÚSTRIA QUÍMICA E FARMACÊUTICA S.A;ROSUNEO;5 MG COM REV CT BL AL AL X 30;ROSUVASTATINA CÁLCICA;7896714291604;1558406240026;90541286;504622070085903;;N;;66.01;90.99;;;;CMED_ICMS17;20260508;20;PF0=54.79|PF12=62.26|PF18=66.82|PF19=67.64|PF20=68.49|PF21=69.35|PF22=70.24|PMC0=75.52|PMC12=85.82|PMC18=92.1|PMC19=93.23|PMC20=94.41|PMC21=95.59|PMC22=96.82|PMVG17=51.8|PMVG18=52.43|PMVG20=53.74
CMED;20260508;medicamento;504622070086003;;;BRAINFARMA INDÚSTRIA QUÍMICA E FARMACÊUTICA S.A;ROSUNEO;10 MG COM REV CT BL AL AL X 10;ROSUVASTATINA CÁLCICA;7896714291550;1558406240034;90541294;504622070086003;;N;;43.99;60.64;;;;CMED_ICMS17;20260508;20;PF0=36.51|PF12=41.49|PF18=44.52|PF19=45.07|PF20=45.64|PF21=46.22|PF22=46.81|PMC0=50.33|PMC12=57.19|PMC18=61.37|PMC19=62.12|PMC20=62.91|PMC21=63.71|PMC22=64.52|PMVG17=34.52|PMVG18=34.93|PMVG20=35.81
CMED;20260508;medicamento;504622070086103;;;BRAINFARMA INDÚSTRIA QUÍMICA E FARMACÊUTICA S.A;ROSUNEO;10 MG COM REV CT BL AL AL X 30;ROSUVASTATINA CÁLCICA;7896714291574;1558406240042;90541308;504622070086103;;N;;131.98;181.92;;;;CMED_ICMS17;20260508;20;PF0=109.54|PF12=124.48|PF18=133.59|PF19=135.23|PF20=136.93|PF21=138.66|PF22=140.44|PMC0=150.99|PMC12=171.58|PMC18=184.14|PMC19=186.4|PMC20=188.74|PMC21=191.13|PMC22=193.58|PMVG17=103.56|PMVG18=104.83|PMVG20=107.45
CMED;20260508;medicamento;504622070086203;;;BRAINFARMA INDÚSTRIA QUÍMICA E FARMACÊUTICA S.A;ROSUNEO;20 MG COM REV CT BL AL AL X 10;ROSUVASTATINA CÁLCICA;7896714275383;1558406240050;90541316;504622070086203;;N;;88.01;121.31;;;;CMED_ICMS17;20260508;20;PF0=73.05|PF12=83.01|PF18=89.09|PF19=90.19|PF20=91.31|PF21=92.47|PF22=93.65|PMC0=100.69|PMC12=114.42|PMC18=122.8|PMC19=124.32|PMC20=125.86|PMC21=127.46|PMC22=129.09|PMVG17=69.06|PMVG18=69.91|PMVG20=71.65
CMED;20260508;medicamento;504622070086303;;;BRAINFARMA INDÚSTRIA QUÍMICA E FARMACÊUTICA S.A;ROSUNEO;20 MG COM REV CT BL AL AL X 30;ROSUVASTATINA CÁLCICA;7896714291543;1558406240069;90541324;504622070086303;;N;;263.98;363.87;;;;CMED_ICMS17;20260508;20;PF0=219.1|PF12=248.98|PF18=267.2|PF19=270.49|PF20=273.88|PF21=277.34|PF22=280.9|PMC0=302.01|PMC12=343.19|PMC18=368.31|PMC19=372.84|PMC20=377.52|PMC21=382.28|PMC22=387.19|PMVG17=207.15|PMVG18=209.67|PMVG20=214.91
CMED;20260508;medicamento;607023030090317;;;MULTILAB INDUSTRIA E COMERCIO DE PRODUTOS FARMACEUTICOS LTDA;ROSUSTATIN;10 MG COM REV CT BL AL AL X 30;ROSUVASTATINA CÁLCICA;7895296096157;1181903220081;90556526;607023030090317;;N;;147.39;203.16;;;;CMED_ICMS17;20260508;20;PF0=122.33|PF12=139.01|PF18=149.18|PF19=151.02|PF20=152.91|PF21=154.85|PF22=156.83|PMC0=168.62|PMC12=191.61|PMC18=205.63|PMC19=208.17|PMC20=210.77|PMC21=213.44|PMC22=216.17|PMVG17=115.66|PMVG18=117.06|PMVG20=119.99
CMED;20260508;medicamento;607023030090417;;;MULTILAB INDUSTRIA E COMERCIO DE PRODUTOS FARMACEUTICOS LTDA;ROSUSTATIN;20 MG COM REV CT BL AL AL X 30;ROSUVASTATINA CÁLCICA;7895296096195;1181903220146;90556534;607023030090417;;N;;258.22;355.93;;;;CMED_ICMS17;20260508;20;PF0=214.32|PF12=243.55|PF18=261.37|PF19=264.59|PF20=267.9|PF21=271.29|PF22=274.77|PMC0=295.42|PMC12=335.71|PMC18=360.27|PMC19=364.71|PMC20=369.27|PMC21=373.95|PMC22=378.74|PMVG17=202.63|PMVG18=205.1|PMVG20=210.22
CMED;20260508;medicamento;607023030090517;;;MULTILAB INDUSTRIA E COMERCIO DE PRODUTOS FARMACEUTICOS LTDA;ROSUSTATIN;5 MG COM REV CT BL AL AL X 60;ROSUVASTATINA CÁLCICA;7895296096249;1181903220030;90556518;607023030090517;;N;;138.28;190.6;;;;CMED_ICMS17;20260508;20;PF0=114.77|PF12=130.42|PF18=139.96|PF19=141.69|PF20=143.46|PF21=145.28|PF22=147.14|PMC0=158.2|PMC12=179.77|PMC18=192.92|PMC19=195.3|PMC20=197.74|PMC21=200.25|PMC22=202.82|PMVG17=108.51|PMVG18=109.83|PMVG20=112.57
CMED;20260508;medicamento;507745901114414;;;EMS S/A;ROSUVAST;10 MG COM REV CT BL AL AL X 30;ROSUVASTATINA CÁLCICA;7896004729978;1023511600032;90377400;507745901114414;;N;;147.47;203.27;;;;CMED_ICMS17;20260508;20;PF0=122.4|PF12=139.09|PF18=149.27|PF19=151.11|PF20=153|PF21=154.94|PF22=156.92|PMC0=168.72|PMC12=191.72|PMC18=205.75|PMC19=208.29|PMC20=210.89|PMC21=213.57|PMC22=216.3|PMVG17=115.72|PMVG18=117.13|PMVG20=120.06
CMED;20260508;medicamento;507745902110412;;;EMS S/A;ROSUVAST;20 MG COM REV CT BL AL AL X 30;ROSUVASTATINA CÁLCICA;7896004728919;1023511600091;90368819;507745902110412;;N;;258.22;355.93;;;;CMED_ICMS17;20260508;20;PF0=214.32|PF12=243.55|PF18=261.37|PF19=264.59|PF20=267.9|PF21=271.29|PF22=274.77|PMC0=295.42|PMC12=335.71|PMC18=360.27|PMC19=364.71|PMC20=369.27|PMC21=373.95|PMC22=378.74|PMVG17=202.63|PMVG18=205.1|PMVG20=210.22
CMED;20260508;medicamento;500121040040406;;;AUROBINDO PHARMA INDÚSTRIA FARMACÊUTICA LIMITADA;ROSUVASTATINA CALCICA;10MG COM REV CT BL AL AL X 30;ROSUVASTATINA CÁLCICA;7898361883614;1516700480025;90346750;500121040040406;S;N;;61.48;84.74;;;;CMED_ICMS17;20260508;20;PF0=51.03|PF12=57.99|PF18=62.23|PF19=63|PF20=63.79|PF21=64.59|PF22=65.42|PMC0=70.34|PMC12=79.93|PMC18=85.78|PMC19=86.84|PMC20=87.93|PMC21=89.03|PMC22=90.17|PMVG17=48.24|PMVG18=48.83|PMVG20=50.06
CMED;20260508;medicamento;500121040040506;;;AUROBINDO PHARMA INDÚSTRIA FARMACÊUTICA LIMITADA;ROSUVASTATINA CALCICA;20MG COM REV CT BL AL AL X 30;ROSUVASTATINA CÁLCICA;7898361883652;1516700480084;90346815;500121040040506;S;N;;89.87;123.88;;;;CMED_ICMS17;20260508;20;PF0=74.59|PF12=84.76|PF18=90.96|PF19=92.09|PF20=93.24|PF21=94.42|PF22=95.63|PMC0=102.81|PMC12=116.83|PMC18=125.38|PMC19=126.94|PMC20=128.52|PMC21=130.15|PMC22=131.82|PMVG17=70.52|PMVG18=71.38|PMVG20=73.17
CMED;20260508;medicamento;504620020075207;;;BRAINFARMA INDÚSTRIA QUÍMICA E FARMACÊUTICA S.A;ROSUVASTATINA CÁLCICA;10 MG COM REV CT BL AL AL X 30;ROSUVASTATINA CÁLCICA;7896714274256;1558405690028;90452259;504620020075207;S;N;;140.73;193.98;;;;CMED_ICMS17;20260508;20;PF0=116.81|PF12=132.74|PF18=142.45|PF19=144.21|PF20=146.01|PF21=147.86|PF22=149.76|PMC0=161.01|PMC12=182.97|PMC18=196.35|PMC19=198.78|PMC20=201.26|PMC21=203.81|PMC22=206.43|PMVG17=110.43|PMVG18=111.78|PMVG20=114.57
CMED;20260508;medicamento;504620020075307;;;BRAINFARMA INDÚSTRIA QUÍMICA E FARMACÊUTICA S.A;ROSUVASTATINA CÁLCICA;20 MG COM REV CT BL AL AL X 30;ROSUVASTATINA CÁLCICA;7896714274263;1558405690052;90452267;504620020075307;S;N;;246.51;339.79;;;;CMED_ICMS17;20260508;20;PF0=204.6|PF12=232.5|PF18=249.51|PF19=252.59|PF20=255.75|PF21=258.99|PF22=262.31|PMC0=282.02|PMC12=320.48|PMC18=343.92|PMC19=348.17|PMC20=352.52|PMC21=356.99|PMC22=361.57|PMVG17=193.44|PMVG18=195.79|PMVG20=200.69
CMED;20260508;medicamento;504622070086406;;;BRAINFARMA INDÚSTRIA QUÍMICA E FARMACÊUTICA S.A;ROSUVASTATINA CALCICA;5 MG COM REV CT BL AL AL X 30;ROSUVASTATINA CÁLCICA;7896714291512;1558406230020;90541219;504622070086406;S;N;;57.3;78.98;;;;CMED_ICMS17;20260508;20;PF0=47.56|PF12=54.05|PF18=58|PF19=58.72|PF20=59.45|PF21=60.2|PF22=60.97|PMC0=65.56|PMC12=74.5|PMC18=79.95|PMC19=80.94|PMC20=81.95|PMC21=82.98|PMC22=84.04|PMVG17=44.96|PMVG18=45.51|PMVG20=46.65
CMED;20260508;medicamento;504622070086506;;;BRAINFARMA INDÚSTRIA QUÍMICA E FARMACÊUTICA S.A;ROSUVASTATINA CALCICA;10 MG COM REV CT BL AL AL X 30;ROSUVASTATINA CÁLCICA;7896714291758;1558406230047;90541227;504622070086506;S;N;;140.73;193.98;;;;CMED_ICMS17;20260508;20;PF0=116.81|PF12=132.74|PF18=142.45|PF19=144.21|PF20=146.01|PF21=147.86|PF22=149.76|PMC0=161.01|PMC12=182.97|PMC18=196.35|PMC19=198.78|PMC20=201.26|PMC21=203.81|PMC22=206.43|PMVG17=110.43|PMVG18=111.78|PMVG20=114.57
CMED;20260508;medicamento;504622070086606;;;BRAINFARMA INDÚSTRIA QUÍMICA E FARMACÊUTICA S.A;ROSUVASTATINA CALCICA;20 MG COM REV CT BL AL AL X 30;ROSUVASTATINA CÁLCICA;7896714291734;1558406230063;90541235;504622070086606;S;N;;246.51;339.79;;;;CMED_ICMS17;20260508;20;PF0=204.6|PF12=232.5|PF18=249.51|PF19=252.59|PF20=255.75|PF21=258.99|PF22=262.31|PMC0=282.02|PMC12=320.48|PMC18=343.92|PMC19=348.17|PMC20=352.52|PMC21=356.99|PMC22=361.57|PMVG17=193.44|PMVG18=195.79|PMVG20=200.69
CMED;20260508;medicamento;504622070086706;;;BRAINFARMA INDÚSTRIA QUÍMICA E FARMACÊUTICA S.A;ROSUVASTATINA CALCICA;5 MG COM REV CT BL AL AL X 60;ROSUVASTATINA CÁLCICA;7896714291505;1558406230179;90541243;504622070086706;S;N;;114.59;157.95;;;;CMED_ICMS17;20260508;20;PF0=95.11|PF12=108.08|PF18=115.99|PF19=117.42|PF20=118.89|PF21=120.39|PF22=121.94|PMC0=131.1|PMC12=148.98|PMC18=159.88|PMC19=161.85|PMC20=163.88|PMC21=165.95|PMC22=168.08|PMVG17=89.92|PMVG18=91.02|PMVG20=93.29
CMED;20260508;medicamento;504622070086806;;;BRAINFARMA INDÚSTRIA QUÍMICA E FARMACÊUTICA S.A;ROSUVASTATINA CALCICA;10 MG COM REV CT BL AL AL X 60;ROSUVASTATINA CÁLCICA;7896714291741;1558406230195;90541251;504622070086806;S;N;;281.46;387.96;;;;CMED_ICMS17;20260508;20;PF0=233.61|PF12=265.47|PF18=284.89|PF19=288.41|PF20=292.01|PF21=295.71|PF22=299.5|PMC0=322.01|PMC12=365.92|PMC18=392.69|PMC19=397.54|PMC20=402.51|PMC21=407.61|PMC22=412.83|PMVG17=220.86|PMVG18=223.55|PMVG20=229.14
CMED;20260508;medicamento;504622070086906;;;BRAINFARMA INDÚSTRIA QUÍMICA E FARMACÊUTICA S.A;ROSUVASTATINA CALCICA;20 MG COM REV CT BL AL AL X 60;ROSUVASTATINA CÁLCICA;7896714291727;1558406230217;90541260;504622070086906;S;N;;492.99;679.54;;;;CMED_ICMS17;20260508;20;PF0=409.18|PF12=464.98|PF18=499|PF19=505.16|PF20=511.48|PF21=517.95|PF22=524.59|PMC0=564.01|PMC12=640.93|PMC18=687.82|PMC19=696.31|PMC20=705.02|PMC21=713.94|PMC22=723.09|PMVG17=386.85|PMVG18=391.57|PMVG20=401.36
CMED;20260508;medicamento;504625120102406;;;BRAINFARMA INDÚSTRIA QUÍMICA E FARMACÊUTICA S.A;ROSUVASTATINA CALCICA;40 MG COM REV CT BL AL AL X 30;ROSUVASTATINA CÁLCICA;7896714296951;1558406230081;90620976;504625120102406;S;N;;268.17;369.64;;;;CMED_ICMS17;20260508;20;PF0=222.58|PF12=252.93|PF18=271.44|PF19=274.79|PF20=278.23|PF21=281.75|PF22=285.36|PMC0=306.8|PMC12=348.64|PMC18=374.15|PMC19=378.77|PMC20=383.51|PMC21=388.36|PMC22=393.34|PMVG17=210.43|PMVG18=213|PMVG20=218.33
CMED;20260508;medicamento;506420020038007;;;CIMED INDUSTRIA S.A;ROSUVASTATINA CALCICA;20 MG COM REV CT BL AL AL X 30;ROSUVASTATINA CÁLCICA;7896523226774;1438102250179;90453085;506420020038007;S;N;;193.4;266.58;;;;CMED_ICMS17;20260508;20;PF0=160.52|PF12=182.41|PF18=195.76|PF19=198.17|PF20=200.65|PF21=203.19|PF22=205.79|PMC0=221.26|PMC12=251.43|PMC18=269.83|PMC19=273.16|PMC20=276.58|PMC21=280.08|PMC22=283.66|PMVG17=151.76|PMVG18=153.61|PMVG20=157.45
CMED;20260508;medicamento;506420020038107;;;CIMED INDUSTRIA S.A;ROSUVASTATINA CALCICA;10 MG COM REV CT BL AL AL X 30;ROSUVASTATINA CÁLCICA;7896523226750;1438102250101;90453093;506420020038107;S;N;;110.43;152.22;;;;CMED_ICMS17;20260508;20;PF0=91.66|PF12=104.16|PF18=111.78|PF19=113.16|PF20=114.58|PF21=116.03|PF22=117.51|PMC0=126.34|PMC12=143.57|PMC18=154.08|PMC19=155.98|PMC20=157.94|PMC21=159.94|PMC22=161.98|PMVG17=86.65|PMVG18=87.71|PMVG20=89.91
CMED;20260508;medicamento;506420100041607;;;CIMED INDUSTRIA S.A;ROSUVASTATINA CALCICA;10 MG COM REV CT BL AL AL X 90;ROSUVASTATINA CÁLCICA;7896523200088;1438102250128;90490002;506420100041607;S;N;;330.54;455.61;;;;CMED_ICMS17;20260508;20;PF0=274.35|PF12=311.76|PF18=334.57|PF19=338.7|PF20=342.94|PF21=347.28|PF22=351.73|PMC0=378.16|PMC12=429.73|PMC18=461.17|PMC19=466.86|PMC20=472.71|PMC21=478.69|PMC22=484.82|PMVG17=259.37|PMVG18=262.54|PMVG20=269.11
CMED;20260508;medicamento;506420100041707;;;CIMED INDUSTRIA S.A;ROSUVASTATINA CALCICA;20 MG COM REV CT BL AL AL X 90;ROSUVASTATINA CÁLCICA;7896523200071;1438102250195;90490347;506420100041707;S;N;;528.86;728.98;;;;CMED_ICMS17;20260508;20;PF0=438.95|PF12=498.81|PF18=535.3|PF19=541.91|PF20=548.69|PF21=555.63|PF22=562.76|PMC0=605.05|PMC12=687.56|PMC18=737.86|PMC19=746.97|PMC20=756.31|PMC21=765.88|PMC22=775.71|PMVG17=415|PMVG18=420.05|PMVG20=430.56
CMED;20260508;medicamento;507745101118113;;;EMS S/A;ROSUVASTATINA CÁLCICA;20 MG COM REV CT BL AL AL X 30;ROSUVASTATINA CÁLCICA;7896004728858;1023510240091;90059336;507745101118113;S;N;;258.25;355.97;;;;CMED_ICMS17;20260508;20;PF0=214.35|PF12=243.58|PF18=261.4|PF19=264.63|PF20=267.94|PF21=271.33|PF22=274.81|PMC0=295.46|PMC12=335.75|PMC18=360.31|PMC19=364.76|PMC20=369.33|PMC21=374|PMC22=378.8|PMVG17=202.65|PMVG18=205.12|PMVG20=210.25
CMED;20260508;medicamento;507745103110111;;;EMS S/A;ROSUVASTATINA CÁLCICA;10 MG COM REV CT BL AL AL X 30;ROSUVASTATINA CÁLCICA;7896004729640;1023510240032;90059328;507745103110111;S;N;;147.47;203.27;;;;CMED_ICMS17;20260508;20;PF0=122.4|PF12=139.09|PF18=149.27|PF19=151.11|PF20=153|PF21=154.94|PF22=156.92|PMC0=168.72|PMC12=191.72|PMC18=205.75|PMC19=208.29|PMC20=210.89|PMC21=213.57|PMC22=216.3|PMVG17=115.72|PMVG18=117.13|PMVG20=120.06
CMED;20260508;medicamento;508020090135407;;;EUROFARMA LABORATORIOS S.A.;ROSUVASTATINA CÁLCICA;5 MG COM REV CT BL AL AL X 30;ROSUVASTATINA CÁLCICA;7891317155056;1004312960024;90488547;508020090135407;S;N;;35.99;49.61;;;;CMED_ICMS17;20260508;20;PF0=29.87|PF12=33.94|PF18=36.43|PF19=36.88|PF20=37.34|PF21=37.81|PF22=38.29|PMC0=41.17|PMC12=46.78|PMC18=50.21|PMC19=50.84|PMC20=51.47|PMC21=52.12|PMC22=52.78|PMVG17=28.24|PMVG18=28.59|PMVG20=29.3
CMED;20260508;medicamento;508020090135507;;;EUROFARMA LABORATORIOS S.A.;ROSUVASTATINA CÁLCICA;10 MG COM REV CT BL AL AL X 30;ROSUVASTATINA CÁLCICA;7891317155131;1004312960067;90488555;508020090135507;S;N;;45.47;62.68;;;;CMED_ICMS17;20260508;20;PF0=37.74|PF12=42.89|PF18=46.02|PF19=46.59|PF20=47.18|PF21=47.77|PF22=48.38|PMC0=52.02|PMC12=59.12|PMC18=63.43|PMC19=64.22|PMC20=65.03|PMC21=65.85|PMC22=66.69|PMVG17=35.68|PMVG18=36.11|PMVG20=37.02
CMED;20260508;medicamento;508020090135607;;;EUROFARMA LABORATORIOS S.A.;ROSUVASTATINA CÁLCICA;20 MG COM REV CT BL AL AL X 30;ROSUVASTATINA CÁLCICA;7891317155216;1004312960105;90488563;508020090135607;S;N;;66.05;91.04;;;;CMED_ICMS17;20260508;20;PF0=54.82|PF12=62.3|PF18=66.85|PF19=67.68|PF20=68.53|PF21=69.39|PF22=70.28|PMC0=75.56|PMC12=85.87|PMC18=92.15|PMC19=93.29|PMC20=94.46|PMC21=95.65|PMC22=96.87|PMVG17=51.83|PMVG18=52.46|PMVG20=53.78
CMED;20260508;medicamento;510420010179907;;;GEOLAB INDÚSTRIA FARMACÊUTICA S/A;ROSUVASTATINA CALCICA;10 MG COM REV CT BL AL AL X 30;ROSUVASTATINA CÁLCICA;7899095249479;1542302940068;90456653;510420010179907;S;N;;140.71;193.95;;;;CMED_ICMS17;20260508;20;PF0=116.79|PF12=132.72|PF18=142.43|PF19=144.19|PF20=145.99|PF21=147.84|PF22=149.73|PMC0=160.98|PMC12=182.94|PMC18=196.32|PMC19=198.75|PMC20=201.23|PMC21=203.78|PMC22=206.39|PMVG17=110.42|PMVG18=111.77|PMVG20=114.56
CMED;20260508;medicamento;510420010180007;;;GEOLAB INDÚSTRIA FARMACÊUTICA S/A;ROSUVASTATINA CALCICA;20 MG COM REV CT BL AL AL X 30;ROSUVASTATINA CÁLCICA;7899095249530;1542302940106;90454782;510420010180007;S;N;;246.47;339.73;;;;CMED_ICMS17;20260508;20;PF0=204.57|PF12=232.47|PF18=249.48|PF19=252.56|PF20=255.71|PF21=258.95|PF22=262.27|PMC0=281.98|PMC12=320.44|PMC18=343.88|PMC19=348.13|PMC20=352.47|PMC21=356.94|PMC22=361.51|PMVG17=193.41|PMVG18=195.77|PMVG20=200.66
CMED;20260508;medicamento;511518010066006;;;SANDOZ DO BRASIL INDÚSTRIA FARMACÊUTICA LTDA;ROSUVASTATINA CALCICA;10 MG COM REV CT BL AL AL X 60;ROSUVASTATINA CÁLCICA;7897595620620;1004704990030;90402910;511518010066006;S;N;;59.93;82.61;;;;CMED_ICMS17;20260508;20;PF0=49.74|PF12=56.52|PF18=60.66|PF19=61.41|PF20=62.18|PF21=62.96|PF22=63.77|PMC0=68.56|PMC12=77.91|PMC18=83.61|PMC19=84.65|PMC20=85.71|PMC21=86.78|PMC22=87.9|PMVG17=47.03|PMVG18=47.6|PMVG20=48.79
CMED;20260508;medicamento;511518010066106;;;SANDOZ DO BRASIL INDÚSTRIA FARMACÊUTICA LTDA;ROSUVASTATINA CALCICA;20 MG COM REV CT BL AL AL X 60;ROSUVASTATINA CÁLCICA;7897595620644;1004704990065;90402928;511518010066106;S;N;;97.83;134.85;;;;CMED_ICMS17;20260508;20;PF0=81.2|PF12=92.27|PF18=99.02|PF19=100.25|PF20=101.5|PF21=102.78|PF22=104.1|PMC0=111.93|PMC12=127.18|PMC18=136.49|PMC19=138.18|PMC20=139.91|PMC21=141.67|PMC22=143.49|PMVG17=76.77|PMVG18=77.7|PMVG20=79.65
CMED;20260508;medicamento;511518050067006;;;SANDOZ DO BRASIL INDÚSTRIA FARMACÊUTICA LTDA;ROSUVASTATINA CALCICA;5 MG COM REV CT BL AL AL X 30;ROSUVASTATINA CÁLCICA;7897595634504;1004704990081;90403010;511518050067006;S;N;;33.34;45.96;;;;CMED_ICMS17;20260508;20;PF0=27.67|PF12=31.44|PF18=33.74|PF19=34.16|PF20=34.59|PF21=35.03|PF22=35.47|PMC0=38.14|PMC12=43.34|PMC18=46.51|PMC19=47.09|PMC20=47.68|PMC21=48.29|PMC22=48.89|PMVG17=26.16|PMVG18=26.47|PMVG20=27.14
CMED;20260508;medicamento;511518301114113;;;SANDOZ DO BRASIL INDÚSTRIA FARMACÊUTICA LTDA;ROSUVASTATINA CALCICA;10 MG COM REV CT BL AL AL X 30;ROSUVASTATINA CÁLCICA;7897595620613;1004704990022;90227697;511518301114113;S;N;;35.65;49.14;;;;CMED_ICMS17;20260508;20;PF0=29.59|PF12=33.63|PF18=36.09|PF19=36.53|PF20=36.99|PF21=37.46|PF22=37.94|PMC0=40.79|PMC12=46.36|PMC18=49.75|PMC19=50.35|PMC20=50.99|PMC21=51.63|PMC22=52.3|PMVG17=27.97|PMVG18=28.32|PMVG20=29.03
CMED;20260508;medicamento;511518302110111;;;SANDOZ DO BRASIL INDÚSTRIA FARMACÊUTICA LTDA;ROSUVASTATINA CALCICA;20 MG COM REV CT BL AL AL X 30;ROSUVASTATINA CÁLCICA;7897595620637;1004704990057;90227700;511518302110111;S;N;;58.2;80.22;;;;CMED_ICMS17;20260508;20;PF0=48.31|PF12=54.9|PF18=58.91|PF19=59.64|PF20=60.39|PF21=61.15|PF22=61.94|PMC0=66.59|PMC12=75.67|PMC18=81.2|PMC19=82.21|PMC20=83.24|PMC21=84.29|PMC22=85.38|PMVG17=45.67|PMVG18=46.23|PMVG20=47.39
CMED;20260508;medicamento;520720060110207;;;LABORATORIO TEUTO BRASILEIRO S/A;ROSUVASTATINA CALCICA;20MG COM REV CT BL AL AL X 30;ROSUVASTATINA CÁLCICA;7896112104407;1037007400068;90476409;520720060110207;S;N;;246.53;339.82;;;;CMED_ICMS17;20260508;20;PF0=204.62|PF12=232.52|PF18=249.54|PF19=252.62|PF20=255.78|PF21=259.01|PF22=262.33|PMC0=282.05|PMC12=320.5|PMC18=343.96|PMC19=348.21|PMC20=352.57|PMC21=357.02|PMC22=361.59|PMVG17=193.45|PMVG18=195.81|PMVG20=200.71
CMED;20260508;medicamento;520720060110307;;;LABORATORIO TEUTO BRASILEIRO S/A;ROSUVASTATINA CALCICA;10MG COM REV CT BL AL AL X 30;ROSUVASTATINA CÁLCICA;7896112104360;1037007400025;90476395;520720060110307;S;N;;140.73;193.98;;;;CMED_ICMS17;20260508;20;PF0=116.81|PF12=132.74|PF18=142.45|PF19=144.21|PF20=146.01|PF21=147.86|PF22=149.76|PMC0=161.01|PMC12=182.97|PMC18=196.35|PMC19=198.78|PMC20=201.26|PMC21=203.81|PMC22=206.43|PMVG17=110.43|PMVG18=111.78|PMVG20=114.57
CMED;20260508;medicamento;525013020102106;;;SANOFI MEDLEY FARMACÊUTICA LTDA.;ROSUVASTATINA CÁLCICA;10 MG COM REV CT BL AL/AL X 30;ROSUVASTATINA CÁLCICA;7896422528580;1832601860025;90368762;525013020102106;S;N;;46.76;64.45;;;;CMED_ICMS17;20260508;20;PF0=38.81|PF12=44.1|PF18=47.33|PF19=47.91|PF20=48.51|PF21=49.13|PF22=49.76|PMC0=53.5|PMC12=60.79|PMC18=65.24|PMC19=66.04|PMC20=66.87|PMC21=67.72|PMC22=68.59|PMVG17=36.69|PMVG18=37.14|PMVG20=38.07
CMED;20260508;medicamento;525013020102206;;;SANOFI MEDLEY FARMACÊUTICA LTDA.;ROSUVASTATINA CÁLCICA;20 MG COM REV CT BL AL/AL X 30;ROSUVASTATINA CÁLCICA;7896422528627;1832601860068;90368797;525013020102206;S;N;;70.19;96.75;;;;CMED_ICMS17;20260508;20;PF0=58.26|PF12=66.2|PF18=71.05|PF19=71.93|PF20=72.83|PF21=73.75|PF22=74.69|PMC0=80.31|PMC12=91.25|PMC18=97.94|PMC19=99.15|PMC20=100.39|PMC21=101.66|PMC22=102.95|PMVG17=55.08|PMVG18=55.75|PMVG20=57.15
CMED;20260508;medicamento;526125120187506;;;GERMED FARMACEUTICA LTDA;ROSUVASTATINA CÁLCICA;10 MG COM REV CT BL AL AL X 60;ROSUVASTATINA CÁLCICA;7896004822969;1058308160042;90620968;526125120187506;S;N;;291.83;402.26;;;;CMED_ICMS17;20260508;20;PF0=242.22|PF12=275.25|PF18=295.39|PF19=299.04|PF20=302.78|PF21=306.61|PF22=310.54|PMC0=333.88|PMC12=379.4|PMC18=407.16|PMC19=412.2|PMC20=417.35|PMC21=422.63|PMC22=428.05|PMVG17=229|PMVG18=231.79|PMVG20=237.59
CMED;20260508;medicamento;526135401114111;;;GERMED FARMACEUTICA LTDA;ROSUVASTATINA CÁLCICA;10 MG COM REV CT BL AL AL X 30;ROSUVASTATINA CÁLCICA;7896004729657;1058308160034;90368789;526135401114111;S;N;;147.39;203.16;;;;CMED_ICMS17;20260508;20;PF0=122.33|PF12=139.01|PF18=149.18|PF19=151.02|PF20=152.91|PF21=154.85|PF22=156.83|PMC0=168.62|PMC12=191.61|PMC18=205.63|PMC19=208.17|PMC20=210.77|PMC21=213.44|PMC22=216.17|PMVG17=115.66|PMVG18=117.06|PMVG20=119.99
CMED;20260508;medicamento;526135402110111;;;GERMED FARMACEUTICA LTDA;ROSUVASTATINA CÁLCICA;20 MG COM REV CT BL AL AL X 30;ROSUVASTATINA CÁLCICA;7896004728865;1058308160093;90384482;526135402110111;S;N;;258.22;355.93;;;;CMED_ICMS17;20260508;20;PF0=214.32|PF12=243.55|PF18=261.37|PF19=264.59|PF20=267.9|PF21=271.29|PF22=274.77|PMC0=295.42|PMC12=335.71|PMC18=360.27|PMC19=364.71|PMC20=369.27|PMC21=373.95|PMC22=378.74|PMVG17=202.63|PMVG18=205.1|PMVG20=210.22
CMED;20260508;medicamento;526518050092606;;;NOVARTIS BIOCIENCIAS S.A;ROSUVASTATINA CÁLCICA;10 MG COM REV CT BL AL AL X 30;ROSUVASTATINA CÁLCICA;7897595635792;1006811440022;90409612;526518050092606;S;N;;62.6;86.29;;;;CMED_ICMS17;20260508;20;PF0=51.96|PF12=59.05|PF18=63.37|PF19=64.15|PF20=64.95|PF21=65.77|PF22=66.62|PMC0=71.62|PMC12=81.39|PMC18=87.35|PMC19=88.42|PMC20=89.53|PMC21=90.66|PMC22=91.83|PMVG17=49.12|PMVG18=49.73|PMVG20=50.97
CMED;20260508;medicamento;526518050092706;;;NOVARTIS BIOCIENCIAS S.A;ROSUVASTATINA CÁLCICA;20 MG COM REV CT BL AL AL X 30;ROSUVASTATINA CÁLCICA;7897595635808;1006811440057;90409620;526518050092706;S;N;;111.28;153.39;;;;CMED_ICMS17;20260508;20;PF0=92.36|PF12=104.95|PF18=112.63|PF19=114.02|PF20=115.45|PF21=116.91|PF22=118.41|PMC0=127.31|PMC12=144.66|PMC18=155.25|PMC19=157.16|PMC20=159.14|PMC21=161.15|PMC22=163.22|PMVG17=87.32|PMVG18=88.38|PMVG20=90.59
CMED;20260508;medicamento;527922120041606;;;PHARLAB INDÚSTRIA FARMACÊUTICA S.A.;ROSUVASTATINA CÁLCICA;5 MG COM REV CT BL AL AL X 60;ROSUVASTATINA CÁLCICA;7898216366095;1410706450025;90558383;527922120041606;S;N;;114.59;157.95;;;;CMED_ICMS17;20260508;20;PF0=95.11|PF12=108.08|PF18=115.99|PF19=117.42|PF20=118.89|PF21=120.39|PF22=121.94|PMC0=131.1|PMC12=148.98|PMC18=159.88|PMC19=161.85|PMC20=163.88|PMC21=165.95|PMC22=168.08|PMVG17=89.92|PMVG18=91.02|PMVG20=93.29
CMED;20260508;medicamento;527922120041706;;;PHARLAB INDÚSTRIA FARMACÊUTICA S.A.;ROSUVASTATINA CÁLCICA;20 MG COM REV CT BL AL AL X 60;ROSUVASTATINA CÁLCICA;7898216366408;1410706450106;90558421;527922120041706;S;N;;493.01;679.56;;;;CMED_ICMS17;20260508;20;PF0=409.2|PF12=465|PF18=499.02|PF19=505.19|PF20=511.5|PF21=517.97|PF22=524.62|PMC0=564.04|PMC12=640.95|PMC18=687.85|PMC19=696.35|PMC20=705.05|PMC21=713.97|PMC22=723.13|PMVG17=386.86|PMVG18=391.58|PMVG20=401.37
CMED;20260508;medicamento;527922120041806;;;PHARLAB INDÚSTRIA FARMACÊUTICA S.A.;ROSUVASTATINA CÁLCICA;10 MG COM REV CT BL AL AL X 60;ROSUVASTATINA CÁLCICA;7898216366156;1410706450068;90558405;527922120041806;S;N;;281.45;387.95;;;;CMED_ICMS17;20260508;20;PF0=233.6|PF12=265.45|PF18=284.88|PF19=288.4|PF20=292|PF21=295.7|PF22=299.49|PMC0=321.99|PMC12=365.9|PMC18=392.68|PMC19=397.53|PMC20=402.49|PMC21=407.59|PMC22=412.82|PMVG17=220.85|PMVG18=223.55|PMVG20=229.13
CMED;20260508;medicamento;527923010041906;;;PHARLAB INDÚSTRIA FARMACÊUTICA S.A.;ROSUVASTATINA CÁLCICA;5 MG COM REV CT BL AL AL X 30;ROSUVASTATINA CÁLCICA;7898216366088;1410706450017;90558375;527923010041906;S;N;;57.3;78.98;;;;CMED_ICMS17;20260508;20;PF0=47.56|PF12=54.05|PF18=58|PF19=58.72|PF20=59.45|PF21=60.2|PF22=60.97|PMC0=65.56|PMC12=74.5|PMC18=79.95|PMC19=80.94|PMC20=81.95|PMC21=82.98|PMC22=84.04|PMVG17=44.96|PMVG18=45.51|PMVG20=46.65
CMED;20260508;medicamento;527923010042006;;;PHARLAB INDÚSTRIA FARMACÊUTICA S.A.;ROSUVASTATINA CÁLCICA;10 MG COM REV CT BL AL AL X 30;ROSUVASTATINA CÁLCICA;7898216366149;1410706450051;90558391;527923010042006;S;N;;140.7;193.94;;;;CMED_ICMS17;20260508;20;PF0=116.78|PF12=132.7|PF18=142.41|PF19=144.17|PF20=145.98|PF21=147.82|PF22=149.72|PMC0=160.97|PMC12=182.91|PMC18=196.3|PMC19=198.72|PMC20=201.22|PMC21=203.75|PMC22=206.37|PMVG17=110.41|PMVG18=111.75|PMVG20=114.55
CMED;20260508;medicamento;527923010042106;;;PHARLAB INDÚSTRIA FARMACÊUTICA S.A.;ROSUVASTATINA CÁLCICA;20 MG COM REV CT BL AL AL X 30;ROSUVASTATINA CÁLCICA;7898216366392;1410706450092;90558413;527923010042106;S;N;;246.51;339.79;;;;CMED_ICMS17;20260508;20;PF0=204.6|PF12=232.5|PF18=249.51|PF19=252.59|PF20=255.75|PF21=258.99|PF22=262.31|PMC0=282.02|PMC12=320.48|PMC18=343.92|PMC19=348.17|PMC20=352.52|PMC21=356.99|PMC22=361.57|PMVG17=193.44|PMVG18=195.79|PMVG20=200.69
CMED;20260508;medicamento;529915080049606;;;RANBAXY FARMACÊUTICA LTDA;ROSUVASTATINA CÁLCICA;10 MG COM REV CT BL AL AL X 30;ROSUVASTATINA CÁLCICA;7897076917744;1235202320015;90322045;529915080049606;S;N;;94.77;130.63;;;;CMED_ICMS17;20260508;20;PF0=78.66|PF12=89.39|PF18=95.93|PF19=97.11|PF20=98.33|PF21=99.57|PF22=100.85|PMC0=108.42|PMC12=123.21|PMC18=132.23|PMC19=133.86|PMC20=135.54|PMC21=137.25|PMC22=139.01|PMVG17=74.37|PMVG18=75.28|PMVG20=77.16
CMED;20260508;medicamento;529915080049706;;;RANBAXY FARMACÊUTICA LTDA;ROSUVASTATINA CÁLCICA;20 MG COM REV CT BL AL AL X 30;ROSUVASTATINA CÁLCICA;7897076917782;1235202320058;90322053;529915080049706;S;N;;176.63;243.47;;;;CMED_ICMS17;20260508;20;PF0=146.6|PF12=166.59|PF18=178.78|PF19=180.99|PF20=183.25|PF21=185.57|PF22=187.95|PMC0=202.07|PMC12=229.63|PMC18=246.43|PMC19=249.48|PMC20=252.59|PMC21=255.79|PMC22=259.07|PMVG17=138.6|PMVG18=140.29|PMVG20=143.8
CMED;20260508;medicamento;529924070080906;;;RANBAXY FARMACÊUTICA LTDA;ROSUVASTATINA CÁLCICA;5 MG COM REV CT BL AL AL X 60;ROSUVASTATINA CÁLCICA;7897076922427;1235202320181;90587723;529924070080906;S;N;;111.57;153.79;;;;CMED_ICMS17;20260508;20;PF0=92.6|PF12=105.23|PF18=112.93|PF19=114.32|PF20=115.75|PF21=117.22|PF22=118.72|PMC0=127.64|PMC12=145.05|PMC18=155.66|PMC19=157.58|PMC20=159.55|PMC21=161.58|PMC22=163.64|PMVG17=87.55|PMVG18=88.62|PMVG20=90.83
CMED;20260508;medicamento;529924100082406;;;RANBAXY FARMACÊUTICA LTDA;ROSUVASTATINA CÁLCICA;5 MG COM REV CT BL AL AL X 30;ROSUVASTATINA CÁLCICA;7897076922212;1235202320171;90476417;529924100082406;S;N;;55.81;76.93;;;;CMED_ICMS17;20260508;20;PF0=46.32|PF12=52.64|PF18=56.49|PF19=57.19|PF20=57.9|PF21=58.63|PF22=59.38|PMC0=63.85|PMC12=72.56|PMC18=77.87|PMC19=78.83|PMC20=79.81|PMC21=80.82|PMC22=81.85|PMVG17=43.79|PMVG18=44.33|PMVG20=45.43
CMED;20260508;medicamento;532712120013906;;;TORRENT DO BRASIL LTDA;ROSUVASTATINA CÁLCICA;10 MG COM REV CT BL AL AL X 30;ROSUVASTATINA CÁLCICA;8902220109544;1052500410028;90262000;532712120013906;S;N;;147.35;203.11;;;;CMED_ICMS17;20260508;20;PF0=122.3|PF12=138.98|PF18=149.15|PF19=150.99|PF20=152.88|PF21=154.81|PF22=156.79|PMC0=168.58|PMC12=191.57|PMC18=205.59|PMC19=208.12|PMC20=210.73|PMC21=213.39|PMC22=216.12|PMVG17=115.63|PMVG18=117.04|PMVG20=119.97
CMED;20260508;medicamento;532712120014006;;;TORRENT DO BRASIL LTDA;ROSUVASTATINA CÁLCICA;20 MG COM REV CT BL AL AL X 30;ROSUVASTATINA CÁLCICA;8902220109551;1052500410060;90262026;532712120014006;S;N;;258.19;355.89;;;;CMED_ICMS17;20260508;20;PF0=214.3|PF12=243.52|PF18=261.34|PF19=264.57|PF20=267.88|PF21=271.27|PF22=274.74|PMC0=295.39|PMC12=335.67|PMC18=360.23|PMC19=364.68|PMC20=369.24|PMC21=373.92|PMC22=378.7|PMVG17=202.6|PMVG18=205.07|PMVG20=210.21
CMED;20260508;medicamento;532721070045406;;;TORRENT DO BRASIL LTDA;ROSUVASTATINA CÁLCICA;5 MG COM REV CT BL AL AL X 60;ROSUVASTATINA CÁLCICA;8903855067919;1052500410176;90514106;532721070045406;S;N;;114.6;157.96;;;;CMED_ICMS17;20260508;20;PF0=95.12|PF12=108.09|PF18=116|PF19=117.43|PF20=118.9|PF21=120.41|PF22=121.95|PMC0=131.11|PMC12=148.99|PMC18=159.89|PMC19=161.87|PMC20=163.89|PMC21=165.97|PMC22=168.1|PMVG17=89.93|PMVG18=91.03|PMVG20=93.3
CMED;20260508;medicamento;533023020084206;;;UNIÃO QUÍMICA FARMACÊUTICA NACIONAL S/A;ROSUVASTATINA CALCICA;5 MG COM REV CT BL AL AL X 30;ROSUVASTATINA CÁLCICA;7896006201434;1049714870021;90552539;533023020084206;S;N;;57.3;78.98;;;;CMED_ICMS17;20260508;20;PF0=47.56|PF12=54.05|PF18=58|PF19=58.72|PF20=59.45|PF21=60.2|PF22=60.97|PMC0=65.56|PMC12=74.5|PMC18=79.95|PMC19=80.94|PMC20=81.95|PMC21=82.98|PMC22=84.04|PMVG17=44.96|PMVG18=45.51|PMVG20=46.65
CMED;20260508;medicamento;533023020084306;;;UNIÃO QUÍMICA FARMACÊUTICA NACIONAL S/A;ROSUVASTATINA CALCICA;10 MG COM REV CT BL AL AL X 30;ROSUVASTATINA CÁLCICA;7896006201458;1049714870046;90552547;533023020084306;S;N;;140.73;193.98;;;;CMED_ICMS17;20260508;20;PF0=116.81|PF12=132.74|PF18=142.45|PF19=144.21|PF20=146.01|PF21=147.86|PF22=149.76|PMC0=161.01|PMC12=182.97|PMC18=196.35|PMC19=198.78|PMC20=201.26|PMC21=203.81|PMC22=206.43|PMVG17=110.43|PMVG18=111.78|PMVG20=114.57
CMED;20260508;medicamento;533023020084406;;;UNIÃO QUÍMICA FARMACÊUTICA NACIONAL S/A;ROSUVASTATINA CALCICA;20 MG COM REV CT BL AL AL X 30;ROSUVASTATINA CÁLCICA;7896006201465;1049714870062;90552555;533023020084406;S;N;;246.51;339.79;;;;CMED_ICMS17;20260508;20;PF0=204.6|PF12=232.5|PF18=249.51|PF19=252.59|PF20=255.75|PF21=258.99|PF22=262.31|PMC0=282.02|PMC12=320.48|PMC18=343.92|PMC19=348.17|PMC20=352.52|PMC21=356.99|PMC22=361.57|PMVG17=193.44|PMVG18=195.79|PMVG20=200.69
CMED;20260508;medicamento;533023020084506;;;UNIÃO QUÍMICA FARMACÊUTICA NACIONAL S/A;ROSUVASTATINA CALCICA;40 MG COM REV CT BL AL AL X 30;ROSUVASTATINA CÁLCICA;7896006201533;1049714870089;90552563;533023020084506;S;N;;268.16;369.63;;;;CMED_ICMS17;20260508;20;PF0=222.57|PF12=252.92|PF18=271.43|PF19=274.78|PF20=278.21|PF21=281.73|PF22=285.35|PMC0=306.79|PMC12=348.62|PMC18=374.14|PMC19=378.76|PMC20=383.48|PMC21=388.34|PMC22=393.33|PMVG17=210.43|PMVG18=212.99|PMVG20=218.31
CMED;20260508;medicamento;533023080087506;;;UNIÃO QUÍMICA FARMACÊUTICA NACIONAL S/A;ROSUVASTATINA CALCICA;10 MG COM REV CT BL AL PLAS PVC/PVDC TRANS X 30;ROSUVASTATINA CÁLCICA;7896006201458;1049714870127;90568141;533023080087506;S;N;;140.73;193.98;;;;CMED_ICMS17;20260508;20;PF0=116.81|PF12=132.74|PF18=142.45|PF19=144.21|PF20=146.01|PF21=147.86|PF22=149.76|PMC0=161.01|PMC12=182.97|PMC18=196.35|PMC19=198.78|PMC20=201.26|PMC21=203.81|PMC22=206.43|PMVG17=110.43|PMVG18=111.78|PMVG20=114.57
CMED;20260508;medicamento;538020040029307;;;ACCORD FARMACÊUTICA LTDA;ROSUVASTATINA CALCICA;10 MG COM REV CT BL AL AL X 30;ROSUVASTATINA CÁLCICA;7898577811180;1553700760049;90462610;538020040029307;S;N;;140.71;193.95;;;;CMED_ICMS17;20260508;20;PF0=116.79|PF12=132.72|PF18=142.43|PF19=144.19|PF20=145.99|PF21=147.84|PF22=149.73|PMC0=160.98|PMC12=182.94|PMC18=196.32|PMC19=198.75|PMC20=201.23|PMC21=203.78|PMC22=206.39|PMVG17=110.42|PMVG18=111.77|PMVG20=114.56
CMED;20260508;medicamento;538020040029407;;;ACCORD FARMACÊUTICA LTDA;ROSUVASTATINA CALCICA;20 MG COM REV CT BL AL AL X 30;ROSUVASTATINA CÁLCICA;7898577811203;1553700760065;90462629;538020040029407;S;N;;246.52;339.8;;;;CMED_ICMS17;20260508;20;PF0=204.61|PF12=232.51|PF18=249.52|PF19=252.6|PF20=255.76|PF21=259|PF22=262.32|PMC0=282.03|PMC12=320.49|PMC18=343.94|PMC19=348.18|PMC20=352.54|PMC21=357|PMC22=361.58|PMVG17=193.44|PMVG18=195.8|PMVG20=200.69
CMED;20260508;medicamento;538021050033206;;;ACCORD FARMACÊUTICA LTDA;ROSUVASTATINA CALCICA;5 MG COM REV CT BL AL AL X 30;ROSUVASTATINA CÁLCICA;7898577811166;1553700760022;90511506;538021050033206;S;N;;53.04;73.11;;;;CMED_ICMS17;20260508;20;PF0=44.02|PF12=50.02|PF18=53.68|PF19=54.35|PF20=55.03|PF21=55.72|PF22=56.44|PMC0=60.68|PMC12=68.95|PMC18=73.99|PMC19=74.92|PMC20=75.85|PMC21=76.8|PMC22=77.8|PMVG17=41.62|PMVG18=42.12|PMVG20=43.18
CMED;20260508;medicamento;538620120003507;;;UNICHEM FARMACÊUTICA DO BRASIL LTDA;ROSUVASTATINA CÁLCICA;5 MG COM REV CT BL AL AL X 60;ROSUVASTATINA CÁLCICA;7898912190086;1564900140023;90503007;538620120003507;S;N;;52.12;71.84;;;;CMED_ICMS17;20260508;20;PF0=43.26|PF12=49.16|PF18=52.76|PF19=53.41|PF20=54.08|PF21=54.76|PF22=55.46|PMC0=59.63|PMC12=67.76|PMC18=72.72|PMC19=73.62|PMC20=74.54|PMC21=75.48|PMC22=76.45|PMVG17=40.9|PMVG18=41.4|PMVG20=42.44
CMED;20260508;medicamento;538620120003607;;;UNICHEM FARMACÊUTICA DO BRASIL LTDA;ROSUVASTATINA CÁLCICA;5 MG COM REV CT BL AL AL X 30;ROSUVASTATINA CÁLCICA;7898912190079;1564900140015;90503015;538620120003607;S;N;;33.1;45.62;;;;CMED_ICMS17;20260508;20;PF0=27.47|PF12=31.22|PF18=33.5|PF19=33.91|PF20=34.34|PF21=34.77|PF22=35.22|PMC0=37.86|PMC12=43.03|PMC18=46.18|PMC19=46.74|PMC20=47.33|PMC21=47.93|PMC22=48.55|PMVG17=25.97|PMVG18=26.29|PMVG20=26.95
CMED;20260508;medicamento;538620120003707;;;UNICHEM FARMACÊUTICA DO BRASIL LTDA;ROSUVASTATINA CÁLCICA;10 MG COM REV CT BL AL AL X 30;ROSUVASTATINA CÁLCICA;7898912190109;1564900140031;90503023;538620120003707;S;N;;32.87;45.31;;;;CMED_ICMS17;20260508;20;PF0=27.28|PF12=31|PF18=33.27|PF19=33.68|PF20=34.1|PF21=34.53|PF22=34.97|PMC0=37.6|PMC12=42.73|PMC18=45.86|PMC19=46.42|PMC20=47|PMC21=47.6|PMC22=48.2|PMVG17=25.79|PMVG18=26.11|PMVG20=26.76
CMED;20260508;medicamento;538620120003807;;;UNICHEM FARMACÊUTICA DO BRASIL LTDA;ROSUVASTATINA CÁLCICA;20 MG COM REV CT BL AL AL X 30;ROSUVASTATINA CÁLCICA;7898912190130;1564900140058;90503031;538620120003807;S;N;;65.94;90.89;;;;CMED_ICMS17;20260508;20;PF0=54.73|PF12=62.19|PF18=66.74|PF19=67.57|PF20=68.41|PF21=69.28|PF22=70.17|PMC0=75.44|PMC12=85.72|PMC18=91.99|PMC19=93.14|PMC20=94.3|PMC21=95.5|PMC22=96.72|PMVG17=51.74|PMVG18=52.37|PMVG20=53.68
CMED;20260508;medicamento;538620120004107;;;UNICHEM FARMACÊUTICA DO BRASIL LTDA;ROSUVASTATINA CÁLCICA;10 MG COM REV CT BL AL AL X 60;ROSUVASTATINA CÁLCICA;7898912190116;1564900140041;90503066;538620120004107;S;N;;79.43;109.49;;;;CMED_ICMS17;20260508;20;PF0=65.93|PF12=74.92|PF18=80.4|PF19=81.4|PF20=82.41|PF21=83.46|PF22=84.53|PMC0=90.88|PMC12=103.27|PMC18=110.82|PMC19=112.2|PMC20=113.59|PMC21=115.04|PMC22=116.52|PMVG17=62.33|PMVG18=63.09|PMVG20=64.67
CMED;20260508;medicamento;538620120004207;;;UNICHEM FARMACÊUTICA DO BRASIL LTDA;ROSUVASTATINA CÁLCICA;20 MG COM REV CT BL AL AL X 60;ROSUVASTATINA CÁLCICA;7898912190147;1564900140066;90503074;538620120004207;S;N;;85.86;118.35;;;;CMED_ICMS17;20260508;20;PF0=71.26|PF12=80.98|PF18=86.9|PF19=87.98|PF20=89.08|PF21=90.2|PF22=91.36|PMC0=98.22|PMC12=111.62|PMC18=119.78|PMC19=121.27|PMC20=122.79|PMC21=124.33|PMC22=125.93|PMVG17=67.37|PMVG18=68.19|PMVG20=69.9
CMED;20260508;medicamento;538625040005506;;;UNICHEM FARMACÊUTICA DO BRASIL LTDA;ROSUVASTATINA CÁLCICA;40 MG COM REV CT BL AL AL X 30;ROSUVASTATINA CÁLCICA;7898912190161;1564900140074;90503040;538625040005506;S;N;;225.6;310.97;;;;CMED_ICMS17;20260508;20;PF0=187.25|PF12=212.78|PF18=228.35|PF19=231.17|PF20=234.06|PF21=237.03|PF22=240.06|PMC0=258.1|PMC12=293.3|PMC18=314.76|PMC19=318.64|PMC20=322.63|PMC21=326.72|PMC22=330.9|PMVG17=177.03|PMVG18=179.19|PMVG20=183.67
CMED;20260508;medicamento;538625040005606;;;UNICHEM FARMACÊUTICA DO BRASIL LTDA;ROSUVASTATINA CÁLCICA;40 MG COM REV CT BL AL AL X 60;ROSUVASTATINA CÁLCICA;7898912190338;1564900140082;90503058;538625040005606;S;N;;439;605.12;;;;CMED_ICMS17;20260508;20;PF0=364.37|PF12=414.06|PF18=444.35|PF19=449.84|PF20=455.46|PF21=461.23|PF22=467.14|PMC0=502.25|PMC12=570.74|PMC18=612.49|PMC19=620.06|PMC20=627.8|PMC21=635.76|PMC22=643.9|PMVG17=344.48|PMVG18=348.68|PMVG20=357.4
CMED;20260508;medicamento;538814080049406;;;LEGRAND PHARMA INDUSTRIA FARMACEUTICA LTDA;ROSUVASTATINA CÁLCICA;5 MG COM REV CT BL AL AL X 30;ROSUVASTATINA CÁLCICA;7894916147972;1677304630146;90415612;538814080049406;S;N;;63.4;87.39;;;;CMED_ICMS17;20260508;20;PF0=52.62|PF12=59.8|PF18=64.17|PF19=64.96|PF20=65.78|PF21=66.61|PF22=67.46|PMC0=72.53|PMC12=82.43|PMC18=88.45|PMC19=89.54|PMC20=90.67|PMC21=91.81|PMC22=92.99|PMVG17=49.75|PMVG18=50.35|PMVG20=51.62
CMED;20260508;medicamento;538820901112111;;;LEGRAND PHARMA INDUSTRIA FARMACEUTICA LTDA;ROSUVASTATINA CÁLCICA;20 MG COM REV CT BL AL AL X 30;ROSUVASTATINA CÁLCICA;7894916146012;1677304630091;90388470;538820901112111;S;N;;258.25;355.97;;;;CMED_ICMS17;20260508;20;PF0=214.35|PF12=243.58|PF18=261.4|PF19=264.63|PF20=267.94|PF21=271.33|PF22=274.81|PMC0=295.46|PMC12=335.75|PMC18=360.31|PMC19=364.76|PMC20=369.33|PMC21=374|PMC22=378.8|PMVG17=202.65|PMVG18=205.12|PMVG20=210.25
CMED;20260508;medicamento;538820902119118;;;LEGRAND PHARMA INDUSTRIA FARMACEUTICA LTDA;ROSUVASTATINA CÁLCICA;10 MG COM REV CT BL AL AL X 30;ROSUVASTATINA CÁLCICA;7894916146104;1677304630030;90388488;538820902119118;S;N;;147.47;203.27;;;;CMED_ICMS17;20260508;20;PF0=122.4|PF12=139.09|PF18=149.27|PF19=151.11|PF20=153|PF21=154.94|PF22=156.92|PMC0=168.72|PMC12=191.72|PMC18=205.75|PMC19=208.29|PMC20=210.89|PMC21=213.57|PMC22=216.3|PMVG17=115.72|PMVG18=117.13|PMVG20=120.06
CMED;20260508;medicamento;541815100013806;;;EMS S/A;ROSUVASTATINA CÁLCICA;5 MG COM REV CT BL AL AL X 30;ROSUVASTATINA CÁLCICA;7896004743745;1023510240148;90328957;541815100013806;S;N;;63.4;87.39;;;;CMED_ICMS17;20260508;20;PF0=52.62|PF12=59.8|PF18=64.17|PF19=64.96|PF20=65.78|PF21=66.61|PF22=67.46|PMC0=72.53|PMC12=82.43|PMC18=88.45|PMC19=89.54|PMC20=90.67|PMC21=91.81|PMC22=92.99|PMVG17=49.75|PMVG18=50.35|PMVG20=51.62
CMED;20260508;medicamento;541815100013906;;;EMS S/A;ROSUVASTATINA CÁLCICA;5 MG COM REV CT BL AL AL X 60;ROSUVASTATINA CÁLCICA;7896004755342;1023510240156;90328965;541815100013906;S;N;;126.87;174.88;;;;CMED_ICMS17;20260508;20;PF0=105.3|PF12=119.66|PF18=128.41|PF19=130|PF20=131.63|PF21=133.29|PF22=135|PMC0=145.15|PMC12=164.94|PMC18=177|PMC19=179.19|PMC20=181.44|PMC21=183.73|PMC22=186.08|PMVG17=99.55|PMVG18=100.76|PMVG20=103.29
CMED;20260508;medicamento;541825080212606;;;EMS S/A;ROSUVASTATINA CÁLCICA;40 MG COM REV CT BL AL AL X 30;ROSUVASTATINA CÁLCICA;7896004793931;1023510240253;90613040;541825080212606;S;N;;268.17;369.64;;;;CMED_ICMS17;20260508;20;PF0=222.58|PF12=252.93|PF18=271.44|PF19=274.79|PF20=278.23|PF21=281.75|PF22=285.36|PMC0=306.8|PMC12=348.64|PMC18=374.15|PMC19=378.77|PMC20=383.51|PMC21=388.36|PMC22=393.34|PMVG17=210.43|PMVG18=213|PMVG20=218.33
CMED;20260508;medicamento;543819050035506;;;ALTHAIA S.A. INDUSTRIA FARMACEUTICA;ROSUVASTATINA CÁLCICA;20 MG COM REV CT BL AL AL X 60;ROSUVASTATINA CÁLCICA;7898569760502;1351700410111;90434811;543819050035506;S;N;;493.01;679.56;;;;CMED_ICMS17;20260508;20;PF0=409.2|PF12=465|PF18=499.02|PF19=505.19|PF20=511.5|PF21=517.97|PF22=524.62|PMC0=564.04|PMC12=640.95|PMC18=687.85|PMC19=696.35|PMC20=705.05|PMC21=713.97|PMC22=723.13|PMVG17=386.86|PMVG18=391.58|PMVG20=401.37
CMED;20260508;medicamento;543819050035606;;;ALTHAIA S.A. INDUSTRIA FARMACEUTICA;ROSUVASTATINA CÁLCICA;10 MG COM REV CT BL AL AL X 30;ROSUVASTATINA CÁLCICA;7898569760458;1351700410065;90434820;543819050035606;S;N;;141.42;194.93;;;;CMED_ICMS17;20260508;20;PF0=117.38|PF12=133.39|PF18=143.15|PF19=144.91|PF20=146.73|PF21=148.58|PF22=150.49|PMC0=161.8|PMC12=183.86|PMC18=197.32|PMC19=199.74|PMC20=202.25|PMC21=204.8|PMC22=207.43|PMVG17=110.97|PMVG18=112.33|PMVG20=115.14
CMED;20260508;medicamento;543819050035906;;;ALTHAIA S.A. INDUSTRIA FARMACEUTICA;ROSUVASTATINA CÁLCICA;5 MG COM REV CT BL AL AL X 30;ROSUVASTATINA CÁLCICA;7898569760410;1351700410022;90434854;543819050035906;S;N;;49.58;68.34;;;;CMED_ICMS17;20260508;20;PF0=41.15|PF12=46.76|PF18=50.18|PF19=50.8|PF20=51.44|PF21=52.09|PF22=52.76|PMC0=56.72|PMC12=64.45|PMC18=69.17|PMC19=70.02|PMC20=70.9|PMC21=71.8|PMC22=72.72|PMVG17=38.91|PMVG18=39.38|PMVG20=40.37
CMED;20260508;medicamento;543819050036006;;;ALTHAIA S.A. INDUSTRIA FARMACEUTICA;ROSUVASTATINA CÁLCICA;5 MG COM REV CT BL AL AL X 60;ROSUVASTATINA CÁLCICA;7898569760427;1351700410030;90434862;543819050036006;S;N;;99.22;136.76;;;;CMED_ICMS17;20260508;20;PF0=82.35|PF12=93.58|PF18=100.43|PF19=101.67|PF20=102.94|PF21=104.24|PF22=105.58|PMC0=113.51|PMC12=128.99|PMC18=138.43|PMC19=140.14|PMC20=141.89|PMC21=143.68|PMC22=145.53|PMVG17=77.86|PMVG18=78.81|PMVG20=80.78
CMED;20260508;medicamento;543819050036306;;;ALTHAIA S.A. INDUSTRIA FARMACEUTICA;ROSUVASTATINA CÁLCICA;10 MG COM REV CT BL AL AL X 60;ROSUVASTATINA CÁLCICA;7898569760465;1351700410073;90434897;543819050036306;S;N;;282.83;389.85;;;;CMED_ICMS17;20260508;20;PF0=234.75|PF12=266.76|PF18=286.28|PF19=289.81|PF20=293.44|PF21=297.15|PF22=300.96|PMC0=323.58|PMC12=367.7|PMC18=394.61|PMC19=399.47|PMC20=404.48|PMC21=409.59|PMC22=414.84|PMVG17=221.94|PMVG18=224.64|PMVG20=230.26
CMED;20260508;medicamento;543819050036606;;;ALTHAIA S.A. INDUSTRIA FARMACEUTICA;ROSUVASTATINA CÁLCICA;20 MG COM REV CT BL AL AL X 30;ROSUVASTATINA CÁLCICA;7898569760496;1351700410103;90434927;543819050036606;S;N;;246.52;339.8;;;;CMED_ICMS17;20260508;20;PF0=204.61|PF12=232.51|PF18=249.52|PF19=252.6|PF20=255.76|PF21=259|PF22=262.32|PMC0=282.03|PMC12=320.49|PMC18=343.94|PMC19=348.18|PMC20=352.54|PMC21=357|PMC22=361.58|PMVG17=193.44|PMVG18=195.8|PMVG20=200.69
CMED;20260508;medicamento;543819050036906;;;ALTHAIA S.A. INDUSTRIA FARMACEUTICA;ROSUVASTATINA CÁLCICA;40 MG COM REV CT BL AL AL X 30;ROSUVASTATINA CÁLCICA;7898569760533;1351700410146;90434951;543819050036906;S;N;;268.16;369.63;;;;CMED_ICMS17;20260508;20;PF0=222.57|PF12=252.92|PF18=271.43|PF19=274.78|PF20=278.21|PF21=281.73|PF22=285.35|PMC0=306.79|PMC12=348.62|PMC18=374.14|PMC19=378.76|PMC20=383.48|PMC21=388.34|PMC22=393.33|PMVG17=210.43|PMVG18=212.99|PMVG20=218.31
CMED;20260508;medicamento;543819050037006;;;ALTHAIA S.A. INDUSTRIA FARMACEUTICA;ROSUVASTATINA CÁLCICA;40 MG COM REV CT BL AL AL X 60;ROSUVASTATINA CÁLCICA;7898569760540;1351700410154;90434960;543819050037006;S;N;;510.47;703.63;;;;CMED_ICMS17;20260508;20;PF0=423.69|PF12=481.47|PF18=516.7|PF19=523.07|PF20=529.61|PF21=536.32|PF22=543.19|PMC0=584.01|PMC12=663.66|PMC18=712.22|PMC19=721|PMC20=730.01|PMC21=739.26|PMC22=748.73|PMVG17=400.57|PMVG18=405.46|PMVG20=415.58
CMED;20260508;medicamento;543824010079406;;;ALTHAIA S.A. INDUSTRIA FARMACEUTICA;ROSUVASTATINA CÁLCICA;10 MG COM REV CT BL AL AL X 90;ROSUVASTATINA CÁLCICA;7898687736977;1351700410235;90579909;543824010079406;S;N;;424.24;584.77;;;;CMED_ICMS17;20260508;20;PF0=352.12|PF12=400.14|PF18=429.41|PF19=434.72|PF20=440.15|PF21=445.72|PF22=451.44|PMC0=485.36|PMC12=551.55|PMC18=591.9|PMC19=599.22|PMC20=606.7|PMC21=614.38|PMC22=622.26|PMVG17=332.9|PMVG18=336.96|PMVG20=345.39
CMED;20260508;medicamento;543824010079506;;;ALTHAIA S.A. INDUSTRIA FARMACEUTICA;ROSUVASTATINA CÁLCICA;10 MG COM REV CT BL AL AL X 120;ROSUVASTATINA CÁLCICA;7898687736984;1351700410243;90579917;543824010079506;S;N;;565.64;779.68;;;;CMED_ICMS17;20260508;20;PF0=469.48|PF12=533.5|PF18=572.54|PF19=579.6|PF20=586.85|PF21=594.28|PF22=601.9|PMC0=647.13|PMC12=735.37|PMC18=789.19|PMC19=798.92|PMC20=808.91|PMC21=819.15|PMC22=829.66|PMVG17=443.86|PMVG18=449.27|PMVG20=460.5
CMED;20260508;medicamento;543824010079606;;;ALTHAIA S.A. INDUSTRIA FARMACEUTICA;ROSUVASTATINA CÁLCICA;5 MG COM REV CT BL AL AL X 90;ROSUVASTATINA CÁLCICA;7898687736953;1351700410219;90579887;543824010079606;S;N;;148.82;205.13;;;;CMED_ICMS17;20260508;20;PF0=123.52|PF12=140.36|PF18=150.63|PF19=152.49|PF20=154.4|PF21=156.35|PF22=158.36|PMC0=170.26|PMC12=193.47|PMC18=207.63|PMC19=210.19|PMC20=212.82|PMC21=215.51|PMC22=218.28|PMVG17=116.78|PMVG18=118.2|PMVG20=121.16
CMED;20260508;medicamento;543824010079706;;;ALTHAIA S.A. INDUSTRIA FARMACEUTICA;ROSUVASTATINA CÁLCICA;5 MG COM REV CT BL AL AL X 120;ROSUVASTATINA CÁLCICA;7898687736960;1351700410227;90579895;543824010079706;S;N;;198.45;273.54;;;;CMED_ICMS17;20260508;20;PF0=164.71|PF12=187.17|PF18=200.87|PF19=203.35|PF20=205.89|PF21=208.49|PF22=211.17|PMC0=227.04|PMC12=257.99|PMC18=276.88|PMC19=280.3|PMC20=283.8|PMC21=287.38|PMC22=291.08|PMVG17=155.72|PMVG18=157.62|PMVG20=161.56
CMED;20260508;medicamento;543824010079806;;;ALTHAIA S.A. INDUSTRIA FARMACEUTICA;ROSUVASTATINA CÁLCICA;20 MG COM REV CT BL AL AL X 90;ROSUVASTATINA CÁLCICA;7898687736991;1351700410251;90579925;543824010079806;S;N;;739.54;1019.38;;;;CMED_ICMS17;20260508;20;PF0=613.82|PF12=697.52|PF18=748.56|PF19=757.8|PF20=767.28|PF21=776.99|PF22=786.95|PMC0=846.09|PMC12=961.46|PMC18=1031.81|PMC19=1044.55|PMC20=1057.62|PMC21=1071|PMC22=1084.73|PMVG17=580.32|PMVG18=587.39|PMVG20=602.09
CMED;20260508;medicamento;543824010079906;;;ALTHAIA S.A. INDUSTRIA FARMACEUTICA;ROSUVASTATINA CÁLCICA;20 MG COM REV CT BL AL AL X 120;ROSUVASTATINA CÁLCICA;7898687737004;1351700410261;90579933;543824010079906;S;N;;986.05;1359.17;;;;CMED_ICMS17;20260508;20;PF0=818.42|PF12=930.02|PF18=998.07|PF19=1010.4|PF20=1023.03|PF21=1035.97|PF22=1049.26|PMC0=1128.11|PMC12=1281.94|PMC18=1375.74|PMC19=1392.73|PMC20=1410.14|PMC21=1427.98|PMC22=1446.3|PMVG17=773.75|PMVG18=783.18|PMVG20=802.77
CMED;20260508;medicamento;543824010080006;;;ALTHAIA S.A. INDUSTRIA FARMACEUTICA;ROSUVASTATINA CÁLCICA;40 MG COM REV CT BL AL AL X 90;ROSUVASTATINA CÁLCICA;7898687737011;1351700410278;90579941;543824010080006;S;N;;804.49;1108.91;;;;CMED_ICMS17;20260508;20;PF0=667.73|PF12=758.78|PF18=814.3|PF19=824.36|PF20=834.66|PF21=845.23|PF22=856.06|PMC0=920.4|PMC12=1045.9|PMC18=1122.43|PMC19=1136.29|PMC20=1150.49|PMC21=1165.06|PMC22=1179.99|PMVG17=631.28|PMVG18=638.98|PMVG20=654.96
CMED;20260508;medicamento;543824010080106;;;ALTHAIA S.A. INDUSTRIA FARMACEUTICA;ROSUVASTATINA CÁLCICA;40 MG COM REV CT BL AL AL X 120;ROSUVASTATINA CÁLCICA;7898687737028;1351700410286;90579950;543824010080106;S;N;;1072.69;1478.59;;;;CMED_ICMS17;20260508;20;PF0=890.33|PF12=1011.74|PF18=1085.77|PF19=1099.17|PF20=1112.91|PF21=1127|PF22=1141.45|PMC0=1227.23|PMC12=1394.58|PMC18=1496.62|PMC19=1515.09|PMC20=1534.03|PMC21=1553.45|PMC22=1573.37|PMVG17=841.74|PMVG18=852|PMVG20=873.3
CMED;20260508;medicamento;552919110083707;;;ACHÉ LABORATÓRIOS FARMACÊUTICOS S.A;ROSUVASTATINA CÁLCICA;40 MG COM REV CT BL AL AL X 30;ROSUVASTATINA CÁLCICA;7896658051616;1057306230126;90444248;552919110083707;S;N;;268.16;369.63;;;;CMED_ICMS17;20260508;20;PF0=222.57|PF12=252.92|PF18=271.43|PF19=274.78|PF20=278.21|PF21=281.73|PF22=285.35|PMC0=306.79|PMC12=348.62|PMC18=374.14|PMC19=378.76|PMC20=383.48|PMC21=388.34|PMC22=393.33|PMVG17=210.43|PMVG18=212.99|PMVG20=218.31
CMED;20260508;medicamento;552920020114817;;;ACHÉ LABORATÓRIOS FARMACÊUTICOS S.A;ROSUVASTATINA CÁLCICA;10 MG COM REV CT BL AL AL X 30;ROSUVASTATINA CÁLCICA;7896181920502;1057306230045;90449479;552920020114817;S;N;;139.31;192.02;;;;CMED_ICMS17;20260508;20;PF0=115.63|PF12=131.4|PF18=141.01|PF19=142.75|PF20=144.54|PF21=146.37|PF22=148.24|PMC0=159.38|PMC12=181.12|PMC18=194.37|PMC19=196.77|PMC20=199.23|PMC21=201.76|PMC22=204.33|PMVG17=109.32|PMVG18=110.65|PMVG20=113.42
CMED;20260508;medicamento;552920020114917;;;ACHÉ LABORATÓRIOS FARMACÊUTICOS S.A;ROSUVASTATINA CÁLCICA;20 MG COM REV CT BL AL AL X 30;ROSUVASTATINA CÁLCICA;7896181920540;1057306230088;90449606;552920020114917;S;N;;243.93;336.23;;;;CMED_ICMS17;20260508;20;PF0=202.46|PF12=230.07|PF18=246.9|PF19=249.95|PF20=253.08|PF21=256.28|PF22=259.56|PMC0=279.07|PMC12=317.13|PMC18=340.33|PMC19=344.53|PMC20=348.84|PMC21=353.26|PMC22=357.78|PMVG17=191.41|PMVG18=193.74|PMVG20=198.59
CMED;20260508;medicamento;552920020115017;;;ACHÉ LABORATÓRIOS FARMACÊUTICOS S.A;ROSUVASTATINA CÁLCICA;5 MG COM REV CT BL AL AL X 30;ROSUVASTATINA CÁLCICA;7896181926429;1057306230101;90449614;552920020115017;S;N;;60.53;83.43;;;;CMED_ICMS17;20260508;20;PF0=50.24|PF12=57.09|PF18=61.27|PF19=62.02|PF20=62.8|PF21=63.59|PF22=64.41|PMC0=69.25|PMC12=78.69|PMC18=84.45|PMC19=85.49|PMC20=86.56|PMC21=87.65|PMC22=88.78|PMVG17=47.5|PMVG18=48.08|PMVG20=49.28
CMED;20260508;medicamento;552925100175806;;;ACHÉ LABORATÓRIOS FARMACÊUTICOS S.A;ROSUVASTATINA CÁLCICA;10 MG COM REV CT BL AL AL X 60;ROSUVASTATINA CÁLCICA;7896658053078;1057306230134;90617665;552925100175806;S;N;;278.64;384.08;;;;CMED_ICMS17;20260508;20;PF0=231.27|PF12=262.81|PF18=282.04|PF19=285.52|PF20=289.09|PF21=292.75|PF22=296.5|PMC0=318.78|PMC12=362.26|PMC18=388.76|PMC19=393.56|PMC20=398.48|PMC21=403.53|PMC22=408.69|PMVG17=218.65|PMVG18=221.32|PMVG20=226.85
CMED;20260508;medicamento;552925100175906;;;ACHÉ LABORATÓRIOS FARMACÊUTICOS S.A;ROSUVASTATINA CÁLCICA;5 MG COM REV CT BL AL AL X 60;ROSUVASTATINA CÁLCICA;7896658053092;1057306230142;90617673;552925100175906;S;N;;114.58;157.94;;;;CMED_ICMS17;20260508;20;PF0=95.1|PF12=108.07|PF18=115.98|PF19=117.41|PF20=118.88|PF21=120.38|PF22=121.92|PMC0=131.09|PMC12=148.96|PMC18=159.87|PMC19=161.84|PMC20=163.86|PMC21=165.93|PMC22=168.05|PMVG17=89.91|PMVG18=91.01|PMVG20=93.29
CMED;20260508;medicamento;552925100176006;;;ACHÉ LABORATÓRIOS FARMACÊUTICOS S.A;ROSUVASTATINA CÁLCICA;20 MG COM REV CT BL AL AL X 60;ROSUVASTATINA CÁLCICA;7896658053085;1057306230150;90617681;552925100176006;S;N;;487.86;672.46;;;;CMED_ICMS17;20260508;20;PF0=404.92|PF12=460.14|PF18=493.8|PF19=499.9|PF20=506.15|PF21=512.56|PF22=519.13|PMC0=558.14|PMC12=634.26|PMC18=680.65|PMC19=689.06|PMC20=697.68|PMC21=706.51|PMC22=715.57|PMVG17=382.82|PMVG18=387.48|PMVG20=397.18
CMED;20260508;medicamento;576720040063307;;;SANOFI MEDLEY FARMACÊUTICA LTDA.;ROSUVASTATINA CÁLCICA;10 MG COM REV CT BL AL/AL X 60;ROSUVASTATINA CÁLCICA;7896422524667;1832601860033;90445317;576720040063307;S;N;;81.48;112.31;;;;CMED_ICMS17;20260508;20;PF0=67.63|PF12=76.85|PF18=82.48|PF19=83.49|PF20=84.54|PF21=85.61|PF22=86.71|PMC0=93.22|PMC12=105.93|PMC18=113.69|PMC19=115.08|PMC20=116.53|PMC21=118|PMC22=119.52|PMVG17=63.94|PMVG18=64.72|PMVG20=66.34
CMED;20260508;medicamento;576720040063407;;;SANOFI MEDLEY FARMACÊUTICA LTDA.;ROSUVASTATINA CÁLCICA;20 MG COM REV CT BL AL/AL X 60;ROSUVASTATINA CÁLCICA;7896422524650;1832601860076;90445325;576720040063407;S;N;;137.89;190.07;;;;CMED_ICMS17;20260508;20;PF0=114.45|PF12=130.06|PF18=139.57|PF19=141.3|PF20=143.06|PF21=144.87|PF22=146.73|PMC0=157.76|PMC12=179.27|PMC18=192.38|PMC19=194.77|PMC20=197.19|PMC21=199.69|PMC22=202.25|PMVG17=108.2|PMVG18=109.52|PMVG20=112.26
CMED;20260508;medicamento;576723030100606;;;SANOFI MEDLEY FARMACÊUTICA LTDA.;ROSUVASTATINA CÁLCICA;5 MG COM REV CT BL AL/AL X 30;ROSUVASTATINA CÁLCICA;7891058002381;1832601860130;90559509;576723030100606;S;N;;51.55;71.06;;;;CMED_ICMS17;20260508;20;PF0=42.79|PF12=48.63|PF18=52.18|PF19=52.83|PF20=53.49|PF21=54.16|PF22=54.86|PMC0=58.98|PMC12=67.03|PMC18=71.92|PMC19=72.82|PMC20=73.73|PMC21=74.65|PMC22=75.62|PMVG17=40.45|PMVG18=40.95|PMVG20=41.97
CMED;20260508;medicamento;576723030100706;;;SANOFI MEDLEY FARMACÊUTICA LTDA.;ROSUVASTATINA CÁLCICA;5 MG COM REV CT BL AL/AL X 60;ROSUVASTATINA CÁLCICA;7891058002398;1832601860149;90559517;576723030100706;S;N;;97.96;135.03;;;;CMED_ICMS17;20260508;20;PF0=81.31|PF12=92.4|PF18=99.16|PF19=100.38|PF20=101.64|PF21=102.92|PF22=104.24|PMC0=112.08|PMC12=127.36|PMC18=136.68|PMC19=138.36|PMC20=140.1|PMC21=141.86|PMC22=143.68|PMVG17=76.87|PMVG18=77.81|PMVG20=79.76
CMED;20260508;medicamento;607023030090117;;;MULTILAB INDUSTRIA E COMERCIO DE PRODUTOS FARMACEUTICOS LTDA;ROSUVASTATINA CÁLCICA;10 MG COM REV CT BL AL AL X 30;ROSUVASTATINA CÁLCICA;7895296096034;1181903470088;90556607;607023030090117;S;N;;147.39;203.16;;;;CMED_ICMS17;20260508;20;PF0=122.33|PF12=139.01|PF18=149.18|PF19=151.02|PF20=152.91|PF21=154.85|PF22=156.83|PMC0=168.62|PMC12=191.61|PMC18=205.63|PMC19=208.17|PMC20=210.77|PMC21=213.44|PMC22=216.17|PMVG17=115.66|PMVG18=117.06|PMVG20=119.99
CMED;20260508;medicamento;607023030090217;;;MULTILAB INDUSTRIA E COMERCIO DE PRODUTOS FARMACEUTICOS LTDA;ROSUVASTATINA CÁLCICA;20 MG COM REV CT BL AL AL X 30;ROSUVASTATINA CÁLCICA;7895296096096;1181903470142;90556615;607023030090217;S;N;;258.22;355.93;;;;CMED_ICMS17;20260508;20;PF0=214.32|PF12=243.55|PF18=261.37|PF19=264.59|PF20=267.9|PF21=271.29|PF22=274.77|PMC0=295.42|PMC12=335.71|PMC18=360.27|PMC19=364.71|PMC20=369.27|PMC21=373.95|PMC22=378.74|PMVG17=202.63|PMVG18=205.1|PMVG20=210.22
CMED;20260508;medicamento;552925100175506;;;ACHÉ LABORATÓRIOS FARMACÊUTICOS S.A;ROSUVASTATINA CÁLCICA + EZETIMIBA;(10 + 10) MG COM REV CT BL AL AL X 30;"ROSUVASTATINA CÁLCICA;EZETIMIBA";7896658052958;1057301390028;90617711;552925100175506;S;N;;181.41;243.36;;;;CMED_ICMS17;20260508;20;PF0=150.57|PF12=171.1|PF18=183.62|PF19=185.89|PF20=188.21|PF21=190.59|PF22=193.04|PMC0=201.98|PMC12=229.52|PMC18=246.32|PMC19=249.36|PMC20=252.48|PMC21=255.67|PMC22=258.96|PMVG17=142.35|PMVG18=144.09|PMVG20=147.69
CMED;20260508;medicamento;552925100175606;;;ACHÉ LABORATÓRIOS FARMACÊUTICOS S.A;ROSUVASTATINA CÁLCICA + EZETIMIBA;(20 + 10) MG COM REV CT BL AL AL X 30;"ROSUVASTATINA CÁLCICA;EZETIMIBA";7896658052965;1057301390052;90617720;552925100175606;S;N;;243.95;327.25;;;;CMED_ICMS17;20260508;20;PF0=202.48|PF12=230.09|PF18=246.93|PF19=249.98|PF20=253.1|PF21=256.3|PF22=259.59|PMC0=271.62|PMC12=308.66|PMC18=331.25|PMC19=335.34|PMC20=339.52|PMC21=343.82|PMC22=348.23|PMVG17=191.43|PMVG18=193.77|PMVG20=198.61
CMED;20260508;medicamento;552925100175706;;;ACHÉ LABORATÓRIOS FARMACÊUTICOS S.A;ROSUVASTATINA CÁLCICA + EZETIMIBA;(5 + 10) MG COM REV CT BL AL AL X 30;"ROSUVASTATINA CÁLCICA;EZETIMIBA";7896658052972;1057301390087;90617738;552925100175706;S;N;;124.47;166.97;;;;CMED_ICMS17;20260508;20;PF0=103.31|PF12=117.4|PF18=125.99|PF19=127.54|PF20=129.14|PF21=130.77|PF22=132.45|PMC0=138.59|PMC12=157.49|PMC18=169.01|PMC19=171.09|PMC20=173.24|PMC21=175.42|PMC22=177.68|PMVG17=97.67|PMVG18=98.86|PMVG20=101.34
CMED;20260508;medicamento;510618020059307;;;GLAXOSMITHKLINE BRASIL LTDA;ROTARIX;SUS OR CT SER PREENC VD TRANS X 1,5 ML;ROTAVÍRUS HUMANO ATENUADO;7896015517908;1010702430067;90402359;510618020059307;;N;;319.66;440.62;;;;CMED_ICMS17;20260508;20;PF0=265.32|PF12=301.5|PF18=323.56|PF19=327.56|PF20=331.65|PF21=335.85|PF22=340.15|PMC0=365.72|PMC12=415.59|PMC18=445.99|PMC19=451.51|PMC20=457.14|PMC21=462.93|PMC22=468.86
CMED;20260508;medicamento;527322060019617;;;MERCK SHARP & DOHME FARMACEUTICA LTDA.;ROTATEQ;SOL ORAL X TUBO PLAS INC X 2 ML;"REARRANJO DE ROTAVÍRUS HUMANO/BOVINO G4;REARRANJO DE ROTAVÍRUS HUMANO/BOVINO G3;REARRANJO DE ROTAVÍRUS HUMANO/BOVINO G2;REARRANJO DE ROTAVÍRUS HUMANO/BOVINO G1";7897572020351;1017102160015;90538765;527322060019617;;N;;213.1;293.74;;;;CMED_ICMS17;20260508;20;PF0=176.87|PF12=200.99|PF18=215.7|PF19=218.36|PF20=221.09|PF21=223.89|PF22=226.76|PMC0=243.8|PMC12=277.04|PMC18=297.32|PMC19=300.99|PMC20=304.75|PMC21=308.61|PMC22=312.57
CMED;20260508;medicamento;530421070017703;;;DAIICHI SANKYO BRASIL FARMACÊUTICA LTDA;ROTEAS;30 MG COM REV CT BL AL AL X 14;TOSILATO DE EDOXABANA MONOIDRATADO;7897411650848;1045401860014;90513789;530421070017703;;N;;80.93;108.56;;;;CMED_ICMS17;20260508;20;PF0=67.17|PF12=76.33|PF18=81.91|PF19=82.93|PF20=83.96|PF21=85.03|PF22=86.12|PMC0=90.11|PMC12=102.39|PMC18=109.88|PMC19=111.25|PMC20=112.63|PMC21=114.06|PMC22=115.53|PMVG17=63.51|PMVG18=64.27|PMVG20=65.88
CMED;20260508;medicamento;530421070017803;;;DAIICHI SANKYO BRASIL FARMACÊUTICA LTDA;ROTEAS;30 MG COM REV CT BL AL AL X 30;TOSILATO DE EDOXABANA MONOIDRATADO;7897411650855;1045401860022;90513797;530421070017803;;N;;173.45;232.68;;;;CMED_ICMS17;20260508;20;PF0=143.96|PF12=163.59|PF18=175.56|PF19=177.73|PF20=179.95|PF21=182.23|PF22=184.56|PMC0=193.12|PMC12=219.45|PMC18=235.51|PMC19=238.42|PMC20=241.4|PMC21=244.46|PMC22=247.58|PMVG17=136.11|PMVG18=137.76|PMVG20=141.21
CMED;20260508;medicamento;530421070017903;;;DAIICHI SANKYO BRASIL FARMACÊUTICA LTDA;ROTEAS;60 MG COM REV CT BL AL AL X 14;TOSILATO DE EDOXABANA MONOIDRATADO;7897411650862;1045401860030;90513800;530421070017903;;N;;161.89;217.17;;;;CMED_ICMS17;20260508;20;PF0=134.37|PF12=152.69|PF18=163.87|PF19=165.89|PF20=167.96|PF21=170.09|PF22=172.27|PMC0=180.25|PMC12=204.83|PMC18=219.83|PMC19=222.54|PMC20=225.31|PMC21=228.17|PMC22=231.09|PMVG17=127.04|PMVG18=128.59|PMVG20=131.8
CMED;20260508;medicamento;530421070018003;;;DAIICHI SANKYO BRASIL FARMACÊUTICA LTDA;ROTEAS;60 MG COM REV CT BL AL AL X 30;TOSILATO DE EDOXABANA MONOIDRATADO;7897411650879;1045401860049;90513819;530421070018003;;N;;346.88;465.33;;;;CMED_ICMS17;20260508;20;PF0=287.91|PF12=327.17|PF18=351.11|PF19=355.44|PF20=359.89|PF21=364.44|PF22=369.12|PMC0=386.22|PMC12=438.89|PMC18=471|PMC19=476.81|PMC20=482.78|PMC21=488.88|PMC22=495.16|PMVG17=272.2|PMVG18=275.52|PMVG20=282.41
CMED;20260508;medicamento;530421070018103;;;DAIICHI SANKYO BRASIL FARMACÊUTICA LTDA;ROTEAS;15 MG COM REV CT BL AL AL X 14;TOSILATO DE EDOXABANA MONOIDRATADO;7897411650886;1045401860057;90513827;530421070018103;;N;;40.48;54.3;;;;CMED_ICMS17;20260508;20;PF0=33.6|PF12=38.18|PF18=40.98|PF19=41.48|PF20=42|PF21=42.53|PF22=43.08|PMC0=45.07|PMC12=51.22|PMC18=54.97|PMC19=55.64|PMC20=56.34|PMC21=57.05|PMC22=57.79|PMVG17=31.76|PMVG18=32.16|PMVG20=32.96
CMED;20260508;medicamento;576719120051517;;;SANOFI MEDLEY FARMACÊUTICA LTDA.;ROVAMICINA;1,5 MUI COM REV CT BL AL PLAS TRANS X 16;ESPIRAMICINA;7896070605497;1832603630019;90460405;576719120051517;;N;;80.88;111.48;;;;CMED_ICMS17;20260508;20;PF0=67.13|PF12=76.28|PF18=81.87|PF19=82.88|PF20=83.91|PF21=84.97|PF22=86.06|PMC0=92.53|PMC12=105.14|PMC18=112.85|PMC19=114.24|PMC20=115.66|PMC21=117.12|PMC22=118.62|PMVG17=63.47|PMVG18=64.24|PMVG20=65.84
CMED;20260508;medicamento;508022020149917;;;EUROFARMA LABORATORIOS S.A.;ROX;10 MG COM REV CT BL AL AL X 10;ROSUVASTATINA CÁLCICA;7891317015831;1004313640058;90527640;508022020149917;;N;;14.43;19.89;;;;CMED_ICMS17;20260508;20;PF0=11.98|PF12=13.61|PF18=14.61|PF19=14.79|PF20=14.98|PF21=15.16|PF22=15.36|PMC0=16.51|PMC12=18.76|PMC18=20.14|PMC19=20.39|PMC20=20.65|PMC21=20.9|PMC22=21.17|PMVG17=11.32|PMVG18=11.46|PMVG20=11.76
CMED;20260508;medicamento;508022020150017;;;EUROFARMA LABORATORIOS S.A.;ROX;10 MG COM REV CT BL AL AL X 30;ROSUVASTATINA CÁLCICA;7891317015794;1004313640066;90527658;508022020150017;;N;;43.31;59.7;;;;CMED_ICMS17;20260508;20;PF0=35.95|PF12=40.85|PF18=43.84|PF19=44.38|PF20=44.94|PF21=45.51|PF22=46.09|PMC0=49.55|PMC12=56.31|PMC18=60.43|PMC19=61.17|PMC20=61.95|PMC21=62.73|PMC22=63.53|PMVG17=33.99|PMVG18=34.4|PMVG20=35.26
CMED;20260508;medicamento;508022020150117;;;EUROFARMA LABORATORIOS S.A.;ROX;20 MG COM REV CT BL AL AL X 10;ROSUVASTATINA CÁLCICA;7891317015848;1004313640090;90527666;508022020150117;;N;;25.05;34.53;;;;CMED_ICMS17;20260508;20;PF0=20.79|PF12=23.63|PF18=25.35|PF19=25.67|PF20=25.99|PF21=26.32|PF22=26.65|PMC0=28.66|PMC12=32.57|PMC18=34.94|PMC19=35.38|PMC20=35.82|PMC21=36.28|PMC22=36.73|PMVG17=19.66|PMVG18=19.89|PMVG20=20.39
CMED;20260508;medicamento;508022020150217;;;EUROFARMA LABORATORIOS S.A.;ROX;20 MG COM REV CT BL AL AL X 30;ROSUVASTATINA CÁLCICA;7891317015800;1004313640104;90527674;508022020150217;;N;;75.14;103.57;;;;CMED_ICMS17;20260508;20;PF0=62.37|PF12=70.88|PF18=76.06|PF19=77|PF20=77.96|PF21=78.95|PF22=79.96|PMC0=85.97|PMC12=97.7|PMC18=104.84|PMC19=106.14|PMC20=107.46|PMC21=108.82|PMC22=110.22|PMVG17=58.96|PMVG18=59.68|PMVG20=61.17
CMED;20260508;medicamento;508022020150317;;;EUROFARMA LABORATORIOS S.A.;ROX;5 MG COM REV CT BL AL AL X 30;ROSUVASTATINA CÁLCICA;7891317015787;1004313640023;90527631;508022020150317;;N;;33.8;46.59;;;;CMED_ICMS17;20260508;20;PF0=28.05|PF12=31.88|PF18=34.21|PF19=34.63|PF20=35.06|PF21=35.51|PF22=35.96|PMC0=38.66|PMC12=43.94|PMC18=47.15|PMC19=47.73|PMC20=48.33|PMC21=48.95|PMC22=49.57|PMVG17=26.52|PMVG18=26.85|PMVG20=27.51
CMED;20260508;medicamento;508026040203303;;;EUROFARMA LABORATORIOS S.A.;ROX;10 MG COM REV CT BL AL AL X 60;ROSUVASTATINA CÁLCICA;7891317053871;1004313640074;;508026040203303;;N;;86.64;119.42;;;;CMED_ICMS17;20260508;20;PF0=71.91|PF12=81.72|PF18=87.7|PF19=88.78|PF20=89.89|PF21=91.03|PF22=92.19|PMC0=99.12|PMC12=112.64|PMC18=120.89|PMC19=122.37|PMC20=123.9|PMC21=125.48|PMC22=127.07|PMVG17=67.99|PMVG18=68.82|PMVG20=70.54
CMED;20260508;medicamento;506720070083507;;;CRISTÁLIA PRODUTOS QUÍMICOS FARMACÊUTICOS LTDA.;ROXETIN;20 MG COM REV CT BL AL PLAS PVC/PVDC TRANS X 20;CLORIDRATO DE PAROXETINA;7896676436273;1029805180021;90468252;506720070083507;;N;;73.48;101.28;;;;CMED_ICMS17;20260508;20;PF0=60.99|PF12=69.31|PF18=74.38|PF19=75.3|PF20=76.24|PF21=77.2|PF22=78.19|PMC0=84.07|PMC12=95.54|PMC18=102.53|PMC19=103.79|PMC20=105.09|PMC21=106.41|PMC22=107.78|PMVG17=57.66|PMVG18=58.37|PMVG20=59.83
CMED;20260508;medicamento;506720070083607;;;CRISTÁLIA PRODUTOS QUÍMICOS FARMACÊUTICOS LTDA.;ROXETIN;20 MG COM REV CT BL AL PLAS PVC/PVDC TRANS X 30;CLORIDRATO DE PAROXETINA;7896676436266;1029805180031;90468260;506720070083607;;N;;110.24;151.95;;;;CMED_ICMS17;20260508;20;PF0=91.5|PF12=103.98|PF18=111.59|PF19=112.96|PF20=114.38|PF21=115.82|PF22=117.31|PMC0=126.12|PMC12=143.33|PMC18=153.82|PMC19=155.7|PMC20=157.66|PMC21=159.65|PMC22=161.7|PMVG17=86.51|PMVG18=87.57|PMVG20=89.76
CMED;20260508;medicamento;506720070083707;;;CRISTÁLIA PRODUTOS QUÍMICOS FARMACÊUTICOS LTDA.;ROXETIN;20 MG COM REV CX BL AL PLAS PVC/PVDC TRANS X 200;CLORIDRATO DE PAROXETINA;7896676436297;1029805180048;90468279;506720070083707;;S;;735.01;;;;;CMED_ICMS17;20260508;20;PF0=610.06|PF12=693.25|PF18=743.98|PF19=753.16|PF20=762.58|PF21=772.23|PF22=782.13|PMVG17=576.76|PMVG18=583.8|PMVG20=598.4
CMED;20260508;medicamento;506720070083807;;;CRISTÁLIA PRODUTOS QUÍMICOS FARMACÊUTICOS LTDA.;ROXETIN XR;12,5 MG COM LIB MOD CT BL AL PLAS PVC/PVDC/PCTFE TRANS X 10;CLORIDRATO DE PAROXETINA HEMI-HIDRATADO;7896676435566;1029805210011;90468287;506720070083807;;N;;22.95;31.63;;;;CMED_ICMS17;20260508;20;PF0=19.05|PF12=21.65|PF18=23.23|PF19=23.52|PF20=23.81|PF21=24.11|PF22=24.42|PMC0=26.26|PMC12=29.84|PMC18=32.02|PMC19=32.42|PMC20=32.82|PMC21=33.23|PMC22=33.66|PMVG17=18.01|PMVG18=18.23|PMVG20=18.68
CMED;20260508;medicamento;506720070083907;;;CRISTÁLIA PRODUTOS QUÍMICOS FARMACÊUTICOS LTDA.;ROXETIN XR;12,5 MG COM LIB MOD CT BL AL PLAS PVC/PVDC/PCTFE TRANS X 30;CLORIDRATO DE PAROXETINA HEMI-HIDRATADO;7896676435580;1029805210036;90468295;506720070083907;;N;;68.9;94.97;;;;CMED_ICMS17;20260508;20;PF0=57.19|PF12=64.99|PF18=69.74|PF19=70.6|PF20=71.49|PF21=72.39|PF22=73.32|PMC0=78.83|PMC12=89.58|PMC18=96.13|PMC19=97.31|PMC20=98.54|PMC21=99.78|PMC22=101.06|PMVG17=54.07|PMVG18=54.72|PMVG20=56.1
CMED;20260508;medicamento;506720070084007;;;CRISTÁLIA PRODUTOS QUÍMICOS FARMACÊUTICOS LTDA.;ROXETIN XR;25 MG COM LIB MOD CT BL AL PLAS PVC/PVDC/PCTFE TRANS X 10;CLORIDRATO DE PAROXETINA HEMI-HIDRATADO;7896676435573;1029805210044;90468309;506720070084007;;N;;45.93;63.31;;;;CMED_ICMS17;20260508;20;PF0=38.12|PF12=43.32|PF18=46.49|PF19=47.06|PF20=47.65|PF21=48.25|PF22=48.87|PMC0=52.54|PMC12=59.71|PMC18=64.08|PMC19=64.87|PMC20=65.68|PMC21=66.51|PMC22=67.36|PMVG17=36.04|PMVG18=36.48|PMVG20=37.39
CMED;20260508;medicamento;506720070084107;;;CRISTÁLIA PRODUTOS QUÍMICOS FARMACÊUTICOS LTDA.;ROXETIN XR;25 MG COM LIB MOD CT BL AL PLAS PVC/PVDC/PCTFE TRANS X 30;CLORIDRATO DE PAROXETINA HEMI-HIDRATADO;7896676435597;1029805210060;90468317;506720070084107;;N;;137.8;189.94;;;;CMED_ICMS17;20260508;20;PF0=114.37|PF12=129.97|PF18=139.48|PF19=141.2|PF20=142.96|PF21=144.77|PF22=146.63|PMC0=157.65|PMC12=179.15|PMC18=192.26|PMC19=194.63|PMC20=197.06|PMC21=199.55|PMC22=202.11|PMVG17=108.13|PMVG18=109.45|PMVG20=112.18
CMED;20260508;medicamento;525407803111417;;;MERCK S/A;ROXFLAN;10 MG COM CT BL AL PLAS PVC/PVDC OPC X 30;BESILATO DE ANLODIPINO;7891721012976;1008903870070;90340434;525407803111417;;N;;45.99;63.39;;;;CMED_ICMS17;20260508;20;PF0=38.17|PF12=43.38|PF18=46.55|PF19=47.12|PF20=47.71|PF21=48.32|PF22=48.94|PMC0=52.61|PMC12=59.79|PMC18=64.16|PMC19=64.95|PMC20=65.76|PMC21=66.6|PMC22=67.46|PMVG17=36.09|PMVG18=36.53|PMVG20=37.44
CMED;20260508;medicamento;525407804118415;;;MERCK S/A;ROXFLAN;5 MG COM CT BL AL PLAS PVC/PVDC OPC X 30;BESILATO DE ANLODIPINO;7891721012969;1008903870089;90340442;525407804118415;;N;;23.27;32.08;;;;CMED_ICMS17;20260508;20;PF0=19.31|PF12=21.94|PF18=23.55|PF19=23.84|PF20=24.14|PF21=24.44|PF22=24.76|PMC0=26.62|PMC12=30.24|PMC18=32.46|PMC19=32.86|PMC20=33.27|PMC21=33.69|PMC22=34.13|PMVG17=18.26|PMVG18=18.48|PMVG20=18.94
CMED;20260508;medicamento;501117110029002;;;TAKEDA PHARMA LTDA.;ROZEREM;8 MG COM REV CT BL AL AL X 20;RAMELTEONA;7896641810763;1063902750023;90372816;501117110029002;;N;;64.72;86.82;;;;CMED_ICMS17;20260508;20;PF0=53.72|PF12=61.05|PF18=65.51|PF19=66.32|PF20=67.15|PF21=68|PF22=68.87|PMC0=72.06|PMC12=81.9|PMC18=87.88|PMC19=88.97|PMC20=90.08|PMC21=91.22|PMC22=92.39|PMVG17=50.79|PMVG18=51.41|PMVG20=52.69
CMED;20260508;medicamento;501117110029102;;;TAKEDA PHARMA LTDA.;ROZEREM;8 MG COM REV CT BL AL AL X 30;RAMELTEONA;7896641810770;1063902750031;90372824;501117110029102;;N;;97.02;130.15;;;;CMED_ICMS17;20260508;20;PF0=80.53|PF12=91.51|PF18=98.21|PF19=99.42|PF20=100.66|PF21=101.94|PF22=103.24|PMC0=108.03|PMC12=122.76|PMC18=131.75|PMC19=133.37|PMC20=135.03|PMC21=136.75|PMC22=138.49|PMVG17=76.13|PMVG18=77.07|PMVG20=78.99
CMED;20260508;medicamento;510101401166314;;;GALDERMA BRASIL LTDA;ROZEX;7,5 MG/G GEL CT BG AL X 30 G;METRONIDAZOL;7897930760172;1291600070028;90078349;510101401166314;;N;;86.65;116.24;;;;CMED_ICMS17;20260508;20;PF0=71.92|PF12=81.73|PF18=87.71|PF19=88.79|PF20=89.9|PF21=91.04|PF22=92.21|PMC0=96.48|PMC12=109.64|PMC18=117.66|PMC19=119.11|PMC20=120.6|PMC21=122.13|PMC22=123.7|PMVG17=67.99|PMVG18=68.83|PMVG20=70.54
CMED;20260508;medicamento;500217030035703;;;ABBOTT LABORATORIOS DO BRASIL LTDA;RUBENTI;200 MG CAP DURA LIB PROL CT BL AL/AL X 14;CLORIDRATO DE MEBEVERINA;7891158103421;1055303740021;90372573;500217030035703;;N;;74.61;100.09;;;;CMED_ICMS17;20260508;20;PF0=61.93|PF12=70.38|PF18=75.52|PF19=76.46|PF20=77.41|PF21=78.39|PF22=79.4|PMC0=83.08|PMC12=94.41|PMC18=101.31|PMC19=102.57|PMC20=103.84|PMC21=105.16|PMC22=106.51|PMVG17=58.55|PMVG18=59.26|PMVG20=60.74
CMED;20260508;medicamento;500217030035803;;;ABBOTT LABORATORIOS DO BRASIL LTDA;RUBENTI;200 MG CAP DURA LIB PROL CT BL AL/AL X 30;CLORIDRATO DE MEBEVERINA;7891158103438;1055303740011;90372581;500217030035803;;N;;159.93;214.54;;;;CMED_ICMS17;20260508;20;PF0=132.74|PF12=150.84|PF18=161.88|PF19=163.88|PF20=165.93|PF21=168.03|PF22=170.18|PMC0=178.07|PMC12=202.35|PMC18=217.16|PMC19=219.84|PMC20=222.59|PMC21=225.41|PMC22=228.29|PMVG17=125.5|PMVG18=127.03|PMVG20=130.21
CMED;20260508;medicamento;500217030035903;;;ABBOTT LABORATORIOS DO BRASIL LTDA;RUBENTI;200 MG CAP DURA LIB PROL CT BL AL/AL X 60;CLORIDRATO DE MEBEVERINA;7891158103445;1055303740046;90372590;500217030035903;;N;;319.88;429.11;;;;CMED_ICMS17;20260508;20;PF0=265.5|PF12=301.7|PF18=323.78|PF19=327.78|PF20=331.88|PF21=336.08|PF22=340.38|PMC0=356.16|PMC12=404.72|PMC18=434.34|PMC19=439.71|PMC20=445.21|PMC21=450.84|PMC22=456.61|PMVG17=251.01|PMVG18=254.07|PMVG20=260.43
CMED;20260508;medicamento;552919110085107;;;ACHÉ LABORATÓRIOS FARMACÊUTICOS S.A;RUBIA;0,075 MG COM REV CT BL AL PLAS PVDC TRANS X 84;DESOGESTREL;7896658034787;1057307210021;90441966;552919110085107;;N;;109.11;150.4;;;;CMED_ICMS17;20260508;20;PF0=90.56|PF12=102.91|PF18=110.44|PF19=111.8|PF20=113.2|PF21=114.63|PF22=116.1|PMC0=124.83|PMC12=141.85|PMC18=152.23|PMC19=154.1|PMC20=156.03|PMC21=158.01|PMC22=160.03|PMVG17=85.62|PMVG18=86.66|PMVG20=88.83
CMED;20260508;medicamento;552919110085207;;;ACHÉ LABORATÓRIOS FARMACÊUTICOS S.A;RUBIA;0,075 MG COM REV CT BL AL PLAS PVDC TRANS X 28;DESOGESTREL;7896658034770;1057307210013;90441974;552919110085207;;N;;36.36;50.12;;;;CMED_ICMS17;20260508;20;PF0=30.18|PF12=34.3|PF18=36.8|PF19=37.26|PF20=37.73|PF21=38.2|PF22=38.69|PMC0=41.6|PMC12=47.28|PMC18=50.72|PMC19=51.36|PMC20=52.01|PMC21=52.65|PMC22=53.33|PMVG17=28.53|PMVG18=28.88|PMVG20=29.61
CMED;20260508;medicamento;505509101162414;;;CAZI QUIMICA FARMACEUTICA INDUSTRIA E COMERCIO LTDA;RUBIDEX;(100+150)MG/G CREM CT BG PLAS OPC X 30 G;"MENTOL;SALICILATO DE METILA";7893736004502;1071500220021;90038967;505509101162414;;N;;25.87;34.7;;;;CMED_ICMS17;20260508;20;PF0=21.47|PF12=24.4|PF18=26.18|PF19=26.51|PF20=26.84|PF21=27.18|PF22=27.53|PMC0=28.8|PMC12=32.73|PMC18=35.12|PMC19=35.56|PMC20=36|PMC21=36.46|PMC22=36.93|PMVG17=20.3|PMVG18=20.54|PMVG20=21.06
CMED;20260508;medicamento;519502601151410;;;LABORATORIO QUIMICO FARMACEUTICO BERGAMO LTDA;RUBIDOX;10 MG PO LIOF INJ CT 1 FA VD TRANS + DIL X 5 ML;CLORIDRATO DE DOXORRUBICINA;7898149930431;1064600980024;90121643;519502601151410;;S;;;;;;;CMED_ICMS17;20260508;20;PF0=71
CMED;20260508;medicamento;519502603154417;;;LABORATORIO QUIMICO FARMACEUTICO BERGAMO LTDA;RUBIDOX;50 MG PO LIOF INJ CT 1 FA VD TRANS;CLORIDRATO DE DOXORRUBICINA;7898149930448;1064600980032;90121651;519502603154417;;S;;;;;;;CMED_ICMS17;20260508;20;PF0=252.05
CMED;20260508;medicamento;528514010125603;;;PRATI DONADUZZI & CIA LTDA;RUBROMICIN;50 MG/ML SUS OR CX 50 FR PLAS OPC X 60 ML + 50 COP;ESTOLATO DE ERITROMICINA;7899547506525;1256800890438;90294890;528514010125603;;S;;318.64;;;;;CMED_ICMS17;20260508;20;PF0=264.47|PF12=300.53|PF18=322.52|PF19=326.51|PF20=330.59|PF21=334.77|PF22=339.06|PMVG17=250.04|PMVG18=253.08|PMVG20=259.41
CMED;20260508;medicamento;541820070133107;;;EMS S/A;RUDITE;20MG/ML PO SUS OR CT FR VD AMB X 100 ML + SER DOS;NITAZOXANIDA;7896004772769;1023513470020;90474724;541820070133107;;N;;65.08;87.3;;;;CMED_ICMS17;20260508;20;PF0=54.02|PF12=61.39|PF18=65.88|PF19=66.69|PF20=67.53|PF21=68.38|PF22=69.26|PMC0=72.47|PMC12=82.35|PMC18=88.38|PMC19=89.46|PMC20=90.59|PMC21=91.73|PMC22=92.91|PMVG17=51.07|PMVG18=51.7|PMVG20=52.99
CMED;20260508;medicamento;541820070133207;;;EMS S/A;RUDITE;20MG/ML PO SUS OR CT FR PLAS PEAD OPC X 45 ML + SER DOS;NITAZOXANIDA;7896004772790;1023513470039;90474732;541820070133207;;N;;31.43;42.16;;;;CMED_ICMS17;20260508;20;PF0=26.09|PF12=29.65|PF18=31.82|PF19=32.21|PF20=32.61|PF21=33.03|PF22=33.45|PMC0=35|PMC12=39.77|PMC18=42.69|PMC19=43.21|PMC20=43.75|PMC21=44.31|PMC22=44.87|PMVG17=24.66|PMVG18=24.97|PMVG20=25.59
CMED;20260508;medicamento;541820070133307;;;EMS S/A;RUDITE;20MG/ML PO SUS OR CT FR PLAS PEAD OPC X 100 ML + SER DOS;NITAZOXANIDA;7896004772806;1023513470047;90474740;541820070133307;;N;;65.08;87.3;;;;CMED_ICMS17;20260508;20;PF0=54.02|PF12=61.39|PF18=65.88|PF19=66.69|PF20=67.53|PF21=68.38|PF22=69.26|PMC0=72.47|PMC12=82.35|PMC18=88.38|PMC19=89.46|PMC20=90.59|PMC21=91.73|PMC22=92.91|PMVG17=51.07|PMVG18=51.7|PMVG20=52.99
CMED;20260508;medicamento;541820070133407;;;EMS S/A;RUDITE;500MG COM REV CT BL AL PLAS PVDC OPC X 6;NITAZOXANIDA;7896004772783;1023513470055;90474759;541820070133407;;N;;73.76;98.95;;;;CMED_ICMS17;20260508;20;PF0=61.22|PF12=69.57|PF18=74.66|PF19=75.58|PF20=76.53|PF21=77.49|PF22=78.49|PMC0=82.12|PMC12=93.33|PMC18=100.15|PMC19=101.39|PMC20=102.66|PMC21=103.95|PMC22=105.29|PMVG17=57.88|PMVG18=58.59|PMVG20=60.05
CMED;20260508;medicamento;541820070133507;;;EMS S/A;RUDITE;20MG/ML PO SUS OR CT FR VD AMB X 45 ML + SER DOS;NITAZOXANIDA;7896004772776;1023513470012;90474767;541820070133507;;N;;31.43;42.16;;;;CMED_ICMS17;20260508;20;PF0=26.09|PF12=29.65|PF18=31.82|PF19=32.21|PF20=32.61|PF21=33.03|PF22=33.45|PMC0=35|PMC12=39.77|PMC18=42.69|PMC19=43.21|PMC20=43.75|PMC21=44.31|PMC22=44.87|PMVG17=24.66|PMVG18=24.97|PMVG20=25.59
CMED;20260508;medicamento;541820070133607;;;EMS S/A;RUDITE;500MG COM REV CT BL AL PLAS PVDC OPC X 14;NITAZOXANIDA;7896004772813;1023513470063;90474775;541820070133607;;N;;172.17;230.96;;;;CMED_ICMS17;20260508;20;PF0=142.9|PF12=162.39|PF18=174.27|PF19=176.42|PF20=178.63|PF21=180.89|PF22=183.21|PMC0=191.7|PMC12=217.84|PMC18=233.78|PMC19=236.66|PMC20=239.63|PMC21=242.66|PMC22=245.77|PMVG17=135.1|PMVG18=136.75|PMVG20=140.17
CMED;20260508;medicamento;541820070133707;;;EMS S/A;RUDITE;500MG COM REV CT BL AL PLAS PVDC OPC X 18;NITAZOXANIDA;7896004772820;1023513470071;90474783;541820070133707;;N;;221.34;296.92;;;;CMED_ICMS17;20260508;20;PF0=183.71|PF12=208.76|PF18=224.04|PF19=226.8|PF20=229.64|PF21=232.54|PF22=235.53|PMC0=246.44|PMC12=280.04|PMC18=300.54|PMC19=304.24|PMC20=308.05|PMC21=311.94|PMC22=315.96|PMVG17=173.69|PMVG18=175.8|PMVG20=180.2
CMED;20260508;medicamento;541820070133807;;;EMS S/A;RUDITE;500MG COM REV CT BL AL PLAS PVDC OPC X 60;NITAZOXANIDA;7896004772837;1023513470081;90474791;541820070133807;;N;;737.78;989.71;;;;CMED_ICMS17;20260508;20;PF0=612.36|PF12=695.86|PF18=746.78|PF19=756|PF20=765.45|PF21=775.14|PF22=785.08|PMC0=821.46|PMC12=933.47|PMC18=1001.78|PMC19=1014.15|PMC20=1026.82|PMC21=1039.82|PMC22=1053.16|PMVG17=578.94|PMVG18=586|PMVG20=600.65
CMED;20260508;medicamento;510622040058902;;;GLAXOSMITHKLINE BRASIL LTDA;RUKOBIA;600 MG COM REV LIB PROL CT FR PLAS PEAD OPC X 60;FOSTENSAVIR TROMETAMOL;7896015592936;1010703540011;90535707;510622040058902;;N;;23319.54;31282.33;;;;CMED_ICMS17;20260508;20;PF0=19355.22|PF12=21994.58|PF18=23603.92|PF19=23895.34|PF20=24194.03|PF21=24500.28|PF22=24814.38|PMC0=25964.34|PMC12=29504.95|PMC18=31663.82|PMC19=32054.75|PMC20=32455.43|PMC21=32866.25|PMC22=33287.61|PMVG17=18298.84|PMVG18=18522|PMVG20=18985.06
CMED;20260508;medicamento;552922080146203;;;ACHÉ LABORATÓRIOS FARMACÊUTICOS S.A;RUNNER;10 MG COM REV CT BL AL/AL X 10;ROSUVASTATINA CÁLCICA;7896658039409;1057300070021;90545176;552922080146203;;N;;59.17;81.56;;;;CMED_ICMS17;20260508;20;PF0=49.11|PF12=55.81|PF18=59.89|PF19=60.63|PF20=61.39|PF21=62.16|PF22=62.96|PMC0=67.69|PMC12=76.93|PMC18=82.55|PMC19=83.57|PMC20=84.62|PMC21=85.68|PMC22=86.78|PMVG17=46.43|PMVG18=47|PMVG20=48.17
CMED;20260508;medicamento;552922080146303;;;ACHÉ LABORATÓRIOS FARMACÊUTICOS S.A;RUNNER;10 MG COM REV CT BL AL/AL X 30;ROSUVASTATINA CÁLCICA;7896658039478;1057300070046;90545184;552922080146303;;N;;177.49;244.65;;;;CMED_ICMS17;20260508;20;PF0=147.32|PF12=167.41|PF18=179.66|PF19=181.88|PF20=184.15|PF21=186.48|PF22=188.87|PMC0=203.07|PMC12=230.76|PMC18=247.64|PMC19=250.7|PMC20=253.83|PMC21=257.04|PMC22=260.34|PMVG17=139.28|PMVG18=140.98|PMVG20=144.5
CMED;20260508;medicamento;552922080146403;;;ACHÉ LABORATÓRIOS FARMACÊUTICOS S.A;RUNNER;20 MG COM REV CT BL AL/AL X 10;ROSUVASTATINA CÁLCICA;7896658039393;1057300070062;90545192;552922080146403;;N;;94.87;130.77;;;;CMED_ICMS17;20260508;20;PF0=78.74|PF12=89.48|PF18=96.02|PF19=97.21|PF20=98.43|PF21=99.67|PF22=100.95|PMC0=108.53|PMC12=123.34|PMC18=132.35|PMC19=133.99|PMC20=135.68|PMC21=137.38|PMC22=139.15|PMVG17=74.44|PMVG18=75.35|PMVG20=77.24
CMED;20260508;medicamento;552922080146503;;;ACHÉ LABORATÓRIOS FARMACÊUTICOS S.A;RUNNER;20 MG COM REV CT BL AL/AL X 30;ROSUVASTATINA CÁLCICA;7896658039461;1057300070089;90545206;552922080146503;;N;;284.59;392.28;;;;CMED_ICMS17;20260508;20;PF0=236.21|PF12=268.42|PF18=288.06|PF19=291.62|PF20=295.26|PF21=299|PF22=302.83|PMC0=325.59|PMC12=369.99|PMC18=397.06|PMC19=401.97|PMC20=406.99|PMC21=412.14|PMC22=417.42|PMVG17=223.32|PMVG18=226.04|PMVG20=231.69
CMED;20260508;medicamento;552922080146603;;;ACHÉ LABORATÓRIOS FARMACÊUTICOS S.A;RUNNER;5 MG COM REV CT BL AL AL X 10;ROSUVASTATINA CÁLCICA;7896658039508;1057300070097;90545214;552922080146603;;N;;24.11;33.23;;;;CMED_ICMS17;20260508;20;PF0=20.01|PF12=22.74|PF18=24.4|PF19=24.7|PF20=25.01|PF21=25.33|PF22=25.65|PMC0=27.58|PMC12=31.34|PMC18=33.63|PMC19=34.05|PMC20=34.47|PMC21=34.91|PMC22=35.36|PMVG17=18.92|PMVG18=19.15|PMVG20=19.62
CMED;20260508;medicamento;552922080146703;;;ACHÉ LABORATÓRIOS FARMACÊUTICOS S.A;RUNNER;5 MG COM REV CT BL AL AL X 30;ROSUVASTATINA CÁLCICA;7896658039492;1057300070100;90545222;552922080146703;;N;;72.3;99.66;;;;CMED_ICMS17;20260508;20;PF0=60.01|PF12=68.19|PF18=73.18|PF19=74.09|PF20=75.01|PF21=75.96|PF22=76.94|PMC0=82.72|PMC12=93.99|PMC18=100.87|PMC19=102.13|PMC20=103.39|PMC21=104.7|PMC22=106.05|PMVG17=56.73|PMVG18=57.42|PMVG20=58.86
CMED;20260508;medicamento;552922080146803;;;ACHÉ LABORATÓRIOS FARMACÊUTICOS S.A;RUNNER;5 MG COM REV CT BL AL AL X 60;ROSUVASTATINA CÁLCICA;7896658039485;1057300070135;90545230;552922080146803;;N;;144.58;199.29;;;;CMED_ICMS17;20260508;20;PF0=120|PF12=136.36|PF18=146.34|PF19=148.15|PF20=150|PF21=151.9|PF22=153.85|PMC0=165.41|PMC12=187.96|PMC18=201.71|PMC19=204.21|PMC20=206.76|PMC21=209.38|PMC22=212.07|PMVG17=113.45|PMVG18=114.83|PMVG20=117.71
CMED;20260508;medicamento;552922080146903;;;ACHÉ LABORATÓRIOS FARMACÊUTICOS S.A;RUNNER;10 MG COM REV CT BL AL AL X 60;ROSUVASTATINA CÁLCICA;7896658039386;1057300070143;90545249;552922080146903;;N;;354.98;489.3;;;;CMED_ICMS17;20260508;20;PF0=294.63|PF12=334.81|PF18=359.3|PF19=363.74|PF20=368.29|PF21=372.95|PF22=377.73|PMC0=406.12|PMC12=461.5|PMC18=495.26|PMC19=501.38|PMC20=507.65|PMC21=514.07|PMC22=520.66|PMVG17=278.55|PMVG18=281.94|PMVG20=289
CMED;20260508;medicamento;552922080147003;;;ACHÉ LABORATÓRIOS FARMACÊUTICOS S.A;RUNNER;20 MG COM REV CT BL AL AL X 60;ROSUVASTATINA CÁLCICA;7896658039218;1057300070151;90545257;552922080147003;;N;;569.2;784.58;;;;CMED_ICMS17;20260508;20;PF0=472.44|PF12=536.86|PF18=576.15|PF19=583.26|PF20=590.55|PF21=598.03|PF22=605.69|PMC0=651.21|PMC12=740.01|PMC18=794.16|PMC19=803.96|PMC20=814.01|PMC21=824.32|PMC22=834.88|PMVG17=446.65|PMVG18=452.11|PMVG20=463.4
CMED;20260508;medicamento;552925020170803;;;ACHÉ LABORATÓRIOS FARMACÊUTICOS S.A;RUNNER;40 MG COM REV CT BL AL AL X 10;ROSUVASTATINA CÁLCICA;7896658052453;1057300070119;90603923;552925020170803;;N;;117.67;162.2;;;;CMED_ICMS17;20260508;20;PF0=97.67|PF12=110.99|PF18=119.11|PF19=120.58|PF20=122.09|PF21=123.63|PF22=125.22|PMC0=134.63|PMC12=152.99|PMC18=164.18|PMC19=166.21|PMC20=168.29|PMC21=170.41|PMC22=172.6|PMVG17=92.34|PMVG18=93.47|PMVG20=95.8
CMED;20260508;medicamento;552925020170903;;;ACHÉ LABORATÓRIOS FARMACÊUTICOS S.A;RUNNER;40 MG COM REV CT BL AL AL X 30;ROSUVASTATINA CÁLCICA;7896658052446;1057300070127;90603931;552925020170903;;N;;353.02;486.6;;;;CMED_ICMS17;20260508;20;PF0=293.01|PF12=332.97|PF18=357.33|PF19=361.74|PF20=366.26|PF21=370.9|PF22=375.65|PMC0=403.88|PMC12=458.96|PMC18=492.54|PMC19=498.62|PMC20=504.85|PMC21=511.25|PMC22=517.79|PMVG17=277.01|PMVG18=280.4|PMVG20=287.4
CMED;20260508;medicamento;552923050159103;;;ACHÉ LABORATÓRIOS FARMACÊUTICOS S.A;RUNNER EZE;(10 + 10) MG COM REV CT BL AL AL X 10;"ROSUVASTATINA CÁLCICA;EZETIMIBA";7896658048586;1057300180011;90562526;552923050159103;;N;;93.02;124.78;;;;CMED_ICMS17;20260508;20;PF0=77.21|PF12=87.74|PF18=94.16|PF19=95.32|PF20=96.51|PF21=97.73|PF22=98.99|PMC0=103.57|PMC12=117.7|PMC18=126.31|PMC19=127.87|PMC20=129.46|PMC21=131.1|PMC22=132.79|PMVG17=72.99|PMVG18=73.89|PMVG20=75.73
CMED;20260508;medicamento;552923050159203;;;ACHÉ LABORATÓRIOS FARMACÊUTICOS S.A;RUNNER EZE;(10 + 10) MG COM REV CT BL AL AL X 30;"ROSUVASTATINA CÁLCICA;EZETIMIBA";7896658048609;1057300180021;90562534;552923050159203;;N;;279.12;374.43;;;;CMED_ICMS17;20260508;20;PF0=231.67|PF12=263.26|PF18=282.52|PF19=286.01|PF20=289.59|PF21=293.25|PF22=297.01|PMC0=310.78|PMC12=353.15|PMC18=378.99|PMC19=383.67|PMC20=388.47|PMC21=393.38|PMC22=398.43|PMVG17=219.03|PMVG18=221.69|PMVG20=227.24
CMED;20260508;medicamento;552923050159303;;;ACHÉ LABORATÓRIOS FARMACÊUTICOS S.A;RUNNER EZE;(10 + 10) MG COM REV CT BL AL AL X 60;"ROSUVASTATINA CÁLCICA;EZETIMIBA";7896658048562;1057300180038;90562542;552923050159303;;N;;558.23;748.85;;;;CMED_ICMS17;20260508;20;PF0=463.33|PF12=526.51|PF18=565.04|PF19=572.01|PF20=579.16|PF21=586.49|PF22=594.01|PMC0=621.54|PMC12=706.29|PMC18=757.98|PMC19=767.33|PMC20=776.92|PMC21=786.76|PMC22=796.84|PMVG17=438.04|PMVG18=443.39|PMVG20=454.47
CMED;20260508;medicamento;552923050159403;;;ACHÉ LABORATÓRIOS FARMACÊUTICOS S.A;RUNNER EZE;(20 + 10) MG COM REV CT BL AL AL X 10;"ROSUVASTATINA CÁLCICA;EZETIMIBA";7896658048579;1057300180046;90562550;552923050159403;;N;;125.11;167.83;;;;CMED_ICMS17;20260508;20;PF0=103.84|PF12=118|PF18=126.63|PF19=128.2|PF20=129.8|PF21=131.44|PF22=133.13|PMC0=139.3|PMC12=158.29|PMC18=169.87|PMC19=171.98|PMC20=174.12|PMC21=176.32|PMC22=178.59|PMVG17=98.17|PMVG18=99.37|PMVG20=101.85
CMED;20260508;medicamento;552923050159503;;;ACHÉ LABORATÓRIOS FARMACÊUTICOS S.A;RUNNER EZE;(20 + 10) MG COM REV CT BL AL AL X 30;"ROSUVASTATINA CÁLCICA;EZETIMIBA";7896658048593;1057300180054;90562569;552923050159503;;N;;375.33;503.49;;;;CMED_ICMS17;20260508;20;PF0=311.52|PF12=354|PF18=379.9|PF19=384.59|PF20=389.4|PF21=394.33|PF22=399.38|PMC0=417.89|PMC12=474.88|PMC18=509.62|PMC19=515.91|PMC20=522.37|PMC21=528.98|PMC22=535.75|PMVG17=294.52|PMVG18=298.11|PMVG20=305.56
CMED;20260508;medicamento;552923050159603;;;ACHÉ LABORATÓRIOS FARMACÊUTICOS S.A;RUNNER EZE;(20 + 10) MG COM REV CT BL AL AL X 60;"ROSUVASTATINA CÁLCICA;EZETIMIBA";7896658048555;1057300180062;90562577;552923050159603;;N;;750.64;1006.96;;;;CMED_ICMS17;20260508;20;PF0=623.03|PF12=707.99|PF18=759.79|PF19=769.17|PF20=778.79|PF21=788.65|PF22=798.76|PMC0=835.77|PMC12=949.74|PMC18=1019.23|PMC19=1031.81|PMC20=1044.72|PMC21=1057.95|PMC22=1071.51|PMVG17=589.03|PMVG18=596.21|PMVG20=611.12
CMED;20260508;medicamento;552925090174503;;;ACHÉ LABORATÓRIOS FARMACÊUTICOS S.A;RUNNER EZE;(5 + 10) MG COM REV CT BL AL AL X 10;"ROSUVASTATINA CÁLCICA;EZETIMIBA";7896658050091;1057300180070;90617690;552925090174503;;N;;63.83;85.63;;;;CMED_ICMS17;20260508;20;PF0=52.98|PF12=60.2|PF18=64.61|PF19=65.41|PF20=66.23|PF21=67.06|PF22=67.92|PMC0=71.07|PMC12=80.76|PMC18=86.67|PMC19=87.75|PMC20=88.85|PMC21=89.96|PMC22=91.11|PMVG17=50.09|PMVG18=50.7|PMVG20=51.97
CMED;20260508;medicamento;552925090174603;;;ACHÉ LABORATÓRIOS FARMACÊUTICOS S.A;RUNNER EZE;(5 + 10) MG COM REV CT BL AL AL X 30;"ROSUVASTATINA CÁLCICA;EZETIMIBA";7896658049675;1057300180089;90617703;552925090174603;;N;;191.51;256.9;;;;CMED_ICMS17;20260508;20;PF0=158.95|PF12=180.63|PF18=193.84|PF19=196.23|PF20=198.69|PF21=201.2|PF22=203.78|PMC0=213.23|PMC12=242.31|PMC18=260.03|PMC19=263.24|PMC20=266.54|PMC21=269.9|PMC22=273.36|PMVG17=150.28|PMVG18=152.11|PMVG20=155.91
CMED;20260508;medicamento;552919110082817;;;ACHÉ LABORATÓRIOS FARMACÊUTICOS S.A;RUPAFIN;10 MG COM CT BL AL PLAS TRANS X 10;FUMARATO DE RUPATADINA;7896181907336;1057305670017;90442377;552919110082817;;N;;73.87;99.09;;;;CMED_ICMS17;20260508;20;PF0=61.31|PF12=69.67|PF18=74.77|PF19=75.69|PF20=76.64|PF21=77.61|PF22=78.6|PMC0=82.25|PMC12=93.46|PMC18=100.3|PMC19=101.54|PMC20=102.81|PMC21=104.11|PMC22=105.44|PMVG17=57.97|PMVG18=58.67|PMVG20=60.14
CMED;20260508;medicamento;552919110082917;;;ACHÉ LABORATÓRIOS FARMACÊUTICOS S.A;RUPAFIN;10 MG COM CT BL AL PLAS TRANS X 6;FUMARATO DE RUPATADINA;7896181917816;1057305670033;90442385;552919110082917;;N;;44.31;59.44;;;;CMED_ICMS17;20260508;20;PF0=36.78|PF12=41.8|PF18=44.85|PF19=45.41|PF20=45.98|PF21=46.56|PF22=47.15|PMC0=49.34|PMC12=56.07|PMC18=60.16|PMC19=60.92|PMC20=61.68|PMC21=62.46|PMC22=63.25|PMVG17=34.77|PMVG18=35.19|PMVG20=36.08
CMED;20260508;medicamento;531613100070903;;;EMS SIGMA PHARMA LTDA;RUSOVAS;5 MG COM REV CT BL AL AL X 60;ROSUVASTATINA CÁLCICA;7894916509206;1356906830151;90412893;531613100070903;;N;;195.08;268.9;;;;CMED_ICMS17;20260508;20;PF0=161.92|PF12=184|PF18=197.46|PF19=199.9|PF20=202.4|PF21=204.96|PF22=207.59|PMC0=223.19|PMC12=253.62|PMC18=272.18|PMC19=275.54|PMC20=278.99|PMC21=282.52|PMC22=286.14|PMVG17=153.08|PMVG18=154.95|PMVG20=158.82
CMED;20260508;medicamento;531613100071003;;;EMS SIGMA PHARMA LTDA;RUSOVAS;10 MG COM REV CT BL AL AL X 60;ROSUVASTATINA CÁLCICA;7894916509718;1356906830044;90412907;531613100071003;;N;;427.92;589.84;;;;CMED_ICMS17;20260508;20;PF0=355.17|PF12=403.6|PF18=433.13|PF19=438.48|PF20=443.96|PF21=449.58|PF22=455.35|PMC0=489.56|PMC12=556.32|PMC18=597.02|PMC19=604.4|PMC20=611.95|PMC21=619.7|PMC22=627.65|PMVG17=335.79|PMVG18=339.88|PMVG20=348.37
CMED;20260508;medicamento;531613120072003;;;EMS SIGMA PHARMA LTDA;RUSOVAS;5 MG COM REV CT BL AL AL X 10;ROSUVASTATINA CÁLCICA;7894916509749;1356906830133;90444230;531613120072003;;N;;32.52;44.83;;;;CMED_ICMS17;20260508;20;PF0=26.99|PF12=30.67|PF18=32.91|PF19=33.32|PF20=33.74|PF21=34.16|PF22=34.6|PMC0=37.2|PMC12=42.28|PMC18=45.36|PMC19=45.93|PMC20=46.51|PMC21=47.09|PMC22=47.69|PMVG17=25.52|PMVG18=25.82|PMVG20=26.48
CMED;20260508;medicamento;531616070080003;;;EMS SIGMA PHARMA LTDA;RUSOVAS;20 MG COM REV CT BL AL AL X 10;ROSUVASTATINA CÁLCICA;7894916512039;1356906830079;90437616;531616070080003;;N;;124.89;172.15;;;;CMED_ICMS17;20260508;20;PF0=103.66|PF12=117.8|PF18=126.41|PF19=127.98|PF20=129.58|PF21=131.22|PF22=132.9|PMC0=142.88|PMC12=162.38|PMC18=174.24|PMC19=176.41|PMC20=178.61|PMC21=180.87|PMC22=183.19|PMVG17=98|PMVG18=99.19|PMVG20=101.68
CMED;20260508;medicamento;531619110074807;;;EMS SIGMA PHARMA LTDA;RUSOVAS;10 MG COM REV CT BL AL AL X 10;ROSUVASTATINA CÁLCICA;7894916514194;1356906830011;90444256;531619110074807;;N;;71.3;98.28;;;;CMED_ICMS17;20260508;20;PF0=59.18|PF12=67.25|PF18=72.17|PF19=73.06|PF20=73.98|PF21=74.91|PF22=75.87|PMC0=81.57|PMC12=92.7|PMC18=99.48|PMC19=100.71|PMC20=101.97|PMC21=103.26|PMC22=104.58|PMVG17=55.95|PMVG18=56.63|PMVG20=58.05
CMED;20260508;medicamento;531622010095003;;;EMS SIGMA PHARMA LTDA;RUSOVAS;10 MG COM REV CT BL AL AL X 90 (EMB FRAC);ROSUVASTATINA CÁLCICA;7896004782577;1356906830052;90529820;531622010095003;;N;;641.75;884.59;;;;CMED_ICMS17;20260508;20;PF0=532.65|PF12=605.28|PF18=649.57|PF19=657.59|PF20=665.81|PF21=674.24|PF22=682.88|PMC0=734.2|PMC12=834.32|PMC18=895.36|PMC19=906.42|PMC20=917.75|PMC21=929.37|PMC22=941.28|PMVG17=503.58|PMVG18=509.72|PMVG20=522.46
CMED;20260508;medicamento;531622010095103;;;EMS SIGMA PHARMA LTDA;RUSOVAS;20 MG COM REV CT BL AL AL X 90 (EMB FRAC);ROSUVASTATINA CÁLCICA;7896004782584;1356906830117;90529839;531622010095103;;N;;1124.02;1549.34;;;;CMED_ICMS17;20260508;20;PF0=932.94|PF12=1060.16|PF18=1137.73|PF19=1151.78|PF20=1166.18|PF21=1180.94|PF22=1196.08|PMC0=1285.96|PMC12=1461.32|PMC18=1568.24|PMC19=1587.61|PMC20=1607.46|PMC21=1627.8|PMC22=1648.67|PMVG17=882.02|PMVG18=892.78|PMVG20=915.1
CMED;20260508;medicamento;531623901112415;;;EMS SIGMA PHARMA LTDA;RUSOVAS;10 MG COM REV CT BL AL AL X 30;ROSUVASTATINA CÁLCICA;7894916508414;1356906830036;90386272;531623901112415;;N;;213.93;294.88;;;;CMED_ICMS17;20260508;20;PF0=177.56|PF12=201.77|PF18=216.54|PF19=219.21|PF20=221.95|PF21=224.76|PF22=227.64|PMC0=244.75|PMC12=278.12|PMC18=298.48|PMC19=302.16|PMC20=305.93|PMC21=309.81|PMC22=313.78|PMVG17=167.87|PMVG18=169.92|PMVG20=174.16
CMED;20260508;medicamento;531623902119413;;;EMS SIGMA PHARMA LTDA;RUSOVAS;20 MG COM REV CT BL AL AL X 30;ROSUVASTATINA CÁLCICA;7894916507240;1356906830095;90413415;531623902119413;;N;;374.69;516.47;;;;CMED_ICMS17;20260508;20;PF0=310.99|PF12=353.4|PF18=379.26|PF19=383.94|PF20=388.74|PF21=393.66|PF22=398.71|PMC0=428.67|PMC12=487.13|PMC18=522.77|PMC19=529.22|PMC20=535.84|PMC21=542.62|PMC22=549.58|PMVG17=294.02|PMVG18=297.61|PMVG20=305.04
CMED;20260508;medicamento;531625080101203;;;EMS SIGMA PHARMA LTDA;RUSOVAS;40 MG COM REV CT BL AL AL X 10;ROSUVASTATINA CÁLCICA;7894916996815;1356906830249;90613058;531625080101203;;N;;137.53;189.57;;;;CMED_ICMS17;20260508;20;PF0=114.15|PF12=129.72|PF18=139.21|PF19=140.93|PF20=142.69|PF21=144.49|PF22=146.35|PMC0=157.34|PMC12=178.81|PMC18=191.89|PMC19=194.26|PMC20=196.68|PMC21=199.16|PMC22=201.73|PMVG17=107.92|PMVG18=109.24|PMVG20=111.97
CMED;20260508;medicamento;531625080101303;;;EMS SIGMA PHARMA LTDA;RUSOVAS;40 MG COM REV CT BL AL AL X 30;ROSUVASTATINA CÁLCICA;7894916996822;1356906830257;90613066;531625080101303;;N;;412.58;568.7;;;;CMED_ICMS17;20260508;20;PF0=342.44|PF12=389.14|PF18=417.61|PF19=422.77|PF20=428.05|PF21=433.47|PF22=439.03|PMC0=472.02|PMC12=536.39|PMC18=575.63|PMC19=582.74|PMC20=590.02|PMC21=597.49|PMC22=605.16|PMVG17=323.75|PMVG18=327.7|PMVG20=335.89
CMED;20260508;medicamento;508020090134607;;;EUROFARMA LABORATORIOS S.A.;RUVA;5 MG COM REV CT BL AL AL X 10;ROSUVASTATINA CÁLCICA;7891317005788;1004313100010;90488652;508020090134607;;N;;11.25;15.51;;;;CMED_ICMS17;20260508;20;PF0=9.34|PF12=10.61|PF18=11.39|PF19=11.53|PF20=11.68|PF21=11.82|PF22=11.97|PMC0=12.87|PMC12=14.62|PMC18=15.7|PMC19=15.89|PMC20=16.1|PMC21=16.29|PMC22=16.5|PMVG17=8.83|PMVG18=8.94|PMVG20=9.17
CMED;20260508;medicamento;508020090134707;;;EUROFARMA LABORATORIOS S.A.;RUVA;5 MG COM REV CT BL AL AL X 30;ROSUVASTATINA CÁLCICA;7891317005801;1004313100029;90488660;508020090134707;;N;;33.8;46.59;;;;CMED_ICMS17;20260508;20;PF0=28.05|PF12=31.88|PF18=34.21|PF19=34.63|PF20=35.06|PF21=35.51|PF22=35.96|PMC0=38.66|PMC12=43.94|PMC18=47.15|PMC19=47.73|PMC20=48.33|PMC21=48.95|PMC22=49.57|PMVG17=26.52|PMVG18=26.85|PMVG20=27.51
CMED;20260508;medicamento;508020090134807;;;EUROFARMA LABORATORIOS S.A.;RUVA;10 MG COM REV CT BL AL AL X 10;ROSUVASTATINA CÁLCICA;7891317005856;1004313100053;90488679;508020090134807;;N;;14.43;19.89;;;;CMED_ICMS17;20260508;20;PF0=11.98|PF12=13.61|PF18=14.61|PF19=14.79|PF20=14.98|PF21=15.16|PF22=15.36|PMC0=16.51|PMC12=18.76|PMC18=20.14|PMC19=20.39|PMC20=20.65|PMC21=20.9|PMC22=21.17|PMVG17=11.32|PMVG18=11.46|PMVG20=11.76
CMED;20260508;medicamento;508020090134907;;;EUROFARMA LABORATORIOS S.A.;RUVA;10 MG COM REV CT BL AL AL X 30;ROSUVASTATINA CÁLCICA;7891317005863;1004313100061;90488687;508020090134907;;N;;43.31;59.7;;;;CMED_ICMS17;20260508;20;PF0=35.95|PF12=40.85|PF18=43.84|PF19=44.38|PF20=44.94|PF21=45.51|PF22=46.09|PMC0=49.55|PMC12=56.31|PMC18=60.43|PMC19=61.17|PMC20=61.95|PMC21=62.73|PMC22=63.53|PMVG17=33.99|PMVG18=34.4|PMVG20=35.26
CMED;20260508;medicamento;508020090135007;;;EUROFARMA LABORATORIOS S.A.;RUVA;20 MG COM REV CT BL AL AL X 10;ROSUVASTATINA CÁLCICA;7891317005825;1004313100096;90488695;508020090135007;;N;;25.05;34.53;;;;CMED_ICMS17;20260508;20;PF0=20.79|PF12=23.63|PF18=25.35|PF19=25.67|PF20=25.99|PF21=26.32|PF22=26.65|PMC0=28.66|PMC12=32.57|PMC18=34.94|PMC19=35.38|PMC20=35.82|PMC21=36.28|PMC22=36.73|PMVG17=19.66|PMVG18=19.89|PMVG20=20.39
CMED;20260508;medicamento;508020090135107;;;EUROFARMA LABORATORIOS S.A.;RUVA;20 MG COM REV CT BL AL AL X 30;ROSUVASTATINA CÁLCICA;7891317005832;1004313100101;90488709;508020090135107;;N;;75.14;103.57;;;;CMED_ICMS17;20260508;20;PF0=62.37|PF12=70.88|PF18=76.06|PF19=77|PF20=77.96|PF21=78.95|PF22=79.96|PMC0=85.97|PMC12=97.7|PMC18=104.84|PMC19=106.14|PMC20=107.46|PMC21=108.82|PMC22=110.22|PMVG17=58.96|PMVG18=59.68|PMVG20=61.17
CMED;20260508;medicamento;538815090051406;;;LEGRAND PHARMA INDUSTRIA FARMACEUTICA LTDA;RUVASCOR;5 MG COM REV CT BL AL AL X 30;ROSUVASTATINA CÁLCICA;7896004743806;1677304050141;90327160;538815090051406;;N;;63.4;87.39;;;;CMED_ICMS17;20260508;20;PF0=52.62|PF12=59.8|PF18=64.17|PF19=64.96|PF20=65.78|PF21=66.61|PF22=67.46|PMC0=72.53|PMC12=82.43|PMC18=88.45|PMC19=89.54|PMC20=90.67|PMC21=91.81|PMC22=92.99|PMVG17=49.75|PMVG18=50.35|PMVG20=51.62
CMED;20260508;medicamento;538815090051506;;;LEGRAND PHARMA INDUSTRIA FARMACEUTICA LTDA;RUVASCOR;10 MG COM REV CT BL AL AL X 30;ROSUVASTATINA CÁLCICA;7896004743813;1677304050034;90327179;538815090051506;;N;;187.13;257.94;;;;CMED_ICMS17;20260508;20;PF0=155.32|PF12=176.5|PF18=189.41|PF19=191.75|PF20=194.15|PF21=196.61|PF22=199.13|PMC0=214.09|PMC12=243.29|PMC18=261.08|PMC19=264.31|PMC20=267.62|PMC21=271.01|PMC22=274.48|PMVG17=146.84|PMVG18=148.63|PMVG20=152.35
CMED;20260508;medicamento;538815090051606;;;LEGRAND PHARMA INDUSTRIA FARMACEUTICA LTDA;RUVASCOR;20 MG COM REV CT BL AL AL X 30;ROSUVASTATINA CÁLCICA;7896004743820;1677304050093;90327187;538815090051606;;N;;326.53;450.09;;;;CMED_ICMS17;20260508;20;PF0=271.02|PF12=307.98|PF18=330.51|PF19=334.59|PF20=338.78|PF21=343.06|PF22=347.46|PMC0=373.57|PMC12=424.52|PMC18=455.57|PMC19=461.2|PMC20=466.97|PMC21=472.87|PMC22=478.94|PMVG17=256.23|PMVG18=259.35|PMVG20=265.84
CMED;20260508;medicamento;522720090089607;;;PFIZER BRASIL LTDA;RUXIENCE;10 MG/ML SOL DIL INFUS IV CT FA VD TRANS X 10 ML;RITUXIMABE;7891045033152;1211004780012;90488407;522720090089607;;S;;;;;;;CMED_ICMS17;20260508;20;PF0=1206.33
CMED;20260508;medicamento;522720090089707;;;PFIZER BRASIL LTDA;RUXIENCE;10 MG/ML SOL DIL INFUS IV CT FA VD TRANS X 50 ML;RITUXIMABE;7891045033169;1211004780020;90488415;522720090089707;;S;;;;;;;CMED_ICMS17;20260508;20;PF0=6031.68
CMED;20260508;medicamento;522723030092103;;;PFIZER BRASIL LTDA;RYAMBIC;2000 MG + 500 MG PO SOL INFUS CT FA VD TRANS X 10;"CEFTAZIDIMA PENTAIDRATADA;AVIBACTAM SÓDICO";7891045165778;1211004860016;90561023;522723030092103;;S;;8368.56;;;;;CMED_ICMS17;20260508;20;PF0=6945.91|PF12=7893.08|PF18=8470.62|PF19=8575.2|PF20=8682.39|PF21=8792.29|PF22=8905.01|PMVG17=6566.81|PMVG18=6646.9|PMVG20=6813.07
CMED;20260508;medicamento;526620120008707;;;NOVO NORDISK FARMACÊUTICA DO BRASIL LTDA;RYBELSUS;3 MG COM OR CT BL AL AL X 90;SEMAGLUTIDA;7897705202692;1176600370048;90503309;526620120008707;;N;;3111.51;4173.98;;;;CMED_ICMS17;20260508;20;PF0=2582.55|PF12=2934.72|PF18=3149.45|PF19=3188.33|PF20=3228.19|PF21=3269.05|PF22=3310.96|PMC0=3464.4|PMC12=3936.82|PMC18=4224.88|PMC19=4277.03|PMC20=4330.5|PMC21=4385.31|PMC22=4441.53|PMVG17=2441.6|PMVG18=2471.37|PMVG20=2533.16
CMED;20260508;medicamento;526620120008807;;;NOVO NORDISK FARMACÊUTICA DO BRASIL LTDA;RYBELSUS;7 MG COM OR CT BL AL AL X 60;SEMAGLUTIDA;7897705202722;1176600370072;90503317;526620120008807;;N;;2074.31;2782.61;;;;CMED_ICMS17;20260508;20;PF0=1721.68|PF12=1956.46|PF18=2099.61|PF19=2125.53|PF20=2152.1|PF21=2179.34|PF22=2207.28|PMC0=2309.57|PMC12=2624.52|PMC18=2816.55|PMC19=2851.32|PMC20=2886.97|PMC21=2923.51|PMC22=2960.99|PMVG17=1627.71|PMVG18=1647.56|PMVG20=1688.75
CMED;20260508;medicamento;526620120008907;;;NOVO NORDISK FARMACÊUTICA DO BRASIL LTDA;RYBELSUS;7 MG COM OR CT BL AL AL X 90;SEMAGLUTIDA;7897705202739;1176600370080;90503325;526620120008907;;N;;3111.51;4173.98;;;;CMED_ICMS17;20260508;20;PF0=2582.55|PF12=2934.72|PF18=3149.45|PF19=3188.33|PF20=3228.19|PF21=3269.05|PF22=3310.96|PMC0=3464.4|PMC12=3936.82|PMC18=4224.88|PMC19=4277.03|PMC20=4330.5|PMC21=4385.31|PMC22=4441.53|PMVG17=2441.6|PMVG18=2471.37|PMVG20=2533.16
CMED;20260508;medicamento;526620120009007;;;NOVO NORDISK FARMACÊUTICA DO BRASIL LTDA;RYBELSUS;14 MG COM OR CT BL AL AL X 60;SEMAGLUTIDA;7897705202760;1176600370110;90503384;526620120009007;;N;;2074.31;2782.61;;;;CMED_ICMS17;20260508;20;PF0=1721.68|PF12=1956.46|PF18=2099.61|PF19=2125.53|PF20=2152.1|PF21=2179.34|PF22=2207.28|PMC0=2309.57|PMC12=2624.52|PMC18=2816.55|PMC19=2851.32|PMC20=2886.97|PMC21=2923.51|PMC22=2960.99|PMVG17=1627.71|PMVG18=1647.56|PMVG20=1688.75
CMED;20260508;medicamento;526620120009107;;;NOVO NORDISK FARMACÊUTICA DO BRASIL LTDA;RYBELSUS;14 MG COM OR CT BL AL AL X 90;SEMAGLUTIDA;7897705202777;1176600370129;90503392;526620120009107;;N;;3111.51;4173.98;;;;CMED_ICMS17;20260508;20;PF0=2582.55|PF12=2934.72|PF18=3149.45|PF19=3188.33|PF20=3228.19|PF21=3269.05|PF22=3310.96|PMC0=3464.4|PMC12=3936.82|PMC18=4224.88|PMC19=4277.03|PMC20=4330.5|PMC21=4385.31|PMC22=4441.53|PMVG17=2441.6|PMVG18=2471.37|PMVG20=2533.16
CMED;20260508;medicamento;526620120009207;;;NOVO NORDISK FARMACÊUTICA DO BRASIL LTDA;RYBELSUS;3 MG COM OR CT BL AL AL X 30;SEMAGLUTIDA;7897705202678;1176600370021;90503333;526620120009207;;N;;1037.14;1391.29;;;;CMED_ICMS17;20260508;20;PF0=860.83|PF12=978.22|PF18=1049.79|PF19=1062.75|PF20=1076.04|PF21=1089.66|PF22=1103.63|PMC0=1154.77|PMC12=1312.25|PMC18=1408.26|PMC19=1425.64|PMC20=1443.47|PMC21=1461.74|PMC22=1480.48|PMVG17=813.84|PMVG18=823.77|PMVG20=844.37
CMED;20260508;medicamento;526620120009307;;;NOVO NORDISK FARMACÊUTICA DO BRASIL LTDA;RYBELSUS;3 MG COM OR CT BL AL AL X 60;SEMAGLUTIDA;7897705202685;1176600370031;90503341;526620120009307;;N;;2074.31;2782.61;;;;CMED_ICMS17;20260508;20;PF0=1721.68|PF12=1956.46|PF18=2099.61|PF19=2125.53|PF20=2152.1|PF21=2179.34|PF22=2207.28|PMC0=2309.57|PMC12=2624.52|PMC18=2816.55|PMC19=2851.32|PMC20=2886.97|PMC21=2923.51|PMC22=2960.99|PMVG17=1627.71|PMVG18=1647.56|PMVG20=1688.75
CMED;20260508;medicamento;526620120009407;;;NOVO NORDISK FARMACÊUTICA DO BRASIL LTDA;RYBELSUS;7 MG COM OR CT BL AL AL X 10;SEMAGLUTIDA;7897705202708;1176600370056;90503350;526620120009407;;N;;345.69;463.73;;;;CMED_ICMS17;20260508;20;PF0=286.92|PF12=326.05|PF18=349.9|PF19=354.22|PF20=358.65|PF21=363.19|PF22=367.85|PMC0=384.89|PMC12=437.38|PMC18=469.38|PMC19=475.17|PMC20=481.12|PMC21=487.21|PMC22=493.46|PMVG17=271.26|PMVG18=274.57|PMVG20=281.43
CMED;20260508;medicamento;526620120009507;;;NOVO NORDISK FARMACÊUTICA DO BRASIL LTDA;RYBELSUS;7 MG COM OR CT BL AL AL X 30;SEMAGLUTIDA;7897705202715;1176600370064;90503368;526620120009507;;N;;1037.14;1391.29;;;;CMED_ICMS17;20260508;20;PF0=860.83|PF12=978.22|PF18=1049.79|PF19=1062.75|PF20=1076.04|PF21=1089.66|PF22=1103.63|PMC0=1154.77|PMC12=1312.25|PMC18=1408.26|PMC19=1425.64|PMC20=1443.47|PMC21=1461.74|PMC22=1480.48|PMVG17=813.84|PMVG18=823.77|PMVG20=844.37
CMED;20260508;medicamento;526620120009607;;;NOVO NORDISK FARMACÊUTICA DO BRASIL LTDA;RYBELSUS;14 MG COM OR CT BL AL AL X 10;SEMAGLUTIDA;7897705202746;1176600370099;90503406;526620120009607;;N;;345.69;463.73;;;;CMED_ICMS17;20260508;20;PF0=286.92|PF12=326.05|PF18=349.9|PF19=354.22|PF20=358.65|PF21=363.19|PF22=367.85|PMC0=384.89|PMC12=437.38|PMC18=469.38|PMC19=475.17|PMC20=481.12|PMC21=487.21|PMC22=493.46|PMVG17=271.26|PMVG18=274.57|PMVG20=281.43
CMED;20260508;medicamento;526620120009707;;;NOVO NORDISK FARMACÊUTICA DO BRASIL LTDA;RYBELSUS;14 MG COM OR CT BL AL AL X 30;SEMAGLUTIDA;7897705202753;1176600370102;90503414;526620120009707;;N;;1037.14;1391.29;;;;CMED_ICMS17;20260508;20;PF0=860.83|PF12=978.22|PF18=1049.79|PF19=1062.75|PF20=1076.04|PF21=1089.66|PF22=1103.63|PMC0=1154.77|PMC12=1312.25|PMC18=1408.26|PMC19=1425.64|PMC20=1443.47|PMC21=1461.74|PMC22=1480.48|PMVG17=813.84|PMVG18=823.77|PMVG20=844.37
CMED;20260508;medicamento;526620120009807;;;NOVO NORDISK FARMACÊUTICA DO BRASIL LTDA;RYBELSUS;3 MG COM OR CT BL AL AL X 10;SEMAGLUTIDA;7897705202661;1176600370013;90503376;526620120009807;;N;;345.69;463.73;;;;CMED_ICMS17;20260508;20;PF0=286.92|PF12=326.05|PF18=349.9|PF19=354.22|PF20=358.65|PF21=363.19|PF22=367.85|PMC0=384.89|PMC12=437.38|PMC18=469.38|PMC19=475.17|PMC20=481.12|PMC21=487.21|PMC22=493.46|PMVG17=271.26|PMVG18=274.57|PMVG20=281.43
CMED;20260508;medicamento;514522020039107;;;JANSSEN-CILAG FARMACEUTICA LTDA;RYBREVANT;350 MG SOL DIL INFUS CT FA VD TRANS X 7 ML;AMIVANTAMABE;7896212480654;1123634360011;90528948;514522020039107;;S;;11091.43;;;;;CMED_ICMS17;20260508;20;PF0=9205.89|PF12=10461.24|PF18=11226.69|PF19=11365.3|PF20=11507.36|PF21=11653.03|PF22=11802.42|PMVG17=8703.45|PMVG18=8809.58|PMVG20=9029.82
CMED;20260508;medicamento;514525080042602;;;JANSSEN-CILAG FARMACEUTICA LTDA;RYBREVANT;1600 MG SOL INJ CT FA VD TRANS X 10 ML;AMIVANTAMABE;7896212485659;1123634360028;90610091;514525080042602;;S;;33274.31;;;;;CMED_ICMS17;20260508;20;PF0=27617.68|PF12=31383.74|PF18=33680.09|PF19=34095.9|PF20=34522.1|PF21=34959.09|PF22=35407.27|PMVG17=26110.35|PMVG18=26428.77|PMVG20=27089.49
CMED;20260508;medicamento;514525080042702;;;JANSSEN-CILAG FARMACEUTICA LTDA;RYBREVANT;2240 MG SOL INJ CT FA VD TRANS X 14 ML;AMIVANTAMABE;7896212485666;1123634360036;90610105;514525080042702;;S;;46584.04;;;;;CMED_ICMS17;20260508;20;PF0=38664.76|PF12=43937.24|PF18=47152.14|PF19=47734.28|PF20=48330.95|PF21=48942.74|PF22=49570.19|PMVG17=36554.5|PMVG18=37000.28|PMVG20=37925.3
CMED;20260508;medicamento;526518080094101;;;NOVARTIS BIOCIENCIAS S.A;RYDAPT;25 MG CAP MOLE CT BL AL AL X 112;MIDOSTAURINA;7896261020900;1006811560011;90409760;526518080094101;;N;;99286.8;133189.71;;;;CMED_ICMS17;20260508;20;PF0=82408.06|PF12=93645.55|PF18=100497.62|PF19=101738.35|PF20=103010.08|PF21=104314.02|PF22=105651.34|PMC0=110547.48|PMC12=125622.17|PMC18=134813.98|PMC19=136478.37|PMC20=138184.35|PMC21=139933.54|PMC22=141727.51|PMVG17=77910.35|PMVG18=78860.48|PMVG20=80832.01
CMED;20260508;medicamento;569925110015204;;;CAMBER FARMACEUTICA LTDA;RYRI;10 MG COM REV CT BL AL PLAS PVC/PVDC TRANS X 60;RIVAROXABANA;7908101201797;1650700420037;90617541;569925110015204;;N;;408.08;562.5;;;;CMED_ICMS17;20260508;20;PF0=338.71|PF12=384.9|PF18=413.06|PF19=418.16|PF20=423.39|PF21=428.75|PF22=434.24|PMC0=466.88|PMC12=530.54|PMC18=569.36|PMC19=576.39|PMC20=583.6|PMC21=590.99|PMC22=598.55|PMVG17=320.22|PMVG18=324.13|PMVG20=332.23
CMED;20260508;medicamento;569925110015304;;;CAMBER FARMACEUTICA LTDA;RYRI;15 MG COM REV CT BL AL PLAS PVC/PVDC TRANS X 15;RIVAROXABANA;7908101201803;1650700420045;90617550;569925110015304;;N;;102.01;140.61;;;;CMED_ICMS17;20260508;20;PF0=84.67|PF12=96.22|PF18=103.26|PF19=104.53|PF20=105.84|PF21=107.18|PF22=108.55|PMC0=116.71|PMC12=132.63|PMC18=142.33|PMC19=144.08|PMC20=145.89|PMC21=147.74|PMC22=149.62|PMVG17=80.05|PMVG18=81.03|PMVG20=83.05
CMED;20260508;medicamento;569925110015404;;;CAMBER FARMACEUTICA LTDA;RYRI;15 MG COM REV CT BL AL PLAS PVC/PVDC TRANS X 30;RIVAROXABANA;7908101201759;1650700420053;90617568;569925110015404;;N;;204;281.19;;;;CMED_ICMS17;20260508;20;PF0=169.32|PF12=192.41|PF18=206.49|PF19=209.04|PF20=211.65|PF21=214.33|PF22=217.08|PMC0=233.39|PMC12=265.22|PMC18=284.62|PMC19=288.14|PMC20=291.74|PMC21=295.43|PMC22=299.22|PMVG17=160.08|PMVG18=162.03|PMVG20=166.08
CMED;20260508;medicamento;569925110015504;;;CAMBER FARMACEUTICA LTDA;RYRI;15 MG COM REV CT BL AL PLAS PVC/PVDC TRANS X 60;RIVAROXABANA;7908101201810;1650700420061;90617576;569925110015504;;N;;408.01;562.4;;;;CMED_ICMS17;20260508;20;PF0=338.65|PF12=384.83|PF18=412.99|PF19=418.09|PF20=423.31|PF21=428.67|PF22=434.17|PMC0=466.79|PMC12=530.45|PMC18=569.26|PMC19=576.29|PMC20=583.49|PMC21=590.88|PMC22=598.46|PMVG17=320.17|PMVG18=324.07|PMVG20=332.17
CMED;20260508;medicamento;569925110015604;;;CAMBER FARMACEUTICA LTDA;RYRI;20 MG COM REV CT BL AL PLAS PVC/PVDC TRANS X 15;RIVAROXABANA;7908101201827;1650700420071;90617584;569925110015604;;N;;102.01;140.61;;;;CMED_ICMS17;20260508;20;PF0=84.67|PF12=96.22|PF18=103.26|PF19=104.53|PF20=105.84|PF21=107.18|PF22=108.55|PMC0=116.71|PMC12=132.63|PMC18=142.33|PMC19=144.08|PMC20=145.89|PMC21=147.74|PMC22=149.62|PMVG17=80.05|PMVG18=81.03|PMVG20=83.05
CMED;20260508;medicamento;569925110015704;;;CAMBER FARMACEUTICA LTDA;RYRI;10 MG COM REV CT BL AL PLAS PVC/PVDC TRANS X 15;RIVAROXABANA;7908101201780;1650700420010;90617525;569925110015704;;N;;102.02;140.62;;;;CMED_ICMS17;20260508;20;PF0=84.68|PF12=96.23|PF18=103.27|PF19=104.54|PF20=105.85|PF21=107.19|PF22=108.56|PMC0=116.72|PMC12=132.64|PMC18=142.35|PMC19=144.1|PMC20=145.9|PMC21=147.75|PMC22=149.64|PMVG17=80.06|PMVG18=81.04|PMVG20=83.06
CMED;20260508;medicamento;569925110015804;;;CAMBER FARMACEUTICA LTDA;RYRI;20 MG COM REV CT BL AL PLAS PVC/PVDC TRANS X 60;RIVAROXABANA;7908101201834;1650700420096;90617606;569925110015804;;N;;408.01;562.4;;;;CMED_ICMS17;20260508;20;PF0=338.65|PF12=384.83|PF18=412.99|PF19=418.09|PF20=423.31|PF21=428.67|PF22=434.17|PMC0=466.79|PMC12=530.45|PMC18=569.26|PMC19=576.29|PMC20=583.49|PMC21=590.88|PMC22=598.46|PMVG17=320.17|PMVG18=324.07|PMVG20=332.17
CMED;20260508;medicamento;569925110015904;;;CAMBER FARMACEUTICA LTDA;RYRI;10 MG COM REV CT BL AL PLAS PVC/PVDC TRANS X 30;RIVAROXABANA;7908101201742;1650700420029;90617533;569925110015904;;N;;204.04;281.25;;;;CMED_ICMS17;20260508;20;PF0=169.35|PF12=192.44|PF18=206.52|PF19=209.07|PF20=211.69|PF21=214.37|PF22=217.12|PMC0=233.43|PMC12=265.26|PMC18=284.67|PMC19=288.18|PMC20=291.79|PMC21=295.49|PMC22=299.28|PMVG17=160.11|PMVG18=162.06|PMVG20=166.11
CMED;20260508;medicamento;569925110016004;;;CAMBER FARMACEUTICA LTDA;RYRI;20 MG COM REV CT BL AL PLAS PVC/PVDC TRANS X 30;RIVAROXABANA;7908101201766;1650700420088;90617592;569925110016004;;N;;204;281.19;;;;CMED_ICMS17;20260508;20;PF0=169.32|PF12=192.41|PF18=206.49|PF19=209.04|PF20=211.65|PF21=214.33|PF22=217.08|PMC0=233.39|PMC12=265.22|PMC18=284.62|PMC19=288.14|PMC20=291.74|PMC21=295.43|PMC22=299.22|PMVG17=160.08|PMVG18=162.03|PMVG20=166.08
CMED;20260508;medicamento;526121010133803;;;GERMED FARMACEUTICA LTDA;RYTMISE;50 MG COM REV LIB PROL CT BL AL PLAS OPC X 10;SUCCINATO DE DESVENLAFAXINA MONOIDRATADO;7896004776545;1058309820011;90503449;526121010133803;;N;;44.48;61.31;;;;CMED_ICMS17;20260508;20;PF0=36.92|PF12=41.95|PF18=45.02|PF19=45.58|PF20=46.15|PF21=46.73|PF22=47.33|PMC0=50.89|PMC12=57.82|PMC18=62.06|PMC19=62.83|PMC20=63.61|PMC21=64.41|PMC22=65.24|PMVG17=34.9|PMVG18=35.33|PMVG20=36.21
CMED;20260508;medicamento;526121010134303;;;GERMED FARMACEUTICA LTDA;RYTMISE;50 MG COM REV LIB PROL CT BL AL AL X 10;SUCCINATO DE DESVENLAFAXINA MONOIDRATADO;7896004776590;1058309820089;90503490;526121010134303;;N;;44.48;61.31;;;;CMED_ICMS17;20260508;20;PF0=36.92|PF12=41.95|PF18=45.02|PF19=45.58|PF20=46.15|PF21=46.73|PF22=47.33|PMC0=50.89|PMC12=57.82|PMC18=62.06|PMC19=62.83|PMC20=63.61|PMC21=64.41|PMC22=65.24|PMVG17=34.9|PMVG18=35.33|PMVG20=36.21
CMED;20260508;medicamento;526121010134403;;;GERMED FARMACEUTICA LTDA;RYTMISE;50 MG COM REV LIB PROL CT BL AL AL X 15;SUCCINATO DE DESVENLAFAXINA MONOIDRATADO;7896004776606;1058309820097;90503503;526121010134403;;N;;66.71;91.95;;;;CMED_ICMS17;20260508;20;PF0=55.37|PF12=62.92|PF18=67.52|PF19=68.36|PF20=69.21|PF21=70.09|PF22=70.99|PMC0=76.32|PMC12=86.73|PMC18=93.07|PMC19=94.23|PMC20=95.4|PMC21=96.61|PMC22=97.85|PMVG17=52.35|PMVG18=52.98|PMVG20=54.31
CMED;20260508;medicamento;526121010134503;;;GERMED FARMACEUTICA LTDA;RYTMISE;50 MG COM REV LIB PROL CT BL AL AL X 20;SUCCINATO DE DESVENLAFAXINA MONOIDRATADO;7896004776613;1058309820100;90503511;526121010134503;;N;;88.94;122.59;;;;CMED_ICMS17;20260508;20;PF0=73.82|PF12=83.89|PF18=90.02|PF19=91.14|PF20=92.28|PF21=93.44|PF22=94.64|PMC0=101.75|PMC12=115.63|PMC18=124.08|PMC19=125.63|PMC20=127.2|PMC21=128.8|PMC22=130.45|PMVG17=69.79|PMVG18=70.64|PMVG20=72.41
CMED;20260508;medicamento;526121010134603;;;GERMED FARMACEUTICA LTDA;RYTMISE;50 MG COM REV LIB PROL CT BL AL AL X 30;SUCCINATO DE DESVENLAFAXINA MONOIDRATADO;7896004776620;1058309820119;90503520;526121010134603;;N;;133.45;183.95;;;;CMED_ICMS17;20260508;20;PF0=110.76|PF12=125.86|PF18=135.07|PF19=136.74|PF20=138.45|PF21=140.2|PF22=142|PMC0=152.67|PMC12=173.48|PMC18=186.18|PMC19=188.48|PMC20=190.84|PMC21=193.25|PMC22=195.73|PMVG17=104.72|PMVG18=105.99|PMVG20=108.64
CMED;20260508;medicamento;526121010134703;;;GERMED FARMACEUTICA LTDA;RYTMISE;50 MG COM REV LIB PROL CT BL AL AL X 60;SUCCINATO DE DESVENLAFAXINA MONOIDRATADO;7896004776637;1058309820127;90503538;526121010134703;;N;;266.87;367.85;;;;CMED_ICMS17;20260508;20;PF0=221.5|PF12=251.7|PF18=270.12|PF19=273.46|PF20=276.88|PF21=280.38|PF22=283.97|PMC0=305.31|PMC12=346.94|PMC18=372.33|PMC19=376.94|PMC20=381.65|PMC21=386.47|PMC22=391.42|PMVG17=209.41|PMVG18=211.96|PMVG20=217.27
CMED;20260508;medicamento;526121010135303;;;GERMED FARMACEUTICA LTDA;RYTMISE;100 MG COM REV LIB PROL CT BL AL AL X 10;SUCCINATO DE DESVENLAFAXINA MONOIDRATADO;7896004776699;1058309820224;90503597;526121010135303;;N;;51.07;70.39;;;;CMED_ICMS17;20260508;20;PF0=42.39|PF12=48.17|PF18=51.7|PF19=52.33|PF20=52.99|PF21=53.66|PF22=54.35|PMC0=58.43|PMC12=66.4|PMC18=71.26|PMC19=72.13|PMC20=73.04|PMC21=73.96|PMC22=74.92|PMVG17=40.07|PMVG18=40.57|PMVG20=41.58
CMED;20260508;medicamento;526121010135403;;;GERMED FARMACEUTICA LTDA;RYTMISE;100 MG COM REV LIB PROL CT BL AL AL X 15;SUCCINATO DE DESVENLAFAXINA MONOIDRATADO;7896004776705;1058309820232;90503600;526121010135403;;N;;76.6;105.59;;;;CMED_ICMS17;20260508;20;PF0=63.58|PF12=72.25|PF18=77.54|PF19=78.49|PF20=79.48|PF21=80.48|PF22=81.51|PMC0=87.64|PMC12=99.59|PMC18=106.88|PMC19=108.19|PMC20=109.55|PMC21=110.93|PMC22=112.35|PMVG17=60.11|PMVG18=60.85|PMVG20=62.37
CMED;20260508;medicamento;526121010135503;;;GERMED FARMACEUTICA LTDA;RYTMISE;100 MG COM REV LIB PROL CT BL AL AL X 20;SUCCINATO DE DESVENLAFAXINA MONOIDRATADO;7896004776712;1058309820240;90503619;526121010135503;;N;;102.18;140.84;;;;CMED_ICMS17;20260508;20;PF0=84.81|PF12=96.38|PF18=103.43|PF19=104.7|PF20=106.01|PF21=107.35|PF22=108.73|PMC0=116.9|PMC12=132.85|PMC18=142.57|PMC19=144.32|PMC20=146.12|PMC21=147.97|PMC22=149.87|PMVG17=80.18|PMVG18=81.16|PMVG20=83.19
CMED;20260508;medicamento;526121010135603;;;GERMED FARMACEUTICA LTDA;RYTMISE;100 MG COM REV LIB PROL CT BL AL AL X 30;SUCCINATO DE DESVENLAFAXINA MONOIDRATADO;7896004776729;1058309820259;90503627;526121010135603;;N;;153.23;211.21;;;;CMED_ICMS17;20260508;20;PF0=127.18|PF12=144.52|PF18=155.1|PF19=157.01|PF20=158.98|PF21=160.99|PF22=163.05|PMC0=175.3|PMC12=199.21|PMC18=213.79|PMC19=216.42|PMC20=219.14|PMC21=221.91|PMC22=224.75|PMVG17=120.24|PMVG18=121.71|PMVG20=124.75
CMED;20260508;medicamento;526121010135703;;;GERMED FARMACEUTICA LTDA;RYTMISE;100 MG COM REV LIB PROL CT BL AL AL X 60;SUCCINATO DE DESVENLAFAXINA MONOIDRATADO;7896004776736;1058309820267;90503635;526121010135703;;N;;306.45;422.41;;;;CMED_ICMS17;20260508;20;PF0=254.35|PF12=289.03|PF18=310.18|PF19=314.01|PF20=317.94|PF21=321.96|PF22=326.09|PMC0=350.59|PMC12=398.4|PMC18=427.55|PMC19=432.83|PMC20=438.25|PMC21=443.79|PMC22=449.48|PMVG17=240.47|PMVG18=243.4|PMVG20=249.49
CMED;20260508;medicamento;504425050093603;;;BLAU FARMACEUTICA S.A.;RYVKA;50 MG/ML SOL INJ IV CX 5 AMP VD TRANS X 5 ML;ÁCIDO TRANEXÂMICO;7896014670086;1163702210013;90609883;504425050093603;;N;;25.65;34.41;;;;CMED_ICMS17;20260508;20;PF0=21.29|PF12=24.19|PF18=25.96|PF19=26.28|PF20=26.61|PF21=26.95|PF22=27.29|PMC0=28.56|PMC12=32.45|PMC18=34.82|PMC19=35.25|PMC20=35.7|PMC21=36.15|PMC22=36.61|PMVG17=20.13|PMVG18=20.37|PMVG20=20.88
CMED;20260508;medicamento;504425050093703;;;BLAU FARMACEUTICA S.A.;RYVKA;50 MG/ML SOL INJ IV CX 50 AMP VD TRANS X 5 ML;ÁCIDO TRANEXÂMICO;7896014670093;1163702210021;90609891;504425050093703;;S;;259.46;;;;;CMED_ICMS17;20260508;20;PF0=215.35|PF12=244.72|PF18=262.62|PF19=265.86|PF20=269.19|PF21=272.59|PF22=276.09|PMVG17=203.6|PMVG18=206.08|PMVG20=211.23
CMED;20260508;medicamento;523725030053802;;;LIBBS FARMACÊUTICA LTDA;RYZNEUTA;20 MG/ML SOL INJ SC CT SER PREENC VD TRANS X 1 ML;ALFAEFBEMALENOGRASTIM;7896094211599;1003302260013;90604490;523725030053802;;S;;7838.89;;;;;CMED_ICMS17;20260508;20;PF0=6506.28|PF12=7393.5|PF18=7934.49|PF19=8032.45|PF20=8132.85|PF21=8235.8|PF22=8341.38|PMVG17=6151.18|PMVG18=6226.2|PMVG20=6381.85
