fonte;edicao;tipo_item;codigo_fonte;tabela_fonte;chave_fonte;laboratorio;produto;apresentacao;principio_ativo;ean;registro_anvisa;codigo_tuss;ggrem;generico;restrito_hospitalar;qtd_embalagem;pf_total;pmc_total;pf_unit;pmc_unit;preco_ref;tipo_preco;vigencia;tabela87_sugerida;precos_extra
SIMPRO;2026-04-12;material;0000117191;12;;LR POSAY;CICAPLAST 40ML YP004400;;;;;;;;;;;;;;1.017;SIMPRO_VIG;2014-05-14;19;
SIMPRO;2026-04-12;material;0000001754;12;;BAXTER;CICLADORA P/DIALISE PERITONIAL AUTOMATICA HOMECHOICE;;;;;;;;;;;;;;19903.47;SIMPRO_VIG;2011-04-01;19;
SIMPRO;2026-04-12;material;0000178890;12;;CICLO FARMA;CICLO GEL TOPICO P/ULTRA-SOM ALMOT.100ML;;;;;;;;;;;;;;1.33;SIMPRO_VIG;2013-07-17;19;
SIMPRO;2026-04-12;material;0000178891;12;;CICLO FARMA;CICLO GEL TOPICO P/ULTRA-SOM FR 1000ML;;;;;;;;;;;;;;3.5;SIMPRO_VIG;2013-07-17;19;
SIMPRO;2026-04-12;material;0000178892;12;;CICLO FARMA;CICLO GEL TOPICO P/ULTRA-SOM GL 5000ML;;;;;;;;;;;;;;15.15;SIMPRO_VIG;2013-07-17;19;
SIMPRO;2026-04-12;material;0000361270;12;;GADOR;CIENTIFIC SYNOVIAL 40 20MG/ML SOL.P/PREENCHIMENTO INTRA ARTICULAR SER.1ML;;;;;;;;;;;;;;2289.9;SIMPRO_VIG;2025-09-16;19;
SIMPRO;2026-04-12;material;0000290266;12;;PROTEC;CILINDRIO ALUMINIO O2 46LT;;;;;;;;;;;;;;16362.29;SIMPRO_VIG;2017-09-05;19;
SIMPRO;2026-04-12;material;0000052771;12;;PROTEC - SUSPENSA;CILINDRO 10LTS VAZIO ACO (1,00M3);;;;;;;;;;;;;;786.5;SIMPRO_VIG;2009-09-29;19;
SIMPRO;2026-04-12;material;0000239781;12;;COLOPLAST UROLOGY;CILINDRO 11CM/CONJ.BOMBA PRE-CONECTADO PROCED.ESCROTAL/BASE ESTANDAR.ANG.ZERO;;;;;;;;;;;;;;62204.3;SIMPRO_VIG;2019-02-15;19;
SIMPRO;2026-04-12;material;0000239775;12;;COLOPLAST UROLOGY;CILINDRO 11CM/CONJ.BOMBA PRE-CONECTADO PROCED.INFRAPUBICO/BASE ESTANDAR.ANG.ZERO;;;;;;;;;;;;;;62204.3;SIMPRO_VIG;2019-02-15;19;
SIMPRO;2026-04-12;material;0000239782;12;;COLOPLAST UROLOGY;CILINDRO 14CM/CONJ.BOMBA PRE-CONECTADO PROCED.ESCROTAL/BASE ESTANDAR.ANG.ZERO;;;;;;;;;;;;;;62204.3;SIMPRO_VIG;2019-02-15;19;
SIMPRO;2026-04-12;material;0000241779;12;;COLOPLAST UROLOGY;CILINDRO 14CM/CONJ.BOMBA PRE-CONECTADO PROCED.INFRAPUBICO/BASE ESTANDAR OTR;;;;;;;;;;;;;;62204.3;SIMPRO_VIG;2019-02-15;19;
SIMPRO;2026-04-12;material;0000239776;12;;COLOPLAST UROLOGY;CILINDRO 14CM/CONJ.BOMBA PRE-CONECTADO PROCED.INFRAPUBICO/BASE ESTANDAR.ANG.ZERO;;;;;;;;;;;;;;62204.3;SIMPRO_VIG;2019-02-15;19;
SIMPRO;2026-04-12;material;0000241784;12;;COLOPLAST UROLOGY;CILINDRO 14CM/CONJ.BOMBA PRE-CONECTADO PROCED.INFRAPUBICO/BASE ESTREITA OTR;;;;;;;;;;;;;;62204.3;SIMPRO_VIG;2019-02-15;19;
SIMPRO;2026-04-12;material;0000052772;12;;PROTEC - SUSPENSA;CILINDRO 15LTS VAZIO ACO (2,25M3);;;;;;;;;;;;;;935;SIMPRO_VIG;2009-09-29;19;
SIMPRO;2026-04-12;material;0000239783;12;;COLOPLAST UROLOGY;CILINDRO 16CM/CONJ.BOMBA PRE-CONECTADO PROCED.ESCROTAL/BASE ESTANDAR.ANG.ZERO;;;;;;;;;;;;;;62204.3;SIMPRO_VIG;2019-02-15;19;
SIMPRO;2026-04-12;material;0000241780;12;;COLOPLAST UROLOGY;CILINDRO 16CM/CONJ.BOMBA PRE-CONECTADO PROCED.INFRAPUBICO/BASE ESTANDAR OTR;;;;;;;;;;;;;;62204.3;SIMPRO_VIG;2019-02-15;19;
SIMPRO;2026-04-12;material;0000239777;12;;COLOPLAST UROLOGY;CILINDRO 16CM/CONJ.BOMBA PRE-CONECTADO PROCED.INFRAPUBICO/BASE ESTANDAR.ANG.ZERO;;;;;;;;;;;;;;62204.3;SIMPRO_VIG;2019-02-15;19;
SIMPRO;2026-04-12;material;0000241785;12;;COLOPLAST UROLOGY;CILINDRO 16CM/CONJ.BOMBA PRE-CONECTADO PROCED.INFRAPUBICO/BASE ESTREITA OTR;;;;;;;;;;;;;;62204.3;SIMPRO_VIG;2019-02-15;19;
SIMPRO;2026-04-12;material;0000239784;12;;COLOPLAST UROLOGY;CILINDRO 18CM/CONJ.BOMBA PRE-CONECTADO PROCED.ESCROTAL/BASE ESTANDAR.ANG.ZERO;;;;;;;;;;;;;;62204.3;SIMPRO_VIG;2019-02-15;19;
SIMPRO;2026-04-12;material;0000241781;12;;COLOPLAST UROLOGY;CILINDRO 18CM/CONJ.BOMBA PRE-CONECTADO PROCED.INFRAPUBICO/BASE ESTANDAR OTR;;;;;;;;;;;;;;62204.3;SIMPRO_VIG;2019-02-15;19;
SIMPRO;2026-04-12;material;0000239778;12;;COLOPLAST UROLOGY;CILINDRO 18CM/CONJ.BOMBA PRE-CONECTADO PROCED.INFRAPUBICO/BASE ESTANDAR.ANG.ZERO;;;;;;;;;;;;;;62204.3;SIMPRO_VIG;2019-02-15;19;
SIMPRO;2026-04-12;material;0000241786;12;;COLOPLAST UROLOGY;CILINDRO 18CM/CONJ.BOMBA PRE-CONECTADO PROCED.INFRAPUBICO/BASE ESTREITA OTR;;;;;;;;;;;;;;62204.3;SIMPRO_VIG;2019-02-15;19;
SIMPRO;2026-04-12;material;0000239785;12;;COLOPLAST UROLOGY;CILINDRO 20CM/CONJ.BOMBA PRE-CONECTADO PROCED.ESCROTAL/BASE ESTANDAR.ANG.ZERO;;;;;;;;;;;;;;62204.3;SIMPRO_VIG;2019-02-15;19;
SIMPRO;2026-04-12;material;0000241782;12;;COLOPLAST UROLOGY;CILINDRO 20CM/CONJ.BOMBA PRE-CONECTADO PROCED.INFRAPUBICO/BASE ESTANDAR OTR;;;;;;;;;;;;;;62204.3;SIMPRO_VIG;2019-02-15;19;
SIMPRO;2026-04-12;material;0000239779;12;;COLOPLAST UROLOGY;CILINDRO 20CM/CONJ.BOMBA PRE-CONECTADO PROCED.INFRAPUBICO/BASE ESTANDAR.ANG.ZERO;;;;;;;;;;;;;;62204.3;SIMPRO_VIG;2019-02-15;19;
SIMPRO;2026-04-12;material;0000241787;12;;COLOPLAST UROLOGY;CILINDRO 20CM/CONJ.BOMBA PRE-CONECTADO PROCED.INFRAPUBICO/BASE ESTREITA OTR;;;;;;;;;;;;;;62204.3;SIMPRO_VIG;2019-02-15;19;
SIMPRO;2026-04-12;material;0000052773;12;;PROTEC - SUSPENSA;CILINDRO 20LTS VAZIO ACO (4,00M3);;;;;;;;;;;;;;1144;SIMPRO_VIG;2009-09-29;19;
SIMPRO;2026-04-12;material;0000239786;12;;COLOPLAST UROLOGY;CILINDRO 22CM/CONJ.BOMBA PRE-CONECTADO PROCED.ESCROTAL/BASE ESTANDAR.ANG.ZERO;;;;;;;;;;;;;;62204.3;SIMPRO_VIG;2019-02-15;19;
SIMPRO;2026-04-12;material;0000241783;12;;COLOPLAST UROLOGY;CILINDRO 22CM/CONJ.BOMBA PRE-CONECTADO PROCED.INFRAPUBICO/BASE ESTANDAR OTR;;;;;;;;;;;;;;62204.3;SIMPRO_VIG;2019-02-15;19;
SIMPRO;2026-04-12;material;0000239780;12;;COLOPLAST UROLOGY;CILINDRO 22CM/CONJ.BOMBA PRE-CONECTADO PROCED.INFRAPUBICO/BASE ESTANDAR.ANG.ZERO;;;;;;;;;;;;;;62204.3;SIMPRO_VIG;2019-02-15;19;
SIMPRO;2026-04-12;material;0000241788;12;;COLOPLAST UROLOGY;CILINDRO 22CM/CONJ.BOMBA PRE-CONECTADO PROCED.INFRAPUBICO/BASE ESTREITA OTR;;;;;;;;;;;;;;62204.3;SIMPRO_VIG;2019-02-15;19;
SIMPRO;2026-04-12;material;0000052768;12;;PROTEC - SUSPENSA;CILINDRO 3LTS VAZIO ACO (0,45M3);;;;;;;;;;;;;;500.5;SIMPRO_VIG;2009-09-29;19;
SIMPRO;2026-04-12;material;0000052774;12;;PROTEC - SUSPENSA;CILINDRO 40LTS VAZIO ACO (8,00M3);;;;;;;;;;;;;;1375;SIMPRO_VIG;2009-09-29;19;
SIMPRO;2026-04-12;material;0000252135;12;;RESPIROX;CILINDRO 430LTS(3LTS)ALUMINIO C/VALVULA NACIONAL S/REGULADOR;;;;;;;;;;;;;;950;SIMPRO_VIG;2015-02-23;19;
SIMPRO;2026-04-12;material;0000052775;12;;PROTEC - SUSPENSA;CILINDRO 50LTS VAZIO ACO (10,0M3);;;;;;;;;;;;;;1595;SIMPRO_VIG;2009-09-29;19;
SIMPRO;2026-04-12;material;0000052769;12;;PROTEC - SUSPENSA;CILINDRO 5LTS VAZIO ACO (0,75M3);;;;;;;;;;;;;;550;SIMPRO_VIG;2009-09-29;19;
SIMPRO;2026-04-12;material;0000252136;12;;RESPIROX;CILINDRO 680LTS(4,5LTS)ALUMINIO C/VALVULA NACIONAL S/REGULADOR;;;;;;;;;;;;;;1085;SIMPRO_VIG;2015-02-23;19;
SIMPRO;2026-04-12;material;0000052770;12;;PROTEC - SUSPENSA;CILINDRO 7LTS VAZIO ACO (1,00M3);;;;;;;;;;;;;;605;SIMPRO_VIG;2009-09-29;19;
SIMPRO;2026-04-12;material;0000252140;12;;RESPIROX;CILINDRO ACO 10LTS;;;;;;;;;;;;;;1215;SIMPRO_VIG;2015-02-23;19;
SIMPRO;2026-04-12;material;0000252141;12;;RESPIROX;CILINDRO ACO 15LTS;;;;;;;;;;;;;;1355;SIMPRO_VIG;2015-02-23;19;
SIMPRO;2026-04-12;material;0000252142;12;;RESPIROX;CILINDRO ACO 20LTS;;;;;;;;;;;;;;1518;SIMPRO_VIG;2015-02-23;19;
SIMPRO;2026-04-12;material;0000252137;12;;RESPIROX;CILINDRO ACO 3LTS;;;;;;;;;;;;;;1715;SIMPRO_VIG;2015-06-30;19;
SIMPRO;2026-04-12;material;0000252143;12;;RESPIROX;CILINDRO ACO 40LTS;;;;;;;;;;;;;;1925;SIMPRO_VIG;2015-02-23;19;
SIMPRO;2026-04-12;material;0000252144;12;;RESPIROX;CILINDRO ACO 50LTS;;;;;;;;;;;;;;2000;SIMPRO_VIG;2015-02-23;19;
SIMPRO;2026-04-12;material;0000252138;12;;RESPIROX;CILINDRO ACO 5LTS;;;;;;;;;;;;;;1998.5;SIMPRO_VIG;2015-06-30;19;
SIMPRO;2026-04-12;material;0000252139;12;;RESPIROX;CILINDRO ACO 7LTS;;;;;;;;;;;;;;2222.5;SIMPRO_VIG;2015-06-30;19;
SIMPRO;2026-04-12;material;0000262289;12;;PROTEC;CILINDRO ACO O2 07LT(1,0M³);;;;;;;;;;;;;;6612.84;SIMPRO_VIG;2017-09-05;19;
SIMPRO;2026-04-12;material;0000262290;12;;PROTEC;CILINDRO ACO O2 10LT(1,5M³);;;;;;;;;;;;;;7751.9;SIMPRO_VIG;2017-09-05;19;
SIMPRO;2026-04-12;material;0000262291;12;;PROTEC;CILINDRO ACO O2 15LT(2,25M³);;;;;;;;;;;;;;10085.53;SIMPRO_VIG;2017-09-05;19;
SIMPRO;2026-04-12;material;0000262292;12;;PROTEC;CILINDRO ACO O2 20LT(4,00M³);;;;;;;;;;;;;;12609.96;SIMPRO_VIG;2017-09-05;19;
SIMPRO;2026-04-12;material;0000262293;12;;PROTEC;CILINDRO ACO O2 40LT(8,00M³);;;;;;;;;;;;;;13545.91;SIMPRO_VIG;2017-09-05;19;
SIMPRO;2026-04-12;material;0000262294;12;;PROTEC;CILINDRO ACO O2 50LT(8,00M³);;;;;;;;;;;;;;16347.47;SIMPRO_VIG;2017-09-05;19;
SIMPRO;2026-04-12;material;0000110196;12;;JG MORIYA;CILINDRO ALUMINIO 10LTS ACO P/NO2 (TORPEDO/BALA);;;;;;;;;;;;;;1091.06;SIMPRO_VIG;2007-02-01;19;
SIMPRO;2026-04-12;material;0000110197;12;;JG MORIYA;CILINDRO ALUMINIO 10LTS ACO P/OXIGENIO (TORPEDO/BALA);;;;;;;;;;;;;;1091.06;SIMPRO_VIG;2007-02-01;19;
SIMPRO;2026-04-12;material;0000078989;12;;JG MORIYA;CILINDRO ALUMINIO 10LTS P/NO2 (TORPEDO/BALA);;;;;;;;;;;;;;2346.58;SIMPRO_VIG;2007-02-01;19;
SIMPRO;2026-04-12;material;0000043162;12;;JG MORIYA;CILINDRO ALUMINIO 10LTS P/OXIGENIO (TORPEDO/BALA);;;;;;;;;;;;;;2346.58;SIMPRO_VIG;2007-02-01;19;
SIMPRO;2026-04-12;material;0000262285;12;;PROTEC;CILINDRO ALUMINIO 11LT;;;;;;;;;;;;;;3607.84;SIMPRO_VIG;2015-10-21;19;
SIMPRO;2026-04-12;material;0000262288;12;;PROTEC;CILINDRO ALUMINIO 29LT;;;;;;;;;;;;;;11425.06;SIMPRO_VIG;2017-09-05;19;
SIMPRO;2026-04-12;material;0000262283;12;;PROTEC;CILINDRO ALUMINIO 3LTS C/VALVULA INTEGRADA;;;;;;;;;;;;;;3090.19;SIMPRO_VIG;2015-10-21;19;
SIMPRO;2026-04-12;material;0000043160;12;;JG MORIYA;CILINDRO ALUMINIO 3LTS OXIGENIO (TORPEDO/BALA);;;;;;;;;;;;;;991.76;SIMPRO_VIG;2007-02-01;19;
SIMPRO;2026-04-12;material;0000110198;12;;JG MORIYA;CILINDRO ALUMINIO 4LTS OXIGENIO (TORPEDO/BALA);;;;;;;;;;;;;;1055.84;SIMPRO_VIG;2007-02-01;19;
SIMPRO;2026-04-12;material;0000262284;12;;PROTEC;CILINDRO ALUMINIO 5LTS C/VALVULA INTEGRADA;;;;;;;;;;;;;;2177.47;SIMPRO_VIG;2015-10-21;19;
SIMPRO;2026-04-12;material;0000043161;12;;JG MORIYA;CILINDRO ALUMINIO 5LTS OXIGENIO (TORPEDO/BALA);;;;;;;;;;;;;;1106.88;SIMPRO_VIG;2007-02-01;19;
SIMPRO;2026-04-12;material;0000262281;12;;PROTEC;CILINDRO ALUMINIO O2 03LT;;;;;;;;;;;;;;1995.35;SIMPRO_VIG;2017-09-05;19;
SIMPRO;2026-04-12;material;0000262282;12;;PROTEC;CILINDRO ALUMINIO O2 05LT;;;;;;;;;;;;;;2280.47;SIMPRO_VIG;2017-09-05;19;
SIMPRO;2026-04-12;material;0000262286;12;;PROTEC;CILINDRO ALUMINIO O2 16LT;;;;;;;;;;;;;;7160.6;SIMPRO_VIG;2017-09-05;19;
SIMPRO;2026-04-12;material;0000262287;12;;PROTEC;CILINDRO ALUMINIO O2 29LT;;;;;;;;;;;;;;8620.1;SIMPRO_VIG;2017-09-05;19;
SIMPRO;2026-04-12;material;0000052776;12;;PROTEC - SUSPENSA;CILINDRO ALUMINIO TP.D VAZIO 3LTS;;;;;;;;;;;;;;237;SIMPRO_VIG;2009-09-29;19;
SIMPRO;2026-04-12;material;0000052778;12;;PROTEC - SUSPENSA;CILINDRO ALUMINIO TP.E VAZIO 3LTS;;;;;;;;;;;;;;273;SIMPRO_VIG;2009-09-29;19;
SIMPRO;2026-04-12;material;0000132751;12;;BOSTON UROLOGY;CILINDRO AMS 700 PRE CONECTADO C/INHIBIZONE DIAM.9,5/14,5MMXCOMP.10CM IP ABORD;;;;;;;;;;;;;;95649.47;SIMPRO_VIG;2015-05-05;19;
SIMPRO;2026-04-12;material;0000132752;12;;BOSTON UROLOGY;CILINDRO AMS 700 PRE CONECTADO C/INHIBIZONE DIAM.9,5/14,5MMXCOMP.10CM PS ABORD;;;;;;;;;;;;;;95649.47;SIMPRO_VIG;2015-05-05;19;
SIMPRO;2026-04-12;material;0000132753;12;;BOSTON UROLOGY;CILINDRO AMS 700 PRE CONECTADO C/INHIBIZONE DIAM.9,5/14,5MMXCOMP.12CM IP ABORD;;;;;;;;;;;;;;95649.47;SIMPRO_VIG;2015-05-05;19;
SIMPRO;2026-04-12;material;0000132754;12;;BOSTON UROLOGY;CILINDRO AMS 700 PRE CONECTADO C/INHIBIZONE DIAM.9,5/14,5MMXCOMP.12CM PS ABORD;;;;;;;;;;;;;;95649.47;SIMPRO_VIG;2015-05-05;19;
SIMPRO;2026-04-12;material;0000132755;12;;BOSTON UROLOGY;CILINDRO AMS 700 PRE CONECTADO C/INHIBIZONE DIAM.9,5/14,5MMXCOMP.14CM IP ABORD;;;;;;;;;;;;;;95649.47;SIMPRO_VIG;2015-05-05;19;
SIMPRO;2026-04-12;material;0000132756;12;;BOSTON UROLOGY;CILINDRO AMS 700 PRE CONECTADO C/INHIBIZONE DIAM.9,5/14,5MMXCOMP.14CM PS ABORD;;;;;;;;;;;;;;95649.47;SIMPRO_VIG;2015-05-05;19;
SIMPRO;2026-04-12;material;0000132757;12;;BOSTON UROLOGY;CILINDRO AMS 700 PRE CONECTADO C/INHIBIZONE DIAM.9,5/14,5MMXCOMP.16CM IP ABORD;;;;;;;;;;;;;;95649.47;SIMPRO_VIG;2015-05-05;19;
SIMPRO;2026-04-12;material;0000132758;12;;BOSTON UROLOGY;CILINDRO AMS 700 PRE CONECTADO C/INHIBIZONE DIAM.9,5/14,5MMXCOMP.16CM PS ABORD;;;;;;;;;;;;;;95649.47;SIMPRO_VIG;2015-05-05;19;
SIMPRO;2026-04-12;material;0000132759;12;;BOSTON UROLOGY;CILINDRO AMS 700 PRE CONECTADO C/INHIBIZONE DIAM.9,5/14,5MMXCOMP.18CM IP ABORD;;;;;;;;;;;;;;95649.47;SIMPRO_VIG;2015-05-05;19;
SIMPRO;2026-04-12;material;0000132760;12;;BOSTON UROLOGY;CILINDRO AMS 700 PRE CONECTADO C/INHIBIZONE DIAM.9,5/14,5MMXCOMP.18CM PS ABORD;;;;;;;;;;;;;;95649.47;SIMPRO_VIG;2015-05-05;19;
SIMPRO;2026-04-12;material;0000132779;12;;BOSTON UROLOGY;CILINDRO AMS 700 PRE CONECTADO DIAM.12/18MMXCOMP.12CM PS ABORD;;;;;;;;;;;;;;64304.43;SIMPRO_VIG;2015-05-05;19;
SIMPRO;2026-04-12;material;0000132781;12;;BOSTON UROLOGY;CILINDRO AMS 700 PRE CONECTADO DIAM.12/18MMXCOMP.15CM PS ABORD;;;;;;;;;;;;;;64304.43;SIMPRO_VIG;2015-05-05;19;
SIMPRO;2026-04-12;material;0000132783;12;;BOSTON UROLOGY;CILINDRO AMS 700 PRE CONECTADO DIAM.12/18MMXCOMP.18CM PS ABORD;;;;;;;;;;;;;;64304.43;SIMPRO_VIG;2015-05-05;19;
SIMPRO;2026-04-12;material;0000132785;12;;BOSTON UROLOGY;CILINDRO AMS 700 PRE CONECTADO DIAM.12/18MMXCOMP.21CM PS ABORD;;;;;;;;;;;;;;64304.43;SIMPRO_VIG;2015-05-05;19;
SIMPRO;2026-04-12;material;0000132761;12;;BOSTON UROLOGY;CILINDRO AMS 700CX PRE-CONECTADO 3VOL.12CM(BOMBA)MS C/INHIBIZONE;;;;;;;;;;;;;;80000;SIMPRO_VIG;2017-03-28;19;
SIMPRO;2026-04-12;material;0000132799;12;;BOSTON UROLOGY;CILINDRO AMS 700CX PRE-CONECTADO 3VOL.12CM(BOMBA)MS S/INHIBIZONE;;;;;;;;;;;;;;80000;SIMPRO_VIG;2017-03-28;19;
SIMPRO;2026-04-12;material;0000132762;12;;BOSTON UROLOGY;CILINDRO AMS 700CX PRE-CONECTADO 3VOL.15CM(BOMBA)MS C/INHIBIZONE;;;;;;;;;;;;;;80000;SIMPRO_VIG;2017-03-28;19;
SIMPRO;2026-04-12;material;0000132800;12;;BOSTON UROLOGY;CILINDRO AMS 700CX PRE-CONECTADO 3VOL.15CM(BOMBA)MS S/INHIBIZONE;;;;;;;;;;;;;;80000;SIMPRO_VIG;2017-03-28;19;
SIMPRO;2026-04-12;material;0000132763;12;;BOSTON UROLOGY;CILINDRO AMS 700CX PRE-CONECTADO 3VOL.18CM(BOMBA)MS C/INHIBIZONE;;;;;;;;;;;;;;80000;SIMPRO_VIG;2017-03-28;19;
SIMPRO;2026-04-12;material;0000132801;12;;BOSTON UROLOGY;CILINDRO AMS 700CX PRE-CONECTADO 3VOL.18CM(BOMBA)MS S/INHIBIZONE;;;;;;;;;;;;;;80000;SIMPRO_VIG;2017-03-28;19;
SIMPRO;2026-04-12;material;0000132764;12;;BOSTON UROLOGY;CILINDRO AMS 700CX PRE-CONECTADO 3VOL.21CM(BOMBA)MS C/INHIBIZONE;;;;;;;;;;;;;;80000;SIMPRO_VIG;2017-03-28;19;
SIMPRO;2026-04-12;material;0000132802;12;;BOSTON UROLOGY;CILINDRO AMS 700CX PRE-CONECTADO 3VOL.21CM(BOMBA)MS S/INHIBIZONE;;;;;;;;;;;;;;80000;SIMPRO_VIG;2017-03-28;19;
SIMPRO;2026-04-12;material;0000132803;12;;BOSTON UROLOGY;CILINDRO AMS 700CX PRE-CONECTADO 3VOL.24CM(BOMBA)MS S/INHIBIZONE;;;;;;;;;;;;;;80000;SIMPRO_VIG;2017-03-28;19;
SIMPRO;2026-04-12;material;0000132769;12;;BOSTON UROLOGY;CILINDRO AMS 700CXR PRE-CONECTADO 3VOL.10CM(BOMBA)MS C/INHIBIZONE;;;;;;;;;;;;;;80000;SIMPRO_VIG;2017-03-28;19;
SIMPRO;2026-04-12;material;0000132770;12;;BOSTON UROLOGY;CILINDRO AMS 700CXR PRE-CONECTADO 3VOL.12CM(BOMBA)MS C/INHIBIZONE;;;;;;;;;;;;;;80000;SIMPRO_VIG;2017-03-28;19;
SIMPRO;2026-04-12;material;0000132771;12;;BOSTON UROLOGY;CILINDRO AMS 700CXR PRE-CONECTADO 3VOL.14CM(BOMBA)MS C/INHIBIZONE;;;;;;;;;;;;;;80000;SIMPRO_VIG;2017-03-28;19;
SIMPRO;2026-04-12;material;0000132772;12;;BOSTON UROLOGY;CILINDRO AMS 700CXR PRE-CONECTADO 3VOL.16CM(BOMBA)MS C/INHIBIZONE;;;;;;;;;;;;;;80000;SIMPRO_VIG;2017-03-28;19;
SIMPRO;2026-04-12;material;0000132819;12;;BOSTON UROLOGY;CILINDRO AMS 700LGX PRE-CONECTADO 3VOL.12CM(BOMBA)MS;;;;;;;;;;;;;;80000;SIMPRO_VIG;2017-03-28;19;
SIMPRO;2026-04-12;material;0000132811;12;;BOSTON UROLOGY;CILINDRO AMS 700LGX PRE-CONECTADO 3VOL.12CM(BOMBA)MS C/INHIBIZONE;;;;;;;;;;;;;;80000;SIMPRO_VIG;2017-03-28;19;
SIMPRO;2026-04-12;material;0000132820;12;;BOSTON UROLOGY;CILINDRO AMS 700LGX PRE-CONECTADO 3VOL.15CM(BOMBA)MS;;;;;;;;;;;;;;80000;SIMPRO_VIG;2017-03-28;19;
SIMPRO;2026-04-12;material;0000132812;12;;BOSTON UROLOGY;CILINDRO AMS 700LGX PRE-CONECTADO 3VOL.15CM(BOMBA)MS C/INHIBIZONE;;;;;;;;;;;;;;80000;SIMPRO_VIG;2017-03-28;19;
SIMPRO;2026-04-12;material;0000132821;12;;BOSTON UROLOGY;CILINDRO AMS 700LGX PRE-CONECTADO 3VOL.18CM(BOMBA)MS;;;;;;;;;;;;;;80000;SIMPRO_VIG;2017-03-28;19;
SIMPRO;2026-04-12;material;0000132813;12;;BOSTON UROLOGY;CILINDRO AMS 700LGX PRE-CONECTADO 3VOL.18CM(BOMBA)MS C/INHIBIZONE;;;;;;;;;;;;;;80000;SIMPRO_VIG;2017-03-28;19;
SIMPRO;2026-04-12;material;0000132822;12;;BOSTON UROLOGY;CILINDRO AMS 700LGX PRE-CONECTADO 3VOL.21CM(BOMBA)MS;;;;;;;;;;;;;;80000;SIMPRO_VIG;2017-03-28;19;
SIMPRO;2026-04-12;material;0000132814;12;;BOSTON UROLOGY;CILINDRO AMS 700LGX PRE-CONECTADO 3VOL.21CM(BOMBA)MS C/INHIBIZONE;;;;;;;;;;;;;;80000;SIMPRO_VIG;2017-03-28;19;
SIMPRO;2026-04-12;material;0000132765;12;;BOSTON UROLOGY;CILINDRO CX BOMBA MS 12/18MMX12CM IP ABORD;;;;;;;;;;;;;;80000;SIMPRO_VIG;2017-05-23;19;
SIMPRO;2026-04-12;material;0000132804;12;;BOSTON UROLOGY;CILINDRO CX BOMBA MS 12/18MMX12CM IP ABORD;;;;;;;;;;;;;;80000;SIMPRO_VIG;2017-05-23;19;
SIMPRO;2026-04-12;material;0000132766;12;;BOSTON UROLOGY;CILINDRO CX BOMBA MS 12/18MMX15CM IP ABORD;;;;;;;;;;;;;;80000;SIMPRO_VIG;2017-05-23;19;
SIMPRO;2026-04-12;material;0000132805;12;;BOSTON UROLOGY;CILINDRO CX BOMBA MS 12/18MMX15CM IP ABORD;;;;;;;;;;;;;;80000;SIMPRO_VIG;2017-05-23;19;
SIMPRO;2026-04-12;material;0000132767;12;;BOSTON UROLOGY;CILINDRO CX BOMBA MS 12/18MMX18CM IP ABORD;;;;;;;;;;;;;;80000;SIMPRO_VIG;2017-05-23;19;
SIMPRO;2026-04-12;material;0000132806;12;;BOSTON UROLOGY;CILINDRO CX BOMBA MS 12/18MMX18CM IP ABORD;;;;;;;;;;;;;;80000;SIMPRO_VIG;2017-05-23;19;
SIMPRO;2026-04-12;material;0000132768;12;;BOSTON UROLOGY;CILINDRO CX BOMBA MS 12/18MMX21CM IP ABORD;;;;;;;;;;;;;;80000;SIMPRO_VIG;2017-05-23;19;
SIMPRO;2026-04-12;material;0000132807;12;;BOSTON UROLOGY;CILINDRO CX BOMBA MS 12/18MMX21CM IP ABORD;;;;;;;;;;;;;;80000;SIMPRO_VIG;2017-05-23;19;
SIMPRO;2026-04-12;material;0000132808;12;;BOSTON UROLOGY;CILINDRO CX BOMBA MS 12/18MMX24CM IP ABORD;;;;;;;;;;;;;;80000;SIMPRO_VIG;2017-05-23;19;
SIMPRO;2026-04-12;material;0000132744;12;;BOSTON UROLOGY;CILINDRO CX BOMBA STANDARD 12/18MMX12CM IP ABORD;;;;;;;;;;;;;;95649.47;SIMPRO_VIG;2015-05-05;19;
SIMPRO;2026-04-12;material;0000132780;12;;BOSTON UROLOGY;CILINDRO CX BOMBA STANDARD 12/18MMX12CM IP ABORD;;;;;;;;;;;;;;68897.58;SIMPRO_VIG;2015-05-05;19;
SIMPRO;2026-04-12;material;0000132743;12;;BOSTON UROLOGY;CILINDRO CX BOMBA STANDARD 12/18MMX12CM PS ABORD;;;;;;;;;;;;;;95649.47;SIMPRO_VIG;2015-05-05;19;
SIMPRO;2026-04-12;material;0000132746;12;;BOSTON UROLOGY;CILINDRO CX BOMBA STANDARD 12/18MMX15CM IP ABORD;;;;;;;;;;;;;;95649.47;SIMPRO_VIG;2015-05-05;19;
SIMPRO;2026-04-12;material;0000132782;12;;BOSTON UROLOGY;CILINDRO CX BOMBA STANDARD 12/18MMX15CM IP ABORD;;;;;;;;;;;;;;68897.58;SIMPRO_VIG;2015-05-05;19;
SIMPRO;2026-04-12;material;0000132745;12;;BOSTON UROLOGY;CILINDRO CX BOMBA STANDARD 12/18MMX15CM PS ABORD;;;;;;;;;;;;;;95649.47;SIMPRO_VIG;2015-05-05;19;
SIMPRO;2026-04-12;material;0000132748;12;;BOSTON UROLOGY;CILINDRO CX BOMBA STANDARD 12/18MMX18CM IP ABORD;;;;;;;;;;;;;;95649.47;SIMPRO_VIG;2015-05-05;19;
SIMPRO;2026-04-12;material;0000132784;12;;BOSTON UROLOGY;CILINDRO CX BOMBA STANDARD 12/18MMX18CM IP ABORD;;;;;;;;;;;;;;68897.58;SIMPRO_VIG;2015-05-05;19;
SIMPRO;2026-04-12;material;0000132747;12;;BOSTON UROLOGY;CILINDRO CX BOMBA STANDARD 12/18MMX18CM PS ABORD;;;;;;;;;;;;;;95649.47;SIMPRO_VIG;2015-05-05;19;
SIMPRO;2026-04-12;material;0000132750;12;;BOSTON UROLOGY;CILINDRO CX BOMBA STANDARD 12/18MMX21CM IP ABORD;;;;;;;;;;;;;;95649.47;SIMPRO_VIG;2015-05-05;19;
SIMPRO;2026-04-12;material;0000132786;12;;BOSTON UROLOGY;CILINDRO CX BOMBA STANDARD 12/18MMX21CM IP ABORD;;;;;;;;;;;;;;68897.58;SIMPRO_VIG;2015-05-05;19;
SIMPRO;2026-04-12;material;0000132749;12;;BOSTON UROLOGY;CILINDRO CX BOMBA STANDARD 12/18MMX21CM PS ABORD;;;;;;;;;;;;;;95649.47;SIMPRO_VIG;2015-05-05;19;
SIMPRO;2026-04-12;material;0000132788;12;;BOSTON UROLOGY;CILINDRO CX BOMBA STANDARD 12/18MMX24CM IP ABORD;;;;;;;;;;;;;;68897.58;SIMPRO_VIG;2015-05-05;19;
SIMPRO;2026-04-12;material;0000132787;12;;BOSTON UROLOGY;CILINDRO CX BOMBA STANDARD 12/18MMX24CM PS ABORD;;;;;;;;;;;;;;68897.58;SIMPRO_VIG;2015-05-05;19;
SIMPRO;2026-04-12;material;0000132773;12;;BOSTON UROLOGY;CILINDRO CXR BOMBA MS 9,5/14,5MMX10CM IP ABORD;;;;;;;;;;;;;;80000;SIMPRO_VIG;2017-05-23;19;
SIMPRO;2026-04-12;material;0000132774;12;;BOSTON UROLOGY;CILINDRO CXR BOMBA MS 9,5/14,5MMX12CM IP ABORD;;;;;;;;;;;;;;80000;SIMPRO_VIG;2017-05-23;19;
SIMPRO;2026-04-12;material;0000132775;12;;BOSTON UROLOGY;CILINDRO CXR BOMBA MS 9,5/14,5MMX14CM IP ABORD;;;;;;;;;;;;;;80000;SIMPRO_VIG;2017-05-23;19;
SIMPRO;2026-04-12;material;0000132776;12;;BOSTON UROLOGY;CILINDRO CXR BOMBA MS 9,5/14,5MMX16CM IP ABORD;;;;;;;;;;;;;;80000;SIMPRO_VIG;2017-05-23;19;
SIMPRO;2026-04-12;material;0000132790;12;;BOSTON UROLOGY;CILINDRO CXR BOMBA STANDARD 9,5/14,5MMX10CM IP ABORD;;;;;;;;;;;;;;77293.55;SIMPRO_VIG;2015-05-05;19;
SIMPRO;2026-04-12;material;0000132789;12;;BOSTON UROLOGY;CILINDRO CXR BOMBA STANDARD 9,5/14,5MMX10CM PS ABORD;;;;;;;;;;;;;;77293.55;SIMPRO_VIG;2015-05-05;19;
SIMPRO;2026-04-12;material;0000132792;12;;BOSTON UROLOGY;CILINDRO CXR BOMBA STANDARD 9,5/14,5MMX12CM IP ABORD;;;;;;;;;;;;;;77293.55;SIMPRO_VIG;2015-05-05;19;
SIMPRO;2026-04-12;material;0000132791;12;;BOSTON UROLOGY;CILINDRO CXR BOMBA STANDARD 9,5/14,5MMX12CM PS ABORD;;;;;;;;;;;;;;77293.55;SIMPRO_VIG;2015-05-05;19;
SIMPRO;2026-04-12;material;0000132794;12;;BOSTON UROLOGY;CILINDRO CXR BOMBA STANDARD 9,5/14,5MMX14CM IP ABORD;;;;;;;;;;;;;;77293.55;SIMPRO_VIG;2015-05-05;19;
SIMPRO;2026-04-12;material;0000132793;12;;BOSTON UROLOGY;CILINDRO CXR BOMBA STANDARD 9,5/14,5MMX14CM PS ABORD;;;;;;;;;;;;;;77293.55;SIMPRO_VIG;2015-05-05;19;
SIMPRO;2026-04-12;material;0000132796;12;;BOSTON UROLOGY;CILINDRO CXR BOMBA STANDARD 9,5/14,5MMX16CM IP ABORD;;;;;;;;;;;;;;77293.55;SIMPRO_VIG;2015-05-05;19;
SIMPRO;2026-04-12;material;0000132795;12;;BOSTON UROLOGY;CILINDRO CXR BOMBA STANDARD 9,5/14,5MMX16CM PS ABORD;;;;;;;;;;;;;;77293.55;SIMPRO_VIG;2015-05-05;19;
SIMPRO;2026-04-12;material;0000132798;12;;BOSTON UROLOGY;CILINDRO CXR BOMBA STANDARD 9,5/14,5MMX18CM IP ABORD;;;;;;;;;;;;;;77293.55;SIMPRO_VIG;2015-05-05;19;
SIMPRO;2026-04-12;material;0000132797;12;;BOSTON UROLOGY;CILINDRO CXR BOMBA STANDARD 9,5/14,5MMX18CM PS ABORD;;;;;;;;;;;;;;77293.55;SIMPRO_VIG;2015-05-05;19;
SIMPRO;2026-04-12;material;0000135833;12;;OPTIKA;CILINDRO DISTRACAO 1,5 D4 10MM MEDARTIS;;;;;;;;;;;;;;12266.28;SIMPRO_VIG;2009-03-17;19;
SIMPRO;2026-04-12;material;0000135834;12;;OPTIKA;CILINDRO DISTRACAO 1,5 D4 15MM MEDARTIS;;;;;;;;;;;;;;12266.28;SIMPRO_VIG;2009-03-17;19;
SIMPRO;2026-04-12;material;0000135835;12;;OPTIKA;CILINDRO DISTRACAO 1,5 D4 20MM MEDARTIS;;;;;;;;;;;;;;12266.28;SIMPRO_VIG;2009-03-17;19;
SIMPRO;2026-04-12;material;0000135836;12;;OPTIKA;CILINDRO DISTRACAO 2,0 D5 10MM MEDARTIS;;;;;;;;;;;;;;12266.28;SIMPRO_VIG;2009-03-17;19;
SIMPRO;2026-04-12;material;0000135837;12;;OPTIKA;CILINDRO DISTRACAO 2,0 D5 15MM MEDARTIS;;;;;;;;;;;;;;12266.28;SIMPRO_VIG;2009-03-17;19;
SIMPRO;2026-04-12;material;0000135838;12;;OPTIKA;CILINDRO DISTRACAO 2,0 D5 20MM MEDARTIS;;;;;;;;;;;;;;12266.28;SIMPRO_VIG;2009-03-17;19;
SIMPRO;2026-04-12;material;0000341516;12;;VINCULA;CILINDRO FUSAO 09,0X08,0MM TI;;;;;;;;;;;;;;3629.94;SIMPRO_VIG;2023-05-24;19;
SIMPRO;2026-04-12;material;0000341517;12;;VINCULA;CILINDRO FUSAO 09,0X10,0MM TI;;;;;;;;;;;;;;3629.94;SIMPRO_VIG;2023-05-24;19;
SIMPRO;2026-04-12;material;0000341518;12;;VINCULA;CILINDRO FUSAO 09,0X12,0MM TI;;;;;;;;;;;;;;3629.94;SIMPRO_VIG;2023-05-24;19;
SIMPRO;2026-04-12;material;0000341519;12;;VINCULA;CILINDRO FUSAO 09,0X14,0MM TI;;;;;;;;;;;;;;3629.94;SIMPRO_VIG;2023-05-24;19;
SIMPRO;2026-04-12;material;0000341520;12;;VINCULA;CILINDRO FUSAO 09,0X16,0MM TI;;;;;;;;;;;;;;3629.94;SIMPRO_VIG;2023-05-24;19;
SIMPRO;2026-04-12;material;0000341521;12;;VINCULA;CILINDRO FUSAO 09,0X18,0MM TI;;;;;;;;;;;;;;3629.94;SIMPRO_VIG;2023-05-24;19;
SIMPRO;2026-04-12;material;0000341522;12;;VINCULA;CILINDRO FUSAO 09,0X20,0MM TI;;;;;;;;;;;;;;3629.94;SIMPRO_VIG;2023-05-24;19;
SIMPRO;2026-04-12;material;0000341523;12;;VINCULA;CILINDRO FUSAO 09,0X25,0MM TI;;;;;;;;;;;;;;3629.94;SIMPRO_VIG;2023-05-24;19;
SIMPRO;2026-04-12;material;0000341524;12;;VINCULA;CILINDRO FUSAO 09,0X30,0MM TI;;;;;;;;;;;;;;3629.94;SIMPRO_VIG;2023-05-24;19;
SIMPRO;2026-04-12;material;0000341525;12;;VINCULA;CILINDRO FUSAO 11,0X08,0MM TI;;;;;;;;;;;;;;3629.94;SIMPRO_VIG;2023-05-24;19;
SIMPRO;2026-04-12;material;0000341526;12;;VINCULA;CILINDRO FUSAO 11,0X10,0MM TI;;;;;;;;;;;;;;3629.94;SIMPRO_VIG;2023-05-24;19;
SIMPRO;2026-04-12;material;0000341527;12;;VINCULA;CILINDRO FUSAO 11,0X12,0MM TI;;;;;;;;;;;;;;3629.94;SIMPRO_VIG;2023-05-24;19;
SIMPRO;2026-04-12;material;0000341528;12;;VINCULA;CILINDRO FUSAO 11,0X14,0MM TI;;;;;;;;;;;;;;3629.94;SIMPRO_VIG;2023-05-24;19;
SIMPRO;2026-04-12;material;0000341529;12;;VINCULA;CILINDRO FUSAO 11,0X16,0MM TI;;;;;;;;;;;;;;3629.94;SIMPRO_VIG;2023-05-24;19;
SIMPRO;2026-04-12;material;0000341530;12;;VINCULA;CILINDRO FUSAO 11,0X18,0MM TI;;;;;;;;;;;;;;3629.94;SIMPRO_VIG;2023-05-24;19;
SIMPRO;2026-04-12;material;0000341531;12;;VINCULA;CILINDRO FUSAO 11,0X20,0MM TI;;;;;;;;;;;;;;3629.94;SIMPRO_VIG;2023-05-24;19;
SIMPRO;2026-04-12;material;0000341532;12;;VINCULA;CILINDRO FUSAO 11,0X25,0MM TI;;;;;;;;;;;;;;3629.94;SIMPRO_VIG;2023-05-24;19;
SIMPRO;2026-04-12;material;0000341533;12;;VINCULA;CILINDRO FUSAO 11,0X30,0MM TI;;;;;;;;;;;;;;3629.94;SIMPRO_VIG;2023-05-24;19;
SIMPRO;2026-04-12;material;0000341534;12;;VINCULA;CILINDRO FUSAO 13,0X08,0MM TI;;;;;;;;;;;;;;3629.94;SIMPRO_VIG;2023-05-24;19;
SIMPRO;2026-04-12;material;0000341535;12;;VINCULA;CILINDRO FUSAO 13,0X10,0MM TI;;;;;;;;;;;;;;3629.94;SIMPRO_VIG;2023-05-24;19;
SIMPRO;2026-04-12;material;0000341536;12;;VINCULA;CILINDRO FUSAO 13,0X12,0MM TI;;;;;;;;;;;;;;3629.94;SIMPRO_VIG;2023-05-24;19;
SIMPRO;2026-04-12;material;0000341537;12;;VINCULA;CILINDRO FUSAO 13,0X14,0MM TI;;;;;;;;;;;;;;3629.94;SIMPRO_VIG;2023-05-24;19;
SIMPRO;2026-04-12;material;0000341538;12;;VINCULA;CILINDRO FUSAO 13,0X16,0MM TI;;;;;;;;;;;;;;3629.94;SIMPRO_VIG;2023-05-24;19;
SIMPRO;2026-04-12;material;0000341539;12;;VINCULA;CILINDRO FUSAO 13,0X18,0MM TI;;;;;;;;;;;;;;3629.94;SIMPRO_VIG;2023-05-24;19;
SIMPRO;2026-04-12;material;0000341540;12;;VINCULA;CILINDRO FUSAO 13,0X20,0MM TI;;;;;;;;;;;;;;3629.94;SIMPRO_VIG;2023-05-24;19;
SIMPRO;2026-04-12;material;0000341541;12;;VINCULA;CILINDRO FUSAO 13,0X25,0MM TI;;;;;;;;;;;;;;3629.94;SIMPRO_VIG;2023-05-24;19;
SIMPRO;2026-04-12;material;0000341542;12;;VINCULA;CILINDRO FUSAO 13,0X30,0MM TI;;;;;;;;;;;;;;3629.94;SIMPRO_VIG;2023-05-24;19;
SIMPRO;2026-04-12;material;0000341543;12;;VINCULA;CILINDRO FUSAO 15,0X14,0MM TI;;;;;;;;;;;;;;3629.94;SIMPRO_VIG;2023-05-24;19;
SIMPRO;2026-04-12;material;0000341544;12;;VINCULA;CILINDRO FUSAO 15,0X16,0MM TI;;;;;;;;;;;;;;3629.94;SIMPRO_VIG;2023-05-24;19;
SIMPRO;2026-04-12;material;0000341545;12;;VINCULA;CILINDRO FUSAO 15,0X18,0MM TI;;;;;;;;;;;;;;3629.94;SIMPRO_VIG;2023-05-24;19;
SIMPRO;2026-04-12;material;0000341546;12;;VINCULA;CILINDRO FUSAO 15,0X20,0MM TI;;;;;;;;;;;;;;3629.94;SIMPRO_VIG;2023-05-24;19;
SIMPRO;2026-04-12;material;0000341547;12;;VINCULA;CILINDRO FUSAO 15,0X26,0MM TI;;;;;;;;;;;;;;3629.94;SIMPRO_VIG;2023-05-24;19;
SIMPRO;2026-04-12;material;0000341548;12;;VINCULA;CILINDRO FUSAO 15,0X30,0MM TI;;;;;;;;;;;;;;3629.94;SIMPRO_VIG;2023-05-24;19;
SIMPRO;2026-04-12;material;0000341549;12;;VINCULA;CILINDRO FUSAO 15,0X82,0MM TI;;;;;;;;;;;;;;3629.94;SIMPRO_VIG;2023-05-24;19;
SIMPRO;2026-04-12;material;0000341550;12;;VINCULA;CILINDRO FUSAO 20,0X14,0MM TI;;;;;;;;;;;;;;3629.94;SIMPRO_VIG;2023-05-24;19;
SIMPRO;2026-04-12;material;0000341551;12;;VINCULA;CILINDRO FUSAO 20,0X16,0MM TI;;;;;;;;;;;;;;3629.94;SIMPRO_VIG;2023-05-24;19;
SIMPRO;2026-04-12;material;0000341552;12;;VINCULA;CILINDRO FUSAO 20,0X18,0MM TI;;;;;;;;;;;;;;3629.94;SIMPRO_VIG;2023-05-24;19;
SIMPRO;2026-04-12;material;0000341553;12;;VINCULA;CILINDRO FUSAO 20,0X20,0MM TI;;;;;;;;;;;;;;3629.94;SIMPRO_VIG;2023-05-24;19;
SIMPRO;2026-04-12;material;0000341554;12;;VINCULA;CILINDRO FUSAO 20,0X26,0MM TI;;;;;;;;;;;;;;3629.94;SIMPRO_VIG;2023-05-24;19;
SIMPRO;2026-04-12;material;0000341555;12;;VINCULA;CILINDRO FUSAO 20,0X30,0MM TI;;;;;;;;;;;;;;3629.94;SIMPRO_VIG;2023-05-24;19;
SIMPRO;2026-04-12;material;0000341556;12;;VINCULA;CILINDRO FUSAO 20,0X82,0MM TI;;;;;;;;;;;;;;3629.94;SIMPRO_VIG;2023-05-24;19;
SIMPRO;2026-04-12;material;0000341557;12;;VINCULA;CILINDRO FUSAO 25,0X14,0MM TI;;;;;;;;;;;;;;3629.94;SIMPRO_VIG;2023-05-24;19;
SIMPRO;2026-04-12;material;0000341558;12;;VINCULA;CILINDRO FUSAO 25,0X16,0MM TI;;;;;;;;;;;;;;3629.94;SIMPRO_VIG;2023-05-24;19;
SIMPRO;2026-04-12;material;0000341559;12;;VINCULA;CILINDRO FUSAO 25,0X18,0MM TI;;;;;;;;;;;;;;3629.94;SIMPRO_VIG;2023-05-24;19;
SIMPRO;2026-04-12;material;0000341560;12;;VINCULA;CILINDRO FUSAO 25,0X20,0MM TI;;;;;;;;;;;;;;3629.94;SIMPRO_VIG;2023-05-24;19;
SIMPRO;2026-04-12;material;0000341561;12;;VINCULA;CILINDRO FUSAO 25,0X26,0MM TI;;;;;;;;;;;;;;3629.94;SIMPRO_VIG;2023-05-24;19;
SIMPRO;2026-04-12;material;0000341562;12;;VINCULA;CILINDRO FUSAO 25,0X30,0MM TI;;;;;;;;;;;;;;3629.94;SIMPRO_VIG;2023-05-24;19;
SIMPRO;2026-04-12;material;0000341563;12;;VINCULA;CILINDRO FUSAO 25,0X82,0MM TI;;;;;;;;;;;;;;3629.94;SIMPRO_VIG;2023-05-24;19;
SIMPRO;2026-04-12;material;0000341564;12;;VINCULA;CILINDRO FUSAO 30,0X14,0MM TI;;;;;;;;;;;;;;3629.94;SIMPRO_VIG;2023-05-24;19;
SIMPRO;2026-04-12;material;0000341565;12;;VINCULA;CILINDRO FUSAO 30,0X16,0MM TI;;;;;;;;;;;;;;3629.94;SIMPRO_VIG;2023-05-24;19;
SIMPRO;2026-04-12;material;0000341566;12;;VINCULA;CILINDRO FUSAO 30,0X18,0MM TI;;;;;;;;;;;;;;3629.94;SIMPRO_VIG;2023-05-24;19;
SIMPRO;2026-04-12;material;0000341567;12;;VINCULA;CILINDRO FUSAO 30,0X20,0MM TI;;;;;;;;;;;;;;3629.94;SIMPRO_VIG;2023-05-24;19;
SIMPRO;2026-04-12;material;0000341568;12;;VINCULA;CILINDRO FUSAO 30,0X26,0MM TI;;;;;;;;;;;;;;3629.94;SIMPRO_VIG;2023-05-24;19;
SIMPRO;2026-04-12;material;0000341569;12;;VINCULA;CILINDRO FUSAO 30,0X30,0MM TI;;;;;;;;;;;;;;3629.94;SIMPRO_VIG;2023-05-24;19;
SIMPRO;2026-04-12;material;0000341570;12;;VINCULA;CILINDRO FUSAO 30,0X82,0MM TI;;;;;;;;;;;;;;3629.94;SIMPRO_VIG;2023-05-24;19;
SIMPRO;2026-04-12;material;0000047276;12;;ALCON;CILINDRO GAS C3F8 020G ACCURUS;;;;;;;;;;;;;;455.61;SIMPRO_VIG;2018-02-06;19;
SIMPRO;2026-04-12;material;0000177672;12;;ALCON;CILINDRO GAS C3F8 125G ACCURUS;;;;;;;;;;;;;;64.169;SIMPRO_VIG;2018-02-06;19;
SIMPRO;2026-04-12;material;0000185275;12;;ALCON;CILINDRO GAS C3F8 125G CONSTELLATION;;;;;;;;;;;;;;64.169;SIMPRO_VIG;2018-02-06;19;
SIMPRO;2026-04-12;material;0000177673;12;;ALCON;CILINDRO GAS SF6 125G ACCURUS;;;;;;;;;;;;;;5937.03;SIMPRO_VIG;2018-02-06;19;
SIMPRO;2026-04-12;material;0000185276;12;;ALCON;CILINDRO GAS SF6 125G CONSTELLATION;;;;;;;;;;;;;;47.496;SIMPRO_VIG;2018-02-06;19;
SIMPRO;2026-04-12;material;0000132815;12;;BOSTON UROLOGY;CILINDRO LGX BOMBA MS 12/18MMX12CM IP ABORD;;;;;;;;;;;;;;80000;SIMPRO_VIG;2017-05-23;19;
SIMPRO;2026-04-12;material;0000132824;12;;BOSTON UROLOGY;CILINDRO LGX BOMBA MS 12/18MMX12CM IP ABORD;;;;;;;;;;;;;;80000;SIMPRO_VIG;2017-05-23;19;
SIMPRO;2026-04-12;material;0000132825;12;;BOSTON UROLOGY;CILINDRO LGX BOMBA MS 12/18MMX15CM IP ABORD;;;;;;;;;;;;;;80000;SIMPRO_VIG;2017-05-23;19;
SIMPRO;2026-04-12;material;0000132817;12;;BOSTON UROLOGY;CILINDRO LGX BOMBA MS 12/18MMX18CM IP ABORD;;;;;;;;;;;;;;80000;SIMPRO_VIG;2017-05-23;19;
SIMPRO;2026-04-12;material;0000132826;12;;BOSTON UROLOGY;CILINDRO LGX BOMBA MS 12/18MMX18CM IP ABORD;;;;;;;;;;;;;;80000;SIMPRO_VIG;2017-05-23;19;
SIMPRO;2026-04-12;material;0000132818;12;;BOSTON UROLOGY;CILINDRO LGX BOMBA MS 12/18MMX21CM IP ABORD;;;;;;;;;;;;;;80000;SIMPRO_VIG;2017-05-23;19;
SIMPRO;2026-04-12;material;0000132827;12;;BOSTON UROLOGY;CILINDRO LGX BOMBA MS 12/18MMX21CM IP ABORD;;;;;;;;;;;;;;80000;SIMPRO_VIG;2017-05-23;19;
SIMPRO;2026-04-12;material;0000132828;12;;BOSTON UROLOGY;CILINDRO LGX BOMBA MS 12/18MMX24CM IP ABORD;;;;;;;;;;;;;;101721.47;SIMPRO_VIG;2015-05-05;19;
SIMPRO;2026-04-12;material;0000132823;12;;BOSTON UROLOGY;CILINDRO LGX BOMBA MS 12/18MMX24CM PS ABORD;;;;;;;;;;;;;;101721.47;SIMPRO_VIG;2015-05-05;19;
SIMPRO;2026-04-12;material;0000132816;12;;BOSTON UROLOGY;CILINDRO LGX BOMBA MZ 12/18MMX15CM IP ABORD;;;;;;;;;;;;;;80000;SIMPRO_VIG;2017-05-23;19;
SIMPRO;2026-04-12;material;0000170973;12;;BH LABORATORIOS;CILINDRO LIGADURA ELASTICA C/6ANEIS LATEX;;;;;;;;;;;;;;3873;SIMPRO_VIG;2018-09-25;19;
SIMPRO;2026-04-12;material;0000268983;12;;E.TAMUSSINO;CILINDRO RECONSTRUCAO MAMILO BIODESIGN SURGISIS;;;;;;;;;;;;;;6720;SIMPRO_VIG;2016-03-22;19;
SIMPRO;2026-04-12;material;0000279932;12;;WEM;CILINDRO VAZIO P/GAS ARGONIO TP.G CAPACIDADE 1M3;;;;;;;;;;;;;;15712.71;SIMPRO_VIG;2016-11-29;19;
SIMPRO;2026-04-12;material;0000244392;12;;GLOBALTEK;CILINDRO/DUCHA DIPHOTERINE 5LT;;;;;;;;;;;;;;47820.87;SIMPRO_VIG;2025-08-26;19;
SIMPRO;2026-04-12;material;0000355608;12;;GLOBALTEK;CILINDRO/DUCHA DIPHOTERINE EXCHANGE 5LT;;;;;;;;;;;;;;5530.976;SIMPRO_VIG;2025-08-26;19;
SIMPRO;2026-04-12;material;0000244401;12;;GLOBALTEK;CILINDRO/DUCHA HEXAFLUORINE 5LT;;;;;;;;;;;;;;67377.07;SIMPRO_VIG;2025-08-26;19;
SIMPRO;2026-04-12;material;0000355609;12;;GLOBALTEK;CILINDRO/DUCHA HEXAFLUORINE EXCHANGE 5LT;;;;;;;;;;;;;;7502.622;SIMPRO_VIG;2025-08-26;19;
SIMPRO;2026-04-12;material;0000340468;12;;VINCULA;CIMENTO ACRILICO RADIOPACO C/ATB P/FIXACAO OSSEA TP.G;;;;;;;;;;;;;;763.22;SIMPRO_VIG;2023-05-24;19;
SIMPRO;2026-04-12;material;0000340470;12;;VINCULA;CIMENTO ACRILICO RADIOPACO C/ATB P/FIXACAO OSSEA TP.GUN G;;;;;;;;;;;;;;763.22;SIMPRO_VIG;2023-05-24;19;
SIMPRO;2026-04-12;material;0000340469;12;;VINCULA;CIMENTO ACRILICO RADIOPACO P/FIXACAO OSSEA TP.GUN;;;;;;;;;;;;;;658.8;SIMPRO_VIG;2023-05-24;19;
SIMPRO;2026-04-12;material;0000340467;12;;VINCULA;CIMENTO ACRILICO RADIOPACO P/FIXACAO OSSEA TP.RO;;;;;;;;;;;;;;658.8;SIMPRO_VIG;2023-05-24;19;
SIMPRO;2026-04-12;material;0000287253;12;;ORTOCIR;CIMENTO AMINOFIX 1 C/ANTIBIOTICO VISC.PADRAO;;;;;;;;;;;;;;670;SIMPRO_VIG;2018-01-16;19;
SIMPRO;2026-04-12;material;0000287255;12;;ORTOCIR;CIMENTO AMINOFIX 3 C/ANTIBIOTICO VISC.BAIXA;;;;;;;;;;;;;;670;SIMPRO_VIG;2018-01-16;19;
SIMPRO;2026-04-12;material;0000276010;12;;PROMEDON;CIMENTO CIRURGICO ESTERIL P/CRANIOPLASTIA SUBITON;;;;;;;;;;;;;;6587.9;SIMPRO_VIG;2016-08-30;19;
SIMPRO;2026-04-12;material;0000354715;12;;CIMTECH;CIMENTO CIRURGICO ORTOPEDICO C-MAXX 40G;;;;;;;;;;;;;;1100;SIMPRO_VIG;2024-08-29;19;
SIMPRO;2026-04-12;material;0000354716;12;;CIMTECH;CIMENTO CIRURGICO ORTOPEDICO C/ANTIBIOTICO GT-MAXX 40G;;;;;;;;;;;;;;5000;SIMPRO_VIG;2024-08-29;19;
SIMPRO;2026-04-12;material;0000291443;12;;CIMTECH;CIMENTO CIRURGICO P/COLUNA VERT-MAXX 30G;;;;;;;;;;;;;;12000;SIMPRO_VIG;2024-08-29;19;
SIMPRO;2026-04-12;material;0000291442;12;;CIMTECH;CIMENTO CIRURGICO P/CRANIO CRAN-MAXX 40G;;;;;;;;;;;;;;15000;SIMPRO_VIG;2024-08-29;19;
SIMPRO;2026-04-12;material;0000294568;12;;JLMC MEDICAL GROUP;CIMENTO CIRURGICO P/CRANIOPLASTIA SUBITON;;;;;;;;;;;;;;8640;SIMPRO_VIG;2018-01-03;19;
SIMPRO;2026-04-12;material;0000294567;12;;JLMC MEDICAL GROUP;CIMENTO CIRURGICO P/VERTEBROPLASTIA 12,5G VTP SUBITON;;;;;;;;;;;;;;7532;SIMPRO_VIG;2018-01-03;19;
SIMPRO;2026-04-12;material;0000287258;12;;ORTOCIR;CIMENTO FIX 1 VISC.PADRAO;;;;;;;;;;;;;;490;SIMPRO_VIG;2018-01-16;19;
SIMPRO;2026-04-12;material;0000287259;12;;ORTOCIR;CIMENTO FIX 3 VISC.BAIXA;;;;;;;;;;;;;;490;SIMPRO_VIG;2018-01-16;19;
SIMPRO;2026-04-12;material;0000048033;12;;BAUMER;CIMENTO ORTOPEDICO;;;;;;;;;;;;;;98;SIMPRO_VIG;2009-08-31;19;
SIMPRO;2026-04-12;material;0000088085;12;;PMD;CIMENTO ORTOPEDICO 40GRS;;;;;;;;;;;;;;4377;SIMPRO_VIG;2008-10-10;19;
SIMPRO;2026-04-12;material;0000053612;12;;CIRURGICA BRASIL;CIMENTO ORTOPEDICO 40GRS M/MBC;;;;;;;;;;;;;;150;SIMPRO_VIG;2011-02-25;19;
SIMPRO;2026-04-12;material;0000118311;12;;VORTEX MEDICAL;CIMENTO ORTOPEDICO P/RECONSTITUICAO KP-PAR-003-TA;;;;;;;;;;;;;;6170.3;SIMPRO_VIG;2011-06-30;19;
SIMPRO;2026-04-12;material;0000138833;12;;FUSAO;CIMENTO ORTOPEDICO POLYBONE BLOCO 4X12X14 KYUNHWON;;;;;;;;;;;;;;8064;SIMPRO_VIG;2009-06-25;19;
SIMPRO;2026-04-12;material;0000138834;12;;FUSAO;CIMENTO ORTOPEDICO POLYBONE BLOCO 5X12X16 KYUNHWON;;;;;;;;;;;;;;8064;SIMPRO_VIG;2009-06-25;19;
SIMPRO;2026-04-12;material;0000138835;12;;FUSAO;CIMENTO ORTOPEDICO POLYBONE BLOCO 6X12X14 KYUNHWON;;;;;;;;;;;;;;8064;SIMPRO_VIG;2009-06-25;19;
SIMPRO;2026-04-12;material;0000138836;12;;FUSAO;CIMENTO ORTOPEDICO POLYBONE BLOCO 7X12X16 KYUNHWON;;;;;;;;;;;;;;8064;SIMPRO_VIG;2009-06-25;19;
SIMPRO;2026-04-12;material;0000138830;12;;FUSAO;CIMENTO ORTOPEDICO POLYBONE ORIGINAL 10G 4ML KYUNHWON;;;;;;;;;;;;;;17356.8;SIMPRO_VIG;2009-06-25;19;
SIMPRO;2026-04-12;material;0000138831;12;;FUSAO;CIMENTO ORTOPEDICO POLYBONE ORIGINAL 20G 8ML KYUNHWON;;;;;;;;;;;;;;32624.64;SIMPRO_VIG;2009-06-25;19;
SIMPRO;2026-04-12;material;0000138832;12;;FUSAO;CIMENTO ORTOPEDICO POLYBONE ORIGINAL 40G 16ML KYUNHWON;;;;;;;;;;;;;;61716.48;SIMPRO_VIG;2009-06-25;19;
SIMPRO;2026-04-12;material;0000138829;12;;FUSAO;CIMENTO ORTOPEDICO POLYBONE ORIGINAL 5G 12ML KYUNHWON;;;;;;;;;;;;;;9062.4;SIMPRO_VIG;2009-06-25;19;
SIMPRO;2026-04-12;material;0000132858;12;;PCE;CIMENTO ORTOPEDICO-ESPACADOR K;;;;;;;;;;;;;;5294.12;SIMPRO_VIG;2026-03-31;19;
SIMPRO;2026-04-12;material;0000132859;12;;PCE;CIMENTO ORTOPEDICO-ESPACADOR K;;;;;;;;;;;;;;5294.12;SIMPRO_VIG;2026-03-31;19;
SIMPRO;2026-04-12;material;0000132860;12;;PCE;CIMENTO ORTOPEDICO-ESPACADOR K;;;;;;;;;;;;;;5294.12;SIMPRO_VIG;2026-03-31;19;
SIMPRO;2026-04-12;material;0000111462;12;;PCE;CIMENTO OSSEO;;;;;;;;;;;;;;341.18;SIMPRO_VIG;2026-03-31;19;
SIMPRO;2026-04-12;material;0000111463;12;;PCE;CIMENTO OSSEO;;;;;;;;;;;;;;341.18;SIMPRO_VIG;2026-03-31;19;
SIMPRO;2026-04-12;material;0000111464;12;;PCE;CIMENTO OSSEO;;;;;;;;;;;;;;341.18;SIMPRO_VIG;2026-03-31;19;
SIMPRO;2026-04-12;material;0000129513;12;;ASHER-SILB;CIMENTO OSSEO CRANIO FIX-IMPLANTS INTERNATIONAL;;;;;;;;;;;;;;7500;SIMPRO_VIG;2010-04-01;19;
SIMPRO;2026-04-12;material;0000127409;12;;STRYKER NEURO;CIMENTO OSSEO ORTOPEDICO SIMPLEX 40GRS 61910000;;;;;;;;;;;;;;368.36;SIMPRO_VIG;2010-01-22;19;
SIMPRO;2026-04-12;material;0000127414;12;;STRYKER NEURO;CIMENTO OSSEO ORTOPEDICO SIMPLEX C/ERIT.COLIST.40GRS 61969010;;;;;;;;;;;;;;990.84;SIMPRO_VIG;2010-01-22;19;
SIMPRO;2026-04-12;material;0000127417;12;;STRYKER NEURO;CIMENTO OSSEO ORTOPEDICO SIMPLEX C/TOBRAMIC.40G 61971010;;;;;;;;;;;;;;1823.48;SIMPRO_VIG;2010-01-22;19;
SIMPRO;2026-04-12;material;0000282141;12;;MACOM;CIMENTO OSSEO P/CONSOLIDACAO VERTEBRAL V-FIX 20G;;;;;;;;;;;;;;8100;SIMPRO_VIG;2017-02-14;19;
SIMPRO;2026-04-12;material;0000282142;12;;MACOM;CIMENTO OSSEO P/CONSOLIDACAO VERTEBRAL V-FIX DH 02X10G;;;;;;;;;;;;;;8300;SIMPRO_VIG;2017-02-14;19;
SIMPRO;2026-04-12;material;0000256987;12;;DABASONS;CIMENTO OSSEO SPINEFIX(AVULSO);;;;;;;;;;;;;;10400;SIMPRO_VIG;2015-04-30;19;
SIMPRO;2026-04-12;material;0000111465;12;;PCE;CIMENTO OSSEO SYSTEM GUN;;;;;;;;;;;;;;764.71;SIMPRO_VIG;2026-03-31;19;
SIMPRO;2026-04-12;material;0000088084;12;;PMD;CIMENTO P/CRANIOPLASTIA;;;;;;;;;;;;;;7533.6;SIMPRO_VIG;2008-10-10;19;
SIMPRO;2026-04-12;material;0000340471;12;;VINCULA;CIMENTO P/VERTEBROPLASTIA SUBITON;;;;;;;;;;;;;;3261.97;SIMPRO_VIG;2023-05-24;19;
SIMPRO;2026-04-12;material;0000125721;12;;STRYKER NEURO;CIMENTO SPINEPLEX 1/2 DOSE 406222000;;;;;;;;;;;;;;653.14;SIMPRO_VIG;2010-01-22;19;
SIMPRO;2026-04-12;material;0000149044;12;;PROMEDON;CIMENTO VERTEBROPLASTIA 12,5GRS VTP SUBITON;;;;;;;;;;;;;;10411.49;SIMPRO_VIG;2021-03-30;19;
SIMPRO;2026-04-12;material;0000102733;12;;PROMEDON;CIMENTO VERTEBROPLASTIA 25GRS VTP SUBITON;;;;;;;;;;;;;;17491.31;SIMPRO_VIG;2021-03-30;19;
SIMPRO;2026-04-12;material;0000141716;12;;DILEPE;CINTA ABDOMINAL;;;;;;;;;;;;;;31;SIMPRO_VIG;2010-07-26;19;
SIMPRO;2026-04-12;material;0000355568;12;;SALVAPE;CINTA ABDOMINAL;;;;;;;;;;;;;;87.8;SIMPRO_VIG;2025-04-02;19;
SIMPRO;2026-04-12;material;0000076670;12;;ORTOCENTER;CINTA ABDOMINAL P/OBESO POS CIRURGICA GG;;;;;;;;;;;;;;124;SIMPRO_VIG;2011-01-19;19;
SIMPRO;2026-04-12;material;0000076669;12;;ORTOCENTER;CINTA ABDOMINAL P/OBESO POS CIRURGICA GRD;;;;;;;;;;;;;;124;SIMPRO_VIG;2011-01-19;19;
SIMPRO;2026-04-12;material;0000076668;12;;ORTOCENTER;CINTA ABDOMINAL P/OBESO POS CIRURGICA MED.;;;;;;;;;;;;;;124;SIMPRO_VIG;2011-01-19;19;
SIMPRO;2026-04-12;material;0000076667;12;;ORTOCENTER;CINTA ABDOMINAL P/OBESO POS CIRURGICA PEQ.;;;;;;;;;;;;;;124;SIMPRO_VIG;2011-01-19;19;
SIMPRO;2026-04-12;material;0006350622;12;;SALVAPE;CINTA ABDOMINAL POS-CIRURGIA ESTREITA 23CM GRD.;;;;;;;;;;;;;;258.5;SIMPRO_VIG;2023-11-30;19;
SIMPRO;2026-04-12;material;0006350621;12;;SALVAPE;CINTA ABDOMINAL POS-CIRURGIA ESTREITA 23CM MED.;;;;;;;;;;;;;;258.5;SIMPRO_VIG;2023-11-30;19;
SIMPRO;2026-04-12;material;0006350620;12;;SALVAPE;CINTA ABDOMINAL POS-CIRURGIA ESTREITA 23CM PEQ.;;;;;;;;;;;;;;258.5;SIMPRO_VIG;2023-11-30;19;
SIMPRO;2026-04-12;material;0006350625;12;;SALVAPE;CINTA ABDOMINAL POS-CIRURGIA LARGA 34CM GRD.;;;;;;;;;;;;;;368;SIMPRO_VIG;2023-11-30;19;
SIMPRO;2026-04-12;material;0006350624;12;;SALVAPE;CINTA ABDOMINAL POS-CIRURGIA LARGA 34CM MED.;;;;;;;;;;;;;;368;SIMPRO_VIG;2023-11-30;19;
SIMPRO;2026-04-12;material;0006350623;12;;SALVAPE;CINTA ABDOMINAL POS-CIRURGIA LARGA 34CM PEQ.;;;;;;;;;;;;;;368;SIMPRO_VIG;2023-11-30;19;
SIMPRO;2026-04-12;material;0000240359;12;;SALVAPE;CINTA ABDOMINAL PRAKSIS TAM.UNICO;;;;;;;;;;;;;;76.7;SIMPRO_VIG;2023-11-30;19;
SIMPRO;2026-04-12;material;0000064239;12;;SALVAPE;CINTA ABDOMINAL PROTECTOR TAM.UNICO;;;;;;;;;;;;;;58.7;SIMPRO_VIG;2016-03-09;19;
SIMPRO;2026-04-12;material;0000062454;12;;SALVAPE;CINTA ABDOMINAL TAM.UNICO 164-00LS;;;;;;;;;;;;;;46.55;SIMPRO_VIG;2014-06-06;19;
SIMPRO;2026-04-12;material;0000268850;12;;ESSITY SOLUCOES;CINTA ACTIMOVE ABDOMINAL II CURTO TAM.G;;;;;;;;;;;;;;333.75;SIMPRO_VIG;2016-05-10;19;
SIMPRO;2026-04-12;material;0000268849;12;;ESSITY SOLUCOES;CINTA ACTIMOVE ABDOMINAL II CURTO TAM.M;;;;;;;;;;;;;;333.75;SIMPRO_VIG;2016-05-10;19;
SIMPRO;2026-04-12;material;0000268848;12;;ESSITY SOLUCOES;CINTA ACTIMOVE ABDOMINAL II CURTO TAM.P;;;;;;;;;;;;;;333.75;SIMPRO_VIG;2016-05-10;19;
SIMPRO;2026-04-12;material;0000268853;12;;ESSITY SOLUCOES;CINTA ACTIMOVE ABDOMINAL II LONGO TAM.G;;;;;;;;;;;;;;371.25;SIMPRO_VIG;2016-05-10;19;
SIMPRO;2026-04-12;material;0000268852;12;;ESSITY SOLUCOES;CINTA ACTIMOVE ABDOMINAL II LONGO TAM.M;;;;;;;;;;;;;;333.75;SIMPRO_VIG;2016-05-10;19;
SIMPRO;2026-04-12;material;0000268851;12;;ESSITY SOLUCOES;CINTA ACTIMOVE ABDOMINAL II LONGO TAM.P;;;;;;;;;;;;;;333.75;SIMPRO_VIG;2016-05-10;19;
SIMPRO;2026-04-12;material;0000268856;12;;ESSITY SOLUCOES;CINTA ACTIMOVE LOMBACARE TAM.G;;;;;;;;;;;;;;521.25;SIMPRO_VIG;2016-05-10;19;
SIMPRO;2026-04-12;material;0000268855;12;;ESSITY SOLUCOES;CINTA ACTIMOVE LOMBACARE TAM.M;;;;;;;;;;;;;;521.25;SIMPRO_VIG;2016-05-10;19;
SIMPRO;2026-04-12;material;0000268854;12;;ESSITY SOLUCOES;CINTA ACTIMOVE LOMBACARE TAM.P;;;;;;;;;;;;;;521.25;SIMPRO_VIG;2016-05-10;19;
SIMPRO;2026-04-12;material;0000268857;12;;ESSITY SOLUCOES;CINTA ACTIMOVE LOMBACARE TAM.XG;;;;;;;;;;;;;;521.25;SIMPRO_VIG;2016-05-10;19;
SIMPRO;2026-04-12;material;0000268858;12;;ESSITY SOLUCOES;CINTA ACTIMOVE LOMBACARE TAM.XXG;;;;;;;;;;;;;;521.25;SIMPRO_VIG;2016-05-10;19;
SIMPRO;2026-04-12;material;0000322660;12;;GE ACESSORIOS;CINTA AZUL P/TRANSDUTTOR TIPO BOTAO 10UNID.REUT.;;;;;;;;;;;;;;35.328;SIMPRO_VIG;2021-12-02;19;
SIMPRO;2026-04-12;material;0000050501;12;;DILEPE;CINTA C/APOIO METATARSIANO (PAR);;;;;;;;;;;;;;23;SIMPRO_VIG;2009-10-22;19;
SIMPRO;2026-04-12;material;0006350411;12;;SALVAPE;CINTA C/APOIO METATARSIANO C/PILOTO ESPUMA GRD.;;;;;;;;;;;;;;178;SIMPRO_VIG;2025-04-02;19;
SIMPRO;2026-04-12;material;0000004158;12;;SALVAPE;CINTA C/APOIO METATARSIANO C/PILOTO ESPUMA MED.;;;;;;;;;;;;;;178;SIMPRO_VIG;2025-04-02;19;
SIMPRO;2026-04-12;material;0006350410;12;;SALVAPE;CINTA C/APOIO METATARSIANO C/PILOTO ESPUMA PEQ.;;;;;;;;;;;;;;178;SIMPRO_VIG;2025-04-02;19;
SIMPRO;2026-04-12;material;0006350413;12;;SALVAPE;CINTA C/APOIO METATARSIANO C/PILOTO SILICONE GRD.;;;;;;;;;;;;;;232.5;SIMPRO_VIG;2025-04-02;19;
SIMPRO;2026-04-12;material;0000004159;12;;SALVAPE;CINTA C/APOIO METATARSIANO C/PILOTO SILICONE MED.;;;;;;;;;;;;;;232.5;SIMPRO_VIG;2025-04-02;19;
SIMPRO;2026-04-12;material;0006350412;12;;SALVAPE;CINTA C/APOIO METATARSIANO C/PILOTO SILICONE PEQ.;;;;;;;;;;;;;;232.5;SIMPRO_VIG;2025-04-02;19;
SIMPRO;2026-04-12;material;0000048689;12;;ORTOCENTER;CINTA C/APOIO METATARSIANO GRD.;;;;;;;;;;;;;;26;SIMPRO_VIG;2011-01-19;19;
SIMPRO;2026-04-12;material;0000048688;12;;ORTOCENTER;CINTA C/APOIO METATARSIANO MED.;;;;;;;;;;;;;;26;SIMPRO_VIG;2011-01-19;19;
SIMPRO;2026-04-12;material;0000050500;12;;DILEPE;CINTA C/APOIO METATARSIANO MED.(PAR) DL050;;;;;;;;;;;;;;0;SIMPRO_VIG;2009-09-11;19;
SIMPRO;2026-04-12;material;0000048687;12;;ORTOCENTER;CINTA C/APOIO METATARSIANO PEQ.;;;;;;;;;;;;;;26;SIMPRO_VIG;2011-01-19;19;
SIMPRO;2026-04-12;material;0000050499;12;;DILEPE;CINTA C/APOIO METATARSIANO PEQ.(PAR) DL050;;;;;;;;;;;;;;0;SIMPRO_VIG;2009-09-11;19;
SIMPRO;2026-04-12;material;0000304147;12;;GADALI;CINTA CINTURA OCTACARE XS,S,M,L,XL;;;;;;;;;;;;;;175;SIMPRO_VIG;2018-12-05;19;
SIMPRO;2026-04-12;material;0000141717;12;;DILEPE;CINTA COLETE C/BARBATANA;;;;;;;;;;;;;;19;SIMPRO_VIG;2009-10-22;19;
SIMPRO;2026-04-12;material;0000360453;12;;SALVAPE;CINTA COLETE C/BARBATANA LARGA;;;;;;;;;;;;;;194.38;SIMPRO_VIG;2025-05-02;19;
SIMPRO;2026-04-12;material;0000240358;12;;SALVAPE;CINTA COLETE C/BARBATANA PRAKSIS TAM.UNICO;;;;;;;;;;;;;;141.7;SIMPRO_VIG;2023-11-30;19;
SIMPRO;2026-04-12;material;0000064238;12;;SALVAPE;CINTA COLETE C/BARBATANA PROTECTOR TAM.UNICO;;;;;;;;;;;;;;97.1;SIMPRO_VIG;2016-03-09;19;
SIMPRO;2026-04-12;material;0000352641;12;;SALVAPE;CINTA COLETE C/BARBATANA SALVAPE PRAKSIS;;;;;;;;;;;;;;162.2;SIMPRO_VIG;2025-04-02;19;
SIMPRO;2026-04-12;material;0000355610;12;;SALVAPE;CINTA COLETE C/BARBATANA SALVAPE PRAKSIS;;;;;;;;;;;;;;162.2;SIMPRO_VIG;2025-04-02;19;
SIMPRO;2026-04-12;material;0000062453;12;;SALVAPE;CINTA COLETE C/BARBATANA TAM.UNICO 120-00LS;;;;;;;;;;;;;;90.85;SIMPRO_VIG;2014-06-06;19;
SIMPRO;2026-04-12;material;0000048443;12;;ORTOCENTER;CINTA COLETE ELASTICA C/BARBATANA DURALUMINIO GG;;;;;;;;;;;;;;93;SIMPRO_VIG;2011-01-19;19;
SIMPRO;2026-04-12;material;0006350052;12;;SALVAPE;CINTA COLETE ELASTICA C/BARBATANA DURALUMINIO GG;;;;;;;;;;;;;;364.8;SIMPRO_VIG;2023-11-30;19;
SIMPRO;2026-04-12;material;0000048442;12;;ORTOCENTER;CINTA COLETE ELASTICA C/BARBATANA DURALUMINIO GRD.;;;;;;;;;;;;;;93;SIMPRO_VIG;2011-01-19;19;
SIMPRO;2026-04-12;material;0006350051;12;;SALVAPE;CINTA COLETE ELASTICA C/BARBATANA DURALUMINIO GRD.;;;;;;;;;;;;;;364.8;SIMPRO_VIG;2023-11-30;19;
SIMPRO;2026-04-12;material;0000048441;12;;ORTOCENTER;CINTA COLETE ELASTICA C/BARBATANA DURALUMINIO MED.;;;;;;;;;;;;;;93;SIMPRO_VIG;2011-01-19;19;
SIMPRO;2026-04-12;material;0006350050;12;;SALVAPE;CINTA COLETE ELASTICA C/BARBATANA DURALUMINIO MED.;;;;;;;;;;;;;;364.8;SIMPRO_VIG;2023-11-30;19;
SIMPRO;2026-04-12;material;0000048440;12;;ORTOCENTER;CINTA COLETE ELASTICA C/BARBATANA DURALUMINIO PEQ.;;;;;;;;;;;;;;93;SIMPRO_VIG;2011-01-19;19;
SIMPRO;2026-04-12;material;0006350049;12;;SALVAPE;CINTA COLETE ELASTICA C/BARBATANA DURALUMINIO PEQ.;;;;;;;;;;;;;;364.8;SIMPRO_VIG;2023-11-30;19;
SIMPRO;2026-04-12;material;0000048439;12;;ORTOCENTER;CINTA COLETE ELASTICA C/BARBATANA FLEXIVEL GG;;;;;;;;;;;;;;85.5;SIMPRO_VIG;2011-01-19;19;
SIMPRO;2026-04-12;material;0006350056;12;;SALVAPE;CINTA COLETE ELASTICA C/BARBATANA FLEXIVEL GG;;;;;;;;;;;;;;414.5;SIMPRO_VIG;2023-11-30;19;
SIMPRO;2026-04-12;material;0000048438;12;;ORTOCENTER;CINTA COLETE ELASTICA C/BARBATANA FLEXIVEL GRD.;;;;;;;;;;;;;;85.5;SIMPRO_VIG;2011-01-19;19;
SIMPRO;2026-04-12;material;0006350055;12;;SALVAPE;CINTA COLETE ELASTICA C/BARBATANA FLEXIVEL GRD.;;;;;;;;;;;;;;414.5;SIMPRO_VIG;2023-11-30;19;
SIMPRO;2026-04-12;material;0000048437;12;;ORTOCENTER;CINTA COLETE ELASTICA C/BARBATANA FLEXIVEL MED.;;;;;;;;;;;;;;85.5;SIMPRO_VIG;2011-01-19;19;
SIMPRO;2026-04-12;material;0006350054;12;;SALVAPE;CINTA COLETE ELASTICA C/BARBATANA FLEXIVEL MED.;;;;;;;;;;;;;;414.5;SIMPRO_VIG;2023-11-30;19;
SIMPRO;2026-04-12;material;0000048436;12;;ORTOCENTER;CINTA COLETE ELASTICA C/BARBATANA FLEXIVEL PEQ.;;;;;;;;;;;;;;85.5;SIMPRO_VIG;2011-01-19;19;
SIMPRO;2026-04-12;material;0006350053;12;;SALVAPE;CINTA COLETE ELASTICA C/BARBATANA FLEXIVEL PEQ.;;;;;;;;;;;;;;414.5;SIMPRO_VIG;2023-11-30;19;
SIMPRO;2026-04-12;material;0000064266;12;;SALVAPE;CINTA COLETE LITE ELASTICO C/BARBATANA DURALUMINIO GG;;;;;;;;;;;;;;366.6;SIMPRO_VIG;2023-11-30;19;
SIMPRO;2026-04-12;material;0000064265;12;;SALVAPE;CINTA COLETE LITE ELASTICO C/BARBATANA DURALUMINIO GRD.;;;;;;;;;;;;;;366.6;SIMPRO_VIG;2023-11-30;19;
SIMPRO;2026-04-12;material;0000064264;12;;SALVAPE;CINTA COLETE LITE ELASTICO C/BARBATANA DURALUMINIO MED.;;;;;;;;;;;;;;366.6;SIMPRO_VIG;2023-11-30;19;
SIMPRO;2026-04-12;material;0000043238;12;;SALVAPE;CINTA COLETE LITE ELASTICO C/BARBATANA DURALUMINIO PEQ.;;;;;;;;;;;;;;366.6;SIMPRO_VIG;2023-11-30;19;
SIMPRO;2026-04-12;material;0000064269;12;;SALVAPE;CINTA COLETE LITE ELASTICO C/BARBATANA FLEXIVEL GG;;;;;;;;;;;;;;391.3;SIMPRO_VIG;2023-11-30;19;
SIMPRO;2026-04-12;material;0000064268;12;;SALVAPE;CINTA COLETE LITE ELASTICO C/BARBATANA FLEXIVEL GRD.;;;;;;;;;;;;;;391.3;SIMPRO_VIG;2023-11-30;19;
SIMPRO;2026-04-12;material;0000064267;12;;SALVAPE;CINTA COLETE LITE ELASTICO C/BARBATANA FLEXIVEL MED.;;;;;;;;;;;;;;391.3;SIMPRO_VIG;2023-11-30;19;
SIMPRO;2026-04-12;material;0000043239;12;;SALVAPE;CINTA COLETE LITE ELASTICO C/BARBATANA FLEXIVEL PEQ.;;;;;;;;;;;;;;391.3;SIMPRO_VIG;2023-11-30;19;
SIMPRO;2026-04-12;material;0000346991;12;;SALVAPE;CINTA COLETE ORTOPEDICO ELAST.C/BARBATANA FLEXIVEIS GG;;;;;;;;;;;;;;290.43;SIMPRO_VIG;2025-04-02;19;
SIMPRO;2026-04-12;material;0000346990;12;;SALVAPE;CINTA COLETE ORTOPEDICO ELAST.C/BARBATANA FLEXIVEIS GRD.;;;;;;;;;;;;;;290.43;SIMPRO_VIG;2025-04-02;19;
SIMPRO;2026-04-12;material;0000346989;12;;SALVAPE;CINTA COLETE ORTOPEDICO ELAST.C/BARBATANA FLEXIVEIS MED.;;;;;;;;;;;;;;290.43;SIMPRO_VIG;2023-09-20;19;
SIMPRO;2026-04-12;material;0000346988;12;;SALVAPE;CINTA COLETE ORTOPEDICO ELAST.C/BARBATANA FLEXIVEIS PEQ.;;;;;;;;;;;;;;290.43;SIMPRO_VIG;2023-09-20;19;
SIMPRO;2026-04-12;material;0000334259;12;;LONGEVITECH;CINTA CONTENCAO ABDOMINAL HOSPITALAR;;;;;;;;;;;;;;262.35;SIMPRO_VIG;2023-05-25;19;
SIMPRO;2026-04-12;material;0000048526;12;;ORTOCENTER;CINTA DUPLA P/TENNIS ELBOW GRD.;;;;;;;;;;;;;;38;SIMPRO_VIG;2004-11-16;19;
SIMPRO;2026-04-12;material;0000048525;12;;ORTOCENTER;CINTA DUPLA P/TENNIS ELBOW PEQ.;;;;;;;;;;;;;;38;SIMPRO_VIG;2004-11-16;19;
SIMPRO;2026-04-12;material;0000050504;12;;DILEPE;CINTA ELASTICA ABDOMINAL;;;;;;;;;;;;;;48;SIMPRO_VIG;2009-10-22;19;
SIMPRO;2026-04-12;material;0000352661;12;;SALVAPE;CINTA ELASTICA ABDOMINAL GG;;;;;;;;;;;;;;281.2;SIMPRO_VIG;2025-04-02;19;
SIMPRO;2026-04-12;material;0000355615;12;;SALVAPE;CINTA ELASTICA ABDOMINAL GG;;;;;;;;;;;;;;203.84;SIMPRO_VIG;2024-10-08;19;
SIMPRO;2026-04-12;material;0006350104;12;;SALVAPE;CINTA ELASTICA ABDOMINAL GG;;;;;;;;;;;;;;245.6;SIMPRO_VIG;2023-11-30;19;
SIMPRO;2026-04-12;material;0000050505;12;;DILEPE;CINTA ELASTICA ABDOMINAL GG DL080;;;;;;;;;;;;;;0;SIMPRO_VIG;2009-09-11;19;
SIMPRO;2026-04-12;material;0006350103;12;;SALVAPE;CINTA ELASTICA ABDOMINAL GRD;;;;;;;;;;;;;;245.6;SIMPRO_VIG;2023-11-30;19;
SIMPRO;2026-04-12;material;0000352660;12;;SALVAPE;CINTA ELASTICA ABDOMINAL GRD.;;;;;;;;;;;;;;281.2;SIMPRO_VIG;2025-04-02;19;
SIMPRO;2026-04-12;material;0000355614;12;;SALVAPE;CINTA ELASTICA ABDOMINAL GRD.;;;;;;;;;;;;;;203.84;SIMPRO_VIG;2024-10-08;19;
SIMPRO;2026-04-12;material;0000064127;12;;SALVAPE;CINTA ELASTICA ABDOMINAL LITE GG;;;;;;;;;;;;;;255.8;SIMPRO_VIG;2023-11-30;19;
SIMPRO;2026-04-12;material;0000064126;12;;SALVAPE;CINTA ELASTICA ABDOMINAL LITE GRD.;;;;;;;;;;;;;;255.8;SIMPRO_VIG;2023-11-30;19;
SIMPRO;2026-04-12;material;0000064125;12;;SALVAPE;CINTA ELASTICA ABDOMINAL LITE MED.;;;;;;;;;;;;;;255.8;SIMPRO_VIG;2023-11-30;19;
SIMPRO;2026-04-12;material;0000062443;12;;SALVAPE;CINTA ELASTICA ABDOMINAL LITE PEQ.;;;;;;;;;;;;;;255.8;SIMPRO_VIG;2023-11-30;19;
SIMPRO;2026-04-12;material;0000352659;12;;SALVAPE;CINTA ELASTICA ABDOMINAL MED.;;;;;;;;;;;;;;281.2;SIMPRO_VIG;2025-04-02;19;
SIMPRO;2026-04-12;material;0000355613;12;;SALVAPE;CINTA ELASTICA ABDOMINAL MED.;;;;;;;;;;;;;;203.84;SIMPRO_VIG;2024-10-08;19;
SIMPRO;2026-04-12;material;0006350102;12;;SALVAPE;CINTA ELASTICA ABDOMINAL MED.;;;;;;;;;;;;;;245.6;SIMPRO_VIG;2023-11-30;19;
SIMPRO;2026-04-12;material;0000050503;12;;DILEPE;CINTA ELASTICA ABDOMINAL MED.DL080;;;;;;;;;;;;;;0;SIMPRO_VIG;2009-09-11;19;
SIMPRO;2026-04-12;material;0000352658;12;;SALVAPE;CINTA ELASTICA ABDOMINAL PEQ.;;;;;;;;;;;;;;281.2;SIMPRO_VIG;2025-04-02;19;
SIMPRO;2026-04-12;material;0000355612;12;;SALVAPE;CINTA ELASTICA ABDOMINAL PEQ.;;;;;;;;;;;;;;203.84;SIMPRO_VIG;2024-10-08;19;
SIMPRO;2026-04-12;material;0006350101;12;;SALVAPE;CINTA ELASTICA ABDOMINAL PEQ.;;;;;;;;;;;;;;245.6;SIMPRO_VIG;2023-11-30;19;
SIMPRO;2026-04-12;material;0000050502;12;;DILEPE;CINTA ELASTICA ABDOMINAL PEQ.DL080;;;;;;;;;;;;;;0;SIMPRO_VIG;2009-09-11;19;
SIMPRO;2026-04-12;material;0000050513;12;;DILEPE;CINTA ELASTICA C/BARBATANA DURALUMINIO;;;;;;;;;;;;;;63;SIMPRO_VIG;2009-10-22;19;
SIMPRO;2026-04-12;material;0000050512;12;;DILEPE;CINTA ELASTICA C/BARBATANA DURALUMINIO GRD.DL090;;;;;;;;;;;;;;0;SIMPRO_VIG;2009-09-11;19;
SIMPRO;2026-04-12;material;0000050511;12;;DILEPE;CINTA ELASTICA C/BARBATANA DURALUMINIO MED.DL090;;;;;;;;;;;;;;0;SIMPRO_VIG;2009-09-11;19;
SIMPRO;2026-04-12;material;0000050510;12;;DILEPE;CINTA ELASTICA C/BARBATANA DURALUMINIO PEQ.DL090;;;;;;;;;;;;;;0;SIMPRO_VIG;2009-09-11;19;
SIMPRO;2026-04-12;material;0000050509;12;;DILEPE;CINTA ELASTICA C/BARBATANA FLEXIVEL;;;;;;;;;;;;;;59;SIMPRO_VIG;2009-10-22;19;
SIMPRO;2026-04-12;material;0000050508;12;;DILEPE;CINTA ELASTICA C/BARBATANA FLEXIVEL GRD.DL085;;;;;;;;;;;;;;0;SIMPRO_VIG;2009-09-11;19;
SIMPRO;2026-04-12;material;0000050507;12;;DILEPE;CINTA ELASTICA C/BARBATANA FLEXIVEL MED.DL085;;;;;;;;;;;;;;0;SIMPRO_VIG;2009-09-11;19;
SIMPRO;2026-04-12;material;0000050506;12;;DILEPE;CINTA ELASTICA C/BARBATANA FLEXIVEL PEQ.DL085;;;;;;;;;;;;;;0;SIMPRO_VIG;2009-09-11;19;
SIMPRO;2026-04-12;material;0000279946;12;;WEM;CINTA ELASTICA FIXACAO TRANSDUTORES UC/DOP P/BT300/BT330/BT350;;;;;;;;;;;;;;458.93;SIMPRO_VIG;2016-11-29;19;
SIMPRO;2026-04-12;material;0000050517;12;;DILEPE;CINTA ELASTICA LOMBAR;;;;;;;;;;;;;;51;SIMPRO_VIG;2009-10-22;19;
SIMPRO;2026-04-12;material;0006350100;12;;SALVAPE;CINTA ELASTICA LOMBAR GG;;;;;;;;;;;;;;293.9;SIMPRO_VIG;2023-11-30;19;
SIMPRO;2026-04-12;material;0000050516;12;;DILEPE;CINTA ELASTICA LOMBAR GRD.;;;;;;;;;;;;;;29.43;SIMPRO_VIG;2026-03-31;19;
SIMPRO;2026-04-12;material;0006350099;12;;SALVAPE;CINTA ELASTICA LOMBAR GRD.;;;;;;;;;;;;;;293.9;SIMPRO_VIG;2023-11-30;19;
SIMPRO;2026-04-12;material;0000064124;12;;SALVAPE;CINTA ELASTICA LOMBAR LITE GG;;;;;;;;;;;;;;280.1;SIMPRO_VIG;2023-11-30;19;
SIMPRO;2026-04-12;material;0000064123;12;;SALVAPE;CINTA ELASTICA LOMBAR LITE GRD.;;;;;;;;;;;;;;280.1;SIMPRO_VIG;2023-11-30;19;
SIMPRO;2026-04-12;material;0000064122;12;;SALVAPE;CINTA ELASTICA LOMBAR LITE MED.;;;;;;;;;;;;;;280.1;SIMPRO_VIG;2023-11-30;19;
SIMPRO;2026-04-12;material;0000043241;12;;SALVAPE;CINTA ELASTICA LOMBAR LITE PEQ.;;;;;;;;;;;;;;280.1;SIMPRO_VIG;2023-11-30;19;
SIMPRO;2026-04-12;material;0000050515;12;;DILEPE;CINTA ELASTICA LOMBAR MED.;;;;;;;;;;;;;;29.43;SIMPRO_VIG;2026-03-31;19;
SIMPRO;2026-04-12;material;0006350098;12;;SALVAPE;CINTA ELASTICA LOMBAR MED.;;;;;;;;;;;;;;293.9;SIMPRO_VIG;2023-11-30;19;
SIMPRO;2026-04-12;material;0000050514;12;;DILEPE;CINTA ELASTICA LOMBAR PEQ.;;;;;;;;;;;;;;29.43;SIMPRO_VIG;2026-03-31;19;
SIMPRO;2026-04-12;material;0006350097;12;;SALVAPE;CINTA ELASTICA LOMBAR PEQ.;;;;;;;;;;;;;;293.9;SIMPRO_VIG;2023-11-30;19;
SIMPRO;2026-04-12;material;0000107076;12;;DILEPE;CINTA ELASTICA NR.2;;;;;;;;;;;;;;0;SIMPRO_VIG;2009-09-11;19;
SIMPRO;2026-04-12;material;0000107077;12;;DILEPE;CINTA ELASTICA NR.3;;;;;;;;;;;;;;0;SIMPRO_VIG;2009-09-11;19;
SIMPRO;2026-04-12;material;0000131923;12;;CHANTAL;CINTA ELASTICA P/GESTANTE OPPO2262;;;;;;;;;;;;;;75;SIMPRO_VIG;2010-09-02;19;
SIMPRO;2026-04-12;material;0000050523;12;;DILEPE;CINTA ELASTICA P/TRACAO HALLUX VALGO;;;;;;;;;;;;;;27;SIMPRO_VIG;2009-10-22;19;
SIMPRO;2026-04-12;material;0006350403;12;;SALVAPE;CINTA ELASTICA P/TRACAO HALLUX VALGO GRD.(PAR);;;;;;;;;;;;;;185.8;SIMPRO_VIG;2025-04-02;19;
SIMPRO;2026-04-12;material;0006350402;12;;SALVAPE;CINTA ELASTICA P/TRACAO HALLUX VALGO MED.(PAR);;;;;;;;;;;;;;185.8;SIMPRO_VIG;2025-04-02;19;
SIMPRO;2026-04-12;material;0000050522;12;;DILEPE;CINTA ELASTICA P/TRACAO HALLUX VALGO MED.DL130;;;;;;;;;;;;;;0;SIMPRO_VIG;2009-09-11;19;
SIMPRO;2026-04-12;material;0006350401;12;;SALVAPE;CINTA ELASTICA P/TRACAO HALLUX VALGO PEQ.(PAR);;;;;;;;;;;;;;185.8;SIMPRO_VIG;2025-04-02;19;
SIMPRO;2026-04-12;material;0000050521;12;;DILEPE;CINTA ELASTICA P/TRACAO HALLUX VALGO PEQ.DL130;;;;;;;;;;;;;;0;SIMPRO_VIG;2009-09-11;19;
SIMPRO;2026-04-12;material;0000048935;12;;ORTOCENTER;CINTA ELASTICA P/TRACAO HALLUX VALGUS GRD.;;;;;;;;;;;;;;34;SIMPRO_VIG;2004-11-16;19;
SIMPRO;2026-04-12;material;0000048934;12;;ORTOCENTER;CINTA ELASTICA P/TRACAO HALLUX VALGUS MED.;;;;;;;;;;;;;;34;SIMPRO_VIG;2004-11-16;19;
SIMPRO;2026-04-12;material;0000048933;12;;ORTOCENTER;CINTA ELASTICA P/TRACAO HALLUX VALGUS PEQ.;;;;;;;;;;;;;;34;SIMPRO_VIG;2004-11-16;19;
SIMPRO;2026-04-12;material;0000335135;12;;BIOPAR BIOSSEGURANCA;CINTA ELASTICA REGULADORA ABDOMINAL;;;;;;;;;;;;;;48;SIMPRO_VIG;2022-09-20;19;
SIMPRO;2026-04-12;material;0000336486;12;;TIMPEL;CINTA ELETRODOS DESC. NR.1 PERIMETRO 23,5/25,9CM P/ENLIGHT 5UNID.;;;;;;;;;;;;;;990;SIMPRO_VIG;2022-12-07;19;
SIMPRO;2026-04-12;material;0000336487;12;;TIMPEL;CINTA ELETRODOS DESC. NR.2 PERIMETRO 26,0/28,4CM P/ENLIGHT 5UNID.;;;;;;;;;;;;;;990;SIMPRO_VIG;2022-12-07;19;
SIMPRO;2026-04-12;material;0000336488;12;;TIMPEL;CINTA ELETRODOS DESC. NR.3 PERIMETRO 28,5/30,9CM P/ENLIGHT 5UNID.;;;;;;;;;;;;;;990;SIMPRO_VIG;2022-12-07;19;
SIMPRO;2026-04-12;material;0000336489;12;;TIMPEL;CINTA ELETRODOS DESC. NR.4 PERIMETRO 31,0/33,9CM P/ENLIGHT 5UNID.;;;;;;;;;;;;;;990;SIMPRO_VIG;2022-12-07;19;
SIMPRO;2026-04-12;material;0000336490;12;;TIMPEL;CINTA ELETRODOS DESC. NR.5 PERIMETRO 34,0/37,4CM P/ENLIGHT 5UNID.;;;;;;;;;;;;;;990;SIMPRO_VIG;2022-12-07;19;
SIMPRO;2026-04-12;material;0000336485;12;;TIMPEL;CINTA ELETRODOS DESC.NR.0 PERIMETRO 21,5/23,4CM P/ENLIGHT 5UNID.;;;;;;;;;;;;;;990;SIMPRO_VIG;2022-12-07;19;
SIMPRO;2026-04-12;material;0000258511;12;;TIMPEL;CINTA ENLIGHT TAM.GG.;;;;;;;;;;;;;;64764;SIMPRO_VIG;2017-06-27;19;
SIMPRO;2026-04-12;material;0000258510;12;;TIMPEL;CINTA ENLIGHT TAM.GRD.;;;;;;;;;;;;;;64764;SIMPRO_VIG;2017-06-27;19;
SIMPRO;2026-04-12;material;0000286471;12;;TIMPEL;CINTA ENLIGHT TAM.GRD.DIR.;;;;;;;;;;;;;;32382;SIMPRO_VIG;2017-06-27;19;
SIMPRO;2026-04-12;material;0000286473;12;;TIMPEL;CINTA ENLIGHT TAM.GRD.DIR.;;;;;;;;;;;;;;32382;SIMPRO_VIG;2017-06-27;19;
SIMPRO;2026-04-12;material;0000286470;12;;TIMPEL;CINTA ENLIGHT TAM.GRD.ESQ.;;;;;;;;;;;;;;32382;SIMPRO_VIG;2017-06-27;19;
SIMPRO;2026-04-12;material;0000286472;12;;TIMPEL;CINTA ENLIGHT TAM.GRD.ESQ.;;;;;;;;;;;;;;32382;SIMPRO_VIG;2017-06-27;19;
SIMPRO;2026-04-12;material;0000258509;12;;TIMPEL;CINTA ENLIGHT TAM.MED.;;;;;;;;;;;;;;64764;SIMPRO_VIG;2017-06-27;19;
SIMPRO;2026-04-12;material;0000286475;12;;TIMPEL;CINTA ENLIGHT TAM.MED.DIR.;;;;;;;;;;;;;;32382;SIMPRO_VIG;2017-06-27;19;
SIMPRO;2026-04-12;material;0000286474;12;;TIMPEL;CINTA ENLIGHT TAM.MED.ESQ.;;;;;;;;;;;;;;32382;SIMPRO_VIG;2017-06-27;19;
SIMPRO;2026-04-12;material;0000258508;12;;TIMPEL;CINTA ENLIGHT TAM.PEQ.;;;;;;;;;;;;;;64764;SIMPRO_VIG;2017-06-27;19;
SIMPRO;2026-04-12;material;0000286477;12;;TIMPEL;CINTA ENLIGHT TAM.PEQ.DIR.;;;;;;;;;;;;;;32382;SIMPRO_VIG;2017-06-27;19;
SIMPRO;2026-04-12;material;0000286476;12;;TIMPEL;CINTA ENLIGHT TAM.PEQ.ESQ.;;;;;;;;;;;;;;32382;SIMPRO_VIG;2017-06-27;19;
SIMPRO;2026-04-12;material;0000258507;12;;TIMPEL;CINTA ENLIGHT TAM.PP.;;;;;;;;;;;;;;64764;SIMPRO_VIG;2017-06-27;19;
SIMPRO;2026-04-12;material;0000286479;12;;TIMPEL;CINTA ENLIGHT TAM.PP.DIR.;;;;;;;;;;;;;;32382;SIMPRO_VIG;2017-06-27;19;
SIMPRO;2026-04-12;material;0000286478;12;;TIMPEL;CINTA ENLIGHT TAM.PP.ESQ.;;;;;;;;;;;;;;32382;SIMPRO_VIG;2017-06-27;19;
SIMPRO;2026-04-12;material;0000286480;12;;TIMPEL;CINTA ENLIGHT TAM.PPP.;;;;;;;;;;;;;;64764;SIMPRO_VIG;2017-06-27;19;
SIMPRO;2026-04-12;material;0000286482;12;;TIMPEL;CINTA ENLIGHT TAM.PPP.DIR.;;;;;;;;;;;;;;32382;SIMPRO_VIG;2017-06-27;19;
SIMPRO;2026-04-12;material;0000286481;12;;TIMPEL;CINTA ENLIGHT TAM.PPP.ESQ.;;;;;;;;;;;;;;32382;SIMPRO_VIG;2017-06-27;19;
SIMPRO;2026-04-12;material;0000253744;12;;LUMIAR;CINTA ESFORCO APNEALINK REUT.;;;;;;;;;;;;;;15000;SIMPRO_VIG;2015-02-20;19;
SIMPRO;2026-04-12;material;0000328352;12;;SANOVIE;CINTA ESTABILIZADORA MAXILAR GGG CHINSTRAP 20UNID.(EMB.INDIV.);;;;;;;;;;;;;;303.1;SIMPRO_VIG;2021-12-14;19;
SIMPRO;2026-04-12;material;0000328350;12;;SANOVIE;CINTA ESTABILIZADORA MAXILAR GRD.CHINSTRAP 20UNID.(EMB.INDIV.);;;;;;;;;;;;;;208.264;SIMPRO_VIG;2021-12-14;19;
SIMPRO;2026-04-12;material;0000328349;12;;SANOVIE;CINTA ESTABILIZADORA MAXILAR PEQ.CHINSTRAP 20UNID.(EMB.INDIV.);;;;;;;;;;;;;;208.264;SIMPRO_VIG;2021-12-14;19;
SIMPRO;2026-04-12;material;0000328351;12;;SANOVIE;CINTA ESTABILIZADORA MAXILAR XG CHINSTRAP 20UNID.(EMB.INDIV.);;;;;;;;;;;;;;303.1;SIMPRO_VIG;2021-12-14;19;
SIMPRO;2026-04-12;material;0000328348;12;;SANOVIE;CINTA ESTABILIZADORA MAXILAR XP CHINSTRAP 20UNID.(EMB.INDIV.);;;;;;;;;;;;;;208.264;SIMPRO_VIG;2021-12-14;19;
SIMPRO;2026-04-12;material;0000328347;12;;SANOVIE;CINTA ESTABILIZADORA MAXILAR XPP CHINSTRAP 10UNID.(EMB.INDIV.);;;;;;;;;;;;;;416.528;SIMPRO_VIG;2021-12-14;19;
SIMPRO;2026-04-12;material;0000328353;12;;SANOVIE;CINTA ESTABILIZADORA MAXILAR XXG CHINSTRAP 20UNID.(EMB.INDIV.);;;;;;;;;;;;;;303.1;SIMPRO_VIG;2021-12-14;19;
SIMPRO;2026-04-12;material;0000335747;12;;ALL SOLUTIONS;CINTA IMOBILIZADORA PELVICA ORTOPEDICA SAM SLING II;;;;;;;;;;;;;;1500;SIMPRO_VIG;2022-10-18;19;
SIMPRO;2026-04-12;material;0000335748;12;;ALL SOLUTIONS;CINTA IMOBILIZADORA PELVICA ORTOPEDICA SAM SLING II;;;;;;;;;;;;;;1500;SIMPRO_VIG;2022-10-18;19;
SIMPRO;2026-04-12;material;0000335749;12;;ALL SOLUTIONS;CINTA IMOBILIZADORA PELVICA ORTOPEDICA SAM SLING II;;;;;;;;;;;;;;1500;SIMPRO_VIG;2022-10-18;19;
SIMPRO;2026-04-12;material;0000304148;12;;GADALI;CINTA JOELHO OCTACARE XS,S,M,L,XL;;;;;;;;;;;;;;140;SIMPRO_VIG;2018-12-05;19;
SIMPRO;2026-04-12;material;0000130983;12;;ORTOCENTER;CINTA LOMBAR C/SUSPENSORIO LONA PRETA GG;;;;;;;;;;;;;;62;SIMPRO_VIG;2011-01-19;19;
SIMPRO;2026-04-12;material;0000130982;12;;ORTOCENTER;CINTA LOMBAR C/SUSPENSORIO LONA PRETA GRD.;;;;;;;;;;;;;;62;SIMPRO_VIG;2011-01-19;19;
SIMPRO;2026-04-12;material;0000130981;12;;ORTOCENTER;CINTA LOMBAR C/SUSPENSORIO LONA PRETA MED.;;;;;;;;;;;;;;62;SIMPRO_VIG;2011-01-19;19;
SIMPRO;2026-04-12;material;0000130980;12;;ORTOCENTER;CINTA LOMBAR C/SUSPENSORIO LONA PRETA PEQ.;;;;;;;;;;;;;;62;SIMPRO_VIG;2011-01-19;19;
SIMPRO;2026-04-12;material;0000048434;12;;ORTOCENTER;CINTA LOMBAR C/SUSPENSORIO SEG.TRAB.GRD.PRETA;;;;;;;;;;;;;;72;SIMPRO_VIG;2011-01-19;19;
SIMPRO;2026-04-12;material;0000048433;12;;ORTOCENTER;CINTA LOMBAR C/SUSPENSORIO SEG.TRAB.MED.PRETA;;;;;;;;;;;;;;72;SIMPRO_VIG;2011-01-19;19;
SIMPRO;2026-04-12;material;0000048432;12;;ORTOCENTER;CINTA LOMBAR C/SUSPENSORIO SEG.TRAB.PEQ.PRETA;;;;;;;;;;;;;;72;SIMPRO_VIG;2011-01-19;19;
SIMPRO;2026-04-12;material;0000048435;12;;ORTOCENTER;CINTA LOMBAR C/SUSPENSORIO SEG.TRAB.PRETA GG;;;;;;;;;;;;;;72;SIMPRO_VIG;2011-01-19;19;
SIMPRO;2026-04-12;material;0000119758;12;;MED ZEN;CINTA LOMBAR MOD.440 AIRTRAC;;;;;;;;;;;;;;1200;SIMPRO_VIG;2007-08-09;19;
SIMPRO;2026-04-12;material;0000048855;12;;ORTOCENTER;CINTA LOMBAR NEOPRENE BARBATANA DURALUMINIO GRD.;;;;;;;;;;;;;;78;SIMPRO_VIG;2011-01-19;19;
SIMPRO;2026-04-12;material;0000048854;12;;ORTOCENTER;CINTA LOMBAR NEOPRENE BARBATANA DURALUMINIO MED.;;;;;;;;;;;;;;78;SIMPRO_VIG;2011-01-19;19;
SIMPRO;2026-04-12;material;0000048853;12;;ORTOCENTER;CINTA LOMBAR NEOPRENE BARBATANA DURALUMINIO PEQ.;;;;;;;;;;;;;;78;SIMPRO_VIG;2011-01-19;19;
SIMPRO;2026-04-12;material;0000243355;12;;SHIMPAX;CINTA LOMBAR TAM.G;;;;;;;;;;;;;;117;SIMPRO_VIG;2014-02-04;19;
SIMPRO;2026-04-12;material;0000243356;12;;SHIMPAX;CINTA LOMBAR TAM.GG;;;;;;;;;;;;;;117;SIMPRO_VIG;2014-02-04;19;
SIMPRO;2026-04-12;material;0000243354;12;;SHIMPAX;CINTA LOMBAR TAM.M;;;;;;;;;;;;;;117;SIMPRO_VIG;2014-02-04;19;
SIMPRO;2026-04-12;material;0000243353;12;;SHIMPAX;CINTA LOMBAR TAM.P;;;;;;;;;;;;;;117;SIMPRO_VIG;2014-02-04;19;
SIMPRO;2026-04-12;material;0000120504;12;;CHANTAL;CINTA MODELADORA BEGE C408;;;;;;;;;;;;;;30.76;SIMPRO_VIG;2008-08-29;19;
SIMPRO;2026-04-12;material;0000279879;12;;MEDI BRASIL;CINTA ORTOPEDICA LUMBAMED BASIC FEMININO CINZA TAM.I;;;;;;;;;;;;;;1064;SIMPRO_VIG;2016-11-23;19;
SIMPRO;2026-04-12;material;0000279880;12;;MEDI BRASIL;CINTA ORTOPEDICA LUMBAMED BASIC FEMININO CINZA TAM.II;;;;;;;;;;;;;;1064;SIMPRO_VIG;2016-11-23;19;
SIMPRO;2026-04-12;material;0000279881;12;;MEDI BRASIL;CINTA ORTOPEDICA LUMBAMED BASIC FEMININO CINZA TAM.III;;;;;;;;;;;;;;1064;SIMPRO_VIG;2016-11-23;19;
SIMPRO;2026-04-12;material;0000279882;12;;MEDI BRASIL;CINTA ORTOPEDICA LUMBAMED BASIC FEMININO CINZA TAM.IV;;;;;;;;;;;;;;1064;SIMPRO_VIG;2016-11-23;19;
SIMPRO;2026-04-12;material;0000279883;12;;MEDI BRASIL;CINTA ORTOPEDICA LUMBAMED BASIC FEMININO CINZA TAM.V;;;;;;;;;;;;;;1064;SIMPRO_VIG;2016-11-23;19;
SIMPRO;2026-04-12;material;0000279874;12;;MEDI BRASIL;CINTA ORTOPEDICA LUMBAMED BASIC MASCULINO CINZA TAM.I;;;;;;;;;;;;;;1064;SIMPRO_VIG;2016-11-23;19;
SIMPRO;2026-04-12;material;0000279875;12;;MEDI BRASIL;CINTA ORTOPEDICA LUMBAMED BASIC MASCULINO CINZA TAM.II;;;;;;;;;;;;;;1064;SIMPRO_VIG;2016-11-23;19;
SIMPRO;2026-04-12;material;0000279876;12;;MEDI BRASIL;CINTA ORTOPEDICA LUMBAMED BASIC MASCULINO CINZA TAM.III;;;;;;;;;;;;;;1064;SIMPRO_VIG;2016-11-23;19;
SIMPRO;2026-04-12;material;0000279877;12;;MEDI BRASIL;CINTA ORTOPEDICA LUMBAMED BASIC MASCULINO CINZA TAM.IV;;;;;;;;;;;;;;1064;SIMPRO_VIG;2016-11-23;19;
SIMPRO;2026-04-12;material;0000279878;12;;MEDI BRASIL;CINTA ORTOPEDICA LUMBAMED BASIC MASCULINO CINZA TAM.V;;;;;;;;;;;;;;1064;SIMPRO_VIG;2016-11-23;19;
SIMPRO;2026-04-12;material;0000050520;12;;DILEPE;CINTA ORTOPEDICA P/GESTANTE GRD.DL121;;;;;;;;;;;;;;0;SIMPRO_VIG;2009-09-11;19;
SIMPRO;2026-04-12;material;0000050519;12;;DILEPE;CINTA ORTOPEDICA P/GESTANTE MED.DL121;;;;;;;;;;;;;;0;SIMPRO_VIG;2009-09-11;19;
SIMPRO;2026-04-12;material;0000351777;12;;SIGVARIS;CINTA P/CONTROLE EDEMA;;;;;;;;;;;;;;679.58;SIMPRO_VIG;2025-05-16;19;
SIMPRO;2026-04-12;material;0000351778;12;;SIGVARIS;CINTA P/CONTROLE EDEMA;;;;;;;;;;;;;;679.58;SIMPRO_VIG;2025-05-16;19;
SIMPRO;2026-04-12;material;0000280744;12;;GETINGE;CINTA P/ELEVADOR PACIENTE MOVEL CLIP SARA 300 PLUS;;;;;;;;;;;;;;537.02;SIMPRO_VIG;2016-12-27;19;
SIMPRO;2026-04-12;material;0000280745;12;;GETINGE;CINTA P/ELEVADOR PACIENTE MOVEL LOOP SARA PLUS;;;;;;;;;;;;;;503.68;SIMPRO_VIG;2016-12-27;19;
SIMPRO;2026-04-12;material;0000076672;12;;ORTOCENTER;CINTA P/GESTANTE C/REFORCO LOMBAR TAM.UNICO;;;;;;;;;;;;;;58.7;SIMPRO_VIG;2011-01-19;19;
SIMPRO;2026-04-12;material;0000131862;12;;CHANTAL;CINTA P/GESTANTE CH162;;;;;;;;;;;;;;26.55;SIMPRO_VIG;2008-08-29;19;
SIMPRO;2026-04-12;material;0000048482;12;;ORTOCENTER;CINTA P/GESTANTE TAM.UNICO;;;;;;;;;;;;;;50.95;SIMPRO_VIG;2011-01-19;19;
SIMPRO;2026-04-12;material;0000050518;12;;DILEPE;CINTA P/GESTANTE TAM.UNICO DL120;;;;;;;;;;;;;;0;SIMPRO_VIG;2009-09-11;19;
SIMPRO;2026-04-12;material;0000048465;12;;ORTOCENTER;CINTA P/HERNIA UMBILICAL INF.GRD.;;;;;;;;;;;;;;15.7;SIMPRO_VIG;2004-11-16;19;
SIMPRO;2026-04-12;material;0006350123;12;;SALVAPE;CINTA P/HERNIA UMBILICAL INF.GRD.;;;;;;;;;;;;;;70.7;SIMPRO_VIG;2023-11-30;19;
SIMPRO;2026-04-12;material;0000048464;12;;ORTOCENTER;CINTA P/HERNIA UMBILICAL INF.MED.;;;;;;;;;;;;;;15.7;SIMPRO_VIG;2004-11-16;19;
SIMPRO;2026-04-12;material;0006350122;12;;SALVAPE;CINTA P/HERNIA UMBILICAL INF.MED.;;;;;;;;;;;;;;70.7;SIMPRO_VIG;2023-11-30;19;
SIMPRO;2026-04-12;material;0000048463;12;;ORTOCENTER;CINTA P/HERNIA UMBILICAL INF.PEQ.;;;;;;;;;;;;;;15.7;SIMPRO_VIG;2004-11-16;19;
SIMPRO;2026-04-12;material;0006350121;12;;SALVAPE;CINTA P/HERNIA UMBILICAL INF.PEQ.;;;;;;;;;;;;;;70.7;SIMPRO_VIG;2023-11-30;19;
SIMPRO;2026-04-12;material;0000048524;12;;ORTOCENTER;CINTA P/TENNIS ELBOW GRD.;;;;;;;;;;;;;;17.2;SIMPRO_VIG;2011-01-19;19;
SIMPRO;2026-04-12;material;0000050525;12;;DILEPE;CINTA P/TENNIS ELBOW GRD.;;;;;;;;;;;;;;9.05;SIMPRO_VIG;2026-03-31;19;
SIMPRO;2026-04-12;material;0000050731;12;;DILEPE;CINTA P/TENNIS ELBOW NEOPRENE;;;;;;;;;;;;;;14.5;SIMPRO_VIG;2009-10-22;19;
SIMPRO;2026-04-12;material;0000050730;12;;DILEPE;CINTA P/TENNIS ELBOW NEOPRENE MED.;;;;;;;;;;;;;;9.45;SIMPRO_VIG;2026-03-31;19;
SIMPRO;2026-04-12;material;0000048523;12;;ORTOCENTER;CINTA P/TENNIS ELBOW PEQ.;;;;;;;;;;;;;;17.2;SIMPRO_VIG;2011-01-19;19;
SIMPRO;2026-04-12;material;0000050524;12;;DILEPE;CINTA P/TENNIS ELBOW PEQ.;;;;;;;;;;;;;;8.1;SIMPRO_VIG;2026-03-31;19;
SIMPRO;2026-04-12;material;0000048866;12;;ORTOCENTER;CINTA P/TERAPIA FRIA C/BOLSA TAM.UNICO;;;;;;;;;;;;;;93;SIMPRO_VIG;2011-01-19;19;
SIMPRO;2026-04-12;material;0000091088;12;;ORTOCENTER;CINTA P/TERAPIA QUENTE C/BOLSA TAM.UNICO;;;;;;;;;;;;;;93;SIMPRO_VIG;2011-01-19;19;
SIMPRO;2026-04-12;material;0000048867;12;;ORTOCENTER;CINTA P/TERAPIA S/BOLSA TAM.UNICO;;;;;;;;;;;;;;54;SIMPRO_VIG;2011-01-19;19;
SIMPRO;2026-04-12;material;0000132495;12;;MED.VIEW;CINTA PELVICA ORTOPEDICA SAM SLIG;;;;;;;;;;;;;;83.333;SIMPRO_VIG;2010-03-05;19;
SIMPRO;2026-04-12;material;0000132492;12;;ALL SOLUTIONS;CINTA PELVICA ORTOPEDICA SAM SLING;;;;;;;;;;;;;;850;SIMPRO_VIG;2014-09-23;19;
SIMPRO;2026-04-12;material;0000322950;12;;GE ACESSORIOS;CINTA SEGURANCA EBIKE EL REUT.;;;;;;;;;;;;;;4742.67;SIMPRO_VIG;2021-05-04;19;
SIMPRO;2026-04-12;material;0000131887;12;;CHANTAL;CINTA TENIS ELBOW;;;;;;;;;;;;;;33;SIMPRO_VIG;2013-12-17;19;
SIMPRO;2026-04-12;material;0000131863;12;;CHANTAL;CINTA TENIS ELBOW AJUSTAVEL CH141;;;;;;;;;;;;;;10.52;SIMPRO_VIG;2008-08-29;19;
SIMPRO;2026-04-12;material;0006350159;12;;SALVAPE;CINTA TENNIS ELBOW GRD.;;;;;;;;;;;;;;71.9;SIMPRO_VIG;2025-04-02;19;
SIMPRO;2026-04-12;material;0006350158;12;;SALVAPE;CINTA TENNIS ELBOW PEQ.;;;;;;;;;;;;;;71.9;SIMPRO_VIG;2025-04-02;19;
SIMPRO;2026-04-12;material;0000038727;12;;SALVAPE;CINTA TENNIS ELBOW TAM.UNICO;;;;;;;;;;;;;;97.2;SIMPRO_VIG;2025-04-02;19;
SIMPRO;2026-04-12;material;0000261971;12;;SANTE MEDICAL;CINTO AJUSTAVEL P/OSTOMIA OSTOMY BELT COMP.100CM;;;;;;;;;;;;;;162.75;SIMPRO_VIG;2016-12-08;19;
SIMPRO;2026-04-12;material;0000261972;12;;SANTE MEDICAL;CINTO AJUSTAVEL P/OSTOMIA OSTOMY BELT COMP.122CM;;;;;;;;;;;;;;162.75;SIMPRO_VIG;2016-12-08;19;
SIMPRO;2026-04-12;material;0000328922;12;;ABADE & CAPELLI;CINTO ARANHA TAM.ADU.;;;;;;;;;;;;;;420;SIMPRO_VIG;2022-01-14;19;
SIMPRO;2026-04-12;material;328922;12;;ABADE & CAPELLI;CINTO ARANHA TAM.ADU.;;;;;;;;;;;;;;420;SIMPRO_VIG;2022-01-14;19;
SIMPRO;2026-04-12;material;0000328923;12;;ABADE & CAPELLI;CINTO ARANHA TAM.INF.;;;;;;;;;;;;;;420;SIMPRO_VIG;2022-01-14;19;
SIMPRO;2026-04-12;material;328923;12;;ABADE & CAPELLI;CINTO ARANHA TAM.INF.;;;;;;;;;;;;;;420;SIMPRO_VIG;2022-01-14;19;
SIMPRO;2026-04-12;material;0000259622;12;;B.BRAUN;CINTO B.BRAUN STOMA CARE BELT;;;;;;;;;;;;;;151.8;SIMPRO_VIG;2015-07-14;19;
SIMPRO;2026-04-12;material;0000260076;12;;CASEX;CINTO ELASTICO AJUSTAVEL P/BOLSA OSTOMIA 37X66CM TAM.PEQ.04UNID.;;;;;;;;;;;;;;159.5;SIMPRO_VIG;2015-08-11;19;
SIMPRO;2026-04-12;material;0000260098;12;;CASEX;CINTO ELASTICO AJUSTAVEL P/BOLSA OSTOMIA 59X110CM TAM.MED.04UNID.;;;;;;;;;;;;;;159.5;SIMPRO_VIG;2015-08-11;19;
SIMPRO;2026-04-12;material;0000260099;12;;CASEX;CINTO ELASTICO AJUSTAVEL P/BOLSA OSTOMIA 66X125CM TAM.GRD.04UNID.;;;;;;;;;;;;;;159.5;SIMPRO_VIG;2015-08-11;19;
SIMPRO;2026-04-12;material;0000243940;12;;COLOPLAST OSTOMY;CINTO ELASTICO P/BOLSA ESTOMIA BRAVA 1000MM STANDARD;;;;;;;;;;;;;;118.99;SIMPRO_VIG;2022-10-11;19;
SIMPRO;2026-04-12;material;0000243941;12;;COLOPLAST OSTOMY;CINTO ELASTICO P/BOLSA ESTOMIA BRAVA 1350MM XGG.;;;;;;;;;;;;;;118.99;SIMPRO_VIG;2022-10-11;19;
SIMPRO;2026-04-12;material;0000325655;12;;COLOPLAST OSTOMY;CINTO ELASTICO P/BOLSA ESTOMIA SENSURA MIO 1000MM STANDARD;;;;;;;;;;;;;;118.99;SIMPRO_VIG;2022-10-11;19;
SIMPRO;2026-04-12;material;0000325656;12;;COLOPLAST OSTOMY;CINTO ELASTICO P/BOLSA ESTOMIA SENSURA MIO XXG 1550MM STANDARD;;;;;;;;;;;;;;118.99;SIMPRO_VIG;2022-10-11;19;
SIMPRO;2026-04-12;material;0000304775;12;;CONCEITOS MEDICAL;CINTO ELETRODOS ECG PRECORDIAIS MD ADU. C/6 ADAPT. P/PINO BANANA REUT.;;;;;;;;;;;;;;20612.5;SIMPRO_VIG;2020-09-08;19;
SIMPRO;2026-04-12;material;0000130989;12;;ORTOCENTER;CINTO MOD.ARANHA;;;;;;;;;;;;;;150;SIMPRO_VIG;2008-07-31;19;
SIMPRO;2026-04-12;material;0000049007;12;;ORTOCENTER;CINTO MOD.CURTO 2,60M 2UNID;;;;;;;;;;;;;;18.5;SIMPRO_VIG;2004-11-16;19;
SIMPRO;2026-04-12;material;0000049008;12;;ORTOCENTER;CINTO MOD.LONGO 1,60M ENGAT.RAP.POLIAM.TAM.UNICO 3UNID;;;;;;;;;;;;;;41.667;SIMPRO_VIG;2004-11-16;19;
SIMPRO;2026-04-12;material;0000049009;12;;ORTOCENTER;CINTO MOD.LONGO 1,90M 3UNID;;;;;;;;;;;;;;19;SIMPRO_VIG;2004-11-16;19;
SIMPRO;2026-04-12;material;0000161657;12;;CASEX;CINTO P/BOLSA DE OSTOMIA C/GRADUACAO 37-66CM;;;;;;;;;;;;;;62;SIMPRO_VIG;2011-11-08;19;
SIMPRO;2026-04-12;material;0000161658;12;;CASEX;CINTO P/BOLSA DE OSTOMIA C/GRADUACAO 59-110CM;;;;;;;;;;;;;;62;SIMPRO_VIG;2011-11-08;19;
SIMPRO;2026-04-12;material;0000161659;12;;CASEX;CINTO P/BOLSA DE OSTOMIA C/GRADUACAO 66-125CM;;;;;;;;;;;;;;62;SIMPRO_VIG;2011-11-08;19;
SIMPRO;2026-04-12;material;0000163906;12;;HOLLISTER;CINTO P/BOLSA ESTOMIA ADAPT PED.;;;;;;;;;;;;;;178.69;SIMPRO_VIG;2022-02-09;19;
SIMPRO;2026-04-12;material;0000104809;12;;HOLLISTER;CINTO P/BOLSA ESTOMIA ADAPT TAM.GRD.86-165CM;;;;;;;;;;;;;;340.4;SIMPRO_VIG;2026-02-03;19;
SIMPRO;2026-04-12;material;0000104808;12;;HOLLISTER;CINTO P/BOLSA ESTOMIA ADAPT TAM.MED.58-109CM;;;;;;;;;;;;;;327.31;SIMPRO_VIG;2026-02-03;19;
SIMPRO;2026-04-12;material;0000357582;12;;E-INNOVATIO;CINTO P/BOLSA ESTOMIA C/VELCRO 120CM WELLAND;;;;;;;;;;;;;;221.65;SIMPRO_VIG;2024-12-03;19;
SIMPRO;2026-04-12;material;0000357583;12;;E-INNOVATIO;CINTO P/BOLSA ESTOMIA C/VELCRO 145CM WELLAND;;;;;;;;;;;;;;250.25;SIMPRO_VIG;2024-12-03;19;
SIMPRO;2026-04-12;material;0000283596;12;;CONVATEC;CINTO P/BOLSA OSTOMIA ADU.1197894;;;;;;;;;;;;;;202.28;SIMPRO_VIG;2021-05-04;19;
SIMPRO;2026-04-12;material;0001660104;12;;CONVATEC;CINTO P/BOLSA OSTOMIA ADULTO;;;;;;;;;;;;;;154;SIMPRO_VIG;2016-03-23;19;
SIMPRO;2026-04-12;material;0000282221;12;;CONVATEC;CINTO P/BOLSA OSTOMIA ADULTO 12UNID;;;;;;;;;;;;;;12.833;SIMPRO_VIG;2017-02-14;19;
SIMPRO;2026-04-12;material;0001660105;12;;CONVATEC;CINTO P/BOLSA OSTOMIA INF.1197900;;;;;;;;;;;;;;0;SIMPRO_VIG;2010-03-22;19;
SIMPRO;2026-04-12;material;0000053738;12;;CIRURGICA BRASIL;CINTO P/BOLSA OSTOMIA OSTOPLAST TAYLOR 0065*;;;;;;;;;;;;;;33;SIMPRO_VIG;2011-02-25;19;
SIMPRO;2026-04-12;material;0000289791;12;;FRESENIUS MEDIC.CARE;CINTO P/CAPD C/BOLSA 1,12MT;;;;;;;;;;;;;;142.5;SIMPRO_VIG;2024-08-15;19;
SIMPRO;2026-04-12;material;0000289792;12;;FRESENIUS MEDIC.CARE;CINTO P/CAPD C/BOLSA 1,20MT;;;;;;;;;;;;;;142.5;SIMPRO_VIG;2024-08-15;19;
SIMPRO;2026-04-12;material;0000292762;12;;GE ACESSORIOS;CINTO REUT.P/TRANSDUTOR TP.CINTA/VELCRO 10UNID.;;;;;;;;;;;;;;53.008;SIMPRO_VIG;2021-12-02;19;
SIMPRO;2026-04-12;material;0000289456;12;;COVIDIEN;CINTO SENSOR PILLCAM DR3 P/CAPSULA ENDOSCOPICA COLON2;;;;;;;;;;;;;;17850;SIMPRO_VIG;2017-08-15;19;
SIMPRO;2026-04-12;material;0000289455;12;;COVIDIEN;CINTO SENSOR PILLCAM DR3 P/CAPSULA ENDOSCOPICA SB3;;;;;;;;;;;;;;17850;SIMPRO_VIG;2017-08-15;19;
SIMPRO;2026-04-12;material;0000049805;12;;COLOPLAST UROLOGY;CINTO SUPORTE P/ILESTOMIA 0402;;;;;;;;;;;;;;81;SIMPRO_VIG;2012-04-09;19;
SIMPRO;2026-04-12;material;0000366636;12;;SALVAPE;CINTO TRANSFERENCIA LIFT CARE GRD.;;;;;;;;;;;;;;403.9;SIMPRO_VIG;2025-12-18;19;
SIMPRO;2026-04-12;material;0000366635;12;;SALVAPE;CINTO TRANSFERENCIA LIFT CARE MED.;;;;;;;;;;;;;;403.9;SIMPRO_VIG;2025-12-18;19;
SIMPRO;2026-04-12;material;0000366634;12;;SALVAPE;CINTO TRANSFERENCIA LIFT CARE PEQ.;;;;;;;;;;;;;;403.9;SIMPRO_VIG;2025-12-18;19;
SIMPRO;2026-04-12;material;0002410151;12;;ERWIN GUTH;CINZEL ABADIE OTORRINO/PLASTICA 260.001;;;;;;;;;;;;;;9.15;SIMPRO_VIG;2009-08-12;19;
SIMPRO;2026-04-12;material;0000274346;12;;EDLO;CINZEL ALEXANDER CURTO 18CM;;;;;;;;;;;;;;81.57;SIMPRO_VIG;2016-07-19;19;
SIMPRO;2026-04-12;material;0000274347;12;;EDLO;CINZEL ALEXANDER LONGO 18CM;;;;;;;;;;;;;;83.42;SIMPRO_VIG;2016-07-19;19;
SIMPRO;2026-04-12;material;0000000540;12;;ERWIN GUTH;CINZEL BIZEL DUPLO 470.110C;;;;;;;;;;;;;;8.32;SIMPRO_VIG;2009-08-12;19;
SIMPRO;2026-04-12;material;0000018440;12;;ERWIN GUTH;CINZEL BIZEL SIMPLES 470.110A;;;;;;;;;;;;;;8.32;SIMPRO_VIG;2009-08-12;19;
SIMPRO;2026-04-12;material;0000000431;12;;ERWIN GUTH;CINZEL BRUENINGS 10MM 18CM BISEL DUPLO NR.1 260.005E;;;;;;;;;;;;;;95.04;SIMPRO_VIG;2009-08-12;19;
SIMPRO;2026-04-12;material;0000000436;12;;ERWIN GUTH;CINZEL BRUENINGS 10MM 18CM BISEL SIMPLES NR.2 260.007E;;;;;;;;;;;;;;95.04;SIMPRO_VIG;2009-08-12;19;
SIMPRO;2026-04-12;material;0002410327;12;;ERWIN GUTH;CINZEL BRUENINGS 10MM 18CM GOIVO 260.003E;;;;;;;;;;;;;;102.17;SIMPRO_VIG;2009-08-12;19;
SIMPRO;2026-04-12;material;0000000432;12;;ERWIN GUTH;CINZEL BRUENINGS 3MM 18CM BISEL SIMPLES 260.007A;;;;;;;;;;;;;;76.03;SIMPRO_VIG;2009-08-12;19;
SIMPRO;2026-04-12;material;0000000427;12;;ERWIN GUTH;CINZEL BRUENINGS 3MM 18CM DUPLO BISEL 260.005A;;;;;;;;;;;;;;76.03;SIMPRO_VIG;2009-08-12;19;
SIMPRO;2026-04-12;material;0002410153;12;;ERWIN GUTH;CINZEL BRUENINGS 3MM 18CM GOIVO 260.003A;;;;;;;;;;;;;;80.78;SIMPRO_VIG;2009-08-12;19;
SIMPRO;2026-04-12;material;0000000433;12;;ERWIN GUTH;CINZEL BRUENINGS 4MM 18CM BISEL SIMPLES 260.007B;;;;;;;;;;;;;;76.03;SIMPRO_VIG;2009-08-12;19;
SIMPRO;2026-04-12;material;0000000428;12;;ERWIN GUTH;CINZEL BRUENINGS 4MM 18CM DUPLO BISEL 260.005B;;;;;;;;;;;;;;76.03;SIMPRO_VIG;2009-08-12;19;
SIMPRO;2026-04-12;material;0002410324;12;;ERWIN GUTH;CINZEL BRUENINGS 4MM 18CM GOIVO 260.003B;;;;;;;;;;;;;;80.78;SIMPRO_VIG;2009-08-12;19;
SIMPRO;2026-04-12;material;0000000434;12;;ERWIN GUTH;CINZEL BRUENINGS 6MM 18CM BISEL SIMPLES 260.007C;;;;;;;;;;;;;;83.16;SIMPRO_VIG;2009-08-12;19;
SIMPRO;2026-04-12;material;0000000429;12;;ERWIN GUTH;CINZEL BRUENINGS 6MM 18CM DUPLO BISEL 260.005C;;;;;;;;;;;;;;83.16;SIMPRO_VIG;2009-08-12;19;
SIMPRO;2026-04-12;material;0002410325;12;;ERWIN GUTH;CINZEL BRUENINGS 6MM 18CM GOIVO 260.003C;;;;;;;;;;;;;;87.91;SIMPRO_VIG;2009-08-12;19;
SIMPRO;2026-04-12;material;0000000435;12;;ERWIN GUTH;CINZEL BRUENINGS 8MM 18CM BISEL SIMPLES 260.007D;;;;;;;;;;;;;;87.91;SIMPRO_VIG;2009-08-12;19;
SIMPRO;2026-04-12;material;0000000430;12;;ERWIN GUTH;CINZEL BRUENINGS 8MM 18CM DUPLO BISEL 260.005D;;;;;;;;;;;;;;87.91;SIMPRO_VIG;2009-08-12;19;
SIMPRO;2026-04-12;material;0002410326;12;;ERWIN GUTH;CINZEL BRUENINGS 8MM 18CM GOIVO 260.003D;;;;;;;;;;;;;;95.04;SIMPRO_VIG;2009-08-12;19;
SIMPRO;2026-04-12;material;0006230111;12;;RICHTER;CINZEL CURVO 08MM 18CM;;;;;;;;;;;;;;220;SIMPRO_VIG;2024-07-30;19;
SIMPRO;2026-04-12;material;0000014817;12;;RICHTER;CINZEL CURVO 10MM;;;;;;;;;;;;;;220;SIMPRO_VIG;2024-07-30;19;
SIMPRO;2026-04-12;material;0006230112;12;;RICHTER;CINZEL CURVO 12MM 18CM;;;;;;;;;;;;;;220;SIMPRO_VIG;2024-07-30;19;
SIMPRO;2026-04-12;material;0000078067;12;;RICHTER;CINZEL CURVO C/1 DENTE 6MM DIR.(PAR);;;;;;;;;;;;;;266;SIMPRO_VIG;2024-07-30;19;
SIMPRO;2026-04-12;material;0000298586;12;;RICHTER;CINZEL CURVO C/1 DENTE 6MM DIR./ESQ.(PAR);;;;;;;;;;;;;;330;SIMPRO_VIG;2018-05-08;19;
SIMPRO;2026-04-12;material;0000078068;12;;RICHTER;CINZEL CURVO C/1 DENTE 6MM ESQ.(PAR);;;;;;;;;;;;;;266;SIMPRO_VIG;2024-07-30;19;
SIMPRO;2026-04-12;material;0006230116;12;;RICHTER;CINZEL CURVO C/1 DENTE 8MM 18CM DIR.;;;;;;;;;;;;;;266;SIMPRO_VIG;2024-07-30;19;
SIMPRO;2026-04-12;material;0000298587;12;;RICHTER;CINZEL CURVO C/1 DENTE 8MM 18CM DIR./ESQ.(PAR);;;;;;;;;;;;;;330;SIMPRO_VIG;2018-05-08;19;
SIMPRO;2026-04-12;material;0006230117;12;;RICHTER;CINZEL CURVO C/1 DENTE 8MM 18CM ESQ.;;;;;;;;;;;;;;266;SIMPRO_VIG;2024-07-30;19;
SIMPRO;2026-04-12;material;0006230124;12;;RICHTER;CINZEL CURVO C/2 DENTE 10MM 18CM;;;;;;;;;;;;;;269;SIMPRO_VIG;2024-07-30;19;
SIMPRO;2026-04-12;material;0006230125;12;;RICHTER;CINZEL CURVO C/2 DENTE 12MM 18CM;;;;;;;;;;;;;;269;SIMPRO_VIG;2024-07-30;19;
SIMPRO;2026-04-12;material;0000274348;12;;EDLO;CINZEL GARDNER 17CM;;;;;;;;;;;;;;64.66;SIMPRO_VIG;2016-07-19;19;
SIMPRO;2026-04-12;material;0000080801;12;;EDLO;CINZEL GARDNER 17CM 09-1257;;;;;;;;;;;;;;42.81;SIMPRO_VIG;2005-08-10;19;
SIMPRO;2026-04-12;material;0000080803;12;;EDLO;CINZEL GOIVA ALEXANDER CURTO 15CM 09-1255;;;;;;;;;;;;;;38.05;SIMPRO_VIG;2005-08-10;19;
SIMPRO;2026-04-12;material;0000080802;12;;EDLO;CINZEL GOIVA ALEXANDER LONGO 18CM 09-1256;;;;;;;;;;;;;;41.22;SIMPRO_VIG;2005-08-10;19;
SIMPRO;2026-04-12;material;0000000539;12;;ERWIN GUTH;CINZEL GOIVO 470.110B;;;;;;;;;;;;;;8.32;SIMPRO_VIG;2009-08-12;19;
SIMPRO;2026-04-12;material;0000018441;12;;ERWIN GUTH;CINZEL JG.3PCS 470.110D;;;;;;;;;;;;;;24.95;SIMPRO_VIG;2009-08-12;19;
SIMPRO;2026-04-12;material;0002410154;12;;ERWIN GUTH;CINZEL KUHNT 260.010;;;;;;;;;;;;;;9.15;SIMPRO_VIG;2009-08-12;19;
SIMPRO;2026-04-12;material;0000274349;12;;EDLO;CINZEL LEBSCHE 24CM;;;;;;;;;;;;;;187.46;SIMPRO_VIG;2016-07-19;19;
SIMPRO;2026-04-12;material;0000115537;12;;EDLO;CINZEL LEBSCHE 24CM 10-3031;;;;;;;;;;;;;;159.84;SIMPRO_VIG;2007-03-27;19;
SIMPRO;2026-04-12;material;0000138826;12;;EDLO;CINZEL LEXER (GOIVA) P/OSSOS 10MM 15.3211;;;;;;;;;;;;;;187.79;SIMPRO_VIG;2009-07-06;19;
SIMPRO;2026-04-12;material;0000138827;12;;EDLO;CINZEL LEXER (GOIVA) P/OSSOS 15MM 15.3212;;;;;;;;;;;;;;197.18;SIMPRO_VIG;2009-07-06;19;
SIMPRO;2026-04-12;material;0000138825;12;;EDLO;CINZEL LEXER (GOIVA) P/OSSOS 5MM 15.3210;;;;;;;;;;;;;;178.85;SIMPRO_VIG;2009-07-06;19;
SIMPRO;2026-04-12;material;0000274352;12;;EDLO;CINZEL LEXER 05MMX25CM GOIVA P/OSSOS;;;;;;;;;;;;;;243.3;SIMPRO_VIG;2016-07-19;19;
SIMPRO;2026-04-12;material;0000274350;12;;EDLO;CINZEL LEXER 10MMX25CM GOIVA P/OSSOS;;;;;;;;;;;;;;243.3;SIMPRO_VIG;2016-07-19;19;
SIMPRO;2026-04-12;material;0000274351;12;;EDLO;CINZEL LEXER 15MMX25CM GOIVA P/OSSOS;;;;;;;;;;;;;;243.3;SIMPRO_VIG;2016-07-19;19;
SIMPRO;2026-04-12;material;0000040926;12;;ERWIN GUTH;CINZEL MEAD RINOPLASTIA NR.1 260.024;;;;;;;;;;;;;;95.04;SIMPRO_VIG;2009-08-12;19;
SIMPRO;2026-04-12;material;0002410155;12;;ERWIN GUTH;CINZEL MEYER 260.015;;;;;;;;;;;;;;9.15;SIMPRO_VIG;2009-08-12;19;
SIMPRO;2026-04-12;material;0002410156;12;;ERWIN GUTH;CINZEL NICATI 260.020;;;;;;;;;;;;;;9.15;SIMPRO_VIG;2009-08-12;19;
SIMPRO;2026-04-12;material;0002315091;12;;EDLO;CINZEL P/RINOPLASTIA 1 DENTE 6MM 15CM 10-0756;;;;;;;;;;;;;;123.67;SIMPRO_VIG;2005-08-10;19;
SIMPRO;2026-04-12;material;0002315093;12;;EDLO;CINZEL P/RINOPLASTIA 1 DENTE 8MM 15CM 10-0758;;;;;;;;;;;;;;128.42;SIMPRO_VIG;2005-08-10;19;
SIMPRO;2026-04-12;material;0002315094;12;;EDLO;CINZEL P/RINOPLASTIA 2 DENTE 10MM 15CM 10-0759;;;;;;;;;;;;;;128.42;SIMPRO_VIG;2005-08-10;19;
SIMPRO;2026-04-12;material;0002315089;12;;EDLO;CINZEL P/RINOPLASTIA RETO 3MM 15CM 10-0754;;;;;;;;;;;;;;123.67;SIMPRO_VIG;2005-08-10;19;
SIMPRO;2026-04-12;material;0002315090;12;;EDLO;CINZEL P/RINOPLASTIA RETO 6MM 15CM 10-0755;;;;;;;;;;;;;;123.67;SIMPRO_VIG;2005-08-10;19;
SIMPRO;2026-04-12;material;0002315092;12;;EDLO;CINZEL P/RINOPLASTIA RETO 8MM 15CM 10-0757;;;;;;;;;;;;;;128.42;SIMPRO_VIG;2005-08-10;19;
SIMPRO;2026-04-12;material;0006230129;12;;RICHTER;CINZEL PITANGUY 12MM;;;;;;;;;;;;;;295;SIMPRO_VIG;2024-07-30;19;
SIMPRO;2026-04-12;material;0006230131;12;;RICHTER;CINZEL PITANGUY 15MM;;;;;;;;;;;;;;295;SIMPRO_VIG;2024-07-30;19;
SIMPRO;2026-04-12;material;0006230130;12;;RICHTER;CINZEL PITANGUY 9MM;;;;;;;;;;;;;;295;SIMPRO_VIG;2024-07-30;19;
SIMPRO;2026-04-12;material;0006230107;12;;RICHTER;CINZEL RETO 10MM 18CM;;;;;;;;;;;;;;210;SIMPRO_VIG;2024-07-30;19;
SIMPRO;2026-04-12;material;0006230108;12;;RICHTER;CINZEL RETO 12MM 18CM;;;;;;;;;;;;;;210;SIMPRO_VIG;2024-07-30;19;
SIMPRO;2026-04-12;material;0006230109;12;;RICHTER;CINZEL RETO 14MM 18CM 'A';;;;;;;;;;;;;;210;SIMPRO_VIG;2024-07-30;19;
SIMPRO;2026-04-12;material;0006230110;12;;RICHTER;CINZEL RETO 16MM 18CM 'B';;;;;;;;;;;;;;210;SIMPRO_VIG;2024-07-30;19;
SIMPRO;2026-04-12;material;0000078061;12;;RICHTER;CINZEL RETO 2,5MM;;;;;;;;;;;;;;210;SIMPRO_VIG;2024-07-30;19;
SIMPRO;2026-04-12;material;0000089898;12;;RICHTER;CINZEL RETO 2,5MM C/PINO;;;;;;;;;;;;;;243;SIMPRO_VIG;2024-07-30;19;
SIMPRO;2026-04-12;material;0006230103;12;;RICHTER;CINZEL RETO 3MM 18CM;;;;;;;;;;;;;;210;SIMPRO_VIG;2024-07-30;19;
SIMPRO;2026-04-12;material;0000078075;12;;RICHTER;CINZEL RETO 3MM C/PINO;;;;;;;;;;;;;;243;SIMPRO_VIG;2024-07-30;19;
SIMPRO;2026-04-12;material;0006230104;12;;RICHTER;CINZEL RETO 4MM 18CM 'A';;;;;;;;;;;;;;210;SIMPRO_VIG;2024-07-30;19;
SIMPRO;2026-04-12;material;0006230105;12;;RICHTER;CINZEL RETO 6MM 18CM 'B';;;;;;;;;;;;;;210;SIMPRO_VIG;2024-07-30;19;
SIMPRO;2026-04-12;material;0006230106;12;;RICHTER;CINZEL RETO 8MM 18CM;;;;;;;;;;;;;;210;SIMPRO_VIG;2024-07-30;19;
SIMPRO;2026-04-12;material;0006230114;12;;RICHTER;CINZEL RETO C/1 DENTE 10MM 18CM;;;;;;;;;;;;;;237;SIMPRO_VIG;2024-07-30;19;
SIMPRO;2026-04-12;material;0000078065;12;;RICHTER;CINZEL RETO C/1 DENTE 6MM;;;;;;;;;;;;;;237;SIMPRO_VIG;2024-07-30;19;
SIMPRO;2026-04-12;material;0006230113;12;;RICHTER;CINZEL RETO C/1 DENTE 8MM 18CM;;;;;;;;;;;;;;237;SIMPRO_VIG;2024-07-30;19;
SIMPRO;2026-04-12;material;0006230120;12;;RICHTER;CINZEL RETO C/2 DENTE 10MM 18CM;;;;;;;;;;;;;;264;SIMPRO_VIG;2024-07-30;19;
SIMPRO;2026-04-12;material;0006230121;12;;RICHTER;CINZEL RETO C/2 DENTE 12MM 18CM 'A';;;;;;;;;;;;;;264;SIMPRO_VIG;2024-07-30;19;
SIMPRO;2026-04-12;material;0006230122;12;;RICHTER;CINZEL RETO C/2 DENTE 14MM 18CM 'B';;;;;;;;;;;;;;264;SIMPRO_VIG;2024-07-30;19;
SIMPRO;2026-04-12;material;0006230123;12;;RICHTER;CINZEL RETO C/2 DENTE 16MM 18CM 'C';;;;;;;;;;;;;;264;SIMPRO_VIG;2024-07-30;19;
SIMPRO;2026-04-12;material;0000274355;12;;EDLO;CINZEL RINOPLASTIA 01DENTE 06MM;;;;;;;;;;;;;;207.72;SIMPRO_VIG;2016-07-19;19;
SIMPRO;2026-04-12;material;0000274357;12;;EDLO;CINZEL RINOPLASTIA 01DENTE 08MM;;;;;;;;;;;;;;213.97;SIMPRO_VIG;2016-07-19;19;
SIMPRO;2026-04-12;material;0000274358;12;;EDLO;CINZEL RINOPLASTIA 02DENTES 10MM;;;;;;;;;;;;;;213.97;SIMPRO_VIG;2016-07-19;19;
SIMPRO;2026-04-12;material;0000040920;12;;ERWIN GUTH;CINZEL RINOPLASTIA NR.1G 3MM SIMPLES 260.022A;;;;;;;;;;;;;;95.04;SIMPRO_VIG;2009-08-12;19;
SIMPRO;2026-04-12;material;0000040924;12;;ERWIN GUTH;CINZEL RINOPLASTIA NR.1L 8MM PONTA SIMPLES 260.022J;;;;;;;;;;;;;;95.04;SIMPRO_VIG;2009-08-12;19;
SIMPRO;2026-04-12;material;0000040921;12;;ERWIN GUTH;CINZEL RINOPLASTIA NR.2G 6MM DUPLO 260.022B;;;;;;;;;;;;;;95.04;SIMPRO_VIG;2009-08-12;19;
SIMPRO;2026-04-12;material;0000040925;12;;ERWIN GUTH;CINZEL RINOPLASTIA NR.2L 10MM PONTA DUPLA 260.022K;;;;;;;;;;;;;;95.04;SIMPRO_VIG;2009-08-12;19;
SIMPRO;2026-04-12;material;0000040922;12;;ERWIN GUTH;CINZEL RINOPLASTIA NR.3G 6MM PONTA SIMPLES 260.022C;;;;;;;;;;;;;;106.92;SIMPRO_VIG;2009-08-12;19;
SIMPRO;2026-04-12;material;0000040923;12;;ERWIN GUTH;CINZEL RINOPLASTIA NR.5G 8MM SIMPLES 260.022E;;;;;;;;;;;;;;121.18;SIMPRO_VIG;2009-08-12;19;
SIMPRO;2026-04-12;material;0000274353;12;;EDLO;CINZEL RINOPLASTIA RETO 03MM;;;;;;;;;;;;;;207.72;SIMPRO_VIG;2016-07-19;19;
SIMPRO;2026-04-12;material;0000274354;12;;EDLO;CINZEL RINOPLASTIA RETO 06MM;;;;;;;;;;;;;;207.72;SIMPRO_VIG;2016-07-19;19;
SIMPRO;2026-04-12;material;0000274356;12;;EDLO;CINZEL RINOPLASTIA RETO 08MM;;;;;;;;;;;;;;213.97;SIMPRO_VIG;2016-07-19;19;
SIMPRO;2026-04-12;material;0006230127;12;;RICHTER;CINZEL SILVER P/CARTILAGEM CURVO 18CM DIR.PAR;;;;;;;;;;;;;;319;SIMPRO_VIG;2024-07-30;19;
SIMPRO;2026-04-12;material;0006230128;12;;RICHTER;CINZEL SILVER P/CARTILAGEM CURVO 18CM ESQ.PAR;;;;;;;;;;;;;;319;SIMPRO_VIG;2024-07-30;19;
SIMPRO;2026-04-12;material;0006230126;12;;RICHTER;CINZEL SILVER P/CARTILAGEM RETO 18CM;;;;;;;;;;;;;;302;SIMPRO_VIG;2024-07-30;19;
SIMPRO;2026-04-12;material;0000274359;12;;EDLO;CINZEL WAGNER;;;;;;;;;;;;;;74.55;SIMPRO_VIG;2016-07-19;19;
SIMPRO;2026-04-12;material;0000274360;12;;EDLO;CINZEL WAGNER;;;;;;;;;;;;;;74.55;SIMPRO_VIG;2016-07-19;19;
SIMPRO;2026-04-12;material;0000274361;12;;EDLO;CINZEL WAGNER;;;;;;;;;;;;;;74.55;SIMPRO_VIG;2016-07-19;19;
SIMPRO;2026-04-12;material;0000080806;12;;EDLO;CINZEL WAGNER 16CMX4MM 09-1347;;;;;;;;;;;;;;44.4;SIMPRO_VIG;2005-08-10;19;
SIMPRO;2026-04-12;material;0000080807;12;;EDLO;CINZEL WAGNER 16CMX6MM 09-1348;;;;;;;;;;;;;;44.4;SIMPRO_VIG;2005-08-10;19;
SIMPRO;2026-04-12;material;0000080808;12;;EDLO;CINZEL WAGNER 16CMX8MM 09-1349;;;;;;;;;;;;;;44.4;SIMPRO_VIG;2005-08-10;19;
SIMPRO;2026-04-12;material;0002410157;12;;ERWIN GUTH;CINZEL WALTON DELICADO 260.025A;;;;;;;;;;;;;;9.15;SIMPRO_VIG;2009-08-12;19;
SIMPRO;2026-04-12;material;0000000437;12;;ERWIN GUTH;CINZEL WALTON EXTRA-DELICADO 260.025B;;;;;;;;;;;;;;9.15;SIMPRO_VIG;2009-08-12;19;
SIMPRO;2026-04-12;material;0000274362;12;;EDLO;CINZEL WEST;;;;;;;;;;;;;;198.88;SIMPRO_VIG;2016-07-19;19;
SIMPRO;2026-04-12;material;0000274363;12;;EDLO;CINZEL WEST;;;;;;;;;;;;;;198.88;SIMPRO_VIG;2016-07-19;19;
SIMPRO;2026-04-12;material;0000080804;12;;EDLO;CINZEL WEST 3MM 16CM 09-0522;;;;;;;;;;;;;;123.67;SIMPRO_VIG;2005-08-10;19;
SIMPRO;2026-04-12;material;0000080805;12;;EDLO;CINZEL WEST 4MM 16CM 09-0523;;;;;;;;;;;;;;123.67;SIMPRO_VIG;2005-08-10;19;
SIMPRO;2026-04-12;material;0000242370;12;;CNPH;CIRCUITO 02 MAX P/CPAP C/TUBO CORRUG./MASC./CONECT./VAL.PRESSAO/GER.FLUXO/TUBO 02/FILTRO/FIX.CEFAL.;;;;;;;;;;;;;;1707.62;SIMPRO_VIG;2015-07-28;19;
SIMPRO;2026-04-12;material;0000079202;12;;JG MORIYA;CIRCUITO 2LINHAS PRES.INVASIVO P/TRAQUEOSTOMIA 903004;;;;;;;;;;;;;;0;SIMPRO_VIG;2010-01-12;19;
SIMPRO;2026-04-12;material;0000338835;12;;FISHER & PAYKEL;CIRCUITO ADAPTADOR OXIDO NITRICO 950;;;;;;;;;;;;;;355.06;SIMPRO_VIG;2023-03-28;19;
SIMPRO;2026-04-12;material;0000267732;12;;COVIDIEN;CIRCUITO ADU S/CONDESADOR PVC 180CM;;;;;;;;;;;;;;217.58;SIMPRO_VIG;2016-02-12;19;
SIMPRO;2026-04-12;material;0000042890;12;;COVIDIEN;CIRCUITO ADU S/CONDESADOR PVC 180CM MALLINCKRODT;;;;;;;;;;;;;;217.58;SIMPRO_VIG;2014-09-02;19;
SIMPRO;2026-04-12;material;0000292772;12;;GE ACESSORIOS;CIRCUITO ADU.HYTREL REUT.;;;;;;;;;;;;;;1226.94;SIMPRO_VIG;2018-04-17;19;
SIMPRO;2026-04-12;material;0000110206;12;;JG MORIYA;CIRCUITO ADU.PULMONETIC P/LTV;;;;;;;;;;;;;;375.46;SIMPRO_VIG;2007-02-01;19;
SIMPRO;2026-04-12;material;0000267733;12;;COVIDIEN;CIRCUITO ADU.PVC C/CONDENSADOR 22F 160CM;;;;;;;;;;;;;;360.72;SIMPRO_VIG;2016-02-12;19;
SIMPRO;2026-04-12;material;0000042891;12;;COVIDIEN;CIRCUITO ADU.PVC C/CONDENSADOR 22F 160CM MALLINCKRODT;;;;;;;;;;;;;;360.72;SIMPRO_VIG;2014-09-02;19;
SIMPRO;2026-04-12;material;0000289559;12;;LUMIAR BUILDERS;CIRCUITO ADU.RAMO DUPLO LUMIAR C/DRENO;;;;;;;;;;;;;;359.86;SIMPRO_VIG;2017-08-15;19;
SIMPRO;2026-04-12;material;0000303723;12;;COVIDIEN;CIRCUITO ADU.RAMO UNICO C/VALVULA EXPIRATORIA/DRENO;;;;;;;;;;;;;;555.2;SIMPRO_VIG;2018-11-06;19;
SIMPRO;2026-04-12;material;0000303724;12;;COVIDIEN;CIRCUITO ADU.RAMO UNICO S/VALVULA EXPIRATORIA;;;;;;;;;;;;;;280.8;SIMPRO_VIG;2018-11-06;19;
SIMPRO;2026-04-12;material;0000078990;12;;JG MORIYA;CIRCUITO ADU.REUT.P/ESPRIT 1003058;;;;;;;;;;;;;;0;SIMPRO_VIG;2010-01-12;19;
SIMPRO;2026-04-12;material;0000273119;12;;OXY SYSTEM;CIRCUITO ADULTO P/VENTILADOR PULMONAR;;;;;;;;;;;;;;1100;SIMPRO_VIG;2016-07-07;19;
SIMPRO;2026-04-12;material;0000242390;12;;COVIDIEN;CIRCUITO ADULTO RAMO DUPLO C/VALVULA EX;;;;;;;;;;;;;;501.82;SIMPRO_VIG;2017-07-25;19;
SIMPRO;2026-04-12;material;0000242388;12;;COVIDIEN;CIRCUITO ADULTO RAMO UNICO C/VALVULA EX;;;;;;;;;;;;;;354.29;SIMPRO_VIG;2014-01-10;19;
SIMPRO;2026-04-12;material;0000267776;12;;WHITE MARTINS;CIRCUITO ALTO FLUXO DESC.5UN.;;;;;;;;;;;;;;1449.92;SIMPRO_VIG;2023-10-27;19;
SIMPRO;2026-04-12;material;0000352221;12;;WHITE MARTINS;CIRCUITO ALTO FLUXO NO DESC.3UN.;;;;;;;;;;;;;;2416.533;SIMPRO_VIG;2024-05-09;19;
SIMPRO;2026-04-12;material;0000262300;12;;PROTEC;CIRCUITO ANESTESIA BARAKA SILICONE MASC3;;;;;;;;;;;;;;367.71;SIMPRO_VIG;2017-09-05;19;
SIMPRO;2026-04-12;material;0000290171;12;;PROTEC;CIRCUITO ANESTESIA BARAKA SILICONE MASC4 3LT;;;;;;;;;;;;;;610.53;SIMPRO_VIG;2017-09-05;19;
SIMPRO;2026-04-12;material;0000262301;12;;PROTEC;CIRCUITO ANESTESIA BARAKA SILICONE MASC4 5,0LT;;;;;;;;;;;;;;454.71;SIMPRO_VIG;2017-09-05;19;
SIMPRO;2026-04-12;material;0000262303;12;;PROTEC;CIRCUITO ANESTESIA BARAKA UNIDIRECIONAL MASC2 1LT;;;;;;;;;;;;;;296.52;SIMPRO_VIG;2017-09-05;19;
SIMPRO;2026-04-12;material;0000262304;12;;PROTEC;CIRCUITO ANESTESIA BARAKA UNIDIRECIONAL MASC3 2LT;;;;;;;;;;;;;;316.31;SIMPRO_VIG;2017-09-05;19;
SIMPRO;2026-04-12;material;0000290172;12;;PROTEC;CIRCUITO ANESTESIA BARAKA UNIDIRECIONAL MASC4 5LT;;;;;;;;;;;;;;316.31;SIMPRO_VIG;2017-09-05;19;
SIMPRO;2026-04-12;material;0000262305;12;;PROTEC;CIRCUITO ANESTESIA BARAKA UNIDIRECIONL MASC 3LT;;;;;;;;;;;;;;316.31;SIMPRO_VIG;2017-09-05;19;
SIMPRO;2026-04-12;material;0000262302;12;;PROTEC;CIRCUITO ANESTESIA BARAKA UNIRECIONAL MASC.1 1/2LT;;;;;;;;;;;;;;294.68;SIMPRO_VIG;2017-09-05;19;
SIMPRO;2026-04-12;material;0000163806;12;;INTERSURGICAL;CIRCUITO ANESTESICO ENTONOX P/OXIDO NITROSO;;;;;;;;;;;;;;437.4;SIMPRO_VIG;2017-07-04;19;
SIMPRO;2026-04-12;material;0000319619;12;;BHIO SUPPLY;CIRCUITO ASPIRACAO 2VIAS;;;;;;;;;;;;;;5720.65;SIMPRO_VIG;2020-12-09;19;
SIMPRO;2026-04-12;material;0000342283;12;;BHIO SUPPLY;CIRCUITO ASPIRACAO 2VIAS STILUS;;;;;;;;;;;;;;5720.65;SIMPRO_VIG;2023-06-23;19;
SIMPRO;2026-04-12;material;0000258054;12;;CSE;CIRCUITO ASPIRACAO C/CONTROLE VACUO;;;;;;;;;;;;;;117.6;SIMPRO_VIG;2016-07-19;19;
SIMPRO;2026-04-12;material;0000251675;12;;JG MORIYA;CIRCUITO AUTOCLAVAVEL P/MONITOR NOX 500 ADU.;;;;;;;;;;;;;;2160;SIMPRO_VIG;2014-11-11;19;
SIMPRO;2026-04-12;material;0000251674;12;;JG MORIYA;CIRCUITO AUTOCLAVAVEL P/MONITOR NOX 500 INF.;;;;;;;;;;;;;;1620;SIMPRO_VIG;2014-11-11;19;
SIMPRO;2026-04-12;material;0000251677;12;;JG MORIYA;CIRCUITO AUTOCLAVAVEL P/MONITOR PRINTER NOX 500 ADU.;;;;;;;;;;;;;;2160;SIMPRO_VIG;2014-11-11;19;
SIMPRO;2026-04-12;material;0000251676;12;;JG MORIYA;CIRCUITO AUTOCLAVAVEL P/MONITOR PRINTER NOX 500 INF.;;;;;;;;;;;;;;1620;SIMPRO_VIG;2014-11-11;19;
SIMPRO;2026-04-12;material;0000357417;12;;IMPACTO;CIRCUITO BABY CONFORT CPAP NEONATAL/INFANTIL PRONG CURVA;;;;;;;;;;;;;;4852.27;SIMPRO_VIG;2024-11-22;19;
SIMPRO;2026-04-12;material;0000267775;12;;WHITE MARTINS;CIRCUITO BAIXO FLUXO DESC.5UN.;;;;;;;;;;;;;;1449.92;SIMPRO_VIG;2023-10-27;19;
SIMPRO;2026-04-12;material;0000352222;12;;WHITE MARTINS;CIRCUITO BAIXO FLUXO NO DESC.3UN.;;;;;;;;;;;;;;2416.533;SIMPRO_VIG;2024-05-09;19;
SIMPRO;2026-04-12;material;0000268572;12;;LUMIAR BUILDERS;CIRCUITO BIPAP N/INVASIVO DESC.;;;;;;;;;;;;;;212.91;SIMPRO_VIG;2016-03-15;19;
SIMPRO;2026-04-12;material;0000242368;12;;CNPH;CIRCUITO BIPAP PULMODYNE;;;;;;;;;;;;;;454.03;SIMPRO_VIG;2015-07-28;19;
SIMPRO;2026-04-12;material;0000123746;12;;CNPH;CIRCUITO BIPAP S/T-D30-RESPIRONICS;;;;;;;;;;;;;;282;SIMPRO_VIG;2013-05-08;19;
SIMPRO;2026-04-12;material;0000156697;12;;CNPH;CIRCUITO BIPAP VISION-RESPIRONICS;;;;;;;;;;;;;;282;SIMPRO_VIG;2013-05-08;19;
SIMPRO;2026-04-12;material;0000090034;12;;PROTEC - SUSPENSA;CIRCUITO BIRD 6400/8400 COMPLETO;;;;;;;;;;;;;;528;SIMPRO_VIG;2009-09-29;19;
SIMPRO;2026-04-12;material;0000369646;12;;INTERSURGICAL;CIRCUITO C/COLETOR AGUA P/UMIDIFICADOR DRAEGER AQUAPOR TRAQUEIA 0,8M 1,6 MT FLEXTUBE;;;;;;;;;;;;;;350;SIMPRO_VIG;2026-02-06;19;
SIMPRO;2026-04-12;material;0000369645;12;;INTERSURGICAL;CIRCUITO C/COLETOR AGUA TRAQUEIA 0,8M 1,6MT 22MM FLEXTUBE;;;;;;;;;;;;;;350;SIMPRO_VIG;2026-02-06;19;
SIMPRO;2026-04-12;material;0000369653;12;;INTERSURGICAL;CIRCUITO C/COLETOR AGUA+LINHA MONITORAMENTO TRAQUEIA 0,8M 1,6MT 10MM FLEXTUBE;;;;;;;;;;;;;;750;SIMPRO_VIG;2026-02-06;19;
SIMPRO;2026-04-12;material;0000369647;12;;INTERSURGICAL;CIRCUITO C/COLETOR P/UMIDIFICADOR TRAQUEIA 0,8M 1,6MT FLEXTUBE SILVER KNIGHT 22MM;;;;;;;;;;;;;;1200;SIMPRO_VIG;2026-02-06;19;
SIMPRO;2026-04-12;material;0000078997;12;;JG MORIYA;CIRCUITO C/VALVULA PEEP 712649;;;;;;;;;;;;;;0;SIMPRO_VIG;2010-01-12;19;
SIMPRO;2026-04-12;material;0000140841;12;;SAAVEDRA;CIRCUITO COAXIAL UNIFLOW 1,60M;;;;;;;;;;;;;;200.88;SIMPRO_VIG;2009-09-10;19;
SIMPRO;2026-04-12;material;0000349338;12;;INTERSURGICAL;CIRCUITO COMPACT 22MM C/CONECTOR P/BOLSA 1,5MT;;;;;;;;;;;;;;100;SIMPRO_VIG;2023-12-27;19;
SIMPRO;2026-04-12;material;0000349339;12;;INTERSURGICAL;CIRCUITO COMPACT 22MM C/CONECTOR P/BOLSA 2MT;;;;;;;;;;;;;;100;SIMPRO_VIG;2023-12-27;19;
SIMPRO;2026-04-12;material;0000349340;12;;INTERSURGICAL;CIRCUITO COMPACT 22MM C/CONECTOR P/BOLSA 3MT;;;;;;;;;;;;;;100;SIMPRO_VIG;2023-12-27;19;
SIMPRO;2026-04-12;material;0000349323;12;;INTERSURGICAL;CIRCUITO COMPACT TUBO EXTENSAO 2,0MT;;;;;;;;;;;;;;300;SIMPRO_VIG;2023-12-27;19;
SIMPRO;2026-04-12;material;0000084972;12;;GER-AR;CIRCUITO COMPLETO C/TUBO/MASCARA/FILTRO 325-9217;;;;;;;;;;;;;;0;SIMPRO_VIG;2010-02-02;19;
SIMPRO;2026-04-12;material;0000350447;12;;DRAGER;CIRCUITO COMPLETO OXILOG 5UN DESC.;;;;;;;;;;;;;;485.736;SIMPRO_VIG;2024-03-05;19;
SIMPRO;2026-04-12;material;0000304665;12;;LUMIAR BUILDERS;CIRCUITO COMPLETO P/VNI ADU.GRD.;;;;;;;;;;;;;;110;SIMPRO_VIG;2018-12-28;19;
SIMPRO;2026-04-12;material;0000304671;12;;LUMIAR BUILDERS;CIRCUITO COMPLETO P/VNI ADU.GRD.C/LP;;;;;;;;;;;;;;117;SIMPRO_VIG;2018-12-28;19;
SIMPRO;2026-04-12;material;0000304664;12;;LUMIAR BUILDERS;CIRCUITO COMPLETO P/VNI ADU.MED.;;;;;;;;;;;;;;110;SIMPRO_VIG;2018-12-28;19;
SIMPRO;2026-04-12;material;0000304670;12;;LUMIAR BUILDERS;CIRCUITO COMPLETO P/VNI ADU.MED.C/LP;;;;;;;;;;;;;;117;SIMPRO_VIG;2018-12-28;19;
SIMPRO;2026-04-12;material;0000304663;12;;LUMIAR BUILDERS;CIRCUITO COMPLETO P/VNI ADU.PEQ.;;;;;;;;;;;;;;110;SIMPRO_VIG;2018-12-28;19;
SIMPRO;2026-04-12;material;0000304669;12;;LUMIAR BUILDERS;CIRCUITO COMPLETO P/VNI ADU.PEQ.C/LP;;;;;;;;;;;;;;117;SIMPRO_VIG;2018-12-28;19;
SIMPRO;2026-04-12;material;0000304662;12;;LUMIAR BUILDERS;CIRCUITO COMPLETO P/VNI INF.;;;;;;;;;;;;;;110;SIMPRO_VIG;2018-12-28;19;
SIMPRO;2026-04-12;material;0000304668;12;;LUMIAR BUILDERS;CIRCUITO COMPLETO P/VNI INF.C/LP;;;;;;;;;;;;;;117;SIMPRO_VIG;2018-12-28;19;
SIMPRO;2026-04-12;material;0000304660;12;;LUMIAR BUILDERS;CIRCUITO COMPLETO P/VNI NEO.;;;;;;;;;;;;;;110;SIMPRO_VIG;2018-12-28;19;
SIMPRO;2026-04-12;material;0000304666;12;;LUMIAR BUILDERS;CIRCUITO COMPLETO P/VNI NEO.C/LP;;;;;;;;;;;;;;117;SIMPRO_VIG;2018-12-28;19;
SIMPRO;2026-04-12;material;0000304661;12;;LUMIAR BUILDERS;CIRCUITO COMPLETO P/VNI PED.;;;;;;;;;;;;;;110;SIMPRO_VIG;2018-12-28;19;
SIMPRO;2026-04-12;material;0000304667;12;;LUMIAR BUILDERS;CIRCUITO COMPLETO P/VNI PED.C/LP;;;;;;;;;;;;;;117;SIMPRO_VIG;2018-12-28;19;
SIMPRO;2026-04-12;material;0000306136;12;;D&I HOSPITALAR;CIRCUITO CPAP MANIFLOW NCPAP 4000 20UNID.DESC.;;;;;;;;;;;;;;401.7;SIMPRO_VIG;2022-12-22;19;
SIMPRO;2026-04-12;material;0000078992;12;;JG MORIYA;CIRCUITO DESC.P/ESPRIT 1003698;;;;;;;;;;;;;;0;SIMPRO_VIG;2010-01-12;19;
SIMPRO;2026-04-12;material;0000305571;12;;NEWMED;CIRCUITO DESC.P/VENTILACAO N/INVASIVA;;;;;;;;;;;;;;950;SIMPRO_VIG;2020-09-16;19;
SIMPRO;2026-04-12;material;0000369649;12;;INTERSURGICAL;CIRCUITO DOIS NIVEIS C/PORTA GIRATORIA DIVIDIDA LINHA MONITORAMENTO 1,6MT 22MM SMOOTHBORE;;;;;;;;;;;;;;1800;SIMPRO_VIG;2026-02-06;19;
SIMPRO;2026-04-12;material;0000369648;12;;INTERSURGICAL;CIRCUITO DOIS NIVEIS C/PORTA GIRATORIA LINHA MONITORAMENTO 1,6MT SMOOTHBORE;;;;;;;;;;;;;;350;SIMPRO_VIG;2026-02-06;19;
SIMPRO;2026-04-12;material;0000369650;12;;INTERSURGICAL;CIRCUITO DOIS NIVEIS C/PORTA GIRATORIA P/VAZAMENTO CO2 1,8MT 22MM SMOOTHBORE;;;;;;;;;;;;;;1960;SIMPRO_VIG;2026-02-06;19;
SIMPRO;2026-04-12;material;0000369651;12;;INTERSURGICAL;CIRCUITO DOIS NIVEIS SMOOTHBORE 22MM LINHA MONITORAMENTO 1,6MT SMOOTHBORE;;;;;;;;;;;;;;500;SIMPRO_VIG;2026-02-06;19;
SIMPRO;2026-04-12;material;0000338834;12;;FISHER & PAYKEL;CIRCUITO DUPLO PEDIATRICO 950;;;;;;;;;;;;;;2331.73;SIMPRO_VIG;2025-12-02;19;
SIMPRO;2026-04-12;material;0000144202;12;;CNPH;CIRCUITO EXPANSIVEL P/VENTILADORES MECANICOS 2MT.PED.;;;;;;;;;;;;;;790;SIMPRO_VIG;2022-05-24;19;
SIMPRO;2026-04-12;material;0000267734;12;;COVIDIEN;CIRCUITO EXTENSIVEL S/CONDESADOR P/VENTILACAO MECANICA 70/225CM;;;;;;;;;;;;;;190.08;SIMPRO_VIG;2016-02-12;19;
SIMPRO;2026-04-12;material;0000042889;12;;COVIDIEN;CIRCUITO EXTENSIVEL S/CONDESADOR P/VENTILACAO MECANICA 70/225CM MALLINCKRODT;;;;;;;;;;;;;;190.08;SIMPRO_VIG;2014-09-02;19;
SIMPRO;2026-04-12;material;0000172739;12;;ZAMMI;CIRCUITO EXTRACORPOREO MINI-CEC;;;;;;;;;;;;;;11600;SIMPRO_VIG;2012-12-07;19;
SIMPRO;2026-04-12;material;0000140840;12;;SAAVEDRA;CIRCUITO FLEXIVEL ADU.;;;;;;;;;;;;;;97.2;SIMPRO_VIG;2009-09-10;19;
SIMPRO;2026-04-12;material;0000252377;12;;FISHER & PAYKEL;CIRCUITO HYTREL ADU.C/FIO AQUECIDO;;;;;;;;;;;;;;8012.76;SIMPRO_VIG;2015-08-25;19;
SIMPRO;2026-04-12;material;0000252376;12;;FISHER & PAYKEL;CIRCUITO HYTREL NEO.C/FIO AQUECIDO;;;;;;;;;;;;;;8012.76;SIMPRO_VIG;2015-08-25;19;
SIMPRO;2026-04-12;material;0000078991;12;;JG MORIYA;CIRCUITO INF.REUT.P/ESPRIT 1003059;;;;;;;;;;;;;;0;SIMPRO_VIG;2010-01-12;19;
SIMPRO;2026-04-12;material;0000102446;12;;PROTEC - SUSPENSA;CIRCUITO INTER 5 COMPLETO;;;;;;;;;;;;;;528;SIMPRO_VIG;2009-09-29;19;
SIMPRO;2026-04-12;material;0000102447;12;;PROTEC - SUSPENSA;CIRCUITO INTER 5 COMPLETO;;;;;;;;;;;;;;528;SIMPRO_VIG;2009-09-29;19;
SIMPRO;2026-04-12;material;0000268576;12;;LUMIAR BUILDERS;CIRCUITO INVASIVO C/LEAK PORT DESC.;;;;;;;;;;;;;;288.88;SIMPRO_VIG;2016-03-15;19;
SIMPRO;2026-04-12;material;0000268578;12;;LUMIAR BUILDERS;CIRCUITO INVASIVO C/LEAK VALVE DESC.;;;;;;;;;;;;;;438.82;SIMPRO_VIG;2016-03-15;19;
SIMPRO;2026-04-12;material;0000268577;12;;LUMIAR BUILDERS;CIRCUITO INVASIVO DESC.;;;;;;;;;;;;;;248.9;SIMPRO_VIG;2016-03-15;19;
SIMPRO;2026-04-12;material;0000078995;12;;JG MORIYA;CIRCUITO INVASIVO P/ST-D 30 904002;;;;;;;;;;;;;;0;SIMPRO_VIG;2010-01-12;19;
SIMPRO;2026-04-12;material;0000322465;12;;GE ACESSORIOS;CIRCUITO JACKSON REES 20UNID.(038-02-198GE);;;;;;;;;;;;;;331.386;SIMPRO_VIG;2021-05-04;19;
SIMPRO;2026-04-12;material;0000110199;12;;JG MORIYA;CIRCUITO N/INVASIVO 904003;;;;;;;;;;;;;;0;SIMPRO_VIG;2010-01-20;19;
SIMPRO;2026-04-12;material;0000078994;12;;JG MORIYA;CIRCUITO NAO INVASIVO P/ST-D 30 904001;;;;;;;;;;;;;;0;SIMPRO_VIG;2010-01-12;19;
SIMPRO;2026-04-12;material;0000267737;12;;COVIDIEN;CIRCUITO NEONATAL C/CONDENSADOR;;;;;;;;;;;;;;318;SIMPRO_VIG;2016-02-12;19;
SIMPRO;2026-04-12;material;0000084751;12;;COVIDIEN;CIRCUITO NEONATAL C/CONDENSADOR MALLINCKRODT;;;;;;;;;;;;;;318;SIMPRO_VIG;2014-09-02;19;
SIMPRO;2026-04-12;material;0000273118;12;;OXY SYSTEM;CIRCUITO NEONATAL P/VENTILADOR PULMONAR;;;;;;;;;;;;;;1100;SIMPRO_VIG;2016-07-07;19;
SIMPRO;2026-04-12;material;0000334757;12;;CNPH;CIRCUITO O2-MAX TRIO DESC.P/SISTEMA CPAP ADU.(GRD);;;;;;;;;;;;;;2140;SIMPRO_VIG;2022-09-09;19;
SIMPRO;2026-04-12;material;0000334756;12;;CNPH;CIRCUITO O2-MAX TRIO DESC.P/SISTEMA CPAP ADU.(MED.);;;;;;;;;;;;;;2140;SIMPRO_VIG;2022-09-09;19;
SIMPRO;2026-04-12;material;0000121210;12;;JG MORIYA;CIRCUITO P/ANESTESIA ADU.;;;;;;;;;;;;;;1195.94;SIMPRO_VIG;2014-10-28;19;
SIMPRO;2026-04-12;material;0000262298;12;;PROTEC;CIRCUITO P/ANESTESIA BARAKA SILICONE MASC1 1/2LT;;;;;;;;;;;;;;342.04;SIMPRO_VIG;2017-09-05;19;
SIMPRO;2026-04-12;material;0000262299;12;;PROTEC;CIRCUITO P/ANESTESIA BARAKA SILICONE MASC2 1LT;;;;;;;;;;;;;;362.57;SIMPRO_VIG;2017-09-05;19;
SIMPRO;2026-04-12;material;0000322403;12;;MEDICOS;CIRCUITO P/ANESTESIA C/BOLSA/FILTRO/TUBO EXTENSIVEL 150CM PED.EST.. DELFAR PROD;;;;;;;;;;;;;;990;SIMPRO_VIG;2021-04-28;19;
SIMPRO;2026-04-12;material;0000322402;12;;MEDICOS;CIRCUITO P/ANESTESIA C/BOLSA/FILTRO/TUBO EXTENSIVEL 180CM ADU.EST.. DELFAR PROD;;;;;;;;;;;;;;990;SIMPRO_VIG;2021-04-28;19;
SIMPRO;2026-04-12;material;0000322405;12;;MEDICOS;CIRCUITO P/ANESTESIA EXTENSIVEL 150CM PED.EST.. DELFAR PROD;;;;;;;;;;;;;;300;SIMPRO_VIG;2021-04-28;19;
SIMPRO;2026-04-12;material;0000322404;12;;MEDICOS;CIRCUITO P/ANESTESIA EXTENSIVEL 180CM ADU.EST.. DELFAR PROD;;;;;;;;;;;;;;300;SIMPRO_VIG;2021-04-28;19;
SIMPRO;2026-04-12;material;0000121211;12;;JG MORIYA;CIRCUITO P/ANESTESIA INF.;;;;;;;;;;;;;;1556.44;SIMPRO_VIG;2014-10-28;19;
SIMPRO;2026-04-12;material;0000161297;12;;CELMAT;CIRCUITO P/ANESTESIA JACKSON REES I 67-12-000;;;;;;;;;;;;;;1065;SIMPRO_VIG;2011-10-28;19;
SIMPRO;2026-04-12;material;0000161298;12;;CELMAT;CIRCUITO P/ANESTESIA JACKSON REES III 67-12-200;;;;;;;;;;;;;;2400;SIMPRO_VIG;2011-10-28;19;
SIMPRO;2026-04-12;material;0000345523;12;;DRAGER;CIRCUITO P/ANESTESIA SET BASIC ISENTO LATEX 20UN DESC.;;;;;;;;;;;;;;195.935;SIMPRO_VIG;2025-08-14;19;
SIMPRO;2026-04-12;material;0000159669;12;;IMPACTO;CIRCUITO P/BIPAP;;;;;;;;;;;;;;2034.4;SIMPRO_VIG;2022-09-09;19;
SIMPRO;2026-04-12;material;0000044830;12;;NEWMED;CIRCUITO P/CPAP ADU./PED.;;;;;;;;;;;;;;1250;SIMPRO_VIG;2020-05-12;19;
SIMPRO;2026-04-12;material;0000157883;12;;NEWMED;CIRCUITO P/CPAP ADU./PED.MAKE LINE;;;;;;;;;;;;;;828;SIMPRO_VIG;2012-07-10;19;
SIMPRO;2026-04-12;material;0000251683;12;;JG MORIYA;CIRCUITO P/MONITOR NOX 500 ADU.;;;;;;;;;;;;;;1296;SIMPRO_VIG;2014-11-11;19;
SIMPRO;2026-04-12;material;0000251681;12;;JG MORIYA;CIRCUITO P/MONITOR NOX 500 INF.;;;;;;;;;;;;;;972;SIMPRO_VIG;2014-11-11;19;
SIMPRO;2026-04-12;material;0000251687;12;;JG MORIYA;CIRCUITO P/MONITOR PRINTER NOX ADU.;;;;;;;;;;;;;;1296;SIMPRO_VIG;2014-11-11;19;
SIMPRO;2026-04-12;material;0000251685;12;;JG MORIYA;CIRCUITO P/MONITOR PRINTER NOX INF.;;;;;;;;;;;;;;972;SIMPRO_VIG;2014-11-11;19;
SIMPRO;2026-04-12;material;0000110200;12;;JG MORIYA;CIRCUITO P/NOX 500 LUER LOCK;;;;;;;;;;;;;;700;SIMPRO_VIG;2010-07-20;19;
SIMPRO;2026-04-12;material;0000079200;12;;JG MORIYA;CIRCUITO P/NOX 500 MANGUEIRA;;;;;;;;;;;;;;700;SIMPRO_VIG;2010-07-20;19;
SIMPRO;2026-04-12;material;0000110201;12;;JG MORIYA;CIRCUITO P/NOX BOX 902012;;;;;;;;;;;;;;0;SIMPRO_VIG;2010-01-20;19;
SIMPRO;2026-04-12;material;0000350993;12;;WHITE MARTINS;CIRCUITO P/PACIENTE;;;;;;;;;;;;;;2314.7;SIMPRO_VIG;2024-03-28;19;
SIMPRO;2026-04-12;material;0000347836;12;;WHITE MARTINS;CIRCUITO P/PACIENTE 10MM;;;;;;;;;;;;;;2314.7;SIMPRO_VIG;2023-10-27;19;
SIMPRO;2026-04-12;material;0000347837;12;;WHITE MARTINS;CIRCUITO P/PACIENTE 12MM;;;;;;;;;;;;;;2314.7;SIMPRO_VIG;2023-10-27;19;
SIMPRO;2026-04-12;material;0000347838;12;;WHITE MARTINS;CIRCUITO P/PACIENTE 15MM;;;;;;;;;;;;;;2314.7;SIMPRO_VIG;2023-10-27;19;
SIMPRO;2026-04-12;material;0000347839;12;;WHITE MARTINS;CIRCUITO P/PACIENTE 22MM;;;;;;;;;;;;;;2314.7;SIMPRO_VIG;2023-10-27;19;
SIMPRO;2026-04-12;material;0000102444;12;;PROTEC - SUSPENSA;CIRCUITO P/PAINEL TP.CALHA 2 PONTO P/OXIGENIO;;;;;;;;;;;;;;60.5;SIMPRO_VIG;2009-09-29;19;
SIMPRO;2026-04-12;material;0000052783;12;;PROTEC;CIRCUITO P/PAINEL TP.CALHA 2 PONTO P/OXIGENIO ALLTECH 03719;;;;;;;;;;;;;;0.004;SIMPRO_VIG;2009-09-29;19;
SIMPRO;2026-04-12;material;0000102443;12;;PROTEC - SUSPENSA;CIRCUITO P/PAINEL TP.CALHA 3 PONTO P/OXIGENIO;;;;;;;;;;;;;;66;SIMPRO_VIG;2009-09-29;19;
SIMPRO;2026-04-12;material;0000052780;12;;PROTEC;CIRCUITO P/PAINEL TP.CALHA 3 PONTO P/OXIGENIO ALLTECH 03727;;;;;;;;;;;;;;0.004;SIMPRO_VIG;2009-09-29;19;
SIMPRO;2026-04-12;material;0000079201;12;;JG MORIYA;CIRCUITO P/PRINTER NOX COMPLETO 902011;;;;;;;;;;;;;;0;SIMPRO_VIG;2010-01-20;19;
SIMPRO;2026-04-12;material;0000110203;12;;JG MORIYA;CIRCUITO P/RESPICARE SP/ST/CV 5730161;;;;;;;;;;;;;;0;SIMPRO_VIG;2010-01-12;19;
SIMPRO;2026-04-12;material;0000110204;12;;JG MORIYA;CIRCUITO P/RESPICARE VV 5701982;;;;;;;;;;;;;;0;SIMPRO_VIG;2010-01-12;19;
SIMPRO;2026-04-12;material;0000158289;12;;FISHER & PAYKEL;CIRCUITO P/RESSUSCITADOR PECA T DESC.10UNID NEOPUFF;;;;;;;;;;;;;;16.74;SIMPRO_VIG;2016-03-08;19;
SIMPRO;2026-04-12;material;0000110202;12;;JG MORIYA;CIRCUITO P/ROTAMIX 500015;;;;;;;;;;;;;;0;SIMPRO_VIG;2010-01-12;19;
SIMPRO;2026-04-12;material;0000285926;12;;NEWMED;CIRCUITO P/VENTILACAO N/INVASIVA/BIPAP;;;;;;;;;;;;;;605;SIMPRO_VIG;2020-05-12;19;
SIMPRO;2026-04-12;material;0000345522;12;;DRAGER;CIRCUITO P/VENTILACAO VENT SET BASIC 25UN DESC.;;;;;;;;;;;;;;58.912;SIMPRO_VIG;2025-08-14;19;
SIMPRO;2026-04-12;material;0000273700;12;;OXY SYSTEM;CIRCUITO P/VENTILADOR 3100A;;;;;;;;;;;;;;7242;SIMPRO_VIG;2016-07-12;19;
SIMPRO;2026-04-12;material;0000121208;12;;JG MORIYA;CIRCUITO P/VENTILADOR ADU.;;;;;;;;;;;;;;2489.16;SIMPRO_VIG;2014-10-28;19;
SIMPRO;2026-04-12;material;0000121209;12;;JG MORIYA;CIRCUITO P/VENTILADOR INF.;;;;;;;;;;;;;;2746.66;SIMPRO_VIG;2014-10-28;19;
SIMPRO;2026-04-12;material;0000078993;12;;JG MORIYA;CIRCUITO PACIENTE (PLV) 902023;;;;;;;;;;;;;;0;SIMPRO_VIG;2010-01-12;19;
SIMPRO;2026-04-12;material;0000322468;12;;GE ACESSORIOS;CIRCUITO PACIENTE 1,8MT ADU.20UNID.(038-01-610UGE);;;;;;;;;;;;;;222.332;SIMPRO_VIG;2021-05-04;19;
SIMPRO;2026-04-12;material;0000322471;12;;GE ACESSORIOS;CIRCUITO PACIENTE ADU.1,5MT 20UNID.(038-01-100/641GE);;;;;;;;;;;;;;101.742;SIMPRO_VIG;2021-05-04;19;
SIMPRO;2026-04-12;material;0000322473;12;;GE ACESSORIOS;CIRCUITO PACIENTE ADU.C/1WATER TRAP TUBO 1,5MT 20UNID.(038-01-150GE);;;;;;;;;;;;;;118.715;SIMPRO_VIG;2021-05-04;19;
SIMPRO;2026-04-12;material;0000262295;12;;PROTEC;CIRCUITO PACIENTE ANESTESIA SILICONE DXT ADU.;;;;;;;;;;;;;;949.02;SIMPRO_VIG;2017-09-05;19;
SIMPRO;2026-04-12;material;0000290147;12;;PROTEC;CIRCUITO PACIENTE ANESTESIA SILICONE DXT INF.;;;;;;;;;;;;;;949.02;SIMPRO_VIG;2017-09-05;19;
SIMPRO;2026-04-12;material;0000322466;12;;GE ACESSORIOS;CIRCUITO PACIENTE INTELIFLO ADU.20UNID.(038-01-922GE);;;;;;;;;;;;;;196.489;SIMPRO_VIG;2021-05-04;19;
SIMPRO;2026-04-12;material;0000299577;12;;WHITE MARTINS;CIRCUITO PACIENTE NO ALTO FLUXO DESC.5UN.;;;;;;;;;;;;;;1379.718;SIMPRO_VIG;2023-10-27;19;
SIMPRO;2026-04-12;material;0000299576;12;;WHITE MARTINS;CIRCUITO PACIENTE NO BAIXO FLUXO DESC.5UN.;;;;;;;;;;;;;;1379.718;SIMPRO_VIG;2023-10-27;19;
SIMPRO;2026-04-12;material;0000290148;12;;PROTEC;CIRCUITO PACIENTE VENTILACAO SILICONE DXT ADU.;;;;;;;;;;;;;;949.02;SIMPRO_VIG;2017-09-05;19;
SIMPRO;2026-04-12;material;0000262297;12;;PROTEC;CIRCUITO PACIENTE VENTILACAO SILICONE DXT INF.;;;;;;;;;;;;;;1339.68;SIMPRO_VIG;2017-09-05;19;
SIMPRO;2026-04-12;material;0000262296;12;;PROTEC;CIRCUITO PACIENTE VENTILACAO SILICONE INTER3 INF.;;;;;;;;;;;;;;1028.1;SIMPRO_VIG;2017-09-05;19;
SIMPRO;2026-04-12;material;0000290149;12;;PROTEC;CIRCUITO PACIENTE VENTILACAO SILICONE INTER5 ADU.;;;;;;;;;;;;;;949.02;SIMPRO_VIG;2017-09-05;19;
SIMPRO;2026-04-12;material;0000267739;12;;COVIDIEN;CIRCUITO PED.C/CONDENSADOR 15F 160CM;;;;;;;;;;;;;;453.6;SIMPRO_VIG;2016-02-12;19;
SIMPRO;2026-04-12;material;0000042893;12;;COVIDIEN;CIRCUITO PED.C/CONDENSADOR 15F 160CM MALLINCKRODT;;;;;;;;;;;;;;453.6;SIMPRO_VIG;2014-09-02;19;
SIMPRO;2026-04-12;material;0000292773;12;;GE ACESSORIOS;CIRCUITO PED.HYTREL REUT.;;;;;;;;;;;;;;2382.46;SIMPRO_VIG;2021-06-08;19;
SIMPRO;2026-04-12;material;0000110205;12;;JG MORIYA;CIRCUITO PED.PULMONETIC P/ITV;;;;;;;;;;;;;;375.46;SIMPRO_VIG;2007-02-01;19;
SIMPRO;2026-04-12;material;0000289558;12;;LUMIAR BUILDERS;CIRCUITO PED.RAMO DUPLO LUMIAR S/DRENO;;;;;;;;;;;;;;350;SIMPRO_VIG;2017-08-15;19;
SIMPRO;2026-04-12;material;0000303722;12;;COVIDIEN;CIRCUITO PED.RAMO UNICO C/VALVULA EXPIRATORIA/DRENO;;;;;;;;;;;;;;404.3;SIMPRO_VIG;2018-11-06;19;
SIMPRO;2026-04-12;material;0000303725;12;;COVIDIEN;CIRCUITO PED.RAMO UNICO S/VALVULA EXPIRATORIA;;;;;;;;;;;;;;302.4;SIMPRO_VIG;2018-11-06;19;
SIMPRO;2026-04-12;material;0000267740;12;;COVIDIEN;CIRCUITO PED.S/CONDENSADOR 120CM;;;;;;;;;;;;;;453.6;SIMPRO_VIG;2016-02-12;19;
SIMPRO;2026-04-12;material;0000042892;12;;COVIDIEN;CIRCUITO PED.S/CONDENSADOR 120CM MALLINCKRODT;;;;;;;;;;;;;;453.6;SIMPRO_VIG;2014-09-02;19;
SIMPRO;2026-04-12;material;0000242389;12;;COVIDIEN;CIRCUITO PEDIATRICO RAMO DUPLO C/VALVULA EX;;;;;;;;;;;;;;525.63;SIMPRO_VIG;2014-01-10;19;
SIMPRO;2026-04-12;material;0000242387;12;;COVIDIEN;CIRCUITO PEDIATRICO RAMO UNICO C/VALVULA EX;;;;;;;;;;;;;;384.23;SIMPRO_VIG;2014-01-10;19;
SIMPRO;2026-04-12;material;0000253794;12;;LUMIAR;CIRCUITO PEDIATRICO VSIII RAMO DUPLO C/COPO DRENO;;;;;;;;;;;;;;480;SIMPRO_VIG;2015-02-20;19;
SIMPRO;2026-04-12;material;0000136353;12;;GMI - GABISA;CIRCUITO PRESSAO AR POSITIVA CONTINUA CPAP00;;;;;;;;;;;;;;770.61;SIMPRO_VIG;2023-06-07;19;
SIMPRO;2026-04-12;material;0000136354;12;;GMI - GABISA;CIRCUITO PRESSAO AR POSITIVA CONTINUA CPAP01;;;;;;;;;;;;;;770.61;SIMPRO_VIG;2023-06-07;19;
SIMPRO;2026-04-12;material;0000136355;12;;GMI - GABISA;CIRCUITO PRESSAO AR POSITIVA CONTINUA CPAP02;;;;;;;;;;;;;;770.61;SIMPRO_VIG;2023-06-07;19;
SIMPRO;2026-04-12;material;0000136356;12;;GMI - GABISA;CIRCUITO PRESSAO AR POSITIVA CONTINUA CPAP03;;;;;;;;;;;;;;770.61;SIMPRO_VIG;2023-06-07;19;
SIMPRO;2026-04-12;material;0000318711;12;;CNPH;CIRCUITO PRONGUES NASAIS NR.0 INF.CPAP BUBBLE HOSPITAK;;;;;;;;;;;;;;844.88;SIMPRO_VIG;2020-11-04;19;
SIMPRO;2026-04-12;material;0000318710;12;;CNPH;CIRCUITO PRONGUES NASAIS NR.00 INF.CPAP BUBBLE HOSPITAK;;;;;;;;;;;;;;844.88;SIMPRO_VIG;2020-11-04;19;
SIMPRO;2026-04-12;material;0000318712;12;;CNPH;CIRCUITO PRONGUES NASAIS NR.01 INF.CPAP BUBBLE HOSPITAK;;;;;;;;;;;;;;844.88;SIMPRO_VIG;2020-11-04;19;
SIMPRO;2026-04-12;material;0000318713;12;;CNPH;CIRCUITO PRONGUES NASAIS NR.02 INF.CPAP BUBBLE HOSPITAK;;;;;;;;;;;;;;844.88;SIMPRO_VIG;2020-11-04;19;
SIMPRO;2026-04-12;material;0000318714;12;;CNPH;CIRCUITO PRONGUES NASAIS NR.03 INF.CPAP BUBBLE HOSPITAK;;;;;;;;;;;;;;844.88;SIMPRO_VIG;2020-11-04;19;
SIMPRO;2026-04-12;material;0000318715;12;;CNPH;CIRCUITO PRONGUES NASAIS NR.04 INF.CPAP BUBBLE HOSPITAK;;;;;;;;;;;;;;844.88;SIMPRO_VIG;2020-11-04;19;
SIMPRO;2026-04-12;material;0000318716;12;;CNPH;CIRCUITO PRONGUES NASAIS NR.05 INF.CPAP BUBBLE HOSPITAK;;;;;;;;;;;;;;844.88;SIMPRO_VIG;2020-11-04;19;
SIMPRO;2026-04-12;material;0000052784;12;;PROTEC;CIRCUITO Q FASE POSIT.NEGAT.P/RESP.BIRD MARK7 03657;;;;;;;;;;;;;;0.004;SIMPRO_VIG;2009-09-29;19;
SIMPRO;2026-04-12;material;0000268579;12;;LUMIAR BUILDERS;CIRCUITO RAMO DUPLO ADU.DESC.;;;;;;;;;;;;;;305.88;SIMPRO_VIG;2016-03-15;19;
SIMPRO;2026-04-12;material;0000295558;12;;LUMIAR BUILDERS;CIRCUITO RAMO DUPLO LUMIAR S/DRENO ADU.1,80MT;;;;;;;;;;;;;;350;SIMPRO_VIG;2018-02-27;19;
SIMPRO;2026-04-12;material;0000268580;12;;LUMIAR BUILDERS;CIRCUITO RAMO DUPLO PED.DESC.;;;;;;;;;;;;;;359.86;SIMPRO_VIG;2016-03-15;19;
SIMPRO;2026-04-12;material;0000285929;12;;NEWMED;CIRCUITO RESOIRATORIO DESC.STANDARD HS 1,8MT DESC.;;;;;;;;;;;;;;556;SIMPRO_VIG;2020-05-12;19;
SIMPRO;2026-04-12;material;0000286289;12;;CELMAT;CIRCUITO RESP.ADU.C/FILTRO DESC.1,8MT C/CONECTOR COTOVELO LUER LOOK/PARALELO BALAO 2LT;;;;;;;;;;;;;;483;SIMPRO_VIG;2017-06-20;19;
SIMPRO;2026-04-12;material;0000286291;12;;CELMAT;CIRCUITO RESP.ADU.C/FILTRO DESC.1,8MT C/CONECTOR COTOVELO LUER LOOK/Y BALAO 3LT;;;;;;;;;;;;;;495;SIMPRO_VIG;2018-05-08;19;
SIMPRO;2026-04-12;material;0000286285;12;;CELMAT;CIRCUITO RESP.ADU.DESC.CORRUGADO 1,6MT(INSP/EXP)C/CONECTOR COTOVELO LUER LOOK/PARALELO;;;;;;;;;;;;;;203;SIMPRO_VIG;2017-06-20;19;
SIMPRO;2026-04-12;material;0000286287;12;;CELMAT;CIRCUITO RESP.ADU.DESC.CORRUGADO 1,8MT(INSP/EXP)C/CONECTOR COTOVELO LUER LOOK/PARALELO;;;;;;;;;;;;;;224;SIMPRO_VIG;2017-06-20;19;
SIMPRO;2026-04-12;material;0000286288;12;;CELMAT;CIRCUITO RESP.ADU.DESC.DOBRAVEL 1,6MT(INSP/EXP)C/CONECTOR COTOVELO LUER LOOK/PARALELO;;;;;;;;;;;;;;203;SIMPRO_VIG;2017-06-20;19;
SIMPRO;2026-04-12;material;0000286286;12;;CELMAT;CIRCUITO RESP.ADU.DESC.EXPANSIVEL 1,6MT(INSP/EXP)C/CONECTOR COTOVELO LUER LOOK/Y;;;;;;;;;;;;;;259.01;SIMPRO_VIG;2017-06-20;19;
SIMPRO;2026-04-12;material;0000286292;12;;CELMAT;CIRCUITO RESP.ADU.DESC.LISO 1,6MT(INSP/EXP)C/CONECTOR COTOVELO LUER LOOK/PARALELO;;;;;;;;;;;;;;364;SIMPRO_VIG;2017-06-20;19;
SIMPRO;2026-04-12;material;0000286293;12;;CELMAT;CIRCUITO RESP.ADU.DESC.LISO 1,8MT(INSP/EXP)C/CONECTOR COTOVELO LUER LOOK/PARALELO;;;;;;;;;;;;;;392;SIMPRO_VIG;2017-06-20;19;
SIMPRO;2026-04-12;material;0000286290;12;;CELMAT;CIRCUITO RESP.ADU.DOBRAVEL 1,8MT(INSP/EXP)C/CONECTOR S COTOVELO LUER LOOK/PARALELO;;;;;;;;;;;;;;224;SIMPRO_VIG;2017-06-20;19;
SIMPRO;2026-04-12;material;0000163805;12;;SAAVEDRA;CIRCUITO RESP.FLEXIVEL C/CP.COLETOR;;;;;;;;;;;;;;406.08;SIMPRO_VIG;2012-01-09;19;
SIMPRO;2026-04-12;material;0000345567;12;;DRAGER;CIRCUITO RESP.HI-FLOW STAR 25UN DESC.;;;;;;;;;;;;;;542.968;SIMPRO_VIG;2025-08-14;19;
SIMPRO;2026-04-12;material;0000286282;12;;CELMAT;CIRCUITO RESP.INF.DESC.1,6MT C/DRENO D'AGUA CONECTOR COTOVELO Y/RETO;;;;;;;;;;;;;;490;SIMPRO_VIG;2017-06-20;19;
SIMPRO;2026-04-12;material;0000286283;12;;CELMAT;CIRCUITO RESP.INF.DESC.1,6MT C/DRENO D'AGUA CONECTOR COTOVELO/Y;;;;;;;;;;;;;;370;SIMPRO_VIG;2017-06-20;19;
SIMPRO;2026-04-12;material;0000286284;12;;CELMAT;CIRCUITO RESP.INF.DESC.1,8MT C/DRENO D'AGUA CONECTOR COTOVELO/Y;;;;;;;;;;;;;;392;SIMPRO_VIG;2017-06-20;19;
SIMPRO;2026-04-12;material;0000257977;12;;NEWMED;CIRCUITO RESP.P/ANESTESIA C/FILTRO UMIDIFICADOR NEO.LIMBO;;;;;;;;;;;;;;173.32;SIMPRO_VIG;2017-05-03;19;
SIMPRO;2026-04-12;material;0000257976;12;;NEWMED;CIRCUITO RESP.P/ANESTESIA LIMBO P/ADM.GASES;;;;;;;;;;;;;;783.48;SIMPRO_VIG;2017-05-03;19;
SIMPRO;2026-04-12;material;0000140971;12;;SAAVEDRA;CIRCUITO RESP.SILVER KNIGHT S/BOLSA 1,60CM;;;;;;;;;;;;;;199.8;SIMPRO_VIG;2009-09-10;19;
SIMPRO;2026-04-12;material;0000140972;12;;SAAVEDRA;CIRCUITO RESP.SILVER KNIGHT S/BOLSA 2,40CM;;;;;;;;;;;;;;210.6;SIMPRO_VIG;2009-09-10;19;
SIMPRO;2026-04-12;material;0000345563;12;;DRAGER;CIRCUITO RESP.VENTSTAR HELIX AQUECIDO PLUS 10UN DESC.;;;;;;;;;;;;;;871.056;SIMPRO_VIG;2025-08-14;19;
SIMPRO;2026-04-12;material;0000345562;12;;DRAGER;CIRCUITO RESP.VENTSTAR HELIX DUPLO AQUECIDO PLUS 10UN DESC.;;;;;;;;;;;;;;740.608;SIMPRO_VIG;2025-08-14;19;
SIMPRO;2026-04-12;material;0000273744;12;;NEWMED;CIRCUITO RESPIRAT.DESC.STD P/ANESTESIA 1,2MT(INSPIR.EXPIR./TRAQUEIA EXTRA/BALAO 2LT);;;;;;;;;;;;;;635;SIMPRO_VIG;2020-05-12;19;
SIMPRO;2026-04-12;material;0000273743;12;;NEWMED;CIRCUITO RESPIRAT.DESC.STD P/ANESTESIA 1,5MT(INSPIR.EXPIR./TRAQUEIA EXTRA/BALAO 2LT);;;;;;;;;;;;;;635;SIMPRO_VIG;2020-05-12;19;
SIMPRO;2026-04-12;material;0000272647;12;;NEWMED;CIRCUITO RESPIRAT.DESC.STD P/ANESTESIA 1,8MT(INSPIR./EXPIR./TERAQUEIA EXTRA/BALAO 2LT);;;;;;;;;;;;;;715;SIMPRO_VIG;2020-05-12;19;
SIMPRO;2026-04-12;material;0000349511;12;;INTERSURGICAL;CIRCUITO RESPIRATARIO BILEVEL 22MM FLEXTUBE PED.C/CAMARA P/SIST.AQUECIDO/TAMPA SEGURANCA;;;;;;;;;;;;;;1650;SIMPRO_VIG;2023-12-27;19;
SIMPRO;2026-04-12;material;0000271952;12;;INTERSURGICAL;CIRCUITO RESPIRATIORIO COAXIAL UNIFLOW 30MM C/COTOVELO LUER EV TRAQUEIA 1,6MT;;;;;;;;;;;;;;520;SIMPRO_VIG;2023-08-08;19;
SIMPRO;2026-04-12;material;0000140842;12;;INTERSURGICAL;CIRCUITO RESPIRATIORIO COAXIAL UNIFLOW 30MM C/COTOVELO LUER EV TRAQUEIA 2,4MT;;;;;;;;;;;;;;485;SIMPRO_VIG;2023-12-27;19;
SIMPRO;2026-04-12;material;0000266895;12;;GETINGE;CIRCUITO RESPIRATORIO 10MM 2COLETORES SILICONE REUT.;;;;;;;;;;;;;;3700;SIMPRO_VIG;2016-01-29;19;
SIMPRO;2026-04-12;material;0000355399;12;;INTERSURGICAL;CIRCUITO RESPIRATORIO 15MM FLEXTUBE BOLSA 1,0L COTOVELO LUER TRAQUEIA 1,6MT;;;;;;;;;;;;;;800;SIMPRO_VIG;2024-09-24;19;
SIMPRO;2026-04-12;material;0000355400;12;;INTERSURGICAL;CIRCUITO RESPIRATORIO 15MM FLEXTUBE BOLSA 1,0L COTOVELO LUER TRAQUEIA 2MT;;;;;;;;;;;;;;800;SIMPRO_VIG;2024-09-24;19;
SIMPRO;2026-04-12;material;0000355397;12;;INTERSURGICAL;CIRCUITO RESPIRATORIO 15MM FLEXTUBE BOLSA 1,0L COTOVELO TRAQUEIA 1,6MT;;;;;;;;;;;;;;800;SIMPRO_VIG;2024-09-24;19;
SIMPRO;2026-04-12;material;0000355398;12;;INTERSURGICAL;CIRCUITO RESPIRATORIO 15MM FLEXTUBE BOLSA 1,0L COTOVELO TRAQUEIA 2,0MT;;;;;;;;;;;;;;800;SIMPRO_VIG;2024-09-24;19;
SIMPRO;2026-04-12;material;0000355416;12;;INTERSURGICAL;CIRCUITO RESPIRATORIO 15MM FLEXTUBE C/COLETORE AGUA Y TRAQUEIA 0,4X1,6MT;;;;;;;;;;;;;;925;SIMPRO_VIG;2024-09-24;19;
SIMPRO;2026-04-12;material;0000352520;12;;INTERSURGICAL;CIRCUITO RESPIRATORIO 22MM FLEXTUBE C/COLETOR AGUA Y PORTA TRAQUEIA 0,8M 1,6MT;;;;;;;;;;;;;;350;SIMPRO_VIG;2024-05-29;19;
SIMPRO;2026-04-12;material;0000266894;12;;GETINGE;CIRCUITO RESPIRATORIO 22MM P/HME SILICONE REUT.;;;;;;;;;;;;;;2700;SIMPRO_VIG;2016-01-29;19;
SIMPRO;2026-04-12;material;0000323604;12;;GE ACESSORIOS;CIRCUITO RESPIRATORIO 3,8MT CONECTOR Y 12UNID.(620B0035-12);;;;;;;;;;;;;;695.25;SIMPRO_VIG;2021-05-11;19;
SIMPRO;2026-04-12;material;0000169657;12;;BIO-DATA;CIRCUITO RESPIRATORIO ADU.;;;;;;;;;;;;;;320;SIMPRO_VIG;2012-07-30;19;
SIMPRO;2026-04-12;material;0000252389;12;;FISHER & PAYKEL;CIRCUITO RESPIRATORIO ADU.;;;;;;;;;;;;;;1018.25;SIMPRO_VIG;2015-08-25;19;
SIMPRO;2026-04-12;material;0000252390;12;;FISHER & PAYKEL;CIRCUITO RESPIRATORIO ADU.;;;;;;;;;;;;;;1176.08;SIMPRO_VIG;2025-12-02;19;
SIMPRO;2026-04-12;material;0000318768;12;;CNPH;CIRCUITO RESPIRATORIO ADU.1,80MT HOSPITAK;;;;;;;;;;;;;;973.13;SIMPRO_VIG;2020-11-04;19;
SIMPRO;2026-04-12;material;0000338828;12;;FISHER & PAYKEL;CIRCUITO RESPIRATORIO ADU.BI LEVEL/CPAP 950;;;;;;;;;;;;;;1876.04;SIMPRO_VIG;2025-12-02;19;
SIMPRO;2026-04-12;material;0000273055;12;;FISHER & PAYKEL;CIRCUITO RESPIRATORIO ADU.EVAQUA;;;;;;;;;;;;;;1460.03;SIMPRO_VIG;2025-12-02;19;
SIMPRO;2026-04-12;material;0000338827;12;;FISHER & PAYKEL;CIRCUITO RESPIRATORIO ADU.OPTIFLOW 950;;;;;;;;;;;;;;1838.73;SIMPRO_VIG;2025-12-02;19;
SIMPRO;2026-04-12;material;0000252406;12;;FISHER & PAYKEL;CIRCUITO RESPIRATORIO ADU.P/OPTIFLOW;;;;;;;;;;;;;;1058.53;SIMPRO_VIG;2025-12-02;19;
SIMPRO;2026-04-12;material;0000349330;12;;INTERSURGICAL;CIRCUITO RESPIRATORIO ANESTESICO MAPLESON ADU.C/BOLSA 2LT 1,8MT;;;;;;;;;;;;;;520;SIMPRO_VIG;2023-12-27;19;
SIMPRO;2026-04-12;material;0000163804;12;;INTERSURGICAL;CIRCUITO RESPIRATORIO ANESTESICO MAPLESON PED.C/VALV.APL/BOLSA 0,5L 1,8MT;;;;;;;;;;;;;;490;SIMPRO_VIG;2023-08-08;19;
SIMPRO;2026-04-12;material;0000349345;12;;INTERSURGICAL;CIRCUITO RESPIRATORIO ANESTESICO MAPLESON PED.C/VALVULA APL/BOLSA 1 LT 1,8MT;;;;;;;;;;;;;;490;SIMPRO_VIG;2023-12-27;19;
SIMPRO;2026-04-12;material;0000349344;12;;INTERSURGICAL;CIRCUITO RESPIRATORIO ANESTESICO MAPLESON PED.VALV.APL PECA T BOLSA 1LT 1,8MT;;;;;;;;;;;;;;850;SIMPRO_VIG;2023-12-27;19;
SIMPRO;2026-04-12;material;0000271922;12;;INTERSURGICAL;CIRCUITO RESPIRATORIO ANTIMICROBIANO FLEXTUBE SILVER KNIGHT 22MM 1,6MT;;;;;;;;;;;;;;1400;SIMPRO_VIG;2023-08-08;19;
SIMPRO;2026-04-12;material;0000271923;12;;INTERSURGICAL;CIRCUITO RESPIRATORIO ANTIMICROBIANO FLEXTUBE SILVER KNIGHT 22MM 2,4MT;;;;;;;;;;;;;;1560;SIMPRO_VIG;2023-08-08;19;
SIMPRO;2026-04-12;material;0000349331;12;;INTERSURGICAL;CIRCUITO RESPIRATORIO ANTIMICROBIANO FLEXTUBE SILVER KNIGHT 22MM C/BOLSA 2LT/LINHA 1,6MT;;;;;;;;;;;;;;520;SIMPRO_VIG;2023-12-27;19;
SIMPRO;2026-04-12;material;0000349332;12;;INTERSURGICAL;CIRCUITO RESPIRATORIO ANTIMICROBIANO FLEXTUBE SILVER KNIGHT 22MM C/BOLSA 2LT/LINHA 2,4MT;;;;;;;;;;;;;;520;SIMPRO_VIG;2023-12-27;19;
SIMPRO;2026-04-12;material;0000349333;12;;INTERSURGICAL;CIRCUITO RESPIRATORIO ANTIMICROBIANO FLEXTUBE SILVER KNIGHT 22MM C/BOLSA 2LT/LINHA 3,2MT;;;;;;;;;;;;;;1100;SIMPRO_VIG;2023-12-27;19;
SIMPRO;2026-04-12;material;0000349334;12;;INTERSURGICAL;CIRCUITO RESPIRATORIO ANTIMICROBIANO FLEXTUBE SILVER KNIGHT 22MM C/BOLSA 2LT/LINHA 3,6MT;;;;;;;;;;;;;;1100;SIMPRO_VIG;2023-12-27;19;
SIMPRO;2026-04-12;material;0000349336;12;;INTERSURGICAL;CIRCUITO RESPIRATORIO ANTIMICROBIANO FLEXTUBE SILVER KNIGHT 22MM C/BOLSA 2LT/LINHA 4,8MT;;;;;;;;;;;;;;1100;SIMPRO_VIG;2023-12-27;19;
SIMPRO;2026-04-12;material;0000349335;12;;INTERSURGICAL;CIRCUITO RESPIRATORIO ANTIMICROBIANO FLEXTUBE SILVER KNIGHT 22MM C/BOLSA 2LT/LINHA 4MT;;;;;;;;;;;;;;1100;SIMPRO_VIG;2023-12-27;19;
SIMPRO;2026-04-12;material;0000349337;12;;INTERSURGICAL;CIRCUITO RESPIRATORIO ANTIMICROBIANO FLEXTUBE SILVER KNIGHT 22MM C/BOLSA 2LT/LINHA 5,6MT;;;;;;;;;;;;;;1100;SIMPRO_VIG;2023-12-27;19;
SIMPRO;2026-04-12;material;0000347109;12;;SANOVIE;CIRCUITO RESPIRATORIO AQUECIDO NEO.HW1 GALEMED HUMI.AIDE 12UN;;;;;;;;;;;;;;395.04;SIMPRO_VIG;2023-09-26;19;
SIMPRO;2026-04-12;material;0000349510;12;;INTERSURGICAL;CIRCUITO RESPIRATORIO BILEVEL 22MM FLEXTUBE PED.C/CAMARA P/SIST.AQUECIDO/TAMPA SEGURANCA;;;;;;;;;;;;;;1650;SIMPRO_VIG;2023-12-27;19;
SIMPRO;2026-04-12;material;0000349512;12;;INTERSURGICAL;CIRCUITO RESPIRATORIO BILEVEL 22MM FLEXTUBE PED.C/CAMARA P/SIST.AQUECIDO/TAMPA SEGURANCA;;;;;;;;;;;;;;1650;SIMPRO_VIG;2023-12-27;19;
SIMPRO;2026-04-12;material;0000349377;12;;INTERSURGICAL;CIRCUITO RESPIRATORIO BILEVEL 22MM FLEXTUBE PED.C/CAMARA P/SISTEMA AQUECIDO;;;;;;;;;;;;;;1250;SIMPRO_VIG;2023-12-27;19;
SIMPRO;2026-04-12;material;0000349506;12;;INTERSURGICAL;CIRCUITO RESPIRATORIO BILEVEL 30MM FLEXTUBE ADU.C/CAMARA P/SIST.AQUECIDO/TAMPA SEGURANCA;;;;;;;;;;;;;;1650;SIMPRO_VIG;2023-12-27;19;
SIMPRO;2026-04-12;material;0000349507;12;;INTERSURGICAL;CIRCUITO RESPIRATORIO BILEVEL 30MM FLEXTUBE ADU.C/CAMARA P/SIST.AQUECIDO/TAMPA SEGURANCA;;;;;;;;;;;;;;1650;SIMPRO_VIG;2023-12-27;19;
SIMPRO;2026-04-12;material;0000349508;12;;INTERSURGICAL;CIRCUITO RESPIRATORIO BILEVEL 30MM FLEXTUBE ADU.C/CAMARA P/SIST.AQUECIDO/TAMPA SEGURANCA;;;;;;;;;;;;;;1650;SIMPRO_VIG;2023-12-27;19;
SIMPRO;2026-04-12;material;0000349509;12;;INTERSURGICAL;CIRCUITO RESPIRATORIO BILEVEL 30MM FLEXTUBE ADU.C/CAMARA P/SIST.AQUECIDO/TAMPA SEGURANCA;;;;;;;;;;;;;;1650;SIMPRO_VIG;2023-12-27;19;
SIMPRO;2026-04-12;material;0000268774;12;;FISHER & PAYKEL;CIRCUITO RESPIRATORIO C/PC T DESC.NEOPUFF;;;;;;;;;;;;;;188.07;SIMPRO_VIG;2025-12-02;19;
SIMPRO;2026-04-12;material;0000349327;12;;INTERSURGICAL;CIRCUITO RESPIRATORIO COAXIAL UNIFLOW 30MM 2,4MT;;;;;;;;;;;;;;520;SIMPRO_VIG;2023-12-27;19;
SIMPRO;2026-04-12;material;0000349326;12;;INTERSURGICAL;CIRCUITO RESPIRATORIO COAXIAL UNIFLOW 30MM C/COTOVELO LINHA INTEGRAL TRAQUEIA 1,6MT;;;;;;;;;;;;;;520;SIMPRO_VIG;2023-12-27;19;
SIMPRO;2026-04-12;material;0000322475;12;;GE ACESSORIOS;CIRCUITO RESPIRATORIO CONECTOR Y PACIENTE PED.1,5MT 20UNID.(038-02-165AGE);;;;;;;;;;;;;;166.586;SIMPRO_VIG;2021-05-04;19;
SIMPRO;2026-04-12;material;0000277829;12;;NEWMED;CIRCUITO RESPIRATORIO DESC.C/WATER TRAP INF.;;;;;;;;;;;;;;840;SIMPRO_VIG;2020-05-12;19;
SIMPRO;2026-04-12;material;0000285927;12;;NEWMED;CIRCUITO RESPIRATORIO DESC.C/WATER TRAP.ADU.;;;;;;;;;;;;;;878;SIMPRO_VIG;2020-05-12;19;
SIMPRO;2026-04-12;material;0000281758;12;;NEWMED;CIRCUITO RESPIRATORIO DESC.P/BIPAP HS;;;;;;;;;;;;;;520;SIMPRO_VIG;2020-05-12;19;
SIMPRO;2026-04-12;material;0000285928;12;;NEWMED;CIRCUITO RESPIRATORIO DESC.STANDARD HS 1,2MT DESC.;;;;;;;;;;;;;;390;SIMPRO_VIG;2020-05-12;19;
SIMPRO;2026-04-12;material;0000277316;12;;NEWMED;CIRCUITO RESPIRATORIO DESC.STANDARD HS 1,5MM;;;;;;;;;;;;;;465;SIMPRO_VIG;2020-05-12;19;
SIMPRO;2026-04-12;material;0000270922;12;;NEWMED;CIRCUITO RESPIRATORIO DESC.STANDARD MK 1,2MM(RAMO INSP/RAMO EXP);;;;;;;;;;;;;;300;SIMPRO_VIG;2020-05-12;19;
SIMPRO;2026-04-12;material;0000270921;12;;NEWMED;CIRCUITO RESPIRATORIO DESC.STANDARD MK 1,5MM(RAMO INSP/RAMO EXP);;;;;;;;;;;;;;330;SIMPRO_VIG;2020-05-12;19;
SIMPRO;2026-04-12;material;0000270920;12;;NEWMED;CIRCUITO RESPIRATORIO DESC.STANDARD MK 1,8MM(RAMO INSP/RAMO EXP);;;;;;;;;;;;;;390;SIMPRO_VIG;2020-05-12;19;
SIMPRO;2026-04-12;material;0000259674;12;;NEWMED;CIRCUITO RESPIRATORIO DESC.STANDARD P/ANESTESIA 1,5 ADU.;;;;;;;;;;;;;;710.42;SIMPRO_VIG;2016-05-10;19;
SIMPRO;2026-04-12;material;0000259675;12;;NEWMED;CIRCUITO RESPIRATORIO DESC.STANDARD P/ANESTESIA 1,5 INF.;;;;;;;;;;;;;;710.42;SIMPRO_VIG;2016-05-10;19;
SIMPRO;2026-04-12;material;0000285931;12;;NEWMED;CIRCUITO RESPIRATORIO DESC.STANDARD P/ANESTESIA 1,5C;;;;;;;;;;;;;;710;SIMPRO_VIG;2020-05-12;19;
SIMPRO;2026-04-12;material;0000285932;12;;NEWMED;CIRCUITO RESPIRATORIO DESC.STANDARD P/ANESTESIA 1,8C;;;;;;;;;;;;;;805;SIMPRO_VIG;2020-05-12;19;
SIMPRO;2026-04-12;material;0000285930;12;;NEWMED;CIRCUITO RESPIRATORIO DESC.STANDARD P/ANESTESIA INF.;;;;;;;;;;;;;;790;SIMPRO_VIG;2020-05-12;19;
SIMPRO;2026-04-12;material;0000352521;12;;INTERSURGICAL;CIRCUITO RESPIRATORIO DRI THERM FIO DUPLO AQUECIDO;;;;;;;;;;;;;;350;SIMPRO_VIG;2024-05-29;19;
SIMPRO;2026-04-12;material;0000338832;12;;FISHER & PAYKEL;CIRCUITO RESPIRATORIO DUPLO NEO.950;;;;;;;;;;;;;;2408.56;SIMPRO_VIG;2023-03-28;19;
SIMPRO;2026-04-12;material;0000349594;12;;INTERSURGICAL;CIRCUITO RESPIRATORIO ECO SMOOTHBORE 22MM 1,6MT;;;;;;;;;;;;;;400;SIMPRO_VIG;2023-12-27;19;
SIMPRO;2026-04-12;material;0000252393;12;;FISHER & PAYKEL;CIRCUITO RESPIRATORIO EVATHERM;;;;;;;;;;;;;;4998;SIMPRO_VIG;2015-08-25;19;
SIMPRO;2026-04-12;material;0000324562;12;;CNPH;CIRCUITO RESPIRATORIO EXPANSIVEL 2MT PED.C/MASCARA ALMOFADADA HOSPITAK;;;;;;;;;;;;;;936.65;SIMPRO_VIG;2021-06-30;19;
SIMPRO;2026-04-12;material;0000342262;12;;CNPH;CIRCUITO RESPIRATORIO EXPANSIVEL 2MT.C/CONEC.FLEXICARE ADU;;;;;;;;;;;;;;885;SIMPRO_VIG;2023-06-15;19;
SIMPRO;2026-04-12;material;342262;12;;CNPH;CIRCUITO RESPIRATORIO EXPANSIVEL 2MT.C/CONEC.FLEXICARE ADU;;;;;;;;;;;;;;885;SIMPRO_VIG;2023-06-15;19;
SIMPRO;2026-04-12;material;0000342263;12;;CNPH;CIRCUITO RESPIRATORIO EXPANSIVEL 2MT.C/CONEC.FLEXICARE PED;;;;;;;;;;;;;;885;SIMPRO_VIG;2023-06-15;19;
SIMPRO;2026-04-12;material;342263;12;;CNPH;CIRCUITO RESPIRATORIO EXPANSIVEL 2MT.C/CONEC.FLEXICARE PED;;;;;;;;;;;;;;885;SIMPRO_VIG;2023-06-15;19;
SIMPRO;2026-04-12;material;0000324564;12;;CNPH;CIRCUITO RESPIRATORIO EXPANSIVEL 3MT PED.C/MASCARA ALMOFADADA HOSPITAK;;;;;;;;;;;;;;986.65;SIMPRO_VIG;2021-06-30;19;
SIMPRO;2026-04-12;material;0000342264;12;;CNPH;CIRCUITO RESPIRATORIO EXPANSIVEL 3MT.C/CONEC.FLEXICARE ADU;;;;;;;;;;;;;;955;SIMPRO_VIG;2023-06-15;19;
SIMPRO;2026-04-12;material;342264;12;;CNPH;CIRCUITO RESPIRATORIO EXPANSIVEL 3MT.C/CONEC.FLEXICARE ADU;;;;;;;;;;;;;;955;SIMPRO_VIG;2023-06-15;19;
SIMPRO;2026-04-12;material;0000342265;12;;CNPH;CIRCUITO RESPIRATORIO EXPANSIVEL 3MT.C/CONEC.FLEXICARE PED;;;;;;;;;;;;;;955;SIMPRO_VIG;2023-06-15;19;
SIMPRO;2026-04-12;material;342265;12;;CNPH;CIRCUITO RESPIRATORIO EXPANSIVEL 3MT.C/CONEC.FLEXICARE PED;;;;;;;;;;;;;;955;SIMPRO_VIG;2023-06-15;19;
SIMPRO;2026-04-12;material;0000324561;12;;CNPH;CIRCUITO RESPIRATORIO EXPANSIVEL ADU.2MT C/MASCARA ALMOFADADA HOSPITAK;;;;;;;;;;;;;;936.65;SIMPRO_VIG;2021-06-30;19;
SIMPRO;2026-04-12;material;0000318774;12;;CNPH;CIRCUITO RESPIRATORIO EXPANSIVEL ADU.2MT HOSPITAK;;;;;;;;;;;;;;687.64;SIMPRO_VIG;2021-08-31;19;
SIMPRO;2026-04-12;material;0000324563;12;;CNPH;CIRCUITO RESPIRATORIO EXPANSIVEL ADU.3MT C/MASCARA ALMOFADADA HOSPITAK;;;;;;;;;;;;;;986.65;SIMPRO_VIG;2021-06-30;19;
SIMPRO;2026-04-12;material;0000318773;12;;CNPH;CIRCUITO RESPIRATORIO EXPANSIVEL ADU.3MT HOSPITAK;;;;;;;;;;;;;;783.82;SIMPRO_VIG;2021-08-31;19;
SIMPRO;2026-04-12;material;0000301362;12;;BRASIL MED CARE;CIRCUITO RESPIRATORIO EXPANSIVEL ADU.COMPLETO;;;;;;;;;;;;;;614;SIMPRO_VIG;2018-08-28;19;
SIMPRO;2026-04-12;material;0000144201;12;;CNPH;CIRCUITO RESPIRATORIO EXPANSIVEL P/ANESTESIA ADU.2MT.;;;;;;;;;;;;;;790;SIMPRO_VIG;2022-05-24;19;
SIMPRO;2026-04-12;material;0000325791;12;;CNPH;CIRCUITO RESPIRATORIO EXPANSIVEL PED.2MT HOSPITAK;;;;;;;;;;;;;;687.64;SIMPRO_VIG;2021-08-31;19;
SIMPRO;2026-04-12;material;0000318772;12;;CNPH;CIRCUITO RESPIRATORIO EXPANSIVEL PED.3MT HOSPITAK;;;;;;;;;;;;;;825.1;SIMPRO_VIG;2021-08-31;19;
SIMPRO;2026-04-12;material;0000345593;12;;SEVEN CARE;CIRCUITO RESPIRATORIO EXPANSIVO C/BOLSA P/ANESTESIA ADU.SEVEN CARE 14269;;;;;;;;;;;;;;598;SIMPRO_VIG;2023-08-11;19;
SIMPRO;2026-04-12;material;0000345594;12;;SEVEN CARE;CIRCUITO RESPIRATORIO EXPANSIVO C/BOLSA P/ANESTESIA PED./NEO.SEVEN CARE 14270;;;;;;;;;;;;;;568;SIMPRO_VIG;2023-08-11;19;
SIMPRO;2026-04-12;material;0000345595;12;;SEVEN CARE;CIRCUITO RESPIRATORIO EXPANSIVO P/VENTILACAO MECANICA S/BOLSA CTI ADU.SEVEN CARE 14271;;;;;;;;;;;;;;579;SIMPRO_VIG;2023-08-11;19;
SIMPRO;2026-04-12;material;0000345596;12;;SEVEN CARE;CIRCUITO RESPIRATORIO EXPANSIVO P/VENTILACAO MECANICA S/BOLSA CTI PED./NEO.SEVEN CARE 14272;;;;;;;;;;;;;;549;SIMPRO_VIG;2023-08-11;19;
SIMPRO;2026-04-12;material;0000349319;12;;INTERSURGICAL;CIRCUITO RESPIRATORIO EXTENSIVEL 22MM COMPACT C/BOLSA 2LT /TRAQUEIA 1,5/2,0MT;;;;;;;;;;;;;;840;SIMPRO_VIG;2023-12-27;19;
SIMPRO;2026-04-12;material;0000349320;12;;INTERSURGICAL;CIRCUITO RESPIRATORIO EXTENSIVEL 22MM COMPACT C/BOLSA 2LT/TRAQUEIA 1,5/2,0MT EST.;;;;;;;;;;;;;;840;SIMPRO_VIG;2023-12-27;19;
SIMPRO;2026-04-12;material;0000288468;12;;INTERSURGICAL;CIRCUITO RESPIRATORIO EXTENSIVEL 22MM COMPACT C/BOLSA 2LT/TRAQUEIA 1,5/3,0MT;;;;;;;;;;;;;;1120;SIMPRO_VIG;2023-08-08;19;
SIMPRO;2026-04-12;material;0000349321;12;;INTERSURGICAL;CIRCUITO RESPIRATORIO EXTENSIVEL 22MM COMPACT C/BOLSA 2LT/TRAQUEIA 2,0/3,0MT;;;;;;;;;;;;;;1120;SIMPRO_VIG;2023-12-27;19;
SIMPRO;2026-04-12;material;0000271926;12;;INTERSURGICAL;CIRCUITO RESPIRATORIO EXTENSIVEL 22MM COMPACT C/BOLSA 3LT /TRAQUEIA 1,5/2,0MT;;;;;;;;;;;;;;840;SIMPRO_VIG;2023-12-27;19;
SIMPRO;2026-04-12;material;0000271921;12;;INTERSURGICAL;CIRCUITO RESPIRATORIO EXTENSIVEL 22MM COMPACT C/BOLSA/FILTRO 3LT/TRAQUEIA 1,5/2,0MT;;;;;;;;;;;;;;840;SIMPRO_VIG;2023-12-27;19;
SIMPRO;2026-04-12;material;0000349221;12;;INTERSURGICAL;CIRCUITO RESPIRATORIO EXTENSIVEL 22MM COMPACT C/BOLSA/FILTRO 3LT/TRAQUEIA 1,5/2,0MT;;;;;;;;;;;;;;330;SIMPRO_VIG;2023-12-27;19;
SIMPRO;2026-04-12;material;0000349249;12;;INTERSURGICAL;CIRCUITO RESPIRATORIO EXTENSIVEL 22MM COMPACT C/BOLSA/FILTRO 3LT/TRAQUEIA 1,5/2,0MT;;;;;;;;;;;;;;500;SIMPRO_VIG;2023-12-27;19;
SIMPRO;2026-04-12;material;0000140837;12;;INTERSURGICAL;CIRCUITO RESPIRATORIO EXTENSIVEL 22MM COMPACT C/COTOVELO LUER 1,5MT;;;;;;;;;;;;;;650;SIMPRO_VIG;2023-08-08;19;
SIMPRO;2026-04-12;material;0000140838;12;;INTERSURGICAL;CIRCUITO RESPIRATORIO EXTENSIVEL 22MM COMPACT C/COTOVELO LUER 2,0MT;;;;;;;;;;;;;;750;SIMPRO_VIG;2023-08-08;19;
SIMPRO;2026-04-12;material;0000349322;12;;INTERSURGICAL;CIRCUITO RESPIRATORIO EXTENSIVEL 22MM COMPACT C/COTOVELO LUER 3,0MT;;;;;;;;;;;;;;300;SIMPRO_VIG;2023-12-27;19;
SIMPRO;2026-04-12;material;0000271953;12;;INTERSURGICAL;CIRCUITO RESPIRATORIO EXTENSIVEL 22MM COMPACT C/DOIS COLETORES AGUA/TRAQUEIA 1,5/3,0MT;;;;;;;;;;;;;;840;SIMPRO_VIG;2023-12-27;19;
SIMPRO;2026-04-12;material;0000349341;12;;INTERSURGICAL;CIRCUITO RESPIRATORIO EXTENSIVEL PED.15MM COMPACT C/COTOVELO LUER 1,5MT;;;;;;;;;;;;;;300;SIMPRO_VIG;2023-12-27;19;
SIMPRO;2026-04-12;material;0000349342;12;;INTERSURGICAL;CIRCUITO RESPIRATORIO EXTENSIVEL PED.15MM COMPACT C/COTOVELO LUER 2MT;;;;;;;;;;;;;;300;SIMPRO_VIG;2023-12-27;19;
SIMPRO;2026-04-12;material;0000349343;12;;INTERSURGICAL;CIRCUITO RESPIRATORIO EXTENSIVEL PED.15MM COMPACT C/COTOVELO LUER 3MT;;;;;;;;;;;;;;300;SIMPRO_VIG;2023-12-27;19;
SIMPRO;2026-04-12;material;0000140839;12;;INTERSURGICAL;CIRCUITO RESPIRATORIO FLEXIVEL 15MM 1,6MT;;;;;;;;;;;;;;925;SIMPRO_VIG;2023-08-08;19;
SIMPRO;2026-04-12;material;0000349465;12;;INTERSURGICAL;CIRCUITO RESPIRATORIO FLEXTUBE 10MM C/PORTA P/ANALISADOR O2 VENTILADOR BABYPAC 1,2MT;;;;;;;;;;;;;;650;SIMPRO_VIG;2023-12-27;19;
SIMPRO;2026-04-12;material;0000349464;12;;INTERSURGICAL;CIRCUITO RESPIRATORIO FLEXTUBE 10MM P/VENTILADOR BABYPAC 1,2MT;;;;;;;;;;;;;;410;SIMPRO_VIG;2023-12-27;19;
SIMPRO;2026-04-12;material;0000349466;12;;INTERSURGICAL;CIRCUITO RESPIRATORIO FLEXTUBE 10MM P/VENTILADOR BABYPAC 1,6MT;;;;;;;;;;;;;;410;SIMPRO_VIG;2023-12-27;19;
SIMPRO;2026-04-12;material;0000271919;12;;INTERSURGICAL;CIRCUITO RESPIRATORIO FLEXTUBE 15MM C/COTOVELO LUER 1,6MT;;;;;;;;;;;;;;890;SIMPRO_VIG;2023-08-08;19;
SIMPRO;2026-04-12;material;0000271925;12;;INTERSURGICAL;CIRCUITO RESPIRATORIO FLEXTUBE 15MM C/COTOVELO LUER COLETOR AGUA UNICO 1,6MT;;;;;;;;;;;;;;850;SIMPRO_VIG;2023-12-27;19;
SIMPRO;2026-04-12;material;0000349451;12;;INTERSURGICAL;CIRCUITO RESPIRATORIO FLEXTUBE 22MM;;;;;;;;;;;;;;250;SIMPRO_VIG;2023-12-27;19;
SIMPRO;2026-04-12;material;0000271951;12;;INTERSURGICAL;CIRCUITO RESPIRATORIO FLEXTUBE 22MM 1,6MT;;;;;;;;;;;;;;350;SIMPRO_VIG;2023-08-08;19;
SIMPRO;2026-04-12;material;0000271924;12;;INTERSURGICAL;CIRCUITO RESPIRATORIO FLEXTUBE 22MM 2,4MT;;;;;;;;;;;;;;400;SIMPRO_VIG;2023-12-27;19;
SIMPRO;2026-04-12;material;0000349312;12;;INTERSURGICAL;CIRCUITO RESPIRATORIO FLEXTUBE 22MM C/BOLSA 2LT /COTOVELO TRAQUEIA 1,6MT;;;;;;;;;;;;;;470;SIMPRO_VIG;2023-12-27;19;
SIMPRO;2026-04-12;material;0000349316;12;;INTERSURGICAL;CIRCUITO RESPIRATORIO FLEXTUBE 22MM C/BOLSA 2LT LINHA INTEGRADA TRAQUEIA 1,6MT;;;;;;;;;;;;;;1000;SIMPRO_VIG;2023-12-27;19;
SIMPRO;2026-04-12;material;0000349317;12;;INTERSURGICAL;CIRCUITO RESPIRATORIO FLEXTUBE 22MM C/BOLSA 2LT LINHA INTEGRADA TRAQUEIA 2,4MT;;;;;;;;;;;;;;1000;SIMPRO_VIG;2023-12-27;19;
SIMPRO;2026-04-12;material;0000349328;12;;INTERSURGICAL;CIRCUITO RESPIRATORIO FLEXTUBE 22MM C/BOLSA 2LT TRAQUEIA 1,6MT AISYS AVANCE AND AESPIRE;;;;;;;;;;;;;;520;SIMPRO_VIG;2023-12-27;19;
SIMPRO;2026-04-12;material;0000349329;12;;INTERSURGICAL;CIRCUITO RESPIRATORIO FLEXTUBE 22MM C/BOLSA 2LT TRAQUEIA 2,4MT AISYS AVANCE AND AESPIRE;;;;;;;;;;;;;;520;SIMPRO_VIG;2023-12-27;19;
SIMPRO;2026-04-12;material;0000349313;12;;INTERSURGICAL;CIRCUITO RESPIRATORIO FLEXTUBE 22MM C/BOLSA 2LT/COTOVELO TRAQUEIA 2,4MT;;;;;;;;;;;;;;470;SIMPRO_VIG;2023-12-27;19;
SIMPRO;2026-04-12;material;0000349314;12;;INTERSURGICAL;CIRCUITO RESPIRATORIO FLEXTUBE 22MM C/CONECTOR LUER/PECA Y GIRATORIA 1,6MT;;;;;;;;;;;;;;470;SIMPRO_VIG;2023-12-27;19;
SIMPRO;2026-04-12;material;0000349315;12;;INTERSURGICAL;CIRCUITO RESPIRATORIO FLEXTUBE 22MM C/COTOVELO LUER/COLETOR AGUA UNICO 1,6MT;;;;;;;;;;;;;;470;SIMPRO_VIG;2023-12-27;19;
SIMPRO;2026-04-12;material;0000349450;12;;INTERSURGICAL;CIRCUITO RESPIRATORIO FLEXTUBE 22MM C/PEAA Y C/PORTA /TRAQUEIA 0,8 /1,6MT;;;;;;;;;;;;;;250;SIMPRO_VIG;2023-12-27;19;
SIMPRO;2026-04-12;material;0000349310;12;;INTERSURGICAL;CIRCUITO RESPIRATORIO FLEXTUBE 22MM C/TRAQUEIA 0,8/1,6MT;;;;;;;;;;;;;;450;SIMPRO_VIG;2023-12-27;19;
SIMPRO;2026-04-12;material;0000349311;12;;INTERSURGICAL;CIRCUITO RESPIRATORIO FLEXTUBE 22MM C/TRAQUEIA 0,8/2,4MT;;;;;;;;;;;;;;450;SIMPRO_VIG;2023-12-27;19;
SIMPRO;2026-04-12;material;0000349449;12;;INTERSURGICAL;CIRCUITO RESPIRATORIO FLEXTUBE 22MM C/TRAQUEIA DESTACAVEL 1,6MT;;;;;;;;;;;;;;250;SIMPRO_VIG;2023-12-27;19;
SIMPRO;2026-04-12;material;0000140874;12;;INTERSURGICAL;CIRCUITO RESPIRATORIO FLEXTUBE CPAP 22MM C/LINHA (REMOVIVEL)/MASCARA/FIXADOR CEFALICO;;;;;;;;;;;;;;1520;SIMPRO_VIG;2023-08-08;19;
SIMPRO;2026-04-12;material;0000349251;12;;INTERSURGICAL;CIRCUITO RESPIRATORIO FLEXTUBE CPAP 22MM C/LINHA/MASCARA FIXADOR/20CMH2O/FILTRO 2,0MT;;;;;;;;;;;;;;500;SIMPRO_VIG;2023-12-27;19;
SIMPRO;2026-04-12;material;0000349223;12;;INTERSURGICAL;CIRCUITO RESPIRATORIO FLEXTUBE CPAP 22MM C/LINHA/MASCARA/20CMH2O/FILTRO CLEAR GUARD 2,0MT;;;;;;;;;;;;;;350;SIMPRO_VIG;2023-12-27;19;
SIMPRO;2026-04-12;material;0000140873;12;;INTERSURGICAL;CIRCUITO RESPIRATORIO FLEXTUBE CPAP 22MM C/MASCARA P/SISTEMA AQUECIDO FIXADOR;;;;;;;;;;;;;;1810;SIMPRO_VIG;2023-08-08;19;
SIMPRO;2026-04-12;material;0000140969;12;;INTERSURGICAL;CIRCUITO RESPIRATORIO FLEXTUBE SILVER KNIGHT 22M C/BOLSA 2LT TRAQUEIA 1,6MT;;;;;;;;;;;;;;1400;SIMPRO_VIG;2023-08-08;19;
SIMPRO;2026-04-12;material;0000349324;12;;INTERSURGICAL;CIRCUITO RESPIRATORIO FLEXTUBE SILVER KNIGHT 22M C/BOLSA 2LT TRAQUEIA 1,6MT;;;;;;;;;;;;;;1560;SIMPRO_VIG;2023-12-27;19;
SIMPRO;2026-04-12;material;0000349325;12;;INTERSURGICAL;CIRCUITO RESPIRATORIO FLEXTUBE SILVER KNIGHT 22M C/BOLSA 2LT TRAQUEIA 1,6MT AISYS AVANCE;;;;;;;;;;;;;;1560;SIMPRO_VIG;2023-12-27;19;
SIMPRO;2026-04-12;material;0000140970;12;;INTERSURGICAL;CIRCUITO RESPIRATORIO FLEXTUBE SILVER KNIGHT 22MM C/BOLSA 2LT;;;;;;;;;;;;;;1560;SIMPRO_VIG;2023-08-08;19;
SIMPRO;2026-04-12;material;0000166194;12;;FISHER & PAYKEL;CIRCUITO RESPIRATORIO INF.;;;;;;;;;;;;;;1076.76;SIMPRO_VIG;2025-12-02;19;
SIMPRO;2026-04-12;material;0000169658;12;;BIO-DATA;CIRCUITO RESPIRATORIO INF.;;;;;;;;;;;;;;320;SIMPRO_VIG;2012-07-30;19;
SIMPRO;2026-04-12;material;0000124338;12;;NEWMED;CIRCUITO RESPIRATORIO LIMBO;;;;;;;;;;;;;;698.32;SIMPRO_VIG;2017-05-03;19;
SIMPRO;2026-04-12;material;0000306182;12;;D&I HOSPITALAR;CIRCUITO RESPIRATORIO MEDIN DESC.;;;;;;;;;;;;;;3335;SIMPRO_VIG;2022-12-22;19;
SIMPRO;2026-04-12;material;0000252388;12;;FISHER & PAYKEL;CIRCUITO RESPIRATORIO NEO.;;;;;;;;;;;;;;1130.59;SIMPRO_VIG;2025-12-02;19;
SIMPRO;2026-04-12;material;0000252408;12;;FISHER & PAYKEL;CIRCUITO RESPIRATORIO NEO./PED.;;;;;;;;;;;;;;1157.81;SIMPRO_VIG;2025-12-02;19;
SIMPRO;2026-04-12;material;0000252409;12;;FISHER & PAYKEL;CIRCUITO RESPIRATORIO NEO./PED.;;;;;;;;;;;;;;1157.81;SIMPRO_VIG;2025-12-02;19;
SIMPRO;2026-04-12;material;0000338831;12;;FISHER & PAYKEL;CIRCUITO RESPIRATORIO NEO.BUBBLE CPAP 950;;;;;;;;;;;;;;2514.79;SIMPRO_VIG;2023-03-28;19;
SIMPRO;2026-04-12;material;0000338830;12;;FISHER & PAYKEL;CIRCUITO RESPIRATORIO NEO.OPTIFLOW JUNIOR 950;;;;;;;;;;;;;;1808.13;SIMPRO_VIG;2023-03-28;19;
SIMPRO;2026-04-12;material;0000349469;12;;INTERSURGICAL;CIRCUITO RESPIRATORIO NFLOW COSYFIT CPAP INF. P/SISTEMA AQUECIDO 1,6MT;;;;;;;;;;;;;;1560;SIMPRO_VIG;2023-12-27;19;
SIMPRO;2026-04-12;material;0000349470;12;;INTERSURGICAL;CIRCUITO RESPIRATORIO NFLOW COSYFIT CPAP INF.P/SISTEMA AQUECIDO 1,8MT;;;;;;;;;;;;;;1560;SIMPRO_VIG;2023-12-27;19;
SIMPRO;2026-04-12;material;0000349471;12;;INTERSURGICAL;CIRCUITO RESPIRATORIO NFLOW COSYFIT CPAP INF.P/SISTEMA AQUECIDO/LINHA MONITORAMENTO 1,8MT;;;;;;;;;;;;;;1560;SIMPRO_VIG;2023-12-27;19;
SIMPRO;2026-04-12;material;0000349467;12;;INTERSURGICAL;CIRCUITO RESPIRATORIO NFLOW CPAP INF.P/SISTEMA AQUECIDO 1,6MT;;;;;;;;;;;;;;1560;SIMPRO_VIG;2023-12-27;19;
SIMPRO;2026-04-12;material;0000349468;12;;INTERSURGICAL;CIRCUITO RESPIRATORIO NFLOW CPAP INF.P/SISTEMA AQUECIDO 1,8MT;;;;;;;;;;;;;;1560;SIMPRO_VIG;2023-12-27;19;
SIMPRO;2026-04-12;material;0000252407;12;;FISHER & PAYKEL;CIRCUITO RESPIRATORIO OPTIFLOW INF.;;;;;;;;;;;;;;1155.69;SIMPRO_VIG;2025-12-02;19;
SIMPRO;2026-04-12;material;0000252391;12;;FISHER & PAYKEL;CIRCUITO RESPIRATORIO OPTIFLOW JUNIOR;;;;;;;;;;;;;;2545.59;SIMPRO_VIG;2025-12-02;19;
SIMPRO;2026-04-12;material;0000338840;12;;FISHER & PAYKEL;CIRCUITO RESPIRATORIO OPTIFLOW THRIVE 950;;;;;;;;;;;;;;2749.32;SIMPRO_VIG;2025-12-02;19;
SIMPRO;2026-04-12;material;0000338841;12;;FISHER & PAYKEL;CIRCUITO RESPIRATORIO OPTIFLOW THRIVE AIRVO;;;;;;;;;;;;;;2749.32;SIMPRO_VIG;2025-12-02;19;
SIMPRO;2026-04-12;material;0000351376;12;;FISHER & PAYKEL;CIRCUITO RESPIRATORIO OPTIFLOW THRIVE CO2/SWITCH 950;;;;;;;;;;;;;;3024.26;SIMPRO_VIG;2025-12-02;19;
SIMPRO;2026-04-12;material;0000350651;12;;BIOTEC;CIRCUITO RESPIRATORIO P/ANESTESIA C/BALAO TRAQUEIA EXTRA BIOANESTESIA 2,0MT/2LT;;;;;;;;;;;;;;750;SIMPRO_VIG;2024-03-19;19;
SIMPRO;2026-04-12;material;0000350652;12;;BIOTEC;CIRCUITO RESPIRATORIO P/ANESTESIA C/BALAO TRAQUEIA EXTRA BIOANESTESIA 3,0MT/2LT;;;;;;;;;;;;;;796;SIMPRO_VIG;2024-03-19;19;
SIMPRO;2026-04-12;material;0000353243;12;;BIOTEC;CIRCUITO RESPIRATORIO P/ANESTESIA C/BALAO TRAQUEIA EXTRA BIOANESTESIA 3,0MT/3LT;;;;;;;;;;;;;;980;SIMPRO_VIG;2024-07-11;19;
SIMPRO;2026-04-12;material;0000325651;12;;BIOTEC;CIRCUITO RESPIRATORIO P/ANESTESIA C/BALAO TRAQUEIA EXTRA BIOCIRCUITO ANESTESIA 1,8MT;;;;;;;;;;;;;;750;SIMPRO_VIG;2023-08-22;19;
SIMPRO;2026-04-12;material;0000339205;12;;BIOTEC;CIRCUITO RESPIRATORIO P/ANESTESIA C/BALAO TRAQUEIA EXTRA BIOCIRCUITO ANESTESIA 3,0MT;;;;;;;;;;;;;;796;SIMPRO_VIG;2023-08-22;19;
SIMPRO;2026-04-12;material;0000354524;12;;BIOTEC;CIRCUITO RESPIRATORIO P/ANESTESIA C/BALAO TRAQUEIA EXTRA BIOVENT ANESTESIA 3,0MT/3LT;;;;;;;;;;;;;;980;SIMPRO_VIG;2024-08-20;19;
SIMPRO;2026-04-12;material;0000257975;12;;NEWMED;CIRCUITO RESPIRATORIO P/ANESTESIA C/FILTRO LIMBO BACTERIANO/VIRAL;;;;;;;;;;;;;;131.92;SIMPRO_VIG;2017-05-03;19;
SIMPRO;2026-04-12;material;0000259673;12;;NEWMED;CIRCUITO RESPIRATORIO P/BIPAP ML DESC.;;;;;;;;;;;;;;247.46;SIMPRO_VIG;2017-05-03;19;
SIMPRO;2026-04-12;material;0000347111;12;;SANOVIE;CIRCUITO RESPIRATORIO P/CPAP AQUECIDO C/CAMARA UMIDIF.H722-HW1 BUBBLE GALEMED HUMI.AIDE 12UN;;;;;;;;;;;;;;392.512;SIMPRO_VIG;2023-09-26;19;
SIMPRO;2026-04-12;material;0000252392;12;;FISHER & PAYKEL;CIRCUITO RESPIRATORIO P/OXIGENOTERAPIA;;;;;;;;;;;;;;809.69;SIMPRO_VIG;2025-12-02;19;
SIMPRO;2026-04-12;material;0000350665;12;;BIOTEC;CIRCUITO RESPIRATORIO P/VENTILACAO MECANICA BIOVENTILACAO;;;;;;;;;;;;;;461;SIMPRO_VIG;2024-03-19;19;
SIMPRO;2026-04-12;material;0000322564;12;;GE ACESSORIOS;CIRCUITO RESPIRATORIO PACIENTE ADU.KIT US C/BOLSA 3LT.3,0MT ESPANSIVEL STATUP;;;;;;;;;;;;;;562.46;SIMPRO_VIG;2021-05-04;19;
SIMPRO;2026-04-12;material;0000322668;12;;GE ACESSORIOS;CIRCUITO RESPIRATORIO PACIENTE PED.1,5MT 20UNID.;;;;;;;;;;;;;;98.096;SIMPRO_VIG;2021-05-04;19;
SIMPRO;2026-04-12;material;0000169659;12;;BIO-DATA;CIRCUITO RESPIRATORIO PED.;;;;;;;;;;;;;;320;SIMPRO_VIG;2012-07-30;19;
SIMPRO;2026-04-12;material;0000338833;12;;FISHER & PAYKEL;CIRCUITO RESPIRATORIO PEDIATRICO OPTIFLOW 950;;;;;;;;;;;;;;1892.03;SIMPRO_VIG;2025-12-02;19;
SIMPRO;2026-04-12;material;0000349463;12;;INTERSURGICAL;CIRCUITO RESPIRATORIO SMOOTHBORE 15MM;;;;;;;;;;;;;;410;SIMPRO_VIG;2023-12-27;19;
SIMPRO;2026-04-12;material;0000349462;12;;INTERSURGICAL;CIRCUITO RESPIRATORIO SMOOTHBORE 15MM C/PECA Y RETA 15MM;;;;;;;;;;;;;;410;SIMPRO_VIG;2023-12-27;19;
SIMPRO;2026-04-12;material;0000349452;12;;INTERSURGICAL;CIRCUITO RESPIRATORIO SMOOTHBORE 22MM;;;;;;;;;;;;;;350;SIMPRO_VIG;2023-12-27;19;
SIMPRO;2026-04-12;material;0000140831;12;;INTERSURGICAL;CIRCUITO RESPIRATORIO SMOOTHBORE 22MM 1,6MT;;;;;;;;;;;;;;477;SIMPRO_VIG;2023-08-08;19;
SIMPRO;2026-04-12;material;0000270923;12;;NEWMED;CIRCUITO RESPIRATORIO STANDARD HS TAM.INF.1,2MT(RAMO INSP/RAMO EXP)DESC.;;;;;;;;;;;;;;390;SIMPRO_VIG;2020-05-12;19;
SIMPRO;2026-04-12;material;0000298734;12;;INTERSURGICAL;CIRCUITO RESPIRATORIO TRANSPORTE 22MM C/2MT P/OXYLOG 3000/3000PLUS/2000PLUS;;;;;;;;;;;;;;1800;SIMPRO_VIG;2023-08-08;19;
SIMPRO;2026-04-12;material;0000298735;12;;INTERSURGICAL;CIRCUITO RESPIRATORIO TRANSPORTE 22MM C/3MT P/OXYLOG 3000/3000PLUS/2000PLUS;;;;;;;;;;;;;;1960;SIMPRO_VIG;2023-08-08;19;
SIMPRO;2026-04-12;material;0000349458;12;;INTERSURGICAL;CIRCUITO RESPIRATORIO TRANSPORTE FLEXTUBE 22MM;;;;;;;;;;;;;;500;SIMPRO_VIG;2023-12-27;19;
SIMPRO;2026-04-12;material;0000349253;12;;INTERSURGICAL;CIRCUITO RESPIRATORIO TRANSPORTE FLEXTUBE 22MM C/LINHA MONITORAMENTO C/FILTRO 1,2MT;;;;;;;;;;;;;;500;SIMPRO_VIG;2023-12-27;19;
SIMPRO;2026-04-12;material;0000349461;12;;INTERSURGICAL;CIRCUITO RESPIRATORIO TRANSPORTE FLEXTUBE 22MM C/LINHA/FILTRO 1,2MT;;;;;;;;;;;;;;925;SIMPRO_VIG;2023-12-27;19;
SIMPRO;2026-04-12;material;0000349460;12;;INTERSURGICAL;CIRCUITO RESPIRATORIO TRANSPORTE FLEXTUBE 22MM C/LINHA/FILTRO VALV. PEEP AJUST. 1,2MT;;;;;;;;;;;;;;1100;SIMPRO_VIG;2023-12-27;19;
SIMPRO;2026-04-12;material;0000349224;12;;INTERSURGICAL;CIRCUITO RESPIRATORIO TRANSPORTE FLEXTUBE 22MM C/LINHA/FILTRO VALV.PEEP AJUST.1,2MT;;;;;;;;;;;;;;350;SIMPRO_VIG;2023-12-27;19;
SIMPRO;2026-04-12;material;0000349252;12;;INTERSURGICAL;CIRCUITO RESPIRATORIO TRANSPORTE FLEXTUBE 22MM C/LINHA/FILTRO VALV.PEEP AJUST.1,2MT;;;;;;;;;;;;;;500;SIMPRO_VIG;2023-12-27;19;
SIMPRO;2026-04-12;material;0000349459;12;;INTERSURGICAL;CIRCUITO RESPIRATORIO TRANSPORTE FLEXTUBE 22MM C/VALV.PEEP AJUST. 1,2MT;;;;;;;;;;;;;;1100;SIMPRO_VIG;2023-12-27;19;
SIMPRO;2026-04-12;material;0000274207;12;;CNPH;CIRCUITO RESPIRATORIO UNIVERSAL HUDSON;;;;;;;;;;;;;;590;SIMPRO_VIG;2022-05-24;19;
SIMPRO;2026-04-12;material;0000323977;12;;SCAV MEDICAL;CIRCUITO RESPIRATORIO YOUCIRCUIT ADU 3,00MT;;;;;;;;;;;;;;410;SIMPRO_VIG;2021-05-25;19;
SIMPRO;2026-04-12;material;0000320295;12;;SCAV MEDICAL;CIRCUITO RESPIRATORIO YOUCIRCUIT ADU.2,00MT;;;;;;;;;;;;;;590;SIMPRO_VIG;2023-06-13;19;
SIMPRO;2026-04-12;material;320295;12;;SCAV MEDICAL;CIRCUITO RESPIRATORIO YOUCIRCUIT ADU.2,00MT;;;;;;;;;;;;;;590;SIMPRO_VIG;2023-06-13;19;
SIMPRO;2026-04-12;material;0000320294;12;;SCAV MEDICAL;CIRCUITO RESPIRATORIO YOUCIRCUIT ADU.2MT.C/RAMAL 1,50MT./BALAO 3LT./2CONECTORES 22M/22M;;;;;;;;;;;;;;574;SIMPRO_VIG;2021-01-20;19;
SIMPRO;2026-04-12;material;317485;12;;SCAV MEDICAL;CIRCUITO RESPIRATORIO YOUCIRCUIT ADU.3MT.C/RAMAL 1,5MT./BOLSA 3LT.;;;;;;;;;;;;;;890;SIMPRO_VIG;2023-06-13;19;
SIMPRO;2026-04-12;material;0000320632;12;;SCAV MEDICAL;CIRCUITO RESPIRATORIO YOUCIRCUIT PED.2,00MT;;;;;;;;;;;;;;790;SIMPRO_VIG;2023-06-28;19;
SIMPRO;2026-04-12;material;317486;12;;SCAV MEDICAL;CIRCUITO RESPIRATORIO YOUCIRCUIT PED.2MT.C/RAMAL 1,5MT./BOLSA 1LT.;;;;;;;;;;;;;;790;SIMPRO_VIG;2023-06-13;19;
SIMPRO;2026-04-12;material;0000320634;12;;SCAV MEDICAL;CIRCUITO RESPIRATORIO YOUFLOW ADU.2,00MT;;;;;;;;;;;;;;574;SIMPRO_VIG;2021-02-11;19;
SIMPRO;2026-04-12;material;0000320635;12;;SCAV MEDICAL;CIRCUITO RESPIRATORIO YOUFLOW PED.2,00MT;;;;;;;;;;;;;;574;SIMPRO_VIG;2021-02-11;19;
SIMPRO;2026-04-12;material;0000320633;12;;SCAV MEDICAL;CIRCUITO RESPIRATORIO YOURCIRCUIT PED.3,00MT C/RAMAL 1,5MT/BALAO1LT/2 CONECTORES 22M/22M;;;;;;;;;;;;;;955;SIMPRO_VIG;2025-10-01;19;
SIMPRO;2026-04-12;material;0000349513;12;;INTERSURGICAL;CIRCUITO RESPIRATRIO BILEVEL 22MM FLEXTUBE PED.C/CAMARA/TAMPA SEGURANCA;;;;;;;;;;;;;;1650;SIMPRO_VIG;2023-12-27;19;
SIMPRO;2026-04-12;material;0000347110;12;;SANOVIE;CIRCUITO RESPITATORIO AQUECIDO NEO.HW1 C/CAMARA GALEMED HUMI.AIDE 12UN;;;;;;;;;;;;;;534.256;SIMPRO_VIG;2023-09-26;19;
SIMPRO;2026-04-12;material;0000179161;12;;CNPH;CIRCUITO RESQ P/CPAP ADU.GRD.C/VAL.PEEP;;;;;;;;;;;;;;850;SIMPRO_VIG;2013-07-30;19;
SIMPRO;2026-04-12;material;0000179160;12;;CNPH;CIRCUITO RESQ P/CPAP ADU.MED.C/VAL.PEEP;;;;;;;;;;;;;;834.25;SIMPRO_VIG;2013-07-30;19;
SIMPRO;2026-04-12;material;0000242371;12;;CNPH;CIRCUITO RESQ P/CPAP C/TUBO CORRUG./MASC./VAL.PRESSAO/FIX.CEFAL./FILTRO/CONEC.;;;;;;;;;;;;;;846.66;SIMPRO_VIG;2015-07-28;19;
SIMPRO;2026-04-12;material;0000362584;12;;DRAGER;CIRCUITO SEATTLE PAP PLUS 10UN;;;;;;;;;;;;;;864.089;SIMPRO_VIG;2025-08-14;19;
SIMPRO;2026-04-12;material;0000268574;12;;LUMIAR BUILDERS;CIRCUITO SIMPLES C/TUBO LUMIAR T P/NEBULIZACAO;;;;;;;;;;;;;;242.9;SIMPRO_VIG;2016-03-15;19;
SIMPRO;2026-04-12;material;0000268573;12;;LUMIAR BUILDERS;CIRCUITO SIMPLES P/CPAP/BIPAP C/LEAK PORT DESC.;;;;;;;;;;;;;;252.9;SIMPRO_VIG;2016-03-15;19;
SIMPRO;2026-04-12;material;0000268575;12;;LUMIAR BUILDERS;CIRCUITO SIMPLES P/CPAP/BIPAP C/LEAK VALVE DESC.;;;;;;;;;;;;;;402.84;SIMPRO_VIG;2016-03-15;19;
SIMPRO;2026-04-12;material;0000052787;12;;PROTEC - SUSPENSA;CIRCUITO SIMPLES P/RESP.BIRD MARK7;;;;;;;;;;;;;;159.5;SIMPRO_VIG;2009-09-29;19;
SIMPRO;2026-04-12;material;0000052788;12;;PROTEC - SUSPENSA;CIRCUITO SIMPLES P/RESP.BIRD MARK8;;;;;;;;;;;;;;159.5;SIMPRO_VIG;2009-09-29;19;
SIMPRO;2026-04-12;material;0000079203;12;;JG MORIYA;CIRCUITO STD-30 P/RESPIRONICS 904001;;;;;;;;;;;;;;0;SIMPRO_VIG;2010-01-12;19;
SIMPRO;2026-04-12;material;0000299572;12;;LUMIAR BUILDERS;CIRCUITO UNICO ADU.C/VALVULA SIMPLES;;;;;;;;;;;;;;59;SIMPRO_VIG;2018-07-18;19;
SIMPRO;2026-04-12;material;0000299571;12;;LUMIAR BUILDERS;CIRCUITO UNICO INF.C/VALVULA SIMPLES;;;;;;;;;;;;;;51;SIMPRO_VIG;2018-07-18;19;
SIMPRO;2026-04-12;material;0000090636;12;;CNPH;CIRCUITO UNIVERSAL RPPI/IPPB HUDSON;;;;;;;;;;;;;;235.2;SIMPRO_VIG;2021-05-04;19;
SIMPRO;2026-04-12;material;0000338829;12;;FISHER & PAYKEL;CIRCUITO VENTILADOR ADU.DUPLO FILTRO 950;;;;;;;;;;;;;;2291.76;SIMPRO_VIG;2025-12-02;19;
SIMPRO;2026-04-12;material;0000345554;12;;DRAGER;CIRCUITO VENTILATORIO 1,9MT.PED.5UN DESC.;;;;;;;;;;;;;;499.41;SIMPRO_VIG;2025-08-14;19;
SIMPRO;2026-04-12;material;0000249106;12;;DRAGER;CIRCUITO VENTILATORIO COAXIAL ADU.DESC.;;;;;;;;;;;;;;665.76;SIMPRO_VIG;2018-10-30;19;
SIMPRO;2026-04-12;material;0000098857;12;;NEWMED;CIRCUITO VENTILATORIO P/ANESTESIA;;;;;;;;;;;;;;197.8;SIMPRO_VIG;2012-07-10;19;
SIMPRO;2026-04-12;material;0000350459;12;;DRAGER;CIRCUITO VENTILATORIO PED.1,9M 5UN DESC.;;;;;;;;;;;;;;476.212;SIMPRO_VIG;2024-03-05;19;
SIMPRO;2026-04-12;material;0000253745;12;;LUMIAR BUILDERS;CIRCUITO VSIII RAMO DUPLO ADU.;;;;;;;;;;;;;;400;SIMPRO_VIG;2015-02-20;19;
SIMPRO;2026-04-12;material;0000253747;12;;LUMIAR BUILDERS;CIRCUITO VSIII RAMO DUPLO PED.;;;;;;;;;;;;;;480;SIMPRO_VIG;2015-02-20;19;
SIMPRO;2026-04-12;material;0000253746;12;;LUMIAR BUILDERS;CIRCUITO VSIII RAMO UNICO ADU.;;;;;;;;;;;;;;400;SIMPRO_VIG;2015-02-20;19;
SIMPRO;2026-04-12;material;0000302609;12;;BAUSCH CIR;CISTITIMO 23GA 10UNID. REUT.;;;;;;;;;;;;;;280.21;SIMPRO_VIG;2018-10-30;19;
SIMPRO;2026-04-12;material;0000302610;12;;BAUSCH CIR;CISTITIMO 25GA 10UNID. REUT.;;;;;;;;;;;;;;280.21;SIMPRO_VIG;2018-10-30;19;
SIMPRO;2026-04-12;material;0000185147;12;;ALCON;CISTITIMO IRRIGACAO EST.DESC.;;;;;;;;;;;;;;40.85;SIMPRO_VIG;2018-02-06;19;
SIMPRO;2026-04-12;material;0000246245;12;;E.TAMUSSINO;CISTOTOMO;;;;;;;;;;;;;;14160;SIMPRO_VIG;2014-06-13;19;
SIMPRO;2026-04-12;material;0000249277;12;;ALPHARAD;CITOASPIRADOR ALPHARAD REUT.;;;;;;;;;;;;;;950;SIMPRO_VIG;2022-01-17;19;
SIMPRO;2026-04-12;material;0000026850;12;;KOLPLAST;CITOKOLP.;;;;;;;;;;;;;;2.05;SIMPRO_VIG;2015-12-22;19;
SIMPRO;2026-04-12;material;0000297931;12;;HUMMER DO BRASIL;CITOSCOPIO ADU.;;;;;;;;;;;;;;40000;SIMPRO_VIG;2018-05-02;19;
SIMPRO;2026-04-12;material;0000297932;12;;HUMMER DO BRASIL;CITOSCOPIO INF.;;;;;;;;;;;;;;40000;SIMPRO_VIG;2018-05-02;19;
SIMPRO;2026-04-12;material;0000110078;12;;MEDCORP;CITRATO TRISOD.SELANTE CATETER VENOSO CENTRAL DURALOCK-C DLC546;;;;;;;;;;;;;;85;SIMPRO_VIG;2009-03-16;19;
SIMPRO;2026-04-12;material;0000138839;12;;EDLO;CIZALHA C/LAMINA CURVA;;;;;;;;;;;;;;987.95;SIMPRO_VIG;2016-07-26;19;
SIMPRO;2026-04-12;material;0000115647;12;;EDLO;CIZALHA CABO TP.STILLE 27CM;;;;;;;;;;;;;;1374.27;SIMPRO_VIG;2016-07-26;19;
SIMPRO;2026-04-12;material;0000138840;12;;EDLO;CIZALHA GLUCK P/OSSOS;;;;;;;;;;;;;;1086.74;SIMPRO_VIG;2016-07-26;19;
SIMPRO;2026-04-12;material;0000112588;12;;CIRURGICA FERNANDES;CIZALHA KLEINERT-KUTZ P/OSSO PROFESSIONAL 15CM LAM.CURVA;;;;;;;;;;;;;;1760.35;SIMPRO_VIG;2015-09-10;19;
SIMPRO;2026-04-12;material;0000112589;12;;CIRURGICA FERNANDES;CIZALHA LEBSCHE P/ESTERMON PROFESSIONAL 25CM;;;;;;;;;;;;;;3672.05;SIMPRO_VIG;2015-09-10;19;
SIMPRO;2026-04-12;material;0002410158;12;;ERWIN GUTH;CIZALHA LISTON 19CM ANGULADA P/OSSO 270.001;;;;;;;;;;;;;;313.63;SIMPRO_VIG;2009-08-12;19;
SIMPRO;2026-04-12;material;0002410159;12;;ERWIN GUTH;CIZALHA LISTON 19CM CURVA P/OSSO 270.005;;;;;;;;;;;;;;313.63;SIMPRO_VIG;2009-08-12;19;
SIMPRO;2026-04-12;material;0002410161;12;;ERWIN GUTH;CIZALHA LISTON 19CM RETA P/OSSO 270.010;;;;;;;;;;;;;;313.63;SIMPRO_VIG;2009-08-12;19;
SIMPRO;2026-04-12;material;0002410163;12;;ERWIN GUTH;CIZALHA LISTON 23CM CURVA DUPLA ARTICULACAO P/OSSO 270.025;;;;;;;;;;;;;;551.23;SIMPRO_VIG;2009-08-12;19;
SIMPRO;2026-04-12;material;0002410160;12;;ERWIN GUTH;CIZALHA LISTON 23CM RETA DUPLA ARTICULACAO P/OSSO 270.015;;;;;;;;;;;;;;534.6;SIMPRO_VIG;2009-08-12;19;
SIMPRO;2026-04-12;material;0002410164;12;;ERWIN GUTH;CIZALHA LISTON 27CM CURVA DUPLA ARTICULACAO P/OSSO 270.030;;;;;;;;;;;;;;617.76;SIMPRO_VIG;2009-08-12;19;
SIMPRO;2026-04-12;material;0002410162;12;;ERWIN GUTH;CIZALHA LISTON 27CM RETA DUPLA ARTICULACAO P/OSSO 270.020;;;;;;;;;;;;;;594;SIMPRO_VIG;2009-08-12;19;
SIMPRO;2026-04-12;material;0000169565;12;;EDLO;CIZALHA LISTON CORTANTE ANGULADA 22CM P/OSSO;;;;;;;;;;;;;;903.09;SIMPRO_VIG;2016-07-26;19;
SIMPRO;2026-04-12;material;0002410165;12;;ERWIN GUTH;CIZALHA LISTON KEY 23CM DUPLA ARTICULACAO P/OSSO 270.035;;;;;;;;;;;;;;641.52;SIMPRO_VIG;2009-08-12;19;
SIMPRO;2026-04-12;material;0000112594;12;;CIRURGICA FERNANDES;CIZALHA LISTON P/OSSOS PROFESSIONAL 14CM CURVA;;;;;;;;;;;;;;316.07;SIMPRO_VIG;2015-09-10;19;
SIMPRO;2026-04-12;material;0000112590;12;;CIRURGICA FERNANDES;CIZALHA LISTON P/OSSOS PROFESSIONAL 14CM RETA;;;;;;;;;;;;;;316.07;SIMPRO_VIG;2015-09-10;19;
SIMPRO;2026-04-12;material;0000112595;12;;CIRURGICA FERNANDES;CIZALHA LISTON P/OSSOS PROFESSIONAL 17CM CURVA;;;;;;;;;;;;;;365.24;SIMPRO_VIG;2015-09-10;19;
SIMPRO;2026-04-12;material;0000112591;12;;CIRURGICA FERNANDES;CIZALHA LISTON P/OSSOS PROFESSIONAL 17CM RETA;;;;;;;;;;;;;;365.24;SIMPRO_VIG;2015-09-10;19;
SIMPRO;2026-04-12;material;0000112596;12;;CIRURGICA FERNANDES;CIZALHA LISTON P/OSSOS PROFESSIONAL 19CM CURVA;;;;;;;;;;;;;;442.52;SIMPRO_VIG;2015-09-10;19;
SIMPRO;2026-04-12;material;0000112592;12;;CIRURGICA FERNANDES;CIZALHA LISTON P/OSSOS PROFESSIONAL 19CM RETA;;;;;;;;;;;;;;442.52;SIMPRO_VIG;2015-09-10;19;
SIMPRO;2026-04-12;material;0000112597;12;;CIRURGICA FERNANDES;CIZALHA LISTON P/OSSOS PROFESSIONAL 22CM CURVA;;;;;;;;;;;;;;547.88;SIMPRO_VIG;2015-09-10;19;
SIMPRO;2026-04-12;material;0000112593;12;;CIRURGICA FERNANDES;CIZALHA LISTON P/OSSOS PROFESSIONAL 22CM RETA;;;;;;;;;;;;;;547.88;SIMPRO_VIG;2015-09-10;19;
SIMPRO;2026-04-12;material;0000274809;12;;CIRURGICA FERNANDES;CIZALHA LISTON RT 14CM WELDON;;;;;;;;;;;;;;316.07;SIMPRO_VIG;2016-07-19;19;
SIMPRO;2026-04-12;material;0000274810;12;;CIRURGICA FERNANDES;CIZALHA LISTON RT 19CM WELDON;;;;;;;;;;;;;;442.52;SIMPRO_VIG;2016-07-19;19;
SIMPRO;2026-04-12;material;0000112600;12;;CIRURGICA FERNANDES;"CIZALHA LISTON-KEY DUPLA ARTIC.CURVA ""S"" 27CM";;;;;;;;;;;;;;1749.02;SIMPRO_VIG;2015-09-10;19;
SIMPRO;2026-04-12;material;0000112599;12;;CIRURGICA FERNANDES;CIZALHA LISTON-STILLE ARTIC.CURVA P/OSSOS PROFESSIONAL 27CM DUPLA;;;;;;;;;;;;;;1614.14;SIMPRO_VIG;2015-09-10;19;
SIMPRO;2026-04-12;material;0000112598;12;;CIRURGICA FERNANDES;CIZALHA LISTON-STILLE ARTIC.RETA PROFESSIONAL 27CM DUPLA;;;;;;;;;;;;;;1614.14;SIMPRO_VIG;2015-09-10;19;
SIMPRO;2026-04-12;material;0000087527;12;;ERWIN GUTH;CIZALHA RUSKIN-LISTON 19CM RETA 999.248;;;;;;;;;;;;;;463.32;SIMPRO_VIG;2010-09-09;19;
SIMPRO;2026-04-12;material;0000112602;12;;CIRURGICA FERNANDES;CIZALHA RUSKIN-LISTON DUPLA ARTIC.CURVA P/OSSOS PROFESSIONAL 18CM;;;;;;;;;;;;;;1301.81;SIMPRO_VIG;2015-09-10;19;
SIMPRO;2026-04-12;material;0000112601;12;;CIRURGICA FERNANDES;CIZALHA RUSKIN-LISTON DUPLA ARTIC.CURVA PROFESSIONAL 18CM;;;;;;;;;;;;;;1314.05;SIMPRO_VIG;2015-09-10;19;
SIMPRO;2026-04-12;material;0000112603;12;;CIRURGICA FERNANDES;CIZALHA STILLE 26CM P/BANDAGEM GESSADA PROFESSIONAL;;;;;;;;;;;;;;1756.02;SIMPRO_VIG;2015-09-10;19;
SIMPRO;2026-04-12;material;0000121998;12;;ERWIN GUTH;CIZALHA STILLE 37CM DUPLA ARTICULACAO P/GESSO 270.050;;;;;;;;;;;;;;736.56;SIMPRO_VIG;2009-08-12;19;
SIMPRO;2026-04-12;material;0002410166;12;;ERWIN GUTH;CIZALHA STILLE 37CM DUPLA ARTICULACAO P/OSSO 220.050;;;;;;;;;;;;;;620;SIMPRO_VIG;2005-08-05;19;
SIMPRO;2026-04-12;material;0000112604;12;;CIRURGICA FERNANDES;CIZALHA STILLE P/BANDAGEM GESSADA PROFESSIONAL 37CM;;;;;;;;;;;;;;1816.82;SIMPRO_VIG;2015-09-10;19;
SIMPRO;2026-04-12;material;0000138841;12;;EDLO;CIZALHA STILLE P/GESSO;;;;;;;;;;;;;;923.8;SIMPRO_VIG;2016-07-26;19;
SIMPRO;2026-04-12;material;0000000438;12;;ERWIN GUTH;CIZALHA STILLE-HORSLEY 23CM 270.055;;;;;;;;;;;;;;677.16;SIMPRO_VIG;2009-08-12;19;
SIMPRO;2026-04-12;material;0000121997;12;;ERWIN GUTH;CIZALHA VILBSS 21CM 996.405;;;;;;;;;;;;;;534.6;SIMPRO_VIG;2009-08-12;19;
