fonte;edicao;tipo_item;codigo_fonte;tabela_fonte;chave_fonte;laboratorio;produto;apresentacao;principio_ativo;ean;registro_anvisa;codigo_tuss;ggrem;generico;restrito_hospitalar;qtd_embalagem;pf_total;pmc_total;pf_unit;pmc_unit;preco_ref;tipo_preco;vigencia;tabela87_sugerida;precos_extra
SIMPRO;2026-04-12;material;0000283602;12;;SMT;CUBA BIODEGRADAVEL GRANDE 3LT VERNACARE;;;;;;;;;;;;;;31.54;SIMPRO_VIG;2022-02-24;19;
SIMPRO;2026-04-12;material;0000271887;12;;CONSALAB;CUBA C/TAMPA VIDRO RETANGULAR P/CORAR 30LAMINAS LAMIGLASS;;;;;;;;;;;;;;50;SIMPRO_VIG;2016-06-10;19;
SIMPRO;2026-04-12;material;0000271888;12;;CONSALAB;CUBA C/TAMPA VIDRO RETANGULAR P/CORAR 60LAMINAS LAMIGLASS;;;;;;;;;;;;;;75;SIMPRO_VIG;2016-06-10;19;
SIMPRO;2026-04-12;material;0000078082;12;;RICHTER;CUBA INOX 8X4CM 150ML;;;;;;;;;;;;;;39;SIMPRO_VIG;2018-05-08;19;
SIMPRO;2026-04-12;material;0000078083;12;;RICHTER;CUBA INOX 9X5CM 250ML;;;;;;;;;;;;;;52;SIMPRO_VIG;2018-05-08;19;
SIMPRO;2026-04-12;material;0000061366;12;;CELM;CUBA P/ELETROFORESE C-90 63011336;;;;;;;;;;;;;;724.29;SIMPRO_VIG;2010-06-21;19;
SIMPRO;2026-04-12;material;0000160918;12;;MEDICAL ACTION;CUBA PLASTICA REDONDA ESTERIL;;;;;;;;;;;;;;7;SIMPRO_VIG;2011-09-26;19;
SIMPRO;2026-04-12;material;0000274389;12;;EDLO;CUBA REDONDA 08CM 150ML TAM.PEQ;;;;;;;;;;;;;;45.15;SIMPRO_VIG;2016-07-19;19;
SIMPRO;2026-04-12;material;0000087530;12;;ERWIN GUTH;CUBA REDONDA 08CMX04CM 160ML 310.004;;;;;;;;;;;;;;25.49;SIMPRO_VIG;2010-09-09;19;
SIMPRO;2026-04-12;material;0000274385;12;;EDLO;CUBA REDONDA 09X5,5CM 220ML;;;;;;;;;;;;;;77;SIMPRO_VIG;2016-07-19;19;
SIMPRO;2026-04-12;material;0000274388;12;;EDLO;CUBA REDONDA 10CM 300ML TAM.MED;;;;;;;;;;;;;;77.72;SIMPRO_VIG;2016-07-19;19;
SIMPRO;2026-04-12;material;0000058837;12;;ERWIN GUTH;CUBA REDONDA 10CMX5CM 400ML 310.005A;;;;;;;;;;;;;;40.61;SIMPRO_VIG;2010-09-09;19;
SIMPRO;2026-04-12;material;0000274387;12;;EDLO;CUBA REDONDA 13CM 500ML TAM.GRD;;;;;;;;;;;;;;108.31;SIMPRO_VIG;2016-07-19;19;
SIMPRO;2026-04-12;material;0000087531;12;;ERWIN GUTH;CUBA REDONDA 13CMX06CM 500ML 310.006;;;;;;;;;;;;;;56.57;SIMPRO_VIG;2010-09-09;19;
SIMPRO;2026-04-12;material;0000087532;12;;ERWIN GUTH;CUBA REDONDA 16CMX06CM 1000ML 310.007;;;;;;;;;;;;;;93.1;SIMPRO_VIG;2010-09-09;19;
SIMPRO;2026-04-12;material;0000274386;12;;EDLO;CUBA REDONDA 16X6,0CM 1000ML;;;;;;;;;;;;;;188.92;SIMPRO_VIG;2016-07-19;19;
SIMPRO;2026-04-12;material;0002410176;12;;ERWIN GUTH;CUBA REDONDA 9CMX5CM 250ML 310.005;;;;;;;;;;;;;;34.24;SIMPRO_VIG;2010-09-09;19;
SIMPRO;2026-04-12;material;0000274390;12;;EDLO;CUBA RETANGULAR 22X09X1,5CM;;;;;;;;;;;;;;57.74;SIMPRO_VIG;2016-07-19;19;
SIMPRO;2026-04-12;material;0000274392;12;;EDLO;CUBA RETANGULAR 22X12X1,5CM;;;;;;;;;;;;;;108.29;SIMPRO_VIG;2016-07-19;19;
SIMPRO;2026-04-12;material;0000274395;12;;EDLO;CUBA RETANGULAR 22X17X1,5CM;;;;;;;;;;;;;;118.3;SIMPRO_VIG;2016-07-19;19;
SIMPRO;2026-04-12;material;0000274397;12;;EDLO;CUBA RETANGULAR 24X18X1,5CM;;;;;;;;;;;;;;186.41;SIMPRO_VIG;2016-07-19;19;
SIMPRO;2026-04-12;material;0000274398;12;;EDLO;CUBA RETANGULAR 29X18X1,5CM;;;;;;;;;;;;;;202.99;SIMPRO_VIG;2016-07-19;19;
SIMPRO;2026-04-12;material;0000274400;12;;EDLO;CUBA RETANGULAR 30X20X4CM;;;;;;;;;;;;;;245.56;SIMPRO_VIG;2016-07-19;19;
SIMPRO;2026-04-12;material;0000274402;12;;EDLO;CUBA RETANGULAR 32X24X4CM;;;;;;;;;;;;;;241.89;SIMPRO_VIG;2016-07-19;19;
SIMPRO;2026-04-12;material;0000274403;12;;EDLO;CUBA RETANGULAR 40X28X02CM;;;;;;;;;;;;;;437.98;SIMPRO_VIG;2016-07-19;19;
SIMPRO;2026-04-12;material;0000274405;12;;EDLO;CUBA RETANGULAR 42X30X04,5CM;;;;;;;;;;;;;;483.39;SIMPRO_VIG;2016-07-19;19;
SIMPRO;2026-04-12;material;0000274407;12;;EDLO;CUBA RETANGULAR 47X34X05,0CM;;;;;;;;;;;;;;617.29;SIMPRO_VIG;2016-07-19;19;
SIMPRO;2026-04-12;material;0000274408;12;;EDLO;CUBA RETANGULAR 52X38X05,0CM;;;;;;;;;;;;;;670.52;SIMPRO_VIG;2016-07-19;19;
SIMPRO;2026-04-12;material;0000274391;12;;EDLO;CUBA RETANGULAR PERFURADA 22X09X1,5CM;;;;;;;;;;;;;;72.17;SIMPRO_VIG;2016-07-19;19;
SIMPRO;2026-04-12;material;0000274393;12;;EDLO;CUBA RETANGULAR PERFURADA 22X12X1,5CM;;;;;;;;;;;;;;124.53;SIMPRO_VIG;2016-07-19;19;
SIMPRO;2026-04-12;material;0000274394;12;;EDLO;CUBA RETANGULAR PERFURADA 22X12X3,5CM;;;;;;;;;;;;;;130.76;SIMPRO_VIG;2016-07-19;19;
SIMPRO;2026-04-12;material;0000274396;12;;EDLO;CUBA RETANGULAR PERFURADA 22X17X1,5CM;;;;;;;;;;;;;;136.03;SIMPRO_VIG;2016-07-19;19;
SIMPRO;2026-04-12;material;0000274399;12;;EDLO;CUBA RETANGULAR PERFURADA 30X20X1,5CM;;;;;;;;;;;;;;233.43;SIMPRO_VIG;2016-07-19;19;
SIMPRO;2026-04-12;material;0000274401;12;;EDLO;CUBA RETANGULAR PERFURADA 30X20X4CM;;;;;;;;;;;;;;282.39;SIMPRO_VIG;2016-07-19;19;
SIMPRO;2026-04-12;material;0000274404;12;;EDLO;CUBA RETANGULAR PERFURADA 42X30X02CM;;;;;;;;;;;;;;503.68;SIMPRO_VIG;2016-07-19;19;
SIMPRO;2026-04-12;material;0000274406;12;;EDLO;CUBA RETANGULAR PERFURADA 42X30X04,5CM;;;;;;;;;;;;;;555.89;SIMPRO_VIG;2016-07-19;19;
SIMPRO;2026-04-12;material;0000078084;12;;RICHTER;CUBA RIM 26X12CM 700ML;;;;;;;;;;;;;;107;SIMPRO_VIG;2018-05-08;19;
SIMPRO;2026-04-12;material;0000334301;12;;HEALTH QUALITY;CUBA RIM AMARELA EST.;;;;;;;;;;;;;;28.98;SIMPRO_VIG;2022-08-05;19;
SIMPRO;2026-04-12;material;0000135025;12;;MEDICAL ACTION;CUBA RIM AUTOCLAVAVEL 500CC POLIPROPILENO GRADUADA;;;;;;;;;;;;;;43.7;SIMPRO_VIG;2009-03-02;19;
SIMPRO;2026-04-12;material;0000360302;12;;BIOTEC;CUBA RIM BIOCUBA;;;;;;;;;;;;;;57;SIMPRO_VIG;2025-04-15;19;
SIMPRO;2026-04-12;material;0000283598;12;;SMT;CUBA RIM BIODEGRADAVEL 700ML VERNACARE;;;;;;;;;;;;;;19.07;SIMPRO_VIG;2022-02-24;19;
SIMPRO;2026-04-12;material;0000334302;12;;HEALTH QUALITY;CUBA RIM BRANCA EST.;;;;;;;;;;;;;;28.98;SIMPRO_VIG;2022-08-05;19;
SIMPRO;2026-04-12;material;0000135026;12;;MEDICAL ACTION;CUBA RIM DESC.N/ESTERIL 500CC POLIPROPILENO;;;;;;;;;;;;;;2.19;SIMPRO_VIG;2010-07-12;19;
SIMPRO;2026-04-12;material;0000101862;12;;KOLPLAST;CUBA RIM DESC.POLPA CELULOSE EMB.INDIV.ESTERIL;;;;;;;;;;;;;;0;SIMPRO_VIG;2010-02-26;19;
SIMPRO;2026-04-12;material;0000101863;12;;KOLPLAST;CUBA RIM DESC.POLPA CELULOSE EMB.INDIV.N/ESTERIL;;;;;;;;;;;;;;0;SIMPRO_VIG;2010-02-26;19;
SIMPRO;2026-04-12;material;0000101864;12;;KOLPLAST;CUBA RIM DESC.POLPA CELULOSE N/EST.;;;;;;;;;;;;;;25;SIMPRO_VIG;2024-10-03;19;
SIMPRO;2026-04-12;material;0002410175;12;;ERWIN GUTH;CUBA RIM INOX 26X12CM 700ML 310.001;;;;;;;;;;;;;;83.14;SIMPRO_VIG;2010-09-09;19;
SIMPRO;2026-04-12;material;0000274409;12;;EDLO;CUBA RIM INOX 700ML;;;;;;;;;;;;;;160.28;SIMPRO_VIG;2016-07-19;19;
SIMPRO;2026-04-12;material;0000074058;12;;CIRURGICA BRASIL;CUBA RIM PLAST.DESC.TAYLOR;;;;;;;;;;;;;;3.3;SIMPRO_VIG;2009-09-11;19;
SIMPRO;2026-04-12;material;0000285337;12;;CREMER;CUBA RIM PLAST.EST.700ML;;;;;;;;;;;;;;60;SIMPRO_VIG;2022-10-28;19;
SIMPRO;2026-04-12;material;0000279581;12;;CELLPUS;CUBA RIM PLASTICA 500ML;;;;;;;;;;;;;;12.5;SIMPRO_VIG;2025-03-18;19;
SIMPRO;2026-04-12;material;0000263999;12;;BIOTEC;CUBA RIM PLASTICA 500ML AUTOCLAVAVEL;;;;;;;;;;;;;;52;SIMPRO_VIG;2023-08-22;19;
SIMPRO;2026-04-12;material;0000101865;12;;KOLPLAST;CUBA RIM PLASTICA DESC.ESTERIL;;;;;;;;;;;;;;0;SIMPRO_VIG;2010-02-26;19;
SIMPRO;2026-04-12;material;0000101866;12;;KOLPLAST;CUBA RIM PLASTICA DESC.N/ESTERIL;;;;;;;;;;;;;;0;SIMPRO_VIG;2010-02-26;19;
SIMPRO;2026-04-12;material;0000262111;12;;RL SUPRIMENTOS;CUBA RIM PLASTICA ESTERIL;;;;;;;;;;;;;;8.3;SIMPRO_VIG;2015-10-19;19;
SIMPRO;2026-04-12;material;0000024763;12;;EMBRAMED;CUBA RIM PLASTICA ESTERIL 4301P;;;;;;;;;;;;;;11.33;SIMPRO_VIG;2013-10-15;19;
SIMPRO;2026-04-12;material;0000325081;12;;CIRURGICA FERNANDES;CUBA RIM PLASTICA HERPLAS;;;;;;;;;;;;;;15;SIMPRO_VIG;2021-07-23;19;
SIMPRO;2026-04-12;material;0000262112;12;;RL SUPRIMENTOS;CUBA RIM PLASTICA N/ESTERIL;;;;;;;;;;;;;;6.2;SIMPRO_VIG;2015-10-19;19;
SIMPRO;2026-04-12;material;0000240799;12;;EMBRAMED;CUBA RIM PLASTICA N/ESTERIL 4302P;;;;;;;;;;;;;;10.38;SIMPRO_VIG;2013-10-15;19;
SIMPRO;2026-04-12;material;0000152474;12;;CIRURGICA BRASIL;CUBA RIM TAYLOR;;;;;;;;;;;;;;12.8;SIMPRO_VIG;2022-01-28;19;
SIMPRO;2026-04-12;material;0000334303;12;;HEALTH QUALITY;CUBA RIM VERDE EST.;;;;;;;;;;;;;;28.98;SIMPRO_VIG;2022-08-05;19;
SIMPRO;2026-04-12;material;0000301883;12;;BIOTEC;CUBA RIM VERDE-BIOCUBA 00.52.001;;;;;;;;;;;;;;57;SIMPRO_VIG;2023-08-22;19;
SIMPRO;2026-04-12;material;0000287634;12;;ORTOCIR;CUBA SIMPLES P/CIMENTO;;;;;;;;;;;;;;745.2;SIMPRO_VIG;2017-06-29;19;
SIMPRO;2026-04-12;material;0000061373;12;;CELM;CUBETA AMOSTRA C/TAMPA P/SBA-200 0,5ML 1000UNID;;;;;;;;;;;;;;0.168;SIMPRO_VIG;2008-11-05;19;
SIMPRO;2026-04-12;material;0000276986;12;;ALERE;CUBETA P/TESTE SEDIMENTO URINARIO 600UNID;;;;;;;;;;;;;;6.53;SIMPRO_VIG;2016-09-19;19;
SIMPRO;2026-04-12;material;0000061372;12;;CELM;CUBETA REACAO 2ML P/SBA-200 1000UNID;;;;;;;;;;;;;;0.234;SIMPRO_VIG;2010-06-21;19;
SIMPRO;2026-04-12;material;0000274929;12;;BIOMEDICA;CUBETA TCA P/DETERMICAO TEMPO COAGULACAO ATIVADA 45UNID.;;;;;;;;;;;;;;95;SIMPRO_VIG;2016-07-26;19;
SIMPRO;2026-04-12;material;0000244211;12;;LAGROTTA AZZURA;CUECA ALGODAO DESCARTAVEL;;;;;;;;;;;;;;1.5;SIMPRO_VIG;2014-03-14;19;
SIMPRO;2026-04-12;material;0000114478;12;;SOMETIMES;CUECA GERIATRICA EGG 08UN;;;;;;;;;;;;;;2.729;SIMPRO_VIG;2010-01-19;19;
SIMPRO;2026-04-12;material;0000114479;12;;SOMETIMES;CUECA GERIATRICA EGG 18UN;;;;;;;;;;;;;;2.534;SIMPRO_VIG;2010-01-19;19;
SIMPRO;2026-04-12;material;0000114474;12;;SOMETIMES;CUECA GERIATRICA G 08UN;;;;;;;;;;;;;;2.59;SIMPRO_VIG;2010-01-19;19;
SIMPRO;2026-04-12;material;0000114475;12;;SOMETIMES;CUECA GERIATRICA G 18UN;;;;;;;;;;;;;;2.408;SIMPRO_VIG;2010-01-19;19;
SIMPRO;2026-04-12;material;0000114476;12;;SOMETIMES;CUECA GERIATRICA GG 08UN;;;;;;;;;;;;;;2.59;SIMPRO_VIG;2010-01-19;19;
SIMPRO;2026-04-12;material;0000114477;12;;SOMETIMES;CUECA GERIATRICA GG 18UN;;;;;;;;;;;;;;2.408;SIMPRO_VIG;2010-01-19;19;
SIMPRO;2026-04-12;material;0000114472;12;;SOMETIMES;CUECA GERIATRICA M 08UN;;;;;;;;;;;;;;2.59;SIMPRO_VIG;2010-01-19;19;
SIMPRO;2026-04-12;material;0000114473;12;;SOMETIMES;CUECA GERIATRICA M 18UN;;;;;;;;;;;;;;2.408;SIMPRO_VIG;2010-01-19;19;
SIMPRO;2026-04-12;material;0000114470;12;;SOMETIMES;CUECA GERIATRICA P 08UN;;;;;;;;;;;;;;2.59;SIMPRO_VIG;2010-01-19;19;
SIMPRO;2026-04-12;material;0000114471;12;;SOMETIMES;CUECA GERIATRICA P 18UN;;;;;;;;;;;;;;2.408;SIMPRO_VIG;2010-01-19;19;
SIMPRO;2026-04-12;material;0000240130;12;;INVEL;CUECA INVEL ACTIIVE BOXER P/MELHORA MICROCIRCULACAO SANGUINEA LOCAL TAM.GG.;;;;;;;;;;;;;;266;SIMPRO_VIG;2019-02-26;19;
SIMPRO;2026-04-12;material;0000240127;12;;INVEL;CUECA INVEL ACTIIVE BOXER P/MELHORA MICROCIRCULACAO SANGUINEA LOCAL TAM.GRD.;;;;;;;;;;;;;;266;SIMPRO_VIG;2019-02-26;19;
SIMPRO;2026-04-12;material;0000240125;12;;INVEL;CUECA INVEL ACTIIVE BOXER P/MELHORA MICROCIRCULACAO SANGUINEA LOCAL TAM.MED.;;;;;;;;;;;;;;266;SIMPRO_VIG;2019-02-26;19;
SIMPRO;2026-04-12;material;0000240122;12;;INVEL;CUECA INVEL ACTIIVE BOXER P/MELHORA MICROCIRCULACAO SANGUINEA LOCAL TAM.PEQ.;;;;;;;;;;;;;;266;SIMPRO_VIG;2019-02-26;19;
SIMPRO;2026-04-12;material;0000240131;12;;INVEL;CUECA INVEL ACTIIVE BOXER P/MELHORA MICROCIRCULACAO SANGUINEA LOCAL TAM.XGG.;;;;;;;;;;;;;;266;SIMPRO_VIG;2019-02-26;19;
SIMPRO;2026-04-12;material;0000048754;12;;ORTOCENTER;CUECA P/HERNIA INGUINAL DIR.GG;;;;;;;;;;;;;;56;SIMPRO_VIG;2011-01-19;19;
SIMPRO;2026-04-12;material;0000048753;12;;ORTOCENTER;CUECA P/HERNIA INGUINAL DIR.GRD.;;;;;;;;;;;;;;56;SIMPRO_VIG;2011-01-19;19;
SIMPRO;2026-04-12;material;0000048752;12;;ORTOCENTER;CUECA P/HERNIA INGUINAL DIR.MED.;;;;;;;;;;;;;;56;SIMPRO_VIG;2011-01-19;19;
SIMPRO;2026-04-12;material;0000048751;12;;ORTOCENTER;CUECA P/HERNIA INGUINAL DIR.PEQ.;;;;;;;;;;;;;;56;SIMPRO_VIG;2011-01-19;19;
SIMPRO;2026-04-12;material;0000048762;12;;ORTOCENTER;CUECA P/HERNIA INGUINAL DUPLA GG;;;;;;;;;;;;;;60;SIMPRO_VIG;2011-01-19;19;
SIMPRO;2026-04-12;material;0000048761;12;;ORTOCENTER;CUECA P/HERNIA INGUINAL DUPLA GRD.;;;;;;;;;;;;;;60;SIMPRO_VIG;2011-01-19;19;
SIMPRO;2026-04-12;material;0000048760;12;;ORTOCENTER;CUECA P/HERNIA INGUINAL DUPLA MED.;;;;;;;;;;;;;;60;SIMPRO_VIG;2011-01-19;19;
SIMPRO;2026-04-12;material;0000048759;12;;ORTOCENTER;CUECA P/HERNIA INGUINAL DUPLA PEQ.;;;;;;;;;;;;;;60;SIMPRO_VIG;2011-01-19;19;
SIMPRO;2026-04-12;material;0000048758;12;;ORTOCENTER;CUECA P/HERNIA INGUINAL ESQ.GG;;;;;;;;;;;;;;56;SIMPRO_VIG;2011-01-19;19;
SIMPRO;2026-04-12;material;0000048757;12;;ORTOCENTER;CUECA P/HERNIA INGUINAL ESQ.GRD.;;;;;;;;;;;;;;56;SIMPRO_VIG;2011-01-19;19;
SIMPRO;2026-04-12;material;0000048756;12;;ORTOCENTER;CUECA P/HERNIA INGUINAL ESQ.MED.;;;;;;;;;;;;;;56;SIMPRO_VIG;2011-01-19;19;
SIMPRO;2026-04-12;material;0000048755;12;;ORTOCENTER;CUECA P/HERNIA INGUINAL ESQ.PEQ.;;;;;;;;;;;;;;56;SIMPRO_VIG;2011-01-19;19;
SIMPRO;2026-04-12;material;0000114459;12;;SOMETIMES;CUECA S.C.(EMB.ECON.) EGG 50UNID;;;;;;;;;;;;;;1.391;SIMPRO_VIG;2010-01-19;19;
SIMPRO;2026-04-12;material;0000114457;12;;SOMETIMES;CUECA S.C.(EMB.ECON.) GG 50UNID;;;;;;;;;;;;;;1.352;SIMPRO_VIG;2010-01-19;19;
SIMPRO;2026-04-12;material;0000114455;12;;SOMETIMES;CUECA S.C.(EMB.ECON.) GRD.50UNID;;;;;;;;;;;;;;1.352;SIMPRO_VIG;2010-01-19;19;
SIMPRO;2026-04-12;material;0000114453;12;;SOMETIMES;CUECA S.C.(EMB.ECON.) MED.50UNID;;;;;;;;;;;;;;1.352;SIMPRO_VIG;2010-01-19;19;
SIMPRO;2026-04-12;material;0000114451;12;;SOMETIMES;CUECA S.C.(EMB.ECON.) PEQ.50UNID;;;;;;;;;;;;;;1.352;SIMPRO_VIG;2010-01-19;19;
SIMPRO;2026-04-12;material;0000114458;12;;SOMETIMES;CUECA S.C.EGG 10UNID;;;;;;;;;;;;;;1.695;SIMPRO_VIG;2010-01-19;19;
SIMPRO;2026-04-12;material;0000114456;12;;SOMETIMES;CUECA S.C.GG 10UNID;;;;;;;;;;;;;;1.6;SIMPRO_VIG;2010-01-19;19;
SIMPRO;2026-04-12;material;0000114454;12;;SOMETIMES;CUECA S.C.GRD.10UNID;;;;;;;;;;;;;;1.6;SIMPRO_VIG;2010-01-19;19;
SIMPRO;2026-04-12;material;0000114452;12;;SOMETIMES;CUECA S.C.MED.10UNID;;;;;;;;;;;;;;1.6;SIMPRO_VIG;2010-01-19;19;
SIMPRO;2026-04-12;material;0000114450;12;;SOMETIMES;CUECA S.C.PEQ.10UNID;;;;;;;;;;;;;;1.6;SIMPRO_VIG;2010-01-19;19;
SIMPRO;2026-04-12;material;0000094953;12;;TECMEDIC;CUFF ABDOMINAL C/FIX.EXTERNA PRE-MONTADO 24MMX5CM ENDOFIT C24X5S-PL;;;;;;;;;;;;;;18240;SIMPRO_VIG;2005-05-10;19;
SIMPRO;2026-04-12;material;0000094954;12;;TECMEDIC;CUFF ABDOMINAL C/FIX.EXTERNA PRE-MONTADO 24MMX7CM ENDOFIT C24X7S-PL;;;;;;;;;;;;;;18240;SIMPRO_VIG;2005-05-10;19;
SIMPRO;2026-04-12;material;0000094955;12;;TECMEDIC;CUFF ABDOMINAL C/FIX.EXTERNA PRE-MONTADO 26MMX5CM ENDOFIT C26X5S-PL;;;;;;;;;;;;;;18240;SIMPRO_VIG;2005-05-10;19;
SIMPRO;2026-04-12;material;0000094956;12;;TECMEDIC;CUFF ABDOMINAL C/FIX.EXTERNA PRE-MONTADO 26MMX7CM ENDOFIT C26X7S-PL;;;;;;;;;;;;;;18240;SIMPRO_VIG;2005-05-10;19;
SIMPRO;2026-04-12;material;0000094957;12;;TECMEDIC;CUFF ABDOMINAL C/FIX.EXTERNA PRE-MONTADO 28MMX5CM ENDOFIT C28X5S-PL;;;;;;;;;;;;;;18240;SIMPRO_VIG;2005-05-10;19;
SIMPRO;2026-04-12;material;0000094958;12;;TECMEDIC;CUFF ABDOMINAL C/FIX.EXTERNA PRE-MONTADO 28MMX7CM ENDOFIT C28X7S-PL;;;;;;;;;;;;;;18240;SIMPRO_VIG;2005-05-10;19;
SIMPRO;2026-04-12;material;0000094959;12;;TECMEDIC;CUFF ABDOMINAL C/FIX.EXTERNA PRE-MONTADO 30MMX5CM ENDOFIT C30X5S-PL;;;;;;;;;;;;;;18240;SIMPRO_VIG;2005-05-10;19;
SIMPRO;2026-04-12;material;0000094960;12;;TECMEDIC;CUFF ABDOMINAL C/FIX.EXTERNA PRE-MONTADO 30MMX7CM ENDOFIT C30X7S-PL;;;;;;;;;;;;;;18240;SIMPRO_VIG;2005-05-10;19;
SIMPRO;2026-04-12;material;0000094961;12;;TECMEDIC;CUFF ABDOMINAL C/FIX.EXTERNA PRE-MONTADO 32MMX5CM ENDOFIT C32X5S-PL;;;;;;;;;;;;;;18240;SIMPRO_VIG;2005-05-10;19;
SIMPRO;2026-04-12;material;0000094962;12;;TECMEDIC;CUFF ABDOMINAL C/FIX.EXTERNA PRE-MONTADO 32MMX7CM ENDOFIT C32X7S-PL;;;;;;;;;;;;;;18240;SIMPRO_VIG;2005-05-10;19;
SIMPRO;2026-04-12;material;0000094963;12;;TECMEDIC;CUFF ABDOMINAL C/FIX.EXTERNA PRE-MONTADO 34MMX5CM ENDOFIT C34X5S-PL;;;;;;;;;;;;;;18240;SIMPRO_VIG;2005-05-10;19;
SIMPRO;2026-04-12;material;0000094964;12;;TECMEDIC;CUFF ABDOMINAL C/FIX.EXTERNA PRE-MONTADO 34MMX7CM ENDOFIT C34X7S-PL;;;;;;;;;;;;;;18240;SIMPRO_VIG;2005-05-10;19;
SIMPRO;2026-04-12;material;0000094965;12;;TECMEDIC;CUFF ABDOMINAL C/FIX.EXTERNA PRE-MONTADO 36MMX5CM ENDOFIT C36X5S-PL;;;;;;;;;;;;;;18240;SIMPRO_VIG;2005-05-10;19;
SIMPRO;2026-04-12;material;0000094966;12;;TECMEDIC;CUFF ABDOMINAL C/FIX.EXTERNA PRE-MONTADO 36MMX7CM ENDOFIT C36X7S-PL;;;;;;;;;;;;;;18240;SIMPRO_VIG;2005-05-10;19;
SIMPRO;2026-04-12;material;0000094967;12;;TECMEDIC;CUFF ABDOMINAL C/FIX.EXTERNA PRE-MONTADO 38MMX5CM ENDOFIT C38X5S-PL;;;;;;;;;;;;;;18240;SIMPRO_VIG;2005-05-10;19;
SIMPRO;2026-04-12;material;0000094968;12;;TECMEDIC;CUFF ABDOMINAL C/FIX.EXTERNA PRE-MONTADO 38MMX7CM ENDOFIT C38X7S-PL;;;;;;;;;;;;;;18240;SIMPRO_VIG;2005-05-10;19;
SIMPRO;2026-04-12;material;0000094969;12;;TECMEDIC;CUFF ABDOMINAL C/FIX.EXTERNA PRE-MONTADO 40MMX5CM ENDOFIT C40X5S-PL;;;;;;;;;;;;;;18240;SIMPRO_VIG;2005-05-10;19;
SIMPRO;2026-04-12;material;0000094970;12;;TECMEDIC;CUFF ABDOMINAL C/FIX.EXTERNA PRE-MONTADO 40MMX7CM ENDOFIT C40X7S-PL;;;;;;;;;;;;;;18240;SIMPRO_VIG;2005-05-10;19;
SIMPRO;2026-04-12;material;0000094971;12;;TECMEDIC;CUFF ABDOMINAL C/FIX.EXTERNA PRE-MONTADO 42MMX5CM ENDOFIT C42-5S-PL;;;;;;;;;;;;;;18240;SIMPRO_VIG;2005-05-10;19;
SIMPRO;2026-04-12;material;0000094972;12;;TECMEDIC;CUFF ABDOMINAL C/FIX.EXTERNA PRE-MONTADO 42MMX7CM ENDOFIT C42X7S-PL;;;;;;;;;;;;;;18240;SIMPRO_VIG;2005-05-10;19;
SIMPRO;2026-04-12;material;0000094933;12;;TECMEDIC;CUFF TORACICO C/FIX.EXTERNA PRE-MONTADO 24MMX5CM ENDOFIT TC24X5S-PL;;;;;;;;;;;;;;18240;SIMPRO_VIG;2005-05-10;19;
SIMPRO;2026-04-12;material;0000094934;12;;TECMEDIC;CUFF TORACICO C/FIX.EXTERNA PRE-MONTADO 24MMX7CM ENDOFIT TC24X7S-PL;;;;;;;;;;;;;;18240;SIMPRO_VIG;2005-05-10;19;
SIMPRO;2026-04-12;material;0000094935;12;;TECMEDIC;CUFF TORACICO C/FIX.EXTERNA PRE-MONTADO 26MMX5CM ENDOFIT TC26X5S-PL;;;;;;;;;;;;;;18240;SIMPRO_VIG;2005-05-10;19;
SIMPRO;2026-04-12;material;0000094936;12;;TECMEDIC;CUFF TORACICO C/FIX.EXTERNA PRE-MONTADO 26MMX7CM ENDOFIT TC26X7S-PL;;;;;;;;;;;;;;18240;SIMPRO_VIG;2005-05-10;19;
SIMPRO;2026-04-12;material;0000094937;12;;TECMEDIC;CUFF TORACICO C/FIX.EXTERNA PRE-MONTADO 28MMX5CM ENDOFIT TC28X5S-PL;;;;;;;;;;;;;;18240;SIMPRO_VIG;2005-05-10;19;
SIMPRO;2026-04-12;material;0000094938;12;;TECMEDIC;CUFF TORACICO C/FIX.EXTERNA PRE-MONTADO 28MMX7CM ENDOFIT TC28X7S-PL;;;;;;;;;;;;;;18240;SIMPRO_VIG;2005-05-10;19;
SIMPRO;2026-04-12;material;0000094939;12;;TECMEDIC;CUFF TORACICO C/FIX.EXTERNA PRE-MONTADO 30MMX5CM ENDOFIT TC30X5S-PL;;;;;;;;;;;;;;18240;SIMPRO_VIG;2005-05-10;19;
SIMPRO;2026-04-12;material;0000094940;12;;TECMEDIC;CUFF TORACICO C/FIX.EXTERNA PRE-MONTADO 30MMX7CM ENDOFIT TC30X7S-PL;;;;;;;;;;;;;;18240;SIMPRO_VIG;2005-05-10;19;
SIMPRO;2026-04-12;material;0000094941;12;;TECMEDIC;CUFF TORACICO C/FIX.EXTERNA PRE-MONTADO 32MMX5CM ENDOFIT TC32X5S-PL;;;;;;;;;;;;;;18240;SIMPRO_VIG;2005-05-10;19;
SIMPRO;2026-04-12;material;0000094942;12;;TECMEDIC;CUFF TORACICO C/FIX.EXTERNA PRE-MONTADO 32MMX7CM ENDOFIT TC32X7S-PL;;;;;;;;;;;;;;18240;SIMPRO_VIG;2005-05-10;19;
SIMPRO;2026-04-12;material;0000094943;12;;TECMEDIC;CUFF TORACICO C/FIX.EXTERNA PRE-MONTADO 34MMX5CM ENDOFIT TC34X5S-PL;;;;;;;;;;;;;;18240;SIMPRO_VIG;2005-05-10;19;
SIMPRO;2026-04-12;material;0000094944;12;;TECMEDIC;CUFF TORACICO C/FIX.EXTERNA PRE-MONTADO 34MMX7CM ENDOFIT TC34X7S-PL;;;;;;;;;;;;;;18240;SIMPRO_VIG;2005-05-10;19;
SIMPRO;2026-04-12;material;0000094945;12;;TECMEDIC;CUFF TORACICO C/FIX.EXTERNA PRE-MONTADO 36MMX5CM ENDOFIT TC36X5S-PL;;;;;;;;;;;;;;18240;SIMPRO_VIG;2005-05-10;19;
SIMPRO;2026-04-12;material;0000094946;12;;TECMEDIC;CUFF TORACICO C/FIX.EXTERNA PRE-MONTADO 36MMX7CM ENDOFIT TC36X7S-PL;;;;;;;;;;;;;;18240;SIMPRO_VIG;2005-05-10;19;
SIMPRO;2026-04-12;material;0000094947;12;;TECMEDIC;CUFF TORACICO C/FIX.EXTERNA PRE-MONTADO 38MMX5CM ENDOFIT TC38X5S-PL;;;;;;;;;;;;;;18240;SIMPRO_VIG;2005-05-10;19;
SIMPRO;2026-04-12;material;0000094948;12;;TECMEDIC;CUFF TORACICO C/FIX.EXTERNA PRE-MONTADO 38MMX7CM ENDOFIT TC38X7S-PL;;;;;;;;;;;;;;18240;SIMPRO_VIG;2005-05-10;19;
SIMPRO;2026-04-12;material;0000094949;12;;TECMEDIC;CUFF TORACICO C/FIX.EXTERNA PRE-MONTADO 40MMX5CM ENDOFIT TC40X5S-PL;;;;;;;;;;;;;;18240;SIMPRO_VIG;2005-05-10;19;
SIMPRO;2026-04-12;material;0000094950;12;;TECMEDIC;CUFF TORACICO C/FIX.EXTERNA PRE-MONTADO 40MMX7CM ENDOFIT TC40X7S-PL;;;;;;;;;;;;;;18240;SIMPRO_VIG;2005-05-10;19;
SIMPRO;2026-04-12;material;0000094951;12;;TECMEDIC;CUFF TORACICO C/FIX.EXTERNA PRE-MONTADO 42MMX5CM ENDOFIT TC42X5S-PL;;;;;;;;;;;;;;18240;SIMPRO_VIG;2005-05-10;19;
SIMPRO;2026-04-12;material;0000094952;12;;TECMEDIC;CUFF TORACICO C/FIX.EXTERNA PRE-MONTADO 42MMX7CM ENDOFIT TC42X7S-PL;;;;;;;;;;;;;;18240;SIMPRO_VIG;2005-05-10;19;
SIMPRO;2026-04-12;material;0000132960;12;;PCE;CUNHA DISTAL FEMORAL 5MM 1;;;;;;;;;;;;;;3668.94;SIMPRO_VIG;2026-03-31;19;
SIMPRO;2026-04-12;material;0000132961;12;;PCE;CUNHA DISTAL FEMORAL 5MM 2;;;;;;;;;;;;;;3668.94;SIMPRO_VIG;2026-03-31;19;
SIMPRO;2026-04-12;material;0000132962;12;;PCE;CUNHA DISTAL FEMORAL 5MM 6;;;;;;;;;;;;;;3668.94;SIMPRO_VIG;2026-03-31;19;
SIMPRO;2026-04-12;material;0000132963;12;;PCE;CUNHA DISTAL FEMORAL 5MM 7;;;;;;;;;;;;;;3668.94;SIMPRO_VIG;2026-03-31;19;
SIMPRO;2026-04-12;material;0000132964;12;;PCE;CUNHA DISTAL FEMORAL 5MM 8;;;;;;;;;;;;;;3668.94;SIMPRO_VIG;2026-03-31;19;
SIMPRO;2026-04-12;material;0000132957;12;;PCE;CUNHA DISTAL L 6;;;;;;;;;;;;;;3668.94;SIMPRO_VIG;2026-03-31;19;
SIMPRO;2026-04-12;material;0000132958;12;;PCE;CUNHA DISTAL L 7;;;;;;;;;;;;;;3668.94;SIMPRO_VIG;2026-03-31;19;
SIMPRO;2026-04-12;material;0000132959;12;;PCE;CUNHA DISTAL L 8;;;;;;;;;;;;;;3668.94;SIMPRO_VIG;2026-03-31;19;
SIMPRO;2026-04-12;material;0000052338;12;;CARCI;CUNHA ESPUMA 50X50X15CM;;;;;;;;;;;;;;86;SIMPRO_VIG;2009-11-13;19;
SIMPRO;2026-04-12;material;0000095465;12;;CARCI;CUNHA ESPUMA 50X50X30CM;;;;;;;;;;;;;;110;SIMPRO_VIG;2009-11-13;19;
SIMPRO;2026-04-12;material;0000078230;12;;B.BRAUN;CUNHA FEMORAL DISTAL REVISAO AESCULAP;;;;;;;;;;;;;;3192;SIMPRO_VIG;2003-09-12;19;
SIMPRO;2026-04-12;material;0000132965;12;;PCE;CUNHA FEMORAL POSTERIOR 1-2 5SH;;;;;;;;;;;;;;3668.94;SIMPRO_VIG;2026-03-31;19;
SIMPRO;2026-04-12;material;0000132966;12;;PCE;CUNHA FEMORAL POSTERIOR 1-2 5XS;;;;;;;;;;;;;;3668.94;SIMPRO_VIG;2026-03-31;19;
SIMPRO;2026-04-12;material;0000132967;12;;PCE;CUNHA FEMORAL POSTERIOR 3-4 5LG;;;;;;;;;;;;;;3668.94;SIMPRO_VIG;2026-03-31;19;
SIMPRO;2026-04-12;material;0000132968;12;;PCE;CUNHA FEMORAL POSTERIOR 5-6 10XS;;;;;;;;;;;;;;3668.94;SIMPRO_VIG;2026-03-31;19;
SIMPRO;2026-04-12;material;0000132969;12;;PCE;CUNHA FEMORAL POSTERIOR 5-6 5XS;;;;;;;;;;;;;;3668.94;SIMPRO_VIG;2026-03-31;19;
SIMPRO;2026-04-12;material;0000132970;12;;PCE;CUNHA FEMORAL POSTERIOR 7-8 10SH;;;;;;;;;;;;;;3668.94;SIMPRO_VIG;2026-03-31;19;
SIMPRO;2026-04-12;material;0000132971;12;;PCE;CUNHA FEMORAL POSTERIOR 7-8 10XS;;;;;;;;;;;;;;3668.94;SIMPRO_VIG;2026-03-31;19;
SIMPRO;2026-04-12;material;0000132972;12;;PCE;CUNHA FEMORAL POSTERIOR 7-8 5LG;;;;;;;;;;;;;;3668.94;SIMPRO_VIG;2026-03-31;19;
SIMPRO;2026-04-12;material;0000132973;12;;PCE;CUNHA FEMORAL POSTERIOR 7-8 5SH;;;;;;;;;;;;;;3668.94;SIMPRO_VIG;2026-03-31;19;
SIMPRO;2026-04-12;material;0000132974;12;;PCE;CUNHA FEMORAL POSTERIOR 7-8 5XS;;;;;;;;;;;;;;3668.94;SIMPRO_VIG;2026-03-31;19;
SIMPRO;2026-04-12;material;0000078231;12;;B.BRAUN;CUNHA FEMORAL POSTERIOR DISTAL REVISAO AESCULAP;;;;;;;;;;;;;;3192;SIMPRO_VIG;2003-09-12;19;
SIMPRO;2026-04-12;material;0000070798;12;;B.BRAUN;CUNHA FEMORAL REVISAO AESCULAP;;;;;;;;;;;;;;3852.8;SIMPRO_VIG;2004-04-01;19;
SIMPRO;2026-04-12;material;0000078232;12;;B.BRAUN;CUNHA TIBIAL 15GRAUS AESCULAP;;;;;;;;;;;;;;3192;SIMPRO_VIG;2003-09-12;19;
SIMPRO;2026-04-12;material;0000132975;12;;PCE;CUNHA TIBIAL ANGULADA 1-2 20;;;;;;;;;;;;;;3668.94;SIMPRO_VIG;2026-03-31;19;
SIMPRO;2026-04-12;material;0000132976;12;;PCE;CUNHA TIBIAL ANGULADA 1-2 30;;;;;;;;;;;;;;3668.94;SIMPRO_VIG;2026-03-31;19;
SIMPRO;2026-04-12;material;0000132977;12;;PCE;CUNHA TIBIAL ANGULADA 7-8 20;;;;;;;;;;;;;;3668.94;SIMPRO_VIG;2026-03-31;19;
SIMPRO;2026-04-12;material;0000132978;12;;PCE;CUNHA TIBIAL ANGULADA 7-8 30;;;;;;;;;;;;;;3668.94;SIMPRO_VIG;2026-03-31;19;
SIMPRO;2026-04-12;material;0000132979;12;;PCE;CUNHA TIBIAL INTEIRA 7GRAUS 5-6;;;;;;;;;;;;;;3668.94;SIMPRO_VIG;2026-03-31;19;
SIMPRO;2026-04-12;material;0000132980;12;;PCE;CUNHA TIBIAL LATERAL 1-2 10MM;;;;;;;;;;;;;;3668.94;SIMPRO_VIG;2026-03-31;19;
SIMPRO;2026-04-12;material;0000132981;12;;PCE;CUNHA TIBIAL LATERAL 1-2 15MM;;;;;;;;;;;;;;3668.94;SIMPRO_VIG;2026-03-31;19;
SIMPRO;2026-04-12;material;0000132982;12;;PCE;CUNHA TIBIAL LATERAL 3-4 10MM;;;;;;;;;;;;;;3668.94;SIMPRO_VIG;2026-03-31;19;
SIMPRO;2026-04-12;material;0000132983;12;;PCE;CUNHA TIBIAL LATERAL 3-4 15MM;;;;;;;;;;;;;;3668.94;SIMPRO_VIG;2026-03-31;19;
SIMPRO;2026-04-12;material;0000132984;12;;PCE;CUNHA TIBIAL LATERAL 5-6 10MM;;;;;;;;;;;;;;3668.94;SIMPRO_VIG;2026-03-31;19;
SIMPRO;2026-04-12;material;0000132985;12;;PCE;CUNHA TIBIAL LATERAL 5-6 15MM;;;;;;;;;;;;;;3668.94;SIMPRO_VIG;2026-03-31;19;
SIMPRO;2026-04-12;material;0000132986;12;;PCE;CUNHA TIBIAL LATERAL 7-8 10MM;;;;;;;;;;;;;;3668.94;SIMPRO_VIG;2026-03-31;19;
SIMPRO;2026-04-12;material;0000132987;12;;PCE;CUNHA TIBIAL LATERAL 7-8 15MM;;;;;;;;;;;;;;3668.94;SIMPRO_VIG;2026-03-31;19;
SIMPRO;2026-04-12;material;0000132988;12;;PCE;CUNHA TIBIAL LATERAL ANGULADA 1-2;;;;;;;;;;;;;;3668.94;SIMPRO_VIG;2026-03-31;19;
SIMPRO;2026-04-12;material;0000132989;12;;PCE;CUNHA TIBIAL LATERAL ANGULADA 3-4;;;;;;;;;;;;;;3668.94;SIMPRO_VIG;2026-03-31;19;
SIMPRO;2026-04-12;material;0000132990;12;;PCE;CUNHA TIBIAL LATERAL ANGULADA 5-6;;;;;;;;;;;;;;3668.94;SIMPRO_VIG;2026-03-31;19;
SIMPRO;2026-04-12;material;0000132991;12;;PCE;CUNHA TIBIAL LATERAL ANGULADA 7-8;;;;;;;;;;;;;;3668.94;SIMPRO_VIG;2026-03-31;19;
SIMPRO;2026-04-12;material;0000070799;12;;B.BRAUN;CUNHA TIBIAL REVISAO AESCULAP;;;;;;;;;;;;;;5931.8;SIMPRO_VIG;2004-04-01;19;
SIMPRO;2026-04-12;material;0000344777;12;;BIOTEC;CUPULA BIOCUBA REDONDA EST.;;;;;;;;;;;;;;38;SIMPRO_VIG;2023-08-22;19;
SIMPRO;2026-04-12;material;0000287638;12;;ORTOCIR;CUPULA CARGOS 46MM TITANIO;;;;;;;;;;;;;;3380;SIMPRO_VIG;2017-06-29;19;
SIMPRO;2026-04-12;material;0000287639;12;;ORTOCIR;CUPULA CARGOS 48MM TITANIO;;;;;;;;;;;;;;3380;SIMPRO_VIG;2017-06-29;19;
SIMPRO;2026-04-12;material;0000287642;12;;ORTOCIR;CUPULA CARGOS 50MM TITANIO;;;;;;;;;;;;;;3380;SIMPRO_VIG;2017-06-29;19;
SIMPRO;2026-04-12;material;0000287644;12;;ORTOCIR;CUPULA CARGOS 52MM TITANIO;;;;;;;;;;;;;;3380;SIMPRO_VIG;2017-06-29;19;
SIMPRO;2026-04-12;material;0000287645;12;;ORTOCIR;CUPULA CARGOS 54MM TITANIO;;;;;;;;;;;;;;3380;SIMPRO_VIG;2017-06-29;19;
SIMPRO;2026-04-12;material;0000287646;12;;ORTOCIR;CUPULA CARGOS 56MM TITANIO;;;;;;;;;;;;;;3380;SIMPRO_VIG;2017-06-29;19;
SIMPRO;2026-04-12;material;0000287648;12;;ORTOCIR;CUPULA CARGOS 58MM TITANIO;;;;;;;;;;;;;;3380;SIMPRO_VIG;2017-06-29;19;
SIMPRO;2026-04-12;material;0000287650;12;;ORTOCIR;CUPULA CARGOS 60MM TITANIO;;;;;;;;;;;;;;3380;SIMPRO_VIG;2017-06-29;19;
SIMPRO;2026-04-12;material;0000287651;12;;ORTOCIR;CUPULA CARGOS 62MM TITANIO;;;;;;;;;;;;;;3380;SIMPRO_VIG;2017-06-29;19;
SIMPRO;2026-04-12;material;0000287657;12;;ORTOCIR;CUPULA MBA 44MM TITANIO;;;;;;;;;;;;;;2280;SIMPRO_VIG;2017-06-29;19;
SIMPRO;2026-04-12;material;0000287660;12;;ORTOCIR;CUPULA MBA 46MM TITANIO;;;;;;;;;;;;;;2280;SIMPRO_VIG;2017-06-29;19;
SIMPRO;2026-04-12;material;0000287662;12;;ORTOCIR;CUPULA MBA 48MM TITANIO;;;;;;;;;;;;;;2280;SIMPRO_VIG;2017-06-29;19;
SIMPRO;2026-04-12;material;0000287664;12;;ORTOCIR;CUPULA MBA 50MM TITANIO;;;;;;;;;;;;;;2280;SIMPRO_VIG;2017-06-29;19;
SIMPRO;2026-04-12;material;0000287666;12;;ORTOCIR;CUPULA MBA 52MM TITANIO;;;;;;;;;;;;;;2280;SIMPRO_VIG;2017-06-29;19;
SIMPRO;2026-04-12;material;0000287667;12;;ORTOCIR;CUPULA MBA 54MM TITANIO;;;;;;;;;;;;;;2280;SIMPRO_VIG;2017-06-29;19;
SIMPRO;2026-04-12;material;0000287670;12;;ORTOCIR;CUPULA MBA 56MM TITANIO;;;;;;;;;;;;;;2280;SIMPRO_VIG;2017-06-29;19;
SIMPRO;2026-04-12;material;0000287673;12;;ORTOCIR;CUPULA MBA 58MM TITANIO;;;;;;;;;;;;;;2280;SIMPRO_VIG;2017-06-29;19;
SIMPRO;2026-04-12;material;0000287674;12;;ORTOCIR;CUPULA MBA 60MM TITANIO;;;;;;;;;;;;;;2280;SIMPRO_VIG;2017-06-29;19;
SIMPRO;2026-04-12;material;0000287678;12;;ORTOCIR;CUPULA MBA 62MM TITANIO;;;;;;;;;;;;;;2280;SIMPRO_VIG;2017-06-29;19;
SIMPRO;2026-04-12;material;0000287679;12;;ORTOCIR;CUPULA MBA 64MM TITANIO;;;;;;;;;;;;;;2280;SIMPRO_VIG;2017-06-29;19;
SIMPRO;2026-04-12;material;0000287683;12;;ORTOCIR;CUPULA PAVI 46MM TITANIO;;;;;;;;;;;;;;3380;SIMPRO_VIG;2017-06-29;19;
SIMPRO;2026-04-12;material;0000287684;12;;ORTOCIR;CUPULA PAVI 48MM TITANIO;;;;;;;;;;;;;;3380;SIMPRO_VIG;2017-06-29;19;
SIMPRO;2026-04-12;material;0000287686;12;;ORTOCIR;CUPULA PAVI 50MM TITANIO;;;;;;;;;;;;;;3380;SIMPRO_VIG;2017-06-29;19;
SIMPRO;2026-04-12;material;0000287698;12;;ORTOCIR;CUPULA PAVI 52MM TITANIO;;;;;;;;;;;;;;3380;SIMPRO_VIG;2017-06-29;19;
SIMPRO;2026-04-12;material;0000287699;12;;ORTOCIR;CUPULA PAVI 54MM TITANIO;;;;;;;;;;;;;;3380;SIMPRO_VIG;2017-06-29;19;
SIMPRO;2026-04-12;material;0000287701;12;;ORTOCIR;CUPULA PAVI 56MM TITANIO;;;;;;;;;;;;;;3380;SIMPRO_VIG;2017-06-29;19;
SIMPRO;2026-04-12;material;0000287702;12;;ORTOCIR;CUPULA PAVI 58MM TITANIO;;;;;;;;;;;;;;3380;SIMPRO_VIG;2017-06-29;19;
SIMPRO;2026-04-12;material;0000287703;12;;ORTOCIR;CUPULA PAVI 60MM TITANIO;;;;;;;;;;;;;;3380;SIMPRO_VIG;2017-06-29;19;
SIMPRO;2026-04-12;material;0000287704;12;;ORTOCIR;CUPULA PAVI 62MM TITANIO;;;;;;;;;;;;;;3380;SIMPRO_VIG;2017-06-29;19;
SIMPRO;2026-04-12;material;0000287705;12;;ORTOCIR;CUPULA PAVI 64MM TITANIO;;;;;;;;;;;;;;3380;SIMPRO_VIG;2017-06-29;19;
SIMPRO;2026-04-12;material;0000262113;12;;RL SUPRIMENTOS;CUPULA PLASTICA ESTERIL;;;;;;;;;;;;;;5.9;SIMPRO_VIG;2015-10-19;19;
SIMPRO;2026-04-12;material;0000262114;12;;RL SUPRIMENTOS;CUPULA PLASTICA N/ESTERIL;;;;;;;;;;;;;;5;SIMPRO_VIG;2015-10-19;19;
SIMPRO;2026-04-12;material;0000287712;12;;ORTOCIR;CUPULA QUATTRO VPS 46MM CO-CR;;;;;;;;;;;;;;4200;SIMPRO_VIG;2017-06-29;19;
SIMPRO;2026-04-12;material;0000287714;12;;ORTOCIR;CUPULA QUATTRO VPS 48MM CO-CR;;;;;;;;;;;;;;4200;SIMPRO_VIG;2017-06-29;19;
SIMPRO;2026-04-12;material;0000287716;12;;ORTOCIR;CUPULA QUATTRO VPS 50MM CO-CR;;;;;;;;;;;;;;4200;SIMPRO_VIG;2017-06-29;19;
SIMPRO;2026-04-12;material;0000287719;12;;ORTOCIR;CUPULA QUATTRO VPS 52MM CO-CR;;;;;;;;;;;;;;4200;SIMPRO_VIG;2017-06-29;19;
SIMPRO;2026-04-12;material;0000287720;12;;ORTOCIR;CUPULA QUATTRO VPS 54MM CO-CR;;;;;;;;;;;;;;4200;SIMPRO_VIG;2017-06-29;19;
SIMPRO;2026-04-12;material;0000287722;12;;ORTOCIR;CUPULA QUATTRO VPS 56MM CO-CR;;;;;;;;;;;;;;4200;SIMPRO_VIG;2017-06-29;19;
SIMPRO;2026-04-12;material;0000287724;12;;ORTOCIR;CUPULA QUATTRO VPS 58MM CO-CR;;;;;;;;;;;;;;4200;SIMPRO_VIG;2017-06-29;19;
SIMPRO;2026-04-12;material;0000287730;12;;ORTOCIR;CUPULA QUATTRO VPS 60MM CO-CR;;;;;;;;;;;;;;4200;SIMPRO_VIG;2017-06-29;19;
SIMPRO;2026-04-12;material;0000261786;12;;KOLPLAST;CUPULA/CUBA REDONDA DESC. EST.;;;;;;;;;;;;;;32.05;SIMPRO_VIG;2026-02-19;19;
SIMPRO;2026-04-12;material;0000138355;12;;L.M.FARMA;CURATEC AGE 100ML 12UNID;;;;;;;;;;;;;;3.583;SIMPRO_VIG;2009-07-06;19;
SIMPRO;2026-04-12;material;0000138356;12;;L.M.FARMA;CURATEC AGE 200ML 12UNID;;;;;;;;;;;;;;6.25;SIMPRO_VIG;2009-07-06;19;
SIMPRO;2026-04-12;material;0000142298;12;;FARMA;CURATEC AGE ACIDO GRAXOS ESSENCIAIS 100ML. L.M;;;;;;;;;;;;;;83.77;SIMPRO_VIG;2020-06-16;19;
SIMPRO;2026-04-12;material;0000142297;12;;FARMA;CURATEC AGE ACIDO GRAXOS ESSENCIAIS 200ML. L.M;;;;;;;;;;;;;;144.9;SIMPRO_VIG;2020-06-16;19;
SIMPRO;2026-04-12;material;0000142299;12;;FARMA;CURATEC AGE ACIDO GRAXOS ESSENCIAIS 20ML. L.M;;;;;;;;;;;;;;35.35;SIMPRO_VIG;2020-06-16;19;
SIMPRO;2026-04-12;material;0000145706;12;;NEVE;CURATIVO 10X10CM MEPILEX LITE;;;;;;;;;;;;;;55.33;SIMPRO_VIG;2014-11-04;19;
SIMPRO;2026-04-12;material;0000145713;12;;NEVE;CURATIVO 10X20CM MEPILEX BORDER POST OP;;;;;;;;;;;;;;147.46;SIMPRO_VIG;2014-11-04;19;
SIMPRO;2026-04-12;material;0000145714;12;;NEVE;CURATIVO 10X30CM MEPILEX BORDER POST OP;;;;;;;;;;;;;;176.96;SIMPRO_VIG;2014-11-04;19;
SIMPRO;2026-04-12;material;0000145704;12;;NEVE;CURATIVO 13X20CM MEPILEX HEEL;;;;;;;;;;;;;;176.09;SIMPRO_VIG;2014-11-04;19;
SIMPRO;2026-04-12;material;0000145707;12;;NEVE;CURATIVO 15X15CM MEPILEX LITE;;;;;;;;;;;;;;107.44;SIMPRO_VIG;2014-11-04;19;
SIMPRO;2026-04-12;material;0000145709;12;;NEVE;CURATIVO 18X18CM MEPILEX BORDER SACRUM;;;;;;;;;;;;;;150.91;SIMPRO_VIG;2014-11-04;19;
SIMPRO;2026-04-12;material;0000145708;12;;NEVE;CURATIVO 20X50CM MEPILEX LITE;;;;;;;;;;;;;;481.09;SIMPRO_VIG;2014-11-04;19;
SIMPRO;2026-04-12;material;0000145710;12;;NEVE;CURATIVO 23X23CM MEPILEX BORDER SACRUM;;;;;;;;;;;;;;237.01;SIMPRO_VIG;2014-11-04;19;
SIMPRO;2026-04-12;material;0000145705;12;;NEVE;CURATIVO 6X8,5CM MEPILEX LITE;;;;;;;;;;;;;;46.35;SIMPRO_VIG;2014-11-04;19;
SIMPRO;2026-04-12;material;0000150476;12;;POOLTEX;CURATIVO ABDOMEN GG REDE TUBULAR POOLFIX ROLO 10MT DESCANSO/25MT ESTICADO CAL.10 TARJA AZUL MARINHO;;;;;;;;;;;;;;0.762;SIMPRO_VIG;2010-11-12;19;
SIMPRO;2026-04-12;material;0000150472;12;;POOLTEX;CURATIVO ABDOMEN GRD.REDE TUBULAR POOLFIX ROLO 10MT DESCANSO/25MT ESTICADO CAL.9 TARJA VERMELHA;;;;;;;;;;;;;;0.634;SIMPRO_VIG;2010-11-12;19;
SIMPRO;2026-04-12;material;0000150464;12;;POOLTEX;CURATIVO ABDOMEN PEQ.REDE TUBULAR POOLFIX ROLO 10MT DESCANSO/25MT ESTICADO CAL.7 TARJA UVA;;;;;;;;;;;;;;0.434;SIMPRO_VIG;2010-11-12;19;
SIMPRO;2026-04-12;material;0000150468;12;;POOLTEX;CURATIVO ABDOMEN REDE TUBULAR POOLFIX ROLO 10MT DESCANSO/25MT ESTICADO CAL.8 TARJA AZUL CLARO;;;;;;;;;;;;;;0.483;SIMPRO_VIG;2010-11-12;19;
SIMPRO;2026-04-12;material;0000123042;12;;NEVE;CURATIVO ABSORCAO 10X10CM MEPILEX AG;;;;;;;;;;;;;;149.89;SIMPRO_VIG;2014-11-04;19;
SIMPRO;2026-04-12;material;0000123043;12;;NEVE;CURATIVO ABSORCAO 10X20CM MEPILEX AG;;;;;;;;;;;;;;247.95;SIMPRO_VIG;2014-11-04;19;
SIMPRO;2026-04-12;material;0000123044;12;;NEVE;CURATIVO ABSORCAO 15X15CM MEPILEX AG;;;;;;;;;;;;;;316.82;SIMPRO_VIG;2014-11-04;19;
SIMPRO;2026-04-12;material;0000123045;12;;NEVE;CURATIVO ABSORCAO 20X20CM MEPILEX AG;;;;;;;;;;;;;;536.53;SIMPRO_VIG;2014-11-04;19;
SIMPRO;2026-04-12;material;0000277641;12;;PAUL HARTMANN;CURATIVO ABSORV.EST.HIDR.ESP./HIDROGEL N/ADER.C/BORD.ADES.HYDROTAC COMF.15X15CM NEW PACK PH;;;;;;;;;;;;;;357.11;SIMPRO_VIG;2020-05-06;19;
SIMPRO;2026-04-12;material;0000337950;12;;PAUL HARTMANN;CURATIVO ABSORV.EST.HIDR.ESP./HIDROGEL N/ADER.C/BORD.ADES.HYDROTAC COMF.15X15CM NEW PACK PH;;;;;;;;;;;;;;357.11;SIMPRO_VIG;2023-01-31;19;
SIMPRO;2026-04-12;material;0000255441;12;;BACE;CURATIVO ABSORV.EST.HIDR.ESP./HIDROGEL N/ADER.REDONDO HYDROTAC ROUND 06CM;;;;;;;;;;;;;;45.55;SIMPRO_VIG;2015-03-24;19;
SIMPRO;2026-04-12;material;0000255438;12;;BACE;CURATIVO ABSORV.EST.HIDROATIVO ESP./HIDROGEL N/ADER.C/BORD.ADES.HYDROTAC COMF. 20X20CM;;;;;;;;;;;;;;314.1;SIMPRO_VIG;2019-02-12;19;
SIMPRO;2026-04-12;material;0000255436;12;;BACE;CURATIVO ABSORV.EST.HIDROATIVO ESP./HIDROGEL N/ADER.C/BORD.ADES.HYDROTAC COMF.12,5X12,5CM;;;;;;;;;;;;;;89;SIMPRO_VIG;2016-03-04;19;
SIMPRO;2026-04-12;material;0000255437;12;;BACE;CURATIVO ABSORV.EST.HIDROATIVO ESP./HIDROGEL N/ADER.C/BORD.ADES.HYDROTAC COMF.15X15CM;;;;;;;;;;;;;;234;SIMPRO_VIG;2017-10-26;19;
SIMPRO;2026-04-12;material;0000255435;12;;PAUL HARTMANN;CURATIVO ABSORV.EST.HIDROATIVO ESP./HIDROGEL N/ADER.C/BORD.ADES.HYDROTAC COMFORT 08X08CM;;;;;;;;;;;;;;206.43;SIMPRO_VIG;2020-05-06;19;
SIMPRO;2026-04-12;material;0000277640;12;;BACE;CURATIVO ABSORV.EST.HIDROATIVO ESP./HIDROGEL N/ADER.HYDROTAC 10X10CM NEW PACK PH;;;;;;;;;;;;;;75.33;SIMPRO_VIG;2016-10-11;19;
SIMPRO;2026-04-12;material;0000255439;12;;PAUL HARTMANN;CURATIVO ABSORV.EST.HIDROATIVO ESP./HIDROGEL N/ADER.HYDROTAC 12,5X12,5CM;;;;;;;;;;;;;;272.22;SIMPRO_VIG;2020-05-06;19;
SIMPRO;2026-04-12;material;0000337951;12;;PAUL HARTMANN;CURATIVO ABSORV.EST.HIDROATIVO ESP./HIDROGEL N/ADER.HYDROTAC 12,5X12,5CM;;;;;;;;;;;;;;272.22;SIMPRO_VIG;2023-01-31;19;
SIMPRO;2026-04-12;material;0000337952;12;;PAUL HARTMANN;CURATIVO ABSORV.EST.HIDROATIVO ESP./HIDROGEL N/ADER.HYDROTAC 12,5X12,5CM;;;;;;;;;;;;;;272.22;SIMPRO_VIG;2023-01-31;19;
SIMPRO;2026-04-12;material;0000255440;12;;PAUL HARTMANN;CURATIVO ABSORV.EST.HIDROATIVO ESP./HIDROGEL N/ADER.SACRAL HYDROTAC SACRAL 18X18CM;;;;;;;;;;;;;;338;SIMPRO_VIG;2020-05-06;19;
SIMPRO;2026-04-12;material;0000337953;12;;PAUL HARTMANN;CURATIVO ABSORV.EST.HIDROATIVO ESP./HIDROGEL N/ADER.SACRAL HYDROTAC SACRAL 18X18CM;;;;;;;;;;;;;;338;SIMPRO_VIG;2023-01-31;19;
SIMPRO;2026-04-12;material;0000266655;12;;PAUL HARTMANN;CURATIVO ABSORV.EST.HIDROATIVO ESP./HIDROGEL N/ADERENTE HYDROTAC 15X15CM;;;;;;;;;;;;;;450;SIMPRO_VIG;2020-12-15;19;
SIMPRO;2026-04-12;material;0000178121;12;;PAUL HARTMANN;CURATIVO ABSORV.EST.HIPROATIVO ESP./HIDROGEL N/ADER. HYDROTAC 20X20CM;;;;;;;;;;;;;;540.8;SIMPRO_VIG;2020-05-06;19;
SIMPRO;2026-04-12;material;0000337954;12;;PAUL HARTMANN;CURATIVO ABSORV.EST.HIPROATIVO ESP./HIDROGEL N/ADER. HYDROTAC 20X20CM PAUL HARTMANN;;;;;;;;;;;;;;594.88;SIMPRO_VIG;2025-10-28;19;
SIMPRO;2026-04-12;material;0000178119;12;;PAUL HARTMANN;CURATIVO ABSORV.EST.HIPROATIVO ESP./HIDROGEL N/ADER.HYDROTAC 10X10CM;;;;;;;;;;;;;;234.26;SIMPRO_VIG;2020-05-06;19;
SIMPRO;2026-04-12;material;0000337955;12;;PAUL HARTMANN;CURATIVO ABSORV.EST.HIPROATIVO ESP./HIDROGEL N/ADER.HYDROTAC 10X10CM PAUL HARTMANN;;;;;;;;;;;;;;257.69;SIMPRO_VIG;2025-10-28;19;
SIMPRO;2026-04-12;material;0000276453;12;;PAUL HARTMANN;CURATIVO ABSORV.EST.HIPROATIVO ESP./HIDROGEL N/ADER.HYDROTAC 20X20CM;;;;;;;;;;;;;;457;SIMPRO_VIG;2021-03-03;19;
SIMPRO;2026-04-12;material;0000276455;12;;PAUL HARTMANN;CURATIVO ABSORV.EST.HIPROATIVO ESP./HIDROGEL N/ADER.HYDROTAC 20X20CM;;;;;;;;;;;;;;460;SIMPRO_VIG;2020-12-15;19;
SIMPRO;2026-04-12;material;0000276454;12;;BACE;CURATIVO ABSORV.EST.HIPROATIVO ESP./HIDROGEL N/ADER.HYDROTAC 20X20CM PAUL HARTMANN;;;;;;;;;;;;;;201;SIMPRO_VIG;2016-09-13;19;
SIMPRO;2026-04-12;material;0000178120;12;;PAUL HARTMANN;CURATIVO ABSORV.EST.HIPROATIVO ESP./HIDROGEL N/ADER.NHYDROTAC 10X20CM;;;;;;;;;;;;;;440;SIMPRO_VIG;2020-12-15;19;
SIMPRO;2026-04-12;material;0000337956;12;;PAUL HARTMANN;CURATIVO ABSORV.EST.HIPROATIVO ESP./HIDROGEL N/ADER.NHYDROTAC 10X20CM PAUL HARTMANN;;;;;;;;;;;;;;484;SIMPRO_VIG;2025-10-28;19;
SIMPRO;2026-04-12;material;0000169613;12;;NEVE;CURATIVO ABSORV.ESTERIL AUTO-ADERENTE MEPILEX AG 20X50CM;;;;;;;;;;;;;;1244.71;SIMPRO_VIG;2014-11-04;19;
SIMPRO;2026-04-12;material;0000119504;12;;NEVE;CURATIVO ABSORV.ESTERIL AUTO-ADERENTE MEPILEX BORDER 10CMX10CM MOLNLYCKE;;;;;;;;;;;;;;75.65;SIMPRO_VIG;2014-11-04;19;
SIMPRO;2026-04-12;material;0000119505;12;;NEVE;CURATIVO ABSORV.ESTERIL AUTO-ADERENTE MEPILEX BORDER 15CMX15CM MOLNLYCKE;;;;;;;;;;;;;;149.51;SIMPRO_VIG;2014-11-04;19;
SIMPRO;2026-04-12;material;0000119506;12;;NEVE;CURATIVO ABSORV.ESTERIL AUTO-ADERENTE MEPILEX BORDER 15CMX20CM MOLNLYCKE;;;;;;;;;;;;;;192.95;SIMPRO_VIG;2014-11-04;19;
SIMPRO;2026-04-12;material;0000119507;12;;NEVE;CURATIVO ABSORV.ESTERIL AUTO-ADERENTE MEPILEX BORDER 7,5CMX7,5CM MOLNLYCKE;;;;;;;;;;;;;;50.72;SIMPRO_VIG;2014-11-04;19;
SIMPRO;2026-04-12;material;0000169611;12;;NEVE;CURATIVO ABSORV.ESTERIL AUTO-ADERENTE MEPILEX BORDER LITE 10X10CM;;;;;;;;;;;;;;48.38;SIMPRO_VIG;2014-11-04;19;
SIMPRO;2026-04-12;material;0000169612;12;;NEVE;CURATIVO ABSORV.ESTERIL AUTO-ADERENTE MEPILEX BORDER LITE 15X15CM;;;;;;;;;;;;;;90.1;SIMPRO_VIG;2014-11-04;19;
SIMPRO;2026-04-12;material;0000169608;12;;NEVE;CURATIVO ABSORV.ESTERIL AUTO-ADERENTE MEPILEX BORDER LITE 4X5CM;;;;;;;;;;;;;;26.5;SIMPRO_VIG;2014-11-04;19;
SIMPRO;2026-04-12;material;0000169609;12;;NEVE;CURATIVO ABSORV.ESTERIL AUTO-ADERENTE MEPILEX BORDER LITE 5X12,5CM;;;;;;;;;;;;;;31.93;SIMPRO_VIG;2014-11-04;19;
SIMPRO;2026-04-12;material;0000169610;12;;NEVE;CURATIVO ABSORV.ESTERIL AUTO-ADERENTE MEPILEX BORDER LITE 7,5X7,5CM;;;;;;;;;;;;;;35.46;SIMPRO_VIG;2014-11-04;19;
SIMPRO;2026-04-12;material;0000244608;12;;NEVE;CURATIVO ABSORV.ESTERIL AUTO-ADERENTE MEPILEX LITE 20X50CM MOLNLYCKE;;;;;;;;;;;;;;458.18;SIMPRO_VIG;2014-11-04;19;
SIMPRO;2026-04-12;material;0000119508;12;;NEVE;CURATIVO ABSORV.ESTERIL AUTO-ADERENTE MEPILEX TRANSFER 15CMX20CM MOLNLYCKE;;;;;;;;;;;;;;185.2;SIMPRO_VIG;2014-11-04;19;
SIMPRO;2026-04-12;material;0000119509;12;;NEVE;CURATIVO ABSORV.ESTERIL AUTO-ADERENTE MEPILEX TRANSFER 20CMX50CM MOLNLYCKE;;;;;;;;;;;;;;577.93;SIMPRO_VIG;2014-11-04;19;
SIMPRO;2026-04-12;material;0000244607;12;;NEVE;CURATIVO ABSORV.ESTERIL AUTO-ADERENTE MEPILEX TRANSFER 20X50CM MOLNLYCKE;;;;;;;;;;;;;;550.42;SIMPRO_VIG;2014-11-04;19;
SIMPRO;2026-04-12;material;0000119512;12;;NEVE;CURATIVO ABSORV.ESTERIL MICRO-ADERENCIA SELECTIVA MEPILEX 10CMX10CM MOLNLYCKE;;;;;;;;;;;;;;52.48;SIMPRO_VIG;2014-11-04;19;
SIMPRO;2026-04-12;material;0000119513;12;;NEVE;CURATIVO ABSORV.ESTERIL MICRO-ADERENCIA SELECTIVA MEPILEX 10CMX20CM MOLNLYCKE;;;;;;;;;;;;;;95.43;SIMPRO_VIG;2014-11-04;19;
SIMPRO;2026-04-12;material;0000119514;12;;NEVE;CURATIVO ABSORV.ESTERIL MICRO-ADERENCIA SELECTIVA MEPILEX 15CMX15CM MOLNLYCKE;;;;;;;;;;;;;;105.26;SIMPRO_VIG;2014-11-04;19;
SIMPRO;2026-04-12;material;0000119515;12;;NEVE;CURATIVO ABSORV.ESTERIL MICRO-ADERENCIA SELECTIVA MEPILEX 20CMX20CM MOLNLYCKE;;;;;;;;;;;;;;176.91;SIMPRO_VIG;2014-11-04;19;
SIMPRO;2026-04-12;material;0000119516;12;;NEVE;CURATIVO ABSORV.MESORB 10CMX10CM MOLNLYCKE M677001;;;;;;;;;;;;;;0;SIMPRO_VIG;2009-07-28;19;
SIMPRO;2026-04-12;material;0000119517;12;;NEVE;CURATIVO ABSORV.MESORB 10CMX15CM MOLNLYCKE M677201;;;;;;;;;;;;;;0;SIMPRO_VIG;2009-07-28;19;
SIMPRO;2026-04-12;material;0000119518;12;;NEVE;CURATIVO ABSORV.MESORB 10CMX20CM MOLNLYCKE M677401;;;;;;;;;;;;;;0;SIMPRO_VIG;2009-07-28;19;
SIMPRO;2026-04-12;material;0000119519;12;;NEVE;CURATIVO ABSORV.MESORB 15CMX20CM MOLNLYCKE M677601;;;;;;;;;;;;;;0;SIMPRO_VIG;2009-07-28;19;
SIMPRO;2026-04-12;material;0000119520;12;;NEVE;CURATIVO ABSORV.MESORB 20CMX25CM MOLNLYCKE M677701;;;;;;;;;;;;;;0;SIMPRO_VIG;2009-07-28;19;
SIMPRO;2026-04-12;material;0000119521;12;;NEVE;CURATIVO ABSORV.MESORB 30CMX20CM MOLNLYCKE M677801;;;;;;;;;;;;;;0;SIMPRO_VIG;2009-07-28;19;
SIMPRO;2026-04-12;material;0000108095;12;;AMBER;CURATIVO ABSORVENTE C/ALUMINIO N/ADERENTE 60X80CM METALLINE;;;;;;;;;;;;;;297.44;SIMPRO_VIG;2014-05-27;19;
SIMPRO;2026-04-12;material;0000108099;12;;AMBER;CURATIVO ABSORVENTE C/ALUMINIO N/ADERENTE 8X10CM METALLINE 23083;;;;;;;;;;;;;;9.9;SIMPRO_VIG;2008-08-04;19;
SIMPRO;2026-04-12;material;0000130876;12;;VENOSAN;CURATIVO ABSORVENTE C/ALUMINIO N/ADERENTE METALLINE 08X10CM;;;;;;;;;;;;;;42;SIMPRO_VIG;2025-07-29;19;
SIMPRO;2026-04-12;material;0000108100;12;;VENOSAN;CURATIVO ABSORVENTE C/ALUMINIO N/ADERENTE METALLINE 10X12CM;;;;;;;;;;;;;;49.5;SIMPRO_VIG;2025-07-29;19;
SIMPRO;2026-04-12;material;0000108105;12;;VENOSAN;CURATIVO ABSORVENTE C/ALUMINIO N/ADERENTE METALLINE 10X20CM;;;;;;;;;;;;;;68.5;SIMPRO_VIG;2025-07-29;19;
SIMPRO;2026-04-12;material;0000108097;12;;VENOSAN;CURATIVO ABSORVENTE C/ALUMINIO N/ADERENTE METALLINE 40X60CM;;;;;;;;;;;;;;395.36;SIMPRO_VIG;2023-06-30;19;
SIMPRO;2026-04-12;material;0000278615;12;;VENOSAN;CURATIVO ABSORVENTE C/ALUMINIO N/ADERENTE METALLINE 60X80CM;;;;;;;;;;;;;;446.7;SIMPRO_VIG;2023-06-30;19;
SIMPRO;2026-04-12;material;0000108098;12;;VENOSAN;CURATIVO ABSORVENTE C/ALUMINIO N/ADERENTE METALLINE 73CMX2,5MT.;;;;;;;;;;;;;;902;SIMPRO_VIG;2025-07-29;19;
SIMPRO;2026-04-12;material;0000108096;12;;VENOSAN;CURATIVO ABSORVENTE C/ALUMINIO N/ADERENTE METALLINE 80X120CM;;;;;;;;;;;;;;655.1;SIMPRO_VIG;2023-06-30;19;
SIMPRO;2026-04-12;material;0000108106;12;;VENOSAN;CURATIVO ABSORVENTE C/ALUMINIO N/ADERENTE METALLINE(DRENO)06X07CM;;;;;;;;;;;;;;52;SIMPRO_VIG;2025-07-29;19;
SIMPRO;2026-04-12;material;0000108107;12;;VENOSAN;CURATIVO ABSORVENTE C/ALUMINIO N/ADERENTE METALLINE(TRAQUEO)08X09CM;;;;;;;;;;;;;;161;SIMPRO_VIG;2025-07-29;19;
SIMPRO;2026-04-12;material;0000123222;12;;AMBER;CURATIVO ABSORVENTE N/ADERENTE-SOLVALINE N-10X10CM 23231;;;;;;;;;;;;;;12.21;SIMPRO_VIG;2008-08-04;19;
SIMPRO;2026-04-12;material;0000123223;12;;AMBER;CURATIVO ABSORVENTE N/ADERENTE-SOLVALINE N-10X20CM 23232;;;;;;;;;;;;;;21.45;SIMPRO_VIG;2008-08-04;19;
SIMPRO;2026-04-12;material;0000123224;12;;AMBER;CURATIVO ABSORVENTE N/ADERENTE-SOLVALINE N-20X30CM 23233;;;;;;;;;;;;;;65.67;SIMPRO_VIG;2008-08-04;19;
SIMPRO;2026-04-12;material;0000123221;12;;AMBER;CURATIVO ABSORVENTE N/ADERENTE-SOLVALINE N-5X5CM 23230;;;;;;;;;;;;;;4.62;SIMPRO_VIG;2008-08-04;19;
SIMPRO;2026-04-12;material;0000369896;12;;SOL-MILLENNIUM;CURATIVO ABSORVENTE SOL-M 06X07CM;;;;;;;;;;;;;;21.3;SIMPRO_VIG;2026-02-19;19;
SIMPRO;2026-04-12;material;0000369897;12;;SOL-MILLENNIUM;CURATIVO ABSORVENTE SOL-M 10X10CM;;;;;;;;;;;;;;23.31;SIMPRO_VIG;2026-02-19;19;
SIMPRO;2026-04-12;material;0000110582;12;;3M BRASIL;CURATIVO ACETATO CELULOSE C/PETROLATUM 7,6X020,3CM N/ADERENTE ADAPTIC 24UN;;;;;;;;;;;;;;37.626;SIMPRO_VIG;2022-02-24;19;
SIMPRO;2026-04-12;material;0003953071;12;;3M BRASIL;CURATIVO ACETATO CELULOSE C/PETROLATUM 7,6X020,3CM N/ADERENTE ADAPTIC 36UN;;;;;;;;;;;;;;28.919;SIMPRO_VIG;2022-02-24;19;
SIMPRO;2026-04-12;material;0003953072;12;;3M BRASIL;CURATIVO ACETATO CELULOSE C/PETROLATUM 7,6X040,6CM N/ADERENTE ADAPTIC 36UN;;;;;;;;;;;;;;45.877;SIMPRO_VIG;2022-02-24;19;
SIMPRO;2026-04-12;material;0003953070;12;;3M BRASIL;CURATIVO ACETATO CELULOSE C/PETROLATUM 7,6X07,6CM N/ADERENTE ADAPTIC 50UN;;;;;;;;;;;;;;19.487;SIMPRO_VIG;2022-02-24;19;
SIMPRO;2026-04-12;material;0000038836;12;;3M BRASIL;CURATIVO ACETATO CELULOSE C/PETROLATUM 7,6X152,4CM N/ADERENTE ADAPTIC 10ROLOS;;;;;;;;;;;;;;242.481;SIMPRO_VIG;2022-02-24;19;
SIMPRO;2026-04-12;material;0000091796;12;;SMITH & NEPHEW;CURATIVO ACTICOAT 7 ANTIMICROBIANO C/PRATA NANOCRISTALINA 10X12,5CM 5UNID.;;;;;;;;;;;;;;592.8;SIMPRO_VIG;2015-07-08;19;
SIMPRO;2026-04-12;material;0000117438;12;;SMITH & NEPHEW;CURATIVO ACTICOAT ABSORBENT ANTIMICROBIANO C/PRATA NANOCRISTALINA 02X30CM 5UNID;;;;;;;;;;;;;;444;SIMPRO_VIG;2015-07-08;19;
SIMPRO;2026-04-12;material;0000117439;12;;SMITH & NEPHEW;CURATIVO ACTICOAT ABSORBENT ANTIMICROBIANO C/PRATA NANOCRISTALINA 05X05CM 5UNID.;;;;;;;;;;;;;;172.8;SIMPRO_VIG;2015-07-08;19;
SIMPRO;2026-04-12;material;0000117440;12;;SMITH & NEPHEW;CURATIVO ACTICOAT ABSORBENT ANTIMICROBIANO C/PRATA NANOCRISTALINA 10X12,5CM 5UNID;;;;;;;;;;;;;;528;SIMPRO_VIG;2015-07-08;19;
SIMPRO;2026-04-12;material;0000298556;12;;SMITH & NEPHEW;CURATIVO ACTICOAT ANTIMICROBIANO C/PRATA NANOCRISTALINA 10X10CM;;;;;;;;;;;;;;967.69;SIMPRO_VIG;2024-05-08;19;
SIMPRO;2026-04-12;material;0000091793;12;;SMITH & NEPHEW;CURATIVO ACTICOAT ANTIMICROBIANO C/PRATA NANOCRISTALINA 10X10CM 12UN;;;;;;;;;;;;;;531.3;SIMPRO_VIG;2024-05-08;19;
SIMPRO;2026-04-12;material;0000091794;12;;SMITH & NEPHEW;CURATIVO ACTICOAT ANTIMICROBIANO C/PRATA NANOCRISTALINA 10X20CM 12UN;;;;;;;;;;;;;;759;SIMPRO_VIG;2024-05-08;19;
SIMPRO;2026-04-12;material;0000091795;12;;SMITH & NEPHEW;CURATIVO ACTICOAT ANTIMICROBIANO C/PRATA NANOCRISTALINA 20X40CM 6UN;;;;;;;;;;;;;;2122.163;SIMPRO_VIG;2024-05-08;19;
SIMPRO;2026-04-12;material;0000164612;12;;SMITH & NEPHEW;CURATIVO ACTICOAT FLEX 3 ANTIMICROBIANO C/PRATA NANOCRISTALINA 05X05CM 5UNID;;;;;;;;;;;;;;187.2;SIMPRO_VIG;2015-07-08;19;
SIMPRO;2026-04-12;material;0000164613;12;;SMITH & NEPHEW;CURATIVO ACTICOAT FLEX 3 ANTIMICROBIANO C/PRATA NANOCRISTALINA 10X10CM 12UNID.;;;;;;;;;;;;;;652.529;SIMPRO_VIG;2024-05-08;19;
SIMPRO;2026-04-12;material;0000164617;12;;SMITH & NEPHEW;CURATIVO ACTICOAT FLEX 3 ANTIMICROBIANO C/PRATA NANOCRISTALINA 10X120CM 6UNID.;;;;;;;;;;;;;;4275.078;SIMPRO_VIG;2024-05-08;19;
SIMPRO;2026-04-12;material;0000164614;12;;SMITH & NEPHEW;CURATIVO ACTICOAT FLEX 3 ANTIMICROBIANO C/PRATA NANOCRISTALINA 10X20CM 12UNID.;;;;;;;;;;;;;;864.417;SIMPRO_VIG;2024-05-08;19;
SIMPRO;2026-04-12;material;0000298547;12;;SMITH & NEPHEW;CURATIVO ACTICOAT FLEX 3 ANTIMICROBIANO C/PRATA NANOCRISTALINA 20X40CM;;;;;;;;;;;;;;6314.88;SIMPRO_VIG;2024-05-08;19;
SIMPRO;2026-04-12;material;0000164615;12;;SMITH & NEPHEW;CURATIVO ACTICOAT FLEX 3 ANTIMICROBIANO C/PRATA NANOCRISTALINA 20X40CM 6UNID;;;;;;;;;;;;;;1575.8;SIMPRO_VIG;2015-07-08;19;
SIMPRO;2026-04-12;material;0000164616;12;;SMITH & NEPHEW;CURATIVO ACTICOAT FLEX 3 ANTIMICROBIANO C/PRATA NANOCRISTALINA 40X40CM 6UNID.;;;;;;;;;;;;;;4418.29;SIMPRO_VIG;2024-05-08;19;
SIMPRO;2026-04-12;material;0000164619;12;;SMITH & NEPHEW;CURATIVO ACTICOAT FLEX 7 ANTIMICROBIANO C/PRATA NANOCRISTALINA 10X12,5CM 5UNID.;;;;;;;;;;;;;;856.152;SIMPRO_VIG;2024-05-08;19;
SIMPRO;2026-04-12;material;0000298548;12;;SMITH & NEPHEW;CURATIVO ACTICOAT FLEX 7 ANTIMICROBIANO C/PRATA NANOCRISTALINA 15X15CM;;;;;;;;;;;;;;4499.35;SIMPRO_VIG;2024-05-08;19;
SIMPRO;2026-04-12;material;0000164620;12;;SMITH & NEPHEW;CURATIVO ACTICOAT FLEX 7 ANTIMICROBIANO C/PRATA NANOCRISTALINA 15X15CM 5UNID;;;;;;;;;;;;;;933.6;SIMPRO_VIG;2015-07-08;19;
SIMPRO;2026-04-12;material;0000164621;12;;SMITH & NEPHEW;CURATIVO ACTICOAT FLEX 7 ANTIMICROBIANO C/PRATA NANOCRISTALINA 20X40CM 6UNID;;;;;;;;;;;;;;2478;SIMPRO_VIG;2015-07-08;19;
SIMPRO;2026-04-12;material;0000164622;12;;SMITH & NEPHEW;CURATIVO ACTICOAT FLEX 7 ANTIMICROBIANO C/PRATA NANOCRISTALINA 40X40CM 6UNID;;;;;;;;;;;;;;3980;SIMPRO_VIG;2015-07-08;19;
SIMPRO;2026-04-12;material;0000266654;12;;PAUL HARTMANN;CURATIVO ADES.EST.VISCOSE C/COMPRESSA CENTRAL ABSORV.FENESTRADO COSMPORE IV 06X08CM;;;;;;;;;;;;;;58.63;SIMPRO_VIG;2020-05-06;19;
SIMPRO;2026-04-12;material;0000266650;12;;BACE;CURATIVO ADES.EST.VISCOSE C/COMPRESSA CENTRAL ABSORV.IMPREGNADO C/PRATA COSMPORE AG 10X06CM;;;;;;;;;;;;;;95.72;SIMPRO_VIG;2016-01-13;19;
SIMPRO;2026-04-12;material;0000266651;12;;BACE;CURATIVO ADES.EST.VISCOSE C/COMPRESSA CENTRAL ABSORV.IMPREGNADO C/PRATA COSMPORE AG 10X08CM;;;;;;;;;;;;;;109.4;SIMPRO_VIG;2016-01-13;19;
SIMPRO;2026-04-12;material;0000266652;12;;BACE;CURATIVO ADES.EST.VISCOSE C/COMPRESSA CENTRAL ABSORV.IMPREGNADO C/PRATA COSMPORE AG 15X06CM;;;;;;;;;;;;;;87.12;SIMPRO_VIG;2016-01-13;19;
SIMPRO;2026-04-12;material;0000266653;12;;BACE;CURATIVO ADES.EST.VISCOSE C/COMPRESSA CENTRAL ABSORV.IMPREGNADO C/PRATA COSMPORE AG 20X10CM;;;;;;;;;;;;;;118.25;SIMPRO_VIG;2016-01-13;19;
SIMPRO;2026-04-12;material;0000351686;12;;CRAL;CURATIVO ADESIVO 25MM 500UN;;;;;;;;;;;;;;0.065;SIMPRO_VIG;2025-01-16;19;
SIMPRO;2026-04-12;material;0000087034;12;;RECOMED;CURATIVO ADESIVO C/PRATA POLYMEM 9X9CM 30UNID.;;;;;;;;;;;;;;258;SIMPRO_VIG;2015-11-26;19;
SIMPRO;2026-04-12;material;0000364424;12;;TAUROVITA;CURATIVO ADESIVO COMPRESSIVO HEMOSTASIA FITULA 2UN MOZAIK 1999040000;;;;;;;;;;;;;;50;SIMPRO_VIG;2025-11-19;19;
SIMPRO;2026-04-12;material;0000364425;12;;TAUROVITA;CURATIVO ADESIVO COMPRESSIVO HEMOSTASIA FITULA 2UN OZMOZ 1999040501;;;;;;;;;;;;;;45;SIMPRO_VIG;2025-11-19;19;
SIMPRO;2026-04-12;material;0000255445;12;;PAUL HARTMANN;CURATIVO ADESIVO EST.VISCOSE C/COMPRESSA CENTRAL ABSORV.COSMOPOR/PFL 10X8CM;;;;;;;;;;;;;;29.35;SIMPRO_VIG;2020-05-06;19;
SIMPRO;2026-04-12;material;0000255446;12;;PAUL HARTMANN;CURATIVO ADESIVO EST.VISCOSE C/COMPRESSA CENTRAL ABSORV.COSMOPOR/PFL 15X8CM;;;;;;;;;;;;;;44.24;SIMPRO_VIG;2020-05-06;19;
SIMPRO;2026-04-12;material;0000255447;12;;PAUL HARTMANN;CURATIVO ADESIVO EST.VISCOSE C/COMPRESSA CENTRAL ABSORV.COSMOPOR/PFL 20X10CM;;;;;;;;;;;;;;73.31;SIMPRO_VIG;2020-05-06;19;
SIMPRO;2026-04-12;material;0000255448;12;;PAUL HARTMANN;CURATIVO ADESIVO EST.VISCOSE C/COMPRESSA CENTRAL ABSORV.COSMOPOR/PFL 35X10CM;;;;;;;;;;;;;;107.93;SIMPRO_VIG;2020-05-06;19;
SIMPRO;2026-04-12;material;0000255444;12;;PAUL HARTMANN;CURATIVO ADESIVO EST.VISCOSE C/COMPRESSA CENTRAL ABSORV.COSMOPOR/PFL 7,2X5CM;;;;;;;;;;;;;;23.57;SIMPRO_VIG;2020-05-06;19;
SIMPRO;2026-04-12;material;0000353261;12;;WAYCARE;CURATIVO ADESIVO FIXACAO CANULA 6X8CM 100UN WAYDERM I.V.;;;;;;;;;;;;;;33;SIMPRO_VIG;2024-07-16;19;
SIMPRO;2026-04-12;material;0000353262;12;;WAYCARE;CURATIVO ADESIVO FIXACAO CANULA 6X8CM 100UN WAYDERM I.V.;;;;;;;;;;;;;;45;SIMPRO_VIG;2024-07-16;19;
SIMPRO;2026-04-12;material;0000353260;12;;WAYCARE;CURATIVO ADESIVO FIXACAO CANULA 7,6X5,1CM 100UN WAYDERM I.V.;;;;;;;;;;;;;;31;SIMPRO_VIG;2024-07-16;19;
SIMPRO;2026-04-12;material;0000242335;12;;LABOR HEALTH SUPPLY;CURATIVO ADESIVO FIXADOR 5X5,7CM P/CATETER 100UNID.60011;;;;;;;;;;;;;;5.422;SIMPRO_VIG;2023-05-16;19;
SIMPRO;2026-04-12;material;0000325957;12;;LABOR HEALTH SUPPLY;CURATIVO ADESIVO FIXADOR 6X7CM P/CATETER PROCARE 100UNID.60017;;;;;;;;;;;;;;5.629;SIMPRO_VIG;2023-05-16;19;
SIMPRO;2026-04-12;material;0000325958;12;;LABOR HEALTH SUPPLY;CURATIVO ADESIVO FIXADOR 7X9CM P/CATETER PROCARE 100UNID.60018;;;;;;;;;;;;;;7.022;SIMPRO_VIG;2023-05-16;19;
SIMPRO;2026-04-12;material;0000325959;12;;LABOR HEALTH SUPPLY;CURATIVO ADESIVO FIXADOR 8,5X11,5 P/CATETER PROCARE 100UNID.60019;;;;;;;;;;;;;;8.569;SIMPRO_VIG;2023-05-16;19;
SIMPRO;2026-04-12;material;0000151633;12;;BACE;CURATIVO ADESIVO FIXADOR CATETER TUBIFIX;;;;;;;;;;;;;;6.67;SIMPRO_VIG;2013-11-13;19;
SIMPRO;2026-04-12;material;0000151652;12;;BACE;CURATIVO ADESIVO FIXADOR CATETER TUBIFIX FIXACAO NASAL;;;;;;;;;;;;;;5.58;SIMPRO_VIG;2013-11-13;19;
SIMPRO;2026-04-12;material;0000151632;12;;BACE;CURATIVO ADESIVO FIXADOR CATETER TUBIFIX HIDROCOLOIDE FIXACAO NASAL;;;;;;;;;;;;;;14.4;SIMPRO_VIG;2013-11-13;19;
SIMPRO;2026-04-12;material;0000151634;12;;BACE;CURATIVO ADESIVO FIXADOR CATETER TUBIFIX HIDROCOLOIDE N°3;;;;;;;;;;;;;;31.19;SIMPRO_VIG;2013-11-13;19;
SIMPRO;2026-04-12;material;0000151635;12;;BACE;CURATIVO ADESIVO FIXADOR CATETER TUBIFIX N°1;;;;;;;;;;;;;;9.22;SIMPRO_VIG;2013-11-13;19;
SIMPRO;2026-04-12;material;0000151631;12;;BACE;CURATIVO ADESIVO FIXADOR CATETER TUBIFIX N°2;;;;;;;;;;;;;;8.33;SIMPRO_VIG;2013-11-13;19;
SIMPRO;2026-04-12;material;0000259032;12;;CRAL;CURATIVO ADESIVO INF.HIPO-ALERGICO 25MM 500UNID;;;;;;;;;;;;;;0.104;SIMPRO_VIG;2025-01-16;19;
SIMPRO;2026-04-12;material;0000255443;12;;PAUL HARTMANN;CURATIVO ADESIVO P/FIX.CATETER IV POLIURET./POLIACRILATO COSMOPOR IV 6X8CM;;;;;;;;;;;;;;51.68;SIMPRO_VIG;2020-05-06;19;
SIMPRO;2026-04-12;material;0000364426;12;;TAUROVITA;CURATIVO ADESIVO P/FIXACAO FLEXIVEIS 2UN EST.PAPYRUS 1999040202;;;;;;;;;;;;;;40;SIMPRO_VIG;2025-11-19;19;
SIMPRO;2026-04-12;material;0000351687;12;;CRAL;CURATIVO ADESIVO SENSIVEL 19X76MM 10UN;;;;;;;;;;;;;;0.264;SIMPRO_VIG;2025-01-16;19;
SIMPRO;2026-04-12;material;0000259031;12;;CRAL;CURATIVO ADESIVO SENSIVEL 25MM 500UNID;;;;;;;;;;;;;;0.065;SIMPRO_VIG;2025-01-16;19;
SIMPRO;2026-04-12;material;0000259196;12;;CRAL;CURATIVO ADESIVO SENSIVEL OCULAR(TAMPAO)ADU.58X82MM 20UNID;;;;;;;;;;;;;;0.887;SIMPRO_VIG;2025-01-16;19;
SIMPRO;2026-04-12;material;0000259197;12;;CRAL;CURATIVO ADESIVO SENSIVEL OCULAR(TAMPAO)INF.50X62MM 20UNID;;;;;;;;;;;;;;0.853;SIMPRO_VIG;2025-01-16;19;
SIMPRO;2026-04-12;material;0000351688;12;;CRAL;CURATIVO ADESIVO TRANSPARENTE 19X76MM 10UN;;;;;;;;;;;;;;0.24;SIMPRO_VIG;2025-01-16;19;
SIMPRO;2026-04-12;material;0000351689;12;;CRAL;CURATIVO ADESIVO TRANSPARENTE 25MM 15UN;;;;;;;;;;;;;;0.149;SIMPRO_VIG;2025-01-16;19;
SIMPRO;2026-04-12;material;0000133592;12;;RECOMED;CURATIVO ADESIVO TRANSPARENTE ESTERIL 06CMX07CM PROTECT FILM;;;;;;;;;;;;;;3;SIMPRO_VIG;2008-12-03;19;
SIMPRO;2026-04-12;material;0000133593;12;;RECOMED;CURATIVO ADESIVO TRANSPARENTE ESTERIL 10CMX12CM PROTECT FILM;;;;;;;;;;;;;;9;SIMPRO_VIG;2008-12-03;19;
SIMPRO;2026-04-12;material;0000147968;12;;RECOMED;CURATIVO ADESIVO TRANSPARENTE ESTERIL 10CMX25CM PROTECT FILM;;;;;;;;;;;;;;11.34;SIMPRO_VIG;2010-07-15;19;
SIMPRO;2026-04-12;material;0000133594;12;;RECOMED;CURATIVO ADESIVO TRANSPARENTE ESTERIL 15CMX20CM PROTECT FILM;;;;;;;;;;;;;;13;SIMPRO_VIG;2008-12-03;19;
SIMPRO;2026-04-12;material;0000351690;12;;CRAL;CURATIVO ADESIVO UNIVERSAL 25MM 500UN;;;;;;;;;;;;;;0.065;SIMPRO_VIG;2025-01-16;19;
SIMPRO;2026-04-12;material;0000142627;12;;POLAR FIX;CURATIVO ALGINATO C/PRATA SUPRASORB A 05X05CM;;;;;;;;;;;;;;92.95;SIMPRO_VIG;2016-11-01;19;
SIMPRO;2026-04-12;material;0000142628;12;;VENOSAN;CURATIVO ALGINATO C/PRATA SUPRASORB A 10X10CM;;;;;;;;;;;;;;178.82;SIMPRO_VIG;2023-06-30;19;
SIMPRO;2026-04-12;material;0000142629;12;;POLAR FIX;CURATIVO ALGINATO C/PRATA SUPRASORB A 10X20CM;;;;;;;;;;;;;;300.17;SIMPRO_VIG;2016-11-01;19;
SIMPRO;2026-04-12;material;0000142630;12;;VENOSAN;CURATIVO ALGINATO C/PRATA SUPRASORB A 30CM/2G;;;;;;;;;;;;;;340;SIMPRO_VIG;2023-06-30;19;
SIMPRO;2026-04-12;material;0000335221;12;;POLAR FIX;CURATIVO ALGINATO CALCIO 02X30CM EST.FP0102;;;;;;;;;;;;;;136.5;SIMPRO_VIG;2022-10-20;19;
SIMPRO;2026-04-12;material;0000115504;12;;CARDINAL HEALTH MS;CURATIVO ALGINATO CALCIO 05X05CM CURASORB;;;;;;;;;;;;;;65.79;SIMPRO_VIG;2023-06-30;19;
SIMPRO;2026-04-12;material;0000296836;12;;CREMER;CURATIVO ALGINATO CALCIO 05X05CM EST.ETO;;;;;;;;;;;;;;66.69;SIMPRO_VIG;2022-10-28;19;
SIMPRO;2026-04-12;material;0000288772;12;;CREMER;CURATIVO ALGINATO CALCIO 05X05CM-CARTUCHO C/80UNID ESTERIL ETO;;;;;;;;;;;;;;53.35;SIMPRO_VIG;2017-07-11;19;
SIMPRO;2026-04-12;material;0000115505;12;;COVIDIEN;CURATIVO ALGINATO CALCIO 10CMX10CM CURASORB;;;;;;;;;;;;;;108.79;SIMPRO_VIG;2014-12-18;19;
SIMPRO;2026-04-12;material;0000332571;12;;POLAR FIX;CURATIVO ALGINATO CALCIO 10X10CM EST.FP0103;;;;;;;;;;;;;;176.84;SIMPRO_VIG;2022-10-20;19;
SIMPRO;2026-04-12;material;0000288773;12;;CREMER;CURATIVO ALGINATO CALCIO 10X10CM-CARTUCHO C/70UNID ESTERIL ETO;;;;;;;;;;;;;;160.77;SIMPRO_VIG;2017-07-11;19;
SIMPRO;2026-04-12;material;0000115509;12;;CARDINAL HEALTH MS;CURATIVO ALGINATO CALCIO 10X14CM CURASORB;;;;;;;;;;;;;;226.18;SIMPRO_VIG;2023-06-30;19;
SIMPRO;2026-04-12;material;0000332572;12;;POLAR FIX;CURATIVO ALGINATO CALCIO 10X20CM EST.FP0104;;;;;;;;;;;;;;202.75;SIMPRO_VIG;2022-10-20;19;
SIMPRO;2026-04-12;material;0000288774;12;;CREMER;CURATIVO ALGINATO CALCIO 10X20CM-CARTUCHO C/30UNID ESTERIL ETO;;;;;;;;;;;;;;184.32;SIMPRO_VIG;2017-07-11;19;
SIMPRO;2026-04-12;material;0000288775;12;;CREMER;CURATIVO ALGINATO CALCIO 15X15CM-CARTUCHO C/65UNID ESTERIL ETO;;;;;;;;;;;;;;216.92;SIMPRO_VIG;2017-07-11;19;
SIMPRO;2026-04-12;material;0000115508;12;;CARDINAL HEALTH MS;CURATIVO ALGINATO CALCIO 15X25CM CURASORB;;;;;;;;;;;;;;226.18;SIMPRO_VIG;2023-06-30;19;
SIMPRO;2026-04-12;material;0000115507;12;;CARDINAL HEALTH MS;CURATIVO ALGINATO CALCIO 20X10CM CURASORB;;;;;;;;;;;;;;263.11;SIMPRO_VIG;2023-06-30;19;
SIMPRO;2026-04-12;material;0000115510;12;;COVIDIEN;CURATIVO ALGINATO CALCIO 30CMX60CM CURASORB;;;;;;;;;;;;;;914.33;SIMPRO_VIG;2007-04-10;19;
SIMPRO;2026-04-12;material;0000083304;12;;B.BRAUN;CURATIVO ALGINATO CALCIO ASKINA SORB CARBOXIMETILCELULOSE 06X06CM EST.;;;;;;;;;;;;;;80.22;SIMPRO_VIG;2021-10-29;19;
SIMPRO;2026-04-12;material;0000083305;12;;B.BRAUN;CURATIVO ALGINATO CALCIO ASKINA SORB CARBOXIMETILCELULOSE 10X10CM EST.;;;;;;;;;;;;;;198.16;SIMPRO_VIG;2021-10-29;19;
SIMPRO;2026-04-12;material;0000083306;12;;B.BRAUN;CURATIVO ALGINATO CALCIO ASKINA SORB CARBOXIMETILCELULOSE 15X15CM EST.;;;;;;;;;;;;;;320.72;SIMPRO_VIG;2021-10-29;19;
SIMPRO;2026-04-12;material;0000120391;12;;B.BRAUN;CURATIVO ALGINATO CALCIO ASKINA SORB FITA 2,7X34CM;;;;;;;;;;;;;;198;SIMPRO_VIG;2021-10-29;19;
SIMPRO;2026-04-12;material;0000318564;12;;CASEX;CURATIVO ALGINATO CALCIO C/PRATA 10X10CM 10UNID.;;;;;;;;;;;;;;125.96;SIMPRO_VIG;2020-10-29;19;
SIMPRO;2026-04-12;material;0000318556;12;;CASEX;CURATIVO ALGINATO CALCIO C/PRATA 2X30CM 10UNID.;;;;;;;;;;;;;;149.55;SIMPRO_VIG;2020-10-29;19;
SIMPRO;2026-04-12;material;0000318558;12;;CASEX;CURATIVO ALGINATO CALCIO C/PRATA 5X5CM 10UNID.;;;;;;;;;;;;;;132.55;SIMPRO_VIG;2020-10-29;19;
SIMPRO;2026-04-12;material;0000318561;12;;CASEX;CURATIVO ALGINATO CALCIO C/PRATA 7,5X12CM 10UNID.;;;;;;;;;;;;;;131.23;SIMPRO_VIG;2020-10-29;19;
SIMPRO;2026-04-12;material;0000332592;12;;VITA MEDICAL;CURATIVO ALGINATO CALCIO C/PRATA SILVERCARE 10X10CM;;;;;;;;;;;;;;259.19;SIMPRO_VIG;2025-08-05;19;
SIMPRO;2026-04-12;material;0000332593;12;;VITA MEDICAL;CURATIVO ALGINATO CALCIO C/PRATA SILVERCARE 15X10CM;;;;;;;;;;;;;;454.35;SIMPRO_VIG;2025-08-05;19;
SIMPRO;2026-04-12;material;0000115516;12;;COVIDIEN;CURATIVO ALGINATO CALCIO CORDA 91CM CURASORB;;;;;;;;;;;;;;134.28;SIMPRO_VIG;2007-04-10;19;
SIMPRO;2026-04-12;material;0000098925;12;;BACE;CURATIVO ALGINATO CALCIO FITA 1GR/30CM SORBALGON T RIBBONS 1GRS/30CM PAUL HARTMANN;;;;;;;;;;;;;;114.45;SIMPRO_VIG;2013-11-13;19;
SIMPRO;2026-04-12;material;0000057402;12;;BACE;CURATIVO ALGINATO CALCIO FITA 2GR/30CM SORBALGON T RIBBONS 2GRS/30CM PAUL HARTMANN;;;;;;;;;;;;;;120.17;SIMPRO_VIG;2013-11-13;19;
SIMPRO;2026-04-12;material;0000115503;12;;CARDINAL HEALTH MS;CURATIVO ALGINATO CALCIO FITA 30CM CURASORB;;;;;;;;;;;;;;227.95;SIMPRO_VIG;2023-06-30;19;
SIMPRO;2026-04-12;material;0000296840;12;;CREMER;CURATIVO ALGINATO CALCIO FITA 30CM EST.ETO;;;;;;;;;;;;;;160.96;SIMPRO_VIG;2022-10-28;19;
SIMPRO;2026-04-12;material;0000288776;12;;CREMER;CURATIVO ALGINATO CALCIO FITA 30CM-CARTUCHO C/30UNID ESTERIL ETO;;;;;;;;;;;;;;128.77;SIMPRO_VIG;2017-07-11;19;
SIMPRO;2026-04-12;material;0000288777;12;;CREMER;CURATIVO ALGINATO CALCIO FITA 40CM-CARTUCHO C/30UNID ESTERIL ETO;;;;;;;;;;;;;;180.22;SIMPRO_VIG;2017-07-11;19;
SIMPRO;2026-04-12;material;0000115514;12;;CARDINAL HEALTH MS;CURATIVO ALGINATO CALCIO FITA 60CM CURASORB;;;;;;;;;;;;;;282.79;SIMPRO_VIG;2023-06-30;19;
SIMPRO;2026-04-12;material;0000089348;12;;3M BRASIL;CURATIVO ALGINATO CALCIO NU-DERM 05X05CM 10UN;;;;;;;;;;;;;;51.892;SIMPRO_VIG;2021-04-01;19;
SIMPRO;2026-04-12;material;0000089349;12;;3M BRASIL;CURATIVO ALGINATO CALCIO NU-DERM 10X10CM 10UN;;;;;;;;;;;;;;167.344;SIMPRO_VIG;2021-04-01;19;
SIMPRO;2026-04-12;material;0000089350;12;;3M BRASIL;CURATIVO ALGINATO CALCIO NU-DERM 10X20CM 05UN;;;;;;;;;;;;;;203.724;SIMPRO_VIG;2021-04-01;19;
SIMPRO;2026-04-12;material;0000089351;12;;3M BRASIL;CURATIVO ALGINATO CALCIO NU-DERM FITA 2,5X30,5CM 05UN;;;;;;;;;;;;;;195.646;SIMPRO_VIG;2021-04-01;19;
SIMPRO;2026-04-12;material;0000332117;12;;GOLDMED IMPORT;CURATIVO ALGINATO CALCIO PHARMA ALGI F 02X30CM EST.;;;;;;;;;;;;;;95.12;SIMPRO_VIG;2022-05-11;19;
SIMPRO;2026-04-12;material;0000332118;12;;GOLDMED IMPORT;CURATIVO ALGINATO CALCIO PHARMA ALGI F 02X40CM EST.;;;;;;;;;;;;;;113.2;SIMPRO_VIG;2022-05-11;19;
SIMPRO;2026-04-12;material;0000332114;12;;GOLDMED IMPORT;CURATIVO ALGINATO CALCIO PHARMA ALGI F 05X05CM EST.;;;;;;;;;;;;;;30.08;SIMPRO_VIG;2022-05-11;19;
SIMPRO;2026-04-12;material;0000332115;12;;GOLDMED IMPORT;CURATIVO ALGINATO CALCIO PHARMA ALGI F 10X10CM EST.;;;;;;;;;;;;;;39.32;SIMPRO_VIG;2022-05-11;19;
SIMPRO;2026-04-12;material;0000332116;12;;GOLDMED IMPORT;CURATIVO ALGINATO CALCIO PHARMA ALGI F 10X20CM EST.;;;;;;;;;;;;;;95.12;SIMPRO_VIG;2022-05-11;19;
SIMPRO;2026-04-12;material;0000326644;12;;KORAL HOSPITALAR;CURATIVO ALGINATO CALCIO PHARMA-ALGI F 10X10CM;;;;;;;;;;;;;;216.56;SIMPRO_VIG;2021-10-15;19;
SIMPRO;2026-04-12;material;0000326645;12;;KORAL HOSPITALAR;CURATIVO ALGINATO CALCIO PHARMA-ALGI F 10X15CM;;;;;;;;;;;;;;274.22;SIMPRO_VIG;2021-10-15;19;
SIMPRO;2026-04-12;material;0000326646;12;;KORAL HOSPITALAR;CURATIVO ALGINATO CALCIO PHARMA-ALGI F 10X20CM;;;;;;;;;;;;;;319.48;SIMPRO_VIG;2021-10-15;19;
SIMPRO;2026-04-12;material;0000326647;12;;KORAL HOSPITALAR;CURATIVO ALGINATO CALCIO PHARMA-ALGI F 2X30CM CAVITY;;;;;;;;;;;;;;235.12;SIMPRO_VIG;2021-10-15;19;
SIMPRO;2026-04-12;material;0000326648;12;;KORAL HOSPITALAR;CURATIVO ALGINATO CALCIO PHARMA-ALGI F 2X40CM CAVITY;;;;;;;;;;;;;;373.24;SIMPRO_VIG;2021-10-15;19;
SIMPRO;2026-04-12;material;0000326642;12;;KORAL HOSPITALAR;CURATIVO ALGINATO CALCIO PHARMA-ALGI F 5X5CM;;;;;;;;;;;;;;76.32;SIMPRO_VIG;2021-10-15;19;
SIMPRO;2026-04-12;material;0000326643;12;;KORAL HOSPITALAR;CURATIVO ALGINATO CALCIO PHARMA-ALGI F 5X7,5CM;;;;;;;;;;;;;;114.38;SIMPRO_VIG;2021-10-15;19;
SIMPRO;2026-04-12;material;0000057400;12;;BACE;CURATIVO ALGINATO CALCIO PLACA SORBALGON 10X10CM PAUL HARTMANN;;;;;;;;;;;;;;104.5;SIMPRO_VIG;2013-11-13;19;
SIMPRO;2026-04-12;material;0000276456;12;;PAUL HARTMANN;CURATIVO ALGINATO CALCIO PLACA SORBALGON 10X10CM PAUL HARTMANN;;;;;;;;;;;;;;219.4;SIMPRO_VIG;2020-05-06;19;
SIMPRO;2026-04-12;material;0000057401;12;;PAUL HARTMANN;CURATIVO ALGINATO CALCIO PLACA SORBALGON 10X20CM PAUL HARTMANN;;;;;;;;;;;;;;336.76;SIMPRO_VIG;2022-10-27;19;
SIMPRO;2026-04-12;material;0000276457;12;;PAUL HARTMANN;CURATIVO ALGINATO CALCIO PLACA SORBALGON 10X20CM PAUL HARTMANN;;;;;;;;;;;;;;298;SIMPRO_VIG;2020-12-15;19;
SIMPRO;2026-04-12;material;0000057399;12;;PAUL HARTMANN;CURATIVO ALGINATO CALCIO PLACA SORBALGON 5X5CM PAUL HARTMANN;;;;;;;;;;;;;;76.18;SIMPRO_VIG;2020-05-06;19;
SIMPRO;2026-04-12;material;0000115506;12;;CARDINAL HEALTH MS;CURATIVO ALGINATO CALCIO PLUS 10CMX10CM CURASORB;;;;;;;;;;;;;;186.95;SIMPRO_VIG;2023-06-30;19;
SIMPRO;2026-04-12;material;0000351970;12;;MISSNER;CURATIVO ALGINATO CALCIO PRATA FITA M-TEC 2X30CM 5UNID;;;;;;;;;;;;;;47.89;SIMPRO_VIG;2024-04-30;19;
SIMPRO;2026-04-12;material;0000043661;12;;HOLLISTER;CURATIVO ALGINATO CALCIO RESTORE CALCICARE 05X05CM;;;;;;;;;;;;;;40.2;SIMPRO_VIG;2016-01-27;19;
SIMPRO;2026-04-12;material;0000043660;12;;HOLLISTER;CURATIVO ALGINATO CALCIO RESTORE CALCICARE 10X10CM;;;;;;;;;;;;;;63;SIMPRO_VIG;2016-01-27;19;
SIMPRO;2026-04-12;material;0000043662;12;;HOLLISTER;CURATIVO ALGINATO CALCIO RESTORE CALCICARE 10X20CM;;;;;;;;;;;;;;119.9;SIMPRO_VIG;2016-01-27;19;
SIMPRO;2026-04-12;material;0000043663;12;;HOLLISTER;CURATIVO ALGINATO CALCIO RESTORE CALCICARE TIRA 30CM;;;;;;;;;;;;;;89.9;SIMPRO_VIG;2016-01-27;19;
SIMPRO;2026-04-12;material;0001660118;12;;CONVATEC;CURATIVO ALGINATO CALCIO SODIO FITA 2GRS KALTOSTAT;;;;;;;;;;;;;;112;SIMPRO_VIG;2015-04-16;19;
SIMPRO;2026-04-12;material;0000265724;12;;CONVATEC;CURATIVO ALGINATO CALCIO SODIO KALTOSTAT 05,0X05CM 10UNID.1115895;;;;;;;;;;;;;;65.237;SIMPRO_VIG;2022-07-06;19;
SIMPRO;2026-04-12;material;0001660115;12;;CONVATEC;CURATIVO ALGINATO CALCIO SODIO KALTOSTAT 05X05CM;;;;;;;;;;;;;;40.8;SIMPRO_VIG;2015-04-16;19;
SIMPRO;2026-04-12;material;0000265727;12;;CONVATEC;CURATIVO ALGINATO CALCIO SODIO KALTOSTAT 07,5X12CM 10UN 1115896;;;;;;;;;;;;;;172.816;SIMPRO_VIG;2026-03-12;19;
SIMPRO;2026-04-12;material;0000265725;12;;CONVATEC;CURATIVO ALGINATO CALCIO SODIO KALTOSTAT 10,0X20CM 10UN 1197983;;;;;;;;;;;;;;327.712;SIMPRO_VIG;2026-03-12;19;
SIMPRO;2026-04-12;material;0001660116;12;;CONVATEC;CURATIVO ALGINATO CALCIO SODIO KALTOSTAT 10X20CM;;;;;;;;;;;;;;155;SIMPRO_VIG;2015-04-16;19;
SIMPRO;2026-04-12;material;0000265726;12;;CONVATEC;CURATIVO ALGINATO CALCIO SODIO KALTOSTAT 15,0X25CM 10UN 1197984;;;;;;;;;;;;;;535.136;SIMPRO_VIG;2026-03-12;19;
SIMPRO;2026-04-12;material;0001660117;12;;CONVATEC;CURATIVO ALGINATO CALCIO SODIO KALTOSTAT 15X25CM;;;;;;;;;;;;;;253;SIMPRO_VIG;2015-04-16;19;
SIMPRO;2026-04-12;material;0001660114;12;;CONVATEC;CURATIVO ALGINATO CALCIO SODIO KALTOSTAT 7,5X12CM;;;;;;;;;;;;;;81.5;SIMPRO_VIG;2015-04-16;19;
SIMPRO;2026-04-12;material;0000265720;12;;CONVATEC;CURATIVO ALGINATO CALCIO SODIO KALTOSTAT FITA 2G 5UNID.1197985;;;;;;;;;;;;;;179.084;SIMPRO_VIG;2022-07-06;19;
SIMPRO;2026-04-12;material;0001660119;12;;CONVATEC;CURATIVO ALGINATO CALCIO SODIO KALTOSTAT FORT.10X10;;;;;;;;;;;;;;136;SIMPRO_VIG;2015-04-16;19;
SIMPRO;2026-04-12;material;0000265728;12;;CONVATEC;CURATIVO ALGINATO CALCIO SODIO KALTOSTAT FORT.10X10CM 10UN 1197986;;;;;;;;;;;;;;281.568;SIMPRO_VIG;2026-03-12;19;
SIMPRO;2026-04-12;material;0000332111;12;;GOLDMED IMPORT;CURATIVO ALGINATO CALCIO SODIO PHARMA ALGI 05X05CM EST.;;;;;;;;;;;;;;26.6;SIMPRO_VIG;2022-05-11;19;
SIMPRO;2026-04-12;material;0000332112;12;;GOLDMED IMPORT;CURATIVO ALGINATO CALCIO SODIO PHARMA ALGI 10X10CM EST.;;;;;;;;;;;;;;30.02;SIMPRO_VIG;2022-05-11;19;
SIMPRO;2026-04-12;material;0000332113;12;;GOLDMED IMPORT;CURATIVO ALGINATO CALCIO SODIO PHARMA ALGI 10X20CM EST.;;;;;;;;;;;;;;88.89;SIMPRO_VIG;2022-05-11;19;
SIMPRO;2026-04-12;material;0000108108;12;;VENOSAN;CURATIVO ALGINATO CALCIO SUPRASORB A 05X05CM;;;;;;;;;;;;;;98;SIMPRO_VIG;2025-07-29;19;
SIMPRO;2026-04-12;material;0000108109;12;;VENOSAN;CURATIVO ALGINATO CALCIO SUPRASORB A 10X10CM;;;;;;;;;;;;;;202;SIMPRO_VIG;2025-07-29;19;
SIMPRO;2026-04-12;material;0000108111;12;;POLAR FIX;CURATIVO ALGINATO CALCIO SUPRASORB A 10X20CM;;;;;;;;;;;;;;197.08;SIMPRO_VIG;2016-11-01;19;
SIMPRO;2026-04-12;material;0000108112;12;;VENOSAN;CURATIVO ALGINATO CALCIO SUPRASORB A 30CM/2G;;;;;;;;;;;;;;246.7;SIMPRO_VIG;2025-07-29;19;
SIMPRO;2026-04-12;material;0000028866;12;;3M BRASIL;CURATIVO ALGINATO CALCIO TEGAGEN 05X05CM 90110 10UNID;;;;;;;;;;;;;;0;SIMPRO_VIG;2010-04-01;19;
SIMPRO;2026-04-12;material;0000028867;12;;3M BRASIL;CURATIVO ALGINATO CALCIO TEGAGEN 10X10CM 10UNID.;;;;;;;;;;;;;;193.941;SIMPRO_VIG;2022-04-19;19;
SIMPRO;2026-04-12;material;0000028868;12;;3M BRASIL;CURATIVO ALGINATO CALCIO TEGAGEN 10X20CM 90114 05UNID;;;;;;;;;;;;;;0;SIMPRO_VIG;2010-04-01;19;
SIMPRO;2026-04-12;material;0000028869;12;;3M BRASIL;CURATIVO ALGINATO CALCIO TEGAGEN 30CM 5UNID.;;;;;;;;;;;;;;289.636;SIMPRO_VIG;2022-04-19;19;
SIMPRO;2026-04-12;material;0000161673;12;;CASEX;CURATIVO ALGINATO CALCIO/SODIO 10X10CM ALGICARE;;;;;;;;;;;;;;44;SIMPRO_VIG;2011-11-08;19;
SIMPRO;2026-04-12;material;0000097697;12;;LM FARMA;CURATIVO ALGINATO CALCIO/SODIO 10X10CM CURATEC;;;;;;;;;;;;;;237.29;SIMPRO_VIG;2025-01-09;19;
SIMPRO;2026-04-12;material;0000161674;12;;CASEX;CURATIVO ALGINATO CALCIO/SODIO 10X20CM ALGICARE;;;;;;;;;;;;;;75;SIMPRO_VIG;2011-11-08;19;
SIMPRO;2026-04-12;material;0000097698;12;;LM FARMA;CURATIVO ALGINATO CALCIO/SODIO 10X20CM CURATEC;;;;;;;;;;;;;;254.38;SIMPRO_VIG;2025-01-09;19;
SIMPRO;2026-04-12;material;0000161676;12;;CASEX;CURATIVO ALGINATO CALCIO/SODIO 15X15CM ALGICARE;;;;;;;;;;;;;;92;SIMPRO_VIG;2011-11-08;19;
SIMPRO;2026-04-12;material;0000161677;12;;CASEX;CURATIVO ALGINATO CALCIO/SODIO 15X25CM ALGICARE;;;;;;;;;;;;;;104;SIMPRO_VIG;2011-11-08;19;
SIMPRO;2026-04-12;material;0000261935;12;;LM FARMA;CURATIVO ALGINATO CALCIO/SODIO 15X25CM CURATEC;;;;;;;;;;;;;;341.09;SIMPRO_VIG;2025-01-09;19;
SIMPRO;2026-04-12;material;0000161693;12;;FARMA;CURATIVO ALGINATO CALCIO/SODIO 15X25CM CURATEC.. L.M;;;;;;;;;;;;;;16.225;SIMPRO_VIG;2011-11-07;19;
SIMPRO;2026-04-12;material;0000097699;12;;LM FARMA;CURATIVO ALGINATO CALCIO/SODIO 30CM FITA CURATEC;;;;;;;;;;;;;;235.12;SIMPRO_VIG;2020-06-16;19;
SIMPRO;2026-04-12;material;0000161672;12;;CASEX;CURATIVO ALGINATO CALCIO/SODIO 5X5CM ALGICARE;;;;;;;;;;;;;;28;SIMPRO_VIG;2011-11-08;19;
SIMPRO;2026-04-12;material;0000097696;12;;LM FARMA;CURATIVO ALGINATO CALCIO/SODIO 5X5CM CURATEC;;;;;;;;;;;;;;32.75;SIMPRO_VIG;2020-06-16;19;
SIMPRO;2026-04-12;material;0000161675;12;;CASEX;CURATIVO ALGINATO CALCIO/SODIO 7,5X12CM ALGICARE;;;;;;;;;;;;;;40;SIMPRO_VIG;2011-11-08;19;
SIMPRO;2026-04-12;material;0000161671;12;;CASEX;CURATIVO ALGINATO CALCIO/SODIO FITA 2X30CM ALGICARE;;;;;;;;;;;;;;55;SIMPRO_VIG;2011-11-08;19;
SIMPRO;2026-04-12;material;0000266296;12;;VITA MEDICAL;CURATIVO ALGINATO CALCIO/SODIO KANGLI SORB 02X30CM;;;;;;;;;;;;;;95.15;SIMPRO_VIG;2025-08-05;19;
SIMPRO;2026-04-12;material;0000256568;12;;VITA MEDICAL;CURATIVO ALGINATO CALCIO/SODIO KANGLI SORB 05X05CM;;;;;;;;;;;;;;47.79;SIMPRO_VIG;2025-08-05;19;
SIMPRO;2026-04-12;material;0000256569;12;;VITA MEDICAL;CURATIVO ALGINATO CALCIO/SODIO KANGLI SORB 10X10CM;;;;;;;;;;;;;;90.65;SIMPRO_VIG;2025-08-05;19;
SIMPRO;2026-04-12;material;0000256570;12;;VITA MEDICAL;CURATIVO ALGINATO CALCIO/SODIO KANGLI SORB 10X20CM;;;;;;;;;;;;;;111.48;SIMPRO_VIG;2025-08-05;19;
SIMPRO;2026-04-12;material;0000119525;12;;MOLNLYCKE;CURATIVO ALGINATO CALCIO/SODIO MELGISORB 05X05CM;;;;;;;;;;;;;;55.9;SIMPRO_VIG;2016-12-20;19;
SIMPRO;2026-04-12;material;0000119522;12;;MOLNLYCKE;CURATIVO ALGINATO CALCIO/SODIO MELGISORB 10X10CM;;;;;;;;;;;;;;117;SIMPRO_VIG;2016-12-20;19;
SIMPRO;2026-04-12;material;0000119523;12;;MOLNLYCKE;CURATIVO ALGINATO CALCIO/SODIO MELGISORB 10X20CM;;;;;;;;;;;;;;169;SIMPRO_VIG;2016-12-20;19;
SIMPRO;2026-04-12;material;0000119524;12;;MOLNLYCKE;CURATIVO ALGINATO CALCIO/SODIO MELGISORB FITA 02X32CM;;;;;;;;;;;;;;110.5;SIMPRO_VIG;2016-12-20;19;
SIMPRO;2026-04-12;material;0000302319;12;;MOLNLYCKE;CURATIVO ALGINATO CALCIO/SODIO MELGISORB PLUS 03X45CM;;;;;;;;;;;;;;215.14;SIMPRO_VIG;2024-09-10;19;
SIMPRO;2026-04-12;material;0000302316;12;;MOLNLYCKE;CURATIVO ALGINATO CALCIO/SODIO MELGISORB PLUS 05X05CM;;;;;;;;;;;;;;94.42;SIMPRO_VIG;2024-09-10;19;
SIMPRO;2026-04-12;material;0000302317;12;;MOLNLYCKE;CURATIVO ALGINATO CALCIO/SODIO MELGISORB PLUS 10X10CM;;;;;;;;;;;;;;274.89;SIMPRO_VIG;2024-09-10;19;
SIMPRO;2026-04-12;material;0000302318;12;;MOLNLYCKE;CURATIVO ALGINATO CALCIO/SODIO MELGISORB PLUS 10X20CM;;;;;;;;;;;;;;362.14;SIMPRO_VIG;2024-09-10;19;
SIMPRO;2026-04-12;material;0000260399;12;;COLOPLAST WOUND;CURATIVO ALGINATO EST.05X05CM BIATAIN ALGINATO;;;;;;;;;;;;;;55;SIMPRO_VIG;2015-08-26;19;
SIMPRO;2026-04-12;material;0000049897;12;;COLOPLAST WOUND;CURATIVO ALGINATO EST.10X10CM BIATAIN ALGINATO;;;;;;;;;;;;;;87.74;SIMPRO_VIG;2016-02-01;19;
SIMPRO;2026-04-12;material;0000049898;12;;COLOPLAST WOUND;CURATIVO ALGINATO EST.15X15CM BIATAIN ALGINATO;;;;;;;;;;;;;;116.63;SIMPRO_VIG;2016-02-01;19;
SIMPRO;2026-04-12;material;0000268935;12;;COLOPLAST WOUND;CURATIVO ALGINATO ESTERIL 05X05CM BIATAIN ALGINATO;;;;;;;;;;;;;;79.66;SIMPRO_VIG;2025-10-01;19;
SIMPRO;2026-04-12;material;0000268936;12;;COLOPLAST WOUND;CURATIVO ALGINATO ESTERIL 10X10CM BIATAIN ALGINATO;;;;;;;;;;;;;;255.61;SIMPRO_VIG;2025-10-01;19;
SIMPRO;2026-04-12;material;0000268937;12;;COLOPLAST WOUND;CURATIVO ALGINATO ESTERIL 15X15CM BIATAIN ALGINATO;;;;;;;;;;;;;;359.74;SIMPRO_VIG;2025-10-01;19;
SIMPRO;2026-04-12;material;0000049896;12;;COLOPLAST;CURATIVO ALGINATO ESTERIL 5X5 SEASORB SOFT 3705;;;;;;;;;;;;;;22.1;SIMPRO_VIG;2009-10-09;19;
SIMPRO;2026-04-12;material;0000095529;12;;COLOPLAST WOUND;CURATIVO ALGINATO FITA EST.44CM BIATAIN ALGINATO;;;;;;;;;;;;;;74.9;SIMPRO_VIG;2016-02-01;19;
SIMPRO;2026-04-12;material;0000268938;12;;COLOPLAST WOUND;CURATIVO ALGINATO FITA ESTERIL 44CM BIATAIN ALGINATO;;;;;;;;;;;;;;298.87;SIMPRO_VIG;2025-10-01;19;
SIMPRO;2026-04-12;material;0000116199;12;;B.BRAUN;CURATIVO ALGINATO PRATA ASKINA CALGITROL AG 10X10CM EST.;;;;;;;;;;;;;;214.15;SIMPRO_VIG;2021-10-29;19;
SIMPRO;2026-04-12;material;0000116200;12;;B.BRAUN;CURATIVO ALGINATO PRATA ASKINA CALGITROL AG 15X15CM EST.;;;;;;;;;;;;;;350.39;SIMPRO_VIG;2021-10-29;19;
SIMPRO;2026-04-12;material;0000116201;12;;B.BRAUN;CURATIVO ALGINATO PRATA ASKINA CALGITROL AG 20X20CM EST.;;;;;;;;;;;;;;568.87;SIMPRO_VIG;2021-10-29;19;
SIMPRO;2026-04-12;material;0000329773;12;;FAROL E POLAX;CURATIVO ALGODOADO 10X15CM EST.FAROL;;;;;;;;;;;;;;4.77;SIMPRO_VIG;2022-03-03;19;
SIMPRO;2026-04-12;material;0000329774;12;;FAROL E POLAX;CURATIVO ALGODOADO 15X30CM EST.FAROL;;;;;;;;;;;;;;8.71;SIMPRO_VIG;2022-03-03;19;
SIMPRO;2026-04-12;material;0000329772;12;;FAROL E POLAX;CURATIVO ALGODOADO 7,5X7,5CM 5UNID.EST.FAROL;;;;;;;;;;;;;;3.3;SIMPRO_VIG;2022-03-03;19;
SIMPRO;2026-04-12;material;0000336078;12;;NEVE;CURATIVO ALGODONADO CIRURGICO 10X15CM EST.;;;;;;;;;;;;;;7.25;SIMPRO_VIG;2022-11-08;19;
SIMPRO;2026-04-12;material;0000336079;12;;NEVE;CURATIVO ALGODONADO CIRURGICO 15X30CM EST.;;;;;;;;;;;;;;8.09;SIMPRO_VIG;2022-11-08;19;
SIMPRO;2026-04-12;material;0000067444;12;;NEVE;CURATIVO ALGODONADO RAIO GAMA 10X15CM EST.;;;;;;;;;;;;;;13.66;SIMPRO_VIG;2016-05-10;19;
SIMPRO;2026-04-12;material;0000067445;12;;NEVE;CURATIVO ALGODONADO RAIO GAMA 15X30CM EST.;;;;;;;;;;;;;;17.49;SIMPRO_VIG;2016-05-10;19;
SIMPRO;2026-04-12;material;0000070624;12;;COLOPLAST WOUND;CURATIVO ALIVIADOR PRESSAO COMFEEL PLUS 07CM;;;;;;;;;;;;;;102.4;SIMPRO_VIG;2022-10-21;19;
SIMPRO;2026-04-12;material;0000070625;12;;COLOPLAST WOUND;CURATIVO ALIVIADOR PRESSAO COMFEEL PLUS 10CM;;;;;;;;;;;;;;138.11;SIMPRO_VIG;2022-10-21;19;
SIMPRO;2026-04-12;material;0000070626;12;;COLOPLAST WOUND;CURATIVO ALIVIADOR PRESSAO COMFEEL PLUS 15CM;;;;;;;;;;;;;;223.51;SIMPRO_VIG;2022-10-21;19;
SIMPRO;2026-04-12;material;0000031067;12;;SMITH & NEPHEW;CURATIVO ALLEVYN ADESIVO 07,5X07,5CM 10UNID.;;;;;;;;;;;;;;81.972;SIMPRO_VIG;2024-05-08;19;
SIMPRO;2026-04-12;material;0000031069;12;;SMITH & NEPHEW;CURATIVO ALLEVYN ADESIVO 12,5X12,5CM 10UNID.;;;;;;;;;;;;;;313.72;SIMPRO_VIG;2024-05-08;19;
SIMPRO;2026-04-12;material;0000031072;12;;SMITH & NEPHEW;CURATIVO ALLEVYN ADESIVO 17,5X17,5CM 10UNID.;;;;;;;;;;;;;;358.248;SIMPRO_VIG;2024-05-08;19;
SIMPRO;2026-04-12;material;0000031074;12;;SMITH & NEPHEW;CURATIVO ALLEVYN ADESIVO 22,5X22,5CM 10UNID.;;;;;;;;;;;;;;721.05;SIMPRO_VIG;2024-05-08;19;
SIMPRO;2026-04-12;material;0000164610;12;;SMITH & NEPHEW;CURATIVO ALLEVYN ADESIVO SACRUM 17X17CM 10UNID.;;;;;;;;;;;;;;211.053;SIMPRO_VIG;2024-05-08;19;
SIMPRO;2026-04-12;material;0000164611;12;;SMITH & NEPHEW;CURATIVO ALLEVYN ADESIVO SACRUM 22X22CM 10UNID.;;;;;;;;;;;;;;499.675;SIMPRO_VIG;2024-05-08;19;
SIMPRO;2026-04-12;material;0000355921;12;;SMITH & NEPHEW;CURATIVO ALLEVYN AG NON-ADHESIVE 10X10CM;;;;;;;;;;;;;;550;SIMPRO_VIG;2024-10-17;19;
SIMPRO;2026-04-12;material;0000355922;12;;SMITH & NEPHEW;CURATIVO ALLEVYN AG NON-ADHESIVE 15X15CM;;;;;;;;;;;;;;650;SIMPRO_VIG;2024-10-17;19;
SIMPRO;2026-04-12;material;0000355923;12;;SMITH & NEPHEW;CURATIVO ALLEVYN AG NON-ADHESIVE 20X20CM;;;;;;;;;;;;;;1100;SIMPRO_VIG;2024-10-17;19;
SIMPRO;2026-04-12;material;0000174118;12;;SMITH & NEPHEW;CURATIVO ALLEVYN GENTLE 05X05CM 10UNID.;;;;;;;;;;;;;;750;SIMPRO_VIG;2017-02-21;19;
SIMPRO;2026-04-12;material;0000174119;12;;SMITH & NEPHEW;CURATIVO ALLEVYN GENTLE 10X10CM 10UNID.;;;;;;;;;;;;;;1300;SIMPRO_VIG;2017-02-21;19;
SIMPRO;2026-04-12;material;0000174120;12;;SMITH & NEPHEW;CURATIVO ALLEVYN GENTLE 10X20CM 10UNID.;;;;;;;;;;;;;;2244;SIMPRO_VIG;2017-02-21;19;
SIMPRO;2026-04-12;material;0000174121;12;;SMITH & NEPHEW;CURATIVO ALLEVYN GENTLE 15X15CM 10UNID.;;;;;;;;;;;;;;250;SIMPRO_VIG;2017-02-21;19;
SIMPRO;2026-04-12;material;0000174122;12;;SMITH & NEPHEW;CURATIVO ALLEVYN GENTLE 20X20CM 10UNID.;;;;;;;;;;;;;;415;SIMPRO_VIG;2017-02-21;19;
SIMPRO;2026-04-12;material;0000252260;12;;SMITH & NEPHEW;CURATIVO ALLEVYN GENTLE BORDER 10X10CM 10UNID.;;;;;;;;;;;;;;303.6;SIMPRO_VIG;2024-05-08;19;
SIMPRO;2026-04-12;material;0000252261;12;;SMITH & NEPHEW;CURATIVO ALLEVYN GENTLE BORDER 12,5X12,5CM 10UNID.;;;;;;;;;;;;;;365.7;SIMPRO_VIG;2024-05-08;19;
SIMPRO;2026-04-12;material;0000252262;12;;SMITH & NEPHEW;CURATIVO ALLEVYN GENTLE BORDER 17,5X17,5CM 10UNID.;;;;;;;;;;;;;;547.03;SIMPRO_VIG;2024-05-08;19;
SIMPRO;2026-04-12;material;0000252264;12;;SMITH & NEPHEW;CURATIVO ALLEVYN GENTLE BORDER 23X23,2CM 10UNID;;;;;;;;;;;;;;320;SIMPRO_VIG;2017-02-21;19;
SIMPRO;2026-04-12;material;0000252259;12;;SMITH & NEPHEW;CURATIVO ALLEVYN GENTLE BORDER 7,5X7,5CM 10UNID.;;;;;;;;;;;;;;103.241;SIMPRO_VIG;2024-05-08;19;
SIMPRO;2026-04-12;material;0000297950;12;;SMITH & NEPHEW;CURATIVO ALLEVYN GENTLE BORDER AG.07,5X7,5CM 10UNID.(EMB.IND.);;;;;;;;;;;;;;209.082;SIMPRO_VIG;2026-03-10;19;
SIMPRO;2026-04-12;material;0000297951;12;;SMITH & NEPHEW;CURATIVO ALLEVYN GENTLE BORDER AG.10,0X10,0CM 10UNID.(EMB.IND.);;;;;;;;;;;;;;425.04;SIMPRO_VIG;2026-03-10;19;
SIMPRO;2026-04-12;material;0000297952;12;;SMITH & NEPHEW;CURATIVO ALLEVYN GENTLE BORDER AG.12,5X12,5CM 10UNID.(EMB.IND.);;;;;;;;;;;;;;662.664;SIMPRO_VIG;2026-03-10;19;
SIMPRO;2026-04-12;material;0000297953;12;;SMITH & NEPHEW;CURATIVO ALLEVYN GENTLE BORDER AG.17,5X17,5CM 10UNID.(EMB.IND.);;;;;;;;;;;;;;905.835;SIMPRO_VIG;2026-03-10;19;
SIMPRO;2026-04-12;material;0000252263;12;;SMITH & NEPHEW;CURATIVO ALLEVYN GENTLE BORDER HEEL 23X23,2CM 5UNID.;;;;;;;;;;;;;;753.94;SIMPRO_VIG;2024-05-08;19;
SIMPRO;2026-04-12;material;0000283198;12;;SMITH & NEPHEW;CURATIVO ALLEVYN GENTLE BORDER HELL 23X23CM 10UNID.;;;;;;;;;;;;;;737.495;SIMPRO_VIG;2024-05-08;19;
SIMPRO;2026-04-12;material;0000338246;12;;SMITH & NEPHEW;CURATIVO ALLEVYN GENTLE BORDER LITE 07,5X7,5CM 10UNID.;;;;;;;;;;;;;;139.15;SIMPRO_VIG;2024-05-08;19;
SIMPRO;2026-04-12;material;0000338242;12;;SMITH & NEPHEW;CURATIVO ALLEVYN GENTLE BORDER LITE 08X15CM 10UNID.;;;;;;;;;;;;;;187.22;SIMPRO_VIG;2024-05-08;19;
SIMPRO;2026-04-12;material;0000338245;12;;SMITH & NEPHEW;CURATIVO ALLEVYN GENTLE BORDER LITE 08X8,4CM 10UNID.;;;;;;;;;;;;;;139.15;SIMPRO_VIG;2024-05-08;19;
SIMPRO;2026-04-12;material;0000338247;12;;SMITH & NEPHEW;CURATIVO ALLEVYN GENTLE BORDER LITE 10,0X10,0CM 10UNID.;;;;;;;;;;;;;;166.98;SIMPRO_VIG;2024-05-08;19;
SIMPRO;2026-04-12;material;0000338243;12;;SMITH & NEPHEW;CURATIVO ALLEVYN GENTLE BORDER LITE 10X20CM 10UNID.;;;;;;;;;;;;;;297.275;SIMPRO_VIG;2024-05-08;19;
SIMPRO;2026-04-12;material;0000338244;12;;SMITH & NEPHEW;CURATIVO ALLEVYN GENTLE BORDER LITE 15,2X13,1CM 10UNID.;;;;;;;;;;;;;;297.275;SIMPRO_VIG;2024-05-08;19;
SIMPRO;2026-04-12;material;0000338248;12;;SMITH & NEPHEW;CURATIVO ALLEVYN GENTLE BORDER LITE 15X15CM 10UNID.;;;;;;;;;;;;;;297.275;SIMPRO_VIG;2024-05-08;19;
SIMPRO;2026-04-12;material;0000266540;12;;SMITH & NEPHEW;CURATIVO ALLEVYN LIFE 10,3X10,3CM 10UNID.;;;;;;;;;;;;;;354.758;SIMPRO_VIG;2026-03-10;19;
SIMPRO;2026-04-12;material;0000266541;12;;SMITH & NEPHEW;CURATIVO ALLEVYN LIFE 12,9X12,9CM 10UNID.;;;;;;;;;;;;;;637.143;SIMPRO_VIG;2026-03-10;19;
SIMPRO;2026-04-12;material;0000266542;12;;SMITH & NEPHEW;CURATIVO ALLEVYN LIFE 15,4X15,4CM 10UNID.;;;;;;;;;;;;;;700.857;SIMPRO_VIG;2026-03-10;19;
SIMPRO;2026-04-12;material;0000266543;12;;SMITH & NEPHEW;CURATIVO ALLEVYN LIFE 21X21CM 10UNID.;;;;;;;;;;;;;;770.943;SIMPRO_VIG;2026-03-10;19;
SIMPRO;2026-04-12;material;0000266539;12;;SMITH & NEPHEW;CURATIVO ALLEVYN LIFE HEEL 25X25,2CM 05UNID.;;;;;;;;;;;;;;1271.02;SIMPRO_VIG;2026-03-10;19;
SIMPRO;2026-04-12;material;0000266544;12;;SMITH & NEPHEW;CURATIVO ALLEVYN LIFE SACRO 17,2X17,5CM 10UNID.;;;;;;;;;;;;;;1136.09;SIMPRO_VIG;2026-03-10;19;
SIMPRO;2026-04-12;material;0000266545;12;;SMITH & NEPHEW;CURATIVO ALLEVYN LIFE SACRO 21,6X23CM 10UNID.;;;;;;;;;;;;;;1369.591;SIMPRO_VIG;2026-03-10;19;
SIMPRO;2026-04-12;material;0000031094;12;;SMITH & NEPHEW;CURATIVO ALLEVYN N/ADESIVO 05X05CM 10UNID.;;;;;;;;;;;;;;45;SIMPRO_VIG;2017-02-21;19;
SIMPRO;2026-04-12;material;0000031090;12;;SMITH & NEPHEW;CURATIVO ALLEVYN N/ADESIVO 10X10CM 10UNID.;;;;;;;;;;;;;;160.023;SIMPRO_VIG;2024-05-08;19;
SIMPRO;2026-04-12;material;0000031088;12;;SMITH & NEPHEW;CURATIVO ALLEVYN N/ADESIVO 10X20CM 10UNID.;;;;;;;;;;;;;;302.335;SIMPRO_VIG;2024-05-08;19;
SIMPRO;2026-04-12;material;0000031092;12;;SMITH & NEPHEW;CURATIVO ALLEVYN N/ADESIVO 20X20CM 10UNID.;;;;;;;;;;;;;;594.55;SIMPRO_VIG;2024-05-08;19;
SIMPRO;2026-04-12;material;0000164609;12;;SMITH & NEPHEW;CURATIVO ALLEVYN N/ADESIVO HEEL 5UNID.;;;;;;;;;;;;;;286.902;SIMPRO_VIG;2024-05-08;19;
SIMPRO;2026-04-12;material;0000117441;12;;SMITH & NEPHEW;CURATIVO ALLEVYN PLUS CAVITY 05X06CM 10UNID.;;;;;;;;;;;;;;85.8;SIMPRO_VIG;2015-07-08;19;
SIMPRO;2026-04-12;material;0000117442;12;;SMITH & NEPHEW;CURATIVO ALLEVYN PLUS CAVITY 10X10CM 5UNID.;;;;;;;;;;;;;;228.8;SIMPRO_VIG;2015-07-08;19;
SIMPRO;2026-04-12;material;0000117443;12;;SMITH & NEPHEW;CURATIVO ALLEVYN PLUS CAVITY 15X20CM 3UNID.;;;;;;;;;;;;;;606.667;SIMPRO_VIG;2015-07-08;19;
SIMPRO;2026-04-12;material;0000031096;12;;SMITH & NEPHEW;CURATIVO ALLEVYN TRAQUEOSTOMIA 09X09CM 10UNID.;;;;;;;;;;;;;;191.268;SIMPRO_VIG;2024-05-08;19;
SIMPRO;2026-04-12;material;0000150443;12;;POOLTEX;CURATIVO ANTEBRACO ADU.REDE TUBULAR POOLFIX ROLO10MT DESCANSO/25MT ESTICADO CAL.4 TARJA MARROM CLARO;;;;;;;;;;;;;;0.148;SIMPRO_VIG;2010-11-12;19;
SIMPRO;2026-04-12;material;0000150441;12;;POOLTEX;CURATIVO ANTEBRACO INF.REDE TUBULAR POOLFIX ROLO 10MT DESCANSO/25MT ESTICADO CAL.3 TARJA AMARELO;;;;;;;;;;;;;;0.131;SIMPRO_VIG;2010-11-12;19;
SIMPRO;2026-04-12;material;0000344302;12;;PHARMED;CURATIVO ANTIADERENTE EST.LUOFUCON SUPERABSORVENTE 10X10CM;;;;;;;;;;;;;;80;SIMPRO_VIG;2023-07-12;19;
SIMPRO;2026-04-12;material;0000344303;12;;PHARMED;CURATIVO ANTIADERENTE EST.LUOFUCON SUPERABSORVENTE 10X20CM;;;;;;;;;;;;;;100;SIMPRO_VIG;2023-07-12;19;
SIMPRO;2026-04-12;material;0000344304;12;;PHARMED;CURATIVO ANTIADERENTE EST.LUOFUCON SUPERABSORVENTE 15X15CM;;;;;;;;;;;;;;120;SIMPRO_VIG;2023-07-12;19;
SIMPRO;2026-04-12;material;0000344305;12;;PHARMED;CURATIVO ANTIADERENTE EST.LUOFUCON SUPERABSORVENTE 15X20CM;;;;;;;;;;;;;;140;SIMPRO_VIG;2023-07-12;19;
SIMPRO;2026-04-12;material;0000344306;12;;PHARMED;CURATIVO ANTIADERENTE EST.LUOFUCON SUPERABSORVENTE 15X25CM;;;;;;;;;;;;;;150;SIMPRO_VIG;2023-07-12;19;
SIMPRO;2026-04-12;material;0000344307;12;;PHARMED;CURATIVO ANTIADERENTE EST.LUOFUCON SUPERABSORVENTE 20X20CM;;;;;;;;;;;;;;160;SIMPRO_VIG;2023-07-12;19;
SIMPRO;2026-04-12;material;0000344308;12;;PHARMED;CURATIVO ANTIADERENTE EST.LUOFUCON SUPERABSORVENTE 20X25CM;;;;;;;;;;;;;;170;SIMPRO_VIG;2023-07-12;19;
SIMPRO;2026-04-12;material;0000344309;12;;PHARMED;CURATIVO ANTIADERENTE EST.LUOFUCON SUPERABSORVENTE 20X30CM;;;;;;;;;;;;;;180;SIMPRO_VIG;2023-07-12;19;
SIMPRO;2026-04-12;material;0000344310;12;;PHARMED;CURATIVO ANTIADERENTE EST.LUOFUCON SUPERABSORVENTE 20X40CM;;;;;;;;;;;;;;190;SIMPRO_VIG;2023-07-12;19;
SIMPRO;2026-04-12;material;0000344300;12;;PHARMED;CURATIVO ANTIADERENTE EST.LUOFUCON SUPERABSORVENTE 5X5CM;;;;;;;;;;;;;;60;SIMPRO_VIG;2023-07-12;19;
SIMPRO;2026-04-12;material;0000344301;12;;PHARMED;CURATIVO ANTIADERENTE EST.LUOFUCON SUPERABSORVENTE 7,5X7,5CM;;;;;;;;;;;;;;70;SIMPRO_VIG;2023-07-12;19;
SIMPRO;2026-04-12;material;0000159493;12;;MOLNLYCKE;CURATIVO ANTIMICROB.ALGINATO CALCIO/SODIO/PRATA MELGISORB AG 03X44CM;;;;;;;;;;;;;;240.5;SIMPRO_VIG;2016-12-20;19;
SIMPRO;2026-04-12;material;0000159490;12;;MOLNLYCKE;CURATIVO ANTIMICROB.ALGINATO CALCIO/SODIO/PRATA MELGISORB AG 05X05CM;;;;;;;;;;;;;;71.5;SIMPRO_VIG;2016-12-20;19;
SIMPRO;2026-04-12;material;0000159491;12;;MOLNLYCKE;CURATIVO ANTIMICROB.ALGINATO CALCIO/SODIO/PRATA MELGISORB AG 10X10CM;;;;;;;;;;;;;;149.5;SIMPRO_VIG;2016-12-20;19;
SIMPRO;2026-04-12;material;0000159492;12;;MOLNLYCKE;CURATIVO ANTIMICROB.ALGINATO CALCIO/SODIO/PRATA MELGISORB AG 15X15CM;;;;;;;;;;;;;;221;SIMPRO_VIG;2016-12-20;19;
SIMPRO;2026-04-12;material;0000169614;12;;MOLNLYCKE;CURATIVO ANTIMICROB.ESPUMA MULTICAMADAS C/SILICONE MEPILEX BORDER AG 07,5X07,5CM;;;;;;;;;;;;;;126.12;SIMPRO_VIG;2019-03-12;19;
SIMPRO;2026-04-12;material;0000169602;12;;MOLNLYCKE;CURATIVO ANTIMICROB.ESPUMA MULTICAMADAS C/SILICONE MEPILEX BORDER AG 10X10CM;;;;;;;;;;;;;;207.39;SIMPRO_VIG;2019-03-12;19;
SIMPRO;2026-04-12;material;0000169603;12;;MOLNLYCKE;CURATIVO ANTIMICROB.ESPUMA MULTICAMADAS C/SILICONE MEPILEX BORDER AG 15X15CM;;;;;;;;;;;;;;469.13;SIMPRO_VIG;2019-03-12;19;
SIMPRO;2026-04-12;material;0000169604;12;;MOLNLYCKE;CURATIVO ANTIMICROB.ESPUMA MULTICAMADAS C/SILICONE MEPILEX BORDER AG 15X20CM;;;;;;;;;;;;;;556.97;SIMPRO_VIG;2019-03-12;19;
SIMPRO;2026-04-12;material;0000169606;12;;MOLNLYCKE;CURATIVO ANTIMICROB.ESPUMA MULTICAMADAS C/SILICONE MEPILEX BORDER AG POST-OP 10X20CM;;;;;;;;;;;;;;414.84;SIMPRO_VIG;2019-03-12;19;
SIMPRO;2026-04-12;material;0000169605;12;;MOLNLYCKE;CURATIVO ANTIMICROB.ESPUMA MULTICAMADAS C/SILICONE MEPILEX BORDER AG POST-OP 10X25CM;;;;;;;;;;;;;;504.5;SIMPRO_VIG;2019-03-12;19;
SIMPRO;2026-04-12;material;0000169607;12;;MOLNLYCKE;CURATIVO ANTIMICROB.ESPUMA MULTICAMADAS C/SILICONE MEPILEX BORDER AG POST-OP 10X30CM;;;;;;;;;;;;;;588.61;SIMPRO_VIG;2019-03-12;19;
SIMPRO;2026-04-12;material;0000169599;12;;MOLNLYCKE;CURATIVO ANTIMICROB.ESPUMA MULTICAMADAS C/SILICONE MEPILEX BORDER SACRUM AG 18X18CM;;;;;;;;;;;;;;542.07;SIMPRO_VIG;2019-03-12;19;
SIMPRO;2026-04-12;material;0000169601;12;;MOLNLYCKE;CURATIVO ANTIMICROB.ESPUMA MULTICAMADAS C/SILICONE MEPILEX BORDER SACRUM AG 23X23CM;;;;;;;;;;;;;;829.7;SIMPRO_VIG;2019-03-12;19;
SIMPRO;2026-04-12;material;0000258782;12;;MOLNLYCKE;CURATIVO ANTIMICROB.ESPUMA POLIURETANO C/SILICONE MEPILEX AG 10X10CM;;;;;;;;;;;;;;292.11;SIMPRO_VIG;2019-03-12;19;
SIMPRO;2026-04-12;material;0000258783;12;;MOLNLYCKE;CURATIVO ANTIMICROB.ESPUMA POLIURETANO C/SILICONE MEPILEX AG 10X20CM;;;;;;;;;;;;;;292.5;SIMPRO_VIG;2019-03-12;19;
SIMPRO;2026-04-12;material;0000258784;12;;MOLNLYCKE;CURATIVO ANTIMICROB.ESPUMA POLIURETANO C/SILICONE MEPILEX AG 15X15CM;;;;;;;;;;;;;;380.88;SIMPRO_VIG;2019-03-12;19;
SIMPRO;2026-04-12;material;0000258785;12;;MOLNLYCKE;CURATIVO ANTIMICROB.ESPUMA POLIURETANO C/SILICONE MEPILEX AG 20X20CM;;;;;;;;;;;;;;632.94;SIMPRO_VIG;2019-03-12;19;
SIMPRO;2026-04-12;material;0000258786;12;;MOLNLYCKE;CURATIVO ANTIMICROB.ESPUMA POLIURETANO C/SILICONE MEPILEX AG 20X50CM;;;;;;;;;;;;;;1468.35;SIMPRO_VIG;2019-03-12;19;
SIMPRO;2026-04-12;material;0000268953;12;;MOLNLYCKE;CURATIVO ANTIMICROB.ESPUMA POLIURETANO C/SILICONE MEPILEX HEEL AG 15X22CM;;;;;;;;;;;;;;522.07;SIMPRO_VIG;2018-01-31;19;
SIMPRO;2026-04-12;material;0000142640;12;;POLAR FIX;CURATIVO ANTIMICROBIANA HIDROBALANCEADA SUPRASORB X+PHMB 02CMX21CM;;;;;;;;;;;;;;347.23;SIMPRO_VIG;2016-11-01;19;
SIMPRO;2026-04-12;material;0000142637;12;;VENOSAN;CURATIVO ANTIMICROBIANA HIDROBALANCEADA SUPRASORB X+PHMB 05CMX05CM;;;;;;;;;;;;;;204.43;SIMPRO_VIG;2023-06-30;19;
SIMPRO;2026-04-12;material;0000142638;12;;VENOSAN;CURATIVO ANTIMICROBIANA HIDROBALANCEADA SUPRASORB X+PHMB 09CMX09CM;;;;;;;;;;;;;;407.2;SIMPRO_VIG;2025-07-29;19;
SIMPRO;2026-04-12;material;0000142639;12;;VENOSAN;CURATIVO ANTIMICROBIANA HIDROBALANCEADA SUPRASORB X+PHMB 14CMX20CM;;;;;;;;;;;;;;1005;SIMPRO_VIG;2025-07-29;19;
SIMPRO;2026-04-12;material;0000139320;12;;MILLIKEN;CURATIVO ANTIMICROBIANO 10,16CMX121,92CM SELECTSILVER;;;;;;;;;;;;;;305.25;SIMPRO_VIG;2009-07-27;19;
SIMPRO;2026-04-12;material;0000139317;12;;MILLIKEN;CURATIVO ANTIMICROBIANO 10,76CMX12,70CM SELECTSILVER;;;;;;;;;;;;;;65.02;SIMPRO_VIG;2009-07-27;19;
SIMPRO;2026-04-12;material;0000139318;12;;MILLIKEN;CURATIVO ANTIMICROBIANO 15,24CMX15,24CM SELECTSILVER;;;;;;;;;;;;;;106.25;SIMPRO_VIG;2009-07-27;19;
SIMPRO;2026-04-12;material;0000139319;12;;MILLIKEN;CURATIVO ANTIMICROBIANO 2,54CMX60,96CM SELECTSILVER;;;;;;;;;;;;;;55.35;SIMPRO_VIG;2009-07-27;19;
SIMPRO;2026-04-12;material;0000358004;12;;VENOSAN;CURATIVO ANTIMICROBIANO ALGINATO CALCIO C/PRATA 10X10CM;;;;;;;;;;;;;;351;SIMPRO_VIG;2025-07-29;19;
SIMPRO;2026-04-12;material;0000362212;12;;VENOSAN;CURATIVO ANTIMICROBIANO ALGINATO CALCIO C/PRATA 10X20CM;;;;;;;;;;;;;;589.1;SIMPRO_VIG;2025-07-29;19;
SIMPRO;2026-04-12;material;0000358005;12;;VENOSAN;CURATIVO ANTIMICROBIANO ALGINATO CALCIO C/PRATA 2X45CM;;;;;;;;;;;;;;405.1;SIMPRO_VIG;2025-07-29;19;
SIMPRO;2026-04-12;material;0000271336;12;;ESSITY SOLUCOES;CURATIVO ANTIMICROBIANO DACC EST.CUTIMED SILTEC SORBACT 07,5X07,5CM 79929-00;;;;;;;;;;;;;;121.31;SIMPRO_VIG;2019-05-14;19;
SIMPRO;2026-04-12;material;0000271337;12;;ESSITY SOLUCOES;CURATIVO ANTIMICROBIANO DACC EST.CUTIMED SILTEC SORBACT 12,5X12,5CM;;;;;;;;;;;;;;485.1;SIMPRO_VIG;2025-04-30;19;
SIMPRO;2026-04-12;material;0000271338;12;;ESSITY SOLUCOES;CURATIVO ANTIMICROBIANO DACC EST.CUTIMED SILTEC SORBACT 15,0X15,0CM;;;;;;;;;;;;;;631.76;SIMPRO_VIG;2023-06-06;19;
SIMPRO;2026-04-12;material;0000271339;12;;ESSITY SOLUCOES;CURATIVO ANTIMICROBIANO DACC EST.CUTIMED SILTEC SORBACT 17,5X17,5CM;;;;;;;;;;;;;;748;SIMPRO_VIG;2025-04-30;19;
SIMPRO;2026-04-12;material;0000271341;12;;ESSITY SOLUCOES;CURATIVO ANTIMICROBIANO DACC EST.CUTIMED SILTEC SORBACT 17,5X17,5CM SACRUM;;;;;;;;;;;;;;729.97;SIMPRO_VIG;2023-06-06;19;
SIMPRO;2026-04-12;material;0000271340;12;;ESSITY SOLUCOES;CURATIVO ANTIMICROBIANO DACC EST.CUTIMED SILTEC SORBACT 22,5X22,5CM;;;;;;;;;;;;;;980;SIMPRO_VIG;2023-06-06;19;
SIMPRO;2026-04-12;material;0000271342;12;;ESSITY SOLUCOES;CURATIVO ANTIMICROBIANO DACC EST.CUTIMED SILTEC SORBACT 23,0X23,0CM SACRUM;;;;;;;;;;;;;;1045;SIMPRO_VIG;2025-04-30;19;
SIMPRO;2026-04-12;material;0000298723;12;;ESSITY SOLUCOES;CURATIVO ANTIMICROBIANO DACC EST.CUTIMED SORBACT RIBBON 2,0X050,0CM;;;;;;;;;;;;;;197.47;SIMPRO_VIG;2019-05-14;19;
SIMPRO;2026-04-12;material;0000298724;12;;ESSITY SOLUCOES;CURATIVO ANTIMICROBIANO DACC EST.CUTIMED SORBACT RIBBON 5,0X200,0CM;;;;;;;;;;;;;;461.56;SIMPRO_VIG;2019-05-14;19;
SIMPRO;2026-04-12;material;0000298722;12;;ESSITY SOLUCOES;CURATIVO ANTIMICROBIANO DACC EST.CUTIMED SORBACT ROUND SWABS 3CM;;;;;;;;;;;;;;133.63;SIMPRO_VIG;2023-06-06;19;
SIMPRO;2026-04-12;material;0000298720;12;;ESSITY SOLUCOES;CURATIVO ANTIMICROBIANO DACC EST.CUTIMED SORBACT SWABS 4,0X6,0CM;;;;;;;;;;;;;;168.17;SIMPRO_VIG;2025-04-30;19;
SIMPRO;2026-04-12;material;0000298721;12;;ESSITY SOLUCOES;CURATIVO ANTIMICROBIANO DACC EST.CUTIMED SORBACT SWABS 7,0X9,0CM;;;;;;;;;;;;;;788.64;SIMPRO_VIG;2026-03-31;19;
SIMPRO;2026-04-12;material;0000104157;12;;J&J ETHICON;CURATIVO ANTIMICROBIANO P/CATETER BIOPATCH 1.5MM 10UNID.;;;;;;;;;;;;;;42.23;SIMPRO_VIG;2016-02-18;19;
SIMPRO;2026-04-12;material;0000104156;12;;J&J ETHICON;CURATIVO ANTIMICROBIANO P/CATETER BIOPATCH 4.0MM 10UNID.;;;;;;;;;;;;;;42.23;SIMPRO_VIG;2016-02-18;19;
SIMPRO;2026-04-12;material;0000104158;12;;J&J ETHICON;CURATIVO ANTIMICROBIANO P/CATETER BIOPATCH 7.0MM 10UNID.;;;;;;;;;;;;;;42.23;SIMPRO_VIG;2016-02-18;19;
SIMPRO;2026-04-12;material;0000164618;12;;SMITH & NEPHEW;CURATIVO ANTIMICROBIANO POLIETILENO IMPREG.C/PRATA NANOCR.ACTICOAT FLEX 7 05X05CM 5UNID.;;;;;;;;;;;;;;252;SIMPRO_VIG;2015-07-08;19;
SIMPRO;2026-04-12;material;0000104161;12;;3M BRASIL;CURATIVO ANTIMICROBIANO SILVERCEL HIDROALGINATO 02,5X30CM FITA 05UN;;;;;;;;;;;;;;289.626;SIMPRO_VIG;2015-09-03;19;
SIMPRO;2026-04-12;material;0000104162;12;;3M BRASIL;CURATIVO ANTIMICROBIANO SILVERCEL HIDROALGINATO 05X05CM 10UN;;;;;;;;;;;;;;78.084;SIMPRO_VIG;2022-02-24;19;
SIMPRO;2026-04-12;material;0000104164;12;;3M BRASIL;CURATIVO ANTIMICROBIANO SILVERCEL HIDROALGINATO 10X20CM 05UN;;;;;;;;;;;;;;378.216;SIMPRO_VIG;2022-02-24;19;
SIMPRO;2026-04-12;material;0000104163;12;;3M BRASIL;CURATIVO ANTIMICROBIANO SILVERCEL HIDROALGINATO 11X11CM 10UN;;;;;;;;;;;;;;189.108;SIMPRO_VIG;2022-02-24;19;
SIMPRO;2026-04-12;material;0000165013;12;;3M BRASIL;CURATIVO ANTIMICROBIANO SILVERCEL NON-ADHERENT 02,5X03,5CM N/ADER.FITA 05UN;;;;;;;;;;;;;;301.4;SIMPRO_VIG;2016-07-08;19;
SIMPRO;2026-04-12;material;0000164998;12;;3M BRASIL;CURATIVO ANTIMICROBIANO SILVERCEL NON-ADHERENT 05X05CM N/ADER. 10UN;;;;;;;;;;;;;;85.899;SIMPRO_VIG;2022-02-24;19;
SIMPRO;2026-04-12;material;0000165000;12;;3M BRASIL;CURATIVO ANTIMICROBIANO SILVERCEL NON-ADHERENT 10X20CM N/ADER. 05UN;;;;;;;;;;;;;;394.348;SIMPRO_VIG;2022-02-24;19;
SIMPRO;2026-04-12;material;0000164999;12;;3M BRASIL;CURATIVO ANTIMICROBIANO SILVERCEL NON-ADHERENT 11X11CM N/ADER. 10UN;;;;;;;;;;;;;;197.174;SIMPRO_VIG;2022-02-24;19;
SIMPRO;2026-04-12;material;0000159634;12;;3M BRASIL;CURATIVO ANTIMICROBIANO TEGADERM C/SULFATO PRATA AG MESH 05X05CM 5UNID.;;;;;;;;;;;;;;97.854;SIMPRO_VIG;2022-04-19;19;
SIMPRO;2026-04-12;material;0000159635;12;;3M BRASIL;CURATIVO ANTIMICROBIANO TEGADERM C/SULFATO PRATA AG MESH 10X12CM 5UNID.;;;;;;;;;;;;;;130.406;SIMPRO_VIG;2022-04-19;19;
SIMPRO;2026-04-12;material;0000159636;12;;3M BRASIL;CURATIVO ANTIMICROBIANO TEGADERM C/SULFATO PRATA AG MESH 10X20CM 5UNID.;;;;;;;;;;;;;;140.294;SIMPRO_VIG;2022-04-19;19;
SIMPRO;2026-04-12;material;0000159637;12;;3M BRASIL;CURATIVO ANTIMICROBIANO TEGADERM C/SULFATO PRATA AG MESH 20X20CM 3UNID.;;;;;;;;;;;;;;448.157;SIMPRO_VIG;2022-04-19;19;
SIMPRO;2026-04-12;material;0000337152;12;;MOLNLYCKE;CURATIVO ANTIMICROBIO ESPUMA MULTICAMADAS C/SILICONE MEPILEX BORDER AG 07,5X7,5CM MHC;;;;;;;;;;;;;;150.74;SIMPRO_VIG;2024-09-10;19;
SIMPRO;2026-04-12;material;0000332153;12;;MOLNLYCKE;CURATIVO ANTIMICROBIO ESPUMA POLIURETANO C/SILIC. MEPILEX AG 10X10CM MHC;;;;;;;;;;;;;;384.04;SIMPRO_VIG;2026-03-10;19;
SIMPRO;2026-04-12;material;0000332154;12;;MOLNLYCKE;CURATIVO ANTIMICROBIO ESPUMA POLIURETANO C/SILIC. MEPILEX AG 10X20CM MHC;;;;;;;;;;;;;;349.6;SIMPRO_VIG;2024-09-10;19;
SIMPRO;2026-04-12;material;0000332155;12;;MOLNLYCKE;CURATIVO ANTIMICROBIO ESPUMA POLIURETANO C/SILIC. MEPILEX AG 15X15CM MHC;;;;;;;;;;;;;;637.31;SIMPRO_VIG;2026-03-10;19;
SIMPRO;2026-04-12;material;0000332156;12;;MOLNLYCKE;CURATIVO ANTIMICROBIO ESPUMA POLIURETANO C/SILIC. MEPILEX AG 20X20CM MHC;;;;;;;;;;;;;;756.49;SIMPRO_VIG;2024-09-10;19;
SIMPRO;2026-04-12;material;0000332157;12;;MOLNLYCKE;CURATIVO ANTIMICROBIO ESPUMA POLIURETANO C/SILIC. MEPILEX AG 20X50CM MHC;;;;;;;;;;;;;;1754.96;SIMPRO_VIG;2024-09-10;19;
SIMPRO;2026-04-12;material;0000350470;12;;TR FARMA;CURATIVO ANTIODOR CINESTEAM;;;;;;;;;;;;;;180;SIMPRO_VIG;2024-03-07;19;
SIMPRO;2026-04-12;material;0000370921;12;;TR FARMA;CURATIVO ANTIODOR CINESTEAM 12UN;;;;;;;;;;;;;;180;SIMPRO_VIG;2026-03-31;19;
SIMPRO;2026-04-12;material;0000265782;12;;CONVATEC;CURATIVO AQUACEL AG EXTRA HIDROFIBRA 02X45CM 05UNID.BR10024;;;;;;;;;;;;;;268.158;SIMPRO_VIG;2022-07-06;19;
SIMPRO;2026-04-12;material;0000265777;12;;CONVATEC;CURATIVO AQUACEL AG EXTRA HIDROFIBRA 05X05CM 10UNID.BR10211;;;;;;;;;;;;;;90.503;SIMPRO_VIG;2022-07-06;19;
SIMPRO;2026-04-12;material;0000265778;12;;CONVATEC;CURATIVO AQUACEL AG EXTRA HIDROFIBRA 10X10CM 10UNID.BR10212;;;;;;;;;;;;;;229.61;SIMPRO_VIG;2022-07-06;19;
SIMPRO;2026-04-12;material;0000265779;12;;CONVATEC;CURATIVO AQUACEL AG EXTRA HIDROFIBRA 15X15CM 05UNID.BR10214;;;;;;;;;;;;;;372.068;SIMPRO_VIG;2022-07-06;19;
SIMPRO;2026-04-12;material;0000265780;12;;CONVATEC;CURATIVO AQUACEL AG EXTRA HIDROFIBRA 20X30CM 05UNID.BR10215;;;;;;;;;;;;;;962.014;SIMPRO_VIG;2022-07-06;19;
SIMPRO;2026-04-12;material;0000265787;12;;CONVATEC;CURATIVO AQUACEL AG HIDROFIBRA 05X05CM 10UNID.1197959;;;;;;;;;;;;;;82.667;SIMPRO_VIG;2022-07-06;19;
SIMPRO;2026-04-12;material;0000265783;12;;CONVATEC;CURATIVO AQUACEL AG HIDROFIBRA 10X10CM 10UNID.1197960;;;;;;;;;;;;;;229.61;SIMPRO_VIG;2024-06-12;19;
SIMPRO;2026-04-12;material;0000265784;12;;CONVATEC;CURATIVO AQUACEL AG HIDROFIBRA 15X15CM 05UNID.1197961;;;;;;;;;;;;;;398.112;SIMPRO_VIG;2024-06-12;19;
SIMPRO;2026-04-12;material;0000265770;12;;CONVATEC;CURATIVO AQUACEL AG HIDROFIBRA ANTIMICROBIANO 20X30CM 05UNID.1197962;;;;;;;;;;;;;;1029.354;SIMPRO_VIG;2024-06-12;19;
SIMPRO;2026-04-12;material;0000269854;12;;CONVATEC;CURATIVO AQUACEL AG SURGICAL HIDROFIBRA FLEX.P/INCISAO 09X10CM 10UN BR10015;;;;;;;;;;;;;;576.24;SIMPRO_VIG;2026-03-12;19;
SIMPRO;2026-04-12;material;0000265794;12;;CONVATEC;CURATIVO AQUACEL AG SURGICAL HIDROFIBRA FLEX.P/INCISAO 09X15CM 10UN BR10016;;;;;;;;;;;;;;740.04;SIMPRO_VIG;2026-03-12;19;
SIMPRO;2026-04-12;material;0000269852;12;;CONVATEC;CURATIVO AQUACEL AG SURGICAL HIDROFIBRA FLEX.P/INCISAO 09X25CM 10UN BR10017;;;;;;;;;;;;;;861.72;SIMPRO_VIG;2026-03-12;19;
SIMPRO;2026-04-12;material;0000269853;12;;CONVATEC;CURATIVO AQUACEL AG SURGICAL HIDROFIBRA FLEX.P/INCISAO 09X35CM 10UN BR10018;;;;;;;;;;;;;;980.28;SIMPRO_VIG;2026-03-12;19;
SIMPRO;2026-04-12;material;0000282006;12;;CONVATEC;CURATIVO AQUACEL AG+EXTRA HIDRIFIBRA/FIBRA REFORCO 2GAX45CM 5UN BR10375;;;;;;;;;;;;;;284.772;SIMPRO_VIG;2024-06-12;19;
SIMPRO;2026-04-12;material;0000282007;12;;CONVATEC;CURATIVO AQUACEL AG+EXTRA HIDROFIBRA 10X10CM 10UN BR10377;;;;;;;;;;;;;;524.25;SIMPRO_VIG;2026-03-12;19;
SIMPRO;2026-04-12;material;0000282008;12;;CONVATEC;CURATIVO AQUACEL AG+EXTRA HIDROFIBRA 15X15CM 05UN BR10378;;;;;;;;;;;;;;1314.4;SIMPRO_VIG;2026-03-12;19;
SIMPRO;2026-04-12;material;0000300995;12;;CONVATEC;CURATIVO AQUACEL AG+EXTRA HIDROFIBRA 20X30CM 05UN 1708335;;;;;;;;;;;;;;1771.2;SIMPRO_VIG;2026-03-12;19;
SIMPRO;2026-04-12;material;0000368351;12;;CONVATEC;CURATIVO AQUACEL AG+EXTRA SURGICAL HYDROFIBER C/PRATA 9X10CM 10UN;;;;;;;;;;;;;;591.584;SIMPRO_VIG;2026-03-12;19;
SIMPRO;2026-04-12;material;0000368352;12;;CONVATEC;CURATIVO AQUACEL AG+EXTRA SURGICAL HYDROFIBER C/PRATA 9X15CM 10UN;;;;;;;;;;;;;;759.808;SIMPRO_VIG;2026-03-12;19;
SIMPRO;2026-04-12;material;0000368353;12;;CONVATEC;CURATIVO AQUACEL AG+EXTRA SURGICAL HYDROFIBER C/PRATA 9X25CM 10UN;;;;;;;;;;;;;;884.688;SIMPRO_VIG;2026-03-12;19;
SIMPRO;2026-04-12;material;0000368354;12;;CONVATEC;CURATIVO AQUACEL AG+EXTRA SURGICAL HYDROFIBER C/PRATA 9X30CM 10UN;;;;;;;;;;;;;;945.56;SIMPRO_VIG;2026-03-12;19;
SIMPRO;2026-04-12;material;0000368355;12;;CONVATEC;CURATIVO AQUACEL AG+EXTRA SURGICAL HYDROFIBER C/PRATA 9X35CM 10UN;;;;;;;;;;;;;;1006.432;SIMPRO_VIG;2026-03-12;19;
SIMPRO;2026-04-12;material;0000265795;12;;CONVATEC;CURATIVO AQUACEL EXTRA HIDROFIBRA 02X45CM 05UNID.BR10023;;;;;;;;;;;;;;231.286;SIMPRO_VIG;2022-07-06;19;
SIMPRO;2026-04-12;material;0000265797;12;;CONVATEC;CURATIVO AQUACEL EXTRA HIDROFIBRA 05X05CM 10UNID.BR10207;;;;;;;;;;;;;;59.976;SIMPRO_VIG;2019-04-18;19;
SIMPRO;2026-04-12;material;0000253521;12;;CONVATEC;CURATIVO AQUACEL EXTRA HIDROFIBRA 10X10CM 10UNID.BR10208;;;;;;;;;;;;;;199.056;SIMPRO_VIG;2024-06-12;19;
SIMPRO;2026-04-12;material;0000265799;12;;CONVATEC;CURATIVO AQUACEL EXTRA HIDROFIBRA 15X15CM 05UNID.BR10209;;;;;;;;;;;;;;326.382;SIMPRO_VIG;2024-06-12;19;
SIMPRO;2026-04-12;material;0000262098;12;;CONVATEC;CURATIVO AQUACEL FOAM ADESIVO 08,X08CM 10UNID.BR10372;;;;;;;;;;;;;;101.886;SIMPRO_VIG;2019-04-18;19;
SIMPRO;2026-04-12;material;0000262099;12;;CONVATEC;CURATIVO AQUACEL FOAM ADESIVO 10X10CM 10UN BR10236;;;;;;;;;;;;;;259.952;SIMPRO_VIG;2026-03-12;19;
SIMPRO;2026-04-12;material;0000262100;12;;CONVATEC;CURATIVO AQUACEL FOAM ADESIVO 12,5X12,5CM 10UN BR10237;;;;;;;;;;;;;;406.56;SIMPRO_VIG;2026-03-12;19;
SIMPRO;2026-04-12;material;0000262101;12;;CONVATEC;CURATIVO AQUACEL FOAM ADESIVO 17,5X17,5CM 10UN BR10238;;;;;;;;;;;;;;796.096;SIMPRO_VIG;2026-03-12;19;
SIMPRO;2026-04-12;material;0000262102;12;;CONVATEC;CURATIVO AQUACEL FOAM ADESIVO 21,0X21,0CM 05UNID.BR10239;;;;;;;;;;;;;;735.488;SIMPRO_VIG;2019-04-18;19;
SIMPRO;2026-04-12;material;0000262103;12;;CONVATEC;CURATIVO AQUACEL FOAM ADESIVO 25,0X30,0CM 05UNID;;;;;;;;;;;;;;1033.746;SIMPRO_VIG;2017-04-18;19;
SIMPRO;2026-04-12;material;0000262104;12;;CONVATEC;CURATIVO AQUACEL FOAM ADESIVO CALCANEO 19,8X14,0CM 05UN BR10240;;;;;;;;;;;;;;720.384;SIMPRO_VIG;2026-03-12;19;
SIMPRO;2026-04-12;material;0000262105;12;;CONVATEC;CURATIVO AQUACEL FOAM ADESIVO SACRAL 20,0X16,9CM 05UN BR10241;;;;;;;;;;;;;;921.088;SIMPRO_VIG;2026-03-12;19;
SIMPRO;2026-04-12;material;0000262090;12;;CONVATEC;CURATIVO AQUACEL FOAM AG ADESIVO 08,0X08,0CM 10UNID.BR10342;;;;;;;;;;;;;;108.876;SIMPRO_VIG;2017-04-18;19;
SIMPRO;2026-04-12;material;0000262091;12;;CONVATEC;CURATIVO AQUACEL FOAM AG ADESIVO 10,0X10,0CM 10UNID.BR10343;;;;;;;;;;;;;;254.297;SIMPRO_VIG;2022-07-06;19;
SIMPRO;2026-04-12;material;0000262092;12;;CONVATEC;CURATIVO AQUACEL FOAM AG ADESIVO 12,5X12,5CM 10UN BR10344;;;;;;;;;;;;;;501.312;SIMPRO_VIG;2026-03-12;19;
SIMPRO;2026-04-12;material;0000262093;12;;CONVATEC;CURATIVO AQUACEL FOAM AG ADESIVO 17,5X17,5CM 10UN BR10345;;;;;;;;;;;;;;982.352;SIMPRO_VIG;2026-03-12;19;
SIMPRO;2026-04-12;material;0000262094;12;;CONVATEC;CURATIVO AQUACEL FOAM AG ADESIVO 21,0X21,0CM 05UNID.BR10346;;;;;;;;;;;;;;978.488;SIMPRO_VIG;2021-05-04;19;
SIMPRO;2026-04-12;material;0000262097;12;;CONVATEC;CURATIVO AQUACEL FOAM AG ADESIVO 25,0X0,30CM 05UNID BR10349;;;;;;;;;;;;;;1275.884;SIMPRO_VIG;2017-04-18;19;
SIMPRO;2026-04-12;material;0000262095;12;;CONVATEC;CURATIVO AQUACEL FOAM AG ADESIVO CALCANEO 19,8X14,0CM 05UN BR10347;;;;;;;;;;;;;;889.728;SIMPRO_VIG;2026-03-12;19;
SIMPRO;2026-04-12;material;0000262096;12;;CONVATEC;CURATIVO AQUACEL FOAM AG ADESIVO SACRAL 20,0X16,9CM 05UN BR10348;;;;;;;;;;;;;;1136.128;SIMPRO_VIG;2026-03-12;19;
SIMPRO;2026-04-12;material;0000262080;12;;CONVATEC;CURATIVO AQUACEL FOAM AG N/ADESIVO 05X05CM 10UNID;;;;;;;;;;;;;;41.735;SIMPRO_VIG;2017-04-18;19;
SIMPRO;2026-04-12;material;0000262081;12;;CONVATEC;CURATIVO AQUACEL FOAM AG N/ADESIVO 10X10CM 10UN BR10351;;;;;;;;;;;;;;314.832;SIMPRO_VIG;2026-03-12;19;
SIMPRO;2026-04-12;material;0000262082;12;;CONVATEC;CURATIVO AQUACEL FOAM AG N/ADESIVO 15X15CM 05UN BR10352;;;;;;;;;;;;;;742.784;SIMPRO_VIG;2026-03-12;19;
SIMPRO;2026-04-12;material;0000262084;12;;CONVATEC;CURATIVO AQUACEL FOAM AG N/ADESIVO 15X20CM 05UNID BR10354;;;;;;;;;;;;;;500.814;SIMPRO_VIG;2017-04-18;19;
SIMPRO;2026-04-12;material;0000262083;12;;CONVATEC;CURATIVO AQUACEL FOAM AG N/ADESIVO 20X20CM 05UNID BR10353;;;;;;;;;;;;;;734.528;SIMPRO_VIG;2018-04-17;19;
SIMPRO;2026-04-12;material;0000262085;12;;CONVATEC;CURATIVO AQUACEL FOAM N/ADESIVO 05X05CM 10UNID.BR10243;;;;;;;;;;;;;;41.558;SIMPRO_VIG;2021-05-04;19;
SIMPRO;2026-04-12;material;0000262086;12;;CONVATEC;CURATIVO AQUACEL FOAM N/ADESIVO 10X10CM 10UN BR10244;;;;;;;;;;;;;;267.232;SIMPRO_VIG;2026-03-12;19;
SIMPRO;2026-04-12;material;0000262087;12;;CONVATEC;CURATIVO AQUACEL FOAM N/ADESIVO 15X15CM 05UNID.BR10245;;;;;;;;;;;;;;454.918;SIMPRO_VIG;2022-07-06;19;
SIMPRO;2026-04-12;material;0000262089;12;;CONVATEC;CURATIVO AQUACEL FOAM N/ADESIVO 15X20CM 05UNID BR10247;;;;;;;;;;;;;;446.348;SIMPRO_VIG;2018-04-17;19;
SIMPRO;2026-04-12;material;0000262088;12;;CONVATEC;CURATIVO AQUACEL FOAM N/ADESIVO 20X20CM 05UNID.BR10246;;;;;;;;;;;;;;624.886;SIMPRO_VIG;2019-04-18;19;
SIMPRO;2026-04-12;material;0000325809;12;;CONVATEC;CURATIVO AQUACEL FOAM PRO ADESIVO 10X10CM 10UN 1724191;;;;;;;;;;;;;;370.65;SIMPRO_VIG;2026-03-12;19;
SIMPRO;2026-04-12;material;0000325810;12;;CONVATEC;CURATIVO AQUACEL FOAM PRO ADESIVO 15X15CM 10UN 1724192;;;;;;;;;;;;;;704;SIMPRO_VIG;2026-03-12;19;
SIMPRO;2026-04-12;material;0000325808;12;;CONVATEC;CURATIVO AQUACEL FOAM PRO ADESIVO 19,8X14CM 10UN 1724190;;;;;;;;;;;;;;1418.88;SIMPRO_VIG;2026-03-12;19;
SIMPRO;2026-04-12;material;0000265776;12;;CONVATEC;CURATIVO AQUACEL HIDROFIBRA 05X05CM 10UNID.1197988;;;;;;;;;;;;;;64.414;SIMPRO_VIG;2021-05-04;19;
SIMPRO;2026-04-12;material;0000265772;12;;CONVATEC;CURATIVO AQUACEL HIDROFIBRA 10X10CM 10UN 1115892;;;;;;;;;;;;;;191.79;SIMPRO_VIG;2024-06-12;19;
SIMPRO;2026-04-12;material;0000265774;12;;CONVATEC;CURATIVO AQUACEL HIDROFIBRA 15X15CM 05UN 1115893;;;;;;;;;;;;;;298.68;SIMPRO_VIG;2024-06-12;19;
SIMPRO;2026-04-12;material;0000265805;12;;CONVATEC;CURATIVO AQUACEL SURGICAL HIDROFIBRA FLEX.P/ INCISAO 09CM 10UNID.BR10020;;;;;;;;;;;;;;308.693;SIMPRO_VIG;2017-03-23;19;
SIMPRO;2026-04-12;material;0000265804;12;;CONVATEC;CURATIVO AQUACEL SURGICAL HIDROFIBRA FLEX.P/INCISAO 04CM 10UNID.BR10019;;;;;;;;;;;;;;261.113;SIMPRO_VIG;2017-03-23;19;
SIMPRO;2026-04-12;material;0000265801;12;;CONVATEC;CURATIVO AQUACEL SURGICAL HIDROFIBRA FLEX.P/INCISAO 17CM 10UNID.BR10021;;;;;;;;;;;;;;392.249;SIMPRO_VIG;2017-03-23;19;
SIMPRO;2026-04-12;material;0000265802;12;;CONVATEC;CURATIVO AQUACEL SURGICAL HIDROFIBRA FLEX.P/INCISAO 27CM 10UNID.BR10022;;;;;;;;;;;;;;452.595;SIMPRO_VIG;2017-03-23;19;
SIMPRO;2026-04-12;material;0000115482;12;;COVIDIEN;CURATIVO AQUAFLO HIDROGEL DISCO 12,1CM;;;;;;;;;;;;;;158.4;SIMPRO_VIG;2010-06-02;19;
SIMPRO;2026-04-12;material;0000115480;12;;COVIDIEN;CURATIVO AQUAFLO HIDROGEL DISCO 3,8CM 8884476105;;;;;;;;;;;;;;0;SIMPRO_VIG;2009-05-12;19;
SIMPRO;2026-04-12;material;0000115481;12;;COVIDIEN;CURATIVO AQUAFLO HIDROGEL DISCO 7,6CM;;;;;;;;;;;;;;111.02;SIMPRO_VIG;2010-06-02;19;
SIMPRO;2026-04-12;material;0000355428;12;;WAYCARE;CURATIVO AUTOADESIVO ALMOFADA 09X15CM 30UN WAYPORE;;;;;;;;;;;;;;38.5;SIMPRO_VIG;2024-09-26;19;
SIMPRO;2026-04-12;material;0000355429;12;;WAYCARE;CURATIVO AUTOADESIVO ALMOFADA 10X20CM 25UN WAYPORE;;;;;;;;;;;;;;55.44;SIMPRO_VIG;2024-09-26;19;
SIMPRO;2026-04-12;material;0000353252;12;;WAYCARE;CURATIVO AUTOADESIVO ALMOFADA 10X25CM 25UN WAYPORE;;;;;;;;;;;;;;64;SIMPRO_VIG;2024-09-26;19;
SIMPRO;2026-04-12;material;0000359392;12;;WAYCARE;CURATIVO AUTOADESIVO ALMOFADA 12X14CM 25UN WAYPORE;;;;;;;;;;;;;;50;SIMPRO_VIG;2025-03-19;19;
SIMPRO;2026-04-12;material;0000353250;12;;WAYCARE;CURATIVO AUTOADESIVO ALMOFADA 6X7CM 100UN WAYPORE;;;;;;;;;;;;;;33;SIMPRO_VIG;2024-07-16;19;
SIMPRO;2026-04-12;material;0000353251;12;;WAYCARE;CURATIVO AUTOADESIVO ALMOFADA 9X10CM 30UN WAYPORE;;;;;;;;;;;;;;35;SIMPRO_VIG;2024-07-16;19;
SIMPRO;2026-04-12;material;0000355434;12;;WAYCARE;CURATIVO AUTOADESIVO ALMOFADA P/OLHOS 5,0X7,5CM BRANCO 50UN WAYEYE;;;;;;;;;;;;;;5.2;SIMPRO_VIG;2024-09-26;19;
SIMPRO;2026-04-12;material;0000359391;12;;WAYCARE;CURATIVO AUTOADESIVO ALMOFADA P/OLHOS 5,0X7,5CM COR PELE 50UN WAYEYE;;;;;;;;;;;;;;7.74;SIMPRO_VIG;2025-03-19;19;
SIMPRO;2026-04-12;material;0000355432;12;;WAYCARE;CURATIVO AUTOADESIVO ALMOFADA P/OLHOS 5,8X8,3CM BRANCO 50UN WAYEYE;;;;;;;;;;;;;;5.1;SIMPRO_VIG;2024-09-26;19;
SIMPRO;2026-04-12;material;0000355435;12;;WAYCARE;CURATIVO AUTOADESIVO ALMOFADA P/OLHOS 5,8X8,3CM COR PELE 50UN WAYEYE;;;;;;;;;;;;;;5.1;SIMPRO_VIG;2024-09-26;19;
SIMPRO;2026-04-12;material;0000355433;12;;WAYCARE;CURATIVO AUTOADESIVO ALMOFADA P/OLHOS 6,5X9,5CM BRANCO 50UN WAYEYE;;;;;;;;;;;;;;7.74;SIMPRO_VIG;2024-09-26;19;
SIMPRO;2026-04-12;material;0000359390;12;;WAYCARE;CURATIVO AUTOADESIVO ALMOFADA P/OLHOS 6,5X9,5CM COR PELE 50UN WAYEYE;;;;;;;;;;;;;;5.1;SIMPRO_VIG;2025-03-19;19;
SIMPRO;2026-04-12;material;0000031098;12;;SMITH & NEPHEW;CURATIVO BACTIGRAS C/CLOREXIDINA 05X05CM 50UNID.;;;;;;;;;;;;;;12;SIMPRO_VIG;2017-01-18;19;
SIMPRO;2026-04-12;material;0000031100;12;;SMITH & NEPHEW;CURATIVO BACTIGRAS C/CLOREXIDINA 10X10CM 10UNID.;;;;;;;;;;;;;;25.502;SIMPRO_VIG;2024-05-08;19;
SIMPRO;2026-04-12;material;0000031102;12;;SMITH & NEPHEW;CURATIVO BACTIGRAS C/CLOREXIDINA 15X15CM 10UNID.;;;;;;;;;;;;;;31.878;SIMPRO_VIG;2024-05-08;19;
SIMPRO;2026-04-12;material;0000344267;12;;PHARMED;CURATIVO BANDAGEM ADESIVA ELASTICA OXIDO ZINCO ANJI 10CMX4,5MT;;;;;;;;;;;;;;150;SIMPRO_VIG;2023-07-12;19;
SIMPRO;2026-04-12;material;0000344265;12;;PHARMED;CURATIVO BANDAGEM ADESIVA ELASTICA OXIDO ZINCO ANJI 5,0CMX4,5MT;;;;;;;;;;;;;;80;SIMPRO_VIG;2023-07-12;19;
SIMPRO;2026-04-12;material;0000344266;12;;PHARMED;CURATIVO BANDAGEM ADESIVA ELASTICA OXIDO ZINCO ANJI 7,5CMX4,5MT;;;;;;;;;;;;;;115;SIMPRO_VIG;2023-07-12;19;
SIMPRO;2026-04-12;material;0000146818;12;;KORS;CURATIVO BANDAGEM TUB.ELAST.SURGIFIX CALIBRE 0,5 REPOUSO MIN.7,11MT/ESTIC.25MT TARJA BRANCO;;;;;;;;;;;;;;0.138;SIMPRO_VIG;2025-04-17;19;
SIMPRO;2026-04-12;material;0000004527;12;;KORS;CURATIVO BANDAGEM TUB.ELAST.SURGIFIX CALIBRE 0,5 S/TARJA 12CM DEDOS C/APLICADOR;;;;;;;;;;;;;;5.85;SIMPRO_VIG;2025-04-17;19;
SIMPRO;2026-04-12;material;0000146819;12;;KORS;CURATIVO BANDAGEM TUB.ELAST.SURGIFIX CALIBRE 1 REPOUSO MIN.7,11MT/ESTIC.25MT TARJA AZUL;;;;;;;;;;;;;;0.165;SIMPRO_VIG;2025-04-17;19;
SIMPRO;2026-04-12;material;0000146820;12;;KORS;CURATIVO BANDAGEM TUB.ELAST.SURGIFIX CALIBRE 10 REPOUSO MIN.7,11MT/ESTIC.25MT TARJA AZUL MARINHO;;;;;;;;;;;;;;1.261;SIMPRO_VIG;2025-04-17;19;
SIMPRO;2026-04-12;material;0000160184;12;;KORS;CURATIVO BANDAGEM TUB.ELAST.SURGIFIX CALIBRE 10 TARJA AZUL MARINHO 20CM TRONCO;;;;;;;;;;;;;;88.7;SIMPRO_VIG;2025-04-17;19;
SIMPRO;2026-04-12;material;0000146821;12;;KORS;CURATIVO BANDAGEM TUB.ELAST.SURGIFIX CALIBRE 2 REPOUSO MIN.7,11MT/ESTIC.25MT TARJA VERDE;;;;;;;;;;;;;;0.201;SIMPRO_VIG;2025-04-17;19;
SIMPRO;2026-04-12;material;0000004529;12;;KORS;CURATIVO BANDAGEM TUB.ELAST.SURGIFIX CALIBRE 2 TARJA VERDE 15CM DEDOS;;;;;;;;;;;;;;10.6;SIMPRO_VIG;2025-04-17;19;
SIMPRO;2026-04-12;material;0000004531;12;;KORS;CURATIVO BANDAGEM TUB.ELAST.SURGIFIX CALIBRE 2 TARJA VERDE 25CM DEDOS;;;;;;;;;;;;;;17.7;SIMPRO_VIG;2025-04-17;19;
SIMPRO;2026-04-12;material;0000146822;12;;KORS;CURATIVO BANDAGEM TUB.ELAST.SURGIFIX CALIBRE 3 REPOUSO MIN.7,11MT/ESTIC.25MT TARJA AMARELA;;;;;;;;;;;;;;0.236;SIMPRO_VIG;2025-04-17;19;
SIMPRO;2026-04-12;material;0000004550;12;;KORS;CURATIVO BANDAGEM TUB.ELAST.SURGIFIX CALIBRE 3 TARJA AMARELA 25CM BRACOS;;;;;;;;;;;;;;20.8;SIMPRO_VIG;2025-04-17;19;
SIMPRO;2026-04-12;material;0000004532;12;;KORS;CURATIVO BANDAGEM TUB.ELAST.SURGIFIX CALIBRE 3 TARJA AMARELA 25CM CALCANEOS;;;;;;;;;;;;;;20.8;SIMPRO_VIG;2025-04-17;19;
SIMPRO;2026-04-12;material;0000146823;12;;KORS;CURATIVO BANDAGEM TUB.ELAST.SURGIFIX CALIBRE 4 REPOUSO MIN.7,11MT/ESTIC.25MT TARJA MARROM CLARO;;;;;;;;;;;;;;0.276;SIMPRO_VIG;2025-04-17;19;
SIMPRO;2026-04-12;material;0000004535;12;;KORS;CURATIVO BANDAGEM TUB.ELAST.SURGIFIX CALIBRE 4 TARJA MARROM CLARO 13CM DEDOS PE;;;;;;;;;;;;;;12.6;SIMPRO_VIG;2025-04-17;19;
SIMPRO;2026-04-12;material;0000146824;12;;KORS;CURATIVO BANDAGEM TUB.ELAST.SURGIFIX CALIBRE 5 REPOUSO MIN.7,11MT/ESTIC.25MT TARJA LILAS;;;;;;;;;;;;;;0.311;SIMPRO_VIG;2025-04-17;19;
SIMPRO;2026-04-12;material;0000160183;12;;KORS;CURATIVO BANDAGEM TUB.ELAST.SURGIFIX CALIBRE 5 TARJA LILAS 20CM PERNAS;;;;;;;;;;;;;;21.9;SIMPRO_VIG;2025-04-17;19;
SIMPRO;2026-04-12;material;0000146825;12;;KORS;CURATIVO BANDAGEM TUB.ELAST.SURGIFIX CALIBRE 5,5 REPOUSO MIN.7,11MT/ESTIC.25MT TARJA ROSA;;;;;;;;;;;;;;0.459;SIMPRO_VIG;2025-04-17;19;
SIMPRO;2026-04-12;material;0000004538;12;;KORS;CURATIVO BANDAGEM TUB.ELAST.SURGIFIX CALIBRE 5,5 TARJA ROSA 20CM BRACOS;;;;;;;;;;;;;;32.3;SIMPRO_VIG;2025-04-17;19;
SIMPRO;2026-04-12;material;0000004544;12;;KORS;CURATIVO BANDAGEM TUB.ELAST.SURGIFIX CALIBRE 5,5 TARJA ROSA 30CM PERNAS;;;;;;;;;;;;;;48.4;SIMPRO_VIG;2025-04-17;19;
SIMPRO;2026-04-12;material;0000146826;12;;KORS;CURATIVO BANDAGEM TUB.ELAST.SURGIFIX CALIBRE 6 REPOUSO MIN.7,11MT/ESTIC.25MT TARJA LARANJA;;;;;;;;;;;;;;0.621;SIMPRO_VIG;2025-04-17;19;
SIMPRO;2026-04-12;material;0000004548;12;;KORS;CURATIVO BANDAGEM TUB.ELAST.SURGIFIX CALIBRE 6 TARJA LARANJA 30CM ABDOMEN;;;;;;;;;;;;;;65.6;SIMPRO_VIG;2025-04-17;19;
SIMPRO;2026-04-12;material;0000004540;12;;KORS;CURATIVO BANDAGEM TUB.ELAST.SURGIFIX CALIBRE 6 TARJA LARANJA 30CM REGIAO PELVICA;;;;;;;;;;;;;;65.6;SIMPRO_VIG;2025-04-17;19;
SIMPRO;2026-04-12;material;0000004542;12;;KORS;CURATIVO BANDAGEM TUB.ELAST.SURGIFIX CALIBRE 6 TARJA LARANJA 35CM REGIAO GENITAL/ANAL;;;;;;;;;;;;;;76.5;SIMPRO_VIG;2025-04-17;19;
SIMPRO;2026-04-12;material;0000146827;12;;KORS;CURATIVO BANDAGEM TUB.ELAST.SURGIFIX CALIBRE 7 REPOUSO MIN.7,11MT/ESTIC.25MT TARJA UVA;;;;;;;;;;;;;;0.676;SIMPRO_VIG;2025-04-17;19;
SIMPRO;2026-04-12;material;0000004546;12;;KORS;CURATIVO BANDAGEM TUB.ELAST.SURGIFIX CALIBRE 7 TARJA UVA 30CM COXAS;;;;;;;;;;;;;;71.5;SIMPRO_VIG;2025-04-17;19;
SIMPRO;2026-04-12;material;0000146828;12;;KORS;CURATIVO BANDAGEM TUB.ELAST.SURGIFIX CALIBRE 8 REPOUSO MIN.7,11MT/ESTIC.25MT TARJA AZUL CLARO;;;;;;;;;;;;;;0.732;SIMPRO_VIG;2025-04-17;19;
SIMPRO;2026-04-12;material;0000146829;12;;KORS;CURATIVO BANDAGEM TUB.ELAST.SURGIFIX CALIBRE 9 REPOUSO MIN.7,11MT/ESTIC.25MT TARJA VERMELHA;;;;;;;;;;;;;;1.006;SIMPRO_VIG;2025-04-17;19;
SIMPRO;2026-04-12;material;0000130325;12;;MEDI-GLOBE;CURATIVO BASE GLICERINA/AGUA;;;;;;;;;;;;;;200;SIMPRO_VIG;2008-07-11;19;
SIMPRO;2026-04-12;material;0000128272;12;;CREMER;CURATIVO BEGE 10UNID.;;;;;;;;;;;;;;1.131;SIMPRO_VIG;2022-10-28;19;
SIMPRO;2026-04-12;material;0000151671;12;;CREMER;CURATIVO BEGE 40UNID.;;;;;;;;;;;;;;0.843;SIMPRO_VIG;2022-10-28;19;
SIMPRO;2026-04-12;material;0000273981;12;;MUNDI PHARMA;CURATIVO BETAPLAST AD PROFESSIONAL 05X10X2CM 10UNID;;;;;;;;;;;;;;69.9;SIMPRO_VIG;2016-07-13;19;
SIMPRO;2026-04-12;material;0000273982;12;;MUNDI PHARMA;CURATIVO BETAPLAST AD PROFESSIONAL 10X10X2CM 10UNID;;;;;;;;;;;;;;92;SIMPRO_VIG;2016-07-13;19;
SIMPRO;2026-04-12;material;0000273983;12;;MUNDI PHARMA;CURATIVO BETAPLAST B PROFESSIONAL 10X10X5CM 10UNID;;;;;;;;;;;;;;101.9;SIMPRO_VIG;2016-07-13;19;
SIMPRO;2026-04-12;material;0000273984;12;;MUNDI PHARMA;CURATIVO BETAPLAST F PROFESSIONAL 05X10X2CM 10UNID;;;;;;;;;;;;;;73.3;SIMPRO_VIG;2016-07-13;19;
SIMPRO;2026-04-12;material;0000273985;12;;MUNDI PHARMA;CURATIVO BETAPLAST F PROFESSIONAL 10X10X2CM 10UNID;;;;;;;;;;;;;;88.5;SIMPRO_VIG;2016-07-13;19;
SIMPRO;2026-04-12;material;0000273988;12;;MUNDI PHARMA;CURATIVO BETAPLAST H PROFESSIONAL 10X10X0,3CM 10UNID;;;;;;;;;;;;;;42.6;SIMPRO_VIG;2016-07-13;19;
SIMPRO;2026-04-12;material;0000273986;12;;MUNDI PHARMA;CURATIVO BETAPLAST N PROFESSIONAL 10X10X5CM 10UNID;;;;;;;;;;;;;;123.9;SIMPRO_VIG;2016-07-13;19;
SIMPRO;2026-04-12;material;0000273987;12;;MUNDI PHARMA;CURATIVO BETAPLAST N PROFESSIONAL 20X20X5CM 10UNID;;;;;;;;;;;;;;251.79;SIMPRO_VIG;2016-07-13;19;
SIMPRO;2026-04-12;material;0000273989;12;;MUNDI PHARMA;CURATIVO BETAPLAST SILVER PROFESSIONAL 10X10X5CM 10UNID;;;;;;;;;;;;;;155.6;SIMPRO_VIG;2016-07-13;19;
SIMPRO;2026-04-12;material;0000273990;12;;MUNDI PHARMA;CURATIVO BETAPLAST SILVER PROFESSIONAL 20X20X5CM 10UNID;;;;;;;;;;;;;;369.6;SIMPRO_VIG;2016-07-13;19;
SIMPRO;2026-04-12;material;0000326781;12;;COLOPLAST WOUND;CURATIVO BIATAIN SILICONE AG 10X20CM;;;;;;;;;;;;;;405.22;SIMPRO_VIG;2025-10-01;19;
SIMPRO;2026-04-12;material;0000326782;12;;COLOPLAST WOUND;CURATIVO BIATAIN SILICONE AG 10X30CM;;;;;;;;;;;;;;431.65;SIMPRO_VIG;2025-10-01;19;
SIMPRO;2026-04-12;material;0000326783;12;;COLOPLAST WOUND;CURATIVO BIATAIN SILICONE AG 15X19CM;;;;;;;;;;;;;;389.13;SIMPRO_VIG;2025-10-01;19;
SIMPRO;2026-04-12;material;0000326785;12;;COLOPLAST WOUND;CURATIVO BIATAIN SILICONE AG 18X18CM CALCANEO;;;;;;;;;;;;;;588.2;SIMPRO_VIG;2025-10-01;19;
SIMPRO;2026-04-12;material;0000326784;12;;COLOPLAST WOUND;CURATIVO BIATAIN SILICONE AG 25X25CM SACRAL;;;;;;;;;;;;;;652.38;SIMPRO_VIG;2025-10-01;19;
SIMPRO;2026-04-12;material;0000352206;12;;COLOPLAST WOUND;CURATIVO BIATAIN SILICONE NON-BORDER 10X10CM;;;;;;;;;;;;;;286.17;SIMPRO_VIG;2025-10-01;19;
SIMPRO;2026-04-12;material;0000352209;12;;COLOPLAST WOUND;CURATIVO BIATAIN SILICONE NON-BORDER 10X20CM;;;;;;;;;;;;;;337.68;SIMPRO_VIG;2025-10-01;19;
SIMPRO;2026-04-12;material;0000352207;12;;COLOPLAST WOUND;CURATIVO BIATAIN SILICONE NON-BORDER 15X15CM;;;;;;;;;;;;;;432.46;SIMPRO_VIG;2025-10-01;19;
SIMPRO;2026-04-12;material;0000352208;12;;COLOPLAST WOUND;CURATIVO BIATAIN SILICONE NON-BORDER 20X20CM;;;;;;;;;;;;;;459.87;SIMPRO_VIG;2025-10-01;19;
SIMPRO;2026-04-12;material;0000359153;12;;MISSNER;CURATIVO BIOCELULOSE HIDRATADA 10X10CM 10UN;;;;;;;;;;;;;;289.2;SIMPRO_VIG;2025-02-28;19;
SIMPRO;2026-04-12;material;0000288786;12;;MEDLEVENSOHN;CURATIVO BIOCELULOSE NEXFILL LISO 08X10CM;;;;;;;;;;;;;;163.78;SIMPRO_VIG;2017-10-10;19;
SIMPRO;2026-04-12;material;0000274673;12;;MEDLEVENSOHN;CURATIVO BIOCELULOSE NEXFILL LISO 08X10CM 12UNID.;;;;;;;;;;;;;;120.647;SIMPRO_VIG;2017-10-10;19;
SIMPRO;2026-04-12;material;0000288787;12;;MEDLEVENSOHN;CURATIVO BIOCELULOSE NEXFILL LISO 10X16CM;;;;;;;;;;;;;;248.15;SIMPRO_VIG;2017-10-10;19;
SIMPRO;2026-04-12;material;0000274674;12;;MEDLEVENSOHN;CURATIVO BIOCELULOSE NEXFILL LISO 10X16CM 12UNID.;;;;;;;;;;;;;;211.691;SIMPRO_VIG;2017-10-10;19;
SIMPRO;2026-04-12;material;0000288788;12;;MEDLEVENSOHN;CURATIVO BIOCELULOSE NEXFILL LISO 16X21CM;;;;;;;;;;;;;;446.63;SIMPRO_VIG;2017-10-10;19;
SIMPRO;2026-04-12;material;0000274675;12;;MEDLEVENSOHN;CURATIVO BIOCELULOSE NEXFILL LISO 16X21CM 12UNID;;;;;;;;;;;;;;393.676;SIMPRO_VIG;2017-10-10;19;
SIMPRO;2026-04-12;material;0000288789;12;;MEDLEVENSOHN;CURATIVO BIOCELULOSE NEXFILL POROSO 1,0MM 08X10CM;;;;;;;;;;;;;;163.78;SIMPRO_VIG;2017-10-10;19;
SIMPRO;2026-04-12;material;0000278207;12;;MEDLEVENSOHN;CURATIVO BIOCELULOSE NEXFILL POROSO 1,0MM 08X10CM 12UNID.;;;;;;;;;;;;;;120.647;SIMPRO_VIG;2017-10-10;19;
SIMPRO;2026-04-12;material;0000288790;12;;MEDLEVENSOHN;CURATIVO BIOCELULOSE NEXFILL POROSO 1,0MM 10X16CM;;;;;;;;;;;;;;248.15;SIMPRO_VIG;2017-10-10;19;
SIMPRO;2026-04-12;material;0000278219;12;;MEDLEVENSOHN;CURATIVO BIOCELULOSE NEXFILL POROSO 1,0MM 10X16CM 12UNID.;;;;;;;;;;;;;;211.691;SIMPRO_VIG;2017-10-10;19;
SIMPRO;2026-04-12;material;0000288791;12;;MEDLEVENSOHN;CURATIVO BIOCELULOSE NEXFILL POROSO 1,0MM 16X21CM;;;;;;;;;;;;;;446.63;SIMPRO_VIG;2017-10-10;19;
SIMPRO;2026-04-12;material;0000278226;12;;MEDLEVENSOHN;CURATIVO BIOCELULOSE NEXFILL POROSO 1,0MM 16X21CM 12UNID.;;;;;;;;;;;;;;393.676;SIMPRO_VIG;2017-10-10;19;
SIMPRO;2026-04-12;material;0000288792;12;;MEDLEVENSOHN;CURATIVO BIOCELULOSE NEXFILL POROSO 1,5MM 08X10CM;;;;;;;;;;;;;;163.78;SIMPRO_VIG;2017-10-10;19;
SIMPRO;2026-04-12;material;0000278209;12;;MEDLEVENSOHN;CURATIVO BIOCELULOSE NEXFILL POROSO 1,5MM 08X10CM 12UNID.;;;;;;;;;;;;;;120.647;SIMPRO_VIG;2017-10-10;19;
SIMPRO;2026-04-12;material;0000288793;12;;MEDLEVENSOHN;CURATIVO BIOCELULOSE NEXFILL POROSO 1,5MM 10X16CM;;;;;;;;;;;;;;248.15;SIMPRO_VIG;2017-10-10;19;
SIMPRO;2026-04-12;material;0000278222;12;;MEDLEVENSOHN;CURATIVO BIOCELULOSE NEXFILL POROSO 1,5MM 10X16CM 12UNID.;;;;;;;;;;;;;;211.691;SIMPRO_VIG;2017-10-10;19;
SIMPRO;2026-04-12;material;0000288794;12;;MEDLEVENSOHN;CURATIVO BIOCELULOSE NEXFILL POROSO 1,5MM 16X21CM;;;;;;;;;;;;;;446.63;SIMPRO_VIG;2017-10-10;19;
SIMPRO;2026-04-12;material;0000278228;12;;MEDLEVENSOHN;CURATIVO BIOCELULOSE NEXFILL POROSO 1,5MM 16X21CM 12UNID.;;;;;;;;;;;;;;393.676;SIMPRO_VIG;2017-10-10;19;
SIMPRO;2026-04-12;material;0000288795;12;;MEDLEVENSOHN;CURATIVO BIOCELULOSE NEXFILL POROSO 2,5MM 08X10CM;;;;;;;;;;;;;;163.78;SIMPRO_VIG;2017-10-10;19;
SIMPRO;2026-04-12;material;0000278214;12;;MEDLEVENSOHN;CURATIVO BIOCELULOSE NEXFILL POROSO 2,5MM 08X10CM 12UNID.;;;;;;;;;;;;;;120.647;SIMPRO_VIG;2017-10-10;19;
SIMPRO;2026-04-12;material;0000288796;12;;MEDLEVENSOHN;CURATIVO BIOCELULOSE NEXFILL POROSO 2,5MM 10X16CM;;;;;;;;;;;;;;248.15;SIMPRO_VIG;2017-10-10;19;
SIMPRO;2026-04-12;material;0000278224;12;;MEDLEVENSOHN;CURATIVO BIOCELULOSE NEXFILL POROSO 2,5MM 10X16CM 12UNID.;;;;;;;;;;;;;;211.691;SIMPRO_VIG;2017-10-10;19;
SIMPRO;2026-04-12;material;0000288797;12;;MEDLEVENSOHN;CURATIVO BIOCELULOSE NEXFILL POROSO 2,5MM 16X21CM;;;;;;;;;;;;;;446.63;SIMPRO_VIG;2017-10-10;19;
SIMPRO;2026-04-12;material;0000278230;12;;MEDLEVENSOHN;CURATIVO BIOCELULOSE NEXFILL POROSO 2,5MM 16X21CM 12UNID.;;;;;;;;;;;;;;393.676;SIMPRO_VIG;2017-10-10;19;
SIMPRO;2026-04-12;material;0000108043;12;;MBM;CURATIVO BIOLOGICO C/COLAGENO 10CMX10CM NATURASKIN 10UNID;;;;;;;;;;;;;;129.4;SIMPRO_VIG;2010-12-16;19;
SIMPRO;2026-04-12;material;0000108426;12;;MBM;CURATIVO BIOLOGICO C/COLAGENO 10CMX15CM NATURASKIN 10UNID;;;;;;;;;;;;;;154.1;SIMPRO_VIG;2010-12-16;19;
SIMPRO;2026-04-12;material;0000108040;12;;MBM;CURATIVO BIOLOGICO C/COLAGENO 5CMX5CM NATURASKIN 10UNID;;;;;;;;;;;;;;54.79;SIMPRO_VIG;2010-12-16;19;
SIMPRO;2026-04-12;material;0000240269;12;;NANOSKIN;CURATIVO BIOLOGICO NANOSKIN 10X10CM 12UNID;;;;;;;;;;;;;;684;SIMPRO_VIG;2015-03-03;19;
SIMPRO;2026-04-12;material;0000240272;12;;NANOSKIN;CURATIVO BIOLOGICO NANOSKIN 10X15CM 12UNID;;;;;;;;;;;;;;846;SIMPRO_VIG;2015-03-03;19;
SIMPRO;2026-04-12;material;0000108044;12;;MBM;CURATIVO BIOLOGICO NATURAL C/COLAGENO 10CMX10CM NATURASKIN 20UNID;;;;;;;;;;;;;;33.35;SIMPRO_VIG;2009-05-19;19;
SIMPRO;2026-04-12;material;0000108042;12;;MBM;CURATIVO BIOLOGICO NATURAL C/COLAGENO 10CMX10CM NATURASKIN 5UNID;;;;;;;;;;;;;;33.4;SIMPRO_VIG;2009-05-19;19;
SIMPRO;2026-04-12;material;0000108427;12;;MBM;CURATIVO BIOLOGICO NATURAL C/COLAGENO 10CMX15CM NATURASKIN 20UNID;;;;;;;;;;;;;;46.55;SIMPRO_VIG;2009-05-19;19;
SIMPRO;2026-04-12;material;0000108425;12;;MBM;CURATIVO BIOLOGICO NATURAL C/COLAGENO 10CMX15CM NATURASKIN 5UNID;;;;;;;;;;;;;;46.6;SIMPRO_VIG;2009-05-19;19;
SIMPRO;2026-04-12;material;0000108041;12;;MBM;CURATIVO BIOLOGICO NATURAL C/COLAGENO 5CMX5CM NATURASKIN 20UNID;;;;;;;;;;;;;;11.75;SIMPRO_VIG;2009-05-19;19;
SIMPRO;2026-04-12;material;0000108033;12;;MBM;CURATIVO BIOLOGICO NATURAL C/COLAGENO 5CMX5CM NATURASKIN 5UNID;;;;;;;;;;;;;;11.8;SIMPRO_VIG;2009-05-19;19;
SIMPRO;2026-04-12;material;0000132499;12;;MED.VIEW;CURATIVO BLIST-O-BAN GRD.100UNID;;;;;;;;;;;;;;5.361;SIMPRO_VIG;2026-03-31;19;
SIMPRO;2026-04-12;material;0000132498;12;;MED.VIEW;CURATIVO BLIST-O-BAN MED.100UNID;;;;;;;;;;;;;;5.127;SIMPRO_VIG;2026-03-31;19;
SIMPRO;2026-04-12;material;0000132494;12;;MED.VIEW;CURATIVO BLIST-O-BAN MED.6UNID;;;;;;;;;;;;;;6.157;SIMPRO_VIG;2026-03-31;19;
SIMPRO;2026-04-12;material;0000132497;12;;MED.VIEW;CURATIVO BLIST-O-BAN PEQ.100UNID;;;;;;;;;;;;;;4.816;SIMPRO_VIG;2026-03-31;19;
SIMPRO;2026-04-12;material;0000132493;12;;MED.VIEW;CURATIVO BLIST-O-BAN PEQ.6UNID;;;;;;;;;;;;;;6.157;SIMPRO_VIG;2026-03-31;19;
SIMPRO;2026-04-12;material;0000132496;12;;MED.VIEW;CURATIVO BLIST-O-BAN SORTIDO 2 CADA TAMANHO 6UNID;;;;;;;;;;;;;;6.157;SIMPRO_VIG;2026-03-31;19;
SIMPRO;2026-04-12;material;0000167038;12;;CREMER;CURATIVO BOTA UNNA ADVANCED 10CMX9,14MT;;;;;;;;;;;;;;109.16;SIMPRO_VIG;2013-10-16;19;
SIMPRO;2026-04-12;material;0000167036;12;;CREMER;CURATIVO BOTA UNNA ADVANCED 7,5CMX9,14MT;;;;;;;;;;;;;;98.35;SIMPRO_VIG;2013-10-16;19;
SIMPRO;2026-04-12;material;0000150447;12;;POOLTEX;CURATIVO BRACO ADU.REDE TUBULAR POOLFIX ROLO 10MT DESCANSO/25MT ESTICADO CAL.5 TARJA LILAS/VERDE;;;;;;;;;;;;;;0.2;SIMPRO_VIG;2010-11-12;19;
SIMPRO;2026-04-12;material;0000150445;12;;POOLTEX;CURATIVO BRACO INF.REDE TUBULAR POOLFIX ROLO 10MT DESCANSO/25MT ESTICADO CAL.4 TARJA MARROM CLARO;;;;;;;;;;;;;;0.148;SIMPRO_VIG;2010-11-12;19;
SIMPRO;2026-04-12;material;0000070933;12;;RECOMED;CURATIVO C/ADESICO POLYMEM TELA.HIPOALERGENICA 10X13CM 60UNID.;;;;;;;;;;;;;;68;SIMPRO_VIG;2015-11-26;19;
SIMPRO;2026-04-12;material;0000070932;12;;RECOMED;CURATIVO C/ADESIVO POLYMEM TELA HIPOALERGENICA 05X05CM 100UNID.;;;;;;;;;;;;;;20;SIMPRO_VIG;2022-12-14;19;
SIMPRO;2026-04-12;material;0000337170;12;;TCI LABORATORIO;CURATIVO C/BIO POLIMERO MEMBRADERM GEL 150ML;;;;;;;;;;;;;;429;SIMPRO_VIG;2023-08-31;19;
SIMPRO;2026-04-12;material;337170;12;;TCI LABORATORIO;CURATIVO C/BIO POLIMERO MEMBRADERM GEL 150ML;;;;;;;;;;;;;;360;SIMPRO_VIG;0030-12-19;19;
SIMPRO;2026-04-12;material;354211;12;;TCI LABORATORIO;CURATIVO C/BIO POLIMERO MEMBRADERM GEL 50ML;;;;;;;;;;;;;;160;SIMPRO_VIG;0030-12-19;19;
SIMPRO;2026-04-12;material;0000324443;12;;E-INNOVATIO;CURATIVO C/BORDA ADESIVA SILIC. OPTIFOAM GENTLE LIQUITRAP 10,1X10,1CM;;;;;;;;;;;;;;1195;SIMPRO_VIG;2024-11-27;19;
SIMPRO;2026-04-12;material;0000324444;12;;E-INNOVATIO;CURATIVO C/BORDA ADESIVA SILIC. OPTIFOAM GENTLE LIQUITRAP 15,2X15,2CM;;;;;;;;;;;;;;2025;SIMPRO_VIG;2024-11-27;19;
SIMPRO;2026-04-12;material;0000324453;12;;E-INNOVATIO;CURATIVO C/BORDA ADESIVA SILIC. OPTIFOAM GENTLE LIQUITRAP 18,3X17,2CM SACRAL;;;;;;;;;;;;;;2025;SIMPRO_VIG;2024-11-27;19;
SIMPRO;2026-04-12;material;0000324445;12;;E-INNOVATIO;CURATIVO C/BORDA ADESIVA SILIC. OPTIFOAM GENTLE LIQUITRAP 22,8X22,8CM SACRAL;;;;;;;;;;;;;;2795;SIMPRO_VIG;2024-11-27;19;
SIMPRO;2026-04-12;material;0000324442;12;;E-INNOVATIO;CURATIVO C/BORDA ADESIVA SILIC. OPTIFOAM GENTLE LIQUITRAP 7,6X7,6CM;;;;;;;;;;;;;;840;SIMPRO_VIG;2024-11-27;19;
SIMPRO;2026-04-12;material;0000260195;12;;CASEX;CURATIVO C/FIBRAS ALGINATO CALCIO/SODIO PLACA 02,0X30CM 10UNID.;;;;;;;;;;;;;;150;SIMPRO_VIG;2015-08-11;19;
SIMPRO;2026-04-12;material;0000260196;12;;CASEX;CURATIVO C/FIBRAS ALGINATO CALCIO/SODIO PLACA 05,0X05CM 10UNID.;;;;;;;;;;;;;;42.1;SIMPRO_VIG;2015-08-11;19;
SIMPRO;2026-04-12;material;0000260208;12;;CASEX;CURATIVO C/FIBRAS ALGINATO CALCIO/SODIO PLACA 07,5X12CM 10UNID;;;;;;;;;;;;;;82;SIMPRO_VIG;2015-08-11;19;
SIMPRO;2026-04-12;material;0000260201;12;;CASEX;CURATIVO C/FIBRAS ALGINATO CALCIO/SODIO PLACA 10,0X10CM 10UNID.;;;;;;;;;;;;;;100;SIMPRO_VIG;2015-08-11;19;
SIMPRO;2026-04-12;material;0000260202;12;;CASEX;CURATIVO C/FIBRAS ALGINATO CALCIO/SODIO PLACA 10,0X20CM 10UNID.;;;;;;;;;;;;;;155;SIMPRO_VIG;2015-08-11;19;
SIMPRO;2026-04-12;material;0000260206;12;;CASEX;CURATIVO C/FIBRAS ALGINATO CALCIO/SODIO PLACA 15,0X15CM 10UNID.;;;;;;;;;;;;;;143.7;SIMPRO_VIG;2015-08-11;19;
SIMPRO;2026-04-12;material;0000260207;12;;CASEX;CURATIVO C/FIBRAS ALGINATO CALCIO/SODIO PLACA 15,0X25CM 10UNID.;;;;;;;;;;;;;;254;SIMPRO_VIG;2015-08-11;19;
SIMPRO;2026-04-12;material;0000070926;12;;RECOMED;CURATIVO C/FILME ADESESIVO POLYMEM 8,9X11,4CM 60UN;;;;;;;;;;;;;;150;SIMPRO_VIG;2024-07-19;19;
SIMPRO;2026-04-12;material;0000070925;12;;RECOMED;CURATIVO C/FILME ADESIVO POLYMEM 05X05CM 100UNID.;;;;;;;;;;;;;;30;SIMPRO_VIG;2022-12-14;19;
SIMPRO;2026-04-12;material;0000070931;12;;RECOMED;CURATIVO C/FILME ADESIVO POLYMEM 10X32CM 12UNID.;;;;;;;;;;;;;;250;SIMPRO_VIG;2022-12-14;19;
SIMPRO;2026-04-12;material;0000265470;12;;RECOMED;CURATIVO C/FILME ADESIVO POLYMEM 11X11CM 20UN;;;;;;;;;;;;;;250;SIMPRO_VIG;2024-07-19;19;
SIMPRO;2026-04-12;material;0000070927;12;;RECOMED;CURATIVO C/FILME ADESIVO POLYMEM 15X15CM 60UNID.;;;;;;;;;;;;;;110;SIMPRO_VIG;2015-11-26;19;
SIMPRO;2026-04-12;material;0000087032;12;;RECOMED;CURATIVO C/PRATA POLYMEM 10,8X10,8CM 30UN;;;;;;;;;;;;;;346.667;SIMPRO_VIG;2024-07-19;19;
SIMPRO;2026-04-12;material;0000150454;12;;POOLTEX;CURATIVO CABECA ADU.REDE TUBULAR POOLFIX ROLO 10MT DESCANSO/25MT ESTICADO CAL.5,5 TARJA ROSA;;;;;;;;;;;;;;0.231;SIMPRO_VIG;2010-11-12;19;
SIMPRO;2026-04-12;material;0000150449;12;;POOLTEX;CURATIVO CABECA INF.REDE TUBULAR POOLFIX ROLO 10MT DESCANSO/25MT ESTICADO CAL.5 TARJA VERDE;;;;;;;;;;;;;;0.2;SIMPRO_VIG;2010-11-12;19;
SIMPRO;2026-04-12;material;0004090017;12;;KORS;CURATIVO CALCA MALHA ELASTICA PRONTA P/USO UNISLIP TAM.GRD.;;;;;;;;;;;;;;30.5;SIMPRO_VIG;2025-04-17;19;
SIMPRO;2026-04-12;material;0004090018;12;;KORS;CURATIVO CALCA MALHA ELASTICA PRONTA P/USO UNISLIP TAM.MED.;;;;;;;;;;;;;;29.1;SIMPRO_VIG;2025-04-17;19;
SIMPRO;2026-04-12;material;0004090019;12;;KORS;CURATIVO CALCA MALHA ELASTICA PRONTA P/USO UNISLIP TAM.PEQ.;;;;;;;;;;;;;;22.2;SIMPRO_VIG;2025-04-17;19;
SIMPRO;2026-04-12;material;0000056214;12;;CONVATEC;CURATIVO CARV.ATIV.ALG.HIDROF.CARBOFLEX 08X15CM;;;;;;;;;;;;;;212;SIMPRO_VIG;2015-04-16;19;
SIMPRO;2026-04-12;material;0000056213;12;;CONVATEC;CURATIVO CARV.ATIV.ALG.HIDROF.CARBOFLEX 10X10CM;;;;;;;;;;;;;;120;SIMPRO_VIG;2015-04-16;19;
SIMPRO;2026-04-12;material;0000322282;12;;VENOSAN;CURATIVO CARVAO ATIVADO ABSORVENTE C/PRATA;;;;;;;;;;;;;;197.5;SIMPRO_VIG;2025-07-29;19;
SIMPRO;2026-04-12;material;0000048514;12;;3M BRASIL;CURATIVO CARVAO ATIVADO C/PRATA 06,5X9,5CM ACTISORB PLUS 25 10UN;;;;;;;;;;;;;;62.305;SIMPRO_VIG;2021-04-01;19;
SIMPRO;2026-04-12;material;0000252681;12;;3M BRASIL;CURATIVO CARVAO ATIVADO C/PRATA 06,5X9,5CM ACTISORB SILVER 220 10UN;;;;;;;;;;;;;;102.046;SIMPRO_VIG;2022-02-24;19;
SIMPRO;2026-04-12;material;0000332119;12;;GOLDMED IMPORT;CURATIVO CARVAO ATIVADO C/PRATA 07,5X10CM EST.;;;;;;;;;;;;;;84.35;SIMPRO_VIG;2022-05-11;19;
SIMPRO;2026-04-12;material;0003953068;12;;3M BRASIL;CURATIVO CARVAO ATIVADO C/PRATA 10,5X10,5CM ACTISORB PLUS 25 10UN;;;;;;;;;;;;;;90.493;SIMPRO_VIG;2021-04-01;19;
SIMPRO;2026-04-12;material;0000252682;12;;3M BRASIL;CURATIVO CARVAO ATIVADO C/PRATA 10,5X10,5CM ACTISORB SILVER 220 10UN;;;;;;;;;;;;;;116.38;SIMPRO_VIG;2021-04-01;19;
SIMPRO;2026-04-12;material;0000347709;12;;POLAR FIX;CURATIVO CARVAO ATIVADO C/PRATA 10,5X10,5CM EST.10UN;;;;;;;;;;;;;;116.5;SIMPRO_VIG;2023-10-20;19;
SIMPRO;2026-04-12;material;0000332120;12;;GOLDMED IMPORT;CURATIVO CARVAO ATIVADO C/PRATA 10X10CM EST.;;;;;;;;;;;;;;149.56;SIMPRO_VIG;2022-05-11;19;
SIMPRO;2026-04-12;material;0000332121;12;;GOLDMED IMPORT;CURATIVO CARVAO ATIVADO C/PRATA 10X20CM EST.;;;;;;;;;;;;;;230.12;SIMPRO_VIG;2022-05-11;19;
SIMPRO;2026-04-12;material;0003953069;12;;3M BRASIL;CURATIVO CARVAO ATIVADO C/PRATA 19X10,5CM ACTISORB PLUS 25 10UN;;;;;;;;;;;;;;177.705;SIMPRO_VIG;2021-04-01;19;
SIMPRO;2026-04-12;material;0000252685;12;;3M BRASIL;CURATIVO CARVAO ATIVADO C/PRATA 19X10,5CM ACTISORB SILVER 220 10UN;;;;;;;;;;;;;;225.94;SIMPRO_VIG;2021-04-01;19;
SIMPRO;2026-04-12;material;0000304589;12;;VITA MEDICAL;CURATIVO CARVAO ATIVADO C/PRATA ACTICARE AG 10,5X10,5CM;;;;;;;;;;;;;;59.81;SIMPRO_VIG;2025-08-05;19;
SIMPRO;2026-04-12;material;0000304590;12;;VITA MEDICAL;CURATIVO CARVAO ATIVADO C/PRATA ACTICARE AG 10,5X20,0CM;;;;;;;;;;;;;;114.81;SIMPRO_VIG;2025-08-05;19;
SIMPRO;2026-04-12;material;0000326658;12;;KORAL HOSPITALAR;CURATIVO CARVAO ATIVADO PHARMAPAD CARBON 10X10CM;;;;;;;;;;;;;;171.9;SIMPRO_VIG;2021-10-15;19;
SIMPRO;2026-04-12;material;0000326659;12;;KORAL HOSPITALAR;CURATIVO CARVAO ATIVADO PHARMAPAD CARBON 10X15CM;;;;;;;;;;;;;;192.13;SIMPRO_VIG;2021-10-15;19;
SIMPRO;2026-04-12;material;0000326660;12;;KORAL HOSPITALAR;CURATIVO CARVAO ATIVADO PHARMAPAD CARBON 10X20CM;;;;;;;;;;;;;;224.79;SIMPRO_VIG;2021-10-15;19;
SIMPRO;2026-04-12;material;0000326656;12;;KORAL HOSPITALAR;CURATIVO CARVAO ATIVADO PHARMAPAD CARBON 5X10CM;;;;;;;;;;;;;;89.12;SIMPRO_VIG;2021-10-15;19;
SIMPRO;2026-04-12;material;0000326657;12;;KORAL HOSPITALAR;CURATIVO CARVAO ATIVADO PHARMAPAD CARBON 7,5X10CM;;;;;;;;;;;;;;133.68;SIMPRO_VIG;2021-10-15;19;
SIMPRO;2026-04-12;material;0000260251;12;;CASEX;CURATIVO CARVAO ATIVADO/PRATA 06,5X09,5CM 10UNID.;;;;;;;;;;;;;;72.35;SIMPRO_VIG;2015-08-11;19;
SIMPRO;2026-04-12;material;0000260249;12;;CASEX;CURATIVO CARVAO ATIVADO/PRATA 10,5X10,5CM 10UNID.;;;;;;;;;;;;;;98;SIMPRO_VIG;2015-08-11;19;
SIMPRO;2026-04-12;material;0000260250;12;;CASEX;CURATIVO CARVAO ATIVADO/PRATA 10,5X19,0CM 10UNID.;;;;;;;;;;;;;;180;SIMPRO_VIG;2015-08-11;19;
SIMPRO;2026-04-12;material;0000131040;12;;ADEF-RIO;CURATIVO CATETER 16CMX7,5CM OPER-CAT;;;;;;;;;;;;;;42;SIMPRO_VIG;2009-09-09;19;
SIMPRO;2026-04-12;material;0000131038;12;;ADEF-RIO;CURATIVO CATETER 5CMX5CM OPER-CAT;;;;;;;;;;;;;;29;SIMPRO_VIG;2009-09-09;19;
SIMPRO;2026-04-12;material;0000131039;12;;ADEF-RIO;CURATIVO CATETER 8CMX7,5CM OPER-CAT;;;;;;;;;;;;;;36;SIMPRO_VIG;2009-09-09;19;
SIMPRO;2026-04-12;material;0000342270;12;;TAUROVITA;CURATIVO CATHETER SECUREMENT DEVICE P/FIXACAO PICC 9X3,5CM;;;;;;;;;;;;;;60;SIMPRO_VIG;2025-11-19;19;
SIMPRO;2026-04-12;material;342270;12;;TAUROVITA;CURATIVO CATHETER SECUREMENT DEVICE P/FIXACAO PICC 9X3,5CM;;;;;;;;;;;;;;25;SIMPRO_VIG;2023-06-15;19;
SIMPRO;2026-04-12;material;0000342271;12;;TAUROVITA;CURATIVO CATHETER SECUREMENT DEVICE P/FIXACAO PICC 9X5CM PED.;;;;;;;;;;;;;;70;SIMPRO_VIG;2025-11-19;19;
SIMPRO;2026-04-12;material;342271;12;;TAUROVITA;CURATIVO CATHETER SECUREMENT DEVICE P/FIXACAO PICC 9X5CM PED.;;;;;;;;;;;;;;25;SIMPRO_VIG;2023-06-15;19;
SIMPRO;2026-04-12;material;0000142837;12;;VENKURI;CURATIVO CIRUGICO ESTERIL 1CAMADA ALG.ABSORV./1CAMADA IMPERM.TECIDO GAZE 15X30CM LURATEX;;;;;;;;;;;;;;5.3;SIMPRO_VIG;2014-02-17;19;
SIMPRO;2026-04-12;material;0000142838;12;;VENKURI;CURATIVO CIRUGICO N/ ESTERIL 1CAMADA ALG.ABSORV./1CAMADA IMPERM.TECIDO GAZE 10X15CM LURATEX;;;;;;;;;;;;;;2.834;SIMPRO_VIG;2014-02-17;19;
SIMPRO;2026-04-12;material;0000142839;12;;VENKURI;CURATIVO CIRUGICO N/ ESTERIL 1CAMADA ALG.ABSORV./1CAMADA IMPERM.TECIDO GAZE 15X30CM LURATEX;;;;;;;;;;;;;;4.285;SIMPRO_VIG;2014-02-17;19;
SIMPRO;2026-04-12;material;0000268433;12;;MELHORMED;CURATIVO CIRURGICO 10X15CM 12UN N/EST.;;;;;;;;;;;;;;0.696;SIMPRO_VIG;2024-08-13;19;
SIMPRO;2026-04-12;material;0000268434;12;;MELHORMED;CURATIVO CIRURGICO 10X15CM EST.;;;;;;;;;;;;;;1.85;SIMPRO_VIG;2024-08-13;19;
SIMPRO;2026-04-12;material;0000349009;12;;MELHORMED;CURATIVO CIRURGICO 10X15CM EST.;;;;;;;;;;;;;;1.26;SIMPRO_VIG;2024-08-13;19;
SIMPRO;2026-04-12;material;0000301576;12;;MELHORMED;CURATIVO CIRURGICO 10X15CM EST.C/PAPEL INTERNO;;;;;;;;;;;;;;1.88;SIMPRO_VIG;2024-08-13;19;
SIMPRO;2026-04-12;material;0000268437;12;;MELHORMED;CURATIVO CIRURGICO 10X50CM EST.;;;;;;;;;;;;;;3.47;SIMPRO_VIG;2024-08-13;19;
SIMPRO;2026-04-12;material;0000349011;12;;MELHORMED;CURATIVO CIRURGICO 10X50CM EST.;;;;;;;;;;;;;;2.77;SIMPRO_VIG;2024-08-13;19;
SIMPRO;2026-04-12;material;0000301578;12;;MELHORMED;CURATIVO CIRURGICO 10X50CM EST.C/PAPEL INTERNO;;;;;;;;;;;;;;3.55;SIMPRO_VIG;2024-08-13;19;
SIMPRO;2026-04-12;material;0000268435;12;;MELHORMED;CURATIVO CIRURGICO 15X30CM EST.;;;;;;;;;;;;;;3.14;SIMPRO_VIG;2024-08-13;19;
SIMPRO;2026-04-12;material;0000349008;12;;MELHORMED;CURATIVO CIRURGICO 15X30CM EST.;;;;;;;;;;;;;;2.23;SIMPRO_VIG;2024-08-13;19;
SIMPRO;2026-04-12;material;0000301575;12;;MELHORMED;CURATIVO CIRURGICO 15X30CM EST.C/PAPEL INTERNO;;;;;;;;;;;;;;3.11;SIMPRO_VIG;2024-08-13;19;
SIMPRO;2026-04-12;material;0001810204;12;;CREMER;CURATIVO CIRURGICO 15X30CM ESTERIL RG 207.804;;;;;;;;;;;;;;13.46;SIMPRO_VIG;2011-11-08;19;
SIMPRO;2026-04-12;material;0000268436;12;;MELHORMED;CURATIVO CIRURGICO 15X60CM EST.;;;;;;;;;;;;;;5.1;SIMPRO_VIG;2024-08-13;19;
SIMPRO;2026-04-12;material;0000349010;12;;MELHORMED;CURATIVO CIRURGICO 15X60CM EST.;;;;;;;;;;;;;;3.44;SIMPRO_VIG;2024-08-13;19;
SIMPRO;2026-04-12;material;0000301577;12;;MELHORMED;CURATIVO CIRURGICO 15X60CM EST.C/PAPEL INTERNO;;;;;;;;;;;;;;4.97;SIMPRO_VIG;2024-08-13;19;
SIMPRO;2026-04-12;material;0000054636;12;;LURATEX;CURATIVO CIRURGICO 2 CAMADA ESTERIL 10CMX15CM LURATEX;;;;;;;;;;;;;;0;SIMPRO_VIG;2009-11-04;19;
SIMPRO;2026-04-12;material;0000054641;12;;LURATEX;CURATIVO CIRURGICO 2 CAMADA ESTERIL 15CMX30CM LURATEX;;;;;;;;;;;;;;0;SIMPRO_VIG;2009-11-04;19;
SIMPRO;2026-04-12;material;0000054680;12;;LURATEX;CURATIVO CIRURGICO 2 CAMADA N/ESTERIL 10CMX15CM 12UNID LURATEX;;;;;;;;;;;;;;0;SIMPRO_VIG;2009-11-04;19;
SIMPRO;2026-04-12;material;0000054681;12;;LURATEX;CURATIVO CIRURGICO 2 CAMADA N/ESTERIL 15CMX30CM 12UNID LURATEX;;;;;;;;;;;;;;0;SIMPRO_VIG;2009-11-04;19;
SIMPRO;2026-04-12;material;0000044252;12;;MEDI HOUSE;CURATIVO CIRURGICO 6DOBRAS 10CMX15CM ZOBEC EST.00029;;;;;;;;;;;;;;40.6;SIMPRO_VIG;2025-08-26;19;
SIMPRO;2026-04-12;material;0000280142;12;;MEDI HOUSE;CURATIVO CIRURGICO 6DOBRAS 10X28CM ZOBEC EST.00036;;;;;;;;;;;;;;43.83;SIMPRO_VIG;2025-08-26;19;
SIMPRO;2026-04-12;material;0000044254;12;;MEDI HOUSE;CURATIVO CIRURGICO 6DOBRAS 15CMX30CM ZOBEC EST.00031;;;;;;;;;;;;;;47.8;SIMPRO_VIG;2025-08-26;19;
SIMPRO;2026-04-12;material;0000301076;12;;USA MEDICAL;CURATIVO CIRURGICO E.T.O 10X15CM EST.;;;;;;;;;;;;;;2.74;SIMPRO_VIG;2018-08-15;19;
SIMPRO;2026-04-12;material;0000301077;12;;USA MEDICAL;CURATIVO CIRURGICO E.T.O 15X30CM EST.;;;;;;;;;;;;;;3.31;SIMPRO_VIG;2018-08-15;19;
SIMPRO;2026-04-12;material;0000299440;12;;AMED S/A;CURATIVO CIRURGICO EST.LUIZA PREMIUM 10X15CM 5G;;;;;;;;;;;;;;18;SIMPRO_VIG;2023-09-14;19;
SIMPRO;2026-04-12;material;0000299441;12;;AMED S/A;CURATIVO CIRURGICO EST.LUIZA PREMIUM 15X30CM 15G;;;;;;;;;;;;;;25.4;SIMPRO_VIG;2023-09-14;19;
SIMPRO;2026-04-12;material;0000299442;12;;AMED S/A;CURATIVO CIRURGICO EST.LUIZA PREMIUM 30X60CM 60G;;;;;;;;;;;;;;27;SIMPRO_VIG;2023-09-14;19;
SIMPRO;2026-04-12;material;0000142836;12;;VENKURI;CURATIVO CIRURGICO ESTERIL 1CAMADA ALG.ABSORV./1CAMADA IMPERM.TECIDO GAZE 10X15CM LURATEX;;;;;;;;;;;;;;4.03;SIMPRO_VIG;2014-02-17;19;
SIMPRO;2026-04-12;material;0000044253;12;;MEDI HOUSE;CURATIVO CIRURGICO ESTERIL 6DOBRAS 10CMX22CM ZOBEC 00030;;;;;;;;;;;;;;0;SIMPRO_VIG;2009-09-03;19;
SIMPRO;2026-04-12;material;0000326913;12;;VENKURI;CURATIVO CIRURGICO VENKURI 10X50CM (FECHADA 10X15CM) EST.;;;;;;;;;;;;;;18.3;SIMPRO_VIG;2021-11-03;19;
SIMPRO;2026-04-12;material;0000326914;12;;VENKURI;CURATIVO CIRURGICO VENKURI 15X60CM (FECHADA 15X7,5CM) EST.;;;;;;;;;;;;;;25.65;SIMPRO_VIG;2021-11-03;19;
SIMPRO;2026-04-12;material;0000254135;12;;MERIT MEDICAL;CURATIVO CLO-SUR-P.A.D 4X4CM;;;;;;;;;;;;;;1800;SIMPRO_VIG;2015-03-04;19;
SIMPRO;2026-04-12;material;0000362043;12;;POLITEC;CURATIVO COBERTURA COVACLEAR IV 10X12CM 25UN;;;;;;;;;;;;;;100;SIMPRO_VIG;2025-07-15;19;
SIMPRO;2026-04-12;material;0000362041;12;;POLITEC;CURATIVO COBERTURA COVACLEAR IV 4X4CM 25UN;;;;;;;;;;;;;;54;SIMPRO_VIG;2025-07-15;19;
SIMPRO;2026-04-12;material;0000362042;12;;POLITEC;CURATIVO COBERTURA COVACLEAR IV 6X7CM 25UN;;;;;;;;;;;;;;62;SIMPRO_VIG;2025-07-15;19;
SIMPRO;2026-04-12;material;0000362040;12;;POLITEC;CURATIVO COBERTURA COVACLEAR IV FENDA 10X12CM 25UN;;;;;;;;;;;;;;111;SIMPRO_VIG;2025-07-15;19;
SIMPRO;2026-04-12;material;0000362038;12;;POLITEC;CURATIVO COBERTURA COVACLEAR IV FENDA 6X7CM 25UN;;;;;;;;;;;;;;62;SIMPRO_VIG;2025-07-15;19;
SIMPRO;2026-04-12;material;0000362039;12;;POLITEC;CURATIVO COBERTURA COVACLEAR IV FENDA 7,5X9CM 25UN;;;;;;;;;;;;;;85;SIMPRO_VIG;2025-07-15;19;
SIMPRO;2026-04-12;material;0000245011;12;;SILVESTRE;CURATIVO COLAGENO C/ALGINATO CALCIO/NITRATO CERIO 05X05CM COLZEN 10UNID;;;;;;;;;;;;;;80;SIMPRO_VIG;2021-10-21;19;
SIMPRO;2026-04-12;material;0000245012;12;;SILVESTRE;CURATIVO COLAGENO C/ALGINATO CALCIO/NITRATO CERIO 10X10CM COLZEN 10UNID;;;;;;;;;;;;;;110;SIMPRO_VIG;2021-10-21;19;
SIMPRO;2026-04-12;material;0000245013;12;;SILVESTRE;CURATIVO COLAGENO C/ALGINATO CALCIO/NITRATO CERIO 10X20CM COLZEN 5UNID;;;;;;;;;;;;;;528.38;SIMPRO_VIG;2014-07-01;19;
SIMPRO;2026-04-12;material;0000038844;12;;3M BRASIL;CURATIVO COLAGENO/ALGINATO 01X1X40CM FIBRACOL PLUS FITA 06UN;;;;;;;;;;;;;;275.783;SIMPRO_VIG;2021-04-01;19;
SIMPRO;2026-04-12;material;0000038841;12;;3M BRASIL;CURATIVO COLAGENO/ALGINATO 05,1X5,1CM FIBRACOL PLUS 12UN;;;;;;;;;;;;;;123.165;SIMPRO_VIG;2021-04-01;19;
SIMPRO;2026-04-12;material;0000038842;12;;3M BRASIL;CURATIVO COLAGENO/ALGINATO 10,2X11,1CM FIBRACOL PLUS 12UN;;;;;;;;;;;;;;246.479;SIMPRO_VIG;2021-04-01;19;
SIMPRO;2026-04-12;material;0000038843;12;;3M BRASIL;CURATIVO COLAGENO/ALGINATO 10,2X22,2CM FIBRACOL PLUS 06UN;;;;;;;;;;;;;;428.4;SIMPRO_VIG;2021-04-01;19;
SIMPRO;2026-04-12;material;0000167030;12;;CREMER;CURATIVO COMPRESSA N/ADERENTE EST.ADVANCED 10X10CM;;;;;;;;;;;;;;65.34;SIMPRO_VIG;2022-10-28;19;
SIMPRO;2026-04-12;material;0000167033;12;;CREMER;CURATIVO COMPRESSA N/ADERENTE EST.ADVANCED 10X20CM;;;;;;;;;;;;;;82.23;SIMPRO_VIG;2022-10-28;19;
SIMPRO;2026-04-12;material;0000131455;12;;PAUL HARTMANN;CURATIVO COMPRESSA TULE REV.PRATA EST.BACT.N/ADE.TRIGLIC.ATRAUMAN AG.10X10CM PAUL HARTMANN;;;;;;;;;;;;;;657.58;SIMPRO_VIG;2025-10-28;19;
SIMPRO;2026-04-12;material;0000147648;12;;PAUL HARTMANN;CURATIVO COMPRESSA TULE REV.PRATA EST.BACT.N/ADE.TRIGLIC.ATRAUMAN AG.10X20CM PAUL HARTMANN;;;;;;;;;;;;;;865.1;SIMPRO_VIG;2025-10-28;19;
SIMPRO;2026-04-12;material;0000254305;12;;GUINEZ;CURATIVO COMPRESSAO PHARMAPLAST P/FISTULA CURE AID EXSORB 38X72MM;;;;;;;;;;;;;;10.9;SIMPRO_VIG;2015-03-10;19;
SIMPRO;2026-04-12;material;0000254306;12;;GUINEZ;CURATIVO COMPRESSAO PHARMAPLAST P/FISTULA CURE AID EXSORB 50X100MM;;;;;;;;;;;;;;22.68;SIMPRO_VIG;2015-03-10;19;
SIMPRO;2026-04-12;material;0000254307;12;;GUINEZ;CURATIVO COMPRESSAO PHARMAPLAST P/FISTULA CURE AID EXSORB 50X72MM;;;;;;;;;;;;;;12.9;SIMPRO_VIG;2015-03-10;19;
SIMPRO;2026-04-12;material;0000176252;12;;GUINEZ;CURATIVO COMPRESSAO PHARMAPLAST P/FISTULA CURE AID PE SC 38X72MM 50UNID CURE 3872;;;;;;;;;;;;;;0.218;SIMPRO_VIG;2013-05-02;19;
SIMPRO;2026-04-12;material;0000176254;12;;GUINEZ;CURATIVO COMPRESSAO PHARMAPLAST P/FISTULA CURE AID PE SC 50X100MM 50UNID CURE50100;;;;;;;;;;;;;;0.454;SIMPRO_VIG;2013-05-02;19;
SIMPRO;2026-04-12;material;0000176253;12;;GUINEZ;CURATIVO COMPRESSAO PHARMAPLAST P/FISTULA CURE AID PE SC 50X72MM 50UNID CURE5072;;;;;;;;;;;;;;0.258;SIMPRO_VIG;2013-05-02;19;
SIMPRO;2026-04-12;material;0000324474;12;;COLOPLAST WOUND;CURATIVO CONTORNO 06X08CM NEW COMFEEL PLUS EST.;;;;;;;;;;;;;;93.23;SIMPRO_VIG;2025-10-01;19;
SIMPRO;2026-04-12;material;0000324475;12;;COLOPLAST WOUND;CURATIVO CONTORNO 09X11CM NEW COMFEEL PLUS EST.;;;;;;;;;;;;;;152.43;SIMPRO_VIG;2025-10-01;19;
SIMPRO;2026-04-12;material;0000070621;12;;COLOPLAST WOUND;CURATIVO CONTORNO COMFEEL PLUS 6X8CM EST.;;;;;;;;;;;;;;82.21;SIMPRO_VIG;2022-10-21;19;
SIMPRO;2026-04-12;material;0000070622;12;;COLOPLAST WOUND;CURATIVO CONTORNO COMFEEL PLUS 9X11CM EST.;;;;;;;;;;;;;;134.42;SIMPRO_VIG;2022-10-21;19;
SIMPRO;2026-04-12;material;0000357493;12;;CONVATEC;CURATIVO CONVAFOAM ESPUMA /HYDROFIBER N/ADESIVO 10X10CM 10UN 1733679;;;;;;;;;;;;;;321.24;SIMPRO_VIG;2026-03-12;19;
SIMPRO;2026-04-12;material;0000360803;12;;CONVATEC;CURATIVO CONVAFOAM ESPUMA /HYDROFIBER N/ADESIVO 15X15CM 05UN 1733684;;;;;;;;;;;;;;758.64;SIMPRO_VIG;2026-03-12;19;
SIMPRO;2026-04-12;material;0000357494;12;;CONVATEC;CURATIVO CONVAFOAM ESPUMA /HYDROFIBER N/ADESIVO 15X15CM 10UN 1733684;;;;;;;;;;;;;;316.045;SIMPRO_VIG;2024-11-26;19;
SIMPRO;2026-04-12;material;0000339648;12;;CONVATEC;CURATIVO CONVAMAX SUPER ABSORVENTE ADESIVO 10X10CM 10UN 1727564;;;;;;;;;;;;;;410.28;SIMPRO_VIG;2026-03-12;19;
SIMPRO;2026-04-12;material;0000339650;12;;CONVATEC;CURATIVO CONVAMAX SUPER ABSORVENTE ADESIVO 15X15CM 10UN 1727567;;;;;;;;;;;;;;800.8;SIMPRO_VIG;2026-03-12;19;
SIMPRO;2026-04-12;material;0000339649;12;;CONVATEC;CURATIVO CONVAMAX SUPER ABSORVENTE ADESIVO 20X20CM 10UN 1727569;;;;;;;;;;;;;;801.58;SIMPRO_VIG;2026-03-12;19;
SIMPRO;2026-04-12;material;0000339643;12;;CONVATEC;CURATIVO CONVAMAX SUPER ABSORVENTE N/ADESIVO 10X10CM 10UN 1727555;;;;;;;;;;;;;;100.95;SIMPRO_VIG;2026-03-12;19;
SIMPRO;2026-04-12;material;0000339644;12;;CONVATEC;CURATIVO CONVAMAX SUPER ABSORVENTE N/ADESIVO 15X15CM 10UN 1727558;;;;;;;;;;;;;;167.85;SIMPRO_VIG;2026-03-12;19;
SIMPRO;2026-04-12;material;0000339645;12;;CONVATEC;CURATIVO CONVAMAX SUPER ABSORVENTE N/ADESIVO 20X20CM 10UN 1727560;;;;;;;;;;;;;;481.2;SIMPRO_VIG;2026-03-12;19;
SIMPRO;2026-04-12;material;0000339646;12;;CONVATEC;CURATIVO CONVAMAX SUPER ABSORVENTE N/ADESIVO 20X30CM 10UN 1727561;;;;;;;;;;;;;;394.8;SIMPRO_VIG;2026-03-12;19;
SIMPRO;2026-04-12;material;0000339647;12;;CONVATEC;CURATIVO CONVAMAX SUPER ABSORVENTE N/ADESIVO 20X40CM 10UN 1727562;;;;;;;;;;;;;;432.3;SIMPRO_VIG;2026-03-12;19;
SIMPRO;2026-04-12;material;0000336068;12;;PAUL HARTMANN;CURATIVO COSMOPOR I.V.TRANSPARENT 05X06CM;;;;;;;;;;;;;;25;SIMPRO_VIG;2022-11-04;19;
SIMPRO;2026-04-12;material;0000336069;12;;PAUL HARTMANN;CURATIVO COSMOPOR I.V.TRANSPARENT 09X07CM;;;;;;;;;;;;;;23;SIMPRO_VIG;2022-11-04;19;
SIMPRO;2026-04-12;material;0000336070;12;;PAUL HARTMANN;CURATIVO COSMOPOR I.V.TRANSPARENT 10X12CM;;;;;;;;;;;;;;54.47;SIMPRO_VIG;2022-11-04;19;
SIMPRO;2026-04-12;material;0000150444;12;;POOLTEX;CURATIVO COTOVELO ADU.REDE TUBULAR POOLFIX ROLO 10MT DESCANSO/25MT ESTICADO CAL.4 TARJA MARROM CLARO;;;;;;;;;;;;;;0.148;SIMPRO_VIG;2010-11-12;19;
SIMPRO;2026-04-12;material;0000150442;12;;POOLTEX;CURATIVO COTOVELO INF.REDE TUBULAR POOLFIX ROLO 10MT DESCANSO/25MT ESTICADO CAL.3 TARJA AMARELO;;;;;;;;;;;;;;0.131;SIMPRO_VIG;2010-11-12;19;
SIMPRO;2026-04-12;material;0000150459;12;;POOLTEX;CURATIVO COXA ADU.REDE TUBULAR POOLFIX ROLO 10MT DESCANSO/25MT ESTICADO CAL.6 TARJA LARANJA;;;;;;;;;;;;;;0.413;SIMPRO_VIG;2010-11-12;19;
SIMPRO;2026-04-12;material;0000150457;12;;POOLTEX;CURATIVO COXA INF.REDE TUBULAR POOLFIX ROLO 10MT DESCANSO/25MT ESTICADO CAL.5,5 TARJA ROSA;;;;;;;;;;;;;;0.231;SIMPRO_VIG;2010-11-12;19;
SIMPRO;2026-04-12;material;0000128271;12;;CREMER;CURATIVO CREMERCARE ANATOM.20UNID 291.711;;;;;;;;;;;;;;0.115;SIMPRO_VIG;2010-07-07;19;
SIMPRO;2026-04-12;material;0000128273;12;;CREMER;CURATIVO CREMERCARE BEGE 35UNID 288.780;;;;;;;;;;;;;;0.095;SIMPRO_VIG;2010-07-07;19;
SIMPRO;2026-04-12;material;0000128275;12;;CREMER;CURATIVO CREMERCARE REDONDO 12UNID 291.735;;;;;;;;;;;;;;0.104;SIMPRO_VIG;2010-07-07;19;
SIMPRO;2026-04-12;material;0000128276;12;;CREMER;CURATIVO CREMERCARE SORTIDO 25UNID 291.742;;;;;;;;;;;;;;0.145;SIMPRO_VIG;2010-07-07;19;
SIMPRO;2026-04-12;material;0000128277;12;;CREMER;CURATIVO CREMERCARE TRANSP.10UNID 288.797;;;;;;;;;;;;;;0.098;SIMPRO_VIG;2010-07-07;19;
SIMPRO;2026-04-12;material;0000128278;12;;CREMER;CURATIVO CREMERCARE TRANSP.35UNID 288.773;;;;;;;;;;;;;;0.095;SIMPRO_VIG;2010-07-07;19;
SIMPRO;2026-04-12;material;0000115487;12;;COVIDIEN;CURATIVO CURAGEL PLACA HIDROGEL C/BORDA 12,5CMX12,5CM 9904;;;;;;;;;;;;;;0;SIMPRO_VIG;2009-05-12;19;
SIMPRO;2026-04-12;material;0000115488;12;;COVIDIEN;CURATIVO CURAGEL PLACA HIDROGEL C/BORDA 21,5CMX24CM 9905;;;;;;;;;;;;;;0;SIMPRO_VIG;2009-05-12;19;
SIMPRO;2026-04-12;material;0000115486;12;;COVIDIEN;CURATIVO CURAGEL PLACA HIDROGEL C/BORDA 7,5CMX10CM 9903;;;;;;;;;;;;;;0;SIMPRO_VIG;2009-05-12;19;
SIMPRO;2026-04-12;material;0000115484;12;;COVIDIEN;CURATIVO CURAGEL PLACA HIDROGEL S/BORDA 10CMX10CM 9901;;;;;;;;;;;;;;0;SIMPRO_VIG;2009-05-12;19;
SIMPRO;2026-04-12;material;0000115485;12;;COVIDIEN;CURATIVO CURAGEL PLACA HIDROGEL S/BORDA 20CMX20CM 9902;;;;;;;;;;;;;;0;SIMPRO_VIG;2009-05-12;19;
SIMPRO;2026-04-12;material;0000115483;12;;COVIDIEN;CURATIVO CURAGEL PLACA HIDROGEL S/BORDA 5CMX7,5CM 9900;;;;;;;;;;;;;;0;SIMPRO_VIG;2009-05-12;19;
SIMPRO;2026-04-12;material;0000366559;12;;CIRURGICA FERNANDES;CURATIVO CURE AID 25MM 500UN;;;;;;;;;;;;;;0.104;SIMPRO_VIG;2025-12-09;19;
SIMPRO;2026-04-12;material;0000153042;12;;LABOR IMPORT;CURATIVO CURE AID ADU.50UNID;;;;;;;;;;;;;;4.19;SIMPRO_VIG;2014-01-08;19;
SIMPRO;2026-04-12;material;0000153039;12;;LABOR HEALTH SUPPLY;CURATIVO CURE AID COR PELE 500UNID.60006;;;;;;;;;;;;;;0.29;SIMPRO_VIG;2023-11-24;19;
SIMPRO;2026-04-12;material;0000153040;12;;LABOR HEALTH SUPPLY;CURATIVO CURE AID INF.500UNID.60007;;;;;;;;;;;;;;0.335;SIMPRO_VIG;2023-08-23;19;
SIMPRO;2026-04-12;material;0000153041;12;;LABOR IMPORT;CURATIVO CURE AID KIDS.30UNID 60008;;;;;;;;;;;;;;0.9;SIMPRO_VIG;2011-07-20;19;
SIMPRO;2026-04-12;material;0000143517;12;;CARDINAL HEALTH MS;CURATIVO CURITY COBERTURA N/ADERENTE 07,6X07,6CM;;;;;;;;;;;;;;110.2;SIMPRO_VIG;2010-01-08;19;
SIMPRO;2026-04-12;material;0000143518;12;;CARDINAL HEALTH MS;CURATIVO CURITY COBERTURA N/ADERENTE 07,6X20,3CM;;;;;;;;;;;;;;124.43;SIMPRO_VIG;2010-01-08;19;
SIMPRO;2026-04-12;material;0000324806;12;;CARDINAL HEALTH MS;CURATIVO CURITY COBERTURA N/ADERENTE 07,6X20,3CM;;;;;;;;;;;;;;125;SIMPRO_VIG;2021-07-06;19;
SIMPRO;2026-04-12;material;0000143519;12;;CARDINAL HEALTH MS;CURATIVO CURITY COBERTURA N/ADERENTE 07,6X40,6CM;;;;;;;;;;;;;;145.77;SIMPRO_VIG;2010-01-08;19;
SIMPRO;2026-04-12;material;0000258340;12;;BSN MEDICAL;CURATIVO CUTICELL CONTACT 05X07,5CM 5ENV;;;;;;;;;;;;;;45.8;SIMPRO_VIG;2015-06-16;19;
SIMPRO;2026-04-12;material;0000258341;12;;BSN MEDICAL;CURATIVO CUTICELL CONTACT 07,5X10,0CM 5ENV;;;;;;;;;;;;;;63.8;SIMPRO_VIG;2015-06-16;19;
SIMPRO;2026-04-12;material;0000258342;12;;BSN MEDICAL;CURATIVO CUTICELL CONTACT 10,0X18,0CM 5ENV;;;;;;;;;;;;;;119.8;SIMPRO_VIG;2015-06-16;19;
SIMPRO;2026-04-12;material;0000271334;12;;ESSITY SOLUCOES;CURATIVO CUTICELL CONTACT 10X18CM;;;;;;;;;;;;;;241.63;SIMPRO_VIG;2024-04-03;19;
SIMPRO;2026-04-12;material;0000258343;12;;BSN MEDICAL;CURATIVO CUTICELL CONTACT 15X25,0CM 5ENV;;;;;;;;;;;;;;259.8;SIMPRO_VIG;2015-06-16;19;
SIMPRO;2026-04-12;material;0000271335;12;;ESSITY SOLUCOES;CURATIVO CUTICELL CONTACT 15X25CM;;;;;;;;;;;;;;539.01;SIMPRO_VIG;2024-04-03;19;
SIMPRO;2026-04-12;material;0000271332;12;;ESSITY SOLUCOES;CURATIVO CUTICELL CONTACT 5,0X7,5CM;;;;;;;;;;;;;;93.37;SIMPRO_VIG;2024-04-03;19;
SIMPRO;2026-04-12;material;0000271333;12;;ESSITY SOLUCOES;CURATIVO CUTICELL CONTACT 7,5X10CM;;;;;;;;;;;;;;97.02;SIMPRO_VIG;2024-04-03;19;
SIMPRO;2026-04-12;material;0000258339;12;;BSN MEDICAL;CURATIVO CUTIMED ALGINATE 02,5X30CM 5ENV;;;;;;;;;;;;;;129.8;SIMPRO_VIG;2015-06-16;19;
SIMPRO;2026-04-12;material;0000258336;12;;BSN MEDICAL;CURATIVO CUTIMED ALGINATE 05X05CM 10ENV;;;;;;;;;;;;;;39.9;SIMPRO_VIG;2015-06-16;19;
SIMPRO;2026-04-12;material;0000258337;12;;BSN MEDICAL;CURATIVO CUTIMED ALGINATE 10X10CM 10UNID;;;;;;;;;;;;;;59.9;SIMPRO_VIG;2015-06-16;19;
SIMPRO;2026-04-12;material;0000258338;12;;BSN MEDICAL;CURATIVO CUTIMED ALGINATE 10X20CM 10ENV;;;;;;;;;;;;;;109.9;SIMPRO_VIG;2015-06-16;19;
SIMPRO;2026-04-12;material;0000258316;12;;BSN MEDICAL;CURATIVO CUTIMED CAVITY 05X06CM 10ENV;;;;;;;;;;;;;;69.9;SIMPRO_VIG;2015-06-16;19;
SIMPRO;2026-04-12;material;0000258317;12;;BSN MEDICAL;CURATIVO CUTIMED CAVITY 10X10CM 10ENV;;;;;;;;;;;;;;179.9;SIMPRO_VIG;2015-06-16;19;
SIMPRO;2026-04-12;material;0000258318;12;;BSN MEDICAL;CURATIVO CUTIMED CAVITY 15X15CM 5ENV;;;;;;;;;;;;;;469.8;SIMPRO_VIG;2015-06-16;19;
SIMPRO;2026-04-12;material;0000334305;12;;ESSITY SOLUCOES;CURATIVO CUTIMED HYDROCONTROL 15X15CM EST.;;;;;;;;;;;;;;114.76;SIMPRO_VIG;2022-08-09;19;
SIMPRO;2026-04-12;material;0000258319;12;;BSN MEDICAL;CURATIVO CUTIMED SILTEC 05X06CM 5ENV;;;;;;;;;;;;;;49.9;SIMPRO_VIG;2015-06-16;19;
SIMPRO;2026-04-12;material;0000258320;12;;BSN MEDICAL;CURATIVO CUTIMED SILTEC 10X10CM 10ENV;;;;;;;;;;;;;;69.9;SIMPRO_VIG;2015-06-16;19;
SIMPRO;2026-04-12;material;0000258321;12;;BSN MEDICAL;CURATIVO CUTIMED SILTEC 10X20CM 10ENV;;;;;;;;;;;;;;109.9;SIMPRO_VIG;2015-06-16;19;
SIMPRO;2026-04-12;material;0000258322;12;;BSN MEDICAL;CURATIVO CUTIMED SILTEC 15X15CM 10ENV;;;;;;;;;;;;;;119.9;SIMPRO_VIG;2015-06-16;19;
SIMPRO;2026-04-12;material;0000258323;12;;BSN MEDICAL;CURATIVO CUTIMED SILTEC 20X20CM 5ENV;;;;;;;;;;;;;;199.8;SIMPRO_VIG;2015-06-16;19;
SIMPRO;2026-04-12;material;0000258326;12;;BSN MEDICAL;CURATIVO CUTIMED SILTEC B 07,5X07,5CM 10ENV;;;;;;;;;;;;;;53.9;SIMPRO_VIG;2015-06-16;19;
SIMPRO;2026-04-12;material;0000258327;12;;BSN MEDICAL;CURATIVO CUTIMED SILTEC B 10,0X10,0CM 10ENV;;;;;;;;;;;;;;79.9;SIMPRO_VIG;2015-06-16;19;
SIMPRO;2026-04-12;material;0000258332;12;;BSN MEDICAL;CURATIVO CUTIMED SILTEC B 10,0X22,5CM 10ENV;;;;;;;;;;;;;;159.9;SIMPRO_VIG;2015-06-16;19;
SIMPRO;2026-04-12;material;0000258328;12;;BSN MEDICAL;CURATIVO CUTIMED SILTEC B 12.5X12.5CM 10ENV;;;;;;;;;;;;;;109.9;SIMPRO_VIG;2015-06-16;19;
SIMPRO;2026-04-12;material;0000258329;12;;BSN MEDICAL;CURATIVO CUTIMED SILTEC B 15,0X15,0CM 10ENV;;;;;;;;;;;;;;149.9;SIMPRO_VIG;2015-06-16;19;
SIMPRO;2026-04-12;material;0000258330;12;;BSN MEDICAL;CURATIVO CUTIMED SILTEC B 17,5X17,5CM 5ENV;;;;;;;;;;;;;;179.8;SIMPRO_VIG;2015-06-16;19;
SIMPRO;2026-04-12;material;0000258331;12;;BSN MEDICAL;CURATIVO CUTIMED SILTEC B 22,5X22,5CM 5ENV;;;;;;;;;;;;;;279.8;SIMPRO_VIG;2015-06-16;19;
SIMPRO;2026-04-12;material;0000258334;12;;BSN MEDICAL;CURATIVO CUTIMED SILTEC L 10,0X10,0CM 10ENV;;;;;;;;;;;;;;59.9;SIMPRO_VIG;2015-06-16;19;
SIMPRO;2026-04-12;material;0000258335;12;;BSN MEDICAL;CURATIVO CUTIMED SILTEC L 15,0X15,0CM 10ENV;;;;;;;;;;;;;;109.9;SIMPRO_VIG;2015-06-16;19;
SIMPRO;2026-04-12;material;0000258333;12;;BSN MEDICAL;CURATIVO CUTIMED SILTEC L 5,0X6,0CM 10ENV;;;;;;;;;;;;;;29.9;SIMPRO_VIG;2015-06-16;19;
SIMPRO;2026-04-12;material;0000258324;12;;BSN MEDICAL;CURATIVO CUTIMED SILTEC SACRUM 17,5X17,5CM 5ENV;;;;;;;;;;;;;;159.8;SIMPRO_VIG;2015-06-16;19;
SIMPRO;2026-04-12;material;0000258325;12;;BSN MEDICAL;CURATIVO CUTIMED SILTEC SACRUM 23,0X23,0CM 5ENV;;;;;;;;;;;;;;259.8;SIMPRO_VIG;2015-06-16;19;
SIMPRO;2026-04-12;material;0000258344;12;;BSN MEDICAL;CURATIVO CUTIMED SILTEC SORBACT 07.5X07.5CM 10ENV;;;;;;;;;;;;;;119.9;SIMPRO_VIG;2015-06-16;19;
SIMPRO;2026-04-12;material;0000258345;12;;BSN MEDICAL;CURATIVO CUTIMED SILTEC SORBACT 12,5X012,5CM 10ENV;;;;;;;;;;;;;;189.9;SIMPRO_VIG;2015-06-16;19;
SIMPRO;2026-04-12;material;0000258346;12;;BSN MEDICAL;CURATIVO CUTIMED SILTEC SORBACT 15,0X15,0CM 10ENV;;;;;;;;;;;;;;409.9;SIMPRO_VIG;2015-06-16;19;
SIMPRO;2026-04-12;material;0000258349;12;;BSN MEDICAL;CURATIVO CUTIMED SILTEC SORBACT 17,5X17,5CM 05ENV;;;;;;;;;;;;;;479.8;SIMPRO_VIG;2015-06-16;19;
SIMPRO;2026-04-12;material;0000258347;12;;BSN MEDICAL;CURATIVO CUTIMED SILTEC SORBACT 17,5X17,5CM 10ENV;;;;;;;;;;;;;;419.8;SIMPRO_VIG;2015-06-16;19;
SIMPRO;2026-04-12;material;0000258348;12;;BSN MEDICAL;CURATIVO CUTIMED SILTEC SORBACT 22,5X22,5CM 05ENV;;;;;;;;;;;;;;519.8;SIMPRO_VIG;2015-06-16;19;
SIMPRO;2026-04-12;material;0000258350;12;;BSN MEDICAL;CURATIVO CUTIMED SILTEC SORBACT 23,0X23,0CM 05ENV;;;;;;;;;;;;;;739.8;SIMPRO_VIG;2015-06-16;19;
SIMPRO;2026-04-12;material;0000342103;12;;ESSITY SOLUCOES;CURATIVO CUTIMED SORBION SORBACT 10X10CM;;;;;;;;;;;;;;350;SIMPRO_VIG;2023-06-06;19;
SIMPRO;2026-04-12;material;0000342104;12;;ESSITY SOLUCOES;CURATIVO CUTIMED SORBION SORBACT 10X20CM;;;;;;;;;;;;;;649;SIMPRO_VIG;2023-06-06;19;
SIMPRO;2026-04-12;material;0000342105;12;;ESSITY SOLUCOES;CURATIVO CUTIMED SORBION SORBACT 20X30CM;;;;;;;;;;;;;;1146;SIMPRO_VIG;2023-06-06;19;
SIMPRO;2026-04-12;material;0000337171;12;;TCI LABORATORIO;CURATIVO DEBRIDERM 100ML;;;;;;;;;;;;;;300;SIMPRO_VIG;2023-08-31;19;
SIMPRO;2026-04-12;material;337171;12;;TCI LABORATORIO;CURATIVO DEBRIDERM 100ML;;;;;;;;;;;;;;194;SIMPRO_VIG;0030-12-19;19;
SIMPRO;2026-04-12;material;354207;12;;TCI LABORATORIO;CURATIVO DEBRIDERM 50ML;;;;;;;;;;;;;;160;SIMPRO_VIG;0030-12-19;19;
SIMPRO;2026-04-12;material;0000150434;12;;POOLTEX;CURATIVO DEDO ADU.REDE TUBULAR POOLFIX ROLO 10MT DESCANSO/25MT ESTICADO CAL.1 TARJA AZUL;;;;;;;;;;;;;;0.083;SIMPRO_VIG;2010-11-12;19;
SIMPRO;2026-04-12;material;0000150431;12;;POOLTEX;CURATIVO DEDO INF.REDE TUBULAR POOLFIX ROLO 10MT DESCANSO/25MT ESTICADO CAL.0,5 TARJA BRANCA;;;;;;;;;;;;;;0.064;SIMPRO_VIG;2010-11-12;19;
SIMPRO;2026-04-12;material;0000150433;12;;POOLTEX;CURATIVO DEDO PEQ.REDE TUBULAR POOLFIX ROLO 10MT DESCANSO/25MT ESTICADO CAL.0,5 TARJA BRANCA;;;;;;;;;;;;;;0.064;SIMPRO_VIG;2010-11-12;19;
SIMPRO;2026-04-12;material;0000320619;12;;GAMAN PHARMA;CURATIVO DERMCOAT MEMBRANA CELULOSE 10X7,5CM;;;;;;;;;;;;;;267.6;SIMPRO_VIG;2021-02-11;19;
SIMPRO;2026-04-12;material;0000320624;12;;GAMAN PHARMA;CURATIVO DERMCOAT MEMBRANA CELULOSE 10X7,5CM;;;;;;;;;;;;;;315.85;SIMPRO_VIG;2021-02-11;19;
SIMPRO;2026-04-12;material;0000320620;12;;GAMAN PHARMA;CURATIVO DERMCOAT MEMBRANA CELULOSE 15X10CM;;;;;;;;;;;;;;314.82;SIMPRO_VIG;2021-02-11;19;
SIMPRO;2026-04-12;material;0000320625;12;;GAMAN PHARMA;CURATIVO DERMCOAT MEMBRANA CELULOSE 15X10CM;;;;;;;;;;;;;;370.37;SIMPRO_VIG;2021-02-11;19;
SIMPRO;2026-04-12;material;0000320621;12;;GAMAN PHARMA;CURATIVO DERMCOAT MEMBRANA CELULOSE 18X12CM;;;;;;;;;;;;;;491.2;SIMPRO_VIG;2021-02-11;19;
SIMPRO;2026-04-12;material;0000320626;12;;GAMAN PHARMA;CURATIVO DERMCOAT MEMBRANA CELULOSE 18X12CM;;;;;;;;;;;;;;577.88;SIMPRO_VIG;2021-02-11;19;
SIMPRO;2026-04-12;material;0000320622;12;;GAMAN PHARMA;CURATIVO DERMCOAT MEMBRANA CELULOSE 20X15CM;;;;;;;;;;;;;;774.2;SIMPRO_VIG;2021-02-11;19;
SIMPRO;2026-04-12;material;0000320627;12;;GAMAN PHARMA;CURATIVO DERMCOAT MEMBRANA CELULOSE 20X15CM;;;;;;;;;;;;;;910.82;SIMPRO_VIG;2021-02-11;19;
SIMPRO;2026-04-12;material;0000320618;12;;GAMAN PHARMA;CURATIVO DERMCOAT MEMBRANA CELULOSE 7,5X5,0CM;;;;;;;;;;;;;;210;SIMPRO_VIG;2021-02-11;19;
SIMPRO;2026-04-12;material;0000320623;12;;GAMAN PHARMA;CURATIVO DERMCOAT MEMBRANA CELULOSE 7,5X5,0CM;;;;;;;;;;;;;;247.05;SIMPRO_VIG;2021-02-11;19;
SIMPRO;2026-04-12;material;0000164993;12;;3M BRASIL;CURATIVO DIGITAL SILICONE/MALHA TUBULAR 2,0CM ADAPTIC DIGIT TAM.P 10UN;;;;;;;;;;;;;;79.191;SIMPRO_VIG;2022-02-24;19;
SIMPRO;2026-04-12;material;0000164994;12;;3M BRASIL;CURATIVO DIGITAL SILICONE/MALHA TUBULAR 2,4CM ADAPTIC DIGIT TAM.M 10UN;;;;;;;;;;;;;;39.046;SIMPRO_VIG;2022-02-24;19;
SIMPRO;2026-04-12;material;0000164997;12;;3M BRASIL;CURATIVO DIGITAL SILICONE/MALHA TUBULAR 2,8CM ADAPTIC DIGIT P/PE 10UN;;;;;;;;;;;;;;76.556;SIMPRO_VIG;2022-02-24;19;
SIMPRO;2026-04-12;material;0000164995;12;;3M BRASIL;CURATIVO DIGITAL SILICONE/MALHA TUBULAR 2,8CM ADAPTIC DIGIT TAM.G 10UN;;;;;;;;;;;;;;40.729;SIMPRO_VIG;2022-02-24;19;
SIMPRO;2026-04-12;material;0000164996;12;;3M BRASIL;CURATIVO DIGITAL SILICONE/MALHA TUBULAR 3,0CM ADAPTIC DIGIT TAM.XG 10UN;;;;;;;;;;;;;;46.024;SIMPRO_VIG;2022-02-24;19;
SIMPRO;2026-04-12;material;0000294783;12;;O'GEL;CURATIVO DISCO AREOLAR ADESIVO 2UNID.REUT.;;;;;;;;;;;;;;88;SIMPRO_VIG;2026-02-25;19;
SIMPRO;2026-04-12;material;0000293187;12;;MEM CIRURGICA;CURATIVO DISPOSITIVO FECHAMENTO FERIDA BEGE SEQUA SKIN CLOSURE EST.10PCT/2UNID.;;;;;;;;;;;;;;420;SIMPRO_VIG;2018-10-24;19;
SIMPRO;2026-04-12;material;0000293189;12;;MEM CIRURGICA;CURATIVO DISPOSITIVO FECHAMENTO FERIDA BEGE SEQUA SKIN CLOSURE EST.10PCT/3UNID.;;;;;;;;;;;;;;580;SIMPRO_VIG;2018-10-24;19;
SIMPRO;2026-04-12;material;0000293191;12;;MEM CIRURGICA;CURATIVO DISPOSITIVO FECHAMENTO FERIDA BEGE SEQUA SKIN CLOSURE EST.10PCT/4UNID.;;;;;;;;;;;;;;700;SIMPRO_VIG;2018-10-24;19;
SIMPRO;2026-04-12;material;0000293193;12;;MEM CIRURGICA;CURATIVO DISPOSITIVO FECHAMENTO FERIDA BEGE SEQUA SKIN CLOSURE EST.10PCT/5UNID.;;;;;;;;;;;;;;880;SIMPRO_VIG;2018-10-24;19;
SIMPRO;2026-04-12;material;0000320068;12;;MEM CIRURGICA;CURATIVO DISPOSITIVO FECHAMENTO FERIDA BRANCO SEQUA HOLD EST.10PCT/1UNID.;;;;;;;;;;;;;;90;SIMPRO_VIG;2025-07-08;19;
SIMPRO;2026-04-12;material;0000293183;12;;MEM CIRURGICA;CURATIVO DISPOSITIVO FECHAMENTO FERIDA BRANCO SEQUA HOLD EST.10PCT/2UNID.;;;;;;;;;;;;;;150;SIMPRO_VIG;2025-07-08;19;
SIMPRO;2026-04-12;material;0000293185;12;;MEM CIRURGICA;CURATIVO DISPOSITIVO FECHAMENTO FERIDA BRANCO SEQUA HOLD EST.10PCT/4UNID.;;;;;;;;;;;;;;225;SIMPRO_VIG;2025-07-08;19;
SIMPRO;2026-04-12;material;0000293184;12;;MEM CIRURGICA;CURATIVO DISPOSITIVO FECHAMENTO FERIDA BRANCO SEQUA SKIN CLOSURE EST.10PCT/3UNID.;;;;;;;;;;;;;;400;SIMPRO_VIG;2018-10-24;19;
SIMPRO;2026-04-12;material;0000293186;12;;MEM CIRURGICA;CURATIVO DISPOSITIVO FECHAMENTO FERIDA BRANCO SEQUA SKIN CLOSURE EST.10PCT/5UNID.;;;;;;;;;;;;;;520;SIMPRO_VIG;2018-10-24;19;
SIMPRO;2026-04-12;material;0000342268;12;;TAUROVITA;CURATIVO DRESSING I.V FIXADOR P/CATETER 10X12CM;;;;;;;;;;;;;;25;SIMPRO_VIG;2025-11-19;19;
SIMPRO;2026-04-12;material;342268;12;;TAUROVITA;CURATIVO DRESSING I.V FIXADOR P/CATETER 10X12CM;;;;;;;;;;;;;;11;SIMPRO_VIG;2023-06-15;19;
SIMPRO;2026-04-12;material;0000342267;12;;TAUROVITA;CURATIVO DRESSING I.V FIXADOR P/CATETER 6X7CM;;;;;;;;;;;;;;20;SIMPRO_VIG;2025-11-19;19;
SIMPRO;2026-04-12;material;342267;12;;TAUROVITA;CURATIVO DRESSING I.V FIXADOR P/CATETER 6X7CM;;;;;;;;;;;;;;8;SIMPRO_VIG;2023-06-15;19;
SIMPRO;2026-04-12;material;0000342269;12;;TAUROVITA;CURATIVO DRESSING I.V FIXADOR P/CATETER 7X9,5CM;;;;;;;;;;;;;;20;SIMPRO_VIG;2025-11-19;19;
SIMPRO;2026-04-12;material;342269;12;;TAUROVITA;CURATIVO DRESSING I.V FIXADOR P/CATETER 7X9,5CM;;;;;;;;;;;;;;8;SIMPRO_VIG;2023-06-15;19;
SIMPRO;2026-04-12;material;0000342266;12;;TAUROVITA;CURATIVO DRESSING I.V FIXADOR P/CATETER 8,5X10,5CM;;;;;;;;;;;;;;25;SIMPRO_VIG;2025-11-19;19;
SIMPRO;2026-04-12;material;342266;12;;TAUROVITA;CURATIVO DRESSING I.V FIXADOR P/CATETER 8,5X10,5CM;;;;;;;;;;;;;;15;SIMPRO_VIG;2023-06-15;19;
SIMPRO;2026-04-12;material;0000265743;12;;CONVATEC;CURATIVO DUODERM HIDROCOLOIDE C/BORDA CGF 06X06CM 05UNID.1197978;;;;;;;;;;;;;;116.724;SIMPRO_VIG;2022-07-06;19;
SIMPRO;2026-04-12;material;0000265744;12;;CONVATEC;CURATIVO DUODERM HIDROCOLOIDE C/BORDA CGF 10X10CM 05UNID.1197979;;;;;;;;;;;;;;185.48;SIMPRO_VIG;2022-07-06;19;
SIMPRO;2026-04-12;material;0000265745;12;;CONVATEC;CURATIVO DUODERM HIDROCOLOIDE C/BORDA CGF 10X13CM 05UNID.1197981;;;;;;;;;;;;;;215.084;SIMPRO_VIG;2022-07-06;19;
SIMPRO;2026-04-12;material;0000265746;12;;CONVATEC;CURATIVO DUODERM HIDROCOLOIDE C/BORDA CGF 15X15CM 05UNID.1197980;;;;;;;;;;;;;;319.792;SIMPRO_VIG;2022-07-06;19;
SIMPRO;2026-04-12;material;0000265747;12;;CONVATEC;CURATIVO DUODERM HIDROCOLOIDE C/BORDA CGF 15X18CM 05UNID.1197982;;;;;;;;;;;;;;363.362;SIMPRO_VIG;2022-07-06;19;
SIMPRO;2026-04-12;material;0000265748;12;;CONVATEC;CURATIVO DUODERM HIDROCOLOIDE CGF 10X10CM 05UN 1197972;;;;;;;;;;;;;;147.168;SIMPRO_VIG;2026-03-12;19;
SIMPRO;2026-04-12;material;0000265750;12;;CONVATEC;CURATIVO DUODERM HIDROCOLOIDE CGF 15X20CM 05UN 1197977;;;;;;;;;;;;;;448.672;SIMPRO_VIG;2026-03-12;19;
SIMPRO;2026-04-12;material;0000265752;12;;CONVATEC;CURATIVO DUODERM HIDROCOLOIDE CGF 20X20CM 05UN 1197968;;;;;;;;;;;;;;456.736;SIMPRO_VIG;2026-03-12;19;
SIMPRO;2026-04-12;material;0000265755;12;;CONVATEC;CURATIVO DUODERM HIDROCOLOIDE EXTRA FINO 10X05CM 20UN 1197976;;;;;;;;;;;;;;85.288;SIMPRO_VIG;2026-03-12;19;
SIMPRO;2026-04-12;material;0000265758;12;;CONVATEC;CURATIVO DUODERM HIDROCOLOIDE EXTRA FINO 10X10CM 10UN 1197973;;;;;;;;;;;;;;112.112;SIMPRO_VIG;2026-03-12;19;
SIMPRO;2026-04-12;material;0000265760;12;;CONVATEC;CURATIVO DUODERM HIDROCOLOIDE EXTRA FINO 10X15CM 10UN 1221490;;;;;;;;;;;;;;121.856;SIMPRO_VIG;2026-03-12;19;
SIMPRO;2026-04-12;material;0000265761;12;;CONVATEC;CURATIVO DUODERM HIDROCOLOIDE EXTRA FINO 15X15CM 10UN 1221488;;;;;;;;;;;;;;155.568;SIMPRO_VIG;2026-03-12;19;
SIMPRO;2026-04-12;material;0000265762;12;;CONVATEC;CURATIVO DUODERM HIDROCOLOIDE EXTRA FINO 15X18CM 10UN 1221489;;;;;;;;;;;;;;189.168;SIMPRO_VIG;2026-03-12;19;
SIMPRO;2026-04-12;material;0000265763;12;;CONVATEC;CURATIVO DUODERM HIDROCOLOIDE EXTRA FINO 20X05CM 10UNID;;;;;;;;;;;;;;91.68;SIMPRO_VIG;2017-03-23;19;
SIMPRO;2026-04-12;material;0000265765;12;;CONVATEC;CURATIVO DUODERM HIDROCOLOIDE EXTRA FINO 4,4X3,8CM 20UN 1221491;;;;;;;;;;;;;;37.072;SIMPRO_VIG;2026-03-12;19;
SIMPRO;2026-04-12;material;0000265767;12;;CONVATEC;CURATIVO DUODERM HIDROCOLOIDE EXTRA FINO 7,5X7,5CM 20UN 1197975;;;;;;;;;;;;;;88.76;SIMPRO_VIG;2026-03-12;19;
SIMPRO;2026-04-12;material;0000096461;12;;CONVATEC;CURATIVO DUODERM SIGNAL CGF C/BORDA DELGADA 10X10CM;;;;;;;;;;;;;;70;SIMPRO_VIG;2015-04-16;19;
SIMPRO;2026-04-12;material;0000265731;12;;CONVATEC;CURATIVO DUODERM SIGNAL CGF C/BORDA DELGADA 10X10CM 05UN 1197954;;;;;;;;;;;;;;114.062;SIMPRO_VIG;2022-07-06;19;
SIMPRO;2026-04-12;material;0000096462;12;;CONVATEC;CURATIVO DUODERM SIGNAL CGF C/BORDA DELGADA 14X14CM;;;;;;;;;;;;;;178;SIMPRO_VIG;2015-04-16;19;
SIMPRO;2026-04-12;material;0000265732;12;;CONVATEC;CURATIVO DUODERM SIGNAL CGF C/BORDA DELGADA 14X14CM 05UN 1197955;;;;;;;;;;;;;;290.04;SIMPRO_VIG;2022-07-06;19;
SIMPRO;2026-04-12;material;0000096464;12;;CONVATEC;CURATIVO DUODERM SIGNAL CGF C/BORDA DELGADA 18,5X19,5CM;;;;;;;;;;;;;;230;SIMPRO_VIG;2015-04-16;19;
SIMPRO;2026-04-12;material;0000265733;12;;CONVATEC;CURATIVO DUODERM SIGNAL CGF C/BORDA DELGADA 18,5X19,5CM 05UN 1197957;;;;;;;;;;;;;;374.768;SIMPRO_VIG;2022-07-06;19;
SIMPRO;2026-04-12;material;0000265735;12;;CONVATEC;CURATIVO DUODERM SIGNAL CGF C/BORDA DELGADA 20,X22,5CM 05UN 1197958;;;;;;;;;;;;;;412.536;SIMPRO_VIG;2022-07-06;19;
SIMPRO;2026-04-12;material;0000096463;12;;CONVATEC;CURATIVO DUODERM SIGNAL CGF C/BORDA DELGADA 20X20CM;;;;;;;;;;;;;;226;SIMPRO_VIG;2015-04-16;19;
SIMPRO;2026-04-12;material;0000265734;12;;CONVATEC;CURATIVO DUODERM SIGNAL CGF C/BORDA DELGADA 20X20CM 05UN 1197956;;;;;;;;;;;;;;368.252;SIMPRO_VIG;2022-07-06;19;
SIMPRO;2026-04-12;material;0000096465;12;;CONVATEC;CURATIVO DUODERM SIGNAL CGF C/BORDA DELGADA 20X22,5CM;;;;;;;;;;;;;;258;SIMPRO_VIG;2015-04-16;19;
SIMPRO;2026-04-12;material;0000291128;12;;SMITH & NEPHEW;CURATIVO DURAFIBER AG FIBRA GELIFICANTE 02X45CM 05UNID.;;;;;;;;;;;;;;160;SIMPRO_VIG;2017-09-26;19;
SIMPRO;2026-04-12;material;0000291124;12;;SMITH & NEPHEW;CURATIVO DURAFIBER AG FIBRA GELIFICANTE 05X05CM 10UNID.;;;;;;;;;;;;;;176.221;SIMPRO_VIG;2024-05-08;19;
SIMPRO;2026-04-12;material;0000291125;12;;SMITH & NEPHEW;CURATIVO DURAFIBER AG FIBRA GELIFICANTE 10X10CM 10UNID.;;;;;;;;;;;;;;400.377;SIMPRO_VIG;2024-05-08;19;
SIMPRO;2026-04-12;material;0000291126;12;;SMITH & NEPHEW;CURATIVO DURAFIBER AG FIBRA GELIFICANTE 15X15CM 05UNID.;;;;;;;;;;;;;;1248.808;SIMPRO_VIG;2024-05-08;19;
SIMPRO;2026-04-12;material;0000291127;12;;SMITH & NEPHEW;CURATIVO DURAFIBER AG FIBRA GELIFICANTE 20X30CM 05UNID.;;;;;;;;;;;;;;648;SIMPRO_VIG;2017-09-26;19;
SIMPRO;2026-04-12;material;0000273749;12;;SMITH & NEPHEW;CURATIVO DURAFIBER FIBRA GELIFICANTE 02X45CM 5UNID.;;;;;;;;;;;;;;148;SIMPRO_VIG;2016-07-12;19;
SIMPRO;2026-04-12;material;0000273745;12;;SMITH & NEPHEW;CURATIVO DURAFIBER FIBRA GELIFICANTE 05X05CM 10UNID.;;;;;;;;;;;;;;111.194;SIMPRO_VIG;2024-05-08;19;
SIMPRO;2026-04-12;material;0000273746;12;;SMITH & NEPHEW;CURATIVO DURAFIBER FIBRA GELIFICANTE 10X10CM 10UNID.;;;;;;;;;;;;;;309.709;SIMPRO_VIG;2024-05-08;19;
SIMPRO;2026-04-12;material;0000273748;12;;SMITH & NEPHEW;CURATIVO DURAFIBER FIBRA GELIFICANTE 10X12CM 10UNID.;;;;;;;;;;;;;;122;SIMPRO_VIG;2016-07-12;19;
SIMPRO;2026-04-12;material;0000273747;12;;SMITH & NEPHEW;CURATIVO DURAFIBER FIBRA GELIFICANTE 15X15CM 05UNID.;;;;;;;;;;;;;;3347.19;SIMPRO_VIG;2024-05-08;19;
SIMPRO;2026-04-12;material;0000303321;12;;SMITH & NEPHEW;CURATIVO ELECT HYDRO HYDROCOLLOID BORDER DRESSING 05X5CM 10UNID.(EMB.IND.);;;;;;;;;;;;;;173.2;SIMPRO_VIG;2018-11-06;19;
SIMPRO;2026-04-12;material;0000303326;12;;SMITH & NEPHEW;CURATIVO ELECT HYDRO HYDROCOLLOID BORDER DRESSING 08X12CM 10UN;;;;;;;;;;;;;;332.747;SIMPRO_VIG;2024-05-08;19;
SIMPRO;2026-04-12;material;0000303329;12;;SMITH & NEPHEW;CURATIVO ELECT HYDRO HYDROCOLLOID BORDER DRESSING 10X10CM 10UN;;;;;;;;;;;;;;146.605;SIMPRO_VIG;2025-05-09;19;
SIMPRO;2026-04-12;material;0000303333;12;;SMITH & NEPHEW;CURATIVO ELECT HYDRO HYDROCOLLOID BORDER DRESSING 15X15CM 10UN;;;;;;;;;;;;;;338.69;SIMPRO_VIG;2025-05-09;19;
SIMPRO;2026-04-12;material;0000303385;12;;SMITH & NEPHEW;CURATIVO ELECT HYDRO HYDROCOLLOID BORDER DRESSING 20X20CM 10UN;;;;;;;;;;;;;;486;SIMPRO_VIG;2025-05-09;19;
SIMPRO;2026-04-12;material;0000303291;12;;SMITH & NEPHEW;CURATIVO ELECT HYDRO HYDROCOLLOID THIN DRESSING 05X5CM 20UNID.(EMB.IND.);;;;;;;;;;;;;;62.35;SIMPRO_VIG;2018-11-06;19;
SIMPRO;2026-04-12;material;0000303310;12;;SMITH & NEPHEW;CURATIVO ELECT HYDRO HYDROCOLLOID THIN DRESSING 10X10CM 10UN;;;;;;;;;;;;;;146.605;SIMPRO_VIG;2025-05-09;19;
SIMPRO;2026-04-12;material;0000303297;12;;SMITH & NEPHEW;CURATIVO ELECT HYDRO HYDROCOLLOID THIN DRESSING 15X15CM 10UN;;;;;;;;;;;;;;359.175;SIMPRO_VIG;2025-05-09;19;
SIMPRO;2026-04-12;material;0000303318;12;;SMITH & NEPHEW;CURATIVO ELECT HYDRO HYDROCOLLOID THIN DRESSING 20X20CM 10UN;;;;;;;;;;;;;;461.44;SIMPRO_VIG;2025-05-09;19;
SIMPRO;2026-04-12;material;0000303338;12;;SMITH & NEPHEW;CURATIVO ELECT IV PORTED 06X7CM 100UNID.(EMB.IND.);;;;;;;;;;;;;;82.101;SIMPRO_VIG;2024-05-08;19;
SIMPRO;2026-04-12;material;0000303351;12;;SMITH & NEPHEW;CURATIVO ELECT IV PORTED 07X8,5CM 50UNID.(EMB.IND.);;;;;;;;;;;;;;19.494;SIMPRO_VIG;2025-05-09;19;
SIMPRO;2026-04-12;material;0000303354;12;;SMITH & NEPHEW;CURATIVO ELECT IV PORTED 10X15,5CM 50UNID.(EMB.IND.);;;;;;;;;;;;;;40.98;SIMPRO_VIG;2025-05-09;19;
SIMPRO;2026-04-12;material;0000322453;12;;NEXGEEN BIOSOURCE;CURATIVO ENDOFORM ANTIMICROBIAL RESTORATIVE BIOSCAFFOLD HIGH FLOW 10X12,7CM 10UN;;;;;;;;;;;;;;1225.6;SIMPRO_VIG;2024-10-29;19;
SIMPRO;2026-04-12;material;0000322454;12;;NEXGEEN BIOSOURCE;CURATIVO ENDOFORM ANTIMICROBIAL RESTORATIVE BIOSCAFFOLD HIGH FLOW 5X5CM 10UN;;;;;;;;;;;;;;245.12;SIMPRO_VIG;2024-10-29;19;
SIMPRO;2026-04-12;material;0000322455;12;;NEXGEEN BIOSOURCE;CURATIVO ENDOFORM NATURAL RESTORATIVE BIOSCAFFOLD HIGH FLOW 10X12,7CM 10UN;;;;;;;;;;;;;;1195.8;SIMPRO_VIG;2024-10-29;19;
SIMPRO;2026-04-12;material;0000322456;12;;NEXGEEN BIOSOURCE;CURATIVO ENDOFORM NATURAL RESTORATIVE BIOSCAFFOLD HIGH FLOW 5X5CM 10UN;;;;;;;;;;;;;;239.16;SIMPRO_VIG;2024-10-29;19;
SIMPRO;2026-04-12;material;0000354767;12;;DANIALEX;CURATIVO ENDONASAL;;;;;;;;;;;;;;710;SIMPRO_VIG;2024-08-29;19;
SIMPRO;2026-04-12;material;0000354768;12;;DANIALEX;CURATIVO ENDONASAL C/CATETER;;;;;;;;;;;;;;960;SIMPRO_VIG;2024-08-29;19;
SIMPRO;2026-04-12;material;0000255455;12;;PAUL HARTMANN;CURATIVO ESPONJA ABSORV.90% COLAGENO/10% ALGINATO CALCIO DERMADRY CA++ 05X05CM;;;;;;;;;;;;;;315.73;SIMPRO_VIG;2021-03-03;19;
SIMPRO;2026-04-12;material;0000255454;12;;BACE;CURATIVO ESPONJA ABSORV.90% COLAGENO/10% ALGINATO CALCIO DERMADRY CA++ 10X10CM;;;;;;;;;;;;;;576.1;SIMPRO_VIG;2021-03-03;19;
SIMPRO;2026-04-12;material;0000268363;12;;PAUL HARTMANN;CURATIVO ESPONJA ABSORV.C/PRATA DERMADRY AG TP.I 100% COLAGENO 05X03X0,2CM TECNODRY;;;;;;;;;;;;;;342.9;SIMPRO_VIG;2021-03-03;19;
SIMPRO;2026-04-12;material;0000172140;12;;BACE;CURATIVO ESPONJA ABSORV.C/PRATA DERMADRY AG TP.I 100% COLAGENO 05X03X0,2CM TECNODRY 5UNID;;;;;;;;;;;;;;226.216;SIMPRO_VIG;2013-11-13;19;
SIMPRO;2026-04-12;material;0000268362;12;;PAUL HARTMANN;CURATIVO ESPONJA ABSORV.C/PRATA DERMADRY AG TP.I 100% COLAGENO 05X08X0,2CM TECNODRY;;;;;;;;;;;;;;720.1;SIMPRO_VIG;2021-03-03;19;
SIMPRO;2026-04-12;material;0000172141;12;;BACE;CURATIVO ESPONJA ABSORV.C/PRATA DERMADRY AG TP.I 100% COLAGENO 05X08X0,2CM TECNODRY 5UNID;;;;;;;;;;;;;;475.068;SIMPRO_VIG;2013-11-13;19;
SIMPRO;2026-04-12;material;0000268359;12;;PAUL HARTMANN;CURATIVO ESPONJA ABSORV.C/PRATA DERMADRY AG TP.I 100% COLAGENO 10X10X0,2CM TECNODRY;;;;;;;;;;;;;;916.48;SIMPRO_VIG;2021-03-03;19;
SIMPRO;2026-04-12;material;0000172142;12;;BACE;CURATIVO ESPONJA ABSORV.C/PRATA DERMADRY AG TP.I 100% COLAGENO 10X10X0,2CM TECNODRY 5UNID;;;;;;;;;;;;;;604.612;SIMPRO_VIG;2013-11-13;19;
SIMPRO;2026-04-12;material;0000276495;12;;PAUL HARTMANN;CURATIVO ESPONJA ABSORV.DERMADRY TP.I 100% COLAGENO 10X10X0,2CM TECNODRY;;;;;;;;;;;;;;796.97;SIMPRO_VIG;2021-03-03;19;
SIMPRO;2026-04-12;material;0000172139;12;;BACE;CURATIVO ESPONJA ABSORV.DERMADRY TP.I 100% COLAGENO 10X10X0,2CM TECNODRY 5UNID;;;;;;;;;;;;;;525.766;SIMPRO_VIG;2013-11-13;19;
SIMPRO;2026-04-12;material;0000268360;12;;PAUL HARTMANN;CURATIVO ESPONJA ABSORV.DERMADRY TP.I 100% COLAGENO 3X5X0,2CM TECNODRY;;;;;;;;;;;;;;297.8;SIMPRO_VIG;2021-03-03;19;
SIMPRO;2026-04-12;material;0000172137;12;;BACE;CURATIVO ESPONJA ABSORV.DERMADRY TP.I 100% COLAGENO 3X5X0,2CM TECNODRY 5UNID;;;;;;;;;;;;;;195.8;SIMPRO_VIG;2013-11-13;19;
SIMPRO;2026-04-12;material;0000268361;12;;PAUL HARTMANN;CURATIVO ESPONJA ABSORV.DERMADRY TP.I 100% COLAGENO 5X8X0,2CM TECNODRY;;;;;;;;;;;;;;626.2;SIMPRO_VIG;2021-03-03;19;
SIMPRO;2026-04-12;material;0000172138;12;;BACE;CURATIVO ESPONJA ABSORV.DERMADRY TP.I 100% COLAGENO 5X8X0,2CM TECNODRY 5UNID;;;;;;;;;;;;;;413.11;SIMPRO_VIG;2013-11-13;19;
SIMPRO;2026-04-12;material;0000323135;12;;POLAR FIX;CURATIVO ESPUMA ABSORVENTE 06X07CM EST.;;;;;;;;;;;;;;76.23;SIMPRO_VIG;2022-10-20;19;
SIMPRO;2026-04-12;material;0000323136;12;;POLAR FIX;CURATIVO ESPUMA ABSORVENTE 09X09CM EST.;;;;;;;;;;;;;;165.52;SIMPRO_VIG;2022-10-20;19;
SIMPRO;2026-04-12;material;0000335222;12;;POLAR FIX;CURATIVO ESPUMA ABSORVENTE 10X10CM EST.;;;;;;;;;;;;;;113.8;SIMPRO_VIG;2022-10-20;19;
SIMPRO;2026-04-12;material;0000335213;12;;POLAR FIX;CURATIVO ESPUMA ABSORVENTE 15X15CM EST.;;;;;;;;;;;;;;264;SIMPRO_VIG;2022-10-20;19;
SIMPRO;2026-04-12;material;0000347697;12;;POLAR FIX;CURATIVO ESPUMA ABSORVENTE 15X15CM EST.5UN;;;;;;;;;;;;;;81.8;SIMPRO_VIG;2023-10-20;19;
SIMPRO;2026-04-12;material;0000357613;12;;POLAR FIX;CURATIVO ESPUMA ABSORVENTE 20X20CM EST.20UN;;;;;;;;;;;;;;315.2;SIMPRO_VIG;2024-12-03;19;
SIMPRO;2026-04-12;material;0000335214;12;;POLAR FIX;CURATIVO ESPUMA ABSORVENTE 20X20CM EST.FP0090;;;;;;;;;;;;;;356.12;SIMPRO_VIG;2022-10-20;19;
SIMPRO;2026-04-12;material;0000336162;12;;MISSNER;CURATIVO ESPUMA ABSORVENTE C/BORDA 10X10CM;;;;;;;;;;;;;;116;SIMPRO_VIG;2022-11-11;19;
SIMPRO;2026-04-12;material;0000351975;12;;MISSNER;CURATIVO ESPUMA ABSORVENTE C/BORDAS M-TEC 15X15CM 5UNID;;;;;;;;;;;;;;53.97;SIMPRO_VIG;2024-04-30;19;
SIMPRO;2026-04-12;material;0000335225;12;;POLAR FIX;CURATIVO ESPUMA ABSORVENTE C/SILICONE 10,0X10,0CM EST.FP0096;;;;;;;;;;;;;;200.72;SIMPRO_VIG;2022-10-20;19;
SIMPRO;2026-04-12;material;0000335226;12;;POLAR FIX;CURATIVO ESPUMA ABSORVENTE C/SILICONE 10,0X10,0CM EST.FP0097;;;;;;;;;;;;;;247.8;SIMPRO_VIG;2022-10-20;19;
SIMPRO;2026-04-12;material;0000335229;12;;POLAR FIX;CURATIVO ESPUMA ABSORVENTE C/SILICONE 12,5X12,5CM EST.FP0134;;;;;;;;;;;;;;285.37;SIMPRO_VIG;2022-10-20;19;
SIMPRO;2026-04-12;material;0000335223;12;;POLAR FIX;CURATIVO ESPUMA ABSORVENTE C/SILICONE 15,0X15,0CM EST.FP0098;;;;;;;;;;;;;;234.3;SIMPRO_VIG;2022-10-20;19;
SIMPRO;2026-04-12;material;0000335228;12;;POLAR FIX;CURATIVO ESPUMA ABSORVENTE C/SILICONE 15,0X15,0CM EST.FP0123;;;;;;;;;;;;;;407.4;SIMPRO_VIG;2022-10-20;19;
SIMPRO;2026-04-12;material;0000332565;12;;POLAR FIX;CURATIVO ESPUMA ABSORVENTE C/SILICONE 17X17CM EST.FP0120;;;;;;;;;;;;;;616.08;SIMPRO_VIG;2022-10-20;19;
SIMPRO;2026-04-12;material;0000335227;12;;POLAR FIX;CURATIVO ESPUMA ABSORVENTE C/SILICONE 18,5X18,5CM EST.FP0100;;;;;;;;;;;;;;387.45;SIMPRO_VIG;2022-10-20;19;
SIMPRO;2026-04-12;material;0000335224;12;;POLAR FIX;CURATIVO ESPUMA ABSORVENTE C/SILICONE 20,0X20,0CM EST.FP0099;;;;;;;;;;;;;;371.7;SIMPRO_VIG;2022-10-20;19;
SIMPRO;2026-04-12;material;0000332566;12;;POLAR FIX;CURATIVO ESPUMA ABSORVENTE C/SILICONE 22X22CM EST.FP0121;;;;;;;;;;;;;;535.5;SIMPRO_VIG;2022-10-20;19;
SIMPRO;2026-04-12;material;0000364421;12;;POLAR FIX;CURATIVO ESPUMA ABSORVENTE EST.8X9CM TRAQUEOSTOMIA;;;;;;;;;;;;;;165.52;SIMPRO_VIG;2025-10-16;19;
SIMPRO;2026-04-12;material;0000351976;12;;MISSNER;CURATIVO ESPUMA ABSORVENTE P/TRAQUEOSTOMIA 8X9CM 10UNID;;;;;;;;;;;;;;33.81;SIMPRO_VIG;2024-04-30;19;
SIMPRO;2026-04-12;material;0000351973;12;;MISSNER;CURATIVO ESPUMA ABSORVENTE SILICONE C/BORDAS M-TEC 10X10CM 10UNID;;;;;;;;;;;;;;48.54;SIMPRO_VIG;2024-04-30;19;
SIMPRO;2026-04-12;material;0000336161;12;;MISSNER;CURATIVO ESPUMA ABSORVENTE SILICONE S/BORDA 10X10CM;;;;;;;;;;;;;;134.5;SIMPRO_VIG;2022-11-11;19;
SIMPRO;2026-04-12;material;0000351972;12;;MISSNER;CURATIVO ESPUMA ABSORVENTE SILICONE S/BORDAS M-TEC 10X10CM 10UNID;;;;;;;;;;;;;;55.8;SIMPRO_VIG;2024-04-30;19;
SIMPRO;2026-04-12;material;0000351974;12;;MISSNER;CURATIVO ESPUMA ABSORVENTE SILICONE S/BORDAS M-TEC 15X15CM 5UNID;;;;;;;;;;;;;;68.91;SIMPRO_VIG;2024-04-30;19;
SIMPRO;2026-04-12;material;0000351977;12;;MISSNER;CURATIVO ESPUMA ABSORVENTE SILICONE SACRAL C/BORDAS M-TEC 22X22CM 3UNID;;;;;;;;;;;;;;143.91;SIMPRO_VIG;2024-04-30;19;
SIMPRO;2026-04-12;material;0000095533;12;;COLOPLAST WOUND;CURATIVO ESPUMA ANTIBAC.C/PRATA ADESIVO BIATAIN AG 12,5X12,5CM;;;;;;;;;;;;;;274.28;SIMPRO_VIG;2023-11-24;19;
SIMPRO;2026-04-12;material;0000095534;12;;COLOPLAST WOUND;CURATIVO ESPUMA ANTIBAC.C/PRATA ADESIVO BIATAIN AG 18X18CM;;;;;;;;;;;;;;422.61;SIMPRO_VIG;2023-11-24;19;
SIMPRO;2026-04-12;material;0000115797;12;;COLOPLAST WOUND;CURATIVO ESPUMA ANTIBAC.C/PRATA CALCANEO ADESIVO BIATAIN AG 19X20CM;;;;;;;;;;;;;;373.71;SIMPRO_VIG;2023-11-24;19;
SIMPRO;2026-04-12;material;0000095530;12;;COLOPLAST WOUND;CURATIVO ESPUMA ANTIBAC.C/PRATA CAVIDADE N/ADESIVO BIATAIN AG 5X8CM;;;;;;;;;;;;;;136.95;SIMPRO_VIG;2023-11-24;19;
SIMPRO;2026-04-12;material;0000095531;12;;COLOPLAST WOUND;CURATIVO ESPUMA ANTIBAC.C/PRATA N/ADESIVO BIATAIN AG 10X10CM;;;;;;;;;;;;;;332.51;SIMPRO_VIG;2025-10-01;19;
SIMPRO;2026-04-12;material;0000095532;12;;COLOPLAST WOUND;CURATIVO ESPUMA ANTIBAC.C/PRATA N/ADESIVO BIATAIN AG 15X15CM;;;;;;;;;;;;;;461.95;SIMPRO_VIG;2025-10-01;19;
SIMPRO;2026-04-12;material;0000115796;12;;COLOPLAST WOUND;CURATIVO ESPUMA ANTIBAC.C/PRATA SACRAL ADESIVO BIATAIN AG 23X23CM;;;;;;;;;;;;;;440.21;SIMPRO_VIG;2023-11-24;19;
SIMPRO;2026-04-12;material;0000115795;12;;COLOPLAST;CURATIVO ESPUMA C/IBUPROFENO 20X22 BIATAIN-IBU 4120;;;;;;;;;;;;;;204.75;SIMPRO_VIG;2011-05-20;19;
SIMPRO;2026-04-12;material;0000115792;12;;COLOPLAST WOUND;CURATIVO ESPUMA C/IBUPROFENO N/ADESIVO BIATAIN IBU 10X10CM;;;;;;;;;;;;;;234.86;SIMPRO_VIG;2025-10-01;19;
SIMPRO;2026-04-12;material;0000115793;12;;COLOPLAST WOUND;CURATIVO ESPUMA C/IBUPROFENO N/ADESIVO BIATAIN IBU 10X20CM;;;;;;;;;;;;;;358.84;SIMPRO_VIG;2025-10-01;19;
SIMPRO;2026-04-12;material;0000115794;12;;COLOPLAST WOUND;CURATIVO ESPUMA C/IBUPROFENO N/ADESIVO BIATAIN IBU 15X15CM;;;;;;;;;;;;;;405.81;SIMPRO_VIG;2025-10-01;19;
SIMPRO;2026-04-12;material;0000324446;12;;E-INNOVATIO;CURATIVO ESPUMA C/INTERFACE ADESIVA SUAVE SILICONE OPTIFOAM GENTLE 10,2X10,2CM;;;;;;;;;;;;;;690;SIMPRO_VIG;2024-11-27;19;
SIMPRO;2026-04-12;material;0000324447;12;;E-INNOVATIO;CURATIVO ESPUMA C/INTERFACE ADESIVA SUAVE SILICONE OPTIFOAM GENTLE 15,2X15,2CM;;;;;;;;;;;;;;1260;SIMPRO_VIG;2024-11-27;19;
SIMPRO;2026-04-12;material;0000324449;12;;E-INNOVATIO;CURATIVO ESPUMA C/INTERFACE ADESIVA SUAVE SILICONE OPTIFOAM GENTLE 15X15CM;;;;;;;;;;;;;;1253.2;SIMPRO_VIG;2022-12-28;19;
SIMPRO;2026-04-12;material;0000324448;12;;E-INNOVATIO;CURATIVO ESPUMA C/INTERFACE ADESIVA SUAVE SILICONE OPTIFOAM GENTLE 20,3X20,3CM;;;;;;;;;;;;;;2050;SIMPRO_VIG;2024-11-27;19;
SIMPRO;2026-04-12;material;0000326668;12;;KORAL HOSPITALAR;CURATIVO ESPUMA C/SILICONE /PRATA ESPUMA GENTLE AG 10X20CM;;;;;;;;;;;;;;423.56;SIMPRO_VIG;2021-10-15;19;
SIMPRO;2026-04-12;material;0000326667;12;;KORAL HOSPITALAR;CURATIVO ESPUMA C/SILICONE /PRATA ESPUMA GENTLE AG 15X15CM;;;;;;;;;;;;;;476.5;SIMPRO_VIG;2021-10-15;19;
SIMPRO;2026-04-12;material;0000284919;12;;B.BRAUN;CURATIVO ESPUMA C/SILICONE ASKINA DRESSIL 10X10CM;;;;;;;;;;;;;;316.54;SIMPRO_VIG;2021-10-29;19;
SIMPRO;2026-04-12;material;0000284920;12;;B.BRAUN;CURATIVO ESPUMA C/SILICONE ASKINA DRESSIL 15X15CM;;;;;;;;;;;;;;387.4;SIMPRO_VIG;2021-10-29;19;
SIMPRO;2026-04-12;material;0000284916;12;;B.BRAUN;CURATIVO ESPUMA C/SILICONE ASKINA DRESSIL BORDER 10X10CM;;;;;;;;;;;;;;234.47;SIMPRO_VIG;2021-10-29;19;
SIMPRO;2026-04-12;material;0000284917;12;;B.BRAUN;CURATIVO ESPUMA C/SILICONE ASKINA DRESSIL BORDER 15X20CM;;;;;;;;;;;;;;367.69;SIMPRO_VIG;2021-10-29;19;
SIMPRO;2026-04-12;material;0000284918;12;;B.BRAUN;CURATIVO ESPUMA C/SILICONE ASKINA DRESSIL HEEL;;;;;;;;;;;;;;451.49;SIMPRO_VIG;2021-10-29;19;
SIMPRO;2026-04-12;material;0000326830;12;;B.BRAUN;CURATIVO ESPUMA C/SILICONE ASKINA DRESSIL SACRUM;;;;;;;;;;;;;;431.17;SIMPRO_VIG;2021-10-29;19;
SIMPRO;2026-04-12;material;0000254567;12;;COLOPLAST WOUND;CURATIVO ESPUMA C/SILICONE BIATAIN 07,5X7,5CM;;;;;;;;;;;;;;157.39;SIMPRO_VIG;2025-10-01;19;
SIMPRO;2026-04-12;material;0000254568;12;;COLOPLAST WOUND;CURATIVO ESPUMA C/SILICONE BIATAIN 10,0X10CM;;;;;;;;;;;;;;300.48;SIMPRO_VIG;2025-10-01;19;
SIMPRO;2026-04-12;material;0000254569;12;;COLOPLAST WOUND;CURATIVO ESPUMA C/SILICONE BIATAIN 12,5X12,5CM;;;;;;;;;;;;;;424.74;SIMPRO_VIG;2025-10-01;19;
SIMPRO;2026-04-12;material;0000254570;12;;COLOPLAST WOUND;CURATIVO ESPUMA C/SILICONE BIATAIN 15,0X15CM;;;;;;;;;;;;;;454.09;SIMPRO_VIG;2025-10-01;19;
SIMPRO;2026-04-12;material;0000254571;12;;COLOPLAST WOUND;CURATIVO ESPUMA C/SILICONE BIATAIN 17,5X17,5CM;;;;;;;;;;;;;;894;SIMPRO_VIG;2026-02-13;19;
SIMPRO;2026-04-12;material;0000254572;12;;COLOPLAST WOUND;CURATIVO ESPUMA C/SILICONE BIATAN LITE 07,5X7,5CM;;;;;;;;;;;;;;98.19;SIMPRO_VIG;2025-10-01;19;
SIMPRO;2026-04-12;material;0000254573;12;;COLOPLAST WOUND;CURATIVO ESPUMA C/SILICONE BIATAN LITE 10,0X10CM;;;;;;;;;;;;;;113.25;SIMPRO_VIG;2025-10-01;19;
SIMPRO;2026-04-12;material;0000254574;12;;COLOPLAST WOUND;CURATIVO ESPUMA C/SILICONE BIATAN LITE 12,5X12,5CM;;;;;;;;;;;;;;184.45;SIMPRO_VIG;2025-10-01;19;
SIMPRO;2026-04-12;material;0000357573;12;;KORAL;CURATIVO ESPUMA C/SILICONE C/BORDA ADESIVA ESPUMA GENTLE 10X10CM;;;;;;;;;;;;;;155.78;SIMPRO_VIG;2024-12-03;19;
SIMPRO;2026-04-12;material;0000357574;12;;KORAL;CURATIVO ESPUMA C/SILICONE C/BORDA ADESIVA ESPUMA GENTLE 15X15CM;;;;;;;;;;;;;;327.11;SIMPRO_VIG;2024-12-03;19;
SIMPRO;2026-04-12;material;0000326661;12;;KORAL HOSPITALAR;CURATIVO ESPUMA C/SILICONE ESPUMA GENTLE 10X10CM;;;;;;;;;;;;;;178.72;SIMPRO_VIG;2021-10-15;19;
SIMPRO;2026-04-12;material;0000326662;12;;KORAL HOSPITALAR;CURATIVO ESPUMA C/SILICONE ESPUMA GENTLE 10X20CM;;;;;;;;;;;;;;230.12;SIMPRO_VIG;2021-10-15;19;
SIMPRO;2026-04-12;material;0000326663;12;;KORAL HOSPITALAR;CURATIVO ESPUMA C/SILICONE ESPUMA GENTLE 15X15CM;;;;;;;;;;;;;;270.34;SIMPRO_VIG;2021-10-15;19;
SIMPRO;2026-04-12;material;0000326664;12;;KORAL HOSPITALAR;CURATIVO ESPUMA C/SILICONE ESPUMA GENTLE 15X20CM;;;;;;;;;;;;;;275.24;SIMPRO_VIG;2021-10-15;19;
SIMPRO;2026-04-12;material;0000326665;12;;KORAL HOSPITALAR;CURATIVO ESPUMA C/SILICONE ESPUMA GENTLE CONCAVE 16,5X18CM;;;;;;;;;;;;;;275.28;SIMPRO_VIG;2021-10-15;19;
SIMPRO;2026-04-12;material;0000357572;12;;KORAL;CURATIVO ESPUMA C/SILICONE/PRATA C/BORDA ADESIVA ESPUMA GENTLE AG 10X10CM;;;;;;;;;;;;;;376.02;SIMPRO_VIG;2024-12-03;19;
SIMPRO;2026-04-12;material;0000357571;12;;KORAL;CURATIVO ESPUMA C/SILICONE/PRATA C/BORDA ADESIVA ESPUMA GENTLE AG 15X15CM;;;;;;;;;;;;;;179.24;SIMPRO_VIG;2024-12-03;19;
SIMPRO;2026-04-12;material;0000326669;12;;KORAL HOSPITALAR;CURATIVO ESPUMA C/SILICONE/PRATA C/BORDA ADESIVA ESPUMA GENTLE AG 16,5X18CM;;;;;;;;;;;;;;564.1;SIMPRO_VIG;2021-10-15;19;
SIMPRO;2026-04-12;material;0000326670;12;;KORAL HOSPITALAR;CURATIVO ESPUMA C/SILICONE/PRATA C/BORDA ADESIVA ESPUMA GENTLE AG 22X22CM;;;;;;;;;;;;;;570.22;SIMPRO_VIG;2021-10-15;19;
SIMPRO;2026-04-12;material;0000326666;12;;KORAL HOSPITALAR;CURATIVO ESPUMA C/SILICONE/PRATA ESPUMA GENTLE AG 10X10CM;;;;;;;;;;;;;;211.78;SIMPRO_VIG;2021-10-15;19;
SIMPRO;2026-04-12;material;0000258777;12;;MOLNLYCKE;CURATIVO ESPUMA FINA POLIURETANO BORDAS C/SILICONE MEPILEX BORDER LITE 04X05CM;;;;;;;;;;;;;;39.08;SIMPRO_VIG;2019-03-12;19;
SIMPRO;2026-04-12;material;0000258778;12;;MOLNLYCKE;CURATIVO ESPUMA FINA POLIURETANO BORDAS C/SILICONE MEPILEX BORDER LITE 05X12,5CM;;;;;;;;;;;;;;47.08;SIMPRO_VIG;2019-03-12;19;
SIMPRO;2026-04-12;material;0000258779;12;;MOLNLYCKE;CURATIVO ESPUMA FINA POLIURETANO BORDAS C/SILICONE MEPILEX BORDER LITE 07,5X07,5CM;;;;;;;;;;;;;;53.32;SIMPRO_VIG;2019-03-12;19;
SIMPRO;2026-04-12;material;0000258780;12;;MOLNLYCKE;CURATIVO ESPUMA FINA POLIURETANO BORDAS C/SILICONE MEPILEX BORDER LITE 10X10CM;;;;;;;;;;;;;;72.67;SIMPRO_VIG;2019-03-12;19;
SIMPRO;2026-04-12;material;0000258781;12;;MOLNLYCKE;CURATIVO ESPUMA FINA POLIURETANO BORDAS C/SILICONE MEPILEX BORDER LITE 15X15CM;;;;;;;;;;;;;;124.56;SIMPRO_VIG;2019-03-12;19;
SIMPRO;2026-04-12;material;0000343739;12;;MOLNLYCKE;CURATIVO ESPUMA FINA POLIURETANO BORDAS SILIC. MEPILEX BORDER FLEX LITE 10X10CM MHC;;;;;;;;;;;;;;186.45;SIMPRO_VIG;2026-03-10;19;
SIMPRO;2026-04-12;material;0000343740;12;;MOLNLYCKE;CURATIVO ESPUMA FINA POLIURETANO BORDAS SILIC. MEPILEX BORDER FLEX LITE 15X15CM MHC;;;;;;;;;;;;;;344.22;SIMPRO_VIG;2026-03-10;19;
SIMPRO;2026-04-12;material;0000343737;12;;MOLNLYCKE;CURATIVO ESPUMA FINA POLIURETANO BORDAS SILIC. MEPILEX BORDER FLEX LITE 4X5CM MHC;;;;;;;;;;;;;;65.74;SIMPRO_VIG;2024-09-10;19;
SIMPRO;2026-04-12;material;0000343738;12;;MOLNLYCKE;CURATIVO ESPUMA FINA POLIURETANO BORDAS SILIC. MEPILEX BORDER FLEX LITE 7,5X7,5CM MHC;;;;;;;;;;;;;;146.06;SIMPRO_VIG;2026-03-10;19;
SIMPRO;2026-04-12;material;0000343736;12;;MOLNLYCKE;CURATIVO ESPUMA FINA POLIURETANO BORDAS SILICONE MEPILEX BORDER FLEX LITE 5X12,5CM MHC;;;;;;;;;;;;;;155.97;SIMPRO_VIG;2026-03-10;19;
SIMPRO;2026-04-12;material;0000321615;12;;MOLNLYCKE;CURATIVO ESPUMA FINA POLIURETANO C/CAMADA SILIC. MEPILEX LITE 06X8,5CM MHC;;;;;;;;;;;;;;69.32;SIMPRO_VIG;2024-09-10;19;
SIMPRO;2026-04-12;material;0000321616;12;;MOLNLYCKE;CURATIVO ESPUMA FINA POLIURETANO C/CAMADA SILIC. MEPILEX LITE 10X10CM MHC;;;;;;;;;;;;;;121.91;SIMPRO_VIG;2024-09-10;19;
SIMPRO;2026-04-12;material;0000332158;12;;MOLNLYCKE;CURATIVO ESPUMA FINA POLIURETANO C/CAMADA SILIC. MEPILEX LITE 10X10CM MHC;;;;;;;;;;;;;;121.91;SIMPRO_VIG;2024-09-10;19;
SIMPRO;2026-04-12;material;0000321617;12;;MOLNLYCKE;CURATIVO ESPUMA FINA POLIURETANO C/CAMADA SILIC. MEPILEX LITE 15X15CM MHC;;;;;;;;;;;;;;236.65;SIMPRO_VIG;2024-09-10;19;
SIMPRO;2026-04-12;material;0000332159;12;;MOLNLYCKE;CURATIVO ESPUMA FINA POLIURETANO C/CAMADA SILIC. MEPILEX LITE 15X15CM MHC;;;;;;;;;;;;;;236.65;SIMPRO_VIG;2024-09-10;19;
SIMPRO;2026-04-12;material;0000321618;12;;MOLNLYCKE;CURATIVO ESPUMA FINA POLIURETANO C/CAMADA SILIC. MEPILEX LITE 20X50CM MHC;;;;;;;;;;;;;;678.32;SIMPRO_VIG;2024-09-10;19;
SIMPRO;2026-04-12;material;0000332160;12;;MOLNLYCKE;CURATIVO ESPUMA FINA POLIURETANO C/CAMADA SILIC. MEPILEX LITE 20X50CM MHC;;;;;;;;;;;;;;678.32;SIMPRO_VIG;2024-09-10;19;
SIMPRO;2026-04-12;material;0000258758;12;;MOLNLYCKE;CURATIVO ESPUMA FINA POLIURETANO C/CAMADA SILICONE MEPILEX LITE 06X8,5CM;;;;;;;;;;;;;;54.7;SIMPRO_VIG;2019-03-12;19;
SIMPRO;2026-04-12;material;0000258759;12;;MOLNLYCKE;CURATIVO ESPUMA FINA POLIURETANO C/CAMADA SILICONE MEPILEX LITE 10X10CM;;;;;;;;;;;;;;78.34;SIMPRO_VIG;2019-03-12;19;
SIMPRO;2026-04-12;material;0000258760;12;;MOLNLYCKE;CURATIVO ESPUMA FINA POLIURETANO C/CAMADA SILICONE MEPILEX LITE 15X15CM;;;;;;;;;;;;;;152.09;SIMPRO_VIG;2019-03-12;19;
SIMPRO;2026-04-12;material;0000258761;12;;MOLNLYCKE;CURATIVO ESPUMA FINA POLIURETANO C/CAMADA SILICONE MEPILEX LITE 20X50CM;;;;;;;;;;;;;;567.54;SIMPRO_VIG;2019-03-12;19;
SIMPRO;2026-04-12;material;0000265737;12;;CONVATEC;CURATIVO ESPUMA GELIFICANTE ADESIVO 10,0X10,0CM VERSIVA XC 10UNID;;;;;;;;;;;;;;84.7;SIMPRO_VIG;2016-04-26;19;
SIMPRO;2026-04-12;material;0000150839;12;;CONVATEC;CURATIVO ESPUMA GELIFICANTE ADESIVO 10X10CM VERSIVA XC;;;;;;;;;;;;;;77;SIMPRO_VIG;2015-04-16;19;
SIMPRO;2026-04-12;material;0000265738;12;;CONVATEC;CURATIVO ESPUMA GELIFICANTE ADESIVO 14,0X14,0CM VERSIVA XC 10UNID;;;;;;;;;;;;;;138.6;SIMPRO_VIG;2016-04-26;19;
SIMPRO;2026-04-12;material;0000150840;12;;CONVATEC;CURATIVO ESPUMA GELIFICANTE ADESIVO 14X14CM VERSIVA XC;;;;;;;;;;;;;;126;SIMPRO_VIG;2015-04-16;19;
SIMPRO;2026-04-12;material;0000150842;12;;CONVATEC;CURATIVO ESPUMA GELIFICANTE ADESIVO 18,5X20,5CM VERSIVA XC;;;;;;;;;;;;;;278;SIMPRO_VIG;2015-04-16;19;
SIMPRO;2026-04-12;material;0000265740;12;;CONVATEC;CURATIVO ESPUMA GELIFICANTE ADESIVO 18,5X20,5CM VERSIVA XC 05UNID;;;;;;;;;;;;;;305.8;SIMPRO_VIG;2016-04-26;19;
SIMPRO;2026-04-12;material;0000265741;12;;CONVATEC;CURATIVO ESPUMA GELIFICANTE ADESIVO 19,0X19,0CM VERSIVA XC 05UNID;;;;;;;;;;;;;;310.2;SIMPRO_VIG;2016-04-26;19;
SIMPRO;2026-04-12;material;0000150841;12;;CONVATEC;CURATIVO ESPUMA GELIFICANTE ADESIVO 19X19CM VERSIVA XC;;;;;;;;;;;;;;282;SIMPRO_VIG;2015-04-16;19;
SIMPRO;2026-04-12;material;0000265742;12;;CONVATEC;CURATIVO ESPUMA GELIFICANTE ADESIVO 21,0X25,0CM(SACRAL)VERSIVA XC 05UNID;;;;;;;;;;;;;;358.6;SIMPRO_VIG;2016-04-26;19;
SIMPRO;2026-04-12;material;0000150843;12;;CONVATEC;CURATIVO ESPUMA GELIFICANTE ADESIVO 21X25CM(SACRAL)VERSIVA XC;;;;;;;;;;;;;;326;SIMPRO_VIG;2015-04-16;19;
SIMPRO;2026-04-12;material;0000038928;12;;SOLVENTUM;CURATIVO ESPUMA HIDROPOLIMERO TIELLE 07X09CM 10UN;;;;;;;;;;;;;;60.835;SIMPRO_VIG;2021-04-01;19;
SIMPRO;2026-04-12;material;0000028098;12;;SOLVENTUM;CURATIVO ESPUMA HIDROPOLIMERO TIELLE 11X11CM 10UN;;;;;;;;;;;;;;192.791;SIMPRO_VIG;2021-04-01;19;
SIMPRO;2026-04-12;material;0000038837;12;;SOLVENTUM;CURATIVO ESPUMA HIDROPOLIMERO TIELLE 15X15CM 10UN;;;;;;;;;;;;;;183.61;SIMPRO_VIG;2016-01-19;19;
SIMPRO;2026-04-12;material;0000028099;12;;SOLVENTUM;CURATIVO ESPUMA HIDROPOLIMERO TIELLE 15X20CM 05UN;;;;;;;;;;;;;;247.99;SIMPRO_VIG;2021-04-01;19;
SIMPRO;2026-04-12;material;0000028100;12;;SOLVENTUM;CURATIVO ESPUMA HIDROPOLIMERO TIELLE 18X18CM 05UN;;;;;;;;;;;;;;253.528;SIMPRO_VIG;2015-09-03;19;
SIMPRO;2026-04-12;material;0000038838;12;;SOLVENTUM;CURATIVO ESPUMA HIDROPOLIMERO TIELLE PLUS 11X11CM 10UN;;;;;;;;;;;;;;108.142;SIMPRO_VIG;2021-04-01;19;
SIMPRO;2026-04-12;material;0000038840;12;;SOLVENTUM;CURATIVO ESPUMA HIDROPOLIMERO TIELLE PLUS 15X15CM 10UN;;;;;;;;;;;;;;211.55;SIMPRO_VIG;2021-04-01;19;
SIMPRO;2026-04-12;material;0000038839;12;;SOLVENTUM;CURATIVO ESPUMA HIDROPOLIMERO TIELLE PLUS 15X20CM 05UN;;;;;;;;;;;;;;253.57;SIMPRO_VIG;2015-09-03;19;
SIMPRO;2026-04-12;material;0000028101;12;;SOLVENTUM;CURATIVO ESPUMA HIDROPOLIMERO TIELLE SACRAL 18X18CM 05UN;;;;;;;;;;;;;;226.592;SIMPRO_VIG;2021-04-01;19;
SIMPRO;2026-04-12;material;0000150742;12;;KCI BRASIL;CURATIVO ESPUMA HIDROPOLIMERO TIELLE XTRA 11X11CM 10UNID;;;;;;;;;;;;;;113.4;SIMPRO_VIG;2015-09-03;19;
SIMPRO;2026-04-12;material;0000150744;12;;KCI BRASIL;CURATIVO ESPUMA HIDROPOLIMERO TIELLE XTRA 15X15CM 10UNID;;;;;;;;;;;;;;278.518;SIMPRO_VIG;2015-09-03;19;
SIMPRO;2026-04-12;material;0000150743;12;;KCI BRASIL;CURATIVO ESPUMA HIDROPOLIMERO TIELLE XTRA 15X20CM 5UNID;;;;;;;;;;;;;;392.186;SIMPRO_VIG;2015-09-03;19;
SIMPRO;2026-04-12;material;0000324451;12;;E-INNOVATIO;CURATIVO ESPUMA LITE BORDA ADES.SILIC. OPTIFOAM GENTLE LITE 10,2X10,2CM;;;;;;;;;;;;;;1192.74;SIMPRO_VIG;2022-12-28;19;
SIMPRO;2026-04-12;material;0000324452;12;;E-INNOVATIO;CURATIVO ESPUMA LITE BORDA ADES.SILIC. OPTIFOAM GENTLE LITE 15,2X15,2CM;;;;;;;;;;;;;;2022.71;SIMPRO_VIG;2022-12-28;19;
SIMPRO;2026-04-12;material;0000324450;12;;E-INNOVATIO;CURATIVO ESPUMA LITE C/BORDA ADES. SILIC. OPTIFOAM GENTLE LITE 4X5CM;;;;;;;;;;;;;;714.54;SIMPRO_VIG;2022-12-28;19;
SIMPRO;2026-04-12;material;0000324454;12;;E-INNOVATIO;CURATIVO ESPUMA LITE C/BORDA ADES. SILIC. OPTIFOAM GENTLE LITE 7,6X7,6CM;;;;;;;;;;;;;;829.97;SIMPRO_VIG;2022-12-28;19;
SIMPRO;2026-04-12;material;0000306133;12;;MOLNLYCKE;CURATIVO ESPUMA MULTICAMADAS C/SILICONE FLEX. MEPILEX BORDER FLEX 15X15CM;;;;;;;;;;;;;;678.01;SIMPRO_VIG;2026-03-10;19;
SIMPRO;2026-04-12;material;0000306134;12;;MOLNLYCKE;CURATIVO ESPUMA MULTICAMADAS C/SILICONE FLEX. MEPILEX BORDER FLEX 15X20CM;;;;;;;;;;;;;;664.07;SIMPRO_VIG;2024-10-02;19;
SIMPRO;2026-04-12;material;0000306132;12;;MOLNLYCKE;CURATIVO ESPUMA MULTICAMADAS C/SILICONE FLEX.MEPILEX BORDER FLEX 10X10CM;;;;;;;;;;;;;;334.74;SIMPRO_VIG;2026-03-10;19;
SIMPRO;2026-04-12;material;0000306135;12;;MOLNLYCKE;CURATIVO ESPUMA MULTICAMADAS C/SILICONE FLEX.MEPILEX BORDER FLEX 12,5X12,5CM;;;;;;;;;;;;;;505.46;SIMPRO_VIG;2026-03-10;19;
SIMPRO;2026-04-12;material;0000258769;12;;MOLNLYCKE;CURATIVO ESPUMA MULTICAMADAS C/SILICONE MEPILEX BORDER 07,5X07,5CM;;;;;;;;;;;;;;94.43;SIMPRO_VIG;2019-03-12;19;
SIMPRO;2026-04-12;material;0000258770;12;;MOLNLYCKE;CURATIVO ESPUMA MULTICAMADAS C/SILICONE MEPILEX BORDER 10X10CM;;;;;;;;;;;;;;187.43;SIMPRO_VIG;2019-03-12;19;
SIMPRO;2026-04-12;material;0000258773;12;;MOLNLYCKE;CURATIVO ESPUMA MULTICAMADAS C/SILICONE MEPILEX BORDER 10X20CM;;;;;;;;;;;;;;217.44;SIMPRO_VIG;2019-03-12;19;
SIMPRO;2026-04-12;material;0000258774;12;;MOLNLYCKE;CURATIVO ESPUMA MULTICAMADAS C/SILICONE MEPILEX BORDER 10X30CM;;;;;;;;;;;;;;260.94;SIMPRO_VIG;2019-03-12;19;
SIMPRO;2026-04-12;material;0000258771;12;;MOLNLYCKE;CURATIVO ESPUMA MULTICAMADAS C/SILICONE MEPILEX BORDER 15X15CM;;;;;;;;;;;;;;275.63;SIMPRO_VIG;2019-03-12;19;
SIMPRO;2026-04-12;material;0000258772;12;;MOLNLYCKE;CURATIVO ESPUMA MULTICAMADAS C/SILICONE MEPILEX BORDER 15X20CM;;;;;;;;;;;;;;327.6;SIMPRO_VIG;2019-03-12;19;
SIMPRO;2026-04-12;material;0000266905;12;;MOLNLYCKE;CURATIVO ESPUMA MULTICAMADAS C/SILICONE MEPILEX BORDER FLEX 13,0X16CM;;;;;;;;;;;;;;178.58;SIMPRO_VIG;2018-01-31;19;
SIMPRO;2026-04-12;material;0000266907;12;;MOLNLYCKE;CURATIVO ESPUMA MULTICAMADAS C/SILICONE MEPILEX BORDER FLEX 15,0X19CM;;;;;;;;;;;;;;244.69;SIMPRO_VIG;2018-01-31;19;
SIMPRO;2026-04-12;material;0000266903;12;;MOLNLYCKE;CURATIVO ESPUMA MULTICAMADAS C/SILICONE MEPILEX BORDER HEEL 18,5X24CM;;;;;;;;;;;;;;571.1;SIMPRO_VIG;2019-03-12;19;
SIMPRO;2026-04-12;material;0000299095;12;;MOLNLYCKE;CURATIVO ESPUMA MULTICAMADAS C/SILICONE MEPILEX BORDER POST-OP 06X08CM;;;;;;;;;;;;;;50.41;SIMPRO_VIG;2024-09-10;19;
SIMPRO;2026-04-12;material;0000299096;12;;MOLNLYCKE;CURATIVO ESPUMA MULTICAMADAS C/SILICONE MEPILEX BORDER POST-OP 09X10CM;;;;;;;;;;;;;;79.96;SIMPRO_VIG;2026-03-10;19;
SIMPRO;2026-04-12;material;0000299097;12;;MOLNLYCKE;CURATIVO ESPUMA MULTICAMADAS C/SILICONE MEPILEX BORDER POST-OP 10X15CM;;;;;;;;;;;;;;112.7;SIMPRO_VIG;2026-03-10;19;
SIMPRO;2026-04-12;material;0000299098;12;;MOLNLYCKE;CURATIVO ESPUMA MULTICAMADAS C/SILICONE MEPILEX BORDER POST-OP 10X20CM;;;;;;;;;;;;;;125.24;SIMPRO_VIG;2024-09-10;19;
SIMPRO;2026-04-12;material;0000299099;12;;MOLNLYCKE;CURATIVO ESPUMA MULTICAMADAS C/SILICONE MEPILEX BORDER POST-OP 10X25CM;;;;;;;;;;;;;;156.54;SIMPRO_VIG;2024-09-10;19;
SIMPRO;2026-04-12;material;0000299100;12;;MOLNLYCKE;CURATIVO ESPUMA MULTICAMADAS C/SILICONE MEPILEX BORDER POST-OP 10X30CM;;;;;;;;;;;;;;187.83;SIMPRO_VIG;2024-09-10;19;
SIMPRO;2026-04-12;material;0000299101;12;;MOLNLYCKE;CURATIVO ESPUMA MULTICAMADAS C/SILICONE MEPILEX BORDER POST-OP 10X35CM;;;;;;;;;;;;;;219.15;SIMPRO_VIG;2024-09-10;19;
SIMPRO;2026-04-12;material;0000258775;12;;MOLNLYCKE;CURATIVO ESPUMA MULTICAMADAS C/SILICONE SACRAL MEPILEX BORDER SACRUM 18X18CM;;;;;;;;;;;;;;254.18;SIMPRO_VIG;2019-03-12;19;
SIMPRO;2026-04-12;material;0000258776;12;;MOLNLYCKE;CURATIVO ESPUMA MULTICAMADAS C/SILICONE SACRAL MEPILEX BORDER SACRUM 23X23CM;;;;;;;;;;;;;;410.36;SIMPRO_VIG;2019-03-12;19;
SIMPRO;2026-04-12;material;0000163774;12;;COLOPLAST WOUND;CURATIVO ESPUMA N/ADESIVO BIATAIN 10X10CM;;;;;;;;;;;;;;160.39;SIMPRO_VIG;2025-10-01;19;
SIMPRO;2026-04-12;material;0000167175;12;;COLOPLAST WOUND;CURATIVO ESPUMA N/ADESIVO BIATAIN 10X20CM;;;;;;;;;;;;;;198.71;SIMPRO_VIG;2025-10-01;19;
SIMPRO;2026-04-12;material;0000163775;12;;COLOPLAST WOUND;CURATIVO ESPUMA N/ADESIVO BIATAIN 15X15CM;;;;;;;;;;;;;;294.52;SIMPRO_VIG;2025-10-01;19;
SIMPRO;2026-04-12;material;0000163776;12;;COLOPLAST WOUND;CURATIVO ESPUMA N/ADESIVO C/CAVIDADE BIATAIN 5X8CM;;;;;;;;;;;;;;86.88;SIMPRO_VIG;2022-10-21;19;
SIMPRO;2026-04-12;material;0000332130;12;;GOLDMED IMPORT;CURATIVO ESPUMA NON ADHESIVE TRAQUEO 6,5X6,5CM;;;;;;;;;;;;;;49.89;SIMPRO_VIG;2022-05-11;19;
SIMPRO;2026-04-12;material;0000332129;12;;GOLDMED IMPORT;CURATIVO ESPUMA NON ADHESIVE TRAQUEO 8X9CM;;;;;;;;;;;;;;53.5;SIMPRO_VIG;2022-05-11;19;
SIMPRO;2026-04-12;material;0000299052;12;;SANOVIE;CURATIVO ESPUMA P/CALCANHAR ADVAZORB HEEL 17X21CM 5UNID.(EMB.INDIV.);;;;;;;;;;;;;;112;SIMPRO_VIG;2018-06-12;19;
SIMPRO;2026-04-12;material;0000169325;12;;AB MED HOSPITALAR;CURATIVO ESPUMA POLIURET.PHARMAFOAM COMFORT SILVER 100X100MM PRATA/CARVAO ATIVADO;;;;;;;;;;;;;;44;SIMPRO_VIG;2012-07-18;19;
SIMPRO;2026-04-12;material;0000169326;12;;AB MED HOSPITALAR;CURATIVO ESPUMA POLIURET.PHARMAFOAM COMFORT SILVER 100X200MM PRATA/CARVAO ATIVADO;;;;;;;;;;;;;;82;SIMPRO_VIG;2012-07-18;19;
SIMPRO;2026-04-12;material;0000169327;12;;AB MED HOSPITALAR;CURATIVO ESPUMA POLIURET.PHARMAFOAM COMFORT SILVER 150X150MM PRATA/CARVAO ATIVADO;;;;;;;;;;;;;;89.5;SIMPRO_VIG;2012-07-18;19;
SIMPRO;2026-04-12;material;0000169328;12;;AB MED HOSPITALAR;CURATIVO ESPUMA POLIURET.PHARMAFOAM COMFORT SILVER 200X200MM PRATA/CARVAO ATIVADO;;;;;;;;;;;;;;91.7;SIMPRO_VIG;2012-07-18;19;
SIMPRO;2026-04-12;material;0000319930;12;;SANOVIE;CURATIVO ESPUMA POLIURETANO C/CAM.SILIC.ADVAZORB S.BORDER SACRAL 17X19CM 10UN;;;;;;;;;;;;;;390;SIMPRO_VIG;2020-12-16;19;
SIMPRO;2026-04-12;material;0000319931;12;;SANOVIE;CURATIVO ESPUMA POLIURETANO C/CAM.SILIC.ADVAZORB S.BORDER SACRAL 22X23CM 10UN;;;;;;;;;;;;;;430;SIMPRO_VIG;2020-12-16;19;
SIMPRO;2026-04-12;material;0000299044;12;;SANOVIE;CURATIVO ESPUMA POLIURETANO C/CAM.SILIC.ADVAZORB SILFLIX 15,0X15,0CM 10UNID.(EMB.INDIV.);;;;;;;;;;;;;;71.68;SIMPRO_VIG;2018-06-12;19;
SIMPRO;2026-04-12;material;0000299046;12;;SANOVIE;CURATIVO ESPUMA POLIURETANO C/CAM.SILIC.ADVAZORB SILFLIX LITE 07,5X07,5CM 10UNID(EMB.INDIV.);;;;;;;;;;;;;;30.12;SIMPRO_VIG;2018-06-12;19;
SIMPRO;2026-04-12;material;0000299047;12;;SANOVIE;CURATIVO ESPUMA POLIURETANO C/CAM.SILIC.ADVAZORB SILFLIX LITE 10,0X10,0CM 10UNID(EMB.INDIV.);;;;;;;;;;;;;;58.1;SIMPRO_VIG;2018-06-12;19;
SIMPRO;2026-04-12;material;0000299048;12;;SANOVIE;CURATIVO ESPUMA POLIURETANO C/CAM.SILIC.ADVAZORB SILFLIX LITE 10,0X20,0CM 10UNID(EMB.INDIV.);;;;;;;;;;;;;;62.78;SIMPRO_VIG;2018-06-12;19;
SIMPRO;2026-04-12;material;0000299049;12;;SANOVIE;CURATIVO ESPUMA POLIURETANO C/CAM.SILIC.ADVAZORB SILFLIX LITE 12,5X12,5CM 10UNID(EMB.INDIV.);;;;;;;;;;;;;;45.8;SIMPRO_VIG;2018-06-12;19;
SIMPRO;2026-04-12;material;0000299050;12;;SANOVIE;CURATIVO ESPUMA POLIURETANO C/CAM.SILIC.ADVAZORB SILFLIX LITE 15,0X15,0CM 10UNID(EMB.INDIV.);;;;;;;;;;;;;;64.88;SIMPRO_VIG;2018-06-12;19;
SIMPRO;2026-04-12;material;0000299051;12;;SANOVIE;CURATIVO ESPUMA POLIURETANO C/CAM.SILIC.ADVAZORB SILFLIX LITE 20,0X20,0CM 10UNID(EMB.INDIV.);;;;;;;;;;;;;;79.72;SIMPRO_VIG;2018-06-12;19;
SIMPRO;2026-04-12;material;0000299040;12;;SANOVIE;CURATIVO ESPUMA POLIURETANO C/CAMADA SILIC.ADVAZORB SILFLIX 07,5X07,5CM 10UNID.(EMB.INDIV.);;;;;;;;;;;;;;31.12;SIMPRO_VIG;2018-06-12;19;
SIMPRO;2026-04-12;material;0000299041;12;;SANOVIE;CURATIVO ESPUMA POLIURETANO C/CAMADA SILIC.ADVAZORB SILFLIX 10,0X10,0CM 10UNID.(EMB.INDIV.);;;;;;;;;;;;;;41.64;SIMPRO_VIG;2018-06-12;19;
SIMPRO;2026-04-12;material;0000299042;12;;SANOVIE;CURATIVO ESPUMA POLIURETANO C/CAMADA SILIC.ADVAZORB SILFLIX 10,0X20,0CM 10UNID.(EMB.INDIV.);;;;;;;;;;;;;;69.12;SIMPRO_VIG;2018-06-12;19;
SIMPRO;2026-04-12;material;0000299043;12;;SANOVIE;CURATIVO ESPUMA POLIURETANO C/CAMADA SILIC.ADVAZORB SILFLIX 12,5X12,5CM 10UNID.(EMB.INDIV.);;;;;;;;;;;;;;57.4;SIMPRO_VIG;2018-06-12;19;
SIMPRO;2026-04-12;material;0000299045;12;;SANOVIE;CURATIVO ESPUMA POLIURETANO C/CAMADA SILIC.ADVAZORB SILFLIX 20,0X20,0CM 10UNID.(EMB.INDIV.);;;;;;;;;;;;;;119.26;SIMPRO_VIG;2018-06-12;19;
SIMPRO;2026-04-12;material;0000258762;12;;MOLNLYCKE;CURATIVO ESPUMA POLIURETANO C/CAMADA SILICONE MEPILEX 10X10CM;;;;;;;;;;;;;;111.51;SIMPRO_VIG;2019-03-12;19;
SIMPRO;2026-04-12;material;0000258763;12;;MOLNLYCKE;CURATIVO ESPUMA POLIURETANO C/CAMADA SILICONE MEPILEX 10X20CM;;;;;;;;;;;;;;191.75;SIMPRO_VIG;2019-03-12;19;
SIMPRO;2026-04-12;material;0000258764;12;;MOLNLYCKE;CURATIVO ESPUMA POLIURETANO C/CAMADA SILICONE MEPILEX 15X15CM;;;;;;;;;;;;;;212.24;SIMPRO_VIG;2019-03-12;19;
SIMPRO;2026-04-12;material;0000258765;12;;MOLNLYCKE;CURATIVO ESPUMA POLIURETANO C/CAMADA SILICONE MEPILEX 20X20CM;;;;;;;;;;;;;;353.85;SIMPRO_VIG;2019-03-12;19;
SIMPRO;2026-04-12;material;0000258766;12;;MOLNLYCKE;CURATIVO ESPUMA POLIURETANO C/SILICONE CALCANEO MEPILEX HEEL 13X20CM;;;;;;;;;;;;;;207.73;SIMPRO_VIG;2019-03-12;19;
SIMPRO;2026-04-12;material;0000321784;12;;SANOVIE;CURATIVO ESPUMA POLIURETANO CAM.SILIC. ADVAZORB AREOLA 13X13CM 10UN INDIV.;;;;;;;;;;;;;;299.84;SIMPRO_VIG;2021-03-24;19;
SIMPRO;2026-04-12;material;0000123641;12;;LM FARMA;CURATIVO ESPUMA POLIURETANO CURATEC 10X10CM;;;;;;;;;;;;;;126.18;SIMPRO_VIG;2020-06-16;19;
SIMPRO;2026-04-12;material;0000123642;12;;LM FARMA;CURATIVO ESPUMA POLIURETANO CURATEC 15X20CM;;;;;;;;;;;;;;194.46;SIMPRO_VIG;2020-06-16;19;
SIMPRO;2026-04-12;material;0000123643;12;;LM FARMA;CURATIVO ESPUMA POLIURETANO CURATEC 20X20CM;;;;;;;;;;;;;;308.6;SIMPRO_VIG;2020-06-16;19;
SIMPRO;2026-04-12;material;0000147977;12;;RECOMED;CURATIVO ESPUMA POLIURETANO ESTERIL 10CMX10CM PHARMAFOAM;;;;;;;;;;;;;;47.7;SIMPRO_VIG;2010-07-15;19;
SIMPRO;2026-04-12;material;0000147978;12;;RECOMED;CURATIVO ESPUMA POLIURETANO ESTERIL 15CMX15CM PHARMAFOAM;;;;;;;;;;;;;;64.8;SIMPRO_VIG;2010-07-15;19;
SIMPRO;2026-04-12;material;0000147976;12;;RECOMED;CURATIVO ESPUMA POLIURETANO ESTERIL P/TRAQUEOSTOMIA 8CMX8CM PHARMAFOAM;;;;;;;;;;;;;;38.4;SIMPRO_VIG;2010-07-15;19;
SIMPRO;2026-04-12;material;0000147979;12;;RECOMED;CURATIVO ESPUMA POLIURETANO ESTERIL SACRAL 22CMX22CM PHARMAFOAM;;;;;;;;;;;;;;101.7;SIMPRO_VIG;2010-07-15;19;
SIMPRO;2026-04-12;material;0000332594;12;;VITA MEDICAL;CURATIVO ESPUMA POLIURETANO N/ADESIVO C/PRATA SILVERSOFT 10X10CM;;;;;;;;;;;;;;247.64;SIMPRO_VIG;2025-08-05;19;
SIMPRO;2026-04-12;material;0000332595;12;;VITA MEDICAL;CURATIVO ESPUMA POLIURETANO N/ADESIVO C/PRATA SILVERSOFT 15X15CM;;;;;;;;;;;;;;336.28;SIMPRO_VIG;2025-08-05;19;
SIMPRO;2026-04-12;material;0000258767;12;;MOLNLYCKE;CURATIVO ESPUMA POLIURETANO TRANFERENCIA C/SILICONE MEPILEX TRANSFER 15X20CM;;;;;;;;;;;;;;218.48;SIMPRO_VIG;2019-03-12;19;
SIMPRO;2026-04-12;material;0000258768;12;;MOLNLYCKE;CURATIVO ESPUMA POLIURETANO TRANFERENCIA C/SILICONE MEPILEX TRANSFER 20X50CM;;;;;;;;;;;;;;681.79;SIMPRO_VIG;2019-03-12;19;
SIMPRO;2026-04-12;material;0000332161;12;;MOLNLYCKE;CURATIVO ESPUMA POLIURETANO TRANSF. C/SILIC. MEPILEX TRANSFER 15X20CM MHC;;;;;;;;;;;;;;300.29;SIMPRO_VIG;2026-03-10;19;
SIMPRO;2026-04-12;material;0000332162;12;;MOLNLYCKE;CURATIVO ESPUMA POLIURETANO TRANSF. C/SILIC. MEPILEX TRANSFER 20X50CM MHC;;;;;;;;;;;;;;937.1;SIMPRO_VIG;2026-03-10;19;
SIMPRO;2026-04-12;material;0000280469;12;;MOLNLYCKE;CURATIVO ESPUMA POLIURETANO TRANSFERENCIA C/SILICONE MEPILEX TRANSFER AG 10X12,5CM;;;;;;;;;;;;;;627.32;SIMPRO_VIG;2019-03-12;19;
SIMPRO;2026-04-12;material;0000280470;12;;MOLNLYCKE;CURATIVO ESPUMA POLIURETANO TRANSFERENCIA C/SILICONE MEPILEX TRANSFER AG 15X20,0CM;;;;;;;;;;;;;;1080.45;SIMPRO_VIG;2019-03-12;19;
SIMPRO;2026-04-12;material;0000280471;12;;MOLNLYCKE;CURATIVO ESPUMA POLIURETANO TRANSFERENCIA C/SILICONE MEPILEX TRANSFER AG 20X50,0CM;;;;;;;;;;;;;;2866.5;SIMPRO_VIG;2019-03-12;19;
SIMPRO;2026-04-12;material;0000123640;12;;LM FARMA;CURATIVO ESPUMA POLIURETANO TRAQUEOSTOMIA CURATEC 10X10CM;;;;;;;;;;;;;;128.4;SIMPRO_VIG;2020-06-16;19;
SIMPRO;2026-04-12;material;0000123639;12;;LM FARMA;CURATIVO ESPUMA POLIURETANO TRAQUEOSTOMIA CURATEC 6X7CM;;;;;;;;;;;;;;87.96;SIMPRO_VIG;2020-06-16;19;
SIMPRO;2026-04-12;material;0000178265;12;;FARMA;CURATIVO ESPUMA POLIURETANO/HIDROFILICA C/PRATA IONICA/METALICA SILVERFOAM CURATEC 10X10CM. L.M;;;;;;;;;;;;;;136;SIMPRO_VIG;2013-07-10;19;
SIMPRO;2026-04-12;material;0000178266;12;;FARMA;CURATIVO ESPUMA POLIURETANO/HIDROFILICA C/PRATA IONICA/METALICA SILVERFOAM CURATEC 15X15CM. L.M;;;;;;;;;;;;;;288;SIMPRO_VIG;2013-07-18;19;
SIMPRO;2026-04-12;material;0000296842;12;;CREMER;CURATIVO ESPUMA PU 05X05CM EST.ETO;;;;;;;;;;;;;;61.88;SIMPRO_VIG;2022-10-28;19;
SIMPRO;2026-04-12;material;0000288768;12;;CREMER;CURATIVO ESPUMA PU 05X05CM-CARTUCHO C/80UNID ESTERIL ETO;;;;;;;;;;;;;;49.5;SIMPRO_VIG;2017-07-11;19;
SIMPRO;2026-04-12;material;0000296843;12;;CREMER;CURATIVO ESPUMA PU 10X10CM EST.ETO;;;;;;;;;;;;;;120.9;SIMPRO_VIG;2022-10-28;19;
SIMPRO;2026-04-12;material;0000288769;12;;CREMER;CURATIVO ESPUMA PU 10X10CM-CARTUCHO C/90UNID ESTERIL ETO;;;;;;;;;;;;;;96.72;SIMPRO_VIG;2017-07-11;19;
SIMPRO;2026-04-12;material;0000294506;12;;CREMER;CURATIVO ESPUMA PU 10X20CM CARTUCHO C/5UNID ESTERIL ETO;;;;;;;;;;;;;;110.99;SIMPRO_VIG;2017-12-27;19;
SIMPRO;2026-04-12;material;0000296870;12;;CREMER;CURATIVO ESPUMA PU 10X20CM EST.ETO;;;;;;;;;;;;;;138.74;SIMPRO_VIG;2022-10-28;19;
SIMPRO;2026-04-12;material;0000296844;12;;CREMER;CURATIVO ESPUMA PU 15X15CM EST.ETO;;;;;;;;;;;;;;153.01;SIMPRO_VIG;2022-10-28;19;
SIMPRO;2026-04-12;material;0000288770;12;;CREMER;CURATIVO ESPUMA PU 15X15CM-CARTUCHO C/55UNID ESTERIL ETO;;;;;;;;;;;;;;122.41;SIMPRO_VIG;2017-07-11;19;
SIMPRO;2026-04-12;material;0000296845;12;;CREMER;CURATIVO ESPUMA PU 20X20CM EST.ETO;;;;;;;;;;;;;;209.26;SIMPRO_VIG;2022-10-28;19;
SIMPRO;2026-04-12;material;0000288771;12;;CREMER;CURATIVO ESPUMA PU 20X20CM-CARTUCHO C/30UNID ESTERIL ETO;;;;;;;;;;;;;;167.41;SIMPRO_VIG;2017-07-11;19;
SIMPRO;2026-04-12;material;0000335672;12;;EXPRESS MEDICAL;CURATIVO ESPUMA PU TRAQUEOSTOMIA 6X9,0CM NETFOAM TRAQUEO;;;;;;;;;;;;;;92;SIMPRO_VIG;2022-10-06;19;
SIMPRO;2026-04-12;material;0000335673;12;;EXPRESS MEDICAL;CURATIVO ESPUMA PU TRAQUEOSTOMIA 8X9,5CM NETFOAM TRAQUEO;;;;;;;;;;;;;;152;SIMPRO_VIG;2022-10-06;19;
SIMPRO;2026-04-12;material;0000326671;12;;KORAL HOSPITALAR;CURATIVO ESPUMA TECNOLOGIA EXULOCK 10X10CM;;;;;;;;;;;;;;150.34;SIMPRO_VIG;2021-10-15;19;
SIMPRO;2026-04-12;material;0000326672;12;;KORAL HOSPITALAR;CURATIVO ESPUMA TECNOLOGIA EXULOCK 10X15CM;;;;;;;;;;;;;;239.06;SIMPRO_VIG;2021-10-15;19;
SIMPRO;2026-04-12;material;0000326673;12;;KORAL HOSPITALAR;CURATIVO ESPUMA TECNOLOGIA EXULOCK 10X20CM;;;;;;;;;;;;;;294.84;SIMPRO_VIG;2021-10-15;19;
SIMPRO;2026-04-12;material;0000326674;12;;KORAL HOSPITALAR;CURATIVO ESPUMA TECNOLOGIA EXULOCK 15X15CM;;;;;;;;;;;;;;326.71;SIMPRO_VIG;2021-10-15;19;
SIMPRO;2026-04-12;material;0000326675;12;;KORAL HOSPITALAR;CURATIVO ESPUMA TECNOLOGIA EXULOCK 15X20CM;;;;;;;;;;;;;;448.9;SIMPRO_VIG;2021-10-15;19;
SIMPRO;2026-04-12;material;0000326676;12;;KORAL HOSPITALAR;CURATIVO ESPUMA TECNOLOGIA EXULOCK 20X20CM;;;;;;;;;;;;;;563.11;SIMPRO_VIG;2021-10-15;19;
SIMPRO;2026-04-12;material;0000326679;12;;KORAL HOSPITALAR;CURATIVO ESPUMA TECNOLOGIA EXULOCK 2X30CM CAVITY;;;;;;;;;;;;;;143.43;SIMPRO_VIG;2021-10-15;19;
SIMPRO;2026-04-12;material;0000326677;12;;KORAL HOSPITALAR;CURATIVO ESPUMA TECNOLOGIA EXULOCK P/TRAQUEO.6,5X6,5CM TRACHEOSTOMY;;;;;;;;;;;;;;82;SIMPRO_VIG;2021-10-15;19;
SIMPRO;2026-04-12;material;0000326678;12;;KORAL HOSPITALAR;CURATIVO ESPUMA TECNOLOGIA EXULOCK P/TRAQUEO.8X8CM TRACHEOSTOMY;;;;;;;;;;;;;;122.19;SIMPRO_VIG;2021-10-15;19;
SIMPRO;2026-04-12;material;0000303946;12;;POLAR FIX;CURATIVO ESPUMA TRILAMINADO 07,5X07,5CM C/BORDA;;;;;;;;;;;;;;107.8;SIMPRO_VIG;2022-10-20;19;
SIMPRO;2026-04-12;material;0000303947;12;;POLAR FIX;CURATIVO ESPUMA TRILAMINADO 10,0X10,0CM C/BORDA;;;;;;;;;;;;;;196.9;SIMPRO_VIG;2022-10-20;19;
SIMPRO;2026-04-12;material;0000303948;12;;POLAR FIX;CURATIVO ESPUMA TRILAMINADO 10,0X10,0CM S/BORDA;;;;;;;;;;;;;;148;SIMPRO_VIG;2022-10-20;19;
SIMPRO;2026-04-12;material;0000303949;12;;POLAR FIX;CURATIVO ESPUMA TRILAMINADO 15,0X15,0CM S/BORDA;;;;;;;;;;;;;;301.68;SIMPRO_VIG;2022-10-20;19;
SIMPRO;2026-04-12;material;0000303945;12;;POLAR FIX;CURATIVO ESPUMA TRILAMINADO 18,0X18,5CM C/BORDA;;;;;;;;;;;;;;334.23;SIMPRO_VIG;2022-10-20;19;
SIMPRO;2026-04-12;material;0000303950;12;;POLAR FIX;CURATIVO ESPUMA TRILAMINADO 20,0X20,0CM S/BORDA;;;;;;;;;;;;;;442.73;SIMPRO_VIG;2022-10-20;19;
SIMPRO;2026-04-12;material;0000332097;12;;GOLDMED IMPORT;CURATIVO ESPUMA/HIDROGEL FIXAMED ABSOCLEAR P/TRAQUEOSTOMIA 08X09CM EST.;;;;;;;;;;;;;;65.32;SIMPRO_VIG;2022-05-11;19;
SIMPRO;2026-04-12;material;0000271331;12;;ESSITY SOLUCOES;CURATIVO EST.CUTIMED ALGINATE 02,5X30CM;;;;;;;;;;;;;;226.16;SIMPRO_VIG;2019-05-14;19;
SIMPRO;2026-04-12;material;0000271328;12;;ESSITY SOLUCOES;CURATIVO EST.CUTIMED ALGINATE 05,0X05CM;;;;;;;;;;;;;;60.28;SIMPRO_VIG;2019-05-14;19;
SIMPRO;2026-04-12;material;0000271329;12;;ESSITY SOLUCOES;CURATIVO EST.CUTIMED ALGINATE 10,0X10CM;;;;;;;;;;;;;;193.43;SIMPRO_VIG;2019-05-14;19;
SIMPRO;2026-04-12;material;0000271330;12;;ESSITY SOLUCOES;CURATIVO EST.CUTIMED ALGINATE 10,0X20CM;;;;;;;;;;;;;;272.22;SIMPRO_VIG;2019-05-14;19;
SIMPRO;2026-04-12;material;0000271308;12;;ESSITY SOLUCOES;CURATIVO EST.CUTIMED CAVITY 05X06CM;;;;;;;;;;;;;;107.02;SIMPRO_VIG;2019-06-18;19;
SIMPRO;2026-04-12;material;0000271309;12;;ESSITY SOLUCOES;CURATIVO EST.CUTIMED CAVITY 10X10CM;;;;;;;;;;;;;;257.68;SIMPRO_VIG;2019-06-18;19;
SIMPRO;2026-04-12;material;0000271310;12;;ESSITY SOLUCOES;CURATIVO EST.CUTIMED CAVITY 15X15CM;;;;;;;;;;;;;;333.67;SIMPRO_VIG;2019-06-18;19;
SIMPRO;2026-04-12;material;0000271311;12;;BSN MEDICAL;CURATIVO EST.CUTIMED SILTEC 05X06CM;;;;;;;;;;;;;;82.5;SIMPRO_VIG;2016-05-10;19;
SIMPRO;2026-04-12;material;0000298694;12;;ESSITY SOLUCOES;CURATIVO EST.CUTIMED SILTEC 05X06CM;;;;;;;;;;;;;;200.2;SIMPRO_VIG;2023-12-15;19;
SIMPRO;2026-04-12;material;0000271312;12;;BSN MEDICAL;CURATIVO EST.CUTIMED SILTEC 10X10CM;;;;;;;;;;;;;;143;SIMPRO_VIG;2016-05-10;19;
SIMPRO;2026-04-12;material;0000298695;12;;ESSITY SOLUCOES;CURATIVO EST.CUTIMED SILTEC 10X10CM;;;;;;;;;;;;;;231.22;SIMPRO_VIG;2025-04-30;19;
SIMPRO;2026-04-12;material;0000271313;12;;BSN MEDICAL;CURATIVO EST.CUTIMED SILTEC 10X20CM;;;;;;;;;;;;;;246.84;SIMPRO_VIG;2016-05-10;19;
SIMPRO;2026-04-12;material;0000298696;12;;ESSITY SOLUCOES;CURATIVO EST.CUTIMED SILTEC 10X20CM;;;;;;;;;;;;;;393.04;SIMPRO_VIG;2025-04-30;19;
SIMPRO;2026-04-12;material;0000271314;12;;BSN MEDICAL;CURATIVO EST.CUTIMED SILTEC 15X15CM;;;;;;;;;;;;;;275;SIMPRO_VIG;2016-05-10;19;
SIMPRO;2026-04-12;material;0000298697;12;;ESSITY SOLUCOES;CURATIVO EST.CUTIMED SILTEC 15X15CM;;;;;;;;;;;;;;423.5;SIMPRO_VIG;2025-04-30;19;
SIMPRO;2026-04-12;material;0000271315;12;;BSN MEDICAL;CURATIVO EST.CUTIMED SILTEC 20X20CM;;;;;;;;;;;;;;456.5;SIMPRO_VIG;2016-05-10;19;
SIMPRO;2026-04-12;material;0000298698;12;;ESSITY SOLUCOES;CURATIVO EST.CUTIMED SILTEC 20X20CM;;;;;;;;;;;;;;703.01;SIMPRO_VIG;2025-04-30;19;
SIMPRO;2026-04-12;material;0000271318;12;;BSN MEDICAL;CURATIVO EST.CUTIMED SILTEC B 07,5X07,5CM;;;;;;;;;;;;;;115.88;SIMPRO_VIG;2016-05-10;19;
SIMPRO;2026-04-12;material;0000298705;12;;ESSITY SOLUCOES;CURATIVO EST.CUTIMED SILTEC B 07,5X07,5CM;;;;;;;;;;;;;;108.81;SIMPRO_VIG;2025-04-30;19;
SIMPRO;2026-04-12;material;0000271320;12;;BSN MEDICAL;CURATIVO EST.CUTIMED SILTEC B 10,0X10,0CM;;;;;;;;;;;;;;154;SIMPRO_VIG;2016-05-10;19;
SIMPRO;2026-04-12;material;0000298706;12;;ESSITY SOLUCOES;CURATIVO EST.CUTIMED SILTEC B 10,0X10,0CM;;;;;;;;;;;;;;302.38;SIMPRO_VIG;2025-04-30;19;
SIMPRO;2026-04-12;material;0000271324;12;;BSN MEDICAL;CURATIVO EST.CUTIMED SILTEC B 10,0X22,5CM;;;;;;;;;;;;;;278.93;SIMPRO_VIG;2016-05-10;19;
SIMPRO;2026-04-12;material;0000298711;12;;ESSITY SOLUCOES;CURATIVO EST.CUTIMED SILTEC B 10,0X22,5CM;;;;;;;;;;;;;;323.85;SIMPRO_VIG;2023-12-15;19;
SIMPRO;2026-04-12;material;0000298707;12;;ESSITY SOLUCOES;CURATIVO EST.CUTIMED SILTEC B 12,5X12,5CM;;;;;;;;;;;;;;376.15;SIMPRO_VIG;2025-04-30;19;
SIMPRO;2026-04-12;material;0000271319;12;;BSN MEDICAL;CURATIVO EST.CUTIMED SILTEC B 12.5X12.5CM;;;;;;;;;;;;;;209;SIMPRO_VIG;2016-05-10;19;
SIMPRO;2026-04-12;material;0000271321;12;;BSN MEDICAL;CURATIVO EST.CUTIMED SILTEC B 15,0X15,0CM;;;;;;;;;;;;;;194.63;SIMPRO_VIG;2016-05-10;19;
SIMPRO;2026-04-12;material;0000298708;12;;ESSITY SOLUCOES;CURATIVO EST.CUTIMED SILTEC B 15,0X15,0CM;;;;;;;;;;;;;;457.39;SIMPRO_VIG;2025-04-30;19;
SIMPRO;2026-04-12;material;0000271322;12;;BSN MEDICAL;CURATIVO EST.CUTIMED SILTEC B 17,5X17,5CM;;;;;;;;;;;;;;374.25;SIMPRO_VIG;2016-05-10;19;
SIMPRO;2026-04-12;material;0000298709;12;;ESSITY SOLUCOES;CURATIVO EST.CUTIMED SILTEC B 17,5X17,5CM;;;;;;;;;;;;;;583.65;SIMPRO_VIG;2025-04-30;19;
SIMPRO;2026-04-12;material;0000271323;12;;BSN MEDICAL;CURATIVO EST.CUTIMED SILTEC B 22,5X22,5CM;;;;;;;;;;;;;;524.25;SIMPRO_VIG;2016-05-10;19;
SIMPRO;2026-04-12;material;0000298710;12;;ESSITY SOLUCOES;CURATIVO EST.CUTIMED SILTEC B 22,5X22,5CM;;;;;;;;;;;;;;735.49;SIMPRO_VIG;2019-06-18;19;
SIMPRO;2026-04-12;material;0000271325;12;;BSN MEDICAL;CURATIVO EST.CUTIMED SILTEC L 05,0X06,0CM;;;;;;;;;;;;;;55.88;SIMPRO_VIG;2016-05-10;19;
SIMPRO;2026-04-12;material;0000298714;12;;ESSITY SOLUCOES;CURATIVO EST.CUTIMED SILTEC L 05,0X06,0CM;;;;;;;;;;;;;;80.23;SIMPRO_VIG;2023-12-15;19;
SIMPRO;2026-04-12;material;0000271326;12;;BSN MEDICAL;CURATIVO EST.CUTIMED SILTEC L 10,0X10,0CM;;;;;;;;;;;;;;154;SIMPRO_VIG;2016-05-10;19;
SIMPRO;2026-04-12;material;0000298715;12;;ESSITY SOLUCOES;CURATIVO EST.CUTIMED SILTEC L 10,0X10,0CM;;;;;;;;;;;;;;117.13;SIMPRO_VIG;2025-04-30;19;
SIMPRO;2026-04-12;material;0000271327;12;;BSN MEDICAL;CURATIVO EST.CUTIMED SILTEC L 15,0X15,0CM;;;;;;;;;;;;;;160.88;SIMPRO_VIG;2016-05-10;19;
SIMPRO;2026-04-12;material;0000298716;12;;ESSITY SOLUCOES;CURATIVO EST.CUTIMED SILTEC L 15,0X15,0CM;;;;;;;;;;;;;;200.96;SIMPRO_VIG;2025-04-30;19;
SIMPRO;2026-04-12;material;0000281959;12;;BSN MEDICAL;CURATIVO EST.CUTIMED SILTEC PLUS 05X06CM;;;;;;;;;;;;;;82.5;SIMPRO_VIG;2017-01-31;19;
SIMPRO;2026-04-12;material;0000298699;12;;BSN MEDICAL;CURATIVO EST.CUTIMED SILTEC PLUS 05X06CM;;;;;;;;;;;;;;82.5;SIMPRO_VIG;2018-05-22;19;
SIMPRO;2026-04-12;material;0000281960;12;;BSN MEDICAL;CURATIVO EST.CUTIMED SILTEC PLUS 10X10CM;;;;;;;;;;;;;;143;SIMPRO_VIG;2017-01-31;19;
SIMPRO;2026-04-12;material;0000298700;12;;ESSITY SOLUCOES;CURATIVO EST.CUTIMED SILTEC PLUS 10X10CM;;;;;;;;;;;;;;179.91;SIMPRO_VIG;2025-04-30;19;
SIMPRO;2026-04-12;material;0000281961;12;;BSN MEDICAL;CURATIVO EST.CUTIMED SILTEC PLUS 10X20CM;;;;;;;;;;;;;;246.84;SIMPRO_VIG;2017-01-31;19;
SIMPRO;2026-04-12;material;0000298701;12;;ESSITY SOLUCOES;CURATIVO EST.CUTIMED SILTEC PLUS 10X20CM;;;;;;;;;;;;;;309.35;SIMPRO_VIG;2025-04-30;19;
SIMPRO;2026-04-12;material;0000281962;12;;BSN MEDICAL;CURATIVO EST.CUTIMED SILTEC PLUS 15X15CM;;;;;;;;;;;;;;275;SIMPRO_VIG;2017-01-31;19;
SIMPRO;2026-04-12;material;0000298702;12;;ESSITY SOLUCOES;CURATIVO EST.CUTIMED SILTEC PLUS 15X15CM;;;;;;;;;;;;;;329.77;SIMPRO_VIG;2025-04-30;19;
SIMPRO;2026-04-12;material;0000281964;12;;BSN MEDICAL;CURATIVO EST.CUTIMED SILTEC PLUS 16X24CM;;;;;;;;;;;;;;600;SIMPRO_VIG;2017-01-31;19;
SIMPRO;2026-04-12;material;0000281963;12;;BSN MEDICAL;CURATIVO EST.CUTIMED SILTEC PLUS 20X20CM;;;;;;;;;;;;;;456.5;SIMPRO_VIG;2017-01-31;19;
SIMPRO;2026-04-12;material;0000298703;12;;ESSITY SOLUCOES;CURATIVO EST.CUTIMED SILTEC PLUS 20X20CM;;;;;;;;;;;;;;570.88;SIMPRO_VIG;2025-04-30;19;
SIMPRO;2026-04-12;material;0000298704;12;;ESSITY SOLUCOES;CURATIVO EST.CUTIMED SILTEC PLUS HEEL 16X24CM;;;;;;;;;;;;;;921.37;SIMPRO_VIG;2025-04-30;19;
SIMPRO;2026-04-12;material;0000271316;12;;BSN MEDICAL;CURATIVO EST.CUTIMED SILTEC SACRUM 17,5X17,5CM;;;;;;;;;;;;;;351.75;SIMPRO_VIG;2016-05-10;19;
SIMPRO;2026-04-12;material;0000298712;12;;ESSITY SOLUCOES;CURATIVO EST.CUTIMED SILTEC SACRUM 17,5X17,5CM;;;;;;;;;;;;;;911.3;SIMPRO_VIG;2024-10-10;19;
SIMPRO;2026-04-12;material;0000356225;12;;ESSITY SOLUCOES;CURATIVO EST.CUTIMED SILTEC SACRUM 17,5X17,5CM 5UN;;;;;;;;;;;;;;478.108;SIMPRO_VIG;2024-11-12;19;
SIMPRO;2026-04-12;material;0000271317;12;;BSN MEDICAL;CURATIVO EST.CUTIMED SILTEC SACRUM 23,0X23,0CM;;;;;;;;;;;;;;471.75;SIMPRO_VIG;2016-05-10;19;
SIMPRO;2026-04-12;material;0000298713;12;;ESSITY SOLUCOES;CURATIVO EST.CUTIMED SILTEC SACRUM 23,0X23,0CM;;;;;;;;;;;;;;1419.45;SIMPRO_VIG;2024-10-10;19;
SIMPRO;2026-04-12;material;0000356226;12;;ESSITY SOLUCOES;CURATIVO EST.CUTIMED SILTEC SACRUM 23,0X23,0CM;;;;;;;;;;;;;;735.974;SIMPRO_VIG;2024-11-12;19;
SIMPRO;2026-04-12;material;0000304154;12;;GADALI;CURATIVO EST.HEMOSTATICO P/HEMODIALISE OCTACARE 3,0X3,8X3,8X7,2CM;;;;;;;;;;;;;;3.7;SIMPRO_VIG;2018-12-05;19;
SIMPRO;2026-04-12;material;0000271294;12;;ESSITY SOLUCOES;CURATIVO EST.LEUKOMED IV FILM 4,5X4,5CM;;;;;;;;;;;;;;19.78;SIMPRO_VIG;2019-05-14;19;
SIMPRO;2026-04-12;material;0000271295;12;;ESSITY SOLUCOES;CURATIVO EST.LEUKOMED IV FILM 6,0X8,0CM;;;;;;;;;;;;;;41;SIMPRO_VIG;2024-09-17;19;
SIMPRO;2026-04-12;material;0000271296;12;;ESSITY SOLUCOES;CURATIVO EST.LEUKOMED IV FILM 7,0X9,0CM;;;;;;;;;;;;;;43.89;SIMPRO_VIG;2025-04-30;19;
SIMPRO;2026-04-12;material;0000271297;12;;ESSITY SOLUCOES;CURATIVO EST.LEUKOMED IV FILM 8,5X11,5CM;;;;;;;;;;;;;;122.2;SIMPRO_VIG;2025-04-30;19;
SIMPRO;2026-04-12;material;0000271300;12;;ESSITY SOLUCOES;CURATIVO EST.LEUKOMED T 10,0X12,5CM;;;;;;;;;;;;;;50.6;SIMPRO_VIG;2025-04-30;19;
SIMPRO;2026-04-12;material;0000271301;12;;ESSITY SOLUCOES;CURATIVO EST.LEUKOMED T 15,0X20,0CM;;;;;;;;;;;;;;98;SIMPRO_VIG;2024-09-17;19;
SIMPRO;2026-04-12;material;0000271302;12;;ESSITY SOLUCOES;CURATIVO EST.LEUKOMED T 15,0X25,0CM;;;;;;;;;;;;;;71.96;SIMPRO_VIG;2023-08-18;19;
SIMPRO;2026-04-12;material;0000271298;12;;ESSITY SOLUCOES;CURATIVO EST.LEUKOMED T 5,0X7,2CM;;;;;;;;;;;;;;22.92;SIMPRO_VIG;2023-08-18;19;
SIMPRO;2026-04-12;material;0000271299;12;;ESSITY SOLUCOES;CURATIVO EST.LEUKOMED T 8,0X10,0CM;;;;;;;;;;;;;;57.08;SIMPRO_VIG;2023-08-18;19;
SIMPRO;2026-04-12;material;0000271304;12;;ESSITY SOLUCOES;CURATIVO EST.LEUKOMED T PLUS 08,0X10,0CM;;;;;;;;;;;;;;57.08;SIMPRO_VIG;2023-08-18;19;
SIMPRO;2026-04-12;material;0000271305;12;;ESSITY SOLUCOES;CURATIVO EST.LEUKOMED T PLUS 08,0X15,0CM;;;;;;;;;;;;;;95;SIMPRO_VIG;2024-09-17;19;
SIMPRO;2026-04-12;material;0000271306;12;;ESSITY SOLUCOES;CURATIVO EST.LEUKOMED T PLUS 10,0X25,0CM;;;;;;;;;;;;;;95.57;SIMPRO_VIG;2025-04-30;19;
SIMPRO;2026-04-12;material;0000271307;12;;ESSITY SOLUCOES;CURATIVO EST.LEUKOMED T PLUS 10,0X35,0CM;;;;;;;;;;;;;;160;SIMPRO_VIG;2024-09-17;19;
SIMPRO;2026-04-12;material;0000271303;12;;ESSITY SOLUCOES;CURATIVO EST.LEUKOMED T PLUS 5,0X7,2CM;;;;;;;;;;;;;;33.43;SIMPRO_VIG;2025-04-30;19;
SIMPRO;2026-04-12;material;0000304113;12;;GADALI;CURATIVO EST.P/FIXACAO CATETER INTRAVENOSO OCTACARE 6X9,5CM;;;;;;;;;;;;;;10.65;SIMPRO_VIG;2018-12-05;19;
SIMPRO;2026-04-12;material;0000304121;12;;GADALI;CURATIVO EST.POLIURETANO P/FIXACAO CATETER INTRAVENOSO OCTACARE 6X7X8,5X7X8,5X10,5CM;;;;;;;;;;;;;;15.5;SIMPRO_VIG;2018-12-05;19;
SIMPRO;2026-04-12;material;0004090030;12;;KORS;CURATIVO ESTERIL PRONTO P/USO DEDOS SINGLEFIX TAM.GRD.;;;;;;;;;;;;;;15;SIMPRO_VIG;2025-04-17;19;
SIMPRO;2026-04-12;material;0004090029;12;;KORS;CURATIVO ESTERIL PRONTO P/USO DEDOS SINGLEFIX TAM.MED.;;;;;;;;;;;;;;15;SIMPRO_VIG;2025-04-17;19;
SIMPRO;2026-04-12;material;0004090014;12;;KORS;CURATIVO ESTERIL PRONTO P/USO DEDOS SINGLEFIX TAM.PEQ.;;;;;;;;;;;;;;15;SIMPRO_VIG;2025-04-17;19;
SIMPRO;2026-04-12;material;0000137744;12;;CARDINAL HEALTH MS;CURATIVO EXCILON C/ PHMB 0,2% GAZE FENESTRADA 05X05CM;;;;;;;;;;;;;;63.48;SIMPRO_VIG;2023-06-30;19;
SIMPRO;2026-04-12;material;0000137742;12;;CARDINAL HEALTH MS;CURATIVO EXCILON C/ PHMB 0,2% GAZE FENESTRADA 10X10CM;;;;;;;;;;;;;;97.78;SIMPRO_VIG;2023-06-30;19;
SIMPRO;2026-04-12;material;0000302306;12;;MOLNLYCKE;CURATIVO FIBRAS EXUFIBER 02X45CM;;;;;;;;;;;;;;227.09;SIMPRO_VIG;2024-09-10;19;
SIMPRO;2026-04-12;material;0000321611;12;;MOLNLYCKE;CURATIVO FIBRAS EXUFIBER 02X45CM;;;;;;;;;;;;;;227.09;SIMPRO_VIG;2024-09-10;19;
SIMPRO;2026-04-12;material;0000302303;12;;MOLNLYCKE;CURATIVO FIBRAS EXUFIBER 05X05CM;;;;;;;;;;;;;;77.69;SIMPRO_VIG;2024-09-10;19;
SIMPRO;2026-04-12;material;0000321612;12;;MOLNLYCKE;CURATIVO FIBRAS EXUFIBER 05X05CM;;;;;;;;;;;;;;77.69;SIMPRO_VIG;2024-09-10;19;
SIMPRO;2026-04-12;material;0000302304;12;;MOLNLYCKE;CURATIVO FIBRAS EXUFIBER 10X10CM;;;;;;;;;;;;;;179.28;SIMPRO_VIG;2024-09-10;19;
SIMPRO;2026-04-12;material;0000321613;12;;MOLNLYCKE;CURATIVO FIBRAS EXUFIBER 10X10CM;;;;;;;;;;;;;;179.28;SIMPRO_VIG;2024-09-10;19;
SIMPRO;2026-04-12;material;0000302305;12;;MOLNLYCKE;CURATIVO FIBRAS EXUFIBER 15X15CM;;;;;;;;;;;;;;298.8;SIMPRO_VIG;2024-09-10;19;
SIMPRO;2026-04-12;material;0000321614;12;;MOLNLYCKE;CURATIVO FIBRAS EXUFIBER 15X15CM;;;;;;;;;;;;;;298.8;SIMPRO_VIG;2024-09-10;19;
SIMPRO;2026-04-12;material;0000302310;12;;MOLNLYCKE;CURATIVO FIBRAS EXUFIBER AG+ 02X45CM;;;;;;;;;;;;;;316.73;SIMPRO_VIG;2024-09-10;19;
SIMPRO;2026-04-12;material;0000302307;12;;MOLNLYCKE;CURATIVO FIBRAS EXUFIBER AG+ 05X05CM;;;;;;;;;;;;;;99.2;SIMPRO_VIG;2024-09-10;19;
SIMPRO;2026-04-12;material;0000302308;12;;MOLNLYCKE;CURATIVO FIBRAS EXUFIBER AG+ 10X10CM;;;;;;;;;;;;;;365.73;SIMPRO_VIG;2024-09-10;19;
SIMPRO;2026-04-12;material;0000302495;12;;MOLNLYCKE;CURATIVO FIBRAS EXUFIBER AG+ 10X12CM;;;;;;;;;;;;;;316.73;SIMPRO_VIG;2024-09-10;19;
SIMPRO;2026-04-12;material;0000302309;12;;MOLNLYCKE;CURATIVO FIBRAS EXUFIBER AG+ 15X15CM;;;;;;;;;;;;;;625.57;SIMPRO_VIG;2026-03-10;19;
SIMPRO;2026-04-12;material;0000302311;12;;MOLNLYCKE;CURATIVO FIBRAS EXUFIBER AG+ 20X30CM;;;;;;;;;;;;;;1209.54;SIMPRO_VIG;2024-09-10;19;
SIMPRO;2026-04-12;material;0000332122;12;;GOLDMED IMPORT;CURATIVO FIBROSOL AG EXTRA NON ADHESIVE HIDROFIBRA 2X45CM EST.;;;;;;;;;;;;;;232.23;SIMPRO_VIG;2022-05-11;19;
SIMPRO;2026-04-12;material;0000355437;12;;WAYCARE;CURATIVO FILME ADESIVO TRANSPARENTE 15X20CM 40UN WAYINCISE;;;;;;;;;;;;;;167;SIMPRO_VIG;2024-09-26;19;
SIMPRO;2026-04-12;material;0000355438;12;;WAYCARE;CURATIVO FILME ADESIVO TRANSPARENTE 20X30CM 30UN WAYINCISE;;;;;;;;;;;;;;270;SIMPRO_VIG;2024-09-26;19;
SIMPRO;2026-04-12;material;0000355439;12;;WAYCARE;CURATIVO FILME ADESIVO TRANSPARENTE 40X50CM 20UN WAYINCISE;;;;;;;;;;;;;;440;SIMPRO_VIG;2024-09-26;19;
SIMPRO;2026-04-12;material;0000167018;12;;CREMER;CURATIVO FILME ADVANCED TRANSPARENTE 10X12CM;;;;;;;;;;;;;;40.11;SIMPRO_VIG;2022-10-28;19;
SIMPRO;2026-04-12;material;0000167020;12;;CREMER;CURATIVO FILME ADVANCED TRANSPARENTE 10X25CM;;;;;;;;;;;;;;85.43;SIMPRO_VIG;2022-10-28;19;
SIMPRO;2026-04-12;material;0000167016;12;;CREMER;CURATIVO FILME ADVANCED TRANSPARENTE 6X7CM;;;;;;;;;;;;;;17.06;SIMPRO_VIG;2022-10-28;19;
SIMPRO;2026-04-12;material;0000167025;12;;CREMER;CURATIVO FILME ADVANCED TRANSPARENTE C/COMPRESSA ABS.10X10CM;;;;;;;;;;;;;;40.09;SIMPRO_VIG;2022-10-28;19;
SIMPRO;2026-04-12;material;0000167028;12;;CREMER;CURATIVO FILME ADVANCED TRANSPARENTE C/COMPRESSA ABS.10X15CM;;;;;;;;;;;;;;79.74;SIMPRO_VIG;2022-10-28;19;
SIMPRO;2026-04-12;material;0000167023;12;;CREMER;CURATIVO FILME ADVANCED TRANSPARENTE C/COMPRESSA ABS.6X7CM;;;;;;;;;;;;;;33.49;SIMPRO_VIG;2022-10-28;19;
SIMPRO;2026-04-12;material;0000332868;12;;CREMER;CURATIVO FILME INVENA FIX T ADVANCED FIXADOR FENESTRADO N/TECIDO 5X7,4CM 646276;;;;;;;;;;;;;;6.21;SIMPRO_VIG;2022-10-28;19;
SIMPRO;2026-04-12;material;0000336218;12;;SANOVIE;CURATIVO FILME N/TECIDO PHARMAFIX NON WOVEN ROLO 05CMX10MT;;;;;;;;;;;;;;26.75;SIMPRO_VIG;2022-11-17;19;
SIMPRO;2026-04-12;material;0000336219;12;;SANOVIE;CURATIVO FILME N/TECIDO PHARMAFIX NON WOVEN ROLO 10CMX10MT;;;;;;;;;;;;;;48;SIMPRO_VIG;2022-11-17;19;
SIMPRO;2026-04-12;material;0000262130;12;;CREMER;CURATIVO FILME P/CATETER FENESTRADO INVENA FIX ADVANCED 07X09CM;;;;;;;;;;;;;;16.5;SIMPRO_VIG;2022-10-28;19;
SIMPRO;2026-04-12;material;0000262131;12;;CREMER;CURATIVO FILME P/CATETER FENESTRADO INVENA FIX ADVANCED 09X12CM;;;;;;;;;;;;;;42.4;SIMPRO_VIG;2022-10-28;19;
SIMPRO;2026-04-12;material;0000324224;12;;CREMER;CURATIVO FILME P/CATETER FENESTRADO INVENA FIX ADVANCED 6,5X7CM;;;;;;;;;;;;;;23.03;SIMPRO_VIG;2022-10-28;19;
SIMPRO;2026-04-12;material;0000324225;12;;CREMER;CURATIVO FILME P/CATETER FENESTRADO INVENA FIX ADVANCED 8,5X11,5CM;;;;;;;;;;;;;;63.26;SIMPRO_VIG;2022-10-28;19;
SIMPRO;2026-04-12;material;0000133596;12;;RECOMED;CURATIVO FILME POLIURETANO ESTERIL 10CMX15CM PHARMAPORE-PU PUFS1015;;;;;;;;;;;;;;6.5;SIMPRO_VIG;2008-12-03;19;
SIMPRO;2026-04-12;material;0000133597;12;;RECOMED;CURATIVO FILME POLIURETANO ESTERIL 10CMX25CM PHARMAPORE-PU PUFS1025;;;;;;;;;;;;;;10;SIMPRO_VIG;2008-12-03;19;
SIMPRO;2026-04-12;material;0000147969;12;;RECOMED;CURATIVO FILME POLIURETANO ESTERIL 10CMX30CM PHARMAPORE-PU PUFS1030;;;;;;;;;;;;;;13;SIMPRO_VIG;2010-07-15;19;
SIMPRO;2026-04-12;material;0000133595;12;;RECOMED;CURATIVO FILME POLIURETANO ESTERIL 8,5CMX11,5CM PHARMAPORE-PU IVFS85115;;;;;;;;;;;;;;5;SIMPRO_VIG;2008-12-03;19;
SIMPRO;2026-04-12;material;0000108113;12;;VENOSAN;CURATIVO FILME POLIURETANO SUPRASORB F 05X07CM;;;;;;;;;;;;;;56.3;SIMPRO_VIG;2025-07-29;19;
SIMPRO;2026-04-12;material;0000169615;12;;VENOSAN;CURATIVO FILME POLIURETANO SUPRASORB F 10CMX01MT ROLO N/EST.;;;;;;;;;;;;;;143.4;SIMPRO_VIG;2023-06-30;19;
SIMPRO;2026-04-12;material;0000142631;12;;AMBER;CURATIVO FILME POLIURETANO SUPRASORB F 10CMX10CM RL.20468;;;;;;;;;;;;;;477;SIMPRO_VIG;2009-12-01;19;
SIMPRO;2026-04-12;material;0000163911;12;;VENOSAN;CURATIVO FILME POLIURETANO SUPRASORB F 10CMX10MT ROLO N/EST.;;;;;;;;;;;;;;1198;SIMPRO_VIG;2025-07-29;19;
SIMPRO;2026-04-12;material;0000108114;12;;VENOSAN;CURATIVO FILME POLIURETANO SUPRASORB F 10X12CM;;;;;;;;;;;;;;81.3;SIMPRO_VIG;2025-07-29;19;
SIMPRO;2026-04-12;material;0000108115;12;;VENOSAN;CURATIVO FILME POLIURETANO SUPRASORB F 10X25CM;;;;;;;;;;;;;;136;SIMPRO_VIG;2025-07-29;19;
SIMPRO;2026-04-12;material;0000142632;12;;AMBER;CURATIVO FILME POLIURETANO SUPRASORB F 15CMX10CM RL.20469;;;;;;;;;;;;;;647;SIMPRO_VIG;2009-12-01;19;
SIMPRO;2026-04-12;material;0000163912;12;;VENOSAN;CURATIVO FILME POLIURETANO SUPRASORB F 15CMX10MT ROLO N/EST.;;;;;;;;;;;;;;1476.9;SIMPRO_VIG;2025-07-29;19;
SIMPRO;2026-04-12;material;0000108116;12;;VENOSAN;CURATIVO FILME POLIURETANO SUPRASORB F 15X20CM;;;;;;;;;;;;;;118.7;SIMPRO_VIG;2025-07-29;19;
SIMPRO;2026-04-12;material;0000108117;12;;VENOSAN;CURATIVO FILME POLIURETANO SUPRASORB F 20X30CM;;;;;;;;;;;;;;161;SIMPRO_VIG;2025-07-29;19;
SIMPRO;2026-04-12;material;0000255311;12;;PROINLAB;CURATIVO FILME POLIURETANO(CTS)06X07CM 50UNID;;;;;;;;;;;;;;9.6;SIMPRO_VIG;2015-03-24;19;
SIMPRO;2026-04-12;material;0000255312;12;;PROINLAB;CURATIVO FILME POLIURETANO(CTS)10X12CM 50UNID;;;;;;;;;;;;;;13.2;SIMPRO_VIG;2015-03-24;19;
SIMPRO;2026-04-12;material;0000323911;12;;EXPRESS MEDICAL;CURATIVO FILME POS OPERATORIO C/COMPRESSA ABSORV. OCTACARE 5X07,5CM;;;;;;;;;;;;;;19.9;SIMPRO_VIG;2021-11-09;19;
SIMPRO;2026-04-12;material;0000323913;12;;EXPRESS MEDICAL;CURATIVO FILME POS OPERATORIO C/COMPRESSA ABSORV. OCTACARE 9X10,0CM;;;;;;;;;;;;;;45.3;SIMPRO_VIG;2021-11-09;19;
SIMPRO;2026-04-12;material;0000323914;12;;EXPRESS MEDICAL;CURATIVO FILME POS OPERATORIO C/COMPRESSA ABSORV. OCTACARE 9X15,0CM;;;;;;;;;;;;;;49.8;SIMPRO_VIG;2021-11-09;19;
SIMPRO;2026-04-12;material;0000323915;12;;EXPRESS MEDICAL;CURATIVO FILME POS OPERATORIO C/COMPRESSA ABSORV. OCTACARE 9X25,0CM;;;;;;;;;;;;;;56.5;SIMPRO_VIG;2021-11-09;19;
SIMPRO;2026-04-12;material;0000323912;12;;EXPRESS MEDICAL;CURATIVO FILME POS OPERATORIO C/COMPRESSA ABSORV. OCTACARE 9X30,0CM;;;;;;;;;;;;;;75;SIMPRO_VIG;2021-11-09;19;
SIMPRO;2026-04-12;material;0000255442;12;;PAUL HARTMANN;CURATIVO FILME SPRAY C/HIDROPOLIMERO P/DERMO ABRASAO DERMAPLAST SPRAY PLUS 21,5ML;;;;;;;;;;;;;;230;SIMPRO_VIG;2017-10-31;19;
SIMPRO;2026-04-12;material;0000276459;12;;PAUL HARTMANN;CURATIVO FILME TRANSP.POLIUR. COMPRESSA N/TEC.HYDROFILM PLUS 9X15CM;;;;;;;;;;;;;;52.56;SIMPRO_VIG;2020-05-06;19;
SIMPRO;2026-04-12;material;0000276464;12;;PAUL HARTMANN;CURATIVO FILME TRANSP.POLIUR. HYDROFILM 10X15CM;;;;;;;;;;;;;;48.26;SIMPRO_VIG;2020-05-06;19;
SIMPRO;2026-04-12;material;0000276465;12;;PAUL HARTMANN;CURATIVO FILME TRANSP.POLIUR. HYDROFILM 15X20CM;;;;;;;;;;;;;;65.2;SIMPRO_VIG;2020-05-06;19;
SIMPRO;2026-04-12;material;0000276458;12;;BACE;CURATIVO FILME TRANSP.POLIURETANO COMPRESSA N/TEC.HYDROFILM PLUS 05X07,2CM PAUL HARTMANN;;;;;;;;;;;;;;12.74;SIMPRO_VIG;2016-09-13;19;
SIMPRO;2026-04-12;material;0000178118;12;;BACE;CURATIVO FILME TRANSP.POLIURETANO COMPRESSA N/TEC.HYDROFILM PLUS 10X12CM PAUL HARTMANN;;;;;;;;;;;;;;28.72;SIMPRO_VIG;2013-11-13;19;
SIMPRO;2026-04-12;material;0000276463;12;;BACE;CURATIVO FILME TRANSP.POLIURETANO COMPRESSA N/TEC.HYDROFILM PLUS 10X20,0CM PAUL HARTMANN;;;;;;;;;;;;;;35.77;SIMPRO_VIG;2016-09-13;19;
SIMPRO;2026-04-12;material;0000157534;12;;BACE;CURATIVO FILME TRANSP.POLIURETANO COMPRESSA N/TEC.HYDROFILM PLUS 5X7,2CM PAUL HARTMANN;;;;;;;;;;;;;;9.8;SIMPRO_VIG;2013-11-13;19;
SIMPRO;2026-04-12;material;0000337958;12;;PAUL HARTMANN;CURATIVO FILME TRANSP.POLIURETANO HYDROFILM 10X15CM PAUL HARTMANN;;;;;;;;;;;;;;48.26;SIMPRO_VIG;2023-01-31;19;
SIMPRO;2026-04-12;material;0000343657;12;;CIRURGICA FERNANDES;CURATIVO FILME TRANSPARENTE 05CMX10M ROLO N/EST. PHARMAFIX;;;;;;;;;;;;;;370;SIMPRO_VIG;2023-07-04;19;
SIMPRO;2026-04-12;material;0000343655;12;;CIRURGICA FERNANDES;CURATIVO FILME TRANSPARENTE 10CMX10M ROLO N/EST. PHARMAFIX;;;;;;;;;;;;;;150;SIMPRO_VIG;2023-07-04;19;
SIMPRO;2026-04-12;material;0000343656;12;;CIRURGICA FERNANDES;CURATIVO FILME TRANSPARENTE 15CMX10M ROLO N/EST. PHARMAFIX;;;;;;;;;;;;;;260;SIMPRO_VIG;2023-07-04;19;
SIMPRO;2026-04-12;material;0000259084;12;;CRAL;CURATIVO FILME TRANSPARENTE ALMOFADA 05X07CM 10UNID;;;;;;;;;;;;;;1.544;SIMPRO_VIG;2025-01-16;19;
SIMPRO;2026-04-12;material;0000259085;12;;CRAL;CURATIVO FILME TRANSPARENTE ALMOFADA 09X10CM 10UNID;;;;;;;;;;;;;;36.5;SIMPRO_VIG;2021-01-28;19;
SIMPRO;2026-04-12;material;0000259086;12;;CRAL;CURATIVO FILME TRANSPARENTE ALMOFADA 09X25CM 10UNID;;;;;;;;;;;;;;3.832;SIMPRO_VIG;2025-01-16;19;
SIMPRO;2026-04-12;material;0000351691;12;;CRAL;CURATIVO FILME TRANSPARENTE ALMOFADA 10X10CM 10UN;;;;;;;;;;;;;;2.803;SIMPRO_VIG;2025-01-16;19;
SIMPRO;2026-04-12;material;0000259089;12;;CRAL;CURATIVO FILME TRANSPARENTE ALMOFADA 10X15CM 10UNID;;;;;;;;;;;;;;42.5;SIMPRO_VIG;2020-04-07;19;
SIMPRO;2026-04-12;material;0000256527;12;;VITA MEDICAL;CURATIVO FILME TRANSPARENTE EST.C/FENESTRA KANGLI FILM 04X04CM;;;;;;;;;;;;;;3.59;SIMPRO_VIG;2025-08-05;19;
SIMPRO;2026-04-12;material;0000256528;12;;VITA MEDICAL;CURATIVO FILME TRANSPARENTE EST.C/FENESTRA KANGLI FILM 06X07CM;;;;;;;;;;;;;;8.39;SIMPRO_VIG;2025-08-05;19;
SIMPRO;2026-04-12;material;0000256531;12;;VITA MEDICAL;CURATIVO FILME TRANSPARENTE EST.C/FENESTRA KANGLI FILM 07X10CM;;;;;;;;;;;;;;17.61;SIMPRO_VIG;2025-08-05;19;
SIMPRO;2026-04-12;material;0000256529;12;;VITA MEDICAL;CURATIVO FILME TRANSPARENTE EST.C/FENESTRA KANGLI FILM 08X09CM;;;;;;;;;;;;;;18.39;SIMPRO_VIG;2025-08-05;19;
SIMPRO;2026-04-12;material;0000256530;12;;VITA MEDICAL;CURATIVO FILME TRANSPARENTE EST.C/FENESTRA KANGLI FILM 08X40CM;;;;;;;;;;;;;;79.69;SIMPRO_VIG;2025-08-05;19;
SIMPRO;2026-04-12;material;0000256532;12;;VITA MEDICAL;CURATIVO FILME TRANSPARENTE EST.C/FENESTRA KANGLI FILM 10X10CM;;;;;;;;;;;;;;24.51;SIMPRO_VIG;2025-08-05;19;
SIMPRO;2026-04-12;material;0000256533;12;;VITA MEDICAL;CURATIVO FILME TRANSPARENTE EST.C/FENESTRA KANGLI FILM 10X12CM;;;;;;;;;;;;;;26.04;SIMPRO_VIG;2025-08-05;19;
SIMPRO;2026-04-12;material;0000256534;12;;VITA MEDICAL;CURATIVO FILME TRANSPARENTE EST.C/FENESTRA KANGLI FILM 10X15CM;;;;;;;;;;;;;;32.18;SIMPRO_VIG;2025-08-05;19;
SIMPRO;2026-04-12;material;0000256535;12;;VITA MEDICAL;CURATIVO FILME TRANSPARENTE EST.C/FENESTRA KANGLI FILM 10X20CM;;;;;;;;;;;;;;43.68;SIMPRO_VIG;2025-08-05;19;
SIMPRO;2026-04-12;material;0000150995;12;;FARMA;CURATIVO FILME TRANSPARENTE EST.C/MOLDURA/FENESTRA 10X012CM CURATEC. L.M;;;;;;;;;;;;;;18.27;SIMPRO_VIG;2015-10-06;19;
SIMPRO;2026-04-12;material;0000150994;12;;FARMA;CURATIVO FILME TRANSPARENTE EST.C/MOLDURA/FENESTRA 6,0X7,0CM CURATEC. L.M;;;;;;;;;;;;;;6.47;SIMPRO_VIG;2015-10-06;19;
SIMPRO;2026-04-12;material;0000150999;12;;FARMA;CURATIVO FILME TRANSPARENTE EST.C/MOLDURA/FENESTRA 7,0X9,0CM CURATEC. L.M;;;;;;;;;;;;;;10.01;SIMPRO_VIG;2015-10-06;19;
SIMPRO;2026-04-12;material;0000151000;12;;FARMA;CURATIVO FILME TRANSPARENTE EST.C/MOLDURA/FENESTRA 9,0X010CM CURATEC. L.M;;;;;;;;;;;;;;18.86;SIMPRO_VIG;2015-10-06;19;
SIMPRO;2026-04-12;material;0000256536;12;;VITA MEDICAL;CURATIVO FILME TRANSPARENTE EST.S/FENESTRA KANGLI FILM 04X04CM;;;;;;;;;;;;;;3.53;SIMPRO_VIG;2025-08-05;19;
SIMPRO;2026-04-12;material;0000256537;12;;VITA MEDICAL;CURATIVO FILME TRANSPARENTE EST.S/FENESTRA KANGLI FILM 06X07CM;;;;;;;;;;;;;;8.2;SIMPRO_VIG;2025-08-05;19;
SIMPRO;2026-04-12;material;0000256540;12;;VITA MEDICAL;CURATIVO FILME TRANSPARENTE EST.S/FENESTRA KANGLI FILM 07X10CM;;;;;;;;;;;;;;17.61;SIMPRO_VIG;2025-08-05;19;
SIMPRO;2026-04-12;material;0000256538;12;;VITA MEDICAL;CURATIVO FILME TRANSPARENTE EST.S/FENESTRA KANGLI FILM 08X09CM;;;;;;;;;;;;;;16.83;SIMPRO_VIG;2025-08-05;19;
SIMPRO;2026-04-12;material;0000256539;12;;VITA MEDICAL;CURATIVO FILME TRANSPARENTE EST.S/FENESTRA KANGLI FILM 08X40CM;;;;;;;;;;;;;;72.91;SIMPRO_VIG;2025-08-05;19;
SIMPRO;2026-04-12;material;0000256541;12;;VITA MEDICAL;CURATIVO FILME TRANSPARENTE EST.S/FENESTRA KANGLI FILM 10X10CM;;;;;;;;;;;;;;16.4;SIMPRO_VIG;2025-08-05;19;
SIMPRO;2026-04-12;material;0000256542;12;;VITA MEDICAL;CURATIVO FILME TRANSPARENTE EST.S/FENESTRA KANGLI FILM 10X12CM;;;;;;;;;;;;;;21.09;SIMPRO_VIG;2025-08-05;19;
SIMPRO;2026-04-12;material;0000256543;12;;VITA MEDICAL;CURATIVO FILME TRANSPARENTE EST.S/FENESTRA KANGLI FILM 10X15CM;;;;;;;;;;;;;;24.25;SIMPRO_VIG;2025-08-05;19;
SIMPRO;2026-04-12;material;0000256544;12;;VITA MEDICAL;CURATIVO FILME TRANSPARENTE EST.S/FENESTRA KANGLI FILM 10X20CM;;;;;;;;;;;;;;29.96;SIMPRO_VIG;2025-08-05;19;
SIMPRO;2026-04-12;material;0000266303;12;;VITA MEDICAL;CURATIVO FILME TRANSPARENTE ESTERIL C/FENEST/FIX. KANGLI FILM 07,0X09,0CM;;;;;;;;;;;;;;19.94;SIMPRO_VIG;2025-08-05;19;
SIMPRO;2026-04-12;material;0000266304;12;;VITA MEDICAL;CURATIVO FILME TRANSPARENTE ESTERIL C/FENEST/FIX. OVAL KANGLI FILM 08,5X10,5CM;;;;;;;;;;;;;;25.03;SIMPRO_VIG;2025-08-05;19;
SIMPRO;2026-04-12;material;0000259093;12;;CRAL;CURATIVO FILME TRANSPARENTE I.V.06X07CM 50UNID;;;;;;;;;;;;;;0.561;SIMPRO_VIG;2025-01-16;19;
SIMPRO;2026-04-12;material;0000259097;12;;CRAL;CURATIVO FILME TRANSPARENTE I.V.07X8,5CM 50UNID;;;;;;;;;;;;;;8.466;SIMPRO_VIG;2020-04-07;19;
SIMPRO;2026-04-12;material;0000259102;12;;CRAL;CURATIVO FILME TRANSPARENTE I.V.08,5X10,5CM 50UNID;;;;;;;;;;;;;;10.583;SIMPRO_VIG;2020-04-07;19;
SIMPRO;2026-04-12;material;0000351004;12;;POLAR FIX;CURATIVO FILME TRANSPARENTE IV 7,0X09,0CM C/CLOREXIDINA EST.;;;;;;;;;;;;;;84.48;SIMPRO_VIG;2024-03-28;19;
SIMPRO;2026-04-12;material;0000351005;12;;POLAR FIX;CURATIVO FILME TRANSPARENTE IV 8,5X11,5CM C/CLOREXIDINA EST.;;;;;;;;;;;;;;144;SIMPRO_VIG;2024-03-28;19;
SIMPRO;2026-04-12;material;0000318438;12;;CRAL;CURATIVO FILME TRANSPARENTE IV EST.7,0X9,0CM 50UNID.;;;;;;;;;;;;;;2.094;SIMPRO_VIG;2025-01-16;19;
SIMPRO;2026-04-12;material;0000318439;12;;CRAL;CURATIVO FILME TRANSPARENTE IV EST.8,5X11,5CM 50UNID.;;;;;;;;;;;;;;2.711;SIMPRO_VIG;2025-01-16;19;
SIMPRO;2026-04-12;material;0000323147;12;;POLAR FIX;CURATIVO FILME TRANSPARENTE IV WOUND CARE F 5,0X5,7CM EST.FP0075;;;;;;;;;;;;;;24.16;SIMPRO_VIG;2022-10-20;19;
SIMPRO;2026-04-12;material;0000335218;12;;POLAR FIX;CURATIVO FILME TRANSPARENTE IV WOUND CARE F 5X05,7CM EST.FP0127;;;;;;;;;;;;;;24.16;SIMPRO_VIG;2022-10-20;19;
SIMPRO;2026-04-12;material;0000323148;12;;POLAR FIX;CURATIVO FILME TRANSPARENTE IV WOUND CARE F 7,0X9,0CM EST.FP0076;;;;;;;;;;;;;;19.8;SIMPRO_VIG;2022-10-20;19;
SIMPRO;2026-04-12;material;0000335219;12;;POLAR FIX;CURATIVO FILME TRANSPARENTE IV WOUND CARE F 7X09,0CM EST.FP0128;;;;;;;;;;;;;;18.9;SIMPRO_VIG;2022-10-20;19;
SIMPRO;2026-04-12;material;0000323149;12;;POLAR FIX;CURATIVO FILME TRANSPARENTE IV WOUND CARE F 9,0X12,0CM EST.FP0077;;;;;;;;;;;;;;65.64;SIMPRO_VIG;2022-10-20;19;
SIMPRO;2026-04-12;material;0000335220;12;;POLAR FIX;CURATIVO FILME TRANSPARENTE IV WOUND CARE F 9X12,0CM EST.FP0129;;;;;;;;;;;;;;65.64;SIMPRO_VIG;2022-10-20;19;
SIMPRO;2026-04-12;material;0000259103;12;;CRAL;CURATIVO FILME TRANSPARENTE LISO 06X07CM 50UNID;;;;;;;;;;;;;;1.444;SIMPRO_VIG;2025-01-16;19;
SIMPRO;2026-04-12;material;0000259104;12;;CRAL;CURATIVO FILME TRANSPARENTE LISO 07X09CM 50UNID;;;;;;;;;;;;;;10.708;SIMPRO_VIG;2020-04-07;19;
SIMPRO;2026-04-12;material;0000259105;12;;CRAL;CURATIVO FILME TRANSPARENTE LISO 10X12CM 50UNID;;;;;;;;;;;;;;3.558;SIMPRO_VIG;2025-01-16;19;
SIMPRO;2026-04-12;material;0000259106;12;;CRAL;CURATIVO FILME TRANSPARENTE LISO 10X25CM 50UNID;;;;;;;;;;;;;;5.775;SIMPRO_VIG;2025-01-16;19;
SIMPRO;2026-04-12;material;0000323910;12;;EXPRESS MEDICAL;CURATIVO FILME TRANSPARENTE OCTACARE 10CMX05MT;;;;;;;;;;;;;;160;SIMPRO_VIG;2021-05-19;19;
SIMPRO;2026-04-12;material;0000323909;12;;EXPRESS MEDICAL;CURATIVO FILME TRANSPARENTE OCTACARE 10CMX10MT;;;;;;;;;;;;;;550;SIMPRO_VIG;2021-05-19;19;
SIMPRO;2026-04-12;material;0000323908;12;;EXPRESS MEDICAL;CURATIVO FILME TRANSPARENTE OCTACARE 15CMX10MT;;;;;;;;;;;;;;800;SIMPRO_VIG;2021-05-19;19;
SIMPRO;2026-04-12;material;0000332096;12;;GOLDMED IMPORT;CURATIVO FILME TRANSPARENTE P/FIX. CATETER PHARMAPORE PUIV 07,0X08,5CM;;;;;;;;;;;;;;10.5;SIMPRO_VIG;2022-05-11;19;
SIMPRO;2026-04-12;material;0000254313;12;;GUINEZ;CURATIVO FILME TRANSPARENTE PHARMAPORE PU FS 10X10CM;;;;;;;;;;;;;;22.9;SIMPRO_VIG;2015-03-10;19;
SIMPRO;2026-04-12;material;0000254314;12;;GUINEZ;CURATIVO FILME TRANSPARENTE PHARMAPORE PU FS 10X15CM;;;;;;;;;;;;;;26.9;SIMPRO_VIG;2015-03-10;19;
SIMPRO;2026-04-12;material;0000268312;12;;GUINEZ;CURATIVO FILME TRANSPARENTE PHARMAPORE PU FS 10X25CM;;;;;;;;;;;;;;45.3;SIMPRO_VIG;2016-03-01;19;
SIMPRO;2026-04-12;material;0000271795;12;;KORAL HOSPITALAR;CURATIVO FILME TRANSPARENTE PHARMAPORE PU IV 05,0X5,7CM;;;;;;;;;;;;;;8.74;SIMPRO_VIG;2016-12-13;19;
SIMPRO;2026-04-12;material;0000271792;12;;KORAL HOSPITALAR;CURATIVO FILME TRANSPARENTE PHARMAPORE PU IV 06,0X7,0CM;;;;;;;;;;;;;;9.2;SIMPRO_VIG;2016-12-13;19;
SIMPRO;2026-04-12;material;0000280211;12;;KORAL HOSPITALAR;CURATIVO FILME TRANSPARENTE PHARMAPORE PU IV 06,5X07,0CM ADV;;;;;;;;;;;;;;9.5;SIMPRO_VIG;2016-12-13;19;
SIMPRO;2026-04-12;material;0000280212;12;;KORAL HOSPITALAR;CURATIVO FILME TRANSPARENTE PHARMAPORE PU IV 07,0X09,0CM ADVANCED;;;;;;;;;;;;;;14.55;SIMPRO_VIG;2016-12-13;19;
SIMPRO;2026-04-12;material;0000271793;12;;KORAL HOSPITALAR;CURATIVO FILME TRANSPARENTE PHARMAPORE PU IV 07,0X9,0CM;;;;;;;;;;;;;;12.51;SIMPRO_VIG;2016-12-13;19;
SIMPRO;2026-04-12;material;0000280213;12;;KORAL HOSPITALAR;CURATIVO FILME TRANSPARENTE PHARMAPORE PU IV 08,5X11,5CM ADV;;;;;;;;;;;;;;35.8;SIMPRO_VIG;2016-12-13;19;
SIMPRO;2026-04-12;material;0000280214;12;;KORAL HOSPITALAR;CURATIVO FILME TRANSPARENTE PHARMAPORE PU IV 10,0X12,0CM ADV;;;;;;;;;;;;;;39.3;SIMPRO_VIG;2016-12-13;19;
SIMPRO;2026-04-12;material;0000271794;12;;KORAL HOSPITALAR;CURATIVO FILME TRANSPARENTE PHARMAPORE PU IV 8,5X11,5CM;;;;;;;;;;;;;;30.07;SIMPRO_VIG;2016-12-13;19;
SIMPRO;2026-04-12;material;0000176249;12;;GUINEZ;CURATIVO FILME TRANSPARENTE PHARMAPORE PU IV C/FENESTRA 5X5,7CM PHARMAPLAST;;;;;;;;;;;;;;7.2;SIMPRO_VIG;2013-05-02;19;
SIMPRO;2026-04-12;material;0000254304;12;;GUINEZ;CURATIVO FILME TRANSPARENTE PHARMAPORE PU IV C/FENESTRA 6X7CM PHARMAPLAST;;;;;;;;;;;;;;8.8;SIMPRO_VIG;2015-03-10;19;
SIMPRO;2026-04-12;material;0000176250;12;;GUINEZ;CURATIVO FILME TRANSPARENTE PHARMAPORE PU IV C/FENESTRA 7X9CM PHARMAPLAST;;;;;;;;;;;;;;9.5;SIMPRO_VIG;2013-05-02;19;
SIMPRO;2026-04-12;material;0000176251;12;;GUINEZ;CURATIVO FILME TRANSPARENTE PHARMAPORE PU IV C/FENESTRA 8,5X11,5CM PHARMAPLAST;;;;;;;;;;;;;;10.3;SIMPRO_VIG;2013-05-02;19;
SIMPRO;2026-04-12;material;0000169492;12;;FARMA;CURATIVO FILME TRANSPARENTE POLIURETANO C/PAD ABSORV.05X07CM CURATEC POS-OPERATORIO. L.M;;;;;;;;;;;;;;11.06;SIMPRO_VIG;2015-10-06;19;
SIMPRO;2026-04-12;material;0000169493;12;;FARMA;CURATIVO FILME TRANSPARENTE POLIURETANO C/PAD ABSORV.09X10CM CURATEC POS-OPERATORIO. L.M;;;;;;;;;;;;;;25.35;SIMPRO_VIG;2015-10-06;19;
SIMPRO;2026-04-12;material;0000169494;12;;FARMA;CURATIVO FILME TRANSPARENTE POLIURETANO C/PAD ABSORV.09X15CM CURATEC POS-OPERATORIO. L.M;;;;;;;;;;;;;;21.68;SIMPRO_VIG;2015-10-06;19;
SIMPRO;2026-04-12;material;0000169495;12;;FARMA;CURATIVO FILME TRANSPARENTE POLIURETANO C/PAD ABSORV.09X25CM CURATEC POS-OPERATORIO. L.M;;;;;;;;;;;;;;39.57;SIMPRO_VIG;2015-10-06;19;
SIMPRO;2026-04-12;material;0000169496;12;;FARMA;CURATIVO FILME TRANSPARENTE POLIURETANO C/PAD ABSORV.09X35CM CURATEC POS-OPERATORIO. L.M;;;;;;;;;;;;;;46.02;SIMPRO_VIG;2015-10-06;19;
SIMPRO;2026-04-12;material;0000266639;12;;PAUL HARTMANN;CURATIVO FILME TRANSPARENTE POLIURETANO COMPRESSA N/TEC.HYDROFILM PLUS 05X7,2CM PAUL HARTMANN;;;;;;;;;;;;;;28.13;SIMPRO_VIG;2022-10-27;19;
SIMPRO;2026-04-12;material;0000266640;12;;PAUL HARTMANN;CURATIVO FILME TRANSPARENTE POLIURETANO COMPRESSA N/TEC.HYDROFILM PLUS 09X15CM PAUL HARTMANN;;;;;;;;;;;;;;66.98;SIMPRO_VIG;2022-10-27;19;
SIMPRO;2026-04-12;material;0000266636;12;;PAUL HARTMANN;CURATIVO FILME TRANSPARENTE POLIURETANO COMPRESSA N/TEC.HYDROFILM PLUS 10X12CM PAUL HARTMANN;;;;;;;;;;;;;;46.71;SIMPRO_VIG;2020-05-06;19;
SIMPRO;2026-04-12;material;0000128318;12;;BACE;CURATIVO FILME TRANSPARENTE POLIURETANO COMPRESSA N/TEC.HYDROFILM PLUS 10X25 PAUL HARTMANN;;;;;;;;;;;;;;36.5;SIMPRO_VIG;2013-11-13;19;
SIMPRO;2026-04-12;material;0000266637;12;;PAUL HARTMANN;CURATIVO FILME TRANSPARENTE POLIURETANO COMPRESSA N/TEC.HYDROFILM PLUS 10X25CM PAUL HARTMANN;;;;;;;;;;;;;;78.4;SIMPRO_VIG;2020-05-06;19;
SIMPRO;2026-04-12;material;0000128317;12;;BACE;CURATIVO FILME TRANSPARENTE POLIURETANO COMPRESSA N/TEC.HYDROFILM PLUS 10X30 PAUL HARTMANN;;;;;;;;;;;;;;42.5;SIMPRO_VIG;2013-11-13;19;
SIMPRO;2026-04-12;material;0000266638;12;;PAUL HARTMANN;CURATIVO FILME TRANSPARENTE POLIURETANO COMPRESSA N/TEC.HYDROFILM PLUS 10X30CM PAUL HARTMANN;;;;;;;;;;;;;;96.46;SIMPRO_VIG;2020-05-06;19;
SIMPRO;2026-04-12;material;0000057398;12;;BACE;CURATIVO FILME TRANSPARENTE POLIURETANO COMPRESSA N/TEC.HYDROFILM PLUS 12X25 PAUL HARTMANN 9160441;;;;;;;;;;;;;;27.3;SIMPRO_VIG;2010-07-12;19;
SIMPRO;2026-04-12;material;0000057396;12;;BACE;CURATIVO FILME TRANSPARENTE POLIURETANO COMPRESSA N/TEC.HYDROFILM PLUS 5X7 PAUL HARTMANN 9160421;;;;;;;;;;;;;;6.8;SIMPRO_VIG;2010-07-12;19;
SIMPRO;2026-04-12;material;0000057397;12;;BACE;CURATIVO FILME TRANSPARENTE POLIURETANO COMPRESSA N/TEC.HYDROFILM PLUS 8X12 PAUL HARTMANN 9160431;;;;;;;;;;;;;;12.5;SIMPRO_VIG;2010-07-12;19;
SIMPRO;2026-04-12;material;0000128319;12;;BACE;CURATIVO FILME TRANSPARENTE POLIURETANO COMPRESSA N/TEC.HYDROFILM PLUS 9X10 PAUL HARTMANN;;;;;;;;;;;;;;17.45;SIMPRO_VIG;2010-07-12;19;
SIMPRO;2026-04-12;material;0000128316;12;;BACE;CURATIVO FILME TRANSPARENTE POLIURETANO COMPRESSA N/TEC.HYDROFILM PLUS 9X15 PAUL HARTMANN;;;;;;;;;;;;;;22.87;SIMPRO_VIG;2013-11-13;19;
SIMPRO;2026-04-12;material;0000352813;12;;PAUL HARTMANN;CURATIVO FILME TRANSPARENTE POLIURETANO COMPRESSA N/TEC.VISCOSE COSMOPOR 05X7,2CM;;;;;;;;;;;;;;51.24;SIMPRO_VIG;2025-10-28;19;
SIMPRO;2026-04-12;material;0000352814;12;;PAUL HARTMANN;CURATIVO FILME TRANSPARENTE POLIURETANO COMPRESSA N/TEC.VISCOSE COSMOPOR 09X15CM;;;;;;;;;;;;;;93.33;SIMPRO_VIG;2025-10-28;19;
SIMPRO;2026-04-12;material;0000352815;12;;PAUL HARTMANN;CURATIVO FILME TRANSPARENTE POLIURETANO COMPRESSA N/TEC.VISCOSE COSMOPOR 10X12CM;;;;;;;;;;;;;;96.5;SIMPRO_VIG;2025-10-28;19;
SIMPRO;2026-04-12;material;0000352816;12;;PAUL HARTMANN;CURATIVO FILME TRANSPARENTE POLIURETANO COMPRESSA N/TEC.VISCOSE COSMOPOR 10X25CM;;;;;;;;;;;;;;157.22;SIMPRO_VIG;2025-10-28;19;
SIMPRO;2026-04-12;material;0000352817;12;;PAUL HARTMANN;CURATIVO FILME TRANSPARENTE POLIURETANO COMPRESSA N/TEC.VISCOSE COSMOPOR 10X30CM;;;;;;;;;;;;;;189.19;SIMPRO_VIG;2025-10-28;19;
SIMPRO;2026-04-12;material;0000266645;12;;PAUL HARTMANN;CURATIVO FILME TRANSPARENTE POLIURETANO HYDROFILM 06X07CM;;;;;;;;;;;;;;17.19;SIMPRO_VIG;2022-10-27;19;
SIMPRO;2026-04-12;material;0000352458;12;;PAUL HARTMANN;CURATIVO FILME TRANSPARENTE POLIURETANO HYDROFILM 06X07CM;;;;;;;;;;;;;;28.92;SIMPRO_VIG;2025-10-28;19;
SIMPRO;2026-04-12;material;0000266673;12;;BACE;CURATIVO FILME TRANSPARENTE POLIURETANO HYDROFILM 10X12,5CM PAUL HARTMANN;;;;;;;;;;;;;;28.9;SIMPRO_VIG;2016-01-13;19;
SIMPRO;2026-04-12;material;0000128313;12;;BACE;CURATIVO FILME TRANSPARENTE POLIURETANO HYDROFILM 10X12,5CM PAUL HARTMANN 685758;;;;;;;;;;;;;;15.65;SIMPRO_VIG;2013-11-13;19;
SIMPRO;2026-04-12;material;0000057394;12;;BACE;CURATIVO FILME TRANSPARENTE POLIURETANO HYDROFILM 10X15 PAUL HARTMANN;;;;;;;;;;;;;;17.21;SIMPRO_VIG;2013-11-13;19;
SIMPRO;2026-04-12;material;0000352459;12;;PAUL HARTMANN;CURATIVO FILME TRANSPARENTE POLIURETANO HYDROFILM 10X15CM;;;;;;;;;;;;;;64.23;SIMPRO_VIG;2025-10-28;19;
SIMPRO;2026-04-12;material;0000266641;12;;BACE;CURATIVO FILME TRANSPARENTE POLIURETANO HYDROFILM 10X15CM PAUL HARTMANN;;;;;;;;;;;;;;22.37;SIMPRO_VIG;2016-05-03;19;
SIMPRO;2026-04-12;material;0000151625;12;;BACE;CURATIVO FILME TRANSPARENTE POLIURETANO HYDROFILM 10X25 PAUL HARTMANN;;;;;;;;;;;;;;35.23;SIMPRO_VIG;2013-11-13;19;
SIMPRO;2026-04-12;material;0000266642;12;;PAUL HARTMANN;CURATIVO FILME TRANSPARENTE POLIURETANO HYDROFILM 10X25CM;;;;;;;;;;;;;;71.8;SIMPRO_VIG;2020-05-06;19;
SIMPRO;2026-04-12;material;0000352460;12;;PAUL HARTMANN;CURATIVO FILME TRANSPARENTE POLIURETANO HYDROFILM 10X25CM;;;;;;;;;;;;;;108.5;SIMPRO_VIG;2025-10-28;19;
SIMPRO;2026-04-12;material;0000147649;12;;BACE;CURATIVO FILME TRANSPARENTE POLIURETANO HYDROFILM 10X25CM PAUL HARTMANN;;;;;;;;;;;;;;54.9;SIMPRO_VIG;2010-07-12;19;
SIMPRO;2026-04-12;material;0000057395;12;;BACE;CURATIVO FILME TRANSPARENTE POLIURETANO HYDROFILM 12X25CM P.HARTMANN;;;;;;;;;;;;;;38.83;SIMPRO_VIG;2013-11-13;19;
SIMPRO;2026-04-12;material;0000266643;12;;BACE;CURATIVO FILME TRANSPARENTE POLIURETANO HYDROFILM 12X25CM PAUL HARTMANN;;;;;;;;;;;;;;38.83;SIMPRO_VIG;2016-01-13;19;
SIMPRO;2026-04-12;material;0000266644;12;;PAUL HARTMANN;CURATIVO FILME TRANSPARENTE POLIURETANO HYDROFILM 15X20CM;;;;;;;;;;;;;;57.2;SIMPRO_VIG;2020-05-06;19;
SIMPRO;2026-04-12;material;0000128314;12;;BACE;CURATIVO FILME TRANSPARENTE POLIURETANO HYDROFILM 15X20CM P.HARTMANN;;;;;;;;;;;;;;36.98;SIMPRO_VIG;2013-11-13;19;
SIMPRO;2026-04-12;material;0000128315;12;;BACE;CURATIVO FILME TRANSPARENTE POLIURETANO HYDROFILM 6X7CM PAUL HARTMANN;;;;;;;;;;;;;;6.07;SIMPRO_VIG;2013-11-13;19;
SIMPRO;2026-04-12;material;0000057393;12;;BACE;CURATIVO FILME TRANSPARENTE POLIURETANO HYDROFILM 6X9CM PAUL HARTMANN 9008619;;;;;;;;;;;;;;8;SIMPRO_VIG;2010-07-12;19;
SIMPRO;2026-04-12;material;0000159912;12;;PAUL HARTMANN;CURATIVO FILME TRANSPARENTE POLIURETANO HYDROFILM ROLL 10CMX10M;;;;;;;;;;;;;;1.399;SIMPRO_VIG;2025-10-28;19;
SIMPRO;2026-04-12;material;0000159911;12;;PAUL HARTMANN;CURATIVO FILME TRANSPARENTE POLIURETANO HYDROFILM ROLL 10CMX2M;;;;;;;;;;;;;;2.95;SIMPRO_VIG;2020-12-15;19;
SIMPRO;2026-04-12;material;0000159913;12;;PAUL HARTMANN;CURATIVO FILME TRANSPARENTE POLIURETANO HYDROFILM ROLL 15CMX10M;;;;;;;;;;;;;;1.923;SIMPRO_VIG;2025-10-28;19;
SIMPRO;2026-04-12;material;0000159910;12;;PAUL HARTMANN;CURATIVO FILME TRANSPARENTE POLIURETANO HYDROFILM ROLL 5CMX10M;;;;;;;;;;;;;;0.814;SIMPRO_VIG;2020-05-06;19;
SIMPRO;2026-04-12;material;0000115519;12;;CARDINAL HEALTH MS;CURATIVO FILME TRANSPARENTE POLYSKIN II 05X07CM;;;;;;;;;;;;;;17.29;SIMPRO_VIG;2010-09-03;19;
SIMPRO;2026-04-12;material;0000267744;12;;CARDINAL HEALTH MS;CURATIVO FILME TRANSPARENTE POLYSKIN II 10X12CM;;;;;;;;;;;;;;28.78;SIMPRO_VIG;2016-02-12;19;
SIMPRO;2026-04-12;material;0000115524;12;;CARDINAL HEALTH MS;CURATIVO FILME TRANSPARENTE POLYSKIN II 10X20CM;;;;;;;;;;;;;;41.03;SIMPRO_VIG;2015-10-06;19;
SIMPRO;2026-04-12;material;0000115523;12;;CARDINAL HEALTH MS;CURATIVO FILME TRANSPARENTE POLYSKIN II 15X20CM;;;;;;;;;;;;;;56.05;SIMPRO_VIG;2015-10-06;19;
SIMPRO;2026-04-12;material;0000115525;12;;CARDINAL HEALTH MS;CURATIVO FILME TRANSPARENTE POLYSKIN II 20X25CM;;;;;;;;;;;;;;91.67;SIMPRO_VIG;2014-12-18;19;
SIMPRO;2026-04-12;material;0000328014;12;;POLAR FIX;CURATIVO FILME TRANSPARENTE POS-OPERATORIO 10X25CM PADRAO 5,5X,20CM EST.FP0106;;;;;;;;;;;;;;333.9;SIMPRO_VIG;2022-10-20;19;
SIMPRO;2026-04-12;material;0000328013;12;;POLAR FIX;CURATIVO FILME TRANSPARENTE POS-OPERATORIO 9X9CM PADRAO 5X3,8CM EST.FP0112;;;;;;;;;;;;;;191.6;SIMPRO_VIG;2022-10-20;19;
SIMPRO;2026-04-12;material;0000271801;12;;KORAL HOSPITALAR;CURATIVO FILME TRANSPARENTE PROTECTFILM FRAME STYLE 04,5X04,5CM;;;;;;;;;;;;;;5.9;SIMPRO_VIG;2016-06-08;19;
SIMPRO;2026-04-12;material;0000271802;12;;KORAL HOSPITALAR;CURATIVO FILME TRANSPARENTE PROTECTFILM FRAME STYLE 04,8X06,7CM;;;;;;;;;;;;;;6.1;SIMPRO_VIG;2016-06-08;19;
SIMPRO;2026-04-12;material;0000271803;12;;KORAL HOSPITALAR;CURATIVO FILME TRANSPARENTE PROTECTFILM FRAME STYLE 06,0X07,0CM;;;;;;;;;;;;;;6.8;SIMPRO_VIG;2016-06-08;19;
SIMPRO;2026-04-12;material;0000271804;12;;KORAL HOSPITALAR;CURATIVO FILME TRANSPARENTE PROTECTFILM FRAME STYLE 10,0X10,0CM;;;;;;;;;;;;;;16.74;SIMPRO_VIG;2016-06-08;19;
SIMPRO;2026-04-12;material;0000271805;12;;KORAL HOSPITALAR;CURATIVO FILME TRANSPARENTE PROTECTFILM FRAME STYLE 10,0X12,0CM;;;;;;;;;;;;;;18.04;SIMPRO_VIG;2016-06-08;19;
SIMPRO;2026-04-12;material;0000271806;12;;KORAL HOSPITALAR;CURATIVO FILME TRANSPARENTE PROTECTFILM FRAME STYLE 10,0X15,0CM;;;;;;;;;;;;;;24.05;SIMPRO_VIG;2016-06-08;19;
SIMPRO;2026-04-12;material;0000271807;12;;KORAL HOSPITALAR;CURATIVO FILME TRANSPARENTE PROTECTFILM FRAME STYLE 10,0X25,0CM;;;;;;;;;;;;;;39.98;SIMPRO_VIG;2016-06-08;19;
SIMPRO;2026-04-12;material;0000271808;12;;KORAL HOSPITALAR;CURATIVO FILME TRANSPARENTE PROTECTFILM FRAME STYLE 10,0X30,0CM;;;;;;;;;;;;;;46.64;SIMPRO_VIG;2016-06-08;19;
SIMPRO;2026-04-12;material;0000271809;12;;KORAL HOSPITALAR;CURATIVO FILME TRANSPARENTE PROTECTFILM FRAME STYLE 15,0X20,0CM;;;;;;;;;;;;;;45.34;SIMPRO_VIG;2016-06-08;19;
SIMPRO;2026-04-12;material;0000271810;12;;KORAL HOSPITALAR;CURATIVO FILME TRANSPARENTE PROTECTFILM FRAME STYLE 20,0X30,0CM;;;;;;;;;;;;;;79.95;SIMPRO_VIG;2016-06-08;19;
SIMPRO;2026-04-12;material;0000254318;12;;GUINEZ;CURATIVO FILME TRANSPARENTE PROTECTFILM PU FS 06X07CM;;;;;;;;;;;;;;5.9;SIMPRO_VIG;2015-03-10;19;
SIMPRO;2026-04-12;material;0000254315;12;;GUINEZ;CURATIVO FILME TRANSPARENTE PROTECTFILM PU FS 10X10CM;;;;;;;;;;;;;;6.9;SIMPRO_VIG;2015-03-10;19;
SIMPRO;2026-04-12;material;0000254316;12;;GUINEZ;CURATIVO FILME TRANSPARENTE PROTECTFILM PU FS 10X12CM;;;;;;;;;;;;;;7.9;SIMPRO_VIG;2015-03-10;19;
SIMPRO;2026-04-12;material;0000254317;12;;GUINEZ;CURATIVO FILME TRANSPARENTE PROTECTFILM PU FS 10X15CM;;;;;;;;;;;;;;8.9;SIMPRO_VIG;2015-03-10;19;
SIMPRO;2026-04-12;material;0000354015;12;;PURAH;CURATIVO FILME TRANSPARENTE PU N/EST.05CMX10MT.;;;;;;;;;;;;;;725;SIMPRO_VIG;2026-01-20;19;
SIMPRO;2026-04-12;material;0000354016;12;;PURAH;CURATIVO FILME TRANSPARENTE PU N/EST.10CMX10MT.;;;;;;;;;;;;;;1150;SIMPRO_VIG;2026-01-20;19;
SIMPRO;2026-04-12;material;0000354017;12;;PURAH;CURATIVO FILME TRANSPARENTE PU N/EST.15CMX10MT.;;;;;;;;;;;;;;1685;SIMPRO_VIG;2026-01-20;19;
SIMPRO;2026-04-12;material;0000259107;12;;CRAL;CURATIVO FILME TRANSPARENTE ROLO 05CMX10MT;;;;;;;;;;;;;;0.038;SIMPRO_VIG;2025-01-16;19;
SIMPRO;2026-04-12;material;0000262132;12;;CREMER;CURATIVO FILME TRANSPARENTE ROLO 05CMX10MT.;;;;;;;;;;;;;;0.577;SIMPRO_VIG;2022-10-28;19;
SIMPRO;2026-04-12;material;0000150997;12;;FARMA;CURATIVO FILME TRANSPARENTE ROLO 10CMX10M CURATEC.. L.M;;;;;;;;;;;;;;0.556;SIMPRO_VIG;2011-01-01;19;
SIMPRO;2026-04-12;material;0000259110;12;;CRAL;CURATIVO FILME TRANSPARENTE ROLO 10CMX10MT;;;;;;;;;;;;;;0.073;SIMPRO_VIG;2025-01-16;19;
SIMPRO;2026-04-12;material;0000261936;12;;FARMA;CURATIVO FILME TRANSPARENTE ROLO 10CMX10MT CURATEC. L.M;;;;;;;;;;;;;;1103.55;SIMPRO_VIG;2020-06-16;19;
SIMPRO;2026-04-12;material;0000172417;12;;FARMA;CURATIVO FILME TRANSPARENTE ROLO 10CMX2MT CURATEC. L.M;;;;;;;;;;;;;;510.12;SIMPRO_VIG;2020-06-16;19;
SIMPRO;2026-04-12;material;0000259112;12;;CRAL;CURATIVO FILME TRANSPARENTE ROLO 15CMX10MT;;;;;;;;;;;;;;0.106;SIMPRO_VIG;2025-01-16;19;
SIMPRO;2026-04-12;material;0000150998;12;;FARMA;CURATIVO FILME TRANSPARENTE ROLO 15CMX10MT CURATEC. L.M;;;;;;;;;;;;;;1538.54;SIMPRO_VIG;2020-06-16;19;
SIMPRO;2026-04-12;material;0000172418;12;;FARMA;CURATIVO FILME TRANSPARENTE ROLO 15CMX2MT CURATEC. L.M;;;;;;;;;;;;;;586.64;SIMPRO_VIG;2020-06-16;19;
SIMPRO;2026-04-12;material;0000150996;12;;FARMA;CURATIVO FILME TRANSPARENTE ROLO 5CMX10MT CURATEC. L.M;;;;;;;;;;;;;;657.45;SIMPRO_VIG;2020-06-16;19;
SIMPRO;2026-04-12;material;0000172416;12;;FARMA;CURATIVO FILME TRANSPARENTE ROLO 5CMX2MT CURATEC. L.M;;;;;;;;;;;;;;382.59;SIMPRO_VIG;2020-06-16;19;
SIMPRO;2026-04-12;material;0000355380;12;;CREMER;CURATIVO FILME TRANSPARENTE ROLO CREMER 10CMX10MT;;;;;;;;;;;;;;1.157;SIMPRO_VIG;2024-09-24;19;
SIMPRO;2026-04-12;material;0000262133;12;;CREMER;CURATIVO FILME TRANSPARENTE ROLO CREMER 10CMX10MT.;;;;;;;;;;;;;;1157.12;SIMPRO_VIG;2023-11-22;19;
SIMPRO;2026-04-12;material;0000355381;12;;CREMER;CURATIVO FILME TRANSPARENTE ROLO CREMER 15CMX10MT;;;;;;;;;;;;;;1.544;SIMPRO_VIG;2024-09-24;19;
SIMPRO;2026-04-12;material;0000262134;12;;CREMER;CURATIVO FILME TRANSPARENTE ROLO CREMER 15CMX10MT.;;;;;;;;;;;;;;1543.54;SIMPRO_VIG;2023-11-22;19;
SIMPRO;2026-04-12;material;0000342261;12;;VITA MEDICAL;CURATIVO FILME TRANSPARENTE ROLO KANGLI FILM 05CMX10MT.;;;;;;;;;;;;;;838.71;SIMPRO_VIG;2025-08-05;19;
SIMPRO;2026-04-12;material;342261;12;;VITA MEDICAL;CURATIVO FILME TRANSPARENTE ROLO KANGLI FILM 05CMX10MT.;;;;;;;;;;;;;;609.97;SIMPRO_VIG;2023-06-15;19;
SIMPRO;2026-04-12;material;0000256566;12;;VITA MEDICAL;CURATIVO FILME TRANSPARENTE ROLO KANGLI FILM 10CMX10M;;;;;;;;;;;;;;838.71;SIMPRO_VIG;2025-08-05;19;
SIMPRO;2026-04-12;material;256566;12;;VITA MEDICAL;CURATIVO FILME TRANSPARENTE ROLO KANGLI FILM 10CMX10M;;;;;;;;;;;;;;609.97;SIMPRO_VIG;2015-04-16;19;
SIMPRO;2026-04-12;material;0000256567;12;;VITA MEDICAL;CURATIVO FILME TRANSPARENTE ROLO KANGLI FILM 15CMX10M;;;;;;;;;;;;;;1060.03;SIMPRO_VIG;2025-08-05;19;
SIMPRO;2026-04-12;material;256567;12;;VITA MEDICAL;CURATIVO FILME TRANSPARENTE ROLO KANGLI FILM 15CMX10M;;;;;;;;;;;;;;770.93;SIMPRO_VIG;2015-04-16;19;
SIMPRO;2026-04-12;material;0000351971;12;;MISSNER;CURATIVO FILME TRANSPARENTE ROLO M-TEC 15CMX10MT;;;;;;;;;;;;;;168;SIMPRO_VIG;2024-04-30;19;
SIMPRO;2026-04-12;material;0000336163;12;;MISSNER;CURATIVO FILME TRANSPARENTE ROLO MTEC 10CMX10MT;;;;;;;;;;;;;;108.2;SIMPRO_VIG;2022-11-11;19;
SIMPRO;2026-04-12;material;0000254312;12;;GUINEZ;CURATIVO FILME TRANSPARENTE ROLO PHARMAFIX PU 05CMX10MT;;;;;;;;;;;;;;325;SIMPRO_VIG;2015-03-10;19;
SIMPRO;2026-04-12;material;0000271796;12;;KORAL HOSPITALAR;CURATIVO FILME TRANSPARENTE ROLO PHARMAFIX PU 05CMX10MT;;;;;;;;;;;;;;390;SIMPRO_VIG;2016-06-08;19;
SIMPRO;2026-04-12;material;0000254311;12;;GUINEZ;CURATIVO FILME TRANSPARENTE ROLO PHARMAFIX PU 10CMX10MT;;;;;;;;;;;;;;575;SIMPRO_VIG;2015-03-10;19;
SIMPRO;2026-04-12;material;0000271797;12;;KORAL HOSPITALAR;CURATIVO FILME TRANSPARENTE ROLO PHARMAFIX PU 10CMX10MT;;;;;;;;;;;;;;670;SIMPRO_VIG;2016-06-08;19;
SIMPRO;2026-04-12;material;0000271800;12;;KORAL HOSPITALAR;CURATIVO FILME TRANSPARENTE ROLO PHARMAFIX PU 15CMX10MT;;;;;;;;;;;;;;1005;SIMPRO_VIG;2016-06-08;19;
SIMPRO;2026-04-12;material;0000292120;12;;GUINEZ;CURATIVO FILME TRANSPARENTE ROLO PHARMAFIX PU 15CMX10MT;;;;;;;;;;;;;;765;SIMPRO_VIG;2017-10-24;19;
SIMPRO;2026-04-12;material;0000362422;12;;EXPRESS MEDICAL;CURATIVO FILME TRANSPARENTE ROLO PU NETFILME 10CM 10MT;;;;;;;;;;;;;;0.55;SIMPRO_VIG;2025-08-12;19;
SIMPRO;2026-04-12;material;0000362423;12;;EXPRESS MEDICAL;CURATIVO FILME TRANSPARENTE ROLO PU NETFILME 15CM 10MT;;;;;;;;;;;;;;0.8;SIMPRO_VIG;2025-08-12;19;
SIMPRO;2026-04-12;material;0000362421;12;;EXPRESS MEDICAL;CURATIVO FILME TRANSPARENTE ROLO PU NETFILME 5CM 10MT;;;;;;;;;;;;;;0.16;SIMPRO_VIG;2025-08-12;19;
SIMPRO;2026-04-12;material;0000323139;12;;POLAR FIX;CURATIVO FILME TRANSPARENTE ROLO WOUND CARE F 05CMX10MT N/EST.FP0078;;;;;;;;;;;;;;756.63;SIMPRO_VIG;2022-10-20;19;
SIMPRO;2026-04-12;material;0000323137;12;;POLAR FIX;CURATIVO FILME TRANSPARENTE ROLO WOUND CARE F 10CMX10MT N/EST.FP0079;;;;;;;;;;;;;;1345.52;SIMPRO_VIG;2022-10-20;19;
SIMPRO;2026-04-12;material;0000335216;12;;POLAR FIX;CURATIVO FILME TRANSPARENTE ROLO WOUND CARE F 10CMX10MT N/EST.FP0125;;;;;;;;;;;;;;1434.61;SIMPRO_VIG;2022-10-20;19;
SIMPRO;2026-04-12;material;0000323138;12;;POLAR FIX;CURATIVO FILME TRANSPARENTE ROLO WOUND CARE F 15CMX10MT N/EST.FP0080;;;;;;;;;;;;;;1650.24;SIMPRO_VIG;2022-10-20;19;
SIMPRO;2026-04-12;material;0000335217;12;;POLAR FIX;CURATIVO FILME TRANSPARENTE ROLO WOUND CARE F 15CMX10MT N/EST.FP0126;;;;;;;;;;;;;;1650.24;SIMPRO_VIG;2022-10-20;19;
SIMPRO;2026-04-12;material;0000369880;12;;SOL-MILLENNIUM;CURATIVO FILME TRANSPARENTE SOL-CARE ROLO 05CMX10MT;;;;;;;;;;;;;;781.31;SIMPRO_VIG;2026-02-19;19;
SIMPRO;2026-04-12;material;0000369881;12;;SOL-MILLENNIUM;CURATIVO FILME TRANSPARENTE SOL-CARE ROLO 10CMX10MT;;;;;;;;;;;;;;1355.31;SIMPRO_VIG;2026-02-19;19;
SIMPRO;2026-04-12;material;0000369882;12;;SOL-MILLENNIUM;CURATIVO FILME TRANSPARENTE SOL-CARE ROLO 15CMX10MT;;;;;;;;;;;;;;1913.76;SIMPRO_VIG;2026-02-19;19;
SIMPRO;2026-04-12;material;0000323146;12;;POLAR FIX;CURATIVO FILME TRANSPARENTE WOUND CARE F 07X05CM EST.FP0081;;;;;;;;;;;;;;27.7;SIMPRO_VIG;2022-10-20;19;
SIMPRO;2026-04-12;material;0000323140;12;;POLAR FIX;CURATIVO FILME TRANSPARENTE WOUND CARE F 10X12CM EST.FP0082;;;;;;;;;;;;;;48.15;SIMPRO_VIG;2022-10-20;19;
SIMPRO;2026-04-12;material;0000323141;12;;POLAR FIX;CURATIVO FILME TRANSPARENTE WOUND CARE F 10X25CM EST.FP0083;;;;;;;;;;;;;;69.93;SIMPRO_VIG;2022-10-20;19;
SIMPRO;2026-04-12;material;0000323142;12;;POLAR FIX;CURATIVO FILME TRANSPARENTE WOUND CARE F 20X30CM EST.FP0084;;;;;;;;;;;;;;69.93;SIMPRO_VIG;2022-10-20;19;
SIMPRO;2026-04-12;material;0000323143;12;;POLAR FIX;CURATIVO FILME TRANSPARENTE WOUND CARE F 36X30CM EST.FP0085;;;;;;;;;;;;;;421.65;SIMPRO_VIG;2022-10-20;19;
SIMPRO;2026-04-12;material;0000323144;12;;POLAR FIX;CURATIVO FILME TRANSPARENTE WOUND CARE F 51X55CM EST.FP0086;;;;;;;;;;;;;;439.23;SIMPRO_VIG;2022-10-20;19;
SIMPRO;2026-04-12;material;0000323145;12;;POLAR FIX;CURATIVO FILME TRANSPARENTE WOUND CARE F 62X84CM EST.FP0087;;;;;;;;;;;;;;693.3;SIMPRO_VIG;2022-10-20;19;
SIMPRO;2026-04-12;material;0000291465;12;;VITA MEDICAL;CURATIVO FITA 100% SILICONE SILICARE TAPE N/EST.2,5CMX1,5MT.;;;;;;;;;;;;;;261.25;SIMPRO_VIG;2025-08-05;19;
SIMPRO;2026-04-12;material;291465;12;;VITA MEDICAL;CURATIVO FITA 100% SILICONE SILICARE TAPE N/EST.2,5CMX1,5MT.;;;;;;;;;;;;;;190;SIMPRO_VIG;2017-10-11;19;
SIMPRO;2026-04-12;material;0000344284;12;;PHARMED;CURATIVO FITA 2,5CMX3,0MT LUOFUCON SILICONE TAPE;;;;;;;;;;;;;;110;SIMPRO_VIG;2023-07-12;19;
SIMPRO;2026-04-12;material;0000344288;12;;PHARMED;CURATIVO FITA 2,5CMX3,0MT LUOFUCON SILICONE TAPE;;;;;;;;;;;;;;125;SIMPRO_VIG;2023-07-12;19;
SIMPRO;2026-04-12;material;0000344292;12;;PHARMED;CURATIVO FITA 2,5CMX3,0MT LUOFUCON SILICONE TAPE;;;;;;;;;;;;;;115;SIMPRO_VIG;2023-07-12;19;
SIMPRO;2026-04-12;material;0000344296;12;;PHARMED;CURATIVO FITA 2,5CMX3,0MT LUOFUCON SILICONE TAPE;;;;;;;;;;;;;;120;SIMPRO_VIG;2023-07-12;19;
SIMPRO;2026-04-12;material;0000344293;12;;PHARMED;CURATIVO FITA 2,5CMX5,0MT LUOFUCON SILICONE TAPE;;;;;;;;;;;;;;130;SIMPRO_VIG;2023-07-12;19;
SIMPRO;2026-04-12;material;0000344297;12;;PHARMED;CURATIVO FITA 2,5CMX5,0MT LUOFUCON SILICONE TAPE;;;;;;;;;;;;;;135;SIMPRO_VIG;2023-07-12;19;
SIMPRO;2026-04-12;material;0000344285;12;;PHARMED;CURATIVO FITA 4,0CMX1,5MT LUOFUCON SILICONE TAPE;;;;;;;;;;;;;;95;SIMPRO_VIG;2023-07-12;19;
SIMPRO;2026-04-12;material;0000344289;12;;PHARMED;CURATIVO FITA 4,0CMX1,5MT LUOFUCON SILICONE TAPE;;;;;;;;;;;;;;110;SIMPRO_VIG;2023-07-12;19;
SIMPRO;2026-04-12;material;0000344286;12;;PHARMED;CURATIVO FITA 4,0CMX3,0MT LUOFUCON SILICONE TAPE;;;;;;;;;;;;;;125;SIMPRO_VIG;2023-07-12;19;
SIMPRO;2026-04-12;material;0000344290;12;;PHARMED;CURATIVO FITA 4,0CMX3,0MT LUOFUCON SILICONE TAPE;;;;;;;;;;;;;;140;SIMPRO_VIG;2023-07-12;19;
SIMPRO;2026-04-12;material;0000344287;12;;PHARMED;CURATIVO FITA 5,0CMX3,0MT LUOFUCON SILICONE TAPE;;;;;;;;;;;;;;145;SIMPRO_VIG;2023-07-12;19;
SIMPRO;2026-04-12;material;0000344291;12;;PHARMED;CURATIVO FITA 5,0CMX3,0MT LUOFUCON SILICONE TAPE;;;;;;;;;;;;;;160;SIMPRO_VIG;2023-07-12;19;
SIMPRO;2026-04-12;material;0000344294;12;;PHARMED;CURATIVO FITA 5,0CMX3,0MT LUOFUCON SILICONE TAPE;;;;;;;;;;;;;;125;SIMPRO_VIG;2023-07-12;19;
SIMPRO;2026-04-12;material;0000344298;12;;PHARMED;CURATIVO FITA 5,0CMX3,0MT LUOFUCON SILICONE TAPE;;;;;;;;;;;;;;130;SIMPRO_VIG;2023-07-12;19;
SIMPRO;2026-04-12;material;0000344295;12;;PHARMED;CURATIVO FITA 5,0CMX5,0MT LUOFUCON SILICONE TAPE;;;;;;;;;;;;;;150;SIMPRO_VIG;2023-07-12;19;
SIMPRO;2026-04-12;material;0000344299;12;;PHARMED;CURATIVO FITA 5,0CMX5,0MT LUOFUCON SILICONE TAPE;;;;;;;;;;;;;;155;SIMPRO_VIG;2023-07-12;19;
SIMPRO;2026-04-12;material;0000353263;12;;WAYCARE;CURATIVO FITA ADESIVA ALMOFADA ROLO 4X100CM WAYTAPE;;;;;;;;;;;;;;0.9;SIMPRO_VIG;2024-07-16;19;
SIMPRO;2026-04-12;material;0000353264;12;;WAYCARE;CURATIVO FITA ADESIVA ALMOFADA ROLO 6X100CM WAYTAPE;;;;;;;;;;;;;;1.1;SIMPRO_VIG;2024-07-16;19;
SIMPRO;2026-04-12;material;0000353266;12;;WAYCARE;CURATIVO FITA ADESIVA ALMOFADA ROLO 6X500CM WAYTAPE;;;;;;;;;;;;;;0.58;SIMPRO_VIG;2024-07-16;19;
SIMPRO;2026-04-12;material;0000353265;12;;WAYCARE;CURATIVO FITA ADESIVA ALMOFADA ROLO 8X100CM WAYTAPE;;;;;;;;;;;;;;1.4;SIMPRO_VIG;2024-07-16;19;
SIMPRO;2026-04-12;material;0000336165;12;;MISSNER;CURATIVO FIXACAO IV 06,5X07CM;;;;;;;;;;;;;;38.12;SIMPRO_VIG;2022-11-11;19;
SIMPRO;2026-04-12;material;0000336166;12;;MISSNER;CURATIVO FIXACAO IV 10,0X12CM;;;;;;;;;;;;;;78.57;SIMPRO_VIG;2022-11-11;19;
SIMPRO;2026-04-12;material;0000323902;12;;EXPRESS MEDICAL;CURATIVO FIXACAO IV OCTACARE 6,0X07,0CM;;;;;;;;;;;;;;19.9;SIMPRO_VIG;2021-11-09;19;
SIMPRO;2026-04-12;material;0000323903;12;;EXPRESS MEDICAL;CURATIVO FIXACAO IV OCTACARE 7,0X08,5CM;;;;;;;;;;;;;;21.5;SIMPRO_VIG;2021-11-09;19;
SIMPRO;2026-04-12;material;0000323904;12;;EXPRESS MEDICAL;CURATIVO FIXACAO IV OCTACARE 8,5X10,5CM;;;;;;;;;;;;;;53.5;SIMPRO_VIG;2021-11-09;19;
SIMPRO;2026-04-12;material;0000336017;12;;SANOVIE;CURATIVO FIXADOR P/CATETER FILME SILICONE SIL-FIXX 04X06CM 50UN;;;;;;;;;;;;;;16.36;SIMPRO_VIG;2022-11-03;19;
SIMPRO;2026-04-12;material;0000336018;12;;SANOVIE;CURATIVO FIXADOR P/CATETER FILME SILICONE SIL-FIXX 04X10CM 50UN;;;;;;;;;;;;;;27.24;SIMPRO_VIG;2022-11-03;19;
SIMPRO;2026-04-12;material;0000336019;12;;SANOVIE;CURATIVO FIXADOR P/CATETER FILME SILICONE SIL-FIXX 20X25CM 50UN;;;;;;;;;;;;;;368.36;SIMPRO_VIG;2022-11-03;19;
SIMPRO;2026-04-12;material;0000366343;12;;EXPRESS MEDICAL;CURATIVO FIXADOR TRANSPARENTE IV 7X8,5CM NETFILM;;;;;;;;;;;;;;69.9;SIMPRO_VIG;2025-11-25;19;
SIMPRO;2026-04-12;material;0000366342;12;;EXPRESS MEDICAL;CURATIVO FIXADOR TRANSPARENTE IV 8,5X10,5CM NETFILM;;;;;;;;;;;;;;29.9;SIMPRO_VIG;2025-11-25;19;
SIMPRO;2026-04-12;material;0000360901;12;;TR FARMA;CURATIVO FLAMINAL FORTE GEL 50G;;;;;;;;;;;;;;430;SIMPRO_VIG;2025-05-22;19;
SIMPRO;2026-04-12;material;0000360900;12;;TR FARMA;CURATIVO FLAMINAL HYDRO GEL 50G;;;;;;;;;;;;;;430;SIMPRO_VIG;2025-05-22;19;
SIMPRO;2026-04-12;material;0000351989;12;;MISSNER;CURATIVO FLEXIVEL BEGE 10UNID;;;;;;;;;;;;;;1.056;SIMPRO_VIG;2024-04-30;19;
SIMPRO;2026-04-12;material;0000351992;12;;MISSNER;CURATIVO FLEXIVEL BEGE 40UNID;;;;;;;;;;;;;;0.53;SIMPRO_VIG;2024-04-30;19;
SIMPRO;2026-04-12;material;0000351994;12;;MISSNER;CURATIVO FLEXIVEL MARROM 10UNID;;;;;;;;;;;;;;1.056;SIMPRO_VIG;2024-04-30;19;
SIMPRO;2026-04-12;material;0000261869;12;;COSMEDICAL;CURATIVO FLEXIVEL P/FOTOTERAPIA LOCALIZADA CICATRILLUX;;;;;;;;;;;;;;1923;SIMPRO_VIG;2017-03-28;19;
SIMPRO;2026-04-12;material;0000261870;12;;COSMEDICAL;CURATIVO FLEXIVEL P/FOTOTERAPIA LOCALIZADA ODONTOLLUX;;;;;;;;;;;;;;1250;SIMPRO_VIG;2017-03-28;19;
SIMPRO;2026-04-12;material;0000351991;12;;MISSNER;CURATIVO FLEXIVEL PROVA D'AGUA 15UNID;;;;;;;;;;;;;;1.017;SIMPRO_VIG;2024-04-30;19;
SIMPRO;2026-04-12;material;0000351985;12;;MISSNER;CURATIVO FLEXIVEL SHOW LUNA 10UNID;;;;;;;;;;;;;;2.032;SIMPRO_VIG;2024-04-30;19;
SIMPRO;2026-04-12;material;0000351986;12;;MISSNER;CURATIVO FLEXIVEL SHOW LUNA 25UNID;;;;;;;;;;;;;;1.184;SIMPRO_VIG;2024-04-30;19;
SIMPRO;2026-04-12;material;0000351990;12;;MISSNER;CURATIVO FLEXIVEL TRANSPARENTE 10UNID;;;;;;;;;;;;;;1.056;SIMPRO_VIG;2024-04-30;19;
SIMPRO;2026-04-12;material;0000351993;12;;MISSNER;CURATIVO FLEXIVEL TRANSPARENTE 40UNID;;;;;;;;;;;;;;0.53;SIMPRO_VIG;2024-04-30;19;
SIMPRO;2026-04-12;material;0000351988;12;;MISSNER;CURATIVO FLEXIVEL TRANSPARENTE EXTRA GRANDE 10UNID;;;;;;;;;;;;;;2.056;SIMPRO_VIG;2024-04-30;19;
SIMPRO;2026-04-12;material;0000351987;12;;MISSNER;CURATIVO FLEXIVEL TRANSPARENTE REDONDO 16UNID;;;;;;;;;;;;;;0.685;SIMPRO_VIG;2024-04-30;19;
SIMPRO;2026-04-12;material;0000325956;12;;CONVATEC;CURATIVO FOAM LITE 05X05CM 10UNID.1719848;;;;;;;;;;;;;;58.102;SIMPRO_VIG;2022-07-06;19;
SIMPRO;2026-04-12;material;0000292317;12;;CONVATEC;CURATIVO FOAM LITE 08X08CM 10UN BR10417;;;;;;;;;;;;;;111.104;SIMPRO_VIG;2026-03-12;19;
SIMPRO;2026-04-12;material;0000292318;12;;CONVATEC;CURATIVO FOAM LITE 10X10CM 10UN BR10418;;;;;;;;;;;;;;139.216;SIMPRO_VIG;2026-03-12;19;
SIMPRO;2026-04-12;material;0000292319;12;;CONVATEC;CURATIVO FOAM LITE 15X15CM 10UN BR10419;;;;;;;;;;;;;;278.208;SIMPRO_VIG;2026-03-12;19;
SIMPRO;2026-04-12;material;0000292320;12;;CONVATEC;CURATIVO FOAM LITE 5,5X12CM 10UN BR10420;;;;;;;;;;;;;;120.512;SIMPRO_VIG;2026-03-12;19;
SIMPRO;2026-04-12;material;0000357378;12;;GENTELL;CURATIVO GAZE BORDADA 10X10CM C/ALMOFADA 5X5CM 10UN;;;;;;;;;;;;;;21.857;SIMPRO_VIG;2024-11-19;19;
SIMPRO;2026-04-12;material;0000357379;12;;GENTELL;CURATIVO GAZE BORDADA 15X15CM C/ALMOFADA 11X11CM 10UN;;;;;;;;;;;;;;45.967;SIMPRO_VIG;2024-11-19;19;
SIMPRO;2026-04-12;material;0000357380;12;;GENTELL;CURATIVO GAZE BORDADA 20X20CM C/ALMOFADA 16,5X16,5CM 10UN;;;;;;;;;;;;;;59.835;SIMPRO_VIG;2024-11-19;19;
SIMPRO;2026-04-12;material;0000325891;12;;VENOSAN;CURATIVO GAZE VASELINADA N/ADERENTE C/PARTICULAS HIDROCOLOIDE LOMATUELL PRO 10X10CM;;;;;;;;;;;;;;158.3;SIMPRO_VIG;2025-07-29;19;
SIMPRO;2026-04-12;material;0000354750;12;;MISSNER;CURATIVO GEL C/ALGINATO 85G;;;;;;;;;;;;;;53;SIMPRO_VIG;2024-08-29;19;
SIMPRO;2026-04-12;material;0000351978;12;;MISSNER;CURATIVO GEL M-TEC 85G;;;;;;;;;;;;;;32.28;SIMPRO_VIG;2024-04-30;19;
SIMPRO;2026-04-12;material;0000350531;12;;PROMEDON;CURATIVO GENTILTAC 10X18CM 10UN;;;;;;;;;;;;;;116;SIMPRO_VIG;2024-03-12;19;
SIMPRO;2026-04-12;material;0000350532;12;;PROMEDON;CURATIVO GENTILTAC 20X20CM 5UN;;;;;;;;;;;;;;414;SIMPRO_VIG;2024-03-12;19;
SIMPRO;2026-04-12;material;0000350530;12;;PROMEDON;CURATIVO GENTILTAC 7,5X10CM 10UN;;;;;;;;;;;;;;75;SIMPRO_VIG;2024-03-12;19;
SIMPRO;2026-04-12;material;0000370614;12;;POLAR FIX;CURATIVO GENTLE ESPUMA TRANSFERENCIA SILICONE EST.15X20CM;;;;;;;;;;;;;;280;SIMPRO_VIG;2026-03-10;19;
SIMPRO;2026-04-12;material;0000370615;12;;POLAR FIX;CURATIVO GENTLE ESPUMA TRANSFERENCIA SILICONE EST.20X50CM;;;;;;;;;;;;;;835;SIMPRO_VIG;2026-03-10;19;
SIMPRO;2026-04-12;material;0000261024;12;;BRAGENIX;CURATIVO GENTLE ONE BASE CURATIVO JANELA TRANSPARENTE;;;;;;;;;;;;;;91.52;SIMPRO_VIG;2015-09-15;19;
SIMPRO;2026-04-12;material;0000261026;12;;BRAGENIX;CURATIVO GENTLE ONE BASE CURATIVO JANELA TRANSPARENTE;;;;;;;;;;;;;;95.94;SIMPRO_VIG;2015-09-15;19;
SIMPRO;2026-04-12;material;0000261028;12;;BRAGENIX;CURATIVO GENTLE ONE BASE CURATIVO JANELA TRANSPARENTE;;;;;;;;;;;;;;127.28;SIMPRO_VIG;2015-09-15;19;
SIMPRO;2026-04-12;material;0000261030;12;;BRAGENIX;CURATIVO GENTLE ONE BASE CURATIVO JANELA TRANSPARENTE;;;;;;;;;;;;;;175.58;SIMPRO_VIG;2015-09-15;19;
SIMPRO;2026-04-12;material;0000260994;12;;BRAGENIX;CURATIVO GENTLE ONE BASE CURATIVO LEVE;;;;;;;;;;;;;;47.71;SIMPRO_VIG;2015-09-15;19;
SIMPRO;2026-04-12;material;0000260997;12;;BRAGENIX;CURATIVO GENTLE ONE BASE CURATIVO LEVE;;;;;;;;;;;;;;91.66;SIMPRO_VIG;2015-09-15;19;
SIMPRO;2026-04-12;material;0000261001;12;;BRAGENIX;CURATIVO GENTLE ONE BASE CURATIVO LEVE;;;;;;;;;;;;;;108.13;SIMPRO_VIG;2015-09-15;19;
SIMPRO;2026-04-12;material;0000261004;12;;BRAGENIX;CURATIVO GENTLE ONE BASE CURATIVO MODERADA;;;;;;;;;;;;;;111.33;SIMPRO_VIG;2015-09-15;19;
SIMPRO;2026-04-12;material;0000261011;12;;BRAGENIX;CURATIVO GENTLE ONE BASE CURATIVO MODERADA;;;;;;;;;;;;;;188.67;SIMPRO_VIG;2015-09-15;19;
SIMPRO;2026-04-12;material;0000261022;12;;BRAGENIX;CURATIVO GENTLE ONE BASE CURATIVO P/MULTI-TUBO;;;;;;;;;;;;;;188.67;SIMPRO_VIG;2015-09-15;19;
SIMPRO;2026-04-12;material;0000261020;12;;BRAGENIX;CURATIVO GENTLE ONE BASE CURATIVO P/TUBO UNICO;;;;;;;;;;;;;;110.98;SIMPRO_VIG;2015-09-15;19;
SIMPRO;2026-04-12;material;0000261008;12;;BRAGENIX;CURATIVO GENTLE ONE BASE CURATIVO PLUS;;;;;;;;;;;;;;121.74;SIMPRO_VIG;2015-09-15;19;
SIMPRO;2026-04-12;material;0000261016;12;;BRAGENIX;CURATIVO GENTLE ONE BASE CURATIVO PLUS;;;;;;;;;;;;;;191.2;SIMPRO_VIG;2015-09-15;19;
SIMPRO;2026-04-12;material;0000261025;12;;BRAGENIX;CURATIVO GENTLE ONE COBERTURA CURATIVO JANELA TRANSPARENTE;;;;;;;;;;;;;;76.78;SIMPRO_VIG;2015-09-15;19;
SIMPRO;2026-04-12;material;0000261027;12;;BRAGENIX;CURATIVO GENTLE ONE COBERTURA CURATIVO JANELA TRANSPARENTE;;;;;;;;;;;;;;77.71;SIMPRO_VIG;2015-09-15;19;
SIMPRO;2026-04-12;material;0000261029;12;;BRAGENIX;CURATIVO GENTLE ONE COBERTURA CURATIVO JANELA TRANSPARENTE;;;;;;;;;;;;;;107.28;SIMPRO_VIG;2015-09-15;19;
SIMPRO;2026-04-12;material;0000261031;12;;BRAGENIX;CURATIVO GENTLE ONE COBERTURA CURATIVO JANELA TRANSPARENTE;;;;;;;;;;;;;;95.94;SIMPRO_VIG;2015-09-15;19;
SIMPRO;2026-04-12;material;0000260996;12;;BRAGENIX;CURATIVO GENTLE ONE COBERTURA CURATIVO LEVE;;;;;;;;;;;;;;31.34;SIMPRO_VIG;2015-09-15;19;
SIMPRO;2026-04-12;material;0000260999;12;;BRAGENIX;CURATIVO GENTLE ONE COBERTURA CURATIVO LEVE;;;;;;;;;;;;;;72.08;SIMPRO_VIG;2015-09-15;19;
SIMPRO;2026-04-12;material;0000261006;12;;BRAGENIX;CURATIVO GENTLE ONE COBERTURA CURATIVO MODERADA;;;;;;;;;;;;;;94.56;SIMPRO_VIG;2015-09-15;19;
SIMPRO;2026-04-12;material;0000261015;12;;BRAGENIX;CURATIVO GENTLE ONE COBERTURA CURATIVO MODERADA;;;;;;;;;;;;;;155.01;SIMPRO_VIG;2015-09-15;19;
SIMPRO;2026-04-12;material;0000261023;12;;BRAGENIX;CURATIVO GENTLE ONE COBERTURA CURATIVO P/MULTI-TUBO;;;;;;;;;;;;;;155.01;SIMPRO_VIG;2015-09-15;19;
SIMPRO;2026-04-12;material;0000261021;12;;BRAGENIX;CURATIVO GENTLE ONE COBERTURA CURATIVO P/TUBO UNICO;;;;;;;;;;;;;;94.53;SIMPRO_VIG;2015-09-15;19;
SIMPRO;2026-04-12;material;0000261010;12;;BRAGENIX;CURATIVO GENTLE ONE COBERTURA CURATIVO PLUS;;;;;;;;;;;;;;95.94;SIMPRO_VIG;2015-09-15;19;
SIMPRO;2026-04-12;material;0000261018;12;;BRAGENIX;CURATIVO GENTLE ONE COBERTURA CURATIVO PLUS;;;;;;;;;;;;;;160.8;SIMPRO_VIG;2015-09-15;19;
SIMPRO;2026-04-12;material;0000261002;12;;BRAGENIX;CURATIVO GENTLE ONE COBERTUTA CURATIVO LEVE;;;;;;;;;;;;;;88.56;SIMPRO_VIG;2015-09-15;19;
SIMPRO;2026-04-12;material;0000108910;12;;KCI BRASIL;CURATIVO GRANUFOAM CALCANHAR V.A.C.ATS C/CONTORNO/PELICULA/COLETOR;;;;;;;;;;;;;;3810.24;SIMPRO_VIG;2011-01-17;19;
SIMPRO;2026-04-12;material;0000108917;12;;KCI BRASIL;CURATIVO GRANUFOAM FINA OVAL PRE-CORTADA V.A.C.ATS 2PELICULA/COLETOR;;;;;;;;;;;;;;1333.72;SIMPRO_VIG;2011-01-17;19;
SIMPRO;2026-04-12;material;0000108907;12;;KCI BRASIL;CURATIVO GRANUFOAM MAO V.A.C.ATS C/SACO SELADOR/COLETOR;;;;;;;;;;;;;;5171.04;SIMPRO_VIG;2011-01-17;19;
SIMPRO;2026-04-12;material;0000108911;12;;KCI BRASIL;CURATIVO GRANUFOAM REDONDA PRE-CORTADA V.A.C.ATS C/PELICULA/COLETOR;;;;;;;;;;;;;;1332.72;SIMPRO_VIG;2011-01-17;19;
SIMPRO;2026-04-12;material;0000135164;12;;KCI BRASIL;CURATIVO GRANUFOAM V.A.C PEQ.SIMPLACE;;;;;;;;;;;;;;927;SIMPRO_VIG;2013-04-01;19;
SIMPRO;2026-04-12;material;0000350900;12;;BIOCOMPANY;CURATIVO HEMOSTATICO 3,8X7,2CM N/TECIDO HEMO3 30UN;;;;;;;;;;;;;;2.5;SIMPRO_VIG;2024-03-26;19;
SIMPRO;2026-04-12;material;0000350902;12;;BIOCOMPANY;CURATIVO HEMOSTATICO 5,0X10CM FILME ELASTICO HEMO10 SUPER 50UN;;;;;;;;;;;;;;12;SIMPRO_VIG;2024-03-26;19;
SIMPRO;2026-04-12;material;0000350901;12;;BIOCOMPANY;CURATIVO HEMOSTATICO 5,0X5,0CM N/TECIDO HEMO5 50UN;;;;;;;;;;;;;;8;SIMPRO_VIG;2024-03-26;19;
SIMPRO;2026-04-12;material;0000131457;12;;BACE;CURATIVO HIDROATIVO TULE N/ADE.C/PETR.CARBOXIMET.TRIGLIC.HYDROTUL 10X12CM PAUL HARTMANN;;;;;;;;;;;;;;92;SIMPRO_VIG;2019-02-12;19;
SIMPRO;2026-04-12;material;0000131458;12;;BACE;CURATIVO HIDROATIVO TULE N/ADE.C/PETR.CARBOXIMET.TRIGLIC.HYDROTUL 15X20CM PAUL HARTMANN;;;;;;;;;;;;;;145;SIMPRO_VIG;2019-02-12;19;
SIMPRO;2026-04-12;material;0000131456;12;;BACE;CURATIVO HIDROATIVO TULE N/ADE.C/PETR.CARBOXIMET.TRIGLIC.HYDROTUL 5X5CM PAUL HARTMANN;;;;;;;;;;;;;;11.32;SIMPRO_VIG;2013-11-13;19;
SIMPRO;2026-04-12;material;0000142635;12;;POLAR FIX;CURATIVO HIDROBALANCEADA SUPRASORB 02X21CM;;;;;;;;;;;;;;296.79;SIMPRO_VIG;2016-11-01;19;
SIMPRO;2026-04-12;material;0000142636;12;;POLAR FIX;CURATIVO HIDROBALANCEADA SUPRASORB 05X05CM;;;;;;;;;;;;;;128.83;SIMPRO_VIG;2016-11-01;19;
SIMPRO;2026-04-12;material;0000142633;12;;POLAR FIX;CURATIVO HIDROBALANCEADA SUPRASORB 09X09CM;;;;;;;;;;;;;;257.53;SIMPRO_VIG;2016-11-01;19;
SIMPRO;2026-04-12;material;0000142634;12;;POLAR FIX;CURATIVO HIDROBALANCEADA SUPRASORB 14X20CM;;;;;;;;;;;;;;649.74;SIMPRO_VIG;2016-11-01;19;
SIMPRO;2026-04-12;material;0000063829;12;;B.BRAUN;CURATIVO HIDROCELULAR ASKINA TRANSORBENT 10X10CM EST.;;;;;;;;;;;;;;142.04;SIMPRO_VIG;2021-10-29;19;
SIMPRO;2026-04-12;material;0000063830;12;;B.BRAUN;CURATIVO HIDROCELULAR ASKINA TRANSORBENT 15X15CM EST.;;;;;;;;;;;;;;206.31;SIMPRO_VIG;2021-10-29;19;
SIMPRO;2026-04-12;material;0000083301;12;;B.BRAUN;CURATIVO HIDROCELULAR ASKINA TRANSORBENT BORDER 14X14CM EST.;;;;;;;;;;;;;;200.23;SIMPRO_VIG;2021-10-29;19;
SIMPRO;2026-04-12;material;0000083302;12;;B.BRAUN;CURATIVO HIDROCELULAR ASKINA TRANSORBENT BORDER 17X17CM EST.;;;;;;;;;;;;;;322.43;SIMPRO_VIG;2021-10-29;19;
SIMPRO;2026-04-12;material;0000083303;12;;B.BRAUN;CURATIVO HIDROCELULAR ASKINA TRANSORBENT BORDER 24X24CM ESTERIL;;;;;;;;;;;;;;318.93;SIMPRO_VIG;2012-04-17;19;
SIMPRO;2026-04-12;material;0000083300;12;;B.BRAUN;CURATIVO HIDROCELULAR ASKINA TRANSORBENT BORDER 9X14CM EST.;;;;;;;;;;;;;;178.83;SIMPRO_VIG;2021-10-29;19;
SIMPRO;2026-04-12;material;0000063831;12;;B.BRAUN;CURATIVO HIDROCELULAR ASKINA TRANSORBENT SACRUM 18X20CM EST.;;;;;;;;;;;;;;380.67;SIMPRO_VIG;2021-10-29;19;
SIMPRO;2026-04-12;material;0000268590;12;;SMITH & NEPHEW;CURATIVO HIDROCELULAR P/PREENCHIMENTO CAVIDADE ALLEVYN PLUS CAVITY 05X06CM;;;;;;;;;;;;;;858;SIMPRO_VIG;2016-03-15;19;
SIMPRO;2026-04-12;material;0000268591;12;;SMITH & NEPHEW;CURATIVO HIDROCELULAR P/PREENCHIMENTO CAVIDADE ALLEVYN PLUS CAVITY 10X10CM;;;;;;;;;;;;;;1144;SIMPRO_VIG;2016-03-15;19;
SIMPRO;2026-04-12;material;0000268593;12;;SMITH & NEPHEW;CURATIVO HIDROCELULAR P/PREENCHIMENTO CAVIDADE ALLEVYN PLUS CAVITY 15X20CM;;;;;;;;;;;;;;1820;SIMPRO_VIG;2016-03-15;19;
SIMPRO;2026-04-12;material;0000261860;12;;CARDINAL HEALTH MS;CURATIVO HIDROCLOIDE/ALGINATO KENDALL 15X15,0CM ULTEC PRO;;;;;;;;;;;;;;157.68;SIMPRO_VIG;2015-10-06;19;
SIMPRO;2026-04-12;material;0000324473;12;;COLOPLAST WOUND;CURATIVO HIDROCOLOIDE 04X06CM NEW COMFEEL PLUS EST.;;;;;;;;;;;;;;66.82;SIMPRO_VIG;2025-10-01;19;
SIMPRO;2026-04-12;material;0000305356;12;;CONCEITOS LOJA;CURATIVO HIDROCOLOIDE 06X06CM ESPUMA PLUS 20UNID.(EMB.INDIV.);;;;;;;;;;;;;;27.773;SIMPRO_VIG;2019-02-07;19;
SIMPRO;2026-04-12;material;0000305357;12;;CONCEITOS LOJA;CURATIVO HIDROCOLOIDE 06X06CM NORMAL 20UNID.(EMB.INDIV.);;;;;;;;;;;;;;25.736;SIMPRO_VIG;2019-02-07;19;
SIMPRO;2026-04-12;material;0000305358;12;;CONCEITOS LOJA;CURATIVO HIDROCOLOIDE 06X06CM ULTRA FINO 20UNID.(EMB.INDIV.);;;;;;;;;;;;;;23.625;SIMPRO_VIG;2019-02-07;19;
SIMPRO;2026-04-12;material;0000115499;12;;COVIDIEN;CURATIVO HIDROCOLOIDE 10CMX10CM ULTEC 8884475400;;;;;;;;;;;;;;68.15;SIMPRO_VIG;2010-09-03;19;
SIMPRO;2026-04-12;material;0000049881;12;;COLOPLAST WOUND;CURATIVO HIDROCOLOIDE 10X10 ESTERIL COMFEEL;;;;;;;;;;;;;;69.8;SIMPRO_VIG;2022-10-21;19;
SIMPRO;2026-04-12;material;0000070617;12;;COLOPLAST WOUND;CURATIVO HIDROCOLOIDE 10X10 ESTERIL COMFEEL PLUS;;;;;;;;;;;;;;102.4;SIMPRO_VIG;2022-10-21;19;
SIMPRO;2026-04-12;material;0000305359;12;;CONCEITOS LOJA;CURATIVO HIDROCOLOIDE 10X10CM ESPUMA PLUS 10UNID.(EMB.INDIV.);;;;;;;;;;;;;;73.721;SIMPRO_VIG;2019-02-07;19;
SIMPRO;2026-04-12;material;0000324470;12;;COLOPLAST WOUND;CURATIVO HIDROCOLOIDE 10X10CM NEW COMFEEL PLUS EST.;;;;;;;;;;;;;;116.12;SIMPRO_VIG;2025-10-01;19;
SIMPRO;2026-04-12;material;0000305360;12;;CONCEITOS LOJA;CURATIVO HIDROCOLOIDE 10X10CM NORMAL 10UNID.(EMB.INDIV.);;;;;;;;;;;;;;55.766;SIMPRO_VIG;2019-02-07;19;
SIMPRO;2026-04-12;material;0000305361;12;;CONCEITOS LOJA;CURATIVO HIDROCOLOIDE 10X10CM ULTRA FINO 10UNID.(EMB.INDIV.);;;;;;;;;;;;;;47.061;SIMPRO_VIG;2019-02-07;19;
SIMPRO;2026-04-12;material;0000049882;12;;COLOPLAST WOUND;CURATIVO HIDROCOLOIDE 15X15 ESTERIL COMFEEL;;;;;;;;;;;;;;136.57;SIMPRO_VIG;2022-10-21;19;
SIMPRO;2026-04-12;material;0000070618;12;;COLOPLAST WOUND;CURATIVO HIDROCOLOIDE 15X15 ESTERIL COMFEEL PLUS;;;;;;;;;;;;;;198.65;SIMPRO_VIG;2022-10-21;19;
SIMPRO;2026-04-12;material;0000305362;12;;CONCEITOS LOJA;CURATIVO HIDROCOLOIDE 15X15CM ESPUMA PLUS 5UNID.(EMB.INDIV.);;;;;;;;;;;;;;165.166;SIMPRO_VIG;2019-02-07;19;
SIMPRO;2026-04-12;material;0000324471;12;;COLOPLAST WOUND;CURATIVO HIDROCOLOIDE 15X15CM NEW COMFEEL PLUS EST.;;;;;;;;;;;;;;225.27;SIMPRO_VIG;2025-10-01;19;
SIMPRO;2026-04-12;material;0000305363;12;;CONCEITOS LOJA;CURATIVO HIDROCOLOIDE 15X15CM NORMAL 5UNID.(EMB.INDIV.);;;;;;;;;;;;;;119.386;SIMPRO_VIG;2019-02-07;19;
SIMPRO;2026-04-12;material;0000305364;12;;CONCEITOS LOJA;CURATIVO HIDROCOLOIDE 15X15CM ULTRA FINO 5UNID.(EMB.INDIV.);;;;;;;;;;;;;;95.55;SIMPRO_VIG;2019-02-07;19;
SIMPRO;2026-04-12;material;0000305365;12;;CONCEITOS LOJA;CURATIVO HIDROCOLOIDE 15X18CM NORMAL 5UNID.(EMB.INDIV.);;;;;;;;;;;;;;138.202;SIMPRO_VIG;2019-02-07;19;
SIMPRO;2026-04-12;material;0000049883;12;;COLOPLAST WOUND;CURATIVO HIDROCOLOIDE 20X20 ESTERIL COMFEEL;;;;;;;;;;;;;;217.29;SIMPRO_VIG;2022-10-21;19;
SIMPRO;2026-04-12;material;0000070619;12;;COLOPLAST WOUND;CURATIVO HIDROCOLOIDE 20X20 ESTERIL COMFEEL PLUS;;;;;;;;;;;;;;257.66;SIMPRO_VIG;2022-10-21;19;
SIMPRO;2026-04-12;material;0000305366;12;;CONCEITOS LOJA;CURATIVO HIDROCOLOIDE 20X20CM ESPUMA PLUS 5UNID.(EMB.INDIV.);;;;;;;;;;;;;;259.12;SIMPRO_VIG;2019-02-07;19;
SIMPRO;2026-04-12;material;0000324472;12;;COLOPLAST WOUND;CURATIVO HIDROCOLOIDE 20X20CM NEW COMFEEL PLUS EST.;;;;;;;;;;;;;;292.18;SIMPRO_VIG;2025-10-01;19;
SIMPRO;2026-04-12;material;0000305367;12;;CONCEITOS LOJA;CURATIVO HIDROCOLOIDE 20X20CM NORMAL 5UNID.(EMB.INDIV.);;;;;;;;;;;;;;201.664;SIMPRO_VIG;2019-02-07;19;
SIMPRO;2026-04-12;material;0000305368;12;;CONCEITOS LOJA;CURATIVO HIDROCOLOIDE 20X20CM ULTRA FINO 5UNID.(EMB.INDIV.);;;;;;;;;;;;;;165.124;SIMPRO_VIG;2019-02-07;19;
SIMPRO;2026-04-12;material;0000049884;12;;COLOPLAST WOUND;CURATIVO HIDROCOLOIDE 4X6 ESTERIL COMFEEL;;;;;;;;;;;;;;41.83;SIMPRO_VIG;2022-10-21;19;
SIMPRO;2026-04-12;material;0000070620;12;;COLOPLAST WOUND;CURATIVO HIDROCOLOIDE 4X6 ESTERIL COMFEEL PLUS;;;;;;;;;;;;;;58.92;SIMPRO_VIG;2022-10-21;19;
SIMPRO;2026-04-12;material;0001660009;12;;CONVATEC;CURATIVO HIDROCOLOIDE ABS.ACD 10X10CM COMBIDERM 1115404;;;;;;;;;;;;;;39;SIMPRO_VIG;2012-05-01;19;
SIMPRO;2026-04-12;material;0001660008;12;;CONVATEC;CURATIVO HIDROCOLOIDE ABS.ACD 13,3X13,3CM COMBIDERM 1197967;;;;;;;;;;;;;;50;SIMPRO_VIG;2012-05-01;19;
SIMPRO;2026-04-12;material;0001660162;12;;CONVATEC;CURATIVO HIDROCOLOIDE ABS.ACD 15X25CM COMBIDERM 1115405;;;;;;;;;;;;;;49;SIMPRO_VIG;2012-05-01;19;
SIMPRO;2026-04-12;material;0000364142;12;;MISSNER;CURATIVO HIDROCOLOIDE ACNES 24UN;;;;;;;;;;;;;;1.171;SIMPRO_VIG;2025-10-10;19;
SIMPRO;2026-04-12;material;0000147973;12;;RECOMED;CURATIVO HIDROCOLOIDE ADESIVO ESTERIL S/GELATINA 10CMX10CM PHARMACOLL;;;;;;;;;;;;;;28.5;SIMPRO_VIG;2010-07-15;19;
SIMPRO;2026-04-12;material;0000147974;12;;RECOMED;CURATIVO HIDROCOLOIDE ADESIVO ESTERIL S/GELATINA 15CMX15CM PHARMACOLL;;;;;;;;;;;;;;80.4;SIMPRO_VIG;2010-07-15;19;
SIMPRO;2026-04-12;material;0000147972;12;;RECOMED;CURATIVO HIDROCOLOIDE ADESIVO ESTERIL S/GELATINA EXTRAFINO 10CMX10CM PHARMACOLL;;;;;;;;;;;;;;22.5;SIMPRO_VIG;2010-07-15;19;
SIMPRO;2026-04-12;material;0000147975;12;;RECOMED;CURATIVO HIDROCOLOIDE ADESIVO ESTERIL S/GELATINA SACRAL 22CMX22CM PHARMACOLL;;;;;;;;;;;;;;70;SIMPRO_VIG;2010-07-15;19;
SIMPRO;2026-04-12;material;0000260946;12;;CREMER;CURATIVO HIDROCOLOIDE ADVANCED BORDER 10X10CM;;;;;;;;;;;;;;175.81;SIMPRO_VIG;2022-10-28;19;
SIMPRO;2026-04-12;material;0000260947;12;;CREMER;CURATIVO HIDROCOLOIDE ADVANCED BORDER 15X15CM;;;;;;;;;;;;;;266.75;SIMPRO_VIG;2022-10-28;19;
SIMPRO;2026-04-12;material;0000260948;12;;CREMER;CURATIVO HIDROCOLOIDE ADVANCED BORDER 20X20CM;;;;;;;;;;;;;;436.5;SIMPRO_VIG;2022-10-28;19;
SIMPRO;2026-04-12;material;0000167014;12;;CREMER;CURATIVO HIDROCOLOIDE ADVANCED EXT.FINO 10X10CM 810073;;;;;;;;;;;;;;86.23;SIMPRO_VIG;2022-10-28;19;
SIMPRO;2026-04-12;material;0000167009;12;;CREMER;CURATIVO HIDROCOLOIDE ADVANCED REGULAR 10X10CM 810042;;;;;;;;;;;;;;107.69;SIMPRO_VIG;2022-10-28;19;
SIMPRO;2026-04-12;material;0000167010;12;;CREMER;CURATIVO HIDROCOLOIDE ADVANCED REGULAR 15X15CM 810066;;;;;;;;;;;;;;202.03;SIMPRO_VIG;2022-10-28;19;
SIMPRO;2026-04-12;material;0000167011;12;;CREMER;CURATIVO HIDROCOLOIDE ADVANCED REGULAR 20X20CM 810059;;;;;;;;;;;;;;288.09;SIMPRO_VIG;2022-10-28;19;
SIMPRO;2026-04-12;material;0000049888;12;;COLOPLAST;CURATIVO HIDROCOLOIDE ALIV.PRESSAO 10CM 3353;;;;;;;;;;;;;;68.7;SIMPRO_VIG;2009-11-09;19;
SIMPRO;2026-04-12;material;0000049889;12;;COLOPLAST;CURATIVO HIDROCOLOIDE ALIV.PRESSAO 15CM 3356;;;;;;;;;;;;;;111.5;SIMPRO_VIG;2009-11-09;19;
SIMPRO;2026-04-12;material;0000049887;12;;COLOPLAST;CURATIVO HIDROCOLOIDE ALIV.PRESSAO 7CM 3350;;;;;;;;;;;;;;50;SIMPRO_VIG;2009-11-09;19;
SIMPRO;2026-04-12;material;0000070632;12;;COLOPLAST;CURATIVO HIDROCOLOIDE ANTIBAC.C/PRATA 10X10 ESTERIL CONTREET 9610;;;;;;;;;;;;;;52;SIMPRO_VIG;2009-10-09;19;
SIMPRO;2026-04-12;material;0000070633;12;;COLOPLAST;CURATIVO HIDROCOLOIDE ANTIBAC.C/PRATA 15X15 ESTERIL CONTREET 9613;;;;;;;;;;;;;;98.8;SIMPRO_VIG;2009-10-09;19;
SIMPRO;2026-04-12;material;0000063810;12;;B.BRAUN;CURATIVO HIDROCOLOIDE ASKINA BIOFILM TRANSPARENT 10X10CM EST.;;;;;;;;;;;;;;58.5;SIMPRO_VIG;2017-09-26;19;
SIMPRO;2026-04-12;material;0000063811;12;;B.BRAUN;CURATIVO HIDROCOLOIDE ASKINA BIOFILM TRANSPARENT 15X15CM EST.;;;;;;;;;;;;;;124.39;SIMPRO_VIG;2017-09-26;19;
SIMPRO;2026-04-12;material;0000063812;12;;B.BRAUN;CURATIVO HIDROCOLOIDE ASKINA BIOFILM TRANSPARENT 20X20CM EST.;;;;;;;;;;;;;;195.06;SIMPRO_VIG;2017-09-26;19;
SIMPRO;2026-04-12;material;0000106397;12;;B.BRAUN;CURATIVO HIDROCOLOIDE ASKINA HYDRO 10X10CM C/PSYLLIUM HUSK;;;;;;;;;;;;;;73.26;SIMPRO_VIG;2017-09-26;19;
SIMPRO;2026-04-12;material;0000106398;12;;B.BRAUN;CURATIVO HIDROCOLOIDE ASKINA HYDRO 15X15CM C/PSYLLIUM HUSK;;;;;;;;;;;;;;159.89;SIMPRO_VIG;2017-09-26;19;
SIMPRO;2026-04-12;material;0000123648;12;;FARMA;CURATIVO HIDROCOLOIDE AUTO ADER.SEMI-TRANSP.15CMX20CM CURATEC. L.M;;;;;;;;;;;;;;107.38;SIMPRO_VIG;2011-01-01;19;
SIMPRO;2026-04-12;material;0000123647;12;;FARMA;CURATIVO HIDROCOLOIDE AUTO ADER.SEMI-TRANSP.6CMX6CM CURATEC. L.M;;;;;;;;;;;;;;20.34;SIMPRO_VIG;2011-01-01;19;
SIMPRO;2026-04-12;material;0000097693;12;;LM FARMA;CURATIVO HIDROCOLOIDE AUTO ADERENTE CURATEC 10X10CM;;;;;;;;;;;;;;111.82;SIMPRO_VIG;2025-01-09;19;
SIMPRO;2026-04-12;material;0000097694;12;;FARMA;CURATIVO HIDROCOLOIDE AUTO ADERENTE CURATEC 15X15CM. L.M;;;;;;;;;;;;;;268.68;SIMPRO_VIG;2020-06-16;19;
SIMPRO;2026-04-12;material;0000097695;12;;LM FARMA;CURATIVO HIDROCOLOIDE AUTO ADERENTE CURATEC 15X18CM;;;;;;;;;;;;;;447.76;SIMPRO_VIG;2025-01-09;19;
SIMPRO;2026-04-12;material;0000133578;12;;FARMA;CURATIVO HIDROCOLOIDE AUTO ADERENTE CURATEC 20X20CM. L.M;;;;;;;;;;;;;;386.87;SIMPRO_VIG;2020-06-16;19;
SIMPRO;2026-04-12;material;0000260218;12;;CASEX;CURATIVO HIDROCOLOIDE BORDER 15X18CM CURACTIVE 10UNID.;;;;;;;;;;;;;;280;SIMPRO_VIG;2015-08-11;19;
SIMPRO;2026-04-12;material;0000260220;12;;CASEX;CURATIVO HIDROCOLOIDE BORDER 20X21CM CURACTIVE 10UNID.;;;;;;;;;;;;;;360;SIMPRO_VIG;2015-08-11;19;
SIMPRO;2026-04-12;material;0000174589;12;;CASEX;CURATIVO HIDROCOLOIDE BORDER CALCANEO 10X13CM CURACTIVE;;;;;;;;;;;;;;140;SIMPRO_VIG;2013-02-26;19;
SIMPRO;2026-04-12;material;0000174590;12;;CASEX;CURATIVO HIDROCOLOIDE BORDER SACRAL 15X18CM CURACTIVE;;;;;;;;;;;;;;175;SIMPRO_VIG;2013-02-26;19;
SIMPRO;2026-04-12;material;0001660014;12;;CONVATEC;CURATIVO HIDROCOLOIDE C/BORDA CGF 06X06CM DUODERM;;;;;;;;;;;;;;73;SIMPRO_VIG;2015-04-16;19;
SIMPRO;2026-04-12;material;0001660015;12;;CONVATEC;CURATIVO HIDROCOLOIDE C/BORDA CGF 10X10CM DUODERM;;;;;;;;;;;;;;116;SIMPRO_VIG;2015-04-16;19;
SIMPRO;2026-04-12;material;0001660017;12;;CONVATEC;CURATIVO HIDROCOLOIDE C/BORDA CGF 10X13CM DUODERM;;;;;;;;;;;;;;132;SIMPRO_VIG;2015-04-16;19;
SIMPRO;2026-04-12;material;0001660016;12;;CONVATEC;CURATIVO HIDROCOLOIDE C/BORDA CGF 15X15CM DUODERM;;;;;;;;;;;;;;200;SIMPRO_VIG;2015-04-16;19;
SIMPRO;2026-04-12;material;0001660018;12;;CONVATEC;CURATIVO HIDROCOLOIDE C/BORDA CGF 15X18CM DUODERM;;;;;;;;;;;;;;223;SIMPRO_VIG;2015-04-16;19;
SIMPRO;2026-04-12;material;0000173439;12;;HOLLISTER;CURATIVO HIDROCOLOIDE C/BORDA RESTORE PLUS TRIANG.102CM 9959;;;;;;;;;;;;;;76.77;SIMPRO_VIG;2013-01-10;19;
SIMPRO;2026-04-12;material;0000043654;12;;HOLLISTER;CURATIVO HIDROCOLOIDE C/BORDA RESTORE PLUS TRIANG.110CM;;;;;;;;;;;;;;68.98;SIMPRO_VIG;2011-01-24;19;
SIMPRO;2026-04-12;material;0000043656;12;;HOLLISTER;CURATIVO HIDROCOLOIDE C/BORDA RESTORE PLUS TRIANG.171CM 9965;;;;;;;;;;;;;;140.64;SIMPRO_VIG;2013-01-10;19;
SIMPRO;2026-04-12;material;0000266292;12;;VITA MEDICAL;CURATIVO HIDROCOLOIDE C/BORDA STANDARD KANGLI DERM 10X10CM;;;;;;;;;;;;;;89.51;SIMPRO_VIG;2025-08-05;19;
SIMPRO;2026-04-12;material;0000266294;12;;VITA MEDICAL;CURATIVO HIDROCOLOIDE C/BORDA STANDARD KANGLI DERM 20X20CM;;;;;;;;;;;;;;233.89;SIMPRO_VIG;2025-08-05;19;
SIMPRO;2026-04-12;material;0000172373;12;;WALKMED;CURATIVO HIDROCOLOIDE C/PHMB COLODERM 10X10CM;;;;;;;;;;;;;;110;SIMPRO_VIG;2012-11-08;19;
SIMPRO;2026-04-12;material;0000172374;12;;WALKMED;CURATIVO HIDROCOLOIDE C/PHMB COLODERM 20X20CM;;;;;;;;;;;;;;220;SIMPRO_VIG;2012-11-08;19;
SIMPRO;2026-04-12;material;0000172375;12;;WALKMED;CURATIVO HIDROCOLOIDE C/PHMB COLODERM SACRO;;;;;;;;;;;;;;250;SIMPRO_VIG;2012-11-08;19;
SIMPRO;2026-04-12;material;0001660022;12;;CONVATEC;CURATIVO HIDROCOLOIDE CGF 10X10CM DUODERM;;;;;;;;;;;;;;68;SIMPRO_VIG;2015-04-16;19;
SIMPRO;2026-04-12;material;0001660023;12;;CONVATEC;CURATIVO HIDROCOLOIDE CGF 15X20CM DUODERM;;;;;;;;;;;;;;208;SIMPRO_VIG;2015-04-16;19;
SIMPRO;2026-04-12;material;0001660203;12;;CONVATEC;CURATIVO HIDROCOLOIDE CGF 20X20CM DUODERM;;;;;;;;;;;;;;216;SIMPRO_VIG;2015-04-16;19;
SIMPRO;2026-04-12;material;0000049885;12;;COLOPLAST;CURATIVO HIDROCOLOIDE CONTORNO 6X8 EXTERIL 3280;;;;;;;;;;;;;;40;SIMPRO_VIG;2009-11-09;19;
SIMPRO;2026-04-12;material;0000049886;12;;COLOPLAST;CURATIVO HIDROCOLOIDE CONTORNO 9X11 EXTERIL 3283;;;;;;;;;;;;;;64.4;SIMPRO_VIG;2009-11-09;19;
SIMPRO;2026-04-12;material;0000332135;12;;GOLDMED IMPORT;CURATIVO HIDROCOLOIDE ESPESSO PHARMACOLL 10X10CM EST.;;;;;;;;;;;;;;63.25;SIMPRO_VIG;2022-05-11;19;
SIMPRO;2026-04-12;material;0000332136;12;;GOLDMED IMPORT;CURATIVO HIDROCOLOIDE ESPESSO PHARMACOLL 20X20CM EST.;;;;;;;;;;;;;;89.56;SIMPRO_VIG;2022-05-11;19;
SIMPRO;2026-04-12;material;0000118775;12;;CREMER;CURATIVO HIDROCOLOIDE ESTERIL EXTRA FINO 10X10CM 5UNID REF.H310 265.071;;;;;;;;;;;;;;20.542;SIMPRO_VIG;2011-01-20;19;
SIMPRO;2026-04-12;material;0000118776;12;;CREMER;CURATIVO HIDROCOLOIDE ESTERIL EXTRA FINO 15X20CM 3UNID REF.H315 265.088;;;;;;;;;;;;;;40.977;SIMPRO_VIG;2011-01-20;19;
SIMPRO;2026-04-12;material;0000118777;12;;CREMER;CURATIVO HIDROCOLOIDE ESTERIL EXTRA FINO 20X20CM 3UNID REF.H320 265.095;;;;;;;;;;;;;;56.55;SIMPRO_VIG;2011-01-20;19;
SIMPRO;2026-04-12;material;0000118772;12;;CREMER;CURATIVO HIDROCOLOIDE ESTERIL REGULAR 10X10CM 5UNID REF.H110 265.019;;;;;;;;;;;;;;23.674;SIMPRO_VIG;2011-01-20;19;
SIMPRO;2026-04-12;material;0000118773;12;;CREMER;CURATIVO HIDROCOLOIDE ESTERIL REGULAR 15X20CM 3UNID REF.H115 265.026;;;;;;;;;;;;;;50.997;SIMPRO_VIG;2011-01-20;19;
SIMPRO;2026-04-12;material;0000118774;12;;CREMER;CURATIVO HIDROCOLOIDE ESTERIL REGULAR 20X20CM 3UNID REF.H120 265.033;;;;;;;;;;;;;;67.78;SIMPRO_VIG;2011-01-20;19;
SIMPRO;2026-04-12;material;0001660011;12;;CONVATEC;CURATIVO HIDROCOLOIDE EXTRA FINO 10X05CM DUODERM;;;;;;;;;;;;;;40.25;SIMPRO_VIG;2015-04-16;19;
SIMPRO;2026-04-12;material;0000161668;12;;CASEX;CURATIVO HIDROCOLOIDE EXTRA FINO 10X10CM CURACTIVE;;;;;;;;;;;;;;25;SIMPRO_VIG;2011-11-08;19;
SIMPRO;2026-04-12;material;0000260221;12;;CASEX;CURATIVO HIDROCOLOIDE EXTRA FINO 10X10CM CURACTIVE 10UNID.;;;;;;;;;;;;;;48;SIMPRO_VIG;2015-08-11;19;
SIMPRO;2026-04-12;material;0001660012;12;;CONVATEC;CURATIVO HIDROCOLOIDE EXTRA FINO 10X10CM DUODERM;;;;;;;;;;;;;;52;SIMPRO_VIG;2015-04-16;19;
SIMPRO;2026-04-12;material;0000357614;12;;POLAR FIX;CURATIVO HIDROCOLOIDE EXTRA FINO 10X10CM EST.10UN;;;;;;;;;;;;;;289.2;SIMPRO_VIG;2024-12-03;19;
SIMPRO;2026-04-12;material;0000332567;12;;POLAR FIX;CURATIVO HIDROCOLOIDE EXTRA FINO 10X10CM EST.FP0107;;;;;;;;;;;;;;84.7;SIMPRO_VIG;2022-10-20;19;
SIMPRO;2026-04-12;material;0000124484;12;;CONVATEC;CURATIVO HIDROCOLOIDE EXTRA FINO 10X15CM DUODERM;;;;;;;;;;;;;;60.5;SIMPRO_VIG;2015-04-16;19;
SIMPRO;2026-04-12;material;0000357615;12;;POLAR FIX;CURATIVO HIDROCOLOIDE EXTRA FINO 15X15CM 5UN;;;;;;;;;;;;;;252;SIMPRO_VIG;2024-12-03;19;
SIMPRO;2026-04-12;material;0000260253;12;;CASEX;CURATIVO HIDROCOLOIDE EXTRA FINO 15X15CM CURACTIVE 10UNID.;;;;;;;;;;;;;;67.84;SIMPRO_VIG;2015-08-11;19;
SIMPRO;2026-04-12;material;0000124482;12;;CONVATEC;CURATIVO HIDROCOLOIDE EXTRA FINO 15X15CM DUODERM;;;;;;;;;;;;;;73.5;SIMPRO_VIG;2015-04-16;19;
SIMPRO;2026-04-12;material;0000124483;12;;CONVATEC;CURATIVO HIDROCOLOIDE EXTRA FINO 15X18CM DUODERM;;;;;;;;;;;;;;89.5;SIMPRO_VIG;2015-04-16;19;
SIMPRO;2026-04-12;material;0000347698;12;;POLAR FIX;CURATIVO HIDROCOLOIDE EXTRA FINO 15X20CM 10UN;;;;;;;;;;;;;;31.4;SIMPRO_VIG;2023-10-20;19;
SIMPRO;2026-04-12;material;0000357616;12;;POLAR FIX;CURATIVO HIDROCOLOIDE EXTRA FINO 15X20CM 5UN;;;;;;;;;;;;;;262.8;SIMPRO_VIG;2024-12-03;19;
SIMPRO;2026-04-12;material;0000161669;12;;CASEX;CURATIVO HIDROCOLOIDE EXTRA FINO 15X20CM CURACTIVE;;;;;;;;;;;;;;43;SIMPRO_VIG;2011-11-08;19;
SIMPRO;2026-04-12;material;0000260222;12;;CASEX;CURATIVO HIDROCOLOIDE EXTRA FINO 15X20CM CURACTIVE 10UNID.;;;;;;;;;;;;;;106.72;SIMPRO_VIG;2015-08-11;19;
SIMPRO;2026-04-12;material;0000124486;12;;CONVATEC;CURATIVO HIDROCOLOIDE EXTRA FINO 20X05CM DUODERM;;;;;;;;;;;;;;79;SIMPRO_VIG;2015-04-16;19;
SIMPRO;2026-04-12;material;0000161670;12;;CASEX;CURATIVO HIDROCOLOIDE EXTRA FINO 20X20CM CURACTIVE;;;;;;;;;;;;;;65;SIMPRO_VIG;2011-11-08;19;
SIMPRO;2026-04-12;material;0000260223;12;;CASEX;CURATIVO HIDROCOLOIDE EXTRA FINO 20X20CM CURACTIVE 10UNID.;;;;;;;;;;;;;;138.45;SIMPRO_VIG;2015-08-11;19;
SIMPRO;2026-04-12;material;0000124485;12;;CONVATEC;CURATIVO HIDROCOLOIDE EXTRA FINO 4,4X3,8CM DUODERM;;;;;;;;;;;;;;17.5;SIMPRO_VIG;2015-04-16;19;
SIMPRO;2026-04-12;material;0001660010;12;;CONVATEC;CURATIVO HIDROCOLOIDE EXTRA FINO 7,5X7,5CM DUODERM;;;;;;;;;;;;;;42;SIMPRO_VIG;2015-04-16;19;
SIMPRO;2026-04-12;material;0000103529;12;;L.M.FARMA;CURATIVO HIDROCOLOIDE EXTRA FINO AUTO ADER.SEMI-TRANSP.10CMX10CM CURATEC;;;;;;;;;;;;;;28.4;SIMPRO_VIG;2011-01-01;19;
SIMPRO;2026-04-12;material;0000057386;12;;PAUL HARTMANN;CURATIVO HIDROCOLOIDE EXTRA FINO HYDROCOLL THIN 10X10 PAUL HARTMANN;;;;;;;;;;;;;;104.51;SIMPRO_VIG;2025-10-28;19;
SIMPRO;2026-04-12;material;0000057387;12;;PAUL HARTMANN;CURATIVO HIDROCOLOIDE EXTRA FINO HYDROCOLL THIN 15X15 PAUL HARTMANN;;;;;;;;;;;;;;212.64;SIMPRO_VIG;2025-10-28;19;
SIMPRO;2026-04-12;material;0000266659;12;;BACE;CURATIVO HIDROCOLOIDE EXTRA FINO HYDROCOLL THIN 5,0X5,0CM PAUL HARTMANN;;;;;;;;;;;;;;34.94;SIMPRO_VIG;2016-03-04;19;
SIMPRO;2026-04-12;material;0000098887;12;;BACE;CURATIVO HIDROCOLOIDE EXTRA FINO HYDROCOLL THIN 5X5CM PAUL HARTMANN 9009531;;;;;;;;;;;;;;17.38;SIMPRO_VIG;2012-06-04;19;
SIMPRO;2026-04-12;material;0000266660;12;;BACE;CURATIVO HIDROCOLOIDE EXTRA FINO HYDROCOLL THIN 7,5X7,5CM PAUL HARTMANN;;;;;;;;;;;;;;41;SIMPRO_VIG;2016-03-04;19;
SIMPRO;2026-04-12;material;0000098886;12;;BACE;CURATIVO HIDROCOLOIDE EXTRA FINO HYDROCOLL THIN 7,5X7,5CM PAUL HARTMANN 9009541;;;;;;;;;;;;;;22.66;SIMPRO_VIG;2012-06-04;19;
SIMPRO;2026-04-12;material;0000266293;12;;VITA MEDICAL;CURATIVO HIDROCOLOIDE EXTRA FINO KANGLI DERM 10X10CM;;;;;;;;;;;;;;63.53;SIMPRO_VIG;2025-08-05;19;
SIMPRO;2026-04-12;material;0000266295;12;;VITA MEDICAL;CURATIVO HIDROCOLOIDE EXTRA FINO KANGLI DERM 20X20CM;;;;;;;;;;;;;;201.58;SIMPRO_VIG;2025-08-05;19;
SIMPRO;2026-04-12;material;0000255297;12;;PROINLAB;CURATIVO HIDROCOLOIDE EXTRAFINO 07,5X07,5CM 10UNID;;;;;;;;;;;;;;22.8;SIMPRO_VIG;2015-03-24;19;
SIMPRO;2026-04-12;material;0000255298;12;;PROINLAB;CURATIVO HIDROCOLOIDE EXTRAFINO 10X10CM 10UNID;;;;;;;;;;;;;;32.4;SIMPRO_VIG;2015-03-24;19;
SIMPRO;2026-04-12;material;0000255299;12;;PROINLAB;CURATIVO HIDROCOLOIDE EXTRAFINO 10X15CM 10UNID;;;;;;;;;;;;;;50.4;SIMPRO_VIG;2015-03-24;19;
SIMPRO;2026-04-12;material;0000255300;12;;PROINLAB;CURATIVO HIDROCOLOIDE EXTRAFINO 15X15CM 10UNID;;;;;;;;;;;;;;70.4;SIMPRO_VIG;2015-03-24;19;
SIMPRO;2026-04-12;material;0000255301;12;;PROINLAB;CURATIVO HIDROCOLOIDE EXTRAFINO 15X18CM 10UNID;;;;;;;;;;;;;;78.4;SIMPRO_VIG;2015-03-24;19;
SIMPRO;2026-04-12;material;0000255302;12;;PROINLAB;CURATIVO HIDROCOLOIDE EXTRAFINO 15X20CM 10UNID;;;;;;;;;;;;;;99.2;SIMPRO_VIG;2015-03-24;19;
SIMPRO;2026-04-12;material;0000255303;12;;PROINLAB;CURATIVO HIDROCOLOIDE EXTRAFINO 20X20CM 10UNID;;;;;;;;;;;;;;129.6;SIMPRO_VIG;2015-03-24;19;
SIMPRO;2026-04-12;material;0000332131;12;;GOLDMED IMPORT;CURATIVO HIDROCOLOIDE EXTRAFINO PHARMACOLL 10X10CM EST.;;;;;;;;;;;;;;38.53;SIMPRO_VIG;2022-05-11;19;
SIMPRO;2026-04-12;material;0000332132;12;;GOLDMED IMPORT;CURATIVO HIDROCOLOIDE EXTRAFINO PHARMACOLL 20X20CM EST.;;;;;;;;;;;;;;65.26;SIMPRO_VIG;2022-05-11;19;
SIMPRO;2026-04-12;material;0000332133;12;;GOLDMED IMPORT;CURATIVO HIDROCOLOIDE FINO PHARMACOLL 10X10CM EST.;;;;;;;;;;;;;;45.89;SIMPRO_VIG;2022-05-11;19;
SIMPRO;2026-04-12;material;0000332134;12;;GOLDMED IMPORT;CURATIVO HIDROCOLOIDE FINO PHARMACOLL 20X20CM EST.;;;;;;;;;;;;;;78.56;SIMPRO_VIG;2022-05-11;19;
SIMPRO;2026-04-12;material;0000274681;12;;MED 7 PRODUTOS HOSP;CURATIVO HIDROCOLOIDE HERADERM 01,5X01,5CM;;;;;;;;;;;;;;45;SIMPRO_VIG;2016-07-19;19;
SIMPRO;2026-04-12;material;0000274682;12;;MED 7 PRODUTOS HOSP;CURATIVO HIDROCOLOIDE HERADERM 03,0X03,0CM;;;;;;;;;;;;;;65;SIMPRO_VIG;2016-07-19;19;
SIMPRO;2026-04-12;material;0000274683;12;;MED 7 PRODUTOS HOSP;CURATIVO HIDROCOLOIDE HERADERM 03,0X12,0CM;;;;;;;;;;;;;;188;SIMPRO_VIG;2016-07-19;19;
SIMPRO;2026-04-12;material;0000274684;12;;MED 7 PRODUTOS HOSP;CURATIVO HIDROCOLOIDE HERADERM 03,0X17,0CM;;;;;;;;;;;;;;192;SIMPRO_VIG;2016-07-19;19;
SIMPRO;2026-04-12;material;0000274685;12;;MED 7 PRODUTOS HOSP;CURATIVO HIDROCOLOIDE HERADERM 05,0X08,0CM;;;;;;;;;;;;;;203;SIMPRO_VIG;2016-07-19;19;
SIMPRO;2026-04-12;material;0000274686;12;;MED 7 PRODUTOS HOSP;CURATIVO HIDROCOLOIDE HERADERM 10,0X10,0CM;;;;;;;;;;;;;;213;SIMPRO_VIG;2016-07-19;19;
SIMPRO;2026-04-12;material;0000106399;12;;B.BRAUN;CURATIVO HIDROCOLOIDE HUSK ASKINA HYDRO 20X20CM C/PSYLLIUM EST.;;;;;;;;;;;;;;178.21;SIMPRO_VIG;2017-09-26;19;
SIMPRO;2026-04-12;material;0000057381;12;;PAUL HARTMANN;CURATIVO HIDROCOLOIDE HYDROCOLL 10X10CM PAUL HARTMANN;;;;;;;;;;;;;;191.26;SIMPRO_VIG;2020-05-06;19;
SIMPRO;2026-04-12;material;0000057382;12;;PAUL HARTMANN;CURATIVO HIDROCOLOIDE HYDROCOLL 15X15CM PAUL HARTMANN;;;;;;;;;;;;;;323.02;SIMPRO_VIG;2020-05-06;19;
SIMPRO;2026-04-12;material;0000147647;12;;BACE;CURATIVO HIDROCOLOIDE HYDROCOLL 18X18CM PAUL HARTMANN;;;;;;;;;;;;;;131;SIMPRO_VIG;2010-07-12;19;
SIMPRO;2026-04-12;material;0000057383;12;;PAUL HARTMANN;CURATIVO HIDROCOLOIDE HYDROCOLL 20X20CM PAUL HARTMANN;;;;;;;;;;;;;;410.11;SIMPRO_VIG;2025-10-28;19;
SIMPRO;2026-04-12;material;0000098879;12;;BACE;CURATIVO HIDROCOLOIDE HYDROCOLL 5X25CM PAUL HARTMANN 9009551;;;;;;;;;;;;;;35.14;SIMPRO_VIG;2008-09-03;19;
SIMPRO;2026-04-12;material;0000098878;12;;BACE;CURATIVO HIDROCOLOIDE HYDROCOLL 5X5CM PAUL HARTMANN;;;;;;;;;;;;;;40.58;SIMPRO_VIG;2013-11-13;19;
SIMPRO;2026-04-12;material;0000266672;12;;BACE;CURATIVO HIDROCOLOIDE HYDROCOLL 7,5X7,5CM PAUL HARTMANN;;;;;;;;;;;;;;48;SIMPRO_VIG;2016-03-04;19;
SIMPRO;2026-04-12;material;0000098880;12;;BACE;CURATIVO HIDROCOLOIDE HYDROCOLL 7,5X7,5CM PAUL HARTMANN 9009481;;;;;;;;;;;;;;38.02;SIMPRO_VIG;2012-06-04;19;
SIMPRO;2026-04-12;material;0000057385;12;;BACE;CURATIVO HIDROCOLOIDE HYDROCOLL CONCAVO 13,5X15CM PAUL HARTMANN 9009461;;;;;;;;;;;;;;130.68;SIMPRO_VIG;2012-06-04;19;
SIMPRO;2026-04-12;material;0000098883;12;;PAUL HARTMANN;CURATIVO HIDROCOLOIDE HYDROCOLL SACRAL 18X18CM PAUL HARTMANN;;;;;;;;;;;;;;288.99;SIMPRO_VIG;2020-05-06;19;
SIMPRO;2026-04-12;material;0000081930;12;;KCI BRASIL;CURATIVO HIDROCOLOIDE NU-DERM BORDER 05X05CM 20UNID;;;;;;;;;;;;;;91.25;SIMPRO_VIG;2015-09-03;19;
SIMPRO;2026-04-12;material;0000081931;12;;KCI BRASIL;CURATIVO HIDROCOLOIDE NU-DERM BORDER 10X10CM 10UNID;;;;;;;;;;;;;;145;SIMPRO_VIG;2015-09-03;19;
SIMPRO;2026-04-12;material;0000082264;12;;KCI BRASIL;CURATIVO HIDROCOLOIDE NU-DERM BORDER 15X15CM 5UNID;;;;;;;;;;;;;;250;SIMPRO_VIG;2015-09-03;19;
SIMPRO;2026-04-12;material;0000082266;12;;KCI BRASIL;CURATIVO HIDROCOLOIDE NU-DERM EXTRA FINO 10X10CM 10UNID;;;;;;;;;;;;;;65;SIMPRO_VIG;2015-09-03;19;
SIMPRO;2026-04-12;material;0000082265;12;;KCI BRASIL;CURATIVO HIDROCOLOIDE NU-DERM SACRAL 15X18CM 5UNID;;;;;;;;;;;;;;398.25;SIMPRO_VIG;2015-09-03;19;
SIMPRO;2026-04-12;material;0000082267;12;;KCI BRASIL;CURATIVO HIDROCOLOIDE NU-DERM STANDARD 10X10CM 5UNID;;;;;;;;;;;;;;86;SIMPRO_VIG;2015-01-06;19;
SIMPRO;2026-04-12;material;0000082268;12;;KCI BRASIL;CURATIVO HIDROCOLOIDE NU-DERM STANDARD 20X20CM 5UNID;;;;;;;;;;;;;;358.25;SIMPRO_VIG;2015-09-03;19;
SIMPRO;2026-04-12;material;0000364143;12;;MISSNER;CURATIVO HIDROCOLOIDE P/BOLHAS/CALOS 8UN;;;;;;;;;;;;;;4.538;SIMPRO_VIG;2025-10-10;19;
SIMPRO;2026-04-12;material;0000359152;12;;MISSNER;CURATIVO HIDROCOLOIDE PASTA 60G;;;;;;;;;;;;;;1.533;SIMPRO_VIG;2025-02-28;19;
SIMPRO;2026-04-12;material;0000271811;12;;KORAL HOSPITALAR;CURATIVO HIDROCOLOIDE PHARMACOLL 04,5X06,5CM;;;;;;;;;;;;;;40;SIMPRO_VIG;2016-06-08;19;
SIMPRO;2026-04-12;material;0000271812;12;;KORAL HOSPITALAR;CURATIVO HIDROCOLOIDE PHARMACOLL 07,5X10,0CM;;;;;;;;;;;;;;69;SIMPRO_VIG;2016-06-08;19;
SIMPRO;2026-04-12;material;0000271813;12;;KORAL HOSPITALAR;CURATIVO HIDROCOLOIDE PHARMACOLL 10,0X10,0CM;;;;;;;;;;;;;;71.96;SIMPRO_VIG;2016-06-08;19;
SIMPRO;2026-04-12;material;0000271814;12;;KORAL HOSPITALAR;CURATIVO HIDROCOLOIDE PHARMACOLL 15,0X15,0CM;;;;;;;;;;;;;;140;SIMPRO_VIG;2016-06-08;19;
SIMPRO;2026-04-12;material;0000271815;12;;KORAL HOSPITALAR;CURATIVO HIDROCOLOIDE PHARMACOLL 20,0X20,0CM;;;;;;;;;;;;;;183;SIMPRO_VIG;2016-06-08;19;
SIMPRO;2026-04-12;material;0000271816;12;;KORAL HOSPITALAR;CURATIVO HIDROCOLOIDE PHARMACOLL BASIC 10,0CMX10,0CM;;;;;;;;;;;;;;153.47;SIMPRO_VIG;2016-06-08;19;
SIMPRO;2026-04-12;material;0000169308;12;;AB MED HOSPITALAR;CURATIVO HIDROCOLOIDE PHARMACOLL BASIC ESPUMA 100X100MM;;;;;;;;;;;;;;29.8;SIMPRO_VIG;2012-07-18;19;
SIMPRO;2026-04-12;material;0000169309;12;;AB MED HOSPITALAR;CURATIVO HIDROCOLOIDE PHARMACOLL BASIC ESPUMA 100X200MM;;;;;;;;;;;;;;32.9;SIMPRO_VIG;2012-07-18;19;
SIMPRO;2026-04-12;material;0000169310;12;;AB MED HOSPITALAR;CURATIVO HIDROCOLOIDE PHARMACOLL BASIC ESPUMA 150X150MM;;;;;;;;;;;;;;40.1;SIMPRO_VIG;2012-07-18;19;
SIMPRO;2026-04-12;material;0000169311;12;;AB MED HOSPITALAR;CURATIVO HIDROCOLOIDE PHARMACOLL BASIC ESPUMA 200X200MM;;;;;;;;;;;;;;43.7;SIMPRO_VIG;2012-07-18;19;
SIMPRO;2026-04-12;material;0000169307;12;;AB MED HOSPITALAR;CURATIVO HIDROCOLOIDE PHARMACOLL BASIC ESPUMA 75X100MM;;;;;;;;;;;;;;28.7;SIMPRO_VIG;2012-07-18;19;
SIMPRO;2026-04-12;material;0000169313;12;;AB MED HOSPITALAR;CURATIVO HIDROCOLOIDE PHARMACOLL BASIC ESPUMA CONCAVE 180X165MM CONCAVE;;;;;;;;;;;;;;159.2;SIMPRO_VIG;2012-07-18;19;
SIMPRO;2026-04-12;material;0000169312;12;;AB MED HOSPITALAR;CURATIVO HIDROCOLOIDE PHARMACOLL BASIC ESPUMA SACRAL 200X200MM SACRAL;;;;;;;;;;;;;;176.7;SIMPRO_VIG;2012-07-18;19;
SIMPRO;2026-04-12;material;0000169316;12;;AB MED HOSPITALAR;CURATIVO HIDROCOLOIDE PHARMACOLL COMFORT 100X100MM C/REVEST.FILME POLIURETANO;;;;;;;;;;;;;;23.2;SIMPRO_VIG;2012-07-18;19;
SIMPRO;2026-04-12;material;0000169317;12;;AB MED HOSPITALAR;CURATIVO HIDROCOLOIDE PHARMACOLL COMFORT 100X200MM C/REVEST.FILME POLIURETANO;;;;;;;;;;;;;;28.6;SIMPRO_VIG;2012-07-18;19;
SIMPRO;2026-04-12;material;0000169320;12;;AB MED HOSPITALAR;CURATIVO HIDROCOLOIDE PHARMACOLL COMFORT 110X67MM C/REVEST.FILME POLIURETANO;;;;;;;;;;;;;;15.6;SIMPRO_VIG;2012-07-18;19;
SIMPRO;2026-04-12;material;0000169318;12;;AB MED HOSPITALAR;CURATIVO HIDROCOLOIDE PHARMACOLL COMFORT 150X150MM C/REVEST.FILME POLIURETANO;;;;;;;;;;;;;;30.4;SIMPRO_VIG;2012-07-18;19;
SIMPRO;2026-04-12;material;0000169319;12;;AB MED HOSPITALAR;CURATIVO HIDROCOLOIDE PHARMACOLL COMFORT 200X200MM C/REVEST.FILME POLIURETANO;;;;;;;;;;;;;;34.9;SIMPRO_VIG;2012-07-18;19;
SIMPRO;2026-04-12;material;0000169314;12;;AB MED HOSPITALAR;CURATIVO HIDROCOLOIDE PHARMACOLL COMFORT 45X65MM C/REVEST.FILME POLIURETANO;;;;;;;;;;;;;;7.9;SIMPRO_VIG;2012-07-18;19;
SIMPRO;2026-04-12;material;0000169322;12;;AB MED HOSPITALAR;CURATIVO HIDROCOLOIDE PHARMACOLL COMFORT 68X28MM C/REVEST.FILME POLIURETANO;;;;;;;;;;;;;;8.25;SIMPRO_VIG;2012-07-18;19;
SIMPRO;2026-04-12;material;0000169321;12;;AB MED HOSPITALAR;CURATIVO HIDROCOLOIDE PHARMACOLL COMFORT 68X43MM C/REVEST.FILME POLIURETANO;;;;;;;;;;;;;;9.7;SIMPRO_VIG;2012-07-18;19;
SIMPRO;2026-04-12;material;0000169315;12;;AB MED HOSPITALAR;CURATIVO HIDROCOLOIDE PHARMACOLL COMFORT 75X100MM C/REVEST.FILME POLIURETANO;;;;;;;;;;;;;;21.1;SIMPRO_VIG;2012-07-18;19;
SIMPRO;2026-04-12;material;0000169323;12;;AB MED HOSPITALAR;CURATIVO HIDROCOLOIDE PHARMACOLL COMFORT CONCAVE 180X165MM REVEST.FILME POLIURET.CONCAVE;;;;;;;;;;;;;;93.7;SIMPRO_VIG;2012-07-18;19;
SIMPRO;2026-04-12;material;0000169324;12;;AB MED HOSPITALAR;CURATIVO HIDROCOLOIDE PHARMACOLL COMFORT SACRAL 220X220MM REVEST.FILME POLIURET.SACRAL;;;;;;;;;;;;;;108.2;SIMPRO_VIG;2012-07-18;19;
SIMPRO;2026-04-12;material;0000169298;12;;AB MED HOSPITALAR;CURATIVO HIDROCOLOIDE PHARMACOLL P/TRAQUEO.80X80X0,3MM;;;;;;;;;;;;;;50.1;SIMPRO_VIG;2012-07-18;19;
SIMPRO;2026-04-12;material;0000169299;12;;AB MED HOSPITALAR;CURATIVO HIDROCOLOIDE PHARMACOLL P/TRAQUEO.80X80X0,6MM;;;;;;;;;;;;;;50.9;SIMPRO_VIG;2012-07-18;19;
SIMPRO;2026-04-12;material;0000169300;12;;AB MED HOSPITALAR;CURATIVO HIDROCOLOIDE PHARMACOLL P/TRAQUEO.80X80X1MM;;;;;;;;;;;;;;51.2;SIMPRO_VIG;2012-07-18;19;
SIMPRO;2026-04-12;material;0000169277;12;;AB MED HOSPITALAR;CURATIVO HIDROCOLOIDE PHARMACOLL PLACA 100X100X0,3MM;;;;;;;;;;;;;;31.5;SIMPRO_VIG;2012-07-18;19;
SIMPRO;2026-04-12;material;0000169278;12;;AB MED HOSPITALAR;CURATIVO HIDROCOLOIDE PHARMACOLL PLACA 100X100X0,6MM;;;;;;;;;;;;;;32.2;SIMPRO_VIG;2012-07-18;19;
SIMPRO;2026-04-12;material;0000169279;12;;AB MED HOSPITALAR;CURATIVO HIDROCOLOIDE PHARMACOLL PLACA 100X100X1MM;;;;;;;;;;;;;;32.9;SIMPRO_VIG;2012-07-18;19;
SIMPRO;2026-04-12;material;0000169280;12;;AB MED HOSPITALAR;CURATIVO HIDROCOLOIDE PHARMACOLL PLACA 100X200X0,3MM;;;;;;;;;;;;;;98;SIMPRO_VIG;2012-07-18;19;
SIMPRO;2026-04-12;material;0000169281;12;;AB MED HOSPITALAR;CURATIVO HIDROCOLOIDE PHARMACOLL PLACA 100X200X0,6MM;;;;;;;;;;;;;;99.4;SIMPRO_VIG;2012-07-18;19;
SIMPRO;2026-04-12;material;0000169282;12;;AB MED HOSPITALAR;CURATIVO HIDROCOLOIDE PHARMACOLL PLACA 100X200X1MM;;;;;;;;;;;;;;99.9;SIMPRO_VIG;2012-07-18;19;
SIMPRO;2026-04-12;material;0000169289;12;;AB MED HOSPITALAR;CURATIVO HIDROCOLOIDE PHARMACOLL PLACA 110X67X0,3MM;;;;;;;;;;;;;;85.4;SIMPRO_VIG;2012-07-18;19;
SIMPRO;2026-04-12;material;0000169290;12;;AB MED HOSPITALAR;CURATIVO HIDROCOLOIDE PHARMACOLL PLACA 110X67X0,6MM;;;;;;;;;;;;;;86.1;SIMPRO_VIG;2012-07-18;19;
SIMPRO;2026-04-12;material;0000169291;12;;AB MED HOSPITALAR;CURATIVO HIDROCOLOIDE PHARMACOLL PLACA 110X67X1MM;;;;;;;;;;;;;;87.4;SIMPRO_VIG;2012-07-18;19;
SIMPRO;2026-04-12;material;0000169283;12;;AB MED HOSPITALAR;CURATIVO HIDROCOLOIDE PHARMACOLL PLACA 150X150X0,3MM;;;;;;;;;;;;;;65.2;SIMPRO_VIG;2012-07-18;19;
SIMPRO;2026-04-12;material;0000169284;12;;AB MED HOSPITALAR;CURATIVO HIDROCOLOIDE PHARMACOLL PLACA 150X150X0,6MM;;;;;;;;;;;;;;66.1;SIMPRO_VIG;2012-07-18;19;
SIMPRO;2026-04-12;material;0000169285;12;;AB MED HOSPITALAR;CURATIVO HIDROCOLOIDE PHARMACOLL PLACA 150X150X1MM;;;;;;;;;;;;;;67.2;SIMPRO_VIG;2012-07-18;19;
SIMPRO;2026-04-12;material;0000169286;12;;AB MED HOSPITALAR;CURATIVO HIDROCOLOIDE PHARMACOLL PLACA 200X200X0,3MM;;;;;;;;;;;;;;100.5;SIMPRO_VIG;2012-07-18;19;
SIMPRO;2026-04-12;material;0000169287;12;;AB MED HOSPITALAR;CURATIVO HIDROCOLOIDE PHARMACOLL PLACA 200X200X0,6MM;;;;;;;;;;;;;;101.6;SIMPRO_VIG;2012-07-18;19;
SIMPRO;2026-04-12;material;0000169288;12;;AB MED HOSPITALAR;CURATIVO HIDROCOLOIDE PHARMACOLL PLACA 200X200X1MM;;;;;;;;;;;;;;102.7;SIMPRO_VIG;2012-07-18;19;
SIMPRO;2026-04-12;material;0000169268;12;;AB MED HOSPITALAR;CURATIVO HIDROCOLOIDE PHARMACOLL PLACA 45X65X0,3MM;;;;;;;;;;;;;;16.5;SIMPRO_VIG;2012-07-18;19;
SIMPRO;2026-04-12;material;0000169270;12;;AB MED HOSPITALAR;CURATIVO HIDROCOLOIDE PHARMACOLL PLACA 45X65X0,6MM;;;;;;;;;;;;;;16.9;SIMPRO_VIG;2012-07-18;19;
SIMPRO;2026-04-12;material;0000169272;12;;AB MED HOSPITALAR;CURATIVO HIDROCOLOIDE PHARMACOLL PLACA 45X65X1MM;;;;;;;;;;;;;;17.4;SIMPRO_VIG;2012-07-18;19;
SIMPRO;2026-04-12;material;0000169295;12;;AB MED HOSPITALAR;CURATIVO HIDROCOLOIDE PHARMACOLL PLACA 68X28X0,3MM;;;;;;;;;;;;;;14.1;SIMPRO_VIG;2012-07-18;19;
SIMPRO;2026-04-12;material;0000169296;12;;AB MED HOSPITALAR;CURATIVO HIDROCOLOIDE PHARMACOLL PLACA 68X28X0,6MM;;;;;;;;;;;;;;14.8;SIMPRO_VIG;2012-07-18;19;
SIMPRO;2026-04-12;material;0000169297;12;;AB MED HOSPITALAR;CURATIVO HIDROCOLOIDE PHARMACOLL PLACA 68X28X1MM;;;;;;;;;;;;;;15.2;SIMPRO_VIG;2012-07-18;19;
SIMPRO;2026-04-12;material;0000169292;12;;AB MED HOSPITALAR;CURATIVO HIDROCOLOIDE PHARMACOLL PLACA 68X43X0,3MM;;;;;;;;;;;;;;19.2;SIMPRO_VIG;2012-07-18;19;
SIMPRO;2026-04-12;material;0000169293;12;;AB MED HOSPITALAR;CURATIVO HIDROCOLOIDE PHARMACOLL PLACA 68X43X0,6MM;;;;;;;;;;;;;;19.7;SIMPRO_VIG;2012-07-18;19;
SIMPRO;2026-04-12;material;0000169294;12;;AB MED HOSPITALAR;CURATIVO HIDROCOLOIDE PHARMACOLL PLACA 68X43X1MM;;;;;;;;;;;;;;20.1;SIMPRO_VIG;2012-07-18;19;
SIMPRO;2026-04-12;material;0000169274;12;;AB MED HOSPITALAR;CURATIVO HIDROCOLOIDE PHARMACOLL PLACA 75X100X0,3MM;;;;;;;;;;;;;;20.3;SIMPRO_VIG;2012-07-18;19;
SIMPRO;2026-04-12;material;0000169275;12;;AB MED HOSPITALAR;CURATIVO HIDROCOLOIDE PHARMACOLL PLACA 75X100X0,6MM;;;;;;;;;;;;;;20.9;SIMPRO_VIG;2012-07-18;19;
SIMPRO;2026-04-12;material;0000169276;12;;AB MED HOSPITALAR;CURATIVO HIDROCOLOIDE PHARMACOLL PLACA 75X100X1MM;;;;;;;;;;;;;;21.4;SIMPRO_VIG;2012-07-18;19;
SIMPRO;2026-04-12;material;0000169301;12;;AB MED HOSPITALAR;CURATIVO HIDROCOLOIDE PHARMACOLL SACRAL 180X165X0,3MM;;;;;;;;;;;;;;107.9;SIMPRO_VIG;2012-07-18;19;
SIMPRO;2026-04-12;material;0000169302;12;;AB MED HOSPITALAR;CURATIVO HIDROCOLOIDE PHARMACOLL SACRAL 180X165X0,6MM;;;;;;;;;;;;;;109.7;SIMPRO_VIG;2012-07-18;19;
SIMPRO;2026-04-12;material;0000169303;12;;AB MED HOSPITALAR;CURATIVO HIDROCOLOIDE PHARMACOLL SACRAL 180X165X1MM;;;;;;;;;;;;;;112.4;SIMPRO_VIG;2012-07-18;19;
SIMPRO;2026-04-12;material;0000169304;12;;AB MED HOSPITALAR;CURATIVO HIDROCOLOIDE PHARMACOLL SACRAL 220X220X0,3MM;;;;;;;;;;;;;;99.7;SIMPRO_VIG;2012-07-18;19;
SIMPRO;2026-04-12;material;0000169305;12;;AB MED HOSPITALAR;CURATIVO HIDROCOLOIDE PHARMACOLL SACRAL 220X220X0,6MM;;;;;;;;;;;;;;101.4;SIMPRO_VIG;2012-07-18;19;
SIMPRO;2026-04-12;material;0000169306;12;;AB MED HOSPITALAR;CURATIVO HIDROCOLOIDE PHARMACOLL SACRAL 220X220X1MM;;;;;;;;;;;;;;103.2;SIMPRO_VIG;2012-07-18;19;
SIMPRO;2026-04-12;material;0000271817;12;;KORAL HOSPITALAR;CURATIVO HIDROCOLOIDE PHARMACOLL THIN 10,0CMX10,0CM;;;;;;;;;;;;;;52.85;SIMPRO_VIG;2016-06-08;19;
SIMPRO;2026-04-12;material;0000108126;12;;VENOSAN;CURATIVO HIDROCOLOIDE PLACA SUPRASORB H 05X10CM FINO;;;;;;;;;;;;;;71.77;SIMPRO_VIG;2023-06-30;19;
SIMPRO;2026-04-12;material;0000108127;12;;VENOSAN;CURATIVO HIDROCOLOIDE PLACA SUPRASORB H 05X20CM FINO;;;;;;;;;;;;;;82.43;SIMPRO_VIG;2023-06-30;19;
SIMPRO;2026-04-12;material;0000108128;12;;VENOSAN;CURATIVO HIDROCOLOIDE PLACA SUPRASORB H 10X10CM FINO;;;;;;;;;;;;;;92.34;SIMPRO_VIG;2023-06-30;19;
SIMPRO;2026-04-12;material;0000108125;12;;VENOSAN;CURATIVO HIDROCOLOIDE PLACA SUPRASORB H 10X10CM PADRAO;;;;;;;;;;;;;;126.28;SIMPRO_VIG;2023-06-30;19;
SIMPRO;2026-04-12;material;0000108131;12;;POLAR FIX;CURATIVO HIDROCOLOIDE PLACA SUPRASORB H 14X14CM C/BORDA;;;;;;;;;;;;;;403.39;SIMPRO_VIG;2016-11-01;19;
SIMPRO;2026-04-12;material;0000108132;12;;VENOSAN;CURATIVO HIDROCOLOIDE PLACA SUPRASORB H 14X16CM SACRO;;;;;;;;;;;;;;465.92;SIMPRO_VIG;2023-06-30;19;
SIMPRO;2026-04-12;material;0000108129;12;;VENOSAN;CURATIVO HIDROCOLOIDE PLACA SUPRASORB H 15X15CM FINO;;;;;;;;;;;;;;228.07;SIMPRO_VIG;2023-06-30;19;
SIMPRO;2026-04-12;material;0000108123;12;;VENOSAN;CURATIVO HIDROCOLOIDE PLACA SUPRASORB H 15X15CM PADRAO;;;;;;;;;;;;;;276.57;SIMPRO_VIG;2023-06-30;19;
SIMPRO;2026-04-12;material;0000108130;12;;VENOSAN;CURATIVO HIDROCOLOIDE PLACA SUPRASORB H 20X20CM FINO;;;;;;;;;;;;;;300.6;SIMPRO_VIG;2023-06-30;19;
SIMPRO;2026-04-12;material;0000108124;12;;VENOSAN;CURATIVO HIDROCOLOIDE PLACA SUPRASORB H 20X20CM PADRAO;;;;;;;;;;;;;;402.85;SIMPRO_VIG;2023-06-30;19;
SIMPRO;2026-04-12;material;0000161692;12;;FARMA;CURATIVO HIDROCOLOIDE PLUS C/BORDA AUTO ADER.SEMI-TRANSP.10X10CM CURATEC. L.M;;;;;;;;;;;;;;11.16;SIMPRO_VIG;2011-11-07;19;
SIMPRO;2026-04-12;material;0000169487;12;;FARMA;CURATIVO HIDROCOLOIDE PLUS C/BORDA AUTO ADER.SEMI-TRANSP.15X15CM CURATEC. L.M;;;;;;;;;;;;;;111.36;SIMPRO_VIG;2012-07-13;19;
SIMPRO;2026-04-12;material;0000336167;12;;MISSNER;CURATIVO HIDROCOLOIDE PLUS C/ESPUMA 10X10CM;;;;;;;;;;;;;;60.28;SIMPRO_VIG;2022-11-11;19;
SIMPRO;2026-04-12;material;0000169499;12;;LM FARMA;CURATIVO HIDROCOLOIDE PLUS EXTRAFINO AUTO ADER.SEMI-TRANSP.10X10CM;;;;;;;;;;;;;;91.67;SIMPRO_VIG;2025-01-09;19;
SIMPRO;2026-04-12;material;0000261937;12;;FARMA;CURATIVO HIDROCOLOIDE PLUS STANDARD AUTO ADER.SEMI-TRANSP.10X10CM CURATEC. L.M;;;;;;;;;;;;;;47.08;SIMPRO_VIG;2015-10-06;19;
SIMPRO;2026-04-12;material;0000161691;12;;FARMA;CURATIVO HIDROCOLOIDE PLUS STANDARD AUTO ADER.SEMI-TRANSP.10X10CM CURATEC.. L.M;;;;;;;;;;;;;;7.464;SIMPRO_VIG;2011-11-07;19;
SIMPRO;2026-04-12;material;0000169488;12;;FARMA;CURATIVO HIDROCOLOIDE PLUS STANDARD AUTO ADER.SEMI-TRANSP.15X15CM CURATEC. L.M;;;;;;;;;;;;;;93.09;SIMPRO_VIG;2015-10-06;19;
SIMPRO;2026-04-12;material;0000169489;12;;FARMA;CURATIVO HIDROCOLOIDE PLUS STANDARD AUTO ADER.SEMI-TRANSP.15X18CM CURATEC. L.M;;;;;;;;;;;;;;147.94;SIMPRO_VIG;2015-10-06;19;
SIMPRO;2026-04-12;material;0000169490;12;;FARMA;CURATIVO HIDROCOLOIDE PLUS STANDARD AUTO ADER.SEMI-TRANSP.15X20CM CURATEC. L.M;;;;;;;;;;;;;;208;SIMPRO_VIG;2015-10-06;19;
SIMPRO;2026-04-12;material;0000169491;12;;FARMA;CURATIVO HIDROCOLOIDE PLUS STANDARD AUTO ADER.SEMI-TRANSP.20X20CM CURATEC. L.M;;;;;;;;;;;;;;148.73;SIMPRO_VIG;2015-10-06;19;
SIMPRO;2026-04-12;material;0000161665;12;;CASEX;CURATIVO HIDROCOLOIDE REGULAR 10X10CM CURACTIVE;;;;;;;;;;;;;;28;SIMPRO_VIG;2011-11-08;19;
SIMPRO;2026-04-12;material;0000260214;12;;CASEX;CURATIVO HIDROCOLOIDE REGULAR 10X10CM CURACTIVE 10UNID.;;;;;;;;;;;;;;65;SIMPRO_VIG;2015-08-11;19;
SIMPRO;2026-04-12;material;0000332568;12;;POLAR FIX;CURATIVO HIDROCOLOIDE REGULAR 10X10CM EST.FP0108;;;;;;;;;;;;;;97.83;SIMPRO_VIG;2022-10-20;19;
SIMPRO;2026-04-12;material;0000260252;12;;CASEX;CURATIVO HIDROCOLOIDE REGULAR 15X15CM CURACTIVE 10UNID.;;;;;;;;;;;;;;123;SIMPRO_VIG;2015-08-11;19;
SIMPRO;2026-04-12;material;0000332569;12;;POLAR FIX;CURATIVO HIDROCOLOIDE REGULAR 15X15CM EST.FP0109;;;;;;;;;;;;;;178.2;SIMPRO_VIG;2022-10-20;19;
SIMPRO;2026-04-12;material;0000161666;12;;CASEX;CURATIVO HIDROCOLOIDE REGULAR 15X20CM CURACTIVE;;;;;;;;;;;;;;62;SIMPRO_VIG;2011-11-08;19;
SIMPRO;2026-04-12;material;0000260215;12;;CASEX;CURATIVO HIDROCOLOIDE REGULAR 15X20CM CURACTIVE 10UNID.;;;;;;;;;;;;;;192.3;SIMPRO_VIG;2015-08-11;19;
SIMPRO;2026-04-12;material;0000161667;12;;CASEX;CURATIVO HIDROCOLOIDE REGULAR 20X20CM CURACTIVE;;;;;;;;;;;;;;83;SIMPRO_VIG;2011-11-08;19;
SIMPRO;2026-04-12;material;0000260216;12;;CASEX;CURATIVO HIDROCOLOIDE REGULAR 20X20CM CURACTIVE 10UNID.;;;;;;;;;;;;;;230;SIMPRO_VIG;2015-08-11;19;
SIMPRO;2026-04-12;material;0000332570;12;;POLAR FIX;CURATIVO HIDROCOLOIDE REGULAR 20X20CM EST.FP0110;;;;;;;;;;;;;;255.2;SIMPRO_VIG;2022-10-20;19;
SIMPRO;2026-04-12;material;0000335230;12;;POLAR FIX;CURATIVO HIDROCOLOIDE REGULAR 22X22CM SACRAL EST.FP0111;;;;;;;;;;;;;;261.8;SIMPRO_VIG;2022-10-20;19;
SIMPRO;2026-04-12;material;0000043657;12;;HOLLISTER;CURATIVO HIDROCOLOIDE RESTORE EXTRA-FINO 10X10CM;;;;;;;;;;;;;;50.03;SIMPRO_VIG;2021-02-23;19;
SIMPRO;2026-04-12;material;0000043658;12;;HOLLISTER;CURATIVO HIDROCOLOIDE RESTORE EXTRA-FINO 15X20CM;;;;;;;;;;;;;;183.16;SIMPRO_VIG;2021-02-23;19;
SIMPRO;2026-04-12;material;0000043659;12;;HOLLISTER;CURATIVO HIDROCOLOIDE RESTORE EXTRA-FINO 20X20CM;;;;;;;;;;;;;;229.64;SIMPRO_VIG;2022-02-09;19;
SIMPRO;2026-04-12;material;0000043645;12;;HOLLISTER;CURATIVO HIDROCOLOIDE RESTORE PLUS 10X10CM;;;;;;;;;;;;;;68.71;SIMPRO_VIG;2021-02-23;19;
SIMPRO;2026-04-12;material;0000043646;12;;HOLLISTER;CURATIVO HIDROCOLOIDE RESTORE PLUS 15X20CM;;;;;;;;;;;;;;125;SIMPRO_VIG;2016-01-27;19;
SIMPRO;2026-04-12;material;0000043647;12;;HOLLISTER;CURATIVO HIDROCOLOIDE RESTORE PLUS 20X20CM;;;;;;;;;;;;;;215.38;SIMPRO_VIG;2020-02-18;19;
SIMPRO;2026-04-12;material;0000043648;12;;HOLLISTER;CURATIVO HIDROCOLOIDE RESTORE PLUS C/BORDA 10X10CM;;;;;;;;;;;;;;103.81;SIMPRO_VIG;2020-02-18;19;
SIMPRO;2026-04-12;material;0000043655;12;;HOLLISTER;CURATIVO HIDROCOLOIDE RESTORE PLUS C/BORDA 15X15CM;;;;;;;;;;;;;;232.85;SIMPRO_VIG;2020-02-18;19;
SIMPRO;2026-04-12;material;0000043649;12;;HOLLISTER;CURATIVO HIDROCOLOIDE RESTORE PLUS C/BORDA 15X20CM;;;;;;;;;;;;;;143.77;SIMPRO_VIG;2015-01-13;19;
SIMPRO;2026-04-12;material;0000043653;12;;HOLLISTER;CURATIVO HIDROCOLOIDE RESTORE PLUS C/BORDA 20X20CM;;;;;;;;;;;;;;388.08;SIMPRO_VIG;2020-02-18;19;
SIMPRO;2026-04-12;material;0000338220;12;;COLOPLAST WOUND;CURATIVO HIDROCOLOIDE SACRAL 17X17CM NEW COMFEEL PLUS EST.;;;;;;;;;;;;;;292.18;SIMPRO_VIG;2025-10-01;19;
SIMPRO;2026-04-12;material;0000070623;12;;COLOPLAST WOUND;CURATIVO HIDROCOLOIDE SACRAL 18X20 ESTERIL COMFEEL PLUS;;;;;;;;;;;;;;260.78;SIMPRO_VIG;2022-10-21;19;
SIMPRO;2026-04-12;material;0000255304;12;;PROINLAB;CURATIVO HIDROCOLOIDE STANDARD 07,5X07,5CM 10UNID;;;;;;;;;;;;;;28.4;SIMPRO_VIG;2015-03-24;19;
SIMPRO;2026-04-12;material;0000255305;12;;PROINLAB;CURATIVO HIDROCOLOIDE STANDARD 10X10CM 10UNID;;;;;;;;;;;;;;42.4;SIMPRO_VIG;2015-03-24;19;
SIMPRO;2026-04-12;material;0000255306;12;;PROINLAB;CURATIVO HIDROCOLOIDE STANDARD 10X15CM 10UNID;;;;;;;;;;;;;;61.2;SIMPRO_VIG;2015-03-24;19;
SIMPRO;2026-04-12;material;0000255307;12;;PROINLAB;CURATIVO HIDROCOLOIDE STANDARD 15X15CM 10UNID;;;;;;;;;;;;;;91.6;SIMPRO_VIG;2015-03-24;19;
SIMPRO;2026-04-12;material;0000255308;12;;PROINLAB;CURATIVO HIDROCOLOIDE STANDARD 15X18CM 10UNID;;;;;;;;;;;;;;101.88;SIMPRO_VIG;2015-03-24;19;
SIMPRO;2026-04-12;material;0000255309;12;;PROINLAB;CURATIVO HIDROCOLOIDE STANDARD 15X20CM 10UNID;;;;;;;;;;;;;;129;SIMPRO_VIG;2015-03-24;19;
SIMPRO;2026-04-12;material;0000255310;12;;PROINLAB;CURATIVO HIDROCOLOIDE STANDARD 20X20CM 10UNID;;;;;;;;;;;;;;170.4;SIMPRO_VIG;2015-03-24;19;
SIMPRO;2026-04-12;material;0000014686;12;;3M BRASIL;CURATIVO HIDROCOLOIDE TEGASORB OVAL 10X12CM 5UNID 90003;;;;;;;;;;;;;;89.806;SIMPRO_VIG;2010-08-24;19;
SIMPRO;2026-04-12;material;0000014687;12;;3M BRASIL;CURATIVO HIDROCOLOIDE TEGASORB OVAL 14X17CM 3UNID 90004;;;;;;;;;;;;;;206.827;SIMPRO_VIG;2012-07-24;19;
SIMPRO;2026-04-12;material;0000014685;12;;3M BRASIL;CURATIVO HIDROCOLOIDE TEGASORB OVAL 7X9CM 90001 5UNID;;;;;;;;;;;;;;0;SIMPRO_VIG;2010-04-01;19;
SIMPRO;2026-04-12;material;0000014701;12;;3M BRASIL;CURATIVO HIDROCOLOIDE TEGASORB T.Q.10X10CM 5UNID 90022;;;;;;;;;;;;;;69.198;SIMPRO_VIG;2012-07-24;19;
SIMPRO;2026-04-12;material;0000014691;12;;3M BRASIL;CURATIVO HIDROCOLOIDE TEGASORB THIN 10X12CM 10UNID 90023;;;;;;;;;;;;;;94.949;SIMPRO_VIG;2012-07-24;19;
SIMPRO;2026-04-12;material;0000014690;12;;3M BRASIL;CURATIVO HIDROCOLOIDE TEGASORB THIN 7X9CM 10UNID 90021;;;;;;;;;;;;;;58.34;SIMPRO_VIG;2012-07-24;19;
SIMPRO;2026-04-12;material;0000049892;12;;COLOPLAST;CURATIVO HIDROCOLOIDE TRANSP.15X20 3542;;;;;;;;;;;;;;100;SIMPRO_VIG;2009-11-09;19;
SIMPRO;2026-04-12;material;0000049890;12;;COLOPLAST;CURATIVO HIDROCOLOIDE TRANSP.5X7 3530;;;;;;;;;;;;;;20.8;SIMPRO_VIG;2009-11-09;19;
SIMPRO;2026-04-12;material;0000049891;12;;COLOPLAST;CURATIVO HIDROCOLOIDE TRANSP.9X14 3536;;;;;;;;;;;;;;39.4;SIMPRO_VIG;2009-11-09;19;
SIMPRO;2026-04-12;material;0000049893;12;;COLOPLAST;CURATIVO HIDROCOLOIDE TRANSP.9X25 3548;;;;;;;;;;;;;;39.4;SIMPRO_VIG;2009-11-09;19;
SIMPRO;2026-04-12;material;0000070627;12;;COLOPLAST WOUND;CURATIVO HIDROCOLOIDE TRANSPARENTE 05X07 COMFEEL PLUS;;;;;;;;;;;;;;44.95;SIMPRO_VIG;2022-10-21;19;
SIMPRO;2026-04-12;material;0000326191;12;;COLOPLAST WOUND;CURATIVO HIDROCOLOIDE TRANSPARENTE 05X07CM NEW COMFEEL PLUS;;;;;;;;;;;;;;50.98;SIMPRO_VIG;2025-10-01;19;
SIMPRO;2026-04-12;material;0000070631;12;;COLOPLAST WOUND;CURATIVO HIDROCOLOIDE TRANSPARENTE 05X25 COMFEEL PLUS;;;;;;;;;;;;;;80.67;SIMPRO_VIG;2022-10-21;19;
SIMPRO;2026-04-12;material;0000326193;12;;COLOPLAST WOUND;CURATIVO HIDROCOLOIDE TRANSPARENTE 05X25CM NEW COMFEEL PLUS;;;;;;;;;;;;;;91.48;SIMPRO_VIG;2025-10-01;19;
SIMPRO;2026-04-12;material;0000326197;12;;COLOPLAST WOUND;CURATIVO HIDROCOLOIDE TRANSPARENTE 09X14CM NEW COMFEEL PLUS;;;;;;;;;;;;;;91.45;SIMPRO_VIG;2025-10-01;19;
SIMPRO;2026-04-12;material;0000070628;12;;COLOPLAST WOUND;CURATIVO HIDROCOLOIDE TRANSPARENTE 10X10 COMFEEL PLUS;;;;;;;;;;;;;;66.69;SIMPRO_VIG;2022-10-21;19;
SIMPRO;2026-04-12;material;0000326194;12;;COLOPLAST WOUND;CURATIVO HIDROCOLOIDE TRANSPARENTE 10X10CM NEW COMFEEL PLUS;;;;;;;;;;;;;;75.62;SIMPRO_VIG;2025-10-01;19;
SIMPRO;2026-04-12;material;0000070630;12;;COLOPLAST WOUND;CURATIVO HIDROCOLOIDE TRANSPARENTE 15X20 COMFEEL PLUS;;;;;;;;;;;;;;200.23;SIMPRO_VIG;2022-10-21;19;
SIMPRO;2026-04-12;material;0000326196;12;;COLOPLAST WOUND;CURATIVO HIDROCOLOIDE TRANSPARENTE 15X20CM NEW COMFEEL PLUS;;;;;;;;;;;;;;227.06;SIMPRO_VIG;2025-10-01;19;
SIMPRO;2026-04-12;material;0000070629;12;;COLOPLAST WOUND;CURATIVO HIDROCOLOIDE TRANSPARENTE 9X14 COMFEEL PLUS;;;;;;;;;;;;;;80.65;SIMPRO_VIG;2022-10-21;19;
SIMPRO;2026-04-12;material;0000115491;12;;COVIDIEN;CURATIVO HIDROCOLOIDE/ALGINATO 10CMX10CM ULTEC PRO;;;;;;;;;;;;;;70.76;SIMPRO_VIG;2010-09-03;19;
SIMPRO;2026-04-12;material;0000115494;12;;COVIDIEN;CURATIVO HIDROCOLOIDE/ALGINATO 10CMX12,5CM SACRAL ULTEC PRO;;;;;;;;;;;;;;89.63;SIMPRO_VIG;2010-09-03;19;
SIMPRO;2026-04-12;material;0000115492;12;;COVIDIEN;CURATIVO HIDROCOLOIDE/ALGINATO 15CMX15CM ULTEC PRO;;;;;;;;;;;;;;150;SIMPRO_VIG;2014-12-18;19;
SIMPRO;2026-04-12;material;0000115495;12;;COVIDIEN;CURATIVO HIDROCOLOIDE/ALGINATO 15CMX17,5CM SACRAL ULTEC PRO;;;;;;;;;;;;;;178.87;SIMPRO_VIG;2014-12-18;19;
SIMPRO;2026-04-12;material;0000115493;12;;COVIDIEN;CURATIVO HIDROCOLOIDE/ALGINATO 20CMX20CM ULTEC PRO;;;;;;;;;;;;;;165.07;SIMPRO_VIG;2010-09-03;19;
SIMPRO;2026-04-12;material;0000115497;12;;COVIDIEN;CURATIVO HIDROCOLOIDE/ALGINATO C/BORDA 10CMX10CM ULTEC PRO;;;;;;;;;;;;;;89.42;SIMPRO_VIG;2010-09-03;19;
SIMPRO;2026-04-12;material;0000115498;12;;COVIDIEN;CURATIVO HIDROCOLOIDE/ALGINATO C/BORDA 15CMX15CM ULTEC PRO;;;;;;;;;;;;;;176.78;SIMPRO_VIG;2014-12-18;19;
SIMPRO;2026-04-12;material;0000115496;12;;COVIDIEN;CURATIVO HIDROCOLOIDE/ALGINATO C/BORDA 6CMX6CM ULTEC PRO;;;;;;;;;;;;;;47.68;SIMPRO_VIG;2010-01-08;19;
SIMPRO;2026-04-12;material;0000261865;12;;CARDINAL HEALTH MS;CURATIVO HIDROCOLOIDE/ALGINATO KENDALL 06X06,0CM ULTEC PRO C/BORDA;;;;;;;;;;;;;;53.23;SIMPRO_VIG;2015-10-06;19;
SIMPRO;2026-04-12;material;0000261858;12;;CARDINAL HEALTH MS;CURATIVO HIDROCOLOIDE/ALGINATO KENDALL 10,2X10,2CM ULTEC PRO;;;;;;;;;;;;;;75.58;SIMPRO_VIG;2015-10-06;19;
SIMPRO;2026-04-12;material;0000261863;12;;CARDINAL HEALTH MS;CURATIVO HIDROCOLOIDE/ALGINATO KENDALL 10X10,0CM ULTEC PRO C/BORDA;;;;;;;;;;;;;;100.54;SIMPRO_VIG;2015-10-06;19;
SIMPRO;2026-04-12;material;0000261859;12;;CARDINAL HEALTH MS;CURATIVO HIDROCOLOIDE/ALGINATO KENDALL 10X12,5CM ULTEC PRO SACRAL;;;;;;;;;;;;;;89.63;SIMPRO_VIG;2015-10-06;19;
SIMPRO;2026-04-12;material;0000266380;12;;CARDINAL HEALTH MS;CURATIVO HIDROCOLOIDE/ALGINATO KENDALL 15X15,0CM ULTEC PRO;;;;;;;;;;;;;;157.68;SIMPRO_VIG;2016-01-08;19;
SIMPRO;2026-04-12;material;0000261864;12;;CARDINAL HEALTH MS;CURATIVO HIDROCOLOIDE/ALGINATO KENDALL 15X15,0CM ULTEC PRO C/BORDA;;;;;;;;;;;;;;183.75;SIMPRO_VIG;2015-10-06;19;
SIMPRO;2026-04-12;material;0000261861;12;;CARDINAL HEALTH MS;CURATIVO HIDROCOLOIDE/ALGINATO KENDALL 15X17,5CM ULTEC PRO SACRAL;;;;;;;;;;;;;;190.34;SIMPRO_VIG;2015-10-06;19;
SIMPRO;2026-04-12;material;0000261862;12;;CARDINAL HEALTH MS;CURATIVO HIDROCOLOIDE/ALGINATO KENDALL 20X20,0CM ULTEC PRO;;;;;;;;;;;;;;183.9;SIMPRO_VIG;2015-10-06;19;
SIMPRO;2026-04-12;material;0000318617;12;;CASEX;CURATIVO HIDROFIBRA 10X10CM 10UNID.;;;;;;;;;;;;;;43.56;SIMPRO_VIG;2020-10-29;19;
SIMPRO;2026-04-12;material;0000318590;12;;CASEX;CURATIVO HIDROFIBRA 2X45CM 10UNID.;;;;;;;;;;;;;;217.5;SIMPRO_VIG;2020-10-29;19;
SIMPRO;2026-04-12;material;0000318599;12;;CASEX;CURATIVO HIDROFIBRA 5X5CM 10UNID.;;;;;;;;;;;;;;43.56;SIMPRO_VIG;2020-10-29;19;
SIMPRO;2026-04-12;material;0000318616;12;;CASEX;CURATIVO HIDROFIBRA 7,5X12CM 10UNID.;;;;;;;;;;;;;;76.589;SIMPRO_VIG;2020-10-29;19;
SIMPRO;2026-04-12;material;0000150838;12;;CONVATEC;CURATIVO HIDROFIBRA ANTIMICROBIANO C/PRATA 20X30CM AQUACEL AG;;;;;;;;;;;;;;558.2;SIMPRO_VIG;2015-04-16;19;
SIMPRO;2026-04-12;material;0000034191;12;;CONVATEC;CURATIVO HIDROFIBRA AQUACEL 10X10CM;;;;;;;;;;;;;;108;SIMPRO_VIG;2015-04-16;19;
SIMPRO;2026-04-12;material;0000243912;12;;CONVATEC;CURATIVO HIDROFIBRA AQUACEL 10X10CM;;;;;;;;;;;;;;111;SIMPRO_VIG;2015-04-16;19;
SIMPRO;2026-04-12;material;0000034192;12;;CONVATEC;CURATIVO HIDROFIBRA AQUACEL 15X15CM;;;;;;;;;;;;;;176.6;SIMPRO_VIG;2015-04-16;19;
SIMPRO;2026-04-12;material;0000034193;12;;CONVATEC;CURATIVO HIDROFIBRA AQUACEL 2X45CM FITA;;;;;;;;;;;;;;138;SIMPRO_VIG;2015-04-16;19;
SIMPRO;2026-04-12;material;0000265775;12;;CONVATEC;CURATIVO HIDROFIBRA AQUACEL 2X45CM FITA 05UNID;;;;;;;;;;;;;;138;SIMPRO_VIG;2015-12-16;19;
SIMPRO;2026-04-12;material;0000034190;12;;CONVATEC;CURATIVO HIDROFIBRA AQUACEL 5X5CM;;;;;;;;;;;;;;45.1;SIMPRO_VIG;2015-04-16;19;
SIMPRO;2026-04-12;material;0000243910;12;;CONVATEC;CURATIVO HIDROFIBRA AQUACEL AG EXTRA C/PRATA 05X5CM;;;;;;;;;;;;;;54;SIMPRO_VIG;2015-04-16;19;
SIMPRO;2026-04-12;material;0000243905;12;;CONVATEC;CURATIVO HIDROFIBRA AQUACEL AG EXTRA C/PRATA 10X10CM;;;;;;;;;;;;;;137;SIMPRO_VIG;2015-04-16;19;
SIMPRO;2026-04-12;material;0000243908;12;;CONVATEC;CURATIVO HIDROFIBRA AQUACEL AG EXTRA C/PRATA 10X12CM 420677;;;;;;;;;;;;;;88;SIMPRO_VIG;2014-03-01;19;
SIMPRO;2026-04-12;material;0000243909;12;;CONVATEC;CURATIVO HIDROFIBRA AQUACEL AG EXTRA C/PRATA 15X15CM;;;;;;;;;;;;;;222;SIMPRO_VIG;2015-04-16;19;
SIMPRO;2026-04-12;material;0000243907;12;;CONVATEC;CURATIVO HIDROFIBRA AQUACEL AG EXTRA C/PRATA 20X30CM;;;;;;;;;;;;;;574;SIMPRO_VIG;2015-04-16;19;
SIMPRO;2026-04-12;material;0000243906;12;;CONVATEC;CURATIVO HIDROFIBRA AQUACEL AG EXTRA C/PRATA 2X45CM;;;;;;;;;;;;;;160;SIMPRO_VIG;2015-04-16;19;
SIMPRO;2026-04-12;material;0000265785;12;;CONVATEC;CURATIVO HIDROFIBRA AQUACEL C/PRATA 02X45CM FITA 05UNID;;;;;;;;;;;;;;160;SIMPRO_VIG;2015-12-16;19;
SIMPRO;2026-04-12;material;0000093285;12;;CONVATEC;CURATIVO HIDROFIBRA AQUACEL C/PRATA 10X10CM;;;;;;;;;;;;;;131.5;SIMPRO_VIG;2015-04-16;19;
SIMPRO;2026-04-12;material;0000093286;12;;CONVATEC;CURATIVO HIDROFIBRA AQUACEL C/PRATA 15X15CM;;;;;;;;;;;;;;216;SIMPRO_VIG;2015-04-16;19;
SIMPRO;2026-04-12;material;0000093287;12;;CONVATEC;CURATIVO HIDROFIBRA AQUACEL C/PRATA 2X45CM FITA;;;;;;;;;;;;;;160;SIMPRO_VIG;2015-04-16;19;
SIMPRO;2026-04-12;material;0000265786;12;;CONVATEC;CURATIVO HIDROFIBRA AQUACEL C/PRATA 2X45CM FITA 05UNID;;;;;;;;;;;;;;160;SIMPRO_VIG;2015-12-16;19;
SIMPRO;2026-04-12;material;0000093284;12;;CONVATEC;CURATIVO HIDROFIBRA AQUACEL C/PRATA 5X5CM;;;;;;;;;;;;;;52.3;SIMPRO_VIG;2015-04-16;19;
SIMPRO;2026-04-12;material;0000166495;12;;CONVATEC;CURATIVO HIDROFIBRA AQUACEL C/PRATA FLEXIVEL INCISAO 17CM P/POS-OPERATORIO;;;;;;;;;;;;;;400;SIMPRO_VIG;2015-04-16;19;
SIMPRO;2026-04-12;material;0000265788;12;;CONVATEC;CURATIVO HIDROFIBRA AQUACEL C/PRATA FLEXIVEL INCISAO 17CM P/POS-OPERATORIO 10UNID;;;;;;;;;;;;;;440;SIMPRO_VIG;2016-03-23;19;
SIMPRO;2026-04-12;material;0000166496;12;;CONVATEC;CURATIVO HIDROFIBRA AQUACEL C/PRATA FLEXIVEL INCISAO 27CM P/POS-OPERATORIO;;;;;;;;;;;;;;460;SIMPRO_VIG;2015-04-16;19;
SIMPRO;2026-04-12;material;0000265789;12;;CONVATEC;CURATIVO HIDROFIBRA AQUACEL C/PRATA FLEXIVEL INCISAO 27CM P/POS-OPERATORIO 10UNID;;;;;;;;;;;;;;506;SIMPRO_VIG;2016-03-23;19;
SIMPRO;2026-04-12;material;0000166493;12;;CONVATEC;CURATIVO HIDROFIBRA AQUACEL C/PRATA FLEXIVEL INCISAO 4CM P/POS-OPERATORIO;;;;;;;;;;;;;;276;SIMPRO_VIG;2015-04-16;19;
SIMPRO;2026-04-12;material;0000265792;12;;CONVATEC;CURATIVO HIDROFIBRA AQUACEL C/PRATA FLEXIVEL INCISAO 4CM P/POS-OPERATORIO 10UNID;;;;;;;;;;;;;;303.6;SIMPRO_VIG;2016-03-23;19;
SIMPRO;2026-04-12;material;0000166494;12;;CONVATEC;CURATIVO HIDROFIBRA AQUACEL C/PRATA FLEXIVEL INCISAO 9CM P/POS-OPERATORIO;;;;;;;;;;;;;;327;SIMPRO_VIG;2015-04-16;19;
SIMPRO;2026-04-12;material;0000243915;12;;CONVATEC;CURATIVO HIDROFIBRA AQUACEL EXTRA 02X45CM;;;;;;;;;;;;;;138;SIMPRO_VIG;2015-04-16;19;
SIMPRO;2026-04-12;material;0000243914;12;;CONVATEC;CURATIVO HIDROFIBRA AQUACEL EXTRA 05X5CM;;;;;;;;;;;;;;46;SIMPRO_VIG;2015-04-16;19;
SIMPRO;2026-04-12;material;0000243913;12;;CONVATEC;CURATIVO HIDROFIBRA AQUACEL EXTRA 10X12CM 420674;;;;;;;;;;;;;;72;SIMPRO_VIG;2014-03-01;19;
SIMPRO;2026-04-12;material;0000243911;12;;CONVATEC;CURATIVO HIDROFIBRA AQUACEL EXTRA 15X15CM;;;;;;;;;;;;;;182;SIMPRO_VIG;2015-04-16;19;
SIMPRO;2026-04-12;material;0000166491;12;;CONVATEC;CURATIVO HIDROFIBRA AQUACEL FLEXIVEL INCISAO 17CM P/POS-OPERATORIO;;;;;;;;;;;;;;338;SIMPRO_VIG;2015-04-16;19;
SIMPRO;2026-04-12;material;0000166492;12;;CONVATEC;CURATIVO HIDROFIBRA AQUACEL FLEXIVEL INCISAO 27CM P/POS-OPERATORIO;;;;;;;;;;;;;;390;SIMPRO_VIG;2015-04-16;19;
SIMPRO;2026-04-12;material;0000166489;12;;CONVATEC;CURATIVO HIDROFIBRA AQUACEL FLEXIVEL INCISAO 4CM P/POS-OPERATORIO;;;;;;;;;;;;;;225;SIMPRO_VIG;2015-04-16;19;
SIMPRO;2026-04-12;material;0000166490;12;;CONVATEC;CURATIVO HIDROFIBRA AQUACEL FLEXVIVEL INCISAO 9CM P/POS-OPERATORIO;;;;;;;;;;;;;;266;SIMPRO_VIG;2015-04-16;19;
SIMPRO;2026-04-12;material;0000269840;12;;COLOPLAST WOUND;CURATIVO HIDROFIBRA BIATAIN ALGINATO+PRATA 10X10CM;;;;;;;;;;;;;;289.44;SIMPRO_VIG;2025-10-01;19;
SIMPRO;2026-04-12;material;0000266683;12;;COLOPLAST WOUND;CURATIVO HIDROFIBRA BIATAIN ALGINATO+PRATA 10X10CM 10UNID;;;;;;;;;;;;;;13.65;SIMPRO_VIG;2016-01-19;19;
SIMPRO;2026-04-12;material;0000269841;12;;COLOPLAST WOUND;CURATIVO HIDROFIBRA BIATAIN ALGINATO+PRATA 15X15CM;;;;;;;;;;;;;;578.92;SIMPRO_VIG;2025-10-01;19;
SIMPRO;2026-04-12;material;0000266684;12;;COLOPLAST WOUND;CURATIVO HIDROFIBRA BIATAIN ALGINATO+PRATA 15X15CM 10UNID;;;;;;;;;;;;;;22.68;SIMPRO_VIG;2016-01-19;19;
SIMPRO;2026-04-12;material;0000275556;12;;COLOPLAST WOUND;CURATIVO HIDROFIBRA BIATAIN ALGINATO+PRATA 20X30CM;;;;;;;;;;;;;;1021.95;SIMPRO_VIG;2025-10-01;19;
SIMPRO;2026-04-12;material;0000269842;12;;COLOPLAST WOUND;CURATIVO HIDROFIBRA BIATAIN ALGINATO+PRATA FITA 40CM;;;;;;;;;;;;;;498.06;SIMPRO_VIG;2025-10-01;19;
SIMPRO;2026-04-12;material;0000266685;12;;COLOPLAST WOUND;CURATIVO HIDROFIBRA BIATAIN ALGINATO+PRATA FITA 40CM 10UNID;;;;;;;;;;;;;;14.515;SIMPRO_VIG;2016-01-19;19;
SIMPRO;2026-04-12;material;0000354895;12;;CASEX;CURATIVO HIDROFIBRA C/PRATA 10X10CM 10UN;;;;;;;;;;;;;;153;SIMPRO_VIG;2024-09-10;19;
SIMPRO;2026-04-12;material;0000347708;12;;POLAR FIX;CURATIVO HIDROFIBRA C/PRATA 10X10CM EST.10UN;;;;;;;;;;;;;;208;SIMPRO_VIG;2023-10-20;19;
SIMPRO;2026-04-12;material;0000354896;12;;CASEX;CURATIVO HIDROFIBRA C/PRATA 15X15CM 10UN;;;;;;;;;;;;;;234;SIMPRO_VIG;2024-09-10;19;
SIMPRO;2026-04-12;material;0000360693;12;;POLAR FIX;CURATIVO HIDROFIBRA C/PRATA 15X15CM EST.10UN;;;;;;;;;;;;;;313;SIMPRO_VIG;2025-05-16;19;
SIMPRO;2026-04-12;material;0000360694;12;;POLAR FIX;CURATIVO HIDROFIBRA C/PRATA 2X45CM EST.10UN;;;;;;;;;;;;;;238.3;SIMPRO_VIG;2025-05-16;19;
SIMPRO;2026-04-12;material;0000326635;12;;KORAL HOSPITALAR;CURATIVO HIDROFIBRA C/PRATA FIBROSOL AG 10X10CM;;;;;;;;;;;;;;215.4;SIMPRO_VIG;2021-10-15;19;
SIMPRO;2026-04-12;material;0000326636;12;;KORAL HOSPITALAR;CURATIVO HIDROFIBRA C/PRATA FIBROSOL AG 15X15CM;;;;;;;;;;;;;;310.2;SIMPRO_VIG;2021-10-15;19;
SIMPRO;2026-04-12;material;0000326637;12;;KORAL HOSPITALAR;CURATIVO HIDROFIBRA C/PRATA FIBROSOL AG 2X45CM;;;;;;;;;;;;;;820;SIMPRO_VIG;2021-10-15;19;
SIMPRO;2026-04-12;material;0000326634;12;;KORAL HOSPITALAR;CURATIVO HIDROFIBRA C/PRATA FIBROSOL AG 5X5CM;;;;;;;;;;;;;;75;SIMPRO_VIG;2021-10-15;19;
SIMPRO;2026-04-12;material;0000326639;12;;KORAL HOSPITALAR;CURATIVO HIDROFIBRA C/PRATA FIBROSOL AG EXTRA 10X10CM;;;;;;;;;;;;;;207.47;SIMPRO_VIG;2021-10-15;19;
SIMPRO;2026-04-12;material;0000326640;12;;KORAL HOSPITALAR;CURATIVO HIDROFIBRA C/PRATA FIBROSOL AG EXTRA 15X15CM;;;;;;;;;;;;;;336.2;SIMPRO_VIG;2021-10-15;19;
SIMPRO;2026-04-12;material;0000326641;12;;KORAL HOSPITALAR;CURATIVO HIDROFIBRA C/PRATA FIBROSOL AG EXTRA 2X45CM;;;;;;;;;;;;;;242.3;SIMPRO_VIG;2021-10-15;19;
SIMPRO;2026-04-12;material;0000326638;12;;KORAL HOSPITALAR;CURATIVO HIDROFIBRA C/PRATA FIBROSOL AG EXTRA 5X5CM;;;;;;;;;;;;;;81.77;SIMPRO_VIG;2021-10-15;19;
SIMPRO;2026-04-12;material;0000369588;12;;VITA MEDICAL;CURATIVO HIDROFIBRA C/PRATA HYDROCEL AG 10X10CM;;;;;;;;;;;;;;269.5;SIMPRO_VIG;2026-02-03;19;
SIMPRO;2026-04-12;material;0000369589;12;;VITA MEDICAL;CURATIVO HIDROFIBRA C/PRATA HYDROCEL AG 15X15CM;;;;;;;;;;;;;;521.16;SIMPRO_VIG;2026-02-03;19;
SIMPRO;2026-04-12;material;0000359151;12;;MISSNER;CURATIVO HIDROFIBRA EXTRA 10X10CM 10UN;;;;;;;;;;;;;;39.2;SIMPRO_VIG;2025-02-28;19;
SIMPRO;2026-04-12;material;0003953077;12;;SYSTAGENIX;CURATIVO HIDROGEL 15,2X20,3CM NU-GEL PLACA 5UNID 2498;;;;;;;;;;;;;;202.132;SIMPRO_VIG;2011-06-10;19;
SIMPRO;2026-04-12;material;0000049894;12;;COLOPLAST WOUND;CURATIVO HIDROGEL 15GRS PURILON;;;;;;;;;;;;;;148.22;SIMPRO_VIG;2025-10-01;19;
SIMPRO;2026-04-12;material;0000049895;12;;COLOPLAST WOUND;CURATIVO HIDROGEL 25GRS PURILON;;;;;;;;;;;;;;278.02;SIMPRO_VIG;2025-10-01;19;
SIMPRO;2026-04-12;material;0000118542;12;;COLOPLAST WOUND;CURATIVO HIDROGEL 8GRS PURILON;;;;;;;;;;;;;;104.88;SIMPRO_VIG;2025-10-01;19;
SIMPRO;2026-04-12;material;0003953076;12;;SYSTAGENIX;CURATIVO HIDROGEL 9,5CMX9,5CM NU-GEL PLACA 5UNID 2497;;;;;;;;;;;;;;80.852;SIMPRO_VIG;2011-06-10;19;
SIMPRO;2026-04-12;material;0000258145;12;;TRIMEDCALL;CURATIVO HIDROGEL ACIDOS GRAXOS DERSANI 30G;;;;;;;;;;;;;;76.99;SIMPRO_VIG;2024-05-07;19;
SIMPRO;2026-04-12;material;0000106396;12;;B.BRAUN;CURATIVO HIDROGEL AMORFO ASKINA GEL 15G;;;;;;;;;;;;;;70.48;SIMPRO_VIG;2017-09-26;19;
SIMPRO;2026-04-12;material;0000161678;12;;CASEX;CURATIVO HIDROGEL AMORFO C/ALGINATO 25G ALLYGEL;;;;;;;;;;;;;;55;SIMPRO_VIG;2011-11-08;19;
SIMPRO;2026-04-12;material;0000347706;12;;POLAR FIX;CURATIVO HIDROGEL AMORFO C/ALGINATO 30G;;;;;;;;;;;;;;128;SIMPRO_VIG;2023-10-20;19;
SIMPRO;2026-04-12;material;0000329131;12;;POLAR FIX;CURATIVO HIDROGEL AMORFO C/ALGINATO 85G;;;;;;;;;;;;;;222.62;SIMPRO_VIG;2022-10-20;19;
SIMPRO;2026-04-12;material;0000332597;12;;VITA MEDICAL;CURATIVO HIDROGEL AMORFO CAREGEL TUBO 30G EST.;;;;;;;;;;;;;;229.31;SIMPRO_VIG;2025-08-05;19;
SIMPRO;2026-04-12;material;0000332596;12;;VITA MEDICAL;CURATIVO HIDROGEL AMORFO CAREGEL TUBO 85G EST.;;;;;;;;;;;;;;351.69;SIMPRO_VIG;2025-08-05;19;
SIMPRO;2026-04-12;material;0000108121;12;;VENOSAN;CURATIVO HIDROGEL AMORFO SERINGA SUPRASORB G 06G;;;;;;;;;;;;;;123.53;SIMPRO_VIG;2019-11-07;19;
SIMPRO;2026-04-12;material;0000108122;12;;VENOSAN;CURATIVO HIDROGEL AMORFO SERINGA SUPRASORB G 20G;;;;;;;;;;;;;;233.82;SIMPRO_VIG;2019-11-07;19;
SIMPRO;2026-04-12;material;0000038830;12;;3M BRASIL;CURATIVO HIDROGEL C/ALGINATO 15G NU-GEL 10UN;;;;;;;;;;;;;;101.64;SIMPRO_VIG;2021-04-01;19;
SIMPRO;2026-04-12;material;0000038831;12;;3M BRASIL;CURATIVO HIDROGEL C/ALGINATO 25G NU-GEL 06UN;;;;;;;;;;;;;;190.667;SIMPRO_VIG;2021-04-01;19;
SIMPRO;2026-04-12;material;0000157479;12;;HELIANTO;CURATIVO HIDROGEL C/ALGINATO CALCIO DEBRIGEL 30G;;;;;;;;;;;;;;118;SIMPRO_VIG;2022-09-21;19;
SIMPRO;2026-04-12;material;0000157480;12;;HELIANTO;CURATIVO HIDROGEL C/ALGINATO CALCIO DEBRIGEL 85G;;;;;;;;;;;;;;230;SIMPRO_VIG;2022-09-21;19;
SIMPRO;2026-04-12;material;0000352156;12;;TRIMEDCALL;CURATIVO HIDROGEL C/ALGINATO/ACIDOS GRAXOS DERSANI 30G;;;;;;;;;;;;;;70.23;SIMPRO_VIG;2024-05-07;19;
SIMPRO;2026-04-12;material;0000172427;12;;TRIMEDCALL;CURATIVO HIDROGEL C/ALGINATO/ACIDOS GRAXOS DERSANI 85G;;;;;;;;;;;;;;145.78;SIMPRO_VIG;2024-05-07;19;
SIMPRO;2026-04-12;material;0000119534;12;;MOLNLYCKE;CURATIVO HIDROGEL CLORETO SODIO 0,9% NORMLGEL 15G;;;;;;;;;;;;;;3.728;SIMPRO_VIG;2016-12-20;19;
SIMPRO;2026-04-12;material;0000119532;12;;MOLNLYCKE;CURATIVO HIDROGEL CLORETO SODIO 20% HYPERGEL 15G;;;;;;;;;;;;;;3.728;SIMPRO_VIG;2016-12-20;19;
SIMPRO;2026-04-12;material;0000244104;12;;HELIANTO;CURATIVO HIDROGEL DEBRIGEL 25G;;;;;;;;;;;;;;118;SIMPRO_VIG;2022-09-21;19;
SIMPRO;2026-04-12;material;0000244107;12;;HELIANTO;CURATIVO HIDROGEL DEBRIGEL 85G;;;;;;;;;;;;;;230;SIMPRO_VIG;2022-09-21;19;
SIMPRO;2026-04-12;material;0000142279;12;;BACE;CURATIVO HIDROGEL HYDROSORB GEL 15GRS;;;;;;;;;;;;;;94.5;SIMPRO_VIG;2013-11-13;19;
SIMPRO;2026-04-12;material;0000352629;12;;PAUL HARTMANN;CURATIVO HIDROGEL HYDROTAC TRANSPARENTE 10X10CM;;;;;;;;;;;;;;288.65;SIMPRO_VIG;2025-10-28;19;
SIMPRO;2026-04-12;material;0000352630;12;;PAUL HARTMANN;CURATIVO HIDROGEL HYDROTAC TRANSPARENTE 20X20CM;;;;;;;;;;;;;;728.81;SIMPRO_VIG;2025-10-28;19;
SIMPRO;2026-04-12;material;0000261857;12;;CARDINAL HEALTH MS;CURATIVO HIDROGEL KENDALL PLACA AQUAFLO DISCO 07,6CM;;;;;;;;;;;;;;111.02;SIMPRO_VIG;2015-10-06;19;
SIMPRO;2026-04-12;material;0000261856;12;;CARDINAL HEALTH MS;CURATIVO HIDROGEL KENDALL PLACA AQUAFLO DISCO 12,1CM;;;;;;;;;;;;;;169.13;SIMPRO_VIG;2015-10-06;19;
SIMPRO;2026-04-12;material;0000107572;12;;KOLPLAST;CURATIVO HIDROGEL P/FISSURA MAMARIA MOTHER MATES;;;;;;;;;;;;;;0;SIMPRO_VIG;2010-02-26;19;
SIMPRO;2026-04-12;material;0000147970;12;;RECOMED;CURATIVO HIDROGEL PLACA ADESIVA ESTERIL 10CMX10CM PHARMAGEL;;;;;;;;;;;;;;24;SIMPRO_VIG;2010-07-15;19;
SIMPRO;2026-04-12;material;0000147971;12;;RECOMED;CURATIVO HIDROGEL PLACA ADESIVA ESTERIL 15CMX15CM PHARMAGEL;;;;;;;;;;;;;;43.8;SIMPRO_VIG;2010-07-15;19;
SIMPRO;2026-04-12;material;0000057389;12;;PAUL HARTMANN;CURATIVO HIDROGEL PLACA C/GRADUACAO HYDROSORB 10X10CM PAUL HARTMANN;;;;;;;;;;;;;;262.41;SIMPRO_VIG;2020-05-06;19;
SIMPRO;2026-04-12;material;0000337957;12;;PAUL HARTMANN;CURATIVO HIDROGEL PLACA C/GRADUACAO HYDROSORB 10X10CM PAUL HARTMANN;;;;;;;;;;;;;;262.41;SIMPRO_VIG;2023-01-31;19;
SIMPRO;2026-04-12;material;0000057390;12;;PAUL HARTMANN;CURATIVO HIDROGEL PLACA C/GRADUACAO HYDROSORB 20X20CM PAUL HARTMANN;;;;;;;;;;;;;;662.55;SIMPRO_VIG;2020-05-06;19;
SIMPRO;2026-04-12;material;0000057388;12;;BACE;CURATIVO HIDROGEL PLACA C/GRADUACAO HYDROSORB 5X7,5CM PAUL HARTMANN;;;;;;;;;;;;;;44.91;SIMPRO_VIG;2013-11-13;19;
SIMPRO;2026-04-12;material;0000098877;12;;BACE;CURATIVO HIDROGEL PLACA GRAD.COBERT.ADES.POLIUR.HYDROSORB COMFORT 21,5X24CM PAUL HARTMANN;;;;;;;;;;;;;;100.28;SIMPRO_VIG;2013-11-13;19;
SIMPRO;2026-04-12;material;0000098876;12;;BACE;CURATIVO HIDROGEL PLACA GRAD.COBERT.ADES.POLIUR.HYDROSORB COMFORT 4,5X6,5CM PAUL HARTMANN;;;;;;;;;;;;;;40.87;SIMPRO_VIG;2013-11-13;19;
SIMPRO;2026-04-12;material;0000057391;12;;BACE;CURATIVO HIDROGEL PLACA GRAD.COBERT.ADES.POLIUR.HYDROSORB COMFORT 7,5X10CM PAUL HARTMANN;;;;;;;;;;;;;;49.07;SIMPRO_VIG;2013-11-13;19;
SIMPRO;2026-04-12;material;0000057392;12;;BACE;CURATIVO HIDROGEL PLACA GRAD.COBERT.ADES.POLIUR.HYDROSORB CONFORT 12,5X12,5CM PAUL HARTMANN;;;;;;;;;;;;;;79.93;SIMPRO_VIG;2013-11-13;19;
SIMPRO;2026-04-12;material;0000108118;12;;POLAR FIX;CURATIVO HIDROGEL PLACA SUPRASORB G 05X7,5CM;;;;;;;;;;;;;;172.19;SIMPRO_VIG;2016-11-01;19;
SIMPRO;2026-04-12;material;0000108119;12;;POLAR FIX;CURATIVO HIDROGEL PLACA SUPRASORB G 10X10CM;;;;;;;;;;;;;;193.31;SIMPRO_VIG;2016-11-01;19;
SIMPRO;2026-04-12;material;0000108120;12;;POLAR FIX;CURATIVO HIDROGEL PLACA SUPRASORB G 20X20CM;;;;;;;;;;;;;;516.88;SIMPRO_VIG;2016-11-01;19;
SIMPRO;2026-04-12;material;0000117444;12;;SMITH & NEPHEW;CURATIVO HIDROGEL SOLOSITE 85G;;;;;;;;;;;;;;316.25;SIMPRO_VIG;2024-05-08;19;
SIMPRO;2026-04-12;material;0000276467;12;;BACE;CURATIVO HIDROP.HIDROAT.ALTA ABS.BORD.ADES.EST.PERMAFOAM COMFORT ST 15X15CM PAUL HARTMANN;;;;;;;;;;;;;;126.32;SIMPRO_VIG;2016-09-13;19;
SIMPRO;2026-04-12;material;0000276468;12;;BACE;CURATIVO HIDROP.HIDROAT.ALTA ABS.EST.P/TRAQUEOST.PERMAFOAM TRACHEO 08X08CM PAUL HARTMANN;;;;;;;;;;;;;;71.61;SIMPRO_VIG;2016-09-13;19;
SIMPRO;2026-04-12;material;0000276469;12;;PAUL HARTMANN;CURATIVO HIDROP.HIDROAT.ALTA ABS.RECORT.EST.PERMAFOAM ST 10X20CM PAUL HARTMANN;;;;;;;;;;;;;;270;SIMPRO_VIG;2020-12-15;19;
SIMPRO;2026-04-12;material;0000276472;12;;BACE;CURATIVO HIDROP.HIDROAT.C/BORDA ADES.EST.FORMAT PERMAFOAM SACRAL ST 18X18CM PAUL HARTMANN;;;;;;;;;;;;;;167.24;SIMPRO_VIG;2016-09-13;19;
SIMPRO;2026-04-12;material;0000131461;12;;PAUL HARTMANN;CURATIVO HIDROP.HIDROAT.C/BORDA ADES.EST.FORMAT.PERMAFOAM SACRAL 18X18CM PAUL HARTMANN;;;;;;;;;;;;;;198;SIMPRO_VIG;2020-12-15;19;
SIMPRO;2026-04-12;material;0000276470;12;;BACE;CURATIVO HIDROP.HIDROAT.C/BORDA ADES.EST.PERMAFOAM COMFORT 20X20CM PAUL HARTMANN;;;;;;;;;;;;;;215.6;SIMPRO_VIG;2016-09-13;19;
SIMPRO;2026-04-12;material;0000276471;12;;PAUL HARTMANN;CURATIVO HIDROP.HIDROAT.C/BORDA ADES.EST.PERMAFOAM COMFORT ST 11X11CM PAUL HARTMANN;;;;;;;;;;;;;;238.94;SIMPRO_VIG;2020-05-06;19;
SIMPRO;2026-04-12;material;0000276473;12;;PAUL HARTMANN;CURATIVO HIDROP.P/CAVIDADE EST.TRAC.48HRS RECOR.PERMAFOAM CAVITY 10X10CM PAUL HARTMANNN;;;;;;;;;;;;;;293.38;SIMPRO_VIG;2020-05-06;19;
SIMPRO;2026-04-12;material;0000131463;12;;BACE;CURATIVO HIDROPOLIMERO ALTA ABSOR.EST.P/COTOVELO/CALCANEOS PERMAFOAM CONCAVE 16,5X18CM PAUL HARTMANN;;;;;;;;;;;;;;102.58;SIMPRO_VIG;2012-06-04;19;
SIMPRO;2026-04-12;material;0000160989;12;;PAUL HARTMANN;CURATIVO HIDROPOLIMERO HIDROAT.ALTA ABS.BORD.ADES.EST.PERMAFOAM COMFORT 10X20CM PAUL HARTMANN;;;;;;;;;;;;;;299.1;SIMPRO_VIG;2020-12-15;19;
SIMPRO;2026-04-12;material;0000160990;12;;PAUL HARTMANN;CURATIVO HIDROPOLIMERO HIDROAT.ALTA ABS.BORD.ADES.EST.PERMAFOAM COMFORT 15X15CM PAUL HARTMANN;;;;;;;;;;;;;;239.4;SIMPRO_VIG;2020-05-06;19;
SIMPRO;2026-04-12;material;0000325987;12;;PAUL HARTMANN;CURATIVO HIDROPOLIMERO HIDROAT.ALTA ABS.BORD.ADES.EST.PROXIMEL BASIC 10X10CM 10 BX;;;;;;;;;;;;;;238.94;SIMPRO_VIG;2021-09-16;19;
SIMPRO;2026-04-12;material;0000325988;12;;PAUL HARTMANN;CURATIVO HIDROPOLIMERO HIDROAT.ALTA ABS.BORD.ADES.EST.PROXIMEL BASIC 12,5X12,5CM 10 BX;;;;;;;;;;;;;;112;SIMPRO_VIG;2021-09-16;19;
SIMPRO;2026-04-12;material;0000325989;12;;PAUL HARTMANN;CURATIVO HIDROPOLIMERO HIDROAT.ALTA ABS.BORD.ADES.EST.PROXIMEL BASIC 15X15CM 5 BX;;;;;;;;;;;;;;239.4;SIMPRO_VIG;2021-09-16;19;
SIMPRO;2026-04-12;material;0000131462;12;;PAUL HARTMANN;CURATIVO HIDROPOLIMERO HIDROAT.ALTA ABS.EST.P/TRAQUEOST.PERMAFOAM TRAQUEO 8X8CM PAUL HARTMANN;;;;;;;;;;;;;;169;SIMPRO_VIG;2020-05-06;19;
SIMPRO;2026-04-12;material;0000160991;12;;BACE;CURATIVO HIDROPOLIMERO HIDROAT.ALTA ABS.RECORT.EST.PERMAFOAM 10X20CM PAUL HARTMANN;;;;;;;;;;;;;;219.15;SIMPRO_VIG;2019-02-12;19;
SIMPRO;2026-04-12;material;0000160992;12;;PAUL HARTMANN;CURATIVO HIDROPOLIMERO HIDROAT.ALTA ABS.RECORT.EST.PERMAFOAM 15X15CM PAUL HARTMANN;;;;;;;;;;;;;;284.22;SIMPRO_VIG;2020-05-06;19;
SIMPRO;2026-04-12;material;0000325984;12;;PAUL HARTMANN;CURATIVO HIDROPOLIMERO HIDROAT.ALTA ABS.RECORT.EST.PROXIMEL BASIC NON-BORDER 10X10CM 10 BX;;;;;;;;;;;;;;117.09;SIMPRO_VIG;2022-08-11;19;
SIMPRO;2026-04-12;material;0000325985;12;;PAUL HARTMANN;CURATIVO HIDROPOLIMERO HIDROAT.ALTA ABS.RECORT.EST.PROXIMEL BASIC NON-BORDER 15X15CM 5 BX;;;;;;;;;;;;;;228.85;SIMPRO_VIG;2022-08-11;19;
SIMPRO;2026-04-12;material;0000325986;12;;PAUL HARTMANN;CURATIVO HIDROPOLIMERO HIDROAT.ALTA ABS.RECORT.EST.PROXIMEL BASIC NON-BORDER 20X20CM 5 BX;;;;;;;;;;;;;;371.54;SIMPRO_VIG;2022-08-11;19;
SIMPRO;2026-04-12;material;0000325983;12;;PAUL HARTMANN;CURATIVO HIDROPOLIMERO HIDROAT.ALTA ABS.RECORT.EST.PROXIMEL BASIC NON-BORDER 5X5CM 10 BX;;;;;;;;;;;;;;51;SIMPRO_VIG;2021-09-16;19;
SIMPRO;2026-04-12;material;0000328863;12;;PAUL HARTMANN;CURATIVO HIDROPOLIMERO HIDROAT.ALTA ABS.RECORT.EST.PROXIMEL BASIC NON-BORDER 8X8CM 10 BX;;;;;;;;;;;;;;199.2;SIMPRO_VIG;2025-08-27;19;
SIMPRO;2026-04-12;material;0000131590;12;;BACE;CURATIVO HIDROPOLIMERO HIDROAT.C/BORDA ADES.EST.PERMAFOAM COMFORT 11X11CM PAUL HARTMANN;;;;;;;;;;;;;;183.8;SIMPRO_VIG;2019-02-12;19;
SIMPRO;2026-04-12;material;0000147645;12;;BACE;CURATIVO HIDROPOLIMERO HIDROAT.C/BORDA ADES.EST.PERMAFOAM COMFORT 20X20CM PAUL HARTMANN;;;;;;;;;;;;;;215.6;SIMPRO_VIG;2013-11-13;19;
SIMPRO;2026-04-12;material;0000147646;12;;PAUL HARTMANN;CURATIVO HIDROPOLIMERO HIDROAT.C/BORDA ADES.EST.PERMAFOAM COMFORT 8X8CM PAUL HARTMANN;;;;;;;;;;;;;;99.9;SIMPRO_VIG;2020-12-15;19;
SIMPRO;2026-04-12;material;0000131459;12;;PAUL HARTMANN;CURATIVO HIDROPOLIMERO LAMINA HIDROAT.ALTA ABS.EST.RECOR.PERMAFOAM 10X10CM PAUL HARTMANN;;;;;;;;;;;;;;133.9;SIMPRO_VIG;2020-05-06;19;
SIMPRO;2026-04-12;material;0000131460;12;;PAUL HARTMANN;CURATIVO HIDROPOLIMERO P/CAVIDADE EST.TROC.48HRS RECOR.PERMAFOAM CAVITY 10X10CM PAUL HARTMANN;;;;;;;;;;;;;;287.17;SIMPRO_VIG;2020-05-06;19;
SIMPRO;2026-04-12;material;0000284531;12;;3M BRASIL;CURATIVO HIDROPOLIMERO TIELLE NON ADHESIVE 10X10CM 10UN;;;;;;;;;;;;;;110.244;SIMPRO_VIG;2021-04-01;19;
SIMPRO;2026-04-12;material;0000284532;12;;3M BRASIL;CURATIVO HIDROPOLIMERO TIELLE NON ADHESIVE 15X15CM 10UN;;;;;;;;;;;;;;229.491;SIMPRO_VIG;2021-04-01;19;
SIMPRO;2026-04-12;material;0000284533;12;;3M BRASIL;CURATIVO HIDROPOLIMERO TIELLE NON ADHESIVE 21X22CM 05UN;;;;;;;;;;;;;;580.25;SIMPRO_VIG;2017-04-27;19;
SIMPRO;2026-04-12;material;0000276466;12;;BACE;CURATIVO HIDROTIVO TULE N/ADER.C/PETR.CARBOXIMET.TRIGLIC.HYDROTUL 10X12CM PAUL HARTMANN;;;;;;;;;;;;;;20.28;SIMPRO_VIG;2016-09-13;19;
SIMPRO;2026-04-12;material;0000098881;12;;BACE;CURATIVO HYDROCOLL SACRAL 12X18CM PAUL HARTMANN 9009321;;;;;;;;;;;;;;126.6;SIMPRO_VIG;2008-09-03;19;
SIMPRO;2026-04-12;material;0000057384;12;;BACE;CURATIVO HYDROCOLL SACRAL 15X18CM HARTMANN;;;;;;;;;;;;;;99.38;SIMPRO_VIG;2008-09-03;19;
SIMPRO;2026-04-12;material;0000098882;12;;BACE;CURATIVO HYDROCOLL SACRAL 20X20CM PAUL HARTMANN 9009441;;;;;;;;;;;;;;120.31;SIMPRO_VIG;2013-11-13;19;
SIMPRO;2026-04-12;material;0000119526;12;;NEVE;CURATIVO IMPERMEAVEL ESTERIL P/FERIDA CIRURGICA MEPORE PRO ESTERIL 6CMX7CM MOLNLYCKE M670820;;;;;;;;;;;;;;0;SIMPRO_VIG;2009-07-28;19;
SIMPRO;2026-04-12;material;0000119527;12;;NEVE;CURATIVO IMPERMEAVEL ESTERIL P/FERIDA CIRURGICA MEPORE PRO ESTERIL 9CMX10CM MOLNLYCKE M670920;;;;;;;;;;;;;;0;SIMPRO_VIG;2009-07-28;19;
SIMPRO;2026-04-12;material;0000119528;12;;NEVE;CURATIVO IMPERMEAVEL ESTERIL P/FERIDA CIRURGICA MEPORE PRO ESTERIL 9CMX15CM MOLNLYCKE M671020;;;;;;;;;;;;;;0;SIMPRO_VIG;2009-07-28;19;
SIMPRO;2026-04-12;material;0000119529;12;;NEVE;CURATIVO IMPERMEAVEL ESTERIL P/FERIDA CIRURGICA MEPORE PRO ESTERIL 9CMX20CM MOLNLYCKE M671120;;;;;;;;;;;;;;0;SIMPRO_VIG;2009-07-28;19;
SIMPRO;2026-04-12;material;0000119530;12;;NEVE;CURATIVO IMPERMEAVEL ESTERIL P/FERIDA CIRURGICA MEPORE PRO ESTERIL 9CMX25CM MOLNLYCKE M671220;;;;;;;;;;;;;;0;SIMPRO_VIG;2009-07-28;19;
SIMPRO;2026-04-12;material;0000119531;12;;NEVE;CURATIVO IMPERMEAVEL ESTERIL P/FERIDA CIRURGICA MEPORE PRO ESTERIL 9CMX30CM MOLNLYCKE M671320;;;;;;;;;;;;;;0;SIMPRO_VIG;2009-07-28;19;
SIMPRO;2026-04-12;material;0000123649;12;;LM FARMA;CURATIVO INELASTICO GAZE BOTA UNNA C/OXIDO ZINCO 10,2CMX7MT CURATEC;;;;;;;;;;;;;;221.99;SIMPRO_VIG;2025-01-09;19;
SIMPRO;2026-04-12;material;0000097692;12;;LM FARMA;CURATIVO INELASTICO GAZE BOTA UNNA C/OXIDO ZINCO 10,2CMX9,14MT CURATEC;;;;;;;;;;;;;;236.56;SIMPRO_VIG;2025-01-09;19;
SIMPRO;2026-04-12;material;0000123650;12;;FARMA;CURATIVO INELASTICO GAZE BOTA UNNA C/OXIDO ZINCO 7,5CMX6MT CURATEC. L.M;;;;;;;;;;;;;;190.05;SIMPRO_VIG;2020-06-16;19;
SIMPRO;2026-04-12;material;0000097691;12;;LM FARMA;CURATIVO INELASTICO GAZE BOTA UNNA C/OXIDO ZINCO 7,6CMX9,14MT CURATEC;;;;;;;;;;;;;;217.64;SIMPRO_VIG;2025-01-09;19;
SIMPRO;2026-04-12;material;0000031119;12;;SMITH & NEPHEW;CURATIVO INTRASITE GEL 08G 10UNID.;;;;;;;;;;;;;;53;SIMPRO_VIG;2017-01-18;19;
SIMPRO;2026-04-12;material;0000031121;12;;SMITH & NEPHEW;CURATIVO INTRASITE GEL 15G 10UNID.;;;;;;;;;;;;;;180.895;SIMPRO_VIG;2024-05-08;19;
SIMPRO;2026-04-12;material;0000031123;12;;SMITH & NEPHEW;CURATIVO INTRASITE GEL 25G 10UNID.;;;;;;;;;;;;;;362.423;SIMPRO_VIG;2024-05-08;19;
SIMPRO;2026-04-12;material;0000157198;12;;SMITH & NEPHEW;CURATIVO IODOSORB 10G 4UNID.;;;;;;;;;;;;;;95;SIMPRO_VIG;2017-01-18;19;
SIMPRO;2026-04-12;material;0000157202;12;;SMITH & NEPHEW;CURATIVO IODOSORB 20G 2UNID.;;;;;;;;;;;;;;1020.99;SIMPRO_VIG;2025-05-09;19;
SIMPRO;2026-04-12;material;0000157204;12;;SMITH & NEPHEW;CURATIVO IODOSORB 40G.;;;;;;;;;;;;;;1302;SIMPRO_VIG;2025-05-09;19;
SIMPRO;2026-04-12;material;0000350301;12;;POLITEC;CURATIVO IV CLEAR COVER DRESSING 06X07CM;;;;;;;;;;;;;;170;SIMPRO_VIG;2024-02-27;19;
SIMPRO;2026-04-12;material;0000340383;12;;POLITEC;CURATIVO IV CLEAR COVER DRESSING 06X07CM 25UN;;;;;;;;;;;;;;6.8;SIMPRO_VIG;2023-05-19;19;
SIMPRO;2026-04-12;material;0000350302;12;;POLITEC;CURATIVO IV CLEAR COVER DRESSING 10X12CM;;;;;;;;;;;;;;280;SIMPRO_VIG;2024-02-27;19;
SIMPRO;2026-04-12;material;0000340385;12;;POLITEC;CURATIVO IV CLEAR COVER DRESSING 10X12CM 25UN;;;;;;;;;;;;;;11.2;SIMPRO_VIG;2023-05-19;19;
SIMPRO;2026-04-12;material;0000350303;12;;POLITEC;CURATIVO IV CLEAR WITH NOTCH 06X07CM;;;;;;;;;;;;;;200;SIMPRO_VIG;2024-02-27;19;
SIMPRO;2026-04-12;material;0000340384;12;;POLITEC;CURATIVO IV CLEAR WITH NOTCH 06X07CM 25UN;;;;;;;;;;;;;;8;SIMPRO_VIG;2023-05-19;19;
SIMPRO;2026-04-12;material;0000350304;12;;POLITEC;CURATIVO IV CLEAR WITH NOTCH 10X12CM;;;;;;;;;;;;;;250;SIMPRO_VIG;2024-02-27;19;
SIMPRO;2026-04-12;material;0000340386;12;;POLITEC;CURATIVO IV CLEAR WITH NOTCH 10X12CM 25UN;;;;;;;;;;;;;;10;SIMPRO_VIG;2023-05-19;19;
SIMPRO;2026-04-12;material;0000304901;12;;CIRURGICA FERNANDES;CURATIVO IV TRANSPARENTE FENEST. C/BORDA PHARMAPLAST 5,0X5,7,0CM 100UN EST.;;;;;;;;;;;;;;8.8;SIMPRO_VIG;2019-01-23;19;
SIMPRO;2026-04-12;material;0000304902;12;;CIRURGICA FERNANDES;CURATIVO IV TRANSPARENTE FENEST. C/BORDA PHARMAPLAST 6,0X7,0CM 100UN EST.;;;;;;;;;;;;;;9.5;SIMPRO_VIG;2019-01-23;19;
SIMPRO;2026-04-12;material;0000304903;12;;CIRURGICA FERNANDES;CURATIVO IV TRANSPARENTE FENEST. C/BORDA PHARMAPLAST 7,0X9,0CM 100UN EST.;;;;;;;;;;;;;;12.55;SIMPRO_VIG;2019-01-23;19;
SIMPRO;2026-04-12;material;0000304904;12;;CIRURGICA FERNANDES;CURATIVO IV TRANSPARENTE FENEST. C/BORDA PHARMAPLAST 8,5X11,5CM 100UN EST.;;;;;;;;;;;;;;18;SIMPRO_VIG;2019-01-23;19;
SIMPRO;2026-04-12;material;0000031125;12;;SMITH & NEPHEW;CURATIVO JELONET 05X05CM 50UNID.;;;;;;;;;;;;;;13.283;SIMPRO_VIG;2024-05-08;19;
SIMPRO;2026-04-12;material;0000031127;12;;SMITH & NEPHEW;CURATIVO JELONET 10X10CM 100UNID.;;;;;;;;;;;;;;19.924;SIMPRO_VIG;2024-05-08;19;
SIMPRO;2026-04-12;material;0000064757;12;;SMITH & NEPHEW;CURATIVO JELONET 15CMX02MT 12UNID.;;;;;;;;;;;;;;278.933;SIMPRO_VIG;2024-05-08;19;
SIMPRO;2026-04-12;material;0000031129;12;;SMITH & NEPHEW;CURATIVO JELONET 40X10CM 10UNID.;;;;;;;;;;;;;;63.756;SIMPRO_VIG;2024-05-08;19;
SIMPRO;2026-04-12;material;0000150456;12;;POOLTEX;CURATIVO JOELHO ADU.REDE TUBULAR POOLFIX ROLO 10MT DESCANSO/25MT ESTICADO CAL.5,5 TARJA ROSA;;;;;;;;;;;;;;0.231;SIMPRO_VIG;2010-11-12;19;
SIMPRO;2026-04-12;material;0000150451;12;;POOLTEX;CURATIVO JOELHO INF.REDE TUBULAR POOLFIX ROLO 10MT DESCANSO/25MT ESTICADO CAL.5 TARJA VERDE;;;;;;;;;;;;;;0.2;SIMPRO_VIG;2010-11-12;19;
SIMPRO;2026-04-12;material;0000266621;12;;CARDINAL HEALTH MS;CURATIVO KENDALL ESPUMA C/ PHMB 0,5% 05,1X05,1CM;;;;;;;;;;;;;;396.08;SIMPRO_VIG;2023-06-30;19;
SIMPRO;2026-04-12;material;0000266623;12;;CARDINAL HEALTH MS;CURATIVO KENDALL ESPUMA C/ PHMB 0,5% 10,2X10,2CM;;;;;;;;;;;;;;264.41;SIMPRO_VIG;2023-06-30;19;
SIMPRO;2026-04-12;material;0000266629;12;;CARDINAL HEALTH MS;CURATIVO KENDALL ESPUMA C/ PHMB 0,5% 10,2X10,2CM;;;;;;;;;;;;;;265.49;SIMPRO_VIG;2023-06-30;19;
SIMPRO;2026-04-12;material;0000266625;12;;CARDINAL HEALTH MS;CURATIVO KENDALL ESPUMA C/ PHMB 0,5% 10,2X20,3CM;;;;;;;;;;;;;;364.24;SIMPRO_VIG;2023-06-30;19;
SIMPRO;2026-04-12;material;0000266626;12;;CARDINAL HEALTH MS;CURATIVO KENDALL ESPUMA C/ PHMB 0,5% 15,2X15,2CM;;;;;;;;;;;;;;397.16;SIMPRO_VIG;2023-06-30;19;
SIMPRO;2026-04-12;material;0000266627;12;;CARDINAL HEALTH MS;CURATIVO KENDALL ESPUMA C/ PHMB 0,5% 20,3X20,3CM;;;;;;;;;;;;;;545.82;SIMPRO_VIG;2023-06-30;19;
SIMPRO;2026-04-12;material;0000266631;12;;CARDINAL HEALTH MS;CURATIVO KENDALL ESPUMA C/ PHMB 0,5% C/BORDA 04,4X08,3CM;;;;;;;;;;;;;;281.95;SIMPRO_VIG;2023-06-30;19;
SIMPRO;2026-04-12;material;0000266632;12;;CARDINAL HEALTH MS;CURATIVO KENDALL ESPUMA C/ PHMB 0,5% C/BORDA 08,9X08,9CM;;;;;;;;;;;;;;397.14;SIMPRO_VIG;2023-06-30;19;
SIMPRO;2026-04-12;material;0000266633;12;;CARDINAL HEALTH MS;CURATIVO KENDALL ESPUMA C/ PHMB 0,5% C/BORDA 08,9X14,0CM;;;;;;;;;;;;;;479.11;SIMPRO_VIG;2023-06-30;19;
SIMPRO;2026-04-12;material;0000266634;12;;CARDINAL HEALTH MS;CURATIVO KENDALL ESPUMA C/ PHMB 0,5% C/BORDA 14X14,0CM;;;;;;;;;;;;;;676.57;SIMPRO_VIG;2023-06-30;19;
SIMPRO;2026-04-12;material;0000266635;12;;CARDINAL HEALTH MS;CURATIVO KENDALL ESPUMA C/ PHMB 0,5% C/BORDA 19X19,0CM;;;;;;;;;;;;;;1089.1;SIMPRO_VIG;2023-06-30;19;
SIMPRO;2026-04-12;material;0000266630;12;;CARDINAL HEALTH MS;CURATIVO KENDALL ESPUMA C/PELICULA SUPERIOR C/PHMB 0,5% 8,9X7,6CM;;;;;;;;;;;;;;231.5;SIMPRO_VIG;2023-06-30;19;
SIMPRO;2026-04-12;material;0000266622;12;;CARDINAL HEALTH MS;CURATIVO KENDALL ESPUMA FENESTRADA C/PHMB 0,5% 8,9X7,6CM;;;;;;;;;;;;;;397.16;SIMPRO_VIG;2023-06-30;19;
SIMPRO;2026-04-12;material;0000280862;12;;CARDINAL HEALTH MS;CURATIVO KENDALL HIDROGEL AMORFO BISNAGA 15ML;;;;;;;;;;;;;;209.55;SIMPRO_VIG;2023-06-30;19;
SIMPRO;2026-04-12;material;0000266617;12;;CARDINAL HEALTH MS;CURATIVO KENDALL HIDROGEL AMORFO BISNAGA 30ML;;;;;;;;;;;;;;325.05;SIMPRO_VIG;2023-06-30;19;
SIMPRO;2026-04-12;material;0000266618;12;;CARDINAL HEALTH MS;CURATIVO KENDALL HIDROGEL AMORFO BISNAGA 85ML;;;;;;;;;;;;;;374.55;SIMPRO_VIG;2023-06-30;19;
SIMPRO;2026-04-12;material;0000275668;12;;O'GEL;CURATIVO LAMINA GEL ADESIVA 20X10CM;;;;;;;;;;;;;;303;SIMPRO_VIG;2026-02-25;19;
SIMPRO;2026-04-12;material;0000275667;12;;O'GEL;CURATIVO LAMINA GEL ADESIVA 20X30CM;;;;;;;;;;;;;;639;SIMPRO_VIG;2026-02-25;19;
SIMPRO;2026-04-12;material;0000275663;12;;O'GEL;CURATIVO LAMINA GEL ADESIVA 30X03CM;;;;;;;;;;;;;;102;SIMPRO_VIG;2026-02-25;19;
SIMPRO;2026-04-12;material;0000275669;12;;O'GEL;CURATIVO LAMINA GEL ADESIVA 30X30CM;;;;;;;;;;;;;;959;SIMPRO_VIG;2026-02-25;19;
SIMPRO;2026-04-12;material;0000275664;12;;O'GEL;CURATIVO LAMINA GEL ADESIVA 40X03CM;;;;;;;;;;;;;;136;SIMPRO_VIG;2026-02-25;19;
SIMPRO;2026-04-12;material;0000275665;12;;O'GEL;CURATIVO LAMINA GEL ADESIVA 60X03CM;;;;;;;;;;;;;;200;SIMPRO_VIG;2026-02-25;19;
SIMPRO;2026-04-12;material;0000275666;12;;O'GEL;CURATIVO LAMINA GEL ADESIVA 60X05CM;;;;;;;;;;;;;;312;SIMPRO_VIG;2026-02-25;19;
SIMPRO;2026-04-12;material;0000289701;12;;STERIFARMA;CURATIVO LAMINA RAYON 07X30CM EST.;;;;;;;;;;;;;;10.95;SIMPRO_VIG;2017-08-22;19;
SIMPRO;2026-04-12;material;0000289702;12;;STERIFARMA;CURATIVO LAMINA RAYON 07X40CM EST.;;;;;;;;;;;;;;11.25;SIMPRO_VIG;2017-08-22;19;
SIMPRO;2026-04-12;material;0000150369;12;;STERIFARMA;CURATIVO LAMINA RAYON 7,0X10CM EST.;;;;;;;;;;;;;;4.01;SIMPRO_VIG;2020-05-05;19;
SIMPRO;2026-04-12;material;0000150370;12;;STERIFARMA;CURATIVO LAMINA RAYON 7,0X20CM EST.;;;;;;;;;;;;;;5.46;SIMPRO_VIG;2020-05-05;19;
SIMPRO;2026-04-12;material;0000150374;12;;STERIFARMA;CURATIVO LAMINA RAYON 7CMX1MT EST.;;;;;;;;;;;;;;26;SIMPRO_VIG;2016-05-18;19;
SIMPRO;2026-04-12;material;0000040672;12;;STERIFARMA;CURATIVO LAMINARAYON 7CMX5MT EST.;;;;;;;;;;;;;;26;SIMPRO_VIG;2016-05-18;19;
SIMPRO;2026-04-12;material;0000253309;12;;BSN MEDICAL;CURATIVO LEUKOMED IV 4,5X4,5CM 50UNID;;;;;;;;;;;;;;350;SIMPRO_VIG;2015-01-13;19;
SIMPRO;2026-04-12;material;0000253310;12;;BSN MEDICAL;CURATIVO LEUKOMED IV 6,0X8,0CM 50UNID;;;;;;;;;;;;;;450;SIMPRO_VIG;2015-01-13;19;
SIMPRO;2026-04-12;material;0000253311;12;;BSN MEDICAL;CURATIVO LEUKOMED IV 7,0X9,0CM 50UNID;;;;;;;;;;;;;;550;SIMPRO_VIG;2015-01-13;19;
SIMPRO;2026-04-12;material;0000253312;12;;BSN MEDICAL;CURATIVO LEUKOMED IV 8,5X11,5CM 50UNID;;;;;;;;;;;;;;900;SIMPRO_VIG;2015-01-13;19;
SIMPRO;2026-04-12;material;0000363408;12;;ESSITY SOLUCOES;CURATIVO LEUKOMED SORBACT 05X7,2CM EST.;;;;;;;;;;;;;;144.38;SIMPRO_VIG;2025-09-12;19;
SIMPRO;2026-04-12;material;0000363409;12;;ESSITY SOLUCOES;CURATIVO LEUKOMED SORBACT 08X10CM EST.;;;;;;;;;;;;;;504.21;SIMPRO_VIG;2025-09-12;19;
SIMPRO;2026-04-12;material;0000363410;12;;ESSITY SOLUCOES;CURATIVO LEUKOMED SORBACT 08X15CM EST.;;;;;;;;;;;;;;647.54;SIMPRO_VIG;2025-09-12;19;
SIMPRO;2026-04-12;material;0000363411;12;;ESSITY SOLUCOES;CURATIVO LEUKOMED SORBACT 10X25CM EST.;;;;;;;;;;;;;;754.01;SIMPRO_VIG;2025-09-12;19;
SIMPRO;2026-04-12;material;0000363412;12;;ESSITY SOLUCOES;CURATIVO LEUKOMED SORBACT 10X35CM EST.;;;;;;;;;;;;;;857.75;SIMPRO_VIG;2025-09-12;19;
SIMPRO;2026-04-12;material;0000258308;12;;BSN MEDICAL;CURATIVO LEUKOMED T 10,0X12,5CM 50ENV;;;;;;;;;;;;;;14.98;SIMPRO_VIG;2015-06-16;19;
SIMPRO;2026-04-12;material;0000258309;12;;BSN MEDICAL;CURATIVO LEUKOMED T 15,0X20,0CM 50ENV;;;;;;;;;;;;;;29.98;SIMPRO_VIG;2015-06-16;19;
SIMPRO;2026-04-12;material;0000258310;12;;BSN MEDICAL;CURATIVO LEUKOMED T 15,0X25,0CM 50ENV;;;;;;;;;;;;;;33.98;SIMPRO_VIG;2015-06-16;19;
SIMPRO;2026-04-12;material;0000258306;12;;BSN MEDICAL;CURATIVO LEUKOMED T 5,0X7,2CM 50ENV;;;;;;;;;;;;;;6.98;SIMPRO_VIG;2015-06-16;19;
SIMPRO;2026-04-12;material;0000258307;12;;BSN MEDICAL;CURATIVO LEUKOMED T 8,0X10,0CM 50ENV;;;;;;;;;;;;;;8.98;SIMPRO_VIG;2015-06-16;19;
SIMPRO;2026-04-12;material;0000258312;12;;BSN MEDICAL;CURATIVO LEUKOMED T PLUS 08,0X10,0CM 50ENV;;;;;;;;;;;;;;13.98;SIMPRO_VIG;2015-06-16;19;
SIMPRO;2026-04-12;material;0000258313;12;;BSN MEDICAL;CURATIVO LEUKOMED T PLUS 08,0X15,0CM 50ENV;;;;;;;;;;;;;;17.98;SIMPRO_VIG;2015-06-16;19;
SIMPRO;2026-04-12;material;0000258314;12;;BSN MEDICAL;CURATIVO LEUKOMED T PLUS 10,0X25,0CM 50ENV;;;;;;;;;;;;;;30.98;SIMPRO_VIG;2015-06-16;19;
SIMPRO;2026-04-12;material;0000258315;12;;BSN MEDICAL;CURATIVO LEUKOMED T PLUS 10,0X35,0CM 50ENV;;;;;;;;;;;;;;43.98;SIMPRO_VIG;2015-06-16;19;
SIMPRO;2026-04-12;material;0000258311;12;;BSN MEDICAL;CURATIVO LEUKOMED T PLUS 5,0X7,2CM 50ENV;;;;;;;;;;;;;;9.98;SIMPRO_VIG;2015-06-16;19;
SIMPRO;2026-04-12;material;0000325708;12;;ESSITY SOLUCOES;CURATIVO LEUKOMED T PLUS SKIN SENSITIVE 10,0X25,0CM;;;;;;;;;;;;;;154.4;SIMPRO_VIG;2023-08-18;19;
SIMPRO;2026-04-12;material;0000325705;12;;ESSITY SOLUCOES;CURATIVO LEUKOMED T PLUS SKIN SENSITIVE 5,0X7,2CM;;;;;;;;;;;;;;49.71;SIMPRO_VIG;2023-08-18;19;
SIMPRO;2026-04-12;material;0000325706;12;;ESSITY SOLUCOES;CURATIVO LEUKOMED T PLUS SKIN SENSITIVE 8,0X10,0CM;;;;;;;;;;;;;;71.69;SIMPRO_VIG;2023-08-18;19;
SIMPRO;2026-04-12;material;0000325707;12;;ESSITY SOLUCOES;CURATIVO LEUKOMED T PLUS SKIN SENSITIVE 8,0X15,0CM;;;;;;;;;;;;;;92.62;SIMPRO_VIG;2023-08-18;19;
SIMPRO;2026-04-12;material;0000325702;12;;ESSITY SOLUCOES;CURATIVO LEUKOMED T SKIN SENSITIVE 5,0X7,2CM;;;;;;;;;;;;;;37.69;SIMPRO_VIG;2023-08-18;19;
SIMPRO;2026-04-12;material;0000325703;12;;ESSITY SOLUCOES;CURATIVO LEUKOMED T SKIN SENSITIVE 8,0X10,0CM;;;;;;;;;;;;;;180;SIMPRO_VIG;2024-09-17;19;
SIMPRO;2026-04-12;material;0000325704;12;;ESSITY SOLUCOES;CURATIVO LEUKOMED T SKIN SENSITIVE 8,0X15,0CM;;;;;;;;;;;;;;287;SIMPRO_VIG;2022-08-03;19;
SIMPRO;2026-04-12;material;0000364134;12;;MISSNER;CURATIVO LIQUIDO HEMOSTATICO MISSNER 28ML;;;;;;;;;;;;;;2.639;SIMPRO_VIG;2025-10-10;19;
SIMPRO;2026-04-12;material;0000354755;12;;MISSNER;CURATIVO LIQUIDO HEMOSTATICO SPRAY SHOW LUNA 28ML;;;;;;;;;;;;;;76.2;SIMPRO_VIG;2024-08-29;19;
SIMPRO;2026-04-12;material;0000332108;12;;GOLDMED IMPORT;CURATIVO MALHA POROSA LIPOCOLOIDE 10X10CM EST.;;;;;;;;;;;;;;85.12;SIMPRO_VIG;2022-05-11;19;
SIMPRO;2026-04-12;material;0000332109;12;;GOLDMED IMPORT;CURATIVO MALHA POROSA LIPOCOLOIDE 15X15CM EST.;;;;;;;;;;;;;;132;SIMPRO_VIG;2022-05-11;19;
SIMPRO;2026-04-12;material;0000332110;12;;GOLDMED IMPORT;CURATIVO MALHA POROSA LIPOCOLOIDE 15X30CM EST.;;;;;;;;;;;;;;323;SIMPRO_VIG;2022-05-11;19;
SIMPRO;2026-04-12;material;0000332104;12;;GOLDMED IMPORT;CURATIVO MALHA POROSA SILICONE SILOTULL 07,5X10CM EST.;;;;;;;;;;;;;;60.61;SIMPRO_VIG;2022-05-11;19;
SIMPRO;2026-04-12;material;0000332105;12;;GOLDMED IMPORT;CURATIVO MALHA POROSA SILICONE SILOTULL 10X10CM EST.;;;;;;;;;;;;;;75.89;SIMPRO_VIG;2022-05-11;19;
SIMPRO;2026-04-12;material;0000332106;12;;GOLDMED IMPORT;CURATIVO MALHA POROSA SILICONE SILOTULL 10X20CM EST.;;;;;;;;;;;;;;99.65;SIMPRO_VIG;2022-05-11;19;
SIMPRO;2026-04-12;material;0000332107;12;;GOLDMED IMPORT;CURATIVO MALHA POROSA SILICONE SILOTULL 20X30CM EST.;;;;;;;;;;;;;;416.02;SIMPRO_VIG;2022-05-11;19;
SIMPRO;2026-04-12;material;0000358437;12;;M.MULLER;CURATIVO MALHA TUBULAR ELASTICA CALIBRE 0 DEDO 11MT(REPOUSO) MEDS BENDELAST;;;;;;;;;;;;;;350;SIMPRO_VIG;2025-02-04;19;
SIMPRO;2026-04-12;material;0000361205;12;;M.MULLER;CURATIVO MALHA TUBULAR ELASTICA CALIBRE 0 DEDO 1MT(REPOUSO) MEDS BENDELAST;;;;;;;;;;;;;;0.318;SIMPRO_VIG;2025-06-06;19;
SIMPRO;2026-04-12;material;0000361203;12;;M.MULLER;CURATIVO MALHA TUBULAR ELASTICA CALIBRE 0 DEDO 30CM(REPOUSO) MEDS BENDELAST;;;;;;;;;;;;;;0.318;SIMPRO_VIG;2025-06-10;19;
SIMPRO;2026-04-12;material;0000361204;12;;M.MULLER;CURATIVO MALHA TUBULAR ELASTICA CALIBRE 0 DEDO 60CM(REPOUSO) MEDS BENDELAST;;;;;;;;;;;;;;0.318;SIMPRO_VIG;2025-06-06;19;
SIMPRO;2026-04-12;material;0000358438;12;;M.MULLER;CURATIVO MALHA TUBULAR ELASTICA CALIBRE 1 MAO/PULSO 11MT(REPOUSO) MEDS BENDELAST;;;;;;;;;;;;;;408;SIMPRO_VIG;2025-02-04;19;
SIMPRO;2026-04-12;material;0000361208;12;;M.MULLER;CURATIVO MALHA TUBULAR ELASTICA CALIBRE 1 MAO/PULSO 1MT(REPOUSO) MEDS BENDELAST;;;;;;;;;;;;;;0.371;SIMPRO_VIG;2025-06-06;19;
SIMPRO;2026-04-12;material;0000361206;12;;M.MULLER;CURATIVO MALHA TUBULAR ELASTICA CALIBRE 1 MAO/PULSO 30CM(REPOUSO) MEDS BENDELAST;;;;;;;;;;;;;;0.371;SIMPRO_VIG;2025-06-06;19;
SIMPRO;2026-04-12;material;0000361207;12;;M.MULLER;CURATIVO MALHA TUBULAR ELASTICA CALIBRE 1 MAO/PULSO 60CM(REPOUSO) MEDS BENDELAST;;;;;;;;;;;;;;0.371;SIMPRO_VIG;2025-06-06;19;
SIMPRO;2026-04-12;material;0000358465;12;;M.MULLER;CURATIVO MALHA TUBULAR ELASTICA CALIBRE 10 TORAX/PELVE 1MT(REPOUSO) MEDS BENDELAST;;;;;;;;;;;;;;3.914;SIMPRO_VIG;2025-02-04;19;
SIMPRO;2026-04-12;material;0000358463;12;;M.MULLER;CURATIVO MALHA TUBULAR ELASTICA CALIBRE 10 TORAX/PELVE 30CM(REPOUSO) MEDS BENDELAST;;;;;;;;;;;;;;3.914;SIMPRO_VIG;2025-02-04;19;
SIMPRO;2026-04-12;material;0000358464;12;;M.MULLER;CURATIVO MALHA TUBULAR ELASTICA CALIBRE 10 TORAX/PELVE 60CM(REPOUSO) MEDS BENDELAST;;;;;;;;;;;;;;3.914;SIMPRO_VIG;2025-02-04;19;
SIMPRO;2026-04-12;material;0000358462;12;;M.MULLER;CURATIVO MALHA TUBULAR ELASTICA CALIBRE 10 TORAX/PELVE 7MT(REPOUSO) MEDS BENDELAST;;;;;;;;;;;;;;2740;SIMPRO_VIG;2025-02-04;19;
SIMPRO;2026-04-12;material;0000358439;12;;M.MULLER;CURATIVO MALHA TUBULAR ELASTICA CALIBRE 2 COTOVELO/TORNOZELO 11MT(REPOUSO) MEDS BENDELAST;;;;;;;;;;;;;;486;SIMPRO_VIG;2025-02-04;19;
SIMPRO;2026-04-12;material;0000361211;12;;M.MULLER;CURATIVO MALHA TUBULAR ELASTICA CALIBRE 2 COTOVELO/TORNOZELO 1MT(REPOUSO) MEDS BENDELAST;;;;;;;;;;;;;;0.442;SIMPRO_VIG;2025-06-06;19;
SIMPRO;2026-04-12;material;0000361209;12;;M.MULLER;CURATIVO MALHA TUBULAR ELASTICA CALIBRE 2 COTOVELO/TORNOZELO 30CM(REPOUSO) MEDS BENDELAST;;;;;;;;;;;;;;0.442;SIMPRO_VIG;2025-06-06;19;
SIMPRO;2026-04-12;material;0000361210;12;;M.MULLER;CURATIVO MALHA TUBULAR ELASTICA CALIBRE 2 COTOVELO/TORNOZELO 60CM(REPOUSO) MEDS BENDELAST;;;;;;;;;;;;;;0.442;SIMPRO_VIG;2025-06-06;19;
SIMPRO;2026-04-12;material;0000358440;12;;M.MULLER;CURATIVO MALHA TUBULAR ELASTICA CALIBRE 3 JOELHO/PE 11MT(REPOUSO) MEDS BENDELAST;;;;;;;;;;;;;;563;SIMPRO_VIG;2025-02-04;19;
SIMPRO;2026-04-12;material;0000361212;12;;M.MULLER;CURATIVO MALHA TUBULAR ELASTICA CALIBRE 3 JOELHO/PE 1MT(REPOUSO) MEDS BENDELAST;;;;;;;;;;;;;;0.512;SIMPRO_VIG;2025-06-06;19;
SIMPRO;2026-04-12;material;0000358441;12;;M.MULLER;CURATIVO MALHA TUBULAR ELASTICA CALIBRE 3 JOELHO/PE 30CM(REPOUSO) MEDS BENDELAST;;;;;;;;;;;;;;0.512;SIMPRO_VIG;2025-02-04;19;
SIMPRO;2026-04-12;material;0000358442;12;;M.MULLER;CURATIVO MALHA TUBULAR ELASTICA CALIBRE 3 JOELHO/PE 60CM(REPOUSO) MEDS BENDELAST;;;;;;;;;;;;;;0.512;SIMPRO_VIG;2025-02-04;19;
SIMPRO;2026-04-12;material;0000358443;12;;M.MULLER;CURATIVO MALHA TUBULAR ELASTICA CALIBRE 4 COXA/PERNA 11MT(REPOUSO) MEDS BENDELAST;;;;;;;;;;;;;;649;SIMPRO_VIG;2025-02-04;19;
SIMPRO;2026-04-12;material;0000358444;12;;M.MULLER;CURATIVO MALHA TUBULAR ELASTICA CALIBRE 4 COXA/PERNA 1MT(REPOUSO) MEDS BENDELAST;;;;;;;;;;;;;;0.59;SIMPRO_VIG;2025-02-04;19;
SIMPRO;2026-04-12;material;0000361213;12;;M.MULLER;CURATIVO MALHA TUBULAR ELASTICA CALIBRE 4 COXA/PERNA 30CM(REPOUSO) MEDS BENDELAST;;;;;;;;;;;;;;0.59;SIMPRO_VIG;2025-06-06;19;
SIMPRO;2026-04-12;material;0000361214;12;;M.MULLER;CURATIVO MALHA TUBULAR ELASTICA CALIBRE 4 COXA/PERNA 60CM(REPOUSO) MEDS BENDELAST;;;;;;;;;;;;;;0.59;SIMPRO_VIG;2025-06-06;19;
SIMPRO;2026-04-12;material;0000358445;12;;M.MULLER;CURATIVO MALHA TUBULAR ELASTICA CALIBRE 5 COXA/CABECA 11MT(REPOUSO) MEDS BENDELAST;;;;;;;;;;;;;;725;SIMPRO_VIG;2025-02-04;19;
SIMPRO;2026-04-12;material;0000358446;12;;M.MULLER;CURATIVO MALHA TUBULAR ELASTICA CALIBRE 5 COXA/CABECA 1MT(REPOUSO) MEDS BENDELAST;;;;;;;;;;;;;;0.659;SIMPRO_VIG;2025-02-04;19;
SIMPRO;2026-04-12;material;0000361215;12;;M.MULLER;CURATIVO MALHA TUBULAR ELASTICA CALIBRE 5 COXA/CABECA 30CM(REPOUSO) MEDS BENDELAST;;;;;;;;;;;;;;0.659;SIMPRO_VIG;2025-06-06;19;
SIMPRO;2026-04-12;material;0000361216;12;;M.MULLER;CURATIVO MALHA TUBULAR ELASTICA CALIBRE 5 COXA/CABECA 60CM(REPOUSO) MEDS BENDELAST;;;;;;;;;;;;;;0.659;SIMPRO_VIG;2025-06-06;19;
SIMPRO;2026-04-12;material;0000358449;12;;M.MULLER;CURATIVO MALHA TUBULAR ELASTICA CALIBRE 6 CABECA/OMBRO 1MT(REPOUSO) MEDS BENDELAST;;;;;;;;;;;;;;1.929;SIMPRO_VIG;2025-02-04;19;
SIMPRO;2026-04-12;material;0000361217;12;;M.MULLER;CURATIVO MALHA TUBULAR ELASTICA CALIBRE 6 CABECA/OMBRO 30CM(REPOUSO) MEDS BENDELAST;;;;;;;;;;;;;;1.928;SIMPRO_VIG;2025-06-06;19;
SIMPRO;2026-04-12;material;0000358448;12;;M.MULLER;CURATIVO MALHA TUBULAR ELASTICA CALIBRE 6 CABECA/OMBRO 60CM(REPOUSO) MEDS BENDELAST;;;;;;;;;;;;;;1.929;SIMPRO_VIG;2025-02-04;19;
SIMPRO;2026-04-12;material;0000358447;12;;M.MULLER;CURATIVO MALHA TUBULAR ELASTICA CALIBRE 6 CABECA/OMBRO 7MT(REPOUSO) MEDS BENDELAST;;;;;;;;;;;;;;1350;SIMPRO_VIG;2025-02-04;19;
SIMPRO;2026-04-12;material;0000358453;12;;M.MULLER;CURATIVO MALHA TUBULAR ELASTICA CALIBRE 7 TORAX/PELVE/PERINEO/OMBRO 1MT(REPOUSO) MEDS BENDELAST;;;;;;;;;;;;;;2.085;SIMPRO_VIG;2025-06-06;19;
SIMPRO;2026-04-12;material;0000358451;12;;M.MULLER;CURATIVO MALHA TUBULAR ELASTICA CALIBRE 7 TORAX/PELVE/PERINEO/OMBRO 30CM(REPOUSO) MEDS BENDELAST;;;;;;;;;;;;;;2.085;SIMPRO_VIG;2025-06-06;19;
SIMPRO;2026-04-12;material;0000358452;12;;M.MULLER;CURATIVO MALHA TUBULAR ELASTICA CALIBRE 7 TORAX/PELVE/PERINEO/OMBRO 60CM(REPOUSO) MEDS BENDELAST;;;;;;;;;;;;;;2.085;SIMPRO_VIG;2025-06-06;19;
SIMPRO;2026-04-12;material;0000358450;12;;M.MULLER;CURATIVO MALHA TUBULAR ELASTICA CALIBRE 7 TORAX/PELVE/PERINEO/OMBRO 7MT(REPOUSO) MEDS BENDELAST;;;;;;;;;;;;;;1460;SIMPRO_VIG;2025-02-04;19;
SIMPRO;2026-04-12;material;0000358457;12;;M.MULLER;CURATIVO MALHA TUBULAR ELASTICA CALIBRE 8 TORAX/PELVE/PERINEO 1MT(REPOUSO) MEDS BENDELAST;;;;;;;;;;;;;;2.271;SIMPRO_VIG;2025-02-04;19;
SIMPRO;2026-04-12;material;0000358455;12;;M.MULLER;CURATIVO MALHA TUBULAR ELASTICA CALIBRE 8 TORAX/PELVE/PERINEO 30CM(REPOUSO) MEDS BENDELAST;;;;;;;;;;;;;;2.271;SIMPRO_VIG;2025-02-04;19;
SIMPRO;2026-04-12;material;0000358456;12;;M.MULLER;CURATIVO MALHA TUBULAR ELASTICA CALIBRE 8 TORAX/PELVE/PERINEO 60(REPOUSO) MEDS BENDELAST;;;;;;;;;;;;;;2.271;SIMPRO_VIG;2025-02-04;19;
SIMPRO;2026-04-12;material;0000358454;12;;M.MULLER;CURATIVO MALHA TUBULAR ELASTICA CALIBRE 8 TORAX/PELVE/PERINEO 7MT(REPOUSO) MEDS BENDELAST;;;;;;;;;;;;;;1590;SIMPRO_VIG;2025-02-04;19;
SIMPRO;2026-04-12;material;0000358461;12;;M.MULLER;CURATIVO MALHA TUBULAR ELASTICA CALIBRE 9 TORAX/PELVE/PERINEO/OMBRO 1MT(REPOUSO) MEDS BENDELAST;;;;;;;;;;;;;;3.114;SIMPRO_VIG;2025-02-04;19;
SIMPRO;2026-04-12;material;0000358459;12;;M.MULLER;CURATIVO MALHA TUBULAR ELASTICA CALIBRE 9 TORAX/PELVE/PERINEO/OMBRO 30CM(REPOUSO) MEDS BENDELAST;;;;;;;;;;;;;;3.114;SIMPRO_VIG;2025-02-04;19;
SIMPRO;2026-04-12;material;0000358460;12;;M.MULLER;CURATIVO MALHA TUBULAR ELASTICA CALIBRE 9 TORAX/PELVE/PERINEO/OMBRO 60CM(REPOUSO) MEDS BENDELAST;;;;;;;;;;;;;;3.114;SIMPRO_VIG;2025-02-04;19;
SIMPRO;2026-04-12;material;0000358458;12;;M.MULLER;CURATIVO MALHA TUBULAR ELASTICA CALIBRE 9 TORAX/PELVE/PERINEO/OMBRO 7MT(REPOUSO) MEDS BENDELAST;;;;;;;;;;;;;;2180;SIMPRO_VIG;2025-02-04;19;
SIMPRO;2026-04-12;material;0000150439;12;;POOLTEX;CURATIVO MAO ADU.REDE TUBULAR POOLFIX ROLO 10MT DESCANSO/25MT ESTICADO CAL.3 TARJA AMARELO;;;;;;;;;;;;;;0.131;SIMPRO_VIG;2010-11-12;19;
SIMPRO;2026-04-12;material;0000150437;12;;POOLTEX;CURATIVO MAO INF.REDE TUBULAR POOLFIX ROLO 10MT DESCANSO/25MT ESTICADO CAL.2 TARJA VERDE;;;;;;;;;;;;;;0.104;SIMPRO_VIG;2010-11-12;19;
SIMPRO;2026-04-12;material;0000110583;12;;3M BRASIL;CURATIVO MATRIZ C/PRATA 028CM² PROMOGRAN PRISMA 10UN;;;;;;;;;;;;;;171.607;SIMPRO_VIG;2022-02-24;19;
SIMPRO;2026-04-12;material;0000110584;12;;3M BRASIL;CURATIVO MATRIZ C/PRATA 123CM² PROMOGRAN PRISMA 10UN;;;;;;;;;;;;;;427.604;SIMPRO_VIG;2022-02-24;19;
SIMPRO;2026-04-12;material;0000347696;12;;POLAR FIX;CURATIVO MATRIZ LIPOCOLOIDE 10X10CM EST. 10UN;;;;;;;;;;;;;;18;SIMPRO_VIG;2023-10-20;19;
SIMPRO;2026-04-12;material;0000031133;12;;SMITH & NEPHEW;CURATIVO MELOLIN 05X05CM 100UNID.;;;;;;;;;;;;;;19.127;SIMPRO_VIG;2024-05-08;19;
SIMPRO;2026-04-12;material;0000031135;12;;SMITH & NEPHEW;CURATIVO MELOLIN 10X10CM 100UNID.;;;;;;;;;;;;;;22.315;SIMPRO_VIG;2024-05-08;19;
SIMPRO;2026-04-12;material;0000031131;12;;SMITH & NEPHEW;CURATIVO MELOLIN 10X20CM 100UNID.;;;;;;;;;;;;;;25.502;SIMPRO_VIG;2024-05-08;19;
SIMPRO;2026-04-12;material;0000338080;12;;SALUS BIOMEDICAL;CURATIVO MEMBRANA CELULOSE FENESTRADA 10X07,5CM DWC BURNCOAT;;;;;;;;;;;;;;353.96;SIMPRO_VIG;2023-02-07;19;
SIMPRO;2026-04-12;material;0000338081;12;;SALUS BIOMEDICAL;CURATIVO MEMBRANA CELULOSE FENESTRADA 10X10,0CM DWC BURNCOAT;;;;;;;;;;;;;;471.9;SIMPRO_VIG;2023-02-07;19;
SIMPRO;2026-04-12;material;0000338082;12;;SALUS BIOMEDICAL;CURATIVO MEMBRANA CELULOSE FENESTRADA 15X10,0CM DWC BURNCOAT;;;;;;;;;;;;;;707.85;SIMPRO_VIG;2023-02-07;19;
SIMPRO;2026-04-12;material;0000338083;12;;SALUS BIOMEDICAL;CURATIVO MEMBRANA CELULOSE FENESTRADA 18X12,0CM DWC BURNCOAT;;;;;;;;;;;;;;1019.3;SIMPRO_VIG;2023-02-07;19;
SIMPRO;2026-04-12;material;0000338084;12;;SALUS BIOMEDICAL;CURATIVO MEMBRANA CELULOSE FENESTRADA 20X15,0CM DWC BURNCOAT;;;;;;;;;;;;;;1415.7;SIMPRO_VIG;2023-02-07;19;
SIMPRO;2026-04-12;material;0000338076;12;;SALUS BIOMEDICAL;CURATIVO MEMBRANA CELULOSE LISA 10X10CM DWC BURNCOAT;;;;;;;;;;;;;;471.9;SIMPRO_VIG;2023-02-07;19;
SIMPRO;2026-04-12;material;0000338075;12;;SALUS BIOMEDICAL;CURATIVO MEMBRANA CELULOSE LISA 10X7,5CM DWC BURNCOAT;;;;;;;;;;;;;;353.96;SIMPRO_VIG;2023-02-07;19;
SIMPRO;2026-04-12;material;0000338077;12;;SALUS BIOMEDICAL;CURATIVO MEMBRANA CELULOSE LISA 15X10CM DWC BURNCOAT;;;;;;;;;;;;;;707.85;SIMPRO_VIG;2023-02-07;19;
SIMPRO;2026-04-12;material;0000338078;12;;SALUS BIOMEDICAL;CURATIVO MEMBRANA CELULOSE LISA 18X12CM DWC BURNCOAT;;;;;;;;;;;;;;1019.3;SIMPRO_VIG;2023-02-07;19;
SIMPRO;2026-04-12;material;0000338079;12;;SALUS BIOMEDICAL;CURATIVO MEMBRANA CELULOSE LISA 20X15CM DWC BURNCOAT;;;;;;;;;;;;;;1415.7;SIMPRO_VIG;2023-02-07;19;
SIMPRO;2026-04-12;material;0000108133;12;;AMBER;CURATIVO MEMBRANA POLIURETANO SUPRASORB M 10X10CM 20450;;;;;;;;;;;;;;118.69;SIMPRO_VIG;2014-05-27;19;
SIMPRO;2026-04-12;material;0000108134;12;;AMBER;CURATIVO MEMBRANA POLIURETANO SUPRASORB M 10X20CM 20451;;;;;;;;;;;;;;215.93;SIMPRO_VIG;2014-05-27;19;
SIMPRO;2026-04-12;material;0000108135;12;;AMBER;CURATIVO MEMBRANA POLIURETANO SUPRASORB M 20X20CM 20452;;;;;;;;;;;;;;394.68;SIMPRO_VIG;2014-05-27;19;
SIMPRO;2026-04-12;material;0000170760;12;;DMC;CURATIVO MEMBRANA REGENERADORA BIOCEL 05,0X05,0CM;;;;;;;;;;;;;;86.85;SIMPRO_VIG;2021-05-26;19;
SIMPRO;2026-04-12;material;0000170761;12;;DMC;CURATIVO MEMBRANA REGENERADORA BIOCEL 07,5X05,0CM;;;;;;;;;;;;;;106.21;SIMPRO_VIG;2021-05-26;19;
SIMPRO;2026-04-12;material;0000170762;12;;DMC;CURATIVO MEMBRANA REGENERADORA BIOCEL 10,0X07,5CM;;;;;;;;;;;;;;196.82;SIMPRO_VIG;2021-05-26;19;
SIMPRO;2026-04-12;material;0000170763;12;;DMC;CURATIVO MEMBRANA REGENERADORA BIOCEL 10,0X15,0CM;;;;;;;;;;;;;;362.7;SIMPRO_VIG;2021-05-26;19;
SIMPRO;2026-04-12;material;0000170764;12;;DMC;CURATIVO MEMBRANA REGENERADORA BIOCEL 20,0X15,0CM;;;;;;;;;;;;;;722.96;SIMPRO_VIG;2021-05-26;19;
SIMPRO;2026-04-12;material;0000170765;12;;DMC;CURATIVO MEMBRANA REGENERADORA BIOCEL 20,0X30,0CM;;;;;;;;;;;;;;964.14;SIMPRO_VIG;2021-05-26;19;
SIMPRO;2026-04-12;material;0000280481;12;;DMC;CURATIVO MEMBRANA REGENERADORA BIOCEL C/PRATA EST.05,0X05,0CM;;;;;;;;;;;;;;117.25;SIMPRO_VIG;2021-05-04;19;
SIMPRO;2026-04-12;material;0000280482;12;;DMC;CURATIVO MEMBRANA REGENERADORA BIOCEL C/PRATA EST.07,5X05,0CM;;;;;;;;;;;;;;143.38;SIMPRO_VIG;2021-05-04;19;
SIMPRO;2026-04-12;material;0000280483;12;;DMC;CURATIVO MEMBRANA REGENERADORA BIOCEL C/PRATA EST.10,0X7,5CM;;;;;;;;;;;;;;265.71;SIMPRO_VIG;2021-05-04;19;
SIMPRO;2026-04-12;material;0000280484;12;;DMC;CURATIVO MEMBRANA REGENERADORA BIOCEL C/PRATA EST.15,0X10,0CM;;;;;;;;;;;;;;489.64;SIMPRO_VIG;2021-05-04;19;
SIMPRO;2026-04-12;material;0000280485;12;;DMC;CURATIVO MEMBRANA REGENERADORA BIOCEL C/PRATA EST.20,0X15,0CM;;;;;;;;;;;;;;976;SIMPRO_VIG;2021-05-04;19;
SIMPRO;2026-04-12;material;0000280486;12;;DMC;CURATIVO MEMBRANA REGENERADORA BIOCEL C/PRATA EST.30,0X20,0CM;;;;;;;;;;;;;;1217.54;SIMPRO_VIG;2021-05-04;19;
SIMPRO;2026-04-12;material;0000161698;12;;VUELO PHARMA;CURATIVO MEMBRANA REGENERADORA POROSA MEMBRACEL 6CM C/POROS GRD.2-3MM;;;;;;;;;;;;;;71.19;SIMPRO_VIG;2019-06-27;19;
SIMPRO;2026-04-12;material;0000161697;12;;VUELO PHARMA;CURATIVO MEMBRANA REGENERADORA POROSA MEMBRACEL 6CM C/POROS MED.1-2MM;;;;;;;;;;;;;;71.19;SIMPRO_VIG;2019-06-27;19;
SIMPRO;2026-04-12;material;0000161700;12;;VUELO PHARMA;CURATIVO MEMBRANA REGENERADORA POROSA MEMBRACEL 7CM C/POROS GRD.2-3MM;;;;;;;;;;;;;;88.7;SIMPRO_VIG;2019-06-27;19;
SIMPRO;2026-04-12;material;0000161699;12;;VUELO PHARMA;CURATIVO MEMBRANA REGENERADORA POROSA MEMBRACEL 7CM C/POROS MED.1-2MM;;;;;;;;;;;;;;88.7;SIMPRO_VIG;2019-06-27;19;
SIMPRO;2026-04-12;material;0000161704;12;;VUELO PHARMA;CURATIVO MEMBRANA REGENERADORA POROSA MEMBRACEL 9CM C/POROS GRD.2-3MM;;;;;;;;;;;;;;132.11;SIMPRO_VIG;2019-06-27;19;
SIMPRO;2026-04-12;material;0000161703;12;;VUELO PHARMA;CURATIVO MEMBRANA REGENERADORA POROSA MEMBRACEL 9CM C/POROS MED.1-2MM;;;;;;;;;;;;;;132.11;SIMPRO_VIG;2019-06-27;19;
SIMPRO;2026-04-12;material;0000301601;12;;MEM CIRURGICA;CURATIVO MESON 06X07CM EST.;;;;;;;;;;;;;;5.04;SIMPRO_VIG;2021-04-29;19;
SIMPRO;2026-04-12;material;0000301602;12;;MEM CIRURGICA;CURATIVO MESON 07X10CM EST.;;;;;;;;;;;;;;7.26;SIMPRO_VIG;2021-04-29;19;
SIMPRO;2026-04-12;material;0000301608;12;;MEM CIRURGICA;CURATIVO MESON 09X10CM EST.;;;;;;;;;;;;;;6.72;SIMPRO_VIG;2021-04-29;19;
SIMPRO;2026-04-12;material;0000301609;12;;MEM CIRURGICA;CURATIVO MESON 09X15CM EST.;;;;;;;;;;;;;;9.48;SIMPRO_VIG;2021-04-29;19;
SIMPRO;2026-04-12;material;0000301610;12;;MEM CIRURGICA;CURATIVO MESON 09X20CM EST.;;;;;;;;;;;;;;12.84;SIMPRO_VIG;2021-04-29;19;
SIMPRO;2026-04-12;material;0000301611;12;;MEM CIRURGICA;CURATIVO MESON 09X25CM EST.;;;;;;;;;;;;;;16.2;SIMPRO_VIG;2021-04-29;19;
SIMPRO;2026-04-12;material;0000301612;12;;MEM CIRURGICA;CURATIVO MESON 09X30CM EST.;;;;;;;;;;;;;;19.56;SIMPRO_VIG;2021-04-29;19;
SIMPRO;2026-04-12;material;0000301603;12;;MEM CIRURGICA;CURATIVO MESON 10X10CM EST.;;;;;;;;;;;;;;7.8;SIMPRO_VIG;2021-04-29;19;
SIMPRO;2026-04-12;material;0000301613;12;;MEM CIRURGICA;CURATIVO MESON 10X12CM EST.;;;;;;;;;;;;;;8.4;SIMPRO_VIG;2021-04-29;19;
SIMPRO;2026-04-12;material;0000301604;12;;MEM CIRURGICA;CURATIVO MESON 10X15CM EST.;;;;;;;;;;;;;;10.62;SIMPRO_VIG;2021-04-29;19;
SIMPRO;2026-04-12;material;0000301605;12;;MEM CIRURGICA;CURATIVO MESON 10X20CM EST.;;;;;;;;;;;;;;13.98;SIMPRO_VIG;2021-04-29;19;
SIMPRO;2026-04-12;material;0000301606;12;;MEM CIRURGICA;CURATIVO MESON 10X25CM EST.;;;;;;;;;;;;;;17.88;SIMPRO_VIG;2021-04-29;19;
SIMPRO;2026-04-12;material;0000301607;12;;MEM CIRURGICA;CURATIVO MESON 10X30CM EST.;;;;;;;;;;;;;;22.38;SIMPRO_VIG;2021-04-29;19;
SIMPRO;2026-04-12;material;0000301614;12;;MEM CIRURGICA;CURATIVO MESON 15X15CM EST.;;;;;;;;;;;;;;15.6;SIMPRO_VIG;2021-04-29;19;
SIMPRO;2026-04-12;material;0000301615;12;;MEM CIRURGICA;CURATIVO MESON 15X20CM EST.;;;;;;;;;;;;;;21.24;SIMPRO_VIG;2021-04-29;19;
SIMPRO;2026-04-12;material;0000301616;12;;MEM CIRURGICA;CURATIVO MESON 15X25CM EST.;;;;;;;;;;;;;;27.96;SIMPRO_VIG;2021-04-29;19;
SIMPRO;2026-04-12;material;0000145922;12;;3M BRASIL;CURATIVO MICROPOROSO NEXCARE COMFORT REDONDO 200UNID 302063;;;;;;;;;;;;;;0.148;SIMPRO_VIG;2010-07-23;19;
SIMPRO;2026-04-12;material;0000145921;12;;3M BRASIL;CURATIVO MICROPOROSO NEXCARE COMFORT REDONDO 20UNID;;;;;;;;;;;;;;0.174;SIMPRO_VIG;2010-04-29;19;
SIMPRO;2026-04-12;material;0000328070;12;;PAUL HARTMANN;CURATIVO MULTICAMADAS C/ESPUMA (PU) SILICONE/BORDA ADESIVA PROXIMEL AG 07,6X07,6CM;;;;;;;;;;;;;;199.98;SIMPRO_VIG;2025-08-27;19;
SIMPRO;2026-04-12;material;0000328071;12;;PAUL HARTMANN;CURATIVO MULTICAMADAS C/ESPUMA (PU) SILICONE/BORDA ADESIVA PROXIMEL AG 10X10CM;;;;;;;;;;;;;;410.2;SIMPRO_VIG;2025-08-27;19;
SIMPRO;2026-04-12;material;0000328072;12;;PAUL HARTMANN;CURATIVO MULTICAMADAS C/ESPUMA (PU) SILICONE/BORDA ADESIVA PROXIMEL AG 15,2X15,2CM;;;;;;;;;;;;;;632.5;SIMPRO_VIG;2025-08-27;19;
SIMPRO;2026-04-12;material;0000326305;12;;PAUL HARTMANN;CURATIVO MULTICAMADAS C/ESPUMA (PU) SILICONE/NON BORDER ADES.PROXIMEL 10X10CM 10 BX;;;;;;;;;;;;;;239.5;SIMPRO_VIG;2025-08-27;19;
SIMPRO;2026-04-12;material;0000326306;12;;PAUL HARTMANN;CURATIVO MULTICAMADAS C/ESPUMA (PU) SILICONE/NON BORDER ADES.PROXIMEL 10X12CM 10 BX;;;;;;;;;;;;;;125.35;SIMPRO_VIG;2021-10-06;19;
SIMPRO;2026-04-12;material;0000326307;12;;PAUL HARTMANN;CURATIVO MULTICAMADAS C/ESPUMA (PU) SILICONE/NON BORDER ADES.PROXIMEL 10X20CM 5 BX;;;;;;;;;;;;;;313;SIMPRO_VIG;2025-08-27;19;
SIMPRO;2026-04-12;material;0000326308;12;;PAUL HARTMANN;CURATIVO MULTICAMADAS C/ESPUMA (PU) SILICONE/NON BORDER ADES.PROXIMEL 15X15CM 5 BX;;;;;;;;;;;;;;404.1;SIMPRO_VIG;2025-08-27;19;
SIMPRO;2026-04-12;material;0000326310;12;;PAUL HARTMANN;CURATIVO MULTICAMADAS C/ESPUMA (PU) SILICONE/NON BORDER ADES.PROXIMEL 20X13CM HEEL 5 BX;;;;;;;;;;;;;;318.25;SIMPRO_VIG;2025-08-27;19;
SIMPRO;2026-04-12;material;0000326309;12;;PAUL HARTMANN;CURATIVO MULTICAMADAS C/ESPUMA (PU) SILICONE/NON BORDER ADES.PROXIMEL 20X20CM 5 BX;;;;;;;;;;;;;;596.31;SIMPRO_VIG;2025-10-21;19;
SIMPRO;2026-04-12;material;0000328073;12;;PAUL HARTMANN;CURATIVO MULTICAMADAS C/ESPUMA (PU) SILICONE/SEM BORDA ADESIVA PROXIMEL AG 10X10CM;;;;;;;;;;;;;;551.12;SIMPRO_VIG;2025-10-21;19;
SIMPRO;2026-04-12;material;0000328074;12;;PAUL HARTMANN;CURATIVO MULTICAMADAS C/ESPUMA (PU) SILICONE/SEM BORDA ADESIVA PROXIMEL AG 15X15CM;;;;;;;;;;;;;;652.21;SIMPRO_VIG;2025-10-21;19;
SIMPRO;2026-04-12;material;0000328075;12;;PAUL HARTMANN;CURATIVO MULTICAMADAS C/ESPUMA (PU) SILICONE/SEM BORDA ADESIVA PROXIMEL AG 20X20CM;;;;;;;;;;;;;;1104.2;SIMPRO_VIG;2025-10-21;19;
SIMPRO;2026-04-12;material;0000325991;12;;PAUL HARTMANN;CURATIVO MULTICAMADAS C/ESPUMA (PU)SILICONE/BORDA ADES.PROXIMEL 10X10CM 10 BX;;;;;;;;;;;;;;348.98;SIMPRO_VIG;2025-08-27;19;
SIMPRO;2026-04-12;material;0000325992;12;;PAUL HARTMANN;CURATIVO MULTICAMADAS C/ESPUMA (PU)SILICONE/BORDA ADES.PROXIMEL 12,7X12,7CM 10 BX;;;;;;;;;;;;;;514.1;SIMPRO_VIG;2025-08-27;19;
SIMPRO;2026-04-12;material;0000325993;12;;PAUL HARTMANN;CURATIVO MULTICAMADAS C/ESPUMA (PU)SILICONE/BORDA ADES.PROXIMEL 15,2X15,2CM 5 BX;;;;;;;;;;;;;;620.4;SIMPRO_VIG;2025-08-27;19;
SIMPRO;2026-04-12;material;0000338087;12;;PAUL HARTMANN;CURATIVO MULTICAMADAS C/ESPUMA (PU)SILICONE/BORDA ADES.PROXIMEL 15X20CM 5 BX;;;;;;;;;;;;;;432.3;SIMPRO_VIG;2023-02-07;19;
SIMPRO;2026-04-12;material;0000325990;12;;PAUL HARTMANN;CURATIVO MULTICAMADAS C/ESPUMA (PU)SILICONE/BORDA ADES.PROXIMEL 7,6X7,6CM 10 BX;;;;;;;;;;;;;;148.5;SIMPRO_VIG;2025-10-21;19;
SIMPRO;2026-04-12;material;0000325996;12;;PAUL HARTMANN;CURATIVO MULTICAMADAS C/ESPUMA (PU)SILICONE/BORDA ADES.PROXIMEL HEEL 5 BX;;;;;;;;;;;;;;1239.76;SIMPRO_VIG;2025-10-21;19;
SIMPRO;2026-04-12;material;0000325995;12;;PAUL HARTMANN;CURATIVO MULTICAMADAS C/ESPUMA (PU)SILICONE/BORDA ADES.PROXIMEL LG SACRAL 23,4X23,4CM 5 BX;;;;;;;;;;;;;;1333.28;SIMPRO_VIG;2025-10-21;19;
SIMPRO;2026-04-12;material;0000325994;12;;PAUL HARTMANN;CURATIVO MULTICAMADAS C/ESPUMA (PU)SILICONE/BORDA ADES.PROXIMEL SM SACRAL 17,8X17,3CM 5 BX;;;;;;;;;;;;;;1119.1;SIMPRO_VIG;2025-10-21;19;
SIMPRO;2026-04-12;material;0000148238;12;;SUPRI;CURATIVO NASAL DISSOLVIVEL COMPOSTO CARBOXIMETILCELULOSE C/APLICADOR STAMMBERGER;;;;;;;;;;;;;;5307.63;SIMPRO_VIG;2017-06-13;19;
SIMPRO;2026-04-12;material;0000145644;12;;SUPRI;CURATIVO NASAL DISSOLVIVEL COMPOSTO CARBOXIMETILCELULOSE SINU-KNIT 9CM;;;;;;;;;;;;;;1112.37;SIMPRO_VIG;2017-06-13;19;
SIMPRO;2026-04-12;material;0000258663;12;;JLMC MEDICAL GROUP;CURATIVO NASAL HEMOSTATICO ANTIADERENTE 08X1,5X1,0CM;;;;;;;;;;;;;;1060;SIMPRO_VIG;2015-07-02;19;
SIMPRO;2026-04-12;material;0000258662;12;;JLMC MEDICAL GROUP;CURATIVO NASAL HEMOSTATICO ANTIADERENTE 08X2,0X1,5CM;;;;;;;;;;;;;;1060;SIMPRO_VIG;2015-07-02;19;
SIMPRO;2026-04-12;material;0000258661;12;;JLMC MEDICAL GROUP;CURATIVO NASAL HEMOSTATICO ANTIADERENTE 08X2,5X1,5CM;;;;;;;;;;;;;;1060;SIMPRO_VIG;2015-07-02;19;
SIMPRO;2026-04-12;material;0000258660;12;;JLMC MEDICAL GROUP;CURATIVO NASAL HEMOSTATICO ANTIADERENTE 10X1,5X1,0CM;;;;;;;;;;;;;;1280;SIMPRO_VIG;2015-07-02;19;
SIMPRO;2026-04-12;material;0000258659;12;;JLMC MEDICAL GROUP;CURATIVO NASAL HEMOSTATICO ANTIADERENTE 10X2,0X1,5CM;;;;;;;;;;;;;;1280;SIMPRO_VIG;2015-07-02;19;
SIMPRO;2026-04-12;material;0000258658;12;;JLMC MEDICAL GROUP;CURATIVO NASAL HEMOSTATICO ANTIADERENTE 10X2,5X1,5CM;;;;;;;;;;;;;;1280;SIMPRO_VIG;2015-07-02;19;
SIMPRO;2026-04-12;material;0000258666;12;;JLMC MEDICAL GROUP;CURATIVO NASAL HEMOSTATICO ANTIADERENTE 5,5X1,5X1,0CM;;;;;;;;;;;;;;970;SIMPRO_VIG;2015-07-02;19;
SIMPRO;2026-04-12;material;0000258665;12;;JLMC MEDICAL GROUP;CURATIVO NASAL HEMOSTATICO ANTIADERENTE 5,5X2,0X1,5CM;;;;;;;;;;;;;;970;SIMPRO_VIG;2015-07-02;19;
SIMPRO;2026-04-12;material;0000258664;12;;JLMC MEDICAL GROUP;CURATIVO NASAL HEMOSTATICO ANTIADERENTE 5,5X2,5X1,5CM;;;;;;;;;;;;;;970;SIMPRO_VIG;2015-07-02;19;
SIMPRO;2026-04-12;material;0000168683;12;;MZ MEDICAL;CURATIVO NASAL NASOPORE FORTE 4CM;;;;;;;;;;;;;;430;SIMPRO_VIG;2013-07-10;19;
SIMPRO;2026-04-12;material;0000168685;12;;MZ MEDICAL;CURATIVO NASAL NASOPORE FORTE 8CM;;;;;;;;;;;;;;460;SIMPRO_VIG;2013-07-10;19;
SIMPRO;2026-04-12;material;0000168681;12;;MZ MEDICAL;CURATIVO NASAL NASOPORE FORTE PLUS 4CM;;;;;;;;;;;;;;430;SIMPRO_VIG;2013-07-10;19;
SIMPRO;2026-04-12;material;0000168682;12;;MZ MEDICAL;CURATIVO NASAL NASOPORE FORTE PLUS 8CM;;;;;;;;;;;;;;600;SIMPRO_VIG;2013-07-10;19;
SIMPRO;2026-04-12;material;0000168686;12;;MZ MEDICAL;CURATIVO NASAL NASOPORE STANDARD 4CM;;;;;;;;;;;;;;290;SIMPRO_VIG;2013-07-10;19;
SIMPRO;2026-04-12;material;0000168687;12;;MZ MEDICAL;CURATIVO NASAL NASOPORE STANDARD 8CM;;;;;;;;;;;;;;375;SIMPRO_VIG;2013-07-10;19;
SIMPRO;2026-04-12;material;0000145924;12;;3M BRASIL;CURATIVO NEXCARE COMFORT 10UNID;;;;;;;;;;;;;;0.294;SIMPRO_VIG;2010-04-29;19;
SIMPRO;2026-04-12;material;0000132552;12;;3M BRASIL;CURATIVO NEXCARE COMFORT 15X57MM 30UNID;;;;;;;;;;;;;;0;SIMPRO_VIG;2010-04-01;19;
SIMPRO;2026-04-12;material;0000132573;12;;3M BRASIL;CURATIVO NEXCARE COMFORT 8UNID;;;;;;;;;;;;;;0;SIMPRO_VIG;2010-04-01;19;
SIMPRO;2026-04-12;material;0000145919;12;;3M BRASIL;CURATIVO NEXCARE COMFORT FLEXIVEL 19X72MM 20UNID;;;;;;;;;;;;;;0.294;SIMPRO_VIG;2010-04-29;19;
SIMPRO;2026-04-12;material;0000014672;12;;3M BRASIL;CURATIVO NEXCARE COMFORT JOELHO&COTOVELO 8UNID;;;;;;;;;;;;;;1.199;SIMPRO_VIG;2010-04-29;19;
SIMPRO;2026-04-12;material;0000145923;12;;3M BRASIL;CURATIVO NEXCARE COMFORT PROTECAO P/PE ROLO;;;;;;;;;;;;;;6.48;SIMPRO_VIG;2010-04-29;19;
SIMPRO;2026-04-12;material;0000027025;12;;3M BRASIL;CURATIVO NEXCARE COMFORT REDONDINHO 200UNID;;;;;;;;;;;;;;0.144;SIMPRO_VIG;2010-04-01;19;
SIMPRO;2026-04-12;material;0000145920;12;;3M BRASIL;CURATIVO NEXCARE COMFORT REDONDO 15UNID;;;;;;;;;;;;;;0.385;SIMPRO_VIG;2010-04-29;19;
SIMPRO;2026-04-12;material;0000014670;12;;3M BRASIL;CURATIVO NEXCARE COMFORT SORTIDO 25UNID;;;;;;;;;;;;;;0;SIMPRO_VIG;2010-04-01;19;
SIMPRO;2026-04-12;material;0000028892;12;;3M BRASIL;CURATIVO NEXCARE FLEXIVEL SORTIDO COR PELE 25UNID;;;;;;;;;;;;;;0;SIMPRO_VIG;2010-04-01;19;
SIMPRO;2026-04-12;material;0000104628;12;;3M BRASIL;CURATIVO NEXCARE TATTOO 20UNID;;;;;;;;;;;;;;0;SIMPRO_VIG;2010-04-01;19;
SIMPRO;2026-04-12;material;0000145925;12;;3M BRASIL;CURATIVO NEXCARE TATTOO PROVA D'AGUA 15UNID;;;;;;;;;;;;;;0.556;SIMPRO_VIG;2010-04-29;19;
SIMPRO;2026-04-12;material;0000304152;12;;GADALI;CURATIVO OCULAR AUTOADESIVO EST.OCTACARE 6,5X9,5CM 5UNID.;;;;;;;;;;;;;;10.75;SIMPRO_VIG;2018-12-05;19;
SIMPRO;2026-04-12;material;0000150458;12;;POOLTEX;CURATIVO OMBRO ADU.REDE TUBULAR POOLFIX ROLO 10MT DESCANSO/25MT ESTICADO CAL.6 TARJA LARANJA;;;;;;;;;;;;;;0.413;SIMPRO_VIG;2010-11-12;19;
SIMPRO;2026-04-12;material;0000150452;12;;POOLTEX;CURATIVO OMBRO INF.REDE TUBULAR POOLFIX ROLO 10MT DESCANSO/25MT ESTICADO CAL.5 TARJA VERDE;;;;;;;;;;;;;;0.2;SIMPRO_VIG;2010-11-12;19;
SIMPRO;2026-04-12;material;0000083901;12;;SMITH & NEPHEW;CURATIVO OPSITE FLEXIFIX 05CMX10MT;;;;;;;;;;;;;;781.01;SIMPRO_VIG;2024-05-08;19;
SIMPRO;2026-04-12;material;0000083902;12;;SMITH & NEPHEW;CURATIVO OPSITE FLEXIFIX 10CMX10MT;;;;;;;;;;;;;;1354.82;SIMPRO_VIG;2024-05-08;19;
SIMPRO;2026-04-12;material;0000083903;12;;SMITH & NEPHEW;CURATIVO OPSITE FLEXIFIX 15CMX10MT;;;;;;;;;;;;;;1912.68;SIMPRO_VIG;2024-05-08;19;
SIMPRO;2026-04-12;material;0000266553;12;;SMITH & NEPHEW;CURATIVO OPSITE FLEXIFIX GENTLE 02,5CMX500CM;;;;;;;;;;;;;;1.498;SIMPRO_VIG;2024-05-08;19;
SIMPRO;2026-04-12;material;0000266554;12;;SMITH & NEPHEW;CURATIVO OPSITE FLEXIFIX GENTLE 05,0CMX500CM;;;;;;;;;;;;;;2.487;SIMPRO_VIG;2024-05-08;19;
SIMPRO;2026-04-12;material;0000266555;12;;SMITH & NEPHEW;CURATIVO OPSITE FLEXIFIX GENTLE 10,0CMX500CM;;;;;;;;;;;;;;3.507;SIMPRO_VIG;2024-05-08;19;
SIMPRO;2026-04-12;material;0000031137;12;;SMITH & NEPHEW;CURATIVO OPSITE FLEXIGRID 06X07CM 100UNID.;;;;;;;;;;;;;;19.544;SIMPRO_VIG;2025-09-04;19;
SIMPRO;2026-04-12;material;0000031139;12;;SMITH & NEPHEW;CURATIVO OPSITE FLEXIGRID 10X12CM 50UNID.;;;;;;;;;;;;;;49.416;SIMPRO_VIG;2024-05-08;19;
SIMPRO;2026-04-12;material;0000031143;12;;SMITH & NEPHEW;CURATIVO OPSITE FLEXIGRID 12X25CM 20UNID.;;;;;;;;;;;;;;107.428;SIMPRO_VIG;2024-05-08;19;
SIMPRO;2026-04-12;material;0000031141;12;;SMITH & NEPHEW;CURATIVO OPSITE FLEXIGRID 15X20CM 10UNID.;;;;;;;;;;;;;;81.752;SIMPRO_VIG;2024-05-08;19;
SIMPRO;2026-04-12;material;0000168678;12;;MZ MEDICAL;CURATIVO OTOLOGICO OTOPORE CILINDRICO FORTE;;;;;;;;;;;;;;265;SIMPRO_VIG;2013-07-10;19;
SIMPRO;2026-04-12;material;0000168677;12;;MZ MEDICAL;CURATIVO OTOLOGICO OTOPORE CILINDRICO STANDARD;;;;;;;;;;;;;;240;SIMPRO_VIG;2013-07-10;19;
SIMPRO;2026-04-12;material;0000170076;12;;MZ MEDICAL;CURATIVO OTOLOGICO OTOPORE QUADRADO CILINDRICO FORTE 4/6CM;;;;;;;;;;;;;;265;SIMPRO_VIG;2013-07-10;19;
SIMPRO;2026-04-12;material;0000168679;12;;MZ MEDICAL;CURATIVO OTOLOGICO OTOPORE QUADRADO CILINDRICO FORTE 4CM;;;;;;;;;;;;;;238;SIMPRO_VIG;2012-07-11;19;
SIMPRO;2026-04-12;material;0000168680;12;;MZ MEDICAL;CURATIVO OTOLOGICO OTOPORE QUADRADO CILINDRICO FORTE 6CM;;;;;;;;;;;;;;238;SIMPRO_VIG;2012-07-11;19;
SIMPRO;2026-04-12;material;0000137664;12;;SMITH & NEPHEW;CURATIVO P/CATETER FENESTRADO IV3000 05X06CM 100UNID.;;;;;;;;;;;;;;45.66;SIMPRO_VIG;2025-03-07;19;
SIMPRO;2026-04-12;material;0000031145;12;;SMITH & NEPHEW;CURATIVO P/CATETER FENESTRADO IV3000 07X09CM 100UNID.;;;;;;;;;;;;;;47.386;SIMPRO_VIG;2025-03-07;19;
SIMPRO;2026-04-12;material;0000108110;12;;SMITH & NEPHEW;CURATIVO P/CATETER FENESTRADO IV3000 09X12CM 50UNID.;;;;;;;;;;;;;;116.358;SIMPRO_VIG;2025-03-07;19;
SIMPRO;2026-04-12;material;0000243406;12;;SMITH & NEPHEW;CURATIVO P/CATETER FENESTRADO IV3000 11X14CM 25UNID.;;;;;;;;;;;;;;124.993;SIMPRO_VIG;2024-05-08;19;
SIMPRO;2026-04-12;material;0000350899;12;;BIOCOMPANY;CURATIVO P/CATETER IV 6X08CM N/TECIDO BIOAID BIO-FIX 100UN;;;;;;;;;;;;;;7.5;SIMPRO_VIG;2024-03-26;19;
SIMPRO;2026-04-12;material;0000350897;12;;BIOCOMPANY;CURATIVO P/CATETER IV FENESTRADO 7X9CM FILME PU BIOAID HPCATH 50UN;;;;;;;;;;;;;;17;SIMPRO_VIG;2024-06-07;19;
SIMPRO;2026-04-12;material;0000350898;12;;BIOCOMPANY;CURATIVO P/CATETER IV FENESTRADO 9X12CM FILME PU BIOAID HPCATH 50UN;;;;;;;;;;;;;;45;SIMPRO_VIG;2024-06-07;19;
SIMPRO;2026-04-12;material;0000031147;12;;SMITH & NEPHEW;CURATIVO P/CATETER IV3000 06X07CM 100UNID.;;;;;;;;;;;;;;24.794;SIMPRO_VIG;2024-05-08;19;
SIMPRO;2026-04-12;material;0000031149;12;;SMITH & NEPHEW;CURATIVO P/CATETER IV3000 10X12CM 50UNID.;;;;;;;;;;;;;;77.188;SIMPRO_VIG;2025-03-07;19;
SIMPRO;2026-04-12;material;0000321785;12;;SANOVIE;CURATIVO P/CATETER PHARMAPORE PU IV 08X7CM 100UNID.(EMB.INDIV.);;;;;;;;;;;;;;5.56;SIMPRO_VIG;2021-03-24;19;
SIMPRO;2026-04-12;material;0000321786;12;;SANOVIE;CURATIVO P/CATETER PHARMAPORE PU IV 8,5X11,5CM 100UNID.(EMB.INDIV.);;;;;;;;;;;;;;6.52;SIMPRO_VIG;2021-03-24;19;
SIMPRO;2026-04-12;material;0000336215;12;;SANOVIE;CURATIVO P/CATETER PHARMAPORE PU IV FS 05,0X5,7CM 100UNID.(EMB.INDIV.);;;;;;;;;;;;;;3.77;SIMPRO_VIG;2022-11-17;19;
SIMPRO;2026-04-12;material;0000336216;12;;SANOVIE;CURATIVO P/CATETER PHARMAPORE PU IV FS 06,0X7,0CM 100UNID.(EMB.INDIV.);;;;;;;;;;;;;;3.87;SIMPRO_VIG;2022-11-17;19;
SIMPRO;2026-04-12;material;0000336217;12;;SANOVIE;CURATIVO P/CATETER PHARMAPORE PU IV FS 07,0X9,0CM 100UNID.(EMB.INDIV.);;;;;;;;;;;;;;4.77;SIMPRO_VIG;2022-11-17;19;
SIMPRO;2026-04-12;material;0000336214;12;;SANOVIE;CURATIVO P/CATETER PHARMAPORE PU IV FS 11,5X8,5CM 100UNID.(EMB.INDIV.);;;;;;;;;;;;;;6.62;SIMPRO_VIG;2022-11-17;19;
SIMPRO;2026-04-12;material;0000265729;12;;CONVATEC;CURATIVO P/CONTROLE ODOR CARVAO ATIVADO HIDROFILICO CARBOFLEX 08X15CM 05UNID.1197966;;;;;;;;;;;;;;355.93;SIMPRO_VIG;2022-07-06;19;
SIMPRO;2026-04-12;material;0000265730;12;;CONVATEC;CURATIVO P/CONTROLE ODOR CARVAO ATIVADO HIDROFILICO CARBOFLEX 10X10CM 10UN 1197965;;;;;;;;;;;;;;253.232;SIMPRO_VIG;2026-03-12;19;
SIMPRO;2026-04-12;material;0000255316;12;;PROINLAB;CURATIVO P/ESCLEROTERAPIA STOPPER SPECIAL 560UNID;;;;;;;;;;;;;;0.086;SIMPRO_VIG;2015-03-24;19;
SIMPRO;2026-04-12;material;0000160492;12;;BAUMER;CURATIVO P/FERIDAS C/BARREIRA MECANICA BIONEXT 07,5X10CM 20UNID.;;;;;;;;;;;;;;37.5;SIMPRO_VIG;2015-02-24;19;
SIMPRO;2026-04-12;material;0000160493;12;;BAUMER;CURATIVO P/FERIDAS C/BARREIRA MECANICA BIONEXT 10,0X15CM 10UNID.;;;;;;;;;;;;;;75;SIMPRO_VIG;2015-02-24;19;
SIMPRO;2026-04-12;material;0000160494;12;;BAUMER;CURATIVO P/FERIDAS C/BARREIRA MECANICA BIONEXT 15,0X20CM 10UNID.;;;;;;;;;;;;;;150;SIMPRO_VIG;2015-02-24;19;
SIMPRO;2026-04-12;material;0000160491;12;;BAUMER;CURATIVO P/FERIDAS C/BARREIRA MECANICA BIONEXT05,0X05CM 20UNID.;;;;;;;;;;;;;;12.5;SIMPRO_VIG;2015-02-24;19;
SIMPRO;2026-04-12;material;0000332093;12;;GOLDMED IMPORT;CURATIVO P/FIXADOR CATETER N/TECIDO PAD ABSORVENTE PHARMAPORE MED IV 6,0X8,0CM EST.;;;;;;;;;;;;;;72.32;SIMPRO_VIG;2022-05-11;19;
SIMPRO;2026-04-12;material;0000163564;12;;RECOMED;CURATIVO P/PREENCHER TUNELIZACAO POLYMEM 1,0X35CM 12UN;;;;;;;;;;;;;;350;SIMPRO_VIG;2024-07-19;19;
SIMPRO;2026-04-12;material;0000152838;12;;CELMAT;CURATIVO P/TRAQUEOSTOMIA 6,5X9,0CM TRANSP.ABSORVE UMIDADE ESTERIL;;;;;;;;;;;;;;25.08;SIMPRO_VIG;2014-08-07;19;
SIMPRO;2026-04-12;material;0000295628;12;;SANOVIE;CURATIVO P/TRAQUEOSTOMIA ADVAZORB FIXATION TRACHEOSTOMY DESC.10UNID.;;;;;;;;;;;;;;62.301;SIMPRO_VIG;2018-02-27;19;
SIMPRO;2026-04-12;material;0000295639;12;;SANOVIE;CURATIVO P/TRAQUEOSTOMIA ADVAZORB PLUS TRACHEOSTOMY 08X08CMX2,5MM DESC.20UNID.;;;;;;;;;;;;;;29.146;SIMPRO_VIG;2018-02-27;19;
SIMPRO;2026-04-12;material;0000295638;12;;SANOVIE;CURATIVO P/TRAQUEOSTOMIA ADVAZORB PLUS TRACHEOSTOMY 08X08CMX5,0MM DESC.20UNID.;;;;;;;;;;;;;;45.619;SIMPRO_VIG;2018-02-27;19;
SIMPRO;2026-04-12;material;0000304898;12;;CIRURGICA FERNANDES;CURATIVO P/TRAQUEOSTOMIA PHARMAPLAST 60X80MM 10UN;;;;;;;;;;;;;;29.5;SIMPRO_VIG;2019-01-23;19;
SIMPRO;2026-04-12;material;0000304899;12;;CIRURGICA FERNANDES;CURATIVO P/TRAQUEOSTOMIA PHARMAPLAST 65X65MM 10UN;;;;;;;;;;;;;;32.6;SIMPRO_VIG;2019-01-23;19;
SIMPRO;2026-04-12;material;0000304900;12;;CIRURGICA FERNANDES;CURATIVO P/TRAQUEOSTOMIA PHARMAPLAST 80X80MM 10UN;;;;;;;;;;;;;;46;SIMPRO_VIG;2019-01-23;19;
SIMPRO;2026-04-12;material;0000259670;12;;B.BRAUN;CURATIVO PASTA ALGINATO CALCIO/PRATA IONICA ASKINA CALGITROL PASTE 5UNID.;;;;;;;;;;;;;;254.54;SIMPRO_VIG;2021-10-29;19;
SIMPRO;2026-04-12;material;0000150440;12;;POOLTEX;CURATIVO PE ADU.REDE TUBULAR POOLFIX ROLO 10MT DESCANSO/25MT ESTICADO CAL.3 TARJA AMARELO;;;;;;;;;;;;;;0.131;SIMPRO_VIG;2010-11-12;19;
SIMPRO;2026-04-12;material;0000150438;12;;POOLTEX;CURATIVO PE INF.REDE TUBULAR POOLFIX ROLO 10MT DESCANSO/25MT ESTICADO CAL.2 TARJA VERDE;;;;;;;;;;;;;;0.104;SIMPRO_VIG;2010-11-12;19;
SIMPRO;2026-04-12;material;0000117437;12;;SMITH & NEPHEW;CURATIVO PELIC.P/CATET.OPSITE IV 3000 FRAME 10X12CM 50UNID.S&N;;;;;;;;;;;;;;33.566;SIMPRO_VIG;2015-07-08;19;
SIMPRO;2026-04-12;material;0000117436;12;;SMITH & NEPHEW;CURATIVO PELIC.P/CATET.OPSITE IV 3000 FRAME 6X7CM 100UNID.S&N;;;;;;;;;;;;;;18.785;SIMPRO_VIG;2015-07-08;19;
SIMPRO;2026-04-12;material;0000150473;12;;POOLTEX;CURATIVO PERINEAL GG REDE TUBULAR POOLFIX ROLO 10MT DESCANSO/25MT ESTICADO CAL.10 TARJA AZUL MARINHO;;;;;;;;;;;;;;0.762;SIMPRO_VIG;2010-11-12;19;
SIMPRO;2026-04-12;material;0000150469;12;;POOLTEX;CURATIVO PERINEAL GRD.REDE TUBULAR POOLFIX ROLO 10MT DESCANSO/25MT ESTICADO CAL.9 TARJA VERMELHA;;;;;;;;;;;;;;0.634;SIMPRO_VIG;2010-11-12;19;
SIMPRO;2026-04-12;material;0000150460;12;;POOLTEX;CURATIVO PERINEAL INF.REDE TUBULAR POOLFIX ROLO 10MT DESCANSO/25MT ESTICADO CAL.6 TARJA LARANJA;;;;;;;;;;;;;;0.413;SIMPRO_VIG;2010-11-12;19;
SIMPRO;2026-04-12;material;0000150462;12;;POOLTEX;CURATIVO PERINEAL PEQ.REDE TUBULAR POOLFIX ROLO 10MT DESCANSO/25MT ESTICADO CAL.7 TARJA UVA;;;;;;;;;;;;;;0.434;SIMPRO_VIG;2010-11-12;19;
SIMPRO;2026-04-12;material;0000150466;12;;POOLTEX;CURATIVO PERINEAL REDE TUBULAR POOLFIX ROLO 10MT DESCANSO/25MT ESTICADO CAL.8 TARJA AZUL CLARO;;;;;;;;;;;;;;0.483;SIMPRO_VIG;2010-11-12;19;
SIMPRO;2026-04-12;material;0000150448;12;;POOLTEX;CURATIVO PERNA ADU.REDE TUBULAR POOLFIX ROLO 10MT DESCANSO/25MT ESTICADO CAL.5 TARJA VERDE;;;;;;;;;;;;;;0.2;SIMPRO_VIG;2010-11-12;19;
SIMPRO;2026-04-12;material;0000150446;12;;POOLTEX;CURATIVO PERNA INF.REDE TUBULAR POOLFIX ROLO 10MT DESCANSO/25MT ESTICADO CAL.4 TARJA MARROM CLARO;;;;;;;;;;;;;;0.148;SIMPRO_VIG;2010-11-12;19;
SIMPRO;2026-04-12;material;0000150455;12;;POOLTEX;CURATIVO PESCOCO ADU.REDE TUBULAR POOLFIX ROLO 10MT DESCANSO/25MT ESTICADO CAL.5,5 TARJA ROSA;;;;;;;;;;;;;;0.231;SIMPRO_VIG;2010-11-12;19;
SIMPRO;2026-04-12;material;0000150450;12;;POOLTEX;CURATIVO PESCOCO INF.REDE TUBULAR POOLFIX ROLO 10MT DESCANSO/25MT ESTICADO CAL.5 TARJA VERDE;;;;;;;;;;;;;;0.2;SIMPRO_VIG;2010-11-12;19;
SIMPRO;2026-04-12;material;0006720125;12;;SILIMED;CURATIVO PLACA GEL 10CMX10CM 6UNID MEDGEL;;;;;;;;;;;;;;96.667;SIMPRO_VIG;2019-07-30;19;
SIMPRO;2026-04-12;material;0000071048;12;;SILIMED;CURATIVO PLACA GEL 10CMX5CM MEDGEL;;;;;;;;;;;;;;60;SIMPRO_VIG;2018-04-10;19;
SIMPRO;2026-04-12;material;0006720129;12;;SILIMED;CURATIVO PLACA GEL DISCO 7CM 12UNID MEDGEL;;;;;;;;;;;;;;46.667;SIMPRO_VIG;2018-04-10;19;
SIMPRO;2026-04-12;material;0000169334;12;;AB MED HOSPITALAR;CURATIVO PLACA GEL PHARMAGEL COMFORT 100X100MM C/MOLD.FILME POLIURET./ADES.HIPOALERGICO;;;;;;;;;;;;;;14.2;SIMPRO_VIG;2012-03-31;19;
SIMPRO;2026-04-12;material;0000169336;12;;AB MED HOSPITALAR;CURATIVO PLACA GEL PHARMAGEL COMFORT 110X67MM C/MOLD.FILME POLIURET./ADES.HIPOALERGICO;;;;;;;;;;;;;;10.2;SIMPRO_VIG;2012-03-31;19;
SIMPRO;2026-04-12;material;0000169335;12;;AB MED HOSPITALAR;CURATIVO PLACA GEL PHARMAGEL COMFORT 200X200MM C/MOLD.FILME POLIURET./ADES.HIPOALERGICO;;;;;;;;;;;;;;32.1;SIMPRO_VIG;2012-03-31;19;
SIMPRO;2026-04-12;material;0000169332;12;;AB MED HOSPITALAR;CURATIVO PLACA GEL PHARMAGEL COMFORT 45X65MM C/MOLD.FILME POLIURET./ADES.HIPOALERGICO;;;;;;;;;;;;;;9.8;SIMPRO_VIG;2012-07-18;19;
SIMPRO;2026-04-12;material;0000169338;12;;AB MED HOSPITALAR;CURATIVO PLACA GEL PHARMAGEL COMFORT 68X28MM C/MOLD.FILME POLIURET./ADES.HIPOALERGICO;;;;;;;;;;;;;;8.8;SIMPRO_VIG;2012-03-31;19;
SIMPRO;2026-04-12;material;0000169337;12;;AB MED HOSPITALAR;CURATIVO PLACA GEL PHARMAGEL COMFORT 68X43MM C/MOLD.FILME POLIURET./ADES.HIPOALERGICO;;;;;;;;;;;;;;9.15;SIMPRO_VIG;2012-03-31;19;
SIMPRO;2026-04-12;material;0000169333;12;;AB MED HOSPITALAR;CURATIVO PLACA GEL PHARMAGEL COMFORT 75X100MM C/MOLD.FILME POLIURET./ADES.HIPOALERGICO;;;;;;;;;;;;;;10.9;SIMPRO_VIG;2012-03-31;19;
SIMPRO;2026-04-12;material;0000169329;12;;AB MED HOSPITALAR;CURATIVO PLACA GEL PHARMAGEL POLIURET. 100X100M C/60% AGUA;;;;;;;;;;;;;;14.4;SIMPRO_VIG;2012-07-18;19;
SIMPRO;2026-04-12;material;0000169330;12;;AB MED HOSPITALAR;CURATIVO PLACA GEL PHARMAGEL POLIURET. 150X150M C/60% AGUA;;;;;;;;;;;;;;22.8;SIMPRO_VIG;2012-07-18;19;
SIMPRO;2026-04-12;material;0000169331;12;;AB MED HOSPITALAR;CURATIVO PLACA GEL PHARMAGEL POLIURET. 200X200M C/60% AGUA;;;;;;;;;;;;;;30.2;SIMPRO_VIG;2012-07-18;19;
SIMPRO;2026-04-12;material;0000295626;12;;SANOVIE;CURATIVO PLACA GEL SILICONE ADVASIL CONFORM 10X10CM DESC.5UNID.;;;;;;;;;;;;;;114.284;SIMPRO_VIG;2018-02-27;19;
SIMPRO;2026-04-12;material;0000295627;12;;SANOVIE;CURATIVO PLACA GEL SILICONE ADVASIL CONFORM 10X15CM DESC.5UNID.;;;;;;;;;;;;;;142.084;SIMPRO_VIG;2018-02-27;19;
SIMPRO;2026-04-12;material;0000115500;12;;COVIDIEN;CURATIVO PLACA HIDROCOLOIDE 15CMX15CM ULTEC 8884475602;;;;;;;;;;;;;;151.48;SIMPRO_VIG;2010-09-03;19;
SIMPRO;2026-04-12;material;0000115501;12;;COVIDIEN;CURATIVO PLACA HIDROCOLOIDE 15CMX20CM ULTEC 8884475800;;;;;;;;;;;;;;145.34;SIMPRO_VIG;2010-09-03;19;
SIMPRO;2026-04-12;material;0000115502;12;;COVIDIEN;CURATIVO PLACA HIDROCOLOIDE 20CMX20CM ULTEC 8884475826;;;;;;;;;;;;;;184.84;SIMPRO_VIG;2010-09-03;19;
SIMPRO;2026-04-12;material;0000057379;12;;BACE;CURATIVO POLIACRILATO C/ALTA ABSORCAO EXSUDATO TENDERWET 24HRS 10X10CM ST PAUL HARTMANN 6094861;;;;;;;;;;;;;;0;SIMPRO_VIG;2010-04-01;19;
SIMPRO;2026-04-12;material;0000098868;12;;BACE;CURATIVO POLIACRILATO C/ALTA ABSORCAO EXSUDATO TENDERWET 24HRS ROUND 4CM PAUL HARTMANN 6094567;;;;;;;;;;;;;;0;SIMPRO_VIG;2010-04-01;19;
SIMPRO;2026-04-12;material;0000098869;12;;BACE;CURATIVO POLIACRILATO C/ALTA ABSORCAO EXSUDATO TENDERWET 24HRS ROUND 5,5CM PAUL HARTMANN 6094665;;;;;;;;;;;;;;0;SIMPRO_VIG;2010-04-01;19;
SIMPRO;2026-04-12;material;0000098870;12;;BACE;CURATIVO POLIACRILATO C/ALTA ABSORCAO EXSUDATO TENDERWET 24HRS ROUND 7,5X7,5CM PAUL HARTMANN 6094763;;;;;;;;;;;;;;0;SIMPRO_VIG;2010-04-01;19;
SIMPRO;2026-04-12;material;0000358936;12;;PAUL HARTMANN;CURATIVO POLIACRILATO SUPERABSORVENTE ZETUVIT PLUS SILICONE 10X20CM;;;;;;;;;;;;;;313;SIMPRO_VIG;2025-08-27;19;
SIMPRO;2026-04-12;material;0000358937;12;;PAUL HARTMANN;CURATIVO POLIACRILATO SUPERABSORVENTE ZETUVIT PLUS SILICONE 12,5X12,5CM;;;;;;;;;;;;;;245.14;SIMPRO_VIG;2025-02-19;19;
SIMPRO;2026-04-12;material;0000362210;12;;PAUL HARTMANN;CURATIVO POLIACRILATO SUPERABSORVENTE ZETUVIT PLUS SILICONE 20X20CM;;;;;;;;;;;;;;596.31;SIMPRO_VIG;2025-10-21;19;
SIMPRO;2026-04-12;material;0000358938;12;;PAUL HARTMANN;CURATIVO POLIACRILATO SUPERABSORVENTE ZETUVIT PLUS SILICONE 20X25CM;;;;;;;;;;;;;;679.79;SIMPRO_VIG;2025-10-21;19;
SIMPRO;2026-04-12;material;0000358935;12;;PAUL HARTMANN;CURATIVO POLIACRILATO SUPERABSORVENTE ZETUVIT PLUS SILICONE 8X8CM;;;;;;;;;;;;;;199.2;SIMPRO_VIG;2025-08-27;19;
SIMPRO;2026-04-12;material;0000355085;12;;PAUL HARTMANN;CURATIVO POLIACRILATO SUPERABSORVENTE ZETUVIT PLUS SILICONE BORDER 10X10CM;;;;;;;;;;;;;;348.98;SIMPRO_VIG;2025-08-27;19;
SIMPRO;2026-04-12;material;0000355086;12;;PAUL HARTMANN;CURATIVO POLIACRILATO SUPERABSORVENTE ZETUVIT PLUS SILICONE BORDER 12,5X12,5CM;;;;;;;;;;;;;;514.1;SIMPRO_VIG;2025-08-27;19;
SIMPRO;2026-04-12;material;0000355087;12;;PAUL HARTMANN;CURATIVO POLIACRILATO SUPERABSORVENTE ZETUVIT PLUS SILICONE BORDER 15X15CM;;;;;;;;;;;;;;620.4;SIMPRO_VIG;2025-08-27;19;
SIMPRO;2026-04-12;material;0000355094;12;;PAUL HARTMANN;CURATIVO POLIACRILATO SUPERABSORVENTE ZETUVIT PLUS SILICONE BORDER 16X26CM;;;;;;;;;;;;;;503;SIMPRO_VIG;2024-09-11;19;
SIMPRO;2026-04-12;material;0000355092;12;;PAUL HARTMANN;CURATIVO POLIACRILATO SUPERABSORVENTE ZETUVIT PLUS SILICONE BORDER 17,5X17,5CM;;;;;;;;;;;;;;483.98;SIMPRO_VIG;2024-09-11;19;
SIMPRO;2026-04-12;material;0000355093;12;;PAUL HARTMANN;CURATIVO POLIACRILATO SUPERABSORVENTE ZETUVIT PLUS SILICONE BORDER 20X20CM;;;;;;;;;;;;;;615.5;SIMPRO_VIG;2024-09-11;19;
SIMPRO;2026-04-12;material;0000355088;12;;PAUL HARTMANN;CURATIVO POLIACRILATO SUPERABSORVENTE ZETUVIT PLUS SILICONE BORDER 8X8CM;;;;;;;;;;;;;;109.2;SIMPRO_VIG;2024-09-11;19;
SIMPRO;2026-04-12;material;0000355089;12;;PAUL HARTMANN;CURATIVO POLIACRILATO SUPERABSORVENTE ZETUVIT PLUS SILICONE BORDER HEEL 25X25CM;;;;;;;;;;;;;;1239.76;SIMPRO_VIG;2025-10-21;19;
SIMPRO;2026-04-12;material;0000355095;12;;PAUL HARTMANN;CURATIVO POLIACRILATO SUPERABSORVENTE ZETUVIT PLUS SILICONE BORDER OVAL 12X23CM;;;;;;;;;;;;;;396;SIMPRO_VIG;2024-09-11;19;
SIMPRO;2026-04-12;material;0000362211;12;;PAUL HARTMANN;CURATIVO POLIACRILATO SUPERABSORVENTE ZETUVIT PLUS SILICONE BORDER OVAL 13X15,5CM;;;;;;;;;;;;;;370;SIMPRO_VIG;2025-07-29;19;
SIMPRO;2026-04-12;material;0000355091;12;;PAUL HARTMANN;CURATIVO POLIACRILATO SUPERABSORVENTE ZETUVIT PLUS SILICONE BORDER SACRAL 18X18CM;;;;;;;;;;;;;;1119.1;SIMPRO_VIG;2025-10-21;19;
SIMPRO;2026-04-12;material;0000355090;12;;PAUL HARTMANN;CURATIVO POLIACRILATO SUPERABSORVENTE ZETUVIT PLUS SILICONE BORDER SACRAL 23X23CM;;;;;;;;;;;;;;1333.28;SIMPRO_VIG;2025-10-21;19;
SIMPRO;2026-04-12;material;0000099709;12;;B.BRAUN;CURATIVO POLIURETANO ASKINA DERM TRANSPARENTE 10X12CM;;;;;;;;;;;;;;28.96;SIMPRO_VIG;2015-05-14;19;
SIMPRO;2026-04-12;material;0000117127;12;;B.BRAUN;CURATIVO POLIURETANO ASKINA DERM TRANSPARENTE 15X20CM;;;;;;;;;;;;;;96.34;SIMPRO_VIG;2021-10-29;19;
SIMPRO;2026-04-12;material;0000117128;12;;B.BRAUN;CURATIVO POLIURETANO ASKINA DERM TRANSPARENTE 30X20CM;;;;;;;;;;;;;;127.11;SIMPRO_VIG;2017-09-26;19;
SIMPRO;2026-04-12;material;0000099708;12;;B.BRAUN;CURATIVO POLIURETANO TRANSPARENTE ASKINA DERM 06X07CM;;;;;;;;;;;;;;17.97;SIMPRO_VIG;2021-10-29;19;
SIMPRO;2026-04-12;material;0000099710;12;;B.BRAUN;CURATIVO POLIURETANO TRANSPARENTE ASKINA DERM 10X12CM;;;;;;;;;;;;;;41.42;SIMPRO_VIG;2021-10-29;19;
SIMPRO;2026-04-12;material;0000117126;12;;B.BRAUN;CURATIVO POLIURETANO TRANSPARENTE ASKINA DERM 10X20CM;;;;;;;;;;;;;;53.03;SIMPRO_VIG;2017-09-26;19;
SIMPRO;2026-04-12;material;0000070949;12;;RECOMED;CURATIVO POLYTUBE POLYMEM 9X9CM 30UN;;;;;;;;;;;;;;113.333;SIMPRO_VIG;2024-07-19;19;
SIMPRO;2026-04-12;material;0000169616;12;;POLAR FIX;CURATIVO POROSO TELA ADESIVA-CURAPOR BORDA ARREDONDADA 07X05CM;;;;;;;;;;;;;;10.01;SIMPRO_VIG;2016-11-01;19;
SIMPRO;2026-04-12;material;0000169617;12;;POLAR FIX;CURATIVO POROSO TELA ADESIVA-CURAPOR BORDA ARREDONDADA 10X08CM;;;;;;;;;;;;;;17.68;SIMPRO_VIG;2016-11-01;19;
SIMPRO;2026-04-12;material;0000169618;12;;POLAR FIX;CURATIVO POROSO TELA ADESIVA-CURAPOR BORDA ARREDONDADA 10X15CM;;;;;;;;;;;;;;30.16;SIMPRO_VIG;2016-11-01;19;
SIMPRO;2026-04-12;material;0000169619;12;;POLAR FIX;CURATIVO POROSO TELA ADESIVA-CURAPOR BORDA ARREDONDADA 10X20CM;;;;;;;;;;;;;;38.87;SIMPRO_VIG;2016-11-01;19;
SIMPRO;2026-04-12;material;0000169620;12;;POLAR FIX;CURATIVO POROSO TELA ADESIVA-CURAPOR BORDA ARREDONDADA 10X25CM;;;;;;;;;;;;;;46.8;SIMPRO_VIG;2016-11-01;19;
SIMPRO;2026-04-12;material;0000169621;12;;POLAR FIX;CURATIVO POROSO TELA ADESIVA-CURAPOR BORDA ARREDONDADA 10X30CM;;;;;;;;;;;;;;68.64;SIMPRO_VIG;2016-11-01;19;
SIMPRO;2026-04-12;material;0000169622;12;;POLAR FIX;CURATIVO POROSO TELA ADESIVA-CURAPOR BORDA ARREDONDADA 10X34CM;;;;;;;;;;;;;;81.64;SIMPRO_VIG;2016-11-01;19;
SIMPRO;2026-04-12;material;0000123207;12;;POLAR FIX;CURATIVO POROSO TELA ADESIVA-CURAPOR BORDA QUADRADA 07X05CM;;;;;;;;;;;;;;14.98;SIMPRO_VIG;2016-11-01;19;
SIMPRO;2026-04-12;material;0000123208;12;;POLAR FIX;CURATIVO POROSO TELA ADESIVA-CURAPOR BORDA QUADRADA 10X08CM;;;;;;;;;;;;;;21.75;SIMPRO_VIG;2016-11-01;19;
SIMPRO;2026-04-12;material;0000123209;12;;POLAR FIX;CURATIVO POROSO TELA ADESIVA-CURAPOR BORDA QUADRADA 10X15CM;;;;;;;;;;;;;;29.03;SIMPRO_VIG;2016-11-01;19;
SIMPRO;2026-04-12;material;0000123210;12;;POLAR FIX;CURATIVO POROSO TELA ADESIVA-CURAPOR BORDA QUADRADA 10X20CM;;;;;;;;;;;;;;36.25;SIMPRO_VIG;2016-11-01;19;
SIMPRO;2026-04-12;material;0000123211;12;;POLAR FIX;CURATIVO POROSO TELA ADESIVA-CURAPOR BORDA QUADRADA 10X25CM;;;;;;;;;;;;;;43.49;SIMPRO_VIG;2016-11-01;19;
SIMPRO;2026-04-12;material;0000123212;12;;POLAR FIX;CURATIVO POROSO TELA ADESIVA-CURAPOR BORDA QUADRADA 10X30CM;;;;;;;;;;;;;;72.5;SIMPRO_VIG;2016-11-01;19;
SIMPRO;2026-04-12;material;0000123213;12;;POLAR FIX;CURATIVO POROSO TELA ADESIVA-CURAPOR BORDA QUADRADA 10X34CM;;;;;;;;;;;;;;79.75;SIMPRO_VIG;2016-11-01;19;
SIMPRO;2026-04-12;material;0000350526;12;;PROMEDON;CURATIVO PORT PAD;;;;;;;;;;;;;;690;SIMPRO_VIG;2024-03-12;19;
SIMPRO;2026-04-12;material;0000328047;12;;MISSNER;CURATIVO POS COLETA 500UNID.;;;;;;;;;;;;;;0.204;SIMPRO_VIG;2021-11-19;19;
SIMPRO;2026-04-12;material;0000084151;12;;AMP;CURATIVO POS COLETA BLOOD STOP BEGE 200UN;;;;;;;;;;;;;;0.203;SIMPRO_VIG;2023-06-30;19;
SIMPRO;2026-04-12;material;0000151728;12;;AMP;CURATIVO POS COLETA BLOOD STOP BEGE 500UN;;;;;;;;;;;;;;0.07;SIMPRO_VIG;2023-06-30;19;
SIMPRO;2026-04-12;material;0000151729;12;;AMP;CURATIVO POS COLETA BLOOD STOP DIVERTIDO 500UN;;;;;;;;;;;;;;0.076;SIMPRO_VIG;2018-05-22;19;
SIMPRO;2026-04-12;material;0000281946;12;;SMITH & NEPHEW;CURATIVO POS OPERATORIO OPSITE POST-OP 06,5X05,0CM 100UNID.;;;;;;;;;;;;;;29.82;SIMPRO_VIG;2026-03-10;19;
SIMPRO;2026-04-12;material;0000031163;12;;SMITH & NEPHEW;CURATIVO POS OPERATORIO OPSITE POST-OP 06,5X05,0CM 20UNID;;;;;;;;;;;;;;14;SIMPRO_VIG;2017-01-18;19;
SIMPRO;2026-04-12;material;0000031165;12;;SMITH & NEPHEW;CURATIVO POS OPERATORIO OPSITE POST-OP 09,5X08,5CM 20UNID.;;;;;;;;;;;;;;98.41;SIMPRO_VIG;2026-03-10;19;
SIMPRO;2026-04-12;material;0000031167;12;;SMITH & NEPHEW;CURATIVO POS OPERATORIO OPSITE POST-OP 15,5X08,5CM 20UNID.;;;;;;;;;;;;;;97.241;SIMPRO_VIG;2026-03-10;19;
SIMPRO;2026-04-12;material;0000031169;12;;SMITH & NEPHEW;CURATIVO POS OPERATORIO OPSITE POST-OP 25,0X10,0CM 20UNID.;;;;;;;;;;;;;;107.635;SIMPRO_VIG;2026-03-10;19;
SIMPRO;2026-04-12;material;0000031171;12;;SMITH & NEPHEW;CURATIVO POS OPERATORIO OPSITE POST-OP 30,0X10,0CM 20UNID.;;;;;;;;;;;;;;134.84;SIMPRO_VIG;2026-03-10;19;
SIMPRO;2026-04-12;material;0000031173;12;;SMITH & NEPHEW;CURATIVO POS OPERATORIO OPSITE POST-OP 35,0X10,0CM 20UNID.;;;;;;;;;;;;;;158.178;SIMPRO_VIG;2026-03-10;19;
SIMPRO;2026-04-12;material;0000266546;12;;SMITH & NEPHEW;CURATIVO POS OPERATORIO OPSITE POST-OP VISIBLE 10X08CM 20UNID.;;;;;;;;;;;;;;73.338;SIMPRO_VIG;2026-03-10;19;
SIMPRO;2026-04-12;material;0000266547;12;;SMITH & NEPHEW;CURATIVO POS OPERATORIO OPSITE POST-OP VISIBLE 15X10CM 20UNID.;;;;;;;;;;;;;;93.735;SIMPRO_VIG;2026-03-10;19;
SIMPRO;2026-04-12;material;0000266548;12;;SMITH & NEPHEW;CURATIVO POS OPERATORIO OPSITE POST-OP VISIBLE 20X10CM 20UNID.;;;;;;;;;;;;;;101.872;SIMPRO_VIG;2026-03-10;19;
SIMPRO;2026-04-12;material;0000266549;12;;SMITH & NEPHEW;CURATIVO POS OPERATORIO OPSITE POST-OP VISIBLE 25X10CM 20UNID.;;;;;;;;;;;;;;100.415;SIMPRO_VIG;2026-03-10;19;
SIMPRO;2026-04-12;material;0000266550;12;;SMITH & NEPHEW;CURATIVO POS OPERATORIO OPSITE POST-OP VISIBLE 30X10CM 20UNID.;;;;;;;;;;;;;;167.36;SIMPRO_VIG;2026-03-10;19;
SIMPRO;2026-04-12;material;0000266551;12;;SMITH & NEPHEW;CURATIVO POS OPERATORIO OPSITE POST-OP VISIBLE 35X10CM 20UNID.;;;;;;;;;;;;;;184.095;SIMPRO_VIG;2026-03-10;19;
SIMPRO;2026-04-12;material;0000266552;12;;SMITH & NEPHEW;CURATIVO POS OPERATORIO P/DRENO OPSITE POST-OP VISIBLE DRAIN 10X09CM 20UNID.;;;;;;;;;;;;;;83.68;SIMPRO_VIG;2026-03-10;19;
SIMPRO;2026-04-12;material;0000321775;12;;SANOVIE;CURATIVO POS OPERATORIO PHARMAPORE PU 07X5CM 200UNID.(EMB.INDIV.);;;;;;;;;;;;;;4.76;SIMPRO_VIG;2021-03-24;19;
SIMPRO;2026-04-12;material;0000321778;12;;SANOVIE;CURATIVO POS OPERATORIO PHARMAPORE PU 09X15CM 60UNID.(EMB.INDIV.);;;;;;;;;;;;;;10.16;SIMPRO_VIG;2024-02-06;19;
SIMPRO;2026-04-12;material;0000321776;12;;SANOVIE;CURATIVO POS OPERATORIO PHARMAPORE PU 10X12CM 70UNID.(EMB.INDIV.);;;;;;;;;;;;;;6.84;SIMPRO_VIG;2021-03-24;19;
SIMPRO;2026-04-12;material;0000338050;12;;SANOVIE;CURATIVO POS OPERATORIO PHARMAPORE PU 10X25CM 40UNID.(EMB.INDIV.);;;;;;;;;;;;;;12.95;SIMPRO_VIG;2023-02-03;19;
SIMPRO;2026-04-12;material;0000321777;12;;SANOVIE;CURATIVO POS OPERATORIO PHARMAPORE PU 10X30CM 40UNID.(EMB.INDIV.);;;;;;;;;;;;;;11.4;SIMPRO_VIG;2021-03-24;19;
SIMPRO;2026-04-12;material;0000031175;12;;SMITH & NEPHEW;CURATIVO POS OPERATORIO PRIMAPORE 08,3X06CM 50UNID.;;;;;;;;;;;;;;24.929;SIMPRO_VIG;2024-05-08;19;
SIMPRO;2026-04-12;material;0000031181;12;;SMITH & NEPHEW;CURATIVO POS OPERATORIO PRIMAPORE 15X08CM 20UNID.;;;;;;;;;;;;;;29;SIMPRO_VIG;2017-01-18;19;
SIMPRO;2026-04-12;material;0000031183;12;;SMITH & NEPHEW;CURATIVO POS OPERATORIO PRIMAPORE 20X10CM 20UNID.;;;;;;;;;;;;;;60.568;SIMPRO_VIG;2024-05-08;19;
SIMPRO;2026-04-12;material;0000031185;12;;SMITH & NEPHEW;CURATIVO POS OPERATORIO PRIMAPORE 25X10CM 20UNID.;;;;;;;;;;;;;;46.85;SIMPRO_VIG;2017-01-18;19;
SIMPRO;2026-04-12;material;0000031189;12;;SMITH & NEPHEW;CURATIVO POS OPERATORIO PRIMAPORE 35X10CM 20UNID.;;;;;;;;;;;;;;77;SIMPRO_VIG;2017-01-18;19;
SIMPRO;2026-04-12;material;0000255315;12;;PROINLAB;CURATIVO POS PUNCAO STOPPER CLASSIC BEGE/BRANCO 100UNID;;;;;;;;;;;;;;0.175;SIMPRO_VIG;2015-03-24;19;
SIMPRO;2026-04-12;material;0000255314;12;;PROINLAB;CURATIVO POS PUNCAO STOPPER CLASSIC BEGE/BRANCO 500UNID;;;;;;;;;;;;;;0.085;SIMPRO_VIG;2015-03-24;19;
SIMPRO;2026-04-12;material;0000255313;12;;PROINLAB;CURATIVO POS PUNCAO STOPPER KIDS 200UNID;;;;;;;;;;;;;;0.188;SIMPRO_VIG;2015-03-24;19;
SIMPRO;2026-04-12;material;0000087033;12;;RECOMED;CURATIVO PREENCHEDOR CAVIDADE C/PRATA POLYMEM 8X8CM 20UN;;;;;;;;;;;;;;400;SIMPRO_VIG;2024-07-19;19;
SIMPRO;2026-04-12;material;0000070945;12;;RECOMED;CURATIVO PREENCHEDOR CAVIDADE POLYMEM 8X8CM 40UN;;;;;;;;;;;;;;187.5;SIMPRO_VIG;2024-07-19;19;
SIMPRO;2026-04-12;material;0000258032;12;;3M BRASIL;CURATIVO PREVENA 20CM;;;;;;;;;;;;;;2280.88;SIMPRO_VIG;2023-05-18;19;
SIMPRO;2026-04-12;material;0000258034;12;;3M BRASIL;CURATIVO PREVENA CUSTOMIZAVEL 85CM;;;;;;;;;;;;;;4105.57;SIMPRO_VIG;2023-05-18;19;
SIMPRO;2026-04-12;material;0000331529;12;;3M BRASIL;CURATIVO PREVENA PLUS CUSTOMIZABLE C/TECNOLOGIA SENSAT.R.A.C.;;;;;;;;;;;;;;4105.57;SIMPRO_VIG;2023-05-18;19;
SIMPRO;2026-04-12;material;0000364427;12;;TAUROVITA;CURATIVO PROTECAO IMPERMEABILIZANTE POLIURETANO SOLUKAT 1999040300;;;;;;;;;;;;;;145;SIMPRO_VIG;2025-11-19;19;
SIMPRO;2026-04-12;material;0000364428;12;;TAUROVITA;CURATIVO PROTECAO IMPERMEABILIZANTE SILICONE SOLUKAT SI 1999040600;;;;;;;;;;;;;;150;SIMPRO_VIG;2025-11-19;19;
SIMPRO;2026-04-12;material;0000091047;12;;3M BRASIL;CURATIVO PROVA D'AGUA 24UNID;;;;;;;;;;;;;;0;SIMPRO_VIG;2010-04-01;19;
SIMPRO;2026-04-12;material;0000353257;12;;WAYCARE;CURATIVO PROVA D'AGUA TRANSPARENTE 10X12CM 100UN WAYDERM I.V.MOLDURA;;;;;;;;;;;;;;42;SIMPRO_VIG;2024-07-16;19;
SIMPRO;2026-04-12;material;0000353255;12;;WAYCARE;CURATIVO PROVA D'AGUA TRANSPARENTE 4,4X4,4CM 100UN WAYDERM I.V.MOLDURA;;;;;;;;;;;;;;19;SIMPRO_VIG;2024-07-16;19;
SIMPRO;2026-04-12;material;0000355436;12;;WAYCARE;CURATIVO PROVA D'AGUA TRANSPARENTE 6X07CM 100UN WAYFILM;;;;;;;;;;;;;;14.51;SIMPRO_VIG;2024-09-26;19;
SIMPRO;2026-04-12;material;0000355440;12;;WAYCARE;CURATIVO PROVA D'AGUA TRANSPARENTE 6X7CM 100UN WAYDERM I.V.MOLDURA;;;;;;;;;;;;;;27.5;SIMPRO_VIG;2024-09-26;19;
SIMPRO;2026-04-12;material;0000353259;12;;WAYCARE;CURATIVO PROVA D'AGUA TRANSPARENTE 6X7CM 100UN WAYFILM PRO;;;;;;;;;;;;;;35;SIMPRO_VIG;2024-07-16;19;
SIMPRO;2026-04-12;material;0000353253;12;;WAYCARE;CURATIVO PROVA D'AGUA TRANSPARENTE 9X10CM 100UN WAYFILM;;;;;;;;;;;;;;16;SIMPRO_VIG;2024-07-16;19;
SIMPRO;2026-04-12;material;0000355441;12;;WAYCARE;CURATIVO PROVA D'AGUA TRANSPARENTE 9X11,6CM 100UN WAYDERM I.V.PLUS;;;;;;;;;;;;;;87.5;SIMPRO_VIG;2024-09-26;19;
SIMPRO;2026-04-12;material;0000353254;12;;WAYCARE;CURATIVO PROVA D'AGUA TRANSPARENTE 9X15CM 100UN WAYFILM;;;;;;;;;;;;;;18;SIMPRO_VIG;2024-07-16;19;
SIMPRO;2026-04-12;material;0000353258;12;;WAYCARE;CURATIVO PROVA D'AGUA TRANSPARENTE 9X7,2CM 100UN WAYDERM I.V.PLUS;;;;;;;;;;;;;;85;SIMPRO_VIG;2024-07-16;19;
SIMPRO;2026-04-12;material;0000353249;12;;WAYCARE;CURATIVO PROVA D'AGUA TRANSPARENTE ALMOFADA 10X20CM 50UN WAYFILM BORDER;;;;;;;;;;;;;;51.75;SIMPRO_VIG;2024-09-26;19;
SIMPRO;2026-04-12;material;0000355431;12;;WAYCARE;CURATIVO PROVA D'AGUA TRANSPARENTE ALMOFADA 10X25CM 50UN WAYFILM BORDER;;;;;;;;;;;;;;62;SIMPRO_VIG;2024-09-26;19;
SIMPRO;2026-04-12;material;0000353247;12;;WAYCARE;CURATIVO PROVA D'AGUA TRANSPARENTE ALMOFADA 6X7CM 100UN WAYFILM BORDER;;;;;;;;;;;;;;20;SIMPRO_VIG;2024-07-16;19;
SIMPRO;2026-04-12;material;0000353248;12;;WAYCARE;CURATIVO PROVA D'AGUA TRANSPARENTE ALMOFADA 9X10CM 50UN WAYFILM BORDER;;;;;;;;;;;;;;42;SIMPRO_VIG;2024-09-26;19;
SIMPRO;2026-04-12;material;0000355430;12;;WAYCARE;CURATIVO PROVA D'AGUA TRANSPARENTE ALMOFADA 9X15CM 50UN WAYFILM BORDER;;;;;;;;;;;;;;45;SIMPRO_VIG;2024-09-26;19;
SIMPRO;2026-04-12;material;0000353256;12;;WAYCARE;CURATIVO PROVA D'AGUA TRANSPARENTE FENDA 6X7CM 100UN WAYDERM I.V.MOLDURA;;;;;;;;;;;;;;35;SIMPRO_VIG;2024-07-16;19;
SIMPRO;2026-04-12;material;0000336164;12;;MISSNER;CURATIVO PU ABSORVENTE 10X10CM;;;;;;;;;;;;;;26.5;SIMPRO_VIG;2022-11-11;19;
SIMPRO;2026-04-12;material;0000150436;12;;POOLTEX;CURATIVO PUNHO ADU.REDE TUBULAR POOLFIX ROLO 10MT DESCANSO/25MT ESTICADO CAL.2 TARJA VERDE;;;;;;;;;;;;;;0.104;SIMPRO_VIG;2010-11-12;19;
SIMPRO;2026-04-12;material;0000150435;12;;POOLTEX;CURATIVO PUNHO INF.REDE TUBULAR POOLFIX ROLO 10MT DESCANSO/25MT ESTICADO CAL.1 TARJA AZUL;;;;;;;;;;;;;;0.083;SIMPRO_VIG;2010-11-12;19;
SIMPRO;2026-04-12;material;0000301074;12;;USA MEDICAL;CURATIVO RAYON ATADURA 7,5CMX5MT EST.;;;;;;;;;;;;;;10.79;SIMPRO_VIG;2018-08-15;19;
SIMPRO;2026-04-12;material;0003953073;12;;SYSTAGENIX;CURATIVO RAYON C/PVPI 5X5CM N/ADERENTE INADINE 25UNID P01481;;;;;;;;;;;;;;11.658;SIMPRO_VIG;2011-06-10;19;
SIMPRO;2026-04-12;material;0003953074;12;;SYSTAGENIX;CURATIVO RAYON C/PVPI 9,5X9,5CM N/ADERENTE INADINE 25UNID P01512;;;;;;;;;;;;;;14.572;SIMPRO_VIG;2011-06-10;19;
SIMPRO;2026-04-12;material;0000352187;12;;HEALTH QUALITY;CURATIVO RAYON N/ADERENTE 7,5X10CM EST.;;;;;;;;;;;;;;8.75;SIMPRO_VIG;2024-05-07;19;
SIMPRO;2026-04-12;material;0000153192;12;;HEALTH QUALITY;CURATIVO RAYON N/ADERENTE 7,5X20CM LAMINA EST.;;;;;;;;;;;;;;14.79;SIMPRO_VIG;2016-04-26;19;
SIMPRO;2026-04-12;material;0000153205;12;;HEALTH QUALITY;CURATIVO RAYON N/ADERENTE ROLO 7,5CMX5MT EST.;;;;;;;;;;;;;;49.38;SIMPRO_VIG;2016-04-26;19;
SIMPRO;2026-04-12;material;0000040789;12;;STERIFARMA;CURATIVO RAYON VASELINADA LAMINA 15X7,5CM 02UN EST.;;;;;;;;;;;;;;7.5;SIMPRO_VIG;2017-12-05;19;
SIMPRO;2026-04-12;material;0000040788;12;;STERIFARMA;CURATIVO RAYON VASELINADA ROLO 7,5CM 5MT.EST.;;;;;;;;;;;;;;28;SIMPRO_VIG;2017-12-05;19;
SIMPRO;2026-04-12;material;0000293011;12;;STERIFARMA;CURATIVO RAYON VASELINADO LAMINA 25CM 02UN EST.;;;;;;;;;;;;;;8.75;SIMPRO_VIG;2017-12-05;19;
SIMPRO;2026-04-12;material;0000158038;12;;POOLTEX;CURATIVO REDE TUBULAR ABDOMEN POOLFIX 25CM DESCANSO CALIBRE 6 INF.TARJA LARANJA;;;;;;;;;;;;;;46.9;SIMPRO_VIG;2024-04-30;19;
SIMPRO;2026-04-12;material;0000157998;12;;POOLTEX;CURATIVO REDE TUBULAR ABDOMEN POOLFIX 25CM DESCANSO CALIBRE 7 TAM.PEQ.TARJA UVA;;;;;;;;;;;;;;51.01;SIMPRO_VIG;2024-04-30;19;
SIMPRO;2026-04-12;material;0000157999;12;;POOLTEX;CURATIVO REDE TUBULAR ABDOMEN POOLFIX 25CM DESCANSO CALIBRE 8 TARJA AZUL CLARO;;;;;;;;;;;;;;55.24;SIMPRO_VIG;2024-04-30;19;
SIMPRO;2026-04-12;material;0000157996;12;;POOLTEX;CURATIVO REDE TUBULAR ABDOMEN POOLFIX 30CM DESCANSO CALIBRE 10 XG AZUL MARINHO;;;;;;;;;;;;;;114.19;SIMPRO_VIG;2024-04-30;19;
SIMPRO;2026-04-12;material;0000303955;12;;POOLTEX;CURATIVO REDE TUBULAR ABDOMEN POOLFIX 30CM DESCANSO CALIBRE 6 INF.TARJA LARANJA;;;;;;;;;;;;;;56.24;SIMPRO_VIG;2024-04-30;19;
SIMPRO;2026-04-12;material;0000303956;12;;POOLTEX;CURATIVO REDE TUBULAR ABDOMEN POOLFIX 30CM DESCANSO CALIBRE 7 TAM.PEQ.TARJA UVA;;;;;;;;;;;;;;61.21;SIMPRO_VIG;2024-04-30;19;
SIMPRO;2026-04-12;material;0000303957;12;;POOLTEX;CURATIVO REDE TUBULAR ABDOMEN POOLFIX 30CM DESCANSO CALIBRE 8 TARJA AZUL CLARO;;;;;;;;;;;;;;66.29;SIMPRO_VIG;2024-04-30;19;
SIMPRO;2026-04-12;material;0000157997;12;;POOLTEX;CURATIVO REDE TUBULAR ABDOMEN POOLFIX 30CM DESCANSO CALIBRE 9 GRD TARJA VERMELHA;;;;;;;;;;;;;;91.08;SIMPRO_VIG;2024-04-30;19;
SIMPRO;2026-04-12;material;0000158001;12;;POOLTEX;CURATIVO REDE TUBULAR ANTEBRACO POOLFIX 15CM DESCANSO CALIBRE 3 INF.TARJA AMARELO;;;;;;;;;;;;;;10.69;SIMPRO_VIG;2024-04-30;19;
SIMPRO;2026-04-12;material;0000158000;12;;POOLTEX;CURATIVO REDE TUBULAR ANTEBRACO POOLFIX 15CM DESCANSO CALIBRE 4 TARJA MARROM CLARO;;;;;;;;;;;;;;12.49;SIMPRO_VIG;2024-04-30;19;
SIMPRO;2026-04-12;material;0000303958;12;;POOLTEX;CURATIVO REDE TUBULAR ANTEBRACO POOLFIX 20CM DESCANSO CALIBRE 4 TARJA MARROM CLARO;;;;;;;;;;;;;;16.64;SIMPRO_VIG;2024-04-30;19;
SIMPRO;2026-04-12;material;0000158037;12;;POOLTEX;CURATIVO REDE TUBULAR AXILA POOLFIX 25CM DESCANSO CALIBRE 5 INF.TARJA VERDE;;;;;;;;;;;;;;23.46;SIMPRO_VIG;2024-04-30;19;
SIMPRO;2026-04-12;material;0000158036;12;;POOLTEX;CURATIVO REDE TUBULAR AXILA POOLFIX 30CM DESCANSO CALIBRE 6 ADU.TARJA LARANJA;;;;;;;;;;;;;;56.28;SIMPRO_VIG;2024-04-30;19;
SIMPRO;2026-04-12;material;0000303959;12;;POOLTEX;CURATIVO REDE TUBULAR AXILA POOLFIX 35CM DESCANSO CALIBRE 6 ADU.TARJA LARANJA;;;;;;;;;;;;;;65.65;SIMPRO_VIG;2024-04-30;19;
SIMPRO;2026-04-12;material;0000158003;12;;POOLTEX;CURATIVO REDE TUBULAR BRACO POOLFIX 15CM DESCANSO CALIBRE 4 INF.TARJA MARROM CLARO;;;;;;;;;;;;;;12.49;SIMPRO_VIG;2024-04-30;19;
SIMPRO;2026-04-12;material;0000158002;12;;POOLTEX;CURATIVO REDE TUBULAR BRACO POOLFIX 15CM DESCANSO CALIBRE 5 ADU.TARJA LILAS/VERDE;;;;;;;;;;;;;;14.08;SIMPRO_VIG;2024-04-30;19;
SIMPRO;2026-04-12;material;0000303960;12;;POOLTEX;CURATIVO REDE TUBULAR BRACO POOLFIX 20CM DESCANSO CALIBRE 5 ADU.TARJA LILAS/VERDE;;;;;;;;;;;;;;18.77;SIMPRO_VIG;2024-04-30;19;
SIMPRO;2026-04-12;material;0000303968;12;;POOLTEX;CURATIVO REDE TUBULAR CABECA ADU.POOLFIX 20CM DESCANSO CALIBRE 5,8 TARJA ROXA;;;;;;;;;;;;;;35.15;SIMPRO_VIG;2024-04-30;19;
SIMPRO;2026-04-12;material;0000158005;12;;POOLTEX;CURATIVO REDE TUBULAR CABECA POOLFIX 20CM DESCANSO CALIBRE 5 INF.TARJA VERDE;;;;;;;;;;;;;;18.77;SIMPRO_VIG;2024-04-30;19;
SIMPRO;2026-04-12;material;0000158004;12;;POOLTEX;CURATIVO REDE TUBULAR CABECA POOLFIX 30CM DESCANSO CALIBRE 5,5 ADU.TARJA ROSA;;;;;;;;;;;;;;41.53;SIMPRO_VIG;2024-04-30;19;
SIMPRO;2026-04-12;material;0000158039;12;;POOLTEX;CURATIVO REDE TUBULAR CALCANHAR POOLFIX 25CM DESCANSO CALIBRE 3 TARJA AMARELO;;;;;;;;;;;;;;18.05;SIMPRO_VIG;2024-04-30;19;
SIMPRO;2026-04-12;material;0000158007;12;;POOLTEX;CURATIVO REDE TUBULAR COTOVELO POOLFIX 15CM DESCANSO CALIBRE 3 INF.TARJA AMARELO;;;;;;;;;;;;;;10.7;SIMPRO_VIG;2024-04-30;19;
SIMPRO;2026-04-12;material;0000158006;12;;POOLTEX;CURATIVO REDE TUBULAR COTOVELO POOLFIX 15CM DESCANSO CALIBRE 4 TARJA MARROM CLARO;;;;;;;;;;;;;;12.5;SIMPRO_VIG;2024-04-30;19;
SIMPRO;2026-04-12;material;0000303961;12;;POOLTEX;CURATIVO REDE TUBULAR COTOVELO POOLFIX 20CM DESCANSO CALIBRE 4 TARJA MARROM CLARO;;;;;;;;;;;;;;16.64;SIMPRO_VIG;2024-04-30;19;
SIMPRO;2026-04-12;material;0000303966;12;;POOLTEX;CURATIVO REDE TUBULAR COXA ADU.POOLFIX 35CM DESCANSO CALIBRE 5,8 TARJA ROXA;;;;;;;;;;;;;;61.5;SIMPRO_VIG;2024-04-30;19;
SIMPRO;2026-04-12;material;0000303967;12;;POOLTEX;CURATIVO REDE TUBULAR COXA INF.POOLFIX 20CM DESCANSO CALIBRE 5,8 TARJA ROXA;;;;;;;;;;;;;;35.15;SIMPRO_VIG;2024-04-30;19;
SIMPRO;2026-04-12;material;0000158009;12;;POOLTEX;CURATIVO REDE TUBULAR COXA POOLFIX 15CM DESCANSO CALIBRE 5,5 INF.TARJA ROSA;;;;;;;;;;;;;;20.76;SIMPRO_VIG;2024-04-30;19;
SIMPRO;2026-04-12;material;0000303962;12;;POOLTEX;CURATIVO REDE TUBULAR COXA POOLFIX 20CM DESCANSO CALIBRE 5,5 INF.TARJA ROSA;;;;;;;;;;;;;;27.68;SIMPRO_VIG;2024-04-30;19;
SIMPRO;2026-04-12;material;0000158008;12;;POOLTEX;CURATIVO REDE TUBULAR COXA POOLFIX 20CM DESCANSO CALIBRE 6 ADU.TARJA LARANJA;;;;;;;;;;;;;;37.51;SIMPRO_VIG;2024-04-30;19;
SIMPRO;2026-04-12;material;0000303963;12;;POOLTEX;CURATIVO REDE TUBULAR COXA POOLFIX 35CM DESCANSO CALIBRE 6 ADU.TARJA LARANJA;;;;;;;;;;;;;;65.65;SIMPRO_VIG;2024-04-30;19;
SIMPRO;2026-04-12;material;0000158011;12;;POOLTEX;CURATIVO REDE TUBULAR DEDO POOLFIX 10CM DESCANSO CALIBRE 0,5 INF.TARJA BRANCA;;;;;;;;;;;;;;4.16;SIMPRO_VIG;2024-04-30;19;
SIMPRO;2026-04-12;material;0000158012;12;;POOLTEX;CURATIVO REDE TUBULAR DEDO POOLFIX 10CM DESCANSO CALIBRE 0,5 TAM.PEQ.TARJA BRANCA;;;;;;;;;;;;;;4.16;SIMPRO_VIG;2024-04-30;19;
SIMPRO;2026-04-12;material;0000158010;12;;POOLTEX;CURATIVO REDE TUBULAR DEDO POOLFIX 10CM DESCANSO CALIBRE 1 ADU.TARJA AZUL;;;;;;;;;;;;;;4.98;SIMPRO_VIG;2024-04-30;19;
SIMPRO;2026-04-12;material;0000303964;12;;POOLTEX;CURATIVO REDE TUBULAR DEDO POOLFIX 15CM DESCANSO CALIBRE 1 ADU.TARJA AZUL;;;;;;;;;;;;;;6.24;SIMPRO_VIG;2024-04-30;19;
SIMPRO;2026-04-12;material;0000158014;12;;POOLTEX;CURATIVO REDE TUBULAR JOELHO POOLFIX 15CM DESCANSO CALIBRE 5 INF.TARJA VERDE;;;;;;;;;;;;;;14.08;SIMPRO_VIG;2024-04-30;19;
SIMPRO;2026-04-12;material;0000158013;12;;POOLTEX;CURATIVO REDE TUBULAR JOELHO POOLFIX 15CM DESCANSO CALIBRE 5,5 ADU.TARJA ROSA;;;;;;;;;;;;;;20.76;SIMPRO_VIG;2024-04-30;19;
SIMPRO;2026-04-12;material;0000158016;12;;POOLTEX;CURATIVO REDE TUBULAR MAO POOLFIX 15CM DESCANSO CALIBRE 2 INF.TARJA VERDE CLARO;;;;;;;;;;;;;;9.1;SIMPRO_VIG;2024-04-30;19;
SIMPRO;2026-04-12;material;0000158015;12;;POOLTEX;CURATIVO REDE TUBULAR MAO POOLFIX 20CM DESCANSO CALIBRE 3 ADU.TARJA AMARELO;;;;;;;;;;;;;;14.21;SIMPRO_VIG;2024-04-30;19;
SIMPRO;2026-04-12;material;0000303965;12;;POOLTEX;CURATIVO REDE TUBULAR MAO POOLFIX 25CM DESCANSO CALIBRE 2 INF.TARJA VERDE CLARO;;;;;;;;;;;;;;15.17;SIMPRO_VIG;2024-04-30;19;
SIMPRO;2026-04-12;material;0000158018;12;;POOLTEX;CURATIVO REDE TUBULAR OMBRO POOLFIX 25CM DESCANSO CALIBRE 5 INF.TARJA VERDE;;;;;;;;;;;;;;23.46;SIMPRO_VIG;2024-04-30;19;
SIMPRO;2026-04-12;material;0000158017;12;;POOLTEX;CURATIVO REDE TUBULAR OMBRO POOLFIX 30CM DESCANSO CALIBRE 6 ADU.TARJA LARANJA;;;;;;;;;;;;;;56.21;SIMPRO_VIG;2024-04-30;19;
SIMPRO;2026-04-12;material;0000158020;12;;POOLTEX;CURATIVO REDE TUBULAR PE POOLFIX 20CM DESCANSO CALIBRE 2 INF.TARJA VERDE CLARO;;;;;;;;;;;;;;12.13;SIMPRO_VIG;2024-04-30;19;
SIMPRO;2026-04-12;material;0000158019;12;;POOLTEX;CURATIVO REDE TUBULAR PE POOLFIX 25CM DESCANSO CALIBRE 3 ADU.TARJA AMARELO;;;;;;;;;;;;;;17.83;SIMPRO_VIG;2024-04-30;19;
SIMPRO;2026-04-12;material;0000158023;12;;POOLTEX;CURATIVO REDE TUBULAR PERINEAL POOLFIX 25CM DESCANSO CALIBRE 6 TARJA LARANJA;;;;;;;;;;;;;;46.88;SIMPRO_VIG;2024-04-30;19;
SIMPRO;2026-04-12;material;0000158024;12;;POOLTEX;CURATIVO REDE TUBULAR PERINEAL POOLFIX 25CM DESCANSO CALIBRE 7 TAM.PEQ.TARJA UVA;;;;;;;;;;;;;;51.01;SIMPRO_VIG;2024-04-30;19;
SIMPRO;2026-04-12;material;0000158025;12;;POOLTEX;CURATIVO REDE TUBULAR PERINEAL POOLFIX 30CM DESCANSO CALIBRE 8 TARJA AZUL CLARO;;;;;;;;;;;;;;66.29;SIMPRO_VIG;2024-04-30;19;
SIMPRO;2026-04-12;material;0000158022;12;;POOLTEX;CURATIVO REDE TUBULAR PERINEAL POOLFIX 30CM DESCANSO CALIBRE 9 GRD TARJA VERMELHA;;;;;;;;;;;;;;90.8;SIMPRO_VIG;2024-04-30;19;
SIMPRO;2026-04-12;material;0000158021;12;;POOLTEX;CURATIVO REDE TUBULAR PERINEAL POOLFIX 35CM DESCANSO CALIBRE 10 XG AZUL MARINHO;;;;;;;;;;;;;;133.24;SIMPRO_VIG;2024-04-30;19;
SIMPRO;2026-04-12;material;0000158027;12;;POOLTEX;CURATIVO REDE TUBULAR PERNA POOLFIX 15CM DESCANSO CALIBRE 4 INF.TARJA MARROM CLARO;;;;;;;;;;;;;;12.49;SIMPRO_VIG;2024-04-30;19;
SIMPRO;2026-04-12;material;0000158026;12;;POOLTEX;CURATIVO REDE TUBULAR PERNA POOLFIX 20CM DESCANSO CALIBRE 5 ADU.TARJA VERDE;;;;;;;;;;;;;;18.77;SIMPRO_VIG;2024-04-30;19;
SIMPRO;2026-04-12;material;0000158029;12;;POOLTEX;CURATIVO REDE TUBULAR PESCOCO POOLFIX 10CM DESCANSO CALIBRE 5 INF.TARJA VERDE;;;;;;;;;;;;;;9.38;SIMPRO_VIG;2024-04-30;19;
SIMPRO;2026-04-12;material;0000158028;12;;POOLTEX;CURATIVO REDE TUBULAR PESCOCO POOLFIX 15CM DESCANSO CALIBRE 5,5 ADU.TARJA ROSA;;;;;;;;;;;;;;20.76;SIMPRO_VIG;2024-04-30;19;
SIMPRO;2026-04-12;material;0000150419;12;;POOLTEX;CURATIVO REDE TUBULAR POOLFIX 10MT.DESCANSO CALIBRE 0,5 TARJA BRANCA;;;;;;;;;;;;;;0.416;SIMPRO_VIG;2024-04-30;19;
SIMPRO;2026-04-12;material;0000150420;12;;POOLTEX;CURATIVO REDE TUBULAR POOLFIX 10MT.DESCANSO CALIBRE 1 TARJA AZUL;;;;;;;;;;;;;;0.498;SIMPRO_VIG;2024-04-30;19;
SIMPRO;2026-04-12;material;0000150430;12;;POOLTEX;CURATIVO REDE TUBULAR POOLFIX 10MT.DESCANSO CALIBRE 10 TARJA AZUL MARINHO;;;;;;;;;;;;;;3.806;SIMPRO_VIG;2024-04-30;19;
SIMPRO;2026-04-12;material;0000150421;12;;POOLTEX;CURATIVO REDE TUBULAR POOLFIX 10MT.DESCANSO CALIBRE 2 TARJA VERDE CLARO;;;;;;;;;;;;;;0.607;SIMPRO_VIG;2024-04-30;19;
SIMPRO;2026-04-12;material;0000150422;12;;POOLTEX;CURATIVO REDE TUBULAR POOLFIX 10MT.DESCANSO CALIBRE 3 TARJA AMARELA;;;;;;;;;;;;;;0.713;SIMPRO_VIG;2024-04-30;19;
SIMPRO;2026-04-12;material;0000150423;12;;POOLTEX;CURATIVO REDE TUBULAR POOLFIX 10MT.DESCANSO CALIBRE 4 TARJA MARROM CLARO;;;;;;;;;;;;;;0.832;SIMPRO_VIG;2024-04-30;19;
SIMPRO;2026-04-12;material;0000150424;12;;POOLTEX;CURATIVO REDE TUBULAR POOLFIX 10MT.DESCANSO CALIBRE 5 TARJA VERDE;;;;;;;;;;;;;;0.938;SIMPRO_VIG;2024-04-30;19;
SIMPRO;2026-04-12;material;0000150425;12;;POOLTEX;CURATIVO REDE TUBULAR POOLFIX 10MT.DESCANSO CALIBRE 5,5 TARJA ROSA;;;;;;;;;;;;;;1.384;SIMPRO_VIG;2024-04-30;19;
SIMPRO;2026-04-12;material;0000303969;12;;POOLTEX;CURATIVO REDE TUBULAR POOLFIX 10MT.DESCANSO CALIBRE 5,8 TARJA ROXA;;;;;;;;;;;;;;1.757;SIMPRO_VIG;2024-04-30;19;
SIMPRO;2026-04-12;material;0000150426;12;;POOLTEX;CURATIVO REDE TUBULAR POOLFIX 10MT.DESCANSO CALIBRE 6 TARJA LARANJA;;;;;;;;;;;;;;1.876;SIMPRO_VIG;2024-04-30;19;
SIMPRO;2026-04-12;material;0000150427;12;;POOLTEX;CURATIVO REDE TUBULAR POOLFIX 10MT.DESCANSO CALIBRE 7 TARJA UVA;;;;;;;;;;;;;;2.04;SIMPRO_VIG;2024-04-30;19;
SIMPRO;2026-04-12;material;0000150428;12;;POOLTEX;CURATIVO REDE TUBULAR POOLFIX 10MT.DESCANSO CALIBRE 8 TARJA AZUL CLARO;;;;;;;;;;;;;;2.209;SIMPRO_VIG;2024-04-30;19;
SIMPRO;2026-04-12;material;0000150429;12;;POOLTEX;CURATIVO REDE TUBULAR POOLFIX 10MT.DESCANSO CALIBRE 9 TARJA VERMELHA;;;;;;;;;;;;;;3.036;SIMPRO_VIG;2024-04-30;19;
SIMPRO;2026-04-12;material;0000272744;12;;POOLTEX;CURATIVO REDE TUBULAR POOLFIX 1MT.DESCANSO CALIBRE 0,5 TARJA BRANCA;;;;;;;;;;;;;;0.416;SIMPRO_VIG;2024-04-30;19;
SIMPRO;2026-04-12;material;0000272745;12;;POOLTEX;CURATIVO REDE TUBULAR POOLFIX 1MT.DESCANSO CALIBRE 1 TARJA AZUL;;;;;;;;;;;;;;0.498;SIMPRO_VIG;2024-04-30;19;
SIMPRO;2026-04-12;material;0000272755;12;;POOLTEX;CURATIVO REDE TUBULAR POOLFIX 1MT.DESCANSO CALIBRE 10 TARJA AZUL MARINHO;;;;;;;;;;;;;;3.806;SIMPRO_VIG;2024-04-30;19;
SIMPRO;2026-04-12;material;0000272746;12;;POOLTEX;CURATIVO REDE TUBULAR POOLFIX 1MT.DESCANSO CALIBRE 2 TARJA VERDE CLARO;;;;;;;;;;;;;;0.607;SIMPRO_VIG;2024-04-30;19;
SIMPRO;2026-04-12;material;0000272747;12;;POOLTEX;CURATIVO REDE TUBULAR POOLFIX 1MT.DESCANSO CALIBRE 3 TARJA AMARELA;;;;;;;;;;;;;;0.71;SIMPRO_VIG;2024-04-30;19;
SIMPRO;2026-04-12;material;0000272748;12;;POOLTEX;CURATIVO REDE TUBULAR POOLFIX 1MT.DESCANSO CALIBRE 4 TARJA MARROM;;;;;;;;;;;;;;0.832;SIMPRO_VIG;2024-04-30;19;
SIMPRO;2026-04-12;material;0000272749;12;;POOLTEX;CURATIVO REDE TUBULAR POOLFIX 1MT.DESCANSO CALIBRE 5 TARJA VERDE;;;;;;;;;;;;;;0.938;SIMPRO_VIG;2024-04-30;19;
SIMPRO;2026-04-12;material;0000272750;12;;POOLTEX;CURATIVO REDE TUBULAR POOLFIX 1MT.DESCANSO CALIBRE 5,5 TARJA ROSA;;;;;;;;;;;;;;1.384;SIMPRO_VIG;2024-04-30;19;
SIMPRO;2026-04-12;material;0000303970;12;;POOLTEX;CURATIVO REDE TUBULAR POOLFIX 1MT.DESCANSO CALIBRE 5,8 TARJA ROXA;;;;;;;;;;;;;;1.757;SIMPRO_VIG;2024-04-30;19;
SIMPRO;2026-04-12;material;0000272751;12;;POOLTEX;CURATIVO REDE TUBULAR POOLFIX 1MT.DESCANSO CALIBRE 6 TARJA LARANJA;;;;;;;;;;;;;;1.876;SIMPRO_VIG;2024-04-30;19;
SIMPRO;2026-04-12;material;0000272752;12;;POOLTEX;CURATIVO REDE TUBULAR POOLFIX 1MT.DESCANSO CALIBRE 7 TARJA UVA;;;;;;;;;;;;;;2.04;SIMPRO_VIG;2024-04-30;19;
SIMPRO;2026-04-12;material;0000272753;12;;POOLTEX;CURATIVO REDE TUBULAR POOLFIX 1MT.DESCANSO CALIBRE 8 TARJA AZUL CLARO;;;;;;;;;;;;;;2.209;SIMPRO_VIG;2024-04-30;19;
SIMPRO;2026-04-12;material;0000272754;12;;POOLTEX;CURATIVO REDE TUBULAR POOLFIX 1MT.DESCANSO CALIBRE 9 TARJA VERMELHA;;;;;;;;;;;;;;3.036;SIMPRO_VIG;2024-04-30;19;
SIMPRO;2026-04-12;material;0000306101;12;;POOLTEX;CURATIVO REDE TUBULAR POOLFIX 7MT DESCANSO CALIBRE 8 TARJA AZUL CLARO;;;;;;;;;;;;;;2.048;SIMPRO_VIG;2019-03-07;19;
SIMPRO;2026-04-12;material;0000306091;12;;POOLTEX;CURATIVO REDE TUBULAR POOLFIX 7MT.DESCANSO CALIBRE 0,5 TARJA BRANCA;;;;;;;;;;;;;;0.389;SIMPRO_VIG;2019-03-07;19;
SIMPRO;2026-04-12;material;0000306092;12;;POOLTEX;CURATIVO REDE TUBULAR POOLFIX 7MT.DESCANSO CALIBRE 1 TARJA AZUL;;;;;;;;;;;;;;0.465;SIMPRO_VIG;2019-03-07;19;
SIMPRO;2026-04-12;material;0000306103;12;;POOLTEX;CURATIVO REDE TUBULAR POOLFIX 7MT.DESCANSO CALIBRE 10 TARJA AZUL MARINHO;;;;;;;;;;;;;;3.554;SIMPRO_VIG;2019-03-07;19;
SIMPRO;2026-04-12;material;0000306093;12;;POOLTEX;CURATIVO REDE TUBULAR POOLFIX 7MT.DESCANSO CALIBRE 2 TARJA VERDE CLARO;;;;;;;;;;;;;;0.569;SIMPRO_VIG;2019-03-07;19;
SIMPRO;2026-04-12;material;0000306094;12;;POOLTEX;CURATIVO REDE TUBULAR POOLFIX 7MT.DESCANSO CALIBRE 3 TARJA AMARELA;;;;;;;;;;;;;;0.664;SIMPRO_VIG;2019-03-07;19;
SIMPRO;2026-04-12;material;0000306095;12;;POOLTEX;CURATIVO REDE TUBULAR POOLFIX 7MT.DESCANSO CALIBRE 4 TARJA MARROM;;;;;;;;;;;;;;0.775;SIMPRO_VIG;2019-03-07;19;
SIMPRO;2026-04-12;material;0000306096;12;;POOLTEX;CURATIVO REDE TUBULAR POOLFIX 7MT.DESCANSO CALIBRE 5 TARJA VERDE;;;;;;;;;;;;;;0.873;SIMPRO_VIG;2019-03-07;19;
SIMPRO;2026-04-12;material;0000306097;12;;POOLTEX;CURATIVO REDE TUBULAR POOLFIX 7MT.DESCANSO CALIBRE 5,5 TARJA ROSA;;;;;;;;;;;;;;1.285;SIMPRO_VIG;2019-03-07;19;
SIMPRO;2026-04-12;material;0000306098;12;;POOLTEX;CURATIVO REDE TUBULAR POOLFIX 7MT.DESCANSO CALIBRE 5,8 TARJA ROXA;;;;;;;;;;;;;;1.466;SIMPRO_VIG;2019-03-07;19;
SIMPRO;2026-04-12;material;0000306099;12;;POOLTEX;CURATIVO REDE TUBULAR POOLFIX 7MT.DESCANSO CALIBRE 6 TARJA LARANJA;;;;;;;;;;;;;;1.743;SIMPRO_VIG;2019-03-07;19;
SIMPRO;2026-04-12;material;0000306100;12;;POOLTEX;CURATIVO REDE TUBULAR POOLFIX 7MT.DESCANSO CALIBRE 7 TARJA UVA;;;;;;;;;;;;;;1.893;SIMPRO_VIG;2019-03-07;19;
SIMPRO;2026-04-12;material;0000306102;12;;POOLTEX;CURATIVO REDE TUBULAR POOLFIX 7MT.DESCANSO CALIBRE 9 TARJA VERMELHA;;;;;;;;;;;;;;2.816;SIMPRO_VIG;2019-03-07;19;
SIMPRO;2026-04-12;material;0000158031;12;;POOLTEX;CURATIVO REDE TUBULAR PUNHO POOLFIX 10CM DESCANSO CALIBRE 1 INF.TARJA AZUL;;;;;;;;;;;;;;4.98;SIMPRO_VIG;2024-04-30;19;
SIMPRO;2026-04-12;material;0000158030;12;;POOLTEX;CURATIVO REDE TUBULAR PUNHO POOLFIX 15CM DESCANSO CALIBRE 2 ADU.TARJA VERDE CLARO;;;;;;;;;;;;;;9.1;SIMPRO_VIG;2024-04-30;19;
SIMPRO;2026-04-12;material;0000158042;12;;POOLTEX;CURATIVO REDE TUBULAR QUADRIL POOLFIX 25CM DESCANSO CALIBRE 7 TAM.PEQ.TARJA UVA;;;;;;;;;;;;;;51.01;SIMPRO_VIG;2024-04-30;19;
SIMPRO;2026-04-12;material;0000158043;12;;POOLTEX;CURATIVO REDE TUBULAR QUADRIL POOLFIX 30CM DESCANSO CALIBRE 8 TARJA AZUL CLARO;;;;;;;;;;;;;;66.29;SIMPRO_VIG;2024-04-30;19;
SIMPRO;2026-04-12;material;0000158041;12;;POOLTEX;CURATIVO REDE TUBULAR QUADRIL POOLFIX 30CM DESCANSO CALIBRE 9 TAM.GRD.TARJA VERMELHA;;;;;;;;;;;;;;90.8;SIMPRO_VIG;2024-04-30;19;
SIMPRO;2026-04-12;material;0000158040;12;;POOLTEX;CURATIVO REDE TUBULAR QUADRIL POOLFIX 35CM DESCANSO CALIBRE 10 TAM.XG.AZUL MARINHO;;;;;;;;;;;;;;133.24;SIMPRO_VIG;2024-04-30;19;
SIMPRO;2026-04-12;material;0000319571;12;;HEMOCAT;CURATIVO REDE TUBULAR RETELAST 10CM DESCANSO CALIBRE 0;;;;;;;;;;;;;;17;SIMPRO_VIG;2020-12-08;19;
SIMPRO;2026-04-12;material;0000319573;12;;HEMOCAT;CURATIVO REDE TUBULAR RETELAST 10CM DESCANSO CALIBRE 1;;;;;;;;;;;;;;17;SIMPRO_VIG;2020-12-08;19;
SIMPRO;2026-04-12;material;0000319574;12;;HEMOCAT;CURATIVO REDE TUBULAR RETELAST 10CM DESCANSO CALIBRE 2;;;;;;;;;;;;;;17;SIMPRO_VIG;2020-12-08;19;
SIMPRO;2026-04-12;material;0000319575;12;;HEMOCAT;CURATIVO REDE TUBULAR RETELAST 10CM DESCANSO CALIBRE 3;;;;;;;;;;;;;;17;SIMPRO_VIG;2020-12-08;19;
SIMPRO;2026-04-12;material;0000319576;12;;HEMOCAT;CURATIVO REDE TUBULAR RETELAST 10CM DESCANSO CALIBRE 4;;;;;;;;;;;;;;17;SIMPRO_VIG;2020-12-08;19;
SIMPRO;2026-04-12;material;0000319578;12;;HEMOCAT;CURATIVO REDE TUBULAR RETELAST 10CM DESCANSO CALIBRE 5;;;;;;;;;;;;;;17;SIMPRO_VIG;2020-12-08;19;
SIMPRO;2026-04-12;material;0000319579;12;;HEMOCAT;CURATIVO REDE TUBULAR RETELAST 10CM DESCANSO CALIBRE 6;;;;;;;;;;;;;;17;SIMPRO_VIG;2020-12-08;19;
SIMPRO;2026-04-12;material;0000319581;12;;HEMOCAT;CURATIVO REDE TUBULAR RETELAST 10CM DESCANSO CALIBRE 7;;;;;;;;;;;;;;17;SIMPRO_VIG;2020-12-08;19;
SIMPRO;2026-04-12;material;0000319582;12;;HEMOCAT;CURATIVO REDE TUBULAR RETELAST 10CM DESCANSO CALIBRE 8;;;;;;;;;;;;;;17;SIMPRO_VIG;2020-12-08;19;
SIMPRO;2026-04-12;material;0000319519;12;;HEMOCAT;CURATIVO REDE TUBULAR RETELAST 10MT DESCANSO CALIBRE 0;;;;;;;;;;;;;;1.7;SIMPRO_VIG;2020-12-08;19;
SIMPRO;2026-04-12;material;0000319520;12;;HEMOCAT;CURATIVO REDE TUBULAR RETELAST 10MT DESCANSO CALIBRE 1;;;;;;;;;;;;;;1.7;SIMPRO_VIG;2020-12-08;19;
SIMPRO;2026-04-12;material;0000319521;12;;HEMOCAT;CURATIVO REDE TUBULAR RETELAST 10MT DESCANSO CALIBRE 2;;;;;;;;;;;;;;1.7;SIMPRO_VIG;2020-12-08;19;
SIMPRO;2026-04-12;material;0000319522;12;;HEMOCAT;CURATIVO REDE TUBULAR RETELAST 10MT DESCANSO CALIBRE 3;;;;;;;;;;;;;;1.7;SIMPRO_VIG;2020-12-08;19;
SIMPRO;2026-04-12;material;0000319523;12;;HEMOCAT;CURATIVO REDE TUBULAR RETELAST 10MT DESCANSO CALIBRE 4;;;;;;;;;;;;;;1.7;SIMPRO_VIG;2020-12-08;19;
SIMPRO;2026-04-12;material;0000319525;12;;HEMOCAT;CURATIVO REDE TUBULAR RETELAST 10MT DESCANSO CALIBRE 5;;;;;;;;;;;;;;1.7;SIMPRO_VIG;2020-12-08;19;
SIMPRO;2026-04-12;material;0000319527;12;;HEMOCAT;CURATIVO REDE TUBULAR RETELAST 10MT DESCANSO CALIBRE 6;;;;;;;;;;;;;;1.7;SIMPRO_VIG;2020-12-08;19;
SIMPRO;2026-04-12;material;0000319528;12;;HEMOCAT;CURATIVO REDE TUBULAR RETELAST 10MT DESCANSO CALIBRE 7;;;;;;;;;;;;;;1.7;SIMPRO_VIG;2020-12-08;19;
SIMPRO;2026-04-12;material;0000319530;12;;HEMOCAT;CURATIVO REDE TUBULAR RETELAST 10MT DESCANSO CALIBRE 8;;;;;;;;;;;;;;1.7;SIMPRO_VIG;2020-12-08;19;
SIMPRO;2026-04-12;material;0000319583;12;;HEMOCAT;CURATIVO REDE TUBULAR RETELAST 15CM DESCANSO CALIBRE 0;;;;;;;;;;;;;;25.5;SIMPRO_VIG;2020-12-08;19;
SIMPRO;2026-04-12;material;0000319585;12;;HEMOCAT;CURATIVO REDE TUBULAR RETELAST 15CM DESCANSO CALIBRE 1;;;;;;;;;;;;;;25.5;SIMPRO_VIG;2020-12-08;19;
SIMPRO;2026-04-12;material;0000319586;12;;HEMOCAT;CURATIVO REDE TUBULAR RETELAST 15CM DESCANSO CALIBRE 2;;;;;;;;;;;;;;25.5;SIMPRO_VIG;2020-12-08;19;
SIMPRO;2026-04-12;material;0000319512;12;;HEMOCAT;CURATIVO REDE TUBULAR RETELAST 15CM DESCANSO CALIBRE 3;;;;;;;;;;;;;;25.5;SIMPRO_VIG;2020-12-08;19;
SIMPRO;2026-04-12;material;0000319513;12;;HEMOCAT;CURATIVO REDE TUBULAR RETELAST 15CM DESCANSO CALIBRE 4;;;;;;;;;;;;;;25.5;SIMPRO_VIG;2020-12-08;19;
SIMPRO;2026-04-12;material;0000319514;12;;HEMOCAT;CURATIVO REDE TUBULAR RETELAST 15CM DESCANSO CALIBRE 5;;;;;;;;;;;;;;25.5;SIMPRO_VIG;2020-12-08;19;
SIMPRO;2026-04-12;material;0000319515;12;;HEMOCAT;CURATIVO REDE TUBULAR RETELAST 15CM DESCANSO CALIBRE 6;;;;;;;;;;;;;;25.5;SIMPRO_VIG;2020-12-08;19;
SIMPRO;2026-04-12;material;0000319516;12;;HEMOCAT;CURATIVO REDE TUBULAR RETELAST 15CM DESCANSO CALIBRE 7;;;;;;;;;;;;;;25.5;SIMPRO_VIG;2020-12-08;19;
SIMPRO;2026-04-12;material;0000319517;12;;HEMOCAT;CURATIVO REDE TUBULAR RETELAST 15CM DESCANSO CALIBRE 8;;;;;;;;;;;;;;25.5;SIMPRO_VIG;2020-12-08;19;
SIMPRO;2026-04-12;material;0000319533;12;;HEMOCAT;CURATIVO REDE TUBULAR RETELAST 1CM DESCANSO CALIBRE 0;;;;;;;;;;;;;;1.7;SIMPRO_VIG;2020-12-08;19;
SIMPRO;2026-04-12;material;0000319534;12;;HEMOCAT;CURATIVO REDE TUBULAR RETELAST 1CM DESCANSO CALIBRE 1;;;;;;;;;;;;;;1.7;SIMPRO_VIG;2020-12-08;19;
SIMPRO;2026-04-12;material;0000319535;12;;HEMOCAT;CURATIVO REDE TUBULAR RETELAST 1CM DESCANSO CALIBRE 2;;;;;;;;;;;;;;1.7;SIMPRO_VIG;2020-12-08;19;
SIMPRO;2026-04-12;material;0000319536;12;;HEMOCAT;CURATIVO REDE TUBULAR RETELAST 1CM DESCANSO CALIBRE 3;;;;;;;;;;;;;;1.7;SIMPRO_VIG;2020-12-08;19;
SIMPRO;2026-04-12;material;0000319537;12;;HEMOCAT;CURATIVO REDE TUBULAR RETELAST 1CM DESCANSO CALIBRE 4;;;;;;;;;;;;;;1.7;SIMPRO_VIG;2020-12-08;19;
SIMPRO;2026-04-12;material;0000319539;12;;HEMOCAT;CURATIVO REDE TUBULAR RETELAST 1CM DESCANSO CALIBRE 5;;;;;;;;;;;;;;1.7;SIMPRO_VIG;2020-12-08;19;
SIMPRO;2026-04-12;material;0000319540;12;;HEMOCAT;CURATIVO REDE TUBULAR RETELAST 1CM DESCANSO CALIBRE 6;;;;;;;;;;;;;;1.7;SIMPRO_VIG;2020-12-08;19;
SIMPRO;2026-04-12;material;0000319541;12;;HEMOCAT;CURATIVO REDE TUBULAR RETELAST 1CM DESCANSO CALIBRE 7;;;;;;;;;;;;;;1.7;SIMPRO_VIG;2020-12-08;19;
SIMPRO;2026-04-12;material;0000319543;12;;HEMOCAT;CURATIVO REDE TUBULAR RETELAST 1CM DESCANSO CALIBRE 8;;;;;;;;;;;;;;1.7;SIMPRO_VIG;2020-12-08;19;
SIMPRO;2026-04-12;material;0000319545;12;;HEMOCAT;CURATIVO REDE TUBULAR RETELAST 1MT DESCANSO CALIBRE 0;;;;;;;;;;;;;;170;SIMPRO_VIG;2020-12-08;19;
SIMPRO;2026-04-12;material;0000319546;12;;HEMOCAT;CURATIVO REDE TUBULAR RETELAST 1MT DESCANSO CALIBRE 1;;;;;;;;;;;;;;170;SIMPRO_VIG;2020-12-08;19;
SIMPRO;2026-04-12;material;0000319547;12;;HEMOCAT;CURATIVO REDE TUBULAR RETELAST 1MT DESCANSO CALIBRE 2;;;;;;;;;;;;;;170;SIMPRO_VIG;2020-12-08;19;
SIMPRO;2026-04-12;material;0000319549;12;;HEMOCAT;CURATIVO REDE TUBULAR RETELAST 1MT DESCANSO CALIBRE 3;;;;;;;;;;;;;;170;SIMPRO_VIG;2020-12-08;19;
SIMPRO;2026-04-12;material;0000319550;12;;HEMOCAT;CURATIVO REDE TUBULAR RETELAST 1MT DESCANSO CALIBRE 4;;;;;;;;;;;;;;170;SIMPRO_VIG;2020-12-08;19;
SIMPRO;2026-04-12;material;0000319552;12;;HEMOCAT;CURATIVO REDE TUBULAR RETELAST 1MT DESCANSO CALIBRE 5;;;;;;;;;;;;;;170;SIMPRO_VIG;2020-12-08;19;
SIMPRO;2026-04-12;material;0000319553;12;;HEMOCAT;CURATIVO REDE TUBULAR RETELAST 1MT DESCANSO CALIBRE 6;;;;;;;;;;;;;;170;SIMPRO_VIG;2020-12-08;19;
SIMPRO;2026-04-12;material;0000319555;12;;HEMOCAT;CURATIVO REDE TUBULAR RETELAST 1MT DESCANSO CALIBRE 7;;;;;;;;;;;;;;170;SIMPRO_VIG;2020-12-08;19;
SIMPRO;2026-04-12;material;0000319557;12;;HEMOCAT;CURATIVO REDE TUBULAR RETELAST 1MT DESCANSO CALIBRE 8;;;;;;;;;;;;;;170;SIMPRO_VIG;2020-12-08;19;
SIMPRO;2026-04-12;material;0000319584;12;;HEMOCAT;CURATIVO REDE TUBULAR RETELAST 20CM DESCANSO CALIBRE 0;;;;;;;;;;;;;;34;SIMPRO_VIG;2020-12-08;19;
SIMPRO;2026-04-12;material;0000319587;12;;HEMOCAT;CURATIVO REDE TUBULAR RETELAST 20CM DESCANSO CALIBRE 1;;;;;;;;;;;;;;34;SIMPRO_VIG;2020-12-08;19;
SIMPRO;2026-04-12;material;0000319588;12;;HEMOCAT;CURATIVO REDE TUBULAR RETELAST 20CM DESCANSO CALIBRE 2;;;;;;;;;;;;;;34;SIMPRO_VIG;2020-12-08;19;
SIMPRO;2026-04-12;material;0000319589;12;;HEMOCAT;CURATIVO REDE TUBULAR RETELAST 20CM DESCANSO CALIBRE 3;;;;;;;;;;;;;;34;SIMPRO_VIG;2020-12-08;19;
SIMPRO;2026-04-12;material;0000319590;12;;HEMOCAT;CURATIVO REDE TUBULAR RETELAST 20CM DESCANSO CALIBRE 4;;;;;;;;;;;;;;34;SIMPRO_VIG;2020-12-08;19;
SIMPRO;2026-04-12;material;0000319591;12;;HEMOCAT;CURATIVO REDE TUBULAR RETELAST 20CM DESCANSO CALIBRE 5;;;;;;;;;;;;;;34;SIMPRO_VIG;2020-12-08;19;
SIMPRO;2026-04-12;material;0000319592;12;;HEMOCAT;CURATIVO REDE TUBULAR RETELAST 20CM DESCANSO CALIBRE 6;;;;;;;;;;;;;;34;SIMPRO_VIG;2020-12-08;19;
SIMPRO;2026-04-12;material;0000319593;12;;HEMOCAT;CURATIVO REDE TUBULAR RETELAST 20CM DESCANSO CALIBRE 7;;;;;;;;;;;;;;34;SIMPRO_VIG;2020-12-08;19;
SIMPRO;2026-04-12;material;0000319594;12;;HEMOCAT;CURATIVO REDE TUBULAR RETELAST 20CM DESCANSO CALIBRE 8;;;;;;;;;;;;;;34;SIMPRO_VIG;2020-12-08;19;
SIMPRO;2026-04-12;material;0000319518;12;;HEMOCAT;CURATIVO REDE TUBULAR RETELAST 25CM DESCANSO CALIBRE 0;;;;;;;;;;;;;;42.5;SIMPRO_VIG;2020-12-08;19;
SIMPRO;2026-04-12;material;0000319524;12;;HEMOCAT;CURATIVO REDE TUBULAR RETELAST 25CM DESCANSO CALIBRE 1;;;;;;;;;;;;;;42.5;SIMPRO_VIG;2020-12-08;19;
SIMPRO;2026-04-12;material;0000319526;12;;HEMOCAT;CURATIVO REDE TUBULAR RETELAST 25CM DESCANSO CALIBRE 2;;;;;;;;;;;;;;42.5;SIMPRO_VIG;2020-12-08;19;
SIMPRO;2026-04-12;material;0000319529;12;;HEMOCAT;CURATIVO REDE TUBULAR RETELAST 25CM DESCANSO CALIBRE 3;;;;;;;;;;;;;;42.5;SIMPRO_VIG;2020-12-08;19;
SIMPRO;2026-04-12;material;0000319531;12;;HEMOCAT;CURATIVO REDE TUBULAR RETELAST 25CM DESCANSO CALIBRE 4;;;;;;;;;;;;;;42.5;SIMPRO_VIG;2020-12-08;19;
SIMPRO;2026-04-12;material;0000319532;12;;HEMOCAT;CURATIVO REDE TUBULAR RETELAST 25CM DESCANSO CALIBRE 5;;;;;;;;;;;;;;42.5;SIMPRO_VIG;2020-12-08;19;
SIMPRO;2026-04-12;material;0000319538;12;;HEMOCAT;CURATIVO REDE TUBULAR RETELAST 25CM DESCANSO CALIBRE 6;;;;;;;;;;;;;;42.5;SIMPRO_VIG;2020-12-08;19;
SIMPRO;2026-04-12;material;0000319542;12;;HEMOCAT;CURATIVO REDE TUBULAR RETELAST 25CM DESCANSO CALIBRE 7;;;;;;;;;;;;;;42.5;SIMPRO_VIG;2020-12-08;19;
SIMPRO;2026-04-12;material;0000319544;12;;HEMOCAT;CURATIVO REDE TUBULAR RETELAST 25CM DESCANSO CALIBRE 8;;;;;;;;;;;;;;42.5;SIMPRO_VIG;2020-12-08;19;
SIMPRO;2026-04-12;material;0000319548;12;;HEMOCAT;CURATIVO REDE TUBULAR RETELAST 30CM DESCANSO CALIBRE 0;;;;;;;;;;;;;;51;SIMPRO_VIG;2020-12-08;19;
SIMPRO;2026-04-12;material;0000319551;12;;HEMOCAT;CURATIVO REDE TUBULAR RETELAST 30CM DESCANSO CALIBRE 1;;;;;;;;;;;;;;51;SIMPRO_VIG;2020-12-08;19;
SIMPRO;2026-04-12;material;0000319554;12;;HEMOCAT;CURATIVO REDE TUBULAR RETELAST 30CM DESCANSO CALIBRE 2;;;;;;;;;;;;;;51;SIMPRO_VIG;2020-12-08;19;
SIMPRO;2026-04-12;material;0000319556;12;;HEMOCAT;CURATIVO REDE TUBULAR RETELAST 30CM DESCANSO CALIBRE 3;;;;;;;;;;;;;;51;SIMPRO_VIG;2020-12-08;19;
SIMPRO;2026-04-12;material;0000319558;12;;HEMOCAT;CURATIVO REDE TUBULAR RETELAST 30CM DESCANSO CALIBRE 4;;;;;;;;;;;;;;51;SIMPRO_VIG;2020-12-08;19;
SIMPRO;2026-04-12;material;0000319560;12;;HEMOCAT;CURATIVO REDE TUBULAR RETELAST 30CM DESCANSO CALIBRE 5;;;;;;;;;;;;;;51;SIMPRO_VIG;2020-12-08;19;
SIMPRO;2026-04-12;material;0000319565;12;;HEMOCAT;CURATIVO REDE TUBULAR RETELAST 30CM DESCANSO CALIBRE 6;;;;;;;;;;;;;;51;SIMPRO_VIG;2020-12-08;19;
SIMPRO;2026-04-12;material;0000319570;12;;HEMOCAT;CURATIVO REDE TUBULAR RETELAST 30CM DESCANSO CALIBRE 7;;;;;;;;;;;;;;51;SIMPRO_VIG;2020-12-08;19;
SIMPRO;2026-04-12;material;0000319572;12;;HEMOCAT;CURATIVO REDE TUBULAR RETELAST 30CM DESCANSO CALIBRE 8;;;;;;;;;;;;;;51;SIMPRO_VIG;2020-12-08;19;
SIMPRO;2026-04-12;material;0000319577;12;;HEMOCAT;CURATIVO REDE TUBULAR RETELAST 40CM DESCANSO CALIBRE 7;;;;;;;;;;;;;;68;SIMPRO_VIG;2020-12-08;19;
SIMPRO;2026-04-12;material;0000319580;12;;HEMOCAT;CURATIVO REDE TUBULAR RETELAST 40CM DESCANSO CALIBRE 8;;;;;;;;;;;;;;68;SIMPRO_VIG;2020-12-08;19;
SIMPRO;2026-04-12;material;0000319559;12;;HEMOCAT;CURATIVO REDE TUBULAR RETELAST 7MT DESCANSO CALIBRE 0;;;;;;;;;;;;;;1.7;SIMPRO_VIG;2020-12-08;19;
SIMPRO;2026-04-12;material;0000319561;12;;HEMOCAT;CURATIVO REDE TUBULAR RETELAST 7MT DESCANSO CALIBRE 1;;;;;;;;;;;;;;1.7;SIMPRO_VIG;2020-12-08;19;
SIMPRO;2026-04-12;material;0000319562;12;;HEMOCAT;CURATIVO REDE TUBULAR RETELAST 7MT DESCANSO CALIBRE 2;;;;;;;;;;;;;;1.7;SIMPRO_VIG;2020-12-08;19;
SIMPRO;2026-04-12;material;0000319563;12;;HEMOCAT;CURATIVO REDE TUBULAR RETELAST 7MT DESCANSO CALIBRE 3;;;;;;;;;;;;;;1.7;SIMPRO_VIG;2020-12-08;19;
SIMPRO;2026-04-12;material;0000319564;12;;HEMOCAT;CURATIVO REDE TUBULAR RETELAST 7MT DESCANSO CALIBRE 4;;;;;;;;;;;;;;1.7;SIMPRO_VIG;2020-12-08;19;
SIMPRO;2026-04-12;material;0000319566;12;;HEMOCAT;CURATIVO REDE TUBULAR RETELAST 7MT DESCANSO CALIBRE 5;;;;;;;;;;;;;;1.7;SIMPRO_VIG;2020-12-08;19;
SIMPRO;2026-04-12;material;0000319567;12;;HEMOCAT;CURATIVO REDE TUBULAR RETELAST 7MT DESCANSO CALIBRE 6;;;;;;;;;;;;;;1.7;SIMPRO_VIG;2020-12-08;19;
SIMPRO;2026-04-12;material;0000319568;12;;HEMOCAT;CURATIVO REDE TUBULAR RETELAST 7MT DESCANSO CALIBRE 7;;;;;;;;;;;;;;1.7;SIMPRO_VIG;2020-12-08;19;
SIMPRO;2026-04-12;material;0000319569;12;;HEMOCAT;CURATIVO REDE TUBULAR RETELAST 7MT DESCANSO CALIBRE 8;;;;;;;;;;;;;;1.7;SIMPRO_VIG;2020-12-08;19;
SIMPRO;2026-04-12;material;0000158034;12;;POOLTEX;CURATIVO REDE TUBULAR TORAX POOLFIX 30CM DESCANSO CALIBRE 7 TAM.PEQ.TARJA UVA;;;;;;;;;;;;;;61.21;SIMPRO_VIG;2024-04-30;19;
SIMPRO;2026-04-12;material;0000158035;12;;POOLTEX;CURATIVO REDE TUBULAR TORAX POOLFIX 35CM DESCANSO CALIBRE 8 TARJA AZUL CLARO;;;;;;;;;;;;;;77.33;SIMPRO_VIG;2024-04-30;19;
SIMPRO;2026-04-12;material;0000158032;12;;POOLTEX;CURATIVO REDE TUBULAR TORAX POOLFIX 40CM DESCANSO CALIBRE 10 TAM.XG.AZUL MARINHO;;;;;;;;;;;;;;152.26;SIMPRO_VIG;2024-04-30;19;
SIMPRO;2026-04-12;material;0000158033;12;;POOLTEX;CURATIVO REDE TUBULAR TORAX POOLFIX 40CM DESCANSO CALIBRE 9 TAM.GRD.TARJA VERMELHA;;;;;;;;;;;;;;121.06;SIMPRO_VIG;2024-04-30;19;
SIMPRO;2026-04-12;material;0000174496;12;;CREMER;CURATIVO REDONDO BEGE ROLO 200UNID.;;;;;;;;;;;;;;0.23;SIMPRO_VIG;2015-07-08;19;
SIMPRO;2026-04-12;material;0000174497;12;;CREMER;CURATIVO REDONDO BEGE ROLO 500UNID.;;;;;;;;;;;;;;0.23;SIMPRO_VIG;2015-07-08;19;
SIMPRO;2026-04-12;material;0000355382;12;;CREMER;CURATIVO REDONDO BRANCO CARTELA 496UN;;;;;;;;;;;;;;0.29;SIMPRO_VIG;2024-09-24;19;
SIMPRO;2026-04-12;material;0000106876;12;;CREMER;CURATIVO REDONDO BRANCO CARTELA 496UNID.;;;;;;;;;;;;;;0.29;SIMPRO_VIG;2022-10-28;19;
SIMPRO;2026-04-12;material;0000128279;12;;CREMER;CURATIVO REDONDO BRANCO ROLO 200UNID.;;;;;;;;;;;;;;0.23;SIMPRO_VIG;2015-07-08;19;
SIMPRO;2026-04-12;material;0000355383;12;;CREMER;CURATIVO REDONDO BRANCO ROLO 500UN;;;;;;;;;;;;;;0.288;SIMPRO_VIG;2024-09-24;19;
SIMPRO;2026-04-12;material;0000151678;12;;CREMER;CURATIVO REDONDO BRANCO ROLO 500UNID.;;;;;;;;;;;;;;0.288;SIMPRO_VIG;2022-10-28;19;
SIMPRO;2026-04-12;material;0000151679;12;;CREMER;CURATIVO REDONDO MICROPOROSO 160UNID 285.345;;;;;;;;;;;;;;0.393;SIMPRO_VIG;2011-01-20;19;
SIMPRO;2026-04-12;material;0000151673;12;;CREMER;CURATIVO REDONDO TRANSPARENTE 16UNID.;;;;;;;;;;;;;;0.881;SIMPRO_VIG;2022-10-28;19;
SIMPRO;2026-04-12;material;0000070939;12;;RECOMED;CURATIVO S/ADESIVO POLYMEM 08X08CM 60UNID.;;;;;;;;;;;;;;75;SIMPRO_VIG;2016-03-22;19;
SIMPRO;2026-04-12;material;0000070940;12;;RECOMED;CURATIVO S/ADESIVO POLYMEM 10X10CM 60UN;;;;;;;;;;;;;;150;SIMPRO_VIG;2024-07-19;19;
SIMPRO;2026-04-12;material;0000070943;12;;RECOMED;CURATIVO S/ADESIVO POLYMEM 10X32CM 12UNID.;;;;;;;;;;;;;;333.333;SIMPRO_VIG;2022-12-14;19;
SIMPRO;2026-04-12;material;0000070941;12;;RECOMED;CURATIVO S/ADESIVO POLYMEM 13X13CM 30UN;;;;;;;;;;;;;;216.667;SIMPRO_VIG;2024-07-19;19;
SIMPRO;2026-04-12;material;0000070942;12;;RECOMED;CURATIVO S/ADESIVO POLYMEM 17X19CM 30UN;;;;;;;;;;;;;;366.667;SIMPRO_VIG;2024-07-19;19;
SIMPRO;2026-04-12;material;0000176098;12;;RECOMED;CURATIVO S/ADESIVO SUPER ABSORVENTE 10CMX10CM 60UNID POLYMEM;;;;;;;;;;;;;;28.333;SIMPRO_VIG;2015-11-26;19;
SIMPRO;2026-04-12;material;0000336736;12;;RECOMED;CURATIVO S/ADESIVO SUPER ABSORVENTE CUREA 10X10CM 10UN;;;;;;;;;;;;;;120;SIMPRO_VIG;2024-07-19;19;
SIMPRO;2026-04-12;material;0000336737;12;;RECOMED;CURATIVO S/ADESIVO SUPER ABSORVENTE CUREA 10X20CM 10UN;;;;;;;;;;;;;;100;SIMPRO_VIG;2024-07-19;19;
SIMPRO;2026-04-12;material;0000359133;12;;RECOMED;CURATIVO S/ADESIVO SUPER ABSORVENTE CUREA 10X30CM 10UN;;;;;;;;;;;;;;200;SIMPRO_VIG;2025-02-27;19;
SIMPRO;2026-04-12;material;0000336738;12;;RECOMED;CURATIVO S/ADESIVO SUPER ABSORVENTE CUREA 15X15CM 10UN;;;;;;;;;;;;;;150;SIMPRO_VIG;2024-07-19;19;
SIMPRO;2026-04-12;material;0000336739;12;;RECOMED;CURATIVO S/ADESIVO SUPER ABSORVENTE CUREA 20X20CM 10UN;;;;;;;;;;;;;;180;SIMPRO_VIG;2024-07-19;19;
SIMPRO;2026-04-12;material;0000336740;12;;RECOMED;CURATIVO S/ADESIVO SUPER ABSORVENTE CUREA 20X30CM 10UN;;;;;;;;;;;;;;220;SIMPRO_VIG;2024-07-19;19;
SIMPRO;2026-04-12;material;0000336735;12;;RECOMED;CURATIVO S/ADESIVO SUPER ABSORVENTE CUREA 5,5X7,5CM 10UN;;;;;;;;;;;;;;90;SIMPRO_VIG;2024-07-19;19;
SIMPRO;2026-04-12;material;0000269275;12;;RECOMED;CURATIVO S/ADESIVO SUPER ABSORVENTE POLYMEM 11X11CM 20UNID.;;;;;;;;;;;;;;150;SIMPRO_VIG;2022-12-14;19;
SIMPRO;2026-04-12;material;0000252688;12;;3M BRASIL;CURATIVO SILICONE 05X07,6CM N/ADERENTE ADAPTIC TOUCH 10UN;;;;;;;;;;;;;;44.346;SIMPRO_VIG;2022-02-24;19;
SIMPRO;2026-04-12;material;0000252689;12;;3M BRASIL;CURATIVO SILICONE 07,6X11CM N/ADERENTE ADAPTIC TOUCH 10UN;;;;;;;;;;;;;;65.877;SIMPRO_VIG;2022-02-24;19;
SIMPRO;2026-04-12;material;0000252690;12;;3M BRASIL;CURATIVO SILICONE 12,7X15CM N/ADERENTE ADAPTIC TOUCH 10UN;;;;;;;;;;;;;;143.389;SIMPRO_VIG;2022-02-24;19;
SIMPRO;2026-04-12;material;0000284530;12;;3M BRASIL;CURATIVO SILICONE 20X32CM N/ADERENTE ADAPTIC TOUCH 05UN;;;;;;;;;;;;;;454.2;SIMPRO_VIG;2021-04-01;19;
SIMPRO;2026-04-12;material;0000252692;12;;ACELITY;CURATIVO SILICONE 20X32CM N/ADERENTE ADAPTIC TOUCH 10UNID;;;;;;;;;;;;;;216.286;SIMPRO_VIG;2016-01-19;19;
SIMPRO;2026-04-12;material;0000332598;12;;VITA MEDICAL;CURATIVO SILICONE ADERENTE C/ESPUMA ABSORV. PRATA SILICARE AG 10X10CM;;;;;;;;;;;;;;296.31;SIMPRO_VIG;2025-08-05;19;
SIMPRO;2026-04-12;material;0000332599;12;;VITA MEDICAL;CURATIVO SILICONE ADERENTE C/ESPUMA ABSORV. PRATA SILICARE AG 15X15CM;;;;;;;;;;;;;;654.36;SIMPRO_VIG;2025-08-05;19;
SIMPRO;2026-04-12;material;0000266302;12;;VITA MEDICAL;CURATIVO SILICONE ADERENTE C/ESPUMA ABSORV. SACRAL SILICARE 18X18CM;;;;;;;;;;;;;;254.93;SIMPRO_VIG;2025-08-05;19;
SIMPRO;2026-04-12;material;0000266298;12;;VITA MEDICAL;CURATIVO SILICONE ADERENTE C/ESPUMA ABSORV. SILICARE 10X10CM;;;;;;;;;;;;;;128.29;SIMPRO_VIG;2025-08-05;19;
SIMPRO;2026-04-12;material;266298;12;;VITA MEDICAL;CURATIVO SILICONE ADERENTE C/ESPUMA ABSORV. SILICARE 10X10CM;;;;;;;;;;;;;;93.3;SIMPRO_VIG;2016-01-12;19;
SIMPRO;2026-04-12;material;0000266301;12;;VITA MEDICAL;CURATIVO SILICONE ADERENTE C/ESPUMA ABSORV. SILICARE 10X20CM;;;;;;;;;;;;;;258.78;SIMPRO_VIG;2025-08-05;19;
SIMPRO;2026-04-12;material;266301;12;;VITA MEDICAL;CURATIVO SILICONE ADERENTE C/ESPUMA ABSORV. SILICARE 10X20CM;;;;;;;;;;;;;;188.2;SIMPRO_VIG;2016-01-12;19;
SIMPRO;2026-04-12;material;0000266300;12;;VITA MEDICAL;CURATIVO SILICONE ADERENTE C/ESPUMA ABSORV. SILICARE 15X15CM;;;;;;;;;;;;;;241.45;SIMPRO_VIG;2025-08-05;19;
SIMPRO;2026-04-12;material;266300;12;;VITA MEDICAL;CURATIVO SILICONE ADERENTE C/ESPUMA ABSORV. SILICARE 15X15CM;;;;;;;;;;;;;;175.6;SIMPRO_VIG;2016-01-12;19;
SIMPRO;2026-04-12;material;0000266297;12;;VITA MEDICAL;CURATIVO SILICONE ADERENTE C/ESPUMA ABSORV. SILICARE 15X20CM;;;;;;;;;;;;;;297.83;SIMPRO_VIG;2025-08-05;19;
SIMPRO;2026-04-12;material;266297;12;;VITA MEDICAL;CURATIVO SILICONE ADERENTE C/ESPUMA ABSORV. SILICARE 15X20CM;;;;;;;;;;;;;;216.6;SIMPRO_VIG;2016-01-12;19;
SIMPRO;2026-04-12;material;0000266299;12;;VITA MEDICAL;CURATIVO SILICONE ADERENTE C/ESPUMA ABSORV. SILICARE 20X20CM;;;;;;;;;;;;;;314.05;SIMPRO_VIG;2025-08-05;19;
SIMPRO;2026-04-12;material;0000244024;12;;B.BRAUN;CURATIVO SILICONE ASKINA SILNET 05X07,5CM;;;;;;;;;;;;;;76.05;SIMPRO_VIG;2021-10-29;19;
SIMPRO;2026-04-12;material;0000244025;12;;B.BRAUN;CURATIVO SILICONE ASKINA SILNET 10X07,5CM;;;;;;;;;;;;;;161.71;SIMPRO_VIG;2021-10-29;19;
SIMPRO;2026-04-12;material;0000244026;12;;B.BRAUN;CURATIVO SILICONE ASKINA SILNET 10X18,0CM;;;;;;;;;;;;;;253.58;SIMPRO_VIG;2021-10-29;19;
SIMPRO;2026-04-12;material;0000244027;12;;B.BRAUN;CURATIVO SILICONE ASKINA SILNET 20X30,0CM;;;;;;;;;;;;;;757.55;SIMPRO_VIG;2021-10-29;19;
SIMPRO;2026-04-12;material;0000344272;12;;PHARMED;CURATIVO SILICONE EST. LUOFUCON POS-OPERATORIO 080X060MM;;;;;;;;;;;;;;70;SIMPRO_VIG;2023-07-12;19;
SIMPRO;2026-04-12;material;0000344273;12;;PHARMED;CURATIVO SILICONE EST.LUOFUCON POS-OPERATORIO 100X090MM;;;;;;;;;;;;;;78;SIMPRO_VIG;2023-07-12;19;
SIMPRO;2026-04-12;material;0000344275;12;;PHARMED;CURATIVO SILICONE EST.LUOFUCON POS-OPERATORIO 100X100MM;;;;;;;;;;;;;;80;SIMPRO_VIG;2023-07-12;19;
SIMPRO;2026-04-12;material;0000344274;12;;PHARMED;CURATIVO SILICONE EST.LUOFUCON POS-OPERATORIO 150X090CM;;;;;;;;;;;;;;88;SIMPRO_VIG;2023-07-12;19;
SIMPRO;2026-04-12;material;0000344276;12;;PHARMED;CURATIVO SILICONE EST.LUOFUCON POS-OPERATORIO 150X100MM;;;;;;;;;;;;;;90;SIMPRO_VIG;2023-07-12;19;
SIMPRO;2026-04-12;material;0000344281;12;;PHARMED;CURATIVO SILICONE EST.LUOFUCON POS-OPERATORIO 175X150MM;;;;;;;;;;;;;;105;SIMPRO_VIG;2023-07-12;19;
SIMPRO;2026-04-12;material;0000344277;12;;PHARMED;CURATIVO SILICONE EST.LUOFUCON POS-OPERATORIO 200X100MM;;;;;;;;;;;;;;100;SIMPRO_VIG;2023-07-12;19;
SIMPRO;2026-04-12;material;0000344278;12;;PHARMED;CURATIVO SILICONE EST.LUOFUCON POS-OPERATORIO 250X100MM;;;;;;;;;;;;;;120;SIMPRO_VIG;2023-07-12;19;
SIMPRO;2026-04-12;material;0000344282;12;;PHARMED;CURATIVO SILICONE EST.LUOFUCON POS-OPERATORIO 250X200MM;;;;;;;;;;;;;;180;SIMPRO_VIG;2023-07-12;19;
SIMPRO;2026-04-12;material;0000344279;12;;PHARMED;CURATIVO SILICONE EST.LUOFUCON POS-OPERATORIO 300X100MM;;;;;;;;;;;;;;140;SIMPRO_VIG;2023-07-12;19;
SIMPRO;2026-04-12;material;0000344280;12;;PHARMED;CURATIVO SILICONE EST.LUOFUCON POS-OPERATORIO 350X100MM;;;;;;;;;;;;;;160;SIMPRO_VIG;2023-07-12;19;
SIMPRO;2026-04-12;material;0000344283;12;;PHARMED;CURATIVO SILICONE EST.LUOFUCON POS-OPERATORIO 500X200MM;;;;;;;;;;;;;;210;SIMPRO_VIG;2023-07-12;19;
SIMPRO;2026-04-12;material;0000296006;12;;SANOVIE;CURATIVO SILICONE EST.N/ADER.SPYCRA PROTECT 05X7,5CM 10UNID.(EMB.INDIV.);;;;;;;;;;;;;;43.22;SIMPRO_VIG;2023-03-09;19;
SIMPRO;2026-04-12;material;0000299035;12;;SANOVIE;CURATIVO SILICONE EST.N/ADERENTE SILFLEX 05X07CM 10UNID.(EMB.INDIV.);;;;;;;;;;;;;;17.78;SIMPRO_VIG;2018-06-12;19;
SIMPRO;2026-04-12;material;0000299036;12;;SANOVIE;CURATIVO SILICONE EST.N/ADERENTE SILFLEX 08X10CM 10UNID.(EMB.INDIV.);;;;;;;;;;;;;;24.26;SIMPRO_VIG;2018-06-12;19;
SIMPRO;2026-04-12;material;0000299037;12;;SANOVIE;CURATIVO SILICONE EST.N/ADERENTE SILFLEX 12X15CM 10UNID.(EMB.INDIV.);;;;;;;;;;;;;;35.34;SIMPRO_VIG;2018-06-12;19;
SIMPRO;2026-04-12;material;0000299038;12;;SANOVIE;CURATIVO SILICONE EST.N/ADERENTE SILFLEX 20X30CM 10UNID.(EMB.INDIV.);;;;;;;;;;;;;;69.54;SIMPRO_VIG;2018-06-12;19;
SIMPRO;2026-04-12;material;0000299039;12;;SANOVIE;CURATIVO SILICONE EST.N/ADERENTE SILFLEX 35X60CM 5UNID.(EMB.INDIV.);;;;;;;;;;;;;;207.94;SIMPRO_VIG;2018-06-12;19;
SIMPRO;2026-04-12;material;0000296010;12;;SANOVIE;CURATIVO SILICONE EST.N/ADERENTE SPYCRA CONTACT 05X7,5CM 10UNID.(EMB.INDIV.);;;;;;;;;;;;;;43.22;SIMPRO_VIG;2018-03-06;19;
SIMPRO;2026-04-12;material;0000296011;12;;SANOVIE;CURATIVO SILICONE EST.N/ADERENTE SPYCRA CONTACT 10X18CM 5UNID.(EMB.INDIV.);;;;;;;;;;;;;;155;SIMPRO_VIG;2023-03-09;19;
SIMPRO;2026-04-12;material;0000296012;12;;SANOVIE;CURATIVO SILICONE EST.N/ADERENTE SPYCRA CONTACT 18X30CM 3UNID.(EMB.INDIV.);;;;;;;;;;;;;;390;SIMPRO_VIG;2023-03-09;19;
SIMPRO;2026-04-12;material;0000296013;12;;SANOVIE;CURATIVO SILICONE EST.N/ADERENTE SPYCRA CONTACT 7,5X10CM 10UNID.(EMB.INDIV.);;;;;;;;;;;;;;58.8;SIMPRO_VIG;2018-03-06;19;
SIMPRO;2026-04-12;material;0000264108;12;;SANOVIE;CURATIVO SILICONE EST.N/ADERENTE SPYCRA PROTECT 05X150CM ROLO;;;;;;;;;;;;;;661.5;SIMPRO_VIG;2015-12-02;19;
SIMPRO;2026-04-12;material;0000296007;12;;SANOVIE;CURATIVO SILICONE EST.N/ADERENTE SPYCRA PROTECT 10X18CM 5UNID.(EMB.INDIV.);;;;;;;;;;;;;;155;SIMPRO_VIG;2023-03-09;19;
SIMPRO;2026-04-12;material;0000296008;12;;SANOVIE;CURATIVO SILICONE EST.N/ADERENTE SPYCRA PROTECT 18X30CM 3UNID.(EMB.INDIV.);;;;;;;;;;;;;;390;SIMPRO_VIG;2023-03-09;19;
SIMPRO;2026-04-12;material;0000296009;12;;SANOVIE;CURATIVO SILICONE EST.N/ADERENTE SPYCRA PROTECT 7,5X10CM 10UNID.(EMB.INDIV.);;;;;;;;;;;;;;61;SIMPRO_VIG;2018-03-06;19;
SIMPRO;2026-04-12;material;0000264104;12;;SANOVIE;CURATIVO SILICONE ESTERIL C/CAMADA SUPERIOR LYCRA N/ADERENTE SPYCRA PROTECT 05X7,5CM;;;;;;;;;;;;;;43.15;SIMPRO_VIG;2015-12-02;19;
SIMPRO;2026-04-12;material;0000264106;12;;SANOVIE;CURATIVO SILICONE ESTERIL C/CAMADA SUPERIOR LYCRA N/ADERENTE SPYCRA PROTECT 10X18CM;;;;;;;;;;;;;;116;SIMPRO_VIG;2015-12-02;19;
SIMPRO;2026-04-12;material;0000264107;12;;SANOVIE;CURATIVO SILICONE ESTERIL C/CAMADA SUPERIOR LYCRA N/ADERENTE SPYCRA PROTECT 18X30CM;;;;;;;;;;;;;;263.5;SIMPRO_VIG;2015-12-02;19;
SIMPRO;2026-04-12;material;0000264105;12;;SANOVIE;CURATIVO SILICONE ESTERIL C/CAMADA SUPERIOR LYCRA N/ADERENTE SPYCRA PROTECT 7,5X10CM;;;;;;;;;;;;;;61;SIMPRO_VIG;2015-12-02;19;
SIMPRO;2026-04-12;material;0000264109;12;;SANOVIE;CURATIVO SILICONE N/ADERENTE ESTERIL SPYCRA CONTACT 05X7,5CM;;;;;;;;;;;;;;43.22;SIMPRO_VIG;2015-12-02;19;
SIMPRO;2026-04-12;material;0000264111;12;;SANOVIE;CURATIVO SILICONE N/ADERENTE ESTERIL SPYCRA CONTACT 10X18CM;;;;;;;;;;;;;;111.56;SIMPRO_VIG;2015-12-02;19;
SIMPRO;2026-04-12;material;0000264112;12;;SANOVIE;CURATIVO SILICONE N/ADERENTE ESTERIL SPYCRA CONTACT 18X30CM;;;;;;;;;;;;;;248.14;SIMPRO_VIG;2015-12-02;19;
SIMPRO;2026-04-12;material;0000264110;12;;SANOVIE;CURATIVO SILICONE N/ADERENTE ESTERIL SPYCRA CONTACT 7,5X10CM;;;;;;;;;;;;;;58.8;SIMPRO_VIG;2015-12-02;19;
SIMPRO;2026-04-12;material;0000142018;12;;BMR MEDICAL;CURATIVO SILICONE SCAR CLINIC 03CMX04CM;;;;;;;;;;;;;;123.05;SIMPRO_VIG;2015-03-04;19;
SIMPRO;2026-04-12;material;0000135551;12;;BMR MEDICAL;CURATIVO SILICONE SCAR CLINIC 04CMX20CM;;;;;;;;;;;;;;332.35;SIMPRO_VIG;2015-03-04;19;
SIMPRO;2026-04-12;material;0000135553;12;;BMR MEDICAL;CURATIVO SILICONE SCAR CLINIC 06CMX10CM;;;;;;;;;;;;;;332.35;SIMPRO_VIG;2015-03-04;19;
SIMPRO;2026-04-12;material;0000352306;12;;PROMEDON;CURATIVO SILVER FOAM GRD.;;;;;;;;;;;;;;3315.09;SIMPRO_VIG;2024-05-22;19;
SIMPRO;2026-04-12;material;0000352305;12;;PROMEDON;CURATIVO SILVER FOAM MED.;;;;;;;;;;;;;;2764.28;SIMPRO_VIG;2024-05-22;19;
SIMPRO;2026-04-12;material;0000352304;12;;PROMEDON;CURATIVO SILVER FOAM PEQ.;;;;;;;;;;;;;;2349.9;SIMPRO_VIG;2024-05-22;19;
SIMPRO;2026-04-12;material;0000154769;12;;L.M.FARMA;CURATIVO SILVER IV 15CMX15CM;;;;;;;;;;;;;;9.68;SIMPRO_VIG;2011-05-05;19;
SIMPRO;2026-04-12;material;0000149051;12;;LM FARMA;CURATIVO SILVER IV CURATEC 10X10CM;;;;;;;;;;;;;;208.34;SIMPRO_VIG;2025-01-09;19;
SIMPRO;2026-04-12;material;0000149052;12;;LM FARMA;CURATIVO SILVER IV CURATEC 10X20CM;;;;;;;;;;;;;;269.44;SIMPRO_VIG;2025-01-09;19;
SIMPRO;2026-04-12;material;0000158406;12;;LM FARMA;CURATIVO SILVER IV CURATEC 15X15CM;;;;;;;;;;;;;;337.62;SIMPRO_VIG;2025-01-09;19;
SIMPRO;2026-04-12;material;0000149050;12;;LM FARMA;CURATIVO SILVER IV CURATEC 5X5CM;;;;;;;;;;;;;;97.47;SIMPRO_VIG;2025-01-09;19;
SIMPRO;2026-04-12;material;0000147196;12;;LM FARMA;CURATIVO SILVERCOAT CURATEC 10X10CM;;;;;;;;;;;;;;317.63;SIMPRO_VIG;2020-06-16;19;
SIMPRO;2026-04-12;material;0000147197;12;;LM FARMA;CURATIVO SILVERCOAT CURATEC 10X20CM;;;;;;;;;;;;;;508.2;SIMPRO_VIG;2020-06-16;19;
SIMPRO;2026-04-12;material;0000344311;12;;PHARMED;CURATIVO SOLUCAO AGE AZEITE OLIVA EXTRA VIRGEM FARMOLIVA OLEICOPIEL 100ML;;;;;;;;;;;;;;210;SIMPRO_VIG;2023-07-12;19;
SIMPRO;2026-04-12;material;0000161308;12;;BIOLAB SANUS;CURATIVO STIMULEN GEL DERM.30G;;;;;;;;;;;;;;135.85;SIMPRO_VIG;2025-04-09;19;
SIMPRO;2026-04-12;material;0000279814;12;;PAUL HARTMANN;CURATIVO SUPER ABS.IMPREG.C/RINGER/PMHB HYDROCLEAN PLUS 07,5X07,5CM;;;;;;;;;;;;;;184.45;SIMPRO_VIG;2021-03-03;19;
SIMPRO;2026-04-12;material;0000276475;12;;PAUL HARTMANN;CURATIVO SUPER ABS.IMPREG.C/RINGER/PMHB HYDROCLEAN PLUS 10,0X10,0CM;;;;;;;;;;;;;;580.1;SIMPRO_VIG;2021-03-03;19;
SIMPRO;2026-04-12;material;0000320395;12;;PAUL HARTMANN;CURATIVO SUPER ABS.IMPREG.C/RINGER/PMHB HYDROCLEAN PLUS 5X5CM ROUND;;;;;;;;;;;;;;142.23;SIMPRO_VIG;2021-03-03;19;
SIMPRO;2026-04-12;material;0000276474;12;;PAUL HARTMANN;CURATIVO SUPER ABS.IMPREG.C/RINGER/PMHB HYDROCLEAN PLUS CAVITY 07,5X07,5CM;;;;;;;;;;;;;;394.23;SIMPRO_VIG;2021-03-03;19;
SIMPRO;2026-04-12;material;0000319223;12;;PAUL HARTMANN;CURATIVO SUPER ABS.IMPREG.C/RINGER/PMHB HYDROCLEAN PLUS CAVITY 07,5X07,5CM;;;;;;;;;;;;;;394.23;SIMPRO_VIG;2021-03-03;19;
SIMPRO;2026-04-12;material;0000279812;12;;BACE;CURATIVO SUPER ABS.IMPREG.C/RINGER/PMHB HYDROCLEAN PLUS CAVITY ROUND 4CM PH;;;;;;;;;;;;;;83;SIMPRO_VIG;2016-11-22;19;
SIMPRO;2026-04-12;material;0000276476;12;;BACE;CURATIVO SUPER ABS.IMPREG.C/RINGER/PMHB HYDROCLEAN PLUS ROUND 4,0CM PAUL HARMANN;;;;;;;;;;;;;;89;SIMPRO_VIG;2016-09-13;19;
SIMPRO;2026-04-12;material;0000276477;12;;BACE;CURATIVO SUPER ABS.IMPREG.C/RINGER/PMHB HYDROCLEAN PLUS ROUND 5,5CM PAUL HARMANN;;;;;;;;;;;;;;150.65;SIMPRO_VIG;2017-10-31;19;
SIMPRO;2026-04-12;material;0000296353;12;;SANOVIE;CURATIVO SUPER ABSORVENTE ECLYPSE 10X10CM EST.DESC.20UNID.(EMB.INDIV.);;;;;;;;;;;;;;21.859;SIMPRO_VIG;2018-03-13;19;
SIMPRO;2026-04-12;material;0000296354;12;;SANOVIE;CURATIVO SUPER ABSORVENTE ECLYPSE 15X15CM EST.DESC.20UNID.(EMB.INDIV.);;;;;;;;;;;;;;27.245;SIMPRO_VIG;2018-03-13;19;
SIMPRO;2026-04-12;material;0000296355;12;;SANOVIE;CURATIVO SUPER ABSORVENTE ECLYPSE 20X30CM EST.DESC.20UNID.(EMB.INDIV.);;;;;;;;;;;;;;54.17;SIMPRO_VIG;2018-03-13;19;
SIMPRO;2026-04-12;material;0000296356;12;;SANOVIE;CURATIVO SUPER ABSORVENTE ECLYPSE 60X40CM EST.DESC.10UNID.(EMB.INDIV.);;;;;;;;;;;;;;142.56;SIMPRO_VIG;2018-03-13;19;
SIMPRO;2026-04-12;material;0000295619;12;;SANOVIE;CURATIVO SUPER ABSORVENTE ECLYPSE ADHERENT 10X10CM DESC.10UNID.;;;;;;;;;;;;;;37.699;SIMPRO_VIG;2018-02-27;19;
SIMPRO;2026-04-12;material;0000295620;12;;SANOVIE;CURATIVO SUPER ABSORVENTE ECLYPSE ADHERENT 10X20CM DESC.10UNID.;;;;;;;;;;;;;;57.974;SIMPRO_VIG;2018-02-27;19;
SIMPRO;2026-04-12;material;0000295622;12;;SANOVIE;CURATIVO SUPER ABSORVENTE ECLYPSE ADHERENT 15X15CM DESC.10UNID.;;;;;;;;;;;;;;71.91;SIMPRO_VIG;2018-02-27;19;
SIMPRO;2026-04-12;material;0000295623;12;;SANOVIE;CURATIVO SUPER ABSORVENTE ECLYPSE ADHERENT 20X30CM DESC.10UNID.;;;;;;;;;;;;;;157.147;SIMPRO_VIG;2018-02-27;19;
SIMPRO;2026-04-12;material;0000295624;12;;SANOVIE;CURATIVO SUPER ABSORVENTE ECLYPSE ADHERENT SACRAL 17X19CM DESC.10UNID.;;;;;;;;;;;;;;98.208;SIMPRO_VIG;2018-02-27;19;
SIMPRO;2026-04-12;material;0000295625;12;;SANOVIE;CURATIVO SUPER ABSORVENTE ECLYPSE ADHERENT SACRAL 22X23CM DESC.10UNID.;;;;;;;;;;;;;;156.816;SIMPRO_VIG;2018-02-27;19;
SIMPRO;2026-04-12;material;0000296357;12;;SANOVIE;CURATIVO SUPER ABSORVENTE ECLYPSE BOOT 55X47CM EST.DESC.05UNID.(EMB.INDIV.);;;;;;;;;;;;;;243.936;SIMPRO_VIG;2018-03-13;19;
SIMPRO;2026-04-12;material;0000296358;12;;SANOVIE;CURATIVO SUPER ABSORVENTE ECLYPSE BOOT 60X70CM EST.DESC.05UNID.(EMB.INDIV.);;;;;;;;;;;;;;436.55;SIMPRO_VIG;2018-03-13;19;
SIMPRO;2026-04-12;material;0000296359;12;;SANOVIE;CURATIVO SUPER ABSORVENTE ECLYPSE BOOT 70X80CM EST.DESC.05UNID.(EMB.INDIV.);;;;;;;;;;;;;;525.254;SIMPRO_VIG;2018-03-13;19;
SIMPRO;2026-04-12;material;0000301058;12;;SANOVIE;CURATIVO SUPER ABSORVENTE ECLYPSE BORDER 15X15CM EST.DESC.10UN;;;;;;;;;;;;;;127.46;SIMPRO_VIG;2018-08-14;19;
SIMPRO;2026-04-12;material;0000301059;12;;SANOVIE;CURATIVO SUPER ABSORVENTE ECLYPSE BORDER 20X30CM EST.DESC.10UN;;;;;;;;;;;;;;194.16;SIMPRO_VIG;2018-08-14;19;
SIMPRO;2026-04-12;material;0000301060;12;;SANOVIE;CURATIVO SUPER ABSORVENTE ECLYPSE BORDER OVAL 10X20CM EST.DESC.10UN;;;;;;;;;;;;;;127.46;SIMPRO_VIG;2018-08-14;19;
SIMPRO;2026-04-12;material;0000301061;12;;SANOVIE;CURATIVO SUPER ABSORVENTE ECLYPSE BORDER OVAL 15X20CM EST.DESC.10UN;;;;;;;;;;;;;;138.08;SIMPRO_VIG;2018-08-14;19;
SIMPRO;2026-04-12;material;0000301062;12;;SANOVIE;CURATIVO SUPER ABSORVENTE ECLYPSE BORDER OVAL 20X30CM EST.DESC.10UN;;;;;;;;;;;;;;194.16;SIMPRO_VIG;2018-08-14;19;
SIMPRO;2026-04-12;material;0000296361;12;;SANOVIE;CURATIVO SUPER ABSORVENTE ECLYPSE CONTOUR 30X51CM EST.DESC.10UN;;;;;;;;;;;;;;106.445;SIMPRO_VIG;2018-03-13;19;
SIMPRO;2026-04-12;material;0000296360;12;;SANOVIE;CURATIVO SUPER ABSORVENTE ECLYPSE FOOT 33X48CM EST.DESC.05UNID.(EMB.INDIV.);;;;;;;;;;;;;;123.552;SIMPRO_VIG;2018-03-13;19;
SIMPRO;2026-04-12;material;0000347116;12;;PAUL HARTMANN;CURATIVO SUPER ABSORVENTE IMPREG.C/RINGER HYDROCLEAN 05,0X05,0CM;;;;;;;;;;;;;;286.77;SIMPRO_VIG;2025-10-28;19;
SIMPRO;2026-04-12;material;0000347114;12;;PAUL HARTMANN;CURATIVO SUPER ABSORVENTE IMPREG.C/RINGER HYDROCLEAN 07,5X07,5CM;;;;;;;;;;;;;;433.65;SIMPRO_VIG;2025-10-28;19;
SIMPRO;2026-04-12;material;0000347115;12;;PAUL HARTMANN;CURATIVO SUPER ABSORVENTE IMPREG.C/RINGER HYDROCLEAN 10,0X10,0CM;;;;;;;;;;;;;;638.11;SIMPRO_VIG;2025-10-28;19;
SIMPRO;2026-04-12;material;0000363437;12;;PAUL HARTMANN;CURATIVO SUPER ABSORVENTE IMPREG.C/RINGER HYDROCLEAN CAVITY 10X10CM;;;;;;;;;;;;;;580.1;SIMPRO_VIG;2025-09-17;19;
SIMPRO;2026-04-12;material;0000361242;12;;PAUL HARTMANN;CURATIVO SUPER ABSORVENTE IMPREG.C/RINGER HYDROCLEAN CAVITY 4,8CM;;;;;;;;;;;;;;202.9;SIMPRO_VIG;2025-10-28;19;
SIMPRO;2026-04-12;material;0000361240;12;;PAUL HARTMANN;CURATIVO SUPER ABSORVENTE IMPREG.C/RINGER HYDROCLEAN CAVITY 5,5CM;;;;;;;;;;;;;;286.77;SIMPRO_VIG;2025-10-28;19;
SIMPRO;2026-04-12;material;0000347117;12;;PAUL HARTMANN;CURATIVO SUPER ABSORVENTE IMPREG.C/RINGER HYDROCLEAN CAVITY 7,5X7,5CM;;;;;;;;;;;;;;433.65;SIMPRO_VIG;2025-10-28;19;
SIMPRO;2026-04-12;material;0000361241;12;;PAUL HARTMANN;CURATIVO SUPER ABSORVENTE IMPREG.C/RINGER HYDROCLEAN MINI 3CM;;;;;;;;;;;;;;156.45;SIMPRO_VIG;2025-10-28;19;
SIMPRO;2026-04-12;material;0000128323;12;;BACE;CURATIVO SUPER ABSORVENTE IMPREG.C/RINGER TENDERWET 24 ACTIVE 10X10CM QUAD.PAUL HARTMANN;;;;;;;;;;;;;;119;SIMPRO_VIG;2016-01-13;19;
SIMPRO;2026-04-12;material;0000128320;12;;BACE;CURATIVO SUPER ABSORVENTE IMPREG.C/RINGER TENDERWET 24 ACTIVE 4CM REDONDO PAUL HARTMANN;;;;;;;;;;;;;;79;SIMPRO_VIG;2016-01-13;19;
SIMPRO;2026-04-12;material;0000128321;12;;BACE;CURATIVO SUPER ABSORVENTE IMPREG.C/RINGER TENDERWET 24 ACTIVE 5,5CM REDONDO PAUL HARTMANN;;;;;;;;;;;;;;98;SIMPRO_VIG;2016-01-13;19;
SIMPRO;2026-04-12;material;0000128322;12;;BACE;CURATIVO SUPER ABSORVENTE IMPREG.C/RINGER TENDERWET ACTIVE 7,5X7,5CM QUAD. PAUL HARTMANN 6098171;;;;;;;;;;;;;;89.97;SIMPRO_VIG;2013-11-13;19;
SIMPRO;2026-04-12;material;0000159908;12;;BACE;CURATIVO SUPER ABSORVENTE IMPREG.C/RINGER TENDERWET ACTIVE CAVIT 10X10CM QUAD.PAUL HARTMANN 609803;;;;;;;;;;;;;;70.44;SIMPRO_VIG;2013-11-13;19;
SIMPRO;2026-04-12;material;0000159907;12;;BACE;CURATIVO SUPER ABSORVENTE IMPREG.C/RINGER TENDERWET ACTIVE CAVIT 5,5CM REDONDO PAUL HARTMANN 609808;;;;;;;;;;;;;;62.8;SIMPRO_VIG;2013-11-13;19;
SIMPRO;2026-04-12;material;0000266661;12;;BACE;CURATIVO SUPER ABSORVENTE IMPREG.C/RINGER TENDERWET ACTIVE CAVITY 5,5CM REDONDO PAUL HARTMANN;;;;;;;;;;;;;;94;SIMPRO_VIG;2016-01-13;19;
SIMPRO;2026-04-12;material;0000244028;12;;B.BRAUN;CURATIVO SUPERABSORVENTE N/ADESIVO ASKINA ABSORB PLUS 10X10CM;;;;;;;;;;;;;;154.02;SIMPRO_VIG;2017-09-26;19;
SIMPRO;2026-04-12;material;0000244029;12;;B.BRAUN;CURATIVO SUPERABSORVENTE N/ADESIVO ASKINA ABSORB PLUS 10X20CM;;;;;;;;;;;;;;259.11;SIMPRO_VIG;2017-09-26;19;
SIMPRO;2026-04-12;material;0000244030;12;;B.BRAUN;CURATIVO SUPERABSORVENTE N/ADESIVO ASKINA ABSORB PLUS 20X20CM;;;;;;;;;;;;;;297.9;SIMPRO_VIG;2017-09-26;19;
SIMPRO;2026-04-12;material;0000352177;12;;VENOSAN;CURATIVO SUPRASORB P SENSITIVE BORDER LITE 10X10CM 10UN;;;;;;;;;;;;;;164;SIMPRO_VIG;2025-07-29;19;
SIMPRO;2026-04-12;material;0000352178;12;;VENOSAN;CURATIVO SUPRASORB P SENSITIVE BORDER LITE 15X15CM 10UN;;;;;;;;;;;;;;290.8;SIMPRO_VIG;2025-07-29;19;
SIMPRO;2026-04-12;material;0000352176;12;;VENOSAN;CURATIVO SUPRASORB P SENSITIVE BORDER LITE 5X5CM 10UN;;;;;;;;;;;;;;130.5;SIMPRO_VIG;2025-07-29;19;
SIMPRO;2026-04-12;material;0000352026;12;;VENOSAN;CURATIVO SUPRASORB P SENSITIVE C/BORDA 10X10CM 10UN;;;;;;;;;;;;;;280.5;SIMPRO_VIG;2025-07-29;19;
SIMPRO;2026-04-12;material;0000352027;12;;VENOSAN;CURATIVO SUPRASORB P SENSITIVE C/BORDA 12,5X12,5CM 10UN;;;;;;;;;;;;;;388.3;SIMPRO_VIG;2025-07-29;19;
SIMPRO;2026-04-12;material;0000352028;12;;VENOSAN;CURATIVO SUPRASORB P SENSITIVE C/BORDA 15X15CM 10UN;;;;;;;;;;;;;;406;SIMPRO_VIG;2025-07-29;19;
SIMPRO;2026-04-12;material;0000352029;12;;VENOSAN;CURATIVO SUPRASORB P SENSITIVE C/BORDA 20X20CM 10UN;;;;;;;;;;;;;;571.8;SIMPRO_VIG;2025-07-29;19;
SIMPRO;2026-04-12;material;0000352032;12;;VENOSAN;CURATIVO SUPRASORB P SENSITIVE CALCANEO 23,5X25CM 10UN;;;;;;;;;;;;;;810.1;SIMPRO_VIG;2025-07-29;19;
SIMPRO;2026-04-12;material;0000352030;12;;VENOSAN;CURATIVO SUPRASORB P SENSITIVE SACRAL 17,5X17CM 10UN;;;;;;;;;;;;;;338;SIMPRO_VIG;2025-07-29;19;
SIMPRO;2026-04-12;material;0000352031;12;;VENOSAN;CURATIVO SUPRASORB P SENSITIVE SACRAL 23X23CM 10UN;;;;;;;;;;;;;;521.3;SIMPRO_VIG;2025-07-29;19;
SIMPRO;2026-04-12;material;0000358003;12;;VENOSAN;CURATIVO SUPRASORP P SENSITIVE C/BORDA 12X15CM 10UN;;;;;;;;;;;;;;340;SIMPRO_VIG;2025-07-29;19;
SIMPRO;2026-04-12;material;0004090016;12;;KORS DO BRASIL;CURATIVO SURGIFIX BABY BIMBOFIX CAL.5,5 ROSA;;;;;;;;;;;;;;14.17;SIMPRO_VIG;2009-01-01;19;
SIMPRO;2026-04-12;material;0004090002;12;;KORS;CURATIVO SURGIFIX POLI CAL.0,5 ROLO 10MTS BRANCA;;;;;;;;;;;;;;0.151;SIMPRO_VIG;2009-01-01;19;
SIMPRO;2026-04-12;material;0004090003;12;;KORS;CURATIVO SURGIFIX POLI CAL.1 ROLO 10MTS MARROM ESCURO;;;;;;;;;;;;;;0.18;SIMPRO_VIG;2009-01-01;19;
SIMPRO;2026-04-12;material;0004090013;12;;KORS;CURATIVO SURGIFIX POLI CAL.10 ROLO 10MTS AZUL-MARINHO;;;;;;;;;;;;;;1.377;SIMPRO_VIG;2009-01-01;19;
SIMPRO;2026-04-12;material;0004090004;12;;KORS;CURATIVO SURGIFIX POLI CAL.2 ROLO 10MTS AMARELO;;;;;;;;;;;;;;0.219;SIMPRO_VIG;2009-01-01;19;
SIMPRO;2026-04-12;material;0004090005;12;;KORS;CURATIVO SURGIFIX POLI CAL.3 ROLO 10MTS BEGE;;;;;;;;;;;;;;0.258;SIMPRO_VIG;2009-01-01;19;
SIMPRO;2026-04-12;material;0004090006;12;;KORS;CURATIVO SURGIFIX POLI CAL.4 ROLO 10MTS MARROM-CLARO;;;;;;;;;;;;;;0.301;SIMPRO_VIG;2009-01-01;19;
SIMPRO;2026-04-12;material;0004090007;12;;KORS;CURATIVO SURGIFIX POLI CAL.5 ROLO 10MTS LILAS;;;;;;;;;;;;;;0.339;SIMPRO_VIG;2009-01-01;19;
SIMPRO;2026-04-12;material;0004090008;12;;KORS;CURATIVO SURGIFIX POLI CAL.5,5 ROLO 10MTS ROSA;;;;;;;;;;;;;;0.501;SIMPRO_VIG;2009-01-01;19;
SIMPRO;2026-04-12;material;0004090009;12;;KORS;CURATIVO SURGIFIX POLI CAL.6 ROLO 10MTS LARANJA;;;;;;;;;;;;;;0.678;SIMPRO_VIG;2009-01-01;19;
SIMPRO;2026-04-12;material;0004090010;12;;KORS;CURATIVO SURGIFIX POLI CAL.7 ROLO 10MTS UVA;;;;;;;;;;;;;;0.737;SIMPRO_VIG;2009-01-01;19;
SIMPRO;2026-04-12;material;0004090011;12;;KORS;CURATIVO SURGIFIX POLI CAL.8 ROLO 10MTS AZUL-CLARO;;;;;;;;;;;;;;0.8;SIMPRO_VIG;2009-01-01;19;
SIMPRO;2026-04-12;material;0004090012;12;;KORS;CURATIVO SURGIFIX POLI CAL.9 ROLO 10MTS VERMELHO;;;;;;;;;;;;;;1.097;SIMPRO_VIG;2009-01-01;19;
SIMPRO;2026-04-12;material;0004090015;12;;KORS DO BRASIL;CURATIVO SURGIVEST HQ;;;;;;;;;;;;;;33.15;SIMPRO_VIG;2009-01-01;19;
SIMPRO;2026-04-12;material;0000363139;12;;LINE LIFE;CURATIVO SUTURA CLOZEX 15X35MM SURGICAL SKIN CLOSURE;;;;;;;;;;;;;;780;SIMPRO_VIG;2025-09-09;19;
SIMPRO;2026-04-12;material;0000363140;12;;LINE LIFE;CURATIVO SUTURA CLOZEX 20X35MM SURGICAL SKIN CLOSURE;;;;;;;;;;;;;;780;SIMPRO_VIG;2025-09-09;19;
SIMPRO;2026-04-12;material;0000363141;12;;LINE LIFE;CURATIVO SUTURA CLOZEX 30X35MM SURGICAL SKIN CLOSURE;;;;;;;;;;;;;;780;SIMPRO_VIG;2025-09-09;19;
SIMPRO;2026-04-12;material;0000363142;12;;LINE LIFE;CURATIVO SUTURA CLOZEX 40X35MM SURGICAL SKIN CLOSURE;;;;;;;;;;;;;;780;SIMPRO_VIG;2025-09-09;19;
SIMPRO;2026-04-12;material;0000363143;12;;LINE LIFE;CURATIVO SUTURA CLOZEX 40X50MM SURGICAL SKIN CLOSURE;;;;;;;;;;;;;;780;SIMPRO_VIG;2025-09-09;19;
SIMPRO;2026-04-12;material;0000338051;12;;SANOVIE;CURATIVO SUTURA CUTANEA ADESIVA PHARMASTRIP 06X075MM 100UN INDIV.;;;;;;;;;;;;;;9.876;SIMPRO_VIG;2023-02-03;19;
SIMPRO;2026-04-12;material;0000338052;12;;SANOVIE;CURATIVO SUTURA CUTANEA ADESIVA PHARMASTRIP 12X100MM 100UN INDIV.;;;;;;;;;;;;;;22.277;SIMPRO_VIG;2023-02-03;19;
SIMPRO;2026-04-12;material;0000156366;12;;3M BRASIL;CURATIVO TEGADERM BASIC 100UNID.;;;;;;;;;;;;;;9.842;SIMPRO_VIG;2025-07-15;19;
SIMPRO;2026-04-12;material;0000160128;12;;3M BRASIL;CURATIVO TEGADERM C/FIXADOR CATETER IV ADVANCED 6,5X7CM 100UNID.;;;;;;;;;;;;;;45.411;SIMPRO_VIG;2025-07-15;19;
SIMPRO;2026-04-12;material;0000160129;12;;3M BRASIL;CURATIVO TEGADERM C/FIXADOR CATETER IV ADVANCED 8,5X11,5CM 50UNID.;;;;;;;;;;;;;;116.378;SIMPRO_VIG;2025-07-15;19;
SIMPRO;2026-04-12;material;0000155401;12;;3M BRASIL;CURATIVO TEGADERM CHG 07X08,5CM 25UNID.;;;;;;;;;;;;;;81.697;SIMPRO_VIG;2022-04-19;19;
SIMPRO;2026-04-12;material;0000145304;12;;3M BRASIL;CURATIVO TEGADERM CHG 08,5X11,5CM 25UNID.;;;;;;;;;;;;;;137.319;SIMPRO_VIG;2022-04-19;19;
SIMPRO;2026-04-12;material;0000179167;12;;3M BRASIL;CURATIVO TEGADERM CHG 10X12CM 25UNID.;;;;;;;;;;;;;;142.67;SIMPRO_VIG;2022-04-19;19;
SIMPRO;2026-04-12;material;0000145305;12;;3M BRASIL;CURATIVO TEGADERM CHG 10X15,5CM 25UNID.;;;;;;;;;;;;;;176.554;SIMPRO_VIG;2022-04-19;19;
SIMPRO;2026-04-12;material;0000270128;12;;3M BRASIL;CURATIVO TEGADERM FIXADOR CATETER IV ADVANCED 3,8X4,5CM 100UNID.;;;;;;;;;;;;;;37.128;SIMPRO_VIG;2023-06-21;19;
SIMPRO;2026-04-12;material;0000270129;12;;3M BRASIL;CURATIVO TEGADERM FIXADOR CATETER IV ADVANCED 5,0X5,7CM 100UNID.;;;;;;;;;;;;;;38.056;SIMPRO_VIG;2023-06-21;19;
SIMPRO;2026-04-12;material;0000266942;12;;3M BRASIL;CURATIVO TEGADERM FOAM ESPUMA ALTA PERFORMACE 13,9X13,9CM 5UNID.;;;;;;;;;;;;;;271.458;SIMPRO_VIG;2022-04-19;19;
SIMPRO;2026-04-12;material;0000266939;12;;3M BRASIL;CURATIVO TEGADERM FOAM ESPUMA ALTA PERFORMACE OVAL 10,0X11,0CM 10UNID.;;;;;;;;;;;;;;144.465;SIMPRO_VIG;2022-04-19;19;
SIMPRO;2026-04-12;material;0000266941;12;;3M BRASIL;CURATIVO TEGADERM FOAM ESPUMA ALTA PERFORMACE OVAL 19,0X22,2CM 5UNID.;;;;;;;;;;;;;;342.9;SIMPRO_VIG;2022-04-19;19;
SIMPRO;2026-04-12;material;0000266940;12;;3M BRASIL;CURATIVO TEGADERM FOAM ESPUMA ALTA PERFORMACE QUADRADA 14,3X14,3CM 10UNID.;;;;;;;;;;;;;;269.876;SIMPRO_VIG;2022-04-19;19;
SIMPRO;2026-04-12;material;0000179171;12;;3M BRASIL;CURATIVO TEGADERM ROLO 05CMX01MT;;;;;;;;;;;;;;1.231;SIMPRO_VIG;2022-04-19;19;
SIMPRO;2026-04-12;material;0000179170;12;;3M BRASIL;CURATIVO TEGADERM ROLO 05CMX10MT;;;;;;;;;;;;;;0.799;SIMPRO_VIG;2025-07-15;19;
SIMPRO;2026-04-12;material;0000179172;12;;3M BRASIL;CURATIVO TEGADERM ROLO 10CMX01MT;;;;;;;;;;;;;;2.109;SIMPRO_VIG;2022-04-19;19;
SIMPRO;2026-04-12;material;0000179168;12;;3M BRASIL;CURATIVO TEGADERM ROLO 10CMX10MT;;;;;;;;;;;;;;1.394;SIMPRO_VIG;2025-07-15;19;
SIMPRO;2026-04-12;material;0000117019;12;;3M BRASIL;CURATIVO TEGADERM ROLO 10CMX10MT 16004;;;;;;;;;;;;;;0.629;SIMPRO_VIG;2012-07-24;19;
SIMPRO;2026-04-12;material;0000179173;12;;3M BRASIL;CURATIVO TEGADERM ROLO 15CMX01MT;;;;;;;;;;;;;;2.93;SIMPRO_VIG;2022-04-19;19;
SIMPRO;2026-04-12;material;0000179169;12;;3M BRASIL;CURATIVO TEGADERM ROLO 15CMX10MT;;;;;;;;;;;;;;1.859;SIMPRO_VIG;2025-07-15;19;
SIMPRO;2026-04-12;material;0000117020;12;;3M BRASIL;CURATIVO TEGADERM ROLO 15CMX10MT 16006;;;;;;;;;;;;;;0.84;SIMPRO_VIG;2012-07-24;19;
SIMPRO;2026-04-12;material;0000117018;12;;3M BRASIL;CURATIVO TEGADERM ROLO 5CMX10MT 16002;;;;;;;;;;;;;;0.361;SIMPRO_VIG;2012-07-24;19;
SIMPRO;2026-04-12;material;0007520028;12;;3M BRASIL;CURATIVO TEGADERM TRANSPARENTE 04,4X04,4CM 100UNID.;;;;;;;;;;;;;;24.828;SIMPRO_VIG;2025-07-15;19;
SIMPRO;2026-04-12;material;0000265653;12;;3M BRASIL;CURATIVO TEGADERM TRANSPARENTE 05,0X05,7CM 100UNID.;;;;;;;;;;;;;;13.281;SIMPRO_VIG;2015-12-15;19;
SIMPRO;2026-04-12;material;0000145910;12;;3M BRASIL;CURATIVO TEGADERM TRANSPARENTE 05X05,7CM 100UNID.;;;;;;;;;;;;;;33.899;SIMPRO_VIG;2025-07-15;19;
SIMPRO;2026-04-12;material;0007520029;12;;3M BRASIL;CURATIVO TEGADERM TRANSPARENTE 06,0X07CM 100UNID.;;;;;;;;;;;;;;15.728;SIMPRO_VIG;2023-06-21;19;
SIMPRO;2026-04-12;material;0000163792;12;;3M BRASIL;CURATIVO TEGADERM TRANSPARENTE 07X07CM 100UNID.;;;;;;;;;;;;;;31.891;SIMPRO_VIG;2025-07-15;19;
SIMPRO;2026-04-12;material;0000163793;12;;3M BRASIL;CURATIVO TEGADERM TRANSPARENTE 08,5X10,5CM 50UNID.;;;;;;;;;;;;;;36.103;SIMPRO_VIG;2023-06-21;19;
SIMPRO;2026-04-12;material;0000145911;12;;3M BRASIL;CURATIVO TEGADERM TRANSPARENTE 08,9X11,5CM 50UNID.;;;;;;;;;;;;;;93.269;SIMPRO_VIG;2025-07-15;19;
SIMPRO;2026-04-12;material;0000265652;12;;3M BRASIL;CURATIVO TEGADERM TRANSPARENTE 08,9X11,5CM 50UNID.;;;;;;;;;;;;;;38.808;SIMPRO_VIG;2015-12-15;19;
SIMPRO;2026-04-12;material;0007520030;12;;3M BRASIL;CURATIVO TEGADERM TRANSPARENTE 10X12CM 50UNID.;;;;;;;;;;;;;;63.506;SIMPRO_VIG;2025-07-15;19;
SIMPRO;2026-04-12;material;0007520031;12;;3M BRASIL;CURATIVO TEGADERM TRANSPARENTE 10X25CM 20UNID.;;;;;;;;;;;;;;97.286;SIMPRO_VIG;2023-06-21;19;
SIMPRO;2026-04-12;material;0000338663;12;;3M BRASIL;CURATIVO TEGADERM TRANSPARENTE ABSORB OVAL 11,1X12,7CM 10UNID.;;;;;;;;;;;;;;295.6;SIMPRO_VIG;2023-03-21;19;
SIMPRO;2026-04-12;material;0000172420;12;;3M BRASIL;CURATIVO TEGADERM TRANSPARENTE ABSORB OVAL 11,1X12,7CM 5UNID.;;;;;;;;;;;;;;295.6;SIMPRO_VIG;2022-04-19;19;
SIMPRO;2026-04-12;material;0000338664;12;;3M BRASIL;CURATIVO TEGADERM TRANSPARENTE ABSORB OVAL 7,6X9,5CM 10UNID.;;;;;;;;;;;;;;215.512;SIMPRO_VIG;2023-03-21;19;
SIMPRO;2026-04-12;material;0000172419;12;;3M BRASIL;CURATIVO TEGADERM TRANSPARENTE ABSORB OVAL 7,6X9,5CM 5UNID.;;;;;;;;;;;;;;215.512;SIMPRO_VIG;2022-04-19;19;
SIMPRO;2026-04-12;material;0000172421;12;;3M BRASIL;CURATIVO TEGADERM TRANSPARENTE ABSORB QUA 14,9X15,2CM 5UNID.;;;;;;;;;;;;;;524.214;SIMPRO_VIG;2022-04-19;19;
SIMPRO;2026-04-12;material;0000172422;12;;3M BRASIL;CURATIVO TEGADERM TRANSPARENTE ABSORB SCR 16,8X19CM 5UNID.;;;;;;;;;;;;;;982.658;SIMPRO_VIG;2022-04-19;19;
SIMPRO;2026-04-12;material;0000179174;12;;3M BRASIL;CURATIVO TEGADERM TRANSPARENTE C/COMP.05X07CM 50UNID.;;;;;;;;;;;;;;28.457;SIMPRO_VIG;2025-07-15;19;
SIMPRO;2026-04-12;material;0000039098;12;;3M BRASIL;CURATIVO TEGADERM TRANSPARENTE C/COMP.06X10CM 50UNID.;;;;;;;;;;;;;;44.705;SIMPRO_VIG;2025-07-15;19;
SIMPRO;2026-04-12;material;0000179175;12;;3M BRASIL;CURATIVO TEGADERM TRANSPARENTE C/COMP.09X10CM 25UNID.;;;;;;;;;;;;;;83.507;SIMPRO_VIG;2025-07-15;19;
SIMPRO;2026-04-12;material;0000039100;12;;3M BRASIL;CURATIVO TEGADERM TRANSPARENTE C/COMP.09X25CM 25UNID.;;;;;;;;;;;;;;91.014;SIMPRO_VIG;2025-07-15;19;
SIMPRO;2026-04-12;material;0000046051;12;;3M BRASIL;CURATIVO TEGADERM TRANSPARENTE C/COMP.09X35CM 25UNID.;;;;;;;;;;;;;;88.996;SIMPRO_VIG;2022-04-19;19;
SIMPRO;2026-04-12;material;0000039097;12;;3M BRASIL;CURATIVO TEGADERM TRANSPARENTE C/COMP.5,0CMX7,0CM 50UNID3582;;;;;;;;;;;;;;10.032;SIMPRO_VIG;2012-07-24;19;
SIMPRO;2026-04-12;material;0000039099;12;;3M BRASIL;CURATIVO TEGADERM TRANSPARENTE C/COMP.9,0CMX10,0CM 25UNID 3586;;;;;;;;;;;;;;22.996;SIMPRO_VIG;2012-07-24;19;
SIMPRO;2026-04-12;material;0000294788;12;;3M BRASIL;CURATIVO TEGADERM TRANSPARENTE C/PAD 09X15CM 25UNID.;;;;;;;;;;;;;;41.191;SIMPRO_VIG;2022-04-19;19;
SIMPRO;2026-04-12;material;0000123216;12;;VENOSAN;CURATIVO TELA PARAFINADA LOMATUELL H 05X05CM;;;;;;;;;;;;;;15.03;SIMPRO_VIG;2025-07-29;19;
SIMPRO;2026-04-12;material;0000123220;12;;VENOSAN;CURATIVO TELA PARAFINADA LOMATUELL H 10X10CM;;;;;;;;;;;;;;28.3;SIMPRO_VIG;2025-07-29;19;
SIMPRO;2026-04-12;material;0000123219;12;;VENOSAN;CURATIVO TELA PARAFINADA LOMATUELL H 10X30CM;;;;;;;;;;;;;;92.1;SIMPRO_VIG;2025-07-29;19;
SIMPRO;2026-04-12;material;0000123218;12;;POLAR FIX;CURATIVO TELA PARAFINADA LOMATUELL H-10X20CM;;;;;;;;;;;;;;47.97;SIMPRO_VIG;2016-11-01;19;
SIMPRO;2026-04-12;material;0000123217;12;;AMBER;CURATIVO TELA PARAFINADA-LOMATUELL H-10X10CM 23315;;;;;;;;;;;;;;15.84;SIMPRO_VIG;2008-08-04;19;
SIMPRO;2026-04-12;material;0000123215;12;;AMBER;CURATIVO TELA PARAFINADA-LOMATUELL H-2CMX10M 13515;;;;;;;;;;;;;;528;SIMPRO_VIG;2008-08-04;19;
SIMPRO;2026-04-12;material;0000123214;12;;AMBER;CURATIVO TELA PARAFINADA-LOMATUELL H-2CMX1M 13514;;;;;;;;;;;;;;132;SIMPRO_VIG;2008-08-04;19;
SIMPRO;2026-04-12;material;0000258795;12;;MOLNLYCKE;CURATIVO TELA POLIAMIDA C/CAMADA SILICONE MEPITEL 05,0X07,5CM;;;;;;;;;;;;;;60.47;SIMPRO_VIG;2019-03-12;19;
SIMPRO;2026-04-12;material;0000258796;12;;MOLNLYCKE;CURATIVO TELA POLIAMIDA C/CAMADA SILICONE MEPITEL 07,5X10CM;;;;;;;;;;;;;;82.34;SIMPRO_VIG;2019-03-12;19;
SIMPRO;2026-04-12;material;0000258797;12;;MOLNLYCKE;CURATIVO TELA POLIAMIDA C/CAMADA SILICONE MEPITEL 10,0X18CM;;;;;;;;;;;;;;163.21;SIMPRO_VIG;2019-03-12;19;
SIMPRO;2026-04-12;material;0000258798;12;;MOLNLYCKE;CURATIVO TELA POLIAMIDA C/CAMADA SILICONE MEPITEL 20,0X30CM;;;;;;;;;;;;;;554.67;SIMPRO_VIG;2019-03-12;19;
SIMPRO;2026-04-12;material;0000258799;12;;MOLNLYCKE;CURATIVO TELA POLIURETANO C/CAMADA SILICONE MEPITEL ONE 05,0X07,5CM;;;;;;;;;;;;;;63.76;SIMPRO_VIG;2019-03-12;19;
SIMPRO;2026-04-12;material;0000258800;12;;MOLNLYCKE;CURATIVO TELA POLIURETANO C/CAMADA SILICONE MEPITEL ONE 07,5X10CM;;;;;;;;;;;;;;66.15;SIMPRO_VIG;2019-03-12;19;
SIMPRO;2026-04-12;material;0000258801;12;;MOLNLYCKE;CURATIVO TELA POLIURETANO C/CAMADA SILICONE MEPITEL ONE 10,0X18CM;;;;;;;;;;;;;;164.74;SIMPRO_VIG;2019-03-12;19;
SIMPRO;2026-04-12;material;0000258802;12;;MOLNLYCKE;CURATIVO TELA POLIURETANO C/CAMADA SILICONE MEPITEL ONE 17,0X25CM;;;;;;;;;;;;;;367.51;SIMPRO_VIG;2019-03-12;19;
SIMPRO;2026-04-12;material;0000143511;12;;CARDINAL HEALTH MS;CURATIVO TELFA C/ PHMB 0,2% N/ADERENTE C/ BORDA 10X20CM;;;;;;;;;;;;;;278.39;SIMPRO_VIG;2023-06-30;19;
SIMPRO;2026-04-12;material;0000143512;12;;CARDINAL HEALTH MS;CURATIVO TELFA C/PHMB 0,2% N/ADERENTE C/BORDA 10X25,5CM;;;;;;;;;;;;;;263.08;SIMPRO_VIG;2023-06-30;19;
SIMPRO;2026-04-12;material;0000143513;12;;CARDINAL HEALTH MS;CURATIVO TELFA C/PHMB 0,2% N/ADERENTE C/BORDA 10X35CM;;;;;;;;;;;;;;285.22;SIMPRO_VIG;2023-06-30;19;
SIMPRO;2026-04-12;material;0000143509;12;;CARDINAL HEALTH MS;CURATIVO TELFA C/PHMB 0,2% N/ADERENTE S/ BORDA 07,5X20CM;;;;;;;;;;;;;;116.69;SIMPRO_VIG;2023-06-30;19;
SIMPRO;2026-04-12;material;0000143508;12;;CARDINAL HEALTH MS;CURATIVO TELFA C/PHMB 0,2% N/ADERENTE S/BORDA 07,5X10CM;;;;;;;;;;;;;;93.03;SIMPRO_VIG;2023-06-30;19;
SIMPRO;2026-04-12;material;0000143510;12;;CARDINAL HEALTH MS;CURATIVO TELFA C/PHMB 0,2% N/ADERENTE S/BORDA 10X12,5CM;;;;;;;;;;;;;;134.81;SIMPRO_VIG;2023-06-30;19;
SIMPRO;2026-04-12;material;0000098875;12;;BACE;CURATIVO TENDERWET 10X10CM STERILE PAUL HARTMANN 6092863;;;;;;;;;;;;;;0;SIMPRO_VIG;2010-04-01;19;
SIMPRO;2026-04-12;material;0000098871;12;;BACE;CURATIVO TENDERWET SOLUTION 10ML PAUL HARTMANN 6094914;;;;;;;;;;;;;;0;SIMPRO_VIG;2010-04-01;19;
SIMPRO;2026-04-12;material;0000098872;12;;BACE;CURATIVO TENDERWET SOLUTION 15ML PAUL HARTMANN 6094905;;;;;;;;;;;;;;0;SIMPRO_VIG;2010-04-01;19;
SIMPRO;2026-04-12;material;0000098873;12;;BACE;CURATIVO TENDERWET SOLUTION 30ML PAUL HARTMANN 6094923;;;;;;;;;;;;;;0;SIMPRO_VIG;2010-04-01;19;
SIMPRO;2026-04-12;material;0000295539;12;;CONVATEC;CURATIVO TERAPIA PRESSAO NEGATIVA AVELLE 12X21CM 05UN DESC.1713635;;;;;;;;;;;;;;1154.496;SIMPRO_VIG;2026-03-12;19;
SIMPRO;2026-04-12;material;0000295540;12;;CONVATEC;CURATIVO TERAPIA PRESSAO NEGATIVA AVELLE 12X31CM 05UN DESC.1713636;;;;;;;;;;;;;;1427.328;SIMPRO_VIG;2026-03-12;19;
SIMPRO;2026-04-12;material;0000324226;12;;CONVATEC;CURATIVO TERAPIA PRESSAO NEGATIVA AVELLE 12X41CM 05UN DESC.1721223;;;;;;;;;;;;;;1508.64;SIMPRO_VIG;2026-03-12;19;
SIMPRO;2026-04-12;material;0000295537;12;;CONVATEC;CURATIVO TERAPIA PRESSAO NEGATIVA AVELLE 16X16CM 05UN DESC.1713633;;;;;;;;;;;;;;1091.552;SIMPRO_VIG;2026-03-12;19;
SIMPRO;2026-04-12;material;0000295538;12;;CONVATEC;CURATIVO TERAPIA PRESSAO NEGATIVA AVELLE 16X21CM 05UN DESC.1713634;;;;;;;;;;;;;;1301.888;SIMPRO_VIG;2026-03-12;19;
SIMPRO;2026-04-12;material;0000324227;12;;CONVATEC;CURATIVO TERAPIA PRESSAO NEGATIVA AVELLE 21X26CM 05UN DESC.1721224;;;;;;;;;;;;;;1373.792;SIMPRO_VIG;2026-03-12;19;
SIMPRO;2026-04-12;material;0000324228;12;;CONVATEC;CURATIVO TERAPIA PRESSAO NEGATIVA AVELLE 26X26CM 05UN DESC.1721225;;;;;;;;;;;;;;1621.984;SIMPRO_VIG;2026-03-12;19;
SIMPRO;2026-04-12;material;0000150475;12;;POOLTEX;CURATIVO TORAX GG REDE TUBULAR POOLFIX ROLO 10MT DESCANSO/25MT ESTICADO CAL.10 TARJA AZUL MARINHO;;;;;;;;;;;;;;0.762;SIMPRO_VIG;2010-11-12;19;
SIMPRO;2026-04-12;material;0000150470;12;;POOLTEX;CURATIVO TORAX GRD.REDE TUBULAR POOLFIX ROLO 10MT DESCANSO/25MT ESTICADO CAL.9 TARJA VERMELHA;;;;;;;;;;;;;;0.634;SIMPRO_VIG;2010-11-12;19;
SIMPRO;2026-04-12;material;0000150463;12;;POOLTEX;CURATIVO TORAX PEQ.REDE TUBULAR POOLFIX ROLO 10MT DESCANSO/25MT ESTICADO CAL.7 TARJA UVA;;;;;;;;;;;;;;0.434;SIMPRO_VIG;2010-11-12;19;
SIMPRO;2026-04-12;material;0000150467;12;;POOLTEX;CURATIVO TORAX REDE TUBULAR POOLFIX ROLO 10MT DESCANSO/25MT ESTICADO CAL.8 TARJA AZUL CLARO;;;;;;;;;;;;;;0.483;SIMPRO_VIG;2010-11-12;19;
SIMPRO;2026-04-12;material;0000094281;12;;MEDICAL BRASIL;CURATIVO TP.PELICULA RETICULADA RECONSTR. EPIDERMICA OMIDERM 08X10CM;;;;;;;;;;;;;;436.61;SIMPRO_VIG;2025-02-26;19;
SIMPRO;2026-04-12;material;0000094282;12;;MEDICAL BRASIL;CURATIVO TP.PELICULA RETICULADA RECONSTR. EPIDERMICA OMIDERM 18X10CM;;;;;;;;;;;;;;558.66;SIMPRO_VIG;2025-02-26;19;
SIMPRO;2026-04-12;material;0000094283;12;;MEDICAL BRASIL;CURATIVO TP.PELICULA RETICULADA RECONSTR. EPIDERMICA OMIDERM 21X31CM;;;;;;;;;;;;;;1700.42;SIMPRO_VIG;2025-02-26;19;
SIMPRO;2026-04-12;material;0000094280;12;;MEDICAL BRASIL;CURATIVO TP.PELICULA RETIRADA RECONSTRUTORA EPIDERMICA OMIDERM 05X07CM;;;;;;;;;;;;;;202.26;SIMPRO_VIG;2025-02-26;19;
SIMPRO;2026-04-12;material;0003953078;12;;ACELITY;CURATIVO TRANSP.POLIURETANO 05,1X07,6CM BIOCLUSIVE 100UNID;;;;;;;;;;;;;;6.32;SIMPRO_VIG;2015-01-06;19;
SIMPRO;2026-04-12;material;0003953079;12;;ACELITY;CURATIVO TRANSP.POLIURETANO 10,2X12,7CM BIOCLUSIVE 50UNID;;;;;;;;;;;;;;14;SIMPRO_VIG;2015-01-06;19;
SIMPRO;2026-04-12;material;0003953081;12;;ACELITY;CURATIVO TRANSP.POLIURETANO 10,2X25,4CM BIOCLUSIVE 20UNID;;;;;;;;;;;;;;35.85;SIMPRO_VIG;2015-01-06;19;
SIMPRO;2026-04-12;material;0003953080;12;;ACELITY;CURATIVO TRANSP.POLIURETANO 12,7X17,8CM BIOCLUSIVE 20UNID;;;;;;;;;;;;;;30.75;SIMPRO_VIG;2015-01-06;19;
SIMPRO;2026-04-12;material;0000305352;12;;CONCEITOS LOJA;CURATIVO TRANSPARENTE 06X07CM EST.;;;;;;;;;;;;;;6.83;SIMPRO_VIG;2019-02-07;19;
SIMPRO;2026-04-12;material;0000337142;12;;BMR MEDICAL;CURATIVO TRANSPARENTE 06X07CM ONCODERM;;;;;;;;;;;;;;41.09;SIMPRO_VIG;2026-03-31;19;
SIMPRO;2026-04-12;material;0000151675;12;;CREMER;CURATIVO TRANSPARENTE 10UNID.;;;;;;;;;;;;;;1.151;SIMPRO_VIG;2022-10-28;19;
SIMPRO;2026-04-12;material;0000305353;12;;CONCEITOS LOJA;CURATIVO TRANSPARENTE 10X10CM N/EST.;;;;;;;;;;;;;;505.05;SIMPRO_VIG;2019-02-07;19;
SIMPRO;2026-04-12;material;0000156327;12;;NIPRO MEDICAL;CURATIVO TRANSPARENTE 10X12CM 390MT SAFEFIX IVN NSF-IVN-1012EJ;;;;;;;;;;;;;;0.024;SIMPRO_VIG;2011-05-20;19;
SIMPRO;2026-04-12;material;0000305354;12;;CONCEITOS LOJA;CURATIVO TRANSPARENTE 10X12CM EST.;;;;;;;;;;;;;;12.6;SIMPRO_VIG;2019-02-07;19;
SIMPRO;2026-04-12;material;0000277117;12;;BMR MEDICAL;CURATIVO TRANSPARENTE 10X12CM ONCODERM;;;;;;;;;;;;;;41.09;SIMPRO_VIG;2026-03-31;19;
SIMPRO;2026-04-12;material;0000156318;12;;NIPRO MEDICAL;CURATIVO TRANSPARENTE 10X15CM 10MT SAFEDERM. NSD10-1015EJ;;;;;;;;;;;;;;1.098;SIMPRO_VIG;2011-05-20;19;
SIMPRO;2026-04-12;material;0000156322;12;;NIPRO MEDICAL;CURATIVO TRANSPARENTE 10X15CM 30MT SAFEDERM. NSD30-1015EJ;;;;;;;;;;;;;;0.24;SIMPRO_VIG;2011-05-20;19;
SIMPRO;2026-04-12;material;0000156323;12;;NIPRO MEDICAL;CURATIVO TRANSPARENTE 12X25CM 30MT SAFEDERM. NSD30-1225EJ;;;;;;;;;;;;;;0.21;SIMPRO_VIG;2011-05-20;19;
SIMPRO;2026-04-12;material;0000305355;12;;CONCEITOS LOJA;CURATIVO TRANSPARENTE 15X10CM N/EST.;;;;;;;;;;;;;;597.66;SIMPRO_VIG;2019-02-07;19;
SIMPRO;2026-04-12;material;0000151676;12;;CREMER;CURATIVO TRANSPARENTE 40UNID.;;;;;;;;;;;;;;0.807;SIMPRO_VIG;2022-10-28;19;
SIMPRO;2026-04-12;material;0000156315;12;;NIPRO MEDICAL;CURATIVO TRANSPARENTE 5X7CM 10MT SAFEDERM. NSD10-0507EJ;;;;;;;;;;;;;;0.99;SIMPRO_VIG;2011-05-20;19;
SIMPRO;2026-04-12;material;0000156319;12;;NIPRO MEDICAL;CURATIVO TRANSPARENTE 5X7CM 30MT SAFEDERM. NSD30-0507EJ;;;;;;;;;;;;;;0.314;SIMPRO_VIG;2011-05-20;19;
SIMPRO;2026-04-12;material;0000156325;12;;NIPRO MEDICAL;CURATIVO TRANSPARENTE 6X6CM 30MT SAFEFIX IVN NSF-IVN-0606EJ;;;;;;;;;;;;;;0.284;SIMPRO_VIG;2011-05-20;19;
SIMPRO;2026-04-12;material;0000156316;12;;NIPRO MEDICAL;CURATIVO TRANSPARENTE 6X7CM 10MT SAFEDERM NSD10-0607EJ;;;;;;;;;;;;;;1.05;SIMPRO_VIG;2011-05-20;19;
SIMPRO;2026-04-12;material;0000156320;12;;NIPRO MEDICAL;CURATIVO TRANSPARENTE 6X7CM 30MT SAFEDERM. NSD30-0607EJ;;;;;;;;;;;;;;0.315;SIMPRO_VIG;2011-05-20;19;
SIMPRO;2026-04-12;material;0000156326;12;;NIPRO MEDICAL;CURATIVO TRANSPARENTE 7X10CM 30MT SAFEFIX IVN NSF- IVN-0710EJ;;;;;;;;;;;;;;880;SIMPRO_VIG;2011-05-20;19;
SIMPRO;2026-04-12;material;0000156317;12;;NIPRO MEDICAL;CURATIVO TRANSPARENTE 8X12CM 10MT SAFEDERM NSD10-0812EJ;;;;;;;;;;;;;;1.095;SIMPRO_VIG;2011-05-20;19;
SIMPRO;2026-04-12;material;0000156321;12;;NIPRO MEDICAL;CURATIVO TRANSPARENTE 8X12CM 30MT SAFEDERM. NSD30-0812EJ;;;;;;;;;;;;;;0.316;SIMPRO_VIG;2011-05-20;19;
SIMPRO;2026-04-12;material;0000304114;12;;GADALI;CURATIVO TRANSPARENTE EST.POLIURETANO OCTACARE 5X07,5CM;;;;;;;;;;;;;;16;SIMPRO_VIG;2018-12-05;19;
SIMPRO;2026-04-12;material;0000304115;12;;GADALI;CURATIVO TRANSPARENTE EST.POLIURETANO OCTACARE 5X09,0CM;;;;;;;;;;;;;;25;SIMPRO_VIG;2018-12-05;19;
SIMPRO;2026-04-12;material;0000304116;12;;GADALI;CURATIVO TRANSPARENTE EST.POLIURETANO OCTACARE 9X10,0CM;;;;;;;;;;;;;;37;SIMPRO_VIG;2018-12-05;19;
SIMPRO;2026-04-12;material;0000304117;12;;GADALI;CURATIVO TRANSPARENTE EST.POLIURETANO OCTACARE 9X15,0CM;;;;;;;;;;;;;;47;SIMPRO_VIG;2018-12-05;19;
SIMPRO;2026-04-12;material;0000304118;12;;GADALI;CURATIVO TRANSPARENTE EST.POLIURETANO OCTACARE 9X20,0CM;;;;;;;;;;;;;;51;SIMPRO_VIG;2018-12-05;19;
SIMPRO;2026-04-12;material;0000304119;12;;GADALI;CURATIVO TRANSPARENTE EST.POLIURETANO OCTACARE 9X25,0CM;;;;;;;;;;;;;;62;SIMPRO_VIG;2018-12-05;19;
SIMPRO;2026-04-12;material;0000304120;12;;GADALI;CURATIVO TRANSPARENTE EST.POLIURETANO OCTACARE 9X30,0CM;;;;;;;;;;;;;;89.9;SIMPRO_VIG;2018-12-05;19;
SIMPRO;2026-04-12;material;0000355109;12;;DEALERMED;CURATIVO TRANSPARENTE EXACT FIX 10X12CM;;;;;;;;;;;;;;145;SIMPRO_VIG;2024-12-17;19;
SIMPRO;2026-04-12;material;0000304905;12;;CIRURGICA FERNANDES;CURATIVO TRANSPARENTE FRAME STYLE BORDA PROTECT PHARMAPLAST 10X10CM 150UNID.EST.;;;;;;;;;;;;;;8;SIMPRO_VIG;2019-01-23;19;
SIMPRO;2026-04-12;material;0000304906;12;;CIRURGICA FERNANDES;CURATIVO TRANSPARENTE FRAME STYLE BORDA PROTECT PHARMAPLAST 10X12CM 50UNID.EST.;;;;;;;;;;;;;;19.6;SIMPRO_VIG;2019-01-23;19;
SIMPRO;2026-04-12;material;0000304907;12;;CIRURGICA FERNANDES;CURATIVO TRANSPARENTE FRAME STYLE BORDA PROTECT PHARMAPLAST 10X15CM 150UNID.EST.;;;;;;;;;;;;;;8.133;SIMPRO_VIG;2019-01-23;19;
SIMPRO;2026-04-12;material;0000304908;12;;CIRURGICA FERNANDES;CURATIVO TRANSPARENTE FRAME STYLE BORDA PROTECT PHARMAPLAST 10X20CM 150UNID.EST.;;;;;;;;;;;;;;9;SIMPRO_VIG;2019-01-23;19;
SIMPRO;2026-04-12;material;0000304909;12;;CIRURGICA FERNANDES;CURATIVO TRANSPARENTE FRAME STYLE BORDA PROTECT PHARMAPLAST 10X25CM 75UNID.EST.;;;;;;;;;;;;;;19.067;SIMPRO_VIG;2019-01-23;19;
SIMPRO;2026-04-12;material;0000304910;12;;CIRURGICA FERNANDES;CURATIVO TRANSPARENTE FRAME STYLE BORDA PROTECT PHARMAPLAST 10X30CM 75UNID.EST.;;;;;;;;;;;;;;19.333;SIMPRO_VIG;2019-01-23;19;
SIMPRO;2026-04-12;material;0000304911;12;;CIRURGICA FERNANDES;CURATIVO TRANSPARENTE FRAME STYLE BORDA PROTECT PHARMAPLAST 15X20CM 50UNID.EST.;;;;;;;;;;;;;;29.6;SIMPRO_VIG;2019-01-23;19;
SIMPRO;2026-04-12;material;0000304912;12;;CIRURGICA FERNANDES;CURATIVO TRANSPARENTE FRAME STYLE BORDA PROTECT PHARMAPLAST 4,5X4,5CM 100UNID.EST.;;;;;;;;;;;;;;6.21;SIMPRO_VIG;2019-01-23;19;
SIMPRO;2026-04-12;material;0000304913;12;;CIRURGICA FERNANDES;CURATIVO TRANSPARENTE FRAME STYLE BORDA PROTECT PHARMAPLAST 4,8X6,7CM 100UNID.EST.;;;;;;;;;;;;;;6.421;SIMPRO_VIG;2019-01-23;19;
SIMPRO;2026-04-12;material;0000304914;12;;CIRURGICA FERNANDES;CURATIVO TRANSPARENTE FRAME STYLE BORDA PROTECT PHARMAPLAST 6,0X7,0CM 100UNID.EST.;;;;;;;;;;;;;;6.87;SIMPRO_VIG;2019-01-23;19;
SIMPRO;2026-04-12;material;0000291129;12;;SMITH & NEPHEW;CURATIVO TRANSPARENTE P/CATETER VENOSO ELECT IV 06X07CM 100UNID.;;;;;;;;;;;;;;4.733;SIMPRO_VIG;2024-05-08;19;
SIMPRO;2026-04-12;material;0000291130;12;;SMITH & NEPHEW;CURATIVO TRANSPARENTE P/CATETER VENOSO ELECT IV 10X12CM 50UNID.;;;;;;;;;;;;;;11.631;SIMPRO_VIG;2024-05-08;19;
SIMPRO;2026-04-12;material;0000241481;12;;BACE;CURATIVO TRANSPARENTE POLIUR.C/FENEST.P/FIX.CATETER HYDROFILM IV 9X7CM PAUL HARTMANN;;;;;;;;;;;;;;11.76;SIMPRO_VIG;2013-11-13;19;
SIMPRO;2026-04-12;material;0000241482;12;;PAUL HARTMANN;CURATIVO TRANSPARENTE POLIUR.C/FENEST.P/FIX.CATETER HYDROFILM IV CONTROL 9X7CM PAUL HARTMANN;;;;;;;;;;;;;;48;SIMPRO_VIG;2020-12-15;19;
SIMPRO;2026-04-12;material;0000038832;12;;J&J ETHICON;CURATIVO TRANSPARENTE POLIURETANO 4,4CMX6,9CM BIOCLUSIVE SELECT 100UNID 2474;;;;;;;;;;;;;;4.477;SIMPRO_VIG;2009-01-01;19;
SIMPRO;2026-04-12;material;0000101361;12;;B.BRAUN;CURATIVO TRANSPARENTE POLIURETANO ASKINA DERM 10X12CM 10UNID F72035;;;;;;;;;;;;;;15.23;SIMPRO_VIG;2007-05-14;19;
SIMPRO;2026-04-12;material;0000101364;12;;B.BRAUN;CURATIVO TRANSPARENTE POLIURETANO ASKINA DERM 10X12CM 50UNID F72036;;;;;;;;;;;;;;14.18;SIMPRO_VIG;2007-05-14;19;
SIMPRO;2026-04-12;material;0000101359;12;;B.BRAUN;CURATIVO TRANSPARENTE POLIURETANO ASKINA DERM 6X7CM 100UNID F72033;;;;;;;;;;;;;;5.25;SIMPRO_VIG;2007-05-31;19;
SIMPRO;2026-04-12;material;0000271777;12;;MOLNLYCKE;CURATIVO TRANSPARENTE POLIURETANO C/SILICONE MEPITEL FILM 06X7CM MHC;;;;;;;;;;;;;;28.67;SIMPRO_VIG;2024-09-10;19;
SIMPRO;2026-04-12;material;0000332163;12;;MOLNLYCKE;CURATIVO TRANSPARENTE POLIURETANO C/SILICONE MEPITEL FILM 06X7CM MHC;;;;;;;;;;;;;;28.67;SIMPRO_VIG;2024-09-10;19;
SIMPRO;2026-04-12;material;0000271778;12;;MOLNLYCKE;CURATIVO TRANSPARENTE POLIURETANO C/SILICONE MEPITEL FILM 10X12CM MHC;;;;;;;;;;;;;;48.52;SIMPRO_VIG;2024-09-10;19;
SIMPRO;2026-04-12;material;0000332164;12;;MOLNLYCKE;CURATIVO TRANSPARENTE POLIURETANO C/SILICONE MEPITEL FILM 10X12CM MHC;;;;;;;;;;;;;;48.52;SIMPRO_VIG;2024-09-10;19;
SIMPRO;2026-04-12;material;0000271779;12;;MOLNLYCKE;CURATIVO TRANSPARENTE POLIURETANO C/SILICONE MEPITEL FILM 10X25CM MHC;;;;;;;;;;;;;;74.99;SIMPRO_VIG;2024-09-10;19;
SIMPRO;2026-04-12;material;0000332165;12;;MOLNLYCKE;CURATIVO TRANSPARENTE POLIURETANO C/SILICONE MEPITEL FILM 10X25CM MHC;;;;;;;;;;;;;;74.99;SIMPRO_VIG;2024-09-10;19;
SIMPRO;2026-04-12;material;0000271780;12;;MOLNLYCKE;CURATIVO TRANSPARENTE POLIURETANO C/SILICONE MEPITEL FILM 15X20CM MHC;;;;;;;;;;;;;;83.8;SIMPRO_VIG;2024-09-10;19;
SIMPRO;2026-04-12;material;0000332166;12;;MOLNLYCKE;CURATIVO TRANSPARENTE POLIURETANO C/SILICONE MEPITEL FILM 15X20CM MHC;;;;;;;;;;;;;;83.8;SIMPRO_VIG;2024-09-10;19;
SIMPRO;2026-04-12;material;0000258790;12;;MOLNLYCKE;CURATIVO TRANSPARENTE POLIURETANO MEPORE FILM 06X07CM;;;;;;;;;;;;;;9.44;SIMPRO_VIG;2019-03-12;19;
SIMPRO;2026-04-12;material;0000258792;12;;MOLNLYCKE;CURATIVO TRANSPARENTE POLIURETANO MEPORE FILM 10X12CM;;;;;;;;;;;;;;25.62;SIMPRO_VIG;2019-03-12;19;
SIMPRO;2026-04-12;material;0000258793;12;;MOLNLYCKE;CURATIVO TRANSPARENTE POLIURETANO MEPORE FILM 10X25CM;;;;;;;;;;;;;;52.58;SIMPRO_VIG;2019-03-12;19;
SIMPRO;2026-04-12;material;0000258794;12;;MOLNLYCKE;CURATIVO TRANSPARENTE POLIURETANO MEPORE FILM 15X20CM;;;;;;;;;;;;;;80.15;SIMPRO_VIG;2019-03-12;19;
SIMPRO;2026-04-12;material;0000332094;12;;GOLDMED IMPORT;CURATIVO TRANSPARENTE POLIURETANO PAD ABSORVENTE MOLDURA PHARMAPORE PUFS 10X15CM EST.;;;;;;;;;;;;;;20.35;SIMPRO_VIG;2022-05-11;19;
SIMPRO;2026-04-12;material;0000332103;12;;GOLDMED IMPORT;CURATIVO TRANSPARENTE POLIURETANO PAD ABSORVENTE PHARMAPORE PU MED 07X06CM EST.;;;;;;;;;;;;;;13.63;SIMPRO_VIG;2022-05-11;19;
SIMPRO;2026-04-12;material;0000332095;12;;GOLDMED IMPORT;CURATIVO TRANSPARENTE POLIURETANO PAD ABSORVENTE PHARMAPORE PU MED 10X06CM EST.;;;;;;;;;;;;;;15.32;SIMPRO_VIG;2022-05-11;19;
SIMPRO;2026-04-12;material;0000151636;12;;PAUL HARTMANN;CURATIVO TRANSPARENTE POLIURETANO PHARMAPORE PU IV 5X5,7 PHARMAPLAST;;;;;;;;;;;;;;46.54;SIMPRO_VIG;2025-10-28;19;
SIMPRO;2026-04-12;material;0000151637;12;;PAUL HARTMANN;CURATIVO TRANSPARENTE POLIURETANO PHARMAPORE PU IV 7X9 PHARMAPLAST;;;;;;;;;;;;;;48.48;SIMPRO_VIG;2025-10-28;19;
SIMPRO;2026-04-12;material;0000151638;12;;PAUL HARTMANN;CURATIVO TRANSPARENTE POLIURETANO PHARMAPORE PU IV 8,5X11,5B PHARMAPLAST;;;;;;;;;;;;;;123.31;SIMPRO_VIG;2025-10-28;19;
SIMPRO;2026-04-12;material;0000263397;12;;DBS;CURATIVO TRANSPARENTE POLIURETANO SKINFIX 05CMX10MT;;;;;;;;;;;;;;0.399;SIMPRO_VIG;2015-11-04;19;
SIMPRO;2026-04-12;material;0000263399;12;;DBS;CURATIVO TRANSPARENTE POLIURETANO SKINFIX 10CMX10MT;;;;;;;;;;;;;;0.692;SIMPRO_VIG;2015-11-04;19;
SIMPRO;2026-04-12;material;0000286169;12;;DBS;CURATIVO TRANSPARENTE POLIURETANO SKINIFIX 15CMX10MT;;;;;;;;;;;;;;1.091;SIMPRO_VIG;2017-06-13;19;
SIMPRO;2026-04-12;material;0000304915;12;;CIRURGICA FERNANDES;CURATIVO TRANSPARENTE PROTECFILM PHARMAPLAST 10X12CM 50UN EST.;;;;;;;;;;;;;;24;SIMPRO_VIG;2019-01-23;19;
SIMPRO;2026-04-12;material;0000304916;12;;CIRURGICA FERNANDES;CURATIVO TRANSPARENTE PROTECFILM PHARMAPLAST 10X14CM 50UN EST.;;;;;;;;;;;;;;24.6;SIMPRO_VIG;2019-01-23;19;
SIMPRO;2026-04-12;material;0000304917;12;;CIRURGICA FERNANDES;CURATIVO TRANSPARENTE PROTECFILM PHARMAPLAST 10X16CM 50UN EST.;;;;;;;;;;;;;;25.6;SIMPRO_VIG;2019-01-23;19;
SIMPRO;2026-04-12;material;0000304918;12;;CIRURGICA FERNANDES;CURATIVO TRANSPARENTE PROTECFILM PHARMAPLAST 7,0X6,0CM 100UN EST.;;;;;;;;;;;;;;7.737;SIMPRO_VIG;2019-01-23;19;
SIMPRO;2026-04-12;material;0000304919;12;;CIRURGICA FERNANDES;CURATIVO TRANSPARENTE PROTECFILM PHARMAPLAST 7,5X10CM 100UN EST.;;;;;;;;;;;;;;5.05;SIMPRO_VIG;2019-01-23;19;
SIMPRO;2026-04-12;material;0000304920;12;;CIRURGICA FERNANDES;CURATIVO TRANSPARENTE PROTECFILM PHARMAPLAST 7,5X12CM 100UN EST.;;;;;;;;;;;;;;4.05;SIMPRO_VIG;2019-01-23;19;
SIMPRO;2026-04-12;material;0000332685;12;;CIRURGICA FERNANDES;CURATIVO TRANSPARENTE PROTECFILM PHARMAPLAST 7,5X5CM 100UN EST.;;;;;;;;;;;;;;5;SIMPRO_VIG;2022-06-17;19;
SIMPRO;2026-04-12;material;0000304921;12;;CIRURGICA FERNANDES;CURATIVO TRANSPARENTE PROTECFILM PHARMAPLAST 8,2X5CM 100UN EST.;;;;;;;;;;;;;;4.5;SIMPRO_VIG;2019-01-23;19;
SIMPRO;2026-04-12;material;0000304922;12;;CIRURGICA FERNANDES;CURATIVO TRANSPARENTE PROTECFILM PHARMAPLAST 8,5X6,5CM 100UN EST.;;;;;;;;;;;;;;5.3;SIMPRO_VIG;2019-01-23;19;
SIMPRO;2026-04-12;material;0000166902;12;;NIPRO NMC;CURATIVO TRANSPARENTE SAFE DERM 05X07CM 10MICRA;;;;;;;;;;;;;;10.89;SIMPRO_VIG;2022-10-20;19;
SIMPRO;2026-04-12;material;0000166903;12;;NIPRO NMC;CURATIVO TRANSPARENTE SAFE DERM 05X07CM 30MICRA;;;;;;;;;;;;;;10.36;SIMPRO_VIG;2022-10-20;19;
SIMPRO;2026-04-12;material;0000166905;12;;NIPRO NMC;CURATIVO TRANSPARENTE SAFE DERM 06X07CM 10MICRA;;;;;;;;;;;;;;11.55;SIMPRO_VIG;2022-10-20;19;
SIMPRO;2026-04-12;material;0000166906;12;;NIPRO NMC;CURATIVO TRANSPARENTE SAFE DERM 06X07CM 30MICRA;;;;;;;;;;;;;;10.38;SIMPRO_VIG;2022-10-20;19;
SIMPRO;2026-04-12;material;0000166909;12;;NIPRO NMC;CURATIVO TRANSPARENTE SAFE DERM 08X12CM 10MICRA;;;;;;;;;;;;;;24.09;SIMPRO_VIG;2022-10-20;19;
SIMPRO;2026-04-12;material;0000166910;12;;NIPRO NMC;CURATIVO TRANSPARENTE SAFE DERM 08X12CM 30MICRA;;;;;;;;;;;;;;20.86;SIMPRO_VIG;2022-10-20;19;
SIMPRO;2026-04-12;material;0000166899;12;;NIPRO NMC;CURATIVO TRANSPARENTE SAFE DERM 10X15CM 10MICRA;;;;;;;;;;;;;;24.16;SIMPRO_VIG;2022-10-20;19;
SIMPRO;2026-04-12;material;0000166900;12;;NIPRO NMC;CURATIVO TRANSPARENTE SAFE DERM 10X15CM 30MICRA;;;;;;;;;;;;;;15.84;SIMPRO_VIG;2022-10-20;19;
SIMPRO;2026-04-12;material;0000166901;12;;NIPRO NMC;CURATIVO TRANSPARENTE SAFE DERM 12X25CM 30MICRA;;;;;;;;;;;;;;34.73;SIMPRO_VIG;2022-10-20;19;
SIMPRO;2026-04-12;material;0000166908;12;;NIPRO NMC;CURATIVO TRANSPARENTE SAFE FIX 07X10CM 30MICRA;;;;;;;;;;;;;;14.48;SIMPRO_VIG;2022-10-20;19;
SIMPRO;2026-04-12;material;0000156324;12;;NIPRO NMC;CURATIVO TRANSPARENTE SAFE FIX 7X10CM 30MICRA;;;;;;;;;;;;;;14.49;SIMPRO_VIG;2022-10-20;19;
SIMPRO;2026-04-12;material;0000166904;12;;NIPRO NMC;CURATIVO TRANSPARENTE SAFE FIX IVN 06X06CM 30MICRA;;;;;;;;;;;;;;18.72;SIMPRO_VIG;2022-10-20;19;
SIMPRO;2026-04-12;material;0000166907;12;;NIPRO NMC;CURATIVO TRANSPARENTE SAFE FIX IVN 07X10CM 30MICRA;;;;;;;;;;;;;;19.36;SIMPRO_VIG;2022-10-20;19;
SIMPRO;2026-04-12;material;0000166898;12;;NIPRO NMC;CURATIVO TRANSPARENTE SAFE FIX IVN 10X12CM 30MICRA;;;;;;;;;;;;;;20.55;SIMPRO_VIG;2022-10-20;19;
SIMPRO;2026-04-12;material;0000369890;12;;SOL-MILLENNIUM;CURATIVO TRANSPARENTE SOL-CARE ABSORVENTE 06X08CM;;;;;;;;;;;;;;28.41;SIMPRO_VIG;2026-02-19;19;
SIMPRO;2026-04-12;material;0000369891;12;;SOL-MILLENNIUM;CURATIVO TRANSPARENTE SOL-CARE ABSORVENTE 10X10CM;;;;;;;;;;;;;;91.15;SIMPRO_VIG;2026-02-19;19;
SIMPRO;2026-04-12;material;0000369892;12;;SOL-MILLENNIUM;CURATIVO TRANSPARENTE SOL-CARE ABSORVENTE 10X15CM;;;;;;;;;;;;;;92.64;SIMPRO_VIG;2026-02-19;19;
SIMPRO;2026-04-12;material;0000369893;12;;SOL-MILLENNIUM;CURATIVO TRANSPARENTE SOL-CARE ABSORVENTE 10X20CM;;;;;;;;;;;;;;93.58;SIMPRO_VIG;2026-02-19;19;
SIMPRO;2026-04-12;material;0000369894;12;;SOL-MILLENNIUM;CURATIVO TRANSPARENTE SOL-CARE ABSORVENTE 10X25CM;;;;;;;;;;;;;;97.65;SIMPRO_VIG;2026-02-19;19;
SIMPRO;2026-04-12;material;0000369895;12;;SOL-MILLENNIUM;CURATIVO TRANSPARENTE SOL-CARE ABSORVENTE 10X30CM;;;;;;;;;;;;;;115.33;SIMPRO_VIG;2026-02-19;19;
SIMPRO;2026-04-12;material;0000369887;12;;SOL-MILLENNIUM;CURATIVO TRANSPARENTE SOL-CARE IV PREMIUM 06X07CM;;;;;;;;;;;;;;25.1;SIMPRO_VIG;2026-02-19;19;
SIMPRO;2026-04-12;material;0000369888;12;;SOL-MILLENNIUM;CURATIVO TRANSPARENTE SOL-CARE IV PREMIUM 07X09CM;;;;;;;;;;;;;;47.41;SIMPRO_VIG;2026-02-19;19;
SIMPRO;2026-04-12;material;0000369889;12;;SOL-MILLENNIUM;CURATIVO TRANSPARENTE SOL-CARE IV PREMIUM 10X12CM;;;;;;;;;;;;;;77.31;SIMPRO_VIG;2026-02-19;19;
SIMPRO;2026-04-12;material;0000369883;12;;SOL-MILLENNIUM;CURATIVO TRANSPARENTE SOL-CARE IV PREMIUM 10X12CM C/BORDAS;;;;;;;;;;;;;;75.03;SIMPRO_VIG;2026-02-19;19;
SIMPRO;2026-04-12;material;0000369884;12;;SOL-MILLENNIUM;CURATIVO TRANSPARENTE SOL-CARE IV PREMIUM 6,5X07CM C/BORDAS;;;;;;;;;;;;;;45.51;SIMPRO_VIG;2026-02-19;19;
SIMPRO;2026-04-12;material;0000369885;12;;SOL-MILLENNIUM;CURATIVO TRANSPARENTE SOL-CARE IV PREMIUM 7,0X8,5CM C/BORDAS;;;;;;;;;;;;;;81.75;SIMPRO_VIG;2026-02-19;19;
SIMPRO;2026-04-12;material;0000369886;12;;SOL-MILLENNIUM;CURATIVO TRANSPARENTE SOL-CARE IV PREMIUM 8,5X11,5CM C/BORDAS;;;;;;;;;;;;;;116.48;SIMPRO_VIG;2026-02-19;19;
SIMPRO;2026-04-12;material;0000354952;12;;SUTUPAR;CURATIVO TRANSPARENTE SURESITE WINDOW MEDLINE 10,16X11,43CM;;;;;;;;;;;;;;40;SIMPRO_VIG;2024-09-10;19;
SIMPRO;2026-04-12;material;0000354953;12;;SUTUPAR;CURATIVO TRANSPARENTE SURESITE WINDOW MEDLINE 6,03X6,98CM;;;;;;;;;;;;;;30;SIMPRO_VIG;2024-09-10;19;
SIMPRO;2026-04-12;material;0000240143;12;;CIRURGICA FERNANDES;CURATIVO TRANSPARENTE SURGIN LEEP LIBATAPE CIR.10X12CM 50UNID;;;;;;;;;;;;;;15.817;SIMPRO_VIG;2015-09-10;19;
SIMPRO;2026-04-12;material;0000245698;12;;CIRURGICA FERNANDES;CURATIVO TRANSPARENTE SURGIN LEEP LIBATAPE CIR.6X7CM 100UNID;;;;;;;;;;;;;;6.646;SIMPRO_VIG;2015-09-10;19;
SIMPRO;2026-04-12;material;0000128274;12;;CREMER;CURATIVO TRANSPARENTE TAM.XG 10UNID.;;;;;;;;;;;;;;4.508;SIMPRO_VIG;2022-10-28;19;
SIMPRO;2026-04-12;material;0000081825;12;;3M BRASIL;CURATIVO TRANSPARENTE TEGADERM 5CMX5,7CM;;;;;;;;;;;;;;6.73;SIMPRO_VIG;2010-04-01;19;
SIMPRO;2026-04-12;material;0000046050;12;;3M BRASIL;CURATIVO TRANSPARENTE TEGADERM 7,0CMX8,5CM 100UNID1633;;;;;;;;;;;;;;8.568;SIMPRO_VIG;2010-08-12;19;
SIMPRO;2026-04-12;material;0000039096;12;;3M BRASIL;CURATIVO TRANSPARENTE TEGADERM 8,5CMX10,5CM 50UNID1635;;;;;;;;;;;;;;16.182;SIMPRO_VIG;2010-08-12;19;
SIMPRO;2026-04-12;material;0000081826;12;;3M BRASIL;CURATIVO TRANSPARENTE TEGADERM 8,9CMX11,5CM;;;;;;;;;;;;;;7.81;SIMPRO_VIG;2010-04-01;19;
SIMPRO;2026-04-12;material;0000296311;12;;FARMA;CURATIVO URGOCLEAN URGO MEDICAL DESC.EST.10X10CM. L.M;;;;;;;;;;;;;;202.31;SIMPRO_VIG;2018-11-13;19;
SIMPRO;2026-04-12;material;0000253702;12;;FARMA;CURATIVO URGOCLEAN URGO MEDICAL DESC.EST.15X15CM. L.M;;;;;;;;;;;;;;333;SIMPRO_VIG;2018-11-13;19;
SIMPRO;2026-04-12;material;0000253701;12;;FARMA;CURATIVO URGOCLEAN URGO MEDICAL EST.DESC.10X10CM. L.M;;;;;;;;;;;;;;202.31;SIMPRO_VIG;2018-11-13;19;
SIMPRO;2026-04-12;material;0000295649;12;;URGO MEDICAL;CURATIVO URGOCLEAN-AG 10X10CM;;;;;;;;;;;;;;365.78;SIMPRO_VIG;2025-09-03;19;
SIMPRO;2026-04-12;material;0000295650;12;;URGO MEDICAL;CURATIVO URGOCLEAN-AG 15X15CM;;;;;;;;;;;;;;683.61;SIMPRO_VIG;2025-09-03;19;
SIMPRO;2026-04-12;material;0000295651;12;;URGO MEDICAL;CURATIVO URGOCLEAN-AG 15X20CM;;;;;;;;;;;;;;390;SIMPRO_VIG;2020-08-28;19;
SIMPRO;2026-04-12;material;0000295648;12;;FARMA;CURATIVO URGOCLEAN-AG 6X6CM. L.M;;;;;;;;;;;;;;101.15;SIMPRO_VIG;2018-10-23;19;
SIMPRO;2026-04-12;material;0000322169;12;;URGO MEDICAL;CURATIVO URGOSTART CONTACT 10X10CM;;;;;;;;;;;;;;396;SIMPRO_VIG;2025-09-03;19;
SIMPRO;2026-04-12;material;0000322171;12;;URGO MEDICAL;CURATIVO URGOSTART PLUS BORDER 15X15CM;;;;;;;;;;;;;;440;SIMPRO_VIG;2025-09-03;19;
SIMPRO;2026-04-12;material;0000322172;12;;URGO MEDICAL;CURATIVO URGOSTART PLUS BORDER 15X20CM;;;;;;;;;;;;;;468.6;SIMPRO_VIG;2025-09-03;19;
SIMPRO;2026-04-12;material;0000322173;12;;URGO MEDICAL;CURATIVO URGOSTART PLUS BORDER SACRUM;;;;;;;;;;;;;;517;SIMPRO_VIG;2025-09-03;19;
SIMPRO;2026-04-12;material;0000322170;12;;URGO MEDICAL;CURATIVO URGOSTART PLUS PAD 10X10CM;;;;;;;;;;;;;;396;SIMPRO_VIG;2025-09-03;19;
SIMPRO;2026-04-12;material;0000276992;12;;URGO MEDICAL;CURATIVO URGOTUL ABSORB BORDER URGO MEDICAL EST.DESC.10X10CM;;;;;;;;;;;;;;220;SIMPRO_VIG;2025-09-03;19;
SIMPRO;2026-04-12;material;0000276993;12;;URGO MEDICAL;CURATIVO URGOTUL ABSORB BORDER URGO MEDICAL EST.DESC.15X15CM;;;;;;;;;;;;;;330;SIMPRO_VIG;2025-09-03;19;
SIMPRO;2026-04-12;material;0000276994;12;;URGO MEDICAL;CURATIVO URGOTUL ABSORB BORDER URGO MEDICAL EST.DESC.20X20CM;;;;;;;;;;;;;;346.5;SIMPRO_VIG;2025-09-03;19;
SIMPRO;2026-04-12;material;0000348836;12;;URGO MEDICAL;CURATIVO URGOTUL AG URGO MEDICAL DESC.EST. 20X40CM;;;;;;;;;;;;;;1562;SIMPRO_VIG;2025-09-03;19;
SIMPRO;2026-04-12;material;0000272529;12;;URGO MEDICAL;CURATIVO URGOTUL AG URGO MEDICAL DESC.EST.10X12CM;;;;;;;;;;;;;;324.5;SIMPRO_VIG;2025-09-03;19;
SIMPRO;2026-04-12;material;0000272530;12;;URGO MEDICAL;CURATIVO URGOTUL AG URGO MEDICAL DESC.EST.15X15CM;;;;;;;;;;;;;;429;SIMPRO_VIG;2025-09-03;19;
SIMPRO;2026-04-12;material;0000276995;12;;FARMA;CURATIVO URGOTUL SAG URGO NEDICAL DESC.EST.15X20CM. L.M;;;;;;;;;;;;;;487.58;SIMPRO_VIG;2018-11-13;19;
SIMPRO;2026-04-12;material;0000261162;12;;URGO MEDICAL;CURATIVO URGOTUL URGO MEDICAL DESC.EST.10X10CM;;;;;;;;;;;;;;176;SIMPRO_VIG;2025-09-03;19;
SIMPRO;2026-04-12;material;0000279822;12;;URGO MEDICAL;CURATIVO URGOTUL URGO MEDICAL DESC.EST.20X30CM;;;;;;;;;;;;;;616;SIMPRO_VIG;2025-09-03;19;
SIMPRO;2026-04-12;material;0000294223;12;;URGO MEDICAL;CURATIVO URGOTUL URGO MEDICAL EST.DESC.15X15CM;;;;;;;;;;;;;;302.5;SIMPRO_VIG;2025-09-03;19;
SIMPRO;2026-04-12;material;0000324247;12;;3M BRASIL;CURATIVO V.A.C SIMPLACE EX.MEDIO C/KIT ESPONJA/PELICULA/COLETOR;;;;;;;;;;;;;;2227.25;SIMPRO_VIG;2023-05-18;19;
SIMPRO;2026-04-12;material;0000324248;12;;3M BRASIL;CURATIVO V.A.C SIMPLACE EX.PEQ.C/KIT ESPONJA/PELICULA/COLETOR;;;;;;;;;;;;;;1903.78;SIMPRO_VIG;2023-05-18;19;
SIMPRO;2026-04-12;material;0000178460;12;;3M BRASIL;CURATIVO V.A.C.P/ABDOME ABERTO ABTHERA SENSAR T.R.A.C.(ESPONJA/PELICULA/COLETOR);;;;;;;;;;;;;;9478.44;SIMPRO_VIG;2023-05-18;19;
SIMPRO;2026-04-12;material;0000178461;12;;3M BRASIL;CURATIVO V.A.C.WHITEFOAM GRD.CURATIVO/ESPONJA;;;;;;;;;;;;;;2456.49;SIMPRO_VIG;2023-05-18;19;
SIMPRO;2026-04-12;material;0000178462;12;;3M BRASIL;CURATIVO V.A.C.WHITEFOAM PEQ.CURATIVO/ESPONJA;;;;;;;;;;;;;;2355.45;SIMPRO_VIG;2023-05-18;19;
SIMPRO;2026-04-12;material;0000252231;12;;BIOTEC;CURATIVO VACUO BIODERM;;;;;;;;;;;;;;5400;SIMPRO_VIG;2014-11-28;19;
SIMPRO;2026-04-12;material;0000268967;12;;MOLNLYCKE;CURATIVO VISCOSE/POLIESTER ABSORVENTE IMPERMEAVEL MEPORE PRO 06X07CM;;;;;;;;;;;;;;18.07;SIMPRO_VIG;2016-12-20;19;
SIMPRO;2026-04-12;material;0000268968;12;;MOLNLYCKE;CURATIVO VISCOSE/POLIESTER ABSORVENTE IMPERMEAVEL MEPORE PRO 09X10CM;;;;;;;;;;;;;;42.03;SIMPRO_VIG;2016-12-20;19;
SIMPRO;2026-04-12;material;0000268969;12;;MOLNLYCKE;CURATIVO VISCOSE/POLIESTER ABSORVENTE IMPERMEAVEL MEPORE PRO 09X15CM;;;;;;;;;;;;;;33.68;SIMPRO_VIG;2016-12-20;19;
SIMPRO;2026-04-12;material;0000268970;12;;MOLNLYCKE;CURATIVO VISCOSE/POLIESTER ABSORVENTE IMPERMEAVEL MEPORE PRO 09X20CM;;;;;;;;;;;;;;43.91;SIMPRO_VIG;2016-12-20;19;
SIMPRO;2026-04-12;material;0000268971;12;;MOLNLYCKE;CURATIVO VISCOSE/POLIESTER ABSORVENTE IMPERMEAVEL MEPORE PRO 09X25CM;;;;;;;;;;;;;;54.13;SIMPRO_VIG;2016-12-20;19;
SIMPRO;2026-04-12;material;0000268972;12;;MOLNLYCKE;CURATIVO VISCOSE/POLIESTER ABSORVENTE IMPERMEAVEL MEPORE PRO 09X30CM;;;;;;;;;;;;;;77.45;SIMPRO_VIG;2016-12-20;19;
SIMPRO;2026-04-12;material;0000268954;12;;MOLNLYCKE;CURATIVO VISCOSE/POLIESTER ABSORVENTE MEPORE 06X07CM;;;;;;;;;;;;;;19.93;SIMPRO_VIG;2019-03-12;19;
SIMPRO;2026-04-12;material;0000268955;12;;MOLNLYCKE;CURATIVO VISCOSE/POLIESTER ABSORVENTE MEPORE 09X10CM;;;;;;;;;;;;;;46.34;SIMPRO_VIG;2019-03-12;19;
SIMPRO;2026-04-12;material;0000268957;12;;MOLNLYCKE;CURATIVO VISCOSE/POLIESTER ABSORVENTE MEPORE 09X15CM;;;;;;;;;;;;;;27.59;SIMPRO_VIG;2019-03-12;19;
SIMPRO;2026-04-12;material;0000268960;12;;MOLNLYCKE;CURATIVO VISCOSE/POLIESTER ABSORVENTE MEPORE 09X20CM;;;;;;;;;;;;;;48.41;SIMPRO_VIG;2019-03-12;19;
SIMPRO;2026-04-12;material;0000268963;12;;MOLNLYCKE;CURATIVO VISCOSE/POLIESTER ABSORVENTE MEPORE 09X25CM;;;;;;;;;;;;;;59.68;SIMPRO_VIG;2019-03-12;19;
SIMPRO;2026-04-12;material;0000268964;12;;MOLNLYCKE;CURATIVO VISCOSE/POLIESTER ABSORVENTE MEPORE 09X30CM;;;;;;;;;;;;;;85.39;SIMPRO_VIG;2019-03-12;19;
SIMPRO;2026-04-12;material;0000268966;12;;MOLNLYCKE;CURATIVO VISCOSE/POLIESTER ABSORVENTE MEPORE 09X35CM;;;;;;;;;;;;;;90.83;SIMPRO_VIG;2019-03-12;19;
SIMPRO;2026-04-12;material;0000276491;12;;PAUL HARTMANN;CURATIVO VIVANO ATRAUMAN SILICONE LAYER 10X20CM;;;;;;;;;;;;;;389;SIMPRO_VIG;2021-03-03;19;
SIMPRO;2026-04-12;material;0000349888;12;;PAUL HARTMANN;CURATIVO VIVANO ATRAUMAN SILICONE LAYER 10X20CM;;;;;;;;;;;;;;389;SIMPRO_VIG;2024-01-30;19;
SIMPRO;2026-04-12;material;0000276492;12;;PAUL HARTMANN;CURATIVO VIVANO ATRAUMAN SILICONE LAYER 20X30CM;;;;;;;;;;;;;;583.74;SIMPRO_VIG;2021-03-03;19;
SIMPRO;2026-04-12;material;0000276493;12;;PAUL HARTMANN;CURATIVO VIVANO ATRAUMAN SILICONE LAYER 7,5X10CM;;;;;;;;;;;;;;140;SIMPRO_VIG;2024-01-12;19;
SIMPRO;2026-04-12;material;0000255432;12;;BACE;CURATIVO VIVANO MALHA SILICONE 10X20CM;;;;;;;;;;;;;;192.7;SIMPRO_VIG;2020-05-06;19;
SIMPRO;2026-04-12;material;0000255433;12;;BACE;CURATIVO VIVANO MALHA SILICONE 20X30CM;;;;;;;;;;;;;;583.74;SIMPRO_VIG;2020-05-06;19;
SIMPRO;2026-04-12;material;0000255431;12;;BACE;CURATIVO VIVANO MALHA SILICONE 7,5X10CM;;;;;;;;;;;;;;124.94;SIMPRO_VIG;2020-05-06;19;
SIMPRO;2026-04-12;material;0000343642;12;;TAUROVITA;CURATIVO WOUND DRESSING 10X10CM FIXADOR CIRURGICO;;;;;;;;;;;;;;9;SIMPRO_VIG;2023-06-30;19;
SIMPRO;2026-04-12;material;0000343643;12;;TAUROVITA;CURATIVO WOUND DRESSING 10X15CM FIXADOR CIRURGICO;;;;;;;;;;;;;;12;SIMPRO_VIG;2023-06-30;19;
SIMPRO;2026-04-12;material;0000343644;12;;TAUROVITA;CURATIVO WOUND DRESSING 10X20CM FIXADOR CIRURGICO;;;;;;;;;;;;;;15;SIMPRO_VIG;2023-06-30;19;
SIMPRO;2026-04-12;material;0000343645;12;;TAUROVITA;CURATIVO WOUND DRESSING 10X25CM FIXADOR CIRURGICO;;;;;;;;;;;;;;19;SIMPRO_VIG;2023-06-30;19;
SIMPRO;2026-04-12;material;0000343646;12;;TAUROVITA;CURATIVO WOUND DRESSING 10X30CM FIXADOR CIRURGICO;;;;;;;;;;;;;;21;SIMPRO_VIG;2023-06-30;19;
SIMPRO;2026-04-12;material;0000343640;12;;TAUROVITA;CURATIVO WOUND DRESSING 6X7CM FIXADOR P/FISTULA;;;;;;;;;;;;;;8;SIMPRO_VIG;2023-06-30;19;
SIMPRO;2026-04-12;material;0000343641;12;;TAUROVITA;CURATIVO WOUND DRESSING 7X9CM FIXADOR P/FISTULA;;;;;;;;;;;;;;10;SIMPRO_VIG;2023-06-30;19;
SIMPRO;2026-04-12;material;0000331656;12;;TCI LABORATORIO;CURATIVO/BARREIRA PROTETORA 100ML;;;;;;;;;;;;;;379.5;SIMPRO_VIG;2023-08-31;19;
SIMPRO;2026-04-12;material;331656;12;;TCI LABORATORIO;CURATIVO/BARREIRA PROTETORA 100ML;;;;;;;;;;;;;;210;SIMPRO_VIG;0030-12-19;19;
SIMPRO;2026-04-12;material;354204;12;;TCI LABORATORIO;CURATIVO/BARREIRA PROTETORA 150ML;;;;;;;;;;;;;;299;SIMPRO_VIG;0030-12-19;19;
SIMPRO;2026-04-12;material;0000331657;12;;TCI LABORATORIO;CURATIVO/BARREIRA PROTETORA 250ML;;;;;;;;;;;;;;528;SIMPRO_VIG;2023-08-31;19;
SIMPRO;2026-04-12;material;331657;12;;TCI LABORATORIO;CURATIVO/BARREIRA PROTETORA 250ML;;;;;;;;;;;;;;320;SIMPRO_VIG;0030-12-19;19;
SIMPRO;2026-04-12;material;354203;12;;TCI LABORATORIO;CURATIVO/BARREIRA PROTETORA 50ML;;;;;;;;;;;;;;160;SIMPRO_VIG;0030-12-19;19;
SIMPRO;2026-04-12;material;354206;12;;TCI LABORATORIO;CURATIVO/BARREIRA PROTETORA REESTRUTURANTE 150G;;;;;;;;;;;;;;296;SIMPRO_VIG;0030-12-19;19;
SIMPRO;2026-04-12;material;354205;12;;TCI LABORATORIO;CURATIVO/BARREIRA PROTETORA REESTRUTURANTE 50G;;;;;;;;;;;;;;160;SIMPRO_VIG;0030-12-19;19;
SIMPRO;2026-04-12;material;0000325036;12;;TCI LABORATORIO;CURATIVO/BARREIRA PROTETORA RESTRUTURANTE 100ML HYCOS;;;;;;;;;;;;;;330;SIMPRO_VIG;2021-07-20;19;
SIMPRO;2026-04-12;material;0000328582;12;;TCI LABORATORIO;CURATIVO/BARREIRA PROTETORA RESTRUTURANTE 90G;;;;;;;;;;;;;;435;SIMPRO_VIG;2023-08-31;19;
SIMPRO;2026-04-12;material;328582;12;;TCI LABORATORIO;CURATIVO/BARREIRA PROTETORA RESTRUTURANTE 90G;;;;;;;;;;;;;;435;SIMPRO_VIG;0030-12-19;19;
SIMPRO;2026-04-12;material;0000325039;12;;TCI LABORATORIO;CURATIVO/DERMICO REGENERANTE 100G;;;;;;;;;;;;;;503.1;SIMPRO_VIG;2023-03-14;19;
SIMPRO;2026-04-12;material;325039;12;;TCI LABORATORIO;CURATIVO/DERMICO REGENERANTE 100G;;;;;;;;;;;;;;503.1;SIMPRO_VIG;0030-12-19;19;
SIMPRO;2026-04-12;material;354209;12;;TCI LABORATORIO;CURATIVO/DERMICO REGENETANTE 150G;;;;;;;;;;;;;;289;SIMPRO_VIG;0030-12-19;19;
SIMPRO;2026-04-12;material;354208;12;;TCI LABORATORIO;CURATIVO/DERMICO REGENETANTE 50G;;;;;;;;;;;;;;160;SIMPRO_VIG;0030-12-19;19;
SIMPRO;2026-04-12;material;0000328583;12;;TCI LABORATORIO;CURATIVO/REPARADOR 100G;;;;;;;;;;;;;;416;SIMPRO_VIG;2023-03-14;19;
SIMPRO;2026-04-12;material;328583;12;;TCI LABORATORIO;CURATIVO/REPARADOR 100G;;;;;;;;;;;;;;416;SIMPRO_VIG;0030-12-19;19;
SIMPRO;2026-04-12;material;354213;12;;TCI LABORATORIO;CURATIVO/REPARADOR 150G;;;;;;;;;;;;;;278;SIMPRO_VIG;0030-12-19;19;
SIMPRO;2026-04-12;material;0000325038;12;;TCI LABORATORIO;CURATIVO/REPARADOR 250G;;;;;;;;;;;;;;1277.1;SIMPRO_VIG;2023-08-31;19;
SIMPRO;2026-04-12;material;325038;12;;TCI LABORATORIO;CURATIVO/REPARADOR 250G;;;;;;;;;;;;;;540;SIMPRO_VIG;0030-12-19;19;
SIMPRO;2026-04-12;material;354212;12;;TCI LABORATORIO;CURATIVO/REPARADOR 50G;;;;;;;;;;;;;;160;SIMPRO_VIG;0030-12-19;19;
SIMPRO;2026-04-12;material;0000270838;12;;NEVE;CURATIVOS FARMA HIPOALERGICOS(ADULTO)19X72MM;;;;;;;;;;;;;;30.53;SIMPRO_VIG;2016-05-10;19;
SIMPRO;2026-04-12;material;0000270839;12;;NEVE;CURATIVOS FARMA HIPOALERGICOS(INFANTIL)DIVERSOS TAMANHOS;;;;;;;;;;;;;;26.01;SIMPRO_VIG;2016-05-10;19;
SIMPRO;2026-04-12;material;0000274846;12;;CIRURGICA FERNANDES;CURETA BECKMANN F1 10MM 22CM WELDON;;;;;;;;;;;;;;210.72;SIMPRO_VIG;2016-07-19;19;
SIMPRO;2026-04-12;material;0000112617;12;;CIRURGICA FERNANDES;CURETA BECKMANN P/ADENOIDE PROFESSIONAL 22CM LAM.10MM;;;;;;;;;;;;;;210.72;SIMPRO_VIG;2015-09-10;19;
SIMPRO;2026-04-12;material;0000112618;12;;CIRURGICA FERNANDES;CURETA BECKMANN P/ADENOIDE PROFESSIONAL 22CM LAM.11MM;;;;;;;;;;;;;;210.72;SIMPRO_VIG;2015-09-10;19;
SIMPRO;2026-04-12;material;0000112620;12;;CIRURGICA FERNANDES;CURETA BECKMANN P/ADENOIDE PROFESSIONAL 22CM LAM.13MM;;;;;;;;;;;;;;210.72;SIMPRO_VIG;2015-09-10;19;
SIMPRO;2026-04-12;material;0000112621;12;;CIRURGICA FERNANDES;CURETA BECKMANN P/ADENOIDE PROFESSIONAL 22CM LAM.15MM;;;;;;;;;;;;;;210.72;SIMPRO_VIG;2015-09-10;19;
SIMPRO;2026-04-12;material;0000112622;12;;CIRURGICA FERNANDES;CURETA BECKMANN P/ADENOIDE PROFESSIONAL 22CM LAM.16MM;;;;;;;;;;;;;;217.76;SIMPRO_VIG;2015-09-10;19;
SIMPRO;2026-04-12;material;0000112619;12;;CIRURGICA FERNANDES;CURETA BECKMANN P/ADENOIDE PROFESSIONAL 22CM LAM12.MM;;;;;;;;;;;;;;210.72;SIMPRO_VIG;2015-09-10;19;
SIMPRO;2026-04-12;material;0002410177;12;;ERWIN GUTH;CURETA BILLEAU P/CORPO ESTRANHO 18CM 320.001;;;;;;;;;;;;;;40.39;SIMPRO_VIG;2009-08-12;19;
SIMPRO;2026-04-12;material;0000112634;12;;CIRURGICA FERNANDES;CURETA BRUNS (VOLKMANN) 27CM OVAL 10,0MM DIAM.PROFESSIONAL;;;;;;;;;;;;;;254.76;SIMPRO_VIG;2015-09-10;19;
SIMPRO;2026-04-12;material;0000112630;12;;CIRURGICA FERNANDES;CURETA BRUNS (VOLKMANN) 27CM OVAL 6,0MM DIAM.PROFESSIONAL;;;;;;;;;;;;;;254.76;SIMPRO_VIG;2015-09-10;19;
SIMPRO;2026-04-12;material;0000112633;12;;CIRURGICA FERNANDES;CURETA BRUNS (VOLKMANN) 27CM OVAL 9,0MM DIAM.PROFESSIONAL;;;;;;;;;;;;;;254.76;SIMPRO_VIG;2015-09-10;19;
SIMPRO;2026-04-12;material;0000274413;12;;EDLO;CURETA BRUNS 17CM NR.01 07MM;;;;;;;;;;;;;;186.19;SIMPRO_VIG;2016-07-19;19;
SIMPRO;2026-04-12;material;0000274414;12;;EDLO;CURETA BRUNS 17CM NR.02 08MM;;;;;;;;;;;;;;186.19;SIMPRO_VIG;2016-07-19;19;
SIMPRO;2026-04-12;material;0000274415;12;;EDLO;CURETA BRUNS 17CM NR.03 09MM;;;;;;;;;;;;;;186.19;SIMPRO_VIG;2016-07-19;19;
SIMPRO;2026-04-12;material;0000274416;12;;EDLO;CURETA BRUNS 17CM NR.04 11MM;;;;;;;;;;;;;;186.19;SIMPRO_VIG;2016-07-19;19;
SIMPRO;2026-04-12;material;0000274417;12;;EDLO;CURETA BRUNS 17CM NR.05 13MM;;;;;;;;;;;;;;186.19;SIMPRO_VIG;2016-07-19;19;
SIMPRO;2026-04-12;material;0000274418;12;;EDLO;CURETA BRUNS 17CM NR.06 15MM;;;;;;;;;;;;;;186.19;SIMPRO_VIG;2016-07-19;19;
SIMPRO;2026-04-12;material;0000112623;12;;CIRURGICA FERNANDES;CURETA BRUNS 17CM PROFESSIONAL;;;;;;;;;;;;;;266.92;SIMPRO_VIG;2015-09-10;19;
SIMPRO;2026-04-12;material;0000112624;12;;CIRURGICA FERNANDES;CURETA BRUNS 17CM PROFESSIONAL;;;;;;;;;;;;;;292.97;SIMPRO_VIG;2015-09-10;19;
SIMPRO;2026-04-12;material;0000018436;12;;ERWIN GUTH;CURETA BRUNS NR.0 P/OSSOS 16CM 320.002C;;;;;;;;;;;;;;52.27;SIMPRO_VIG;2009-08-12;19;
SIMPRO;2026-04-12;material;0000018435;12;;ERWIN GUTH;CURETA BRUNS NR.00 P/OSSOS 16CM 320.002B;;;;;;;;;;;;;;52.27;SIMPRO_VIG;2009-08-12;19;
SIMPRO;2026-04-12;material;0000018434;12;;ERWIN GUTH;CURETA BRUNS NR.000 P/OSSOS 16CM 320.002A;;;;;;;;;;;;;;52.27;SIMPRO_VIG;2009-08-12;19;
SIMPRO;2026-04-12;material;0000122000;12;;ERWIN GUTH;CURETA BRUNS NR.0000 P/OSSO 16CM 320.002;;;;;;;;;;;;;;52.27;SIMPRO_VIG;2009-08-12;19;
SIMPRO;2026-04-12;material;0002410178;12;;ERWIN GUTH;CURETA BRUNS NR.01 P/OSSO 16CM 320.002D;;;;;;;;;;;;;;52.27;SIMPRO_VIG;2009-08-12;19;
SIMPRO;2026-04-12;material;0002410328;12;;ERWIN GUTH;CURETA BRUNS NR.02 P/OSSO 16CM 320.003;;;;;;;;;;;;;;52.27;SIMPRO_VIG;2009-08-12;19;
SIMPRO;2026-04-12;material;0002410329;12;;ERWIN GUTH;CURETA BRUNS NR.03 P/OSSO 16CM 320.004;;;;;;;;;;;;;;52.27;SIMPRO_VIG;2009-08-12;19;
SIMPRO;2026-04-12;material;0002410330;12;;ERWIN GUTH;CURETA BRUNS NR.04 P/OSSO 16CM 320.005;;;;;;;;;;;;;;52.27;SIMPRO_VIG;2009-08-12;19;
SIMPRO;2026-04-12;material;0002410337;12;;ERWIN GUTH;CURETA BRUNS NR.05 P/OSSO 16CM 320.006;;;;;;;;;;;;;;52.27;SIMPRO_VIG;2009-08-12;19;
SIMPRO;2026-04-12;material;0000058838;12;;ERWIN GUTH;CURETA BRUNS NR.06 P/OSSO 16CM 320.007;;;;;;;;;;;;;;52.27;SIMPRO_VIG;2009-08-12;19;
SIMPRO;2026-04-12;material;0000112625;12;;CIRURGICA FERNANDES;CURETA BRUNS(VOLKMANN)PROFESSIONAL 27CM OVAL 1,0MM DIAM.;;;;;;;;;;;;;;254.76;SIMPRO_VIG;2015-09-10;19;
SIMPRO;2026-04-12;material;0000112626;12;;CIRURGICA FERNANDES;CURETA BRUNS(VOLKMANN)PROFESSIONAL 27CM OVAL 2,0MM DIAM.;;;;;;;;;;;;;;254.76;SIMPRO_VIG;2015-09-10;19;
SIMPRO;2026-04-12;material;0000112627;12;;CIRURGICA FERNANDES;CURETA BRUNS(VOLKMANN)PROFESSIONAL 27CM OVAL 3,0MM DIAM.;;;;;;;;;;;;;;254.76;SIMPRO_VIG;2015-09-10;19;
SIMPRO;2026-04-12;material;0000112628;12;;CIRURGICA FERNANDES;CURETA BRUNS(VOLKMANN)PROFESSIONAL 27CM OVAL 4,0MM DIAM.;;;;;;;;;;;;;;254.76;SIMPRO_VIG;2015-09-10;19;
SIMPRO;2026-04-12;material;0000112629;12;;CIRURGICA FERNANDES;CURETA BRUNS(VOLKMANN)PROFESSIONAL 27CM OVAL 5,0MM DIAM.;;;;;;;;;;;;;;254.76;SIMPRO_VIG;2015-09-10;19;
SIMPRO;2026-04-12;material;0000112631;12;;CIRURGICA FERNANDES;CURETA BRUNS(VOLKMANN)PROFESSIONAL 27CM OVAL 7,0MM DIAM.;;;;;;;;;;;;;;254.76;SIMPRO_VIG;2015-09-10;19;
SIMPRO;2026-04-12;material;0000112632;12;;CIRURGICA FERNANDES;CURETA BRUNS(VOLKMANN)PROFESSIONAL 27CM OVAL 8,0MM DIAM.;;;;;;;;;;;;;;254.76;SIMPRO_VIG;2015-09-10;19;
SIMPRO;2026-04-12;material;0000112636;12;;CIRURGICA FERNANDES;CURETA BUCK CORTANTE 15CM 2,5MM DIAM.P/CERUME AURICULAR PROFESSIONAL;;;;;;;;;;;;;;210.72;SIMPRO_VIG;2015-09-10;19;
SIMPRO;2026-04-12;material;0000112637;12;;CIRURGICA FERNANDES;CURETA BUCK CORTANTE 15CM 3,0MM DIAM.P/CERUME AURICULAR PROFESSIONAL;;;;;;;;;;;;;;210.72;SIMPRO_VIG;2015-09-10;19;
SIMPRO;2026-04-12;material;0000112638;12;;CIRURGICA FERNANDES;CURETA BUCK CORTANTE 15CM 4,0MM DIAM.P/CERUME AURICULAR PROFESSIONAL;;;;;;;;;;;;;;210.72;SIMPRO_VIG;2015-09-10;19;
SIMPRO;2026-04-12;material;0000112639;12;;CIRURGICA FERNANDES;CURETA BUCK CORTANTE 15CM 4,5MM DIAM.P/CERUME AURICULAR PROFESSIONAL;;;;;;;;;;;;;;210.72;SIMPRO_VIG;2015-09-10;19;
SIMPRO;2026-04-12;material;0000112635;12;;CIRURGICA FERNANDES;CURETA BUCK CORTANTE P/CERUME AURICULAR PROFESSIONAL 15CM 2,2MM DIAM.;;;;;;;;;;;;;;210.72;SIMPRO_VIG;2015-09-10;19;
SIMPRO;2026-04-12;material;0000112645;12;;CIRURGICA FERNANDES;CURETA BUCK ROMBA 15CM 2,2MM DIAM.P/CERUME AURICULAR PROFESSIONAL;;;;;;;;;;;;;;210.72;SIMPRO_VIG;2015-09-10;19;
SIMPRO;2026-04-12;material;0000112646;12;;CIRURGICA FERNANDES;CURETA BUCK ROMBA 15CM 2,5MM DIAM.P/CERUME AURICULAR PROFESSIONAL;;;;;;;;;;;;;;210.72;SIMPRO_VIG;2015-09-10;19;
SIMPRO;2026-04-12;material;0000112648;12;;CIRURGICA FERNANDES;CURETA BUCK ROMBA 15CM 4,0MM DIAM.P/CERUME AURICULAR PROFESSIONAL;;;;;;;;;;;;;;210.72;SIMPRO_VIG;2015-09-10;19;
SIMPRO;2026-04-12;material;0000112647;12;;CIRURGICA FERNANDES;CURETA BUCK ROMBA P/CERUME AURICULAR PROFESSIONAL 15CM 3,0MM DIAM.;;;;;;;;;;;;;;210.72;SIMPRO_VIG;2015-09-10;19;
SIMPRO;2026-04-12;material;0000112649;12;;CIRURGICA FERNANDES;CURETA BUCK ROMBA P/CERUME AURICULAR PROFESSIONAL 15CM 4,5MM DIAM.;;;;;;;;;;;;;;210.72;SIMPRO_VIG;2015-09-10;19;
SIMPRO;2026-04-12;material;0000112643;12;;CIRURGICA FERNANDES;CURETA BUCK WULLSTEIN FIG.0 P/CERUME AURICULAR PROFESSIONAL;;;;;;;;;;;;;;210.72;SIMPRO_VIG;2015-09-10;19;
SIMPRO;2026-04-12;material;0000112642;12;;CIRURGICA FERNANDES;CURETA BUCK WULLSTEIN FIG.00 P/CERUME AURICULAR PROFESSIONAL;;;;;;;;;;;;;;210.72;SIMPRO_VIG;2015-09-10;19;
SIMPRO;2026-04-12;material;0000112652;12;;CIRURGICA FERNANDES;CURETA BUCK WULLSTEIN FIG.00 P/CERUME AURICULAR PROFESSIONAL;;;;;;;;;;;;;;210.72;SIMPRO_VIG;2015-09-10;19;
SIMPRO;2026-04-12;material;0000112641;12;;CIRURGICA FERNANDES;CURETA BUCK WULLSTEIN FIG.000 P/CERUME AURICULAR PROFESSIONAL;;;;;;;;;;;;;;210.72;SIMPRO_VIG;2015-09-10;19;
SIMPRO;2026-04-12;material;0000112651;12;;CIRURGICA FERNANDES;CURETA BUCK WULLSTEIN FIG.000 P/CERUME AURICULAR PROFESSIONAL;;;;;;;;;;;;;;210.72;SIMPRO_VIG;2015-09-10;19;
SIMPRO;2026-04-12;material;0000112654;12;;CIRURGICA FERNANDES;CURETA BUCK WULLSTEIN FIG.1 P/CERUME AURICULAR PROFESSIONAL;;;;;;;;;;;;;;210.72;SIMPRO_VIG;2015-09-10;19;
SIMPRO;2026-04-12;material;0000112640;12;;CIRURGICA FERNANDES;CURETA BUCK WULLSTEIN MICRO CORTANTE P/CERUME AURICULAR PROFESSIONAL 16CM 1,5MM DIAM.;;;;;;;;;;;;;;210.72;SIMPRO_VIG;2015-09-10;19;
SIMPRO;2026-04-12;material;0000112653;12;;CIRURGICA FERNANDES;CURETA BUCK WULLSTEIN P/CERUME AURICULAR PROFESSIONAL FIG.0;;;;;;;;;;;;;;210.72;SIMPRO_VIG;2015-09-10;19;
SIMPRO;2026-04-12;material;0000112650;12;;CIRURGICA FERNANDES;CURETA BUCK WULLSTEIN P/CERUME AURICULAR PROFESSIONAL FIG.0000;;;;;;;;;;;;;;210.72;SIMPRO_VIG;2015-09-10;19;
SIMPRO;2026-04-12;material;0000112644;12;;CIRURGICA FERNANDES;CURETA BUCK WULLSTEIN P/CERUME AURICULAR PROFESSIONAL FIG.1,1;;;;;;;;;;;;;;210.72;SIMPRO_VIG;2015-09-10;19;
SIMPRO;2026-04-12;material;0003968051;12;;PETROVICH;CURETA BUNGE DIAMETRO 7,0MM;;;;;;;;;;;;;;104;SIMPRO_VIG;2013-05-07;19;
SIMPRO;2026-04-12;material;0003968052;12;;PETROVICH;CURETA BUNGE DIAMETRO 8,5MM;;;;;;;;;;;;;;104;SIMPRO_VIG;2013-05-07;19;
SIMPRO;2026-04-12;material;0000112656;12;;CIRURGICA FERNANDES;CURETA COLLIN UTERINA PROFESSIONAL 28CM BOCA OVAL 10MM;;;;;;;;;;;;;;316.07;SIMPRO_VIG;2015-09-10;19;
SIMPRO;2026-04-12;material;0000112657;12;;CIRURGICA FERNANDES;CURETA COLLIN UTERINA PROFESSIONAL 28CM BOCA OVAL 12MM;;;;;;;;;;;;;;316.07;SIMPRO_VIG;2015-09-10;19;
SIMPRO;2026-04-12;material;0000112655;12;;CIRURGICA FERNANDES;CURETA COLLIN UTERINA PROFESSIONAL 28CM BOCA OVAL 8MM;;;;;;;;;;;;;;316.07;SIMPRO_VIG;2015-09-10;19;
SIMPRO;2026-04-12;material;0003968058;12;;PETROVICH;CURETA DAVIEL;;;;;;;;;;;;;;74;SIMPRO_VIG;2013-05-07;19;
SIMPRO;2026-04-12;material;0000080809;12;;EDLO;CURETA DE MOLT 18CM;;;;;;;;;;;;;;70.8;SIMPRO_VIG;2016-07-12;19;
SIMPRO;2026-04-12;material;0000301114;12;;CIRURGICA FERNANDES;CURETA DERMATOLOGICA DESC.2,0MM KAI;;;;;;;;;;;;;;98;SIMPRO_VIG;2018-08-15;19;
SIMPRO;2026-04-12;material;0000261377;12;;CIRURGICA FERNANDES;CURETA DERMATOLOGICA DESC.2MM INTEGRA MILTEX;;;;;;;;;;;;;;98;SIMPRO_VIG;2017-09-20;19;
SIMPRO;2026-04-12;material;0000298919;12;;CIRURGICA FERNANDES;CURETA DERMATOLOGICA DESC.2MM RAZORMED;;;;;;;;;;;;;;97;SIMPRO_VIG;2018-06-05;19;
SIMPRO;2026-04-12;material;0000301115;12;;CIRURGICA FERNANDES;CURETA DERMATOLOGICA DESC.3,0MM KAI;;;;;;;;;;;;;;98;SIMPRO_VIG;2018-08-15;19;
SIMPRO;2026-04-12;material;0000261378;12;;CIRURGICA FERNANDES;CURETA DERMATOLOGICA DESC.3MM INTEGRA MILTEX;;;;;;;;;;;;;;98;SIMPRO_VIG;2017-09-20;19;
SIMPRO;2026-04-12;material;0000298920;12;;CIRURGICA FERNANDES;CURETA DERMATOLOGICA DESC.3MM RAZORMED;;;;;;;;;;;;;;97;SIMPRO_VIG;2018-06-05;19;
SIMPRO;2026-04-12;material;0000301116;12;;CIRURGICA FERNANDES;CURETA DERMATOLOGICA DESC.4,0MM KAI;;;;;;;;;;;;;;98;SIMPRO_VIG;2018-08-15;19;
SIMPRO;2026-04-12;material;0000261379;12;;CIRURGICA FERNANDES;CURETA DERMATOLOGICA DESC.4MM INTEGRA MILTEX;;;;;;;;;;;;;;55;SIMPRO_VIG;2015-09-17;19;
SIMPRO;2026-04-12;material;0000298921;12;;CIRURGICA FERNANDES;CURETA DERMATOLOGICA DESC.4MM RAZORMED;;;;;;;;;;;;;;97;SIMPRO_VIG;2018-06-05;19;
SIMPRO;2026-04-12;material;0000301117;12;;CIRURGICA FERNANDES;CURETA DERMATOLOGICA DESC.5,0MM KAI;;;;;;;;;;;;;;98;SIMPRO_VIG;2018-08-15;19;
SIMPRO;2026-04-12;material;0000261380;12;;CIRURGICA FERNANDES;CURETA DERMATOLOGICA DESC.5MM INTEGRA MILTEX;;;;;;;;;;;;;;98;SIMPRO_VIG;2017-09-20;19;
SIMPRO;2026-04-12;material;0000298922;12;;CIRURGICA FERNANDES;CURETA DERMATOLOGICA DESC.5MM RAZORMED;;;;;;;;;;;;;;97;SIMPRO_VIG;2018-06-05;19;
SIMPRO;2026-04-12;material;0000301118;12;;CIRURGICA FERNANDES;CURETA DERMATOLOGICA DESC.7,0MM KAI;;;;;;;;;;;;;;98;SIMPRO_VIG;2018-08-15;19;
SIMPRO;2026-04-12;material;0000261381;12;;CIRURGICA FERNANDES;CURETA DERMATOLOGICA DESC.7MM INTEGRA MILTEX;;;;;;;;;;;;;;98;SIMPRO_VIG;2017-09-20;19;
SIMPRO;2026-04-12;material;0000107612;12;;KOLPLAST;CURETA DERMATOLOGICA DESC.METALICA NR.2 4UNID;;;;;;;;;;;;;;12.345;SIMPRO_VIG;2008-09-01;19;
SIMPRO;2026-04-12;material;0000107617;12;;KOLPLAST;CURETA DERMATOLOGICA DESC.METALICA NR.2 8UNID;;;;;;;;;;;;;;8.655;SIMPRO_VIG;2006-10-02;19;
SIMPRO;2026-04-12;material;0000107613;12;;KOLPLAST;CURETA DERMATOLOGICA DESC.METALICA NR.3 4UNID;;;;;;;;;;;;;;12.345;SIMPRO_VIG;2008-09-01;19;
SIMPRO;2026-04-12;material;0000107618;12;;KOLPLAST;CURETA DERMATOLOGICA DESC.METALICA NR.3 8UNID;;;;;;;;;;;;;;8.655;SIMPRO_VIG;2006-10-02;19;
SIMPRO;2026-04-12;material;0000107614;12;;KOLPLAST;CURETA DERMATOLOGICA DESC.METALICA NR.4 4UNID;;;;;;;;;;;;;;12.345;SIMPRO_VIG;2008-09-01;19;
SIMPRO;2026-04-12;material;0000107619;12;;KOLPLAST;CURETA DERMATOLOGICA DESC.METALICA NR.4 8UNID;;;;;;;;;;;;;;8.655;SIMPRO_VIG;2006-10-02;19;
SIMPRO;2026-04-12;material;0000107615;12;;KOLPLAST;CURETA DERMATOLOGICA DESC.METALICA NR.5 4UNID;;;;;;;;;;;;;;12.345;SIMPRO_VIG;2008-09-01;19;
SIMPRO;2026-04-12;material;0000107620;12;;KOLPLAST;CURETA DERMATOLOGICA DESC.METALICA NR.5 8UNID;;;;;;;;;;;;;;8.655;SIMPRO_VIG;2006-10-02;19;
SIMPRO;2026-04-12;material;0000107616;12;;KOLPLAST;CURETA DERMATOLOGICA DESC.METALICA NR.6 4UNID;;;;;;;;;;;;;;12.345;SIMPRO_VIG;2008-09-01;19;
SIMPRO;2026-04-12;material;0000107621;12;;KOLPLAST;CURETA DERMATOLOGICA DESC.METALICA NR.6 8UNID;;;;;;;;;;;;;;8.655;SIMPRO_VIG;2006-10-02;19;
SIMPRO;2026-04-12;material;0000097888;12;;KOLPLAST;CURETA DERMATOLOGICA DESC.NR.02;;;;;;;;;;;;;;3.8;SIMPRO_VIG;2006-10-02;19;
SIMPRO;2026-04-12;material;0000097889;12;;KOLPLAST;CURETA DERMATOLOGICA DESC.NR.03;;;;;;;;;;;;;;3.8;SIMPRO_VIG;2006-10-02;19;
SIMPRO;2026-04-12;material;0000097890;12;;KOLPLAST;CURETA DERMATOLOGICA DESC.NR.04;;;;;;;;;;;;;;3.8;SIMPRO_VIG;2006-10-02;19;
SIMPRO;2026-04-12;material;0000097891;12;;KOLPLAST;CURETA DERMATOLOGICA DESC.NR.05;;;;;;;;;;;;;;3.8;SIMPRO_VIG;2006-10-02;19;
SIMPRO;2026-04-12;material;0000097892;12;;KOLPLAST;CURETA DERMATOLOGICA DESC.NR.06;;;;;;;;;;;;;;3.8;SIMPRO_VIG;2006-10-02;19;
SIMPRO;2026-04-12;material;0000000935;12;;ERWIN GUTH;CURETA DESJARDINS NR.01 28CM 950.060A;;;;;;;;;;;;;;80.78;SIMPRO_VIG;2009-08-12;19;
SIMPRO;2026-04-12;material;0000000936;12;;ERWIN GUTH;CURETA DESJARDINS NR.02 28CM 950.060B;;;;;;;;;;;;;;80.78;SIMPRO_VIG;2009-08-12;19;
SIMPRO;2026-04-12;material;0000000937;12;;ERWIN GUTH;CURETA DESJARDINS NR.03 28CM 950.060C;;;;;;;;;;;;;;80.78;SIMPRO_VIG;2009-08-12;19;
SIMPRO;2026-04-12;material;0000000938;12;;ERWIN GUTH;CURETA DESJARDINS NR.04 28CM 950.060D;;;;;;;;;;;;;;80.78;SIMPRO_VIG;2009-08-12;19;
SIMPRO;2026-04-12;material;0000112658;12;;CIRURGICA FERNANDES;CURETA DESJARDINS P/CALCULO BILIAR PROFESSIONAL 30CM CONCHA 6MM;;;;;;;;;;;;;;168.59;SIMPRO_VIG;2015-09-10;19;
SIMPRO;2026-04-12;material;0000112659;12;;CIRURGICA FERNANDES;CURETA DESJARDINS P/CALCULO BILIAR PROFESSIONAL 30CM CONCHA 7MM;;;;;;;;;;;;;;168.59;SIMPRO_VIG;2015-09-10;19;
SIMPRO;2026-04-12;material;0000112660;12;;CIRURGICA FERNANDES;CURETA DESJARDINS P/CALCULO BILIAR PROFESSIONAL 30CM CONCHA 8MM;;;;;;;;;;;;;;168.59;SIMPRO_VIG;2015-09-10;19;
SIMPRO;2026-04-12;material;0000112661;12;;CIRURGICA FERNANDES;CURETA DESJARDINS P/CALCULO BILIAR PROFESSIONAL 30CM CONCHA 9MM;;;;;;;;;;;;;;168.59;SIMPRO_VIG;2015-09-10;19;
SIMPRO;2026-04-12;material;0006230249;12;;RICHTER;CURETA DUPLA P/MOLUSCO 16CM;;;;;;;;;;;;;;160;SIMPRO_VIG;2024-07-30;19;
SIMPRO;2026-04-12;material;0000036722;12;;RICHTER;CURETA DUPLA P/MOLUSCO FECH.;;;;;;;;;;;;;;173;SIMPRO_VIG;2024-07-30;19;
SIMPRO;2026-04-12;material;0000274813;12;;CIRURGICA FERNANDES;CURETA FOX 03MMX14,5CM WELDON;;;;;;;;;;;;;;105.36;SIMPRO_VIG;2016-07-19;19;
SIMPRO;2026-04-12;material;0000274814;12;;CIRURGICA FERNANDES;CURETA FOX 4MMX14,5CM WELDON;;;;;;;;;;;;;;105.36;SIMPRO_VIG;2016-07-19;19;
SIMPRO;2026-04-12;material;0000274815;12;;CIRURGICA FERNANDES;CURETA FOX 6MMX14,5CM WELDON;;;;;;;;;;;;;;112.4;SIMPRO_VIG;2016-07-19;19;
SIMPRO;2026-04-12;material;0000112662;12;;CIRURGICA FERNANDES;CURETA FOX CUTANEA PROFESSIONAL 14,5CM BOCA REDONDA 3MM DIAM.;;;;;;;;;;;;;;105.36;SIMPRO_VIG;2015-09-10;19;
SIMPRO;2026-04-12;material;0000112665;12;;CIRURGICA FERNANDES;CURETA FOX CUTANEA PROFESSIONAL 14,5CM BOCA REDONDA 6MM DIAM.;;;;;;;;;;;;;;112.4;SIMPRO_VIG;2015-09-10;19;
SIMPRO;2026-04-12;material;0000112663;12;;CIRURGICA FERNANDES;CURETA FOX CUTANEA PROFESSIONAL14,5CM BOCA REDONDA 4MM DIAM.;;;;;;;;;;;;;;105.36;SIMPRO_VIG;2015-09-10;19;
SIMPRO;2026-04-12;material;0000112664;12;;CIRURGICA FERNANDES;CURETA FOX CUTANEA PROFESSIONAL14,5CM BOCA REDONDA 5MM DIAM.;;;;;;;;;;;;;;115.52;SIMPRO_VIG;2015-09-10;19;
SIMPRO;2026-04-12;material;0000000582;12;;ERWIN GUTH;CURETA GRACEY 1/2 470.147A;;;;;;;;;;;;;;23.76;SIMPRO_VIG;2009-08-12;19;
SIMPRO;2026-04-12;material;0000000587;12;;ERWIN GUTH;CURETA GRACEY 11/12 470.148B;;;;;;;;;;;;;;23.76;SIMPRO_VIG;2009-08-12;19;
SIMPRO;2026-04-12;material;0000000588;12;;ERWIN GUTH;CURETA GRACEY 13/14 470.148C;;;;;;;;;;;;;;23.76;SIMPRO_VIG;2009-08-12;19;
SIMPRO;2026-04-12;material;0000000583;12;;ERWIN GUTH;CURETA GRACEY 3/4 470.147B;;;;;;;;;;;;;;23.76;SIMPRO_VIG;2009-08-12;19;
SIMPRO;2026-04-12;material;0000000584;12;;ERWIN GUTH;CURETA GRACEY 5/6 470.147C;;;;;;;;;;;;;;23.76;SIMPRO_VIG;2009-08-12;19;
SIMPRO;2026-04-12;material;0000000585;12;;ERWIN GUTH;CURETA GRACEY 7/8 470.147D;;;;;;;;;;;;;;23.76;SIMPRO_VIG;2009-08-12;19;
SIMPRO;2026-04-12;material;0000000586;12;;ERWIN GUTH;CURETA GRACEY 9/10 470.148A;;;;;;;;;;;;;;23.76;SIMPRO_VIG;2009-08-12;19;
SIMPRO;2026-04-12;material;0000112668;12;;CIRURGICA FERNANDES;CURETA GUSBERG P/BIOPSIA CERVICAL PROFESSIONAL 24CM BOCA ENCAIXE 11,0MM;;;;;;;;;;;;;;561.96;SIMPRO_VIG;2015-09-10;19;
SIMPRO;2026-04-12;material;0000112666;12;;CIRURGICA FERNANDES;CURETA GUSBERG P/BIOPSIA CERVICAL PROFESSIONAL 24CM BOCA ENCAIXE 5,7MM;;;;;;;;;;;;;;554.89;SIMPRO_VIG;2015-09-10;19;
SIMPRO;2026-04-12;material;0000112667;12;;CIRURGICA FERNANDES;CURETA GUSBERG P/BIOPSIA CERVICAL PROFESSIONAL 24CM BOCA ENCAIXE 8,0MM;;;;;;;;;;;;;;554.89;SIMPRO_VIG;2015-09-10;19;
SIMPRO;2026-04-12;material;0000112671;12;;CIRURGICA FERNANDES;CURETA KERPEL PROFESSIONAL 15CM ACOTOVELADA P/DIR.CORTANTE BOCA OVAL 2MM DIAM.;;;;;;;;;;;;;;238.02;SIMPRO_VIG;2015-09-10;19;
SIMPRO;2026-04-12;material;0000112669;12;;CIRURGICA FERNANDES;CURETA KERPEL PROFESSIONAL 15CM RETA CORTANTE BOCA OVAL 2MM DIAM.;;;;;;;;;;;;;;234.94;SIMPRO_VIG;2015-09-10;19;
SIMPRO;2026-04-12;material;0000112670;12;;CIRURGICA FERNANDES;CURETA KERPEL PROFESSIONAL 15CM RETA CORTANTE BOCA OVAL 3MM DIAM.;;;;;;;;;;;;;;238.02;SIMPRO_VIG;2015-09-10;19;
SIMPRO;2026-04-12;material;0000000579;12;;ERWIN GUTH;CURETA LUCAS 85 DUPLA 470.145A;;;;;;;;;;;;;;8.08;SIMPRO_VIG;2009-08-12;19;
SIMPRO;2026-04-12;material;0000000580;12;;ERWIN GUTH;CURETA LUCAS 86 DUPLA 470.145B;;;;;;;;;;;;;;8.08;SIMPRO_VIG;2009-08-12;19;
SIMPRO;2026-04-12;material;0000000581;12;;ERWIN GUTH;CURETA LUCAS 87 DUPLA 470.145C;;;;;;;;;;;;;;8.08;SIMPRO_VIG;2009-08-12;19;
SIMPRO;2026-04-12;material;0000000589;12;;ERWIN GUTH;CURETA MC CALL 13/14 470.150A;;;;;;;;;;;;;;23.76;SIMPRO_VIG;2009-08-12;19;
SIMPRO;2026-04-12;material;0000000590;12;;ERWIN GUTH;CURETA MC CALL 15/16 470.150B;;;;;;;;;;;;;;23.76;SIMPRO_VIG;2009-08-12;19;
SIMPRO;2026-04-12;material;0000000591;12;;ERWIN GUTH;CURETA MC CALL 17/18 470.150C;;;;;;;;;;;;;;23.76;SIMPRO_VIG;2009-08-12;19;
SIMPRO;2026-04-12;material;0000000592;12;;ERWIN GUTH;CURETA MC CALL 19/20 470.150D;;;;;;;;;;;;;;23.76;SIMPRO_VIG;2009-08-12;19;
SIMPRO;2026-04-12;material;0000000593;12;;ERWIN GUTH;CURETA MEAD 01 DUPLA 470.155A;;;;;;;;;;;;;;10.69;SIMPRO_VIG;2009-08-12;19;
SIMPRO;2026-04-12;material;0000000594;12;;ERWIN GUTH;CURETA MEAD 02 DUPLA 470.155B;;;;;;;;;;;;;;10.69;SIMPRO_VIG;2009-08-12;19;
SIMPRO;2026-04-12;material;0000000595;12;;ERWIN GUTH;CURETA MEAD 03 DUPLA 470.155C;;;;;;;;;;;;;;10.69;SIMPRO_VIG;2009-08-12;19;
SIMPRO;2026-04-12;material;0000000596;12;;ERWIN GUTH;CURETA MEAD 04 DUPLA 470.155D;;;;;;;;;;;;;;10.69;SIMPRO_VIG;2009-08-12;19;
SIMPRO;2026-04-12;material;0000000597;12;;ERWIN GUTH;CURETA MEAD 05 DUPLA 470.155E;;;;;;;;;;;;;;10.69;SIMPRO_VIG;2009-08-12;19;
SIMPRO;2026-04-12;material;0000112673;12;;CIRURGICA FERNANDES;CURETA MEYHOEFER 14CM CORTANTE 2,5MM DIAM.PROFESSIONAL;;;;;;;;;;;;;;172.57;SIMPRO_VIG;2015-09-10;19;
SIMPRO;2026-04-12;material;0000112676;12;;CIRURGICA FERNANDES;CURETA MEYHOEFER 14CM CORTANTE 5,0MM DIAM.PROFESSIONAL;;;;;;;;;;;;;;172.57;SIMPRO_VIG;2015-09-10;19;
SIMPRO;2026-04-12;material;0000112672;12;;CIRURGICA FERNANDES;CURETA MEYHOEFER PROFESSIONAL 14CM CORTANTE 2,0MM DIAM.;;;;;;;;;;;;;;172.57;SIMPRO_VIG;2015-09-10;19;
SIMPRO;2026-04-12;material;0000112674;12;;CIRURGICA FERNANDES;CURETA MEYHOEFER PROFESSIONAL 14CM CORTANTE 3,0MM DIAM.;;;;;;;;;;;;;;172.57;SIMPRO_VIG;2015-09-10;19;
SIMPRO;2026-04-12;material;0000112675;12;;CIRURGICA FERNANDES;CURETA MEYHOEFER PROFESSIONAL 14CM CORTANTE 3,5MM DIAM.;;;;;;;;;;;;;;172.57;SIMPRO_VIG;2015-09-10;19;
SIMPRO;2026-04-12;material;0002410179;12;;ERWIN GUTH;CURETA MEYHOFER AURICULAR NR.0 320.007B;;;;;;;;;;;;;;34.21;SIMPRO_VIG;2009-08-12;19;
SIMPRO;2026-04-12;material;0002410338;12;;ERWIN GUTH;CURETA MEYHOFER AURICULAR NR.01 320.008;;;;;;;;;;;;;;34.21;SIMPRO_VIG;2009-08-12;19;
SIMPRO;2026-04-12;material;0002410339;12;;ERWIN GUTH;CURETA MEYHOFER AURICULAR NR.02 320.009;;;;;;;;;;;;;;34.21;SIMPRO_VIG;2009-08-12;19;
SIMPRO;2026-04-12;material;0002410340;12;;ERWIN GUTH;CURETA MEYHOFER AURICULAR NR.03 320.010;;;;;;;;;;;;;;34.21;SIMPRO_VIG;2009-08-12;19;
SIMPRO;2026-04-12;material;0002410341;12;;ERWIN GUTH;CURETA MEYHOFER AURICULAR NR.04 320.011;;;;;;;;;;;;;;34.21;SIMPRO_VIG;2009-08-12;19;
SIMPRO;2026-04-12;material;0002410009;12;;ERWIN GUTH;CURETA NOVAK 23CM PONTA 3,5CM 040.001;;;;;;;;;;;;;;49.9;SIMPRO_VIG;2009-08-12;19;
SIMPRO;2026-04-12;material;0000112677;12;;CIRURGICA FERNANDES;CURETA NOVAK C/TERM.LUER LOCK P/ENDOMETRIA PROFESSIONAL 23CM TB.4MM;;;;;;;;;;;;;;125.38;SIMPRO_VIG;2015-09-10;19;
SIMPRO;2026-04-12;material;0000138842;12;;EDLO;CURETA NOVAK P/ENDOMETRIO DIAM.2MM 23CM;;;;;;;;;;;;;;188.82;SIMPRO_VIG;2016-07-26;19;
SIMPRO;2026-04-12;material;0000138843;12;;EDLO;CURETA NOVAK P/ENDOMETRIO DIAM.3MM 23CM;;;;;;;;;;;;;;188.82;SIMPRO_VIG;2016-07-26;19;
SIMPRO;2026-04-12;material;0002315106;12;;EDLO;CURETA NOVAK P/ENDOMETRIO DIAM.4MM 23CM;;;;;;;;;;;;;;188.82;SIMPRO_VIG;2016-07-26;19;
SIMPRO;2026-04-12;material;0003968053;12;;PETROVICH;CURETA P/CALAZIO NR.0;;;;;;;;;;;;;;74;SIMPRO_VIG;2013-05-07;19;
SIMPRO;2026-04-12;material;0003968054;12;;PETROVICH;CURETA P/CALAZIO NR.01;;;;;;;;;;;;;;74;SIMPRO_VIG;2013-05-07;19;
SIMPRO;2026-04-12;material;0003968055;12;;PETROVICH;CURETA P/CALAZIO NR.02;;;;;;;;;;;;;;74;SIMPRO_VIG;2013-05-07;19;
SIMPRO;2026-04-12;material;0003968056;12;;PETROVICH;CURETA P/CALAZIO NR.03;;;;;;;;;;;;;;74;SIMPRO_VIG;2013-05-07;19;
SIMPRO;2026-04-12;material;0003968057;12;;PETROVICH;CURETA P/CORPO ESTRANHO;;;;;;;;;;;;;;74;SIMPRO_VIG;2013-05-07;19;
SIMPRO;2026-04-12;material;0000000940;12;;ERWIN GUTH;CURETA P/ESTETICA CURVA 950.065B;;;;;;;;;;;;;;34.45;SIMPRO_VIG;2009-08-12;19;
SIMPRO;2026-04-12;material;0000000939;12;;ERWIN GUTH;CURETA P/ESTETICA RETA 950.065A;;;;;;;;;;;;;;34.45;SIMPRO_VIG;2009-08-12;19;
SIMPRO;2026-04-12;material;0000000440;12;;ERWIN GUTH;CURETA RECAMIER GINECOLOGIA JG. C/ 6PCS. 320.013;;;;;;;;;;;;;;61.777;SIMPRO_VIG;2009-08-12;19;
SIMPRO;2026-04-12;material;0002410181;12;;ERWIN GUTH;CURETA RECAMIER GINECOLOGICA NR.01 30CM 320.013A;;;;;;;;;;;;;;61.78;SIMPRO_VIG;2009-08-12;19;
SIMPRO;2026-04-12;material;0002410345;12;;ERWIN GUTH;CURETA RECAMIER GINECOLOGICA NR.02 30CM 320.014;;;;;;;;;;;;;;61.78;SIMPRO_VIG;2009-08-12;19;
SIMPRO;2026-04-12;material;0002410346;12;;ERWIN GUTH;CURETA RECAMIER GINECOLOGICA NR.03 30CM 320.015;;;;;;;;;;;;;;61.78;SIMPRO_VIG;2009-08-12;19;
SIMPRO;2026-04-12;material;0002410652;12;;ERWIN GUTH;CURETA RECAMIER GINECOLOGICA NR.04 30CM 320.016;;;;;;;;;;;;;;61.78;SIMPRO_VIG;2010-02-17;19;
SIMPRO;2026-04-12;material;0002410712;12;;ERWIN GUTH;CURETA RECAMIER GINECOLOGICA NR.05 30CM 320.017;;;;;;;;;;;;;;61.78;SIMPRO_VIG;2010-02-17;19;
SIMPRO;2026-04-12;material;0002410781;12;;ERWIN GUTH;CURETA RECAMIER GINECOLOGICA NR.06 30CM 320.018;;;;;;;;;;;;;;61.78;SIMPRO_VIG;2010-02-17;19;
SIMPRO;2026-04-12;material;0000112681;12;;CIRURGICA FERNANDES;CURETA RECAMIER LARG.UTERINA PROFESSIONAL 26/31CM CORTANTE 8MM;;;;;;;;;;;;;;254.76;SIMPRO_VIG;2015-09-10;19;
SIMPRO;2026-04-12;material;0002315107;12;;EDLO;CURETA RECAMIER NR.01 CORTANTE UTERINA 31CM;;;;;;;;;;;;;;98.55;SIMPRO_VIG;2016-07-26;19;
SIMPRO;2026-04-12;material;0002315113;12;;EDLO;CURETA RECAMIER NR.01 ROMBA UTERINA 31CM;;;;;;;;;;;;;;98.55;SIMPRO_VIG;2016-07-26;19;
SIMPRO;2026-04-12;material;0002315108;12;;EDLO;CURETA RECAMIER NR.02 CORTANTE UTERINA 31CM;;;;;;;;;;;;;;98.55;SIMPRO_VIG;2016-07-26;19;
SIMPRO;2026-04-12;material;0002315114;12;;EDLO;CURETA RECAMIER NR.02 ROMBA UTERINA 31CM;;;;;;;;;;;;;;98.55;SIMPRO_VIG;2016-07-26;19;
SIMPRO;2026-04-12;material;0002315109;12;;EDLO;CURETA RECAMIER NR.03 CORTANTE UTERINA 31CM;;;;;;;;;;;;;;98.55;SIMPRO_VIG;2016-07-26;19;
SIMPRO;2026-04-12;material;0002315115;12;;EDLO;CURETA RECAMIER NR.03 ROMBA UTERINA 31CM;;;;;;;;;;;;;;98.55;SIMPRO_VIG;2016-07-26;19;
SIMPRO;2026-04-12;material;0002315110;12;;EDLO;CURETA RECAMIER NR.04 CORTANTE UTERINA 31CM;;;;;;;;;;;;;;98.55;SIMPRO_VIG;2016-07-26;19;
SIMPRO;2026-04-12;material;0002315116;12;;EDLO;CURETA RECAMIER NR.04 ROMBA UTERINA 31CM;;;;;;;;;;;;;;98.55;SIMPRO_VIG;2016-07-26;19;
SIMPRO;2026-04-12;material;0002315111;12;;EDLO;CURETA RECAMIER NR.05 CORTANTE UTERINA 31CM;;;;;;;;;;;;;;98.55;SIMPRO_VIG;2016-07-26;19;
SIMPRO;2026-04-12;material;0002315117;12;;EDLO;CURETA RECAMIER NR.05 ROMBA UTERINA 31CM;;;;;;;;;;;;;;98.55;SIMPRO_VIG;2016-07-26;19;
SIMPRO;2026-04-12;material;0002315112;12;;EDLO;CURETA RECAMIER NR.06 CORTANTE UTERINA 31CM;;;;;;;;;;;;;;98.55;SIMPRO_VIG;2016-07-26;19;
SIMPRO;2026-04-12;material;0002315118;12;;EDLO;CURETA RECAMIER NR.06 ROMBA UTERINA 31CM;;;;;;;;;;;;;;98.55;SIMPRO_VIG;2016-07-26;19;
SIMPRO;2026-04-12;material;0000274839;12;;CIRURGICA FERNANDES;CURETA RECAMIER RIG/CORT.F10 20MM WELDON;;;;;;;;;;;;;;254.76;SIMPRO_VIG;2016-07-19;19;
SIMPRO;2026-04-12;material;0000274840;12;;CIRURGICA FERNANDES;CURETA RECAMIER RIG/RB.F10 20MM WELDON;;;;;;;;;;;;;;254.76;SIMPRO_VIG;2016-07-19;19;
SIMPRO;2026-04-12;material;0000112683;12;;CIRURGICA FERNANDES;CURETA RECAMIER UTERINA PROFESSIONAL 26/31CM CORTANTE 11MM LARG.;;;;;;;;;;;;;;254.76;SIMPRO_VIG;2015-09-10;19;
SIMPRO;2026-04-12;material;0000112684;12;;CIRURGICA FERNANDES;CURETA RECAMIER UTERINA PROFESSIONAL 26/31CM CORTANTE 12MM LARG.;;;;;;;;;;;;;;254.76;SIMPRO_VIG;2015-09-10;19;
SIMPRO;2026-04-12;material;0000112685;12;;CIRURGICA FERNANDES;CURETA RECAMIER UTERINA PROFESSIONAL 26/31CM CORTANTE 14MM LARG.;;;;;;;;;;;;;;254.76;SIMPRO_VIG;2015-09-10;19;
SIMPRO;2026-04-12;material;0000112686;12;;CIRURGICA FERNANDES;CURETA RECAMIER UTERINA PROFESSIONAL 26/31CM CORTANTE 15MM LARG.;;;;;;;;;;;;;;254.76;SIMPRO_VIG;2015-09-10;19;
SIMPRO;2026-04-12;material;0000112687;12;;CIRURGICA FERNANDES;CURETA RECAMIER UTERINA PROFESSIONAL 26/31CM CORTANTE 16MM LARG.;;;;;;;;;;;;;;254.76;SIMPRO_VIG;2015-09-10;19;
SIMPRO;2026-04-12;material;0000112688;12;;CIRURGICA FERNANDES;CURETA RECAMIER UTERINA PROFESSIONAL 26/31CM CORTANTE 19MM LARG.;;;;;;;;;;;;;;254.76;SIMPRO_VIG;2015-09-10;19;
SIMPRO;2026-04-12;material;0000112689;12;;CIRURGICA FERNANDES;CURETA RECAMIER UTERINA PROFESSIONAL 26/31CM CORTANTE 20MM LARG.;;;;;;;;;;;;;;254.76;SIMPRO_VIG;2015-09-10;19;
SIMPRO;2026-04-12;material;0000112678;12;;CIRURGICA FERNANDES;CURETA RECAMIER UTERINA PROFESSIONAL 26/31CM CORTANTE 5MM LARG.;;;;;;;;;;;;;;254.76;SIMPRO_VIG;2015-09-10;19;
SIMPRO;2026-04-12;material;0000112679;12;;CIRURGICA FERNANDES;CURETA RECAMIER UTERINA PROFESSIONAL 26/31CM CORTANTE 6MM LARG.;;;;;;;;;;;;;;254.76;SIMPRO_VIG;2015-09-10;19;
SIMPRO;2026-04-12;material;0000112680;12;;CIRURGICA FERNANDES;CURETA RECAMIER UTERINA PROFESSIONAL 26/31CM CORTANTE 7MM LARG.;;;;;;;;;;;;;;254.76;SIMPRO_VIG;2015-09-10;19;
SIMPRO;2026-04-12;material;0000112682;12;;CIRURGICA FERNANDES;CURETA RECAMIER UTERINA PROFESSIONAL 26/31CM CORTANTE 9MM LARG.;;;;;;;;;;;;;;254.76;SIMPRO_VIG;2015-09-10;19;
SIMPRO;2026-04-12;material;0000112695;12;;CIRURGICA FERNANDES;CURETA RECAMIER UTERINA PROFESSIONAL 26/31CM ROMBA 11MM LARG.;;;;;;;;;;;;;;254.76;SIMPRO_VIG;2015-09-10;19;
SIMPRO;2026-04-12;material;0000112696;12;;CIRURGICA FERNANDES;CURETA RECAMIER UTERINA PROFESSIONAL 26/31CM ROMBA 12MM LARG.;;;;;;;;;;;;;;254.76;SIMPRO_VIG;2015-09-10;19;
SIMPRO;2026-04-12;material;0000112697;12;;CIRURGICA FERNANDES;CURETA RECAMIER UTERINA PROFESSIONAL 26/31CM ROMBA 14MM LARG.;;;;;;;;;;;;;;254.76;SIMPRO_VIG;2015-09-10;19;
SIMPRO;2026-04-12;material;0000112698;12;;CIRURGICA FERNANDES;CURETA RECAMIER UTERINA PROFESSIONAL 26/31CM ROMBA 15MM LARG.;;;;;;;;;;;;;;254.76;SIMPRO_VIG;2015-09-10;19;
SIMPRO;2026-04-12;material;0000112699;12;;CIRURGICA FERNANDES;CURETA RECAMIER UTERINA PROFESSIONAL 26/31CM ROMBA 16MM LARG.;;;;;;;;;;;;;;254.76;SIMPRO_VIG;2015-09-10;19;
SIMPRO;2026-04-12;material;0000112700;12;;CIRURGICA FERNANDES;CURETA RECAMIER UTERINA PROFESSIONAL 26/31CM ROMBA 19MM LARG.;;;;;;;;;;;;;;254.76;SIMPRO_VIG;2015-09-10;19;
SIMPRO;2026-04-12;material;0000112701;12;;CIRURGICA FERNANDES;CURETA RECAMIER UTERINA PROFESSIONAL 26/31CM ROMBA 20MM LARG.;;;;;;;;;;;;;;254.76;SIMPRO_VIG;2015-09-10;19;
SIMPRO;2026-04-12;material;0000112690;12;;CIRURGICA FERNANDES;CURETA RECAMIER UTERINA PROFESSIONAL 26/31CM ROMBA 5MM LARG.;;;;;;;;;;;;;;254.76;SIMPRO_VIG;2015-09-10;19;
SIMPRO;2026-04-12;material;0000112691;12;;CIRURGICA FERNANDES;CURETA RECAMIER UTERINA PROFESSIONAL 26/31CM ROMBA 6MM LARG.;;;;;;;;;;;;;;254.76;SIMPRO_VIG;2015-09-10;19;
SIMPRO;2026-04-12;material;0000112692;12;;CIRURGICA FERNANDES;CURETA RECAMIER UTERINA PROFESSIONAL 26/31CM ROMBA 7MM LARG.;;;;;;;;;;;;;;254.76;SIMPRO_VIG;2015-09-10;19;
SIMPRO;2026-04-12;material;0000112693;12;;CIRURGICA FERNANDES;CURETA RECAMIER UTERINA PROFESSIONAL 26/31CM ROMBA 8MM LARG.;;;;;;;;;;;;;;254.76;SIMPRO_VIG;2015-09-10;19;
SIMPRO;2026-04-12;material;0000112694;12;;CIRURGICA FERNANDES;CURETA RECAMIER UTERINA PROFESSIONAL 26/31CM ROMBA 9MM LARG.;;;;;;;;;;;;;;254.76;SIMPRO_VIG;2015-09-10;19;
SIMPRO;2026-04-12;material;0000041685;12;;RICHTER;CURETA REDONDA NR.01 ESPECIAL 14CM;;;;;;;;;;;;;;203;SIMPRO_VIG;2024-07-30;19;
SIMPRO;2026-04-12;material;0000036720;12;;RICHTER;CURETA REDONDA NR.02 ESPECIAL 14CM;;;;;;;;;;;;;;203;SIMPRO_VIG;2024-07-30;19;
SIMPRO;2026-04-12;material;0006230235;12;;RICHTER;CURETA REDONDA NR.03 14CM;;;;;;;;;;;;;;154;SIMPRO_VIG;2024-07-30;19;
SIMPRO;2026-04-12;material;0006230236;12;;RICHTER;CURETA REDONDA NR.04 14CM;;;;;;;;;;;;;;154;SIMPRO_VIG;2024-07-30;19;
SIMPRO;2026-04-12;material;0006230237;12;;RICHTER;CURETA REDONDA NR.05 14CM;;;;;;;;;;;;;;154;SIMPRO_VIG;2024-07-30;19;
SIMPRO;2026-04-12;material;0006230238;12;;RICHTER;CURETA REDONDA NR.06 14CM;;;;;;;;;;;;;;154;SIMPRO_VIG;2024-07-30;19;
SIMPRO;2026-04-12;material;0000000441;12;;ERWIN GUTH;CURETA SCHCROEDER GINECOLOGIA JG. C/ 6PCS. 320.019;;;;;;;;;;;;;;70.092;SIMPRO_VIG;2009-08-12;19;
SIMPRO;2026-04-12;material;0002410182;12;;ERWIN GUTH;CURETA SCHROEDER GINECOLOGICA NR.01 28CM 320.019A;;;;;;;;;;;;;;70.09;SIMPRO_VIG;2009-08-12;19;
SIMPRO;2026-04-12;material;0002410782;12;;ERWIN GUTH;CURETA SCHROEDER GINECOLOGICA NR.02 28CM 320.020;;;;;;;;;;;;;;70.09;SIMPRO_VIG;2010-02-17;19;
SIMPRO;2026-04-12;material;0002410783;12;;ERWIN GUTH;CURETA SCHROEDER GINECOLOGICA NR.03 28CM 320.021;;;;;;;;;;;;;;70.09;SIMPRO_VIG;2010-02-17;19;
SIMPRO;2026-04-12;material;0002410784;12;;ERWIN GUTH;CURETA SCHROEDER GINECOLOGICA NR.04 28CM 320.022;;;;;;;;;;;;;;70.09;SIMPRO_VIG;2010-02-17;19;
SIMPRO;2026-04-12;material;0002410785;12;;ERWIN GUTH;CURETA SCHROEDER GINECOLOGICA NR.05 28CM 320.023;;;;;;;;;;;;;;70.09;SIMPRO_VIG;2010-02-17;19;
SIMPRO;2026-04-12;material;0002410786;12;;ERWIN GUTH;CURETA SCHROEDER GINECOLOGICA NR.06 28CM 320.024;;;;;;;;;;;;;;70.09;SIMPRO_VIG;2010-02-17;19;
SIMPRO;2026-04-12;material;0002315119;12;;EDLO;CURETA SCHROEDER UTERINA NR.01 30CM;;;;;;;;;;;;;;172.11;SIMPRO_VIG;2016-07-26;19;
SIMPRO;2026-04-12;material;0002315120;12;;EDLO;CURETA SCHROEDER UTERINA NR.02 30CM;;;;;;;;;;;;;;172.11;SIMPRO_VIG;2016-07-26;19;
SIMPRO;2026-04-12;material;0002315121;12;;EDLO;CURETA SCHROEDER UTERINA NR.03 30CM;;;;;;;;;;;;;;172.11;SIMPRO_VIG;2016-07-26;19;
SIMPRO;2026-04-12;material;0002315122;12;;EDLO;CURETA SCHROEDER UTERINA NR.04 30CM;;;;;;;;;;;;;;172.11;SIMPRO_VIG;2016-07-26;19;
SIMPRO;2026-04-12;material;0002315123;12;;EDLO;CURETA SCHROEDER UTERINA NR.05 30CM;;;;;;;;;;;;;;172.11;SIMPRO_VIG;2016-07-26;19;
SIMPRO;2026-04-12;material;0002315124;12;;EDLO;CURETA SCHROEDER UTERINA NR.06 30CM;;;;;;;;;;;;;;172.11;SIMPRO_VIG;2016-07-26;19;
SIMPRO;2026-04-12;material;0000112705;12;;CIRURGICA FERNANDES;CURETA SCHROEDER UTERINA PROFESSIONAL 30CM 10MM LARG.;;;;;;;;;;;;;;254.76;SIMPRO_VIG;2015-09-10;19;
SIMPRO;2026-04-12;material;0000112706;12;;CIRURGICA FERNANDES;CURETA SCHROEDER UTERINA PROFESSIONAL 30CM 11MM LARG.;;;;;;;;;;;;;;254.76;SIMPRO_VIG;2015-09-10;19;
SIMPRO;2026-04-12;material;0000112707;12;;CIRURGICA FERNANDES;CURETA SCHROEDER UTERINA PROFESSIONAL 30CM 12MM LARG.;;;;;;;;;;;;;;254.76;SIMPRO_VIG;2015-09-10;19;
SIMPRO;2026-04-12;material;0000112708;12;;CIRURGICA FERNANDES;CURETA SCHROEDER UTERINA PROFESSIONAL 30CM 15MM LARG.;;;;;;;;;;;;;;254.76;SIMPRO_VIG;2015-09-10;19;
SIMPRO;2026-04-12;material;0000112703;12;;CIRURGICA FERNANDES;CURETA SCHROEDER UTERINA PROFESSIONAL 30CM OVAL CORTANTE 7MM LARG.;;;;;;;;;;;;;;254.76;SIMPRO_VIG;2015-09-10;19;
SIMPRO;2026-04-12;material;0000112704;12;;CIRURGICA FERNANDES;CURETA SCHROEDER UTERINA PROFESSIONAL 30CM OVAL CORTANTE 8MM LARG.;;;;;;;;;;;;;;254.76;SIMPRO_VIG;2015-09-10;19;
SIMPRO;2026-04-12;material;0000112709;12;;CIRURGICA FERNANDES;CURETA SCOVILLE 25CM RETA CONCHA 4X10MM P/DISCO INTERVERTEBRAL PROFESSIONAL;;;;;;;;;;;;;;175.58;SIMPRO_VIG;2015-09-10;19;
SIMPRO;2026-04-12;material;0000112710;12;;CIRURGICA FERNANDES;CURETA SHAPLEIGH AURICULAR PROFESSIONAL 14CM PEQ.;;;;;;;;;;;;;;84.32;SIMPRO_VIG;2015-09-10;19;
SIMPRO;2026-04-12;material;0000112702;12;;CIRURGICA FERNANDES;CURETA SHEDE 17CM OVAL CORTANTE MOD.ESTREITO PROFESSIONAL;;;;;;;;;;;;;;231.05;SIMPRO_VIG;2015-09-10;19;
SIMPRO;2026-04-12;material;0000000442;12;;ERWIN GUTH;CURETA SIMON GINECOLOGIA JG. C/ 6PCS. 320.025A;;;;;;;;;;;;;;70.092;SIMPRO_VIG;2009-08-12;19;
SIMPRO;2026-04-12;material;0002410861;12;;ERWIN GUTH;CURETA SIMON GINECOLOGICA NR.01 28CM 320.025;;;;;;;;;;;;;;70.09;SIMPRO_VIG;2010-02-17;19;
SIMPRO;2026-04-12;material;0002410862;12;;ERWIN GUTH;CURETA SIMON GINECOLOGICA NR.02 28CM 320.026;;;;;;;;;;;;;;70.09;SIMPRO_VIG;2010-02-17;19;
SIMPRO;2026-04-12;material;0002410863;12;;ERWIN GUTH;CURETA SIMON GINECOLOGICA NR.03 28CM 320.027;;;;;;;;;;;;;;70.09;SIMPRO_VIG;2010-02-17;19;
SIMPRO;2026-04-12;material;0002410865;12;;ERWIN GUTH;CURETA SIMON GINECOLOGICA NR.04 28CM 320.028;;;;;;;;;;;;;;70.09;SIMPRO_VIG;2010-02-17;19;
SIMPRO;2026-04-12;material;0002410866;12;;ERWIN GUTH;CURETA SIMON GINECOLOGICA NR.05 28CM 320.029;;;;;;;;;;;;;;70.09;SIMPRO_VIG;2010-02-17;19;
SIMPRO;2026-04-12;material;0002410867;12;;ERWIN GUTH;CURETA SIMON GINECOLOGICA NR.06 28CM 320.030;;;;;;;;;;;;;;70.09;SIMPRO_VIG;2010-02-17;19;
SIMPRO;2026-04-12;material;0000138844;12;;EDLO;CURETA SIMON NR.1 24CM;;;;;;;;;;;;;;186.19;SIMPRO_VIG;2016-07-26;19;
SIMPRO;2026-04-12;material;0000138845;12;;EDLO;CURETA SIMON NR.2 24CM;;;;;;;;;;;;;;186.19;SIMPRO_VIG;2016-07-26;19;
SIMPRO;2026-04-12;material;0000115651;12;;EDLO;CURETA SIMON NR.3 24CM;;;;;;;;;;;;;;186.19;SIMPRO_VIG;2016-07-26;19;
SIMPRO;2026-04-12;material;0000115652;12;;EDLO;CURETA SIMON NR.4 24CM;;;;;;;;;;;;;;186.19;SIMPRO_VIG;2016-07-26;19;
SIMPRO;2026-04-12;material;0000115653;12;;EDLO;CURETA SIMON NR.5 24CM;;;;;;;;;;;;;;186.19;SIMPRO_VIG;2016-07-26;19;
SIMPRO;2026-04-12;material;0000115654;12;;EDLO;CURETA SIMON NR.6 24CM;;;;;;;;;;;;;;186.19;SIMPRO_VIG;2016-07-26;19;
SIMPRO;2026-04-12;material;0000112717;12;;C.FERNANDES;CURETA SIMS 26CM ROMBA PROFESSIONAL MA.52.80.24;;;;;;;;;;;;;;41;SIMPRO_VIG;2007-01-22;19;
SIMPRO;2026-04-12;material;0000000443;12;;ERWIN GUTH;CURETA SIMS GINECOLOGIA JG. C/6PCS 320.031;;;;;;;;;;;;;;63.44;SIMPRO_VIG;2009-08-12;19;
SIMPRO;2026-04-12;material;0002410868;12;;ERWIN GUTH;CURETA SIMS GINECOLOGICA NR.01 28CM 320.031A;;;;;;;;;;;;;;63.44;SIMPRO_VIG;2010-02-17;19;
SIMPRO;2026-04-12;material;0002410869;12;;ERWIN GUTH;CURETA SIMS GINECOLOGICA NR.02 28CM 320.032;;;;;;;;;;;;;;63.44;SIMPRO_VIG;2010-02-17;19;
SIMPRO;2026-04-12;material;0002410870;12;;ERWIN GUTH;CURETA SIMS GINECOLOGICA NR.03 28CM 320.033;;;;;;;;;;;;;;63.44;SIMPRO_VIG;2010-02-17;19;
SIMPRO;2026-04-12;material;0002410871;12;;ERWIN GUTH;CURETA SIMS GINECOLOGICA NR.04 28CM 320.034;;;;;;;;;;;;;;63.44;SIMPRO_VIG;2010-02-17;19;
SIMPRO;2026-04-12;material;0002410872;12;;ERWIN GUTH;CURETA SIMS GINECOLOGICA NR.05 28CM 320.035;;;;;;;;;;;;;;63.44;SIMPRO_VIG;2010-02-17;19;
SIMPRO;2026-04-12;material;0000000444;12;;ERWIN GUTH;CURETA SIMS GINECOLOGICA NR.06 28CM 320.036;;;;;;;;;;;;;;63.44;SIMPRO_VIG;2009-08-12;19;
SIMPRO;2026-04-12;material;0000274837;12;;CIRURGICA FERNANDES;CURETA SIMS UTERINA CORT.F5 12MM WELDON;;;;;;;;;;;;;;254.76;SIMPRO_VIG;2016-07-19;19;
SIMPRO;2026-04-12;material;0000274838;12;;CIRURGICA FERNANDES;CURETA SIMS UTERINA CORT.F6 14MM WELDON;;;;;;;;;;;;;;254.76;SIMPRO_VIG;2016-07-19;19;
SIMPRO;2026-04-12;material;0002315125;12;;EDLO;CURETA SIMS UTERINA NR.01 25CM;;;;;;;;;;;;;;118.63;SIMPRO_VIG;2016-07-26;19;
SIMPRO;2026-04-12;material;0002315126;12;;EDLO;CURETA SIMS UTERINA NR.02 25CM;;;;;;;;;;;;;;118.63;SIMPRO_VIG;2016-07-26;19;
SIMPRO;2026-04-12;material;0002315127;12;;EDLO;CURETA SIMS UTERINA NR.03 25CM;;;;;;;;;;;;;;118.63;SIMPRO_VIG;2016-07-26;19;
SIMPRO;2026-04-12;material;0002315128;12;;EDLO;CURETA SIMS UTERINA NR.04 25CM;;;;;;;;;;;;;;118.63;SIMPRO_VIG;2016-07-26;19;
SIMPRO;2026-04-12;material;0002315129;12;;EDLO;CURETA SIMS UTERINA NR.05 25CM;;;;;;;;;;;;;;118.63;SIMPRO_VIG;2016-07-26;19;
SIMPRO;2026-04-12;material;0002315130;12;;EDLO;CURETA SIMS UTERINA NR.06 25CM;;;;;;;;;;;;;;118.63;SIMPRO_VIG;2016-07-26;19;
SIMPRO;2026-04-12;material;0000112714;12;;CIRURGICA FERNANDES;CURETA SIMS UTERINA PROFESSIONAL 26CM CORTANTE CONCHA 11MM LARG.;;;;;;;;;;;;;;254.76;SIMPRO_VIG;2015-09-10;19;
SIMPRO;2026-04-12;material;0000112715;12;;CIRURGICA FERNANDES;CURETA SIMS UTERINA PROFESSIONAL 26CM CORTANTE CONCHA 12MM LARG.;;;;;;;;;;;;;;254.76;SIMPRO_VIG;2015-09-10;19;
SIMPRO;2026-04-12;material;0000112716;12;;CIRURGICA FERNANDES;CURETA SIMS UTERINA PROFESSIONAL 26CM CORTANTE CONCHA 14MM LARG.;;;;;;;;;;;;;;254.76;SIMPRO_VIG;2015-09-10;19;
SIMPRO;2026-04-12;material;0000112711;12;;CIRURGICA FERNANDES;CURETA SIMS UTERINA PROFESSIONAL 26CM CORTANTE CONCHA 7MM LARG.;;;;;;;;;;;;;;254.76;SIMPRO_VIG;2015-09-10;19;
SIMPRO;2026-04-12;material;0000112712;12;;CIRURGICA FERNANDES;CURETA SIMS UTERINA PROFESSIONAL 26CM CORTANTE CONCHA 8MM LARG.;;;;;;;;;;;;;;254.76;SIMPRO_VIG;2015-09-10;19;
SIMPRO;2026-04-12;material;0000112713;12;;CIRURGICA FERNANDES;CURETA SIMS UTERINA PROFESSIONAL 26CM CORTANTE CONCHA 9MM LARG.;;;;;;;;;;;;;;254.76;SIMPRO_VIG;2015-09-10;19;
SIMPRO;2026-04-12;material;0000112718;12;;CIRURGICA FERNANDES;CURETA SPRATT 18CM CONCHA OVAL CORTANTE 2,5MM LARG.UTERINA PROFESSIONAL;;;;;;;;;;;;;;266.92;SIMPRO_VIG;2015-09-10;19;
SIMPRO;2026-04-12;material;0000112719;12;;CIRURGICA FERNANDES;CURETA SPRATT 18CM CONCHA OVAL CORTANTE 3,0MM LARG.UTERINA PROFESSIONAL;;;;;;;;;;;;;;266.92;SIMPRO_VIG;2015-09-10;19;
SIMPRO;2026-04-12;material;0000112720;12;;CIRURGICA FERNANDES;CURETA SPRATT 18CM CONCHA OVAL CORTANTE 4,0MM LARG.UTERINA PROFESSIONAL;;;;;;;;;;;;;;266.92;SIMPRO_VIG;2015-09-10;19;
SIMPRO;2026-04-12;material;0000112721;12;;CIRURGICA FERNANDES;CURETA SPRATT 18CM CONCHA OVAL CORTANTE 4,5MM LARG.UTERINA PROFESSIONAL;;;;;;;;;;;;;;266.92;SIMPRO_VIG;2015-09-10;19;
SIMPRO;2026-04-12;material;0000112722;12;;CIRURGICA FERNANDES;CURETA SPRATT 18CM CONCHA OVAL CORTANTE 5,5MM LARG.UTERINA PROFESSIONAL;;;;;;;;;;;;;;266.92;SIMPRO_VIG;2015-09-10;19;
SIMPRO;2026-04-12;material;0000274419;12;;EDLO;CURETA VOLKMANN 17CM NR.0;;;;;;;;;;;;;;186.19;SIMPRO_VIG;2016-07-19;19;
SIMPRO;2026-04-12;material;0000274420;12;;EDLO;CURETA VOLKMANN 17CM NR.00;;;;;;;;;;;;;;186.19;SIMPRO_VIG;2016-07-19;19;
SIMPRO;2026-04-12;material;0000274421;12;;EDLO;CURETA VOLKMANN 17CM NR.000;;;;;;;;;;;;;;186.19;SIMPRO_VIG;2016-07-19;19;
SIMPRO;2026-04-12;material;0000274422;12;;EDLO;CURETA VOLKMANN 17CM NR.0000;;;;;;;;;;;;;;186.19;SIMPRO_VIG;2016-07-19;19;
SIMPRO;2026-04-12;material;0000274423;12;;EDLO;CURETA VOLKMANN 17CM NR.01;;;;;;;;;;;;;;186.19;SIMPRO_VIG;2016-07-19;19;
SIMPRO;2026-04-12;material;0000274424;12;;EDLO;CURETA VOLKMANN 17CM NR.02;;;;;;;;;;;;;;186.19;SIMPRO_VIG;2016-07-19;19;
SIMPRO;2026-04-12;material;0000274425;12;;EDLO;CURETA VOLKMANN 17CM NR.03;;;;;;;;;;;;;;186.19;SIMPRO_VIG;2016-07-19;19;
SIMPRO;2026-04-12;material;0000274426;12;;EDLO;CURETA VOLKMANN 17CM NR.04;;;;;;;;;;;;;;186.19;SIMPRO_VIG;2016-07-19;19;
SIMPRO;2026-04-12;material;0000274427;12;;EDLO;CURETA VOLKMANN 17CM NR.05;;;;;;;;;;;;;;186.19;SIMPRO_VIG;2016-07-19;19;
SIMPRO;2026-04-12;material;0000274428;12;;EDLO;CURETA VOLKMANN 17CM NR.06;;;;;;;;;;;;;;186.19;SIMPRO_VIG;2016-07-19;19;
SIMPRO;2026-04-12;material;0002410789;12;;ERWIN GUTH;CURETA VOLKMANN OSSOS NR.0 320.039;;;;;;;;;;;;;;52.27;SIMPRO_VIG;2010-02-17;19;
SIMPRO;2026-04-12;material;0002410788;12;;ERWIN GUTH;CURETA VOLKMANN OSSOS NR.00 320.038;;;;;;;;;;;;;;52.27;SIMPRO_VIG;2010-02-17;19;
SIMPRO;2026-04-12;material;0002410183;12;;ERWIN GUTH;CURETA VOLKMANN OSSOS NR.000 320.037;;;;;;;;;;;;;;52.27;SIMPRO_VIG;2009-08-12;19;
SIMPRO;2026-04-12;material;0000058860;12;;ERWIN GUTH;CURETA VOLKMANN OSSOS NR.0000 320.037A;;;;;;;;;;;;;;52.27;SIMPRO_VIG;2009-08-12;19;
SIMPRO;2026-04-12;material;0002410790;12;;ERWIN GUTH;CURETA VOLKMANN OSSOS NR.01 320.040;;;;;;;;;;;;;;52.27;SIMPRO_VIG;2010-02-17;19;
SIMPRO;2026-04-12;material;0002410791;12;;ERWIN GUTH;CURETA VOLKMANN OSSOS NR.02 320.041;;;;;;;;;;;;;;52.27;SIMPRO_VIG;2010-02-17;19;
SIMPRO;2026-04-12;material;0002410792;12;;ERWIN GUTH;CURETA VOLKMANN OSSOS NR.03 320.042;;;;;;;;;;;;;;52.27;SIMPRO_VIG;2010-02-17;19;
SIMPRO;2026-04-12;material;0002410793;12;;ERWIN GUTH;CURETA VOLKMANN OSSOS NR.04 320.043;;;;;;;;;;;;;;52.27;SIMPRO_VIG;2010-02-17;19;
SIMPRO;2026-04-12;material;0000018737;12;;ERWIN GUTH;CURETA VOLKMANN OSSOS NR.05 320.043A;;;;;;;;;;;;;;52.27;SIMPRO_VIG;2009-08-12;19;
SIMPRO;2026-04-12;material;0000018738;12;;ERWIN GUTH;CURETA VOLKMANN OSSOS NR.06 320.043B;;;;;;;;;;;;;;52.27;SIMPRO_VIG;2009-08-12;19;
SIMPRO;2026-04-12;material;0000112730;12;;CIRURGICA FERNANDES;CURETA VOLKMANN PROFESSIONAL 17CM CONCHA OVAL CORTANTE 10,5MM LARG.;;;;;;;;;;;;;;254.76;SIMPRO_VIG;2015-09-10;19;
SIMPRO;2026-04-12;material;0000112731;12;;CIRURGICA FERNANDES;CURETA VOLKMANN PROFESSIONAL 17CM CONCHA OVAL CORTANTE 12,0MM LARG.;;;;;;;;;;;;;;254.76;SIMPRO_VIG;2015-09-10;19;
SIMPRO;2026-04-12;material;0000112732;12;;CIRURGICA FERNANDES;CURETA VOLKMANN PROFESSIONAL 17CM CONCHA OVAL CORTANTE 13,0MM LARG.;;;;;;;;;;;;;;254.76;SIMPRO_VIG;2015-09-10;19;
SIMPRO;2026-04-12;material;0000112723;12;;CIRURGICA FERNANDES;CURETA VOLKMANN PROFESSIONAL 17CM CONCHA OVAL CORTANTE 2,5MM LARG.;;;;;;;;;;;;;;225.25;SIMPRO_VIG;2015-09-10;19;
SIMPRO;2026-04-12;material;0000112724;12;;CIRURGICA FERNANDES;CURETA VOLKMANN PROFESSIONAL 17CM CONCHA OVAL CORTANTE 3,5MM LARG.;;;;;;;;;;;;;;225.25;SIMPRO_VIG;2015-09-10;19;
SIMPRO;2026-04-12;material;0000112725;12;;CIRURGICA FERNANDES;CURETA VOLKMANN PROFESSIONAL 17CM CONCHA OVAL CORTANTE 4,5MM LARG.;;;;;;;;;;;;;;225.25;SIMPRO_VIG;2015-09-10;19;
SIMPRO;2026-04-12;material;0000112726;12;;CIRURGICA FERNANDES;CURETA VOLKMANN PROFESSIONAL 17CM CONCHA OVAL CORTANTE 5,5MM LARG.;;;;;;;;;;;;;;239.68;SIMPRO_VIG;2015-09-10;19;
SIMPRO;2026-04-12;material;0000112727;12;;CIRURGICA FERNANDES;CURETA VOLKMANN PROFESSIONAL 17CM CONCHA OVAL CORTANTE 6,5MM LARG.;;;;;;;;;;;;;;239.68;SIMPRO_VIG;2015-09-10;19;
SIMPRO;2026-04-12;material;0000112728;12;;CIRURGICA FERNANDES;CURETA VOLKMANN PROFESSIONAL 17CM CONCHA OVAL CORTANTE 7,5MM LARG.;;;;;;;;;;;;;;239.68;SIMPRO_VIG;2015-09-10;19;
SIMPRO;2026-04-12;material;0000112729;12;;CIRURGICA FERNANDES;CURETA VOLKMANN PROFESSIONAL 17CM CONCHA OVAL CORTANTE 9,0MM LARG.;;;;;;;;;;;;;;254.76;SIMPRO_VIG;2015-09-10;19;
SIMPRO;2026-04-12;material;0002410184;12;;ERWIN GUTH;CURETA WALLICH NR.01 32CM 320.044A;;;;;;;;;;;;;;159.19;SIMPRO_VIG;2009-08-12;19;
SIMPRO;2026-04-12;material;0000000445;12;;ERWIN GUTH;CURETA WALLICH NR.01 42CM 320.044B;;;;;;;;;;;;;;159.19;SIMPRO_VIG;2009-08-12;19;
SIMPRO;2026-04-12;material;0002315131;12;;EDLO;CURETA WALLICH NR.01 HASTE CURTA OBSTETRICA 32CM;;;;;;;;;;;;;;245.01;SIMPRO_VIG;2016-07-26;19;
SIMPRO;2026-04-12;material;0002315134;12;;EDLO;CURETA WALLICH NR.01 HASTE LONGA OBSTETRICA 42CM;;;;;;;;;;;;;;257.96;SIMPRO_VIG;2016-07-26;19;
SIMPRO;2026-04-12;material;0002410794;12;;ERWIN GUTH;CURETA WALLICH NR.02 32CM 320.045A;;;;;;;;;;;;;;159.19;SIMPRO_VIG;2010-02-17;19;
SIMPRO;2026-04-12;material;0000000446;12;;ERWIN GUTH;CURETA WALLICH NR.02 42CM 320.045B;;;;;;;;;;;;;;159.19;SIMPRO_VIG;2009-08-12;19;
SIMPRO;2026-04-12;material;0002315132;12;;EDLO;CURETA WALLICH NR.02 HASTE CURTA OBSTETRICA 32CM;;;;;;;;;;;;;;245.01;SIMPRO_VIG;2016-07-26;19;
SIMPRO;2026-04-12;material;0002315135;12;;EDLO;CURETA WALLICH NR.02 HASTE LONGA OBSTETRICA 42CM;;;;;;;;;;;;;;257.96;SIMPRO_VIG;2016-07-26;19;
SIMPRO;2026-04-12;material;0002410795;12;;ERWIN GUTH;CURETA WALLICH NR.03 32CM 320.046A;;;;;;;;;;;;;;159.19;SIMPRO_VIG;2010-02-17;19;
SIMPRO;2026-04-12;material;0000000447;12;;ERWIN GUTH;CURETA WALLICH NR.03 42CM 320.046B;;;;;;;;;;;;;;159.19;SIMPRO_VIG;2009-08-12;19;
SIMPRO;2026-04-12;material;0002315133;12;;EDLO;CURETA WALLICH NR.03 HASTE CURTA OBSTETRICA 32CM;;;;;;;;;;;;;;245.01;SIMPRO_VIG;2016-07-26;19;
SIMPRO;2026-04-12;material;0002315136;12;;EDLO;CURETA WALLICH NR.03 HASTE LONGA OBSTETRICA 42CM;;;;;;;;;;;;;;257.96;SIMPRO_VIG;2016-07-26;19;
SIMPRO;2026-04-12;material;0000112733;12;;CIRURGICA FERNANDES;CURETA WALLICH P/PLACENTA/ABORTO PROFESSIONAL 42CM ROMBA CONCHA 19MM LARG.;;;;;;;;;;;;;;301.12;SIMPRO_VIG;2015-09-10;19;
SIMPRO;2026-04-12;material;0002410185;12;;ERWIN GUTH;CURETA WILLIGER DUPLA P/OSSO 14CM 320.047;;;;;;;;;;;;;;87.91;SIMPRO_VIG;2009-08-12;19;
SIMPRO;2026-04-12;material;0000112737;12;;CIRURGICA FERNANDES;CURETA WOLF 14,5CM CONCHA 6,0MM LARG.P/LUPUS PROFESSIONAL;;;;;;;;;;;;;;105.36;SIMPRO_VIG;2015-09-10;19;
SIMPRO;2026-04-12;material;0000112734;12;;CIRURGICA FERNANDES;CURETA WOLF P/LUPUS PROFESSIONAL 14,5CM CONCHA 4,0MM LARG.;;;;;;;;;;;;;;105.36;SIMPRO_VIG;2015-09-10;19;
SIMPRO;2026-04-12;material;0000112735;12;;CIRURGICA FERNANDES;CURETA WOLF P/LUPUS PROFESSIONAL 14,5CM CONCHA 5,0MM LARG.;;;;;;;;;;;;;;105.36;SIMPRO_VIG;2015-09-10;19;
SIMPRO;2026-04-12;material;0000112736;12;;CIRURGICA FERNANDES;CURETA WOLF P/LUPUS PROFESSIONAL 14,5CM CONCHA 5,5MM LARG.;;;;;;;;;;;;;;105.36;SIMPRO_VIG;2015-09-10;19;
SIMPRO;2026-04-12;material;0000112738;12;;CIRURGICA FERNANDES;CURETA WOLF P/LUPUS PROFESSIONAL 14,5CM CONCHA 6,5MM LARG.;;;;;;;;;;;;;;105.36;SIMPRO_VIG;2015-09-10;19;
SIMPRO;2026-04-12;material;0000112739;12;;CIRURGICA FERNANDES;CURETA WOLF P/LUPUS PROFESSIONAL 14,5CM CONCHA 7,0MM LARG.;;;;;;;;;;;;;;105.36;SIMPRO_VIG;2015-09-10;19;
SIMPRO;2026-04-12;material;0000143516;12;;COVIDIEN;CURITY-COBERTURA N/ADERENTE 1,3CMX3,6M-TIRA;;;;;;;;;;;;;;103.1;SIMPRO_VIG;2010-01-08;19;
SIMPRO;2026-04-12;material;0000143520;12;;COVIDIEN;CURITY-COBERTURA N/ADERENTE 12,7CMX22,8CM;;;;;;;;;;;;;;135.1;SIMPRO_VIG;2010-01-08;19;
SIMPRO;2026-04-12;material;0000143521;12;;COVIDIEN;CURITY-COBERTURA N/ADERENTE 22,8CMX45,7CM;;;;;;;;;;;;;;160;SIMPRO_VIG;2010-01-08;19;
SIMPRO;2026-04-12;material;0000260531;12;;COVIDIEN;CURITY-COBERTURA N/ADERENTE 7,6CMX20,3CM 24UNID;;;;;;;;;;;;;;40;SIMPRO_VIG;2015-09-01;19;
SIMPRO;2026-04-12;material;0000260532;12;;COVIDIEN;CURITY-COBERTURA N/ADERENTE 7,6CMX40,6CM 36UNID;;;;;;;;;;;;;;35;SIMPRO_VIG;2015-09-01;19;
SIMPRO;2026-04-12;material;0000260533;12;;COVIDIEN;CURITY-COBERTURA N/ADERENTE 7,6CMX7,6CM 50UNID;;;;;;;;;;;;;;500;SIMPRO_VIG;2015-09-01;19;
SIMPRO;2026-04-12;material;0000299153;12;;3M BRASIL;CUROS STOPPER TAMPA PROTETORA C/ALCOOL INDIVIDUAL 270UNID.;;;;;;;;;;;;;;3.767;SIMPRO_VIG;2022-04-19;19;
SIMPRO;2026-04-12;material;0000299154;12;;3M BRASIL;CUROS STOPPER TAMPA PROTETORA C/ALCOOL TIRAS 250UNID.;;;;;;;;;;;;;;3.767;SIMPRO_VIG;2022-04-19;19;
SIMPRO;2026-04-12;material;0000291444;12;;3M BRASIL;CUROS TAMPA PROTETORA C/ALCOOL LUER MACHO 200UNID;;;;;;;;;;;;;;3.767;SIMPRO_VIG;2022-04-19;19;
SIMPRO;2026-04-12;material;0000294342;12;;MEDVISION;CURVED HORIZONTAL SCISSORS-DEX DESC.;;;;;;;;;;;;;;2044;SIMPRO_VIG;2025-02-04;19;
SIMPRO;2026-04-12;material;0000294337;12;;MEDVISION;CURVED HORIZONTAL SCISSORS-DEX TIPS DESC.;;;;;;;;;;;;;;1363;SIMPRO_VIG;2025-02-04;19;
SIMPRO;2026-04-12;material;0000129619;12;;ALCON;CUSTOM PAK CIR.ALCON AS11648-04;;;;;;;;;;;;;;139.76;SIMPRO_VIG;2009-04-28;19;
SIMPRO;2026-04-12;material;0000129620;12;;ALCON;CUSTOM PAK CIR.INFINITI AS11649-04;;;;;;;;;;;;;;792.3;SIMPRO_VIG;2009-04-28;19;
SIMPRO;2026-04-12;material;0000129621;12;;ALCON;CUSTOM PAK CIR.LEGACY AS11650-04;;;;;;;;;;;;;;686.31;SIMPRO_VIG;2009-04-28;19;
SIMPRO;2026-04-12;material;0000177675;12;;ALCON;CUSTON PACK BR CIRURGICO ALCON;;;;;;;;;;;;;;514.56;SIMPRO_VIG;2018-02-06;19;
