fonte;edicao;tipo_item;codigo_fonte;tabela_fonte;chave_fonte;laboratorio;produto;apresentacao;principio_ativo;ean;registro_anvisa;codigo_tuss;ggrem;generico;restrito_hospitalar;qtd_embalagem;pf_total;pmc_total;pf_unit;pmc_unit;preco_ref;tipo_preco;vigencia;tabela87_sugerida;precos_extra
SIMPRO;2026-04-12;material;0000089991;12;;CMS;R-STENT EVOLUTION 2 2,50X09MM ORBUS;;;;;;;;;;;;;;7500;SIMPRO_VIG;2004-09-27;19;
SIMPRO;2026-04-12;material;0000089992;12;;CMS;R-STENT EVOLUTION 2 2,50X13MM ORBUS;;;;;;;;;;;;;;7500;SIMPRO_VIG;2004-09-27;19;
SIMPRO;2026-04-12;material;0000089993;12;;CMS;R-STENT EVOLUTION 2 2,50X15MM ORBUS;;;;;;;;;;;;;;7500;SIMPRO_VIG;2004-09-27;19;
SIMPRO;2026-04-12;material;0000089994;12;;CMS;R-STENT EVOLUTION 2 2,50X18MM ORBUS;;;;;;;;;;;;;;7500;SIMPRO_VIG;2004-09-27;19;
SIMPRO;2026-04-12;material;0000089995;12;;CMS;R-STENT EVOLUTION 2 2,50X23MM ORBUS;;;;;;;;;;;;;;7500;SIMPRO_VIG;2004-09-27;19;
SIMPRO;2026-04-12;material;0000089996;12;;CMS;R-STENT EVOLUTION 2 2,75X09MM ORBUS;;;;;;;;;;;;;;7500;SIMPRO_VIG;2004-09-27;19;
SIMPRO;2026-04-12;material;0000089997;12;;CMS;R-STENT EVOLUTION 2 2,75X13MM ORBUS;;;;;;;;;;;;;;7500;SIMPRO_VIG;2004-09-27;19;
SIMPRO;2026-04-12;material;0000089998;12;;CMS;R-STENT EVOLUTION 2 2,75X15MM ORBUS;;;;;;;;;;;;;;7500;SIMPRO_VIG;2004-09-27;19;
SIMPRO;2026-04-12;material;0000089999;12;;CMS;R-STENT EVOLUTION 2 2,75X18MM ORBUS;;;;;;;;;;;;;;7500;SIMPRO_VIG;2004-09-27;19;
SIMPRO;2026-04-12;material;0000090000;12;;CMS;R-STENT EVOLUTION 2 2,75X23MM ORBUS;;;;;;;;;;;;;;7500;SIMPRO_VIG;2004-09-27;19;
SIMPRO;2026-04-12;material;0000090001;12;;CMS;R-STENT EVOLUTION 2 3,00X09MM ORBUS;;;;;;;;;;;;;;7500;SIMPRO_VIG;2004-09-27;19;
SIMPRO;2026-04-12;material;0000090002;12;;CMS;R-STENT EVOLUTION 2 3,00X13MM ORBUS;;;;;;;;;;;;;;7500;SIMPRO_VIG;2004-09-27;19;
SIMPRO;2026-04-12;material;0000090003;12;;CMS;R-STENT EVOLUTION 2 3,00X15MM ORBUS;;;;;;;;;;;;;;7500;SIMPRO_VIG;2004-09-27;19;
SIMPRO;2026-04-12;material;0000090004;12;;CMS;R-STENT EVOLUTION 2 3,00X18MM ORBUS;;;;;;;;;;;;;;7500;SIMPRO_VIG;2004-09-27;19;
SIMPRO;2026-04-12;material;0000090005;12;;CMS;R-STENT EVOLUTION 2 3,00X23MM ORBUS;;;;;;;;;;;;;;7500;SIMPRO_VIG;2004-09-27;19;
SIMPRO;2026-04-12;material;0000090006;12;;CMS;R-STENT EVOLUTION 2 3,00X33MM ORBUS;;;;;;;;;;;;;;7500;SIMPRO_VIG;2004-09-27;19;
SIMPRO;2026-04-12;material;0000090007;12;;CMS;R-STENT EVOLUTION 2 3,50X09MM ORBUS;;;;;;;;;;;;;;7500;SIMPRO_VIG;2004-09-27;19;
SIMPRO;2026-04-12;material;0000090008;12;;CMS;R-STENT EVOLUTION 2 3,50X13MM ORBUS;;;;;;;;;;;;;;7500;SIMPRO_VIG;2004-09-27;19;
SIMPRO;2026-04-12;material;0000090009;12;;CMS;R-STENT EVOLUTION 2 3,50X15MM ORBUS;;;;;;;;;;;;;;7500;SIMPRO_VIG;2004-09-27;19;
SIMPRO;2026-04-12;material;0000090010;12;;CMS;R-STENT EVOLUTION 2 3,50X18MM ORBUS;;;;;;;;;;;;;;7500;SIMPRO_VIG;2004-09-27;19;
SIMPRO;2026-04-12;material;0000090011;12;;CMS;R-STENT EVOLUTION 2 3,50X23MM ORBUS;;;;;;;;;;;;;;7500;SIMPRO_VIG;2004-09-27;19;
SIMPRO;2026-04-12;material;0000090012;12;;CMS;R-STENT EVOLUTION 2 3,50X28MM ORBUS;;;;;;;;;;;;;;7500;SIMPRO_VIG;2004-09-27;19;
SIMPRO;2026-04-12;material;0000090013;12;;CMS;R-STENT EVOLUTION 2 3,50X33MM ORBUS;;;;;;;;;;;;;;7500;SIMPRO_VIG;2004-09-27;19;
SIMPRO;2026-04-12;material;0000090014;12;;CMS;R-STENT EVOLUTION 2 4,00X09MM ORBUS;;;;;;;;;;;;;;7500;SIMPRO_VIG;2004-09-27;19;
SIMPRO;2026-04-12;material;0000090015;12;;CMS;R-STENT EVOLUTION 2 4,00X13MM ORBUS;;;;;;;;;;;;;;7500;SIMPRO_VIG;2004-09-27;19;
SIMPRO;2026-04-12;material;0000090016;12;;CMS;R-STENT EVOLUTION 2 4,00X15MM ORBUS;;;;;;;;;;;;;;7500;SIMPRO_VIG;2004-09-27;19;
SIMPRO;2026-04-12;material;0000090017;12;;CMS;R-STENT EVOLUTION 2 4,00X18MM ORBUS;;;;;;;;;;;;;;7500;SIMPRO_VIG;2004-09-27;19;
SIMPRO;2026-04-12;material;0000090018;12;;CMS;R-STENT EVOLUTION 2 4,00X23MM ORBUS;;;;;;;;;;;;;;7500;SIMPRO_VIG;2004-09-27;19;
SIMPRO;2026-04-12;material;0000090019;12;;CMS;R-STENT EVOLUTION 2 4,00X28MM ORBUS;;;;;;;;;;;;;;7500;SIMPRO_VIG;2004-09-27;19;
SIMPRO;2026-04-12;material;0000090020;12;;CMS;R-STENT EVOLUTION 2 4,00X33MM ORBUS;;;;;;;;;;;;;;7500;SIMPRO_VIG;2004-09-27;19;
SIMPRO;2026-04-12;material;0000076777;12;;CMS;R-STENT EVOLUTION CORONARIANO ORBUS;;;;;;;;;;;;;;7500;SIMPRO_VIG;2003-07-16;19;
SIMPRO;2026-04-12;material;0000102377;12;;PROTEC;RABICHO P/PROTEC/DIXTAL/TAKAOKA;;;;;;;;;;;;;;0.004;SIMPRO_VIG;2009-09-29;19;
SIMPRO;2026-04-12;material;0000321365;12;;LABOR IMPORT;RACK CRIOGENICO PP C/TP.DOBRAVEL AMARELO 100UNID.;;;;;;;;;;;;;;0.434;SIMPRO_VIG;2021-10-29;19;
SIMPRO;2026-04-12;material;0000335942;12;;LABOR HEALTH SUPPLY;RACK CRIOGENICO PP C/TP.DOBRAVEL AMARELO 47131;;;;;;;;;;;;;;48.66;SIMPRO_VIG;2023-05-16;19;
SIMPRO;2026-04-12;material;0000321366;12;;LABOR IMPORT;RACK CRIOGENICO PP C/TP.DOBRAVEL AZUL 100UNID.;;;;;;;;;;;;;;0.683;SIMPRO_VIG;2021-10-29;19;
SIMPRO;2026-04-12;material;0000335943;12;;LABOR HEALTH SUPPLY;RACK CRIOGENICO PP C/TP.DOBRAVEL AZUL 47117;;;;;;;;;;;;;;73.11;SIMPRO_VIG;2023-05-16;19;
SIMPRO;2026-04-12;material;0000321367;12;;LABOR IMPORT;RACK CRIOGENICO PP C/TP.DOBRAVEL INCOLOR 100UNID.;;;;;;;;;;;;;;0.377;SIMPRO_VIG;2021-10-29;19;
SIMPRO;2026-04-12;material;0000335944;12;;LABOR HEALTH SUPPLY;RACK CRIOGENICO PP C/TP.DOBRAVEL INCOLOR 37471;;;;;;;;;;;;;;40.34;SIMPRO_VIG;2023-05-16;19;
SIMPRO;2026-04-12;material;0000321368;12;;LABOR IMPORT;RACK CRIOGENICO PP C/TP.S/DOBRAVEL INCOLOR 100UNID.;;;;;;;;;;;;;;0.637;SIMPRO_VIG;2021-09-16;19;
SIMPRO;2026-04-12;material;0000335945;12;;LABOR HEALTH SUPPLY;RACK CRIOGENICO PP C/TP.S/DOBRAVEL INCOLOR 47116;;;;;;;;;;;;;;68.21;SIMPRO_VIG;2023-05-16;19;
SIMPRO;2026-04-12;material;0000061478;12;;J&J ENDO;RACK P/GERADOR CRT01;;;;;;;;;;;;;;14152.32;SIMPRO_VIG;2009-11-09;19;
SIMPRO;2026-04-12;material;0000321369;12;;LABOR HEALTH SUPPLY;RACK P/PIPETA VHS 4802;;;;;;;;;;;;;;447.98;SIMPRO_VIG;2023-05-16;19;
SIMPRO;2026-04-12;material;0000321370;12;;LABOR HEALTH SUPPLY;RACK SOROTECA SEAL-UP 13X100MM 47133;;;;;;;;;;;;;;1081.23;SIMPRO_VIG;2023-05-16;19;
SIMPRO;2026-04-12;material;0000321371;12;;LABOR HEALTH SUPPLY;RACK SOROTECA SEAL-UP 13X75MM 47134;;;;;;;;;;;;;;1118.75;SIMPRO_VIG;2023-05-16;19;
SIMPRO;2026-04-12;material;0000122831;12;;TERUMO ENDO;RADIFOCUS GLIDECATH-CATETER ANGIOGRAFICO (LONG TAPER ANGULAR,5FR 100CM) 1RF*;;;;;;;;;;;;;;630;SIMPRO_VIG;2007-11-29;19;
SIMPRO;2026-04-12;material;0000122830;12;;TERUMO ENDO;RADIFOCUS GLIDECATH-CATETER ANGIOGRAFICO (LONG TAPER ANGULAR,5FR 65CM) 1RF*;;;;;;;;;;;;;;630;SIMPRO_VIG;2007-11-29;19;
SIMPRO;2026-04-12;material;0000122829;12;;TERUMO ENDO;RADIFOCUS GLIDECATH-CATETER ANGIOGRAFICO (LONG TAPER,5FR 100CM) 1RF*;;;;;;;;;;;;;;630;SIMPRO_VIG;2007-11-29;19;
SIMPRO;2026-04-12;material;0000122828;12;;TERUMO ENDO;RADIFOCUS GLIDECATH-CATETER ANGIOGRAFICO (LONG TAPER,5FR 65CM) 1RF*;;;;;;;;;;;;;;630;SIMPRO_VIG;2007-11-29;19;
SIMPRO;2026-04-12;material;0000122827;12;;TERUMO ENDO;RADIFOCUS GLIDECATH-CATETER ANGIOGRAFICO (LONG TAPER,5FR 80CM) 1RF*;;;;;;;;;;;;;;630;SIMPRO_VIG;2007-11-29;19;
SIMPRO;2026-04-12;material;0000122813;12;;TERUMO ENDO;RADIFOCUS GLIDECATH-CATETER ANGIOGRAFICO (PTA.ANGULAR N/AFUNILADA,4FR 100CM) 1RF*;;;;;;;;;;;;;;630;SIMPRO_VIG;2007-11-29;19;
SIMPRO;2026-04-12;material;0000122812;12;;TERUMO ENDO;RADIFOCUS GLIDECATH-CATETER ANGIOGRAFICO (PTA.ANGULAR N/AFUNILADA,4FR 65CM) 1RF*;;;;;;;;;;;;;;630;SIMPRO_VIG;2007-11-29;19;
SIMPRO;2026-04-12;material;0000122833;12;;TERUMO ENDO;RADIFOCUS GLIDECATH-CATETER ANGIOGRAFICO (PTA.ANGULAR N/AFUNILADA,5FR) 110CM 1RF*;;;;;;;;;;;;;;630;SIMPRO_VIG;2007-11-29;19;
SIMPRO;2026-04-12;material;0000122793;12;;TERUMO ENDO;RADIFOCUS GLIDECATH-CATETER ANGIOGRAFICO (PTA.BENTSON-HANAFEE WILSON JB1,4FR).100CM 1RF*;;;;;;;;;;;;;;630;SIMPRO_VIG;2007-11-29;19;
SIMPRO;2026-04-12;material;0000122839;12;;TERUMO ENDO;RADIFOCUS GLIDECATH-CATETER ANGIOGRAFICO (PTA.BENTSON-HANAFEE WILSON JB1,5FR) 100CM 1RF*;;;;;;;;;;;;;;630;SIMPRO_VIG;2007-11-29;19;
SIMPRO;2026-04-12;material;0000122794;12;;TERUMO ENDO;RADIFOCUS GLIDECATH-CATETER ANGIOGRAFICO (PTA.BENTSON-HANAFEE WILSON JB2,4FR).100CM 1RF*;;;;;;;;;;;;;;630;SIMPRO_VIG;2007-11-29;19;
SIMPRO;2026-04-12;material;0000122840;12;;TERUMO ENDO;RADIFOCUS GLIDECATH-CATETER ANGIOGRAFICO (PTA.BENTSON-HANAFEE WILSON JB2,5FR) 100CM 1RF*;;;;;;;;;;;;;;630;SIMPRO_VIG;2007-11-29;19;
SIMPRO;2026-04-12;material;0000122804;12;;TERUMO ENDO;RADIFOCUS GLIDECATH-CATETER ANGIOGRAFICO (PTA.COBRA GRD.4FR,65CM) 1RF*;;;;;;;;;;;;;;630;SIMPRO_VIG;2007-11-29;19;
SIMPRO;2026-04-12;material;0000122803;12;;TERUMO ENDO;RADIFOCUS GLIDECATH-CATETER ANGIOGRAFICO (PTA.COBRA GRD.4FR,80CM) 1RF*;;;;;;;;;;;;;;630;SIMPRO_VIG;2007-11-29;19;
SIMPRO;2026-04-12;material;0000122824;12;;TERUMO ENDO;RADIFOCUS GLIDECATH-CATETER ANGIOGRAFICO (PTA.COBRA GRD.5FR 80CM) 1RF*;;;;;;;;;;;;;;630;SIMPRO_VIG;2007-11-29;19;
SIMPRO;2026-04-12;material;0000122802;12;;TERUMO ENDO;RADIFOCUS GLIDECATH-CATETER ANGIOGRAFICO (PTA.COBRA MED.4FR,100CM) 1RF*;;;;;;;;;;;;;;630;SIMPRO_VIG;2007-11-29;19;
SIMPRO;2026-04-12;material;0000122801;12;;TERUMO ENDO;RADIFOCUS GLIDECATH-CATETER ANGIOGRAFICO (PTA.COBRA MED.4FR,65CM) 1RF*;;;;;;;;;;;;;;630;SIMPRO_VIG;2007-11-29;19;
SIMPRO;2026-04-12;material;0000122800;12;;TERUMO ENDO;RADIFOCUS GLIDECATH-CATETER ANGIOGRAFICO (PTA.COBRA MED.4FR,80CM) 1RF*;;;;;;;;;;;;;;630;SIMPRO_VIG;2007-11-29;19;
SIMPRO;2026-04-12;material;0000122823;12;;TERUMO ENDO;RADIFOCUS GLIDECATH-CATETER ANGIOGRAFICO (PTA.COBRA MED.5FR 100CM) 1RF*;;;;;;;;;;;;;;630;SIMPRO_VIG;2007-11-29;19;
SIMPRO;2026-04-12;material;0000122822;12;;TERUMO ENDO;RADIFOCUS GLIDECATH-CATETER ANGIOGRAFICO (PTA.COBRA MED.5FR 65CM) 1RF*;;;;;;;;;;;;;;630;SIMPRO_VIG;2007-11-29;19;
SIMPRO;2026-04-12;material;0000122821;12;;TERUMO ENDO;RADIFOCUS GLIDECATH-CATETER ANGIOGRAFICO (PTA.COBRA MED.5FR 80CM) 1RF*;;;;;;;;;;;;;;630;SIMPRO_VIG;2007-11-29;19;
SIMPRO;2026-04-12;material;0000122799;12;;TERUMO ENDO;RADIFOCUS GLIDECATH-CATETER ANGIOGRAFICO (PTA.COBRA PEQ.4FR,80CM) 1RF*;;;;;;;;;;;;;;630;SIMPRO_VIG;2007-11-29;19;
SIMPRO;2026-04-12;material;0000122798;12;;TERUMO ENDO;RADIFOCUS GLIDECATH-CATETER ANGIOGRAFICO (PTA.COBRA PEQ.4FR,80CM) 2 ORIFICIO LATERAL 1RF*;;;;;;;;;;;;;;630;SIMPRO_VIG;2007-11-29;19;
SIMPRO;2026-04-12;material;0000122820;12;;TERUMO ENDO;RADIFOCUS GLIDECATH-CATETER ANGIOGRAFICO (PTA.COBRA PEQ.5FR 65CM) 1RF*;;;;;;;;;;;;;;630;SIMPRO_VIG;2007-11-29;19;
SIMPRO;2026-04-12;material;0000122819;12;;TERUMO ENDO;RADIFOCUS GLIDECATH-CATETER ANGIOGRAFICO (PTA.COBRA PEQ.5FR 80CM) 1RF*;;;;;;;;;;;;;;630;SIMPRO_VIG;2007-11-29;19;
SIMPRO;2026-04-12;material;0000122818;12;;TERUMO ENDO;RADIFOCUS GLIDECATH-CATETER ANGIOGRAFICO (PTA.COBRA PEQ.5FR) 2 ORIFICIO LATERAL 1RF*;;;;;;;;;;;;;;630;SIMPRO_VIG;2007-11-29;19;
SIMPRO;2026-04-12;material;0000122816;12;;TERUMO ENDO;RADIFOCUS GLIDECATH-CATETER ANGIOGRAFICO (PTA.COE1,4FR) 75CM 1RF*;;;;;;;;;;;;;;630;SIMPRO_VIG;2007-11-29;19;
SIMPRO;2026-04-12;material;0000122817;12;;TERUMO ENDO;RADIFOCUS GLIDECATH-CATETER ANGIOGRAFICO (PTA.COE2,4FR) 75CM 1RF*;;;;;;;;;;;;;;630;SIMPRO_VIG;2007-11-29;19;
SIMPRO;2026-04-12;material;0000122835;12;;TERUMO ENDO;RADIFOCUS GLIDECATH-CATETER ANGIOGRAFICO (PTA.COE2,5FR) 100CM 1RF*;;;;;;;;;;;;;;630;SIMPRO_VIG;2007-11-29;19;
SIMPRO;2026-04-12;material;0000122815;12;;TERUMO ENDO;RADIFOCUS GLIDECATH-CATETER ANGIOGRAFICO (PTA.COE3,4FR) 75CM 1RF*;;;;;;;;;;;;;;630;SIMPRO_VIG;2007-11-29;19;
SIMPRO;2026-04-12;material;0000122805;12;;TERUMO ENDO;RADIFOCUS GLIDECATH-CATETER ANGIOGRAFICO (PTA.CURVA J RC1,4FR) 65CM 1RF*;;;;;;;;;;;;;;630;SIMPRO_VIG;2007-11-29;19;
SIMPRO;2026-04-12;material;0000122792;12;;TERUMO ENDO;RADIFOCUS GLIDECATH-CATETER ANGIOGRAFICO (PTA.HEADHUNTER H1,4FR).100CM 1RF*;;;;;;;;;;;;;;630;SIMPRO_VIG;2007-11-29;19;
SIMPRO;2026-04-12;material;0000122838;12;;TERUMO ENDO;RADIFOCUS GLIDECATH-CATETER ANGIOGRAFICO (PTA.HEADHUNTER H1,5FR) 100CM 1RF*;;;;;;;;;;;;;;630;SIMPRO_VIG;2007-11-29;19;
SIMPRO;2026-04-12;material;0000122795;12;;TERUMO ENDO;RADIFOCUS GLIDECATH-CATETER ANGIOGRAFICO (PTA.MANI,4FR).100CM 1RF*;;;;;;;;;;;;;;630;SIMPRO_VIG;2007-11-29;19;
SIMPRO;2026-04-12;material;0000122841;12;;TERUMO ENDO;RADIFOCUS GLIDECATH-CATETER ANGIOGRAFICO (PTA.MANI,5FR) 100CM 1RF*;;;;;;;;;;;;;;630;SIMPRO_VIG;2007-11-29;19;
SIMPRO;2026-04-12;material;0000122814;12;;TERUMO ENDO;RADIFOCUS GLIDECATH-CATETER ANGIOGRAFICO (PTA.MULTI PROPOSITO,4FR,100CM) 1RF*;;;;;;;;;;;;;;630;SIMPRO_VIG;2007-11-29;19;
SIMPRO;2026-04-12;material;0000122834;12;;TERUMO ENDO;RADIFOCUS GLIDECATH-CATETER ANGIOGRAFICO (PTA.MULTI PROPOSITO,5FR 100CM) 1RF;;;;;;;;;;;;;;630;SIMPRO_VIG;2007-11-29;19;
SIMPRO;2026-04-12;material;0000122808;12;;TERUMO ENDO;RADIFOCUS GLIDECATH-CATETER ANGIOGRAFICO (PTA.RETA,4FR 100CM) 1RF*;;;;;;;;;;;;;;630;SIMPRO_VIG;2007-11-29;19;
SIMPRO;2026-04-12;material;0000122810;12;;TERUMO ENDO;RADIFOCUS GLIDECATH-CATETER ANGIOGRAFICO (PTA.RETA,4FR 110CM) 1RF*;;;;;;;;;;;;;;630;SIMPRO_VIG;2007-11-29;19;
SIMPRO;2026-04-12;material;0000122809;12;;TERUMO;RADIFOCUS GLIDECATH-CATETER ANGIOGRAFICO (PTA.RETA,4FR 110CM) 1RF*ZM74111M;;;;;;;;;;;;;;630;SIMPRO_VIG;2007-11-29;19;
SIMPRO;2026-04-12;material;0000122811;12;;TERUMO ENDO;RADIFOCUS GLIDECATH-CATETER ANGIOGRAFICO (PTA.RETA,4FR 120CM) 1RF*;;;;;;;;;;;;;;630;SIMPRO_VIG;2007-11-29;19;
SIMPRO;2026-04-12;material;0000122807;12;;TERUMO ENDO;RADIFOCUS GLIDECATH-CATETER ANGIOGRAFICO (PTA.RETA,4FR 65CM) 1RF*;;;;;;;;;;;;;;630;SIMPRO_VIG;2007-11-29;19;
SIMPRO;2026-04-12;material;0000122832;12;;TERUMO ENDO;RADIFOCUS GLIDECATH-CATETER ANGIOGRAFICO (PTA.RETA,5FR) 110CM 1RF*;;;;;;;;;;;;;;630;SIMPRO_VIG;2007-11-29;19;
SIMPRO;2026-04-12;material;0000122789;12;;TERUMO ENDO;RADIFOCUS GLIDECATH-CATETER ANGIOGRAFICO (PTA.SIMMONS SIDEWINDER I,4FR).100CM 1RF*;;;;;;;;;;;;;;630;SIMPRO_VIG;2007-11-29;19;
SIMPRO;2026-04-12;material;0000122836;12;;TERUMO ENDO;RADIFOCUS GLIDECATH-CATETER ANGIOGRAFICO (PTA.SIMMONS SIDEWINDER I,5FR) 100CM 1RF*;;;;;;;;;;;;;;630;SIMPRO_VIG;2007-11-29;19;
SIMPRO;2026-04-12;material;0000122790;12;;TERUMO ENDO;RADIFOCUS GLIDECATH-CATETER ANGIOGRAFICO (PTA.SIMMONS SIDEWINDER II,4FR).100CM 1RF*;;;;;;;;;;;;;;630;SIMPRO_VIG;2007-11-29;19;
SIMPRO;2026-04-12;material;0000122837;12;;TERUMO ENDO;RADIFOCUS GLIDECATH-CATETER ANGIOGRAFICO (PTA.SIMMONS SIDEWINDER II,5FR) 100CM 1RF*;;;;;;;;;;;;;;630;SIMPRO_VIG;2007-11-29;19;
SIMPRO;2026-04-12;material;0000122791;12;;TERUMO ENDO;RADIFOCUS GLIDECATH-CATETER ANGIOGRAFICO (PTA.SIMMONS SIDEWINDER III,4FR).100CM 1RF*;;;;;;;;;;;;;;630;SIMPRO_VIG;2007-11-29;19;
SIMPRO;2026-04-12;material;0000122842;12;;TERUMO ENDO;RADIFOCUS GLIDECATH-CATETER ANGIOGRAFICO (PTA.VERTEBRAL 5FR 100CM) 1RF*;;;;;;;;;;;;;;630;SIMPRO_VIG;2007-11-29;19;
SIMPRO;2026-04-12;material;0000122843;12;;TERUMO ENDO;RADIFOCUS GLIDECATH-CATETER ANGIOGRAFICO (PTA.VERTEBRAL 5FR 110CM) 1RF*;;;;;;;;;;;;;;630;SIMPRO_VIG;2007-11-29;19;
SIMPRO;2026-04-12;material;0000122796;12;;TERUMO ENDO;RADIFOCUS GLIDECATH-CATETER ANGIOGRAFICO (PTA.VERTEBRAL,4FR,100CM) 1RF*;;;;;;;;;;;;;;630;SIMPRO_VIG;2007-11-29;19;
SIMPRO;2026-04-12;material;0000122797;12;;TERUMO ENDO;RADIFOCUS GLIDECATH-CATETER ANGIOGRAFICO (PTA.VERTEBRAL,4FR,120CM) 1RF*;;;;;;;;;;;;;;630;SIMPRO_VIG;2007-11-29;19;
SIMPRO;2026-04-12;material;0000122806;12;;TERUMO ENDO;RADIFOCUS GLIDECATH-CATETER ANGIOGRAFICO (PTA.YASHIRO TIPE,4FR) 70CM 1RF*;;;;;;;;;;;;;;630;SIMPRO_VIG;2007-11-29;19;
SIMPRO;2026-04-12;material;0000122826;12;;TERUMO ENDO;RADIFOCUS GLIDECATH-CATETER ANGIOGRAFICO (PTA.YASHIRO,5FR 100CM) 1RF*;;;;;;;;;;;;;;630;SIMPRO_VIG;2007-11-29;19;
SIMPRO;2026-04-12;material;0000122825;12;;TERUMO ENDO;RADIFOCUS GLIDECATH-CATETER ANGIOGRAFICO (PTA.YASHIRO,5FR 70CM) 1RF*;;;;;;;;;;;;;;630;SIMPRO_VIG;2007-11-29;19;
SIMPRO;2026-04-12;material;0000241886;12;;ST.JUDE;RADIOFREQUENCIA SACROILIACA SIMPLICITY III;;;;;;;;;;;;;;35000;SIMPRO_VIG;2013-12-11;19;
SIMPRO;2026-04-12;material;0000354193;12;;ALFA MED;RAIO X ARCO CIRURGICO SISTEMA DIGITAL 5KW;;;;;;;;;;;;;;1200000;SIMPRO_VIG;2025-12-04;19;
SIMPRO;2026-04-12;material;0000354194;12;;ALFA MED;RAIO X ARCO CIRURGICO SISTEMA DIGITAL 8KW;;;;;;;;;;;;;;1500000;SIMPRO_VIG;2025-12-04;19;
SIMPRO;2026-04-12;material;0000354184;12;;ALFA MED;RAIO X FIXO SISTEMA CONVENCIONAL;;;;;;;;;;;;;;880000;SIMPRO_VIG;2025-12-04;19;
SIMPRO;2026-04-12;material;0000354183;12;;ALFA MED;RAIO X FIXO SISTEMA DIGITAL;;;;;;;;;;;;;;1290000;SIMPRO_VIG;2025-12-04;19;
SIMPRO;2026-04-12;material;0000354195;12;;ALFA MED;RAIO X MESA TELECOMANDADA SISTEMA DIGITAL;;;;;;;;;;;;;;3800000;SIMPRO_VIG;2025-12-04;19;
SIMPRO;2026-04-12;material;0000354187;12;;ALFA MED;RAIO X MOVEL SISTEMA CONVENCIONAL 35KW;;;;;;;;;;;;;;400000;SIMPRO_VIG;2025-12-04;19;
SIMPRO;2026-04-12;material;0000354188;12;;ALFA MED;RAIO X MOVEL SISTEMA CONVENCIONAL 40KW;;;;;;;;;;;;;;500000;SIMPRO_VIG;2025-12-04;19;
SIMPRO;2026-04-12;material;0000354185;12;;ALFA MED;RAIO X MOVEL SISTEMA DIGITAL 35KW;;;;;;;;;;;;;;880000;SIMPRO_VIG;2025-12-04;19;
SIMPRO;2026-04-12;material;0000354186;12;;ALFA MED;RAIO X MOVEL SISTEMA DIGITAL 40KW;;;;;;;;;;;;;;1290000;SIMPRO_VIG;2025-12-04;19;
SIMPRO;2026-04-12;material;0000288830;12;;CONCEITOS MEDICAL;RAIO-X FIXO SIST.DIGITAL CONVENCIONAL;;;;;;;;;;;;;;1340000;SIMPRO_VIG;2017-07-19;19;
SIMPRO;2026-04-12;material;0000288829;12;;CONCEITOS MEDICAL;RAIO-X FIXO SIST.DIGITAL RADSPEED FIT;;;;;;;;;;;;;;2200000;SIMPRO_VIG;2017-07-19;19;
SIMPRO;2026-04-12;material;0000288827;12;;CONCEITOS MEDICAL;RAIO-X MOVEL SIST.DIGITAL MOBILE ART ECO;;;;;;;;;;;;;;1750000;SIMPRO_VIG;2017-07-19;19;
SIMPRO;2026-04-12;material;0000288828;12;;CONCEITOS MEDICAL;RAIO-X MOVEL SIST.DIGITAL MOBILE ART EVOLUTION;;;;;;;;;;;;;;1825000.01;SIMPRO_VIG;2017-10-24;19;
SIMPRO;2026-04-12;material;0004065032;12;;JG MORIYA;RAMAL 2X2 P/BLOCO CENTRAL GASES;;;;;;;;;;;;;;200;SIMPRO_VIG;2010-07-20;19;
SIMPRO;2026-04-12;material;0000110500;12;;JG MORIYA;RAMAL 2X2 P/BLOCO CENTRAL GASES 900133;;;;;;;;;;;;;;0;SIMPRO_VIG;2010-01-12;19;
SIMPRO;2026-04-12;material;0000320636;12;;SCAV MEDICAL;RAMAL P/CIRCUITO RESPIRATORIO YOUFLOW ADU.1,6MT;;;;;;;;;;;;;;125;SIMPRO_VIG;2021-02-11;19;
SIMPRO;2026-04-12;material;0000052211;12;;CARCI;RAMPA ESCADA DEGRAU EMBUTIR 1030;;;;;;;;;;;;;;0.004;SIMPRO_VIG;2009-11-13;19;
SIMPRO;2026-04-12;material;0000128773;12;;HELPMED;RAPID FILL ADA.LUER TO ORAL (42701) C/50UNID 42701;;;;;;;;;;;;;;0;SIMPRO_VIG;2009-07-03;19;
SIMPRO;2026-04-12;material;0000283610;12;;SMT;RAQUE PAREDE ATE 5SUPORTES PLAST.P/COMADRE;;;;;;;;;;;;;;1740;SIMPRO_VIG;2017-03-23;19;
SIMPRO;2026-04-12;material;0000283615;12;;SMT;RAQUE PAREDE ATE 5SUPORTES PLAST.P/COMADRE TP.CUNHA;;;;;;;;;;;;;;1848;SIMPRO_VIG;2017-03-23;19;
SIMPRO;2026-04-12;material;0000283613;12;;SMT;RAQUE PAREDE BACIA P/LAVAGEM;;;;;;;;;;;;;;1650;SIMPRO_VIG;2017-03-23;19;
SIMPRO;2026-04-12;material;0000283611;12;;SMT;RAQUE PAREDE BACIA P/LAVAGEM COMADRE;;;;;;;;;;;;;;1665;SIMPRO_VIG;2017-03-23;19;
SIMPRO;2026-04-12;material;0000283614;12;;SMT;RAQUE PAREDE P/COMADRE TP.ARARA;;;;;;;;;;;;;;1334.4;SIMPRO_VIG;2017-03-23;19;
SIMPRO;2026-04-12;material;0000283612;12;;SMT;RAQUE PAREDE P/PAPAGAIO;;;;;;;;;;;;;;966;SIMPRO_VIG;2017-03-23;19;
SIMPRO;2026-04-12;material;0006230091;12;;RICHTER;RASPA CONCAVA 20CM;;;;;;;;;;;;;;336;SIMPRO_VIG;2024-07-30;19;
SIMPRO;2026-04-12;material;0006230089;12;;RICHTER;RASPA CURVA DENTE P/BAIXO 18CM;;;;;;;;;;;;;;316;SIMPRO_VIG;2024-07-30;19;
SIMPRO;2026-04-12;material;0006230090;12;;RICHTER;RASPA CURVA DENTE P/CIMA 18CM;;;;;;;;;;;;;;316;SIMPRO_VIG;2024-07-30;19;
SIMPRO;2026-04-12;material;0006230102;12;;RICHTER;RASPA DIAMANTADA CURVA 18CM;;;;;;;;;;;;;;592;SIMPRO_VIG;2024-07-30;19;
SIMPRO;2026-04-12;material;0006230101;12;;RICHTER;RASPA DIAMANTADA RETA 18CM;;;;;;;;;;;;;;592;SIMPRO_VIG;2024-07-30;19;
SIMPRO;2026-04-12;material;0006230100;12;;RICHTER;RASPA FOMON DUPLA 20CM;;;;;;;;;;;;;;542;SIMPRO_VIG;2024-07-30;19;
SIMPRO;2026-04-12;material;0000130334;12;;MEM;RASPA HOWARD RETO TRABALHO CURVADA CIR.PLASTICA 210-438-010;;;;;;;;;;;;;;700;SIMPRO_VIG;2009-06-17;19;
SIMPRO;2026-04-12;material;0006230092;12;;RICHTER;RASPA JOSEPH DENTE FINO 20CM;;;;;;;;;;;;;;316;SIMPRO_VIG;2024-07-30;19;
SIMPRO;2026-04-12;material;0006230093;12;;RICHTER;RASPA MALTZ 18CM;;;;;;;;;;;;;;336;SIMPRO_VIG;2024-07-30;19;
SIMPRO;2026-04-12;material;0000078060;12;;RICHTER;RASPA MASING C/VIDEA R-621-20D;;;;;;;;;;;;;;225;SIMPRO_VIG;2005-12-01;19;
SIMPRO;2026-04-12;material;0000078059;12;;RICHTER;RASPA MASING CURVA DELICADA;;;;;;;;;;;;;;390;SIMPRO_VIG;2024-07-30;19;
SIMPRO;2026-04-12;material;0006230098;12;;RICHTER;RASPA MASING RETA 20CM;;;;;;;;;;;;;;383;SIMPRO_VIG;2024-07-30;19;
SIMPRO;2026-04-12;material;0006230099;12;;RICHTER;RASPA MASING RETA DENTE FINO 20CM;;;;;;;;;;;;;;383;SIMPRO_VIG;2024-07-30;19;
SIMPRO;2026-04-12;material;0000130336;12;;MEM;RASPA MCINDOE RETO C/CORTE INVERTIDO CIR.PLASTCA (420-655-180);;;;;;;;;;;;;;865.35;SIMPRO_VIG;2009-06-17;19;
SIMPRO;2026-04-12;material;0000130337;12;;MEM;RASPA NASAL WATSON WILLIAMS ARREDONDADO C/LAMINA CONVEXA CIR.PLASTICA (420-520-170);;;;;;;;;;;;;;2208;SIMPRO_VIG;2009-06-17;19;
SIMPRO;2026-04-12;material;0006230097;12;;RICHTER;RASPA P/ORELHA ABANO (3PCS) 17CM;;;;;;;;;;;;;;592;SIMPRO_VIG;2024-07-30;19;
SIMPRO;2026-04-12;material;0006230087;12;;RICHTER;RASPA RETA DENTE P/BAIXO 20CM;;;;;;;;;;;;;;316;SIMPRO_VIG;2024-07-30;19;
SIMPRO;2026-04-12;material;0006230088;12;;RICHTER;RASPA RETA DENTE P/CIMA 20CM;;;;;;;;;;;;;;316;SIMPRO_VIG;2024-07-30;19;
SIMPRO;2026-04-12;material;0000117419;12;;BIOSERVICE;RASPADOR LINGUA AROMATIZADO 12PCS;;;;;;;;;;;;;;1.901;SIMPRO_VIG;2007-05-21;19;
SIMPRO;2026-04-12;material;0000172285;12;;MEDVISION;RASPADOR MEMBRANA TANO DIAMOND DUSTER 20GA;;;;;;;;;;;;;;787;SIMPRO_VIG;2015-10-28;19;
SIMPRO;2026-04-12;material;0000172286;12;;MEDVISION;RASPADOR MEMBRANA TANO DIAMOND DUSTER 23GA;;;;;;;;;;;;;;787;SIMPRO_VIG;2015-10-28;19;
SIMPRO;2026-04-12;material;0000172287;12;;MEDVISION;RASPADOR MEMBRANA TANO DIAMOND DUSTER 25GA;;;;;;;;;;;;;;988;SIMPRO_VIG;2015-10-28;19;
SIMPRO;2026-04-12;material;0000245709;12;;EYEHOME;RASPADOR TANO PTA.SILICONE C/SAFIRA 20GA;;;;;;;;;;;;;;886.87;SIMPRO_VIG;2015-03-24;19;
SIMPRO;2026-04-12;material;0000245710;12;;EYEHOME;RASPADOR TANO PTA.SILICONE C/SAFIRA 23GA;;;;;;;;;;;;;;886.87;SIMPRO_VIG;2015-03-24;19;
SIMPRO;2026-04-12;material;0000245712;12;;EYEHOME;RASPADOR TANO PTA.SILICONE C/SAFIRA 25GA;;;;;;;;;;;;;;886.87;SIMPRO_VIG;2015-03-24;19;
SIMPRO;2026-04-12;material;0000245714;12;;EYEHOME;RASPADOR TANO PTA.SILICONE C/SAFIRA SUPER FLEX 20GA;;;;;;;;;;;;;;645;SIMPRO_VIG;2014-05-19;19;
SIMPRO;2026-04-12;material;0000245716;12;;EYEHOME;RASPADOR TANO PTA.SILICONE C/SAFIRA SUPER FLEX 23GA;;;;;;;;;;;;;;886.87;SIMPRO_VIG;2015-03-24;19;
SIMPRO;2026-04-12;material;0000245718;12;;EYEHOME;RASPADOR TANO PTA.SILICONE C/SAFIRA SUPER FLEX 25GA;;;;;;;;;;;;;;886.87;SIMPRO_VIG;2015-03-24;19;
SIMPRO;2026-04-12;material;0000130306;12;;MEM CIRURGICA;RASTREADOR/DETECTOR INSTRUMENTO CIR.HAMPER;;;;;;;;;;;;;;28444.28;SIMPRO_VIG;2008-07-11;19;
SIMPRO;2026-04-12;material;0000124837;12;;MEM CIRURGICA;RASTREAMENTO C/LEITOR OTICO INSTRUMENTAL/EQUIPAMENTO KEYDOT ID-400/ID-405/ID-410;;;;;;;;;;;;;;9.95;SIMPRO_VIG;2008-03-11;19;
SIMPRO;2026-04-12;material;0000040784;12;;STERIFARMA;RAYON C/NITROFURAZONA ESTERIL 5MT;;;;;;;;;;;;;;24.92;SIMPRO_VIG;2007-09-13;19;
SIMPRO;2026-04-12;material;0000040786;12;;STERIFARMA;RAYON FURACINADO LAMINA ESTERIL 2UNID;;;;;;;;;;;;;;9.6;SIMPRO_VIG;2010-11-05;19;
SIMPRO;2026-04-12;material;0000088503;12;;STERIFARMA;RAYON LAMINA 10CM;;;;;;;;;;;;;;3.2;SIMPRO_VIG;2010-11-05;19;
SIMPRO;2026-04-12;material;0000088504;12;;STERIFARMA;RAYON LAMINA 20CM;;;;;;;;;;;;;;3.7;SIMPRO_VIG;2010-11-05;19;
SIMPRO;2026-04-12;material;0000088505;12;;STERIFARMA;RAYON LAMINA 50CM;;;;;;;;;;;;;;4.13;SIMPRO_VIG;2007-08-27;19;
SIMPRO;2026-04-12;material;0000040785;12;;STERIFARMA;RAYON LAMINA 7X15 ESTERIL;;;;;;;;;;;;;;3.5;SIMPRO_VIG;2010-11-05;19;
SIMPRO;2026-04-12;material;0000082969;12;;STERIFARMA;RAYON ROLO 7CMX5M;;;;;;;;;;;;;;0.019;SIMPRO_VIG;2007-09-13;19;
SIMPRO;2026-04-12;material;0000082970;12;;STERIFARMA;RAYON VASELINADO (HIAE);;;;;;;;;;;;;;23.55;SIMPRO_VIG;2007-09-13;19;
SIMPRO;2026-04-12;material;0000137320;12;;ADAPT;RAYVISC + VISCO SUPREME ADAPTVISC1;;;;;;;;;;;;;;446.5;SIMPRO_VIG;2009-05-05;19;
SIMPRO;2026-04-12;material;0000137321;12;;ADAPT;RAYVISC + VISCOCEL 1,5ML ADAPTVISC2;;;;;;;;;;;;;;346.75;SIMPRO_VIG;2009-05-05;19;
SIMPRO;2026-04-12;material;0000137322;12;;ADAPT;RAYVISC + VISCOCEL 2,0ML ADAPTVISC3;;;;;;;;;;;;;;351.5;SIMPRO_VIG;2009-05-05;19;
SIMPRO;2026-04-12;material;0000137323;12;;ADAPT;RAYVISC + VISCOCEL 3,0ML ADAPTVISC4;;;;;;;;;;;;;;356.25;SIMPRO_VIG;2009-05-05;19;
SIMPRO;2026-04-12;material;0000117458;12;;ADAPT;RAYVISC HIALURONATO SODIO 3% SER.0,85ML;;;;;;;;;;;;;;280;SIMPRO_VIG;2009-05-05;19;
SIMPRO;2026-04-12;material;0000268548;12;;RAZEK;RAZEK PULSE PRO;;;;;;;;;;;;;;3420;SIMPRO_VIG;2023-06-13;19;
SIMPRO;2026-04-12;material;268548;12;;RAZEK;RAZEK PULSE PRO;;;;;;;;;;;;;;3420;SIMPRO_VIG;2023-06-13;19;
SIMPRO;2026-04-12;material;0000258008;12;;GUERBET IMAGEM;READY BOX;;;;;;;;;;;;;;7186.81;SIMPRO_VIG;2017-05-30;19;
SIMPRO;2026-04-12;material;0000149326;12;;FRESENIUS MEDIC.CARE;REAGENTE 50ML;;;;;;;;;;;;;;2.125;SIMPRO_VIG;2025-10-24;19;
SIMPRO;2026-04-12;material;0000286430;12;;SUNMEDCARE;REAGENTE ADP-TEM 10TESTES;;;;;;;;;;;;;;100;SIMPRO_VIG;2017-06-27;19;
SIMPRO;2026-04-12;material;0000177556;12;;SUNMEDCARE;REAGENTE AP-TEM 50TESTES;;;;;;;;;;;;;;80;SIMPRO_VIG;2015-03-10;19;
SIMPRO;2026-04-12;material;0000286433;12;;SUNMEDCARE;REAGENTE AP-TEM S 20TESTES;;;;;;;;;;;;;;100;SIMPRO_VIG;2017-06-27;19;
SIMPRO;2026-04-12;material;0000286436;12;;SUNMEDCARE;REAGENTE EX-TEM S 20TESTES;;;;;;;;;;;;;;75;SIMPRO_VIG;2017-06-27;19;
SIMPRO;2026-04-12;material;0000177558;12;;SUNMEDCARE;REAGENTE FIB-TEM 50TESTES;;;;;;;;;;;;;;88;SIMPRO_VIG;2015-03-10;19;
SIMPRO;2026-04-12;material;0000286432;12;;SUNMEDCARE;REAGENTE FIB-TEM S 20TESTES;;;;;;;;;;;;;;100;SIMPRO_VIG;2017-06-27;19;
SIMPRO;2026-04-12;material;0000177557;12;;SUNMEDCARE;REAGENTE HEP-TEM 70TESTES;;;;;;;;;;;;;;72.143;SIMPRO_VIG;2015-03-10;19;
SIMPRO;2026-04-12;material;0000286434;12;;SUNMEDCARE;REAGENTE HEP-TEM S 20TESTES;;;;;;;;;;;;;;100;SIMPRO_VIG;2017-06-27;19;
SIMPRO;2026-04-12;material;0000177559;12;;SUNMEDCARE;REAGENTE IN-TEM 100TESTES;;;;;;;;;;;;;;78.5;SIMPRO_VIG;2015-03-10;19;
SIMPRO;2026-04-12;material;0000286435;12;;SUNMEDCARE;REAGENTE IN-TEM S 20TESTES;;;;;;;;;;;;;;75;SIMPRO_VIG;2017-06-27;19;
SIMPRO;2026-04-12;material;0000151707;12;;BIO MED;REAGENTE INDICADOR PRESENCA P/ACIDO PERACETICO 100ML SIP;;;;;;;;;;;;;;1.255;SIMPRO_VIG;2019-04-23;19;
SIMPRO;2026-04-12;material;0000276947;12;;ALERE;REAGENTE LISANTE 5 DIFF P/HEMOGRAMA COMPLETO POINT OF CARE 500ML;;;;;;;;;;;;;;3230;SIMPRO_VIG;2016-09-19;19;
SIMPRO;2026-04-12;material;0000276903;12;;MEDTRONIC;REAGENTE P/CONTROLE TEMPO COAGULACAO ATIVADA HR ACT;;;;;;;;;;;;;;100;SIMPRO_VIG;2016-09-13;19;
SIMPRO;2026-04-12;material;0000177563;12;;SUNMEDCARE;REAGENTE REX-TEM 100TESTES;;;;;;;;;;;;;;78.5;SIMPRO_VIG;2015-03-10;19;
SIMPRO;2026-04-12;material;0000177560;12;;SUNMEDCARE;REAGENTE STAR-TEM 100TESTES;;;;;;;;;;;;;;72;SIMPRO_VIG;2015-03-10;19;
SIMPRO;2026-04-12;material;0000286431;12;;SUNMEDCARE;REAGENTE TRAP-TEM 10TESTES;;;;;;;;;;;;;;100;SIMPRO_VIG;2017-06-27;19;
SIMPRO;2026-04-12;material;0000350140;12;;ARGUS CIENTIFICA;REAGENTES PACK HUMALYTE PLUS 3 INVITRO;;;;;;;;;;;;;;8544;SIMPRO_VIG;2024-02-15;19;
SIMPRO;2026-04-12;material;0000350141;12;;ARGUS CIENTIFICA;REAGENTES PACK HUMALYTE PLUS 5 INVITRO;;;;;;;;;;;;;;8544;SIMPRO_VIG;2024-02-15;19;
SIMPRO;2026-04-12;material;0000352928;12;;LABPOC;REAGENTES PACK P/ANALISADOR HEMATOLOGIA 380TESTES;;;;;;;;;;;;;;20;SIMPRO_VIG;2024-06-26;19;
SIMPRO;2026-04-12;material;0000112154;12;;PCE;REAMER FEMURAL LM-RL GENESIS JOELHO;;;;;;;;;;;;;;1170;SIMPRO_VIG;2026-03-31;19;
SIMPRO;2026-04-12;material;0000355741;12;;BIO INFINITY;REANIMADOR 1600ML S/ALCA S/PORTA MANOMETRO RESERVATORIO O2-2500ML;;;;;;;;;;;;;;300;SIMPRO_VIG;2024-10-15;19;
SIMPRO;2026-04-12;material;0000355742;12;;BIO INFINITY;REANIMADOR 280ML S/ALCA C/PORTA MANOMETRO RESERVATORIO O2-1000ML;;;;;;;;;;;;;;300;SIMPRO_VIG;2024-10-15;19;
SIMPRO;2026-04-12;material;0000355743;12;;BIO INFINITY;REANIMADOR 500ML S/ALCA S/PORTA MANOMETRO RESERVATORIO O2-2500ML;;;;;;;;;;;;;;300;SIMPRO_VIG;2024-10-15;19;
SIMPRO;2026-04-12;material;0000052975;12;;PROTEC;REANIMADOR MANUAL 1,0LTS INF.POLIVINIL;;;;;;;;;;;;;;63.7;SIMPRO_VIG;2009-09-29;19;
SIMPRO;2026-04-12;material;0000052976;12;;PROTEC;REANIMADOR MANUAL 1/2LT RECEM NATO POLIVINIL;;;;;;;;;;;;;;63.7;SIMPRO_VIG;2009-09-29;19;
SIMPRO;2026-04-12;material;0000052974;12;;PROTEC;REANIMADOR MANUAL 2,0LTS ADU.POLIVINIL;;;;;;;;;;;;;;67.6;SIMPRO_VIG;2009-09-29;19;
SIMPRO;2026-04-12;material;0000043081;12;;JG MORIYA;REANIMADOR MANUAL ADU.2,0 L 390001;;;;;;;;;;;;;;0;SIMPRO_VIG;2010-01-12;19;
SIMPRO;2026-04-12;material;0000110264;12;;JG MORIYA;REANIMADOR MANUAL ADU.SILICONE;;;;;;;;;;;;;;469.58;SIMPRO_VIG;2007-02-01;19;
SIMPRO;2026-04-12;material;0000245625;12;;CIRURGICA FERNANDES;REANIMADOR MANUAL AMBU SILICONE NEO.C/MASC.NR.0;;;;;;;;;;;;;;3000;SIMPRO_VIG;2022-11-30;19;
SIMPRO;2026-04-12;material;0000245652;12;;CIRURGICA FERNANDES;REANIMADOR MANUAL AMBU SILICONE PED.C/MASC.NR.;;;;;;;;;;;;;;3000;SIMPRO_VIG;2022-11-30;19;
SIMPRO;2026-04-12;material;0000296811;12;;RTC;REANIMADOR MANUAL COMPLETO VADI USO UNICO ADU.;;;;;;;;;;;;;;378;SIMPRO_VIG;2018-03-27;19;
SIMPRO;2026-04-12;material;0000296813;12;;RTC;REANIMADOR MANUAL COMPLETO VADI USO UNICO INFANTIL;;;;;;;;;;;;;;378;SIMPRO_VIG;2018-03-27;19;
SIMPRO;2026-04-12;material;0000296812;12;;RTC;REANIMADOR MANUAL COMPLETO VADI USO UNICO PEDIATRICO;;;;;;;;;;;;;;378;SIMPRO_VIG;2018-03-27;19;
SIMPRO;2026-04-12;material;0000043082;12;;JG MORIYA;REANIMADOR MANUAL INF.1,0 L 390101;;;;;;;;;;;;;;0;SIMPRO_VIG;2010-01-12;19;
SIMPRO;2026-04-12;material;0000043170;12;;JG MORIYA;REANIMADOR MANUAL INF.500ML - SILICONE;;;;;;;;;;;;;;469.58;SIMPRO_VIG;2007-08-17;19;
SIMPRO;2026-04-12;material;0000110413;12;;JG MORIYA;REANIMADOR MANUAL INF.SILICONE;;;;;;;;;;;;;;469.58;SIMPRO_VIG;2007-02-01;19;
SIMPRO;2026-04-12;material;0000286277;12;;CELMAT;REANIMADOR MANUAL NEO./INF./ADU.SILICONE AUTOCLAV C/RESERV.MASC.;;;;;;;;;;;;;;1350;SIMPRO_VIG;2017-06-20;19;
SIMPRO;2026-04-12;material;0000290135;12;;PROTEC;REANIMADOR MANUAL PREMIUM AUTOCLAVE 134° COMPLETO ADU.;;;;;;;;;;;;;;2279.7;SIMPRO_VIG;2017-09-05;19;
SIMPRO;2026-04-12;material;0000290136;12;;PROTEC;REANIMADOR MANUAL PREMIUM AUTOCLAVE 134° COMPLETO INF.;;;;;;;;;;;;;;2279.7;SIMPRO_VIG;2017-09-05;19;
SIMPRO;2026-04-12;material;0000262252;12;;PROTEC;REANIMADOR MANUAL PREMIUM AUTOCLAVE 134° COMPLETO NEO;;;;;;;;;;;;;;2279.7;SIMPRO_VIG;2017-09-05;19;
SIMPRO;2026-04-12;material;0000262255;12;;PROTEC;REANIMADOR MANUAL PVC BASICO S/RESERV.NEO./INF./ADU.;;;;;;;;;;;;;;142.8;SIMPRO_VIG;2015-10-21;19;
SIMPRO;2026-04-12;material;0000043083;12;;JG MORIYA;REANIMADOR MANUAL RECEM NATO 1/2 L 390201;;;;;;;;;;;;;;0;SIMPRO_VIG;2010-01-12;19;
SIMPRO;2026-04-12;material;0000110412;12;;JG MORIYA;REANIMADOR MANUAL RECEM-NATO SILICONE;;;;;;;;;;;;;;469.58;SIMPRO_VIG;2007-02-01;19;
SIMPRO;2026-04-12;material;0000245092;12;;CONCEITOS MEDICAL;REANIMADOR MANUAL SILICONE ADU.;;;;;;;;;;;;;;1635.6;SIMPRO_VIG;2020-09-08;19;
SIMPRO;2026-04-12;material;0000052977;12;;PROTEC;REANIMADOR MANUAL SILICONE ADU.C/RESERV.;;;;;;;;;;;;;;269.5;SIMPRO_VIG;2009-09-29;19;
SIMPRO;2026-04-12;material;0000303005;12;;CONCEITOS MEDICAL;REANIMADOR MANUAL SILICONE ADU.C/RESERVATORIO;;;;;;;;;;;;;;1924.3;SIMPRO_VIG;2021-04-20;19;
SIMPRO;2026-04-12;material;0000262253;12;;PROTEC;REANIMADOR MANUAL SILICONE AUTOCLAV.121° NEO./INF./ADU.;;;;;;;;;;;;;;597.43;SIMPRO_VIG;2015-10-21;19;
SIMPRO;2026-04-12;material;0000102593;12;;PROTEC;REANIMADOR MANUAL SILICONE BASICO ADU.;;;;;;;;;;;;;;93.5;SIMPRO_VIG;2026-03-31;19;
SIMPRO;2026-04-12;material;0000102594;12;;PROTEC;REANIMADOR MANUAL SILICONE BASICO INF.;;;;;;;;;;;;;;93.5;SIMPRO_VIG;2026-03-31;19;
SIMPRO;2026-04-12;material;0000102595;12;;PROTEC;REANIMADOR MANUAL SILICONE BASICO RECEM NATO;;;;;;;;;;;;;;93.5;SIMPRO_VIG;2026-03-31;19;
SIMPRO;2026-04-12;material;0000052978;12;;PROTEC;REANIMADOR MANUAL SILICONE INF.C/RESERV.;;;;;;;;;;;;;;269.5;SIMPRO_VIG;2009-09-29;19;
SIMPRO;2026-04-12;material;0000245093;12;;CONCEITOS MEDICAL;REANIMADOR MANUAL SILICONE NEO.;;;;;;;;;;;;;;1635.6;SIMPRO_VIG;2020-09-08;19;
SIMPRO;2026-04-12;material;0000303001;12;;CONCEITOS MEDICAL;REANIMADOR MANUAL SILICONE NEO.C/RESERVATORIO;;;;;;;;;;;;;;1029;SIMPRO_VIG;2018-11-06;19;
SIMPRO;2026-04-12;material;0000245094;12;;CONCEITOS MEDICAL;REANIMADOR MANUAL SILICONE PED.;;;;;;;;;;;;;;1635.6;SIMPRO_VIG;2020-09-08;19;
SIMPRO;2026-04-12;material;0000303003;12;;CONCEITOS MEDICAL;REANIMADOR MANUAL SILICONE PED.C/RESERVATORIO;;;;;;;;;;;;;;2900;SIMPRO_VIG;2023-08-30;19;
SIMPRO;2026-04-12;material;0000052979;12;;PROTEC;REANIMADOR MANUAL SILICONE RECEM NATO C/RESERV.;;;;;;;;;;;;;;269.5;SIMPRO_VIG;2009-09-29;19;
SIMPRO;2026-04-12;material;0000262254;12;;PROTEC;REANIMADOR MANUAL STD SILICONE AUTOCLAVE 121° NEO.;;;;;;;;;;;;;;1379.73;SIMPRO_VIG;2017-09-05;19;
SIMPRO;2026-04-12;material;0000290137;12;;PROTEC;REANIMADOR MANUAL STD SILICONE AUTOCLOVE 121° ADU.;;;;;;;;;;;;;;1379.73;SIMPRO_VIG;2017-09-05;19;
SIMPRO;2026-04-12;material;0000290138;12;;PROTEC;REANIMADOR MANUAL STD SILICONE AUTOCLOVE 121° INF.;;;;;;;;;;;;;;1379.73;SIMPRO_VIG;2017-09-05;19;
SIMPRO;2026-04-12;material;0000260647;12;;CELMAT;REANIMADOR PVC C/ALIVIO PRESSAO RM 40CMH20 ADU.;;;;;;;;;;;;;;441.94;SIMPRO_VIG;2015-09-04;19;
SIMPRO;2026-04-12;material;0000260650;12;;CELMAT;REANIMADOR PVC C/ALIVIO PRESSAO RM 40CMH20 NEO.;;;;;;;;;;;;;;441.94;SIMPRO_VIG;2015-09-04;19;
SIMPRO;2026-04-12;material;0000260649;12;;CELMAT;REANIMADOR PVC C/ALIVIO PRESSAO RM 40CMH20 PED.;;;;;;;;;;;;;;441.94;SIMPRO_VIG;2015-09-04;19;
SIMPRO;2026-04-12;material;0000299233;12;;CIRURGICA FERNANDES;REANIMADOR RESPIRATORIO MANUAL PVC DESC.ADU.FOYOMED;;;;;;;;;;;;;;2900;SIMPRO_VIG;2022-11-30;19;
SIMPRO;2026-04-12;material;0000299235;12;;CIRURGICA FERNANDES;REANIMADOR RESPIRATORIO MANUAL PVC DESC.NEO.FOYOMED;;;;;;;;;;;;;;2900;SIMPRO_VIG;2022-11-30;19;
SIMPRO;2026-04-12;material;0000299234;12;;CIRURGICA FERNANDES;REANIMADOR RESPIRATORIO MANUAL PVC DESC.PEDIATRICO FOYOMED;;;;;;;;;;;;;;2900;SIMPRO_VIG;2022-11-30;19;
SIMPRO;2026-04-12;material;0000245659;12;;CIRURGICA FERNANDES;REANIMADOR RESPIRATORIO MANUAL SILICONE ADU.AMBU;;;;;;;;;;;;;;3000;SIMPRO_VIG;2022-06-30;19;
SIMPRO;2026-04-12;material;0000150276;12;;CIRURGICA FERNANDES;REANIMADOR RESPIRATORIO MANUAL SILICONE ADU.DAHLHAUSEN;;;;;;;;;;;;;;1020.61;SIMPRO_VIG;2015-09-10;19;
SIMPRO;2026-04-12;material;0000286203;12;;CIRURGICA FERNANDES;REANIMADOR RESPIRATORIO MANUAL SILICONE ADU.FOYOMED;;;;;;;;;;;;;;2900;SIMPRO_VIG;2022-11-30;19;
SIMPRO;2026-04-12;material;0000148068;12;;CIRURGICA FERNANDES;REANIMADOR RESPIRATORIO MANUAL SILICONE MARK IV AMBU ADU.;;;;;;;;;;;;;;3000;SIMPRO_VIG;2022-11-30;19;
SIMPRO;2026-04-12;material;0000150277;12;;CIRURGICA FERNANDES;REANIMADOR RESPIRATORIO MANUAL SILICONE NEO.DAHLHAUSEN;;;;;;;;;;;;;;1020.61;SIMPRO_VIG;2015-09-10;19;
SIMPRO;2026-04-12;material;0000240168;12;;CIRURGICA FERNANDES;REANIMADOR RESPIRATORIO MANUAL SILICONE NEO.DAHLHAUSEN;;;;;;;;;;;;;;936.97;SIMPRO_VIG;2015-09-10;19;
SIMPRO;2026-04-12;material;0000286205;12;;CIRURGICA FERNANDES;REANIMADOR RESPIRATORIO MANUAL SILICONE NEO.FOYOMED;;;;;;;;;;;;;;2900;SIMPRO_VIG;2022-11-30;19;
SIMPRO;2026-04-12;material;0000150278;12;;CIRURGICA FERNANDES;REANIMADOR RESPIRATORIO MANUAL SILICONE PED.DAHLHAUSEN;;;;;;;;;;;;;;1020.61;SIMPRO_VIG;2015-09-10;19;
SIMPRO;2026-04-12;material;0000240169;12;;CIRURGICA FERNANDES;REANIMADOR RESPIRATORIO MANUAL SILICONE PED.DAHLHAUSEN;;;;;;;;;;;;;;936.97;SIMPRO_VIG;2015-09-10;19;
SIMPRO;2026-04-12;material;0000286204;12;;CIRURGICA FERNANDES;REANIMADOR RESPIRATORIO MANUAL SILICONE PEDIATRICO FOYOMED;;;;;;;;;;;;;;2900;SIMPRO_VIG;2022-11-30;19;
SIMPRO;2026-04-12;material;0000152673;12;;CELM;REATIVO COLESTEROL HDL 2X50ML;;;;;;;;;;;;;;14.39;SIMPRO_VIG;2011-03-21;19;
SIMPRO;2026-04-12;material;0000321130;12;;CKTRADE;RECARGA ARTICULADA AZUL 30MM P/GRAMP. ENDO LINEAR CORT. VICARE;;;;;;;;;;;;;;1570.95;SIMPRO_VIG;2021-03-16;19;
SIMPRO;2026-04-12;material;0000256456;12;;CKTRADE;RECARGA ARTICULADA AZUL 45MM P/GRAMP. ENDO LINEAR CORT. VICARE;;;;;;;;;;;;;;1570.95;SIMPRO_VIG;2019-09-05;19;
SIMPRO;2026-04-12;material;0000256458;12;;CKTRADE;RECARGA ARTICULADA AZUL 60MM P/GRAMP. ENDO LINEAR CORT. VICARE;;;;;;;;;;;;;;1743.98;SIMPRO_VIG;2019-09-05;19;
SIMPRO;2026-04-12;material;0000321131;12;;CKTRADE;RECARGA ARTICULADA BRANCA 30MM P/GRAMP. ENDO LINEAR CORT. VICARE;;;;;;;;;;;;;;1570.95;SIMPRO_VIG;2021-03-16;19;
SIMPRO;2026-04-12;material;0000256455;12;;CKTRADE;RECARGA ARTICULADA BRANCA 45MM P/GRAMP. ENDO LINEAR CORT. VICARE;;;;;;;;;;;;;;1570.95;SIMPRO_VIG;2019-09-05;19;
SIMPRO;2026-04-12;material;0000324820;12;;CKTRADE;RECARGA ARTICULADA BRANCA 60MM P/GRAMP. ENDO LINEAR CORT. VICARE;;;;;;;;;;;;;;1743.98;SIMPRO_VIG;2021-07-06;19;
SIMPRO;2026-04-12;material;0000324729;12;;CKTRADE;RECARGA ARTICULADA CINZA 30MM P/GRAMP. ENDO LINEAR CORT. VICARE;;;;;;;;;;;;;;1570.95;SIMPRO_VIG;2021-07-06;19;
SIMPRO;2026-04-12;material;0000324730;12;;CKTRADE;RECARGA ARTICULADA CINZA 45MM P/GRAMP. ENDO LINEAR CORT. VICARE;;;;;;;;;;;;;;1570.95;SIMPRO_VIG;2021-07-06;19;
SIMPRO;2026-04-12;material;0000256457;12;;CKTRADE;RECARGA ARTICULADA VERDE 45MM P/GRAMP. ENDO LINEAR CORT. VICARE;;;;;;;;;;;;;;1570.95;SIMPRO_VIG;2019-09-05;19;
SIMPRO;2026-04-12;material;0000261798;12;;CKTRADE;RECARGA ARTICULADA VERDE 60MM P/GRAMP. ENDO LINEAR CORT. VICARE;;;;;;;;;;;;;;1743.98;SIMPRO_VIG;2019-09-05;19;
SIMPRO;2026-04-12;material;0000256460;12;;CKTRADE;RECARGA ARTICULADA VERDE 60MM P/GRAMP. LINEAR CORT. VICARE;;;;;;;;;;;;;;820.75;SIMPRO_VIG;2019-09-05;19;
SIMPRO;2026-04-12;material;0000262115;12;;CKTRADE;RECARGA AZUL 60MM P/GRAMPEADOR LINEAR CORTANTE DESC.VICARE;;;;;;;;;;;;;;820.75;SIMPRO_VIG;2019-09-05;19;
SIMPRO;2026-04-12;material;0000256459;12;;CKTRADE;RECARGA AZUL 60MM P/GRAMPEADOR LINEAR CORTANTE DESCARTAVEL VICARE;;;;;;;;;;;;;;133.5;SIMPRO_VIG;2015-04-14;19;
SIMPRO;2026-04-12;material;0000256461;12;;CKTRADE;RECARGA AZUL 80MM P/GRAMPEADOR LINEAR CORTANTE DESC.VICARE;;;;;;;;;;;;;;820.75;SIMPRO_VIG;2019-09-05;19;
SIMPRO;2026-04-12;material;0000370559;12;;CKTRADE;RECARGA P/GRAMPEADOR 45MM AZUL LINEAR CORTANTE ENDOSCOPICO ELETRICO VICARE;;;;;;;;;;;;;;480;SIMPRO_VIG;2026-03-06;19;
SIMPRO;2026-04-12;material;0000370560;12;;CKTRADE;RECARGA P/GRAMPEADOR 45MM BRANCA LINEAR CORTANTE ENDOSCOPICO ELETRICO VICARE;;;;;;;;;;;;;;480;SIMPRO_VIG;2026-03-06;19;
SIMPRO;2026-04-12;material;0000370978;12;;CKTRADE;RECARGA P/GRAMPEADOR 60MM AZUL LINEAR CORTANTE ENDOSCOPICO ELETRICO VICARE;;;;;;;;;;;;;;3200;SIMPRO_VIG;2026-04-02;19;
SIMPRO;2026-04-12;material;0000370563;12;;CKTRADE;RECARGA P/GRAMPEADOR 60MM BRANCA LINEAR CORTANTE ENDOSCOPICO ELETRICO VICARE;;;;;;;;;;;;;;3200;SIMPRO_VIG;2026-03-06;19;
SIMPRO;2026-04-12;material;0000370979;12;;CKTRADE;RECARGA P/GRAMPEADOR 60MM VERDE LINEAR CORTANTE ENDOSCOPICO ELETRICO VICARE;;;;;;;;;;;;;;3200;SIMPRO_VIG;2026-04-02;19;
SIMPRO;2026-04-12;material;0000263994;12;;CKTRADE;RECARGA P/GRAMPEADOR LINEAR DESC.VERDE 030MM 02LINHAS GRAMPO VICARE;;;;;;;;;;;;;;610;SIMPRO_VIG;2015-12-01;19;
SIMPRO;2026-04-12;material;0000263995;12;;CKTRADE;RECARGA P/GRAMPEADOR LINEAR DESC.VERDE 060MM 02LINHAS GRAMPO VICARE;;;;;;;;;;;;;;610;SIMPRO_VIG;2015-12-01;19;
SIMPRO;2026-04-12;material;0000256462;12;;CKTRADE;RECARGA VERDE 80MM P/GRAMPEADOR LINEAR CORTANTE DESC.VICARE;;;;;;;;;;;;;;820.75;SIMPRO_VIG;2019-09-05;19;
SIMPRO;2026-04-12;material;0000249610;12;;ST.JUDE;RECARREGADOR BATERIA P/GERADOR PULSO RECARREGAVEL EON 3716;;;;;;;;;;;;;;9111.34;SIMPRO_VIG;2016-11-24;19;
SIMPRO;2026-04-12;material;0000249612;12;;ST.JUDE;RECARREGADOR BATERIA P/GERADOR PULSO RECARREGAVEL EON MINI 3788;;;;;;;;;;;;;;9283.25;SIMPRO_VIG;2016-11-24;19;
SIMPRO;2026-04-12;material;0000249573;12;;ST.JUDE;RECARREGADOR BATERIA P/GERADOR PULSO REGARREGAVEL BRIO 6788;;;;;;;;;;;;;;10159.6;SIMPRO_VIG;2016-11-24;19;
SIMPRO;2026-04-12;material;0000266341;12;;ST.JUDE;RECARREGADOR BATERIA P/NEUROESTIMULADOR RECARREGAVEL PRODIGY 3799;;;;;;;;;;;;;;9682.4;SIMPRO_VIG;2016-11-24;19;
SIMPRO;2026-04-12;material;0000133657;12;;JF GALLO MEDICA;RECEPTAL BOLSA COLETORA P/RESIDUOS C/VALVULA;;;;;;;;;;;;;;160;SIMPRO_VIG;2016-06-14;19;
SIMPRO;2026-04-12;material;0000133656;12;;JF GALLO MEDICA;RECEPTAL BOLSA COLETORA P/RESIDUOS S/VALVULA;;;;;;;;;;;;;;160;SIMPRO_VIG;2016-06-14;19;
SIMPRO;2026-04-12;material;0000323585;12;;GE ACESSORIOS;RECIPIENTE ABSORVENTE CO2 CANISTER REUT.;;;;;;;;;;;;;;5356.95;SIMPRO_VIG;2021-12-02;19;
SIMPRO;2026-04-12;material;0000322670;12;;GE ACESSORIOS;RECIPIENTE ABSORVIDOR C/ALCA REUT.;;;;;;;;;;;;;;5095.76;SIMPRO_VIG;2021-05-04;19;
SIMPRO;2026-04-12;material;0000322458;12;;GE ACESSORIOS;RECIPIENTE ABSORVIDOR PRE-CARREGADO BRANCO-VIOLETA 08UNID.;;;;;;;;;;;;;;589.775;SIMPRO_VIG;2021-05-04;19;
SIMPRO;2026-04-12;material;0000325530;12;;HOLOGIC;RECIPIENTE C/TAMPA ATEC;;;;;;;;;;;;;;551.25;SIMPRO_VIG;2024-05-08;19;
SIMPRO;2026-04-12;material;0000322308;12;;HOLOGIC;RECIPIENTE C/TAMPA ATEC 10UNID.;;;;;;;;;;;;;;47.03;SIMPRO_VIG;2021-06-08;19;
SIMPRO;2026-04-12;material;0000283092;12;;STRYKER;RECIPIENTE DESCARTAVEL ASPIRADOR ULTRASSONICO;;;;;;;;;;;;;;350;SIMPRO_VIG;2017-03-03;19;
SIMPRO;2026-04-12;material;0000038311;12;;POLITEC;RECIPIENTE ISOPOR BD 684004;;;;;;;;;;;;;;557.32;SIMPRO_VIG;2005-07-08;19;
SIMPRO;2026-04-12;material;0000255420;12;;HOSPILINE;RECIPIENTE P/AMOSTRA SONDA MAMMOTOME REVOLVE 08GA;;;;;;;;;;;;;;374.54;SIMPRO_VIG;2016-07-29;19;
SIMPRO;2026-04-12;material;0000255421;12;;HOSPILINE;RECIPIENTE P/AMOSTRA SONDA MAMMOTOME REVOLVE 10GA;;;;;;;;;;;;;;374.54;SIMPRO_VIG;2016-07-29;19;
SIMPRO;2026-04-12;material;0000185053;12;;ALCON;RECIPIENTE P/REFLUXO (MVS);;;;;;;;;;;;;;0;SIMPRO_VIG;2008-10-29;19;
SIMPRO;2026-04-12;material;0000261441;12;;C.M.I;RECIPIENTE P/SISTEMA SUCCAO VACUSAFE P/1,5LT;;;;;;;;;;;;;;558.9;SIMPRO_VIG;2016-05-10;19;
SIMPRO;2026-04-12;material;0000261442;12;;C.M.I;RECIPIENTE P/SISTEMA SUCCAO VACUSAFE P/2,0LT;;;;;;;;;;;;;;558.9;SIMPRO_VIG;2016-05-10;19;
SIMPRO;2026-04-12;material;0000261443;12;;C.M.I;RECIPIENTE P/SISTEMA SUCCAO VACUSAFE P/3,0LT;;;;;;;;;;;;;;558.9;SIMPRO_VIG;2016-05-10;19;
SIMPRO;2026-04-12;material;0000258898;12;;BARD;RECIPIENTE VACUO ENCOR ENSPIRE;;;;;;;;;;;;;;233.2;SIMPRO_VIG;2024-04-25;19;
SIMPRO;2026-04-12;material;0000168553;12;;IMEX MEDICAL GROUP;RECIPIENTE(BALDE)ASPIRACAO VACUO ATEC CANISTER 001;;;;;;;;;;;;;;200;SIMPRO_VIG;2020-02-21;19;
SIMPRO;2026-04-12;material;0000327046;12;;B.BRAUN;RECIPROCATING SAW BLADE 75/10/1.0/1,2MM EST.;;;;;;;;;;;;;;683.22;SIMPRO_VIG;2021-11-09;19;
SIMPRO;2026-04-12;material;0000327047;12;;B.BRAUN;RECIPROCATING SAW BLADE 75/12/1.0/1,2MM EST.;;;;;;;;;;;;;;733.29;SIMPRO_VIG;2021-11-09;19;
SIMPRO;2026-04-12;material;0000178888;12;;PRONEFRO;RECIRCULADOR DIALINE BY PASS;;;;;;;;;;;;;;6;SIMPRO_VIG;2014-07-01;19;
SIMPRO;2026-04-12;material;0000070450;12;;TECHNICARE;RECONSTRUTOR ABOBODA TP.DISCO LEIBINGER;;;;;;;;;;;;;;2370;SIMPRO_VIG;2008-11-04;19;
SIMPRO;2026-04-12;material;0000070449;12;;TECHNICARE;RECONSTRUTOR BONE PLAST.BASE SULF.CALCIO 12,7GRS INTERPORE;;;;;;;;;;;;;;9520;SIMPRO_VIG;2008-07-17;19;
SIMPRO;2026-04-12;material;0003968189;12;;PETROVICH;RECONSTRUTOR P/CANAL ANZOL DUPLO;;;;;;;;;;;;;;120;SIMPRO_VIG;2013-05-07;19;
SIMPRO;2026-04-12;material;0003968188;12;;PETROVICH;RECONSTRUTOR P/CANAL C/FURO DUPLO;;;;;;;;;;;;;;138;SIMPRO_VIG;2013-05-07;19;
SIMPRO;2026-04-12;material;0000353946;12;;LABCOR;RECONSTRUTOR PENIANO ENXERTO MATRIZ BOVINA LIVRE ALDEIDO SCAFFOLD VIVENDI CALIBER 10X8CM;;;;;;;;;;;;;;16980;SIMPRO_VIG;2024-07-26;19;
SIMPRO;2026-04-12;material;0000260905;12;;VALEANT;RECREXINA 1300 ESTAVA FEM.10AMP 3,5ML;;;;;;;;;;;;;;25.339;SIMPRO_VIG;2015-09-10;19;
SIMPRO;2026-04-12;material;0000260911;12;;VALEANT;RECREXINA 1300 ESTAVA FEM.20AMP 3,5ML;;;;;;;;;;;;;;46.255;SIMPRO_VIG;2015-09-10;19;
SIMPRO;2026-04-12;material;0000260910;12;;VALEANT;RECREXINA 1300 ESTAVA MAC.10AMP 3,5ML;;;;;;;;;;;;;;25.339;SIMPRO_VIG;2015-09-10;19;
SIMPRO;2026-04-12;material;0000260899;12;;VALEANT;RECREXINA 1300 ESTAVA MASC.20AMP 3,5ML;;;;;;;;;;;;;;23.128;SIMPRO_VIG;2015-09-10;19;
SIMPRO;2026-04-12;material;0000260908;12;;VALEANT;RECREXINA 200 ESTINIC FEM.10AMP 3,5ML;;;;;;;;;;;;;;12.507;SIMPRO_VIG;2015-09-10;19;
SIMPRO;2026-04-12;material;0000260897;12;;VALEANT;RECREXINA 200 ESTINIC FEM.20AMP 3,5ML;;;;;;;;;;;;;;229.64;SIMPRO_VIG;2015-09-10;19;
SIMPRO;2026-04-12;material;0000260896;12;;VALEANT;RECREXINA 200 ESTINIC MASC.10AMP 3,5ML;;;;;;;;;;;;;;12.507;SIMPRO_VIG;2015-09-10;19;
SIMPRO;2026-04-12;material;0000260902;12;;VALEANT;RECREXINA 200 ESTINIC MASC.20AMP 3,5ML;;;;;;;;;;;;;;11.507;SIMPRO_VIG;2016-09-20;19;
SIMPRO;2026-04-12;material;0000260904;12;;VALEANT;RECREXINA 500 EST MOD FEM..20AMP 3,5ML;;;;;;;;;;;;;;18.481;SIMPRO_VIG;2015-09-10;19;
SIMPRO;2026-04-12;material;0000260898;12;;VALEANT;RECREXINA 500 EST MOD FEM.10AMP 3,5ML;;;;;;;;;;;;;;20.229;SIMPRO_VIG;2015-09-10;19;
SIMPRO;2026-04-12;material;0000260903;12;;VALEANT;RECREXINA 500 EST MOD MASC.10AMP 3,5ML;;;;;;;;;;;;;;20.229;SIMPRO_VIG;2015-09-10;19;
SIMPRO;2026-04-12;material;0000260909;12;;VALEANT;RECREXINA 500 EST MOD MASC.20AMP 3,5ML;;;;;;;;;;;;;;18.481;SIMPRO_VIG;2015-09-10;19;
SIMPRO;2026-04-12;material;0000260907;12;;VALEANT;RECREXINA KIT 1300 ESTAVA FEM.10AMP HSSC+10AMP HFSC 3,5ML;;;;;;;;;;;;;;455.5;SIMPRO_VIG;2015-09-10;19;
SIMPRO;2026-04-12;material;0000260906;12;;VALEANT;RECREXINA KIT 1300 ESTAVA MASC.10AMP HSSC+10AMP HFSC 3,5ML;;;;;;;;;;;;;;455.5;SIMPRO_VIG;2015-09-10;19;
SIMPRO;2026-04-12;material;0000260895;12;;VALEANT;RECREXINA KIT 200 ESTINIC FEM.10AMP HSSC+10AMP HFSC 3,5ML;;;;;;;;;;;;;;229.64;SIMPRO_VIG;2015-09-10;19;
SIMPRO;2026-04-12;material;0000260894;12;;VALEANT;RECREXINA KIT 200 ESTINIC MASC.10AMP HSSC+10AMP HFSC 3,5ML;;;;;;;;;;;;;;229.64;SIMPRO_VIG;2015-09-10;19;
SIMPRO;2026-04-12;material;0000260901;12;;VALEANT;RECREXINA KIT 500 EST MOD FEM.10AMP HSSC+10AMP HFSC 3,5ML;;;;;;;;;;;;;;310.95;SIMPRO_VIG;2015-09-10;19;
SIMPRO;2026-04-12;material;0000260900;12;;VALEANT;RECREXINA KIT 500 EST MOD MASC.10AMP HSSC+10AMP HFSC 3,5ML;;;;;;;;;;;;;;310.95;SIMPRO_VIG;2015-09-10;19;
SIMPRO;2026-04-12;material;0001035027;12;;FRESENIUS HEMOCARE;RED-ION REAGENTE SUPLEMENTAR 500ML;;;;;;;;;;;;;;0.42;SIMPRO_VIG;2023-09-06;19;
SIMPRO;2026-04-12;material;0000319752;12;;PROMEDON;REDE COLETORA CORPO ESTRANHO 30X2,54MMX160CM;;;;;;;;;;;;;;1729;SIMPRO_VIG;2020-12-10;19;
SIMPRO;2026-04-12;material;0000319753;12;;PROMEDON;REDE COLETORA CORPO ESTRANHO 30X2,54MMX230CM;;;;;;;;;;;;;;1729;SIMPRO_VIG;2020-12-10;19;
SIMPRO;2026-04-12;material;0000154991;12;;GASTROCOM;REDE COLETORA CORPO ESTRANHO MAXI 2,5MMX230CM DESC.US ENDOSCOPY;;;;;;;;;;;;;;750.72;SIMPRO_VIG;2011-05-06;19;
SIMPRO;2026-04-12;material;0000154987;12;;GASTROCOM;REDE COLETORA CORPO ESTRANHO PADRAO 2,5MMX230CM DESC.US ENDOSCOPY;;;;;;;;;;;;;;576.3;SIMPRO_VIG;2011-05-06;19;
SIMPRO;2026-04-12;material;0000154990;12;;GASTROCOM;REDE COLETORA CORPO ESTRANHO PADRAO 2,5MMX230CM STERILE DESC.US ENDOSCOPY;;;;;;;;;;;;;;657.9;SIMPRO_VIG;2011-05-06;19;
SIMPRO;2026-04-12;material;0000154989;12;;GASTROCOM;REDE COLETORA CORPO ESTRANHO PADRAO 3,0MMX160CM P/ENTEROSCOPIA DESC.US ENDOSCOPY;;;;;;;;;;;;;;576.3;SIMPRO_VIG;2011-05-06;19;
SIMPRO;2026-04-12;material;0000333764;12;;STERIS ENDOSCOPY;REDE COLETORA CORPO ESTRANHO ROTH NET RETRIEVER 2,5MMX3X6CM 230CM;;;;;;;;;;;;;;1050;SIMPRO_VIG;2023-11-01;19;
SIMPRO;2026-04-12;material;0000333769;12;;STERIS ENDOSCOPY;REDE COLETORA CORPO ESTRANHO ROTH NET RETRIEVER 2,5MMX4X5,5CM 230CM;;;;;;;;;;;;;;1050;SIMPRO_VIG;2023-11-01;19;
SIMPRO;2026-04-12;material;0000320292;12;;STERIS ENDOSCOPY;REDE COLETORA CORPO ESTRANHO ROTH NET RETRIEVER MINI 2,5X4,5CM 230CM;;;;;;;;;;;;;;1050;SIMPRO_VIG;2023-11-01;19;
SIMPRO;2026-04-12;material;0000154992;12;;GASTROCOM;REDE COLETORA CORPO ESTRANHO UNIVERSAL 2,5MMX230CM DESC.US ENDOSCOPY;;;;;;;;;;;;;;750.72;SIMPRO_VIG;2011-05-06;19;
SIMPRO;2026-04-12;material;0000362324;12;;PROMEDON;REDE COLETORA KAPTIVA 2300MM;;;;;;;;;;;;;;1815.45;SIMPRO_VIG;2025-08-12;19;
SIMPRO;2026-04-12;material;0000154988;12;;GASTROCOM;REDE COLETORA POLIPOS 2,5MMX230CM DESC.US ENDOSCOPY;;;;;;;;;;;;;;576.3;SIMPRO_VIG;2011-05-06;19;
SIMPRO;2026-04-12;material;0000154993;12;;GASTROCOM;REDE COLETORA POLIPOS 2,5MMX230CM PLATINUM DESC.US ENDOSCOPY;;;;;;;;;;;;;;750.72;SIMPRO_VIG;2011-05-06;19;
SIMPRO;2026-04-12;material;0000154995;12;;GASTROCOM;REDE COLETORA POLIPOS 2,5MMX230CM PLATINUM STERILE DESC.US ENDOSCOPY;;;;;;;;;;;;;;868.02;SIMPRO_VIG;2011-05-06;19;
SIMPRO;2026-04-12;material;0000326474;12;;GASTROCOM;REDE COLETORA POLIPOS 20X50MM P/CANAL TRABALHO 2,8MMX230CM;;;;;;;;;;;;;;1750;SIMPRO_VIG;2021-12-28;19;
SIMPRO;2026-04-12;material;0000326475;12;;GASTROCOM;REDE COLETORA POLIPOS 25X55MM P/CANAL TRABALHO 2,8MMX230CM;;;;;;;;;;;;;;1750;SIMPRO_VIG;2021-12-28;19;
SIMPRO;2026-04-12;material;0000326476;12;;GASTROCOM;REDE COLETORA POLIPOS 30X60MM P/CANAL TRABALHO 2,8MMX230CM;;;;;;;;;;;;;;1750;SIMPRO_VIG;2021-12-28;19;
SIMPRO;2026-04-12;material;0000326478;12;;GASTROCOM;REDE COLETORA POLIPOS 40X65MM P/CANAL TRABALHO 2,8MMX230CM;;;;;;;;;;;;;;1750;SIMPRO_VIG;2021-12-28;19;
SIMPRO;2026-04-12;material;0000326477;12;;GASTROCOM;REDE COLETORA POLIPOS 40X75MM P/CANAL TRABALHO 2,8MMX230CM;;;;;;;;;;;;;;1750;SIMPRO_VIG;2021-12-28;19;
SIMPRO;2026-04-12;material;0000361681;12;;FIRST MEDICAL;REDE COLETORA POLIPOS ENTRAP 30MM 230CM;;;;;;;;;;;;;;500;SIMPRO_VIG;2025-07-03;19;
SIMPRO;2026-04-12;material;0000154994;12;;GASTROCOM;REDE COLETORA UNIVERSAL 2,5MMX230CM DESC.US ENDOSCOPY;;;;;;;;;;;;;;868.02;SIMPRO_VIG;2011-05-06;19;
SIMPRO;2026-04-12;material;0000179022;12;;POLITEC;REDE FIXACAO ELAST. CAREFIX P/CURATIVO CABECA GRD 10UN;;;;;;;;;;;;;;70.98;SIMPRO_VIG;2025-02-25;19;
SIMPRO;2026-04-12;material;0000353113;12;;POLITEC;REDE FIXACAO ELAST. CAREFIX P/CURATIVO CABECA GRD 10UN;;;;;;;;;;;;;;70.98;SIMPRO_VIG;2025-02-25;19;
SIMPRO;2026-04-12;material;0000179021;12;;POLITEC;REDE FIXACAO ELAST. CAREFIX P/CURATIVO CABECA MED 10UN;;;;;;;;;;;;;;51.87;SIMPRO_VIG;2024-07-02;19;
SIMPRO;2026-04-12;material;0000353114;12;;POLITEC;REDE FIXACAO ELAST. CAREFIX P/CURATIVO CABECA MED 10UN;;;;;;;;;;;;;;62.244;SIMPRO_VIG;2025-02-25;19;
SIMPRO;2026-04-12;material;0000179018;12;;POLITEC;REDE FIXACAO ELAST. CAREFIX P/CURATIVO CABECA PEQ 10UN;;;;;;;;;;;;;;60.06;SIMPRO_VIG;2025-02-25;19;
SIMPRO;2026-04-12;material;0000353115;12;;POLITEC;REDE FIXACAO ELAST. CAREFIX P/CURATIVO CABECA PEQ 15UN;;;;;;;;;;;;;;60.06;SIMPRO_VIG;2025-02-25;19;
SIMPRO;2026-04-12;material;0000261784;12;;POLITEC;REDE FIXACAO ELAST. CAREFIX P/CURATIVO CABECA XG 10UN;;;;;;;;;;;;;;24.2;SIMPRO_VIG;2019-04-23;19;
SIMPRO;2026-04-12;material;0000179012;12;;POLITEC;REDE FIXACAO ELAST. CAREFIX P/CURATIVO DEDO/MAO/PE GRD 20UN;;;;;;;;;;;;;;247;SIMPRO_VIG;2019-04-23;19;
SIMPRO;2026-04-12;material;0000179011;12;;POLITEC;REDE FIXACAO ELAST. CAREFIX P/CURATIVO DEDO/MAO/PE MED 20UN;;;;;;;;;;;;;;11.8;SIMPRO_VIG;2019-04-23;19;
SIMPRO;2026-04-12;material;0000179010;12;;POLITEC;REDE FIXACAO ELAST. CAREFIX P/CURATIVO DEDO/MAO/PE PEQ 20UN;;;;;;;;;;;;;;11.55;SIMPRO_VIG;2019-04-23;19;
SIMPRO;2026-04-12;material;0000179016;12;;POLITEC;REDE FIXACAO ELAST. CAREFIX P/CURATIVO TUBULAR BRACO/PERNA GRD 15UN;;;;;;;;;;;;;;50.96;SIMPRO_VIG;2024-07-02;19;
SIMPRO;2026-04-12;material;0000353116;12;;POLITEC;REDE FIXACAO ELAST. CAREFIX P/CURATIVO TUBULAR BRACO/PERNA GRD 15UN;;;;;;;;;;;;;;61.152;SIMPRO_VIG;2025-02-25;19;
SIMPRO;2026-04-12;material;0000179014;12;;POLITEC;REDE FIXACAO ELAST. CAREFIX P/CURATIVO TUBULAR BRACO/PERNA MED 15UN;;;;;;;;;;;;;;40.6;SIMPRO_VIG;2024-07-02;19;
SIMPRO;2026-04-12;material;0000353117;12;;POLITEC;REDE FIXACAO ELAST. CAREFIX P/CURATIVO TUBULAR BRACO/PERNA MED 30UN;;;;;;;;;;;;;;48.72;SIMPRO_VIG;2025-02-25;19;
SIMPRO;2026-04-12;material;0000179013;12;;POLITEC;REDE FIXACAO ELAST. CAREFIX P/CURATIVO TUBULAR BRACO/PERNA PEQ 15UN;;;;;;;;;;;;;;38.22;SIMPRO_VIG;2024-07-02;19;
SIMPRO;2026-04-12;material;0000353118;12;;POLITEC;REDE FIXACAO ELAST. CAREFIX P/CURATIVO TUBULAR BRACO/PERNA PEQ 30UN;;;;;;;;;;;;;;45.864;SIMPRO_VIG;2025-02-25;19;
SIMPRO;2026-04-12;material;0000261783;12;;POLITEC;REDE FIXACAO ELAST. CAREFIX P/CURATIVO TUBULAR BRACO/PERNA XG 15UN;;;;;;;;;;;;;;70.364;SIMPRO_VIG;2024-07-02;19;
SIMPRO;2026-04-12;material;0000353119;12;;POLITEC;REDE FIXACAO ELAST. CAREFIX P/CURATIVO TUBULAR BRACO/PERNA XG 15UN;;;;;;;;;;;;;;84.437;SIMPRO_VIG;2025-02-25;19;
SIMPRO;2026-04-12;material;0000353120;12;;POLITEC;REDE FIXACAO ELAST. CAREFIX P/CURATIVO TUBULAR MAO/BRACO XP 45UN;;;;;;;;;;;;;;45.864;SIMPRO_VIG;2025-02-25;19;
SIMPRO;2026-04-12;material;0000329375;12;;LIFE COMPANY;REDE P/ACOPLAMENTO DISP.-NEO ADAPT CARE TAM.MED.10UNID.;;;;;;;;;;;;;;18;SIMPRO_VIG;2022-02-18;19;
SIMPRO;2026-04-12;material;0000246807;12;;ALRAN;REDE POLIMEICA P/INCONTINENCIA URINARIA SLING INTERLIFT;;;;;;;;;;;;;;2200;SIMPRO_VIG;2014-06-26;19;
SIMPRO;2026-04-12;material;0000246808;12;;ALRAN;REDE POLIMEICA P/INCONTINENCIA URINARIA SLING INTERLIFT;;;;;;;;;;;;;;2200;SIMPRO_VIG;2014-06-26;19;
SIMPRO;2026-04-12;material;0000284337;12;;BIOSAT;REDE POLIMERICA P/INCONTINENCIA URINARIA SLING INTERLIFT;;;;;;;;;;;;;;4550;SIMPRO_VIG;2021-03-18;19;
SIMPRO;2026-04-12;material;0000290418;12;;POLAR FIX;REDE TUBULAR ELASTICA 1,6CM N1;;;;;;;;;;;;;;58.8;SIMPRO_VIG;2022-06-21;19;
SIMPRO;2026-04-12;material;0000160116;12;;POLAR FIX;REDE TUBULAR ELASTICA 1,6CM NR.1;;;;;;;;;;;;;;78.75;SIMPRO_VIG;2011-08-31;19;
SIMPRO;2026-04-12;material;0000160117;12;;POLAR FIX;REDE TUBULAR ELASTICA 1,8CM NR.2;;;;;;;;;;;;;;88.3;SIMPRO_VIG;2011-08-31;19;
SIMPRO;2026-04-12;material;0000160118;12;;POLAR FIX;REDE TUBULAR ELASTICA 2,1CM NR.3;;;;;;;;;;;;;;101.9;SIMPRO_VIG;2011-08-31;19;
SIMPRO;2026-04-12;material;0000290421;12;;POLAR FIX;REDE TUBULAR ELASTICA 2,4CM N4;;;;;;;;;;;;;;67.35;SIMPRO_VIG;2022-06-21;19;
SIMPRO;2026-04-12;material;0000160119;12;;POLAR FIX;REDE TUBULAR ELASTICA 2,4CM NR.4;;;;;;;;;;;;;;110.5;SIMPRO_VIG;2011-08-31;19;
SIMPRO;2026-04-12;material;0000290419;12;;POLAR FIX;REDE TUBULAR ELASTICA 2,7CM N5;;;;;;;;;;;;;;71.5;SIMPRO_VIG;2022-06-21;19;
SIMPRO;2026-04-12;material;0000160120;12;;POLAR FIX;REDE TUBULAR ELASTICA 2,7CM NR.5;;;;;;;;;;;;;;122.05;SIMPRO_VIG;2011-08-31;19;
SIMPRO;2026-04-12;material;0000160121;12;;POLAR FIX;REDE TUBULAR ELASTICA 5,5CM NR.1;;;;;;;;;;;;;;187.3;SIMPRO_VIG;2011-08-31;19;
SIMPRO;2026-04-12;material;0000290420;12;;POLAR FIX;REDE TUBULAR ELASTICA 5,7CM N7;;;;;;;;;;;;;;152.87;SIMPRO_VIG;2022-06-21;19;
SIMPRO;2026-04-12;material;0000160122;12;;POLAR FIX;REDE TUBULAR ELASTICA 5,7CM NR.1;;;;;;;;;;;;;;202.35;SIMPRO_VIG;2011-08-31;19;
SIMPRO;2026-04-12;material;0000117195;12;;LR POSAY;REDERMIC 40ML YP097000;;;;;;;;;;;;;;2.776;SIMPRO_VIG;2014-05-14;19;
SIMPRO;2026-04-12;material;0000151260;12;;LR POSAY;REDERMIC OLHOS 15ML YP097100;;;;;;;;;;;;;;2.204;SIMPRO_VIG;2014-05-14;19;
SIMPRO;2026-04-12;material;0000151257;12;;LR POSAY;REDERMIC XL FLUIDE FPS15 40ML YP006700;;;;;;;;;;;;;;2.776;SIMPRO_VIG;2014-05-14;19;
SIMPRO;2026-04-12;material;0000151258;12;;LR POSAY;REDERMIC XL FPS15 40ML YP090000;;;;;;;;;;;;;;2.776;SIMPRO_VIG;2014-05-14;19;
SIMPRO;2026-04-12;material;0000355534;12;;CANADA;REDURA REGENERATIVE DURAL RAPAIR PATCH 08X08CM;;;;;;;;;;;;;;27000;SIMPRO_VIG;2024-10-01;19;
SIMPRO;2026-04-12;material;0000355535;12;;CANADA;REDURA REGENERATIVE DURAL RAPAIR PATCH 08X12CM;;;;;;;;;;;;;;33000;SIMPRO_VIG;2024-10-01;19;
SIMPRO;2026-04-12;material;0000355533;12;;CANADA;REDURA REGENERATIVE DURAL RAPAIR PATCH 7,5X7,5CM;;;;;;;;;;;;;;25000;SIMPRO_VIG;2024-10-01;19;
SIMPRO;2026-04-12;material;0000355536;12;;CANADA;REDURA REGENERATIVE DURAL REPAIR PATCH 10X15CM;;;;;;;;;;;;;;35000;SIMPRO_VIG;2024-10-01;19;
SIMPRO;2026-04-12;material;0000138899;12;;EDLO;REDUTOR 10,0MM P/5,0MM P/BAINHA T/JAN;;;;;;;;;;;;;;323.31;SIMPRO_VIG;2016-07-26;19;
SIMPRO;2026-04-12;material;0000027713;12;;EDLO;REDUTOR 12,0MM P/5,0MM P/BAINHA T/DIAFRAGMA;;;;;;;;;;;;;;323.37;SIMPRO_VIG;2016-07-26;19;
SIMPRO;2026-04-12;material;0000245467;12;;BIOSAT;REDUTOR 12-5MM AUT.;;;;;;;;;;;;;;634.4;SIMPRO_VIG;2021-03-18;19;
SIMPRO;2026-04-12;material;0000138897;12;;EDLO;REDUTOR 5,0MM P/3,0MM P/BAINHA T/JAN;;;;;;;;;;;;;;329.63;SIMPRO_VIG;2016-07-26;19;
SIMPRO;2026-04-12;material;0000087455;12;;PARTNER'S;REDUTOR DESC.UNIVERSAL 5MM CONMED 1705;;;;;;;;;;;;;;196.26;SIMPRO_VIG;2009-07-07;19;
SIMPRO;2026-04-12;material;0000096613;12;;EDLO;REDUTOR P/BAINHA TP.JANELA INSTR.10,0MM P/5,0MM;;;;;;;;;;;;;;329.64;SIMPRO_VIG;2016-07-26;19;
SIMPRO;2026-04-12;material;0000266151;12;;CONMED;REDUTOR UNIVERSAL 05/12MM/VALVULA REGULADORA CO2;;;;;;;;;;;;;;388.96;SIMPRO_VIG;2016-01-05;19;
SIMPRO;2026-04-12;material;0000087456;12;;PARTNER'S;REDUTOR UNIVERSAL 5-12MM CONMED 1700;;;;;;;;;;;;;;196.26;SIMPRO_VIG;2009-07-07;19;
SIMPRO;2026-04-12;material;0000092985;12;;G.F.E;REFIL KIT LIGADURA ELASTICA GF-OVL101;;;;;;;;;;;;;;572;SIMPRO_VIG;2004-12-09;19;
SIMPRO;2026-04-12;material;0000263453;12;;CNPH;REFIL P/COLETOR FLUIDO MEDIKAFLUID 2000ML C/DISP.SEG./EXTENSAO 2MT DESC.;;;;;;;;;;;;;;245.2;SIMPRO_VIG;2015-11-10;19;
SIMPRO;2026-04-12;material;0000178668;12;;CNPH;REFIL P/COLETOR FLUIDO MEDIKAFLUID 2000ML C/DISP.SEG.DESC.;;;;;;;;;;;;;;225.43;SIMPRO_VIG;2015-07-28;19;
SIMPRO;2026-04-12;material;0000263454;12;;CNPH;REFIL P/COLETOR FLUIDO MEDIKAFLUID 2000ML S/DISP.SEG./EXTENSAO 2MT DESC.;;;;;;;;;;;;;;232.1;SIMPRO_VIG;2015-11-10;19;
SIMPRO;2026-04-12;material;0000178670;12;;CNPH;REFIL P/COLETOR FLUIDO MEDIKAFLUID 2000ML S/DISP.SEG.DESC.;;;;;;;;;;;;;;211.14;SIMPRO_VIG;2015-07-28;19;
SIMPRO;2026-04-12;material;0000263457;12;;CNPH;REFIL P/COLETOR FLUIDO MEDIKAFLUID 3500ML C/DISP.SEG./02EXTENSOES 2MT DESC.;;;;;;;;;;;;;;287.6;SIMPRO_VIG;2015-11-10;19;
SIMPRO;2026-04-12;material;0000263455;12;;CNPH;REFIL P/COLETOR FLUIDO MEDIKAFLUID 3500ML C/DISP.SEG./EXTENSAO 2MT DESC.;;;;;;;;;;;;;;275.3;SIMPRO_VIG;2015-11-10;19;
SIMPRO;2026-04-12;material;0000178625;12;;CNPH;REFIL P/COLETOR FLUIDO MEDIKAFLUID 3500ML C/DISP.SEG.DESC.;;;;;;;;;;;;;;254;SIMPRO_VIG;2015-07-28;19;
SIMPRO;2026-04-12;material;0000263458;12;;CNPH;REFIL P/COLETOR FLUIDO MEDIKAFLUID 3500ML S/DISP.SEG./02EXTENSOES 2MT DESC.;;;;;;;;;;;;;;274.1;SIMPRO_VIG;2015-11-10;19;
SIMPRO;2026-04-12;material;0000263456;12;;CNPH;REFIL P/COLETOR FLUIDO MEDIKAFLUID 3500ML S/DISP.SEG./EXTENSAO 2MT DESC.;;;;;;;;;;;;;;261.4;SIMPRO_VIG;2015-11-10;19;
SIMPRO;2026-04-12;material;0000178662;12;;CNPH;REFIL P/COLETOR FLUIDO MEDIKAFLUID 3500ML S/DISP.SEG.DESC.;;;;;;;;;;;;;;239.71;SIMPRO_VIG;2015-07-28;19;
SIMPRO;2026-04-12;material;0000178674;12;;TECHMEDIKA;REFIL P/COLETOR MEDIKAFLUID 0,5L C/DISP.SEG.;;;;;;;;;;;;;;26.8;SIMPRO_VIG;2013-07-16;19;
SIMPRO;2026-04-12;material;0000178676;12;;TECHMEDIKA;REFIL P/COLETOR MEDIKAFLUID 0,5L S/DISP.SEG.;;;;;;;;;;;;;;25.1;SIMPRO_VIG;2013-07-16;19;
SIMPRO;2026-04-12;material;0000178672;12;;TECHMEDIKA;REFIL P/COLETOR MEDIKAFLUID 1L C/DISP.SEG.;;;;;;;;;;;;;;32.5;SIMPRO_VIG;2013-07-16;19;
SIMPRO;2026-04-12;material;0000172073;12;;TECHMEDIKA;REFIL P/COLETOR MEDIKAFLUID 1L C/DISP.SEG.PLUS;;;;;;;;;;;;;;91;SIMPRO_VIG;2013-01-16;19;
SIMPRO;2026-04-12;material;0000178673;12;;TECHMEDIKA;REFIL P/COLETOR MEDIKAFLUID 1L S/DISP.SEG.;;;;;;;;;;;;;;31.2;SIMPRO_VIG;2013-07-16;19;
SIMPRO;2026-04-12;material;0000172074;12;;TECHMEDIKA;REFIL P/COLETOR MEDIKAFLUID 1L S/DISP.SEG.PLUS;;;;;;;;;;;;;;88;SIMPRO_VIG;2013-01-16;19;
SIMPRO;2026-04-12;material;0000172071;12;;TECHMEDIKA;REFIL P/COLETOR MEDIKAFLUID 2L N/EST.C/DISP.SEG.;;;;;;;;;;;;;;176;SIMPRO_VIG;2024-05-21;19;
SIMPRO;2026-04-12;material;0000172072;12;;TECHMEDIKA;REFIL P/COLETOR MEDIKAFLUID 2L N/EST.S/DISP.SEG.;;;;;;;;;;;;;;168;SIMPRO_VIG;2024-05-21;19;
SIMPRO;2026-04-12;material;0000172067;12;;TECHMEDIKA;REFIL P/COLETOR MEDIKAFLUID 3,5L C/DISP.SEG.PLUS;;;;;;;;;;;;;;131;SIMPRO_VIG;2013-01-16;19;
SIMPRO;2026-04-12;material;0000357518;12;;TECHMEDIKA;REFIL P/COLETOR MEDIKAFLUID 3,5L N/EST.C/DISP.SEG.;;;;;;;;;;;;;;216;SIMPRO_VIG;2024-11-27;19;
SIMPRO;2026-04-12;material;0000357519;12;;TECHMEDIKA;REFIL P/COLETOR MEDIKAFLUID 3,5L N/EST.S/DISP.SEG.;;;;;;;;;;;;;;198;SIMPRO_VIG;2024-11-27;19;
SIMPRO;2026-04-12;material;0000172068;12;;TECHMEDIKA;REFIL P/COLETOR MEDIKAFLUID 3,5L S/DISP.SEG.PLUS;;;;;;;;;;;;;;128;SIMPRO_VIG;2013-01-16;19;
SIMPRO;2026-04-12;material;0000178665;12;;TECHMEDIKA;REFIL P/COLETOR MEDIKAFLUID 3L C/DISP.SEG.;;;;;;;;;;;;;;48.2;SIMPRO_VIG;2013-07-16;19;
SIMPRO;2026-04-12;material;0000172069;12;;TECHMEDIKA;REFIL P/COLETOR MEDIKAFLUID 3L C/DISP.SEG.PLUS;;;;;;;;;;;;;;126;SIMPRO_VIG;2013-01-16;19;
SIMPRO;2026-04-12;material;0000178667;12;;TECHMEDIKA;REFIL P/COLETOR MEDIKAFLUID 3L S/DISP.SEG.;;;;;;;;;;;;;;46.5;SIMPRO_VIG;2013-07-16;19;
SIMPRO;2026-04-12;material;0000172070;12;;TECHMEDIKA;REFIL P/COLETOR MEDIKAFLUID 3L S/DISP.SEG.PLUS;;;;;;;;;;;;;;123;SIMPRO_VIG;2013-01-16;19;
SIMPRO;2026-04-12;material;0000178615;12;;TECHMEDIKA;REFIL P/COLETOR MEDIKAFLUID 5L C/DISP.SEG.;;;;;;;;;;;;;;72.3;SIMPRO_VIG;2013-07-16;19;
SIMPRO;2026-04-12;material;0000172065;12;;TECHMEDIKA;REFIL P/COLETOR MEDIKAFLUID 5L C/DISP.SEG.PLUS;;;;;;;;;;;;;;141;SIMPRO_VIG;2013-01-16;19;
SIMPRO;2026-04-12;material;0000178624;12;;TECHMEDIKA;REFIL P/COLETOR MEDIKAFLUID 5L S/DISP.SEG.;;;;;;;;;;;;;;69.8;SIMPRO_VIG;2013-07-16;19;
SIMPRO;2026-04-12;material;0000172066;12;;TECHMEDIKA;REFIL P/COLETOR MEDIKAFLUID 5L S/DISP.SEG.PLUS;;;;;;;;;;;;;;138;SIMPRO_VIG;2013-01-16;19;
SIMPRO;2026-04-12;material;0000290076;12;;DENTALCLEAN;REFIL P/ESCOVA DENTAL INTERDENTAL 0,5MM 12UNID;;;;;;;;;;;;;;28.75;SIMPRO_VIG;2017-09-05;19;
SIMPRO;2026-04-12;material;0000290077;12;;DENTALCLEAN;REFIL P/ESCOVA DENTAL INTERDENTAL CONICA 12UNID;;;;;;;;;;;;;;28.75;SIMPRO_VIG;2017-09-05;19;
SIMPRO;2026-04-12;material;0000027536;12;;STA.LUZIA;REFLETOR PARABOLICO P/LUZ INCANDESC.;;;;;;;;;;;;;;267.72;SIMPRO_VIG;2011-07-10;19;
SIMPRO;2026-04-12;material;0000027414;12;;STA.LUZIA;REFLETOR PARABOLICO STANDART;;;;;;;;;;;;;;135.02;SIMPRO_VIG;2011-07-10;19;
SIMPRO;2026-04-12;material;0000151178;12;;STA.LUZIA;REFLETOR PARABOLICO STANDART C/RODIZIO P/LAMPADA HALOGENA;;;;;;;;;;;;;;194.84;SIMPRO_VIG;2011-07-10;19;
SIMPRO;2026-04-12;material;0000151179;12;;STA.LUZIA;REFLETOR PARABOLICO STANDART ESPECIAL C/RODIZIO;;;;;;;;;;;;;;158.24;SIMPRO_VIG;2011-07-10;19;
SIMPRO;2026-04-12;material;0000368409;12;;ECOMED;REFLETOR SCOUT SISTEMA IMPLANTACAO AGULHA 05CM;;;;;;;;;;;;;;9754;SIMPRO_VIG;2026-01-27;19;
SIMPRO;2026-04-12;material;0000368410;12;;ECOMED;REFLETOR SCOUT SISTEMA IMPLANTACAO AGULHA 10CM;;;;;;;;;;;;;;9754;SIMPRO_VIG;2026-01-27;19;
SIMPRO;2026-04-12;material;0000368411;12;;ECOMED;REFLETOR SCOUT SISTEMA IMPLANTACAO AGULHA 7,5CM;;;;;;;;;;;;;;9754;SIMPRO_VIG;2026-01-27;19;
SIMPRO;2026-04-12;material;0000368412;12;;ECOMED;REFLETOR SCOUT SISTEMA IMPLANTACAO AGULHA 7,5CM SINGLE-HAND;;;;;;;;;;;;;;9754;SIMPRO_VIG;2026-01-27;19;
SIMPRO;2026-04-12;material;0000077444;12;;ROCHE DIABETES;REFLOTRON PLUS 01UNID;;;;;;;;;;;;;;29500;SIMPRO_VIG;2008-11-04;19;
SIMPRO;2026-04-12;material;0000077445;12;;ROCHE DIABETES;REFLOTRON PLUS ACESSORIO 01UNID;;;;;;;;;;;;;;1325;SIMPRO_VIG;2008-11-04;19;
SIMPRO;2026-04-12;material;0000077455;12;;ROCHE DIAGNOSTICA;REFLOTRON PLUS ACIDO URICO 30TIRAS;;;;;;;;;;;;;;9.017;SIMPRO_VIG;2017-07-27;19;
SIMPRO;2026-04-12;material;0000077454;12;;ROCHE DIAGNOSTICA;REFLOTRON PLUS AMILASE 15TIRAS;;;;;;;;;;;;;;13.102;SIMPRO_VIG;2017-07-27;19;
SIMPRO;2026-04-12;material;0000077456;12;;ROCHE DIAGNOSTICA;REFLOTRON PLUS AMILASE PANCREATICA 15TIRAS;;;;;;;;;;;;;;12.921;SIMPRO_VIG;2017-07-27;19;
SIMPRO;2026-04-12;material;0000077447;12;;ROCHE DIABETES;REFLOTRON PLUS APLICADOR 01UNID;;;;;;;;;;;;;;240;SIMPRO_VIG;2008-11-04;19;
SIMPRO;2026-04-12;material;0000077457;12;;ROCHE DIAGNOSTICA;REFLOTRON PLUS BILIRRUBINA 30TIRAS;;;;;;;;;;;;;;8.988;SIMPRO_VIG;2017-07-27;19;
SIMPRO;2026-04-12;material;0000077448;12;;ROCHE DIABETES;REFLOTRON PLUS CAPILAR 5X100UNID;;;;;;;;;;;;;;0.59;SIMPRO_VIG;2008-11-04;19;
SIMPRO;2026-04-12;material;0000077459;12;;ROCHE DIAGNOSTICA;REFLOTRON PLUS CK 15TIRAS;;;;;;;;;;;;;;12.626;SIMPRO_VIG;2017-07-27;19;
SIMPRO;2026-04-12;material;0000077450;12;;ROCHE DIABETES;REFLOTRON PLUS CLEAN+CHEK 15+16TIRAS;;;;;;;;;;;;;;85;SIMPRO_VIG;2008-11-04;19;
SIMPRO;2026-04-12;material;0000077458;12;;ROCHE DIAGNOSTICA;REFLOTRON PLUS COLESTEROL 30TIRAS;;;;;;;;;;;;;;8.819;SIMPRO_VIG;2017-07-27;19;
SIMPRO;2026-04-12;material;0000077460;12;;ROCHE DIAGNOSTICA;REFLOTRON PLUS CREATININA 30TIRAS;;;;;;;;;;;;;;11.225;SIMPRO_VIG;2017-07-27;19;
SIMPRO;2026-04-12;material;0000096791;12;;ROCHE DIAGNOSTICA;REFLOTRON PLUS FOSFATASE ALCALINA 30TIRAS;;;;;;;;;;;;;;8.729;SIMPRO_VIG;2017-07-27;19;
SIMPRO;2026-04-12;material;0000077461;12;;ROCHE DIAGNOSTICA;REFLOTRON PLUS GAMA GT 30TIRAS;;;;;;;;;;;;;;8.803;SIMPRO_VIG;2017-07-27;19;
SIMPRO;2026-04-12;material;0000077462;12;;ROCHE DIAGNOSTICA;REFLOTRON PLUS GLICOSE 2X15TIRAS;;;;;;;;;;;;;;8.55;SIMPRO_VIG;2017-07-27;19;
SIMPRO;2026-04-12;material;0000077465;12;;ROCHE DIAGNOSTICA;REFLOTRON PLUS HDL COLESTEROL 30TIRAS;;;;;;;;;;;;;;9.175;SIMPRO_VIG;2017-07-27;19;
SIMPRO;2026-04-12;material;0000077466;12;;ROCHE DIABETES;REFLOTRON PLUS HEMOGLOBINA 30TIRA;;;;;;;;;;;;;;6.5;SIMPRO_VIG;2008-11-04;19;
SIMPRO;2026-04-12;material;0000077449;12;;ROCHE DIABETES;REFLOTRON PLUS PAPEL P/IMPRESSORA 08UNID;;;;;;;;;;;;;;0.625;SIMPRO_VIG;2008-11-04;19;
SIMPRO;2026-04-12;material;0000077446;12;;ROCHE DIABETES;REFLOTRON PLUS PIPETA 32UL 01UNID;;;;;;;;;;;;;;870;SIMPRO_VIG;2008-11-04;19;
SIMPRO;2026-04-12;material;0000077467;12;;ROCHE DIAGNOSTICA;REFLOTRON PLUS POTASSIO 30TIRAS;;;;;;;;;;;;;;10.436;SIMPRO_VIG;2017-07-27;19;
SIMPRO;2026-04-12;material;0000077452;12;;ROCHE DIABETES;REFLOTRON PLUS PRECINORM HB 4X2ML;;;;;;;;;;;;;;62.5;SIMPRO_VIG;2008-11-04;19;
SIMPRO;2026-04-12;material;0000077453;12;;ROCHE DIABETES;REFLOTRON PLUS PRECINORM HDL 4FRASCOX2ML;;;;;;;;;;;;;;48.75;SIMPRO_VIG;2008-11-04;19;
SIMPRO;2026-04-12;material;0000077451;12;;ROCHE DIABETES;REFLOTRON PLUS PRECINORM U 4FRASCOX2ML;;;;;;;;;;;;;;41.25;SIMPRO_VIG;2008-11-04;19;
SIMPRO;2026-04-12;material;0000077463;12;;ROCHE DIAGNOSTICA;REFLOTRON PLUS TGO 30TIRAS;;;;;;;;;;;;;;8.768;SIMPRO_VIG;2017-07-27;19;
SIMPRO;2026-04-12;material;0000077464;12;;ROCHE DIAGNOSTICA;REFLOTRON PLUS TGP 30TIRAS;;;;;;;;;;;;;;8.818;SIMPRO_VIG;2017-07-27;19;
SIMPRO;2026-04-12;material;0000096790;12;;ROCHE DIABETES;REFLOTRON PLUS TIRA CALIBRADORA 50UNID;;;;;;;;;;;;;;5.46;SIMPRO_VIG;2014-11-11;19;
SIMPRO;2026-04-12;material;0000077468;12;;ROCHE DIAGNOSTICA;REFLOTRON PLUS TRIGLICERIDEO 30TIRAS;;;;;;;;;;;;;;8.697;SIMPRO_VIG;2017-07-27;19;
SIMPRO;2026-04-12;material;0000077469;12;;ROCHE DIAGNOSTICA;REFLOTRON PLUS UREIA 15TIRAS;;;;;;;;;;;;;;12.391;SIMPRO_VIG;2017-07-27;19;
SIMPRO;2026-04-12;material;0000070867;12;;B.BRAUN;REFORCO ACETABULAR AESCULAP;;;;;;;;;;;;;;6066.2;SIMPRO_VIG;2004-04-01;19;
SIMPRO;2026-04-12;material;0000341508;12;;VINCULA;REFORCO ACETABULAR METALICO G;;;;;;;;;;;;;;2211.94;SIMPRO_VIG;2023-05-24;19;
SIMPRO;2026-04-12;material;0000341507;12;;VINCULA;REFORCO ACETABULAR METALICO P;;;;;;;;;;;;;;2211.94;SIMPRO_VIG;2023-05-24;19;
SIMPRO;2026-04-12;material;0000341509;12;;VINCULA;REFORCO ANGULO 110°;;;;;;;;;;;;;;2219.69;SIMPRO_VIG;2023-05-24;19;
SIMPRO;2026-04-12;material;0000365049;12;;MEDICALFIX;REFORCO ANGULO 110º;;;;;;;;;;;;;;1000;SIMPRO_VIG;2025-10-30;19;
SIMPRO;2026-04-12;material;0000341510;12;;VINCULA;REFORCO ANGULO 120°;;;;;;;;;;;;;;2174.75;SIMPRO_VIG;2023-05-24;19;
SIMPRO;2026-04-12;material;0000364750;12;;MEDICALFIX;REFORCO ANGULO 120º;;;;;;;;;;;;;;1000;SIMPRO_VIG;2025-10-30;19;
SIMPRO;2026-04-12;material;0000341511;12;;VINCULA;REFORCO ANGULO 130°;;;;;;;;;;;;;;2279.83;SIMPRO_VIG;2023-05-24;19;
SIMPRO;2026-04-12;material;0000364728;12;;MEDICALFIX;REFORCO ANGULO 130º;;;;;;;;;;;;;;3000;SIMPRO_VIG;2025-10-30;19;
SIMPRO;2026-04-12;material;0000319339;12;;GORE;REFORCO DA LINHA GRAMPOS BIOABS GORE SEAMGUARD COVIDIEN ENDO TRI60 PRETO 12UNID.;;;;;;;;;;;;;;4900;SIMPRO_VIG;2021-04-20;19;
SIMPRO;2026-04-12;material;0000319332;12;;GORE;REFORCO DA LINHA GRAMPOS BIOABS GORE SEAMGUARD ETHICON ENDOPATH ETSFLEX 60 12UNID.;;;;;;;;;;;;;;4900;SIMPRO_VIG;2021-04-20;19;
SIMPRO;2026-04-12;material;0000319336;12;;GORE;REFORCO DA LINHA GRAMPOS BIOABSORVIVEIS GORE SEAMGUARD COVIDIEN EN TRI45 PRETO 12UNID.;;;;;;;;;;;;;;4200;SIMPRO_VIG;2021-04-20;19;
SIMPRO;2026-04-12;material;0000319335;12;;GORE;REFORCO DA LINHA GRAMPOS BIOABSORVIVEIS GORE SEAMGUARD COVIDIEN END TRI45 PRETO 12UNID.;;;;;;;;;;;;;;4200;SIMPRO_VIG;2021-04-20;19;
SIMPRO;2026-04-12;material;0000319338;12;;GORE;REFORCO DA LINHA GRAMPOS BIOABSORVIVEIS GORE SEAMGUARD COVIDIEN END TRI45 ROXO 12UNID.;;;;;;;;;;;;;;4200;SIMPRO_VIG;2021-04-20;19;
SIMPRO;2026-04-12;material;0000319342;12;;GORE;REFORCO DA LINHA GRAMPOS BIOABSORVIVEIS GORE SEAMGUARD COVIDIEN END TRI60 ROXO 12UNID.;;;;;;;;;;;;;;4900;SIMPRO_VIG;2021-04-20;19;
SIMPRO;2026-04-12;material;0000319307;12;;GORE;REFORCO DA LINHA GRAMPOS BIOABSORVIVEIS GORE SEAMGUARD COVIDIEN ENDO TRI45 PRETO;;;;;;;;;;;;;;4200;SIMPRO_VIG;2021-04-20;19;
SIMPRO;2026-04-12;material;0000319308;12;;GORE;REFORCO DA LINHA GRAMPOS BIOABSORVIVEIS GORE SEAMGUARD COVIDIEN ENDO TRI45 PRETO;;;;;;;;;;;;;;4200;SIMPRO_VIG;2021-04-20;19;
SIMPRO;2026-04-12;material;0000319309;12;;GORE;REFORCO DA LINHA GRAMPOS BIOABSORVIVEIS GORE SEAMGUARD COVIDIEN ENDO TRI45 ROXO;;;;;;;;;;;;;;4200;SIMPRO_VIG;2021-04-20;19;
SIMPRO;2026-04-12;material;0000319310;12;;GORE;REFORCO DA LINHA GRAMPOS BIOABSORVIVEIS GORE SEAMGUARD COVIDIEN ENDO TRI45 ROXO;;;;;;;;;;;;;;4200;SIMPRO_VIG;2021-04-20;19;
SIMPRO;2026-04-12;material;0000319337;12;;GORE;REFORCO DA LINHA GRAMPOS BIOABSORVIVEIS GORE SEAMGUARD COVIDIEN ENDO TRI45 ROXO 12UNID.;;;;;;;;;;;;;;4200;SIMPRO_VIG;2021-04-20;19;
SIMPRO;2026-04-12;material;0000319311;12;;GORE;REFORCO DA LINHA GRAMPOS BIOABSORVIVEIS GORE SEAMGUARD COVIDIEN ENDO TRI60 PRETO;;;;;;;;;;;;;;4900;SIMPRO_VIG;2021-04-20;19;
SIMPRO;2026-04-12;material;0000319312;12;;GORE;REFORCO DA LINHA GRAMPOS BIOABSORVIVEIS GORE SEAMGUARD COVIDIEN ENDO TRI60 PRETO;;;;;;;;;;;;;;4900;SIMPRO_VIG;2021-04-20;19;
SIMPRO;2026-04-12;material;0000319313;12;;GORE;REFORCO DA LINHA GRAMPOS BIOABSORVIVEIS GORE SEAMGUARD COVIDIEN ENDO TRI60 ROXO;;;;;;;;;;;;;;4900;SIMPRO_VIG;2021-04-20;19;
SIMPRO;2026-04-12;material;0000319314;12;;GORE;REFORCO DA LINHA GRAMPOS BIOABSORVIVEIS GORE SEAMGUARD COVIDIEN ENDO TRI60 ROXO;;;;;;;;;;;;;;4900;SIMPRO_VIG;2021-04-20;19;
SIMPRO;2026-04-12;material;0000319341;12;;GORE;REFORCO DA LINHA GRAMPOS BIOABSORVIVEIS GORE SEAMGUARD COVIDIEN ENDO TRI60 ROXO 12UNID.;;;;;;;;;;;;;;4900;SIMPRO_VIG;2021-04-20;19;
SIMPRO;2026-04-12;material;0000319340;12;;GORE;REFORCO DA LINHA GRAMPOS BIOABSORVIVEIS GORE SEAMGUARD COVIDIEN TRI60 PRETO 12UNID.;;;;;;;;;;;;;;4900;SIMPRO_VIG;2021-04-20;19;
SIMPRO;2026-04-12;material;0000319301;12;;GORE;REFORCO DA LINHA GRAMPOS BIOABSORVIVEIS GORE SEAMGUARD ETH ENDO-SURG ENCOPATH ETSFLEX 45;;;;;;;;;;;;;;4200;SIMPRO_VIG;2021-04-20;19;
SIMPRO;2026-04-12;material;0000319330;12;;GORE;REFORCO DA LINHA GRAMPOS BIOABSORVIVEIS GORE SEAMGUARD ETH ENDO-SURG ENDO ET 45 12UNID.;;;;;;;;;;;;;;4200;SIMPRO_VIG;2021-04-20;19;
SIMPRO;2026-04-12;material;0000319329;12;;GORE;REFORCO DA LINHA GRAMPOS BIOABSORVIVEIS GORE SEAMGUARD ETH ENDO-SURG ENDO ETS 45 12UNID.;;;;;;;;;;;;;;4200;SIMPRO_VIG;2021-04-20;19;
SIMPRO;2026-04-12;material;0000319302;12;;GORE;REFORCO DA LINHA GRAMPOS BIOABSORVIVEIS GORE SEAMGUARD ETHIC ENDO-SURG ENDO ETSFLEX 45;;;;;;;;;;;;;;4200;SIMPRO_VIG;2021-04-20;19;
SIMPRO;2026-04-12;material;0000319323;12;;GORE;REFORCO DA LINHA GRAMPOS BIOABSORVIVEIS GORE SEAMGUARD ETHICON ENDO ECHELON 45 12UNID.;;;;;;;;;;;;;;4200;SIMPRO_VIG;2021-04-20;19;
SIMPRO;2026-04-12;material;0000319324;12;;GORE;REFORCO DA LINHA GRAMPOS BIOABSORVIVEIS GORE SEAMGUARD ETHICON ENDO ECHELON 45 12UNID.;;;;;;;;;;;;;;4200;SIMPRO_VIG;2021-04-20;19;
SIMPRO;2026-04-12;material;0000319325;12;;GORE;REFORCO DA LINHA GRAMPOS BIOABSORVIVEIS GORE SEAMGUARD ETHICON ENDO ECHELON 60 12UNID.;;;;;;;;;;;;;;4900;SIMPRO_VIG;2021-04-20;19;
SIMPRO;2026-04-12;material;0000319328;12;;GORE;REFORCO DA LINHA GRAMPOS BIOABSORVIVEIS GORE SEAMGUARD ETHICON ENDO ECHELON 60 12UNID.;;;;;;;;;;;;;;4900;SIMPRO_VIG;2021-04-20;19;
SIMPRO;2026-04-12;material;0000319331;12;;GORE;REFORCO DA LINHA GRAMPOS BIOABSORVIVEIS GORE SEAMGUARD ETHICON ENDO ETS 60 12UNID.;;;;;;;;;;;;;;4900;SIMPRO_VIG;2021-04-20;19;
SIMPRO;2026-04-12;material;0000319326;12;;GORE;REFORCO DA LINHA GRAMPOS BIOABSORVIVEIS GORE SEAMGUARD ETHICON ENDO SURG EC60A 12UNID.;;;;;;;;;;;;;;4900;SIMPRO_VIG;2021-04-20;19;
SIMPRO;2026-04-12;material;0000319327;12;;GORE;REFORCO DA LINHA GRAMPOS BIOABSORVIVEIS GORE SEAMGUARD ETHICON ENDO SURG EC60A 12UNID.;;;;;;;;;;;;;;4900;SIMPRO_VIG;2021-04-20;19;
SIMPRO;2026-04-12;material;0000319298;12;;GORE;REFORCO DA LINHA GRAMPOS BIOABSORVIVEIS GORE SEAMGUARD ETHICON ENDO-SURGERY EC60A;;;;;;;;;;;;;;4900;SIMPRO_VIG;2021-04-20;19;
SIMPRO;2026-04-12;material;0000319299;12;;GORE;REFORCO DA LINHA GRAMPOS BIOABSORVIVEIS GORE SEAMGUARD ETHICON ENDO-SURGERY EC60A;;;;;;;;;;;;;;4900;SIMPRO_VIG;2021-04-20;19;
SIMPRO;2026-04-12;material;0000319295;12;;GORE;REFORCO DA LINHA GRAMPOS BIOABSORVIVEIS GORE SEAMGUARD ETHICON ENDOPATH ECHELON 45;;;;;;;;;;;;;;4200;SIMPRO_VIG;2021-04-20;19;
SIMPRO;2026-04-12;material;0000319296;12;;GORE;REFORCO DA LINHA GRAMPOS BIOABSORVIVEIS GORE SEAMGUARD ETHICON ENDOPATH ECHELON 45;;;;;;;;;;;;;;4200;SIMPRO_VIG;2021-04-20;19;
SIMPRO;2026-04-12;material;0000319297;12;;GORE;REFORCO DA LINHA GRAMPOS BIOABSORVIVEIS GORE SEAMGUARD ETHICON ENDOPATH ECHELON 60;;;;;;;;;;;;;;4900;SIMPRO_VIG;2021-04-20;19;
SIMPRO;2026-04-12;material;0000319300;12;;GORE;REFORCO DA LINHA GRAMPOS BIOABSORVIVEIS GORE SEAMGUARD ETHICON ENDOPATH ECHELON 60;;;;;;;;;;;;;;4900;SIMPRO_VIG;2021-04-20;19;
SIMPRO;2026-04-12;material;0000319303;12;;GORE;REFORCO DA LINHA GRAMPOS BIOABSORVIVEIS GORE SEAMGUARD ETHICON ENDOPATH ETS FLEX 60;;;;;;;;;;;;;;4900;SIMPRO_VIG;2021-04-20;19;
SIMPRO;2026-04-12;material;0000319304;12;;GORE;REFORCO DA LINHA GRAMPOS BIOABSORVIVEIS GORE SEAMGUARD ETHICON ENDOPATH ETS FLEX 60;;;;;;;;;;;;;;4900;SIMPRO_VIG;2021-04-20;19;
SIMPRO;2026-04-12;material;0000319333;12;;GORE;REFORCO DA LINHA GRAMPOS BIOABSORVIVEIS GORE SEAMGUARD ETHICON ENDOPATH EZ45 12UNID.;;;;;;;;;;;;;;4200;SIMPRO_VIG;2021-04-20;19;
SIMPRO;2026-04-12;material;0000319334;12;;GORE;REFORCO DA LINHA GRAMPOS BIOABSORVIVEIS GORE SEAMGUARD ETHICON ENDOPATH EZ45 12UNID.;;;;;;;;;;;;;;4200;SIMPRO_VIG;2021-04-20;19;
SIMPRO;2026-04-12;material;0000319305;12;;GORE;REFORCO DA LINHA GRAMPOS BIOABSORVIVEIS GORE SEAMGUARD ETHICONB ENDO-SURGERY EZ45;;;;;;;;;;;;;;4200;SIMPRO_VIG;2021-04-20;19;
SIMPRO;2026-04-12;material;0000319306;12;;GORE;REFORCO DA LINHA GRAMPOS BIOABSORVIVEIS GORE SEAMGUARD ETHICONB ENDO-SURGERY EZ45;;;;;;;;;;;;;;4200;SIMPRO_VIG;2021-04-20;19;
SIMPRO;2026-04-12;material;0000319346;12;;GORE;REFORCO DA LINHA GRAMPOS BIOABSORVIVEIS GORE SEAMGUARD US EN GIA UN ROT 45-3,5 12UNID.;;;;;;;;;;;;;;4200;SIMPRO_VIG;2021-04-20;19;
SIMPRO;2026-04-12;material;0000319345;12;;GORE;REFORCO DA LINHA GRAMPOS BIOABSORVIVEIS GORE SEAMGUARD US EN GIA UN ROT 45-4,8 12UNID.;;;;;;;;;;;;;;4200;SIMPRO_VIG;2021-04-20;19;
SIMPRO;2026-04-12;material;0000319347;12;;GORE;REFORCO DA LINHA GRAMPOS BIOABSORVIVEIS GORE SEAMGUARD US EN GIA UN ROT 60-3,5 12UNID.;;;;;;;;;;;;;;4900;SIMPRO_VIG;2021-04-20;19;
SIMPRO;2026-04-12;material;0000319348;12;;GORE;REFORCO DA LINHA GRAMPOS BIOABSORVIVEIS GORE SEAMGUARD US EN GIA UN ROT 60-3,5 12UNID.;;;;;;;;;;;;;;4900;SIMPRO_VIG;2021-04-20;19;
SIMPRO;2026-04-12;material;0000319349;12;;GORE;REFORCO DA LINHA GRAMPOS BIOABSORVIVEIS GORE SEAMGUARD US EN GIA UN ROT 60-4,8 12UNID.;;;;;;;;;;;;;;4900;SIMPRO_VIG;2021-04-20;19;
SIMPRO;2026-04-12;material;0000319350;12;;GORE;REFORCO DA LINHA GRAMPOS BIOABSORVIVEIS GORE SEAMGUARD US EN GIA UN ROT 60-4,8 12UNID.;;;;;;;;;;;;;;4900;SIMPRO_VIG;2021-04-20;19;
SIMPRO;2026-04-12;material;0000319344;12;;GORE;REFORCO DA LINHA GRAMPOS BIOABSORVIVEIS GORE SEAMGUARD US END GIA UN RO 45-3,5 12UNID.;;;;;;;;;;;;;;4200;SIMPRO_VIG;2021-04-20;19;
SIMPRO;2026-04-12;material;0000319343;12;;GORE;REFORCO DA LINHA GRAMPOS BIOABSORVIVEIS GORE SEAMGUARD US END GIA UN.ROT 45-3,5 12UNID.;;;;;;;;;;;;;;4200;SIMPRO_VIG;2021-04-20;19;
SIMPRO;2026-04-12;material;0000319315;12;;GORE;REFORCO DA LINHA GRAMPOS BIOABSORVIVEIS GORE SEAMGUARD USS ENDO GIA UNIV. ROT 45-3,5;;;;;;;;;;;;;;4200;SIMPRO_VIG;2021-04-20;19;
SIMPRO;2026-04-12;material;0000319316;12;;GORE;REFORCO DA LINHA GRAMPOS BIOABSORVIVEIS GORE SEAMGUARD USS ENDO GIA UNIV.ROT 45-3,5;;;;;;;;;;;;;;4200;SIMPRO_VIG;2021-04-20;19;
SIMPRO;2026-04-12;material;0000319321;12;;GORE;REFORCO DA LINHA GRAMPOS BIOABSORVIVEIS GORE SEAMGUARD USS ENDO GIA UNIV.ROT 60-4,8;;;;;;;;;;;;;;4900;SIMPRO_VIG;2021-04-20;19;
SIMPRO;2026-04-12;material;0000319322;12;;GORE;REFORCO DA LINHA GRAMPOS BIOABSORVIVEIS GORE SEAMGUARD USS ENDO GIA UNIV.ROT 60-4,8;;;;;;;;;;;;;;4900;SIMPRO_VIG;2021-04-20;19;
SIMPRO;2026-04-12;material;0000319318;12;;GORE;REFORCO DA LINHA GRAMPOS BIOABSORVIVEIS GORE SEAMGUARD USS ENDO GIA UNIV.STRAI 45-4,8;;;;;;;;;;;;;;4200;SIMPRO_VIG;2021-04-20;19;
SIMPRO;2026-04-12;material;0000319320;12;;GORE;REFORCO DA LINHA GRAMPOS BIOABSORVIVEIS GORE SEAMGUARD USS ENDO GIA UNIV.STRAI 60-3,5;;;;;;;;;;;;;;4900;SIMPRO_VIG;2021-04-20;19;
SIMPRO;2026-04-12;material;0000319317;12;;GORE;REFORCO DA LINHA GRAMPOS BIOABSORVIVEIS GORE SEAMGUARD USS ENDO GIA UNIV.STRAIGHT 45-4,8;;;;;;;;;;;;;;4200;SIMPRO_VIG;2021-04-20;19;
SIMPRO;2026-04-12;material;0000319319;12;;GORE;REFORCO DA LINHA GRAMPOS BIOABSORVIVEIS GORE SEAMGUARD USS ENDO GIA UNIV.STRAIGHT 60-3,5;;;;;;;;;;;;;;4900;SIMPRO_VIG;2021-04-20;19;
SIMPRO;2026-04-12;material;0000172937;12;;CKTRADE;REFORCO SUTURA NEOVEIL P/ENDO GRAMPEADOR 45MM NV-ET-M45A-R;;;;;;;;;;;;;;1850;SIMPRO_VIG;2014-05-27;19;
SIMPRO;2026-04-12;material;0000172936;12;;CKTRADE;REFORCO SUTURA NEOVEIL P/ENDO GRAMPEADOR 60MM NV-ET-M60A-R;;;;;;;;;;;;;;2055;SIMPRO_VIG;2014-05-27;19;
SIMPRO;2026-04-12;material;0000361391;12;;ELBER MEDICAL;REFRIGERADOR 240LT 110/220VOLTS;;;;;;;;;;;;;;65950;SIMPRO_VIG;2025-06-17;19;
SIMPRO;2026-04-12;material;0000361390;12;;ELBER MEDICAL;REFRIGERADOR 490LT 110/220VOLTS;;;;;;;;;;;;;;45950;SIMPRO_VIG;2025-06-17;19;
SIMPRO;2026-04-12;material;0000283320;12;;CKTRADE VICARE;REGARGA ARTICULADA DOURADA 060MM P/GRAMPEADOR ENDO LINEAR CORTANTE DESC.VICARE;;;;;;;;;;;;;;1743.98;SIMPRO_VIG;2019-09-05;19;
SIMPRO;2026-04-12;material;0000324731;12;;CKTRADE;REGARGA ARTICULADA DOURADA 60MM P/GRAMP. ENDO LINEAR CORTANTE DESC.VICARE;;;;;;;;;;;;;;1743.98;SIMPRO_VIG;2021-07-06;19;
SIMPRO;2026-04-12;material;0000240102;12;;INVEL;REGATA INVEL ACTIIVE TANK TOP P/LIPODISTROFIA GINOIDE TAM.G1;;;;;;;;;;;;;;528;SIMPRO_VIG;2019-02-26;19;
SIMPRO;2026-04-12;material;0000240100;12;;INVEL;REGATA INVEL ACTIIVE TANK TOP P/LIPODISTROFIA GINOIDE TAM.GG.;;;;;;;;;;;;;;528;SIMPRO_VIG;2019-02-26;19;
SIMPRO;2026-04-12;material;0000240099;12;;INVEL;REGATA INVEL ACTIIVE TANK TOP P/LIPODISTROFIA GINOIDE TAM.GRD.;;;;;;;;;;;;;;528;SIMPRO_VIG;2019-02-26;19;
SIMPRO;2026-04-12;material;0000240097;12;;INVEL;REGATA INVEL ACTIIVE TANK TOP P/LIPODISTROFIA GINOIDE TAM.MED.;;;;;;;;;;;;;;528;SIMPRO_VIG;2019-02-26;19;
SIMPRO;2026-04-12;material;0000240093;12;;INVEL;REGATA INVEL ACTIIVE TANK TOP P/LIPODISTROFIA GINOIDE TAM.PEQ.;;;;;;;;;;;;;;528;SIMPRO_VIG;2019-02-26;19;
SIMPRO;2026-04-12;material;0000240101;12;;INVEL;REGATA INVEL ACTIIVE TANK TOP P/LIPODISTROFIA GINOIDE TAM.XGG;;;;;;;;;;;;;;528;SIMPRO_VIG;2019-02-26;19;
SIMPRO;2026-04-12;material;0000169454;12;;VALEANT;REGEDERM GEL CRM.30G 1BGPF;;;;;;;;;;;;;;58.21;SIMPRO_VIG;2016-04-05;19;
SIMPRO;2026-04-12;material;0000132266;12;;AP LIMA;REGENERADOR CALOR UMIDADE C/FILTRO BACTERIANO/VIRAL BACT HME;;;;;;;;;;;;;;151.13;SIMPRO_VIG;2015-03-10;19;
SIMPRO;2026-04-12;material;0000132267;12;;AP LIMA;REGENERADOR CALOR UMIDADE C/FILTRO BACTERIANO/VIRAL BACT TRAP HEPA HME;;;;;;;;;;;;;;151.13;SIMPRO_VIG;2015-03-10;19;
SIMPRO;2026-04-12;material;0000132268;12;;AP LIMA;REGENERADOR CALOR UMIDADE C/FILTRO BACTERIANO/VIRAL P/ANEST.PED.PHARMA MINI;;;;;;;;;;;;;;97.5;SIMPRO_VIG;2015-03-10;19;
SIMPRO;2026-04-12;material;0000031558;12;;CNPH;REGENERADOR CALOR/UMIDADE ADU.GIBECK 1UNID;;;;;;;;;;;;;;430;SIMPRO_VIG;2024-01-09;19;
SIMPRO;2026-04-12;material;0000357820;12;;CNPH;REGENERADOR CALOR/UMIDADE AERO-SAT COMPACT PULMODYNE C/EXPANDI-FLEX;;;;;;;;;;;;;;698.5;SIMPRO_VIG;2024-12-03;19;
SIMPRO;2026-04-12;material;0000357822;12;;CNPH;REGENERADOR CALOR/UMIDADE AERO-SAT MINI PULMODYNE;;;;;;;;;;;;;;423.5;SIMPRO_VIG;2024-12-03;19;
SIMPRO;2026-04-12;material;0000357819;12;;CNPH;REGENERADOR CALOR/UMIDADE AERO-SAT PEDI PULMODYNE C/EXPANDI-FLEX;;;;;;;;;;;;;;665.3;SIMPRO_VIG;2024-12-03;19;
SIMPRO;2026-04-12;material;0000357821;12;;CNPH;REGENERADOR CALOR/UMIDADE AERO-T+ TRAQUEOSTOMIA PULMODYNE;;;;;;;;;;;;;;323.1;SIMPRO_VIG;2024-12-03;19;
SIMPRO;2026-04-12;material;0000263989;12;;CNPH;REGENERADOR CALOR/UMIDADE C/FILTRO ADU.GIBECK;;;;;;;;;;;;;;556;SIMPRO_VIG;2024-01-09;19;
SIMPRO;2026-04-12;material;0000031564;12;;CNPH;REGENERADOR CALOR/UMIDADE C/FILTRO ADU.GIBECK 1UNID.;;;;;;;;;;;;;;148.75;SIMPRO_VIG;2015-07-10;19;
SIMPRO;2026-04-12;material;0000359237;12;;ECOMED;REGENERADOR CALOR/UMIDADE C/FILTRO GIBECK;;;;;;;;;;;;;;556;SIMPRO_VIG;2025-03-11;19;
SIMPRO;2026-04-12;material;0000263990;12;;CNPH;REGENERADOR CALOR/UMIDADE C/FILTRO PED.GIBECK;;;;;;;;;;;;;;613;SIMPRO_VIG;2024-01-09;19;
SIMPRO;2026-04-12;material;0000031566;12;;CNPH;REGENERADOR CALOR/UMIDADE C/FILTRO PED.GIBECK 1UNID.;;;;;;;;;;;;;;148.75;SIMPRO_VIG;2015-07-10;19;
SIMPRO;2026-04-12;material;0000031562;12;;CNPH;REGENERADOR CALOR/UMIDADE NEONATO GIBECK 1UNID;;;;;;;;;;;;;;385;SIMPRO_VIG;2024-01-09;19;
SIMPRO;2026-04-12;material;0000062529;12;;CNPH;REGENERADOR CALOR/UMIDADE P/TRAQUEOSTOMIA GIBECK;;;;;;;;;;;;;;289;SIMPRO_VIG;2024-01-09;19;
SIMPRO;2026-04-12;material;0000031560;12;;CNPH;REGENERADOR CALOR/UMIDADE PED.GIBECK 1UNID;;;;;;;;;;;;;;386;SIMPRO_VIG;2024-01-09;19;
SIMPRO;2026-04-12;material;0000142021;12;;BMR MEDICAL;REGENN I.V. PATCH INORGANICO;;;;;;;;;;;;;;71.43;SIMPRO_VIG;2018-05-02;19;
SIMPRO;2026-04-12;material;0000052241;12;;CARCI;REGUA ANTROPOMETRICA MADEIRA;;;;;;;;;;;;;;33.6;SIMPRO_VIG;2009-11-13;19;
SIMPRO;2026-04-12;material;0000053990;12;;CIR.BRASIL;REGUA ANTROPOMETRICA MADEIRA 1,00MT 12UNID TAYLOR 0162CX;;;;;;;;;;;;;;0;SIMPRO_VIG;2009-09-11;19;
SIMPRO;2026-04-12;material;0000090829;12;;CIRURGICA BRASIL;REGUA ANTROPOMETRICA MADEIRA TAYLOR;;;;;;;;;;;;;;162;SIMPRO_VIG;2022-01-28;19;
SIMPRO;2026-04-12;material;0003968187;12;;PETROVICH;REGUA CALIBRADORA;;;;;;;;;;;;;;138;SIMPRO_VIG;2013-05-07;19;
SIMPRO;2026-04-12;material;0000288867;12;;SECA;REGUA MEDICAO SECA 220;;;;;;;;;;;;;;516;SIMPRO_VIG;2017-07-20;19;
SIMPRO;2026-04-12;material;0000288863;12;;SECA;REGUA MEDICAO SECA 232;;;;;;;;;;;;;;290;SIMPRO_VIG;2017-07-20;19;
SIMPRO;2026-04-12;material;0000288864;12;;SECA;REGUA MEDICAO SECA 233;;;;;;;;;;;;;;290;SIMPRO_VIG;2017-07-20;19;
SIMPRO;2026-04-12;material;0000089901;12;;RICHTER;REGUA METALICA 20CM;;;;;;;;;;;;;;73;SIMPRO_VIG;2024-07-30;19;
SIMPRO;2026-04-12;material;0000084094;12;;RICHTER;REGUA METALICA R-771-15;;;;;;;;;;;;;;0;SIMPRO_VIG;2009-11-26;19;
SIMPRO;2026-04-12;material;0000038517;12;;PETROVICH;REGUA MILIMETRADA 50MM;;;;;;;;;;;;;;50;SIMPRO_VIG;2013-05-07;19;
SIMPRO;2026-04-12;material;0000263553;12;;ATOS MEDICAL;REGUA THERABITE P/MEDICAO ALCANCE MOVIMENTO 150UNID.;;;;;;;;;;;;;;3.704;SIMPRO_VIG;2020-07-14;19;
SIMPRO;2026-04-12;material;0000052947;12;;PROTEC;REGUA TP.CALHA CHAPA ACO PINTADO 3 PONTO 30CM 03776;;;;;;;;;;;;;;0.004;SIMPRO_VIG;2009-09-29;19;
SIMPRO;2026-04-12;material;0000043084;12;;JG MORIYA;REGULADOR AR C/FLUX CHAVE;;;;;;;;;;;;;;334.45;SIMPRO_VIG;2007-02-01;19;
SIMPRO;2026-04-12;material;0000043085;12;;JG MORIYA;REGULADOR AR P/POSTO;;;;;;;;;;;;;;179.55;SIMPRO_VIG;2007-02-01;19;
SIMPRO;2026-04-12;material;0000110267;12;;JG MORIYA;REGULADOR AR P/POSTO H.T.C/2SAIDAS;;;;;;;;;;;;;;206.31;SIMPRO_VIG;2007-02-01;19;
SIMPRO;2026-04-12;material;0000043086;12;;JG MORIYA;REGULADOR AR PRESSAO FIXA;;;;;;;;;;;;;;280.58;SIMPRO_VIG;2007-02-01;19;
SIMPRO;2026-04-12;material;0000043087;12;;JG MORIYA;REGULADOR AR PRESSAO VARIAVEL;;;;;;;;;;;;;;304.52;SIMPRO_VIG;2007-02-01;19;
SIMPRO;2026-04-12;material;0000110271;12;;JG MORIYA;REGULADOR CENTRAL N2O/CO2;;;;;;;;;;;;;;550;SIMPRO_VIG;2010-07-20;19;
SIMPRO;2026-04-12;material;0000110274;12;;JG MORIYA;REGULADOR CENTRAL O2/AR/HE/N2;;;;;;;;;;;;;;550;SIMPRO_VIG;2010-07-20;19;
SIMPRO;2026-04-12;material;0000110275;12;;JG MORIYA;REGULADOR CO2 PRESSAO FIXA;;;;;;;;;;;;;;387.25;SIMPRO_VIG;2007-02-01;19;
SIMPRO;2026-04-12;material;0000043088;12;;JG MORIYA;REGULADOR DUPLO ESTAGIO INOX ISO;;;;;;;;;;;;;;1760.25;SIMPRO_VIG;2007-02-01;19;
SIMPRO;2026-04-12;material;0000079268;12;;JG MORIYA;REGULADOR DUPLO ESTAGIO OXIGENIO;;;;;;;;;;;;;;668.89;SIMPRO_VIG;2007-02-01;19;
SIMPRO;2026-04-12;material;0000043089;12;;JG MORIYA;REGULADOR DUPLO ESTAGIO P/ACETILENO;;;;;;;;;;;;;;668.89;SIMPRO_VIG;2007-02-01;19;
SIMPRO;2026-04-12;material;0000043090;12;;JG MORIYA;REGULADOR DUPLO ESTAGIO P/AR COMPRIMIDO;;;;;;;;;;;;;;668.89;SIMPRO_VIG;2007-02-01;19;
SIMPRO;2026-04-12;material;0000079269;12;;JG MORIYA;REGULADOR DUPLO ESTAGIO P/ARGONIO;;;;;;;;;;;;;;668.89;SIMPRO_VIG;2007-02-01;19;
SIMPRO;2026-04-12;material;0000043091;12;;JG MORIYA;REGULADOR DUPLO ESTAGIO P/HELIO;;;;;;;;;;;;;;668.89;SIMPRO_VIG;2007-02-01;19;
SIMPRO;2026-04-12;material;0000043092;12;;JG MORIYA;REGULADOR DUPLO ESTAGIO P/HIDROGENIO;;;;;;;;;;;;;;668.89;SIMPRO_VIG;2007-02-01;19;
SIMPRO;2026-04-12;material;0000043093;12;;JG MORIYA;REGULADOR DUPLO ESTAGIO P/NITROGENIO;;;;;;;;;;;;;;668.89;SIMPRO_VIG;2007-02-01;19;
SIMPRO;2026-04-12;material;0000043094;12;;JG MORIYA;REGULADOR DUPLO ESTAGIO P/OXIDO NITRICO;;;;;;;;;;;;;;2112.3;SIMPRO_VIG;2007-02-01;19;
SIMPRO;2026-04-12;material;0000043095;12;;JG MORIYA;REGULADOR DUPLO ESTAGIO P/OXIDO NITROSO;;;;;;;;;;;;;;796.91;SIMPRO_VIG;2007-02-01;19;
SIMPRO;2026-04-12;material;0000043096;12;;JG MORIYA;REGULADOR DUPLO ESTAGIO PRESSAO FIXA O2;;;;;;;;;;;;;;391.4;SIMPRO_VIG;2006-09-20;19;
SIMPRO;2026-04-12;material;0000161487;12;;COVIDIEN;REGULADOR FLUXO;;;;;;;;;;;;;;4675;SIMPRO_VIG;2011-11-04;19;
SIMPRO;2026-04-12;material;0000292471;12;;PLASTIMED;REGULADOR FLUXO 0-250ML/HORA;;;;;;;;;;;;;;42;SIMPRO_VIG;2017-11-07;19;
SIMPRO;2026-04-12;material;0000131030;12;;ADEF-RIO;REGULADOR FLUXO DOSI-FLOW 1 C/EXTENSOR;;;;;;;;;;;;;;270;SIMPRO_VIG;2016-09-23;19;
SIMPRO;2026-04-12;material;0000131031;12;;ADEF-RIO;REGULADOR FLUXO DOSI-FLOW 2 C/EQUIPO MICROGOTAS;;;;;;;;;;;;;;377.5;SIMPRO_VIG;2016-09-23;19;
SIMPRO;2026-04-12;material;0000131032;12;;ADEF-RIO;REGULADOR FLUXO DOSI-FLOW 3 C/EQUIPO MACROGOTAS;;;;;;;;;;;;;;377.5;SIMPRO_VIG;2016-09-23;19;
SIMPRO;2026-04-12;material;0000043097;12;;JG MORIYA;REGULADOR N2O C/PRESSAO VARIAVEL H.T.ALETADO;;;;;;;;;;;;;;449.66;SIMPRO_VIG;2007-02-01;19;
SIMPRO;2026-04-12;material;0000043099;12;;JG MORIYA;REGULADOR N2O P/POSTO H.T.100148;;;;;;;;;;;;;;179.55;SIMPRO_VIG;2007-02-01;19;
SIMPRO;2026-04-12;material;0000043098;12;;JG MORIYA;REGULADOR N2O PRESSAO FIXA H.T ALETADO;;;;;;;;;;;;;;387.25;SIMPRO_VIG;2007-02-01;19;
SIMPRO;2026-04-12;material;0000110278;12;;JG MORIYA;REGULADOR OXIGENIO P/POSTO H.T.C/2SAIDAS;;;;;;;;;;;;;;206.31;SIMPRO_VIG;2007-02-01;19;
SIMPRO;2026-04-12;material;0000043103;12;;JG MORIYA;REGULADOR OXIGENIO PRESSAO FIXA;;;;;;;;;;;;;;280.58;SIMPRO_VIG;2007-02-01;19;
SIMPRO;2026-04-12;material;0000262352;12;;PROTEC;REGULADOR P/MANDRIL 3MM;;;;;;;;;;;;;;30;SIMPRO_VIG;2015-10-21;19;
SIMPRO;2026-04-12;material;0000110268;12;;JG MORIYA;REGULADOR POSTO;;;;;;;;;;;;;;500;SIMPRO_VIG;2010-07-20;19;
SIMPRO;2026-04-12;material;0000110269;12;;JG MORIYA;REGULADOR POSTO C/AJUSTE FINO;;;;;;;;;;;;;;830.48;SIMPRO_VIG;2007-08-17;19;
SIMPRO;2026-04-12;material;0000110279;12;;JG MORIYA;REGULADOR POSTO VICTOR LATAO HPL 500 125 4F 4F;;;;;;;;;;;;;;0;SIMPRO_VIG;2010-01-12;19;
SIMPRO;2026-04-12;material;0000110282;12;;JG MORIYA;REGULADOR POSTO VICTOR LATAO HPS 500 125 4F 4F;;;;;;;;;;;;;;0;SIMPRO_VIG;2010-01-12;19;
SIMPRO;2026-04-12;material;0000302592;12;;RIOQUIMICA;REGULADOR PRESSAO;;;;;;;;;;;;;;1610;SIMPRO_VIG;2022-05-10;19;
SIMPRO;2026-04-12;material;0000347843;12;;WHITE MARTINS;REGULADOR PRESSAO;;;;;;;;;;;;;;19939.2;SIMPRO_VIG;2023-10-27;19;
SIMPRO;2026-04-12;material;0000077633;12;;ALCON;REGULADOR PRESSAO ACCURUS 5088;;;;;;;;;;;;;;864.83;SIMPRO_VIG;2009-04-28;19;
SIMPRO;2026-04-12;material;0000043100;12;;JG MORIYA;REGULADOR PRESSAO AJUSTAVEL AR OXIGENIO;;;;;;;;;;;;;;1061.5;SIMPRO_VIG;2014-10-28;19;
SIMPRO;2026-04-12;material;0000043101;12;;JG MORIYA;REGULADOR PRESSAO C/FLUXOMETRO 0 A 15LT/MIN P/OXIGENIO;;;;;;;;;;;;;;1111;SIMPRO_VIG;2014-10-28;19;
SIMPRO;2026-04-12;material;0000176872;12;;JG MORIYA;REGULADOR PRESSAO C/FLUXOMETRO EC 0 A 15LT/MIN P/OXIGENIO;;;;;;;;;;;;;;924;SIMPRO_VIG;2014-10-28;19;
SIMPRO;2026-04-12;material;0000053162;12;;PROTEC - SUSPENSA;REGULADOR PRESSAO C/MANOFLUXOMETRO 2-15L/MIN P/TRANSP.;;;;;;;;;;;;;;265.65;SIMPRO_VIG;2009-09-29;19;
SIMPRO;2026-04-12;material;0000053164;12;;PROTEC - SUSPENSA;REGULADOR PRESSAO C/RESIST.AQUECIMENTO CO2 CONCOA;;;;;;;;;;;;;;777.75;SIMPRO_VIG;2009-09-29;19;
SIMPRO;2026-04-12;material;0000053163;12;;PROTEC - SUSPENSA;REGULADOR PRESSAO C/RESIST.AQUECIMENTO OXIDO NITROSO;;;;;;;;;;;;;;777.75;SIMPRO_VIG;2009-09-29;19;
SIMPRO;2026-04-12;material;0000324565;12;;CNPH;REGULADOR PRESSAO CUFF-CUFFIX;;;;;;;;;;;;;;976;SIMPRO_VIG;2021-06-29;19;
SIMPRO;2026-04-12;material;0000053153;12;;PROTEC - SUSPENSA;REGULADOR PRESSAO DUPLO ESTAGIO AR CONCOA 6520;;;;;;;;;;;;;;351.9;SIMPRO_VIG;2009-09-29;19;
SIMPRO;2026-04-12;material;0000053154;12;;PROTEC - SUSPENSA;REGULADOR PRESSAO DUPLO ESTAGIO ARGONIO CONCOA 6522;;;;;;;;;;;;;;351.9;SIMPRO_VIG;2009-09-29;19;
SIMPRO;2026-04-12;material;0000053155;12;;PROTEC - SUSPENSA;REGULADOR PRESSAO DUPLO ESTAGIO NITROGENIO CONCOA;;;;;;;;;;;;;;351.9;SIMPRO_VIG;2009-09-29;19;
SIMPRO;2026-04-12;material;0000053152;12;;PROTEC - SUSPENSA;REGULADOR PRESSAO DUPLO ESTAGIO OX CONCOA 6520;;;;;;;;;;;;;;351.9;SIMPRO_VIG;2009-09-29;19;
SIMPRO;2026-04-12;material;0000176871;12;;JG MORIYA;REGULADOR PRESSAO FIXA EC OXIGENIO;;;;;;;;;;;;;;501.05;SIMPRO_VIG;2014-10-28;19;
SIMPRO;2026-04-12;material;0000185055;12;;ALCON;REGULADOR PRESSAO P/MVS/STTO 5088;;;;;;;;;;;;;;958.81;SIMPRO_VIG;2013-05-06;19;
SIMPRO;2026-04-12;material;0000053165;12;;PROTEC - SUSPENSA;REGULADOR PRESSAO P/REDE AR COMP.;;;;;;;;;;;;;;78.65;SIMPRO_VIG;2009-09-29;19;
SIMPRO;2026-04-12;material;0000053166;12;;PROTEC - SUSPENSA;REGULADOR PRESSAO P/REDE N2O;;;;;;;;;;;;;;78.65;SIMPRO_VIG;2009-09-29;19;
SIMPRO;2026-04-12;material;0000053167;12;;PROTEC - SUSPENSA;REGULADOR PRESSAO P/REDE OXIG.;;;;;;;;;;;;;;78.65;SIMPRO_VIG;2009-09-29;19;
SIMPRO;2026-04-12;material;0000043102;12;;JG MORIYA;REGULADOR PRESSAO POSTO OXIGENIO;;;;;;;;;;;;;;519.53;SIMPRO_VIG;2014-10-28;19;
SIMPRO;2026-04-12;material;0000106280;12;;J&J ETHICON;REGULADOR PRESSAO QUIXIL QPR6;;;;;;;;;;;;;;3500;SIMPRO_VIG;2010-04-08;19;
SIMPRO;2026-04-12;material;0000106281;12;;J&J ETHICON;REGULADOR PRESSAO QUIXIL QPR71;;;;;;;;;;;;;;3500;SIMPRO_VIG;2010-04-08;19;
SIMPRO;2026-04-12;material;0000258062;12;;CSE;REGULADOR VACUO P/ASPIRACAO CONTINUA 1000MMHG;;;;;;;;;;;;;;1200;SIMPRO_VIG;2015-05-26;19;
SIMPRO;2026-04-12;material;0000258060;12;;CSE;REGULADOR VACUO P/ASPIRACAO CONTINUA 250MMHG;;;;;;;;;;;;;;1500;SIMPRO_VIG;2015-05-26;19;
SIMPRO;2026-04-12;material;0000258061;12;;CSE;REGULADOR VACUO P/ASPIRACAO CONTINUA 600MMHG;;;;;;;;;;;;;;1200;SIMPRO_VIG;2015-05-26;19;
SIMPRO;2026-04-12;material;0000258059;12;;CSE;REGULADOR VACUO P/ASPIRACAO TORACICA TUBO DUPLO;;;;;;;;;;;;;;2600;SIMPRO_VIG;2015-05-26;19;
SIMPRO;2026-04-12;material;0000258058;12;;CSE;REGULADOR VACUO P/ASPIRACAO TORACICA TUBO SIMPLES;;;;;;;;;;;;;;2000;SIMPRO_VIG;2015-05-26;19;
SIMPRO;2026-04-12;material;0000294285;12;;UNIAO QUIMICA;REJET 25% SPRAY 100ML;;;;;;;;;;;;;;66.85;SIMPRO_VIG;2024-04-05;19;
SIMPRO;2026-04-12;material;294285;12;;UNIAO QUIMICA;REJET 25% SPRAY 100ML;;;;;;;;;;;;;;66.85;SIMPRO_VIG;0030-11-29;19;
SIMPRO;2026-04-12;material;0000327982;12;;CONTROLLER;RELAXANTE MASSAGEADOR P/PES;;;;;;;;;;;;;;2180;SIMPRO_VIG;2021-11-18;19;
SIMPRO;2026-04-12;material;0000327971;12;;CONTROLLER;RELOGIO LAPELA P/ENFERMAGEM AZUL;;;;;;;;;;;;;;139;SIMPRO_VIG;2021-11-18;19;
SIMPRO;2026-04-12;material;0000327970;12;;CONTROLLER;RELOGIO LAPELA P/ENFERMAGEM BRANCO;;;;;;;;;;;;;;139;SIMPRO_VIG;2021-11-18;19;
SIMPRO;2026-04-12;material;0000327969;12;;CONTROLLER;RELOGIO LAPELA P/ENFERMAGEM PRETO;;;;;;;;;;;;;;139;SIMPRO_VIG;2021-11-18;19;
SIMPRO;2026-04-12;material;0000327974;12;;CONTROLLER;RELOGIO LAPELA P/ENFERMAGEM ROSA;;;;;;;;;;;;;;139;SIMPRO_VIG;2021-11-18;19;
SIMPRO;2026-04-12;material;0000327975;12;;CONTROLLER;RELOGIO LAPELA P/ENFERMAGEM ROXO;;;;;;;;;;;;;;139;SIMPRO_VIG;2021-11-18;19;
SIMPRO;2026-04-12;material;0000327972;12;;CONTROLLER;RELOGIO LAPELA P/ENFERMAGEM VERDE;;;;;;;;;;;;;;139;SIMPRO_VIG;2021-11-18;19;
SIMPRO;2026-04-12;material;0000327973;12;;CONTROLLER;RELOGIO LAPELA P/ENFERMAGEM VERMELHO;;;;;;;;;;;;;;139;SIMPRO_VIG;2021-11-18;19;
SIMPRO;2026-04-12;material;0000344313;12;;E-INNOVATIO;REMEDY PHYTOPLEX HYDRAGUARD 118ML;;;;;;;;;;;;;;825;SIMPRO_VIG;2024-11-27;19;
SIMPRO;2026-04-12;material;0000344314;12;;E-INNOVATIO;REMEDY PHYTOPLEX HYDRAGUARD 59ML;;;;;;;;;;;;;;430.4;SIMPRO_VIG;2024-11-27;19;
SIMPRO;2026-04-12;material;0000344315;12;;E-INNOVATIO;REMEDY PHYTOPLEX MOISTURIZER NOURISHING 118ML;;;;;;;;;;;;;;455;SIMPRO_VIG;2024-11-27;19;
SIMPRO;2026-04-12;material;0000344316;12;;E-INNOVATIO;REMEDY PHYTOPLEX MOISTURIZER NOURISHING SKIN CREAM 59ML;;;;;;;;;;;;;;249.5;SIMPRO_VIG;2024-11-27;19;
SIMPRO;2026-04-12;material;0000344317;12;;E-INNOVATIO;REMEDY PHYTOPLEX MOISTURIZER NOURISHING SKIN CREAM 946ML;;;;;;;;;;;;;;2005;SIMPRO_VIG;2024-11-27;19;
SIMPRO;2026-04-12;material;0000251159;12;;CARDIOPROTESE;REMENDO PERICARDIO BOVINO MONOCUSPIDE 08MM;;;;;;;;;;;;;;4800;SIMPRO_VIG;2014-10-16;19;
SIMPRO;2026-04-12;material;0000251160;12;;CARDIOPROTESE;REMENDO PERICARDIO BOVINO MONOCUSPIDE 10MM;;;;;;;;;;;;;;4800;SIMPRO_VIG;2014-10-16;19;
SIMPRO;2026-04-12;material;0000251162;12;;CARDIOPROTESE;REMENDO PERICARDIO BOVINO MONOCUSPIDE 12MM;;;;;;;;;;;;;;4800;SIMPRO_VIG;2014-10-16;19;
SIMPRO;2026-04-12;material;0000251164;12;;CARDIOPROTESE;REMENDO PERICARDIO BOVINO MONOCUSPIDE 14MM;;;;;;;;;;;;;;4800;SIMPRO_VIG;2014-10-16;19;
SIMPRO;2026-04-12;material;0000349831;12;;DUTTO;REMOVEDOR ADESIVO AEROSSOL KINESIOSPORT 200ML;;;;;;;;;;;;;;193.85;SIMPRO_VIG;2024-01-23;19;
SIMPRO;2026-04-12;material;0000320408;12;;HELIANTO;REMOVEDOR ADESIVO CURATIVO LIMPCOLL 50ML;;;;;;;;;;;;;;140;SIMPRO_VIG;2022-09-21;19;
SIMPRO;2026-04-12;material;0000354753;12;;MISSNER;REMOVEDOR ADESIVO DERMA PROTECT AEROSSOL 50ML;;;;;;;;;;;;;;161.48;SIMPRO_VIG;2024-08-29;19;
SIMPRO;2026-04-12;material;0000349833;12;;DUTTO;REMOVEDOR ADESIVO KINESIOCLINICAL REFIL 1LT;;;;;;;;;;;;;;0.584;SIMPRO_VIG;2024-01-23;19;
SIMPRO;2026-04-12;material;0000354754;12;;MISSNER;REMOVEDOR ADESIVO LENCO DERMA PROTECT;;;;;;;;;;;;;;16;SIMPRO_VIG;2024-08-29;19;
SIMPRO;2026-04-12;material;0000253518;12;;CONVATEC;REMOVEDOR ADESIVO SENSICARE SPRAY LIBERADOR 50ML BR10340;;;;;;;;;;;;;;2.537;SIMPRO_VIG;2021-05-04;19;
SIMPRO;2026-04-12;material;0000253517;12;;CONVATEC;REMOVEDOR ADESIVO SENSICARE SPRAY LIBERADOR EST.150ML BR10339;;;;;;;;;;;;;;3.277;SIMPRO_VIG;2021-05-04;19;
SIMPRO;2026-04-12;material;0000369900;12;;SOL-MILLENNIUM;REMOVEDOR ADESIVO SOL-CARE;;;;;;;;;;;;;;12.51;SIMPRO_VIG;2026-02-19;19;
SIMPRO;2026-04-12;material;0000349832;12;;DUTTO;REMOVEDOR ADESIVO SPRAY GATILHO KINESIOCLINICAL 200ML;;;;;;;;;;;;;;145.95;SIMPRO_VIG;2024-01-23;19;
SIMPRO;2026-04-12;material;0000358989;12;;DUTTO;REMOVEDOR ADESIVO SPRAY KINESIOSOFT 60ML;;;;;;;;;;;;;;54.9;SIMPRO_VIG;2025-02-25;19;
SIMPRO;2026-04-12;material;0000365841;12;;BYILD;REMOVEDOR DESCOLATIV SPRAY 50ML BYILDCARE;;;;;;;;;;;;;;57.4;SIMPRO_VIG;2025-11-04;19;
SIMPRO;2026-04-12;material;0000357418;12;;CONVATEC;REMOVEDOR ESENTA ADESIVO SPRAY 150ML 1732450;;;;;;;;;;;;;;641;SIMPRO_VIG;2025-05-16;19;
SIMPRO;2026-04-12;material;0000329310;12;;CONVATEC;REMOVEDOR ESENTA ADESIVO SPRAY 50ML 1729206;;;;;;;;;;;;;;166;SIMPRO_VIG;2025-05-16;19;
SIMPRO;2026-04-12;material;0000242026;12;;MARU;REMOVEDOR ESMALTE CASCO CAVALO 100ML;;;;;;;;;;;;;;6.28;SIMPRO_VIG;2014-01-06;19;
SIMPRO;2026-04-12;material;0000242027;12;;MARU;REMOVEDOR ESMALTE OLEO BANANA 100ML;;;;;;;;;;;;;;4.61;SIMPRO_VIG;2014-01-06;19;
SIMPRO;2026-04-12;material;0000132395;12;;CIRURGICA FERNANDES;REMOVEDOR ESTERIL LAMINA BISTURI C/CABO METAL;;;;;;;;;;;;;;89.7;SIMPRO_VIG;2015-09-10;19;
SIMPRO;2026-04-12;material;0000361406;12;;DANIALEX;REMOVEDOR GRAMPO PELE;;;;;;;;;;;;;;1500;SIMPRO_VIG;2025-06-17;19;
SIMPRO;2026-04-12;material;0000085004;12;;TC-TECNICA;"REMOVEDOR HEM-O-LOK MED.11""(ABERTO)WECK CLOSURE SYSTEMS";;;;;;;;;;;;;;567;SIMPRO_VIG;2012-03-13;19;
SIMPRO;2026-04-12;material;0000123521;12;;SWANN-MORTON;REMOVEDOR LAMINA CIRURGICA COMPATIVEL C/CABO NR.3/4 N/EST.50UNID.;;;;;;;;;;;;;;31.296;SIMPRO_VIG;2024-06-11;19;
SIMPRO;2026-04-12;material;0000049085;12;;CIRURGICA FERNANDES;REMOVEDOR N/ESTERIL LAMINA BISTURI C/CABO METAL;;;;;;;;;;;;;;83.88;SIMPRO_VIG;2015-09-10;19;
SIMPRO;2026-04-12;material;0000071647;12;;L.M.FARMA;REMOVEDOR OXIDACAO 1000ML D-73;;;;;;;;;;;;;;0.042;SIMPRO_VIG;2006-04-19;19;
SIMPRO;2026-04-12;material;0000071649;12;;L.M.FARMA;REMOVEDOR OXIDACAO 3760ML D-64;;;;;;;;;;;;;;0.043;SIMPRO_VIG;2006-04-19;19;
SIMPRO;2026-04-12;material;0000071648;12;;L.M.FARMA;REMOVEDOR OXIDACAO 5000ML D-63;;;;;;;;;;;;;;0.04;SIMPRO_VIG;2006-04-19;19;
SIMPRO;2026-04-12;material;0000275575;12;;BIOARGO;REMOVEDOR P/ADESIVO 120ML DETACHOL;;;;;;;;;;;;;;191.16;SIMPRO_VIG;2016-08-16;19;
SIMPRO;2026-04-12;material;0000275573;12;;BIOARGO;REMOVEDOR P/ADESIVO 15ML DETACHOL;;;;;;;;;;;;;;61.56;SIMPRO_VIG;2016-08-16;19;
SIMPRO;2026-04-12;material;0000275574;12;;BIOARGO;REMOVEDOR P/ADESIVO 60ML DETACHOL;;;;;;;;;;;;;;132.84;SIMPRO_VIG;2016-08-16;19;
SIMPRO;2026-04-12;material;0000275572;12;;BIOARGO;REMOVEDOR P/ADESIVO APLICADOR 0,67ML EST.DETACHOL;;;;;;;;;;;;;;35;SIMPRO_VIG;2020-02-19;19;
SIMPRO;2026-04-12;material;0000123523;12;;SWANN-MORTON;REMOVEDOR P/CABOS TAM.NR.3-NR.4 P/USO C/LAMINA ACO INOXIDAVEL 10UN EST.INDIV.;;;;;;;;;;;;;;23.204;SIMPRO_VIG;2024-06-11;19;
SIMPRO;2026-04-12;material;0000123522;12;;SWANN-MORTON;REMOVEDOR P/USO C/LAMINA ACO INOXIDAVEL 100UNID.EST.(EMB.INDIV.);;;;;;;;;;;;;;3.012;SIMPRO_VIG;2024-06-11;19;
SIMPRO;2026-04-12;material;0000123520;12;;SWANN-MORTON;REMOVEDOR P/USO C/LAMINA ACO INOXIDAVEL 50UNID.EST.(EMB.INDIV.);;;;;;;;;;;;;;6.001;SIMPRO_VIG;2024-06-11;19;
SIMPRO;2026-04-12;material;0000169403;12;;ENDOTYPE;REMOVEDOR STENT SNARE 2,4FRX115CM RMS 2.4/115;;;;;;;;;;;;;;3100;SIMPRO_VIG;2012-07-20;19;
SIMPRO;2026-04-12;material;0000325663;12;;RIOQUIMICA;REMOVEX SENSITIVE 30ML SPRAY;;;;;;;;;;;;;;120;SIMPRO_VIG;2022-05-10;19;
SIMPRO;2026-04-12;material;0000263647;12;;BIOLAB SANUS;RENEHAVIS 0,7ML 1SER.LMW 15,4MG SOL.P/PREENCHIMENTO INTRA-ARTICULAR;;;;;;;;;;;;;;2575.48;SIMPRO_VIG;2025-04-09;19;
SIMPRO;2026-04-12;material;0000161307;12;;AVERT;RENOPEL GEL DERM.20G;;;;;;;;;;;;;;4.588;SIMPRO_VIG;2025-04-09;19;
SIMPRO;2026-04-12;material;0000080765;12;;BAUSCH+LOMB;RENU 1 STEP REMOV.PROTEINA 3ML;;;;;;;;;;;;;;16.66;SIMPRO_VIG;2023-11-29;19;
SIMPRO;2026-04-12;material;0000322032;12;;BAUSCH+LOMB;RENU ADVANCED PACKON SOL.MULTIUSO 355+120ML;;;;;;;;;;;;;;0.103;SIMPRO_VIG;2023-11-29;19;
SIMPRO;2026-04-12;material;0000077106;12;;BAUSCH+LOMB;RENU FRESH PLUS SOL.MULTIUSO 355+120ML;;;;;;;;;;;;;;0.088;SIMPRO_VIG;2023-11-29;19;
SIMPRO;2026-04-12;material;0000750007;12;;BAUSCH+LOMB;RENU GTS.UMIDIFICANTE 15ML;;;;;;;;;;;;;;2.761;SIMPRO_VIG;2023-11-29;19;
SIMPRO;2026-04-12;material;0000101976;12;;BAUSCH+LOMB;RENU PLUS GTS.UMIDIFICANTE 8ML;;;;;;;;;;;;;;3.226;SIMPRO_VIG;2023-11-29;19;
SIMPRO;2026-04-12;material;0000077107;12;;BAUSCH+LOMB;RENU PLUS SOL.M.USO S/FRICCAO 500ML;;;;;;;;;;;;;;0.104;SIMPRO_VIG;2013-04-02;19;
SIMPRO;2026-04-12;material;0000077105;12;;BAUSCH+LOMB;RENU PLUS SOL.MULTIUSO 120ML;;;;;;;;;;;;;;0.35;SIMPRO_VIG;2023-11-29;19;
SIMPRO;2026-04-12;material;0000265530;12;;BAUSCH+LOMB;RENU PLUS SOL.MULTIUSO 60ML;;;;;;;;;;;;;;26.93;SIMPRO_VIG;2023-11-29;19;
SIMPRO;2026-04-12;material;0000095378;12;;BAUSCH+LOMB;RENU SENSITIVE PACKON SOL.MULTIUSO 355+120ML;;;;;;;;;;;;;;0.176;SIMPRO_VIG;2023-11-29;19;
SIMPRO;2026-04-12;material;0000268216;12;;BAUSCH+LOMB;RENU SENSITIVE SOL.MULTIUSO 120ML;;;;;;;;;;;;;;0.316;SIMPRO_VIG;2021-04-13;19;
SIMPRO;2026-04-12;material;0000750002;12;;BAUSCH LOM;RENU SOL.MULTI-USO 120ML;;;;;;;;;;;;;;0.248;SIMPRO_VIG;2011-01-01;19;
SIMPRO;2026-04-12;material;0000750025;12;;BAUSCH LOM;RENU SOL.MULTI-USO 355ML;;;;;;;;;;;;;;0;SIMPRO_VIG;2010-04-15;19;
SIMPRO;2026-04-12;material;0000113713;12;;C.FERNANDE;REPASSADOR OSSEO MILLER 18CM DUPLO P/OSSO PROFESSIONAL MA.26.10.21;;;;;;;;;;;;;;0;SIMPRO_VIG;2009-08-26;19;
SIMPRO;2026-04-12;material;0000113711;12;;C.FERNANDE;REPASSADOR OSSEO PUTTI DUPLO 28CM P/TRABALHO PLANO RETO CURVO-DUPLO P/OSSO PROFESSIONAL MA.26.15.01;;;;;;;;;;;;;;0;SIMPRO_VIG;2009-08-26;19;
SIMPRO;2026-04-12;material;0000166934;12;;ALERGOSHOP;REPELENTE HIPOALERGENICO 120ML;;;;;;;;;;;;;;0.552;SIMPRO_VIG;2021-09-28;19;
SIMPRO;2026-04-12;material;0000282662;12;;COSMODERMA;REPELENTE INSETOS REPELMAX 120G SPRAY;;;;;;;;;;;;;;34.4;SIMPRO_VIG;2023-12-12;19;
SIMPRO;2026-04-12;material;0000282663;12;;COSMODERMA;REPELENTE INSETOS REPELMAX LOCAO 120G FLIPTOP;;;;;;;;;;;;;;35.6;SIMPRO_VIG;2023-12-12;19;
SIMPRO;2026-04-12;material;0000282664;12;;COSMODERMA;REPELENTE INSETOS REPELMAX LOCAO 200G FLIPTOP;;;;;;;;;;;;;;59.6;SIMPRO_VIG;2023-12-12;19;
SIMPRO;2026-04-12;material;0000348823;12;;COSMODERMA;REPELENTE INSETOS REPELMAX ULTRA ICARIDINA 120G;;;;;;;;;;;;;;50.64;SIMPRO_VIG;2023-12-12;19;
SIMPRO;2026-04-12;material;0000348824;12;;COSMODERMA;REPELENTE INSETOS REPELMAX ULTRA ICARIDINA 200G;;;;;;;;;;;;;;76.98;SIMPRO_VIG;2023-12-12;19;
SIMPRO;2026-04-12;material;0000288554;12;;UNIAO QUIMICA;REPELENTE INSETOS TAP KIDS 15% LOCAO 100ML;;;;;;;;;;;;;;44.14;SIMPRO_VIG;2025-04-04;19;
SIMPRO;2026-04-12;material;0000148998;12;;BIOLAB SANUS;REPITELIN LOCAO OLEOSA 100ML;;;;;;;;;;;;;;0.575;SIMPRO_VIG;2025-04-09;19;
SIMPRO;2026-04-12;material;0000148999;12;;BIOLAB SANUS;REPITELIN LOCAO OLEOSA 30ML(+22% IPI);;;;;;;;;;;;;;0.794;SIMPRO_VIG;2024-04-05;19;
SIMPRO;2026-04-12;material;0000244393;12;;GLOBALTEK;REPOSICAO CILINDRO DIPHOTERINE 5LT;;;;;;;;;;;;;;12217.12;SIMPRO_VIG;2018-10-24;19;
SIMPRO;2026-04-12;material;0000244402;12;;GLOBALTEK;REPOSICAO CILINDRO HEXAFLUORINE 5LT;;;;;;;;;;;;;;16572.21;SIMPRO_VIG;2018-10-24;19;
SIMPRO;2026-04-12;material;0000252659;12;;HEALTHCARE;REPROCESSADOR FILTRO SANGUE;;;;;;;;;;;;;;57000;SIMPRO_VIG;2014-12-23;19;
SIMPRO;2026-04-12;material;0000103739;12;;LIFEMED;REPROCESSADORA AUTOMATICA P/ENDOSCOPIOS ENDOLAV;;;;;;;;;;;;;;153650;SIMPRO_VIG;2019-07-11;19;
SIMPRO;2026-04-12;material;0000114333;12;;JG MORIYA;RESCONTROL II C/3 SINAIS PSG 22011;;;;;;;;;;;;;;0;SIMPRO_VIG;2010-01-12;19;
SIMPRO;2026-04-12;material;0000114334;12;;JG MORIYA;RESCONTROL II C/7 SINAIS PSG 22007;;;;;;;;;;;;;;0;SIMPRO_VIG;2010-01-12;19;
SIMPRO;2026-04-12;material;0000272258;12;;TOTAL MEDICAL BRASIL;RESERVATORIO 100CC;;;;;;;;;;;;;;765;SIMPRO_VIG;2022-07-08;19;
SIMPRO;2026-04-12;material;0000255389;12;;CARDINAL HEALTH MS;RESERVATORIO 100ML JACKSON PRATT SILICONE;;;;;;;;;;;;;;613.6;SIMPRO_VIG;2023-03-28;19;
SIMPRO;2026-04-12;material;0000272260;12;;TOTAL MEDICAL BRASIL;RESERVATORIO 200CC;;;;;;;;;;;;;;765;SIMPRO_VIG;2022-07-08;19;
SIMPRO;2026-04-12;material;0000245102;12;;CONCEITOS MEDICAL;RESERVATORIO 2700ML C/VALVULA P/REANIMADOR MANUAL ADU./PED.;;;;;;;;;;;;;;232.7;SIMPRO_VIG;2020-09-08;19;
SIMPRO;2026-04-12;material;0000255390;12;;CARDINAL HEALTH MS;RESERVATORIO 400ML JACKSON PRATT SILICONE;;;;;;;;;;;;;;855.5;SIMPRO_VIG;2023-03-28;19;
SIMPRO;2026-04-12;material;0000119013;12;;EPTCA;RESERVATORIO 450ML BIOVAC BIOMETRIX;;;;;;;;;;;;;;300;SIMPRO_VIG;2007-06-29;19;
SIMPRO;2026-04-12;material;0000258033;12;;3M BRASIL;RESERVATORIO 45ML PREVENA;;;;;;;;;;;;;;735.01;SIMPRO_VIG;2023-05-18;19;
SIMPRO;2026-04-12;material;0000257220;12;;LABNEWS;RESERVATORIO 60LTS AGUA PURIFICADA;;;;;;;;;;;;;;9000;SIMPRO_VIG;2015-05-06;19;
SIMPRO;2026-04-12;material;0000257221;12;;LABNEWS;RESERVATORIO 60LTS AGUA PURIFICADA C/BOMBA;;;;;;;;;;;;;;12000;SIMPRO_VIG;2015-05-06;19;
SIMPRO;2026-04-12;material;0000245103;12;;CONCEITOS MEDICAL;RESERVATORIO 900ML C/VALVULA P/REANIMADOR MANUAL NEO.;;;;;;;;;;;;;;232.7;SIMPRO_VIG;2020-09-08;19;
SIMPRO;2026-04-12;material;0000352053;12;;VENTURA;RESERVATORIO ACESSO LIQUORICO;;;;;;;;;;;;;;2800;SIMPRO_VIG;2024-05-03;19;
SIMPRO;2026-04-12;material;0000163810;12;;3M BRASIL;RESERVATORIO ACTI V.A.C.0300ML C/GEL;;;;;;;;;;;;;;2545.43;SIMPRO_VIG;2023-05-18;19;
SIMPRO;2026-04-12;material;0000144200;12;;CNPH;RESERVATORIO AGUA EST.P/UMIDIFICACAO FR.340ML+ADAPTADOR AQUAPAK;;;;;;;;;;;;;;92;SIMPRO_VIG;2015-07-28;19;
SIMPRO;2026-04-12;material;0000132810;12;;BOSTON UROLOGY;RESERVATORIO AMS 700 100ML;;;;;;;;;;;;;;18000;SIMPRO_VIG;2017-05-23;19;
SIMPRO;2026-04-12;material;0000132809;12;;BOSTON UROLOGY;RESERVATORIO AMS 700 65ML;;;;;;;;;;;;;;18000;SIMPRO_VIG;2017-05-23;19;
SIMPRO;2026-04-12;material;0000132777;12;;BOSTON UROLOGY;RESERVATORIO AMS 700 C/IZ 100ML;;;;;;;;;;;;;;18000;SIMPRO_VIG;2017-05-23;19;
SIMPRO;2026-04-12;material;0000132778;12;;BOSTON UROLOGY;RESERVATORIO AMS 700 C/IZ 65ML;;;;;;;;;;;;;;18000;SIMPRO_VIG;2017-05-23;19;
SIMPRO;2026-04-12;material;0000178456;12;;BOSTON UROLOGY;RESERVATORIO BAIXO PERFIL AMS700 CONCEAL 65-100ML C/INHIBIZONE;;;;;;;;;;;;;;18000;SIMPRO_VIG;2017-03-28;19;
SIMPRO;2026-04-12;material;0000178457;12;;BOSTON UROLOGY;RESERVATORIO BAIXO PERFIL AMS700 CONCEAL 65-100ML S/INHIBIZONE;;;;;;;;;;;;;;18000;SIMPRO_VIG;2017-03-28;19;
SIMPRO;2026-04-12;material;0000096036;12;;B.BRAUN;RESERVATORIO BURRHOLE AESCULAP-MIETKE;;;;;;;;;;;;;;3475.73;SIMPRO_VIG;2005-06-14;19;
SIMPRO;2026-04-12;material;0000108506;12;;CNPH;RESERVATORIO C/AGUA EST.FR.440ML AQUAPAK HUDSON;;;;;;;;;;;;;;86;SIMPRO_VIG;2022-05-24;19;
SIMPRO;2026-04-12;material;0000108511;12;;CNPH;RESERVATORIO C/AGUA EST.FR.440ML+ADAPT.EST.C/SIST.VENTURI CONCENT.O2 33% A 98% AQUAPAK;;;;;;;;;;;;;;91.41;SIMPRO_VIG;2015-07-28;19;
SIMPRO;2026-04-12;material;0000108507;12;;CNPH;RESERVATORIO C/AGUA ESTERIL FR.760ML AQUAPAK HUDSON;;;;;;;;;;;;;;17;SIMPRO_VIG;2007-06-20;19;
SIMPRO;2026-04-12;material;0000108512;12;;CNPH;RESERVATORIO C/AGUA ESTERIL FR.760ML+ADAPT.EST.C/SIST.VENTURI CONCENT.O2 28% A 98% AQUAPAK;;;;;;;;;;;;;;53;SIMPRO_VIG;2007-06-20;19;
SIMPRO;2026-04-12;material;0000108513;12;;CNPH;RESERVATORIO C/AGUA ESTERIL FR.760ML+ADAPT.EST.C/SIST.VENTURI CONCENT.O2 33% A 98% AQUAPAK;;;;;;;;;;;;;;53;SIMPRO_VIG;2007-06-20;19;
SIMPRO;2026-04-12;material;0000106306;12;;TERUMO CARDIO;RESERVATORIO CARDIOPLEGIA 4:1 C/PLACA TEMPERATURA/PRESSAO;;;;;;;;;;;;;;985.71;SIMPRO_VIG;2009-09-30;19;
SIMPRO;2026-04-12;material;0000106307;12;;TERUMO CARDIO;RESERVATORIO CARDIOPLEGIA 4:1 C/PLACA TEMPERATURA/PRESSAO;;;;;;;;;;;;;;985.71;SIMPRO_VIG;2009-09-30;19;
SIMPRO;2026-04-12;material;0000082959;12;;GETINGE;RESERVATORIO CARDIOPLEGIA C/FILTRO MS;;;;;;;;;;;;;;700;SIMPRO_VIG;2010-02-09;19;
SIMPRO;2026-04-12;material;0001910008;12;;ZAMMI;RESERVATORIO CARDIOPLEGIA CRISTALOIDE;;;;;;;;;;;;;;560;SIMPRO_VIG;2010-11-05;19;
SIMPRO;2026-04-12;material;0000276905;12;;MEDTRONIC;RESERVATORIO CARDIOPLEGIA MYOTHERM XP XP41;;;;;;;;;;;;;;500;SIMPRO_VIG;2016-09-13;19;
SIMPRO;2026-04-12;material;0000133835;12;;MEDTRONIC;RESERVATORIO CARDIOPLEGIA MYOTHERM XP XP41B;;;;;;;;;;;;;;1020.5;SIMPRO_VIG;2012-01-12;19;
SIMPRO;2026-04-12;material;0000000088;12;;ZAMMI;RESERVATORIO CARDIOPLEGIA SANGUINEA;;;;;;;;;;;;;;560;SIMPRO_VIG;2010-11-05;19;
SIMPRO;2026-04-12;material;0001910005;12;;ZAMMI;RESERVATORIO CARDIOTOMIA;;;;;;;;;;;;;;252.3;SIMPRO_VIG;2009-01-26;19;
SIMPRO;2026-04-12;material;0000120037;12;;NIPRO NMC;RESERVATORIO CARDIOTOMIA 30MICRAS;;;;;;;;;;;;;;374;SIMPRO_VIG;2022-10-20;19;
SIMPRO;2026-04-12;material;0000082947;12;;MAQUET;RESERVATORIO CARDIOTOMIA 4200;;;;;;;;;;;;;;0;SIMPRO_VIG;2010-02-09;19;
SIMPRO;2026-04-12;material;0000063661;12;;ZAMMI;RESERVATORIO CARDIOTOMIA CARDIOVENOUS;;;;;;;;;;;;;;252.3;SIMPRO_VIG;2009-01-26;19;
SIMPRO;2026-04-12;material;0000120036;12;;NIPRO NMC;RESERVATORIO CARDIOTOMIA INTEGRADO;;;;;;;;;;;;;;374;SIMPRO_VIG;2022-10-20;19;
SIMPRO;2026-04-12;material;0000082953;12;;MAQUET;RESERVATORIO CARDIOTOMIA POLYSTAN SAFE MINI/SAFE MICRO;;;;;;;;;;;;;;0;SIMPRO_VIG;2010-02-09;19;
SIMPRO;2026-04-12;material;0000120034;12;;NIPRO NMC;RESERVATORIO CARDIOTOMIA RC20;;;;;;;;;;;;;;374;SIMPRO_VIG;2022-10-20;19;
SIMPRO;2026-04-12;material;0000120038;12;;NIPRO MED;RESERVATORIO CARDIOTOMIA THYMUS CDR23;;;;;;;;;;;;;;340;SIMPRO_VIG;2007-08-28;19;
SIMPRO;2026-04-12;material;0000120035;12;;NIPRO MED;RESERVATORIO CARDIOTOMIA VITAL CDR11;;;;;;;;;;;;;;340;SIMPRO_VIG;2007-08-28;19;
SIMPRO;2026-04-12;material;0000106308;12;;TERUMO CARDIO;RESERVATORIO CARDIOTOMIA VOL.1000ML;;;;;;;;;;;;;;828.57;SIMPRO_VIG;2009-09-30;19;
SIMPRO;2026-04-12;material;0000106309;12;;TERUMO CARDIO;RESERVATORIO CARDIOTOMIA VOL.4000ML;;;;;;;;;;;;;;828.57;SIMPRO_VIG;2009-09-30;19;
SIMPRO;2026-04-12;material;0000320029;12;;VIDE BULA;RESERVATORIO CARILEX 1000ML;;;;;;;;;;;;;;3628.79;SIMPRO_VIG;2020-12-22;19;
SIMPRO;2026-04-12;material;0000320030;12;;VIDE BULA;RESERVATORIO CARILEX 300ML;;;;;;;;;;;;;;2039.61;SIMPRO_VIG;2020-12-22;19;
SIMPRO;2026-04-12;material;0000320028;12;;VIDE BULA;RESERVATORIO CARILEX 500ML;;;;;;;;;;;;;;2059.2;SIMPRO_VIG;2020-12-22;19;
SIMPRO;2026-04-12;material;0000159343;12;;VENTURA;RESERVATORIO CEREBRAL L6MM C/BASE CONICA SALMON RICKHAM;;;;;;;;;;;;;;2200;SIMPRO_VIG;2011-07-28;19;
SIMPRO;2026-04-12;material;0000159344;12;;VENTURA;RESERVATORIO CEREBRAL L6MM C/BASE PLANA SALMON RICKHAM;;;;;;;;;;;;;;2200;SIMPRO_VIG;2011-07-28;19;
SIMPRO;2026-04-12;material;0003535005;12;;HP BIOPROT;RESERVATORIO CEREBRAL NEUROLOGIA;;;;;;;;;;;;;;660;SIMPRO_VIG;2009-02-17;19;
SIMPRO;2026-04-12;material;0000170120;12;;HP BIOPROTESES;RESERVATORIO CEREBRAL OMMAYA;;;;;;;;;;;;;;3500;SIMPRO_VIG;2019-02-26;19;
SIMPRO;2026-04-12;material;0000249445;12;;HP BIOPROTESES;RESERVATORIO CEREBRAL OMMAYA C/CATETER VENTRICULAR;;;;;;;;;;;;;;4200;SIMPRO_VIG;2019-02-26;19;
SIMPRO;2026-04-12;material;0000332375;12;;HP BIOPROTESES;RESERVATORIO CEREBRAL OMMAYA C/CATETER VENTRICULAR;;;;;;;;;;;;;;4200;SIMPRO_VIG;2022-05-24;19;
SIMPRO;2026-04-12;material;0000338030;12;;SS MEDICAL;RESERVATORIO COMPACT VENTURI 300ML;;;;;;;;;;;;;;2878.4;SIMPRO_VIG;2023-02-01;19;
SIMPRO;2026-04-12;material;0000338031;12;;SS MEDICAL;RESERVATORIO COMPACT VENTURI 800ML;;;;;;;;;;;;;;4029.6;SIMPRO_VIG;2023-02-01;19;
SIMPRO;2026-04-12;material;0000350882;12;;EPTCA;RESERVATORIO DRENAGEM FORTUNE 100ML C/BOLSA COLETORA 800ML;;;;;;;;;;;;;;260;SIMPRO_VIG;2024-03-26;19;
SIMPRO;2026-04-12;material;0000355848;12;;EPTCA;RESERVATORIO DRENAGEM FORTUNE VACUO 100ML;;;;;;;;;;;;;;260;SIMPRO_VIG;2024-10-16;19;
SIMPRO;2026-04-12;material;0000355849;12;;EPTCA;RESERVATORIO DRENAGEM FORTUNE VACUO 200ML;;;;;;;;;;;;;;280;SIMPRO_VIG;2024-10-16;19;
SIMPRO;2026-04-12;material;0000355850;12;;EPTCA;RESERVATORIO DRENAGEM FORTUNE VACUO 400ML;;;;;;;;;;;;;;300;SIMPRO_VIG;2024-10-16;19;
SIMPRO;2026-04-12;material;0000263565;12;;ZAMMI;RESERVATORIO ECOLOGICO P/RESIDUOS C/VALVULA 1000ML;;;;;;;;;;;;;;225;SIMPRO_VIG;2019-12-17;19;
SIMPRO;2026-04-12;material;0000178155;12;;ZAMMI;RESERVATORIO ECOLOGICO P/RESIDUOS C/VALVULA 2000ML;;;;;;;;;;;;;;252;SIMPRO_VIG;2019-12-17;19;
SIMPRO;2026-04-12;material;0000286324;12;;ZAMMI;RESERVATORIO ECOLOGICO P/RESIDUOS C/VALVULA 3000ML;;;;;;;;;;;;;;306;SIMPRO_VIG;2019-12-17;19;
SIMPRO;2026-04-12;material;0000256613;12;;ZAMMI;RESERVATORIO ECOLOGICO P/RESIDUOS S/VALVULA 1000ML;;;;;;;;;;;;;;210;SIMPRO_VIG;2019-12-17;19;
SIMPRO;2026-04-12;material;0000178154;12;;ZAMMI;RESERVATORIO ECOLOGICO P/RESIDUOS S/VALVULA 2000ML;;;;;;;;;;;;;;219;SIMPRO_VIG;2019-12-17;19;
SIMPRO;2026-04-12;material;0000286325;12;;ZAMMI;RESERVATORIO ECOLOGICO P/RESIDUOS S/VALVULA 3000ML;;;;;;;;;;;;;;302;SIMPRO_VIG;2019-12-17;19;
SIMPRO;2026-04-12;material;0000090803;12;;UROTEK;RESERVATORIO ESTERIL 100ML STERION;;;;;;;;;;;;;;185;SIMPRO_VIG;2004-10-04;19;
SIMPRO;2026-04-12;material;0000102347;12;;BRAGENIX;RESERVATORIO FECHADO DRENAGEM BIOVAC MD-1105;;;;;;;;;;;;;;389.2;SIMPRO_VIG;2006-03-17;19;
SIMPRO;2026-04-12;material;0000340395;12;;PROMEDON;RESERVATORIO GENADYNE 1100ML;;;;;;;;;;;;;;4650;SIMPRO_VIG;2024-03-12;19;
SIMPRO;2026-04-12;material;0000346413;12;;PROMEDON;RESERVATORIO GENADYNE 200ML;;;;;;;;;;;;;;2100;SIMPRO_VIG;2024-03-12;19;
SIMPRO;2026-04-12;material;0000340393;12;;PROMEDON;RESERVATORIO GENADYNE 400ML;;;;;;;;;;;;;;2500;SIMPRO_VIG;2024-03-12;19;
SIMPRO;2026-04-12;material;0000340394;12;;PROMEDON;RESERVATORIO GENADYNE 600ML;;;;;;;;;;;;;;2785.35;SIMPRO_VIG;2023-08-25;19;
SIMPRO;2026-04-12;material;0000350524;12;;PROMEDON;RESERVATORIO GENADYNE 800ML;;;;;;;;;;;;;;3900;SIMPRO_VIG;2024-03-12;19;
SIMPRO;2026-04-12;material;0000163811;12;;3M BRASIL;RESERVATORIO INFO V.A.C.0500ML C/GEL;;;;;;;;;;;;;;2569.88;SIMPRO_VIG;2023-05-18;19;
SIMPRO;2026-04-12;material;0000163812;12;;3M BRASIL;RESERVATORIO INFO V.A.C.1000ML C/GEL;;;;;;;;;;;;;;4528.73;SIMPRO_VIG;2023-05-18;19;
SIMPRO;2026-04-12;material;0000175283;12;;KCI BRASIL;RESERVATORIO INFOV.A.C 500ML S/GEL;;;;;;;;;;;;;;1546;SIMPRO_VIG;2013-04-01;19;
SIMPRO;2026-04-12;material;0000106982;12;;HOSPILINE;RESERVATORIO JACKSON PRATT SILICONE TP.BULBO 100ML SU130-1305;;;;;;;;;;;;;;243.1;SIMPRO_VIG;2010-09-03;19;
SIMPRO;2026-04-12;material;0000106981;12;;HOSPILINE;RESERVATORIO JACKSON PRATT SILICONE TP.BULBO 400ML SU130-1000;;;;;;;;;;;;;;418;SIMPRO_VIG;2010-09-03;19;
SIMPRO;2026-04-12;material;0000038640;12;;J&J ETHICON;RESERVATORIO JVAC 300ML;;;;;;;;;;;;;;401.27;SIMPRO_VIG;2017-03-28;19;
SIMPRO;2026-04-12;material;0000038639;12;;J&J ETHICON;RESERVATORIO JVAC 450ML;;;;;;;;;;;;;;401.27;SIMPRO_VIG;2017-03-28;19;
SIMPRO;2026-04-12;material;0000097276;12;;CANADA;RESERVATORIO LCR ENTRADA LATERAL 6,5X20MM SOPHYSA;;;;;;;;;;;;;;6500;SIMPRO_VIG;2022-06-21;19;
SIMPRO;2026-04-12;material;0000097586;12;;CANADA;RESERVATORIO LCR ENTRADA LATERAL 7,0X30MM SOPHYSA;;;;;;;;;;;;;;6500;SIMPRO_VIG;2022-06-21;19;
SIMPRO;2026-04-12;material;0000245334;12;;JG MORIYA;RESERVATORIO MEDICACAO CADD 100ML C/GRAMPO+LUER FEMEA;;;;;;;;;;;;;;2659.39;SIMPRO_VIG;2017-10-17;19;
SIMPRO;2026-04-12;material;0000283169;12;;JG MORIYA;RESERVATORIO MEDICACAO CADD AMARELO 250ML C/PARADA FLUXO/GRAMPO+LUER FEMEA;;;;;;;;;;;;;;4251.71;SIMPRO_VIG;2026-03-31;19;
SIMPRO;2026-04-12;material;0000283170;12;;JG MORIYA;RESERVATORIO MEDICACAO CADD AZUL 250ML C/PARADA FLUXO/GRAMPO+LUER FEMEA;;;;;;;;;;;;;;4251.71;SIMPRO_VIG;2026-03-31;19;
SIMPRO;2026-04-12;material;0000283168;12;;JG MORIYA;RESERVATORIO MEDICACAO CADD TRANSPARENTE 250ML C/PARADA FLUXO/GRAMPO+LUER FEMEA;;;;;;;;;;;;;;4251.71;SIMPRO_VIG;2026-03-31;19;
SIMPRO;2026-04-12;material;0000046072;12;;JG MORIYA;RESERVATORIO MEDICAMENTO CASSETE 100ML C/LUER FEMEA;;;;;;;;;;;;;;2532.75;SIMPRO_VIG;2016-01-19;19;
SIMPRO;2026-04-12;material;0000176850;12;;JG MORIYA;RESERVATORIO MEDICAMENTO CASSETE 250ML C/LUER FEMEA;;;;;;;;;;;;;;2532.75;SIMPRO_VIG;2016-01-19;19;
SIMPRO;2026-04-12;material;0000046073;12;;JG MORIYA;RESERVATORIO MEDICAMENTO CASSETE 50ML C/LUER FEMEA;;;;;;;;;;;;;;2532.75;SIMPRO_VIG;2016-01-19;19;
SIMPRO;2026-04-12;material;0000333325;12;;CIRURGICA FERNANDES;RESERVATORIO O2 P/REANIMADOR ADU.MARK IV AMBU;;;;;;;;;;;;;;500;SIMPRO_VIG;2022-11-30;19;
SIMPRO;2026-04-12;material;0000333324;12;;CIRURGICA FERNANDES;RESERVATORIO O2 P/REANIMADOR BABY MARK IV AMBU;;;;;;;;;;;;;;500;SIMPRO_VIG;2022-11-30;19;
SIMPRO;2026-04-12;material;0000333322;12;;CIRURGICA FERNANDES;RESERVATORIO O2 P/REANIMADOR OVAL ADU./PED.AMBU;;;;;;;;;;;;;;500;SIMPRO_VIG;2022-11-30;19;
SIMPRO;2026-04-12;material;0000286206;12;;CIRURGICA FERNANDES;RESERVATORIO OXIGENIO 1600ML FOYOMED;;;;;;;;;;;;;;75;SIMPRO_VIG;2017-06-13;19;
SIMPRO;2026-04-12;material;0000286207;12;;CIRURGICA FERNANDES;RESERVATORIO OXIGENIO 2000ML FOYOMED;;;;;;;;;;;;;;75;SIMPRO_VIG;2017-06-13;19;
SIMPRO;2026-04-12;material;0000322709;12;;CNPH;RESERVATORIO OXIGENIO 2500ML;;;;;;;;;;;;;;285;SIMPRO_VIG;2021-05-04;19;
SIMPRO;2026-04-12;material;0000241399;12;;CIRURGICA FERNANDES;RESERVATORIO OXIGENIO 2500ML DAHLHAUSEN;;;;;;;;;;;;;;124.86;SIMPRO_VIG;2015-09-10;19;
SIMPRO;2026-04-12;material;0000150285;12;;CIRURGICA FERNANDES;RESERVATORIO OXIGENIO C/VALVULA 2500ML DAHLHAUSEN;;;;;;;;;;;;;;124.86;SIMPRO_VIG;2015-09-10;19;
SIMPRO;2026-04-12;material;0000162744;12;;CIRURGICA FERNANDES;RESERVATORIO OXIGENIO C/VALVULA 600ML DAHLHAUSEN;;;;;;;;;;;;;;126.19;SIMPRO_VIG;2015-09-10;19;
SIMPRO;2026-04-12;material;0000150286;12;;C.FERNANDES;RESERVATORIO OXIGENIO C/VALVULA 600ML DAHLHAUSEN 51.500.00.438;;;;;;;;;;;;;;58;SIMPRO_VIG;2010-11-05;19;
SIMPRO;2026-04-12;material;0000156365;12;;PYRAMID;RESERVATORIO OXIGENIO FECHADO SILICONE P/AMBU MARK IV/MARK IV BABY AUTOCLAVAVEL AMB.CM.BSP.0015;;;;;;;;;;;;;;675.27;SIMPRO_VIG;2011-05-23;19;
SIMPRO;2026-04-12;material;0000322708;12;;CNPH;RESERVATORIO OXIGENIO NEO.600ML;;;;;;;;;;;;;;285;SIMPRO_VIG;2021-05-04;19;
SIMPRO;2026-04-12;material;0000102606;12;;PROTEC - SUSPENSA;RESERVATORIO OXIGENIO P/AMBU 2500ML (POLIVINIL);;;;;;;;;;;;;;27.5;SIMPRO_VIG;2009-09-29;19;
SIMPRO;2026-04-12;material;0000102605;12;;PROTEC - SUSPENSA;RESERVATORIO OXIGENIO P/AMBU SILICONE 1000ML;;;;;;;;;;;;;;22;SIMPRO_VIG;2009-09-29;19;
SIMPRO;2026-04-12;material;0000102608;12;;PROTEC - SUSPENSA;RESERVATORIO OXIGENIO P/AMBU SILICONE 1000ML (POLIVINIL);;;;;;;;;;;;;;27.5;SIMPRO_VIG;2009-09-29;19;
SIMPRO;2026-04-12;material;0000102602;12;;PROTEC - SUSPENSA;RESERVATORIO OXIGENIO P/AMBU SILICONE 2500ML;;;;;;;;;;;;;;22;SIMPRO_VIG;2009-09-29;19;
SIMPRO;2026-04-12;material;0000359731;12;;CIRURGICA FERNANDES;RESERVATORIO OXIGENIO P/REANIMADOR MARK IV PED.AMBU;;;;;;;;;;;;;;286.65;SIMPRO_VIG;2025-04-04;19;
SIMPRO;2026-04-12;material;0000079061;12;;JG MORIYA;RESERVATORIO OXIGENIO P/REANIMADOR SILICONE ADU.;;;;;;;;;;;;;;44.28;SIMPRO_VIG;2007-02-01;19;
SIMPRO;2026-04-12;material;0000110291;12;;JG MORIYA;RESERVATORIO OXIGENIO P/REANIMADOR SILICONE INF.;;;;;;;;;;;;;;44.28;SIMPRO_VIG;2007-02-01;19;
SIMPRO;2026-04-12;material;0000322641;12;;GE ACESSORIOS;RESERVATORIO P/ABSORVEDOR CO2 REUT.;;;;;;;;;;;;;;4787.44;SIMPRO_VIG;2021-12-02;19;
SIMPRO;2026-04-12;material;0000159341;12;;VENTURA;RESERVATORIO P/ACESSO VENTRICULAR 6MM C/BASE CONICA;;;;;;;;;;;;;;2200;SIMPRO_VIG;2011-07-28;19;
SIMPRO;2026-04-12;material;0000159342;12;;VENTURA;RESERVATORIO P/ACESSO VENTRICULAR 6MM C/BASE PLANA;;;;;;;;;;;;;;2200;SIMPRO_VIG;2011-07-28;19;
SIMPRO;2026-04-12;material;0000052982;12;;PROTEC - SUSPENSA;RESERVATORIO P/AMBU OXIGENIO CAP.1000ML HUDSON;;;;;;;;;;;;;;18;SIMPRO_VIG;2009-09-29;19;
SIMPRO;2026-04-12;material;0000052981;12;;PROTEC - SUSPENSA;RESERVATORIO P/AMBU OXIGENIO CAP.2500ML HUDSON;;;;;;;;;;;;;;18;SIMPRO_VIG;2009-09-29;19;
SIMPRO;2026-04-12;material;0000052980;12;;PROTEC - SUSPENSA;RESERVATORIO P/AMBU OXIGENIO CAP.600ML HUDSON;;;;;;;;;;;;;;73.51;SIMPRO_VIG;2009-09-29;19;
SIMPRO;2026-04-12;material;0000261197;12;;COMEX;RESERVATORIO P/CARDIOPLEGIA;;;;;;;;;;;;;;860;SIMPRO_VIG;2015-09-15;19;
SIMPRO;2026-04-12;material;0000239707;12;;ZAMMI;RESERVATORIO P/CARDIOPLEGIA GRAVITACIONAL;;;;;;;;;;;;;;580;SIMPRO_VIG;2013-08-21;19;
SIMPRO;2026-04-12;material;0000261259;12;;COMEX;RESERVATORIO P/CARDIOTOMIA;;;;;;;;;;;;;;550;SIMPRO_VIG;2015-09-15;19;
SIMPRO;2026-04-12;material;0000168975;12;;EXPRESSA;RESERVATORIO P/CARDIOTOMIA EVO 4300ML 50522;;;;;;;;;;;;;;675;SIMPRO_VIG;2012-07-19;19;
SIMPRO;2026-04-12;material;0000174128;12;;SMITH & NEPHEW;RESERVATORIO P/DRENAGEM 300ML RENASYS GO CANISTER;;;;;;;;;;;;;;2350;SIMPRO_VIG;2022-06-24;19;
SIMPRO;2026-04-12;material;0000174129;12;;SMITH & NEPHEW;RESERVATORIO P/DRENAGEM 750ML RENASYS GO CANISTER;;;;;;;;;;;;;;3789.25;SIMPRO_VIG;2021-12-07;19;
SIMPRO;2026-04-12;material;0000174127;12;;SMITH & NEPHEW;RESERVATORIO P/DRENAGEM RENASYS EZ PLUS CANISTER 250ML;;;;;;;;;;;;;;2127.5;SIMPRO_VIG;2021-12-07;19;
SIMPRO;2026-04-12;material;0000174126;12;;SMITH & NEPHEW;RESERVATORIO P/DRENAGEM RENASYS EZ PLUS CANISTER 800ML;;;;;;;;;;;;;;3789.25;SIMPRO_VIG;2021-12-07;19;
SIMPRO;2026-04-12;material;0000170119;12;;HP BIOPROTESES;RESERVATORIO P/DRENAGEM VENTRICULAR;;;;;;;;;;;;;;3500;SIMPRO_VIG;2019-02-26;19;
SIMPRO;2026-04-12;material;0000249686;12;;MEDICONE;RESERVATORIO P/DRENO BLAKE M-VAC TIPO BULBO 100/200ML;;;;;;;;;;;;;;330;SIMPRO_VIG;2014-08-28;19;
SIMPRO;2026-04-12;material;0000249688;12;;MEDICONE;RESERVATORIO P/DRENO BLAKE M-VAC TIPO BULBO 300ML;;;;;;;;;;;;;;450;SIMPRO_VIG;2014-08-28;19;
SIMPRO;2026-04-12;material;0000249687;12;;MEDICONE;RESERVATORIO P/DRENO BLAKE M-VAC TIPO BULBO 400ML;;;;;;;;;;;;;;350;SIMPRO_VIG;2014-08-28;19;
SIMPRO;2026-04-12;material;0000249689;12;;MEDICONE;RESERVATORIO P/DRENO BLAKE M-VAC TIPO BULBO 450ML;;;;;;;;;;;;;;490;SIMPRO_VIG;2014-08-28;19;
SIMPRO;2026-04-12;material;0000045084;12;;J&J CODMAN;RESERVATORIO P/HIDROCEFALIA ACCU FLO TIPO OMAYA 14MM PED;;;;;;;;;;;;;;8100;SIMPRO_VIG;2016-06-14;19;
SIMPRO;2026-04-12;material;0000045085;12;;J&J CODMAN;RESERVATORIO P/HIDROCEFALIA ACCU FLO TIPO OMAYA 24MM ADU;;;;;;;;;;;;;;8100;SIMPRO_VIG;2016-06-14;19;
SIMPRO;2026-04-12;material;0000271972;12;;J&J CODMAN;RESERVATORIO P/HIDROCEFALIA ACCU-FLO;;;;;;;;;;;;;;8100;SIMPRO_VIG;2016-06-14;19;
SIMPRO;2026-04-12;material;0000271971;12;;J&J CODMAN;RESERVATORIO P/HIDROCEFALIA ACCU-FLO 14MM;;;;;;;;;;;;;;8100;SIMPRO_VIG;2016-06-14;19;
SIMPRO;2026-04-12;material;0000278703;12;;SMITH & NEPHEW;RESERVATORIO P/KIT RENASYS RENASYS SOFT PORT EZ PLUS 250ML;;;;;;;;;;;;;;3740;SIMPRO_VIG;2023-05-05;19;
SIMPRO;2026-04-12;material;0000278700;12;;SMITH & NEPHEW;RESERVATORIO P/KIT RENASYS RENASYS SOFT PORT EZ PLUS 800ML;;;;;;;;;;;;;;6215;SIMPRO_VIG;2023-05-05;19;
SIMPRO;2026-04-12;material;0000278706;12;;SMITH & NEPHEW;RESERVATORIO P/KIT RENASYS SOFT PORT GO 300ML;;;;;;;;;;;;;;3051.93;SIMPRO_VIG;2024-05-08;19;
SIMPRO;2026-04-12;material;0000278707;12;;SMITH & NEPHEW;RESERVATORIO P/KIT RENASYS SOFT PORT GO 750ML;;;;;;;;;;;;;;5435.72;SIMPRO_VIG;2024-05-08;19;
SIMPRO;2026-04-12;material;0000123234;12;;SYNCROFILM;RESERVATORIO P/PROTESE PENIANA C/VALVULA ANTI-REFLUXO 100CC 9100KLC;;;;;;;;;;;;;;0;SIMPRO_VIG;2009-06-24;19;
SIMPRO;2026-04-12;material;0000123232;12;;SYNCROFILM;RESERVATORIO P/PROTESE PENIANA C/VALVULA ANTI-REFLUXO 60CC 9060KLC;;;;;;;;;;;;;;0;SIMPRO_VIG;2009-06-24;19;
SIMPRO;2026-04-12;material;0000123233;12;;SYNCROFILM;RESERVATORIO P/PROTESE PENIANA C/VALVULA ANTI-REFLUXO 75CC 9075KLC;;;;;;;;;;;;;;0;SIMPRO_VIG;2009-06-24;19;
SIMPRO;2026-04-12;material;0000239788;12;;COLOPLAST UROLOGY;RESERVATORIO P/PROTESE PENIANA INFLAVEL TITAN 125CC MOD.CLOVER;;;;;;;;;;;;;;21452.86;SIMPRO_VIG;2019-02-15;19;
SIMPRO;2026-04-12;material;0000239787;12;;COLOPLAST UROLOGY;RESERVATORIO P/PROTESE PENIANA INFLAVEL TITAN 75CC MOD.CLOVER;;;;;;;;;;;;;;21452.86;SIMPRO_VIG;2019-02-15;19;
SIMPRO;2026-04-12;material;0000262256;12;;PROTEC;RESERVATORIO P/REANIMADOR 1000/2500ML ADU./INF./NEO.;;;;;;;;;;;;;;57.63;SIMPRO_VIG;2015-10-21;19;
SIMPRO;2026-04-12;material;0000262257;12;;PROTEC;RESERVATORIO P/REANIMADOR SILICONE AUTOCLAV.134°;;;;;;;;;;;;;;227.22;SIMPRO_VIG;2015-10-21;19;
SIMPRO;2026-04-12;material;0000266538;12;;RIOQUIMICA;RESERVATORIO P/SABONETEIRA 1500ML;;;;;;;;;;;;;;30.6;SIMPRO_VIG;2018-04-13;19;
SIMPRO;2026-04-12;material;0000106472;12;;RIOQUIMICA;RESERVATORIO P/SABONETEIRA 800ML;;;;;;;;;;;;;;62.02;SIMPRO_VIG;2022-05-10;19;
SIMPRO;2026-04-12;material;0000273120;12;;OXY SYSTEM;RESERVATORIO P/UMIDIFICADOR AQUECIDO;;;;;;;;;;;;;;700;SIMPRO_VIG;2016-07-07;19;
SIMPRO;2026-04-12;material;0000096067;12;;B.BRAUN;RESERVATORIO P/VALVULA C/CATETER PERITONIAL AESCULAP-MIETKE;;;;;;;;;;;;;;3475.73;SIMPRO_VIG;2005-06-14;19;
SIMPRO;2026-04-12;material;0000096066;12;;B.BRAUN;RESERVATORIO P/VALVULA PED.9X12MM AESCULAP-MIETKE;;;;;;;;;;;;;;3475.73;SIMPRO_VIG;2005-06-14;19;
SIMPRO;2026-04-12;material;0000096065;12;;B.BRAUN;RESERVATORIO P/VALVULA PED.9X12MM C/CATETER VENTRICULAR AESCULAP-MIETKE;;;;;;;;;;;;;;5498.13;SIMPRO_VIG;2005-06-14;19;
SIMPRO;2026-04-12;material;0000284820;12;;CIRURGICA FERNANDES;RESERVATORIO PLAST.600ML P/REANIMACAO DAHLHAUSEN;;;;;;;;;;;;;;124.86;SIMPRO_VIG;2017-05-03;19;
SIMPRO;2026-04-12;material;0000121182;12;;JG MORIYA;RESERVATORIO PLASTICO C/TAMPA P/BIOFASE - 1LITRO ACME 600120P;;;;;;;;;;;;;;0;SIMPRO_VIG;2010-01-12;19;
SIMPRO;2026-04-12;material;0000331530;12;;3M BRASIL;RESERVATORIO PREVENA PLUS;;;;;;;;;;;;;;1219.69;SIMPRO_VIG;2023-05-18;19;
SIMPRO;2026-04-12;material;0000333323;12;;CIRURGICA FERNANDES;RESERVATORIO PVC P/REANIMADOR NEO.FOYOMED;;;;;;;;;;;;;;350;SIMPRO_VIG;2022-11-30;19;
SIMPRO;2026-04-12;material;0000332756;12;;HOSPILINE;RESERVATORIO RETANGULAR SILICONE 400ML C/DUPLA ENTRADA/VALV.ANTIRREFLUXO;;;;;;;;;;;;;;918.25;SIMPRO_VIG;2023-08-03;19;
SIMPRO;2026-04-12;material;0000347987;12;;VENOSAN;RESERVATORIO REUT.SUPRASORB CNP 1.000ML;;;;;;;;;;;;;;6000;SIMPRO_VIG;2025-07-04;19;
SIMPRO;2026-04-12;material;0000347986;12;;VENOSAN;RESERVATORIO REUT.SUPRASORB CNP 250ML;;;;;;;;;;;;;;5700;SIMPRO_VIG;2025-07-04;19;
SIMPRO;2026-04-12;material;0000158213;12;;BRAILE;RESERVATORIO SANGUE CARDIOTOMIA;;;;;;;;;;;;;;340;SIMPRO_VIG;2011-07-13;19;
SIMPRO;2026-04-12;material;0000158255;12;;BRAILE;RESERVATORIO SANGUE VENOSO;;;;;;;;;;;;;;340;SIMPRO_VIG;2011-07-13;19;
SIMPRO;2026-04-12;material;0000321587;12;;BHIO SUPPLY;RESERVATORIO SILICONE 100ML 10FR;;;;;;;;;;;;;;348;SIMPRO_VIG;2021-03-23;19;
SIMPRO;2026-04-12;material;0000321588;12;;BHIO SUPPLY;RESERVATORIO SILICONE 100ML 15FR;;;;;;;;;;;;;;348;SIMPRO_VIG;2021-03-23;19;
SIMPRO;2026-04-12;material;0000119012;12;;EPTCA;RESERVATORIO SILICONE 100ML BIOVAC BIOMETRIX;;;;;;;;;;;;;;260;SIMPRO_VIG;2014-05-30;19;
SIMPRO;2026-04-12;material;0000247724;12;;CKTRADE VICARE;RESERVATORIO SILICONE 100ML P/DRENO VICARE;;;;;;;;;;;;;;144.38;SIMPRO_VIG;2019-09-05;19;
SIMPRO;2026-04-12;material;0000321589;12;;BHIO SUPPLY;RESERVATORIO SILICONE 200ML 15FR;;;;;;;;;;;;;;348;SIMPRO_VIG;2021-03-23;19;
SIMPRO;2026-04-12;material;0000247725;12;;CKTRADE VICARE;RESERVATORIO SILICONE 200ML P/DRENO VICARE;;;;;;;;;;;;;;144.38;SIMPRO_VIG;2019-09-05;19;
SIMPRO;2026-04-12;material;0000245104;12;;CONCEITOS MEDICAL;RESERVATORIO SILICONE 2700ML P/REANIMADOR MANUAL ADU./PED.;;;;;;;;;;;;;;1067;SIMPRO_VIG;2020-09-08;19;
SIMPRO;2026-04-12;material;0000321590;12;;BHIO SUPPLY;RESERVATORIO SILICONE 400ML 15FR;;;;;;;;;;;;;;348;SIMPRO_VIG;2021-03-23;19;
SIMPRO;2026-04-12;material;0000247726;12;;CKTRADE VICARE;RESERVATORIO SILICONE 400ML P/DRENO VICARE;;;;;;;;;;;;;;144.38;SIMPRO_VIG;2019-09-05;19;
SIMPRO;2026-04-12;material;0000245105;12;;CONCEITOS MEDICAL;RESERVATORIO SILICONE 900ML P/REANIMADOR MANUAL NEO.;;;;;;;;;;;;;;1067;SIMPRO_VIG;2020-09-08;19;
SIMPRO;2026-04-12;material;0000270628;12;;MEDICAL BRASIL;RESERVATORIO SILICONE BIO FLOW TP.BULBO 100ML;;;;;;;;;;;;;;490.5;SIMPRO_VIG;2025-02-26;19;
SIMPRO;2026-04-12;material;0000248459;12;;MEDICAL BRASIL;RESERVATORIO SILICONE BIO-FLOW TP.BULBO 125ML;;;;;;;;;;;;;;490.5;SIMPRO_VIG;2025-02-26;19;
SIMPRO;2026-04-12;material;0000248460;12;;MEDICAL BRASIL;RESERVATORIO SILICONE BIO-FLOW TP.BULBO 200ML;;;;;;;;;;;;;;490.5;SIMPRO_VIG;2025-02-26;19;
SIMPRO;2026-04-12;material;0000248461;12;;MEDICAL BRASIL;RESERVATORIO SILICONE BIO-FLOW TP.BULBO 300ML;;;;;;;;;;;;;;490.5;SIMPRO_VIG;2025-02-26;19;
SIMPRO;2026-04-12;material;0000248462;12;;MEDICAL BRASIL;RESERVATORIO SILICONE BIO-FLOW TP.BULBO 400ML;;;;;;;;;;;;;;490.5;SIMPRO_VIG;2025-02-26;19;
SIMPRO;2026-04-12;material;0000148148;12;;SGS;RESERVATORIO SILICONE CWV AXIOM 150CC;;;;;;;;;;;;;;290;SIMPRO_VIG;2010-08-09;19;
SIMPRO;2026-04-12;material;0000327008;12;;EPTCA;RESERVATORIO SILICONE DRENAGEM FERIDAS B-VAK 100ML;;;;;;;;;;;;;;260;SIMPRO_VIG;2021-11-09;19;
SIMPRO;2026-04-12;material;0000327009;12;;EPTCA;RESERVATORIO SILICONE DRENAGEM FERIDAS B-VAK 400ML;;;;;;;;;;;;;;300;SIMPRO_VIG;2021-11-09;19;
SIMPRO;2026-04-12;material;0000120039;12;;NIPRO NMC;RESERVATORIO SOLUCAO CARDIOPLEGICA RSC;;;;;;;;;;;;;;673.49;SIMPRO_VIG;2022-10-20;19;
SIMPRO;2026-04-12;material;0000332753;12;;HOSPILINE;RESERVATORIO SUCCAO SILIC. TP.BULBO 100ML C/UNICA ENTRADA/VALV.ANTIRREFLUXO;;;;;;;;;;;;;;688.5;SIMPRO_VIG;2023-08-03;19;
SIMPRO;2026-04-12;material;0000332754;12;;HOSPILINE;RESERVATORIO SUCCAO SILIC. TP.BULBO 150ML C/UNICA ENTRADA/VALV.ANTIRREFLUXO;;;;;;;;;;;;;;705.3;SIMPRO_VIG;2023-08-03;19;
SIMPRO;2026-04-12;material;0000332755;12;;HOSPILINE;RESERVATORIO SUCCAO SILIC. TP.BULBO 200ML C/DUPLA ENTRADA/VALV.ANTIRREFLUXO;;;;;;;;;;;;;;758.7;SIMPRO_VIG;2023-08-03;19;
SIMPRO;2026-04-12;material;0000332757;12;;HOSPILINE;RESERVATORIO SUCCAO SILIC. TP.BULBO 400ML DUPLA ENTRADA/VALV.ANTIRREFLUXO;;;;;;;;;;;;;;918.25;SIMPRO_VIG;2023-08-03;19;
SIMPRO;2026-04-12;material;0000161295;12;;HOSPILINE;RESERVATORIO TP.BULBO JACKSON PRATT SILICONE 100ML 10UNID;;;;;;;;;;;;;;243.1;SIMPRO_VIG;2011-10-27;19;
SIMPRO;2026-04-12;material;0000161296;12;;HOSPILINE;RESERVATORIO TP.BULBO JACKSON PRATT SILICONE 400ML 10UNID SU130-1000;;;;;;;;;;;;;;418;SIMPRO_VIG;2011-10-27;19;
SIMPRO;2026-04-12;material;0000038638;12;;J&J ETHICON;RESERVATORIO TP.PERA 100CC;;;;;;;;;;;;;;401.27;SIMPRO_VIG;2017-03-28;19;
SIMPRO;2026-04-12;material;0000108929;12;;ACELITY;RESERVATORIO V.A.C.ATS 0500ML C/GEL;;;;;;;;;;;;;;1468.8;SIMPRO_VIG;2011-01-17;19;
SIMPRO;2026-04-12;material;0000108931;12;;ACELITY;RESERVATORIO V.A.C.ATS 1000ML C/GEL;;;;;;;;;;;;;;2993.76;SIMPRO_VIG;2011-01-17;19;
SIMPRO;2026-04-12;material;0000108924;12;;KCI BRASIL;RESERVATORIO V.A.C.FREEDOM 300ML C/GEL;;;;;;;;;;;;;;1458.8;SIMPRO_VIG;2013-09-17;19;
SIMPRO;2026-04-12;material;0000131438;12;;NIPRO NMC;RESERVATORIO VENOSO ADU.4LTS VITAL;;;;;;;;;;;;;;374;SIMPRO_VIG;2022-10-20;19;
SIMPRO;2026-04-12;material;0000151749;12;;ASHER-SILB;RESERVATORIO VENTRICULAR HORIZONTAL OMMAYA;;;;;;;;;;;;;;1200;SIMPRO_VIG;2011-01-27;19;
SIMPRO;2026-04-12;material;0000151750;12;;ASHER-SILB;RESERVATORIO VENTRICULAR OMMAYA;;;;;;;;;;;;;;1200;SIMPRO_VIG;2011-01-27;19;
SIMPRO;2026-04-12;material;0000266354;12;;BACE;RESERVATORIO VENTURI AVANTI 1200ML C/GEL/FILTRO CARVAO;;;;;;;;;;;;;;3223;SIMPRO_VIG;2016-09-13;19;
SIMPRO;2026-04-12;material;0000255452;12;;BACE;RESERVATORIO VENTURI AVANTI 600ML C/GEL/FILTRO CARVAO;;;;;;;;;;;;;;1740.54;SIMPRO_VIG;2016-09-13;19;
SIMPRO;2026-04-12;material;0000255451;12;;BACE;RESERVATORIO VENTURI COMPACT 300ML C/GEL/FILTRO CARVAO;;;;;;;;;;;;;;1087.9;SIMPRO_VIG;2016-09-13;19;
SIMPRO;2026-04-12;material;0000338029;12;;SS MEDICAL;RESERVATORIO VENTURI MINO 150ML;;;;;;;;;;;;;;2763.2;SIMPRO_VIG;2023-02-01;19;
SIMPRO;2026-04-12;material;0000121183;12;;JG MORIYA;RESERVATORIO VIDRO AUTOCLAVAVEL P/BIODUBLE 2LITRO ACME 600121P;;;;;;;;;;;;;;0;SIMPRO_VIG;2010-01-12;19;
SIMPRO;2026-04-12;material;0000121184;12;;JG MORIYA;RESERVATORIO VIDRO AUTOCLAVAVEL P/BIOPUMP 3LITRO ACME 600122P;;;;;;;;;;;;;;0;SIMPRO_VIG;2010-01-12;19;
SIMPRO;2026-04-12;material;0000266667;12;;PAUL HARTMANN;RESERVATORIO VIVANOTEC CANISTER 300ML;;;;;;;;;;;;;;2045;SIMPRO_VIG;2021-03-03;19;
SIMPRO;2026-04-12;material;0000266668;12;;PAUL HARTMANN;RESERVATORIO VIVANOTEC CANISTER 800ML;;;;;;;;;;;;;;3641.1;SIMPRO_VIG;2021-03-03;19;
SIMPRO;2026-04-12;material;0000356152;12;;PAUL HARTMANN;RESERVATORIO VIVANOTEC PRO 300ML;;;;;;;;;;;;;;6840;SIMPRO_VIG;2025-10-21;19;
SIMPRO;2026-04-12;material;0000356153;12;;PAUL HARTMANN;RESERVATORIO VIVANOTEC PRO 800ML;;;;;;;;;;;;;;11087.06;SIMPRO_VIG;2025-10-21;19;
SIMPRO;2026-04-12;material;0000347188;12;;PAUL HARTMANN;RESERVATORIO VIVANOTEC PRO CANISTER 300ML;;;;;;;;;;;;;;6840;SIMPRO_VIG;2025-10-21;19;
SIMPRO;2026-04-12;material;0000347189;12;;PAUL HARTMANN;RESERVATORIO VIVANOTEC PRO CANISTER 800ML;;;;;;;;;;;;;;11087.06;SIMPRO_VIG;2025-10-21;19;
SIMPRO;2026-04-12;material;0000320031;12;;VIDE BULA;RESERVATORIO VT ONE CARILEX 150ML;;;;;;;;;;;;;;1718.71;SIMPRO_VIG;2020-12-22;19;
SIMPRO;2026-04-12;material;0000175913;12;;RICHARDS;RESGUARDO BROCA VISAO/IPC STIM BUR P/ELETROESTIMULACAO NIM;;;;;;;;;;;;;;4900;SIMPRO_VIG;2017-05-17;19;
SIMPRO;2026-04-12;material;0000175912;12;;RICHARDS;RESGUARDO BROCA VISAO/IPC STIM BUR P/ELETROESTIMULACAO NIM C/IRRIG. INDEP.;;;;;;;;;;;;;;4900;SIMPRO_VIG;2017-05-17;19;
SIMPRO;2026-04-12;material;0003943065;12;;J&J CODMAN;RESINA P/CRANIOPLASTIA CRANIOPLASTIC;;;;;;;;;;;;;;5859;SIMPRO_VIG;2016-06-14;19;
SIMPRO;2026-04-12;material;0000079067;12;;JG MORIYA;RESPICARE CV C/CONTROLE REMOTO;;;;;;;;;;;;;;0;SIMPRO_VIG;2010-01-12;19;
SIMPRO;2026-04-12;material;0000079066;12;;JG MORIYA;RESPICARE CV S/CONTROLE REMOTO 5730431.00;;;;;;;;;;;;;;0;SIMPRO_VIG;2010-01-12;19;
SIMPRO;2026-04-12;material;0000079063;12;;JG MORIYA;RESPICARE SP C/CONTROLE REMOTO;;;;;;;;;;;;;;0;SIMPRO_VIG;2010-01-12;19;
SIMPRO;2026-04-12;material;0000079062;12;;JG MORIYA;RESPICARE SP S/CONTROLE REMOTO 5730452.00;;;;;;;;;;;;;;0;SIMPRO_VIG;2010-01-12;19;
SIMPRO;2026-04-12;material;0000079065;12;;JG MORIYA;RESPICARE ST C/CONTROLE REMOTO;;;;;;;;;;;;;;0;SIMPRO_VIG;2010-01-12;19;
SIMPRO;2026-04-12;material;0000079064;12;;JG MORIYA;RESPICARE ST S/CONTROLE REMOTO 5730455-03;;;;;;;;;;;;;;0;SIMPRO_VIG;2010-01-12;19;
SIMPRO;2026-04-12;material;0000114335;12;;JG MORIYA;RESPICARE VV 5730437-02;;;;;;;;;;;;;;0;SIMPRO_VIG;2010-01-12;19;
SIMPRO;2026-04-12;material;0000110293;12;;JG MORIYA;RESPICARE W 730437-02;;;;;;;;;;;;;;0;SIMPRO_VIG;2010-01-12;19;
SIMPRO;2026-04-12;material;0000028901;12;;3M BRASIL;RESPIRADOR AE POEIRA;;;;;;;;;;;;;;153.82;SIMPRO_VIG;2022-04-19;19;
SIMPRO;2026-04-12;material;0000330879;12;;ENDOBRAX;RESPIRADOR BIPAP ARGUS SERIE;;;;;;;;;;;;;;12000;SIMPRO_VIG;2022-04-26;19;
SIMPRO;2026-04-12;material;0000330880;12;;ENDOBRAX;RESPIRADOR BIPAP ARGUS SERIE;;;;;;;;;;;;;;13000;SIMPRO_VIG;2022-04-26;19;
SIMPRO;2026-04-12;material;0000330881;12;;ENDOBRAX;RESPIRADOR BIPAP ARGUS SERIE;;;;;;;;;;;;;;13000;SIMPRO_VIG;2022-04-26;19;
SIMPRO;2026-04-12;material;0000330882;12;;ENDOBRAX;RESPIRADOR BIPAP ARGUS SERIE;;;;;;;;;;;;;;14000;SIMPRO_VIG;2022-04-26;19;
SIMPRO;2026-04-12;material;0000101841;12;;DESCARPACK;RESPIRADOR C/FILTRO P1 C/VALVULA 15UNID 0171201;;;;;;;;;;;;;;2.275;SIMPRO_VIG;2006-02-01;19;
SIMPRO;2026-04-12;material;0001011840;12;;DESCARPACK;RESPIRADOR C/FILTRO P1 C/VALVULA 15UNID 0171201;;;;;;;;;;;;;;2.275;SIMPRO_VIG;2007-09-13;19;
SIMPRO;2026-04-12;material;0000101840;12;;DESCARPACK;RESPIRADOR C/FILTRO P1 S/VALVULA 30UNID 0171401;;;;;;;;;;;;;;1.885;SIMPRO_VIG;2006-02-01;19;
SIMPRO;2026-04-12;material;0000101843;12;;DESCARPACK;RESPIRADOR C/FILTRO P2 C/VALVULA 15UNID 0172201;;;;;;;;;;;;;;2.925;SIMPRO_VIG;2006-02-01;19;
SIMPRO;2026-04-12;material;0000101842;12;;DESCARPACK;RESPIRADOR C/FILTRO P2 S/VALVULA 30UNID 0172601;;;;;;;;;;;;;;2.535;SIMPRO_VIG;2006-02-01;19;
SIMPRO;2026-04-12;material;0000091027;12;;3M BRASIL;RESPIRADOR C/VALVULA PFF1 TP.CONCHA P/POEIRA/NEVOA/VAPOR ORGANICO ATE LIM.TOLER.;;;;;;;;;;;;;;21.4;SIMPRO_VIG;2022-04-19;19;
SIMPRO;2026-04-12;material;0000109074;12;;3M BRASIL;RESPIRADOR C/VALVULA PFF2 TP.CONCHA P/POEIRA/NEVOA/FUMO;;;;;;;;;;;;;;12.67;SIMPRO_VIG;2022-04-19;19;
SIMPRO;2026-04-12;material;0000103436;12;;3M BRASIL;RESPIRADOR C/VALVULA PFF2 TP.CONCHA P/POEIRA/NEVOA/FUMO/VAPOR ORGANICO ATE LIM.TOLER.;;;;;;;;;;;;;;25.35;SIMPRO_VIG;2022-04-19;19;
SIMPRO;2026-04-12;material;0000123716;12;;LUMIAR;RESPIRADOR CARINA HOME 5703700;;;;;;;;;;;;;;0;SIMPRO_VIG;2009-07-23;19;
SIMPRO;2026-04-12;material;0000330885;12;;ENDOBRAX;RESPIRADOR CPAP ARGUS SERIE LA;;;;;;;;;;;;;;13000;SIMPRO_VIG;2022-04-26;19;
SIMPRO;2026-04-12;material;0000330886;12;;ENDOBRAX;RESPIRADOR CPAP ARGUS SERIE LA;;;;;;;;;;;;;;13000;SIMPRO_VIG;2022-04-26;19;
SIMPRO;2026-04-12;material;0000127963;12;;3M BRASIL;RESPIRADOR DOBRAVEL HOSPITALAR P2;;;;;;;;;;;;;;5.77;SIMPRO_VIG;2022-04-19;19;
SIMPRO;2026-04-12;material;0000109071;12;;3M BRASIL;RESPIRADOR DOBRAVEL PFF2 AZUL II;;;;;;;;;;;;;;3.92;SIMPRO_VIG;2018-08-02;19;
SIMPRO;2026-04-12;material;0000091029;12;;3M BRASIL;RESPIRADOR FACIAL INTEIRA MED.FC;;;;;;;;;;;;;;1029.83;SIMPRO_VIG;2022-04-19;19;
SIMPRO;2026-04-12;material;0000091028;12;;3M BRASIL;RESPIRADOR FACIAL INTEIRA PEQ.FC;;;;;;;;;;;;;;1029.83;SIMPRO_VIG;2022-04-19;19;
SIMPRO;2026-04-12;material;0000101844;12;;DESCARPACK;RESPIRADOR FBC1 PFF2 VO C/VALVULA 15UNID 0172401;;;;;;;;;;;;;;5.46;SIMPRO_VIG;2006-02-01;19;
SIMPRO;2026-04-12;material;0000322722;12;;CNPH;RESPIRADOR MASCARA CIRURGICA NR.95 FLUIDSHIELD 3TAM.NORMAL;;;;;;;;;;;;;;29.6;SIMPRO_VIG;2021-05-04;19;
SIMPRO;2026-04-12;material;0000322723;12;;CNPH;RESPIRADOR MASCARA CIRURGICA NR.95 FLUIDSHIELD 3TAM.PEQ.;;;;;;;;;;;;;;31.16;SIMPRO_VIG;2021-05-04;19;
SIMPRO;2026-04-12;material;0000037188;12;;3M BRASIL;RESPIRADOR N95 TAM.PEQ.P/TB;;;;;;;;;;;;;;13.19;SIMPRO_VIG;2022-04-19;19;
SIMPRO;2026-04-12;material;0000037189;12;;3M BRASIL;RESPIRADOR N95 TAM.REG.P/TB;;;;;;;;;;;;;;10.89;SIMPRO_VIG;2022-04-19;19;
SIMPRO;2026-04-12;material;0000147873;12;;3M BRASIL;RESPIRADOR NOVO DESIGN VALVULADO;;;;;;;;;;;;;;10.71;SIMPRO_VIG;2022-04-19;19;
SIMPRO;2026-04-12;material;0000147874;12;;3M BRASIL;RESPIRADOR NOVO DESIGN VERDE;;;;;;;;;;;;;;10.71;SIMPRO_VIG;2022-04-19;19;
SIMPRO;2026-04-12;material;0000027373;12;;3M BRASIL;RESPIRADOR P/POEIRA TOX.QUIMIOTERAPICO;;;;;;;;;;;;;;16.48;SIMPRO_VIG;2022-04-19;19;
SIMPRO;2026-04-12;material;0000324111;12;;HEALTH QUALITY;RESPIRADOR PFF-2 (S) S/VALVULA 299197;;;;;;;;;;;;;;15.75;SIMPRO_VIG;2021-05-27;19;
SIMPRO;2026-04-12;material;0000324990;12;;3M BRASIL;RESPIRADOR PFF-2 MODELO;;;;;;;;;;;;;;4.82;SIMPRO_VIG;2022-04-19;19;
SIMPRO;2026-04-12;material;0000324992;12;;3M BRASIL;RESPIRADOR PFF-2 MODELO;;;;;;;;;;;;;;2.24;SIMPRO_VIG;2022-04-19;19;
SIMPRO;2026-04-12;material;0007520217;12;;3M BRASIL;RESPIRADOR PFF-2 MODELO;;;;;;;;;;;;;;8.1;SIMPRO_VIG;2022-04-19;19;
SIMPRO;2026-04-12;material;0000324991;12;;3M BRASIL;RESPIRADOR PFF-2 MODELO AURA;;;;;;;;;;;;;;8.27;SIMPRO_VIG;2022-04-19;19;
SIMPRO;2026-04-12;material;0000109073;12;;3M BRASIL;RESPIRADOR PFF1 VERDE;;;;;;;;;;;;;;7.04;SIMPRO_VIG;2022-04-19;19;
SIMPRO;2026-04-12;material;0000052983;12;;PROTEC - SUSPENSA;RESPIRADOR PORTATIL RT P/TRANSPORTE;;;;;;;;;;;;;;5666.57;SIMPRO_VIG;2009-09-29;19;
SIMPRO;2026-04-12;material;0000053992;12;;CIRURGICA BRASIL;RESPIRADOR REANIMACAO BOCA-A-BOCA;;;;;;;;;;;;;;25;SIMPRO_VIG;2015-02-24;19;
SIMPRO;2026-04-12;material;0000097519;12;;KIMBERLY-CLARK;RESPIRADOR RESISTENTE FLUIDO PFR95-N95 REG.210UNID;;;;;;;;;;;;;;0;SIMPRO_VIG;2009-06-15;19;
SIMPRO;2026-04-12;material;0000129890;12;;KIMBERLY-CLARK;RESPIRADOR RESISTENTE FLUIDO PFR95-N95 REG.46727;;;;;;;;;;;;;;13.28;SIMPRO_VIG;2011-05-05;19;
SIMPRO;2026-04-12;material;0000081895;12;;3M BRASIL;RESPIRADOR SEMIFACIAL MED.;;;;;;;;;;;;;;137.31;SIMPRO_VIG;2022-04-19;19;
SIMPRO;2026-04-12;material;0000091024;12;;3M BRASIL;RESPIRADOR SEMIFACIAL PEQ.;;;;;;;;;;;;;;137.31;SIMPRO_VIG;2022-04-19;19;
SIMPRO;2026-04-12;material;0000138310;12;;GLAXOSMITH;RESPIRE MELHOR GRD.NORMAL 10TIRAS;;;;;;;;;;;;;;1.651;SIMPRO_VIG;2015-09-01;19;
SIMPRO;2026-04-12;material;0000148445;12;;GLAXOSMITH;RESPIRE MELHOR MENTOL NORMAL 10TIRAS;;;;;;;;;;;;;;1.651;SIMPRO_VIG;2015-09-01;19;
SIMPRO;2026-04-12;material;0000156661;12;;GLAXOSMITH;RESPIRE MELHOR MENTOL PELE NORMAL 30 TIRAS;;;;;;;;;;;;;;1.043;SIMPRO_VIG;2015-09-01;19;
SIMPRO;2026-04-12;material;0000121371;12;;GLAXOSMITH;RESPIRE MELHOR NORMAL 10TIRAS;;;;;;;;;;;;;;1.651;SIMPRO_VIG;2015-09-01;19;
SIMPRO;2026-04-12;material;0000121372;12;;GLAXOSMITH;RESPIRE MELHOR SECA/SENSIVEL 10TIRAS;;;;;;;;;;;;;;1.651;SIMPRO_VIG;2015-09-01;19;
SIMPRO;2026-04-12;material;0000299522;12;;NCS DO BRASIL;RESPIRON VOLUMETRICO RESPIVOL 2,5LTS INF.;;;;;;;;;;;;;;140.38;SIMPRO_VIG;2025-03-27;19;
SIMPRO;2026-04-12;material;0000299521;12;;NCS DO BRASIL;RESPIRON VOLUMETRICO RESPIVOL 5LTS ADU.;;;;;;;;;;;;;;140.38;SIMPRO_VIG;2025-03-27;19;
SIMPRO;2026-04-12;material;0000297940;12;;HUMMER DO BRASIL;RESSECTOSCOPIO;;;;;;;;;;;;;;40000;SIMPRO_VIG;2018-05-02;19;
SIMPRO;2026-04-12;material;0000141950;12;;BOSTON CRM;RESSINCRONIZADOR VENT.C/MARCAPASSO DDDR CONTAK RENEWAL TR2 P/TRATAMENTO INSUF.CARDIACA;;;;;;;;;;;;;;41106;SIMPRO_VIG;2009-11-10;19;
SIMPRO;2026-04-12;material;0000177762;12;;BOSTON CRM;RESSINCRONIZADOR VENT.C/MARCAPASSO INVIVE P/TRATAMENTO INSUF.CARDIACA;;;;;;;;;;;;;;49000;SIMPRO_VIG;2013-06-26;19;
SIMPRO;2026-04-12;material;0000095070;12;;MEDTRONIC;RESSINCRONIZADOR VENTR.C/MARCAPASSO DDDR P/TRAT.INSUF.CARD.AS.CARDIODESF.IMP.7279 INSYNC III MARQUIS;;;;;;;;;;;;;;74050;SIMPRO_VIG;2005-05-23;19;
SIMPRO;2026-04-12;material;0000071454;12;;MEDTRONIC;RESSINCRONIZADOR VENTRIC.C/MARCAPASSO DDDR P/TRATAMENTO INSUF.CARDIACA INSYNC III 8042;;;;;;;;;;;;;;34820;SIMPRO_VIG;2009-01-09;19;
SIMPRO;2026-04-12;material;0000354198;12;;ALFA MED;RESSONANCIA MAGNETICA 1.5T C/TECNOLOGIA HELIUM FREE;;;;;;;;;;;;;;18000000;SIMPRO_VIG;2025-12-04;19;
SIMPRO;2026-04-12;material;0000354196;12;;ALFA MED;RESSONANCIA MAGNETICA 1.5T C/TUNEL 600MM;;;;;;;;;;;;;;12000000;SIMPRO_VIG;2025-12-04;19;
SIMPRO;2026-04-12;material;0000354197;12;;ALFA MED;RESSONANCIA MAGNETICA 1.5T C/TUNEL 700MM;;;;;;;;;;;;;;16000000;SIMPRO_VIG;2025-12-04;19;
SIMPRO;2026-04-12;material;0000281845;12;;LUMIAR BUILDERS;RESSUCITADOR LUMIAR C/ALCA ADU.NR.5;;;;;;;;;;;;;;300;SIMPRO_VIG;2017-01-24;19;
SIMPRO;2026-04-12;material;0000281846;12;;LUMIAR BUILDERS;RESSUCITADOR LUMIAR C/ALCA INF.NR.3;;;;;;;;;;;;;;300;SIMPRO_VIG;2017-01-24;19;
SIMPRO;2026-04-12;material;0000285629;12;;GADALI;RESSUCITADOR MANUAL CARDIO PULMONAR 280/550/1500MLX0,3/5,0CM;;;;;;;;;;;;;;1500;SIMPRO_VIG;2017-05-23;19;
SIMPRO;2026-04-12;material;0000298538;12;;LUMIAR BUILDERS;RESSUSCITADOR ADU.REUT.;;;;;;;;;;;;;;500;SIMPRO_VIG;2018-05-08;19;
SIMPRO;2026-04-12;material;0000148069;12;;CIRURGICA FERNANDES;RESSUSCITADOR AMBU MARK IV PED.;;;;;;;;;;;;;;3000;SIMPRO_VIG;2025-08-14;19;
SIMPRO;2026-04-12;material;0000349368;12;;INTERSURGICAL;RESSUSCITADOR BMV ADU.BOLSA 1,5LT C/VALV.ALIVIO PRESSAO(60CM H20) MASCARA TAM.5;;;;;;;;;;;;;;2750;SIMPRO_VIG;2023-12-27;19;
SIMPRO;2026-04-12;material;0000271821;12;;INTERSURGICAL;RESSUSCITADOR BMV ADU.BOLSA 1,5LT MASCARA TAM.5;;;;;;;;;;;;;;2750;SIMPRO_VIG;2023-08-08;19;
SIMPRO;2026-04-12;material;0000271822;12;;INTERSURGICAL;RESSUSCITADOR BMV ADU.PEQ./PED.BOLSA 1LT C/VALV.ALIVIO PRESSAO(40CM H20) MASCARA TAM.4;;;;;;;;;;;;;;2750;SIMPRO_VIG;2023-08-08;19;
SIMPRO;2026-04-12;material;0000349370;12;;INTERSURGICAL;RESSUSCITADOR BMV INF.BOLSA 280ML 2REMOVIVEL C/VALV.ALIVIO PRESSAO (40CM H20) MASCARA TAM.1;;;;;;;;;;;;;;2750;SIMPRO_VIG;2023-12-27;19;
SIMPRO;2026-04-12;material;0000140871;12;;INTERSURGICAL;RESSUSCITADOR BMV INF.BOLSA 280ML C/VALV.ALIVIO PRESSAO(40CM H2O) MASCARA TAM.1;;;;;;;;;;;;;;2750;SIMPRO_VIG;2023-08-08;19;
SIMPRO;2026-04-12;material;0000349369;12;;INTERSURGICAL;RESSUSCITADOR BMV PED.BOLSA 550ML 2REMOVIVEL C/VALV.ALIVIO PRESSAO (40CM H20) MASCARA TAM.1;;;;;;;;;;;;;;2750;SIMPRO_VIG;2023-12-27;19;
SIMPRO;2026-04-12;material;0000271823;12;;INTERSURGICAL;RESSUSCITADOR BMV PED.BOLSA 550ML C/VALV.ALIVIO PRESSAO(40CM H20) MASCARA TAM.1;;;;;;;;;;;;;;2750;SIMPRO_VIG;2023-08-08;19;
SIMPRO;2026-04-12;material;0000140872;12;;INTERSURGICAL;RESSUSCITADOR BMV PED.BOLSA 550ML C/VALV.ALIVIO PRESSAO(40CM H20) MASCARA TAM.3;;;;;;;;;;;;;;2750;SIMPRO_VIG;2023-08-08;19;
SIMPRO;2026-04-12;material;0000158291;12;;FISHER & PAYKEL;RESSUSCITADOR INF.NEOPUFF;;;;;;;;;;;;;;26581.93;SIMPRO_VIG;2015-11-10;19;
SIMPRO;2026-04-12;material;0000298539;12;;LUMIAR BUILDERS;RESSUSCITADOR INF.REUT.;;;;;;;;;;;;;;500;SIMPRO_VIG;2018-05-08;19;
SIMPRO;2026-04-12;material;0000344477;12;;CNPH;RESSUSCITADOR MANUAL ADULTO FLEXICARE;;;;;;;;;;;;;;927;SIMPRO_VIG;2023-07-25;19;
SIMPRO;2026-04-12;material;0000176873;12;;JG MORIYA;RESSUSCITADOR MANUAL BESMED 1600ML ADU.;;;;;;;;;;;;;;1035.15;SIMPRO_VIG;2014-10-28;19;
SIMPRO;2026-04-12;material;0000176875;12;;JG MORIYA;RESSUSCITADOR MANUAL BESMED 280ML NEO.;;;;;;;;;;;;;;1035.15;SIMPRO_VIG;2014-10-28;19;
SIMPRO;2026-04-12;material;0000176874;12;;JG MORIYA;RESSUSCITADOR MANUAL BESMED 500ML INF.;;;;;;;;;;;;;;1035.15;SIMPRO_VIG;2014-10-28;19;
SIMPRO;2026-04-12;material;0000344478;12;;CNPH;RESSUSCITADOR MANUAL C/PEEP ADULTO FLEXICARE;;;;;;;;;;;;;;2950;SIMPRO_VIG;2024-04-17;19;
SIMPRO;2026-04-12;material;0000344480;12;;CNPH;RESSUSCITADOR MANUAL C/PEEP NEONATAL FLEXICARE;;;;;;;;;;;;;;2950;SIMPRO_VIG;2024-04-17;19;
SIMPRO;2026-04-12;material;0000344479;12;;CNPH;RESSUSCITADOR MANUAL C/PEEP PEDIATRICO FLEXICARE;;;;;;;;;;;;;;2950;SIMPRO_VIG;2024-04-17;19;
SIMPRO;2026-04-12;material;0000156388;12;;PYRAMID;RESSUSCITADOR MANUAL C/RESERV.02FECH.C/MASCARA/VALVULA ADU.DESC.AMBU SPUR II AMB.DM.RSD.0007;;;;;;;;;;;;;;4436.74;SIMPRO_VIG;2011-05-23;19;
SIMPRO;2026-04-12;material;0000156390;12;;PYRAMID;RESSUSCITADOR MANUAL C/RESERV.02FECH.C/MASCARA/VALVULA NEO.DESC.AMBU SPUR II AMB.DM.RSD.0009;;;;;;;;;;;;;;4436.74;SIMPRO_VIG;2011-05-23;19;
SIMPRO;2026-04-12;material;0000156389;12;;PYRAMID;RESSUSCITADOR MANUAL C/RESERV.02FECH.C/MASCARA/VALVULA PED.DESC.AMBU SPUR II AMB.DM.RSD.0008;;;;;;;;;;;;;;4436.74;SIMPRO_VIG;2011-05-23;19;
SIMPRO;2026-04-12;material;0000318763;12;;CNPH;RESSUSCITADOR MANUAL DESC.ADU./PED./INF.HOSPITAK;;;;;;;;;;;;;;1048.97;SIMPRO_VIG;2023-06-06;19;
SIMPRO;2026-04-12;material;0000131738;12;;CNPH;RESSUSCITADOR MANUAL DESC.LIFESAVER ADU/PED/NEO.;;;;;;;;;;;;;;1030;SIMPRO_VIG;2022-05-24;19;
SIMPRO;2026-04-12;material;0000344476;12;;CNPH;RESSUSCITADOR MANUAL NEONATAL FLEXICARE;;;;;;;;;;;;;;927;SIMPRO_VIG;2023-07-25;19;
SIMPRO;2026-04-12;material;0000344475;12;;CNPH;RESSUSCITADOR MANUAL PEDIATRICO FLEXICARE;;;;;;;;;;;;;;927;SIMPRO_VIG;2023-07-25;19;
SIMPRO;2026-04-12;material;0000289591;12;;NEWMED;RESSUSCITADOR MANUAL RESERVATORIO PVC ADU.;;;;;;;;;;;;;;2330;SIMPRO_VIG;2020-05-12;19;
SIMPRO;2026-04-12;material;0000289593;12;;NEWMED;RESSUSCITADOR MANUAL RESERVATORIO PVC INF.;;;;;;;;;;;;;;2330;SIMPRO_VIG;2020-05-12;19;
SIMPRO;2026-04-12;material;0000289592;12;;NEWMED;RESSUSCITADOR MANUAL RESERVATORIO PVC JUVENIL;;;;;;;;;;;;;;2330;SIMPRO_VIG;2020-05-12;19;
SIMPRO;2026-04-12;material;0000318764;12;;CNPH;RESSUSCITADOR MANUAL REUT.ADU./PED./INF.HOSPITAK;;;;;;;;;;;;;;1437.5;SIMPRO_VIG;2023-06-06;19;
SIMPRO;2026-04-12;material;0000132272;12;;NEWMED;RESSUSCITADOR MANUAL SILICONE ADU.;;;;;;;;;;;;;;2800;SIMPRO_VIG;2020-05-12;19;
SIMPRO;2026-04-12;material;0000132274;12;;NEWMED;RESSUSCITADOR MANUAL SILICONE INF.;;;;;;;;;;;;;;2800;SIMPRO_VIG;2020-05-12;19;
SIMPRO;2026-04-12;material;0000132273;12;;NEWMED;RESSUSCITADOR MANUAL SILICONE JUVENIL;;;;;;;;;;;;;;2800;SIMPRO_VIG;2020-05-12;19;
SIMPRO;2026-04-12;material;0000369771;12;;INTERSURGICAL;RESSUSCITADOR MANUAL VT SELECT BVM C/MANOMETRO MASCARA ADU.;;;;;;;;;;;;;;980;SIMPRO_VIG;2026-02-06;19;
SIMPRO;2026-04-12;material;0000369768;12;;INTERSURGICAL;RESSUSCITADOR MANUAL VT SELECT BVM C/MANOMETRO VALVULA PEEP FILTRO MASCARA ADU.;;;;;;;;;;;;;;980;SIMPRO_VIG;2026-02-06;19;
SIMPRO;2026-04-12;material;0000369769;12;;INTERSURGICAL;RESSUSCITADOR MANUAL VT SELECT BVM C/MANOMETRO VALVULA PEEP MASCARA ADU.;;;;;;;;;;;;;;980;SIMPRO_VIG;2026-02-06;19;
SIMPRO;2026-04-12;material;0000369770;12;;INTERSURGICAL;RESSUSCITADOR MANUAL VT SELECT BVM C/VALVULA PEEP MASCARA ADU.;;;;;;;;;;;;;;980;SIMPRO_VIG;2026-02-06;19;
SIMPRO;2026-04-12;material;0000369772;12;;INTERSURGICAL;RESSUSCITADOR MANUAL VT SELECT BVM MASCARA ADU.VT SELECT;;;;;;;;;;;;;;980;SIMPRO_VIG;2026-02-06;19;
SIMPRO;2026-04-12;material;0000239835;12;;CEI;RESSUSCITADOR NEO-TEE INF.MANUAL T C/CONTROLADOR;;;;;;;;;;;;;;1322.63;SIMPRO_VIG;2025-01-15;19;
SIMPRO;2026-04-12;material;0000239836;12;;CEI;RESSUSCITADOR NEO-TEE INF.MANUAL T C/CONTROLADOR/MASCARA;;;;;;;;;;;;;;1464.32;SIMPRO_VIG;2025-01-15;19;
SIMPRO;2026-04-12;material;0000239838;12;;CEI;RESSUSCITADOR NEO-TEE INF.MANUAL T S/CONTROLADOR C/MASCARA;;;;;;;;;;;;;;897.48;SIMPRO_VIG;2025-01-15;19;
SIMPRO;2026-04-12;material;0000239837;12;;CEI;RESSUSCITADOR NEO-TEE INF.MANUAL T S/CONTROLADOR/MASCARA;;;;;;;;;;;;;;803.01;SIMPRO_VIG;2025-01-15;19;
SIMPRO;2026-04-12;material;0000298540;12;;LUMIAR BUILDERS;RESSUSCITADOR NEO.REUT.;;;;;;;;;;;;;;500;SIMPRO_VIG;2018-05-08;19;
SIMPRO;2026-04-12;material;0000176990;12;;CIRURGICA FERNANDES;RESSUSCITADOR RESPIRATORIO MANUAL SPUR II AMBU ADU.DESC.;;;;;;;;;;;;;;2750;SIMPRO_VIG;2021-11-17;19;
SIMPRO;2026-04-12;material;0000176998;12;;CIRURGICA FERNANDES;RESSUSCITADOR RESPIRATORIO MANUAL SPUR II AMBU INF.DESC.;;;;;;;;;;;;;;2750;SIMPRO_VIG;2021-11-17;19;
SIMPRO;2026-04-12;material;0000176993;12;;CIRURGICA FERNANDES;RESSUSCITADOR RESPIRATORIO MANUAL SPUR II NEO.DESC.;;;;;;;;;;;;;;2750;SIMPRO_VIG;2021-11-17;19;
SIMPRO;2026-04-12;material;0000148071;12;;MEDICAL LIFE;RESSUSCITADOR REUT.AMBU OVAL PLUS PEDIATRICO;;;;;;;;;;;;;;1562.5;SIMPRO_VIG;2015-10-16;19;
SIMPRO;2026-04-12;material;0000148070;12;;MEDICAL LIFE;RESSUSCITADOR REUTILIZAVEL AMBU OVAL PLUS ADULTO;;;;;;;;;;;;;;1625;SIMPRO_VIG;2015-10-16;19;
SIMPRO;2026-04-12;material;0000239839;12;;CEI;RESSUSCITADOR STAT CO2 INDICADOR COLIMETRICO EXALADO;;;;;;;;;;;;;;944.73;SIMPRO_VIG;2025-01-15;19;
SIMPRO;2026-04-12;material;0000170162;12;;NEWMED;RESTRITOR LIMB HOLDER P/PULSO/TORNOZELO ADU.;;;;;;;;;;;;;;68.05;SIMPRO_VIG;2017-05-03;19;
SIMPRO;2026-04-12;material;0000170160;12;;NEWMED;RESTRITOR LIMB HOLDER P/PULSO/TORNOZELO INF.;;;;;;;;;;;;;;81.5;SIMPRO_VIG;2020-05-12;19;
SIMPRO;2026-04-12;material;0000170161;12;;NEWMED;RESTRITOR LIMB HOLDER P/PULSO/TORNOZELO PED.;;;;;;;;;;;;;;81.5;SIMPRO_VIG;2020-05-12;19;
SIMPRO;2026-04-12;material;0000124039;12;;IMPACTO;RESTRITOR MEMBRO SUPERIOR/INFERIOR MOD.ADU.;;;;;;;;;;;;;;1011.47;SIMPRO_VIG;2022-09-09;19;
SIMPRO;2026-04-12;material;0000124040;12;;IMPACTO;RESTRITOR MEMBRO SUPERIOR/INFERIOR MOD.INF.;;;;;;;;;;;;;;1011.47;SIMPRO_VIG;2022-09-09;19;
SIMPRO;2026-04-12;material;0000124041;12;;IMPACTO;RESTRITOR MEMBRO SUPERIOR/INFERIOR MOD.NEO.;;;;;;;;;;;;;;1011.47;SIMPRO_VIG;2022-09-09;19;
SIMPRO;2026-04-12;material;0000352174;12;;IMPACTO;RESTRITOR MOVIMENTO BEDFIX C/ENGATE ADU.( PRETO);;;;;;;;;;;;;;500;SIMPRO_VIG;2024-05-07;19;
SIMPRO;2026-04-12;material;0000341512;12;;VINCULA;RESTRITOR P/CIMENTO 15MM;;;;;;;;;;;;;;92.5;SIMPRO_VIG;2023-05-24;19;
SIMPRO;2026-04-12;material;0000341513;12;;VINCULA;RESTRITOR P/CIMENTO 18MM;;;;;;;;;;;;;;92.5;SIMPRO_VIG;2023-05-24;19;
SIMPRO;2026-04-12;material;0000341514;12;;VINCULA;RESTRITOR P/CIMENTO 21MM;;;;;;;;;;;;;;92.5;SIMPRO_VIG;2023-05-24;19;
SIMPRO;2026-04-12;material;0000341515;12;;VINCULA;RESTRITOR P/CIMENTO 24MM;;;;;;;;;;;;;;92.5;SIMPRO_VIG;2023-05-24;19;
SIMPRO;2026-04-12;material;0000288036;12;;ORTOCIR;RESTRITOR P/CIMENTO REABSORVIVEL N.08;;;;;;;;;;;;;;973;SIMPRO_VIG;2017-06-29;19;
SIMPRO;2026-04-12;material;0000288037;12;;ORTOCIR;RESTRITOR P/CIMENTO REABSORVIVEL N.10;;;;;;;;;;;;;;973;SIMPRO_VIG;2017-06-29;19;
SIMPRO;2026-04-12;material;0000288038;12;;ORTOCIR;RESTRITOR P/CIMENTO REABSORVIVEL N.12;;;;;;;;;;;;;;973;SIMPRO_VIG;2017-06-29;19;
SIMPRO;2026-04-12;material;0000288040;12;;ORTOCIR;RESTRITOR P/CIMENTO REABSORVIVEL N.14;;;;;;;;;;;;;;973;SIMPRO_VIG;2017-06-29;19;
SIMPRO;2026-04-12;material;0000288042;12;;ORTOCIR;RESTRITOR P/CIMENTO REABSORVIVEL N.16;;;;;;;;;;;;;;973;SIMPRO_VIG;2017-06-29;19;
SIMPRO;2026-04-12;material;0000250140;12;;NEWMED;RESTRITOR P/MEMBROS LIMB FIX NEWMED ADU./INF./PED.;;;;;;;;;;;;;;162;SIMPRO_VIG;2017-08-30;19;
SIMPRO;2026-04-12;material;0000254534;12;;IMPACTO;RESTRITOR P/PACIENTE KIT PSQ.;;;;;;;;;;;;;;4554.59;SIMPRO_VIG;2022-09-09;19;
SIMPRO;2026-04-12;material;0000254533;12;;IMPACTO;RESTRITOR P/PACIENTE P/PELE ADU./INF.;;;;;;;;;;;;;;1184.08;SIMPRO_VIG;2022-09-09;19;
SIMPRO;2026-04-12;material;0000254532;12;;IMPACTO;RESTRITOR P/PACIENTE P/TORAX ADU./INF.;;;;;;;;;;;;;;1184.08;SIMPRO_VIG;2022-09-09;19;
SIMPRO;2026-04-12;material;0000254536;12;;IMPACTO;RESTRITOR P/PACIENTE PSQ.MEMBROS;;;;;;;;;;;;;;2834.14;SIMPRO_VIG;2022-09-09;19;
SIMPRO;2026-04-12;material;0000254538;12;;IMPACTO;RESTRITOR P/PACIENTE PSQ.TORAX;;;;;;;;;;;;;;1897.92;SIMPRO_VIG;2022-09-09;19;
SIMPRO;2026-04-12;material;0000148861;12;;IMPACTO;RESTRITOR P/TORAX/PELVE BEDPV;;;;;;;;;;;;;;126.5;SIMPRO_VIG;2014-05-06;19;
SIMPRO;2026-04-12;material;0000257943;12;;FRADEL-MED;RESTRITOR PACIENTE LEITO PULS/TORNOZ NP ADU.;;;;;;;;;;;;;;132;SIMPRO_VIG;2017-08-29;19;
SIMPRO;2026-04-12;material;0000257941;12;;FRADEL-MED;RESTRITOR PACIENTE LEITO PULS/TORNOZ NP INF.;;;;;;;;;;;;;;132;SIMPRO_VIG;2017-08-29;19;
SIMPRO;2026-04-12;material;0000257944;12;;FRADEL-MED;RESTRITOR PACIENTE LEITO PULS/TORNOZ TNT ADU.;;;;;;;;;;;;;;132;SIMPRO_VIG;2017-08-29;19;
SIMPRO;2026-04-12;material;0000257945;12;;FRADEL-MED;RESTRITOR PACIENTE LEITO PULS/TORNOZ TNT INF.;;;;;;;;;;;;;;132;SIMPRO_VIG;2017-08-29;19;
SIMPRO;2026-04-12;material;0000260383;12;;LIFE COMPANY;RESTRITOR PUNHO/TORNOZELO(PULSEIRA RESTRITORA)ADU.;;;;;;;;;;;;;;699.7;SIMPRO_VIG;2025-02-05;19;
SIMPRO;2026-04-12;material;0000260385;12;;LIFE COMPANY;RESTRITOR PUNHO/TORNOZELO(PULSEIRA RESTRITORA)ADU.(PAR);;;;;;;;;;;;;;1300.4;SIMPRO_VIG;2025-03-18;19;
SIMPRO;2026-04-12;material;0000260384;12;;LIFE COMPANY;RESTRITOR PUNHO/TORNOZELO(PULSEIRA RESTRITORA)INFANTIL;;;;;;;;;;;;;;699.7;SIMPRO_VIG;2025-02-05;19;
SIMPRO;2026-04-12;material;0000260386;12;;LIFE COMPANY;RESTRITOR PUNHO/TORNOZELO(PULSEIRA RESTRITORA)INFANTIL 1PAR;;;;;;;;;;;;;;1300.4;SIMPRO_VIG;2025-03-18;19;
SIMPRO;2026-04-12;material;0000110284;12;;JG MORIYA;RETENCAO SIMPLES (VALVULA/NIPLE) AR COMPRIMIDO 100011;;;;;;;;;;;;;;0;SIMPRO_VIG;2010-01-12;19;
SIMPRO;2026-04-12;material;0000110286;12;;JG MORIYA;RETENCAO SIMPLES (VALVULA/NIPLE) OXIDO NITROSO 100013;;;;;;;;;;;;;;0;SIMPRO_VIG;2010-01-12;19;
SIMPRO;2026-04-12;material;0000121237;12;;JG MORIYA;RETENCAO SIMPLES (VALVULA/NIPLE) OXIGENIO 100010P;;;;;;;;;;;;;;0;SIMPRO_VIG;2010-01-12;19;
SIMPRO;2026-04-12;material;0000110288;12;;JG MORIYA;RETENCAO SIMPLES (VALVULA/NIPLE) OXIGENIO 100013;;;;;;;;;;;;;;0;SIMPRO_VIG;2010-01-12;19;
SIMPRO;2026-04-12;material;0000110289;12;;JG MORIYA;RETENCAO SIMPLES (VALVULA/NIPLE) VACUO 100012;;;;;;;;;;;;;;0;SIMPRO_VIG;2010-01-12;19;
SIMPRO;2026-04-12;material;0000164469;12;;MINDRAY;RETENTOR AGUA DRYLINE 9200-10-10530 P/SERIES PM/IMEC/IPM BENEVIEW T ADU./PED.;;;;;;;;;;;;;;492.79;SIMPRO_VIG;2022-11-24;19;
SIMPRO;2026-04-12;material;0000087462;12;;PARTNER'S;RETENTOR CANULA 10/12MM CONMED 1802;;;;;;;;;;;;;;168.22;SIMPRO_VIG;2009-07-07;19;
SIMPRO;2026-04-12;material;0000091026;12;;3M BRASIL;RETENTOR FILTRO 5N11;;;;;;;;;;;;;;11.66;SIMPRO_VIG;2022-04-19;19;
SIMPRO;2026-04-12;material;0000135780;12;;BAYER;RETENTOR UMIDADE (WATER TRAP) P/MONITOR VERIS;;;;;;;;;;;;;;148.74;SIMPRO_VIG;2020-06-12;19;
SIMPRO;2026-04-12;material;0000079272;12;;JG MORIYA;RETO 15MM MX15F C/SAIDA LATERAL 920220;;;;;;;;;;;;;;0;SIMPRO_VIG;2010-01-12;19;
SIMPRO;2026-04-12;material;0000079273;12;;JG MORIYA;RETO 22 MX15F C/SAIDA LATERAL 920219;;;;;;;;;;;;;;0;SIMPRO_VIG;2010-01-12;19;
SIMPRO;2026-04-12;material;0000119135;12;;PROLIG;RETORCEDOR PLACA 2,4MM ENGIMPLAN;;;;;;;;;;;;;;361.53;SIMPRO_VIG;2009-07-13;19;
SIMPRO;2026-04-12;material;0002410021;12;;ERWIN GUTH;RETOSCOPIO PITANGA NR.01 19X155MM 070.001;;;;;;;;;;;;;;71.28;SIMPRO_VIG;2009-08-12;19;
SIMPRO;2026-04-12;material;0002410022;12;;ERWIN GUTH;RETOSCOPIO PITANGA NR.02 22X155MM 070.005;;;;;;;;;;;;;;73.66;SIMPRO_VIG;2009-08-12;19;
SIMPRO;2026-04-12;material;0002410023;12;;ERWIN GUTH;RETOSCOPIO PITANGA NR.03 25X155MM 070.010;;;;;;;;;;;;;;76.03;SIMPRO_VIG;2009-08-12;19;
SIMPRO;2026-04-12;material;0000285440;12;;KOLPLAST;RETOSIGMOIDOSCOPIO ADLINPROCTO;;;;;;;;;;;;;;66.1;SIMPRO_VIG;2017-05-19;19;
SIMPRO;2026-04-12;material;0004075004;12;;KOLPLAST;RETOSIGMOIDOSCOPIO DESC.;;;;;;;;;;;;;;43.27;SIMPRO_VIG;2022-03-24;19;
SIMPRO;2026-04-12;material;0000328057;12;;LANGSURGICAL;RETRATOR 105X60MM C/FONTE LUZ ONETRAC DESC.;;;;;;;;;;;;;;12000;SIMPRO_VIG;2021-11-23;19;
SIMPRO;2026-04-12;material;0000328058;12;;LANGSURGICAL;RETRATOR 135X20MM C/FONTE LUZ ONETRAC DESC.;;;;;;;;;;;;;;12000;SIMPRO_VIG;2021-11-23;19;
SIMPRO;2026-04-12;material;0000328059;12;;LANGSURGICAL;RETRATOR 135X30MM C/FONTE LUZ ONETRAC DESC.;;;;;;;;;;;;;;12000;SIMPRO_VIG;2021-11-23;19;
SIMPRO;2026-04-12;material;0000328056;12;;LANGSURGICAL;RETRATOR 175X30MM C/FONTE LUZ ONETRAC DESC.;;;;;;;;;;;;;;12000;SIMPRO_VIG;2021-11-23;19;
SIMPRO;2026-04-12;material;0000328055;12;;LANGSURGICAL;RETRATOR 40X20MM C/FONTE LUZ ONETRAC DESC.;;;;;;;;;;;;;;12000;SIMPRO_VIG;2021-11-23;19;
SIMPRO;2026-04-12;material;0000328054;12;;LANGSURGICAL;RETRATOR 55X8MM C/FONTE LUZ ONETRAC DESC.;;;;;;;;;;;;;;12000;SIMPRO_VIG;2021-11-23;19;
SIMPRO;2026-04-12;material;0000328060;12;;LANGSURGICAL;RETRATOR 90X22MM C/FONTE LUZ ONETRAC DESC.;;;;;;;;;;;;;;12000;SIMPRO_VIG;2021-11-23;19;
SIMPRO;2026-04-12;material;0000352239;12;;LANG E FILHOS;RETRATOR ACESSO 20-40MM LAGIS PATH;;;;;;;;;;;;;;3750;SIMPRO_VIG;2024-11-12;19;
SIMPRO;2026-04-12;material;0000352240;12;;LANG E FILHOS;RETRATOR ACESSO 20-40MM LAGIS PATH AND CAP;;;;;;;;;;;;;;3750;SIMPRO_VIG;2024-11-12;19;
SIMPRO;2026-04-12;material;0000352241;12;;LANG E FILHOS;RETRATOR ACESSO 30-60MM LAGIS PATH;;;;;;;;;;;;;;5125;SIMPRO_VIG;2024-11-12;19;
SIMPRO;2026-04-12;material;0000352242;12;;LANG E FILHOS;RETRATOR ACESSO 30-60MM LAGIS PATH AND CAP;;;;;;;;;;;;;;5125;SIMPRO_VIG;2024-11-12;19;
SIMPRO;2026-04-12;material;0000352243;12;;LANG E FILHOS;RETRATOR ACESSO 50-90MM LAGIS PATH;;;;;;;;;;;;;;2050;SIMPRO_VIG;2024-05-16;19;
SIMPRO;2026-04-12;material;0000357362;12;;LANG E FILHOS;RETRATOR ACESSO 50-90MM LAGIS PATH;;;;;;;;;;;;;;5125;SIMPRO_VIG;2024-11-12;19;
SIMPRO;2026-04-12;material;0000352244;12;;LANG E FILHOS;RETRATOR ACESSO 50-90MM LAGIS PATH AND CAP;;;;;;;;;;;;;;5125;SIMPRO_VIG;2024-11-12;19;
SIMPRO;2026-04-12;material;0000345452;12;;LANG E FILHOS;RETRATOR ACESSO VISURE;;;;;;;;;;;;;;19200;SIMPRO_VIG;2024-07-18;19;
SIMPRO;2026-04-12;material;0000148449;12;;CARDIOSYST;RETRATOR ATRAUMATICO TECIDO STAR;;;;;;;;;;;;;;3600;SIMPRO_VIG;2010-08-30;19;
SIMPRO;2026-04-12;material;0000245860;12;;CMS;RETRATOR C/GANCHO ACO INOXIDAVEL REETRAKT;;;;;;;;;;;;;;490;SIMPRO_VIG;2014-05-21;19;
SIMPRO;2026-04-12;material;0000245859;12;;CMS;RETRATOR C/GARRA POLIETILENO REETRAKT;;;;;;;;;;;;;;490;SIMPRO_VIG;2014-05-21;19;
SIMPRO;2026-04-12;material;0000349885;12;;CKTRADE;RETRATOR C/TAMPA P/INCISAO INFERIOR 35MM DESC.VICARE;;;;;;;;;;;;;;2095;SIMPRO_VIG;2026-04-02;19;
SIMPRO;2026-04-12;material;0000370665;12;;VISION LINE;RETRATOR CAPSULAR IRIS CARE 5UN;;;;;;;;;;;;;;210;SIMPRO_VIG;2026-03-17;19;
SIMPRO;2026-04-12;material;0000131184;12;;ASHER-SILB;RETRATOR CIRURGICO LINA SEA STAR 23X19;;;;;;;;;;;;;;714;SIMPRO_VIG;2008-10-30;19;
SIMPRO;2026-04-12;material;0000131183;12;;ASHER-SILB;RETRATOR CIRURGICO LINA SEA STAR 26X19;;;;;;;;;;;;;;714;SIMPRO_VIG;2008-10-30;19;
SIMPRO;2026-04-12;material;0000131182;12;;ASHER-SILB;RETRATOR CIRURGICO LINA SEA STAR 29X19;;;;;;;;;;;;;;714;SIMPRO_VIG;2008-10-30;19;
SIMPRO;2026-04-12;material;0000131181;12;;ASHER-SILB;RETRATOR CIRURGICO LINA SEA STAR 32X22;;;;;;;;;;;;;;714;SIMPRO_VIG;2008-10-30;19;
SIMPRO;2026-04-12;material;0000131180;12;;ASHER-SILB;RETRATOR CIRURGICO LINA SEA STAR 35X22;;;;;;;;;;;;;;714;SIMPRO_VIG;2008-10-30;19;
SIMPRO;2026-04-12;material;0000047321;12;;ALCON;RETRATOR FLEXIVEL IRIS 1269;;;;;;;;;;;;;;379.5;SIMPRO_VIG;2013-05-06;19;
SIMPRO;2026-04-12;material;0000250242;12;;ALCON;RETRATOR FLEXIVEL IRIS 5UNID;;;;;;;;;;;;;;130.51;SIMPRO_VIG;2018-02-06;19;
SIMPRO;2026-04-12;material;0000167220;12;;OFTVISION;RETRATOR IRIS 5UNID;;;;;;;;;;;;;;120;SIMPRO_VIG;2012-06-06;19;
SIMPRO;2026-04-12;material;0000251464;12;;BAUSCH CIR;RETRATOR IRIS AUTOCLAVAVEL 5UNID;;;;;;;;;;;;;;423.996;SIMPRO_VIG;2026-03-31;19;
SIMPRO;2026-04-12;material;0000294351;12;;MEDVISION;RETRATOR IRIS DESC.;;;;;;;;;;;;;;681;SIMPRO_VIG;2025-02-04;19;
SIMPRO;2026-04-12;material;0000283388;12;;LEEDSAY;RETRATOR IRIS IRIS-TRACT;;;;;;;;;;;;;;1069.2;SIMPRO_VIG;2018-09-06;19;
SIMPRO;2026-04-12;material;0000321141;12;;PANTHER;RETRATOR ORGAO LAPAROSCOPICO FLEXIVEL;;;;;;;;;;;;;;5300;SIMPRO_VIG;2021-03-16;19;
SIMPRO;2026-04-12;material;0000321142;12;;PANTHER;RETRATOR ORGAO LAPAROSCOPICO FLEXIVEL;;;;;;;;;;;;;;12200;SIMPRO_VIG;2021-03-16;19;
SIMPRO;2026-04-12;material;0000248862;12;;VISION LINE;RETRATOR P/CAPSULA;;;;;;;;;;;;;;3136;SIMPRO_VIG;2025-01-14;19;
SIMPRO;2026-04-12;material;0000248924;12;;CKTRADE;RETRATOR P/INCISAO 100-150MM DESC.VICARE;;;;;;;;;;;;;;710.5;SIMPRO_VIG;2019-09-05;19;
SIMPRO;2026-04-12;material;0000248925;12;;CKTRADE;RETRATOR P/INCISAO 120-170MM DESC.VICARE;;;;;;;;;;;;;;710.5;SIMPRO_VIG;2019-09-05;19;
SIMPRO;2026-04-12;material;0000321144;12;;PANTHER;RETRATOR P/INCISAO 12X13CM;;;;;;;;;;;;;;1950;SIMPRO_VIG;2021-03-16;19;
SIMPRO;2026-04-12;material;0000248926;12;;CKTRADE;RETRATOR P/INCISAO 170-220MM DESC.VICARE;;;;;;;;;;;;;;710.5;SIMPRO_VIG;2019-09-05;19;
SIMPRO;2026-04-12;material;0000248920;12;;CKTRADE;RETRATOR P/INCISAO 20-40MM DESC.VICARE;;;;;;;;;;;;;;2095;SIMPRO_VIG;2026-04-02;19;
SIMPRO;2026-04-12;material;0000248921;12;;CKTRADE;RETRATOR P/INCISAO 30-60MM DESC.VICARE;;;;;;;;;;;;;;2095;SIMPRO_VIG;2026-04-02;19;
SIMPRO;2026-04-12;material;0000360683;12;;CKTRADE;RETRATOR P/INCISAO 30-60MM DESC.VICARE;;;;;;;;;;;;;;2095;SIMPRO_VIG;2026-04-02;19;
SIMPRO;2026-04-12;material;0000248922;12;;CKTRADE;RETRATOR P/INCISAO 50-100MM DESC.VICARE;;;;;;;;;;;;;;2095;SIMPRO_VIG;2026-04-02;19;
SIMPRO;2026-04-12;material;0000321145;12;;PANTHER;RETRATOR P/INCISAO 6X7CM;;;;;;;;;;;;;;2000;SIMPRO_VIG;2021-03-16;19;
SIMPRO;2026-04-12;material;0000248923;12;;CKTRADE;RETRATOR P/INCISAO 80-130MM DESC.VICARE;;;;;;;;;;;;;;710.5;SIMPRO_VIG;2019-09-05;19;
SIMPRO;2026-04-12;material;0000321143;12;;PANTHER;RETRATOR P/INCISAO 8X7CM;;;;;;;;;;;;;;1900;SIMPRO_VIG;2021-03-16;19;
SIMPRO;2026-04-12;material;0000248927;12;;CKTRADE;RETRATOR P/INCISAO INFERIOR 15MM DESC.VICARE;;;;;;;;;;;;;;710.5;SIMPRO_VIG;2019-09-05;19;
SIMPRO;2026-04-12;material;0000248928;12;;CKTRADE;RETRATOR P/INCISAO INFERIOR 25MM DESC.VICARE;;;;;;;;;;;;;;710.5;SIMPRO_VIG;2019-09-05;19;
SIMPRO;2026-04-12;material;0000248929;12;;CKTRADE;RETRATOR P/INCISAO INFERIOR 35MM DESC.VICARE;;;;;;;;;;;;;;710.5;SIMPRO_VIG;2019-09-05;19;
SIMPRO;2026-04-12;material;0000248930;12;;CKTRADE;RETRATOR P/INCISAO INFERIOR 60MM DESC.VICARE;;;;;;;;;;;;;;2095;SIMPRO_VIG;2026-04-02;19;
SIMPRO;2026-04-12;material;0000270187;12;;CMS;RETRATOR P/LAPAROSCOPIA GRD.FENGH;;;;;;;;;;;;;;3417.41;SIMPRO_VIG;2016-05-03;19;
SIMPRO;2026-04-12;material;0000270186;12;;CMS;RETRATOR P/LAPAROSCOPIA MED.FENGH;;;;;;;;;;;;;;3417.41;SIMPRO_VIG;2016-05-03;19;
SIMPRO;2026-04-12;material;0000270185;12;;CMS;RETRATOR P/LAPAROSCOPIA PEQ.FENGH;;;;;;;;;;;;;;3417.41;SIMPRO_VIG;2016-05-03;19;
SIMPRO;2026-04-12;material;0000245857;12;;CMS;RETRATOR REETRAKT 3 PAW MEDIUM;;;;;;;;;;;;;;490;SIMPRO_VIG;2014-05-21;19;
SIMPRO;2026-04-12;material;0000245856;12;;CMS;RETRATOR REETRAKT 3 PAW SMALL;;;;;;;;;;;;;;490;SIMPRO_VIG;2014-05-21;19;
SIMPRO;2026-04-12;material;0000245858;12;;CMS;RETRATOR REETRAKT 4 PAW LARGE;;;;;;;;;;;;;;590;SIMPRO_VIG;2014-05-21;19;
SIMPRO;2026-04-12;material;0000133717;12;;CARDIOSYST;RETRATOR TORAX;;;;;;;;;;;;;;20000;SIMPRO_VIG;2009-01-06;19;
SIMPRO;2026-04-12;material;0000320934;12;;MARLEX;RETRATROR INCISAO 01,0-03,0CM C/ANEL FLEXIVEL MARLEXIS;;;;;;;;;;;;;;850;SIMPRO_VIG;2021-03-05;19;
SIMPRO;2026-04-12;material;0000320936;12;;MARLEX;RETRATROR INCISAO 02,5-06,0CM C/ANEL FLEXIVEL MARLEXIS;;;;;;;;;;;;;;900;SIMPRO_VIG;2021-03-05;19;
SIMPRO;2026-04-12;material;0000353153;12;;MARLEX;RETRATROR INCISAO 02-04CM C/ANEL FLEXIVEL MARLEXIS;;;;;;;;;;;;;;900;SIMPRO_VIG;2024-07-02;19;
SIMPRO;2026-04-12;material;0000320938;12;;MARLEX;RETRATROR INCISAO 05-09,0CM C/ANEL FLEXIVEL MARLEXIS;;;;;;;;;;;;;;950;SIMPRO_VIG;2021-03-05;19;
SIMPRO;2026-04-12;material;0000318962;12;;CEPEO;RETRIEVER - SMB;;;;;;;;;;;;;;30;SIMPRO_VIG;2020-11-06;19;
SIMPRO;2026-04-12;material;0000100482;12;;CENTERLAB;REUMALATEX FR (54-60) COMPLETO 3,0ML LABTEST;;;;;;;;;;;;;;16.863;SIMPRO_VIG;2006-04-19;19;
SIMPRO;2026-04-12;material;0000100483;12;;CENTERLAB;REUMALATEX FR (54K-60) (SO LATEX 3,0ML) LABTEST;;;;;;;;;;;;;;10.453;SIMPRO_VIG;2006-04-19;19;
SIMPRO;2026-04-12;material;0000274670;12;;BAXTER;REVACLEAR DIALISADOR CAPILAR 300;;;;;;;;;;;;;;2827.77;SIMPRO_VIG;2016-07-20;19;
SIMPRO;2026-04-12;material;0000274671;12;;BAXTER;REVACLEAR DIALISADOR CAPILAR 400;;;;;;;;;;;;;;2874.09;SIMPRO_VIG;2016-07-20;19;
SIMPRO;2026-04-12;material;0000295333;12;;CONTROLLER;REVELADOR P/RAIO-X AUT.LUMAX 38LT;;;;;;;;;;;;;;0.009;SIMPRO_VIG;2021-08-03;19;
SIMPRO;2026-04-12;material;0000129505;12;;CONTROLLER;REVELADOR P/RX AUTOM.LUMAX 40LT;;;;;;;;;;;;;;327.63;SIMPRO_VIG;2015-09-09;19;
SIMPRO;2026-04-12;material;0001035047;12;;FRESENIUS HEMOCARE;REVERCEL A-1 B REAGENTE P/GLOBULOS VERMELHOS (HUMANO) 10ML;;;;;;;;;;;;;;13;SIMPRO_VIG;2013-05-08;19;
SIMPRO;2026-04-12;material;0000285304;12;;FRESENIUS HEMOCARE;REVERCEL A-1 B REAGENTE P/GLOBULOS VERMELHOS(HUMANO)10ML 2FRASCOS;;;;;;;;;;;;;;140;SIMPRO_VIG;2023-09-06;19;
SIMPRO;2026-04-12;material;0000285308;12;;FRESENIUS HEMOCARE;REVERCEL PLUS A1/A2/B REAGENTE GLOBULOS VERMELHOS(HUMANO)10ML 3FR;;;;;;;;;;;;;;330;SIMPRO_VIG;2023-09-06;19;
SIMPRO;2026-04-12;material;0000102289;12;;EDLO;REVESTIMENTO EXTERNO PPSU P/PINCA 5,0MM 20CM 14.2127;;;;;;;;;;;;;;111.424;SIMPRO_VIG;2011-06-28;19;
SIMPRO;2026-04-12;material;0000102287;12;;EDLO;REVESTIMENTO EXTERNO PPSU P/PINCA 5,0MM 36CM 14.2124;;;;;;;;;;;;;;121.932;SIMPRO_VIG;2011-06-28;19;
SIMPRO;2026-04-12;material;0000102288;12;;EDLO;REVESTIMENTO EXTERNO PPSU P/PINCA 5,0MM 42CM 14.2125;;;;;;;;;;;;;;132.095;SIMPRO_VIG;2011-06-28;19;
SIMPRO;2026-04-12;material;0000348026;12;;ENDOCOMPANY;REVESTIMENTO TRANSDUTOR CIVCO-FLEX EST.EV29L;;;;;;;;;;;;;;350;SIMPRO_VIG;2023-11-14;19;
SIMPRO;2026-04-12;material;0000095577;12;;HELIANTO;REVIDERM LOC.100ML;;;;;;;;;;;;;;0.26;SIMPRO_VIG;2006-10-24;19;
SIMPRO;2026-04-12;material;0000168558;12;;HELIANTO;REVITAGE HIDROGEL AGE 30G;;;;;;;;;;;;;;112.5;SIMPRO_VIG;2014-03-07;19;
SIMPRO;2026-04-12;material;0000242022;12;;MARU;REVITALIZANTE CASCO CAVALO 10ML;;;;;;;;;;;;;;3.71;SIMPRO_VIG;2014-01-06;19;
SIMPRO;2026-04-12;material;0000242023;12;;MARU;REVITALIZANTE CASCO CAVALO BLISTER 10ML;;;;;;;;;;;;;;4.29;SIMPRO_VIG;2014-01-06;19;
SIMPRO;2026-04-12;material;0000277174;12;;KCI BRASIL;REVOLVE SYSTEM - PROCESSAMENTO GORDURA 350ML;;;;;;;;;;;;;;7250;SIMPRO_VIG;2016-09-27;19;
SIMPRO;2026-04-12;material;0000128749;12;;HELPMED;"RIBBON 6.5""BLACK RIBBON 12 ROLLS/CS/ 1,181 FT/ROLL 85,032 PRINTS/CS FTC166MX";;;;;;;;;;;;;;0;SIMPRO_VIG;2009-07-03;19;
SIMPRO;2026-04-12;material;0000333315;12;;RIOQUIMICA;RIOCARE BABY C/FRAGRANCIA 230ML;;;;;;;;;;;;;;0.189;SIMPRO_VIG;2022-06-29;19;
SIMPRO;2026-04-12;material;0000325093;12;;RIOQUIMICA;RIOCARE BABY C/FRAGRANCIA 230ML 12UNID.;;;;;;;;;;;;;;3.623;SIMPRO_VIG;2022-05-10;19;
SIMPRO;2026-04-12;material;0000333316;12;;RIOQUIMICA;RIOCARE BABY C/FRAGRANCIA 470ML;;;;;;;;;;;;;;0.137;SIMPRO_VIG;2022-06-29;19;
SIMPRO;2026-04-12;material;0000325092;12;;RIOQUIMICA;RIOCARE BABY C/FRAGRANCIA 470ML 12UNID.;;;;;;;;;;;;;;5.367;SIMPRO_VIG;2022-05-10;19;
SIMPRO;2026-04-12;material;0000242472;12;;RIOQUIMICA;RIOCARE FOAM 1000ML REFIL PREMIUM;;;;;;;;;;;;;;0.105;SIMPRO_VIG;2018-04-13;19;
SIMPRO;2026-04-12;material;0000294694;12;;RIOQUIMICA;RIOCARE FOAM 1000ML REFIL PREMIUM AUT.;;;;;;;;;;;;;;0.156;SIMPRO_VIG;2018-04-13;19;
SIMPRO;2026-04-12;material;0000251849;12;;RIOQUIMICA;RIOCARE FOAM 1000ML REFIL STANDARD;;;;;;;;;;;;;;0.251;SIMPRO_VIG;2022-05-10;19;
SIMPRO;2026-04-12;material;0000294691;12;;RIOQUIMICA;RIOCARE GEL 225G PUMP;;;;;;;;;;;;;;0.13;SIMPRO_VIG;2020-04-07;19;
SIMPRO;2026-04-12;material;0000271609;12;;RIOQUIMICA;RIOCARE GEL 55G;;;;;;;;;;;;;;0.297;SIMPRO_VIG;2022-05-10;19;
SIMPRO;2026-04-12;material;0000294692;12;;RIOQUIMICA;RIOCARE GEL REFIL 450G PUMP;;;;;;;;;;;;;;0.096;SIMPRO_VIG;2020-04-07;19;
SIMPRO;2026-04-12;material;0000271610;12;;RIOQUIMICA;RIOCARE GEL REFIL 860G STANDARD;;;;;;;;;;;;;;0.133;SIMPRO_VIG;2022-05-10;19;
SIMPRO;2026-04-12;material;0000333317;12;;RIOQUIMICA;RIOCARE GEL REFIL 900G/1000ML STANDARD;;;;;;;;;;;;;;0.128;SIMPRO_VIG;2022-06-29;19;
SIMPRO;2026-04-12;material;0000325660;12;;RIOQUIMICA;RIOCARE GEL REFIL 900G/1000ML STANDARD 6UNID.;;;;;;;;;;;;;;21.39;SIMPRO_VIG;2022-05-10;19;
SIMPRO;2026-04-12;material;0000335587;12;;RIOQUIMICA;RIOCARE OLEO AGE 100ML ALMOTOLIA T.O;;;;;;;;;;;;;;0.248;SIMPRO_VIG;2022-10-04;19;
SIMPRO;2026-04-12;material;0000335588;12;;RIOQUIMICA;RIOCARE OLEO AGE 200ML ALMOTOLIA T.O;;;;;;;;;;;;;;0.23;SIMPRO_VIG;2022-10-04;19;
SIMPRO;2026-04-12;material;0006260095;12;;RIOQUIMICA;RIOCARE OLEO AMENDOAS HIDRATANTE 100ML;;;;;;;;;;;;;;0.248;SIMPRO_VIG;2022-05-10;19;
SIMPRO;2026-04-12;material;0006260097;12;;RIOQUIMICA;RIOCARE OLEO AMENDOAS HIDRATANTE 60ML;;;;;;;;;;;;;;6.89;SIMPRO_VIG;2018-04-13;19;
SIMPRO;2026-04-12;material;0000266521;12;;RIOQUIMICA;RIOCARE OLEO BANANA 30ML;;;;;;;;;;;;;;0.333;SIMPRO_VIG;2020-04-07;19;
SIMPRO;2026-04-12;material;0000123942;12;;RIOQUIMICA;RIOCARE OLEO BANANA 50ML;;;;;;;;;;;;;;0.079;SIMPRO_VIG;2015-01-13;19;
SIMPRO;2026-04-12;material;0000294693;12;;RIOQUIMICA;RIOCARE OLEO BANANA 50ML;;;;;;;;;;;;;;0.247;SIMPRO_VIG;2018-04-13;19;
SIMPRO;2026-04-12;material;0000360445;12;;RIOQUIMICA;RIODERM PROTECTION CREME BARREIRA 30G;;;;;;;;;;;;;;6.84;SIMPRO_VIG;2025-04-30;19;
SIMPRO;2026-04-12;material;0000363504;12;;RIOQUIMICA;RIODERM PROTECTION CREME BARREIRA 60G;;;;;;;;;;;;;;4.253;SIMPRO_VIG;2025-09-23;19;
SIMPRO;2026-04-12;material;0000335589;12;;RIOQUIMICA;RIODERM PROTECTION CREME BARREIRA 92G;;;;;;;;;;;;;;3.317;SIMPRO_VIG;2025-09-23;19;
SIMPRO;2026-04-12;material;0000335590;12;;RIOQUIMICA;RIODERM PROTECTION PELICULA PROTETORA S/ARDOR SPRAY 30ML;;;;;;;;;;;;;;9.5;SIMPRO_VIG;2024-04-02;19;
SIMPRO;2026-04-12;material;0006260217;12;;RIOQUIMICA;RIODERM SAB.CRM.1000ML 0110.;;;;;;;;;;;;;;0.017;SIMPRO_VIG;2015-01-13;19;
SIMPRO;2026-04-12;material;0000244194;12;;RIOQUIMICA;RIODERM SAB.CRM.100ML.;;;;;;;;;;;;;;0.047;SIMPRO_VIG;2015-01-13;19;
SIMPRO;2026-04-12;material;0006260219;12;;RIOQUIMICA;RIODERM SAB.CRM.5000ML 0217.;;;;;;;;;;;;;;0.014;SIMPRO_VIG;2015-01-13;19;
SIMPRO;2026-04-12;material;0006260221;12;;RIOQUIMICA;RIODERM SAB.LIQ.1000ML 0109;;;;;;;;;;;;;;0.016;SIMPRO_VIG;2015-01-13;19;
SIMPRO;2026-04-12;material;0006260223;12;;RIOQUIMICA;RIODERM SAB.LIQ.5000ML 0288;;;;;;;;;;;;;;0.012;SIMPRO_VIG;2015-01-13;19;
SIMPRO;2026-04-12;material;0000266522;12;;RIOQUIMICA;RIODERM SABONETE SOFT CREMOSO 1000ML;;;;;;;;;;;;;;0.065;SIMPRO_VIG;2022-05-10;19;
SIMPRO;2026-04-12;material;0000266524;12;;RIOQUIMICA;RIODERM SABONETE SOFT CREMOSO 100ML;;;;;;;;;;;;;;13.34;SIMPRO_VIG;2022-05-10;19;
SIMPRO;2026-04-12;material;0000266523;12;;RIOQUIMICA;RIODERM SABONETE SOFT CREMOSO 5000ML;;;;;;;;;;;;;;0.023;SIMPRO_VIG;2018-04-13;19;
SIMPRO;2026-04-12;material;0000026455;12;;RIOQUIMICA;RIODERM SOFT CREMOSO REFERENTE/CARTUCHO 800ML;;;;;;;;;;;;;;0.099;SIMPRO_VIG;2022-05-10;19;
SIMPRO;2026-04-12;material;0000242480;12;;RIOQUIMICA;RIOHEX 0,2% DERMO SOL.AQUOSA 30ML ALMOT.TWIST OFF.;;;;;;;;;;;;;;0.169;SIMPRO_VIG;2022-08-30;19;
SIMPRO;2026-04-12;material;0000104839;12;;RIOQUIMICA;RIOHEX 0,2% DERMO SUAVE 1000ML;;;;;;;;;;;;;;0.026;SIMPRO_VIG;2022-05-10;19;
SIMPRO;2026-04-12;material;0000104838;12;;RIOQUIMICA;RIOHEX 0,2% DERMO SUAVE TOPICA 100ML ALMOTOLIA TWIST OFF.;;;;;;;;;;;;;;0.067;SIMPRO_VIG;2022-05-10;19;
SIMPRO;2026-04-12;material;0000119656;12;;RIOQUIMICA;RIOHEX 0,2% SOL.AQUOSA TOPICA 500ML;;;;;;;;;;;;;;0.019;SIMPRO_VIG;2018-04-13;19;
SIMPRO;2026-04-12;material;0000333318;12;;RIOQUIMICA;RIOHEX GARD 0,12% GEL 20G;;;;;;;;;;;;;;27.28;SIMPRO_VIG;2022-06-29;19;
SIMPRO;2026-04-12;material;0000324891;12;;RIOQUIMICA;RIOHEX GARD 0,12% GEL 20G 30BG;;;;;;;;;;;;;;27.28;SIMPRO_VIG;2022-05-10;19;
SIMPRO;2026-04-12;material;0000244189;12;;RIOQUIMICA;RIOHEX GARD 0,12% SOL.AQUOSA 250ML;;;;;;;;;;;;;;0.135;SIMPRO_VIG;2022-05-10;19;
SIMPRO;2026-04-12;material;0000244190;12;;RIOQUIMICA;RIOHEX GARD 0,12% SOL.AQUOSA PUMP 1000ML;;;;;;;;;;;;;;0.084;SIMPRO_VIG;2022-05-10;19;
SIMPRO;2026-04-12;material;0000276436;12;;RIOQUIMICA;RIOHEX GARD 0,12% SOL.AQUOSA PUMP 2000ML;;;;;;;;;;;;;;0.081;SIMPRO_VIG;2022-05-10;19;
SIMPRO;2026-04-12;material;0000242476;12;;RIOQUIMICA;RIOHEX GARD 0,12% SOLUCAO AQUOSA 30ML;;;;;;;;;;;;;;7.82;SIMPRO_VIG;2022-05-10;19;
SIMPRO;2026-04-12;material;0000257485;12;;RIOQUIMICA;RIOMAX CREMOSO 1000ML REFIL PREMIUM;;;;;;;;;;;;;;33.28;SIMPRO_VIG;2015-05-12;19;
SIMPRO;2026-04-12;material;0000257484;12;;RIOQUIMICA;RIOMAX CREMOSO 1000ML REFIL STANDARD;;;;;;;;;;;;;;0.096;SIMPRO_VIG;2022-05-10;19;
SIMPRO;2026-04-12;material;0000251852;12;;RIOQUIMICA;RIOMAX ESPUMA 1000ML REFIL PREMIUM;;;;;;;;;;;;;;0.059;SIMPRO_VIG;2015-01-13;19;
SIMPRO;2026-04-12;material;0000242494;12;;RIOQUIMICA;RIOMAX ESPUMA 1000ML REFIL STANDARD;;;;;;;;;;;;;;0.105;SIMPRO_VIG;2022-05-10;19;
SIMPRO;2026-04-12;material;0000333319;12;;RIOQUIMICA;RIOMAX LUXURY ERVA DOCE ESPUMA 1000ML REFIL BOLSA;;;;;;;;;;;;;;0.11;SIMPRO_VIG;2022-06-29;19;
SIMPRO;2026-04-12;material;0000325094;12;;RIOQUIMICA;RIOMAX LUXURY ERVA DOCE ESPUMA 1000ML REFIL BOLSA 6UNID.;;;;;;;;;;;;;;18.323;SIMPRO_VIG;2022-05-10;19;
SIMPRO;2026-04-12;material;0000361534;12;;RIOQUIMICA;RIOMAX LUXURY JASMIM ESPUMA 1000ML REFIL BOLSA;;;;;;;;;;;;;;0.11;SIMPRO_VIG;2025-06-24;19;
SIMPRO;2026-04-12;material;0000325095;12;;RIOQUIMICA;RIOMAX LUXURY JASMIM ESPUMA 1000ML REFIL BOLSA 6UNID.;;;;;;;;;;;;;;18.323;SIMPRO_VIG;2022-05-10;19;
SIMPRO;2026-04-12;material;0000016934;12;;RIOQUIMICA;RIOMAX S/GERM.LIQ.1000ML;;;;;;;;;;;;;;0.018;SIMPRO_VIG;2018-04-13;19;
SIMPRO;2026-04-12;material;0000016935;12;;RIOQUIMICA;RIOMAX S/GERM.LIQ.5000ML;;;;;;;;;;;;;;0.015;SIMPRO_VIG;2018-04-13;19;
SIMPRO;2026-04-12;material;0000333320;12;;RIOQUIMICA;RIOMAX S/GERMICIDA CREMOSO FR 1000ML;;;;;;;;;;;;;;0.036;SIMPRO_VIG;2022-08-30;19;
SIMPRO;2026-04-12;material;0000016932;12;;RIOQUIMICA;RIOMAX S/GERMICIDA CREMOSO GL 1000ML;;;;;;;;;;;;;;0.036;SIMPRO_VIG;2022-08-30;19;
SIMPRO;2026-04-12;material;0000016933;12;;RIOQUIMICA;RIOMAX S/GERMICIDA CRMEMOSO 5000ML;;;;;;;;;;;;;;0.013;SIMPRO_VIG;2018-04-13;19;
SIMPRO;2026-04-12;material;0000026457;12;;RIOQUIMICA;RIOMAX SABONETE CRMEMOSO 800ML REFERENTE/CARTUCHO;;;;;;;;;;;;;;0.095;SIMPRO_VIG;2022-05-10;19;
SIMPRO;2026-04-12;material;0000026448;12;;RIOQUIMICA;RIOMAX SABONETE NEUTRO 1LT.;;;;;;;;;;;;;;0.037;SIMPRO_VIG;2022-08-30;19;
SIMPRO;2026-04-12;material;0000266525;12;;RIOQUIMICA;RIOMAX SABONETE NEUTRO 5LTS;;;;;;;;;;;;;;0.013;SIMPRO_VIG;2018-04-13;19;
SIMPRO;2026-04-12;material;0000040595;12;;RIOQUIMICA;RIOMAX SABONETE NEUTRO C/GLICERINA 100ML;;;;;;;;;;;;;;0.097;SIMPRO_VIG;2022-08-30;19;
SIMPRO;2026-04-12;material;0000088423;12;;PARTNER'S;RITECUT 3F 115CM ELETRODO CORTANTE ANGULO RETO ACMI;;;;;;;;;;;;;;4613.49;SIMPRO_VIG;2009-07-07;19;
SIMPRO;2026-04-12;material;0000088424;12;;PARTNER'S;RITECUT 3F 65CM ELETRODO CORTANTE ANGULO RETO ACMI;;;;;;;;;;;;;;4613.49;SIMPRO_VIG;2009-07-07;19;
SIMPRO;2026-04-12;material;0000083294;12;;MIYAKO;RMC GEL P/MEIO CONTATO 100GRS;;;;;;;;;;;;;;0.014;SIMPRO_VIG;2009-09-16;19;
SIMPRO;2026-04-12;material;0000083296;12;;MIYAKO;RMC GEL P/MEIO CONTATO 1KG;;;;;;;;;;;;;;0.007;SIMPRO_VIG;2006-02-15;19;
SIMPRO;2026-04-12;material;0000083295;12;;MIYAKO;RMC GEL P/MEIO CONTATO 280GRS;;;;;;;;;;;;;;0.01;SIMPRO_VIG;2006-02-15;19;
SIMPRO;2026-04-12;material;0000083297;12;;MIYAKO;RMC GEL P/MEIO CONTATO 2KG;;;;;;;;;;;;;;0.005;SIMPRO_VIG;2006-02-15;19;
SIMPRO;2026-04-12;material;0000129581;12;;MIYAKO;RMC GEL P/MEIO CONTATO 300GRS;;;;;;;;;;;;;;0.009;SIMPRO_VIG;2008-06-04;19;
SIMPRO;2026-04-12;material;0000083298;12;;MIYAKO;RMC GEL P/MEIO CONTATO 5KG;;;;;;;;;;;;;;0.004;SIMPRO_VIG;2006-02-15;19;
SIMPRO;2026-04-12;material;0000037491;12;;SALVAPE;ROBOFOOT BOTA IMOBILIZADORA CURTA GRD. 608-15;;;;;;;;;;;;;;263.89;SIMPRO_VIG;2014-02-27;19;
SIMPRO;2026-04-12;material;0000037489;12;;SALVAPE;ROBOFOOT BOTA IMOBILIZADORA CURTA MED. 608-14;;;;;;;;;;;;;;263.89;SIMPRO_VIG;2014-02-27;19;
SIMPRO;2026-04-12;material;0000037488;12;;SALVAPE;ROBOFOOT BOTA IMOBILIZADORA CURTA PEQ. 608-13;;;;;;;;;;;;;;263.89;SIMPRO_VIG;2014-02-27;19;
SIMPRO;2026-04-12;material;0000037495;12;;SALVAPE;ROBOFOOT BOTA IMOBILIZADORA LONGA GRD. 608-25;;;;;;;;;;;;;;290.4;SIMPRO_VIG;2014-02-27;19;
SIMPRO;2026-04-12;material;0000037494;12;;SALVAPE;ROBOFOOT BOTA IMOBILIZADORA LONGA MED. 608-24;;;;;;;;;;;;;;290.4;SIMPRO_VIG;2014-02-27;19;
SIMPRO;2026-04-12;material;0000037493;12;;SALVAPE;ROBOFOOT BOTA IMOBILIZADORA LONGA PEQ. 608-23;;;;;;;;;;;;;;290.4;SIMPRO_VIG;2014-02-27;19;
SIMPRO;2026-04-12;material;0000052226;12;;CARCI;RODA OMBRO CROMADA;;;;;;;;;;;;;;980;SIMPRO_VIG;2009-11-13;19;
SIMPRO;2026-04-12;material;0000117346;12;;BIOSERVICE;ROLETE DENTAL 200UNID;;;;;;;;;;;;;;0.025;SIMPRO_VIG;2007-05-21;19;
SIMPRO;2026-04-12;material;0000117347;12;;BIOSERVICE;ROLETE DENTAL 600UNID;;;;;;;;;;;;;;0.019;SIMPRO_VIG;2007-05-21;19;
SIMPRO;2026-04-12;material;0000117348;12;;BIOSERVICE;ROLETE DENTAL COLORIDO 200UNID;;;;;;;;;;;;;;0.025;SIMPRO_VIG;2007-05-21;19;
SIMPRO;2026-04-12;material;0000117349;12;;BIOSERVICE;ROLETE DENTAL COLORIDO 600UNID;;;;;;;;;;;;;;0.019;SIMPRO_VIG;2007-05-21;19;
SIMPRO;2026-04-12;material;0000276990;12;;ALERE;ROLLER 20 MC;;;;;;;;;;;;;;65000;SIMPRO_VIG;2016-09-19;19;
SIMPRO;2026-04-12;material;0000133590;12;;RECOMED;ROLO ADESIVO N/TECIDO PHARMAFIX 05X10MT.;;;;;;;;;;;;;;0.06;SIMPRO_VIG;2008-12-03;19;
SIMPRO;2026-04-12;material;0000133591;12;;RECOMED;ROLO ADESIVO N/TECIDO PHARMAFIX 10X10MT.;;;;;;;;;;;;;;0.085;SIMPRO_VIG;2008-12-03;19;
SIMPRO;2026-04-12;material;0000052342;12;;CARCI;ROLO BOBATH DIAM.10CM;;;;;;;;;;;;;;25;SIMPRO_VIG;2009-11-13;19;
SIMPRO;2026-04-12;material;0000052343;12;;CARCI;ROLO BOBATH DIAM.20CM;;;;;;;;;;;;;;38;SIMPRO_VIG;2009-11-13;19;
SIMPRO;2026-04-12;material;0000052344;12;;CARCI;ROLO BOBATH DIAM.30CM;;;;;;;;;;;;;;45;SIMPRO_VIG;2009-11-13;19;
SIMPRO;2026-04-12;material;0000052345;12;;CARCI;ROLO BOBATH DIAM.40CM;;;;;;;;;;;;;;60;SIMPRO_VIG;2009-11-13;19;
SIMPRO;2026-04-12;material;0000329771;12;;FAROL E POLAX;ROLO DENTAL ALGODAO FAROL 100UN;;;;;;;;;;;;;;0.109;SIMPRO_VIG;2022-03-03;19;
SIMPRO;2026-04-12;material;0000349049;12;;MELHORMED;ROLO DENTAL ALGODAO MELHORMED 100UN;;;;;;;;;;;;;;0.103;SIMPRO_VIG;2024-08-13;19;
SIMPRO;2026-04-12;material;0000349050;12;;MELHORMED;ROLO DENTAL ALGODAO MELHORMED 500UN;;;;;;;;;;;;;;0.1;SIMPRO_VIG;2024-08-13;19;
SIMPRO;2026-04-12;material;0000036699;12;;CREMER;ROLO DENTAL ALGODAO NR.1 25G 100UN 806229;;;;;;;;;;;;;;0.064;SIMPRO_VIG;2022-10-28;19;
SIMPRO;2026-04-12;material;0000063584;12;;CREMER;ROLO DENTAL ALGODAO NR.2 32G 100UN;;;;;;;;;;;;;;0.064;SIMPRO_VIG;2022-10-28;19;
SIMPRO;2026-04-12;material;0000349048;12;;MELHORMED;ROLO DENTAL ALGODAO ULTRACOTTON 100UN;;;;;;;;;;;;;;0.064;SIMPRO_VIG;2024-08-13;19;
SIMPRO;2026-04-12;material;0000095466;12;;CARCI;ROLO ESPUMA 10X60CM;;;;;;;;;;;;;;52;SIMPRO_VIG;2009-11-13;19;
SIMPRO;2026-04-12;material;0000095467;12;;CARCI;ROLO ESPUMA 20X60CM;;;;;;;;;;;;;;88;SIMPRO_VIG;2009-11-13;19;
SIMPRO;2026-04-12;material;0000095468;12;;CARCI;ROLO ESPUMA 30X60CM;;;;;;;;;;;;;;136;SIMPRO_VIG;2009-11-13;19;
SIMPRO;2026-04-12;material;0000095469;12;;CARCI;ROLO ESPUMA 40X60CM;;;;;;;;;;;;;;216.8;SIMPRO_VIG;2009-11-13;19;
SIMPRO;2026-04-12;material;0000133589;12;;RECOMED;ROLO FILME SEMI-PERMEAVEL PHARMAFIX-PU 10X10MT.;;;;;;;;;;;;;;0.19;SIMPRO_VIG;2015-11-26;19;
SIMPRO;2026-04-12;material;0000288366;12;;NIHON KOHDEN;ROLO PAPEL P/IMPRESSAO ECG 50X30MM 10UNID.;;;;;;;;;;;;;;14.875;SIMPRO_VIG;2017-07-04;19;
SIMPRO;2026-04-12;material;0000027985;12;;SALVAPE;ROLO POSICIONADOR TAM.UNICO 940-08;;;;;;;;;;;;;;26;SIMPRO_VIG;2011-04-15;19;
SIMPRO;2026-04-12;material;0000095420;12;;CARCI;ROLO PUNHO 3 SECOES MADEIRA;;;;;;;;;;;;;;72;SIMPRO_VIG;2009-11-13;19;
SIMPRO;2026-04-12;material;0000052243;12;;CARCI;ROLO ROTOR PUNHO;;;;;;;;;;;;;;320;SIMPRO_VIG;2009-11-13;19;
SIMPRO;2026-04-12;material;0002410716;12;;ERWIN GUTH;ROMPE BOLSA AMNIOTICA 20CM DISSECCAO 660.001A;;;;;;;;;;;;;;15.44;SIMPRO_VIG;2010-02-17;19;
SIMPRO;2026-04-12;material;0000000811;12;;ERWIN GUTH;ROMPE BOLSA AMNIOTICA 26CM BEACHAM 660.001B;;;;;;;;;;;;;;52.27;SIMPRO_VIG;2009-08-12;19;
SIMPRO;2026-04-12;material;0000285431;12;;KOLPLAST;ROMPEDOR BOLSA VAGISPEC EST.;;;;;;;;;;;;;;29.39;SIMPRO_VIG;2022-03-24;19;
SIMPRO;2026-04-12;material;0000257622;12;;CIRURGICA FERNANDES;ROMPEDOR MEMBRANA AMNIETICA WILTEX;;;;;;;;;;;;;;15;SIMPRO_VIG;2017-07-11;19;
SIMPRO;2026-04-12;material;0000166526;12;;CPL;ROMPEDOR MEMBRANA AMNIOTICA;;;;;;;;;;;;;;23.1;SIMPRO_VIG;2025-02-11;19;
SIMPRO;2026-04-12;material;0000302763;12;;CIRURGICA FERNANDES;ROMPEDOR MEMBRANA AMNIOTICA FOYOMED;;;;;;;;;;;;;;15;SIMPRO_VIG;2018-10-30;19;
SIMPRO;2026-04-12;material;0000141191;12;;OPHTHALMOS;ROSA BENGALA 1% COLIRIO 1FR 5ML 4574;;;;;;;;;;;;;;30;SIMPRO_VIG;2012-05-23;19;
SIMPRO;2026-04-12;material;0000092763;12;;ACHE;ROSACLEAN 200ML;;;;;;;;;;;;;;0.128;SIMPRO_VIG;2013-04-03;19;
SIMPRO;2026-04-12;material;0000133559;12;;POLITEC;ROSENBLATT DUPLO 7FR C/INTRODUTOR 604970;;;;;;;;;;;;;;2289;SIMPRO_VIG;2009-02-09;19;
SIMPRO;2026-04-12;material;0000042762;12;;BOSTON CARDIOLOGIA;ROTABLATOR CONSOLE;;;;;;;;;;;;;;77050;SIMPRO_VIG;2014-07-29;19;
SIMPRO;2026-04-12;material;0000079068;12;;JG MORIYA;ROTAMETRO ACO INOX 903001;;;;;;;;;;;;;;7084;SIMPRO_VIG;2007-02-01;19;
SIMPRO;2026-04-12;material;0000079274;12;;JG MORIYA;ROTAMETRO ACO INOX P/NO/NO2 903001;;;;;;;;;;;;;;5280.74;SIMPRO_VIG;2007-02-01;19;
SIMPRO;2026-04-12;material;0000110296;12;;JG MORIYA;ROTAMIX AUTO 500012;;;;;;;;;;;;;;17293.01;SIMPRO_VIG;2007-02-01;19;
SIMPRO;2026-04-12;material;0000079275;12;;JG MORIYA;ROTAMIX MOD.5000 C/PEDESTAL MANG.O2/N2O REG.O2/N2O 500010;;;;;;;;;;;;;;12003.01;SIMPRO_VIG;2007-02-01;19;
SIMPRO;2026-04-12;material;0002315104;12;;EDLO;ROTATIVA BALIU;;;;;;;;;;;;;;97.05;SIMPRO_VIG;2016-07-19;19;
SIMPRO;2026-04-12;material;0000068086;12;;BOYNTON;ROTOR GUIA BOLTON;;;;;;;;;;;;;;0;SIMPRO_VIG;2010-02-22;19;
SIMPRO;2026-04-12;material;0000109460;12;;SCITECH;ROTOR-TORQUE;;;;;;;;;;;;;;81.2;SIMPRO_VIG;2006-11-16;19;
SIMPRO;2026-04-12;material;0000104660;12;;MABESA;ROUPA INT.DESC.AFFEC.SAFE PANTS 10U;;;;;;;;;;;;;;2.25;SIMPRO_VIG;2009-08-31;19;
SIMPRO;2026-04-12;material;0000244178;12;;FALCON;ROUPA INTIMA ADULTMAX MATURIDADE P/INCONT.10UNID;;;;;;;;;;;;;;2.5;SIMPRO_VIG;2017-10-24;19;
SIMPRO;2026-04-12;material;0000178025;12;;POM POM;ROUPA INTIMA AFFECTIVE ELASTIC P/INCONT.10UNID;;;;;;;;;;;;;;1.243;SIMPRO_VIG;2013-07-02;19;
SIMPRO;2026-04-12;material;0000346111;12;;SOFTYS FALCON;ROUPA INTIMA BIGFRAL DERMA PLUS ECONOMICA G/XG 24UN;;;;;;;;;;;;;;4.843;SIMPRO_VIG;2026-03-24;19;
SIMPRO;2026-04-12;material;0000346112;12;;SOFTYS FALCON;ROUPA INTIMA BIGFRAL DERMA PLUS ECONOMICA P/M 24UN;;;;;;;;;;;;;;4.843;SIMPRO_VIG;2026-03-24;19;
SIMPRO;2026-04-12;material;0000346114;12;;SOFTYS FALCON;ROUPA INTIMA BIGFRAL DERMA PLUS G/XG 07UN;;;;;;;;;;;;;;5.393;SIMPRO_VIG;2026-03-24;19;
SIMPRO;2026-04-12;material;0000346113;12;;SOFTYS FALCON;ROUPA INTIMA BIGFRAL DERMA PLUS G/XG 16UN;;;;;;;;;;;;;;4.864;SIMPRO_VIG;2026-03-24;19;
SIMPRO;2026-04-12;material;0000346116;12;;SOFTYS FALCON;ROUPA INTIMA BIGFRAL DERMA PLUS P/M 07UN;;;;;;;;;;;;;;5.393;SIMPRO_VIG;2026-03-24;19;
SIMPRO;2026-04-12;material;0000346115;12;;SOFTYS FALCON;ROUPA INTIMA BIGFRAL DERMA PLUS P/M 16UN;;;;;;;;;;;;;;4.864;SIMPRO_VIG;2026-03-24;19;
SIMPRO;2026-04-12;material;0000346125;12;;ONTEX;ROUPA INTIMA BIGFRAL G/XG 20UN;;;;;;;;;;;;;;3.908;SIMPRO_VIG;2023-08-15;19;
SIMPRO;2026-04-12;material;0000346126;12;;SOFTYS FALCON;ROUPA INTIMA BIGFRAL MOVIMENT FEM G/XG 07UN;;;;;;;;;;;;;;4.666;SIMPRO_VIG;2026-03-24;19;
SIMPRO;2026-04-12;material;0000346127;12;;SOFTYS FALCON;ROUPA INTIMA BIGFRAL MOVIMENT FEM P/M 07UN;;;;;;;;;;;;;;4.666;SIMPRO_VIG;2026-03-24;19;
SIMPRO;2026-04-12;material;0000346134;12;;SOFTYS FALCON;ROUPA INTIMA BIGFRAL MOVIMENT G/XG 07UN;;;;;;;;;;;;;;4.666;SIMPRO_VIG;2026-03-24;19;
SIMPRO;2026-04-12;material;0000346133;12;;SOFTYS FALCON;ROUPA INTIMA BIGFRAL MOVIMENT G/XG 16UN;;;;;;;;;;;;;;4.189;SIMPRO_VIG;2026-03-24;19;
SIMPRO;2026-04-12;material;0000359127;12;;ONTEX;ROUPA INTIMA BIGFRAL MOVIMENT G/XG 32UN;;;;;;;;;;;;;;3.313;SIMPRO_VIG;2025-02-27;19;
SIMPRO;2026-04-12;material;0000346136;12;;SOFTYS FALCON;ROUPA INTIMA BIGFRAL MOVIMENT P/M 07UN;;;;;;;;;;;;;;4.666;SIMPRO_VIG;2026-03-24;19;
SIMPRO;2026-04-12;material;0000346135;12;;SOFTYS FALCON;ROUPA INTIMA BIGFRAL MOVIMENT P/M 16UN;;;;;;;;;;;;;;4.189;SIMPRO_VIG;2026-03-24;19;
SIMPRO;2026-04-12;material;0000359126;12;;ONTEX;ROUPA INTIMA BIGFRAL MOVIMENT P/M 32UN;;;;;;;;;;;;;;3.313;SIMPRO_VIG;2025-02-27;19;
SIMPRO;2026-04-12;material;0000346129;12;;SOFTYS FALCON;ROUPA INTIMA BIGFRAL NOTURNA G/XG 07UN;;;;;;;;;;;;;;6.256;SIMPRO_VIG;2026-03-24;19;
SIMPRO;2026-04-12;material;0000346128;12;;SOFTYS FALCON;ROUPA INTIMA BIGFRAL NOTURNA G/XG 16UN;;;;;;;;;;;;;;5.639;SIMPRO_VIG;2026-03-24;19;
SIMPRO;2026-04-12;material;0000346131;12;;SOFTYS FALCON;ROUPA INTIMA BIGFRAL NOTURNA P/M 07UN;;;;;;;;;;;;;;6.256;SIMPRO_VIG;2026-03-24;19;
SIMPRO;2026-04-12;material;0000346130;12;;SOFTYS FALCON;ROUPA INTIMA BIGFRAL NOTURNA P/M 16UN;;;;;;;;;;;;;;5.639;SIMPRO_VIG;2026-03-24;19;
SIMPRO;2026-04-12;material;0000346132;12;;ONTEX;ROUPA INTIMA BIGFRAL P/M 20UN;;;;;;;;;;;;;;3.908;SIMPRO_VIG;2023-08-15;19;
SIMPRO;2026-04-12;material;0000298560;12;;FALCON;ROUPA INTIMA MOVIMENT FEMININA G/XG 08UNID;;;;;;;;;;;;;;2.999;SIMPRO_VIG;2018-05-09;19;
SIMPRO;2026-04-12;material;0000298559;12;;FALCON;ROUPA INTIMA MOVIMENT FEMININA P/M 08UNID;;;;;;;;;;;;;;2.999;SIMPRO_VIG;2018-05-09;19;
SIMPRO;2026-04-12;material;0000298562;12;;FALCON;ROUPA INTIMA MOVIMENT G/XG 16UNID;;;;;;;;;;;;;;2.7;SIMPRO_VIG;2018-05-09;19;
SIMPRO;2026-04-12;material;0000298561;12;;FALCON;ROUPA INTIMA MOVIMENT P/M 16UNID;;;;;;;;;;;;;;2.7;SIMPRO_VIG;2018-05-09;19;
SIMPRO;2026-04-12;material;0000298558;12;;FALCON;ROUPA INTIMA MOVIMENT UNISEX G/XG 08UNID;;;;;;;;;;;;;;2.999;SIMPRO_VIG;2018-05-09;19;
SIMPRO;2026-04-12;material;0000298557;12;;FALCON;ROUPA INTIMA MOVIMENT UNISEX P/M 08UNID;;;;;;;;;;;;;;2.999;SIMPRO_VIG;2018-05-09;19;
SIMPRO;2026-04-12;material;0000157569;12;;KIMBERLY-CLARK;ROUPA INTIMA TAM.G/XG FEM.PLENITUD ACTIVE DESC.8UNID;;;;;;;;;;;;;;3.289;SIMPRO_VIG;2013-06-20;19;
SIMPRO;2026-04-12;material;0000157570;12;;KIMBERLY-CLARK;ROUPA INTIMA TAM.P/M FEM.PLENITUD ACTIVE DESC.8UNID;;;;;;;;;;;;;;3.289;SIMPRO_VIG;2013-06-20;19;
SIMPRO;2026-04-12;material;0000157571;12;;KIMBERLY-CLARK;ROUPA INTIMA TAM.UNICO MASC.PLENITUD ACTIVE DESC.8UNID;;;;;;;;;;;;;;3.289;SIMPRO_VIG;2013-06-20;19;
SIMPRO;2026-04-12;material;0000326755;12;;TENA;ROUPA INTIMA TENA CALCINHA LAVAVEL EG 1UN;;;;;;;;;;;;;;125.43;SIMPRO_VIG;2025-04-02;19;
SIMPRO;2026-04-12;material;0000326754;12;;TENA;ROUPA INTIMA TENA CALCINHA LAVAVEL EG 1UN 4PCT;;;;;;;;;;;;;;125.43;SIMPRO_VIG;2025-04-02;19;
SIMPRO;2026-04-12;material;0000326753;12;;TENA;ROUPA INTIMA TENA CALCINHA LAVAVEL G 1UN;;;;;;;;;;;;;;125.43;SIMPRO_VIG;2025-04-02;19;
SIMPRO;2026-04-12;material;0000326752;12;;TENA;ROUPA INTIMA TENA CALCINHA LAVAVEL G 1UN 4PCT;;;;;;;;;;;;;;125.43;SIMPRO_VIG;2025-04-02;19;
SIMPRO;2026-04-12;material;0000326751;12;;TENA;ROUPA INTIMA TENA CALCINHA LAVAVEL M 1UN;;;;;;;;;;;;;;125.43;SIMPRO_VIG;2025-04-02;19;
SIMPRO;2026-04-12;material;0000326750;12;;TENA;ROUPA INTIMA TENA CALCINHA LAVAVEL M 1UN 4PCT;;;;;;;;;;;;;;125.43;SIMPRO_VIG;2025-04-02;19;
SIMPRO;2026-04-12;material;0000326749;12;;TENA;ROUPA INTIMA TENA CALCINHA LAVAVEL P 1UN;;;;;;;;;;;;;;125.43;SIMPRO_VIG;2025-04-02;19;
SIMPRO;2026-04-12;material;0000326748;12;;TENA;ROUPA INTIMA TENA CALCINHA LAVAVEL P 1UN 4PCT;;;;;;;;;;;;;;125.43;SIMPRO_VIG;2025-04-02;19;
SIMPRO;2026-04-12;material;321025;12;;TENA;ROUPA INTIMA TENA PANTS CONFORT . G/EG 24UN;;;;;;;;;;;;;;4.624;SIMPRO_VIG;0030-12-19;19;
SIMPRO;2026-04-12;material;319000;12;;TENA;ROUPA INTIMA TENA PANTS CONFORT . G/EG 24UN 4PCT;;;;;;;;;;;;;;110.968;SIMPRO_VIG;0030-12-19;19;
SIMPRO;2026-04-12;material;321026;12;;TENA;ROUPA INTIMA TENA PANTS CONFORT . P/M 24UN;;;;;;;;;;;;;;4.624;SIMPRO_VIG;0030-12-19;19;
SIMPRO;2026-04-12;material;319001;12;;TENA;ROUPA INTIMA TENA PANTS CONFORT . P/M 24UN 4PCT;;;;;;;;;;;;;;110.968;SIMPRO_VIG;0030-12-19;19;
SIMPRO;2026-04-12;material;0000321025;12;;TENA;ROUPA INTIMA TENA PANTS CONFORT G/EG 24UN;;;;;;;;;;;;;;5.031;SIMPRO_VIG;2025-04-02;19;
SIMPRO;2026-04-12;material;0000319000;12;;TENA;ROUPA INTIMA TENA PANTS CONFORT G/EG 24UN 4PCT;;;;;;;;;;;;;;120.735;SIMPRO_VIG;2025-04-02;19;
SIMPRO;2026-04-12;material;0000321028;12;;TENA;ROUPA INTIMA TENA PANTS CONFORT HL G/EG 08UN;;;;;;;;;;;;;;5.459;SIMPRO_VIG;2025-04-02;19;
SIMPRO;2026-04-12;material;321028;12;;TENA;ROUPA INTIMA TENA PANTS CONFORT HL G/EG 08UN;;;;;;;;;;;;;;5.018;SIMPRO_VIG;0030-12-19;19;
SIMPRO;2026-04-12;material;0000319003;12;;TENA;ROUPA INTIMA TENA PANTS CONFORT HL G/EG 08UN 8PCT;;;;;;;;;;;;;;43.665;SIMPRO_VIG;2025-04-02;19;
SIMPRO;2026-04-12;material;319003;12;;TENA;ROUPA INTIMA TENA PANTS CONFORT HL G/EG 08UN 8PCT;;;;;;;;;;;;;;40.135;SIMPRO_VIG;0030-12-19;19;
SIMPRO;2026-04-12;material;0000321027;12;;TENA;ROUPA INTIMA TENA PANTS CONFORT HL G/EG 16UN;;;;;;;;;;;;;;5.186;SIMPRO_VIG;2025-04-02;19;
SIMPRO;2026-04-12;material;321027;12;;TENA;ROUPA INTIMA TENA PANTS CONFORT HL G/EG 16UN;;;;;;;;;;;;;;4.768;SIMPRO_VIG;0030-12-19;19;
SIMPRO;2026-04-12;material;0000319002;12;;TENA;ROUPA INTIMA TENA PANTS CONFORT HL G/EG 16UN 4PCT;;;;;;;;;;;;;;82.965;SIMPRO_VIG;2025-04-02;19;
SIMPRO;2026-04-12;material;319002;12;;TENA;ROUPA INTIMA TENA PANTS CONFORT HL G/EG 16UN 4PCT;;;;;;;;;;;;;;76.275;SIMPRO_VIG;0030-12-19;19;
SIMPRO;2026-04-12;material;0000321030;12;;TENA;ROUPA INTIMA TENA PANTS CONFORT HL P/M 08UN;;;;;;;;;;;;;;5.459;SIMPRO_VIG;2025-04-02;19;
SIMPRO;2026-04-12;material;321030;12;;TENA;ROUPA INTIMA TENA PANTS CONFORT HL P/M 08UN;;;;;;;;;;;;;;5.018;SIMPRO_VIG;0030-12-19;19;
SIMPRO;2026-04-12;material;0000319005;12;;TENA;ROUPA INTIMA TENA PANTS CONFORT HL P/M 08UN 8PCT;;;;;;;;;;;;;;43.665;SIMPRO_VIG;2025-04-02;19;
SIMPRO;2026-04-12;material;319005;12;;TENA;ROUPA INTIMA TENA PANTS CONFORT HL P/M 08UN 8PCT;;;;;;;;;;;;;;40.135;SIMPRO_VIG;0030-12-19;19;
SIMPRO;2026-04-12;material;0000321029;12;;TENA;ROUPA INTIMA TENA PANTS CONFORT HL P/M 16UN;;;;;;;;;;;;;;5.186;SIMPRO_VIG;2025-04-02;19;
SIMPRO;2026-04-12;material;321029;12;;TENA;ROUPA INTIMA TENA PANTS CONFORT HL P/M 16UN;;;;;;;;;;;;;;4.768;SIMPRO_VIG;0030-12-19;19;
SIMPRO;2026-04-12;material;0000319004;12;;TENA;ROUPA INTIMA TENA PANTS CONFORT HL P/M 16UN 4PCT;;;;;;;;;;;;;;82.965;SIMPRO_VIG;2025-04-02;19;
SIMPRO;2026-04-12;material;319004;12;;TENA;ROUPA INTIMA TENA PANTS CONFORT HL P/M 16UN 4PCT;;;;;;;;;;;;;;76.275;SIMPRO_VIG;0030-12-19;19;
SIMPRO;2026-04-12;material;0000321026;12;;TENA;ROUPA INTIMA TENA PANTS CONFORT P/M 24UN;;;;;;;;;;;;;;5.031;SIMPRO_VIG;2025-04-02;19;
SIMPRO;2026-04-12;material;0000319001;12;;TENA;ROUPA INTIMA TENA PANTS CONFORT P/M 24UN 4PCT;;;;;;;;;;;;;;120.735;SIMPRO_VIG;2025-04-02;19;
SIMPRO;2026-04-12;material;0000326739;12;;TENA;ROUPA INTIMA TENA PANTS DERMACARE G/EG 08UN;;;;;;;;;;;;;;5.95;SIMPRO_VIG;2025-04-02;19;
SIMPRO;2026-04-12;material;326739;12;;TENA;ROUPA INTIMA TENA PANTS DERMACARE G/EG 08UN;;;;;;;;;;;;;;5.47;SIMPRO_VIG;0030-12-19;19;
SIMPRO;2026-04-12;material;0000326738;12;;TENA;ROUPA INTIMA TENA PANTS DERMACARE G/EG 08UN 8PCT;;;;;;;;;;;;;;47.601;SIMPRO_VIG;2025-04-02;19;
SIMPRO;2026-04-12;material;326738;12;;TENA;ROUPA INTIMA TENA PANTS DERMACARE G/EG 08UN 8PCT;;;;;;;;;;;;;;43.753;SIMPRO_VIG;0030-12-19;19;
SIMPRO;2026-04-12;material;0000326743;12;;TENA;ROUPA INTIMA TENA PANTS DERMACARE G/EG 16UN;;;;;;;;;;;;;;5.399;SIMPRO_VIG;2025-04-02;19;
SIMPRO;2026-04-12;material;326743;12;;TENA;ROUPA INTIMA TENA PANTS DERMACARE G/EG 16UN;;;;;;;;;;;;;;4.963;SIMPRO_VIG;0030-12-19;19;
SIMPRO;2026-04-12;material;0000326742;12;;TENA;ROUPA INTIMA TENA PANTS DERMACARE G/EG 16UN 4PCT;;;;;;;;;;;;;;86.38;SIMPRO_VIG;2025-04-02;19;
SIMPRO;2026-04-12;material;326742;12;;TENA;ROUPA INTIMA TENA PANTS DERMACARE G/EG 16UN 4PCT;;;;;;;;;;;;;;79.395;SIMPRO_VIG;0030-12-19;19;
SIMPRO;2026-04-12;material;0000326737;12;;TENA;ROUPA INTIMA TENA PANTS DERMACARE P/M 08UN;;;;;;;;;;;;;;5.95;SIMPRO_VIG;2025-04-02;19;
SIMPRO;2026-04-12;material;326737;12;;TENA;ROUPA INTIMA TENA PANTS DERMACARE P/M 08UN;;;;;;;;;;;;;;5.47;SIMPRO_VIG;0030-12-19;19;
SIMPRO;2026-04-12;material;0000326736;12;;TENA;ROUPA INTIMA TENA PANTS DERMACARE P/M 08UN 8PCT;;;;;;;;;;;;;;47.601;SIMPRO_VIG;2025-04-02;19;
SIMPRO;2026-04-12;material;326736;12;;TENA;ROUPA INTIMA TENA PANTS DERMACARE P/M 08UN 8PCT;;;;;;;;;;;;;;43.753;SIMPRO_VIG;0030-12-19;19;
SIMPRO;2026-04-12;material;0000326741;12;;TENA;ROUPA INTIMA TENA PANTS DERMACARE P/M 16UN;;;;;;;;;;;;;;5.399;SIMPRO_VIG;2025-04-02;19;
SIMPRO;2026-04-12;material;326741;12;;TENA;ROUPA INTIMA TENA PANTS DERMACARE P/M 16UN;;;;;;;;;;;;;;4.963;SIMPRO_VIG;0030-12-19;19;
SIMPRO;2026-04-12;material;0000326740;12;;TENA;ROUPA INTIMA TENA PANTS DERMACARE P/M 16UN 4PCT;;;;;;;;;;;;;;86.38;SIMPRO_VIG;2025-04-02;19;
SIMPRO;2026-04-12;material;326740;12;;TENA;ROUPA INTIMA TENA PANTS DERMACARE P/M 16UN 4PCT;;;;;;;;;;;;;;79.395;SIMPRO_VIG;0030-12-19;19;
SIMPRO;2026-04-12;material;0000347948;12;;TENA;ROUPA INTIMA TENA PANTS DISC BLACK G/EG 16UN;;;;;;;;;;;;;;4.756;SIMPRO_VIG;2025-04-02;19;
SIMPRO;2026-04-12;material;347948;12;;TENA;ROUPA INTIMA TENA PANTS DISC BLACK G/EG 16UN;;;;;;;;;;;;;;4.372;SIMPRO_VIG;0030-12-19;19;
SIMPRO;2026-04-12;material;0000347947;12;;TENA;ROUPA INTIMA TENA PANTS DISC BLACK G/EG 16UN 4PCT;;;;;;;;;;;;;;76.088;SIMPRO_VIG;2025-04-02;19;
SIMPRO;2026-04-12;material;347947;12;;TENA;ROUPA INTIMA TENA PANTS DISC BLACK G/EG 16UN 4PCT;;;;;;;;;;;;;;69.945;SIMPRO_VIG;0030-12-19;19;
SIMPRO;2026-04-12;material;0000318967;12;;TENA;ROUPA INTIMA TENA PANTS DISC BLACK GRD./EG.8PCTS C/8UNID.;;;;;;;;;;;;;;34.113;SIMPRO_VIG;2023-07-05;19;
SIMPRO;2026-04-12;material;0000320998;12;;TENA;ROUPA INTIMA TENA PANTS DISC BLACK GRD./EG.8UNID.;;;;;;;;;;;;;;4.264;SIMPRO_VIG;2023-07-05;19;
SIMPRO;2026-04-12;material;0000347950;12;;TENA;ROUPA INTIMA TENA PANTS DISC BLACK P/M 16UN;;;;;;;;;;;;;;4.756;SIMPRO_VIG;2025-04-02;19;
SIMPRO;2026-04-12;material;347950;12;;TENA;ROUPA INTIMA TENA PANTS DISC BLACK P/M 16UN;;;;;;;;;;;;;;4.372;SIMPRO_VIG;0030-12-19;19;
SIMPRO;2026-04-12;material;0000347949;12;;TENA;ROUPA INTIMA TENA PANTS DISC BLACK P/M 16UN 4PCT;;;;;;;;;;;;;;76.088;SIMPRO_VIG;2025-04-02;19;
SIMPRO;2026-04-12;material;347949;12;;TENA;ROUPA INTIMA TENA PANTS DISC BLACK P/M 16UN 4PCT;;;;;;;;;;;;;;69.945;SIMPRO_VIG;0030-12-19;19;
SIMPRO;2026-04-12;material;0000318966;12;;TENA;ROUPA INTIMA TENA PANTS DISC BLACK PEQ./MED.8PCTS C/8UNID.;;;;;;;;;;;;;;34.113;SIMPRO_VIG;2023-07-05;19;
SIMPRO;2026-04-12;material;0000320997;12;;TENA;ROUPA INTIMA TENA PANTS DISC BLACK PEQ./MED.8UNID.;;;;;;;;;;;;;;4.264;SIMPRO_VIG;2023-07-05;19;
SIMPRO;2026-04-12;material;0000347952;12;;TENA;ROUPA INTIMA TENA PANTS DISC NUDE G/EG 16UN;;;;;;;;;;;;;;4.756;SIMPRO_VIG;2025-04-02;19;
SIMPRO;2026-04-12;material;347952;12;;TENA;ROUPA INTIMA TENA PANTS DISC NUDE G/EG 16UN;;;;;;;;;;;;;;4.372;SIMPRO_VIG;0030-12-19;19;
SIMPRO;2026-04-12;material;0000347951;12;;TENA;ROUPA INTIMA TENA PANTS DISC NUDE G/EG 16UN 4PCT;;;;;;;;;;;;;;76.088;SIMPRO_VIG;2025-04-02;19;
SIMPRO;2026-04-12;material;347951;12;;TENA;ROUPA INTIMA TENA PANTS DISC NUDE G/EG 16UN 4PCT;;;;;;;;;;;;;;69.945;SIMPRO_VIG;0030-12-19;19;
SIMPRO;2026-04-12;material;0000318965;12;;TENA;ROUPA INTIMA TENA PANTS DISC NUDE GRD./EG.8PCTS C/8UNID.;;;;;;;;;;;;;;34.113;SIMPRO_VIG;2023-07-05;19;
SIMPRO;2026-04-12;material;0000320996;12;;TENA;ROUPA INTIMA TENA PANTS DISC NUDE GRD./EG.8UNID.;;;;;;;;;;;;;;4.264;SIMPRO_VIG;2023-07-05;19;
SIMPRO;2026-04-12;material;0000347954;12;;TENA;ROUPA INTIMA TENA PANTS DISC NUDE P/M 16UN;;;;;;;;;;;;;;4.756;SIMPRO_VIG;2025-04-02;19;
SIMPRO;2026-04-12;material;347954;12;;TENA;ROUPA INTIMA TENA PANTS DISC NUDE P/M 16UN;;;;;;;;;;;;;;4.372;SIMPRO_VIG;0030-12-19;19;
SIMPRO;2026-04-12;material;0000347953;12;;TENA;ROUPA INTIMA TENA PANTS DISC NUDE P/M 16UN 4PCT;;;;;;;;;;;;;;76.088;SIMPRO_VIG;2025-04-02;19;
SIMPRO;2026-04-12;material;347953;12;;TENA;ROUPA INTIMA TENA PANTS DISC NUDE P/M 16UN 4PCT;;;;;;;;;;;;;;69.945;SIMPRO_VIG;0030-12-19;19;
SIMPRO;2026-04-12;material;0000318964;12;;TENA;ROUPA INTIMA TENA PANTS DISC NUDE PEQ./MED.8PCTS C/8UNID.;;;;;;;;;;;;;;34.114;SIMPRO_VIG;2023-07-05;19;
SIMPRO;2026-04-12;material;0000320995;12;;TENA;ROUPA INTIMA TENA PANTS DISC NUDE PEQ./MED.8UNID.;;;;;;;;;;;;;;4.264;SIMPRO_VIG;2023-07-05;19;
SIMPRO;2026-04-12;material;0000347956;12;;TENA;ROUPA INTIMA TENA PANTS MEN G/EG 16UN;;;;;;;;;;;;;;5.194;SIMPRO_VIG;2025-04-02;19;
SIMPRO;2026-04-12;material;347956;12;;TENA;ROUPA INTIMA TENA PANTS MEN G/EG 16UN;;;;;;;;;;;;;;4.774;SIMPRO_VIG;0030-12-19;19;
SIMPRO;2026-04-12;material;0000347955;12;;TENA;ROUPA INTIMA TENA PANTS MEN G/EG 16UN 4PCT;;;;;;;;;;;;;;83.105;SIMPRO_VIG;2025-04-02;19;
SIMPRO;2026-04-12;material;347955;12;;TENA;ROUPA INTIMA TENA PANTS MEN G/EG 16UN 4PCT;;;;;;;;;;;;;;76.385;SIMPRO_VIG;0030-12-19;19;
SIMPRO;2026-04-12;material;0000318973;12;;TENA;ROUPA INTIMA TENA PANTS MEN GRD./EG.8PCTS C/8UNID.;;;;;;;;;;;;;;34.816;SIMPRO_VIG;2023-07-05;19;
SIMPRO;2026-04-12;material;0000321004;12;;TENA;ROUPA INTIMA TENA PANTS MEN GRD./EG.8UNID.;;;;;;;;;;;;;;4.353;SIMPRO_VIG;2023-07-05;19;
SIMPRO;2026-04-12;material;0000347958;12;;TENA;ROUPA INTIMA TENA PANTS MEN P/M 16UN;;;;;;;;;;;;;;5.194;SIMPRO_VIG;2025-04-02;19;
SIMPRO;2026-04-12;material;347958;12;;TENA;ROUPA INTIMA TENA PANTS MEN P/M 16UN;;;;;;;;;;;;;;4.774;SIMPRO_VIG;0030-12-19;19;
SIMPRO;2026-04-12;material;0000347957;12;;TENA;ROUPA INTIMA TENA PANTS MEN P/M 16UN 4PCT;;;;;;;;;;;;;;83.105;SIMPRO_VIG;2025-04-02;19;
SIMPRO;2026-04-12;material;347957;12;;TENA;ROUPA INTIMA TENA PANTS MEN P/M 16UN 4PCT;;;;;;;;;;;;;;76.385;SIMPRO_VIG;0030-12-19;19;
SIMPRO;2026-04-12;material;0000318972;12;;TENA;ROUPA INTIMA TENA PANTS MEN PEQ./MED.8PCTS C/8UNID.;;;;;;;;;;;;;;34.816;SIMPRO_VIG;2023-07-05;19;
SIMPRO;2026-04-12;material;0000321003;12;;TENA;ROUPA INTIMA TENA PANTS MEN PEQ./MED.8UNID.;;;;;;;;;;;;;;4.353;SIMPRO_VIG;2023-07-05;19;
SIMPRO;2026-04-12;material;0000321002;12;;TENA;ROUPA INTIMA TENA PANTS NOTURNA G/EG 07UN;;;;;;;;;;;;;;6.179;SIMPRO_VIG;2025-04-02;19;
SIMPRO;2026-04-12;material;321002;12;;TENA;ROUPA INTIMA TENA PANTS NOTURNA G/EG 07UN;;;;;;;;;;;;;;5.679;SIMPRO_VIG;0030-12-19;19;
SIMPRO;2026-04-12;material;0000318971;12;;TENA;ROUPA INTIMA TENA PANTS NOTURNA G/EG 07UN 8PCT;;;;;;;;;;;;;;43.251;SIMPRO_VIG;2025-04-02;19;
SIMPRO;2026-04-12;material;318971;12;;TENA;ROUPA INTIMA TENA PANTS NOTURNA G/EG 07UN 8PCT;;;;;;;;;;;;;;39.745;SIMPRO_VIG;0030-12-19;19;
SIMPRO;2026-04-12;material;0000326747;12;;TENA;ROUPA INTIMA TENA PANTS NOTURNA G/EG 16UN;;;;;;;;;;;;;;5.869;SIMPRO_VIG;2025-04-02;19;
SIMPRO;2026-04-12;material;326747;12;;TENA;ROUPA INTIMA TENA PANTS NOTURNA G/EG 16UN;;;;;;;;;;;;;;5.395;SIMPRO_VIG;0030-12-19;19;
SIMPRO;2026-04-12;material;0000326746;12;;TENA;ROUPA INTIMA TENA PANTS NOTURNA G/EG 16UN 4PCT;;;;;;;;;;;;;;93.9;SIMPRO_VIG;2025-04-02;19;
SIMPRO;2026-04-12;material;326746;12;;TENA;ROUPA INTIMA TENA PANTS NOTURNA G/EG 16UN 4PCT;;;;;;;;;;;;;;86.318;SIMPRO_VIG;0030-12-19;19;
SIMPRO;2026-04-12;material;0000321001;12;;TENA;ROUPA INTIMA TENA PANTS NOTURNA P/M 07UN;;;;;;;;;;;;;;6.179;SIMPRO_VIG;2025-04-02;19;
SIMPRO;2026-04-12;material;321001;12;;TENA;ROUPA INTIMA TENA PANTS NOTURNA P/M 07UN;;;;;;;;;;;;;;5.679;SIMPRO_VIG;0030-12-19;19;
SIMPRO;2026-04-12;material;0000318970;12;;TENA;ROUPA INTIMA TENA PANTS NOTURNA P/M 07UN 8PCT;;;;;;;;;;;;;;43.251;SIMPRO_VIG;2025-04-02;19;
SIMPRO;2026-04-12;material;318970;12;;TENA;ROUPA INTIMA TENA PANTS NOTURNA P/M 07UN 8PCT;;;;;;;;;;;;;;39.745;SIMPRO_VIG;0030-12-19;19;
SIMPRO;2026-04-12;material;0000326745;12;;TENA;ROUPA INTIMA TENA PANTS NOTURNA P/M 16UN;;;;;;;;;;;;;;5.869;SIMPRO_VIG;2025-04-02;19;
SIMPRO;2026-04-12;material;326745;12;;TENA;ROUPA INTIMA TENA PANTS NOTURNA P/M 16UN;;;;;;;;;;;;;;5.395;SIMPRO_VIG;0030-12-19;19;
SIMPRO;2026-04-12;material;0000326744;12;;TENA;ROUPA INTIMA TENA PANTS NOTURNA P/M 16UN 4PCT;;;;;;;;;;;;;;93.9;SIMPRO_VIG;2025-04-02;19;
SIMPRO;2026-04-12;material;326744;12;;TENA;ROUPA INTIMA TENA PANTS NOTURNA P/M 16UN 4PCT;;;;;;;;;;;;;;86.318;SIMPRO_VIG;0030-12-19;19;
SIMPRO;2026-04-12;material;0000354249;12;;TENA;ROUPA INTIMA TENA PANTS PLUS SIZE 8PCTS 8UN;;;;;;;;;;;;;;84.283;SIMPRO_VIG;2025-04-02;19;
SIMPRO;2026-04-12;material;354249;12;;TENA;ROUPA INTIMA TENA PANTS PLUS SIZE 8PCTS 8UN;;;;;;;;;;;;;;77.475;SIMPRO_VIG;0030-12-19;19;
SIMPRO;2026-04-12;material;0000354248;12;;TENA;ROUPA INTIMA TENA PANTS PLUS SIZE 8UN;;;;;;;;;;;;;;10.535;SIMPRO_VIG;2025-04-02;19;
SIMPRO;2026-04-12;material;354248;12;;TENA;ROUPA INTIMA TENA PANTS PLUS SIZE 8UN;;;;;;;;;;;;;;9.685;SIMPRO_VIG;0030-12-19;19;
SIMPRO;2026-04-12;material;0000321031;12;;TENA;ROUPA INTIMA TENA PANTS ULTRA GRD./EG.L18P15 H 18UNID.;;;;;;;;;;;;;;3.332;SIMPRO_VIG;2021-03-09;19;
SIMPRO;2026-04-12;material;0000319006;12;;TENA;ROUPA INTIMA TENA PANTS ULTRA GRD./EG.L18P15 H 4PCTS C/18UNID.;;;;;;;;;;;;;;55.01;SIMPRO_VIG;2020-11-06;19;
SIMPRO;2026-04-12;material;0000321032;12;;TENA;ROUPA INTIMA TENA PANTS ULTRA GRD./EG.L8UP7X HL 18UNID.;;;;;;;;;;;;;;1.632;SIMPRO_VIG;2021-03-09;19;
SIMPRO;2026-04-12;material;0000319007;12;;TENA;ROUPA INTIMA TENA PANTS ULTRA GRD./EG.L8UP7X HL 8PCTS C/18UNID.;;;;;;;;;;;;;;26.94;SIMPRO_VIG;2020-11-06;19;
SIMPRO;2026-04-12;material;0000321033;12;;TENA;ROUPA INTIMA TENA PANTS ULTRA PEQ./MED.L18P15 HL 18UNID.;;;;;;;;;;;;;;3.332;SIMPRO_VIG;2021-03-09;19;
SIMPRO;2026-04-12;material;0000319008;12;;TENA;ROUPA INTIMA TENA PANTS ULTRA PEQ./MED.L18P15 HL 4PCTS C/18UNID.;;;;;;;;;;;;;;55.01;SIMPRO_VIG;2020-11-06;19;
SIMPRO;2026-04-12;material;0000321034;12;;TENA;ROUPA INTIMA TENA PANTS ULTRA PEQ./MED.L8UP7 HL 18UNID.;;;;;;;;;;;;;;1.632;SIMPRO_VIG;2021-03-09;19;
SIMPRO;2026-04-12;material;0000319009;12;;TENA;ROUPA INTIMA TENA PANTS ULTRA PEQ./MED.L8UP7 HL 8PCTS C/18UNID.;;;;;;;;;;;;;;26.94;SIMPRO_VIG;2020-11-06;19;
SIMPRO;2026-04-12;material;0000043629;12;;CENTERLAB;RPR (SO ANTIGENO) - 5,0ML WAMA;;;;;;;;;;;;;;41.5;SIMPRO_VIG;2006-04-19;19;
SIMPRO;2026-04-12;material;0000043626;12;;CENTERLAB;RPR - 2,5ML (SORO/PLASMA P/FLOCULACAO) WAMA;;;;;;;;;;;;;;0.415;SIMPRO_VIG;2006-04-19;19;
SIMPRO;2026-04-12;material;0000043628;12;;CENTERLAB;RPR - 5,0ML (SORO/PLASMA P/FLOCULACAO) WAMA;;;;;;;;;;;;;;0.272;SIMPRO_VIG;2006-04-19;19;
SIMPRO;2026-04-12;material;0000119663;12;;RIOQUIMICA;RQ ESCOVA SECA ESTERIL 0762;;;;;;;;;;;;;;1.93;SIMPRO_VIG;2011-09-02;19;
SIMPRO;2026-04-12;material;0000119664;12;;RIOQUIMICA;RQ ESCOVA SECA N/EST.;;;;;;;;;;;;;;7.36;SIMPRO_VIG;2022-08-30;19;
SIMPRO;2026-04-12;material;0000088627;12;;RENAL-TEC;RT-STENT 14,4MMX2,5MM MONTADO BALAO TROCA RAPIDA BIOSENSORS;;;;;;;;;;;;;;8852.04;SIMPRO_VIG;2026-03-31;19;
SIMPRO;2026-04-12;material;0000088632;12;;RENAL-TEC;RT-STENT 14,4MMX3MM MONTADO BALAO TROCA RAPIDA BIOSENSORS;;;;;;;;;;;;;;8852.04;SIMPRO_VIG;2026-03-31;19;
SIMPRO;2026-04-12;material;0000088637;12;;RENAL-TEC;RT-STENT 14,6MMX3,5MM MONTADO BALAO TROCA RAPIDA BIOSENSORS;;;;;;;;;;;;;;8852.04;SIMPRO_VIG;2026-03-31;19;
SIMPRO;2026-04-12;material;0000088642;12;;RENAL-TEC;RT-STENT 14,6MMX4MM MONTADO BALAO TROCA RAPIDA BIOSENSORS;;;;;;;;;;;;;;8852.04;SIMPRO_VIG;2026-03-31;19;
SIMPRO;2026-04-12;material;0000088638;12;;RENAL-TEC;RT-STENT 18,4MMX3,5MM MONTADO BALAO TROCA RAPIDA BIOSENSORS;;;;;;;;;;;;;;8852.04;SIMPRO_VIG;2026-03-31;19;
SIMPRO;2026-04-12;material;0000088643;12;;RENAL-TEC;RT-STENT 18,4MMX4MM MONTADO BALAO TROCA RAPIDA BIOSENSORS;;;;;;;;;;;;;;8852.04;SIMPRO_VIG;2026-03-31;19;
SIMPRO;2026-04-12;material;0000088628;12;;RENAL-TEC;RT-STENT 18,7MMX2,5MM MONTADO BALAO TROCA RAPIDA BIOSENSORS;;;;;;;;;;;;;;8852.04;SIMPRO_VIG;2026-03-31;19;
SIMPRO;2026-04-12;material;0000088633;12;;RENAL-TEC;RT-STENT 18,7MMX3MM MONTADO BALAO TROCA RAPIDA BIOSENSORS;;;;;;;;;;;;;;8852.04;SIMPRO_VIG;2026-03-31;19;
SIMPRO;2026-04-12;material;0000088639;12;;RENAL-TEC;RT-STENT 23,2MMX3,5MM MONTADO BALAO TROCA RAPIDA BIOSENSORS;;;;;;;;;;;;;;8852.04;SIMPRO_VIG;2026-03-31;19;
SIMPRO;2026-04-12;material;0000088644;12;;RENAL-TEC;RT-STENT 23,2MMX4MM MONTADO BALAO TROCA RAPIDA BIOSENSORS;;;;;;;;;;;;;;8852.04;SIMPRO_VIG;2026-03-31;19;
SIMPRO;2026-04-12;material;0000088629;12;;RENAL-TEC;RT-STENT 24,5MMX2,5MM MONTADO BALAO TROCA RAPIDA BIOSENSORS;;;;;;;;;;;;;;8852.04;SIMPRO_VIG;2026-03-31;19;
SIMPRO;2026-04-12;material;0000088634;12;;RENAL-TEC;RT-STENT 24,5MMX3MM MONTADO BALAO TROCA RAPIDA BIOSENSORS;;;;;;;;;;;;;;8852.04;SIMPRO_VIG;2026-03-31;19;
SIMPRO;2026-04-12;material;0000088640;12;;RENAL-TEC;RT-STENT 28,2MMX3,5MM MONTADO BALAO TROCA RAPIDA BIOSENSORS;;;;;;;;;;;;;;8852.04;SIMPRO_VIG;2026-03-31;19;
SIMPRO;2026-04-12;material;0000088645;12;;RENAL-TEC;RT-STENT 28,2MMX4MM MONTADO BALAO TROCA RAPIDA BIOSENSORS;;;;;;;;;;;;;;8852.04;SIMPRO_VIG;2026-03-31;19;
SIMPRO;2026-04-12;material;0000088630;12;;RENAL-TEC;RT-STENT 28,9MMX2,5MM MONTADO BALAO TROCA RAPIDA BIOSENSORS;;;;;;;;;;;;;;8852.04;SIMPRO_VIG;2026-03-31;19;
SIMPRO;2026-04-12;material;0000088635;12;;RENAL-TEC;RT-STENT 28,9MMX3MM MONTADO BALAO TROCA RAPIDA BIOSENSORS;;;;;;;;;;;;;;8852.04;SIMPRO_VIG;2026-03-31;19;
SIMPRO;2026-04-12;material;0000088626;12;;RENAL-TEC;RT-STENT 8,4MMX2,5MM MONTADO BALAO TROCA RAPIDA BIOSENSORS;;;;;;;;;;;;;;8852.04;SIMPRO_VIG;2026-03-31;19;
SIMPRO;2026-04-12;material;0000088636;12;;RENAL-TEC;RT-STENT 8,4MMX3,5MM MONTADO BALAO TROCA RAPIDA BIOSENSORS;;;;;;;;;;;;;;8852.04;SIMPRO_VIG;2026-03-31;19;
SIMPRO;2026-04-12;material;0000088631;12;;RENAL-TEC;RT-STENT 8,4MMX3MM MONTADO BALAO TROCA RAPIDA BIOSENSORS;;;;;;;;;;;;;;8852.04;SIMPRO_VIG;2026-03-31;19;
SIMPRO;2026-04-12;material;0000088641;12;;RENAL-TEC;RT-STENT 8,4MMX4MM MONTADO BALAO TROCA RAPIDA BIOSENSORS;;;;;;;;;;;;;;8852.04;SIMPRO_VIG;2026-03-31;19;
SIMPRO;2026-04-12;material;0006350476;12;;SALVAPE;RUBBER-BAND ASSIST TAM.UNICO;;;;;;;;;;;;;;25.2;SIMPRO_VIG;2021-01-19;19;
SIMPRO;2026-04-12;material;0000014635;12;;SALVAPE;RUBBER-BAND P/EXERC.RESIST.15CM RL.25MT.LARANJA MAXIMA;;;;;;;;;;;;;;0.303;SIMPRO_VIG;2019-03-07;19;
SIMPRO;2026-04-12;material;0000062471;12;;SALVAPE;RUBBER-BAND P/EXERC.RESIST.15CM RL.2MT.AMARELO SUAVE;;;;;;;;;;;;;;0.149;SIMPRO_VIG;2020-10-15;19;
SIMPRO;2026-04-12;material;0000062474;12;;SALVAPE;RUBBER-BAND P/EXERC.RESIST.15CM RL.2MT.AZUL EXTRA-FORTE;;;;;;;;;;;;;;0.266;SIMPRO_VIG;2019-03-07;19;
SIMPRO;2026-04-12;material;0000062476;12;;SALVAPE;RUBBER-BAND P/EXERC.RESIST.15CM RL.2MT.CINZA EXTRA SUPER FORTE;;;;;;;;;;;;;;0.474;SIMPRO_VIG;2019-03-07;19;
SIMPRO;2026-04-12;material;0000062477;12;;SALVAPE;RUBBER-BAND P/EXERC.RESIST.15CM RL.2MT.LARANJA MAXIMA;;;;;;;;;;;;;;0.568;SIMPRO_VIG;2019-03-07;19;
SIMPRO;2026-04-12;material;0000062472;12;;SALVAPE;RUBBER-BAND P/EXERC.RESIST.15CM RL.2MT.ROSA MEDIA;;;;;;;;;;;;;;0.19;SIMPRO_VIG;2019-03-07;19;
SIMPRO;2026-04-12;material;0000062475;12;;SALVAPE;RUBBER-BAND P/EXERC.RESIST.15CM RL.2MT.ROXO SUPER FORTE;;;;;;;;;;;;;;0.349;SIMPRO_VIG;2019-03-07;19;
SIMPRO;2026-04-12;material;0000062473;12;;SALVAPE;RUBBER-BAND P/EXERC.RESIST.15CM RL.2MT.VERDE FORTE;;;;;;;;;;;;;;0.229;SIMPRO_VIG;2019-03-07;19;
SIMPRO;2026-04-12;material;0000014629;12;;SALVAPE;RUBBER-BAND P/EXERC.RESIST.15CM RL.45MT.AMARELO SUAVE;;;;;;;;;;;;;;0.132;SIMPRO_VIG;2019-03-07;19;
SIMPRO;2026-04-12;material;0000014632;12;;SALVAPE;RUBBER-BAND P/EXERC.RESIST.15CM RL.45MT.AZUL EXTRA FORTE;;;;;;;;;;;;;;0.237;SIMPRO_VIG;2019-03-07;19;
SIMPRO;2026-04-12;material;0000014634;12;;SALVAPE;RUBBER-BAND P/EXERC.RESIST.15CM RL.45MT.CINZA EXTRA SUPER FORTE;;;;;;;;;;;;;;0.421;SIMPRO_VIG;2019-03-07;19;
SIMPRO;2026-04-12;material;0000014630;12;;SALVAPE;RUBBER-BAND P/EXERC.RESIST.15CM RL.45MT.ROSA MEDIA;;;;;;;;;;;;;;0.169;SIMPRO_VIG;2019-03-07;19;
SIMPRO;2026-04-12;material;0000014633;12;;SALVAPE;RUBBER-BAND P/EXERC.RESIST.15CM RL.45MT.ROXO SUPER FORTE;;;;;;;;;;;;;;0.31;SIMPRO_VIG;2019-03-07;19;
SIMPRO;2026-04-12;material;0000014631;12;;SALVAPE;RUBBER-BAND P/EXERC.RESIST.15CM RL.45MT.VERDE FORTE;;;;;;;;;;;;;;0.203;SIMPRO_VIG;2019-03-07;19;
SIMPRO;2026-04-12;material;0006350478;12;;SALVAPE;RUBBER-BAND P/EXERC.RESIST.15CM RL.5MT.AMARELO SUAVE;;;;;;;;;;;;;;0.122;SIMPRO_VIG;2016-03-09;19;
SIMPRO;2026-04-12;material;0006350481;12;;SALVAPE;RUBBER-BAND P/EXERC.RESIST.15CM RL.5MT.AZUL EXTRA FORTE;;;;;;;;;;;;;;0.219;SIMPRO_VIG;2016-03-09;19;
SIMPRO;2026-04-12;material;0006350483;12;;SALVAPE;RUBBER-BAND P/EXERC.RESIST.15CM RL.5MT.CINZA EXTRA SUPER FORTE;;;;;;;;;;;;;;0.39;SIMPRO_VIG;2016-03-09;19;
SIMPRO;2026-04-12;material;0000014627;12;;SALVAPE;RUBBER-BAND P/EXERC.RESIST.15CM RL.5MT.LARANJA MAXIMA;;;;;;;;;;;;;;0.504;SIMPRO_VIG;2016-03-09;19;
SIMPRO;2026-04-12;material;0006350482;12;;SALVAPE;RUBBER-BAND P/EXERC.RESIST.15CM RL.5MT.ROXO SUPER FORTE;;;;;;;;;;;;;;0.287;SIMPRO_VIG;2016-03-09;19;
SIMPRO;2026-04-12;material;0000083145;12;;CENTERLAB;RUBEOLA IGG P/AVIDEZ WAMA;;;;;;;;;;;;;;657.9;SIMPRO_VIG;2006-04-19;19;
SIMPRO;2026-04-12;material;0000113716;12;;CIRURGICA FERNANDES;RUGINA ALEXANDER-FARABEUF 22CM COSTAL DUPLO PROFESSIONAL;;;;;;;;;;;;;;277.07;SIMPRO_VIG;2015-09-10;19;
SIMPRO;2026-04-12;material;0000113718;12;;CIRURGICA FERNANDES;RUGINA CUSHING 18CM CURVA LIGEIRA CORTE RETO 15MM LARGURA;;;;;;;;;;;;;;175.58;SIMPRO_VIG;2015-09-10;19;
SIMPRO;2026-04-12;material;0000113719;12;;CIRURGICA FERNANDES;RUGINA DAVIDSON ALEXANDRE 29CM COSTAL DUPLA PROFESSIONAL;;;;;;;;;;;;;;280.97;SIMPRO_VIG;2015-09-10;19;
SIMPRO;2026-04-12;material;0000122155;12;;ERWIN GUTH;RUGINA DESCOLADOR COBB 999.295;;;;;;;;;;;;;;249.48;SIMPRO_VIG;2009-08-12;19;
SIMPRO;2026-04-12;material;0000113720;12;;CIRURGICA FERNANDES;RUGINA DOYEN 14,5CM DIR.COSTAL INF. PROFESSIONAL;;;;;;;;;;;;;;171.71;SIMPRO_VIG;2015-09-10;19;
SIMPRO;2026-04-12;material;0000113721;12;;CIRURGICA FERNANDES;RUGINA DOYEN 14,5CM ESQ.COSTAL INF. PROFESSIONAL;;;;;;;;;;;;;;171.71;SIMPRO_VIG;2015-09-10;19;
SIMPRO;2026-04-12;material;0000113722;12;;CIRURGICA FERNANDES;RUGINA DOYEN 17,0CM DIR.COSTAL ADU.PROFESSIONAL;;;;;;;;;;;;;;171.71;SIMPRO_VIG;2015-09-10;19;
SIMPRO;2026-04-12;material;0000113723;12;;CIRURGICA FERNANDES;RUGINA DOYEN 17,0CM ESQ.COSTAL ADU.PROFESSIONAL;;;;;;;;;;;;;;171.71;SIMPRO_VIG;2015-09-10;19;
SIMPRO;2026-04-12;material;0000162793;12;;C.FERNANDES;RUGINA DOYEN 17CM ESQ.ADU.PROFESSIONAL MA.54.30.12;;;;;;;;;;;;;;72.34;SIMPRO_VIG;2011-11-16;19;
SIMPRO;2026-04-12;material;0000138900;12;;EDLO;RUGINA DOYEN DIR.17CM;;;;;;;;;;;;;;349.91;SIMPRO_VIG;2016-07-26;19;
SIMPRO;2026-04-12;material;0000138901;12;;EDLO;RUGINA DOYEN ESQ.17CM;;;;;;;;;;;;;;349.91;SIMPRO_VIG;2016-07-26;19;
SIMPRO;2026-04-12;material;0002410150;12;;ERWIN GUTH;RUGINA DOYEN P/COSTELA DIR. 670.001A;;;;;;;;;;;;;;106.92;SIMPRO_VIG;2009-08-12;19;
SIMPRO;2026-04-12;material;0000000812;12;;ERWIN GUTH;RUGINA DOYEN P/COSTELA ESQ. 670.001B;;;;;;;;;;;;;;106.92;SIMPRO_VIG;2009-08-12;19;
SIMPRO;2026-04-12;material;0000113724;12;;CIRURGICA FERNANDES;RUGINA FARABEUF 15CM CURVA 13MM LARG.PROFESSIONAL;;;;;;;;;;;;;;119.4;SIMPRO_VIG;2015-09-10;19;
SIMPRO;2026-04-12;material;0000113725;12;;CIRURGICA FERNANDES;RUGINA FARABEUF 15CM RETA 13MM LARG.PROFESSIONAL;;;;;;;;;;;;;;119.4;SIMPRO_VIG;2015-09-10;19;
SIMPRO;2026-04-12;material;0002410464;12;;ERWIN GUTH;RUGINA FARABEUF CURVA 15CM 10MM 670.005;;;;;;;;;;;;;;74.13;SIMPRO_VIG;2010-02-17;19;
SIMPRO;2026-04-12;material;0002315470;12;;EDLO;RUGINA FARABEUF CURVA P/OSSO 15CM;;;;;;;;;;;;;;112.74;SIMPRO_VIG;2016-07-26;19;
SIMPRO;2026-04-12;material;0002410223;12;;ERWIN GUTH;RUGINA FARABEUF RETA 15CM 10MM 670.004;;;;;;;;;;;;;;74.13;SIMPRO_VIG;2009-08-12;19;
SIMPRO;2026-04-12;material;0002315469;12;;EDLO;RUGINA FARABEUF RETA P/OSSO 15CM;;;;;;;;;;;;;;112.74;SIMPRO_VIG;2016-07-26;19;
SIMPRO;2026-04-12;material;0000112908;12;;CIRURGICA FERNANDES;RUGINA GOIVA SMITH-PETERSEN 20CM 20MM LARG.CURVA PROFESSIONAL;;;;;;;;;;;;;;525.26;SIMPRO_VIG;2015-09-10;19;
SIMPRO;2026-04-12;material;0000112909;12;;CIRURGICA FERNANDES;RUGINA GOIVA STILLE 16CM 8MM LARG.RETA PROFESSIONAL;;;;;;;;;;;;;;259.91;SIMPRO_VIG;2015-09-10;19;
SIMPRO;2026-04-12;material;0000112910;12;;CIRURGICA FERNANDES;RUGINA GOIVA STILLE RETA 16CM 10MM LARG.RETA PROFESSIONAL;;;;;;;;;;;;;;259.91;SIMPRO_VIG;2015-09-10;19;
SIMPRO;2026-04-12;material;0000112911;12;;CIRURGICA FERNANDES;RUGINA GOIVA STILLE RETA 16CM 12MM LARG.RETA PROFESSIONAL;;;;;;;;;;;;;;259.91;SIMPRO_VIG;2015-09-10;19;
SIMPRO;2026-04-12;material;0002410465;12;;ERWIN GUTH;RUGINA HARTMANN RETA 670.007;;;;;;;;;;;;;;102.17;SIMPRO_VIG;2010-02-17;19;
SIMPRO;2026-04-12;material;0000113726;12;;CIRURGICA FERNANDES;RUGINA JOSEPH 16,5CM LIGEIRAMENTE CURVA 4MM LARG.PROFESSIONAL;;;;;;;;;;;;;;175.58;SIMPRO_VIG;2015-09-10;19;
SIMPRO;2026-04-12;material;0002410466;12;;ERWIN GUTH;RUGINA LAMBOTTE 20CM 20MM 670.009;;;;;;;;;;;;;;154.44;SIMPRO_VIG;2010-02-17;19;
SIMPRO;2026-04-12;material;0000113727;12;;CIRURGICA FERNANDES;RUGINA LAMBOTTE 21CM CURVA LIGEIRA 10MM LARG.PROFESSIONAL;;;;;;;;;;;;;;202.22;SIMPRO_VIG;2015-09-10;19;
SIMPRO;2026-04-12;material;0000113728;12;;CIRURGICA FERNANDES;RUGINA LAMBOTTE 21CM CURVA LIGEIRA 15MM LARG.PROFESSIONAL;;;;;;;;;;;;;;202.22;SIMPRO_VIG;2015-09-10;19;
SIMPRO;2026-04-12;material;0000113730;12;;CIRURGICA FERNANDES;RUGINA LAMBOTTE 21CM CURVA LIGEIRA 20MM LARG.PROFESSIONAL;;;;;;;;;;;;;;202.22;SIMPRO_VIG;2015-09-10;19;
SIMPRO;2026-04-12;material;0000113731;12;;CIRURGICA FERNANDES;RUGINA LAMBOTTE 21CM CURVA LIGEIRA 25MM LARG.PROFESSIONAL;;;;;;;;;;;;;;223.49;SIMPRO_VIG;2015-09-10;19;
SIMPRO;2026-04-12;material;0000274791;12;;CIRURGICA FERNANDES;RUGINA LAMBOTTE 25MMX21CM WELDON;;;;;;;;;;;;;;223.49;SIMPRO_VIG;2016-07-19;19;
SIMPRO;2026-04-12;material;0000115596;12;;EDLO;RUGINA LAMBOTTE C/PTA.10MM 20CM;;;;;;;;;;;;;;182.38;SIMPRO_VIG;2016-07-26;19;
SIMPRO;2026-04-12;material;0000115597;12;;EDLO;RUGINA LAMBOTTE C/PTA.15MM 20CM;;;;;;;;;;;;;;182.38;SIMPRO_VIG;2016-07-26;19;
SIMPRO;2026-04-12;material;0000115598;12;;EDLO;RUGINA LAMBOTTE C/PTA.20MM 20CM;;;;;;;;;;;;;;182.38;SIMPRO_VIG;2016-07-26;19;
SIMPRO;2026-04-12;material;0000115599;12;;EDLO;RUGINA LAMBOTTE C/PTA.25MM 20CM;;;;;;;;;;;;;;182.38;SIMPRO_VIG;2016-07-26;19;
SIMPRO;2026-04-12;material;0000113733;12;;CIRURGICA FERNANDES;RUGINA LEMPERT 18CM (CINZEL) CURVA LAMINA 6MM LARG.PROFESSIONAL;;;;;;;;;;;;;;245.86;SIMPRO_VIG;2015-09-10;19;
SIMPRO;2026-04-12;material;0000113737;12;;CIRURGICA FERNANDES;RUGINA MATSON 22CM COSTAL DUPLA PROFESSIONAL;;;;;;;;;;;;;;203.72;SIMPRO_VIG;2015-09-10;19;
SIMPRO;2026-04-12;material;0000113739;12;;CIRURGICA FERNANDES;RUGINA MOLT 18CM C/1LADO CORTANTE OUTRO ROMBO PROFESSIONAL;;;;;;;;;;;;;;195.14;SIMPRO_VIG;2015-09-10;19;
SIMPRO;2026-04-12;material;0000113745;12;;CIRURGICA FERNANDES;RUGINA OLIVERCRONA 18CM CORTANTE LAMINA 8MM LARG.PROFESSIONAL;;;;;;;;;;;;;;280.97;SIMPRO_VIG;2015-09-10;19;
SIMPRO;2026-04-12;material;0000274807;12;;CIRURGICA FERNANDES;RUGINA OSTEOTOMO LAMBOTTE 24CMX6MM WELDON;;;;;;;;;;;;;;421.45;SIMPRO_VIG;2016-07-19;19;
SIMPRO;2026-04-12;material;0000274803;12;;CIRURGICA FERNANDES;RUGINA OSTEOTOMO LAMBOTTE RETO 4MMX24CM WELDON;;;;;;;;;;;;;;421.45;SIMPRO_VIG;2016-07-19;19;
SIMPRO;2026-04-12;material;0000274805;12;;CIRURGICA FERNANDES;RUGINA OSTEOTOMO LAMBOTTE RETO 8MMX24CM WELDON;;;;;;;;;;;;;;421.45;SIMPRO_VIG;2016-07-19;19;
SIMPRO;2026-04-12;material;0000113748;12;;CIRURGICA FERNANDES;RUGINA OVERHOLT 31CM COSTAL DUPLA PROFESSIONAL;;;;;;;;;;;;;;506.95;SIMPRO_VIG;2015-09-10;19;
SIMPRO;2026-04-12;material;0000113717;12;;CIRURGICA FERNANDES;RUGINA OVERHOLT 31CM COSTAL DUPLA PROFESSIONAL MA.54.31.51;;;;;;;;;;;;;;282.58;SIMPRO_VIG;2013-09-04;19;
SIMPRO;2026-04-12;material;0000113752;12;;CIRURGICA FERNANDES;RUGINA SEMB 20,5CM-12MM LARG.P/COSTELA PROFESSIONAL;;;;;;;;;;;;;;351.22;SIMPRO_VIG;2015-09-10;19;
SIMPRO;2026-04-12;material;0000113758;12;;CIRURGICA FERNANDES;RUGINA SEMB 24CM-12MM LARG.P/COSTELA PROFESSIONAL;;;;;;;;;;;;;;351.22;SIMPRO_VIG;2015-09-10;19;
SIMPRO;2026-04-12;material;0002410653;12;;ERWIN GUTH;RUGINA SEMB NR.01 17,5CM 670.015A;;;;;;;;;;;;;;121.18;SIMPRO_VIG;2010-02-17;19;
SIMPRO;2026-04-12;material;0002410660;12;;ERWIN GUTH;RUGINA SEMB NR.02 21CM 670.015B;;;;;;;;;;;;;;121.18;SIMPRO_VIG;2010-02-17;19;
SIMPRO;2026-04-12;material;0002410661;12;;ERWIN GUTH;RUGINA SEMB NR.03 17,5CM 670.015C;;;;;;;;;;;;;;121.18;SIMPRO_VIG;2010-02-17;19;
SIMPRO;2026-04-12;material;0002410662;12;;ERWIN GUTH;RUGINA SEMB NR.04 21CM 670.015D;;;;;;;;;;;;;;121.18;SIMPRO_VIG;2010-02-17;19;
SIMPRO;2026-04-12;material;0002410663;12;;ERWIN GUTH;RUGINA SEMB NR.05 20,5CM 670.015E;;;;;;;;;;;;;;121.18;SIMPRO_VIG;2010-02-17;19;
SIMPRO;2026-04-12;material;0002410664;12;;ERWIN GUTH;RUGINA SEMB NR.06 20,5CM 670.015F;;;;;;;;;;;;;;121.18;SIMPRO_VIG;2010-02-17;19;
SIMPRO;2026-04-12;material;0002410665;12;;ERWIN GUTH;RUGINA SEMB NR.07 22,5CM 670.015G;;;;;;;;;;;;;;121.18;SIMPRO_VIG;2010-02-17;19;
SIMPRO;2026-04-12;material;0000138918;12;;EDLO;RUGINA SEMB NR.1;;;;;;;;;;;;;;200.13;SIMPRO_VIG;2016-07-26;19;
SIMPRO;2026-04-12;material;0000138921;12;;EDLO;RUGINA SEMB NR.2;;;;;;;;;;;;;;200.13;SIMPRO_VIG;2016-07-26;19;
SIMPRO;2026-04-12;material;0000138923;12;;EDLO;RUGINA SEMB NR.3;;;;;;;;;;;;;;200.13;SIMPRO_VIG;2016-07-26;19;
SIMPRO;2026-04-12;material;0000138925;12;;EDLO;RUGINA SEMB NR.4;;;;;;;;;;;;;;200.13;SIMPRO_VIG;2016-07-26;19;
SIMPRO;2026-04-12;material;0000138927;12;;EDLO;RUGINA SEMB NR.6;;;;;;;;;;;;;;200.13;SIMPRO_VIG;2016-07-26;19;
