fonte;edicao;tipo_item;codigo_fonte;tabela_fonte;chave_fonte;laboratorio;produto;apresentacao;principio_ativo;ean;registro_anvisa;codigo_tuss;ggrem;generico;restrito_hospitalar;qtd_embalagem;pf_total;pmc_total;pf_unit;pmc_unit;preco_ref;tipo_preco;vigencia;tabela87_sugerida;precos_extra
SIMPRO;2026-04-12;medicamento;0000312353;12;;EUROFARMA;D'ORTO 150MG 1CPD REV.;;;;;;;;;;;;;;78.45;SIMPRO_VIG;2025-04-04;20;
SIMPRO;2026-04-12;medicamento;0000164322;12;;MARJAN;D-FORT 60CAPS GEL.;;;;;;;;;;;;;;0.358;SIMPRO_VIG;2013-03-01;20;
SIMPRO;2026-04-12;medicamento;0000141205;12;;SUN;D-VOID 0,1MG/ML SPRAY.1FR C/2,5ML;;;;;;;;;;;;;;140.23;SIMPRO_VIG;2013-04-11;20;
SIMPRO;2026-04-12;medicamento;0000072235;12;;UCB BIOPHARMA;D.T.I.100MG 1FA;;;;;;;;;;;;;;63.84;SIMPRO_VIG;2017-04-11;20;
SIMPRO;2026-04-12;medicamento;0000072236;12;;UCB BIOPHARMA;D.T.I.200MG 1FA;;;;;;;;;;;;;;118.66;SIMPRO_VIG;2017-04-11;20;
SIMPRO;2026-04-12;medicamento;0000318416;12;;UNIAO QUIMICA;D3CAPS 7000UI 4CAPS MOLE;;;;;;;;;;;;;;7.108;SIMPRO_VIG;2023-11-23;20;
SIMPRO;2026-04-12;medicamento;0000150360;12;;ACCORD;DABAZ 1MG/ML SOL.INJ.1FA 2ML;;;;;;;;;;;;;;65.55;SIMPRO_VIG;2024-04-30;20;
SIMPRO;2026-04-12;medicamento;0000312902;12;;ACCORD;DABAZ 1MG/ML SOL.INJ.1FA 2ML;;;;;;;;;;;;;;48.6;SIMPRO_VIG;2020-01-28;20;
SIMPRO;2026-04-12;medicamento;0000166425;12;;MERCK S.A;DABIONVITA 30CAPS GEL.MOLE;;;;;;;;;;;;;;1.681;SIMPRO_VIG;2012-05-01;20;
SIMPRO;2026-04-12;medicamento;0000155094;12;;EUROFARMA;DACARB 200MG PO LIOF.10FA;;;;;;;;;;;;;;200.305;SIMPRO_VIG;2024-04-09;20;
SIMPRO;2026-04-12;medicamento;0000136736;12;;FRESENIUS;DACARBAZINA 100MG PO LIOFILO 1FA;;;;;;;;;;;;;;41.71;SIMPRO_VIG;2010-10-27;20;
SIMPRO;2026-04-12;medicamento;0000153641;12;;BERGAMO;DACARBAZINA 200MG PO LIOF.INJ.FA;;;;;;;;;;;;;;133.57;SIMPRO_VIG;2025-04-01;20;
SIMPRO;2026-04-12;medicamento;0000136737;12;;FRESENIUS;DACARBAZINA 200MG PO LIOFILO 1FA;;;;;;;;;;;;;;88;SIMPRO_VIG;2010-10-27;20;
SIMPRO;2026-04-12;medicamento;0000145324;12;;LIBRA;DACARZIN 100MG 1FA 10ML;;;;;;;;;;;;;;3.166;SIMPRO_VIG;2011-06-02;20;
SIMPRO;2026-04-12;medicamento;0000138700;12;;LIBRA;DACARZIN 200MG 1FA 20ML;;;;;;;;;;;;;;2.207;SIMPRO_VIG;2011-06-02;20;
SIMPRO;2026-04-12;medicamento;0000137306;12;;JANSSEN-CILAG;DACOGEN 50MG 1FA;;;;;;;;;;;;;;8121.71;SIMPRO_VIG;2025-04-04;20;
SIMPRO;2026-04-12;medicamento;0000044588;12;;SERVIER;DAFLON 450+50MG 15CPDS REV.;;;;;;;;;;;;;;4.327;SIMPRO_VIG;2024-04-02;20;
SIMPRO;2026-04-12;medicamento;0000077835;12;;SERVIER;DAFLON 450+50MG 60CPDS REV.;;;;;;;;;;;;;;3.894;SIMPRO_VIG;2026-04-01;20;
SIMPRO;2026-04-12;medicamento;0000306762;12;;SERVIER;DAFLON 900+100MG 10CPDS REV.;;;;;;;;;;;;;;6.461;SIMPRO_VIG;2026-04-01;20;
SIMPRO;2026-04-12;medicamento;0000242043;12;;SERVIER;DAFLON 900+100MG 30CPDS REV.;;;;;;;;;;;;;;6.468;SIMPRO_VIG;2026-04-01;20;
SIMPRO;2026-04-12;medicamento;0000269566;12;;SERVIER;DAFLON 900+100MG 60CPDS REV.;;;;;;;;;;;;;;5.78;SIMPRO_VIG;2026-04-01;20;
SIMPRO;2026-04-12;medicamento;0000315265;12;;SERVIER;DAFLON FLEX 900+100MG SUSP.ORAL 10ENV.;;;;;;;;;;;;;;6.461;SIMPRO_VIG;2026-04-01;20;
SIMPRO;2026-04-12;medicamento;0000308839;12;;SERVIER;DAFLON FLEX 900+100MG SUSP.ORAL 60ENV.;;;;;;;;;;;;;;2.892;SIMPRO_VIG;2023-10-01;20;
SIMPRO;2026-04-12;medicamento;0000252075;12;;AMGEN;DAFLUBYN 50MG PO LIOF.INJ.1FA;;;;;;;;;;;;;;694.65;SIMPRO_VIG;2015-04-01;20;
SIMPRO;2026-04-12;medicamento;0000040276;12;;SIGMA PHARMA;DAFORIN 10MG 20CAPS DURA;;;;;;;;;;;;;;2.339;SIMPRO_VIG;2025-04-04;20;
SIMPRO;2026-04-12;medicamento;0000040277;12;;SIGMA PHARMA;DAFORIN 20MG 30CAPS;;;;;;;;;;;;;;1.49;SIMPRO_VIG;2013-04-01;20;
SIMPRO;2026-04-12;medicamento;0000072136;12;;SIGMA PHARMA;DAFORIN 20MG 30CPDS REV.;;;;;;;;;;;;;;3.192;SIMPRO_VIG;2025-04-04;20;
SIMPRO;2026-04-12;medicamento;0000175709;12;;SIGMA PHARMA;DAFORIN 20MG 60CPDS REV.;;;;;;;;;;;;;;2.841;SIMPRO_VIG;2025-04-04;20;
SIMPRO;2026-04-12;medicamento;0000141280;12;;TEUTO BRAS;DAILY CARE SAB.200ML;;;;;;;;;;;;;;0.054;SIMPRO_VIG;2009-10-01;20;
SIMPRO;2026-04-12;medicamento;0000282619;12;;DAIICHI SANKYO;DAISAN 37,5+325MG 10CPDS REV.;;;;;;;;;;;;;;4.122;SIMPRO_VIG;2025-04-01;20;
SIMPRO;2026-04-12;medicamento;0000282621;12;;DAIICHI SANKYO;DAISAN 37,5+325MG 20CPDS REV.;;;;;;;;;;;;;;3.593;SIMPRO_VIG;2025-04-01;20;
SIMPRO;2026-04-12;medicamento;0000138205;12;;MOMENTA FARMACEUTICA;DAIVA 150+10MG/ML 1AMP.1ML;;;;;;;;;;;;;;18.65;SIMPRO_VIG;2022-04-12;20;
SIMPRO;2026-04-12;medicamento;0000103047;12;;LEO PHARMA;DAIVOBET 50MCG/G+0,5MG/G POM.DERM.30G;;;;;;;;;;;;;;156.88;SIMPRO_VIG;2025-04-04;20;
SIMPRO;2026-04-12;medicamento;0000283849;12;;BRISTOL;DAKLINZA 30MG 28CPDS REV.;;;;;;;;;;;;;;451.883;SIMPRO_VIG;2020-06-30;20;
SIMPRO;2026-04-12;medicamento;0000283848;12;;BRISTOL;DAKLINZA 30MG 7CPDS REV.;;;;;;;;;;;;;;451.88;SIMPRO_VIG;2020-06-30;20;
SIMPRO;2026-04-12;medicamento;0000258959;12;;BRISTOL;DAKLINZA 60MG 28CPDS REV.;;;;;;;;;;;;;;903.768;SIMPRO_VIG;2020-06-30;20;
SIMPRO;2026-04-12;medicamento;0000283850;12;;BRISTOL;DAKLINZA 60MG 7CPDS REV.;;;;;;;;;;;;;;903.764;SIMPRO_VIG;2020-06-30;20;
SIMPRO;2026-04-12;medicamento;0000301927;12;;KENVUE;DAKTARIN 20MG/ML GEL ORAL BG.40G;;;;;;;;;;;;;;49.57;SIMPRO_VIG;2025-04-01;20;
SIMPRO;2026-04-12;medicamento;0000043778;12;;NEOQUIMICA;DAKTAZOL 2% 20MG/ML LOC.30ML;;;;;;;;;;;;;;0.325;SIMPRO_VIG;2019-02-13;20;
SIMPRO;2026-04-12;medicamento;0000153129;12;;NEOQUIMICA;DAKTAZOL 20MG/G CRM.DERM.28GRS;;;;;;;;;;;;;;0.522;SIMPRO_VIG;2019-02-13;20;
SIMPRO;2026-04-12;medicamento;0000096274;12;;BIOSINTETICA;DALAP 1MG/G GEL DERM.30GRS;;;;;;;;;;;;;;2.081;SIMPRO_VIG;2011-03-31;20;
SIMPRO;2026-04-12;medicamento;0000269550;12;;SUPERA;DALI 20MG 2CPDS REV.;;;;;;;;;;;;;;31.935;SIMPRO_VIG;2023-04-04;20;
SIMPRO;2026-04-12;medicamento;0000269551;12;;SUPERA;DALI 5MG 30CPDS REV.;;;;;;;;;;;;;;8.776;SIMPRO_VIG;2024-04-05;20;
SIMPRO;2026-04-12;medicamento;0000315364;12;;SUN FARMACEUTICA;DALILAH 100MG 30CPDS REV.LIB.PROL.;;;;;;;;;;;;;;6.3;SIMPRO_VIG;2020-07-28;20;
SIMPRO;2026-04-12;medicamento;0000315363;12;;SUN FARMACEUTICA;DALILAH 50MG 30CPDS REV.LIB.PROL.;;;;;;;;;;;;;;6.098;SIMPRO_VIG;2020-07-28;20;
SIMPRO;2026-04-12;medicamento;0000315362;12;;SUN FARMACEUTICA;DALILAH 50MG 7CPDS REV.LIB.PROL.;;;;;;;;;;;;;;6.049;SIMPRO_VIG;2020-07-28;20;
SIMPRO;2026-04-12;medicamento;0000284728;12;;JANSSEN-CILAG;DALINVI 100MG SOL.DIL.INJ.5ML;;;;;;;;;;;;;;2518.77;SIMPRO_VIG;2025-04-04;20;
SIMPRO;2026-04-12;medicamento;0000284729;12;;JANSSEN-CILAG;DALINVI 400MG SOL.DIL.INJ.20ML;;;;;;;;;;;;;;10075.12;SIMPRO_VIG;2025-04-04;20;
SIMPRO;2026-04-12;medicamento;0000031873;12;;MEDQUIMICA;DALMADORM 30MG 30CPDS REV.;;;;;;;;;;;;;;1.119;SIMPRO_VIG;2025-04-04;20;
SIMPRO;2026-04-12;medicamento;0000131994;12;;ABBOTT;DALSY 200MG 2BLX6CPDS REV.;;;;;;;;;;;;;;1.009;SIMPRO_VIG;2026-03-31;20;
SIMPRO;2026-04-12;medicamento;0000087735;12;;ABBOTT;DALSY 200MG/ML GTS 15ML;;;;;;;;;;;;;;0.817;SIMPRO_VIG;2026-03-31;20;
SIMPRO;2026-04-12;medicamento;0000129454;12;;ABBOTT;DALSY 20MG/ML SUSP.DERM.100ML+SER.DOS.;;;;;;;;;;;;;;0.125;SIMPRO_VIG;2026-03-31;20;
SIMPRO;2026-04-12;medicamento;0000045063;12;;ABBOTT;DALSY 20MG/ML SUSP.ORAL 100ML+SER.DOS.;;;;;;;;;;;;;;0.193;SIMPRO_VIG;2026-03-31;20;
SIMPRO;2026-04-12;medicamento;0000071723;12;;ABBOTT;DALSY 400MG 10CPDS;;;;;;;;;;;;;;0.911;SIMPRO_VIG;2012-04-01;20;
SIMPRO;2026-04-12;medicamento;0000129453;12;;ABBOTT;DALSY 400MG 10CPDS REV.;;;;;;;;;;;;;;1.788;SIMPRO_VIG;2026-03-31;20;
SIMPRO;2026-04-12;medicamento;0000137932;12;;ABBOTT;DALSY 400MG 25X4CPDS;;;;;;;;;;;;;;1.273;SIMPRO_VIG;2009-05-18;20;
SIMPRO;2026-04-12;medicamento;0000137933;12;;ABBOTT;DALSY 400MG 4CPDS;;;;;;;;;;;;;;0.958;SIMPRO_VIG;2011-08-19;20;
SIMPRO;2026-04-12;medicamento;0000137934;12;;ABBOTT;DALSY 600MG 25X4CPDS;;;;;;;;;;;;;;2.03;SIMPRO_VIG;2011-04-01;20;
SIMPRO;2026-04-12;medicamento;0000129455;12;;ABBOTT;DALSY 600MG 2BLX5CPDS REV.;;;;;;;;;;;;;;2.213;SIMPRO_VIG;2026-03-31;20;
SIMPRO;2026-04-12;medicamento;0000137935;12;;ABBOTT;DALSY 600MG 4CPDS;;;;;;;;;;;;;;1.383;SIMPRO_VIG;2011-08-19;20;
SIMPRO;2026-04-12;medicamento;0000163528;12;;SIGMA PHARMA;DALYNE 3+0,03MG 21CPDS REV.;;;;;;;;;;;;;;63.59;SIMPRO_VIG;2025-06-03;20;
SIMPRO;2026-04-12;medicamento;0000242105;12;;SIGMA PHARMA;DALYNE 3+0,03MG 63CPDS REV.;;;;;;;;;;;;;;121.67;SIMPRO_VIG;2025-06-03;20;
SIMPRO;2026-04-12;medicamento;0000306629;12;;GRUNENTHAL;DAMATER 20CAPS GEL.MOLE;;;;;;;;;;;;;;2.125;SIMPRO_VIG;2022-04-26;20;
SIMPRO;2026-04-12;medicamento;0000134779;12;;GRUNENTHAL;DAMATER 30CAPS GEL.MOLE;;;;;;;;;;;;;;2.125;SIMPRO_VIG;2022-04-26;20;
SIMPRO;2026-04-12;medicamento;0000166389;12;;GLAXOSMITH;DANPEZIL 10MG 30CPDS;;;;;;;;;;;;;;3.334;SIMPRO_VIG;2019-04-05;20;
SIMPRO;2026-04-12;medicamento;0000166386;12;;GLAXOSMITH;DANPEZIL 5MG 10CPDS;;;;;;;;;;;;;;3.036;SIMPRO_VIG;2019-04-05;20;
SIMPRO;2026-04-12;medicamento;0000166388;12;;GLAXOSMITH;DANPEZIL 5MG 30CPDS;;;;;;;;;;;;;;3.038;SIMPRO_VIG;2019-04-05;20;
SIMPRO;2026-04-12;medicamento;0000138617;12;;CAZI;DANTALIN 100MG 25CPDS;;;;;;;;;;;;;;0.233;SIMPRO_VIG;2009-09-15;20;
SIMPRO;2026-04-12;medicamento;0000136767;12;;CRISTALIA;DANTROLEN IV 20MG 12FR 60ML;;;;;;;;;;;;;;656.913;SIMPRO_VIG;2025-04-09;20;
SIMPRO;2026-04-12;medicamento;0000017836;12;;CRISTALIA;DANTROLEN IV 20MG 3X12FA;;;;;;;;;;;;;;0;SIMPRO_VIG;2010-01-07;20;
SIMPRO;2026-04-12;medicamento;0000284705;12;;MOMENTA FARMACEUTICA;DAPAMIX 1,5MG LIB.PROL.10CPDS REV.;;;;;;;;;;;;;;0.984;SIMPRO_VIG;2021-04-13;20;
SIMPRO;2026-04-12;medicamento;0000284706;12;;MOMENTA FARMACEUTICA;DAPAMIX 1,5MG LIB.PROL.30CPDS REV.;;;;;;;;;;;;;;0.984;SIMPRO_VIG;2021-04-13;20;
SIMPRO;2026-04-12;medicamento;0000315188;12;;DR.REDDY'S;DAPTOMICINA 500MG PO LIOF.SOL.INJ 5FA;;;;;;;;;;;;;;363.562;SIMPRO_VIG;2024-04-09;20;
SIMPRO;2026-04-12;medicamento;0000315187;12;;DR.REDDY'S;DAPTOMICINA 500MG PO LIOF.SOL.IV FA;;;;;;;;;;;;;;363.58;SIMPRO_VIG;2024-04-09;20;
SIMPRO;2026-04-12;medicamento;0000269565;12;;FARMOQUIMICA;DARAPRIM 25MG 30CPDS;;;;;;;;;;;;;;0.136;SIMPRO_VIG;2025-04-01;20;
SIMPRO;2026-04-12;medicamento;0000069637;12;;DARROW;DARBIN 100MG 10AMP;;;;;;;;;;;;;;14.627;SIMPRO_VIG;2010-04-01;20;
SIMPRO;2026-04-12;medicamento;0000136815;12;;DARROW;DARBIN 20MG/ML 10FA;;;;;;;;;;;;;;12.057;SIMPRO_VIG;2015-04-06;20;
SIMPRO;2026-04-12;medicamento;0000069638;12;;DARROW;DARBIN 500MG 2AMP;;;;;;;;;;;;;;73.985;SIMPRO_VIG;2010-04-01;20;
SIMPRO;2026-04-12;medicamento;0000136818;12;;DARROW;DARBIN 50MG/ML 1FA;;;;;;;;;;;;;;121.9;SIMPRO_VIG;2015-04-06;20;
SIMPRO;2026-04-12;medicamento;0000260444;12;;ACHE;DASTENE 0,5MG 10CAPS GEL.MOLE;;;;;;;;;;;;;;3.358;SIMPRO_VIG;2024-04-09;20;
SIMPRO;2026-04-12;medicamento;0000260445;12;;ACHE;DASTENE 0,5MG 30CAPS GEL.MOLE;;;;;;;;;;;;;;4.299;SIMPRO_VIG;2025-04-04;20;
SIMPRO;2026-04-12;medicamento;0000072237;12;;UCB BIOPHARMA;DAUNOCIN 20MG PO LIOF.1FA;;;;;;;;;;;;;;90.62;SIMPRO_VIG;2016-04-19;20;
SIMPRO;2026-04-12;medicamento;0000175364;12;;MEIZLER;DAUNOCIN 20MG PO LIOF.1FA AMB.+DIL.4ML;;;;;;;;;;;;;;87.73;SIMPRO_VIG;2013-04-01;20;
SIMPRO;2026-04-12;medicamento;0000175788;12;;MEIZLER;DAUNOCIN 20MG PO LIOF.1FA INC.+DIL.4ML;;;;;;;;;;;;;;75.74;SIMPRO_VIG;2014-04-03;20;
SIMPRO;2026-04-12;medicamento;0000129511;12;;I.Q.B;DAX PREVENT 60GRS;;;;;;;;;;;;;;0.334;SIMPRO_VIG;2008-05-13;20;
SIMPRO;2026-04-12;medicamento;0000296944;12;;ASTRAZENECA;DAXAS 500MCG 10CPDS REV.;;;;;;;;;;;;;;8.589;SIMPRO_VIG;2021-04-13;20;
SIMPRO;2026-04-12;medicamento;0000162998;12;;ASTRAZENECA;DAXAS 500MCG 30CPDS REV.;;;;;;;;;;;;;;10.58;SIMPRO_VIG;2025-04-04;20;
SIMPRO;2026-04-12;medicamento;0000040016;12;;ACHE;DAYVIT 30CPDS REV.;;;;;;;;;;;;;;1.893;SIMPRO_VIG;2016-04-12;20;
SIMPRO;2026-04-12;medicamento;0000306795;12;;ACHE;DAYVIT BALANCE 30CPDS;;;;;;;;;;;;;;1.662;SIMPRO_VIG;2024-02-01;20;
SIMPRO;2026-04-12;medicamento;0000306796;12;;ACHE;DAYVIT BALANCE 60CPDS;;;;;;;;;;;;;;1.324;SIMPRO_VIG;2022-04-05;20;
SIMPRO;2026-04-12;medicamento;0000292247;12;;ACHE;DAYVIT KIDS 120ML(LIBERADO);;;;;;;;;;;;;;0.418;SIMPRO_VIG;2026-01-01;20;
SIMPRO;2026-04-12;medicamento;0000269433;12;;ACHE;DAYVIT KIDS FR 30CPDS REV.(LIBERADO);;;;;;;;;;;;;;0.985;SIMPRO_VIG;2016-04-12;20;
SIMPRO;2026-04-12;medicamento;0000133487;12;;SANVAL;DAZOTIL 250MG/ML 50ML;;;;;;;;;;;;;;0.21;SIMPRO_VIG;2008-11-24;20;
SIMPRO;2026-04-12;medicamento;0000133486;12;;SANVAL;DAZOTIL 500MG 6CPDS;;;;;;;;;;;;;;1.763;SIMPRO_VIG;2010-04-01;20;
SIMPRO;2026-04-12;medicamento;0000145462;12;;SANVAL;DAZOTIL 60ML;;;;;;;;;;;;;;0.194;SIMPRO_VIG;2010-04-01;20;
SIMPRO;2026-04-12;medicamento;0000313246;12;;SUPERA;DBRIZ 0,6U/G+0,01G/G POM.DERM.15G+ESP.PLAS.;;;;;;;;;;;;;;39;SIMPRO_VIG;2025-04-09;20;
SIMPRO;2026-04-12;medicamento;0000313247;12;;SUPERA;DBRIZ 0,6U/G+0,01G/G POM.DERM.30G+ESP.PLAS.;;;;;;;;;;;;;;77.31;SIMPRO_VIG;2025-04-09;20;
SIMPRO;2026-04-12;medicamento;0000313248;12;;SUPERA;DBRIZ GINO 0,6U/G+0,01G/G POM.GINEC.30G+6APLIC.;;;;;;;;;;;;;;74.95;SIMPRO_VIG;2025-04-09;20;
SIMPRO;2026-04-12;medicamento;0000315166;12;;SUPERA;DBRIZ UNO 0,6U/G POM.DERM.10G+ESP.PLAS.;;;;;;;;;;;;;;24.17;SIMPRO_VIG;2025-04-23;20;
SIMPRO;2026-04-12;medicamento;0000314305;12;;SUPERA;DBRIZ UNO 0,6U/G POM.DERM.30G+ESP.PLAS.;;;;;;;;;;;;;;69.39;SIMPRO_VIG;2024-02-01;20;
SIMPRO;2026-04-12;medicamento;0000175474;12;;UNIAO QUIMICA;DCAL 600MG+200UI 60CPDS;;;;;;;;;;;;;;0.978;SIMPRO_VIG;2024-04-05;20;
SIMPRO;2026-04-12;medicamento;0000306830;12;;UNIAO QUIMICA;DCAL 6020MG+200UI 30SACH.5G;;;;;;;;;;;;;;1.704;SIMPRO_VIG;2019-04-09;20;
SIMPRO;2026-04-12;medicamento;0000152166;12;;FERRING;DDAVP 15MCG/ML SOL.INJ.10AMP 1ML;;;;;;;;;;;;;;103.108;SIMPRO_VIG;2022-04-12;20;
SIMPRO;2026-04-12;medicamento;0000274172;12;;SUPERA;DEBET 16MG 20CPDS;;;;;;;;;;;;;;0.853;SIMPRO_VIG;2022-04-12;20;
SIMPRO;2026-04-12;medicamento;0000274173;12;;SUPERA;DEBET 16MG 30CPDS;;;;;;;;;;;;;;0.993;SIMPRO_VIG;2024-05-21;20;
SIMPRO;2026-04-12;medicamento;0000274174;12;;SUPERA;DEBET 24MG 20CPDS;;;;;;;;;;;;;;1.143;SIMPRO_VIG;2022-04-12;20;
SIMPRO;2026-04-12;medicamento;0000274175;12;;SUPERA;DEBET 24MG 30CPDS;;;;;;;;;;;;;;1.412;SIMPRO_VIG;2025-04-09;20;
SIMPRO;2026-04-12;medicamento;0000315570;12;;ASPEN;DECA-DURABOLIN 25MG/ML SOL.INJ.AMP 1ML;;;;;;;;;;;;;;16.24;SIMPRO_VIG;2025-06-24;20;
SIMPRO;2026-04-12;medicamento;0000315569;12;;ASPEN;DECA-DURABOLIN 50MG/ML SOL.INJ.AMP 1ML;;;;;;;;;;;;;;31.08;SIMPRO_VIG;2025-06-24;20;
SIMPRO;2026-04-12;medicamento;0000253620;12;;ACHE;DECADRON INJETAVEL 2MG/ML 100FA 1ML(EMB.HOSP.);;;;;;;;;;;;;;6.479;SIMPRO_VIG;2025-04-04;20;
SIMPRO;2026-04-12;medicamento;0000253621;12;;ACHE;DECADRON INJETAVEL 4MG/ML 100FA 2,5ML(EMB.HOSP.);;;;;;;;;;;;;;16.048;SIMPRO_VIG;2025-04-04;20;
SIMPRO;2026-04-12;medicamento;0000160004;12;;SCHERING PLOUGH;DECADURABOLIN 25MG 1AMP 1ML;;;;;;;;;;;;;;11.02;SIMPRO_VIG;2017-05-17;20;
SIMPRO;2026-04-12;medicamento;0000160005;12;;SCHERING PLOUGH;DECADURABOLIN 50MG 1AMP 1ML;;;;;;;;;;;;;;21.08;SIMPRO_VIG;2017-04-04;20;
SIMPRO;2026-04-12;medicamento;0000040826;12;;UNIAO QUIMICA;DECAN HALOPER 50MG/ML SOL.INJ.3AMP 1ML;;;;;;;;;;;;;;31.88;SIMPRO_VIG;2025-04-04;20;
SIMPRO;2026-04-12;medicamento;0000315365;12;;SUN FARMACEUTICA;DECI 50MG PO LIOF.SOL.INJ.IV+DIL.10ML;;;;;;;;;;;;;;11052.25;SIMPRO_VIG;2025-04-09;20;
SIMPRO;2026-04-12;medicamento;0000266136;12;;MANTECORP FARMASA;DECIPRAX 10MG 30CPDS REV.;;;;;;;;;;;;;;4.228;SIMPRO_VIG;2025-04-09;20;
SIMPRO;2026-04-12;medicamento;0000302025;12;;MANTECORP FARMASA;DECIPRAX 10MG 60CPDS REV.;;;;;;;;;;;;;;3.575;SIMPRO_VIG;2025-04-09;20;
SIMPRO;2026-04-12;medicamento;0000266137;12;;MANTECORP FARMASA;DECIPRAX 20MG 30CPDS REV.;;;;;;;;;;;;;;7.631;SIMPRO_VIG;2025-04-09;20;
SIMPRO;2026-04-12;medicamento;0000286445;12;;DR.REDDY'S;DECITABINA 50MG PO LIOF.SOL.INJ.;;;;;;;;;;;;;;5279.03;SIMPRO_VIG;2025-04-09;20;
SIMPRO;2026-04-12;medicamento;0000315232;12;;CHEMICALTECH;DECITABINA 50MG PO LIOF.SOL.INJ.;;;;;;;;;;;;;;4553.48;SIMPRO_VIG;2022-04-12;20;
SIMPRO;2026-04-12;medicamento;0000317145;12;;SUN FARMACEUTICA;DECITABINA 50MG PO LIOF.SOL.INJ.IV+DIL.10ML;;;;;;;;;;;;;;6936.62;SIMPRO_VIG;2025-04-09;20;
SIMPRO;2026-04-12;medicamento;0000040028;12;;ACHE;DECONGEX PLUS 0,4+1MG/ML XPE.120ML;;;;;;;;;;;;;;0.232;SIMPRO_VIG;2026-01-01;20;
SIMPRO;2026-04-12;medicamento;0000040060;12;;ACHE;DECONGEX PLUS 12+15MG 12CPDS REV.LIB.CONTROL.;;;;;;;;;;;;;;2.793;SIMPRO_VIG;2026-01-01;20;
SIMPRO;2026-04-12;medicamento;0000136743;12;;ACHE;DECONGEX PLUS 12+15MG 25BLX4CPDS REV.;;;;;;;;;;;;;;1.134;SIMPRO_VIG;2013-04-03;20;
SIMPRO;2026-04-12;medicamento;0000241095;12;;ACHE;DECONGEX PLUS 12+15MG 25BLX4CPDS REV.LIB.CONTROL.;;;;;;;;;;;;;;2.84;SIMPRO_VIG;2026-01-01;20;
SIMPRO;2026-04-12;medicamento;0000136744;12;;ACHE;DECONGEX PLUS 12+15MG 4CPDS REV.LIB.CONTROL.F.V.;;;;;;;;;;;;;;2.84;SIMPRO_VIG;2026-01-01;20;
SIMPRO;2026-04-12;medicamento;0000040027;12;;ACHE;DECONGEX PLUS 2+2,5MG SOL.ORAL 20ML;;;;;;;;;;;;;;0.947;SIMPRO_VIG;2026-01-01;20;
SIMPRO;2026-04-12;medicamento;0000171586;12;;NOVA QUIMICA;DEEPLIN 20MG 2BLX15CPDS REV.;;;;;;;;;;;;;;1.183;SIMPRO_VIG;2019-04-09;20;
SIMPRO;2026-04-12;medicamento;0000307041;12;;PRATI-DONADUZZI;DEFERASIROX 125MG 28CPDS DISPERSIVEL;;;;;;;;;;;;;;22.492;SIMPRO_VIG;2022-04-12;20;
SIMPRO;2026-04-12;medicamento;0000307042;12;;PRATI-DONADUZZI;DEFERASIROX 250MG 28CPDS DISPERSIVEL;;;;;;;;;;;;;;50.934;SIMPRO_VIG;2025-04-04;20;
SIMPRO;2026-04-12;medicamento;0000307043;12;;PRATI-DONADUZZI;DEFERASIROX 500MG 28CPDS DISPERSIVEL;;;;;;;;;;;;;;25.178;SIMPRO_VIG;2025-04-04;20;
SIMPRO;2026-04-12;medicamento;0000301214;12;;VIATRIS;DEFEXIN 500MG 10CPDS REV.;;;;;;;;;;;;;;11.236;SIMPRO_VIG;2020-07-10;20;
SIMPRO;2026-04-12;medicamento;0000301207;12;;VIATRIS;DEFEXIN 500MG 3CPDS REV.;;;;;;;;;;;;;;11.233;SIMPRO_VIG;2020-07-10;20;
SIMPRO;2026-04-12;medicamento;0000301208;12;;VIATRIS;DEFEXIN 500MG 7CPDS REV.;;;;;;;;;;;;;;11.237;SIMPRO_VIG;2020-07-10;20;
SIMPRO;2026-04-12;medicamento;0000093814;12;;BRISTOL;DEFINITY 1,1MG/ML 4FA 1,5ML;;;;;;;;;;;;;;0;SIMPRO_VIG;2010-02-01;20;
SIMPRO;2026-04-12;medicamento;0000311768;12;;ADIUM;DEFITELIO 80MG/ML SOL.DIL.10FA 2,5ML;;;;;;;;;;;;;;3318.383;SIMPRO_VIG;2025-04-04;20;
SIMPRO;2026-04-12;medicamento;0000087380;12;;SIGMA PHARMA;DEFLAIMMUN 22,7MG SUSP.ORAL 13ML;;;;;;;;;;;;;;4.981;SIMPRO_VIG;2011-04-01;20;
SIMPRO;2026-04-12;medicamento;0000087379;12;;SIGMA PHARMA;DEFLAIMMUN 30MG 10CPDS;;;;;;;;;;;;;;12.757;SIMPRO_VIG;2025-04-04;20;
SIMPRO;2026-04-12;medicamento;0000308972;12;;SIGMA PHARMA;DEFLAIMMUN 30MG BL.AL.PLAS.OPC.10CPDS;;;;;;;;;;;;;;11.756;SIMPRO_VIG;2023-04-01;20;
SIMPRO;2026-04-12;medicamento;0000087377;12;;SIGMA PHARMA;DEFLAIMMUN 6MG 20CPDS;;;;;;;;;;;;;;2.749;SIMPRO_VIG;2025-04-04;20;
SIMPRO;2026-04-12;medicamento;0000308971;12;;SIGMA PHARMA;DEFLAIMMUN 6MG BL.AL.PLAS.OPC.20CPDS;;;;;;;;;;;;;;2.533;SIMPRO_VIG;2023-04-01;20;
SIMPRO;2026-04-12;medicamento;0000087378;12;;SIGMA PHARMA;DEFLAIMMUN 7,5MG 20CPDS;;;;;;;;;;;;;;3.324;SIMPRO_VIG;2025-04-04;20;
SIMPRO;2026-04-12;medicamento;0000041521;12;;LIBBS;DEFLANIL GTS.13ML;;;;;;;;;;;;;;6.693;SIMPRO_VIG;2010-04-01;20;
SIMPRO;2026-04-12;medicamento;0000061314;12;;LIBBS;DEFLANIL GTS.6,5ML;;;;;;;;;;;;;;5.189;SIMPRO_VIG;2010-04-01;20;
SIMPRO;2026-04-12;medicamento;0000107172;12;;SANVAL;DEFLAREN 0,1% CRM.50X10GRS;;;;;;;;;;;;;;2.9;SIMPRO_VIG;2008-07-08;20;
SIMPRO;2026-04-12;medicamento;0000094456;12;;EMS GENERICOS;DEFLAZACORTE 30MG 10CPDS;;;;;;;;;;;;;;15.637;SIMPRO_VIG;2025-04-04;20;
SIMPRO;2026-04-12;medicamento;0000111828;12;;NOVA QUIMICA;DEFLAZACORTE 30MG 10CPDS;;;;;;;;;;;;;;15.222;SIMPRO_VIG;2025-04-04;20;
SIMPRO;2026-04-12;medicamento;0000094455;12;;EMS GENERICOS;DEFLAZACORTE 6MG 20CPDS;;;;;;;;;;;;;;3.273;SIMPRO_VIG;2025-04-04;20;
SIMPRO;2026-04-12;medicamento;0000111829;12;;NOVA QUIMICA;DEFLAZACORTE 6MG 20CPDS;;;;;;;;;;;;;;3.191;SIMPRO_VIG;2025-04-04;20;
SIMPRO;2026-04-12;medicamento;0000095045;12;;LEGRAND GENERICOS;DEFLAZACORTE 6MG 2X10CPDS;;;;;;;;;;;;;;3.273;SIMPRO_VIG;2025-04-04;20;
SIMPRO;2026-04-12;medicamento;0000095555;12;;GERMED GEN;DEFLAZACORTE GEN.30MG 10CPDS;;;;;;;;;;;;;;7.049;SIMPRO_VIG;2011-04-01;20;
SIMPRO;2026-04-12;medicamento;0000154367;12;;EMS GEN;DEFLAZACORTE GEN.30MG 1CPD F.V.;;;;;;;;;;;;;;7.04;SIMPRO_VIG;2011-04-14;20;
SIMPRO;2026-04-12;medicamento;0000111177;12;;EMS GENERICOS;DEFLAZACORTE GEN.30MG 9BLX10CPDS;;;;;;;;;;;;;;8.903;SIMPRO_VIG;2015-04-01;20;
SIMPRO;2026-04-12;medicamento;0000154366;12;;EMS GEN;DEFLAZACORTE GEN.6MG 1CPD F.V.;;;;;;;;;;;;;;1.48;SIMPRO_VIG;2011-04-14;20;
SIMPRO;2026-04-12;medicamento;0000095554;12;;GERMED GEN;DEFLAZACORTE GEN.6MG 2X10CPDS;;;;;;;;;;;;;;1.475;SIMPRO_VIG;2011-04-01;20;
SIMPRO;2026-04-12;medicamento;0000110433;12;;EMS GENERICOS;DEFLAZACORTE GEN.6MG 9BLX10CPDS;;;;;;;;;;;;;;1.869;SIMPRO_VIG;2015-04-01;20;
SIMPRO;2026-04-12;medicamento;0000280058;12;;ALM.PRADO;DEFLUXOMED 20G(LIBERADO);;;;;;;;;;;;;;12.65;SIMPRO_VIG;2013-04-01;20;
SIMPRO;2026-04-12;medicamento;0000269593;12;;ALM.PRADO;DEFLUXOMED 6C 30CPDS;;;;;;;;;;;;;;1.077;SIMPRO_VIG;2025-04-04;20;
SIMPRO;2026-04-12;medicamento;0000311694;12;;ZYDUS NIKKHO;DEFORCE 1000UI 30CAPS GEL.MOLE;;;;;;;;;;;;;;1.643;SIMPRO_VIG;2021-04-06;20;
SIMPRO;2026-04-12;medicamento;0000315192;12;;ZYDUS NIKKHO;DEFORCE 1000UI 4CAPS GEL.MOLE;;;;;;;;;;;;;;1.643;SIMPRO_VIG;2021-04-06;20;
SIMPRO;2026-04-12;medicamento;0000256130;12;;ZYDUS NIKKHO;DEFORCE 120CPDS MAST.;;;;;;;;;;;;;;0.322;SIMPRO_VIG;2019-04-05;20;
SIMPRO;2026-04-12;medicamento;0000311696;12;;ZYDUS NIKKHO;DEFORCE 5000UI 04CAPS GEL.MOLE;;;;;;;;;;;;;;21.19;SIMPRO_VIG;2023-10-24;20;
SIMPRO;2026-04-12;medicamento;0000311695;12;;ZYDUS NIKKHO;DEFORCE 7000UI 08CAPS GEL.MOLE;;;;;;;;;;;;;;3.403;SIMPRO_VIG;2023-10-24;20;
SIMPRO;2026-04-12;medicamento;0000315195;12;;ZYDUS NIKKHO;DEFORCE 7000UI 30CAPS GEL.MOLE;;;;;;;;;;;;;;3.246;SIMPRO_VIG;2023-10-24;20;
SIMPRO;2026-04-12;medicamento;0000315193;12;;ZYDUS NIKKHO;DEFORCE 7000UI 4CAPS GEL.MOLE;;;;;;;;;;;;;;11.498;SIMPRO_VIG;2021-04-06;20;
SIMPRO;2026-04-12;medicamento;0000281928;12;;AVERT;DEGEN 1000UI 180CAPS GEL MOLE;;;;;;;;;;;;;;143.19;SIMPRO_VIG;2020-06-09;20;
SIMPRO;2026-04-12;medicamento;0000281927;12;;AVERT;DEGEN 1000UI 30CAPS GEL MOLE;;;;;;;;;;;;;;1.087;SIMPRO_VIG;2020-06-09;20;
SIMPRO;2026-04-12;medicamento;0000130288;12;;WALKMED;DEGERMANTE C/POLIHEXANIDA GIGADERM 1000ML 12UNID;;;;;;;;;;;;;;317.115;SIMPRO_VIG;2011-06-10;20;
SIMPRO;2026-04-12;medicamento;0000156830;12;;WALKMED;DEGERMANTE C/POLIHEXANIDA GIGADERM 120ML 12UNID;;;;;;;;;;;;;;139.583;SIMPRO_VIG;2011-06-10;20;
SIMPRO;2026-04-12;medicamento;0000156831;12;;WALKMED;DEGERMANTE C/POLIHEXANIDA GIGADERM 500ML 12UNID;;;;;;;;;;;;;;234.9;SIMPRO_VIG;2011-06-10;20;
SIMPRO;2026-04-12;medicamento;0000130287;12;;WALKMED;DEGERMANTE C/POLIHEXANIDA GIGASEPT 100ML 20UNID;;;;;;;;;;;;;;28.71;SIMPRO_VIG;2008-07-17;20;
SIMPRO;2026-04-12;medicamento;0000150471;12;;EUROFARMA;DEJAVU 100MG 2CPDS REV.;;;;;;;;;;;;;;19.52;SIMPRO_VIG;2013-04-01;20;
SIMPRO;2026-04-12;medicamento;0000150474;12;;EUROFARMA;DEJAVU 100MG 4CPDS REV.;;;;;;;;;;;;;;16.803;SIMPRO_VIG;2013-04-01;20;
SIMPRO;2026-04-12;medicamento;0000150453;12;;EUROFARMA;DEJAVU 50MG 1CPD REV.;;;;;;;;;;;;;;12.06;SIMPRO_VIG;2017-05-03;20;
SIMPRO;2026-04-12;medicamento;0000150461;12;;EUROFARMA;DEJAVU 50MG 2CPDS REV.;;;;;;;;;;;;;;17.56;SIMPRO_VIG;2024-04-09;20;
SIMPRO;2026-04-12;medicamento;0000150465;12;;EUROFARMA;DEJAVU 50MG 4CPDS REV.;;;;;;;;;;;;;;15.073;SIMPRO_VIG;2024-04-09;20;
SIMPRO;2026-04-12;medicamento;0000063092;12;;ATIVUS;DEKATIN 300MG 30CPDS REV.;;;;;;;;;;;;;;0.968;SIMPRO_VIG;2026-03-31;20;
SIMPRO;2026-04-12;medicamento;0000026410;12;;CHIESI;DELAKETE 15MG 30CPDS;;;;;;;;;;;;;;1.359;SIMPRO_VIG;2011-04-01;20;
SIMPRO;2026-04-12;medicamento;0000026411;12;;CHIESI;DELAKETE 30MG 30CPDS;;;;;;;;;;;;;;2.662;SIMPRO_VIG;2011-04-01;20;
SIMPRO;2026-04-12;medicamento;0000288929;12;;ACHE;DELLER 100MG 30CPDS REV.LIB.PROLONG.;;;;;;;;;;;;;;3.412;SIMPRO_VIG;2025-01-01;20;
SIMPRO;2026-04-12;medicamento;0000288928;12;;ACHE;DELLER 50MG 30CPDS REV.LIB.PROLONG.;;;;;;;;;;;;;;2.862;SIMPRO_VIG;2024-02-01;20;
SIMPRO;2026-04-12;medicamento;0000315120;12;;ACHE;DELLER 50MG 7CPDS REV.LIB.PROLONG.;;;;;;;;;;;;;;3.544;SIMPRO_VIG;2024-04-09;20;
SIMPRO;2026-04-12;medicamento;0000078599;12;;DELTA;DELTAFLAN 12CPDS DISP.;;;;;;;;;;;;;;2.149;SIMPRO_VIG;2014-04-03;20;
SIMPRO;2026-04-12;medicamento;0000077949;12;;CELLERA FARMA;DELTAFLAN 20MG/G GEL 1BG 40G;;;;;;;;;;;;;;0.499;SIMPRO_VIG;2019-04-09;20;
SIMPRO;2026-04-12;medicamento;0000088064;12;;DELTA;DELTAFLOGIN 100MG 20DRGS;;;;;;;;;;;;;;0.984;SIMPRO_VIG;2010-06-18;20;
SIMPRO;2026-04-12;medicamento;0000088063;12;;DELTA;DELTAFLOGIN SR 75MG 28CPDS;;;;;;;;;;;;;;0.791;SIMPRO_VIG;2009-08-24;20;
SIMPRO;2026-04-12;medicamento;0000141076;12;;MEDQUIMICA;DELTAMETRIL 20MG SHAMP 100ML;;;;;;;;;;;;;;0.325;SIMPRO_VIG;2024-04-09;20;
SIMPRO;2026-04-12;medicamento;0000141075;12;;MEDQUIMICA;DELTAMETRIL LOC.VD.100ML;;;;;;;;;;;;;;0.13;SIMPRO_VIG;2010-10-14;20;
SIMPRO;2026-04-12;medicamento;0000103796;12;;BELFAR;DELTAPIL 0,20MG/ML LOC.100ML;;;;;;;;;;;;;;0.252;SIMPRO_VIG;2025-04-17;20;
SIMPRO;2026-04-12;medicamento;0000104753;12;;BELFAR;DELTAPIL 0,20MG/ML SHAMPOO 100ML;;;;;;;;;;;;;;0.261;SIMPRO_VIG;2025-04-17;20;
SIMPRO;2026-04-12;medicamento;0000103797;12;;BELFAR;DELTAPIL SAB.70GRS;;;;;;;;;;;;;;0;SIMPRO_VIG;2009-09-16;20;
SIMPRO;2026-04-12;medicamento;0000038349;12;;DELTA;DELTAREN 100MG 20DRGS;;;;;;;;;;;;;;0.9;SIMPRO_VIG;2010-06-18;20;
SIMPRO;2026-04-12;medicamento;0000038348;12;;DELTA;DELTAREN 50MG 20DRGS;;;;;;;;;;;;;;0.504;SIMPRO_VIG;2011-04-01;20;
SIMPRO;2026-04-12;medicamento;0000038347;12;;DELTA;DELTAREN GEL 60GRS;;;;;;;;;;;;;;0.272;SIMPRO_VIG;2011-04-01;20;
SIMPRO;2026-04-12;medicamento;0000092481;12;;BIOFARMA;DELTASAY SHM.100ML;;;;;;;;;;;;;;0.097;SIMPRO_VIG;2026-03-31;20;
SIMPRO;2026-04-12;medicamento;0000145531;12;;DELTA;DELTASORO 1FR 30ML;;;;;;;;;;;;;;0.288;SIMPRO_VIG;2013-04-01;20;
SIMPRO;2026-04-12;medicamento;0000175416;12;;DELTA;DELTAVIT COMPLEXO B 30CPDS REV.;;;;;;;;;;;;;;0.251;SIMPRO_VIG;2013-04-01;20;
SIMPRO;2026-04-12;medicamento;0000166016;12;;DELTA;DELTAVIT FEMME 60CPDS REV.;;;;;;;;;;;;;;0.72;SIMPRO_VIG;2012-04-02;20;
SIMPRO;2026-04-12;medicamento;0000175414;12;;DELTA;DELTAVIT FERRO 50CPDS REV.;;;;;;;;;;;;;;0.195;SIMPRO_VIG;2013-04-01;20;
SIMPRO;2026-04-12;medicamento;0000175417;12;;DELTA;DELTAVIT FERRO SOL.ORAL 30ML;;;;;;;;;;;;;;0.199;SIMPRO_VIG;2013-04-01;20;
SIMPRO;2026-04-12;medicamento;0000175419;12;;DELTA;DELTAVIT FERRO XPE.120ML;;;;;;;;;;;;;;0.075;SIMPRO_VIG;2013-04-01;20;
SIMPRO;2026-04-12;medicamento;0000166017;12;;DELTA;DELTAVIT HOMME 60CPDS REV.;;;;;;;;;;;;;;0.72;SIMPRO_VIG;2012-04-02;20;
SIMPRO;2026-04-12;medicamento;0000166018;12;;DELTA;DELTAVIT LACTANTE 60CPDS REV.;;;;;;;;;;;;;;0.598;SIMPRO_VIG;2014-11-11;20;
SIMPRO;2026-04-12;medicamento;0000166019;12;;DELTA;DELTAVIT SENIOR 30CPDS REV.;;;;;;;;;;;;;;0.839;SIMPRO_VIG;2012-04-02;20;
SIMPRO;2026-04-12;medicamento;0000240318;12;;UNIAO QUIMICA;DEMEDROX 150MG/ML SER.PREENCH.1ML;;;;;;;;;;;;;;53.13;SIMPRO_VIG;2025-04-04;20;
SIMPRO;2026-04-12;medicamento;0000159611;12;;UNIAO QUIMICA;DEMEDROX 150MG/ML SOL.INJ.1AMP 1ML;;;;;;;;;;;;;;45.07;SIMPRO_VIG;2025-04-04;20;
SIMPRO;2026-04-12;medicamento;0000244547;12;;UNIAO QUIMICA;DEMEDROX 50MG/ML SOL.INJ.1AMP 1ML;;;;;;;;;;;;;;10.56;SIMPRO_VIG;2014-04-01;20;
SIMPRO;2026-04-12;medicamento;0000248784;12;;GLENMARK;DEMELAN AIRLESS CRM.15G(LIBERADO);;;;;;;;;;;;;;3.48;SIMPRO_VIG;2016-04-12;20;
SIMPRO;2026-04-12;medicamento;0000140207;12;;GLENMARK;DEMELAN CRM.15G(LIBERADO);;;;;;;;;;;;;;3.107;SIMPRO_VIG;2014-04-07;20;
SIMPRO;2026-04-12;medicamento;0000016078;12;;MARJAN;DENACEN 30MG 10CPDS;;;;;;;;;;;;;;12.995;SIMPRO_VIG;2014-04-01;20;
SIMPRO;2026-04-12;medicamento;0000016077;12;;MARJAN;DENACEN 6MG 20CPDS;;;;;;;;;;;;;;2.449;SIMPRO_VIG;2014-04-01;20;
SIMPRO;2026-04-12;medicamento;0000275288;12;;SANOFI MEDLEY;DENGVAXIA 10FA 0,5ML 10DOSES;;;;;;;;;;;;;;210.607;SIMPRO_VIG;2021-04-13;20;
SIMPRO;2026-04-12;medicamento;0000275287;12;;SANOFI MEDLEY;DENGVAXIA 1FA 0,5ML 1DOSE;;;;;;;;;;;;;;259.45;SIMPRO_VIG;2025-04-01;20;
SIMPRO;2026-04-12;medicamento;0000275290;12;;SANOFI MEDLEY;DENGVAXIA 5FA 2,5ML 25DOSES;;;;;;;;;;;;;;210.609;SIMPRO_VIG;2021-04-13;20;
SIMPRO;2026-04-12;medicamento;0000295292;12;;MOMENTA FARMACEUTICA;DENSIS 5MG SOL.INJ.100ML;;;;;;;;;;;;;;8.357;SIMPRO_VIG;2021-04-13;20;
SIMPRO;2026-04-12;medicamento;0000317227;12;;MOMENTA FARMACEUTICA;DENSIS 5MG/100ML SOL.INJ.SIST.FECH.100ML;;;;;;;;;;;;;;1591.67;SIMPRO_VIG;2025-04-04;20;
SIMPRO;2026-04-12;medicamento;0000068489;12;;SUPERA;DENYL 20MG 14CPDS;;;;;;;;;;;;;;3.329;SIMPRO_VIG;2025-04-09;20;
SIMPRO;2026-04-12;medicamento;0000175636;12;;CRISTALIA;DENYL 20MG 200CPDS(EMB.HOSP.);;;;;;;;;;;;;;2.41;SIMPRO_VIG;2025-04-09;20;
SIMPRO;2026-04-12;medicamento;0000068490;12;;SUPERA;DENYL 20MG 28CPDS REV.;;;;;;;;;;;;;;3.274;SIMPRO_VIG;2025-04-09;20;
SIMPRO;2026-04-12;medicamento;0000068491;12;;CRISTALIA;DENYL 40MG 14CPDS;;;;;;;;;;;;;;4.364;SIMPRO_VIG;2005-07-08;20;
SIMPRO;2026-04-12;medicamento;0000059747;12;;DIFFUCAP;DEOCIL 10MG 10CPDS SUB-LINGUAL;;;;;;;;;;;;;;4.158;SIMPRO_VIG;2023-10-10;20;
SIMPRO;2026-04-12;medicamento;0000150918;12;;ABBOTT;DEPACON 100MG/ML SOL.INJ.10FA 5ML;;;;;;;;;;;;;;18.847;SIMPRO_VIG;2026-03-31;20;
SIMPRO;2026-04-12;medicamento;0000020010;12;;ABBOTT;DEPAKENE 250MG 25CAPS;;;;;;;;;;;;;;0.612;SIMPRO_VIG;2017-02-22;20;
SIMPRO;2026-04-12;medicamento;0000256145;12;;ABBOTT;DEPAKENE 250MG 50CAPS GEL.MOLE;;;;;;;;;;;;;;0.846;SIMPRO_VIG;2017-02-22;20;
SIMPRO;2026-04-12;medicamento;0000020100;12;;ABBOTT;DEPAKENE 300MG 25CPDS REV.;;;;;;;;;;;;;;0.742;SIMPRO_VIG;2017-02-22;20;
SIMPRO;2026-04-12;medicamento;0000020012;12;;ABBOTT;DEPAKENE 500MG 50CPDS REV.;;;;;;;;;;;;;;0.927;SIMPRO_VIG;2017-02-22;20;
SIMPRO;2026-04-12;medicamento;0000020013;12;;ABBOTT;DEPAKENE 50MG/ML XPE 100ML;;;;;;;;;;;;;;0.12;SIMPRO_VIG;2017-02-22;20;
SIMPRO;2026-04-12;medicamento;0000029538;12;;ABBOTT;DEPAKOTE 250MG 20CPDS REV.;;;;;;;;;;;;;;0.84;SIMPRO_VIG;2011-05-31;20;
SIMPRO;2026-04-12;medicamento;0000119874;12;;ABBOTT;DEPAKOTE 250MG 30CPDS REV.;;;;;;;;;;;;;;1.21;SIMPRO_VIG;2017-02-22;20;
SIMPRO;2026-04-12;medicamento;0000029539;12;;ABBOTT;DEPAKOTE 500MG 20CPDS REV.;;;;;;;;;;;;;;1.566;SIMPRO_VIG;2011-05-31;20;
SIMPRO;2026-04-12;medicamento;0000119875;12;;ABBOTT;DEPAKOTE 500MG 30CPDS REV.;;;;;;;;;;;;;;2.255;SIMPRO_VIG;2017-02-22;20;
SIMPRO;2026-04-12;medicamento;0000165483;12;;ABBOTT;DEPAKOTE ER 250MG 30CPDS REV.LIB.PROLONG.;;;;;;;;;;;;;;1.556;SIMPRO_VIG;2017-02-22;20;
SIMPRO;2026-04-12;medicamento;0000165482;12;;ABBOTT;DEPAKOTE ER 250MG 6CPDS REV.LIB.PROLONG.;;;;;;;;;;;;;;1.543;SIMPRO_VIG;2017-02-22;20;
SIMPRO;2026-04-12;medicamento;0000104848;12;;ABBOTT;DEPAKOTE ER 500MG 20CPDS REV.LIB.PROLONG.;;;;;;;;;;;;;;1.567;SIMPRO_VIG;2011-05-31;20;
SIMPRO;2026-04-12;medicamento;0000119876;12;;ABBOTT;DEPAKOTE ER 500MG 30CPDS REV.LIB.PROLONG.;;;;;;;;;;;;;;2.255;SIMPRO_VIG;2017-02-22;20;
SIMPRO;2026-04-12;medicamento;0000256146;12;;ABBOTT;DEPAKOTE ER 500MG 6CPDS REV.LIB.PROLONG.;;;;;;;;;;;;;;3.108;SIMPRO_VIG;2017-02-22;20;
SIMPRO;2026-04-12;medicamento;0000153560;12;;ABBOTT;DEPAKOTE SPRINKLE 125MG 10CAPS GEL.DURA MICROGRAN.;;;;;;;;;;;;;;0.975;SIMPRO_VIG;2017-02-22;20;
SIMPRO;2026-04-12;medicamento;0000040265;12;;ABBOTT;DEPAKOTE SPRINKLE 125MG 30CAPS GEL.DURA MICROGRAN.;;;;;;;;;;;;;;0.71;SIMPRO_VIG;2017-02-22;20;
SIMPRO;2026-04-12;medicamento;0000256147;12;;ABBOTT;DEPAKOTE SPRINKLE 125MG 60CAPS GEL.DURA MICROGRAN.;;;;;;;;;;;;;;0.982;SIMPRO_VIG;2017-02-22;20;
SIMPRO;2026-04-12;medicamento;0000144958;12;;BIOSINTETICA;DEPAXAN 20MG 10CPDS REV.;;;;;;;;;;;;;;3.397;SIMPRO_VIG;2020-06-23;20;
SIMPRO;2026-04-12;medicamento;0000308406;12;;ACHE;DEPAXAN 20MG 10CPDS REV.;;;;;;;;;;;;;;4.696;SIMPRO_VIG;2019-06-18;20;
SIMPRO;2026-04-12;medicamento;0000136746;12;;BIOSINTETICA;DEPAXAN 20MG 20CPDS REV.;;;;;;;;;;;;;;2.438;SIMPRO_VIG;2020-06-23;20;
SIMPRO;2026-04-12;medicamento;0000308405;12;;ACHE;DEPAXAN 20MG 20CPDS REV.;;;;;;;;;;;;;;3.37;SIMPRO_VIG;2019-06-18;20;
SIMPRO;2026-04-12;medicamento;0000136747;12;;BIOSINTETICA;DEPAXAN 20MG 30CPDS REV.;;;;;;;;;;;;;;3.869;SIMPRO_VIG;2020-06-23;20;
SIMPRO;2026-04-12;medicamento;0000308404;12;;ACHE;DEPAXAN 20MG 30CPDS REV.;;;;;;;;;;;;;;5.585;SIMPRO_VIG;2025-04-04;20;
SIMPRO;2026-04-12;medicamento;0000026853;12;;PFIZER BRASIL;DEPO-PROVERA 150MG 1SER.1ML;;;;;;;;;;;;;;63.77;SIMPRO_VIG;2025-04-01;20;
SIMPRO;2026-04-12;medicamento;0000025992;12;;PFIZER;DEPO-PROVERA 50MG 1FR 1ML;;;;;;;;;;;;;;12.68;SIMPRO_VIG;2017-04-04;20;
SIMPRO;2026-04-12;medicamento;0000166938;12;;BIOLAB SANUS;DEPOMES 25+5MG/ML SUSP.INJ.1AMP 1ML;;;;;;;;;;;;;;40.76;SIMPRO_VIG;2025-04-09;20;
SIMPRO;2026-04-12;medicamento;0000026012;12;;TEUTO BRAS;DEPRAMINA 25MG 20CPDS;;;;;;;;;;;;;;0.208;SIMPRO_VIG;2018-02-01;20;
SIMPRO;2026-04-12;medicamento;0000305484;12;;CRISTALIA;DEPRASIL 30MG 30CAPS GEL DURA LIB.RETARD.;;;;;;;;;;;;;;3.059;SIMPRO_VIG;2024-04-09;20;
SIMPRO;2026-04-12;medicamento;0000305486;12;;CRISTALIA;DEPRASIL 60MG 30CAPS GEL DURA LIB.RETARD.;;;;;;;;;;;;;;5.303;SIMPRO_VIG;2024-04-09;20;
SIMPRO;2026-04-12;medicamento;0000080055;12;;ACHE;DEPRAX 20MG 28CAPS;;;;;;;;;;;;;;0;SIMPRO_VIG;2009-09-18;20;
SIMPRO;2026-04-12;medicamento;0000015886;12;;UNIAO QUIMICA;DEPRESS 20MG 14CAPS GEL.;;;;;;;;;;;;;;1.241;SIMPRO_VIG;2018-04-10;20;
SIMPRO;2026-04-12;medicamento;0000071848;12;;UNIAO QUIMICA;DEPRESS 20MG 28CAPS.GEL.;;;;;;;;;;;;;;1.338;SIMPRO_VIG;2019-04-09;20;
SIMPRO;2026-04-12;medicamento;0000240987;12;;UNIAO QUIMICA;DEPRESS 20MG/ML SOL.ORAL 30ML;;;;;;;;;;;;;;1.012;SIMPRO_VIG;2018-04-10;20;
SIMPRO;2026-04-12;medicamento;0000040072;12;;ACHE;DEPROZOL 1000MG 2CPDS REV.;;;;;;;;;;;;;;13.54;SIMPRO_VIG;2020-06-26;20;
SIMPRO;2026-04-12;medicamento;0000040073;12;;ACHE;DEPROZOL 1000MG 4CPDS REV.;;;;;;;;;;;;;;12.855;SIMPRO_VIG;2020-06-26;20;
SIMPRO;2026-04-12;medicamento;0000307174;12;;SANOFI MEDLEY;DEPURA 1000UI 30CAPS MOLE;;;;;;;;;;;;;;1.759;SIMPRO_VIG;2023-04-01;20;
SIMPRO;2026-04-12;medicamento;0000266246;12;;SANOFI MEDLEY;DEPURA 1000UI 30CPDS REV.;;;;;;;;;;;;;;1.633;SIMPRO_VIG;2022-04-05;20;
SIMPRO;2026-04-12;medicamento;0000261677;12;;SANOFI CONSUMER;DEPURA 14000UI/ML SOL.ORAL 10ML;;;;;;;;;;;;;;97.4;SIMPRO_VIG;2024-02-01;20;
SIMPRO;2026-04-12;medicamento;0000266247;12;;SANOFI MEDLEY;DEPURA 2000 UI COM REV CT BL AL PLAS OPC X 30;;;;;;;;;;;;;;2.241;SIMPRO_VIG;2023-11-01;20;
SIMPRO;2026-04-12;medicamento;0000307177;12;;SANOFI MEDLEY;DEPURA 2000UI 30CPDS ORODISP.;;;;;;;;;;;;;;2.285;SIMPRO_VIG;2023-04-01;20;
SIMPRO;2026-04-12;medicamento;0000307175;12;;SANOFI MEDLEY;DEPURA 50000UI 4CAPS MOLE;;;;;;;;;;;;;;37.805;SIMPRO_VIG;2022-04-05;20;
SIMPRO;2026-04-12;medicamento;0000307176;12;;SANOFI MEDLEY;DEPURA 50000UI 4CPDS ORODISP.;;;;;;;;;;;;;;39.92;SIMPRO_VIG;2023-04-01;20;
SIMPRO;2026-04-12;medicamento;0000272649;12;;SANOFI-AVENTIS;DEPURA 5000UI 4CPDS REV.;;;;;;;;;;;;;;31.31;SIMPRO_VIG;2016-07-06;20;
SIMPRO;2026-04-12;medicamento;0000307173;12;;SANOFI MEDLEY;DEPURA 7000UI 8CAPS MOLE;;;;;;;;;;;;;;4.861;SIMPRO_VIG;2022-04-05;20;
SIMPRO;2026-04-12;medicamento;0000307179;12;;SANOFI MEDLEY;DEPURA 7000UI 8CPDS ORODISP.;;;;;;;;;;;;;;5.134;SIMPRO_VIG;2023-04-01;20;
SIMPRO;2026-04-12;medicamento;0000266248;12;;SANOFI MEDLEY;DEPURA 7000UI 8CPDS REV.;;;;;;;;;;;;;;4.764;SIMPRO_VIG;2022-04-05;20;
SIMPRO;2026-04-12;medicamento;0000244681;12;;SANOFI-AVENTIS;DEPURA GTS 200UI 20+10ML(LIBERADO);;;;;;;;;;;;;;1.454;SIMPRO_VIG;2015-08-01;20;
SIMPRO;2026-04-12;medicamento;0000244680;12;;SANOFI-AVENTIS;DEPURA GTS 200UI 20ML LEVE3PAGUE2(LIBERADO);;;;;;;;;;;;;;4.36;SIMPRO_VIG;2015-08-01;20;
SIMPRO;2026-04-12;medicamento;0000151242;12;;SANOFI-AVENTIS;DEPURA GTS.10ML(LIBERADO);;;;;;;;;;;;;;2.639;SIMPRO_VIG;2015-08-01;20;
SIMPRO;2026-04-12;medicamento;0000151243;12;;SANOFI-AVENTIS;DEPURA GTS.20ML(LIBERADO);;;;;;;;;;;;;;2.181;SIMPRO_VIG;2015-08-01;20;
SIMPRO;2026-04-12;medicamento;0000163532;12;;SANOFI-AVENTIS;DEPURA KIDS 5.600UI/ML GTS.10ML(LIBERADO);;;;;;;;;;;;;;2.639;SIMPRO_VIG;2015-08-01;20;
SIMPRO;2026-04-12;medicamento;0000240957;12;;GLENMARK;DERIVA C MICRO 1+10MG/G GEL DERM.30G LIB.PROLONG.;;;;;;;;;;;;;;50.08;SIMPRO_VIG;2025-04-01;20;
SIMPRO;2026-04-12;medicamento;0000240958;12;;GLENMARK;DERIVA C MICRO 1+10MG/G GEL DERM.45G LIB.PROLONG.;;;;;;;;;;;;;;50.48;SIMPRO_VIG;2017-04-01;20;
SIMPRO;2026-04-12;medicamento;0000153556;12;;GLENMARK;DERIVA MICRO 1MG GEL DERM.30G;;;;;;;;;;;;;;112.6;SIMPRO_VIG;2025-04-01;20;
SIMPRO;2026-04-12;medicamento;0000139189;12;;LEGRAND TARJADOS;DERM PROX SOL.TOP.15ML;;;;;;;;;;;;;;1.587;SIMPRO_VIG;2015-04-01;20;
SIMPRO;2026-04-12;medicamento;0000161006;12;;UNIAO QUIMICA;DERMA PREVENT CRM.45G;;;;;;;;;;;;;;0.495;SIMPRO_VIG;2024-04-05;20;
SIMPRO;2026-04-12;medicamento;0000034376;12;;DARROW;DERMACARE CRM.15G;;;;;;;;;;;;;;0.809;SIMPRO_VIG;2015-04-06;20;
SIMPRO;2026-04-12;medicamento;0000034377;12;;DARROW;DERMACARE POM.15G;;;;;;;;;;;;;;0.869;SIMPRO_VIG;2015-04-06;20;
SIMPRO;2026-04-12;medicamento;0000121612;12;;SILVESTRE;DERMACERIUM 1%+0,4% CRM.10GRS;;;;;;;;;;;;;;0.93;SIMPRO_VIG;2013-04-10;20;
SIMPRO;2026-04-12;medicamento;0000166057;12;;SILVESTRE;DERMACERIUM 1%+0,4% CRM.12X120GRS(EMB.HOSP.);;;;;;;;;;;;;;97.128;SIMPRO_VIG;2014-04-03;20;
SIMPRO;2026-04-12;medicamento;0000038756;12;;SILVESTRE;DERMACERIUM 1%+0,4% CRM.15GRS;;;;;;;;;;;;;;0.985;SIMPRO_VIG;2014-04-03;20;
SIMPRO;2026-04-12;medicamento;0000166058;12;;SILVESTRE;DERMACERIUM 1%+0,4% CRM.24X120GRS(EMB.HOSP.);;;;;;;;;;;;;;97.128;SIMPRO_VIG;2014-04-03;20;
SIMPRO;2026-04-12;medicamento;0000166059;12;;SILVESTRE;DERMACERIUM 1%+0,4% CRM.24X30GRS(EMB.HOSP.);;;;;;;;;;;;;;15.857;SIMPRO_VIG;2014-04-03;20;
SIMPRO;2026-04-12;medicamento;0000166060;12;;SILVESTRE;DERMACERIUM 1%+0,4% CRM.24X50GRS(EMB.HOSP.);;;;;;;;;;;;;;26.428;SIMPRO_VIG;2014-04-03;20;
SIMPRO;2026-04-12;medicamento;0000121613;12;;SILVESTRE;DERMACERIUM 1%+0,4% CRM.5GRS;;;;;;;;;;;;;;0.822;SIMPRO_VIG;2011-04-01;20;
SIMPRO;2026-04-12;medicamento;0000166061;12;;SILVESTRE;DERMACERIUM 1%+0,4% CRM.60X120GRS(EMB.HOSP.);;;;;;;;;;;;;;97.128;SIMPRO_VIG;2014-04-03;20;
SIMPRO;2026-04-12;medicamento;0000153643;12;;SILVESTRE;DERMACERIUM 1%+0,4% CRM.60X50GRS;;;;;;;;;;;;;;23.523;SIMPRO_VIG;2012-04-09;20;
SIMPRO;2026-04-12;medicamento;0000038754;12;;CRISTALIA;DERMACERIUM 1%+0,4% CRM.DERM.120GRS;;;;;;;;;;;;;;193.63;SIMPRO_VIG;2025-05-01;20;
SIMPRO;2026-04-12;medicamento;0000038755;12;;CRISTALIA;DERMACERIUM 1%+0,4% CRM.DERM.30GRS;;;;;;;;;;;;;;70.86;SIMPRO_VIG;2025-05-01;20;
SIMPRO;2026-04-12;medicamento;0000166062;12;;CRISTALIA;DERMACERIUM 1%+0,4% CRM.DERM.60BG.30GRS;;;;;;;;;;;;;;23.561;SIMPRO_VIG;2025-04-09;20;
SIMPRO;2026-04-12;medicamento;0000166063;12;;CRISTALIA;DERMACERIUM 1%+0,4% CRM.DERM.60BG.50GRS;;;;;;;;;;;;;;39.269;SIMPRO_VIG;2025-05-01;20;
SIMPRO;2026-04-12;medicamento;0000103583;12;;SILVESTRE;DERMACERIUM 2.2 CRM.120GRS;;;;;;;;;;;;;;2.14;SIMPRO_VIG;2015-04-01;20;
SIMPRO;2026-04-12;medicamento;0000103580;12;;SILVESTRE;DERMACERIUM 2.2 CRM.15GRS;;;;;;;;;;;;;;2.135;SIMPRO_VIG;2015-04-01;20;
SIMPRO;2026-04-12;medicamento;0000103581;12;;SILVESTRE;DERMACERIUM 2.2 CRM.30GRS;;;;;;;;;;;;;;1.987;SIMPRO_VIG;2014-04-03;20;
SIMPRO;2026-04-12;medicamento;0000103584;12;;SILVESTRE;DERMACERIUM 2.2 CRM.400GRS;;;;;;;;;;;;;;1.773;SIMPRO_VIG;2015-04-01;20;
SIMPRO;2026-04-12;medicamento;0000103582;12;;SILVESTRE;DERMACERIUM 2.2 CRM.50GRS;;;;;;;;;;;;;;2.139;SIMPRO_VIG;2015-04-01;20;
SIMPRO;2026-04-12;medicamento;0000153644;12;;SILVESTRE;DERMACERIUM HS GEL 1%+4% BG.10GRS;;;;;;;;;;;;;;1.058;SIMPRO_VIG;2015-04-01;20;
SIMPRO;2026-04-12;medicamento;0000153645;12;;CRISTALIA;DERMACERIUM HS GEL 1%+4% BG.15GRS;;;;;;;;;;;;;;29.57;SIMPRO_VIG;2025-05-01;20;
SIMPRO;2026-04-12;medicamento;0000153646;12;;SILVESTRE;DERMACERIUM HS GEL 1%+4% BG.8GRS;;;;;;;;;;;;;;1.065;SIMPRO_VIG;2015-04-01;20;
SIMPRO;2026-04-12;medicamento;0000071018;12;;CELLERA FARMA;DERMAFREE 1FR 15ML;;;;;;;;;;;;;;2.749;SIMPRO_VIG;2025-08-01;20;
SIMPRO;2026-04-12;medicamento;0000122611;12;;COSMED;DERMALINA 20MG/G CRM.DERM.28G;;;;;;;;;;;;;;0.594;SIMPRO_VIG;2026-03-31;20;
SIMPRO;2026-04-12;medicamento;0000122612;12;;COSMED;DERMALINA 20MG/G LOC.TOP.30G;;;;;;;;;;;;;;0.438;SIMPRO_VIG;2026-03-31;20;
SIMPRO;2026-04-12;medicamento;0000122613;12;;COSMED;DERMALINA 20MG/G PO TOP.30G;;;;;;;;;;;;;;0.904;SIMPRO_VIG;2026-03-31;20;
SIMPRO;2026-04-12;medicamento;0000074182;12;;EMS;DERMATISAN 0,5+1+10+10MG/G CRM.20G;;;;;;;;;;;;;;2.039;SIMPRO_VIG;2025-04-04;20;
SIMPRO;2026-04-12;medicamento;0000137891;12;;GERMED;DERMATOL 0,5MG/G CRM.30G;;;;;;;;;;;;;;0.676;SIMPRO_VIG;2019-04-09;20;
SIMPRO;2026-04-12;medicamento;0000137892;12;;GERMED;DERMATOL 0,5MG/G POM.30G;;;;;;;;;;;;;;0.682;SIMPRO_VIG;2019-04-09;20;
SIMPRO;2026-04-12;medicamento;0000137893;12;;GERMED;DERMATOL 1MG/G LOC.CAPILAR 30G;;;;;;;;;;;;;;0.86;SIMPRO_VIG;2016-04-08;20;
SIMPRO;2026-04-12;medicamento;0000080237;12;;STIEFEL;DERMAVITE 30CPDS;;;;;;;;;;;;;;2.454;SIMPRO_VIG;2014-04-01;20;
SIMPRO;2026-04-12;medicamento;0000147678;12;;GERMED;DERMAZELAIC 150MG/G GEL.15G;;;;;;;;;;;;;;1.839;SIMPRO_VIG;2016-04-08;20;
SIMPRO;2026-04-12;medicamento;0000147679;12;;GERMED;DERMAZELAIC 150MG/G GEL.30G;;;;;;;;;;;;;;1.424;SIMPRO_VIG;2016-04-08;20;
SIMPRO;2026-04-12;medicamento;0000255989;12;;CRISTALIA;DERMAZINE 10MG/G CREM.DERM.100GRS;;;;;;;;;;;;;;89.24;SIMPRO_VIG;2025-04-09;20;
SIMPRO;2026-04-12;medicamento;0000103577;12;;CRISTALIA;DERMAZINE 10MG/G CRM.DERM.60BG.30GRS;;;;;;;;;;;;;;22.681;SIMPRO_VIG;2025-04-09;20;
SIMPRO;2026-04-12;medicamento;0000103579;12;;CRISTALIA;DERMAZINE 10MG/G CRM.DERM.60BG.50GRS;;;;;;;;;;;;;;37.807;SIMPRO_VIG;2025-04-09;20;
SIMPRO;2026-04-12;medicamento;0000038757;12;;CRISTALIA;DERMAZINE 10MG/G CRM.DERM.PT.100GRS;;;;;;;;;;;;;;81.26;SIMPRO_VIG;2025-04-09;20;
SIMPRO;2026-04-12;medicamento;0000145078;12;;SILVESTRE;DERMAZINE CRM.15GRS;;;;;;;;;;;;;;0.531;SIMPRO_VIG;2015-04-01;20;
SIMPRO;2026-04-12;medicamento;0000103576;12;;SILVESTRE;DERMAZINE CRM.24X30GRS;;;;;;;;;;;;;;11.187;SIMPRO_VIG;2014-04-03;20;
SIMPRO;2026-04-12;medicamento;0000103578;12;;SILVESTRE;DERMAZINE CRM.24X50GRS;;;;;;;;;;;;;;18.641;SIMPRO_VIG;2014-04-03;20;
SIMPRO;2026-04-12;medicamento;0000028049;12;;TEUTO BRAS;DERMDRYL 2,24+1,28+0,28+28G CRM.28GRS;;;;;;;;;;;;;;0.494;SIMPRO_VIG;2016-04-18;20;
SIMPRO;2026-04-12;medicamento;0000028048;12;;TEUTO BRAS;DERMDRYL 9,6+1,2+0,12G LOC.120ML;;;;;;;;;;;;;;0.187;SIMPRO_VIG;2016-04-18;20;
SIMPRO;2026-04-12;medicamento;0000094497;12;;KINDER;DERMIC CRM.DERM.30GRS;;;;;;;;;;;;;;0.455;SIMPRO_VIG;2026-03-31;20;
SIMPRO;2026-04-12;medicamento;0000094498;12;;KINDER;DERMIC SAB.60GRS;;;;;;;;;;;;;;16.02;SIMPRO_VIG;2026-03-31;20;
SIMPRO;2026-04-12;medicamento;0000082779;12;;HERALD'S;DERMICIN POM.15GRS;;;;;;;;;;;;;;1.443;SIMPRO_VIG;2011-04-01;20;
SIMPRO;2026-04-12;medicamento;0000141210;12;;GREENWOOD;DERMIL CAMOMILA CRM.PROTETOR INF.PLAST.45GRS;;;;;;;;;;;;;;0.126;SIMPRO_VIG;2012-04-04;20;
SIMPRO;2026-04-12;medicamento;0000122614;12;;COSMED;DERMIL POM.DERM.20GRS;;;;;;;;;;;;;;0.202;SIMPRO_VIG;2011-04-01;20;
SIMPRO;2026-04-12;medicamento;0000122615;12;;COSMED;DERMIL POM.DERM.45G;;;;;;;;;;;;;;0.266;SIMPRO_VIG;2026-03-31;20;
SIMPRO;2026-04-12;medicamento;0000122616;12;;COSMED;DERMIL POM.DERM.90G;;;;;;;;;;;;;;0.201;SIMPRO_VIG;2026-03-31;20;
SIMPRO;2026-04-12;medicamento;0000103270;12;;VITAPAN;DERMITRAT 200MG 10CPDS;;;;;;;;;;;;;;2.374;SIMPRO_VIG;2012-04-01;20;
SIMPRO;2026-04-12;medicamento;0000103271;12;;VITAMEDIC;DERMITRAT CRM.30GRS;;;;;;;;;;;;;;1.122;SIMPRO_VIG;2024-04-10;20;
SIMPRO;2026-04-12;medicamento;0000150948;12;;VITAPAN;DERMITRAT CRM.30GRS 50BG;;;;;;;;;;;;;;5.435;SIMPRO_VIG;2011-04-01;20;
SIMPRO;2026-04-12;medicamento;0000103272;12;;VITAMEDIC;DERMITRAT SHM.100ML;;;;;;;;;;;;;;0.566;SIMPRO_VIG;2022-04-12;20;
SIMPRO;2026-04-12;medicamento;0000044913;12;;BUNKER;DERMIZAN 30G;;;;;;;;;;;;;;1.301;SIMPRO_VIG;2010-04-01;20;
SIMPRO;2026-04-12;medicamento;0000138487;12;;CAZI;DERMOBAN 2% CRM.15GRS;;;;;;;;;;;;;;2.018;SIMPRO_VIG;2009-09-15;20;
SIMPRO;2026-04-12;medicamento;0000241655;12;;EMS;DERMOCERYL 50MG/ML ESM.UNHA 2,5ML 10ESP+30SACH+30LIXAS;;;;;;;;;;;;;;182.18;SIMPRO_VIG;2024-01-16;20;
SIMPRO;2026-04-12;medicamento;0000096181;12;;EMS;DERMOCORTE 20+0,64MG/G CRM.30G;;;;;;;;;;;;;;1.299;SIMPRO_VIG;2025-04-04;20;
SIMPRO;2026-04-12;medicamento;0000096182;12;;EMS;DERMOCORTE 20+0,64MG/G POM.30G;;;;;;;;;;;;;;1.299;SIMPRO_VIG;2025-04-04;20;
SIMPRO;2026-04-12;medicamento;0000315434;12;;TAKEDA;DERMODEX 100000UI/G+200MG/G POM.DERM.15G;;;;;;;;;;;;;;15.58;SIMPRO_VIG;2020-07-07;20;
SIMPRO;2026-04-12;medicamento;0000315435;12;;TAKEDA;DERMODEX 100000UI/G+200MG/G POM.DERM.30G;;;;;;;;;;;;;;31.19;SIMPRO_VIG;2020-07-07;20;
SIMPRO;2026-04-12;medicamento;0000176087;12;;TAKEDA;DERMODEX POM.DER 60G;;;;;;;;;;;;;;0.721;SIMPRO_VIG;2013-04-26;20;
SIMPRO;2026-04-12;medicamento;0000136644;12;;BRISTOL;DERMODEX PREVENT CRM.45GRS TB.PLAST.;;;;;;;;;;;;;;0.206;SIMPRO_VIG;2012-04-01;20;
SIMPRO;2026-04-12;medicamento;0000136645;12;;BRISTOL;DERMODEX PREVENT PROMO DEDOCHE CRM.45GRS GIFT;;;;;;;;;;;;;;0;SIMPRO_VIG;2010-04-01;20;
SIMPRO;2026-04-12;medicamento;0000138434;12;;BRISTOL;DERMODEX PREVENT PROMOCIONAL 45GRS;;;;;;;;;;;;;;0.138;SIMPRO_VIG;2012-04-01;20;
SIMPRO;2026-04-12;medicamento;0000102928;12;;KINDER;DERMOKIN POM.DERM.30GRS;;;;;;;;;;;;;;0.478;SIMPRO_VIG;2026-03-31;20;
SIMPRO;2026-04-12;medicamento;0000094499;12;;KINDER;DERMOKIN POM.DERM.60GRS;;;;;;;;;;;;;;0.477;SIMPRO_VIG;2026-03-31;20;
SIMPRO;2026-04-12;medicamento;0000108409;12;;BELFAR;DERMOLIMP CRM.30GRS;;;;;;;;;;;;;;0.457;SIMPRO_VIG;2026-03-31;20;
SIMPRO;2026-04-12;medicamento;0000095062;12;;BIOSINTETICA;DERMOMAX 40MG/G CRM.15GRS;;;;;;;;;;;;;;2.542;SIMPRO_VIG;2008-04-01;20;
SIMPRO;2026-04-12;medicamento;0000084273;12;;BIOSINTETICA;DERMOMAX 40MG/G CRM.30GRS;;;;;;;;;;;;;;3.267;SIMPRO_VIG;2020-06-23;20;
SIMPRO;2026-04-12;medicamento;0000084274;12;;BIOSINTETICA;DERMOMAX 40MG/G CRM.5GRS;;;;;;;;;;;;;;4.426;SIMPRO_VIG;2020-01-02;20;
SIMPRO;2026-04-12;medicamento;0000308408;12;;ACHE;DERMOMAX 40MG/G CRM.DERM.30G;;;;;;;;;;;;;;137.08;SIMPRO_VIG;2025-04-04;20;
SIMPRO;2026-04-12;medicamento;0000308407;12;;ACHE;DERMOMAX 40MG/G CRM.DERM.5G;;;;;;;;;;;;;;30.84;SIMPRO_VIG;2025-04-04;20;
SIMPRO;2026-04-12;medicamento;0000092482;12;;BIOFARMA;DERMOMICIN POM.DERM.20GRS;;;;;;;;;;;;;;0.418;SIMPRO_VIG;2026-03-31;20;
SIMPRO;2026-04-12;medicamento;0000103273;12;;VITAPAN;DERMONIL 1MG/G CRM.30GRS;;;;;;;;;;;;;;0.564;SIMPRO_VIG;2009-04-01;20;
SIMPRO;2026-04-12;medicamento;0000103274;12;;VITAPAN;DERMONIL 1MG/G POM.30GRS;;;;;;;;;;;;;;0.554;SIMPRO_VIG;2009-04-01;20;
SIMPRO;2026-04-12;medicamento;0000143856;12;;EMS;DERMORUTEX B CRM.DERM.15GRS;;;;;;;;;;;;;;2.995;SIMPRO_VIG;2016-04-05;20;
SIMPRO;2026-04-12;medicamento;0000037903;12;;CELLERA FARMA;DERMOSALIC 0,64+20MG/ML SOL.TOP.30ML;;;;;;;;;;;;;;1.747;SIMPRO_VIG;2025-04-04;20;
SIMPRO;2026-04-12;medicamento;0000037902;12;;CELLERA FARMA;DERMOSALIC 0,64+30MG/G POM.DERM.30G;;;;;;;;;;;;;;1.496;SIMPRO_VIG;2025-04-04;20;
SIMPRO;2026-04-12;medicamento;0000141278;12;;TEUTO BRAS;DERMOSENIOR 45GRS;;;;;;;;;;;;;;0.261;SIMPRO_VIG;2009-10-01;20;
SIMPRO;2026-04-12;medicamento;0000141279;12;;TEUTO BRAS;DERMOSENIOR 90GRS;;;;;;;;;;;;;;0.181;SIMPRO_VIG;2009-10-01;20;
SIMPRO;2026-04-12;medicamento;0000104359;12;;LEGRAND SIMILARES;DERMOSTATIN 100000UI/G+200MG/G POM.DERM.60G;;;;;;;;;;;;;;0.546;SIMPRO_VIG;2025-04-04;20;
SIMPRO;2026-04-12;medicamento;0000140208;12;;GLENMARK;DERMOTIL 1MG CRM.DERM.20G;;;;;;;;;;;;;;46.19;SIMPRO_VIG;2018-04-13;20;
SIMPRO;2026-04-12;medicamento;0000101693;12;;GLENMARK;DERMOTIL 1MG/G POM.DERM.20G;;;;;;;;;;;;;;40.96;SIMPRO_VIG;2019-04-09;20;
SIMPRO;2026-04-12;medicamento;0000240959;12;;GLENMARK;DERMOTIL FUSID 1+20MG/G CRM.DERM.10G;;;;;;;;;;;;;;81.01;SIMPRO_VIG;2025-04-01;20;
SIMPRO;2026-04-12;medicamento;0000148836;12;;GALDERMA;DERMOTIVIN CONTROL FOAM 130ML;;;;;;;;;;;;;;0.451;SIMPRO_VIG;2014-04-30;20;
SIMPRO;2026-04-12;medicamento;0000163400;12;;GALDERMA;DERMOTIVIN CONTROL SAB.90G;;;;;;;;;;;;;;0.267;SIMPRO_VIG;2012-08-14;20;
SIMPRO;2026-04-12;medicamento;0000148837;12;;GALDERMA;DERMOTIVIN CONTROL SAB.LIQ.FLIP 120ML;;;;;;;;;;;;;;0.368;SIMPRO_VIG;2014-04-30;20;
SIMPRO;2026-04-12;medicamento;0000160299;12;;GALDERMA;DERMOTIVIN ORIGINAL SAB.90G;;;;;;;;;;;;;;0.267;SIMPRO_VIG;2013-11-13;20;
SIMPRO;2026-04-12;medicamento;0000241464;12;;GALDERMA;DERMOTIVIN ORIGINAL SAB.LIQ.120ML;;;;;;;;;;;;;;44.21;SIMPRO_VIG;2014-04-30;20;
SIMPRO;2026-04-12;medicamento;0000240415;12;;GALDERMA;DERMOTIVIN PROMOCIONAL SAB.LIQ.PUMP 300ML;;;;;;;;;;;;;;0.154;SIMPRO_VIG;2014-04-30;20;
SIMPRO;2026-04-12;medicamento;0000137903;12;;GALDERMA;DERMOTIVIN SAB.FOAM 100ML;;;;;;;;;;;;;;0;SIMPRO_VIG;2010-01-12;20;
SIMPRO;2026-04-12;medicamento;0000139506;12;;GALDERMA;DERMOTIVIN SAB.FOAM 130ML;;;;;;;;;;;;;;0.451;SIMPRO_VIG;2014-04-30;20;
SIMPRO;2026-04-12;medicamento;0000137904;12;;GALDERMA;DERMOTIVIN SAB.FOAM 50ML;;;;;;;;;;;;;;0.727;SIMPRO_VIG;2014-04-30;20;
SIMPRO;2026-04-12;medicamento;0000143530;12;;GALDERMA;DERMOTIVIN SAB.LIQ.FLIP 120ML;;;;;;;;;;;;;;0.341;SIMPRO_VIG;2012-08-14;20;
SIMPRO;2026-04-12;medicamento;0000128229;12;;GALDERMA;DERMOTIVIN SAB.LIQ.FLIP 150ML;;;;;;;;;;;;;;0;SIMPRO_VIG;2010-01-12;20;
SIMPRO;2026-04-12;medicamento;0000128230;12;;GALDERMA;DERMOTIVIN SAB.LIQ.PUMP 150ML;;;;;;;;;;;;;;0;SIMPRO_VIG;2010-01-12;20;
SIMPRO;2026-04-12;medicamento;0000137905;12;;GALDERMA;DERMOTIVIN SAB.LIQ.PUMP 300ML;;;;;;;;;;;;;;0.175;SIMPRO_VIG;2014-04-30;20;
SIMPRO;2026-04-12;medicamento;0000145064;12;;GALDERMA;DERMOTIVIN SAB.SOFT FOAM 130ML;;;;;;;;;;;;;;0.451;SIMPRO_VIG;2014-04-30;20;
SIMPRO;2026-04-12;medicamento;0000157298;12;;GALDERMA;DERMOTIVIN SALIX FOAM 130ML;;;;;;;;;;;;;;0.451;SIMPRO_VIG;2014-04-30;20;
SIMPRO;2026-04-12;medicamento;0000240349;12;;GALDERMA;DERMOTIVIN SALIX LIQUIDO 300ML;;;;;;;;;;;;;;57.68;SIMPRO_VIG;2014-04-30;20;
SIMPRO;2026-04-12;medicamento;0000153156;12;;GALDERMA;DERMOTIVIN SALIX SAB.90G;;;;;;;;;;;;;;0.267;SIMPRO_VIG;2012-08-14;20;
SIMPRO;2026-04-12;medicamento;0000160301;12;;GALDERMA;DERMOTIVIN SCRUB SAB.60G;;;;;;;;;;;;;;0.766;SIMPRO_VIG;2014-04-30;20;
SIMPRO;2026-04-12;medicamento;0000175620;12;;GALDERMA;DERMOTIVIN SCRUB SAB.90GRS;;;;;;;;;;;;;;24;SIMPRO_VIG;2013-04-09;20;
SIMPRO;2026-04-12;medicamento;0000160300;12;;GALDERMA;DERMOTIVIN SOFT SAB.90G;;;;;;;;;;;;;;0.267;SIMPRO_VIG;2012-08-14;20;
SIMPRO;2026-04-12;medicamento;0000148838;12;;GALDERMA;DERMOTIVIN SOFT SAB.LIQ.FLIP 120ML;;;;;;;;;;;;;;0.368;SIMPRO_VIG;2014-04-30;20;
SIMPRO;2026-04-12;medicamento;0000108410;12;;BELFAR;DERMOTRIZOL 10MG/G CRM.DERM.20G;;;;;;;;;;;;;;25.03;SIMPRO_VIG;2025-04-17;20;
SIMPRO;2026-04-12;medicamento;0000108411;12;;BELFAR;DERMOTRIZOL SPR.20ML;;;;;;;;;;;;;;0.862;SIMPRO_VIG;2009-09-16;20;
SIMPRO;2026-04-12;medicamento;0000171875;12;;TEUTO BRAS;DERMOVAGIN 30+20MG/G CRM.VAG.40G+7APL.;;;;;;;;;;;;;;0.533;SIMPRO_VIG;2018-04-10;20;
SIMPRO;2026-04-12;medicamento;0000131952;12;;EUROFARMA;DESAGREG 250MG 20CPDS;;;;;;;;;;;;;;1.385;SIMPRO_VIG;2010-04-01;20;
SIMPRO;2026-04-12;medicamento;0000131951;12;;EUROFARMA;DESAGREG 250MG 30CPDS;;;;;;;;;;;;;;1.352;SIMPRO_VIG;2010-04-01;20;
SIMPRO;2026-04-12;medicamento;0000269332;12;;ORGANON;DESALEX 0,5MG/ML XPE 100ML+DOSADOR;;;;;;;;;;;;;;0.956;SIMPRO_VIG;2025-04-09;20;
SIMPRO;2026-04-12;medicamento;0000269333;12;;ORGANON;DESALEX 0,5MG/ML XPE 60ML+DOSADOR;;;;;;;;;;;;;;1.113;SIMPRO_VIG;2025-04-09;20;
SIMPRO;2026-04-12;medicamento;0000095571;12;;MANTECORP FARMASA;DESALEX 0,5MG/ML XPE.100ML;;;;;;;;;;;;;;0.798;SIMPRO_VIG;2016-04-12;20;
SIMPRO;2026-04-12;medicamento;0000071693;12;;MANTECORP FARMASA;DESALEX 5MG 10CPDS;;;;;;;;;;;;;;5.982;SIMPRO_VIG;2016-04-12;20;
SIMPRO;2026-04-12;medicamento;0000268340;12;;ORGANON;DESALEX 5MG 10CPDS REV.;;;;;;;;;;;;;;8.347;SIMPRO_VIG;2025-07-01;20;
SIMPRO;2026-04-12;medicamento;0000146502;12;;MANTECORP FARMASA;DESALEX 5MG 30CPDS;;;;;;;;;;;;;;5.502;SIMPRO_VIG;2016-04-12;20;
SIMPRO;2026-04-12;medicamento;0000269331;12;;ORGANON;DESALEX 5MG 30CPDS REV.;;;;;;;;;;;;;;4.32;SIMPRO_VIG;2025-04-09;20;
SIMPRO;2026-04-12;medicamento;0000242057;12;;MANTECORP FARMASA;DESALEX D12 2,5+120MG 10CPDS LIB.MODIF.;;;;;;;;;;;;;;4.428;SIMPRO_VIG;2016-04-12;20;
SIMPRO;2026-04-12;medicamento;0000269334;12;;ORGANON;DESALEX D12 2,5+120MG 10CPDS REV.LIB.MOD.;;;;;;;;;;;;;;6.493;SIMPRO_VIG;2025-07-01;20;
SIMPRO;2026-04-12;medicamento;0000083961;12;;MANTECORP FARMASA;DESALEX XPE.60ML;;;;;;;;;;;;;;0.798;SIMPRO_VIG;2016-04-12;20;
SIMPRO;2026-04-12;medicamento;0000162957;12;;SANDOZ;DESARCOR 16MG 30CPDS;;;;;;;;;;;;;;1.828;SIMPRO_VIG;2018-04-24;20;
SIMPRO;2026-04-12;medicamento;0000162955;12;;SANDOZ;DESARCOR 8MG 30CPDS;;;;;;;;;;;;;;1.69;SIMPRO_VIG;2018-04-24;20;
SIMPRO;2026-04-12;medicamento;0000176183;12;;SANDOZ;DESARCOR 8MG 7CPDS;;;;;;;;;;;;;;3.136;SIMPRO_VIG;2018-04-24;20;
SIMPRO;2026-04-12;medicamento;0000136824;12;;ACTAVIS;DESCODRIN 9,0MG/ML 30ML;;;;;;;;;;;;;;0.237;SIMPRO_VIG;2011-04-01;20;
SIMPRO;2026-04-12;medicamento;0000136826;12;;ACTAVIS;DESCODRIN 9,0MG/ML 50ML;;;;;;;;;;;;;;0.264;SIMPRO_VIG;2011-04-01;20;
SIMPRO;2026-04-12;medicamento;0000103076;12;;MANTECORP FARMASA;DESCON 12CAPS GEL;;;;;;;;;;;;;;1.947;SIMPRO_VIG;2018-03-01;20;
SIMPRO;2026-04-12;medicamento;0000122112;12;;MANTECORP FARMASA;DESCON 1X4CAPS F.V.;;;;;;;;;;;;;;1.69;SIMPRO_VIG;2017-04-04;20;
SIMPRO;2026-04-12;medicamento;0000071745;12;;FARMASA;DESCON 20CAPS GEL;;;;;;;;;;;;;;1.25;SIMPRO_VIG;2011-05-17;20;
SIMPRO;2026-04-12;medicamento;0000104842;12;;FARMASA;DESCON 400+4+4MG 10X4CAPS;;;;;;;;;;;;;;1.127;SIMPRO_VIG;2011-05-17;20;
SIMPRO;2026-04-12;medicamento;0000103074;12;;MANTECORP FARMASA;DESCON 400+4+4MG 25X4CAPS;;;;;;;;;;;;;;1.69;SIMPRO_VIG;2017-04-07;20;
SIMPRO;2026-04-12;medicamento;0000134389;12;;FARMASA;DESCON RINUS SOL.ORAL GTS.20ML;;;;;;;;;;;;;;0.443;SIMPRO_VIG;2011-04-01;20;
SIMPRO;2026-04-12;medicamento;0000071747;12;;MANTECORP FARMASA;DESCON SOL.ORAL 120ML;;;;;;;;;;;;;;0.391;SIMPRO_VIG;2017-04-07;20;
SIMPRO;2026-04-12;medicamento;0000071746;12;;MANTECORP FARMASA;DESCON SOL.ORAL GTS.20ML;;;;;;;;;;;;;;2.032;SIMPRO_VIG;2017-04-04;20;
SIMPRO;2026-04-12;medicamento;0000035372;12;;NOVARTIS;DESFERAL 500MG PO LIOF.5FA+5AMP.DIL.5ML;;;;;;;;;;;;;;92.844;SIMPRO_VIG;2026-04-01;20;
SIMPRO;2026-04-12;medicamento;0000169212;12;;BAXTER;DESFORANE 100% LIQ.INAL.1FR 240ML;;;;;;;;;;;;;;5.017;SIMPRO_VIG;2017-04-11;20;
SIMPRO;2026-04-12;medicamento;0000015890;12;;UNIAO QUIMICA;DESFRIN 0,025% SOL.NASAL PED.SPR.10ML;;;;;;;;;;;;;;0.936;SIMPRO_VIG;2018-04-10;20;
SIMPRO;2026-04-12;medicamento;0000043222;12;;DIFFUCAP;DESINFLEX 50MG 20CPDS;;;;;;;;;;;;;;0.595;SIMPRO_VIG;2012-04-02;20;
SIMPRO;2026-04-12;medicamento;0000043223;12;;DIFFUCAP;DESINFLEX GEL 30GRS;;;;;;;;;;;;;;0;SIMPRO_VIG;2010-04-05;20;
SIMPRO;2026-04-12;medicamento;0000072231;12;;DIFFUCAP;DESINFLEX RETARD 100MG 20CAPS;;;;;;;;;;;;;;1.144;SIMPRO_VIG;2019-02-05;20;
SIMPRO;2026-04-12;medicamento;0000094235;12;;UNIAO QUIMICA;DESLANOL 0,2MG/ML SOL.INJ.50AMP 2ML;;;;;;;;;;;;;;2.95;SIMPRO_VIG;2025-04-04;20;
SIMPRO;2026-04-12;medicamento;0000272531;12;;ZYDUS NIKKHO;DESLIN 5MG 10CPDS REV.;;;;;;;;;;;;;;4.61;SIMPRO_VIG;2021-04-06;20;
SIMPRO;2026-04-12;medicamento;0000286455;12;;ZYDUS NIKKHO;DESLIN 5MG 30CPDS REV.;;;;;;;;;;;;;;3.029;SIMPRO_VIG;2021-04-06;20;
SIMPRO;2026-04-12;medicamento;0000286453;12;;ZYDUS NIKKHO;DESLIN 5MG 4CPDS REV.;;;;;;;;;;;;;;5.043;SIMPRO_VIG;2021-04-06;20;
SIMPRO;2026-04-12;medicamento;0000144980;12;;LEGRAND SIMILARES;DESLORANA 0,5MG/ML XPE.VD.AMB.100ML+SER.DOS.;;;;;;;;;;;;;;0.851;SIMPRO_VIG;2025-04-04;20;
SIMPRO;2026-04-12;medicamento;0000144979;12;;LEGRAND SIMILARES;DESLORANA 0,5MG/ML XPE.VD.AMB.60ML+SER.DOS.;;;;;;;;;;;;;;0.851;SIMPRO_VIG;2025-04-04;20;
SIMPRO;2026-04-12;medicamento;0000144978;12;;LEGRAND SIMILARES;DESLORANA 5MG BL.AL./AL.10CPDS REV.;;;;;;;;;;;;;;6.868;SIMPRO_VIG;2025-04-04;20;
SIMPRO;2026-04-12;medicamento;0000300899;12;;LEGRAND SIMILARES;DESLORANA 5MG BL.AL./AL.30CPDS REV.;;;;;;;;;;;;;;4.925;SIMPRO_VIG;2025-04-04;20;
SIMPRO;2026-04-12;medicamento;0000167109;12;;LEGRAND OTC;DESLORANA 5MG BL.AL.PLAST.OPC.30CPDS REV.;;;;;;;;;;;;;;4.441;SIMPRO_VIG;2024-10-01;20;
SIMPRO;2026-04-12;medicamento;0000150849;12;;PRATI-DONADUZZI;DESLORATADINA 0,5MG/ML XPE 60ML+SER.DOS.;;;;;;;;;;;;;;0.655;SIMPRO_VIG;2025-04-04;20;
SIMPRO;2026-04-12;medicamento;0000141739;12;;EMS GENERICOS;DESLORATADINA 0,5MG/ML XPE.100ML+SER.DOS.;;;;;;;;;;;;;;0.826;SIMPRO_VIG;2024-04-02;20;
SIMPRO;2026-04-12;medicamento;0000302255;12;;EUROFARMA;DESLORATADINA 0,5MG/ML XPE.100ML+SER.DOS.;;;;;;;;;;;;;;0.639;SIMPRO_VIG;2025-04-04;20;
SIMPRO;2026-04-12;medicamento;0000308409;12;;ACHE;DESLORATADINA 0,5MG/ML XPE.100ML+SER.DOS.;;;;;;;;;;;;;;0.738;SIMPRO_VIG;2025-04-04;20;
SIMPRO;2026-04-12;medicamento;0000166424;12;;SANOFI MEDLEY;DESLORATADINA 0,5MG/ML XPE.100ML+SER.DOSAD.;;;;;;;;;;;;;;0.759;SIMPRO_VIG;2025-04-04;20;
SIMPRO;2026-04-12;medicamento;0000241769;12;;BIOSINTETICA;DESLORATADINA 0,5MG/ML XPE.100ML+SER.DOSAD.;;;;;;;;;;;;;;0.603;SIMPRO_VIG;2020-06-23;20;
SIMPRO;2026-04-12;medicamento;0000243289;12;;ACHE;DESLORATADINA 0,5MG/ML XPE.100ML+SER.DOSAD.;;;;;;;;;;;;;;0.412;SIMPRO_VIG;2018-11-01;20;
SIMPRO;2026-04-12;medicamento;0000141738;12;;EMS GENERICOS;DESLORATADINA 0,5MG/ML XPE.60ML+SER.DOS.;;;;;;;;;;;;;;0.826;SIMPRO_VIG;2024-04-02;20;
SIMPRO;2026-04-12;medicamento;0000153517;12;;NOVA QUIMICA GEN;DESLORATADINA 0,5MG/ML XPE.60ML+SER.DOS.;;;;;;;;;;;;;;0.788;SIMPRO_VIG;2024-02-06;20;
SIMPRO;2026-04-12;medicamento;0000302254;12;;EUROFARMA;DESLORATADINA 0,5MG/ML XPE.60ML+SER.DOS.;;;;;;;;;;;;;;0.743;SIMPRO_VIG;2025-04-04;20;
SIMPRO;2026-04-12;medicamento;0000311898;12;;ACHE;DESLORATADINA 0,5MG/ML XPE.60ML+SER.DOS.;;;;;;;;;;;;;;0.759;SIMPRO_VIG;2025-04-04;20;
SIMPRO;2026-04-12;medicamento;0000166423;12;;SANOFI MEDLEY;DESLORATADINA 0,5MG/ML XPE.60ML+SER.DOSAD.;;;;;;;;;;;;;;0.851;SIMPRO_VIG;2025-04-04;20;
SIMPRO;2026-04-12;medicamento;0000315458;12;;NOVA QUIMICA;DESLORATADINA 0,5MG/ML XPE.FR PLAS.100ML+SER.DOS.;;;;;;;;;;;;;;0.914;SIMPRO_VIG;2025-04-04;20;
SIMPRO;2026-04-12;medicamento;0000315454;12;;NOVA QUIMICA;DESLORATADINA 0,5MG/ML XPE.FR PLAS.60ML+SER.DOS.;;;;;;;;;;;;;;0.913;SIMPRO_VIG;2025-04-04;20;
SIMPRO;2026-04-12;medicamento;0000144995;12;;GERMED GENERICOS;DESLORATADINA 0,5MG/ML XPE.FR PLAST.AMB 60ML+SER.DOS.;;;;;;;;;;;;;;0.792;SIMPRO_VIG;2025-04-04;20;
SIMPRO;2026-04-12;medicamento;0000153518;12;;NOVA QUIMICA GEN;DESLORATADINA 0,5MG/ML XPE.FR VD.100ML+SER.DOS.;;;;;;;;;;;;;;0.788;SIMPRO_VIG;2024-02-06;20;
SIMPRO;2026-04-12;medicamento;0000144996;12;;GERMED GENERICOS;DESLORATADINA 0,5MG/ML XPE.FR VD.AMB.100ML+SER.DOS.;;;;;;;;;;;;;;0.748;SIMPRO_VIG;2022-04-05;20;
SIMPRO;2026-04-12;medicamento;0000272721;12;;PRATI-DONADUZZI;DESLORATADINA 0,5MG/ML XPE.FR.VD.AMB.100ML+SER.DOS.;;;;;;;;;;;;;;0.627;SIMPRO_VIG;2025-04-04;20;
SIMPRO;2026-04-12;medicamento;0000153720;12;;PRATI-DONADUZZI;DESLORATADINA 0,5MG/ML XPE.FR.VD.AMB.60ML+SER.DOS.;;;;;;;;;;;;;;0.655;SIMPRO_VIG;2025-04-04;20;
SIMPRO;2026-04-12;medicamento;0000315250;12;;EMS GENERICOS;DESLORATADINA 0,5MG/ML XPE.PLAST.100ML+SER.DOS.;;;;;;;;;;;;;;0.785;SIMPRO_VIG;2025-04-04;20;
SIMPRO;2026-04-12;medicamento;0000315249;12;;EMS GENERICOS;DESLORATADINA 0,5MG/ML XPE.PLAST.60ML+SER.DOS.;;;;;;;;;;;;;;0.792;SIMPRO_VIG;2025-04-04;20;
SIMPRO;2026-04-12;medicamento;0000144908;12;;LEGRAND GENERICOS;DESLORATADINA 0,5MG/ML XPE.VD.AMB.100ML+SER.DOS.;;;;;;;;;;;;;;0.851;SIMPRO_VIG;2025-04-04;20;
SIMPRO;2026-04-12;medicamento;0000144907;12;;LEGRAND GENERICOS;DESLORATADINA 0,5MG/ML XPE.VD.AMB.60ML+SER.DOS.;;;;;;;;;;;;;;0.851;SIMPRO_VIG;2025-04-04;20;
SIMPRO;2026-04-12;medicamento;0000141737;12;;EMS GENERICOS;DESLORATADINA 5MG 10CPDS REV.;;;;;;;;;;;;;;6.19;SIMPRO_VIG;2024-04-02;20;
SIMPRO;2026-04-12;medicamento;0000142092;12;;GERMED GENERICOS;DESLORATADINA 5MG 10CPDS REV.;;;;;;;;;;;;;;6.19;SIMPRO_VIG;2024-04-02;20;
SIMPRO;2026-04-12;medicamento;0000144906;12;;LEGRAND GENERICOS;DESLORATADINA 5MG 10CPDS REV.;;;;;;;;;;;;;;5.842;SIMPRO_VIG;2024-04-02;20;
SIMPRO;2026-04-12;medicamento;0000153516;12;;NOVA QUIMICA;DESLORATADINA 5MG 10CPDS REV.;;;;;;;;;;;;;;6.375;SIMPRO_VIG;2025-04-04;20;
SIMPRO;2026-04-12;medicamento;0000241764;12;;BIOSINTETICA;DESLORATADINA 5MG 10CPDS REV.;;;;;;;;;;;;;;4.577;SIMPRO_VIG;2020-06-23;20;
SIMPRO;2026-04-12;medicamento;0000241765;12;;ACHE;DESLORATADINA 5MG 10CPDS REV.;;;;;;;;;;;;;;3.128;SIMPRO_VIG;2018-11-01;20;
SIMPRO;2026-04-12;medicamento;0000269569;12;;ZYDUS NIKKHO;DESLORATADINA 5MG 10CPDS REV.;;;;;;;;;;;;;;4.819;SIMPRO_VIG;2025-04-09;20;
SIMPRO;2026-04-12;medicamento;0000271767;12;;SANDOZ;DESLORATADINA 5MG 10CPDS REV.;;;;;;;;;;;;;;4.215;SIMPRO_VIG;2022-04-26;20;
SIMPRO;2026-04-12;medicamento;0000308410;12;;ACHE;DESLORATADINA 5MG 10CPDS REV.;;;;;;;;;;;;;;6.529;SIMPRO_VIG;2025-04-04;20;
SIMPRO;2026-04-12;medicamento;0000310563;12;;EUROFARMA;DESLORATADINA 5MG 10CPDS REV.;;;;;;;;;;;;;;5.572;SIMPRO_VIG;2025-04-04;20;
SIMPRO;2026-04-12;medicamento;0000165594;12;;EMS GENERICOS;DESLORATADINA 5MG 30CPDS REV.;;;;;;;;;;;;;;4.954;SIMPRO_VIG;2024-04-02;20;
SIMPRO;2026-04-12;medicamento;0000165596;12;;LEGRAND GENERICOS;DESLORATADINA 5MG 30CPDS REV.;;;;;;;;;;;;;;3.258;SIMPRO_VIG;2018-02-01;20;
SIMPRO;2026-04-12;medicamento;0000166410;12;;GERMED GENERICOS;DESLORATADINA 5MG 30CPDS REV.;;;;;;;;;;;;;;2.723;SIMPRO_VIG;2024-04-02;20;
SIMPRO;2026-04-12;medicamento;0000310564;12;;EUROFARMA;DESLORATADINA 5MG 30CPDS REV.;;;;;;;;;;;;;;2.885;SIMPRO_VIG;2025-04-04;20;
SIMPRO;2026-04-12;medicamento;0000171781;12;;NOVA QUIMICA;DESLORATADINA 5MG BL.AL.AL.30CPDS REV.;;;;;;;;;;;;;;5.611;SIMPRO_VIG;2025-04-04;20;
SIMPRO;2026-04-12;medicamento;0000137552;12;;BIOLAB SANUS;DESMURIN 0,1MG 2,5ML;;;;;;;;;;;;;;0;SIMPRO_VIG;2010-04-01;20;
SIMPRO;2026-04-12;medicamento;0000137551;12;;BIOLAB SANUS;DESMURIN 0,1MG 30CPDS;;;;;;;;;;;;;;4.346;SIMPRO_VIG;2010-04-01;20;
SIMPRO;2026-04-12;medicamento;0000070405;12;;ACHE;DESOBESI-M 25MG 30CAPS GEL.;;;;;;;;;;;;;;0.553;SIMPRO_VIG;2011-03-31;20;
SIMPRO;2026-04-12;medicamento;0000153668;12;;UNIAO QUIMICA;DESODIOL 0,15+0,03MG 21CPDS;;;;;;;;;;;;;;0.94;SIMPRO_VIG;2018-04-10;20;
SIMPRO;2026-04-12;medicamento;0000176187;12;;SANDOZ;DESOGESTREL 0,075MG 28CPDS REV.;;;;;;;;;;;;;;34.57;SIMPRO_VIG;2022-04-26;20;
SIMPRO;2026-04-12;medicamento;0000310680;12;;UNIAO QUIMICA;DESOGESTREL 0,075MG 28CPDS REV.;;;;;;;;;;;;;;1.365;SIMPRO_VIG;2025-04-04;20;
SIMPRO;2026-04-12;medicamento;0000311762;12;;EUROFARMA;DESOGESTREL 0,075MG 28CPDS REV.;;;;;;;;;;;;;;26.72;SIMPRO_VIG;2019-11-21;20;
SIMPRO;2026-04-12;medicamento;0000311899;12;;ACHE;DESOGESTREL 0,075MG 28CPDS REV.;;;;;;;;;;;;;;37.49;SIMPRO_VIG;2025-04-04;20;
SIMPRO;2026-04-12;medicamento;0000297268;12;;SANDOZ;DESOGESTREL 0,075MG 56CPDS REV.;;;;;;;;;;;;;;0.879;SIMPRO_VIG;2022-04-26;20;
SIMPRO;2026-04-12;medicamento;0000315255;12;;UNIAO QUIMICA;DESOGESTREL 0,075MG 56CPDS REV.;;;;;;;;;;;;;;1.365;SIMPRO_VIG;2024-04-05;20;
SIMPRO;2026-04-12;medicamento;0000277151;12;;SANDOZ;DESOGESTREL 0,075MG 84CPDS REV.;;;;;;;;;;;;;;0.989;SIMPRO_VIG;2022-04-26;20;
SIMPRO;2026-04-12;medicamento;0000310681;12;;UNIAO QUIMICA;DESOGESTREL 0,075MG 84CPDS REV.;;;;;;;;;;;;;;1.093;SIMPRO_VIG;2025-04-04;20;
SIMPRO;2026-04-12;medicamento;0000311763;12;;EUROFARMA;DESOGESTREL 0,075MG 84CPDS REV.;;;;;;;;;;;;;;66.97;SIMPRO_VIG;2019-11-21;20;
SIMPRO;2026-04-12;medicamento;0000311900;12;;ACHE;DESOGESTREL 0,075MG 84CPDS REV.;;;;;;;;;;;;;;31.76;SIMPRO_VIG;2025-04-04;20;
SIMPRO;2026-04-12;medicamento;0000315333;12;;EUROFARMA;DESOGESTREL 0,075MG BL.AL.PLAS.PVC/PVDC 28CPDS REV.;;;;;;;;;;;;;;37.99;SIMPRO_VIG;2025-04-04;20;
SIMPRO;2026-04-12;medicamento;0000315334;12;;EUROFARMA;DESOGESTREL 0,075MG BL.AL.PLAS.PVC/PVDC 84CPDS REV.;;;;;;;;;;;;;;1.134;SIMPRO_VIG;2025-04-04;20;
SIMPRO;2026-04-12;medicamento;0000297353;12;;SANDOZ;DESOGESTREL 0,075MG BL.AL.PLAST.28CPDS REV.;;;;;;;;;;;;;;22.69;SIMPRO_VIG;2022-04-12;20;
SIMPRO;2026-04-12;medicamento;0000297354;12;;SANDOZ;DESOGESTREL 0,075MG BL.AL.PLAST.84CPDS REV.;;;;;;;;;;;;;;61.16;SIMPRO_VIG;2022-04-12;20;
SIMPRO;2026-04-12;medicamento;0000302561;12;;NEO QUIMICA;DESOGESTREL 75MCG 28CPDS REV.;;;;;;;;;;;;;;39.66;SIMPRO_VIG;2025-04-09;20;
SIMPRO;2026-04-12;medicamento;0000315442;12;;GERMED GENERICOS;DESOGESTREL 75MCG 28CPDS REV.;;;;;;;;;;;;;;37.52;SIMPRO_VIG;2025-04-04;20;
SIMPRO;2026-04-12;medicamento;0000316380;12;;LEGRAND GENERICOS;DESOGESTREL 75MCG 28CPDS REV.;;;;;;;;;;;;;;37.52;SIMPRO_VIG;2025-04-04;20;
SIMPRO;2026-04-12;medicamento;0000317115;12;;EMS GENERICOS;DESOGESTREL 75MCG 28CPDS REV.;;;;;;;;;;;;;;37.52;SIMPRO_VIG;2025-04-04;20;
SIMPRO;2026-04-12;medicamento;0000302562;12;;NEO QUIMICA;DESOGESTREL 75MCG 84CPDS REV.;;;;;;;;;;;;;;96.07;SIMPRO_VIG;2025-04-09;20;
SIMPRO;2026-04-12;medicamento;0000315443;12;;GERMED GENERICOS;DESOGESTREL 75MCG 84CPDS REV.;;;;;;;;;;;;;;95.25;SIMPRO_VIG;2025-04-04;20;
SIMPRO;2026-04-12;medicamento;0000316381;12;;LEGRAND GENERICOS;DESOGESTREL 75MCG 84CPDS REV.;;;;;;;;;;;;;;95.25;SIMPRO_VIG;2025-04-04;20;
SIMPRO;2026-04-12;medicamento;0000317116;12;;EMS GENERICOS;DESOGESTREL 75MCG 84CPDS REV.;;;;;;;;;;;;;;95.25;SIMPRO_VIG;2025-04-04;20;
SIMPRO;2026-04-12;medicamento;0000123052;12;;EUROFARMA;DESOGESTREL+ETINILESTRADIOL 0,150+0,020MG 21CPDS;;;;;;;;;;;;;;2.005;SIMPRO_VIG;2025-04-04;20;
SIMPRO;2026-04-12;medicamento;0000123053;12;;EUROFARMA;DESOGESTREL+ETINILESTRADIOL 0,150+0,030MG 21CPDS;;;;;;;;;;;;;;1.606;SIMPRO_VIG;2025-04-04;20;
SIMPRO;2026-04-12;medicamento;0000123162;12;;EMS GEN;DESOGESTREL+ETINILESTRADIOL GEN.150+20MCG 21CPDS;;;;;;;;;;;;;;1.013;SIMPRO_VIG;2011-04-01;20;
SIMPRO;2026-04-12;medicamento;0000123163;12;;EMS GEN;DESOGESTREL+ETINILESTRADIOL GEN.150+30MCG 21CPDS;;;;;;;;;;;;;;0.81;SIMPRO_VIG;2011-04-01;20;
SIMPRO;2026-04-12;medicamento;0000174718;12;;APSEN;DESOL FR 10ML;;;;;;;;;;;;;;49.12;SIMPRO_VIG;2025-04-04;20;
SIMPRO;2026-04-12;medicamento;0000174719;12;;APSEN;DESOL FR 20ML;;;;;;;;;;;;;;86.02;SIMPRO_VIG;2025-04-04;20;
SIMPRO;2026-04-12;medicamento;0000092383;12;;LEGRAND GENERICOS;DESONIDA 0,5MG/G CRM.30GRS;;;;;;;;;;;;;;0.905;SIMPRO_VIG;2025-04-04;20;
SIMPRO;2026-04-12;medicamento;0000090685;12;;GERMED GENERICOS;DESONIDA 0,5MG/G CRM.DERM.30G;;;;;;;;;;;;;;1.412;SIMPRO_VIG;2025-04-04;20;
SIMPRO;2026-04-12;medicamento;0000090699;12;;EMS GENERICOS;DESONIDA 0,5MG/G CRM.DERM.30G;;;;;;;;;;;;;;1.447;SIMPRO_VIG;2025-04-04;20;
SIMPRO;2026-04-12;medicamento;0000088229;12;;SANOFI MEDLEY;DESONIDA 0,5MG/G CRM.DERM.30GRS;;;;;;;;;;;;;;1.308;SIMPRO_VIG;2024-04-09;20;
SIMPRO;2026-04-12;medicamento;0000140507;12;;PRATI-DONADUZZI;DESONIDA 0,5MG/G LOC.DERM.60G;;;;;;;;;;;;;;0.402;SIMPRO_VIG;2018-01-09;20;
SIMPRO;2026-04-12;medicamento;0000095562;12;;GERMED GENERICOS;DESONIDA 0,5MG/G POM.DERM.30G;;;;;;;;;;;;;;1.425;SIMPRO_VIG;2025-04-04;20;
SIMPRO;2026-04-12;medicamento;0000091737;12;;SANOFI MEDLEY;DESONIDA 0,5MG/G POM.DERM.30GRS;;;;;;;;;;;;;;1.238;SIMPRO_VIG;2023-11-01;20;
SIMPRO;2026-04-12;medicamento;0000094014;12;;MEDLEY;DESONIDA 5MG/G LOC.60GRS;;;;;;;;;;;;;;0.692;SIMPRO_VIG;2020-04-01;20;
SIMPRO;2026-04-12;medicamento;0000140506;12;;PRATI-DONADUZZI;DESONIDA GEN.0,5MG/G CRM.DERM.30GRS;;;;;;;;;;;;;;0.46;SIMPRO_VIG;2013-08-27;20;
SIMPRO;2026-04-12;medicamento;0000095051;12;;EMS GEN;DESONIDA GEN.0,5MG/G LOC.DERM.60G;;;;;;;;;;;;;;0.549;SIMPRO_VIG;2011-04-01;20;
SIMPRO;2026-04-12;medicamento;0000092384;12;;LEGRAND GEN;DESONIDA GEN.0,5MG/G POM.30GRS;;;;;;;;;;;;;;0.596;SIMPRO_VIG;2011-04-01;20;
SIMPRO;2026-04-12;medicamento;0000090700;12;;EMS GEN;DESONIDA GEN.0,5MG/G POM.DERM.30G;;;;;;;;;;;;;;0.604;SIMPRO_VIG;2011-04-01;20;
SIMPRO;2026-04-12;medicamento;0000100090;12;;EMS GEN;DESONIDA GEN.1MG/ML LOC.CAPILAR 30G;;;;;;;;;;;;;;0.661;SIMPRO_VIG;2011-04-01;20;
SIMPRO;2026-04-12;medicamento;0000100065;12;;GERMED GEN;DESONIDA GEN.LOC.CAP.30GRS;;;;;;;;;;;;;;0.654;SIMPRO_VIG;2011-04-01;20;
SIMPRO;2026-04-12;medicamento;0000100086;12;;LEGRAND GEN;DESONIDA GEN.LOC.CAP.30GRS;;;;;;;;;;;;;;0.66;SIMPRO_VIG;2011-04-01;20;
SIMPRO;2026-04-12;medicamento;0000095537;12;;LEGRAND GEN;DESONIDA GEN.LOC.CRM.60GRS;;;;;;;;;;;;;;0.563;SIMPRO_VIG;2011-04-01;20;
SIMPRO;2026-04-12;medicamento;0000096179;12;;GERMED GEN;DESONIDA GEN.LOC.CRM.60GRS;;;;;;;;;;;;;;0.566;SIMPRO_VIG;2011-04-01;20;
SIMPRO;2026-04-12;medicamento;0000256432;12;;SANOFI MEDLEY;DESONOL 0,5MG/G CRM.DERM.30G;;;;;;;;;;;;;;1.346;SIMPRO_VIG;2023-09-01;20;
SIMPRO;2026-04-12;medicamento;0000060628;12;;SANOFI MEDLEY;DESONOL 0,5MG/G LOC.60GRS;;;;;;;;;;;;;;0.97;SIMPRO_VIG;2020-06-19;20;
SIMPRO;2026-04-12;medicamento;0000252209;12;;MULTILAB;DESOSKIN 0,5MG/G CRM.DERM.30G;;;;;;;;;;;;;;41.22;SIMPRO_VIG;2025-04-04;20;
SIMPRO;2026-04-12;medicamento;0000315085;12;;EMS;DESTADIN 0,5MG/ML XPE.100ML+SER.DOS.;;;;;;;;;;;;;;87.44;SIMPRO_VIG;2025-04-04;20;
SIMPRO;2026-04-12;medicamento;0000143858;12;;EMS;DESTADIN 0,5MG/ML XPE.100ML+SER.DOSAD.;;;;;;;;;;;;;;0.851;SIMPRO_VIG;2025-04-04;20;
SIMPRO;2026-04-12;medicamento;0000315086;12;;EMS;DESTADIN 0,5MG/ML XPE.60ML+SER.DOS.;;;;;;;;;;;;;;54.97;SIMPRO_VIG;2025-04-04;20;
SIMPRO;2026-04-12;medicamento;0000141971;12;;EMS;DESTADIN 0,5MG/ML XPE.60ML+SER.DOSAD.;;;;;;;;;;;;;;0.916;SIMPRO_VIG;2025-04-04;20;
SIMPRO;2026-04-12;medicamento;0000141740;12;;EMS;DESTADIN 5MG 10CPDS REV.;;;;;;;;;;;;;;6.381;SIMPRO_VIG;2025-04-04;20;
SIMPRO;2026-04-12;medicamento;0000167103;12;;EMS;DESTADIN 5MG 30CPDS REV.;;;;;;;;;;;;;;4.49;SIMPRO_VIG;2022-04-05;20;
SIMPRO;2026-04-12;medicamento;0000312348;12;;EUROFARMA;DESVE 100MG 60CPDS REV.LIB.PROLONG.;;;;;;;;;;;;;;2.771;SIMPRO_VIG;2025-04-04;20;
SIMPRO;2026-04-12;medicamento;0000289842;12;;EUROFARMA;DESVE 100MG LIB.PROL.30CPDS REV.;;;;;;;;;;;;;;3.167;SIMPRO_VIG;2025-04-04;20;
SIMPRO;2026-04-12;medicamento;0000289844;12;;EUROFARMA;DESVE 100MG LIB.PROL.7CPDS REV.;;;;;;;;;;;;;;5.014;SIMPRO_VIG;2025-04-04;20;
SIMPRO;2026-04-12;medicamento;0000312347;12;;EUROFARMA;DESVE 50MG 60CPDS REV.LIB.PROLONG.;;;;;;;;;;;;;;2.376;SIMPRO_VIG;2025-04-04;20;
SIMPRO;2026-04-12;medicamento;0000289841;12;;EUROFARMA;DESVE 50MG LIB.PROL.30CPDS REV.;;;;;;;;;;;;;;2.903;SIMPRO_VIG;2025-04-04;20;
SIMPRO;2026-04-12;medicamento;0000289843;12;;EUROFARMA;DESVE 50MG LIB.PROL.7CPDS REV.;;;;;;;;;;;;;;3.727;SIMPRO_VIG;2025-04-04;20;
SIMPRO;2026-04-12;medicamento;0000013981;12;;PFIZER;DETRUSITOL 1MG 28CPDS;;;;;;;;;;;;;;4.318;SIMPRO_VIG;2016-04-08;20;
SIMPRO;2026-04-12;medicamento;0000013982;12;;PFIZER;DETRUSITOL 2MG 28CPDS REV.;;;;;;;;;;;;;;5.899;SIMPRO_VIG;2016-04-08;20;
SIMPRO;2026-04-12;medicamento;0000013980;12;;PFIZER;DETRUSITOL 2MG 60CPDS REV.;;;;;;;;;;;;;;4.296;SIMPRO_VIG;2016-04-08;20;
SIMPRO;2026-04-12;medicamento;0000084045;12;;PFIZER;DETRUSITOL LA 4MG 14CAPS;;;;;;;;;;;;;;0;SIMPRO_VIG;2009-06-01;20;
SIMPRO;2026-04-12;medicamento;0000084046;12;;PFIZER;DETRUSITOL LA 4MG 28CAPS;;;;;;;;;;;;;;0;SIMPRO_VIG;2009-06-01;20;
SIMPRO;2026-04-12;medicamento;0000138074;12;;UPJOHN;DETRUSITOL LA 4MG 30CAPS DURA LIB.PROLONG.;;;;;;;;;;;;;;19.895;SIMPRO_VIG;2025-04-04;20;
SIMPRO;2026-04-12;medicamento;0000315378;12;;SUN FARMACEUTICA;DEVALY LP 250MG 10CPDS REV.LIB.PROL.;;;;;;;;;;;;;;1.756;SIMPRO_VIG;2020-07-28;20;
SIMPRO;2026-04-12;medicamento;0000315366;12;;SUN FARMACEUTICA;DEVALY LP 250MG 30CPDS REV.LIB.PROL.;;;;;;;;;;;;;;1.757;SIMPRO_VIG;2020-07-28;20;
SIMPRO;2026-04-12;medicamento;0000315382;12;;SUN FARMACEUTICA;DEVALY LP 250MG 60CPDS REV.LIB.PROL.;;;;;;;;;;;;;;1.756;SIMPRO_VIG;2020-07-28;20;
SIMPRO;2026-04-12;medicamento;0000315375;12;;SUN FARMACEUTICA;DEVALY LP 250MG 6CPDS REV.LIB.PROL.;;;;;;;;;;;;;;1.753;SIMPRO_VIG;2020-07-28;20;
SIMPRO;2026-04-12;medicamento;0000315384;12;;SUN FARMACEUTICA;DEVALY LP 250MG 90CPDS REV.LIB.PROL.;;;;;;;;;;;;;;1.756;SIMPRO_VIG;2020-07-28;20;
SIMPRO;2026-04-12;medicamento;0000315369;12;;SUN FARMACEUTICA;DEVALY LP 500MG 10CPDS REV.LIB.PROL.;;;;;;;;;;;;;;4.742;SIMPRO_VIG;2024-06-04;20;
SIMPRO;2026-04-12;medicamento;0000315368;12;;SUN FARMACEUTICA;DEVALY LP 500MG 30CPDS REV.LIB.PROL.;;;;;;;;;;;;;;4.743;SIMPRO_VIG;2024-06-04;20;
SIMPRO;2026-04-12;medicamento;0000315371;12;;SUN FARMACEUTICA;DEVALY LP 500MG 60CPDS REV.LIB.PROL.;;;;;;;;;;;;;;3.522;SIMPRO_VIG;2020-07-28;20;
SIMPRO;2026-04-12;medicamento;0000315376;12;;SUN FARMACEUTICA;DEVALY LP 500MG 6CPDS REV.LIB.PROL.;;;;;;;;;;;;;;3.523;SIMPRO_VIG;2020-07-28;20;
SIMPRO;2026-04-12;medicamento;0000315373;12;;SUN FARMACEUTICA;DEVALY LP 500MG 90CPDS REV.LIB.PROL.;;;;;;;;;;;;;;3.522;SIMPRO_VIG;2020-07-28;20;
SIMPRO;2026-04-12;medicamento;0000244538;12;;GEYER;DEVI 200UI 30ML(LIBERADO);;;;;;;;;;;;;;1.559;SIMPRO_VIG;2018-04-03;20;
SIMPRO;2026-04-12;medicamento;0000304863;12;;CRISTALIA;DEX 100MCG/ML SOL.INJ.5FA 2ML;;;;;;;;;;;;;;180.54;SIMPRO_VIG;2025-04-09;20;
SIMPRO;2026-04-12;medicamento;0000166097;12;;DELTA;DEXA CIANOTRAT INJ.6AMP 1ML+6AMP 2ML;;;;;;;;;;;;;;3.113;SIMPRO_VIG;2013-04-01;20;
SIMPRO;2026-04-12;medicamento;0000255965;12;;MERCK S.A;DEXA-CITONEURIN NFF 100+100+5+4,37MG SOL.INJ.AMP.1ML+AMP. 2ML;;;;;;;;;;;;;;14.13;SIMPRO_VIG;2021-06-01;20;
SIMPRO;2026-04-12;medicamento;0000245006;12;;MERCK S.A;DEXA-CITONEURIN NFF 100+100+5+4,37MG SOL.INJ.IM 3AMP.1ML+3AMP.2ML;;;;;;;;;;;;;;14.137;SIMPRO_VIG;2021-06-01;20;
SIMPRO;2026-04-12;medicamento;0000314610;12;;PROCTER;DEXA-CITONEURIN NFF 100+100MG/ML 5+4,37MG SOL.INJ.IM 3AMP.1ML+3AMP.2ML;;;;;;;;;;;;;;54.15;SIMPRO_VIG;2026-04-01;20;
SIMPRO;2026-04-12;medicamento;0000314609;12;;PROCTER;DEXA-CITONEURIN NFF SOL.INJ.IM 1AMP.1ML+1AMP.2ML;;;;;;;;;;;;;;17.29;SIMPRO_VIG;2024-10-01;20;
SIMPRO;2026-04-12;medicamento;0000015058;12;;UNIAO QUIMICA;DEXACOBAL SOL.INJ.3AMP 1ML+3AMP 2ML;;;;;;;;;;;;;;8.663;SIMPRO_VIG;2018-04-10;20;
SIMPRO;2026-04-12;medicamento;0000269340;12;;CIFARMA;DEXADEN 0,1MG/ML 100ML+CP.;;;;;;;;;;;;;;0.103;SIMPRO_VIG;2020-07-07;20;
SIMPRO;2026-04-12;medicamento;0000079565;12;;CIFARMA;DEXADEN 0,5MG 20CPDS;;;;;;;;;;;;;;0.251;SIMPRO_VIG;2011-04-08;20;
SIMPRO;2026-04-12;medicamento;0000079567;12;;CIFARMA;DEXADEN CRM.10GRS;;;;;;;;;;;;;;2.52;SIMPRO_VIG;2025-04-09;20;
SIMPRO;2026-04-12;medicamento;0000079563;12;;CIFARMA;DEXADEN ELIX.100ML;;;;;;;;;;;;;;0.078;SIMPRO_VIG;2014-07-16;20;
SIMPRO;2026-04-12;medicamento;0000013442;12;;HERALD'S;DEXADERM CRM.15GRS;;;;;;;;;;;;;;0.915;SIMPRO_VIG;2011-04-01;20;
SIMPRO;2026-04-12;medicamento;0000161034;12;;TEUTO BRAS;DEXADOZE 4MG 60AMP 1ML+5+100+100MG 60AMP 2ML;;;;;;;;;;;;;;3.558;SIMPRO_VIG;2018-04-10;20;
SIMPRO;2026-04-12;medicamento;0000103752;12;;BELFAR;DEXAGLOS 20CPDS;;;;;;;;;;;;;;0.332;SIMPRO_VIG;2026-03-31;20;
SIMPRO;2026-04-12;medicamento;0000103754;12;;BELFAR;DEXAGLOS CRM.15GRS;;;;;;;;;;;;;;0;SIMPRO_VIG;2009-09-16;20;
SIMPRO;2026-04-12;medicamento;0000103753;12;;BELFAR;DEXAGLOS ELIXIR 100ML;;;;;;;;;;;;;;0.22;SIMPRO_VIG;2025-04-17;20;
SIMPRO;2026-04-12;medicamento;0000148984;12;;EUROFARMA;DEXALGEN 5+1,5+500MG/ML SOL.INJ.AMP.1ML;;;;;;;;;;;;;;19.98;SIMPRO_VIG;2024-04-09;20;
SIMPRO;2026-04-12;medicamento;0000269757;12;;CRISTALIA;DEXALIV GEL 1BG.60G;;;;;;;;;;;;;;0.737;SIMPRO_VIG;2025-04-09;20;
SIMPRO;2026-04-12;medicamento;0000269759;12;;CRISTALIA;DEXALIV SPRAY FR.50ML;;;;;;;;;;;;;;0.378;SIMPRO_VIG;2019-04-09;20;
SIMPRO;2026-04-12;medicamento;0000042831;12;;CRISTALIA;DEXAMESON CRM.50X10GRS;;;;;;;;;;;;;;7.254;SIMPRO_VIG;2012-04-02;20;
SIMPRO;2026-04-12;medicamento;0000042816;12;;CRISTALIA;DEXAMETASONA 0,1MG/ML ELIX.120ML;;;;;;;;;;;;;;0.093;SIMPRO_VIG;2019-05-07;20;
SIMPRO;2026-04-12;medicamento;0000077980;12;;NEO QUIMICA;DEXAMETASONA 0,1MG/ML ELIX.120ML;;;;;;;;;;;;;;0.134;SIMPRO_VIG;2024-04-05;20;
SIMPRO;2026-04-12;medicamento;0000140510;12;;PRATI-DONADUZZI;DEXAMETASONA 0,1MG/ML ELIX.120ML;;;;;;;;;;;;;;0.088;SIMPRO_VIG;2018-04-10;20;
SIMPRO;2026-04-12;medicamento;0000047216;12;;EMS GENERICOS;DEXAMETASONA 0,1MG/ML ELIX.120ML+COP.;;;;;;;;;;;;;;0.171;SIMPRO_VIG;2025-04-04;20;
SIMPRO;2026-04-12;medicamento;0000138638;12;;TEUTO BRAS;DEXAMETASONA 0,1MG/ML ELIXIR PET 100ML+COPO MEDIDOR;;;;;;;;;;;;;;0.167;SIMPRO_VIG;2025-04-09;20;
SIMPRO;2026-04-12;medicamento;0000031872;12;;TEUTO BRAS;DEXAMETASONA 0,1MG/ML ELIXIR VD.100ML+COPO MEDIDOR;;;;;;;;;;;;;;0.079;SIMPRO_VIG;2018-04-10;20;
SIMPRO;2026-04-12;medicamento;0000140508;12;;PRATI-DONADUZZI;DEXAMETASONA 0,1MG/ML ELX.50FRX100ML;;;;;;;;;;;;;;2.742;SIMPRO_VIG;2017-05-22;20;
SIMPRO;2026-04-12;medicamento;0000140509;12;;PRATI-DONADUZZI;DEXAMETASONA 0,1MG/ML ELX.50FRX120ML;;;;;;;;;;;;;;2.992;SIMPRO_VIG;2017-05-22;20;
SIMPRO;2026-04-12;medicamento;0000084368;12;;HIPOLABOR;DEXAMETASONA 2MG/ML 100AMP 1ML;;;;;;;;;;;;;;1.865;SIMPRO_VIG;2026-03-31;20;
SIMPRO;2026-04-12;medicamento;0000091273;12;;EMS GENERICOS;DEXAMETASONA 4MG 10CPDS;;;;;;;;;;;;;;1.67;SIMPRO_VIG;2025-04-04;20;
SIMPRO;2026-04-12;medicamento;0000091626;12;;LEGRAND GENERICOS;DEXAMETASONA 4MG 10CPDS;;;;;;;;;;;;;;1.67;SIMPRO_VIG;2025-04-04;20;
SIMPRO;2026-04-12;medicamento;0000293215;12;;TEUTO BRAS;DEXAMETASONA 4MG 200CPDS(EMB.HOSP);;;;;;;;;;;;;;1.239;SIMPRO_VIG;2026-04-01;20;
SIMPRO;2026-04-12;medicamento;0000172733;12;;TEUTO BRAS;DEXAMETASONA 4MG 200CPDS(EMB.HOSP.);;;;;;;;;;;;;;1.164;SIMPRO_VIG;2024-04-09;20;
SIMPRO;2026-04-12;medicamento;0000152116;12;;TEUTO BRAS;DEXAMETASONA 4MG BL.AL.PLAST.AMB 10CPDS;;;;;;;;;;;;;;1.539;SIMPRO_VIG;2023-04-06;20;
SIMPRO;2026-04-12;medicamento;0000293239;12;;TEUTO BRAS;DEXAMETASONA 4MG BL.PLAST.OPC 10CPDS;;;;;;;;;;;;;;1.67;SIMPRO_VIG;2025-04-09;20;
SIMPRO;2026-04-12;medicamento;0000120639;12;;HIPOLABOR;DEXAMETASONA 4MG/ML 100AMP 2,5ML;;;;;;;;;;;;;;1.854;SIMPRO_VIG;2026-03-31;20;
SIMPRO;2026-04-12;medicamento;0000145456;12;;SANVAL;DEXAMETASONA CRM.10GRS;;;;;;;;;;;;;;0.585;SIMPRO_VIG;2026-03-31;20;
SIMPRO;2026-04-12;medicamento;0000047974;12;;SANVAL;DEXAMETASONA ELIX.120ML;;;;;;;;;;;;;;0.082;SIMPRO_VIG;2026-03-31;20;
SIMPRO;2026-04-12;medicamento;0000066381;12;;SANOFI MEDLEY;DEXAMETASONA ELIX.120ML;;;;;;;;;;;;;;0.133;SIMPRO_VIG;2020-06-19;20;
SIMPRO;2026-04-12;medicamento;0000084366;12;;HIPOLABOR;DEXAMETASONA GEN.0,1% 100X10GRS;;;;;;;;;;;;;;0;SIMPRO_VIG;2009-05-12;20;
SIMPRO;2026-04-12;medicamento;0000114584;12;;DUCTO;DEXAMETASONA GEN.0,1MG/ML 120ML;;;;;;;;;;;;;;0.068;SIMPRO_VIG;2011-05-12;20;
SIMPRO;2026-04-12;medicamento;0000091271;12;;EMS GEN;DEXAMETASONA GEN.0,5MG 2BLX10CPDS;;;;;;;;;;;;;;0.179;SIMPRO_VIG;2011-04-01;20;
SIMPRO;2026-04-12;medicamento;0000091272;12;;EMS GEN;DEXAMETASONA GEN.0,75MG 2BLX10CPDS;;;;;;;;;;;;;;0.222;SIMPRO_VIG;2011-04-01;20;
SIMPRO;2026-04-12;medicamento;0000092373;12;;GERMED GEN;DEXAMETASONA GEN.4,0MG 10CPDS;;;;;;;;;;;;;;0.742;SIMPRO_VIG;2012-04-01;20;
SIMPRO;2026-04-12;medicamento;0000084369;12;;HIPOLABOR;DEXAMETASONA GEN.4MG/ML 100AMP;;;;;;;;;;;;;;0;SIMPRO_VIG;2009-05-12;20;
SIMPRO;2026-04-12;medicamento;0000105743;12;;LEGRAND GEN;DEXAMETASONA GEN.ELIX.120ML;;;;;;;;;;;;;;0.076;SIMPRO_VIG;2011-04-01;20;
SIMPRO;2026-04-12;medicamento;0000040369;12;;KLEY HERTZ;DEXAMETAX CRM.10GRS;;;;;;;;;;;;;;1.222;SIMPRO_VIG;2026-03-31;20;
SIMPRO;2026-04-12;medicamento;0000307280;12;;SANDOZ;DEXAMETONAL 1MG/G CREME DERM.10G;;;;;;;;;;;;;;1.394;SIMPRO_VIG;2019-05-02;20;
SIMPRO;2026-04-12;medicamento;0000034390;12;;SANDOZ;DEXAMETONAL POM.10G;;;;;;;;;;;;;;1.008;SIMPRO_VIG;2018-12-11;20;
SIMPRO;2026-04-12;medicamento;0000103277;12;;VITAPAN;DEXAMEX 0,1MG/ML ELIX.100ML;;;;;;;;;;;;;;0.094;SIMPRO_VIG;2013-04-05;20;
SIMPRO;2026-04-12;medicamento;0000103278;12;;VITAPAN;DEXAMEX 0,5MG 20CPDS;;;;;;;;;;;;;;0.214;SIMPRO_VIG;2011-04-01;20;
SIMPRO;2026-04-12;medicamento;0000103276;12;;VITAMEDIC;DEXAMEX 1MG/G CRM.DERM.10G;;;;;;;;;;;;;;15.29;SIMPRO_VIG;2026-04-01;20;
SIMPRO;2026-04-12;medicamento;0000137946;12;;VITAMEDIC;DEXAMEX CRM.50X10GRS;;;;;;;;;;;;;;5.775;SIMPRO_VIG;2024-04-10;20;
SIMPRO;2026-04-12;medicamento;0000137945;12;;VITAPAN;DEXAMEX ELIXIR.50X100ML;;;;;;;;;;;;;;6.526;SIMPRO_VIG;2010-03-31;20;
SIMPRO;2026-04-12;medicamento;0000034927;12;;BAUSCH LOM;DEXAMYTREX OPTHIOLE COLIRIO 5ML;;;;;;;;;;;;;;3.472;SIMPRO_VIG;2010-04-01;20;
SIMPRO;2026-04-12;medicamento;0000035347;12;;BAUSCH LOM;DEXAMYTREX POM.3,0GRS;;;;;;;;;;;;;;7.307;SIMPRO_VIG;2010-04-01;20;
SIMPRO;2026-04-12;medicamento;0000247574;12;;UNIAO QUIMICA;DEXANEURIN INJ.3AMP 2ML+3AMP VD.AMB.1ML;;;;;;;;;;;;;;14.947;SIMPRO_VIG;2024-04-05;20;
SIMPRO;2026-04-12;medicamento;0000034260;12;;DUCTO;DEXANIL 0,1% CRM.15GRS;;;;;;;;;;;;;;0.809;SIMPRO_VIG;2011-05-12;20;
SIMPRO;2026-04-12;medicamento;0000038325;12;;DUCTO;DEXANIL 2MG/ML 2AMP 1ML;;;;;;;;;;;;;;0;SIMPRO_VIG;2009-08-18;20;
SIMPRO;2026-04-12;medicamento;0000141311;12;;NEO QUIMICA;DEXANIL 2MG/ML 2AMP 1ML;;;;;;;;;;;;;;5.73;SIMPRO_VIG;2026-03-31;20;
SIMPRO;2026-04-12;medicamento;0000038324;12;;DUCTO;DEXANIL 2MG/ML 50AMP 1ML;;;;;;;;;;;;;;0;SIMPRO_VIG;2009-08-18;20;
SIMPRO;2026-04-12;medicamento;0000153701;12;;NEOQUIMICA;DEXANIL 2MG/ML SOL.INJ.50AMP 1ML;;;;;;;;;;;;;;2.69;SIMPRO_VIG;2012-10-11;20;
SIMPRO;2026-04-12;medicamento;0000038326;12;;DUCTO;DEXANIL 4MG/ML 1FA 2,5ML;;;;;;;;;;;;;;0;SIMPRO_VIG;2009-08-18;20;
SIMPRO;2026-04-12;medicamento;0000081620;12;;DUCTO;DEXANIL 4MG/ML 50FA 2,5ML;;;;;;;;;;;;;;0;SIMPRO_VIG;2009-08-18;20;
SIMPRO;2026-04-12;medicamento;0000141310;12;;NEO QUIMICA;DEXANIL 4MG/ML SOL.INJ. 1FA 2,5ML;;;;;;;;;;;;;;11.8;SIMPRO_VIG;2017-04-11;20;
SIMPRO;2026-04-12;medicamento;0000153702;12;;NEOQUIMICA;DEXANIL 4MG/ML SOL.INJ.50AMP 2,5ML;;;;;;;;;;;;;;6.276;SIMPRO_VIG;2012-10-11;20;
SIMPRO;2026-04-12;medicamento;0000244548;12;;UNIAO QUIMICA;DEXANOM 1MG/G POM.OFT.3,5G;;;;;;;;;;;;;;6.13;SIMPRO_VIG;2014-04-01;20;
SIMPRO;2026-04-12;medicamento;0000165875;12;;UNIAO QUIMICA;DEXANOM 1MG/ML SUSP.OFT.5ML;;;;;;;;;;;;;;6.28;SIMPRO_VIG;2017-04-04;20;
SIMPRO;2026-04-12;medicamento;0000138632;12;;TEUTO BRAS;DEXASON 0,1MG/ML ELIXIR PET 100ML;;;;;;;;;;;;;;0.177;SIMPRO_VIG;2025-04-09;20;
SIMPRO;2026-04-12;medicamento;0000111267;12;;TEUTO BRAS;DEXASON 1MG/G CRM.DERM.50X10GRS;;;;;;;;;;;;;;39.599;SIMPRO_VIG;2015-04-01;20;
SIMPRO;2026-04-12;medicamento;0000276766;12;;TEUTO BRAS;DEXASON 4MG 250/120 10CPDS;;;;;;;;;;;;;;1.548;SIMPRO_VIG;2025-04-09;20;
SIMPRO;2026-04-12;medicamento;0000252229;12;;TEUTO BRAS;DEXASON 4MG PLAST.AMB.10CPDS;;;;;;;;;;;;;;1.099;SIMPRO_VIG;2021-04-13;20;
SIMPRO;2026-04-12;medicamento;0000094120;12;;BUNKER;DEXAZONA GTS.5ML;;;;;;;;;;;;;;9.49;SIMPRO_VIG;2013-04-01;20;
SIMPRO;2026-04-12;medicamento;0000042832;12;;CRISTALIA;DEXCLOR 2MG 20X10CPDS;;;;;;;;;;;;;;0.068;SIMPRO_VIG;2010-01-07;20;
SIMPRO;2026-04-12;medicamento;0000138130;12;;HIPOLABOR;DEXCLORFENIRAMINA 50X100ML;;;;;;;;;;;;;;5.116;SIMPRO_VIG;2026-03-31;20;
SIMPRO;2026-04-12;medicamento;0000084370;12;;HIPOLABOR;DEXCLORFENIRAMINA 50X120ML;;;;;;;;;;;;;;4.886;SIMPRO_VIG;2013-12-03;20;
SIMPRO;2026-04-12;medicamento;0000120680;12;;HIPOLABOR;DEXCLORFENIRAMINA GEN.0,4MG/ML XPE 120ML;;;;;;;;;;;;;;0;SIMPRO_VIG;2009-05-12;20;
SIMPRO;2026-04-12;medicamento;0000123975;12;;HIPOLABOR;DEXCLORFENIRAMINA GEN.0,4MG/ML XPE 120ML;;;;;;;;;;;;;;0;SIMPRO_VIG;2009-05-12;20;
SIMPRO;2026-04-12;medicamento;0000127830;12;;HIPOLABOR;DEXCLORFENIRAMINA GEN.0,4MG/ML XPE 120ML VD.;;;;;;;;;;;;;;0;SIMPRO_VIG;2009-05-12;20;
SIMPRO;2026-04-12;medicamento;0000129335;12;;TEUTO BRAS;DEXCLORFENIRAMINA GEN.0,4MG/ML XPE.50X100ML;;;;;;;;;;;;;;5.661;SIMPRO_VIG;2011-05-10;20;
SIMPRO;2026-04-12;medicamento;0000145307;12;;BRASTERAPICA;DEXCLORFLEX 100ML;;;;;;;;;;;;;;0.085;SIMPRO_VIG;2011-04-01;20;
SIMPRO;2026-04-12;medicamento;0000070641;12;;BRASTERAPICA;DEXCLORFLEX 2MG 20CPDS;;;;;;;;;;;;;;0.326;SIMPRO_VIG;2011-04-01;20;
SIMPRO;2026-04-12;medicamento;0000291165;12;;EUROFARMA;DEXFER 100MG/ML SOL.ORAL 10ML+ADAPT.;;;;;;;;;;;;;;1.914;SIMPRO_VIG;2025-04-04;20;
SIMPRO;2026-04-12;medicamento;0000291167;12;;EUROFARMA;DEXFER 100MG/ML SOL.ORAL 30ML+ADAPT.;;;;;;;;;;;;;;1.914;SIMPRO_VIG;2025-04-04;20;
SIMPRO;2026-04-12;medicamento;0000291168;12;;EUROFARMA;DEXFER 10MG/ML SOL.ORAL 100ML+COPO;;;;;;;;;;;;;;0.282;SIMPRO_VIG;2025-04-04;20;
SIMPRO;2026-04-12;medicamento;0000291149;12;;EUROFARMA;DEXFER 400MG 30CPDS REV.;;;;;;;;;;;;;;2.241;SIMPRO_VIG;2025-04-04;20;
SIMPRO;2026-04-12;medicamento;0000311341;12;;TAKEDA;DEXILANT 30MG 2CAPS DURA LIB.RETARD.;;;;;;;;;;;;;;4.165;SIMPRO_VIG;2025-02-27;20;
SIMPRO;2026-04-12;medicamento;0000292581;12;;TAKEDA;DEXILANT 30MG 30CAPS DURA LIB.RETARD.;;;;;;;;;;;;;;4.273;SIMPRO_VIG;2025-04-04;20;
SIMPRO;2026-04-12;medicamento;0000292582;12;;TAKEDA;DEXILANT 30MG 60CAPS DURA LIB.RETARD.;;;;;;;;;;;;;;4.273;SIMPRO_VIG;2025-04-04;20;
SIMPRO;2026-04-12;medicamento;0000311342;12;;TAKEDA;DEXILANT 60MG 2CAPS DURA LIB.RETARD.;;;;;;;;;;;;;;4.165;SIMPRO_VIG;2025-02-27;20;
SIMPRO;2026-04-12;medicamento;0000292583;12;;TAKEDA;DEXILANT 60MG 30CAPS DURA LIB.RETARD.;;;;;;;;;;;;;;4.273;SIMPRO_VIG;2025-04-04;20;
SIMPRO;2026-04-12;medicamento;0000292584;12;;TAKEDA;DEXILANT 60MG 60CAPS DURA LIB.RETARD.;;;;;;;;;;;;;;4.273;SIMPRO_VIG;2025-04-04;20;
SIMPRO;2026-04-12;medicamento;0000138488;12;;CAZI;DEXLERG 2MG 20CPDS;;;;;;;;;;;;;;0.478;SIMPRO_VIG;2009-09-15;20;
SIMPRO;2026-04-12;medicamento;0000138489;12;;CAZI;DEXLERG XPE.120ML;;;;;;;;;;;;;;0.104;SIMPRO_VIG;2009-09-15;20;
SIMPRO;2026-04-12;medicamento;0000092484;12;;BIOFARMA;DEXMENE 0,5MG 20CPDS;;;;;;;;;;;;;;0.184;SIMPRO_VIG;2026-03-31;20;
SIMPRO;2026-04-12;medicamento;0000092485;12;;BIOFARMA;DEXMENE 0,75MG 20CPDS;;;;;;;;;;;;;;0.199;SIMPRO_VIG;2026-03-31;20;
SIMPRO;2026-04-12;medicamento;0000092487;12;;BIOFARMA;DEXMENE 4MG 10CPDS;;;;;;;;;;;;;;0.77;SIMPRO_VIG;2026-03-31;20;
SIMPRO;2026-04-12;medicamento;0000092486;12;;BIOFARMA;DEXMENE CRM.DERM.10GRS;;;;;;;;;;;;;;0.633;SIMPRO_VIG;2026-03-31;20;
SIMPRO;2026-04-12;medicamento;0000092483;12;;BIOFARMA;DEXMENE ELIX.120ML;;;;;;;;;;;;;;0.062;SIMPRO_VIG;2026-03-31;20;
SIMPRO;2026-04-12;medicamento;0000072604;12;;CIMED;DEXMINE 0,25MG+2MG 20CPDS;;;;;;;;;;;;;;0.77;SIMPRO_VIG;2025-04-04;20;
SIMPRO;2026-04-12;medicamento;0000072603;12;;CIMED;DEXMINE XPE.120ML;;;;;;;;;;;;;;0.269;SIMPRO_VIG;2025-04-04;20;
SIMPRO;2026-04-12;medicamento;0000129964;12;;KINDER;DEXPANTOL 50MG/G POM.DERM.30GRS;;;;;;;;;;;;;;0.345;SIMPRO_VIG;2026-03-31;20;
SIMPRO;2026-04-12;medicamento;0000256224;12;;PRATI-DONADUZZI;DEXPROTENOL 50MG/G POM.DERM.100BG.30G;;;;;;;;;;;;;;13.677;SIMPRO_VIG;2019-04-09;20;
SIMPRO;2026-04-12;medicamento;0000253716;12;;PRATI-DONADUZZI;DEXPROTENOL 50MG/G POM.DERM.30G;;;;;;;;;;;;;;0.846;SIMPRO_VIG;2025-04-04;20;
SIMPRO;2026-04-12;medicamento;0000079568;12;;CIFARMA;DEXTAMINE 0,4+0,05MG/ML XPE.120ML SABOR CEREJA;;;;;;;;;;;;;;0.158;SIMPRO_VIG;2019-05-14;20;
SIMPRO;2026-04-12;medicamento;0000307530;12;;CIFARMA;DEXTAMINE 0,4+0,05MG/ML XPE.120ML SABOR CEREJA+COP.;;;;;;;;;;;;;;0.296;SIMPRO_VIG;2025-04-09;20;
SIMPRO;2026-04-12;medicamento;0000269341;12;;CIFARMA;DEXTAMINE 2+0,25MG 20CPDS;;;;;;;;;;;;;;1.452;SIMPRO_VIG;2025-04-09;20;
SIMPRO;2026-04-12;medicamento;0000079569;12;;CIFARMA;DEXTAMINE 2,00/0,25MG 15CPDS;;;;;;;;;;;;;;0.796;SIMPRO_VIG;2011-04-08;20;
SIMPRO;2026-04-12;medicamento;0000268815;12;;NOVARTIS;DEXTROTARTARATO BRIMONIDINA 2MG/ML SOL.OFT.5ML;;;;;;;;;;;;;;15.484;SIMPRO_VIG;2024-04-02;20;
SIMPRO;2026-04-12;medicamento;0000030009;12;;ACHE;DEXTROVITASE 1FA 10ML;;;;;;;;;;;;;;0;SIMPRO_VIG;2009-07-02;20;
SIMPRO;2026-04-12;medicamento;0000030008;12;;ACHE;DEXTROVITASE 1FA 20ML;;;;;;;;;;;;;;0;SIMPRO_VIG;2009-09-18;20;
SIMPRO;2026-04-12;medicamento;0000116023;12;;UNIAO QUIMICA;DFLAM TM 25MG/ML SOL.INJ.10AMP 3ML;;;;;;;;;;;;;;1.262;SIMPRO_VIG;2020-06-30;20;
SIMPRO;2026-04-12;medicamento;0000107171;12;;SANVAL;DIABECONTROL 250MG 50X10CPDS;;;;;;;;;;;;;;0.283;SIMPRO_VIG;2026-03-31;20;
SIMPRO;2026-04-12;medicamento;0000248096;12;;NOVA QUIMICA;DIABEMED 1MG 2BLX15CPDS;;;;;;;;;;;;;;0.563;SIMPRO_VIG;2019-04-09;20;
SIMPRO;2026-04-12;medicamento;0000150647;12;;GERMED;DIABEMED 1MG 4BLX15CPDS;;;;;;;;;;;;;;0.575;SIMPRO_VIG;2015-04-01;20;
SIMPRO;2026-04-12;medicamento;0000248097;12;;GERMED;DIABEMED 2MG 2BLX15CPDS;;;;;;;;;;;;;;1.151;SIMPRO_VIG;2016-04-08;20;
SIMPRO;2026-04-12;medicamento;0000282586;12;;NOVA QUIMICA;DIABEMED 2MG 30CPDS;;;;;;;;;;;;;;1.677;SIMPRO_VIG;2024-01-16;20;
SIMPRO;2026-04-12;medicamento;0000150648;12;;GERMED;DIABEMED 2MG 4BLX15CPDS;;;;;;;;;;;;;;1.022;SIMPRO_VIG;2015-04-01;20;
SIMPRO;2026-04-12;medicamento;0000248098;12;;GERMED;DIABEMED 4MG 2BLX15CPDS;;;;;;;;;;;;;;2.185;SIMPRO_VIG;2016-04-08;20;
SIMPRO;2026-04-12;medicamento;0000282587;12;;NOVA QUIMICA;DIABEMED 4MG 30CPDS;;;;;;;;;;;;;;3.186;SIMPRO_VIG;2024-01-16;20;
SIMPRO;2026-04-12;medicamento;0000150649;12;;GERMED;DIABEMED 4MG 4BLX15CPDS;;;;;;;;;;;;;;1.361;SIMPRO_VIG;2015-01-01;20;
SIMPRO;2026-04-12;medicamento;0000094500;12;;KINDER;DIABEN 5MG 30CPDS;;;;;;;;;;;;;;0.174;SIMPRO_VIG;2026-03-31;20;
SIMPRO;2026-04-12;medicamento;0000025993;12;;NECKERMAN;DIABETTY'S 5MG 30CPDS;;;;;;;;;;;;;;0.334;SIMPRO_VIG;2010-04-01;20;
SIMPRO;2026-04-12;medicamento;0000113918;12;;PFIZER BRASIL;DIABINESE 250MG 100CPDS;;;;;;;;;;;;;;0.726;SIMPRO_VIG;2022-04-05;20;
SIMPRO;2026-04-12;medicamento;0000128335;12;;PFIZER BRASIL;DIABINESE 250MG 30CPDS AL.;;;;;;;;;;;;;;0.724;SIMPRO_VIG;2022-04-05;20;
SIMPRO;2026-04-12;medicamento;0000048087;12;;HERALD'S;DIABINIL 5MG 30CPDS;;;;;;;;;;;;;;0.298;SIMPRO_VIG;2011-04-01;20;
SIMPRO;2026-04-12;medicamento;0000118799;12;;EUROFARMA;DIACQUA 100MG 16CPDS;;;;;;;;;;;;;;1.272;SIMPRO_VIG;2015-04-01;20;
SIMPRO;2026-04-12;medicamento;0000144135;12;;EUROFARMA;DIACQUA 25MG 10CPDS;;;;;;;;;;;;;;0.595;SIMPRO_VIG;2015-04-01;20;
SIMPRO;2026-04-12;medicamento;0000118797;12;;MOMENTA FARMACEUTICA;DIACQUA 25MG 30CPDS;;;;;;;;;;;;;;1;SIMPRO_VIG;2025-04-04;20;
SIMPRO;2026-04-12;medicamento;0000144136;12;;EUROFARMA;DIACQUA 50MG 10CPDS;;;;;;;;;;;;;;0.938;SIMPRO_VIG;2015-04-01;20;
SIMPRO;2026-04-12;medicamento;0000118798;12;;MOMENTA FARMACEUTICA;DIACQUA 50MG 30CPDS;;;;;;;;;;;;;;1.575;SIMPRO_VIG;2025-04-04;20;
SIMPRO;2026-04-12;medicamento;0000084889;12;;CIMED;DIAD 0,75MG 2CPDS;;;;;;;;;;;;;;9.275;SIMPRO_VIG;2025-04-04;20;
SIMPRO;2026-04-12;medicamento;0000318189;12;;CIMED;DIAD 1,5MG 1CPDS;;;;;;;;;;;;;;22.55;SIMPRO_VIG;2025-04-04;20;
SIMPRO;2026-04-12;medicamento;0000159564;12;;NECKERMAN;DIADEN 7,5MG 10CPDS;;;;;;;;;;;;;;1.352;SIMPRO_VIG;2011-08-02;20;
SIMPRO;2026-04-12;medicamento;0000060649;12;;UNIAO QUIMICA;DIAFORMIN 850MG 30CPDS;;;;;;;;;;;;;;1.197;SIMPRO_VIG;2024-04-05;20;
SIMPRO;2026-04-12;medicamento;0000138490;12;;CAZI;DIAFURAN 2MG 12CPDS;;;;;;;;;;;;;;0.668;SIMPRO_VIG;2009-09-15;20;
SIMPRO;2026-04-12;medicamento;0000284146;12;;HALEX ISTAR;DIALISE PERITONEAL 1,5% SOL.INJ.6BOLS.SIST.FECH.2000ML;;;;;;;;;;;;;;15.357;SIMPRO_VIG;2017-04-11;20;
SIMPRO;2026-04-12;medicamento;0000250147;12;;ABBOTT;DIALYCARE HP RPB BAUNILHA 220ML;;;;;;;;;;;;;;100;SIMPRO_VIG;2014-09-24;20;
SIMPRO;2026-04-12;medicamento;0000250148;12;;ABBOTT;DIALYCARE HP RPB BAUNILHA 500ML;;;;;;;;;;;;;;600;SIMPRO_VIG;2014-09-24;20;
SIMPRO;2026-04-12;medicamento;0000240406;12;;PRODIET NC;DIAMAX BAUNILHA 1000ML TETRA PAK(LIBERADO);;;;;;;;;;;;;;0.255;SIMPRO_VIG;2013-10-01;20;
SIMPRO;2026-04-12;medicamento;0000121918;12;;PRODIET NC;DIAMAX BAUNILHA 200ML TETRA PAK(LIBERADO);;;;;;;;;;;;;;0.268;SIMPRO_VIG;2013-10-01;20;
SIMPRO;2026-04-12;medicamento;0000079570;12;;CIFARMA;DIAMELLITIS 1MG 30CPDS;;;;;;;;;;;;;;0.476;SIMPRO_VIG;2011-04-08;20;
SIMPRO;2026-04-12;medicamento;0000079572;12;;CIFARMA;DIAMELLITIS 2MG 30CPDS;;;;;;;;;;;;;;0.946;SIMPRO_VIG;2011-04-08;20;
SIMPRO;2026-04-12;medicamento;0000153686;12;;CIFARMA;DIAMELLITIS 2MG 480CPDS;;;;;;;;;;;;;;0.947;SIMPRO_VIG;2011-04-08;20;
SIMPRO;2026-04-12;medicamento;0000079573;12;;CIFARMA;DIAMELLITIS 4MG 30CPDS;;;;;;;;;;;;;;1.513;SIMPRO_VIG;2011-04-08;20;
SIMPRO;2026-04-12;medicamento;0000044590;12;;SERVIER;DIAMICRON MR 30MG 15CPDS;;;;;;;;;;;;;;1.11;SIMPRO_VIG;2016-04-13;20;
SIMPRO;2026-04-12;medicamento;0000037782;12;;SERVIER;DIAMICRON MR 30MG 30CPDS;;;;;;;;;;;;;;1.786;SIMPRO_VIG;2026-04-01;20;
SIMPRO;2026-04-12;medicamento;0000079852;12;;SERVIER;DIAMICRON MR 30MG 60CPDS;;;;;;;;;;;;;;1.777;SIMPRO_VIG;2026-04-01;20;
SIMPRO;2026-04-12;medicamento;0000165737;12;;SERVIER;DIAMICRON MR 60MG 15CPDS;;;;;;;;;;;;;;3.576;SIMPRO_VIG;2026-04-01;20;
SIMPRO;2026-04-12;medicamento;0000160775;12;;SERVIER;DIAMICRON MR 60MG 30CPDS;;;;;;;;;;;;;;3.572;SIMPRO_VIG;2026-04-01;20;
SIMPRO;2026-04-12;medicamento;0000165736;12;;SERVIER;DIAMICRON MR 60MG 60CPDS;;;;;;;;;;;;;;3.572;SIMPRO_VIG;2026-04-01;20;
SIMPRO;2026-04-12;medicamento;0000168801;12;;UCB BIOPHARMA;DIAMIN 200MG/ML SOL.INJ.1FA 100ML;;;;;;;;;;;;;;4.532;SIMPRO_VIG;2016-04-19;20;
SIMPRO;2026-04-12;medicamento;0000168800;12;;UCB BIOPHARMA;DIAMIN 200MG/ML SOL.INJ.1FA 250ML;;;;;;;;;;;;;;3.733;SIMPRO_VIG;2015-04-01;20;
SIMPRO;2026-04-12;medicamento;0000175368;12;;UCB BIOPHARMA;DIAMIN 200MG/ML SOL.INJ.1FA 500ML;;;;;;;;;;;;;;1817.84;SIMPRO_VIG;2015-04-01;20;
SIMPRO;2026-04-12;medicamento;0000168799;12;;UCB BIOPHARMA;DIAMIN 200MG/ML SOL.INJ.1FA 50ML;;;;;;;;;;;;;;226.6;SIMPRO_VIG;2016-04-19;20;
SIMPRO;2026-04-12;medicamento;0000017685;12;;UNIAO QUIMICA;DIAMOX 250MG 25CPDS;;;;;;;;;;;;;;0.921;SIMPRO_VIG;2025-04-04;20;
SIMPRO;2026-04-12;medicamento;0000171591;12;;BAYER;DIANE-35 2+0,035MG 63DRGS;;;;;;;;;;;;;;1.429;SIMPRO_VIG;2025-04-04;20;
SIMPRO;2026-04-12;medicamento;0000083418;12;;DANONE NUTRICAO ESP;DIASIP BAUNILHA 200ML;;;;;;;;;;;;;;118.55;SIMPRO_VIG;2017-04-05;20;
SIMPRO;2026-04-12;medicamento;0000146483;12;;DANONE NUTRICAO ESP;DIASIP MOR.200ML;;;;;;;;;;;;;;0.593;SIMPRO_VIG;2016-04-18;20;
SIMPRO;2026-04-12;medicamento;0000083417;12;;SUPPORT N;DIASON 500ML;;;;;;;;;;;;;;0.105;SIMPRO_VIG;2009-04-06;20;
SIMPRO;2026-04-12;medicamento;0000028648;12;;NECKERMAN;DIATEC 7,5MG 10CPDS;;;;;;;;;;;;;;1.352;SIMPRO_VIG;2007-08-22;20;
SIMPRO;2026-04-12;medicamento;0000093612;12;;PROCTER;DIATYL 4CAPS;;;;;;;;;;;;;;1.085;SIMPRO_VIG;2012-03-01;20;
SIMPRO;2026-04-12;medicamento;0000101578;12;;PROCTER;DIATYL 4X4CAPS;;;;;;;;;;;;;;0.805;SIMPRO_VIG;2012-03-01;20;
SIMPRO;2026-04-12;medicamento;0000077923;12;;GERMED;DIAZEFAST 10MG 20CPDS;;;;;;;;;;;;;;0.591;SIMPRO_VIG;2012-04-01;20;
SIMPRO;2026-04-12;medicamento;0000077922;12;;GERMED;DIAZEFAST 5MG 20CPDS;;;;;;;;;;;;;;0.461;SIMPRO_VIG;2011-04-01;20;
SIMPRO;2026-04-12;medicamento;0000069854;12;;RANBAXY;DIAZEPAM 10MG 20CPDS;;;;;;;;;;;;;;0.455;SIMPRO_VIG;2019-04-02;20;
SIMPRO;2026-04-12;medicamento;0000129306;12;;GERMED GENERICOS;DIAZEPAM 10MG 20CPDS;;;;;;;;;;;;;;0.72;SIMPRO_VIG;2025-04-04;20;
SIMPRO;2026-04-12;medicamento;0000145571;12;;NEO QUIMICA;DIAZEPAM 10MG 20CPDS;;;;;;;;;;;;;;0.366;SIMPRO_VIG;2020-04-07;20;
SIMPRO;2026-04-12;medicamento;0000145572;12;;NEO QUIMICA;DIAZEPAM 10MG 30CPDS;;;;;;;;;;;;;;0.733;SIMPRO_VIG;2025-04-09;20;
SIMPRO;2026-04-12;medicamento;0000167105;12;;GERMED GENERICOS;DIAZEPAM 10MG 30CPDS;;;;;;;;;;;;;;0.764;SIMPRO_VIG;2025-04-04;20;
SIMPRO;2026-04-12;medicamento;0000283860;12;;MULTILAB;DIAZEPAM 10MG 30CPDS;;;;;;;;;;;;;;0.932;SIMPRO_VIG;2025-04-04;20;
SIMPRO;2026-04-12;medicamento;0000301177;12;;UNIAO QUIMICA;DIAZEPAM 10MG 30CPDS;;;;;;;;;;;;;;0.745;SIMPRO_VIG;2025-04-04;20;
SIMPRO;2026-04-12;medicamento;0000071851;12;;UNIAO QUIMICA;DIAZEPAM 10MG/2ML SOL.INJ.50AMP 2ML;;;;;;;;;;;;;;0.64;SIMPRO_VIG;2016-04-08;20;
SIMPRO;2026-04-12;medicamento;0000145573;12;;NEO QUIMICA;DIAZEPAM 5MG 20CPDS;;;;;;;;;;;;;;0.27;SIMPRO_VIG;2020-04-07;20;
SIMPRO;2026-04-12;medicamento;0000167122;12;;GERMED GENERICOS;DIAZEPAM 5MG 20CPDS;;;;;;;;;;;;;;0.501;SIMPRO_VIG;2023-04-01;20;
SIMPRO;2026-04-12;medicamento;0000145574;12;;NEO QUIMICA;DIAZEPAM 5MG 30CPDS;;;;;;;;;;;;;;0.542;SIMPRO_VIG;2025-04-09;20;
SIMPRO;2026-04-12;medicamento;0000167104;12;;GERMED GENERICOS;DIAZEPAM 5MG 30CPDS;;;;;;;;;;;;;;0.573;SIMPRO_VIG;2025-04-04;20;
SIMPRO;2026-04-12;medicamento;0000283861;12;;MULTILAB;DIAZEPAM 5MG 30CPDS;;;;;;;;;;;;;;0.654;SIMPRO_VIG;2025-04-04;20;
SIMPRO;2026-04-12;medicamento;0000301176;12;;UNIAO QUIMICA;DIAZEPAM 5MG 30CPDS;;;;;;;;;;;;;;0.556;SIMPRO_VIG;2024-05-09;20;
SIMPRO;2026-04-12;medicamento;0000138140;12;;HIPOLABOR;DIAZEPAM 5MG/ML SOL.INJ.100AMP.2ML;;;;;;;;;;;;;;1.076;SIMPRO_VIG;2025-04-15;20;
SIMPRO;2026-04-12;medicamento;0000121269;12;;TEUTO BRAS;DIAZEPAM 5MG/ML SOL.INJ.72AMP 2ML (EMB.HOSP.);;;;;;;;;;;;;;1.085;SIMPRO_VIG;2026-04-01;20;
SIMPRO;2026-04-12;medicamento;0000045151;12;;EMS GENERICOS;DIAZEPAM GEN.10MG 2BLX10CPDS;;;;;;;;;;;;;;0.35;SIMPRO_VIG;2013-04-01;20;
SIMPRO;2026-04-12;medicamento;0000101570;12;;EMS GENERICOS;DIAZEPAM GEN.10MG 3BLX10CPDS;;;;;;;;;;;;;;0.35;SIMPRO_VIG;2013-04-01;20;
SIMPRO;2026-04-12;medicamento;0000036987;12;;GERMED GENERICOS;DIAZEPAM GEN.10MG SOL.INJ.5AMP 2ML;;;;;;;;;;;;;;0.942;SIMPRO_VIG;2014-04-01;20;
SIMPRO;2026-04-12;medicamento;0000069855;12;;RANBAXY;DIAZEPAM GEN.5MG 20CPDS;;;;;;;;;;;;;;0.221;SIMPRO_VIG;2011-04-01;20;
SIMPRO;2026-04-12;medicamento;0000045150;12;;EMS GENERICOS;DIAZEPAM GEN.5MG 2BLX10CPDS;;;;;;;;;;;;;;0.273;SIMPRO_VIG;2015-01-01;20;
SIMPRO;2026-04-12;medicamento;0000129305;12;;LEGRAND GENERICOS;DIAZEPAM GEN.5MG 2X10CPDS;;;;;;;;;;;;;;0.242;SIMPRO_VIG;2011-04-01;20;
SIMPRO;2026-04-12;medicamento;0000101569;12;;EMS GENERICOS;DIAZEPAM GEN.5MG 3BLX10CPDS;;;;;;;;;;;;;;0.258;SIMPRO_VIG;2013-04-01;20;
SIMPRO;2026-04-12;medicamento;0000071852;12;;UNIAO QUIMICA;DIAZEPAM GEN.5MG/ML SOL.INJ.10AMP 2ML;;;;;;;;;;;;;;0.576;SIMPRO_VIG;2010-03-31;20;
SIMPRO;2026-04-12;medicamento;0000084372;12;;HIPOLABOR;DIAZEPAN GEN.5MG/ML 50AMP 2ML;;;;;;;;;;;;;;0;SIMPRO_VIG;2009-05-12;20;
SIMPRO;2026-04-12;medicamento;0000118284;12;;I.Q.B;DIAZIDERM CRM.60GRS;;;;;;;;;;;;;;0.518;SIMPRO_VIG;2008-05-13;20;
SIMPRO;2026-04-12;medicamento;0000118285;12;;I.Q.B;DIAZIDERM GINO.45GRS;;;;;;;;;;;;;;1.196;SIMPRO_VIG;2008-05-13;20;
SIMPRO;2026-04-12;medicamento;0000016974;12;;EMS;DIAZOL 40+8MG/ML SUSP.ORAL 60ML;;;;;;;;;;;;;;0.276;SIMPRO_VIG;2014-04-01;20;
SIMPRO;2026-04-12;medicamento;0000275624;12;;TEUTO BRAS;DIBEDERM 0,5X1,0MG/G CRM.DERM.30G;;;;;;;;;;;;;;31.18;SIMPRO_VIG;2023-11-01;20;
SIMPRO;2026-04-12;medicamento;0000303997;12;;FRESENIUS KABI;DIBEN 1.5KCAL HP EASY BAG BOLSA 1000ML;;;;;;;;;;;;;;2500;SIMPRO_VIG;2023-10-03;20;
SIMPRO;2026-04-12;medicamento;0000307087;12;;FRESENIUS KABI;DIBEN 1.5KCAL HP EASY BAG BOLSA 500ML;;;;;;;;;;;;;;1600;SIMPRO_VIG;2023-10-03;20;
SIMPRO;2026-04-12;medicamento;0000294593;12;;FRESENIUS KABI;DIBEN EASY BAG BOLSA 1000ML;;;;;;;;;;;;;;1450;SIMPRO_VIG;2023-10-03;20;
SIMPRO;2026-04-12;medicamento;0000023554;12;;LEGRAND;DIBENDRIL FRAMB.3X4PAST.;;;;;;;;;;;;;;0.782;SIMPRO_VIG;2010-04-01;20;
SIMPRO;2026-04-12;medicamento;0000023557;12;;LEGRAND;DIBENDRIL MENTA 3X4PAST.;;;;;;;;;;;;;;0.782;SIMPRO_VIG;2010-04-01;20;
SIMPRO;2026-04-12;medicamento;0000023558;12;;LEGRAND;DIBENDRIL XPE.120ML;;;;;;;;;;;;;;0.121;SIMPRO_VIG;2010-04-01;20;
SIMPRO;2026-04-12;medicamento;0000103279;12;;VITAPAN;DIBETAM 1AMP 1ML;;;;;;;;;;;;;;14.86;SIMPRO_VIG;2010-12-13;20;
SIMPRO;2026-04-12;medicamento;0000022253;12;;ABBOTT;DICETEL 100MG 20CPDS REV;;;;;;;;;;;;;;4.228;SIMPRO_VIG;2026-03-31;20;
SIMPRO;2026-04-12;medicamento;0000269389;12;;ABBOTT;DICETEL 100MG 30CPDS REV.;;;;;;;;;;;;;;4.227;SIMPRO_VIG;2017-02-22;20;
SIMPRO;2026-04-12;medicamento;0000269390;12;;ABBOTT;DICETEL 100MG 60CPDS REV.;;;;;;;;;;;;;;4.228;SIMPRO_VIG;2017-02-22;20;
SIMPRO;2026-04-12;medicamento;0000269391;12;;ABBOTT;DICETEL 50MG 30CPDS REV.;;;;;;;;;;;;;;2.815;SIMPRO_VIG;2017-02-22;20;
SIMPRO;2026-04-12;medicamento;0000269392;12;;ABBOTT;DICETEL 50MG 60CPDS REV.;;;;;;;;;;;;;;2.816;SIMPRO_VIG;2017-02-22;20;
SIMPRO;2026-04-12;medicamento;0000078933;12;;SANDOZ;DICLAC 50MG 20CPDS REV.;;;;;;;;;;;;;;0.644;SIMPRO_VIG;2021-05-04;20;
SIMPRO;2026-04-12;medicamento;0000056183;12;;SANDOZ;DICLAC SR 75MG 20CPDS LIB.PROLONG.;;;;;;;;;;;;;;2.189;SIMPRO_VIG;2022-04-26;20;
SIMPRO;2026-04-12;medicamento;0000070963;12;;MERCK S.A;DICLIN 2MG+0,035MG 21CPDS REV.;;;;;;;;;;;;;;1.194;SIMPRO_VIG;2025-04-23;20;
SIMPRO;2026-04-12;medicamento;0000102870;12;;MERCK S.A;DICLIN 2MG+0,035MG 63CPDS REV.;;;;;;;;;;;;;;0.962;SIMPRO_VIG;2025-04-23;20;
SIMPRO;2026-04-12;medicamento;0000103923;12;;HIPOLABOR;DICLO POTASSICO GEN.50MG 20DRGS;;;;;;;;;;;;;;0;SIMPRO_VIG;2009-05-12;20;
SIMPRO;2026-04-12;medicamento;0000165829;12;;LEGRAND SIMILARES;DICLOAIR 11,6MG 60G;;;;;;;;;;;;;;0.523;SIMPRO_VIG;2025-04-04;20;
SIMPRO;2026-04-12;medicamento;0000095557;12;;GERMED GENERICOS;DICLOFENACO COLESTIRAMINA 140MG 10CAPS GEL.DURA;;;;;;;;;;;;;;1.859;SIMPRO_VIG;2021-05-04;20;
SIMPRO;2026-04-12;medicamento;0000092374;12;;GERMED GENERICOS;DICLOFENACO COLESTIRAMINA 140MG 14CAPS GEL.DURA;;;;;;;;;;;;;;2.613;SIMPRO_VIG;2025-04-04;20;
SIMPRO;2026-04-12;medicamento;0000092375;12;;GERMED GENERICOS;DICLOFENACO COLESTIRAMINA 140MG 20CAPS GEL.DURA;;;;;;;;;;;;;;2.517;SIMPRO_VIG;2025-04-04;20;
SIMPRO;2026-04-12;medicamento;0000095569;12;;EMS GENERICOS;DICLOFENACO COLESTIRAMINA 70MG 10CAPS GEL.DURA;;;;;;;;;;;;;;1.869;SIMPRO_VIG;2021-04-13;20;
SIMPRO;2026-04-12;medicamento;0000074317;12;;SANOFI MEDLEY;DICLOFENACO COLESTIRAMINA 70MG 14CAPS;;;;;;;;;;;;;;2.109;SIMPRO_VIG;2025-04-01;20;
SIMPRO;2026-04-12;medicamento;0000091781;12;;EMS GENERICOS;DICLOFENACO COLESTIRAMINA 70MG 14CAPS;;;;;;;;;;;;;;2.626;SIMPRO_VIG;2025-04-04;20;
SIMPRO;2026-04-12;medicamento;0000091782;12;;EMS GENERICOS;DICLOFENACO COLESTIRAMINA 70MG 20CAPS GEL.DURA;;;;;;;;;;;;;;2.501;SIMPRO_VIG;2025-04-04;20;
SIMPRO;2026-04-12;medicamento;0000074316;12;;SANOFI MEDLEY;DICLOFENACO COLESTIRAMINA 70MG 2X10CAPS;;;;;;;;;;;;;;2.009;SIMPRO_VIG;2025-04-01;20;
SIMPRO;2026-04-12;medicamento;0000092381;12;;LEGRAND GENERICOS;DICLOFENACO COLESTIRAMINA 70MG 2X10CAPS;;;;;;;;;;;;;;1.546;SIMPRO_VIG;2019-04-02;20;
SIMPRO;2026-04-12;medicamento;0000092380;12;;LEGRAND GENERICOS;DICLOFENACO COLESTIRAMINA 70MG 2X7CAPS;;;;;;;;;;;;;;1.88;SIMPRO_VIG;2021-05-04;20;
SIMPRO;2026-04-12;medicamento;0000103968;12;;NOVARTIS;DICLOFENACO COLESTIRAMINA GEN.140MG 14CAPS;;;;;;;;;;;;;;1.294;SIMPRO_VIG;2013-06-12;20;
SIMPRO;2026-04-12;medicamento;0000103969;12;;NOVARTIS;DICLOFENACO COLESTIRAMINA GEN.140MG 20CAPS;;;;;;;;;;;;;;1.23;SIMPRO_VIG;2013-04-02;20;
SIMPRO;2026-04-12;medicamento;0000111175;12;;EMS GENERICOS;DICLOFENACO COLESTIRAMINA GEN.70MG 11BLX6CAPS;;;;;;;;;;;;;;1.273;SIMPRO_VIG;2015-04-01;20;
SIMPRO;2026-04-12;medicamento;0000093838;12;;NOVARTIS;DICLOFENACO COLESTIRAMINA GEN.70MG 14CPDS;;;;;;;;;;;;;;0;SIMPRO_VIG;2009-08-11;20;
SIMPRO;2026-04-12;medicamento;0000154368;12;;EMS GEN;DICLOFENACO COLESTIRAMINA GEN.70MG 1CPD F.V.;;;;;;;;;;;;;;0.99;SIMPRO_VIG;2011-04-14;20;
SIMPRO;2026-04-12;medicamento;0000091279;12;;GERMED GENERICOS;DICLOFENACO DIETILAMINO 10MG/G GEL CRM.60G;;;;;;;;;;;;;;0.299;SIMPRO_VIG;2025-04-04;20;
SIMPRO;2026-04-12;medicamento;0000036331;12;;SANOFI MEDLEY;DICLOFENACO DIETILAMONIO 1% 60GRS;;;;;;;;;;;;;;0.372;SIMPRO_VIG;2026-02-03;20;
SIMPRO;2026-04-12;medicamento;0000040590;12;;EUROFARMA;DICLOFENACO DIETILAMONIO 10MG/G 60GRS;;;;;;;;;;;;;;0.147;SIMPRO_VIG;2018-04-10;20;
SIMPRO;2026-04-12;medicamento;0000165978;12;;NEO QUIMICA;DICLOFENACO DIETILAMONIO 10MG/G CRM GEL 60G;;;;;;;;;;;;;;0.253;SIMPRO_VIG;2026-03-31;20;
SIMPRO;2026-04-12;medicamento;0000034065;12;;NEO QUIMICA;DICLOFENACO DIETILAMONIO 10MG/G EMULGEL 60GRS;;;;;;;;;;;;;;0.328;SIMPRO_VIG;2025-04-09;20;
SIMPRO;2026-04-12;medicamento;0000103919;12;;CIMED;DICLOFENACO DIETILAMONIO 10MG/G GEL 60G;;;;;;;;;;;;;;0.345;SIMPRO_VIG;2025-04-04;20;
SIMPRO;2026-04-12;medicamento;0000283947;12;;ONEFARMA;DICLOFENACO DIETILAMONIO 10MG/G GEL 60G;;;;;;;;;;;;;;0.237;SIMPRO_VIG;2021-04-06;20;
SIMPRO;2026-04-12;medicamento;0000042817;12;;CRISTALIA;DICLOFENACO DIETILAMONIO 10MG/G GEL 60GRS;;;;;;;;;;;;;;0.213;SIMPRO_VIG;2019-04-09;20;
SIMPRO;2026-04-12;medicamento;0000059672;12;;BIOSINTETICA;DICLOFENACO DIETILAMONIO 10MG/G GEL 60GRS;;;;;;;;;;;;;;0.172;SIMPRO_VIG;2019-04-09;20;
SIMPRO;2026-04-12;medicamento;0000071716;12;;TEUTO BRAS;DICLOFENACO DIETILAMONIO 10MG/G GEL CRM.60G;;;;;;;;;;;;;;0.314;SIMPRO_VIG;2025-04-09;20;
SIMPRO;2026-04-12;medicamento;0000140512;12;;PRATI-DONADUZZI;DICLOFENACO DIETILAMONIO 10MG/G GEL.CRM.50BGX60G;;;;;;;;;;;;;;7.348;SIMPRO_VIG;2019-04-09;20;
SIMPRO;2026-04-12;medicamento;0000140511;12;;PRATI-DONADUZZI;DICLOFENACO DIETILAMONIO 10MG/G GEL.CRM.60G;;;;;;;;;;;;;;0.191;SIMPRO_VIG;2020-02-06;20;
SIMPRO;2026-04-12;medicamento;0000122651;12;;UNIAO QUIMICA;DICLOFENACO DIETILAMONIO 11,6MG GEL DERM.60G;;;;;;;;;;;;;;0.386;SIMPRO_VIG;2024-04-05;20;
SIMPRO;2026-04-12;medicamento;0000074125;12;;EMS GENERICOS;DICLOFENACO DIETILAMONIO 11,6MG/G GEL 60G;;;;;;;;;;;;;;0.299;SIMPRO_VIG;2025-04-04;20;
SIMPRO;2026-04-12;medicamento;0000165832;12;;TEUTO BRAS;DICLOFENACO DIETILAMONIO 11,6MG/G GEL CRM.30G;;;;;;;;;;;;;;0.34;SIMPRO_VIG;2023-04-06;20;
SIMPRO;2026-04-12;medicamento;0000089535;12;;NOVA QUIMICA GEN;DICLOFENACO DIETILAMONIO GEN.10MG/G GEL CRM.60G;;;;;;;;;;;;;;0.176;SIMPRO_VIG;2015-04-01;20;
SIMPRO;2026-04-12;medicamento;0000131026;12;;BRAINFARMA;DICLOFENACO DIETILAMONIO GEN.11,6MG GEL 60G;;;;;;;;;;;;;;0.215;SIMPRO_VIG;2016-04-05;20;
SIMPRO;2026-04-12;medicamento;0000094046;12;;RANBAXY;DICLOFENACO DIETILAMONIO GEN.GEL 60GRS;;;;;;;;;;;;;;0.159;SIMPRO_VIG;2009-04-01;20;
SIMPRO;2026-04-12;medicamento;0000084374;12;;HIPOLABOR;DICLOFENACO POTASSICO 15MG/ML 200X10ML;;;;;;;;;;;;;;3.504;SIMPRO_VIG;2026-03-31;20;
SIMPRO;2026-04-12;medicamento;0000256120;12;;TEUTO BRAS;DICLOFENACO POTASSICO 25MG/ML SOL.INJ.VD.100AMP.3ML(EMB.HOSP.);;;;;;;;;;;;;;1.671;SIMPRO_VIG;2020-06-23;20;
SIMPRO;2026-04-12;medicamento;0000111307;12;;TEUTO BRAS;DICLOFENACO POTASSICO 25MG/ML SOL.INJ.VD.AMB.100AMP 3ML(EMB.HOSP.);;;;;;;;;;;;;;2.456;SIMPRO_VIG;2026-04-01;20;
SIMPRO;2026-04-12;medicamento;0000096189;12;;EMS GENERICOS;DICLOFENACO POTASSICO 50MG 10CPDS REV.;;;;;;;;;;;;;;1.792;SIMPRO_VIG;2025-04-04;20;
SIMPRO;2026-04-12;medicamento;0000138696;12;;ACCORD;DICLOFENACO POTASSICO 50MG 10CPDS REV.;;;;;;;;;;;;;;0.834;SIMPRO_VIG;2019-04-09;20;
SIMPRO;2026-04-12;medicamento;0000037008;12;;SANOFI MEDLEY;DICLOFENACO POTASSICO 50MG 20CPDS;;;;;;;;;;;;;;0.669;SIMPRO_VIG;2025-04-01;20;
SIMPRO;2026-04-12;medicamento;0000309807;12;;TEUTO BRAS;DICLOFENACO POTASSICO 50MG 20CPDS;;;;;;;;;;;;;;0.749;SIMPRO_VIG;2025-04-09;20;
SIMPRO;2026-04-12;medicamento;0000074326;12;;TEUTO BRAS;DICLOFENACO POTASSICO 50MG 20CPDS DISP.;;;;;;;;;;;;;;0.751;SIMPRO_VIG;2024-04-09;20;
SIMPRO;2026-04-12;medicamento;0000045152;12;;EMS GENERICOS;DICLOFENACO POTASSICO 50MG 20CPDS REV.;;;;;;;;;;;;;;1.424;SIMPRO_VIG;2025-04-04;20;
SIMPRO;2026-04-12;medicamento;0000138697;12;;ACCORD;DICLOFENACO POTASSICO 50MG 20CPDS REV.;;;;;;;;;;;;;;0.956;SIMPRO_VIG;2019-04-09;20;
SIMPRO;2026-04-12;medicamento;0000283922;12;;ONEFARMA;DICLOFENACO POTASSICO 50MG 20CPDS REV.;;;;;;;;;;;;;;0.628;SIMPRO_VIG;2021-04-06;20;
SIMPRO;2026-04-12;medicamento;0000138698;12;;ACCORD;DICLOFENACO POTASSICO 50MG 240CPDS REV. (EMB.HOSP.);;;;;;;;;;;;;;0.817;SIMPRO_VIG;2017-04-04;20;
SIMPRO;2026-04-12;medicamento;0000284019;12;;CIMED;DICLOFENACO POTASSICO 50MG BL.PLAS.20CPDS REV.;;;;;;;;;;;;;;0.808;SIMPRO_VIG;2025-04-04;20;
SIMPRO;2026-04-12;medicamento;0000084380;12;;HIPOLABOR;DICLOFENACO POTASSICO 75MG 100AMP 3ML;;;;;;;;;;;;;;1.111;SIMPRO_VIG;2026-03-31;20;
SIMPRO;2026-04-12;medicamento;0000084377;12;;HIPOLABOR;DICLOFENACO POTASSICO GEN.15MG/ML 200X15ML;;;;;;;;;;;;;;0;SIMPRO_VIG;2009-05-12;20;
SIMPRO;2026-04-12;medicamento;0000138699;12;;ACCORD;DICLOFENACO POTASSICO GEN.50MG 1000CPDS REV. (EMB.HOSP.);;;;;;;;;;;;;;0.694;SIMPRO_VIG;2015-04-01;20;
SIMPRO;2026-04-12;medicamento;0000080729;12;;BRAINFARMA;DICLOFENACO POTASSICO GEN.50MG 10DRGS;;;;;;;;;;;;;;0.733;SIMPRO_VIG;2014-04-01;20;
SIMPRO;2026-04-12;medicamento;0000089433;12;;NOVA QUIMICA;DICLOFENACO POTASSICO GEN.50MG 10DRGS;;;;;;;;;;;;;;0.667;SIMPRO_VIG;2009-06-23;20;
SIMPRO;2026-04-12;medicamento;0000154369;12;;EMS GEN;DICLOFENACO POTASSICO GEN.50MG 1CPD F.V.;;;;;;;;;;;;;;0.59;SIMPRO_VIG;2011-04-14;20;
SIMPRO;2026-04-12;medicamento;0000059673;12;;BIOSINTETICA;DICLOFENACO POTASSICO GEN.50MG 20CPDS;;;;;;;;;;;;;;0.64;SIMPRO_VIG;2013-04-03;20;
SIMPRO;2026-04-12;medicamento;0000089434;12;;NOVA QUIMICA;DICLOFENACO POTASSICO GEN.50MG 20DRGS;;;;;;;;;;;;;;0.669;SIMPRO_VIG;2009-06-23;20;
SIMPRO;2026-04-12;medicamento;0000092940;12;;NOVARTIS;DICLOFENACO POTASSICO GEN.50MG 20DRGS;;;;;;;;;;;;;;0.842;SIMPRO_VIG;2013-04-02;20;
SIMPRO;2026-04-12;medicamento;0000080730;12;;BRAINFARMA;DICLOFENACO POTASSICO GEN.50MG 2BLX10DRGS;;;;;;;;;;;;;;0.612;SIMPRO_VIG;2017-12-13;20;
SIMPRO;2026-04-12;medicamento;0000041322;12;;RANBAXY;DICLOFENACO POTASSICO GEN.50MG 2X10DRGS;;;;;;;;;;;;;;0.475;SIMPRO_VIG;2015-04-01;20;
SIMPRO;2026-04-12;medicamento;0000105753;12;;EMS GEN;DICLOFENACO POTASSICO GEN.50MG 6BLX10CPDS REV.;;;;;;;;;;;;;;0.592;SIMPRO_VIG;2011-04-01;20;
SIMPRO;2026-04-12;medicamento;0000120593;12;;HIPOLABOR;DICLOFENACO POTASSICO GEN.SOL.INJ.25MG/ML 100AMP 3ML;;;;;;;;;;;;;;0;SIMPRO_VIG;2009-05-12;20;
SIMPRO;2026-04-12;medicamento;0000120594;12;;HIPOLABOR;DICLOFENACO POTASSICO GEN.SOL.INJ.25MG/ML 3AMP 1ML;;;;;;;;;;;;;;0;SIMPRO_VIG;2009-05-12;20;
SIMPRO;2026-04-12;medicamento;0000059674;12;;BIOSINTETICA;DICLOFENACO RESINATO 15MG/ML 20ML;;;;;;;;;;;;;;0.508;SIMPRO_VIG;2020-06-23;20;
SIMPRO;2026-04-12;medicamento;0000088212;12;;EMS GENERICOS;DICLOFENACO RESINATO 15MG/ML GTS.20ML;;;;;;;;;;;;;;1.014;SIMPRO_VIG;2025-04-04;20;
SIMPRO;2026-04-12;medicamento;0000088751;12;;LEGRAND GENERICOS;DICLOFENACO RESINATO 15MG/ML GTS.20ML;;;;;;;;;;;;;;0.686;SIMPRO_VIG;2024-01-16;20;
SIMPRO;2026-04-12;medicamento;0000111830;12;;NOVA QUIMICA GEN;DICLOFENACO RESINATO 15MG/ML GTS.20ML;;;;;;;;;;;;;;0.691;SIMPRO_VIG;2019-04-09;20;
SIMPRO;2026-04-12;medicamento;0000172780;12;;CIMED;DICLOFENACO RESINATO 15MG/ML GTS.20ML;;;;;;;;;;;;;;1.007;SIMPRO_VIG;2025-04-04;20;
SIMPRO;2026-04-12;medicamento;0000061010;12;;TEUTO BRAS;DICLOFENACO RESINATO 15MG/ML SOL.ORAL GTS.20ML;;;;;;;;;;;;;;0.958;SIMPRO_VIG;2025-04-09;20;
SIMPRO;2026-04-12;medicamento;0000090686;12;;GERMED GENERICOS;DICLOFENACO RESINATO 15MG/ML SOL.ORAL.GTS.20ML;;;;;;;;;;;;;;0.989;SIMPRO_VIG;2024-04-02;20;
SIMPRO;2026-04-12;medicamento;0000036332;12;;MEDLEY;DICLOFENACO RESINATO GEN.20ML;;;;;;;;;;;;;;0.501;SIMPRO_VIG;2014-04-01;20;
SIMPRO;2026-04-12;medicamento;0000102001;12;;MERCK S.A;DICLOFENACO SODICO 100MG 10CAPS GEL;;;;;;;;;;;;;;1.086;SIMPRO_VIG;2019-04-09;20;
SIMPRO;2026-04-12;medicamento;0000071738;12;;RANBAXY;DICLOFENACO SODICO 100MG 10CPDS;;;;;;;;;;;;;;2.068;SIMPRO_VIG;2024-06-04;20;
SIMPRO;2026-04-12;medicamento;0000139244;12;;LEGRAND GENERICOS;DICLOFENACO SODICO 100MG 10CPDS REV.;;;;;;;;;;;;;;2.741;SIMPRO_VIG;2021-04-06;20;
SIMPRO;2026-04-12;medicamento;0000139188;12;;GERMED GENERICOS;DICLOFENACO SODICO 100MG 10CPDS REV.LIB.PROLONG.;;;;;;;;;;;;;;3.524;SIMPRO_VIG;2025-04-04;20;
SIMPRO;2026-04-12;medicamento;0000139195;12;;EMS GENERICOS;DICLOFENACO SODICO 100MG 10CPDS REV.LIB.PROLONG.;;;;;;;;;;;;;;3.524;SIMPRO_VIG;2025-04-04;20;
SIMPRO;2026-04-12;medicamento;0000288178;12;;NOVA QUIMICA;DICLOFENACO SODICO 100MG 10CPDS REV.LIB.PROLONG.;;;;;;;;;;;;;;3.524;SIMPRO_VIG;2025-04-04;20;
SIMPRO;2026-04-12;medicamento;0000139245;12;;LEGRAND GENERICOS;DICLOFENACO SODICO 100MG 20CPDS REV.;;;;;;;;;;;;;;2.341;SIMPRO_VIG;2022-04-05;20;
SIMPRO;2026-04-12;medicamento;0000139196;12;;EMS GENERICOS;DICLOFENACO SODICO 100MG 20CPDS REV.LIB.PROLONG.;;;;;;;;;;;;;;3.476;SIMPRO_VIG;2025-04-04;20;
SIMPRO;2026-04-12;medicamento;0000101113;12;;EMS GENERICOS;DICLOFENACO SODICO 10MG/G GEL 60G;;;;;;;;;;;;;;0.428;SIMPRO_VIG;2024-04-02;20;
SIMPRO;2026-04-12;medicamento;0000133638;12;;NEO QUIMICA;DICLOFENACO SODICO 1MG/ML SOL.OFTAL.GTS.5ML;;;;;;;;;;;;;;14.48;SIMPRO_VIG;2017-04-11;20;
SIMPRO;2026-04-12;medicamento;0000256063;12;;HALEX ISTAR;DICLOFENACO SODICO 25MG/ML 100AMP 3ML;;;;;;;;;;;;;;2.074;SIMPRO_VIG;2024-04-30;20;
SIMPRO;2026-04-12;medicamento;0000266602;12;;TEUTO BRAS;DICLOFENACO SODICO 25MG/ML 100AMP VD.AMB.3ML(EMB.HOSP.);;;;;;;;;;;;;;2.112;SIMPRO_VIG;2026-04-01;20;
SIMPRO;2026-04-12;medicamento;0000111308;12;;TEUTO BRAS;DICLOFENACO SODICO 25MG/ML 100AMP.VID.INC 3ML(EMB.HOSP.);;;;;;;;;;;;;;1.853;SIMPRO_VIG;2023-08-15;20;
SIMPRO;2026-04-12;medicamento;0000034977;12;;TEUTO BRAS;DICLOFENACO SODICO 25MG/ML 5AMP 3ML;;;;;;;;;;;;;;1.426;SIMPRO_VIG;2018-04-10;20;
SIMPRO;2026-04-12;medicamento;0000100468;12;;HYPOFARMA;DICLOFENACO SODICO 25MG/ML SOL.INJ.100AMP.3ML;;;;;;;;;;;;;;1.472;SIMPRO_VIG;2025-04-09;20;
SIMPRO;2026-04-12;medicamento;0000120595;12;;HIPOLABOR;DICLOFENACO SODICO 25MG/ML SOL.INJ.100AMP.3ML;;;;;;;;;;;;;;2.242;SIMPRO_VIG;2025-04-15;20;
SIMPRO;2026-04-12;medicamento;0000072953;12;;UNIAO QUIMICA;DICLOFENACO SODICO 25MG/ML SOL.INJ.50AMP 3ML;;;;;;;;;;;;;;1.826;SIMPRO_VIG;2025-04-04;20;
SIMPRO;2026-04-12;medicamento;0000143322;12;;ARISTON;DICLOFENACO SODICO 25MG/ML SOL.INJ.50AMP 3ML;;;;;;;;;;;;;;0.956;SIMPRO_VIG;2012-05-15;20;
SIMPRO;2026-04-12;medicamento;0000256431;12;;BLAU;DICLOFENACO SODICO 25MG/ML SOL.INJ.50AMP 3ML(EMB.HOSP.);;;;;;;;;;;;;;2.059;SIMPRO_VIG;2025-04-01;20;
SIMPRO;2026-04-12;medicamento;0000113927;12;;FRESENIUS KABI;DICLOFENACO SODICO 25MG/ML SOL.INJ.50AMP.3ML;;;;;;;;;;;;;;2.176;SIMPRO_VIG;2025-04-09;20;
SIMPRO;2026-04-12;medicamento;0000084078;12;;UNIAO QUIMICA;DICLOFENACO SODICO 25MG/ML SOL.INJ.5AMP 3ML;;;;;;;;;;;;;;2.486;SIMPRO_VIG;2025-04-04;20;
SIMPRO;2026-04-12;medicamento;0000256430;12;;BLAU;DICLOFENACO SODICO 25MG/ML SOL.INJ.5AMP 3ML;;;;;;;;;;;;;;1.85;SIMPRO_VIG;2020-06-19;20;
SIMPRO;2026-04-12;medicamento;0000037660;12;;SANOFI MEDLEY;DICLOFENACO SODICO 50MG 20CPDS;;;;;;;;;;;;;;0.914;SIMPRO_VIG;2025-04-01;20;
SIMPRO;2026-04-12;medicamento;0000059675;12;;BIOSINTETICA;DICLOFENACO SODICO 50MG 20CPDS;;;;;;;;;;;;;;1.025;SIMPRO_VIG;2021-04-08;20;
SIMPRO;2026-04-12;medicamento;0000162721;12;;GERMED GENERICOS;DICLOFENACO SODICO 50MG 20CPDS;;;;;;;;;;;;;;1.488;SIMPRO_VIG;2025-04-04;20;
SIMPRO;2026-04-12;medicamento;0000140513;12;;PRATI-DONADUZZI;DICLOFENACO SODICO 50MG 20CPDS REV.;;;;;;;;;;;;;;0.508;SIMPRO_VIG;2025-04-04;20;
SIMPRO;2026-04-12;medicamento;0000153132;12;;NEO QUIMICA;DICLOFENACO SODICO 50MG 20CPDS REV.;;;;;;;;;;;;;;1.488;SIMPRO_VIG;2025-04-09;20;
SIMPRO;2026-04-12;medicamento;0000266733;12;;CIMED;DICLOFENACO SODICO 50MG 20CPDS REV.;;;;;;;;;;;;;;1.106;SIMPRO_VIG;2025-04-04;20;
SIMPRO;2026-04-12;medicamento;0000283923;12;;ONEFARMA;DICLOFENACO SODICO 50MG 20CPDS REV.;;;;;;;;;;;;;;0.7;SIMPRO_VIG;2025-04-04;20;
SIMPRO;2026-04-12;medicamento;0000315145;12;;ACHE;DICLOFENACO SODICO 50MG 20CPDS REV.;;;;;;;;;;;;;;1.32;SIMPRO_VIG;2023-04-01;20;
SIMPRO;2026-04-12;medicamento;0000037334;12;;EMS GENERICOS;DICLOFENACO SODICO 50MG 20CPDS REV.LIB.RETARD.;;;;;;;;;;;;;;1.555;SIMPRO_VIG;2025-04-04;20;
SIMPRO;2026-04-12;medicamento;0000162722;12;;LEGRAND GENERICOS;DICLOFENACO SODICO 50MG 2BLX10CPDS;;;;;;;;;;;;;;0.696;SIMPRO_VIG;2021-04-06;20;
SIMPRO;2026-04-12;medicamento;0000150847;12;;PRATI-DONADUZZI;DICLOFENACO SODICO 50MG 400CPDS REV.;;;;;;;;;;;;;;0.646;SIMPRO_VIG;2024-04-05;20;
SIMPRO;2026-04-12;medicamento;0000140514;12;;PRATI-DONADUZZI;DICLOFENACO SODICO 50MG 500CPDS REV.;;;;;;;;;;;;;;0.841;SIMPRO_VIG;2025-04-04;20;
SIMPRO;2026-04-12;medicamento;0000084381;12;;HIPOLABOR;DICLOFENACO SODICO 75MG 100AMP 3ML;;;;;;;;;;;;;;1.218;SIMPRO_VIG;2026-03-31;20;
SIMPRO;2026-04-12;medicamento;0000143321;12;;ARISTON;DICLOFENACO SODICO GEN.25MG/ML SOL.INJ.5AMP 3ML;;;;;;;;;;;;;;1.026;SIMPRO_VIG;2010-11-12;20;
SIMPRO;2026-04-12;medicamento;0000072555;12;;RANBAXY;DICLOFENACO SODICO GEN.50MG 100CPDS;;;;;;;;;;;;;;0;SIMPRO_VIG;2009-06-19;20;
SIMPRO;2026-04-12;medicamento;0000052403;12;;RANBAXY;DICLOFENACO SODICO GEN.50MG 10CPDS;;;;;;;;;;;;;;0;SIMPRO_VIG;2009-08-07;20;
SIMPRO;2026-04-12;medicamento;0000079738;12;;BRAINFARMA;DICLOFENACO SODICO GEN.50MG 10CPDS;;;;;;;;;;;;;;0.946;SIMPRO_VIG;2016-04-05;20;
SIMPRO;2026-04-12;medicamento;0000089435;12;;NOVA QUIMICA;DICLOFENACO SODICO GEN.50MG 10CPDS;;;;;;;;;;;;;;0.666;SIMPRO_VIG;2009-06-23;20;
SIMPRO;2026-04-12;medicamento;0000052405;12;;RANBAXY;DICLOFENACO SODICO GEN.50MG 20CPDS;;;;;;;;;;;;;;0;SIMPRO_VIG;2009-08-07;20;
SIMPRO;2026-04-12;medicamento;0000058746;12;;SANDOZ;DICLOFENACO SODICO GEN.50MG 20CPDS;;;;;;;;;;;;;;0.562;SIMPRO_VIG;2012-05-01;20;
SIMPRO;2026-04-12;medicamento;0000078001;12;;NOVARTIS;DICLOFENACO SODICO GEN.50MG 20CPDS;;;;;;;;;;;;;;0.897;SIMPRO_VIG;2014-04-09;20;
SIMPRO;2026-04-12;medicamento;0000089436;12;;NOVA QUIMICA;DICLOFENACO SODICO GEN.50MG 20CPDS;;;;;;;;;;;;;;0.588;SIMPRO_VIG;2009-06-23;20;
SIMPRO;2026-04-12;medicamento;0000079739;12;;BRAINFARMA;DICLOFENACO SODICO GEN.50MG 2BLX10CPDS;;;;;;;;;;;;;;0.889;SIMPRO_VIG;2016-04-05;20;
SIMPRO;2026-04-12;medicamento;0000037007;12;;MEDLEY;DICLOFENACO SODICO GEN.75MG 5AMP 3ML;;;;;;;;;;;;;;1.23;SIMPRO_VIG;2011-04-01;20;
SIMPRO;2026-04-12;medicamento;0000034846;12;;NEOQUIMICA;DICLOFENACO SODICO GEN.75MG/3ML 5AMP 3ML;;;;;;;;;;;;;;1.302;SIMPRO_VIG;2014-04-01;20;
SIMPRO;2026-04-12;medicamento;0000101150;12;;LEGRAND GEN;DICLOFENACO SODICO GEN.GEL 60GRS;;;;;;;;;;;;;;0.213;SIMPRO_VIG;2011-04-01;20;
SIMPRO;2026-04-12;medicamento;0000101571;12;;GERMED GEN;DICLOFENACO SODICO GEN.GEL 60GRS;;;;;;;;;;;;;;0.212;SIMPRO_VIG;2011-04-01;20;
SIMPRO;2026-04-12;medicamento;0000100514;12;;NOVA QUIMICA GEN;DICLOFENACO SODICO SR 100MG 10CPDS REV.;;;;;;;;;;;;;;2.298;SIMPRO_VIG;2019-04-09;20;
SIMPRO;2026-04-12;medicamento;0000034856;12;;DUCTO;DICLOFENACO SODIO GEN.75MG 5AMP 3ML;;;;;;;;;;;;;;1.178;SIMPRO_VIG;2011-05-12;20;
SIMPRO;2026-04-12;medicamento;0000082393;12;;DUCTO;DICLOFETAMOL 25X4CPDS;;;;;;;;;;;;;;0.816;SIMPRO_VIG;2011-05-12;20;
SIMPRO;2026-04-12;medicamento;0000038327;12;;DUCTO;DICLOFETAMOL 30CPDS;;;;;;;;;;;;;;0.885;SIMPRO_VIG;2011-05-12;20;
SIMPRO;2026-04-12;medicamento;0000128152;12;;BIO MACRO;DICLOFLOGIL 50MG 20CPDS;;;;;;;;;;;;;;0.32;SIMPRO_VIG;2010-03-31;20;
SIMPRO;2026-04-12;medicamento;0000047136;12;;UNIAO QUIMICA;DICLOGENOM 1MG/G POM.OFT.3,5G;;;;;;;;;;;;;;6.863;SIMPRO_VIG;2010-03-31;20;
SIMPRO;2026-04-12;medicamento;0000047135;12;;UNIAO QUIMICA;DICLOGENOM 1MG/ML SOL.OFT.5ML;;;;;;;;;;;;;;25.25;SIMPRO_VIG;2010-03-31;20;
SIMPRO;2026-04-12;medicamento;0000140515;12;;PRATI DONADUZZI;DICLOKALIUM 10MG/G GEL.CRM.60GRS;;;;;;;;;;;;;;0.251;SIMPRO_VIG;2009-08-13;20;
SIMPRO;2026-04-12;medicamento;0000140516;12;;PRATI DONADUZZI;DICLOKALIUM 50MG 500CPDS REV.;;;;;;;;;;;;;;0.053;SIMPRO_VIG;2010-05-14;20;
SIMPRO;2026-04-12;medicamento;0000102929;12;;KINDER;DICLOKIN 150MG 30CPDS;;;;;;;;;;;;;;0.721;SIMPRO_VIG;2026-03-31;20;
SIMPRO;2026-04-12;medicamento;0000094501;12;;KINDER;DICLOKIN 250MG 60CPDS;;;;;;;;;;;;;;0.721;SIMPRO_VIG;2026-03-31;20;
SIMPRO;2026-04-12;medicamento;0000034264;12;;DUCTO;DICLONACO SODIO 50MG 20DRGS;;;;;;;;;;;;;;0.341;SIMPRO_VIG;2011-05-12;20;
SIMPRO;2026-04-12;medicamento;0000034265;12;;DUCTO;DICLONACO SODIO 75MG 5AMP 3ML;;;;;;;;;;;;;;2.192;SIMPRO_VIG;2011-05-12;20;
SIMPRO;2026-04-12;medicamento;0000140517;12;;PRATI-DONADUZZI;DICLONATRIUM 50MG BL.25X20CPDS REV.;;;;;;;;;;;;;;0.056;SIMPRO_VIG;2013-11-06;20;
SIMPRO;2026-04-12;medicamento;0000060550;12;;KLEY HERTZ;DICLONAX 20CPDS;;;;;;;;;;;;;;0.451;SIMPRO_VIG;2011-04-01;20;
SIMPRO;2026-04-12;medicamento;0000060551;12;;KLEY HERTZ;DICLONIL 20DRGS;;;;;;;;;;;;;;0.451;SIMPRO_VIG;2011-04-01;20;
SIMPRO;2026-04-12;medicamento;0000299350;12;;AUROBINDO;DICLORIDRATO BETAISTINA 16MG 10CPDS;;;;;;;;;;;;;;0.924;SIMPRO_VIG;2022-04-12;20;
SIMPRO;2026-04-12;medicamento;0000299355;12;;AUROBINDO;DICLORIDRATO BETAISTINA 16MG 120CPDS;;;;;;;;;;;;;;0.929;SIMPRO_VIG;2022-04-12;20;
SIMPRO;2026-04-12;medicamento;0000299356;12;;AUROBINDO;DICLORIDRATO BETAISTINA 16MG 150CPDS;;;;;;;;;;;;;;0.697;SIMPRO_VIG;2022-04-12;20;
SIMPRO;2026-04-12;medicamento;0000299351;12;;AUROBINDO;DICLORIDRATO BETAISTINA 16MG 20CPDS;;;;;;;;;;;;;;0.929;SIMPRO_VIG;2022-04-26;20;
SIMPRO;2026-04-12;medicamento;0000166316;12;;BIOSINTETICA;DICLORIDRATO BETAISTINA 16MG 30CPDS;;;;;;;;;;;;;;0.786;SIMPRO_VIG;2020-06-23;20;
SIMPRO;2026-04-12;medicamento;0000166319;12;;ACHE;DICLORIDRATO BETAISTINA 16MG 30CPDS;;;;;;;;;;;;;;0.548;SIMPRO_VIG;2018-11-01;20;
SIMPRO;2026-04-12;medicamento;0000243425;12;;EUROFARMA;DICLORIDRATO BETAISTINA 16MG 30CPDS;;;;;;;;;;;;;;1.018;SIMPRO_VIG;2025-04-04;20;
SIMPRO;2026-04-12;medicamento;0000294598;12;;PRATI-DONADUZZI;DICLORIDRATO BETAISTINA 16MG 30CPDS;;;;;;;;;;;;;;0.964;SIMPRO_VIG;2025-04-04;20;
SIMPRO;2026-04-12;medicamento;0000299352;12;;AUROBINDO;DICLORIDRATO BETAISTINA 16MG 30CPDS;;;;;;;;;;;;;;1.044;SIMPRO_VIG;2025-04-04;20;
SIMPRO;2026-04-12;medicamento;0000308310;12;;ACHE;DICLORIDRATO BETAISTINA 16MG 30CPDS;;;;;;;;;;;;;;1.047;SIMPRO_VIG;2025-04-04;20;
SIMPRO;2026-04-12;medicamento;0000243426;12;;EUROFARMA;DICLORIDRATO BETAISTINA 16MG 60CPDS;;;;;;;;;;;;;;0.484;SIMPRO_VIG;2018-04-10;20;
SIMPRO;2026-04-12;medicamento;0000294599;12;;PRATI-DONADUZZI;DICLORIDRATO BETAISTINA 16MG 60CPDS;;;;;;;;;;;;;;0.965;SIMPRO_VIG;2025-04-04;20;
SIMPRO;2026-04-12;medicamento;0000299353;12;;AUROBINDO;DICLORIDRATO BETAISTINA 16MG 60CPDS;;;;;;;;;;;;;;0.929;SIMPRO_VIG;2022-04-12;20;
SIMPRO;2026-04-12;medicamento;0000299354;12;;AUROBINDO;DICLORIDRATO BETAISTINA 16MG 90CPDS;;;;;;;;;;;;;;0.929;SIMPRO_VIG;2022-04-12;20;
SIMPRO;2026-04-12;medicamento;0000299357;12;;AUROBINDO;DICLORIDRATO BETAISTINA 24MG 10CPDS;;;;;;;;;;;;;;1.294;SIMPRO_VIG;2022-04-26;20;
SIMPRO;2026-04-12;medicamento;0000299375;12;;AUROBINDO;DICLORIDRATO BETAISTINA 24MG 120CPDS;;;;;;;;;;;;;;1.199;SIMPRO_VIG;2022-04-26;20;
SIMPRO;2026-04-12;medicamento;0000299376;12;;AUROBINDO;DICLORIDRATO BETAISTINA 24MG 150CPDS;;;;;;;;;;;;;;0.9;SIMPRO_VIG;2022-04-12;20;
SIMPRO;2026-04-12;medicamento;0000299358;12;;AUROBINDO;DICLORIDRATO BETAISTINA 24MG 20CPDS;;;;;;;;;;;;;;1.297;SIMPRO_VIG;2022-04-12;20;
SIMPRO;2026-04-12;medicamento;0000166317;12;;BIOSINTETICA;DICLORIDRATO BETAISTINA 24MG 30CPDS;;;;;;;;;;;;;;1.18;SIMPRO_VIG;2020-06-23;20;
SIMPRO;2026-04-12;medicamento;0000166320;12;;ACHE;DICLORIDRATO BETAISTINA 24MG 30CPDS;;;;;;;;;;;;;;0.822;SIMPRO_VIG;2018-11-01;20;
SIMPRO;2026-04-12;medicamento;0000171614;12;;RANBAXY;DICLORIDRATO BETAISTINA 24MG 30CPDS;;;;;;;;;;;;;;1.545;SIMPRO_VIG;2024-04-09;20;
SIMPRO;2026-04-12;medicamento;0000243427;12;;EUROFARMA;DICLORIDRATO BETAISTINA 24MG 30CPDS;;;;;;;;;;;;;;1.363;SIMPRO_VIG;2025-04-04;20;
SIMPRO;2026-04-12;medicamento;0000294600;12;;PRATI-DONADUZZI;DICLORIDRATO BETAISTINA 24MG 30CPDS;;;;;;;;;;;;;;1.199;SIMPRO_VIG;2025-04-04;20;
SIMPRO;2026-04-12;medicamento;0000299359;12;;AUROBINDO;DICLORIDRATO BETAISTINA 24MG 30CPDS;;;;;;;;;;;;;;1.459;SIMPRO_VIG;2025-04-04;20;
SIMPRO;2026-04-12;medicamento;0000308311;12;;ACHE;DICLORIDRATO BETAISTINA 24MG 30CPDS;;;;;;;;;;;;;;1.407;SIMPRO_VIG;2025-04-04;20;
SIMPRO;2026-04-12;medicamento;0000243428;12;;EUROFARMA;DICLORIDRATO BETAISTINA 24MG 60CPDS;;;;;;;;;;;;;;0.648;SIMPRO_VIG;2018-04-10;20;
SIMPRO;2026-04-12;medicamento;0000294601;12;;PRATI-DONADUZZI;DICLORIDRATO BETAISTINA 24MG 60CPDS;;;;;;;;;;;;;;1.102;SIMPRO_VIG;2025-04-04;20;
SIMPRO;2026-04-12;medicamento;0000299360;12;;AUROBINDO;DICLORIDRATO BETAISTINA 24MG 60CPDS;;;;;;;;;;;;;;1.199;SIMPRO_VIG;2022-04-12;20;
SIMPRO;2026-04-12;medicamento;0000299362;12;;AUROBINDO;DICLORIDRATO BETAISTINA 24MG 90CPDS;;;;;;;;;;;;;;1.199;SIMPRO_VIG;2022-04-12;20;
SIMPRO;2026-04-12;medicamento;0000166315;12;;BIOSINTETICA;DICLORIDRATO BETAISTINA 8MG 30CPDS;;;;;;;;;;;;;;0.633;SIMPRO_VIG;2020-06-23;20;
SIMPRO;2026-04-12;medicamento;0000166318;12;;ACHE;DICLORIDRATO BETAISTINA 8MG 30CPDS;;;;;;;;;;;;;;0.441;SIMPRO_VIG;2018-11-01;20;
SIMPRO;2026-04-12;medicamento;0000244662;12;;EUROFARMA;DICLORIDRATO BETAISTINA 8MG 30CPDS;;;;;;;;;;;;;;0.588;SIMPRO_VIG;2026-03-31;20;
SIMPRO;2026-04-12;medicamento;0000308312;12;;ACHE;DICLORIDRATO BETAISTINA 8MG 30CPDS;;;;;;;;;;;;;;0.842;SIMPRO_VIG;2025-04-04;20;
SIMPRO;2026-04-12;medicamento;0000146696;12;;SANDOZ;DICLORIDRATO CETIRIZINA 10MG 12CPDS REV.;;;;;;;;;;;;;;3.847;SIMPRO_VIG;2022-04-26;20;
SIMPRO;2026-04-12;medicamento;0000068433;12;;SANOFI MEDLEY;DICLORIDRATO CETIRIZINA 10MG 2X6CPDS;;;;;;;;;;;;;;4.563;SIMPRO_VIG;2023-12-01;20;
SIMPRO;2026-04-12;medicamento;0000146695;12;;SANDOZ;DICLORIDRATO CETIRIZINA 10MG 6CPDS REV.;;;;;;;;;;;;;;2.997;SIMPRO_VIG;2020-06-30;20;
SIMPRO;2026-04-12;medicamento;0000062187;12;;MEDLEY;DICLORIDRATO CETIRIZINA 120ML+CP MED.10ML;;;;;;;;;;;;;;0.204;SIMPRO_VIG;2020-04-01;20;
SIMPRO;2026-04-12;medicamento;0000244787;12;;PRATI-DONADUZZI;DICLORIDRATO CETIRIZINA 1MG/ML 50FR SOL.80ML;;;;;;;;;;;;;;16.085;SIMPRO_VIG;2017-05-22;20;
SIMPRO;2026-04-12;medicamento;0000140518;12;;PRATI-DONADUZZI;DICLORIDRATO CETIRIZINA 1MG/ML SOL.120ML;;;;;;;;;;;;;;0.316;SIMPRO_VIG;2021-04-06;20;
SIMPRO;2026-04-12;medicamento;0000140519;12;;PRATI-DONADUZZI;DICLORIDRATO CETIRIZINA 1MG/ML SOL.80ML;;;;;;;;;;;;;;0.207;SIMPRO_VIG;2020-02-06;20;
SIMPRO;2026-04-12;medicamento;0000134261;12;;TEUTO BRAS;DICLORIDRATO CETIRIZINA 1MG/ML SOL.ORAL 120ML;;;;;;;;;;;;;;0.369;SIMPRO_VIG;2023-04-06;20;
SIMPRO;2026-04-12;medicamento;0000090236;12;;BIOSINTETICA;DICLORIDRATO CETIRIZINA GEN.10MG 12CPDS;;;;;;;;;;;;;;2.829;SIMPRO_VIG;2016-04-12;20;
SIMPRO;2026-04-12;medicamento;0000071676;12;;SANDOZ;DICLORIDRATO CETIRIZINA GEN.10MG 14CPDS;;;;;;;;;;;;;;1.954;SIMPRO_VIG;2012-05-01;20;
SIMPRO;2026-04-12;medicamento;0000068432;12;;MEDLEY;DICLORIDRATO CETIRIZINA GEN.10MG 6CPDS;;;;;;;;;;;;;;3.078;SIMPRO_VIG;2016-05-10;20;
SIMPRO;2026-04-12;medicamento;0000090237;12;;BIOSINTETICA;DICLORIDRATO CETIRIZINA GEN.10MG 6CPDS;;;;;;;;;;;;;;2.923;SIMPRO_VIG;2016-04-12;20;
SIMPRO;2026-04-12;medicamento;0000071675;12;;SANDOZ;DICLORIDRATO CETIRIZINA GEN.10MG 7CPDS;;;;;;;;;;;;;;1.963;SIMPRO_VIG;2012-05-01;20;
SIMPRO;2026-04-12;medicamento;0000315225;12;;VITAMEDIC;DICLORIDRATO FLUNARIZINA 10MG 480CPDS;;;;;;;;;;;;;;0.219;SIMPRO_VIG;2024-04-10;20;
SIMPRO;2026-04-12;medicamento;0000304858;12;;VITAMEDIC;DICLORIDRATO FLUNARIZINA 10MG 50CPDS;;;;;;;;;;;;;;0.388;SIMPRO_VIG;2026-04-01;20;
SIMPRO;2026-04-12;medicamento;0000150927;12;;LEGRAND GENERICOS;DICLORIDRATO HIDROXIZINA 25MG 30CPDS;;;;;;;;;;;;;;1.396;SIMPRO_VIG;2025-04-04;20;
SIMPRO;2026-04-12;medicamento;0000134407;12;;EUROFARMA;DICLORIDRATO LEVOCETIRIZINA 5,0MG 10CPDS REV.;;;;;;;;;;;;;;4.832;SIMPRO_VIG;2025-04-04;20;
SIMPRO;2026-04-12;medicamento;0000307133;12;;NEO QUIMICA;DICLORIDRATO LEVOCETIRIZINA 5,0MG 10CPDS REV.;;;;;;;;;;;;;;4.428;SIMPRO_VIG;2025-04-09;20;
SIMPRO;2026-04-12;medicamento;0000307134;12;;NEO QUIMICA;DICLORIDRATO LEVOCETIRIZINA 5,0MG 30CPDS REV.;;;;;;;;;;;;;;3.791;SIMPRO_VIG;2025-04-09;20;
SIMPRO;2026-04-12;medicamento;0000297155;12;;SUN FARMACEUTICA;DICLORIDRATO LEVOCETIRIZINA 5MG 10CPDS REV.;;;;;;;;;;;;;;3.382;SIMPRO_VIG;2020-07-28;20;
SIMPRO;2026-04-12;medicamento;0000297230;12;;RANBAXY;DICLORIDRATO LEVOCETIRIZINA 5MG 10CPDS REV.;;;;;;;;;;;;;;4.687;SIMPRO_VIG;2025-04-09;20;
SIMPRO;2026-04-12;medicamento;0000297157;12;;SUN FARMACEUTICA;DICLORIDRATO LEVOCETIRIZINA 5MG 14CPDS REV.;;;;;;;;;;;;;;3.381;SIMPRO_VIG;2020-07-28;20;
SIMPRO;2026-04-12;medicamento;0000297159;12;;SUN FARMACEUTICA;DICLORIDRATO LEVOCETIRIZINA 5MG 21CPDS REV.;;;;;;;;;;;;;;3.383;SIMPRO_VIG;2020-07-28;20;
SIMPRO;2026-04-12;medicamento;0000297151;12;;SUN FARMACEUTICA;DICLORIDRATO LEVOCETIRIZINA 5MG 7CPDS REV.;;;;;;;;;;;;;;3.381;SIMPRO_VIG;2020-07-28;20;
SIMPRO;2026-04-12;medicamento;0000314061;12;;PRATI-DONADUZZI;DICLORIDRATO PRAMIPEXOL 0,125MG 300CPDS;;;;;;;;;;;;;;1.031;SIMPRO_VIG;2025-04-04;20;
SIMPRO;2026-04-12;medicamento;0000166006;12;;BIOLAB GENERICOS;DICLORIDRATO PRAMIPEXOL 0,125MG 30CPDS;;;;;;;;;;;;;;1.341;SIMPRO_VIG;2025-04-09;20;
SIMPRO;2026-04-12;medicamento;0000166476;12;;SANDOZ;DICLORIDRATO PRAMIPEXOL 0,125MG 30CPDS;;;;;;;;;;;;;;1.028;SIMPRO_VIG;2018-04-24;20;
SIMPRO;2026-04-12;medicamento;0000167098;12;;BIOSINTETICA;DICLORIDRATO PRAMIPEXOL 0,125MG 30CPDS;;;;;;;;;;;;;;1.096;SIMPRO_VIG;2020-06-23;20;
SIMPRO;2026-04-12;medicamento;0000174592;12;;ACHE;DICLORIDRATO PRAMIPEXOL 0,125MG 30CPDS;;;;;;;;;;;;;;0.736;SIMPRO_VIG;2018-11-01;20;
SIMPRO;2026-04-12;medicamento;0000248602;12;;NOVA QUIMICA GEN;DICLORIDRATO PRAMIPEXOL 0,125MG 30CPDS;;;;;;;;;;;;;;0.993;SIMPRO_VIG;2017-04-01;20;
SIMPRO;2026-04-12;medicamento;0000248626;12;;GERMED GENERICOS;DICLORIDRATO PRAMIPEXOL 0,125MG 30CPDS;;;;;;;;;;;;;;1.036;SIMPRO_VIG;2019-04-09;20;
SIMPRO;2026-04-12;medicamento;0000248674;12;;LEGRAND GENERICOS;DICLORIDRATO PRAMIPEXOL 0,125MG 30CPDS;;;;;;;;;;;;;;0.718;SIMPRO_VIG;2019-04-09;20;
SIMPRO;2026-04-12;medicamento;0000305572;12;;PRATI-DONADUZZI;DICLORIDRATO PRAMIPEXOL 0,125MG 30CPDS;;;;;;;;;;;;;;1.006;SIMPRO_VIG;2025-04-04;20;
SIMPRO;2026-04-12;medicamento;0000308411;12;;ACHE;DICLORIDRATO PRAMIPEXOL 0,125MG 30CPDS;;;;;;;;;;;;;;1.432;SIMPRO_VIG;2024-04-09;20;
SIMPRO;2026-04-12;medicamento;0000248632;12;;EMS GENERICOS;DICLORIDRATO PRAMIPEXOL 0,250 30CPDS;;;;;;;;;;;;;;3.394;SIMPRO_VIG;2025-04-04;20;
SIMPRO;2026-04-12;medicamento;0000314062;12;;PRATI-DONADUZZI;DICLORIDRATO PRAMIPEXOL 0,250MG 300CPDS;;;;;;;;;;;;;;2.353;SIMPRO_VIG;2025-04-04;20;
SIMPRO;2026-04-12;medicamento;0000167099;12;;BIOSINTETICA;DICLORIDRATO PRAMIPEXOL 0,250MG 30CPDS;;;;;;;;;;;;;;2.505;SIMPRO_VIG;2020-06-23;20;
SIMPRO;2026-04-12;medicamento;0000174593;12;;ACHE;DICLORIDRATO PRAMIPEXOL 0,250MG 30CPDS;;;;;;;;;;;;;;1.682;SIMPRO_VIG;2018-11-01;20;
SIMPRO;2026-04-12;medicamento;0000248603;12;;NOVA QUIMICA GEN;DICLORIDRATO PRAMIPEXOL 0,250MG 30CPDS;;;;;;;;;;;;;;2.368;SIMPRO_VIG;2019-04-09;20;
SIMPRO;2026-04-12;medicamento;0000248627;12;;GERMED GENERICOS;DICLORIDRATO PRAMIPEXOL 0,250MG 30CPDS;;;;;;;;;;;;;;2.966;SIMPRO_VIG;2022-04-05;20;
SIMPRO;2026-04-12;medicamento;0000305573;12;;PRATI-DONADUZZI;DICLORIDRATO PRAMIPEXOL 0,250MG 30CPDS;;;;;;;;;;;;;;1.889;SIMPRO_VIG;2025-04-04;20;
SIMPRO;2026-04-12;medicamento;0000308412;12;;ACHE;DICLORIDRATO PRAMIPEXOL 0,250MG 30CPDS;;;;;;;;;;;;;;3.274;SIMPRO_VIG;2024-04-09;20;
SIMPRO;2026-04-12;medicamento;0000166007;12;;BIOLAB GENERICOS;DICLORIDRATO PRAMIPEXOL 0,25MG 30CPDS;;;;;;;;;;;;;;2.906;SIMPRO_VIG;2025-04-09;20;
SIMPRO;2026-04-12;medicamento;0000166477;12;;SANDOZ;DICLORIDRATO PRAMIPEXOL 0,25MG 30CPDS;;;;;;;;;;;;;;2.349;SIMPRO_VIG;2018-04-24;20;
SIMPRO;2026-04-12;medicamento;0000308173;12;;EUROFARMA;DICLORIDRATO PRAMIPEXOL 0,375MG 30CPDS LIB.PROLONG.;;;;;;;;;;;;;;3.835;SIMPRO_VIG;2025-04-04;20;
SIMPRO;2026-04-12;medicamento;0000272328;12;;EUROFARMA;DICLORIDRATO PRAMIPEXOL 0,750MG 30CPDS LIB.PROLONG.;;;;;;;;;;;;;;7.669;SIMPRO_VIG;2025-04-04;20;
SIMPRO;2026-04-12;medicamento;0000272329;12;;EUROFARMA;DICLORIDRATO PRAMIPEXOL 1,50MG 30CPDS LIB.PROLONG.;;;;;;;;;;;;;;15.339;SIMPRO_VIG;2025-04-04;20;
SIMPRO;2026-04-12;medicamento;0000314063;12;;PRATI-DONADUZZI;DICLORIDRATO PRAMIPEXOL 1MG 300CPDS;;;;;;;;;;;;;;7.09;SIMPRO_VIG;2025-04-04;20;
SIMPRO;2026-04-12;medicamento;0000166009;12;;BIOLAB GENERICOS;DICLORIDRATO PRAMIPEXOL 1MG 30CPDS;;;;;;;;;;;;;;8.76;SIMPRO_VIG;2025-04-09;20;
SIMPRO;2026-04-12;medicamento;0000166478;12;;SANDOZ;DICLORIDRATO PRAMIPEXOL 1MG 30CPDS;;;;;;;;;;;;;;7.08;SIMPRO_VIG;2018-04-24;20;
SIMPRO;2026-04-12;medicamento;0000167100;12;;BIOSINTETICA;DICLORIDRATO PRAMIPEXOL 1MG 30CPDS;;;;;;;;;;;;;;7.551;SIMPRO_VIG;2020-06-23;20;
SIMPRO;2026-04-12;medicamento;0000174594;12;;ACHE;DICLORIDRATO PRAMIPEXOL 1MG 30CPDS;;;;;;;;;;;;;;5.071;SIMPRO_VIG;2018-11-01;20;
SIMPRO;2026-04-12;medicamento;0000248604;12;;NOVA QUIMICA GEN;DICLORIDRATO PRAMIPEXOL 1MG 30CPDS;;;;;;;;;;;;;;7.136;SIMPRO_VIG;2019-04-09;20;
SIMPRO;2026-04-12;medicamento;0000248628;12;;GERMED GENERICOS;DICLORIDRATO PRAMIPEXOL 1MG 30CPDS;;;;;;;;;;;;;;10.121;SIMPRO_VIG;2025-04-04;20;
SIMPRO;2026-04-12;medicamento;0000248633;12;;EMS GENERICOS;DICLORIDRATO PRAMIPEXOL 1MG 30CPDS;;;;;;;;;;;;;;10.121;SIMPRO_VIG;2025-04-04;20;
SIMPRO;2026-04-12;medicamento;0000305574;12;;PRATI-DONADUZZI;DICLORIDRATO PRAMIPEXOL 1MG 30CPDS;;;;;;;;;;;;;;7.56;SIMPRO_VIG;2025-04-04;20;
SIMPRO;2026-04-12;medicamento;0000308413;12;;ACHE;DICLORIDRATO PRAMIPEXOL 1MG 30CPDS;;;;;;;;;;;;;;7.979;SIMPRO_VIG;2025-04-04;20;
SIMPRO;2026-04-12;medicamento;0000248675;12;;LEGRAND GENERICOS;DICLORIDRATO PRAMIPEXOL GEN.0,250MG 30CPDS;;;;;;;;;;;;;;2.24;SIMPRO_VIG;2016-04-12;20;
SIMPRO;2026-04-12;medicamento;0000248676;12;;LEGRAND GENERICOS;DICLORIDRATO PRAMIPEXOL GEN.1MG 30CPDS;;;;;;;;;;;;;;6.748;SIMPRO_VIG;2016-04-12;20;
SIMPRO;2026-04-12;medicamento;0000035553;12;;HERALD'S;DICLOSOD 50MG 20CPDS;;;;;;;;;;;;;;0.406;SIMPRO_VIG;2011-04-01;20;
SIMPRO;2026-04-12;medicamento;0000118755;12;;EMS;DICLOSTIR 70MG 10CAPS;;;;;;;;;;;;;;1.004;SIMPRO_VIG;2014-04-01;20;
SIMPRO;2026-04-12;medicamento;0000118757;12;;EMS;DICLOSTIR 70MG 2X10CAPS;;;;;;;;;;;;;;1.081;SIMPRO_VIG;2015-04-01;20;
SIMPRO;2026-04-12;medicamento;0000118756;12;;EMS;DICLOSTIR 70MG 2X7CAPS;;;;;;;;;;;;;;1.004;SIMPRO_VIG;2014-04-01;20;
SIMPRO;2026-04-12;medicamento;0000129709;12;;ROYTON;DICLOTON 50MG 10DRGS;;;;;;;;;;;;;;0.435;SIMPRO_VIG;2011-04-01;20;
SIMPRO;2026-04-12;medicamento;0000258132;12;;WYETH;DICOXIBE 100MG 20CAPS GEL.DURA;;;;;;;;;;;;;;2.693;SIMPRO_VIG;2016-04-05;20;
SIMPRO;2026-04-12;medicamento;0000306775;12;;VIATRIS;DICOXIBE 100MG 20CAPS GEL.DURA;;;;;;;;;;;;;;4.431;SIMPRO_VIG;2025-04-04;20;
SIMPRO;2026-04-12;medicamento;0000258133;12;;WYETH;DICOXIBE 200MG 10CAPS GEL.DURA;;;;;;;;;;;;;;4.435;SIMPRO_VIG;2016-04-05;20;
SIMPRO;2026-04-12;medicamento;0000277003;12;;VIATRIS;DICOXIBE 200MG 10CAPS GEL.DURA;;;;;;;;;;;;;;6.521;SIMPRO_VIG;2025-04-04;20;
SIMPRO;2026-04-12;medicamento;0000258134;12;;WYETH;DICOXIBE 200MG 15CAPS GEL.DURA;;;;;;;;;;;;;;4.377;SIMPRO_VIG;2016-04-05;20;
SIMPRO;2026-04-12;medicamento;0000277004;12;;VIATRIS;DICOXIBE 200MG 15CAPS GEL.DURA;;;;;;;;;;;;;;6.523;SIMPRO_VIG;2025-04-04;20;
SIMPRO;2026-04-12;medicamento;0000258135;12;;WYETH;DICOXIBE 200MG 30CAPS GEL.DURA;;;;;;;;;;;;;;4.322;SIMPRO_VIG;2016-04-05;20;
SIMPRO;2026-04-12;medicamento;0000277006;12;;VIATRIS;DICOXIBE 200MG 30CAPS GEL.DURA;;;;;;;;;;;;;;6.522;SIMPRO_VIG;2025-04-04;20;
SIMPRO;2026-04-12;medicamento;0000164225;12;;MEDLEY;DIELOFT 100MG 15CPDS REV.;;;;;;;;;;;;;;3.74;SIMPRO_VIG;2014-04-01;20;
SIMPRO;2026-04-12;medicamento;0000123568;12;;MEDLEY;DIELOFT 100MG 20CPDS;;;;;;;;;;;;;;5.371;SIMPRO_VIG;2013-04-01;20;
SIMPRO;2026-04-12;medicamento;0000163524;12;;SANOFI MEDLEY;DIELOFT 100MG 30CPDS REV.;;;;;;;;;;;;;;4.741;SIMPRO_VIG;2019-04-05;20;
SIMPRO;2026-04-12;medicamento;0000164224;12;;MEDLEY;DIELOFT 50MG 15CPDS REV.;;;;;;;;;;;;;;2.623;SIMPRO_VIG;2020-04-01;20;
SIMPRO;2026-04-12;medicamento;0000120872;12;;MEDLEY;DIELOFT 50MG 20CPDS;;;;;;;;;;;;;;2.751;SIMPRO_VIG;2014-04-01;20;
SIMPRO;2026-04-12;medicamento;0000145185;12;;SANOFI MEDLEY;DIELOFT 50MG 30CPDS;;;;;;;;;;;;;;3.906;SIMPRO_VIG;2025-04-01;20;
SIMPRO;2026-04-12;medicamento;0000120874;12;;MEDLEY;DIELOFT TPM 50MG 14CPDS;;;;;;;;;;;;;;3.425;SIMPRO_VIG;2014-04-01;20;
SIMPRO;2026-04-12;medicamento;0000279912;12;;BIOSINTETICA;DIENOGESTE 2MG 28CPDS;;;;;;;;;;;;;;175.79;SIMPRO_VIG;2020-06-23;20;
SIMPRO;2026-04-12;medicamento;0000281908;12;;ACHE;DIENOGESTE 2MG 28CPDS;;;;;;;;;;;;;;4.373;SIMPRO_VIG;2018-11-01;20;
SIMPRO;2026-04-12;medicamento;0000308414;12;;ACHE;DIENOGESTE 2MG 28CPDS;;;;;;;;;;;;;;76.85;SIMPRO_VIG;2025-04-04;20;
SIMPRO;2026-04-12;medicamento;0000263731;12;;EUROFARMA;DIENOGESTE 2MG 30CPDS REV.;;;;;;;;;;;;;;2.71;SIMPRO_VIG;2025-04-04;20;
SIMPRO;2026-04-12;medicamento;0000137459;12;;NEO QUIMICA;DIENZEPAX 10MG 20CPDS;;;;;;;;;;;;;;0.579;SIMPRO_VIG;2026-03-31;20;
SIMPRO;2026-04-12;medicamento;0000137458;12;;NEO QUIMICA;DIENZEPAX 5MG 20CPDS;;;;;;;;;;;;;;0.452;SIMPRO_VIG;2026-03-31;20;
SIMPRO;2026-04-12;medicamento;0000079574;12;;CIFARMA;DIFEBRIL 500MG 100CPDS;;;;;;;;;;;;;;0.665;SIMPRO_VIG;2020-07-07;20;
SIMPRO;2026-04-12;medicamento;0000079575;12;;CIFARMA;DIFEBRIL 500MG/ML GTS.10ML;;;;;;;;;;;;;;0.351;SIMPRO_VIG;2015-04-01;20;
SIMPRO;2026-04-12;medicamento;0000079577;12;;CIFARMA;DIFEBRIL 500MG/ML SOL.ORAL 20ML;;;;;;;;;;;;;;13.68;SIMPRO_VIG;2025-04-09;20;
SIMPRO;2026-04-12;medicamento;0000009515;12;;CRISTALIA;DIFENIDRIN 50MG/ML 25AMP 1ML;;;;;;;;;;;;;;22.806;SIMPRO_VIG;2025-04-09;20;
SIMPRO;2026-04-12;medicamento;0000026944;12;;GALDERMA;DIFFERIN 0,1% CRM.30G;;;;;;;;;;;;;;1.529;SIMPRO_VIG;2014-06-13;20;
SIMPRO;2026-04-12;medicamento;0000137906;12;;GALDERMA;DIFFERIN 0,3% GEL 30G;;;;;;;;;;;;;;1.733;SIMPRO_VIG;2014-06-13;20;
SIMPRO;2026-04-12;medicamento;0000151049;12;;GALDERMA;DIFFERIN 0,3% GEL 45G;;;;;;;;;;;;;;2.128;SIMPRO_VIG;2014-06-13;20;
SIMPRO;2026-04-12;medicamento;0000275625;12;;TEUTO BRAS;DIFLUMID 40MG 20CPDS;;;;;;;;;;;;;;0.443;SIMPRO_VIG;2021-04-13;20;
SIMPRO;2026-04-12;medicamento;0000088732;12;;MEDLEY;DIGEDRAT 200MG 20CAPS GEL;;;;;;;;;;;;;;2.568;SIMPRO_VIG;2014-04-01;20;
SIMPRO;2026-04-12;medicamento;0000277099;12;;MANTECORP FARMASA;DIGEDRAT 200MG 20CAPS GEL.MOLE;;;;;;;;;;;;;;4.953;SIMPRO_VIG;2025-04-09;20;
SIMPRO;2026-04-12;medicamento;0000106873;12;;MEDLEY;DIGEDRAT 200MG 30CAPS GEL;;;;;;;;;;;;;;2.562;SIMPRO_VIG;2014-04-01;20;
SIMPRO;2026-04-12;medicamento;0000277100;12;;MANTECORP FARMASA;DIGEDRAT 200MG 30CAPS GEL.MOLE;;;;;;;;;;;;;;4.942;SIMPRO_VIG;2025-04-09;20;
SIMPRO;2026-04-12;medicamento;0000106874;12;;MEDLEY;DIGEDRAT 200MG 60CAPS GEL;;;;;;;;;;;;;;2.315;SIMPRO_VIG;2014-04-01;20;
SIMPRO;2026-04-12;medicamento;0000277101;12;;MANTECORP FARMASA;DIGEDRAT 200MG 60CAPS GEL.MOLE;;;;;;;;;;;;;;4.467;SIMPRO_VIG;2025-04-09;20;
SIMPRO;2026-04-12;medicamento;0000306665;12;;PRATI-DONADUZZI;DIGEFLEX 240ML SABOR MORANGO;;;;;;;;;;;;;;28.24;SIMPRO_VIG;2019-04-05;20;
SIMPRO;2026-04-12;medicamento;0000244657;12;;APSEN;DIGELIV 400FCC 30SACHE 2G;;;;;;;;;;;;;;2.274;SIMPRO_VIG;2025-04-04;20;
SIMPRO;2026-04-12;medicamento;0000255980;12;;ACHE;DIGEPLUS 7+40+50MG 12CAPS GEL;;;;;;;;;;;;;;1.836;SIMPRO_VIG;2025-04-04;20;
SIMPRO;2026-04-12;medicamento;0000030058;12;;ACHE;DIGEPLUS 7+40+50MG 30CAPS GEL.;;;;;;;;;;;;;;1.838;SIMPRO_VIG;2025-04-04;20;
SIMPRO;2026-04-12;medicamento;0000164426;12;;SANOFI-AVENTIS;DIGESAN 10MG 6CAPS GEL.;;;;;;;;;;;;;;1.322;SIMPRO_VIG;2018-03-15;20;
SIMPRO;2026-04-12;medicamento;0000248610;12;;MULTILAB;DIGESIGMA 10MG 20CAPS DURA;;;;;;;;;;;;;;1.764;SIMPRO_VIG;2025-04-04;20;
SIMPRO;2026-04-12;medicamento;0000297722;12;;MULTILAB;DIGESIGMA 4MG/ML SOL.ORAL 20ML;;;;;;;;;;;;;;1.324;SIMPRO_VIG;2025-04-04;20;
SIMPRO;2026-04-12;medicamento;0000244628;12;;MARIOL;DIGESOL 4MG/ML 48FR GTS.20ML;;;;;;;;;;;;;;10.626;SIMPRO_VIG;2017-04-11;20;
SIMPRO;2026-04-12;medicamento;0000244629;12;;MARIOL;DIGESOL 4MG/ML 96FR GTS.20ML;;;;;;;;;;;;;;10.626;SIMPRO_VIG;2017-04-11;20;
SIMPRO;2026-04-12;medicamento;0000244627;12;;MARIOL;DIGESOL 4MG/ML GTS.20ML;;;;;;;;;;;;;;13.01;SIMPRO_VIG;2017-04-11;20;
SIMPRO;2026-04-12;medicamento;0000014965;12;;NEO QUIMICA;DIGESPRID 10MG 20CAPS;;;;;;;;;;;;;;0.922;SIMPRO_VIG;2020-04-07;20;
SIMPRO;2026-04-12;medicamento;0000153703;12;;NEO QUIMICA;DIGESPRID 10MG 50X10CAPS;;;;;;;;;;;;;;0.837;SIMPRO_VIG;2016-04-08;20;
SIMPRO;2026-04-12;medicamento;0000153704;12;;NEO QUIMICA;DIGESPRID 4MG/ML GTS.50FR 20ML;;;;;;;;;;;;;;15.362;SIMPRO_VIG;2016-04-08;20;
SIMPRO;2026-04-12;medicamento;0000015349;12;;NEO QUIMICA;DIGESPRID 4MG/ML SOL.ORAL GTS.20ML;;;;;;;;;;;;;;0.847;SIMPRO_VIG;2020-04-07;20;
SIMPRO;2026-04-12;medicamento;0000061426;12;;HERALD'S;DIGEST 30CAPS;;;;;;;;;;;;;;0.944;SIMPRO_VIG;2011-04-01;20;
SIMPRO;2026-04-12;medicamento;0000271437;12;;TEUTO BRAS;DIGESTIL 10MG BL.PVDC 20CPDS;;;;;;;;;;;;;;1.273;SIMPRO_VIG;2025-04-09;20;
SIMPRO;2026-04-12;medicamento;0000256121;12;;TEUTO BRAS;DIGESTIL 10MG BRANCO OPC 20CPDS;;;;;;;;;;;;;;1.01;SIMPRO_VIG;2021-04-13;20;
SIMPRO;2026-04-12;medicamento;0000289423;12;;ONEFARMA;DIGIAZIA 460+100+440MG/G PO EFEV.100G;;;;;;;;;;;;;;0.15;SIMPRO_VIG;2025-04-04;20;
SIMPRO;2026-04-12;medicamento;0000289424;12;;ONEFARMA;DIGIAZIA 460+100+440MG/G PO EFEV.60ENV.5G(EMB.MULTI);;;;;;;;;;;;;;1.004;SIMPRO_VIG;2021-04-06;20;
SIMPRO;2026-04-12;medicamento;0000085965;12;;BALDACCI;DIGOBAL 0,125MG 30CPDS;;;;;;;;;;;;;;0.209;SIMPRO_VIG;2014-04-01;20;
SIMPRO;2026-04-12;medicamento;0000085966;12;;BALDACCI;DIGOBAL 0,250MG 30CPDS;;;;;;;;;;;;;;0.352;SIMPRO_VIG;2011-04-01;20;
SIMPRO;2026-04-12;medicamento;0000244788;12;;PRATI-DONADUZZI;DIGOXINA 0,05MG/ML 50FR ELX.60ML;;;;;;;;;;;;;;8.846;SIMPRO_VIG;2025-04-04;20;
SIMPRO;2026-04-12;medicamento;0000140520;12;;PRATI-DONADUZZI;DIGOXINA 0,05MG/ML ELX.60ML;;;;;;;;;;;;;;0.537;SIMPRO_VIG;2025-04-04;20;
SIMPRO;2026-04-12;medicamento;0000111309;12;;TEUTO BRAS;DIGOXINA 0,25MG 100CPDS(EMB.HOSP.);;;;;;;;;;;;;;0.329;SIMPRO_VIG;2024-04-09;20;
SIMPRO;2026-04-12;medicamento;0000136805;12;;VITAMEDIC;DIGOXINA 0,25MG 24CPDS;;;;;;;;;;;;;;0.577;SIMPRO_VIG;2022-04-12;20;
SIMPRO;2026-04-12;medicamento;0000144123;12;;NEO QUIMICA;DIGOXINA 0,25MG 25CPDS;;;;;;;;;;;;;;0.454;SIMPRO_VIG;2026-03-31;20;
SIMPRO;2026-04-12;medicamento;0000097090;12;;TEUTO BRAS;DIGOXINA 0,25MG 30CPDS;;;;;;;;;;;;;;0.681;SIMPRO_VIG;2026-04-01;20;
SIMPRO;2026-04-12;medicamento;0000275305;12;;VITAPAN;DIGOXINA 0,25MG 30CPDS;;;;;;;;;;;;;;0.459;SIMPRO_VIG;2019-04-05;20;
SIMPRO;2026-04-12;medicamento;0000137947;12;;VITAMEDIC;DIGOXINA 0,25MG 480CPDS;;;;;;;;;;;;;;0.292;SIMPRO_VIG;2023-04-14;20;
SIMPRO;2026-04-12;medicamento;0000269712;12;;ASPEN;DIGOXINA GEN.0,05MG/ML ELX.60ML;;;;;;;;;;;;;;34.22;SIMPRO_VIG;2017-04-04;20;
SIMPRO;2026-04-12;medicamento;0000269713;12;;ASPEN;DIGOXINA GEN.0,25MG 30CPDS;;;;;;;;;;;;;;0.582;SIMPRO_VIG;2017-04-04;20;
SIMPRO;2026-04-12;medicamento;0000161788;12;;TEUTO BRAS;DILABRONCO 10MG/ML XPE.120ML+CP.MED;;;;;;;;;;;;;;0.315;SIMPRO_VIG;2023-11-01;20;
SIMPRO;2026-04-12;medicamento;0000161785;12;;TEUTO BRAS;DILABRONCO 5MG/ML XPE.120ML+CP.MED;;;;;;;;;;;;;;0.178;SIMPRO_VIG;2021-04-13;20;
SIMPRO;2026-04-12;medicamento;0000027620;12;;ABBOTT;DILACORON 120MG 2BLX10CPDS REV.;;;;;;;;;;;;;;1.881;SIMPRO_VIG;2017-02-22;20;
SIMPRO;2026-04-12;medicamento;0000107175;12;;SANVAL;DILAVAX 10MG 50X10CPDS;;;;;;;;;;;;;;0.169;SIMPRO_VIG;2008-07-08;20;
SIMPRO;2026-04-12;medicamento;0000094031;12;;GROSS;DILCOR 180MG 2X10CAPS GEL;;;;;;;;;;;;;;0;SIMPRO_VIG;2010-12-03;20;
SIMPRO;2026-04-12;medicamento;0000094032;12;;GROSS;DILCOR 300MG 2X10CAPS GEL;;;;;;;;;;;;;;0;SIMPRO_VIG;2010-12-03;20;
SIMPRO;2026-04-12;medicamento;0000094033;12;;GROSS;DILCOR 90MG 2X10CAPS GEL;;;;;;;;;;;;;;0;SIMPRO_VIG;2010-12-03;20;
SIMPRO;2026-04-12;medicamento;0000160006;12;;SCHERING PLOUGH;DILENA 11CPDS BCO.+10CPDS AZ.;;;;;;;;;;;;;;2.483;SIMPRO_VIG;2014-04-01;20;
SIMPRO;2026-04-12;medicamento;0000127856;12;;SIGMA PHARMA;DILTIPRESS 30MG 2X25CPDS;;;;;;;;;;;;;;0.242;SIMPRO_VIG;2012-04-01;20;
SIMPRO;2026-04-12;medicamento;0000127857;12;;SIGMA PHARMA;DILTIPRESS 60MG 2X25CPDS;;;;;;;;;;;;;;0.56;SIMPRO_VIG;2015-04-01;20;
SIMPRO;2026-04-12;medicamento;0000092670;12;;FARMOQUIMICA;DIMEFOR 500MG 30CPDS REV.;;;;;;;;;;;;;;0.453;SIMPRO_VIG;2013-04-01;20;
SIMPRO;2026-04-12;medicamento;0000137948;12;;VITAMEDIC;DIMENIDRIN 25+25MG/ML SOL.ORAL 50FR PLAST.20ML;;;;;;;;;;;;;;11.15;SIMPRO_VIG;2024-04-10;20;
SIMPRO;2026-04-12;medicamento;0000244711;12;;VITAPAN;DIMENIDRIN 25+5MG/ML SOL.ORAL 50FR PET.20ML;;;;;;;;;;;;;;0;SIMPRO_VIG;2014-09-03;20;
SIMPRO;2026-04-12;medicamento;0000103282;12;;VITAMEDIC;DIMENIDRIN 25+5MG/ML SOL.ORAL GTS.20ML;;;;;;;;;;;;;;0.969;SIMPRO_VIG;2026-04-01;20;
SIMPRO;2026-04-12;medicamento;0000103281;12;;VITAPAN;DIMENIDRIN 50+10MG 25X4CPDS;;;;;;;;;;;;;;0.275;SIMPRO_VIG;2012-04-01;20;
SIMPRO;2026-04-12;medicamento;0000109208;12;;WYETH CONSUMER;DIMETAPP EXPEC.120ML;;;;;;;;;;;;;;0.121;SIMPRO_VIG;2013-04-03;20;
SIMPRO;2026-04-12;medicamento;0000071354;12;;WYETH CONS;DIMETAPP GELCAPS 20CPDS;;;;;;;;;;;;;;1.256;SIMPRO_VIG;2010-04-01;20;
SIMPRO;2026-04-12;medicamento;0000045062;12;;WYETH CONS;DIMETAPP PED.30ML;;;;;;;;;;;;;;0.266;SIMPRO_VIG;2008-03-20;20;
SIMPRO;2026-04-12;medicamento;0000103924;12;;HIPOLABOR;DIMETICOLIN GEN.GTS.10ML;;;;;;;;;;;;;;0;SIMPRO_VIG;2009-05-12;20;
SIMPRO;2026-04-12;medicamento;0000084384;12;;HIPOLABOR;DIMETICONA 200FR;;;;;;;;;;;;;;1.241;SIMPRO_VIG;2013-12-03;20;
SIMPRO;2026-04-12;medicamento;0000285056;12;;SANDOZ;DIMETICONA 75MG/ML EMU.ORAL GTS.15ML;;;;;;;;;;;;;;14.12;SIMPRO_VIG;2017-05-09;20;
SIMPRO;2026-04-12;medicamento;0000097513;12;;EUROFARMA;DIMETICONA 75MG/ML GTS.15ML;;;;;;;;;;;;;;0.706;SIMPRO_VIG;2018-04-10;20;
SIMPRO;2026-04-12;medicamento;0000107186;12;;FARMASA;DIMETICONA GEN.150MG 12CPDS;;;;;;;;;;;;;;0.892;SIMPRO_VIG;2010-04-01;20;
SIMPRO;2026-04-12;medicamento;0000102017;12;;FARMASA;DIMETICONA GEN.40MG 10CPDS;;;;;;;;;;;;;;0.491;SIMPRO_VIG;2011-04-01;20;
SIMPRO;2026-04-12;medicamento;0000140522;12;;PRATI DONADUZZI;DIMETICONA GEN.40MG 200CPDS;;;;;;;;;;;;;;0.396;SIMPRO_VIG;2009-08-13;20;
SIMPRO;2026-04-12;medicamento;0000102018;12;;FARMASA;DIMETICONA GEN.40MG 20CPDS;;;;;;;;;;;;;;0.482;SIMPRO_VIG;2011-04-01;20;
SIMPRO;2026-04-12;medicamento;0000111831;12;;NOVA QUIMICA;DIMETICONA GEN.40MG 20CPDS;;;;;;;;;;;;;;0.417;SIMPRO_VIG;2011-04-01;20;
SIMPRO;2026-04-12;medicamento;0000127936;12;;BIOSINTETICA;DIMETICONA GEN.40MG 20CPDS;;;;;;;;;;;;;;0.326;SIMPRO_VIG;2010-04-01;20;
SIMPRO;2026-04-12;medicamento;0000139598;12;;CIFARMA;DIMETICONA GEN.40MG 20CPDS;;;;;;;;;;;;;;0.49;SIMPRO_VIG;2012-04-05;20;
SIMPRO;2026-04-12;medicamento;0000129664;12;;BIOSINTETICA;DIMETICONA GEN.75MG GTS.10ML;;;;;;;;;;;;;;0.51;SIMPRO_VIG;2010-04-01;20;
SIMPRO;2026-04-12;medicamento;0000127935;12;;BIOSINTETICA;DIMETICONA GEN.75MG GTS.15ML;;;;;;;;;;;;;;0;SIMPRO_VIG;2009-09-03;20;
SIMPRO;2026-04-12;medicamento;0000128195;12;;NOVA QUIMICA;DIMETICONA GEN.75MG/ML 15ML;;;;;;;;;;;;;;0.631;SIMPRO_VIG;2011-04-01;20;
SIMPRO;2026-04-12;medicamento;0000120608;12;;HIPOLABOR;DIMETICONA GEN.75MG/ML 50X10ML GTS;;;;;;;;;;;;;;0;SIMPRO_VIG;2009-05-12;20;
SIMPRO;2026-04-12;medicamento;0000120596;12;;HIPOLABOR;DIMETICONA GEN.75MG/ML GTS.10ML;;;;;;;;;;;;;;0;SIMPRO_VIG;2009-05-12;20;
SIMPRO;2026-04-12;medicamento;0000140524;12;;PRATI DONADUZZI;DIMETICONA GEN.75MG/ML GTS.10ML;;;;;;;;;;;;;;0.57;SIMPRO_VIG;2009-08-13;20;
SIMPRO;2026-04-12;medicamento;0000100094;12;;LEGRAND GENERICOS;DIMETICONA+METILBROMETO HOMATROPINA 20ML;;;;;;;;;;;;;;0.634;SIMPRO_VIG;2026-03-31;20;
SIMPRO;2026-04-12;medicamento;0000099822;12;;SANOFI MEDLEY;DIMETICONA+METILBROMETO HOMATROPINA 80+2,5MG/ML 20ML;;;;;;;;;;;;;;0.635;SIMPRO_VIG;2026-03-31;20;
SIMPRO;2026-04-12;medicamento;0000100077;12;;GERMED GENERICOS;DIMETICONA+METILBROMETO HOMATROPINA 80+2,5MG/ML GTS.20ML;;;;;;;;;;;;;;0.915;SIMPRO_VIG;2025-04-04;20;
SIMPRO;2026-04-12;medicamento;0000266043;12;;CIMED;DIMETIGASS 75MG/ML GTS.15ML;;;;;;;;;;;;;;0.687;SIMPRO_VIG;2019-04-05;20;
SIMPRO;2026-04-12;medicamento;0000068387;12;;EMS;DIMETILIV 40MG 20CPDS;;;;;;;;;;;;;;0.573;SIMPRO_VIG;2019-04-09;20;
SIMPRO;2026-04-12;medicamento;0000068388;12;;EMS;DIMETILIV 75MG/ML GTS.15ML;;;;;;;;;;;;;;0.715;SIMPRO_VIG;2019-04-09;20;
SIMPRO;2026-04-12;medicamento;0000068389;12;;EMS;DIMETILIV MAX 125MG 10CAPS GEL;;;;;;;;;;;;;;1.619;SIMPRO_VIG;2019-04-09;20;
SIMPRO;2026-04-12;medicamento;0000161794;12;;TEUTO BRAS;DIMEZIN 125MG 10CAPS GEL.;;;;;;;;;;;;;;0.68;SIMPRO_VIG;2025-04-09;20;
SIMPRO;2026-04-12;medicamento;0000164229;12;;TEUTO BRAS;DIMEZIN 125MG 80CAPS GEL.;;;;;;;;;;;;;;1.458;SIMPRO_VIG;2019-04-16;20;
SIMPRO;2026-04-12;medicamento;0000077044;12;;TEUTO BRAS;DIMEZIN 40MG 20CPDS;;;;;;;;;;;;;;0.37;SIMPRO_VIG;2019-04-16;20;
SIMPRO;2026-04-12;medicamento;0000111268;12;;TEUTO BRAS;DIMEZIN 75MG/ML EMULSAO ORAL 50X10ML;;;;;;;;;;;;;;5.958;SIMPRO_VIG;2015-04-01;20;
SIMPRO;2026-04-12;medicamento;0000306637;12;;GEYER;DIMILIP KIDS 30SACH 8,3G SABOR MORANGO;;;;;;;;;;;;;;3.33;SIMPRO_VIG;2019-04-02;20;
SIMPRO;2026-04-12;medicamento;0000015336;12;;LIBBS;DIMINUT 21CPDS CALEND;;;;;;;;;;;;;;2.413;SIMPRO_VIG;2025-04-04;20;
SIMPRO;2026-04-12;medicamento;0000034132;12;;LIBBS;DIMINUT 63CPDS CALEND;;;;;;;;;;;;;;1.979;SIMPRO_VIG;2024-04-09;20;
SIMPRO;2026-04-12;medicamento;0000129593;12;;CRISTALIA;DIMORF 0,1MG/ML 50EST.1AMP 1ML;;;;;;;;;;;;;;3.277;SIMPRO_VIG;2025-04-09;20;
SIMPRO;2026-04-12;medicamento;0000009518;12;;CRISTALIA;DIMORF 0,2MG/ML 50EST.1ML STERILE PACK;;;;;;;;;;;;;;6.721;SIMPRO_VIG;2025-04-09;20;
SIMPRO;2026-04-12;medicamento;0000136768;12;;CRISTALIA;DIMORF 0,2MG/ML SOL.INJ.50AMP 1ML;;;;;;;;;;;;;;4.582;SIMPRO_VIG;2019-04-09;20;
SIMPRO;2026-04-12;medicamento;0000315472;12;;CRISTALIA;DIMORF 10MG BL.50CPDS;;;;;;;;;;;;;;1.165;SIMPRO_VIG;2025-04-09;20;
SIMPRO;2026-04-12;medicamento;0000042865;12;;CRISTALIA;DIMORF 10MG/ML 5AMP 1ML;;;;;;;;;;;;;;4.134;SIMPRO_VIG;2020-08-25;20;
SIMPRO;2026-04-12;medicamento;0000136769;12;;CRISTALIA;DIMORF 1MG/ML SOL.INJ.50AMP 2ML;;;;;;;;;;;;;;5.107;SIMPRO_VIG;2019-04-09;20;
SIMPRO;2026-04-12;medicamento;0000315473;12;;CRISTALIA;DIMORF 30MG 50CPDS;;;;;;;;;;;;;;3.131;SIMPRO_VIG;2025-04-09;20;
SIMPRO;2026-04-12;medicamento;0000122617;12;;COSMED;DIN 200MG/ML GTS 15ML;;;;;;;;;;;;;;1.028;SIMPRO_VIG;2026-03-31;20;
SIMPRO;2026-04-12;medicamento;0000122618;12;;COSMED;DIN 200MG/ML GTS.20ML;;;;;;;;;;;;;;0.963;SIMPRO_VIG;2011-04-01;20;
SIMPRO;2026-04-12;medicamento;0000122619;12;;COSMED;DIN 500MG 25BLX4CPDS;;;;;;;;;;;;;;0.633;SIMPRO_VIG;2018-03-01;20;
SIMPRO;2026-04-12;medicamento;0000122620;12;;COSMED;DIN 500MG 25X6CPDS;;;;;;;;;;;;;;0.715;SIMPRO_VIG;2011-05-17;20;
SIMPRO;2026-04-12;medicamento;0000156521;12;;COSMED;DIN 500MG 4CPDS F.V.;;;;;;;;;;;;;;0.52;SIMPRO_VIG;2014-04-01;20;
SIMPRO;2026-04-12;medicamento;0000156522;12;;COSMED;DIN 500MG 6CPDS F.V;;;;;;;;;;;;;;0.577;SIMPRO_VIG;2011-05-18;20;
SIMPRO;2026-04-12;medicamento;0000122621;12;;COSMED;DIN 750MG 25BLX4CPDS;;;;;;;;;;;;;;1.269;SIMPRO_VIG;2018-03-01;20;
SIMPRO;2026-04-12;medicamento;0000122622;12;;COSMED;DIN 750MG 25BLX6CPDS;;;;;;;;;;;;;;1.837;SIMPRO_VIG;2018-03-01;20;
SIMPRO;2026-04-12;medicamento;0000156523;12;;COSMED;DIN 750MG 4CPDS F.V;;;;;;;;;;;;;;1.072;SIMPRO_VIG;2011-05-18;20;
SIMPRO;2026-04-12;medicamento;0000156524;12;;COSMED;DIN 750MG 6CPDS F.V;;;;;;;;;;;;;;1.51;SIMPRO_VIG;2014-04-01;20;
SIMPRO;2026-04-12;medicamento;0000040259;12;;ZODIAC;DINAFLEX 1,5G PO ORAL 15SACH 3,95G;;;;;;;;;;;;;;8.436;SIMPRO_VIG;2021-04-06;20;
SIMPRO;2026-04-12;medicamento;0000128184;12;;ZODIAC;DINAFLEX 1,5G PO ORAL 30SACH 3,95G;;;;;;;;;;;;;;7.852;SIMPRO_VIG;2021-04-06;20;
SIMPRO;2026-04-12;medicamento;0000031984;12;;ACHE;DINATON 40MG 2X15CPDS REV.;;;;;;;;;;;;;;0;SIMPRO_VIG;2009-05-18;20;
SIMPRO;2026-04-12;medicamento;0000031985;12;;ACHE;DINATON 80MG 20CPDS REV.;;;;;;;;;;;;;;2.042;SIMPRO_VIG;2020-06-26;20;
SIMPRO;2026-04-12;medicamento;0000031986;12;;ACHE;DINATON 80MG 60CPDS REV.;;;;;;;;;;;;;;2.005;SIMPRO_VIG;2020-06-26;20;
SIMPRO;2026-04-12;medicamento;0000057208;12;;MERCK S.A;DINAVITAL C 1G+1G 10CPDS EFERV.;;;;;;;;;;;;;;2.17;SIMPRO_VIG;2015-04-01;20;
SIMPRO;2026-04-12;medicamento;0000269552;12;;SUPERA;DINE 2MG 30CPDS REV.;;;;;;;;;;;;;;5.293;SIMPRO_VIG;2021-04-06;20;
SIMPRO;2026-04-12;medicamento;0000082762;12;;GERMED GENERICOS;DINITRATO ISOSSORBIDA GEN.10MG 2BLX15CPDS;;;;;;;;;;;;;;0.197;SIMPRO_VIG;2016-04-08;20;
SIMPRO;2026-04-12;medicamento;0000082763;12;;GERMED GEN;DINITRATO ISOSSORBIDA GEN.5MG 2X15CPDS;;;;;;;;;;;;;;0.092;SIMPRO_VIG;2011-04-01;20;
SIMPRO;2026-04-12;medicamento;0000092941;12;;NOVARTIS;DIOCOMB SI 160+10MG 28+28CPDS;;;;;;;;;;;;;;0;SIMPRO_VIG;2009-08-11;20;
SIMPRO;2026-04-12;medicamento;0000092942;12;;NOVARTIS;DIOCOMB SI 160+20MG 28+28CPDS REV.;;;;;;;;;;;;;;2.519;SIMPRO_VIG;2014-04-09;20;
SIMPRO;2026-04-12;medicamento;0000092943;12;;NOVARTIS;DIOCOMB SI 80+10MG 28+28CPDS;;;;;;;;;;;;;;0;SIMPRO_VIG;2009-08-11;20;
SIMPRO;2026-04-12;medicamento;0000092944;12;;NOVARTIS;DIOCOMB SI 80+20MG 28+28CPDS REV.;;;;;;;;;;;;;;2.519;SIMPRO_VIG;2014-04-09;20;
SIMPRO;2026-04-12;medicamento;0000317770;12;;BIOLAB SANUS;DIOEH 450MG+50MG 30CPDS REV.;;;;;;;;;;;;;;2.347;SIMPRO_VIG;2025-04-09;20;
SIMPRO;2026-04-12;medicamento;0000284078;12;;SUPERA;DIOLESS 0,150MG+0,020MG BL.PLAS.21CPDS;;;;;;;;;;;;;;47.53;SIMPRO_VIG;2025-04-09;20;
SIMPRO;2026-04-12;medicamento;0000144934;12;;ACHE;DIOSMIN 450+50MG 10CPDS REV.;;;;;;;;;;;;;;3.22;SIMPRO_VIG;2025-04-04;20;
SIMPRO;2026-04-12;medicamento;0000072494;12;;ACHE;DIOSMIN 450+50MG 30CPDS REV.;;;;;;;;;;;;;;2.318;SIMPRO_VIG;2026-02-03;20;
SIMPRO;2026-04-12;medicamento;0000072495;12;;ACHE;DIOSMIN 450+50MG 60CPDS REV.;;;;;;;;;;;;;;2.443;SIMPRO_VIG;2026-02-03;20;
SIMPRO;2026-04-12;medicamento;0000167120;12;;ACHE;DIOSMIN SDU 900+100MG ABACAXI 15SACH GRAN.5G;;;;;;;;;;;;;;5.501;SIMPRO_VIG;2020-06-26;20;
SIMPRO;2026-04-12;medicamento;0000167121;12;;ACHE;DIOSMIN SDU 900+100MG ABACAXI 30SACH GRAN.5G;;;;;;;;;;;;;;6.541;SIMPRO_VIG;2026-02-03;20;
SIMPRO;2026-04-12;medicamento;0000175553;12;;ACHE;DIOSMIN SDU 900+100MG ABACAXI 7SACH GRAN.5G;;;;;;;;;;;;;;7.474;SIMPRO_VIG;2025-04-04;20;
SIMPRO;2026-04-12;medicamento;0000143002;12;;ACHE;DIOSMIN SDU 900+100MG GRAN.LAR./LIM.15SACH 5G;;;;;;;;;;;;;;5.777;SIMPRO_VIG;2026-02-03;20;
SIMPRO;2026-04-12;medicamento;0000143003;12;;ACHE;DIOSMIN SDU 900+100MG GRAN.LAR./LIM.30SACH 5G;;;;;;;;;;;;;;6.541;SIMPRO_VIG;2026-02-03;20;
SIMPRO;2026-04-12;medicamento;0000175552;12;;ACHE;DIOSMIN SDU 900+100MG GRAN.LAR./LIM.7SACH 5G;;;;;;;;;;;;;;7.474;SIMPRO_VIG;2025-04-04;20;
SIMPRO;2026-04-12;medicamento;0000017992;12;;NOVARTIS;DIOVAN 160MG 14CPDS REV.;;;;;;;;;;;;;;5.805;SIMPRO_VIG;2026-04-01;20;
SIMPRO;2026-04-12;medicamento;0000063534;12;;NOVARTIS;DIOVAN 160MG 14CPDS REV.;;;;;;;;;;;;;;0;SIMPRO_VIG;2009-08-11;20;
SIMPRO;2026-04-12;medicamento;0000017993;12;;NOVARTIS;DIOVAN 160MG 28CPDS REV.;;;;;;;;;;;;;;5.587;SIMPRO_VIG;2026-04-01;20;
SIMPRO;2026-04-12;medicamento;0000063535;12;;NOVARTIS;DIOVAN 160MG 28CPDS REV.;;;;;;;;;;;;;;0;SIMPRO_VIG;2009-08-11;20;
SIMPRO;2026-04-12;medicamento;0000143608;12;;NOVARTIS;DIOVAN 320MG 14CPDS REV.;;;;;;;;;;;;;;5.586;SIMPRO_VIG;2026-04-01;20;
SIMPRO;2026-04-12;medicamento;0000092945;12;;NOVARTIS;DIOVAN 320MG 28CPDS REV.;;;;;;;;;;;;;;5.587;SIMPRO_VIG;2026-04-01;20;
SIMPRO;2026-04-12;medicamento;0000084197;12;;NOVARTIS;DIOVAN 40MG 14CPDS REV.;;;;;;;;;;;;;;3.907;SIMPRO_VIG;2014-04-09;20;
SIMPRO;2026-04-12;medicamento;0000084198;12;;NOVARTIS;DIOVAN 40MG 28CPDS REV.;;;;;;;;;;;;;;5.587;SIMPRO_VIG;2026-04-01;20;
SIMPRO;2026-04-12;medicamento;0000063532;12;;NOVARTIS;DIOVAN 80MG 14CPDS REV.;;;;;;;;;;;;;;3.313;SIMPRO_VIG;2017-04-11;20;
SIMPRO;2026-04-12;medicamento;0000063533;12;;NOVARTIS;DIOVAN 80MG 28CPDS REV.;;;;;;;;;;;;;;5.587;SIMPRO_VIG;2026-04-01;20;
SIMPRO;2026-04-12;medicamento;0000084200;12;;NOVARTIS;DIOVAN AMLO 160+5MG 28+28CPDS;;;;;;;;;;;;;;1.983;SIMPRO_VIG;2014-04-09;20;
SIMPRO;2026-04-12;medicamento;0000084199;12;;NOVARTIS;DIOVAN AMLO 80+5MG 28+28CPDS;;;;;;;;;;;;;;1.983;SIMPRO_VIG;2014-04-09;20;
SIMPRO;2026-04-12;medicamento;0000139822;12;;NOVARTIS;DIOVAN AMLO FIX 160+10MG 28CPDS;;;;;;;;;;;;;;7.496;SIMPRO_VIG;2026-04-01;20;
SIMPRO;2026-04-12;medicamento;0000143609;12;;NOVARTIS;DIOVAN AMLO FIX 160+5MG 14CPDS;;;;;;;;;;;;;;6.346;SIMPRO_VIG;2026-04-01;20;
SIMPRO;2026-04-12;medicamento;0000139820;12;;NOVARTIS;DIOVAN AMLO FIX 160+5MG 28CPDS;;;;;;;;;;;;;;6.35;SIMPRO_VIG;2026-04-01;20;
SIMPRO;2026-04-12;medicamento;0000139823;12;;NOVARTIS;DIOVAN AMLO FIX 320+10MG 28CPDS;;;;;;;;;;;;;;7.496;SIMPRO_VIG;2026-04-01;20;
SIMPRO;2026-04-12;medicamento;0000143616;12;;NOVARTIS;DIOVAN AMLO FIX 320+5MG 14CPDS;;;;;;;;;;;;;;6.346;SIMPRO_VIG;2026-04-01;20;
SIMPRO;2026-04-12;medicamento;0000139821;12;;NOVARTIS;DIOVAN AMLO FIX 320+5MG 28CPDS;;;;;;;;;;;;;;6.35;SIMPRO_VIG;2026-04-01;20;
SIMPRO;2026-04-12;medicamento;0000139819;12;;NOVARTIS;DIOVAN AMLO FIX 80+5MG 28CPDS;;;;;;;;;;;;;;6.35;SIMPRO_VIG;2026-04-01;20;
SIMPRO;2026-04-12;medicamento;0000034461;12;;NOVARTIS;DIOVAN HCT 160+12,5MG 14CPDS;;;;;;;;;;;;;;6.039;SIMPRO_VIG;2026-04-01;20;
SIMPRO;2026-04-12;medicamento;0000034462;12;;NOVARTIS;DIOVAN HCT 160+12,5MG 28CPDS;;;;;;;;;;;;;;5.809;SIMPRO_VIG;2026-04-01;20;
SIMPRO;2026-04-12;medicamento;0000078004;12;;NOVARTIS;DIOVAN HCT 160+25MG 28CPDS;;;;;;;;;;;;;;6.681;SIMPRO_VIG;2026-04-01;20;
SIMPRO;2026-04-12;medicamento;0000078003;12;;NOVARTIS;DIOVAN HCT 160/25MG 14CPDS;;;;;;;;;;;;;;0;SIMPRO_VIG;2010-03-31;20;
SIMPRO;2026-04-12;medicamento;0000143610;12;;NOVARTIS;DIOVAN HCT 320+12,5MG 14CPDS;;;;;;;;;;;;;;5.278;SIMPRO_VIG;2024-04-02;20;
SIMPRO;2026-04-12;medicamento;0000139824;12;;NOVARTIS;DIOVAN HCT 320+12,5MG 28CPDS;;;;;;;;;;;;;;5.809;SIMPRO_VIG;2026-04-01;20;
SIMPRO;2026-04-12;medicamento;0000139825;12;;NOVARTIS;DIOVAN HCT 320+25MG 28CPDS;;;;;;;;;;;;;;6.681;SIMPRO_VIG;2026-04-01;20;
SIMPRO;2026-04-12;medicamento;0000015035;12;;NOVARTIS;DIOVAN HCT 80+12,5MG 14CPDS;;;;;;;;;;;;;;3.498;SIMPRO_VIG;2016-04-05;20;
SIMPRO;2026-04-12;medicamento;0000015036;12;;NOVARTIS;DIOVAN HCT 80+12,5MG 28CPDS;;;;;;;;;;;;;;5.809;SIMPRO_VIG;2026-04-01;20;
SIMPRO;2026-04-12;medicamento;0000143612;12;;NOVARTIS;DIOVAN TRIPLO 160+12,5+10MG 14+14CPDS;;;;;;;;;;;;;;2.378;SIMPRO_VIG;2014-07-01;20;
SIMPRO;2026-04-12;medicamento;0000139827;12;;NOVARTIS;DIOVAN TRIPLO 160+12,5+10MG 28+28CPDS;;;;;;;;;;;;;;2.809;SIMPRO_VIG;2016-04-05;20;
SIMPRO;2026-04-12;medicamento;0000143611;12;;NOVARTIS;DIOVAN TRIPLO 160+12,5+5MG 14+14CPDS;;;;;;;;;;;;;;2.02;SIMPRO_VIG;2014-07-01;20;
SIMPRO;2026-04-12;medicamento;0000139826;12;;NOVARTIS;DIOVAN TRIPLO 160+12,5+5MG 28+28CPDS;;;;;;;;;;;;;;2.386;SIMPRO_VIG;2016-04-05;20;
SIMPRO;2026-04-12;medicamento;0000139829;12;;NOVARTIS;DIOVAN TRIPLO 160+25+10MG 28+28CPDS;;;;;;;;;;;;;;2.809;SIMPRO_VIG;2016-04-05;20;
SIMPRO;2026-04-12;medicamento;0000139828;12;;NOVARTIS;DIOVAN TRIPLO 160+25+5MG 28+28CPDS;;;;;;;;;;;;;;2.386;SIMPRO_VIG;2016-04-05;20;
SIMPRO;2026-04-12;medicamento;0000063627;12;;BAGO;DIOXAFLEX 75MG 15CPDS REV.;;;;;;;;;;;;;;1.011;SIMPRO_VIG;2011-04-01;20;
SIMPRO;2026-04-12;medicamento;0000302604;12;;FRESENIUS KABI;DIPEPTIVEN 200MG/ML SOL.INJ.IV 10FR 100ML;;;;;;;;;;;;;;733.25;SIMPRO_VIG;2025-04-09;20;
SIMPRO;2026-04-12;medicamento;0000108412;12;;BELFAR;DIPIGINA 20CPDS;;;;;;;;;;;;;;0.282;SIMPRO_VIG;2026-03-31;20;
SIMPRO;2026-04-12;medicamento;0000108413;12;;BELFAR;DIPIGINA GTS.10ML;;;;;;;;;;;;;;0.297;SIMPRO_VIG;2026-03-31;20;
SIMPRO;2026-04-12;medicamento;0000108414;12;;BELFAR;DIPIGINA GTS.20ML;;;;;;;;;;;;;;0.295;SIMPRO_VIG;2026-03-31;20;
SIMPRO;2026-04-12;medicamento;0000108415;12;;BELFAR;DIPIGINA SOL.60ML;;;;;;;;;;;;;;0.078;SIMPRO_VIG;2026-03-31;20;
SIMPRO;2026-04-12;medicamento;0000145412;12;;CIMED;DIPIMAX 500MG/ML GTS.20ML;;;;;;;;;;;;;;0.243;SIMPRO_VIG;2010-04-01;20;
SIMPRO;2026-04-12;medicamento;0000141078;12;;MEDQUIMICA;DIPIMED 500MG 100CPDS;;;;;;;;;;;;;;0.382;SIMPRO_VIG;2010-10-14;20;
SIMPRO;2026-04-12;medicamento;0000141079;12;;MEDQUIMICA;DIPIMED 500MG 200CPDS;;;;;;;;;;;;;;1.523;SIMPRO_VIG;2023-04-18;20;
SIMPRO;2026-04-12;medicamento;0000141080;12;;MEDQUIMICA;DIPIMED GTS.10ML;;;;;;;;;;;;;;0.31;SIMPRO_VIG;2010-10-14;20;
SIMPRO;2026-04-12;medicamento;0000141077;12;;MEDQUIMICA;DIPIMED GTS.20ML;;;;;;;;;;;;;;0.276;SIMPRO_VIG;2010-10-14;20;
SIMPRO;2026-04-12;medicamento;0000079583;12;;CIFARMA;DIPINAL 10MG 30CPDS;;;;;;;;;;;;;;0.272;SIMPRO_VIG;2006-04-01;20;
SIMPRO;2026-04-12;medicamento;0000141003;12;;MILIAN;DIPIRAL 500MG 100CPDS;;;;;;;;;;;;;;0.626;SIMPRO_VIG;2011-01-20;20;
SIMPRO;2026-04-12;medicamento;0000141001;12;;MILIAN;DIPIRAL 500MG 10ML;;;;;;;;;;;;;;0.566;SIMPRO_VIG;2011-01-20;20;
SIMPRO;2026-04-12;medicamento;0000141004;12;;MILIAN;DIPIRAL 500MG 200CPDS;;;;;;;;;;;;;;0.439;SIMPRO_VIG;2011-01-20;20;
SIMPRO;2026-04-12;medicamento;0000141002;12;;MILIAN;DIPIRAL 500MG 20ML;;;;;;;;;;;;;;0.482;SIMPRO_VIG;2011-01-20;20;
SIMPRO;2026-04-12;medicamento;0000037064;12;;HERALD'S;DIPIRAN 100CPDS;;;;;;;;;;;;;;0.435;SIMPRO_VIG;2011-04-01;20;
SIMPRO;2026-04-12;medicamento;0000071944;12;;HERALD'S;DIPIRAN 500MG/ML GTS.20ML;;;;;;;;;;;;;;0;SIMPRO_VIG;2010-04-15;20;
SIMPRO;2026-04-12;medicamento;0000033966;12;;NEO QUIMICA;DIPIRONA 500MG/ML GTS.10ML;;;;;;;;;;;;;;0.4;SIMPRO_VIG;2025-04-09;20;
SIMPRO;2026-04-12;medicamento;0000119768;12;;NEO QUIMICA;DIPIRONA 500MG/ML GTS.20ML;;;;;;;;;;;;;;0.798;SIMPRO_VIG;2025-11-04;20;
SIMPRO;2026-04-12;medicamento;0000146664;12;;MEDQUIMICA;DIPIRONA 500MG/ML SOL.ORAL GTS.10ML;;;;;;;;;;;;;;0.627;SIMPRO_VIG;2024-04-09;20;
SIMPRO;2026-04-12;medicamento;0000146665;12;;MEDQUIMICA;DIPIRONA 500MG/ML SOL.ORAL GTS.20ML;;;;;;;;;;;;;;0.537;SIMPRO_VIG;2022-04-28;20;
SIMPRO;2026-04-12;medicamento;0000034865;12;;ABBOTT;DIPIRONA GEN.500MG GTS.20ML;;;;;;;;;;;;;;0;SIMPRO_VIG;2010-04-13;20;
SIMPRO;2026-04-12;medicamento;0000140532;12;;PRATI DONADUZZI;DIPIRONA GEN.500MG/ML 200FRX10ML;;;;;;;;;;;;;;0.875;SIMPRO_VIG;2011-04-11;20;
SIMPRO;2026-04-12;medicamento;0000033970;12;;NEOQUIMICA;DIPIRONA GEN.500MG/ML 50AMP 2ML;;;;;;;;;;;;;;1.374;SIMPRO_VIG;2014-04-01;20;
SIMPRO;2026-04-12;medicamento;0000034311;12;;DUCTO;DIPIRONA GEN.500MG/ML GTS.10ML;;;;;;;;;;;;;;0.342;SIMPRO_VIG;2011-05-12;20;
SIMPRO;2026-04-12;medicamento;0000244360;12;;SANOFI MEDLEY;DIPIRONA MONOIDRATADA 500MG/ML GTS.20ML;;;;;;;;;;;;;;0.971;SIMPRO_VIG;2026-02-03;20;
SIMPRO;2026-04-12;medicamento;0000120610;12;;HIPOLABOR;DIPIRONA MONOIDRATADA 500MG/ML SOL.INJ.100AMP.2ML;;;;;;;;;;;;;;3.153;SIMPRO_VIG;2025-04-15;20;
SIMPRO;2026-04-12;medicamento;0000139411;12;;UNITHER BRASIL;DIPIRONA MONOIDRATADA 500MG/ML SOL.ORAL.GTS.10ML;;;;;;;;;;;;;;7.74;SIMPRO_VIG;2024-04-09;20;
SIMPRO;2026-04-12;medicamento;0000139412;12;;UNITHER BRASIL;DIPIRONA MONOIDRATADA 500MG/ML SOL.ORAL.GTS.20ML;;;;;;;;;;;;;;14.05;SIMPRO_VIG;2024-04-09;20;
SIMPRO;2026-04-12;medicamento;0000139423;12;;UNITHER BRASIL;DIPIRONA MONOIDRATADA 500MG/ML SOL.ORAL.GTS.96FRX10ML;;;;;;;;;;;;;;152.71;SIMPRO_VIG;2024-04-09;20;
SIMPRO;2026-04-12;medicamento;0000139424;12;;UNITHER BRASIL;DIPIRONA MONOIDRATADA 500MG/ML SOL.ORAL.GTS.96FRX20ML;;;;;;;;;;;;;;313.48;SIMPRO_VIG;2024-04-09;20;
SIMPRO;2026-04-12;medicamento;0000145510;12;;HIPOLABOR;DIPIRONA MONOIDRATADA+BUTILBROMETO ESCOPOLAMINA 333,4+6,67MG/ML SOL.ORAL GTS.20ML;;;;;;;;;;;;;;2.119;SIMPRO_VIG;2025-04-15;20;
SIMPRO;2026-04-12;medicamento;0000003841;12;;D.G.L;DIPIRONA PO 1000GRS;;;;;;;;;;;;;;0.054;SIMPRO_VIG;2004-05-01;20;
SIMPRO;2026-04-12;medicamento;0000244789;12;;PRATI-DONADUZZI;DIPIRONA SODICA 1000MG 10CPDS;;;;;;;;;;;;;;1.823;SIMPRO_VIG;2025-04-04;20;
SIMPRO;2026-04-12;medicamento;0000159608;12;;NEO QUIMICA;DIPIRONA SODICA 1G 100CPDS;;;;;;;;;;;;;;2.545;SIMPRO_VIG;2025-04-09;20;
SIMPRO;2026-04-12;medicamento;0000159607;12;;NEO QUIMICA;DIPIRONA SODICA 1G 10CPDS;;;;;;;;;;;;;;2.542;SIMPRO_VIG;2025-04-09;20;
SIMPRO;2026-04-12;medicamento;0000071691;12;;SANOFI MEDLEY;DIPIRONA SODICA 500MG (CX.100CPDS) 4CPDS F.V;;;;;;;;;;;;;;2.418;SIMPRO_VIG;2025-04-01;20;
SIMPRO;2026-04-12;medicamento;0000071692;12;;SANOFI MEDLEY;DIPIRONA SODICA 500MG (CX.240CPDS) 10CPDS F.V;;;;;;;;;;;;;;1.007;SIMPRO_VIG;2026-02-03;20;
SIMPRO;2026-04-12;medicamento;0000069759;12;;SANOFI MEDLEY;DIPIRONA SODICA 500MG 100CPDS;;;;;;;;;;;;;;0.99;SIMPRO_VIG;2026-02-03;20;
SIMPRO;2026-04-12;medicamento;0000147420;12;;MARIOL;DIPIRONA SODICA 500MG 100CPDS;;;;;;;;;;;;;;0.564;SIMPRO_VIG;2018-04-13;20;
SIMPRO;2026-04-12;medicamento;0000147419;12;;MARIOL;DIPIRONA SODICA 500MG 10CPDS;;;;;;;;;;;;;;0.558;SIMPRO_VIG;2018-04-13;20;
SIMPRO;2026-04-12;medicamento;0000240872;12;;PRATI-DONADUZZI;DIPIRONA SODICA 500MG 200CPDS;;;;;;;;;;;;;;0.637;SIMPRO_VIG;2025-04-04;20;
SIMPRO;2026-04-12;medicamento;0000301172;12;;PRATI-DONADUZZI;DIPIRONA SODICA 500MG 20CPDS;;;;;;;;;;;;;;1.097;SIMPRO_VIG;2025-04-04;20;
SIMPRO;2026-04-12;medicamento;0000069760;12;;SANOFI MEDLEY;DIPIRONA SODICA 500MG 240CPDS;;;;;;;;;;;;;;1.007;SIMPRO_VIG;2026-02-03;20;
SIMPRO;2026-04-12;medicamento;0000111832;12;;NOVA QUIMICA;DIPIRONA SODICA 500MG 240CPDS;;;;;;;;;;;;;;1.029;SIMPRO_VIG;2025-04-04;20;
SIMPRO;2026-04-12;medicamento;0000115382;12;;LEGRAND GENERICOS;DIPIRONA SODICA 500MG 240CPDS;;;;;;;;;;;;;;0.955;SIMPRO_VIG;2025-04-04;20;
SIMPRO;2026-04-12;medicamento;0000256255;12;;MARIOL;DIPIRONA SODICA 500MG 2500CPDS;;;;;;;;;;;;;;981.86;SIMPRO_VIG;2017-04-11;20;
SIMPRO;2026-04-12;medicamento;0000256256;12;;MARIOL;DIPIRONA SODICA 500MG 2500CPDS(EMB.FRAC.);;;;;;;;;;;;;;981.66;SIMPRO_VIG;2017-04-11;20;
SIMPRO;2026-04-12;medicamento;0000256238;12;;UNITHER BRASIL;DIPIRONA SODICA 500MG 250CPDS;;;;;;;;;;;;;;0.618;SIMPRO_VIG;2024-04-09;20;
SIMPRO;2026-04-12;medicamento;0000147421;12;;MARIOL;DIPIRONA SODICA 500MG 250CPDS(EMB.FRAC.);;;;;;;;;;;;;;0.291;SIMPRO_VIG;2017-04-11;20;
SIMPRO;2026-04-12;medicamento;0000301173;12;;PRATI-DONADUZZI;DIPIRONA SODICA 500MG 30CPDS;;;;;;;;;;;;;;1.018;SIMPRO_VIG;2025-04-04;20;
SIMPRO;2026-04-12;medicamento;0000069758;12;;SANOFI MEDLEY;DIPIRONA SODICA 500MG 3X10CPDS;;;;;;;;;;;;;;1.24;SIMPRO_VIG;2026-02-03;20;
SIMPRO;2026-04-12;medicamento;0000150852;12;;PRATI-DONADUZZI;DIPIRONA SODICA 500MG 480CPDS(EMB.FRAC.);;;;;;;;;;;;;;0.631;SIMPRO_VIG;2024-04-05;20;
SIMPRO;2026-04-12;medicamento;0000147422;12;;MARIOL;DIPIRONA SODICA 500MG 500CPDS;;;;;;;;;;;;;;0.497;SIMPRO_VIG;2018-04-13;20;
SIMPRO;2026-04-12;medicamento;0000140529;12;;PRATI-DONADUZZI;DIPIRONA SODICA 500MG 500CPDS(EMB.MULT.);;;;;;;;;;;;;;0.651;SIMPRO_VIG;2025-04-04;20;
SIMPRO;2026-04-12;medicamento;0000055343;12;;EMS GENERICOS;DIPIRONA SODICA 500MG BL.AL.PLAS.TRANS.240CPDS(EMB.HOSP.);;;;;;;;;;;;;;0.775;SIMPRO_VIG;2024-04-02;20;
SIMPRO;2026-04-12;medicamento;0000269383;12;;GERMED GENERICOS;DIPIRONA SODICA 500MG BL.AL.PLAS.TRANS.30CPDS;;;;;;;;;;;;;;0.734;SIMPRO_VIG;2024-04-02;20;
SIMPRO;2026-04-12;medicamento;0000256270;12;;UNITHER BRASIL;DIPIRONA SODICA 500MG DISP.250CPDS(EMB.HOSP.);;;;;;;;;;;;;;115.95;SIMPRO_VIG;2024-04-09;20;
SIMPRO;2026-04-12;medicamento;0000035303;12;;EMS GENERICOS;DIPIRONA SODICA 500MG GTS.10ML;;;;;;;;;;;;;;0.903;SIMPRO_VIG;2025-04-04;20;
SIMPRO;2026-04-12;medicamento;0000035304;12;;EMS GENERICOS;DIPIRONA SODICA 500MG GTS.20ML;;;;;;;;;;;;;;0.83;SIMPRO_VIG;2025-04-04;20;
SIMPRO;2026-04-12;medicamento;0000124006;12;;TEUTO BRAS;DIPIRONA SODICA 500MG/ML 120AMP 2ML(EMB.HOSP.);;;;;;;;;;;;;;2.923;SIMPRO_VIG;2026-04-01;20;
SIMPRO;2026-04-12;medicamento;0000147418;12;;MARIOL;DIPIRONA SODICA 500MG/ML 15ML;;;;;;;;;;;;;;0.518;SIMPRO_VIG;2018-04-13;20;
SIMPRO;2026-04-12;medicamento;0000120613;12;;HIPOLABOR;DIPIRONA SODICA 500MG/ML 200X10ML;;;;;;;;;;;;;;3.023;SIMPRO_VIG;2013-12-03;20;
SIMPRO;2026-04-12;medicamento;0000147423;12;;MARIOL;DIPIRONA SODICA 500MG/ML 48FRX10ML;;;;;;;;;;;;;;1.648;SIMPRO_VIG;2018-04-13;20;
SIMPRO;2026-04-12;medicamento;0000147424;12;;MARIOL;DIPIRONA SODICA 500MG/ML 48FRX15ML;;;;;;;;;;;;;;2.389;SIMPRO_VIG;2018-04-13;20;
SIMPRO;2026-04-12;medicamento;0000147425;12;;MARIOL;DIPIRONA SODICA 500MG/ML 48FRX20ML;;;;;;;;;;;;;;3.296;SIMPRO_VIG;2018-04-13;20;
SIMPRO;2026-04-12;medicamento;0000120615;12;;HIPOLABOR;DIPIRONA SODICA 500MG/ML 50X10ML GTS;;;;;;;;;;;;;;0;SIMPRO_VIG;2009-05-12;20;
SIMPRO;2026-04-12;medicamento;0000147426;12;;MARIOL;DIPIRONA SODICA 500MG/ML 96FRX15ML;;;;;;;;;;;;;;2.33;SIMPRO_VIG;2018-04-13;20;
SIMPRO;2026-04-12;medicamento;0000089688;12;;BIOSINTETICA;DIPIRONA SODICA 500MG/ML GTS.10ML;;;;;;;;;;;;;;0.6;SIMPRO_VIG;2020-06-26;20;
SIMPRO;2026-04-12;medicamento;0000111833;12;;NOVA QUIMICA GEN;DIPIRONA SODICA 500MG/ML GTS.10ML;;;;;;;;;;;;;;1.004;SIMPRO_VIG;2024-02-06;20;
SIMPRO;2026-04-12;medicamento;0000120611;12;;HIPOLABOR;DIPIRONA SODICA 500MG/ML GTS.10ML;;;;;;;;;;;;;;0.433;SIMPRO_VIG;2013-12-03;20;
SIMPRO;2026-04-12;medicamento;0000244359;12;;SANOFI MEDLEY;DIPIRONA SODICA 500MG/ML GTS.10ML;;;;;;;;;;;;;;1.367;SIMPRO_VIG;2026-02-03;20;
SIMPRO;2026-04-12;medicamento;0000308415;12;;ACHE;DIPIRONA SODICA 500MG/ML GTS.10ML;;;;;;;;;;;;;;0.857;SIMPRO_VIG;2025-04-04;20;
SIMPRO;2026-04-12;medicamento;0000088589;12;;EUROFARMA;DIPIRONA SODICA 500MG/ML GTS.20ML;;;;;;;;;;;;;;0.362;SIMPRO_VIG;2018-04-10;20;
SIMPRO;2026-04-12;medicamento;0000089689;12;;BIOSINTETICA;DIPIRONA SODICA 500MG/ML GTS.20ML;;;;;;;;;;;;;;0.543;SIMPRO_VIG;2021-04-08;20;
SIMPRO;2026-04-12;medicamento;0000111834;12;;NOVA QUIMICA;DIPIRONA SODICA 500MG/ML GTS.20ML;;;;;;;;;;;;;;0.907;SIMPRO_VIG;2025-04-04;20;
SIMPRO;2026-04-12;medicamento;0000308416;12;;ACHE;DIPIRONA SODICA 500MG/ML GTS.20ML;;;;;;;;;;;;;;0.737;SIMPRO_VIG;2025-04-04;20;
SIMPRO;2026-04-12;medicamento;0000166518;12;;TEUTO BRAS;DIPIRONA SODICA 500MG/ML GTS.FR.VD.10ML;;;;;;;;;;;;;;0.358;SIMPRO_VIG;2017-04-04;20;
SIMPRO;2026-04-12;medicamento;0000166519;12;;TEUTO BRAS;DIPIRONA SODICA 500MG/ML GTS.FR.VD.20ML;;;;;;;;;;;;;;0.713;SIMPRO_VIG;2023-08-01;20;
SIMPRO;2026-04-12;medicamento;0000034978;12;;TEUTO BRAS;DIPIRONA SODICA 500MG/ML GTS.PLAST.VD.10ML;;;;;;;;;;;;;;0.517;SIMPRO_VIG;2018-04-24;20;
SIMPRO;2026-04-12;medicamento;0000034980;12;;TEUTO BRAS;DIPIRONA SODICA 500MG/ML GTS.PLAST.VD.20ML;;;;;;;;;;;;;;0.463;SIMPRO_VIG;2018-04-24;20;
SIMPRO;2026-04-12;medicamento;0000105816;12;;GERMED GENERICOS;DIPIRONA SODICA 500MG/ML SOL.ORAL GTS.10ML;;;;;;;;;;;;;;0.859;SIMPRO_VIG;2025-04-04;20;
SIMPRO;2026-04-12;medicamento;0000104328;12;;LEGRAND GENERICOS;DIPIRONA SODICA 500MG/ML SOL.ORAL GTS.20ML;;;;;;;;;;;;;;0.83;SIMPRO_VIG;2025-04-04;20;
SIMPRO;2026-04-12;medicamento;0000105817;12;;GERMED GENERICOS;DIPIRONA SODICA 500MG/ML SOL.ORAL.GTS.20ML;;;;;;;;;;;;;;0.823;SIMPRO_VIG;2025-04-04;20;
SIMPRO;2026-04-12;medicamento;0000062196;12;;SANOFI MEDLEY;DIPIRONA SODICA 50MG/ML 100ML;;;;;;;;;;;;;;0.271;SIMPRO_VIG;2026-02-03;20;
SIMPRO;2026-04-12;medicamento;0000091301;12;;BIOSINTETICA;DIPIRONA SODICA 50MG/ML 100ML;;;;;;;;;;;;;;0.138;SIMPRO_VIG;2020-06-26;20;
SIMPRO;2026-04-12;medicamento;0000103144;12;;LEGRAND GENERICOS;DIPIRONA SODICA 50MG/ML 100ML;;;;;;;;;;;;;;0.209;SIMPRO_VIG;2025-04-04;20;
SIMPRO;2026-04-12;medicamento;0000308417;12;;ACHE;DIPIRONA SODICA 50MG/ML 100ML;;;;;;;;;;;;;;0.198;SIMPRO_VIG;2025-04-04;20;
SIMPRO;2026-04-12;medicamento;0000104440;12;;GERMED GENERICOS;DIPIRONA SODICA 50MG/ML SOL.ORAL 100ML;;;;;;;;;;;;;;0.208;SIMPRO_VIG;2025-04-04;20;
SIMPRO;2026-04-12;medicamento;0000177071;12;;TEUTO BRAS;DIPIRONA SODICA 50MG/ML SOL.ORAL 100ML+CP.MED.;;;;;;;;;;;;;;0.152;SIMPRO_VIG;2023-04-06;20;
SIMPRO;2026-04-12;medicamento;0000103170;12;;EMS GENERICOS;DIPIRONA SODICA 50MG/ML XPE.FR.100ML+COP.;;;;;;;;;;;;;;0.21;SIMPRO_VIG;2025-04-04;20;
SIMPRO;2026-04-12;medicamento;0000064873;12;;MEDLEY;DIPIRONA SODICA GEN.10ML;;;;;;;;;;;;;;0.656;SIMPRO_VIG;2013-04-01;20;
SIMPRO;2026-04-12;medicamento;0000064874;12;;MEDLEY;DIPIRONA SODICA GEN.20ML;;;;;;;;;;;;;;0.593;SIMPRO_VIG;2013-04-01;20;
SIMPRO;2026-04-12;medicamento;0000136627;12;;FARMASA;DIPIRONA SODICA GEN.500MG 100CPDS;;;;;;;;;;;;;;0.404;SIMPRO_VIG;2011-04-01;20;
SIMPRO;2026-04-12;medicamento;0000244746;12;;MEDLEY;DIPIRONA SODICA GEN.500MG 10CPDS F.V;;;;;;;;;;;;;;0.827;SIMPRO_VIG;2016-04-12;20;
SIMPRO;2026-04-12;medicamento;0000136629;12;;FARMASA;DIPIRONA SODICA GEN.500MG 200CPDS;;;;;;;;;;;;;;0.404;SIMPRO_VIG;2011-04-01;20;
SIMPRO;2026-04-12;medicamento;0000136628;12;;FARMASA;DIPIRONA SODICA GEN.500MG 20CPDS;;;;;;;;;;;;;;0.404;SIMPRO_VIG;2011-04-01;20;
SIMPRO;2026-04-12;medicamento;0000136543;12;;SANOFI-AVENTIS;DIPIRONA SODICA GEN.500MG 240CPDS;;;;;;;;;;;;;;0.373;SIMPRO_VIG;2012-03-31;20;
SIMPRO;2026-04-12;medicamento;0000115462;12;;GERMED GEN;DIPIRONA SODICA GEN.500MG 24X10CPDS;;;;;;;;;;;;;;0.343;SIMPRO_VIG;2012-04-01;20;
SIMPRO;2026-04-12;medicamento;0000140528;12;;PRATI-DONADUZZI;DIPIRONA SODICA GEN.500MG 25X4CPDS;;;;;;;;;;;;;;0.412;SIMPRO_VIG;2013-10-15;20;
SIMPRO;2026-04-12;medicamento;0000136631;12;;FARMASA;DIPIRONA SODICA GEN.500MG 40CPDS;;;;;;;;;;;;;;0.404;SIMPRO_VIG;2011-04-01;20;
SIMPRO;2026-04-12;medicamento;0000134965;12;;BRAINFARMA;DIPIRONA SODICA GEN.500MG 4CPDS;;;;;;;;;;;;;;0.385;SIMPRO_VIG;2014-04-01;20;
SIMPRO;2026-04-12;medicamento;0000136630;12;;FARMASA;DIPIRONA SODICA GEN.500MG 4CPDS;;;;;;;;;;;;;;0.405;SIMPRO_VIG;2011-04-01;20;
SIMPRO;2026-04-12;medicamento;0000136632;12;;FARMASA;DIPIRONA SODICA GEN.500MG 8CPDS;;;;;;;;;;;;;;0.403;SIMPRO_VIG;2011-04-01;20;
SIMPRO;2026-04-12;medicamento;0000111310;12;;TEUTO BRAS;DIPIRONA SODICA GEN.500MG/ML 100AMP 2ML;;;;;;;;;;;;;;0.548;SIMPRO_VIG;2015-04-01;20;
SIMPRO;2026-04-12;medicamento;0000136540;12;;SANOFI-AVENTIS;DIPIRONA SODICA GEN.500MG/ML 10ML;;;;;;;;;;;;;;0.382;SIMPRO_VIG;2012-03-31;20;
SIMPRO;2026-04-12;medicamento;0000106471;12;;RIOQUIMICA;DIPIRONA SODICA GEN.500MG/ML 10ML 0747;;;;;;;;;;;;;;0.11;SIMPRO_VIG;2010-04-06;20;
SIMPRO;2026-04-12;medicamento;0000038223;12;;EQUIPLEX;DIPIRONA SODICA GEN.500MG/ML 1AMP 2ML;;;;;;;;;;;;;;0;SIMPRO_VIG;2010-12-08;20;
SIMPRO;2026-04-12;medicamento;0000117188;12;;EQUIPLEX;DIPIRONA SODICA GEN.500MG/ML 200AMP 2ML;;;;;;;;;;;;;;0.653;SIMPRO_VIG;2013-04-15;20;
SIMPRO;2026-04-12;medicamento;0000098927;12;;LUPER;DIPIRONA SODICA GEN.500MG/ML 20ML;;;;;;;;;;;;;;0.307;SIMPRO_VIG;2010-04-03;20;
SIMPRO;2026-04-12;medicamento;0000136541;12;;SANOFI-AVENTIS;DIPIRONA SODICA GEN.500MG/ML 20ML;;;;;;;;;;;;;;0.36;SIMPRO_VIG;2012-03-31;20;
SIMPRO;2026-04-12;medicamento;0000124729;12;;BRAINFARMA;DIPIRONA SODICA GEN.500MG/ML GTS 20ML;;;;;;;;;;;;;;0.503;SIMPRO_VIG;2016-04-05;20;
SIMPRO;2026-04-12;medicamento;0000088590;12;;EUROFARMA;DIPIRONA SODICA GEN.500MG/ML GTS.10ML;;;;;;;;;;;;;;0.323;SIMPRO_VIG;2010-04-01;20;
SIMPRO;2026-04-12;medicamento;0000102932;12;;BUNKER;DIPIRONA SODICA GEN.500MG/ML GTS.10ML;;;;;;;;;;;;;;0.502;SIMPRO_VIG;2013-04-01;20;
SIMPRO;2026-04-12;medicamento;0000106406;12;;FARMASA;DIPIRONA SODICA GEN.500MG/ML GTS.10ML;;;;;;;;;;;;;;0.367;SIMPRO_VIG;2011-04-01;20;
SIMPRO;2026-04-12;medicamento;0000136625;12;;FARMASA;DIPIRONA SODICA GEN.500MG/ML GTS.15ML;;;;;;;;;;;;;;0.367;SIMPRO_VIG;2011-04-01;20;
SIMPRO;2026-04-12;medicamento;0000102933;12;;BUNKER;DIPIRONA SODICA GEN.500MG/ML GTS.20ML;;;;;;;;;;;;;;0.456;SIMPRO_VIG;2013-04-01;20;
SIMPRO;2026-04-12;medicamento;0000106407;12;;FARMASA;DIPIRONA SODICA GEN.500MG/ML GTS.20ML;;;;;;;;;;;;;;0.335;SIMPRO_VIG;2011-04-01;20;
SIMPRO;2026-04-12;medicamento;0000124047;12;;RIOQUIMICA;DIPIRONA SODICA GEN.500MG/ML HOSP.10ML 0748;;;;;;;;;;;;;;0.099;SIMPRO_VIG;2010-04-06;20;
SIMPRO;2026-04-12;medicamento;0000140530;12;;PRATI-DONADUZZI;DIPIRONA SODICA GEN.500MG/ML SOL.ORAL 10ML;;;;;;;;;;;;;;0.35;SIMPRO_VIG;2013-10-15;20;
SIMPRO;2026-04-12;medicamento;0000240873;12;;PRATI-DONADUZZI;DIPIRONA SODICA GEN.500MG/ML SOL.ORAL 200FR 10ML(EMB.HOSP.);;;;;;;;;;;;;;0.984;SIMPRO_VIG;2013-10-15;20;
SIMPRO;2026-04-12;medicamento;0000140531;12;;PRATI-DONADUZZI;DIPIRONA SODICA GEN.500MG/ML SOL.ORAL 20ML(LIBERADO);;;;;;;;;;;;;;0.337;SIMPRO_VIG;2014-04-08;20;
SIMPRO;2026-04-12;medicamento;0000136542;12;;SANOFI-AVENTIS;DIPIRONA SODICA GEN.50MG/ML 100ML;;;;;;;;;;;;;;0.088;SIMPRO_VIG;2012-03-31;20;
SIMPRO;2026-04-12;medicamento;0000136626;12;;FARMASA;DIPIRONA SODICA GEN.50MG/ML 100ML;;;;;;;;;;;;;;0.09;SIMPRO_VIG;2011-04-01;20;
SIMPRO;2026-04-12;medicamento;0000140534;12;;PRATI DONADUZZI;DIPIRONA SODICA GEN.50MG/ML 50FRX100ML;;;;;;;;;;;;;;3.64;SIMPRO_VIG;2009-12-07;20;
SIMPRO;2026-04-12;medicamento;0000140533;12;;PRATI-DONADUZZI;DIPIRONA SODICA GEN.50MG/ML SOL.ORAL 100ML(LIBERADO);;;;;;;;;;;;;;0.09;SIMPRO_VIG;2014-04-08;20;
SIMPRO;2026-04-12;medicamento;0000104327;12;;LEGRAND GEN;DIPIRONA SODICA GEN.GTS.10ML;;;;;;;;;;;;;;0.355;SIMPRO_VIG;2011-04-01;20;
SIMPRO;2026-04-12;medicamento;0000148211;12;;NEO QUIMICA;DIPIRONA SODICA+CAFEINA 500+65MG 100CPDS;;;;;;;;;;;;;;1.739;SIMPRO_VIG;2025-04-09;20;
SIMPRO;2026-04-12;medicamento;0000148212;12;;NEO QUIMICA;DIPIRONA SODICA+CAFEINA 500+65MG 16CPDS;;;;;;;;;;;;;;1.736;SIMPRO_VIG;2025-04-09;20;
SIMPRO;2026-04-12;medicamento;0000150346;12;;PRATI-DONADUZZI;DIPIRONA SODICA+CLORIDRATO ADIFENINA+CLORIDRATO PROMETAZINA 500+10+5MG/1,5ML GTS.20ML;;;;;;;;;;;;;;1.379;SIMPRO_VIG;2021-04-06;20;
SIMPRO;2026-04-12;medicamento;0000159606;12;;PRATI-DONADUZZI;DIPIRONA SODICA+CLORIDRATO ADIFENINA+CLORIDRATO PROMETAZINA GEN.500+10+5MG/1,5ML GTS.15ML(LIBERADO);;;;;;;;;;;;;;0.711;SIMPRO_VIG;2014-04-08;20;
SIMPRO;2026-04-12;medicamento;0000140535;12;;PRATI-DONADUZZI;DIPIRONA SODICA+CLORIDRATO ISOMETEPTENO+CAFEINA GEN.300+50+30MG/ML GTS.15ML(LIBERADO);;;;;;;;;;;;;;0.577;SIMPRO_VIG;2014-04-08;20;
SIMPRO;2026-04-12;medicamento;0000136483;12;;EMS GENERICOS;DIPIRONA SODICA+CLORIDRATO ISOMETEPTENO+CAFEINA GEN.300+50+30MG/ML SOL.ORAL 15ML;;;;;;;;;;;;;;0.65;SIMPRO_VIG;2015-04-01;20;
SIMPRO;2026-04-12;medicamento;0000077290;12;;JARREL;DIPIROTERM 500MG 50BLX4CPDS;;;;;;;;;;;;;;0.441;SIMPRO_VIG;2026-03-31;20;
SIMPRO;2026-04-12;medicamento;0000077291;12;;JARREL;DIPIROTERM 500MG/ML GTS.10ML;;;;;;;;;;;;;;0.586;SIMPRO_VIG;2026-03-31;20;
SIMPRO;2026-04-12;medicamento;0000077292;12;;JARREL;DIPIROTERM 500MG/ML GTS.20ML;;;;;;;;;;;;;;0.513;SIMPRO_VIG;2026-03-31;20;
SIMPRO;2026-04-12;medicamento;0000298679;12;;ASPEN;DIPRIVAN 1% 10MG/ML EMU.INJ.5AMP 20ML;;;;;;;;;;;;;;49.786;SIMPRO_VIG;2025-06-24;20;
SIMPRO;2026-04-12;medicamento;0000298680;12;;ASPEN;DIPRIVAN 1% 10MG/ML EMU.INJ.FA 100ML;;;;;;;;;;;;;;315.55;SIMPRO_VIG;2025-06-24;20;
SIMPRO;2026-04-12;medicamento;0000298681;12;;ASPEN;DIPRIVAN 1% 10MG/ML EMU.INJ.FA 50ML;;;;;;;;;;;;;;145.95;SIMPRO_VIG;2025-06-24;20;
SIMPRO;2026-04-12;medicamento;0000298682;12;;ASPEN;DIPRIVAN 1% 10MG/ML EMU.INJ.SER.50ML;;;;;;;;;;;;;;237.71;SIMPRO_VIG;2025-06-24;20;
SIMPRO;2026-04-12;medicamento;0000298683;12;;ASPEN;DIPRIVAN 2% 20MG/ML EMU.INJ.FA 50ML;;;;;;;;;;;;;;289.7;SIMPRO_VIG;2025-06-24;20;
SIMPRO;2026-04-12;medicamento;0000298684;12;;ASPEN;DIPRIVAN 2% 20MG/ML EMU.INJ.SER.50ML;;;;;;;;;;;;;;475.46;SIMPRO_VIG;2025-06-24;20;
SIMPRO;2026-04-12;medicamento;0000068396;12;;ASTRAZENECA;DIPRIVAN 20MG/ML EMU.INJ.1FA 50ML;;;;;;;;;;;;;;196.37;SIMPRO_VIG;2018-04-06;20;
SIMPRO;2026-04-12;medicamento;0000083490;12;;ASTRAZENECA;DIPRIVAN PFS 20MG/ML EMU.INJ.1SER.50ML;;;;;;;;;;;;;;322.27;SIMPRO_VIG;2018-04-06;20;
SIMPRO;2026-04-12;medicamento;0000047501;12;;DELTA;DIPRO AS POM.30GRS;;;;;;;;;;;;;;0.749;SIMPRO_VIG;2013-04-01;20;
SIMPRO;2026-04-12;medicamento;0000047502;12;;DELTA;DIPRO AS SOL.TOP.30ML;;;;;;;;;;;;;;0.751;SIMPRO_VIG;2013-04-01;20;
SIMPRO;2026-04-12;medicamento;0000078146;12;;NECKERMAN;DIPROBET 5MG/ML+2MG/ML 1AMP INJ.1ML;;;;;;;;;;;;;;17.45;SIMPRO_VIG;2010-04-01;20;
SIMPRO;2026-04-12;medicamento;0000265535;12;;BUNKER;DIPROBETA 5+2MG SUSP.INJ.1AM 1ML;;;;;;;;;;;;;;24.37;SIMPRO_VIG;2017-04-25;20;
SIMPRO;2026-04-12;medicamento;0000031822;12;;BUNKER;DIPROBETA SUSP.INJ.1AMP 1ML;;;;;;;;;;;;;;20.69;SIMPRO_VIG;2015-04-01;20;
SIMPRO;2026-04-12;medicamento;0000079584;12;;CIFARMA;DIPROCORT 5MG 1AMP 1ML;;;;;;;;;;;;;;17.25;SIMPRO_VIG;2011-04-08;20;
SIMPRO;2026-04-12;medicamento;0000143567;12;;MANTECORP;DIPROGENTA CRM.10GRS;;;;;;;;;;;;;;0.91;SIMPRO_VIG;2014-04-01;20;
SIMPRO;2026-04-12;medicamento;0000143572;12;;MANTECORP;DIPROGENTA POM.10GRS;;;;;;;;;;;;;;0.945;SIMPRO_VIG;2014-04-01;20;
SIMPRO;2026-04-12;medicamento;0000103909;12;;NECKERMAN;DIPRONIL 5+2MG/ML 1AMP INJ.1ML;;;;;;;;;;;;;;19.59;SIMPRO_VIG;2012-04-02;20;
SIMPRO;2026-04-12;medicamento;0000315106;12;;CHIESI;DIPROPIONATO BECLOMETASONA 100MCG/DOSE+JET 200DOSES;;;;;;;;;;;;;;0.268;SIMPRO_VIG;2023-11-07;20;
SIMPRO;2026-04-12;medicamento;0000315105;12;;CHIESI;DIPROPIONATO BECLOMETASONA 100MCG/DOSE+ORAL 200DOSES;;;;;;;;;;;;;;0.268;SIMPRO_VIG;2023-11-07;20;
SIMPRO;2026-04-12;medicamento;0000315107;12;;CHIESI;DIPROPIONATO BECLOMETASONA 100MCG/DOSE+ORAL+JET 200DOSES;;;;;;;;;;;;;;0.268;SIMPRO_VIG;2023-11-07;20;
SIMPRO;2026-04-12;medicamento;0000315109;12;;CHIESI;DIPROPIONATO BECLOMETASONA 200MCG/DOSE+JET 200DOSES;;;;;;;;;;;;;;0.339;SIMPRO_VIG;2023-11-07;20;
SIMPRO;2026-04-12;medicamento;0000315108;12;;CHIESI;DIPROPIONATO BECLOMETASONA 200MCG/DOSE+ORAL 200DOSES;;;;;;;;;;;;;;0.339;SIMPRO_VIG;2023-07-18;20;
SIMPRO;2026-04-12;medicamento;0000315110;12;;CHIESI;DIPROPIONATO BECLOMETASONA 200MCG/DOSE+ORAL+JET 200DOSES;;;;;;;;;;;;;;0.339;SIMPRO_VIG;2023-11-07;20;
SIMPRO;2026-04-12;medicamento;0000263295;12;;GLENMARK;DIPROPIONATO BECLOMETASONA 250MCG/DOSE+DISPOSITIVO ORAL 200DOSES;;;;;;;;;;;;;;0.374;SIMPRO_VIG;2025-04-01;20;
SIMPRO;2026-04-12;medicamento;0000315112;12;;CHIESI;DIPROPIONATO BECLOMETASONA 250MCG/DOSE+JET 200DOSES;;;;;;;;;;;;;;0.334;SIMPRO_VIG;2023-07-18;20;
SIMPRO;2026-04-12;medicamento;0000315111;12;;CHIESI;DIPROPIONATO BECLOMETASONA 250MCG/DOSE+ORAL 200DOSES;;;;;;;;;;;;;;0.334;SIMPRO_VIG;2023-07-18;20;
SIMPRO;2026-04-12;medicamento;0000315113;12;;CHIESI;DIPROPIONATO BECLOMETASONA 250MCG/DOSE+ORAL+JET 200DOSES;;;;;;;;;;;;;;0.334;SIMPRO_VIG;2023-11-07;20;
SIMPRO;2026-04-12;medicamento;0000315115;12;;CHIESI;DIPROPIONATO BECLOMETASONA 50MCG/DOSE+JET 200DOSES;;;;;;;;;;;;;;0.207;SIMPRO_VIG;2023-11-07;20;
SIMPRO;2026-04-12;medicamento;0000315114;12;;CHIESI;DIPROPIONATO BECLOMETASONA 50MCG/DOSE+ORAL 200DOSES;;;;;;;;;;;;;;0.207;SIMPRO_VIG;2023-07-18;20;
SIMPRO;2026-04-12;medicamento;0000315116;12;;CHIESI;DIPROPIONATO BECLOMETASONA 50MCG/DOSE+ORAL+JET 200DOSES;;;;;;;;;;;;;;0.207;SIMPRO_VIG;2023-11-07;20;
SIMPRO;2026-04-12;medicamento;0000091783;12;;EMS GENERICOS;DIPROPIONATO BETAMETASONA 0,5MG/G CRM.DERM.30G;;;;;;;;;;;;;;1.2;SIMPRO_VIG;2025-04-04;20;
SIMPRO;2026-04-12;medicamento;0000096190;12;;EMS GEN;DIPROPIONATO BETAMETASONA GEN.0,5MG/G POM.DERM.30G;;;;;;;;;;;;;;0.53;SIMPRO_VIG;2011-04-01;20;
SIMPRO;2026-04-12;medicamento;0000092376;12;;GERMED GEN;DIPROPIONATO BETAMETASONA GEN.CRM.30GRS;;;;;;;;;;;;;;0.503;SIMPRO_VIG;2011-04-01;20;
SIMPRO;2026-04-12;medicamento;0000092382;12;;LEGRAND GEN;DIPROPIONATO BETAMETASONA GEN.CRM.30GRS;;;;;;;;;;;;;;0.499;SIMPRO_VIG;2011-04-01;20;
SIMPRO;2026-04-12;medicamento;0000097083;12;;LEGRAND GEN;DIPROPIONATO BETAMETASONA GEN.POM.30GRS;;;;;;;;;;;;;;0.526;SIMPRO_VIG;2011-04-01;20;
SIMPRO;2026-04-12;medicamento;0000097123;12;;GERMED GEN;DIPROPIONATO BETAMETASONA GEN.POM.30GRS;;;;;;;;;;;;;;0.526;SIMPRO_VIG;2011-04-01;20;
SIMPRO;2026-04-12;medicamento;0000087226;12;;EMS GENERICOS;DIPROPIONATO BETAMETASONA+ACIDO SALICILICO 0,5+30MG/G POM.DERM.30G;;;;;;;;;;;;;;0.95;SIMPRO_VIG;2025-04-04;20;
SIMPRO;2026-04-12;medicamento;0000104016;12;;TEUTO BRAS;DIPROPIONATO BETAMETASONA+ACIDO SALICILICO 0,5+30MG/G POM.DERM.30G;;;;;;;;;;;;;;0.949;SIMPRO_VIG;2025-04-09;20;
SIMPRO;2026-04-12;medicamento;0000140537;12;;PRATI-DONADUZZI;DIPROPIONATO BETAMETASONA+ACIDO SALICILICO 0,5MG/G+30MG/G POM.DERM.30G;;;;;;;;;;;;;;0.942;SIMPRO_VIG;2025-04-04;20;
SIMPRO;2026-04-12;medicamento;0000141870;12;;GERMED GENERICOS;DIPROPIONATO BETAMETASONA+ACIDO SALICILICO 0,64+20MG/ML SOL.TOP.30ML;;;;;;;;;;;;;;1.126;SIMPRO_VIG;2025-04-04;20;
SIMPRO;2026-04-12;medicamento;0000242101;12;;NOVA QUIMICA GEN;DIPROPIONATO BETAMETASONA+ACIDO SALICILICO 0,64+20MG/ML SOL.TOP.30ML;;;;;;;;;;;;;;1.121;SIMPRO_VIG;2024-02-06;20;
SIMPRO;2026-04-12;medicamento;0000140536;12;;PRATI-DONADUZZI;DIPROPIONATO BETAMETASONA+ACIDO SALICILICO 0,64MG/ML+20MG/ML SOL.TOP.GTS.30ML;;;;;;;;;;;;;;1.172;SIMPRO_VIG;2025-04-04;20;
SIMPRO;2026-04-12;medicamento;0000088580;12;;MERCK S.A;DIPROPIONATO BETAMETASONA+ACIDO SALICILICO GEN.0,5MG/G+30MG/G POM.DERM.30GRS;;;;;;;;;;;;;;0.521;SIMPRO_VIG;2014-04-01;20;
SIMPRO;2026-04-12;medicamento;0000095543;12;;LEGRAND GEN;DIPROPIONATO BETAMETASONA+ACIDO SALICILICO GEN.POM. 30GRS;;;;;;;;;;;;;;0.427;SIMPRO_VIG;2011-04-01;20;
SIMPRO;2026-04-12;medicamento;0000095558;12;;GERMED GEN;DIPROPIONATO BETAMETASONA+ACIDO SALICILICO GEN.POM.30GRS;;;;;;;;;;;;;;0.434;SIMPRO_VIG;2011-04-01;20;
SIMPRO;2026-04-12;medicamento;0000055250;12;;SANOFI MEDLEY;DIPROPIONATO BETAMETASONA+ACIDO SALICILICO POM.DERM.30GRS;;;;;;;;;;;;;;0.771;SIMPRO_VIG;2021-04-13;20;
SIMPRO;2026-04-12;medicamento;0000071905;12;;EUROFARMA;DIPROPIONATO BETAMETASONA+FOSFATO DISSODICO BETAMETASONA 1FA+SER;;;;;;;;;;;;;;18.65;SIMPRO_VIG;2017-04-11;20;
SIMPRO;2026-04-12;medicamento;0000094030;12;;NEO QUIMICA;DIPROPIONATO BETAMETASONA+FOSFATO DISSODICO BETAMETASONA 5+2MG/ML 1AMP 1ML;;;;;;;;;;;;;;30.4;SIMPRO_VIG;2025-04-09;20;
SIMPRO;2026-04-12;medicamento;0000071901;12;;EUROFARMA;DIPROPIONATO BETAMETASONA+FOSFATO DISSODICO BETAMETASONA 5+2MG/ML SUSP.INJ.1ML+SER.;;;;;;;;;;;;;;29.76;SIMPRO_VIG;2025-04-04;20;
SIMPRO;2026-04-12;medicamento;0000289230;12;;EUROFARMA;DIPROPIONATO BETAMETASONA+FOSFATO DISSODICO BETAMETASONA 5+2MG/ML SUSP.INJ.6AMP.1ML;;;;;;;;;;;;;;26.805;SIMPRO_VIG;2025-04-04;20;
SIMPRO;2026-04-12;medicamento;0000094215;12;;EMS GENERICOS;DIPROPIONATO BETAMETASONA+SULFATO GENTAMICINA 0,5+1MG/G CRM.DERM.30G;;;;;;;;;;;;;;1.105;SIMPRO_VIG;2025-04-04;20;
SIMPRO;2026-04-12;medicamento;0000166066;12;;CIMED;DIPROPIONATO BETAMETASONA+SULFATO GENTAMICINA 0,5+1MG/G CRM.DERM.30G;;;;;;;;;;;;;;0.883;SIMPRO_VIG;2025-04-04;20;
SIMPRO;2026-04-12;medicamento;0000262117;12;;TEUTO BRAS;DIPROPIONATO BETAMETASONA+SULFATO GENTAMICINA 0,5+1MG/G CRM.DERM.30G;;;;;;;;;;;;;;1.107;SIMPRO_VIG;2025-04-09;20;
SIMPRO;2026-04-12;medicamento;0000094219;12;;EMS GENERICOS;DIPROPIONATO BETAMETASONA+SULFATO GENTAMICINA 0,5+1MG/G POM.DERM.30G;;;;;;;;;;;;;;0.802;SIMPRO_VIG;2019-04-09;20;
SIMPRO;2026-04-12;medicamento;0000095031;12;;GERMED GENERICOS;DIPROPIONATO BETAMETASONA+SULFATO GENTAMICINA 0,5+1MG/ML CRM.DERM.30G;;;;;;;;;;;;;;1.1;SIMPRO_VIG;2025-04-04;20;
SIMPRO;2026-04-12;medicamento;0000095032;12;;GERMED GENERICOS;DIPROPIONATO BETAMETASONA+SULFATO GENTAMICINA 0,5+1MG/ML POM.DERM.30G;;;;;;;;;;;;;;0.882;SIMPRO_VIG;2021-04-06;20;
SIMPRO;2026-04-12;medicamento;0000140539;12;;PRATI-DONADUZZI;DIPROPIONATO BETAMETASONA+SULFATO GENTAMICINA 0,5MG/G+1MG/G CRM.DERM.30G;;;;;;;;;;;;;;0.85;SIMPRO_VIG;2021-04-06;20;
SIMPRO;2026-04-12;medicamento;0000140538;12;;PRATI-DONADUZZI;DIPROPIONATO BETAMETASONA+SULFATO GENTAMICINA 0,5MG/G+1MG/G POM.DERM.30G;;;;;;;;;;;;;;0.881;SIMPRO_VIG;2021-04-06;20;
SIMPRO;2026-04-12;medicamento;0000064051;12;;SANOFI MEDLEY;DIPROPIONATO BETAMETASONA+SULFATO GENTAMICINA CRM.30GRS;;;;;;;;;;;;;;0.987;SIMPRO_VIG;2022-04-05;20;
SIMPRO;2026-04-12;medicamento;0000095047;12;;LEGRAND GENERICOS;DIPROPIONATO BETAMETASONA+SULFATO GENTAMICINA CRM.30GRS;;;;;;;;;;;;;;0.74;SIMPRO_VIG;2019-04-02;20;
SIMPRO;2026-04-12;medicamento;0000140802;12;;RANBAXY;DIPROPIONATO BETAMETASONA+SULFATO GENTAMICINA GEN.0,5MG/G +1,0MG/G CRM.30GRS;;;;;;;;;;;;;;0.458;SIMPRO_VIG;2010-04-01;20;
SIMPRO;2026-04-12;medicamento;0000064052;12;;SANOFI MEDLEY;DIPROPIONATO BETAMETASONA+SULFATO GENTAMICINA POM.30GRS;;;;;;;;;;;;;;0.924;SIMPRO_VIG;2021-04-13;20;
SIMPRO;2026-04-12;medicamento;0000095046;12;;LEGRAND GENERICOS;DIPROPIONATO BETAMETASONA+SULFATO GENTAMICINA POM.30GRS;;;;;;;;;;;;;;0.801;SIMPRO_VIG;2021-04-06;20;
SIMPRO;2026-04-12;medicamento;0000143571;12;;MANTECORP;DIPROSALIC POM.10GRS;;;;;;;;;;;;;;0.676;SIMPRO_VIG;2011-04-01;20;
SIMPRO;2026-04-12;medicamento;0000143573;12;;MANTECORP;DIPROSALIC SOL.10ML;;;;;;;;;;;;;;0.84;SIMPRO_VIG;2011-04-01;20;
SIMPRO;2026-04-12;medicamento;0000092391;12;;TEUTO BRAS;DIPROSEN 5+2MG/ML 1AMP 1ML;;;;;;;;;;;;;;15.7;SIMPRO_VIG;2014-04-01;20;
SIMPRO;2026-04-12;medicamento;0000161035;12;;TEUTO BRAS;DIPROSEN 5+2MG/ML SUSP.INJ.120AMP 1ML;;;;;;;;;;;;;;11.35;SIMPRO_VIG;2014-04-01;20;
SIMPRO;2026-04-12;medicamento;0000143574;12;;MANTECORP;DIPROSONE CRM.DERM.10GRS;;;;;;;;;;;;;;0.78;SIMPRO_VIG;2011-04-01;20;
SIMPRO;2026-04-12;medicamento;0000143575;12;;MANTECORP;DIPROSONE LOC.10ML;;;;;;;;;;;;;;0.768;SIMPRO_VIG;2011-04-01;20;
SIMPRO;2026-04-12;medicamento;0000143566;12;;MANTECORP;DIPROSONE POM.DERM.10GRS;;;;;;;;;;;;;;0.816;SIMPRO_VIG;2011-04-01;20;
SIMPRO;2026-04-12;medicamento;0000132181;12;;CIMED;DIPROZIL 0,5+1,0MG/G CRM.DERM.30G;;;;;;;;;;;;;;0.874;SIMPRO_VIG;2025-04-04;20;
SIMPRO;2026-04-12;medicamento;0000064008;12;;APSEN;DISERIM 2,5+1MG 10CPDS REV.;;;;;;;;;;;;;;0;SIMPRO_VIG;2010-04-19;20;
SIMPRO;2026-04-12;medicamento;0000044396;12;;APSEN;DISERIM 2,5+1MG 20CPDS REV.;;;;;;;;;;;;;;0;SIMPRO_VIG;2010-04-19;20;
SIMPRO;2026-04-12;medicamento;0000171897;12;;BIOLAB SANUS;DISFOR 30SACH 11G;;;;;;;;;;;;;;5.728;SIMPRO_VIG;2025-04-09;20;
SIMPRO;2026-04-12;medicamento;0000264126;12;;BIOLAB SANUS;DISFOR 30SACH ABACAXI 11G;;;;;;;;;;;;;;5.728;SIMPRO_VIG;2025-04-09;20;
SIMPRO;2026-04-12;medicamento;0000281929;12;;BIOLAB SANUS;DISFOR ARTRO 11,5G 30SACHES;;;;;;;;;;;;;;9.258;SIMPRO_VIG;2025-12-02;20;
SIMPRO;2026-04-12;medicamento;0000301885;12;;BIOLAB SANUS;DISFOR CAPS 30CAPS;;;;;;;;;;;;;;4.614;SIMPRO_VIG;2025-04-09;20;
SIMPRO;2026-04-12;medicamento;0000301886;12;;BIOLAB SANUS;DISFOR CAPS 60CAPS;;;;;;;;;;;;;;2.548;SIMPRO_VIG;2025-04-09;20;
SIMPRO;2026-04-12;medicamento;0000296926;12;;BIOLAB SANUS;DISFOR LARANJA 11G 45SACH;;;;;;;;;;;;;;5.992;SIMPRO_VIG;2025-04-09;20;
SIMPRO;2026-04-12;medicamento;0000013942;12;;ARISTON;DISOTRON 5000UI 25FA 5ML;;;;;;;;;;;;;;0;SIMPRO_VIG;2009-11-25;20;
SIMPRO;2026-04-12;medicamento;0000269594;12;;ALM.PRADO;DISPEMED 250MG 30CPDS;;;;;;;;;;;;;;1.077;SIMPRO_VIG;2025-04-04;20;
SIMPRO;2026-04-12;medicamento;0000280080;12;;ALM.PRADO;DISPEPMED 20G(LIBERADO);;;;;;;;;;;;;;12.65;SIMPRO_VIG;2013-04-01;20;
SIMPRO;2026-04-12;medicamento;0000079586;12;;CIFARMA;DISPEPTRIN 40+8MG SUSP.60ML;;;;;;;;;;;;;;0.176;SIMPRO_VIG;2007-04-10;20;
SIMPRO;2026-04-12;medicamento;0000079585;12;;CIFARMA;DISPEPTRIN 400+80MG 20CPDS;;;;;;;;;;;;;;1.123;SIMPRO_VIG;2007-04-10;20;
SIMPRO;2026-04-12;medicamento;0000144138;12;;EUROFARMA;DIUBLOK 100+12,5MG 10CPDS;;;;;;;;;;;;;;1.188;SIMPRO_VIG;2015-04-01;20;
SIMPRO;2026-04-12;medicamento;0000128264;12;;EUROFARMA;DIUBLOK 100+25MG 30CPDS;;;;;;;;;;;;;;1.188;SIMPRO_VIG;2015-04-01;20;
SIMPRO;2026-04-12;medicamento;0000284184;12;;EUROFARMA;DIUBLOK 100.25MG 10CPDS;;;;;;;;;;;;;;0.98;SIMPRO_VIG;2018-04-10;20;
SIMPRO;2026-04-12;medicamento;0000144137;12;;MOMENTA FARMACEUTICA;DIUBLOK 50+12,5MG 10CPDS;;;;;;;;;;;;;;1.246;SIMPRO_VIG;2025-04-04;20;
SIMPRO;2026-04-12;medicamento;0000128265;12;;EUROFARMA;DIUBLOK 50+12,5MG 30CPDS;;;;;;;;;;;;;;0.729;SIMPRO_VIG;2015-04-01;20;
SIMPRO;2026-04-12;medicamento;0000315242;12;;MOMENTA FARMACEUTICA;DIUBLOK 50+12,5MG 30CPDS;;;;;;;;;;;;;;1.249;SIMPRO_VIG;2025-04-04;20;
SIMPRO;2026-04-12;medicamento;0000103283;12;;VITAPAN;DIURECLOR 50MG 20CPDS;;;;;;;;;;;;;;0.243;SIMPRO_VIG;2011-04-01;20;
SIMPRO;2026-04-12;medicamento;0000097000;12;;GEOLAB;DIUREMIDA 40MG 500CPDS;;;;;;;;;;;;;;0.702;SIMPRO_VIG;2025-04-09;20;
SIMPRO;2026-04-12;medicamento;0000141005;12;;MILIAN;DIUREMIL 40MG 20CPDS;;;;;;;;;;;;;;0.201;SIMPRO_VIG;2011-01-20;20;
SIMPRO;2026-04-12;medicamento;0000037235;12;;ROYTON;DIURETIC 25MG 20CPDS;;;;;;;;;;;;;;0.255;SIMPRO_VIG;2026-03-31;20;
SIMPRO;2026-04-12;medicamento;0000037236;12;;ROYTON;DIURETIC 50MG 20CPDS;;;;;;;;;;;;;;0.263;SIMPRO_VIG;2011-04-01;20;
SIMPRO;2026-04-12;medicamento;0000038328;12;;DUCTO;DIURETIL 50MG 20CPDS;;;;;;;;;;;;;;0.205;SIMPRO_VIG;2011-05-12;20;
SIMPRO;2026-04-12;medicamento;0000138564;12;;CAZI;"DIUREZIN ""A"" 5MG+50MG 30CPDS";;;;;;;;;;;;;;0.397;SIMPRO_VIG;2009-09-15;20;
SIMPRO;2026-04-12;medicamento;0000138565;12;;CAZI;"DIUREZIN ""C"" 50/25MG 30CPDS";;;;;;;;;;;;;;2.281;SIMPRO_VIG;2009-09-15;20;
SIMPRO;2026-04-12;medicamento;0000138566;12;;CAZI;"DIUREZIN ""E"" 20/12,5MG 30CPDS";;;;;;;;;;;;;;1.976;SIMPRO_VIG;2009-09-15;20;
SIMPRO;2026-04-12;medicamento;0000138562;12;;CAZI;DIUREZIN 25MG 20CPDS;;;;;;;;;;;;;;0.174;SIMPRO_VIG;2009-09-15;20;
SIMPRO;2026-04-12;medicamento;0000138563;12;;CAZI;DIUREZIN 50MG 20CPDS;;;;;;;;;;;;;;0.226;SIMPRO_VIG;2009-09-15;20;
SIMPRO;2026-04-12;medicamento;0000153576;12;;NECKERMAN;DIURIT 40MG 1000CPDS;;;;;;;;;;;;;;0.058;SIMPRO_VIG;2011-04-01;20;
SIMPRO;2026-04-12;medicamento;0000167170;12;;ONEFARMA;DIURIT 40MG 25BLX20CPDS;;;;;;;;;;;;;;0.082;SIMPRO_VIG;2022-04-05;20;
SIMPRO;2026-04-12;medicamento;0000111269;12;;TEUTO BRAS;DIURIX 25MG 15X20CPDS(EMB.HOSP.);;;;;;;;;;;;;;0.262;SIMPRO_VIG;2023-08-15;20;
SIMPRO;2026-04-12;medicamento;0000134265;12;;TEUTO BRAS;DIURIX 25MG 30CPDS;;;;;;;;;;;;;;0.161;SIMPRO_VIG;2025-04-09;20;
SIMPRO;2026-04-12;medicamento;0000111270;12;;TEUTO BRAS;DIURIX 50MG 15X20CPDS;;;;;;;;;;;;;;0.181;SIMPRO_VIG;2015-04-01;20;
SIMPRO;2026-04-12;medicamento;0000134266;12;;TEUTO BRAS;DIURIX 50MG 30CPDS;;;;;;;;;;;;;;0.443;SIMPRO_VIG;2023-11-01;20;
SIMPRO;2026-04-12;medicamento;0000249237;12;;CRISTALIA;DIVA 3+0,03MG 21CPDS REV.;;;;;;;;;;;;;;62.48;SIMPRO_VIG;2025-05-01;20;
SIMPRO;2026-04-12;medicamento;0000249245;12;;CRISTALIA;DIVA 3+0,03MG 63CPDS REV.;;;;;;;;;;;;;;166.89;SIMPRO_VIG;2025-05-01;20;
SIMPRO;2026-04-12;medicamento;0000282290;12;;ABBOTT;DIVALCON 250MG 30CPDS REV.LIB.PROLONG.;;;;;;;;;;;;;;0.98;SIMPRO_VIG;2017-04-04;20;
SIMPRO;2026-04-12;medicamento;0000282292;12;;ABBOTT;DIVALCON 250MG 60CPDS REV.LIB.PROLONG.;;;;;;;;;;;;;;0.75;SIMPRO_VIG;2017-04-04;20;
SIMPRO;2026-04-12;medicamento;0000282293;12;;ABBOTT;DIVALCON 500MG 30CPDS REV.LIB.PROLONG.;;;;;;;;;;;;;;1.963;SIMPRO_VIG;2017-04-04;20;
SIMPRO;2026-04-12;medicamento;0000282291;12;;ABBOTT;DIVALCON 500MG 60CPDS REV.LIB.PROLONG.;;;;;;;;;;;;;;1.51;SIMPRO_VIG;2017-04-04;20;
SIMPRO;2026-04-12;medicamento;0000153647;12;;ZYDUS NIKKHO;DIVALPROATO SODIO 250MG 20CPDS REV.;;;;;;;;;;;;;;1.805;SIMPRO_VIG;2025-04-09;20;
SIMPRO;2026-04-12;medicamento;0000315437;12;;RANBAXY;DIVALPROATO SODIO 250MG 30CPDS REV.LIB.PROLONG.;;;;;;;;;;;;;;1.691;SIMPRO_VIG;2025-04-09;20;
SIMPRO;2026-04-12;medicamento;0000153648;12;;ZYDUS NIKKHO;DIVALPROATO SODIO 500MG 20CPDS REV.;;;;;;;;;;;;;;3.361;SIMPRO_VIG;2025-04-09;20;
SIMPRO;2026-04-12;medicamento;0000307031;12;;RANBAXY;DIVALPROATO SODIO 500MG 30CPDS REV.LIB.PROLONG.;;;;;;;;;;;;;;3.388;SIMPRO_VIG;2025-04-09;20;
SIMPRO;2026-04-12;medicamento;0000133712;12;;BALDACCI;DIVELOL 12,5MG 28CPDS;;;;;;;;;;;;;;1.496;SIMPRO_VIG;2023-04-11;20;
SIMPRO;2026-04-12;medicamento;0000306647;12;;BALDACCI;DIVELOL 12,5MG 30CPDS;;;;;;;;;;;;;;1.331;SIMPRO_VIG;2023-04-11;20;
SIMPRO;2026-04-12;medicamento;0000147044;12;;BALDACCI;DIVELOL 12,5MG 60CPDS;;;;;;;;;;;;;;0.996;SIMPRO_VIG;2026-04-01;20;
SIMPRO;2026-04-12;medicamento;0000306648;12;;BALDACCI;DIVELOL 25MG 14CPDS;;;;;;;;;;;;;;0.989;SIMPRO_VIG;2019-04-25;20;
SIMPRO;2026-04-12;medicamento;0000306649;12;;BALDACCI;DIVELOL 25MG 30CPDS;;;;;;;;;;;;;;1.516;SIMPRO_VIG;2026-04-01;20;
SIMPRO;2026-04-12;medicamento;0000147045;12;;BALDACCI;DIVELOL 25MG 60CPDS;;;;;;;;;;;;;;1.328;SIMPRO_VIG;2026-04-01;20;
SIMPRO;2026-04-12;medicamento;0000026530;12;;BALDACCI;DIVELOL 3,125MG 14CPDS;;;;;;;;;;;;;;1.344;SIMPRO_VIG;2014-04-01;20;
SIMPRO;2026-04-12;medicamento;0000026531;12;;BALDACCI;DIVELOL 3,125MG 28CPDS;;;;;;;;;;;;;;1.496;SIMPRO_VIG;2023-04-11;20;
SIMPRO;2026-04-12;medicamento;0000165957;12;;BALDACCI;DIVELOL 3,125MG 60CPDS;;;;;;;;;;;;;;0.996;SIMPRO_VIG;2026-04-01;20;
SIMPRO;2026-04-12;medicamento;0000133711;12;;BALDACCI;DIVELOL 6,25MG 28CPDS;;;;;;;;;;;;;;1.361;SIMPRO_VIG;2023-04-11;20;
SIMPRO;2026-04-12;medicamento;0000306650;12;;BALDACCI;DIVELOL 6,25MG 30CPDS REV.;;;;;;;;;;;;;;1.514;SIMPRO_VIG;2023-04-11;20;
SIMPRO;2026-04-12;medicamento;0000165958;12;;BALDACCI;DIVELOL 6,25MG 60CPDS;;;;;;;;;;;;;;0.996;SIMPRO_VIG;2026-04-01;20;
SIMPRO;2026-04-12;medicamento;0000309442;12;;ACHE;DIVENA 40MG 30CPDS REV.LIB.RETARD.;;;;;;;;;;;;;;2.471;SIMPRO_VIG;2026-02-03;20;
SIMPRO;2026-04-12;medicamento;0000316205;12;;ACHE;DIVENA 40MG 60CPDS REV.LIB.RETARD.;;;;;;;;;;;;;;2.03;SIMPRO_VIG;2026-02-03;20;
SIMPRO;2026-04-12;medicamento;0000311271;12;;ACHE;DIVENA 40MG 7CPDS REV.LIB.RETARD.;;;;;;;;;;;;;;2.14;SIMPRO_VIG;2025-04-04;20;
SIMPRO;2026-04-12;medicamento;0000315447;12;;ZAMBON;DIVIDOL 70MG 36CAPS DURA;;;;;;;;;;;;;;4.628;SIMPRO_VIG;2025-04-04;20;
SIMPRO;2026-04-12;medicamento;0000306832;12;;UNIAO QUIMICA;DK2CAL 30SACH.EFEV.;;;;;;;;;;;;;;1.433;SIMPRO_VIG;2020-06-30;20;
SIMPRO;2026-04-12;medicamento;0000239792;12;;UNIAO QUIMICA;DK2CAL 60CPDS REV.;;;;;;;;;;;;;;1.448;SIMPRO_VIG;2026-01-15;20;
SIMPRO;2026-04-12;medicamento;0000285910;12;;NUTRIEX;DMAIS GTS 20ML - NUTRIMAIS;;;;;;;;;;;;;;1.525;SIMPRO_VIG;2017-06-01;20;
SIMPRO;2026-04-12;medicamento;0000158315;12;;TRIASIL;DN ATIV REVITA DERM CRM.GEL 100BG 60G;;;;;;;;;;;;;;180.67;SIMPRO_VIG;2015-03-05;20;
SIMPRO;2026-04-12;medicamento;0000158314;12;;TRIASIL;DN ATIV REVITA DERM CRM.GEL 50BG 60G;;;;;;;;;;;;;;150.558;SIMPRO_VIG;2015-03-05;20;
SIMPRO;2026-04-12;medicamento;0000158313;12;;TRIASIL;DN ATIV REVITA DERM CRM.GEL BG 60G;;;;;;;;;;;;;;3.011;SIMPRO_VIG;2015-03-05;20;
SIMPRO;2026-04-12;medicamento;0000283880;12;;APSEN;DOBEVEN 500MG 30CPDS GEL.DURA;;;;;;;;;;;;;;3.419;SIMPRO_VIG;2025-04-04;20;
SIMPRO;2026-04-12;medicamento;0000244656;12;;APSEN;DOBEVEN 500MG 5CAPS GEL.DURA;;;;;;;;;;;;;;2.144;SIMPRO_VIG;2016-04-19;20;
SIMPRO;2026-04-12;medicamento;0000296985;12;;APSEN;DOBEVEN 500MG 60CAPS GEL.DURA;;;;;;;;;;;;;;3.078;SIMPRO_VIG;2025-04-04;20;
SIMPRO;2026-04-12;medicamento;0000243285;12;;APSEN;DOBEVEN 500MG BL.AL.PLAST.30CAPS GEL.DURA;;;;;;;;;;;;;;3.419;SIMPRO_VIG;2025-04-04;20;
SIMPRO;2026-04-12;medicamento;0000102249;12;;CLARIS;DOBINE 12,5MG/ML 20ML;;;;;;;;;;;;;;1.64;SIMPRO_VIG;2026-03-31;20;
SIMPRO;2026-04-12;medicamento;0000261043;12;;TEUTO BRAS;DOBU 250MG 50AMP 20ML(EMB.HOSP.);;;;;;;;;;;;;;29.64;SIMPRO_VIG;2023-08-15;20;
SIMPRO;2026-04-12;medicamento;0000010076;12;;ABBOTT;DOBUTABBOTT 250MG 10FA 20ML;;;;;;;;;;;;;;26.065;SIMPRO_VIG;2008-10-29;20;
SIMPRO;2026-04-12;medicamento;0000073949;12;;BAXTER;DOBUTAFLEX 250MG GLICOSE 5% 250ML 1000MCG/ML SOL.INJ.AZB0791;;;;;;;;;;;;;;0;SIMPRO_VIG;2009-10-20;20;
SIMPRO;2026-04-12;medicamento;0000073950;12;;BAXTER;DOBUTAFLEX 500MG GLICOSE 5% 250ML 2000MCG/ML SOL.INJ.AZB0792;;;;;;;;;;;;;;0;SIMPRO_VIG;2009-10-20;20;
SIMPRO;2026-04-12;medicamento;0000139312;12;;BIOCHIMICO;DOBUTAL 250MG SOL.INJ. AMP X 20ML;;;;;;;;;;;;;;24.66;SIMPRO_VIG;2012-04-01;20;
SIMPRO;2026-04-12;medicamento;0000084388;12;;HIPOLABOR;DOBUTAMINA 10AMP 20ML;;;;;;;;;;;;;;15.767;SIMPRO_VIG;2013-12-03;20;
SIMPRO;2026-04-12;medicamento;0000132161;12;;NOVAFARMA;DOBUTANIL 12,5MG/ML 50AMP 20ML;;;;;;;;;;;;;;21.388;SIMPRO_VIG;2012-03-31;20;
SIMPRO;2026-04-12;medicamento;0000091714;12;;NOVAFARMA;DOBUTANIL 250MG 1AMP 20ML;;;;;;;;;;;;;;21.36;SIMPRO_VIG;2012-03-31;20;
SIMPRO;2026-04-12;medicamento;0000133584;12;;BLAU;DOBUTARISTON 12,5MG/ML SOL.INJ.20AMP 20ML;;;;;;;;;;;;;;59.197;SIMPRO_VIG;2025-04-01;20;
SIMPRO;2026-04-12;medicamento;0000257835;12;;ABL;DOBUTREX 250MG 20ML 20AMP;;;;;;;;;;;;;;67.605;SIMPRO_VIG;2025-04-15;20;
SIMPRO;2026-04-12;medicamento;0000290815;12;;GLENMARK;DOCEGLENNU 20MG/ML SOL.INJ.IV 1ML;;;;;;;;;;;;;;851.66;SIMPRO_VIG;2022-04-12;20;
SIMPRO;2026-04-12;medicamento;0000290814;12;;GLENMARK;DOCEGLENNU 20MG/ML SOL.INJ.IV 4ML;;;;;;;;;;;;;;1022.61;SIMPRO_VIG;2023-11-07;20;
SIMPRO;2026-04-12;medicamento;0000307009;12;;LIBBS;DOCELIBBS 20MG/ML SOL.INJ.1ML;;;;;;;;;;;;;;1691.37;SIMPRO_VIG;2025-04-04;20;
SIMPRO;2026-04-12;medicamento;0000307011;12;;LIBBS;DOCELIBBS 20MG/ML SOL.INJ.4ML;;;;;;;;;;;;;;6765.6;SIMPRO_VIG;2025-04-04;20;
SIMPRO;2026-04-12;medicamento;0000306767;12;;LIBBS;DOCELIBBS 20MG/ML SOL.INJ.FA 6ML;;;;;;;;;;;;;;10148.4;SIMPRO_VIG;2025-04-04;20;
SIMPRO;2026-04-12;medicamento;0000087250;12;;LIBBS;DOCELIBBS 40MG/ML 1FA 0,5ML+DIL 1,5ML;;;;;;;;;;;;;;1715.73;SIMPRO_VIG;2024-04-09;20;
SIMPRO;2026-04-12;medicamento;0000087251;12;;LIBBS;DOCELIBBS 40MG/ML 1FA 2ML+DIL 6ML;;;;;;;;;;;;;;6169.06;SIMPRO_VIG;2024-04-09;20;
SIMPRO;2026-04-12;medicamento;0000088072;12;;EUROFARMA;DOCETAXEL 20MG 0,5ML+DIL 1,5ML;;;;;;;;;;;;;;968.69;SIMPRO_VIG;2021-04-13;20;
SIMPRO;2026-04-12;medicamento;0000140196;12;;GLENMARK;DOCETAXEL 20MG 0,5ML+DIL.1,5ML;;;;;;;;;;;;;;912.31;SIMPRO_VIG;2023-11-07;20;
SIMPRO;2026-04-12;medicamento;0000291164;12;;GLENMARK;DOCETAXEL 20MG/ML SOL.INJ.IV 1ML;;;;;;;;;;;;;;1230.8;SIMPRO_VIG;2025-04-01;20;
SIMPRO;2026-04-12;medicamento;0000291166;12;;GLENMARK;DOCETAXEL 20MG/ML SOL.INJ.IV 4ML;;;;;;;;;;;;;;4438.15;SIMPRO_VIG;2025-04-01;20;
SIMPRO;2026-04-12;medicamento;0000140197;12;;GLENMARK;DOCETAXEL 80MG 2,0ML+DIL.6,0ML;;;;;;;;;;;;;;3289.91;SIMPRO_VIG;2023-11-07;20;
SIMPRO;2026-04-12;medicamento;0000088073;12;;EUROFARMA;DOCETAXEL 80MG 2ML+DIL 6ML;;;;;;;;;;;;;;3493.07;SIMPRO_VIG;2021-04-13;20;
SIMPRO;2026-04-12;medicamento;0000115534;12;;SANDOZ;DOCETAXEL GEN.20MG 1FA 1,5ML;;;;;;;;;;;;;;584.61;SIMPRO_VIG;2012-05-01;20;
SIMPRO;2026-04-12;medicamento;0000115533;12;;SANDOZ;DOCETAXEL GEN.80MG 1FA 6ML;;;;;;;;;;;;;;351.367;SIMPRO_VIG;2012-05-01;20;
SIMPRO;2026-04-12;medicamento;0000311370;12;;SANOFI MEDLEY;DOCETAXEL TRI-HIDRATADO 20MG/ML SOL.INJ.FA 1ML;;;;;;;;;;;;;;968.72;SIMPRO_VIG;2021-04-13;20;
SIMPRO;2026-04-12;medicamento;0000311371;12;;SANOFI MEDLEY;DOCETAXEL TRI-HIDRATADO 20MG/ML SOL.INJ.FA 4ML;;;;;;;;;;;;;;3873.53;SIMPRO_VIG;2022-04-05;20;
SIMPRO;2026-04-12;medicamento;0000140976;12;;DR.REDDY'S;DOCETERE 120MG SOL.INJ.1FA 3ML+DIL.9ML;;;;;;;;;;;;;;5807.57;SIMPRO_VIG;2018-04-06;20;
SIMPRO;2026-04-12;medicamento;0000129665;12;;DR.REDDY'S;DOCETERE 20MG SOL.INJ.1FA 0,5ML+DIL.1,5ML;;;;;;;;;;;;;;1138.73;SIMPRO_VIG;2018-04-06;20;
SIMPRO;2026-04-12;medicamento;0000129666;12;;DR.REDDY'S;DOCETERE 80MG SOL.INJ.1FA 2ML+DIL.ML;;;;;;;;;;;;;;4106.3;SIMPRO_VIG;2018-04-06;20;
SIMPRO;2026-04-12;medicamento;0000304201;12;;EUROFARMA;DOCEUNO 20MG/ML SOL.INJ.1ML;;;;;;;;;;;;;;1230.78;SIMPRO_VIG;2025-04-04;20;
SIMPRO;2026-04-12;medicamento;0000304202;12;;EUROFARMA;DOCEUNO 20MG/ML SOL.INJ.4ML;;;;;;;;;;;;;;1109.543;SIMPRO_VIG;2025-04-04;20;
SIMPRO;2026-04-12;medicamento;0000306372;12;;ACCORD;DOCKS 2MG/ML SOL.INJ.25ML;;;;;;;;;;;;;;364.3;SIMPRO_VIG;2025-04-04;20;
SIMPRO;2026-04-12;medicamento;0000306371;12;;ACCORD;DOCKS 2MG/ML SOL.INJ.5ML;;;;;;;;;;;;;;123.05;SIMPRO_VIG;2025-04-04;20;
SIMPRO;2026-04-12;medicamento;0000153749;12;;BLAU;DOCLAXIN 1000+200MG PO INJ.100FA;;;;;;;;;;;;;;57.898;SIMPRO_VIG;2020-06-19;20;
SIMPRO;2026-04-12;medicamento;0000136789;12;;BLAU;DOCLAXIN 1000+200MG PO INJ.10FA(EMB.HOSP.);;;;;;;;;;;;;;51.266;SIMPRO_VIG;2016-04-19;20;
SIMPRO;2026-04-12;medicamento;0000103561;12;;BLAU;DOCLAXIN 1000+200MG PO INJ.10FA+10AMP DIL.10ML(EMB.HOSP.);;;;;;;;;;;;;;51.266;SIMPRO_VIG;2016-04-19;20;
SIMPRO;2026-04-12;medicamento;0000095490;12;;BLAU;DOCLAXIN 1000+200MG PO INJ.20FA(EMB.HOSP.);;;;;;;;;;;;;;70.266;SIMPRO_VIG;2025-04-01;20;
SIMPRO;2026-04-12;medicamento;0000136790;12;;BLAU;DOCLAXIN 1000+200MG PO INJ.20FA+20AMP DIL.10ML(EMB.HOSP.);;;;;;;;;;;;;;51.268;SIMPRO_VIG;2016-04-19;20;
SIMPRO;2026-04-12;medicamento;0000103562;12;;BLAU;DOCLAXIN 1000+200MG PO INJ.50FA+50AMP DIL.10ML(EMB.HOSP.);;;;;;;;;;;;;;51.268;SIMPRO_VIG;2016-04-19;20;
SIMPRO;2026-04-12;medicamento;0000095492;12;;ARISTON;DOCLAXIN 1G/200MG 50AMP;;;;;;;;;;;;;;34.492;SIMPRO_VIG;2010-11-12;20;
SIMPRO;2026-04-12;medicamento;0000095488;12;;BLAU;DOCLAXIN 500+100MG 20FA;;;;;;;;;;;;;;44.46;SIMPRO_VIG;2025-04-01;20;
SIMPRO;2026-04-12;medicamento;0000136792;12;;ARISTON;DOCLAXIN 500+100MG 20FA;;;;;;;;;;;;;;32.522;SIMPRO_VIG;2026-03-31;20;
SIMPRO;2026-04-12;medicamento;0000145259;12;;BLAU;DOCLAXIN 500+100MG PO INJ.100FA(EMB.HOSP.);;;;;;;;;;;;;;32.439;SIMPRO_VIG;2016-04-19;20;
SIMPRO;2026-04-12;medicamento;0000136791;12;;BLAU;DOCLAXIN 500+100MG PO INJ.10FA(EMB.HOSP.);;;;;;;;;;;;;;32.44;SIMPRO_VIG;2016-04-19;20;
SIMPRO;2026-04-12;medicamento;0000103564;12;;BLAU;DOCLAXIN 500+100MG PO INJ.10FA+10AMP DIL.10ML(EMB.HOSP.);;;;;;;;;;;;;;32.44;SIMPRO_VIG;2016-04-19;20;
SIMPRO;2026-04-12;medicamento;0000256426;12;;BLAU;DOCLAXIN 500+100MG PO INJ.20FA+DIL.10ML(EMB.HOSP.);;;;;;;;;;;;;;32.448;SIMPRO_VIG;2016-04-19;20;
SIMPRO;2026-04-12;medicamento;0000103563;12;;BLAU;DOCLAXIN 500+100MG PO INJ.50FA+50AMP DIL.10ML(EMB.HOSP.);;;;;;;;;;;;;;32.447;SIMPRO_VIG;2016-04-19;20;
SIMPRO;2026-04-12;medicamento;0000095489;12;;ARISTON;DOCLAXIN 500/100MG 50AMP;;;;;;;;;;;;;;23.142;SIMPRO_VIG;2011-04-01;20;
SIMPRO;2026-04-12;medicamento;0000307733;12;;CRISTALIA;DOIS 60CAPS;;;;;;;;;;;;;;0.593;SIMPRO_VIG;2025-04-09;20;
SIMPRO;2026-04-12;medicamento;0000284046;12;;BIOLAB SANUS;DOISKA 30CAPS;;;;;;;;;;;;;;1.943;SIMPRO_VIG;2025-04-09;20;
SIMPRO;2026-04-12;medicamento;0000298934;12;;BIOLAB SANUS;DOISKA 90CAPS;;;;;;;;;;;;;;1.482;SIMPRO_VIG;2025-04-09;20;
SIMPRO;2026-04-12;medicamento;0000312658;12;;BIOLAB SANUS;DOISKA PLUS 30CPDS;;;;;;;;;;;;;;3.953;SIMPRO_VIG;2025-12-02;20;
SIMPRO;2026-04-12;medicamento;0000284645;12;;FARMOQUIMICA;DOLAMIN FLEX 125+5MG 12CPDS REV.;;;;;;;;;;;;;;4.467;SIMPRO_VIG;2025-04-01;20;
SIMPRO;2026-04-12;medicamento;0000102222;12;;FARMOQUIMICA;DOLAMIN FLEX 125+5MG 15CPDS REV.;;;;;;;;;;;;;;4.47;SIMPRO_VIG;2025-04-01;20;
SIMPRO;2026-04-12;medicamento;0000094238;12;;UNIAO QUIMICA;DOLO MOFF 0,2MG/ML SOL.INJ.50AMP 1ML;;;;;;;;;;;;;;3.247;SIMPRO_VIG;2014-04-01;20;
SIMPRO;2026-04-12;medicamento;0000071844;12;;UNIAO QUIMICA;DOLO MOFF 10MG 50CPDS;;;;;;;;;;;;;;0.53;SIMPRO_VIG;2014-04-01;20;
SIMPRO;2026-04-12;medicamento;0000280220;12;;UNIAO QUIMICA;DOLO MOFF 10MG.100CPDS(EMB.HOSP.);;;;;;;;;;;;;;0.473;SIMPRO_VIG;2017-04-04;20;
SIMPRO;2026-04-12;medicamento;0000071846;12;;UNIAO QUIMICA;DOLO MOFF 10MG/ML SOL.INJ.50AMP 1ML;;;;;;;;;;;;;;3.049;SIMPRO_VIG;2014-04-01;20;
SIMPRO;2026-04-12;medicamento;0000094242;12;;UNIAO QUIMICA;DOLO MOFF 1MG/ML SOL.INJ.50AMP 2ML;;;;;;;;;;;;;;3.619;SIMPRO_VIG;2014-04-01;20;
SIMPRO;2026-04-12;medicamento;0000071845;12;;UNIAO QUIMICA;DOLO MOFF 30MG 50CPDS;;;;;;;;;;;;;;1.425;SIMPRO_VIG;2014-04-01;20;
SIMPRO;2026-04-12;medicamento;0000280221;12;;UNIAO QUIMICA;DOLO MOFF 30MG.100CPDS(EMB.HOSP.);;;;;;;;;;;;;;1.271;SIMPRO_VIG;2017-04-04;20;
SIMPRO;2026-04-12;medicamento;0000317233;12;;ACHE;DOMPED 5MG/ML SUSP.ORAL 20ML;;;;;;;;;;;;;;3.054;SIMPRO_VIG;2025-04-04;20;
SIMPRO;2026-04-12;medicamento;0000150432;12;;EUROFARMA;DOMPERIDONA 10MG 30CPDS;;;;;;;;;;;;;;0.807;SIMPRO_VIG;2025-04-04;20;
SIMPRO;2026-04-12;medicamento;0000150675;12;;GERMED GENERICOS;DOMPERIDONA 10MG 30CPDS;;;;;;;;;;;;;;0.806;SIMPRO_VIG;2025-04-04;20;
SIMPRO;2026-04-12;medicamento;0000150685;12;;EMS GENERICOS;DOMPERIDONA 10MG 30CPDS;;;;;;;;;;;;;;0.806;SIMPRO_VIG;2025-04-04;20;
SIMPRO;2026-04-12;medicamento;0000150696;12;;LEGRAND GENERICOS;DOMPERIDONA 10MG 30CPDS;;;;;;;;;;;;;;0.801;SIMPRO_VIG;2025-04-04;20;
SIMPRO;2026-04-12;medicamento;0000171783;12;;NOVA QUIMICA;DOMPERIDONA 10MG 30CPDS;;;;;;;;;;;;;;0.8;SIMPRO_VIG;2025-04-04;20;
SIMPRO;2026-04-12;medicamento;0000123100;12;;RANBAXY;DOMPERIDONA 10MG 3X10CPDS;;;;;;;;;;;;;;0.706;SIMPRO_VIG;2025-04-09;20;
SIMPRO;2026-04-12;medicamento;0000150676;12;;GERMED GENERICOS;DOMPERIDONA 10MG 60CPDS;;;;;;;;;;;;;;0.763;SIMPRO_VIG;2025-04-04;20;
SIMPRO;2026-04-12;medicamento;0000150686;12;;EMS GENERICOS;DOMPERIDONA 10MG 60CPDS;;;;;;;;;;;;;;0.764;SIMPRO_VIG;2025-04-04;20;
SIMPRO;2026-04-12;medicamento;0000150697;12;;LEGRAND GENERICOS;DOMPERIDONA 10MG 60CPDS;;;;;;;;;;;;;;0.76;SIMPRO_VIG;2025-04-04;20;
SIMPRO;2026-04-12;medicamento;0000171782;12;;NOVA QUIMICA;DOMPERIDONA 10MG 60CPDS;;;;;;;;;;;;;;0.754;SIMPRO_VIG;2025-04-04;20;
SIMPRO;2026-04-12;medicamento;0000284179;12;;EUROFARMA;DOMPERIDONA 10MG 60CPDS;;;;;;;;;;;;;;0.744;SIMPRO_VIG;2025-04-04;20;
SIMPRO;2026-04-12;medicamento;0000123101;12;;RANBAXY;DOMPERIDONA 10MG 6X10CPDS;;;;;;;;;;;;;;0.631;SIMPRO_VIG;2025-04-09;20;
SIMPRO;2026-04-12;medicamento;0000283909;12;;MEDLEY;DOMPERIDONA 1MG/ML 100ML+PIPET. DOSAD.;;;;;;;;;;;;;;0.281;SIMPRO_VIG;2018-08-07;20;
SIMPRO;2026-04-12;medicamento;0000119667;12;;SANOFI MEDLEY;DOMPERIDONA 1MG/ML 100ML+SER.DOSAD.;;;;;;;;;;;;;;0.391;SIMPRO_VIG;2025-04-01;20;
SIMPRO;2026-04-12;medicamento;0000284178;12;;EUROFARMA;DOMPERIDONA 1MG/ML 100ML+SER.DOSAD.;;;;;;;;;;;;;;0.571;SIMPRO_VIG;2025-04-04;20;
SIMPRO;2026-04-12;medicamento;0000152168;12;;EUROFARMA;DOMPERIX 10MG 30CPDS;;;;;;;;;;;;;;1.034;SIMPRO_VIG;2025-04-04;20;
SIMPRO;2026-04-12;medicamento;0000168717;12;;EUROFARMA;DOMPERIX 1MG/ML SUSP.ORAL 100ML+SER.DOSAD;;;;;;;;;;;;;;0.527;SIMPRO_VIG;2025-04-04;20;
SIMPRO;2026-04-12;medicamento;0000150937;12;;LEGRAND SIMILARES;DOMPGRAN 10MG 30CPDS;;;;;;;;;;;;;;0.81;SIMPRO_VIG;2025-04-04;20;
SIMPRO;2026-04-12;medicamento;0000148344;12;;EMS;DOMPLIV 10MG 30CPDS;;;;;;;;;;;;;;0.788;SIMPRO_VIG;2025-04-04;20;
SIMPRO;2026-04-12;medicamento;0000148345;12;;EMS;DOMPLIV 10MG 60CPDS;;;;;;;;;;;;;;0.748;SIMPRO_VIG;2025-04-04;20;
SIMPRO;2026-04-12;medicamento;0000289245;12;;EUROFARMA;DON 10MG 10CPDS REV.;;;;;;;;;;;;;;3.334;SIMPRO_VIG;2025-04-04;20;
SIMPRO;2026-04-12;medicamento;0000289247;12;;EUROFARMA;DON 10MG 30CPDS REV.;;;;;;;;;;;;;;3.337;SIMPRO_VIG;2025-04-04;20;
SIMPRO;2026-04-12;medicamento;0000289243;12;;EUROFARMA;DON 5MG 10CPDS REV.;;;;;;;;;;;;;;3.334;SIMPRO_VIG;2025-04-04;20;
SIMPRO;2026-04-12;medicamento;0000289244;12;;EUROFARMA;DON 5MG 30CPDS REV.;;;;;;;;;;;;;;3.337;SIMPRO_VIG;2025-04-04;20;
SIMPRO;2026-04-12;medicamento;0000090077;12;;APSEN;DONAREN 100MG 20CPDS REV.;;;;;;;;;;;;;;1.281;SIMPRO_VIG;2010-04-01;20;
SIMPRO;2026-04-12;medicamento;0000132382;12;;APSEN;DONAREN 100MG 30CPDS;;;;;;;;;;;;;;4.424;SIMPRO_VIG;2025-04-04;20;
SIMPRO;2026-04-12;medicamento;0000170052;12;;APSEN;DONAREN 50MG 20CPDS REV.;;;;;;;;;;;;;;1.323;SIMPRO_VIG;2016-04-19;20;
SIMPRO;2026-04-12;medicamento;0000170058;12;;APSEN;DONAREN RETARD 150MG 10CPDS REV.;;;;;;;;;;;;;;3.966;SIMPRO_VIG;2016-04-19;20;
SIMPRO;2026-04-12;medicamento;0000133436;12;;APSEN;DONAREN RETARD 150MG 20CPDS LIB.PROLONG.;;;;;;;;;;;;;;4.457;SIMPRO_VIG;2019-04-02;20;
SIMPRO;2026-04-12;medicamento;0000283881;12;;APSEN;DONAREN RETARD 150MG 30CPDS REV.;;;;;;;;;;;;;;6.637;SIMPRO_VIG;2025-04-04;20;
SIMPRO;2026-04-12;medicamento;0000242087;12;;ACHE;DONILA 10MG 15CPDS REV.;;;;;;;;;;;;;;4.225;SIMPRO_VIG;2025-04-04;20;
SIMPRO;2026-04-12;medicamento;0000173995;12;;ACHE;DONILA 10MG 30CPDS REV.;;;;;;;;;;;;;;2.106;SIMPRO_VIG;2025-04-04;20;
SIMPRO;2026-04-12;medicamento;0000173994;12;;ACHE;DONILA 5MG 30CPDS REV.;;;;;;;;;;;;;;2.106;SIMPRO_VIG;2025-04-04;20;
SIMPRO;2026-04-12;medicamento;0000242085;12;;ACHE;DONILA 5MG 7CPDS REV.;;;;;;;;;;;;;;3.847;SIMPRO_VIG;2025-04-04;20;
SIMPRO;2026-04-12;medicamento;0000256894;12;;ACHE;DONILA DUO 10+10MG 30CPDS REV.;;;;;;;;;;;;;;6.555;SIMPRO_VIG;2025-04-04;20;
SIMPRO;2026-04-12;medicamento;0000256890;12;;ACHE;DONILA DUO 10+10MG 7CPDS REV.;;;;;;;;;;;;;;6.739;SIMPRO_VIG;2025-04-04;20;
SIMPRO;2026-04-12;medicamento;0000256895;12;;ACHE;DONILA DUO 10+15MG 30CPDS REV.;;;;;;;;;;;;;;24.198;SIMPRO_VIG;2020-06-26;20;
SIMPRO;2026-04-12;medicamento;0000256891;12;;ACHE;DONILA DUO 10+15MG 7CPDS REV.;;;;;;;;;;;;;;7.696;SIMPRO_VIG;2025-04-04;20;
SIMPRO;2026-04-12;medicamento;0000256896;12;;ACHE;DONILA DUO 10+20MG 30CPDS REV.;;;;;;;;;;;;;;7.969;SIMPRO_VIG;2025-04-04;20;
SIMPRO;2026-04-12;medicamento;0000256892;12;;ACHE;DONILA DUO 10+20MG 7CPDS REV.;;;;;;;;;;;;;;10.51;SIMPRO_VIG;2025-04-04;20;
SIMPRO;2026-04-12;medicamento;0000256893;12;;ACHE;DONILA DUO 10+5MG 30CPDS REV.;;;;;;;;;;;;;;5.45;SIMPRO_VIG;2025-04-04;20;
SIMPRO;2026-04-12;medicamento;0000256889;12;;ACHE;DONILA DUO 10+5MG 7CPDS REV.;;;;;;;;;;;;;;5.606;SIMPRO_VIG;2025-04-04;20;
SIMPRO;2026-04-12;medicamento;0000031704;12;;BLAU;DOPABANE 5MG/ML SOL.INJ.10AMP 10ML;;;;;;;;;;;;;;2.001;SIMPRO_VIG;2020-06-19;20;
SIMPRO;2026-04-12;medicamento;0000256298;12;;BLAU;DOPABANE 5MG/ML SOL.INJ.10AMP VD.AMB.10ML;;;;;;;;;;;;;;4.76;SIMPRO_VIG;2025-04-01;20;
SIMPRO;2026-04-12;medicamento;0000306861;12;;CRISTALIA;DOPACRIS 5MG/ML 10AMP 10ML;;;;;;;;;;;;;;4.76;SIMPRO_VIG;2025-04-09;20;
SIMPRO;2026-04-12;medicamento;0000042868;12;;CRISTALIA;DOPACRIS 5MG/ML 50AMP 10ML;;;;;;;;;;;;;;2.556;SIMPRO_VIG;2021-04-13;20;
SIMPRO;2026-04-12;medicamento;0000084389;12;;HIPOLABOR;DOPAMINA 50MG 100AMP 10ML;;;;;;;;;;;;;;1.258;SIMPRO_VIG;2026-03-31;20;
SIMPRO;2026-04-12;medicamento;0000269714;12;;ASPEN;DOPCOR HCT 160+12,5MG 10CPDS REV.;;;;;;;;;;;;;;3.269;SIMPRO_VIG;2017-04-04;20;
SIMPRO;2026-04-12;medicamento;0000269715;12;;ASPEN;DOPCOR HCT 160+12,5MG 14CPDS REV.;;;;;;;;;;;;;;3.271;SIMPRO_VIG;2017-04-04;20;
SIMPRO;2026-04-12;medicamento;0000269716;12;;ASPEN;DOPCOR HCT 160+12,5MG 28CPDS REV.;;;;;;;;;;;;;;3.271;SIMPRO_VIG;2017-04-04;20;
SIMPRO;2026-04-12;medicamento;0000239314;12;;ASPEN;DOPCOR HCT 160+12,5MG 30CPDS REV.;;;;;;;;;;;;;;3.271;SIMPRO_VIG;2017-04-04;20;
SIMPRO;2026-04-12;medicamento;0000269717;12;;ASPEN;DOPCOR HCT 160+25MG 10CPDS REV.;;;;;;;;;;;;;;3.269;SIMPRO_VIG;2017-04-04;20;
SIMPRO;2026-04-12;medicamento;0000269718;12;;ASPEN;DOPCOR HCT 160+25MG 14CPDS REV.;;;;;;;;;;;;;;3.271;SIMPRO_VIG;2017-04-04;20;
SIMPRO;2026-04-12;medicamento;0000269719;12;;ASPEN;DOPCOR HCT 160+25MG 28CPDS REV.;;;;;;;;;;;;;;3.271;SIMPRO_VIG;2017-04-04;20;
SIMPRO;2026-04-12;medicamento;0000239316;12;;ASPEN;DOPCOR HCT 160+25MG 30CPDS REV.;;;;;;;;;;;;;;3.271;SIMPRO_VIG;2017-04-04;20;
SIMPRO;2026-04-12;medicamento;0000269720;12;;ASPEN;DOPCOR HCT 320+12,5MG 10CPDS REV.;;;;;;;;;;;;;;3.271;SIMPRO_VIG;2017-04-04;20;
SIMPRO;2026-04-12;medicamento;0000269721;12;;ASPEN;DOPCOR HCT 320+12,5MG 14CPDS REV.;;;;;;;;;;;;;;3.271;SIMPRO_VIG;2017-04-04;20;
SIMPRO;2026-04-12;medicamento;0000269722;12;;ASPEN;DOPCOR HCT 320+12,5MG 28CPDS REV.;;;;;;;;;;;;;;3.271;SIMPRO_VIG;2017-04-04;20;
SIMPRO;2026-04-12;medicamento;0000239317;12;;ASPEN;DOPCOR HCT 320+12,5MG 30CPDS REV.;;;;;;;;;;;;;;3.271;SIMPRO_VIG;2017-04-04;20;
SIMPRO;2026-04-12;medicamento;0000269723;12;;ASPEN;DOPCOR HCT 320+25MG 10CPDS REV.;;;;;;;;;;;;;;3.764;SIMPRO_VIG;2017-04-04;20;
SIMPRO;2026-04-12;medicamento;0000269724;12;;ASPEN;DOPCOR HCT 320+25MG 14CPDS REV.;;;;;;;;;;;;;;3.765;SIMPRO_VIG;2017-04-04;20;
SIMPRO;2026-04-12;medicamento;0000269725;12;;ASPEN;DOPCOR HCT 320+25MG 28CPDS REV.;;;;;;;;;;;;;;3.765;SIMPRO_VIG;2017-04-04;20;
SIMPRO;2026-04-12;medicamento;0000239318;12;;ASPEN;DOPCOR HCT 320+25MG 30CPDS REV.;;;;;;;;;;;;;;3.764;SIMPRO_VIG;2017-04-04;20;
SIMPRO;2026-04-12;medicamento;0000269726;12;;ASPEN;DOPCOR HCT 80+12,5MG 10CPDS REV.;;;;;;;;;;;;;;3.271;SIMPRO_VIG;2017-04-04;20;
SIMPRO;2026-04-12;medicamento;0000269727;12;;ASPEN;DOPCOR HCT 80+12,5MG 14CPDS REV.;;;;;;;;;;;;;;3.271;SIMPRO_VIG;2017-04-04;20;
SIMPRO;2026-04-12;medicamento;0000269728;12;;ASPEN;DOPCOR HCT 80+12,5MG 28CPDS REV.;;;;;;;;;;;;;;3.271;SIMPRO_VIG;2017-04-04;20;
SIMPRO;2026-04-12;medicamento;0000239313;12;;ASPEN;DOPCOR HCT 80+12,5MG 30CPDS REV.;;;;;;;;;;;;;;3.271;SIMPRO_VIG;2017-04-04;20;
SIMPRO;2026-04-12;medicamento;0000119139;12;;NOVAFARMA;DOPIMEX 5MG/ML 50AMP 10ML;;;;;;;;;;;;;;1.384;SIMPRO_VIG;2013-04-08;20;
SIMPRO;2026-04-12;medicamento;0000123054;12;;EUROFARMA;DOPO 0,75MG 2CPDS;;;;;;;;;;;;;;18.01;SIMPRO_VIG;2020-07-07;20;
SIMPRO;2026-04-12;medicamento;0000244712;12;;VITAMEDIC;DORALEX 500MG 200CPDS;;;;;;;;;;;;;;0.896;SIMPRO_VIG;2026-04-01;20;
SIMPRO;2026-04-12;medicamento;0000103284;12;;VITAPAN;DORALEX 500MG ENV.200CPDS;;;;;;;;;;;;;;0.542;SIMPRO_VIG;2016-04-08;20;
SIMPRO;2026-04-12;medicamento;0000141006;12;;MILIAN;DORALFEBRE 200CPDS;;;;;;;;;;;;;;0.569;SIMPRO_VIG;2011-01-20;20;
SIMPRO;2026-04-12;medicamento;0000047715;12;;PHARMASCIENCE;DORALFLEX 12CPDS;;;;;;;;;;;;;;0.803;SIMPRO_VIG;2026-03-31;20;
SIMPRO;2026-04-12;medicamento;0000047716;12;;PHARMASCIENCE;DORALFLEX 200CPDS;;;;;;;;;;;;;;0.54;SIMPRO_VIG;2026-03-31;20;
SIMPRO;2026-04-12;medicamento;0000133543;12;;PHARMASCIENCE;DORALFLEX 200CPDS(EMB.HOSP.);;;;;;;;;;;;;;0.54;SIMPRO_VIG;2015-04-01;20;
SIMPRO;2026-04-12;medicamento;0000047717;12;;PHARMASCIENCE;DORALFLEX GTS.10ML;;;;;;;;;;;;;;0;SIMPRO_VIG;2009-06-18;20;
SIMPRO;2026-04-12;medicamento;0000015076;12;;NEO QUIMICA;DORALGINA 20DRGS.;;;;;;;;;;;;;;1.802;SIMPRO_VIG;2026-01-01;20;
SIMPRO;2026-04-12;medicamento;0000058835;12;;NEO QUIMICA;DORALGINA GTS.15ML;;;;;;;;;;;;;;1.096;SIMPRO_VIG;2020-04-07;20;
SIMPRO;2026-04-12;medicamento;0000156874;12;;ACHE;DORALIV 100MG/ML GTS.20ML;;;;;;;;;;;;;;1.733;SIMPRO_VIG;2025-04-04;20;
SIMPRO;2026-04-12;medicamento;0000123655;12;;ACHE;DORALIV 50MG/ML GTS.30ML;;;;;;;;;;;;;;0.516;SIMPRO_VIG;2012-03-31;20;
SIMPRO;2026-04-12;medicamento;0000150919;12;;ACHE;DORALIV GEL 20MG/ML ORAL 150ML+COL.MED.;;;;;;;;;;;;;;0.13;SIMPRO_VIG;2012-03-31;20;
SIMPRO;2026-04-12;medicamento;0000061132;12;;NEO QUIMICA;DORAPLAX 200MG 50X4CAPS;;;;;;;;;;;;;;0.808;SIMPRO_VIG;2026-03-31;20;
SIMPRO;2026-04-12;medicamento;0000153705;12;;NEOQUIMICA;DORCAINA 5MG/ML SOL.INJ.6FA 20ML;;;;;;;;;;;;;;14.165;SIMPRO_VIG;2011-04-01;20;
SIMPRO;2026-04-12;medicamento;0000079587;12;;CIFARMA;DORCIFLEXIN 144CPDS;;;;;;;;;;;;;;0.461;SIMPRO_VIG;2012-04-05;20;
SIMPRO;2026-04-12;medicamento;0000120804;12;;CIFARMA;DORCIFLEXIN 35+300+50MG 240CPDS;;;;;;;;;;;;;;0.385;SIMPRO_VIG;2019-04-02;20;
SIMPRO;2026-04-12;medicamento;0000243874;12;;ACHE;DORENE 150MG 15CAPS GEL.DURA;;;;;;;;;;;;;;6.054;SIMPRO_VIG;2024-04-09;20;
SIMPRO;2026-04-12;medicamento;0000243875;12;;ACHE;DORENE 150MG 30CAPS GEL.DURA;;;;;;;;;;;;;;7.192;SIMPRO_VIG;2025-04-04;20;
SIMPRO;2026-04-12;medicamento;0000243872;12;;ACHE;DORENE 75MG 15CAPS GEL.DURA;;;;;;;;;;;;;;4.148;SIMPRO_VIG;2025-04-04;20;
SIMPRO;2026-04-12;medicamento;0000243873;12;;ACHE;DORENE 75MG 30CAPS GEL.DURA;;;;;;;;;;;;;;4.375;SIMPRO_VIG;2025-01-01;20;
SIMPRO;2026-04-12;medicamento;0000300927;12;;ACHE;DORENE TABS 150MG 15CPDS;;;;;;;;;;;;;;3.691;SIMPRO_VIG;2018-08-01;20;
SIMPRO;2026-04-12;medicamento;0000307172;12;;ACHE;DORENE TABS 150MG 30CPDS;;;;;;;;;;;;;;3.714;SIMPRO_VIG;2025-01-01;20;
SIMPRO;2026-04-12;medicamento;0000307170;12;;ACHE;DORENE TABS 150MG 7CPDS;;;;;;;;;;;;;;3.454;SIMPRO_VIG;2024-04-09;20;
SIMPRO;2026-04-12;medicamento;0000300926;12;;ACHE;DORENE TABS 75MG 10CPDS;;;;;;;;;;;;;;2.705;SIMPRO_VIG;2020-03-12;20;
SIMPRO;2026-04-12;medicamento;0000307171;12;;ACHE;DORENE TABS 75MG 30CPDS;;;;;;;;;;;;;;2.561;SIMPRO_VIG;2025-01-01;20;
SIMPRO;2026-04-12;medicamento;0000307167;12;;ACHE;DORENE TABS 75MG 7CPDS;;;;;;;;;;;;;;2.461;SIMPRO_VIG;2024-04-09;20;
SIMPRO;2026-04-12;medicamento;0000104337;12;;ONEFARMA;DORFEBRIL 500MG/ML GTS.20ML;;;;;;;;;;;;;;0.343;SIMPRO_VIG;2022-04-13;20;
SIMPRO;2026-04-12;medicamento;0000138496;12;;CAZI;DORFEN 160MG MAST.12CPDS;;;;;;;;;;;;;;1.374;SIMPRO_VIG;2009-09-15;20;
SIMPRO;2026-04-12;medicamento;0000138495;12;;CAZI;DORFEN 160MG MAST.24CPDS;;;;;;;;;;;;;;1.284;SIMPRO_VIG;2009-09-15;20;
SIMPRO;2026-04-12;medicamento;0000138494;12;;CAZI;DORFEN 160MG/5ML SUSP.60ML;;;;;;;;;;;;;;0.152;SIMPRO_VIG;2009-09-15;20;
SIMPRO;2026-04-12;medicamento;0000138491;12;;CAZI;DORFEN 200MG GTS.15ML;;;;;;;;;;;;;;0.703;SIMPRO_VIG;2009-09-15;20;
SIMPRO;2026-04-12;medicamento;0000138493;12;;CAZI;DORFEN 500MG 200CPDS;;;;;;;;;;;;;;0.367;SIMPRO_VIG;2009-09-15;20;
SIMPRO;2026-04-12;medicamento;0000138492;12;;CAZI;DORFEN 750MG 200CPDS;;;;;;;;;;;;;;0.789;SIMPRO_VIG;2009-09-15;20;
SIMPRO;2026-04-12;medicamento;0000138497;12;;CAZI;DORFEN 80MG MAST.12CPDS;;;;;;;;;;;;;;0.823;SIMPRO_VIG;2009-09-15;20;
SIMPRO;2026-04-12;medicamento;0000103286;12;;VITAMEDIC;DORFENOL 200MG/ML 15ML;;;;;;;;;;;;;;0.889;SIMPRO_VIG;2022-04-12;20;
SIMPRO;2026-04-12;medicamento;0000244713;12;;VITAPAN;DORFENOL 200MG/ML 50FR 15ML;;;;;;;;;;;;;;7.181;SIMPRO_VIG;2014-04-03;20;
SIMPRO;2026-04-12;medicamento;0000256219;12;;VITAPAN;DORFENOL 750MG BL.INC.200CPDS;;;;;;;;;;;;;;0.363;SIMPRO_VIG;2015-04-01;20;
SIMPRO;2026-04-12;medicamento;0000103285;12;;VITAPAN;DORFENOL 750MG BL.LAR.200CPDS;;;;;;;;;;;;;;0.447;SIMPRO_VIG;2019-04-05;20;
SIMPRO;2026-04-12;medicamento;0000138567;12;;CAZI;DORFLAN 20DRGS;;;;;;;;;;;;;;0.969;SIMPRO_VIG;2009-09-15;20;
SIMPRO;2026-04-12;medicamento;0000138498;12;;CAZI;DORFLAN CRM.60GRS;;;;;;;;;;;;;;0.273;SIMPRO_VIG;2009-09-15;20;
SIMPRO;2026-04-12;medicamento;0000138568;12;;CAZI;DORFLAN GTS.20ML;;;;;;;;;;;;;;0.607;SIMPRO_VIG;2009-09-15;20;
SIMPRO;2026-04-12;medicamento;0000269820;12;;SANOFI MEDLEY;DORFLEX 10CPDS F.V;;;;;;;;;;;;;;0.506;SIMPRO_VIG;2018-04-10;20;
SIMPRO;2026-04-12;medicamento;0000269819;12;;OPELLA CONSUMER;DORFLEX 300+35+50MG 300CPDS;;;;;;;;;;;;;;0.84;SIMPRO_VIG;2026-02-03;20;
SIMPRO;2026-04-12;medicamento;0000266249;12;;OPELLA CONSUMER;DORFLEX 300+35+50MG 36CPDS;;;;;;;;;;;;;;0.684;SIMPRO_VIG;2026-02-03;20;
SIMPRO;2026-04-12;medicamento;0000301232;12;;OPELLA CONSUMER;DORFLEX 300+35+50MG 50CPDS;;;;;;;;;;;;;;0.589;SIMPRO_VIG;2026-02-03;20;
SIMPRO;2026-04-12;medicamento;0000031815;12;;SANOFI MEDLEY;DORFLEX 35+300+50MG 10CPDS F.V;;;;;;;;;;;;;;0.581;SIMPRO_VIG;2021-12-07;20;
SIMPRO;2026-04-12;medicamento;0000299125;12;;OPELLA CONSUMER;DORFLEX 35+300+50MG 24CPDS;;;;;;;;;;;;;;0.803;SIMPRO_VIG;2026-02-03;20;
SIMPRO;2026-04-12;medicamento;0000031814;12;;SANOFI MEDLEY;DORFLEX 35+300+50MG 24X10CPDS;;;;;;;;;;;;;;0.545;SIMPRO_VIG;2021-04-13;20;
SIMPRO;2026-04-12;medicamento;0000031816;12;;SANOFI-AVENTIS;DORFLEX 35+300+50MG 3X10CPDS;;;;;;;;;;;;;;0.506;SIMPRO_VIG;2026-03-31;20;
SIMPRO;2026-04-12;medicamento;0000031817;12;;OPELLA CONSUMER;DORFLEX 35+300+50MG SOL.20ML;;;;;;;;;;;;;;27.22;SIMPRO_VIG;2026-02-03;20;
SIMPRO;2026-04-12;medicamento;0000243458;12;;SANOFI MEDLEY;DORFLEX ICY HOT ADES.FLEX.14X25CM EX.GRD.3UNID(LIBERADO);;;;;;;;;;;;;;7.037;SIMPRO_VIG;2018-02-01;20;
SIMPRO;2026-04-12;medicamento;0000243452;12;;SANOFI MEDLEY;DORFLEX ICY HOT ADESIVO 08X12CM 5UNID. PEQ(LIBERADO);;;;;;;;;;;;;;4.75;SIMPRO_VIG;2024-02-01;20;
SIMPRO;2026-04-12;medicamento;0000243456;12;;SANOFI MEDLEY;DORFLEX ICY HOT ADESIVO 10X20CM 5UNID. GRD(LIBERADO);;;;;;;;;;;;;;5.436;SIMPRO_VIG;2024-02-01;20;
SIMPRO;2026-04-12;medicamento;0000243434;12;;SANOFI MEDLEY;DORFLEX ICY HOT BANDA ELASTICA 3UNID(LIBERADO);;;;;;;;;;;;;;10.58;SIMPRO_VIG;2018-02-01;20;
SIMPRO;2026-04-12;medicamento;0000243464;12;;SANOFI MEDLEY;DORFLEX ICY HOT ROLL-ON 73ML(LIBERADO);;;;;;;;;;;;;;0.32;SIMPRO_VIG;2018-02-01;20;
SIMPRO;2026-04-12;medicamento;0000243467;12;;SANOFI MEDLEY;DORFLEX ICY HOT SPRAY 118ML(LIBERADO);;;;;;;;;;;;;;0.351;SIMPRO_VIG;2024-02-01;20;
SIMPRO;2026-04-12;medicamento;0000254528;12;;SANOFI-AVENTIS;DORFLEX ICY HOT SPRAY 90ML(LIBERADO);;;;;;;;;;;;;;0.246;SIMPRO_VIG;2018-02-01;20;
SIMPRO;2026-04-12;medicamento;0000138711;12;;SANOFI-AVENTIS;DORFLEX P 35+450+50MG 12CPDS;;;;;;;;;;;;;;0.772;SIMPRO_VIG;2013-04-01;20;
SIMPRO;2026-04-12;medicamento;0000145032;12;;SANOFI-AVENTIS;DORFLEX P 35+450+50MG 200CPDS;;;;;;;;;;;;;;0.771;SIMPRO_VIG;2013-04-01;20;
SIMPRO;2026-04-12;medicamento;0000165779;12;;SANOFI-AVENTIS;DORFLEX P 35+450+50MG 4CPDS F.V;;;;;;;;;;;;;;0.772;SIMPRO_VIG;2013-04-01;20;
SIMPRO;2026-04-12;medicamento;0000311358;12;;SANOFI MEDLEY;DORFLEX UNO 1G 100CPDS;;;;;;;;;;;;;;1.367;SIMPRO_VIG;2020-10-01;20;
SIMPRO;2026-04-12;medicamento;0000311360;12;;SANOFI MEDLEY;DORFLEX UNO 1G 100CPDS EFERV.;;;;;;;;;;;;;;2.906;SIMPRO_VIG;2022-02-01;20;
SIMPRO;2026-04-12;medicamento;0000311357;12;;OPELLA CONSUMER;DORFLEX UNO 1G 10CPDS;;;;;;;;;;;;;;1.917;SIMPRO_VIG;2026-02-03;20;
SIMPRO;2026-04-12;medicamento;0000311359;12;;OPELLA CONSUMER;DORFLEX UNO 1G 10CPDS EFERV.;;;;;;;;;;;;;;3.426;SIMPRO_VIG;2026-02-03;20;
SIMPRO;2026-04-12;medicamento;0000314945;12;;OPELLA CONSUMER;DORFLEX UNO 1G 20CPDS;;;;;;;;;;;;;;1.552;SIMPRO_VIG;2026-02-03;20;
SIMPRO;2026-04-12;medicamento;0000317879;12;;SANOFI MEDLEY;DORFLEX UNO 1G BL.AL.PLAST.PVC.OPC.4CPDS F.V;;;;;;;;;;;;;;1.91;SIMPRO_VIG;2023-02-15;20;
SIMPRO;2026-04-12;medicamento;0000138569;12;;CAZI;DORGEN 50MG 20CPDS;;;;;;;;;;;;;;0.724;SIMPRO_VIG;2009-09-15;20;
SIMPRO;2026-04-12;medicamento;0000138570;12;;CAZI;DORGEN 75MG INJ.5AMP 3ML;;;;;;;;;;;;;;2.272;SIMPRO_VIG;2009-09-15;20;
SIMPRO;2026-04-12;medicamento;0000122624;12;;HYPM;DORGIL 25X4CPDS;;;;;;;;;;;;;;0;SIMPRO_VIG;2010-04-01;20;
SIMPRO;2026-04-12;medicamento;0000122625;12;;HYPM;DORGIL 25X6CPDS;;;;;;;;;;;;;;0;SIMPRO_VIG;2010-04-01;20;
SIMPRO;2026-04-12;medicamento;0000122623;12;;HYPM;DORGIL 2X10CPDS;;;;;;;;;;;;;;0;SIMPRO_VIG;2010-04-01;20;
SIMPRO;2026-04-12;medicamento;0000122626;12;;COSMED;DORGIL GTS.15ML;;;;;;;;;;;;;;0.795;SIMPRO_VIG;2011-04-01;20;
SIMPRO;2026-04-12;medicamento;0000094126;12;;HERALD'S;DORGINEX POM.20GRS;;;;;;;;;;;;;;0;SIMPRO_VIG;2010-04-15;20;
SIMPRO;2026-04-12;medicamento;0000149838;12;;LEGRAND OTC;DORICAL KIDS 120ML;;;;;;;;;;;;;;0.152;SIMPRO_VIG;2011-04-01;20;
SIMPRO;2026-04-12;medicamento;0000289827;12;;LEGRAND SIMILARES;DORICAL KIDS SUSP.120ML+COP.;;;;;;;;;;;;;;0.351;SIMPRO_VIG;2025-04-04;20;
SIMPRO;2026-04-12;medicamento;0000146427;12;;LEGRAND;DORICAL SUP.ALIMENTAR 50CPDS REV.;;;;;;;;;;;;;;0.473;SIMPRO_VIG;2011-04-01;20;
SIMPRO;2026-04-12;medicamento;0000166417;12;;EMS;DORICIN 35+300+50MG 240CPDS;;;;;;;;;;;;;;0.706;SIMPRO_VIG;2024-01-16;20;
SIMPRO;2026-04-12;medicamento;0000314340;12;;EMS;DORICIN 35+300+50MG 24CPDS;;;;;;;;;;;;;;0.773;SIMPRO_VIG;2025-04-04;20;
SIMPRO;2026-04-12;medicamento;0000314339;12;;EMS;DORICIN 35+300+50MG 300CPDS;;;;;;;;;;;;;;0.774;SIMPRO_VIG;2025-04-04;20;
SIMPRO;2026-04-12;medicamento;0000290910;12;;EMS;DORICIN 35+300+50MG 30CPDS;;;;;;;;;;;;;;0.679;SIMPRO_VIG;2024-01-16;20;
SIMPRO;2026-04-12;medicamento;0000314337;12;;EMS;DORICIN 35+300+50MG 36CPDS;;;;;;;;;;;;;;0.783;SIMPRO_VIG;2025-04-04;20;
SIMPRO;2026-04-12;medicamento;0000314338;12;;EMS;DORICIN 35+300+50MG 50CPDS;;;;;;;;;;;;;;0.771;SIMPRO_VIG;2025-04-04;20;
SIMPRO;2026-04-12;medicamento;0000132219;12;;EMS;DORICIN 35+300+50MG/ML GTS.20ML;;;;;;;;;;;;;;1.045;SIMPRO_VIG;2025-04-04;20;
SIMPRO;2026-04-12;medicamento;0000040294;12;;SANOFI-AVE;DORICO 500MG MAC/CAN.50SACH;;;;;;;;;;;;;;0;SIMPRO_VIG;2010-04-13;20;
SIMPRO;2026-04-12;medicamento;0000040293;12;;SANOFI-AVE;DORICO 500MG MEL/LIM.50SACH;;;;;;;;;;;;;;0;SIMPRO_VIG;2010-04-13;20;
SIMPRO;2026-04-12;medicamento;0000055518;12;;BUNKER;DORIDINA 20DRGS;;;;;;;;;;;;;;0.558;SIMPRO_VIG;2013-04-01;20;
SIMPRO;2026-04-12;medicamento;0000094109;12;;BUNKER;DORIDINA GTS.15ML;;;;;;;;;;;;;;0.655;SIMPRO_VIG;2010-04-01;20;
SIMPRO;2026-04-12;medicamento;0000061120;12;;NEO QUIMICA;DORIFLAN EMULGEL 60GRS;;;;;;;;;;;;;;0.327;SIMPRO_VIG;2026-03-31;20;
SIMPRO;2026-04-12;medicamento;0000040828;12;;LUPER;DORIFLAN GTS.20ML;;;;;;;;;;;;;;0;SIMPRO_VIG;2009-07-02;20;
SIMPRO;2026-04-12;medicamento;0000166427;12;;COSMED;DORIL 500+30MG 20CPDS;;;;;;;;;;;;;;1.803;SIMPRO_VIG;2026-01-01;20;
SIMPRO;2026-04-12;medicamento;0000073904;12;;COSMED;DORIL 500+30MG 25BLX6CPDS;;;;;;;;;;;;;;2.238;SIMPRO_VIG;2026-01-01;20;
SIMPRO;2026-04-12;medicamento;0000073905;12;;COSMED;DORIL 500+30MG 6CPDS F.V.;;;;;;;;;;;;;;1.463;SIMPRO_VIG;2021-04-06;20;
SIMPRO;2026-04-12;medicamento;0000302569;12;;COSMED;DORIL DC 500 500+65MG 100CPDS;;;;;;;;;;;;;;1.614;SIMPRO_VIG;2022-04-12;20;
SIMPRO;2026-04-12;medicamento;0000302568;12;;COSMED;DORIL DC 500 500+65MG 16CPDS;;;;;;;;;;;;;;1.541;SIMPRO_VIG;2022-04-12;20;
SIMPRO;2026-04-12;medicamento;0000252724;12;;COSMED;DORIL ENXAQUECA 250+250+65MG 100CPDS REV.;;;;;;;;;;;;;;2.838;SIMPRO_VIG;2026-01-01;20;
SIMPRO;2026-04-12;medicamento;0000299220;12;;COSMED;DORIL ENXAQUECA 250+250+65MG 12CPDS REV.;;;;;;;;;;;;;;1.728;SIMPRO_VIG;2021-04-06;20;
SIMPRO;2026-04-12;medicamento;0000266698;12;;COSMED;DORIL ENXAQUECA 250+250+65MG 18CPDS REV.;;;;;;;;;;;;;;2.305;SIMPRO_VIG;2025-04-09;20;
SIMPRO;2026-04-12;medicamento;0000115298;12;;NEO QUIMICA;DORILAN 50X4CPDS;;;;;;;;;;;;;;0.913;SIMPRO_VIG;2026-03-31;20;
SIMPRO;2026-04-12;medicamento;0000040029;12;;ACHE;DORILAX 350+150+50MG 12CPDS;;;;;;;;;;;;;;1.529;SIMPRO_VIG;2022-04-05;20;
SIMPRO;2026-04-12;medicamento;0000040010;12;;ACHE;DORILAX 350+150+50MG 25BLX4CPDS;;;;;;;;;;;;;;1.483;SIMPRO_VIG;2022-04-05;20;
SIMPRO;2026-04-12;medicamento;0000101999;12;;ACHE;DORILAX 350+150+50MG 4CPDS F.V.;;;;;;;;;;;;;;1.483;SIMPRO_VIG;2022-04-05;20;
SIMPRO;2026-04-12;medicamento;0000312370;12;;ACHE;DORILAX DT 450+50+35MG 100CPDS;;;;;;;;;;;;;;1.25;SIMPRO_VIG;2026-02-03;20;
SIMPRO;2026-04-12;medicamento;0000312369;12;;ACHE;DORILAX DT 450+50+35MG 12CPDS;;;;;;;;;;;;;;1.289;SIMPRO_VIG;2026-02-03;20;
SIMPRO;2026-04-12;medicamento;0000312371;12;;ACHE;DORILAX DT 450+50+35MG 4CPDS F.V.;;;;;;;;;;;;;;0.85;SIMPRO_VIG;2025-05-01;20;
SIMPRO;2026-04-12;medicamento;0000026923;12;;LEGRAND SIMILARES;DORILEN 500+10+5MG 12CPDS;;;;;;;;;;;;;;2.098;SIMPRO_VIG;2025-04-04;20;
SIMPRO;2026-04-12;medicamento;0000026924;12;;LEGRAND SIMILARES;DORILEN 500+10+5MG/1,5ML SOL.ORAL GTS.15ML;;;;;;;;;;;;;;2.776;SIMPRO_VIG;2025-04-04;20;
SIMPRO;2026-04-12;medicamento;0000161174;12;;LEGRAND SIMILARES;DORILEN 500+10+5MG/1,5ML SOL.ORAL GTS.20ML;;;;;;;;;;;;;;2.194;SIMPRO_VIG;2025-04-04;20;
SIMPRO;2026-04-12;medicamento;0000079589;12;;CIFARMA;DORILESS 200CPDS;;;;;;;;;;;;;;0.609;SIMPRO_VIG;2017-04-07;20;
SIMPRO;2026-04-12;medicamento;0000079588;12;;CIFARMA;DORILESS 500+10+5MG 12CPDS;;;;;;;;;;;;;;1.545;SIMPRO_VIG;2025-04-09;20;
SIMPRO;2026-04-12;medicamento;0000283964;12;;CIFARMA;DORILESS 500+10+5MG 200CPDS;;;;;;;;;;;;;;1.273;SIMPRO_VIG;2025-04-09;20;
SIMPRO;2026-04-12;medicamento;0000079590;12;;CIFARMA;DORILESS 500+10+5MG/1,5ML GTS.15ML;;;;;;;;;;;;;;2.546;SIMPRO_VIG;2025-04-09;20;
SIMPRO;2026-04-12;medicamento;0000067676;12;;SINTERAPICO;DORISAN 100DRGS;;;;;;;;;;;;;;0.565;SIMPRO_VIG;2010-04-06;20;
SIMPRO;2026-04-12;medicamento;0000038645;12;;SINTERAPICO;DORISAN 20DRGS;;;;;;;;;;;;;;0.519;SIMPRO_VIG;2010-04-06;20;
SIMPRO;2026-04-12;medicamento;0000038646;12;;SINTERAPICO;DORISAN GTS.15ML;;;;;;;;;;;;;;0.656;SIMPRO_VIG;2010-04-06;20;
SIMPRO;2026-04-12;medicamento;0000077294;12;;JARREL;DORITRAT 25X4CPDS;;;;;;;;;;;;;;1.073;SIMPRO_VIG;2009-06-12;20;
SIMPRO;2026-04-12;medicamento;0000021703;12;;UNIAO QUIMICA;DORLESS 100MG SOL.INJ.6AMP 2ML;;;;;;;;;;;;;;10.753;SIMPRO_VIG;2014-04-01;20;
SIMPRO;2026-04-12;medicamento;0000021705;12;;UNIAO QUIMICA;DORLESS 50MG SOL.INJ.6AMP 1ML;;;;;;;;;;;;;;7.208;SIMPRO_VIG;2014-04-01;20;
SIMPRO;2026-04-12;medicamento;0000153706;12;;NEOQUIMICA;DORMANT 15MG/3ML SOL.INJ.50AMP 3ML;;;;;;;;;;;;;;13.014;SIMPRO_VIG;2016-04-08;20;
SIMPRO;2026-04-12;medicamento;0000009525;12;;CRISTALIA;DORMIRE 15MG 20CPDS;;;;;;;;;;;;;;4.445;SIMPRO_VIG;2025-04-09;20;
SIMPRO;2026-04-12;medicamento;0000049404;12;;CRISTALIA;DORMIRE 15MG 5AMP 3ML;;;;;;;;;;;;;;10.228;SIMPRO_VIG;2012-04-02;20;
SIMPRO;2026-04-12;medicamento;0000269761;12;;CRISTALIA;DORMIRE 1MG/ML SOL.INJ.10AMP 5ML;;;;;;;;;;;;;;9.582;SIMPRO_VIG;2025-04-09;20;
SIMPRO;2026-04-12;medicamento;0000049405;12;;CRISTALIA;DORMIRE 2MG/ML 12FR 10ML+12DOS.;;;;;;;;;;;;;;24.355;SIMPRO_VIG;2025-05-01;20;
SIMPRO;2026-04-12;medicamento;0000165846;12;;CRISTALIA;DORMIRE 50MG 50AMP 3ML(EMB.HOSP.);;;;;;;;;;;;;;12.456;SIMPRO_VIG;2019-04-09;20;
SIMPRO;2026-04-12;medicamento;0000009524;12;;CRISTALIA;DORMIRE 50MG 5AMP 10ML;;;;;;;;;;;;;;23.95;SIMPRO_VIG;2012-04-02;20;
SIMPRO;2026-04-12;medicamento;0000150485;12;;CRISTALIA;DORMIRE 5MG 50AMP 5ML;;;;;;;;;;;;;;6.777;SIMPRO_VIG;2019-04-09;20;
SIMPRO;2026-04-12;medicamento;0000021066;12;;CRISTALIA;DORMIRE 5MG 5AMP 5ML;;;;;;;;;;;;;;4.736;SIMPRO_VIG;2012-04-02;20;
SIMPRO;2026-04-12;medicamento;0000284289;12;;CRISTALIA;DORMIRE 5MG/ML SOL.INJ.10AMP 3ML(EMB.HOSP.);;;;;;;;;;;;;;17.614;SIMPRO_VIG;2025-05-01;20;
SIMPRO;2026-04-12;medicamento;0000269763;12;;CRISTALIA;DORMIRE 5MG/ML SOL.INJ.10AMP 5ML;;;;;;;;;;;;;;48.455;SIMPRO_VIG;2025-04-09;20;
SIMPRO;2026-04-12;medicamento;0000150484;12;;CRISTALIA;DORMIRE 5MG/ML SOL.INJ.IV.50AMP 10ML;;;;;;;;;;;;;;2422.73;SIMPRO_VIG;2025-04-09;20;
SIMPRO;2026-04-12;medicamento;0000150486;12;;CRISTALIA;DORMIRE 80MG/0,8ML SOL.INJ.2SER.;;;;;;;;;;;;;;64.76;SIMPRO_VIG;2010-11-11;20;
SIMPRO;2026-04-12;medicamento;0000116154;12;;UNIAO QUIMICA;DORMIUM 15MG 20CPDS;;;;;;;;;;;;;;1.68;SIMPRO_VIG;2014-04-01;20;
SIMPRO;2026-04-12;medicamento;0000145017;12;;UNIAO QUIMICA;DORMIUM 15MG 30CPDS;;;;;;;;;;;;;;1.961;SIMPRO_VIG;2019-04-09;20;
SIMPRO;2026-04-12;medicamento;0000026064;12;;UNIAO QUIMICA;DORMIUM 1MG/ML SOL.INJ.5AMP 5ML;;;;;;;;;;;;;;12.486;SIMPRO_VIG;2024-04-05;20;
SIMPRO;2026-04-12;medicamento;0000072952;12;;UNIAO QUIMICA;DORMIUM 5MG/ML SOL.INJ.5AMP 10ML;;;;;;;;;;;;;;59.118;SIMPRO_VIG;2024-04-05;20;
SIMPRO;2026-04-12;medicamento;0000026063;12;;UNIAO QUIMICA;DORMIUM 5MG/ML SOL.INJ.5AMP 3ML;;;;;;;;;;;;;;26.076;SIMPRO_VIG;2024-04-05;20;
SIMPRO;2026-04-12;medicamento;0000035314;12;;FARMOQUIMICA;DORMONID 15MG 30CPDS REV.;;;;;;;;;;;;;;5.03;SIMPRO_VIG;2025-04-01;20;
SIMPRO;2026-04-12;medicamento;0000068171;12;;FARMOQUIMICA;DORMONID 7,5MG 20CPDS;;;;;;;;;;;;;;1.794;SIMPRO_VIG;2020-07-03;20;
SIMPRO;2026-04-12;medicamento;0000068172;12;;FARMOQUIMICA;DORMONID 7,5MG 30CPDS REV.;;;;;;;;;;;;;;2.512;SIMPRO_VIG;2025-04-01;20;
SIMPRO;2026-04-12;medicamento;0000037954;12;;UNIAO QUIMICA;DORNOT 50MG/ML SOL.INJ.25AMP 2ML;;;;;;;;;;;;;;1.993;SIMPRO_VIG;2014-09-23;20;
SIMPRO;2026-04-12;medicamento;0000034261;12;;DUCTO;DORONA 500MG 25X4CPDS;;;;;;;;;;;;;;0.46;SIMPRO_VIG;2011-05-12;20;
SIMPRO;2026-04-12;medicamento;0000034262;12;;DUCTO;DORONA 500MG/ML GTS.10ML;;;;;;;;;;;;;;0.505;SIMPRO_VIG;2011-05-12;20;
SIMPRO;2026-04-12;medicamento;0000055764;12;;DUCTO;DORONA 500MG/ML GTS.20ML;;;;;;;;;;;;;;0.325;SIMPRO_VIG;2011-05-12;20;
SIMPRO;2026-04-12;medicamento;0000165994;12;;NEO QUIMICA;DORONA CAFI 500+65MG 16CPDS;;;;;;;;;;;;;;2.682;SIMPRO_VIG;2025-04-09;20;
SIMPRO;2026-04-12;medicamento;0000165995;12;;NEO QUIMICA;DORONA CAFI 500+65MG 25BL.4CPDS;;;;;;;;;;;;;;2.723;SIMPRO_VIG;2025-04-09;20;
SIMPRO;2026-04-12;medicamento;0000077296;12;;JARREL;DORSALDINA 30+300+30MG 20DRGS;;;;;;;;;;;;;;0.554;SIMPRO_VIG;2026-03-31;20;
SIMPRO;2026-04-12;medicamento;0000165830;12;;LEGRAND OTC;DORYDRIN 24BLX10CPDS;;;;;;;;;;;;;;0.409;SIMPRO_VIG;2015-04-01;20;
SIMPRO;2026-04-12;medicamento;0000285729;12;;LEGRAND PRESCRICAO;DORZAL 20MG/ML SOL.OFT.5ML;;;;;;;;;;;;;;16.688;SIMPRO_VIG;2025-04-04;20;
SIMPRO;2026-04-12;medicamento;0000289821;12;;LEGRAND PRESCRICAO;DORZAL MT 20+5MG/ML SOL.OFT.GOT.5ML;;;;;;;;;;;;;;118.82;SIMPRO_VIG;2024-04-02;20;
SIMPRO;2026-04-12;medicamento;0000140276;12;;CHEMICALTECH;DOSAPLATIN 100MG 1FA 1000MG;;;;;;;;;;;;;;3117.07;SIMPRO_VIG;2011-04-01;20;
SIMPRO;2026-04-12;medicamento;0000140277;12;;CHEMICALTECH;DOSAPLATIN 50MG 1FA 500MG;;;;;;;;;;;;;;1558.52;SIMPRO_VIG;2011-04-01;20;
SIMPRO;2026-04-12;medicamento;0000140278;12;;CHEMICALTECH;DOSATAXEL 20MG 1FA 0,5ML+DIL.1,5ML;;;;;;;;;;;;;;1457.47;SIMPRO_VIG;2022-04-12;20;
SIMPRO;2026-04-12;medicamento;0000140279;12;;CHEMICALTECH;DOSATAXEL 80MG 1FA 2ML+DIL.6ML;;;;;;;;;;;;;;5806.41;SIMPRO_VIG;2022-04-12;20;
SIMPRO;2026-04-12;medicamento;0000140281;12;;CHEMICALTECH;DOSATECAN 20MG/ML 1FA 2ML;;;;;;;;;;;;;;572.25;SIMPRO_VIG;2013-04-08;20;
SIMPRO;2026-04-12;medicamento;0000140280;12;;CHEMICALTECH;DOSATECAN 20MG/ML 1FA 5ML;;;;;;;;;;;;;;1430.67;SIMPRO_VIG;2013-04-08;20;
SIMPRO;2026-04-12;medicamento;0000276000;12;;ACHE;DOSE D MELT 120CPDS MASTIG.;;;;;;;;;;;;;;0.323;SIMPRO_VIG;2022-04-05;20;
SIMPRO;2026-04-12;medicamento;0000275999;12;;ACHE;DOSE D MELT 60CPDS MASTIG.;;;;;;;;;;;;;;0.385;SIMPRO_VIG;2022-04-05;20;
SIMPRO;2026-04-12;medicamento;0000240394;12;;ACHE;DOSE D SOL.ORAL MACA VERDE 10ML;;;;;;;;;;;;;;46.46;SIMPRO_VIG;2026-01-01;20;
SIMPRO;2026-04-12;medicamento;0000240395;12;;ACHE;DOSE D SOL.ORAL MACA VERDE 20ML(LIBERADO);;;;;;;;;;;;;;63.02;SIMPRO_VIG;2026-01-01;20;
SIMPRO;2026-04-12;medicamento;0000312659;12;;BIOLAB SANUS;DOSS 1000UI 10ML;;;;;;;;;;;;;;75.14;SIMPRO_VIG;2025-04-09;20;
SIMPRO;2026-04-12;medicamento;0000315572;12;;BIOLAB SANUS;DOSS 1000UI 30CAPS;;;;;;;;;;;;;;1.682;SIMPRO_VIG;2025-04-09;20;
SIMPRO;2026-04-12;medicamento;0000244771;12;;BIOLAB SANUS;DOSS 1000UI 30CAPS GEL.MOLE;;;;;;;;;;;;;;1.127;SIMPRO_VIG;2022-04-12;20;
SIMPRO;2026-04-12;medicamento;0000244772;12;;BIOLAB SANUS;DOSS 1000UI 60CAPS GEL.MOLE;;;;;;;;;;;;;;1.619;SIMPRO_VIG;2025-04-09;20;
SIMPRO;2026-04-12;medicamento;0000276902;12;;BIOLAB SANUS;DOSS 1000UI 90CAPS GEL.MOLE;;;;;;;;;;;;;;1.299;SIMPRO_VIG;2025-04-09;20;
SIMPRO;2026-04-12;medicamento;0000315573;12;;BIOLAB SANUS;DOSS 2000UI 30CAPS;;;;;;;;;;;;;;2.017;SIMPRO_VIG;2025-04-09;20;
SIMPRO;2026-04-12;medicamento;0000297383;12;;BIOLAB SANUS;DOSS 2000UI 30CAPS GEL.MOLE;;;;;;;;;;;;;;1.582;SIMPRO_VIG;2025-04-09;20;
SIMPRO;2026-04-12;medicamento;0000297385;12;;BIOLAB SANUS;DOSS 2000UI 60CAPS GEL.MOLE;;;;;;;;;;;;;;1.701;SIMPRO_VIG;2025-04-09;20;
SIMPRO;2026-04-12;medicamento;0000315574;12;;BIOLAB SANUS;DOSS 2000UI 90CAPS;;;;;;;;;;;;;;1.829;SIMPRO_VIG;2025-04-09;20;
SIMPRO;2026-04-12;medicamento;0000314173;12;;BIOLAB SANUS;DOSS 2000UI 90CAPS GEL.MOLE;;;;;;;;;;;;;;1.431;SIMPRO_VIG;2025-04-09;20;
SIMPRO;2026-04-12;medicamento;0000297387;12;;BIOLAB SANUS;DOSS 3000UI 30CAPS GEL.MOLE;;;;;;;;;;;;;;2.455;SIMPRO_VIG;2025-04-09;20;
SIMPRO;2026-04-12;medicamento;0000297388;12;;BIOLAB SANUS;DOSS 3000UI 60CAPS GEL.MOLE;;;;;;;;;;;;;;2.159;SIMPRO_VIG;2025-04-09;20;
SIMPRO;2026-04-12;medicamento;0000297396;12;;BIOLAB SANUS;DOSS 50000UI 4CAPS GEL.MOLE;;;;;;;;;;;;;;26.635;SIMPRO_VIG;2025-04-09;20;
SIMPRO;2026-04-12;medicamento;0000297399;12;;BIOLAB SANUS;DOSS 50000UI 8CAPS GEL.MOLE;;;;;;;;;;;;;;20.561;SIMPRO_VIG;2025-04-09;20;
SIMPRO;2026-04-12;medicamento;0000297393;12;;BIOLAB SANUS;DOSS 7000UI 12CAPS GEL.MOLE;;;;;;;;;;;;;;3.957;SIMPRO_VIG;2025-04-09;20;
SIMPRO;2026-04-12;medicamento;0000297394;12;;BIOLAB SANUS;DOSS 7000UI 30CAPS GEL.MOLE;;;;;;;;;;;;;;3.628;SIMPRO_VIG;2025-04-09;20;
SIMPRO;2026-04-12;medicamento;0000297391;12;;BIOLAB SANUS;DOSS 7000UI 4CAPS GEL.MOLE;;;;;;;;;;;;;;5.155;SIMPRO_VIG;2025-04-09;20;
SIMPRO;2026-04-12;medicamento;0000315575;12;;BIOLAB SANUS;DOSS ZINCO 2000UI+20MG 30CAPS;;;;;;;;;;;;;;2.474;SIMPRO_VIG;2025-04-09;20;
SIMPRO;2026-04-12;medicamento;0000037392;12;;PFIZER BRASIL;DOSTINEX 0,5MG 2CPDS;;;;;;;;;;;;;;73.32;SIMPRO_VIG;2025-04-01;20;
SIMPRO;2026-04-12;medicamento;0000026540;12;;PFIZER BRASIL;DOSTINEX 0,5MG 8CPDS;;;;;;;;;;;;;;63.355;SIMPRO_VIG;2025-04-01;20;
SIMPRO;2026-04-12;medicamento;0000171906;12;;GUERBET;DOTAREM 0,5MMOL/ML SER.PREENCH.10ML S/6,5% IPI;;;;;;;;;;;;;;226.43;SIMPRO_VIG;2025-04-09;20;
SIMPRO;2026-04-12;medicamento;0000043364;12;;GUERBET;DOTAREM 0,5MMOL/ML SER.PREENCH.15ML S/6,5% IPI;;;;;;;;;;;;;;360.04;SIMPRO_VIG;2025-04-09;20;
SIMPRO;2026-04-12;medicamento;0000043365;12;;GUERBET;DOTAREM 0,5MMOL/ML SER.PREENCH.20ML;;;;;;;;;;;;;;280.1;SIMPRO_VIG;2014-04-08;20;
SIMPRO;2026-04-12;medicamento;0000043363;12;;GUERBET;DOTAREM 1FA 20ML S/6,5% IPI;;;;;;;;;;;;;;25.548;SIMPRO_VIG;2025-04-09;20;
SIMPRO;2026-04-12;medicamento;0000123048;12;;GUERBET;DOTAREM 1FA 60ML S/6,5% IPI;;;;;;;;;;;;;;24.055;SIMPRO_VIG;2025-04-09;20;
SIMPRO;2026-04-12;medicamento;0000128627;12;;GUERBET;DOTAREM 25FA 10ML S/6,5% IPI;;;;;;;;;;;;;;226.422;SIMPRO_VIG;2025-04-09;20;
SIMPRO;2026-04-12;medicamento;0000128628;12;;GUERBET;DOTAREM 25FA 15ML S/6,5% IPI;;;;;;;;;;;;;;360.055;SIMPRO_VIG;2025-04-09;20;
SIMPRO;2026-04-12;medicamento;0000136584;12;;UNIAO QUIMICA;DOXAPROST 2MG 30CPDS;;;;;;;;;;;;;;1.228;SIMPRO_VIG;2025-04-04;20;
SIMPRO;2026-04-12;medicamento;0000136585;12;;UNIAO QUIMICA;DOXAPROST 4MG 30CPDS;;;;;;;;;;;;;;2.458;SIMPRO_VIG;2025-04-04;20;
SIMPRO;2026-04-12;medicamento;0000145325;12;;LIBRA;DOXELIB 20MG 1FA 0,5ML+DIL.1,5ML;;;;;;;;;;;;;;515.54;SIMPRO_VIG;2016-04-12;20;
SIMPRO;2026-04-12;medicamento;0000145326;12;;LIBRA;DOXELIB 80MG 1FA 2ML+DIL.6ML;;;;;;;;;;;;;;2205.41;SIMPRO_VIG;2016-04-12;20;
SIMPRO;2026-04-12;medicamento;0000056189;12;;SANDOZ;DOXICICLINA 100MG 15CPDS SOLUVEL;;;;;;;;;;;;;;3.339;SIMPRO_VIG;2022-04-26;20;
SIMPRO;2026-04-12;medicamento;0000068382;12;;SANDOZ;DOXICICLINA 100MG 20CPDS SOLUVEL;;;;;;;;;;;;;;3.152;SIMPRO_VIG;2022-04-26;20;
SIMPRO;2026-04-12;medicamento;0000166471;12;;SANDOZ;DOXICICLINA GEN.100MG 20CPDS.;;;;;;;;;;;;;;1.974;SIMPRO_VIG;2014-07-15;20;
SIMPRO;2026-04-12;medicamento;0000031918;12;;LEGRAND;DOXILEGRAND 100MG 15DRGS;;;;;;;;;;;;;;1.289;SIMPRO_VIG;2010-04-01;20;
SIMPRO;2026-04-12;medicamento;0000115300;12;;ADIUM;DOXOPEG 2MG/ML SUSP.INJ.1FA 10ML;;;;;;;;;;;;;;368.088;SIMPRO_VIG;2025-04-04;20;
SIMPRO;2026-04-12;medicamento;0000136733;12;;FRESENIUS;DOXORRUBICINA 10MG PO LIOFILO 1FA;;;;;;;;;;;;;;57.31;SIMPRO_VIG;2010-10-27;20;
SIMPRO;2026-04-12;medicamento;0000136734;12;;FRESENIUS;DOXORRUBICINA 50MG PO LIOFILO 1FA;;;;;;;;;;;;;;156.11;SIMPRO_VIG;2010-10-27;20;
SIMPRO;2026-04-12;medicamento;0000138571;12;;CAZI;DOXSOL 2MG 10CPDS;;;;;;;;;;;;;;3.79;SIMPRO_VIG;2009-09-15;20;
SIMPRO;2026-04-12;medicamento;0000166472;12;;SANDOZ;DOXURAN 2MG 10CPDS;;;;;;;;;;;;;;1.194;SIMPRO_VIG;2018-04-24;20;
SIMPRO;2026-04-12;medicamento;0000166473;12;;SANDOZ;DOXURAN 2MG 30CPDS;;;;;;;;;;;;;;0.756;SIMPRO_VIG;2022-04-26;20;
SIMPRO;2026-04-12;medicamento;0000139914;12;;SANDOZ;DOXURAN 4MG 20CPDS;;;;;;;;;;;;;;2.626;SIMPRO_VIG;2020-06-30;20;
SIMPRO;2026-04-12;medicamento;0000139915;12;;SANDOZ;DOXURAN 4MG 30CPDS;;;;;;;;;;;;;;1.51;SIMPRO_VIG;2022-04-26;20;
SIMPRO;2026-04-12;medicamento;0000312692;12;;MARJAN;DOZEMAST 1000MCG 10CPDS SUBL.ORODISP.;;;;;;;;;;;;;;3.478;SIMPRO_VIG;2026-04-01;20;
SIMPRO;2026-04-12;medicamento;0000312693;12;;MARJAN;DOZEMAST 1000MCG 30CPDS SUBL.ORODISP.;;;;;;;;;;;;;;3.479;SIMPRO_VIG;2026-04-01;20;
SIMPRO;2026-04-12;medicamento;0000071889;12;;NEO QUIMICA;DRAMAVIT 100X4CPDS;;;;;;;;;;;;;;0.356;SIMPRO_VIG;2020-04-07;20;
SIMPRO;2026-04-12;medicamento;0000023590;12;;NEO QUIMICA;DRAMAVIT B6 20CPDS;;;;;;;;;;;;;;0.705;SIMPRO_VIG;2018-03-01;20;
SIMPRO;2026-04-12;medicamento;0000023587;12;;NEO QUIMICA;DRAMAVIT B6 GTS.20ML;;;;;;;;;;;;;;0.92;SIMPRO_VIG;2025-04-09;20;
SIMPRO;2026-04-12;medicamento;0000146701;12;;TAKEDA;DRAMIN 100MG 20CPDS;;;;;;;;;;;;;;0.368;SIMPRO_VIG;2013-04-19;20;
SIMPRO;2026-04-12;medicamento;0000162999;12;;COSMED;DRAMIN 25MG 10CAPS GEL.MOLE;;;;;;;;;;;;;;2.397;SIMPRO_VIG;2026-01-01;20;
SIMPRO;2026-04-12;medicamento;0000166447;12;;TAKEDA;DRAMIN 50MG 100CAPS GEL.MOLE;;;;;;;;;;;;;;132.27;SIMPRO_VIG;2021-04-06;20;
SIMPRO;2026-04-12;medicamento;0000166446;12;;COSMED;DRAMIN 50MG 10CAPS GEL.MOLE;;;;;;;;;;;;;;2.374;SIMPRO_VIG;2026-01-01;20;
SIMPRO;2026-04-12;medicamento;0000316260;12;;TAKEDA;DRAMIN 50MG 1CAP GEL.MOLE F.V.(100CPDS);;;;;;;;;;;;;;13.23;SIMPRO_VIG;2021-04-06;20;
SIMPRO;2026-04-12;medicamento;0000316261;12;;TAKEDA;DRAMIN 50MG 1CAP GEL.MOLE F.V.(200CPDS);;;;;;;;;;;;;;13.23;SIMPRO_VIG;2021-04-06;20;
SIMPRO;2026-04-12;medicamento;0000313318;12;;TAKEDA;DRAMIN 50MG 200CAPS GEL.MOLE;;;;;;;;;;;;;;1.323;SIMPRO_VIG;2021-04-06;20;
SIMPRO;2026-04-12;medicamento;0000166448;12;;TAKEDA;DRAMIN 50MG 4CAPS GEL.F.V;;;;;;;;;;;;;;3.508;SIMPRO_VIG;2012-05-01;20;
SIMPRO;2026-04-12;medicamento;0000146703;12;;TAKEDA;DRAMIN B-6 25+5MG/ML SOL.ORAL GTS.30ML;;;;;;;;;;;;;;19.51;SIMPRO_VIG;2021-04-06;20;
SIMPRO;2026-04-12;medicamento;0000283340;12;;TAKEDA;DRAMIN B-6 50+50MG/ML AMP 1ML F.V;;;;;;;;;;;;;;2.58;SIMPRO_VIG;2019-04-09;20;
SIMPRO;2026-04-12;medicamento;0000146702;12;;COSMED;DRAMIN B6 50+10MG 30CPDS REV.;;;;;;;;;;;;;;0.841;SIMPRO_VIG;2025-04-09;20;
SIMPRO;2026-04-12;medicamento;0000067998;12;;TAKEDA;DRAMIN B6 50+50MG/ML SOL.INJ.10AMP 1ML;;;;;;;;;;;;;;2.806;SIMPRO_VIG;2020-04-07;20;
SIMPRO;2026-04-12;medicamento;0000269288;12;;TAKEDA;DRAMIN B6 DL 3+5+100+100MG/ML SOL.INJ.1AMP 10ML F.V;;;;;;;;;;;;;;3.47;SIMPRO_VIG;2021-04-06;20;
SIMPRO;2026-04-12;medicamento;0000044911;12;;TAKEDA;DRAMIN SOL.ORAL 120ML;;;;;;;;;;;;;;0.181;SIMPRO_VIG;2013-04-19;20;
SIMPRO;2026-04-12;medicamento;0000141863;12;;LEGRAND PRESCRICAO;DRENATAN 0,05MG/ML SOL.OFT.2,5ML;;;;;;;;;;;;;;178.22;SIMPRO_VIG;2025-04-04;20;
SIMPRO;2026-04-12;medicamento;0000138573;12;;CAZI;DRENIDRA 25MG 42CPDS;;;;;;;;;;;;;;0.376;SIMPRO_VIG;2009-09-15;20;
SIMPRO;2026-04-12;medicamento;0000138572;12;;CAZI;DRENIDRA 50MG 28CPDS;;;;;;;;;;;;;;0.536;SIMPRO_VIG;2009-09-15;20;
SIMPRO;2026-04-12;medicamento;0000104837;12;;BIOLAB SANUS;DRENISON 0,5MG/ML LOCAO 30ML;;;;;;;;;;;;;;1.821;SIMPRO_VIG;2025-04-09;20;
SIMPRO;2026-04-12;medicamento;0000101097;12;;BIOLAB SANUS;DRENISON OCLUSIVO 4MCG 60CMX7,5CM;;;;;;;;;;;;;;0;SIMPRO_VIG;2010-04-01;20;
SIMPRO;2026-04-12;medicamento;0000104754;12;;BELFAR;DRENOGRIP 100DRGS;;;;;;;;;;;;;;0.7;SIMPRO_VIG;2026-03-31;20;
SIMPRO;2026-04-12;medicamento;0000042392;12;;ROYTON;DROFAXIL 250MG/5ML SUSP.80ML;;;;;;;;;;;;;;0.287;SIMPRO_VIG;2007-04-09;20;
SIMPRO;2026-04-12;medicamento;0000042393;12;;ROYTON;DROFAXIL 500MG 8CAPS;;;;;;;;;;;;;;3.042;SIMPRO_VIG;2007-04-09;20;
SIMPRO;2026-04-12;medicamento;0000009527;12;;CRISTALIA;DROPERDAL 2,5MG/ML 50AMP 1ML;;;;;;;;;;;;;;11.673;SIMPRO_VIG;2025-04-09;20;
SIMPRO;2026-04-12;medicamento;0000306862;12;;CRISTALIA;DROPERDAL 2,5MG/ML SOL.INJ 25AMP 1ML;;;;;;;;;;;;;;9.206;SIMPRO_VIG;2021-04-13;20;
SIMPRO;2026-04-12;medicamento;0000060626;12;;SANOFI MEDLEY;DROPROPIZINA 1,5MG XPE.120ML;;;;;;;;;;;;;;0.093;SIMPRO_VIG;2026-03-31;20;
SIMPRO;2026-04-12;medicamento;0000140540;12;;PRATI-DONADUZZI;DROPROPIZINA 1,5MG/ML XPE.120ML;;;;;;;;;;;;;;0.103;SIMPRO_VIG;2021-04-06;20;
SIMPRO;2026-04-12;medicamento;0000242054;12;;BIOSINTETICA;DROPROPIZINA 1,5MG/ML XPE.120ML+SER.DOSAD.;;;;;;;;;;;;;;0.086;SIMPRO_VIG;2020-06-23;20;
SIMPRO;2026-04-12;medicamento;0000092976;12;;NEO QUIMICA;DROPROPIZINA 1,5MG/ML XPE.PED.120ML;;;;;;;;;;;;;;0.118;SIMPRO_VIG;2024-04-05;20;
SIMPRO;2026-04-12;medicamento;0000244522;12;;ACHE;DROPROPIZINA 1,5MG/ML XPE.PED.120ML;;;;;;;;;;;;;;0.059;SIMPRO_VIG;2018-11-01;20;
SIMPRO;2026-04-12;medicamento;0000060627;12;;SANOFI MEDLEY;DROPROPIZINA 3,0MG XPE.120ML;;;;;;;;;;;;;;0.169;SIMPRO_VIG;2021-04-13;20;
SIMPRO;2026-04-12;medicamento;0000140541;12;;PRATI-DONADUZZI;DROPROPIZINA 3MG/ML XPE.120ML;;;;;;;;;;;;;;0.158;SIMPRO_VIG;2021-04-06;20;
SIMPRO;2026-04-12;medicamento;0000071860;12;;UNIAO QUIMICA;DROPROPIZINA 3MG/ML XPE.120ML+COP.;;;;;;;;;;;;;;0.184;SIMPRO_VIG;2024-04-05;20;
SIMPRO;2026-04-12;medicamento;0000316206;12;;ACHE;DROPROPIZINA 3MG/ML XPE.120ML+COPO;;;;;;;;;;;;;;0.165;SIMPRO_VIG;2025-04-04;20;
SIMPRO;2026-04-12;medicamento;0000242055;12;;BIOSINTETICA;DROPROPIZINA 3MG/ML XPE.120ML+SER.DOSAD.;;;;;;;;;;;;;;0.111;SIMPRO_VIG;2020-06-26;20;
SIMPRO;2026-04-12;medicamento;0000092977;12;;NEO QUIMICA;DROPROPIZINA 3MG/ML XPE.ADU.120ML;;;;;;;;;;;;;;0.146;SIMPRO_VIG;2020-05-05;20;
SIMPRO;2026-04-12;medicamento;0000244523;12;;ACHE;DROPROPIZINA 3MG/ML XPE.ADU.120ML;;;;;;;;;;;;;;0.076;SIMPRO_VIG;2018-11-01;20;
SIMPRO;2026-04-12;medicamento;0000092490;12;;BIOFARMA;DROPTOSS 30MG/ML 10ML;;;;;;;;;;;;;;0.749;SIMPRO_VIG;2026-03-31;20;
SIMPRO;2026-04-12;medicamento;0000092489;12;;BIOFARMA;DROPTOSS XPE.ADU.120ML;;;;;;;;;;;;;;0.109;SIMPRO_VIG;2026-03-31;20;
SIMPRO;2026-04-12;medicamento;0000092488;12;;BIOFARMA;DROPTOSS XPE.INF.120ML;;;;;;;;;;;;;;0.085;SIMPRO_VIG;2026-03-31;20;
SIMPRO;2026-04-12;medicamento;0000308832;12;;NEO QUIMICA;DROPY-D 10000UI SOL.ORAL GTS.10ML;;;;;;;;;;;;;;10.591;SIMPRO_VIG;2025-04-09;20;
SIMPRO;2026-04-12;medicamento;0000308827;12;;NEO QUIMICA;DROPY-D 1000UI 30CPDS REV.;;;;;;;;;;;;;;1.542;SIMPRO_VIG;2024-04-05;20;
SIMPRO;2026-04-12;medicamento;0000308830;12;;NEO QUIMICA;DROPY-D 50000UI 4CPDS REV.;;;;;;;;;;;;;;26.038;SIMPRO_VIG;2025-04-09;20;
SIMPRO;2026-04-12;medicamento;0000308831;12;;NEO QUIMICA;DROPY-D 50000UI 8CPDS REV.;;;;;;;;;;;;;;18.308;SIMPRO_VIG;2025-04-09;20;
SIMPRO;2026-04-12;medicamento;0000308829;12;;NEO QUIMICA;DROPY-D 7000UI 10CPDS REV.;;;;;;;;;;;;;;4.67;SIMPRO_VIG;2025-04-09;20;
SIMPRO;2026-04-12;medicamento;0000308828;12;;NEO QUIMICA;DROPY-D 7000UI 4CPDS REV.;;;;;;;;;;;;;;8.013;SIMPRO_VIG;2025-04-09;20;
SIMPRO;2026-04-12;medicamento;0000255940;12;;LEGRAND GENERICOS;DROSPIRENONA+ETINILESTRADIOL 3+0,02MG 24CPDS REV.;;;;;;;;;;;;;;75.03;SIMPRO_VIG;2025-04-04;20;
SIMPRO;2026-04-12;medicamento;0000255945;12;;EMS GENERICOS;DROSPIRENONA+ETINILESTRADIOL 3+0,02MG 24CPDS REV.;;;;;;;;;;;;;;3.126;SIMPRO_VIG;2025-04-04;20;
SIMPRO;2026-04-12;medicamento;0000255949;12;;NOVA QUIMICA;DROSPIRENONA+ETINILESTRADIOL 3+0,02MG 24CPDS REV.;;;;;;;;;;;;;;3.126;SIMPRO_VIG;2025-04-04;20;
SIMPRO;2026-04-12;medicamento;0000255955;12;;GERMED GENERICOS;DROSPIRENONA+ETINILESTRADIOL 3+0,02MG 24CPDS REV.;;;;;;;;;;;;;;75.03;SIMPRO_VIG;2025-04-04;20;
SIMPRO;2026-04-12;medicamento;0000317117;12;;EMS GENERICOS;DROSPIRENONA+ETINILESTRADIOL 3+0,02MG 28CPDS REV.;;;;;;;;;;;;;;75;SIMPRO_VIG;2025-04-04;20;
SIMPRO;2026-04-12;medicamento;0000262671;12;;NOVA QUIMICA;DROSPIRENONA+ETINILESTRADIOL 3+0,02MG 72CPDS REV.;;;;;;;;;;;;;;2.852;SIMPRO_VIG;2025-04-04;20;
SIMPRO;2026-04-12;medicamento;0000262676;12;;LEGRAND GENERICOS;DROSPIRENONA+ETINILESTRADIOL 3+0,02MG 72CPDS REV.;;;;;;;;;;;;;;2.632;SIMPRO_VIG;2025-04-04;20;
SIMPRO;2026-04-12;medicamento;0000161175;12;;LEGRAND GENERICOS;DROSPIRENONA+ETINILESTRADIOL 3+0,03MG 21CPDS REV.;;;;;;;;;;;;;;3.147;SIMPRO_VIG;2025-04-04;20;
SIMPRO;2026-04-12;medicamento;0000163530;12;;EMS GENERICOS;DROSPIRENONA+ETINILESTRADIOL 3+0,03MG 21CPDS REV.;;;;;;;;;;;;;;65.76;SIMPRO_VIG;2025-04-04;20;
SIMPRO;2026-04-12;medicamento;0000167106;12;;GERMED GENERICOS;DROSPIRENONA+ETINILESTRADIOL 3+0,03MG 21CPDS REV.;;;;;;;;;;;;;;3.147;SIMPRO_VIG;2025-04-04;20;
SIMPRO;2026-04-12;medicamento;0000171784;12;;NOVA QUIMICA;DROSPIRENONA+ETINILESTRADIOL 3+0,03MG 21CPDS REV.;;;;;;;;;;;;;;3.131;SIMPRO_VIG;2025-04-04;20;
SIMPRO;2026-04-12;medicamento;0000172119;12;;SANOFI MEDLEY;DROSPIRENONA+ETINILESTRADIOL 3+0,03MG 21CPDS REV.;;;;;;;;;;;;;;40.39;SIMPRO_VIG;2020-06-19;20;
SIMPRO;2026-04-12;medicamento;0000179144;12;;LEGRAND GENERICOS;DROSPIRENONA+ETINILESTRADIOL 3+0,03MG 63CPDS REV.;;;;;;;;;;;;;;155.01;SIMPRO_VIG;2025-04-04;20;
SIMPRO;2026-04-12;medicamento;0000268214;12;;EMS GENERICOS;DROSPIRENONA+ETINILESTRADIOL 3+0,03MG 63CPDS REV.;;;;;;;;;;;;;;2.472;SIMPRO_VIG;2025-04-04;20;
SIMPRO;2026-04-12;medicamento;0000271676;12;;NOVA QUIMICA;DROSPIRENONA+ETINILESTRADIOL 3+0,03MG 63CPDS REV.;;;;;;;;;;;;;;2.472;SIMPRO_VIG;2025-04-04;20;
SIMPRO;2026-04-12;medicamento;0000268207;12;;GERMED GENERICOS;DROSPIRENONA+ETINILESTRADIOL 3+0,2MG 72CPDS REV.;;;;;;;;;;;;;;2.632;SIMPRO_VIG;2025-04-04;20;
SIMPRO;2026-04-12;medicamento;0000268206;12;;GERMED GENERICOS;DROSPIRENONA+ETINILESTRADIOL 3+0,3MG 63CPDS REV.;;;;;;;;;;;;;;2.472;SIMPRO_VIG;2025-04-04;20;
SIMPRO;2026-04-12;medicamento;0000295557;12;;EMS GENERICOS;DROSPIRENONA+ETINILESTRADIOL 3,0+0,02MG 72CPDS REV.;;;;;;;;;;;;;;62.897;SIMPRO_VIG;2025-04-04;20;
SIMPRO;2026-04-12;medicamento;0000257155;12;;SANDOZ;DROSPIRENONA+ETINILESTRADIOL 3,00+0,03MG 21CPDS REV.;;;;;;;;;;;;;;2.522;SIMPRO_VIG;2022-04-26;20;
SIMPRO;2026-04-12;medicamento;0000249246;12;;CIFARMA;DROSPIRENONA+ETINILESTRADIOL GEN. 3+0,03MG 21CPDS REV.;;;;;;;;;;;;;;1.935;SIMPRO_VIG;2015-04-01;20;
SIMPRO;2026-04-12;medicamento;0000248611;12;;MULTILAB;DROXY 25MG 30CPDS;;;;;;;;;;;;;;1.374;SIMPRO_VIG;2025-04-04;20;
SIMPRO;2026-04-12;medicamento;0000153669;12;;UNIAO QUIMICA;DRUSOLOL 20+5MG/ML SOL.OFT.5ML;;;;;;;;;;;;;;20.554;SIMPRO_VIG;2025-04-04;20;
SIMPRO;2026-04-12;medicamento;0000310287;12;;CRISTALIA;DRY 5MG 30CPDS;;;;;;;;;;;;;;1.339;SIMPRO_VIG;2025-04-09;20;
SIMPRO;2026-04-12;medicamento;0000310288;12;;CRISTALIA;DRY 5MG 60CPDS;;;;;;;;;;;;;;1.339;SIMPRO_VIG;2025-04-09;20;
SIMPRO;2026-04-12;medicamento;0000157468;12;;OPHTHALMOS;DRY-LIN 1GR 60CAPS GEL;;;;;;;;;;;;;;0.867;SIMPRO_VIG;2015-04-06;20;
SIMPRO;2026-04-12;medicamento;0000275298;12;;OPHTHALMOS;DRY-LIN OLEO LINHO 1G 60CAPS;;;;;;;;;;;;;;1.257;SIMPRO_VIG;2024-04-05;20;
SIMPRO;2026-04-12;medicamento;0000107057;12;;LEGRAND TARJADOS;DRYLTAC 140MG 10CAPS GEL.DURA;;;;;;;;;;;;;;1.735;SIMPRO_VIG;2019-04-09;20;
SIMPRO;2026-04-12;medicamento;0000107058;12;;LEGRAND TARJADOS;DRYLTAC 140MG 14CAPS GEL.DURA;;;;;;;;;;;;;;2.009;SIMPRO_VIG;2021-04-06;20;
SIMPRO;2026-04-12;medicamento;0000107059;12;;LEGRAND TARJADOS;DRYLTAC 140MG 20CAPS GEL.DURA;;;;;;;;;;;;;;2.013;SIMPRO_VIG;2021-04-06;20;
SIMPRO;2026-04-12;medicamento;0000298690;12;;BIOLAB SANUS;DTN-FOL 400MCG+10MG BL.30CAPS GEL.MOLE;;;;;;;;;;;;;;0.999;SIMPRO_VIG;2024-04-05;20;
SIMPRO;2026-04-12;medicamento;0000298691;12;;BIOLAB SANUS;DTN-FOL 400MCG+10MG BL.90CAPS GEL.MOLE;;;;;;;;;;;;;;1.913;SIMPRO_VIG;2025-04-09;20;
SIMPRO;2026-04-12;medicamento;0000290898;12;;BIOLAB SANUS;DTN-FOL 400MCG+10MG FR.30CAPS GEL.MOLE;;;;;;;;;;;;;;0.999;SIMPRO_VIG;2024-04-05;20;
SIMPRO;2026-04-12;medicamento;0000137553;12;;BIOLAB SANUS;DTN-FOL 400MCG+10MG FR.90CAPS GEL.MOLE;;;;;;;;;;;;;;2.094;SIMPRO_VIG;2025-11-04;20;
SIMPRO;2026-04-12;medicamento;0000266788;12;;ACHE;DUAL 30MG 30CAPS GEL.DURA LIB.RETARD.;;;;;;;;;;;;;;2.182;SIMPRO_VIG;2025-09-02;20;
SIMPRO;2026-04-12;medicamento;0000266787;12;;ACHE;DUAL 30MG 7CAPS GEL.DURA LIB.RETARD.;;;;;;;;;;;;;;2.903;SIMPRO_VIG;2024-04-09;20;
SIMPRO;2026-04-12;medicamento;0000266790;12;;ACHE;DUAL 60MG 30CAPS GEL.DURA LIB.RETARD.;;;;;;;;;;;;;;4.251;SIMPRO_VIG;2025-09-02;20;
SIMPRO;2026-04-12;medicamento;0000266789;12;;ACHE;DUAL 60MG 7CAPS GEL.DURA LIB.RETARD.;;;;;;;;;;;;;;7.179;SIMPRO_VIG;2025-04-04;20;
SIMPRO;2026-04-12;medicamento;0000154242;12;;ACHE;DUALID S 75MG 20CPDS;;;;;;;;;;;;;;0;SIMPRO_VIG;2011-03-31;20;
SIMPRO;2026-04-12;medicamento;0000154331;12;;ACHE;DUALID S 75MG 20CPDS LIB.PROLONG.;;;;;;;;;;;;;;0.895;SIMPRO_VIG;2011-05-01;20;
SIMPRO;2026-04-12;medicamento;0000131027;12;;ACHE;DUALID S 75MG 30CAPS GEL.;;;;;;;;;;;;;;1.023;SIMPRO_VIG;2011-03-31;20;
SIMPRO;2026-04-12;medicamento;0000154243;12;;ACHE;DUALID S 75MG 30CPDS;;;;;;;;;;;;;;0;SIMPRO_VIG;2011-03-31;20;
SIMPRO;2026-04-12;medicamento;0000154332;12;;ACHE;DUALID S 75MG 30CPDS LIB.PROLONG.;;;;;;;;;;;;;;0.896;SIMPRO_VIG;2011-05-01;20;
SIMPRO;2026-04-12;medicamento;0000153605;12;;CIMED;DUCODIL 5MG 20CPDS REV.LIB.RETARD.;;;;;;;;;;;;;;0.556;SIMPRO_VIG;2025-04-04;20;
SIMPRO;2026-04-12;medicamento;0000317464;12;;MOMENTA FARMACEUTICA;DUCOX 200MG 10CAPS GEL.DURA;;;;;;;;;;;;;;4.863;SIMPRO_VIG;2025-04-04;20;
SIMPRO;2026-04-12;medicamento;0000317463;12;;MOMENTA FARMACEUTICA;DUCOX 200MG 30CAPS DURA;;;;;;;;;;;;;;4.296;SIMPRO_VIG;2025-04-04;20;
SIMPRO;2026-04-12;medicamento;0000034281;12;;DUCTO;DUCTELMIN 100MG 6CPDS;;;;;;;;;;;;;;0.452;SIMPRO_VIG;2011-05-12;20;
SIMPRO;2026-04-12;medicamento;0000034282;12;;DUCTO;DUCTELMIN 100MG/5ML SUSP.30ML;;;;;;;;;;;;;;0.166;SIMPRO_VIG;2011-05-12;20;
SIMPRO;2026-04-12;medicamento;0000107026;12;;DUCTO;DUCTOCILINA 250MG/5ML 150ML;;;;;;;;;;;;;;0;SIMPRO_VIG;2011-05-12;20;
SIMPRO;2026-04-12;medicamento;0000107025;12;;DUCTO;DUCTOCILINA 500MG 2X6CAPS;;;;;;;;;;;;;;1.202;SIMPRO_VIG;2011-05-12;20;
SIMPRO;2026-04-12;medicamento;0000034267;12;;NEO QUIMICA;DUCTOGEL 300MG 24CPDS;;;;;;;;;;;;;;0.433;SIMPRO_VIG;2026-03-31;20;
SIMPRO;2026-04-12;medicamento;0000034268;12;;DUCTO;DUCTOGEL SUSP.150ML;;;;;;;;;;;;;;0.093;SIMPRO_VIG;2011-05-12;20;
SIMPRO;2026-04-12;medicamento;0000107023;12;;DUCTO;DUCTOGERON 25MG 3X10CPDS;;;;;;;;;;;;;;0.176;SIMPRO_VIG;2011-05-12;20;
SIMPRO;2026-04-12;medicamento;0000107024;12;;DUCTO;DUCTOGERON 75MG 3X10CPDS;;;;;;;;;;;;;;0.38;SIMPRO_VIG;2011-05-12;20;
SIMPRO;2026-04-12;medicamento;0000040325;12;;DUCTO;DUCTOMET 250MG 3X10CPDS REV.;;;;;;;;;;;;;;0.715;SIMPRO_VIG;2011-05-12;20;
SIMPRO;2026-04-12;medicamento;0000040324;12;;DUCTO;DUCTOMET 500MG 3X10CPDS;;;;;;;;;;;;;;1.402;SIMPRO_VIG;2011-05-12;20;
SIMPRO;2026-04-12;medicamento;0000038329;12;;DUCTO;DUCTOPRIL 25MG 16CPDS;;;;;;;;;;;;;;0.534;SIMPRO_VIG;2011-05-12;20;
SIMPRO;2026-04-12;medicamento;0000096643;12;;DUCTO;DUCTOPRIL 25MG 2X16CPDS;;;;;;;;;;;;;;0.511;SIMPRO_VIG;2011-05-12;20;
SIMPRO;2026-04-12;medicamento;0000034269;12;;DUCTO;DUCTOVERAN GTS.25ML;;;;;;;;;;;;;;0.366;SIMPRO_VIG;2011-05-12;20;
SIMPRO;2026-04-12;medicamento;0000066331;12;;DUCTO;DUCTOVIRAX 200MG 5X5CPDS;;;;;;;;;;;;;;2.04;SIMPRO_VIG;2011-05-12;20;
SIMPRO;2026-04-12;medicamento;0000066332;12;;DUCTO;DUCTOVIRAX 50MG/G CRM.10GRS;;;;;;;;;;;;;;1.656;SIMPRO_VIG;2011-05-12;20;
SIMPRO;2026-04-12;medicamento;0000248014;12;;CIFARMA;DUEFIBRA 10SACH 5G(LIBERADO);;;;;;;;;;;;;;1.534;SIMPRO_VIG;2015-04-01;20;
SIMPRO;2026-04-12;medicamento;0000248015;12;;CIFARMA;DUEFIBRA 225G(LIBERADO);;;;;;;;;;;;;;0.257;SIMPRO_VIG;2015-04-01;20;
SIMPRO;2026-04-12;medicamento;0000286459;12;;ZYDUS NIKKHO;DUELLE 2+0,35MG 21CPDS REV.;;;;;;;;;;;;;;1.429;SIMPRO_VIG;2025-04-09;20;
SIMPRO;2026-04-12;medicamento;0000286463;12;;ZYDUS NIKKHO;DUELLE 2+0,35MG 63CPDS REV.;;;;;;;;;;;;;;1.429;SIMPRO_VIG;2025-04-09;20;
SIMPRO;2026-04-12;medicamento;0000127979;12;;SANOFI-AVENTIS;DUKORAL 3ML 1DS+1SACHEX5,6GRS;;;;;;;;;;;;;;79.28;SIMPRO_VIG;2013-04-01;20;
SIMPRO;2026-04-12;medicamento;0000305385;12;;SANOFI MEDLEY;DULCOGAS 125MG 10CAPS GEL.MOLE;;;;;;;;;;;;;;1.091;SIMPRO_VIG;2020-06-02;20;
SIMPRO;2026-04-12;medicamento;0000305386;12;;SANOFI MEDLEY;DULCOGAS 5MG/ML SOL.ORAL 15ML;;;;;;;;;;;;;;0.686;SIMPRO_VIG;2020-06-02;20;
SIMPRO;2026-04-12;medicamento;0000296976;12;;OPELLA CONSUMER;DULCOLAX 5MG 20CPDS REV.LIB.RETARD.;;;;;;;;;;;;;;1.011;SIMPRO_VIG;2026-02-03;20;
SIMPRO;2026-04-12;medicamento;0000241573;12;;GERMED;DULORGRAN 30MG 15CAPS;;;;;;;;;;;;;;1.685;SIMPRO_VIG;2019-04-09;20;
SIMPRO;2026-04-12;medicamento;0000241576;12;;GERMED;DULORGRAN 30MG 2BLX15CAPS;;;;;;;;;;;;;;1.685;SIMPRO_VIG;2019-04-09;20;
SIMPRO;2026-04-12;medicamento;0000241572;12;;GERMED;DULORGRAN 30MG 7CAPS;;;;;;;;;;;;;;1.687;SIMPRO_VIG;2019-04-09;20;
SIMPRO;2026-04-12;medicamento;0000241578;12;;GERMED;DULORGRAN 60MG 3BLX10CAPS;;;;;;;;;;;;;;3.17;SIMPRO_VIG;2019-04-09;20;
SIMPRO;2026-04-12;medicamento;0000037657;12;;ALCON;DUNASON 15ML;;;;;;;;;;;;;;0;SIMPRO_VIG;2009-10-16;20;
SIMPRO;2026-04-12;medicamento;0000167110;12;;MEDLEY;DUO-CETOFEN 150MG 10CPDS;;;;;;;;;;;;;;1.998;SIMPRO_VIG;2012-05-28;20;
SIMPRO;2026-04-12;medicamento;0000167111;12;;MEDLEY;DUO-CETOFEN 150MG 4CPDS;;;;;;;;;;;;;;1.998;SIMPRO_VIG;2012-05-28;20;
SIMPRO;2026-04-12;medicamento;0000131478;12;;ACHE;DUO-DECADRON 8+2MG/ML SUSP.INJ.1FA 1ML+SER.DOSAD.;;;;;;;;;;;;;;16.42;SIMPRO_VIG;2023-04-01;20;
SIMPRO;2026-04-12;medicamento;0000119794;12;;ALCON;DUO-TRAVATAN 0,04+5MG/ML SOL.OFT.2,5ML;;;;;;;;;;;;;;43.98;SIMPRO_VIG;2015-04-01;20;
SIMPRO;2026-04-12;medicamento;0000268810;12;;NOVARTIS;DUO-TRAVATAN 0,04+5MG/ML SOL.OFT.2,5ML;;;;;;;;;;;;;;78.256;SIMPRO_VIG;2025-04-04;20;
SIMPRO;2026-04-12;medicamento;0000175508;12;;ALCON;DUO-TRAVATAN 0,04+5MG/ML SOL.OFT.5ML;;;;;;;;;;;;;;219.91;SIMPRO_VIG;2015-04-01;20;
SIMPRO;2026-04-12;medicamento;0000268811;12;;NOVARTIS;DUO-TRAVATAN 0,04+5MG/ML SOL.OFT.5ML;;;;;;;;;;;;;;376.95;SIMPRO_VIG;2024-04-02;20;
SIMPRO;2026-04-12;medicamento;0000090048;12;;TORRENT;DUODOPA CR 50/200MG 30CPDS;;;;;;;;;;;;;;0;SIMPRO_VIG;2009-10-02;20;
SIMPRO;2026-04-12;medicamento;0000175637;12;;CRISTALIA;DUOFLAM 6,43+2,63MG 24AMP 1ML(EMB.HOSP.);;;;;;;;;;;;;;16.873;SIMPRO_VIG;2020-08-19;20;
SIMPRO;2026-04-12;medicamento;0000306863;12;;CRISTALIA;DUOFLAM 6,43+2,63MG/ML SUS.INJ.25AMP 1ML;;;;;;;;;;;;;;23.843;SIMPRO_VIG;2025-05-01;20;
SIMPRO;2026-04-12;medicamento;0000072148;12;;SUPERA;DUOFLAM 6,43+2,63MG/ML SUSP.INJ.+SER.1FA 1ML;;;;;;;;;;;;;;32.96;SIMPRO_VIG;2025-04-23;20;
SIMPRO;2026-04-12;medicamento;0000144139;12;;EUROFARMA;DUOMO 2MG 10CPDS;;;;;;;;;;;;;;0.815;SIMPRO_VIG;2015-04-01;20;
SIMPRO;2026-04-12;medicamento;0000134943;12;;EUROFARMA;DUOMO 2MG 30CPDS;;;;;;;;;;;;;;1.447;SIMPRO_VIG;2025-04-04;20;
SIMPRO;2026-04-12;medicamento;0000307131;12;;EUROFARMA;DUOMO 4MG 30CPDS;;;;;;;;;;;;;;2.237;SIMPRO_VIG;2025-04-04;20;
SIMPRO;2026-04-12;medicamento;0000241079;12;;EUROFARMA;DUOMO HP 2+5MG 20CAPS DURA;;;;;;;;;;;;;;5.293;SIMPRO_VIG;2024-04-09;20;
SIMPRO;2026-04-12;medicamento;0000241078;12;;EUROFARMA;DUOMO HP 2+5MG 30CAPS DURA;;;;;;;;;;;;;;5.4;SIMPRO_VIG;2025-04-04;20;
SIMPRO;2026-04-12;medicamento;0000303899;12;;EUROFARMA;DUOMO HP 2+5MG 60CAPS DURA;;;;;;;;;;;;;;3.385;SIMPRO_VIG;2025-04-04;20;
SIMPRO;2026-04-12;medicamento;0000150326;12;;B.BRAUN;DUOSOL C/POTASSIO 2MEQ BAG 5000ML 8916;;;;;;;;;;;;;;55.64;SIMPRO_VIG;2022-04-12;20;
SIMPRO;2026-04-12;medicamento;0000150327;12;;B.BRAUN;DUOSOL C/POTASSIO 4MEQ BAG 5000ML 8917;;;;;;;;;;;;;;55.64;SIMPRO_VIG;2022-04-12;20;
SIMPRO;2026-04-12;medicamento;0000150325;12;;B.BRAUN;DUOSOL S/POTASSIO BAG 5000ML 8914;;;;;;;;;;;;;;55.64;SIMPRO_VIG;2022-04-12;20;
SIMPRO;2026-04-12;medicamento;0000120881;12;;SANOFI MEDLEY;DUOTRAT 0,5MG/G+1,0MG CRM.30GRS;;;;;;;;;;;;;;0.889;SIMPRO_VIG;2021-04-13;20;
SIMPRO;2026-04-12;medicamento;0000120882;12;;SANOFI MEDLEY;DUOTRAT 0,5MG/G+1,0MG POM.30GRS;;;;;;;;;;;;;;0.79;SIMPRO_VIG;2026-03-31;20;
SIMPRO;2026-04-12;medicamento;0000154780;12;;BOEHRINGER;DUOVENT N 0,02MG/50MCL+0,05MG/50MCL AER.10ML+BOCAL;;;;;;;;;;;;;;2.387;SIMPRO_VIG;2025-04-01;20;
SIMPRO;2026-04-12;medicamento;0000129996;12;;SOLVAY;DUPHALAC 667MG/ML 10SACH 15ML;;;;;;;;;;;;;;3.754;SIMPRO_VIG;2010-04-01;20;
SIMPRO;2026-04-12;medicamento;0000118554;12;;ABBOTT;DUPHALAC 667MG/ML XPE.200ML;;;;;;;;;;;;;;0.15;SIMPRO_VIG;2017-02-22;20;
SIMPRO;2026-04-12;medicamento;0000279815;12;;ABBOTT;DUPHALAC STICH 10SACHES 15ML;;;;;;;;;;;;;;3.003;SIMPRO_VIG;2017-02-22;20;
SIMPRO;2026-04-12;medicamento;0000071009;12;;ABBOTT;DUPHASTON 10MG 14CPDS REV.;;;;;;;;;;;;;;1.491;SIMPRO_VIG;2017-02-22;20;
SIMPRO;2026-04-12;medicamento;0000071010;12;;ABBOTT;DUPHASTON 10MG 2BLX14CPDS REV.;;;;;;;;;;;;;;1.495;SIMPRO_VIG;2017-02-22;20;
SIMPRO;2026-04-12;medicamento;0000305387;12;;SANOFI MEDLEY;DUPIXENT 150MG/ML SOL.INJ.2SER.PREENC.2,0ML+SIST.SEGURANCA;;;;;;;;;;;;;;12385.07;SIMPRO_VIG;2026-03-03;20;
SIMPRO;2026-04-12;medicamento;0000313315;12;;SANOFI MEDLEY;DUPIXENT 175MG/ML SOL.INJ.2SER.PREENC.1,14ML+SIST.SEGURANCA;;;;;;;;;;;;;;12385.07;SIMPRO_VIG;2026-03-03;20;
SIMPRO;2026-04-12;medicamento;0000256988;12;;ABBOTT;DUPLOSTAT 800MG 60CAPS GEL.MOLE;;;;;;;;;;;;;;45;SIMPRO_VIG;2016-04-08;20;
SIMPRO;2026-04-12;medicamento;0000160008;12;;SCHERING PLOUGH;DURATESTON 250MG 1AMP 1ML;;;;;;;;;;;;;;11.47;SIMPRO_VIG;2019-05-07;20;
SIMPRO;2026-04-12;medicamento;0000308646;12;;ASPEN;DURATESTON 30+60+100+60MG SOL.INJ.AMP 1ML;;;;;;;;;;;;;;59.39;SIMPRO_VIG;2025-06-24;20;
SIMPRO;2026-04-12;medicamento;0000128374;12;;JANSSEN-CILAG;DUROGESIC D-TRANS 12,6MG 5ADES 75MCG/H;;;;;;;;;;;;;;0;SIMPRO_VIG;2009-05-21;20;
SIMPRO;2026-04-12;medicamento;0000128375;12;;JANSSEN-CILAG;DUROGESIC D-TRANS 16,8MG 5ADES 100MCG/H;;;;;;;;;;;;;;378.562;SIMPRO_VIG;2025-04-04;20;
SIMPRO;2026-04-12;medicamento;0000128371;12;;JANSSEN-CILAG;DUROGESIC D-TRANS 2,1MG 5ADES 12MCG/H;;;;;;;;;;;;;;62.66;SIMPRO_VIG;2025-04-04;20;
SIMPRO;2026-04-12;medicamento;0000128372;12;;JANSSEN-CILAG;DUROGESIC D-TRANS 4,2MG 5ADES 25MCG/H;;;;;;;;;;;;;;117.004;SIMPRO_VIG;2025-04-04;20;
SIMPRO;2026-04-12;medicamento;0000128373;12;;JANSSEN-CILAG;DUROGESIC D-TRANS 8,4MG 5ADES 50MCG/H;;;;;;;;;;;;;;218.486;SIMPRO_VIG;2025-04-04;20;
SIMPRO;2026-04-12;medicamento;0000044644;12;;ABBOTT;DUSPATALIN 200MG 30CAPS LIB.PROLONGADA;;;;;;;;;;;;;;3.513;SIMPRO_VIG;2017-02-22;20;
SIMPRO;2026-04-12;medicamento;0000269393;12;;ABBOTT;DUSPATALIN 200MG 60CAPS LIB.PROLONGADA;;;;;;;;;;;;;;4.682;SIMPRO_VIG;2017-02-22;20;
SIMPRO;2026-04-12;medicamento;0000294308;12;;ADIUM;DUTAM 0,5+0,4MG 10CAPS GEL.DURA LIB.PROLONG.;;;;;;;;;;;;;;5.079;SIMPRO_VIG;2025-04-04;20;
SIMPRO;2026-04-12;medicamento;0000294311;12;;ADIUM;DUTAM 0,5+0,4MG 30CAPS GEL.DURA LIB.PROLONG;;;;;;;;;;;;;;4.044;SIMPRO_VIG;2025-04-04;20;
SIMPRO;2026-04-12;medicamento;0000294312;12;;ADIUM;DUTAM 0,5+0,4MG 60CAPS GEL.DURA LIB.PROLONG.;;;;;;;;;;;;;;4.769;SIMPRO_VIG;2022-05-04;20;
SIMPRO;2026-04-12;medicamento;0000294317;12;;ADIUM;DUTAM 0,5+0,4MG 90CAPS GEL.DURA LIB.PROLONG.;;;;;;;;;;;;;;3.639;SIMPRO_VIG;2025-05-01;20;
SIMPRO;2026-04-12;medicamento;0000259882;12;;BIOSINTETICA;DUTASTERIDA 0,5MG 30CAPS GEL.MOLE;;;;;;;;;;;;;;5.708;SIMPRO_VIG;2020-06-23;20;
SIMPRO;2026-04-12;medicamento;0000260446;12;;ACHE;DUTASTERIDA 0,5MG 30CAPS GEL.MOLE;;;;;;;;;;;;;;3.797;SIMPRO_VIG;2018-11-01;20;
SIMPRO;2026-04-12;medicamento;0000271775;12;;SANDOZ;DUTASTERIDA 0,5MG 30CAPS GEL.MOLE;;;;;;;;;;;;;;5.249;SIMPRO_VIG;2018-04-24;20;
SIMPRO;2026-04-12;medicamento;0000308418;12;;ACHE;DUTASTERIDA 0,5MG 30CAPS GEL.MOLE;;;;;;;;;;;;;;7.574;SIMPRO_VIG;2024-04-09;20;
SIMPRO;2026-04-12;medicamento;0000140542;12;;PRATI-DONADUZZI;DUXIDINA 10MG/ML SOL.TOPICA 30ML;;;;;;;;;;;;;;0.417;SIMPRO_VIG;2019-05-03;20;
SIMPRO;2026-04-12;medicamento;0000140543;12;;PRATI-DONADUZZI;DUXIDINA 10MG/ML SOL.TOPICA 45ML;;;;;;;;;;;;;;0.42;SIMPRO_VIG;2019-05-03;20;
SIMPRO;2026-04-12;medicamento;0000140551;12;;PRATI-DONADUZZI;DUZIMICIN 500MG 12CAPSGEL DURA;;;;;;;;;;;;;;2.298;SIMPRO_VIG;2018-12-04;20;
SIMPRO;2026-04-12;medicamento;0000140552;12;;PRATI-DONADUZZI;DUZIMICIN 500MG 25X12CAPSGEL DURA;;;;;;;;;;;;;;0.448;SIMPRO_VIG;2013-11-06;20;
SIMPRO;2026-04-12;medicamento;0000140549;12;;PRATI DONADUZZI;DUZIMICIN 50MG 50FRX150ML;;;;;;;;;;;;;;6.495;SIMPRO_VIG;2009-12-07;20;
SIMPRO;2026-04-12;medicamento;0000140544;12;;PRATI-DONADUZZI;DUZIMICIN 50MG PO P/SUSPENSAO FR.VD.150ML;;;;;;;;;;;;;;0.215;SIMPRO_VIG;2018-12-04;20;
SIMPRO;2026-04-12;medicamento;0000140547;12;;PRATI-DONADUZZI;DUZIMICIN 50MG PO P/SUSPENSAO FR.VD.50X150ML;;;;;;;;;;;;;;10.759;SIMPRO_VIG;2017-05-22;20;
SIMPRO;2026-04-12;medicamento;0000140548;12;;PRATI-DONADUZZI;DUZIMICIN 50MG PO P/SUSPENSAO FR.VD.50X60ML;;;;;;;;;;;;;;3.798;SIMPRO_VIG;2017-05-22;20;
SIMPRO;2026-04-12;medicamento;0000140550;12;;PRATI DONADUZZI;DUZIMICIN 50MG PO.SUSP.PLAST.50FRX60ML;;;;;;;;;;;;;;2.427;SIMPRO_VIG;2009-12-07;20;
SIMPRO;2026-04-12;medicamento;0000140546;12;;PRATI DONADUZZI;DUZIMICIN 50MG/ML PLAST.150ML;;;;;;;;;;;;;;0.1;SIMPRO_VIG;2009-08-13;20;
SIMPRO;2026-04-12;medicamento;0000140545;12;;PRATI DONADUZZI;DUZIMICIN 50MG/ML PLAST.60ML;;;;;;;;;;;;;;0.056;SIMPRO_VIG;2009-08-13;20;
SIMPRO;2026-04-12;medicamento;0000313074;12;;PRATI-DONADUZZI;DVITTA 1000UI 30CAPS MOLE;;;;;;;;;;;;;;0.733;SIMPRO_VIG;2021-04-06;20;
SIMPRO;2026-04-12;medicamento;0000313075;12;;PRATI-DONADUZZI;DVITTA 1000UI 90CAPS MOLE;;;;;;;;;;;;;;0.636;SIMPRO_VIG;2021-04-06;20;
SIMPRO;2026-04-12;medicamento;0000313076;12;;PRATI-DONADUZZI;DVITTA 5000UI 30CAPS MOLE;;;;;;;;;;;;;;3.027;SIMPRO_VIG;2025-04-04;20;
SIMPRO;2026-04-12;medicamento;0000313077;12;;PRATI-DONADUZZI;DVITTA 5000UI 4CAPS MOLE;;;;;;;;;;;;;;15.468;SIMPRO_VIG;2025-04-04;20;
SIMPRO;2026-04-12;medicamento;0000313078;12;;PRATI-DONADUZZI;DVITTA 7000UI 10CAPS MOLE;;;;;;;;;;;;;;3.987;SIMPRO_VIG;2025-04-04;20;
SIMPRO;2026-04-12;medicamento;0000313079;12;;PRATI-DONADUZZI;DVITTA 7000UI 30CAPS MOLE;;;;;;;;;;;;;;2.634;SIMPRO_VIG;2025-04-04;20;
SIMPRO;2026-04-12;medicamento;0000313080;12;;PRATI-DONADUZZI;DVITTA 7000UI 4CAPS MOLE;;;;;;;;;;;;;;4.458;SIMPRO_VIG;2025-04-04;20;
SIMPRO;2026-04-12;medicamento;0000313081;12;;PRATI-DONADUZZI;DVITTA 7000UI 8CAPS MOLE;;;;;;;;;;;;;;4.155;SIMPRO_VIG;2025-04-04;20;
SIMPRO;2026-04-12;medicamento;0000037329;12;;BIOSINTETICA;DYSPORT-TOXINA BUTOLINICA TA 500 1FA;;;;;;;;;;;;;;0;SIMPRO_VIG;2010-04-15;20;
