fonte;edicao;tipo_item;codigo_fonte;tabela_fonte;chave_fonte;laboratorio;produto;apresentacao;principio_ativo;ean;registro_anvisa;codigo_tuss;ggrem;generico;restrito_hospitalar;qtd_embalagem;pf_total;pmc_total;pf_unit;pmc_unit;preco_ref;tipo_preco;vigencia;tabela87_sugerida;precos_extra
SIMPRO;2026-04-12;medicamento;0000119292;12;;HOSPPHARMA;L-ALANIL GLUTAMINA 1ML;;;;;;;;;;;;;;7.97;SIMPRO_VIG;2016-04-12;20;
SIMPRO;2026-04-12;medicamento;0000284037;12;;LIFE;L-ALANIL L-GLUTAMINA 20% COMPLEMENTO NPT 1ML;;;;;;;;;;;;;;12.74;SIMPRO_VIG;2025-09-16;20;
SIMPRO;2026-04-12;medicamento;0000306836;12;;UNIAO QUIMICA;L-CAPS 60CAPS;;;;;;;;;;;;;;1.609;SIMPRO_VIG;2024-04-05;20;
SIMPRO;2026-04-12;medicamento;0000289629;12;;VITAFOR;L-CARNITINA 120CAPS;;;;;;;;;;;;;;1.867;SIMPRO_VIG;2021-04-13;20;
SIMPRO;2026-04-12;medicamento;0000289628;12;;VITAFOR;L-CARNITINA 60CAPS;;;;;;;;;;;;;;2.2;SIMPRO_VIG;2021-04-13;20;
SIMPRO;2026-04-12;medicamento;0000273069;12;;ACHE;LABEL 15MG/ML XPE 20ML+COP+SER.DOS.;;;;;;;;;;;;;;3.01;SIMPRO_VIG;2023-04-01;20;
SIMPRO;2026-04-12;medicamento;0000173996;12;;ACHE;LABEL 40MG/ML SOL.ORAL 30ML;;;;;;;;;;;;;;1.249;SIMPRO_VIG;2024-02-01;20;
SIMPRO;2026-04-12;medicamento;0000173997;12;;ACHE;LABEL 40MG/ML SOL.ORAL 45ML;;;;;;;;;;;;;;1.258;SIMPRO_VIG;2024-02-01;20;
SIMPRO;2026-04-12;medicamento;0000055371;12;;TEUTO BRAS;LABIGERON 25MG 30CPDS;;;;;;;;;;;;;;0.28;SIMPRO_VIG;2010-04-02;20;
SIMPRO;2026-04-12;medicamento;0000055372;12;;TEUTO BRAS;LABIGERON 75MG 30CPDS;;;;;;;;;;;;;;0.536;SIMPRO_VIG;2016-04-18;20;
SIMPRO;2026-04-12;medicamento;0000040269;12;;APSEN;LABIRIN 16MG 30CPDS;;;;;;;;;;;;;;0.862;SIMPRO_VIG;2025-04-04;20;
SIMPRO;2026-04-12;medicamento;0000119669;12;;APSEN;LABIRIN 16MG 60CPDS;;;;;;;;;;;;;;0.824;SIMPRO_VIG;2010-04-01;20;
SIMPRO;2026-04-12;medicamento;0000083401;12;;APSEN;LABIRIN 24MG 20CPDS;;;;;;;;;;;;;;0;SIMPRO_VIG;2009-09-03;20;
SIMPRO;2026-04-12;medicamento;0000119670;12;;APSEN;LABIRIN 24MG 60CPDS;;;;;;;;;;;;;;1.094;SIMPRO_VIG;2025-04-04;20;
SIMPRO;2026-04-12;medicamento;0000099793;12;;APSEN;LABIRIN 24MG BL.AL.PLAS.PVDC.30CPDS;;;;;;;;;;;;;;1.462;SIMPRO_VIG;2019-04-02;20;
SIMPRO;2026-04-12;medicamento;0000304318;12;;APSEN;LABIRIN 24MG BL.AL.PLAST.PVC.30CPDS;;;;;;;;;;;;;;1.138;SIMPRO_VIG;2025-04-04;20;
SIMPRO;2026-04-12;medicamento;0000040268;12;;APSEN;LABIRIN 8MG 30CPDS;;;;;;;;;;;;;;1.295;SIMPRO_VIG;2025-04-04;20;
SIMPRO;2026-04-12;medicamento;0000119668;12;;APSEN;LABIRIN 8MG 60CPDS;;;;;;;;;;;;;;0.683;SIMPRO_VIG;2010-04-01;20;
SIMPRO;2026-04-12;medicamento;0000145496;12;;EUROFARMA-SEG;LABORHEX 0,2% 1000ML;;;;;;;;;;;;;;0.007;SIMPRO_VIG;2010-06-28;20;
SIMPRO;2026-04-12;medicamento;0000145495;12;;EUROFARMA-SEG;LABORHEX 0,2% 100ML;;;;;;;;;;;;;;0.016;SIMPRO_VIG;2010-06-28;20;
SIMPRO;2026-04-12;medicamento;0000142292;12;;EUROFARMA;LABORHEX 0,5% 1000ML;;;;;;;;;;;;;;0.012;SIMPRO_VIG;2012-07-20;20;
SIMPRO;2026-04-12;medicamento;0000142291;12;;EUROFARMA;LABORHEX 0,5% 100ML;;;;;;;;;;;;;;0.038;SIMPRO_VIG;2013-04-01;20;
SIMPRO;2026-04-12;medicamento;0000169503;12;;EUROFARMA;LABORHEX 2% DISP.12UNID;;;;;;;;;;;;;;1.989;SIMPRO_VIG;2013-04-01;20;
SIMPRO;2026-04-12;medicamento;0000142294;12;;EUROFARMA;LABORHEX 2,0% 1000ML;;;;;;;;;;;;;;0.031;SIMPRO_VIG;2013-04-01;20;
SIMPRO;2026-04-12;medicamento;0000142293;12;;EUROFARMA;LABORHEX 2,0% 100ML;;;;;;;;;;;;;;0.033;SIMPRO_VIG;2013-04-01;20;
SIMPRO;2026-04-12;medicamento;0000159210;12;;EUROFARMA;LABORHEX 2,0% BAG 800ML;;;;;;;;;;;;;;0.035;SIMPRO_VIG;2013-04-01;20;
SIMPRO;2026-04-12;medicamento;0000142296;12;;EUROFARMA;LABORHEX 4,0% 1000ML;;;;;;;;;;;;;;0.035;SIMPRO_VIG;2013-04-01;20;
SIMPRO;2026-04-12;medicamento;0000142295;12;;EUROFARMA;LABORHEX 4,0% 100ML;;;;;;;;;;;;;;0.047;SIMPRO_VIG;2013-04-01;20;
SIMPRO;2026-04-12;medicamento;0000169505;12;;EUROFARMA;LABORHEX LOC.AQUOSA HIGIENE FR 1000ML;;;;;;;;;;;;;;0.008;SIMPRO_VIG;2013-04-01;20;
SIMPRO;2026-04-12;medicamento;0000169504;12;;EUROFARMA;LABORHEX LOC.AQUOSA HIGIENE FR 100ML;;;;;;;;;;;;;;0.018;SIMPRO_VIG;2013-04-01;20;
SIMPRO;2026-04-12;medicamento;0000130583;12;;EUROFARMA;LABORIODINE DEGERMANTE 100ML ALMOT.;;;;;;;;;;;;;;0.041;SIMPRO_VIG;2013-04-01;20;
SIMPRO;2026-04-12;medicamento;0000130582;12;;EUROFARMA;LABORIODINE TINTURA 100ML ALMOT.;;;;;;;;;;;;;;0.043;SIMPRO_VIG;2013-04-01;20;
SIMPRO;2026-04-12;medicamento;0000130581;12;;EUROFARMA;LABORIODINE TOPICO 100ML ALMOT.;;;;;;;;;;;;;;0.041;SIMPRO_VIG;2013-04-01;20;
SIMPRO;2026-04-12;medicamento;0000244618;12;;CRISTALIA;LABREA 10MG 200CPDS REV.(EMB.HOSP.);;;;;;;;;;;;;;6.207;SIMPRO_VIG;2023-04-14;20;
SIMPRO;2026-04-12;medicamento;0000244615;12;;CRISTALIA;LABREA 10MG 30CPDS REV.;;;;;;;;;;;;;;3.489;SIMPRO_VIG;2025-04-09;20;
SIMPRO;2026-04-12;medicamento;0000244616;12;;CRISTALIA;LABREA 5MG 10CPDS REV.;;;;;;;;;;;;;;4.741;SIMPRO_VIG;2019-04-09;20;
SIMPRO;2026-04-12;medicamento;0000244619;12;;CRISTALIA;LABREA 5MG 200CPDS REV.(EMB.HOSP.);;;;;;;;;;;;;;4.472;SIMPRO_VIG;2023-04-14;20;
SIMPRO;2026-04-12;medicamento;0000244617;12;;CRISTALIA;LABREA 5MG 30CPDS REV.;;;;;;;;;;;;;;3.489;SIMPRO_VIG;2025-04-09;20;
SIMPRO;2026-04-12;medicamento;0000166406;12;;ARESE PHARMA;LACASS 66,66MG 14CPDS REV.;;;;;;;;;;;;;;5.328;SIMPRO_VIG;2025-04-09;20;
SIMPRO;2026-04-12;medicamento;0000137894;12;;GERMED;LACNAX 667MG/ML XPE.AMEIXA 120ML;;;;;;;;;;;;;;0;SIMPRO_VIG;2010-03-01;20;
SIMPRO;2026-04-12;medicamento;0000304821;12;;ADIUM;LACOTEM 100MG 28CPDS REV.;;;;;;;;;;;;;;10.466;SIMPRO_VIG;2025-04-04;20;
SIMPRO;2026-04-12;medicamento;0000304822;12;;ADIUM;LACOTEM 200MG 28CPDS REV.;;;;;;;;;;;;;;19.824;SIMPRO_VIG;2022-04-12;20;
SIMPRO;2026-04-12;medicamento;0000304820;12;;ADIUM;LACOTEM 50MG 14CPDS REV.;;;;;;;;;;;;;;5.228;SIMPRO_VIG;2025-04-04;20;
SIMPRO;2026-04-12;medicamento;0000064763;12;;CRISTALIA;LACRIBELL 1+3MG/ML SOL.OFTAL.15ML;;;;;;;;;;;;;;25.9;SIMPRO_VIG;2025-04-09;20;
SIMPRO;2026-04-12;medicamento;0000171845;12;;UNIAO QUIMICA;LACRIFILM 5MG/ML SOL.OFT.10ML;;;;;;;;;;;;;;3.795;SIMPRO_VIG;2026-01-15;20;
SIMPRO;2026-04-12;medicamento;0000088220;12;;UNIAO QUIMICA;LACRIFILM 5MG/ML SOL.OFT.15ML;;;;;;;;;;;;;;47.65;SIMPRO_VIG;2026-01-15;20;
SIMPRO;2026-04-12;medicamento;0000171876;12;;UNIAO QUIMICA;LACRIFILM 5MG/ML SOL.OFT.5ML;;;;;;;;;;;;;;2.648;SIMPRO_VIG;2024-04-05;20;
SIMPRO;2026-04-12;medicamento;0000244550;12;;UNIAO QUIMICA;LACRIFRESH 1,4+0,6% SOL.OFT.1FR 15ML;;;;;;;;;;;;;;51.25;SIMPRO_VIG;2014-04-01;20;
SIMPRO;2026-04-12;medicamento;0000031251;12;;NOVARTIS;LACRIGEL A 10MG/G GEL.OFT.10G;;;;;;;;;;;;;;3.667;SIMPRO_VIG;2014-04-09;20;
SIMPRO;2026-04-12;medicamento;0000275956;12;;MANTECORP FARMASA;LACRILAX 5MG/ML SOL.OFTAL.10ML;;;;;;;;;;;;;;43.93;SIMPRO_VIG;2025-04-09;20;
SIMPRO;2026-04-12;medicamento;0000275957;12;;MANTECORP FARMASA;LACRILAX 5MG/ML SOL.OFTAL.15ML;;;;;;;;;;;;;;65.88;SIMPRO_VIG;2025-04-09;20;
SIMPRO;2026-04-12;medicamento;0000180061;12;;ALCON;LACRIMA PLUS 1+3MG/ML SOL.OFT.15ML;;;;;;;;;;;;;;1.152;SIMPRO_VIG;2015-04-01;20;
SIMPRO;2026-04-12;medicamento;0000268779;12;;NOVARTIS;LACRIMA PLUS 1+3MG/ML SOL.OFT.15ML;;;;;;;;;;;;;;1.761;SIMPRO_VIG;2022-04-12;20;
SIMPRO;2026-04-12;medicamento;0000269681;12;;JP;LACTASOL 4BOL.5LTS(EMB.HOSP);;;;;;;;;;;;;;58.325;SIMPRO_VIG;2025-04-09;20;
SIMPRO;2026-04-12;medicamento;0000054461;12;;JP;LACTASOL SOL.INJ.2BOLS.PLAS.5000ML;;;;;;;;;;;;;;43.875;SIMPRO_VIG;2018-04-06;20;
SIMPRO;2026-04-12;medicamento;0000092676;12;;FARMOQUIMICA;LACTIBON SAB.INF.120ML;;;;;;;;;;;;;;0.101;SIMPRO_VIG;2010-03-31;20;
SIMPRO;2026-04-12;medicamento;0000063558;12;;SIGMA PHARMA;LACTIPAN 100MG 12CAPS GEL.DURA;;;;;;;;;;;;;;1.812;SIMPRO_VIG;2013-04-01;20;
SIMPRO;2026-04-12;medicamento;0000063559;12;;SIGMA PHARMA;LACTIPAN 200MG 6CAPS GEL.DURA;;;;;;;;;;;;;;3.623;SIMPRO_VIG;2013-04-01;20;
SIMPRO;2026-04-12;medicamento;0000063560;12;;SIGMA PHARMA;LACTIPAN 200MG/G PO ORAL 1G 6SACH;;;;;;;;;;;;;;3.342;SIMPRO_VIG;2013-04-01;20;
SIMPRO;2026-04-12;medicamento;0000166428;12;;COSMED;LACTO PURGA 5MG 16CPDS REV.;;;;;;;;;;;;;;0.957;SIMPRO_VIG;2026-01-01;20;
SIMPRO;2026-04-12;medicamento;0000073908;12;;COSMED;LACTO PURGA 5MG 25BLX6CPDS REV.;;;;;;;;;;;;;;1.085;SIMPRO_VIG;2026-01-01;20;
SIMPRO;2026-04-12;medicamento;0000073909;12;;COSMED;LACTO PURGA 5MG 6CPDS REV.F.V.;;;;;;;;;;;;;;0.692;SIMPRO_VIG;2021-04-06;20;
SIMPRO;2026-04-12;medicamento;0000258086;12;;FARMOQUIMICA;LACTOFOS 15SACH 6G;;;;;;;;;;;;;;7.346;SIMPRO_VIG;2025-04-01;20;
SIMPRO;2026-04-12;medicamento;0000269708;12;;APSEN;LACTOSIL 10000FCC ALU 30CPDS;;;;;;;;;;;;;;2.561;SIMPRO_VIG;2025-04-04;20;
SIMPRO;2026-04-12;medicamento;0000243288;12;;APSEN;LACTOSIL 10000FCC ALU 30SACHE 2G;;;;;;;;;;;;;;2.826;SIMPRO_VIG;2025-04-04;20;
SIMPRO;2026-04-12;medicamento;0000243287;12;;APSEN;LACTOSIL 4000FCC ALU 30SACH 2G;;;;;;;;;;;;;;1.352;SIMPRO_VIG;2025-04-04;20;
SIMPRO;2026-04-12;medicamento;0000269709;12;;APSEN;LACTOSIL 4000FCC ALU 30TABL.;;;;;;;;;;;;;;1.352;SIMPRO_VIG;2025-04-04;20;
SIMPRO;2026-04-12;medicamento;0000316301;12;;APSEN;LACTOSIL FLORA 30CAPS;;;;;;;;;;;;;;2.64;SIMPRO_VIG;2025-04-04;20;
SIMPRO;2026-04-12;medicamento;0000316302;12;;APSEN;LACTOSIL FLORA 8CAPS;;;;;;;;;;;;;;3.478;SIMPRO_VIG;2025-04-04;20;
SIMPRO;2026-04-12;medicamento;0000016081;12;;GALDERMA;LACTREX CRM.60GRS;;;;;;;;;;;;;;0.632;SIMPRO_VIG;2011-04-01;20;
SIMPRO;2026-04-12;medicamento;0000016082;12;;GALDERMA;LACTREX LOC.120ML;;;;;;;;;;;;;;0.353;SIMPRO_VIG;2026-03-31;20;
SIMPRO;2026-04-12;medicamento;0000137917;12;;LEGRAND OTC;LACTULIV 667MG/ML XPE 120ML+COP.(SABOR AMEIXA);;;;;;;;;;;;;;0.353;SIMPRO_VIG;2021-04-06;20;
SIMPRO;2026-04-12;medicamento;0000137916;12;;LEGRAND OTC;LACTULIV 667MG/ML XPE.120ML+COP.(SABOR FRUTA);;;;;;;;;;;;;;0.353;SIMPRO_VIG;2021-04-06;20;
SIMPRO;2026-04-12;medicamento;0000153663;12;;DAIICHI SANKYO;LACTULONA 667MG/ML 10SACH.15ML AMEIXA;;;;;;;;;;;;;;7.57;SIMPRO_VIG;2025-04-01;20;
SIMPRO;2026-04-12;medicamento;0000153662;12;;DAIICHI SANKYO;LACTULONA 667MG/ML 10SACH.15ML SAL.FRUTA;;;;;;;;;;;;;;5.19;SIMPRO_VIG;2019-04-02;20;
SIMPRO;2026-04-12;medicamento;0000102937;12;;DAIICHI SANKYO;LACTULONA 667MG/ML PLAST.120ML AMEIXA;;;;;;;;;;;;;;0.511;SIMPRO_VIG;2025-04-01;20;
SIMPRO;2026-04-12;medicamento;0000102938;12;;DAIICHI SANKYO;LACTULONA 667MG/ML PLAST.120ML SAL.FRUTA;;;;;;;;;;;;;;0.511;SIMPRO_VIG;2025-04-01;20;
SIMPRO;2026-04-12;medicamento;0000075977;12;;D.SANKYO;LACTULONA 667MG/ML VIDRO 120ML AMEIXA;;;;;;;;;;;;;;0.264;SIMPRO_VIG;2010-03-31;20;
SIMPRO;2026-04-12;medicamento;0000075978;12;;D.SANKYO;LACTULONA 667MG/ML VIDRO 120ML SAL.FRUTA;;;;;;;;;;;;;;0.264;SIMPRO_VIG;2010-03-31;20;
SIMPRO;2026-04-12;medicamento;0000285918;12;;NUTRIEX;LACTULOSE XPE 667MG/ML AMEIXA FR.120ML NUTRIMAIS;;;;;;;;;;;;;;0.261;SIMPRO_VIG;2017-06-01;20;
SIMPRO;2026-04-12;medicamento;0000309390;12;;NOVA QUIMICA;LAFLUGI 30MG 28CAPS GEL.DURA MICROG.LIB.RETARD;;;;;;;;;;;;;;3.528;SIMPRO_VIG;2024-02-01;20;
SIMPRO;2026-04-12;medicamento;0000269493;12;;ACCORD;LAMEZ 100MG 1000CPDS(EMB.HOSP.);;;;;;;;;;;;;;6.016;SIMPRO_VIG;2018-04-06;20;
SIMPRO;2026-04-12;medicamento;0000269494;12;;ACCORD;LAMEZ 100MG 30CPDS;;;;;;;;;;;;;;6.015;SIMPRO_VIG;2019-03-15;20;
SIMPRO;2026-04-12;medicamento;0000269495;12;;ACCORD;LAMEZ 50MG 1000CPDS(EMB.HOSP.);;;;;;;;;;;;;;3.437;SIMPRO_VIG;2018-04-06;20;
SIMPRO;2026-04-12;medicamento;0000269496;12;;ACCORD;LAMEZ 50MG 30CPDS;;;;;;;;;;;;;;2.062;SIMPRO_VIG;2019-03-15;20;
SIMPRO;2026-04-12;medicamento;0000140070;12;;CRISTALIA;LAMI 10MG/ML SOL.ORAL 240ML;;;;;;;;;;;;;;0.621;SIMPRO_VIG;2020-08-19;20;
SIMPRO;2026-04-12;medicamento;0000145380;12;;GLAXOSMITH;LAMICTAL 100MG 30CPDS DISP.;;;;;;;;;;;;;;7.161;SIMPRO_VIG;2025-04-01;20;
SIMPRO;2026-04-12;medicamento;0000145381;12;;GLAXOSMITH;LAMICTAL 200MG 30CPDS DISP.;;;;;;;;;;;;;;12.787;SIMPRO_VIG;2025-04-01;20;
SIMPRO;2026-04-12;medicamento;0000145378;12;;GLAXOSMITH;LAMICTAL 25MG 30CPDS DISP.;;;;;;;;;;;;;;2.882;SIMPRO_VIG;2025-04-01;20;
SIMPRO;2026-04-12;medicamento;0000145379;12;;GLAXOSMITH;LAMICTAL 50MG 30CPDS DISP.;;;;;;;;;;;;;;4.407;SIMPRO_VIG;2025-04-01;20;
SIMPRO;2026-04-12;medicamento;0000150916;12;;GLAXOSMITH;LAMICTAL 5MG BL.AL.30CPDS DISP.;;;;;;;;;;;;;;1.088;SIMPRO_VIG;2025-04-01;20;
SIMPRO;2026-04-12;medicamento;0000139842;12;;NOVARTIS;LAMISIL 1% CRM.15G;;;;;;;;;;;;;;1.011;SIMPRO_VIG;2013-04-02;20;
SIMPRO;2026-04-12;medicamento;0000103933;12;;NOVARTIS;LAMISIL 1% CRM.7,5G;;;;;;;;;;;;;;1.067;SIMPRO_VIG;2014-04-09;20;
SIMPRO;2026-04-12;medicamento;0000014973;12;;NOVARTIS;LAMISIL 1% SOL.30ML;;;;;;;;;;;;;;0;SIMPRO_VIG;2009-08-11;20;
SIMPRO;2026-04-12;medicamento;0000014974;12;;NOVARTIS;LAMISIL 1% SPR.30ML;;;;;;;;;;;;;;0;SIMPRO_VIG;2010-03-31;20;
SIMPRO;2026-04-12;medicamento;0000092949;12;;NOVARTIS;LAMISIL GEL 1% 20GRS;;;;;;;;;;;;;;0;SIMPRO_VIG;2010-03-31;20;
SIMPRO;2026-04-12;medicamento;0000139843;12;;NOVARTIS;LAMISIL UMA VEZ 10MG/G 4GRS;;;;;;;;;;;;;;6.287;SIMPRO_VIG;2011-05-06;20;
SIMPRO;2026-04-12;medicamento;0000145002;12;;GLAXOSMITH;LAMISILATE 10MG/G CREM.DERM.15G;;;;;;;;;;;;;;20.38;SIMPRO_VIG;2021-03-02;20;
SIMPRO;2026-04-12;medicamento;0000145003;12;;GLAXOSMITH;LAMISILATE 10MG/G CREM.DERM.30G;;;;;;;;;;;;;;33;SIMPRO_VIG;2020-08-01;20;
SIMPRO;2026-04-12;medicamento;0000141407;12;;GLAXOSMITH;LAMISILATE 10MG/G SOL.TOP.SPRAY 30ML;;;;;;;;;;;;;;2.168;SIMPRO_VIG;2020-08-01;20;
SIMPRO;2026-04-12;medicamento;0000147195;12;;NOVARTIS;LAMISILATE UMA VEZ 10MG/G CRM.4G;;;;;;;;;;;;;;36.32;SIMPRO_VIG;2016-04-05;20;
SIMPRO;2026-04-12;medicamento;0000069892;12;;TORRENT;LAMITOR 100MG 30CPDS;;;;;;;;;;;;;;2.026;SIMPRO_VIG;2019-04-05;20;
SIMPRO;2026-04-12;medicamento;0000069890;12;;TORRENT;LAMITOR 25MG 30CPDS;;;;;;;;;;;;;;0.789;SIMPRO_VIG;2019-04-05;20;
SIMPRO;2026-04-12;medicamento;0000069891;12;;TORRENT;LAMITOR 50MG 30CPDS;;;;;;;;;;;;;;1.245;SIMPRO_VIG;2019-04-05;20;
SIMPRO;2026-04-12;medicamento;0000289815;12;;TORRENT;LAMITOR CD 100MG 30CPDS DISP.;;;;;;;;;;;;;;3.552;SIMPRO_VIG;2025-04-04;20;
SIMPRO;2026-04-12;medicamento;0000289816;12;;TORRENT;LAMITOR CD 100MG 60CPDS DISP.;;;;;;;;;;;;;;3.468;SIMPRO_VIG;2025-04-04;20;
SIMPRO;2026-04-12;medicamento;0000314966;12;;TORRENT;LAMITOR CD 100MG 7CPDS DISP.;;;;;;;;;;;;;;3.906;SIMPRO_VIG;2025-04-04;20;
SIMPRO;2026-04-12;medicamento;0000289813;12;;TORRENT;LAMITOR CD 25MG 30CPDS DISP.;;;;;;;;;;;;;;1.582;SIMPRO_VIG;2025-05-01;20;
SIMPRO;2026-04-12;medicamento;0000289814;12;;TORRENT;LAMITOR CD 50MG 30CPDS DISP.;;;;;;;;;;;;;;2.279;SIMPRO_VIG;2025-04-04;20;
SIMPRO;2026-04-12;medicamento;0000159658;12;;TEUTO BRAS;LAMOCTRIL 100MG 30CPDS;;;;;;;;;;;;;;3.809;SIMPRO_VIG;2018-04-10;20;
SIMPRO;2026-04-12;medicamento;0000171583;12;;MEDLEY;LAMORGIN 100MG 30CPDS;;;;;;;;;;;;;;3.522;SIMPRO_VIG;2012-10-01;20;
SIMPRO;2026-04-12;medicamento;0000315394;12;;SUN FARMACEUTICA;LAMOSYN 100MG 10CPDS;;;;;;;;;;;;;;6.061;SIMPRO_VIG;2020-07-28;20;
SIMPRO;2026-04-12;medicamento;0000297162;12;;SUN FARMACEUTICA;LAMOSYN 100MG 10CPDS DISP.;;;;;;;;;;;;;;14.863;SIMPRO_VIG;2020-07-28;20;
SIMPRO;2026-04-12;medicamento;0000315389;12;;SUN FARMACEUTICA;LAMOSYN 100MG 30CPDS;;;;;;;;;;;;;;6.062;SIMPRO_VIG;2020-07-28;20;
SIMPRO;2026-04-12;medicamento;0000297163;12;;SUN FARMACEUTICA;LAMOSYN 100MG 30CPDS DISP.;;;;;;;;;;;;;;14.863;SIMPRO_VIG;2020-07-28;20;
SIMPRO;2026-04-12;medicamento;0000315395;12;;SUN FARMACEUTICA;LAMOSYN 100MG 500CPDS;;;;;;;;;;;;;;6.061;SIMPRO_VIG;2020-07-28;20;
SIMPRO;2026-04-12;medicamento;0000297165;12;;SUN FARMACEUTICA;LAMOSYN 100MG 7CPDS DISP.;;;;;;;;;;;;;;14.861;SIMPRO_VIG;2020-07-28;20;
SIMPRO;2026-04-12;medicamento;0000315390;12;;SUN FARMACEUTICA;LAMOSYN 25MG 10CPDS;;;;;;;;;;;;;;2.087;SIMPRO_VIG;2020-07-28;20;
SIMPRO;2026-04-12;medicamento;0000297168;12;;SUN FARMACEUTICA;LAMOSYN 25MG 10CPDS DISP.;;;;;;;;;;;;;;4.771;SIMPRO_VIG;2020-07-28;20;
SIMPRO;2026-04-12;medicamento;0000315387;12;;SUN FARMACEUTICA;LAMOSYN 25MG 30CPDS;;;;;;;;;;;;;;2.087;SIMPRO_VIG;2020-07-28;20;
SIMPRO;2026-04-12;medicamento;0000297170;12;;SUN FARMACEUTICA;LAMOSYN 25MG 30CPDS DISP.;;;;;;;;;;;;;;4.773;SIMPRO_VIG;2020-07-28;20;
SIMPRO;2026-04-12;medicamento;0000315391;12;;SUN FARMACEUTICA;LAMOSYN 25MG 500CPDS;;;;;;;;;;;;;;2.086;SIMPRO_VIG;2020-07-28;20;
SIMPRO;2026-04-12;medicamento;0000297172;12;;SUN FARMACEUTICA;LAMOSYN 25MG 7CPDS DISP.;;;;;;;;;;;;;;4.767;SIMPRO_VIG;2020-07-28;20;
SIMPRO;2026-04-12;medicamento;0000315392;12;;SUN FARMACEUTICA;LAMOSYN 50MG 10CPDS;;;;;;;;;;;;;;3.553;SIMPRO_VIG;2020-07-28;20;
SIMPRO;2026-04-12;medicamento;0000297174;12;;SUN FARMACEUTICA;LAMOSYN 50MG 10CPDS DISP.;;;;;;;;;;;;;;8.49;SIMPRO_VIG;2020-07-28;20;
SIMPRO;2026-04-12;medicamento;0000315388;12;;SUN FARMACEUTICA;LAMOSYN 50MG 30CPDS;;;;;;;;;;;;;;3.552;SIMPRO_VIG;2020-07-28;20;
SIMPRO;2026-04-12;medicamento;0000297175;12;;SUN FARMACEUTICA;LAMOSYN 50MG 30CPDS DISP.;;;;;;;;;;;;;;8.491;SIMPRO_VIG;2020-07-28;20;
SIMPRO;2026-04-12;medicamento;0000315393;12;;SUN FARMACEUTICA;LAMOSYN 50MG 500CPDS;;;;;;;;;;;;;;3.552;SIMPRO_VIG;2020-07-28;20;
SIMPRO;2026-04-12;medicamento;0000297176;12;;SUN FARMACEUTICA;LAMOSYN 50MG 7CPDS DISP.;;;;;;;;;;;;;;8.491;SIMPRO_VIG;2020-07-28;20;
SIMPRO;2026-04-12;medicamento;0000151229;12;;TEUTO BRAS;LAMOTRIGINA 100MG 30 CPDS;;;;;;;;;;;;;;3.077;SIMPRO_VIG;2018-04-10;20;
SIMPRO;2026-04-12;medicamento;0000090298;12;;BIOLAB GENERICOS;LAMOTRIGINA 100MG 30CPDS;;;;;;;;;;;;;;2.689;SIMPRO_VIG;2025-04-09;20;
SIMPRO;2026-04-12;medicamento;0000168720;12;;EUROFARMA;LAMOTRIGINA 100MG 30CPDS;;;;;;;;;;;;;;2.688;SIMPRO_VIG;2025-04-04;20;
SIMPRO;2026-04-12;medicamento;0000175415;12;;TORRENT;LAMOTRIGINA 100MG 30CPDS;;;;;;;;;;;;;;3.725;SIMPRO_VIG;2024-04-02;20;
SIMPRO;2026-04-12;medicamento;0000284114;12;;SUN FARMACEUTICA;LAMOTRIGINA 100MG 30CPDS;;;;;;;;;;;;;;8.075;SIMPRO_VIG;2020-07-28;20;
SIMPRO;2026-04-12;medicamento;0000306778;12;;SANOFI MEDLEY;LAMOTRIGINA 100MG 30CPDS;;;;;;;;;;;;;;3.547;SIMPRO_VIG;2025-04-01;20;
SIMPRO;2026-04-12;medicamento;0000307044;12;;PRATI-DONADUZZI;LAMOTRIGINA 100MG 30CPDS;;;;;;;;;;;;;;2.778;SIMPRO_VIG;2025-04-04;20;
SIMPRO;2026-04-12;medicamento;0000295553;12;;TORRENT;LAMOTRIGINA 100MG 30CPDS DISP.;;;;;;;;;;;;;;3.595;SIMPRO_VIG;2025-04-04;20;
SIMPRO;2026-04-12;medicamento;0000160537;12;;MEDLEY;LAMOTRIGINA 100MG 30CPDS REV.;;;;;;;;;;;;;;2.815;SIMPRO_VIG;2020-04-01;20;
SIMPRO;2026-04-12;medicamento;0000136613;12;;RANBAXY;LAMOTRIGINA 100MG 3X10CAPS;;;;;;;;;;;;;;2.689;SIMPRO_VIG;2025-04-09;20;
SIMPRO;2026-04-12;medicamento;0000172430;12;;TEUTO BRAS;LAMOTRIGINA 100MG 60CPDS;;;;;;;;;;;;;;2.923;SIMPRO_VIG;2018-04-10;20;
SIMPRO;2026-04-12;medicamento;0000266610;12;;TEUTO BRAS;LAMOTRIGINA 100MG BL.INCOLOR 200CPDS(EMB.HOSP.);;;;;;;;;;;;;;4.652;SIMPRO_VIG;2024-04-09;20;
SIMPRO;2026-04-12;medicamento;0000251216;12;;TEUTO BRAS;LAMOTRIGINA 100MG BL.INCOLOR 30CPDS;;;;;;;;;;;;;;3.112;SIMPRO_VIG;2025-04-09;20;
SIMPRO;2026-04-12;medicamento;0000090296;12;;BIOLAB GENERICOS;LAMOTRIGINA 25MG 30CPDS;;;;;;;;;;;;;;0.979;SIMPRO_VIG;2025-04-09;20;
SIMPRO;2026-04-12;medicamento;0000168718;12;;EUROFARMA;LAMOTRIGINA 25MG 30CPDS;;;;;;;;;;;;;;0.979;SIMPRO_VIG;2025-04-04;20;
SIMPRO;2026-04-12;medicamento;0000175412;12;;TORRENT;LAMOTRIGINA 25MG 30CPDS;;;;;;;;;;;;;;1.31;SIMPRO_VIG;2024-04-02;20;
SIMPRO;2026-04-12;medicamento;0000284115;12;;SUN FARMACEUTICA;LAMOTRIGINA 25MG 30CPDS;;;;;;;;;;;;;;2.692;SIMPRO_VIG;2020-07-28;20;
SIMPRO;2026-04-12;medicamento;0000307045;12;;PRATI-DONADUZZI;LAMOTRIGINA 25MG 30CPDS;;;;;;;;;;;;;;1.218;SIMPRO_VIG;2025-04-04;20;
SIMPRO;2026-04-12;medicamento;0000315046;12;;SANOFI MEDLEY;LAMOTRIGINA 25MG 30CPDS;;;;;;;;;;;;;;1.068;SIMPRO_VIG;2025-04-01;20;
SIMPRO;2026-04-12;medicamento;0000295554;12;;TORRENT;LAMOTRIGINA 25MG 30CPDS DISP.;;;;;;;;;;;;;;1.5;SIMPRO_VIG;2025-04-04;20;
SIMPRO;2026-04-12;medicamento;0000160535;12;;MEDLEY;LAMOTRIGINA 25MG 30CPDS REV.;;;;;;;;;;;;;;0.847;SIMPRO_VIG;2020-04-01;20;
SIMPRO;2026-04-12;medicamento;0000136611;12;;RANBAXY;LAMOTRIGINA 25MG 3X10CAPS;;;;;;;;;;;;;;1.219;SIMPRO_VIG;2025-04-09;20;
SIMPRO;2026-04-12;medicamento;0000090297;12;;BIOLAB GENERICOS;LAMOTRIGINA 50MG 30CPDS;;;;;;;;;;;;;;1.614;SIMPRO_VIG;2025-04-09;20;
SIMPRO;2026-04-12;medicamento;0000168719;12;;EUROFARMA;LAMOTRIGINA 50MG 30CPDS;;;;;;;;;;;;;;1.615;SIMPRO_VIG;2025-04-04;20;
SIMPRO;2026-04-12;medicamento;0000175413;12;;TORRENT;LAMOTRIGINA 50MG 30CPDS;;;;;;;;;;;;;;2.138;SIMPRO_VIG;2024-04-02;20;
SIMPRO;2026-04-12;medicamento;0000284116;12;;SUN FARMACEUTICA;LAMOTRIGINA 50MG 30CPDS;;;;;;;;;;;;;;5.384;SIMPRO_VIG;2020-07-28;20;
SIMPRO;2026-04-12;medicamento;0000298536;12;;SANOFI MEDLEY;LAMOTRIGINA 50MG 30CPDS;;;;;;;;;;;;;;1.933;SIMPRO_VIG;2025-04-01;20;
SIMPRO;2026-04-12;medicamento;0000307046;12;;PRATI-DONADUZZI;LAMOTRIGINA 50MG 30CPDS;;;;;;;;;;;;;;1.558;SIMPRO_VIG;2025-04-04;20;
SIMPRO;2026-04-12;medicamento;0000295555;12;;TORRENT;LAMOTRIGINA 50MG 30CPDS DISP.;;;;;;;;;;;;;;2.477;SIMPRO_VIG;2025-04-04;20;
SIMPRO;2026-04-12;medicamento;0000160536;12;;MEDLEY;LAMOTRIGINA 50MG 30CPDS REV.;;;;;;;;;;;;;;1.534;SIMPRO_VIG;2020-04-01;20;
SIMPRO;2026-04-12;medicamento;0000136612;12;;RANBAXY;LAMOTRIGINA 50MG 3X10CAPS;;;;;;;;;;;;;;1.559;SIMPRO_VIG;2025-04-09;20;
SIMPRO;2026-04-12;medicamento;0000175392;12;;ACCORD;LAMOTRIGINA GEN.100MG 1000CPDS(EMB.HOSP.;;;;;;;;;;;;;;4.361;SIMPRO_VIG;2012-11-09;20;
SIMPRO;2026-04-12;medicamento;0000175461;12;;ACCORD;LAMOTRIGINA GEN.100MG 1000CPDS(EMB.HOSP.);;;;;;;;;;;;;;5.584;SIMPRO_VIG;2016-04-12;20;
SIMPRO;2026-04-12;medicamento;0000175462;12;;ACCORD;LAMOTRIGINA GEN.100MG 30CPDS;;;;;;;;;;;;;;7.719;SIMPRO_VIG;2016-04-12;20;
SIMPRO;2026-04-12;medicamento;0000175393;12;;ACCORD;LAMOTRIGINA GEN.100MG 30CPDS.;;;;;;;;;;;;;;6.028;SIMPRO_VIG;2012-11-09;20;
SIMPRO;2026-04-12;medicamento;0000175394;12;;ACCORD;LAMOTRIGINA GEN.50MG 1000CPDS(EMB.HOSP.;;;;;;;;;;;;;;2.491;SIMPRO_VIG;2012-11-09;20;
SIMPRO;2026-04-12;medicamento;0000175463;12;;ACCORD;LAMOTRIGINA GEN.50MG 1000CPDS(EMB.HOSP.);;;;;;;;;;;;;;3.19;SIMPRO_VIG;2016-04-12;20;
SIMPRO;2026-04-12;medicamento;0000175464;12;;ACCORD;LAMOTRIGINA GEN.50MG 30CPDS;;;;;;;;;;;;;;4.41;SIMPRO_VIG;2016-04-12;20;
SIMPRO;2026-04-12;medicamento;0000175395;12;;ACCORD;LAMOTRIGINA GEN.50MG 30CPDS.;;;;;;;;;;;;;;3.444;SIMPRO_VIG;2012-11-09;20;
SIMPRO;2026-04-12;medicamento;0000122647;12;;UNIAO QUIM;LAMOTRIX 100MG 30CPDS;;;;;;;;;;;;;;0;SIMPRO_VIG;2010-03-31;20;
SIMPRO;2026-04-12;medicamento;0000122645;12;;UNIAO QUIM;LAMOTRIX 25MG 30CPDS;;;;;;;;;;;;;;0;SIMPRO_VIG;2010-03-31;20;
SIMPRO;2026-04-12;medicamento;0000122646;12;;UNIAO QUIM;LAMOTRIX 50MG 30CPDS;;;;;;;;;;;;;;0;SIMPRO_VIG;2010-03-31;20;
SIMPRO;2026-04-12;medicamento;0000156975;12;;SANOFI MEDLEY;LANELI 30CAPS GEL.MOLE;;;;;;;;;;;;;;1.383;SIMPRO_VIG;2019-04-05;20;
SIMPRO;2026-04-12;medicamento;0000164226;12;;SANOFI MEDLEY;LANELI 60CAPS GEL.MOLE;;;;;;;;;;;;;;1.37;SIMPRO_VIG;2019-04-05;20;
SIMPRO;2026-04-12;medicamento;0000294918;12;;SANOFI MEDLEY;LANELI DHA 60CAPS GEL.MOLE;;;;;;;;;;;;;;1.414;SIMPRO_VIG;2022-04-05;20;
SIMPRO;2026-04-12;medicamento;0000269553;12;;SUPERA;LANICO 400+57MG/5ML SUSP.FR.70ML+SER.DOSAD;;;;;;;;;;;;;;1.229;SIMPRO_VIG;2025-04-09;20;
SIMPRO;2026-04-12;medicamento;0000296913;12;;SUPERA;LANICO 875+125MG 14CPDS REV.;;;;;;;;;;;;;;8.647;SIMPRO_VIG;2025-04-09;20;
SIMPRO;2026-04-12;medicamento;0000296914;12;;SUPERA;LANICO 875+125MG 20CPDS REV.;;;;;;;;;;;;;;8.616;SIMPRO_VIG;2025-04-09;20;
SIMPRO;2026-04-12;medicamento;0000018040;12;;TEUTO BRAS;LANOGASTRO 30MG 14CAPS GEL.DURA;;;;;;;;;;;;;;4.615;SIMPRO_VIG;2012-04-01;20;
SIMPRO;2026-04-12;medicamento;0000141468;12;;TEUTO BRAS;LANOGASTRO 30MG 28CAPS GEL.DURA;;;;;;;;;;;;;;3.51;SIMPRO_VIG;2012-04-01;20;
SIMPRO;2026-04-12;medicamento;0000018039;12;;TEUTO BRAS;LANOGASTRO 30MG 7CAPS GEL.DURA;;;;;;;;;;;;;;4.921;SIMPRO_VIG;2012-04-01;20;
SIMPRO;2026-04-12;medicamento;0000079909;12;;MEDLEY;LANSODOM 15 15MG 2X7+21CAPS;;;;;;;;;;;;;;1.332;SIMPRO_VIG;2013-04-01;20;
SIMPRO;2026-04-12;medicamento;0000079910;12;;MEDLEY;LANSODOM 30 30MG 2X7+21CAPS;;;;;;;;;;;;;;2.256;SIMPRO_VIG;2013-04-01;20;
SIMPRO;2026-04-12;medicamento;0000077954;12;;SANDOZ;LANSOHEXAL 30MG 14CAPS;;;;;;;;;;;;;;3.641;SIMPRO_VIG;2012-05-01;20;
SIMPRO;2026-04-12;medicamento;0000077953;12;;SANDOZ;LANSOHEXAL 30MG 7CAPS;;;;;;;;;;;;;;3.881;SIMPRO_VIG;2012-05-01;20;
SIMPRO;2026-04-12;medicamento;0000043974;12;;MEDLEY;LANSOPRAZOL 15MG 14CAPS;;;;;;;;;;;;;;2.622;SIMPRO_VIG;2020-04-01;20;
SIMPRO;2026-04-12;medicamento;0000088802;12;;EMS GENERICOS;LANSOPRAZOL 15MG 14CAPS GEL.;;;;;;;;;;;;;;3.444;SIMPRO_VIG;2026-03-31;20;
SIMPRO;2026-04-12;medicamento;0000091280;12;;GERMED GENERICOS;LANSOPRAZOL 15MG 14CAPS GEL.DURA MICROG.LIB.RETARD.;;;;;;;;;;;;;;3.045;SIMPRO_VIG;2019-04-09;20;
SIMPRO;2026-04-12;medicamento;0000043975;12;;SANOFI MEDLEY;LANSOPRAZOL 15MG 28CAPS;;;;;;;;;;;;;;4.251;SIMPRO_VIG;2025-04-01;20;
SIMPRO;2026-04-12;medicamento;0000290871;12;;NOVA QUIMICA GEN;LANSOPRAZOL 15MG 28CAPS GEL.DURA MICROGO.LIB.RETARD.;;;;;;;;;;;;;;2.966;SIMPRO_VIG;2022-04-12;20;
SIMPRO;2026-04-12;medicamento;0000043972;12;;MEDLEY;LANSOPRAZOL 30MG 14CAPS;;;;;;;;;;;;;;5.134;SIMPRO_VIG;2020-04-01;20;
SIMPRO;2026-04-12;medicamento;0000088804;12;;EMS GENERICOS;LANSOPRAZOL 30MG 14CAPS GEL.DURA LIB.RETARD.;;;;;;;;;;;;;;5.745;SIMPRO_VIG;2022-04-05;20;
SIMPRO;2026-04-12;medicamento;0000091637;12;;GERMED GENERICOS;LANSOPRAZOL 30MG 14CAPS GEL.DURA MICROG.LIB.RETARD.;;;;;;;;;;;;;;5.368;SIMPRO_VIG;2019-04-09;20;
SIMPRO;2026-04-12;medicamento;0000089542;12;;LEGRAND GENERICOS;LANSOPRAZOL 30MG 14CPDS;;;;;;;;;;;;;;3.089;SIMPRO_VIG;2021-04-06;20;
SIMPRO;2026-04-12;medicamento;0000043973;12;;SANOFI MEDLEY;LANSOPRAZOL 30MG 28CAPS;;;;;;;;;;;;;;8.088;SIMPRO_VIG;2025-04-01;20;
SIMPRO;2026-04-12;medicamento;0000088805;12;;EMS GENERICOS;LANSOPRAZOL 30MG 28CAPS GEL.DURA LIB.RETARD.;;;;;;;;;;;;;;4.86;SIMPRO_VIG;2025-04-04;20;
SIMPRO;2026-04-12;medicamento;0000091638;12;;GERMED GENERICOS;LANSOPRAZOL 30MG 28CAPS GEL.DURA MICROG.LIB.RETARD.;;;;;;;;;;;;;;4.86;SIMPRO_VIG;2025-04-04;20;
SIMPRO;2026-04-12;medicamento;0000290870;12;;NOVA QUIMICA;LANSOPRAZOL 30MG 28CAPS GEL.DURA MICROG.LIB.RETARD.;;;;;;;;;;;;;;4.839;SIMPRO_VIG;2025-04-04;20;
SIMPRO;2026-04-12;medicamento;0000089543;12;;LEGRAND GENERICOS;LANSOPRAZOL 30MG 28CPDS;;;;;;;;;;;;;;4.798;SIMPRO_VIG;2025-04-04;20;
SIMPRO;2026-04-12;medicamento;0000088803;12;;EMS GENERICOS;LANSOPRAZOL 30MG 7CAPS GEL.;;;;;;;;;;;;;;5.173;SIMPRO_VIG;2018-10-02;20;
SIMPRO;2026-04-12;medicamento;0000091636;12;;GERMED GENERICOS;LANSOPRAZOL 30MG 7CAPS GEL.DURA MICROG.LIB.RETARD.;;;;;;;;;;;;;;6.263;SIMPRO_VIG;2019-04-09;20;
SIMPRO;2026-04-12;medicamento;0000150350;12;;PRATI-DONADUZZI;LANSOPRAZOL 30MG LIB RETARD.14CAPS GEL DURA;;;;;;;;;;;;;;4.94;SIMPRO_VIG;2025-04-04;20;
SIMPRO;2026-04-12;medicamento;0000253715;12;;PRATI-DONADUZZI;LANSOPRAZOL 30MG LIB.RETARD.28CAPS GEL DURA;;;;;;;;;;;;;;4.242;SIMPRO_VIG;2025-04-04;20;
SIMPRO;2026-04-12;medicamento;0000241556;12;;PRATI-DONADUZZI;LANSOPRAZOL GEN.30MG 280CAPS GEL.DURA MICROGRAN.LIB.RETARD.(EMB.HOSP.);;;;;;;;;;;;;;1.406;SIMPRO_VIG;2015-04-01;20;
SIMPRO;2026-04-12;medicamento;0000043971;12;;MEDLEY;LANSOPRAZOL GEN.30MG 7CAPS;;;;;;;;;;;;;;5.163;SIMPRO_VIG;2013-04-01;20;
SIMPRO;2026-04-12;medicamento;0000089541;12;;LEGRAND GEN;LANSOPRAZOL GEN.30MG 7CPDS;;;;;;;;;;;;;;3.311;SIMPRO_VIG;2011-04-01;20;
SIMPRO;2026-04-12;medicamento;0000150349;12;;PRATI DONADUZZI;LANSOPRAZOL GEN.30MG LIB RETARD.7CAPS GEL DURA;;;;;;;;;;;;;;2.823;SIMPRO_VIG;2010-11-11;20;
SIMPRO;2026-04-12;medicamento;0000166043;12;;PRATI-DONADUZZI;LANSOPRAZOL GEN.30MG LIB.RETARD.140CAPS GEL DURA;;;;;;;;;;;;;;2.689;SIMPRO_VIG;2012-04-03;20;
SIMPRO;2026-04-12;medicamento;0000148546;12;;TEUTO BRAS;LANSOPRAZOL+CLARITROMICINA+AMOXICILINA 14+14+28+28CAPS;;;;;;;;;;;;;;2.895;SIMPRO_VIG;2025-04-09;20;
SIMPRO;2026-04-12;medicamento;0000148502;12;;TEUTO BRAS;LANSOPRAZOL+CLARITROMICINA+AMOXICILINA 30+500+500MG 14+14+28CAPS;;;;;;;;;;;;;;4.966;SIMPRO_VIG;2025-04-09;20;
SIMPRO;2026-04-12;medicamento;0000156485;12;;PRATI-DONADUZZI;LANSOPRAZOL+CLARITROMICINA+AMOXICILINA 30+500+500MG 14CAPS.GEL DURA+14CPDS+28CAPS.GEL DURA;;;;;;;;;;;;;;3.703;SIMPRO_VIG;2021-04-06;20;
SIMPRO;2026-04-12;medicamento;0000156486;12;;PRATI-DONADUZZI;LANSOPRAZOL+CLARITROMICINA+AMOXICILINA 30+500+500MG 42CAPS.GEL DURA+14CPDS+28CAPS.GEL DURA;;;;;;;;;;;;;;2.634;SIMPRO_VIG;2021-04-06;20;
SIMPRO;2026-04-12;medicamento;0000076288;12;;MEDLEY;LANSOPRID 15MG 2X7+21CAPS;;;;;;;;;;;;;;2.128;SIMPRO_VIG;2013-04-01;20;
SIMPRO;2026-04-12;medicamento;0000076289;12;;MEDLEY;LANSOPRID 30MG 2X7+21CAPS;;;;;;;;;;;;;;2.493;SIMPRO_VIG;2011-04-01;20;
SIMPRO;2026-04-12;medicamento;0000076469;12;;SANOFI MEDLEY;LANTUS 100U/ML SOL.INJ.1CARP 3ML;;;;;;;;;;;;;;111.84;SIMPRO_VIG;2025-04-01;20;
SIMPRO;2026-04-12;medicamento;0000076468;12;;SANOFI MEDLEY;LANTUS 100U/ML SOL.INJ.1FA 10ML;;;;;;;;;;;;;;34.706;SIMPRO_VIG;2025-04-01;20;
SIMPRO;2026-04-12;medicamento;0000076470;12;;SANOFI-AVENTIS;LANTUS 100UI/ML 5CARP 3ML;;;;;;;;;;;;;;106.086;SIMPRO_VIG;2011-04-01;20;
SIMPRO;2026-04-12;medicamento;0000076471;12;;SANOFI-AVENTIS;LANTUS OPTISET 100UI/ML 3ML+SIST.APL;;;;;;;;;;;;;;117.16;SIMPRO_VIG;2011-04-01;20;
SIMPRO;2026-04-12;medicamento;0000076472;12;;SANOFI-AVENTIS;LANTUS OPTISET 100UI/ML 5X3ML+5SIST.APL;;;;;;;;;;;;;;117.152;SIMPRO_VIG;2011-04-01;20;
SIMPRO;2026-04-12;medicamento;0000133460;12;;SANOFI MEDLEY;LANTUS SOLOSTAR 100U/ML SOL.INJ.1CARP 3ML+CAN.APL.;;;;;;;;;;;;;;123.55;SIMPRO_VIG;2025-04-01;20;
SIMPRO;2026-04-12;medicamento;0000076894;12;;SIGMA PHARMA;LANZ 15MG 14CAPS DURA LIB.RETARD.;;;;;;;;;;;;;;3.109;SIMPRO_VIG;2022-04-05;20;
SIMPRO;2026-04-12;medicamento;0000068521;12;;SIGMA PHARMA;LANZ 30MG 14CAPS DURA LIB.RETARD.;;;;;;;;;;;;;;5.673;SIMPRO_VIG;2024-04-02;20;
SIMPRO;2026-04-12;medicamento;0000083572;12;;SIGMA PHARMA;LANZ 30MG 28CAPS GEL.DURA RETARD.;;;;;;;;;;;;;;5.071;SIMPRO_VIG;2025-04-04;20;
SIMPRO;2026-04-12;medicamento;0000077932;12;;SIGMA PHARMA;LANZ 30MG 7CAPS GEL.DURA;;;;;;;;;;;;;;2.99;SIMPRO_VIG;2011-04-01;20;
SIMPRO;2026-04-12;medicamento;0000069679;12;;NEO QUIMICA;LANZACOR 50MG 14CPDS REV.;;;;;;;;;;;;;;2.222;SIMPRO_VIG;2026-03-31;20;
SIMPRO;2026-04-12;medicamento;0000069680;12;;NEO QUIMICA;LANZACOR 50MG 28CPDS REV.;;;;;;;;;;;;;;2.325;SIMPRO_VIG;2026-03-31;20;
SIMPRO;2026-04-12;medicamento;0000284090;12;;NEO QUIMICA;LANZACOR 50MG 30CPDS REV.;;;;;;;;;;;;;;1.096;SIMPRO_VIG;2020-04-07;20;
SIMPRO;2026-04-12;medicamento;0000153716;12;;NEOQUIMICA;LANZACOR 50MG 49X10CPDS REV.;;;;;;;;;;;;;;2.358;SIMPRO_VIG;2016-04-08;20;
SIMPRO;2026-04-12;medicamento;0000160792;12;;GERMED;LANZAMED 10MG 4BLX7CPDS;;;;;;;;;;;;;;13.674;SIMPRO_VIG;2013-04-01;20;
SIMPRO;2026-04-12;medicamento;0000160790;12;;GERMED;LANZAMED 2,5MG 2BLX14CPDS;;;;;;;;;;;;;;4.627;SIMPRO_VIG;2013-04-01;20;
SIMPRO;2026-04-12;medicamento;0000160791;12;;GERMED;LANZAMED 5MG 4BLX7CPDS;;;;;;;;;;;;;;6.836;SIMPRO_VIG;2013-04-01;20;
SIMPRO;2026-04-12;medicamento;0000028485;12;;ACHE;LANZOL 15MG 14CAPS GEL;;;;;;;;;;;;;;2.479;SIMPRO_VIG;2011-03-31;20;
SIMPRO;2026-04-12;medicamento;0000030120;12;;ACHE;LANZOL 30MG 14CAPS GEL;;;;;;;;;;;;;;4.438;SIMPRO_VIG;2011-03-31;20;
SIMPRO;2026-04-12;medicamento;0000030066;12;;ACHE;LANZOL 30MG 7CAPS GEL.;;;;;;;;;;;;;;5.037;SIMPRO_VIG;2011-03-31;20;
SIMPRO;2026-04-12;medicamento;0000116140;12;;ROYTON;LANZOPRAN 30MG 14CAPS;;;;;;;;;;;;;;2.344;SIMPRO_VIG;2026-03-31;20;
SIMPRO;2026-04-12;medicamento;0000116139;12;;ROYTON;LANZOPRAN 30MG 7CAPS;;;;;;;;;;;;;;2.813;SIMPRO_VIG;2026-03-31;20;
SIMPRO;2026-04-12;medicamento;0000103826;12;;HIPOLABOR;LAPRITEC 10MG 30CPDS;;;;;;;;;;;;;;0;SIMPRO_VIG;2009-05-12;20;
SIMPRO;2026-04-12;medicamento;0000084391;12;;HIPOLABOR;LAPRITEC 10MG 500CPDS;;;;;;;;;;;;;;0.181;SIMPRO_VIG;2009-05-12;20;
SIMPRO;2026-04-12;medicamento;0000103827;12;;HIPOLABOR;LAPRITEC 20MG 30CPDS;;;;;;;;;;;;;;0;SIMPRO_VIG;2009-05-12;20;
SIMPRO;2026-04-12;medicamento;0000103828;12;;HIPOLABOR;LAPRITEC 20MG 500CPDS;;;;;;;;;;;;;;0.187;SIMPRO_VIG;2009-05-12;20;
SIMPRO;2026-04-12;medicamento;0000120679;12;;HIPOLABOR;LAPRITEC 5MG 30CPDS;;;;;;;;;;;;;;0;SIMPRO_VIG;2009-05-12;20;
SIMPRO;2026-04-12;medicamento;0000103829;12;;HIPOLABOR;LAPRITEC 5MG 500CPDS;;;;;;;;;;;;;;0.14;SIMPRO_VIG;2009-05-12;20;
SIMPRO;2026-04-12;medicamento;0000138509;12;;CAZI;LARINGEX 20PAST.;;;;;;;;;;;;;;0.597;SIMPRO_VIG;2009-09-15;20;
SIMPRO;2026-04-12;medicamento;0000138510;12;;CAZI;LARINGEX SOL.150ML;;;;;;;;;;;;;;0.092;SIMPRO_VIG;2009-09-15;20;
SIMPRO;2026-04-12;medicamento;0000297025;12;;ELI LILLY;LARTRUVO 500MG INJ.FA 50ML;;;;;;;;;;;;;;9034.07;SIMPRO_VIG;2021-04-13;20;
SIMPRO;2026-04-12;medicamento;0000166074;12;;CIMED;LASENE 29MG 2BLX10CPDS REV.;;;;;;;;;;;;;;1.571;SIMPRO_VIG;2012-04-02;20;
SIMPRO;2026-04-12;medicamento;0000084395;12;;HIPOLABOR;LASIOL 20MG 100AMP 2ML;;;;;;;;;;;;;;0;SIMPRO_VIG;2009-05-12;20;
SIMPRO;2026-04-12;medicamento;0000084396;12;;HIPOLABOR;LASIOL 40MG 500CPDS;;;;;;;;;;;;;;0;SIMPRO_VIG;2009-05-12;20;
SIMPRO;2026-04-12;medicamento;0000166305;12;;ALLERGAN;LASTACAFT 0,25% SOL.OFT.3ML;;;;;;;;;;;;;;77.11;SIMPRO_VIG;2025-04-04;20;
SIMPRO;2026-04-12;medicamento;0000159621;12;;EMS GENERICOS;LATANOPROSTA 0,05MG/ML SOL.OFT.2,5ML;;;;;;;;;;;;;;162.51;SIMPRO_VIG;2025-04-04;20;
SIMPRO;2026-04-12;medicamento;0000241089;12;;NOVA QUIMICA GEN;LATANOPROSTA GEN.0,05MG/ML SOL.OFT.2,5ML;;;;;;;;;;;;;;105.85;SIMPRO_VIG;2017-04-01;20;
SIMPRO;2026-04-12;medicamento;0000149480;12;;GERMED GENERICOS;LATANOPROSTA+MALEATO TIMOLOL 0,05+5MG/ML SOL.OFT.FR PLAS.OPC.GTS.2,5ML;;;;;;;;;;;;;;175.82;SIMPRO_VIG;2024-04-02;20;
SIMPRO;2026-04-12;medicamento;0000248239;12;;NOVA QUIMICA GEN;LATANOPROSTA+MALEATO TIMOLOL GEN.0,05+5MG/ML SOL.OFT.2,5ML;;;;;;;;;;;;;;47.56;SIMPRO_VIG;2017-04-01;20;
SIMPRO;2026-04-12;medicamento;0000153639;12;;ALLERGAN;LATISSE 0,3MG/ML 5ML+100APLIC.;;;;;;;;;;;;;;282.17;SIMPRO_VIG;2025-04-04;20;
SIMPRO;2026-04-12;medicamento;0000294861;12;;MANTECORP FARMASA;LATOLISE 10.000 FCC DISP.30CPDS;;;;;;;;;;;;;;2.338;SIMPRO_VIG;2022-04-05;20;
SIMPRO;2026-04-12;medicamento;0000294862;12;;MANTECORP FARMASA;LATOLISE 5.000 FCC GTS 7ML;;;;;;;;;;;;;;8.593;SIMPRO_VIG;2022-04-05;20;
SIMPRO;2026-04-12;medicamento;0000278473;12;;LEGRAND PRESCRICAO;LATONAN 0,05+5MG/SOL.OFT.2,5ML;;;;;;;;;;;;;;215.9;SIMPRO_VIG;2025-04-04;20;
SIMPRO;2026-04-12;medicamento;0000302297;12;;DAIICHI SANKYO;LATUDA 20MG 30CPDS REV.;;;;;;;;;;;;;;7.774;SIMPRO_VIG;2025-04-01;20;
SIMPRO;2026-04-12;medicamento;0000302298;12;;DAIICHI SANKYO;LATUDA 20MG 7CPDS REV.;;;;;;;;;;;;;;7.777;SIMPRO_VIG;2025-04-01;20;
SIMPRO;2026-04-12;medicamento;0000296880;12;;DAIICHI SANKYO;LATUDA 40MG 30CPDS REV.;;;;;;;;;;;;;;15.548;SIMPRO_VIG;2025-04-01;20;
SIMPRO;2026-04-12;medicamento;0000296881;12;;DAIICHI SANKYO;LATUDA 40MG 7CPDS REV.;;;;;;;;;;;;;;15.546;SIMPRO_VIG;2025-04-01;20;
SIMPRO;2026-04-12;medicamento;0000296879;12;;DAIICHI SANKYO;LATUDA 80MG 30CPDS REV.;;;;;;;;;;;;;;18.252;SIMPRO_VIG;2025-04-01;20;
SIMPRO;2026-04-12;medicamento;0000296882;12;;DAIICHI SANKYO;LATUDA 80MG 7CPDS REV.;;;;;;;;;;;;;;18.253;SIMPRO_VIG;2025-04-01;20;
SIMPRO;2026-04-12;medicamento;0000015754;12;;CIMED;LAVITAN 30DRGS;;;;;;;;;;;;;;1.639;SIMPRO_VIG;2013-04-16;20;
SIMPRO;2026-04-12;medicamento;0000137613;12;;AVERT;LAXETTE 33,5MG 10CPDS;;;;;;;;;;;;;;1.302;SIMPRO_VIG;2015-10-14;20;
SIMPRO;2026-04-12;medicamento;0000137614;12;;AVERT;LAXETTE 55,6MG 10CPDS;;;;;;;;;;;;;;2.634;SIMPRO_VIG;2025-04-09;20;
SIMPRO;2026-04-12;medicamento;0000094391;12;;ALM.PRADO;LAXOFIBRA 200G(LIBERADO);;;;;;;;;;;;;;32.98;SIMPRO_VIG;2013-04-01;20;
SIMPRO;2026-04-12;medicamento;0000280009;12;;ALM.PRADO;LECITINA SOJA 30CAPS;;;;;;;;;;;;;;0.435;SIMPRO_VIG;2010-04-01;20;
SIMPRO;2026-04-12;medicamento;0000069423;12;;SANDOZ;LECTRUM 3,75MG PO LIOF.SUSP.INJ.DIL 1FA 1,5ML+SER+2AG;;;;;;;;;;;;;;920.47;SIMPRO_VIG;2022-04-26;20;
SIMPRO;2026-04-12;medicamento;0000069424;12;;SANDOZ;LECTRUM 7,50MG PO LIOF.SUSP.INJ.DIL 1FA 1,5ML+SER+2AG;;;;;;;;;;;;;;2381.14;SIMPRO_VIG;2022-04-26;20;
SIMPRO;2026-04-12;medicamento;0000295569;12;;ACHE;LEDAR 70MG 4CPDS;;;;;;;;;;;;;;44.743;SIMPRO_VIG;2024-04-09;20;
SIMPRO;2026-04-12;medicamento;0000310030;12;;EMS;LEFEMI 2,5MG 30CPDS REV.;;;;;;;;;;;;;;35.825;SIMPRO_VIG;2025-04-04;20;
SIMPRO;2026-04-12;medicamento;0000172103;12;;BIOSINTETICA;LEFLUNOMIDA 20MG 30CPDS REV.;;;;;;;;;;;;;;11.146;SIMPRO_VIG;2020-06-23;20;
SIMPRO;2026-04-12;medicamento;0000269778;12;;CRISTALIA;LEFLUNOMIDA 20MG 30CPDS REV.;;;;;;;;;;;;;;15.266;SIMPRO_VIG;2024-04-09;20;
SIMPRO;2026-04-12;medicamento;0000308450;12;;ACHE;LEFLUNOMIDA 20MG 30CPDS REV.;;;;;;;;;;;;;;11.146;SIMPRO_VIG;2019-06-18;20;
SIMPRO;2026-04-12;medicamento;0000302253;12;;EUROFARMA;LEG 0,5MG/ML XPE.100ML+SER.DOS.;;;;;;;;;;;;;;0.834;SIMPRO_VIG;2025-04-04;20;
SIMPRO;2026-04-12;medicamento;0000302252;12;;EUROFARMA;LEG 0,5MG/ML XPE.60ML+SER.DOS.;;;;;;;;;;;;;;0.94;SIMPRO_VIG;2025-04-04;20;
SIMPRO;2026-04-12;medicamento;0000309661;12;;EUROFARMA;LEG 5MG 10CPDS REV.;;;;;;;;;;;;;;6.992;SIMPRO_VIG;2025-04-04;20;
SIMPRO;2026-04-12;medicamento;0000309660;12;;EUROFARMA;LEG 5MG 5CPDS REV.;;;;;;;;;;;;;;6.648;SIMPRO_VIG;2025-04-04;20;
SIMPRO;2026-04-12;medicamento;0000176091;12;;VIATRIS;LEGALON 180MG 20CAPS GEL.DURA;;;;;;;;;;;;;;8.674;SIMPRO_VIG;2025-04-04;20;
SIMPRO;2026-04-12;medicamento;0000176092;12;;VIATRIS;LEGALON 90MG 30DRGS;;;;;;;;;;;;;;5.212;SIMPRO_VIG;2025-04-04;20;
SIMPRO;2026-04-12;medicamento;0000077417;12;;WYETH;LEGIFOL CS 50MG 10FA;;;;;;;;;;;;;;60.201;SIMPRO_VIG;2018-04-06;20;
SIMPRO;2026-04-12;medicamento;0000285731;12;;LEGRAND PRESCRICAO;LEGRACE 5MG/ML SOL.OFT.5ML;;;;;;;;;;;;;;6.926;SIMPRO_VIG;2022-04-05;20;
SIMPRO;2026-04-12;medicamento;0000175477;12;;UNIAO QUIMICA;LEIBA 200MI GRAN.INF.LAR.5ENV.4G;;;;;;;;;;;;;;3.18;SIMPRO_VIG;2013-04-05;20;
SIMPRO;2026-04-12;medicamento;0000306841;12;;UNIAO QUIMICA;LEIBA 20CPDS MAST.SABOR LARANJA;;;;;;;;;;;;;;2.604;SIMPRO_VIG;2025-04-04;20;
SIMPRO;2026-04-12;medicamento;0000306843;12;;UNIAO QUIMICA;LEIBA 30CAPS GEL.MOLE;;;;;;;;;;;;;;2.303;SIMPRO_VIG;2019-04-09;20;
SIMPRO;2026-04-12;medicamento;0000306842;12;;UNIAO QUIMICA;LEIBA 6SACH.4G SABOR LARANJA;;;;;;;;;;;;;;5.128;SIMPRO_VIG;2025-04-04;20;
SIMPRO;2026-04-12;medicamento;0000242383;12;;CIMED;LEITE MAGNESIA 80MG/ML SUSP.ORAL 240ML;;;;;;;;;;;;;;0.071;SIMPRO_VIG;2014-01-13;20;
SIMPRO;2026-04-12;medicamento;0000084258;12;;PHARMASCIENCE;LEITE MAGNESIA MENTA 120ML;;;;;;;;;;;;;;0.04;SIMPRO_VIG;2009-05-29;20;
SIMPRO;2026-04-12;medicamento;0000084259;12;;PHARMASCIENCE;LEITE MAGNESIA MENTA 350ML;;;;;;;;;;;;;;0.023;SIMPRO_VIG;2009-05-29;20;
SIMPRO;2026-04-12;medicamento;0000047737;12;;PHARMASCIENCE;LEITE MAGNESIA NATURAL 120ML;;;;;;;;;;;;;;0.04;SIMPRO_VIG;2009-05-29;20;
SIMPRO;2026-04-12;medicamento;0000084260;12;;PHARMASCIENCE;LEITE MAGNESIA NATURAL 350ML;;;;;;;;;;;;;;0.023;SIMPRO_VIG;2009-05-29;20;
SIMPRO;2026-04-12;medicamento;0000311697;12;;ZYDUS NIKKHO;LEMOL 2,5MG 30CPDS;;;;;;;;;;;;;;23.87;SIMPRO_VIG;2022-02-10;20;
SIMPRO;2026-04-12;medicamento;0000253543;12;;SANOFI MEDLEY;LEMTRADA 10MG/ML SOL.DIL.INFUS.10ML;;;;;;;;;;;;;;4966.806;SIMPRO_VIG;2020-06-16;20;
SIMPRO;2026-04-12;medicamento;0000267827;12;;TEUTO BRAS;LENAZEN 0,1MG/ML SOL.INJ.50AMP 5ML(EMB.HOSP.);;;;;;;;;;;;;;166.707;SIMPRO_VIG;2019-04-09;20;
SIMPRO;2026-04-12;medicamento;0000271441;12;;TEUTO BRAS;LENAZEN 0,1MG/ML SOL.INJ.5AMP 5ML(EMB.HOSP.);;;;;;;;;;;;;;215.996;SIMPRO_VIG;2026-04-01;20;
SIMPRO;2026-04-12;medicamento;0000175627;12;;GALDERMA;LENCOS UMEDECIDOS DERMOTIVIN 25UNID;;;;;;;;;;;;;;1.06;SIMPRO_VIG;2014-04-30;20;
SIMPRO;2026-04-12;medicamento;0000175626;12;;GALDERMA;LENCOS UMEDECIDOS SOAPEX 10UNID;;;;;;;;;;;;;;0.738;SIMPRO_VIG;2014-04-30;20;
SIMPRO;2026-04-12;medicamento;0000038676;12;;SIDEPAL;LENDREX LOC.60ML;;;;;;;;;;;;;;0.254;SIMPRO_VIG;2009-06-17;20;
SIMPRO;2026-04-12;medicamento;0000307161;12;;UNITED MEDICAL;LENVIMA 10MG 30CAPS DURA;;;;;;;;;;;;;;519.043;SIMPRO_VIG;2026-04-01;20;
SIMPRO;2026-04-12;medicamento;0000307164;12;;UNITED MEDICAL;LENVIMA 4MG 30CAPS DURA;;;;;;;;;;;;;;210.689;SIMPRO_VIG;2026-04-01;20;
SIMPRO;2026-04-12;medicamento;0000042772;12;;NOVARTIS;LEPONEX 100MG 450CPDS;;;;;;;;;;;;;;5.771;SIMPRO_VIG;2015-04-01;20;
SIMPRO;2026-04-12;medicamento;0000301205;12;;MYLAN;LEPONEX 100MG BL.AL.PLAST.PVC 30CPDS;;;;;;;;;;;;;;13.683;SIMPRO_VIG;2023-05-19;20;
SIMPRO;2026-04-12;medicamento;0000301206;12;;MYLAN;LEPONEX 25MG BL.AL.PLAST.PVC 20CPDS;;;;;;;;;;;;;;3.401;SIMPRO_VIG;2023-05-19;20;
SIMPRO;2026-04-12;medicamento;0000172745;12;;EUROFARMA;LEPTICO 100MG 30CPDS;;;;;;;;;;;;;;2.649;SIMPRO_VIG;2019-04-09;20;
SIMPRO;2026-04-12;medicamento;0000172746;12;;EUROFARMA;LEPTICO 100MG 60CPDS;;;;;;;;;;;;;;2.649;SIMPRO_VIG;2019-04-09;20;
SIMPRO;2026-04-12;medicamento;0000172741;12;;EUROFARMA;LEPTICO 25MG 30CPDS;;;;;;;;;;;;;;0.962;SIMPRO_VIG;2019-04-09;20;
SIMPRO;2026-04-12;medicamento;0000172742;12;;EUROFARMA;LEPTICO 25MG 60CPDS;;;;;;;;;;;;;;0.962;SIMPRO_VIG;2019-04-09;20;
SIMPRO;2026-04-12;medicamento;0000172743;12;;EUROFARMA;LEPTICO 50MG 30CPDS;;;;;;;;;;;;;;1.588;SIMPRO_VIG;2019-04-09;20;
SIMPRO;2026-04-12;medicamento;0000172744;12;;EUROFARMA;LEPTICO 50MG 60CPDS;;;;;;;;;;;;;;1.588;SIMPRO_VIG;2019-04-09;20;
SIMPRO;2026-04-12;medicamento;0000260018;12;;ALLERGAN;LERIN 1,050+0,525MG/ML SOL.OFT.24ML;;;;;;;;;;;;;;17.91;SIMPRO_VIG;2021-04-06;20;
SIMPRO;2026-04-12;medicamento;0000037919;12;;NOVARTIS;LESCOL XL 80MG 30CPDS;;;;;;;;;;;;;;4.828;SIMPRO_VIG;2020-04-07;20;
SIMPRO;2026-04-12;medicamento;0000263786;12;;TEUTO BRAS;LESTALGYN 0,4+0,05MG/ML 120ML+COP.MED.;;;;;;;;;;;;;;0.23;SIMPRO_VIG;2025-04-09;20;
SIMPRO;2026-04-12;medicamento;0000055369;12;;TEUTO BRAS;LESTAMIL 2+0,25MG 15CPDS;;;;;;;;;;;;;;0.839;SIMPRO_VIG;2014-04-01;20;
SIMPRO;2026-04-12;medicamento;0000117703;12;;TEUTO BRAS;LESTAMIL 2+0,25MG/5ML XPE.PET 120ML;;;;;;;;;;;;;;0.2;SIMPRO_VIG;2014-04-01;20;
SIMPRO;2026-04-12;medicamento;0000055370;12;;TEUTO BRAS;LESTAMIL 2MG/5ML+0,25MG/5ML XPE.VD.120ML;;;;;;;;;;;;;;0.184;SIMPRO_VIG;2014-04-01;20;
SIMPRO;2026-04-12;medicamento;0000269554;12;;SUPERA;LESTER 2MG 10CPDS REV.;;;;;;;;;;;;;;5.576;SIMPRO_VIG;2025-04-09;20;
SIMPRO;2026-04-12;medicamento;0000269555;12;;SUPERA;LESTER 2MG 30CPDS REV.;;;;;;;;;;;;;;5.579;SIMPRO_VIG;2025-04-09;20;
SIMPRO;2026-04-12;medicamento;0000306815;12;;SUN FARMACEUTICA;LETROZOL 2,5MG 28CPDS REV.;;;;;;;;;;;;;;36.537;SIMPRO_VIG;2025-04-09;20;
SIMPRO;2026-04-12;medicamento;0000136756;12;;EUROFARMA;LETROZOL 2,5MG 30CPDS;;;;;;;;;;;;;;30.331;SIMPRO_VIG;2025-04-04;20;
SIMPRO;2026-04-12;medicamento;0000303952;12;;ZYDUS NIKKHO;LETROZOL 2,5MG 30CPDS REV.;;;;;;;;;;;;;;36.247;SIMPRO_VIG;2025-04-09;20;
SIMPRO;2026-04-12;medicamento;0000304864;12;;DR.REDDY'S;LETROZOL 2,5MG 30CPDS REV.;;;;;;;;;;;;;;36.542;SIMPRO_VIG;2025-04-09;20;
SIMPRO;2026-04-12;medicamento;0000309794;12;;EMS GENERICOS;LETROZOL 2,5MG 30CPDS REV.;;;;;;;;;;;;;;29.211;SIMPRO_VIG;2024-04-02;20;
SIMPRO;2026-04-12;medicamento;0000312903;12;;ACCORD;LETROZOL 2,5MG 30CPDS REV.;;;;;;;;;;;;;;36.54;SIMPRO_VIG;2025-04-04;20;
SIMPRO;2026-04-12;medicamento;0000108259;12;;EUROFARMA;LETROZOL GEN.2,5MG 28CPDS;;;;;;;;;;;;;;0;SIMPRO_VIG;2009-12-10;20;
SIMPRO;2026-04-12;medicamento;0000089573;12;;AMGEN;LEUCIN 300MCG 5FA;;;;;;;;;;;;;;345.012;SIMPRO_VIG;2012-03-09;20;
SIMPRO;2026-04-12;medicamento;0000022672;12;;BLAU;LEUCOCITIM 150MCG 1FA+DIL 1ML;;;;;;;;;;;;;;254.48;SIMPRO_VIG;2013-04-01;20;
SIMPRO;2026-04-12;medicamento;0000022673;12;;BLAU;LEUCOCITIM 300MCG 1FA+DIL 1ML;;;;;;;;;;;;;;445.14;SIMPRO_VIG;2013-04-01;20;
SIMPRO;2026-04-12;medicamento;0000022674;12;;BLAU;LEUCOCITIM 400MCG 1FA+DIL 1ML;;;;;;;;;;;;;;612.73;SIMPRO_VIG;2013-04-01;20;
SIMPRO;2026-04-12;medicamento;0000066363;12;;DARROW;LEUCODIN CRM.30GRS;;;;;;;;;;;;;;1.011;SIMPRO_VIG;2010-04-01;20;
SIMPRO;2026-04-12;medicamento;0000030036;12;;ACHE;LEUCOGEN 20MG/5ML XPE.120ML;;;;;;;;;;;;;;0.972;SIMPRO_VIG;2025-01-01;20;
SIMPRO;2026-04-12;medicamento;0000283980;12;;ACHE;LEUCOGEN 20MG/5ML XPE.60ML;;;;;;;;;;;;;;1.254;SIMPRO_VIG;2023-04-01;20;
SIMPRO;2026-04-12;medicamento;0000282695;12;;ACHE;LEUCOGEN 80MG 10CAPS GEL.DURA;;;;;;;;;;;;;;95.44;SIMPRO_VIG;2023-04-01;20;
SIMPRO;2026-04-12;medicamento;0000030047;12;;ACHE;LEUCOGEN 80MG 20CAPS GEL.DURA;;;;;;;;;;;;;;5.521;SIMPRO_VIG;2020-06-26;20;
SIMPRO;2026-04-12;medicamento;0000282696;12;;ACHE;LEUCOGEN 80MG 30CAPS GEL.DURA;;;;;;;;;;;;;;165.33;SIMPRO_VIG;2025-01-01;20;
SIMPRO;2026-04-12;medicamento;0000280087;12;;ALM.PRADO;LEUCOMED 20GRS;;;;;;;;;;;;;;0.493;SIMPRO_VIG;2010-04-01;20;
SIMPRO;2026-04-12;medicamento;0000136723;12;;FRESENIUS;LEUCOVORINA 50MG PO LIOFILO 1FA;;;;;;;;;;;;;;67.85;SIMPRO_VIG;2010-10-27;20;
SIMPRO;2026-04-12;medicamento;0000018478;12;;ASPEN;LEUKERAN 2MG 25CPDS REV.;;;;;;;;;;;;;;6.369;SIMPRO_VIG;2025-04-04;20;
SIMPRO;2026-04-12;medicamento;0000153642;12;;AMGEN;LEUMOSTIN 300MCG PO LIOF.5FA;;;;;;;;;;;;;;282.894;SIMPRO_VIG;2011-03-31;20;
SIMPRO;2026-04-12;medicamento;0000296968;12;;LEGRAND GENERICOS;LEUPHILA 100MG 60CPDS REV.;;;;;;;;;;;;;;105.415;SIMPRO_VIG;2018-04-06;20;
SIMPRO;2026-04-12;medicamento;0000296969;12;;LEGRAND GENERICOS;LEUPHILA 400MG 30CPDS REV.;;;;;;;;;;;;;;410.734;SIMPRO_VIG;2018-04-06;20;
SIMPRO;2026-04-12;medicamento;0000016999;12;;JANSSEN-CILAG;LEUSTATIN 1FA 10ML;;;;;;;;;;;;;;143.696;SIMPRO_VIG;2015-03-31;20;
SIMPRO;2026-04-12;medicamento;0000163500;12;;MAWDSLEYS;LEUSTATIN 1MG/ML SOL.INJ.1FA 8ML;;;;;;;;;;;;;;2121.46;SIMPRO_VIG;2025-04-23;20;
SIMPRO;2026-04-12;medicamento;0000068480;12;;HALEX ISTAR;LEVAFLOX 500MG 100ML SOLUFLEX;;;;;;;;;;;;;;0;SIMPRO_VIG;2009-12-14;20;
SIMPRO;2026-04-12;medicamento;0000315538;12;;HALEX ISTAR;LEVAFLOX 5MG/ML SOL.INFUS.IV 5BOLS.SIST.FECH.150ML;;;;;;;;;;;;;;290.38;SIMPRO_VIG;2023-09-19;20;
SIMPRO;2026-04-12;medicamento;0000315540;12;;HALEX ISTAR;LEVAFLOX 5MG/ML SOL.INFUS.IV 70BOLS.SIST.FECH.150ML;;;;;;;;;;;;;;290.397;SIMPRO_VIG;2023-09-19;20;
SIMPRO;2026-04-12;medicamento;0000143214;12;;HALEX ISTAR;LEVAFLOX 5MG/ML SOL.INFUS.IV BOL.SIST.FECH.100ML;;;;;;;;;;;;;;180.72;SIMPRO_VIG;2023-09-19;20;
SIMPRO;2026-04-12;medicamento;0000315536;12;;HALEX ISTAR;LEVAFLOX 5MG/ML SOL.INFUS.IV BOL.SIST.FECH.150ML;;;;;;;;;;;;;;290.39;SIMPRO_VIG;2023-09-19;20;
SIMPRO;2026-04-12;medicamento;0000034110;12;;JANSSEN-CILAG;LEVAQUIN 500MG 10CPDS;;;;;;;;;;;;;;42.393;SIMPRO_VIG;2025-04-04;20;
SIMPRO;2026-04-12;medicamento;0000083150;12;;BIOLAB SANUS;LEVEL 100+20MCG 21CPDS;;;;;;;;;;;;;;1.436;SIMPRO_VIG;2025-04-09;20;
SIMPRO;2026-04-12;medicamento;0000145463;12;;BIOLAB SANUS;LEVEL 100+20MCG 63CPDS;;;;;;;;;;;;;;1.437;SIMPRO_VIG;2025-04-09;20;
SIMPRO;2026-04-12;medicamento;0000139413;12;;MARIOL;LEVELAX 100ML;;;;;;;;;;;;;;0.078;SIMPRO_VIG;2010-07-20;20;
SIMPRO;2026-04-12;medicamento;0000244740;12;;NOVO NORDISK;LEVEMIR FLEXPEN 100U/ML SOL.INJ.3ML+1APLIC.;;;;;;;;;;;;;;135.49;SIMPRO_VIG;2024-04-02;20;
SIMPRO;2026-04-12;medicamento;0000098537;12;;NOVO NORDISK;LEVEMIR FLEXPEN 100U/ML SOL.INJ.5CARP.3ML+5APLIC.;;;;;;;;;;;;;;135.512;SIMPRO_VIG;2024-04-02;20;
SIMPRO;2026-04-12;medicamento;0000098536;12;;NOVO NORDISK;LEVEMIR PENFILL 100U/ML SOL.INJ.5CARP.3ML;;;;;;;;;;;;;;131.67;SIMPRO_VIG;2024-04-02;20;
SIMPRO;2026-04-12;medicamento;0000097109;12;;EMS;LEVERCTIN 6MG 2CPDS;;;;;;;;;;;;;;14.265;SIMPRO_VIG;2025-04-04;20;
SIMPRO;2026-04-12;medicamento;0000097110;12;;EMS;LEVERCTIN 6MG 4CPDS;;;;;;;;;;;;;;11.503;SIMPRO_VIG;2025-04-04;20;
SIMPRO;2026-04-12;medicamento;0000076148;12;;BAYER;LEVITRA 10MG 1CPD REV.;;;;;;;;;;;;;;43.49;SIMPRO_VIG;2025-04-04;20;
SIMPRO;2026-04-12;medicamento;0000156440;12;;BAYER;LEVITRA 10MG 2CPDS ORODISP.;;;;;;;;;;;;;;25.785;SIMPRO_VIG;2018-06-19;20;
SIMPRO;2026-04-12;medicamento;0000285839;12;;BAYER;LEVITRA 10MG 2CPDS ORODISP.;;;;;;;;;;;;;;40.53;SIMPRO_VIG;2021-04-06;20;
SIMPRO;2026-04-12;medicamento;0000096097;12;;BAYER;LEVITRA 10MG 2CPDS REV.;;;;;;;;;;;;;;43.345;SIMPRO_VIG;2014-04-01;20;
SIMPRO;2026-04-12;medicamento;0000156441;12;;BAYER;LEVITRA 10MG 4CPDS ORODISP.;;;;;;;;;;;;;;25.793;SIMPRO_VIG;2018-06-19;20;
SIMPRO;2026-04-12;medicamento;0000285840;12;;BAYER;LEVITRA 10MG 4CPDS ORODISP.;;;;;;;;;;;;;;40.538;SIMPRO_VIG;2021-04-06;20;
SIMPRO;2026-04-12;medicamento;0000076147;12;;BAYER;LEVITRA 10MG 4CPDS REV.;;;;;;;;;;;;;;41.14;SIMPRO_VIG;2014-04-01;20;
SIMPRO;2026-04-12;medicamento;0000090950;12;;BAYER;LEVITRA 20MG 2CPDS REV.;;;;;;;;;;;;;;90.435;SIMPRO_VIG;2025-04-04;20;
SIMPRO;2026-04-12;medicamento;0000076149;12;;BAYER;LEVITRA 20MG 4CPDS REV.;;;;;;;;;;;;;;90.408;SIMPRO_VIG;2025-04-04;20;
SIMPRO;2026-04-12;medicamento;0000102003;12;;BAYER;LEVITRA 20MG 8CPDS REV.;;;;;;;;;;;;;;78.934;SIMPRO_VIG;2022-04-12;20;
SIMPRO;2026-04-12;medicamento;0000259358;12;;BAYER;LEVITRA 5MG BL.AL.PLAST.4CPDS;;;;;;;;;;;;;;48.215;SIMPRO_VIG;2020-06-12;20;
SIMPRO;2026-04-12;medicamento;0000076146;12;;BAYER;LEVITRA 5MG BL.AL/AL 4CPDS REV.;;;;;;;;;;;;;;66.68;SIMPRO_VIG;2024-04-05;20;
SIMPRO;2026-04-12;medicamento;0000127899;12;;SANDOZ;LEVOBIOT 250MG 7CPDS REV.;;;;;;;;;;;;;;4.066;SIMPRO_VIG;2019-06-25;20;
SIMPRO;2026-04-12;medicamento;0000127900;12;;SANDOZ;LEVOBIOT 500MG 10CPDS REV.;;;;;;;;;;;;;;9.314;SIMPRO_VIG;2022-04-26;20;
SIMPRO;2026-04-12;medicamento;0000127901;12;;SANDOZ;LEVOBIOT 500MG 3CPDS REV.;;;;;;;;;;;;;;11.547;SIMPRO_VIG;2018-04-24;20;
SIMPRO;2026-04-12;medicamento;0000127902;12;;SANDOZ;LEVOBIOT 500MG 7CPDS REV.;;;;;;;;;;;;;;9.331;SIMPRO_VIG;2022-04-26;20;
SIMPRO;2026-04-12;medicamento;0000239766;12;;ACHE;LEVOFLOXACINO 500MG 10CPDS;;;;;;;;;;;;;;8.313;SIMPRO_VIG;2018-11-01;20;
SIMPRO;2026-04-12;medicamento;0000267829;12;;TEUTO BRAS;LEVOFLOXACINO 500MG 10CPDS;;;;;;;;;;;;;;10.891;SIMPRO_VIG;2025-04-09;20;
SIMPRO;2026-04-12;medicamento;0000269282;12;;ONEFARMA;LEVOFLOXACINO 500MG 10CPDS;;;;;;;;;;;;;;9.395;SIMPRO_VIG;2021-04-06;20;
SIMPRO;2026-04-12;medicamento;0000101557;12;;EMS GENERICOS;LEVOFLOXACINO 500MG 10CPDS REV.;;;;;;;;;;;;;;11.758;SIMPRO_VIG;2025-04-17;20;
SIMPRO;2026-04-12;medicamento;0000101599;12;;LEGRAND GENERICOS;LEVOFLOXACINO 500MG 10CPDS REV.;;;;;;;;;;;;;;10.66;SIMPRO_VIG;2023-04-01;20;
SIMPRO;2026-04-12;medicamento;0000101996;12;;GERMED GENERICOS;LEVOFLOXACINO 500MG 10CPDS REV.;;;;;;;;;;;;;;16.339;SIMPRO_VIG;2025-04-04;20;
SIMPRO;2026-04-12;medicamento;0000115755;12;;SANDOZ;LEVOFLOXACINO 500MG 10CPDS REV.;;;;;;;;;;;;;;15.702;SIMPRO_VIG;2022-04-26;20;
SIMPRO;2026-04-12;medicamento;0000239750;12;;BIOSINTETICA;LEVOFLOXACINO 500MG 10CPDS REV.;;;;;;;;;;;;;;12.496;SIMPRO_VIG;2020-06-23;20;
SIMPRO;2026-04-12;medicamento;0000242385;12;;CIMED;LEVOFLOXACINO 500MG 10CPDS REV.;;;;;;;;;;;;;;12.077;SIMPRO_VIG;2025-04-04;20;
SIMPRO;2026-04-12;medicamento;0000296970;12;;PRATI-DONADUZZI;LEVOFLOXACINO 500MG 10CPDS REV.;;;;;;;;;;;;;;9.719;SIMPRO_VIG;2025-04-04;20;
SIMPRO;2026-04-12;medicamento;0000299172;12;;CELLERA FARMA;LEVOFLOXACINO 500MG 10CPDS REV.;;;;;;;;;;;;;;18.256;SIMPRO_VIG;2025-04-04;20;
SIMPRO;2026-04-12;medicamento;0000308451;12;;ACHE;LEVOFLOXACINO 500MG 10CPDS REV.;;;;;;;;;;;;;;10.872;SIMPRO_VIG;2025-04-04;20;
SIMPRO;2026-04-12;medicamento;0000297713;12;;PRATI-DONADUZZI;LEVOFLOXACINO 500MG 280CPDS REV.(EMB.HOSP.);;;;;;;;;;;;;;20.007;SIMPRO_VIG;2025-04-04;20;
SIMPRO;2026-04-12;medicamento;0000104924;12;;EMS GENERICOS;LEVOFLOXACINO 500MG 3CPDS REV.;;;;;;;;;;;;;;18.21;SIMPRO_VIG;2025-04-04;20;
SIMPRO;2026-04-12;medicamento;0000105751;12;;LEGRAND GENERICOS;LEVOFLOXACINO 500MG 3CPDS REV.;;;;;;;;;;;;;;14.74;SIMPRO_VIG;2023-04-01;20;
SIMPRO;2026-04-12;medicamento;0000115756;12;;SANDOZ;LEVOFLOXACINO 500MG 3CPDS REV.;;;;;;;;;;;;;;15.703;SIMPRO_VIG;2022-04-26;20;
SIMPRO;2026-04-12;medicamento;0000140246;12;;EUROFARMA;LEVOFLOXACINO 500MG 3CPDS REV.;;;;;;;;;;;;;;8.453;SIMPRO_VIG;2018-04-10;20;
SIMPRO;2026-04-12;medicamento;0000256043;12;;EUROFARMA;LEVOFLOXACINO 500MG 42CPDS EMB.FRAC.;;;;;;;;;;;;;;5.509;SIMPRO_VIG;2018-04-10;20;
SIMPRO;2026-04-12;medicamento;0000239765;12;;ACHE;LEVOFLOXACINO 500MG 7CPDS;;;;;;;;;;;;;;8.373;SIMPRO_VIG;2018-11-01;20;
SIMPRO;2026-04-12;medicamento;0000267828;12;;TEUTO BRAS;LEVOFLOXACINO 500MG 7CPDS;;;;;;;;;;;;;;14.28;SIMPRO_VIG;2025-04-09;20;
SIMPRO;2026-04-12;medicamento;0000269281;12;;ONEFARMA;LEVOFLOXACINO 500MG 7CPDS;;;;;;;;;;;;;;10.401;SIMPRO_VIG;2022-04-05;20;
SIMPRO;2026-04-12;medicamento;0000292635;12;;MERCK S.A;LEVOFLOXACINO 500MG 7CPDS;;;;;;;;;;;;;;13.414;SIMPRO_VIG;2023-04-03;20;
SIMPRO;2026-04-12;medicamento;0000101556;12;;EMS GENERICOS;LEVOFLOXACINO 500MG 7CPDS REV.;;;;;;;;;;;;;;18.24;SIMPRO_VIG;2025-04-04;20;
SIMPRO;2026-04-12;medicamento;0000101598;12;;LEGRAND GENERICOS;LEVOFLOXACINO 500MG 7CPDS REV.;;;;;;;;;;;;;;16.706;SIMPRO_VIG;2025-04-04;20;
SIMPRO;2026-04-12;medicamento;0000101995;12;;GERMED GENERICOS;LEVOFLOXACINO 500MG 7CPDS REV.;;;;;;;;;;;;;;16.581;SIMPRO_VIG;2025-04-04;20;
SIMPRO;2026-04-12;medicamento;0000115757;12;;SANDOZ;LEVOFLOXACINO 500MG 7CPDS REV.;;;;;;;;;;;;;;15.679;SIMPRO_VIG;2022-04-26;20;
SIMPRO;2026-04-12;medicamento;0000161001;12;;ZYDUS NIKKHO;LEVOFLOXACINO 500MG 7CPDS REV.;;;;;;;;;;;;;;11.453;SIMPRO_VIG;2021-04-06;20;
SIMPRO;2026-04-12;medicamento;0000239748;12;;BIOSINTETICA;LEVOFLOXACINO 500MG 7CPDS REV.;;;;;;;;;;;;;;12.584;SIMPRO_VIG;2020-06-23;20;
SIMPRO;2026-04-12;medicamento;0000242384;12;;CIMED;LEVOFLOXACINO 500MG 7CPDS REV.;;;;;;;;;;;;;;13.373;SIMPRO_VIG;2025-04-04;20;
SIMPRO;2026-04-12;medicamento;0000296971;12;;PRATI-DONADUZZI;LEVOFLOXACINO 500MG 7CPDS REV.;;;;;;;;;;;;;;8.784;SIMPRO_VIG;2025-04-04;20;
SIMPRO;2026-04-12;medicamento;0000299173;12;;CELLERA FARMA;LEVOFLOXACINO 500MG 7CPDS REV.;;;;;;;;;;;;;;18.277;SIMPRO_VIG;2025-12-02;20;
SIMPRO;2026-04-12;medicamento;0000308452;12;;ACHE;LEVOFLOXACINO 500MG 7CPDS REV.;;;;;;;;;;;;;;13.313;SIMPRO_VIG;2025-04-04;20;
SIMPRO;2026-04-12;medicamento;0000282138;12;;NOVARTIS;LEVOFLOXACINO 500MG BL.AL.PLAST.10CPDS REV.;;;;;;;;;;;;;;6.557;SIMPRO_VIG;2026-04-01;20;
SIMPRO;2026-04-12;medicamento;0000282137;12;;NOVARTIS;LEVOFLOXACINO 500MG BL.AL.PLAST.7CPDS REV.;;;;;;;;;;;;;;6.557;SIMPRO_VIG;2026-04-01;20;
SIMPRO;2026-04-12;medicamento;0000143215;12;;HALEX ISTAR;LEVOFLOXACINO 5MG/ML BOLSA 100ML;;;;;;;;;;;;;;181.72;SIMPRO_VIG;2023-09-19;20;
SIMPRO;2026-04-12;medicamento;0000058506;12;;RANBAXY;LEVOFLOXACINO GEN.250MG 7CPDS;;;;;;;;;;;;;;4.52;SIMPRO_VIG;2008-04-01;20;
SIMPRO;2026-04-12;medicamento;0000079740;12;;BRAINFARMA;LEVOFLOXACINO GEN.250MG 7CPDS;;;;;;;;;;;;;;0;SIMPRO_VIG;2010-04-01;20;
SIMPRO;2026-04-12;medicamento;0000089440;12;;NOVA QUIMICA;LEVOFLOXACINO GEN.250MG 7CPDS;;;;;;;;;;;;;;5.439;SIMPRO_VIG;2009-06-23;20;
SIMPRO;2026-04-12;medicamento;0000115752;12;;SANDOZ;LEVOFLOXACINO GEN.250MG 7CPDS;;;;;;;;;;;;;;4.363;SIMPRO_VIG;2013-04-19;20;
SIMPRO;2026-04-12;medicamento;0000161000;12;;ZYDUS NIKKHO;LEVOFLOXACINO GEN.250MG 7CPDS;;;;;;;;;;;;;;3.499;SIMPRO_VIG;2014-04-01;20;
SIMPRO;2026-04-12;medicamento;0000154469;12;;EMS GEN;LEVOFLOXACINO GEN.500MG 1CPD REV.F.V.;;;;;;;;;;;;;;7.75;SIMPRO_VIG;2011-04-14;20;
SIMPRO;2026-04-12;medicamento;0000105822;12;;GERMED GEN;LEVOFLOXACINO GEN.500MG 3CPDS REV.;;;;;;;;;;;;;;6.917;SIMPRO_VIG;2011-04-01;20;
SIMPRO;2026-04-12;medicamento;0000110434;12;;EMS GENERICOS;LEVOFLOXACINO GEN.500MG 7BLX6CPDS REV.;;;;;;;;;;;;;;9.929;SIMPRO_VIG;2015-04-01;20;
SIMPRO;2026-04-12;medicamento;0000058507;12;;RANBAXY;LEVOFLOXACINO GEN.500MG 7CPDS;;;;;;;;;;;;;;12.146;SIMPRO_VIG;2015-04-01;20;
SIMPRO;2026-04-12;medicamento;0000079741;12;;BRAINFARMA;LEVOFLOXACINO GEN.500MG 7CPDS;;;;;;;;;;;;;;11.181;SIMPRO_VIG;2016-04-05;20;
SIMPRO;2026-04-12;medicamento;0000089441;12;;NOVA QUIMICA;LEVOFLOXACINO GEN.500MG 7CPDS;;;;;;;;;;;;;;7.75;SIMPRO_VIG;2011-04-01;20;
SIMPRO;2026-04-12;medicamento;0000097510;12;;EUROFARMA;LEVOFLOXACINO GEN.500MG/100ML BOLSA;;;;;;;;;;;;;;69.09;SIMPRO_VIG;2010-11-12;20;
SIMPRO;2026-04-12;medicamento;0000108441;12;;HALEX ISTAR;LEVOFLOXACINO GEN.5MG/ML 100ML;;;;;;;;;;;;;;0;SIMPRO_VIG;2009-12-14;20;
SIMPRO;2026-04-12;medicamento;0000132314;12;;EUROFARMA;LEVOFLOXACINO GEN.5MG/ML 6BOLSA 100ML;;;;;;;;;;;;;;82.418;SIMPRO_VIG;2013-04-01;20;
SIMPRO;2026-04-12;medicamento;0000315542;12;;HALEX ISTAR;LEVOFLOXACINO HEMI-HIDRATADO 5MG/ML SOL.INFUS.IV 5BOLS.PVC.SIST.FECH.150ML;;;;;;;;;;;;;;1154.33;SIMPRO_VIG;2023-09-19;20;
SIMPRO;2026-04-12;medicamento;0000315547;12;;HALEX ISTAR;LEVOFLOXACINO HEMI-HIDRATADO 5MG/ML SOL.INFUS.IV 60BOLS.SIST.FECH.100ML;;;;;;;;;;;;;;165.015;SIMPRO_VIG;2025-05-20;20;
SIMPRO;2026-04-12;medicamento;0000315545;12;;HALEX ISTAR;LEVOFLOXACINO HEMI-HIDRATADO 5MG/ML SOL.INFUS.IV 70BOLS.PVC.SIST.FECH.150ML;;;;;;;;;;;;;;16160.71;SIMPRO_VIG;2023-09-19;20;
SIMPRO;2026-04-12;medicamento;0000315541;12;;HALEX ISTAR;LEVOFLOXACINO HEMI-HIDRATADO 5MG/ML SOL.INFUS.IV BOL.PVC.SIST.FECH.150ML;;;;;;;;;;;;;;230.86;SIMPRO_VIG;2023-09-19;20;
SIMPRO;2026-04-12;medicamento;0000315549;12;;HALEX ISTAR;LEVOFLOXACINO HEMI-HIDRATADO 5MG/ML SOL.INJ.IV 60BOLS.SIST.FECH.100ML;;;;;;;;;;;;;;165.015;SIMPRO_VIG;2025-05-20;20;
SIMPRO;2026-04-12;medicamento;0000315548;12;;HALEX ISTAR;LEVOFLOXACINO HEMI-HIDRATADO 5MG/ML SOL.INJ.IV.BOL.100ML;;;;;;;;;;;;;;160.84;SIMPRO_VIG;2024-04-30;20;
SIMPRO;2026-04-12;medicamento;0000105728;12;;ISOFARMA;LEVOFLOXACINO HEMI-HIDRATADO 5MG/ML SOL.INJ.IV.BOLSA 100ML;;;;;;;;;;;;;;110.86;SIMPRO_VIG;2020-07-07;20;
SIMPRO;2026-04-12;medicamento;0000074187;12;;EUROFARMA;LEVOFLOXACINO HEMIDRATADO 500MG 10CPDS REV.;;;;;;;;;;;;;;18.263;SIMPRO_VIG;2025-04-04;20;
SIMPRO;2026-04-12;medicamento;0000074186;12;;EUROFARMA;LEVOFLOXACINO HEMIDRATADO 500MG 7CPDS REV.;;;;;;;;;;;;;;18.284;SIMPRO_VIG;2025-04-04;20;
SIMPRO;2026-04-12;medicamento;0000301167;12;;EUROFARMA;LEVOFLOXACINO HEMIDRATADO 750MG 5CPDS REV.;;;;;;;;;;;;;;17.178;SIMPRO_VIG;2025-04-04;20;
SIMPRO;2026-04-12;medicamento;0000301168;12;;EUROFARMA;LEVOFLOXACINO HEMIDRATADO 750MG 7CPDS REV.;;;;;;;;;;;;;;17.184;SIMPRO_VIG;2025-04-04;20;
SIMPRO;2026-04-12;medicamento;0000306792;12;;EUROFARMA;LEVOFLOXACINO HEMIHIDRATADO 5MG/ML SOL.INJ.5 BOLSA 150ML;;;;;;;;;;;;;;241.252;SIMPRO_VIG;2024-04-09;20;
SIMPRO;2026-04-12;medicamento;0000292632;12;;SANOFI MEDLEY;LEVOFLOXACINO HEMIIDRATADO 500MG 10CPDS REV.;;;;;;;;;;;;;;9.41;SIMPRO_VIG;2022-04-05;20;
SIMPRO;2026-04-12;medicamento;0000292631;12;;SANOFI MEDLEY;LEVOFLOXACINO HEMIIDRATADO 500MG 7CPDS REV.;;;;;;;;;;;;;;9.391;SIMPRO_VIG;2022-04-05;20;
SIMPRO;2026-04-12;medicamento;0000144895;12;;EUROFARMA;LEVOGEN 21CPDS;;;;;;;;;;;;;;0.253;SIMPRO_VIG;2011-04-01;20;
SIMPRO;2026-04-12;medicamento;0000286349;12;;ACHE;LEVOID 100MCG 15CPDS;;;;;;;;;;;;;;0.527;SIMPRO_VIG;2024-02-01;20;
SIMPRO;2026-04-12;medicamento;0000116301;12;;ACHE;LEVOID 100MCG 30CPDS;;;;;;;;;;;;;;0.594;SIMPRO_VIG;2025-01-01;20;
SIMPRO;2026-04-12;medicamento;0000286350;12;;ACHE;LEVOID 112MCG 15CPDS;;;;;;;;;;;;;;1.035;SIMPRO_VIG;2024-02-01;20;
SIMPRO;2026-04-12;medicamento;0000116302;12;;ACHE;LEVOID 112MCG 30CPDS;;;;;;;;;;;;;;1.133;SIMPRO_VIG;2025-04-04;20;
SIMPRO;2026-04-12;medicamento;0000116303;12;;ACHE;LEVOID 125MCG 30CPDS;;;;;;;;;;;;;;0.906;SIMPRO_VIG;2025-01-01;20;
SIMPRO;2026-04-12;medicamento;0000116304;12;;ACHE;LEVOID 150MCG 30CPDS;;;;;;;;;;;;;;0.97;SIMPRO_VIG;2025-01-01;20;
SIMPRO;2026-04-12;medicamento;0000116305;12;;ACHE;LEVOID 175MCG 30CPDS;;;;;;;;;;;;;;1.22;SIMPRO_VIG;2025-01-01;20;
SIMPRO;2026-04-12;medicamento;0000116306;12;;ACHE;LEVOID 200MCG 30CPDS;;;;;;;;;;;;;;1.377;SIMPRO_VIG;2025-04-04;20;
SIMPRO;2026-04-12;medicamento;0000286344;12;;ACHE;LEVOID 25MCG 15CPDS;;;;;;;;;;;;;;0.559;SIMPRO_VIG;2024-02-01;20;
SIMPRO;2026-04-12;medicamento;0000116297;12;;ACHE;LEVOID 25MCG 30CPDS;;;;;;;;;;;;;;0.615;SIMPRO_VIG;2025-01-01;20;
SIMPRO;2026-04-12;medicamento;0000286345;12;;ACHE;LEVOID 38MCG 15CPDS;;;;;;;;;;;;;;0.451;SIMPRO_VIG;2024-02-01;20;
SIMPRO;2026-04-12;medicamento;0000137641;12;;ACHE;LEVOID 38MCG 30CPDS;;;;;;;;;;;;;;0.404;SIMPRO_VIG;2025-01-01;20;
SIMPRO;2026-04-12;medicamento;0000286346;12;;ACHE;LEVOID 50MCG 15CPDS;;;;;;;;;;;;;;0.619;SIMPRO_VIG;2024-02-01;20;
SIMPRO;2026-04-12;medicamento;0000116298;12;;ACHE;LEVOID 50MCG 30CPDS;;;;;;;;;;;;;;0.689;SIMPRO_VIG;2025-01-01;20;
SIMPRO;2026-04-12;medicamento;0000286347;12;;ACHE;LEVOID 75MCG 15CPDS;;;;;;;;;;;;;;0.675;SIMPRO_VIG;2024-02-01;20;
SIMPRO;2026-04-12;medicamento;0000116299;12;;ACHE;LEVOID 75MCG 30CPDS;;;;;;;;;;;;;;0.71;SIMPRO_VIG;2025-01-01;20;
SIMPRO;2026-04-12;medicamento;0000286348;12;;ACHE;LEVOID 88MCG 15CPDS;;;;;;;;;;;;;;0.813;SIMPRO_VIG;2024-02-01;20;
SIMPRO;2026-04-12;medicamento;0000116300;12;;ACHE;LEVOID 88MCG 30CPDS;;;;;;;;;;;;;;0.905;SIMPRO_VIG;2025-01-01;20;
SIMPRO;2026-04-12;medicamento;0000255964;12;;GLENMARK;LEVOLUKAST 10+5MG 14CPDS;;;;;;;;;;;;;;10.31;SIMPRO_VIG;2025-04-01;20;
SIMPRO;2026-04-12;medicamento;0000255963;12;;GLENMARK;LEVOLUKAST 10+5MG 7CPDS;;;;;;;;;;;;;;10.306;SIMPRO_VIG;2025-04-01;20;
SIMPRO;2026-04-12;medicamento;0000159312;12;;NEO QUIMICA;LEVONORGESTREL 1,5MG 1CPD;;;;;;;;;;;;;;30.72;SIMPRO_VIG;2025-04-09;20;
SIMPRO;2026-04-12;medicamento;0000306801;12;;MABRA FARMACEUTICA;LEVONORGESTREL+ETINILESTRADIOL 0,15+0,03MG 21CPDS REV.;;;;;;;;;;;;;;8.79;SIMPRO_VIG;2025-06-24;20;
SIMPRO;2026-04-12;medicamento;0000033687;12;;HOSPIRA;LEVOPHED 1MG/ML 10FA 4ML;;;;;;;;;;;;;;17.345;SIMPRO_VIG;2012-04-02;20;
SIMPRO;2026-04-12;medicamento;0000300913;12;;CELLERA FARMA;LEVORE 500MG 10CPDS REV.;;;;;;;;;;;;;;12.569;SIMPRO_VIG;2020-06-30;20;
SIMPRO;2026-04-12;medicamento;0000300914;12;;CELLERA FARMA;LEVORE 500MG 3CPDS REV.;;;;;;;;;;;;;;12.583;SIMPRO_VIG;2020-06-30;20;
SIMPRO;2026-04-12;medicamento;0000300912;12;;CELLERA FARMA;LEVORE 500MG 7CPDS REV.;;;;;;;;;;;;;;12.573;SIMPRO_VIG;2020-06-30;20;
SIMPRO;2026-04-12;medicamento;0000037132;12;;BLAU;LEVORIN 15MG 10CPDS;;;;;;;;;;;;;;10.511;SIMPRO_VIG;2010-08-25;20;
SIMPRO;2026-04-12;medicamento;0000068498;12;;CRISTALIA;LEVOTAC 250MG 3CPDS;;;;;;;;;;;;;;0;SIMPRO_VIG;2010-01-07;20;
SIMPRO;2026-04-12;medicamento;0000068499;12;;CRISTALIA;LEVOTAC 250MG 7CPDS;;;;;;;;;;;;;;0;SIMPRO_VIG;2010-01-07;20;
SIMPRO;2026-04-12;medicamento;0000078605;12;;CRISTALIA;LEVOTAC 500MG 10CPDS;;;;;;;;;;;;;;0;SIMPRO_VIG;2010-01-07;20;
SIMPRO;2026-04-12;medicamento;0000068501;12;;CRISTALIA;LEVOTAC 500MG 7CPDS;;;;;;;;;;;;;;0;SIMPRO_VIG;2010-01-07;20;
SIMPRO;2026-04-12;medicamento;0000150488;12;;CRISTALIA;LEVOTAC 5MG SOL.INJ.6.BOL.SIST.FECH.100ML;;;;;;;;;;;;;;253.962;SIMPRO_VIG;2025-04-09;20;
SIMPRO;2026-04-12;medicamento;0000078568;12;;CRISTALIA;LEVOTAC 5MG/ML 100ML;;;;;;;;;;;;;;0;SIMPRO_VIG;2010-01-07;20;
SIMPRO;2026-04-12;medicamento;0000138284;12;;MERCK S.A;LEVOTIROXINA SODICA 100MCG 30CPDS;;;;;;;;;;;;;;0.371;SIMPRO_VIG;2025-04-04;20;
SIMPRO;2026-04-12;medicamento;0000141934;12;;MERCK S.A;LEVOTIROXINA SODICA 112MCG 30CPDS;;;;;;;;;;;;;;0.73;SIMPRO_VIG;2025-04-04;20;
SIMPRO;2026-04-12;medicamento;0000138285;12;;MERCK S.A;LEVOTIROXINA SODICA 125MCG 30CPDS;;;;;;;;;;;;;;0.544;SIMPRO_VIG;2025-04-04;20;
SIMPRO;2026-04-12;medicamento;0000138286;12;;MERCK S.A;LEVOTIROXINA SODICA 150MCG 30CPDS;;;;;;;;;;;;;;0.586;SIMPRO_VIG;2025-04-04;20;
SIMPRO;2026-04-12;medicamento;0000138287;12;;MERCK S.A;LEVOTIROXINA SODICA 175MCG 30CPDS;;;;;;;;;;;;;;0.741;SIMPRO_VIG;2025-04-04;20;
SIMPRO;2026-04-12;medicamento;0000138288;12;;MERCK S.A;LEVOTIROXINA SODICA 200MCG 30CPDS;;;;;;;;;;;;;;1.28;SIMPRO_VIG;2025-04-04;20;
SIMPRO;2026-04-12;medicamento;0000138281;12;;MERCK S.A;LEVOTIROXINA SODICA 25MCG 30CPDS;;;;;;;;;;;;;;0.368;SIMPRO_VIG;2023-04-03;20;
SIMPRO;2026-04-12;medicamento;0000138282;12;;MERCK S.A;LEVOTIROXINA SODICA 50MCG 30CPDS;;;;;;;;;;;;;;0.434;SIMPRO_VIG;2025-04-04;20;
SIMPRO;2026-04-12;medicamento;0000138283;12;;MERCK S.A;LEVOTIROXINA SODICA 75MCG 30CPDS;;;;;;;;;;;;;;0.475;SIMPRO_VIG;2025-04-23;20;
SIMPRO;2026-04-12;medicamento;0000141933;12;;MERCK S.A;LEVOTIROXINA SODICA 88MCG 30CPDS;;;;;;;;;;;;;;0.573;SIMPRO_VIG;2025-04-04;20;
SIMPRO;2026-04-12;medicamento;0000102259;12;;CLARIS;LEVOX 5MG/ML PLAST.100ML;;;;;;;;;;;;;;1.237;SIMPRO_VIG;2026-03-31;20;
SIMPRO;2026-04-12;medicamento;0000060951;12;;APSEN;LEVOXIN 250MG 3CPDS REV.;;;;;;;;;;;;;;10;SIMPRO_VIG;2025-04-04;20;
SIMPRO;2026-04-12;medicamento;0000060952;12;;APSEN;LEVOXIN 250MG 7CPDS REV.;;;;;;;;;;;;;;8.851;SIMPRO_VIG;2025-04-04;20;
SIMPRO;2026-04-12;medicamento;0000076214;12;;APSEN;LEVOXIN 500MG 10CPDS REV.;;;;;;;;;;;;;;17.71;SIMPRO_VIG;2025-04-04;20;
SIMPRO;2026-04-12;medicamento;0000099792;12;;APSEN;LEVOXIN 500MG 14CPDS REV.;;;;;;;;;;;;;;17.021;SIMPRO_VIG;2025-04-04;20;
SIMPRO;2026-04-12;medicamento;0000076213;12;;APSEN;LEVOXIN 500MG 3CPDS REV.;;;;;;;;;;;;;;17.69;SIMPRO_VIG;2025-04-04;20;
SIMPRO;2026-04-12;medicamento;0000060953;12;;APSEN;LEVOXIN 500MG 7CPDS REV.;;;;;;;;;;;;;;17.701;SIMPRO_VIG;2025-04-04;20;
SIMPRO;2026-04-12;medicamento;0000296987;12;;APSEN;LEVOXIN 750MG 5CPDS REV.;;;;;;;;;;;;;;12.77;SIMPRO_VIG;2025-04-04;20;
SIMPRO;2026-04-12;medicamento;0000296986;12;;APSEN;LEVOXIN 750MG 7CPDS REV.;;;;;;;;;;;;;;12.776;SIMPRO_VIG;2025-04-04;20;
SIMPRO;2026-04-12;medicamento;0000145137;12;;STIEFEL;LEVULAN KERASTICK PO+1 APLIC.+DIL.1,5ML;;;;;;;;;;;;;;432.95;SIMPRO_VIG;2010-03-31;20;
SIMPRO;2026-04-12;medicamento;0000145139;12;;STIEFEL;LEVULAN KERASTICK PO+12 APLIC.+DIL.1,5ML;;;;;;;;;;;;;;5195.31;SIMPRO_VIG;2010-03-31;20;
SIMPRO;2026-04-12;medicamento;0000128186;12;;STIEFEL;LEVULAN KERASTICK PO+4 APLIC.+DIL.1,5ML;;;;;;;;;;;;;;1793.07;SIMPRO_VIG;2011-03-31;20;
SIMPRO;2026-04-12;medicamento;0000145138;12;;STIEFEL;LEVULAN KERASTICK PO+6 APLIC.+DIL.1,5ML;;;;;;;;;;;;;;2597.65;SIMPRO_VIG;2010-03-31;20;
SIMPRO;2026-04-12;medicamento;0000277767;12;;TEUTO BRAS;LEXAPRASS 10MG 70CPDS(EMB.HOSP.);;;;;;;;;;;;;;6.827;SIMPRO_VIG;2024-04-09;20;
SIMPRO;2026-04-12;medicamento;0000277768;12;;TEUTO BRAS;LEXAPRASS 20MG 70CPDS(EMB.HOSP.);;;;;;;;;;;;;;13.039;SIMPRO_VIG;2024-04-09;20;
SIMPRO;2026-04-12;medicamento;0000071774;12;;LUNDBECK;LEXAPRO 10MG 14CPDS;;;;;;;;;;;;;;6.569;SIMPRO_VIG;2019-04-05;20;
SIMPRO;2026-04-12;medicamento;0000114543;12;;LUNDBECK;LEXAPRO 10MG 15ML;;;;;;;;;;;;;;5.85;SIMPRO_VIG;2011-03-31;20;
SIMPRO;2026-04-12;medicamento;0000071775;12;;LUNDBECK;LEXAPRO 10MG 28CPDS;;;;;;;;;;;;;;12.175;SIMPRO_VIG;2022-04-05;20;
SIMPRO;2026-04-12;medicamento;0000301043;12;;LUNDBECK;LEXAPRO 10MG 30CPDS REV.;;;;;;;;;;;;;;10.202;SIMPRO_VIG;2025-04-04;20;
SIMPRO;2026-04-12;medicamento;0000315186;12;;LUNDBECK;LEXAPRO 10MG 60CPDS REV.;;;;;;;;;;;;;;9.183;SIMPRO_VIG;2025-07-01;20;
SIMPRO;2026-04-12;medicamento;0000142150;12;;LUNDBECK;LEXAPRO 10MG 7CPDS;;;;;;;;;;;;;;14.093;SIMPRO_VIG;2025-04-04;20;
SIMPRO;2026-04-12;medicamento;0000148862;12;;LUNDBECK;LEXAPRO 15MG 14CPDS;;;;;;;;;;;;;;7.883;SIMPRO_VIG;2019-04-05;20;
SIMPRO;2026-04-12;medicamento;0000148863;12;;LUNDBECK;LEXAPRO 15MG 28CPDS;;;;;;;;;;;;;;14.608;SIMPRO_VIG;2022-04-05;20;
SIMPRO;2026-04-12;medicamento;0000301044;12;;LUNDBECK;LEXAPRO 15MG 30CPDS REV.;;;;;;;;;;;;;;11.654;SIMPRO_VIG;2025-04-04;20;
SIMPRO;2026-04-12;medicamento;0000175409;12;;LUNDBECK;LEXAPRO 15MG 7CPDS;;;;;;;;;;;;;;16.924;SIMPRO_VIG;2025-04-04;20;
SIMPRO;2026-04-12;medicamento;0000119255;12;;LUNDBECK;LEXAPRO 20MG 14CPDS;;;;;;;;;;;;;;13.14;SIMPRO_VIG;2019-04-05;20;
SIMPRO;2026-04-12;medicamento;0000143012;12;;LUNDBECK;LEXAPRO 20MG 15ML;;;;;;;;;;;;;;21.717;SIMPRO_VIG;2025-04-04;20;
SIMPRO;2026-04-12;medicamento;0000134373;12;;LUNDBECK;LEXAPRO 20MG 28CPDS;;;;;;;;;;;;;;23.126;SIMPRO_VIG;2022-04-05;20;
SIMPRO;2026-04-12;medicamento;0000301045;12;;LUNDBECK;LEXAPRO 20MG 30CPDS REV.;;;;;;;;;;;;;;17.028;SIMPRO_VIG;2025-04-04;20;
SIMPRO;2026-04-12;medicamento;0000103126;12;;DARROW;LEXATO 500MG 1FA;;;;;;;;;;;;;;114.1;SIMPRO_VIG;2015-04-06;20;
SIMPRO;2026-04-12;medicamento;0000103125;12;;DARROW;LEXATO 50MG 1FA;;;;;;;;;;;;;;18.34;SIMPRO_VIG;2015-04-06;20;
SIMPRO;2026-04-12;medicamento;0000083573;12;;SIGMA PHARMA;LEXFAST 3MG 20CPDS;;;;;;;;;;;;;;0.801;SIMPRO_VIG;2012-04-01;20;
SIMPRO;2026-04-12;medicamento;0000083574;12;;SIGMA PHARMA;LEXFAST 6MG 20CPDS;;;;;;;;;;;;;;1.356;SIMPRO_VIG;2012-04-01;20;
SIMPRO;2026-04-12;medicamento;0000084883;12;;SIGMA PHARMA;LEXFAST 6MG/ML SOL.ORAL 20ML;;;;;;;;;;;;;;0.833;SIMPRO_VIG;2012-04-01;20;
SIMPRO;2026-04-12;medicamento;0000276768;12;;TEUTO BRAS;LEXIN 500MG 10CPDS;;;;;;;;;;;;;;2.953;SIMPRO_VIG;2023-11-01;20;
SIMPRO;2026-04-12;medicamento;0000276767;12;;TEUTO BRAS;LEXIN 500MG 8CPDS;;;;;;;;;;;;;;2.95;SIMPRO_VIG;2023-08-01;20;
SIMPRO;2026-04-12;medicamento;0000133454;12;;TEUTO BRAS;LEXIN 50MG/ML SUSP.100ML;;;;;;;;;;;;;;0.292;SIMPRO_VIG;2016-04-18;20;
SIMPRO;2026-04-12;medicamento;0000271997;12;;TEUTO BRAS;LEXIN 50MG/ML SUSP.100ML+CP.MED.;;;;;;;;;;;;;;0.646;SIMPRO_VIG;2025-04-09;20;
SIMPRO;2026-04-12;medicamento;0000076453;12;;ROCHE;LEXOTAN 2,5MG/ML GTS.20ML;;;;;;;;;;;;;;0.623;SIMPRO_VIG;2012-04-02;20;
SIMPRO;2026-04-12;medicamento;0000068174;12;;BLANVER;LEXOTAN 3MG 30CPDS;;;;;;;;;;;;;;1.825;SIMPRO_VIG;2025-04-04;20;
SIMPRO;2026-04-12;medicamento;0000068175;12;;BLANVER;LEXOTAN 6MG 30CPDS;;;;;;;;;;;;;;3.065;SIMPRO_VIG;2025-04-04;20;
SIMPRO;2026-04-12;medicamento;0000091630;12;;NEO QUIMICA;LEZEPAN 3MG 20CPDS;;;;;;;;;;;;;;0.676;SIMPRO_VIG;2026-03-31;20;
SIMPRO;2026-04-12;medicamento;0000091631;12;;NEO QUIMICA;LEZEPAN 6MG 20CPDS;;;;;;;;;;;;;;1.022;SIMPRO_VIG;2026-03-31;20;
SIMPRO;2026-04-12;medicamento;0000174530;12;;GERMED;LIARA 3+0,03MG 21CPDS REV.;;;;;;;;;;;;;;46.37;SIMPRO_VIG;2017-04-04;20;
SIMPRO;2026-04-12;medicamento;0000164631;12;;ACHE;LIBERAFLUX 7,5MG/ML XPE.100ML;;;;;;;;;;;;;;0.434;SIMPRO_VIG;2025-04-04;20;
SIMPRO;2026-04-12;medicamento;0000164632;12;;ACHE;LIBERAFLUX 7,5MG/ML XPE.200ML;;;;;;;;;;;;;;0.34;SIMPRO_VIG;2020-06-26;20;
SIMPRO;2026-04-12;medicamento;0000169794;12;;ACHE;LIBERAFLUX 7,5MG/ML XPE.30ML;;;;;;;;;;;;;;0.448;SIMPRO_VIG;2025-04-04;20;
SIMPRO;2026-04-12;medicamento;0000302244;12;;ADIUM;LIBERFEM 2+0,03MG 21CPDS REV.;;;;;;;;;;;;;;56.33;SIMPRO_VIG;2025-04-04;20;
SIMPRO;2026-04-12;medicamento;0000302245;12;;ADIUM;LIBERFEM 2+0,03MG 63CPDS REV.;;;;;;;;;;;;;;153.92;SIMPRO_VIG;2025-04-04;20;
SIMPRO;2026-04-12;medicamento;0000061335;12;;LIBBS;LIBIAM 1,25MG 28CPDS;;;;;;;;;;;;;;2.46;SIMPRO_VIG;2025-04-04;20;
SIMPRO;2026-04-12;medicamento;0000035378;12;;LIBBS;LIBIAM 2,5MG 28CPDS;;;;;;;;;;;;;;3.551;SIMPRO_VIG;2025-04-04;20;
SIMPRO;2026-04-12;medicamento;0000145330;12;;LIBRA;LIBOXAL 100MG 1FA;;;;;;;;;;;;;;1175.36;SIMPRO_VIG;2018-04-06;20;
SIMPRO;2026-04-12;medicamento;0000145332;12;;LIBRA;LIBOXAL 50MG 1FA;;;;;;;;;;;;;;584.73;SIMPRO_VIG;2018-04-06;20;
SIMPRO;2026-04-12;medicamento;0000145335;12;;LIBRA;LIBRACTAM 1+2G 1FA;;;;;;;;;;;;;;43.91;SIMPRO_VIG;2015-04-10;20;
SIMPRO;2026-04-12;medicamento;0000153565;12;;LIBRA;LIBRACTAM 500+1000MG PO INJ.1FA 1,5GR;;;;;;;;;;;;;;6.98;SIMPRO_VIG;2015-04-10;20;
SIMPRO;2026-04-12;medicamento;0000269421;12;;LIBRA;LIBRACTAN 1,0+2,0G PO INJ.40FA;;;;;;;;;;;;;;50.613;SIMPRO_VIG;2018-04-06;20;
SIMPRO;2026-04-12;medicamento;0000138702;12;;LIBRA;LIBRACTAN 500+1000MG PO INJ.50FA 1,5G;;;;;;;;;;;;;;12.061;SIMPRO_VIG;2018-04-06;20;
SIMPRO;2026-04-12;medicamento;0000145337;12;;LIBRA;LIBRATECAM 20MG/ML 1FA 7,5ML;;;;;;;;;;;;;;249.497;SIMPRO_VIG;2018-04-06;20;
SIMPRO;2026-04-12;medicamento;0000310613;12;;SANOFI MEDLEY;LIBTAYO 350MG SOL.DIL.INFUS.1FA 7ML;;;;;;;;;;;;;;44480.21;SIMPRO_VIG;2025-04-01;20;
SIMPRO;2026-04-12;medicamento;0000155118;12;;BALDACCI;LICCO 5MG 30CAPS;;;;;;;;;;;;;;1.094;SIMPRO_VIG;2017-04-04;20;
SIMPRO;2026-04-12;medicamento;0000159224;12;;GEYER;LICOPENO G 30CAPS;;;;;;;;;;;;;;0.8;SIMPRO_VIG;2011-07-26;20;
SIMPRO;2026-04-12;medicamento;0000104725;12;;COSMED;LICOR CACAU XAVIER 100MG 1CPD;;;;;;;;;;;;;;12.89;SIMPRO_VIG;2019-04-09;20;
SIMPRO;2026-04-12;medicamento;0000104724;12;;COSMED;LICOR CACAU XAVIER 100MG 6CPDS;;;;;;;;;;;;;;1.943;SIMPRO_VIG;2020-04-07;20;
SIMPRO;2026-04-12;medicamento;0000104723;12;;COSMED;LICOR CACAU XAVIER 20MG/ML 30ML;;;;;;;;;;;;;;0.395;SIMPRO_VIG;2020-04-07;20;
SIMPRO;2026-04-12;medicamento;0000035484;12;;ATIVUS;LICOVIT 30CAPS;;;;;;;;;;;;;;1.266;SIMPRO_VIG;2013-06-14;20;
SIMPRO;2026-04-12;medicamento;0000128307;12;;ATIVUS;LICOXID 30CAPS;;;;;;;;;;;;;;0.757;SIMPRO_VIG;2011-04-01;20;
SIMPRO;2026-04-12;medicamento;0000256132;12;;ZYDUS NIKKHO;LICOXID 5G 30CAPS GEL.MOLE;;;;;;;;;;;;;;1.34;SIMPRO_VIG;2020-06-30;20;
SIMPRO;2026-04-12;medicamento;0000265458;12;;CELLERA FARMA;LIDIAL 50MG/G POM.DERM.25G;;;;;;;;;;;;;;1.044;SIMPRO_VIG;2025-04-04;20;
SIMPRO;2026-04-12;medicamento;0000084415;12;;HIPOLABOR;LIDOCAINA 2% S/VASO 100AMP 5ML;;;;;;;;;;;;;;1.242;SIMPRO_VIG;2013-12-03;20;
SIMPRO;2026-04-12;medicamento;0000084416;12;;HIPOLABOR;LIDOCAINA 2% S/VASO 25X20ML;;;;;;;;;;;;;;2.816;SIMPRO_VIG;2013-12-03;20;
SIMPRO;2026-04-12;medicamento;0000129390;12;;EMS GENERICOS;LIDOCAINA 40MG/G CRM.DERM.30G;;;;;;;;;;;;;;3.359;SIMPRO_VIG;2022-04-05;20;
SIMPRO;2026-04-12;medicamento;0000129393;12;;GERMED GENERICOS;LIDOCAINA 40MG/G CRM.DERM.30G;;;;;;;;;;;;;;2.47;SIMPRO_VIG;2019-04-09;20;
SIMPRO;2026-04-12;medicamento;0000131214;12;;EMS GENERICOS;LIDOCAINA 50MG/G POM.DERM.25G;;;;;;;;;;;;;;0.78;SIMPRO_VIG;2025-04-04;20;
SIMPRO;2026-04-12;medicamento;0000129391;12;;EMS GENERICOS;LIDOCAINA 50MG/G POM.DERM.LAR.25G;;;;;;;;;;;;;;0.745;SIMPRO_VIG;2025-04-04;20;
SIMPRO;2026-04-12;medicamento;0000132238;12;;GERMED GENERICOS;LIDOCAINA 50MG/G POM.DERM.LAR.25G;;;;;;;;;;;;;;0.745;SIMPRO_VIG;2025-04-04;20;
SIMPRO;2026-04-12;medicamento;0000084413;12;;HIPOLABOR;LIDOCAINA GEN.1% S/VASO 25X20ML;;;;;;;;;;;;;;0;SIMPRO_VIG;2009-05-12;20;
SIMPRO;2026-04-12;medicamento;0000140607;12;;PRATI DONADUZZI;LIDOCAINA GEN.50MG/G POM.DERM.100BGX25GRS;;;;;;;;;;;;;;3.754;SIMPRO_VIG;2009-12-07;20;
SIMPRO;2026-04-12;medicamento;0000140606;12;;PRATI-DONADUZZI;LIDOCAINA GEN.50MG/G POM.DERM.25GRS;;;;;;;;;;;;;;0.411;SIMPRO_VIG;2013-08-27;20;
SIMPRO;2026-04-12;medicamento;0000117744;12;;TEUTO BRAS;LIDOCAINA+EPINEFRINA 12AMP 20ML;;;;;;;;;;;;;;0;SIMPRO_VIG;2009-06-01;20;
SIMPRO;2026-04-12;medicamento;0000055300;12;;NEO QUIMICA;LIDOGEL 2% GEL 30GRS+APL.URET.;;;;;;;;;;;;;;0.813;SIMPRO_VIG;2025-04-09;20;
SIMPRO;2026-04-12;medicamento;0000153718;12;;NEO QUIMICA;LIDOGEL 2% GEL 50BG 30GRS+APL.URET.(EMB.HOSP.);;;;;;;;;;;;;;17.219;SIMPRO_VIG;2025-04-09;20;
SIMPRO;2026-04-12;medicamento;0000302550;12;;UNIAO QUIMICA;LIDOJET 20MG/ML SOL.INJ.12FA 20ML SAFETY PACK;;;;;;;;;;;;;;7.221;SIMPRO_VIG;2025-06-24;20;
SIMPRO;2026-04-12;medicamento;0000094073;12;;NECKERMAN;LIDOPASS 50MG LAR.POM.20GRS;;;;;;;;;;;;;;0.535;SIMPRO_VIG;2010-04-01;20;
SIMPRO;2026-04-12;medicamento;0000128339;12;;ONEFARMA;LIDOPASS 50MG LAR.POM.25GRS;;;;;;;;;;;;;;0.954;SIMPRO_VIG;2025-04-04;20;
SIMPRO;2026-04-12;medicamento;0000094071;12;;NECKERMAN;LIDOPASS 50MG POM.20GRS;;;;;;;;;;;;;;0.473;SIMPRO_VIG;2007-08-22;20;
SIMPRO;2026-04-12;medicamento;0000153577;12;;NECKERMAN;LIDOPASS 50MG POM.25GRS;;;;;;;;;;;;;;0.448;SIMPRO_VIG;2011-04-01;20;
SIMPRO;2026-04-12;medicamento;0000256108;12;;FARMOQUIMICA;LIDOSPORIN SOL.OTOL.FR.GOT.C/10ML;;;;;;;;;;;;;;1.671;SIMPRO_VIG;2025-04-01;20;
SIMPRO;2026-04-12;medicamento;0000040272;12;;APSEN;LIDOSPRAY 10% 50ML;;;;;;;;;;;;;;1.074;SIMPRO_VIG;2011-04-01;20;
SIMPRO;2026-04-12;medicamento;0000252190;12;;GERMED;LIDY 3X0,02MG 1BLX24CPDS;;;;;;;;;;;;;;1.34;SIMPRO_VIG;2019-04-09;20;
SIMPRO;2026-04-12;medicamento;0000252193;12;;GERMED;LIDY 3X0,02MG 3BLX24CPDS;;;;;;;;;;;;;;1.072;SIMPRO_VIG;2019-04-09;20;
SIMPRO;2026-04-12;medicamento;0000090694;12;;NEO QUIMICA;LIFE-VIT 30CPDS REV.;;;;;;;;;;;;;;2.486;SIMPRO_VIG;2026-03-31;20;
SIMPRO;2026-04-12;medicamento;0000138703;12;;LIBRA;LIFOLIN 50MG 1FA 10ML;;;;;;;;;;;;;;0.813;SIMPRO_VIG;2016-04-12;20;
SIMPRO;2026-04-12;medicamento;0000145338;12;;LIBRA;LIFOS 1G 1FA;;;;;;;;;;;;;;126.73;SIMPRO_VIG;2018-04-06;20;
SIMPRO;2026-04-12;medicamento;0000315396;12;;SUN FARMACEUTICA;LILIYA 2,5MG 28CPDS REV.;;;;;;;;;;;;;;22.013;SIMPRO_VIG;2020-07-28;20;
SIMPRO;2026-04-12;medicamento;0000138511;12;;CAZI;LIMA C 12PAST.;;;;;;;;;;;;;;0.716;SIMPRO_VIG;2009-09-15;20;
SIMPRO;2026-04-12;medicamento;0000070755;12;;MEDQUIMICA;LIMBITROL 12,5+5,0MG 20CAPS GEL.DURA;;;;;;;;;;;;;;0.729;SIMPRO_VIG;2024-04-09;20;
SIMPRO;2026-04-12;medicamento;0000029524;12;;DOVALLE;LIMPELE CRM.35GRS;;;;;;;;;;;;;;0;SIMPRO_VIG;2009-09-16;20;
SIMPRO;2026-04-12;medicamento;0000077937;12;;EUROFARMA;LINATIS 0,35MG 5X7CPDS;;;;;;;;;;;;;;0.231;SIMPRO_VIG;2011-04-01;20;
SIMPRO;2026-04-12;medicamento;0000031700;12;;BLAU;LINATRON 300MG/ML SOL.INJ.50AMP 2ML;;;;;;;;;;;;;;11.471;SIMPRO_VIG;2021-04-06;20;
SIMPRO;2026-04-12;medicamento;0000081119;12;;NOVAFARMA;LINCOMIN 300MG/ML 50AMP 1ML;;;;;;;;;;;;;;4.576;SIMPRO_VIG;2013-04-08;20;
SIMPRO;2026-04-12;medicamento;0000110083;12;;NOVAFARMA;LINCOMIN 300MG/ML 50AMP 2ML;;;;;;;;;;;;;;9.861;SIMPRO_VIG;2013-04-08;20;
SIMPRO;2026-04-12;medicamento;0000034279;12;;DUCTO;LINCOMIRAL 300MG 1AMP 1ML;;;;;;;;;;;;;;7.24;SIMPRO_VIG;2011-05-12;20;
SIMPRO;2026-04-12;medicamento;0000034280;12;;DUCTO;LINCOMIRAL 600MG 1AMP 2ML;;;;;;;;;;;;;;9.25;SIMPRO_VIG;2011-05-12;20;
SIMPRO;2026-04-12;medicamento;0000074346;12;;DELTA;LINCOVAX 300MG 1AMP 1ML;;;;;;;;;;;;;;6.01;SIMPRO_VIG;2009-08-24;20;
SIMPRO;2026-04-12;medicamento;0000074347;12;;DELTA;LINCOVAX 600MG 1AMP 2ML;;;;;;;;;;;;;;8.14;SIMPRO_VIG;2015-04-01;20;
SIMPRO;2026-04-12;medicamento;0000315183;12;;ABL;LINEZOLIDA 2,0MG/ML SOL.INJ.10BOL.300ML;;;;;;;;;;;;;;255.298;SIMPRO_VIG;2024-04-11;20;
SIMPRO;2026-04-12;medicamento;0000315246;12;;BEKER;LINEZOLIDA 2,0MG/ML SOL.INJ.10BOL.300ML;;;;;;;;;;;;;;2650.66;SIMPRO_VIG;2025-04-10;20;
SIMPRO;2026-04-12;medicamento;0000275622;12;;BEKER;LINEZOLIDA 2,0MG/ML SOL.INJ.300ML;;;;;;;;;;;;;;265.07;SIMPRO_VIG;2025-04-10;20;
SIMPRO;2026-04-12;medicamento;0000315184;12;;ABL;LINEZOLIDA 2,0MG/ML SOL.INJ.300ML;;;;;;;;;;;;;;255.29;SIMPRO_VIG;2024-04-11;20;
SIMPRO;2026-04-12;medicamento;0000269276;12;;WYETH;LINEZOLIDA 2MG/ML SOL.IINFUS.10BOL.SIST.FECH.300ML;;;;;;;;;;;;;;265.976;SIMPRO_VIG;2020-06-30;20;
SIMPRO;2026-04-12;medicamento;0000317616;12;;CRISTALIA;LINEZOLIDA 2MG/ML SOL.INFUS.BOL.300ML;;;;;;;;;;;;;;208.63;SIMPRO_VIG;2021-04-13;20;
SIMPRO;2026-04-12;medicamento;0000315189;12;;DR.REDDY'S;LINEZOLIDA 2MG/ML SOL.INFUS.BOL.SIST.FECH.300ML;;;;;;;;;;;;;;1.177;SIMPRO_VIG;2024-04-09;20;
SIMPRO;2026-04-12;medicamento;0000265545;12;;EUROFARMA;LINEZOLIDA 2MG/ML SOL.INJ.10ENV.300ML;;;;;;;;;;;;;;265.088;SIMPRO_VIG;2025-04-04;20;
SIMPRO;2026-04-12;medicamento;0000297179;12;;SUN FARMACEUTICA;LINEZOLIDA 2MG/ML SOL.INJ.10ENV.300ML;;;;;;;;;;;;;;366.442;SIMPRO_VIG;2025-04-09;20;
SIMPRO;2026-04-12;medicamento;0000315190;12;;DR.REDDY'S;LINEZOLIDA 600MG 10CPDS REV.;;;;;;;;;;;;;;270.902;SIMPRO_VIG;2025-04-09;20;
SIMPRO;2026-04-12;medicamento;0000283858;12;;GLENMARK;LINEZOLIDA 600MG 10CPS;;;;;;;;;;;;;;249.676;SIMPRO_VIG;2023-04-01;20;
SIMPRO;2026-04-12;medicamento;0000315191;12;;DR.REDDY'S;LINEZOLIDA 600MG 28CPDS REV.;;;;;;;;;;;;;;260.908;SIMPRO_VIG;2024-04-09;20;
SIMPRO;2026-04-12;medicamento;0000302578;12;;MANTECORP FARMASA;LIPANON 250MG 60CAPS GEL.DURA MICROG.LIB.RETARD.;;;;;;;;;;;;;;4.481;SIMPRO_VIG;2025-04-09;20;
SIMPRO;2026-04-12;medicamento;0000149029;12;;MANTECORP FARMASA;LIPANON RETARD 250MG 10CAPS GEL;;;;;;;;;;;;;;2.146;SIMPRO_VIG;2018-03-01;20;
SIMPRO;2026-04-12;medicamento;0000099853;12;;MANTECORP FARMASA;LIPANON RETARD 250MG 15CAPS GEL;;;;;;;;;;;;;;2.366;SIMPRO_VIG;2020-04-07;20;
SIMPRO;2026-04-12;medicamento;0000169668;12;;GERMED;LIPIBLOCK 120MG 30CAPS GEL.DURA;;;;;;;;;;;;;;5.153;SIMPRO_VIG;2024-04-02;20;
SIMPRO;2026-04-12;medicamento;0000137229;12;;GERMED;LIPIBLOCK 120MG 42CAPS GEL.DURA;;;;;;;;;;;;;;5.088;SIMPRO_VIG;2024-01-16;20;
SIMPRO;2026-04-12;medicamento;0000169669;12;;GERMED;LIPIBLOCK 120MG 60CAPS GEL.DURA;;;;;;;;;;;;;;4.383;SIMPRO_VIG;2024-01-16;20;
SIMPRO;2026-04-12;medicamento;0000137230;12;;GERMED;LIPIBLOCK 120MG 84CAPS GEL.DURA;;;;;;;;;;;;;;3.914;SIMPRO_VIG;2024-01-16;20;
SIMPRO;2026-04-12;medicamento;0000141135;12;;B.BRAUN;LIPIDEM 100+80+20MG/ML EMU.INFUS.IV 10FR 100ML;;;;;;;;;;;;;;59.983;SIMPRO_VIG;2025-04-29;20;
SIMPRO;2026-04-12;medicamento;0000141136;12;;B.BRAUN;LIPIDEM 100+80+20MG/ML EMU.INFUS.IV 10FR 250ML;;;;;;;;;;;;;;145.219;SIMPRO_VIG;2024-04-23;20;
SIMPRO;2026-04-12;medicamento;0000307504;12;;SOLUS SOLUCOES;LIPIDEOS OLEO OLIVA 20% 1ML;;;;;;;;;;;;;;1.33;SIMPRO_VIG;2020-07-03;20;
SIMPRO;2026-04-12;medicamento;0000307505;12;;SOLUS SOLUCOES;LIPIDEOS OLEO PEIXE 10% 1ML;;;;;;;;;;;;;;3.03;SIMPRO_VIG;2020-07-03;20;
SIMPRO;2026-04-12;medicamento;0000279507;12;;SOLUS SOLUCOES;LIPIDEOS OLEO PEIXE 10%+OLIVA+COMB.20% 1ML;;;;;;;;;;;;;;6.78;SIMPRO_VIG;2020-07-03;20;
SIMPRO;2026-04-12;medicamento;0000175279;12;;ABBOTT;LIPIDIL 160MG 30CPDS REV.;;;;;;;;;;;;;;3.282;SIMPRO_VIG;2017-02-22;20;
SIMPRO;2026-04-12;medicamento;0000260048;12;;ABBOTT;LIPIDIL 200MG 30CAPS GE.DURA;;;;;;;;;;;;;;2.968;SIMPRO_VIG;2017-02-22;20;
SIMPRO;2026-04-12;medicamento;0000150938;12;;LEGRAND TARJADOS;LIPIGRAN 10MG 30CPDS REV.;;;;;;;;;;;;;;2.794;SIMPRO_VIG;2017-04-01;20;
SIMPRO;2026-04-12;medicamento;0000150940;12;;LEGRAND TARJADOS;LIPIGRAN 20MG 30CPDS REV.;;;;;;;;;;;;;;2.794;SIMPRO_VIG;2017-04-01;20;
SIMPRO;2026-04-12;medicamento;0000150941;12;;LEGRAND TARJADOS;LIPIGRAN 20MG 6BLX10CPDS REV.;;;;;;;;;;;;;;2.325;SIMPRO_VIG;2015-04-01;20;
SIMPRO;2026-04-12;medicamento;0000150942;12;;LEGRAND TARJADOS;LIPIGRAN 40MG 30CPDS REV.;;;;;;;;;;;;;;5.038;SIMPRO_VIG;2017-04-01;20;
SIMPRO;2026-04-12;medicamento;0000150944;12;;LEGRAND TARJADOS;LIPIGRAN 40MG 6BLX10CPDS REV.;;;;;;;;;;;;;;3.419;SIMPRO_VIG;2015-04-01;20;
SIMPRO;2026-04-12;medicamento;0000150945;12;;LEGRAND TARJADOS;LIPIGRAN 80MG 5BLX6CPDS REV.;;;;;;;;;;;;;;4.274;SIMPRO_VIG;2015-04-01;20;
SIMPRO;2026-04-12;medicamento;0000153531;12;;GUERBET;LIPIODOL ULTRA-FLUIDO 10AMP 5ML;;;;;;;;;;;;;;63.156;SIMPRO_VIG;2011-04-01;20;
SIMPRO;2026-04-12;medicamento;0000083155;12;;GUERBET;LIPIODOL ULTRA-FLUIDO 1AMP 10ML;;;;;;;;;;;;;;818.24;SIMPRO_VIG;2025-04-09;20;
SIMPRO;2026-04-12;medicamento;0000153532;12;;GUERBET;LIPIODOL ULTRA-FLUIDO 2AMP 5ML;;;;;;;;;;;;;;65.025;SIMPRO_VIG;2011-04-01;20;
SIMPRO;2026-04-12;medicamento;0000149839;12;;SIGMA PHARMA;LIPISTAT 10MG 20CPDS REV.;;;;;;;;;;;;;;2.667;SIMPRO_VIG;2016-04-08;20;
SIMPRO;2026-04-12;medicamento;0000309374;12;;SIGMA PHARMA;LIPISTAT 10MG 20CPDS REV.;;;;;;;;;;;;;;3.366;SIMPRO_VIG;2023-04-01;20;
SIMPRO;2026-04-12;medicamento;0000149840;12;;SIGMA PHARMA;LIPISTAT 10MG 30CPDS REV.;;;;;;;;;;;;;;3.099;SIMPRO_VIG;2025-04-04;20;
SIMPRO;2026-04-12;medicamento;0000149841;12;;SIGMA PHARMA;LIPISTAT 10MG 60CPDS REV.;;;;;;;;;;;;;;2.789;SIMPRO_VIG;2025-04-04;20;
SIMPRO;2026-04-12;medicamento;0000309375;12;;SIGMA PHARMA;LIPISTAT 20MG 20CPDS REV.;;;;;;;;;;;;;;3.366;SIMPRO_VIG;2023-04-01;20;
SIMPRO;2026-04-12;medicamento;0000149842;12;;SIGMA PHARMA;LIPISTAT 20MG 30CPDS REV.;;;;;;;;;;;;;;3.099;SIMPRO_VIG;2025-04-04;20;
SIMPRO;2026-04-12;medicamento;0000149843;12;;SIGMA PHARMA;LIPISTAT 20MG 60CPDS REV.;;;;;;;;;;;;;;2.789;SIMPRO_VIG;2025-04-04;20;
SIMPRO;2026-04-12;medicamento;0000149844;12;;SIGMA PHARMA;LIPISTAT 40MG 30CPDS REV.;;;;;;;;;;;;;;7.785;SIMPRO_VIG;2025-04-04;20;
SIMPRO;2026-04-12;medicamento;0000149845;12;;SIGMA PHARMA;LIPISTAT 40MG 60CPDS REV.;;;;;;;;;;;;;;3.419;SIMPRO_VIG;2015-04-01;20;
SIMPRO;2026-04-12;medicamento;0000149846;12;;SIGMA PHARMA;LIPISTAT 80MG 30CPDS REV.;;;;;;;;;;;;;;4.274;SIMPRO_VIG;2015-04-01;20;
SIMPRO;2026-04-12;medicamento;0000150954;12;;NOVA QUIMICA;LIPISTATINA 10MG 2BLX15CPDS REV.;;;;;;;;;;;;;;0.557;SIMPRO_VIG;2016-04-08;20;
SIMPRO;2026-04-12;medicamento;0000159613;12;;MULTILAB;LIPISTATINA 20MG 30CPDS REV.;;;;;;;;;;;;;;1.291;SIMPRO_VIG;2025-04-04;20;
SIMPRO;2026-04-12;medicamento;0000150955;12;;NOVA QUIMICA;LIPISTATINA 20MG 4BLX15CPDS REV.;;;;;;;;;;;;;;1.038;SIMPRO_VIG;2016-04-08;20;
SIMPRO;2026-04-12;medicamento;0000150956;12;;MULTILAB;LIPISTATINA 40MG 30CPDS REV.;;;;;;;;;;;;;;2.287;SIMPRO_VIG;2025-04-04;20;
SIMPRO;2026-04-12;medicamento;0000080061;12;;PFIZER;LIPITOR 10MG 10CPDS REV.;;;;;;;;;;;;;;5.56;SIMPRO_VIG;2014-04-01;20;
SIMPRO;2026-04-12;medicamento;0000080060;12;;VIATRIS;LIPITOR 10MG 30CPDS REV.;;;;;;;;;;;;;;6.834;SIMPRO_VIG;2025-04-04;20;
SIMPRO;2026-04-12;medicamento;0000134968;12;;PFIZER BRASIL;LIPITOR 10MG 90CPDS REV.;;;;;;;;;;;;;;4.194;SIMPRO_VIG;2019-04-16;20;
SIMPRO;2026-04-12;medicamento;0000144093;12;;VIATRIS;LIPITOR 20MG 10CPDS REV.;;;;;;;;;;;;;;8.382;SIMPRO_VIG;2025-04-04;20;
SIMPRO;2026-04-12;medicamento;0000080059;12;;VIATRIS;LIPITOR 20MG 30CPDS REV.;;;;;;;;;;;;;;8.38;SIMPRO_VIG;2025-04-04;20;
SIMPRO;2026-04-12;medicamento;0000134969;12;;PFIZER BRASIL;LIPITOR 20MG 90CPDS REV.;;;;;;;;;;;;;;5.143;SIMPRO_VIG;2019-04-16;20;
SIMPRO;2026-04-12;medicamento;0000144094;12;;PFIZER;LIPITOR 40MG 10CPDS REV.;;;;;;;;;;;;;;9.35;SIMPRO_VIG;2014-04-01;20;
SIMPRO;2026-04-12;medicamento;0000068214;12;;VIATRIS;LIPITOR 40MG 30CPDS REV.;;;;;;;;;;;;;;12.322;SIMPRO_VIG;2025-04-04;20;
SIMPRO;2026-04-12;medicamento;0000068215;12;;VIATRIS;LIPITOR 80MG 30CPDS REV.;;;;;;;;;;;;;;12.322;SIMPRO_VIG;2025-04-04;20;
SIMPRO;2026-04-12;medicamento;0000138704;12;;LIBRA;LIPLATIN 150MG 10MG/ML 15ML;;;;;;;;;;;;;;4.208;SIMPRO_VIG;2011-06-02;20;
SIMPRO;2026-04-12;medicamento;0000058515;12;;BIOLAB SANUS;LIPLESS 100MG 30CPDS;;;;;;;;;;;;;;4.176;SIMPRO_VIG;2025-04-09;20;
SIMPRO;2026-04-12;medicamento;0000306790;12;;BIOLAB SANUS;LIPLESS 100MG 500CPDS;;;;;;;;;;;;;;2.934;SIMPRO_VIG;2025-04-09;20;
SIMPRO;2026-04-12;medicamento;0000170629;12;;BIOLAB SANUS;LIPLESS 100MG 60CPDS;;;;;;;;;;;;;;3.055;SIMPRO_VIG;2025-04-09;20;
SIMPRO;2026-04-12;medicamento;0000244773;12;;BIOLAB SANUS;LIPLESS 100MG 90CPDS;;;;;;;;;;;;;;2.285;SIMPRO_VIG;2025-04-09;20;
SIMPRO;2026-04-12;medicamento;0000156692;12;;NEO QUIMICA;LIPNEO 100MG 30CPDS;;;;;;;;;;;;;;4.319;SIMPRO_VIG;2025-04-09;20;
SIMPRO;2026-04-12;medicamento;0000259889;12;;GERMED;LIPOBRATO 200MG 30CAPS GEL.DURA;;;;;;;;;;;;;;3.208;SIMPRO_VIG;2021-04-06;20;
SIMPRO;2026-04-12;medicamento;0000090715;12;;NEOQUIMICA;LIPOCLIN 20MG 30CPDS;;;;;;;;;;;;;;0.659;SIMPRO_VIG;2012-04-01;20;
SIMPRO;2026-04-12;medicamento;0000175769;12;;B.BRAUN;LIPOFUNDIN MCT/LCT+E 20% 10FR 100ML;;;;;;;;;;;;;;260.569;SIMPRO_VIG;2025-04-29;20;
SIMPRO;2026-04-12;medicamento;0000175772;12;;B.BRAUN;LIPOFUNDIN MCT/LCT+E 20% 10FR 500ML;;;;;;;;;;;;;;540.591;SIMPRO_VIG;2025-04-29;20;
SIMPRO;2026-04-12;medicamento;0000317097;12;;FQM DIVCOM;LIPOMAX CROMO 60CAPS;;;;;;;;;;;;;;0.912;SIMPRO_VIG;2025-01-01;20;
SIMPRO;2026-04-12;medicamento;0000092929;12;;BAUSCH+LOMB;LIPOSIC 2+48,5MG/G GEL OFT.10G;;;;;;;;;;;;;;56.42;SIMPRO_VIG;2025-04-01;20;
SIMPRO;2026-04-12;medicamento;0000088686;12;;MEDLEY;LIPOTEX 10MG 30CPDS REV.;;;;;;;;;;;;;;1.632;SIMPRO_VIG;2013-04-01;20;
SIMPRO;2026-04-12;medicamento;0000088687;12;;MEDLEY;LIPOTEX 20MG 30CPDS REV.;;;;;;;;;;;;;;1.963;SIMPRO_VIG;2011-04-01;20;
SIMPRO;2026-04-12;medicamento;0000088688;12;;MEDLEY;LIPOTEX 40MG 30CPDS REV.;;;;;;;;;;;;;;2.364;SIMPRO_VIG;2011-04-01;20;
SIMPRO;2026-04-12;medicamento;0000071358;12;;FRESENIUS;LIPOVENOS 20% 1000ML 11.011.09;;;;;;;;;;;;;;0.784;SIMPRO_VIG;2010-04-28;20;
SIMPRO;2026-04-12;medicamento;0000044673;12;;FRESENIUS KABI;LIPOVENOS MCT 10% 500ML BR2811091;;;;;;;;;;;;;;0.403;SIMPRO_VIG;2015-04-01;20;
SIMPRO;2026-04-12;medicamento;0000044674;12;;FRESENIUS KABI;LIPOVENOS MCT 20% 500ML;;;;;;;;;;;;;;540.53;SIMPRO_VIG;2025-04-09;20;
SIMPRO;2026-04-12;medicamento;0000257266;12;;NEO QUIMICA;LIPOXEN 120MG 42CAPS GEL.DURA;;;;;;;;;;;;;;2.99;SIMPRO_VIG;2025-04-09;20;
SIMPRO;2026-04-12;medicamento;0000257267;12;;NEO QUIMICA;LIPOXEN 120MG 84CAPS GEL.DURA;;;;;;;;;;;;;;2.99;SIMPRO_VIG;2025-04-09;20;
SIMPRO;2026-04-12;medicamento;0000161800;12;;TEUTO BRAS;LIPTHAL 10MG 30CPDS REV.;;;;;;;;;;;;;;1.838;SIMPRO_VIG;2018-12-11;20;
SIMPRO;2026-04-12;medicamento;0000161806;12;;TEUTO BRAS;LIPTHAL 10MG 60CPDS REV.;;;;;;;;;;;;;;1.293;SIMPRO_VIG;2018-04-10;20;
SIMPRO;2026-04-12;medicamento;0000161802;12;;TEUTO BRAS;LIPTHAL 20MG 30CPDS REV.;;;;;;;;;;;;;;2.221;SIMPRO_VIG;2021-04-13;20;
SIMPRO;2026-04-12;medicamento;0000161810;12;;TEUTO BRAS;LIPTHAL 20MG 60CPDS REV.;;;;;;;;;;;;;;1.293;SIMPRO_VIG;2018-04-10;20;
SIMPRO;2026-04-12;medicamento;0000099972;12;;UNIAO QUIMICA;LIPTRAT 10MG 30CPDS REV.;;;;;;;;;;;;;;1.587;SIMPRO_VIG;2014-04-01;20;
SIMPRO;2026-04-12;medicamento;0000110936;12;;B.BRAUN;LIPURO 10MG/ML EMU.INJ./DIL.INFUS.IV 5AMP 20ML;;;;;;;;;;;;;;62.542;SIMPRO_VIG;2025-04-29;20;
SIMPRO;2026-04-12;medicamento;0000110938;12;;B.BRAUN;LIPURO 10MG/ML EMU.INJ.100ML;;;;;;;;;;;;;;2.902;SIMPRO_VIG;2025-04-29;20;
SIMPRO;2026-04-12;medicamento;0000110937;12;;B.BRAUN;LIPURO 10MG/ML EMU.INJ.50ML;;;;;;;;;;;;;;2.902;SIMPRO_VIG;2025-04-29;20;
SIMPRO;2026-04-12;medicamento;0000169736;12;;VIC PHARMA;LIQUIDO DAKIN 0,5% FR 1000ML;;;;;;;;;;;;;;0.008;SIMPRO_VIG;2019-06-04;20;
SIMPRO;2026-04-12;medicamento;0000134424;12;;D.G.L;LIQUIDO DAKIN 100ML;;;;;;;;;;;;;;0.009;SIMPRO_VIG;2011-02-23;20;
SIMPRO;2026-04-12;medicamento;0000317217;12;;UNIAO QUIMICA;LIRIS 5MG/ML SOL.OFT.GTS.10ML;;;;;;;;;;;;;;42.47;SIMPRO_VIG;2025-04-04;20;
SIMPRO;2026-04-12;medicamento;0000298772;12;;SIGMA PHARMA;LIROMAG PO 50+2,8MG 30SACHES;;;;;;;;;;;;;;2.005;SIMPRO_VIG;2024-02-01;20;
SIMPRO;2026-04-12;medicamento;0000103079;12;;MANTECORP FARMASA;LISADOR 375+12,5+12,5MG/ML 50AMP(EMB.HOSP);;;;;;;;;;;;;;3.358;SIMPRO_VIG;2017-04-04;20;
SIMPRO;2026-04-12;medicamento;0000071743;12;;MANTECORP FARMASA;LISADOR 500+5+10MG 16CPDS;;;;;;;;;;;;;;3.086;SIMPRO_VIG;2026-01-01;20;
SIMPRO;2026-04-12;medicamento;0000122113;12;;MANTECORP FARMASA;LISADOR 500+5+10MG 1X4CPDS F.V.;;;;;;;;;;;;;;2.303;SIMPRO_VIG;2022-04-12;20;
SIMPRO;2026-04-12;medicamento;0000258644;12;;MANTECORP FARMASA;LISADOR 500+5+10MG 24CPDS;;;;;;;;;;;;;;2.778;SIMPRO_VIG;2026-01-01;20;
SIMPRO;2026-04-12;medicamento;0000106408;12;;MANTECORP FARMASA;LISADOR 500+5+10MG 25X4CPDS;;;;;;;;;;;;;;3.245;SIMPRO_VIG;2026-01-01;20;
SIMPRO;2026-04-12;medicamento;0000128549;12;;FARMASA;LISADOR 500+5MG 10MG/1,5ML SOL.10ML;;;;;;;;;;;;;;0;SIMPRO_VIG;2009-08-29;20;
SIMPRO;2026-04-12;medicamento;0000097030;12;;FARMASA;LISADOR 500+5MG SOL.10ML;;;;;;;;;;;;;;1.095;SIMPRO_VIG;2011-04-01;20;
SIMPRO;2026-04-12;medicamento;0000097029;12;;MANTECORP FARMASA;LISADOR 500+5MG SOL.15ML;;;;;;;;;;;;;;1.933;SIMPRO_VIG;2020-04-07;20;
SIMPRO;2026-04-12;medicamento;0000053795;12;;MANTECORP FARMASA;LISADOR 500+5MG SOL.20ML;;;;;;;;;;;;;;1.788;SIMPRO_VIG;2020-04-07;20;
SIMPRO;2026-04-12;medicamento;0000122111;12;;MANTECORP FARMASA;LISADOR 500MG 1X8CPDS F.V.;;;;;;;;;;;;;;2.458;SIMPRO_VIG;2022-04-12;20;
SIMPRO;2026-04-12;medicamento;0000055666;12;;MANTECORP FARMASA;LISADOR 500MG 25X8CPDS;;;;;;;;;;;;;;3.134;SIMPRO_VIG;2026-01-01;20;
SIMPRO;2026-04-12;medicamento;0000289838;12;;MANTECORP FARMASA;LISADOR DIP 1G 100CPDS;;;;;;;;;;;;;;2.697;SIMPRO_VIG;2026-01-01;20;
SIMPRO;2026-04-12;medicamento;0000289836;12;;MANTECORP FARMASA;LISADOR DIP 1G 10CPDS;;;;;;;;;;;;;;2.617;SIMPRO_VIG;2026-01-01;20;
SIMPRO;2026-04-12;medicamento;0000289839;12;;MANTECORP FARMASA;LISADOR DIP 1G 200CPDS;;;;;;;;;;;;;;2.475;SIMPRO_VIG;2026-01-01;20;
SIMPRO;2026-04-12;medicamento;0000289837;12;;MANTECORP FARMASA;LISADOR DIP 1G 20CPDS;;;;;;;;;;;;;;2.272;SIMPRO_VIG;2026-01-01;20;
SIMPRO;2026-04-12;medicamento;0000314186;12;;MANTECORP FARMASA;LISADOR DIP 500MG/ML SOL.ORAL GTS.20ML;;;;;;;;;;;;;;29.34;SIMPRO_VIG;2026-01-01;20;
SIMPRO;2026-04-12;medicamento;0000071853;12;;UNIAO QUIMICA;LISAFLEX 12CPDS;;;;;;;;;;;;;;0.476;SIMPRO_VIG;2008-04-08;20;
SIMPRO;2026-04-12;medicamento;0000064056;12;;SANOFI MEDLEY;LISINOPRIL 10MG 30CPDS;;;;;;;;;;;;;;2.136;SIMPRO_VIG;2025-04-01;20;
SIMPRO;2026-04-12;medicamento;0000071680;12;;SANDOZ;LISINOPRIL 10MG 30CPDS;;;;;;;;;;;;;;1.784;SIMPRO_VIG;2020-06-30;20;
SIMPRO;2026-04-12;medicamento;0000072224;12;;TEUTO BRAS;LISINOPRIL 10MG 30CPDS;;;;;;;;;;;;;;1.981;SIMPRO_VIG;2025-04-09;20;
SIMPRO;2026-04-12;medicamento;0000076870;12;;EMS GENERICOS;LISINOPRIL 10MG 30CPDS;;;;;;;;;;;;;;2.658;SIMPRO_VIG;2025-04-04;20;
SIMPRO;2026-04-12;medicamento;0000090632;12;;NOVA QUIMICA GEN;LISINOPRIL 10MG 30CPDS;;;;;;;;;;;;;;1.603;SIMPRO_VIG;2019-04-09;20;
SIMPRO;2026-04-12;medicamento;0000123095;12;;AUROBINDO;LISINOPRIL 10MG 30CPDS;;;;;;;;;;;;;;1.259;SIMPRO_VIG;2019-04-02;20;
SIMPRO;2026-04-12;medicamento;0000078570;12;;EUROFARMA;LISINOPRIL 10MG 3X10CPDS;;;;;;;;;;;;;;1.071;SIMPRO_VIG;2018-04-10;20;
SIMPRO;2026-04-12;medicamento;0000064058;12;;SANOFI MEDLEY;LISINOPRIL 20MG 30CPDS;;;;;;;;;;;;;;3.552;SIMPRO_VIG;2025-04-01;20;
SIMPRO;2026-04-12;medicamento;0000071681;12;;SANDOZ;LISINOPRIL 20MG 30CPDS;;;;;;;;;;;;;;3.12;SIMPRO_VIG;2020-06-30;20;
SIMPRO;2026-04-12;medicamento;0000072225;12;;TEUTO BRAS;LISINOPRIL 20MG 30CPDS;;;;;;;;;;;;;;3.614;SIMPRO_VIG;2025-04-09;20;
SIMPRO;2026-04-12;medicamento;0000076871;12;;EMS GENERICOS;LISINOPRIL 20MG 30CPDS;;;;;;;;;;;;;;4.023;SIMPRO_VIG;2022-04-05;20;
SIMPRO;2026-04-12;medicamento;0000082757;12;;GERMED GENERICOS;LISINOPRIL 20MG 30CPDS;;;;;;;;;;;;;;2.79;SIMPRO_VIG;2019-04-09;20;
SIMPRO;2026-04-12;medicamento;0000090633;12;;NOVA QUIMICA GEN;LISINOPRIL 20MG 30CPDS;;;;;;;;;;;;;;2.538;SIMPRO_VIG;2019-04-09;20;
SIMPRO;2026-04-12;medicamento;0000078571;12;;EUROFARMA;LISINOPRIL 20MG 3X10CPDS;;;;;;;;;;;;;;1.955;SIMPRO_VIG;2018-04-10;20;
SIMPRO;2026-04-12;medicamento;0000064054;12;;SANOFI MEDLEY;LISINOPRIL 5MG 30CPDS;;;;;;;;;;;;;;1.331;SIMPRO_VIG;2025-04-01;20;
SIMPRO;2026-04-12;medicamento;0000071679;12;;SANDOZ;LISINOPRIL 5MG 30CPDS;;;;;;;;;;;;;;1.15;SIMPRO_VIG;2020-06-30;20;
SIMPRO;2026-04-12;medicamento;0000072223;12;;TEUTO BRAS;LISINOPRIL 5MG 30CPDS;;;;;;;;;;;;;;0.568;SIMPRO_VIG;2018-04-10;20;
SIMPRO;2026-04-12;medicamento;0000076869;12;;EMS GENERICOS;LISINOPRIL 5MG 30CPDS;;;;;;;;;;;;;;1.509;SIMPRO_VIG;2023-04-01;20;
SIMPRO;2026-04-12;medicamento;0000082755;12;;GERMED GENERICOS;LISINOPRIL 5MG 30CPDS;;;;;;;;;;;;;;0.964;SIMPRO_VIG;2019-04-09;20;
SIMPRO;2026-04-12;medicamento;0000123094;12;;AUROBINDO;LISINOPRIL 5MG 30CPDS;;;;;;;;;;;;;;0.874;SIMPRO_VIG;2019-04-02;20;
SIMPRO;2026-04-12;medicamento;0000246306;12;;NOVA QUIMICA GEN;LISINOPRIL 5MG 30CPDS;;;;;;;;;;;;;;1.004;SIMPRO_VIG;2019-04-09;20;
SIMPRO;2026-04-12;medicamento;0000078569;12;;CRISTALIA;LISINOPRIL 5MG 3X10CPDS;;;;;;;;;;;;;;1.347;SIMPRO_VIG;2019-04-09;20;
SIMPRO;2026-04-12;medicamento;0000041317;12;;RANBAXY;LISINOPRIL GEN.10MG 10CPDS;;;;;;;;;;;;;;0;SIMPRO_VIG;2009-06-19;20;
SIMPRO;2026-04-12;medicamento;0000064055;12;;MEDLEY;LISINOPRIL GEN.10MG 10CPDS;;;;;;;;;;;;;;1.218;SIMPRO_VIG;2011-04-01;20;
SIMPRO;2026-04-12;medicamento;0000154471;12;;EMS GEN;LISINOPRIL GEN.10MG 1CPD F.V.;;;;;;;;;;;;;;1.01;SIMPRO_VIG;2011-04-14;20;
SIMPRO;2026-04-12;medicamento;0000082756;12;;GERMED GEN;LISINOPRIL GEN.10MG 2X15CPDS;;;;;;;;;;;;;;0.98;SIMPRO_VIG;2011-04-01;20;
SIMPRO;2026-04-12;medicamento;0000090043;12;;MERCK S.A;LISINOPRIL GEN.10MG 30CPDS;;;;;;;;;;;;;;1.277;SIMPRO_VIG;2012-04-01;20;
SIMPRO;2026-04-12;medicamento;0000092741;12;;BIOSINTETICA;LISINOPRIL GEN.10MG 30CPDS;;;;;;;;;;;;;;1.231;SIMPRO_VIG;2013-04-03;20;
SIMPRO;2026-04-12;medicamento;0000096122;12;;BRAINFARMA;LISINOPRIL GEN.10MG 30CPDS;;;;;;;;;;;;;;0;SIMPRO_VIG;2010-02-01;20;
SIMPRO;2026-04-12;medicamento;0000041318;12;;RANBAXY;LISINOPRIL GEN.10MG 3X10CPDS;;;;;;;;;;;;;;1.019;SIMPRO_VIG;2015-04-01;20;
SIMPRO;2026-04-12;medicamento;0000104451;12;;EMS GENERICOS;LISINOPRIL GEN.10MG 9BLX10CPDS;;;;;;;;;;;;;;1.291;SIMPRO_VIG;2015-04-01;20;
SIMPRO;2026-04-12;medicamento;0000041319;12;;RANBAXY;LISINOPRIL GEN.20MG 10CPDS;;;;;;;;;;;;;;0;SIMPRO_VIG;2009-06-19;20;
SIMPRO;2026-04-12;medicamento;0000064057;12;;MEDLEY;LISINOPRIL GEN.20MG 10CPDS;;;;;;;;;;;;;;2.028;SIMPRO_VIG;2011-04-01;20;
SIMPRO;2026-04-12;medicamento;0000154472;12;;EMS GEN;LISINOPRIL GEN.20MG 1CPD F.V.;;;;;;;;;;;;;;1.8;SIMPRO_VIG;2011-04-14;20;
SIMPRO;2026-04-12;medicamento;0000060632;12;;BIOSINTETICA;LISINOPRIL GEN.20MG 2X15CPDS;;;;;;;;;;;;;;2.495;SIMPRO_VIG;2013-04-03;20;
SIMPRO;2026-04-12;medicamento;0000096123;12;;BRAINFARMA;LISINOPRIL GEN.20MG 30CPDS;;;;;;;;;;;;;;0;SIMPRO_VIG;2010-02-01;20;
SIMPRO;2026-04-12;medicamento;0000123096;12;;AUROBINDO;LISINOPRIL GEN.20MG 30CPDS;;;;;;;;;;;;;;3.08;SIMPRO_VIG;2015-04-01;20;
SIMPRO;2026-04-12;medicamento;0000041320;12;;RANBAXY;LISINOPRIL GEN.20MG 3X10CPDS;;;;;;;;;;;;;;2.148;SIMPRO_VIG;2015-04-01;20;
SIMPRO;2026-04-12;medicamento;0000080661;12;;MERCK S.A;LISINOPRIL GEN.20MG 3X10CPDS;;;;;;;;;;;;;;0;SIMPRO_VIG;2010-04-01;20;
SIMPRO;2026-04-12;medicamento;0000104452;12;;EMS GEN;LISINOPRIL GEN.20MG 6BLX10CPDS;;;;;;;;;;;;;;1.8;SIMPRO_VIG;2011-04-01;20;
SIMPRO;2026-04-12;medicamento;0000154473;12;;EMS GEN;LISINOPRIL GEN.30MG 1CPD F.V.;;;;;;;;;;;;;;2.46;SIMPRO_VIG;2011-04-14;20;
SIMPRO;2026-04-12;medicamento;0000076872;12;;EMS GENERICOS;LISINOPRIL GEN.30MG 2BLX15CPDS;;;;;;;;;;;;;;2.89;SIMPRO_VIG;2012-04-01;20;
SIMPRO;2026-04-12;medicamento;0000082758;12;;GERMED GENERICOS;LISINOPRIL GEN.30MG 2BLX15CPDS;;;;;;;;;;;;;;3.221;SIMPRO_VIG;2015-04-01;20;
SIMPRO;2026-04-12;medicamento;0000104453;12;;EMS GENERICOS;LISINOPRIL GEN.30MG 6BLX10CPDS;;;;;;;;;;;;;;3.148;SIMPRO_VIG;2015-04-01;20;
SIMPRO;2026-04-12;medicamento;0000064053;12;;MEDLEY;LISINOPRIL GEN.5MG 10CPDS;;;;;;;;;;;;;;0.68;SIMPRO_VIG;2011-04-01;20;
SIMPRO;2026-04-12;medicamento;0000154470;12;;EMS GEN;LISINOPRIL GEN.5MG 1CPD F.V.;;;;;;;;;;;;;;0.63;SIMPRO_VIG;2011-04-14;20;
SIMPRO;2026-04-12;medicamento;0000060633;12;;BIOSINTETICA;LISINOPRIL GEN.5MG 2X15CPDS;;;;;;;;;;;;;;0.968;SIMPRO_VIG;2013-04-03;20;
SIMPRO;2026-04-12;medicamento;0000090631;12;;LEGRAND GEN;LISINOPRIL GEN.5MG 2X15CPDS;;;;;;;;;;;;;;0.637;SIMPRO_VIG;2011-04-01;20;
SIMPRO;2026-04-12;medicamento;0000096121;12;;BRAINFARMA;LISINOPRIL GEN.5MG 30CPDS;;;;;;;;;;;;;;0;SIMPRO_VIG;2010-02-01;20;
SIMPRO;2026-04-12;medicamento;0000041316;12;;RANBAXY;LISINOPRIL GEN.5MG 3X10CPDS;;;;;;;;;;;;;;0.712;SIMPRO_VIG;2012-09-24;20;
SIMPRO;2026-04-12;medicamento;0000080660;12;;MERCK S.A;LISINOPRIL GEN.5MG 3X10CPDS;;;;;;;;;;;;;;0;SIMPRO_VIG;2010-04-01;20;
SIMPRO;2026-04-12;medicamento;0000103181;12;;EMS GENERICOS;LISINOPRIL GEN.5MG 9BLX10CPDS;;;;;;;;;;;;;;0.805;SIMPRO_VIG;2015-04-01;20;
SIMPRO;2026-04-12;medicamento;0000074191;12;;MERCK S.A;LISINOPRIL+HIDROCLOROTIAZIDA GEN.20+12,5MG 30CPDS;;;;;;;;;;;;;;0;SIMPRO_VIG;2010-04-01;20;
SIMPRO;2026-04-12;medicamento;0000060634;12;;BIOSINTETICA;LISINOPRIL+HIDROCLOROTIAZIDA GEN.20+12,5MG 3X10CPDS;;;;;;;;;;;;;;2.546;SIMPRO_VIG;2013-04-03;20;
SIMPRO;2026-04-12;medicamento;0000094092;12;;HEXAL;LISINORETIC 10/12,5MG 30CPDS;;;;;;;;;;;;;;0.934;SIMPRO_VIG;2008-04-04;20;
SIMPRO;2026-04-12;medicamento;0000078932;12;;HEXAL;LISINORETIC 20/12,5MG 30CPDS;;;;;;;;;;;;;;1.583;SIMPRO_VIG;2011-04-27;20;
SIMPRO;2026-04-12;medicamento;0000076830;12;;SANDOZ;LISINOVIL 10MG 30CPDS;;;;;;;;;;;;;;1.709;SIMPRO_VIG;2020-06-30;20;
SIMPRO;2026-04-12;medicamento;0000076831;12;;SANDOZ;LISINOVIL 20MG 30CPDS;;;;;;;;;;;;;;2.828;SIMPRO_VIG;2020-06-30;20;
SIMPRO;2026-04-12;medicamento;0000076829;12;;SANDOZ;LISINOVIL 5MG 30CPDS;;;;;;;;;;;;;;0.963;SIMPRO_VIG;2018-04-24;20;
SIMPRO;2026-04-12;medicamento;0000071019;12;;NEO QUIMICA;LISOCLOR 200/12,5MG 30CPDS;;;;;;;;;;;;;;2.009;SIMPRO_VIG;2026-03-31;20;
SIMPRO;2026-04-12;medicamento;0000073236;12;;BELFAR;LISODERME CRM.10GRS;;;;;;;;;;;;;;0.688;SIMPRO_VIG;2026-03-31;20;
SIMPRO;2026-04-12;medicamento;0000244735;12;;ELOFAR;LISOMUC XPE.10MG/ML 120ML;;;;;;;;;;;;;;0.445;SIMPRO_VIG;2025-04-04;20;
SIMPRO;2026-04-12;medicamento;0000244736;12;;ELOFAR;LISOMUC XPE.5MG/ML 120ML;;;;;;;;;;;;;;0.307;SIMPRO_VIG;2025-04-04;20;
SIMPRO;2026-04-12;medicamento;0000315327;12;;CIFARMA;LISON 17,138MG/ML SUSP.ORAL FR 100ML;;;;;;;;;;;;;;1.002;SIMPRO_VIG;2025-04-09;20;
SIMPRO;2026-04-12;medicamento;0000064865;12;;TEUTO BRAS;LISONOTEC 20/12,5MG 30CPDS;;;;;;;;;;;;;;0;SIMPRO_VIG;2009-06-01;20;
SIMPRO;2026-04-12;medicamento;0000084906;12;;NEO QUIMICA;LISOPRIL 10MG 30CPDS;;;;;;;;;;;;;;1.399;SIMPRO_VIG;2026-03-31;20;
SIMPRO;2026-04-12;medicamento;0000079619;12;;CIFARMA;LISOTOX 100FLAC 10ML;;;;;;;;;;;;;;2.333;SIMPRO_VIG;2017-04-07;20;
SIMPRO;2026-04-12;medicamento;0000079618;12;;CIFARMA;LISOTOX SOL.ORAL 60ML;;;;;;;;;;;;;;0.276;SIMPRO_VIG;2005-09-01;20;
SIMPRO;2026-04-12;medicamento;0000153740;12;;PRATI-DONADUZZI;LISPELIN 30MG 14CAPS GEL;;;;;;;;;;;;;;2.528;SIMPRO_VIG;2015-04-01;20;
SIMPRO;2026-04-12;medicamento;0000259897;12;;AVERT;LISTO FLASH 4MG 10CPDS ORODISP.;;;;;;;;;;;;;;3.485;SIMPRO_VIG;2019-05-07;20;
SIMPRO;2026-04-12;medicamento;0000259898;12;;AVERT;LISTO FLASH 8MG 10CPDS ORODISP.;;;;;;;;;;;;;;6.868;SIMPRO_VIG;2019-04-02;20;
SIMPRO;2026-04-12;medicamento;0000062317;12;;TORRENT;LISTRIL 10MG 30CPDS;;;;;;;;;;;;;;1.002;SIMPRO_VIG;2011-04-01;20;
SIMPRO;2026-04-12;medicamento;0000062316;12;;TORRENT;LISTRIL 5MG 30CPDS;;;;;;;;;;;;;;0.624;SIMPRO_VIG;2011-04-01;20;
SIMPRO;2026-04-12;medicamento;0000316809;12;;APSEN;LITOCIT 1620MG 60CPDS LIB.PROLONG;;;;;;;;;;;;;;2.621;SIMPRO_VIG;2025-04-04;20;
SIMPRO;2026-04-12;medicamento;0000138705;12;;LIBRA;LITREXATE 500MG 25MG/ML 20ML;;;;;;;;;;;;;;3.202;SIMPRO_VIG;2018-04-06;20;
SIMPRO;2026-04-12;medicamento;0000179157;12;;ELI LILLY;LIVALO 2MGX15CPDS REV.;;;;;;;;;;;;;;5.18;SIMPRO_VIG;2024-02-01;20;
SIMPRO;2026-04-12;medicamento;0000179158;12;;ELI LILLY;LIVALO 2MGX30CPDS REV.;;;;;;;;;;;;;;4.904;SIMPRO_VIG;2022-04-05;20;
SIMPRO;2026-04-12;medicamento;0000179159;12;;ELI LILLY;LIVALO 4MGX30CPDS REV.;;;;;;;;;;;;;;8.893;SIMPRO_VIG;2022-04-05;20;
SIMPRO;2026-04-12;medicamento;0000241768;12;;ACHE;LIVEPAX 500MG 10CPDS REV.;;;;;;;;;;;;;;16.416;SIMPRO_VIG;2025-04-04;20;
SIMPRO;2026-04-12;medicamento;0000241766;12;;ACHE;LIVEPAX 500MG 3CPDS REV.;;;;;;;;;;;;;;17.323;SIMPRO_VIG;2024-04-09;20;
SIMPRO;2026-04-12;medicamento;0000241767;12;;ACHE;LIVEPAX 500MG 7CPDS REV.;;;;;;;;;;;;;;18.716;SIMPRO_VIG;2026-02-03;20;
SIMPRO;2026-04-12;medicamento;0000311312;12;;ACHE;LIVEPAX 750MG 5CPDS REV.;;;;;;;;;;;;;;15.162;SIMPRO_VIG;2026-02-03;20;
SIMPRO;2026-04-12;medicamento;0000311313;12;;ACHE;LIVEPAX 750MG 7CPDS REV.;;;;;;;;;;;;;;14.553;SIMPRO_VIG;2026-02-03;20;
SIMPRO;2026-04-12;medicamento;0000146666;12;;MEDQUIMICA;LIVGAS 75MG/ML 15ML;;;;;;;;;;;;;;0.578;SIMPRO_VIG;2010-10-14;20;
SIMPRO;2026-04-12;medicamento;0000160048;12;;SCHERING PLOUGH;LIVIAL 2,5MG 28CPDS;;;;;;;;;;;;;;3.309;SIMPRO_VIG;2020-06-30;20;
SIMPRO;2026-04-12;medicamento;0000038374;12;;SCHERING PLOUGH;LIVIAL 2,5MG 3X28CPDS;;;;;;;;;;;;;;1.633;SIMPRO_VIG;2019-05-07;20;
SIMPRO;2026-04-12;medicamento;0000307401;12;;SCHERING PLOUGH;LIVIAL 2,5MG 84 CPDS;;;;;;;;;;;;;;1.686;SIMPRO_VIG;2020-06-30;20;
SIMPRO;2026-04-12;medicamento;0000315228;12;;ORGANON;LIVIAL 2,5MG 84CPDS;;;;;;;;;;;;;;3.811;SIMPRO_VIG;2025-04-09;20;
SIMPRO;2026-04-12;medicamento;0000317211;12;;ORGANON;LIVIAL 2,5MG BL.AL.PLAS.PVDC.28CPDS;;;;;;;;;;;;;;4.437;SIMPRO_VIG;2025-07-01;20;
SIMPRO;2026-04-12;medicamento;0000119252;12;;ATIVUS;LIVILAN 30CAPS;;;;;;;;;;;;;;1.288;SIMPRO_VIG;2011-08-04;20;
SIMPRO;2026-04-12;medicamento;0000162973;12;;SANDOZ;LIVIPARK 0,125MG 30CPDS;;;;;;;;;;;;;;1.028;SIMPRO_VIG;2018-04-24;20;
SIMPRO;2026-04-12;medicamento;0000162975;12;;SANDOZ;LIVIPARK 0,250MG 30CPDS;;;;;;;;;;;;;;2.349;SIMPRO_VIG;2018-04-24;20;
SIMPRO;2026-04-12;medicamento;0000162971;12;;SANDOZ;LIVIPARK 1MG 30CPDS;;;;;;;;;;;;;;7.08;SIMPRO_VIG;2018-04-24;20;
SIMPRO;2026-04-12;medicamento;0000083843;12;;BIOLAB SANUS;LIVOLON 1,25MG 30CPDS;;;;;;;;;;;;;;1.828;SIMPRO_VIG;2020-07-07;20;
SIMPRO;2026-04-12;medicamento;0000145474;12;;BIOLAB SANUS;LIVOLON 1,25MG 90CPDS;;;;;;;;;;;;;;1.439;SIMPRO_VIG;2020-07-07;20;
SIMPRO;2026-04-12;medicamento;0000055269;12;;BIOLAB SANUS;LIVOLON 2,5MG 30CPDS;;;;;;;;;;;;;;2.917;SIMPRO_VIG;2020-07-07;20;
SIMPRO;2026-04-12;medicamento;0000035485;12;;ATIVUS;LIVTEN 500MG 30CAPS;;;;;;;;;;;;;;1.453;SIMPRO_VIG;2013-06-14;20;
SIMPRO;2026-04-12;medicamento;0000035486;12;;ATIVUS;LIVTEN L 1000MG 30CAPS;;;;;;;;;;;;;;2.315;SIMPRO_VIG;2013-06-14;20;
SIMPRO;2026-04-12;medicamento;0000089484;12;;ATIVUS;LIVTEN VIT 30CAPS;;;;;;;;;;;;;;0;SIMPRO_VIG;2009-07-02;20;
SIMPRO;2026-04-12;medicamento;0000299579;12;;DAIICHI SANKYO;LIXIANA 15MG 14CPDS REV.;;;;;;;;;;;;;;3.786;SIMPRO_VIG;2025-04-01;20;
SIMPRO;2026-04-12;medicamento;0000299582;12;;DAIICHI SANKYO;LIXIANA 30MG 14CPDS REV.;;;;;;;;;;;;;;4.91;SIMPRO_VIG;2025-04-01;20;
SIMPRO;2026-04-12;medicamento;0000299580;12;;DAIICHI SANKYO;LIXIANA 30MG 30CPDS REV.;;;;;;;;;;;;;;4.902;SIMPRO_VIG;2025-04-01;20;
SIMPRO;2026-04-12;medicamento;0000299583;12;;DAIICHI SANKYO;LIXIANA 60MG 14CPDS REV.;;;;;;;;;;;;;;4.91;SIMPRO_VIG;2025-04-01;20;
SIMPRO;2026-04-12;medicamento;0000299581;12;;DAIICHI SANKYO;LIXIANA 60MG 30CPDS REV.;;;;;;;;;;;;;;4.902;SIMPRO_VIG;2025-04-01;20;
SIMPRO;2026-04-12;medicamento;0000162978;12;;SANDOZ;LIZZY 0,06+0,015MG 24CPDS REV.;;;;;;;;;;;;;;1.634;SIMPRO_VIG;2022-04-26;20;
SIMPRO;2026-04-12;medicamento;0000257157;12;;SANDOZ;LIZZY 0,06+0,015MG 72CPDS REV.;;;;;;;;;;;;;;1.636;SIMPRO_VIG;2022-04-26;20;
SIMPRO;2026-04-12;medicamento;0000131226;12;;SERVIER;LOCABIOTAL 5,0MG/ML AEROSOL 10ML;;;;;;;;;;;;;;4.168;SIMPRO_VIG;2015-04-01;20;
SIMPRO;2026-04-12;medicamento;0000017869;12;;GALDERMA;LOCERYL 0,25% CRM.20G;;;;;;;;;;;;;;1.461;SIMPRO_VIG;2014-06-13;20;
SIMPRO;2026-04-12;medicamento;0000017870;12;;GALDERMA;LOCERYL 5% ESMALTE TERAPEUTICO 2,5ML;;;;;;;;;;;;;;25.04;SIMPRO_VIG;2014-06-13;20;
SIMPRO;2026-04-12;medicamento;0000037239;12;;ROYTON;LODIPEN 5MG 20CPDS;;;;;;;;;;;;;;0.545;SIMPRO_VIG;2026-03-31;20;
SIMPRO;2026-04-12;medicamento;0000043739;12;;NEO QUIMICA;LOMBALGINA 300MG 20CPDS;;;;;;;;;;;;;;0.686;SIMPRO_VIG;2026-03-31;20;
SIMPRO;2026-04-12;medicamento;0000041309;12;;OSORIO DE MORAES;LOMDOR 10ML;;;;;;;;;;;;;;0.439;SIMPRO_VIG;2019-02-01;20;
SIMPRO;2026-04-12;medicamento;0000077965;12;;OSORIO DE MORAES;LOMDOR 50X10ML;;;;;;;;;;;;;;4.729;SIMPRO_VIG;2015-04-01;20;
SIMPRO;2026-04-12;medicamento;0000310498;12;;GLENMARK;LOMECAN 20MG/G CRM.VAG.20G+3APLIC.;;;;;;;;;;;;;;65.18;SIMPRO_VIG;2025-04-01;20;
SIMPRO;2026-04-12;medicamento;0000035222;12;;NYCOMED;LOMEXIN 600MG 1OVL+1APL;;;;;;;;;;;;;;33.78;SIMPRO_VIG;2011-04-27;20;
SIMPRO;2026-04-12;medicamento;0000035221;12;;NYCOMED;LOMEXIN CRM.40GRS+7APL.;;;;;;;;;;;;;;0.887;SIMPRO_VIG;2011-04-27;20;
SIMPRO;2026-04-12;medicamento;0000103017;12;;OSORIO DE MORAES;LOMFER 60MG 250X10CPDS REV.(EMB.HOSP.);;;;;;;;;;;;;;0.319;SIMPRO_VIG;2024-04-09;20;
SIMPRO;2026-04-12;medicamento;0000103016;12;;OSORIO DE MORAES;LOMFER 60MG 50DRGS;;;;;;;;;;;;;;0.424;SIMPRO_VIG;2024-04-09;20;
SIMPRO;2026-04-12;medicamento;0000077966;12;;OSORIO DE MORAES;LOMFER GTS.50X30ML;;;;;;;;;;;;;;7.835;SIMPRO_VIG;2015-04-01;20;
SIMPRO;2026-04-12;medicamento;0000084159;12;;OSORIO DE MORAES;LOMICINA 5MG/G 10GRS;;;;;;;;;;;;;;1.572;SIMPRO_VIG;2025-04-09;20;
SIMPRO;2026-04-12;medicamento;0000241608;12;;LEGRAND OTC;LOMYTRAT ESM.50MG/MLX2,5ML 10ESP+30SACH+30LIXAS;;;;;;;;;;;;;;172.52;SIMPRO_VIG;2022-04-05;20;
SIMPRO;2026-04-12;medicamento;0000094526;12;;KINDER;LONDERM-N CRM.DERM.15GRS;;;;;;;;;;;;;;0.813;SIMPRO_VIG;2026-03-31;20;
SIMPRO;2026-04-12;medicamento;0000094527;12;;KINDER;LONDERM-N CRM.DERM.30GRS;;;;;;;;;;;;;;0.823;SIMPRO_VIG;2026-03-31;20;
SIMPRO;2026-04-12;medicamento;0000269780;12;;CRISTALIA;LONGACTIL 5MG/ML SOL.INJ.10AMP 5ML;;;;;;;;;;;;;;3.127;SIMPRO_VIG;2025-05-01;20;
SIMPRO;2026-04-12;medicamento;0000269356;12;;CIFARMA;LONGIVIT 30CPDS MAST.;;;;;;;;;;;;;;1.187;SIMPRO_VIG;2017-04-07;20;
SIMPRO;2026-04-12;medicamento;0000269355;12;;CIFARMA;LONGIVIT SOL.ORAL.240ML;;;;;;;;;;;;;;0.148;SIMPRO_VIG;2017-04-07;20;
SIMPRO;2026-04-12;medicamento;0000095286;12;;APSEN;LONIUM 40MG 10CPDS REV.;;;;;;;;;;;;;;1.494;SIMPRO_VIG;2011-04-01;20;
SIMPRO;2026-04-12;medicamento;0000095287;12;;APSEN;LONIUM 40MG 30CPDS REV.;;;;;;;;;;;;;;2.725;SIMPRO_VIG;2025-04-04;20;
SIMPRO;2026-04-12;medicamento;0000115775;12;;APSEN;LONIUM 40MG 60CPDS REV.;;;;;;;;;;;;;;2.37;SIMPRO_VIG;2025-04-04;20;
SIMPRO;2026-04-12;medicamento;0000269411;12;;TEVA;LONQUEX 10MG/ML SER.PREENC.0,6ML+DISP.;;;;;;;;;;;;;;7855.15;SIMPRO_VIG;2025-04-04;20;
SIMPRO;2026-04-12;medicamento;0000097086;12;;TEUTO BRAS;LOPERIN 2MG 12CPDS;;;;;;;;;;;;;;0;SIMPRO_VIG;2009-08-18;20;
SIMPRO;2026-04-12;medicamento;0000098959;12;;TEUTO BRAS;LOPERIN 2MG 200CPDS;;;;;;;;;;;;;;0;SIMPRO_VIG;2009-08-18;20;
SIMPRO;2026-04-12;medicamento;0000080022;12;;WYETH;LOPID 600MG 24CAPS;;;;;;;;;;;;;;4.434;SIMPRO_VIG;2020-04-28;20;
SIMPRO;2026-04-12;medicamento;0000179156;12;;WYETH;LOPID 900MG 10CPDS;;;;;;;;;;;;;;6.52;SIMPRO_VIG;2020-04-28;20;
SIMPRO;2026-04-12;medicamento;0000080005;12;;PFIZER;LOPID 900MG 12CPDS;;;;;;;;;;;;;;8.178;SIMPRO_VIG;2016-04-08;20;
SIMPRO;2026-04-12;medicamento;0000124117;12;;MEDLEY;LOPIGREL 75MG 14CPDS;;;;;;;;;;;;;;3.587;SIMPRO_VIG;2019-02-13;20;
SIMPRO;2026-04-12;medicamento;0000124118;12;;SANOFI MEDLEY;LOPIGREL 75MG 28CPDS;;;;;;;;;;;;;;5.105;SIMPRO_VIG;2026-03-31;20;
SIMPRO;2026-04-12;medicamento;0000150922;12;;TEUTO BRAS;LOPRAZOL 20MG 28CAPS GEL.DURA;;;;;;;;;;;;;;2.015;SIMPRO_VIG;2012-04-01;20;
SIMPRO;2026-04-12;medicamento;0000107174;12;;SANVAL;LOPURAX 100MG 50X10CPDS;;;;;;;;;;;;;;0.294;SIMPRO_VIG;2026-03-31;20;
SIMPRO;2026-04-12;medicamento;0000137678;12;;TEUTO BRAS;LORADINE 10MG 12CPDS;;;;;;;;;;;;;;3.864;SIMPRO_VIG;2023-08-01;20;
SIMPRO;2026-04-12;medicamento;0000026680;12;;TEUTO BRAS;LORADINE 10MG BL.AL.12CPDS;;;;;;;;;;;;;;1.758;SIMPRO_VIG;2011-04-01;20;
SIMPRO;2026-04-12;medicamento;0000163518;12;;TEUTO BRAS;LORADINE 1MG/ML XPE.100ML+CP.MED.;;;;;;;;;;;;;;0.222;SIMPRO_VIG;2018-04-10;20;
SIMPRO;2026-04-12;medicamento;0000293217;12;;TEUTO BRAS;LORADINE D 1+12MG/ML XPE.60ML+COP.MED.;;;;;;;;;;;;;;0.395;SIMPRO_VIG;2021-04-13;20;
SIMPRO;2026-04-12;medicamento;0000041529;12;;LIBBS;LORANIL 10MG 20CPDS;;;;;;;;;;;;;;2.419;SIMPRO_VIG;2010-10-01;20;
SIMPRO;2026-04-12;medicamento;0000041534;12;;LIBBS;LORANIL D 10/240MG 6CPDS 24HRS;;;;;;;;;;;;;;5.088;SIMPRO_VIG;2012-04-05;20;
SIMPRO;2026-04-12;medicamento;0000028631;12;;LIBBS;LORANIL D 6CPDS;;;;;;;;;;;;;;2.658;SIMPRO_VIG;2012-04-05;20;
SIMPRO;2026-04-12;medicamento;0000031350;12;;LIBBS;LORANIL D XPE.60ML;;;;;;;;;;;;;;0.492;SIMPRO_VIG;2012-04-05;20;
SIMPRO;2026-04-12;medicamento;0000041531;12;;LIBBS;LORANIL XPE.VD.100ML;;;;;;;;;;;;;;0.279;SIMPRO_VIG;2012-04-05;20;
SIMPRO;2026-04-12;medicamento;0000079011;12;;NEO QUIMICA;LORAPAN 1MG 20CPDS;;;;;;;;;;;;;;0.567;SIMPRO_VIG;2026-03-31;20;
SIMPRO;2026-04-12;medicamento;0000079012;12;;NEO QUIMICA;LORAPAN 2MG 20CPDS;;;;;;;;;;;;;;0.85;SIMPRO_VIG;2026-03-31;20;
SIMPRO;2026-04-12;medicamento;0000103308;12;;VITAMEDIC;LORASLIV 10MG 12CPDS;;;;;;;;;;;;;;18.984;SIMPRO_VIG;2026-04-01;20;
SIMPRO;2026-04-12;medicamento;0000310597;12;;CIMED;LORATADINA 1+12MG/ML XPE.60ML+COPO;;;;;;;;;;;;;;0.316;SIMPRO_VIG;2025-04-04;20;
SIMPRO;2026-04-12;medicamento;0000131200;12;;NEO QUIMICA;LORATADINA 1,0MG/ML XPE.100ML;;;;;;;;;;;;;;0.414;SIMPRO_VIG;2024-04-05;20;
SIMPRO;2026-04-12;medicamento;0000028656;12;;UNIAO QUIMICA;LORATADINA 10MG 12CPDS;;;;;;;;;;;;;;1.653;SIMPRO_VIG;2025-04-04;20;
SIMPRO;2026-04-12;medicamento;0000055277;12;;RANBAXY;LORATADINA 10MG 12CPDS;;;;;;;;;;;;;;3.938;SIMPRO_VIG;2025-04-09;20;
SIMPRO;2026-04-12;medicamento;0000174509;12;;NEO QUIMICA;LORATADINA 10MG 12CPDS;;;;;;;;;;;;;;4.371;SIMPRO_VIG;2025-04-09;20;
SIMPRO;2026-04-12;medicamento;0000308453;12;;ACHE;LORATADINA 10MG 12CPDS;;;;;;;;;;;;;;1.623;SIMPRO_VIG;2025-04-04;20;
SIMPRO;2026-04-12;medicamento;0000060635;12;;BIOSINTETICA;LORATADINA 10MG 2X6CPDS;;;;;;;;;;;;;;3.231;SIMPRO_VIG;2020-06-02;20;
SIMPRO;2026-04-12;medicamento;0000080731;12;;MERCK S.A;LORATADINA 10MG 2X6CPDS REV.;;;;;;;;;;;;;;3.573;SIMPRO_VIG;2021-04-06;20;
SIMPRO;2026-04-12;medicamento;0000026066;12;;UNIAO QUIMICA;LORATADINA 1MG/ML XPE.100ML;;;;;;;;;;;;;;24.15;SIMPRO_VIG;2016-04-08;20;
SIMPRO;2026-04-12;medicamento;0000096277;12;;BIOSINTETICA;LORATADINA 1MG/ML XPE.100ML;;;;;;;;;;;;;;0.276;SIMPRO_VIG;2020-06-26;20;
SIMPRO;2026-04-12;medicamento;0000103920;12;;CIMED;LORATADINA 1MG/ML XPE.100ML;;;;;;;;;;;;;;0.38;SIMPRO_VIG;2025-04-04;20;
SIMPRO;2026-04-12;medicamento;0000139418;12;;PHARLAB;LORATADINA 1MG/ML XPE.100ML;;;;;;;;;;;;;;0.26;SIMPRO_VIG;2025-04-09;20;
SIMPRO;2026-04-12;medicamento;0000308454;12;;ACHE;LORATADINA 1MG/ML XPE.100ML;;;;;;;;;;;;;;0.242;SIMPRO_VIG;2025-04-04;20;
SIMPRO;2026-04-12;medicamento;0000047221;12;;EMS GENERICOS;LORATADINA 1MG/ML XPE.100ML+COP.;;;;;;;;;;;;;;0.431;SIMPRO_VIG;2025-04-04;20;
SIMPRO;2026-04-12;medicamento;0000101572;12;;GERMED GENERICOS;LORATADINA 1MG/ML XPE.100ML+COP.;;;;;;;;;;;;;;0.354;SIMPRO_VIG;2025-04-04;20;
SIMPRO;2026-04-12;medicamento;0000150653;12;;TEUTO BRAS;LORATADINA 1MG/ML XPE.100ML+CP MED;;;;;;;;;;;;;;0.222;SIMPRO_VIG;2018-04-10;20;
SIMPRO;2026-04-12;medicamento;0000111838;12;;NOVA QUIMICA GEN;LORATADINA 1MG/ML XPE.100ML+CP.MED.;;;;;;;;;;;;;;0.337;SIMPRO_VIG;2021-04-13;20;
SIMPRO;2026-04-12;medicamento;0000140610;12;;PRATI-DONADUZZI;LORATADINA 1MG/ML XPE.100ML+CP.MED.;;;;;;;;;;;;;;0.226;SIMPRO_VIG;2025-04-04;20;
SIMPRO;2026-04-12;medicamento;0000139426;12;;UNITHER BRASIL;LORATADINA 1MG/ML XPE.48FRX100ML;;;;;;;;;;;;;;24.045;SIMPRO_VIG;2023-09-26;20;
SIMPRO;2026-04-12;medicamento;0000140611;12;;PRATI-DONADUZZI;LORATADINA 1MG/ML XPE.50FRX100ML+50CP.MED.;;;;;;;;;;;;;;14.237;SIMPRO_VIG;2025-04-04;20;
SIMPRO;2026-04-12;medicamento;0000100097;12;;LEGRAND GENERICOS;LORATADINA 5MG/5ML XPE.100ML;;;;;;;;;;;;;;0.289;SIMPRO_VIG;2021-04-06;20;
SIMPRO;2026-04-12;medicamento;0000063927;12;;ATIVUS;LORATADINA GEN.0,2MG/ML XPE.100ML;;;;;;;;;;;;;;0.189;SIMPRO_VIG;2011-04-01;20;
SIMPRO;2026-04-12;medicamento;0000044327;12;;NOVARTIS;LORATADINA GEN.10MG 10CPDS;;;;;;;;;;;;;;0;SIMPRO_VIG;2009-08-11;20;
SIMPRO;2026-04-12;medicamento;0000146679;12;;SANDOZ;LORATADINA GEN.10MG 10CPDS;;;;;;;;;;;;;;2.244;SIMPRO_VIG;2012-05-01;20;
SIMPRO;2026-04-12;medicamento;0000175707;12;;NOVA QUIMICA GEN;LORATADINA GEN.10MG 10CPDS;;;;;;;;;;;;;;2.888;SIMPRO_VIG;2017-04-01;20;
SIMPRO;2026-04-12;medicamento;0000048123;12;;SANDOZ;LORATADINA GEN.10MG 12CPDS;;;;;;;;;;;;;;2.028;SIMPRO_VIG;2012-05-01;20;
SIMPRO;2026-04-12;medicamento;0000098301;12;;BRAINFARMA;LORATADINA GEN.10MG 12CPDS;;;;;;;;;;;;;;0;SIMPRO_VIG;2010-04-01;20;
SIMPRO;2026-04-12;medicamento;0000115976;12;;NOVARTIS;LORATADINA GEN.10MG 12CPDS;;;;;;;;;;;;;;0;SIMPRO_VIG;2009-08-11;20;
SIMPRO;2026-04-12;medicamento;0000175706;12;;NOVA QUIMICA GEN;LORATADINA GEN.10MG 2BLX6CPDS;;;;;;;;;;;;;;2.883;SIMPRO_VIG;2017-04-01;20;
SIMPRO;2026-04-12;medicamento;0000128196;12;;NOVA QUIMICA;LORATADINA GEN.10MG 6CPDS;;;;;;;;;;;;;;4.033;SIMPRO_VIG;2011-04-01;20;
SIMPRO;2026-04-12;medicamento;0000068386;12;;HEXAL;LORATADINA GEN.10MG 7CPDS;;;;;;;;;;;;;;0;SIMPRO_VIG;2009-09-01;20;
SIMPRO;2026-04-12;medicamento;0000098300;12;;BRAINFARMA;LORATADINA GEN.1MG/ML XPE.100ML;;;;;;;;;;;;;;0;SIMPRO_VIG;2010-04-01;20;
SIMPRO;2026-04-12;medicamento;0000102020;12;;FARMASA;LORATADINA GEN.1MG/ML XPE.100ML;;;;;;;;;;;;;;0.194;SIMPRO_VIG;2011-04-01;20;
SIMPRO;2026-04-12;medicamento;0000140608;12;;PRATI DONADUZZI;LORATADINA GEN.1MG/ML XPE.100ML;;;;;;;;;;;;;;0.164;SIMPRO_VIG;2009-08-13;20;
SIMPRO;2026-04-12;medicamento;0000090975;12;;MERCK S.A;LORATADINA GEN.1MG/ML XPE.100ML+CP.MED.;;;;;;;;;;;;;;0.225;SIMPRO_VIG;2014-04-01;20;
SIMPRO;2026-04-12;medicamento;0000140609;12;;PRATI DONADUZZI;LORATADINA GEN.1MG/ML XPE.50FRX100ML;;;;;;;;;;;;;;5.459;SIMPRO_VIG;2009-12-07;20;
SIMPRO;2026-04-12;medicamento;0000102019;12;;FARMASA;LORATADINA GEN.1MG/ML XPE.60ML;;;;;;;;;;;;;;0.194;SIMPRO_VIG;2011-04-01;20;
SIMPRO;2026-04-12;medicamento;0000039092;12;;SANOFI MEDLEY;LORATADINA XPE.100ML;;;;;;;;;;;;;;0.279;SIMPRO_VIG;2026-03-31;20;
SIMPRO;2026-04-12;medicamento;0000074115;12;;EMS GENERICOS;LORATADINA+SULFATO PSEUDOEFEDRINA 1+12MG/ML XPE.60ML+COP.;;;;;;;;;;;;;;0.652;SIMPRO_VIG;2025-04-04;20;
SIMPRO;2026-04-12;medicamento;0000091639;12;;GERMED GENERICOS;LORATADINA+SULFATO PSEUDOEFEDRINA 1+12MG/ML XPE.60ML+COP.;;;;;;;;;;;;;;0.587;SIMPRO_VIG;2025-04-04;20;
SIMPRO;2026-04-12;medicamento;0000315146;12;;ACHE;LORATADINA+SULFATO PSEUDOEFEDRINA 1+12MG/ML XPE.FR 60ML+COP.;;;;;;;;;;;;;;0.597;SIMPRO_VIG;2025-04-04;20;
SIMPRO;2026-04-12;medicamento;0000175497;12;;TEUTO BRAS;LORATADINA+SULFATO PSEUDOEFEDRINA 1+12MG/ML XPE.FR.PET.60ML+COPO MED.;;;;;;;;;;;;;;0.553;SIMPRO_VIG;2023-04-06;20;
SIMPRO;2026-04-12;medicamento;0000103071;12;;TEUTO BRAS;LORATADINA+SULFATO PSEUDOEFEDRINA 1+12MG/ML XPE.FR.VD.60ML+COPO MED.;;;;;;;;;;;;;;0.553;SIMPRO_VIG;2023-04-06;20;
SIMPRO;2026-04-12;medicamento;0000120847;12;;NEO QUIMICA;LORATADINA+SULFATO PSEUDOEFEDRINA 1MG/ML+12MG/ML XPE.60ML;;;;;;;;;;;;;;0.336;SIMPRO_VIG;2020-04-07;20;
SIMPRO;2026-04-12;medicamento;0000098302;12;;BRAINFARMA;LORATADINA+SULFATO PSEUDOEFEDRINA GEN.1+12MG/ML 60ML;;;;;;;;;;;;;;0;SIMPRO_VIG;2010-04-01;20;
SIMPRO;2026-04-12;medicamento;0000092385;12;;LEGRAND GENERICOS;LORATADINA+SULFATO PSEUDOEFEDRINA GEN.1MG/ML XPE.60ML;;;;;;;;;;;;;;0.352;SIMPRO_VIG;2015-04-01;20;
SIMPRO;2026-04-12;medicamento;0000098303;12;;BRAINFARMA;LORATADINA+SULFATO PSEUDOEFEDRINA GEN.5+120MG 12DRGS;;;;;;;;;;;;;;0;SIMPRO_VIG;2010-04-01;20;
SIMPRO;2026-04-12;medicamento;0000088226;12;;SANOFI MEDLEY;LORATADINA+SULFATO PSEUDOEFEDRINA XPE.60ML;;;;;;;;;;;;;;0.461;SIMPRO_VIG;2026-03-31;20;
SIMPRO;2026-04-12;medicamento;0000096278;12;;BIOSINTETICA;LORATADINA+SULFATO PSEUDOEFEDRINA XPE.60ML;;;;;;;;;;;;;;0.443;SIMPRO_VIG;2020-06-23;20;
SIMPRO;2026-04-12;medicamento;0000167833;12;;CIMED;LORATAMED 10MG 360CPDS;;;;;;;;;;;;;;0.416;SIMPRO_VIG;2025-04-04;20;
SIMPRO;2026-04-12;medicamento;0000048175;12;;CIMED;LORATAMED 12CPDS;;;;;;;;;;;;;;1.848;SIMPRO_VIG;2025-04-04;20;
SIMPRO;2026-04-12;medicamento;0000318199;12;;CIMED;LORATAMED 1MG/ML XPE.50FR 100ML+50COPO;;;;;;;;;;;;;;18.719;SIMPRO_VIG;2025-04-04;20;
SIMPRO;2026-04-12;medicamento;0000030191;12;;CIMED;LORATAMED 1MG/ML XPE.FR 100ML+COPO;;;;;;;;;;;;;;0.275;SIMPRO_VIG;2025-04-04;20;
SIMPRO;2026-04-12;medicamento;0000318198;12;;CIMED;LORATAMED D 1+12MG/ML XPE.60ML+COPO;;;;;;;;;;;;;;0.534;SIMPRO_VIG;2025-04-04;20;
SIMPRO;2026-04-12;medicamento;0000092754;12;;PFIZER BRASIL;LORAX 1MG 30CPDS;;;;;;;;;;;;;;1.27;SIMPRO_VIG;2025-04-01;20;
SIMPRO;2026-04-12;medicamento;0000092755;12;;PFIZER BRASIL;LORAX 2MG 30CPDS;;;;;;;;;;;;;;1.798;SIMPRO_VIG;2025-04-01;20;
SIMPRO;2026-04-12;medicamento;0000083575;12;;SIGMA PHARMA;LORAZEFAST 1MG 20CPDS;;;;;;;;;;;;;;0.639;SIMPRO_VIG;2014-04-01;20;
SIMPRO;2026-04-12;medicamento;0000083576;12;;SIGMA PHARMA;LORAZEFAST 2MG 20CPDS;;;;;;;;;;;;;;0.976;SIMPRO_VIG;2015-04-01;20;
SIMPRO;2026-04-12;medicamento;0000129655;12;;TEUTO BRAS;LORAZEPAM 2MG 100CPDS;;;;;;;;;;;;;;0.855;SIMPRO_VIG;2026-04-01;20;
SIMPRO;2026-04-12;medicamento;0000079914;12;;SANOFI MEDLEY;LORAZEPAM 2MG 20CPDS;;;;;;;;;;;;;;1.007;SIMPRO_VIG;2022-04-05;20;
SIMPRO;2026-04-12;medicamento;0000092387;12;;LEGRAND GENERICOS;LORAZEPAM 2MG 20CPDS;;;;;;;;;;;;;;0.888;SIMPRO_VIG;2023-04-01;20;
SIMPRO;2026-04-12;medicamento;0000314362;12;;EMS GENERICOS;LORAZEPAM 2MG 20CPDS;;;;;;;;;;;;;;1.146;SIMPRO_VIG;2025-04-04;20;
SIMPRO;2026-04-12;medicamento;0000129654;12;;TEUTO BRAS;LORAZEPAM 2MG 30CPDS;;;;;;;;;;;;;;0.966;SIMPRO_VIG;2025-04-09;20;
SIMPRO;2026-04-12;medicamento;0000299145;12;;GERMED GENERICOS;LORAZEPAM 2MG 30CPDS;;;;;;;;;;;;;;1.059;SIMPRO_VIG;2025-04-04;20;
SIMPRO;2026-04-12;medicamento;0000312059;12;;LEGRAND GENERICOS;LORAZEPAM 2MG 30CPDS;;;;;;;;;;;;;;0.952;SIMPRO_VIG;2025-04-04;20;
SIMPRO;2026-04-12;medicamento;0000094224;12;;EMS GENERICOS;LORAZEPAM 2MG BL.AL.PLAS.INC.20CPDS;;;;;;;;;;;;;;1.116;SIMPRO_VIG;2024-04-02;20;
SIMPRO;2026-04-12;medicamento;0000272756;12;;GERMED GENERICOS;LORAZEPAM 2MG BL.OPC.20CPDS;;;;;;;;;;;;;;0.975;SIMPRO_VIG;2025-04-04;20;
SIMPRO;2026-04-12;medicamento;0000052396;12;;RANBAXY;LORAZEPAM GEN.1MG 20CPDS;;;;;;;;;;;;;;0;SIMPRO_VIG;2009-06-19;20;
SIMPRO;2026-04-12;medicamento;0000079913;12;;MEDLEY;LORAZEPAM GEN.1MG 20CPDS;;;;;;;;;;;;;;0.399;SIMPRO_VIG;2014-04-01;20;
SIMPRO;2026-04-12;medicamento;0000092386;12;;LEGRAND GEN;LORAZEPAM GEN.1MG 20CPDS;;;;;;;;;;;;;;0.281;SIMPRO_VIG;2011-04-01;20;
SIMPRO;2026-04-12;medicamento;0000094222;12;;EMS GEN;LORAZEPAM GEN.1MG 20CPDS;;;;;;;;;;;;;;0.339;SIMPRO_VIG;2011-04-01;20;
SIMPRO;2026-04-12;medicamento;0000099860;12;;MERCK S.A;LORAZEPAM GEN.1MG 20CPDS;;;;;;;;;;;;;;0.375;SIMPRO_VIG;2014-04-01;20;
SIMPRO;2026-04-12;medicamento;0000051761;12;;GERMED GEN;LORAZEPAM GEN.1MG 2X10CPDS;;;;;;;;;;;;;;0.318;SIMPRO_VIG;2011-04-01;20;
SIMPRO;2026-04-12;medicamento;0000090299;12;;ARROW;LORAZEPAM GEN.1MG FR.20CPDS;;;;;;;;;;;;;;0;SIMPRO_VIG;2009-10-13;20;
SIMPRO;2026-04-12;medicamento;0000052398;12;;RANBAXY;LORAZEPAM GEN.2MG 20CPDS;;;;;;;;;;;;;;0.41;SIMPRO_VIG;2011-04-01;20;
SIMPRO;2026-04-12;medicamento;0000099861;12;;MERCK S.A;LORAZEPAM GEN.2MG 20CPDS;;;;;;;;;;;;;;0.523;SIMPRO_VIG;2014-04-01;20;
SIMPRO;2026-04-12;medicamento;0000051757;12;;GERMED GENERICOS;LORAZEPAM GEN.2MG BL.INC.20CPDS;;;;;;;;;;;;;;0.658;SIMPRO_VIG;2016-04-08;20;
SIMPRO;2026-04-12;medicamento;0000090300;12;;ARROW;LORAZEPAM GEN.2MG FR.20CPDS;;;;;;;;;;;;;;0;SIMPRO_VIG;2009-10-13;20;
SIMPRO;2026-04-12;medicamento;0000317531;12;;PFIZER BRASIL;LORBRENA 100MG 30CPDS REV.;;;;;;;;;;;;;;1549.41;SIMPRO_VIG;2025-04-01;20;
SIMPRO;2026-04-12;medicamento;0000317530;12;;PFIZER BRASIL;LORBRENA 25MG 90CPDS REV.;;;;;;;;;;;;;;387.352;SIMPRO_VIG;2025-04-01;20;
SIMPRO;2026-04-12;medicamento;0000269378;12;;TORRENT;LOREDON 100MG 30CPDS;;;;;;;;;;;;;;2.492;SIMPRO_VIG;2025-04-04;20;
SIMPRO;2026-04-12;medicamento;0000269379;12;;TORRENT;LOREDON 100MG 60CPDS;;;;;;;;;;;;;;2.322;SIMPRO_VIG;2016-04-08;20;
SIMPRO;2026-04-12;medicamento;0000283869;12;;TORRENT;LOREDON 50MG 10CPDS;;;;;;;;;;;;;;1.417;SIMPRO_VIG;2025-04-04;20;
SIMPRO;2026-04-12;medicamento;0000269380;12;;TORRENT;LOREDON 50MG 30CPDS;;;;;;;;;;;;;;1.161;SIMPRO_VIG;2016-04-08;20;
SIMPRO;2026-04-12;medicamento;0000269381;12;;TORRENT;LOREDON 50MG 60CPDS;;;;;;;;;;;;;;1.246;SIMPRO_VIG;2025-04-04;20;
SIMPRO;2026-04-12;medicamento;0000099955;12;;BERGAMO;LORELIN 7,5MG 1FA+DIL+SER+AG;;;;;;;;;;;;;;920.57;SIMPRO_VIG;2007-04-04;20;
SIMPRO;2026-04-12;medicamento;0000089574;12;;AMGEN;LORELIN DEPOT 3,75MG 2ML+SER.+2AG.;;;;;;;;;;;;;;585.81;SIMPRO_VIG;2015-04-01;20;
SIMPRO;2026-04-12;medicamento;0000145205;12;;AMGEN;LORELIN DEPOT 3,75MG FA+DIL+KIT APLICACAO;;;;;;;;;;;;;;390;SIMPRO_VIG;2011-03-31;20;
SIMPRO;2026-04-12;medicamento;0000031854;12;;ATIVUS;LOREMIX D 1+12MG/ML XPE.60ML;;;;;;;;;;;;;;0.481;SIMPRO_VIG;2026-03-31;20;
SIMPRO;2026-04-12;medicamento;0000031853;12;;ATIVUS;LOREMIX D 5+120MG 12CPDS REV.;;;;;;;;;;;;;;2.663;SIMPRO_VIG;2026-03-31;20;
SIMPRO;2026-04-12;medicamento;0000138631;12;;NEOQUIMICA;LORENTIL 10MG/G CRM.DERM. 20GRS;;;;;;;;;;;;;;1.011;SIMPRO_VIG;2014-04-01;20;
SIMPRO;2026-04-12;medicamento;0000048110;12;;SANDOZ;LORSACOR 50MG 14CPDS;;;;;;;;;;;;;;2.109;SIMPRO_VIG;2019-06-25;20;
SIMPRO;2026-04-12;medicamento;0000048111;12;;SANDOZ;LORSACOR 50MG 28CPDS REV.;;;;;;;;;;;;;;1.884;SIMPRO_VIG;2019-06-25;20;
SIMPRO;2026-04-12;medicamento;0000129944;12;;SANDOZ;LORSACOR 50MG 30CPDS REV.;;;;;;;;;;;;;;0.245;SIMPRO_VIG;2019-06-25;20;
SIMPRO;2026-04-12;medicamento;0000308615;12;;SANDOZ;LORSACOR 50MG 30CPDS REV.;;;;;;;;;;;;;;0.453;SIMPRO_VIG;2022-04-26;20;
SIMPRO;2026-04-12;medicamento;0000118560;12;;SANDOZ;LORSACOR 50MG 60CPDS REV.;;;;;;;;;;;;;;1.451;SIMPRO_VIG;2019-06-25;20;
SIMPRO;2026-04-12;medicamento;0000308616;12;;SANDOZ;LORSACOR 50MG 60CPDS REV.;;;;;;;;;;;;;;4.011;SIMPRO_VIG;2019-06-25;20;
SIMPRO;2026-04-12;medicamento;0000119428;12;;SANDOZ;LORSAR HCT 50+12,5MG 28CPDS;;;;;;;;;;;;;;1.58;SIMPRO_VIG;2013-04-19;20;
SIMPRO;2026-04-12;medicamento;0000068384;12;;SANDOZ;LORSAR HCT 50+12,5MG 30CPDS REV.;;;;;;;;;;;;;;1.464;SIMPRO_VIG;2019-06-25;20;
SIMPRO;2026-04-12;medicamento;0000257177;12;;SANDOZ;LORSAR HCT 50+12,5MG 30CPDS REV.;;;;;;;;;;;;;;2.172;SIMPRO_VIG;2020-06-30;20;
SIMPRO;2026-04-12;medicamento;0000103309;12;;VITAPAN;LOSACORON 50MG 14CPDS REV.;;;;;;;;;;;;;;1.701;SIMPRO_VIG;2016-04-08;20;
SIMPRO;2026-04-12;medicamento;0000136807;12;;VITAPAN;LOSACORON 50MG 28CPDS REV.;;;;;;;;;;;;;;1.285;SIMPRO_VIG;2016-04-08;20;
SIMPRO;2026-04-12;medicamento;0000249069;12;;VITAMEDIC;LOSACORON 50MG 30CPDSV REV.;;;;;;;;;;;;;;0.475;SIMPRO_VIG;2024-04-10;20;
SIMPRO;2026-04-12;medicamento;0000249070;12;;VITAMEDIC;LOSACORON 50MG 495CPDS REV.(EMB.HOSP.);;;;;;;;;;;;;;1.014;SIMPRO_VIG;2024-04-10;20;
SIMPRO;2026-04-12;medicamento;0000078267;12;;ROYTON;LOSAPRIN 50MG 14CPDS;;;;;;;;;;;;;;1.081;SIMPRO_VIG;2026-03-31;20;
SIMPRO;2026-04-12;medicamento;0000078268;12;;ROYTON;LOSAPRIN 50MG 28CPDS;;;;;;;;;;;;;;0.868;SIMPRO_VIG;2026-03-31;20;
SIMPRO;2026-04-12;medicamento;0000026026;12;;LUPER;LOSAPROL 10MG 14CAPS;;;;;;;;;;;;;;1.641;SIMPRO_VIG;2011-04-01;20;
SIMPRO;2026-04-12;medicamento;0000026028;12;;LUPER;LOSAPROL 20MG 14CAPS;;;;;;;;;;;;;;3.173;SIMPRO_VIG;2011-04-01;20;
SIMPRO;2026-04-12;medicamento;0000026027;12;;LUPER;LOSAPROL 20MG 7CAPS;;;;;;;;;;;;;;3.227;SIMPRO_VIG;2011-04-01;20;
SIMPRO;2026-04-12;medicamento;0000028490;12;;BIOCHIMICO;LOSAR 1AMP 40MG INJ;;;;;;;;;;;;;;12.01;SIMPRO_VIG;2012-04-01;20;
SIMPRO;2026-04-12;medicamento;0000110902;12;;BIOCHIMICO;LOSAR 40MG PO LIOF 50FA+50AMP X 10ML;;;;;;;;;;;;;;12.017;SIMPRO_VIG;2012-04-01;20;
SIMPRO;2026-04-12;medicamento;0000079742;12;;BRAINFARMA;LOSARTAN POTASSICO GEN.50MG 14CPDS;;;;;;;;;;;;;;1.474;SIMPRO_VIG;2016-04-05;20;
SIMPRO;2026-04-12;medicamento;0000079743;12;;BRAINFARMA;LOSARTAN POTASSICO GEN.50MG 2BLX14CPDS;;;;;;;;;;;;;;1.47;SIMPRO_VIG;2016-04-05;20;
SIMPRO;2026-04-12;medicamento;0000089448;12;;NOVA QUIMICA GEN;LOSARTAN POTASSICO GEN.50MG 2BLX14CPDS REV.;;;;;;;;;;;;;;1.192;SIMPRO_VIG;2014-04-01;20;
SIMPRO;2026-04-12;medicamento;0000159220;12;;PRATI-DONADUZZI;LOSARTANA POTASSICA 100MG 100CPDS REV.;;;;;;;;;;;;;;2.32;SIMPRO_VIG;2024-04-05;20;
SIMPRO;2026-04-12;medicamento;0000259340;12;;AUROBINDO;LOSARTANA POTASSICA 100MG 120CPDS REV.(EMB.HOSP.);;;;;;;;;;;;;;0.994;SIMPRO_VIG;2019-04-02;20;
SIMPRO;2026-04-12;medicamento;0000256044;12;;EUROFARMA;LOSARTANA POTASSICA 100MG 120CPDS REV.EMB.FRAC.;;;;;;;;;;;;;;0.945;SIMPRO_VIG;2018-04-10;20;
SIMPRO;2026-04-12;medicamento;0000259341;12;;AUROBINDO;LOSARTANA POTASSICA 100MG 150CPDS REV.(EMB.HOSP.);;;;;;;;;;;;;;0.994;SIMPRO_VIG;2019-04-02;20;
SIMPRO;2026-04-12;medicamento;0000140615;12;;PRATI-DONADUZZI;LOSARTANA POTASSICA 100MG 300CPDS REV.;;;;;;;;;;;;;;1.168;SIMPRO_VIG;2025-04-04;20;
SIMPRO;2026-04-12;medicamento;0000259342;12;;AUROBINDO;LOSARTANA POTASSICA 100MG 300CPDS REV.(EMB.HOSP.);;;;;;;;;;;;;;0.994;SIMPRO_VIG;2019-04-02;20;
SIMPRO;2026-04-12;medicamento;0000148216;12;;SANOFI MEDLEY;LOSARTANA POTASSICA 100MG 30CPDS;;;;;;;;;;;;;;1.682;SIMPRO_VIG;2025-04-01;20;
SIMPRO;2026-04-12;medicamento;0000127870;12;;EMS GENERICOS;LOSARTANA POTASSICA 100MG 30CPDS REV.;;;;;;;;;;;;;;1.77;SIMPRO_VIG;2025-04-04;20;
SIMPRO;2026-04-12;medicamento;0000128161;12;;LEGRAND GENERICOS;LOSARTANA POTASSICA 100MG 30CPDS REV.;;;;;;;;;;;;;;1.77;SIMPRO_VIG;2025-04-04;20;
SIMPRO;2026-04-12;medicamento;0000128382;12;;GERMED GENERICOS;LOSARTANA POTASSICA 100MG 30CPDS REV.;;;;;;;;;;;;;;1.77;SIMPRO_VIG;2025-04-04;20;
SIMPRO;2026-04-12;medicamento;0000140614;12;;PRATI-DONADUZZI;LOSARTANA POTASSICA 100MG 30CPDS REV.;;;;;;;;;;;;;;1.693;SIMPRO_VIG;2025-04-04;20;
SIMPRO;2026-04-12;medicamento;0000143007;12;;NEO QUIMICA;LOSARTANA POTASSICA 100MG 30CPDS REV.;;;;;;;;;;;;;;2.205;SIMPRO_VIG;2025-04-09;20;
SIMPRO;2026-04-12;medicamento;0000160558;12;;EUROFARMA;LOSARTANA POTASSICA 100MG 30CPDS REV.;;;;;;;;;;;;;;1.476;SIMPRO_VIG;2018-04-10;20;
SIMPRO;2026-04-12;medicamento;0000175418;12;;TORRENT;LOSARTANA POTASSICA 100MG 30CPDS REV.;;;;;;;;;;;;;;1.723;SIMPRO_VIG;2022-04-05;20;
SIMPRO;2026-04-12;medicamento;0000259337;12;;AUROBINDO;LOSARTANA POTASSICA 100MG 30CPDS REV.;;;;;;;;;;;;;;1.373;SIMPRO_VIG;2019-04-02;20;
SIMPRO;2026-04-12;medicamento;0000269443;12;;VITAPAN;LOSARTANA POTASSICA 100MG 30CPDS REV.;;;;;;;;;;;;;;0.952;SIMPRO_VIG;2018-04-10;20;
SIMPRO;2026-04-12;medicamento;0000308778;12;;TEUTO BRAS;LOSARTANA POTASSICA 100MG 30CPDS REV.;;;;;;;;;;;;;;1.48;SIMPRO_VIG;2020-05-01;20;
SIMPRO;2026-04-12;medicamento;0000269444;12;;VITAPAN;LOSARTANA POTASSICA 100MG 495CPDS REV.(EMB.HOSP.);;;;;;;;;;;;;;0.953;SIMPRO_VIG;2016-04-12;20;
SIMPRO;2026-04-12;medicamento;0000259338;12;;AUROBINDO;LOSARTANA POTASSICA 100MG 60CPDS REV.;;;;;;;;;;;;;;1.374;SIMPRO_VIG;2019-04-02;20;
SIMPRO;2026-04-12;medicamento;0000259339;12;;AUROBINDO;LOSARTANA POTASSICA 100MG 90CPDS REV.(EMB.HOSP.);;;;;;;;;;;;;;0.994;SIMPRO_VIG;2019-04-02;20;
SIMPRO;2026-04-12;medicamento;0000304322;12;;RANBAXY;LOSARTANA POTASSICA 50MG 1000CPDS REV.;;;;;;;;;;;;;;0.329;SIMPRO_VIG;2019-04-02;20;
SIMPRO;2026-04-12;medicamento;0000259334;12;;AUROBINDO;LOSARTANA POTASSICA 50MG 120CPDS REV.(EMB.HOSP.);;;;;;;;;;;;;;0.674;SIMPRO_VIG;2019-04-02;20;
SIMPRO;2026-04-12;medicamento;0000256045;12;;EUROFARMA;LOSARTANA POTASSICA 50MG 120CPDS REV.EMB.FRAC.;;;;;;;;;;;;;;0.778;SIMPRO_VIG;2018-04-10;20;
SIMPRO;2026-04-12;medicamento;0000076603;12;;BIOSINTETICA;LOSARTANA POTASSICA 50MG 14CPDS REV.;;;;;;;;;;;;;;1.034;SIMPRO_VIG;2020-06-23;20;
SIMPRO;2026-04-12;medicamento;0000308456;12;;ACHE;LOSARTANA POTASSICA 50MG 14CPDS REV.;;;;;;;;;;;;;;1.429;SIMPRO_VIG;2019-06-18;20;
SIMPRO;2026-04-12;medicamento;0000259335;12;;AUROBINDO;LOSARTANA POTASSICA 50MG 150CPDS REV.(EMB.HOSP.);;;;;;;;;;;;;;0.674;SIMPRO_VIG;2019-04-02;20;
SIMPRO;2026-04-12;medicamento;0000077934;12;;SANOFI MEDLEY;LOSARTANA POTASSICA 50MG 15CPDS;;;;;;;;;;;;;;0.614;SIMPRO_VIG;2021-04-13;20;
SIMPRO;2026-04-12;medicamento;0000159221;12;;PRATI-DONADUZZI;LOSARTANA POTASSICA 50MG 200CDPS REV.;;;;;;;;;;;;;;1.693;SIMPRO_VIG;2024-04-05;20;
SIMPRO;2026-04-12;medicamento;0000077935;12;;SANOFI MEDLEY;LOSARTANA POTASSICA 50MG 2X15CPDS;;;;;;;;;;;;;;0.67;SIMPRO_VIG;2025-04-01;20;
SIMPRO;2026-04-12;medicamento;0000140613;12;;PRATI-DONADUZZI;LOSARTANA POTASSICA 50MG 300CPDS REV.;;;;;;;;;;;;;;0.794;SIMPRO_VIG;2025-04-04;20;
SIMPRO;2026-04-12;medicamento;0000259336;12;;AUROBINDO;LOSARTANA POTASSICA 50MG 300CPDS REV.(EMB.HOSP.);;;;;;;;;;;;;;0.674;SIMPRO_VIG;2019-04-02;20;
SIMPRO;2026-04-12;medicamento;0000083390;12;;MERCK S.A;LOSARTANA POTASSICA 50MG 30CPDS;;;;;;;;;;;;;;1.704;SIMPRO_VIG;2021-04-06;20;
SIMPRO;2026-04-12;medicamento;0000084214;12;;CRISTALIA;LOSARTANA POTASSICA 50MG 30CPDS;;;;;;;;;;;;;;3.075;SIMPRO_VIG;2019-04-09;20;
SIMPRO;2026-04-12;medicamento;0000088588;12;;EUROFARMA;LOSARTANA POTASSICA 50MG 30CPDS;;;;;;;;;;;;;;0.843;SIMPRO_VIG;2025-04-04;20;
SIMPRO;2026-04-12;medicamento;0000122636;12;;TEUTO BRAS;LOSARTANA POTASSICA 50MG 30CPDS;;;;;;;;;;;;;;0.338;SIMPRO_VIG;2025-04-09;20;
SIMPRO;2026-04-12;medicamento;0000143008;12;;NEO QUIMICA;LOSARTANA POTASSICA 50MG 30CPDS;;;;;;;;;;;;;;0.345;SIMPRO_VIG;2025-04-09;20;
SIMPRO;2026-04-12;medicamento;0000127869;12;;EMS GENERICOS;LOSARTANA POTASSICA 50MG 30CPDS REV.;;;;;;;;;;;;;;0.724;SIMPRO_VIG;2025-04-04;20;
SIMPRO;2026-04-12;medicamento;0000128381;12;;GERMED GENERICOS;LOSARTANA POTASSICA 50MG 30CPDS REV.;;;;;;;;;;;;;;0.344;SIMPRO_VIG;2025-04-04;20;
SIMPRO;2026-04-12;medicamento;0000139394;12;;ZYDUS NIKKHO;LOSARTANA POTASSICA 50MG 30CPDS REV.;;;;;;;;;;;;;;1.923;SIMPRO_VIG;2021-04-06;20;
SIMPRO;2026-04-12;medicamento;0000152126;12;;BIOSINTETICA;LOSARTANA POTASSICA 50MG 30CPDS REV.;;;;;;;;;;;;;;0.366;SIMPRO_VIG;2020-10-01;20;
SIMPRO;2026-04-12;medicamento;0000259331;12;;AUROBINDO;LOSARTANA POTASSICA 50MG 30CPDS REV.;;;;;;;;;;;;;;1.195;SIMPRO_VIG;2022-04-12;20;
SIMPRO;2026-04-12;medicamento;0000269445;12;;VITAMEDIC;LOSARTANA POTASSICA 50MG 30CPDS REV.;;;;;;;;;;;;;;0.384;SIMPRO_VIG;2024-04-10;20;
SIMPRO;2026-04-12;medicamento;0000271766;12;;SANDOZ;LOSARTANA POTASSICA 50MG 30CPDS REV.;;;;;;;;;;;;;;1.288;SIMPRO_VIG;2022-04-26;20;
SIMPRO;2026-04-12;medicamento;0000308455;12;;ACHE;LOSARTANA POTASSICA 50MG 30CPDS REV.;;;;;;;;;;;;;;0.345;SIMPRO_VIG;2025-04-04;20;
SIMPRO;2026-04-12;medicamento;0000314779;12;;CIMED;LOSARTANA POTASSICA 50MG 30CPDS REV.;;;;;;;;;;;;;;1.432;SIMPRO_VIG;2025-04-04;20;
SIMPRO;2026-04-12;medicamento;0000101675;12;;RANBAXY;LOSARTANA POTASSICA 50MG 3X10CPDS;;;;;;;;;;;;;;0.526;SIMPRO_VIG;2021-04-06;20;
SIMPRO;2026-04-12;medicamento;0000128160;12;;LEGRAND GENERICOS;LOSARTANA POTASSICA 50MG 3X10CPDS REV.;;;;;;;;;;;;;;0.344;SIMPRO_VIG;2025-04-04;20;
SIMPRO;2026-04-12;medicamento;0000269446;12;;VITAPAN;LOSARTANA POTASSICA 50MG 495CPDS REV.(EMB.HOSP.);;;;;;;;;;;;;;0.646;SIMPRO_VIG;2016-04-12;20;
SIMPRO;2026-04-12;medicamento;0000077936;12;;SANOFI MEDLEY;LOSARTANA POTASSICA 50MG 4X15CPDS;;;;;;;;;;;;;;0.667;SIMPRO_VIG;2021-04-13;20;
SIMPRO;2026-04-12;medicamento;0000318209;12;;PRATI-DONADUZZI;LOSARTANA POTASSICA 50MG 600CPDS REV.;;;;;;;;;;;;;;1.146;SIMPRO_VIG;2025-04-04;20;
SIMPRO;2026-04-12;medicamento;0000132176;12;;TEUTO BRAS;LOSARTANA POTASSICA 50MG 60CPDS;;;;;;;;;;;;;;0.463;SIMPRO_VIG;2025-04-09;20;
SIMPRO;2026-04-12;medicamento;0000154517;12;;RANBAXY;LOSARTANA POTASSICA 50MG 60CPDS REV.;;;;;;;;;;;;;;0.455;SIMPRO_VIG;2019-04-02;20;
SIMPRO;2026-04-12;medicamento;0000160556;12;;EUROFARMA;LOSARTANA POTASSICA 50MG 60CPDS REV.;;;;;;;;;;;;;;0.941;SIMPRO_VIG;2018-04-10;20;
SIMPRO;2026-04-12;medicamento;0000165266;12;;LEGRAND GENERICOS;LOSARTANA POTASSICA 50MG 60CPDS REV.;;;;;;;;;;;;;;0.877;SIMPRO_VIG;2023-04-01;20;
SIMPRO;2026-04-12;medicamento;0000259332;12;;AUROBINDO;LOSARTANA POTASSICA 50MG 60CPDS REV.;;;;;;;;;;;;;;0.931;SIMPRO_VIG;2019-04-02;20;
SIMPRO;2026-04-12;medicamento;0000294609;12;;PRATI-DONADUZZI;LOSARTANA POTASSICA 50MG 60CPDS REV.;;;;;;;;;;;;;;0.345;SIMPRO_VIG;2025-04-04;20;
SIMPRO;2026-04-12;medicamento;0000131423;12;;TEUTO BRAS;LOSARTANA POTASSICA 50MG 75CPDS;;;;;;;;;;;;;;1.489;SIMPRO_VIG;2023-08-15;20;
SIMPRO;2026-04-12;medicamento;0000294610;12;;PRATI-DONADUZZI;LOSARTANA POTASSICA 50MG 900CPDS REV.(EMB.HOSP.);;;;;;;;;;;;;;0.53;SIMPRO_VIG;2018-01-09;20;
SIMPRO;2026-04-12;medicamento;0000259333;12;;AUROBINDO;LOSARTANA POTASSICA 50MG 90CPDS REV.(EMB.HOSP.);;;;;;;;;;;;;;0.674;SIMPRO_VIG;2019-04-02;20;
SIMPRO;2026-04-12;medicamento;0000296972;12;;PRATI-DONADUZZI;LOSARTANA POTASSICA 50MG 960CPDS REV.(EMB.HOSP.);;;;;;;;;;;;;;0.794;SIMPRO_VIG;2025-04-04;20;
SIMPRO;2026-04-12;medicamento;0000301926;12;;PRATI-DONADUZZI;LOSARTANA POTASSICA 50MG BL.AL.30CPDS REV.;;;;;;;;;;;;;;0.345;SIMPRO_VIG;2025-04-04;20;
SIMPRO;2026-04-12;medicamento;0000140612;12;;PRATI-DONADUZZI;LOSARTANA POTASSICA 50MG BL.AL.PLAST.30CPDS REV.;;;;;;;;;;;;;;0.345;SIMPRO_VIG;2025-04-04;20;
SIMPRO;2026-04-12;medicamento;0000069862;12;;RANBAXY;LOSARTANA POTASSICA GEN.50MG 14CPDS;;;;;;;;;;;;;;1.027;SIMPRO_VIG;2012-09-24;20;
SIMPRO;2026-04-12;medicamento;0000103978;12;;SANDOZ;LOSARTANA POTASSICA GEN.50MG 14CPDS;;;;;;;;;;;;;;1.438;SIMPRO_VIG;2008-04-04;20;
SIMPRO;2026-04-12;medicamento;0000089447;12;;NOVA QUIMICA GEN;LOSARTANA POTASSICA GEN.50MG 14CPDS REV.;;;;;;;;;;;;;;1.192;SIMPRO_VIG;2014-04-01;20;
SIMPRO;2026-04-12;medicamento;0000099843;12;;FARMASA;LOSARTANA POTASSICA GEN.50MG 15CPDS;;;;;;;;;;;;;;1.015;SIMPRO_VIG;2010-04-01;20;
SIMPRO;2026-04-12;medicamento;0000084213;12;;CRISTALIA;LOSARTANA POTASSICA GEN.50MG 20CPDS;;;;;;;;;;;;;;2.266;SIMPRO_VIG;2012-04-02;20;
SIMPRO;2026-04-12;medicamento;0000103979;12;;SANDOZ;LOSARTANA POTASSICA GEN.50MG 28CPDS;;;;;;;;;;;;;;1.696;SIMPRO_VIG;2012-05-01;20;
SIMPRO;2026-04-12;medicamento;0000076604;12;;BIOSINTETICA;LOSARTANA POTASSICA GEN.50MG 28CPDS REV.;;;;;;;;;;;;;;0.994;SIMPRO_VIG;2013-04-03;20;
SIMPRO;2026-04-12;medicamento;0000069863;12;;RANBAXY;LOSARTANA POTASSICA GEN.50MG 2X14CPDS;;;;;;;;;;;;;;0;SIMPRO_VIG;2009-06-19;20;
SIMPRO;2026-04-12;medicamento;0000099844;12;;FARMASA;LOSARTANA POTASSICA GEN.50MG 30CPDS;;;;;;;;;;;;;;1.014;SIMPRO_VIG;2010-04-01;20;
SIMPRO;2026-04-12;medicamento;0000171795;12;;NOVA QUIMICA GEN;LOSARTANA POTASSICA GEN.50MG 3BLX10CPDS REV.;;;;;;;;;;;;;;1.412;SIMPRO_VIG;2017-04-01;20;
SIMPRO;2026-04-12;medicamento;0000127942;12;;EUROFARMA;LOSARTANA POTASSICA+HIDROCLOROTIAZIDA 100+25MG 30CPDS;;;;;;;;;;;;;;3.778;SIMPRO_VIG;2025-04-04;20;
SIMPRO;2026-04-12;medicamento;0000142269;12;;SANOFI MEDLEY;LOSARTANA POTASSICA+HIDROCLOROTIAZIDA 100+25MG 30CPDS;;;;;;;;;;;;;;3.776;SIMPRO_VIG;2025-04-01;20;
SIMPRO;2026-04-12;medicamento;0000098314;12;;LEGRAND GENERICOS;LOSARTANA POTASSICA+HIDROCLOROTIAZIDA 100+25MG 30CPDS REV.;;;;;;;;;;;;;;3.731;SIMPRO_VIG;2025-04-04;20;
SIMPRO;2026-04-12;medicamento;0000098432;12;;GERMED GENERICOS;LOSARTANA POTASSICA+HIDROCLOROTIAZIDA 100+25MG 30CPDS REV.;;;;;;;;;;;;;;4.095;SIMPRO_VIG;2025-04-04;20;
SIMPRO;2026-04-12;medicamento;0000098497;12;;EMS GENERICOS;LOSARTANA POTASSICA+HIDROCLOROTIAZIDA 100+25MG 30CPDS REV.;;;;;;;;;;;;;;3.778;SIMPRO_VIG;2025-04-04;20;
SIMPRO;2026-04-12;medicamento;0000303920;12;;BIOLAB GENERICOS;LOSARTANA POTASSICA+HIDROCLOROTIAZIDA 100+25MG 30CPDS REV.;;;;;;;;;;;;;;2.84;SIMPRO_VIG;2025-04-09;20;
SIMPRO;2026-04-12;medicamento;0000311903;12;;ACHE;LOSARTANA POTASSICA+HIDROCLOROTIAZIDA 100+25MG 30CPDS REV.;;;;;;;;;;;;;;2.703;SIMPRO_VIG;2024-04-09;20;
SIMPRO;2026-04-12;medicamento;0000142271;12;;SANOFI MEDLEY;LOSARTANA POTASSICA+HIDROCLOROTIAZIDA 100+25MG 60CPDS;;;;;;;;;;;;;;3.776;SIMPRO_VIG;2025-04-01;20;
SIMPRO;2026-04-12;medicamento;0000253732;12;;LEGRAND GENERICOS;LOSARTANA POTASSICA+HIDROCLOROTIAZIDA 100+25MG 60CPDS REV.;;;;;;;;;;;;;;1.883;SIMPRO_VIG;2019-04-02;20;
SIMPRO;2026-04-12;medicamento;0000098313;12;;LEGRAND GENERICOS;LOSARTANA POTASSICA+HIDROCLOROTIAZIDA 50+12,5MG 30CPDS;;;;;;;;;;;;;;2.263;SIMPRO_VIG;2025-04-04;20;
SIMPRO;2026-04-12;medicamento;0000127941;12;;EUROFARMA;LOSARTANA POTASSICA+HIDROCLOROTIAZIDA 50+12,5MG 30CPDS;;;;;;;;;;;;;;2.29;SIMPRO_VIG;2025-04-04;20;
SIMPRO;2026-04-12;medicamento;0000142262;12;;SANOFI MEDLEY;LOSARTANA POTASSICA+HIDROCLOROTIAZIDA 50+12,5MG 30CPDS;;;;;;;;;;;;;;2.289;SIMPRO_VIG;2025-04-01;20;
SIMPRO;2026-04-12;medicamento;0000098494;12;;EMS GENERICOS;LOSARTANA POTASSICA+HIDROCLOROTIAZIDA 50+12,5MG 30CPDS REV.;;;;;;;;;;;;;;2.358;SIMPRO_VIG;2025-04-04;20;
SIMPRO;2026-04-12;medicamento;0000257170;12;;SANDOZ;LOSARTANA POTASSICA+HIDROCLOROTIAZIDA 50+12,5MG 30CPDS REV.;;;;;;;;;;;;;;1.311;SIMPRO_VIG;2022-04-26;20;
SIMPRO;2026-04-12;medicamento;0000303921;12;;BIOLAB GENERICOS;LOSARTANA POTASSICA+HIDROCLOROTIAZIDA 50+12,5MG 30CPDS REV.;;;;;;;;;;;;;;1.722;SIMPRO_VIG;2025-04-09;20;
SIMPRO;2026-04-12;medicamento;0000311904;12;;ACHE;LOSARTANA POTASSICA+HIDROCLOROTIAZIDA 50+12,5MG 30CPDS REV.;;;;;;;;;;;;;;1.722;SIMPRO_VIG;2025-04-04;20;
SIMPRO;2026-04-12;medicamento;0000098430;12;;GERMED GENERICOS;LOSARTANA POTASSICA+HIDROCLOROTIAZIDA 50+12,5MG 30CPDS RV.;;;;;;;;;;;;;;2.503;SIMPRO_VIG;2025-04-04;20;
SIMPRO;2026-04-12;medicamento;0000142266;12;;SANOFI MEDLEY;LOSARTANA POTASSICA+HIDROCLOROTIAZIDA 50+12,5MG 60CPDS;;;;;;;;;;;;;;2.29;SIMPRO_VIG;2025-04-01;20;
SIMPRO;2026-04-12;medicamento;0000253731;12;;LEGRAND GENERICOS;LOSARTANA POTASSICA+HIDROCLOROTIAZIDA 50+12,5MG 60CPDS REV.;;;;;;;;;;;;;;1.214;SIMPRO_VIG;2021-04-06;20;
SIMPRO;2026-04-12;medicamento;0000286361;12;;BIOSINTETICA;LOSARTANA POTASSICA/HIDROCLOROTIAZIDA 100+12,5MG 30CPDS REV.;;;;;;;;;;;;;;2.037;SIMPRO_VIG;2020-06-23;20;
SIMPRO;2026-04-12;medicamento;0000286360;12;;BIOSINTETICA;LOSARTANA POTASSICA/HIDROCLOROTIAZIDA 50+12,5MG 30CPDS REV.;;;;;;;;;;;;;;1.235;SIMPRO_VIG;2020-06-23;20;
SIMPRO;2026-04-12;medicamento;0000313266;12;;PRATI-DONADUZZI;LOSARTANA+HIDROCLOROTIAZIDA 100+25MG 30CPDS REV.;;;;;;;;;;;;;;2.803;SIMPRO_VIG;2025-04-04;20;
SIMPRO;2026-04-12;medicamento;0000313267;12;;PRATI-DONADUZZI;LOSARTANA+HIDROCLOROTIAZIDA 100+25MG 60CPDS REV.;;;;;;;;;;;;;;2.663;SIMPRO_VIG;2025-04-04;20;
SIMPRO;2026-04-12;medicamento;0000313268;12;;PRATI-DONADUZZI;LOSARTANA+HIDROCLOROTIAZIDA 50+12,5MG 30CPDS REV.;;;;;;;;;;;;;;1.246;SIMPRO_VIG;2021-04-06;20;
SIMPRO;2026-04-12;medicamento;0000313269;12;;PRATI-DONADUZZI;LOSARTANA+HIDROCLOROTIAZIDA 50+12,5MG 60CPDS REV.;;;;;;;;;;;;;;1.184;SIMPRO_VIG;2021-04-06;20;
SIMPRO;2026-04-12;medicamento;0000038796;12;;MARJAN;LOSARTEC 25MG 10CPDS REV.;;;;;;;;;;;;;;2.423;SIMPRO_VIG;2017-04-07;20;
SIMPRO;2026-04-12;medicamento;0000038797;12;;MARJAN;LOSARTEC 25MG 30CPDS REV.;;;;;;;;;;;;;;2.523;SIMPRO_VIG;2023-05-05;20;
SIMPRO;2026-04-12;medicamento;0000296889;12;;MARJAN;LOSARTEC 25MG PLAST.TRANSP.10CPDS REV.;;;;;;;;;;;;;;3.202;SIMPRO_VIG;2023-05-05;20;
SIMPRO;2026-04-12;medicamento;0000038798;12;;MARJAN;LOSARTEC 50MG 10CPDS REV.;;;;;;;;;;;;;;3.067;SIMPRO_VIG;2014-04-01;20;
SIMPRO;2026-04-12;medicamento;0000038799;12;;MARJAN;LOSARTEC 50MG 30CPDS REV.;;;;;;;;;;;;;;2.335;SIMPRO_VIG;2014-04-01;20;
SIMPRO;2026-04-12;medicamento;0000143244;12;;MERCK S.A;LOSARTION 50MG 10CPDS REV.;;;;;;;;;;;;;;0.841;SIMPRO_VIG;2018-08-21;20;
SIMPRO;2026-04-12;medicamento;0000104319;12;;MERCK S.A;LOSARTION 50MG 30CPDS REV;;;;;;;;;;;;;;0.841;SIMPRO_VIG;2018-08-21;20;
SIMPRO;2026-04-12;medicamento;0000026821;12;;BIOPAS BRASIL;LOSEC MUPS 10MG 14CPDS REV.;;;;;;;;;;;;;;11.05;SIMPRO_VIG;2025-04-04;20;
SIMPRO;2026-04-12;medicamento;0000258944;12;;BIOPAS BRASIL;LOSEC MUPS 10MG 28CPDS REV.;;;;;;;;;;;;;;11.048;SIMPRO_VIG;2025-04-04;20;
SIMPRO;2026-04-12;medicamento;0000026820;12;;BIOPAS BRASIL;LOSEC MUPS 20MG 14CPDS REV.;;;;;;;;;;;;;;18.892;SIMPRO_VIG;2025-04-04;20;
SIMPRO;2026-04-12;medicamento;0000258945;12;;BIOPAS BRASIL;LOSEC MUPS 20MG 28CPDS REV.;;;;;;;;;;;;;;18.893;SIMPRO_VIG;2025-04-04;20;
SIMPRO;2026-04-12;medicamento;0000026819;12;;ASTRAZENECA;LOSEC MUPS 20MG 7CPDS;;;;;;;;;;;;;;18.521;SIMPRO_VIG;2022-04-05;20;
SIMPRO;2026-04-12;medicamento;0000026822;12;;ASTRAZENECA;LOSEC MUPS 40MG 7CPDS;;;;;;;;;;;;;;32.59;SIMPRO_VIG;2022-04-05;20;
SIMPRO;2026-04-12;medicamento;0000111288;12;;TEUTO BRAS;LOSPORIN 1G 1FA;;;;;;;;;;;;;;0;SIMPRO_VIG;2009-08-18;20;
SIMPRO;2026-04-12;medicamento;0000308779;12;;TEUTO BRAS;LOTANOL 100MG 30CPDS REV.;;;;;;;;;;;;;;2.015;SIMPRO_VIG;2020-05-01;20;
SIMPRO;2026-04-12;medicamento;0000140265;12;;TEUTO BRAS;LOTANOL 50MG 30CPDS;;;;;;;;;;;;;;0.256;SIMPRO_VIG;2019-09-17;20;
SIMPRO;2026-04-12;medicamento;0000266611;12;;TEUTO BRAS;LOTANOL 50MG 30CPDS REV.;;;;;;;;;;;;;;0.908;SIMPRO_VIG;2023-11-01;20;
SIMPRO;2026-04-12;medicamento;0000140266;12;;TEUTO BRAS;LOTANOL 50MG 60CPDS;;;;;;;;;;;;;;0.238;SIMPRO_VIG;2018-04-10;20;
SIMPRO;2026-04-12;medicamento;0000266612;12;;TEUTO BRAS;LOTANOL 50MG 60CPDS REV.;;;;;;;;;;;;;;0.243;SIMPRO_VIG;2021-04-13;20;
SIMPRO;2026-04-12;medicamento;0000082405;12;;BIOSINTETICA;LOTAR 2,5+50MG 30CAPS;;;;;;;;;;;;;;1.893;SIMPRO_VIG;2020-06-23;20;
SIMPRO;2026-04-12;medicamento;0000308457;12;;ACHE;LOTAR 2,5+50MG 30CAPS GEL.DURA;;;;;;;;;;;;;;2.9;SIMPRO_VIG;2026-01-01;20;
SIMPRO;2026-04-12;medicamento;0000144966;12;;BIOSINTETICA;LOTAR 2,5+50MG 7CAPS;;;;;;;;;;;;;;2.979;SIMPRO_VIG;2020-06-23;20;
SIMPRO;2026-04-12;medicamento;0000308462;12;;ACHE;LOTAR 2,5+50MG 7CAPS GEL.DURA;;;;;;;;;;;;;;5.317;SIMPRO_VIG;2024-02-01;20;
SIMPRO;2026-04-12;medicamento;0000082406;12;;BIOSINTETICA;LOTAR 5+100MG 30CAPS;;;;;;;;;;;;;;2.051;SIMPRO_VIG;2020-06-23;20;
SIMPRO;2026-04-12;medicamento;0000308458;12;;ACHE;LOTAR 5+100MG 30CAPS GEL.DURA;;;;;;;;;;;;;;3.052;SIMPRO_VIG;2026-01-01;20;
SIMPRO;2026-04-12;medicamento;0000144964;12;;BIOSINTETICA;LOTAR 5+100MG 7CAPS;;;;;;;;;;;;;;3.453;SIMPRO_VIG;2020-06-23;20;
SIMPRO;2026-04-12;medicamento;0000308460;12;;ACHE;LOTAR 5+100MG 7CAPS GEL.DURA;;;;;;;;;;;;;;6.161;SIMPRO_VIG;2024-02-01;20;
SIMPRO;2026-04-12;medicamento;0000129242;12;;BIOSINTETICA;LOTAR 5+50MG 30CAPS;;;;;;;;;;;;;;1.893;SIMPRO_VIG;2020-06-23;20;
SIMPRO;2026-04-12;medicamento;0000308459;12;;ACHE;LOTAR 5+50MG 30CAPS GEL.DURA;;;;;;;;;;;;;;2.9;SIMPRO_VIG;2026-01-01;20;
SIMPRO;2026-04-12;medicamento;0000144965;12;;BIOSINTETICA;LOTAR 5+50MG 7CAPS;;;;;;;;;;;;;;3.101;SIMPRO_VIG;2020-06-23;20;
SIMPRO;2026-04-12;medicamento;0000308461;12;;ACHE;LOTAR 5+50MG 7CAPS GEL.DURA;;;;;;;;;;;;;;5.531;SIMPRO_VIG;2024-02-01;20;
SIMPRO;2026-04-12;medicamento;0000067486;12;;BAUSCH+LOMB;LOTEPROL 5MG/ML SUSP.OFT.5ML;;;;;;;;;;;;;;90.69;SIMPRO_VIG;2025-04-01;20;
SIMPRO;2026-04-12;medicamento;0000083896;12;;SANDOZ;LOVASTATINA 10MG 30CPDS;;;;;;;;;;;;;;1.274;SIMPRO_VIG;2019-06-25;20;
SIMPRO;2026-04-12;medicamento;0000083897;12;;SANDOZ;LOVASTATINA 20MG 30CPDS;;;;;;;;;;;;;;2.794;SIMPRO_VIG;2020-06-30;20;
SIMPRO;2026-04-12;medicamento;0000094090;12;;SANDOZ;LOVASTATINA 40MG 10CPDS;;;;;;;;;;;;;;5.082;SIMPRO_VIG;2020-06-30;20;
SIMPRO;2026-04-12;medicamento;0000089451;12;;NOVA QUIMICA;LOVASTATINA GEN.20MG 3X10CPDS;;;;;;;;;;;;;;1.806;SIMPRO_VIG;2009-06-23;20;
SIMPRO;2026-04-12;medicamento;0000080772;12;;HERALD'S;LOVASTEROL 20MG 30CPDS;;;;;;;;;;;;;;2.023;SIMPRO_VIG;2011-04-01;20;
SIMPRO;2026-04-12;medicamento;0000037240;12;;ROYTON;LOVATON 20MG 10CPDS;;;;;;;;;;;;;;1.011;SIMPRO_VIG;2026-03-31;20;
SIMPRO;2026-04-12;medicamento;0000037241;12;;ROYTON;LOVATON 20MG 30CPDS;;;;;;;;;;;;;;0.919;SIMPRO_VIG;2026-03-31;20;
SIMPRO;2026-04-12;medicamento;0000084645;12;;ASPEN;LOVAX 10MG 30CPDS;;;;;;;;;;;;;;1.095;SIMPRO_VIG;2010-04-01;20;
SIMPRO;2026-04-12;medicamento;0000084646;12;;ASPEN;LOVAX 20MG 30CPDS;;;;;;;;;;;;;;1.161;SIMPRO_VIG;2011-04-01;20;
SIMPRO;2026-04-12;medicamento;0000026045;12;;BIOLAB SANUS;LOVELLE 0,25+0,05MG 21CPDS REV.;;;;;;;;;;;;;;1.371;SIMPRO_VIG;2025-04-09;20;
SIMPRO;2026-04-12;medicamento;0000159667;12;;NEO QUIMICA;LOXAM 15MG 10CPDS;;;;;;;;;;;;;;4.359;SIMPRO_VIG;2025-04-09;20;
SIMPRO;2026-04-12;medicamento;0000015345;12;;NEO QUIMICA;LOXAM 7,5MG 10CPDS;;;;;;;;;;;;;;2.721;SIMPRO_VIG;2026-03-31;20;
SIMPRO;2026-04-12;medicamento;0000017867;12;;FARMASA;LOXIFLAN 15MG 10CPDS;;;;;;;;;;;;;;0;SIMPRO_VIG;2009-09-29;20;
SIMPRO;2026-04-12;medicamento;0000136554;12;;DAIICHI SANKYO;LOXONIN 60MG 15CPDS BL.AL/AL;;;;;;;;;;;;;;2.829;SIMPRO_VIG;2025-04-01;20;
SIMPRO;2026-04-12;medicamento;0000046772;12;;D.SANKYO;LOXONIN 60MG 15CPDS BL.AL/PLAS;;;;;;;;;;;;;;1.175;SIMPRO_VIG;2011-04-01;20;
SIMPRO;2026-04-12;medicamento;0000136555;12;;DAIICHI SANKYO;LOXONIN 60MG 30CPDS BL.AL/AL;;;;;;;;;;;;;;2.685;SIMPRO_VIG;2025-04-01;20;
SIMPRO;2026-04-12;medicamento;0000023674;12;;D.SANKYO;LOXONIN 60MG 30CPDS BL.AL/PLAS;;;;;;;;;;;;;;1.113;SIMPRO_VIG;2011-04-01;20;
SIMPRO;2026-04-12;medicamento;0000156481;12;;DAIICHI SANKYO;LOXONIN 60MG 8CPDS;;;;;;;;;;;;;;2.685;SIMPRO_VIG;2025-04-01;20;
SIMPRO;2026-04-12;medicamento;0000304022;12;;TEUTO BRAS;LOZAN 200MG BL.AL.10CPDS;;;;;;;;;;;;;;3.583;SIMPRO_VIG;2025-04-09;20;
SIMPRO;2026-04-12;medicamento;0000304023;12;;TEUTO BRAS;LOZAN 200MG BL.AL.30CPDS;;;;;;;;;;;;;;2.183;SIMPRO_VIG;2025-04-09;20;
SIMPRO;2026-04-12;medicamento;0000088539;12;;NEO QUIMICA;LOZIL 900MG 12CPDS REV.;;;;;;;;;;;;;;4.861;SIMPRO_VIG;2026-03-31;20;
SIMPRO;2026-04-12;medicamento;0000084644;12;;ASPEN;LOZIX 20MG 14CAPS;;;;;;;;;;;;;;1.906;SIMPRO_VIG;2014-04-08;20;
SIMPRO;2026-04-12;medicamento;0000106592;12;;ASPEN;LOZIX 20MG 28CAPS;;;;;;;;;;;;;;1.905;SIMPRO_VIG;2011-04-01;20;
SIMPRO;2026-04-12;medicamento;0000061761;12;;DANONE NUTRICAO ESP;LP DRINK-LPD 400GRS;;;;;;;;;;;;;;0.303;SIMPRO_VIG;2011-08-29;20;
SIMPRO;2026-04-12;medicamento;0000119615;12;;FBM;LUBRI-INTIMUS 5ML;;;;;;;;;;;;;;0.14;SIMPRO_VIG;2007-07-16;20;
SIMPRO;2026-04-12;medicamento;0000301236;12;;MANTECORP FARMASA;LUBRINAT 30G+10APL.;;;;;;;;;;;;;;12.309;SIMPRO_VIG;2025-04-09;20;
SIMPRO;2026-04-12;medicamento;0000310545;12;;NOVARTIS;LUCENTIS 10MG/ML SOL.INJ.0,165ML+SER.PREENC.;;;;;;;;;;;;;;7360.05;SIMPRO_VIG;2024-04-02;20;
SIMPRO;2026-04-12;medicamento;0000303672;12;;NOVARTIS;LUCENTIS 10MG/ML SOL.INJ.0,23ML+AG.C/FILTRO;;;;;;;;;;;;;;7706.87;SIMPRO_VIG;2026-04-01;20;
SIMPRO;2026-04-12;medicamento;0000144203;12;;NOVARTIS;LUCENTIS 10MG/ML SOL.INJ.0,23ML+SER.C/FILTRO;;;;;;;;;;;;;;5885.66;SIMPRO_VIG;2024-04-02;20;
SIMPRO;2026-04-12;medicamento;0000139844;12;;NOVARTIS;LUCENTIS SOL.0,3ML;;;;;;;;;;;;;;5207.92;SIMPRO_VIG;2010-03-31;20;
SIMPRO;2026-04-12;medicamento;0000117154;12;;FARMASA;LUCRETEEN SAB.LIQ.200ML;;;;;;;;;;;;;;0.086;SIMPRO_VIG;2011-04-01;20;
SIMPRO;2026-04-12;medicamento;0000020042;12;;MANTECORP FARMASA;LUCRETIN PO 20ENV 4GRS;;;;;;;;;;;;;;1.553;SIMPRO_VIG;2020-04-07;20;
SIMPRO;2026-04-12;medicamento;0000097898;12;;FARMASA;LUCRETIN SAB.LIQ.INF.200ML;;;;;;;;;;;;;;0.086;SIMPRO_VIG;2011-04-01;20;
SIMPRO;2026-04-12;medicamento;0000097899;12;;FARMASA;LUCRETIN SAB.LIQ.MULHER 200ML;;;;;;;;;;;;;;0.086;SIMPRO_VIG;2011-04-01;20;
SIMPRO;2026-04-12;medicamento;0000022390;12;;BRISTOL;LUFTAL GTS.15ML;;;;;;;;;;;;;;1.097;SIMPRO_VIG;2013-04-01;20;
SIMPRO;2026-04-12;medicamento;0000037835;12;;BRISTOL;LUFTAL MAX 125MG 10CAPS GEL;;;;;;;;;;;;;;1.7;SIMPRO_VIG;2013-04-01;20;
SIMPRO;2026-04-12;medicamento;0000067629;12;;BRISTOL;LUFTAL MAX 125MG 10CAPS MASTIG.;;;;;;;;;;;;;;2.011;SIMPRO_VIG;2013-04-01;20;
SIMPRO;2026-04-12;medicamento;0000054973;12;;BRISTOL;LUFTAL MAX 125MG 20X4CAPS GEL;;;;;;;;;;;;;;0;SIMPRO_VIG;2009-05-27;20;
SIMPRO;2026-04-12;medicamento;0000127817;12;;BRISTOL;LUFTAL MAX 125MG 4X10CAPS GEL;;;;;;;;;;;;;;1.612;SIMPRO_VIG;2009-07-06;20;
SIMPRO;2026-04-12;medicamento;0000127816;12;;BRISTOL;LUFTAL MAX 125MG 8X10CAPS GEL;;;;;;;;;;;;;;0;SIMPRO_VIG;2010-04-01;20;
SIMPRO;2026-04-12;medicamento;0000282125;12;;EUROFARMA;LUGANO 12+250MCG 60CAPS GEL.DURA C/PO P/INAL.;;;;;;;;;;;;;;103.45;SIMPRO_VIG;2025-04-04;20;
SIMPRO;2026-04-12;medicamento;0000282126;12;;EUROFARMA;LUGANO 12+250MCG 60CAPS GEL.DURA C/PO P/INAL.+INAL.;;;;;;;;;;;;;;130.58;SIMPRO_VIG;2025-04-04;20;
SIMPRO;2026-04-12;medicamento;0000282124;12;;EUROFARMA;LUGANO 12+250MCG 8CAPS GEL.DURA C/PO P/INAL.;;;;;;;;;;;;;;19.89;SIMPRO_VIG;2025-04-04;20;
SIMPRO;2026-04-12;medicamento;0000248614;12;;MULTILAB;LUMIDERM 40MG/G CRM.30G;;;;;;;;;;;;;;2.017;SIMPRO_VIG;2025-04-04;20;
SIMPRO;2026-04-12;medicamento;0000246299;12;;MULTILAB;LUMIDERM 40MG/G GEL 30G;;;;;;;;;;;;;;58.39;SIMPRO_VIG;2025-04-04;20;
SIMPRO;2026-04-12;medicamento;0000041486;12;;ALLERGAN;LUMIGAN 0,3MG/ML SOL.OFT.3ML;;;;;;;;;;;;;;203.47;SIMPRO_VIG;2025-04-15;20;
SIMPRO;2026-04-12;medicamento;0000118530;12;;ALLERGAN;LUMIGAN 0,3MG/ML SOL.OFT.5ML;;;;;;;;;;;;;;305.24;SIMPRO_VIG;2025-04-04;20;
SIMPRO;2026-04-12;medicamento;0000153638;12;;ALLERGAN;LUMIGAN RC 0,1MG/ML SOL.OFT.3ML;;;;;;;;;;;;;;164.34;SIMPRO_VIG;2025-04-04;20;
SIMPRO;2026-04-12;medicamento;0000162004;12;;ALLERGAN;LUMIGAN RC 0,1MG/ML SOL.OFT.5ML;;;;;;;;;;;;;;273.83;SIMPRO_VIG;2025-04-15;20;
SIMPRO;2026-04-12;medicamento;0000297262;12;;SANDOZ;LUMIRATE 10MG 30CPDS REV.;;;;;;;;;;;;;;2.095;SIMPRO_VIG;2022-04-26;20;
SIMPRO;2026-04-12;medicamento;0000297263;12;;SANDOZ;LUMIRATE 20MG 30CPDS REV.;;;;;;;;;;;;;;2.095;SIMPRO_VIG;2022-04-26;20;
SIMPRO;2026-04-12;medicamento;0000043366;12;;GUERBET;LUMIREM 3FR 300ML;;;;;;;;;;;;;;66.4;SIMPRO_VIG;2014-04-08;20;
SIMPRO;2026-04-12;medicamento;0000304707;12;;MANTECORP FARMASA;LUNE 10MG 20CPDS REV.;;;;;;;;;;;;;;2.731;SIMPRO_VIG;2023-03-16;20;
SIMPRO;2026-04-12;medicamento;0000318418;12;;MANTECORP FARMASA;LUNE SL 5MG 30CPDS;;;;;;;;;;;;;;2.746;SIMPRO_VIG;2025-04-09;20;
SIMPRO;2026-04-12;medicamento;0000017706;12;;ABBVIE;LUPRON DEPOT 11,25MG PO LIOF.SUSP.INJ.FA+SOL.DIL.AMP.2ML+SER+2AG+2SACH.ALCOOL;;;;;;;;;;;;;;3541.72;SIMPRO_VIG;2025-04-15;20;
SIMPRO;2026-04-12;medicamento;0000020134;12;;ABBVIE;LUPRON DEPOT 22,5MG PO LIOF.1FA+DIL.+SER.+2AG.;;;;;;;;;;;;;;4213.77;SIMPRO_VIG;2015-04-01;20;
SIMPRO;2026-04-12;medicamento;0000020117;12;;ABBVIE;LUPRON DEPOT 3,75MG PO LIOF.SUSP.INJ.FA+SOL.DIL.AMP.2ML+SER.+2AG.+2SACH.ALCOOL;;;;;;;;;;;;;;1097.09;SIMPRO_VIG;2025-04-04;20;
SIMPRO;2026-04-12;medicamento;0000020043;12;;ABBVIE;LUPRON DEPOT 5MG/ML SOL.INJ.1FA 2,8ML+14SER.;;;;;;;;;;;;;;466.282;SIMPRO_VIG;2025-04-15;20;
SIMPRO;2026-04-12;medicamento;0000020246;12;;ABBVIE;LUPRON DEPOT 7,5MG PO LIOF.FA+DIL.+SER.2AG.;;;;;;;;;;;;;;2227.72;SIMPRO_VIG;2019-04-09;20;
SIMPRO;2026-04-12;medicamento;0000142111;12;;OPHTHALMOS;LUT-10 LUTEINA 10MG 30CAPS;;;;;;;;;;;;;;2.067;SIMPRO_VIG;2016-06-14;20;
SIMPRO;2026-04-12;medicamento;0000275293;12;;OPHTHALMOS;LUT-10 LUTEINA 10MG 60CAPS;;;;;;;;;;;;;;1.875;SIMPRO_VIG;2022-04-12;20;
SIMPRO;2026-04-12;medicamento;0000318487;12;;ACHE;LUTAB 20MG 30CPDS REV.;;;;;;;;;;;;;;7.359;SIMPRO_VIG;2025-04-04;20;
SIMPRO;2026-04-12;medicamento;0000318486;12;;ACHE;LUTAB 20MG 7CPDS REV.;;;;;;;;;;;;;;7.043;SIMPRO_VIG;2025-04-04;20;
SIMPRO;2026-04-12;medicamento;0000318488;12;;ACHE;LUTAB 40MG 30CPDS REV.;;;;;;;;;;;;;;14.717;SIMPRO_VIG;2025-04-04;20;
SIMPRO;2026-04-12;medicamento;0000318485;12;;ACHE;LUTAB 40MG 7CPDS REV.;;;;;;;;;;;;;;14.08;SIMPRO_VIG;2025-04-04;20;
SIMPRO;2026-04-12;medicamento;0000318489;12;;ACHE;LUTAB 80MG 30CPDS REV.;;;;;;;;;;;;;;17.276;SIMPRO_VIG;2025-04-04;20;
SIMPRO;2026-04-12;medicamento;0000318484;12;;ACHE;LUTAB 80MG 7CPDS REV.;;;;;;;;;;;;;;16.527;SIMPRO_VIG;2025-04-04;20;
SIMPRO;2026-04-12;medicamento;0000289807;12;;ACHE;LUTICS 2MG BL.PVDC 30CPDS;;;;;;;;;;;;;;1.203;SIMPRO_VIG;2025-04-04;20;
SIMPRO;2026-04-12;medicamento;0000304017;12;;ACHE;LUTICS 4MG BL.30CPDS;;;;;;;;;;;;;;2.146;SIMPRO_VIG;2025-04-04;20;
SIMPRO;2026-04-12;medicamento;0000059755;12;;MERCK S.A;LUVERIS 75UI PO LIOFILIZADO 1FA+DIL;;;;;;;;;;;;;;224.62;SIMPRO_VIG;2022-04-05;20;
SIMPRO;2026-04-12;medicamento;0000305644;12;;UNIAO QUIMICA;LUVIS S 30CAPS GEL.MOLE;;;;;;;;;;;;;;3.078;SIMPRO_VIG;2026-01-15;20;
SIMPRO;2026-04-12;medicamento;0000305645;12;;UNIAO QUIMICA;LUVIS S 60CAPS GEL.MOLE;;;;;;;;;;;;;;2.434;SIMPRO_VIG;2026-01-15;20;
SIMPRO;2026-04-12;medicamento;0000094069;12;;ABBOTT SAUDE;LUVOX 100MG 15CPDS REV.;;;;;;;;;;;;;;6.276;SIMPRO_VIG;2026-03-31;20;
SIMPRO;2026-04-12;medicamento;0000094070;12;;ABBOTT;LUVOX 100MG 30CPDS REV.;;;;;;;;;;;;;;6.267;SIMPRO_VIG;2015-04-01;20;
SIMPRO;2026-04-12;medicamento;0000268776;12;;ABBOTT;LUVOX 100MG 30CPDSREV.;;;;;;;;;;;;;;5.099;SIMPRO_VIG;2017-02-22;20;
SIMPRO;2026-04-12;medicamento;0000165825;12;;ABBOTT;LUVOX 50MG 15CPDS;;;;;;;;;;;;;;2.647;SIMPRO_VIG;2017-02-22;20;
SIMPRO;2026-04-12;medicamento;0000165826;12;;ABBOTT;LUVOX 50MG 30CPDS;;;;;;;;;;;;;;3.255;SIMPRO_VIG;2015-04-01;20;
SIMPRO;2026-04-12;medicamento;0000268777;12;;ABBOTT;LUVOX 50MG 30CPDS REV.;;;;;;;;;;;;;;2.649;SIMPRO_VIG;2017-02-22;20;
SIMPRO;2026-04-12;medicamento;0000165824;12;;ABBOTT;LUVOX 50MG 8CPDS;;;;;;;;;;;;;;2.646;SIMPRO_VIG;2017-02-22;20;
SIMPRO;2026-04-12;medicamento;0000252722;12;;MANTECORP FARMASA;LYDIAN 2+0,35MG 21CPDS REV.;;;;;;;;;;;;;;33.66;SIMPRO_VIG;2023-04-03;20;
SIMPRO;2026-04-12;medicamento;0000252723;12;;MANTECORP FARMASA;LYDIAN 2+0,35MG 63CPDS REV.;;;;;;;;;;;;;;71.24;SIMPRO_VIG;2023-04-03;20;
SIMPRO;2026-04-12;medicamento;0000257118;12;;SANDOZ;LYLLAS 3,00+0,03MG 21CPDS REV.;;;;;;;;;;;;;;2.626;SIMPRO_VIG;2022-04-26;20;
SIMPRO;2026-04-12;medicamento;0000093420;12;;ATIVUS;LYMIUM 30CPDS REV.;;;;;;;;;;;;;;0;SIMPRO_VIG;2009-07-03;20;
SIMPRO;2026-04-12;medicamento;0000292612;12;;HEEL;LYMPHOMYOSOT 50CPDS SUB-LINGUAL;;;;;;;;;;;;;;1.579;SIMPRO_VIG;2025-04-01;20;
SIMPRO;2026-04-12;medicamento;0000292613;12;;HEEL;LYMPHOMYOSOT GTS.30ML;;;;;;;;;;;;;;2.886;SIMPRO_VIG;2025-04-01;20;
SIMPRO;2026-04-12;medicamento;0000305389;12;;CRISTALIA;LYNOZ 2MG/ML SOL.INFUS.IV 10BOL.SIST.FECH.300ML;;;;;;;;;;;;;;451.595;SIMPRO_VIG;2025-05-01;20;
SIMPRO;2026-04-12;medicamento;0000305388;12;;CRISTALIA;LYNOZ 2MG/ML SOL.INFUS.IV BOL.SIST.FECH.300ML;;;;;;;;;;;;;;434.94;SIMPRO_VIG;2024-04-05;20;
SIMPRO;2026-04-12;medicamento;0000306130;12;;ASTRAZENECA;LYNPARZA 100MG 56CPDS REV.;;;;;;;;;;;;;;440.404;SIMPRO_VIG;2025-04-04;20;
SIMPRO;2026-04-12;medicamento;0000306131;12;;ASTRAZENECA;LYNPARZA 150MG 56CPDS REV.;;;;;;;;;;;;;;440.404;SIMPRO_VIG;2025-04-04;20;
SIMPRO;2026-04-12;medicamento;0000285973;12;;ASTRAZENECA;LYNPARZA 50MG 448CAPS GEL.DURA;;;;;;;;;;;;;;88.31;SIMPRO_VIG;2022-04-05;20;
SIMPRO;2026-04-12;medicamento;0000138447;12;;VIATRIS;LYRICA 150MG 28CAPS DURA;;;;;;;;;;;;;;11.961;SIMPRO_VIG;2025-05-20;20;
SIMPRO;2026-04-12;medicamento;0000284445;12;;VIATRIS;LYRICA 25MG 14CAPS DURA;;;;;;;;;;;;;;1.896;SIMPRO_VIG;2025-05-20;20;
SIMPRO;2026-04-12;medicamento;0000138448;12;;VIATRIS;LYRICA 75MG 14CAPS DURA;;;;;;;;;;;;;;7.801;SIMPRO_VIG;2025-04-04;20;
SIMPRO;2026-04-12;medicamento;0000138449;12;;VIATRIS;LYRICA 75MG 28CAPS DURA;;;;;;;;;;;;;;7.8;SIMPRO_VIG;2025-04-04;20;
SIMPRO;2026-04-12;medicamento;0000167269;12;;GLENMARK;LYSTATE 120MG 30CAPS GEL.DURA;;;;;;;;;;;;;;5.612;SIMPRO_VIG;2022-04-12;20;
SIMPRO;2026-04-12;medicamento;0000167270;12;;GLENMARK;LYSTATE 120MG 60CAPS GEL.DURA;;;;;;;;;;;;;;5.113;SIMPRO_VIG;2022-04-12;20;
SIMPRO;2026-04-12;medicamento;0000244980;12;;SANOFI MEDLEY;LYXUMIA 0,05+0,1MG/ML 1FR 3ML+2APLIC.;;;;;;;;;;;;;;169.413;SIMPRO_VIG;2021-04-13;20;
SIMPRO;2026-04-12;medicamento;0000244976;12;;SANOFI MEDLEY;LYXUMIA 0,1MG/ML 1FR 3ML+2APLIC.;;;;;;;;;;;;;;169.413;SIMPRO_VIG;2021-04-13;20;
