fonte;edicao;tipo_item;codigo_fonte;tabela_fonte;chave_fonte;laboratorio;produto;apresentacao;principio_ativo;ean;registro_anvisa;codigo_tuss;ggrem;generico;restrito_hospitalar;qtd_embalagem;pf_total;pmc_total;pf_unit;pmc_unit;preco_ref;tipo_preco;vigencia;tabela87_sugerida;precos_extra
BRASINDICE;1094;material;0000090681;05;893-20864-EFNK;VIEMED;N DERM;Creme gel 100 g;;7896230308930;;;;N;;1;165;0;165;0;;BRAS_PF_PMC;ed. 1066;19;
BRASINDICE;1094;material;0000091945;05;620-28026-FTLL;MEDQUIMICA;NASALFREE;9 mg/mL spray frs. 50 ml;;7896862940126;;;;N;;1;30.17;0;30.17;0;;BRAS_PF_PMC;ed. 1092;19;
BRASINDICE;1094;material;0000091946;05;620-28027-FTLM;MEDQUIMICA;NASALFREE ALTO VOLUME;0,9% po + aplic.;;7896862993351;;;;N;;1;82.71;0;82.71;0;;BRAS_PF_PMC;ed. 1092;19;
BRASINDICE;1094;material;0000091947;05;620-28027-FTLN;MEDQUIMICA;NASALFREE ALTO VOLUME;0,9% po refil;;7896862993368;;;;N;;1;68.93;0;68.93;0;;BRAS_PF_PMC;ed. 1092;19;
BRASINDICE;1094;material;0000080255;05;703-25282-FTQG;MYRALIS;NASOAR (NOTIF.SIMPLIF.);2,106 g gran. sol. ct. 30 env. refil.;;7898430193477;;;;N;;30;41.8;0;1.39;0;;BRAS_PF_PMC;ed. 1091;19;
BRASINDICE;1094;material;0000087924;05;703-25282-FTQI;MYRALIS;NASOAR (NOTIF.SIMPLIF.);2,106 g gran. sol. ct. 15 env. + fr. or.;;7898430192586;;;;N;;15;30.38;0;2.03;0;;BRAS_PF_PMC;ed. 1091;19;
BRASINDICE;1094;material;0000088503;05;703-25282-FTQF;MYRALIS;NASOAR (NOTIF.SIMPLIF.);2,106 g gran. sol. ct. 30 env. or. + fr.;;7898430193484;;;;N;;30;45.6;0;1.52;0;;BRAS_PF_PMC;ed. 1091;19;
BRASINDICE;1094;material;0000086843;05;703-26719-FMYH;MYRALIS;NASOAR INFANTIL (NOTIF.SIMPLIF.);1,08 g sol. 15 env. or. x fr.;;7898430194290;;;;N;;15;34.18;0;2.28;0;;BRAS_PF_PMC;ed. 1091;19;
BRASINDICE;1094;material;0000088506;05;703-26719-FTQH;MYRALIS;NASOAR INFANTIL (NOTIF.SIMPLIF.);1,08 g sol. 15 env. ref. or.;;7898430194283;;;;N;;15;26.58;0;1.77;0;;BRAS_PF_PMC;ed. 1091;19;
BRASINDICE;1094;material;0000087926;05;703-27111-FOHG;MYRALIS;NASOAR LOTA;15 envelopes;;7898430194955;;;;N;;15;56.41;0;3.76;0;;BRAS_PF_PMC;ed. 1091;19;
BRASINDICE;1094;material;0000088226;05;703-27208-FOSJ;MYRALIS;NASOAR XT (NOTIF.SIMPLIF.);5% po 14,55 g 15 env (refil);;7898430194511;;;;N;;15;63.76;0;4.25;0;;BRAS_PF_PMC;ed. 1091;19;
BRASINDICE;1094;material;0000088227;05;703-27208-FOSK;MYRALIS;NASOAR XT (NOTIF.SIMPLIF.);5% po 14,55 g 15 env. + frasco or.;;7898430194528;;;;N;;15;71.83;0;4.79;0;;BRAS_PF_PMC;ed. 1091;19;
BRASINDICE;1094;material;0000088504;05;703-27208-FPCU;MYRALIS;NASOAR XT (NOTIF.SIMPLIF.);2,160 g gran. sol. c/15 env. + fr.;;7898430194122;;;;N;;15;60.72;0;4.05;0;;BRAS_PF_PMC;ed. 1091;19;
BRASINDICE;1094;material;0000088505;05;703-27208-FPCV;MYRALIS;NASOAR XT (NOTIF.SIMPLIF.);2,160 g gran. sol. c/15 env. (refil);;7898430194115;;;;N;;15;53.01;0;3.53;0;;BRAS_PF_PMC;ed. 1091;19;
BRASINDICE;1094;material;0000061020;05;376-22285-EDRE;HEBRON;NATIBEM;60 caps. gel. moles;;7896685303016;;;;N;;60;99.28;0;1.65;0;;BRAS_PF_PMC;ed. 1090;19;
BRASINDICE;1094;material;0000088822;05;917-27376-FPQD;SUPERA RX;NAZZO;Ad. 240 ml 30 saches;;7899420507830;;;;N;;30;54.79;0;1.83;0;;BRAS_PF_PMC;ed. 1091;19;
BRASINDICE;1094;material;0000088823;05;917-27376-FPQE;SUPERA RX;NAZZO;Inf. 120 ml 30 saches;;7899420507823;;;;N;;30;54.79;0;1.83;0;;BRAS_PF_PMC;ed. 1091;19;
BRASINDICE;1094;material;0000088824;05;917-27376-FPQF;SUPERA RX;NAZZO;Ad. 240 ml 30 saches - Refil;;7899420507793;;;;N;;30;38.36;0;1.28;0;;BRAS_PF_PMC;ed. 1091;19;
BRASINDICE;1094;material;0000088825;05;917-27376-FPQG;SUPERA RX;NAZZO;Inf. 120 ml 30 saches - Refil;;7899420507786;;;;N;;30;38.36;0;1.28;0;;BRAS_PF_PMC;ed. 1091;19;
BRASINDICE;1094;material;0000091610;05;917-27955-AHDD;SUPERA RX;NAZZO HIALUJET;100 ml;;7899420509001;;;;N;;1;52.43;0;52.43;0;;BRAS_PF_PMC;ed. 1091;19;
BRASINDICE;1094;material;0000091612;05;917-27957-BFCR;SUPERA RX;NAZZO NEBULIZE;50 ml;;7899420509049;;;;N;;1;41.95;0;41.95;0;;BRAS_PF_PMC;ed. 1091;19;
BRASINDICE;1094;material;0000091611;05;917-27956-APLQ;SUPERA RX;NAZZO OTO;20 ml;;7899420509025;;;;N;;1;20.97;0;20.97;0;;BRAS_PF_PMC;ed. 1091;19;
BRASINDICE;1094;material;0000091213;05;917-27868-FSPS;SUPERA RX;NAZZO XT;Alto Volume + fr. 240 ml + 15 saches;;7899420509063;;;;N;;1;68.16;0;68.16;0;;BRAS_PF_PMC;ed. 1091;19;
BRASINDICE;1094;material;0000091214;05;917-27868-FSPT;SUPERA RX;NAZZO XT;Alto Volume + refil + 15 saches;;7899420508974;;;;N;;1;52.43;0;52.43;0;;BRAS_PF_PMC;ed. 1091;19;
BRASINDICE;1094;material;0000084787;05;846-26426-FKWI;COSMED;NEBA-SEPT;Spray 10 mg/30 ml x 1 ml;;7896094999442;;;;N;;1;23.72;0;23.72;0;;BRAS_PF_PMC;ed. 1066;19;
BRASINDICE;1094;material;0000084788;05;846-26426-FKWH;COSMED;NEBA-SEPT;10 mg/ml sol. top x 30 ml;;7896094999435;;;;N;;1;14.78;0;14.78;0;;BRAS_PF_PMC;ed. 1066;19;
BRASINDICE;1094;material;0000088028;05;846-27149-DFSB;COSMED;NEBACETIN BABY CREME PREVENT;120 g;;7896094929074;;;;N;;1;43.94;0;43.94;0;;BRAS_PF_PMC;ed. 1084;19;
BRASINDICE;1094;material;0000088029;05;846-27149-DWKA;COSMED;NEBACETIN BABY CREME PREVENT;60 g;;7896094929098;;;;N;;1;25.01;0;25.01;0;;BRAS_PF_PMC;ed. 1084;19;
BRASINDICE;1094;material;0000088030;05;846-27149-ARQB;COSMED;NEBACETIN BABY CREME PREVENT;30 g;;7896094929036;;;;N;;1;13.19;0;13.19;0;;BRAS_PF_PMC;ed. 1066;19;
BRASINDICE;1094;material;0000088031;05;846-27150-ARQB;COSMED;NEBACETIN BABY CREME TRATAMENTO;30 g;;7896094929081;;;;N;;1;21.43;0;21.43;0;;BRAS_PF_PMC;ed. 1084;19;
BRASINDICE;1094;material;0000088032;05;846-27150-DWKA;COSMED;NEBACETIN BABY CREME TRATAMENTO;60 g;;7896094929111;;;;N;;1;37.15;0;37.15;0;;BRAS_PF_PMC;ed. 1084;19;
BRASINDICE;1094;material;0000089381;05;473-27466-FQKV;NEO QUIMICA;NEOGERMINA;Susp. 5 ml 2BL x 10 flac.;;7896714294315;;;;N;;20;40.38;0;2.02;0;;BRAS_PF_PMC;ed. 1091;19;
BRASINDICE;1094;material;0000089382;05;473-27466-FQKU;NEO QUIMICA;NEOGERMINA;Susp. 5 ml 4BI x 5 flac.;;7896714294322;;;;N;;20;40.38;0;2.02;0;;BRAS_PF_PMC;ed. 1091;19;
BRASINDICE;1094;material;0000091636;05;473-27960-FTCD;NEO QUIMICA;NEOGERMINA FLORA;Ct. bl. 6 caps. dura;;7896714295817;;;;N;;6;19.38;0;3.23;0;;BRAS_PF_PMC;ed. 1091;19;
BRASINDICE;1094;material;0000091637;05;473-27960-FTCE;NEO QUIMICA;NEOGERMINA FLORA;Ct. bl. 12 caps. dura;;7896714295824;;;;N;;12;35.67;0;2.97;0;;BRAS_PF_PMC;ed. 1091;19;
BRASINDICE;1094;material;0000091751;05;473-27982-FTFD;NEO QUIMICA;NEOLYTE;Ct. 4 saches natural;;7896714296203;;;;N;;4;35.05;0;8.76;0;;BRAS_PF_PMC;ed. 1091;19;
BRASINDICE;1094;material;0000091752;05;473-27982-FTFE;NEO QUIMICA;NEOLYTE;Ct. 4 saches uva;;7896714296227;;;;N;;4;35.05;0;8.76;0;;BRAS_PF_PMC;ed. 1091;19;
BRASINDICE;1094;material;0000091753;05;473-27982-FTFF;NEO QUIMICA;NEOLYTE;Fr. 500 ml limao;;7896714296241;;;;N;;1;25.24;0;25.24;0;;BRAS_PF_PMC;ed. 1091;19;
BRASINDICE;1094;material;0000091754;05;473-27982-FTFG;NEO QUIMICA;NEOLYTE;Fr. 500 ml uva;;7896714296258;;;;N;;1;25.24;0;25.24;0;;BRAS_PF_PMC;ed. 1091;19;
BRASINDICE;1094;material;0000091755;05;473-27982-FTFH;NEO QUIMICA;NEOLYTE;Fr. 500 ml laranja;;7896714296265;;;;N;;1;25.24;0;25.24;0;;BRAS_PF_PMC;ed. 1091;19;
BRASINDICE;1094;material;0000011431;05;473-27565-BKUZ;NEO QUIMICA;NEOSORO;Sol. nasal inf. fr. 30 ml;;7896714230023;;;;N;;1;10.3;0;10.3;0;;BRAS_PF_PMC;ed. 1091;19;
BRASINDICE;1094;material;0000084561;05;473-27566-FKPN;NEO QUIMICA;NEOSORO FLUID;Spr. 0,9% sic ct. 50 ml;;7896714290515;;;;N;;1;24.8;0;24.8;0;;BRAS_PF_PMC;ed. 1091;19;
BRASINDICE;1094;material;0000089383;05;473-27467-FKOH;NEO QUIMICA;NEOSORO FLUID ALTO VOLUME;30 saches;;7896714295299;;;;N;;30;58.76;0;1.96;0;;BRAS_PF_PMC;ed. 1091;19;
BRASINDICE;1094;material;0000089384;05;473-27467-FQLA;NEO QUIMICA;NEOSORO FLUID ALTO VOLUME;30 saches + fr. 240 ml;;7896714295305;;;;N;;30;70.59;0;2.35;0;;BRAS_PF_PMC;ed. 1091;19;
BRASINDICE;1094;material;0000027367;05;473-27724-CNVK;NEO QUIMICA;NEOSORO H;30 mg/ml sol. nasal fr. pet. x 60 ml;;7896714225296;1558400830018;90333985;504615110032217;N;N;1;24.42;0;24.42;0;;BRAS_PF_PMC;ed. 1091;19;
BRASINDICE;1094;material;0000092756;05;803-22357-FJCT;BAUSCH & LOMB;NEOVITE MAX;30 caps.;;7896046304126;;;;N;;30;152.09;0;5.07;0;;BRAS_PF_PMC;ed. 1090;19;
BRASINDICE;1094;material;0000092757;05;803-22357-FOGX;BAUSCH & LOMB;NEOVITE MAX;60 caps.;;7896046304133;;;;N;;60;219.17;0;3.65;0;;BRAS_PF_PMC;ed. 1090;19;
BRASINDICE;1094;material;0000092758;05;803-22357-FOGX;BAUSCH & LOMB;NEOVITE MAX;60 caps.;;7896046390181;;;;N;;60;273.96;0;4.57;0;;BRAS_PF_PMC;ed. 1090;19;
BRASINDICE;1094;material;0000024559;05;726-15811-CKLY;SBMN;NERVOSO IN VIVO;Cintilografia cerebral;;;;60036192;;N;;1;331.88;0;331.88;0;;BRAS_PF_PMC;ed. 1066;19;
BRASINDICE;1094;material;0000024560;05;726-15811-CKLZ;SBMN;NERVOSO IN VIVO;Cintilografia cerebral com FDG - fluor 18;;;;60035781;;N;;1;2090.36;0;2090.36;0;;BRAS_PF_PMC;ed. 1066;19;
BRASINDICE;1094;material;0000024561;05;726-15811-CKMA;SBMN;NERVOSO IN VIVO;Cintilografia de perfusao cerebral;;;;60035803;;N;;1;1752.17;0;1752.17;0;;BRAS_PF_PMC;ed. 1066;19;
BRASINDICE;1094;material;0000024562;05;726-15811-CKMB;SBMN;NERVOSO IN VIVO;Cisternocintilografia;;;;60035811;;N;;1;282.48;0;282.48;0;;BRAS_PF_PMC;ed. 1066;19;
BRASINDICE;1094;material;0000024563;05;726-15811-CKMD;SBMN;NERVOSO IN VIVO;Cisternocintilografia para estudo de fistulas liquoricas;;;;60035820;;N;;1;255.58;0;255.58;0;;BRAS_PF_PMC;ed. 1066;19;
BRASINDICE;1094;material;0000024564;05;726-15811-CKME;SBMN;NERVOSO IN VIVO;Fluxo sanguineo cerebral;;;;60035838;;N;;1;255.58;0;255.58;0;;BRAS_PF_PMC;ed. 1066;19;
BRASINDICE;1094;material;0000024565;05;726-15811-CKMF;SBMN;NERVOSO IN VIVO;Mielocintilografia;;;;60035846;;N;;1;255.58;0;255.58;0;;BRAS_PF_PMC;ed. 1066;19;
BRASINDICE;1094;material;0000024566;05;726-15811-CKMG;SBMN;NERVOSO IN VIVO;Ventriculocintilografia;;;;60035854;;N;;1;255.58;0;255.58;0;;BRAS_PF_PMC;ed. 1066;19;
BRASINDICE;1094;material;0000073406;05;726-15811-EWCS;SBMN;NERVOSO IN VIVO;Cintilografia de perf. cerebral p/ avaliacao dos transp. de dopamina;;;;60035790;;N;;1;5250.11;0;5250.11;0;;BRAS_PF_PMC;ed. 1066;19;
BRASINDICE;1094;material;0000091744;05;726-15811-CKMB;SBMN;NERVOSO IN VIVO;Cisternocintilografia;;;;60035811;;N;;1;282.48;0;282.48;0;;BRAS_PF_PMC;ed. 1066;19;
BRASINDICE;1094;material;0000093562;05;1088-28434-FVWZ;NUNESFARMA;NESH AZ;Cx. 60 caps. mole;;7899302400808;;;;N;;60;73.12;0;1.22;0;;BRAS_PF_PMC;ed. 1074;19;
BRASINDICE;1094;material;0000093563;05;1088-28435-FVWZ;NUNESFARMA;NESH B NOITE;Cx. 60 caps. mole;;7899302400792;;;;N;;60;118.81;0;1.98;0;;BRAS_PF_PMC;ed. 1074;19;
BRASINDICE;1094;material;0000093559;05;1088-27059-FVXA;NUNESFARMA;NESH B6;40 mg cx. 90 cprs.;;7899302400594;;;;N;;90;219.77;0;2.44;0;;BRAS_PF_PMC;ed. 1074;19;
BRASINDICE;1094;material;0000093557;05;1088-27062-FVXB;NUNESFARMA;NESH E;400 UI (400 mg) cx. 60 caps. mole;;7899302400280;;;;N;;60;134.99;0;2.25;0;;BRAS_PF_PMC;ed. 1074;19;
BRASINDICE;1094;material;0000093564;05;1088-28436-FVXC;NUNESFARMA;NESH MAG;260 mg cx. 60 caps. mole;;7899302400815;;;;N;;60;89.35;0;1.49;0;;BRAS_PF_PMC;ed. 1074;19;
BRASINDICE;1094;material;0000093565;05;1088-28437-FVWZ;NUNESFARMA;NESH O3;Cx. 60 caps. mole;;7899302400822;;;;N;;60;99.5;0;1.66;0;;BRAS_PF_PMC;ed. 1074;19;
BRASINDICE;1094;material;0000093560;05;1088-27066-AFEX;NUNESFARMA;NESH PENTASURE IBD;Lata 400 g;;7899302400570;6747500020012;;;N;;1;365.94;0;365.94;0;;BRAS_PF_PMC;ed. 1074;19;
BRASINDICE;1094;material;0000093561;05;1088-27538-AFEX;NUNESFARMA;NESH PENTASURE PEDIA;Lata 400 g;;7899302400624;6747500030018;;;N;;1;263.52;0;263.52;0;;BRAS_PF_PMC;ed. 1074;19;
BRASINDICE;1094;material;0000093558;05;1088-27067-AFEX;NUNESFARMA;NESH PENTASURE SR;Lata 400 g;;7899302400396;6747500010017;;;N;;1;102.22;0;102.22;0;;BRAS_PF_PMC;ed. 1074;19;
BRASINDICE;1094;material;0000054388;05;918-21363-DUNM;HEEL DO BRASIL;NEUREXAN;Fr. 50 cprs. subling.;;7898908753301;1619800150011;;;N;;50;75.77;0;1.52;0;;BRAS_PF_PMC;ed. 1090;19;
BRASINDICE;1094;material;0000094398;05;969-28645-FJBE;ARESE;NEVRIX FLASH;Cx. 30  cprs..;;7899824401994;;;;N;;30;63;0;2.1;0;;BRAS_PF_PMC;ed. 1093;19;
BRASINDICE;1094;material;0000090805;05;1040-27782-FSBI;1000MEDIC;NFV-L-1607;100 pares;;;;;;N;;100;385.1;0;3.85;0;;BRAS_PF_PMC;ed. 1066;19;
BRASINDICE;1094;material;0000090804;05;1040-27781-FSBI;1000MEDIC;NFV-L-1701;100 pares;;;;;;N;;100;385.1;0;3.85;0;;BRAS_PF_PMC;ed. 1066;19;
BRASINDICE;1094;material;0000090565;05;473-27725-FRTX;NEO QUIMICA;NITRATO DE MICONAZOL (NOTIF.SIMPLIF.);20 mg. loc. crem. fr. got. 30 ml;;7896714295879;;;;N;;1;16.54;0;16.54;0;;BRAS_PF_PMC;ed. 1091;19;
BRASINDICE;1094;material;0000090566;05;473-27725-FRTY;NEO QUIMICA;NITRATO DE MICONAZOL (NOTIF.SIMPLIF.);20 mg. creme derm. bg. 28 g;;7896714295886;;;;N;;1;17.82;0;17.82;0;;BRAS_PF_PMC;ed. 1091;19;
BRASINDICE;1094;material;0000076027;05;1045-24666-EZLR;TRIMEDCALL/MEGALABS;NOPLAK C/ALCOOL;Solucao bucal 250 ml.;;;;;;N;;1;41.9;0;41.9;0;;BRAS_PF_PMC;ed. 1090;19;
BRASINDICE;1094;material;0000076029;05;1045-22231-EZLR;TRIMEDCALL/MEGALABS;NOPLAK MAX;Solucao bucal 250 ml.;;;;;;N;;1;55.86;0;55.86;0;;BRAS_PF_PMC;ed. 1090;19;
BRASINDICE;1094;material;0000076031;05;1045-22231-ETCV;TRIMEDCALL/MEGALABS;NOPLAK MAX;Gel 50 g;;;;;;N;;1;48.2;0;48.2;0;;BRAS_PF_PMC;ed. 1090;19;
BRASINDICE;1094;material;0000076028;05;1045-24667-EZLR;TRIMEDCALL/MEGALABS;NOPLAK S/ALCOOL;Solucao bucal 250 ml.;;;;;;N;;1;41.9;0;41.9;0;;BRAS_PF_PMC;ed. 1090;19;
BRASINDICE;1094;material;0000077039;05;438-24828-AFEX;BIOLAB SANUS;NOVAMIL AC1;Lata 400 g;;7896112437826;6723500050011;;;N;;1;68.95;0;68.95;0;;BRAS_PF_PMC;ed. 1067;19;
BRASINDICE;1094;material;0000077038;05;438-24827-AFEX;BIOLAB SANUS;NOVAMIL AC2;Lata 400 g;;7896112437833;6723500020015;;;N;;1;68.93;0;68.93;0;;BRAS_PF_PMC;ed. 1091;19;
BRASINDICE;1094;material;0000077040;05;438-24829-AREG;BIOLAB SANUS;NOVAMIL AO 1;Lata 400 g.;;7896112437857;6723500060017;;;N;;1;68.93;0;68.93;0;;BRAS_PF_PMC;ed. 1091;19;
BRASINDICE;1094;material;0000077041;05;438-24830-AREG;BIOLAB SANUS;NOVAMIL AO 2;Lata 400 g.;;7896112437840;6723500030010;;;N;;1;68.95;0;68.95;0;;BRAS_PF_PMC;ed. 1067;19;
BRASINDICE;1094;material;0000068493;05;438-23301-AYDV;BIOLAB SANUS;NOVAMIL AR;400 g;;7896112437871;6723500040016;;;N;;1;68.54;0;68.54;0;;BRAS_PF_PMC;ed. 1067;19;
BRASINDICE;1094;material;0000078244;05;438-23104-AFEX;BIOLAB SANUS;NOVAMIL RICE;Lata 400 g;;7896112437888;6723500010011;;;N;;1;227.92;0;227.92;0;;BRAS_PF_PMC;ed. 1091;19;
BRASINDICE;1094;material;0000063688;05;945-22662-EETY;ESSENCIAL;NP FORMULAS ADULTO POR ML;Ml;;;;;;N;;1;1.11;0;1.11;0;;BRAS_PF_PMC;ed. 1066;19;
BRASINDICE;1094;material;0000060171;05;945-22154-ECQJ;ESSENCIAL;NP FORMULAS LIVRE PRESCRICAO;0,1 - 500,0 ML;;;;;;N;;1;597.25;0;597.25;0;;BRAS_PF_PMC;ed. 1066;19;
BRASINDICE;1094;material;0000060172;05;945-22154-ECQK;ESSENCIAL;NP FORMULAS LIVRE PRESCRICAO;500,1 - 800,0 ML;;;;;;N;;1;739.94;0;739.94;0;;BRAS_PF_PMC;ed. 1066;19;
BRASINDICE;1094;material;0000060173;05;945-22154-ECQL;ESSENCIAL;NP FORMULAS LIVRE PRESCRICAO;800,1 - 1100,0 ML;;;;;;N;;1;779.33;0;779.33;0;;BRAS_PF_PMC;ed. 1066;19;
BRASINDICE;1094;material;0000060174;05;945-22154-ECQM;ESSENCIAL;NP FORMULAS LIVRE PRESCRICAO;1100,1 - 1400,0 ML;;;;;;N;;1;818.74;0;818.74;0;;BRAS_PF_PMC;ed. 1066;19;
BRASINDICE;1094;material;0000060175;05;945-22154-ECQN;ESSENCIAL;NP FORMULAS LIVRE PRESCRICAO;1400,1 - 1700,0 ML;;;;;;N;;1;881.93;0;881.93;0;;BRAS_PF_PMC;ed. 1066;19;
BRASINDICE;1094;material;0000060176;05;945-22154-ECQO;ESSENCIAL;NP FORMULAS LIVRE PRESCRICAO;1700,1 - 2000,0 ML;;;;;;N;;1;1002.22;0;1002.22;0;;BRAS_PF_PMC;ed. 1066;19;
BRASINDICE;1094;material;0000060177;05;945-22154-ECQP;ESSENCIAL;NP FORMULAS LIVRE PRESCRICAO;2000,1 - 2300,0 ML;;;;;;N;;1;1110.77;0;1110.77;0;;BRAS_PF_PMC;ed. 1066;19;
BRASINDICE;1094;material;0000083096;05;945-22154-FIUQ;ESSENCIAL;NP FORMULAS LIVRE PRESCRICAO;2300,1 - 2600,0 ML;;;;;;N;;1;1228.01;0;1228.01;0;;BRAS_PF_PMC;ed. 1066;19;
BRASINDICE;1094;material;0000063689;05;945-22663-EETY;ESSENCIAL;NP FORMULAS NEO E PED POR ML;Ml;;;;;;N;;1;4.58;0;4.58;0;;BRAS_PF_PMC;ed. 1066;19;
BRASINDICE;1094;material;0000060178;05;945-22155-ECQJ;ESSENCIAL;NP FORMULAS PADROES;0,1 - 500,0 ML;;;;;;N;;1;481.98;0;481.98;0;;BRAS_PF_PMC;ed. 1066;19;
BRASINDICE;1094;material;0000060179;05;945-22155-ECQK;ESSENCIAL;NP FORMULAS PADROES;500,1 - 800,0 ML;;;;;;N;;1;596.72;0;596.72;0;;BRAS_PF_PMC;ed. 1066;19;
BRASINDICE;1094;material;0000060180;05;945-22155-ECQL;ESSENCIAL;NP FORMULAS PADROES;800,1 - 1100,0 ML;;;;;;N;;1;622.06;0;622.06;0;;BRAS_PF_PMC;ed. 1066;19;
BRASINDICE;1094;material;0000060181;05;945-22155-ECQM;ESSENCIAL;NP FORMULAS PADROES;1100,1 - 1400,0 ML;;;;;;N;;1;722.51;0;722.51;0;;BRAS_PF_PMC;ed. 1066;19;
BRASINDICE;1094;material;0000060182;05;945-22155-ECQN;ESSENCIAL;NP FORMULAS PADROES;1400,1 - 1700,0 ML;;;;;;N;;1;777.09;0;777.09;0;;BRAS_PF_PMC;ed. 1066;19;
BRASINDICE;1094;material;0000060183;05;945-22155-ECQO;ESSENCIAL;NP FORMULAS PADROES;1700,1 - 2000,0 ML;;;;;;N;;1;849.11;0;849.11;0;;BRAS_PF_PMC;ed. 1066;19;
BRASINDICE;1094;material;0000060184;05;945-22155-ECQP;ESSENCIAL;NP FORMULAS PADROES;2000,1 - 2300,0 ML;;;;;;N;;1;981.53;0;981.53;0;;BRAS_PF_PMC;ed. 1066;19;
BRASINDICE;1094;material;0000060156;05;945-22151-ECPT;ESSENCIAL;NP PARA NEO / PEDIATRIA;0 - 100,0 ML;;;;;;N;;1;505.57;0;505.57;0;;BRAS_PF_PMC;ed. 1066;19;
BRASINDICE;1094;material;0000060157;05;945-22151-ECPU;ESSENCIAL;NP PARA NEO / PEDIATRIA;100,1 - 200,0 ML;;;;;;N;;1;574.77;0;574.77;0;;BRAS_PF_PMC;ed. 1066;19;
BRASINDICE;1094;material;0000060158;05;945-22151-ECPV;ESSENCIAL;NP PARA NEO / PEDIATRIA;200,1 - 300,0 ML;;;;;;N;;1;618.12;0;618.12;0;;BRAS_PF_PMC;ed. 1066;19;
BRASINDICE;1094;material;0000060159;05;945-22151-ECPW;ESSENCIAL;NP PARA NEO / PEDIATRIA;300,1 - 400,0 ML;;;;;;N;;1;661.67;0;661.67;0;;BRAS_PF_PMC;ed. 1066;19;
BRASINDICE;1094;material;0000060160;05;945-22151-ECPX;ESSENCIAL;NP PARA NEO / PEDIATRIA;400,1 - 500,0 ML;;;;;;N;;1;752.58;0;752.58;0;;BRAS_PF_PMC;ed. 1066;19;
BRASINDICE;1094;material;0000060161;05;945-22151-ECPY;ESSENCIAL;NP PARA NEO / PEDIATRIA;500,1 - 600,0 ML;;;;;;N;;1;783.73;0;783.73;0;;BRAS_PF_PMC;ed. 1066;19;
BRASINDICE;1094;material;0000060162;05;945-22151-ECPZ;ESSENCIAL;NP PARA NEO / PEDIATRIA;600,1 - 700,0 ML;;;;;;N;;1;819.15;0;819.15;0;;BRAS_PF_PMC;ed. 1066;19;
BRASINDICE;1094;material;0000060163;05;945-22151-ECQA;ESSENCIAL;NP PARA NEO / PEDIATRIA;700,1 - 800,0 ML;;;;;;N;;1;854.58;0;854.58;0;;BRAS_PF_PMC;ed. 1066;19;
BRASINDICE;1094;material;0000060164;05;945-22151-ECQB;ESSENCIAL;NP PARA NEO / PEDIATRIA;800,1 - 900,0 ML;;;;;;N;;1;871.48;0;871.48;0;;BRAS_PF_PMC;ed. 1066;19;
BRASINDICE;1094;material;0000060165;05;945-22151-ECQC;ESSENCIAL;NP PARA NEO / PEDIATRIA;900,1 - 1000,0 ML;;;;;;N;;1;888.38;0;888.38;0;;BRAS_PF_PMC;ed. 1066;19;
BRASINDICE;1094;material;0000060166;05;945-22151-ECQD;ESSENCIAL;NP PARA NEO / PEDIATRIA;1000,1 - 1500,0 ML;;;;;;N;;1;922.18;0;922.18;0;;BRAS_PF_PMC;ed. 1066;19;
BRASINDICE;1094;material;0000060167;05;945-22151-ECQE;ESSENCIAL;NP PARA NEO / PEDIATRIA;1500,1 - 2000,0 ML;;;;;;N;;1;979.02;0;979.02;0;;BRAS_PF_PMC;ed. 1066;19;
BRASINDICE;1094;material;0000060168;05;945-22151-ECQF;ESSENCIAL;NP PARA NEO / PEDIATRIA;2000,1 - 2500,0 ML;;;;;;N;;1;1092.33;0;1092.33;0;;BRAS_PF_PMC;ed. 1066;19;
BRASINDICE;1094;material;0000023521;05;715-15622-CJEX;CEQNEP;NPT MASTER CENTRAL C/LIPIDIO;NPCL 0,5L;;;;;;N;;1;1224.65;0;1224.65;0;;BRAS_PF_PMC;ed. 1090;19;
BRASINDICE;1094;material;0000023522;05;715-15622-CJEY;CEQNEP;NPT MASTER CENTRAL C/LIPIDIO;NPCL 1,0L;;;;;;N;;1;1454.18;0;1454.18;0;;BRAS_PF_PMC;ed. 1090;19;
BRASINDICE;1094;material;0000023523;05;715-15622-CJEZ;CEQNEP;NPT MASTER CENTRAL C/LIPIDIO;NPCL 1,5L;;;;;;N;;1;1728.87;0;1728.87;0;;BRAS_PF_PMC;ed. 1090;19;
BRASINDICE;1094;material;0000023524;05;715-15622-CJFA;CEQNEP;NPT MASTER CENTRAL C/LIPIDIO;NPCL 2,0L;;;;;;N;;1;2028.43;0;2028.43;0;;BRAS_PF_PMC;ed. 1090;19;
BRASINDICE;1094;material;0000023525;05;715-15622-CJFB;CEQNEP;NPT MASTER CENTRAL C/LIPIDIO;NPCL 2,5L;;;;;;N;;1;2068.25;0;2068.25;0;;BRAS_PF_PMC;ed. 1090;19;
BRASINDICE;1094;material;0000023526;05;715-15622-CJFC;CEQNEP;NPT MASTER CENTRAL C/LIPIDIO;NPCL 3,0L;;;;;;N;;1;2316.11;0;2316.11;0;;BRAS_PF_PMC;ed. 1090;19;
BRASINDICE;1094;material;0000023514;05;715-15621-CJEH;CEQNEP;NPT MASTER CENTRAL S/LIPIDIO;NPC 0,5L;;;;;;N;;1;944.02;0;944.02;0;;BRAS_PF_PMC;ed. 1090;19;
BRASINDICE;1094;material;0000023515;05;715-15621-CJEI;CEQNEP;NPT MASTER CENTRAL S/LIPIDIO;NPC 1,0L;;;;;;N;;1;1116.01;0;1116.01;0;;BRAS_PF_PMC;ed. 1090;19;
BRASINDICE;1094;material;0000023516;05;715-15621-CJEJ;CEQNEP;NPT MASTER CENTRAL S/LIPIDIO;NPC 1,5L;;;;;;N;;1;1293.09;0;1293.09;0;;BRAS_PF_PMC;ed. 1090;19;
BRASINDICE;1094;material;0000023517;05;715-15621-CJEK;CEQNEP;NPT MASTER CENTRAL S/LIPIDIO;NPC 2,0L;;;;;;N;;1;1504.68;0;1504.68;0;;BRAS_PF_PMC;ed. 1090;19;
BRASINDICE;1094;material;0000023518;05;715-15621-CJEL;CEQNEP;NPT MASTER CENTRAL S/LIPIDIO;NPC 2,5L;;;;;;N;;1;1741.78;0;1741.78;0;;BRAS_PF_PMC;ed. 1090;19;
BRASINDICE;1094;material;0000023519;05;715-15621-CJEM;CEQNEP;NPT MASTER CENTRAL S/LIPIDIO;NPC 3,0L;;;;;;N;;1;1950.63;0;1950.63;0;;BRAS_PF_PMC;ed. 1090;19;
BRASINDICE;1094;material;0000023533;05;715-15624-CJFJ;CEQNEP;NPT MASTER HEPATOPATA C/LIPIDIO;NPHL 0,5L;;;;;;N;;1;1211.52;0;1211.52;0;;BRAS_PF_PMC;ed. 1090;19;
BRASINDICE;1094;material;0000023534;05;715-15624-CJFK;CEQNEP;NPT MASTER HEPATOPATA C/LIPIDIO;NPHL 1,0L;;;;;;N;;1;1441.6;0;1441.6;0;;BRAS_PF_PMC;ed. 1090;19;
BRASINDICE;1094;material;0000023535;05;715-15624-CJFL;CEQNEP;NPT MASTER HEPATOPATA C/LIPIDIO;NPHL 1,5L;;;;;;N;;1;1706.15;0;1706.15;0;;BRAS_PF_PMC;ed. 1090;19;
BRASINDICE;1094;material;0000023536;05;715-15624-CJFM;CEQNEP;NPT MASTER HEPATOPATA C/LIPIDIO;NPHL 2,0L;;;;;;N;;1;1933.5;0;1933.5;0;;BRAS_PF_PMC;ed. 1090;19;
BRASINDICE;1094;material;0000023537;05;715-15624-CJFN;CEQNEP;NPT MASTER HEPATOPATA C/LIPIDIO;NPHL 2,5L;;;;;;N;;1;2034.35;0;2034.35;0;;BRAS_PF_PMC;ed. 1090;19;
BRASINDICE;1094;material;0000023538;05;715-15624-CJFO;CEQNEP;NPT MASTER HEPATOPATA C/LIPIDIO;NPHL 3,0L;;;;;;N;;1;2278.19;0;2278.19;0;;BRAS_PF_PMC;ed. 1090;19;
BRASINDICE;1094;material;0000023527;05;715-15623-CJFD;CEQNEP;NPT MASTER HEPATOPATA S/LIPIDIO;NPH 0,5L;;;;;;N;;1;985.88;0;985.88;0;;BRAS_PF_PMC;ed. 1090;19;
BRASINDICE;1094;material;0000023528;05;715-15623-CJFE;CEQNEP;NPT MASTER HEPATOPATA S/LIPIDIO;NPH 1,0L;;;;;;N;;1;1226.63;0;1226.63;0;;BRAS_PF_PMC;ed. 1090;19;
BRASINDICE;1094;material;0000023529;05;715-15623-CJFF;CEQNEP;NPT MASTER HEPATOPATA S/LIPIDIO;NPH 1,5L;;;;;;N;;1;1431.95;0;1431.95;0;;BRAS_PF_PMC;ed. 1090;19;
BRASINDICE;1094;material;0000023530;05;715-15623-CJFG;CEQNEP;NPT MASTER HEPATOPATA S/LIPIDIO;NPH 2,0L;;;;;;N;;1;1666.28;0;1666.28;0;;BRAS_PF_PMC;ed. 1090;19;
BRASINDICE;1094;material;0000023531;05;715-15623-CJFH;CEQNEP;NPT MASTER HEPATOPATA S/LIPIDIO;NPH 2,5L;;;;;;N;;1;1928.84;0;1928.84;0;;BRAS_PF_PMC;ed. 1090;19;
BRASINDICE;1094;material;0000023532;05;715-15623-CJFI;CEQNEP;NPT MASTER HEPATOPATA S/LIPIDIO;NPH 3,0L;;;;;;N;;1;2160.1;0;2160.1;0;;BRAS_PF_PMC;ed. 1090;19;
BRASINDICE;1094;material;0000023563;05;715-15629-CJGN;CEQNEP;NPT MASTER HIPERPROTEICA;NPHP 0,5L;;;;;;N;;1;1317.52;0;1317.52;0;;BRAS_PF_PMC;ed. 1090;19;
BRASINDICE;1094;material;0000023564;05;715-15629-CJGO;CEQNEP;NPT MASTER HIPERPROTEICA;NPHP 1,0L;;;;;;N;;1;1607.07;0;1607.07;0;;BRAS_PF_PMC;ed. 1090;19;
BRASINDICE;1094;material;0000023565;05;715-15629-CJGP;CEQNEP;NPT MASTER HIPERPROTEICA;NPHP 1,5L;;;;;;N;;1;1644.03;0;1644.03;0;;BRAS_PF_PMC;ed. 1090;19;
BRASINDICE;1094;material;0000023566;05;715-15629-CJGQ;CEQNEP;NPT MASTER HIPERPROTEICA;NPHP 2,0L;;;;;;N;;1;2121.45;0;2121.45;0;;BRAS_PF_PMC;ed. 1090;19;
BRASINDICE;1094;material;0000023567;05;715-15629-CJGR;CEQNEP;NPT MASTER HIPERPROTEICA;NPHP 2,5L;;;;;;N;;1;2258.42;0;2258.42;0;;BRAS_PF_PMC;ed. 1066;19;
BRASINDICE;1094;material;0000023569;05;715-15629-CJGY;CEQNEP;NPT MASTER HIPERPROTEICA;NPHP 3,0L;;;;;;N;;1;2421.54;0;2421.54;0;;BRAS_PF_PMC;ed. 1090;19;
BRASINDICE;1094;material;0000051603;05;715-20915-DRCE;CEQNEP;NPT MASTER IMUNOMODULADORA;NPIM 0,5L;;;;;;N;;1;2165.86;0;2165.86;0;;BRAS_PF_PMC;ed. 1090;19;
BRASINDICE;1094;material;0000051604;05;715-20915-DRCF;CEQNEP;NPT MASTER IMUNOMODULADORA;NPIM 1,0L;;;;;;N;;1;2425.77;0;2425.77;0;;BRAS_PF_PMC;ed. 1090;19;
BRASINDICE;1094;material;0000051605;05;715-20915-DRCG;CEQNEP;NPT MASTER IMUNOMODULADORA;NPIM 1,5L;;;;;;N;;1;2772.31;0;2772.31;0;;BRAS_PF_PMC;ed. 1090;19;
BRASINDICE;1094;material;0000051606;05;715-20915-DRCJ;CEQNEP;NPT MASTER IMUNOMODULADORA;NPIM 2,0L;;;;;;N;;1;3118.86;0;3118.86;0;;BRAS_PF_PMC;ed. 1090;19;
BRASINDICE;1094;material;0000051607;05;715-20915-DRCK;CEQNEP;NPT MASTER IMUNOMODULADORA;NPIM 2,5L;;;;;;N;;1;3465.38;0;3465.38;0;;BRAS_PF_PMC;ed. 1090;19;
BRASINDICE;1094;material;0000051608;05;715-20915-DRCL;CEQNEP;NPT MASTER IMUNOMODULADORA;NPIM 3,0L;;;;;;N;;1;3811.93;0;3811.93;0;;BRAS_PF_PMC;ed. 1090;19;
BRASINDICE;1094;material;0000064008;05;715-22701-EJPZ;CEQNEP;NPT MASTER INDIVIDUALIZADA 2:1;NP Ind 1,0L;;;;;;N;;1;1227.6;0;1227.6;0;;BRAS_PF_PMC;ed. 1090;19;
BRASINDICE;1094;material;0000071960;05;715-22701-EUWT;CEQNEP;NPT MASTER INDIVIDUALIZADA 2:1;NP Ind 1,0 ml (volume adicional a 1000 ml);;;;;;N;;1;0.45;0;0.45;0;;BRAS_PF_PMC;ed. 1090;19;
BRASINDICE;1094;material;0000064014;05;715-22702-EJQF;CEQNEP;NPT MASTER INDIVIDUALIZADA 3:1 SMOF;NPL Ind 1,0L;;;;;;N;;1;1599.14;0;1599.14;0;;BRAS_PF_PMC;ed. 1090;19;
BRASINDICE;1094;material;0000064020;05;715-22703-EJQN;CEQNEP;NPT MASTER INDIVIDUALIZADA 3:1 SMOF;NPS Ind 1,0L;;;;;;N;;1;1759.06;0;1759.06;0;;BRAS_PF_PMC;ed. 1090;19;
BRASINDICE;1094;material;0000071961;05;715-22702-EUWU;CEQNEP;NPT MASTER INDIVIDUALIZADA 3:1 SMOF;NPL Ind 1,0 ml (volume adicional a 1000 ml);;;;;;N;;1;0.49;0;0.49;0;;BRAS_PF_PMC;ed. 1090;19;
BRASINDICE;1094;material;0000071962;05;715-22702-EUWV;CEQNEP;NPT MASTER INDIVIDUALIZADA 3:1 SMOF;NPS Ind 1,0 ml (volume adicional a 1000 ml);;;;;;N;;1;0.52;0;0.52;0;;BRAS_PF_PMC;ed. 1090;19;
BRASINDICE;1094;material;0000023545;05;715-15626-CJFV;CEQNEP;NPT MASTER NEFROPATA C/LIPIDIO;NPRL 0,5L;;;;;;N;;1;1210.26;0;1210.26;0;;BRAS_PF_PMC;ed. 1090;19;
BRASINDICE;1094;material;0000023546;05;715-15626-CJFW;CEQNEP;NPT MASTER NEFROPATA C/LIPIDIO;NPRL 1,0L;;;;;;N;;1;1439.97;0;1439.97;0;;BRAS_PF_PMC;ed. 1090;19;
BRASINDICE;1094;material;0000023547;05;715-15626-CJFX;CEQNEP;NPT MASTER NEFROPATA C/LIPIDIO;NPRL 1,5L;;;;;;N;;1;1704.14;0;1704.14;0;;BRAS_PF_PMC;ed. 1090;19;
BRASINDICE;1094;material;0000023548;05;715-15626-CJFY;CEQNEP;NPT MASTER NEFROPATA C/LIPIDIO;NPRL 2,0L;;;;;;N;;1;1931.14;0;1931.14;0;;BRAS_PF_PMC;ed. 1090;19;
BRASINDICE;1094;material;0000023549;05;715-15626-CJFZ;CEQNEP;NPT MASTER NEFROPATA C/LIPIDIO;NPRL 2,5L;;;;;;N;;1;2031.72;0;2031.72;0;;BRAS_PF_PMC;ed. 1090;19;
BRASINDICE;1094;material;0000023550;05;715-15626-CJGA;CEQNEP;NPT MASTER NEFROPATA C/LIPIDIO;NPRL 3,0L;;;;;;N;;1;2275.38;0;2275.38;0;;BRAS_PF_PMC;ed. 1090;19;
BRASINDICE;1094;material;0000023539;05;715-15625-CJFP;CEQNEP;NPT MASTER NEFROPATA S/LIPIDIO;NPR 0,5L;;;;;;N;;1;960.82;0;960.82;0;;BRAS_PF_PMC;ed. 1090;19;
BRASINDICE;1094;material;0000023540;05;715-15625-CJFQ;CEQNEP;NPT MASTER NEFROPATA S/LIPIDIO;NPR 1,0L;;;;;;N;;1;1164.67;0;1164.67;0;;BRAS_PF_PMC;ed. 1090;19;
BRASINDICE;1094;material;0000023541;05;715-15625-CJFR;CEQNEP;NPT MASTER NEFROPATA S/LIPIDIO;NPR 1,5L;;;;;;N;;1;1368.57;0;1368.57;0;;BRAS_PF_PMC;ed. 1090;19;
BRASINDICE;1094;material;0000023542;05;715-15625-CJFS;CEQNEP;NPT MASTER NEFROPATA S/LIPIDIO;NPR 2,0L;;;;;;N;;1;1592.62;0;1592.62;0;;BRAS_PF_PMC;ed. 1090;19;
BRASINDICE;1094;material;0000023543;05;715-15625-CJFT;CEQNEP;NPT MASTER NEFROPATA S/LIPIDIO;NPR 2,5L;;;;;;N;;1;1843.59;0;1843.59;0;;BRAS_PF_PMC;ed. 1090;19;
BRASINDICE;1094;material;0000023544;05;715-15625-CJFU;CEQNEP;NPT MASTER NEFROPATA S/LIPIDIO;NPR 3,0L;;;;;;N;;1;2064.71;0;2064.71;0;;BRAS_PF_PMC;ed. 1090;19;
BRASINDICE;1094;material;0000023570;05;715-15630-CJGS;CEQNEP;NPT MASTER PANCREATITE;NPPA 0,5L;;;;;;N;;1;1173.18;0;1173.18;0;;BRAS_PF_PMC;ed. 1090;19;
BRASINDICE;1094;material;0000023571;05;715-15630-CJGT;CEQNEP;NPT MASTER PANCREATITE;NPPA 1,0L;;;;;;N;;1;1430.99;0;1430.99;0;;BRAS_PF_PMC;ed. 1090;19;
BRASINDICE;1094;material;0000023572;05;715-15630-CJGU;CEQNEP;NPT MASTER PANCREATITE;NPPA 1,5L;;;;;;N;;1;1463.9;0;1463.9;0;;BRAS_PF_PMC;ed. 1090;19;
BRASINDICE;1094;material;0000023573;05;715-15630-CJGV;CEQNEP;NPT MASTER PANCREATITE;NPPA 2,0L;;;;;;N;;1;1888.97;0;1888.97;0;;BRAS_PF_PMC;ed. 1090;19;
BRASINDICE;1094;material;0000023574;05;715-15630-CJGW;CEQNEP;NPT MASTER PANCREATITE;NPPA 2,5L;;;;;;N;;1;2087.59;0;2087.59;0;;BRAS_PF_PMC;ed. 1090;19;
BRASINDICE;1094;material;0000023575;05;715-15630-CJGX;CEQNEP;NPT MASTER PANCREATITE;NPPA 3,0L;;;;;;N;;1;2156.23;0;2156.23;0;;BRAS_PF_PMC;ed. 1090;19;
BRASINDICE;1094;material;0000023576;05;715-15631-CJEN;CEQNEP;NPT MASTER PEDIATRICA;NPPED ate 150 ml;;;;;;N;;1;1165.28;0;1165.28;0;;BRAS_PF_PMC;ed. 1090;19;
BRASINDICE;1094;material;0000023577;05;715-15631-CJEO;CEQNEP;NPT MASTER PEDIATRICA;NPPED 151-250 ml;;;;;;N;;1;1333.37;0;1333.37;0;;BRAS_PF_PMC;ed. 1090;19;
BRASINDICE;1094;material;0000023578;05;715-15631-CJEP;CEQNEP;NPT MASTER PEDIATRICA;NPPED 251-350 ml;;;;;;N;;1;1452.88;0;1452.88;0;;BRAS_PF_PMC;ed. 1090;19;
BRASINDICE;1094;material;0000023579;05;715-15631-CJEQ;CEQNEP;NPT MASTER PEDIATRICA;NPPED 351-450 ml;;;;;;N;;1;1603.34;0;1603.34;0;;BRAS_PF_PMC;ed. 1090;19;
BRASINDICE;1094;material;0000023580;05;715-15631-CJER;CEQNEP;NPT MASTER PEDIATRICA;NPPED 451-750 ml;;;;;;N;;1;1935.39;0;1935.39;0;;BRAS_PF_PMC;ed. 1090;19;
BRASINDICE;1094;material;0000023581;05;715-15631-CJES;CEQNEP;NPT MASTER PEDIATRICA;NPPED 751-1000 ml;;;;;;N;;1;2315.74;0;2315.74;0;;BRAS_PF_PMC;ed. 1090;19;
BRASINDICE;1094;material;0000023582;05;715-15631-CJET;CEQNEP;NPT MASTER PEDIATRICA;NPPED 1001 - 1500 ml;;;;;;N;;1;2553.57;0;2553.57;0;;BRAS_PF_PMC;ed. 1090;19;
BRASINDICE;1094;material;0000030231;05;715-15631-CQSA;CEQNEP;NPT MASTER PEDIATRICA;NPPED 1 ml;;;;;;N;;1;7.79;0;7.79;0;;BRAS_PF_PMC;ed. 1090;19;
BRASINDICE;1094;material;0000041539;05;715-15631-DCTC;CEQNEP;NPT MASTER PEDIATRICA;NPPED acima de 1501 ml;;;;;;N;;1;2881.53;0;2881.53;0;;BRAS_PF_PMC;ed. 1090;19;
BRASINDICE;1094;material;0000083636;05;715-15631-FJNM;CEQNEP;NPT MASTER PEDIATRICA;NPPED CEQ-PRE 100 ml (primeiras horas de vida);;;;;;N;;1;380.26;0;380.26;0;;BRAS_PF_PMC;ed. 1090;19;
BRASINDICE;1094;material;0000023557;05;715-15628-CJGH;CEQNEP;NPT MASTER PERIFERICA C/LIPIDIO;NPPL 0,5L;;;;;;N;;1;1135.59;0;1135.59;0;;BRAS_PF_PMC;ed. 1090;19;
BRASINDICE;1094;material;0000023558;05;715-15628-CJGI;CEQNEP;NPT MASTER PERIFERICA C/LIPIDIO;NPPL 1,0L;;;;;;N;;1;1348.45;0;1348.45;0;;BRAS_PF_PMC;ed. 1090;19;
BRASINDICE;1094;material;0000023559;05;715-15628-CJGJ;CEQNEP;NPT MASTER PERIFERICA C/LIPIDIO;NPPL 1,5L;;;;;;N;;1;1603.17;0;1603.17;0;;BRAS_PF_PMC;ed. 1090;19;
BRASINDICE;1094;material;0000023560;05;715-15628-CJGK;CEQNEP;NPT MASTER PERIFERICA C/LIPIDIO;NPPL 2,0L;;;;;;N;;1;1802.83;0;1802.83;0;;BRAS_PF_PMC;ed. 1090;19;
BRASINDICE;1094;material;0000023561;05;715-15628-CJGF;CEQNEP;NPT MASTER PERIFERICA C/LIPIDIO;NPP 2,5L;;;;;;N;;1;1917.84;0;1917.84;0;;BRAS_PF_PMC;ed. 1090;19;
BRASINDICE;1094;material;0000023562;05;715-15628-CJGM;CEQNEP;NPT MASTER PERIFERICA C/LIPIDIO;NPPL 3,0L;;;;;;N;;1;2147.72;0;2147.72;0;;BRAS_PF_PMC;ed. 1090;19;
BRASINDICE;1094;material;0000023551;05;715-15627-CJGB;CEQNEP;NPT MASTER PERIFERICA S/LIPIDIO;NPP 0,5L;;;;;;N;;1;860.52;0;860.52;0;;BRAS_PF_PMC;ed. 1090;19;
BRASINDICE;1094;material;0000023552;05;715-15627-CJGC;CEQNEP;NPT MASTER PERIFERICA S/LIPIDIO;NPP 1,0L;;;;;;N;;1;1061.18;0;1061.18;0;;BRAS_PF_PMC;ed. 1090;19;
BRASINDICE;1094;material;0000023553;05;715-15627-CJGD;CEQNEP;NPT MASTER PERIFERICA S/LIPIDIO;NPP 1,5L;;;;;;N;;1;1221.95;0;1221.95;0;;BRAS_PF_PMC;ed. 1090;19;
BRASINDICE;1094;material;0000023554;05;715-15627-CJGE;CEQNEP;NPT MASTER PERIFERICA S/LIPIDIO;NPP 2,0L;;;;;;N;;1;1421.91;0;1421.91;0;;BRAS_PF_PMC;ed. 1090;19;
BRASINDICE;1094;material;0000023555;05;715-15627-CJGF;CEQNEP;NPT MASTER PERIFERICA S/LIPIDIO;NPP 2,5L;;;;;;N;;1;1645.92;0;1645.92;0;;BRAS_PF_PMC;ed. 1090;19;
BRASINDICE;1094;material;0000023556;05;715-15627-CJGG;CEQNEP;NPT MASTER PERIFERICA S/LIPIDIO;NPP 3,0L;;;;;;N;;1;1843.22;0;1843.22;0;;BRAS_PF_PMC;ed. 1090;19;
BRASINDICE;1094;material;0000087132;05;473-26786-FNHR;NEO QUIMICA;NQ MELATONINA;Maracuja fr. x 90 cprs. orodisp.;;7896714290553;;;;N;;90;73.25;0;0.81;0;;BRAS_PF_PMC;ed. 1091;19;
BRASINDICE;1094;material;0000087133;05;473-26786-FNHS;NEO QUIMICA;NQ MELATONINA;Maracuja sol. oral ct. fr. 30 ml;;7896714292847;;;;N;;1;76.95;0;76.95;0;;BRAS_PF_PMC;ed. 1091;19;
BRASINDICE;1094;material;0000087134;05;473-26786-FNHT;NEO QUIMICA;NQ MELATONINA;Maracuja fr. x 150 cprs. orodisp.;;7896714292830;;;;N;;150;93.24;0;0.62;0;;BRAS_PF_PMC;ed. 1066;19;
BRASINDICE;1094;material;0000002696;05;088-27140-ABUU;MANTECORP FARMASA;NUJOL (NOTIF.SIMPLIF.);1 x 120 ml.;;7891142108722;;;;N;;1;72.51;0;72.51;0;;BRAS_PF_PMC;ed. 1066;19;
BRASINDICE;1094;material;0000002697;05;088-27140-AJQV;MANTECORP FARMASA;NUJOL (NOTIF.SIMPLIF.);1 x 200 ml.;;7891142108715;;;;N;;1;95.77;0;95.77;0;;BRAS_PF_PMC;ed. 1066;19;
BRASINDICE;1094;material;0000062979;05;961-22569-EGGF;NUTRIFICA;Nut. Par.Man.Platinum-lipid.compl.e/ou glicer;960 mL;;;;;;N;;1;3991.02;0;3991.02;0;;BRAS_PF_PMC;ed. 1066;19;
BRASINDICE;1094;material;0000062980;05;961-22569-ARIE;NUTRIFICA;Nut. Par.Man.Platinum-lipid.compl.e/ou glicer;1000 ml;;;;;;N;;1;3899.41;0;3899.41;0;;BRAS_PF_PMC;ed. 1066;19;
BRASINDICE;1094;material;0000062981;05;961-22569-EGGG;NUTRIFICA;Nut. Par.Man.Platinum-lipid.compl.e/ou glicer;1200 mL;;;;;;N;;1;4171.38;0;4171.38;0;;BRAS_PF_PMC;ed. 1066;19;
BRASINDICE;1094;material;0000062982;05;961-22569-EGGJ;NUTRIFICA;Nut. Par.Man.Platinum-lipid.compl.e/ou glicer;1440 ml;;;;;;N;;1;4400.86;0;4400.86;0;;BRAS_PF_PMC;ed. 1066;19;
BRASINDICE;1094;material;0000062983;05;961-22569-EGGK;NUTRIFICA;Nut. Par.Man.Platinum-lipid.compl.e/ou glicer;1560 mL;;;;;;N;;1;4553.84;0;4553.84;0;;BRAS_PF_PMC;ed. 1066;19;
BRASINDICE;1094;material;0000062984;05;961-22569-EGGL;NUTRIFICA;Nut. Par.Man.Platinum-lipid.compl.e/ou glicer;1800 mL;;;;;;N;;1;4633.77;0;4633.77;0;;BRAS_PF_PMC;ed. 1066;19;
BRASINDICE;1094;material;0000062985;05;961-22569-EGGM;NUTRIFICA;Nut. Par.Man.Platinum-lipid.compl.e/ou glicer;1960 mL;;;;;;N;;1;4718.53;0;4718.53;0;;BRAS_PF_PMC;ed. 1066;19;
BRASINDICE;1094;material;0000062986;05;961-22569-DDMY;NUTRIFICA;Nut. Par.Man.Platinum-lipid.compl.e/ou glicer;2000 ml;;;;;;N;;1;4766.06;0;4766.06;0;;BRAS_PF_PMC;ed. 1066;19;
BRASINDICE;1094;material;0000063187;05;961-22569-EGPF;NUTRIFICA;Nut. Par.Man.Platinum-lipid.compl.e/ou glicer;2200 mL;;;;;;N;;1;4756.74;0;4756.74;0;;BRAS_PF_PMC;ed. 1066;19;
BRASINDICE;1094;material;0000063188;05;961-22569-EGPG;NUTRIFICA;Nut. Par.Man.Platinum-lipid.compl.e/ou glicer;2400 mL;;;;;;N;;1;4799.53;0;4799.53;0;;BRAS_PF_PMC;ed. 1066;19;
BRASINDICE;1094;material;0000063189;05;961-22569-EGPJ;NUTRIFICA;Nut. Par.Man.Platinum-lipid.compl.e/ou glicer;2600 mL;;;;;;N;;1;5000.86;0;5000.86;0;;BRAS_PF_PMC;ed. 1066;19;
BRASINDICE;1094;material;0000068541;05;961-22569-EQKE;NUTRIFICA;Nut. Par.Man.Platinum-lipid.compl.e/ou glicer;2800 mL;;;;;;N;;1;5145.03;0;5145.03;0;;BRAS_PF_PMC;ed. 1066;19;
BRASINDICE;1094;material;0000068542;05;961-22569-EQKF;NUTRIFICA;Nut. Par.Man.Platinum-lipid.compl.e/ou glicer;3000 mL;;;;;;N;;1;5171.55;0;5171.55;0;;BRAS_PF_PMC;ed. 1066;19;
BRASINDICE;1094;material;0000091738;05;961-22569-FEVN;NUTRIFICA;Nut. Par.Man.Platinum-lipid.compl.e/ou glicer;1680 ml;;;;;;N;;1;4578;0;4578;0;;BRAS_PF_PMC;ed. 1066;19;
BRASINDICE;1094;material;0000062990;05;961-22571-ARIE;NUTRIFICA;Nut.Par.Man. - Platinum perif.  lipid. Compl. e/ou glicer. e/ou glutamina;1000 ml;;;;;;N;;1;3046.91;0;3046.91;0;;BRAS_PF_PMC;ed. 1066;19;
BRASINDICE;1094;material;0000062991;05;961-22571-EGGN;NUTRIFICA;Nut.Par.Man. - Platinum perif.  lipid. Compl. e/ou glicer. e/ou glutamina;1500 mL;;;;;;N;;1;3031.23;0;3031.23;0;;BRAS_PF_PMC;ed. 1066;19;
BRASINDICE;1094;material;0000063013;05;961-22571-DDMY;NUTRIFICA;Nut.Par.Man. - Platinum perif.  lipid. Compl. e/ou glicer. e/ou glutamina;2000 ml;;;;;;N;;1;3054.88;0;3054.88;0;;BRAS_PF_PMC;ed. 1066;19;
BRASINDICE;1094;material;0000004753;05;152-06466-AVLH;B.BRAUN;NUTR. ENT. - SONDAS ENTERAIS;Nutritub 2,8 x 3,8 - N/12 C/E;;;;;;N;;1;955.53;0;955.53;0;;BRAS_PF_PMC;ed. 1066;19;
BRASINDICE;1094;material;0000004754;05;152-06466-AWZU;B.BRAUN;NUTR. ENT. - SONDAS ENTERAIS;Nutritub Ped. N6 60 cm;;;;;;N;;1;630.31;0;630.31;0;;BRAS_PF_PMC;ed. 1066;19;
BRASINDICE;1094;material;0000004259;05;152-05870-CCAX;B.BRAUN;NUTR. ENTERAL - SISTEMA DE ADMINISTRACAO;Enteralfix multispike S para bomba de infusao;;;;;;N;;1;1098.07;0;1098.07;0;;BRAS_PF_PMC;ed. 1066;19;
BRASINDICE;1094;material;0000054889;05;152-21440-DREU;B.BRAUN;NUTR. ENTERAL - SISTEMA DE ADMINISTRACAO;Enteralfix AIR TK Esc;;;;;;N;;1;57.79;0;57.79;0;;BRAS_PF_PMC;ed. 1066;19;
BRASINDICE;1094;material;0000070610;05;152-05870-ETEK;B.BRAUN;NUTR. ENTERAL - SISTEMA DE ADMINISTRACAO;Enteralfix Air TK p/bomba de infusao;;;;;;N;;1;874.46;0;874.46;0;;BRAS_PF_PMC;ed. 1066;19;
BRASINDICE;1094;material;0000077972;05;152-05870-FBWU;B.BRAUN;NUTR. ENTERAL - SISTEMA DE ADMINISTRACAO;Infusomat Plus Set Enteral Air - 402112PL;;;;;;N;;1;1145.05;0;1145.05;0;;BRAS_PF_PMC;ed. 1081;19;
BRASINDICE;1094;material;0000077973;05;152-05870-FBWV;B.BRAUN;NUTR. ENTERAL - SISTEMA DE ADMINISTRACAO;Infusomat Plus Set Ent Multispike - 402113PL;;;;;;N;;1;1726.59;0;1726.59;0;;BRAS_PF_PMC;ed. 1081;19;
BRASINDICE;1094;material;0000077974;05;152-05870-CZPO;B.BRAUN;NUTR. ENTERAL - SISTEMA DE ADMINISTRACAO;Infusomat Space Set Enteral AIR - 402112SP;;;;;;N;;1;1145.05;0;1145.05;0;;BRAS_PF_PMC;ed. 1081;19;
BRASINDICE;1094;material;0000077975;05;152-05870-CZPP;B.BRAUN;NUTR. ENTERAL - SISTEMA DE ADMINISTRACAO;Infusomat Space Set Enteral Multispike - 402113SP;;;;;;N;;1;1726.59;0;1726.59;0;;BRAS_PF_PMC;ed. 1081;19;
BRASINDICE;1094;material;0000078555;05;152-05870-FCWF;B.BRAUN;NUTR. ENTERAL - SISTEMA DE ADMINISTRACAO;Adaptador universal p/ Nutricomp garrafa plastica;;;;;;N;;1;6.34;0;6.34;0;;BRAS_PF_PMC;ed. 1066;19;
BRASINDICE;1094;material;0000080179;05;152-05870-FFDX;B.BRAUN;NUTR. ENTERAL - SISTEMA DE ADMINISTRACAO;Enteralfix Cross Spike IL - 406106P;;;;;;N;;1;114.78;0;114.78;0;;BRAS_PF_PMC;ed. 1066;19;
BRASINDICE;1094;material;0000004846;05;152-06557-AWZY;B.BRAUN;NUTR. PARENT. - BOLSAS P/PREPARACAO NPT;Mix Bag 1000 ml - esteril;;;;;;N;;1;225.19;0;225.19;0;;BRAS_PF_PMC;ed. 1066;19;
BRASINDICE;1094;material;0000004847;05;152-06557-AWZZ;B.BRAUN;NUTR. PARENT. - BOLSAS P/PREPARACAO NPT;Mix Bag 2000 ml - esteril;;;;;;N;;1;256.57;0;256.57;0;;BRAS_PF_PMC;ed. 1066;19;
BRASINDICE;1094;material;0000004848;05;152-06557-AXAA;B.BRAUN;NUTR. PARENT. - BOLSAS P/PREPARACAO NPT;Mix Bag 3000 ml - esteril;;;;;;N;;1;275.99;0;275.99;0;;BRAS_PF_PMC;ed. 1066;19;
BRASINDICE;1094;material;0000004849;05;152-06557-AXAB;B.BRAUN;NUTR. PARENT. - BOLSAS P/PREPARACAO NPT;Mix Bag 100 ml - esteril;;;;;;N;;1;134.39;0;134.39;0;;BRAS_PF_PMC;ed. 1066;19;
BRASINDICE;1094;material;0000004850;05;152-06557-AXAC;B.BRAUN;NUTR. PARENT. - BOLSAS P/PREPARACAO NPT;Mix Bag 250 ml - esteril;;;;;;N;;1;213.27;0;213.27;0;;BRAS_PF_PMC;ed. 1066;19;
BRASINDICE;1094;material;0000004851;05;152-06557-AXAD;B.BRAUN;NUTR. PARENT. - BOLSAS P/PREPARACAO NPT;Mix Bag 500 ml - esteril;;;;;;N;;1;221.68;0;221.68;0;;BRAS_PF_PMC;ed. 1066;19;
BRASINDICE;1094;material;0000045864;05;152-06557-DJTU;B.BRAUN;NUTR. PARENT. - BOLSAS P/PREPARACAO NPT;Pinnacle Bag 250 ml;;;;;;N;;1;358.79;0;358.79;0;;BRAS_PF_PMC;ed. 1066;19;
BRASINDICE;1094;material;0000045865;05;152-06557-DJTV;B.BRAUN;NUTR. PARENT. - BOLSAS P/PREPARACAO NPT;Pinnacle Bag 500 ml;;;;;;N;;1;362.33;0;362.33;0;;BRAS_PF_PMC;ed. 1066;19;
BRASINDICE;1094;material;0000045866;05;152-06557-DJTW;B.BRAUN;NUTR. PARENT. - BOLSAS P/PREPARACAO NPT;Pinnacle Bag 1000 ml;;;;;;N;;1;396.5;0;396.5;0;;BRAS_PF_PMC;ed. 1066;19;
BRASINDICE;1094;material;0000045867;05;152-06557-DJTX;B.BRAUN;NUTR. PARENT. - BOLSAS P/PREPARACAO NPT;Pinnacle Bag 2000 ml;;;;;;N;;1;401.04;0;401.04;0;;BRAS_PF_PMC;ed. 1066;19;
BRASINDICE;1094;material;0000045868;05;152-06557-DJTY;B.BRAUN;NUTR. PARENT. - BOLSAS P/PREPARACAO NPT;Pinnacle Bag 3000 ml;;;;;;N;;1;403.67;0;403.67;0;;BRAS_PF_PMC;ed. 1066;19;
BRASINDICE;1094;material;0000045869;05;152-06557-DJTZ;B.BRAUN;NUTR. PARENT. - BOLSAS P/PREPARACAO NPT;Equipo 6 vias c/entrada;;;;;;N;;1;929.41;0;929.41;0;;BRAS_PF_PMC;ed. 1066;19;
BRASINDICE;1094;material;0000051151;05;152-06557-DQOD;B.BRAUN;NUTR. PARENT. - BOLSAS P/PREPARACAO NPT;Pinnacle Clamps p/bolsas de 1000, 2000, 3000 e 4000 ml;;;;;;N;;1;8.49;0;8.49;0;;BRAS_PF_PMC;ed. 1066;19;
BRASINDICE;1094;material;0000051152;05;152-06557-DQOE;B.BRAUN;NUTR. PARENT. - BOLSAS P/PREPARACAO NPT;Pinnacle Clamps para bolsas de 250 e 500 ml;;;;;;N;;1;7.36;0;7.36;0;;BRAS_PF_PMC;ed. 1066;19;
BRASINDICE;1094;material;0000016199;05;152-13429-ASND;B.BRAUN;NUTR. PARENT. - EQUIPOS. P/MISTURA NPT;Aminomix AIR p/ Mix Bag 1V;;;;;;N;;1;24.17;0;24.17;0;;BRAS_PF_PMC;ed. 1066;19;
BRASINDICE;1094;material;0000016200;05;152-13429-ASNE;B.BRAUN;NUTR. PARENT. - EQUIPOS. P/MISTURA NPT;Aminomix AIR p/ Mix Bag 2V;;;;;;N;;1;33.04;0;33.04;0;;BRAS_PF_PMC;ed. 1066;19;
BRASINDICE;1094;material;0000024680;05;728-15837-CKPI;PRODIET;NUTRICAO ENTERAL;Trophic Basic - Tetra Pak 1000 ml;;;;;;N;;1;337.82;0;337.82;0;;BRAS_PF_PMC;ed. 1072;19;
BRASINDICE;1094;material;0000024681;05;728-15837-CKPJ;PRODIET;NUTRICAO ENTERAL;Trophic Fiber - Tetra Pak 1000 ml;;;;;;N;;1;346.94;0;346.94;0;;BRAS_PF_PMC;ed. 1072;19;
BRASINDICE;1094;material;0000024682;05;728-15837-CKPK;PRODIET;NUTRICAO ENTERAL;Trophic 1,5 - Tetra Pak 1000 ml;;;;;;N;;1;390;0;390;0;;BRAS_PF_PMC;ed. 1072;19;
BRASINDICE;1094;material;0000044226;05;728-15837-DFRM;PRODIET;NUTRICAO ENTERAL;Trophic Basic - pote 800 g;;;;;;N;;1;449.27;0;449.27;0;;BRAS_PF_PMC;ed. 1072;19;
BRASINDICE;1094;material;0000046997;05;728-15837-DLLL;PRODIET;NUTRICAO ENTERAL;Trophic EP - Tetra Pak 1000 ml;;;;;;N;;1;420.9;0;420.9;0;;BRAS_PF_PMC;ed. 1072;19;
BRASINDICE;1094;material;0000063969;05;728-15837-EDZY;PRODIET;NUTRICAO ENTERAL;Trophic Infant - lata 400 g;;;;;;N;;1;152.35;0;152.35;0;;BRAS_PF_PMC;ed. 1072;19;
BRASINDICE;1094;material;0000071927;05;728-15837-EUVW;PRODIET;NUTRICAO ENTERAL;Trophic Soya - Tetra Pak 1000 ml;;;;;;N;;1;152.35;0;152.35;0;;BRAS_PF_PMC;ed. 1072;19;
BRASINDICE;1094;material;0000075943;05;728-15837-FNNQ;PRODIET;NUTRICAO ENTERAL;Trophic Infant - lata 800 g;;;;;;N;;1;318;0;318;0;;BRAS_PF_PMC;ed. 1072;19;
BRASINDICE;1094;material;0000081969;05;728-15837-FHMD;PRODIET;NUTRICAO ENTERAL;Trophic Basic - lata 400 g;;;;;;N;;1;234;0;234;0;;BRAS_PF_PMC;ed. 1072;19;
BRASINDICE;1094;material;0000082552;05;728-15837-FIGA;PRODIET;NUTRICAO ENTERAL;Trophic Basic - pote 2,07 kg;;;;;;N;;1;1160.4;0;1160.4;0;;BRAS_PF_PMC;ed. 1072;19;
BRASINDICE;1094;material;0000084178;05;728-15837-FKBZ;PRODIET;NUTRICAO ENTERAL;Trophic 1,5 - Tetra Pak 250 ml;;;;;;N;;1;331.2;0;331.2;0;;BRAS_PF_PMC;ed. 1072;19;
BRASINDICE;1094;material;0000084179;05;728-15837-FKCA;PRODIET;NUTRICAO ENTERAL;Trophic Soya - Tetra Pak 250 ml;;;;;;N;;1;254.02;0;254.02;0;;BRAS_PF_PMC;ed. 1090;19;
BRASINDICE;1094;material;0000084953;05;728-15837-FLCP;PRODIET;NUTRICAO ENTERAL;Trophic Soya 1.5 - Tetra Pak 1000 ml;;;;;;N;;1;320.7;0;320.7;0;;BRAS_PF_PMC;ed. 1072;19;
BRASINDICE;1094;material;0000090293;05;728-15837-FRMC;PRODIET;NUTRICAO ENTERAL;Trophic Basic RTH Nouriva - Tetra Pak 1000 ml;;;;;;N;;1;1472;0;1472;0;;BRAS_PF_PMC;ed. 1072;19;
BRASINDICE;1094;material;0000090294;05;728-15837-FRMD;PRODIET;NUTRICAO ENTERAL;Trophic 1,5 RTH Nouriva - Tetra Pak 1000 ml;;;;;;N;;1;1897.5;0;1897.5;0;;BRAS_PF_PMC;ed. 1072;19;
BRASINDICE;1094;material;0000090472;05;728-15837-FRRQ;PRODIET;NUTRICAO ENTERAL;Trophic Basic Vacuo - Sache 800 g;;;;;;N;;1;493.68;0;493.68;0;;BRAS_PF_PMC;ed. 1072;19;
BRASINDICE;1094;material;0000091731;05;728-15837-FTEP;PRODIET;NUTRICAO ENTERAL;Trophic Junior - lata 400 g;;;;;;N;;1;167.58;0;167.58;0;;BRAS_PF_PMC;ed. 1072;19;
BRASINDICE;1094;material;0000091732;05;728-15837-FTEQ;PRODIET;NUTRICAO ENTERAL;Trophic Junior - lata 800 g;;;;;;N;;1;349.8;0;349.8;0;;BRAS_PF_PMC;ed. 1072;19;
BRASINDICE;1094;material;0000093112;05;728-15837-FVDI;PRODIET;NUTRICAO ENTERAL;Trophic Soya - pote 800 g;;;;;;N;;1;510;0;510;0;;BRAS_PF_PMC;ed. 1072;19;
BRASINDICE;1094;material;0000093113;05;728-15837-FVDJ;PRODIET;NUTRICAO ENTERAL;Trophic Fiber - lata 400 g;;;;;;N;;1;246;0;246;0;;BRAS_PF_PMC;ed. 1072;19;
BRASINDICE;1094;material;0000093114;05;728-15837-FVDK;PRODIET;NUTRICAO ENTERAL;Trophic Fiber - pote 800 g;;;;;;N;;1;538.94;0;538.94;0;;BRAS_PF_PMC;ed. 1072;19;
BRASINDICE;1094;material;0000093115;05;728-15837-FVDL;PRODIET;NUTRICAO ENTERAL;Trophic Fiber - pote 1,92 kg;;;;;;N;;1;1184.4;0;1184.4;0;;BRAS_PF_PMC;ed. 1072;19;
BRASINDICE;1094;material;0000094350;05;728-15837-FWRB;PRODIET;NUTRICAO ENTERAL;Trophic 1,5 Protein RTH - Bag 1000 ml;;;;;;N;;1;2490;0;2490;0;;BRAS_PF_PMC;ed. 1084;19;
BRASINDICE;1094;material;0000094351;05;728-15837-FWRC;PRODIET;NUTRICAO ENTERAL;Trophic 1,5 Fiber RTH - Bag 1000 ml;;;;;;N;;1;2200;0;2200;0;;BRAS_PF_PMC;ed. 1084;19;
BRASINDICE;1094;material;0000095076;05;728-15837-FXEA;PRODIET;NUTRICAO ENTERAL;Trophic Cozy - sache 400 g;;;;;;N;;1;216;0;216;0;;BRAS_PF_PMC;ed. 1090;19;
BRASINDICE;1094;material;0000095077;05;728-15837-FXEB;PRODIET;NUTRICAO ENTERAL;Trophic Soya - Pote 2,07 kg;;;;;;N;;1;1150;0;1150;0;;BRAS_PF_PMC;ed. 1090;19;
BRASINDICE;1094;material;0000095078;05;728-15837-FXEC;PRODIET;NUTRICAO ENTERAL;Trophic Soya 1.5 Fiber - Tetra Pak 1000 ml;;;;;;N;;1;380;0;380;0;;BRAS_PF_PMC;ed. 1090;19;
BRASINDICE;1094;material;0000083427;05;152-26172-FJGH;B.BRAUN;NUTRICAO ENTERAL - LINHA ENFIT;402115SP - Infusomat Space Set 2 vias, ENFit;;;;;;N;;1;1891.03;0;1891.03;0;;BRAS_PF_PMC;ed. 1066;19;
BRASINDICE;1094;material;0000083428;05;152-26172-FJGI;B.BRAUN;NUTRICAO ENTERAL - LINHA ENFIT;402115PL - Infusomat Plus Set 2 vias, ENFit;;;;;;N;;1;1891.03;0;1891.03;0;;BRAS_PF_PMC;ed. 1066;19;
BRASINDICE;1094;material;0000083429;05;152-26172-FJGJ;B.BRAUN;NUTRICAO ENTERAL - LINHA ENFIT;402114P - Enteralfix Compact, ENFit;;;;;;N;;1;1174.93;0;1174.93;0;;BRAS_PF_PMC;ed. 1066;19;
BRASINDICE;1094;material;0000083430;05;152-26172-FJGK;B.BRAUN;NUTRICAO ENTERAL - LINHA ENFIT;402114PL - Infusomat Plus Set, ENFit;;;;;;N;;1;1759.48;0;1759.48;0;;BRAS_PF_PMC;ed. 1066;19;
BRASINDICE;1094;material;0000083431;05;152-26172-FJGL;B.BRAUN;NUTRICAO ENTERAL - LINHA ENFIT;402114SP - Infusomat Space Set, ENFit;;;;;;N;;1;1759.48;0;1759.48;0;;BRAS_PF_PMC;ed. 1066;19;
BRASINDICE;1094;material;0000083432;05;152-26172-FJGM;B.BRAUN;NUTRICAO ENTERAL - LINHA ENFIT;834214 - Perfusor Enteral, ENFit;;;;;;N;;1;189.32;0;189.32;0;;BRAS_PF_PMC;ed. 1081;19;
BRASINDICE;1094;material;0000083433;05;152-26172-FJGN;B.BRAUN;NUTRICAO ENTERAL - LINHA ENFIT;402107P - Enteralfix Cross Spike, ENFit;;;;;;N;;1;137.74;0;137.74;0;;BRAS_PF_PMC;ed. 1066;19;
BRASINDICE;1094;material;0000083434;05;152-26172-FJGO;B.BRAUN;NUTRICAO ENTERAL - LINHA ENFIT;9246511 - Nutritub Gastral ENFit Paed CH6;;;;;;N;;1;819.4;0;819.4;0;;BRAS_PF_PMC;ed. 1066;19;
BRASINDICE;1094;material;0000083435;05;152-26172-FJGP;B.BRAUN;NUTRICAO ENTERAL - LINHA ENFIT;9246586 - Nutritub Intestinal ENFit CH12;;;;;;N;;1;1242.19;0;1242.19;0;;BRAS_PF_PMC;ed. 1066;19;
BRASINDICE;1094;material;0000081668;05;868-25680-FHEE;FAMAP;NUTRICAO ENTERAL MANIPULADA - MANIPULADA;Form. Cetogenica - mL;;;;;;N;;1;1.72;0;1.72;0;;BRAS_PF_PMC;ed. 1066;19;
BRASINDICE;1094;material;0000081669;05;868-25680-FHED;FAMAP;NUTRICAO ENTERAL MANIPULADA - MANIPULADA;Form. Prematuros - mL;;;;;;N;;1;0.77;0;0.77;0;;BRAS_PF_PMC;ed. 1066;19;
BRASINDICE;1094;material;0000081670;05;868-25680-FHEC;FAMAP;NUTRICAO ENTERAL MANIPULADA - MANIPULADA;Form. Partida - mL;;;;;;N;;1;0.51;0;0.51;0;;BRAS_PF_PMC;ed. 1066;19;
BRASINDICE;1094;material;0000081671;05;868-25680-FHEB;FAMAP;NUTRICAO ENTERAL MANIPULADA - MANIPULADA;Form. Seguimento 2º Sem - mL;;;;;;N;;1;0.46;0;0.46;0;;BRAS_PF_PMC;ed. 1066;19;
BRASINDICE;1094;material;0000081672;05;868-25680-FHEA;FAMAP;NUTRICAO ENTERAL MANIPULADA - MANIPULADA;Form. Seguimento 3º Sem - mL;;;;;;N;;1;0.46;0;0.46;0;;BRAS_PF_PMC;ed. 1066;19;
BRASINDICE;1094;material;0000081673;05;868-25680-FHDZ;FAMAP;NUTRICAO ENTERAL MANIPULADA - MANIPULADA;Form. Anti-Regurgitacao - mL;;;;;;N;;1;0.49;0;0.49;0;;BRAS_PF_PMC;ed. 1066;19;
BRASINDICE;1094;material;0000081674;05;868-25680-FHDY;FAMAP;NUTRICAO ENTERAL MANIPULADA - MANIPULADA;Form. Hipoalergenica - mL;;;;;;N;;1;0.58;0;0.58;0;;BRAS_PF_PMC;ed. 1066;19;
BRASINDICE;1094;material;0000081675;05;868-25680-FHDX;FAMAP;NUTRICAO ENTERAL MANIPULADA - MANIPULADA;Form Sem Lactose - mL;;;;;;N;;1;0.45;0;0.45;0;;BRAS_PF_PMC;ed. 1066;19;
BRASINDICE;1094;material;0000081676;05;868-25680-FHDW;FAMAP;NUTRICAO ENTERAL MANIPULADA - MANIPULADA;Form Base de Soja - mL;;;;;;N;;1;0.49;0;0.49;0;;BRAS_PF_PMC;ed. 1066;19;
BRASINDICE;1094;material;0000081677;05;868-25680-FHDV;FAMAP;NUTRICAO ENTERAL MANIPULADA - MANIPULADA;Form. Semi-Elementar - mL;;;;;;N;;1;0.62;0;0.62;0;;BRAS_PF_PMC;ed. 1066;19;
BRASINDICE;1094;material;0000081678;05;868-25680-FHDU;FAMAP;NUTRICAO ENTERAL MANIPULADA - MANIPULADA;Form. Elementar - mL;;;;;;N;;1;1.39;0;1.39;0;;BRAS_PF_PMC;ed. 1066;19;
BRASINDICE;1094;material;0000081679;05;868-25680-FHDT;FAMAP;NUTRICAO ENTERAL MANIPULADA - MANIPULADA;Form. Hipercaloria 1.0 (0-12 m) - mL;;;;;;N;;1;1.1;0;1.1;0;;BRAS_PF_PMC;ed. 1066;19;
BRASINDICE;1094;material;0000081680;05;868-25680-DSLS;FAMAP;NUTRICAO ENTERAL MANIPULADA - MANIPULADA;Achocolatado - mL;;;;;;N;;1;0.14;0;0.14;0;;BRAS_PF_PMC;ed. 1066;19;
BRASINDICE;1094;material;0000081681;05;868-25680-FHDS;FAMAP;NUTRICAO ENTERAL MANIPULADA - MANIPULADA;Leite Int. c/ ou s/Cereais - mL;;;;;;N;;1;0.14;0;0.14;0;;BRAS_PF_PMC;ed. 1066;19;
BRASINDICE;1094;material;0000081682;05;868-25680-FHDR;FAMAP;NUTRICAO ENTERAL MANIPULADA - MANIPULADA;Form. Normoproteica Ped. - mL;;;;;;N;;1;0.36;0;0.36;0;;BRAS_PF_PMC;ed. 1066;19;
BRASINDICE;1094;material;0000081683;05;868-25680-FHDQ;FAMAP;NUTRICAO ENTERAL MANIPULADA - MANIPULADA;Form. Hiperproteica Ped. - mL;;;;;;N;;1;0.9;0;0.9;0;;BRAS_PF_PMC;ed. 1066;19;
BRASINDICE;1094;material;0000081684;05;868-25680-FHDP;FAMAP;NUTRICAO ENTERAL MANIPULADA - MANIPULADA;Form. Semi-Elementar Ped. - mL;;;;;;N;;1;0.62;0;0.62;0;;BRAS_PF_PMC;ed. 1066;19;
BRASINDICE;1094;material;0000081685;05;868-25680-FHDO;FAMAP;NUTRICAO ENTERAL MANIPULADA - MANIPULADA;Form. Normoproteica Adulto - mL;;;;;;N;;1;0.36;0;0.36;0;;BRAS_PF_PMC;ed. 1066;19;
BRASINDICE;1094;material;0000081686;05;868-25680-FHDN;FAMAP;NUTRICAO ENTERAL MANIPULADA - MANIPULADA;Form. Hiperproteica Adulto - mL;;;;;;N;;1;0.9;0;0.9;0;;BRAS_PF_PMC;ed. 1066;19;
BRASINDICE;1094;material;0000081687;05;868-25680-FHDM;FAMAP;NUTRICAO ENTERAL MANIPULADA - MANIPULADA;For. Diabetes Adulto - mL;;;;;;N;;1;0.37;0;0.37;0;;BRAS_PF_PMC;ed. 1066;19;
BRASINDICE;1094;material;0000081688;05;868-25680-FHDL;FAMAP;NUTRICAO ENTERAL MANIPULADA - MANIPULADA;Pneumo/hepato/Nefropatia - mL;;;;;;N;;1;0.49;0;0.49;0;;BRAS_PF_PMC;ed. 1066;19;
BRASINDICE;1094;material;0000081703;05;868-25682-FHDG;FAMAP;NUTRICAO ENTERAL MANIPULADA - MATERIAIS DESCARTAVEIS;Frasco Descart. NE 100 e 300 ml;;;;;;N;;1;4.16;0;4.16;0;;BRAS_PF_PMC;ed. 1066;19;
BRASINDICE;1094;material;0000081704;05;868-25682-FHDH;FAMAP;NUTRICAO ENTERAL MANIPULADA - MATERIAIS DESCARTAVEIS;Mamadeira Desc s/bico/tampa 100 ml;;;;;;N;;1;8.31;0;8.31;0;;BRAS_PF_PMC;ed. 1066;19;
BRASINDICE;1094;material;0000081705;05;868-25682-FHDI;FAMAP;NUTRICAO ENTERAL MANIPULADA - MATERIAIS DESCARTAVEIS;Mamadeira Desc s/bico/tampa 160 ml;;;;;;N;;1;8.91;0;8.91;0;;BRAS_PF_PMC;ed. 1066;19;
BRASINDICE;1094;material;0000081706;05;868-25682-FHDJ;FAMAP;NUTRICAO ENTERAL MANIPULADA - MATERIAIS DESCARTAVEIS;Mamadeira Desc s/bico/tampa 240 ml;;;;;;N;;1;9.5;0;9.5;0;;BRAS_PF_PMC;ed. 1066;19;
BRASINDICE;1094;material;0000081707;05;868-25682-FHDK;FAMAP;NUTRICAO ENTERAL MANIPULADA - MATERIAIS DESCARTAVEIS;Copo Desc. Leite Materno 60 ml;;;;;;N;;1;6.53;0;6.53;0;;BRAS_PF_PMC;ed. 1066;19;
BRASINDICE;1094;material;0000081697;05;868-19327-DDLZ;FAMAP;NUTRICAO ENTERAL MANIPULADA - MODULOS;Glutamina - g;;;;;;N;;1;4.11;0;4.11;0;;BRAS_PF_PMC;ed. 1066;19;
BRASINDICE;1094;material;0000081698;05;868-19327-DDMA;FAMAP;NUTRICAO ENTERAL MANIPULADA - MODULOS;Maltodextrina - g;;;;;;N;;1;0.56;0;0.56;0;;BRAS_PF_PMC;ed. 1066;19;
BRASINDICE;1094;material;0000081699;05;868-19327-FHDC;FAMAP;NUTRICAO ENTERAL MANIPULADA - MODULOS;Mix de Fibras ou Fibras Soluveis - g;;;;;;N;;1;0.94;0;0.94;0;;BRAS_PF_PMC;ed. 1066;19;
BRASINDICE;1094;material;0000081700;05;868-19327-FHDD;FAMAP;NUTRICAO ENTERAL MANIPULADA - MODULOS;Proteina Caseinato/soro do Leite - g;;;;;;N;;1;1.35;0;1.35;0;;BRAS_PF_PMC;ed. 1066;19;
BRASINDICE;1094;material;0000081701;05;868-19327-FHDE;FAMAP;NUTRICAO ENTERAL MANIPULADA - MODULOS;TCM com ou sem AGE - mL;;;;;;N;;1;2.33;0;2.33;0;;BRAS_PF_PMC;ed. 1066;19;
BRASINDICE;1094;material;0000081702;05;868-19327-FHDF;FAMAP;NUTRICAO ENTERAL MANIPULADA - MODULOS;Espessante Base amido de milho - g;;;;;;N;;1;0.61;0;0.61;0;;BRAS_PF_PMC;ed. 1066;19;
BRASINDICE;1094;material;0000081689;05;868-25681-FHCU;FAMAP;NUTRICAO ENTERAL MANIPULADA - SACHES;Maltodextrina 5 g - un.;;;;;;N;;1;5.82;0;5.82;0;;BRAS_PF_PMC;ed. 1066;19;
BRASINDICE;1094;material;0000081690;05;868-25681-FHCV;FAMAP;NUTRICAO ENTERAL MANIPULADA - SACHES;Mix de Fibras 5 g - un.;;;;;;N;;1;10.99;0;10.99;0;;BRAS_PF_PMC;ed. 1066;19;
BRASINDICE;1094;material;0000081691;05;868-25681-FHCW;FAMAP;NUTRICAO ENTERAL MANIPULADA - SACHES;Fibra soluveis 5 g - un.;;;;;;N;;1;11.07;0;11.07;0;;BRAS_PF_PMC;ed. 1066;19;
BRASINDICE;1094;material;0000081692;05;868-25681-FHCX;FAMAP;NUTRICAO ENTERAL MANIPULADA - SACHES;Proteina Soro do Leite 5 g - un.;;;;;;N;;1;12.67;0;12.67;0;;BRAS_PF_PMC;ed. 1066;19;
BRASINDICE;1094;material;0000081693;05;868-25681-FHCY;FAMAP;NUTRICAO ENTERAL MANIPULADA - SACHES;Proteina Caseinato de Calcio 5 g - un.;;;;;;N;;1;12.45;0;12.45;0;;BRAS_PF_PMC;ed. 1066;19;
BRASINDICE;1094;material;0000081694;05;868-25681-FHCZ;FAMAP;NUTRICAO ENTERAL MANIPULADA - SACHES;Glutamina 5 g - un.;;;;;;N;;1;8.65;0;8.65;0;;BRAS_PF_PMC;ed. 1066;19;
BRASINDICE;1094;material;0000081695;05;868-25681-FHDA;FAMAP;NUTRICAO ENTERAL MANIPULADA - SACHES;Espessante Base Goma xantana 5 g - un.;;;;;;N;;1;16.03;0;16.03;0;;BRAS_PF_PMC;ed. 1066;19;
BRASINDICE;1094;material;0000081696;05;868-25681-FHDB;FAMAP;NUTRICAO ENTERAL MANIPULADA - SACHES;Espessante Base amido de milho 5 g - un.;;;;;;N;;1;9.86;0;9.86;0;;BRAS_PF_PMC;ed. 1066;19;
BRASINDICE;1094;material;0000059785;05;836-19418-DDYD;TECNO VIDA;NUTRICAO ENTERAL USO ADULTO - Formulas Especiais e Pediatrica;NET 15 - Insuficiencia Renal Dialitica 2.0 Kcal/ml - 1000 ml;;;;;;N;;1;1411.29;0;1411.29;0;;BRAS_PF_PMC;ed. 1066;19;
BRASINDICE;1094;material;0000059786;05;836-19418-DDYE;TECNO VIDA;NUTRICAO ENTERAL USO ADULTO - Formulas Especiais e Pediatrica;NET 16 - Insuficiencia Renal Conservador 2,0 Kcal/ml - 1000 ml;;;;;;N;;1;1324.9;0;1324.9;0;;BRAS_PF_PMC;ed. 1066;19;
BRASINDICE;1094;material;0000059787;05;836-19418-DDYF;TECNO VIDA;NUTRICAO ENTERAL USO ADULTO - Formulas Especiais e Pediatrica;NET 17 - Insuficiencia Respiratoria 1,5 kcal/ml - 1000 ml;;;;;;N;;1;467;0;467;0;;BRAS_PF_PMC;ed. 1066;19;
BRASINDICE;1094;material;0000059788;05;836-19418-DDYG;TECNO VIDA;NUTRICAO ENTERAL USO ADULTO - Formulas Especiais e Pediatrica;NET 18 - Insuficiencia Hepatica 1,3 Kcal/ml - 1000 ml;;;;;;N;;1;1224.99;0;1224.99;0;;BRAS_PF_PMC;ed. 1066;19;
BRASINDICE;1094;material;0000059789;05;836-19418-DDYJ;TECNO VIDA;NUTRICAO ENTERAL USO ADULTO - Formulas Especiais e Pediatrica;NET 19 - Diabetes 1.0 Kcal/ml - 1000 ml;;;;;;N;;1;1251.77;0;1251.77;0;;BRAS_PF_PMC;ed. 1066;19;
BRASINDICE;1094;material;0000059790;05;836-19418-DDYK;TECNO VIDA;NUTRICAO ENTERAL USO ADULTO - Formulas Especiais e Pediatrica;NET 20 - Pediatria 1.0 Kcal/ml - 1000 ml;;;;;;N;;1;912.2;0;912.2;0;;BRAS_PF_PMC;ed. 1066;19;
BRASINDICE;1094;material;0000059791;05;836-19418-DDYL;TECNO VIDA;NUTRICAO ENTERAL USO ADULTO - Formulas Especiais e Pediatrica;NET 21 - Pediatria c/f 1.0 Kcal/ml - 1000 ml;;;;;;N;;1;821.32;0;821.32;0;;BRAS_PF_PMC;ed. 1066;19;
BRASINDICE;1094;material;0000059792;05;836-19418-DDYM;TECNO VIDA;NUTRICAO ENTERAL USO ADULTO - Formulas Especiais e Pediatrica;NET 22 - Imunomoduladora 1.0 Kcal/ml - 1000 ml;;;;;;N;;1;2137.2;0;2137.2;0;;BRAS_PF_PMC;ed. 1066;19;
BRASINDICE;1094;material;0000059793;05;836-19418-DDYN;TECNO VIDA;NUTRICAO ENTERAL USO ADULTO - Formulas Especiais e Pediatrica;NET 23 - Oligomerica 1.0 Kcal/ml - 1000 ml;;;;;;N;;1;2217.12;0;2217.12;0;;BRAS_PF_PMC;ed. 1066;19;
BRASINDICE;1094;material;0000059794;05;836-19418-DDYO;TECNO VIDA;NUTRICAO ENTERAL USO ADULTO - Formulas Especiais e Pediatrica;NET 24 - Oligomerica 1.3 Kcal/ml - 1000 ml;;;;;;N;;1;1916.19;0;1916.19;0;;BRAS_PF_PMC;ed. 1066;19;
BRASINDICE;1094;material;0000059795;05;836-19418-DDYP;TECNO VIDA;NUTRICAO ENTERAL USO ADULTO - Formulas Especiais e Pediatrica;NET 25 - Oligomonomerica 1.0 Kcal/ml - 1000 ml;;;;;;N;;1;1439.18;0;1439.18;0;;BRAS_PF_PMC;ed. 1066;19;
BRASINDICE;1094;material;0000059796;05;836-19418-DDYQ;TECNO VIDA;NUTRICAO ENTERAL USO ADULTO - Formulas Especiais e Pediatrica;NET 26 - Oligomonomerica 1.5 Kcal/ml - 1000 ml;;;;;;N;;1;1305.21;0;1305.21;0;;BRAS_PF_PMC;ed. 1066;19;
BRASINDICE;1094;material;0000059797;05;836-19418-DDYR;TECNO VIDA;NUTRICAO ENTERAL USO ADULTO - Formulas Especiais e Pediatrica;NET 27 - Sindrome de ma absorcao 1.0 Kcal/ml - 1000 ml;;;;;;N;;1;1219.11;0;1219.11;0;;BRAS_PF_PMC;ed. 1066;19;
BRASINDICE;1094;material;0000088764;05;836-19418-FPOF;TECNO VIDA;NUTRICAO ENTERAL USO ADULTO - Formulas Especiais e Pediatrica;NET 19.1 - Diabetes 1.5 Kcal/ml - 1000 ml;;;;;;N;;1;1502.12;0;1502.12;0;;BRAS_PF_PMC;ed. 1066;19;
BRASINDICE;1094;material;0000059771;05;836-19417-DDXP;TECNO VIDA;NUTRICAO ENTERAL USO ADULTO - Formulas Padronizadas - Polimericas;NET 1 - Normocalorica/Normoproteica s/s 1.0 Kcal/ml - 1000 ml;;;;;;N;;1;721.5;0;721.5;0;;BRAS_PF_PMC;ed. 1066;19;
BRASINDICE;1094;material;0000059772;05;836-19417-DDXQ;TECNO VIDA;NUTRICAO ENTERAL USO ADULTO - Formulas Padronizadas - Polimericas;NET 2 - Normocalorica/Normoproteica c/s 1.0 Kcal/ml - 1000 ml;;;;;;N;;1;739.41;0;739.41;0;;BRAS_PF_PMC;ed. 1066;19;
BRASINDICE;1094;material;0000059773;05;836-19417-DDXR;TECNO VIDA;NUTRICAO ENTERAL USO ADULTO - Formulas Padronizadas - Polimericas;NET 3 - Normocalorica/Normoproteica s/s c/f 1.0 Kcal/ml - 1000 ml;;;;;;N;;1;939.2;0;939.2;0;;BRAS_PF_PMC;ed. 1066;19;
BRASINDICE;1094;material;0000059774;05;836-19417-DDXS;TECNO VIDA;NUTRICAO ENTERAL USO ADULTO - Formulas Padronizadas - Polimericas;NET 4 - Normocalorica/Normoproteica c/s c/f 1.0 Kcal/ml - 1000 ml;;;;;;N;;1;951.32;0;951.32;0;;BRAS_PF_PMC;ed. 1066;19;
BRASINDICE;1094;material;0000059775;05;836-19417-DDXT;TECNO VIDA;NUTRICAO ENTERAL USO ADULTO - Formulas Padronizadas - Polimericas;NET 5 - Hipercalorica/Normoproteica s/s 1.2 Kcal/ml - 1000 ml;;;;;;N;;1;1914.2;0;1914.2;0;;BRAS_PF_PMC;ed. 1066;19;
BRASINDICE;1094;material;0000059776;05;836-19417-DDXU;TECNO VIDA;NUTRICAO ENTERAL USO ADULTO - Formulas Padronizadas - Polimericas;NET 6 - Hipercalorica/Normoproteica c/f 1.2 Kcal/ml - 1000 ml;;;;;;N;;1;1751.41;0;1751.41;0;;BRAS_PF_PMC;ed. 1066;19;
BRASINDICE;1094;material;0000059777;05;836-19417-DDXV;TECNO VIDA;NUTRICAO ENTERAL USO ADULTO - Formulas Padronizadas - Polimericas;NET 7 - Hipercalorica/Normoproteica s/f 1.5 Kcal/ml - 1000 ml;;;;;;N;;1;1398.9;0;1398.9;0;;BRAS_PF_PMC;ed. 1066;19;
BRASINDICE;1094;material;0000059778;05;836-19417-DDXW;TECNO VIDA;NUTRICAO ENTERAL USO ADULTO - Formulas Padronizadas - Polimericas;NET 8 - Hipercalorica/Normoproteica c/f 1.5 Kcal/ml - 1000 ml;;;;;;N;;1;1313.52;0;1313.52;0;;BRAS_PF_PMC;ed. 1066;19;
BRASINDICE;1094;material;0000059779;05;836-19417-DDXX;TECNO VIDA;NUTRICAO ENTERAL USO ADULTO - Formulas Padronizadas - Polimericas;NET 9 - Normocalorica/Hiperproteica s/f 1.0 Kcal/ml - 1000 ml;;;;;;N;;1;751.27;0;751.27;0;;BRAS_PF_PMC;ed. 1066;19;
BRASINDICE;1094;material;0000059780;05;836-19417-DDXY;TECNO VIDA;NUTRICAO ENTERAL USO ADULTO - Formulas Padronizadas - Polimericas;NET 10 - Normocalorica/Hiperproteica c/f 1.0 Kcal/ml - 1000 ml;;;;;;N;;1;782.9;0;782.9;0;;BRAS_PF_PMC;ed. 1066;19;
BRASINDICE;1094;material;0000059781;05;836-19417-DDXZ;TECNO VIDA;NUTRICAO ENTERAL USO ADULTO - Formulas Padronizadas - Polimericas;NET 11 - Hipercalorica/Hiperproteica s/f 1.2 Kcal/ml - 1000 ml;;;;;;N;;1;1913.2;0;1913.2;0;;BRAS_PF_PMC;ed. 1066;19;
BRASINDICE;1094;material;0000059782;05;836-19417-DDYA;TECNO VIDA;NUTRICAO ENTERAL USO ADULTO - Formulas Padronizadas - Polimericas;NET 12 - Hipercalorica/Hiperproteica c/f 1.2 Kcal/ml - 1000 ml;;;;;;N;;1;1721.43;0;1721.43;0;;BRAS_PF_PMC;ed. 1066;19;
BRASINDICE;1094;material;0000059783;05;836-19417-DDYB;TECNO VIDA;NUTRICAO ENTERAL USO ADULTO - Formulas Padronizadas - Polimericas;NET 13 - Hipercalorica/Hiperproteica s/f 1,5 Kcal/ml - 1000 ml;;;;;;N;;1;1449.9;0;1449.9;0;;BRAS_PF_PMC;ed. 1066;19;
BRASINDICE;1094;material;0000059784;05;836-19417-DDYC;TECNO VIDA;NUTRICAO ENTERAL USO ADULTO - Formulas Padronizadas - Polimericas;NET 14 - Hipercalorica/Hiperproteica c/f 1,5 Kcal/ml - 1000 ml;;;;;;N;;1;1910.12;0;1910.12;0;;BRAS_PF_PMC;ed. 1066;19;
BRASINDICE;1094;material;0000059798;05;836-19419-ECDW;TECNO VIDA;NUTRICAO ENTERAL USO ADULTO - Modulos;NET Fibra  soluvel com Probiotico - 10 g;;;;;;N;;1;38.85;0;38.85;0;;BRAS_PF_PMC;ed. 1066;19;
BRASINDICE;1094;material;0000059799;05;836-19419-DDYT;TECNO VIDA;NUTRICAO ENTERAL USO ADULTO - Modulos;NET Fibras Soluveis - 10 g;;;;;;N;;1;29.82;0;29.82;0;;BRAS_PF_PMC;ed. 1066;19;
BRASINDICE;1094;material;0000059800;05;836-19419-DDYU;TECNO VIDA;NUTRICAO ENTERAL USO ADULTO - Modulos;NET Mix de fibras - 10 g;;;;;;N;;1;25.13;0;25.13;0;;BRAS_PF_PMC;ed. 1066;19;
BRASINDICE;1094;material;0000059801;05;836-19419-DDYV;TECNO VIDA;NUTRICAO ENTERAL USO ADULTO - Modulos;NET Maltodextrina - 10 g;;;;;;N;;1;16.33;0;16.33;0;;BRAS_PF_PMC;ed. 1066;19;
BRASINDICE;1094;material;0000059802;05;836-19419-DDYW;TECNO VIDA;NUTRICAO ENTERAL USO ADULTO - Modulos;NET Proteina do soro do leite - 10 g;;;;;;N;;1;28.04;0;28.04;0;;BRAS_PF_PMC;ed. 1066;19;
BRASINDICE;1094;material;0000059803;05;836-19419-DDYS;TECNO VIDA;NUTRICAO ENTERAL USO ADULTO - Modulos;NET Glutamina - 10 g;;;;;;N;;1;35.31;0;35.31;0;;BRAS_PF_PMC;ed. 1066;19;
BRASINDICE;1094;material;0000059804;05;836-19419-DDYZ;TECNO VIDA;NUTRICAO ENTERAL USO ADULTO - Modulos;NET Albumina - 10 g;;;;;;N;;1;16.32;0;16.32;0;;BRAS_PF_PMC;ed. 1066;19;
BRASINDICE;1094;material;0000059805;05;836-19419-ECDX;TECNO VIDA;NUTRICAO ENTERAL USO ADULTO - Modulos;NET Caseinato - 10g;;;;;;N;;1;26.22;0;26.22;0;;BRAS_PF_PMC;ed. 1066;19;
BRASINDICE;1094;material;0000059806;05;836-19419-DDZA;TECNO VIDA;NUTRICAO ENTERAL USO ADULTO - Modulos;NET TCL - 10 ml;;;;;;N;;1;17.94;0;17.94;0;;BRAS_PF_PMC;ed. 1066;19;
BRASINDICE;1094;material;0000059807;05;836-19419-DDZB;TECNO VIDA;NUTRICAO ENTERAL USO ADULTO - Modulos;NET TCM c/ age - 10 ml;;;;;;N;;1;21.42;0;21.42;0;;BRAS_PF_PMC;ed. 1066;19;
BRASINDICE;1094;material;0000059808;05;836-19419-DDZC;TECNO VIDA;NUTRICAO ENTERAL USO ADULTO - Modulos;NET Espessante - 10 g;;;;;;N;;1;42.22;0;42.22;0;;BRAS_PF_PMC;ed. 1066;19;
BRASINDICE;1094;material;0000088385;05;836-19419-FOZC;TECNO VIDA;NUTRICAO ENTERAL USO ADULTO - Modulos;NET Proteina + Arginina 10 g;;;;;;N;;1;30;0;30;0;;BRAS_PF_PMC;ed. 1066;19;
BRASINDICE;1094;material;0000088386;05;836-19419-FOZD;TECNO VIDA;NUTRICAO ENTERAL USO ADULTO - Modulos;NET Proteina Body Balance 10 g;;;;;;N;;1;35;0;35;0;;BRAS_PF_PMC;ed. 1066;19;
BRASINDICE;1094;material;0000025649;05;728-15990-CLUG;PRODIET;NUTRICAO ESPECIALIZADA;DiamaxlG - Tetra Pak 200 ml;;;;;;N;;1;147.84;0;147.84;0;;BRAS_PF_PMC;ed. 1090;19;
BRASINDICE;1094;material;0000025650;05;728-15990-CLUH;PRODIET;NUTRICAO ESPECIALIZADA;HDmax - Tetra Pak 200 ml;;;;;;N;;1;194.88;0;194.88;0;;BRAS_PF_PMC;ed. 1090;19;
BRASINDICE;1094;material;0000054771;05;728-15990-DVAP;PRODIET;NUTRICAO ESPECIALIZADA;DiamaxlG - Tetra Pak 1000 ml;;;;;;N;;1;404.04;0;404.04;0;;BRAS_PF_PMC;ed. 1072;19;
BRASINDICE;1094;material;0000063970;05;728-15990-CWAS;PRODIET;NUTRICAO ESPECIALIZADA;Peptimax Lata 400 g;;;;;;N;;1;483;0;483;0;;BRAS_PF_PMC;ed. 1072;19;
BRASINDICE;1094;material;0000069868;05;728-15990-ESGS;PRODIET;NUTRICAO ESPECIALIZADA;Immax - Lata 350 g;;;;;;N;;1;357.6;0;357.6;0;;BRAS_PF_PMC;ed. 1072;19;
BRASINDICE;1094;material;0000079837;05;728-15990-FESV;PRODIET;NUTRICAO ESPECIALIZADA;Instanth NEO Sache 13,75 g;;;;;;N;;1;22.32;0;22.32;0;;BRAS_PF_PMC;ed. 1072;19;
BRASINDICE;1094;material;0000079838;05;728-15990-FESW;PRODIET;NUTRICAO ESPECIALIZADA;Instanth Clear - Lata 300 g;;;;;;N;;1;388;0;388;0;;BRAS_PF_PMC;ed. 1084;19;
BRASINDICE;1094;material;0000084699;05;728-15990-FKTU;PRODIET;NUTRICAO ESPECIALIZADA;Immax - Lata 700 g;;;;;;N;;1;504;0;504;0;;BRAS_PF_PMC;ed. 1072;19;
BRASINDICE;1094;material;0000087568;05;728-15990-FNVG;PRODIET;NUTRICAO ESPECIALIZADA;DiamaxIN - Lata 740 g;;;;;;N;;1;254.4;0;254.4;0;;BRAS_PF_PMC;ed. 1072;19;
BRASINDICE;1094;material;0000087569;05;728-15990-FNVH;PRODIET;NUTRICAO ESPECIALIZADA;DiamaxIN - Lata 370 g;;;;;;N;;1;137.52;0;137.52;0;;BRAS_PF_PMC;ed. 1072;19;
BRASINDICE;1094;material;0000091730;05;728-15990-FTEO;PRODIET;NUTRICAO ESPECIALIZADA;Correctmax Sache 10 g;;;;;;N;;1;107.52;0;107.52;0;;BRAS_PF_PMC;ed. 1090;19;
BRASINDICE;1094;material;0000093111;05;728-15990-FVDH;PRODIET;NUTRICAO ESPECIALIZADA;DiamaxlG RTH Nouriva - Tetra Pak 1000 ml;;;;;;N;;1;1790;0;1790;0;;BRAS_PF_PMC;ed. 1072;19;
BRASINDICE;1094;material;0000094352;05;728-15990-FWRD;PRODIET;NUTRICAO ESPECIALIZADA;DiamaxlG RTH - Bag 1000 ml;;;;;;N;;1;1980;0;1980;0;;BRAS_PF_PMC;ed. 1084;19;
BRASINDICE;1094;material;0000071432;05;946-23328-FLQD;FARMOTERAPICA;NUTRICAO PARENTERAL;0,01 a 200 mL - Bolsa;;;;;;N;;1;752.6;0;752.6;0;;BRAS_PF_PMC;ed. 1087;19;
BRASINDICE;1094;material;0000071433;05;946-23328-EQPM;FARMOTERAPICA;NUTRICAO PARENTERAL;200,01 a 500 mL - Bolsa;;;;;;N;;1;996.4;0;996.4;0;;BRAS_PF_PMC;ed. 1087;19;
BRASINDICE;1094;material;0000071434;05;946-23328-EQPN;FARMOTERAPICA;NUTRICAO PARENTERAL;500,01 a 1.000 mL - Bolsa;;;;;;N;;1;1335.6;0;1335.6;0;;BRAS_PF_PMC;ed. 1087;19;
BRASINDICE;1094;material;0000071435;05;946-23328-EQPO;FARMOTERAPICA;NUTRICAO PARENTERAL;1.000,01 a 1.500 mL - Bolsa;;;;;;N;;1;1494.6;0;1494.6;0;;BRAS_PF_PMC;ed. 1087;19;
BRASINDICE;1094;material;0000071436;05;946-23328-EQPP;FARMOTERAPICA;NUTRICAO PARENTERAL;1.500,01 a 2.000 mL - Bolsa;;;;;;N;;1;1791.4;0;1791.4;0;;BRAS_PF_PMC;ed. 1087;19;
BRASINDICE;1094;material;0000071437;05;946-23328-EQPQ;FARMOTERAPICA;NUTRICAO PARENTERAL;2.000,01 a 2.500 mL - Bolsa;;;;;;N;;1;2045.8;0;2045.8;0;;BRAS_PF_PMC;ed. 1087;19;
BRASINDICE;1094;material;0000071438;05;946-23328-EQPR;FARMOTERAPICA;NUTRICAO PARENTERAL;2.500,01 a 3.000 mL - Bolsa;;;;;;N;;1;2279;0;2279;0;;BRAS_PF_PMC;ed. 1087;19;
BRASINDICE;1094;material;0000085449;05;946-23328-FLQE;FARMOTERAPICA;NUTRICAO PARENTERAL;Neonatologia com Lipideos - (mL);;;;;;N;;1;7.31;0;7.31;0;;BRAS_PF_PMC;ed. 1087;19;
BRASINDICE;1094;material;0000085450;05;946-23328-FLQF;FARMOTERAPICA;NUTRICAO PARENTERAL;Neonatologia sem Lipideos - (mL);;;;;;N;;1;6.25;0;6.25;0;;BRAS_PF_PMC;ed. 1087;19;
BRASINDICE;1094;material;0000085451;05;946-23328-FLQG;FARMOTERAPICA;NUTRICAO PARENTERAL;Adulto com Lipideos - (mL);;;;;;N;;1;2.44;0;2.44;0;;BRAS_PF_PMC;ed. 1087;19;
BRASINDICE;1094;material;0000085452;05;946-23328-FLQH;FARMOTERAPICA;NUTRICAO PARENTERAL;Adulto sem Lipideos - (mL);;;;;;N;;1;2.23;0;2.23;0;;BRAS_PF_PMC;ed. 1087;19;
BRASINDICE;1094;material;0000094542;05;946-23328-FWVO;FARMOTERAPICA;NUTRICAO PARENTERAL;Pediatria com Lipideos - (mL);;;;;;N;;1;4.6;0;4.6;0;;BRAS_PF_PMC;ed. 1087;19;
BRASINDICE;1094;material;0000094543;05;946-23328-FWVN;FARMOTERAPICA;NUTRICAO PARENTERAL;Pediatria sem Lipideos - (mL);;;;;;N;;1;4.1;0;4.1;0;;BRAS_PF_PMC;ed. 1087;19;
BRASINDICE;1094;material;0000059837;05;836-22115-ECEJ;TECNO VIDA;NUTRICAO PARENTERAL - ADITIVOS;L-ALANIL- GLUTAMINA EV 20% - 1 ml;;;;;;N;;1;7.52;0;7.52;0;;BRAS_PF_PMC;ed. 1066;19;
BRASINDICE;1094;material;0000059838;05;836-22115-ECEK;TECNO VIDA;NUTRICAO PARENTERAL - ADITIVOS;INSULINA - 1 ml;;;;;;N;;1;6.2;0;6.2;0;;BRAS_PF_PMC;ed. 1066;19;
BRASINDICE;1094;material;0000059839;05;836-22115-ECEL;TECNO VIDA;NUTRICAO PARENTERAL - ADITIVOS;FOSFORO ORGANICO - 1 ml;;;;;;N;;1;5.8;0;5.8;0;;BRAS_PF_PMC;ed. 1066;19;
BRASINDICE;1094;material;0000059840;05;836-22115-ECEM;TECNO VIDA;NUTRICAO PARENTERAL - ADITIVOS;LIPIDEOS COMPLEXOS 20% (soja, TCM, Oliva e Peixe) - 1 ml;;;;;;N;;1;1.2;0;1.2;0;;BRAS_PF_PMC;ed. 1066;19;
BRASINDICE;1094;material;0000063972;05;836-22115-EJPD;TECNO VIDA;NUTRICAO PARENTERAL - ADITIVOS;Acetato de Potassio 2 mEq/ml - 1 ml;;;;;;N;;1;0.8;0;0.8;0;;BRAS_PF_PMC;ed. 1066;19;
BRASINDICE;1094;material;0000063973;05;836-22115-EJPE;TECNO VIDA;NUTRICAO PARENTERAL - ADITIVOS;Acetato de Sodio 2 mEq/ml - 1 ml;;;;;;N;;1;0.68;0;0.68;0;;BRAS_PF_PMC;ed. 1066;19;
BRASINDICE;1094;material;0000063974;05;836-22115-EJPF;TECNO VIDA;NUTRICAO PARENTERAL - ADITIVOS;Acetato de Zinco 0,5 mEq/ml - 1 ml;;;;;;N;;1;3.96;0;3.96;0;;BRAS_PF_PMC;ed. 1066;19;
BRASINDICE;1094;material;0000063975;05;836-22115-EJPG;TECNO VIDA;NUTRICAO PARENTERAL - ADITIVOS;Fosfato de Potassio 2 mEq/ml - 1 ml;;;;;;N;;1;0.8;0;0.8;0;;BRAS_PF_PMC;ed. 1066;19;
BRASINDICE;1094;material;0000063976;05;836-22115-EJPJ;TECNO VIDA;NUTRICAO PARENTERAL - ADITIVOS;Sulfato de Magnesio 1 mEq/ml - 1 ml;;;;;;N;;1;1.36;0;1.36;0;;BRAS_PF_PMC;ed. 1066;19;
BRASINDICE;1094;material;0000063977;05;836-22115-EJPK;TECNO VIDA;NUTRICAO PARENTERAL - ADITIVOS;Selenio 150 mcg/2 ml - 1 ml;;;;;;N;;1;9.75;0;9.75;0;;BRAS_PF_PMC;ed. 1066;19;
BRASINDICE;1094;material;0000059825;05;836-22116-CMVN;TECNO VIDA;NUTRICAO PARENTERAL - NPTEC ADULTO NEFROPATA - COM LIPIDEOS;Ate 500 mL;;;;;;N;;1;868;0;868;0;;BRAS_PF_PMC;ed. 1066;19;
BRASINDICE;1094;material;0000059827;05;836-22116-ECED;TECNO VIDA;NUTRICAO PARENTERAL - NPTEC ADULTO NEFROPATA - COM LIPIDEOS;DE 1.000,1 a 1.500 ML;;;;;;N;;1;1501.95;0;1501.95;0;;BRAS_PF_PMC;ed. 1066;19;
BRASINDICE;1094;material;0000059828;05;836-22116-ECEE;TECNO VIDA;NUTRICAO PARENTERAL - NPTEC ADULTO NEFROPATA - COM LIPIDEOS;DE 1.500,1 a 2.000 ML;;;;;;N;;1;1601.15;0;1601.15;0;;BRAS_PF_PMC;ed. 1066;19;
BRASINDICE;1094;material;0000059829;05;836-22116-ECEF;TECNO VIDA;NUTRICAO PARENTERAL - NPTEC ADULTO NEFROPATA - COM LIPIDEOS;DE 2.000,1 a 2.500 ML;;;;;;N;;1;1736;0;1736;0;;BRAS_PF_PMC;ed. 1066;19;
BRASINDICE;1094;material;0000059830;05;836-22116-ECEG;TECNO VIDA;NUTRICAO PARENTERAL - NPTEC ADULTO NEFROPATA - COM LIPIDEOS;DE 2.500,1 a 3.000 ML;;;;;;N;;1;2140.55;0;2140.55;0;;BRAS_PF_PMC;ed. 1066;19;
BRASINDICE;1094;material;0000059868;05;836-22116-ECEN;TECNO VIDA;NUTRICAO PARENTERAL - NPTEC ADULTO NEFROPATA - COM LIPIDEOS;DE 500,1 a 1.000 ML;;;;;;N;;1;1193;0;1193;0;;BRAS_PF_PMC;ed. 1066;19;
BRASINDICE;1094;material;0000059831;05;836-22117-CMVN;TECNO VIDA;NUTRICAO PARENTERAL - NPTEC ADULTO NEFROPATA - SEM LIPIDEOS;Ate 500 mL;;;;;;N;;1;806;0;806;0;;BRAS_PF_PMC;ed. 1066;19;
BRASINDICE;1094;material;0000059833;05;836-22117-ECED;TECNO VIDA;NUTRICAO PARENTERAL - NPTEC ADULTO NEFROPATA - SEM LIPIDEOS;DE 1.000,1 a 1.500 ML;;;;;;N;;1;1439.95;0;1439.95;0;;BRAS_PF_PMC;ed. 1066;19;
BRASINDICE;1094;material;0000059834;05;836-22117-ECEE;TECNO VIDA;NUTRICAO PARENTERAL - NPTEC ADULTO NEFROPATA - SEM LIPIDEOS;DE 1.500,1 a 2.000 ML;;;;;;N;;1;1523.65;0;1523.65;0;;BRAS_PF_PMC;ed. 1066;19;
BRASINDICE;1094;material;0000059835;05;836-22117-ECEF;TECNO VIDA;NUTRICAO PARENTERAL - NPTEC ADULTO NEFROPATA - SEM LIPIDEOS;DE 2.000,1 a 2.500 ML;;;;;;N;;1;1674;0;1674;0;;BRAS_PF_PMC;ed. 1066;19;
BRASINDICE;1094;material;0000059836;05;836-22117-ECEG;TECNO VIDA;NUTRICAO PARENTERAL - NPTEC ADULTO NEFROPATA - SEM LIPIDEOS;DE 2.500,1 a 3.000 ML;;;;;;N;;1;2046;0;2046;0;;BRAS_PF_PMC;ed. 1066;19;
BRASINDICE;1094;material;0000059869;05;836-22117-ECEN;TECNO VIDA;NUTRICAO PARENTERAL - NPTEC ADULTO NEFROPATA - SEM LIPIDEOS;DE 500,1 a 1.000 ML;;;;;;N;;1;1162.5;0;1162.5;0;;BRAS_PF_PMC;ed. 1066;19;
BRASINDICE;1094;material;0000059813;05;836-22113-CMVN;TECNO VIDA;NUTRICAO PARENTERAL - NPTEC ADULTO PADRAO - COM LIPIDEOS;Ate 500 mL;;;;;;N;;1;883.5;0;883.5;0;;BRAS_PF_PMC;ed. 1066;19;
BRASINDICE;1094;material;0000059815;05;836-22113-ECED;TECNO VIDA;NUTRICAO PARENTERAL - NPTEC ADULTO PADRAO - COM LIPIDEOS;DE 1.000,1 a 1.500 ML;;;;;;N;;1;1436.85;0;1436.85;0;;BRAS_PF_PMC;ed. 1066;19;
BRASINDICE;1094;material;0000059816;05;836-22113-ECEE;TECNO VIDA;NUTRICAO PARENTERAL - NPTEC ADULTO PADRAO - COM LIPIDEOS;DE 1.500,1 a 2.000 ML;;;;;;N;;1;1613.5;0;1613.5;0;;BRAS_PF_PMC;ed. 1066;19;
BRASINDICE;1094;material;0000059817;05;836-22113-ECEF;TECNO VIDA;NUTRICAO PARENTERAL - NPTEC ADULTO PADRAO - COM LIPIDEOS;DE 2.000,1 a 2.500 ML;;;;;;N;;1;1891;0;1891;0;;BRAS_PF_PMC;ed. 1066;19;
BRASINDICE;1094;material;0000059818;05;836-22113-ECEG;TECNO VIDA;NUTRICAO PARENTERAL - NPTEC ADULTO PADRAO - COM LIPIDEOS;DE 2.500,1 a 3.000 ML;;;;;;N;;1;2334.92;0;2334.92;0;;BRAS_PF_PMC;ed. 1066;19;
BRASINDICE;1094;material;0000059866;05;836-22113-ECEN;TECNO VIDA;NUTRICAO PARENTERAL - NPTEC ADULTO PADRAO - COM LIPIDEOS;DE 500,1 a 1.000 ML;;;;;;N;;1;1263.25;0;1263.25;0;;BRAS_PF_PMC;ed. 1066;19;
BRASINDICE;1094;material;0000059819;05;836-22114-CMVN;TECNO VIDA;NUTRICAO PARENTERAL - NPTEC ADULTO PADRAO - SEM LIPIDEOS;Ate 500 mL;;;;;;N;;1;855;0;855;0;;BRAS_PF_PMC;ed. 1066;19;
BRASINDICE;1094;material;0000059821;05;836-22114-ECED;TECNO VIDA;NUTRICAO PARENTERAL - NPTEC ADULTO PADRAO - SEM LIPIDEOS;DE 1.000,1 a 1.500 ML;;;;;;N;;1;1348.5;0;1348.5;0;;BRAS_PF_PMC;ed. 1066;19;
BRASINDICE;1094;material;0000059822;05;836-22114-ECEE;TECNO VIDA;NUTRICAO PARENTERAL - NPTEC ADULTO PADRAO - SEM LIPIDEOS;DE 1.500,1 a 2.000 ML;;;;;;N;;1;1503;0;1503;0;;BRAS_PF_PMC;ed. 1066;19;
BRASINDICE;1094;material;0000059823;05;836-22114-ECEF;TECNO VIDA;NUTRICAO PARENTERAL - NPTEC ADULTO PADRAO - SEM LIPIDEOS;DE 2.000,1 a 2.500 ML;;;;;;N;;1;1674;0;1674;0;;BRAS_PF_PMC;ed. 1066;19;
BRASINDICE;1094;material;0000059824;05;836-22114-ECEG;TECNO VIDA;NUTRICAO PARENTERAL - NPTEC ADULTO PADRAO - SEM LIPIDEOS;DE 2.500,1 a 3.000 ML;;;;;;N;;1;2126;0;2126;0;;BRAS_PF_PMC;ed. 1066;19;
BRASINDICE;1094;material;0000059867;05;836-22114-ECEN;TECNO VIDA;NUTRICAO PARENTERAL - NPTEC ADULTO PADRAO - SEM LIPIDEOS;DE 500,1 a 1.000 ML;;;;;;N;;1;1116;0;1116;0;;BRAS_PF_PMC;ed. 1066;19;
BRASINDICE;1094;material;0000059853;05;836-22120-ECEO;TECNO VIDA;NUTRICAO PARENTERAL - NPTEC NEO NATAL/PEDIATRICA;Ate 100 ml;;;;;;N;;1;714.55;0;714.55;0;;BRAS_PF_PMC;ed. 1066;19;
BRASINDICE;1094;material;0000059854;05;836-22120-ECEP;TECNO VIDA;NUTRICAO PARENTERAL - NPTEC NEO NATAL/PEDIATRICA;ATE 200 ML;;;;;;N;;1;754.85;0;754.85;0;;BRAS_PF_PMC;ed. 1066;19;
BRASINDICE;1094;material;0000059855;05;836-22120-ECEQ;TECNO VIDA;NUTRICAO PARENTERAL - NPTEC NEO NATAL/PEDIATRICA;ATE 300 ML;;;;;;N;;1;779.65;0;779.65;0;;BRAS_PF_PMC;ed. 1066;19;
BRASINDICE;1094;material;0000059856;05;836-22120-ECER;TECNO VIDA;NUTRICAO PARENTERAL - NPTEC NEO NATAL/PEDIATRICA;ATE 400 ML;;;;;;N;;1;869.55;0;869.55;0;;BRAS_PF_PMC;ed. 1066;19;
BRASINDICE;1094;material;0000059857;05;836-22120-CMVN;TECNO VIDA;NUTRICAO PARENTERAL - NPTEC NEO NATAL/PEDIATRICA;Ate 500 mL;;;;;;N;;1;948.6;0;948.6;0;;BRAS_PF_PMC;ed. 1066;19;
BRASINDICE;1094;material;0000059858;05;836-22120-ECES;TECNO VIDA;NUTRICAO PARENTERAL - NPTEC NEO NATAL/PEDIATRICA;ATE 600 ML;;;;;;N;;1;1044.7;0;1044.7;0;;BRAS_PF_PMC;ed. 1066;19;
BRASINDICE;1094;material;0000059859;05;836-22120-ECET;TECNO VIDA;NUTRICAO PARENTERAL - NPTEC NEO NATAL/PEDIATRICA;ATE 700 ML;;;;;;N;;1;1134.6;0;1134.6;0;;BRAS_PF_PMC;ed. 1066;19;
BRASINDICE;1094;material;0000059860;05;836-22120-ECEU;TECNO VIDA;NUTRICAO PARENTERAL - NPTEC NEO NATAL/PEDIATRICA;ATE 800 ML;;;;;;N;;1;1230.7;0;1230.7;0;;BRAS_PF_PMC;ed. 1066;19;
BRASINDICE;1094;material;0000059861;05;836-22120-ECEV;TECNO VIDA;NUTRICAO PARENTERAL - NPTEC NEO NATAL/PEDIATRICA;ATE 900 ML;;;;;;N;;1;1364;0;1364;0;;BRAS_PF_PMC;ed. 1066;19;
BRASINDICE;1094;material;0000059862;05;836-22120-ECEW;TECNO VIDA;NUTRICAO PARENTERAL - NPTEC NEO NATAL/PEDIATRICA;ATE 1.000 ML;;;;;;N;;1;1497.3;0;1497.3;0;;BRAS_PF_PMC;ed. 1066;19;
BRASINDICE;1094;material;0000059863;05;836-22120-ECEX;TECNO VIDA;NUTRICAO PARENTERAL - NPTEC NEO NATAL/PEDIATRICA;ATE 1.500 ML;;;;;;N;;1;1937;0;1937;0;;BRAS_PF_PMC;ed. 1066;19;
BRASINDICE;1094;material;0000059864;05;836-22120-ECEY;TECNO VIDA;NUTRICAO PARENTERAL - NPTEC NEO NATAL/PEDIATRICA;ATE 2.000 ML;;;;;;N;;1;2441.25;0;2441.25;0;;BRAS_PF_PMC;ed. 1066;19;
BRASINDICE;1094;material;0000059841;05;836-22118-CMVN;TECNO VIDA;NUTRICAO PARENTERAL -NPTEC ADULTO HEPATOPATA - COM LIPIDEOS;Ate 500 mL;;;;;;N;;1;1019.9;0;1019.9;0;;BRAS_PF_PMC;ed. 1066;19;
BRASINDICE;1094;material;0000059843;05;836-22118-ECED;TECNO VIDA;NUTRICAO PARENTERAL -NPTEC ADULTO HEPATOPATA - COM LIPIDEOS;DE 1.000,1 a 1.500 ML;;;;;;N;;1;1581;0;1581;0;;BRAS_PF_PMC;ed. 1066;19;
BRASINDICE;1094;material;0000059844;05;836-22118-ECEE;TECNO VIDA;NUTRICAO PARENTERAL -NPTEC ADULTO HEPATOPATA - COM LIPIDEOS;DE 1.500,1 a 2.000 ML;;;;;;N;;1;1922;0;1922;0;;BRAS_PF_PMC;ed. 1066;19;
BRASINDICE;1094;material;0000059845;05;836-22118-ECEF;TECNO VIDA;NUTRICAO PARENTERAL -NPTEC ADULTO HEPATOPATA - COM LIPIDEOS;DE 2.000,1 a 2.500 ML;;;;;;N;;1;2022.75;0;2022.75;0;;BRAS_PF_PMC;ed. 1066;19;
BRASINDICE;1094;material;0000059846;05;836-22118-ECEG;TECNO VIDA;NUTRICAO PARENTERAL -NPTEC ADULTO HEPATOPATA - COM LIPIDEOS;DE 2.500,1 a 3.000 ML;;;;;;N;;1;2449;0;2449;0;;BRAS_PF_PMC;ed. 1066;19;
BRASINDICE;1094;material;0000059865;05;836-22118-ECEN;TECNO VIDA;NUTRICAO PARENTERAL -NPTEC ADULTO HEPATOPATA - COM LIPIDEOS;DE 500,1 a 1.000 ML;;;;;;N;;1;1345.4;0;1345.4;0;;BRAS_PF_PMC;ed. 1066;19;
BRASINDICE;1094;material;0000059847;05;836-22119-CMVN;TECNO VIDA;NUTRICAO PARENTERAL -NPTEC ADULTO HEPATOPATA - SEM LIPIDEOS;Ate 500 mL;;;;;;N;;1;1116;0;1116;0;;BRAS_PF_PMC;ed. 1066;19;
BRASINDICE;1094;material;0000059848;05;836-22119-ECEN;TECNO VIDA;NUTRICAO PARENTERAL -NPTEC ADULTO HEPATOPATA - SEM LIPIDEOS;DE 500,1 a 1.000 ML;;;;;;N;;1;1172.8;0;1172.8;0;;BRAS_PF_PMC;ed. 1066;19;
BRASINDICE;1094;material;0000059849;05;836-22119-ECED;TECNO VIDA;NUTRICAO PARENTERAL -NPTEC ADULTO HEPATOPATA - SEM LIPIDEOS;DE 1.000,1 a 1.500 ML;;;;;;N;;1;1519;0;1519;0;;BRAS_PF_PMC;ed. 1066;19;
BRASINDICE;1094;material;0000059850;05;836-22119-ECEE;TECNO VIDA;NUTRICAO PARENTERAL -NPTEC ADULTO HEPATOPATA - SEM LIPIDEOS;DE 1.500,1 a 2.000 ML;;;;;;N;;1;1860;0;1860;0;;BRAS_PF_PMC;ed. 1066;19;
BRASINDICE;1094;material;0000059851;05;836-22119-ECEF;TECNO VIDA;NUTRICAO PARENTERAL -NPTEC ADULTO HEPATOPATA - SEM LIPIDEOS;DE 2.000,1 a 2.500 ML;;;;;;N;;1;1953;0;1953;0;;BRAS_PF_PMC;ed. 1066;19;
BRASINDICE;1094;material;0000059852;05;836-22119-ECEG;TECNO VIDA;NUTRICAO PARENTERAL -NPTEC ADULTO HEPATOPATA - SEM LIPIDEOS;DE 2.500,1 a 3.000 ML;;;;;;N;;1;2325;0;2325;0;;BRAS_PF_PMC;ed. 1066;19;
BRASINDICE;1094;material;0000047188;05;868-20273-DDKY;FAMAP;NUTRICAO PARENTERAL MANIPULADA - ADICAO DE NUTRIENTES;L-alanil-glutamina - ml;;;;;;N;;1;12.4;0;12.4;0;;BRAS_PF_PMC;ed. 1066;19;
BRASINDICE;1094;material;0000081727;05;868-19323-FHET;FAMAP;NUTRICAO PARENTERAL MANIPULADA - ADICAO DE NUTRIENTES;Lipides Oleo Peixe 10% - ml;;;;;;N;;1;4.05;0;4.05;0;;BRAS_PF_PMC;ed. 1066;19;
BRASINDICE;1094;material;0000081728;05;868-19323-FHEU;FAMAP;NUTRICAO PARENTERAL MANIPULADA - ADICAO DE NUTRIENTES;Lipides TCM, TCL, OM3/6 - ml;;;;;;N;;1;1.34;0;1.34;0;;BRAS_PF_PMC;ed. 1066;19;
BRASINDICE;1094;material;0000081729;05;868-19323-FHEV;FAMAP;NUTRICAO PARENTERAL MANIPULADA - ADICAO DE NUTRIENTES;Selenio 60 mcg/ml - ml;;;;;;N;;1;40.11;0;40.11;0;;BRAS_PF_PMC;ed. 1066;19;
BRASINDICE;1094;material;0000081730;05;868-19323-FHEW;FAMAP;NUTRICAO PARENTERAL MANIPULADA - ADICAO DE NUTRIENTES;Zinco 200 mcg/ml - ml;;;;;;N;;1;3.76;0;3.76;0;;BRAS_PF_PMC;ed. 1066;19;
BRASINDICE;1094;material;0000055717;05;735-28313-FNVS;CLINUTRI;NUTRICAO PARENTERAL MANIPULADA - ADITIVOS;Lipideos (a base de oleo de peixe e associacoes) - ml;;;;;;N;;1;4;0;4;0;;BRAS_PF_PMC;ed. 1070;19;
BRASINDICE;1094;material;0000055718;05;735-28313-FUWI;CLINUTRI;NUTRICAO PARENTERAL MANIPULADA - ADITIVOS;Selenio 6 mcg/ml (acido selenioso) - ml;;;;;;N;;1;16;0;16;0;;BRAS_PF_PMC;ed. 1070;19;
BRASINDICE;1094;material;0000055719;05;735-28313-FUWJ;CLINUTRI;NUTRICAO PARENTERAL MANIPULADA - ADITIVOS;Tiamina (vitamina B1) - ml;;;;;;N;;1;20;0;20;0;;BRAS_PF_PMC;ed. 1070;19;
BRASINDICE;1094;material;0000061268;05;735-28313-EDZU;CLINUTRI;NUTRICAO PARENTERAL MANIPULADA - ADITIVOS;Fosfato de sodio (fosforo organico) - ml;;;;;;N;;1;13;0;13;0;;BRAS_PF_PMC;ed. 1066;19;
BRASINDICE;1094;material;0000065788;05;735-28313-DDKY;CLINUTRI;NUTRICAO PARENTERAL MANIPULADA - ADITIVOS;L-alanil-glutamina - ml;;;;;;N;;1;10;0;10;0;;BRAS_PF_PMC;ed. 1070;19;
BRASINDICE;1094;material;0000092994;05;735-28313-FUWK;CLINUTRI;NUTRICAO PARENTERAL MANIPULADA - ADITIVOS;Poliminerais - ml;;;;;;N;;1;38;0;38;0;;BRAS_PF_PMC;ed. 1070;19;
BRASINDICE;1094;material;0000092995;05;735-28313-FUWM;CLINUTRI;NUTRICAO PARENTERAL MANIPULADA - ADITIVOS;Polivitaminico (po liofilo injetavel) - ml;;;;;;N;;1;20;0;20;0;;BRAS_PF_PMC;ed. 1070;19;
BRASINDICE;1094;material;0000093831;05;735-28313-FWBE;CLINUTRI;NUTRICAO PARENTERAL MANIPULADA - ADITIVOS;Insulina regular;;;;;;N;;1;18;0;18;0;;BRAS_PF_PMC;ed. 1076;19;
BRASINDICE;1094;material;0000062963;05;961-22567-EGGF;NUTRIFICA;Nutricao Parenteral Manipulada - Gold - sem glutamina;960 mL;;;;;;N;;1;1355.04;0;1355.04;0;;BRAS_PF_PMC;ed. 1066;19;
BRASINDICE;1094;material;0000062964;05;961-22567-ARIE;NUTRIFICA;Nutricao Parenteral Manipulada - Gold - sem glutamina;1000 ml;;;;;;N;;1;1229.87;0;1229.87;0;;BRAS_PF_PMC;ed. 1066;19;
BRASINDICE;1094;material;0000062965;05;961-22567-EGGG;NUTRIFICA;Nutricao Parenteral Manipulada - Gold - sem glutamina;1200 mL;;;;;;N;;1;1475.84;0;1475.84;0;;BRAS_PF_PMC;ed. 1066;19;
BRASINDICE;1094;material;0000062966;05;961-22567-EGGJ;NUTRIFICA;Nutricao Parenteral Manipulada - Gold - sem glutamina;1440 ml;;;;;;N;;1;1771.03;0;1771.03;0;;BRAS_PF_PMC;ed. 1066;19;
BRASINDICE;1094;material;0000062967;05;961-22567-EGGK;NUTRIFICA;Nutricao Parenteral Manipulada - Gold - sem glutamina;1560 mL;;;;;;N;;1;1918.61;0;1918.61;0;;BRAS_PF_PMC;ed. 1066;19;
BRASINDICE;1094;material;0000062968;05;961-22567-EGGL;NUTRIFICA;Nutricao Parenteral Manipulada - Gold - sem glutamina;1800 mL;;;;;;N;;1;1988.8;0;1988.8;0;;BRAS_PF_PMC;ed. 1066;19;
BRASINDICE;1094;material;0000062969;05;961-22567-EGGM;NUTRIFICA;Nutricao Parenteral Manipulada - Gold - sem glutamina;1960 mL;;;;;;N;;1;2017.93;0;2017.93;0;;BRAS_PF_PMC;ed. 1066;19;
BRASINDICE;1094;material;0000062970;05;961-22567-DDMY;NUTRIFICA;Nutricao Parenteral Manipulada - Gold - sem glutamina;2000 ml;;;;;;N;;1;2059.11;0;2059.11;0;;BRAS_PF_PMC;ed. 1066;19;
BRASINDICE;1094;material;0000063181;05;961-22567-EGPF;NUTRIFICA;Nutricao Parenteral Manipulada - Gold - sem glutamina;2200 mL;;;;;;N;;1;2265.02;0;2265.02;0;;BRAS_PF_PMC;ed. 1066;19;
BRASINDICE;1094;material;0000063182;05;961-22567-EGPG;NUTRIFICA;Nutricao Parenteral Manipulada - Gold - sem glutamina;2400 mL;;;;;;N;;1;2470.94;0;2470.94;0;;BRAS_PF_PMC;ed. 1066;19;
BRASINDICE;1094;material;0000063183;05;961-22567-EGPJ;NUTRIFICA;Nutricao Parenteral Manipulada - Gold - sem glutamina;2600 mL;;;;;;N;;1;2676.84;0;2676.84;0;;BRAS_PF_PMC;ed. 1066;19;
BRASINDICE;1094;material;0000068537;05;961-22567-EQKE;NUTRIFICA;Nutricao Parenteral Manipulada - Gold - sem glutamina;2800 mL;;;;;;N;;1;2818.7;0;2818.7;0;;BRAS_PF_PMC;ed. 1066;19;
BRASINDICE;1094;material;0000068538;05;961-22567-EQKF;NUTRIFICA;Nutricao Parenteral Manipulada - Gold - sem glutamina;3000 mL;;;;;;N;;1;3020.03;0;3020.03;0;;BRAS_PF_PMC;ed. 1066;19;
BRASINDICE;1094;material;0000091736;05;961-22567-FEVN;NUTRIFICA;Nutricao Parenteral Manipulada - Gold - sem glutamina;1680 ml;;;;;;N;;1;1956.15;0;1956.15;0;;BRAS_PF_PMC;ed. 1066;19;
BRASINDICE;1094;material;0000062987;05;961-22570-ARIE;NUTRIFICA;Nutricao Parenteral Manipulada - Gold periferica - padrao;1000 ml;;;;;;N;;1;1319.76;0;1319.76;0;;BRAS_PF_PMC;ed. 1066;19;
BRASINDICE;1094;material;0000062988;05;961-22570-EGGN;NUTRIFICA;Nutricao Parenteral Manipulada - Gold periferica - padrao;1500 mL;;;;;;N;;1;1944.19;0;1944.19;0;;BRAS_PF_PMC;ed. 1066;19;
BRASINDICE;1094;material;0000062989;05;961-22570-DDMY;NUTRIFICA;Nutricao Parenteral Manipulada - Gold periferica - padrao;2000 ml;;;;;;N;;1;1807.79;0;1807.79;0;;BRAS_PF_PMC;ed. 1066;19;
BRASINDICE;1094;material;0000047143;05;868-25686-DLQW;FAMAP;NUTRICAO PARENTERAL MANIPULADA - NP ADULTO;Ate 500 ml - c/Lipides;;;;;;N;;1;632.03;0;632.03;0;;BRAS_PF_PMC;ed. 1066;19;
BRASINDICE;1094;material;0000047144;05;868-25686-DLQX;FAMAP;NUTRICAO PARENTERAL MANIPULADA - NP ADULTO;De 500,1 a 1000 ml - c/Lipides;;;;;;N;;1;1036.03;0;1036.03;0;;BRAS_PF_PMC;ed. 1066;19;
BRASINDICE;1094;material;0000047145;05;868-25686-DLQY;FAMAP;NUTRICAO PARENTERAL MANIPULADA - NP ADULTO;De 1000,1 a 1500 ml - c/Lipides;;;;;;N;;1;1415.02;0;1415.02;0;;BRAS_PF_PMC;ed. 1066;19;
BRASINDICE;1094;material;0000047146;05;868-25686-DLQZ;FAMAP;NUTRICAO PARENTERAL MANIPULADA - NP ADULTO;De 1500,1 a 2000 ml - c/Lipides;;;;;;N;;1;1765.55;0;1765.55;0;;BRAS_PF_PMC;ed. 1066;19;
BRASINDICE;1094;material;0000047147;05;868-25686-DLRA;FAMAP;NUTRICAO PARENTERAL MANIPULADA - NP ADULTO;De 2000,1 a 2500 ml - c/Lipides;;;;;;N;;1;2072.64;0;2072.64;0;;BRAS_PF_PMC;ed. 1066;19;
BRASINDICE;1094;material;0000047148;05;868-25686-DLRB;FAMAP;NUTRICAO PARENTERAL MANIPULADA - NP ADULTO;De 2500,1 a 3000 ml - c/Lipides;;;;;;N;;1;2444.15;0;2444.15;0;;BRAS_PF_PMC;ed. 1066;19;
BRASINDICE;1094;material;0000047149;05;868-25686-DLRD;FAMAP;NUTRICAO PARENTERAL MANIPULADA - NP ADULTO;Ate 500 ml - s/Lipides;;;;;;N;;1;497.63;0;497.63;0;;BRAS_PF_PMC;ed. 1066;19;
BRASINDICE;1094;material;0000047150;05;868-25686-DLRE;FAMAP;NUTRICAO PARENTERAL MANIPULADA - NP ADULTO;De 500,1 a 1000 ml - s/Lipides;;;;;;N;;1;901.63;0;901.63;0;;BRAS_PF_PMC;ed. 1066;19;
BRASINDICE;1094;material;0000047151;05;868-25686-DLRF;FAMAP;NUTRICAO PARENTERAL MANIPULADA - NP ADULTO;De 1000,1 a 1500 ml - s/Lipides;;;;;;N;;1;1280.62;0;1280.62;0;;BRAS_PF_PMC;ed. 1066;19;
BRASINDICE;1094;material;0000047152;05;868-25686-DLRG;FAMAP;NUTRICAO PARENTERAL MANIPULADA - NP ADULTO;De 1500,1 a 2000 ml - s/Lipides;;;;;;N;;1;1631.15;0;1631.15;0;;BRAS_PF_PMC;ed. 1066;19;
BRASINDICE;1094;material;0000047153;05;868-25686-DLRJ;FAMAP;NUTRICAO PARENTERAL MANIPULADA - NP ADULTO;De 2000,1 a 2500 ml - s/Lipides;;;;;;N;;1;1938.24;0;1938.24;0;;BRAS_PF_PMC;ed. 1066;19;
BRASINDICE;1094;material;0000047154;05;868-25686-DLRK;FAMAP;NUTRICAO PARENTERAL MANIPULADA - NP ADULTO;De 2500,1 a 3000 ml - s/Lipides;;;;;;N;;1;2309.75;0;2309.75;0;;BRAS_PF_PMC;ed. 1066;19;
BRASINDICE;1094;material;0000094878;05;1130-25686-FWYO;NUTRIMATER;NUTRICAO PARENTERAL MANIPULADA - NP ADULTO;De 0,01 a 500 ml;;;;;;N;;1;600;0;600;0;;BRAS_PF_PMC;ed. 1088;19;
BRASINDICE;1094;material;0000094879;05;1130-25686-FWYP;NUTRIMATER;NUTRICAO PARENTERAL MANIPULADA - NP ADULTO;De 500,01 a 1000 ml;;;;;;N;;1;1000;0;1000;0;;BRAS_PF_PMC;ed. 1088;19;
BRASINDICE;1094;material;0000094880;05;1130-25686-FWYL;NUTRIMATER;NUTRICAO PARENTERAL MANIPULADA - NP ADULTO;De 1000,01 a 1500 ml;;;;;;N;;1;1200;0;1200;0;;BRAS_PF_PMC;ed. 1088;19;
BRASINDICE;1094;material;0000094881;05;1130-25686-FWYM;NUTRIMATER;NUTRICAO PARENTERAL MANIPULADA - NP ADULTO;De 1500,01 a 2000 ml;;;;;;N;;1;1400;0;1400;0;;BRAS_PF_PMC;ed. 1088;19;
BRASINDICE;1094;material;0000094882;05;1130-25686-FWYQ;NUTRIMATER;NUTRICAO PARENTERAL MANIPULADA - NP ADULTO;De 2000,01 a 2500 ml;;;;;;N;;1;1650;0;1650;0;;BRAS_PF_PMC;ed. 1088;19;
BRASINDICE;1094;material;0000094883;05;1130-25686-FWYR;NUTRIMATER;NUTRICAO PARENTERAL MANIPULADA - NP ADULTO;De 2500,01 a 3000 ml;;;;;;N;;1;1800;0;1800;0;;BRAS_PF_PMC;ed. 1088;19;
BRASINDICE;1094;material;0000047164;05;868-20271-DLQW;FAMAP;NUTRICAO PARENTERAL MANIPULADA - NP HEPATOPATIA;Ate 500 ml - c/Lipides;;;;;;N;;1;711.03;0;711.03;0;;BRAS_PF_PMC;ed. 1066;19;
BRASINDICE;1094;material;0000047165;05;868-20271-DLQX;FAMAP;NUTRICAO PARENTERAL MANIPULADA - NP HEPATOPATIA;De 500,1 a 1000 ml - c/Lipides;;;;;;N;;1;1165.53;0;1165.53;0;;BRAS_PF_PMC;ed. 1066;19;
BRASINDICE;1094;material;0000047166;05;868-20271-DLQY;FAMAP;NUTRICAO PARENTERAL MANIPULADA - NP HEPATOPATIA;De 1000,1 a 1500 ml - c/Lipides;;;;;;N;;1;1591.9;0;1591.9;0;;BRAS_PF_PMC;ed. 1066;19;
BRASINDICE;1094;material;0000047167;05;868-20271-DLQZ;FAMAP;NUTRICAO PARENTERAL MANIPULADA - NP HEPATOPATIA;De 1500,1 a 2000 ml - c/Lipides;;;;;;N;;1;1986.25;0;1986.25;0;;BRAS_PF_PMC;ed. 1066;19;
BRASINDICE;1094;material;0000047168;05;868-20271-DLRA;FAMAP;NUTRICAO PARENTERAL MANIPULADA - NP HEPATOPATIA;De 2000,1 a 2500 ml - c/Lipides;;;;;;N;;1;2331.72;0;2331.72;0;;BRAS_PF_PMC;ed. 1066;19;
BRASINDICE;1094;material;0000047169;05;868-20271-DLRB;FAMAP;NUTRICAO PARENTERAL MANIPULADA - NP HEPATOPATIA;De 2500,1 a 3000 ml - c/Lipides;;;;;;N;;1;2749.67;0;2749.67;0;;BRAS_PF_PMC;ed. 1066;19;
BRASINDICE;1094;material;0000047170;05;868-20271-DLRD;FAMAP;NUTRICAO PARENTERAL MANIPULADA - NP HEPATOPATIA;Ate 500 ml - s/Lipides;;;;;;N;;1;559.83;0;559.83;0;;BRAS_PF_PMC;ed. 1066;19;
BRASINDICE;1094;material;0000047171;05;868-20271-DLRE;FAMAP;NUTRICAO PARENTERAL MANIPULADA - NP HEPATOPATIA;De 500,1 a 1000 ml - s/Lipides;;;;;;N;;1;1014.33;0;1014.33;0;;BRAS_PF_PMC;ed. 1066;19;
BRASINDICE;1094;material;0000047172;05;868-20271-DLRF;FAMAP;NUTRICAO PARENTERAL MANIPULADA - NP HEPATOPATIA;De 1000,1 a 1500 ml - s/Lipides;;;;;;N;;1;1440.7;0;1440.7;0;;BRAS_PF_PMC;ed. 1066;19;
BRASINDICE;1094;material;0000047173;05;868-20271-DLRG;FAMAP;NUTRICAO PARENTERAL MANIPULADA - NP HEPATOPATIA;De 1500,1 a 2000 ml - s/Lipides;;;;;;N;;1;1835.05;0;1835.05;0;;BRAS_PF_PMC;ed. 1066;19;
BRASINDICE;1094;material;0000047174;05;868-20271-DLRJ;FAMAP;NUTRICAO PARENTERAL MANIPULADA - NP HEPATOPATIA;De 2000,1 a 2500 ml - s/Lipides;;;;;;N;;1;2180.52;0;2180.52;0;;BRAS_PF_PMC;ed. 1066;19;
BRASINDICE;1094;material;0000047175;05;868-20271-DLRK;FAMAP;NUTRICAO PARENTERAL MANIPULADA - NP HEPATOPATIA;De 2500,1 a 3000 ml - s/Lipides;;;;;;N;;1;2598.47;0;2598.47;0;;BRAS_PF_PMC;ed. 1066;19;
BRASINDICE;1094;material;0000047176;05;868-20272-DLQW;FAMAP;NUTRICAO PARENTERAL MANIPULADA - NP NEFROPATIA;Ate 500 ml - c/Lipides;;;;;;N;;1;790.04;0;790.04;0;;BRAS_PF_PMC;ed. 1066;19;
BRASINDICE;1094;material;0000047177;05;868-20272-DLQX;FAMAP;NUTRICAO PARENTERAL MANIPULADA - NP NEFROPATIA;De 500,1 a 1000 ml - c/Lipides;;;;;;N;;1;1295.04;0;1295.04;0;;BRAS_PF_PMC;ed. 1066;19;
BRASINDICE;1094;material;0000047178;05;868-20272-DLQY;FAMAP;NUTRICAO PARENTERAL MANIPULADA - NP NEFROPATIA;De 1000,1 a 1500 ml - c/Lipides;;;;;;N;;1;1768.78;0;1768.78;0;;BRAS_PF_PMC;ed. 1066;19;
BRASINDICE;1094;material;0000047179;05;868-20272-DLQZ;FAMAP;NUTRICAO PARENTERAL MANIPULADA - NP NEFROPATIA;De 1500,1 a 2000 ml - c/Lipides;;;;;;N;;1;2206.94;0;2206.94;0;;BRAS_PF_PMC;ed. 1066;19;
BRASINDICE;1094;material;0000047180;05;868-20272-DLRA;FAMAP;NUTRICAO PARENTERAL MANIPULADA - NP NEFROPATIA;De 2000,1 a 2500 ml - c/Lipides;;;;;;N;;1;2590.81;0;2590.81;0;;BRAS_PF_PMC;ed. 1066;19;
BRASINDICE;1094;material;0000047181;05;868-20272-DLRB;FAMAP;NUTRICAO PARENTERAL MANIPULADA - NP NEFROPATIA;De 2500,1 a 3000 ml - c/Lipides;;;;;;N;;1;3055.19;0;3055.19;0;;BRAS_PF_PMC;ed. 1066;19;
BRASINDICE;1094;material;0000047182;05;868-20272-DLRD;FAMAP;NUTRICAO PARENTERAL MANIPULADA - NP NEFROPATIA;Ate 500 ml - s/Lipides;;;;;;N;;1;622.04;0;622.04;0;;BRAS_PF_PMC;ed. 1066;19;
BRASINDICE;1094;material;0000047183;05;868-20272-DLRE;FAMAP;NUTRICAO PARENTERAL MANIPULADA - NP NEFROPATIA;De 500,1 a 1000 ml - s/Lipides;;;;;;N;;1;1127.04;0;1127.04;0;;BRAS_PF_PMC;ed. 1066;19;
BRASINDICE;1094;material;0000047184;05;868-20272-DLRF;FAMAP;NUTRICAO PARENTERAL MANIPULADA - NP NEFROPATIA;De 1000,1 a 1500 ml - s/Lipides;;;;;;N;;1;1600.78;0;1600.78;0;;BRAS_PF_PMC;ed. 1066;19;
BRASINDICE;1094;material;0000047185;05;868-20272-DLRG;FAMAP;NUTRICAO PARENTERAL MANIPULADA - NP NEFROPATIA;De 1500,1 a 2000 ml - s/Lipides;;;;;;N;;1;2038.94;0;2038.94;0;;BRAS_PF_PMC;ed. 1066;19;
BRASINDICE;1094;material;0000047186;05;868-20272-DLRJ;FAMAP;NUTRICAO PARENTERAL MANIPULADA - NP NEFROPATIA;De 2000,1 a 2500 ml - s/Lipides;;;;;;N;;1;2422.81;0;2422.81;0;;BRAS_PF_PMC;ed. 1066;19;
BRASINDICE;1094;material;0000047187;05;868-20272-DLRK;FAMAP;NUTRICAO PARENTERAL MANIPULADA - NP NEFROPATIA;De 2500,1 a 3000 ml - s/Lipides;;;;;;N;;1;2887.19;0;2887.19;0;;BRAS_PF_PMC;ed. 1066;19;
BRASINDICE;1094;material;0000047155;05;868-25687-DDKR;FAMAP;NUTRICAO PARENTERAL MANIPULADA - NP NEONATAL-PEDIATRICA;De 0 a 100 mL;;;;;;N;;1;751.12;0;751.12;0;;BRAS_PF_PMC;ed. 1066;19;
BRASINDICE;1094;material;0000047156;05;868-25687-DDKS;FAMAP;NUTRICAO PARENTERAL MANIPULADA - NP NEONATAL-PEDIATRICA;De 100,1 a 200 mL;;;;;;N;;1;825.12;0;825.12;0;;BRAS_PF_PMC;ed. 1066;19;
BRASINDICE;1094;material;0000047157;05;868-25687-DDKT;FAMAP;NUTRICAO PARENTERAL MANIPULADA - NP NEONATAL-PEDIATRICA;De 200,1 a 300 mL;;;;;;N;;1;917.12;0;917.12;0;;BRAS_PF_PMC;ed. 1066;19;
BRASINDICE;1094;material;0000047158;05;868-25687-DDKU;FAMAP;NUTRICAO PARENTERAL MANIPULADA - NP NEONATAL-PEDIATRICA;De 300,1 a 400 ml;;;;;;N;;1;1058.5;0;1058.5;0;;BRAS_PF_PMC;ed. 1066;19;
BRASINDICE;1094;material;0000047159;05;868-25687-DDKV;FAMAP;NUTRICAO PARENTERAL MANIPULADA - NP NEONATAL-PEDIATRICA;De 400,1 a 500 mL;;;;;;N;;1;1170.34;0;1170.34;0;;BRAS_PF_PMC;ed. 1066;19;
BRASINDICE;1094;material;0000047160;05;868-25687-DDKW;FAMAP;NUTRICAO PARENTERAL MANIPULADA - NP NEONATAL-PEDIATRICA;De 500,1 a 700 mL;;;;;;N;;1;1358.04;0;1358.04;0;;BRAS_PF_PMC;ed. 1066;19;
BRASINDICE;1094;material;0000047161;05;868-25687-DDKX;FAMAP;NUTRICAO PARENTERAL MANIPULADA - NP NEONATAL-PEDIATRICA;De 700,1 a 1000 mL;;;;;;N;;1;1707.48;0;1707.48;0;;BRAS_PF_PMC;ed. 1066;19;
BRASINDICE;1094;material;0000047162;05;868-25687-CMVP;FAMAP;NUTRICAO PARENTERAL MANIPULADA - NP NEONATAL-PEDIATRICA;De 1000,1 a 1500 mL;;;;;;N;;1;2253.18;0;2253.18;0;;BRAS_PF_PMC;ed. 1066;19;
BRASINDICE;1094;material;0000047163;05;868-25687-CMVQ;FAMAP;NUTRICAO PARENTERAL MANIPULADA - NP NEONATAL-PEDIATRICA;De 1500,1 a 2000 mL;;;;;;N;;1;2833.12;0;2833.12;0;;BRAS_PF_PMC;ed. 1066;19;
BRASINDICE;1094;material;0000094868;05;1130-25687-FWYF;NUTRIMATER;NUTRICAO PARENTERAL MANIPULADA - NP NEONATAL-PEDIATRICA;De 0,01 a 100 ml;;;;;;N;;1;640;0;640;0;;BRAS_PF_PMC;ed. 1088;19;
BRASINDICE;1094;material;0000094869;05;1130-25687-FWYG;NUTRIMATER;NUTRICAO PARENTERAL MANIPULADA - NP NEONATAL-PEDIATRICA;De 100,01 a 200 ml;;;;;;N;;1;700;0;700;0;;BRAS_PF_PMC;ed. 1088;19;
BRASINDICE;1094;material;0000094870;05;1130-25687-FWYH;NUTRIMATER;NUTRICAO PARENTERAL MANIPULADA - NP NEONATAL-PEDIATRICA;De 200,01 a 300 ml;;;;;;N;;1;760;0;760;0;;BRAS_PF_PMC;ed. 1088;19;
BRASINDICE;1094;material;0000094871;05;1130-25687-FWYS;NUTRIMATER;NUTRICAO PARENTERAL MANIPULADA - NP NEONATAL-PEDIATRICA;De 300,01 a 400 ml;;;;;;N;;1;800;0;800;0;;BRAS_PF_PMC;ed. 1088;19;
BRASINDICE;1094;material;0000094872;05;1130-25687-FWYI;NUTRIMATER;NUTRICAO PARENTERAL MANIPULADA - NP NEONATAL-PEDIATRICA;De 400,01 a 500 ml;;;;;;N;;1;900;0;900;0;;BRAS_PF_PMC;ed. 1088;19;
BRASINDICE;1094;material;0000094873;05;1130-25687-FWYJ;NUTRIMATER;NUTRICAO PARENTERAL MANIPULADA - NP NEONATAL-PEDIATRICA;De 500,01 a 700 ml;;;;;;N;;1;1100;0;1100;0;;BRAS_PF_PMC;ed. 1088;19;
BRASINDICE;1094;material;0000094874;05;1130-25687-FWYK;NUTRIMATER;NUTRICAO PARENTERAL MANIPULADA - NP NEONATAL-PEDIATRICA;De 700,01 a 1000 ml;;;;;;N;;1;1200;0;1200;0;;BRAS_PF_PMC;ed. 1088;19;
BRASINDICE;1094;material;0000094875;05;1130-25687-FWYL;NUTRIMATER;NUTRICAO PARENTERAL MANIPULADA - NP NEONATAL-PEDIATRICA;De 1000,01 a 1500 ml;;;;;;N;;1;1300;0;1300;0;;BRAS_PF_PMC;ed. 1088;19;
BRASINDICE;1094;material;0000094876;05;1130-25687-FWYM;NUTRIMATER;NUTRICAO PARENTERAL MANIPULADA - NP NEONATAL-PEDIATRICA;De 1500,01 a 2000 ml;;;;;;N;;1;1500;0;1500;0;;BRAS_PF_PMC;ed. 1088;19;
BRASINDICE;1094;material;0000094877;05;1130-25687-FWYN;NUTRIMATER;NUTRICAO PARENTERAL MANIPULADA - NP NEONATAL-PEDIATRICA;De 2000,01 a 3000 ml;;;;;;N;;1;1600;0;1600;0;;BRAS_PF_PMC;ed. 1088;19;
BRASINDICE;1094;material;0000052039;05;735-21000-DDKW;CLINUTRI;NUTRICAO PARENTERAL MANIPULADA - NP* - PEDIATRIA - C/Lipidio;De 500,1 a 700 mL;;;;;;N;;1;1250;0;1250;0;;BRAS_PF_PMC;ed. 1076;19;
BRASINDICE;1094;material;0000052040;05;735-21000-DDKX;CLINUTRI;NUTRICAO PARENTERAL MANIPULADA - NP* - PEDIATRIA - C/Lipidio;De 700,1 a 1000 mL;;;;;;N;;1;1300;0;1300;0;;BRAS_PF_PMC;ed. 1066;19;
BRASINDICE;1094;material;0000052041;05;735-21000-CMVP;CLINUTRI;NUTRICAO PARENTERAL MANIPULADA - NP* - PEDIATRIA - C/Lipidio;De 1000,1 a 1500 mL;;;;;;N;;1;1450;0;1450;0;;BRAS_PF_PMC;ed. 1066;19;
BRASINDICE;1094;material;0000052042;05;735-21000-CMVQ;CLINUTRI;NUTRICAO PARENTERAL MANIPULADA - NP* - PEDIATRIA - C/Lipidio;De 1500,1 a 2000 mL;;;;;;N;;1;1550;0;1550;0;;BRAS_PF_PMC;ed. 1066;19;
BRASINDICE;1094;material;0000055714;05;735-21000-DWFL;CLINUTRI;NUTRICAO PARENTERAL MANIPULADA - NP* - PEDIATRIA - C/Lipidio;De 2000,1 a 3000 mL;;;;;;N;;1;1700;0;1700;0;;BRAS_PF_PMC;ed. 1066;19;
BRASINDICE;1094;material;0000065783;05;735-21000-CMVN;CLINUTRI;NUTRICAO PARENTERAL MANIPULADA - NP* - PEDIATRIA - C/Lipidio;Ate 500 mL;;;;;;N;;1;1200;0;1200;0;;BRAS_PF_PMC;ed. 1076;19;
BRASINDICE;1094;material;0000071954;05;735-23838-CMVN;CLINUTRI;NUTRICAO PARENTERAL MANIPULADA - NP* - PEDIATRIA - S/Lipidio;Ate 500 mL;;;;;;N;;1;1000;0;1000;0;;BRAS_PF_PMC;ed. 1076;19;
BRASINDICE;1094;material;0000071955;05;735-23838-DDKW;CLINUTRI;NUTRICAO PARENTERAL MANIPULADA - NP* - PEDIATRIA - S/Lipidio;De 500,1 a 700 mL;;;;;;N;;1;1100;0;1100;0;;BRAS_PF_PMC;ed. 1076;19;
BRASINDICE;1094;material;0000071956;05;735-23838-DDKX;CLINUTRI;NUTRICAO PARENTERAL MANIPULADA - NP* - PEDIATRIA - S/Lipidio;De 700,1 a 1000 mL;;;;;;N;;1;1200;0;1200;0;;BRAS_PF_PMC;ed. 1076;19;
BRASINDICE;1094;material;0000071957;05;735-23838-CMVP;CLINUTRI;NUTRICAO PARENTERAL MANIPULADA - NP* - PEDIATRIA - S/Lipidio;De 1000,1 a 1500 mL;;;;;;N;;1;1300;0;1300;0;;BRAS_PF_PMC;ed. 1066;19;
BRASINDICE;1094;material;0000071958;05;735-23838-CMVQ;CLINUTRI;NUTRICAO PARENTERAL MANIPULADA - NP* - PEDIATRIA - S/Lipidio;De 1500,1 a 2000 mL;;;;;;N;;1;1400;0;1400;0;;BRAS_PF_PMC;ed. 1066;19;
BRASINDICE;1094;material;0000071959;05;735-23838-DWFL;CLINUTRI;NUTRICAO PARENTERAL MANIPULADA - NP* - PEDIATRIA - S/Lipidio;De 2000,1 a 3000 mL;;;;;;N;;1;1500;0;1500;0;;BRAS_PF_PMC;ed. 1066;19;
BRASINDICE;1094;material;0000052043;05;735-21002-CMVN;CLINUTRI;NUTRICAO PARENTERAL MANIPULADA - NP* ADULTO HEPATOPATIA - C/ Lipidio;Ate 500 mL;;;;;;N;;1;1100;0;1100;0;;BRAS_PF_PMC;ed. 1076;19;
BRASINDICE;1094;material;0000052044;05;735-21002-CMVO;CLINUTRI;NUTRICAO PARENTERAL MANIPULADA - NP* ADULTO HEPATOPATIA - C/ Lipidio;De 500,1 a 1000 mL;;;;;;N;;1;1400;0;1400;0;;BRAS_PF_PMC;ed. 1076;19;
BRASINDICE;1094;material;0000052045;05;735-21002-CMVP;CLINUTRI;NUTRICAO PARENTERAL MANIPULADA - NP* ADULTO HEPATOPATIA - C/ Lipidio;De 1000,1 a 1500 mL;;;;;;N;;1;1600;0;1600;0;;BRAS_PF_PMC;ed. 1076;19;
BRASINDICE;1094;material;0000052046;05;735-21002-CMVQ;CLINUTRI;NUTRICAO PARENTERAL MANIPULADA - NP* ADULTO HEPATOPATIA - C/ Lipidio;De 1500,1 a 2000 mL;;;;;;N;;1;1800;0;1800;0;;BRAS_PF_PMC;ed. 1076;19;
BRASINDICE;1094;material;0000052047;05;735-21002-CMVR;CLINUTRI;NUTRICAO PARENTERAL MANIPULADA - NP* ADULTO HEPATOPATIA - C/ Lipidio;De 2000,1 a 2500 ml;;;;;;N;;1;1900;0;1900;0;;BRAS_PF_PMC;ed. 1076;19;
BRASINDICE;1094;material;0000052048;05;735-21002-CMVS;CLINUTRI;NUTRICAO PARENTERAL MANIPULADA - NP* ADULTO HEPATOPATIA - C/ Lipidio;De 2500,1 a 3000 mL;;;;;;N;;1;2000;0;2000;0;;BRAS_PF_PMC;ed. 1076;19;
BRASINDICE;1094;material;0000052049;05;735-21003-CMVN;CLINUTRI;NUTRICAO PARENTERAL MANIPULADA - NP* ADULTO HEPATOPATIA - S/ Lipidio;Ate 500 mL;;;;;;N;;1;1000;0;1000;0;;BRAS_PF_PMC;ed. 1076;19;
BRASINDICE;1094;material;0000052050;05;735-21003-CMVO;CLINUTRI;NUTRICAO PARENTERAL MANIPULADA - NP* ADULTO HEPATOPATIA - S/ Lipidio;De 500,1 a 1000 mL;;;;;;N;;1;1200;0;1200;0;;BRAS_PF_PMC;ed. 1076;19;
BRASINDICE;1094;material;0000052051;05;735-21003-CMVP;CLINUTRI;NUTRICAO PARENTERAL MANIPULADA - NP* ADULTO HEPATOPATIA - S/ Lipidio;De 1000,1 a 1500 mL;;;;;;N;;1;1400;0;1400;0;;BRAS_PF_PMC;ed. 1076;19;
BRASINDICE;1094;material;0000052052;05;735-21003-CMVQ;CLINUTRI;NUTRICAO PARENTERAL MANIPULADA - NP* ADULTO HEPATOPATIA - S/ Lipidio;De 1500,1 a 2000 mL;;;;;;N;;1;1500;0;1500;0;;BRAS_PF_PMC;ed. 1076;19;
BRASINDICE;1094;material;0000052053;05;735-21003-CMVR;CLINUTRI;NUTRICAO PARENTERAL MANIPULADA - NP* ADULTO HEPATOPATIA - S/ Lipidio;De 2000,1 a 2500 ml;;;;;;N;;1;1650;0;1650;0;;BRAS_PF_PMC;ed. 1076;19;
BRASINDICE;1094;material;0000052054;05;735-21003-CMVS;CLINUTRI;NUTRICAO PARENTERAL MANIPULADA - NP* ADULTO HEPATOPATIA - S/ Lipidio;De 2500,1 a 3000 mL;;;;;;N;;1;1850;0;1850;0;;BRAS_PF_PMC;ed. 1076;19;
BRASINDICE;1094;material;0000052055;05;735-21004-CMVN;CLINUTRI;NUTRICAO PARENTERAL MANIPULADA - NP* ADULTO NEFROPATIA - C/ Lipidio;Ate 500 mL;;;;;;N;;1;1100;0;1100;0;;BRAS_PF_PMC;ed. 1076;19;
BRASINDICE;1094;material;0000052056;05;735-21004-CMVO;CLINUTRI;NUTRICAO PARENTERAL MANIPULADA - NP* ADULTO NEFROPATIA - C/ Lipidio;De 500,1 a 1000 mL;;;;;;N;;1;1400;0;1400;0;;BRAS_PF_PMC;ed. 1076;19;
BRASINDICE;1094;material;0000052057;05;735-21004-CMVP;CLINUTRI;NUTRICAO PARENTERAL MANIPULADA - NP* ADULTO NEFROPATIA - C/ Lipidio;De 1000,1 a 1500 mL;;;;;;N;;1;1600;0;1600;0;;BRAS_PF_PMC;ed. 1076;19;
BRASINDICE;1094;material;0000052058;05;735-21004-CMVQ;CLINUTRI;NUTRICAO PARENTERAL MANIPULADA - NP* ADULTO NEFROPATIA - C/ Lipidio;De 1500,1 a 2000 mL;;;;;;N;;1;1800;0;1800;0;;BRAS_PF_PMC;ed. 1076;19;
BRASINDICE;1094;material;0000052059;05;735-21004-CMVR;CLINUTRI;NUTRICAO PARENTERAL MANIPULADA - NP* ADULTO NEFROPATIA - C/ Lipidio;De 2000,1 a 2500 ml;;;;;;N;;1;1900;0;1900;0;;BRAS_PF_PMC;ed. 1076;19;
BRASINDICE;1094;material;0000052060;05;735-21004-CMVS;CLINUTRI;NUTRICAO PARENTERAL MANIPULADA - NP* ADULTO NEFROPATIA - C/ Lipidio;De 2500,1 a 3000 mL;;;;;;N;;1;2000;0;2000;0;;BRAS_PF_PMC;ed. 1076;19;
BRASINDICE;1094;material;0000052061;05;735-21005-CMVN;CLINUTRI;NUTRICAO PARENTERAL MANIPULADA - NP* ADULTO NEFROPATIA - S/ Lipidio;Ate 500 mL;;;;;;N;;1;1000;0;1000;0;;BRAS_PF_PMC;ed. 1076;19;
BRASINDICE;1094;material;0000052062;05;735-21005-CMVO;CLINUTRI;NUTRICAO PARENTERAL MANIPULADA - NP* ADULTO NEFROPATIA - S/ Lipidio;De 500,1 a 1000 mL;;;;;;N;;1;1200;0;1200;0;;BRAS_PF_PMC;ed. 1076;19;
BRASINDICE;1094;material;0000052063;05;735-21005-CMVP;CLINUTRI;NUTRICAO PARENTERAL MANIPULADA - NP* ADULTO NEFROPATIA - S/ Lipidio;De 1000,1 a 1500 mL;;;;;;N;;1;1400;0;1400;0;;BRAS_PF_PMC;ed. 1076;19;
BRASINDICE;1094;material;0000052064;05;735-21005-CMVQ;CLINUTRI;NUTRICAO PARENTERAL MANIPULADA - NP* ADULTO NEFROPATIA - S/ Lipidio;De 1500,1 a 2000 mL;;;;;;N;;1;1500;0;1500;0;;BRAS_PF_PMC;ed. 1076;19;
BRASINDICE;1094;material;0000052065;05;735-21005-CMVR;CLINUTRI;NUTRICAO PARENTERAL MANIPULADA - NP* ADULTO NEFROPATIA - S/ Lipidio;De 2000,1 a 2500 ml;;;;;;N;;1;1650;0;1650;0;;BRAS_PF_PMC;ed. 1076;19;
BRASINDICE;1094;material;0000052066;05;735-21005-CMVS;CLINUTRI;NUTRICAO PARENTERAL MANIPULADA - NP* ADULTO NEFROPATIA - S/ Lipidio;De 2500,1 a 3000 mL;;;;;;N;;1;1850;0;1850;0;;BRAS_PF_PMC;ed. 1076;19;
BRASINDICE;1094;material;0000052022;05;735-20998-CMVN;CLINUTRI;NUTRICAO PARENTERAL MANIPULADA - NP* ADULTO PADRAO - C/ Lipidio;Ate 500 mL;;;;;;N;;1;1000;0;1000;0;;BRAS_PF_PMC;ed. 1076;19;
BRASINDICE;1094;material;0000052023;05;735-20998-CMVO;CLINUTRI;NUTRICAO PARENTERAL MANIPULADA - NP* ADULTO PADRAO - C/ Lipidio;De 500,1 a 1000 mL;;;;;;N;;1;1300;0;1300;0;;BRAS_PF_PMC;ed. 1066;19;
BRASINDICE;1094;material;0000052024;05;735-20998-CMVP;CLINUTRI;NUTRICAO PARENTERAL MANIPULADA - NP* ADULTO PADRAO - C/ Lipidio;De 1000,1 a 1500 mL;;;;;;N;;1;1450;0;1450;0;;BRAS_PF_PMC;ed. 1066;19;
BRASINDICE;1094;material;0000052025;05;735-20998-CMVQ;CLINUTRI;NUTRICAO PARENTERAL MANIPULADA - NP* ADULTO PADRAO - C/ Lipidio;De 1500,1 a 2000 mL;;;;;;N;;1;1750;0;1750;0;;BRAS_PF_PMC;ed. 1066;19;
BRASINDICE;1094;material;0000052026;05;735-20998-CMVR;CLINUTRI;NUTRICAO PARENTERAL MANIPULADA - NP* ADULTO PADRAO - C/ Lipidio;De 2000,1 a 2500 ml;;;;;;N;;1;1850;0;1850;0;;BRAS_PF_PMC;ed. 1076;19;
BRASINDICE;1094;material;0000052027;05;735-20998-CMVS;CLINUTRI;NUTRICAO PARENTERAL MANIPULADA - NP* ADULTO PADRAO - C/ Lipidio;De 2500,1 a 3000 mL;;;;;;N;;1;1925;0;1925;0;;BRAS_PF_PMC;ed. 1079;19;
BRASINDICE;1094;material;0000052028;05;735-20999-CMVN;CLINUTRI;NUTRICAO PARENTERAL MANIPULADA - NP* ADULTO PADRAO - S/ Lipidio;Ate 500 mL;;;;;;N;;1;800;0;800;0;;BRAS_PF_PMC;ed. 1076;19;
BRASINDICE;1094;material;0000052029;05;735-20999-CMVO;CLINUTRI;NUTRICAO PARENTERAL MANIPULADA - NP* ADULTO PADRAO - S/ Lipidio;De 500,1 a 1000 mL;;;;;;N;;1;1000;0;1000;0;;BRAS_PF_PMC;ed. 1076;19;
BRASINDICE;1094;material;0000052030;05;735-20999-CMVP;CLINUTRI;NUTRICAO PARENTERAL MANIPULADA - NP* ADULTO PADRAO - S/ Lipidio;De 1000,1 a 1500 mL;;;;;;N;;1;1200;0;1200;0;;BRAS_PF_PMC;ed. 1076;19;
BRASINDICE;1094;material;0000052031;05;735-20999-CMVQ;CLINUTRI;NUTRICAO PARENTERAL MANIPULADA - NP* ADULTO PADRAO - S/ Lipidio;De 1500,1 a 2000 mL;;;;;;N;;1;1350;0;1350;0;;BRAS_PF_PMC;ed. 1076;19;
BRASINDICE;1094;material;0000052032;05;735-20999-CMVR;CLINUTRI;NUTRICAO PARENTERAL MANIPULADA - NP* ADULTO PADRAO - S/ Lipidio;De 2000,1 a 2500 ml;;;;;;N;;1;1500;0;1500;0;;BRAS_PF_PMC;ed. 1076;19;
BRASINDICE;1094;material;0000052033;05;735-20999-CMVS;CLINUTRI;NUTRICAO PARENTERAL MANIPULADA - NP* ADULTO PADRAO - S/ Lipidio;De 2500,1 a 3000 mL;;;;;;N;;1;1700;0;1700;0;;BRAS_PF_PMC;ed. 1076;19;
BRASINDICE;1094;material;0000065785;05;735-22924-DDKS;CLINUTRI;NUTRICAO PARENTERAL MANIPULADA - NP* NEONATAL - C/Lipidio;De 100,1 a 200 mL;;;;;;N;;1;800;0;800;0;;BRAS_PF_PMC;ed. 1076;19;
BRASINDICE;1094;material;0000065786;05;735-22924-DDKT;CLINUTRI;NUTRICAO PARENTERAL MANIPULADA - NP* NEONATAL - C/Lipidio;De 200,1 a 300 mL;;;;;;N;;1;900;0;900;0;;BRAS_PF_PMC;ed. 1076;19;
BRASINDICE;1094;material;0000065787;05;735-22924-DDKU;CLINUTRI;NUTRICAO PARENTERAL MANIPULADA - NP* NEONATAL - C/Lipidio;De 300,1 a 400 ml;;;;;;N;;1;1100;0;1100;0;;BRAS_PF_PMC;ed. 1076;19;
BRASINDICE;1094;material;0000065796;05;735-22924-ECEO;CLINUTRI;NUTRICAO PARENTERAL MANIPULADA - NP* NEONATAL - C/Lipidio;Ate 100 ml;;;;;;N;;1;700;0;700;0;;BRAS_PF_PMC;ed. 1066;19;
BRASINDICE;1094;material;0000071950;05;735-23837-ECEO;CLINUTRI;NUTRICAO PARENTERAL MANIPULADA - NP* NEONATAL - S/Lipidio;Ate 100 ml;;;;;;N;;1;500;0;500;0;;BRAS_PF_PMC;ed. 1076;19;
BRASINDICE;1094;material;0000071951;05;735-23837-DDKS;CLINUTRI;NUTRICAO PARENTERAL MANIPULADA - NP* NEONATAL - S/Lipidio;De 100,1 a 200 mL;;;;;;N;;1;650;0;650;0;;BRAS_PF_PMC;ed. 1066;19;
BRASINDICE;1094;material;0000071952;05;735-23837-DDKT;CLINUTRI;NUTRICAO PARENTERAL MANIPULADA - NP* NEONATAL - S/Lipidio;De 200,1 a 300 mL;;;;;;N;;1;800;0;800;0;;BRAS_PF_PMC;ed. 1076;19;
BRASINDICE;1094;material;0000071953;05;735-23837-DDKU;CLINUTRI;NUTRICAO PARENTERAL MANIPULADA - NP* NEONATAL - S/Lipidio;De 300,1 a 400 ml;;;;;;N;;1;900;0;900;0;;BRAS_PF_PMC;ed. 1076;19;
BRASINDICE;1094;material;0000090568;05;735-27726-FRTZ;CLINUTRI;NUTRICAO PARENTERAL MANIPULADA - NP* PADRAO NEONATAL;Bolsa Padrao Neonatal - bolsa 150 ml;;;;;;N;;1;500;0;500;0;;BRAS_PF_PMC;ed. 1066;19;
BRASINDICE;1094;material;0000068994;05;968-23316-ERDU;NUTROMNI;NUTRICAO PARENTERAL MANIPULADA - OMNI AMINO NUTRITION;Nefropata/Hepatopata/Aminoacidos 15% - s/glutamina e s/lipidios complexos - N - 600 ml;;;;;;N;;1;1379.11;0;1379.11;0;;BRAS_PF_PMC;ed. 1066;19;
BRASINDICE;1094;material;0000068995;05;968-23316-ERAG;NUTROMNI;NUTRICAO PARENTERAL MANIPULADA - OMNI AMINO NUTRITION;Nefropata/Hepatopata/Aminoacidos 15% - s/glutamina e s/lipidios complexos - N - 960 ml;;;;;;N;;1;1434.9;0;1434.9;0;;BRAS_PF_PMC;ed. 1066;19;
BRASINDICE;1094;material;0000068996;05;968-23316-ERAJ;NUTROMNI;NUTRICAO PARENTERAL MANIPULADA - OMNI AMINO NUTRITION;Nefropata/Hepatopata/Aminoacidos 15% - s/glutamina e s/lipidios complexos - N - 1000 ml;;;;;;N;;1;1671.84;0;1671.84;0;;BRAS_PF_PMC;ed. 1066;19;
BRASINDICE;1094;material;0000068997;05;968-23316-ERAK;NUTROMNI;NUTRICAO PARENTERAL MANIPULADA - OMNI AMINO NUTRITION;Nefropata/Hepatopata/Aminoacidos 15% - s/glutamina e s/lipidios complexos - N - 1200 ml;;;;;;N;;1;1772.42;0;1772.42;0;;BRAS_PF_PMC;ed. 1066;19;
BRASINDICE;1094;material;0000068998;05;968-23316-ERAL;NUTROMNI;NUTRICAO PARENTERAL MANIPULADA - OMNI AMINO NUTRITION;Nefropata/Hepatopata/Aminoacidos 15% - s/glutamina e s/lipidios complexos - N - 1440 ml;;;;;;N;;1;1840.84;0;1840.84;0;;BRAS_PF_PMC;ed. 1066;19;
BRASINDICE;1094;material;0000068999;05;968-23316-ERAM;NUTROMNI;NUTRICAO PARENTERAL MANIPULADA - OMNI AMINO NUTRITION;Nefropata/Hepatopata/Aminoacidos 15% - s/glutamina e s/lipidios complexos - N - 1560 ml;;;;;;N;;1;1890.31;0;1890.31;0;;BRAS_PF_PMC;ed. 1066;19;
BRASINDICE;1094;material;0000069000;05;968-23316-ERAN;NUTROMNI;NUTRICAO PARENTERAL MANIPULADA - OMNI AMINO NUTRITION;Nefropata/Hepatopata/Aminoacidos 15% - s/glutamina e s/lipidios complexos - N - 1680 ml;;;;;;N;;1;1938.32;0;1938.32;0;;BRAS_PF_PMC;ed. 1066;19;
BRASINDICE;1094;material;0000069001;05;968-23316-ERAO;NUTROMNI;NUTRICAO PARENTERAL MANIPULADA - OMNI AMINO NUTRITION;Nefropata/Hepatopata/Aminoacidos 15% - s/glutamina e s/lipidios complexos - N - 1800 ml;;;;;;N;;1;1960.32;0;1960.32;0;;BRAS_PF_PMC;ed. 1066;19;
BRASINDICE;1094;material;0000069002;05;968-23316-ERAP;NUTROMNI;NUTRICAO PARENTERAL MANIPULADA - OMNI AMINO NUTRITION;Nefropata/Hepatopata/Aminoacidos 15% - s/glutamina e s/lipidios complexos - N - 1960 ml;;;;;;N;;1;2005.41;0;2005.41;0;;BRAS_PF_PMC;ed. 1066;19;
BRASINDICE;1094;material;0000069003;05;968-23316-ERAQ;NUTROMNI;NUTRICAO PARENTERAL MANIPULADA - OMNI AMINO NUTRITION;Nefropata/Hepatopata/Aminoacidos 15% - s/glutamina e s/lipidios complexos - N - 2000 ml;;;;;;N;;1;2063.75;0;2063.75;0;;BRAS_PF_PMC;ed. 1066;19;
BRASINDICE;1094;material;0000069004;05;968-23316-ERAR;NUTROMNI;NUTRICAO PARENTERAL MANIPULADA - OMNI AMINO NUTRITION;Nefropata/Hepatopata/Aminoacidos 15% - s/glutamina e s/lipidios complexos - N - 2200 ml;;;;;;N;;1;2128.17;0;2128.17;0;;BRAS_PF_PMC;ed. 1066;19;
BRASINDICE;1094;material;0000069005;05;968-23316-ERAS;NUTROMNI;NUTRICAO PARENTERAL MANIPULADA - OMNI AMINO NUTRITION;Nefropata/Hepatopata/Aminoacidos 15% - s/glutamina e s/lipidios complexos - N - 2440 ml;;;;;;N;;1;2191.37;0;2191.37;0;;BRAS_PF_PMC;ed. 1066;19;
BRASINDICE;1094;material;0000069006;05;968-23316-ERAT;NUTROMNI;NUTRICAO PARENTERAL MANIPULADA - OMNI AMINO NUTRITION;Nefropata/Hepatopata/Aminoacidos 15% - s/glutamina e s/lipidios complexos - N - 2680 ml;;;;;;N;;1;2251.29;0;2251.29;0;;BRAS_PF_PMC;ed. 1066;19;
BRASINDICE;1094;material;0000069007;05;968-23316-ERAU;NUTROMNI;NUTRICAO PARENTERAL MANIPULADA - OMNI AMINO NUTRITION;Nefropata/Hepatopata/Aminoacidos 15% - s/glutamina e s/lipidios complexos - N - 2920 ml;;;;;;N;;1;2300.75;0;2300.75;0;;BRAS_PF_PMC;ed. 1066;19;
BRASINDICE;1094;material;0000069008;05;968-23316-ERAV;NUTROMNI;NUTRICAO PARENTERAL MANIPULADA - OMNI AMINO NUTRITION;Nefropata/Hepatopata/Aminoacidos 15% - s/glutamina e s/lipidios complexos - N - 3000 ml;;;;;;N;;1;2367.6;0;2367.6;0;;BRAS_PF_PMC;ed. 1066;19;
BRASINDICE;1094;material;0000069009;05;968-23316-ERAW;NUTROMNI;NUTRICAO PARENTERAL MANIPULADA - OMNI AMINO NUTRITION;Nefropata/Hepatopata/Aminoacidos 15% - c/glutamina - G+ - 600 ml;;;;;;N;;1;3169.05;0;3169.05;0;;BRAS_PF_PMC;ed. 1066;19;
BRASINDICE;1094;material;0000069010;05;968-23316-ERAX;NUTROMNI;NUTRICAO PARENTERAL MANIPULADA - OMNI AMINO NUTRITION;Nefropata/Hepatopata/Aminoacidos 15% - c/glutamina - G+ - 960 ml;;;;;;N;;1;3792.67;0;3792.67;0;;BRAS_PF_PMC;ed. 1066;19;
BRASINDICE;1094;material;0000069011;05;968-23316-ERAY;NUTROMNI;NUTRICAO PARENTERAL MANIPULADA - OMNI AMINO NUTRITION;Nefropata/Hepatopata/Aminoacidos 15% - c/glutamina - G+ - 1000 ml;;;;;;N;;1;3814.36;0;3814.36;0;;BRAS_PF_PMC;ed. 1066;19;
BRASINDICE;1094;material;0000069012;05;968-23316-ERAZ;NUTROMNI;NUTRICAO PARENTERAL MANIPULADA - OMNI AMINO NUTRITION;Nefropata/Hepatopata/Aminoacidos 15% - c/glutamina - G+ - 1200 ml;;;;;;N;;1;4078.57;0;4078.57;0;;BRAS_PF_PMC;ed. 1066;19;
BRASINDICE;1094;material;0000069013;05;968-23316-ERBA;NUTROMNI;NUTRICAO PARENTERAL MANIPULADA - OMNI AMINO NUTRITION;Nefropata/Hepatopata/Aminoacidos 15% - c/glutamina - G+ - 1440 ml;;;;;;N;;1;4303.61;0;4303.61;0;;BRAS_PF_PMC;ed. 1066;19;
BRASINDICE;1094;material;0000069014;05;968-23316-ERBB;NUTROMNI;NUTRICAO PARENTERAL MANIPULADA - OMNI AMINO NUTRITION;Nefropata/Hepatopata/Aminoacidos 15% - c/glutamina - G+ - 1560 ml;;;;;;N;;1;4455.11;0;4455.11;0;;BRAS_PF_PMC;ed. 1066;19;
BRASINDICE;1094;material;0000069015;05;968-23316-ERBC;NUTROMNI;NUTRICAO PARENTERAL MANIPULADA - OMNI AMINO NUTRITION;Nefropata/Hepatopata/Aminoacidos 15% - c/glutamina - G+ - 1680 ml;;;;;;N;;1;4486.78;0;4486.78;0;;BRAS_PF_PMC;ed. 1066;19;
BRASINDICE;1094;material;0000069016;05;968-23316-ERBD;NUTROMNI;NUTRICAO PARENTERAL MANIPULADA - OMNI AMINO NUTRITION;Nefropata/Hepatopata/Aminoacidos 15% - c/glutamina - G+ - 1800 ml;;;;;;N;;1;4530.09;0;4530.09;0;;BRAS_PF_PMC;ed. 1066;19;
BRASINDICE;1094;material;0000069017;05;968-23316-ERBE;NUTROMNI;NUTRICAO PARENTERAL MANIPULADA - OMNI AMINO NUTRITION;Nefropata/Hepatopata/Aminoacidos 15% - c/glutamina - G+ - 1960 ml;;;;;;N;;1;4616.58;0;4616.58;0;;BRAS_PF_PMC;ed. 1066;19;
BRASINDICE;1094;material;0000069018;05;968-23316-ERBF;NUTROMNI;NUTRICAO PARENTERAL MANIPULADA - OMNI AMINO NUTRITION;Nefropata/Hepatopata/Aminoacidos 15% - c/glutamina - G+ - 2000 ml;;;;;;N;;1;4668.37;0;4668.37;0;;BRAS_PF_PMC;ed. 1066;19;
BRASINDICE;1094;material;0000069019;05;968-23316-ERBG;NUTROMNI;NUTRICAO PARENTERAL MANIPULADA - OMNI AMINO NUTRITION;Nefropata/Hepatopata/Aminoacidos 15% - c/glutamina - G+ - 2200 ml;;;;;;N;;1;4686.81;0;4686.81;0;;BRAS_PF_PMC;ed. 1066;19;
BRASINDICE;1094;material;0000069020;05;968-23316-ERBJ;NUTROMNI;NUTRICAO PARENTERAL MANIPULADA - OMNI AMINO NUTRITION;Nefropata/Hepatopata/Aminoacidos 15% - c/glutamina - G+ - 2440 ml;;;;;;N;;1;4718.43;0;4718.43;0;;BRAS_PF_PMC;ed. 1066;19;
BRASINDICE;1094;material;0000069021;05;968-23316-ERBK;NUTROMNI;NUTRICAO PARENTERAL MANIPULADA - OMNI AMINO NUTRITION;Nefropata/Hepatopata/Aminoacidos 15% - c/glutamina - G+ - 2680 ml;;;;;;N;;1;4882.2;0;4882.2;0;;BRAS_PF_PMC;ed. 1066;19;
BRASINDICE;1094;material;0000069022;05;968-23316-ERBL;NUTROMNI;NUTRICAO PARENTERAL MANIPULADA - OMNI AMINO NUTRITION;Nefropata/Hepatopata/Aminoacidos 15% - c/glutamina - G+ - 2920 ml;;;;;;N;;1;4942.27;0;4942.27;0;;BRAS_PF_PMC;ed. 1066;19;
BRASINDICE;1094;material;0000069023;05;968-23316-ERBM;NUTROMNI;NUTRICAO PARENTERAL MANIPULADA - OMNI AMINO NUTRITION;Nefropata/Hepatopata/Aminoacidos 15% - c/glutamina - G+ - 3000 ml;;;;;;N;;1;4965.15;0;4965.15;0;;BRAS_PF_PMC;ed. 1066;19;
BRASINDICE;1094;material;0000069024;05;968-23316-ERBN;NUTROMNI;NUTRICAO PARENTERAL MANIPULADA - OMNI AMINO NUTRITION;Nefropata/Hepatopata/Aminoacidos 15% - c/lipidios complexos - L+ - 600 ml;;;;;;N;;1;3169.05;0;3169.05;0;;BRAS_PF_PMC;ed. 1066;19;
BRASINDICE;1094;material;0000069025;05;968-23316-ERBO;NUTROMNI;NUTRICAO PARENTERAL MANIPULADA - OMNI AMINO NUTRITION;Nefropata/Hepatopata/Aminoacidos 15% - c/lipidios complexos - L+ - 960 ml;;;;;;N;;1;3792.67;0;3792.67;0;;BRAS_PF_PMC;ed. 1066;19;
BRASINDICE;1094;material;0000069026;05;968-23316-ERBP;NUTROMNI;NUTRICAO PARENTERAL MANIPULADA - OMNI AMINO NUTRITION;Nefropata/Hepatopata/Aminoacidos 15% - c/lipidios complexos - L+ - 1000 ml;;;;;;N;;1;3814.36;0;3814.36;0;;BRAS_PF_PMC;ed. 1066;19;
BRASINDICE;1094;material;0000069027;05;968-23316-ERBQ;NUTROMNI;NUTRICAO PARENTERAL MANIPULADA - OMNI AMINO NUTRITION;Nefropata/Hepatopata/Aminoacidos 15% - c/lipidios complexos - L+ - 1200 ml;;;;;;N;;1;4078.57;0;4078.57;0;;BRAS_PF_PMC;ed. 1066;19;
BRASINDICE;1094;material;0000069028;05;968-23316-ERBR;NUTROMNI;NUTRICAO PARENTERAL MANIPULADA - OMNI AMINO NUTRITION;Nefropata/Hepatopata/Aminoacidos 15% - c/lipidios complexos - L+ - 1440 ml;;;;;;N;;1;4303.61;0;4303.61;0;;BRAS_PF_PMC;ed. 1066;19;
BRASINDICE;1094;material;0000069029;05;968-23316-ERBS;NUTROMNI;NUTRICAO PARENTERAL MANIPULADA - OMNI AMINO NUTRITION;Nefropata/Hepatopata/Aminoacidos 15% - c/lipidios complexos - L+ - 1560 ml;;;;;;N;;1;4455.11;0;4455.11;0;;BRAS_PF_PMC;ed. 1066;19;
BRASINDICE;1094;material;0000069030;05;968-23316-ERBT;NUTROMNI;NUTRICAO PARENTERAL MANIPULADA - OMNI AMINO NUTRITION;Nefropata/Hepatopata/Aminoacidos 15% - c/lipidios complexos - L+ - 1680 ml;;;;;;N;;1;4486.78;0;4486.78;0;;BRAS_PF_PMC;ed. 1066;19;
BRASINDICE;1094;material;0000069031;05;968-23316-ERBU;NUTROMNI;NUTRICAO PARENTERAL MANIPULADA - OMNI AMINO NUTRITION;Nefropata/Hepatopata/Aminoacidos 15% - c/lipidios complexos - L+ - 1800 ml;;;;;;N;;1;4530.09;0;4530.09;0;;BRAS_PF_PMC;ed. 1066;19;
BRASINDICE;1094;material;0000069032;05;968-23316-ERBV;NUTROMNI;NUTRICAO PARENTERAL MANIPULADA - OMNI AMINO NUTRITION;Nefropata/Hepatopata/Aminoacidos 15% - c/lipidios complexos - L+ - 1960 ml;;;;;;N;;1;4616.58;0;4616.58;0;;BRAS_PF_PMC;ed. 1066;19;
BRASINDICE;1094;material;0000069033;05;968-23316-ERBW;NUTROMNI;NUTRICAO PARENTERAL MANIPULADA - OMNI AMINO NUTRITION;Nefropata/Hepatopata/Aminoacidos 15% - c/lipidios complexos - L+ - 2000 ml;;;;;;N;;1;4668.37;0;4668.37;0;;BRAS_PF_PMC;ed. 1066;19;
BRASINDICE;1094;material;0000069034;05;968-23316-ERBX;NUTROMNI;NUTRICAO PARENTERAL MANIPULADA - OMNI AMINO NUTRITION;Nefropata/Hepatopata/Aminoacidos 15% - c/lipidios complexos - L+ - 2200 ml;;;;;;N;;1;4686.81;0;4686.81;0;;BRAS_PF_PMC;ed. 1066;19;
BRASINDICE;1094;material;0000069035;05;968-23316-ERBY;NUTROMNI;NUTRICAO PARENTERAL MANIPULADA - OMNI AMINO NUTRITION;Nefropata/Hepatopata/Aminoacidos 15% - c/lipidios complexos - L+ - 2440 ml;;;;;;N;;1;4718.43;0;4718.43;0;;BRAS_PF_PMC;ed. 1066;19;
BRASINDICE;1094;material;0000069036;05;968-23316-ERBZ;NUTROMNI;NUTRICAO PARENTERAL MANIPULADA - OMNI AMINO NUTRITION;Nefropata/Hepatopata/Aminoacidos 15% - c/lipidios complexos - L+ - 2680 ml;;;;;;N;;1;4882.2;0;4882.2;0;;BRAS_PF_PMC;ed. 1066;19;
BRASINDICE;1094;material;0000069037;05;968-23316-ERCA;NUTROMNI;NUTRICAO PARENTERAL MANIPULADA - OMNI AMINO NUTRITION;Nefropata/Hepatopata/Aminoacidos 15% - c/lipidios complexos - L+ - 2920 ml;;;;;;N;;1;4942.27;0;4942.27;0;;BRAS_PF_PMC;ed. 1066;19;
BRASINDICE;1094;material;0000069038;05;968-23316-ERCB;NUTROMNI;NUTRICAO PARENTERAL MANIPULADA - OMNI AMINO NUTRITION;Nefropata/Hepatopata/Aminoacidos 15% - c/lipidios complexos - L+ - 3000 ml;;;;;;N;;1;4965.15;0;4965.15;0;;BRAS_PF_PMC;ed. 1066;19;
BRASINDICE;1094;material;0000069039;05;968-23316-ERCC;NUTROMNI;NUTRICAO PARENTERAL MANIPULADA - OMNI AMINO NUTRITION;Nefropata/Hepatopata/Aminoacidos 15% - c/glutamina e lipidios complexos - LG+ - 600 ml;;;;;;N;;1;3232.43;0;3232.43;0;;BRAS_PF_PMC;ed. 1066;19;
BRASINDICE;1094;material;0000069040;05;968-23316-ERCD;NUTROMNI;NUTRICAO PARENTERAL MANIPULADA - OMNI AMINO NUTRITION;Nefropata/Hepatopata/Aminoacidos 15% - c/glutamina e lipidios complexos - LG+ - 960 ml;;;;;;N;;1;3868.52;0;3868.52;0;;BRAS_PF_PMC;ed. 1066;19;
BRASINDICE;1094;material;0000069041;05;968-23316-ERCE;NUTROMNI;NUTRICAO PARENTERAL MANIPULADA - OMNI AMINO NUTRITION;Nefropata/Hepatopata/Aminoacidos 15% - c/glutamina e lipidios complexos - LG+ - 1000 ml;;;;;;N;;1;3890.65;0;3890.65;0;;BRAS_PF_PMC;ed. 1066;19;
BRASINDICE;1094;material;0000069042;05;968-23316-ERCF;NUTROMNI;NUTRICAO PARENTERAL MANIPULADA - OMNI AMINO NUTRITION;Nefropata/Hepatopata/Aminoacidos 15% - c/glutamina e lipidios complexos - LG+ - 1200 ml;;;;;;N;;1;4160.14;0;4160.14;0;;BRAS_PF_PMC;ed. 1066;19;
BRASINDICE;1094;material;0000069043;05;968-23316-ERCG;NUTROMNI;NUTRICAO PARENTERAL MANIPULADA - OMNI AMINO NUTRITION;Nefropata/Hepatopata/Aminoacidos 15% - c/glutamina e lipidios complexos - LG+ - 1440 ml;;;;;;N;;1;4389.68;0;4389.68;0;;BRAS_PF_PMC;ed. 1066;19;
BRASINDICE;1094;material;0000069044;05;968-23316-ERCJ;NUTROMNI;NUTRICAO PARENTERAL MANIPULADA - OMNI AMINO NUTRITION;Nefropata/Hepatopata/Aminoacidos 15% - c/glutamina e lipidios complexos - LG+ - 1560 ml;;;;;;N;;1;4544.21;0;4544.21;0;;BRAS_PF_PMC;ed. 1066;19;
BRASINDICE;1094;material;0000069045;05;968-23316-ERCK;NUTROMNI;NUTRICAO PARENTERAL MANIPULADA - OMNI AMINO NUTRITION;Nefropata/Hepatopata/Aminoacidos 15% - c/glutamina e lipidios complexos - LG+ - 1680 ml;;;;;;N;;1;4576.52;0;4576.52;0;;BRAS_PF_PMC;ed. 1066;19;
BRASINDICE;1094;material;0000069046;05;968-23316-ERCL;NUTROMNI;NUTRICAO PARENTERAL MANIPULADA - OMNI AMINO NUTRITION;Nefropata/Hepatopata/Aminoacidos 15% - c/glutamina e lipidios complexos - LG+ - 1800 ml;;;;;;N;;1;4620.7;0;4620.7;0;;BRAS_PF_PMC;ed. 1066;19;
BRASINDICE;1094;material;0000069047;05;968-23316-ERCM;NUTROMNI;NUTRICAO PARENTERAL MANIPULADA - OMNI AMINO NUTRITION;Nefropata/Hepatopata/Aminoacidos 15% - c/glutamina e lipidios complexos - LG+ - 1960 ml;;;;;;N;;1;4708.92;0;4708.92;0;;BRAS_PF_PMC;ed. 1066;19;
BRASINDICE;1094;material;0000069048;05;968-23316-ERCN;NUTROMNI;NUTRICAO PARENTERAL MANIPULADA - OMNI AMINO NUTRITION;Nefropata/Hepatopata/Aminoacidos 15% - c/glutamina e lipidios complexos - LG+ - 2000 ml;;;;;;N;;1;4761.74;0;4761.74;0;;BRAS_PF_PMC;ed. 1066;19;
BRASINDICE;1094;material;0000069049;05;968-23316-ERCO;NUTROMNI;NUTRICAO PARENTERAL MANIPULADA - OMNI AMINO NUTRITION;Nefropata/Hepatopata/Aminoacidos 15% - c/glutamina e lipidios complexos - LG+ - 2200 ml;;;;;;N;;1;4780.55;0;4780.55;0;;BRAS_PF_PMC;ed. 1066;19;
BRASINDICE;1094;material;0000069050;05;968-23316-ERCP;NUTROMNI;NUTRICAO PARENTERAL MANIPULADA - OMNI AMINO NUTRITION;Nefropata/Hepatopata/Aminoacidos 15% - c/glutamina e lipidios complexos - LG+ - 2440 ml;;;;;;N;;1;4812.8;0;4812.8;0;;BRAS_PF_PMC;ed. 1066;19;
BRASINDICE;1094;material;0000069051;05;968-23316-ERCQ;NUTROMNI;NUTRICAO PARENTERAL MANIPULADA - OMNI AMINO NUTRITION;Nefropata/Hepatopata/Aminoacidos 15% - c/glutamina e lipidios complexos - LG+ - 2680 ml;;;;;;N;;1;4893.3;0;4893.3;0;;BRAS_PF_PMC;ed. 1066;19;
BRASINDICE;1094;material;0000069052;05;968-23316-ERCR;NUTROMNI;NUTRICAO PARENTERAL MANIPULADA - OMNI AMINO NUTRITION;Nefropata/Hepatopata/Aminoacidos 15% - c/glutamina e lipidios complexos - LG+ - 2920 ml;;;;;;N;;1;4958.09;0;4958.09;0;;BRAS_PF_PMC;ed. 1066;19;
BRASINDICE;1094;material;0000069053;05;968-23316-ERCS;NUTROMNI;NUTRICAO PARENTERAL MANIPULADA - OMNI AMINO NUTRITION;Nefropata/Hepatopata/Aminoacidos 15% - c/glutamina e lipidios complexos - LG+ - 3000 ml;;;;;;N;;1;4995.23;0;4995.23;0;;BRAS_PF_PMC;ed. 1066;19;
BRASINDICE;1094;material;0000085486;05;968-23316-FLRI;NUTROMNI;NUTRICAO PARENTERAL MANIPULADA - OMNI AMINO NUTRITION;Nefropata/Hepatopata/Aminoacidos 15% - s/glutamina e s/lipidios complexos - N - 500 ml;;;;;;N;;1;1351.52;0;1351.52;0;;BRAS_PF_PMC;ed. 1066;19;
BRASINDICE;1094;material;0000085488;05;968-23316-FLRJ;NUTROMNI;NUTRICAO PARENTERAL MANIPULADA - OMNI AMINO NUTRITION;Nefropata/Hepatopata/Aminoacidos 15% - c/glutamina - G+ - 500 ml;;;;;;N;;1;3105.66;0;3105.66;0;;BRAS_PF_PMC;ed. 1066;19;
BRASINDICE;1094;material;0000085489;05;968-23316-FLRK;NUTROMNI;NUTRICAO PARENTERAL MANIPULADA - OMNI AMINO NUTRITION;Nefropata/Hepatopata/Aminoacidos 15% - c/lipidios complexos - L+ - 500 ml;;;;;;N;;1;3105.66;0;3105.66;0;;BRAS_PF_PMC;ed. 1066;19;
BRASINDICE;1094;material;0000085491;05;968-23316-FLRL;NUTROMNI;NUTRICAO PARENTERAL MANIPULADA - OMNI AMINO NUTRITION;Nefropata/Hepatopata/Aminoacidos 15% - c/glutamina e lipidios complexos - LG+ - 500 ml;;;;;;N;;1;3167.78;0;3167.78;0;;BRAS_PF_PMC;ed. 1066;19;
BRASINDICE;1094;material;0000069054;05;968-23315-ERCT;NUTROMNI;NUTRICAO PARENTERAL MANIPULADA - OMNI NEO NUTRITION;Neonatal/Pediatrica - s/glutamina e s/lipidios complexos - N - 60 (ate 60 ml);;;;;;N;;1;734.4;0;734.4;0;;BRAS_PF_PMC;ed. 1066;19;
BRASINDICE;1094;material;0000069055;05;968-23315-ERCU;NUTROMNI;NUTRICAO PARENTERAL MANIPULADA - OMNI NEO NUTRITION;Neonatal/Pediatrica - s/glutamina e s/lipidios complexos - N - 120 (de 61 a 120 ml);;;;;;N;;1;770.1;0;770.1;0;;BRAS_PF_PMC;ed. 1066;19;
BRASINDICE;1094;material;0000069056;05;968-23315-ERCV;NUTROMNI;NUTRICAO PARENTERAL MANIPULADA - OMNI NEO NUTRITION;Neonatal/Pediatrica - s/glutamina e s/lipidios complexos - N - 180 (de 121 a 180 ml);;;;;;N;;1;805.8;0;805.8;0;;BRAS_PF_PMC;ed. 1066;19;
BRASINDICE;1094;material;0000069057;05;968-23315-ERCW;NUTROMNI;NUTRICAO PARENTERAL MANIPULADA - OMNI NEO NUTRITION;Neonatal/Pediatrica - s/glutamina e s/lipidios complexos - N - 240 (de 181 a 240 ml);;;;;;N;;1;831.3;0;831.3;0;;BRAS_PF_PMC;ed. 1066;19;
BRASINDICE;1094;material;0000069058;05;968-23315-ERCX;NUTROMNI;NUTRICAO PARENTERAL MANIPULADA - OMNI NEO NUTRITION;Neonatal/Pediatrica - s/glutamina e s/lipidios complexos - N - 300 (de 241 a 300 ml);;;;;;N;;1;856.8;0;856.8;0;;BRAS_PF_PMC;ed. 1066;19;
BRASINDICE;1094;material;0000069059;05;968-23315-ERCY;NUTROMNI;NUTRICAO PARENTERAL MANIPULADA - OMNI NEO NUTRITION;Neonatal/Pediatrica - s/glutamina e s/lipidios complexos - N - 360 (de 301 a 360 ml);;;;;;N;;1;969.41;0;969.41;0;;BRAS_PF_PMC;ed. 1066;19;
BRASINDICE;1094;material;0000069060;05;968-23315-ERCZ;NUTROMNI;NUTRICAO PARENTERAL MANIPULADA - OMNI NEO NUTRITION;Neonatal/Pediatrica - s/glutamina e s/lipidios complexos - N - 420 (de 361 a 420 ml);;;;;;N;;1;1062.43;0;1062.43;0;;BRAS_PF_PMC;ed. 1066;19;
BRASINDICE;1094;material;0000069061;05;968-23315-ERDA;NUTROMNI;NUTRICAO PARENTERAL MANIPULADA - OMNI NEO NUTRITION;Neonatal/Pediatrica - s/glutamina e s/lipidios complexos - N - 480 (de 421 a 480 ml);;;;;;N;;1;1155.46;0;1155.46;0;;BRAS_PF_PMC;ed. 1066;19;
BRASINDICE;1094;material;0000069062;05;968-23315-ERDB;NUTROMNI;NUTRICAO PARENTERAL MANIPULADA - OMNI NEO NUTRITION;Neonatal/Pediatrica - s/glutamina e s/lipidios complexos - N - 540 (de 481 a 540 ml);;;;;;N;;1;1279.49;0;1279.49;0;;BRAS_PF_PMC;ed. 1066;19;
BRASINDICE;1094;material;0000069063;05;968-23315-ERDC;NUTROMNI;NUTRICAO PARENTERAL MANIPULADA - OMNI NEO NUTRITION;Neonatal/Pediatrica - s/glutamina e s/lipidios complexos - N - 600 (de 541 a 600 ml);;;;;;N;;1;1403.52;0;1403.52;0;;BRAS_PF_PMC;ed. 1066;19;
BRASINDICE;1094;material;0000069064;05;968-23315-ERDD;NUTROMNI;NUTRICAO PARENTERAL MANIPULADA - OMNI NEO NUTRITION;Neonatal/Pediatrica - s/glutamina e s/lipidios complexos - N - 660 (de 601 a 660 ml);;;;;;N;;1;1527.55;0;1527.55;0;;BRAS_PF_PMC;ed. 1066;19;
BRASINDICE;1094;material;0000069065;05;968-23315-ERDE;NUTROMNI;NUTRICAO PARENTERAL MANIPULADA - OMNI NEO NUTRITION;Neonatal/Pediatrica - s/glutamina e s/lipidios complexos - N - 720 (acima de 661 ml);;;;;;N;;1;1572.64;0;1572.64;0;;BRAS_PF_PMC;ed. 1066;19;
BRASINDICE;1094;material;0000069104;05;968-23315-EREW;NUTROMNI;NUTRICAO PARENTERAL MANIPULADA - OMNI NEO NUTRITION;Neonatal/Pediatrica - c/lipidios complexos - L+ - 60 (ate 60 ml);;;;;;N;;1;897.6;0;897.6;0;;BRAS_PF_PMC;ed. 1066;19;
BRASINDICE;1094;material;0000069105;05;968-23315-EREX;NUTROMNI;NUTRICAO PARENTERAL MANIPULADA - OMNI NEO NUTRITION;Neonatal/Pediatrica - c/lipidios complexos - L+ - 120 (de 61 a 120 ml);;;;;;N;;1;948.6;0;948.6;0;;BRAS_PF_PMC;ed. 1066;19;
BRASINDICE;1094;material;0000069106;05;968-23315-EREY;NUTROMNI;NUTRICAO PARENTERAL MANIPULADA - OMNI NEO NUTRITION;Neonatal/Pediatrica - c/lipidios complexos - L+ - 180 (de 121 a 180 ml);;;;;;N;;1;999.6;0;999.6;0;;BRAS_PF_PMC;ed. 1066;19;
BRASINDICE;1094;material;0000069107;05;968-23315-EREZ;NUTROMNI;NUTRICAO PARENTERAL MANIPULADA - OMNI NEO NUTRITION;Neonatal/Pediatrica - c/lipidios complexos - L+ - 240 (de 181 a 240 ml);;;;;;N;;1;1142.4;0;1142.4;0;;BRAS_PF_PMC;ed. 1066;19;
BRASINDICE;1094;material;0000069108;05;968-23315-ERFA;NUTROMNI;NUTRICAO PARENTERAL MANIPULADA - OMNI NEO NUTRITION;Neonatal/Pediatrica - c/lipidios complexos - L+ - 300 (de 241 a 300 ml);;;;;;N;;1;1285.2;0;1285.2;0;;BRAS_PF_PMC;ed. 1066;19;
BRASINDICE;1094;material;0000069109;05;968-23315-ERFB;NUTROMNI;NUTRICAO PARENTERAL MANIPULADA - OMNI NEO NUTRITION;Neonatal/Pediatrica - c/lipidios complexos - L+ - 360 (de 301 a 360 ml);;;;;;N;;1;1454.11;0;1454.11;0;;BRAS_PF_PMC;ed. 1066;19;
BRASINDICE;1094;material;0000069110;05;968-23315-ERFC;NUTROMNI;NUTRICAO PARENTERAL MANIPULADA - OMNI NEO NUTRITION;Neonatal/Pediatrica - c/lipidios complexos - L+ - 420 (de 361 a 420 ml);;;;;;N;;1;1593.65;0;1593.65;0;;BRAS_PF_PMC;ed. 1066;19;
BRASINDICE;1094;material;0000069111;05;968-23315-ERFD;NUTROMNI;NUTRICAO PARENTERAL MANIPULADA - OMNI NEO NUTRITION;Neonatal/Pediatrica - c/lipidios complexos - L+ - 480 (de 421 a 480 ml);;;;;;N;;1;1733.18;0;1733.18;0;;BRAS_PF_PMC;ed. 1066;19;
BRASINDICE;1094;material;0000069112;05;968-23315-ERFE;NUTROMNI;NUTRICAO PARENTERAL MANIPULADA - OMNI NEO NUTRITION;Neonatal/Pediatrica - c/lipidios complexos - L+ - 540 (de 481 a 540 ml);;;;;;N;;1;1919.23;0;1919.23;0;;BRAS_PF_PMC;ed. 1066;19;
BRASINDICE;1094;material;0000069113;05;968-23315-ERFF;NUTROMNI;NUTRICAO PARENTERAL MANIPULADA - OMNI NEO NUTRITION;Neonatal/Pediatrica - c/lipidios complexos - L+ - 600 (de 541 a 600 ml);;;;;;N;;1;2193;0;2193;0;;BRAS_PF_PMC;ed. 1066;19;
BRASINDICE;1094;material;0000069114;05;968-23315-ERFG;NUTROMNI;NUTRICAO PARENTERAL MANIPULADA - OMNI NEO NUTRITION;Neonatal/Pediatrica - c/lipidios complexos - L+ - 660 (de 601 a 660 ml);;;;;;N;;1;2291.33;0;2291.33;0;;BRAS_PF_PMC;ed. 1066;19;
BRASINDICE;1094;material;0000069115;05;968-23315-ERFJ;NUTROMNI;NUTRICAO PARENTERAL MANIPULADA - OMNI NEO NUTRITION;Neonatal/Pediatrica - c/lipidios complexos - L+ - 720 (acima de 661 ml);;;;;;N;;1;2358.95;0;2358.95;0;;BRAS_PF_PMC;ed. 1066;19;
BRASINDICE;1094;material;0000073662;05;968-23315-EWNV;NUTROMNI;NUTRICAO PARENTERAL MANIPULADA - OMNI NEO NUTRITION;Neonatal/Pediatrica - c/glutamina e lipidios complexos - LG+ - 60 (ate 60 ml);;;;;;N;;1;1122;0;1122;0;;BRAS_PF_PMC;ed. 1066;19;
BRASINDICE;1094;material;0000073663;05;968-23315-EWNW;NUTROMNI;NUTRICAO PARENTERAL MANIPULADA - OMNI NEO NUTRITION;Neonatal/Pediatrica - c/glutamina e lipidios complexos - LG+ - 120 (de 61 a 120 ml);;;;;;N;;1;1185.75;0;1185.75;0;;BRAS_PF_PMC;ed. 1066;19;
BRASINDICE;1094;material;0000073664;05;968-23315-EWNX;NUTROMNI;NUTRICAO PARENTERAL MANIPULADA - OMNI NEO NUTRITION;Neonatal/Pediatrica - c/glutamina e lipidios complexos - LG+ - 180 (de 121 a 180 ml);;;;;;N;;1;1249.5;0;1249.5;0;;BRAS_PF_PMC;ed. 1066;19;
BRASINDICE;1094;material;0000073665;05;968-23315-EWNY;NUTROMNI;NUTRICAO PARENTERAL MANIPULADA - OMNI NEO NUTRITION;Neonatal/Pediatrica - c/glutamina e lipidios complexos - LG+ - 240 (de 181 a 240 ml);;;;;;N;;1;1428;0;1428;0;;BRAS_PF_PMC;ed. 1066;19;
BRASINDICE;1094;material;0000073666;05;968-23315-EWNZ;NUTROMNI;NUTRICAO PARENTERAL MANIPULADA - OMNI NEO NUTRITION;Neonatal/Pediatrica - c/glutamina e lipidios complexos - LG+ - 300 (de 241 a 300 ml);;;;;;N;;1;1606.5;0;1606.5;0;;BRAS_PF_PMC;ed. 1066;19;
BRASINDICE;1094;material;0000073667;05;968-23315-EWOA;NUTROMNI;NUTRICAO PARENTERAL MANIPULADA - OMNI NEO NUTRITION;Neonatal/Pediatrica - c/glutamina e lipidios complexos - LG+ - 360 (de 301 a 360 ml);;;;;;N;;1;1817.64;0;1817.64;0;;BRAS_PF_PMC;ed. 1066;19;
BRASINDICE;1094;material;0000073668;05;968-23315-EWOB;NUTROMNI;NUTRICAO PARENTERAL MANIPULADA - OMNI NEO NUTRITION;Neonatal/Pediatrica - c/glutamina e lipidios complexos - LG+ - 420 (de 361 a 420 ml);;;;;;N;;1;1992.06;0;1992.06;0;;BRAS_PF_PMC;ed. 1066;19;
BRASINDICE;1094;material;0000073669;05;968-23315-EWOC;NUTROMNI;NUTRICAO PARENTERAL MANIPULADA - OMNI NEO NUTRITION;Neonatal/Pediatrica - c/glutamina e lipidios complexos - LG+ - 480 (de 421 a 480 ml);;;;;;N;;1;2166.48;0;2166.48;0;;BRAS_PF_PMC;ed. 1066;19;
BRASINDICE;1094;material;0000073670;05;968-23315-EWOD;NUTROMNI;NUTRICAO PARENTERAL MANIPULADA - OMNI NEO NUTRITION;Neonatal/Pediatrica - c/glutamina e lipidios complexos - LG+ - 540 (de 481 a 540 ml);;;;;;N;;1;2399.04;0;2399.04;0;;BRAS_PF_PMC;ed. 1066;19;
BRASINDICE;1094;material;0000073671;05;968-23315-EWOE;NUTROMNI;NUTRICAO PARENTERAL MANIPULADA - OMNI NEO NUTRITION;Neonatal/Pediatrica - c/glutamina e lipidios complexos - LG+ - 600 (de 541 a 600 ml);;;;;;N;;1;2741.25;0;2741.25;0;;BRAS_PF_PMC;ed. 1066;19;
BRASINDICE;1094;material;0000073672;05;968-23315-EWOF;NUTROMNI;NUTRICAO PARENTERAL MANIPULADA - OMNI NEO NUTRITION;Neonatal/Pediatrica - c/glutamina e lipidios complexos - LG+ - 660 (de 601 a 660 ml);;;;;;N;;1;2864.16;0;2864.16;0;;BRAS_PF_PMC;ed. 1066;19;
BRASINDICE;1094;material;0000073673;05;968-23315-EWOG;NUTROMNI;NUTRICAO PARENTERAL MANIPULADA - OMNI NEO NUTRITION;Neonatal/Pediatrica - c/glutamina e lipidios complexos - LG+ - 720 (acima de 661 ml);;;;;;N;;1;2948.69;0;2948.69;0;;BRAS_PF_PMC;ed. 1066;19;
BRASINDICE;1094;material;0000069186;05;968-23361-ERJA;NUTROMNI;NUTRICAO PARENTERAL MANIPULADA - OMNI PERI NUTRITION;Periferica - s/glutamina e s/lipidios complexos - N - 500 ml;;;;;;N;;1;1156.19;0;1156.19;0;;BRAS_PF_PMC;ed. 1066;19;
BRASINDICE;1094;material;0000069187;05;968-23361-ERJB;NUTROMNI;NUTRICAO PARENTERAL MANIPULADA - OMNI PERI NUTRITION;Periferica - s/glutamina e s/lipidios complexos - N - 1000 ml;;;;;;N;;1;1295.5;0;1295.5;0;;BRAS_PF_PMC;ed. 1066;19;
BRASINDICE;1094;material;0000069188;05;968-23361-ERJC;NUTROMNI;NUTRICAO PARENTERAL MANIPULADA - OMNI PERI NUTRITION;Periferica - s/glutamina e s/lipidios complexos - N - 1500 ml;;;;;;N;;1;1470.72;0;1470.72;0;;BRAS_PF_PMC;ed. 1066;19;
BRASINDICE;1094;material;0000069189;05;968-23361-ERJD;NUTROMNI;NUTRICAO PARENTERAL MANIPULADA - OMNI PERI NUTRITION;Periferica - s/glutamina e s/lipidios complexos - N - 2000 ml;;;;;;N;;1;1601.49;0;1601.49;0;;BRAS_PF_PMC;ed. 1066;19;
BRASINDICE;1094;material;0000069190;05;968-23361-ERJE;NUTROMNI;NUTRICAO PARENTERAL MANIPULADA - OMNI PERI NUTRITION;Periferica - c/glutamina - G+ - 500 ml;;;;;;N;;1;2536.66;0;2536.66;0;;BRAS_PF_PMC;ed. 1066;19;
BRASINDICE;1094;material;0000069191;05;968-23361-ERJF;NUTROMNI;NUTRICAO PARENTERAL MANIPULADA - OMNI PERI NUTRITION;Periferica - c/glutamina - G+ - 1000 ml;;;;;;N;;1;2915;0;2915;0;;BRAS_PF_PMC;ed. 1066;19;
BRASINDICE;1094;material;0000069192;05;968-23361-ERJG;NUTROMNI;NUTRICAO PARENTERAL MANIPULADA - OMNI PERI NUTRITION;Periferica - c/glutamina - G+ - 1500 ml;;;;;;N;;1;2932;0;2932;0;;BRAS_PF_PMC;ed. 1066;19;
BRASINDICE;1094;material;0000069193;05;968-23361-ERJJ;NUTROMNI;NUTRICAO PARENTERAL MANIPULADA - OMNI PERI NUTRITION;Periferica - c/glutamina - G+ - 2000 ml;;;;;;N;;1;2956;0;2956;0;;BRAS_PF_PMC;ed. 1066;19;
BRASINDICE;1094;material;0000069194;05;968-23361-ERJK;NUTROMNI;NUTRICAO PARENTERAL MANIPULADA - OMNI PERI NUTRITION;Periferica - c/lipidios complexos - L+ - 500 ml;;;;;;N;;1;2536.66;0;2536.66;0;;BRAS_PF_PMC;ed. 1066;19;
BRASINDICE;1094;material;0000069195;05;968-23361-ERJL;NUTROMNI;NUTRICAO PARENTERAL MANIPULADA - OMNI PERI NUTRITION;Periferica - c/lipidios complexos - L+ - 1000 ml;;;;;;N;;1;2915;0;2915;0;;BRAS_PF_PMC;ed. 1066;19;
BRASINDICE;1094;material;0000069197;05;968-23361-ERJN;NUTROMNI;NUTRICAO PARENTERAL MANIPULADA - OMNI PERI NUTRITION;Periferica - c/lipidios complexos - L+ - 2000 ml;;;;;;N;;1;2956;0;2956;0;;BRAS_PF_PMC;ed. 1066;19;
BRASINDICE;1094;material;0000069198;05;968-23361-ERJO;NUTROMNI;NUTRICAO PARENTERAL MANIPULADA - OMNI PERI NUTRITION;Periferica - c/glutamina e lipidios complexos - LG+ - 500 ml;;;;;;N;;1;2921.1;0;2921.1;0;;BRAS_PF_PMC;ed. 1066;19;
BRASINDICE;1094;material;0000069199;05;968-23361-ERJP;NUTROMNI;NUTRICAO PARENTERAL MANIPULADA - OMNI PERI NUTRITION;Periferica - c/glutamina e lipidios complexos - LG+ - 1000 ml;;;;;;N;;1;3333.4;0;3333.4;0;;BRAS_PF_PMC;ed. 1066;19;
BRASINDICE;1094;material;0000069200;05;968-23361-ERJQ;NUTROMNI;NUTRICAO PARENTERAL MANIPULADA - OMNI PERI NUTRITION;Periferica - c/glutamina e lipidios complexos - LG+ - 1500 ml;;;;;;N;;1;3495.16;0;3495.16;0;;BRAS_PF_PMC;ed. 1066;19;
BRASINDICE;1094;material;0000069201;05;968-23361-ERJR;NUTROMNI;NUTRICAO PARENTERAL MANIPULADA - OMNI PERI NUTRITION;Periferica - c/glutamina e lipidios complexos - LG+ - 2000 ml;;;;;;N;;1;3705.75;0;3705.75;0;;BRAS_PF_PMC;ed. 1066;19;
BRASINDICE;1094;material;0000069202;05;968-23361-ERJS;NUTROMNI;NUTRICAO PARENTERAL MANIPULADA - OMNI PERI NUTRITION;Periferica - c/lipidios complexos - L+ - 1500 ml;;;;;;N;;1;2932;0;2932;0;;BRAS_PF_PMC;ed. 1066;19;
BRASINDICE;1094;material;0000068932;05;968-23314-EQXU;NUTROMNI;NUTRICAO PARENTERAL MANIPULADA - OMNI TOTAL NUTRITION;Central padrao - s/glutamina e s/lipideos complexos - N - 600 ml;;;;;;N;;1;1338.95;0;1338.95;0;;BRAS_PF_PMC;ed. 1066;19;
BRASINDICE;1094;material;0000068933;05;968-23314-EQXV;NUTROMNI;NUTRICAO PARENTERAL MANIPULADA - OMNI TOTAL NUTRITION;Central padrao - s/glutamina e s/lipideos complexos - N - 960 ml;;;;;;N;;1;1393.11;0;1393.11;0;;BRAS_PF_PMC;ed. 1066;19;
BRASINDICE;1094;material;0000068934;05;968-23314-EQXW;NUTROMNI;NUTRICAO PARENTERAL MANIPULADA - OMNI TOTAL NUTRITION;Central padrao - s/glutamina e s/lipideos complexos - N - 1000 ml;;;;;;N;;1;1623.15;0;1623.15;0;;BRAS_PF_PMC;ed. 1066;19;
BRASINDICE;1094;material;0000068935;05;968-23314-EQXX;NUTROMNI;NUTRICAO PARENTERAL MANIPULADA - OMNI TOTAL NUTRITION;Central padrao - s/glutamina e s/lipideos complexos - N - 1200 ml;;;;;;N;;1;1720.79;0;1720.79;0;;BRAS_PF_PMC;ed. 1066;19;
BRASINDICE;1094;material;0000068936;05;968-23314-EQXY;NUTROMNI;NUTRICAO PARENTERAL MANIPULADA - OMNI TOTAL NUTRITION;Central padrao - s/glutamina e s/lipideos complexos - N - 1440 ml;;;;;;N;;1;1787.23;0;1787.23;0;;BRAS_PF_PMC;ed. 1066;19;
BRASINDICE;1094;material;0000068937;05;968-23314-EQXZ;NUTROMNI;NUTRICAO PARENTERAL MANIPULADA - OMNI TOTAL NUTRITION;Central padrao - s/glutamina e s/lipideos complexos - N - 1560 ml;;;;;;N;;1;1835.25;0;1835.25;0;;BRAS_PF_PMC;ed. 1066;19;
BRASINDICE;1094;material;0000068938;05;968-23314-EQYA;NUTROMNI;NUTRICAO PARENTERAL MANIPULADA - OMNI TOTAL NUTRITION;Central padrao - s/glutamina e s/lipideos complexos - N - 1680 ml;;;;;;N;;1;1881.86;0;1881.86;0;;BRAS_PF_PMC;ed. 1066;19;
BRASINDICE;1094;material;0000068939;05;968-23314-EQYB;NUTROMNI;NUTRICAO PARENTERAL MANIPULADA - OMNI TOTAL NUTRITION;Central padrao - s/glutamina e s/lipideos complexos - N - 1800 ml;;;;;;N;;1;1903.22;0;1903.22;0;;BRAS_PF_PMC;ed. 1066;19;
BRASINDICE;1094;material;0000068940;05;968-23314-EQYC;NUTROMNI;NUTRICAO PARENTERAL MANIPULADA - OMNI TOTAL NUTRITION;Central padrao - s/glutamina e s/lipideos complexos - N - 1960 ml;;;;;;N;;1;1947;0;1947;0;;BRAS_PF_PMC;ed. 1066;19;
BRASINDICE;1094;material;0000068941;05;968-23314-EQYD;NUTROMNI;NUTRICAO PARENTERAL MANIPULADA - OMNI TOTAL NUTRITION;Central padrao - s/glutamina e s/lipideos complexos - N - 2000 ml;;;;;;N;;1;2003.64;0;2003.64;0;;BRAS_PF_PMC;ed. 1066;19;
BRASINDICE;1094;material;0000068942;05;968-23314-EQYE;NUTROMNI;NUTRICAO PARENTERAL MANIPULADA - OMNI TOTAL NUTRITION;Central padrao - s/glutamina e s/lipideos complexos - N - 2200 ml;;;;;;N;;1;2066.18;0;2066.18;0;;BRAS_PF_PMC;ed. 1066;19;
BRASINDICE;1094;material;0000068943;05;968-23314-EQYF;NUTROMNI;NUTRICAO PARENTERAL MANIPULADA - OMNI TOTAL NUTRITION;Central padrao - s/glutamina e s/lipideos complexos - N - 2440 ml;;;;;;N;;1;2127.54;0;2127.54;0;;BRAS_PF_PMC;ed. 1066;19;
BRASINDICE;1094;material;0000068944;05;968-23314-EQYG;NUTROMNI;NUTRICAO PARENTERAL MANIPULADA - OMNI TOTAL NUTRITION;Central padrao - s/glutamina e s/lipideos complexos - N - 2680 ml;;;;;;N;;1;2185.71;0;2185.71;0;;BRAS_PF_PMC;ed. 1066;19;
BRASINDICE;1094;material;0000068945;05;968-23314-EQYJ;NUTROMNI;NUTRICAO PARENTERAL MANIPULADA - OMNI TOTAL NUTRITION;Central padrao - s/glutamina e s/lipideos complexos - N - 2920 ml;;;;;;N;;1;2233.74;0;2233.74;0;;BRAS_PF_PMC;ed. 1066;19;
BRASINDICE;1094;material;0000068947;05;968-23314-EQYL;NUTROMNI;NUTRICAO PARENTERAL MANIPULADA - OMNI TOTAL NUTRITION;Central padrao - c/glutamina - G+ - 600 ml;;;;;;N;;1;3097.6;0;3097.6;0;;BRAS_PF_PMC;ed. 1066;19;
BRASINDICE;1094;material;0000068948;05;968-23314-EQYM;NUTROMNI;NUTRICAO PARENTERAL MANIPULADA - OMNI TOTAL NUTRITION;Central padrao - c/glutamina - G+ - 960 ml;;;;;;N;;1;3682.2;0;3682.2;0;;BRAS_PF_PMC;ed. 1066;19;
BRASINDICE;1094;material;0000068949;05;968-23314-EQYN;NUTROMNI;NUTRICAO PARENTERAL MANIPULADA - OMNI TOTAL NUTRITION;Central padrao - c/glutamina - G+ - 1000 ml;;;;;;N;;1;3728.37;0;3728.37;0;;BRAS_PF_PMC;ed. 1066;19;
BRASINDICE;1094;material;0000068950;05;968-23314-EQYO;NUTROMNI;NUTRICAO PARENTERAL MANIPULADA - OMNI TOTAL NUTRITION;Central padrao - c/glutamina - G+ - 1200 ml;;;;;;N;;1;3986.62;0;3986.62;0;;BRAS_PF_PMC;ed. 1066;19;
BRASINDICE;1094;material;0000068951;05;968-23314-EQYP;NUTROMNI;NUTRICAO PARENTERAL MANIPULADA - OMNI TOTAL NUTRITION;Central padrao - c/glutamina - G+ - 1440 ml;;;;;;N;;1;4188.26;0;4188.26;0;;BRAS_PF_PMC;ed. 1066;19;
BRASINDICE;1094;material;0000068952;05;968-23314-EQYQ;NUTROMNI;NUTRICAO PARENTERAL MANIPULADA - OMNI TOTAL NUTRITION;Central padrao - c/glutamina - G+ - 1560 ml;;;;;;N;;1;4345.35;0;4345.35;0;;BRAS_PF_PMC;ed. 1066;19;
BRASINDICE;1094;material;0000068953;05;968-23314-EQYR;NUTROMNI;NUTRICAO PARENTERAL MANIPULADA - OMNI TOTAL NUTRITION;Central padrao - c/glutamina - G+ - 1680 ml;;;;;;N;;1;4356.1;0;4356.1;0;;BRAS_PF_PMC;ed. 1066;19;
BRASINDICE;1094;material;0000068954;05;968-23314-EQYS;NUTROMNI;NUTRICAO PARENTERAL MANIPULADA - OMNI TOTAL NUTRITION;Central padrao - c/glutamina - G+ - 1800 ml;;;;;;N;;1;4428.5;0;4428.5;0;;BRAS_PF_PMC;ed. 1066;19;
BRASINDICE;1094;material;0000068955;05;968-23314-EQYT;NUTROMNI;NUTRICAO PARENTERAL MANIPULADA - OMNI TOTAL NUTRITION;Central padrao - c/glutamina - G+ - 1960 ml;;;;;;N;;1;4492.12;0;4492.12;0;;BRAS_PF_PMC;ed. 1066;19;
BRASINDICE;1094;material;0000068956;05;968-23314-EQYU;NUTROMNI;NUTRICAO PARENTERAL MANIPULADA - OMNI TOTAL NUTRITION;Central padrao - c/glutamina - G+ - 2000 ml;;;;;;N;;1;4551.4;0;4551.4;0;;BRAS_PF_PMC;ed. 1066;19;
BRASINDICE;1094;material;0000068957;05;968-23314-EQYV;NUTROMNI;NUTRICAO PARENTERAL MANIPULADA - OMNI TOTAL NUTRITION;Central padrao - c/glutamina - G+ - 2200 ml;;;;;;N;;1;4563.1;0;4563.1;0;;BRAS_PF_PMC;ed. 1066;19;
BRASINDICE;1094;material;0000068958;05;968-23314-EQYW;NUTROMNI;NUTRICAO PARENTERAL MANIPULADA - OMNI TOTAL NUTRITION;Central padrao - c/glutamina - G+ - 2440 ml;;;;;;N;;1;4581.3;0;4581.3;0;;BRAS_PF_PMC;ed. 1066;19;
BRASINDICE;1094;material;0000068959;05;968-23314-EQYX;NUTROMNI;NUTRICAO PARENTERAL MANIPULADA - OMNI TOTAL NUTRITION;Central padrao - c/glutamina - G+ - 2680 ml;;;;;;N;;1;4782.15;0;4782.15;0;;BRAS_PF_PMC;ed. 1066;19;
BRASINDICE;1094;material;0000068960;05;968-23314-EQYY;NUTROMNI;NUTRICAO PARENTERAL MANIPULADA - OMNI TOTAL NUTRITION;Central padrao - c/glutamina - G+ - 2920 ml;;;;;;N;;1;4798.32;0;4798.32;0;;BRAS_PF_PMC;ed. 1066;19;
BRASINDICE;1094;material;0000068961;05;968-23314-EQYZ;NUTROMNI;NUTRICAO PARENTERAL MANIPULADA - OMNI TOTAL NUTRITION;Central padrao - c/glutamina - G+ - 3000 ml;;;;;;N;;1;4879.23;0;4879.23;0;;BRAS_PF_PMC;ed. 1066;19;
BRASINDICE;1094;material;0000068962;05;968-23314-EQZA;NUTROMNI;NUTRICAO PARENTERAL MANIPULADA - OMNI TOTAL NUTRITION;Central padrao - c/lipidios complexos - L+ - 600 ml;;;;;;N;;1;3097.6;0;3097.6;0;;BRAS_PF_PMC;ed. 1066;19;
BRASINDICE;1094;material;0000068963;05;968-23314-EQZB;NUTROMNI;NUTRICAO PARENTERAL MANIPULADA - OMNI TOTAL NUTRITION;Central padrao - c/lipidios complexos - L+ - 960 ml;;;;;;N;;1;3682.2;0;3682.2;0;;BRAS_PF_PMC;ed. 1066;19;
BRASINDICE;1094;material;0000068964;05;968-23314-EQZC;NUTROMNI;NUTRICAO PARENTERAL MANIPULADA - OMNI TOTAL NUTRITION;Central padrao - c/lipidios complexos - L+ - 1000 ml;;;;;;N;;1;3728.37;0;3728.37;0;;BRAS_PF_PMC;ed. 1066;19;
BRASINDICE;1094;material;0000068965;05;968-23314-EQZD;NUTROMNI;NUTRICAO PARENTERAL MANIPULADA - OMNI TOTAL NUTRITION;Central padrao - c/lipidios complexos - L+ - 1200 ml;;;;;;N;;1;3986.62;0;3986.62;0;;BRAS_PF_PMC;ed. 1066;19;
BRASINDICE;1094;material;0000068966;05;968-23314-EQZE;NUTROMNI;NUTRICAO PARENTERAL MANIPULADA - OMNI TOTAL NUTRITION;Central padrao - c/lipidios complexos - L+ - 1440 ml;;;;;;N;;1;4188.26;0;4188.26;0;;BRAS_PF_PMC;ed. 1066;19;
BRASINDICE;1094;material;0000068967;05;968-23314-EQZF;NUTROMNI;NUTRICAO PARENTERAL MANIPULADA - OMNI TOTAL NUTRITION;Central padrao - c/lipidios complexos - L+ - 1560 ml;;;;;;N;;1;4345.35;0;4345.35;0;;BRAS_PF_PMC;ed. 1066;19;
BRASINDICE;1094;material;0000068968;05;968-23314-EQZG;NUTROMNI;NUTRICAO PARENTERAL MANIPULADA - OMNI TOTAL NUTRITION;Central padrao - c/lipidios complexos - L+ - 1680 ml;;;;;;N;;1;4356.1;0;4356.1;0;;BRAS_PF_PMC;ed. 1066;19;
BRASINDICE;1094;material;0000068969;05;968-23314-EQZJ;NUTROMNI;NUTRICAO PARENTERAL MANIPULADA - OMNI TOTAL NUTRITION;Central padrao - c/lipidios complexos - L+ - 1800 ml;;;;;;N;;1;4428.5;0;4428.5;0;;BRAS_PF_PMC;ed. 1066;19;
BRASINDICE;1094;material;0000068970;05;968-23314-EQZK;NUTROMNI;NUTRICAO PARENTERAL MANIPULADA - OMNI TOTAL NUTRITION;Central padrao - c/lipidios complexos - L+ - 1960 ml;;;;;;N;;1;4492.12;0;4492.12;0;;BRAS_PF_PMC;ed. 1066;19;
BRASINDICE;1094;material;0000068971;05;968-23314-EQZL;NUTROMNI;NUTRICAO PARENTERAL MANIPULADA - OMNI TOTAL NUTRITION;Central padrao - c/lipidios complexos - L+ - 2000 ml;;;;;;N;;1;4551.4;0;4551.4;0;;BRAS_PF_PMC;ed. 1066;19;
BRASINDICE;1094;material;0000068972;05;968-23314-EQZM;NUTROMNI;NUTRICAO PARENTERAL MANIPULADA - OMNI TOTAL NUTRITION;Central padrao - c/lipidios complexos - L+ - 2200 ml;;;;;;N;;1;4563.1;0;4563.1;0;;BRAS_PF_PMC;ed. 1066;19;
BRASINDICE;1094;material;0000068973;05;968-23314-EQZN;NUTROMNI;NUTRICAO PARENTERAL MANIPULADA - OMNI TOTAL NUTRITION;Central padrao - c/lipidios complexos - L+ - 2440 ml;;;;;;N;;1;4581.3;0;4581.3;0;;BRAS_PF_PMC;ed. 1066;19;
BRASINDICE;1094;material;0000068974;05;968-23314-EQZO;NUTROMNI;NUTRICAO PARENTERAL MANIPULADA - OMNI TOTAL NUTRITION;Central padrao - c/lipidios complexos - L+ - 2680 ml;;;;;;N;;1;4782.15;0;4782.15;0;;BRAS_PF_PMC;ed. 1066;19;
BRASINDICE;1094;material;0000068975;05;968-23314-EQZP;NUTROMNI;NUTRICAO PARENTERAL MANIPULADA - OMNI TOTAL NUTRITION;Central padrao - c/lipidios complexos - L+ - 2920 ml;;;;;;N;;1;4798.32;0;4798.32;0;;BRAS_PF_PMC;ed. 1066;19;
BRASINDICE;1094;material;0000068976;05;968-23314-EQZQ;NUTROMNI;NUTRICAO PARENTERAL MANIPULADA - OMNI TOTAL NUTRITION;Central padrao - c/lipidios complexos - L+ - 3000 ml;;;;;;N;;1;4879.23;0;4879.23;0;;BRAS_PF_PMC;ed. 1066;19;
BRASINDICE;1094;material;0000068977;05;968-23314-EQZR;NUTROMNI;NUTRICAO PARENTERAL MANIPULADA - OMNI TOTAL NUTRITION;Central padrao - c/glutamina e lipidios complexos - LG+ - 600 ml;;;;;;N;;1;3138.28;0;3138.28;0;;BRAS_PF_PMC;ed. 1066;19;
BRASINDICE;1094;material;0000068978;05;968-23314-EQZS;NUTROMNI;NUTRICAO PARENTERAL MANIPULADA - OMNI TOTAL NUTRITION;Central padrao - c/glutamina e lipidios complexos - LG+ - 960 ml;;;;;;N;;1;3755.84;0;3755.84;0;;BRAS_PF_PMC;ed. 1066;19;
BRASINDICE;1094;material;0000068979;05;968-23314-EQZT;NUTROMNI;NUTRICAO PARENTERAL MANIPULADA - OMNI TOTAL NUTRITION;Central padrao - c/glutamina e lipidios complexos - LG+ - 1000 ml;;;;;;N;;1;3777.33;0;3777.33;0;;BRAS_PF_PMC;ed. 1066;19;
BRASINDICE;1094;material;0000068980;05;968-23314-EQZU;NUTROMNI;NUTRICAO PARENTERAL MANIPULADA - OMNI TOTAL NUTRITION;Central padrao - c/glutamina e lipidios complexos - LG+ - 1200 ml;;;;;;N;;1;4038.97;0;4038.97;0;;BRAS_PF_PMC;ed. 1066;19;
BRASINDICE;1094;material;0000068981;05;968-23314-EQZV;NUTROMNI;NUTRICAO PARENTERAL MANIPULADA - OMNI TOTAL NUTRITION;Central padrao - c/glutamina e lipidios complexos - LG+ - 1440 ml;;;;;;N;;1;4261.83;0;4261.83;0;;BRAS_PF_PMC;ed. 1066;19;
BRASINDICE;1094;material;0000068982;05;968-23314-EQZW;NUTROMNI;NUTRICAO PARENTERAL MANIPULADA - OMNI TOTAL NUTRITION;Central padrao - c/glutamina e lipidios complexos - LG+ - 1560 ml;;;;;;N;;1;4411.86;0;4411.86;0;;BRAS_PF_PMC;ed. 1066;19;
BRASINDICE;1094;material;0000068983;05;968-23314-EQZX;NUTROMNI;NUTRICAO PARENTERAL MANIPULADA - OMNI TOTAL NUTRITION;Central padrao - c/glutamina e lipidios complexos - LG+ - 1680 ml;;;;;;N;;1;4443.22;0;4443.22;0;;BRAS_PF_PMC;ed. 1066;19;
BRASINDICE;1094;material;0000068984;05;968-23314-EQZY;NUTROMNI;NUTRICAO PARENTERAL MANIPULADA - OMNI TOTAL NUTRITION;Central padrao - c/glutamina e lipidios complexos - LG+ - 1800 ml;;;;;;N;;1;4486.11;0;4486.11;0;;BRAS_PF_PMC;ed. 1066;19;
BRASINDICE;1094;material;0000068985;05;968-23314-EQZZ;NUTROMNI;NUTRICAO PARENTERAL MANIPULADA - OMNI TOTAL NUTRITION;Central padrao - c/glutamina e lipidios complexos - LG+ - 1960 ml;;;;;;N;;1;4571.76;0;4571.76;0;;BRAS_PF_PMC;ed. 1066;19;
BRASINDICE;1094;material;0000068986;05;968-23314-ERAA;NUTROMNI;NUTRICAO PARENTERAL MANIPULADA - OMNI TOTAL NUTRITION;Central padrao - c/glutamina e lipidios complexos - LG+ - 2000 ml;;;;;;N;;1;4623.05;0;4623.05;0;;BRAS_PF_PMC;ed. 1066;19;
BRASINDICE;1094;material;0000068987;05;968-23314-ERAB;NUTROMNI;NUTRICAO PARENTERAL MANIPULADA - OMNI TOTAL NUTRITION;Central padrao - c/glutamina e lipidios complexos - LG+ - 2200 ml;;;;;;N;;1;4641.31;0;4641.31;0;;BRAS_PF_PMC;ed. 1066;19;
BRASINDICE;1094;material;0000068988;05;968-23314-ERAC;NUTROMNI;NUTRICAO PARENTERAL MANIPULADA - OMNI TOTAL NUTRITION;Central padrao - c/glutamina e lipidios complexos - LG+ - 2440 ml;;;;;;N;;1;4672.62;0;4672.62;0;;BRAS_PF_PMC;ed. 1066;19;
BRASINDICE;1094;material;0000068989;05;968-23314-ERAD;NUTROMNI;NUTRICAO PARENTERAL MANIPULADA - OMNI TOTAL NUTRITION;Central padrao - c/glutamina e lipidios complexos - LG+ - 2680 ml;;;;;;N;;1;4834.8;0;4834.8;0;;BRAS_PF_PMC;ed. 1066;19;
BRASINDICE;1094;material;0000068990;05;968-23314-ERAE;NUTROMNI;NUTRICAO PARENTERAL MANIPULADA - OMNI TOTAL NUTRITION;Central padrao - c/glutamina e lipidios complexos - LG+ - 2920 ml;;;;;;N;;1;4894.29;0;4894.29;0;;BRAS_PF_PMC;ed. 1066;19;
BRASINDICE;1094;material;0000068991;05;968-23314-ERAF;NUTROMNI;NUTRICAO PARENTERAL MANIPULADA - OMNI TOTAL NUTRITION;Central padrao - c/glutamina e lipidios complexos - LG+ - 3000 ml;;;;;;N;;1;4931.82;0;4931.82;0;;BRAS_PF_PMC;ed. 1066;19;
BRASINDICE;1094;material;0000068993;05;968-23314-EQYK;NUTROMNI;NUTRICAO PARENTERAL MANIPULADA - OMNI TOTAL NUTRITION;Central padrao - s/glutamina e s/lipideos complexos - N - 3000 ml;;;;;;N;;1;2298.64;0;2298.64;0;;BRAS_PF_PMC;ed. 1066;19;
BRASINDICE;1094;material;0000085482;05;968-23314-FLRE;NUTROMNI;NUTRICAO PARENTERAL MANIPULADA - OMNI TOTAL NUTRITION;Central padrao - s/glutamina e s/lipideos complexos - N - 500 ml;;;;;;N;;1;1312.16;0;1312.16;0;;BRAS_PF_PMC;ed. 1066;19;
BRASINDICE;1094;material;0000085483;05;968-23314-FLRF;NUTROMNI;NUTRICAO PARENTERAL MANIPULADA - OMNI TOTAL NUTRITION;Central padrao - c/glutamina - G+ - 500 ml;;;;;;N;;1;3035.65;0;3035.65;0;;BRAS_PF_PMC;ed. 1066;19;
BRASINDICE;1094;material;0000085484;05;968-23314-FLRG;NUTROMNI;NUTRICAO PARENTERAL MANIPULADA - OMNI TOTAL NUTRITION;Central padrao - c/lipidios complexos - L+ - 500 ml;;;;;;N;;1;3035.65;0;3035.65;0;;BRAS_PF_PMC;ed. 1066;19;
BRASINDICE;1094;material;0000085485;05;968-23314-FLRH;NUTROMNI;NUTRICAO PARENTERAL MANIPULADA - OMNI TOTAL NUTRITION;Central padrao - c/glutamina e lipidios complexos - LG+ - 500 ml;;;;;;N;;1;3075.51;0;3075.51;0;;BRAS_PF_PMC;ed. 1066;19;
BRASINDICE;1094;material;0000062662;05;961-22518-EFXB;NUTRIFICA;Nutricao Parenteral Manipulada - Pediatria/Neonatologia;Padrao Pediatria Central Normal 1 mL;;;;;;N;;1;4.6;0;4.6;0;;BRAS_PF_PMC;ed. 1066;19;
BRASINDICE;1094;material;0000088238;05;961-27213-FOSW;NUTRIFICA;Nutricao Parenteral Manipulada - Pediatria/Neonatologia;Padrao Pediatria Periferica 1 mL;;;;;;N;;1;4.6;0;4.6;0;;BRAS_PF_PMC;ed. 1066;19;
BRASINDICE;1094;material;0000062971;05;961-22568-EGGF;NUTRIFICA;Nutricao Parenteral Manipulada - Premium - com glutamina;960 mL;;;;;;N;;1;2826.53;0;2826.53;0;;BRAS_PF_PMC;ed. 1066;19;
BRASINDICE;1094;material;0000062972;05;961-22568-ARIE;NUTRIFICA;Nutricao Parenteral Manipulada - Premium - com glutamina;1000 ml;;;;;;N;;1;2588.13;0;2588.13;0;;BRAS_PF_PMC;ed. 1066;19;
BRASINDICE;1094;material;0000062973;05;961-22568-EGGG;NUTRIFICA;Nutricao Parenteral Manipulada - Premium - com glutamina;1200 mL;;;;;;N;;1;2754.46;0;2754.46;0;;BRAS_PF_PMC;ed. 1066;19;
BRASINDICE;1094;material;0000062974;05;961-22568-EGGJ;NUTRIFICA;Nutricao Parenteral Manipulada - Premium - com glutamina;1440 ml;;;;;;N;;1;3039.56;0;3039.56;0;;BRAS_PF_PMC;ed. 1066;19;
BRASINDICE;1094;material;0000062975;05;961-22568-EGGK;NUTRIFICA;Nutricao Parenteral Manipulada - Premium - com glutamina;1560 mL;;;;;;N;;1;3182.12;0;3182.12;0;;BRAS_PF_PMC;ed. 1066;19;
BRASINDICE;1094;material;0000062976;05;961-22568-EGGL;NUTRIFICA;Nutricao Parenteral Manipulada - Premium - com glutamina;1800 mL;;;;;;N;;1;3211.74;0;3211.74;0;;BRAS_PF_PMC;ed. 1066;19;
BRASINDICE;1094;material;0000062977;05;961-22568-EGGM;NUTRIFICA;Nutricao Parenteral Manipulada - Premium - com glutamina;1960 mL;;;;;;N;;1;3251.83;0;3251.83;0;;BRAS_PF_PMC;ed. 1066;19;
BRASINDICE;1094;material;0000062978;05;961-22568-DDMY;NUTRIFICA;Nutricao Parenteral Manipulada - Premium - com glutamina;2000 ml;;;;;;N;;1;3291.66;0;3291.66;0;;BRAS_PF_PMC;ed. 1066;19;
BRASINDICE;1094;material;0000063184;05;961-22568-EGPF;NUTRIFICA;Nutricao Parenteral Manipulada - Premium - com glutamina;2200 mL;;;;;;N;;1;3490.78;0;3490.78;0;;BRAS_PF_PMC;ed. 1066;19;
BRASINDICE;1094;material;0000063185;05;961-22568-EGPG;NUTRIFICA;Nutricao Parenteral Manipulada - Premium - com glutamina;2400 mL;;;;;;N;;1;3689.9;0;3689.9;0;;BRAS_PF_PMC;ed. 1066;19;
BRASINDICE;1094;material;0000063186;05;961-22568-EGPJ;NUTRIFICA;Nutricao Parenteral Manipulada - Premium - com glutamina;2600 mL;;;;;;N;;1;3805.39;0;3805.39;0;;BRAS_PF_PMC;ed. 1066;19;
BRASINDICE;1094;material;0000068539;05;961-22568-EQKE;NUTRIFICA;Nutricao Parenteral Manipulada - Premium - com glutamina;2800 mL;;;;;;N;;1;4000.23;0;4000.23;0;;BRAS_PF_PMC;ed. 1066;19;
BRASINDICE;1094;material;0000068540;05;961-22568-EQKF;NUTRIFICA;Nutricao Parenteral Manipulada - Premium - com glutamina;3000 mL;;;;;;N;;1;4240.36;0;4240.36;0;;BRAS_PF_PMC;ed. 1066;19;
BRASINDICE;1094;material;0000091737;05;961-22568-FEVN;NUTRIFICA;Nutricao Parenteral Manipulada - Premium - com glutamina;1680 ml;;;;;;N;;1;3200.4;0;3200.4;0;;BRAS_PF_PMC;ed. 1066;19;
BRASINDICE;1094;material;0000073674;05;968-24088-EWOJ;NUTROMNI;NUTRICAO PARENTERAL MANIPULADA POR ML;Adulto (de 601 a 1000 ml) - ml;;;;;;N;;1;1.5;0;1.5;0;;BRAS_PF_PMC;ed. 1066;19;
BRASINDICE;1094;material;0000073675;05;968-24088-EWOK;NUTROMNI;NUTRICAO PARENTERAL MANIPULADA POR ML;Adulto (de 1001 ml a 1800 ml) - ml;;;;;;N;;1;1.21;0;1.21;0;;BRAS_PF_PMC;ed. 1066;19;
BRASINDICE;1094;material;0000073676;05;968-24088-EWOL;NUTROMNI;NUTRICAO PARENTERAL MANIPULADA POR ML;Adulto (acima de 1801 ml) - ml;;;;;;N;;1;1.02;0;1.02;0;;BRAS_PF_PMC;ed. 1066;19;
BRASINDICE;1094;material;0000073677;05;968-24088-EWOM;NUTROMNI;NUTRICAO PARENTERAL MANIPULADA POR ML;Neonatal e pediatrica (ate 100 ml) - ml;;;;;;N;;1;9.66;0;9.66;0;;BRAS_PF_PMC;ed. 1066;19;
BRASINDICE;1094;material;0000073678;05;968-24088-EWON;NUTROMNI;NUTRICAO PARENTERAL MANIPULADA POR ML;Neonatal e pediatrica (de 100,1 a 200 ml) - ml;;;;;;N;;1;7.04;0;7.04;0;;BRAS_PF_PMC;ed. 1066;19;
BRASINDICE;1094;material;0000073679;05;968-24088-EWOO;NUTROMNI;NUTRICAO PARENTERAL MANIPULADA POR ML;Neonatal e pediatrica (de 200,1 a 300 ml) - ml;;;;;;N;;1;4.84;0;4.84;0;;BRAS_PF_PMC;ed. 1066;19;
BRASINDICE;1094;material;0000073680;05;968-24088-EWOP;NUTROMNI;NUTRICAO PARENTERAL MANIPULADA POR ML;Neonatal e pediatrica (acima de 300,1 ml) - ml;;;;;;N;;1;4.45;0;4.45;0;;BRAS_PF_PMC;ed. 1066;19;
BRASINDICE;1094;material;0000073681;05;968-24088-EWOQ;NUTROMNI;NUTRICAO PARENTERAL MANIPULADA POR ML;Adicao de nutrientes (aditivo) - lipidios complexos - ml;;;;;;N;;1;7.38;0;7.38;0;;BRAS_PF_PMC;ed. 1066;19;
BRASINDICE;1094;material;0000073682;05;968-24088-EWOR;NUTROMNI;NUTRICAO PARENTERAL MANIPULADA POR ML;Adicao de nutrientes (aditivo) - glutamina - ml;;;;;;N;;1;13.63;0;13.63;0;;BRAS_PF_PMC;ed. 1066;19;
BRASINDICE;1094;material;0000073683;05;968-24088-EWOS;NUTROMNI;NUTRICAO PARENTERAL MANIPULADA POR ML;Adicao de nutrientes (aditivo) - glicerofosfato de sodio - ml;;;;;;N;;1;9.22;0;9.22;0;;BRAS_PF_PMC;ed. 1066;19;
BRASINDICE;1094;material;0000085542;05;968-24088-FLSX;NUTROMNI;NUTRICAO PARENTERAL MANIPULADA POR ML;Adulto (ate 600 ml) - ml;;;;;;N;;1;2.89;0;2.89;0;;BRAS_PF_PMC;ed. 1066;19;
BRASINDICE;1094;material;0000062649;05;961-22517-EFWO;NUTRIFICA;Nutricao Parenteral Manipulada por mL - Adulto Padrao;3:1 Periferica de 600 mL ate 999mL;;;;;;N;;1;1.43;0;1.43;0;;BRAS_PF_PMC;ed. 1076;19;
BRASINDICE;1094;material;0000062655;05;961-22517-EFWU;NUTRIFICA;Nutricao Parenteral Manipulada por mL - Adulto Padrao;Especializada e Individualizada 3:1 Rica em AA ramificados Central (Hepatica) e/ou aminoacidos 15% e/ou Selenio 1000mL - 1799mL;;;;;;N;;1;1.21;0;1.21;0;;BRAS_PF_PMC;ed. 1076;19;
BRASINDICE;1094;material;0000062656;05;961-22517-EFWV;NUTRIFICA;Nutricao Parenteral Manipulada por mL - Adulto Padrao;Especializada e Individualizada 3:1 Rica em AA ramificados Central (Hepatica) e/ou aminoacidos 15% e/ou Selenio 1800mL e acima;;;;;;N;;1;1.03;0;1.03;0;;BRAS_PF_PMC;ed. 1076;19;
BRASINDICE;1094;material;0000062956;05;961-22517-EGFS;NUTRIFICA;Nutricao Parenteral Manipulada por mL - Adulto Padrao;3:1 Periferica 1000 mL - 1799 mL;;;;;;N;;1;1.16;0;1.16;0;;BRAS_PF_PMC;ed. 1076;19;
BRASINDICE;1094;material;0000062957;05;961-22517-EGFT;NUTRIFICA;Nutricao Parenteral Manipulada por mL - Adulto Padrao;3:1 Periferica 1800 mL e acima;;;;;;N;;1;0.97;0;0.97;0;;BRAS_PF_PMC;ed. 1076;19;
BRASINDICE;1094;material;0000062962;05;961-22517-EGGE;NUTRIFICA;Nutricao Parenteral Manipulada por mL - Adulto Padrao;Especializada e Individualizada 3:1 Rica em AA ramificados Central (Hepatica) e/ou aminoacidos 15% e/ou Selenio de 600 mL ate 999 mL;;;;;;N;;1;1.48;0;1.48;0;;BRAS_PF_PMC;ed. 1076;19;
BRASINDICE;1094;material;0000063178;05;961-22517-EGPC;NUTRIFICA;Nutricao Parenteral Manipulada por mL - Adulto Padrao;Geral de 600 mL ate 999mL;;;;;;N;;1;1.88;0;1.88;0;;BRAS_PF_PMC;ed. 1076;19;
BRASINDICE;1094;material;0000063179;05;961-22517-EGPD;NUTRIFICA;Nutricao Parenteral Manipulada por mL - Adulto Padrao;Geral 1000 mL - 1799 mL;;;;;;N;;1;1.47;0;1.47;0;;BRAS_PF_PMC;ed. 1076;19;
BRASINDICE;1094;material;0000063180;05;961-22517-EGPE;NUTRIFICA;Nutricao Parenteral Manipulada por mL - Adulto Padrao;Geral 1800 mL e acima;;;;;;N;;1;1.13;0;1.13;0;;BRAS_PF_PMC;ed. 1076;19;
BRASINDICE;1094;material;0000088243;05;961-22517-FOTB;NUTRIFICA;Nutricao Parenteral Manipulada por mL - Adulto Padrao;Especializada e Individualizada 3:1 Rica em AA ramificados Central (Hepatica) e/ou aminoacidos 15% e/ou Selenio Ate 599 mL;;;;;;N;;1;2.9;0;2.9;0;;BRAS_PF_PMC;ed. 1076;19;
BRASINDICE;1094;material;0000088244;05;961-22517-FOTC;NUTRIFICA;Nutricao Parenteral Manipulada por mL - Adulto Padrao;3:1 Periferica ate 599 mL;;;;;;N;;1;2.78;0;2.78;0;;BRAS_PF_PMC;ed. 1076;19;
BRASINDICE;1094;material;0000088245;05;961-22517-FOTD;NUTRIFICA;Nutricao Parenteral Manipulada por mL - Adulto Padrao;Geral ate 599 mL;;;;;;N;;1;2.78;0;2.78;0;;BRAS_PF_PMC;ed. 1076;19;
BRASINDICE;1094;material;0000076171;05;1031-24695-EZPR;NUTRIMED NUTRICAO PARENTERAL;NUTRICAO PARENTERAL USO ADULTO;Com Lipidio - mL.;;;;;;N;;1;1.63;0;1.63;0;;BRAS_PF_PMC;ed. 1066;19;
BRASINDICE;1094;material;0000076172;05;1031-24695-EZPS;NUTRIMED NUTRICAO PARENTERAL;NUTRICAO PARENTERAL USO ADULTO;Sem Lipidio - mL.;;;;;;N;;1;1.32;0;1.32;0;;BRAS_PF_PMC;ed. 1066;19;
BRASINDICE;1094;material;0000076173;05;1031-24695-EZPT;NUTRIMED NUTRICAO PARENTERAL;NUTRICAO PARENTERAL USO ADULTO;Nefropata - mL.;;;;;;N;;1;1.95;0;1.95;0;;BRAS_PF_PMC;ed. 1085;19;
BRASINDICE;1094;material;0000076174;05;1031-24695-EZPU;NUTRIMED NUTRICAO PARENTERAL;NUTRICAO PARENTERAL USO ADULTO;Hepatopata - mL.;;;;;;N;;1;1.95;0;1.95;0;;BRAS_PF_PMC;ed. 1085;19;
BRASINDICE;1094;material;0000050711;05;889-20793-DQAE;NUTRISOLUTION;NUTRICAO PARENTERAL USO ADULTO - Formulas Manipuladas de Livre Prescricao;Com lipidio TCL/TCM - 1 ml;;;;;;N;;1;2.3;0;2.3;0;;BRAS_PF_PMC;ed. 1089;19;
BRASINDICE;1094;material;0000050712;05;889-20793-DQAF;NUTRISOLUTION;NUTRICAO PARENTERAL USO ADULTO - Formulas Manipuladas de Livre Prescricao;Sem lipidio - 1 ml;;;;;;N;;1;2;0;2;0;;BRAS_PF_PMC;ed. 1089;19;
BRASINDICE;1094;material;0000050713;05;889-20793-DQAG;NUTRISOLUTION;NUTRICAO PARENTERAL USO ADULTO - Formulas Manipuladas de Livre Prescricao;Nefropata - 1 ml;;;;;;N;;1;2.2;0;2.2;0;;BRAS_PF_PMC;ed. 1089;19;
BRASINDICE;1094;material;0000050714;05;889-20793-DQAJ;NUTRISOLUTION;NUTRICAO PARENTERAL USO ADULTO - Formulas Manipuladas de Livre Prescricao;Hepatopata - 1 ml;;;;;;N;;1;2.1;0;2.1;0;;BRAS_PF_PMC;ed. 1089;19;
BRASINDICE;1094;material;0000076175;05;1031-24699-EZPR;NUTRIMED NUTRICAO PARENTERAL;NUTRICAO PARENTERAL USO INFANTIL;Com Lipidio - mL.;;;;;;N;;1;6.58;0;6.58;0;;BRAS_PF_PMC;ed. 1066;19;
BRASINDICE;1094;material;0000076176;05;1031-24699-EZPS;NUTRIMED NUTRICAO PARENTERAL;NUTRICAO PARENTERAL USO INFANTIL;Sem Lipidio - mL.;;;;;;N;;1;5.6;0;5.6;0;;BRAS_PF_PMC;ed. 1066;19;
BRASINDICE;1094;material;0000050721;05;889-20796-DQAE;NUTRISOLUTION;NUTRICAO PARENTERAL USO INFANTIL - Formulas Manipuladas de Livre Prescr.-Neonat.;Com lipidio TCL/TCM - 1 ml;;;;;;N;;1;7.5;0;7.5;0;;BRAS_PF_PMC;ed. 1089;19;
BRASINDICE;1094;material;0000050722;05;889-20796-DQAF;NUTRISOLUTION;NUTRICAO PARENTERAL USO INFANTIL - Formulas Manipuladas de Livre Prescr.-Neonat.;Sem lipidio - 1 ml;;;;;;N;;1;6.9;0;6.9;0;;BRAS_PF_PMC;ed. 1089;19;
BRASINDICE;1094;material;0000050717;05;889-20795-DQAE;NUTRISOLUTION;NUTRICAO PARENTERAL USO INFANTIL-Formulas Manipuladas de Livre Presc.-Pediatria;Com lipidio TCL/TCM - 1 ml;;;;;;N;;1;4.9;0;4.9;0;;BRAS_PF_PMC;ed. 1089;19;
BRASINDICE;1094;material;0000050718;05;889-20795-DQAF;NUTRISOLUTION;NUTRICAO PARENTERAL USO INFANTIL-Formulas Manipuladas de Livre Presc.-Pediatria;Sem lipidio - 1 ml;;;;;;N;;1;4.9;0;4.9;0;;BRAS_PF_PMC;ed. 1089;19;
BRASINDICE;1094;material;0000050719;05;889-20795-DQAG;NUTRISOLUTION;NUTRICAO PARENTERAL USO INFANTIL-Formulas Manipuladas de Livre Presc.-Pediatria;Nefropata - 1 ml;;;;;;N;;1;4.9;0;4.9;0;;BRAS_PF_PMC;ed. 1089;19;
BRASINDICE;1094;material;0000050720;05;889-20795-DQAJ;NUTRISOLUTION;NUTRICAO PARENTERAL USO INFANTIL-Formulas Manipuladas de Livre Presc.-Pediatria;Hepatopata - 1 ml;;;;;;N;;1;4.9;0;4.9;0;;BRAS_PF_PMC;ed. 1089;19;
BRASINDICE;1094;material;0000024683;05;728-26459-CKPL;PRODIET;NUTRICAO VIA ORAL;Energyzip Baunilha, Chocolate e Morango - Tetra Pak 200 ml;;;;;;N;;1;168;0;168;0;;BRAS_PF_PMC;ed. 1090;19;
BRASINDICE;1094;material;0000065567;05;728-26459-EJFG;PRODIET;NUTRICAO VIA ORAL;Bemmax - lata 350 g;;;;;;N;;1;190.9;0;190.9;0;;BRAS_PF_PMC;ed. 1072;19;
BRASINDICE;1094;material;0000068027;05;728-26459-FQWA;PRODIET;NUTRICAO VIA ORAL;EnergyZip Suslac Baunilha, Chocolate Belga e Morango - Lata 400 g;;;;;;N;;1;107.52;0;107.52;0;;BRAS_PF_PMC;ed. 1072;19;
BRASINDICE;1094;material;0000084954;05;728-26459-FLCQ;PRODIET;NUTRICAO VIA ORAL;Energyzip Senior - Lata 740 g;;;;;;N;;1;362.4;0;362.4;0;;BRAS_PF_PMC;ed. 1072;19;
BRASINDICE;1094;material;0000085856;05;728-26459-FMCO;PRODIET;NUTRICAO VIA ORAL;Energyzip Senior - Lata 370 g;;;;;;N;;1;183.6;0;183.6;0;;BRAS_PF_PMC;ed. 1072;19;
BRASINDICE;1094;material;0000094353;05;728-26459-FWRE;PRODIET;NUTRICAO VIA ORAL;Energyzip Protein - Tetra Pak 200 ml;;;;;;N;;1;218.4;0;218.4;0;;BRAS_PF_PMC;ed. 1090;19;
BRASINDICE;1094;material;0000095079;05;728-26459-FXED;PRODIET;NUTRICAO VIA ORAL;Cremeline DB Cafe e Baunilha - Cup 125 g;;;;;;N;;1;96;0;96;0;;BRAS_PF_PMC;ed. 1090;19;
BRASINDICE;1094;material;0000092131;05;1067-28070-ATMO;INZYME BIONUTRITION;NUTRICCI B12;Gotas 20 ml;;0070341464359;;;;N;;1;84;0;84;0;;BRAS_PF_PMC;ed. 1066;19;
BRASINDICE;1094;material;0000092132;05;1067-28071-ATMO;INZYME BIONUTRITION;NUTRICCI D3 + K2;Gotas 20 ml;;0070341464366;;;;N;;1;95;0;95;0;;BRAS_PF_PMC;ed. 1066;19;
BRASINDICE;1094;material;0000073228;05;1006-17871-EVXM;EXELTIS;NUTRINFAN;Fr. vd. amb. x 120 ml. c/ser. ou got.;;7898956544081;;;;N;;1;44.5;0;44.5;0;;BRAS_PF_PMC;ed. 1066;19;
BRASINDICE;1094;material;0000073232;05;1006-23973-EVXP;EXELTIS;NUTRINFAN GOTAS;Fr. vd. amb. x 20 ml. c/got.;;7898956544098;;;;N;;1;29;0;29;0;;BRAS_PF_PMC;ed. 1066;19;
BRASINDICE;1094;material;0000087782;05;595-27071-EYCC;LEBON;NUTRIVISC;Seringa c/2 ml (21 mg/ml);;7898902180844;80256510019;;;N;;1;2788.43;0;2788.43;0;;BRAS_PF_PMC;ed. 1083;19;
BRASINDICE;1094;material;0000087783;05;595-27071-EYCD;LEBON;NUTRIVISC;Seringa c/5 ml (21 mg/ml);;7898902180882;80256510019;;;N;;1;5040;0;5040;0;;BRAS_PF_PMC;ed. 1083;19;
BRASINDICE;1094;material;0000089771;05;1058-27561-FRWX;NVTRO;NUTRO PREMIUM 1.5;Pouch 1L - un.;;;;;;N;;1;2490;0;2490;0;;BRAS_PF_PMC;ed. 1066;19;
BRASINDICE;1094;material;0000089772;05;1058-27562-FRWX;NVTRO;NUTRO PREMIUM PREFIBRA 1.5;Pouch 1L - un.;;;;;;N;;1;2730;0;2730;0;;BRAS_PF_PMC;ed. 1066;19;
BRASINDICE;1094;material;0000082932;05;1058-26052-FIPK;NVTRO;NUTRO PREMIUM SOY;800 g (1.0 kcal/ml) - sabor baunilha - un.;;;;;;N;;1;730;0;730;0;;BRAS_PF_PMC;ed. 1066;19;
BRASINDICE;1094;material;0000090647;05;1058-27739-FRWX;NVTRO;NUTRO PREMIUM SOY 1.2;Pouch 1L - un.;;;;;;N;;1;1300;0;1300;0;;BRAS_PF_PMC;ed. 1066;19;
BRASINDICE;1094;material;0000082933;05;1058-26053-FIPK;NVTRO;NUTRO PREMIUM SOY PREFIBRA;800 g (1.0 kcal/ml) - sabor baunilha - un.;;;;;;N;;1;790;0;790;0;;BRAS_PF_PMC;ed. 1066;19;
BRASINDICE;1094;material;0000090649;05;1058-27741-FRWU;NVTRO;NUTRO PROTEIN;Sache 15 g - un.;;;;;;N;;1;85;0;85;0;;BRAS_PF_PMC;ed. 1066;19;
BRASINDICE;1094;material;0000090650;05;1058-27742-FRWU;NVTRO;NUTRO PROTEIN HMB;Sache 15 g - un.;;;;;;N;;1;140;0;140;0;;BRAS_PF_PMC;ed. 1066;19;
BRASINDICE;1094;material;0000090648;05;1058-27740-FRWT;NVTRO;NUTRO SPESSO WHITE CLEAR;Lata 125 g - un.;;;;;;N;;1;655;0;655;0;;BRAS_PF_PMC;ed. 1066;19;
BRASINDICE;1094;material;0000087981;05;1058-27130-FOJB;NVTRO;NUTROBOX PREMIUM SOY;800 g (1,0 kcal/ml) - sabor baunilha - un.;;;;;;N;;1;730;0;730;0;;BRAS_PF_PMC;ed. 1066;19;
BRASINDICE;1094;material;0000087982;05;1058-27131-FOJB;NVTRO;NUTROBOX PREMIUM SOY PREFIBRA;800 g (1,0 kcal/ml) - sabor baunilha - un.;;;;;;N;;1;790;0;790;0;;BRAS_PF_PMC;ed. 1066;19;
BRASINDICE;1094;material;0000054389;05;918-21364-DUNP;HEEL DO BRASIL;NUX VOMICA-HOMACCORD;Sol. inj. cart. 10 amps. x 1,1 ml;;7898908753288;1619800030022;;;N;;10;158.8;0;15.88;0;;BRAS_PF_PMC;ed. 1090;19;
BRASINDICE;1094;material;0000054390;05;918-21364-DUNQ;HEEL DO BRASIL;NUX VOMICA-HOMACCORD;Gts. fr. 30 ml (20 gts./ml);;7898908753035;1619800030014;;;N;;1;90.42;0;90.42;0;;BRAS_PF_PMC;ed. 1090;19;
