fonte;edicao;tipo_item;codigo_fonte;tabela_fonte;chave_fonte;laboratorio;produto;apresentacao;principio_ativo;ean;registro_anvisa;codigo_tuss;ggrem;generico;restrito_hospitalar;qtd_embalagem;pf_total;pmc_total;pf_unit;pmc_unit;preco_ref;tipo_preco;vigencia;tabela87_sugerida;precos_extra
BRASINDICE;1100;medicamento;0000025447;05;427-15948-CLOP;BLAU FARM.;B PLATIN-CARBOPLATINA (Restrito Hosp.) (CONVENIO 162/94);10 mg/ml sol. inj. FA vd. amb. x 15 ml;CARBOPLATINA;7896014665310;1163700140034;90030621;504401304153412;N;S;1;368.04;0;368.04;0;;BRAS_PF_PMC;ed. 1097;20;
BRASINDICE;1100;medicamento;0000038875;05;427-15948-CNVU;BLAU FARM.;B PLATIN-CARBOPLATINA (Restrito Hosp.) (CONVENIO 162/94);10 mg/ml sol. inj. FA vd. amb. x 5 ml;CARBOPLATINA;7896014665303;1163700140026;90030648;504401302150416;N;S;1;123.35;0;123.35;0;;BRAS_PF_PMC;ed. 1097;20;
BRASINDICE;1100;medicamento;0000038876;05;427-15948-CFQW;BLAU FARM.;B PLATIN-CARBOPLATINA (Restrito Hosp.) (CONVENIO 162/94);10 mg/ml sol. inj. FA vd. amb. x 45 ml;CARBOPLATINA;7896014665327;1163700140042;90030630;504401303157414;N;S;1;1110.29;0;1110.29;0;;BRAS_PF_PMC;ed. 1097;20;
BRASINDICE;1094;medicamento;0000092250;05;001-21195-FTXA;UNIAO QUIMICA;BABY SURE;Cx. c/fita;;7896006228530;80424140001;;;N;;1;10.99;0;10.99;0;;BRAS_PF_PMC;ed. 1091;20;
BRASINDICE;1094;medicamento;0000092251;05;001-28109-FTXB;UNIAO QUIMICA;BABY SURE PRIME;Cx. com caneta;;7896006228547;80424140005;;;N;;1;23.64;0;23.64;0;;BRAS_PF_PMC;ed. 1091;20;
BRASINDICE;1100;medicamento;0000069845;05;473-23458-BUHA;NEO QUIMICA;BABYNEO;Pom. bisn. 60 g;"NISTATINA;ÓXIDO DE ZINCO";7896714225623;1558401740012;90372026;504617020051617;N;N;1;51.92;69.65;51.92;69.65;;BRAS_PF_PMC;ed. 1066;20;
BRASINDICE;1100;medicamento;0000036535;05;473-18028-CWOW;NEO QUIMICA;BAC-SULFITRIN;Sol. inj. cx. 50 amps. 5 ml;"TRIMETOPRIMA;SULFAMETOXAZOL";7896714233529;1558403460017;90371992;504617020050317;N;N;50;199.52;275.02;3.99;5.5;;BRAS_PF_PMC;ed. 1091;20;
BRASINDICE;1100;medicamento;0000002910;05;342-04147-AASN;ELOFAR;BACFAR;Susp. fr. 100 ml;"TRIMETOPRIMA;SULFAMETOXAZOL";7898109240891;1038500030068;90112377;517100503132419;N;N;1;15.8;21.84;15.8;21.84;;BRAS_PF_PMC;ed. 1067;20;
BRASINDICE;1100;medicamento;0000002911;05;342-04147-ACHB;ELOFAR;BACFAR;Cx. 4 x 5 cprs.;"TRIMETOPRIMA;SULFAMETOXAZOL";7898109240884;1038500030033;90259327;517100502111418;N;N;20;19.93;27.55;1;1.38;;BRAS_PF_PMC;ed. 1067;20;
BRASINDICE;1100;medicamento;0000002912;05;342-04147-ALLY;ELOFAR;BACFAR;Susp. fr. 50 ml;"TRIMETOPRIMA;SULFAMETOXAZOL";7898109240983;1038500030041;90112369;517100504139417;N;N;1;11.13;15.39;11.13;15.39;;BRAS_PF_PMC;ed. 1067;20;
BRASINDICE;1100;medicamento;0000047421;05;342-04147-DMAL;ELOFAR;BACFAR;80 mg/ml + 16 mg/ml susp. vd. x 100 ml;"TRIMETOPRIMA;SULFAMETOXAZOL";7898109240099;1038500030017;90112326;517100505135415;N;N;1;28.11;38.86;28.11;38.86;;BRAS_PF_PMC;ed. 1067;20;
BRASINDICE;1100;medicamento;0000018882;05;342-14271-AAIT;ELOFAR;BACFAR F;Cx. 10 cprs.;"TRIMETOPRIMA;SULFAMETOXAZOL";7898109241720;1038500030106;90380894;517117060014403;N;N;10;21.72;30.02;2.17;3;;BRAS_PF_PMC;ed. 1067;20;
BRASINDICE;1100;medicamento;0000012457;05;581-11601-FTNC;CAZI;BACIGEN;5 mg/g + 250 ui/g pom derm ct bg al x 20 g;"SULFATO DE NEOMICINA;BACITRACINA ZÍNCICA";7893736000511;1071500390021;90525221;505501301162412;N;N;1;21.6;28.98;21.6;28.98;;BRAS_PF_PMC;ed. 1097;20;
BRASINDICE;1100;medicamento;0000085046;05;170-04502-FLDS;TEUTO BRAS.;BACLOFEN;10 mg. c/20 cprs. PV;BACLOFENO;7896112127178;1037001110017;90135652;520702701110412;N;N;20;21.57;29.73;1.08;1.49;;BRAS_PF_PMC;ed. 1096;20;
BRASINDICE;1100;medicamento;0000062845;05;001-22247-EGBS;UNIAO QUIMICA;BACLOFENO - GENERICO;10 mg. ct. bl. al. plas. inc. x 20 cprs.;BACLOFENO;7896006209027;1049713850025;90324048;533015080061906;S;N;20;21.2;29.22;1.06;1.46;;BRAS_PF_PMC;ed. 1096;20;
BRASINDICE;1100;medicamento;0000012538;05;001-11660-AARR;UNIAO QUIMICA;BACLON;10 mg 20 cprs.;BACLOFENO;7896006270072;1049713960025;90343727;533000901111412;N;N;20;23.14;31.04;1.16;1.55;;BRAS_PF_PMC;ed. 1098;20;
BRASINDICE;1100;medicamento;0000093052;05;620-09261-FVBO;MEDQUIMICA;BACROCIN;20 mg/g pom. derm. bisn. c/15 g;MUPIROCINA;7896862992941;1091701320027;90562852;525123050035617;N;N;1;61.99;83.16;61.99;83.16;;BRAS_PF_PMC;ed. 1092;20;
BRASINDICE;1100;medicamento;0000039270;05;348-13389-CZUK;CRISTALIA;BACTOMAX (Restrito Hosp.);400 mg. po liof. 10 fr. + 10 amp. dil. x 3 ml;TEICOPLANINA;7896676412857;1029802880073;90045149;506700803158411;N;S;10;8377.3;0;837.73;0;;BRAS_PF_PMC;ed. 1094;20;
BRASINDICE;1100;medicamento;0000041963;05;348-13389-DDEL;CRISTALIA;BACTOMAX (Restrito Hosp.);200 mg. po liof. 10 fr. + 10 amp. dil. x 3 ml;TEICOPLANINA;7896676412796;1029802880022;90045157;506700804154411;N;S;10;4360.17;0;436.02;0;;BRAS_PF_PMC;ed. 1094;20;
BRASINDICE;1100;medicamento;0000080613;05;387-00294-FFSZ;FARMOQUIMICA;BACTRIM;400 mg. + 80 mg. ct. bl. al. plas. trans. x 20 cprs.;"TRIMETOPRIMA;SULFAMETOXAZOL";7898040328597;1039002050014;90489365;509020090023517;N;N;20;28.74;39.62;1.44;1.98;;BRAS_PF_PMC;ed. 1092;20;
BRASINDICE;1100;medicamento;0000080615;05;387-00294-FFTB;FARMOQUIMICA;BACTRIM;40 mg/ml. + 8 mg/ml. sus. or. ct. fr. plas. amb. x 100 ml.;"TRIMETOPRIMA;SULFAMETOXAZOL";7898040328610;1039002050030;90489349;509020090023717;N;N;1;22.78;31.4;22.78;31.4;;BRAS_PF_PMC;ed. 1092;20;
BRASINDICE;1100;medicamento;0000080614;05;387-00295-FFTA;FARMOQUIMICA;BACTRIM F;800 mg. + 160 mg. ct. bl. al. plas. trans. x 10 cprs.;"TRIMETOPRIMA;SULFAMETOXAZOL";7898040328603;1039002050022;90489330;509020090023617;N;N;10;28.22;38.89;2.82;3.89;;BRAS_PF_PMC;ed. 1092;20;
BRASINDICE;1100;medicamento;0000080616;05;387-00295-FFTC;FARMOQUIMICA;BACTRIM F;80 mg/ml. + 16 mg/ml. sus. or. ct. fr. plas. amb. x 100 ml.;"TRIMETOPRIMA;SULFAMETOXAZOL";7898040328627;1039002050049;90489357;509020090023817;N;N;1;44.05;60.71;44.05;60.71;;BRAS_PF_PMC;ed. 1092;20;
BRASINDICE;1100;medicamento;0000055574;05;562-00297-CVOE;GLAXOSMITHKLINE;BACTROBAN;Pomada 10 g;MUPIROCINA;7896015519834;1010700780109;90288688;510614020051403;N;N;1;40.64;54.52;40.64;54.52;;BRAS_PF_PMC;ed. 1094;20;
BRASINDICE;1100;medicamento;0000089836;05;828-27578-FQYB;DR. REDDY S;BALEFIO 500 MG (CONVENIO 132/21);500 mg ct. fr. plas. pead. opc. x 60 cprs. rev.;ACETATO DE ABIRATERONA;8901148262904;1514300340041;90568699;507523100020004;N;N;60;15228.92;20429.05;253.82;340.48;;BRAS_PF_PMC;ed. 1090;20;
BRASINDICE;1100;medicamento;0000095767;05;517-28926-FXYW;PRATI DONADUZZI;BALORTI;4 mg/ml sol. or. fr. plas. opc. gts. 20 ml;BROMOPRIDA;7899547543308;1256803800022;90621867;528526020249703;;N;1;14.2;19.05;14.2;19.05;;BRAS_PF_PMC;ed. 1098;20;
BRASINDICE;1100;medicamento;0000004358;05;062-06056-ATJF;EMS;BALSAMO BENGUE;Pom. 20 g;"MENTOL;SALICILATO DE METILA";7896004817569;1023510670010;90328710;541815050011417;N;N;1;21.82;29.27;21.82;29.27;;BRAS_PF_PMC;ed. 1098;20;
BRASINDICE;1100;medicamento;0000004359;05;062-06056-ATJG;EMS;BALSAMO BENGUE;Gel 20 g;"MENTOL;SALICILATO DE METILA";7896004817576;1023510670037;90328728;541815050011513;N;N;1;20.72;27.8;20.72;27.8;;BRAS_PF_PMC;ed. 1098;20;
BRASINDICE;1100;medicamento;0000041422;05;062-06056-DCPM;EMS;BALSAMO BENGUE;0,10 g/g + 0,50 g/g aerosol fr. 60 g;"MENTOL;SALICILATO DE METILA";7896004726793;1023510670053;90328701;541815050011317;N;N;1;34.58;46.39;34.58;46.39;;BRAS_PF_PMC;ed. 1078;20;
BRASINDICE;1100;medicamento;0000060298;05;062-06056-BUHA;EMS;BALSAMO BENGUE;Pom. bisn. 60 g;"MENTOL;SALICILATO DE METILA";7896004753621;1023510670071;90328590;541815020010203;N;N;1;35.46;47.57;35.46;47.57;;BRAS_PF_PMC;ed. 1082;20;
BRASINDICE;1100;medicamento;0000060299;05;062-06056-BTZF;EMS;BALSAMO BENGUE;Gel. bisn. 60 g;"MENTOL;SALICILATO DE METILA";7896004753638;1023510670096;90328582;541815020010103;N;N;1;33.73;45.25;33.73;45.25;;BRAS_PF_PMC;ed. 1082;20;
BRASINDICE;1100;medicamento;0000063999;05;062-06056-EJPR;EMS;BALSAMO BENGUE;Aerosol fr. 120 g;"MENTOL;SALICILATO DE METILA";7896004754130;1023510670101;90328752;541815060011803;N;N;1;54.04;72.49;54.04;72.49;;BRAS_PF_PMC;ed. 1078;20;
BRASINDICE;1100;medicamento;0000000278;05;044-00309-FPDF;CHIESI;BAMIFIX;Cx. 20 cprs. rev. 300 mg;CLORIDRATO DE BAMIFILINA;7896672201875;1005800550066;90039491;508500701110418;N;N;20;33.47;46.13;1.67;2.31;;BRAS_PF_PMC;ed. 1093;20;
BRASINDICE;1100;medicamento;0000000279;05;044-00309-FPDG;CHIESI;BAMIFIX;Cx. 20 cprs. rev. 600 mg;CLORIDRATO DE BAMIFILINA;7896672201882;1005800550090;90039505;508500702117416;N;N;20;53.41;73.62;2.67;3.68;;BRAS_PF_PMC;ed. 1093;20;
BRASINDICE;1094;medicamento;0000088698;05;917-27347-DPMO;SUPERA RX;BARIAT XR;Bl. 30 cprs.;;7899420508004;;;;N;;30;95.64;0;3.19;0;;BRAS_PF_PMC;ed. 1091;20;
BRASINDICE;1094;medicamento;0000089988;05;917-27611-ACCL;SUPERA RX;BARIAT XR CALCIO;60 cprs.;;7899420508615;;;;N;;60;95.63;0;1.59;0;;BRAS_PF_PMC;ed. 1091;20;
BRASINDICE;1100;medicamento;0000037745;05;348-18420-CPKP;CRISTALIA;BARIOGEL (Restrito Hosp.);Geleia 100% 10 copos 150 ml;SULFATO DE BÁRIO;7896676413625;1029800020034;90220544;506700903136411;N;S;10;207.43;0;20.74;0;;BRAS_PF_PMC;ed. 1094;20;
BRASINDICE;1094;medicamento;0000063441;05;1048-22620-EGXD;SANOFI MEDLEY;BARISTAR;30 caps. gel. mole;;7896422544894;;;;N;;30;63.3;0;2.11;0;;BRAS_PF_PMC;ed. 1090;20;
BRASINDICE;1094;medicamento;0000063442;05;1048-22620-EGXE;SANOFI MEDLEY;BARISTAR;100 caps. gel. mole;;7896422544917;;;;N;;100;138.02;0;1.38;0;;BRAS_PF_PMC;ed. 1090;20;
BRASINDICE;1094;medicamento;0000054421;05;362-21373-DUOC;MARJAN;BARIVIT;60 cprs. mast.;;7896226105192;;;;N;;60;105.11;0;1.75;0;;BRAS_PF_PMC;ed. 1083;20;
BRASINDICE;1094;medicamento;0000065501;05;362-21373-ELRR;MARJAN;BARIVIT;Laranja 60 cprs. rev. mast.;;7896226105291;;;;N;;60;105.11;0;1.75;0;;BRAS_PF_PMC;ed. 1083;20;
BRASINDICE;1100;medicamento;0000086002;05;912-20814-FMGV;MOMENTA;BART H;150 mg + 12,5 mg ct. bl. al. plas. inc. x 30 cprs.;"HIDROCLOROTIAZIDA;IRBESARTANA";7891317014308;1004313510030;90527461;508022020151917;N;N;30;113.99;157.12;3.8;5.24;;BRAS_PF_PMC;ed. 1094;20;
BRASINDICE;1100;medicamento;0000086003;05;912-20814-FMGW;MOMENTA;BART H;300 mg + 12,5 mg ct. bl. al. plas. inc. x 30 cprs.;"HIDROCLOROTIAZIDA;IRBESARTANA";7891317014322;1004313510073;90527470;508022020152017;N;N;30;113.99;157.12;3.8;5.24;;BRAS_PF_PMC;ed. 1094;20;
BRASINDICE;1100;medicamento;0000088154;05;912-20814-FOPB;MOMENTA;BART H;150 mg + 12,5 mg ct. bl. al. plas. inc. x 7 cprs.;"HIDROCLOROTIAZIDA;IRBESARTANA";7891317022846;1004313510014;90567005;508023080174603;N;N;7;26.59;36.65;3.8;5.24;;BRAS_PF_PMC;ed. 1094;20;
BRASINDICE;1100;medicamento;0000088155;05;912-20814-FOPC;MOMENTA;BART H;300 mg + 12,5 mg ct. bl. al. plas. inc. x 7 cprs.;"HIDROCLOROTIAZIDA;IRBESARTANA";7891317022860;1004313510057;90567013;508023080174703;N;N;7;26.59;36.65;3.8;5.24;;BRAS_PF_PMC;ed. 1094;20;
BRASINDICE;1100;medicamento;0000072083;05;110-23858-EVAR;ELI LILLY;BASAGLAR;100 UI/ml sol. inj. ct. 5 carp. vd. inc. x 3 ml + 5 sist. aplic. 80 UI plas.;INSULINA GLARGINA;7896382708183;1126001940118;90377346;507617090020607;N;N;5;225.2;310.41;45.04;62.08;;BRAS_PF_PMC;ed. 1096;20;
BRASINDICE;1100;medicamento;0000072085;05;110-23858-EVAT;ELI LILLY;BASAGLAR;100 UI/ml sol. inj. ct. 5 carp. vd. inc. x 3 ml;INSULINA GLARGINA;7896382707681;1126001940037;90377303;507617090020207;N;N;5;222.81;307.12;44.56;61.42;;BRAS_PF_PMC;ed. 1096;20;
BRASINDICE;1100;medicamento;0000072086;05;110-23858-EVAU;ELI LILLY;BASAGLAR;100 UI/ml sol. inj. ct. 2 carp. vd. inc. x 3 ml;INSULINA GLARGINA;7896382707674;1126001940029;90377290;507617090020107;N;N;2;89.11;122.83;44.56;61.42;;BRAS_PF_PMC;ed. 1096;20;
BRASINDICE;1100;medicamento;0000075506;05;089-27095-EYTF;MERCK;BAVENCIO (Restrito Hosp.) (CONVENIO 132/21);20 mg/ml sol. dil. inf. ct. FA vd. trans.x 10 ml;AVELUMABE;7891721029929;1008904030017;90408128;525418100050401;N;S;1;7818.46;0;7818.46;0;;BRAS_PF_PMC;ed. 1100;20;
BRASINDICE;1100;medicamento;0000092992;05;413-28312-FUWG;BAXTER;BAXTER GLICOSE (Restrito Hosp.);100 mg/ml sol. inj. IV cx. bols. plas. (168 x 98 mm) pvc. trans. sist. fech. x 250 ml;GLICOSE;7898473026329;1068300700452;90395913;503218120029903;N;S;1;8.17;0;8.17;0;;BRAS_PF_PMC;ed. 1070;20;
BRASINDICE;1100;medicamento;0000092993;05;413-28312-FUWH;BAXTER;BAXTER GLICOSE (Restrito Hosp.);50 mg/ml sol. inj. IV cx. bols. plas. (168 x 98 mm) pvc. trans. sist. fech. x 250 ml;GLICOSE;7898473026312;1068300700487;90395905;503218120029803;N;S;1;7.36;0;7.36;0;;BRAS_PF_PMC;ed. 1070;20;
BRASINDICE;1100;medicamento;0000084505;05;152-26811-FNKR;B.BRAUN;BDEXBRAUN (Restrito Hosp.);100 mcg/ml sol. dil. infus. IV ct. 10 amps. vd. trans. x 2 ml;CLORIDRATO DE DEXMEDETOMIDINA;4030539216791;1008502430010;90542959;520922090014604;N;S;10;1638.08;0;163.81;0;;BRAS_PF_PMC;ed. 1077;20;
BRASINDICE;1100;medicamento;0000084506;05;152-26811-FNKS;B.BRAUN;BDEXBRAUN (Restrito Hosp.);100 mcg/ml sol. dil. infus. IV ct. 10 amps. vd. trans. x 4 ml;CLORIDRATO DE DEXMEDETOMIDINA;4030539216814;1008502430029;90542967;520922090014704;N;S;10;3276.19;0;327.62;0;;BRAS_PF_PMC;ed. 1077;20;
BRASINDICE;1100;medicamento;0000087230;05;152-26811-FNKT;B.BRAUN;BDEXBRAUN (Restrito Hosp.);100 mcg/ml sol. dil. infus. IV ct. 10 amps. vd. trans. x 10 ml;CLORIDRATO DE DEXMEDETOMIDINA;4030539216838;1008502430037;90542975;520922090014804;N;S;10;8190.43;0;819.04;0;;BRAS_PF_PMC;ed. 1077;20;
BRASINDICE;1100;medicamento;0000074501;05;100-24247-EXNQ;GEOLAB;BEBEX ADE;Pom. bisn. x 45 g.;"PALMITATO DE RETINOL;ÓXIDO DE ZINCO;COLECALCIFEROL";7899095220492;1542300980011;90279557;510409901163416;N;N;1;20.96;28.12;20.96;28.12;;BRAS_PF_PMC;ed. 1094;20;
BRASINDICE;1100;medicamento;0000074502;05;100-24248-EXNM;GEOLAB;BEBEX N;Pom. bisn. x 60 g.;"NISTATINA;ÓXIDO DE ZINCO";7899095220478;1542300950015;90078845;510409401160418;N;N;1;37.16;49.85;37.16;49.85;;BRAS_PF_PMC;ed. 1094;20;
BRASINDICE;1094;medicamento;0000055832;05;438-21594-DWKD;BIOLAB SANUS;BEBEZINC;Susp. oral 30 ml;;7898549751810;;;;N;;1;29.48;0;29.48;0;;BRAS_PF_PMC;ed. 1067;20;
BRASINDICE;1100;medicamento;0000079729;05;369-25262-FUZI;HALEX ISTAR;BECA (Restrito Hosp.);Ampolas de Vidro 5 ml - c/5 unidades (1 mg/ml);TARTARATO DE METOPROLOL;7896727870483;1031101720012;90451864;511220010039107;N;S;5;175.52;0;35.1;0;;BRAS_PF_PMC;ed. 1098;20;
BRASINDICE;1094;medicamento;0000071100;05;969-23701-ETUR;ARESE;BECAN;Susp. oral gotas fr. 20 ml;;7899824400782;;;;N;;1;74.84;0;74.84;0;;BRAS_PF_PMC;ed. 1090;20;
BRASINDICE;1094;medicamento;0000087251;05;969-26822-FNLK;ARESE;BECAN LF;Susp. or. gotas - fr. 14 ml;;7899824401321;;;;N;;1;96.11;0;96.11;0;;BRAS_PF_PMC;ed. 1090;20;
BRASINDICE;1094;medicamento;0000089600;05;969-26822-FQQU;ARESE;BECAN LF;14 caps. gel. dura;;7899824401345;;;;N;;14;126;0;9;0;;BRAS_PF_PMC;ed. 1090;20;
BRASINDICE;1100;medicamento;0000063449;05;473-07439-EGXJ;NEO QUIMICA;BECLONATO;5,0 mg/ml + 2,0 mg/ml susp. inj. ct. amp. vd. inc. x 1 ml + ser.;"FOSFATO DISSÓDICO DE BETAMETASONA;DIPROPIONATO DE BETAMETASONA";7896714265858;1558404660011;90301447;504615100031303;N;N;1;23.1;31.84;23.1;31.84;;BRAS_PF_PMC;ed. 1091;20;
BRASINDICE;1100;medicamento;0000000282;05;562-00322-AAZP;GLAXOSMITHKLINE;BECLOSOL;50 mcg aquosa nasal spray 200 doses;DIPROPIONATO DE BECLOMETASONA;7896269900211;1010701880018;90088387;510601503170312;N;N;1;68.07;93.83;68.07;93.83;;BRAS_PF_PMC;ed. 1095;20;
BRASINDICE;1100;medicamento;0000087162;05;072-26793-FNII;EUROFARMA;BEDOZE;5 mg/ml sol. inj. IM ct. 2 amps. vd. amb. x 1 ml;HIDROXICOBALAMINA;7891317026554;1004314580024;90550757;508022120172004;N;N;2;33.12;44.43;16.56;22.22;;BRAS_PF_PMC;ed. 1091;20;
BRASINDICE;1100;medicamento;0000089847;05;702-27581-FQYL;SANDOZ;BEIZOM (CONVENIO 140/01);100 mg ct. bl. al. PVC/PE/PVDC x 60 cprs. rev.;MESILATO DE IMATINIBE;7897595634368;1004706440011;90538609;511522060076504;N;N;60;8257.59;11382.23;137.63;189.7;;BRAS_PF_PMC;ed. 1091;20;
BRASINDICE;1100;medicamento;0000089848;05;702-27581-FOBR;SANDOZ;BEIZOM (CONVENIO 140/01);400 mg ct. bl. al/al x 30 cprs. rev.;MESILATO DE IMATINIBE;7897595634375;1004706440038;90550765;511522120078103;N;N;30;16850.1;23226.11;561.67;774.2;;BRAS_PF_PMC;ed. 1091;20;
BRASINDICE;1100;medicamento;0000058020;05;932-13752-BXJM;GRUNENTHAL;BELARA;2 mg. + 0,03 mg. bl. calend. 21 cprs. rev.;"ACETATO DE CLORMADINONA;ETINILESTRADIOL";7898582380183;1861000010012;90288696;542813120000018;N;N;21;50.41;69.48;2.4;3.31;;BRAS_PF_PMC;ed. 1093;20;
BRASINDICE;1100;medicamento;0000071842;05;932-13752-EUTD;GRUNENTHAL;BELARA;2 mg. + 0,03 mg. bl. calend. 21 cprs. rev. + 7 placebos;"ACETATO DE CLORMADINONA;ETINILESTRADIOL";7898582380527;1861000010063;90390695;542817070001603;N;N;21;50.41;69.48;2.4;3.31;;BRAS_PF_PMC;ed. 1093;20;
BRASINDICE;1100;medicamento;0000070476;05;932-23540-ETAW;GRUNENTHAL;BELARINA;2 mg. + 0,02 mg. ct. bl. calend. al. plas. trans.x  24 cprs. rev. + 4 placebo;"ACETATO DE CLORMADINONA;ETINILESTRADIOL";7898582380268;1861000070015;90390687;542817040001507;N;N;24;50.41;69.48;2.1;2.9;;BRAS_PF_PMC;ed. 1093;20;
BRASINDICE;1094;medicamento;0000092252;05;001-28110-ABWZ;UNIAO QUIMICA;BELAVIE CREME;Bisn. 30 g;;7896006297291;ISENTO;;;N;;1;63.22;0;63.22;0;;BRAS_PF_PMC;ed. 1091;20;
BRASINDICE;1100;medicamento;0000083274;05;1038-26126-FJAW;PINT PHARMA;BELEODAQ (Restrito Hosp.);500 mg po liof. sol. inj. IV ct. fr. amp. vd. trans.;BELINOSTATE;7898994740940;1390000020011;90493133;576120110000307;N;S;1;14463.25;0;14463.25;0;;BRAS_PF_PMC;ed. 1078;20;
BRASINDICE;1094;medicamento;0000079881;05;1030-25292-CZQB;PHOLIAS;BELLA FIBER;Lata 250 g;;7898950735904;;;;N;;1;226.11;0;226.11;0;;BRAS_PF_PMC;ed. 1084;20;
BRASINDICE;1100;medicamento;0000064719;05;438-21937-EKRV;BIOLAB SANUS;BELLY;500 mg. 60 caps.;;7898171782152;1381000340112;90483669;;N;;60;186.13;254.83;3.1;4.25;;BRAS_PF_PMC;ed. 1067;20;
BRASINDICE;1100;medicamento;0000080436;05;438-21937-FFCN;BIOLAB SANUS;BELLY;500 mg. cx. 30 caps.;;7898171285783;;;;N;;30;99.72;136.53;3.32;4.55;;BRAS_PF_PMC;ed. 1067;20;
BRASINDICE;1100;medicamento;0000073892;05;995-21906-DZKC;FQM MELORA;BELPELE;3 mg/g gel. ct. bisn. al. x 30 g;ADAPALENO;7898040322700;1039001280040;90288718;509014020012604;N;N;1;95.74;128.43;95.74;128.43;;BRAS_PF_PMC;ed. 1092;20;
BRASINDICE;1100;medicamento;0000088720;05;995-21906-FPMV;FQM MELORA;BELPELE;0,1% bisn. 30 g;ADAPALENO;7898244720371;1039001280024;90569237;509023100029503;N;N;1;31.88;42.77;31.88;42.77;;BRAS_PF_PMC;ed. 1092;20;
BRASINDICE;1094;medicamento;0000086293;05;912-25986-FIHF;MOMENTA;BEMOVE;Ct. bl. al. al. x 30 cprs.;;7891317023232;;;;N;;30;160.04;0;5.33;0;;BRAS_PF_PMC;ed. 1091;20;
BRASINDICE;1094;medicamento;0000090321;05;912-27688-FRMX;MOMENTA;BEMOVE + CURCUMA;Ct.bl. al. al. x 30 cprs.;;7891317032470;;;;N;;30;242.33;0;8.08;0;;BRAS_PF_PMC;ed. 1091;20;
BRASINDICE;1100;medicamento;0000090449;05;1106-00328-FREG;JOHNSON & JOHNSON;BENALET;5 mg + 50 mg + 10 mg ct. env. al. x 12 past. (sabor mel limao);"CLORETO DE AMÔNIO;CITRATO DE SÓDIO;CLORIDRATO DE DIFENIDRAMINA";7891010256463;1572112040165;90575407;539624020004417;N;N;12;33.43;44.85;2.79;3.74;;BRAS_PF_PMC;ed. 1097;20;
BRASINDICE;1100;medicamento;0000090450;05;1106-00328-FREH;JOHNSON & JOHNSON;BENALET;5 mg + 50 mg + 10 mg ct. env. al. x 12 past. (sabor menta);"CLORETO DE AMÔNIO;CITRATO DE SÓDIO;CLORIDRATO DE DIFENIDRAMINA";7891010256470;1572112040106;90575393;539624020004317;N;N;12;33.43;44.85;2.79;3.74;;BRAS_PF_PMC;ed. 1097;20;
BRASINDICE;1100;medicamento;0000090853;05;1106-00328-FSCT;JOHNSON & JOHNSON;BENALET;5 mg + 50 mg + 10 mg cart. display env. al. x 52 past. (sabor menta);"CLORETO DE AMÔNIO;CITRATO DE SÓDIO;CLORIDRATO DE DIFENIDRAMINA";7891010256692;1572112040203;90584392;539624060005917;N;N;52;158.49;212.61;3.05;4.09;;BRAS_PF_PMC;ed. 1097;20;
BRASINDICE;1100;medicamento;0000090854;05;1106-00328-FSCU;JOHNSON & JOHNSON;BENALET;5 mg + 50 mg + 10 mg cart. display env. al. x 52 past. (sabor mel limao);"CLORETO DE AMÔNIO;CITRATO DE SÓDIO;CLORIDRATO DE DIFENIDRAMINA";7891010256685;1572112040211;90584406;539624060005817;N;N;52;158.49;212.61;3.05;4.09;;BRAS_PF_PMC;ed. 1097;20;
BRASINDICE;1100;medicamento;0000086243;05;729-26649-FMOH;TEVA;BENALQ (Restrito Hosp.);25 mg. po liof. sol. infus. ct. FA vd. amb.;CLORIDRATO DE BENDAMUSTINA;7898587901802;1557300470011;90541073;537522070011104;N;S;1;432.63;0;432.63;0;;BRAS_PF_PMC;ed. 1092;20;
BRASINDICE;1100;medicamento;0000086244;05;729-26649-FMOI;TEVA;BENALQ (Restrito Hosp.);100 mg. po liof. sol. infus. ct. FA vd. amb.;CLORIDRATO DE BENDAMUSTINA;7898587901819;1557300470021;90541081;537522070011204;N;S;1;1730.53;0;1730.53;0;;BRAS_PF_PMC;ed. 1092;20;
BRASINDICE;1100;medicamento;0000019511;05;676-14494-CBVF;CIFARMA;BENATUX;Framboesa 12 pastilhas;"CLORETO DE AMÔNIO;CITRATO DE SÓDIO DIHIDRATADO;CLORIDRATO DE DIFENIDRAMINA";7898158693112;1156000990016;90040759;506312801115411;N;N;12;17.67;23.7;1.47;1.98;;BRAS_PF_PMC;ed. 1097;20;
BRASINDICE;1100;medicamento;0000019512;05;676-14494-CBVG;CIFARMA;BENATUX;Menta 12 pastilhas;"CLORETO DE AMÔNIO;CITRATO DE SÓDIO DI-HIDRATADO;CLORIDRATO DE DIFENIDRAMINA";7898158693129;1156000990024;90040767;506312802111411;N;N;12;17.67;23.7;1.47;1.98;;BRAS_PF_PMC;ed. 1097;20;
BRASINDICE;1100;medicamento;0000058219;05;676-14494-DZSN;CIFARMA;BENATUX;Xpe. 120 ml + cp. med.;"CLORETO DE AMÔNIO;CITRATO DE SÓDIO;CLORIDRATO DE DIFENIDRAMINA";7898495603812;1156000990040;90220250;506312040027003;N;N;1;16.42;22.03;16.42;22.03;;BRAS_PF_PMC;ed. 1097;20;
BRASINDICE;1100;medicamento;0000080460;05;676-14494-FFOJ;CIFARMA;BENATUX;Mel/limao 12 pastilhas;"CLORETO DE AMÔNIO;CITRATO DE SÓDIO DI-HIDRATADO;CLORIDRATO DE DIFENIDRAMINA";7898495602327;1156000990059;90440579;506319120031807;N;N;12;17.67;23.7;1.47;1.98;;BRAS_PF_PMC;ed. 1097;20;
BRASINDICE;1100;medicamento;0000092548;05;676-14494-FUGR;CIFARMA;BENATUX;(25,0 + 11,25 + 2,5) mg/ml xpe. ct. fr. plas. pet. amb. x 120 ml + cop.;"CLORETO DE AMÔNIO;CITRATO DE SÓDIO DI-HIDRATADO;CLORIDRATO DE DIFENIDRAMINA";7908020506997;1156000990067;90554787;506323010040707;N;N;1;16.42;22.03;16.42;22.03;;BRAS_PF_PMC;ed. 1097;20;
BRASINDICE;1100;medicamento;0000092510;05;1023-28204-FSCS;NATCOFARMA;BENDY (Restrito Hosp.);100 mg po liof. sol. infus. IV ct. FA vd. amb.;CLORIDRATO DE BENDAMUSTINA;7898565165431;1826100200011;90602293;573025020006903;N;S;1;1124.86;0;1124.86;0;;BRAS_PF_PMC;ed. 1094;20;
BRASINDICE;1100;medicamento;0000007970;05;790-08509-AAYO;MULTILAB;BENECTRIN;Susp. fr. 100 ml.;"TRIMETOPRIMA;SULFAMETOXAZOL";7896004813172;1677302530111;90449630;538812902131419;N;N;1;15.08;20.79;15.08;20.79;;BRAS_PF_PMC;ed. 1092;20;
BRASINDICE;1100;medicamento;0000007972;05;790-08509-AOEB;MULTILAB;BENECTRIN;Cx. 20 cprs;"TRIMETOPRIMA;SULFAMETOXAZOL";7896004810041;1677302530136;90559240;538823010116507;N;N;20;24.65;33.98;1.23;1.7;;BRAS_PF_PMC;ed. 1092;20;
BRASINDICE;1100;medicamento;0000007973;05;790-08509-BXBY;MULTILAB;BENECTRIN;F - bl. 10 cprs.;"TRIMETOPRIMA;SULFAMETOXAZOL";7896004810065;1677302530160;90559274;538823010116407;N;N;10;26.12;36;2.61;3.6;;BRAS_PF_PMC;ed. 1092;20;
BRASINDICE;1100;medicamento;0000089931;05;846-27603-FOEU;COSMED;BENEDESC;Xpe. ct. fr. x 120 ml;"MALEATO DE BRONFENIRAMINA;CLORIDRATO DE FENILEFRINA";7896094930438;1781709570038;90579062;540924020063207;N;N;1;17.67;23.7;17.67;23.7;;BRAS_PF_PMC;ed. 1091;20;
BRASINDICE;1100;medicamento;0000086367;05;1075-22774-EKVZ;PFIZER BRASIL;BENEFIX;500 UI po liof. inj. ct. 1 FA vd. inc. + 1 ser. preench. dil x 5 ml + 1 adap. + 1 conj. infus. + 2 lencos + 1 curativo + 1 gaze;ALFANONACOGUE;7891268109962;1211004510023;90464184;522720050085617;N;N;1;2180.75;3005.94;2180.75;3005.94;;BRAS_PF_PMC;ed. 1094;20;
BRASINDICE;1100;medicamento;0000086368;05;1075-22774-EKVW;PFIZER BRASIL;BENEFIX;1000 UI po liof. inj. ct. 1 FA vd. inc. + 1 ser. preench. dil x 5 ml + 1 adap. + 1 conj. infus. + 2 lencos + 1 curativo + 1 gaze;ALFANONACOGUE;7891268109986;1211004510031;90464192;522720050085717;N;N;1;4143.54;5711.44;4143.54;5711.44;;BRAS_PF_PMC;ed. 1094;20;
BRASINDICE;1094;medicamento;0000064668;05;021-19225-DCSU;AVERT;BENEFLORA;3 saches;;7898942324512;6197300270013;;;N;;3;53.33;0;17.78;0;;BRAS_PF_PMC;ed. 1067;20;
BRASINDICE;1094;medicamento;0000064669;05;021-19225-DEPR;AVERT;BENEFLORA;10 saches;;7898549750530;6197300270013;;;N;;10;97.29;0;9.73;0;;BRAS_PF_PMC;ed. 1067;20;
BRASINDICE;1094;medicamento;0000064670;05;021-19225-DWPX;AVERT;BENEFLORA;50 mg. cx. 15 caps.;;7898549755917;6197300330016;;;N;;15;49.91;0;3.33;0;;BRAS_PF_PMC;ed. 1067;20;
BRASINDICE;1094;medicamento;0000064671;05;021-19225-ALLO;AVERT;BENEFLORA;50 mg. cx. 30 caps.;;7898549755924;6197300330016;;;N;;30;96.03;0;3.2;0;;BRAS_PF_PMC;ed. 1067;20;
BRASINDICE;1094;medicamento;0000090022;05;438-27621-FOAS;BIOLAB SANUS;BENEFLORA 5BI;4 g 6 saches;;7896112408611;6748900010012;;;N;;6;45.54;0;7.59;0;;BRAS_PF_PMC;ed. 1091;20;
BRASINDICE;1100;medicamento;0000000295;05;846-00334-CGAS;COSMED;BENEGRIP;25 bl. x 6 cprs. rev.;"MALEATO DE CLORFENIRAMINA;DIPIRONA MONOIDRATADA;CAFEÍNA ANIDRA";7896094903036;1781700920036;90248295;540912030004903;N;N;150;305.46;409.76;2.04;2.73;;BRAS_PF_PMC;ed. 1084;20;
BRASINDICE;1100;medicamento;0000047722;05;846-00334-BSDR;COSMED;BENEGRIP;500 mg. 2 bl. x 10 cprs. rev.;"MALEATO DE CLORFENIRAMINA;DIPIRONA MONOIDRATADA;CAFEÍNA ANIDRA";7896094904682;1781700920044;90285387;540912050005703;N;N;20;34.98;46.92;1.75;2.35;;BRAS_PF_PMC;ed. 1084;20;
BRASINDICE;1100;medicamento;0000070691;05;846-00334-ETJK;COSMED;BENEGRIP;250 mg. + 30 mg. (verde)/250 mg. + 2 mg (amarelo) ct. bl. al. plas. trans. x 6 cprs. rev.;"MALEATO DE CLORFENIRAMINA;DIPIRONA MONOIDRATADA;CAFEÍNA ANIDRA";7896094915107;1781700920079;90388968;540917040027503;N;N;6;21.71;29.12;3.62;4.85;;BRAS_PF_PMC;ed. 1084;20;
BRASINDICE;1094;medicamento;0000089930;05;846-27602-FRBK;COSMED;BENEGRIP IMUNO KIDS;30 cprs. sort.;;7896094929593;;;;N;;30;17.14;0;0.57;0;;BRAS_PF_PMC;ed. 1084;20;
BRASINDICE;1100;medicamento;0000060365;05;846-22183-ECWO;COSMED;BENEGRIP MULTI;(13,30 + 0,33 + 0,13) mg/ml sol. or. x 240 ml;"PARACETAMOL;MALEATO DE CARBINOXAMINA;CLORIDRATO DE FENILEFRINA";7896094905825;1781707680014;90327993;540915010014504;N;N;1;33.13;44.44;33.13;44.44;;BRAS_PF_PMC;ed. 1084;20;
BRASINDICE;1100;medicamento;0000076909;05;846-24808-FARA;COSMED;BENEGRIP MULTI DIA;Ct. bl. al. plas. x 10 cprs. amarelo + 10 cprs. branco;"PARACETAMOL;CLORIDRATO DE FENILEFRINA";7896094918108;1781708690056;90438574;540919060039303;N;N;10;33.87;45.44;3.39;4.54;;BRAS_PF_PMC;ed. 1084;20;
BRASINDICE;1100;medicamento;0000076910;05;846-24808-FARB;COSMED;BENEGRIP MULTI DIA;Ct. bl. al. plas. x 50 cprs. amarelo + 50 cprs. branco;"PARACETAMOL;CLORIDRATO DE FENILEFRINA";7896094918115;1781708690021;90438582;540919060039403;N;N;50;232.35;311.69;4.65;6.23;;BRAS_PF_PMC;ed. 1084;20;
BRASINDICE;1100;medicamento;0000086168;05;846-24808-FMMA;COSMED;BENEGRIP MULTI DIA;800 mg + 20 mg ct. bl. al. plas. trans. x 6 cprs. amarelo + 6 cprs. branco;"PARACETAMOL;CLORIDRATO DE FENILEFRINA";7896094927797;1781708690048;90541618;540922070056007;N;N;6;21.35;28.64;3.56;4.77;;BRAS_PF_PMC;ed. 1084;20;
BRASINDICE;1100;medicamento;0000086832;05;846-26716-FMXY;COSMED;BENEGRIP MULTI FEBRE E DOR;140 mg/ml sus. or. got. x 15 ml;PARACETAMOL;7896094928169;1781709300014;90549996;540922090057607;N;N;1;16.93;22.71;16.93;22.71;;BRAS_PF_PMC;ed. 1084;20;
BRASINDICE;1100;medicamento;0000076911;05;846-24809-FARC;COSMED;BENEGRIP MULTI NOITE;Ct. bl. al. plas. trans. x 50 cprs. amarelo + 50 cprs. laranja;"PARACETAMOL;MALEATO DE CARBINOXAMINA;CLORIDRATO DE FENILEFRINA";7896094918122;1781708680069;90438604;540919060039603;N;N;50;232.35;311.69;4.65;6.23;;BRAS_PF_PMC;ed. 1084;20;
BRASINDICE;1100;medicamento;0000076912;05;846-24809-FARD;COSMED;BENEGRIP MULTI NOITE;Ct. bl. al. plas. trans. x 10 cprs. amarelo + 10 cprs. laranja;"PARACETAMOL;MALEATO DE CARBINOXAMINA;CLORIDRATO DE FENILEFRINA";7896094918139;1781708680034;90438590;540919060039503;N;N;10;33.87;45.44;3.39;4.54;;BRAS_PF_PMC;ed. 1084;20;
BRASINDICE;1100;medicamento;0000086167;05;846-24809-FMLZ;COSMED;BENEGRIP MULTI NOITE;400 mg + 20 mg cprs. amarelo / 400 mg + 4 mg cprs. laranja ct. bl. al. plas. trans. x 6 + 6;"PARACETAMOL;MALEATO DE CARBINOXAMINA;CLORIDRATO DE FENILEFRINA";7896094927780;1781708680077;90541600;540922070056107;N;N;6;21.35;28.64;3.56;4.77;;BRAS_PF_PMC;ed. 1084;20;
BRASINDICE;1094;medicamento;0000076579;05;685-24768-FACN;GALLIA;BENEPROCT;Pom. 25 g + 6 aplic.;;7898582270118;;;;N;;1;66.51;0;66.51;0;;BRAS_PF_PMC;ed. 1092;20;
BRASINDICE;1100;medicamento;0000020773;05;029-14794-FWQM;BAYER;BENEROC;Bl. al. plas. PVC/PE/PVDC x 100 cprs. rev.;"MONONITRATO DE TIAMINA;NICOTINAMIDA;PANTOTENATO DE CÁLCIO;RIBOFLAVINA;CLORIDRATO DE PIRIDOXINA";7891106909457;1705600170072;90441176;538919120029207;N;N;100;36.16;48.51;0.36;0.49;;BRAS_PF_PMC;ed. 1098;20;
BRASINDICE;1100;medicamento;0000079794;05;1010-00335-FUWR;CELLERA FARMA;BENERVA;300 mg ct. bl. al. plas. PVC/PVDC trans. x 30 cprs. rev.;CLORIDRATO DE TIAMINA;7893454714325;1044002200020;90454472;541720020021317;N;N;30;26.22;35.17;0.87;1.17;;BRAS_PF_PMC;ed. 1100;20;
BRASINDICE;1100;medicamento;0000079795;05;1010-00335-FUWQ;CELLERA FARMA;BENERVA;300 mg ct. bl. AL. plas. PVC/PVDC trans. x 8 cprs. rev.;;7893454714318;1044002200012;90468643;541720050021807;N;;8;7.04;9.45;0.88;1.18;;BRAS_PF_PMC;ed. 1100;20;
BRASINDICE;1100;medicamento;0000083622;05;1010-00335-FJMX;CELLERA FARMA;BENERVA;300 mg ct. bl. al. plas. PVC/PVDC trans. x 60 cprs. rev.;CLORIDRATO DE TIAMINA;7893454714523;1044002200039;90513770;541721080022503;N;N;60;49.04;65.79;0.82;1.1;;BRAS_PF_PMC;ed. 1100;20;
BRASINDICE;1100;medicamento;0000083175;05;516-17957-FIXM;ASPEN PHARMA;BENESTARE;625 mg. ct. bl. al. plas. trans. x 30 cprs. rev.;POLICARBOFILA CÁLCICA;7895858017385;1376401840020;90515803;505621060045817;N;N;30;53.58;71.88;1.79;2.4;;BRAS_PF_PMC;ed. 1092;20;
BRASINDICE;1100;medicamento;0000087364;05;846-26855-FNPB;COSMED;BENETOSSE;15 mg/ml xpe. fr. x 100 ml;HEDERA HELIX L.;7896094928527;1781709320015;90559401;540922120058407;N;N;1;27.24;36.54;27.24;36.54;;BRAS_PF_PMC;ed. 1084;20;
BRASINDICE;1100;medicamento;0000030648;05;790-16949-BDIN;MULTILAB;BENEVRAN DRAGEAS;2 bl. x 10 drags.;DICLOFENACO DE POTÁSSIO;7896004800400;1677306160023;90442016;538816701112411;N;N;20;15.2;20.95;0.76;1.05;;BRAS_PF_PMC;ed. 1092;20;
BRASINDICE;1100;medicamento;0000094465;05;846-28687-FWTP;COSMED;BENEXPEC XP;2 + 100 + 20 + 30 mg/5 ml 120 ml;"IODETO DE POTÁSSIO;BENZOATO DE SÓDIO;CLORIDRATO DE OXOMEMAZINA;GUAIFENESINA";7896094931541;1781709970028;90623444;540926010069207;N;N;1;25.67;34.44;25.67;34.44;;BRAS_PF_PMC;ed. 1086;20;
BRASINDICE;1100;medicamento;0000090504;05;1025-27719-FJGV;BIOLAB GENERICOS;BENFOTIAMINA - GENERICO;150 mg x 30 cprs. rev.;BENFOTIAMINA;7896112408581;1097403630035;90581032;504124050087506;S;N;30;44.27;59.38;1.48;1.98;;BRAS_PF_PMC;ed. 1092;20;
BRASINDICE;1100;medicamento;0000093896;05;048-27719-FWEF;ACHE;BENFOTIAMINA - GENERICO;150 mg bl. x 30 cprs. rev.;BENFOTIAMINA;7896658051012;1057300770021;90604644;552925040171606;S;N;30;45.76;61.39;1.53;2.05;;BRAS_PF_PMC;ed. 1078;20;
BRASINDICE;1100;medicamento;0000093075;05;062-28356-DQNW;EMS;BENGPRO;Aerosol 60 g;DICLOFENACO DIETILAMÔNIO;7896004793757;1023514450015;90605667;541825030210907;N;N;1;37.69;50.56;37.69;50.56;;BRAS_PF_PMC;ed. 1072;20;
BRASINDICE;1100;medicamento;0000093076;05;062-28356-FVBZ;EMS;BENGPRO;Gel 60 g;DICLOFENACO DIETILAMÔNIO;7896004793740;1023514440011;90605659;541825030211007;N;N;1;37.33;50.08;37.33;50.08;;BRAS_PF_PMC;ed. 1072;20;
BRASINDICE;1100;medicamento;0000014066;05;753-12399-ACQZ;DAIICHI SANKYO;BENICAR;20 mg. 30 cprs.;OLMESARTANA MEDOXOMILA;7897411610606;1045401720034;90049233;530400203115314;N;N;30;63.42;87.42;2.11;2.91;;BRAS_PF_PMC;ed. 1094;20;
BRASINDICE;1100;medicamento;0000014067;05;753-12399-AYSG;DAIICHI SANKYO;BENICAR;40 mg 30 cprs.;OLMESARTANA MEDOXOMILA;7897411610620;1045401720069;90049250;530400206114319;N;N;30;66.67;91.9;2.22;3.06;;BRAS_PF_PMC;ed. 1094;20;
BRASINDICE;1100;medicamento;0000036700;05;753-12399-BWKW;DAIICHI SANKYO;BENICAR;20 mg. cx. 10 cprs.;OLMESARTANA MEDOXOMILA;7897411610644;1045401720018;90049241;530400201112318;N;N;10;21.12;29.11;2.11;2.91;;BRAS_PF_PMC;ed. 1094;20;
BRASINDICE;1100;medicamento;0000039564;05;753-12399-BVCG;DAIICHI SANKYO;BENICAR;40 mg. cx. 10 cprs.;OLMESARTANA MEDOXOMILA;7897411610651;1045401720042;90049268;530400204111118;N;N;10;22.23;30.64;2.22;3.06;;BRAS_PF_PMC;ed. 1094;20;
BRASINDICE;1100;medicamento;0000029982;05;753-16817-CQMD;DAIICHI SANKYO;BENICAR ANLO;20 mg. + 5 mg. cx. 30 cprs. rev.;"BESILATO DE ANLODIPINO;OLMESARTANA MEDOXOMILA";7897411611016;1045401750030;90049314;530402106117312;N;N;30;67.23;92.67;2.24;3.09;;BRAS_PF_PMC;ed. 1094;20;
BRASINDICE;1100;medicamento;0000029983;05;753-16817-CQME;DAIICHI SANKYO;BENICAR ANLO;40 mg. + 5 mg. cx. 30 cprs. rev.;"BESILATO DE ANLODIPINO;OLMESARTANA MEDOXOMILA";7897411611023;1045401750057;90049373;530402111110312;N;N;30;76;104.76;2.53;3.49;;BRAS_PF_PMC;ed. 1094;20;
BRASINDICE;1100;medicamento;0000029984;05;753-16817-CQMF;DAIICHI SANKYO;BENICAR ANLO;40 mg. + 10 mg. cx. 30 cprs. rev.;"BESILATO DE ANLODIPINO;OLMESARTANA MEDOXOMILA";7897411611030;1045401750121;90049349;530402108111311;N;N;30;76;104.76;2.53;3.49;;BRAS_PF_PMC;ed. 1094;20;
BRASINDICE;1100;medicamento;0000037856;05;753-16817-CYEY;DAIICHI SANKYO;BENICAR ANLO;20 mg. + 5 mg. cx. 7 cprs.;"BESILATO DE ANLODIPINO;OLMESARTANA MEDOXOMILA";7897411611054;1045401750014;90049322;530402101115311;N;N;7;15.67;21.6;2.24;3.09;;BRAS_PF_PMC;ed. 1094;20;
BRASINDICE;1100;medicamento;0000037857;05;753-16817-CYEZ;DAIICHI SANKYO;BENICAR ANLO;40 mg. + 5 mg. cx. 7 cprs.;"BESILATO DE ANLODIPINO;OLMESARTANA MEDOXOMILA";7897411611108;1045401750073;90049381;530402112117310;N;N;7;17.73;24.44;2.53;3.49;;BRAS_PF_PMC;ed. 1094;20;
BRASINDICE;1100;medicamento;0000052139;05;753-16817-DRQC;DAIICHI SANKYO;BENICAR ANLO;40 mg. + 10 mg. cprs. rev. bl. al/al x 7 cprs.;"BESILATO DE ANLODIPINO;OLMESARTANA MEDOXOMILA";7897411611122;1045401750103;90049357;530402109116317;N;N;7;17.73;24.44;2.53;3.49;;BRAS_PF_PMC;ed. 1094;20;
BRASINDICE;1100;medicamento;0000015648;05;753-13207-BPKW;DAIICHI SANKYO;BENICAR HCT;20 mg/12,5 mg. cx. 30 cprs.;"HIDROCLOROTIAZIDA;OLMESARTANA MEDOXOMILA";7897411610668;1045401730031;90049403;530402004111315;N;N;30;71.53;98.59;2.38;3.29;;BRAS_PF_PMC;ed. 1094;20;
BRASINDICE;1100;medicamento;0000015649;05;753-13207-BUOF;DAIICHI SANKYO;BENICAR HCT;40 mg/12,5 mg. cx. 30 cprs.;"HIDROCLOROTIAZIDA;OLMESARTANA MEDOXOMILA";7897411610675;1045401730064;90049411;530402001110318;N;N;30;81.49;112.32;2.72;3.74;;BRAS_PF_PMC;ed. 1094;20;
BRASINDICE;1100;medicamento;0000015650;05;753-13207-BUOG;DAIICHI SANKYO;BENICAR HCT;40 mg/25 mg. cx. 30 cprs.;"HIDROCLOROTIAZIDA;OLMESARTANA MEDOXOMILA";7897411610682;1045401730099;90049438;530402009111313;N;N;30;81.49;112.32;2.72;3.74;;BRAS_PF_PMC;ed. 1094;20;
BRASINDICE;1100;medicamento;0000045309;05;753-13207-DGZY;DAIICHI SANKYO;BENICAR HCT;20 mg/12,5 mg. bl. al/al. x 7 cprs. rev.;"HIDROCLOROTIAZIDA;OLMESARTANA MEDOXOMILA";7897411600232;1045401730137;90239105;530402011116319;N;N;7;16.67;22.97;2.38;3.28;;BRAS_PF_PMC;ed. 1094;20;
BRASINDICE;1100;medicamento;0000045310;05;753-13207-DGZZ;DAIICHI SANKYO;BENICAR HCT;40 mg/12,5 mg. bl. al/al. x 7 cprs. rev.;"HIDROCLOROTIAZIDA;OLMESARTANA MEDOXOMILA";7897411600249;1045401730145;90239091;530402010111313;N;N;7;19.02;26.22;2.72;3.75;;BRAS_PF_PMC;ed. 1094;20;
BRASINDICE;1100;medicamento;0000088040;05;753-27154-FOKO;DAIICHI SANKYO;BENICAR ODT;20 mg ct. bl. al. al. x 10 cprs. orodisp.;OLMESARTANA MEDOXOMILA;7897411650770;1045401930012;90560256;530423030018403;N;N;10;21.12;29.11;2.11;2.91;;BRAS_PF_PMC;ed. 1094;20;
BRASINDICE;1100;medicamento;0000088041;05;753-27154-FOKP;DAIICHI SANKYO;BENICAR ODT;20 mg ct. bl. al. al. x 30 cprs. orodisp.;OLMESARTANA MEDOXOMILA;7897411650787;1045401930020;90560264;530423030018503;N;N;30;63.4;87.39;2.11;2.91;;BRAS_PF_PMC;ed. 1094;20;
BRASINDICE;1100;medicamento;0000088042;05;753-27154-FOKQ;DAIICHI SANKYO;BENICAR ODT;40 mg ct. bl. al. al. x 10 cprs. orodisp.;OLMESARTANA MEDOXOMILA;7897411650800;1045401930030;;530423030018603;N;N;10;22.23;30.64;2.22;3.06;;BRAS_PF_PMC;ed. 1094;20;
BRASINDICE;1100;medicamento;0000088043;05;753-27154-FOKR;DAIICHI SANKYO;BENICAR ODT;40 mg ct. bl. al. al. x 30 cprs. orodisp.;OLMESARTANA MEDOXOMILA;7897411650817;1045401930047;90560280;530423030018703;N;N;30;66.67;91.9;2.22;3.06;;BRAS_PF_PMC;ed. 1094;20;
BRASINDICE;1100;medicamento;0000083306;05;753-26136-FJBX;DAIICHI SANKYO;BENICAR TRIPLO;(20,0 + 12,5 + 5,0) mg ct. bl. al. al. x 7 cprs. rev.;"HIDROCLOROTIAZIDA;BESILATO DE ANLODIPINO;OLMESARTANA MEDOXOMILA";7897411600430;1045401900016;90513835;530421060017605;N;N;7;27.02;36.25;3.86;5.18;;BRAS_PF_PMC;ed. 1094;20;
BRASINDICE;1100;medicamento;0000083307;05;753-26136-FJBY;DAIICHI SANKYO;BENICAR TRIPLO;(20,0 + 12,5 + 5,0) mg ct. bl. al. al. x 30 cprs. rev.;"HIDROCLOROTIAZIDA;BESILATO DE ANLODIPINO;OLMESARTANA MEDOXOMILA";7897411600386;1045401900024;90513843;530421060017105;N;N;30;115.86;155.42;3.86;5.18;;BRAS_PF_PMC;ed. 1094;20;
BRASINDICE;1100;medicamento;0000083308;05;753-26136-FJBZ;DAIICHI SANKYO;BENICAR TRIPLO;(40,0 + 12,5 + 5,0) mg ct. bl. al. al. x 7 cprs. rev.;"HIDROCLOROTIAZIDA;BESILATO DE ANLODIPINO;OLMESARTANA MEDOXOMILA";7897411600447;1045401900032;90513851;530421060017205;N;N;7;31.06;41.67;4.44;5.95;;BRAS_PF_PMC;ed. 1094;20;
BRASINDICE;1100;medicamento;0000083309;05;753-26136-FJCA;DAIICHI SANKYO;BENICAR TRIPLO;(40,0 + 12,5 + 5,0) mg ct. bl. al. al. x 30 cprs. rev.;"HIDROCLOROTIAZIDA;BESILATO DE ANLODIPINO;OLMESARTANA MEDOXOMILA";7897411600393;1045401900040;90513860;530421060017305;N;N;30;133.05;178.48;4.44;5.95;;BRAS_PF_PMC;ed. 1094;20;
BRASINDICE;1100;medicamento;0000083310;05;753-26136-FJCB;DAIICHI SANKYO;BENICAR TRIPLO;(40,0 + 25,0 + 10,0) mg ct. bl. al. al. x 7 cprs. rev.;"HIDROCLOROTIAZIDA;BESILATO DE ANLODIPINO;OLMESARTANA MEDOXOMILA";7897411600478;1045401900059;90513878;530421060017405;N;N;7;33.48;44.91;4.78;6.42;;BRAS_PF_PMC;ed. 1094;20;
BRASINDICE;1100;medicamento;0000083311;05;753-26136-FJCC;DAIICHI SANKYO;BENICAR TRIPLO;(40,0 + 25,0 + 10,0) mg ct. bl. al. al. x 30 cprs. rev.;"HIDROCLOROTIAZIDA;BESILATO DE ANLODIPINO;OLMESARTANA MEDOXOMILA";7897411600423;1045401900067;90513886;530421060017505;N;N;30;143.51;192.51;4.78;6.42;;BRAS_PF_PMC;ed. 1094;20;
BRASINDICE;1100;medicamento;0000052148;05;562-21028-DRQK;GLAXOSMITHKLINE;BENLYSTA;120 mg. po liof. inj. ct. FA vd. inc.;BELIMUMABE;7896015523954;1010702950011;90254015;510613030050002;N;N;1;1007.45;1351.46;1007.45;1351.46;;BRAS_PF_PMC;ed. 1094;20;
BRASINDICE;1100;medicamento;0000052149;05;562-21028-DRQL;GLAXOSMITHKLINE;BENLYSTA;400 mg. po liof. inj. ct. FA vd. inc.;BELIMUMABE;7896015523961;1010702950028;90254023;510613030050102;N;N;1;3358.12;4504.8;3358.12;4504.8;;BRAS_PF_PMC;ed. 1094;20;
BRASINDICE;1100;medicamento;0000081956;05;562-21028-FHLR;GLAXOSMITHKLINE;BENLYSTA;200 mg/ml sol. inj. ct. 4 ser. preenc. vd. trans. x 1 ml;BELIMUMABE;7896015591151;1010702950044;90493117;510620100056007;N;N;4;6716.24;9009.6;1679.06;2252.4;;BRAS_PF_PMC;ed. 1094;20;
BRASINDICE;1100;medicamento;0000081957;05;562-21028-FHLS;GLAXOSMITHKLINE;BENLYSTA;200 mg/ml sol. inj. ct. 4 ser. preenc. vd. trans. x 1 ml + can. aplic.;BELIMUMABE;7896015591175;1010702950060;90493125;510620100056107;N;N;4;6716.24;9009.6;1679.06;2252.4;;BRAS_PF_PMC;ed. 1094;20;
BRASINDICE;1100;medicamento;0000065188;05;917-05377-ELEV;SUPERA RX;BENZETACIL;1.200.000 U susp. inj. 1 FA;BENZILPENICILINA BENZATINA;7891317496241;1004306860153;90222059;508012050091603;N;N;1;15.51;21.38;15.51;21.38;;BRAS_PF_PMC;ed. 1094;20;
BRASINDICE;1100;medicamento;0000065189;05;917-05377-ELEU;SUPERA RX;BENZETACIL;1.200.000 U susp. inj. 10 FA;BENZILPENICILINA BENZATINA;7891317430436;1004306860110;90066618;508000904152415;N;N;10;155.07;213.75;15.51;21.38;;BRAS_PF_PMC;ed. 1094;20;
BRASINDICE;1100;medicamento;0000073985;05;072-05377-DGNW;EUROFARMA;BENZETACIL;300.000 U/ml (1.200.000 U) susp. inj. cx. 50 FA vd. inc. x 4 ml;BENZILPENICILINA BENZATINA;7891317496104;1004306860064;90221834;508000906155314;N;N;50;775.35;1068.74;15.51;21.37;;BRAS_PF_PMC;ed. 1094;20;
BRASINDICE;1100;medicamento;0000002913;05;342-04149-ABNV;ELOFAR;BENZEVIT;Bisn. 40 g;"NISTATINA;ÓXIDO DE ZINCO";7898109240433;1038500040017;90372018;517100601169414;N;N;1;36.06;48.38;36.06;48.38;;BRAS_PF_PMC;ed. 1067;20;
BRASINDICE;1100;medicamento;0000047422;05;342-27886-ANWM;ELOFAR;BENZEVIT PREVENT (NOTIF.SIMPLIF.);Bisn. 45 g;;7898109241713;;;;N;;1;36.06;48.38;36.06;48.38;;BRAS_PF_PMC;ed. 1067;20;
BRASINDICE;1100;medicamento;0000037399;05;062-18352-CFYA;EMS;BENZIFLEX;10 mg. bl. 15 cprs. rev.;CLORIDRATO DE CICLOBENZAPRINA;7896004729770;1023513820056;90519094;507742902111414;N;N;15;18.67;25.05;1.24;1.67;;BRAS_PF_PMC;ed. 1079;20;
BRASINDICE;1100;medicamento;0000037400;05;062-18352-CXUZ;EMS;BENZIFLEX;10 mg. 2 bl. x 15 cprs. rev.;CLORIDRATO DE CICLOBENZAPRINA;7896004729787;1023513820072;90519116;507742901113413;N;N;30;37.35;50.1;1.25;1.67;;BRAS_PF_PMC;ed. 1079;20;
BRASINDICE;1100;medicamento;0000054705;05;062-18352-DUYO;EMS;BENZIFLEX;5 mg. 2 bl. 15 cprs. rev.;CLORIDRATO DE CICLOBENZAPRINA;7896004730202;1023513820171;90519191;541813110006303;N;N;30;30.27;40.61;1.01;1.35;;BRAS_PF_PMC;ed. 1079;20;
BRASINDICE;1100;medicamento;0000068879;05;062-23355-EQWA;EMS;BENZIFLEX LIS;125 mg. + 5 mg. bl. 15 cprs. rev.;"CLORIDRATO DE CICLOBENZAPRINA;LISINATO DE CLONIXINA";7896004753218;1023511670022;90370538;541817010018703;N;N;15;27.98;37.53;1.87;2.5;;BRAS_PF_PMC;ed. 1079;20;
BRASINDICE;1100;medicamento;0000080153;05;062-23355-FFCW;EMS;BENZIFLEX LIS;125 mg. + 5 mg. 2 bl. 15 cprs. rev.;"CLONIXINATO DE LISINA;CLORIDRATO DE CICLOBENZAPRINA";7896004769639;1023511670030;90466616;541820060128607;N;N;30;53.35;71.57;1.78;2.39;;BRAS_PF_PMC;ed. 1079;20;
BRASINDICE;1100;medicamento;0000093066;05;072-28355-FVBU;EUROFARMA;BENZILPENICILINA BENZATINA - GENERICO;300.000 U/ml sus. inj. IM cx.10 FA vd. trans. x 4 ml (emb. frac.);BENZILPENICILINA BENZATINA;7891317045562;1004314660028;90607805;508025070191806;S;N;10;98.25;135.43;9.82;13.54;;BRAS_PF_PMC;ed. 1094;20;
BRASINDICE;1100;medicamento;0000093067;05;072-28355-FVBV;EUROFARMA;BENZILPENICILINA BENZATINA - GENERICO;300.000 U/ml sus. inj. im ct. 1 FA vd. trans. x 4 ml;BENZILPENICILINA BENZATINA;7891317045555;1004314660052;90607813;508025070191906;S;N;1;9.83;13.55;9.83;13.55;;BRAS_PF_PMC;ed. 1094;20;
BRASINDICE;1094;medicamento;0000091414;05;1092-27906-FSWG;GLOBO PHARMA;BENZIN;0,1 g/g sab. 60 g;;7898060131184;1053500880030;90113179;517601601171419;N;;1;18.41;0;18.41;0;;BRAS_PF_PMC;ed. 1091;20;
BRASINDICE;1100;medicamento;0000089587;05;691-27539-FPLN;ZYDUS NIKKHO;BENZOATO DE RIZATRIPTANA - GENERICO;10 mg ct. bl. al. al. x 2 cprs.;BENZOATO DE RIZATRIPTANA;7898927564889;1565101020017;90572580;536223110017106;S;N;2;18.13;24.99;9.06;12.5;;BRAS_PF_PMC;ed. 1096;20;
BRASINDICE;1100;medicamento;0000026865;05;517-16171-CNHF;PRATI DONADUZZI;BENZOILMETRONIDAZOL + NISTATINA + CL. BENZALCONIO - GENERICO;62,5 mg/g + 25.000 UI/g + 1,25 mg/g crem. vag. ct. bg. al. x 40 g + 10 aplic. vag.;"CLORETO DE BENZALCÔNIO;BENZOILMETRONIDAZOL;NISTATINA";7898148299683;1256801620019;90178564;528527201164110;S;N;1;40.15;53.86;40.15;53.86;;BRAS_PF_PMC;ed. 1091;20;
BRASINDICE;1100;medicamento;0000008509;05;062-08820-BFAA;EMS;BENZOILMETRONIDAZOL - GENERICO;Susp. oral 4% fr. 120 ml;BENZOILMETRONIDAZOL;7896004702049;1023504920043;90434617;507733701131117;S;N;1;13.19;18.23;13.19;18.23;;BRAS_PF_PMC;ed. 1079;20;
BRASINDICE;1100;medicamento;0000036915;05;170-18139-CMIC;TEUTO BRAS.;BEPEBEN (Restrito Hosp.);600.000 UI po inj. cx. 50 FA (hosp.);PENICILINA G BENZATINA;7896112125013;1037001000051;90135776;520703504157414;N;S;50;657.52;0;13.15;0;;BRAS_PF_PMC;ed. 1096;20;
BRASINDICE;1100;medicamento;0000036916;05;170-18139-CMID;TEUTO BRAS.;BEPEBEN (Restrito Hosp.);1.200.000 UI po inj. cx. 50 FA (hosp.);PENICILINA G BENZATINA;7896112125051;1037001000092;90135750;520703503150416;N;S;50;775.35;0;15.51;0;;BRAS_PF_PMC;ed. 1096;20;
BRASINDICE;1100;medicamento;0000075882;05;170-18139-EZER;TEUTO BRAS.;BEPEBEN (Restrito Hosp.);1.200.000 UI po susp. inj. cx. 50 FA (hosp.);PENICILINA G BENZATINA;7896112103561;1037001000092;90135750;520703503150416;N;S;50;775.35;0;15.51;0;;BRAS_PF_PMC;ed. 1096;20;
BRASINDICE;1094;medicamento;0000054378;05;918-21355-DUNN;HEEL DO BRASIL;BERBERIS;Gts. fr. 30 ml (18 gts/ml);;7898908753127;1619800140022;;;N;;1;69.52;0;69.52;0;;BRAS_PF_PMC;ed. 1090;20;
BRASINDICE;1100;medicamento;0000074733;05;470-24350-EXTL;CSL BEHRING;BERIBUMIN (Restrito Hosp.);200 g/L sol. inj. ct. FA vd. inc. x 50 ml;ALBUMINA HUMANA;7897499450002;1015101080011;90395182;502618070008007;N;S;1;316.54;0;316.54;0;;BRAS_PF_PMC;ed. 1095;20;
BRASINDICE;1100;medicamento;0000057761;05;470-21870-DZBE;CSL BEHRING;BERINERT;500 UI liof. inj. FA vd. + FA vd. dil. x 10 ml + disp. transf. + ser. 10 ml. + eqp. + 2 compressas + 1 curativo;INIBIDOR DE C1 ESTERASE DERIVADO DE PLASMA HUMANO;7897499452068;1015101250022;90373090;502617100007902;N;N;1;3265.54;4380.61;3265.54;4380.61;;BRAS_PF_PMC;ed. 1095;20;
BRASINDICE;1100;medicamento;0000083620;05;470-26212-FJMV;CSL BEHRING;BERINERT (Restrito Hosp.);2000 UI po liof.sol.inj.ct. FA vd. trans. + FA vd trans. dil.x4 ml + disp. transf. c/fil.+ser. 5 ml + 1 agu. hip.+1 disp. inf.sc+2 comp. + 1 curat.;INIBIDOR DE C1 ESTERASE DERIVADO DE PLASMA HUMANO;7897499452204;1015101250030;90510682;502621040010703;N;S;1;13062.15;0;13062.15;0;;BRAS_PF_PMC;ed. 1095;20;
BRASINDICE;1100;medicamento;0000008133;05;470-08592-BCSY;CSL BEHRING;BERIPLAST-P (Restrito Hosp.);1,0 ml po liof. ct. 2 fr. vd. inc. + 2 fr. dil. x 1,0 ml;"FATOR XIII;APROTININA;TROMBINA;FIBRINOGÊNIO";7897499450538;1015101130035;90048857;502600602158416;N;S;1;1009.39;0;1009.39;0;;BRAS_PF_PMC;ed. 1095;20;
BRASINDICE;1100;medicamento;0000008134;05;470-08592-BCSZ;CSL BEHRING;BERIPLAST-P (Restrito Hosp.);3,0 ml po liof. ct. 2 fr. vd. inc. + 2 fr. dil. x 3,0 ml;"FATOR XIII;APROTININA;TROMBINA;FIBRINOGÊNIO";7897499450545;1015101130027;90048865;502600603154414;N;S;1;3014.78;0;3014.78;0;;BRAS_PF_PMC;ed. 1095;20;
BRASINDICE;1100;medicamento;0000010453;05;470-10190-BIEA;CSL BEHRING;BERIPLEX P/N (Restrito Hosp.);500 UI po liof. inj. ct. FA vd. inc. + dil. x 20 ml. + disp. de transf. c/filtro;"FATOR II DE COAGULAÇÃO;FATOR IX DE COAGULAÇÃO;PROTEÍNA C;PROTEÍNA S;FATOR X DE COAGULAÇÃO ;FATOR VII DE COAGULAÇÃO";7897499450323;1015101170045;90217314;502600704155416;N;S;1;1890.78;0;1890.78;0;;BRAS_PF_PMC;ed. 1095;20;
BRASINDICE;1100;medicamento;0000083265;05;470-10190-FJAS;CSL BEHRING;BERIPLEX P/N (Restrito Hosp.);1000 UI po liof. sol. inj. ct. FA vd. trans. + dil. x 40 ml + disp. transf. c/filtro;"FATOR X;PROTEÍNAS;FATOR II DE COAGULAÇÃO;FATOR IX DE COAGULAÇÃO;PROTEÍNA C;PROTEÍNA S;FATOR VII DE COAGULAÇÃO";7897499452013;1015101170053;90395190;502618080008107;N;S;1;3781.59;0;3781.59;0;;BRAS_PF_PMC;ed. 1095;20;
BRASINDICE;1100;medicamento;0000077582;05;072-24892-DEAC;EUROFARMA;BERK (Restrito Hosp.);50 mg. po liof. sol. inj. FA vd. inc.;ACETATO DE CASPOFUNGINA;7891317140106;1004311560014;90357892;508016110114504;N;S;1;4849.1;0;4849.1;0;;BRAS_PF_PMC;ed. 1094;20;
BRASINDICE;1100;medicamento;0000038891;05;382-00354-CZFM;BOEHRINGER INGELHEIM;BEROTEC;2 mg/ml sol. aer. dosif. tb. 10 ml + bocal;BROMIDRATO DE FENOTEROL;7896026302784;1036700060274;90032691;504500606174313;N;N;1;25.71;35.44;25.71;35.44;;BRAS_PF_PMC;ed. 1094;20;
BRASINDICE;1100;medicamento;0000074503;05;100-24249-ACPT;GEOLAB;BESILAPIN;5 mg. cx. 30 cprs.;BESILATO DE ANLODIPINO;7899095258013;1542302430027;90358783;510412100077803;N;N;30;13.81;19.04;0.46;0.63;;BRAS_PF_PMC;ed. 1094;20;
BRASINDICE;1100;medicamento;0000074504;05;100-24249-ABJZ;GEOLAB;BESILAPIN;10 mg. cx. 30 cprs.;BESILATO DE ANLODIPINO;7899095258051;1542302430061;90358724;510412100077903;N;N;30;23.17;31.94;0.77;1.06;;BRAS_PF_PMC;ed. 1094;20;
BRASINDICE;1100;medicamento;0000081431;05;100-25644-FGVX;GEOLAB;BESILAPIN (Restrito Hosp.);10 mg cx. bl. al. plas. opc x 500 cprs. (hosp.);BESILATO DE ANLODIPINO;7899095258075;1542302430086;90358759;510401305111414;N;S;500;1422.6;0;2.85;0;;BRAS_PF_PMC;ed. 1094;20;
BRASINDICE;1100;medicamento;0000081432;05;100-25644-FGVY;GEOLAB;BESILAPIN (Restrito Hosp.);5 mg cx. bl. al. plas. opc x 500 cprs.. (hosp.);BESILATO DE ANLODIPINO;7899095258037;1542302430043;90358821;510401306118412;N;S;500;723.24;0;1.45;0;;BRAS_PF_PMC;ed. 1094;20;
BRASINDICE;1100;medicamento;0000005618;05;062-07228-AVFN;EMS;BESILATO DE ANLODIPINO - GENERICO;10 mg cx. 30 cprs.;BESILATO DE ANLODIPINO;7896004703312;1023505360084;90419065;541818030084906;S;N;30;48.04;66.41;1.6;2.21;;BRAS_PF_PMC;ed. 1079;20;
BRASINDICE;1100;medicamento;0000005619;05;062-07228-AXXW;EMS;BESILATO DE ANLODIPINO - GENERICO;5 mg cx. 30 cprs.;BESILATO DE ANLODIPINO;7896004703305;1023505360068;90430921;507730504114118;S;N;30;24.49;33.86;0.82;1.13;;BRAS_PF_PMC;ed. 1079;20;
BRASINDICE;1100;medicamento;0000005623;05;089-07228-ACLF;MERCK;BESILATO DE ANLODIPINO - GENERICO;5 mg. 30 cprs.;BESILATO DE ANLODIPINO;7891721277436;1008902730089;90159527;525401003113114;S;N;30;34.75;47.9;1.16;1.6;;BRAS_PF_PMC;ed. 1100;20;
BRASINDICE;1100;medicamento;0000005624;05;089-07228-BAMF;MERCK;BESILATO DE ANLODIPINO - GENERICO;10 mg. 3 bl. x 10 cprs.;BESILATO DE ANLODIPINO;7891721277450;1008902730070;90159500;525401001110118;S;N;30;55.49;76.49;1.85;2.55;;BRAS_PF_PMC;ed. 1100;20;
BRASINDICE;1100;medicamento;0000005630;05;1048-07228-BAME;SANOFI MEDLEY;BESILATO DE ANLODIPINO - GENERICO;5 mg. 3 bl. x 10 cprs.;BESILATO DE ANLODIPINO;7896422505789;1832600480024;90351959;525001204111113;S;N;30;19.18;26.44;0.64;0.88;;BRAS_PF_PMC;ed. 1099;20;
BRASINDICE;1100;medicamento;0000005632;05;1048-07228-BAMF;SANOFI MEDLEY;BESILATO DE ANLODIPINO - GENERICO;10 mg. 3 bl. x 10 cprs.;BESILATO DE ANLODIPINO;7896422505802;1832600480059;90351932;525001202119117;S;N;30;66.61;91.81;2.22;3.06;;BRAS_PF_PMC;ed. 1099;20;
BRASINDICE;1100;medicamento;0000005641;05;473-07228-ABJZ;NEO QUIMICA;BESILATO DE ANLODIPINO - GENERICO;10 mg. cx. 30 cprs.;BESILATO DE ANLODIPINO;7896714211312;1558401940038;90375173;504617070063917;S;N;30;23.36;32.2;0.78;1.07;;BRAS_PF_PMC;ed. 1091;20;
BRASINDICE;1100;medicamento;0000005642;05;473-07228-ACPT;NEO QUIMICA;BESILATO DE ANLODIPINO - GENERICO;5 mg. cx. 30 cprs.;BESILATO DE ANLODIPINO;7896714211305;1558401940011;90375181;504617070064017;S;N;30;35.49;48.92;1.18;1.63;;BRAS_PF_PMC;ed. 1091;20;
BRASINDICE;1100;medicamento;0000026113;05;702-07228-BHKB;SANDOZ;BESILATO DE ANLODIPINO - GENERICO;5 mg. bl. 30 cprs.;BESILATO DE ANLODIPINO;7897595631770;1004705570027;90338006;511512002115119;S;N;30;27.62;38.07;0.92;1.27;;BRAS_PF_PMC;ed. 1096;20;
BRASINDICE;1100;medicamento;0000026115;05;702-07228-BCKF;SANDOZ;BESILATO DE ANLODIPINO - GENERICO;10 mg. bl. 30 cprs.;BESILATO DE ANLODIPINO;7897595631817;1004705570061;90338014;511512004118115;S;N;30;55.69;76.76;1.86;2.56;;BRAS_PF_PMC;ed. 1096;20;
BRASINDICE;1100;medicamento;0000031749;05;517-07228-CSJL;PRATI DONADUZZI;BESILATO DE ANLODIPINO - GENERICO;5 mg. com. ct. bl. al/al. x 30;BESILATO DE ANLODIPINO;7899547504835;1256801970028;90178670;528529006113118;S;N;30;12.83;17.68;0.43;0.59;;BRAS_PF_PMC;ed. 1098;20;
BRASINDICE;1100;medicamento;0000041915;05;517-07228-DDCX;PRATI DONADUZZI;BESILATO DE ANLODIPINO - GENERICO;10 mg. com. ct. bl. al/al x 30;BESILATO DE ANLODIPINO;7899547504842;1256801970060;90178637;528529003114113;S;N;30;21.04;29;0.7;0.97;;BRAS_PF_PMC;ed. 1098;20;
BRASINDICE;1100;medicamento;0000071283;05;583-07228-BAME;NOVA QUIMICA;BESILATO DE ANLODIPINO - GENERICO;5 mg. 3 bl. x 10 cprs.;BESILATO DE ANLODIPINO;7895296415019;1181903390025;90565258;525317070048106;S;N;30;25.16;34.68;0.84;1.16;;BRAS_PF_PMC;ed. 1092;20;
BRASINDICE;1100;medicamento;0000071284;05;583-07228-BAMF;NOVA QUIMICA;BESILATO DE ANLODIPINO - GENERICO;10 mg. 3 bl. x 10 cprs.;BESILATO DE ANLODIPINO;7895296415026;1181903390068;90383435;525317070048206;S;N;30;49.81;68.66;1.66;2.29;;BRAS_PF_PMC;ed. 1092;20;
BRASINDICE;1100;medicamento;0000071750;05;100-07228-ACPT;GEOLAB;BESILATO DE ANLODIPINO - GENERICO;5 mg. cx. 30 cprs.;BESILATO DE ANLODIPINO;7899095238527;1542302070020;90288793;510414010101906;S;N;30;15.13;20.86;0.5;0.7;;BRAS_PF_PMC;ed. 1094;20;
BRASINDICE;1100;medicamento;0000071751;05;100-07228-ABJZ;GEOLAB;BESILATO DE ANLODIPINO - GENERICO;10 mg. cx. 30 cprs.;BESILATO DE ANLODIPINO;7899095238473;1542302070063;90288831;510414010102306;S;N;30;30.28;41.74;1.01;1.39;;BRAS_PF_PMC;ed. 1094;20;
BRASINDICE;1100;medicamento;0000074831;05;352-07228-EWAN;NOVARTIS;BESILATO DE ANLODIPINO - GENERICO;5 mg. ct. bl. al. plas. opc. x 30 cprs.;BESILATO DE ANLODIPINO;7897595636010;1006811510020;90409639;526518050092806;S;N;30;11.28;15.55;0.38;0.52;;BRAS_PF_PMC;ed. 1095;20;
BRASINDICE;1100;medicamento;0000074832;05;352-07228-EWAP;NOVARTIS;BESILATO DE ANLODIPINO - GENERICO;10 mg. ct. bl. al. plas. opc. x 30 cprs.;BESILATO DE ANLODIPINO;7897595636096;1006811510063;90409647;526518050092906;S;N;30;23.18;31.95;0.77;1.06;;BRAS_PF_PMC;ed. 1095;20;
BRASINDICE;1100;medicamento;0000075121;05;702-07228-EWAO;SANDOZ;BESILATO DE ANLODIPINO - GENERICO;5 mg. ct. bl. al. plas. opc. x 60 cprs.;BESILATO DE ANLODIPINO;7897595635112;1004705570191;90403070;511518070067606;S;N;60;20.74;28.59;0.35;0.48;;BRAS_PF_PMC;ed. 1096;20;
BRASINDICE;1100;medicamento;0000075122;05;702-07228-EWAM;SANDOZ;BESILATO DE ANLODIPINO - GENERICO;10 mg. ct. bl. al. plas. opc. x 60 cprs.;BESILATO DE ANLODIPINO;7897595635136;1004705570205;90403088;511518070067706;S;N;60;36.74;50.64;0.61;0.84;;BRAS_PF_PMC;ed. 1096;20;
BRASINDICE;1100;medicamento;0000075605;05;517-07228-EYVM;PRATI DONADUZZI;BESILATO DE ANLODIPINO - GENERICO;5 mg. com. ct. bl. al./al. x 60;BESILATO DE ANLODIPINO;7899547531220;1256801970176;90411102;528518100139906;S;N;60;24.44;33.69;0.41;0.56;;BRAS_PF_PMC;ed. 1098;20;
BRASINDICE;1100;medicamento;0000079015;05;048-07228-CXNG;ACHE;BESILATO DE ANLODIPINO - GENERICO;5 mg. bl. 60 cprs.;BESILATO DE ANLODIPINO;7896181906209;1057305970061;90461630;552920040122617;S;N;60;21.58;29.75;0.36;0.5;;BRAS_PF_PMC;ed. 1091;20;
BRASINDICE;1100;medicamento;0000079016;05;048-07228-FDME;ACHE;BESILATO DE ANLODIPINO - GENERICO;5 mg. ct. 30 cprs.;BESILATO DE ANLODIPINO;7896181900658;1057305970010;90461606;552920040122317;S;N;30;11.98;16.51;0.4;0.55;;BRAS_PF_PMC;ed. 1091;20;
BRASINDICE;1100;medicamento;0000087864;05;473-07228-FOFF;NEO QUIMICA;BESILATO DE ANLODIPINO - GENERICO;10mg cx. 30 cprs.;BESILATO DE ANLODIPINO;7896714293172;1558401940038;90375173;504617070063917;S;N;30;23.36;32.2;0.78;1.07;;BRAS_PF_PMC;ed. 1091;20;
BRASINDICE;1100;medicamento;0000088735;05;332-07228-FPNJ;BIOCHIMICO;BESILATO DE ANLODIPINO - GENERICO;10 mg ct. bl. al. plas. amb. x 30 cprs.;BESILATO DE ANLODIPINO;7897406120363;1006302610051;90561554;513423050030406;S;N;30;24.4;33.63;0.81;1.12;;BRAS_PF_PMC;ed. 1094;20;
BRASINDICE;1100;medicamento;0000088736;05;332-07228-FPNK;BIOCHIMICO;BESILATO DE ANLODIPINO - GENERICO;5 mg ct. bl. al. plas. amb. x 30 cprs.;BESILATO DE ANLODIPINO;7897406120370;1006302610027;90561546;513423050030306;S;N;30;20.06;27.65;0.67;0.92;;BRAS_PF_PMC;ed. 1094;20;
BRASINDICE;1100;medicamento;0000090550;05;517-07228-FRTO;PRATI DONADUZZI;BESILATO DE ANLODIPINO - GENERICO;10 mg ct. bl. al. plas. pvc opc x 30 cprs.;BESILATO DE ANLODIPINO;7899547544725;1256801970281;90575164;528524030192406;S;N;30;21.04;29;0.7;0.97;;BRAS_PF_PMC;ed. 1098;20;
BRASINDICE;1100;medicamento;0000090552;05;517-07228-FRTQ;PRATI DONADUZZI;BESILATO DE ANLODIPINO - GENERICO;5 mg ct. bl. al. plas. pvc opc x 30 cprs.;BESILATO DE ANLODIPINO;7899547544541;1256801970192;90575130;528524030191606;S;N;30;12.83;17.68;0.43;0.59;;BRAS_PF_PMC;ed. 1098;20;
BRASINDICE;1100;medicamento;0000090553;05;517-07228-FRTR;PRATI DONADUZZI;BESILATO DE ANLODIPINO - GENERICO;5 mg ct. bl. al. plas. pvc opc x 60 cprs.;BESILATO DE ANLODIPINO;7899547544558;1256801970206;90575148;528524030191706;S;N;60;24.44;33.69;0.41;0.56;;BRAS_PF_PMC;ed. 1098;20;
BRASINDICE;1100;medicamento;0000095895;05;170-07228-ELYR;TEUTO BRAS.;BESILATO DE ANLODIPINO - GENERICO;5 mg bl. al. plas. opc. x 30 cprs.;;7896112121435;;;;S;;30;34.84;48.02;1.16;1.6;;BRAS_PF_PMC;ed. 1100;20;
BRASINDICE;1100;medicamento;0000090551;05;517-18286-FRTP;PRATI DONADUZZI;BESILATO DE ANLODIPINO - GENERICO (Restrito Hosp.);10 mg ct. bl. al. plas. pvc opc x 800 cprs.;BESILATO DE ANLODIPINO;7899547544749;1256801970303;90575172;528524030192506;S;S;800;2312.34;0;2.89;0;;BRAS_PF_PMC;ed. 1098;20;
BRASINDICE;1100;medicamento;0000090554;05;517-18286-FRTS;PRATI DONADUZZI;BESILATO DE ANLODIPINO - GENERICO (Restrito Hosp.);5 mg ct. bl. al. plas. pvc opc x 800 cprs.;BESILATO DE ANLODIPINO;7899547544619;1256801970265;90575156;528524030191806;S;S;800;1174.37;0;1.47;0;;BRAS_PF_PMC;ed. 1098;20;
BRASINDICE;1100;medicamento;0000090717;05;473-18286-FRYZ;NEO QUIMICA;BESILATO DE ANLODIPINO - GENERICO (Restrito Hosp.);5 mg ct. 2 bl. x 15 cprs.;BESILATO DE ANLODIPINO;7896714295657;1558401940011;90375181;504617070064017;S;S;30;35.49;0;1.18;0;;BRAS_PF_PMC;ed. 1091;20;
BRASINDICE;1100;medicamento;0000083465;05;479-13703-FJHP;FRESENIUS KABI;BESILATO DE ATRACURIO - GENERICO (Restrito Hosp.);10 mg/ml sol. inj./dil. infus. IV cx. 25 amps. vd. amb. x 2,5 ml;BESILATO DE ATRACÚRIO;7899498609016;1004102240017;90512243;509521070035806;S;S;25;487.6;0;19.5;0;;BRAS_PF_PMC;ed. 1096;20;
BRASINDICE;1100;medicamento;0000083466;05;479-13703-FJHQ;FRESENIUS KABI;BESILATO DE ATRACURIO - GENERICO (Restrito Hosp.);10 mg/ml sol. inj./dil. infus. IV cx. 25 amps. vd. amb. x 5 ml;BESILATO DE ATRACÚRIO;7899498609009;1004102240025;90512251;509521070035906;S;S;25;975.22;0;39.01;0;;BRAS_PF_PMC;ed. 1096;20;
BRASINDICE;1100;medicamento;0000076247;05;748-24713-EZRT;ACCORD;BESILATO DE CISATRACURIO - GENERICO (Restrito Hosp.);2 mg/ml sol. inj. ct. FA vd. trans. x 2,5 ml;BESILATO DE CISATRACÚRIO;7898947385457;1553700620018;90415264;538018120026606;S;S;1;15.04;0;15.04;0;;BRAS_PF_PMC;ed. 1092;20;
BRASINDICE;1100;medicamento;0000076248;05;748-24713-EZRU;ACCORD;BESILATO DE CISATRACURIO - GENERICO (Restrito Hosp.);2 mg/ml sol. inj. ct. FA vd. trans. x 5 ml;BESILATO DE CISATRACÚRIO;7898947385464;1553700620026;90415272;538018120026706;S;S;1;30.5;0;30.5;0;;BRAS_PF_PMC;ed. 1092;20;
BRASINDICE;1100;medicamento;0000076249;05;748-24713-EZRV;ACCORD;BESILATO DE CISATRACURIO - GENERICO (Restrito Hosp.);2 mg/ml sol. inj. ct. FA vd. trans. x 10 ml;BESILATO DE CISATRACÚRIO;7898947385471;1553700620034;90415280;538018120026806;S;S;1;59.34;0;59.34;0;;BRAS_PF_PMC;ed. 1092;20;
BRASINDICE;1100;medicamento;0000076250;05;748-24713-EZRW;ACCORD;BESILATO DE CISATRACURIO - GENERICO (Restrito Hosp.);2 mg/ml sol. inj. ct. FA vd. trans. x 25 ml;BESILATO DE CISATRACÚRIO;7898947385488;1553700620042;90415299;538018120026906;S;S;1;150.44;0;150.44;0;;BRAS_PF_PMC;ed. 1092;20;
BRASINDICE;1100;medicamento;0000087207;05;1079-24713-FNJV;VOLPHARMA;BESILATO DE CISATRACURIO - GENERICO (Restrito Hosp.);2 mg/ml sol. inj. ct. 5 FA vd. trans. x 5 ml;BESILATO DE CISATRACÚRIO;7898958337063;1935700020026;90423763;571618080000306;S;S;5;140.24;0;28.05;0;;BRAS_PF_PMC;ed. 1092;20;
BRASINDICE;1100;medicamento;0000092228;05;479-24713-FTWC;FRESENIUS KABI;BESILATO DE CISATRACURIO - GENERICO (Restrito Hosp.);2 mg/ml sol. inj. iv cx. 5 amps. vd. amb. x 5 ml;BESILATO DE CISATRACÚRIO;7899498609474;1004102290014;90602048;509525020040606;S;S;5;144.89;0;28.98;0;;BRAS_PF_PMC;ed. 1096;20;
BRASINDICE;1100;medicamento;0000095001;05;591-28739-FIZJ;GERMED;BESILATO DE LEVANLODIPINO - GENERICO;2,5 mg 30 cprs.;BESILATO DE LEVANLODIPINO;7896004823225;1058309170025;90621603;526126020187706;S;N;30;38.66;51.86;1.29;1.73;;BRAS_PF_PMC;ed. 1092;20;
BRASINDICE;1100;medicamento;0000095003;05;591-28739-BKWB;GERMED;BESILATO DE LEVANLODIPINO - GENERICO;5 mg 30 cprs.;BESILATO DE LEVANLODIPINO;7896004823232;1058309170084;90625145;526126030187806;S;N;30;75.09;100.73;2.5;3.36;;BRAS_PF_PMC;ed. 1092;20;
BRASINDICE;1100;medicamento;0000095007;05;062-28739-FIZJ;EMS;BESILATO DE LEVANLODIPINO - GENERICO;2,5 mg 30 cprs.;BESILATO DE LEVANLODIPINO;7896004796314;1023512320025;90625129;541826030214706;S;N;30;38.66;51.86;1.29;1.73;;BRAS_PF_PMC;ed. 1098;20;
BRASINDICE;1100;medicamento;0000095008;05;062-28739-BKWB;EMS;BESILATO DE LEVANLODIPINO - GENERICO;5 mg 30 cprs.;BESILATO DE LEVANLODIPINO;7896004796307;1023512320084;90625137;541826030214806;S;N;30;73.29;98.32;2.44;3.28;;BRAS_PF_PMC;ed. 1089;20;
BRASINDICE;1100;medicamento;0000087855;05;473-27092-FBJP;NEO QUIMICA;BESILATO DE LEVANLODIPINO HEMIPENTAIDRATADO - GENERICO;2,5 mg bl. x 30 cprs.;BESILATO DE LEVANLODIPINO HEMIPENTAIDRATADO;7896714292212;1558406490030;90565274;504623070092606;S;N;30;38.66;51.86;1.29;1.73;;BRAS_PF_PMC;ed. 1091;20;
BRASINDICE;1100;medicamento;0000087856;05;473-27092-ESTS;NEO QUIMICA;BESILATO DE LEVANLODIPINO HEMIPENTAIDRATADO - GENERICO;2,5 mg bl. x 60 cprs.;BESILATO DE LEVANLODIPINO HEMIPENTAIDRATADO;7896714292229;1558406490049;90565282;504623070092706;S;N;60;74.58;100.05;1.24;1.67;;BRAS_PF_PMC;ed. 1091;20;
BRASINDICE;1100;medicamento;0000087857;05;473-27092-FBGJ;NEO QUIMICA;BESILATO DE LEVANLODIPINO HEMIPENTAIDRATADO - GENERICO;5 mg bl. x 30 cprs.;BESILATO DE LEVANLODIPINO HEMIPENTAIDRATADO;7896714292236;1558406490073;90565290;504623070092806;S;N;30;75.1;100.74;2.5;3.36;;BRAS_PF_PMC;ed. 1091;20;
BRASINDICE;1100;medicamento;0000086369;05;1075-24959-FCEM;PFIZER BRASIL;BESPONSA;1 mg. po liof. sol. inj. ct FA vd. amb.;INOTUZUMABE OZOGAMICINA;7891045032285;1211004470013;90436059;522719060082602;N;N;1;78808.01;105718.14;78808.01;105718.14;;BRAS_PF_PMC;ed. 1094;20;
BRASINDICE;1100;medicamento;0000093902;05;1038-28544-FWEG;PINT PHARMA;BESREMI;250 mcg/0,5 ml sol. inj. SC ct. 1 ser. preenc. vd. trans. x 0,5 ml + 1 agu.;ALFARROPEGINTERFERONA 2B;7898973329005;1390000060011;90607767;576125060000702;N;N;1;17141.39;22994.56;17141.39;22994.56;;BRAS_PF_PMC;ed. 1078;20;
BRASINDICE;1100;medicamento;0000093903;05;1038-28544-FWEH;PINT PHARMA;BESREMI;500 mcg/ml sol. inj. SC ct. 1 ser. preenc. vd. trans. x 1,0 ml + 1 agu.;ALFARROPEGINTERFERONA 2B;7898994740995;1390000060021;90607775;576125060000802;N;N;1;26272.77;35243.99;26272.77;35243.99;;BRAS_PF_PMC;ed. 1078;20;
BRASINDICE;1094;medicamento;0000083330;05;1025-26140-FJCT;BIOLAB GENERICOS;BETA GLUCANA DE LEVEDURA;30 caps.;;7896112403227;;;;N;;30;36.51;0;1.22;0;;BRAS_PF_PMC;ed. 1091;20;
BRASINDICE;1100;medicamento;0000060605;05;001-21140-CZLA;UNIAO QUIMICA;BETA LONG;3 mg. + 3 mg/ml susp. inj. 25 amps. vd. x 1 ml;"FOSFATO DISSÓDICO DE BETAMETASONA;ACETATO DE BETAMETASONA";7896006221609;1049711730022;90206789;533001002153412;N;N;25;531.28;717.74;21.25;28.71;;BRAS_PF_PMC;ed. 1098;20;
BRASINDICE;1100;medicamento;0000071187;05;348-23713-ETYA;CRISTALIA;BETACRIS (Restrito Hosp.);1 mg/ml sol. inj. IV ct. 10 est. x amp. vd. trans. x 5 ml;TARTARATO DE METOPROLOL;7896676431926;1029804480021;90376170;506717050068704;N;S;10;408.85;0;40.89;0;;BRAS_PF_PMC;ed. 1094;20;
BRASINDICE;1100;medicamento;0000046949;05;048-20215-APQL;ACHE;BETADINE;16 mg. 30 cprs.;CLORIDRATO DE BETAISTINA;7896658016554;1057304100055;90216296;500512030040604;N;N;30;24.22;32.49;0.81;1.08;;BRAS_PF_PMC;ed. 1091;20;
BRASINDICE;1100;medicamento;0000046951;05;048-20215-BYVC;ACHE;BETADINE;24 mg. 30 cprs.;CLORIDRATO DE BETAISTINA;7896658016585;1057304100081;90216288;500512030040504;N;N;30;32.54;43.65;1.08;1.45;;BRAS_PF_PMC;ed. 1091;20;
BRASINDICE;1100;medicamento;0000046952;05;048-20215-DLKL;ACHE;BETADINE;24 mg. 60 cprs.;CLORIDRATO DE BETAISTINA;7896658016592;1057304100098;90216300;500512030040704;N;N;60;64.77;86.89;1.08;1.45;;BRAS_PF_PMC;ed. 1091;20;
BRASINDICE;1100;medicamento;0000081350;05;048-25610-FGSS;ACHE;BETADINE XR;32 mg bl. x 30 cprs. rev.;DICLORIDRATO DE BETAISTINA;7896658030345;1057307300020;90470532;552920060125707;N;N;30;49.2;66;1.64;2.2;;BRAS_PF_PMC;ed. 1091;20;
BRASINDICE;1100;medicamento;0000081351;05;048-25610-FGST;ACHE;BETADINE XR;48 mg bl. x 30 cprs. rev.;DICLORIDRATO DE BETAISTINA;7896658030369;1057307300063;90470540;552920060125807;N;N;30;65.7;88.13;2.19;2.94;;BRAS_PF_PMC;ed. 1091;20;
BRASINDICE;1100;medicamento;0000043315;05;029-04296-CBMP;BAYER;BETAFERON;9,6 MUI 15 frs. po liof. + 15 ser. vd. dil. inj.;BETAINTERFERONA 1B;7891106903974;1705600530036;90246616;538912040011712;N;N;15;8486.4;11697.62;565.76;779.84;;BRAS_PF_PMC;ed. 1099;20;
BRASINDICE;1100;medicamento;0000077264;05;048-24863-FBDR;ACHE;BETAISTINA - GENERICO;16 mg bl. x 30 cprs.;DICLORIDRATO DE BETAISTINA;7896181921325;1057305590021;90438825;552919060078317;S;N;30;24;32.2;0.8;1.07;;BRAS_PF_PMC;ed. 1091;20;
BRASINDICE;1100;medicamento;0000077265;05;048-24863-FBDS;ACHE;BETAISTINA - GENERICO;24 mg bl. x 30 cprs.;DICLORIDRATO DE BETAISTINA;7896181921363;1057305590064;90438833;552919060078417;S;N;30;32.25;43.26;1.08;1.44;;BRAS_PF_PMC;ed. 1091;20;
BRASINDICE;1100;medicamento;0000077266;05;048-24863-FBDT;ACHE;BETAISTINA - GENERICO;8 mg bl. x 30 cprs.;DICLORIDRATO DE BETAISTINA;7896181921288;1057305570020;90438817;552919060078217;S;N;30;19.31;25.9;0.64;0.86;;BRAS_PF_PMC;ed. 1091;20;
BRASINDICE;1100;medicamento;0000077267;05;048-12908-FBDU;ACHE;BETALOR;5/25 mg bl. x 30 caps.;"ATENOLOL;BESILATO DE ANLODIPINO";7896181909071;1057305750029;90439708;552919120092317;N;N;30;61.14;84.28;2.04;2.81;;BRAS_PF_PMC;ed. 1091;20;
BRASINDICE;1100;medicamento;0000077268;05;048-12908-FBDV;ACHE;BETALOR;5/50 mg bl. x 30 caps.;"ATENOLOL;BESILATO DE ANLODIPINO";7896181909101;1057305750045;90439716;552919120092417;N;N;30;65.9;90.84;2.2;3.03;;BRAS_PF_PMC;ed. 1091;20;
BRASINDICE;1100;medicamento;0000091546;05;048-12908-FSZQ;ACHE;BETALOR;5/25 mg. bl. x 7 caps.;"ATENOLOL;BESILATO DE ANLODIPINO";7896658047398;1057305750053;90439724;552919120092517;N;N;7;14.32;19.74;2.05;2.82;;BRAS_PF_PMC;ed. 1091;20;
BRASINDICE;1100;medicamento;0000091547;05;048-12908-FSZR;ACHE;BETALOR;5/50 mg. bl. x 7 caps.;"ATENOLOL;BESILATO DE ANLODIPINO";7896658047381;1057305750061;90439732;552919120092617;N;N;7;15.43;21.27;2.2;3.04;;BRAS_PF_PMC;ed. 1091;20;
BRASINDICE;1100;medicamento;0000010762;05;062-10546-BMEM;EMS;BETAMETASONA - GENERICO;Elixir 0,5 ml/5 ml fr. 120 ml;BETAMETASONA;7896004704616;1023505700012;90052811;507726503133110;S;N;1;20.12;27.81;20.12;27.81;;BRAS_PF_PMC;ed. 1079;20;
BRASINDICE;1100;medicamento;0000024962;05;517-10546-BYUU;PRATI DONADUZZI;BETAMETASONA - GENERICO;0,1 mg/ml. elx. ct. fr. vd. amb. x 120 ml. + cp.med.;BETAMETASONA;7898148296101;1256800600065;90178718;528500506134116;S;N;1;19.43;26.78;19.43;26.78;;BRAS_PF_PMC;ed. 1098;20;
BRASINDICE;1100;medicamento;0000072154;05;001-07655-EVCO;UNIAO QUIMICA;BETAPROSPAN;(5 + 2) mg/ml. susp. inj. ct. amp. vd. inc. x 1 ml. + ser. + ag.;"FOSFATO DISSÓDICO DE BETAMETASONA;DIPROPIONATO DE BETAMETASONA";7896006248927;1049701880021;90387236;533017100066103;N;N;1;22.31;30.75;22.31;30.75;;BRAS_PF_PMC;ed. 1096;20;
BRASINDICE;1100;medicamento;0000083344;05;001-07655-FJDG;UNIAO QUIMICA;BETAPROSPAN;5 mg/ml + 2 mg/ml sus. inj. ct. 6 amps. vd. trans. x 1 ml + 6 ser. + 6 agu.;"FOSFATO DISSÓDICO DE BETAMETASONA;DIPROPIONATO DE BETAMETASONA";7896006216841;1049701880056;90513924;533021070074003;N;N;6;103.95;143.28;17.32;23.88;;BRAS_PF_PMC;ed. 1096;20;
BRASINDICE;1100;medicamento;0000095197;05;114-10169-FXHT;ABBOTT;BETASERC;24 mg ct. bl. al. plas. inc. x 30 cprs.;CLORIDRATO DE BETAISTINA;7896255766401;1055303430039;90296370;500214100032617;N;N;30;55.41;74.32;1.85;2.48;;BRAS_PF_PMC;ed. 1092;20;
BRASINDICE;1100;medicamento;0000095198;05;114-10169-FXHU;ABBOTT;BETASERC;24 mg ct. bl. al. plas. inc. x 60 cprs.;CLORIDRATO DE BETAISTINA;7896255766425;1055303430047;90296389;500214100032717;N;N;60;95.07;127.53;1.58;2.13;;BRAS_PF_PMC;ed. 1092;20;
BRASINDICE;1100;medicamento;0000095199;05;114-10169-FXHV;ABBOTT;BETASERC;16 mg ct. bl. al. plas. inc. x 30 cprs.;CLORIDRATO DE BETAISTINA;7896255766449;1055303430020;90296362;500214100032517;N;N;30;36.83;49.4;1.23;1.65;;BRAS_PF_PMC;ed. 1092;20;
BRASINDICE;1100;medicamento;0000073994;05;072-14953-EWWX;EUROFARMA;BETATRINTA;5 mg/ml + 2 mg/ml susp. inj. ct. amp. vd. trans. x 1 ml + ser. sist. seg.;"FOSFATO DISSÓDICO DE BETAMETASONA;DIPROPIONATO DE BETAMETASONA";7891317103323;1004309170042;90303334;508014040103904;N;N;1;23.78;32.78;23.78;32.78;;BRAS_PF_PMC;ed. 1094;20;
BRASINDICE;1100;medicamento;0000082649;05;072-14953-FIHH;EUROFARMA;BETATRINTA;5 mg/ml + 2 mg/ml susp. inj. ct. 06 amp. vd. trans. x 1 ml;"FOSFATO DISSÓDICO DE BETAMETASONA;DIPROPIONATO DE BETAMETASONA";7891317013660;1004309170050;90506731;508021030138403;N;N;6;122.24;168.5;20.37;28.08;;BRAS_PF_PMC;ed. 1094;20;
BRASINDICE;1100;medicamento;0000090304;05;072-14953-FRMJ;EUROFARMA;BETATRINTA;5 mg/ml + 2 mg/ml sus. inj. ct. 06 amp. vd. inc. x 1 ml;"FOSFATO DISSÓDICO DE BETAMETASONA;DIPROPIONATO DE BETAMETASONA";7891317022068;1004309170050;90506731;508021030138403;N;N;6;122.24;168.5;20.37;28.08;;BRAS_PF_PMC;ed. 1094;20;
BRASINDICE;1100;medicamento;0000090305;05;072-14953-FMID;EUROFARMA;BETATRINTA;5 mg/ml + 2 mg/ml sus. inj. ct. amp. vd. inc. x 1 ml + ser. sist. seg.;"FOSFATO DISSÓDICO DE BETAMETASONA;DIPROPIONATO DE BETAMETASONA";7891317022013;1004309170042;90303334;508014040103904;N;N;1;23.78;32.78;23.78;32.78;;BRAS_PF_PMC;ed. 1094;20;
BRASINDICE;1100;medicamento;0000045361;05;072-19951-AMOF;EUROFARMA;BETES;2 mg. bl. 30 cprs.;GLIMEPIRIDA;7891317436339;1004309650117;90066677;508029103115412;N;N;30;36.64;50.5;1.22;1.68;;BRAS_PF_PMC;ed. 1094;20;
BRASINDICE;1100;medicamento;0000045362;05;072-19951-CKSA;EUROFARMA;BETES;4 mg. bl. 30 cprs.;GLIMEPIRIDA;7891317436322;1004309650028;90066685;508029102119414;N;N;30;70.9;97.73;2.36;3.26;;BRAS_PF_PMC;ed. 1094;20;
BRASINDICE;1100;medicamento;0000055278;05;072-21501-DVSZ;EUROFARMA;BETINA;16 mg. bl. 30 cprs. rev.;CLORIDRATO DE BETAISTINA;7891317478919;1004310880090;90288882;508013110100004;N;N;30;22.3;29.91;0.74;1;;BRAS_PF_PMC;ed. 1091;20;
BRASINDICE;1100;medicamento;0000055280;05;072-21501-DVTB;EUROFARMA;BETINA;24 mg. bl. 30 cprs. rev.;CLORIDRATO DE BETAISTINA;7891317478964;1004310880155;90288912;508013110100304;N;N;30;29.87;40.07;1;1.34;;BRAS_PF_PMC;ed. 1091;20;
BRASINDICE;1100;medicamento;0000000329;05;562-00366-ABCO;GLAXOSMITHKLINE;BETNOVATE;Capilar fr. 50 g.;VALERATO DE BETAMETASONA;7896269900280;1010702330011;90088395;510601608177317;N;N;1;71.95;96.52;71.95;96.52;;BRAS_PF_PMC;ed. 1094;20;
BRASINDICE;1100;medicamento;0000000330;05;562-00366-ABCP;GLAXOSMITHKLINE;BETNOVATE;Pom. bisn. 30 g.;VALERATO DE BETAMETASONA;7896269900372;1010702330021;90088468;510601605161312;N;N;1;44.42;59.59;44.42;59.59;;BRAS_PF_PMC;ed. 1094;20;
BRASINDICE;1100;medicamento;0000000332;05;562-00366-ABCR;GLAXOSMITHKLINE;BETNOVATE;Creme bisn. 30 g.;VALERATO DE BETAMETASONA;7896269900303;1010702330046;90088417;510601602160315;N;N;1;42.3;56.74;42.3;56.74;;BRAS_PF_PMC;ed. 1094;20;
BRASINDICE;1100;medicamento;0000000334;05;562-00366-ABCT;GLAXOSMITHKLINE;BETNOVATE;N-pom. bisn. 30 g.;VALERATO DE BETAMETASONA;7896269900358;1010702160019;90088441;510601610163311;N;N;1;37.78;50.68;37.78;50.68;;BRAS_PF_PMC;ed. 1094;20;
BRASINDICE;1100;medicamento;0000000335;05;562-00366-ABCU;GLAXOSMITHKLINE;BETNOVATE;N-creme bisn. 30 g.;VALERATO DE BETAMETASONA;7896269900334;1010702160043;90309251;510601609165312;N;N;1;36.24;48.61;36.24;48.61;;BRAS_PF_PMC;ed. 1094;20;
BRASINDICE;1100;medicamento;0000074505;05;100-24250-EXNN;GEOLAB;BETOGENTA;Pom. 0,5 mg/g. + 1,0 mg/g. bisn. al. 30 g.;"SULFATO DE GENTAMICINA;DIPROPIONATO DE BETAMETASONA";7899095204430;1542301590055;90078926;510414604163418;N;N;1;24.99;33.52;24.99;33.52;;BRAS_PF_PMC;ed. 1094;20;
BRASINDICE;1100;medicamento;0000074506;05;100-24250-EXNO;GEOLAB;BETOGENTA;Creme 0,5 mg/g. + 1,0 mg/g. bisn. al. 30 g.;"SULFATO DE GENTAMICINA;DIPROPIONATO DE BETAMETASONA";7899095204454;1542301590012;90078900;510414601164413;N;N;1;24.99;33.52;24.99;33.52;;BRAS_PF_PMC;ed. 1094;20;
BRASINDICE;1100;medicamento;0000085152;05;352-27743-FRWY;NOVARTIS;BETOPTIC S;2,5 mg/ml sus. oft. ct. fr. got. plas. opc. x 5 ml;CLORIDRATO DE BETAXOLOL;7896548199961;1006811110030;90385098;526517090091403;N;N;1;42.75;58.93;42.75;58.93;;BRAS_PF_PMC;ed. 1095;20;
BRASINDICE;1100;medicamento;0000084575;05;703-26382-FKPW;MYRALIS;BETRAT;6 bl. 15 cprs. rev.;"NITRATO DE TIAMINA;CLORIDRATO DE PIRIDOXINA;CIANOCOBALAMINA";7898430193071;1146200210033;90439279;575219080003013;N;N;90;166.99;230.86;1.86;2.57;;BRAS_PF_PMC;ed. 1068;20;
BRASINDICE;1100;medicamento;0000092688;05;703-26382-FUMA;MYRALIS;BETRAT;42 cprs. or.;"NITRATO DE TIAMINA;CLORIDRATO DE PIRIDOXINA;CIANOCOBALAMINA";7898430194597;1146200210084;90600576;575224120018003;N;N;42;86.47;119.18;2.06;2.84;;BRAS_PF_PMC;ed. 1091;20;
BRASINDICE;1100;medicamento;0000092689;05;703-26382-FUMB;MYRALIS;BETRAT;60 cprs. or.;"NITRATO DE TIAMINA;CLORIDRATO DE PIRIDOXINA;CIANOCOBALAMINA";7898430194603;1146200210092;90600584;575224120018103;N;N;60;124.38;171.45;2.07;2.86;;BRAS_PF_PMC;ed. 1091;20;
BRASINDICE;1100;medicamento;0000092690;05;703-26382-FUMC;MYRALIS;BETRAT;90 cprs. or.;"NITRATO DE TIAMINA;CLORIDRATO DE PIRIDOXINA;CIANOCOBALAMINA";7898430194610;1146200210106;90600592;575224120018203;N;N;90;166.99;230.18;1.86;2.56;;BRAS_PF_PMC;ed. 1091;20;
BRASINDICE;1100;medicamento;0000070468;05;703-23536-ETAQ;MYRALIS;BETRAT 42;5000 mcg + 100 mg. + 100 mg. bl. al. plas. bco + 42 cprs. rev.;"NITRATO DE TIAMINA;CLORIDRATO DE PIRIDOXINA;CIANOCOBALAMINA";7898430191992;1146200210017;90439252;575219080002813;N;N;42;86.47;119.54;2.06;2.85;;BRAS_PF_PMC;ed. 1068;20;
BRASINDICE;1100;medicamento;0000075198;05;703-24490-EYKE;MYRALIS;BETRAT 60;5000 mcg + 100 mg. + 100 mg. bl. al. plas. opc. x 60 cprs. rev.;"NITRATO DE TIAMINA;CLORIDRATO DE PIRIDOXINA;CIANOCOBALAMINA";7898430192449;1146200210025;90439260;575219080002913;N;N;60;124.38;171.95;2.07;2.87;;BRAS_PF_PMC;ed. 1068;20;
BRASINDICE;1100;medicamento;0000074507;05;100-24251-ABCR;GEOLAB;BETRICORT;Creme bisn. 30 g.;"SULFATO DE NEOMICINA;CETOCONAZOL;DIPROPIONATO DE BETAMETASONA";7899095203266;1542300880033;90078942;510409101167417;N;N;1;22.19;29.77;22.19;29.77;;BRAS_PF_PMC;ed. 1094;20;
BRASINDICE;1100;medicamento;0000074508;05;100-24251-ABCP;GEOLAB;BETRICORT;Pom. bisn. 30 g.;"SULFATO DE NEOMICINA;CETOCONAZOL;DIPROPIONATO DE BETAMETASONA";7899095203273;1542300880017;90078950;510409102163415;N;N;1;24.58;32.97;24.58;32.97;;BRAS_PF_PMC;ed. 1094;20;
BRASINDICE;1100;medicamento;0000091780;05;1108-27991-FQPH;BIONOVIS;BEVANOVIS (Restrito Hosp.) (CONVENIO 162/94);25 mg/ml sol. dil. infus. IV ct. FA vd. trans. x 16 ml;BEVACIZUMABE;7898996166151;1453100020021;90596668;556924110000307;N;S;1;7457.77;0;7457.77;0;;BRAS_PF_PMC;ed. 1091;20;
BRASINDICE;1100;medicamento;0000091781;05;1108-27991-FTGB;BIONOVIS;BEVANOVIS (Restrito Hosp.) (CONVENIO 162/94);25 mg/ml sol. dil. infus. IV ct. FA vd. trans. x 4 ml;BEVACIZUMABE;7898996166144;1453100020013;90596650;556924110000207;N;S;1;1882.65;0;1882.65;0;;BRAS_PF_PMC;ed. 1091;20;
BRASINDICE;1100;medicamento;0000092194;05;1043-28085-FTVI;BIOMM;BEVYX (Restrito Hosp.) (CONVENIO 162/94);25 mg/ml sol. dil. inf. IV ct. FA vd. trans. x 4 ml;BEVACIZUMABE;7898616360006;1334800040014;90602056;574525010002507;N;S;1;1905.84;0;1905.84;0;;BRAS_PF_PMC;ed. 1090;20;
BRASINDICE;1100;medicamento;0000092195;05;1043-28085-FTVJ;BIOMM;BEVYX (Restrito Hosp.) (CONVENIO 162/94);25 mg/ml sol. dil. inf. IV ct. FA vd. trans. x 16 ml;BEVACIZUMABE;7898616360594;1334800040022;90602064;574525010002407;N;S;1;7623.37;0;7623.37;0;;BRAS_PF_PMC;ed. 1090;20;
BRASINDICE;1100;medicamento;0000080151;05;500-25356-FFCT;SIGMA PHARMA;BEXAI;35 mg. 2 bl. x 2 caps. dura;DICLOFENACO;7894916514897;1023513040018;90456173;541820030123807;N;N;4;23.3;32.12;5.82;8.03;;BRAS_PF_PMC;ed. 1099;20;
BRASINDICE;1100;medicamento;0000080152;05;500-25356-FFCU;SIGMA PHARMA;BEXAI;35 mg. 2 bl. x 10 caps dura;DICLOFENACO;7894916514903;1023513040026;90456165;541820030123707;N;N;20;82.33;113.48;4.12;5.67;;BRAS_PF_PMC;ed. 1099;20;
BRASINDICE;1100;medicamento;0000085661;05;500-25356-FLWC;SIGMA PHARMA;BEXAI;35 mg 10 caps. dura;DICLOFENACO;7894916517461;1023513040042;90535251;541822040180603;N;N;10;48.43;66.76;4.84;6.68;;BRAS_PF_PMC;ed. 1099;20;
BRASINDICE;1100;medicamento;0000074509;05;100-24252-EXNP;GEOLAB;BEXETON ELIXIR;0,1 mg/ml. fr. x 120 ml.;DEXAMETASONA;7899095203075;1542301560016;90078977;510414301136414;N;N;1;15.02;20.7;15.02;20.7;;BRAS_PF_PMC;ed. 1094;20;
BRASINDICE;1100;medicamento;0000067151;05;562-23108-EODV;GLAXOSMITHKLINE;BEXSERO (VACINA ADSORVIDA MENINGOCOCICA B - RECOMBINANTE);Susp. inj. ser preench. vd. trans. x 0,5 ml;"PROTEÍNA DE FUSÃO FHBP RECOMBINANTE DE NEISSERIA MENINGITIDIS GRUPO B;PROTEÍNA DE FUSÃO NHBA RECOMBINANTE DE NEISSERIA MENINGITIDIS GRUPO B;PROTEÍNA NAD A RECOMBINANTE DE NEISSERIA MENINGITIDIS GRUPO B;VESÍCULAS DE MEMBRANA EXTERNA (OMV) DE NEISSERIA MENINGITIDIS GRUPO B, CEPA NZ98/254";7896015590864;1010703210028;90350391;510616090056017;N;N;1;556.17;746.08;556.17;746.08;;BRAS_PF_PMC;ed. 1094;20;
BRASINDICE;1100;medicamento;0000086370;05;1075-18045-CXKN;PFIZER BRASIL;BEXTRA IM/IV (Restrito Hosp.);40 mg. 10 FA;PARECOXIBE SÓDICO;7891268111972;1211004720036;90475577;522720060088017;N;S;10;718.07;0;71.81;0;;BRAS_PF_PMC;ed. 1094;20;
BRASINDICE;1100;medicamento;0000091240;05;1048-27877-FSQR;SANOFI MEDLEY;BEYFORTUS;100 mg/ml sol. inj. IM ct. ser. preenc. vd. trans. x 1,0 ml + 2 agu.;NIRSEVIMABE;7891058005689;1832605020048;90579321;576724020103702;N;N;1;2656.95;3564.2;2656.95;3564.2;;BRAS_PF_PMC;ed. 1099;20;
BRASINDICE;1100;medicamento;0000091241;05;1048-27877-FSQS;SANOFI MEDLEY;BEYFORTUS;100 mg/ml sol. inj. IM ct. ser. preenc. vd. trans. x 0,5 ml + 2 agu.;NIRSEVIMABE;7891058005696;1832605020021;90579305;576724020103502;N;N;1;2656.95;3564.2;2656.95;3564.2;;BRAS_PF_PMC;ed. 1099;20;
BRASINDICE;1100;medicamento;0000014837;05;062-12824-AFWG;EMS;BEZAFIBRATO - GENERICO;200 mg. 20 cprs.;BEZAFIBRATO;7896004710525;1023506550022;90052870;507726801118111;S;N;20;30.52;42.19;1.53;2.11;;BRAS_PF_PMC;ed. 1079;20;
BRASINDICE;1100;medicamento;0000014839;05;591-12824-BTRZ;GERMED;BEZAFIBRATO - GENERICO;200 mg. 2 bl. x 10 drags.;BEZAFIBRATO;7896004710518;1058308830021;90408535;526114301110111;S;N;20;30.08;41.46;1.5;2.07;;BRAS_PF_PMC;ed. 1092;20;
BRASINDICE;1100;medicamento;0000014840;05;632-12824-BZKZ;GEN - LEGRAND;BEZAFIBRATO - GENERICO;200 mg. 2 bl. x 10 cprs.;BEZAFIBRATO;7894916140508;1677305360029;90438183;538807701113115;S;N;20;27.4;37.88;1.37;1.89;;BRAS_PF_PMC;ed. 1079;20;
BRASINDICE;1100;medicamento;0000086343;05;674-12824-FMRL;GLENMARK;BEZAFIBRATO - GENERICO;400 mg ct. bl. al. plas. PVC/PVDC trans. x 30 cprs. rev. lib. prol.;BEZAFIBRATO;7897473207592;1101302890017;90493222;521920110020607;S;N;30;103.98;143.33;3.47;4.78;;BRAS_PF_PMC;ed. 1095;20;
BRASINDICE;1100;medicamento;0000080637;05;438-25448-BWDW;BIOLAB SANUS;BHENA;10 mg 30 cprs. rev.;CLORIDRATO DE BENAZEPRIL;7896112402497;1097402930027;90466900;504120070069407;N;N;30;65.44;90.2;2.18;3.01;;BRAS_PF_PMC;ed. 1091;20;
BRASINDICE;1100;medicamento;0000080638;05;438-25448-CVTK;BIOLAB SANUS;BHENA;5 mg 30 cprs. rev.;CLORIDRATO DE BENAZEPRIL;7896112402480;1097402930019;90466896;504120070069307;N;N;30;65.44;90.2;2.18;3.01;;BRAS_PF_PMC;ed. 1091;20;
BRASINDICE;1100;medicamento;0000087370;05;438-25448-FNPH;BIOLAB SANUS;BHENA;5 mg. x 90 cprs. rev.;CLORIDRATO DE BENAZEPRIL;7896112407119;1097402930043;90554094;504123030083803;N;N;90;165.93;228.71;1.84;2.54;;BRAS_PF_PMC;ed. 1091;20;
BRASINDICE;1100;medicamento;0000087371;05;438-25448-FNPI;BIOLAB SANUS;BHENA;10 mg. x 90 cprs. rev.;CLORIDRATO DE BENAZEPRIL;7896112407126;1097402930078;90554108;504123030083903;N;N;90;165.93;228.71;1.84;2.54;;BRAS_PF_PMC;ed. 1091;20;
BRASINDICE;1100;medicamento;0000039860;05;1048-18878-DAOZ;SANOFI MEDLEY;BI-PROFENID;150 mg. bl. 10 cprs. ap.;CETOPROFENO;7896070601772;1832603600098;90466390;576720050065517;N;N;10;64.02;88.24;6.4;8.82;;BRAS_PF_PMC;ed. 1099;20;
BRASINDICE;1100;medicamento;0000011035;05;342-10720-BCHJ;ELOFAR;BIALERGE;Elixir fr. 100 ml.;"MALEATO DE BRONFENIRAMINA;CLORIDRATO DE FENILEFRINA";7898109240051;1038500050034;90112415;517100702135418;N;N;1;10.16;13.63;10.16;13.63;;BRAS_PF_PMC;ed. 1067;20;
BRASINDICE;1100;medicamento;0000024791;05;342-10720-CKTE;ELOFAR;BIALERGE;Gotas fr. 20 ml;"MALEATO DE BRONFENIRAMINA;CLORIDRATO DE FENILEFRINA";7898109240303;1038500050042;90112393;517100703131416;N;N;1;11.98;16.08;11.98;16.08;;BRAS_PF_PMC;ed. 1067;20;
BRASINDICE;1100;medicamento;0000051714;05;173-19440-ABOX;LEGRAND;BIANCORT;Sol. oft. fr. 5 ml;"DEXAMETASONA;CLORIDRATO DE CIPROFLOXACINO MONOIDRATADO";7896004738208;1058309870019;90494660;526134501174411;N;N;1;25.88;35.78;25.88;35.78;;BRAS_PF_PMC;ed. 1092;20;
BRASINDICE;1100;medicamento;0000049671;05;072-18020-CULY;EUROFARMA;BICALUTAMIDA - GENERICO (CONVENIO 162/94);50 mg. bl. 30 cprs. rev.;BICALUTAMIDA;7891317482541;1004310550015;90222067;508012050091706;S;N;30;682.16;940.29;22.74;31.34;;BRAS_PF_PMC;ed. 1094;20;
BRASINDICE;1100;medicamento;0000073562;05;748-18020-EWKF;ACCORD;BICALUTAMIDA - GENERICO (CONVENIO 162/94);50 mg. bl. plast. trans. x 30 cprs. rev.;BICALUTAMIDA;7898565581316;1553700170020;90387724;538017100023906;S;N;30;682.13;940.24;22.74;31.34;;BRAS_PF_PMC;ed. 1092;20;
BRASINDICE;1100;medicamento;0000087737;05;427-18020-FOAT;BLAU FARM.;BICALUTAMIDA - GENERICO (CONVENIO 162/94);50 mg. ct. bl. al. plas. pvc trans. x 30 cprs. rev.;BICALUTAMIDA;7896014668151;1163701890010;90555341;504422110076806;S;N;30;682.15;940.27;22.74;31.34;;BRAS_PF_PMC;ed. 1097;20;
BRASINDICE;1100;medicamento;0000039777;05;547-18442-DAMW;FARMACE;BICARBONATO DE SODIO (Restrito Hosp.);8,4% 10 ml cx. 100 amps. vd.;BICARBONATO DE SÓDIO;7898166040595;1108500230010;90072162;508302401153417;N;S;100;134.59;0;1.35;0;;BRAS_PF_PMC;ed. 1094;20;
BRASINDICE;1100;medicamento;0000039778;05;547-18442-DAMX;FARMACE;BICARBONATO DE SODIO (Restrito Hosp.);10% 10 ml cx. 100 amps. vd.;BICARBONATO DE SÓDIO;7898166040601;1108500230037;90072146;508302403156413;N;S;100;132.81;0;1.33;0;;BRAS_PF_PMC;ed. 1094;20;
BRASINDICE;1100;medicamento;0000046352;05;479-20124-BFGC;FRESENIUS KABI;BICARBONATO DE SODIO 8,4% - SOLUCAO STANDARD (Restrito Hosp.);1 x 250 ml;BICARBONATO DE SÓDIO;7897947700192;1004101300024;90075056;509506801158417;N;S;1;84.36;0;84.36;0;;BRAS_PF_PMC;ed. 1096;20;
BRASINDICE;1100;medicamento;0000077175;05;072-24851-FBAB;EUROFARMA;BICERTO;150 mg. prol. ct. bl. al. plas. pvc. pvdc. trans. x 10 cpr. lib.;CETOPROFENO;7891317001964;1004312490044;90399340;508018100122904;N;N;10;41.6;57.34;4.16;5.73;;BRAS_PF_PMC;ed. 1094;20;
BRASINDICE;1100;medicamento;0000077176;05;072-24851-FBAC;EUROFARMA;BICERTO;150 mg. prol. ct. bl. al. plas. pvc. pvdc. trans. x 4 cpr. lib.;CETOPROFENO;7891317001971;1004312490036;90399331;508018100122804;N;N;4;16.65;22.95;4.16;5.74;;BRAS_PF_PMC;ed. 1094;20;
BRASINDICE;1100;medicamento;0000081227;05;072-25583-FGON;EUROFARMA;BICERTO IV (Restrito Hosp.);1 mg/ml sol. infus. cx. 60 envol. bols. PP trans. sist. fech. x 100 ml;CETOPROFENO;7891317008536;1004313130106;90480112;508020090135807;N;S;60;1273.67;0;21.23;0;;BRAS_PF_PMC;ed. 1094;20;
BRASINDICE;1100;medicamento;0000003638;05;089-05071-APAZ;MERCK;BICONCOR;2,5 mg. 30 cprs.;;7891721002038;1008902010078;90159560;525401102111411;N;;30;81.54;112.72;2.72;3.76;;BRAS_PF_PMC;ed. 1068;20;
BRASINDICE;1100;medicamento;0000003639;05;089-05071-APBA;MERCK;BICONCOR;5,0 mg. 30 cprs.;;7891721002045;1008902010086;90159586;525401104114418;N;;30;106.06;146.62;3.54;4.89;;BRAS_PF_PMC;ed. 1068;20;
BRASINDICE;1100;medicamento;0000085633;05;089-05071-FLVF;MERCK;BICONCOR;2,5 mg + 6,25 mg ct. bl. al. al. x 30 cprs. rev.;"HIDROCLOROTIAZIDA;HEMIFUMARATO DE BISOPROLOL";7891721202506;1008902010140;90538633;525422060053403;N;N;30;83.46;115.04;2.78;3.83;;BRAS_PF_PMC;ed. 1100;20;
BRASINDICE;1100;medicamento;0000085634;05;089-05071-FLVG;MERCK;BICONCOR;5,0 mg + 6,25 mg. ct. bl. al. al. x 30 cprs. rev.;"HIDROCLOROTIAZIDA;HEMIFUMARATO DE BISOPROLOL";7891721202513;1008902010167;90538641;525422060053503;N;N;30;108.55;149.62;3.62;4.99;;BRAS_PF_PMC;ed. 1100;20;
BRASINDICE;1094;medicamento;0000074145;05;846-24179-EGON;COSMED;BIFILAC;1.000 UI x 30 cprs.;;7891142203113;;;;N;;30;97.18;0;3.24;0;;BRAS_PF_PMC;ed. 1084;20;
BRASINDICE;1094;medicamento;0000081771;05;088-25702-FHGD;MANTECORP FARMASA;BIFILAC GEFLORA;10 BI cart. fr. 7 caps.;;7891142206732;;;;N;;7;68.96;0;9.85;0;;BRAS_PF_PMC;ed. 1084;20;
BRASINDICE;1094;medicamento;0000081772;05;088-25702-FHGE;MANTECORP FARMASA;BIFILAC GEFLORA;5 BI cart. 15 stick po;;7891142206718;;;;N;;15;78.25;0;5.22;0;;BRAS_PF_PMC;ed. 1084;20;
BRASINDICE;1094;medicamento;0000081773;05;088-25702-FHGF;MANTECORP FARMASA;BIFILAC GEFLORA;5 BI cart. 7 stick po;;7891142206701;;;;N;;7;33.58;0;4.8;0;;BRAS_PF_PMC;ed. 1084;20;
BRASINDICE;1094;medicamento;0000095128;05;088-28763-FXFY;MANTECORP FARMASA;BIFILAC GERMINA ZN;2BI 10 flac. laranja morango;;7896094932371;;;;N;;10;37.28;0;3.73;0;;BRAS_PF_PMC;ed. 1090;20;
BRASINDICE;1094;medicamento;0000095129;05;088-28763-FXFZ;MANTECORP FARMASA;BIFILAC GERMINA ZN;4BI 5 flac. laranja morango;;7896094932388;;;;N;;5;37.28;0;7.46;0;;BRAS_PF_PMC;ed. 1090;20;
BRASINDICE;1094;medicamento;0000087697;05;088-27026-FNZF;MANTECORP FARMASA;BIFILAC LIPID;Ct. bl. x 30 caps.;;7891142982681;;;;N;;30;96.11;0;3.2;0;;BRAS_PF_PMC;ed. 1084;20;
BRASINDICE;1094;medicamento;0000087696;05;088-27025-FNZE;MANTECORP FARMASA;BIFILAC MIND;Ct. bl. 30 caps.;;7891142982308;;;;N;;30;96.11;0;3.2;0;;BRAS_PF_PMC;ed. 1084;20;
BRASINDICE;1094;medicamento;0000083640;05;088-26216-FJNQ;MANTECORP FARMASA;BIFILAC SII;Ct. bl. 30 caps.;;7891142981196;;;;N;;30;145.78;0;4.86;0;;BRAS_PF_PMC;ed. 1084;20;
BRASINDICE;1100;medicamento;0000080492;05;958-25419-FFPF;GILEAD;BIKTARVY;50 mg. + 200 mg. + 25 mg. ct. fr. plas. pead. opc. x 30 cprs. rev.;"HEMIFUMARATO DE TENOFOVIR ALAFENAMIDA;ENTRICITABINA;BICTEGRAVIR SÓDICO";7898962482087;1092900080016;90472799;546820060000707;N;N;30;4372.38;5865.39;145.75;195.51;;BRAS_PF_PMC;ed. 1092;20;
BRASINDICE;1100;medicamento;0000084643;05;072-26396-FKSC;EUROFARMA;BILASTINA - GENERICO;20 mg ct. bl. al al x 15 cprs.;BILASTINA;7891317016326;1004313420041;90527410;508022010148006;S;N;15;36.05;48.36;2.4;3.22;;BRAS_PF_PMC;ed. 1091;20;
BRASINDICE;1100;medicamento;0000084644;05;072-26396-FKSD;EUROFARMA;BILASTINA - GENERICO;20 mg ct. bl. al al x 30 cprs.;BILASTINA;7891317016333;1004313420066;90527429;508022010148106;S;N;30;72.18;96.83;2.41;3.23;;BRAS_PF_PMC;ed. 1091;20;
BRASINDICE;1100;medicamento;0000085178;05;473-26396-ECQT;NEO QUIMICA;BILASTINA - GENERICO;20 mg. 15 cprs.;BILASTINA;7896714293103;1558406130042;90533402;504622040085006;S;N;15;36.06;48.37;2.4;3.22;;BRAS_PF_PMC;ed. 1091;20;
BRASINDICE;1100;medicamento;0000085179;05;473-26396-AJFL;NEO QUIMICA;BILASTINA - GENERICO;20 mg. x 30 cprs.;BILASTINA;7896714293110;1558406130069;90533410;504622040085106;S;N;30;72.18;96.83;2.41;3.23;;BRAS_PF_PMC;ed. 1091;20;
BRASINDICE;1100;medicamento;0000085521;05;062-26396-FJXO;EMS;BILASTINA - GENERICO;20 mg x 15 cprs.;BILASTINA;7896004784076;1023512620029;90533445;541822050180906;S;N;15;34.72;46.58;2.31;3.11;;BRAS_PF_PMC;ed. 1079;20;
BRASINDICE;1100;medicamento;0000085522;05;062-26396-FJXN;EMS;BILASTINA - GENERICO;20 mg x 30 cprs.;BILASTINA;7896004784083;1023512620037;90533461;541822050181106;S;N;30;67.57;90.64;2.25;3.02;;BRAS_PF_PMC;ed. 1079;20;
BRASINDICE;1100;medicamento;0000087137;05;473-26396-FNHV;NEO QUIMICA;BILASTINA - GENERICO;2,5 mg/ml sol. or. ct. fr. vd. amb. x 120 ml + cop.;BILASTINA;7896714295558;1558406140013;90558863;504622110090406;S;N;1;38.64;51.83;38.64;51.83;;BRAS_PF_PMC;ed. 1066;20;
BRASINDICE;1100;medicamento;0000090844;05;591-26396-ACQZ;GERMED;BILASTINA - GENERICO;20 mg. 30 cprs.;BILASTINA;7896004821665;1058310430035;90583990;526124070179806;S;N;30;66.26;88.89;2.21;2.96;;BRAS_PF_PMC;ed. 1092;20;
BRASINDICE;1100;medicamento;0000091262;05;591-26396-FQVO;GERMED;BILASTINA - GENERICO;20 mg 20 cprs.;BILASTINA;7896004821696;1058310430043;90589165;526124080181106;S;N;20;44.18;59.27;2.21;2.96;;BRAS_PF_PMC;ed. 1092;20;
BRASINDICE;1100;medicamento;0000092700;05;048-26396-FUMH;ACHE;BILASTINA - GENERICO;20 mg bl. x 15 cprs.;BILASTINA;7896658050145;1057301010020;90604784;552925040171706;S;N;15;35.77;47.98;2.38;3.2;;BRAS_PF_PMC;ed. 1091;20;
BRASINDICE;1100;medicamento;0000092701;05;048-26396-FBML;ACHE;BILASTINA - GENERICO;20 mg bl. x 30 cprs.;BILASTINA;7896658050152;1057301010039;90604792;552925040171806;S;N;30;69.89;93.75;2.33;3.12;;BRAS_PF_PMC;ed. 1091;20;
BRASINDICE;1100;medicamento;0000083093;05;438-26086-FIUN;BIOLAB SANUS;BILYT;300 mg 50 cprs.;CARBONATO DE LÍTIO;7896112403081;1097403090014;90504917;504121030070804;N;N;50;34.85;48.03;0.7;0.96;;BRAS_PF_PMC;ed. 1091;20;
BRASINDICE;1100;medicamento;0000083947;05;438-26086-FJYP;BIOLAB SANUS;BILYT;300 mg x 60 cprs.;CARBONATO DE LÍTIO;7896112403470;1097403090057;90525256;504121110071603;N;N;60;35.7;49.2;0.6;0.82;;BRAS_PF_PMC;ed. 1091;20;
BRASINDICE;1100;medicamento;0000084526;05;438-26361-FKOG;BIOLAB SANUS;BILYT (Restrito Hosp.);300 mg. 600 cprs.;CARBONATO DE LÍTIO;7896112403487;1097403090073;90528816;504122020073303;N;S;600;285.74;0;0.48;0;;BRAS_PF_PMC;ed. 1091;20;
BRASINDICE;1100;medicamento;0000092772;05;100-24253-FUOB;GEOLAB;BIMAGAN;Solucao oftalmica 0,3 mg/ml frasco c/3 ml;BIMATOPROSTA;7899095203785;1542302080034;90307968;510414030103704;N;N;1;45.92;63.3;45.92;63.3;;BRAS_PF_PMC;ed. 1094;20;
BRASINDICE;1100;medicamento;0000036218;05;062-17962-CXEF;EMS;BIMATOPROSTA - GENERICO;0,3 mg/ml fr. 3 ml;BIMATOPROSTA;7896004724690;1023509510021;90052897;507740201173115;S;N;1;95.63;132.2;95.63;132.2;;BRAS_PF_PMC;ed. 1079;20;
BRASINDICE;1100;medicamento;0000036219;05;062-17962-CXEG;EMS;BIMATOPROSTA - GENERICO;0,3 mg/ml fr. 5 ml;BIMATOPROSTA;7896004724683;1023509510031;90052900;507740202171116;S;N;1;143.47;198.34;143.47;198.34;;BRAS_PF_PMC;ed. 1079;20;
BRASINDICE;1100;medicamento;0000036724;05;591-17962-CXEF;GERMED;BIMATOPROSTA - GENERICO;0,3 mg/ml fr. 3 ml;BIMATOPROSTA;7896004724706;1058308720021;90436750;526131201171119;S;N;1;99.16;136.68;99.16;136.68;;BRAS_PF_PMC;ed. 1092;20;
BRASINDICE;1100;medicamento;0000036725;05;591-17962-CXEG;GERMED;BIMATOPROSTA - GENERICO;0,3 mg/ml fr. 5 ml;BIMATOPROSTA;7896004724713;1058308720031;90436768;526131202176114;S;N;1;148.8;205.71;148.8;205.71;;BRAS_PF_PMC;ed. 1092;20;
BRASINDICE;1100;medicamento;0000037714;05;632-17962-CXEF;GEN - LEGRAND;BIMATOPROSTA - GENERICO;0,3 mg/ml fr. 3 ml;BIMATOPROSTA;7894916145350;1677305270021;90429346;538804301173116;S;N;1;99.17;137.1;99.17;137.1;;BRAS_PF_PMC;ed. 1092;20;
BRASINDICE;1100;medicamento;0000054371;05;1048-17962-DUNK;SANOFI MEDLEY;BIMATOPROSTA - GENERICO;0,3 mg/ml sol. oft. fr. 3 ml;BIMATOPROSTA;7896422532310;1832600310021;90352734;525013090103206;S;N;1;79.72;109.89;79.72;109.89;;BRAS_PF_PMC;ed. 1099;20;
BRASINDICE;1100;medicamento;0000055310;05;583-17962-CXEF;NOVA QUIMICA;BIMATOPROSTA - GENERICO;0,3 mg/ml fr. 3 ml;BIMATOPROSTA;7895296197014;1181903370032;90581067;607024030103617;S;N;1;99.18;137.11;99.18;137.11;;BRAS_PF_PMC;ed. 1092;20;
BRASINDICE;1100;medicamento;0000055311;05;583-17962-CXEG;NOVA QUIMICA;BIMATOPROSTA - GENERICO;0,3 mg/ml fr. 5 ml;BIMATOPROSTA;7895296198011;1181903370040;90581075;607024030103717;S;N;1;143.49;198.37;143.49;198.37;;BRAS_PF_PMC;ed. 1079;20;
BRASINDICE;1100;medicamento;0000071752;05;100-17962-EUQJ;GEOLAB;BIMATOPROSTA - GENERICO;Sol. oft. 0,3 mg/ml fr. 3 ml;BIMATOPROSTA;7899095249639;1542302110030;90308298;510414060107006;S;N;1;99.18;136.71;99.18;136.71;;BRAS_PF_PMC;ed. 1098;20;
BRASINDICE;1100;medicamento;0000090044;05;367-27628-FRDP;UCB BIOPHARMA;BIMZELX;160 mg/ml sol. inj. ct. 2 canetas preenc. x 1 ml;BIMEQUIZUMABE;5413787221561;1236100950042;90575300;525224020027902;N;N;2;11946.44;16025.72;5973.22;8012.86;;BRAS_PF_PMC;ed. 1091;20;
BRASINDICE;1100;medicamento;0000075955;05;1027-24652-EZGV;BLANVER;BINAV (CONVENIO 140/01);200 mg. + 300 mg. ct. fr. plas. opc. x 30 cprs. rev.;"FUMARATO DE TENOFOVIR DESOPROXILA;ENTRICITABINA";7898581711063;1152400060013;90417348;541018120000304;N;N;30;175.18;235;5.84;7.83;;BRAS_PF_PMC;ed. 1092;20;
BRASINDICE;1100;medicamento;0000012460;05;581-11604-FTND;CAZI;BINOSPAN COMPOSTO;250 mg + 10 mg com rev ct fr vd amb x 20;"BUTILBROMETO DE ESCOPOLAMINA;DIPIRONA";7893736030068;1071500160036;90037952;505501801114417;N;N;20;24.57;32.96;1.23;1.65;;BRAS_PF_PMC;ed. 1097;20;
BRASINDICE;1094;medicamento;0000080808;05;001-23674-FFZM;UNIAO QUIMICA;BIO 5;4 g. x 30 saches;;7896006212089;6632500070015;;;N;;30;107.48;0;3.58;0;;BRAS_PF_PMC;ed. 1070;20;
BRASINDICE;1094;medicamento;0000091149;05;001-23674-FSNU;UNIAO QUIMICA;BIO 5;Disp. x 30 saches - Nova formula;;7896006297437;6632500360013;;;N;;30;148.99;0;4.97;0;;BRAS_PF_PMC;ed. 1091;20;
BRASINDICE;1094;medicamento;0000092253;05;001-28111-FTXC;UNIAO QUIMICA;BIO C;1 g tb. x 30 cprs. eferv.;;7896006229971;;;;N;;30;45.73;0;1.52;0;;BRAS_PF_PMC;ed. 1091;20;
BRASINDICE;1094;medicamento;0000092254;05;001-28111-FTXD;UNIAO QUIMICA;BIO C;1 g tb. x 10 cprs. eferv.;;7896006229964;;;;N;;1;16.98;0;16.98;0;;BRAS_PF_PMC;ed. 1091;20;
BRASINDICE;1094;medicamento;0000092255;05;001-28111-FTXE;UNIAO QUIMICA;BIO C;200 mg/ml sol. got.;ÁCIDO ASCÓRBICO;7896006229988;1049702470048;;533020020068607;N;N;1;13.14;0;13.14;0;;BRAS_PF_PMC;ed. 1091;20;
BRASINDICE;1094;medicamento;0000092256;05;001-28111-FTXF;UNIAO QUIMICA;BIO C;500 mg fr. x 30 caps. mole;;7896006299363;;;;N;;30;44.07;0;1.47;0;;BRAS_PF_PMC;ed. 1091;20;
BRASINDICE;1094;medicamento;0000092257;05;001-28112-DFKR;UNIAO QUIMICA;BIO C CITRUS;10 cprs. eferv.;;7896006297864;;;;N;;10;16.98;0;1.7;0;;BRAS_PF_PMC;ed. 1091;20;
BRASINDICE;1094;medicamento;0000092258;05;001-28113-FTXG;UNIAO QUIMICA;BIO C IMUNE;5 fr. x 30;;7896006227090;;;;N;;30;50.77;0;1.69;0;;BRAS_PF_PMC;ed. 1091;20;
BRASINDICE;1094;medicamento;0000092259;05;001-28114-DFKR;UNIAO QUIMICA;BIO C KIDS;10 cprs. eferv.;;7896006222767;;;;N;;10;16.98;0;1.7;0;;BRAS_PF_PMC;ed. 1091;20;
BRASINDICE;1094;medicamento;0000092260;05;001-28115-FTXH;UNIAO QUIMICA;BIO C TRIPLA ACAO;30 cprs. eferv.;;7896006218104;;;;N;;30;56.53;0;1.88;0;;BRAS_PF_PMC;ed. 1091;20;
BRASINDICE;1094;medicamento;0000092261;05;001-28115-DFKR;UNIAO QUIMICA;BIO C TRIPLA ACAO;10 cprs. eferv.;;7896006218111;;;;N;;10;24.36;0;2.44;0;;BRAS_PF_PMC;ed. 1091;20;
BRASINDICE;1094;medicamento;0000092262;05;001-28116-FTXI;UNIAO QUIMICA;BIO C ZINCO;1000 mg + 10 mg ct. tb. plas. opc. x 10 cprs. eferv.;;7896006207290;;;;N;;10;21.08;0;2.11;0;;BRAS_PF_PMC;ed. 1091;20;
BRASINDICE;1094;medicamento;0000092263;05;001-28116-FTXJ;UNIAO QUIMICA;BIO C ZINCO;TB. x 30 cprs. eferv.;;7896006207306;;;;N;;30;60.93;0;2.03;0;;BRAS_PF_PMC;ed. 1091;20;
BRASINDICE;1094;medicamento;0000092457;05;048-28184-FUDQ;ACHE;BIO FEMINA;Bl. x 10 caps.;;7896658052279;2535101349220;;;N;;10;46.67;0;4.67;0;;BRAS_PF_PMC;ed. 1091;20;
BRASINDICE;1094;medicamento;0000092458;05;048-28184-FNMO;ACHE;BIO FEMINA;Bl. x 30 caps.;;7896658052286;2535101349220;;;N;;30;122.39;0;4.08;0;;BRAS_PF_PMC;ed. 1091;20;
BRASINDICE;1094;medicamento;0000090175;05;048-27656-FRIE;ACHE;BIO GG;10BI/1.000 UI bl. x 30 caps.;;7896658050008;6731500190019;;;N;;30;130.1;0;4.34;0;;BRAS_PF_PMC;ed. 1091;20;
BRASINDICE;1094;medicamento;0000090176;05;048-27656-FRIF;ACHE;BIO GG;10BI+1.000 UI bl. x 7 caps.;;7896658049613;6731500190019;;;N;;7;43.37;0;6.2;0;;BRAS_PF_PMC;ed. 1091;20;
BRASINDICE;1094;medicamento;0000091548;05;048-27656-FSZS;ACHE;BIO GG;Po 10 BI + 1000 UI 30 saches;;7896658050060;6731500230010;;;N;;30;130.1;0;4.34;0;;BRAS_PF_PMC;ed. 1091;20;
BRASINDICE;1094;medicamento;0000091549;05;048-27656-FSZT;ACHE;BIO GG;Po 10 BI + 1000 UI 75 saches;;7896658050053;6731500230010;;;N;;75;43.37;0;0.58;0;;BRAS_PF_PMC;ed. 1091;20;
BRASINDICE;1094;medicamento;0000092133;05;1067-28072-FMPU;INZYME BIONUTRITION;BIO NUTRICCI;30 cprs.;;0070341464335;;;;N;;30;169;0;5.63;0;;BRAS_PF_PMC;ed. 1066;20;
BRASINDICE;1094;medicamento;0000092134;05;1067-28073-FMPU;INZYME BIONUTRITION;BIO NUTRICCI + D;30 cprs.;;0070341464380;;;;N;;30;218;0;7.27;0;;BRAS_PF_PMC;ed. 1066;20;
BRASINDICE;1094;medicamento;0000094129;05;001-28583-FTXC;UNIAO QUIMICA;BIO-C CITRUS;1 g tb. x 30 cprs. eferv.;;7896006263562;;;;N;;30;45.73;0;1.52;0;;BRAS_PF_PMC;ed. 1091;20;
BRASINDICE;1094;medicamento;0000092868;05;001-28290-FURW;UNIAO QUIMICA;BIO-C XR;1000 mg x 30 cprs.;;7896006218586;;;;N;;30;39.43;0;1.31;0;;BRAS_PF_PMC;ed. 1091;20;
BRASINDICE;1100;medicamento;0000073417;05;360-04151-AOPF;ADIUM;BIO-VAGIN;62,5 mg/g. + 25.000 UI/g. + 1,25 mg/g creme vag. ct. bisn. plas. opc. x 40 g. + 10 aplic.;CLORETO DE BENZALCÔNIO;7892953003527;1221401020038;90414462;534218010013817;N;N;1;60.99;81.82;60.99;81.82;;BRAS_PF_PMC;ed. 1091;20;
BRASINDICE;1094;medicamento;0000092264;05;001-28117-BNHL;UNIAO QUIMICA;BIOARGI-C;500 mg 30 cprs. rev.;;7896006297345;;;;N;;30;39.69;0;1.32;0;;BRAS_PF_PMC;ed. 1091;20;
BRASINDICE;1094;medicamento;0000092265;05;001-28117-FTXL;UNIAO QUIMICA;BIOARGI-C;1 g/1 g 16 cprs. eferv.;;7896006210948;;;;N;;16;35.24;0;2.2;0;;BRAS_PF_PMC;ed. 1091;20;
BRASINDICE;1100;medicamento;0000093897;05;048-28543-FWEE;ACHE;BIOCE (Restrito Hosp.) (CONVENIO 132/21);10 mg/ml sol. inj. ser. x 0,6 ml;PEGFILGRASTIM;7896658047930;1057301070015;90612981;552925070172407;N;S;1;6589.74;0;6589.74;0;;BRAS_PF_PMC;ed. 1091;20;
BRASINDICE;1094;medicamento;0000087979;05;1090-27128-FSUO;BIOCURE PHARMA;BIOCURE GEL-CREME (REGEDERM);Bisnaga 100 g;;7898905838155;10074369003;;;N;;1;349;0;349;0;;BRAS_PF_PMC;ed. 1066;20;
BRASINDICE;1100;medicamento;0000000357;05;048-00381-ANHL;ACHE;BIOFENAC;CLR 75 mg. bl. 14 cprs. rev.;;7896658000959;1057301400181;90003080;500500901114413;N;;14;32.1;44.25;2.29;3.16;;BRAS_PF_PMC;ed. 1091;20;
BRASINDICE;1100;medicamento;0000041362;05;048-00381-DCOD;ACHE;BIOFENAC;DI 46,5 mg. ct. x 10 cprs. disp.;DICLOFENACO DE POTÁSSIO;7896658004292;1057301400384;90362403;552916120068603;N;N;10;16.13;22.23;1.61;2.22;;BRAS_PF_PMC;ed. 1091;20;
BRASINDICE;1100;medicamento;0000068516;05;048-16957-EQJO;ACHE;BIOFENAC AEROSOL;11,6 mg sol. aer. filme plast. tb. al. x 60 g;DICLOFENACO DIETILAMÔNIO;7896658014321;1057301400406;90362381;552916100065303;N;N;1;31.05;41.65;31.05;41.65;;BRAS_PF_PMC;ed. 1084;20;
BRASINDICE;1100;medicamento;0000068021;05;048-23241-EPOZ;ACHE;BIOFENAC DI 44,3 mg;44,3 mg. ct. bl. x 20 cprs. disp.;DICLOFENACO DE POTÁSSIO;7896658014345;1057301400392;90370597;552916120068703;N;N;20;32.24;44.44;1.61;2.22;;BRAS_PF_PMC;ed. 1092;20;
BRASINDICE;1100;medicamento;0000069250;05;048-23378-ERLF;ACHE;BIOFENAC GEL;11,6 mg/g gel ct. bisn. plast. x 30 g;DICLOFENACO DIETILAMÔNIO;7896658000102;1057301400430;90362357;552916110066304;N;N;1;15.18;20.36;15.18;20.36;;BRAS_PF_PMC;ed. 1084;20;
BRASINDICE;1100;medicamento;0000069251;05;048-23378-ERLG;ACHE;BIOFENAC GEL;11,6 mg/g gel ct. bisn. plast. x 60 g;DICLOFENACO DIETILAMÔNIO;7896658026171;1057301400449;90362365;552916110066204;N;N;1;30.42;40.81;30.42;40.81;;BRAS_PF_PMC;ed. 1084;20;
BRASINDICE;1100;medicamento;0000069252;05;048-23378-ERLJ;ACHE;BIOFENAC GEL;11,6 mg/g gel ct. bisn. plast. x 100 g;DICLOFENACO DIETILAMÔNIO;7896658027147;1057301400465;90362373;552916110066104;N;N;1;47.75;64.05;47.75;64.05;;BRAS_PF_PMC;ed. 1084;20;
BRASINDICE;1100;medicamento;0000065190;05;917-10287-BCBK;SUPERA RX;BIOFLAC;15 mg. bl. 10 cprs.;MELOXICAM;7896676410372;1029802890044;90045262;506701501112417;N;N;10;56.62;78.04;5.66;7.8;;BRAS_PF_PMC;ed. 1094;20;
BRASINDICE;1100;medicamento;0000065192;05;917-10287-ELEX;SUPERA RX;BIOFLAC;15 mg. sol. inj. 5 amps. vd. inc.;MELOXICAM;7896676410389;1029802890087;90045270;506701502151416;N;N;5;52.49;72.35;10.5;14.47;;BRAS_PF_PMC;ed. 1094;20;
BRASINDICE;1100;medicamento;0000047565;05;062-20342-DMEG;EMS;BIOFLADEX;Fr. 60 g.;DICLOFENACO DIETILAMÔNIO;7896004726045;1023510320011;90221702;507746501179411;N;N;1;39.7;53.26;39.7;53.26;;BRAS_PF_PMC;ed. 1079;20;
BRASINDICE;1094;medicamento;0000092266;05;001-28118-FTXM;UNIAO QUIMICA;BIOFLEXIS;40 mg 30 caps. dura;;7896006214731;;;;N;;30;77.28;0;2.58;0;;BRAS_PF_PMC;ed. 1091;20;
BRASINDICE;1094;medicamento;0000092267;05;001-28118-FTXN;UNIAO QUIMICA;BIOFLEXIS;40 mg 60 caps. dura;;7896006214748;;;;N;;60;130.77;0;2.18;0;;BRAS_PF_PMC;ed. 1091;20;
BRASINDICE;1094;medicamento;0000092268;05;001-28119-EYPX;UNIAO QUIMICA;BIOFLEXIS HA;30 caps. dura;;7896006221333;;;;N;;30;100.46;0;3.35;0;;BRAS_PF_PMC;ed. 1091;20;
BRASINDICE;1100;medicamento;0000090310;05;1104-27627-FRDL;ASP FARMACEUTICA;BIOGAM (Restrito Hosp.);100 mg/ml sol. infus. IV cx. FA vd. trans. x 50 ml;IMUNOGLOBULINA HUMANA;7898994945710;1920000010038;90578619;617824020000107;N;S;1;3674.26;0;3674.26;0;;BRAS_PF_PMC;ed. 1094;20;
BRASINDICE;1100;medicamento;0000087941;05;001-16097-FOHZ;UNIAO QUIMICA;BIOGRIPE;20 caps. dura;"MALEATO DE CLORFENIRAMINA;PARACETAMOL;CLORIDRATO DE FENILEFRINA";7896006297932;1049714520010;90562305;533023050085707;N;N;20;18.43;24.72;0.92;1.24;;BRAS_PF_PMC;ed. 1091;20;
BRASINDICE;1100;medicamento;0000087942;05;001-16097-FOIA;UNIAO QUIMICA;BIOGRIPE;120 caps. dura;"MALEATO DE CLORFENIRAMINA;PARACETAMOL;CLORIDRATO DE FENILEFRINA";7896006297956;1049714520045;90562321;533023050085907;N;N;120;132.63;177.92;1.11;1.48;;BRAS_PF_PMC;ed. 1096;20;
BRASINDICE;1100;medicamento;0000087943;05;001-16097-FOIB;UNIAO QUIMICA;BIOGRIPE;10 caps. dura;"MALEATO DE CLORFENIRAMINA;PARACETAMOL;CLORIDRATO DE FENILEFRINA";7896006297970;1049714520029;90562313;533023050085807;N;N;10;11.06;14.84;1.11;1.48;;BRAS_PF_PMC;ed. 1091;20;
BRASINDICE;1094;medicamento;0000093874;05;1126-28534-FWDI;DOMERCO;BIOLEVOX HA ONE;120 mg;;5902020847311;82416090004;;;N;;1;8000;0;8000;0;;BRAS_PF_PMC;ed. 1078;20;
BRASINDICE;1094;medicamento;0000093875;05;1126-28535-FWDJ;DOMERCO;BIOLEVOX HA TENDON;32 mg;;5902020847670;82416090005;;;N;;1;13000;0;13000;0;;BRAS_PF_PMC;ed. 1078;20;
BRASINDICE;1100;medicamento;0000092936;05;438-28302-FUUG;BIOLAB SANUS;BIOLME;20 mg cx 30 cprs. rev.;OLMESARTANA MEDOXOMILA;7896112409779;1097403740035;90606990;504125050093304;N;N;30;38.63;53.24;1.29;1.77;;BRAS_PF_PMC;ed. 1091;20;
BRASINDICE;1100;medicamento;0000092937;05;438-28302-FUUH;BIOLAB SANUS;BIOLME;40 mg cx 30 cprs. rev.;OLMESARTANA MEDOXOMILA;7896112409793;1097403740086;90607007;504125050093404;N;N;30;40.63;56;1.35;1.87;;BRAS_PF_PMC;ed. 1091;20;
BRASINDICE;1100;medicamento;0000092938;05;438-28303-FUUI;BIOLAB SANUS;BIOLME H;20 + 12,5 mg 30 cprs. rev.;"HIDROCLOROTIAZIDA;OLMESARTANA MEDOXOMILA";7896112409823;1097403750030;90606302;504125050093004;N;N;30;46.55;64.16;1.55;2.14;;BRAS_PF_PMC;ed. 1091;20;
BRASINDICE;1100;medicamento;0000092939;05;438-28303-FUUJ;BIOLAB SANUS;BIOLME H;40 + 12,5 mg 30 cprs. rev.;"HIDROCLOROTIAZIDA;OLMESARTANA MEDOXOMILA";7896112409847;1097403750081;90606310;504125050093104;N;N;30;53.01;73.06;1.77;2.44;;BRAS_PF_PMC;ed. 1091;20;
BRASINDICE;1100;medicamento;0000092940;05;438-28303-FUUK;BIOLAB SANUS;BIOLME H;40 + 25 mg 6 cprs. rev.;"HIDROCLOROTIAZIDA;OLMESARTANA MEDOXOMILA";7896112409861;1097403750138;90606329;504125050093204;N;N;6;53.01;73.06;8.83;12.18;;BRAS_PF_PMC;ed. 1091;20;
BRASINDICE;1100;medicamento;0000026433;05;048-16093-APTE;ACHE;BIOMAG;10 mg. 30 caps.;CLORIDRATO DE SIBUTRAMINA;7896658007019;1057303710021;90003144;500511901110413;N;N;30;47.24;63.37;1.57;2.11;;BRAS_PF_PMC;ed. 1084;20;
BRASINDICE;1100;medicamento;0000026434;05;048-16093-CMTJ;ACHE;BIOMAG;15 mg. 30 caps.;CLORIDRATO DE SIBUTRAMINA;7896658007040;1057303710054;90003160;500511904111410;N;N;30;47.01;63.06;1.57;2.1;;BRAS_PF_PMC;ed. 1084;20;
BRASINDICE;1100;medicamento;0000071108;05;048-16093-ETUV;ACHE;BIOMAG;10 mg. ct. bl. x 60 caps.;CLORIDRATO DE SIBUTRAMINA;7896658031885;1057303710070;90392230;552917030069803;N;N;60;92.61;124.23;1.54;2.07;;BRAS_PF_PMC;ed. 1084;20;
BRASINDICE;1100;medicamento;0000071109;05;048-16093-ETUW;ACHE;BIOMAG;15 mg. ct. bl. x 60 caps.;CLORIDRATO DE SIBUTRAMINA;7896658031892;1057303710089;90392248;552917030069903;N;N;60;87.25;117.04;1.45;1.95;;BRAS_PF_PMC;ed. 1084;20;
BRASINDICE;1094;medicamento;0000079730;05;885-17445-FEPG;PHARNUTRI;BIONUTRI AR1®;Pote 240 g.;;;;;;N;;1;12362.25;0;12362.25;0;;BRAS_PF_PMC;ed. 1076;20;
BRASINDICE;1094;medicamento;0000079731;05;885-17445-FEPJ;PHARNUTRI;BIONUTRI AR1®;Pote 480 g;;;;;;N;;1;24511.16;0;24511.16;0;;BRAS_PF_PMC;ed. 1076;20;
BRASINDICE;1094;medicamento;0000079732;05;885-17445-FEPK;PHARNUTRI;BIONUTRI AR1®;Cx. 30 saches 4 g.;;;;;;N;;1;6379.82;0;6379.82;0;;BRAS_PF_PMC;ed. 1076;20;
BRASINDICE;1094;medicamento;0000079733;05;885-17445-FEPL;PHARNUTRI;BIONUTRI AR1®;Cx. 30 saches 8 g.;;;;;;N;;1;12757.83;0;12757.83;0;;BRAS_PF_PMC;ed. 1076;20;
BRASINDICE;1094;medicamento;0000089770;05;1043-27558-FQVR;BIOMM;BIOPEMM;1 caneta para aplicacao de insulina;;7898616360136;81244549001;;;N;;1;45;0;45;0;;BRAS_PF_PMC;ed. 1090;20;
BRASINDICE;1100;medicamento;0000049428;05;846-00388-BJBX;COSMED;BIOTONICO;N - 400 ml.;;7896094903067;1781700400016;90344839;540915120017817;N;;1;39.01;52.33;39.01;52.33;;BRAS_PF_PMC;ed. 1091;20;
BRASINDICE;1094;medicamento;0000088025;05;846-27152-DUOC;COSMED;BIOTONICO FONT MVM MORANGO;60 cprs. mast.;;7896094929333;;;;N;;60;26.85;0;0.45;0;;BRAS_PF_PMC;ed. 1066;20;
BRASINDICE;1094;medicamento;0000088026;05;846-27151-DUOC;COSMED;BIOTONICO FONT MVM TUTTIFRUT;60 cprs. mast.;;7896094929340;;;;N;;60;26.85;0;0.45;0;;BRAS_PF_PMC;ed. 1066;20;
BRASINDICE;1094;medicamento;0000072689;05;846-27194-EVGT;COSMED;BIOTONICO FONTOURA;Morango fr. 400 ml.;;7896094915060;;;;N;;1;39.01;0;39.01;0;;BRAS_PF_PMC;ed. 1091;20;
BRASINDICE;1094;medicamento;0000072690;05;846-27194-EVGU;COSMED;BIOTONICO FONTOURA;Uva fr. 400 ml.;;7896094915732;;;;N;;1;39.01;0;39.01;0;;BRAS_PF_PMC;ed. 1091;20;
BRASINDICE;1094;medicamento;0000089868;05;362-27586-FQZD;MARJAN;BIOTTA;25 BI 10 OR caps. dura;;7896226110349;;;;N;;10;73.04;0;7.3;0;;BRAS_PF_PMC;ed. 1088;20;
BRASINDICE;1094;medicamento;0000089869;05;362-27586-FQZE;MARJAN;BIOTTA;25 BI 30 OR caps. dura;;7896226110356;;;;N;;30;182.82;0;6.09;0;;BRAS_PF_PMC;ed. 1088;20;
BRASINDICE;1094;medicamento;0000083399;05;1061-26165-FJFH;MEDICALVIS;BIOVISC ORTHO;20 mg seringa c/2 ml;;8906092200033;81478170019;;;N;;1;1807.06;0;1807.06;0;;BRAS_PF_PMC;ed. 1066;20;
BRASINDICE;1094;medicamento;0000083400;05;1061-26166-FJFI;MEDICALVIS;BIOVISC ORTHO PLUS;40 mg seringa c/2 ml;;8906092200217;81478170019;;;N;;1;3174.92;0;3174.92;0;;BRAS_PF_PMC;ed. 1066;20;
BRASINDICE;1094;medicamento;0000083401;05;1061-26167-FJFJ;MEDICALVIS;BIOVISC ORTHO SINGLE;90 mg seringa c/3 ml;;8906092200248;81478170018;;;N;;1;5145.56;0;5145.56;0;;BRAS_PF_PMC;ed. 1066;20;
BRASINDICE;1094;medicamento;0000077061;05;967-24835-FAVQ;FNL;BIOXTRA DRY MOUNTH;Mild Mouthrinse 250 ml (enxaguante bucal);;5425005124356;81008610002;;;N;;1;198.55;0;198.55;0;;BRAS_PF_PMC;ed. 1066;20;
BRASINDICE;1094;medicamento;0000077062;05;967-24835-FAVR;FNL;BIOXTRA DRY MOUNTH;Oral gel 40 ml (saliva artificial);;5424005120037;81008610001;;;N;;1;196.1;0;196.1;0;;BRAS_PF_PMC;ed. 1066;20;
BRASINDICE;1094;medicamento;0000077063;05;967-24835-FAVS;FNL;BIOXTRA DRY MOUNTH;Mild Toothpaste 50 ml (creme dental);;5425005120013;81008610003;;;N;;1;194.5;0;194.5;0;;BRAS_PF_PMC;ed. 1066;20;
BRASINDICE;1094;medicamento;0000077064;05;967-24835-FAVT;FNL;BIOXTRA DRY MOUNTH;Gel Mouthspray 50 ml (saliva artificial em spray);;5425005120099;81008610004;;;N;;1;196.1;0;196.1;0;;BRAS_PF_PMC;ed. 1066;20;
BRASINDICE;1094;medicamento;0000087285;05;048-26839-FNMI;ACHE;BIOZINC;Gotas 10 mg/ml fr. plast. x 15 ml;;7896658039959;;;;N;;1;23.81;0;23.81;0;;BRAS_PF_PMC;ed. 1084;20;
BRASINDICE;1094;medicamento;0000060066;05;048-22134-ECMZ;ACHE;BIOZINC KIDS;Fr. 75 ml;;7896658026850;;;;N;;1;33.7;0;33.7;0;;BRAS_PF_PMC;ed. 1084;20;
BRASINDICE;1100;medicamento;0000082243;05;917-25910-FHWL;SUPERA RX;BIQUIZ;10 mg bl. 10 cprs. (C1);;7899420508264;1037203010013;90504518;542621020016104;N;;10;51.4;70.85;5.14;7.08;;BRAS_PF_PMC;ed. 1091;20;
BRASINDICE;1100;medicamento;0000082244;05;917-25910-FHWM;SUPERA RX;BIQUIZ;10 mg bl. 30 cprs. (C1);ARIPIPRAZOL;7899420508257;1037203010021;90504526;542621020016204;N;N;30;154.18;212.52;5.14;7.08;;BRAS_PF_PMC;ed. 1091;20;
BRASINDICE;1100;medicamento;0000082246;05;917-25910-FHWN;SUPERA RX;BIQUIZ;15 mg bl. 10 cprs. (C1);;7899420508295;1037203010048;90504534;542621020016304;N;;10;77.27;106.51;7.73;10.65;;BRAS_PF_PMC;ed. 1091;20;
BRASINDICE;1100;medicamento;0000082248;05;917-25910-FHWO;SUPERA RX;BIQUIZ;15 mg bl. 30 cprs. (C1);ARIPIPRAZOL;7899420508288;1037203010056;90504542;542621020016404;N;N;30;231.84;319.57;7.73;10.65;;BRAS_PF_PMC;ed. 1091;20;
BRASINDICE;1100;medicamento;0000016357;05;001-13553-BWHZ;UNIAO QUIMICA;BISALAX;5 mg. 20 drags.;BISACODIL;7896006257929;1049711680017;90206886;533019501119417;N;N;20;7.25;9.73;0.36;0.49;;BRAS_PF_PMC;ed. 1091;20;
BRASINDICE;1100;medicamento;0000053058;05;001-13553-CZKZ;UNIAO QUIMICA;BISALAX;5 mg. bl. plast. x 150 drags.;BISACODIL;7896006257943;1049711680033;90206894;533019502115415;N;N;150;53.98;72.41;0.36;0.48;;BRAS_PF_PMC;ed. 1096;20;
BRASINDICE;1100;medicamento;0000095200;05;114-28788-FXHW;ABBOTT;BISINTEX (Restrito Hosp.) (CONVENIO 162/94);150 mg po liof. sol. inj. IV FA vd. trans.;TRASTUZUMABE;7891158106743;1055303980012;90621107;500225120049707;N;S;1;3474.55;0;3474.55;0;;BRAS_PF_PMC;ed. 1092;20;
BRASINDICE;1100;medicamento;0000095201;05;114-28788-FXHX;ABBOTT;BISINTEX (Restrito Hosp.) (CONVENIO 162/94);440 mg po liof. sol. inj. IV FA vd. trans.;TRASTUZUMABE;7891158106750;1055303980020;90621115;500225120049807;N;S;1;10192.02;0;10192.02;0;;BRAS_PF_PMC;ed. 1092;20;
BRASINDICE;1100;medicamento;0000000363;05;173-00393-ABFE;LEGRAND;BISMU-JET;Sol. 20 ml.;"TARTARATO DE BISMUTO E SÓDIO;CLORIDRATO DE PROCAÍNA;SULFATO DE NEOMICINA";7896004810140;1677303440017;90441184;526101301133411;N;N;1;32.24;43.25;32.24;43.25;;BRAS_PF_PMC;ed. 1092;20;
BRASINDICE;1100;medicamento;0000073282;05;988-23987-EVYP;PHARLAB;BISOLPHAR;Xpe 1,6 mg/ml. fr. 120 ml.;CLORIDRATO DE BROMEXINA;7898216363797;1410700790037;90175581;527907001134418;N;N;1;16.96;22.75;16.96;22.75;;BRAS_PF_PMC;ed. 1066;20;
BRASINDICE;1100;medicamento;0000073283;05;988-23987-EVYQ;PHARLAB;BISOLPHAR;Xpe 0,8 mg/ml. fr. 120 ml.;CLORIDRATO DE BROMEXINA;7898216363780;1410700790010;90175565;527907003137414;N;N;1;13.96;18.73;13.96;18.73;;BRAS_PF_PMC;ed. 1066;20;
BRASINDICE;1100;medicamento;0000089730;05;1096-00394-EWAC;OPELLA;BISOLVON;0,8 mg/ml xpe. exp. inf. ct. fr. vd. amb.x 120 ml;CLORIDRATO DE BROMEXINA;7891058021627;1862000040025;90575504;615324010000517;N;N;1;23.96;32.14;23.96;32.14;;BRAS_PF_PMC;ed. 1094;20;
BRASINDICE;1100;medicamento;0000089731;05;1096-00394-EWKK;OPELLA;BISOLVON;1,60 mg. xpe. exp.ad. fr. 120 ml;CLORIDRATO DE BROMEXINA;7891058021610;1862000040068;90575512;615324010000617;N;N;1;29.28;39.28;29.28;39.28;;BRAS_PF_PMC;ed. 1094;20;
BRASINDICE;1100;medicamento;0000089932;05;473-27600-ETVJ;NEO QUIMICA;BISOPROLOL - GENERICO;10 mg. ct. bl. x 30 cprs. rev.;HEMIFUMARATO DE BISOPROLOL;7896714294261;1558406730041;90582403;504624050097406;S;N;30;66.04;91.03;2.2;3.03;;BRAS_PF_PMC;ed. 1091;20;
BRASINDICE;1100;medicamento;0000089933;05;473-27600-FRBH;NEO QUIMICA;BISOPROLOL - GENERICO;1,25 mg. ct. bl. x 30 cprs. rev.;HEMIFUMARATO DE BISOPROLOL;7896714294278;1558406730015;90582373;504624050097406;S;N;30;51.61;71.14;1.72;2.37;;BRAS_PF_PMC;ed. 1091;20;
BRASINDICE;1100;medicamento;0000089934;05;473-27600-EYUS;NEO QUIMICA;BISOPROLOL - GENERICO;5 mg. ct. bl. x 30 cprs. rev.;HEMIFUMARATO DE BISOPROLOL;7896714294285;1558406730031;90582390;504624050097206;S;N;30;55.01;75.83;1.83;2.53;;BRAS_PF_PMC;ed. 1091;20;
BRASINDICE;1100;medicamento;0000089935;05;473-27600-FRBI;NEO QUIMICA;BISOPROLOL - GENERICO;2,5 mg. ct. bl. x 30 cprs. rev.;HEMIFUMARATO DE BISOPROLOL;7896714294308;1558406730023;90582381;504624050097306;S;N;30;44.02;60.68;1.47;2.02;;BRAS_PF_PMC;ed. 1091;20;
BRASINDICE;1100;medicamento;0000068673;05;590-19442-EQOP;AUROBINDO PHARMA;BISSULFATO DE CLOPIDOGREL - GENERICO;75 mg. ct. bl. al. al. x 30 cprs. rev.;BISSULFATO DE CLOPIDOGREL;7898361885335;1516700460075;90332270;500116030021006;S;N;30;83.22;114.71;2.77;3.82;;BRAS_PF_PMC;ed. 1095;20;
BRASINDICE;1100;medicamento;0000068765;05;473-19442-EQRU;NEO QUIMICA;BISSULFATO DE CLOPIDOGREL - GENERICO;75 mg. ct. bl. al.al. x 14 cprs. rev.;BISSULFATO DE CLOPIDOGREL;7896714234885;1558405100026;90348540;504616080043006;S;N;14;47.01;64.8;3.36;4.63;;BRAS_PF_PMC;ed. 1091;20;
BRASINDICE;1100;medicamento;0000068766;05;473-19442-EQRV;NEO QUIMICA;BISSULFATO DE CLOPIDOGREL - GENERICO;75 mg. ct. bl. al.al. x 28 cprs. rev.;BISSULFATO DE CLOPIDOGREL;7896714234892;1558405100034;90348532;504616080042906;S;N;28;98.87;136.28;3.53;4.87;;BRAS_PF_PMC;ed. 1091;20;
BRASINDICE;1100;medicamento;0000070327;05;352-19442-ESXG;NOVARTIS;BISSULFATO DE CLOPIDOGREL - GENERICO;75 mg. ct. bl. al. al x 28 cprs. rev.;BISSULFATO DE CLOPIDOGREL;7897595633675;1006811340087;90384814;526517040088606;S;N;28;51.27;70.67;1.83;2.52;;BRAS_PF_PMC;ed. 1095;20;
BRASINDICE;1100;medicamento;0000071213;05;828-19442-EQOO;DR. REDDY S;BISSULFATO DE CLOPIDOGREL - GENERICO;75 mg. ct. bl. al. al. x 28 cprs. rev.;BISSULFATO DE CLOPIDOGREL;8901148239104;1514300230041;90377133;507517060006706;S;N;28;222.24;306.34;7.94;10.94;;BRAS_PF_PMC;ed. 1090;20;
BRASINDICE;1100;medicamento;0000073738;05;702-19442-CKQU;SANDOZ;BISSULFATO DE CLOPIDOGREL - GENERICO;75 mg. bl. 28 cprs. rev.;BISSULFATO DE CLOPIDOGREL;7897595605924;1004704240082;90190327;511511602119117;S;N;28;47.49;65.46;1.7;2.34;;BRAS_PF_PMC;ed. 1100;20;
BRASINDICE;1100;medicamento;0000073936;05;702-19442-EWVE;SANDOZ;BISSULFATO DE CLOPIDOGREL - GENERICO;75 mg. bl. 56 cprs. rev.;BISSULFATO DE CLOPIDOGREL;7897595635143;1004704240171;90402944;511518030066306;S;N;56;90.98;125.41;1.62;2.24;;BRAS_PF_PMC;ed. 1100;20;
BRASINDICE;1100;medicamento;0000075604;05;1025-19442-EYVL;BIOLAB GENERICOS;BISSULFATO DE CLOPIDOGREL - GENERICO;75 mg. ct. bl. al. plas. inc. x 30 cprs. rev.;BISSULFATO DE CLOPIDOGREL;7898146824450;1049201890028;90011635;506906002118111;S;N;30;45.96;63.35;1.53;2.11;;BRAS_PF_PMC;ed. 1091;20;
BRASINDICE;1100;medicamento;0000079531;05;748-19442-FEGF;ACCORD;BISSULFATO DE CLOPIDOGREL - GENERICO;75 mg. ct. bl. al.al. x 30 cprs. rev.;BISSULFATO DE CLOPIDOGREL;7898565581668;1553700570037;90429290;538019040027506;S;N;30;231.01;318.42;7.7;10.61;;BRAS_PF_PMC;ed. 1092;20;
BRASINDICE;1100;medicamento;0000037401;05;062-18353-CXVA;EMS;BISURAN;4 mg/5 ml xpe. inf. fr. 120 ml;CLORIDRATO DE BROMEXINA;7896004720609;1023508930035;90052943;507741801131411;N;N;1;13.14;17.63;13.14;17.63;;BRAS_PF_PMC;ed. 1079;20;
BRASINDICE;1100;medicamento;0000040651;05;062-18353-CXUV;EMS;BISURAN;8 mg/5 ml xpe. ad. fr. 120 ml;CLORIDRATO DE BROMEXINA;7896004733784;1023508930061;90052951;507741802138411;N;N;1;18.2;24.41;18.2;24.41;;BRAS_PF_PMC;ed. 1079;20;
BRASINDICE;1100;medicamento;0000078361;05;438-25024-ACPT;BIOLAB SANUS;BIVOLET;5 mg. cx. 30 cprs.;CLORIDRATO DE NEBIVOLOL;7896112402107;1049202340048;90361458;506916110028904;N;N;30;49.93;66.97;1.66;2.23;;BRAS_PF_PMC;ed. 1092;20;
BRASINDICE;1100;medicamento;0000078811;05;438-25024-DGST;BIOLAB SANUS;BIVOLET;5 mg. cx. 14 cprs.;;7896112402091;1049202340021;90459717;506920010034007;N;;14;33.34;44.73;2.38;3.2;;BRAS_PF_PMC;ed. 1067;20;
BRASINDICE;1100;medicamento;0000087072;05;438-25024-FNFW;BIOLAB SANUS;BIVOLET;5 mg x 90 cprs.;CLORIDRATO DE NEBIVOLOL;7896112406983;1097403330082;90554116;504122120083003;N;N;90;123.11;165.14;1.37;1.83;;BRAS_PF_PMC;ed. 1092;20;
BRASINDICE;1100;medicamento;0000093494;05;048-28417-FUMH;ACHE;BIXLYN;20 mg bl. x 15 cprs.;BILASTINA;7896658049637;1057300940024;90596684;552924120168704;N;N;15;32.28;43.3;2.15;2.89;;BRAS_PF_PMC;ed. 1091;20;
BRASINDICE;1100;medicamento;0000093495;05;048-28417-FBML;ACHE;BIXLYN;20 mg bl. x 30 cprs.;BILASTINA;7896658049644;1057300940032;90596692;552924120168804;N;N;30;53.14;71.29;1.77;2.38;;BRAS_PF_PMC;ed. 1091;20;
BRASINDICE;1100;medicamento;0000093496;05;048-28417-FNSL;ACHE;BIXLYN;20 mg bl. x 10 cprs.;BILASTINA;7896658050183;1057300940016;90596676;552924120168604;N;N;10;17.71;23.76;1.77;2.38;;BRAS_PF_PMC;ed. 1091;20;
BRASINDICE;1100;medicamento;0000094981;05;072-28738-FXBJ;EUROFARMA;BIZO;2,5 mg bl. al. 7 cprs. rev.;HEMIFUMARATO DE BISOPROLOL;7891317046743;1004315360044;90612116;508025080192704;N;N;7;9.69;13.36;1.38;1.91;;BRAS_PF_PMC;ed. 1094;20;
BRASINDICE;1100;medicamento;0000094982;05;072-28738-FXBK;EUROFARMA;BIZO;2,5 mg bl. al. 30 cprs. rev.;HEMIFUMARATO DE BISOPROLOL;7891317046712;1004315360060;90612124;508025080192804;N;N;30;41.5;57.2;1.38;1.91;;BRAS_PF_PMC;ed. 1094;20;
BRASINDICE;1100;medicamento;0000094983;05;072-28738-FXBL;EUROFARMA;BIZO;5 mg bl. al. 7 cprs. rev.;HEMIFUMARATO DE BISOPROLOL;7891317046750;1004315360079;90612132;508025080192904;N;N;7;11.41;15.73;1.63;2.25;;BRAS_PF_PMC;ed. 1094;20;
BRASINDICE;1100;medicamento;0000094984;05;072-28738-FXBF;EUROFARMA;BIZO;5 mg bl. al. 30 cprs. rev.;HEMIFUMARATO DE BISOPROLOL;7891317046729;1004315360095;90612140;508025080193004;N;N;30;48.87;67.36;1.63;2.25;;BRAS_PF_PMC;ed. 1094;20;
BRASINDICE;1100;medicamento;0000094985;05;072-28738-FXBM;EUROFARMA;BIZO;10 mg bl. al. 7 cprs. rev.;HEMIFUMARATO DE BISOPROLOL;7891317046767;1004315360109;90612159;508025080193104;N;N;7;14.28;19.68;2.04;2.81;;BRAS_PF_PMC;ed. 1094;20;
BRASINDICE;1100;medicamento;0000094986;05;072-28738-FXBN;EUROFARMA;BIZO;10 mg bl. al. 30 cprs. rev.;HEMIFUMARATO DE BISOPROLOL;7891317046736;1004315360125;90612167;508025080193204;N;N;30;61.2;84.36;2.04;2.81;;BRAS_PF_PMC;ed. 1094;20;
BRASINDICE;1100;medicamento;0000076427;05;427-07882-EZVZ;BLAU FARM.;BLAUBIMAX - ALBUMINA HUMANA (Restrito Hosp.);20 % sol. inj. cx. 10 FA vd. trans. x 50 ml;ALBUMINA HUMANA;7896014648849;1163700400095;90348060;504416090059007;N;S;10;3931.54;0;393.15;0;;BRAS_PF_PMC;ed. 1097;20;
BRASINDICE;1100;medicamento;0000082033;05;427-07882-FHPD;BLAU FARM.;BLAUBIMAX - ALBUMINA HUMANA (Restrito Hosp.);20% sol. inj. ct. FA vd. trans. x 50 ml;ALBUMINA HUMANA;7896014648832;1163700400087;90348079;504416090059107;N;S;1;393.13;0;393.13;0;;BRAS_PF_PMC;ed. 1097;20;
BRASINDICE;1100;medicamento;0000084589;05;427-26385-FKQI;BLAU FARM.;BLAUIMUNO (Restrito Hosp.);50 mg/ml sol. inj. ct. 01 FA vd. transp. x 100 ml;IMUNOGLOBULINA HUMANA;7896014621323;1163701610034;90507401;504421040067807;N;S;1;3674.26;0;3674.26;0;;BRAS_PF_PMC;ed. 1097;20;
BRASINDICE;1100;medicamento;0000094440;05;562-28679-FWTG;GLAXOSMITHKLINE;BLENREP (Restrito Hosp.);70 mg po liof. sol. inj. IV x 01;BELANTAMABE MAFODOTINA;7896015593605;1010703690011;90618823;510625120062102;N;S;1;96498.99;0;96498.99;0;;BRAS_PF_PMC;ed. 1094;20;
BRASINDICE;1100;medicamento;0000094441;05;562-28679-FWTH;GLAXOSMITHKLINE;BLENREP (Restrito Hosp.);100 mg po liof. sol. inj. IV x 01;BELANTAMABE MAFODOTINA;7896015593612;1010703690021;90618831;510625120062002;N;S;1;137855.7;0;137855.7;0;;BRAS_PF_PMC;ed. 1094;20;
BRASINDICE;1094;medicamento;0000070998;05;001-11118-ETRC;UNIAO QUIMICA;BLEPHAGEL;Gel. bisn. 40 g;;3662042000249;2520300060014;;;N;;1;105.46;0;105.46;0;;BRAS_PF_PMC;ed. 1086;20;
BRASINDICE;1100;medicamento;0000091156;05;072-27845-FSOA;EUROFARMA;BLESTO (Restrito Hosp.);15 U po. liof. sol. inj. IM/IV/IP/SC ct. FA vd. trans.;SULFATO DE BLEOMICINA;7891317030025;1004315090012;90591720;508024070184004;N;S;1;357.59;0;357.59;0;;BRAS_PF_PMC;ed. 1094;20;
BRASINDICE;1100;medicamento;0000015079;05;171-12978-CDZY;GUERBET;BLEU PATENTE V (Restrito Hosp.);Amp. 2 ml x 5;SAL SÓDICO;7897854900937;1498000040012;90629450;511000101157418;;S;5;237.34;0;47.47;0;;BRAS_PF_PMC;ed. 1069;20;
BRASINDICE;1100;medicamento;0000071737;05;952-26874-EUPZ;AMGEN;BLINCYTO (Restrito Hosp.) (CONVENIO 132/21);38,5 mcg po liof. sol. inj. FA vd. trans. + 1 FA sol. estabil. x 10 ml;BLINATUMOMABE;7898609960015;1024400110019;90391764;544117080004101;N;S;1;14526.33;0;14526.33;0;;BRAS_PF_PMC;ed. 1092;20;
BRASINDICE;1100;medicamento;0000095012;05;152-28740-FXCC;B.BRAUN;BLOQUERON (Restrito Hosp.);10 mg/ml sol. inj. IV cx. 20 amp. plas. PEBD trans. x 5 ml;BROMETO DE ROCURÔNIO;403053921755;1008502450011;90581091;520924050015104;N;S;20;1610.28;0;80.51;0;;BRAS_PF_PMC;ed. 1089;20;
BRASINDICE;1094;medicamento;0000087518;05;473-26955-FNTH;NEO QUIMICA;BLUGRIP PELARGONIUM;Ct. fr. 50 ml;;7896714290539;1558406290023;;;N;;1;71.31;0;71.31;0;;BRAS_PF_PMC;ed. 1066;20;
BRASINDICE;1094;medicamento;0000087519;05;473-26955-FNTI;NEO QUIMICA;BLUGRIP PELARGONIUM;Ct. fr. 20 ml;;7896714290546;1558406290015;;;N;;1;43.73;0;43.73;0;;BRAS_PF_PMC;ed. 1066;20;
BRASINDICE;1100;medicamento;0000035496;05;473-17806-FJKW;NEO QUIMICA;BLUMEL HEDERA;15 mg/ml xpe fr. x 100 ml;HEDERA HELIX (HERA);7896714274799;1558404090027;90442490;504619110073107;N;N;1;29.39;39.43;29.39;39.43;;BRAS_PF_PMC;ed. 1084;20;
BRASINDICE;1094;medicamento;0000082752;05;846-26023-EUGJ;COSMED;BLUSORO JET INFANTIL;0,9% fr. 100 ml;;7896094921245;;;;N;;1;35.72;0;35.72;0;;BRAS_PF_PMC;ed. 1066;20;
BRASINDICE;1094;medicamento;0000092269;05;001-28120-EZLY;UNIAO QUIMICA;BLUVITE VISAO;30 caps. mole;;7896006299837;;;;N;;30;65.8;0;2.19;0;;BRAS_PF_PMC;ed. 1091;20;
BRASINDICE;1094;medicamento;0000092137;05;1117-28075-FTTZ;ALTHAIA S.A.;BODY PROTEIN NEUTRO;Cx. 30 unidades 15 g;;7898687736298;;;;N;;30;304.57;0;10.15;0;;BRAS_PF_PMC;ed. 1066;20;
BRASINDICE;1100;medicamento;0000037540;05;376-18372-ABUV;HEBRON;BOLDINE;Cx. 30 caps.;;7896685301920;1155700650015;;;N;;30;49.58;63.34;1.65;2.11;;BRAS_PF_PMC;ed. 1090;20;
BRASINDICE;1094;medicamento;0000091912;05;620-28016-FTKN;MEDQUIMICA;BOLDOBEBA FLAC;10 ml cx. 60 flac.;;7896862922085;;;;N;;60;211.64;0;3.53;0;;BRAS_PF_PMC;ed. 1092;20;
BRASINDICE;1094;medicamento;0000064183;05;160-22723-EJVR;J.P.;BOLSA CRYOSTORE;250 ml;;7896137661091;;;;N;;1;1162.43;0;1162.43;0;;BRAS_PF_PMC;ed. 1079;20;
BRASINDICE;1094;medicamento;0000064184;05;160-22723-EJVQ;J.P.;BOLSA CRYOSTORE;500 ml;;7896137661107;;;;N;;1;1186.16;0;1186.16;0;;BRAS_PF_PMC;ed. 1079;20;
BRASINDICE;1094;medicamento;0000070373;05;160-23520-ESYA;J.P.;BOLSA DE SANGUE;Simples  CPDA;;7896137661510;;;;N;;1;68.47;0;68.47;0;;BRAS_PF_PMC;ed. 1079;20;
BRASINDICE;1094;medicamento;0000070374;05;160-23520-ESYB;J.P.;BOLSA DE SANGUE;Dupla CPDA;;7896137660629;;;;N;;1;110.81;0;110.81;0;;BRAS_PF_PMC;ed. 1079;20;
BRASINDICE;1094;medicamento;0000070375;05;160-23520-ESYC;J.P.;BOLSA DE SANGUE;Tripla CPD/SAGM;;7896137664474;;;;N;;1;197.69;0;197.69;0;;BRAS_PF_PMC;ed. 1079;20;
BRASINDICE;1094;medicamento;0000070376;05;160-23520-ESYD;J.P.;BOLSA DE SANGUE;Quadrupla CPD/SAGM;;7896137664481;;;;N;;1;388.24;0;388.24;0;;BRAS_PF_PMC;ed. 1079;20;
BRASINDICE;1094;medicamento;0000070377;05;160-23520-ESYE;J.P.;BOLSA DE SANGUE;Quadrupla CPD/SAGM c/filtro p/leucocitos em CH;;7896137664337;;;;N;;1;920.17;0;920.17;0;;BRAS_PF_PMC;ed. 1079;20;
BRASINDICE;1094;medicamento;0000070378;05;160-23520-AZKI;J.P.;BOLSA DE SANGUE;Transferencia 150 ml;;7896137660131;;;;N;;1;28.6;0;28.6;0;;BRAS_PF_PMC;ed. 1079;20;
BRASINDICE;1094;medicamento;0000070379;05;160-23520-AZKJ;J.P.;BOLSA DE SANGUE;Transferencia 300 ml;;7896137660032;;;;N;;1;31.63;0;31.63;0;;BRAS_PF_PMC;ed. 1079;20;
BRASINDICE;1094;medicamento;0000070380;05;160-23520-AZKK;J.P.;BOLSA DE SANGUE;Transferencia 600 ml;;7896137660148;;;;N;;1;28.9;0;28.9;0;;BRAS_PF_PMC;ed. 1079;20;
BRASINDICE;1094;medicamento;0000070381;05;160-23520-ESYF;J.P.;BOLSA DE SANGUE;Transferencia quadrupla 100 ml;;7896137660544;;;;N;;1;79.07;0;79.07;0;;BRAS_PF_PMC;ed. 1079;20;
BRASINDICE;1100;medicamento;0000034321;05;173-17613-BWVA;LEGRAND;BONAGRAN;70 mg. bl. 4 cprs.;ALENDRONATO DE SÓDIO TRI-HIDRATADO;7896004726847;1677305240023;90438051;538800402110419;N;N;4;50.05;69.19;12.51;17.3;;BRAS_PF_PMC;ed. 1079;20;
BRASINDICE;1100;medicamento;0000080274;05;048-25394-FFGR;ACHE;BONAR (Restrito Hosp.) (CONVENIO 162/94);15 U inj. ct. x 1;SULFATO DE BLEOMICINA;7896181900818;1057306760028;90450485;552920040122217;N;S;1;357.59;0;357.59;0;;BRAS_PF_PMC;ed. 1091;20;
BRASINDICE;1094;medicamento;0000084851;05;1067-26436-FKYU;INZYME BIONUTRITION;BONE NUTRICCI;100 saches;;0070341464410;;;;N;;100;1289.6;0;12.9;0;;BRAS_PF_PMC;ed. 1066;20;
BRASINDICE;1094;medicamento;0000092130;05;1067-26436-DVYQ;INZYME BIONUTRITION;BONE NUTRICCI;30 saches;;0070341464311;;;;N;;30;435;0;14.5;0;;BRAS_PF_PMC;ed. 1066;20;
BRASINDICE;1100;medicamento;0000046916;05;500-20208-AJKZ;SIGMA PHARMA;BONECAL D;Fr. 30 cprs. rev.;"FOSFATO DE CÁLCIO TRIBÁSICO;COLECALCIFEROL";7894916508483;1356906350034;90240197;531626601111418;N;N;30;32.19;43.18;1.07;1.44;;BRAS_PF_PMC;ed. 1099;20;
BRASINDICE;1100;medicamento;0000046917;05;500-20208-DLJO;SIGMA PHARMA;BONECAL D;Fr. 60 cprs. rev.;"FOSFATO DE CÁLCIO TRIBÁSICO;COLECALCIFEROL";7894916508155;1356906350042;90240200;531626602116413;N;N;60;64.33;86.3;1.07;1.44;;BRAS_PF_PMC;ed. 1099;20;
BRASINDICE;1100;medicamento;0000076518;05;440-14440-FPEG;BAGO;BONVIVA;150 mg ct. bl. al/al x 1 cpr. rev.;IBANDRONATO DE SÓDIO MONOIDRATADO;7898605330409;1562600300010;90423100;559118100008817;N;N;1;267.5;368.72;267.5;368.72;;BRAS_PF_PMC;ed. 1094;20;
BRASINDICE;1100;medicamento;0000084548;05;348-26369-FKOW;CRISTALIA;BORMIB (Restrito Hosp.) (CONVENIO 162/94);3,5 mg. po liof. sol. inj. IV/SC ct. envol. FA vd. trans.;BORTEZOMIBE;7896676437706;1029805670010;90524330;506721110095404;N;S;1;4266.43;0;4266.43;0;;BRAS_PF_PMC;ed. 1094;20;
BRASINDICE;1100;medicamento;0000091369;05;1080-27892-FHKE;CIPLA BRASIL;BORTECIP (Restrito Hosp.) (CONVENIO 162/94);3,5 mg po liof. sol. inj. IV/SC ct. FA vd. trans.;BORTEZOMIBE;8901117284418;1154100150013;90554701;597422110000404;N;S;1;3657.81;0;3657.81;0;;BRAS_PF_PMC;ed. 1072;20;
BRASINDICE;1100;medicamento;0000055713;05;748-21575-DWFK;ACCORD;BORTEZOMIBE - GENERICO (Restrito Hosp.) (CONVENIO 162/94);3,5 mg. po liof. inj. ct. FA vd. inc.;BORTEZOMIBE;7898565580548;1553700320014;90288963;538014010014106;S;S;1;3339.55;0;3339.55;0;;BRAS_PF_PMC;ed. 1092;20;
BRASINDICE;1100;medicamento;0000072222;05;828-21575-EUXU;DR. REDDY S;BORTEZOMIBE - GENERICO (Restrito Hosp.) (CONVENIO 162/94);3,5 mg. po liof. sol. inj. ct. FA vd. trans.;BORTEZOMIBE;8901148239371;1514300220011;90377273;507517100008106;S;S;1;3299.37;0;3299.37;0;;BRAS_PF_PMC;ed. 1090;20;
BRASINDICE;1100;medicamento;0000083090;05;921-21575-FIUL;SUN;BORTEZOMIBE - GENERICO (Restrito Hosp.) (CONVENIO 162/94);3,5 mg po liof. sol. Inj. ct. FA vd. trans.;BORTEZOMIBE;7898272941045;1468200620010;90465369;532420050028407;S;S;1;3379.38;0;3379.38;0;;BRAS_PF_PMC;ed. 1092;20;
BRASINDICE;1100;medicamento;0000088006;05;427-21575-FOJU;BLAU FARM.;BORTEZOMIBE - GENERICO (Restrito Hosp.) (CONVENIO 162/94);3,5 mg po liof. sol. INJ/SC ct. FA vd. trans.;BORTEZOMIBE;7896014681532;1163702000019;90563344;504423050082906;S;S;1;3339.48;0;3339.48;0;;BRAS_PF_PMC;ed. 1097;20;
BRASINDICE;1100;medicamento;0000092718;05;1044-21575-FUMN;CAMBER;BORTEZOMIBE - GENERICO (Restrito Hosp.) (CONVENIO 162/94);3,5 mg po liof. sol. inj. IV/SC ct. FA vd trans.;BORTEZOMIBE;7908101200226;1650700080015;90493290;569920120001607;S;S;1;3079.56;0;3079.56;0;;BRAS_PF_PMC;ed. 1099;20;
BRASINDICE;1100;medicamento;0000060433;05;748-22187-ECXW;ACCORD;BORTYZ (Restrito Hosp.) (CONVENIO 162/94);3,5 mg. po liof. inj. ct. FA vd. trans;BORTEZOMIBE;7898577810923;1553700370011;90326040;538015020016403;N;S;1;3339.55;0;3339.55;0;;BRAS_PF_PMC;ed. 1092;20;
BRASINDICE;1100;medicamento;0000094213;05;748-28600-FWMG;ACCORD;BORTYZ RTU (Restrito Hosp.) (CONVENIO 162/94);2,5 mg/ml sol. Inj. IV/SC ct. FA vd. trans. x 1 ml;BORTEZOMIBE;7898577812743;1553701300017;90604806;538025040053403;N;S;1;2324.93;0;2324.93;0;;BRAS_PF_PMC;ed. 1092;20;
BRASINDICE;1100;medicamento;0000094214;05;748-28600-FWMF;ACCORD;BORTYZ RTU (Restrito Hosp.) (CONVENIO 162/94);2,5 mg/ml sol. Inj. IV/SC ct. FA vd. trans. x 1,4 ml;BORTEZOMIBE;7898577812774;1553701300025;90604814;538025040053303;N;S;1;3254.91;0;3254.91;0;;BRAS_PF_PMC;ed. 1092;20;
BRASINDICE;1100;medicamento;0000095795;05;1127-28932-FXZT;BIOCON;BOSAYA (CONVENIO 132/21);60 mg/ml sol. inj. ct. ser. preench. vd. trans. x 1 ml;;8905056007053;;;;;;1;823.26;1134.78;823.26;1134.78;;BRAS_PF_PMC;ed. 1098;20;
BRASINDICE;1100;medicamento;0000071414;05;1025-21134-EUDZ;BIOLAB GENERICOS;BOSENTANA - GENERICO;125 mg. ct. fr. plast. opc. x 60 cprs. rev.;BOSENTANA;7899551304759;1097403140021;90525264;504121120072217;S;N;60;5000.7;6892.94;83.34;114.88;;BRAS_PF_PMC;ed. 1091;20;
BRASINDICE;1100;medicamento;0000078732;05;372-21134-DSKU;JANSSEN - CILAG;BOSENTANA - GENERICO;62,5 mg. cx. fr. plast. x 60 cprs. rev.;BOSENTANA MONOIDRATADA;7896212480043;1123634300017;90440099;514519120034317;S;N;60;2442.76;3376.97;40.71;56.28;;BRAS_PF_PMC;ed. 1070;20;
BRASINDICE;1100;medicamento;0000078733;05;372-21134-DSKV;JANSSEN - CILAG;BOSENTANA - GENERICO;125 mg. cx. fr. plast. x 60 cprs. rev.;BOSENTANA MONOIDRATADA;7896212480050;1123634300025;90440102;514519120034417;S;N;60;4885.5;6753.92;81.42;112.57;;BRAS_PF_PMC;ed. 1067;20;
BRASINDICE;1100;medicamento;0000081745;05;748-21134-FHFI;ACCORD;BOSENTANA - GENERICO;62,5 mg ct. fr. plas. pead. opc. x 60 cprs. rev.;BOSENTANA MONOIDRATADA;7898577810046;1553700800016;90479351;538020090031007;S;N;60;1574.36;2170.09;26.24;36.17;;BRAS_PF_PMC;ed. 1092;20;
BRASINDICE;1100;medicamento;0000081746;05;748-21134-FHFJ;ACCORD;BOSENTANA - GENERICO;125 mg ct. fr. plas. pead. opc. x 60 cprs. rev.;BOSENTANA MONOIDRATADA;7898947385891;1553700800040;90479360;538020090031107;S;N;60;3148.74;4340.21;52.48;72.34;;BRAS_PF_PMC;ed. 1092;20;
BRASINDICE;1100;medicamento;0000094564;05;921-28703-FWWJ;SUN;BOSPULMO;62,5 mg bl. al. plas.  PVC/PE/PVDC opc. x 60 cprs. rev.;BOSENTANA MONOIDRATADA;7898272946972;1468201210010;90610440;532425070037504;N;N;60;2530.37;3487.85;42.17;58.13;;BRAS_PF_PMC;ed. 1092;20;
BRASINDICE;1100;medicamento;0000094565;05;921-28703-FWWK;SUN;BOSPULMO;125 mg bl. al. plas.  PVC/PE/PVDC opc. x 60 cprs. rev.;BOSENTANA MONOIDRATADA;7898272946989;1468201210037;90610458;532425070037604;N;N;60;5060.73;6975.69;84.35;116.26;;BRAS_PF_PMC;ed. 1092;20;
BRASINDICE;1100;medicamento;0000087439;05;1075-26916-FNRB;PFIZER BRASIL;BOSULIF;100 mg ct. fr. plas. PEAD opc. x 120 cprs. rev.;BOSUTINIBE MONOIDRATADO;7891045164641;1211004870011;90557239;522723010091802;N;N;120;18882.68;25330.44;157.36;211.09;;BRAS_PF_PMC;ed. 1094;20;
BRASINDICE;1100;medicamento;0000087440;05;1075-26916-FNRC;PFIZER BRASIL;BOSULIF;400 mg ct. fr. plas. PEAD opc. x 30 cprs. rev.;BOSUTINIBE MONOIDRATADO;7891045164658;1211004870021;90557247;522723010091602;N;N;30;18882.68;25330.44;629.42;844.35;;BRAS_PF_PMC;ed. 1094;20;
BRASINDICE;1100;medicamento;0000087441;05;1075-26916-FNRD;PFIZER BRASIL;BOSULIF;500 mg ct. fr. plas. PEAD opc. x 30 cprs. rev.;BOSUTINIBE MONOIDRATADO;7891045164665;1211004870038;90557255;522723010091702;N;N;30;15481.1;20767.34;516.04;692.24;;BRAS_PF_PMC;ed. 1094;20;
BRASINDICE;1100;medicamento;0000011437;05;948-10948-BKWC;ABBVIE;BOTOX;100 U.I.;TOXINA BOTULÍNICA A;7897316802939;1986000190012;90583590;543724030004717;N;N;1;2508.75;3458.05;2508.75;3458.05;;BRAS_PF_PMC;ed. 1095;20;
BRASINDICE;1100;medicamento;0000042843;05;948-10948-DEEW;ABBVIE;BOTOX;200 U.I.;TOXINA BOTULÍNICA A;7897316805015;1986000190039;90583612;543724030004617;N;N;1;5017.5;6916.1;5017.5;6916.1;;BRAS_PF_PMC;ed. 1095;20;
BRASINDICE;1100;medicamento;0000054629;05;948-10948-DUWJ;ABBVIE;BOTOX;50 U.I.;TOXINA BOTULÍNICA A;7897316804827;1986000190020;90583604;543724030004517;N;N;1;1254.36;1729;1254.36;1729;;BRAS_PF_PMC;ed. 1095;20;
BRASINDICE;1100;medicamento;0000039239;05;432-18757-CZTV;BERGAMO;BOTULIFT;100 U po liof. inj. ct. 1 FA vd. inc.;TOXINA BOTULÍNICA A;7898149937263;1064601800011;90120744;519508601153412;N;N;1;2317.6;3194.57;2317.6;3194.57;;BRAS_PF_PMC;ed. 1097;20;
BRASINDICE;1100;medicamento;0000070118;05;432-18757-ESSQ;BERGAMO;BOTULIFT;200 U po liof. inj. 1 FA vd. inc.;TOXINA BOTULÍNICA A;7898149939267;1064601800054;90265610;519513070020703;N;N;1;4635.17;6389.1;4635.17;6389.1;;BRAS_PF_PMC;ed. 1097;20;
BRASINDICE;1100;medicamento;0000078313;05;432-18757-FCON;BERGAMO;BOTULIFT;150 U po liof. sol. inj. ct. FA vd. inc.;TOXINA BOTULÍNICA A;7898943602688;1064601800070;90444477;519519120028907;N;N;1;3476.38;4791.83;3476.38;4791.83;;BRAS_PF_PMC;ed. 1097;20;
BRASINDICE;1100;medicamento;0000093460;05;427-24166-FVQR;BLAU FARM.;BOTULIM;50 U po liof. inj. ct. 1 FA vd. inc.;TOXINA BOTULÍNICA A;7896014683901;1163702300039;90613406;504425070094007;N;N;1;1005.45;1385.91;1005.45;1385.91;;BRAS_PF_PMC;ed. 1097;20;
BRASINDICE;1100;medicamento;0000093461;05;427-24166-FVQS;BLAU FARM.;BOTULIM;50 U po liof. inj. ct. 5 FA vd. inc.;TOXINA BOTULÍNICA A;7896014683918;1163702300047;90613414;504425070094107;N;N;5;5027.28;6929.58;1005.46;1385.92;;BRAS_PF_PMC;ed. 1097;20;
BRASINDICE;1100;medicamento;0000093462;05;427-24166-CZTV;BLAU FARM.;BOTULIM;100 U po liof. inj. ct. 1 FA vd. inc.;TOXINA BOTULÍNICA A;7896014683925;1163702300012;90613384;504425070093807;N;N;1;2152.01;2966.32;2152.01;2966.32;;BRAS_PF_PMC;ed. 1097;20;
BRASINDICE;1100;medicamento;0000093463;05;427-24166-FVQT;BLAU FARM.;BOTULIM;100 U po liof. inj. ct. 5 FA vd. inc.;TOXINA BOTULÍNICA A;7896014683932;1163702300020;90613392;504425070093907;N;N;5;10760.07;14831.64;2152.01;2966.33;;BRAS_PF_PMC;ed. 1097;20;
BRASINDICE;1100;medicamento;0000093464;05;427-24166-FCON;BLAU FARM.;BOTULIM;150 U po liof. sol. inj. ct. FA vd. inc.;TOXINA BOTULÍNICA A;7896014683949;1163702300071;90613449;504425070094407;N;N;1;3476.38;4791.83;3476.38;4791.83;;BRAS_PF_PMC;ed. 1097;20;
BRASINDICE;1100;medicamento;0000093465;05;427-24166-FVQU;BLAU FARM.;BOTULIM;200 U po liof. inj. ct. 1 FA vd. inc.;TOXINA BOTULÍNICA A;7896014683963;1163702300055;90613422;504425070094207;N;N;1;4635.17;6389.1;4635.17;6389.1;;BRAS_PF_PMC;ed. 1097;20;
BRASINDICE;1100;medicamento;0000093466;05;427-24166-FVQV;BLAU FARM.;BOTULIM;200 U po liof. inj. ct. 5 FA vd. inc.;TOXINA BOTULÍNICA A;7896014683970;1163702300063;90613430;504425070094307;N;N;5;23175.84;31945.48;4635.17;6389.1;;BRAS_PF_PMC;ed. 1097;20;
BRASINDICE;1100;medicamento;0000071993;05;828-23844-EUXU;DR. REDDY S;BOZORED (Restrito Hosp.) (CONVENIO 162/94);3,5 mg. po liof. sol. inj. ct. FA vd. trans.;BORTEZOMIBE;8901148240063;1514300270019;90377265;507517090008004;N;S;1;4187.7;0;4187.7;0;;BRAS_PF_PMC;ed. 1090;20;
BRASINDICE;1100;medicamento;0000087442;05;1075-26917-FNRE;PFIZER BRASIL;BRAFTOVI;75 mg ct. bl. al. al. x 42 caps. dura;ENCORAFENIBE;7891045164955;1211004830028;90557212;522723010091301;N;N;42;9194.02;12333.45;218.91;293.65;;BRAS_PF_PMC;ed. 1094;20;
BRASINDICE;1094;medicamento;0000089396;05;088-27476-FQLK;MANTECORP FARMASA;BRAINMETYL;Ct. fr. 40 ml;;7896094929357;;;;N;;1;156.15;0;156.15;0;;BRAS_PF_PMC;ed. 1084;20;
BRASINDICE;1100;medicamento;0000075936;05;500-24647-EZGG;SIGMA PHARMA;BRAMICAR;40 mg. 3 bl. x 10 cprs.;TELMISARTANA;7894916508933;1356907060056;90413180;531618110084104;N;N;30;75.73;104.39;2.52;3.48;;BRAS_PF_PMC;ed. 1099;20;
BRASINDICE;1100;medicamento;0000075937;05;500-24647-BTSP;SIGMA PHARMA;BRAMICAR;80 mg. 3 bl. x 10 cprs.;TELMISARTANA;7894916508940;1356907060129;90413202;531618110084304;N;N;30;75.73;104.39;2.52;3.48;;BRAS_PF_PMC;ed. 1099;20;
BRASINDICE;1100;medicamento;0000075938;05;500-24647-EZGJ;SIGMA PHARMA;BRAMICAR;40 mg. bl. x 10 cprs.;TELMISARTANA;7894916513210;1356907060013;90413172;531618110084004;N;N;10;24.2;33.36;2.42;3.34;;BRAS_PF_PMC;ed. 1099;20;
BRASINDICE;1100;medicamento;0000075939;05;500-24647-EZGK;SIGMA PHARMA;BRAMICAR;80 mg. bl. x 10 cprs.;TELMISARTANA;7894916513227;1356907060080;90413199;531618110084204;N;N;10;24.2;33.36;2.42;3.34;;BRAS_PF_PMC;ed. 1099;20;
BRASINDICE;1100;medicamento;0000083920;05;500-24647-ETCY;SIGMA PHARMA;BRAMICAR;40 mg. 60 cprs.;TELMISARTANA;7894916516716;1356907060064;90526007;531621110094803;N;N;60;96.95;133.64;1.62;2.23;;BRAS_PF_PMC;ed. 1099;20;
BRASINDICE;1100;medicamento;0000083921;05;500-24647-BZGV;SIGMA PHARMA;BRAMICAR;80 mg. 60 cprs.;TELMISARTANA;7894916516723;1356907060137;90526015;531621110094903;N;N;60;96.95;133.64;1.62;2.23;;BRAS_PF_PMC;ed. 1099;20;
BRASINDICE;1100;medicamento;0000075929;05;500-24648-EZGA;SIGMA PHARMA;BRAMICAR HCT;40 + 12,5 mg. bl. 10 cprs.;"HIDROCLOROTIAZIDA;TELMISARTANA";7894916513128;1356907290019;90413083;531618100083104;N;N;10;27.66;38.24;2.77;3.82;;BRAS_PF_PMC;ed. 1099;20;
BRASINDICE;1100;medicamento;0000075930;05;500-24648-EZGB;SIGMA PHARMA;BRAMICAR HCT;40 + 12,5 mg. 3 bl. x 10 cprs.;"HIDROCLOROTIAZIDA;TELMISARTANA";7894916510004;1356907290035;90413091;531618100083204;N;N;30;81.8;112.75;2.73;3.76;;BRAS_PF_PMC;ed. 1099;20;
BRASINDICE;1100;medicamento;0000075931;05;500-24648-EZGC;SIGMA PHARMA;BRAMICAR HCT;80 + 12,5 mg. 3 bl. x 10 cprs.;"HIDROCLOROTIAZIDA;TELMISARTANA";7894916510011;1356907290108;90413113;531618100083404;N;N;30;81.8;112.75;2.73;3.76;;BRAS_PF_PMC;ed. 1099;20;
BRASINDICE;1100;medicamento;0000075932;05;500-24648-EZGD;SIGMA PHARMA;BRAMICAR HCT;80 + 12,5 mg. bl. 10 cprs.;"HIDROCLOROTIAZIDA;TELMISARTANA";7894916513142;1356907290086;90413105;531618100083304;N;N;10;27.66;38.24;2.77;3.82;;BRAS_PF_PMC;ed. 1099;20;
BRASINDICE;1100;medicamento;0000075933;05;500-24648-EZGE;SIGMA PHARMA;BRAMICAR HCT;80 + 12,5 mg. 6 bl. x 10 cprs.;"HIDROCLOROTIAZIDA;TELMISARTANA";7894916513135;1356907290116;90413121;531618100083504;N;N;60;104.7;144.32;1.74;2.41;;BRAS_PF_PMC;ed. 1099;20;
BRASINDICE;1100;medicamento;0000076894;05;500-24648-EWSS;SIGMA PHARMA;BRAMICAR HCT;80 + 25 mg. 3 bl. x 10 cprs.;"HIDROCLOROTIAZIDA;TELMISARTANA";7894916510028;1356907290175;90413130;531618100083604;N;N;30;81.8;112.75;2.73;3.76;;BRAS_PF_PMC;ed. 1099;20;
BRASINDICE;1100;medicamento;0000043076;05;044-19501-DEOG;CHIESI;BRAMITOB;Cx. c/56 flaconetes;TOBRAMICINA;7896672202186;1005801120035;90039530;508503903131313;N;N;56;10596.12;14605.65;189.22;260.82;;BRAS_PF_PMC;ed. 1093;20;
BRASINDICE;1100;medicamento;0000043030;05;500-19494-CBPI;SIGMA PHARMA;BRASART;80 mg 3 bl. x 10 cprs. rev.;VALSARTANA;7894916507912;1356906960071;90386256;531623501114410;N;N;30;42.58;58.69;1.42;1.96;;BRAS_PF_PMC;ed. 1099;20;
BRASINDICE;1100;medicamento;0000043031;05;500-19494-DDWO;SIGMA PHARMA;BRASART;160 mg. 3 bl. x 10 cprs. rev.;VALSARTANA;7894916507936;1356906960126;90386264;531623502110419;N;N;30;40.4;55.69;1.35;1.86;;BRAS_PF_PMC;ed. 1099;20;
BRASINDICE;1100;medicamento;0000043032;05;500-19494-DDWP;SIGMA PHARMA;BRASART;320 mg. 3 bl. x 10 cprs. rev.;VALSARTANA;7894916507950;1356906960177;90413407;531623503117417;N;N;30;53.4;73.61;1.78;2.45;;BRAS_PF_PMC;ed. 1099;20;
BRASINDICE;1100;medicamento;0000087393;05;500-19494-FNQA;SIGMA PHARMA;BRASART;160 mg 6 bl. x 10 cprs. rev.;VALSARTANA;7894916517805;1356906960134;90548795;531622090096503;N;N;60;72.77;100.31;1.21;1.67;;BRAS_PF_PMC;ed. 1099;20;
BRASINDICE;1100;medicamento;0000055982;05;500-21633-DWNN;SIGMA PHARMA;BRASART BCC;160 mg. + 5 mg. 3 bl. x 10 cprs. rev.;"VALSARTANA;BESILATO DE ANLODIPINO";7894916509305;1356907020070;90386094;531614040073304;N;N;30;92.51;127.52;3.08;4.25;;BRAS_PF_PMC;ed. 1099;20;
BRASINDICE;1100;medicamento;0000055984;05;500-21633-DWNP;SIGMA PHARMA;BRASART BCC;160 mg. + 5 mg. 6 bl. x 10 cprs. rev.;"VALSARTANA;BESILATO DE ANLODIPINO";7894916510103;1356907020089;90386108;531614040073404;N;N;60;165.55;228.19;2.76;3.8;;BRAS_PF_PMC;ed. 1099;20;
BRASINDICE;1100;medicamento;0000055985;05;500-21633-DWNQ;SIGMA PHARMA;BRASART BCC;320 mg. + 5 mg. 6 bl. x 10 cprs. rev.;"VALSARTANA;BESILATO DE ANLODIPINO";7894916509299;1356907020186;90386124;531614040073604;N;N;60;178.1;245.49;2.97;4.09;;BRAS_PF_PMC;ed. 1099;20;
BRASINDICE;1100;medicamento;0000055986;05;500-21633-DWNR;SIGMA PHARMA;BRASART BCC;320 mg. + 5 mg. 3 bl. x 10 cprs. rev.;"VALSARTANA;BESILATO DE ANLODIPINO";7894916509329;1356907020178;90386116;531614040073504;N;N;30;98.94;136.38;3.3;4.55;;BRAS_PF_PMC;ed. 1099;20;
BRASINDICE;1100;medicamento;0000055987;05;500-21633-DWNS;SIGMA PHARMA;BRASART BCC;320 mg. + 10 mg. 3 bl. x 10 cprs. rev.;VALSARTANA;7894916509336;1356907020224;90386132;531614040073704;N;N;30;109.33;150.7;3.64;5.02;;BRAS_PF_PMC;ed. 1099;20;
BRASINDICE;1100;medicamento;0000074400;05;500-21633-EXJX;SIGMA PHARMA;BRASART BCC;160 mg. + 5 mg. 9 bl. x 10 cprs. rev.;"VALSARTANA;BESILATO DE ANLODIPINO";7894916513036;1356907020097;90412990;531618060082203;N;N;90;157.86;218.23;1.75;2.42;;BRAS_PF_PMC;ed. 1099;20;
BRASINDICE;1100;medicamento;0000049752;05;500-20631-DOWM;SIGMA PHARMA;BRASART HCT;80/12,5 mg. 3 bl. x 10 cprs. rev.;"VALSARTANA;HIDROCLOROTIAZIDA";7894916508346;1356907320023;90477715;531612060066804;N;N;30;75.58;104.18;2.52;3.47;;BRAS_PF_PMC;ed. 1099;20;
BRASINDICE;1100;medicamento;0000049753;05;500-20631-DOWN;SIGMA PHARMA;BRASART HCT;160/12,5 mg. 3 bl. x 10 cprs. rev.;"VALSARTANA;HIDROCLOROTIAZIDA";7894916508353;1356907320147;90477740;531612060066904;N;N;30;75.58;104.18;2.52;3.47;;BRAS_PF_PMC;ed. 1099;20;
BRASINDICE;1100;medicamento;0000049754;05;500-20631-DOWO;SIGMA PHARMA;BRASART HCT;160/25 mg. 3 bl. x 10 cprs. rev.;"VALSARTANA;HIDROCLOROTIAZIDA";7894916508360;1356907320104;90477731;531612060067004;N;N;30;87.28;120.31;2.91;4.01;;BRAS_PF_PMC;ed. 1099;20;
BRASINDICE;1100;medicamento;0000049755;05;500-20631-DOWP;SIGMA PHARMA;BRASART HCT;320/25 mg. 3 bl. x 10 cprs. rev.;"VALSARTANA;HIDROCLOROTIAZIDA";7894916508377;1356907320066;90477723;531612060067104;N;N;30;88.42;121.88;2.95;4.06;;BRAS_PF_PMC;ed. 1099;20;
BRASINDICE;1100;medicamento;0000057777;05;500-20631-DZBS;SIGMA PHARMA;BRASART HCT;320/12,5 mg. 3 bl. x 10 cprs. rev.;"VALSARTANA;HIDROCLOROTIAZIDA";7894916509084;1356907320181;90477766;531614090076703;N;N;30;81.96;112.97;2.73;3.77;;BRAS_PF_PMC;ed. 1099;20;
BRASINDICE;1100;medicamento;0000071277;05;500-20631-EUBA;SIGMA PHARMA;BRASART HCT;160/12,5 mg. 9 bl. x 10 cprs. rev.;"VALSARTANA;HIDROCLOROTIAZIDA";7894916512480;1356907320163;90477758;531617080081403;N;N;90;177.55;244.73;1.97;2.72;;BRAS_PF_PMC;ed. 1099;20;
BRASINDICE;1094;medicamento;0000092062;05;1114-28050-DWKA;BRASSICADERME;BRASSICADERME EMULSAO HIDRATANTE;60 g;;7898751710001;;;;N;;1;64.9;0;64.9;0;;BRAS_PF_PMC;ed. 1066;20;
BRASINDICE;1100;medicamento;0000050125;05;048-20683-CFVN;ACHE;BRAVAN;80 mg. bl. 30 cprs. rev.;VALSARTANA;7896658016653;1057304340021;90264061;500512080044604;N;N;30;38.67;53.3;1.29;1.78;;BRAS_PF_PMC;ed. 1091;20;
BRASINDICE;1100;medicamento;0000050126;05;048-20683-DMGF;ACHE;BRAVAN;160 mg. bl. 30 cprs. rev.;VALSARTANA;7896658016677;1057304340048;90264088;500512080044804;N;N;30;38.67;53.3;1.29;1.78;;BRAS_PF_PMC;ed. 1091;20;
BRASINDICE;1100;medicamento;0000050127;05;048-20683-DMGG;ACHE;BRAVAN;320 mg. bl. 30 cprs. rev.;VALSARTANA;7896658016691;1057304340064;90264100;500512080045004;N;N;30;47.55;65.54;1.58;2.18;;BRAS_PF_PMC;ed. 1091;20;
BRASINDICE;1100;medicamento;0000060403;05;048-20683-ECXB;ACHE;BRAVAN;80 mg. bl. x 10 crps. rev.;VALSARTANA;7896658016646;1057304340013;90264053;500512080044504;N;N;10;14.27;19.67;1.43;1.97;;BRAS_PF_PMC;ed. 1091;20;
BRASINDICE;1100;medicamento;0000060404;05;048-20683-ECXC;ACHE;BRAVAN;160 mg. bl. x 10 cprs. rev.;VALSARTANA;7896658016660;1057304340031;90264070;500512080044704;N;N;10;14.27;19.67;1.43;1.97;;BRAS_PF_PMC;ed. 1091;20;
BRASINDICE;1100;medicamento;0000060405;05;048-20683-ECXD;ACHE;BRAVAN;320 mg. bl. x 10 cprs. rev.;VALSARTANA;7896658016684;1057304340056;90264096;500512080044904;N;N;10;14.27;19.67;1.43;1.97;;BRAS_PF_PMC;ed. 1091;20;
BRASINDICE;1100;medicamento;0000084348;05;048-26330-FKIK;ACHE;BRAVAN DUO;(80,0 + 5,0) mg ct. bl. x 30 cprs. rev.;"VALSARTANA;BESILATO DE ANLODIPINO";7896658024931;1057307370029;90477642;552920070129107;N;N;30;51.9;71.54;1.73;2.38;;BRAS_PF_PMC;ed. 1091;20;
BRASINDICE;1100;medicamento;0000084349;05;048-26330-FKIL;ACHE;BRAVAN DUO;(160,0 + 5,0) mg ct. bl. x 30 cprs. rev.;"VALSARTANA;BESILATO DE ANLODIPINO";7896658024955;1057307370045;90477669;552920070129307;N;N;30;51.9;71.54;1.73;2.38;;BRAS_PF_PMC;ed. 1091;20;
BRASINDICE;1100;medicamento;0000084350;05;048-26330-FKIM;ACHE;BRAVAN DUO;(160,0 + 10,0) mg ct. bl. x 30 cprs. rev.;"VALSARTANA;BESILATO DE ANLODIPINO";7896658024979;1057307370061;90477588;552920070129507;N;N;30;53.18;73.3;1.77;2.44;;BRAS_PF_PMC;ed. 1091;20;
BRASINDICE;1100;medicamento;0000084351;05;048-26330-FKIN;ACHE;BRAVAN DUO;(320,0 + 5,0) mg ct. bl. x 30 cprs. rev.;"VALSARTANA;BESILATO DE ANLODIPINO";7896658024993;1057307370088;90477600;552920070129707;N;N;30;78.02;107.54;2.6;3.58;;BRAS_PF_PMC;ed. 1091;20;
BRASINDICE;1100;medicamento;0000084352;05;048-26330-FKIO;ACHE;BRAVAN DUO;(320,0 + 10,0) mg ct. bl. x 30 cprs. rev.;"VALSARTANA;BESILATO DE ANLODIPINO";7896658025013;1057307370101;90477626;552920070129907;N;N;30;86.22;118.85;2.87;3.96;;BRAS_PF_PMC;ed. 1091;20;
BRASINDICE;1100;medicamento;0000085468;05;048-26330-FLQR;ACHE;BRAVAN DUO;(160,0+10,0) mg. ct. bl. x 10 cprs. rev.;"VALSARTANA;BESILATO DE ANLODIPINO";7896658024962;1057307370053;90477677;552920070129407;N;N;10;15.18;20.92;1.52;2.09;;BRAS_PF_PMC;ed. 1091;20;
BRASINDICE;1100;medicamento;0000085469;05;048-26330-FLQS;ACHE;BRAVAN DUO;(160,0+5,0) mg. ct. bl. x 10 cprs. rev.;"VALSARTANA;BESILATO DE ANLODIPINO";7896658024948;1057307370037;90477650;552920070129207;N;N;10;15.18;20.92;1.52;2.09;;BRAS_PF_PMC;ed. 1091;20;
BRASINDICE;1100;medicamento;0000085470;05;048-26330-FLQT;ACHE;BRAVAN DUO;(320,0+10,0) mg. ct. bl. x 10 cprs. rev.;"VALSARTANA;BESILATO DE ANLODIPINO";7896658025006;1057307370096;90477618;552920070129807;N;N;10;25.18;34.71;2.52;3.47;;BRAS_PF_PMC;ed. 1091;20;
BRASINDICE;1100;medicamento;0000085471;05;048-26330-FLQU;ACHE;BRAVAN DUO;(320,0+5,0) mg. ct. bl. x 10 cprs. rev.;"VALSARTANA;BESILATO DE ANLODIPINO";7896658024986;1057307370071;90477596;552920070129607;N;N;10;22.8;31.43;2.28;3.14;;BRAS_PF_PMC;ed. 1091;20;
BRASINDICE;1100;medicamento;0000085472;05;048-26330-FLQV;ACHE;BRAVAN DUO;(80,0+5,0) mg. ct. bl. x 10 cprs. rev.;"VALSARTANA;BESILATO DE ANLODIPINO";7896658024924;1057307370010;90477634;552920070129007;N;N;10;15.18;20.92;1.52;2.09;;BRAS_PF_PMC;ed. 1091;20;
BRASINDICE;1100;medicamento;0000074986;05;048-24443-EYBR;ACHE;BRAVAN HCT;80 mg. + 12,5 mg. ct. bl. x 30 cprs. rev.;"VALSARTANA;HIDROCLOROTIAZIDA";7896658018800;1057305140042;90422759;552918070072804;N;N;30;62.22;85.76;2.07;2.86;;BRAS_PF_PMC;ed. 1091;20;
BRASINDICE;1100;medicamento;0000074987;05;048-24443-EYBT;ACHE;BRAVAN HCT;160 mg. + 25 mg. ct. bl. x 30 cprs. rev.;"VALSARTANA;HIDROCLOROTIAZIDA";7896658018787;1057305140123;90422775;552918070073004;N;N;30;62.22;85.76;2.07;2.86;;BRAS_PF_PMC;ed. 1091;20;
BRASINDICE;1100;medicamento;0000074988;05;048-24443-EYBS;ACHE;BRAVAN HCT;160 mg. + 12,5 mg. ct. bl. x 30 cprs. rev.;"VALSARTANA;HIDROCLOROTIAZIDA";7896658018763;1057305140085;90422767;552918070072904;N;N;30;62.22;85.76;2.07;2.86;;BRAS_PF_PMC;ed. 1091;20;
BRASINDICE;1100;medicamento;0000080452;05;048-24443-FFOA;ACHE;BRAVAN HCT;160/12,5 mg. al. al. x 10 cprs. rev.;"VALSARTANA;HIDROCLOROTIAZIDA";7896658018756;1057305140050;90477693;552920070127507;N;N;10;18.16;25.03;1.82;2.5;;BRAS_PF_PMC;ed. 1091;20;
BRASINDICE;1100;medicamento;0000080453;05;048-24443-FFOB;ACHE;BRAVAN HCT;160/25 mg. al. al. x 10 cprs. rev.;"VALSARTANA;HIDROCLOROTIAZIDA";7896658018770;1057305140093;90477707;552920070127607;N;N;10;18.16;25.03;1.82;2.5;;BRAS_PF_PMC;ed. 1091;20;
BRASINDICE;1100;medicamento;0000080454;05;048-24443-FFOC;ACHE;BRAVAN HCT;80/12,5 mg. al. al. x 10 cprs. rev.;"VALSARTANA;HIDROCLOROTIAZIDA";7896658018794;1057305140018;90477685;552920070127407;N;N;10;17.28;23.82;1.73;2.38;;BRAS_PF_PMC;ed. 1091;20;
BRASINDICE;1100;medicamento;0000077055;05;748-26993-FAVN;ACCORD;BRECILA (Restrito Hosp.) (CONVENIO 132/21);2 mg/ml sol. inj. IV ct. FA vd. trans. x 10 ml;CLORIDRATO DE EPIRRUBICINA;7898932797050;1553700160025;90429273;538019040027303;N;S;1;157.49;0;157.49;0;;BRAS_PF_PMC;ed. 1092;20;
BRASINDICE;1100;medicamento;0000077056;05;748-26993-FAVK;ACCORD;BRECILA (Restrito Hosp.) (CONVENIO 132/21);2 mg/ml sol. inj. IV ct. FA vd. trans. x 25 ml;CLORIDRATO DE EPIRRUBICINA;7898932797067;1553700160033;90429281;538019040027403;N;S;1;393.79;0;393.79;0;;BRAS_PF_PMC;ed. 1092;20;
BRASINDICE;1100;medicamento;0000084540;05;432-28189-FKOO;BERGAMO;BREELET (CONVENIO 162/94);2,5 mg ct. bl. al. plas. PVDC/PVC trans. x 30 cprs. rev.;LETROZOL;7898943602671;1064602190012;90528689;519522020030404;N;N;30;930.54;1282.65;31.02;42.76;;BRAS_PF_PMC;ed. 1097;20;
BRASINDICE;1100;medicamento;0000085093;05;095-26479-FLFA;ORGANON;BRENZYS;50 mg/ ml sol. inj. ct. 4 ser. preench. x 1,0 ml;ETANERCEPTE;7898994611516;1592100010023;90423658;569718030000007;N;N;4;3470.25;4783.38;867.56;1195.84;;BRAS_PF_PMC;ed. 1095;20;
BRASINDICE;1100;medicamento;0000005344;05;348-06916-BWDI;CRISTALIA;BREVIBLOC (Restrito Hosp.);250 mg/ml. cx. 10 amps. x 10 ml.;CLORIDRATO DE ESMOLOL;7896676404869;1029802270046;90376587;506717100073603;N;S;10;4838.77;0;483.88;0;;BRAS_PF_PMC;ed. 1094;20;
BRASINDICE;1100;medicamento;0000070745;05;348-06916-ETKW;CRISTALIA;BREVIBLOC (Restrito Hosp.);10 mg/ml cx. 25 FA x 10 ml;CLORIDRATO DE ESMOLOL;7896676425789;1029802270054;90302192;506714120053803;N;S;25;2012.19;0;80.49;0;;BRAS_PF_PMC;ed. 1094;20;
BRASINDICE;1100;medicamento;0000076091;05;348-24683-EZNN;CRISTALIA;BREVIBLOC DILUIDO (Restrito Hosp.);10 mg/ml. - 5 bolsas x 250 ml.;CLORIDRATO DE ESMOLOL;7896676426670;1029804700031;90424565;506719010077703;N;S;5;4392.66;0;878.53;0;;BRAS_PF_PMC;ed. 1094;20;
BRASINDICE;1100;medicamento;0000065965;05;031-00411-EMCZ;GROSS;BREXIN;191,2 mg. ct. bl. pvc/pvdc opc x 5 cprs.;PIROXICAM BETACICLODEXTRINA;7892828001825;1044401080010;90114515;517700303118410;N;N;5;40.34;54.11;8.07;10.82;;BRAS_PF_PMC;ed. 1067;20;
BRASINDICE;1100;medicamento;0000076505;05;031-00411-EMCY;GROSS;BREXIN;191,2 mg. ct. bl. pvc/pvdc opc x 10 cprs.;;7892828001832;1044401080029;90114507;517700301115414;N;;10;80.07;107.41;8.01;10.74;;BRAS_PF_PMC;ed. 1067;20;
BRASINDICE;1100;medicamento;0000091793;05;442-27993-FTGL;ASTRAZENECA;BREZTRI;(160 + 7,2 +5) mcg sus. aer. inal. or. ct. envol. tb. al. x 120 acion. + disp. inal.;"BROMETO DE GLICOPIRRÔNIO;BUDESONIDA;FUMARATO DE FORMOTEROL DI-HIDRATADO";5000456083065;1161803020019;90592344;502324100037105;N;N;1;316.29;424.29;316.29;424.29;;BRAS_PF_PMC;ed. 1092;20;
BRASINDICE;1100;medicamento;0000083949;05;127-18827-DAEZ;MERCK SHARP & DOHME;BRIDION (Restrito Hosp.);100 mg/ml sol. inj. 10 FA x 2 ml;SUGAMADEX SÓDICO;7897572002807;1017101790015;90201302;537701002159212;N;S;10;4956.44;0;495.64;0;;BRAS_PF_PMC;ed. 1096;20;
BRASINDICE;1100;medicamento;0000044048;05;442-19637-DFNX;ASTRAZENECA;BRILINTA;90 mg. bl. 20 cprs. rev.;;7896206403478;1161802380021;90015584;502306401116211;N;;20;124.23;171.74;6.21;8.59;;BRAS_PF_PMC;ed. 1066;20;
BRASINDICE;1100;medicamento;0000044049;05;442-19637-DFNY;ASTRAZENECA;BRILINTA;90 mg. bl. 30 cprs. rev.;;7896206403393;1161802380038;90015592;502306402112218;N;;30;186.3;257.55;6.21;8.59;;BRAS_PF_PMC;ed. 1066;20;
BRASINDICE;1100;medicamento;0000044050;05;442-19637-DFNZ;ASTRAZENECA;BRILINTA;90 mg. bl. 60 cprs. rev.;TICAGRELOR;7896206403409;1161802380046;90015606;502306403119216;N;N;60;391.52;539.67;6.53;8.99;;BRAS_PF_PMC;ed. 1092;20;
BRASINDICE;1100;medicamento;0000080821;05;1049-25486-FFZY;BIOMARIN;BRINEURA (Restrito Hosp.);30 mg/ml. sol. infus. ct. 2 FA vd. trans. x 5 ml. + 1 FA sol. lav. x 5 ml.;ALFACERLIPONASE;5391524461268;1733300030017;90420918;542418120000201;N;S;2;184528.48;0;92264.24;0;;BRAS_PF_PMC;ed. 1093;20;
BRASINDICE;1100;medicamento;0000063642;05;568-22654-AKJF;LUNDBECK;BRINTELLIX;10 mg. 10 cprs.;;5702157141944;1047500520048;90340108;524216010003202;N;;10;146.71;196.8;14.67;19.68;;BRAS_PF_PMC;ed. 1092;20;
BRASINDICE;1100;medicamento;0000063643;05;568-22654-ACEQ;LUNDBECK;BRINTELLIX;10 mg 30 cprs.;BROMIDRATO DE VORTIOXETINA;5702157141951;1047500520056;90340116;524216010003302;N;N;30;304.67;408.7;10.16;13.62;;BRAS_PF_PMC;ed. 1092;20;
BRASINDICE;1100;medicamento;0000068851;05;568-22654-EQVG;LUNDBECK;BRINTELLIX;5 mg. 10 cprs.;BROMIDRATO DE VORTIOXETINA;5702150154897;1047500520013;90340078;524216010002902;N;N;10;73.63;98.77;7.36;9.88;;BRAS_PF_PMC;ed. 1092;20;
BRASINDICE;1100;medicamento;0000068852;05;568-22654-BWJE;LUNDBECK;BRINTELLIX;10 mg. 60 cprs.;BROMIDRATO DE VORTIOXETINA;5702157141968;1047500520064;90340124;524216010003402;N;N;60;550.47;738.43;9.17;12.31;;BRAS_PF_PMC;ed. 1092;20;
BRASINDICE;1100;medicamento;0000073077;05;568-22654-AEFZ;LUNDBECK;BRINTELLIX;5 mg. 30 cprs.;BROMIDRATO DE VORTIOXETINA;5702157141920;1047500520021;90340086;524216010003002;N;N;30;206.61;277.15;6.89;9.24;;BRAS_PF_PMC;ed. 1092;20;
BRASINDICE;1100;medicamento;0000079000;05;568-22654-EXKE;LUNDBECK;BRINTELLIX;15 mg. 60 cprs.;BROMIDRATO DE VORTIOXETINA;5702157142026;1047500520099;90433483;524219050004102;N;N;60;557.95;748.47;9.3;12.47;;BRAS_PF_PMC;ed. 1092;20;
BRASINDICE;1100;medicamento;0000084687;05;568-22654-FKTK;LUNDBECK;BRINTELLIX;20 mg - 30 comprimidos;BROMIDRATO DE VORTIOXETINA;5702150152619;1047500520110;90493532;524220120005007;N;N;30;441.94;592.84;14.73;19.76;;BRAS_PF_PMC;ed. 1092;20;
BRASINDICE;1100;medicamento;0000068684;05;001-23324-EQOW;UNIAO QUIMICA;BRITENS;2 mg/ml + 5 mg/ml sol. oft. ct. fr. plast. opc. got. x 5 ml;"MALEATO ÁCIDO DE TIMOLOL;TARTARATO DE BRIMONIDINA";7896006226208;1049714010012;90371461;533016100064404;N;N;1;94.01;129.58;94.01;129.58;;BRAS_PF_PMC;ed. 1096;20;
BRASINDICE;1100;medicamento;0000068685;05;001-23324-EQOX;UNIAO QUIMICA;BRITENS;2 mg/ml + 5 mg/ml sol. oft. ct. fr. plast. opc. got. x 10 ml;"MALEATO ÁCIDO DE TIMOLOL;TARTARATO DE BRIMONIDINA";7896006226215;1049714010020;90371470;533016100064504;N;N;1;131.39;181.11;131.39;181.11;;BRAS_PF_PMC;ed. 1096;20;
BRASINDICE;1100;medicamento;0000093688;05;001-28501-FVXT;UNIAO QUIMICA;BRITENS LC;(2 + 5) mg/ml sol. got. oft. ct. fr. got. plas. PEBD opc x 5 ml;"MALEATO DE TIMOLOL;TARTARATO DE BRIMONIDINA";7896006298144;1049715510019;90608879;533025070094203;N;N;1;79.6;109.72;79.6;109.72;;BRAS_PF_PMC;ed. 1096;20;
BRASINDICE;1100;medicamento;0000093689;05;001-28501-FVXQ;UNIAO QUIMICA;BRITENS LC;(2 + 5) mg/ml sol. got. oft. ct. fr. got. plas. PEBD opc. x 10 ml;"MALEATO DE TIMOLOL;TARTARATO DE BRIMONIDINA";7896006298137;1049715510027;90608887;533025070094303;N;N;1;111.54;153.75;111.54;153.75;;BRAS_PF_PMC;ed. 1096;20;
BRASINDICE;1100;medicamento;0000089326;05;173-27447-FQJH;LEGRAND;BRIXAG;2 mg + 5 mg sol. oft. 5 ml;"MALEATO DE TIMOLOL;TARTARATO DE BRIMONIDINA";7896004789408;1677306840024;90567315;538823070116904;N;N;1;81.69;112.6;81.69;112.6;;BRAS_PF_PMC;ed. 1092;20;
BRASINDICE;1100;medicamento;0000007099;05;001-07976-BAJZ;UNIAO QUIMICA;BROMAZEPAM - GENERICO;3 mg. 3 bl. x 10 cprs.;BROMAZEPAM;7896006254799;1049712060020;90206916;533001203116115;S;N;30;21.43;29.54;0.71;0.98;;BRAS_PF_PMC;ed. 1096;20;
BRASINDICE;1100;medicamento;0000007100;05;001-07976-BAKA;UNIAO QUIMICA;BROMAZEPAM - GENERICO;6 mg. 3 bl. x 10 cprs.;BROMAZEPAM;7896006242758;1049712060055;90206932;533001206115111;S;N;30;31.22;43.03;1.04;1.43;;BRAS_PF_PMC;ed. 1096;20;
BRASINDICE;1100;medicamento;0000007108;05;062-07976-BAJZ;EMS;BROMAZEPAM - GENERICO;3 mg. 3 bl. x 10 cprs.;BROMAZEPAM;7896004716268;1023504690031;90052986;507725203111113;S;N;30;18.73;25.89;0.62;0.86;;BRAS_PF_PMC;ed. 1079;20;
BRASINDICE;1100;medicamento;0000007109;05;062-07976-BAKA;EMS;BROMAZEPAM - GENERICO;6 mg. 3 bl. x 10 cprs.;BROMAZEPAM;7896004713762;1023504690048;90052994;507725202113112;S;N;30;29.43;40.69;0.98;1.36;;BRAS_PF_PMC;ed. 1079;20;
BRASINDICE;1100;medicamento;0000007121;05;1048-07976-BAJZ;SANOFI MEDLEY;BROMAZEPAM - GENERICO;3 mg. 3 bl. x 10 cprs.;BROMAZEPAM;7896422505963;1832600420021;90351983;525001402118114;S;N;30;19.16;26.41;0.64;0.88;;BRAS_PF_PMC;ed. 1099;20;
BRASINDICE;1100;medicamento;0000007122;05;1048-07976-BAKA;SANOFI MEDLEY;BROMAZEPAM - GENERICO;6 mg. 3 bl. x 10 cprs.;BROMAZEPAM;7896422505970;1832600420056;90352009;525001404110110;S;N;30;24.72;34.07;0.82;1.14;;BRAS_PF_PMC;ed. 1099;20;
BRASINDICE;1100;medicamento;0000007132;05;591-07976-BAJZ;GERMED;BROMAZEPAM - GENERICO;3 mg. 3 bl. x 10 cprs.;BROMAZEPAM;7896004716275;1058308380034;90409191;526120003118119;S;N;30;18.54;25.56;0.62;0.85;;BRAS_PF_PMC;ed. 1092;20;
BRASINDICE;1100;medicamento;0000007133;05;591-07976-BAKA;GERMED;BROMAZEPAM - GENERICO;6 mg. 3 bl. x 10 cprs.;BROMAZEPAM;7896004713779;1058308380042;90409205;526120004114117;S;N;30;29.41;40.54;0.98;1.35;;BRAS_PF_PMC;ed. 1092;20;
BRASINDICE;1100;medicamento;0000043853;05;473-07976-CLPL;NEO QUIMICA;BROMAZEPAM - GENERICO;3 mg. cx. 30 cprs.;BROMAZEPAM;7896714212203;1558402980025;90334027;504616010032617;S;N;30;18.96;26.13;0.63;0.87;;BRAS_PF_PMC;ed. 1091;20;
BRASINDICE;1100;medicamento;0000043855;05;473-07976-CLPK;NEO QUIMICA;BROMAZEPAM - GENERICO;6 mg. cx. 30 cprs.;BROMAZEPAM;7896714212371;1558402980165;90334140;504616020033817;S;N;30;31.06;42.81;1.04;1.43;;BRAS_PF_PMC;ed. 1091;20;
BRASINDICE;1100;medicamento;0000077275;05;048-07976-FBEC;ACHE;BROMAZEPAM - GENERICO;3 mg bl. x 20 cprs. (B1);BROMAZEPAM;7896181907268;1057306080019;90447476;552920010102617;S;N;20;12.96;17.86;0.65;0.89;;BRAS_PF_PMC;ed. 1091;20;
BRASINDICE;1100;medicamento;0000077276;05;048-07976-FBED;ACHE;BROMAZEPAM - GENERICO;3 mg bl. x 30 cprs. (B1);BROMAZEPAM;7896181909538;1057306080027;90447484;552920010102717;S;N;30;18.96;26.13;0.63;0.87;;BRAS_PF_PMC;ed. 1091;20;
BRASINDICE;1100;medicamento;0000077277;05;048-07976-FBEE;ACHE;BROMAZEPAM - GENERICO;6 mg bl. x 20  cprs. (B1);BROMAZEPAM;7896181907657;1057306080035;90447492;552920010102817;S;N;20;19.24;26.52;0.96;1.33;;BRAS_PF_PMC;ed. 1091;20;
BRASINDICE;1100;medicamento;0000077278;05;048-07976-FBEF;ACHE;BROMAZEPAM - GENERICO;6 mg bl. x 30  cprs. (B1);BROMAZEPAM;7896181909248;1057306080043;90447506;552920010102917;S;N;30;26.82;36.97;0.89;1.23;;BRAS_PF_PMC;ed. 1091;20;
BRASINDICE;1100;medicamento;0000036806;05;170-18143-CLPI;TEUTO BRAS.;BROMAZEPAM - GENERICO (Restrito Hosp.);3 mg. cx. 100 cprs. (hosp.);BROMAZEPAM;7896112115274;1037004950040;90135814;520727402117119;S;S;100;67.42;0;0.67;0;;BRAS_PF_PMC;ed. 1096;20;
BRASINDICE;1100;medicamento;0000036807;05;170-18143-CLPJ;TEUTO BRAS.;BROMAZEPAM - GENERICO (Restrito Hosp.);6 mg. cx. 100 cprs. (hosp.);BROMAZEPAM;7896112113850;1037004950083;90135849;520727404111118;S;S;100;108.45;0;1.08;0;;BRAS_PF_PMC;ed. 1096;20;
BRASINDICE;1100;medicamento;0000003928;05;376-05333-AASN;HEBRON;BROMELIN;Susp. fr. 100 ml;;7896685300473;1155700530028;;511300501231411;N;;1;57.37;76.96;57.37;76.96;;BRAS_PF_PMC;ed. 1092;20;
BRASINDICE;1094;medicamento;0000041072;05;376-19129-DCBW;HEBRON;BROMELIN PROPOLIS;Spray fr. 50 ml;;7896685300497;;;;N;;1;48.57;0;48.57;0;;BRAS_PF_PMC;ed. 1092;20;
BRASINDICE;1094;medicamento;0000088530;05;376-27313-FPEY;HEBRON;BROMELIN PROPOLIS;Caixa com 12 pastilhas;;7896685304594;;;;N;;12;19.14;0;1.6;0;;BRAS_PF_PMC;ed. 1092;20;
BRASINDICE;1094;medicamento;0000057977;05;376-21908-DZKA;HEBRON;BROMELIN S;Susp. 100 ml OR;;7896685302880;;;;N;;1;58.89;0;58.89;0;;BRAS_PF_PMC;ed. 1092;20;
BRASINDICE;1094;medicamento;0000085044;05;376-26469-BWVD;HEBRON;BROMELIN Z;Susp. oral fr. 100 ml;;7896685303764;;;;N;;1;52.27;0;52.27;0;;BRAS_PF_PMC;ed. 1092;20;
BRASINDICE;1100;medicamento;0000013622;05;001-12089-BPTQ;UNIAO QUIMICA;BROMETO DE IPRATROPIO - GENERICO;Sol. inal. 20 ml;BROMETO DE IPRATRÓPIO;7896006262510;1049712050017;90206940;533001301177119;S;N;1;12.37;17.05;12.37;17.05;;BRAS_PF_PMC;ed. 1096;20;
BRASINDICE;1100;medicamento;0000013625;05;473-12089-BXML;NEO QUIMICA;BROMETO DE IPRATROPIO - GENERICO;Gts. 0,25 mg/ml fr. vd. 20 ml;BROMETO DE IPRATRÓPIO;7896714214337;1558401040010;90348672;504616090044317;S;N;1;14.07;19.39;14.07;19.39;;BRAS_PF_PMC;ed. 1091;20;
BRASINDICE;1100;medicamento;0000013626;05;517-12089-BPQT;PRATI DONADUZZI;BROMETO DE IPRATROPIO - GENERICO;0,25 mg/ml. sol inal ct. fr. plas. opc. got. x 20 ml.;BROMETO DE IPRATRÓPIO;7898148299010;1256800900018;90178750;528500702170111;S;N;1;10.51;14.49;10.51;14.49;;BRAS_PF_PMC;ed. 1098;20;
BRASINDICE;1100;medicamento;0000034155;05;632-12089-CVBB;GEN - LEGRAND;BROMETO DE IPRATROPIO - GENERICO;0,25 mg/ml fr. 20 ml;BROMETO DE IPRATRÓPIO;7894916145435;1677300590018;90142047;538801401177119;S;N;1;13.11;18.12;13.11;18.12;;BRAS_PF_PMC;ed. 1079;20;
BRASINDICE;1100;medicamento;0000034830;05;591-12089-CVTL;GERMED;BROMETO DE IPRATROPIO - GENERICO;Sol. p/inal. fr. 20 ml;BROMETO DE IPRATRÓPIO;7896004725437;1058306190017;90082028;526130401175111;S;N;1;15.2;20.95;15.2;20.95;;BRAS_PF_PMC;ed. 1092;20;
BRASINDICE;1100;medicamento;0000034854;05;062-12089-CVTL;EMS;BROMETO DE IPRATROPIO - GENERICO;Sol. p/inal. fr. 20 ml;BROMETO DE IPRATRÓPIO;7896004725420;1023509210011;90053010;507739601171116;S;N;1;14.6;20.18;14.6;20.18;;BRAS_PF_PMC;ed. 1079;20;
BRASINDICE;1100;medicamento;0000047715;05;583-12089-DMKK;NOVA QUIMICA;BROMETO DE IPRATROPIO - GENERICO;0,25 mg/ml sol. inal. fr. vd. amb. cgt. x 20 ml;BROMETO DE IPRATRÓPIO;7895296044011;1181902440010;90556020;607023010080417;S;N;1;12.22;16.84;12.22;16.84;;BRAS_PF_PMC;ed. 1092;20;
BRASINDICE;1100;medicamento;0000077891;05;048-12089-FCBN;ACHE;BROMETO DE IPRATROPIO - GENERICO;0,25 mg/ml sol. inal. fr. 20 ml;BROMETO DE IPRATRÓPIO;7896181913252;1057307000019;90451341;552920020116717;S;N;1;12.95;17.85;12.95;17.85;;BRAS_PF_PMC;ed. 1091;20;
BRASINDICE;1100;medicamento;0000091415;05;1092-12089-FCBN;GLOBO PHARMA;BROMETO DE IPRATROPIO - GENERICO;0,25 mg/ml sol. inal. fr. 20 ml;BROMETO DE IPRATRÓPIO;7898060132785;1053501500010;90113217;517609101176115;S;N;1;11;15.16;11;15.16;;BRAS_PF_PMC;ed. 1095;20;
BRASINDICE;1100;medicamento;0000036808;05;170-18138-CPYF;TEUTO BRAS.;BROMETO DE IPRATROPIO - GENERICO (Restrito Hosp.);0,25 mg/ml sol. inal. cx. 100 fr. vd. got. x 20 ml (hosp.);BROMETO DE IPRATRÓPIO;7896112124337;1037004660026;90135881;520724902178112;S;S;100;1532.66;0;15.33;0;;BRAS_PF_PMC;ed. 1096;20;
BRASINDICE;1100;medicamento;0000048279;05;517-18138-BPQU;PRATI DONADUZZI;BROMETO DE IPRATROPIO - GENERICO (Restrito Hosp.);0,25 mg/ml. sol inal cx. 200 fr. plas. opc. got. x 20 ml. (hosp.);BROMETO DE IPRATRÓPIO;7898148299027;1256800900026;90178769;528500701174113;S;S;200;1210.82;0;6.05;0;;BRAS_PF_PMC;ed. 1098;20;
BRASINDICE;1100;medicamento;0000070933;05;555-18138-ETEV;HIPOLABOR;BROMETO DE IPRATROPIO - GENERICO (Restrito Hosp.);0,25 mg/ml sol. inal. cx. 200 fr. plast. opc. got. x 20 ml (hosp.);BROMETO DE IPRATRÓPIO;7898470681200;1134301620020;90095880;511611202171118;S;S;200;1210.84;0;6.05;0;;BRAS_PF_PMC;ed. 1092;20;
BRASINDICE;1100;medicamento;0000083531;05;479-17483-FJJT;FRESENIUS KABI;BROMETO DE PANCURONIO - GENERICO (Restrito Hosp.);2 mg/ml 50 amps. 2 ml;BROMETO DE PANCURÔNIO;7899498608392;1004102040034;90511964;509521060031517;S;S;50;355.49;0;7.11;0;;BRAS_PF_PMC;ed. 1096;20;
BRASINDICE;1100;medicamento;0000052090;05;062-20877-CBQM;EMS;BROMETO DE PINAVERIO - GENERICO;100 mg. 4 bl. x 15 cprs. rev.;BROMETO DE PINAVÉRIO;7896004743851;1023510700051;90256662;541812080003606;S;N;60;104.45;140.12;1.74;2.34;;BRAS_PF_PMC;ed. 1079;20;
BRASINDICE;1100;medicamento;0000052091;05;062-20877-BQKA;EMS;BROMETO DE PINAVERIO - GENERICO;100 mg. 2 bl. x 15 cprs. rev.;BROMETO DE PINAVÉRIO;7896004728636;1023510700033;90256654;541812080003506;S;N;30;65.77;88.23;2.19;2.94;;BRAS_PF_PMC;ed. 1079;20;
BRASINDICE;1100;medicamento;0000033216;05;072-17422-CUCL;EUROFARMA;BROMETO DE ROCURONIO - GENERICO (Restrito Hosp.);10 mg/ml sol. inj. IV 12 FA vd. x 5 ml;BROMETO DE ROCURÔNIO;7891317458843;1004310100044;90066758;508026001151113;S;S;12;606;0;50.5;0;;BRAS_PF_PMC;ed. 1094;20;
BRASINDICE;1100;medicamento;0000080175;05;608-17422-FFDT;ABL;BROMETO DE ROCURONIO - GENERICO (Restrito Hosp.);10 mg/ml. cx. 10 FA;BROMETO DE ROCURÔNIO;7898901848431;1556200490012;90394500;501318050025406;S;S;10;1009.94;0;100.99;0;;BRAS_PF_PMC;ed. 1097;20;
BRASINDICE;1100;medicamento;0000083021;05;072-17422-FISD;EUROFARMA;BROMETO DE ROCURONIO - GENERICO (Restrito Hosp.);10 mg/ml sol. inj. IV ct. 50 FA vd. inc. x 5 ml;BROMETO DE ROCURÔNIO;7891317016937;1004310100095;90504682;508021040139406;S;S;50;2364.43;0;47.29;0;;BRAS_PF_PMC;ed. 1094;20;
BRASINDICE;1100;medicamento;0000090739;05;1079-17422-FNJW;VOLPHARMA;BROMETO DE ROCURONIO - GENERICO (Restrito Hosp.);10 mg/ml sol. inj./dil. infus. IV ct. 10 FA vd. trans. x 5 ml;BROMETO DE ROCURÔNIO;7898958337216;1935700070015;90572653;571623110001006;S;S;10;560.66;0;56.07;0;;BRAS_PF_PMC;ed. 1092;20;
BRASINDICE;1100;medicamento;0000038096;05;591-18483-BKKY;GERMED;BROMIDRATO DE CITALOPRAM - GENERICO;20 mg. 2 bl. x 15 cprs. rev.;BROMIDRATO DE CITALOPRAM;7896004731186;1058305630021;90082036;526131901112115;S;N;30;50.27;69.29;1.68;2.31;;BRAS_PF_PMC;ed. 1092;20;
BRASINDICE;1100;medicamento;0000061200;05;1025-18483-AOAZ;BIOLAB GENERICOS;BROMIDRATO DE CITALOPRAM - GENERICO;20 mg. 28 cprs.;BROMIDRATO DE CITALOPRAM;7898146820759;1049201520026;90011929;506902002113117;S;N;28;62.1;85.59;2.22;3.06;;BRAS_PF_PMC;ed. 1091;20;
BRASINDICE;1100;medicamento;0000069277;05;583-18483-BKKY;NOVA QUIMICA;BROMIDRATO DE CITALOPRAM - GENERICO;20 mg. 2 bl. x 15 cprs. rev.;BROMIDRATO DE CITALOPRAM;7895296408011;1181903280033;90563700;607023050099217;S;N;30;46.92;64.67;1.56;2.16;;BRAS_PF_PMC;ed. 1092;20;
BRASINDICE;1100;medicamento;0000075805;05;517-18483-EZCQ;PRATI DONADUZZI;BROMIDRATO DE CITALOPRAM - GENERICO;20 mg.  x 30 cprs. rev.;BROMIDRATO DE CITALOPRAM;7899547500097;1256802720130;90427920;528519010148306;S;N;30;39.71;54.74;1.32;1.82;;BRAS_PF_PMC;ed. 1098;20;
BRASINDICE;1100;medicamento;0000077859;05;072-18483-EGBT;EUROFARMA;BROMIDRATO DE CITALOPRAM - GENERICO;20 mg. ct. bl. al. plas. inc. x 30 cprs. rev.;BROMIDRATO DE CITALOPRAM;7891317472009;1004312710044;90450108;508019120126507;S;N;30;76.35;105.24;2.54;3.51;;BRAS_PF_PMC;ed. 1094;20;
BRASINDICE;1100;medicamento;0000077900;05;632-18483-BKKY;GEN - LEGRAND;BROMIDRATO DE CITALOPRAM - GENERICO;20 mg. 2 bl. x 15 cprs. rev.;BROMIDRATO DE CITALOPRAM;7894916340946;1677302350030;90448278;538820020071107;S;N;30;35.96;49.71;1.2;1.66;;BRAS_PF_PMC;ed. 1079;20;
BRASINDICE;1100;medicamento;0000089260;05;332-18483-FQGY;BIOCHIMICO;BROMIDRATO DE CITALOPRAM - GENERICO;20 mg ct. bl. al. plas. trans. x 30 cprs. rev.;BROMIDRATO DE CITALOPRAM;7897406120424;1006302810050;90569393;513423100033406;S;N;30;45.21;62.32;1.51;2.08;;BRAS_PF_PMC;ed. 1094;20;
BRASINDICE;1100;medicamento;0000061980;05;170-22425-EEWT;TEUTO BRAS.;BROMIDRATO DE CITALOPRAM - GENERICO (Restrito Hosp.);20 m. bl. al. pvc inc. x 240 cprs. rev. (hosp.);BROMIDRATO DE CITALOPRAM;7896112135401;1037006110104;90312422;520715090095806;S;S;240;1675.98;0;6.98;0;;BRAS_PF_PMC;ed. 1096;20;
BRASINDICE;1100;medicamento;0000080036;05;517-22425-FEYT;PRATI DONADUZZI;BROMIDRATO DE CITALOPRAM - GENERICO (Restrito Hosp.);20 mg. 300 cprs. (hosp.);BROMIDRATO DE CITALOPRAM;7899547500103;1256802720149;90427939;528519010148406;S;S;300;2094.56;0;6.98;0;;BRAS_PF_PMC;ed. 1098;20;
BRASINDICE;1100;medicamento;0000072708;05;583-23894-EVGZ;NOVA QUIMICA;BROMIDRATO DE GALANTAMINA (C1) - GENERICO;8 mg. 4 bl. x 7 caps. dura lib. prol.;BROMIDRATO DE GALANTAMINA;7895296231015;1181903060033;90581105;525317060047906;S;N;28;194.54;268.15;6.95;9.58;;BRAS_PF_PMC;ed. 1092;20;
BRASINDICE;1100;medicamento;0000072709;05;583-23894-EVJA;NOVA QUIMICA;BROMIDRATO DE GALANTAMINA (C1) - GENERICO;16 mg. 4 bl. x 7 caps. dura lib. prol.;BROMIDRATO DE GALANTAMINA;7895296231022;1181903060092;90581113;525317060048006;S;N;28;219.2;302.14;7.83;10.79;;BRAS_PF_PMC;ed. 1092;20;
BRASINDICE;1100;medicamento;0000063575;05;517-22645-EJBZ;PRATI DONADUZZI;BROMIDRATO DE GALANTAMINA - GENERICO;8 mg. ct. bl. al. plas. trans. x 30 caps. dura lib. prol.;BROMIDRATO DE GALANTAMINA;7899547524307;1256802500173;90343034;528515120128706;S;N;30;149.17;205.62;4.97;6.85;;BRAS_PF_PMC;ed. 1098;20;
BRASINDICE;1100;medicamento;0000063576;05;517-22645-EJCA;PRATI DONADUZZI;BROMIDRATO DE GALANTAMINA - GENERICO;16 mg. ct. bl. al. plas. trans. x 30 caps. dura lib. prol.;BROMIDRATO DE GALANTAMINA;7899547524345;1256802500211;90343050;528515120128906;S;N;30;176.3;243.01;5.88;8.1;;BRAS_PF_PMC;ed. 1098;20;
BRASINDICE;1100;medicamento;0000063577;05;517-22645-EJCB;PRATI DONADUZZI;BROMIDRATO DE GALANTAMINA - GENERICO;24 mg. ct. bl. al. plas. trans. x 30 caps. dura lib. prol.;BROMIDRATO DE GALANTAMINA;7899547524390;1256802500262;90343077;528515120129106;S;N;30;196.66;271.08;6.56;9.04;;BRAS_PF_PMC;ed. 1098;20;
BRASINDICE;1100;medicamento;0000072663;05;1025-22645-EUSZ;BIOLAB GENERICOS;BROMIDRATO DE GALANTAMINA - GENERICO;16 mg. lib. prol. ct. bl. al. plas. trans. x 30 caps. dura;BROMIDRATO DE GALANTAMINA;7899551305572;1049202330158;90376986;506917070033906;S;N;30;217.48;299.77;7.25;9.99;;BRAS_PF_PMC;ed. 1091;20;
BRASINDICE;1100;medicamento;0000072664;05;1025-22645-EUTA;BIOLAB GENERICOS;BROMIDRATO DE GALANTAMINA - GENERICO;24 mg. lib. prol. ct. bl. al. plas. trans. x 30 caps. dura;BROMIDRATO DE GALANTAMINA;7899551305688;1049202330263;90377001;506917070034106;S;N;30;238.9;329.29;7.96;10.98;;BRAS_PF_PMC;ed. 1091;20;
BRASINDICE;1100;medicamento;0000072979;05;1025-22645-EUTB;BIOLAB GENERICOS;BROMIDRATO DE GALANTAMINA - GENERICO;8 mg. lib. prol. ct. bl. al. plas. trans. x 30 caps. dura;BROMIDRATO DE GALANTAMINA;7899551305466;1049202330042;90376960;506917070033706;S;N;30;194.4;267.96;6.48;8.93;;BRAS_PF_PMC;ed. 1091;20;
BRASINDICE;1100;medicamento;0000092952;05;062-22645-FUUW;EMS;BROMIDRATO DE GALANTAMINA - GENERICO;16 mg 4 bl. x 7 caps.;BROMIDRATO DE GALANTAMINA;7896004794280;1023511330094;90359208;541816090017506;S;N;28;203.51;281.34;7.27;10.05;;BRAS_PF_PMC;ed. 1070;20;
BRASINDICE;1100;medicamento;0000092953;05;062-22645-FUUX;EMS;BROMIDRATO DE GALANTAMINA - GENERICO;24 mg 4 bl. x 7 caps.;BROMIDRATO DE GALANTAMINA;7896004794297;1023511330159;90359216;541816090017606;S;N;28;189.64;262.17;6.77;9.36;;BRAS_PF_PMC;ed. 1070;20;
BRASINDICE;1100;medicamento;0000092954;05;062-22645-FUUY;EMS;BROMIDRATO DE GALANTAMINA - GENERICO;8 mg 4 bl. x 7 caps.;BROMIDRATO DE GALANTAMINA;7896004794273;1023511330035;90359224;541816090017406;S;N;28;181.04;250.28;6.47;8.94;;BRAS_PF_PMC;ed. 1070;20;
BRASINDICE;1100;medicamento;0000093525;05;517-22645-FVSF;PRATI DONADUZZI;BROMIDRATO DE GALANTAMINA - GENERICO;16 mg 60 caps. lib. prol.;BROMIDRATO DE GALANTAMINA;7899547524352;1256802500221;90610490;528525080234106;S;N;60;317.37;437.46;5.29;7.29;;BRAS_PF_PMC;ed. 1098;20;
BRASINDICE;1100;medicamento;0000093526;05;517-22645-FVSG;PRATI DONADUZZI;BROMIDRATO DE GALANTAMINA - GENERICO;24 mg 60 caps. lib. prol.;BROMIDRATO DE GALANTAMINA;7899547524406;1256802500270;90610520;528525080234506;S;N;60;354;487.95;5.9;8.13;;BRAS_PF_PMC;ed. 1098;20;
BRASINDICE;1100;medicamento;0000073311;05;517-23994-EVZL;PRATI DONADUZZI;BROMIDRATO DE GALANTAMINA - GENERICO (Restrito Hosp.);8 mg. cap. dura. lib. prol. ct. bl. al. plas. trans. x 280 (hosp.);BROMIDRATO DE GALANTAMINA;7899547524314;1256802500181;90343042;528515120128806;S;S;280;3523.06;0;12.58;0;;BRAS_PF_PMC;ed. 1098;20;
BRASINDICE;1100;medicamento;0000073312;05;517-23994-EVZM;PRATI DONADUZZI;BROMIDRATO DE GALANTAMINA - GENERICO (Restrito Hosp.);16 mg. cap. dura. lib. prol. ct. bl. al. plas. trans. x 280 (hosp.);BROMIDRATO DE GALANTAMINA;7899547524369;1256802500238;90343069;528515120129006;S;S;280;4050.29;0;14.47;0;;BRAS_PF_PMC;ed. 1098;20;
BRASINDICE;1100;medicamento;0000073313;05;517-23994-EVZN;PRATI DONADUZZI;BROMIDRATO DE GALANTAMINA - GENERICO (Restrito Hosp.);24 mg. cap. dura. lib. prol. ct. bl. al. plas. trans. x 280 (hosp.);BROMIDRATO DE GALANTAMINA;7899547524413;1256802500289;90343085;528515120129206;S;S;280;4355.8;0;15.56;0;;BRAS_PF_PMC;ed. 1098;20;
BRASINDICE;1100;medicamento;0000093062;05;473-28415-FBPT;NEO QUIMICA;BROMIDRATO DE VORTIOXETINA - GENERICO;10 mg bl. x 30 cprs. rev.;BROMIDRATO DE VORTIOXETINA;7896714295268;1558406770068;90589360;504624080099006;S;N;30;94.66;126.98;3.16;4.23;;BRAS_PF_PMC;ed. 1091;20;
BRASINDICE;1100;medicamento;0000093063;05;473-28415-FBMO;NEO QUIMICA;BROMIDRATO DE VORTIOXETINA - GENERICO;20 mg bl. x 30 cprs. rev.;BROMIDRATO DE VORTIOXETINA;7896714295770;1558406770130;90589378;504624080099106;S;N;30;221.8;297.54;7.39;9.92;;BRAS_PF_PMC;ed. 1091;20;
BRASINDICE;1100;medicamento;0000093064;05;473-28415-FBPX;NEO QUIMICA;BROMIDRATO DE VORTIOXETINA - GENERICO;5 mg bl. x 30 cprs. rev.;BROMIDRATO DE VORTIOXETINA;7896714295800;1558406770025;90589351;504624080098906;S;N;30;57.45;77.07;1.92;2.57;;BRAS_PF_PMC;ed. 1091;20;
BRASINDICE;1100;medicamento;0000093487;05;072-28415-FVRH;EUROFARMA;BROMIDRATO DE VORTIOXETINA - GENERICO;15 mg ct. bl. al. plas. trans. x 30 cprs. rev.;BROMIDRATO DE VORTIOXETINA;7891317038618;1004315290054;90610679;508025080193306;S;N;30;137.8;184.85;4.59;6.16;;BRAS_PF_PMC;ed. 1091;20;
BRASINDICE;1100;medicamento;0000093488;05;072-28415-FQGY;EUROFARMA;BROMIDRATO DE VORTIOXETINA - GENERICO;20 mg ct. bl. al. plas. trans. x 30 cprs. rev.;BROMIDRATO DE VORTIOXETINA;7891317038625;1004315290089;90610687;508025080193406;S;N;30;190.19;255.13;6.34;8.5;;BRAS_PF_PMC;ed. 1091;20;
BRASINDICE;1100;medicamento;0000093489;05;072-28415-FPNS;EUROFARMA;BROMIDRATO DE VORTIOXETINA - GENERICO;5 mg ct. bl. al. plas. trans. x 30 cprs. rev.;BROMIDRATO DE VORTIOXETINA;7891317038595;1004315290021;90610660;508025080193506;S;N;30;62.34;83.63;2.08;2.79;;BRAS_PF_PMC;ed. 1091;20;
BRASINDICE;1100;medicamento;0000093706;05;062-28415-FHZM;EMS;BROMIDRATO DE VORTIOXETINA - GENERICO;10 mg 3 bl. x 10 cprs. rev.;BROMIDRATO DE VORTIOXETINA;7896004795058;1023514500055;90614267;541825100213306;S;N;30;98.94;132.72;3.3;4.42;;BRAS_PF_PMC;ed. 1076;20;
BRASINDICE;1100;medicamento;0000093707;05;062-28415-DCOQ;EMS;BROMIDRATO DE VORTIOXETINA - GENERICO;10 mg 6 bl. x 10 cprs. rev.;BROMIDRATO DE VORTIOXETINA;7896004795065;1023514500063;90614275;541825100213406;S;N;60;178.08;238.89;2.97;3.98;;BRAS_PF_PMC;ed. 1076;20;
BRASINDICE;1100;medicamento;0000093708;05;062-28415-FVYH;EMS;BROMIDRATO DE VORTIOXETINA - GENERICO;5 mg 3 bl. x 10 cprs. rev.;BROMIDRATO DE VORTIOXETINA;7896004795041;1023514500020;90614259;541825100213206;S;N;30;60.05;80.55;2;2.68;;BRAS_PF_PMC;ed. 1076;20;
BRASINDICE;1100;medicamento;0000094281;05;473-28415-BYYO;NEO QUIMICA;BROMIDRATO DE VORTIOXETINA - GENERICO;15 mg bl. 30 cprs. rev.;BROMIDRATO DE VORTIOXETINA;7896714295855;1558406770106;90614291;504625090101106;S;N;30;164.11;220.15;5.47;7.34;;BRAS_PF_PMC;ed. 1091;20;
BRASINDICE;1100;medicamento;0000094282;05;473-28415-FWPK;NEO QUIMICA;BROMIDRATO DE VORTIOXETINA - GENERICO;15 mg bl. 60 cprs. rev.;BROMIDRATO DE VORTIOXETINA;7896714295275;1558406770114;90614305;504625090101206;S;N;60;284.29;381.36;4.74;6.36;;BRAS_PF_PMC;ed. 1091;20;
BRASINDICE;1100;medicamento;0000094283;05;473-28415-CQQT;NEO QUIMICA;BROMIDRATO DE VORTIOXETINA - GENERICO;20 mg bl. 60 cprs. rev.;BROMIDRATO DE VORTIOXETINA;7896714296487;1558406770149;90614313;504625090101306;S;N;60;365.23;489.94;6.09;8.17;;BRAS_PF_PMC;ed. 1091;20;
BRASINDICE;1100;medicamento;0000095569;05;072-28415-FWUI;EUROFARMA;BROMIDRATO DE VORTIOXETINA - GENERICO;10 mg ct. bl. al. x 30 cprs. rev.;;7891317038601;;90630254;;S;;30;102.71;137.78;3.42;4.59;;BRAS_PF_PMC;ed. 1096;20;
BRASINDICE;1100;medicamento;0000071279;05;062-23730-EUAL;EMS;BROMIL;Xpe. infantil fr. 150 ml;"TERPINA MONOIDRATADA;MENTOL;EUCALIPTOL";7896004817521;1023511070076;90461380;526101408132420;N;N;1;35.99;48.28;35.99;48.28;;BRAS_PF_PMC;ed. 1079;20;
BRASINDICE;1100;medicamento;0000071280;05;062-23730-EUAM;EMS;BROMIL;Xpe. adulto fr. 150 ml;"TERPINA MONOIDRATADA;MENTOL;EUCALIPTOL";7896004817507;1023511070092;90461398;526101407136422;N;N;1;37.24;49.96;37.24;49.96;;BRAS_PF_PMC;ed. 1079;20;
BRASINDICE;1100;medicamento;0000074253;05;561-19212-EXEA;WASSER FARMA;BROMOGEX (Restrito Hosp.);5 mg/ml. sol. inj. 50 amps. vd. amb. x 2 ml. (hosp.);BROMOPRIDA;7898269100042;1458700040024;90213580;540000102157411;N;S;50;252.54;0;5.05;0;;BRAS_PF_PMC;ed. 1068;20;
BRASINDICE;1100;medicamento;0000007460;05;062-08218-BDGX;EMS;BROMOPRIDA - GENERICO;4 mg/ml sol. oral fr. 20 ml.;BROMOPRIDA;7896004701233;1023504860024;90053117;507733102130113;S;N;1;17.02;22.83;17.02;22.83;;BRAS_PF_PMC;ed. 1079;20;
BRASINDICE;1100;medicamento;0000007466;05;1048-08218-BPXZ;SANOFI MEDLEY;BROMOPRIDA - GENERICO;10 mg cap gel dura ct 2 bl. al. plast. inc. x 10;BROMOPRIDA;7896422507158;1832600020023;90352017;525001502112118;S;N;20;21.01;28.18;1.05;1.41;;BRAS_PF_PMC;ed. 1090;20;
BRASINDICE;1100;medicamento;0000007471;05;591-08218-BZKH;GERMED;BROMOPRIDA - GENERICO;4 mg/ml sol. oral fr. 20 ml;BROMOPRIDA;7896004716497;1058304350041;90082095;526120202137113;S;N;1;17.55;23.54;17.55;23.54;;BRAS_PF_PMC;ed. 1092;20;
BRASINDICE;1100;medicamento;0000007473;05;632-08218-BZKH;GEN - LEGRAND;BROMOPRIDA - GENERICO;4 mg/ml sol. oral fr. 20 ml;BROMOPRIDA;7894916143479;1677303050049;90243986;538805803131116;S;N;1;17.92;24.04;17.92;24.04;;BRAS_PF_PMC;ed. 1069;20;
BRASINDICE;1100;medicamento;0000024965;05;517-08218-CKYC;PRATI DONADUZZI;BROMOPRIDA - GENERICO;4 mg/ml. sol. or. ct. fr. plas. opc. got. x 20 ml.;BROMOPRIDA;7898148298747;1256800930022;90178858;528522302132116;S;N;1;18.05;24.21;18.05;24.21;;BRAS_PF_PMC;ed. 1091;20;
BRASINDICE;1100;medicamento;0000027637;05;517-08218-CMKU;PRATI DONADUZZI;BROMOPRIDA - GENERICO;10 mg. com. ct. bl. al. plas. inc. x 20;BROMOPRIDA;7898148298587;1256801800017;90178823;528522303112119;S;N;20;26.55;35.62;1.33;1.78;;BRAS_PF_PMC;ed. 1091;20;
BRASINDICE;1100;medicamento;0000029060;05;583-08218-BZKH;NOVA QUIMICA;BROMOPRIDA - GENERICO;4 mg/ml sol. oral fr. 20 ml;BROMOPRIDA;7895296210744;1181902360025;90555830;525305302131110;S;N;1;17.85;23.95;17.85;23.95;;BRAS_PF_PMC;ed. 1092;20;
BRASINDICE;1100;medicamento;0000041420;05;591-08218-CFUN;GERMED;BROMOPRIDA - GENERICO;10 mg. 2 bl. x 10 caps.;BROMOPRIDA;7896004727899;1058306810041;90082079;526120203117116;S;N;20;25.58;34.31;1.28;1.72;;BRAS_PF_PMC;ed. 1092;20;
BRASINDICE;1100;medicamento;0000041423;05;062-08218-CFUN;EMS;BROMOPRIDA - GENERICO;10 mg. 2 bl. x 10 caps.;BROMOPRIDA;7896004727882;1023509880041;90053095;507733103110116;S;N;20;23.58;31.63;1.18;1.58;;BRAS_PF_PMC;ed. 1079;20;
BRASINDICE;1100;medicamento;0000043797;05;632-08218-DFGD;GEN - LEGRAND;BROMOPRIDA - GENERICO;10 mg. 2 bl. 10 caps.;BROMOPRIDA;7894916145800;1677301330044;90142063;538805801110111;S;N;20;26.38;35.39;1.32;1.77;;BRAS_PF_PMC;ed. 1092;20;
BRASINDICE;1100;medicamento;0000049406;05;517-08218-DOOD;PRATI DONADUZZI;BROMOPRIDA - GENERICO;10 mg. com. ct. bl. al. plas. inc. x 120 (frac.);BROMOPRIDA;7899547502527;1256801800051;90237145;528512040113506;S;N;120;150.49;201.88;1.25;1.68;;BRAS_PF_PMC;ed. 1091;20;
BRASINDICE;1100;medicamento;0000077634;05;048-08218-FBSY;ACHE;BROMOPRIDA - GENERICO;4 mg/ml sol. or. got. fr. 20 ml;BROMOPRIDA;7896181913306;1057306700025;90451651;552919120094617;S;N;1;18.04;24.2;18.04;24.2;;BRAS_PF_PMC;ed. 1091;20;
BRASINDICE;1100;medicamento;0000048281;05;517-18287-BXJR;PRATI DONADUZZI;BROMOPRIDA - GENERICO (Restrito Hosp.);4 mg/ml. sol. or. cx. 200 fr. plas. opc. got. x 20 ml. (hosp.);BROMOPRIDA;7898148298730;1256800930014;90355164;528522301136118;S;S;200;990.23;0;4.95;0;;BRAS_PF_PMC;ed. 1091;20;
BRASINDICE;1100;medicamento;0000048283;05;517-18287-COIM;PRATI DONADUZZI;BROMOPRIDA - GENERICO (Restrito Hosp.);10 mg. com. ct. bl. al. plas. inc. x 800 (hosp.);BROMOPRIDA;7898148298600;1256801800033;90178840;528522305115115;S;S;800;561.05;0;0.7;0;;BRAS_PF_PMC;ed. 1091;20;
BRASINDICE;1100;medicamento;0000051760;05;001-18287-DRGA;UNIAO QUIMICA;BROMOPRIDA - GENERICO (Restrito Hosp.);5 mg/ml sol. inj. 50 amps. vd. amb. x 2 ml (hosp.);BROMOPRIDA;7896006232667;1049713420039;90206967;533022404153118;S;S;50;218;0;4.36;0;;BRAS_PF_PMC;ed. 1096;20;
BRASINDICE;1100;medicamento;0000070630;05;555-18287-ETEW;HIPOLABOR;BROMOPRIDA - GENERICO (Restrito Hosp.);5 mg/ml sol. inj. cx. 100 amps. vd. amb. x 2 ml (hosp.);BROMOPRIDA;7898123906100;1134301300034;90095910;511608701154111;S;S;100;439.88;0;4.4;0;;BRAS_PF_PMC;ed. 1092;20;
BRASINDICE;1100;medicamento;0000070783;05;561-18287-ETLE;WASSER FARMA;BROMOPRIDA - GENERICO (Restrito Hosp.);5 mg/ml sol. inj. 50 amps. vd. amb. x 2 ml (hosp.);BROMOPRIDA;7898269100073;1458700050021;90388577;540017070000206;S;S;50;211.98;0;4.24;0;;BRAS_PF_PMC;ed. 1068;20;
BRASINDICE;1100;medicamento;0000083532;05;479-18287-FJJU;FRESENIUS KABI;BROMOPRIDA - GENERICO (Restrito Hosp.);5 mg/ml 50 amps. 2 ml;BROMOPRIDA;7899498608361;1004101820036;90509099;509521040029517;S;S;50;220.02;0;4.4;0;;BRAS_PF_PMC;ed. 1096;20;
BRASINDICE;1100;medicamento;0000085115;05;517-18287-FLFL;PRATI DONADUZZI;BROMOPRIDA - GENERICO (Restrito Hosp.);10 mg. 10 x 20 (200) cprs.;BROMOPRIDA;7898148298594;1256801800025;90493540;528520110177707;S;S;200;218.99;0;1.09;0;;BRAS_PF_PMC;ed. 1091;20;
BRASINDICE;1100;medicamento;0000020776;05;427-14795-CEEH;BLAU FARM.;BROMUC (Restrito Hosp.);100 mg/ml sol. inj. cx. 100 amps. vd. amb. x 3 ml;ACETILCISTEÍNA;7896014655083;1163701220023;90288980;504414010041418;N;S;100;452.8;0;4.53;0;;BRAS_PF_PMC;ed. 1097;20;
BRASINDICE;1100;medicamento;0000056315;05;581-11605-FTNF;CAZI;BRONCATAR;1,6 mg/ml xpe ct fr vd amb x 120 ml + cop;CLORIDRATO DE BROMEXINA;7893736011081;1071501810018;90266439;505513070021104;N;N;1;27.64;37.08;27.64;37.08;;BRAS_PF_PMC;ed. 1097;20;
BRASINDICE;1100;medicamento;0000080611;05;581-11605-FTNE;CAZI;BRONCATAR;0,8 mg/ml xpe ct fr vd amb x 120 ml + cop;CLORIDRATO DE BROMEXINA;7893736021080;1071501810026;90266447;505513070021004;N;N;1;22.41;30.06;22.41;30.06;;BRAS_PF_PMC;ed. 1097;20;
BRASINDICE;1100;medicamento;0000080612;05;581-11605-FTNG;CAZI;BRONCATAR;2 mg/ml sol got or/inal fr got vd amb x 50 ml;CLORIDRATO DE BROMEXINA;7893736031089;1071501810034;90266455;505513070021204;N;N;1;21.71;29.12;21.71;29.12;;BRAS_PF_PMC;ed. 1097;20;
BRASINDICE;1100;medicamento;0000085094;05;044-05124-FLEV;CHIESI;BRONCHO-VAXOM;7 mg. po liof. ct. bl. al. plas. inc. x 30 caps. gel dura;LISADO BACTERIANO;7896672203893;1005801220021;90512570;508521060013217;N;N;30;232.55;320.55;7.75;10.68;;BRAS_PF_PMC;ed. 1093;20;
BRASINDICE;1100;medicamento;0000085095;05;044-05124-FLEW;CHIESI;BRONCHO-VAXOM;3,5 mg. po liof. ct. bl. al. plas. inc. x 10 caps. gel dura;LISADO BACTERIANO;7896672203909;1005801220031;90512588;508521060013317;N;N;10;54.66;75.34;5.47;7.53;;BRAS_PF_PMC;ed. 1093;20;
BRASINDICE;1100;medicamento;0000085096;05;044-05124-FLEX;CHIESI;BRONCHO-VAXOM;7 mg. po liof. ct. bl. al. plas. inc. x 10 caps. gel dura;LISADO BACTERIANO;7896672203886;1005801220013;90512561;508521060013417;N;N;10;80.99;111.64;8.1;11.16;;BRAS_PF_PMC;ed. 1093;20;
BRASINDICE;1100;medicamento;0000085097;05;044-05124-FLFB;CHIESI;BRONCHO-VAXOM;3,5 mg. gran. ct. 30 sachets;LISADO BACTERIANO;7896672203923;1005801220064;90512596;508521060013517;N;N;30;156.99;216.39;5.23;7.21;;BRAS_PF_PMC;ed. 1093;20;
BRASINDICE;1100;medicamento;0000093567;05;044-05124-FVTB;CHIESI;BRONCHO-VAXOM;3,5 mg gran. ct. 10 saches;LISADO BACTERIANO;7896672204104;1005801220056;90571150;508523100013607;N;N;10;52.33;72.13;5.23;7.21;;BRAS_PF_PMC;ed. 1093;20;
BRASINDICE;1100;medicamento;0000017570;05;173-13912-BYRG;LEGRAND;BRONCOLEX;50 mg/5 ml xpe. ad. fr. 120 ml;ACEBROFILINA;7896004710549;1677301840042;90451015;538808902139411;N;N;1;30.57;42.26;30.57;42.26;;BRAS_PF_PMC;ed. 1079;20;
BRASINDICE;1100;medicamento;0000017571;05;173-13912-BYRH;LEGRAND;BRONCOLEX;25 mg/5 ml xpe. inf. fr. 120 ml;ACEBROFILINA;7896004710532;1677301840034;90451007;538808901132413;N;N;1;21.72;30.03;21.72;30.03;;BRAS_PF_PMC;ed. 1079;20;
BRASINDICE;1100;medicamento;0000092549;05;676-28214-EYTK;CIFARMA;BRONCOMUCOL;10 mg/ml xpe. ct. fr. vd. amb. x 120 ml + cop.;ACEBROFILINA;7898495607872;1156001860019;90588770;506324080043904;N;N;1;29.13;40.15;29.13;40.15;;BRAS_PF_PMC;ed. 1097;20;
BRASINDICE;1100;medicamento;0000092550;05;676-28214-EYTL;CIFARMA;BRONCOMUCOL;5 mg/ml xpe. ct. fr. vd. amb. x 120 ml + cop.;ACEBROFILINA;7898495607803;1156001860027;90588789;506324080044004;N;N;1;20.89;28.79;20.89;28.79;;BRAS_PF_PMC;ed. 1097;20;
BRASINDICE;1100;medicamento;0000084565;05;062-23729-FKPQ;EMS;BRONDELIX;7 mg/ml xpe fr. 100 ml;HEDERA HELIX (HERA);7896004778181;1023512980017;90442504;541819120113307;N;N;1;22.7;30.45;22.7;30.45;;BRAS_PF_PMC;ed. 1079;20;
BRASINDICE;1100;medicamento;0000000382;05;048-00426-ABAQ;ACHE;BRONDILAT;Xpe. fr. 120 ml;ACEBROFILINA;7896658002113;1057301270065;90003179;500501201132417;N;N;1;46.89;64.63;46.89;64.63;;BRAS_PF_PMC;ed. 1091;20;
BRASINDICE;1100;medicamento;0000000383;05;048-00426-ABGM;ACHE;BRONDILAT;Ped. 5 mg/ml xpe. fr. 120 ml.;ACEBROFILINA;7896658002120;1057301270073;90003195;500501202139415;N;N;1;36.3;50.04;36.3;50.04;;BRAS_PF_PMC;ed. 1091;20;
BRASINDICE;1100;medicamento;0000038911;05;048-00426-CZGB;ACHE;BRONDILAT;10 mg/ml xpe. fr. plast. pet. amb. x 60 ml + cp. med. x 10 ml;ACEBROFILINA;7896658012167;1057301270091;90003187;500501204131314;N;N;1;17.13;23.61;17.13;23.61;;BRAS_PF_PMC;ed. 1091;20;
BRASINDICE;1100;medicamento;0000038912;05;048-00426-CZGC;ACHE;BRONDILAT;5 mg/ml xpe. fr. plast. pet. amb. x 60 ml + cp. med. x 10 ml;ACEBROFILINA;7896658012174;1057301270111;90003209;500501203135316;N;N;1;12.51;17.24;12.51;17.24;;BRAS_PF_PMC;ed. 1091;20;
BRASINDICE;1100;medicamento;0000094900;05;048-28726-FWYX;ACHE;BRONFENIRAMINA + FENILEFRINA - GENERICO;0,4 mg/ml + 1 mg/ml xpe. 120 ml;"MALEATO DE BRONFENIRAMINA;CLORIDRATO DE FENILEFRINA";7896658051425;1057301680026;90623720;552926020182607;S;N;1;15.82;21.22;15.82;21.22;;BRAS_PF_PMC;ed. 1089;20;
BRASINDICE;1100;medicamento;0000094901;05;048-28726-FWYY;ACHE;BRONFENIRAMINA + FENILEFRINA - GENERICO;12 + 15 mg bl. x 12 cprs. rev.;"MALEATO DE BRONFENIRAMINA;CLORIDRATO DE FENILEFRINA";7896658051647;1057301680018;90623711;552926020182507;S;N;12;18.61;24.96;1.55;2.08;;BRAS_PF_PMC;ed. 1089;20;
BRASINDICE;1100;medicamento;0000094902;05;048-28726-FWYZ;ACHE;BRONFENIRAMINA + FENILEFRINA - GENERICO;2 + 2,5 mg/ml gotas 20 ml;"MALEATO DE BRONFENIRAMINA;CLORIDRATO DE FENILEFRINA";7896658051661;1057301680034;90623738;552926020182707;S;N;1;10.76;14.43;10.76;14.43;;BRAS_PF_PMC;ed. 1089;20;
BRASINDICE;1100;medicamento;0000049788;05;173-20636-DOXC;LEGRAND;BRONQUITOSS;Xpe. fr. 120 ml + cp. med.;"SULFATO DE TERBUTALINA;GUAIFENESINA";7896004743400;1677300500035;90244389;538812060042204;N;N;1;23.08;31.91;23.08;31.91;;BRAS_PF_PMC;ed. 1092;20;
BRASINDICE;1100;medicamento;0000074513;05;100-24255-EXNU;GEOLAB;BRONTEK;Xpe ad. 10 mg/ml. fr. 120 ml.;ACEBROFILINA;7899095203594;1542301160018;90078985;510413402133412;N;N;1;29.13;40.15;29.13;40.15;;BRAS_PF_PMC;ed. 1094;20;
BRASINDICE;1100;medicamento;0000074514;05;100-24255-EXNV;GEOLAB;BRONTEK;Xpe ped. 5 mg/ml. fr. 120 ml.;ACEBROFILINA;7899095203600;1542301160034;90078993;510413401137414;N;N;1;20.88;28.78;20.88;28.78;;BRAS_PF_PMC;ed. 1094;20;
BRASINDICE;1100;medicamento;0000094328;05;048-28631-FWQO;ACHE;BRONX;6/100 mcg fr. 60 caps + inal.;"BUDESONIDA;FUMARATO DE FORMOTEROL DI-HIDRATADO";7896658048487;1057304980063;90562585;552923050159703;N;N;60;86.91;119.8;1.45;2;;BRAS_PF_PMC;ed. 1097;20;
BRASINDICE;1100;medicamento;0000094329;05;048-28631-FWQP;ACHE;BRONX;6/200 mcg fr. 60 caps + inal.;"BUDESONIDA;FUMARATO DE FORMOTEROL DI-HIDRATADO";7896658048494;1057304980128;90562615;552923050160003;N;N;60;102.75;141.63;1.71;2.36;;BRAS_PF_PMC;ed. 1097;20;
BRASINDICE;1100;medicamento;0000094330;05;048-28631-FWQQ;ACHE;BRONX;12/400 mcg fr. 60 caps + inal.;"BUDESONIDA;FUMARATO DE FORMOTEROL DI-HIDRATADO";7896658048456;1057304980187;90562658;552923050160403;N;N;60;133.04;183.38;2.22;3.06;;BRAS_PF_PMC;ed. 1092;20;
BRASINDICE;1100;medicamento;0000078373;05;676-25030-DTOK;CIFARMA;BRONXOL;3 mg/ml xpe. ct. fr. vd. amb. x 120 ml + cp. med.;CLORIDRATO DE AMBROXOL;7898158691781;1156000860041;90270274;506311901132425;N;N;1;24.47;32.83;24.47;32.83;;BRAS_PF_PMC;ed. 1097;20;
BRASINDICE;1100;medicamento;0000092551;05;676-25030-FUGU;CIFARMA;BRONXOL;3 mg/ml xpe. ct. fr. plas. pet. amb. x 120 ml + cop.;CLORIDRATO DE AMBROXOL;7908020506980;1156000860120;90554744;506323010040807;N;N;1;24.47;32.83;24.47;32.83;;BRAS_PF_PMC;ed. 1097;20;
BRASINDICE;1100;medicamento;0000092552;05;676-25030-FUGV;CIFARMA;BRONXOL;6 mg/ml xpe. ct. fr. plas. pet. amb. x 120 ml + cop.;CLORIDRATO DE AMBROXOL;7908020506973;1156000860147;90554760;506323010041007;N;N;1;36.92;49.53;36.92;49.53;;BRAS_PF_PMC;ed. 1097;20;
BRASINDICE;1100;medicamento;0000092609;05;676-25030-FUJA;CIFARMA;BRONXOL;6 mg/ml xpe. ct. fr. vd. amb. x 120 ml + cp. med.;CLORIDRATO DE AMBROXOL;7898158691774;1156000860058;90461924;506320020032107;N;N;1;36.92;49.53;36.92;49.53;;BRAS_PF_PMC;ed. 1097;20;
BRASINDICE;1100;medicamento;0000092385;05;1119-26409-FKTY;BEONE MEDICINES;BRUKINSA;80 mg ct. fr. plas. pead opc. x 120 caps. dura;ZANUBRUTINIBE;7898996156213;1864200010010;90591895;623624080000117;N;N;120;41539.14;55723.28;346.16;464.36;;BRAS_PF_PMC;ed. 1092;20;
BRASINDICE;1100;medicamento;0000084509;05;001-26358-FKNT;UNIAO QUIMICA;BRYONY (Restrito Hosp.);100 mg/ml sol. inj./dil. infus. IV ct. 10 FA vd. trans. x 2 ml;SUGAMADEX SÓDICO;7896006220220;1049714780012;90524640;533021110076304;N;S;10;4956.44;0;495.64;0;;BRAS_PF_PMC;ed. 1096;20;
BRASINDICE;1100;medicamento;0000086677;05;432-26680-FMSO;BERGAMO;BRYST (Restrito Hosp.) (CONVENIO 162/94);50 mg/ml sol. inj. IM ct. 2 ser. preenc. vd. trans. x 5 ml + 2 agu.;FULVESTRANTO;7898732020013;1064602240028;90546741;519522080030804;N;S;2;8195.17;0;4097.58;0;;BRAS_PF_PMC;ed. 1097;20;
BRASINDICE;1100;medicamento;0000087849;05;088-00434-BJPV;MANTECORP FARMASA;BUCLINA;25 mg cx. 30 cprs.;DICLORIDRATO DE BUCLIZINA;7896094928077;1781709400027;90564430;540923050059717;N;N;30;15.96;21.41;0.53;0.71;;BRAS_PF_PMC;ed. 1091;20;
BRASINDICE;1094;medicamento;0000047531;05;020-20318-DMCT;DOVALLE;BUCLIPLEX;Strip 30 cprs. rev.;;7896360000919;;;;N;;30;41.54;0;1.38;0;;BRAS_PF_PMC;ed. 1090;20;
BRASINDICE;1094;medicamento;0000047532;05;020-20318-DMCU;DOVALLE;BUCLIPLEX;Fr. pet. 120 ml sol. oral;;7896360000933;;;;N;;1;40.39;0;40.39;0;;BRAS_PF_PMC;ed. 1090;20;
BRASINDICE;1100;medicamento;0000094909;05;048-28725-FWQO;ACHE;BUDESONIDA + FORMOTEROL - GENERICO;6/100 mcg fr. 60 caps + inal.;"BUDESONIDA;FUMARATO DE FORMOTEROL DI-HIDRATADO";7896658053139;1057306520061;90610695;552925080173406;S;N;60;71.18;98.11;1.19;1.64;;BRAS_PF_PMC;ed. 1091;20;
BRASINDICE;1100;medicamento;0000094910;05;048-28725-FWQP;ACHE;BUDESONIDA + FORMOTEROL - GENERICO;6/200 mcg fr. 60 caps + inal.;"BUDESONIDA;FUMARATO DE FORMOTEROL DI-HIDRATADO";7896658053146;1057306520124;90610709;552925080173506;S;N;60;70.3;96.9;1.17;1.62;;BRAS_PF_PMC;ed. 1091;20;
BRASINDICE;1100;medicamento;0000094911;05;048-28725-FWQQ;ACHE;BUDESONIDA + FORMOTEROL - GENERICO;12/400 mcg fr. 60 caps + inal.;"BUDESONIDA;FUMARATO DE FORMOTEROL DI-HIDRATADO";7896658053153;1057306520183;90610717;552925080173606;S;N;60;86.45;119.16;1.44;1.99;;BRAS_PF_PMC;ed. 1092;20;
BRASINDICE;1100;medicamento;0000069257;05;062-23379-ERLN;EMS;BUDESONIDA - GENERICO;32 mcg fr. 120 ml;BUDESONIDA;7896004758268;1023511800015;90359410;541817020018806;S;N;1;21.77;30.1;21.77;30.1;;BRAS_PF_PMC;ed. 1079;20;
BRASINDICE;1100;medicamento;0000069258;05;062-23379-ERLO;EMS;BUDESONIDA - GENERICO;64 mcg fr. 120 ml;BUDESONIDA;7896004758275;1023511800023;90359429;541817020018906;S;N;1;26.41;36.51;26.41;36.51;;BRAS_PF_PMC;ed. 1076;20;
BRASINDICE;1100;medicamento;0000091869;05;048-23379-FTJK;ACHE;BUDESONIDA - GENERICO;Susp. nas. 32 mcg 120 doses fr. x 6 ml;BUDESONIDA;7896658051159;1057300920023;90602099;541817020018906;S;N;1;22.58;31.12;22.58;31.12;;BRAS_PF_PMC;ed. 1092;20;
BRASINDICE;1100;medicamento;0000091870;05;048-23379-FTJO;ACHE;BUDESONIDA - GENERICO;Susp. nas. 64 mcg 120 doses fr. x 6 ml;BUDESONIDA;7896658051166;1057300920041;90602102;552925010169106;S;N;1;40.04;55.19;40.04;55.19;;BRAS_PF_PMC;ed. 1092;20;
BRASINDICE;1100;medicamento;0000086004;05;912-13100-FMGX;MOMENTA;BUONA;150 mg ct. bl. al. plas. inc. x 10 caps. dura;GLYCINE MAX (L.) MERR.;7891317014360;1004313880016;90612043;508025090194307;N;N;10;43.86;58.84;4.39;5.88;;BRAS_PF_PMC;ed. 1091;20;
BRASINDICE;1100;medicamento;0000086005;05;912-13100-FMGY;MOMENTA;BUONA;150 mg ct. bl. al. plas. PVC/PVDC trans. x 30 caps. dura;GLYCINE MAX (L.) MERR.;7891317014377;1004313880024;90612051;508025090194407;N;N;30;133.55;179.15;4.45;5.97;;BRAS_PF_PMC;ed. 1091;20;
BRASINDICE;1100;medicamento;0000090700;05;072-14796-FRYL;EUROFARMA;BUP;150 mg ct. bl. al/al. x 30 cprs. rev.;CLORIDRATO DE BUPROPIONA;7891317024994;1004309480025;90066782;508022101117410;N;N;30;122.14;168.36;4.07;5.61;;BRAS_PF_PMC;ed. 1094;20;
BRASINDICE;1100;medicamento;0000090701;05;072-14796-FRYM;EUROFARMA;BUP;150 mg ct. bl. al/al. x 60 cprs. rev.;CLORIDRATO DE BUPROPIONA;7891317025007;1004309480033;90066790;508022102113419;N;N;60;235.67;324.85;3.93;5.41;;BRAS_PF_PMC;ed. 1094;20;
BRASINDICE;1100;medicamento;0000091757;05;072-14796-FTFI;EUROFARMA;BUP;150 mg ct. bl. al./al. x 12 cprs. rev.;CLORIDRATO DE BUPROPIONA;7891317025014;1004309480017;90066774;508022103111411;N;N;12;44.25;60.99;3.69;5.08;;BRAS_PF_PMC;ed. 1094;20;
BRASINDICE;1100;medicamento;0000083577;05;072-26207-FJLH;EUROFARMA;BUP XL;150 mg ct. bl. al. al. x 7 cprs. rev. lib. prol.;CLORIDRATO DE BUPROPIONA;7891317010225;1004313340011;90518110;508021080142103;N;N;7;19.43;26.78;2.78;3.83;;BRAS_PF_PMC;ed. 1094;20;
BRASINDICE;1100;medicamento;0000083578;05;072-26207-FJLI;EUROFARMA;BUP XL;150 mg ct. bl. al. al. x 30 cprs. rev. lib. prol.;CLORIDRATO DE BUPROPIONA;7891317010201;1004313340021;90518128;508021080142203;N;N;30;83.31;114.83;2.78;3.83;;BRAS_PF_PMC;ed. 1094;20;
BRASINDICE;1100;medicamento;0000083579;05;072-26207-FJLJ;EUROFARMA;BUP XL;300 mg ct. bl. al. al. x 7 cprs. rev. lib. prol.;CLORIDRATO DE BUPROPIONA;7891317010232;1004313340089;90518136;508021080142303;N;N;7;24.37;33.59;3.48;4.8;;BRAS_PF_PMC;ed. 1094;20;
BRASINDICE;1100;medicamento;0000083580;05;072-26207-FJLK;EUROFARMA;BUP XL;300 mg ct. bl. al. al. x 30 cprs. rev. lib. prol.;CLORIDRATO DE BUPROPIONA;7891317010218;1004313340097;90518144;508021080142403;N;N;30;104.45;143.97;3.48;4.8;;BRAS_PF_PMC;ed. 1094;20;
BRASINDICE;1100;medicamento;0000091255;05;072-26207-FSRB;EUROFARMA;BUP XL;150 mg. ct. bl. al. al. x 60 cprs. rev. lib. prol.;CLORIDRATO DE BUPROPIONA;7891317036966;1004313340038;90584490;508024070183603;N;N;60;132.18;182.2;2.2;3.04;;BRAS_PF_PMC;ed. 1094;20;
BRASINDICE;1100;medicamento;0000091256;05;072-26207-FSRC;EUROFARMA;BUP XL;300 mg. ct. bl. al. al. x 60 cprs. rev. lib. prol.;CLORIDRATO DE BUPROPIONA;7891317036973;1004313340100;90584503;508024070183703;N;N;60;165.72;228.43;2.76;3.81;;BRAS_PF_PMC;ed. 1094;20;
BRASINDICE;1100;medicamento;0000083346;05;001-20653-FJDI;UNIAO QUIMICA;BUPICAN (Restrito Hosp.);5 mg/ ml sol. inj. cx. 10 amps. vd. trans. x 4 ml;"CLORIDRATO DE BUPIVACAÍNA;GLICOSE";7896006214977;1049714480043;90519639;533021090075717;N;S;10;100.02;0;10;0;;BRAS_PF_PMC;ed. 1070;20;
BRASINDICE;1100;medicamento;0000046669;05;500-20171-DLAK;SIGMA PHARMA;BUPIUM;150 mg. 3 bl. x 10 cprs. rev.;CLORIDRATO DE BUPROPIONA;7894916507981;1356907300049;90437802;531627502115413;N;N;30;91.35;125.92;3.04;4.2;;BRAS_PF_PMC;ed. 1099;20;
BRASINDICE;1100;medicamento;0000046670;05;500-20171-DLAL;SIGMA PHARMA;BUPIUM;150 mg. 6 bl. x 10 cprs. rev.;CLORIDRATO DE BUPROPIONA;7894916507998;1356907300057;90437810;531627503111411;N;N;60;151.83;209.28;2.53;3.49;;BRAS_PF_PMC;ed. 1099;20;
BRASINDICE;1100;medicamento;0000075169;05;500-24482-EXCM;SIGMA PHARMA;BUPIUM XL (C1);150 mg. 6 bl. x 10 cprs. rev. lib. prol.;CLORIDRATO DE BUPROPIONA;7894916513173;1356907250041;90412958;531618050081804;N;N;60;125.83;173.44;2.1;2.89;;BRAS_PF_PMC;ed. 1099;20;
BRASINDICE;1100;medicamento;0000075170;05;500-24482-EYJL;SIGMA PHARMA;BUPIUM XL (C1);300 mg. 3 bl. x 10 cprs. rev. lib. prol.;CLORIDRATO DE BUPROPIONA;7894916513180;1356907250106;90412974;531618050082004;N;N;30;100.42;138.42;3.35;4.61;;BRAS_PF_PMC;ed. 1099;20;
BRASINDICE;1100;medicamento;0000075171;05;500-24482-EXCL;SIGMA PHARMA;BUPIUM XL (C1);150 mg. 3 bl. x 10 cprs. rev. lib. prol.;CLORIDRATO DE BUPROPIONA;7894916513166;1356907250033;90412940;531618050081704;N;N;30;80.12;110.44;2.67;3.68;;BRAS_PF_PMC;ed. 1099;20;
BRASINDICE;1100;medicamento;0000075173;05;500-24482-EXJY;SIGMA PHARMA;BUPIUM XL (C1);300 mg. 6 bl. x 10 cprs. rev. lib. prol.;CLORIDRATO DE BUPROPIONA;7894916513197;1356907250114;90412982;531618050082104;N;N;60;157.76;217.46;2.63;3.62;;BRAS_PF_PMC;ed. 1099;20;
BRASINDICE;1100;medicamento;0000095405;05;917-28822-FXOT;SUPERA RX;BUPNAL;8 mg + 90 mg 120 cprs. rev. lib. prol.;"CLORIDRATO DE NALTREXONA DI-HIDRATADO;CLORIDRATO DE BUPROPIONA";7899420508844;1037203250022;90625994;542626040025104;N;N;120;384.43;515.7;3.2;4.3;;BRAS_PF_PMC;ed. 1094;20;
BRASINDICE;1100;medicamento;0000095406;05;917-28822-FXOU;SUPERA RX;BUPNAL;8 mg + 90 mg 70 cprs. rev. lib. prol.;"CLORIDRATO DE NALTREXONA DI-HIDRATADO;CLORIDRATO DE BUPROPIONA";7899420508820;1037203250014;90625986;542626040025004;N;N;70;224.26;300.83;3.2;4.3;;BRAS_PF_PMC;ed. 1094;20;
BRASINDICE;1100;medicamento;0000083840;05;072-26281-FJVH;EUROFARMA;BUPROPIONA LP - GENERICO;150 mg. ct. bl. al. al. x 30 cprs. lib prol.;CLORIDRATO DE BUPROPIONA;7891317010164;1004313370026;90522842;508021110144906;S;N;30;104.77;144.41;3.49;4.81;;BRAS_PF_PMC;ed. 1094;20;
BRASINDICE;1100;medicamento;0000083841;05;072-26281-FJVI;EUROFARMA;BUPROPIONA LP - GENERICO;150 mg. lib. prol. ct. bl. al. al. x 60 cprs. rev.;CLORIDRATO DE BUPROPIONA;7891317010188;1004313370034;90522850;508021110145006;S;N;60;199.07;274.4;3.32;4.57;;BRAS_PF_PMC;ed. 1094;20;
BRASINDICE;1100;medicamento;0000083842;05;072-26281-FJVJ;EUROFARMA;BUPROPIONA LP - GENERICO;300 mg. lib. prol. ct. bl. al. al. x 30 cprs. rev.;CLORIDRATO DE BUPROPIONA;7891317010171;1004313370093;90522869;508021110145106;S;N;30;143.51;197.81;4.78;6.59;;BRAS_PF_PMC;ed. 1094;20;
BRASINDICE;1100;medicamento;0000083843;05;072-26281-FJVK;EUROFARMA;BUPROPIONA LP - GENERICO;300 mg. lib. prol. ct. bl. al. al. x 60 cprs. rev.;CLORIDRATO DE BUPROPIONA;7891317010195;1004313370107;90522877;508021110145206;S;N;60;272.64;375.81;4.54;6.26;;BRAS_PF_PMC;ed. 1094;20;
BRASINDICE;1100;medicamento;0000056434;05;790-17657-ALLW;MULTILAB;BUPROVIL;300 mg. 30 cprs.;IBUPROFENO;7896472502769;1181900610040;90271475;525904003113412;N;N;30;26.31;35.29;0.88;1.18;;BRAS_PF_PMC;ed. 1092;20;
BRASINDICE;1100;medicamento;0000056435;05;790-17657-AMQC;MULTILAB;BUPROVIL;300 mg. 20 cprs.;IBUPROFENO;7896472513284;1181900610288;90271513;525912120017303;N;N;20;19.28;25.86;0.96;1.29;;BRAS_PF_PMC;ed. 1092;20;
BRASINDICE;1100;medicamento;0000077921;05;790-17657-FCCJ;MULTILAB;BUPROVIL;300 mg. 20 x 10 cprs. (mult.);IBUPROFENO;7896472505531;1181900610164;90318978;525914060019003;N;N;200;196.54;263.65;0.98;1.32;;BRAS_PF_PMC;ed. 1092;20;
BRASINDICE;1100;medicamento;0000086180;05;790-17657-FMMI;MULTILAB;BUPROVIL;300 mg 20 cprs. rev.;IBUPROFENO;7896004780733;1181900610288;90271513;525912120017303;N;N;20;18.71;25.1;0.94;1.26;;BRAS_PF_PMC;ed. 1092;20;
BRASINDICE;1100;medicamento;0000086181;05;790-17657-AYXZ;MULTILAB;BUPROVIL;300 mg 30 cprs. rev.;IBUPROFENO;7896004780740;1181900610040;90271475;525904003113412;N;N;30;25.52;34.23;0.85;1.14;;BRAS_PF_PMC;ed. 1092;20;
BRASINDICE;1100;medicamento;0000086182;05;790-17657-FMMJ;MULTILAB;BUPROVIL;300 mg 20 x 10 cprs. rev.;IBUPROFENO;7896004780757;1181900610164;90318978;525914060019003;N;N;200;190.65;255.75;0.95;1.28;;BRAS_PF_PMC;ed. 1092;20;
BRASINDICE;1100;medicamento;0000088469;05;790-17657-FPBW;MULTILAB;BUPROVIL;50 mg/ml sus. got. fr. 30 ml;IBUPROFENO;7895296450027;1181903800029;90556933;607022110078507;N;N;1;16.89;22.66;16.89;22.66;;BRAS_PF_PMC;ed. 1092;20;
BRASINDICE;1100;medicamento;0000088470;05;790-17657-FPBX;MULTILAB;BUPROVIL;100 mg/ml sus. got. fr. 20 ml + cgt.;IBUPROFENO;7895296450010;1181904770018;90567030;607023070100207;N;N;1;20.32;27.26;20.32;27.26;;BRAS_PF_PMC;ed. 1092;20;
BRASINDICE;1100;medicamento;0000057386;05;790-21825-CVMW;MULTILAB;BUPROVIL (*);600 mg. 30 cprs.;IBUPROFENO;7896472502776;1181900610016;90271459;525904004111413;N;N;30;26.18;36.09;0.87;1.2;;BRAS_PF_PMC;ed. 1092;20;
BRASINDICE;1100;medicamento;0000057387;05;790-21825-ANVB;MULTILAB;BUPROVIL (*);600 mg. 20 cprs.;IBUPROFENO;7896472513307;1181900610301;90271521;525912120017403;N;N;20;19.39;26.73;0.97;1.34;;BRAS_PF_PMC;ed. 1092;20;
BRASINDICE;1100;medicamento;0000086183;05;790-21825-FMMK;MULTILAB;BUPROVIL (*);600 mg 20 cprs. rev.;IBUPROFENO;7896004780771;1181900610301;90271521;525912120017403;N;N;20;19.27;26.64;0.96;1.33;;BRAS_PF_PMC;ed. 1092;20;
BRASINDICE;1100;medicamento;0000086184;05;790-21825-FMML;MULTILAB;BUPROVIL (*);600 mg 30 cprs. rev.;IBUPROFENO;7896004780788;1181900610016;90271459;525904004111413;N;N;30;25.77;35.63;0.86;1.19;;BRAS_PF_PMC;ed. 1092;20;
BRASINDICE;1100;medicamento;0000092270;05;001-28121-FTXO;UNIAO QUIMICA;BUPSTESIC (Restrito Hosp.);0,50% sol. inj. ct. 6 FA vd. trans. x 20 ml;CLORIDRATO DE BUPIVACAÍNA;7896006247609;1049701850025;90261305;533018201154413;N;S;6;191.63;0;31.94;0;;BRAS_PF_PMC;ed. 1096;20;
BRASINDICE;1100;medicamento;0000048787;05;001-20509-DNRZ;UNIAO QUIMICA;BUPSTESIC C/VASO (Restrito Hosp.);5,0 mg/ml + 0,0091 mg/ml sol. inj. ct. 6 FA vd. amb. x 20 ml safety pack;"CLORIDRATO DE BUPIVACAÍNA;HEMITARTARATO DE EPINEFRINA";7896006222095;1049702070023;90206991;533018401153410;N;S;6;185.33;0;30.89;0;;BRAS_PF_PMC;ed. 1096;20;
BRASINDICE;1100;medicamento;0000082753;05;846-26024-FIKS;COSMED;BUSCODUO;500 mg x 20 cprs. rev.;"BUTILBROMETO DE ESCOPOLAMINA;PARACETAMOL";7896094921412;1781708890055;90504755;540921020045717;N;N;20;29.45;39.51;1.47;1.98;;BRAS_PF_PMC;ed. 1084;20;
BRASINDICE;1100;medicamento;0000082754;05;846-16783-ERMK;COSMED;BUSCOFEM;400 mg. ct. bl. al. plas. trans. x 56 caps. gel. mole;IBUPROFENO;7896094921320;1781708920078;90507355;540921020045617;N;N;56;164.23;220.31;2.93;3.93;;BRAS_PF_PMC;ed. 1084;20;
BRASINDICE;1100;medicamento;0000082755;05;846-16783-CQHF;COSMED;BUSCOFEM;400 mg. bl. 10 caps. gel mole;IBUPROFENO;7896094921344;1781708920035;90507347;540921020045517;N;N;10;25.76;34.56;2.58;3.46;;BRAS_PF_PMC;ed. 1084;20;
BRASINDICE;1100;medicamento;0000083560;05;846-16783-FJKU;COSMED;BUSCOFEM;400 mg x 20 caps. gel mole;IBUPROFENO;7896094999954;1781708920043;90522354;540921080047607;N;N;20;42.34;56.8;2.12;2.84;;BRAS_PF_PMC;ed. 1084;20;
BRASINDICE;1100;medicamento;0000090885;05;846-27807-FSEA;COSMED;BUSCOFEM GIRL;200 mg ct. bl. x 10 caps. mole;IBUPROFENO;7896094929753;1781709680011;90586190;540924050063307;N;N;10;19.51;26.17;1.95;2.62;;BRAS_PF_PMC;ed. 1084;20;
BRASINDICE;1100;medicamento;0000088174;05;846-27195-FOPM;COSMED;BUSCOFEM GOTAS;200 mg/ml x 20 ml;IBUPROFENO;7896094925915;1781709480020;90571045;540923090061607;N;N;1;25.76;34.56;25.76;34.56;;BRAS_PF_PMC;ed. 1084;20;
BRASINDICE;1094;medicamento;0000085171;05;846-26491-FLGM;COSMED;BUSCOFEM HOT;Disp. 6 saches;;7896094927025;;;;N;;6;63.98;0;10.66;0;;BRAS_PF_PMC;ed. 1084;20;
BRASINDICE;1100;medicamento;0000082756;05;846-17785-CWGW;COSMED;BUSCOPAN COMPOSTO;Sol. inj. 3 amps. x 5 ml;"DIPIRONA MONOIDRATADA;BUTILBROMETO DE ESCOPOLAMINA";7896094921306;1781708910064;90533577;540922040053814;N;N;3;22.07;29.61;7.36;9.87;;BRAS_PF_PMC;ed. 1096;20;
BRASINDICE;1100;medicamento;0000082757;05;846-17785-BRGW;COSMED;BUSCOPAN COMPOSTO;2 bl. x 10 cprs. rev.;"DIPIRONA MONOIDRATADA;BUTILBROMETO DE ESCOPOLAMINA";7896094921399;1781708910048;90533569;540922040053717;N;N;20;21.71;29.12;1.09;1.46;;BRAS_PF_PMC;ed. 1084;20;
BRASINDICE;1100;medicamento;0000087524;05;846-17785-FNTM;COSMED;BUSCOPAN COMPOSTO;(10,0 + 250,0) mg ct. bl. al. plas. pvc trans. x 120 cprs. rev.;"DIPIRONA MONOIDRATADA;BUTILBROMETO DE ESCOPOLAMINA";7896094922242;1781708910056;90533585;540922050054107;N;N;120;165.43;221.92;1.38;1.85;;BRAS_PF_PMC;ed. 1084;20;
BRASINDICE;1100;medicamento;0000090886;05;846-17785-FSEB;COSMED;BUSCOPAN COMPOSTO;Sol. got. ct. fr. x 20 ml;"DIPIRONA MONOIDRATADA;BUTILBROMETO DE ESCOPOLAMINA";7896094931299;1781709720013;90585402;540924070064307;N;N;1;22.46;30.13;22.46;30.13;;BRAS_PF_PMC;ed. 1084;20;
BRASINDICE;1100;medicamento;0000082758;05;846-26025-EVJV;COSMED;BUSCOPAN DRAG;10 mg. ct. bl. al. plas. pvc/pvdc opc. x 20 drags.;BUTILBROMETO DE ESCOPOLAMINA;7896094921429;1781708900115;90504712;540921040047017;N;N;20;21.72;29.14;1.09;1.46;;BRAS_PF_PMC;ed. 1091;20;
BRASINDICE;1100;medicamento;0000082759;05;846-26026-APMR;COSMED;BUSCOPAN GOTAS;10 mg/ml sol. oral 20 ml;BUTILBROMETO DE ESCOPOLAMINA;7896094921405;1781708900026;90504690;540921040046817;N;N;1;21.71;29.12;21.71;29.12;;BRAS_PF_PMC;ed. 1084;20;
BRASINDICE;1100;medicamento;0000088024;05;846-26026-FOKH;COSMED;BUSCOPAN GOTAS;10 mg/ml fr. 20 ml;BUTILBROMETO DE ESCOPOLAMINA;7896094930001;1781708900131;90564421;540923060060407;N;N;1;21.71;29.12;21.71;29.12;;BRAS_PF_PMC;ed. 1084;20;
BRASINDICE;1100;medicamento;0000082760;05;846-26027-CDYB;COSMED;BUSCOPAN INJETAVEL;20 mg/ml sol. inj. 5 amps. x 1 ml;BUTILBROMETO DE ESCOPOLAMINA;7896094921313;1781708900042;90504704;540921040046917;N;N;5;23.14;31.04;4.63;6.21;;BRAS_PF_PMC;ed. 1096;20;
BRASINDICE;1100;medicamento;0000087523;05;846-26961-FNTL;COSMED;BUSCOPAN PEDIATRICO;10 mg/ml sol. oral fr. 20 ml + ser. dos.;BUTILBROMETO DE ESCOPOLAMINA;7896094928176;1781709290027;90559380;540923010058507;N;N;1;23.57;31.62;23.57;31.62;;BRAS_PF_PMC;ed. 1084;20;
BRASINDICE;1100;medicamento;0000095628;05;001-07887-FXUQ;UNIAO QUIMICA;BUSCOVERAN COMPOSTO;(10,0 + 250,0) mg bl. al. plas. PVC trans. x 20 cprs. rev.;;7896006226802;;90631757;;;;20;14.81;19.87;0.74;0.99;;BRAS_PF_PMC;ed. 1096;20;
BRASINDICE;1100;medicamento;0000077279;05;048-24864-FBEG;ACHE;BUSONID NASAL;Aq. Nas. 100 mcg 120 doses s/co;BUDESONIDA;7896181913719;1057305900111;90449363;552920010106217;N;N;1;70.42;97.07;70.42;97.07;;BRAS_PF_PMC;ed. 1091;20;
BRASINDICE;1100;medicamento;0000077280;05;048-24864-FBEJ;ACHE;BUSONID NASAL;Aq. Nas. 32 mcg 120 doses s/co;BUDESONIDA;7896181915171;1057305900136;90449380;552920010106417;N;N;1;23.86;32.89;23.86;32.89;;BRAS_PF_PMC;ed. 1092;20;
BRASINDICE;1100;medicamento;0000077281;05;048-24864-FBEK;ACHE;BUSONID NASAL;Aq. Nas. 50 mcg 120 doses s/co;BUDESONIDA;7896181907176;1057305900128;90449371;552920010106317;N;N;1;35.01;48.26;35.01;48.26;;BRAS_PF_PMC;ed. 1092;20;
BRASINDICE;1100;medicamento;0000077282;05;048-24864-FBEL;ACHE;BUSONID NASAL;Aq. Nas. 64 mcg 120 doses s/co;BUDESONIDA;7896181915188;1057300820045;90449398;552924100166903;N;N;1;27.39;37.75;27.39;37.75;;BRAS_PF_PMC;ed. 1091;20;
BRASINDICE;1100;medicamento;0000077283;05;048-24864-FBEM;ACHE;BUSONID NASAL;32 mcg susp. aq. nas. 60 doses fr. x 3 ml;BUDESONIDA;7896181917199;1057305900152;90449401;552920010106617;N;N;1;10.99;15.15;10.99;15.15;;BRAS_PF_PMC;ed. 1091;20;
BRASINDICE;1100;medicamento;0000077284;05;048-24864-FBEN;ACHE;BUSONID NASAL;50 mcg susp. aq. nas. 60 doses fr. x 3 ml;BUDESONIDA;7896181917205;1057305900179;90449495;552920010106817;N;N;1;8.06;11.11;8.06;11.11;;BRAS_PF_PMC;ed. 1091;20;
BRASINDICE;1100;medicamento;0000077285;05;048-24864-FBEO;ACHE;BUSONID NASAL;64 mcg susp. aq. nas. 60 doses fr. x 3 ml;BUDESONIDA;7896181917212;1057305900160;90449487;552920010106717;N;N;1;21.95;30.26;21.95;30.26;;BRAS_PF_PMC;ed. 1091;20;
BRASINDICE;1100;medicamento;0000077286;05;048-24864-FBEP;ACHE;BUSONID NASAL;100 mcg susp. aq. nas. 60 doses fr. x 3 ml;BUDESONIDA;7896181917823;1057305900187;90449509;552920010106917;N;N;1;8.06;11.11;8.06;11.11;;BRAS_PF_PMC;ed. 1091;20;
BRASINDICE;1100;medicamento;0000091560;05;048-24864-FBEL;ACHE;BUSONID NASAL;Aq. Nas. 64 mcg 120 doses s/co;BUDESONIDA;7896181915188;1057300820045;90592433;552924100166903;N;N;1;26.41;36.51;26.41;36.51;;BRAS_PF_PMC;ed. 1066;20;
BRASINDICE;1100;medicamento;0000077287;05;048-24865-FBEQ;ACHE;BUSONID ORAL;200 mcg bl. x 60 caps. refil;BUDESONIDA;7896181900740;1057305900055;90449185;552920010105917;N;N;1;39.87;54.96;39.87;54.96;;BRAS_PF_PMC;ed. 1092;20;
BRASINDICE;1100;medicamento;0000077288;05;048-24865-FBER;ACHE;BUSONID ORAL;200 mcg bl. x 60 caps. + inal.;BUDESONIDA;7896181904441;1057305900047;90449177;552920010105817;N;N;1;49.77;68.6;49.77;68.6;;BRAS_PF_PMC;ed. 1092;20;
BRASINDICE;1100;medicamento;0000077289;05;048-24865-FBES;ACHE;BUSONID ORAL;400 mcg bl. x 60 caps. refil;BUDESONIDA;7896181901372;1057305900101;90449355;552920010106117;N;N;1;69.29;95.51;69.29;95.51;;BRAS_PF_PMC;ed. 1091;20;
BRASINDICE;1100;medicamento;0000077290;05;048-24865-FBET;ACHE;BUSONID ORAL;400 mcg bl. x 60 caps. + inal.;BUDESONIDA;7896181903222;1057305900063;90449347;552920010106017;N;N;1;86.45;119.16;86.45;119.16;;BRAS_PF_PMC;ed. 1092;20;
BRASINDICE;1100;medicamento;0000077293;05;048-24865-FBEW;ACHE;BUSONID ORAL;200 mcg bl. x 15 caps. refil;BUDESONIDA;7896181917700;1057305900195;90449517;552920010107017;N;N;1;9.3;12.82;9.3;12.82;;BRAS_PF_PMC;ed. 1091;20;
BRASINDICE;1100;medicamento;0000077294;05;048-24865-FBEX;ACHE;BUSONID ORAL;400 mcg bl. x 15 caps. refil;BUDESONIDA;7896181917717;1057305900217;90449533;552920010107217;N;N;1;16.18;22.3;16.18;22.3;;BRAS_PF_PMC;ed. 1091;20;
BRASINDICE;1100;medicamento;0000087249;05;748-26819-FNLH;ACCORD;BUSSULFANO - GENERICO (Restrito Hosp.) (CONVENIO 162/94);6,0 mg/ml sol. dil. infus. IV ct. FA vd. trans. x 10 ml;BUSSULFANO;7898577813399;1553701070011;90549341;538022100043606;S;S;1;1164.86;0;1164.86;0;;BRAS_PF_PMC;ed. 1092;20;
BRASINDICE;1100;medicamento;0000087250;05;748-26819-FNLI;ACCORD;BUSSULFANO - GENERICO (Restrito Hosp.) (CONVENIO 162/94);6,0 mg/ml sol. dil. infus. IV ct. 10 FA vd. trans. x 10 ml;BUSSULFANO;7898577813405;1553701070021;90549350;538022100043706;S;S;10;11648.69;0;1164.87;0;;BRAS_PF_PMC;ed. 1092;20;
BRASINDICE;1100;medicamento;0000048864;05;547-25361-DFAQ;FARMACE;BUTILBROMETO DE ESCOPOLAMINA + DIPIRONA MONOIDRATADA - GENERICO (Restrito Hosp.);20 mg. + 2,5 g - 5 ml. cx. 100 amps. vd.;"DIPIRONA MONOIDRATADA;BUTILBROMETO DE ESCOPOLAMINA";7898166040670;1108500260033;90072189;508302501158119;S;S;100;327.25;0;3.27;0;;BRAS_PF_PMC;ed. 1094;20;
BRASINDICE;1100;medicamento;0000070698;05;555-25361-ETJE;HIPOLABOR;BUTILBROMETO DE ESCOPOLAMINA + DIPIRONA MONOIDRATADA - GENERICO (Restrito Hosp.);4 mg/ml + 500 mg/ml sol. inj. IM/IV cx. 100 amps. vd. amb. x 5 ml (hosp.);"DIPIRONA MONOIDRATADA;BUTILBROMETO DE ESCOPOLAMINA";7898123906759;1134301210035;90095936;511606401153113;S;S;100;336.26;0;3.36;0;;BRAS_PF_PMC;ed. 1092;20;
BRASINDICE;1100;medicamento;0000084853;05;555-08262-FKYV;HIPOLABOR;BUTILBROMETO DE ESCOPOLAMINA - GENERICO;10 mg/ml sol. or. cx. 200 fr. plas. opc. got. x 20 ml;BUTILBROMETO DE ESCOPOLAMINA;7898470680401;1134301810024;90509102;511621040046107;S;N;200;4916.63;6595.48;24.58;32.98;;BRAS_PF_PMC;ed. 1092;20;
BRASINDICE;1100;medicamento;0000070631;05;555-18135-ETEX;HIPOLABOR;BUTILBROMETO DE ESCOPOLAMINA - GENERICO (Restrito Hosp.);20 mg/ml sol. inj. cx. 100 amp. vd. amb. x 1 ml (hosp.);BUTILBROMETO DE ESCOPOLAMINA;7898123907893;1134301250029;90380681;511617090044106;S;S;100;150.58;0;1.51;0;;BRAS_PF_PMC;ed. 1092;20;
BRASINDICE;1100;medicamento;0000070997;05;547-18135-ETRD;FARMACE;BUTILBROMETO DE ESCOPOLAMINA - GENERICO (Restrito Hosp.);20 mg. cx. 100 amps. vd. x 1 ml;BUTILBROMETO DE ESCOPOLAMINA;7898166042032;1108500430011;90378180;508317050021506;S;S;100;150.59;0;1.51;0;;BRAS_PF_PMC;ed. 1094;20;
BRASINDICE;1100;medicamento;0000085540;05;436-18135-FLSV;HYPOFARMA;BUTILBROMETO DE ESCOPOLAMINA - GENERICO (Restrito Hosp.);20 mg/ml sol. inj. IV/IM/SC cx. 100 amps. VD amb. x 1 ml;BUTILBROMETO DE ESCOPOLAMINA;7898122913765;1038700800010;90493591;511820110011607;S;S;100;149.1;0;1.49;0;;BRAS_PF_PMC;ed. 1079;20;
BRASINDICE;1100;medicamento;0000093546;05;748-28431-FNLH;ACCORD;BUXILFAM (Restrito Hosp.);6,0 mg/ml sol. dil. infus. IV ct. FA vd. trans. x 10 ml;BUSSULFANO;7898577813924;1553701090012;90596714;538024120050803;N;S;1;1055.6;0;1055.6;0;;BRAS_PF_PMC;ed. 1092;20;
BRASINDICE;1100;medicamento;0000093547;05;748-28431-FNLI;ACCORD;BUXILFAM (Restrito Hosp.);6,0 mg/ml sol. dil. infus. IV ct. 10 FA vd. trans. x 10 ml;BUSSULFANO;7898577813931;1553701090020;90596722;538024120050903;N;S;10;10555.95;0;1055.6;0;;BRAS_PF_PMC;ed. 1092;20;
BRASINDICE;1100;medicamento;0000073573;05;748-24063-EWKP;ACCORD;BYCAL (CONVENIO 162/94);50 mg. ct. bl. al. plas. trans. x 30 cprs. rev.;BICALUTAMIDA;7898565581811;1553700550028;90415035;538017120024306;N;N;30;682.13;940.24;22.74;31.34;;BRAS_PF_PMC;ed. 1092;20;
BRASINDICE;1100;medicamento;0000088517;05;748-27310-FPEJ;ACCORD;BYCAL 150 (CONVENIO 162/94);150 mg ct. bl. al. plas. PVC/PVDC trans. x 14 cprs. rev.;BICALUTAMIDA;7898577814013;1553701120019;90565355;538023070045103;N;N;14;955;1316.37;68.21;94.03;;BRAS_PF_PMC;ed. 1092;20;
BRASINDICE;1100;medicamento;0000088518;05;748-27310-FPEK;ACCORD;BYCAL 150 (CONVENIO 162/94);150 mg ct. bl. al. plas. PVC/PVDC trans. x 28 cprs. rev.;BICALUTAMIDA;7898577814020;1553701120027;90565363;538023070045303;N;N;28;1910.02;2632.76;68.22;94.03;;BRAS_PF_PMC;ed. 1092;20;
BRASINDICE;1100;medicamento;0000088519;05;748-27310-FPEL;ACCORD;BYCAL 150 (CONVENIO 162/94);150 mg ct. bl. al. plas. PVC/PVDC trans. x 30 cprs. rev.;BICALUTAMIDA;7898577814037;1553701120035;90565371;538023070045203;N;N;30;2046.37;2820.7;68.21;94.02;;BRAS_PF_PMC;ed. 1092;20;
BRASINDICE;1100;medicamento;0000092759;05;808-28263-FUNS;IPSEN;BYLVAY;600 mcg ct. fr. plas. pead. opc. x 30 caps. dura;ODEVIXIBATE SESQUI-HIDRATADO;7898932171331;1697700050031;90571681;539223100001901;N;N;30;85544.32;114754.66;2851.48;3825.16;;BRAS_PF_PMC;ed. 1094;20;
BRASINDICE;1100;medicamento;0000092760;05;808-28263-FUNT;IPSEN;BYLVAY;1200 mcg ct. fr. plas. pead. opc. x 30 caps. dura;ODEVIXIBATE SESQUI-HIDRATADO;7898932171348;1697700050041;90571690;539223100002001;N;N;30;171088.65;229509.33;5702.96;7650.31;;BRAS_PF_PMC;ed. 1094;20;
BRASINDICE;1100;medicamento;0000092764;05;808-28263-FUNY;IPSEN;BYLVAY;200 mcg ct. fr. plas. pead. opc. x 30 caps. dura;ODEVIXIBATE SESQUI-HIDRATADO;7898932171317;1697700050015;90571665;539223100001701;N;N;30;28514.75;38251.52;950.49;1275.05;;BRAS_PF_PMC;ed. 1094;20;
BRASINDICE;1100;medicamento;0000092765;05;808-28263-FUNX;IPSEN;BYLVAY;400 mcg ct. fr. plas. pead. opc. x 30 caps. dura;ODEVIXIBATE SESQUI-HIDRATADO;7898932171324;1697700050023;90571673;539223100001801;N;N;30;57029.53;76503.08;1900.98;2550.1;;BRAS_PF_PMC;ed. 1094;20;
