fonte;edicao;tipo_item;codigo_fonte;tabela_fonte;chave_fonte;laboratorio;produto;apresentacao;principio_ativo;ean;registro_anvisa;codigo_tuss;ggrem;generico;restrito_hospitalar;qtd_embalagem;pf_total;pmc_total;pf_unit;pmc_unit;preco_ref;tipo_preco;vigencia;tabela87_sugerida;precos_extra
BRASINDICE;1100;medicamento;0000092770;05;352-28265-FVFY;NOVARTIS;FABHALTA;200 mg ct. bl. al. plas. PVC/PE/PVDC trans. x 56 caps. dura;CLORIDRATO DE IPTACOPANA MONOIDRATADO;7896261023178;1006811870019;90605241;526525040105702;N;N;56;162098.73;217449.67;2894.62;3883.03;;BRAS_PF_PMC;ed. 1090;20;
BRASINDICE;1100;medicamento;0000042679;05;1048-19426-DEAS;SANOFI MEDLEY;FABRAZYME;35 mg. po liof. inj. FA x 20 ml;BETA-AGALSIDASE;7898328480115;1832603310014;90458559;576720020056117;N;N;1;17662.91;24346.48;17662.91;24346.48;;BRAS_PF_PMC;ed. 1099;20;
BRASINDICE;1100;medicamento;0000083043;05;173-26076-FISV;LEGRAND;FACOBA;5+1 mg/ml sol. oft. fr. 5 ml;"FOSFATO DISSÓDICO DE DEXAMETASONA;CLORIDRATO DE MOXIFLOXACINO";7896004777221;1677306600015;90506758;538821020100804;N;N;1;34.92;48.13;34.92;48.13;;BRAS_PF_PMC;ed. 1092;20;
BRASINDICE;1100;medicamento;0000000913;05;048-01090-ACRC;ACHE;FAMOX;20 mg. cprs. cx. 10;FAMOTIDINA;7896658000379;1057301440033;90003969;500503401112416;N;N;10;25.59;35.27;2.56;3.53;;BRAS_PF_PMC;ed. 1092;20;
BRASINDICE;1100;medicamento;0000000914;05;048-01090-ACRE;ACHE;FAMOX;40 mg. cprs. cx. 10;FAMOTIDINA;7896658000393;1057301440041;90003977;500503402119414;N;N;10;41.27;56.89;4.13;5.69;;BRAS_PF_PMC;ed. 1091;20;
BRASINDICE;1100;medicamento;0000081841;05;048-01090-FHIS;ACHE;FAMOX;20 mg bl. 30 cprs.;FAMOTIDINA;7896658000386;1057301440017;90483316;552920080131607;N;N;30;56.07;77.29;1.87;2.58;;BRAS_PF_PMC;ed. 1091;20;
BRASINDICE;1100;medicamento;0000081842;05;048-01090-ALQA;ACHE;FAMOX;40 mg bl. 30 cprs.;FAMOTIDINA;7896658000409;1057301440025;90483308;552920080131507;N;N;30;83.2;114.68;2.77;3.82;;BRAS_PF_PMC;ed. 1091;20;
BRASINDICE;1100;medicamento;0000089484;05;048-27519-FQOF;ACHE;FAMOX SUSPENSAO;8 mg/ml po. susp. fr. 13,7 g + kit. dilui.;FAMOTIDINA;7896658048258;1057300520017;90573609;552923110162805;N;N;1;79.12;109.06;79.12;109.06;;BRAS_PF_PMC;ed. 1091;20;
BRASINDICE;1100;medicamento;0000084961;05;758-21504-FLCT;BIOGEN BRASIL;FAMPYRA;10 mg. ct. bl. al. x 28 cprs. rev. lib. prol.;FAMPRIDINA;7898926573356;1699300030031;90496990;538320120003007;N;N;28;825.34;1107.16;29.48;39.54;;BRAS_PF_PMC;ed. 1095;20;
BRASINDICE;1100;medicamento;0000068132;05;988-23269-EPRZ;PHARLAB;FARMAFLAN;11,6 mg/g gel ct bg al x 60 g;DICLOFENACO DIETILAMÔNIO;7898216362325;1410700700011;90176022;527906901166415;N;N;1;17.99;24.13;17.99;24.13;;BRAS_PF_PMC;ed. 1090;20;
BRASINDICE;1100;medicamento;0000068135;05;988-23272-EPSS;PHARLAB;FARMOXICAM;20 mg ct. 01 bl. al. plas. inc. x 15 caps. gel dura;PIROXICAM;7898216360734;1410700430030;90176057;527902102110416;N;N;15;13.77;18.98;0.92;1.27;;BRAS_PF_PMC;ed. 1096;20;
BRASINDICE;1100;medicamento;0000085603;05;988-23272-FLUM;PHARLAB;FARMOXICAM;20 mg cx. 10 caps.;PIROXICAM;7898216362172;1410700430057;90537050;527922040040003;N;N;10;8.27;11.4;0.83;1.14;;BRAS_PF_PMC;ed. 1096;20;
BRASINDICE;1094;medicamento;0000052969;05;438-21182-DSSN;BIOLAB SANUS;FASCIA;Cx. 30 saches x 11 g;;7898942324406;;;;N;;30;194.39;0;6.48;0;;BRAS_PF_PMC;ed. 1091;20;
BRASINDICE;1094;medicamento;0000063017;05;438-21182-EGJF;BIOLAB SANUS;FASCIA;Abacaxi cx. 30 saches x 11 g;;7898549758413;;;;N;;30;194.39;0;6.48;0;;BRAS_PF_PMC;ed. 1091;20;
BRASINDICE;1094;medicamento;0000080144;05;438-25353-ELLN;BIOLAB SANUS;FASCIA PRIME;30 saches x 13 g;;7896112402312;;;;N;;30;241.85;0;8.06;0;;BRAS_PF_PMC;ed. 1091;20;
BRASINDICE;1094;medicamento;0000090029;05;438-27622-FRDC;BIOLAB SANUS;FASCIA Q10;200 mg 30 caps.;;7896112408420;;;;N;;30;160.51;0;5.35;0;;BRAS_PF_PMC;ed. 1091;20;
BRASINDICE;1100;medicamento;0000075517;05;442-24543-EYTS;ASTRAZENECA;FASENRA;30 mg/ml sol. inj. ct. ser. preench. vd. trans. x 1 ml;BENRALIZUMABE;5000456027786;1161802670011;90395107;502318100033702;N;S;1;15631.14;20968.62;15631.14;20968.62;;BRAS_PF_PMC;ed. 1092;20;
BRASINDICE;1100;medicamento;0000090216;05;442-27663-FRJN;ASTRAZENECA;FASENRA PEN;30 mg/ml sol. inj. ct. ser. preench. vd. trans. x 1 ml + 1 can. aplic.;BENRALIZUMABE;5000456070492;1161802670028;90581040;502324030036507;N;S;1;15631.14;20968.62;15631.14;20968.62;;BRAS_PF_PMC;ed. 1092;20;
BRASINDICE;1100;medicamento;0000058162;05;442-11851-DZQS;ASTRAZENECA;FASLODEX (Restrito Hosp.) (CONVENIO 162/94);50 mg/ml sol. inj. ct. 2 ser. vd. inc. preench. descart. x 5 ml + 2 agulhas;FULVESTRANTO;7896206404437;1161801140025;90298675;502314100023503;N;S;2;8342.16;0;4171.08;0;;BRAS_PF_PMC;ed. 1092;20;
BRASINDICE;1100;medicamento;0000028622;05;348-06432-CGWU;CRISTALIA;FASTFEN (Restrito Hosp.);50 mcg/ml 10 amps. 5 ml;CITRATO DE SUFENTANILA;7896676401707;1029802160062;90046072;506705601154416;N;S;10;1372.2;0;137.22;0;;BRAS_PF_PMC;ed. 1094;20;
BRASINDICE;1100;medicamento;0000028623;05;348-06432-CGWV;CRISTALIA;FASTFEN (Restrito Hosp.);50 mcg/ml 25 amps. 1 ml;CITRATO DE SUFENTANILA;7896676401479;1029802160070;90046080;506705602150414;N;S;25;737.76;0;29.51;0;;BRAS_PF_PMC;ed. 1094;20;
BRASINDICE;1100;medicamento;0000060591;05;348-06432-EDCW;CRISTALIA;FASTFEN (Restrito Hosp.);5 mcg/ml 30 est. 2 ml;CITRATO DE SUFENTANILA;7896676406986;1029802160089;90257375;506712080046903;N;S;30;381.02;0;12.7;0;;BRAS_PF_PMC;ed. 1094;20;
BRASINDICE;1100;medicamento;0000026140;05;1048-26880-CMJY;SANOFI MEDLEY;FASTURTEC (Restrito Hosp.) (CONVENIO 132/21);1,5 mg. po liof. 3 FA vd.;RASBURICASE;7897595902740;1832604110019;90488326;576720070080517;N;S;3;1943.11;0;647.7;0;;BRAS_PF_PMC;ed. 1099;20;
BRASINDICE;1100;medicamento;0000007549;05;458-08227-BDHJ;GRIFOLS;FATOR ANTI-HEMOF. HUM. DUP. INAT. FANHDI (Restrito Hosp.);500 UI po liof. FA + ser. dil. 10 ml + eq.;;8435308347564;1364100030026;90093119;510900904150313;N;S;1;1471.01;0;1471.01;0;;BRAS_PF_PMC;ed. 1066;20;
BRASINDICE;1100;medicamento;0000007550;05;458-08227-BDHK;GRIFOLS;FATOR ANTI-HEMOF. HUM. DUP. INAT. FANHDI (Restrito Hosp.);1000 UI po liof. FA + ser. dil. 10 ml + eq.;;8435308347571;1364100030018;90093089;510900902158317;N;S;1;2942.07;0;2942.07;0;;BRAS_PF_PMC;ed. 1066;20;
BRASINDICE;1100;medicamento;0000052859;05;458-08227-DSPV;GRIFOLS;FATOR ANTI-HEMOF. HUM. DUP. INAT. FANHDI (Restrito Hosp.);250 UI po liof. FA + ser. dil. 10 ml + eq.;;8435308347557;1364100030034;90093100;510900901151319;N;S;1;735.49;0;735.49;0;;BRAS_PF_PMC;ed. 1066;20;
BRASINDICE;1100;medicamento;0000074013;05;034-10140-EWXN;LIBBS;FAULBLASTINA (Restrito Hosp.) (CONVENIO 162/94);10 mg/10 ml inj. 5 FA ambar;SULFATO DE VIMBLASTINA;7896094208100;1003301300021;90314174;523715010031203;N;S;5;447.3;0;89.46;0;;BRAS_PF_PMC;ed. 1094;20;
BRASINDICE;1100;medicamento;0000006777;05;034-07770-AUTE;LIBBS;FAULDACAR (Restrito Hosp.) (CONVENIO 162/94);200 mg. FA;DACARBAZINA;7896094202887;1003301360022;90144317;523707402159417;N;S;1;223.86;0;223.86;0;;BRAS_PF_PMC;ed. 1094;20;
BRASINDICE;1100;medicamento;0000006778;05;034-07770-BBRG;LIBBS;FAULDACAR (Restrito Hosp.) (CONVENIO 162/94);600 mg. FA;DACARBAZINA;7896094202894;1003301360030;90144325;523707401152419;N;S;1;661.21;0;661.21;0;;BRAS_PF_PMC;ed. 1094;20;
BRASINDICE;1100;medicamento;0000008353;05;034-08754-AZEF;LIBBS;FAULDCARBO (Restrito Hosp.) (CONVENIO 162/94);50 mg/5 ml FA;CARBOPLATINA;7896094207981;1003301330042;90232330;523707206155412;N;S;1;403.7;0;403.7;0;;BRAS_PF_PMC;ed. 1094;20;
BRASINDICE;1100;medicamento;0000008354;05;034-08754-BEGS;LIBBS;FAULDCARBO (Restrito Hosp.) (CONVENIO 162/94);150 mg/15 ml FA;CARBOPLATINA;7896094207998;1003301330050;90232313;523707204152416;N;S;1;815.54;0;815.54;0;;BRAS_PF_PMC;ed. 1094;20;
BRASINDICE;1100;medicamento;0000008355;05;034-08754-BEGT;LIBBS;FAULDCARBO (Restrito Hosp.) (CONVENIO 162/94);450 mg/45 ml FA;CARBOPLATINA;7896094208001;1003301330069;90232321;523707205159414;N;S;1;2113.11;0;2113.11;0;;BRAS_PF_PMC;ed. 1094;20;
BRASINDICE;1100;medicamento;0000008197;05;034-08657-BEGU;LIBBS;FAULDCISPLA (Restrito Hosp.) (CONVENIO 162/94);100 mg/100 ml FA;CISPLATINA;7896094207127;1003301400032;90144368;523707101159310;N;S;1;721.95;0;721.95;0;;BRAS_PF_PMC;ed. 1094;20;
BRASINDICE;1100;medicamento;0000008198;05;034-08657-BEGV;LIBBS;FAULDCISPLA (Restrito Hosp.) (CONVENIO 162/94);50 mg/50 ml FA;CISPLATINA;7896094207110;1003301400024;90144384;523707102155319;N;S;1;372.9;0;372.9;0;;BRAS_PF_PMC;ed. 1094;20;
BRASINDICE;1100;medicamento;0000008199;05;034-08657-BEGW;LIBBS;FAULDCISPLA (Restrito Hosp.) (CONVENIO 162/94);10 mg/10 ml FA;CISPLATINA;7896094207103;1003301400016;90144376;523707103151317;N;S;1;79.69;0;79.69;0;;BRAS_PF_PMC;ed. 1094;20;
BRASINDICE;1100;medicamento;0000006888;05;034-07835-BBYA;LIBBS;FAULDCITA (Restrito Hosp.) (CONVENIO 162/94);500 mg/5 ml cx. 5 FA;CITARABINA;7896094202962;1003301380023;90144406;523707302154413;N;S;5;1081.71;0;216.34;0;;BRAS_PF_PMC;ed. 1094;20;
BRASINDICE;1100;medicamento;0000006890;05;034-07835-BYTF;LIBBS;FAULDCITA (Restrito Hosp.) (CONVENIO 162/94);1 g sol. inj. FA de 10 ml de 100 mg/ml;CITARABINA;7896094202979;1003301380031;90144414;523707303150411;N;S;1;179.07;0;179.07;0;;BRAS_PF_PMC;ed. 1094;20;
BRASINDICE;1100;medicamento;0000006734;05;034-07713-BFBD;LIBBS;FAULDFLUOR (Restrito Hosp.) (CONVENIO 162/94);2,5 g/50 ml FA;FLUORURACILA;7896094207097;1003301390045;90144473;523707701156411;N;S;1;172.86;0;172.86;0;;BRAS_PF_PMC;ed. 1094;20;
BRASINDICE;1100;medicamento;0000006735;05;034-07713-BGHP;LIBBS;FAULDFLUOR (Restrito Hosp.) (CONVENIO 162/94);500 mg/10 ml cx. 5 FA;FLUORURACILA;7896094207080;1003301390029;90144457;523707702152418;N;S;5;176.35;0;35.27;0;;BRAS_PF_PMC;ed. 1094;20;
BRASINDICE;1100;medicamento;0000006027;05;034-07334-AZEF;LIBBS;FAULDLEUCO (Restrito Hosp.) (CONVENIO 132/21);50 mg/5 ml FA;FOLINATO DE CÁLCIO;7896094207196;1003301420051;90442326;523719110041607;N;S;1;162.7;0;162.7;0;;BRAS_PF_PMC;ed. 1094;20;
BRASINDICE;1100;medicamento;0000006028;05;034-07334-BPLM;LIBBS;FAULDLEUCO (Restrito Hosp.) (CONVENIO 132/21);300 mg/30 ml FA;FOLINATO DE CÁLCIO;7896094207189;1003301420068;90442334;523719110041707;N;S;1;871.87;0;871.87;0;;BRAS_PF_PMC;ed. 1094;20;
BRASINDICE;1100;medicamento;0000008202;05;034-08659-BEGZ;LIBBS;FAULDMETRO (Restrito Hosp.) (CONVENIO 162/94);500 mg/20 ml FA;METOTREXATO;7896094209671;1003301370028;90144546;523707603154412;N;S;1;395.98;0;395.98;0;;BRAS_PF_PMC;ed. 1094;20;
BRASINDICE;1100;medicamento;0000008203;05;034-08659-BEHA;LIBBS;FAULDMETRO (Restrito Hosp.) (CONVENIO 162/94);50 mg/2 ml cx. 5 FA;METOTREXATO;7896094209688;1003301370036;90144538;523707602158414;N;S;5;268.38;0;53.68;0;;BRAS_PF_PMC;ed. 1094;20;
BRASINDICE;1100;medicamento;0000008204;05;034-08659-BEHB;LIBBS;FAULDMETRO (Restrito Hosp.) (CONVENIO 162/94);5 g/50 ml FA;METOTREXATO;7896094209657;1003301370052;90144511;523707605157419;N;S;1;3979.94;0;3979.94;0;;BRAS_PF_PMC;ed. 1094;20;
BRASINDICE;1100;medicamento;0000008205;05;034-08659-BEHC;LIBBS;FAULDMETRO (Restrito Hosp.) (CONVENIO 162/94);1 g/10 ml FA;METOTREXATO;7896094209664;1003301370044;90144503;523707601151416;N;S;1;792.01;0;792.01;0;;BRAS_PF_PMC;ed. 1094;20;
BRASINDICE;1100;medicamento;0000008200;05;034-08658-BEGX;LIBBS;FAULDOXO (Restrito Hosp.) (CONVENIO 132/21);50 mg/25 ml FA;CLORIDRATO DE DOXORRUBICINA;7896094202863;1003301340021;90144554;523708102159312;N;S;1;576.42;0;576.42;0;;BRAS_PF_PMC;ed. 1094;20;
BRASINDICE;1100;medicamento;0000008201;05;034-08658-BEGY;LIBBS;FAULDOXO (Restrito Hosp.) (CONVENIO 132/21);10 mg/5 ml FA;CLORIDRATO DE DOXORRUBICINA;7896094202856;1003301340013;90144562;523708101152314;N;S;1;137.2;0;137.2;0;;BRAS_PF_PMC;ed. 1094;20;
BRASINDICE;1100;medicamento;0000008536;05;034-08837-BFBE;LIBBS;FAULDVINCRI (Restrito Hosp.) (CONVENIO 162/94);1 mg/ml cx. 5 FA;SULFATO DE VINCRISTINA;7896094208483;1003301350043;90291980;523713120029803;N;S;5;271.89;0;54.38;0;;BRAS_PF_PMC;ed. 1091;20;
BRASINDICE;1100;medicamento;0000083034;05;776-26075-BJTI;GERMED PHARMA;FAXXA;10 mg 30 cprs. rev.;RIVAROXABANA;7896004776378;1058309840039;90508440;526121020138304;N;N;30;146.02;201.27;4.87;6.71;;BRAS_PF_PMC;ed. 1092;20;
BRASINDICE;1100;medicamento;0000083035;05;776-26075-FISN;GERMED PHARMA;FAXXA;10 mg 5 cprs. rev.;RIVAROXABANA;7896004776354;1058309840012;90508424;526121020138104;N;N;5;36.51;50.47;7.3;10.09;;BRAS_PF_PMC;ed. 1081;20;
BRASINDICE;1100;medicamento;0000083036;05;776-26075-FISO;GERMED PHARMA;FAXXA;10 mg 10 cprs. rev.;RIVAROXABANA;7896004776361;1058309840020;90508432;526121020138204;N;N;10;46.96;64.92;4.7;6.49;;BRAS_PF_PMC;ed. 1081;20;
BRASINDICE;1100;medicamento;0000083037;05;776-26075-FISP;GERMED PHARMA;FAXXA;15 mg 28 cprs. rev.;RIVAROXABANA;7896004776385;1058309840071;90508467;526121020138504;N;N;28;136.6;188.84;4.88;6.74;;BRAS_PF_PMC;ed. 1081;20;
BRASINDICE;1100;medicamento;0000083038;05;776-26075-FISQ;GERMED PHARMA;FAXXA;15 mg 42 cprs. rev.;RIVAROXABANA;7896004776392;1058309840081;90508475;526121020138604;N;N;42;193.52;266.75;4.61;6.35;;BRAS_PF_PMC;ed. 1092;20;
BRASINDICE;1100;medicamento;0000083040;05;776-26075-FISS;GERMED PHARMA;FAXXA;20 mg 28 cprs. rev.;RIVAROXABANA;7896004776415;1058309840128;90508491;526121020138804;N;N;28;143.34;197.58;5.12;7.06;;BRAS_PF_PMC;ed. 1092;20;
BRASINDICE;1100;medicamento;0000083041;05;776-26075-FIST;GERMED PHARMA;FAXXA;20 mg 42 cprs. rev.;RIVAROXABANA;7896004776422;1058309840136;90508505;526121020138904;N;N;42;191.27;264.42;4.55;6.3;;BRAS_PF_PMC;ed. 1092;20;
BRASINDICE;1100;medicamento;0000083042;05;776-26075-FISU;GERMED PHARMA;FAXXA;20 mg 14 cprs. rev.;RIVAROXABANA;7896004776439;1058309840111;90508483;526121020138704;N;N;14;72.8;100.64;5.2;7.19;;BRAS_PF_PMC;ed. 1081;20;
BRASINDICE;1100;medicamento;0000043228;05;427-14008-DDBS;BLAU FARM.;FAZOLON (Restrito Hosp.);1000 mg. po inj. cx. 20 FA vd. inc.;CEFAZOLINA SÓDICA;7896014685431;1163700930051;90292014;504414010044218;N;S;20;376.3;0;18.82;0;;BRAS_PF_PMC;ed. 1097;20;
BRASINDICE;1100;medicamento;0000088281;05;427-14008-FOXS;BLAU FARM.;FAZOLON (Restrito Hosp.);1000 mg. po inj. cx. 100 FA vd. trans.;CEFAZOLINA SÓDICA;7896014685455;1163700930078;90292030;504414010044618;N;S;100;1881.51;0;18.82;0;;BRAS_PF_PMC;ed. 1097;20;
BRASINDICE;1094;medicamento;0000092387;05;691-28174-FUBF;ZYDUS NIKKHO;FE-LIP;15 mg ct. bl. al. plas. PVDC trans. x 30 caps.;;7908950000008;;;;N;;30;95.13;0;3.17;0;;BRAS_PF_PMC;ed. 1090;20;
BRASINDICE;1094;medicamento;0000092388;05;691-28174-FUBG;ZYDUS NIKKHO;FE-LIP;30 mg ct. bl. al. plas. PVDC trans. x 30 caps.;;7908950000015;;;;N;;30;118.55;0;3.95;0;;BRAS_PF_PMC;ed. 1080;20;
BRASINDICE;1100;medicamento;0000082479;05;043-08604-EYNJ;TAKEDA PHARMA;FEIBA (Restrito Hosp.);500 U po liof. inj. FA + FA dil. x 10 ml.;COMPLEXO PROTROMBÍNICO PARCIALMENTE ATIVADO;7896641816567;1063902980071;90496264;501121010037517;N;S;1;2619.95;0;2619.95;0;;BRAS_PF_PMC;ed. 1092;20;
BRASINDICE;1100;medicamento;0000086450;05;1075-08534-ACRV;PFIZER BRASIL;FELDENE (*);20 mg. 10 caps.;PIROXICAM;7891268144086;1211003860039;90405340;522717120067317;N;N;10;34.52;47.58;3.45;4.76;;BRAS_PF_PMC;ed. 1094;20;
BRASINDICE;1100;medicamento;0000086453;05;1075-08534-AHNN;PFIZER BRASIL;FELDENE (*);20 mg. 15 caps.;PIROXICAM;7891268144024;1211003860047;90405358;522717120067417;N;N;15;53.11;73.21;3.54;4.88;;BRAS_PF_PMC;ed. 1094;20;
BRASINDICE;1094;medicamento;0000090709;05;048-27758-FRYR;ACHE;FELICI;7 mg. bl. x 60 cprs.;;7896658050039;;;;N;;60;43.57;0;0.73;0;;BRAS_PF_PMC;ed. 1068;20;
BRASINDICE;1094;medicamento;0000090710;05;048-27758-FRYS;ACHE;FELICI;3,5 mg. 1 fr. 20 ml;;7896658050046;;;;N;;1;43.57;0;43.57;0;;BRAS_PF_PMC;ed. 1068;20;
BRASINDICE;1100;medicamento;0000003767;05;352-05160-FWNN;NOVARTIS;FEMARA (CONVENIO 140/01);2,5 mg ct. bl. al. plas. PVC/PE/PVDC trans. x 28 cprs. rev.;LETROZOL;7896261001183;1006801000011;90170555;526506301112216;N;N;28;980.14;1351.02;35.01;48.25;;BRAS_PF_PMC;ed. 1090;20;
BRASINDICE;1100;medicamento;0000093026;05;352-05160-FHMV;NOVARTIS;FEMARA (CONVENIO 140/01);2,5 mg ct. bl. al. plas. PVC/PE/PVDC trans. x 30 cprs. rev.;LETROZOL;7896261023109;1006801000038;90600010;526524110105503;N;N;30;1050.15;1447.52;35.01;48.25;;BRAS_PF_PMC;ed. 1090;20;
BRASINDICE;1100;medicamento;0000087307;05;001-04569-FNNJ;UNIAO QUIMICA;FEMIANE;(0,075 + 0,020) mg ct. envol. bl. al. plas. trans. x 21 drags.;"GESTODENO;ETINILESTRADIOL";7896006201588;1049714970016;90544196;533022100081717;N;N;21;47.18;65.03;2.25;3.1;;BRAS_PF_PMC;ed. 1096;20;
BRASINDICE;1100;medicamento;0000087817;05;001-04569-FODQ;UNIAO QUIMICA;FEMIANE;(0,075 + 0,02) mg 3 x 21 drageas;"GESTODENO;ETINILESTRADIOL";7896006297369;1049714970024;90562356;533023050085303;N;N;63;107.6;148.32;1.71;2.35;;BRAS_PF_PMC;ed. 1096;20;
BRASINDICE;1100;medicamento;0000016958;05;432-13785-BXNJ;BERGAMO;FEMIGESTROL;160 mg. 3 bl. x 10 cprs.;ACETATO DE MEGESTROL;7898149932183;1064601230010;90120930;519507001111419;N;N;30;264.31;364.32;8.81;12.14;;BRAS_PF_PMC;ed. 1097;20;
BRASINDICE;1100;medicamento;0000045365;05;048-04633-DJAX;ACHE;FEMINA;150 mcg + 20 mcg bl. 21 cprs.;"DESOGESTREL;ETINILESTRADIOL";7896658006401;1057302170031;90003985;500503502113418;N;N;21;33.34;45.96;1.59;2.19;;BRAS_PF_PMC;ed. 1091;20;
BRASINDICE;1100;medicamento;0000045366;05;048-04633-DJAY;ACHE;FEMINA;150 mcg + 20 mcg bl. 63 cprs.;"DESOGESTREL;ETINILESTRADIOL";7896658002212;1057302170048;90216180;500503503111419;N;N;63;73.29;101.02;1.16;1.6;;BRAS_PF_PMC;ed. 1091;20;
BRASINDICE;1100;medicamento;0000090714;05;048-27133-FRYW;ACHE;FEMINIQUE;3/0,03 mg. bl. x 21 cprs.;"ETINILESTRADIOL;DROSPIRENONA";7896658048227;1057300430018;90560396;552923030158003;N;N;21;51;70.3;2.43;3.35;;BRAS_PF_PMC;ed. 1091;20;
BRASINDICE;1100;medicamento;0000089334;05;048-27448-FQJM;ACHE;FEMINIQUE 20;3 + 0,02 mg bl. x 24 cprs. rev.;"ETINILESTRADIOL;DROSPIRENONA";7896658048203;1057300540018;90570332;552923110162603;N;N;24;51;70.3;2.12;2.93;;BRAS_PF_PMC;ed. 1091;20;
BRASINDICE;1100;medicamento;0000087374;05;048-26858-FNPK;ACHE;FEMINIQUE CONTI;3/0,03 mg bl. x 28 cprs. rev.;"ETINILESTRADIOL;DROSPIRENONA";7896658040221;1057300340027;90553306;552923010155003;N;N;28;51;70.3;1.82;2.51;;BRAS_PF_PMC;ed. 1091;20;
BRASINDICE;1094;medicamento;0000089566;05;072-23819-FQQE;EUROFARMA;FEMINIS;30 caps. - Nova Formula;;7891317009502;;;;N;;30;111.12;0;3.7;0;;BRAS_PF_PMC;ed. 1091;20;
BRASINDICE;1094;medicamento;0000089700;05;072-23819-FQUL;EUROFARMA;FEMINIS;30 capsulas;;7891317025137;;;;N;;30;112.4;0;3.75;0;;BRAS_PF_PMC;ed. 1091;20;
BRASINDICE;1094;medicamento;0000091891;05;072-23819-DUEJ;EUROFARMA;FEMINIS;90 caps.;;7891317043148;;;;N;;90;296.43;0;3.29;0;;BRAS_PF_PMC;ed. 1091;20;
BRASINDICE;1100;medicamento;0000003986;05;048-05413-AJKZ;ACHE;FEMME;Fr. 30 cprs. rev.;;7896658001932;1057302460021;90263243;500503601111413;N;;30;69.52;93.26;2.32;3.11;;BRAS_PF_PMC;ed. 1066;20;
BRASINDICE;1100;medicamento;0000044393;05;048-19685-CVTK;ACHE;FEMME FOLICO;5 mg 30 cprs. rev.;;7896658015069;1057303970013;90216555;500514301114412;N;;30;26.71;35.83;0.89;1.19;;BRAS_PF_PMC;ed. 1066;20;
BRASINDICE;1100;medicamento;0000095246;05;114-11932-FXJG;ABBOTT;FEMOSTON;1 mg cprs. rev. branco + (1+10) mg cprs. rev. cinza ct. bl. al. plas. inc x (14+14);"ESTRADIOL HEMI-HIDRATADO;DIDROGESTERONA";7896255766357;1055303490015;90296346;500214100032317;N;N;28;72.01;99.25;2.57;3.54;;BRAS_PF_PMC;ed. 1092;20;
BRASINDICE;1100;medicamento;0000095247;05;114-11932-FXJH;ABBOTT;FEMOSTON;(1+5) mg ct. bl. al. plas. inc. x 28 cprs. rev. (CONTI);"ESTRADIOL HEMI-HIDRATADO;DIDROGESTERONA";7896255766371;1055303490031;90296354;500214100032417;N;N;28;72.01;99.25;2.57;3.54;;BRAS_PF_PMC;ed. 1092;20;
BRASINDICE;1100;medicamento;0000078766;05;988-23273-FDDC;PHARLAB;FENAFLEX - ODC;35 mg. + 300 mg. + 50 mg. x 20 cprs.;"CAFEÍNA;CITRATO DE ORFENADRINA;DIPIRONA";7898216366033;1410700090061;90451899;527919120035907;N;N;20;10.42;13.98;0.52;0.7;;BRAS_PF_PMC;ed. 1090;20;
BRASINDICE;1100;medicamento;0000055920;05;001-01104-BTZF;UNIAO QUIMICA;FENAREN;Gel. bisn. 60 g;DICLOFENACO DIETILAMÔNIO;7896006208358;1049701200128;90323890;533014040060303;N;N;1;19.48;26.13;19.48;26.13;;BRAS_PF_PMC;ed. 1096;20;
BRASINDICE;1100;medicamento;0000085585;05;360-23694-FLTX;ADIUM;FENAZIC;7,5 mg ct. bl. al. al. x 30 cprs. rev. lib. prol.;BROMIDRATO DE DARIFENACINA;7892953208335;1221400990122;90529650;534222020025303;N;N;30;129.3;173.45;4.31;5.78;;BRAS_PF_PMC;ed. 1091;20;
BRASINDICE;1100;medicamento;0000085586;05;360-23694-FLTY;ADIUM;FENAZIC;15 mg ct. bl. al. al. x 30 cprs. rev. lib. prol.;BROMIDRATO DE DARIFENACINA;7892953208380;1221400990165;90529693;534222020025703;N;N;30;158.2;212.22;5.27;7.07;;BRAS_PF_PMC;ed. 1091;20;
BRASINDICE;1100;medicamento;0000076442;05;583-24740-EYMN;NOVA QUIMICA;FENBIP;150 mg. 10 cprs. lib. prol.;CETOPROFENO;7895296444040;1181903760027;90581245;0;N;N;10;43.23;59.59;4.32;5.96;;BRAS_PF_PMC;ed. 1092;20;
BRASINDICE;1100;medicamento;0000085531;05;062-26523-FLSU;EMS;FENDIZOATO DE CLOPERASTINA - GENERICO;3,54 mg/ml xpe.120 ml;FENDIZOATO DE CLOPERASTINA;7896004772332;1023512560034;90483375;541820080136707;S;N;1;17.57;23.57;17.57;23.57;;BRAS_PF_PMC;ed. 1082;20;
BRASINDICE;1100;medicamento;0000000934;05;1096-01107-ALDL;OPELLA;FENERGAN;25 mg. est. 20 cprs.;CLORIDRATO DE PROMETAZINA;7896070600447;1862000050020;90581628;615324030008017;N;N;20;15.28;20.5;0.76;1.02;;BRAS_PF_PMC;ed. 1094;20;
BRASINDICE;1100;medicamento;0000003924;05;348-05327-AQBO;CRISTALIA;FENILEFRIN (Restrito Hosp.);10 mg/ml cx. 50 amps. 1 ml;CLORIDRATO DE FENILEFRINA;7896676403787;1029801690041;90460308;506720030082107;N;S;50;630.65;0;12.61;0;;BRAS_PF_PMC;ed. 1094;20;
BRASINDICE;1100;medicamento;0000078998;05;790-19063-BFXJ;MULTILAB;FENIRAX;Sol. oral 120 ml;MALEATO DE DEXCLORFENIRAMINA;7896472519293;1181901940060;90486030;525920070058207;N;N;1;22.7;30.45;22.7;30.45;;BRAS_PF_PMC;ed. 1098;20;
BRASINDICE;1100;medicamento;0000071402;05;348-13852-EUDP;CRISTALIA;FENITAL (Restrito Hosp.);Oral 100 mg. ct. bl. al. plas. pvc amb. x 200 cprs.;FENITOÍNA;7896676429275;1029804530118;90376307;506717060070004;N;S;200;93.89;0;0.47;0;;BRAS_PF_PMC;ed. 1094;20;
BRASINDICE;1100;medicamento;0000080774;05;348-13852-FIIZ;CRISTALIA;FENITAL (Restrito Hosp.);50 mg/ml sol. inj. cx. 10 amps. vd. trans. x 5 ml (hosp.);FENITOÍNA SÓDICA;7896676426175;1029800150213;90302680;506715090058703;N;S;10;53.38;0;5.34;0;;BRAS_PF_PMC;ed. 1094;20;
BRASINDICE;1100;medicamento;0000070774;05;581-13854-FTNP;CAZI;FENITOINA - GENERICO;100 mg com ct bl al plas trans x 25;FENITOÍNA;7893736031805;1071501710013;90038401;505515601112119;S;N;25;7.93;10.93;0.32;0.44;;BRAS_PF_PMC;ed. 1097;20;
BRASINDICE;1100;medicamento;0000070775;05;581-13854-FTNZ;CAZI;FENITOINA - GENERICO;100 mg com ct bl al plas trans x 100;FENITOÍNA;7893736021806;1071501710021;90038398;505515602119117;S;N;100;31.99;44.09;0.32;0.44;;BRAS_PF_PMC;ed. 1097;20;
BRASINDICE;1100;medicamento;0000044177;05;170-18166-CUNX;TEUTO BRAS.;FENITOINA - GENERICO (Restrito Hosp.);100 mg. 100 cprs. (hosp.);FENITOÍNA;7896112114581;1037004730059;90137663;520725701117114;S;S;100;30.6;0;0.31;0;;BRAS_PF_PMC;ed. 1096;20;
BRASINDICE;1100;medicamento;0000075330;05;555-18166-EYOK;HIPOLABOR;FENITOINA - GENERICO (Restrito Hosp.);100 mg. cx. bl. al. plas. amb. x 500 cprs. (hosp.);FENITOÍNA;7898470682900;1134301930038;90380657;511617030043806;S;S;500;159.86;0;0.32;0;;BRAS_PF_PMC;ed. 1092;20;
BRASINDICE;1100;medicamento;0000036862;05;170-18167-CMIR;TEUTO BRAS.;FENITOINA SODICA - GENERICO (Restrito Hosp.);50 mg/ml sol. inj. 72 amps. vd. x 5 ml (hosp.);FENITOÍNA SÓDICA;7896112114192;1037005070044;90137680;520727701157112;S;S;72;273.7;0;3.8;0;;BRAS_PF_PMC;ed. 1096;20;
BRASINDICE;1100;medicamento;0000070659;05;555-18167-ETFY;HIPOLABOR;FENITOINA SODICA - GENERICO (Restrito Hosp.);50 mg/ml sol. inj. cx. 100 amps. vd. trans. x 5 ml (hosp.);FENITOÍNA SÓDICA;7898123906605;1134301710021;90097076;511612002151111;S;S;100;398.41;0;3.98;0;;BRAS_PF_PMC;ed. 1092;20;
BRASINDICE;1100;medicamento;0000015642;05;001-13201-BUNH;UNIAO QUIMICA;FENOBARBITAL - GENERICO;100 mg. bl. 30 cprs.;FENOBARBITAL;7896006237372;1049702850029;90208587;533017601116111;S;N;30;9.88;13.62;0.33;0.45;;BRAS_PF_PMC;ed. 1096;20;
BRASINDICE;1100;medicamento;0000028119;05;001-13201-COSD;UNIAO QUIMICA;FENOBARBITAL - GENERICO;40 mg/ml sol. oral gts. 20 ml;FENOBARBITAL;7896006237167;1049713300017;90208595;533017603135113;S;N;1;6.75;9.3;6.75;9.3;;BRAS_PF_PMC;ed. 1096;20;
BRASINDICE;1100;medicamento;0000088750;05;332-13201-FPNX;BIOCHIMICO;FENOBARBITAL - GENERICO;100 mg ct.  bl. al. plas. trans. x 30 cprs.;FENOBARBITAL;7897406120462;1006302820102;90566653;513423080032306;S;N;30;9.11;12.56;0.3;0.42;;BRAS_PF_PMC;ed. 1094;20;
BRASINDICE;1100;medicamento;0000051767;05;001-18168-DFXT;UNIAO QUIMICA;FENOBARBITAL - GENERICO (Restrito Hosp.);100 mg. bl. 200 cprs. (hosp.);FENOBARBITAL;7896006237143;1049702850037;90208579;533017602112111;S;S;200;66.33;0;0.33;0;;BRAS_PF_PMC;ed. 1096;20;
BRASINDICE;1100;medicamento;0000062535;05;170-18168-EFSP;TEUTO BRAS.;FENOBARBITAL - GENERICO (Restrito Hosp.);100 mg. ct. bl. al. plas. x 100 cprs. (hosp.);FENOBARBITAL;7896112122456;1037006400021;90339690;520727102113118;S;S;100;33.2;0;0.33;0;;BRAS_PF_PMC;ed. 1096;20;
BRASINDICE;1100;medicamento;0000044989;05;173-19878-CXNM;LEGRAND;FENOBRATY;200 mg. 2 bl. x 15 caps.;FENOFIBRATO;7896004726328;1677303370027;90245636;538819501114413;N;N;30;91.87;127;3.06;4.23;;BRAS_PF_PMC;ed. 1092;20;
BRASINDICE;1100;medicamento;0000028626;05;348-13853-CPEJ;CRISTALIA;FENOCRIS (Restrito Hosp.);100 mg. 20 bl. 10 cps.;FENOBARBITAL;7896676403299;1029800160121;90046137;506705901115416;N;S;200;70.69;0;0.35;0;;BRAS_PF_PMC;ed. 1094;20;
BRASINDICE;1100;medicamento;0000028628;05;348-13853-CPEL;CRISTALIA;FENOCRIS (Restrito Hosp.);40 mg/ml 10 frs. 20 ml;FENOBARBITAL;7896676401332;1029800160030;90046153;506705903134418;N;S;10;74.94;0;7.49;0;;BRAS_PF_PMC;ed. 1094;20;
BRASINDICE;1100;medicamento;0000072980;05;348-13853-EVOV;CRISTALIA;FENOCRIS (Restrito Hosp.);100 mg/ml sol. inj. IM/IV cx. 25 amps. vd. trans. x 2 ml;FENOBARBITAL;7896676431278;1029800160197;90375963;506717030066603;N;S;25;67.29;0;2.69;0;;BRAS_PF_PMC;ed. 1094;20;
BRASINDICE;1100;medicamento;0000036727;05;591-18108-CXNM;GERMED;FENOFIBRATO - GENERICO;200 mg. 2 bl. x 15 caps.;FENOFIBRATO;7896004723358;1058306370031;90084446;526131401111111;S;N;30;96.4;132.88;3.21;4.43;;BRAS_PF_PMC;ed. 1092;20;
BRASINDICE;1100;medicamento;0000036731;05;062-18108-CXNM;EMS;FENOFIBRATO - GENERICO;200 mg. 2 bl. x 15 caps.;FENOFIBRATO;7896004723365;1023509420022;90056396;507740501118111;S;N;30;92.95;128.5;3.1;4.28;;BRAS_PF_PMC;ed. 1079;20;
BRASINDICE;1100;medicamento;0000037385;05;632-18108-CXNM;GEN - LEGRAND;FENOFIBRATO - GENERICO;200 mg. 2 bl. x 15 caps.;FENOFIBRATO;7894916145015;1677300860031;90142730;538803701119110;S;N;30;95.28;131.33;3.18;4.38;;BRAS_PF_PMC;ed. 1092;20;
BRASINDICE;1100;medicamento;0000054906;05;583-18108-CXNM;NOVA QUIMICA;FENOFIBRATO - GENERICO;200 mg. 2 bl. x 15 caps.;FENOFIBRATO;7895296194013;1356905280024;90287487;531613100071506;S;N;30;95.28;131.33;3.18;4.38;;BRAS_PF_PMC;ed. 1092;20;
BRASINDICE;1100;medicamento;0000083868;05;473-18108-FJVX;NEO QUIMICA;FENOFIBRATO - GENERICO;200 mg ct. bl. x 30 caps.;FENOFIBRATO;7896094919174;1558405810023;90530470;504622010084106;S;N;30;89.24;123.01;2.97;4.1;;BRAS_PF_PMC;ed. 1091;20;
BRASINDICE;1100;medicamento;0000093942;05;574-18108-FQJV;TORRENT;FENOFIBRATO - GENERICO;160 mg ct. bl. al. plas. PVC/PE/PVDC trans. x 30 cprs. rev.;FENOFIBRATO;8903855093871;1052501120023;90585674;532724060062606;S;N;30;76.18;105.01;2.54;3.5;;BRAS_PF_PMC;ed. 1090;20;
BRASINDICE;1100;medicamento;0000071826;05;348-16562-EUSN;CRISTALIA;FENTANEST (Restrito Hosp.);0,05 mg/ml 50 est. x 1 amp. amb. x 2 ml;CITRATO DE FENTANILA;7896676428889;1029800810191;90376560;506717090072603;N;S;50;361.3;0;7.23;0;;BRAS_PF_PMC;ed. 1094;20;
BRASINDICE;1100;medicamento;0000071921;05;348-16562-EUVS;CRISTALIA;FENTANEST (Restrito Hosp.);0,05 mg/ml 25 FA amb. x 10 ml;CITRATO DE FENTANILA;7896676428841;1029800810159;90376552;506717090072503;N;S;25;512.89;0;20.52;0;;BRAS_PF_PMC;ed. 1094;20;
BRASINDICE;1100;medicamento;0000072970;05;348-16562-EVOP;CRISTALIA;FENTANEST (Restrito Hosp.);0,05 mg/ml. sol. inj. cx. 10 amps. vd. amb. x 5 ml.;CITRATO DE FENTANILA;7896676428896;1029800810213;90376544;506717090072403;N;S;10;81.99;0;8.2;0;;BRAS_PF_PMC;ed. 1094;20;
BRASINDICE;1100;medicamento;0000090283;05;348-27680-FRLT;CRISTALIA;FENTANEST BOLSA - (Restrito Hosp.);10 bolsas x 250 ml;CITRATO DE FENTANILA;7896676440669;1029805880031;90581270;506724030100204;N;S;10;2051.6;0;205.16;0;;BRAS_PF_PMC;ed. 1094;20;
BRASINDICE;1100;medicamento;0000090284;05;348-27680-FRLU;CRISTALIA;FENTANEST BOLSA - (Restrito Hosp.);5 bolsas x 250 ml;CITRATO DE FENTANILA;7896676440652;1029805880023;90581261;506724030100104;N;S;5;1025.8;0;205.16;0;;BRAS_PF_PMC;ed. 1094;20;
BRASINDICE;1100;medicamento;0000083332;05;608-17572-FJCU;ABL;FENTANIL (Restrito Hosp.);50 mcg/ml sol. inj. cx. 5 amp. vd. inc. x 2 ml;CITRATO DE FENTANILA;7898564761320;1556200600047;90516524;501321060030417;N;S;5;20.73;0;4.15;0;;BRAS_PF_PMC;ed. 1097;20;
BRASINDICE;1100;medicamento;0000083333;05;608-17572-FJCV;ABL;FENTANIL (Restrito Hosp.);50 mcg/ml sol. inj. cx. 5 amp. vd. inc. x 10 ml;CITRATO DE FENTANILA;7898564761344;1556200600039;90516516;501321060030317;N;S;5;57.8;0;11.56;0;;BRAS_PF_PMC;ed. 1097;20;
BRASINDICE;1100;medicamento;0000083334;05;608-17572-FJCW;ABL;FENTANIL (Restrito Hosp.);50 mcg/ml sol. inj. cx. 5 amp. vd. inc. x 5 ml;CITRATO DE FENTANILA;7898564761337;1556200600055;90516532;501321060030517;N;S;5;42.27;0;8.45;0;;BRAS_PF_PMC;ed. 1097;20;
BRASINDICE;1100;medicamento;0000080665;05;170-25454-FFUR;TEUTO BRAS.;FENTANILA, CITRATO - GENERICO (Restrito Hosp.);50 mcg/ml. sol. inj. cx. 5 amps. vd. amb. x 10 ml. (emb hosp);CITRATO DE FENTANILA;7896112105251;1037005880143;90480279;520720080111707;S;S;5;37.57;0;7.51;0;;BRAS_PF_PMC;ed. 1096;20;
BRASINDICE;1100;medicamento;0000080667;05;170-25454-FFUT;TEUTO BRAS.;FENTANILA, CITRATO - GENERICO (Restrito Hosp.);50 mcg/ml. sol. inj. cx. 5 amp. vd. amb. x 5 ml. (emb hosp);CITRATO DE FENTANILA;7896112105237;1037005880127;90480309;520720080111807;S;S;5;27.45;0;5.49;0;;BRAS_PF_PMC;ed. 1096;20;
BRASINDICE;1100;medicamento;0000005047;05;048-06685-AWPK;ACHE;FENTIZOL;Creme vag. bisn. 40 g + 7 aplic.;NITRATO DE FENTICONAZOL;7896658005091;1057303270054;90004116;500509102168311;N;N;1;38.02;51;38.02;51;;BRAS_PF_PMC;ed. 1091;20;
BRASINDICE;1100;medicamento;0000005049;05;048-06685-BQDS;ACHE;FENTIZOL;Creme derm. bisn. 30 g;NITRATO DE FENTICONAZOL;7896658006883;1057303270089;90004060;500509103164311;N;N;1;50.17;67.3;50.17;67.3;;BRAS_PF_PMC;ed. 1091;20;
BRASINDICE;1100;medicamento;0000038085;05;048-06685-CEPS;ACHE;FENTIZOL;Creme derm. bisn. 20 g;NITRATO DE FENTICONAZOL;7896658003981;1057303270161;90004078;500509104160318;N;N;1;34.12;45.77;34.12;45.77;;BRAS_PF_PMC;ed. 1091;20;
BRASINDICE;1100;medicamento;0000042337;05;048-06685-DDPO;ACHE;FENTIZOL;600 mg. ovulo bl. x 1 + 1 aplic.;NITRATO DE FENTICONAZOL;7896658007309;1057303270178;90004094;500509105116312;N;N;1;71.25;95.58;71.25;95.58;;BRAS_PF_PMC;ed. 1091;20;
BRASINDICE;1100;medicamento;0000035266;05;048-17773-CWFL;ACHE;FENTIZOL SPRAY;20 mg/ml sol. derm. 30 ml;NITRATO DE FENTICONAZOL;7896658001390;1057303270151;90004086;500509106171317;N;N;1;53.6;71.9;53.6;71.9;;BRAS_PF_PMC;ed. 1091;20;
BRASINDICE;1100;medicamento;0000079588;05;729-25229-FEJQ;TEVA;FENTORA;100 mcg. ct. bl. al. plas. a1 x 28 cprs. orodisp.;CITRATO DE FENTANILA;7898587900843;1557300480025;90437985;537519070007905;N;N;28;579.1;798.23;20.68;28.51;;BRAS_PF_PMC;ed. 1092;20;
BRASINDICE;1100;medicamento;0000079589;05;729-25229-FEJR;TEVA;FENTORA;200 mcg. ct. bl. al. plas. a1 x 28 cprs. orodisp.;CITRATO DE FENTANILA;7898587900850;1557300480041;90438000;537519070008105;N;N;28;981.72;1353.2;35.06;48.33;;BRAS_PF_PMC;ed. 1092;20;
BRASINDICE;1100;medicamento;0000079590;05;729-25229-FEJS;TEVA;FENTORA;400 mcg. ct. bl. al. plas. a1 x 28 cprs. orodisp.;CITRATO DE FENTANILA;7898587900874;1557300480051;90438019;537519070008205;N;N;28;981.72;1353.2;35.06;48.33;;BRAS_PF_PMC;ed. 1092;20;
BRASINDICE;1100;medicamento;0000082595;05;676-14522-DNAF;CIFARMA;FERANE 35;2 mg + 0,035 mg ct bl al plas trans x 21 cprs. rev.;"ACETATO DE CIPROTERONA;ETINILESTRADIOL";7908020502630;1156002220013;90491670;506320120036617;N;N;21;26.86;37.02;1.28;1.76;;BRAS_PF_PMC;ed. 1097;20;
BRASINDICE;1100;medicamento;0000082596;05;676-14522-DZRJ;CIFARMA;FERANE 35;2 mg. + 0,035 mg. ct bl al plas trans 3 bl. x 21 cprs. rev.;"ACETATO DE CIPROTERONA;ETINILESTRADIOL";7908020502647;1156002220031;90491688;506320120036717;N;N;63;67.94;93.65;1.08;1.49;;BRAS_PF_PMC;ed. 1097;20;
BRASINDICE;1100;medicamento;0000014193;05;001-12459-BRJW;UNIAO QUIMICA;FERID;5 mg. pom. derm. bisn. 10 g;"SULFATO DE NEOMICINA;BACITRACINA ZÍNCICA";7896006202226;1049702680018;90208609;533017701161410;N;N;1;12.57;16.86;12.57;16.86;;BRAS_PF_PMC;ed. 1091;20;
BRASINDICE;1100;medicamento;0000087671;05;1027-21627-FNYL;BLANVER;FERINJECT;Inj. 1 amp. x 10 ml;CARBOXIMALTOSE FERRICA;7898581710622;1152400120016;90547233;544222080002317;N;N;1;621.73;834.03;621.73;834.03;;BRAS_PF_PMC;ed. 1095;20;
BRASINDICE;1094;medicamento;0000054157;05;001-21187-DUDL;UNIAO QUIMICA;FERISEPT;Spray 45 ml;;7896006209898;;;;N;;1;22.46;0;22.46;0;;BRAS_PF_PMC;ed. 1091;20;
BRASINDICE;1100;medicamento;0000095810;05;072-28934-FYAE;EUROFARMA;FERRARA (Restrito Hosp.);5 mg/ml sol. infusao IV ct. envol. bolsa plas. PP trans. sist. fech. x 100 ml;;7891317041137;;90630297;;;S;1;630.61;0;630.61;0;;BRAS_PF_PMC;ed. 1098;20;
BRASINDICE;1100;medicamento;0000011444;05;044-10954-BKYH;CHIESI;FERRIPROX;500 mg cx. 100 cprs.;DEFERIPRONA;7896672202438;1005801010019;90039947;508501401110313;N;N;100;1856.9;2559.54;18.57;25.6;;BRAS_PF_PMC;ed. 1093;20;
BRASINDICE;1094;medicamento;0000090019;05;1103-27618-FRCW;YOSEN;FERRO;Ydrosolv 30 ml;;7898968593183;;;;N;;1;90;0;90;0;;BRAS_PF_PMC;ed. 1066;20;
BRASINDICE;1100;medicamento;0000078053;05;438-24968-FCFR;BIOLAB SANUS;FERRO;50 mg/ml sol. fr. gts. 30 ml;FERRIPOLIMALTOSE;7896112401674;1097402750037;90448537;504120010066207;N;N;1;26.94;36.13;26.94;36.13;;BRAS_PF_PMC;ed. 1092;20;
BRASINDICE;1100;medicamento;0000078054;05;438-24968-FCFS;BIOLAB SANUS;FERRO;100 mg/ml cx. 30 cprs. mast.;FERRIPOLIMALTOSE;7896112401667;1097402750045;90448545;504120010066307;N;N;30;47.47;63.67;1.58;2.12;;BRAS_PF_PMC;ed. 1092;20;
BRASINDICE;1100;medicamento;0000094349;05;438-24968-FWPP;BIOLAB SANUS;FERRO;100 mg x 60 cprs. mast.;FERRIPOLIMALTOSE;7896112410614;1097402750053;90623282;504126010093803;N;N;60;85.47;114.65;1.42;1.91;;BRAS_PF_PMC;ed. 1092;20;
BRASINDICE;1100;medicamento;0000070357;05;427-23516-ESXO;BLAU FARM.;FERROPURUM;20 mg/ml sol. inj. IV ct. 5 amps. vd. amb. x 5 ml;SACARATO DE HIDRÓXIDO FÉRRICO;7896014673124;1163701380039;90347994;504416080058304;N;S;5;67.11;92.5;13.42;18.5;;BRAS_PF_PMC;ed. 1097;20;
BRASINDICE;1100;medicamento;0000088282;05;427-23516-FOXT;BLAU FARM.;FERROPURUM;20 mg/ml sol. inj. IV ct. 50 amps. vd. amb. x 5 ml;SACARATO DE HIDRÓXIDO FÉRRICO;7896014673131;1163701380047;90348001;504416080058404;N;S;50;671.06;924.99;13.42;18.5;;BRAS_PF_PMC;ed. 1097;20;
BRASINDICE;1100;medicamento;0000082597;05;676-15366-DNAJ;CIFARMA;FERTNON;0,075 mg + 0,030 mg ct bl al plas trans. x 21 cprs. rev.;"GESTODENO;ETINILESTRADIOL";7908020502661;1156002210018;90497570;506321010037617;N;N;21;39.38;54.28;1.88;2.58;;BRAS_PF_PMC;ed. 1097;20;
BRASINDICE;1100;medicamento;0000079181;05;355-25136-FDSG;NOVO NORDISK;FIASP;100 U/ml sol. inj. ct. 1 FA vd. trans. x 10 ml;INSULINA ASPARTE;7897705202395;1176600350039;90442830;526619110007607;N;N;1;158.54;219.17;158.54;219.17;;BRAS_PF_PMC;ed. 1069;20;
BRASINDICE;1100;medicamento;0000079183;05;355-25136-FDSJ;NOVO NORDISK;FIASP;100 U/ml sol. inj. ct. 5 car. vd. trans. x 3 ml (Penfill);INSULINA ASPARTE;7897705202418;1176600350047;90442849;526619110007707;N;N;5;237.84;328.8;47.57;65.76;;BRAS_PF_PMC;ed. 1069;20;
BRASINDICE;1100;medicamento;0000079185;05;355-25136-FDSL;NOVO NORDISK;FIASP;100 U/ml sol. inj. ct. 1 carp. vd. trans. x 3 ml + 1 sist. aplic. plas.;INSULINA ASPARTE;7897705202425;1176600350012;90409973;526618120010007;N;N;1;47.54;65.72;47.54;65.72;;BRAS_PF_PMC;ed. 1069;20;
BRASINDICE;1094;medicamento;0000069698;05;043-23443-ESAT;TAKEDA PHARMA;FIBERNORM;Cx. c/10 saches c/10 g;;7896641812545;;;;N;;10;55.25;0;5.52;0;;BRAS_PF_PMC;ed. 1092;20;
BRASINDICE;1094;medicamento;0000069699;05;043-23443-ESAU;TAKEDA PHARMA;FIBERNORM;Lata c/225 g;;7896641812552;;;;N;;1;131.54;0;131.54;0;;BRAS_PF_PMC;ed. 1092;20;
BRASINDICE;1100;medicamento;0000071500;05;583-23773-EUFO;NOVA QUIMICA;FIBIRAX PLANT;Po eferv. 5 g. 10 saches;PLANTAGO OVATA PHIL.;7895296283014;1023509940026;90443713;541819120113807;N;N;10;39.16;52.53;3.92;5.25;;BRAS_PF_PMC;ed. 1092;20;
BRASINDICE;1100;medicamento;0000071502;05;583-23773-EUFP;NOVA QUIMICA;FIBIRAX PLANT;Po eferv. 5 g. 30 saches;PLANTAGO OVATA PHIL.;7895296283021;1023509940042;90443721;541819120113907;N;N;30;102.39;137.35;3.41;4.58;;BRAS_PF_PMC;ed. 1092;20;
BRASINDICE;1100;medicamento;0000077952;05;062-19356-FCDD;EMS;FIBREMS;Po eferv. 3,5 g 10 saches;PLANTAGO OVATA PHIL.;7894916507608;1356905720024;90453212;531619120086307;N;N;10;39.27;52.68;3.93;5.27;;BRAS_PF_PMC;ed. 1079;20;
BRASINDICE;1100;medicamento;0000077953;05;062-19356-FCDE;EMS;FIBREMS;Po eferv. 3,5 g 30 saches;PLANTAGO OVATA PHIL.;7894916507615;1356905720040;90453220;531619120086407;N;N;30;102.59;137.62;3.42;4.59;;BRAS_PF_PMC;ed. 1079;20;
BRASINDICE;1100;medicamento;0000065206;05;917-10728-ELFN;SUPERA RX;FIBRINASE COM CLORAFENICOL;Pom. derm. 10 g;"CLORANFENICOL;FIBRINOLISINA;DESOXIRRIBONUCLEASE";7896676408294;1029800170014;90257197;506706101163414;N;N;1;30.76;42.4;30.76;42.4;;BRAS_PF_PMC;ed. 1094;20;
BRASINDICE;1100;medicamento;0000065207;05;917-10728-APYB;SUPERA RX;FIBRINASE COM CLORAFENICOL;Pom. derm. 30 g;"CLORANFENICOL;FIBRINOLISINA;DESOXIRRIBONUCLEASE";7896676408300;1029800170022;90257200;506706102161415;N;N;1;76.18;105.01;76.18;105.01;;BRAS_PF_PMC;ed. 1094;20;
BRASINDICE;1100;medicamento;0000056813;05;348-21748-DXQM;CRISTALIA;FIBRINASE COM CLORANFENICOL (Restrito Hosp.);10 bisn. 30 g;"CLORANFENICOL;FIBRINOLISINA;DESOXIRRIBONUCLEASE";7896676418453;1029800170117;90257227;506713050050603;N;S;10;761.89;0;76.19;0;;BRAS_PF_PMC;ed. 1094;20;
BRASINDICE;1100;medicamento;0000057169;05;348-21748-DYDF;CRISTALIA;FIBRINASE COM CLORANFENICOL (Restrito Hosp.);10 bisn. 10 g;"CLORANFENICOL;FIBRINOLISINA;DESOXIRRIBONUCLEASE";7896676418446;1029800170109;90257219;506713050050503;N;S;10;307.77;0;30.78;0;;BRAS_PF_PMC;ed. 1094;20;
BRASINDICE;1100;medicamento;0000008136;05;470-08593-BCTU;CSL BEHRING;FIBROGAMMIN P (Restrito Hosp.);250 UI po liof. inj. ct fr. vd. trans. + fr. vd. trans. dil. x 4,0 ml + disp. transf. c/filtro;FATOR XIII DE COAGULAÇÃO;7897499452006;1015101040036;90299094;502615080007503;N;S;1;550.33;0;550.33;0;;BRAS_PF_PMC;ed. 1095;20;
BRASINDICE;1100;medicamento;0000081030;05;531-25530-FGGT;OCTAPHARMA;FIBRYGA (Restrito Hosp.);1 g po liof. sol. inj. FA vd. trans.;;7898961181110;1397100180016;90471237;535320070003707;N;S;1;2397.95;0;2397.95;0;;BRAS_PF_PMC;ed. 1069;20;
BRASINDICE;1100;medicamento;0000092382;05;531-25530-FUAZ;OCTAPHARMA;FIBRYGA (Restrito Hosp.);1 g po liof. sol. inj. FA vd. trans. + FA vd. trans. dil. 50 ml;FIBRINOGÊNIO;7898961181134;1397100180024;90598776;535324120003907;N;S;1;2454.51;0;2454.51;0;;BRAS_PF_PMC;ed. 1094;20;
BRASINDICE;1100;medicamento;0000087163;05;043-26794-FNIJ;TAKEDA PHARMA;FIDEGERP (Restrito Hosp.);500 UI po liof. sol. inj. ct. FA vd. trans. + 1 FA dil. x 5 ml + 2 agu.;PROTEÍNA C;7896641817816;1063903060012;90553861;501122110039807;N;S;1;5767.72;0;5767.72;0;;BRAS_PF_PMC;ed. 1092;20;
BRASINDICE;1100;medicamento;0000094215;05;748-28599-FWMA;ACCORD;FIL (Restrito Hosp.) (CONVENIO 132/21);30 MU sol. inj. ct. 1 ser. preench. vd. trans. x 0,5 ml;FILGRASTIM;7898947385211;1553700950018;90606124;538025030052507;N;S;1;267.32;0;267.32;0;;BRAS_PF_PMC;ed. 1092;20;
BRASINDICE;1100;medicamento;0000094216;05;748-28599-FWLZ;ACCORD;FIL (Restrito Hosp.) (CONVENIO 132/21);30 MU sol. inj. ct. 3 ser. preench. vd. trans. x 0,5 ml;FILGRASTIM;7898565580562;1553700950026;90606132;538025030052607;N;S;3;798.23;0;266.08;0;;BRAS_PF_PMC;ed. 1092;20;
BRASINDICE;1100;medicamento;0000094217;05;748-28599-FWLY;ACCORD;FIL (Restrito Hosp.) (CONVENIO 132/21);30 MU sol. inj. ct. 5 ser. preench. vd. trans. x 0,5 ml;FILGRASTIM;7898947385235;1553700950034;90606140;538025030052707;N;S;5;2134.25;0;426.85;0;;BRAS_PF_PMC;ed. 1092;20;
BRASINDICE;1100;medicamento;0000094218;05;748-28599-FWLX;ACCORD;FIL (Restrito Hosp.) (CONVENIO 132/21);30 MU sol. inj. ct. 10 ser. preench. vd. trans. x 0,5 ml;FILGRASTIM;7898947385242;1553700950042;90606159;538025030052807;N;S;10;2660.8;0;266.08;0;;BRAS_PF_PMC;ed. 1092;20;
BRASINDICE;1100;medicamento;0000094219;05;748-28599-FWMB;ACCORD;FIL (Restrito Hosp.) (CONVENIO 132/21);48 MU sol. inj. ct. 1 ser. preench. vd. trans. x 0,5 ml;FILGRASTIM;7898947385259;1553700950050;90606167;538025030052907;N;S;1;426.85;0;426.85;0;;BRAS_PF_PMC;ed. 1092;20;
BRASINDICE;1100;medicamento;0000094220;05;748-28599-FWMC;ACCORD;FIL (Restrito Hosp.) (CONVENIO 132/21);48 MU sol. inj. ct. 3 ser. preench. vd. trans. x 0,5 ml;FILGRASTIM;7898947385266;1553700950069;90606175;538025030053007;N;S;3;1280.55;0;426.85;0;;BRAS_PF_PMC;ed. 1092;20;
BRASINDICE;1100;medicamento;0000094221;05;748-28599-FWMD;ACCORD;FIL (Restrito Hosp.) (CONVENIO 132/21);48 MU sol. inj. ct. 5 ser. preench. vd. trans. x 0,5 ml;FILGRASTIM;7898947385273;1553700950077;90606183;538025030053107;N;S;5;2134.25;0;426.85;0;;BRAS_PF_PMC;ed. 1092;20;
BRASINDICE;1100;medicamento;0000094222;05;748-28599-FWME;ACCORD;FIL (Restrito Hosp.) (CONVENIO 132/21);48 MU sol. inj. ct. 10 ser. preench. vd. trans. x 0,5 ml;FILGRASTIM;7898947385280;1553700950085;90606191;538025030053207;N;S;10;4268.51;0;426.85;0;;BRAS_PF_PMC;ed. 1092;20;
BRASINDICE;1100;medicamento;0000077380;05;048-26881-FBKF;ACHE;FILGRASTIM (CONVENIO 132/21);300 mcg inj. 5 fr. x 1 ml;FILGRASTIM;7896181901365;1057305370021;90438752;552919060077617;N;N;5;3577.99;4931.89;715.6;986.38;;BRAS_PF_PMC;ed. 1092;20;
BRASINDICE;1100;medicamento;0000065676;05;427-26882-ELVX;BLAU FARM.;FILGRASTINE (CONVENIO 132/21);300 mcg/ml sol. inj. ct. FA vd. inc. x 1 ml;FILGRASTIM;7896014684007;1163700580018;90031423;504412502156413;N;N;1;671.25;925.25;671.25;925.25;;BRAS_PF_PMC;ed. 1097;20;
BRASINDICE;1100;medicamento;0000065678;05;427-26882-ELVY;BLAU FARM.;FILGRASTINE (CONVENIO 132/21);600 mcg/ml sol. inj. ct. 1 ser. preench. vd. inc. x 0,5 ml + sist. de seg.;FILGRASTIM;7896014684373;1163700580263;90219040;504412526152418;N;N;1;700.67;965.8;700.67;965.8;;BRAS_PF_PMC;ed. 1097;20;
BRASINDICE;1100;medicamento;0000093005;05;427-26882-ELWB;BLAU FARM.;FILGRASTINE (CONVENIO 132/21);300 mcg/ml sol. inj. ct. 5 FA vd. inc. x 1 ml;FILGRASTIM;7896014684021;1163700580034;90333888;504416030055403;N;N;5;3356.41;4626.46;671.28;925.29;;BRAS_PF_PMC;ed. 1097;20;
BRASINDICE;1100;medicamento;0000093006;05;427-26882-FUYK;BLAU FARM.;FILGRASTINE (CONVENIO 132/21);600 mcg/ml sol. inj. ct. 5 ser. preenchida vd. inc. x 0,5 ml + sistema de seguranca;FILGRASTIM;7896014684397;1163700580281;90219031;504412525156411;N;N;5;3503.46;4829.15;700.69;965.83;;BRAS_PF_PMC;ed. 1097;20;
BRASINDICE;1100;medicamento;0000065210;05;917-11502-ELFK;SUPERA RX;FILINAR;10 mg/ml xpe. ad. 120 ml fr. vd. amb. cp. med.;ACEBROFILINA;7891317181611;1004311580023;90336313;508015901138411;N;N;1;32.9;45.35;32.9;45.35;;BRAS_PF_PMC;ed. 1094;20;
BRASINDICE;1100;medicamento;0000065211;05;917-11502-ELFJ;SUPERA RX;FILINAR;5 mg/ml xpe. inf. 120 ml fr. vd. amb. cp. med.;ACEBROFILINA;7891317181604;1004311580015;90336321;508015902134418;N;N;1;24.01;33.1;24.01;33.1;;BRAS_PF_PMC;ed. 1094;20;
BRASINDICE;1100;medicamento;0000065212;05;917-21563-ELFG;SUPERA RX;FILINAR G;5 mg/ml gel. 120 ml fr. plast. col. med.;ACEBROFILINA;7891317485153;1004310860022;90292049;508013120101205;N;N;1;23.17;31.94;23.17;31.94;;BRAS_PF_PMC;ed. 1091;20;
BRASINDICE;1100;medicamento;0000000946;05;445-01128-AISO;ALLERGAN;FILMCEL;10 ml.;;7897316801734;1014700590019;90006593;501002701170417;N;;1;12.23;16.4;12.23;16.4;;BRAS_PF_PMC;ed. 1095;20;
BRASINDICE;1094;medicamento;0000092503;05;068-28199-FUFB;ZAMBON;FILTRAIR DEFENSE;800 mg 200 sprays;;7898074617193;;;;N;;1;40.27;0;40.27;0;;BRAS_PF_PMC;ed. 1091;20;
BRASINDICE;1094;medicamento;0000092504;05;068-28200-FUFB;ZAMBON;FILTRAIR PREVENT;800 mg 200 sprays;;7898074617988;;;;N;;1;40.27;0;40.27;0;;BRAS_PF_PMC;ed. 1091;20;
BRASINDICE;1100;medicamento;0000003727;05;034-05130-BARD;LIBBS;FINALOP;1 mg. 30 cprs.;FINASTERIDA;7896094203075;1003301740021;90250818;523713080028603;N;N;30;68.1;91.35;2.27;3.04;;BRAS_PF_PMC;ed. 1094;20;
BRASINDICE;1100;medicamento;0000008979;05;062-09116-BRFQ;EMS;FINASTERIDA - GENERICO;1 mg. 2 bl. x 15 cprs.;FINASTERIDA;7896004706405;1023506360029;90056418;507713401116118;S;N;30;60.01;80.5;2;2.68;;BRAS_PF_PMC;ed. 1079;20;
BRASINDICE;1100;medicamento;0000008980;05;062-09116-BYYB;EMS;FINASTERIDA - GENERICO;1 mg. 4 bl. x 15 cprs.;FINASTERIDA;7896004716343;1023506360045;90056426;507713407114117;S;N;60;125.2;167.95;2.09;2.8;;BRAS_PF_PMC;ed. 1079;20;
BRASINDICE;1100;medicamento;0000008989;05;591-09116-BSYB;GERMED;FINASTERIDA - GENERICO;1 mg. 2 bl. x 15 cprs. rev.;FINASTERIDA;7896004707532;1058308050026;90383974;526105303114115;S;N;30;61.49;82.49;2.05;2.75;;BRAS_PF_PMC;ed. 1092;20;
BRASINDICE;1100;medicamento;0000008990;05;632-09116-BSYB;GEN - LEGRAND;FINASTERIDA - GENERICO;1 mg. 2 bl. x 15 cprs. rev.;FINASTERIDA;7894916142847;1677304250025;90388364;538817030052817;S;N;30;61.49;82.49;2.05;2.75;;BRAS_PF_PMC;ed. 1092;20;
BRASINDICE;1100;medicamento;0000029081;05;583-09116-BTSV;NOVA QUIMICA;FINASTERIDA - GENERICO;1 mg. bl. 30 cprs. rev.;FINASTERIDA;7895296275040;1181903150024;90563492;607023050099417;S;N;30;61.49;82.49;2.05;2.75;;BRAS_PF_PMC;ed. 1092;20;
BRASINDICE;1100;medicamento;0000074215;05;001-09116-EXDB;UNIAO QUIMICA;FINASTERIDA - GENERICO;1 mg. ct. bl. al. plas. trans. x 30 cprs. rev.;FINASTERIDA;7896006299769;1049713980018;90414063;533018020066806;S;N;30;64.8;86.93;2.16;2.9;;BRAS_PF_PMC;ed. 1096;20;
BRASINDICE;1100;medicamento;0000077652;05;048-09116-BTSV;ACHE;FINASTERIDA - GENERICO;1 mg. bl. 30 cprs. rev.;;7896181905691;1057306870011;90442296;552919120087617;S;;30;66.33;88.98;2.21;2.97;;BRAS_PF_PMC;ed. 1066;20;
BRASINDICE;1100;medicamento;0000078007;05;072-09116-BKWB;EUROFARMA;FINASTERIDA - GENERICO;5 mg 30 cprs.;FINASTERIDA;7891317002572;1004308150021;90068602;508007003118117;S;N;30;101.54;139.96;3.38;4.67;;BRAS_PF_PMC;ed. 1094;20;
BRASINDICE;1100;medicamento;0000078019;05;590-09116-BUKW;AUROBINDO PHARMA;FINASTERIDA - GENERICO;5 mg. bl. 30 cprs. rev.;FINASTERIDA;7898361886820;1516700300051;90435389;500119060027203;S;N;30;94.9;130.81;3.16;4.36;;BRAS_PF_PMC;ed. 1095;20;
BRASINDICE;1100;medicamento;0000078083;05;517-09116-BARD;PRATI DONADUZZI;FINASTERIDA - GENERICO;1 mg. 30 cprs.;FINASTERIDA;7899547522556;1256802810024;90450647;528520020165807;S;N;30;31.9;42.79;1.06;1.43;;BRAS_PF_PMC;ed. 1091;20;
BRASINDICE;1100;medicamento;0000078086;05;517-09116-CURQ;PRATI DONADUZZI;FINASTERIDA - GENERICO;1 mg. 60 cprs.;FINASTERIDA;7899547522563;1256802810032;90450655;528520020165907;S;N;60;106.17;142.42;1.77;2.37;;BRAS_PF_PMC;ed. 1091;20;
BRASINDICE;1100;medicamento;0000092931;05;517-09116-FUTY;PRATI DONADUZZI;FINASTERIDA - GENERICO;1 mg 30 cprs.;FINASTERIDA;7899547549515;1256802810113;90608534;528525050231106;S;N;30;44.21;59.31;1.47;1.98;;BRAS_PF_PMC;ed. 1091;20;
BRASINDICE;1100;medicamento;0000092932;05;517-09116-FUTZ;PRATI DONADUZZI;FINASTERIDA - GENERICO;1 mg 60 cprs.;FINASTERIDA;7899547549522;1256802810121;90608542;528525050231206;S;N;60;88.48;118.69;1.47;1.98;;BRAS_PF_PMC;ed. 1091;20;
BRASINDICE;1100;medicamento;0000011663;05;062-11167-BGUI;EMS;FINASTERIDA - GENERICO (*);5 mg. 2 bl. x 15 cprs.;FINASTERIDA;7896004703466;1023506350023;90056442;507713403119114;S;N;30;96.87;133.92;3.23;4.46;;BRAS_PF_PMC;ed. 1079;20;
BRASINDICE;1100;medicamento;0000011668;05;591-11167-BGUI;GERMED;FINASTERIDA - GENERICO (*);5 mg. 2 bl. x 15 cprs.;FINASTERIDA;7896004707501;1058307960029;90363221;526105302118117;S;N;30;104.6;144.18;3.49;4.81;;BRAS_PF_PMC;ed. 1092;20;
BRASINDICE;1100;medicamento;0000011670;05;632-11167-BTTN;GEN - LEGRAND;FINASTERIDA - GENERICO (*);5 mg. 2 bl. x 15 cprs. rev.;FINASTERIDA;7894916140348;1677304400027;90415647;538815401115113;S;N;30;104.6;144.18;3.49;4.81;;BRAS_PF_PMC;ed. 1092;20;
BRASINDICE;1100;medicamento;0000029109;05;583-11167-BUKW;NOVA QUIMICA;FINASTERIDA - GENERICO (*);5 mg. bl. 30 cprs. rev.;FINASTERIDA;7895296276047;1181902590020;90556143;525307202116116;S;N;30;104.6;144.18;3.49;4.81;;BRAS_PF_PMC;ed. 1092;20;
BRASINDICE;1100;medicamento;0000052856;05;583-11167-DMJU;NOVA QUIMICA;FINASTERIDA - GENERICO (*);5 mg. com. rev. ct. bl. al. plas. leit. x 60;FINASTERIDA;7895296063050;1181902590047;90556151;525307203112114;S;N;60;184.27;254;3.07;4.23;;BRAS_PF_PMC;ed. 1092;20;
BRASINDICE;1100;medicamento;0000077734;05;048-11167-FBGJ;ACHE;FINASTERIDA - GENERICO (*);5 mg bl. x 30 cprs.;;7896181911043;1057306380012;90448839;552920010100917;S;;30;95.54;131.69;3.18;4.39;;BRAS_PF_PMC;ed. 1091;20;
BRASINDICE;1100;medicamento;0000043793;05;500-09783-BTTN;SIGMA PHARMA;FINASTIL;5 mg. 2 bl. x 15 cprs. rev.;FINASTERIDA;7894916500715;1356907230024;90437764;531626301116414;N;N;30;97.92;134.97;3.26;4.5;;BRAS_PF_PMC;ed. 1099;20;
BRASINDICE;1100;medicamento;0000095833;05;367-28943-FYAW;UCB BIOPHARMA;FINTEPLA;2,5 mg/ml sol. oral ct. fr. plas. PEAD opc. x 360 ml + 4 ser. dos.;;5413787223282;;90630955;;;;4;20370.26;27325.98;5092.56;6831.5;;BRAS_PF_PMC;ed. 1098;20;
BRASINDICE;1100;medicamento;0000074816;05;072-26957-EXWB;EUROFARMA;FIPRIMA (Restrito Hosp.) (CONVENIO 132/21);60 MU/ml sol. inj. ser. preench. x 0,5 ml + sist. seguranca;FILGRASTIM;7891317102791;1004311650021;90363183;508016120115207;N;S;1;700.69;0;700.69;0;;BRAS_PF_PMC;ed. 1094;20;
BRASINDICE;1100;medicamento;0000086163;05;072-26957-FMLV;EUROFARMA;FIPRIMA (Restrito Hosp.) (CONVENIO 132/21);60 MU/ml sol. inj. 6 ser. preench. x 0,5 ml + sist. seguranca;FILGRASTIM;7891317017590;1004311650099;90538331;508022060163707;N;S;6;4204.08;0;700.68;0;;BRAS_PF_PMC;ed. 1094;20;
BRASINDICE;1100;medicamento;0000092013;05;072-26957-FTQE;EUROFARMA;FIPRIMA (Restrito Hosp.) (CONVENIO 132/21);30 MU/ml sol. inj. FA vd. trans. x 1 ml.;FILGRASTIM;7891317030032;1004311650110;90578279;508024010177607;N;S;1;698.88;0;698.88;0;;BRAS_PF_PMC;ed. 1094;20;
BRASINDICE;1100;medicamento;0000091925;05;620-28018-FTKV;MEDQUIMICA;FIQUEZEN;60 mg/ml sol. or. ct. fr. plas. amb. x 120 ml + cop.;EXTRATO SECO DE PASSIFLORA;7896862990213;1091701180055;90460880;525120030031807;N;N;1;32.84;44.05;32.84;44.05;;BRAS_PF_PMC;ed. 1092;20;
BRASINDICE;1100;medicamento;0000091926;05;620-28018-FTKW;MEDQUIMICA;FIQUEZEN;260 mg ct. bl. al. plas. trans. x 20 cprs. rev.;EXTRATO SECO DE PASSIFLORA;7896862990176;1091701180012;90460871;525120030031707;N;N;20;24.63;33.04;1.23;1.65;;BRAS_PF_PMC;ed. 1092;20;
BRASINDICE;1100;medicamento;0000042990;05;043-19485-DEMM;TAKEDA PHARMA;FIRAZYR;10 mg/ml ct. 1 ser. x 3 ml + agulha;ACETATO DE ICATIBANTO;7896641816604;1063903050017;90508882;501121040039017;N;N;1;9143.4;12265.55;9143.4;12265.55;;BRAS_PF_PMC;ed. 1092;20;
BRASINDICE;1100;medicamento;0000088022;05;029-27147-FOKF;BAYER;FIRIALTA;20 mg ct. bl. al. plas. PVC/PVDC trans. x 28 cprs. rev.;FINERENONA;7891106915649;1705601290047;90564340;538923040034302;N;N;28;161.94;217.24;5.78;7.76;;BRAS_PF_PMC;ed. 1098;20;
BRASINDICE;1100;medicamento;0000088023;05;029-27147-FOKG;BAYER;FIRIALTA;10 mg ct. bl. al. plas. PVC/PVDC trans. x 28 cprs. rev.;FINERENONA;7891106915595;1705601290020;90564324;538923040034102;N;N;28;161.94;217.24;5.78;7.76;;BRAS_PF_PMC;ed. 1098;20;
BRASINDICE;1100;medicamento;0000048176;05;349-27043-DMYS;FERRING;FIRMAGON (CONVENIO 132/21);80 mg. po liof. inj. ct. 1 FA vd. inc. + 1 dil. ser. preench. vd. trans. x 4,2 ml. + 1 adap. + 1 ag. + embolo;ACETATO DE DEGARELIX;7896165600918;1287600170032;90351231;521416070006103;N;N;1;723;996.58;723;996.58;;BRAS_PF_PMC;ed. 1092;20;
BRASINDICE;1100;medicamento;0000048177;05;349-27043-DMYT;FERRING;FIRMAGON (CONVENIO 132/21);120 mg. po liof. inj. ct. 2 FA vd. inc. + 2 dil. ser. preench. vd. trans. x 3 ml. + 2 adap. + 2 ag. + 2 embolos;ACETATO DE DEGARELIX;7896165600925;1287600170040;90351240;521416070006203;N;N;2;1316.19;1814.23;658.1;907.12;;BRAS_PF_PMC;ed. 1092;20;
BRASINDICE;1094;medicamento;0000092299;05;001-26587-AMJX;UNIAO QUIMICA;FISIOCALM;Fr. 240 ml;;7896006219729;ISENTO;;COSMETICO;N;;1;99.73;0;99.73;0;;BRAS_PF_PMC;ed. 1091;20;
BRASINDICE;1094;medicamento;0000080809;05;068-25482-AQAY;ZAMBON;FISIOGEN FERRO;30 caps.;;7898074618091;;;;N;;30;95.05;0;3.17;0;;BRAS_PF_PMC;ed. 1088;20;
BRASINDICE;1094;medicamento;0000088044;05;068-27155-FOKS;ZAMBON;FISIOGEN FERRO FORTE;30 mg 30 caps.;;7898074613010;;;;N;;30;118.46;0;3.95;0;;BRAS_PF_PMC;ed. 1088;20;
BRASINDICE;1094;medicamento;0000092502;05;068-28198-FUFA;ZAMBON;FISIOGEN FERRO KIDS;Fr. 45 ml or.;;7898074611207;;;;N;;1;88.37;0;88.37;0;;BRAS_PF_PMC;ed. 1067;20;
BRASINDICE;1094;medicamento;0000088045;05;068-27156-FOGX;ZAMBON;FISIOGEN GRAVIDA;60 caps.;;7898074613096;;;;N;;60;145.25;0;2.42;0;;BRAS_PF_PMC;ed. 1067;20;
BRASINDICE;1100;medicamento;0000016398;05;581-13585-FTOA;CAZI;FISIORINUS;Fr. c/ 30 ml;;7893736013115;;;;N;;1;14.89;19.97;14.89;19.97;;BRAS_PF_PMC;ed. 1097;20;
BRASINDICE;1094;medicamento;0000091225;05;048-27873-FSPV;ACHE;FISIOTON;Cognicao bl. x 60 caps.;;7896658049583;;;;N;;60;87.84;0;1.46;0;;BRAS_PF_PMC;ed. 1084;20;
BRASINDICE;1100;medicamento;0000041363;05;048-19197-AFWF;ACHE;FISIOTON;400 mg. 20 cprs.;;7896658015090;1057303690071;;FITOTERAPICO;N;;20;50.36;67.56;2.52;3.38;;BRAS_PF_PMC;ed. 1091;20;
BRASINDICE;1100;medicamento;0000041364;05;048-19197-BSWO;ACHE;FISIOTON;400 mg 30 cprs.;;7896658015106;1057303690088;;FITOTERAPICO;N;;30;94.39;126.62;3.15;4.22;;BRAS_PF_PMC;ed. 1084;20;
BRASINDICE;1100;medicamento;0000041365;05;048-19197-DCOE;ACHE;FISIOTON;400 mg. 60 cprs.;;7896658015113;1057303690096;;FITOTERAPICO;N;;60;162.42;217.88;2.71;3.63;;BRAS_PF_PMC;ed. 1084;20;
BRASINDICE;1100;medicamento;0000076138;05;100-24691-BDKD;GEOLAB;FITOBILOBA;120 mg. cx. 30 cprs. rev.;EXTRATO DE GINKGO BILOBA;7899095239586;1542302690061;90586069;510420110184007;N;N;30;65.3;87.6;2.18;2.92;;BRAS_PF_PMC;ed. 1094;20;
BRASINDICE;1100;medicamento;0000076139;05;100-24691-BBQY;GEOLAB;FITOBILOBA;80 mg. cx. 30 cprs.;EXTRATO DE GINKGO BILOBA;7899095239555;1542302690029;90496965;510420110183807;N;N;30;25.53;34.25;0.85;1.14;;BRAS_PF_PMC;ed. 1094;20;
BRASINDICE;1100;medicamento;0000076140;05;100-24691-EZOZ;GEOLAB;FITOBILOBA;80 mg. cx. 60 cprs. rev.;EXTRATO DE GINKGO BILOBA;7899095239562;1542302690037;90496949;510420110183907;N;N;60;51.05;68.48;0.85;1.14;;BRAS_PF_PMC;ed. 1094;20;
BRASINDICE;1100;medicamento;0000037609;05;092-18390-CXYU;APSEN;FITOSCAR;60 mg/g bisn. 20 g;STRYPHNODENDRON BARBATIMAN MART.;7896637017176;1011806050031;90458389;501619120023007;N;N;1;73.04;97.98;73.04;97.98;;BRAS_PF_PMC;ed. 1091;20;
BRASINDICE;1100;medicamento;0000076341;05;092-18390-ALBU;APSEN;FITOSCAR;Bisn. 50 g;STRYPHNODENDRON BARBATIMAN MART.;7896637017190;1011806050056;90458397;501619120023107;N;N;1;182.65;245.02;182.65;245.02;;BRAS_PF_PMC;ed. 1091;20;
BRASINDICE;1100;medicamento;0000082297;05;776-25919-FHYC;GERMED PHARMA;FIXENATO;150 mg c/2 cprs. rev.;RISEDRONATO SÓDICO;7896004775692;1058309790090;90502698;526120120130807;N;N;2;216.33;299.06;108.16;149.53;;BRAS_PF_PMC;ed. 1081;20;
BRASINDICE;1100;medicamento;0000082302;05;776-25919-FHYD;GERMED PHARMA;FIXENATO;150 mg c/1 cpr. rev.;RISEDRONATO SÓDICO;7896004775685;1058309790082;90502680;526120120130707;N;N;1;148.71;205.58;148.71;205.58;;BRAS_PF_PMC;ed. 1081;20;
BRASINDICE;1100;medicamento;0000082303;05;776-25919-FHZQ;GERMED PHARMA;FIXENATO;35 mg c/4 cprs. rev.;RISEDRONATO SÓDICO;7896004775654;1058309790031;90502639;526120120130207;N;N;4;57.41;79.37;14.35;19.84;;BRAS_PF_PMC;ed. 1081;20;
BRASINDICE;1100;medicamento;0000082305;05;776-25919-FHYF;GERMED PHARMA;FIXENATO;35 mg c/1 cpr. rev.;RISEDRONATO SÓDICO;7896004775678;1058309790015;90502612;526120120130007;N;N;1;15.02;20.7;15.02;20.7;;BRAS_PF_PMC;ed. 1092;20;
BRASINDICE;1100;medicamento;0000082306;05;776-25919-FHYG;GERMED PHARMA;FIXENATO;35 mg 3 bl. 4 cprs. rev.;RISEDRONATO SÓDICO;7896004775661;1058309790058;90502655;526120120130407;N;N;12;141.4;195.48;11.78;16.29;;BRAS_PF_PMC;ed. 1081;20;
BRASINDICE;1100;medicamento;0000053259;05;048-20804-AYQP;ACHE;FLAGASS (NOTIF.SIMPLIF.);40 mg. bl. 20 cprs.;;7896658033049;;;;N;;20;26.69;35.8;1.33;1.79;;BRAS_PF_PMC;ed. 1084;20;
BRASINDICE;1100;medicamento;0000053260;05;048-20804-AYSE;ACHE;FLAGASS (NOTIF.SIMPLIF.);75 mg/ml gts. emuls. oral fr. 10 ml.;;7896658033094;;;;N;;1;21.28;28.55;21.28;28.55;;BRAS_PF_PMC;ed. 1084;20;
BRASINDICE;1100;medicamento;0000075409;05;048-20804-DUAL;ACHE;FLAGASS (NOTIF.SIMPLIF.);125 mg. bl. 10 caps.;;7896658033056;;;;N;;10;25.25;33.87;2.52;3.39;;BRAS_PF_PMC;ed. 1084;20;
BRASINDICE;1100;medicamento;0000008167;05;1048-08641-FXOR;SANOFI MEDLEY;FLAGYL;250 mg ct. bl. al. plas. trans. x 20 cprs. rev.;METRONIDAZOL;7896070600607;1832603770015;90474384;576720050067217;;N;20;21.16;29.17;1.06;1.46;;BRAS_PF_PMC;ed. 1096;20;
BRASINDICE;1100;medicamento;0000008168;05;1048-08641-FXOS;SANOFI MEDLEY;FLAGYL;400 mg ct. bl. al. plas. trans. x 24 cprs. rev.;METRONIDAZOL;7896070600799;1832603770023;90474392;576720050067317;;N;24;29.02;40;1.21;1.67;;BRAS_PF_PMC;ed. 1096;20;
BRASINDICE;1100;medicamento;0000072270;05;173-10674-BXDL;LEGRAND;FLAMADOR;50 mg. 24 caps.;CETOPROFENO;7896004713649;1677305630018;90438302;538813701111419;N;N;24;31.63;43.6;1.32;1.82;;BRAS_PF_PMC;ed. 1092;20;
BRASINDICE;1100;medicamento;0000091461;05;1092-27912-FSXJ;GLOBO PHARMA;FLAMAPE;20 mg cx. 20 cprs.;PREDNISONA;7899620910201;1053502170022;90501691;517620110026107;N;N;20;21.94;30.24;1.1;1.51;;BRAS_PF_PMC;ed. 1095;20;
BRASINDICE;1100;medicamento;0000091462;05;1092-27912-FSXK;GLOBO PHARMA;FLAMAPE;20 mg cx. 10 cprs.;PREDNISONA;7899620910195;1053502170014;90501705;517620110026207;N;N;10;11.61;16;1.16;1.6;;BRAS_PF_PMC;ed. 1095;20;
BRASINDICE;1094;medicamento;0000094449;05;1066-28683-FKHQ;TR FARMA MEDS.;FLAMIACTIV;1 bisn. 50 g;;5420013502530;81706719003;;;N;;1;258;0;258;0;;BRAS_PF_PMC;ed. 1094;20;
BRASINDICE;1094;medicamento;0000084327;05;1066-26320-FKHQ;TR FARMA MEDS.;FLAMIACTIV RT;1 bisn. 50 g;;5420013501717;81706719001;;;N;;1;225.4;0;225.4;0;;BRAS_PF_PMC;ed. 1066;20;
BRASINDICE;1094;medicamento;0000093010;05;1066-28324-FKHQ;TR FARMA MEDS.;FLAMINAL FORTE;1 bisn. 50 g;;5420013500994;81706710009;103822895;;N;;1;430;0;430;0;;BRAS_PF_PMC;ed. 1071;20;
BRASINDICE;1094;medicamento;0000093009;05;1066-28320-FKHQ;TR FARMA MEDS.;FLAMINAL HYDRO;1 bisn. 50 g;;5420013500987;81706710010;103822909;;N;;1;430;0;430;0;;BRAS_PF_PMC;ed. 1071;20;
BRASINDICE;1100;medicamento;0000000952;05;029-01141-ACUG;BAYER;FLANAX;550 mg. 10 cprs. rev.;NAPROXENO SÓDICO;7891106006507;1705600470084;90021177;538901301115312;N;N;10;21.35;28.64;2.14;2.86;;BRAS_PF_PMC;ed. 1098;20;
BRASINDICE;1100;medicamento;0000000953;05;029-01141-BFLG;BAYER;FLANAX;275 mg. ct. bl. al. plas. inc. x 20 cprs. rev.;NAPROXENO SÓDICO;7891106006491;1705600470025;90021169;538901302111310;N;N;20;15.46;20.74;0.77;1.04;;BRAS_PF_PMC;ed. 1098;20;
BRASINDICE;1100;medicamento;0000073031;05;029-01141-EVQC;BAYER;FLANAX;550 mg. ct. bl. al. plas. inc. x 20 cprs. rev.;NAPROXENO SÓDICO;7891106912471;1705600470092;90388496;538917070027403;N;N;20;58.17;78.03;2.91;3.9;;BRAS_PF_PMC;ed. 1098;20;
BRASINDICE;1100;medicamento;0000078449;05;029-01141-FCPJ;BAYER;FLANAX;275 mg. ct. bl. al. plas. inc. x 8 cprs. rev.;NAPROXENO SÓDICO;7891106913683;1705600470149;90438426;538919060029003;N;N;8;11.7;15.7;1.46;1.96;;BRAS_PF_PMC;ed. 1098;20;
BRASINDICE;1100;medicamento;0000078450;05;029-01141-FCPK;BAYER;FLANAX;275 mg. cx. bl. al. plas. inc. x 60 cprs. rev.;NAPROXENO SÓDICO;7891106913676;1705600470033;90438442;538919060029203;N;N;60;127.39;170.89;2.12;2.85;;BRAS_PF_PMC;ed. 1098;20;
BRASINDICE;1100;medicamento;0000078451;05;029-01141-FCPL;BAYER;FLANAX;Fracao 275 mg. (cx. 2 tabletes);NAPROXENO SÓDICO;7000005;1705600470033;;538919060029203;N;N;1;4.25;5.7;4.25;5.7;;BRAS_PF_PMC;ed. 1098;20;
BRASINDICE;1100;medicamento;0000079505;05;029-01141-FEEY;BAYER;FLANAX;550 mg. ct. bl. al. plas. trans. x 15 cprs. rev.;NAPROXENO SÓDICO;7891106913799;1705600470165;90438485;538919060029603;N;N;15;26.51;35.56;1.77;2.37;;BRAS_PF_PMC;ed. 1098;20;
BRASINDICE;1100;medicamento;0000085959;05;029-26607-FMFJ;BAYER;FLANAX XR;660 mg ct. str. al. plas. PES/PET/PEBD opc. x 8 cprs. rev. lib. prol.;NAPROXENO SÓDICO;7891106910989;1705601260032;90536665;538922050033807;N;N;8;24.3;32.6;3.04;4.08;;BRAS_PF_PMC;ed. 1098;20;
BRASINDICE;1100;medicamento;0000017200;05;092-13855-BFRW;APSEN;FLANCOX;400 mg. cx. 20 cprs. rev.;ETODOLACO;7896637022446;1011801460035;90009282;501604204116311;N;N;20;46.76;64.45;2.34;3.22;;BRAS_PF_PMC;ed. 1096;20;
BRASINDICE;1100;medicamento;0000017201;05;092-13855-BQSG;APSEN;FLANCOX;300 mg. cx. 30 cprs. rev.;ETODOLACO;7896637023139;1011801460027;90009266;501604202113315;N;N;30;51.39;70.84;1.71;2.36;;BRAS_PF_PMC;ed. 1096;20;
BRASINDICE;1100;medicamento;0000017202;05;092-13855-BXYR;APSEN;FLANCOX;300 mg. cx. 14 cprs. rev.;ETODOLACO;7896637023146;1011801460116;90009258;501604201117317;N;N;14;24.49;33.76;1.75;2.41;;BRAS_PF_PMC;ed. 1096;20;
BRASINDICE;1100;medicamento;0000017203;05;092-13855-BXYS;APSEN;FLANCOX;400 mg. cx. 10 cprs. rev.;ETODOLACO;7896637023344;1011801460086;90009274;501604203111316;N;N;10;23.3;32.12;2.33;3.21;;BRAS_PF_PMC;ed. 1096;20;
BRASINDICE;1100;medicamento;0000069757;05;092-13855-ESCZ;APSEN;FLANCOX;500 mg. cx. 14 cprs. rev.;ETODOLACO;7896637023238;1011801460043;90363140;501616100017603;N;N;14;39.14;53.95;2.8;3.85;;BRAS_PF_PMC;ed. 1096;20;
BRASINDICE;1100;medicamento;0000086099;05;092-13855-FMJR;APSEN;FLANCOX;600 mg. cx. 14 cprs. rev.;ETODOLACO;7896637031943;1011801460183;90523270;501621120037803;N;N;14;49.04;67.6;3.5;4.83;;BRAS_PF_PMC;ed. 1096;20;
BRASINDICE;1100;medicamento;0000080320;05;438-15844-BNHL;BIOLAB SANUS;FLAVENOS;500 mg 30 cprs. rev.;"DIOSMINA;FLAVONÓIDES EXPRESSOS EM HESPERIDINA";7896112436102;1097401240027;90026411;504112801115418;N;N;30;70.37;94.39;2.35;3.15;;BRAS_PF_PMC;ed. 1092;20;
BRASINDICE;1100;medicamento;0000080321;05;438-15844-BNHM;BIOLAB SANUS;FLAVENOS;500 mg. 60 cprs. rev.;"HESPERIDINA;DIOSMINA";7896112419648;1097401240051;90267427;504113010050703;N;N;60;127.73;171.34;2.13;2.86;;BRAS_PF_PMC;ed. 1092;20;
BRASINDICE;1100;medicamento;0000086151;05;438-15844-FMLN;BIOLAB SANUS;FLAVENOS;900 mg/100 mg 30 cprs.;"DIOSMINA;FLAVONÓIDES EXPRESSOS EM HESPERIDINA";7896112403517;1097401240132;90546849;504122080080704;N;N;30;101.36;135.97;3.38;4.53;;BRAS_PF_PMC;ed. 1092;20;
BRASINDICE;1100;medicamento;0000088569;05;438-15844-FPGM;BIOLAB SANUS;FLAVENOS;1000 mg cx. 30 saches 5 g;"DIOSMINA;FLAVONÓIDES EXPRESSOS EM HESPERIDINA";7896112407515;1097401240183;90562933;504123050084004;N;N;30;139.57;187.22;4.65;6.24;;BRAS_PF_PMC;ed. 1092;20;
BRASINDICE;1100;medicamento;0000011985;05;473-11322-BMHV;NEO QUIMICA;FLAVONID;500 mg cx. 3 bl. x 10 cprs. rev.;"DIOSMINA;FLAVONÓIDES EXPRESSOS EM HESPERIDINA";7896714203768;1558402540025;90370937;504616090044817;N;N;30;84.77;113.72;2.83;3.79;;BRAS_PF_PMC;ed. 1091;20;
BRASINDICE;1100;medicamento;0000035607;05;473-11322-CWOM;NEO QUIMICA;FLAVONID;Cx. 6 bl. x 10 cprs. rev.;"DIOSMINA;FLAVONÓIDES EXPRESSOS EM HESPERIDINA";7896714221847;1558402540017;90370945;504616090044917;N;N;60;145.01;194.53;2.42;3.24;;BRAS_PF_PMC;ed. 1091;20;
BRASINDICE;1100;medicamento;0000087870;05;473-11322-FOFK;NEO QUIMICA;FLAVONID;450+50mg cx. bl. 60 cprs. rev.;"DIOSMINA;FLAVONÓIDES EXPRESSOS EM HESPERIDINA";7896714293189;1558402540017;90370945;504616090044917;N;N;60;145.01;194.53;2.42;3.24;;BRAS_PF_PMC;ed. 1091;20;
BRASINDICE;1100;medicamento;0000090238;05;473-11322-FRKG;NEO QUIMICA;FLAVONID;900 mg + 100 mg bl. 60 cprs. rev.;"DIOSMINA;FLAVONÓIDES EXPRESSOS EM HESPERIDINA";7896714292779;1558402540157;90585313;504624050097703;N;N;60;175.67;235.66;2.93;3.93;;BRAS_PF_PMC;ed. 1091;20;
BRASINDICE;1100;medicamento;0000090239;05;473-11322-FRKH;NEO QUIMICA;FLAVONID;900 mg + 100 mg bl. 30 cprs. rev.;"DIOSMINA;FLAVONÓIDES EXPRESSOS EM HESPERIDINA";7896714292816;1558402540149;90585305;504624050097603;N;N;30;90.8;121.8;3.03;4.06;;BRAS_PF_PMC;ed. 1091;20;
BRASINDICE;1100;medicamento;0000080933;05;031-25517-FGDC;GROSS;FLEBODIA;600 mg. bl. al. plast. trans. x 30 cprs. rev.;DIOSMINA;3400970002146;1044400200039;90482832;517720080005407;N;N;30;126.47;169.66;4.22;5.66;;BRAS_PF_PMC;ed. 1090;20;
BRASINDICE;1100;medicamento;0000092506;05;031-25517-FUFD;GROSS;FLEBODIA;600 mg ct. bl. al. plast. trans. x 15 cprs. rev.;DIOSMINA;3400970002139;1044400200020;90482816;517720080005207;N;N;15;63.24;84.83;4.22;5.66;;BRAS_PF_PMC;ed. 1090;20;
BRASINDICE;1100;medicamento;0000052867;05;458-21151-DSQC;GRIFOLS;FLEBOGAMMA 10% DIF - IMUNOGLOBULINA HUMANA NORMAL IV (Restrito Hosp.);5 g sol. inj. FA 50 ml;IMUNOGLOBULINA HUMANA;8435308347014;1364100020063;90276582;510912120002703;N;S;1;3674.26;0;3674.26;0;;BRAS_PF_PMC;ed. 1093;20;
BRASINDICE;1100;medicamento;0000052868;05;458-21151-DSQD;GRIFOLS;FLEBOGAMMA 10% DIF - IMUNOGLOBULINA HUMANA NORMAL IV (Restrito Hosp.);20 g sol. inj. FA 200 ml;IMUNOGLOBULINA HUMANA;8435308347106;1364100020081;90276604;510912120002903;N;S;1;10797.14;0;10797.14;0;;BRAS_PF_PMC;ed. 1093;20;
BRASINDICE;1100;medicamento;0000052862;05;458-28347-DSPY;GRIFOLS;FLEBOGAMMA 5% DIF - IMUNOGLOBULINA HUMANA NORMAL IV;0,5 g sol. inj. FA 10 ml;;8435308346932;1364100020098;90276612;510912120003003;N;;1;260.24;359.77;260.24;359.77;;BRAS_PF_PMC;ed. 1072;20;
BRASINDICE;1100;medicamento;0000052863;05;458-28347-DSPZ;GRIFOLS;FLEBOGAMMA 5% DIF - IMUNOGLOBULINA HUMANA NORMAL IV;2,5 g sol. inj. FA 50 ml;IMUNOGLOBULINA HUMANA;8435308346611;1364100020101;90276620;510912120003103;N;N;1;1349.35;1798.58;1349.35;1798.58;;BRAS_PF_PMC;ed. 1093;20;
BRASINDICE;1100;medicamento;0000074701;05;458-28347-EXSZ;GRIFOLS;FLEBOGAMMA 5% DIF - IMUNOGLOBULINA HUMANA NORMAL IV;10 g. sol. inj. FA 200 ml;;8435308346994;1364100020128;90276647;510912120003303;N;;1;5205.18;7195.86;5205.18;7195.86;;BRAS_PF_PMC;ed. 1072;20;
BRASINDICE;1100;medicamento;0000052864;05;458-21150-DSQA;GRIFOLS;FLEBOGAMMA 5% DIF - IMUNOGLOBULINA HUMANA NORMAL IV (Restrito Hosp.);5 g sol. inj. FA 100 ml;IMUNOGLOBULINA HUMANA;8435308347083;1364100020111;90276639;510912120003203;N;S;1;3674.26;0;3674.26;0;;BRAS_PF_PMC;ed. 1093;20;
BRASINDICE;1100;medicamento;0000043946;05;387-19631-ABLA;FARMOQUIMICA;FLEBON;50 mg. 30 cprs.;PINUS PINASTER AITON;7898040322670;1039001810066;90457730;509019120022107;N;N;30;73.6;98.74;2.45;3.29;;BRAS_PF_PMC;ed. 1092;20;
BRASINDICE;1100;medicamento;0000068000;05;387-23237-EPOD;FARMOQUIMICA;FLEDOID;3 mg/g gel. bisn. al. x 40 g;POLISSULFATO DE MUCOPOLISSACARÍDEO;7898040325183;1039001880021;90368401;509017020013507;N;N;1;24.32;32.62;24.32;32.62;;BRAS_PF_PMC;ed. 1092;20;
BRASINDICE;1100;medicamento;0000068001;05;387-23237-EPOE;FARMOQUIMICA;FLEDOID;5 mg/g gel. bisn. al. x 40 g;POLISSULFATO DE MUCOPOLISSACARÍDEO;7898040325206;1039001880048;90368428;509017020013707;N;N;1;28.18;37.8;28.18;37.8;;BRAS_PF_PMC;ed. 1092;20;
BRASINDICE;1100;medicamento;0000068003;05;387-23237-EPOG;FARMOQUIMICA;FLEDOID;5 mg/g pom. bisn. al. x 40 g;POLISSULFATO DE MUCOPOLISSACARÍDEO;7898040325169;1039001880080;90368460;509017020014107;N;N;1;27.25;36.56;27.25;36.56;;BRAS_PF_PMC;ed. 1092;20;
BRASINDICE;1100;medicamento;0000063823;05;969-22258-EDPN;ARESE;FLENUS;22.25 mg. cx. 30 cprs. rev.;;7899824400386;1581900010030;;;N;;30;105.23;141.16;3.51;4.71;;BRAS_PF_PMC;ed. 1090;20;
BRASINDICE;1094;medicamento;0000064086;05;387-22712-EGXN;FARMOQUIMICA;FLETOP;Locao 200 ml;;7898040324438;2354001950011;;;N;;1;56.81;0;56.81;0;;BRAS_PF_PMC;ed. 1092;20;
BRASINDICE;1094;medicamento;0000085847;05;001-26589-CPBF;UNIAO QUIMICA;FLEX HA;Bl. 30 caps.;;7896006201021;ISENTO;;ALIMENTO;N;;30;152.35;0;5.08;0;;BRAS_PF_PMC;ed. 1091;20;
BRASINDICE;1094;medicamento;0000091150;05;001-27844-FKZK;UNIAO QUIMICA;FLEX OK;60 caps. mole;;7896006298861;ISENTO;;ALIMENTO;N;;60;207.18;0;3.45;0;;BRAS_PF_PMC;ed. 1091;20;
BRASINDICE;1094;medicamento;0000075567;05;001-24585-EYUR;UNIAO QUIMICA;FLEX-S;Cx. 30 saches 4 g.;;7896006215738;ISENTO;;ALIMENTO;N;;30;136;0;4.53;0;;BRAS_PF_PMC;ed. 1070;20;
BRASINDICE;1100;medicamento;0000074580;05;100-24279-EXPY;GEOLAB;FLEXALGIN;300 + 125 + 50 + 30 mg. 15 cprs.;"CARISOPRODOL;PARACETAMOL;CAFEÍNA ANIDRA;DICLOFENACO SÓDICO";7899095201262;1542300270014;90350260;510416080132903;N;N;15;11.46;15.37;0.76;1.02;;BRAS_PF_PMC;ed. 1094;20;
BRASINDICE;1100;medicamento;0000074581;05;100-24279-EXPZ;GEOLAB;FLEXALGIN;300 + 125 + 50 + 30 mg. 30 cprs.;"CARISOPRODOL;PARACETAMOL;CAFEÍNA;DICLOFENACO SÓDICO";7899095201255;1542300270030;90349580;510405601114417;N;N;30;23.92;32.09;0.8;1.07;;BRAS_PF_PMC;ed. 1094;20;
BRASINDICE;1094;medicamento;0000087345;05;360-27016-FNOH;ADIUM;FLEXITREX;C/60 or.;;7908475806789;;;;N;;60;73.42;0;1.22;0;;BRAS_PF_PMC;ed. 1091;20;
BRASINDICE;1100;medicamento;0000042364;05;313-19375-DDQB;PROCTER  GAMBLE;FLEXIVE CDM;350 mg/mg. creme derm. ct. bisn. al. x 25 g;EXTRATO DE SYMPHYTUM OFFICINALE;7891721023422;1214206650051;90490371;528720100006317;N;N;1;43.34;58.14;43.34;58.14;;BRAS_PF_PMC;ed. 1090;20;
BRASINDICE;1100;medicamento;0000042365;05;313-19375-DDQC;PROCTER  GAMBLE;FLEXIVE CDM;350 mg/mg. creme derm. ct. bisn. al. x 50 g;EXTRATO DE SYMPHYTUM OFFICINALE;7891721022845;1214206650017;90490380;528720100006417;N;N;1;72.58;97.36;72.58;97.36;;BRAS_PF_PMC;ed. 1090;20;
BRASINDICE;1100;medicamento;0000094392;05;473-28644-DPMO;NEO QUIMICA;FLEXMUSCULAR;Bl. 30 cprs.;"DIPIRONA MONOIDRATADA;CAFEÍNA ANIDRA;CITRATO DE ORFENADRINA";7896094932661;1781709950061;90619978;540925120069107;N;N;30;16.16;21.68;0.54;0.72;;BRAS_PF_PMC;ed. 1084;20;
BRASINDICE;1094;medicamento;0000089601;05;969-27543-BFRA;ARESE;FLEXONE;Cx. 60 cprs. rev.;;7899824401369;;;;N;;60;193.33;0;3.22;0;;BRAS_PF_PMC;ed. 1090;20;
BRASINDICE;1100;medicamento;0000002869;05;562-04085-ALAT;GLAXOSMITHKLINE;FLIXOTIDE;250 mcg. spray 60 ds.;PROPIONATO DE FLUTICASONA;7896269900808;1010701970025;90088913;510603103171318;N;N;1;117.36;161.77;117.36;161.77;;BRAS_PF_PMC;ed. 1095;20;
BRASINDICE;1100;medicamento;0000002872;05;562-04085-BUJI;GLAXOSMITHKLINE;FLIXOTIDE;50 mcg spray 120 ds.;PROPIONATO DE FLUTICASONA;7896015516581;1010701970041;90088883;510603105121415;N;N;1;156.51;215.73;156.51;215.73;;BRAS_PF_PMC;ed. 1095;20;
BRASINDICE;1100;medicamento;0000039214;05;360-14378-CZSU;ADIUM;FLODIN DUO;150 mg. cx. 10 cprs. desint. lenta;DICLOFENACO SÓDICO;7892953001745;1221400430135;90355890;534216050011403;N;N;10;47.17;65.02;4.72;6.5;;BRAS_PF_PMC;ed. 1091;20;
BRASINDICE;1100;medicamento;0000004689;05;048-06362-BCIE;ACHE;FLOGO-ROSA;Po cx. 10 envs. x 9,4 g.;CLORIDRATO DE BENZIDAMINA;7896658005336;1057303420013;90004175;500510202170419;N;N;10;41.86;56.15;4.19;5.62;;BRAS_PF_PMC;ed. 1091;20;
BRASINDICE;1100;medicamento;0000038915;05;048-06362-CZGF;ACHE;FLOGO-ROSA;Po x 500 mg. ct. x 4 env.;CLORIDRATO DE BENZIDAMINA;7896658012204;1057303420056;90004205;500510204173318;N;N;4;16.31;21.88;4.08;5.47;;BRAS_PF_PMC;ed. 1091;20;
BRASINDICE;1100;medicamento;0000044800;05;048-06362-DGFX;ACHE;FLOGO-ROSA;50 mg/ml sol. gin. fr. pet. amb. x 100 ml + cp. med.;CLORIDRATO DE BENZIDAMINA;7896658002892;1057303420099;90216210;500510205171319;N;N;1;30.95;41.52;30.95;41.52;;BRAS_PF_PMC;ed. 1091;20;
BRASINDICE;1094;medicamento;0000091871;05;048-28001-FTJM;ACHE;FLOGORAL;Imune mel + lim. sus or. fr. x 30 ml + spr.;;7896658050015;;;;N;;1;25.71;0;25.71;0;;BRAS_PF_PMC;ed. 1084;20;
BRASINDICE;1094;medicamento;0000091999;05;048-28001-FTPP;ACHE;FLOGORAL;Imune mel + lim. 2 str. x 4 pas.;;7896658050589;;;;N;;8;8.6;0;1.08;0;;BRAS_PF_PMC;ed. 1084;20;
BRASINDICE;1100;medicamento;0000036433;05;048-17990-CXIN;ACHE;FLOGORAL;30 ml col. fr. neb. (sabor cereja);CLORIDRATO DE BENZIDAMINA;7896658005299;1057303130317;90263456;500508907138417;N;N;1;31.52;42.28;31.52;42.28;;BRAS_PF_PMC;ed. 1084;20;
BRASINDICE;1100;medicamento;0000036434;05;048-17990-CXIO;ACHE;FLOGORAL;30 ml col. fr. neb. (sabor menta);CLORIDRATO DE BENZIDAMINA;7896658005305;1057303130023;90263324;500508908134415;N;N;1;31.52;42.28;31.52;42.28;;BRAS_PF_PMC;ed. 1084;20;
BRASINDICE;1100;medicamento;0000036435;05;048-17990-CXIP;ACHE;FLOGORAL;Creme dental bisn. 70 g;CLORIDRATO DE BENZIDAMINA;7896658005312;1057303130147;90263383;500508903175423;N;N;1;30.47;40.87;30.47;40.87;;BRAS_PF_PMC;ed. 1084;20;
BRASINDICE;1100;medicamento;0000036436;05;048-17990-CXIQ;ACHE;FLOGORAL;150 ml col. fr. vd. + cp. med. (menta);CLORIDRATO DE BENZIDAMINA;7896658006760;1057303130244;90263448;500508915173315;N;N;1;25.83;34.65;25.83;34.65;;BRAS_PF_PMC;ed. 1084;20;
BRASINDICE;1100;medicamento;0000036437;05;048-17990-CXIR;ACHE;FLOGORAL;150 ml col. fr. vd. + cp. med. (sabor laranja);CLORIDRATO DE BENZIDAMINA;7896658006753;1057303130236;90263430;500508914177317;N;N;1;25.65;34.41;25.65;34.41;;BRAS_PF_PMC;ed. 1084;20;
BRASINDICE;1100;medicamento;0000036438;05;048-17990-CXIS;ACHE;FLOGORAL;250 ml col. fr. pet. + cp. med. (sabor laranja);CLORIDRATO DE BENZIDAMINA;7896658011870;1057303130163;90263405;500508910139410;N;N;1;35.06;47.03;35.06;47.03;;BRAS_PF_PMC;ed. 1084;20;
BRASINDICE;1100;medicamento;0000036439;05;048-17990-CXIT;ACHE;FLOGORAL;250 ml col. fr. pet. + cp. med. (sabor menta);CLORIDRATO DE BENZIDAMINA;7896658011863;1057303130155;90263391;500508912131417;N;N;1;35.33;47.39;35.33;47.39;;BRAS_PF_PMC;ed. 1084;20;
BRASINDICE;1100;medicamento;0000036442;05;048-17990-CXIW;ACHE;FLOGORAL;12 past. str. (sabor limao);CLORIDRATO DE BENZIDAMINA;7896658005435;1057303130112;90360478;500508905119423;N;N;12;15.2;20.39;1.27;1.7;;BRAS_PF_PMC;ed. 1084;20;
BRASINDICE;1100;medicamento;0000036443;05;048-17990-CXIX;ACHE;FLOGORAL;12 past. str. (sabor laranja);CLORIDRATO DE BENZIDAMINA;7896658005442;1057303130104;90263367;500508902111421;N;N;12;15.35;20.59;1.28;1.72;;BRAS_PF_PMC;ed. 1084;20;
BRASINDICE;1100;medicamento;0000036444;05;048-17990-CXIY;ACHE;FLOGORAL;12 past str. (sabor menta);CLORIDRATO DE BENZIDAMINA;7896658005459;1057303130120;90263375;500508901113420;N;N;12;15.35;20.59;1.28;1.72;;BRAS_PF_PMC;ed. 1084;20;
BRASINDICE;1100;medicamento;0000036445;05;048-17990-CXIZ;ACHE;FLOGORAL;12 past. str. (sabor cereja);CLORIDRATO DE BENZIDAMINA;7896658005466;1057303130090;90263359;500508904112425;N;N;12;15.35;20.59;1.28;1.72;;BRAS_PF_PMC;ed. 1084;20;
BRASINDICE;1100;medicamento;0000039649;05;048-17990-DAFZ;ACHE;FLOGORAL;Laranja 25 str. x 4 past.;CLORIDRATO DE BENZIDAMINA;7896658012440;1057303130961;90263472;500508917117315;N;N;100;135.25;181.43;1.35;1.81;;BRAS_PF_PMC;ed. 1084;20;
BRASINDICE;1100;medicamento;0000055468;05;048-17990-DVYJ;ACHE;FLOGORAL;3,0 mg. past. drops. ct. x 2 (sabor menta);CLORIDRATO DE BENZIDAMINA;7896658007781;1057303130538;90292120;500513120053603;N;N;2;2.35;3.15;1.18;1.58;;BRAS_PF_PMC;ed. 1066;20;
BRASINDICE;1100;medicamento;0000078076;05;048-17990-FCFY;ACHE;FLOGORAL;Fracao de venda 4 past. dura (sabor menta);;70000000749;;;;N;;4;0;7.26;0;1.82;;BRAS_PF_PMC;ed. 1084;20;
BRASINDICE;1100;medicamento;0000078745;05;048-17990-FDCL;ACHE;FLOGORAL;3 mg. past. drops. str. x 8 (menta);CLORIDRATO DE BENZIDAMINA;7896658035791;1057303131135;90460162;552920010107407;N;N;8;10.9;14.62;1.36;1.83;;BRAS_PF_PMC;ed. 1084;20;
BRASINDICE;1100;medicamento;0000081760;05;048-17990-FHGB;ACHE;FLOGORAL;3 mg. past. drops. str. x 52 (menta);CLORIDRATO DE BENZIDAMINA;7896658034749;1057303131143;90460170;552920010107507;N;N;52;70.33;94.35;1.35;1.81;;BRAS_PF_PMC;ed. 1084;20;
BRASINDICE;1100;medicamento;0000088039;05;048-17990-FOKN;ACHE;FLOGORAL;Fracao de venda 4 past. dura (sabor laranja);;70000000440;;;;N;;4;0;7.26;0;1.82;;BRAS_PF_PMC;ed. 1084;20;
BRASINDICE;1100;medicamento;0000012198;05;473-11459-BNHN;NEO QUIMICA;FLOMICIN;100 mg. vd. 12 caps.;LEVEDURA;7896714250946;1558404580024;90301161;504615030028504;N;N;12;46.47;62.34;3.87;5.2;;BRAS_PF_PMC;ed. 1091;20;
BRASINDICE;1100;medicamento;0000012199;05;473-11459-BNHO;NEO QUIMICA;FLOMICIN;Sachet 200 mg. po liof. 4 envs. al. poliet. x 1 g;LEVEDURA;7896714250953;1558404580032;90301170;504615030028604;N;N;4;31.83;42.7;7.96;10.68;;BRAS_PF_PMC;ed. 1091;20;
BRASINDICE;1094;medicamento;0000092949;05;092-28308-FUUT;APSEN;FLORACOL;Cx. c/30 saches or.;;7896637037662;25351460748;;;N;;30;131.55;0;4.39;0;;BRAS_PF_PMC;ed. 1091;20;
BRASINDICE;1094;medicamento;0000092950;05;092-28308-FUUU;APSEN;FLORACOL;Cx. c/5 saches or.;;7896637037716;25351460748;;;N;;5;25.22;0;5.04;0;;BRAS_PF_PMC;ed. 1091;20;
BRASINDICE;1094;medicamento;0000051907;05;020-20974-ANFB;DOVALLE;FLORALAC;Fr. 120 ml;;7896360001138;;;;N;;1;48.99;0;48.99;0;;BRAS_PF_PMC;ed. 1090;20;
BRASINDICE;1100;medicamento;0000092576;05;676-28221-FUHT;CIFARMA;FLORALON;100 mg ct. fr. plas. opc. x 12 caps. gel dura;SACCHAROMYCES BOULARDII;7908020504122;1156002370015;90529146;506322010039617;N;N;12;27.37;36.72;2.28;3.06;;BRAS_PF_PMC;ed. 1067;20;
BRASINDICE;1100;medicamento;0000092578;05;676-28221-FUHU;CIFARMA;FLORALON;200 mg ct. fr. plas. opc. x 6 caps. gel dura;SACCHAROMYCES BOULARDII - 17;7908020504153;1156002370031;90529162;506322010039817;N;N;6;24.22;32.49;4.04;5.42;;BRAS_PF_PMC;ed. 1067;20;
BRASINDICE;1100;medicamento;0000092579;05;676-28221-FUHV;CIFARMA;FLORALON;200 mg po sus. ct. env. al./plas. x 6 x 1 g;SACCHAROMYCES BOULARDII;7908020504177;1156002370066;90529170;506322010039917;N;N;6;27.92;37.45;4.65;6.24;;BRAS_PF_PMC;ed. 1097;20;
BRASINDICE;1094;medicamento;0000071235;05;001-23720-AFFC;UNIAO QUIMICA;FLORASTOR;Cx. 12 caps.;;7896006213161;6632500010047;;ALIMENTO;N;;12;39.61;0;3.3;0;;BRAS_PF_PMC;ed. 1070;20;
BRASINDICE;1094;medicamento;0000071241;05;001-23720-ETZG;UNIAO QUIMICA;FLORASTOR;Cx. 6 saches x 4 g;;7896006213178;6632500040019;;ALIMENTO;N;;6;27.99;0;4.66;0;;BRAS_PF_PMC;ed. 1070;20;
BRASINDICE;1094;medicamento;0000089904;05;001-23720-FRAM;UNIAO QUIMICA;FLORASTOR;1 bl. po x 6 saches;;7896006222668;6632500290015;;ALIMENTO;N;;6;30.61;0;5.1;0;;BRAS_PF_PMC;ed. 1091;20;
BRASINDICE;1094;medicamento;0000089905;05;001-23720-FRAN;UNIAO QUIMICA;FLORASTOR;1 bl. x 12 caps. dura;;7896006222675;6632500310016;;ALIMENTO;N;;12;43.35;0;3.61;0;;BRAS_PF_PMC;ed. 1091;20;
BRASINDICE;1100;medicamento;0000069665;05;352-01154-ACVH;NOVARTIS;FLORATE;Susp. oft. 5 ml;ACETATO DE FLUORMETOLONA;7896548198865;1006810960014;90297431;500901601170311;N;N;1;30.24;40.57;30.24;40.57;;BRAS_PF_PMC;ed. 1090;20;
BRASINDICE;1100;medicamento;0000083298;05;387-01155-FJBP;FARMOQUIMICA;FLORATIL;100 mg x 12 caps. gel dura;SACCHAROMYCES BOULARDII;7898040329648;1039002160170;90528158;509022010027517;N;N;12;42.18;56.58;3.52;4.72;;BRAS_PF_PMC;ed. 1066;20;
BRASINDICE;1100;medicamento;0000085189;05;387-01155-FLGZ;FARMOQUIMICA;FLORATIL;Po or. 200 mg/g 4 envs. x 1 g;SACCHAROMYCES BOULARDII;7898040329570;1039002160022;90528123;509022010027217;N;N;4;29.27;39.27;7.32;9.82;;BRAS_PF_PMC;ed. 1066;20;
BRASINDICE;1100;medicamento;0000085190;05;387-01155-FLGY;FARMOQUIMICA;FLORATIL;Po or. 200 mg/g 6 envs. x 1 g;SACCHAROMYCES BOULARDII;7898040329587;1039002160014;90528115;509022010027117;N;N;6;38.19;51.24;6.36;8.54;;BRAS_PF_PMC;ed. 1066;20;
BRASINDICE;1100;medicamento;0000085192;05;387-01155-FJBQ;FARMOQUIMICA;FLORATIL;200 mg x 6 caps. gel dura;SACCHAROMYCES BOULARDII;7898040329655;1039002160146;90528140;509022010027417;N;N;6;38.19;51.24;6.36;8.54;;BRAS_PF_PMC;ed. 1066;20;
BRASINDICE;1100;medicamento;0000083300;05;387-22759-FJBR;FARMOQUIMICA;FLORATIL AT;250 mg x 10 caps. gel dura;SACCHAROMYCES BOULARDII;7898040329693;1039002160227;90528174;509022010027717;N;N;10;55.24;74.1;5.52;7.41;;BRAS_PF_PMC;ed. 1066;20;
BRASINDICE;1100;medicamento;0000085191;05;387-22759-FJBO;FARMOQUIMICA;FLORATIL AT;Po or. 250 mg/1,25 g 10 env. x 1 g;SACCHAROMYCES BOULARDII;7898040329624;1039002160294;90528182;509022010027817;N;N;10;55.24;74.1;5.52;7.41;;BRAS_PF_PMC;ed. 1066;20;
BRASINDICE;1100;medicamento;0000085712;05;387-22759-FLXZ;FARMOQUIMICA;FLORATIL AT;250 mg/g c/6 env.;SACCHAROMYCES BOULARDII;7898040329600;1039002160030;90528131;509022010027317;N;N;6;38.19;51.24;6.36;8.54;;BRAS_PF_PMC;ed. 1066;20;
BRASINDICE;1100;medicamento;0000085713;05;387-22759-FLYA;FARMOQUIMICA;FLORATIL AT;250 mg. bl. c/6 caps.;SACCHAROMYCES BOULARDII;7898040329679;1039002160200;90528166;509022010027617;N;N;6;38.19;51.24;6.36;8.54;;BRAS_PF_PMC;ed. 1066;20;
BRASINDICE;1100;medicamento;0000003536;05;376-04962-BTXX;HEBRON;FLORAX;Ad. susp. oral cx. 5 flac. de 5 ml;SACCHAROMYCES CEREVISAE;7896685300190;1155700150019;90101383;511301801131419;N;N;5;40.99;54.99;8.2;11;;BRAS_PF_PMC;ed. 1090;20;
BRASINDICE;1100;medicamento;0000003537;05;376-04962-BTXY;HEBRON;FLORAX;Ped. susp. oral cx. 5 flac. de 5 ml;SACCHAROMYCES CEREVISAE;7896685300183;1155700150039;90101413;511301804130413;N;N;5;31.65;42.46;6.33;8.49;;BRAS_PF_PMC;ed. 1090;20;
BRASINDICE;1100;medicamento;0000024192;05;376-04962-CJZS;HEBRON;FLORAX;Ad. SM cx. 5 flac. 5 ml;SACCHAROMYCES CEREVISAE;7896685301654;1155700150111;90503104;511301801131419;N;N;5;40.99;54.99;8.2;11;;BRAS_PF_PMC;ed. 1090;20;
BRASINDICE;1100;medicamento;0000024193;05;376-04962-CJZT;HEBRON;FLORAX;Ped. SM cx. 5 flac. 5 ml;SACCHAROMYCES CEREVISAE;7896685301661;1155700150098;90503082;511301804130413;N;N;5;31.66;42.47;6.33;8.49;;BRAS_PF_PMC;ed. 1090;20;
BRASINDICE;1100;medicamento;0000078406;05;376-04962-FCRM;HEBRON;FLORAX;Ad. SM cx. 5 flac. 5 ml. sabor uva;SACCHAROMYCES CEREVISAE;7896685303290;1155700150217;90503228;511301801131419;N;N;5;40.99;54.99;8.2;11;;BRAS_PF_PMC;ed. 1090;20;
BRASINDICE;1100;medicamento;0000078407;05;376-04962-FCRN;HEBRON;FLORAX;Ped. SM cx. 5 flac. 5 ml. sabor uva;SACCHAROMYCES CEREVISAE;7896685303283;1155700150187;90503198;511301804130413;N;N;5;31.66;42.47;6.33;8.49;;BRAS_PF_PMC;ed. 1090;20;
BRASINDICE;1100;medicamento;0000041059;05;376-19131-BWLE;HEBRON;FLORAX (Restrito Hosp.);Ped. cx. 100 flac. 5 ml (hosp.);SACCHAROMYCES CEREVISAE;7896685301296;1155700150047;90101405;511301803134415;N;S;100;435.77;0;4.36;0;;BRAS_PF_PMC;ed. 1090;20;
BRASINDICE;1100;medicamento;0000041060;05;376-19131-BWLF;HEBRON;FLORAX (Restrito Hosp.);Ad. cx. 100 flac. 5 ml (hosp.);SACCHAROMYCES CEREVISAE;7896685301289;1155700150020;90101391;511301802138417;N;S;100;565.58;0;5.66;0;;BRAS_PF_PMC;ed. 1090;20;
BRASINDICE;1100;medicamento;0000081340;05;376-25607-FGSI;HEBRON;FLORAX HIDRA (NOTIF.SIMPLIF.);Sabor natural fr. pet 500 ml;;7896685303825;;;;N;;1;20.17;27.06;20.17;27.06;;BRAS_PF_PMC;ed. 1090;20;
BRASINDICE;1100;medicamento;0000081342;05;376-25607-FGSJ;HEBRON;FLORAX HIDRA (NOTIF.SIMPLIF.);Sabor guarana fr. pet. 500 ml;;7896685303818;;;;N;;1;20.17;27.06;20.17;27.06;;BRAS_PF_PMC;ed. 1090;20;
BRASINDICE;1100;medicamento;0000085050;05;376-26470-FLDV;HEBRON;FLORAX SM ADULTO ATB - FRAMBOESA;Susp. oral cx. 10 flac. 5 ml;;7896685303559;1155700150292;90503171;511301801131419;N;;10;63.52;85.21;6.35;8.52;;BRAS_PF_PMC;ed. 1092;20;
BRASINDICE;1100;medicamento;0000085053;05;376-26473-FLDV;HEBRON;FLORAX SM PEDIATRICO ATB - FRAMBOESA;Susp. oral cx. 10 flac. 5 ml;;7896685303566;1155700150276;90503155;511301804130413;N;;10;49.06;65.81;4.91;6.58;;BRAS_PF_PMC;ed. 1090;20;
BRASINDICE;1094;medicamento;0000087520;05;021-26959-FNTJ;AVERT;FLORENCE PRO;4 g x 6 saches;;7896112407201;6748900010012;;;N;;6;35.16;0;5.86;0;;BRAS_PF_PMC;ed. 1091;20;
BRASINDICE;1100;medicamento;0000019547;05;676-14523-ACVI;CIFARMA;FLORENT;100 mg. 12 caps.;SACCHAROMYCES BOULARDII;7898158692221;1156000980010;90041372;506304001113413;N;N;12;39.08;52.42;3.26;4.37;;BRAS_PF_PMC;ed. 1097;20;
BRASINDICE;1100;medicamento;0000019548;05;676-14523-CBWI;CIFARMA;FLORENT;200 mg. 4 saches 1 g de po;LEVEDURA;7898158692238;1156000980029;90041380;506304002136417;N;N;4;26.51;35.56;6.63;8.89;;BRAS_PF_PMC;ed. 1097;20;
BRASINDICE;1100;medicamento;0000072841;05;676-14523-EVKM;CIFARMA;FLORENT;200 mg. 6 caps.;LEVEDURA;7898495608770;1156000980037;90375645;506317030030207;N;N;6;39.08;52.42;6.51;8.74;;BRAS_PF_PMC;ed. 1097;20;
BRASINDICE;1100;medicamento;0000092580;05;676-14523-FUHW;CIFARMA;FLORENT;100 mg ct. bl. al. plas. aclar. trans. x 12 caps. dura;SACCHAROMYCES BOULARDII - 17;7908020507246;1156000980101;90595238;506324100044507;N;N;12;39.08;52.42;3.26;4.37;;BRAS_PF_PMC;ed. 1097;20;
BRASINDICE;1100;medicamento;0000092581;05;676-14523-FUHX;CIFARMA;FLORENT;200 mg ct. bl. al. plas. aclar. trans. x 6 caps. dura;SACCHAROMYCES BOULARDII - 17;7908020507260;1156000980071;90595220;506324100044607;N;N;6;39.08;52.42;6.51;8.74;;BRAS_PF_PMC;ed. 1097;20;
BRASINDICE;1100;medicamento;0000073425;05;516-24008-EWDL;ASPEN PHARMA;FLORINEFE;0,1 mg. ct. fr. vd. amb. x 100 cprs.;ACETATO DE FLUDROCORTISONA;7895858017002;1376401600011;90397720;505618010042617;N;N;100;320.01;441.1;3.2;4.41;;BRAS_PF_PMC;ed. 1092;20;
BRASINDICE;1094;medicamento;0000083831;05;072-26283-FJUO;EUROFARMA;FLORIPA GOTAS;Ct. fr. x 8 ml;;7891317011369;;;;N;;1;101.14;0;101.14;0;;BRAS_PF_PMC;ed. 1091;20;
BRASINDICE;1100;medicamento;0000063331;05;413-22614-EGSR;BAXTER;FLOSEAL VHSD (TROMBINA + GELATINA) (Restrito Hosp.);5 ml (kit. c/ po liof. ct. 1 FA vd. inc. + 1 FA dil. x 5 ml + 1 ser. preenchida + conj. rec. e aplicacao);"GELATINA;TROMBINA";7898473022246;1068301730029;90299566;503215100023303;N;S;1;1216.16;0;1216.16;0;;BRAS_PF_PMC;ed. 1070;20;
BRASINDICE;1100;medicamento;0000004414;05;352-06181-AWGA;NOVARTIS;FLOTAC;140 mg. 20 caps. dura;DICLOFENACO COLESTIRAMINA;7896261003705;1006801020047;90170563;526506501111310;N;N;20;61.49;84.76;3.07;4.24;;BRAS_PF_PMC;ed. 1095;20;
BRASINDICE;1100;medicamento;0000004415;05;352-06181-AWGB;NOVARTIS;FLOTAC;140 mg 10 caps. dura;DICLOFENACO COLESTIRAMINA;7896261003996;1006801020039;90170571;526506502118319;N;N;10;28.12;38.76;2.81;3.88;;BRAS_PF_PMC;ed. 1095;20;
BRASINDICE;1100;medicamento;0000004416;05;352-06181-BFLH;NOVARTIS;FLOTAC;140 mg. 14 caps. dura;DICLOFENACO COLESTIRAMINA;7896261005822;1006801020012;90170580;526506503114317;N;N;14;45.31;62.46;3.24;4.46;;BRAS_PF_PMC;ed. 1095;20;
BRASINDICE;1100;medicamento;0000011284;05;473-10828-BNMT;NEO QUIMICA;FLOXICAM;20 mg. cx. 1 bl. x 15 caps.;PIROXICAM;7896714267395;1558404890015;90348303;504616050040603;N;N;15;14.76;20.35;0.98;1.36;;BRAS_PF_PMC;ed. 1091;20;
BRASINDICE;1100;medicamento;0000060657;05;562-22215-EDEG;GLAXOSMITHKLINE;FLUARIX TETRA (VACINA CONTRA GRIPE);Inj. ser. preench. x 0,5 ml + ag. removivel;"CEPA INFLUENZA TIPO A (H3N2);CEPA INFLUENZA TIPO A (H1N1);CEPA INFLUENZA TIPO B;CEPA INFLUENZA TIPO B";7896015529864;1010703140054;90309545;510615110054302;N;N;1;60.34;83.17;60.34;83.17;;BRAS_PF_PMC;ed. 1095;20;
BRASINDICE;1100;medicamento;0000060658;05;562-22215-EDEJ;GLAXOSMITHKLINE;FLUARIX TETRA (VACINA CONTRA GRIPE);Inj. 10 ser. preench. x 0,5 ml + ag. removivel;"CEPA INFLUENZA TIPO A (H3N2);CEPA INFLUENZA TIPO A (H1N1);CEPA INFLUENZA TIPO B;CEPA INFLUENZA TIPO B";7896015529871;1010703140062;90309553;510615110054402;N;N;10;603.51;831.88;60.35;83.19;;BRAS_PF_PMC;ed. 1095;20;
BRASINDICE;1100;medicamento;0000074583;05;100-24280-EXQB;GEOLAB;FLUCANIL;150 mg. cx. 1 capsula;FLUCONAZOL;7899095200524;1542300140013;90079590;510400801115416;N;N;1;11.98;16.51;11.98;16.51;;BRAS_PF_PMC;ed. 1094;20;
BRASINDICE;1100;medicamento;0000074584;05;100-24280-EXQC;GEOLAB;FLUCANIL;150 mg. cx. 2 capsulas.;FLUCONAZOL;7899095200531;1542300140021;90079604;510400802111414;N;N;2;19.16;26.41;9.58;13.2;;BRAS_PF_PMC;ed. 1094;20;
BRASINDICE;1100;medicamento;0000091976;05;348-28030-FTMI;CRISTALIA;FLUCAZOL (Restrito Hosp.);2 mg/ml sol. inj. - 6 bolsas x 100 ml;FLUCONAZOL;7896676440607;1029805850027;90573617;506723110099903;N;S;6;1238.92;0;206.49;0;;BRAS_PF_PMC;ed. 1094;20;
BRASINDICE;1094;medicamento;0000089352;05;001-27457-FQJZ;UNIAO QUIMICA;FLUCISTEIN;600 mg 16 saches;;7896006299738;ISENTO;;ALIMENTO;N;;16;39.43;0;2.46;0;;BRAS_PF_PMC;ed. 1091;20;
BRASINDICE;1094;medicamento;0000089353;05;001-27457-FQKA;UNIAO QUIMICA;FLUCISTEIN;600 mg 10 caps.;;7896006298489;N/A;;ALIMENTO;N;;10;31.54;0;3.15;0;;BRAS_PF_PMC;ed. 1091;20;
BRASINDICE;1100;medicamento;0000006892;05;001-07836-BCOX;UNIAO QUIMICA;FLUCISTEIN;Sol. inj. 10% c/ 5 amps. x 3 ml.;ACETILCISTEÍNA;7896006298465;1049711490021;90208633;533005901152411;N;N;5;30.22;40.54;6.04;8.11;;BRAS_PF_PMC;ed. 1091;20;
BRASINDICE;1100;medicamento;0000074373;05;001-21828-BIZA;UNIAO QUIMICA;FLUCISTEIN;200 mg 15 envs.;ACETILCISTEÍNA;7896006257752;1049711490099;90564979;533023070086807;N;N;15;42;56.34;2.8;3.76;;BRAS_PF_PMC;ed. 1096;20;
BRASINDICE;1100;medicamento;0000092300;05;001-07836-FTYR;UNIAO QUIMICA;FLUCISTEIN;20 mg/ml xpe. ct. fr. vd. amb. x 100 ml + cop.;ACETILCISTEÍNA;7896006268666;1049715050018;90552644;533023020084107;N;N;1;30.25;40.58;30.25;40.58;;BRAS_PF_PMC;ed. 1091;20;
BRASINDICE;1094;medicamento;0000092301;05;001-28139-DFKR;UNIAO QUIMICA;FLUCISTEIN VIT. C;10 cprs. eferv.;;7896006297987;ISENTO;;ALIMENTO;N;;10;29.28;0;2.93;0;;BRAS_PF_PMC;ed. 1091;20;
BRASINDICE;1100;medicamento;0000009876;05;062-09844-BXMN;EMS;FLUCOCIN;150 mg. bl. 1 cap.;;7896004715155;1023513650071;90510232;541815050011703;N;;1;10.73;14.83;10.73;14.83;;BRAS_PF_PMC;ed. 1079;20;
BRASINDICE;1100;medicamento;0000009877;05;062-09844-BXNK;EMS;FLUCOCIN;150 mg. bl. 2 caps.;;7896004705699;1023513650088;90510240;507713702116419;N;;2;17.2;23.78;8.6;11.89;;BRAS_PF_PMC;ed. 1079;20;
BRASINDICE;1100;medicamento;0000091463;05;1092-27913-FSXL;GLOBO PHARMA;FLUCOLCID;150 mg cx. 2 caps.;FLUCONAZOL;7899620911895;1053501930015;90380932;517602702115415;N;N;2;14.8;20.4;7.4;10.2;;BRAS_PF_PMC;ed. 1095;20;
BRASINDICE;1100;medicamento;0000091464;05;1092-27913-FSXM;GLOBO PHARMA;FLUCOLCID;150 mg cx. 1 caps.;FLUCONAZOL;7899620911888;1053501930023;90380924;517602701119417;N;N;1;10.35;14.27;10.35;14.27;;BRAS_PF_PMC;ed. 1095;20;
BRASINDICE;1100;medicamento;0000091465;05;1092-24281-FSXL;GLOBO PHARMA;FLUCONAZOL;150 mg cx. 2 caps.;FLUCONAZOL;7899620911956;1053501890013;90380940;517617040024106;N;N;2;14.33;19.75;7.16;9.88;;BRAS_PF_PMC;ed. 1095;20;
BRASINDICE;1100;medicamento;0000091466;05;1092-24281-FSXM;GLOBO PHARMA;FLUCONAZOL;150 mg cx. 1 caps.;FLUCONAZOL;7899620911963;1053501890021;90380959;517617040024206;N;N;1;9.82;13.54;9.82;13.54;;BRAS_PF_PMC;ed. 1095;20;
BRASINDICE;1100;medicamento;0000009279;05;062-09325-ANSV;EMS;FLUCONAZOL - GENERICO;150 mg. 2 caps.;FLUCONAZOL;7896004703343;1023505780024;90056507;507713802110110;S;N;2;18.11;25.04;9.06;12.52;;BRAS_PF_PMC;ed. 1079;20;
BRASINDICE;1100;medicamento;0000009280;05;062-09325-ATNZ;EMS;FLUCONAZOL - GENERICO;150 mg. 1 cap.;FLUCONAZOL;7896004703336;1023505780016;90056493;507713801114112;S;N;1;11.28;15.59;11.28;15.59;;BRAS_PF_PMC;ed. 1079;20;
BRASINDICE;1100;medicamento;0000009285;05;1048-09325-BFXM;SANOFI MEDLEY;FLUCONAZOL - GENERICO;150 mg. cx. c/1;FLUCONAZOL;7896422505062;1832602100016;90363256;525006101116113;S;N;1;22.06;30.41;22.06;30.41;;BRAS_PF_PMC;ed. 1099;20;
BRASINDICE;1100;medicamento;0000009286;05;1048-09325-BFXN;SANOFI MEDLEY;FLUCONAZOL - GENERICO;150 mg. cx. c/2;FLUCONAZOL;7896422505079;1832602100024;90363272;525006102112111;S;N;2;31.64;43.61;15.82;21.8;;BRAS_PF_PMC;ed. 1099;20;
BRASINDICE;1100;medicamento;0000009289;05;591-09325-ANSV;GERMED;FLUCONAZOL - GENERICO;150 mg. 2 caps.;FLUCONAZOL;7896004707921;1058302950025;90084535;526105602111118;S;N;2;19.54;26.93;9.77;13.46;;BRAS_PF_PMC;ed. 1092;20;
BRASINDICE;1100;medicamento;0000009290;05;591-09325-BXMN;GERMED;FLUCONAZOL - GENERICO;150 mg. bl. 1 cap.;FLUCONAZOL;7896004707914;1058302950017;90084527;526105601115111;S;N;1;10.77;14.89;10.77;14.89;;BRAS_PF_PMC;ed. 1079;20;
BRASINDICE;1100;medicamento;0000053214;05;517-09325-FLWB;PRATI DONADUZZI;FLUCONAZOL - GENERICO;150 mg 90 caps. (frac.);FLUCONAZOL;7899547502367;1256801990096;90238125;528529308111118;S;N;90;657.41;906.17;7.3;10.07;;BRAS_PF_PMC;ed. 1098;20;
BRASINDICE;1100;medicamento;0000062506;05;620-09325-EFRO;MEDQUIMICA;FLUCONAZOL - GENERICO;150 mg. bl. cx. 1 cpr.;FLUCONAZOL;7896862970567;1091700980023;90317750;525115110028806;S;N;1;11.43;15.76;11.43;15.76;;BRAS_PF_PMC;ed. 1092;20;
BRASINDICE;1100;medicamento;0000062507;05;620-09325-EFRP;MEDQUIMICA;FLUCONAZOL - GENERICO;150 mg. bl. cx. 2 cprs.;FLUCONAZOL;7896862970574;1091700980015;90317769;525115110028906;S;N;2;17.98;24.78;8.99;12.39;;BRAS_PF_PMC;ed. 1092;20;
BRASINDICE;1100;medicamento;0000074585;05;100-09325-EXQB;GEOLAB;FLUCONAZOL - GENERICO;150 mg. cx. 1 capsula;FLUCONAZOL;7899095249318;1542302590016;90379640;510417070155406;S;N;1;11.98;16.51;11.98;16.51;;BRAS_PF_PMC;ed. 1094;20;
BRASINDICE;1100;medicamento;0000074586;05;100-09325-EXQC;GEOLAB;FLUCONAZOL - GENERICO;150 mg. cx. 2 capsulas.;FLUCONAZOL;7899095249325;1542302590024;90379659;510417070155506;S;N;2;19.16;26.41;9.58;13.2;;BRAS_PF_PMC;ed. 1094;20;
BRASINDICE;1100;medicamento;0000085658;05;517-09325-FLWA;PRATI DONADUZZI;FLUCONAZOL - GENERICO;150 mg 2 caps.;FLUCONAZOL;7899547502305;1256801990029;90180453;528529301115118;S;N;2;16.39;22.59;8.2;11.3;;BRAS_PF_PMC;ed. 1098;20;
BRASINDICE;1100;medicamento;0000062508;05;620-18009-EFRQ;MEDQUIMICA;FLUCONAZOL - GENERICO (Restrito Hosp.);150 mg. bl. cx. 100 cprs. (hosp.);FLUCONAZOL;7896862970581;1091700980031;90317777;525115110029006;S;S;100;800.89;0;8.01;0;;BRAS_PF_PMC;ed. 1092;20;
BRASINDICE;1100;medicamento;0000075996;05;369-18009-FUZT;HALEX ISTAR;FLUCONAZOL - GENERICO (Restrito Hosp.);Bolsa PEBD SF 100 ml - cx. c/60 unidades (2 mg/ml);FLUCONAZOL;7898361701543;1031101520021;90402707;511218120036116;S;S;60;15948.02;0;265.8;0;;BRAS_PF_PMC;ed. 1098;20;
BRASINDICE;1100;medicamento;0000076547;05;348-18009-FABD;CRISTALIA;FLUCONAZOL - GENERICO (Restrito Hosp.);2 mg/ml 6 bolsas x 100 ml;FLUCONAZOL;7896676436563;1029805370017;90497163;506720120088117;S;S;6;1238.92;0;206.49;0;;BRAS_PF_PMC;ed. 1094;20;
BRASINDICE;1100;medicamento;0000087584;05;534-18009-FNVV;BEKER;FLUCONAZOL - GENERICO (Restrito Hosp.);2 mg/ml sol. infus. IV cx. envol. bols. plas. PP trans. sist. fech. x 100 ml;FLUCONAZOL;7898170784577;1034600250016;90552229;503322120009406;S;S;1;276.06;0;276.06;0;;BRAS_PF_PMC;ed. 1097;20;
BRASINDICE;1100;medicamento;0000089578;05;517-18009-FQQF;PRATI DONADUZZI;FLUCONAZOL - GENERICO (Restrito Hosp.);150 mg. ct. bl. al. plas. trans. x 200 caps. dura (emb. frac.);FLUCONAZOL;7899547502374;1256801990061;90180470;528525010218706;S;S;200;2681.56;0;13.41;0;;BRAS_PF_PMC;ed. 1098;20;
BRASINDICE;1100;medicamento;0000085492;05;547-26519-FLRO;FARMACE;FLUCONAZOL - SISTEMA FECHADO - GENERICO (Restrito Hosp.);100 ml - Cx. c/60 fr.;FLUCONAZOL;7898166042773;1108500460024;90520432;508321080022506;S;S;60;16563.12;0;276.05;0;;BRAS_PF_PMC;ed. 1094;20;
BRASINDICE;1100;medicamento;0000014881;05;620-12849-AOPB;MEDQUIMICA;FLUCOVIL;150 mg. cx. 1 cap.;FLUCONAZOL;7896862970147;1091700550053;90157435;525102101113411;N;N;1;11.43;15.76;11.43;15.76;;BRAS_PF_PMC;ed. 1092;20;
BRASINDICE;1100;medicamento;0000014882;05;620-12849-APBV;MEDQUIMICA;FLUCOVIL;150 mg. cx. 2 caps.;FLUCONAZOL;7896862970154;1091700550045;90157443;525102102111410;N;N;2;17.98;24.78;8.99;12.39;;BRAS_PF_PMC;ed. 1092;20;
BRASINDICE;1100;medicamento;0000033445;05;034-17207-CUIM;LIBBS;FLUDALIBBS (Restrito Hosp.) (CONVENIO 162/94);50 mg. 5 FA;FOSFATO DE FLUDARABINA;7896094207318;1003301500029;90144651;523708501150416;N;S;5;5589.33;0;1117.87;0;;BRAS_PF_PMC;ed. 1094;20;
BRASINDICE;1100;medicamento;0000085054;05;376-25037-FLDX;HEBRON;FLUENCE;Sol. oral gts. 50 ml;;7896685303757;;;;N;;1;155.24;198.32;155.24;198.32;;BRAS_PF_PMC;ed. 1090;20;
BRASINDICE;1100;medicamento;0000085055;05;376-25037-AYAQ;HEBRON;FLUENCE;Susp. oral fr. 150 ml;;7896685303740;;;;N;;1;101.24;129.34;101.24;129.34;;BRAS_PF_PMC;ed. 1090;20;
BRASINDICE;1100;medicamento;0000028637;05;348-13856-CPDK;CRISTALIA;FLUFENAN (Restrito Hosp.);5 mg. 20 bl. 10 cps.;DICLORIDRATO DE FLUFENAZINA;7896676403305;1029802240058;90046242;506706301111418;N;S;200;71.58;0;0.36;0;;BRAS_PF_PMC;ed. 1094;20;
BRASINDICE;1100;medicamento;0000028638;05;348-13857-FIJA;CRISTALIA;FLUFENAN DEPOT (Restrito Hosp.);25 mg/ml sol. inj. cx. 50 amps. vd. amb. x 1 ml;ENANTATO DE FLUFENAZINA;7896676401493;1029800980021;90046250;506706401159412;N;S;50;319.31;0;6.39;0;;BRAS_PF_PMC;ed. 1094;20;
BRASINDICE;1094;medicamento;0000091927;05;620-28019-FTKX;MEDQUIMICA;FLUIAR;600 mg granulado x 16 saches;;7896862994082;;;;N;;16;42.74;0;2.67;0;;BRAS_PF_PMC;ed. 1092;20;
BRASINDICE;1094;medicamento;0000091928;05;620-28019-FTKY;MEDQUIMICA;FLUIAR;600 mg granulado x 16 capsulas;;7896862994075;;;;N;;16;42.74;0;2.67;0;;BRAS_PF_PMC;ed. 1092;20;
BRASINDICE;1100;medicamento;0000000970;05;044-01164-ACWB;CHIESI;FLUIBRON;Gts. fr. 50 ml.;CLORIDRATO DE AMBROXOL;7896672203954;1005800390050;90252390;508501601136421;N;N;1;20.83;27.94;20.83;27.94;;BRAS_PF_PMC;ed. 1093;20;
BRASINDICE;1100;medicamento;0000000971;05;044-01164-AULQ;CHIESI;FLUIBRON;A 10 flac. 2 ml;CLORIDRATO DE AMBROXOL;7896672201523;1005800390152;90252420;508501604135426;N;N;10;49.29;66.12;4.93;6.61;;BRAS_PF_PMC;ed. 1093;20;
BRASINDICE;1100;medicamento;0000000972;05;068-01165-AKUS;ZAMBON;FLUIMUCIL;Xpe. ad. fr. 120 ml;ACETILCISTEÍNA;7898074617438;1008400750377;90253051;533800608133328;N;N;1;36.01;48.31;36.01;48.31;;BRAS_PF_PMC;ed. 1094;20;
BRASINDICE;1100;medicamento;0000000973;05;068-01165-AKUT;ZAMBON;FLUIMUCIL;Xpe. ped. fr. 120 ml;ACETILCISTEÍNA;7898074617445;1008400750407;90253060;533800611134321;N;N;1;26.89;36.07;26.89;36.07;;BRAS_PF_PMC;ed. 1094;20;
BRASINDICE;1100;medicamento;0000000974;05;068-01165-APVH;ZAMBON;FLUIMUCIL;10% sol. inj. ct. 5 amp. vd. 3 ml;ACETILCISTEÍNA;7898074616073;1008400750148;90214447;533800601155318;N;N;5;28.46;38.18;5.69;7.64;;BRAS_PF_PMC;ed. 1094;20;
BRASINDICE;1100;medicamento;0000000977;05;068-01165-BFLI;ZAMBON;FLUIMUCIL;D 600 mg. gran. 16 envs. x 5 g.;ACETILCISTEÍNA;7898074617322;1008400750288;90253043;533800605134323;N;N;16;62.49;83.83;3.91;5.24;;BRAS_PF_PMC;ed. 1094;20;
BRASINDICE;1100;medicamento;0000000978;05;068-01165-BFLJ;ZAMBON;FLUIMUCIL;600 mg. comp. eferv. 2 st. x 8;ACETILCISTEÍNA;7898074617612;1008400751039;90241339;533800616136314;N;N;16;56.25;75.46;3.52;4.72;;BRAS_PF_PMC;ed. 1094;20;
BRASINDICE;1100;medicamento;0000000979;05;068-01165-BNVS;ZAMBON;FLUIMUCIL;Sol. nasal fr. 20 ml micro nebul.;ACETILCISTEÍNA;7898074616943;1008400750441;90241320;533800615172317;N;N;1;42.82;57.44;42.82;57.44;;BRAS_PF_PMC;ed. 1094;20;
BRASINDICE;1100;medicamento;0000047830;05;068-01165-DMMD;ZAMBON;FLUIMUCIL;200 mg. bl. al/al x 16 cprs. eferv.;ACETILCISTEÍNA;7898074613430;1008400751128;90214455;533800614133318;N;N;16;44.19;59.28;2.76;3.7;;BRAS_PF_PMC;ed. 1094;20;
BRASINDICE;1100;medicamento;0000088046;05;068-01165-FOKT;ZAMBON;FLUIMUCIL;600 mg ct. bl. al/al x 60 cprs. eferv.;ACETILCISTEÍNA;7898074611276;1008400751071;;533817070008103;N;N;60;111.52;149.6;1.86;2.49;;BRAS_PF_PMC;ed. 1094;20;
BRASINDICE;1100;medicamento;0000005898;05;088-07282-AYYW;MANTECORP FARMASA;FLUIR;12 mcg 3 bl. x 10 caps. + inal.;FUMARATO DE FORMOTEROL;7891142156020;1781707910036;90356462;540916070020017;N;N;1;66.48;91.64;66.48;91.64;;BRAS_PF_PMC;ed. 1091;20;
BRASINDICE;1100;medicamento;0000005899;05;088-07282-AYYY;MANTECORP FARMASA;FLUIR;12 mcg 3 bl. x 10 caps. refil;FUMARATO DE FORMOTEROL;7891142156211;1781707910079;90356470;540916070020117;N;N;1;56.06;77.27;56.06;77.27;;BRAS_PF_PMC;ed. 1091;20;
BRASINDICE;1100;medicamento;0000005900;05;088-07282-AYYZ;MANTECORP FARMASA;FLUIR;12 mcg 6 bl. x 10 caps. refil;FUMARATO DE FORMOTEROL;7891142156235;1781707910087;90356489;540916070020217;N;N;1;88.35;121.78;88.35;121.78;;BRAS_PF_PMC;ed. 1091;20;
BRASINDICE;1100;medicamento;0000081484;05;088-07282-FGXM;MANTECORP FARMASA;FLUIR;12 mcg ct. 20 caps.;FUMARATO DE FORMOTEROL;7891142207326;1781707910060;90497368;540921010044907;N;N;20;32;44.11;1.6;2.21;;BRAS_PF_PMC;ed. 1091;20;
BRASINDICE;1100;medicamento;0000081485;05;088-07282-FGXN;MANTECORP FARMASA;FLUIR;12 mcg ct. 20 caps. + inal.;FUMARATO DE FORMOTEROL;7891142207333;1781707910028;90497333;540921010044807;N;N;20;32;44.11;1.6;2.21;;BRAS_PF_PMC;ed. 1091;20;
BRASINDICE;1100;medicamento;0000074587;05;100-24286-EXQK;GEOLAB;FLUISOLVAN;Xpe ad. 30 mg/5 ml. fr. 120 ml.;CLORIDRATO DE AMBROXOL;7899095202719;1542300900018;90279530;510409302138414;N;N;1;21.54;28.9;21.54;28.9;;BRAS_PF_PMC;ed. 1094;20;
BRASINDICE;1100;medicamento;0000074588;05;100-24286-EXQL;GEOLAB;FLUISOLVAN;Xpe ped. 15 mg/5 ml. fr. 120 ml.;CLORIDRATO DE AMBROXOL;7899095202726;1542300900034;90279549;510409301131416;N;N;1;14.89;19.97;14.89;19.97;;BRAS_PF_PMC;ed. 1094;20;
BRASINDICE;1100;medicamento;0000075204;05;062-11849-ESSS;EMS;FLUITEINA;Xpe. inf. 20 mg. fr. 120 ml;ACETILCISTEÍNA;7896004726472;1023512860119;90478185;541816100018103;N;N;1;30.12;40.4;30.12;40.4;;BRAS_PF_PMC;ed. 1079;20;
BRASINDICE;1100;medicamento;0000075205;05;062-11849-EUAS;EMS;FLUITEINA;Xpe. ad. 40 mg. fr. 120 ml;ACETILCISTEÍNA;7896004738383;1023505880096;90056523;507713903138411;N;N;1;39.39;52.84;39.39;52.84;;BRAS_PF_PMC;ed. 1079;20;
BRASINDICE;1100;medicamento;0000075206;05;062-11849-EUAT;EMS;FLUITEINA;600 mg. 16 saches;ACETILCISTEÍNA;7896004738376;1023512860100;90478177;507713904134418;N;N;16;55.02;73.81;3.44;4.61;;BRAS_PF_PMC;ed. 1079;20;
BRASINDICE;1100;medicamento;0000075207;05;062-11849-EUAU;EMS;FLUITEINA;200 mg. 16 saches;ACETILCISTEÍNA;7896004705415;1023512860021;90478150;507713901135421;N;N;16;32.19;43.18;2.01;2.7;;BRAS_PF_PMC;ed. 1079;20;
BRASINDICE;1100;medicamento;0000072954;05;170-22502-EVNZ;TEUTO BRAS.;FLUMAZENIL - GENERICO (Restrito Hosp.);0,1 mg/ml sol. inj. ct. 5 amps. vd. amb. x 5 ml (hosp.);FLUMAZENIL;7896112173526;1037006350032;90552253;520723030117306;S;S;5;944.89;0;188.98;0;;BRAS_PF_PMC;ed. 1096;20;
BRASINDICE;1100;medicamento;0000084686;05;479-22502-FKTH;FRESENIUS KABI;FLUMAZENIL - GENERICO (Restrito Hosp.);0,1 mg/ml sol. inj. cx. 5 amps. vd. trans. x 5 ml (hosp);FLUMAZENIL;7899498609030;1004102250012;90517989;509521080036006;S;S;5;944.88;0;188.98;0;;BRAS_PF_PMC;ed. 1096;20;
BRASINDICE;1100;medicamento;0000087064;05;001-22502-CEPE;UNIAO QUIMICA;FLUMAZENIL - GENERICO (Restrito Hosp.);0,1 mg/ml sol. inj. 5 amps.;FLUMAZENIL;7896006237174;1049713260015;90208650;533021701154110;S;S;5;944.89;0;188.98;0;;BRAS_PF_PMC;ed. 1096;20;
BRASINDICE;1100;medicamento;0000091591;05;555-22502-FTBB;HIPOLABOR;FLUMAZENIL - GENERICO (Restrito Hosp.);0,1 mg/ml sol. inj. cx. 50 amps. vd. trans. x 5 ml;FLUMAZENIL;7898470686939;1134301960034;90590775;511624080050706;S;S;50;9449.12;0;188.98;0;;BRAS_PF_PMC;ed. 1092;20;
BRASINDICE;1100;medicamento;0000062527;05;348-09901-EFSJ;CRISTALIA;FLUMAZIL (Restrito Hosp.);0,1 mg/ml 10 amps. 5 ml;FLUMAZENIL;7896676427950;1029802870035;90302265;506714120054503;N;S;10;2806.92;0;280.69;0;;BRAS_PF_PMC;ed. 1094;20;
BRASINDICE;1100;medicamento;0000000983;05;048-01170-ABPG;ACHE;FLUNARIN;Cx. 60 caps.;DICLORIDRATO DE FLUNARIZINA;7896658005473;1057303090028;90004221;500508102113411;N;N;60;26.83;36.98;0.45;0.62;;BRAS_PF_PMC;ed. 1092;20;
BRASINDICE;1100;medicamento;0000071784;05;100-23813-EURC;GEOLAB;FLUOC. ACET. + SULF. POLIM. B + SULF. NEOM. + CLOR. LIDOCAINA - GENERICO;Sol. otol. 0,250 mg. + 10.000 UI + 3,50 mg. + 20 mg. fr. 10 ml;"FLUOCINOLONA ACETONIDA;CLORIDRATO DE LIDOCAINA;SULFATO DE NEOMICINA;SULFATO DE POLIMIXINA B";7899095234833;1542301640044;90079620;510415002175114;S;N;1;11.19;15.42;11.19;15.42;;BRAS_PF_PMC;ed. 1094;20;
BRASINDICE;1094;medicamento;0000027450;05;445-16287-ACWW;ALLERGAN;FLUORESCEINA;Fr. 3 ml.;;7897316801796;0010014780028;;CORRELATO;N;;1;16.4;0;16.4;0;;BRAS_PF_PMC;ed. 1092;20;
BRASINDICE;1094;medicamento;0000082470;05;718-16287-AEIW;OPHTHALMOS;FLUORESCEINA;1% fr. 5 ml;;7898154460268;0010014780028;;;N;;1;37.59;0;37.59;0;;BRAS_PF_PMC;ed. 1074;20;
BRASINDICE;1100;medicamento;0000043164;05;748-10952-DDCS;ACCORD;FLUORURACILA - GENERICO (Restrito Hosp.) (CONVENIO 162/94);50 mg/ml sol. inj. FA vd. inc. x 5 ml;FLUORURACILA;7898902274529;1553700210014;90002326;538001901159119;S;S;1;3.65;0;3.65;0;;BRAS_PF_PMC;ed. 1092;20;
BRASINDICE;1100;medicamento;0000043165;05;748-10952-DDCT;ACCORD;FLUORURACILA - GENERICO (Restrito Hosp.) (CONVENIO 162/94);50 mg/ml sol. inj. FA vd. inc. x 10 ml;FLUORURACILA;7898902274536;1553700210022;90002300;538001902155117;S;S;1;7.29;0;7.29;0;;BRAS_PF_PMC;ed. 1092;20;
BRASINDICE;1100;medicamento;0000043166;05;748-10952-DDCU;ACCORD;FLUORURACILA - GENERICO (Restrito Hosp.) (CONVENIO 162/94);50 mg/ml sol. inj. FA vd. inc. x 20 ml;FLUORURACILA;7898902274543;1553700210030;90002318;538001903151115;S;S;1;14.71;0;14.71;0;;BRAS_PF_PMC;ed. 1092;20;
BRASINDICE;1100;medicamento;0000041979;05;348-19282-DDEP;CRISTALIA;FLUOXETIN (Restrito Hosp.);20 mg. 50 bl. x 10 caps.;CLORIDRATO DE FLUOXETINA;7896676411812;1029801970036;90220765;506719701113411;N;S;500;2239.42;0;4.48;0;;BRAS_PF_PMC;ed. 1094;20;
BRASINDICE;1100;medicamento;0000078079;05;517-24978-ACQZ;PRATI DONADUZZI;FLUOXETINA - GENERICO;20 mg. 30 cprs.;CLORIDRATO DE FLUOXETINA;7899547526301;1256802830051;90440951;528519120161807;S;N;30;26;35.84;0.87;1.19;;BRAS_PF_PMC;ed. 1098;20;
BRASINDICE;1100;medicamento;0000089525;05;517-24978-FQPB;PRATI DONADUZZI;FLUOXETINA - GENERICO;20 mg 60 cprs.;CLORIDRATO DE FLUOXETINA;7899547533729;1256802830221;90467663;528520050173007;S;N;60;62.76;86.51;1.05;1.44;;BRAS_PF_PMC;ed. 1098;20;
BRASINDICE;1100;medicamento;0000089579;05;517-27535-FQQG;PRATI DONADUZZI;FLUOXETINA - GENERICO (Restrito Hosp.);20 mg ct. bl. al. plas. pvc trans. x 300 cprs. rev.;CLORIDRATO DE FLUOXETINA;7899547526318;1256802830068;90440960;528519120161907;S;S;300;480.92;0;1.6;0;;BRAS_PF_PMC;ed. 1098;20;
BRASINDICE;1100;medicamento;0000043040;05;072-19495-DENL;EUROFARMA;FLUSAN (Restrito Hosp.) (CONVENIO 162/94);50 mg/ml sol. inj. 50 FA 10 ml;FLUORURACILA;7891317470302;1004310410043;90424999;508029701152419;N;S;50;924.49;0;18.49;0;;BRAS_PF_PMC;ed. 1094;20;
BRASINDICE;1100;medicamento;0000043041;05;072-19495-DENK;EUROFARMA;FLUSAN (Restrito Hosp.) (CONVENIO 162/94);50 mg/ml sol. inj. 20 FA 20 ml;FLUORURACILA;7891317470326;1004310410061;90068688;508029702159417;N;S;20;739.59;0;36.98;0;;BRAS_PF_PMC;ed. 1094;20;
BRASINDICE;1100;medicamento;0000058376;05;427-26005-DZYJ;BLAU FARM.;FLUTAMIDA - GENERICO;250 mg. ct. bl. al. plas. trans. x 20 cprs.;FLUTAMIDA;7896014668519;1163701280018;90300009;504414100051406;S;N;20;152.43;210.11;7.62;10.51;;BRAS_PF_PMC;ed. 1097;20;
BRASINDICE;1100;medicamento;0000077203;05;348-24859-FBBJ;CRISTALIA;FLUTINOL;1 mg/ml. sus. oft. ct. fr. got. plas. trans. x 5 ml.;ACETATO DE FLUORMETOLONA;7896676432916;1029804830022;90433084;506719050078317;N;N;1;33.61;45.09;33.61;45.09;;BRAS_PF_PMC;ed. 1094;20;
BRASINDICE;1100;medicamento;0000003060;05;562-04379-AYQA;GLAXOSMITHKLINE;FLUTIVATE;Cr. bisn. 15 g.;PROPIONATO DE FLUTICASONA;7896269900945;1010702460034;90088921;510603301168313;N;N;1;47.48;65.45;47.48;65.45;;BRAS_PF_PMC;ed. 1095;20;
BRASINDICE;1100;medicamento;0000080956;05;562-04379-ANAC;GLAXOSMITHKLINE;FLUTIVATE;Cr. bisn. 30 g;PROPIONATO DE FLUTICASONA;7896015530327;1010702460055;90488253;510620090055707;N;N;1;94.94;130.86;94.94;130.86;;BRAS_PF_PMC;ed. 1095;20;
BRASINDICE;1100;medicamento;0000075917;05;846-24643-EZFQ;COSMED;FLUVIRAL DIA;800 mg. + 20 mg. bl. al. plas. trans. x 10 cprs. amarelo + 10 cprs. branco;"PARACETAMOL;CLORIDRATO DE FENILEFRINA";7896094918610;1781708640059;90430433;540919040038204;N;N;10;25.23;33.85;2.52;3.38;;BRAS_PF_PMC;ed. 1066;20;
BRASINDICE;1100;medicamento;0000075918;05;846-24643-EZFR;COSMED;FLUVIRAL DIA;800 mg. + 20 mg. bl. al. plas. trans. x 100 cprs. amarelo + 100 cprs. branco;"PARACETAMOL;CLORIDRATO DE FENILEFRINA";7896094915527;1781708640024;90440935;540919120040607;N;N;100;165.81;222.43;1.66;2.22;;BRAS_PF_PMC;ed. 1066;20;
BRASINDICE;1100;medicamento;0000075919;05;846-24644-EZFS;COSMED;FLUVIRAL NOITE;400 mg. + 20 mg. cprs. amarelo / 400 mg. + 4 mg. cprs. laranja bl. al. plas. trans. x 10 + 10;"PARACETAMOL;MALEATO DE CARBINOXAMINA;CLORIDRATO DE FENILEFRINA";7896094916845;1781708550033;90417119;540918060035904;N;N;10;25.86;34.69;2.59;3.47;;BRAS_PF_PMC;ed. 1066;20;
BRASINDICE;1100;medicamento;0000075920;05;846-24644-EZFT;COSMED;FLUVIRAL NOITE;400 mg. + 20 mg. cprs. amarelo / 400 mg. + 4 mg. cprs. laranja bl. al. plas. trans. x 50 + 50;"PARACETAMOL;MALEATO DE CARBINOXAMINA;CLORIDRATO DE FENILEFRINA";7896094916876;1781708550068;90417127;540918060036004;N;N;50;185.11;248.32;3.7;4.97;;BRAS_PF_PMC;ed. 1066;20;
BRASINDICE;1100;medicamento;0000080322;05;438-20051-DJQE;BIOLAB SANUS;FLUX SR;1,5 mg. 2 bl. x 15 cprs. rev.;INDAPAMIDA;7896112402435;1097402880038;90473370;504120060068707;N;N;30;28.81;39.71;0.96;1.32;;BRAS_PF_PMC;ed. 1091;20;
BRASINDICE;1100;medicamento;0000091705;05;438-20051-FTDZ;BIOLAB SANUS;FLUX SR;1,5 mg cx. 90 cprs. rev.;INDAPAMIDA;7896112403050;1097401870081;90299850;504123050084503;N;N;90;84.41;116.35;0.94;1.29;;BRAS_PF_PMC;ed. 1091;20;
BRASINDICE;1100;medicamento;0000065213;05;917-03726-ELFO;SUPERA RX;FLUXENE;10 mg. bl. 14 caps.;CLORIDRATO DE FLUOXETINA;7891317489557;1004305170056;90452038;508020020127807;N;N;14;20.08;27.68;1.43;1.98;;BRAS_PF_PMC;ed. 1094;20;
BRASINDICE;1100;medicamento;0000065214;05;917-03726-ELFP;SUPERA RX;FLUXENE;10 mg. bl. 28 caps.;CLORIDRATO DE FLUOXETINA;7891317489564;1004305170064;90068718;508007403116413;N;N;28;48;66.16;1.71;2.36;;BRAS_PF_PMC;ed. 1094;20;
BRASINDICE;1100;medicamento;0000065215;05;917-03726-BTJV;SUPERA RX;FLUXENE;20 mg. bl. 14 caps.;CLORIDRATO DE FLUOXETINA;7891317489588;1004305170021;90068726;508007401113417;N;N;14;45.92;63.3;3.28;4.52;;BRAS_PF_PMC;ed. 1094;20;
BRASINDICE;1100;medicamento;0000065216;05;917-03726-CEAR;SUPERA RX;FLUXENE;20 mg. bl. 28 caps.;CLORIDRATO DE FLUOXETINA;7891317489533;1004305170031;90068734;508007402111418;N;N;28;91.75;126.47;3.28;4.52;;BRAS_PF_PMC;ed. 1094;20;
BRASINDICE;1100;medicamento;0000065217;05;917-03726-ELFQ;SUPERA RX;FLUXENE;20 mg. bl. 60 caps.;CLORIDRATO DE FLUOXETINA;7891317103033;1004305170153;90250974;508013050097203;N;N;60;125.49;172.97;2.09;2.88;;BRAS_PF_PMC;ed. 1094;20;
BRASINDICE;1100;medicamento;0000060078;05;1048-22137-DCOZ;SANOFI MEDLEY;FLUXOCOR;20 mg. bl. al/al x 30 cprs. rev.;OLMESARTANA MEDOXOMILA;7896422500852;1832602230025;90366875;525014110107504;N;N;30;41.25;56.86;1.38;1.9;;BRAS_PF_PMC;ed. 1099;20;
BRASINDICE;1100;medicamento;0000060079;05;1048-22137-DVFR;SANOFI MEDLEY;FLUXOCOR;40 mg. bl. al/al x 30 cprs. rev.;OLMESARTANA MEDOXOMILA;7896422500883;1832602230051;90366905;525014110107804;N;N;30;43.33;59.73;1.44;1.99;;BRAS_PF_PMC;ed. 1099;20;
BRASINDICE;1100;medicamento;0000011811;05;473-11207-BLXO;NEO QUIMICA;FLUXON;25 mg cx. 3 bl. x 10 cprs.;CINARIZINA;7896714203515;1558401870013;90301048;504614120027317;N;N;30;10.37;14.29;0.35;0.48;;BRAS_PF_PMC;ed. 1091;20;
BRASINDICE;1100;medicamento;0000011812;05;473-11207-BLXP;NEO QUIMICA;FLUXON;75 mg cx. 3 bl. x 10 cprs.;CINARIZINA;7896714203492;1558401870021;90301056;504614120027417;N;N;30;15.53;21.41;0.52;0.71;;BRAS_PF_PMC;ed. 1091;20;
BRASINDICE;1100;medicamento;0000036457;05;373-17997-CXJK;DIFFUCAP - CHEMOBRAS;FLUXTAR SR;3 mg. 30 caps.;BROMAZEPAM;7898096577673;1043000400024;90050401;507301802113412;N;N;30;35.59;49.2;1.19;1.64;;BRAS_PF_PMC;ed. 1071;20;
BRASINDICE;1100;medicamento;0000036459;05;373-17997-CXJL;DIFFUCAP - CHEMOBRAS;FLUXTAR SR;6 mg. 30 caps.;BROMAZEPAM;7898096577697;1043000400040;90050428;507301804116419;N;N;30;48.52;67.08;1.62;2.24;;BRAS_PF_PMC;ed. 1071;20;
BRASINDICE;1094;medicamento;0000084750;05;438-26417-FKVM;BIOLAB SANUS;FLY;250 mg. x 20 caps.;;7896112405801;;;;N;;20;42.61;0;2.13;0;;BRAS_PF_PMC;ed. 1091;20;
BRASINDICE;1094;medicamento;0000084751;05;438-26417-FKVN;BIOLAB SANUS;FLY;250 mg. x 10 caps.;;7896112403005;;;;N;;10;26.5;0;2.65;0;;BRAS_PF_PMC;ed. 1091;20;
BRASINDICE;1094;medicamento;0000091678;05;438-27971-FTDC;BIOLAB SANUS;FLY GOTAS;Gotas 150 mg x 15 ml;;7896112409625;;;;N;;1;35.81;0;35.81;0;;BRAS_PF_PMC;ed. 1091;20;
BRASINDICE;1100;medicamento;0000092582;05;676-28222-FUHY;CIFARMA;FLYARE;7 mg/ml xpe. ct. fr. vd. amb. x 100 ml + cop.;HEDERA HELIX (HERA);7898495605120;1156001770011;90472489;506320050033507;N;N;1;43.96;58.97;43.96;58.97;;BRAS_PF_PMC;ed. 1097;20;
BRASINDICE;1100;medicamento;0000092534;05;828-28209-FUGE;DR. REDDY S;FLYKATO (CONVENIO 132/21);25 mg ct. bl. al. al. x 56 caps. mole;MIDOSTAURINA;8901148268845;1514300870016;90594665;507524100024204;N;N;56;49643.41;66594.86;886.49;1189.19;;BRAS_PF_PMC;ed. 1090;20;
BRASINDICE;1100;medicamento;0000092535;05;828-28209-FUGD;DR. REDDY S;FLYKATO (CONVENIO 132/21);25 mg ct. bl. al. al. x 112 caps. mole;MIDOSTAURINA;8901148268098;1514300870024;90594673;507524100024304;N;N;112;99286.8;133189.71;886.49;1189.19;;BRAS_PF_PMC;ed. 1090;20;
BRASINDICE;1094;medicamento;0000070121;05;969-23483-AMZE;ARESE;FOLACIN;Gts. 30 ml;;7899824401017;;;;N;;1;60.41;0;60.41;0;;BRAS_PF_PMC;ed. 1090;20;
BRASINDICE;1100;medicamento;0000063829;05;969-04453-ANRC;ARESE;FOLACIN;5 mg. cx. 30 cprs. rev.;ÁCIDO FÓLICO;7899824400560;1581900070025;90392701;560817080000718;N;N;30;29.02;38.93;0.97;1.3;;BRAS_PF_PMC;ed. 1093;20;
BRASINDICE;1100;medicamento;0000094516;05;500-28695-FWVD;SIGMA PHARMA;FOLAVIVE;15 mg 3 bl. x 10 cprs. rev.;LEVOMEFOLATO DE CÁLCIO;7896004795485;1023514530019;90623665;541826010214007;N;N;30;118.58;159.07;3.95;5.3;;BRAS_PF_PMC;ed. 1099;20;
BRASINDICE;1100;medicamento;0000094517;05;500-28695-FWVE;SIGMA PHARMA;FOLAVIVE;15 mg 6 bl. x 10 cprs. rev.;LEVOMEFOLATO DE CÁLCIO;7896004795492;1023514530027;90623673;541826010213907;N;N;60;213.45;286.34;3.56;4.77;;BRAS_PF_PMC;ed. 1099;20;
BRASINDICE;1100;medicamento;0000095779;05;062-28695-FXZH;EMS;FOLAVIVE;15 mg bl. x 10 cprs. rev.;;7896004795478;;90632443;;;;10;39.53;53.03;3.95;5.3;;BRAS_PF_PMC;ed. 1098;20;
BRASINDICE;1094;medicamento;0000092872;05;001-28405-EVCX;UNIAO QUIMICA;FOLDAN (NOTIF.SIMPLIF.);50 mg/g pom. derm. ct. bisn. al. x 45 g;;7896006298625;;;;N;;1;35.41;0;35.41;0;;BRAS_PF_PMC;ed. 1091;20;
BRASINDICE;1094;medicamento;0000056763;05;020-20322-DRLK;DOVALLE;FOLIANE;Strip 30 cprs. rev.;;7896360002753;;;;N;;30;55.27;0;1.84;0;;BRAS_PF_PMC;ed. 1068;20;
BRASINDICE;1094;medicamento;0000085722;05;020-26558-FLYI;DOVALLE;FOLIANE MYO;Cx. 30 saches de 4 g;;7896360002883;;;;N;;30;138.64;0;4.62;0;;BRAS_PF_PMC;ed. 1090;20;
BRASINDICE;1094;medicamento;0000082717;05;048-26011-FIJP;ACHE;FOLICE;393,25 mcg + 7 mg. bl. x 30 cprs.;;7896658036637;;;;N;;30;43.57;0;1.45;0;;BRAS_PF_PMC;ed. 1091;20;
BRASINDICE;1094;medicamento;0000086224;05;1006-17869-FMNS;EXELTIS;FOLIFEME;Frasco 60 caps.;;7908134200606;;;;N;;60;169.05;0;2.82;0;;BRAS_PF_PMC;ed. 1066;20;
BRASINDICE;1094;medicamento;0000063830;05;969-24112-AKEZ;ARESE;FOLIFER;Cx. 30 cprs. rev.;;7899824400737;1581900090158;90423259;560818020003008;N;;30;72.4;0;2.41;0;;BRAS_PF_PMC;ed. 1090;20;
BRASINDICE;1094;medicamento;0000073775;05;969-24112-EWQS;ARESE;FOLIFER;Susp. oral gts. 30 ml;;7899824400775;;;;N;;1;55.65;0;55.65;0;;BRAS_PF_PMC;ed. 1090;20;
BRASINDICE;1100;medicamento;0000043337;05;062-19530-BGUI;EMS;FOLIFOLIN;5 mg. 2 bl. x 15 cprs.;ÁCIDO FÓLICO;7896004726700;1023503720059;90056540;507736701116414;N;N;30;14.7;19.72;0.49;0.66;;BRAS_PF_PMC;ed. 1079;20;
BRASINDICE;1100;medicamento;0000070661;05;555-23611-ETGA;HIPOLABOR;FOLINAC (Restrito Hosp.) (CONVENIO 132/21);15 mg. cx. bl. al. plas. pvc trans. x 500 cprs. (hosp.);FOLINATO DE CÁLCIO;7898470681323;1134300720031;90097181;511600204119411;N;S;500;1664.71;0;3.33;0;;BRAS_PF_PMC;ed. 1092;20;
BRASINDICE;1100;medicamento;0000042497;05;072-26909-DDVB;EUROFARMA;FOLINATO DE CALCIO - GENERICO (Restrito Hosp.) (CONVENIO 132/21);10 mg/ml sol. inj. IV/IM 10 FA vd. inc. x 30 ml;FOLINATO DE CÁLCIO;7891317466206;1004310310091;90068742;508016103154114;S;S;10;3470.18;0;347.02;0;;BRAS_PF_PMC;ed. 1094;20;
BRASINDICE;1100;medicamento;0000087814;05;072-26909-FODP;EUROFARMA;FOLINATO DE CALCIO - GENERICO (Restrito Hosp.) (CONVENIO 132/21);10 mg/ml sol. inj. IV/IM ct. 50 FA vd. inc. x 5 ml;FOLINATO DE CÁLCIO;7891317022884;1004310310030;90542576;508022080166806;S;S;50;1879.67;0;37.59;0;;BRAS_PF_PMC;ed. 1094;20;
BRASINDICE;1100;medicamento;0000074599;05;100-24287-BSPO;GEOLAB;FOLONIN;5 mg. cx. 20 cprs. rev.;ÁCIDO FÓLICO;7899095202962;1542301420011;90079680;510412902116411;N;N;20;10.2;13.68;0.51;0.68;;BRAS_PF_PMC;ed. 1094;20;
BRASINDICE;1100;medicamento;0000093739;05;828-28522-FVZC;DR. REDDY S;FONDIZA (CONVENIO 132/21) (Restrito Hosp.);150 mg po liof. sol. inj. IV ct. FA vd. trans. x 5 ml;;8901148249622;1514300470018;90535677;507522050018503;N;S;1;234.6;0;234.6;0;;BRAS_PF_PMC;ed. 1076;20;
BRASINDICE;1100;medicamento;0000093740;05;828-28522-FVZD;DR. REDDY S;FONDIZA (CONVENIO 132/21) (Restrito Hosp.);150 mg po liof. sol. inj. IV ct. 10 FA vd. trans. x 5 ml;;8901148249639;1514300470026;90535685;507522050018603;N;S;10;2346.13;0;234.61;0;;BRAS_PF_PMC;ed. 1076;20;
BRASINDICE;1094;medicamento;0000071000;05;001-21043-ABYT;UNIAO QUIMICA;FONT D;Gts. fr. 10 ml;;7896006207726;;;;N;;1;38.82;0;38.82;0;;BRAS_PF_PMC;ed. 1091;20;
BRASINDICE;1094;medicamento;0000071001;05;001-21043-AAOG;UNIAO QUIMICA;FONT D;Gts. fr. 20 ml;;7896006207733;;;;N;;1;67.89;0;67.89;0;;BRAS_PF_PMC;ed. 1091;20;
BRASINDICE;1094;medicamento;0000086257;05;001-21043-EGOO;UNIAO QUIMICA;FONT D;2.000 UI x 30 cprs.;;7896006202035;ISENTO;;ALIMENTO;N;;30;31.99;0;1.07;0;;BRAS_PF_PMC;ed. 1091;20;
BRASINDICE;1100;medicamento;0000087065;05;001-25526-FNFQ;UNIAO QUIMICA;FONT D;50.000 UI ct. bl. al. plas. pvc trans. x 8 cprs. rev.;COLECALCIFEROL;7896006219255;1049714810094;90535030;533022050078703;N;N;8;90.25;121.07;11.28;15.13;;BRAS_PF_PMC;ed. 1096;20;
BRASINDICE;1100;medicamento;0000092302;05;001-25526-FTYS;UNIAO QUIMICA;FONT D;10.000 UI ct. bl. al. plas. pvc trans. x 4 cprs. rev.;COLECALCIFEROL;7896006219088;1049714810019;90535049;533022050078803;N;N;4;25.92;34.77;6.48;8.69;;BRAS_PF_PMC;ed. 1096;20;
BRASINDICE;1100;medicamento;0000092303;05;001-25526-FTYT;UNIAO QUIMICA;FONT D;10.000 UI ct. bl. al. plas. pvc trans. x 8 cprs. rev.;COLECALCIFEROL;7896006219132;1049714810027;90535014;533022050078503;N;N;8;31.13;41.76;3.89;5.22;;BRAS_PF_PMC;ed. 1091;20;
BRASINDICE;1100;medicamento;0000092304;05;001-25526-FTYU;UNIAO QUIMICA;FONT D;5.000 UI ct. bl. al. plas.pvc trans. x 30 cprs. rev.;COLECALCIFEROL;7896006201281;1049714810175;90544080;533022100082803;N;N;30;64.8;86.93;2.16;2.9;;BRAS_PF_PMC;ed. 1096;20;
BRASINDICE;1100;medicamento;0000092305;05;001-25526-FTYV;UNIAO QUIMICA;FONT D;50.000 UI ct. bl. al. plas.pvc. trans. x 4 cprs. rev.;COLECALCIFEROL;7896006219248;1049714810078;90535022;533022050078603;N;N;4;53.35;71.57;13.34;17.89;;BRAS_PF_PMC;ed. 1081;20;
BRASINDICE;1100;medicamento;0000092306;05;001-25526-FTYW;UNIAO QUIMICA;FONT D;7.000 UI ct. bl. al. plas.PVC trans. x 12 cprs. rev.;COLECALCIFEROL;7896006201304;1049714810213;90544099;533022100082603;N;N;12;28.1;37.7;2.34;3.14;;BRAS_PF_PMC;ed. 1091;20;
BRASINDICE;1100;medicamento;0000092307;05;001-25526-FTYX;UNIAO QUIMICA;FONT D;7.000 UI ct. bl. al. plas.pvc trans. x 30  cprs. rev.;COLECALCIFEROL;7896006201298;1049714810221;90544102;533022100082703;N;N;30;71.83;96.36;2.39;3.21;;BRAS_PF_PMC;ed. 1091;20;
BRASINDICE;1100;medicamento;0000092720;05;1044-28261-FUMR;CAMBER;FOPITANT (Restrito Hosp.) (CONVENIO 132/21);150 mg po liof. sol. infus. IV ct. FA vd. trans.;FOSAPREPITANTO DIMEGLUMINA;7908101201247;1650700300015;90590783;569924070012104;N;S;1;283.94;0;283.94;0;;BRAS_PF_PMC;ed. 1099;20;
BRASINDICE;1100;medicamento;0000092721;05;1044-28261-FUMS;CAMBER;FOPITANT (Restrito Hosp.) (CONVENIO 132/21);150 mg po liof. sol. infus. IV ct. 10 FA vd trans.;FOSAPREPITANTO DIMEGLUMINA;7908101201254;1650700300023;90590791;569924070012204;N;S;10;2958.81;0;295.88;0;;BRAS_PF_PMC;ed. 1068;20;
BRASINDICE;1100;medicamento;0000089526;05;088-27525-FQPC;MANTECORP FARMASA;FOQ XR;54 mg ct. fr. plas. x 30 cprs. rev. lib. prol.;CLORIDRATO DE METILFENIDATO;7896094927810;1781709370039;90550021;540922100057904;N;N;30;237.37;318.42;7.91;10.61;;BRAS_PF_PMC;ed. 1091;20;
BRASINDICE;1100;medicamento;0000089527;05;088-27525-FQPD;MANTECORP FARMASA;FOQ XR;36 mg ct. fr. plas. x 30 cprs. rev. lib. prol.;CLORIDRATO DE METILFENIDATO;7896094927827;1781709370020;90550013;540922100057804;N;N;30;237.37;318.42;7.91;10.61;;BRAS_PF_PMC;ed. 1091;20;
BRASINDICE;1100;medicamento;0000089528;05;088-27525-FQPE;MANTECORP FARMASA;FOQ XR;18 mg ct. fr. plas. x 30 cprs. rev. lib. prol.;CLORIDRATO DE METILFENIDATO;7896094927834;1781709370012;90550005;540922100057704;N;N;30;172.8;231.81;5.76;7.73;;BRAS_PF_PMC;ed. 1091;20;
BRASINDICE;1100;medicamento;0000092308;05;001-28140-FTYY;UNIAO QUIMICA;FOR GAS (NOTIF.SIMPLIF.);75 mg/ml emulsao oral x 15 ml;;7896006220961;;;;N;;1;18.57;0;18.57;0;;BRAS_PF_PMC;ed. 1091;20;
BRASINDICE;1100;medicamento;0000090573;05;702-08229-FRUH;SANDOZ;FORASEQ;12 mcg po encap. p/inal. ct. bl. al./al. x 60 + 400 mcg po encap. p/inal. ct. bl. al. plas. x 60 + inalador;"FUMARATO DE FORMOTEROL DIIDRATADO;BUDESONIDA";7897595635129;1004706580077;90586042;511524050081917;N;N;1;125.57;173.09;125.57;173.09;;BRAS_PF_PMC;ed. 1096;20;
BRASINDICE;1100;medicamento;0000090574;05;702-08229-FRUH;SANDOZ;FORASEQ;12 mcg po encap. p/inal. ct. bl. al./al. x 60 + 400 mcg po encap. p/inal. ct. bl. al. plas. x 60 + inalador;"FUMARATO DE FORMOTEROL DIIDRATADO;BUDESONIDA";7897595635181;1004706580085;90586050;511524050082017;N;N;1;133.96;184.65;133.96;184.65;;BRAS_PF_PMC;ed. 1096;20;
BRASINDICE;1100;medicamento;0000090575;05;702-08229-FRUG;SANDOZ;FORASEQ;12 mcg po encap. p/inal. ct. bl. al./al. x 60 + 200 mcg po encap. p/inal. ct. bl. al. plas. x 60 + inalador;"FUMARATO DE FORMOTEROL DIIDRATADO;BUDESONIDA";7897595635150;1004706580042;90586034;511524050081817;N;N;1;133.96;184.65;133.96;184.65;;BRAS_PF_PMC;ed. 1096;20;
BRASINDICE;1100;medicamento;0000090576;05;702-08229-FRUF;SANDOZ;FORASEQ;12 mcg po encap. p/inal. ct. bl. al./al. x 60 + 200 mcg po encap. p/inal. ct. bl. al. plas. x 60;"FUMARATO DE FORMOTEROL DIIDRATADO;BUDESONIDA";7897595635228;1004706580034;90586026;511524050081717;N;N;1;125.57;173.09;125.57;173.09;;BRAS_PF_PMC;ed. 1096;20;
BRASINDICE;1100;medicamento;0000073166;05;912-19205-EVVA;MOMENTA;FORFIG;100 mg. ct. bl. al. plas. trans. x 30 cprs. rev.;SILYBUM MARIANUM (L.) GAERTN;7891317014858;1004313770040;90613074;508025090195007;N;N;30;86.36;115.85;2.88;3.86;;BRAS_PF_PMC;ed. 1094;20;
BRASINDICE;1100;medicamento;0000083822;05;912-19205-FJUQ;MOMENTA;FORFIG;300 mg ct. bl. al. plas. trans. x 30 caps. dura;SILYBUM MARIANUM (L.) GAERTN;7891317014902;1004313770156;90613112;508025090195407;N;N;30;153.73;206.22;5.12;6.87;;BRAS_PF_PMC;ed. 1091;20;
BRASINDICE;1100;medicamento;0000083823;05;912-19205-FJUR;MOMENTA;FORFIG;300 mg ct. bl. al. plas. trans. x 10 caps. dura;SILYBUM MARIANUM (L.) GAERTN;7891317014896;1004313770148;90613104;508025090195307;N;N;10;51.24;68.74;5.12;6.87;;BRAS_PF_PMC;ed. 1091;20;
BRASINDICE;1100;medicamento;0000087641;05;912-19205-EVVB;MOMENTA;FORFIG;200 mg. ct. bl. al. plas. trans. x 20 caps. dura;SILYBUM MARIANUM (L.) GAERTN;7891317023331;1004313770083;;508025090195107;N;N;20;116.55;156.35;5.83;7.82;;BRAS_PF_PMC;ed. 1091;20;
BRASINDICE;1100;medicamento;0000087642;05;912-19205-FNXH;MOMENTA;FORFIG;200 mg. ct. bl. al. plas. trans. x 60 caps. dura;SILYBUM MARIANUM (L.) GAERTN;7891317023348;1004313770105;;508025090195207;N;N;60;161.42;216.54;2.69;3.61;;BRAS_PF_PMC;ed. 1091;20;
BRASINDICE;1100;medicamento;0000056316;05;581-21653-FTOB;CAZI;FORGASTRY;Fr. c/ 240 ml;;7893736023107;;;;N;;1;31.93;42.83;31.93;42.83;;BRAS_PF_PMC;ed. 1097;20;
BRASINDICE;1100;medicamento;0000067994;05;072-23235-EPNX;EUROFARMA;FORITUS;500 mg. ct. bl. al. plas. inc. x 14 cprs. rev.;CLORIDRATO DE CIPROFLOXACINO;7891317191658;1004311930024;90360796;508016110113903;N;N;14;43.02;59.3;3.07;4.24;;BRAS_PF_PMC;ed. 1094;20;
BRASINDICE;1100;medicamento;0000067995;05;072-23235-EPNY;EUROFARMA;FORITUS;500 mg. ct. bl. al. plas. inc. x 6 cprs. rev.;CLORIDRATO DE CIPROFLOXACINO;7891317193171;1004311930016;90360770;508016110114003;N;N;6;18.42;25.39;3.07;4.23;;BRAS_PF_PMC;ed. 1094;20;
BRASINDICE;1100;medicamento;0000077048;05;438-24834-AASE;BIOLAB SANUS;FORLUT;25 mg. cx. 30 cprs.;LAMOTRIGINA;7896112401421;1097402710019;90424379;504119040066704;N;N;30;34.22;47.16;1.14;1.57;;BRAS_PF_PMC;ed. 1091;20;
BRASINDICE;1100;medicamento;0000077049;05;438-24834-ALUU;BIOLAB SANUS;FORLUT;50 mg. cx. 30 cprs.;LAMOTRIGINA;7896112401438;1097402710027;90424387;504119040066804;N;N;30;46.02;63.43;1.53;2.11;;BRAS_PF_PMC;ed. 1091;20;
BRASINDICE;1100;medicamento;0000077051;05;438-24834-AGNP;BIOLAB SANUS;FORLUT;100 mg. cx. 30 cprs.;LAMOTRIGINA;7896112401445;1097402710035;90424395;504119040066904;N;N;30;73.33;101.07;2.44;3.37;;BRAS_PF_PMC;ed. 1091;20;
BRASINDICE;1100;medicamento;0000077384;05;048-11881-FBKK;ACHE;FORMOCAPS;12 mcg fr. x 30 caps. inal. + inal.;FUMARATO DE FORMOTEROL;7896181907282;1057305550021;90497350;552920110134417;N;N;1;63.4;87.39;63.4;87.39;;BRAS_PF_PMC;ed. 1091;20;
BRASINDICE;1100;medicamento;0000077385;05;048-11881-FBKL;ACHE;FORMOCAPS;12 mcg fr. x 30 caps. inal. refil;FUMARATO DE FORMOTEROL;7896181907558;1057305550011;90497341;552920110134317;N;N;1;51.65;71.19;51.65;71.19;;BRAS_PF_PMC;ed. 1092;20;
BRASINDICE;1100;medicamento;0000091550;05;048-11881-FSZU;ACHE;FORMOCAPS;12 mcg fr. x 15 + inal. caps.;FUMARATO DE FORMOTEROL;7896181917779;1057305550062;90593952;552924100167313;N;N;15;28.05;38.66;1.87;2.58;;BRAS_PF_PMC;ed. 1091;20;
BRASINDICE;1100;medicamento;0000081962;05;790-17670-FHLW;MULTILAB;FORMYN;850 mg. 3 bt. x 10 cprs. rev.;CLORIDRATO DE METFORMINA;7896004777580;1181902060013;90495101;525921010059207;N;N;30;26.04;35.89;0.87;1.2;;BRAS_PF_PMC;ed. 1092;20;
BRASINDICE;1100;medicamento;0000052116;05;110-21025-DRPP;ELI LILLY;FORTEO COLTER PEN;Caneta inj. desc. c/cartucho de 2,4 ml;TERIPARATIDA;7896382706769;1126000790023;90269004;507612110017403;N;N;1;3670.48;5059.37;3670.48;5059.37;;BRAS_PF_PMC;ed. 1096;20;
BRASINDICE;1094;medicamento;0000082650;05;072-25988-FIHK;EUROFARMA;FORTICE;Ct. bl. al. x 30 cprs.;;7891317007560;;;;N;;30;160.04;0;5.33;0;;BRAS_PF_PMC;ed. 1091;20;
BRASINDICE;1094;medicamento;0000090309;05;072-27687-FIHF;EUROFARMA;FORTICE + CURCUMA;Ct. bl. al. al. x 30 cprs.;;7891317032494;;;;N;;30;242.33;0;8.08;0;;BRAS_PF_PMC;ed. 1091;20;
BRASINDICE;1100;medicamento;0000072701;05;442-21635-DWNX;ASTRAZENECA;FORXIGA;5 mg. cx. c/30;DAPAGLIFLOZINA;5000456028578;1161802590040;90373049;502317100031917;N;N;30;86.67;119.47;2.89;3.98;;BRAS_PF_PMC;ed. 1092;20;
BRASINDICE;1100;medicamento;0000072702;05;442-21635-DWOA;ASTRAZENECA;FORXIGA;10 mg. cx. c/30;DAPAGLIFLOZINA;5000456028561;1161802590067;90373065;502317100032117;N;N;30;173.35;238.94;5.78;7.96;;BRAS_PF_PMC;ed. 1092;20;
BRASINDICE;1100;medicamento;0000080591;05;442-21635-FFSG;ASTRAZENECA;FORXIGA;10 mg. 14 cprs. rev.;DAPAGLIFLOZINA;5000456028554;1161802590059;90373057;502317100032017;N;N;14;80.86;111.46;5.78;7.96;;BRAS_PF_PMC;ed. 1092;20;
BRASINDICE;1094;medicamento;0000084852;05;1067-26437-FKYU;INZYME BIONUTRITION;FORZA NUTRICCI;100 saches;;0070341464427;;;;N;;100;1710.8;0;17.11;0;;BRAS_PF_PMC;ed. 1066;20;
BRASINDICE;1094;medicamento;0000092129;05;1067-26437-DVYQ;INZYME BIONUTRITION;FORZA NUTRICCI;30 saches;;0070341464328;;;;N;;30;478;0;15.93;0;;BRAS_PF_PMC;ed. 1066;20;
BRASINDICE;1100;medicamento;0000083971;05;095-14400-EYBU;ORGANON;FOSAMAX D;70 mg. + 5.600 UI bl. al./al. x 4 cprs.;"ALENDRONATO DE SÓDIO;COLECALCIFEROL";7897337709033;1002901800025;90162609;525503502119315;N;N;4;155.72;214.64;38.93;53.66;;BRAS_PF_PMC;ed. 1095;20;
BRASINDICE;1100;medicamento;0000080748;05;828-27000-FFXA;DR. REDDY S;FOSAPREPITANTO DIMEGLUMINA - GENERICO (Restrito Hosp.) (CONVENIO 132/21);150 mg. po liof. sol. inj. IV ct FA vd. trans. x 5 ml.;FOSAPREPITANTO DIMEGLUMINA;8901148242050;1514300420010;90471270;507520060013107;S;S;1;237.25;0;237.25;0;;BRAS_PF_PMC;ed. 1090;20;
BRASINDICE;1100;medicamento;0000081749;05;748-27000-FHFL;ACCORD;FOSAPREPITANTO DIMEGLUMINA - GENERICO (Restrito Hosp.) (CONVENIO 132/21);150 mg po liof. sol. inj. IV ct. FA vd .trans.;FOSAPREPITANTO DIMEGLUMINA;7898565582306;1553700780015;90483430;538020070030307;S;S;1;240.17;0;240.17;0;;BRAS_PF_PMC;ed. 1092;20;
BRASINDICE;1100;medicamento;0000092722;05;1044-27000-FUMR;CAMBER;FOSAPREPITANTO DIMEGLUMINA - GENERICO (Restrito Hosp.) (CONVENIO 132/21);150 mg po liof. sol. infus. IV ct. FA vd. trans.;FOSAPREPITANTO DIMEGLUMINA;7908101201407;1650700340017;90598822;569924120013206;S;S;1;234.6;0;234.6;0;;BRAS_PF_PMC;ed. 1068;20;
BRASINDICE;1100;medicamento;0000092723;05;1044-27000-FNWM;CAMBER;FOSAPREPITANTO DIMEGLUMINA - GENERICO (Restrito Hosp.) (CONVENIO 132/21);150 mg po liof. sol. infus. IV ct. 10 FA vd. trans.;FOSAPREPITANTO DIMEGLUMINA;7908101201414;1650700340025;90598830;569924120013306;S;S;10;2422.22;0;242.22;0;;BRAS_PF_PMC;ed. 1068;20;
BRASINDICE;1100;medicamento;0000070662;05;555-18386-ETGB;HIPOLABOR;FOSFATO DE CLINDAMICINA - GENERICO (Restrito Hosp.);150 mg/ml sol. inj. cx. 100 amps. vd. trans. x 4 ml (hosp.);FOSFATO DE CLINDAMICINA;7898123905028;1134301030045;90097220;511607401157117;S;S;100;1926.87;0;19.27;0;;BRAS_PF_PMC;ed. 1092;20;
BRASINDICE;1100;medicamento;0000085465;05;001-18386-BUNK;UNIAO QUIMICA;FOSFATO DE CLINDAMICINA - GENERICO (Restrito Hosp.);600 mg. sol. inj. cx. 50 amps. x 4 ml;FOSFATO DE CLINDAMICINA;7896006236559;1049702840041;90208773;533018502154110;S;S;50;1205.67;0;24.11;0;;BRAS_PF_PMC;ed. 1096;20;
BRASINDICE;1100;medicamento;0000090857;05;583-27800-FSCX;NOVA QUIMICA;FOSFATO DE CODEINA (A2) - GENERICO;30 mg. 2 bl x 15 cprs.;FOSFATO DE CODEÍNA HEMI-HIDRATADO;7896472521715;1181904850021;90590813;607024080111306;S;N;30;32.49;44.78;1.08;1.49;;BRAS_PF_PMC;ed. 1092;20;
BRASINDICE;1100;medicamento;0000094315;05;332-28627-FWQG;BIOCHIMICO;FOSFATO DE CODEINA - GENERICO;30 mg ct. bl. al. plas. PVC/PVDC trans. x 30 cprs.;FOSFATO DE CODEÍNA HEMI-HIDRATADO;7897406121407;1006302970023;90620240;513425110038206;S;N;30;33.94;46.78;1.13;1.56;;BRAS_PF_PMC;ed. 1092;20;
BRASINDICE;1100;medicamento;0000081992;05;1023-25753-FHNB;NATCOFARMA;FOSFATO DE OSELTAMIVIR - GENERICO;30 mg ct. bl. al. plas. PVC/PCTFE trans. x 10 caps. dura;FOSFATO DE OSELTAMIVIR;7898565164519;1826100060013;90483499;573020080002507;S;N;10;73.88;101.84;7.39;10.18;;BRAS_PF_PMC;ed. 1094;20;
BRASINDICE;1100;medicamento;0000082002;05;1023-25753-FHMZ;NATCOFARMA;FOSFATO DE OSELTAMIVIR - GENERICO;45 mg ct. bl. al. plas. PVC/PCTFE trans. x 10 caps. dura;FOSFATO DE OSELTAMIVIR;7898565164526;1826100060031;90483510;573020080002707;S;N;10;110.83;152.77;11.08;15.28;;BRAS_PF_PMC;ed. 1094;20;
BRASINDICE;1100;medicamento;0000082004;05;1023-25753-FHMX;NATCOFARMA;FOSFATO DE OSELTAMIVIR - GENERICO;75 mg ct. bl. al. plas. PVC/PCTFE trans. x 10 caps. dura;FOSFATO DE OSELTAMIVIR;7898565164533;1826100060056;90483537;573020080002907;S;N;10;184.73;254.63;18.47;25.46;;BRAS_PF_PMC;ed. 1094;20;
BRASINDICE;1100;medicamento;0000074861;05;853-22283-EXXT;VASCONCELOS IND. FARM.;FOSFATO DE POTASSIO (Restrito Hosp.);2 meq/ml. sol. inj. IV cx. 50 amps. vd. inc. x 10 ml.;"FOSFATO DE POTÁSSIO DIBÁSICO;FOSFATO DE POTÁSSIO MONOBÁSICO";7898920500235;1640000030018;90521935;540600301150413;N;S;50;209.01;0;4.18;0;;BRAS_PF_PMC;ed. 1081;20;
BRASINDICE;1100;medicamento;0000079598;05;001-25233-FEJY;UNIAO QUIMICA;FOSFATO DE PREDNISOLONA - GENERICO;3 mg/ml x 60 ml + ser. dos.;FOSFATO SÓDICO DE PREDNISOLONA;7896006201779;1049714240042;90453140;533020020068707;S;N;1;18.54;25.56;18.54;25.56;;BRAS_PF_PMC;ed. 1096;20;
BRASINDICE;1100;medicamento;0000079599;05;001-25233-FEJZ;UNIAO QUIMICA;FOSFATO DE PREDNISOLONA - GENERICO;3 mg/ml x 120 ml + ser. dos.;FOSFATO SÓDICO DE PREDNISOLONA;7896006201892;1049714240166;90453158;533020020068807;S;N;1;29;39.97;29;39.97;;BRAS_PF_PMC;ed. 1096;20;
BRASINDICE;1100;medicamento;0000092135;05;702-28074-FTTY;SANDOZ;FOSFATO DE SITAGLIPTINA + CLORIDRATO DE METFORMINA - GENERICO;50 + 1000) mg ct. bl. al. al. x 56 cprs. rev.;"CLORIDRATO DE METFORMINA;FOSFATO DE SITAGLIPTINA";7897595635600;1004706630155;90593146;511524100083606;S;N;56;161.54;222.67;2.88;3.98;;BRAS_PF_PMC;ed. 1096;20;
BRASINDICE;1100;medicamento;0000092136;05;702-28074-FTTX;SANDOZ;FOSFATO DE SITAGLIPTINA + CLORIDRATO DE METFORMINA - GENERICO;(50 + 850) mg ct. bl. al. al. x 56 cprs. rev.;"CLORIDRATO DE METFORMINA;FOSFATO DE SITAGLIPTINA";7897595635624;1004706630104;90593138;511524100083506;S;N;56;161.54;222.67;2.88;3.98;;BRAS_PF_PMC;ed. 1096;20;
BRASINDICE;1100;medicamento;0000089589;05;529-27540-FQQO;RANBAXY;FOSFATO DE SITAGLIPTINA - GENERICO;25 mg 30 cprs. rev.;FOSFATO DE SITAGLIPTINA;7897076923530;1235202910025;90570650;529923110080206;S;N;30;42.54;58.8;1.42;1.96;;BRAS_PF_PMC;ed. 1094;20;
BRASINDICE;1100;medicamento;0000089590;05;529-27540-FKJV;RANBAXY;FOSFATO DE SITAGLIPTINA - GENERICO;50 mg 30 cprs. rev.;FOSFATO DE SITAGLIPTINA;7897076923554;1235202910051;90570677;529923110080106;S;N;30;85.04;117.56;2.83;3.92;;BRAS_PF_PMC;ed. 1094;20;
BRASINDICE;1100;medicamento;0000089591;05;529-27540-FOEG;RANBAXY;FOSFATO DE SITAGLIPTINA - GENERICO;100 mg 30 cprs. rev.;FOSFATO DE SITAGLIPTINA;7897076923578;1235202910084;90570693;529923110080306;S;N;30;170.11;235.15;5.67;7.84;;BRAS_PF_PMC;ed. 1094;20;
BRASINDICE;1100;medicamento;0000090718;05;473-27540-FBPM;NEO QUIMICA;FOSFATO DE SITAGLIPTINA - GENERICO;25 mg bl. x 30 cprs. rev.;FOSFATO DE SITAGLIPTINA;7896714294575;1558406660041;90578376;504624020096606;S;N;30;38.48;53.04;1.28;1.77;;BRAS_PF_PMC;ed. 1091;20;
BRASINDICE;1100;medicamento;0000090719;05;473-27540-FBPN;NEO QUIMICA;FOSFATO DE SITAGLIPTINA - GENERICO;50 mg bl. x 30 cprs. rev.;FOSFATO DE SITAGLIPTINA;7896714294582;1558406660092;90578384;504624020096706;S;N;30;76.94;106.05;2.56;3.53;;BRAS_PF_PMC;ed. 1091;20;
BRASINDICE;1100;medicamento;0000090720;05;473-27540-FRZA;NEO QUIMICA;FOSFATO DE SITAGLIPTINA - GENERICO;100 mg bl. x 30 cprs. rev.;FOSFATO DE SITAGLIPTINA;7896714294599;1558406660149;90578392;504624020096806;S;N;30;153.89;212.12;5.13;7.07;;BRAS_PF_PMC;ed. 1091;20;
BRASINDICE;1100;medicamento;0000091619;05;702-27540-FTCC;SANDOZ;FOSFATO DE SITAGLIPTINA - GENERICO;25 mg. ct. bl. al. al. x 30 cprs. rev.;FOSFATO DE SITAGLIPTINA MONOIDRATADO;7897595635631;1004706600043;90585747;511524060082506;S;N;30;45.03;62.07;1.5;2.07;;BRAS_PF_PMC;ed. 1096;20;
BRASINDICE;1100;medicamento;0000091621;05;702-27540-FBYP;SANDOZ;FOSFATO DE SITAGLIPTINA - GENERICO;50 mg. ct. bl. al. al. x 30 cprs. rev.;FOSFATO DE SITAGLIPTINA MONOIDRATADO;7897595635648;1004706600140;90585755;511524060082606;S;N;30;90.04;124.11;3;4.14;;BRAS_PF_PMC;ed. 1096;20;
BRASINDICE;1100;medicamento;0000091623;05;702-27540-FBYQ;SANDOZ;FOSFATO DE SITAGLIPTINA - GENERICO;50 mg. ct. bl. al. al. x 60 cprs. rev.;FOSFATO DE SITAGLIPTINA MONOIDRATADO;7897595635662;1004706600159;90585763;511524060082706;S;N;60;143.96;198.43;2.4;3.31;;BRAS_PF_PMC;ed. 1096;20;
BRASINDICE;1100;medicamento;0000091625;05;702-27540-FBYJ;SANDOZ;FOSFATO DE SITAGLIPTINA - GENERICO;100 mg. ct. bl. al. al. x 30 cprs. rev.;FOSFATO DE SITAGLIPTINA MONOIDRATADO;7897595635655;1004706600248;90585771;511524060082806;S;N;30;180.09;248.24;6;8.27;;BRAS_PF_PMC;ed. 1096;20;
BRASINDICE;1100;medicamento;0000091626;05;702-27540-FBYK;SANDOZ;FOSFATO DE SITAGLIPTINA - GENERICO;100 mg. ct. bl. al. al. x 60 cprs. rev.;FOSFATO DE SITAGLIPTINA MONOIDRATADO;7897595635679;1004706600256;90585780;511524060082906;S;N;60;306.14;421.98;5.1;7.03;;BRAS_PF_PMC;ed. 1096;20;
BRASINDICE;1100;medicamento;0000084468;05;072-26343-FKMN;EUROFARMA;FOSFATO DIS. DEXAM.+CLORID. DE TIAM.+CLORID. PIRID.+CIANOC. - GENERICO;(100.100) mg/ml sol. inj. IM ct. 3 amp. vd. amb. x 1 ml + (5+4,37) mg sol. injim. ct. 3 amp. vd. am. 2 ml;"FOSFATO DISSÓDICO DE DEXAMETASONA;CLORIDRATO DE TIAMINA;CLORIDRATO DE PIRIDOXINA;CIANOCOBALAMINA";7891317010744;1004313390027;90527402;508022020151806;S;N;1;25.6;34.34;25.6;34.34;;BRAS_PF_PMC;ed. 1091;20;
BRASINDICE;1100;medicamento;0000044798;05;479-19841-DGGL;FRESENIUS KABI;FOSFATO DISSODICO DE BETAMETASONA - GENERICO (Restrito Hosp.);4 mg/ml sol. inj. IM/IV cx. 50 amps. vd. amb. x 1 ml (hosp.);FOSFATO DISSÓDICO DE BETAMETASONA;7899498608576;1004102210061;90512219;509521070034917;S;S;50;300.93;0;6.02;0;;BRAS_PF_PMC;ed. 1096;20;
BRASINDICE;1100;medicamento;0000048862;05;547-18171-DAND;FARMACE;FOSFATO DISSODICO DE DEXAMETASONA - GENERICO (Restrito Hosp.);4 mg/ml - cx. 100 amps. vd. x 2,5 ml;FOSFATO DISSÓDICO DE DEXAMETASONA;7898166040786;1108500320060;90073002;508303002155112;S;S;100;607.72;0;6.08;0;;BRAS_PF_PMC;ed. 1094;20;
BRASINDICE;1100;medicamento;0000051563;05;170-18171-DRAY;TEUTO BRAS.;FOSFATO DISSODICO DE DEXAMETASONA - GENERICO (Restrito Hosp.);4 mg/ml sol. inj. cx. 120 amps. vd. amb. x 2,5 ml (hosp.);FOSFATO DISSÓDICO DE DEXAMETASONA;7896112151982;1037002870120;90258525;520712110085606;S;S;120;1292.11;0;10.77;0;;BRAS_PF_PMC;ed. 1096;20;
BRASINDICE;1100;medicamento;0000070672;05;555-18171-ETGM;HIPOLABOR;FOSFATO DISSODICO DE DEXAMETASONA - GENERICO (Restrito Hosp.);2 mg/ml sol. inj. cx. 100 amps. vd. trans. x 1 ml (hosp.);FOSFATO DISSÓDICO DE DEXAMETASONA;7898123905677;1134301140010;90097246;511607501151110;S;S;100;360.73;0;3.61;0;;BRAS_PF_PMC;ed. 1092;20;
BRASINDICE;1100;medicamento;0000070673;05;555-18171-ETGN;HIPOLABOR;FOSFATO DISSODICO DE DEXAMETASONA - GENERICO (Restrito Hosp.);4 mg/ml sol. inj. cx. 100 amps. vd. trans. x 2,5 ml (hosp.);FOSFATO DISSÓDICO DE DEXAMETASONA;7898123905684;1134301140037;90363388;511616090043306;S;S;100;1091.23;0;10.91;0;;BRAS_PF_PMC;ed. 1092;20;
BRASINDICE;1100;medicamento;0000080558;05;547-18171-FFRG;FARMACE;FOSFATO DISSODICO DE DEXAMETASONA - GENERICO (Restrito Hosp.);2 mg/ml - cx. 100 amps. vd. x 1 ml;FOSFATO DISSÓDICO DE DEXAMETASONA;7898166040755;1108500320036;90471300;508320050022607;S;S;100;442.42;0;4.42;0;;BRAS_PF_PMC;ed. 1094;20;
BRASINDICE;1100;medicamento;0000085691;05;072-18171-FLXE;EUROFARMA;FOSFATO DISSODICO DE DEXAMETASONA - GENERICO (Restrito Hosp.);4 mg/ml sol. inj/dil infus. IV/IM/IA ct. 50 amps. vd. amb. x 2,5 ml;FOSFATO DISSÓDICO DE DEXAMETASONA;7891317016616;1004313310031;90535693;508022050160706;S;S;50;547.99;0;10.96;0;;BRAS_PF_PMC;ed. 1094;20;
BRASINDICE;1100;medicamento;0000011613;05;517-11060-CEYN;PRATI DONADUZZI;FOSFATO SODICO DE PREDNISOLONA - GENERICO;1 mg/ml. sol. or. ct. fr. plas. opc. x 120 ml. + ser. dosad.;FOSFATO SÓDICO DE PREDNISOLONA;7898148297207;1256800820081;90180534;528502932130118;S;N;1;28.54;39.34;28.54;39.34;;BRAS_PF_PMC;ed. 1098;20;
BRASINDICE;1100;medicamento;0000043865;05;517-11060-CRDS;PRATI DONADUZZI;FOSFATO SODICO DE PREDNISOLONA - GENERICO;3 mg/ml sol. or. ct. fr. plas. opc. x 60 ml + ser. dosad.;FOSFATO SÓDICO DE PREDNISOLONA;7898148296552;1256801290213;90180631;528502921139119;S;N;1;14.41;19.86;14.41;19.86;;BRAS_PF_PMC;ed. 1098;20;
BRASINDICE;1100;medicamento;0000043866;05;517-11060-CRDR;PRATI DONADUZZI;FOSFATO SODICO DE PREDNISOLONA - GENERICO;3 mg/ml sol. or. ct. fr. plas. opc. x 120 ml + ser. dosad.;FOSFATO SÓDICO DE PREDNISOLONA;7898148296491;1256801290191;90180623;528502920132110;S;N;1;30.43;41.94;30.43;41.94;;BRAS_PF_PMC;ed. 1098;20;
BRASINDICE;1100;medicamento;0000053691;05;517-11060-DTOM;PRATI DONADUZZI;FOSFATO SODICO DE PREDNISOLONA - GENERICO;3 mg/ml sol. or. ct. fr. plas. opc. x 100 ml + ser. dosad.;FOSFATO SÓDICO DE PREDNISOLONA;7898148296477;1256801290175;90180607;528502919134113;S;N;1;28.64;39.48;28.64;39.48;;BRAS_PF_PMC;ed. 1098;20;
BRASINDICE;1100;medicamento;0000053692;05;517-11060-DTON;PRATI DONADUZZI;FOSFATO SODICO DE PREDNISOLONA - GENERICO;1 mg/ml sol. or. ct. fr. plas. opc. x 100 ml + ser. dosad.;FOSFATO SÓDICO DE PREDNISOLONA;7898148297184;1256800820073;90180526;528502931134111;S;N;1;23.77;32.76;23.77;32.76;;BRAS_PF_PMC;ed. 1098;20;
BRASINDICE;1100;medicamento;0000077386;05;048-11060-FBKM;ACHE;FOSFATO SODICO DE PREDNISOLONA - GENERICO;3 mg/ml sol. or. fr. x 60 ml;FOSFATO SÓDICO DE PREDNISOLONA;7896181914280;1057305410031;90497279;552920110135017;S;N;1;15.65;21.57;15.65;21.57;;BRAS_PF_PMC;ed. 1091;20;
BRASINDICE;1100;medicamento;0000077387;05;048-11060-FBKN;ACHE;FOSFATO SODICO DE PREDNISOLONA - GENERICO;3 mg/ml sol. or. fr. x 120 ml;FOSFATO SÓDICO DE PREDNISOLONA;7896181914303;1057305410058;90497287;552920110135117;S;N;1;30.86;42.54;30.86;42.54;;BRAS_PF_PMC;ed. 1091;20;
BRASINDICE;1100;medicamento;0000080124;05;072-11060-FFCB;EUROFARMA;FOSFATO SODICO DE PREDNISOLONA - GENERICO;3 mg/ml. sol. or. ct. fr. vd. amb. x 60 ml. + ser. dos.;FOSFATO SÓDICO DE PREDNISOLONA;7891317004354;1004312990020;90483588;508020070132407;S;N;1;15.64;21.56;15.64;21.56;;BRAS_PF_PMC;ed. 1094;20;
BRASINDICE;1100;medicamento;0000080125;05;072-11060-FFCC;EUROFARMA;FOSFATO SODICO DE PREDNISOLONA - GENERICO;3 mg/ml. sol. or. ct. fr. vd. amb. x 120 ml. + ser. dos.;FOSFATO SÓDICO DE PREDNISOLONA;7891317004361;1004312990039;90483561;508020070132507;S;N;1;30.86;42.54;30.86;42.54;;BRAS_PF_PMC;ed. 1094;20;
BRASINDICE;1100;medicamento;0000082707;05;555-11060-FIIB;HIPOLABOR;FOSFATO SODICO DE PREDNISOLONA - GENERICO;3,0 mg/ml sol. or. cx. 50 fr. plas. pet. Amb. x 100 ml + 50 cop.;FOSFATO SÓDICO DE PREDNISOLONA;7898470684317;1134301840063;90497309;511620120045907;S;N;50;1492.13;2056.75;29.84;41.14;;BRAS_PF_PMC;ed. 1092;20;
BRASINDICE;1100;medicamento;0000082708;05;555-11060-ETGO;HIPOLABOR;FOSFATO SODICO DE PREDNISOLONA - GENERICO;3,0 mg/ml sol. or. cx. 50 fr. plas. amb. x 60 ml + 50 cp. med. (hosp.);FOSFATO SÓDICO DE PREDNISOLONA;7898470681637;1134301840039;90269934;511612110040006;S;N;50;916.82;1263.74;18.34;25.27;;BRAS_PF_PMC;ed. 1092;20;
BRASINDICE;1100;medicamento;0000084854;05;555-11060-FKYW;HIPOLABOR;FOSFATO SODICO DE PREDNISOLONA - GENERICO;3,0 mg/ml sol. or. cx. 50 fr. plas. pet. amb. x 120 ml + 50 cop.;FOSFATO SÓDICO DE PREDNISOLONA;7898470681644;1134301840047;90269942;511612110040106;S;N;50;1747.51;2408.76;34.95;48.18;;BRAS_PF_PMC;ed. 1092;20;
BRASINDICE;1100;medicamento;0000093070;05;072-11060-FFOY;EUROFARMA;FOSFATO SODICO DE PREDNISOLONA - GENERICO;3 mg/ml sol. or. ct. fr. vd. amb. x 60 ml + ser. dos.;FOSFATO SÓDICO DE PREDNISOLONA;7891317034054;1004314730026;90611888;508025070192006;S;N;1;15.53;21.41;15.53;21.41;;BRAS_PF_PMC;ed. 1094;20;
BRASINDICE;1100;medicamento;0000093071;05;072-11060-FFPA;EUROFARMA;FOSFATO SODICO DE PREDNISOLONA - GENERICO;3 mg/ml sol. or. ct. fr. vd. amb. x 120 ml + ser. dos.;FOSFATO SÓDICO DE PREDNISOLONA;7891317034061;1004314730034;90611896;508025070192106;S;N;1;30.86;42.54;30.86;42.54;;BRAS_PF_PMC;ed. 1094;20;
BRASINDICE;1100;medicamento;0000093078;05;072-11060-FVCA;EUROFARMA;FOSFATO SODICO DE PREDNISOLONA - GENERICO;11 mg/ml sol. got. or. ct. fr. got. plas. PE opc. x 20 ml;FOSFATO SÓDICO DE PREDNISOLONA;7891317034047;1004314730050;90611900;508025080193806;S;N;1;22.4;30.88;22.4;30.88;;BRAS_PF_PMC;ed. 1094;20;
BRASINDICE;1100;medicamento;0000048338;05;517-18310-DFDG;PRATI DONADUZZI;FOSFATO SODICO DE PREDNISOLONA - GENERICO (Restrito Hosp.);3 mg/ml sol. or. cx. 50 fr. plast. opc. x 60 ml + cp. med.  (hosp.);FOSFATO SÓDICO DE PREDNISOLONA;7898148298303;1256801290124;90355059;528502915139110;S;S;50;817.87;0;16.36;0;;BRAS_PF_PMC;ed. 1098;20;
BRASINDICE;1100;medicamento;0000048339;05;517-18310-BZDE;PRATI DONADUZZI;FOSFATO SODICO DE PREDNISOLONA - GENERICO (Restrito Hosp.);1 mg/ml. sol. or. cx. 50 fr. plas. opc. x 100 ml. + 50 cp. med. 10 ml. (hosp.);FOSFATO SÓDICO DE PREDNISOLONA;7898148298259;1256800820065;90180569;528502914132112;S;S;50;526;0;10.52;0;;BRAS_PF_PMC;ed. 1098;20;
BRASINDICE;1100;medicamento;0000048340;05;517-18310-BYRT;PRATI DONADUZZI;FOSFATO SODICO DE PREDNISOLONA - GENERICO (Restrito Hosp.);3 mg/ml. sol. or. cx. 50 fr. plas. opc. x 100 ml + 50 cp.med. (hosp.);FOSFATO SÓDICO DE PREDNISOLONA;7898148298181;1256801290061;90180674;528502908132114;S;S;50;1348.83;0;26.98;0;;BRAS_PF_PMC;ed. 1098;20;
BRASINDICE;1100;medicamento;0000058312;05;044-21959-FKPF;CHIESI;FOSTAIR DPI;100/6-120 doses (po p/inalacao 120 doses c/ contador de doses);"FUMARATO DE FORMOTEROL;DIPROPIONATO DE BECLOMETASONA";7896672201257;1005801140036;90303962;508514090011205;N;N;1;154.36;212.77;154.36;212.77;;BRAS_PF_PMC;ed. 1093;20;
BRASINDICE;1100;medicamento;0000083617;05;044-21959-FKPC;CHIESI;FOSTAIR DPI;200/6-120 doses (po p/inalacao 120 doses c/ contador de doses);"DIPROPIONATO DE BECLOMETASONA;FUMARATO DE FORMOTEROL DIIDRATADO";7896672202766;1005801140087;90510356;508521050013107;N;N;1;186.1;256.52;186.1;256.52;;BRAS_PF_PMC;ed. 1093;20;
BRASINDICE;1100;medicamento;0000075113;05;044-26374-FKPD;CHIESI;FOSTAIR SPRAY;100/6-120 doses (Aerossol 120 doses c/ contador de doses);"DIPROPIONATO DE BECLOMETASONA;FUMARATO DE FORMOTEROL DI-HIDRATADO";7896672203336;1005801140052;90399773;508518090012703;N;N;1;154.36;212.77;154.36;212.77;;BRAS_PF_PMC;ed. 1093;20;
BRASINDICE;1100;medicamento;0000083375;05;044-26374-FKPB;CHIESI;FOSTAIR SPRAY;200/6-120 doses (Aerossol 120 doses c/contador de doses);"DIPROPIONATO DE BECLOMETASONA;FUMARATO DE FORMOTEROL DIIDRATADO";7896672203428;1005801140060;90510330;508521040012903;N;N;1;186.1;256.52;186.1;256.52;;BRAS_PF_PMC;ed. 1093;20;
BRASINDICE;1100;medicamento;0000095497;05;898-07077-FXRJ;BESINS;FOSTIMON M;75 UI po liof. inj. cx. FA vd. inc. + dil. amp. vd. inc. x 1 ml;UROFOLITROPINA;7898948648827;1875900130014;90601696;619224110001917;;N;1;203.96;281.14;203.96;281.14;;BRAS_PF_PMC;ed. 1096;20;
BRASINDICE;1100;medicamento;0000095498;05;898-07077-DSQT;BESINS;FOSTIMON M;150 UI po liof. inj. cx. FA vd. inc. + dil. amp. vd. inc. x 1 ml;UROFOLITROPINA;7898948648834;1875900130022;;619224110002017;;N;1;436.73;601.99;436.73;601.99;;BRAS_PF_PMC;ed. 1096;20;
BRASINDICE;1100;medicamento;0000068761;05;048-23340-EQRQ;ACHE;FOXIS;200 mg. ct. bl. x 10 caps. gel. dura;CELECOXIBE;7896658028083;1057304910138;90357817;552916080064504;N;N;10;34.4;47.42;3.44;4.74;;BRAS_PF_PMC;ed. 1091;20;
BRASINDICE;1100;medicamento;0000068762;05;048-23340-EQRR;ACHE;FOXIS;200 mg. ct. bl. x 30 caps. gel. dura;CELECOXIBE;7896658028113;1057304910162;90357833;552916080064704;N;N;30;88.65;122.19;2.96;4.07;;BRAS_PF_PMC;ed. 1091;20;
BRASINDICE;1100;medicamento;0000072907;05;048-23340-EVMZ;ACHE;FOXIS;200 mg. ct. bl. 2 caps. dura;CELECOXIBE;7896658028212;1057304910081;90422686;552918010072103;N;N;2;8.94;12.32;4.47;6.16;;BRAS_PF_PMC;ed. 1091;20;
BRASINDICE;1100;medicamento;0000074384;05;048-23340-EXJP;ACHE;FOXIS;200 mg. ct. bl. 15 caps.;CELECOXIBE;7896658028090;1057304910146;90357825;552916080064604;N;N;15;49.5;68.23;3.3;4.55;;BRAS_PF_PMC;ed. 1091;20;
BRASINDICE;1100;medicamento;0000081752;05;748-27001-FHFO;ACCORD;FOZA (Restrito Hosp.) (CONVENIO 132/21);150 mg po liof. sol. inj. IV ct. 10 FA vd. trans.;FOSAPREPITANTO DIMEGLUMINA;7898565582597;1553700850021;90483464;538020080030607;N;S;10;3694.99;0;369.5;0;;BRAS_PF_PMC;ed. 1092;20;
BRASINDICE;1094;medicamento;0000008538;05;445-08839-APKQ;ALLERGAN;FRESH TEARS;15 ml;;7897316806777;80143600134;;n?o aplic?vel;N;;1;63.73;0;63.73;0;;BRAS_PF_PMC;ed. 1092;20;
BRASINDICE;1094;medicamento;0000008539;05;445-08839-AQHP;ALLERGAN;FRESH TEARS;10 ml;;7897316806760;80143600134;;n?o aplic?vel;N;;1;42.45;0;42.45;0;;BRAS_PF_PMC;ed. 1092;20;
BRASINDICE;1094;medicamento;0000008540;05;445-08839-BKYV;ALLERGAN;FRESH TEARS;Liquigel 15 ml;;7897316806784;80143600134;;n?o aplic?vel;N;;1;84.42;0;84.42;0;;BRAS_PF_PMC;ed. 1092;20;
BRASINDICE;1100;medicamento;0000046826;05;479-12120-DLEV;FRESENIUS KABI;FRESOFLOX (Restrito Hosp.);200 ml KP - Sistema Fechado - 1 x 200 ml;CIPROFLOXACINO;7897947701298;1004199400154;90223586;509512020027503;N;S;1;314.49;0;314.49;0;;BRAS_PF_PMC;ed. 1096;20;
BRASINDICE;1100;medicamento;0000075221;05;479-12120-EYKV;FRESENIUS KABI;FRESOFLOX (Restrito Hosp.);100 ml KP - Sistema Fechado - 1 x 100 ml;CIPROFLOXACINO;7897947708754;1004199401411;90400372;509518100033103;N;S;1;123.89;0;123.89;0;;BRAS_PF_PMC;ed. 1096;20;
BRASINDICE;1100;medicamento;0000092638;05;988-01212-FUKC;PHARLAB;FRISIUM;10 mg ct. bl. al. plas. pvc. trans. x 20 cprs.;CLOBAZAM;7898216367993;1410706600019;90604962;527925040048117;N;N;20;17.61;24.27;0.88;1.21;;BRAS_PF_PMC;ed. 1096;20;
BRASINDICE;1100;medicamento;0000092639;05;988-01212-FUKD;PHARLAB;FRISIUM;20 mg ct. bl. al. plas. pvc. trans. x 20 cprs.;CLOBAZAM;7898216368013;1410706600035;90604970;527925040048217;N;N;20;32.96;45.43;1.65;2.27;;BRAS_PF_PMC;ed. 1096;20;
BRASINDICE;1100;medicamento;0000001017;05;062-01213-ACYN;EMS;FRIXOPEL;Gel bisn. 25 g.;;7896004702414;1023501060056;90056582;507714201161411;N;;1;22.1;29.65;22.1;29.65;;BRAS_PF_PMC;ed. 1079;20;
BRASINDICE;1100;medicamento;0000086465;05;963-01215-FWCC;VIATRIS;FRONTAL;0,25 mg ct. bl. al. plas. trans. x 30 cprs.;ALPRAZOLAM;7908236800643;1883000910022;90564588;541523050027717;N;N;30;27.17;37.45;0.91;1.25;;BRAS_PF_PMC;ed. 1097;20;
BRASINDICE;1100;medicamento;0000086466;05;963-01215-FHXX;VIATRIS;FRONTAL;0,5 mg ct. bl. al. plas. trans. x 30 cprs.;ALPRAZOLAM;7908236800650;1883000910049;90564596;541523050027817;N;N;30;52.99;73.04;1.77;2.43;;BRAS_PF_PMC;ed. 1097;20;
BRASINDICE;1100;medicamento;0000086467;05;963-01215-FWCD;VIATRIS;FRONTAL;1 mg ct. bl. al. plas. trans. x 30 cprs.;ALPRAZOLAM;7908236800667;1883000910065;90564600;541523050027917;N;N;30;94.19;129.83;3.14;4.33;;BRAS_PF_PMC;ed. 1097;20;
BRASINDICE;1100;medicamento;0000086468;05;963-01215-FWCE;VIATRIS;FRONTAL;2 mg ct fr vd amb x 30 cprs.;ALPRAZOLAM;7908236800674;1883000910073;90564618;541523050028017;N;N;30;148.99;205.37;4.97;6.85;;BRAS_PF_PMC;ed. 1097;20;
BRASINDICE;1100;medicamento;0000086469;05;963-01215-FWCF;VIATRIS;FRONTAL;0,5 mg c.t bl. al./al. x 30 cprs. lib. prol.;ALPRAZOLAM;7908236800728;1883000910081;90564626;541523050028117;N;N;30;52.99;73.04;1.77;2.43;;BRAS_PF_PMC;ed. 1097;20;
BRASINDICE;1100;medicamento;0000086470;05;963-01215-FWCG;VIATRIS;FRONTAL;1 mg ct. bl. al./al. x 30 cprs. lib. prol.;ALPRAZOLAM;7908236800735;1883000910091;90564634;541523050028217;N;N;30;94.19;129.83;3.14;4.33;;BRAS_PF_PMC;ed. 1097;20;
BRASINDICE;1100;medicamento;0000086471;05;963-01215-FWCH;VIATRIS;FRONTAL;2 mg ct. bl. al./al. x 30 cprs. lib. prol.;ALPRAZOLAM;7908236800742;1883000910103;90564642;541523050028317;N;N;30;148.99;205.37;4.97;6.85;;BRAS_PF_PMC;ed. 1097;20;
BRASINDICE;1100;medicamento;0000090331;05;048-27693-FRNJ;ACHE;FRONTLEV;500 mg bl. x 15 cprs. rev. (C1);LEVETIRACETAM;7896658049026;1057300640012;90582640;552924030164303;N;N;15;35.9;48.16;2.39;3.21;;BRAS_PF_PMC;ed. 1091;20;
BRASINDICE;1100;medicamento;0000090332;05;048-27693-FRNK;ACHE;FRONTLEV;500 mg bl. x 30 cprs. rev. (C1);LEVETIRACETAM;7896658049033;1057300640020;90582659;552924030164403;N;N;30;59.6;79.95;1.99;2.66;;BRAS_PF_PMC;ed. 1087;20;
BRASINDICE;1100;medicamento;0000090333;05;048-27693-FRNL;ACHE;FRONTLEV;500 mg bl. x 60 cprs. rev. (C1);LEVETIRACETAM;7896658049019;1057300640039;90582667;552924030164503;N;N;60;113.31;152;1.89;2.53;;BRAS_PF_PMC;ed. 1087;20;
BRASINDICE;1100;medicamento;0000090334;05;048-27693-FRNM;ACHE;FRONTLEV;100 mg sol. or. fr. x 100 ml (C1);LEVETIRACETAM;7896658049064;1057300560019;90578805;552924010163403;N;N;1;48.61;65.21;48.61;65.21;;BRAS_PF_PMC;ed. 1087;20;
BRASINDICE;1100;medicamento;0000070569;05;001-23585-ETDF;UNIAO QUIMICA;FRUTAXX;(462 + 438 + 90) mg/g po eferv. ct. 50 env. al. plas. x 5 g (sabor abacaxi);"ION CITRATO;BICARBONATO DE SÓDIO;CARBONATO DE SÓDIO";7896006214854;1049714020018;90387139;533017040065104;N;N;50;96.64;129.64;1.93;2.59;;BRAS_PF_PMC;ed. 1096;20;
BRASINDICE;1100;medicamento;0000003064;05;348-04394-AMTA;CRISTALIA;FRUTOVITAM (Restrito Hosp.);Cx. 100 amps. x 10 ml.;"NICOTINAMIDA;ACETATO DE RACEALFATOCOFEROL;PALMITATO DE RETINOL;RIBOFLAVINA;DEXPANTENOL;CLORIDRATO DE PIRIDOXINA;ÁCIDO ASCÓRBICO;COLECALCIFEROL";7896676401561;1029800180023;90046277;506706601158411;N;S;100;613.54;0;6.14;0;;BRAS_PF_PMC;ed. 1094;20;
BRASINDICE;1100;medicamento;0000060899;05;583-22242-DQBZ;NOVA QUIMICA;FUCSIA FEM;3 mg. + 0,03 mg. bl. 21 cprs. rev.;"ETINILESTRADIOL;DROSPIRENONA";7895296353014;1181903980027;90582179;607024030103117;N;N;21;56.25;77.53;2.68;3.69;;BRAS_PF_PMC;ed. 1092;20;
BRASINDICE;1100;medicamento;0000063984;05;583-22696-DZJY;NOVA QUIMICA;FUCSIA MINUS;3 mg. + 0,02 mg. bl. x 24 cprs. rev.;"ETINILESTRADIOL;DROSPIRENONA";7895296370011;1181904280010;90436385;525316040046003;N;N;24;56.24;77.52;2.34;3.23;;BRAS_PF_PMC;ed. 1092;20;
BRASINDICE;1100;medicamento;0000094967;05;517-28734-FXAZ;PRATI DONADUZZI;FUEBLO;150 mg ct. bl. al. plas. trans. x 2 caps dura;FLUCONAZOL;7899547562316;1256803820023;90627121;528526030256603;N;N;2;16.39;22.59;8.2;11.3;;BRAS_PF_PMC;ed. 1098;20;
BRASINDICE;1100;medicamento;0000094321;05;1127-26992-FUKK;BIOCON;FULPHILA (Restrito Hosp.) (CONVENIO 132/21);10 mg/ml sol. inj. ct. ser. preench. vd. trans. x 0,6 ml + agu. com sist seguranca;PEGFILGRASTIM;8905056007879;1166400020011;90617304;650725100000117;N;S;1;6104.2;0;6104.2;0;;BRAS_PF_PMC;ed. 1090;20;
BRASINDICE;1100;medicamento;0000094062;05;1101-28574-FWIQ;EUGIA PHARMA;FULVAFIT (Restrito Hosp.) (CONVENIO 162/94);50 mg/ml sol. Inj. IM ct. 2 ser. preenc. vd trans x 5 ml + 2 agu;FULVESTRANTO;7898739420823;1742000170025;90611926;612825070003704;N;S;2;5252.95;0;2626.48;0;;BRAS_PF_PMC;ed. 1095;20;
BRASINDICE;1100;medicamento;0000094064;05;1101-28574-FWIP;EUGIA PHARMA;FULVAFIT (Restrito Hosp.) (CONVENIO 162/94);50 mg/ml sol. Inj. IM ct. ser. preenc. vd trans x 5 ml + agu;FULVESTRANTO;7898739420816;1742000170017;90611918;612825070003604;N;S;1;2626.48;0;2626.48;0;;BRAS_PF_PMC;ed. 1095;20;
BRASINDICE;1100;medicamento;0000094065;05;1101-28574-FWIR;EUGIA PHARMA;FULVAFIT (Restrito Hosp.) (CONVENIO 162/94);50 mg/ml sol inj IM ct. 5 ser. preenc. vd trans x 5 ml + 5 agu;FULVESTRANTO;7898739420830;1742000170033;90611934;612825070003804;N;S;5;13132.37;0;2626.47;0;;BRAS_PF_PMC;ed. 1095;20;
BRASINDICE;1100;medicamento;0000075130;05;828-22852-EYGA;DR. REDDY S;FULVESTRANTO - GENERICO (Restrito Hosp.) (CONVENIO 162/94);50 mg/ml sol. inj. IM ct. 2 ser. preench. vd. trans. x 5 ml + 2 ag.;FULVESTRANTO;8901148239159;1514300290028;90398688;507518070008606;S;S;2;5324.87;0;2662.44;0;;BRAS_PF_PMC;ed. 1090;20;
BRASINDICE;1100;medicamento;0000076189;05;702-22852-EZQD;SANDOZ;FULVESTRANTO - GENERICO (Restrito Hosp.) (CONVENIO 162/94);50 mg/ml sol. inj. ct. bl. plas. x 2 ser. preench. vd. trans. + agu. x 5 ml;FULVESTRANTO;7897595634559;1004706110021;90425774;511519020070206;S;S;2;5422.36;0;2711.18;0;;BRAS_PF_PMC;ed. 1096;20;
BRASINDICE;1100;medicamento;0000077195;05;072-22852-FBAQ;EUROFARMA;FULVESTRANTO - GENERICO (Restrito Hosp.) (CONVENIO 162/94);50 mg/ml. sol. inj. ct. ser. preench. vd. trans. desc. x 5 ml. + ag.;;7891317120986;1004311320013;90303750;508015090108206;S;S;1;2648.74;0;2648.74;0;;BRAS_PF_PMC;ed. 1066;20;
BRASINDICE;1100;medicamento;0000081983;05;729-22852-FHMS;TEVA;FULVESTRANTO - GENERICO (Restrito Hosp.) (CONVENIO 162/94);50 mg/ml sol. inj. IM ct. 2 ser. preench. vd. trans. desc. x 5 ml + 2 ag.;FULVESTRANTO;7898587900744;1557300380020;90497317;537520100009207;S;S;2;5422.24;0;2711.12;0;;BRAS_PF_PMC;ed. 1092;20;
BRASINDICE;1100;medicamento;0000086198;05;748-22852-FMMW;ACCORD;FULVESTRANTO - GENERICO (Restrito Hosp.) (CONVENIO 162/94);50 mg/ml sol. inj. IM ct. ser. vd. trans. preench. descart. x 5 ml + agulha;FULVESTRANTO;7898565582740;1553700930017;90526198;538022010038706;S;S;1;2711.2;0;2711.2;0;;BRAS_PF_PMC;ed. 1092;20;
BRASINDICE;1100;medicamento;0000086199;05;748-22852-FMMX;ACCORD;FULVESTRANTO - GENERICO (Restrito Hosp.) (CONVENIO 162/94);50 mg/ml sol. inj. IM ct. 2 ser. vd. trans. preench. descart. x 5 ml + 2 agulhas;FULVESTRANTO;7898565582733;1553700930025;90526201;538022010038806;S;S;2;5422.39;0;2711.2;0;;BRAS_PF_PMC;ed. 1092;20;
BRASINDICE;1100;medicamento;0000088008;05;427-22852-FOJW;BLAU FARM.;FULVESTRANTO - GENERICO (Restrito Hosp.) (CONVENIO 162/94);50 mg/ml sol inj. IM ct. 2 ser. preenc. vd. trans. x 5 ml + 2 agulhas;FULVESTRANTO;7896014668625;1163701990023;90563328;504423050083006;S;S;2;5422.39;0;2711.2;0;;BRAS_PF_PMC;ed. 1097;20;
BRASINDICE;1100;medicamento;0000086196;05;748-26630-FMMW;ACCORD;FULVY (Restrito Hosp.) (CONVENIO 162/94);50 mg/ml sol. inj. IM ct. ser. vd. trans. preench. descart. x 5 ml + agulha;FULVESTRANTO;7898577812545;1553700980014;90516370;538021070034404;N;S;1;4107.87;0;4107.87;0;;BRAS_PF_PMC;ed. 1092;20;
BRASINDICE;1100;medicamento;0000086197;05;748-26630-FMMX;ACCORD;FULVY (Restrito Hosp.) (CONVENIO 162/94);50 mg/ml sol. inj. IM ct. 2 ser. vd. trans. preench. descart. x 5 ml + 2 agulhas;FULVESTRANTO;7898577812552;1553700980022;90516389;538021070034504;N;S;2;8215.74;0;4107.87;0;;BRAS_PF_PMC;ed. 1092;20;
BRASINDICE;1100;medicamento;0000044416;05;062-19693-DFWS;EMS;FUMARATO DE BISOPROLOL - GENERICO;1,25 mg. 2 bl. x 15 cprs. rev.;HEMIFUMARATO DE BISOPROLOL;7896004722160;1023508920056;90221524;507745601110111;S;N;30;62.25;86.06;2.08;2.87;;BRAS_PF_PMC;ed. 1079;20;
BRASINDICE;1100;medicamento;0000044417;05;062-19693-DFWT;EMS;FUMARATO DE BISOPROLOL - GENERICO;2,5 mg. 2 bl. x 15 cprs. rev.;HEMIFUMARATO DE BISOPROLOL;7896004722177;1023508920129;90221540;507745603113118;S;N;30;37.45;51.77;1.25;1.73;;BRAS_PF_PMC;ed. 1079;20;
BRASINDICE;1100;medicamento;0000044418;05;062-19693-BTTN;EMS;FUMARATO DE BISOPROLOL - GENERICO;5 mg. 2 bl. x 15 cprs. rev.;HEMIFUMARATO DE BISOPROLOL;7896004739588;1023508920196;90221559;507745604111119;S;N;30;45.58;63.01;1.52;2.1;;BRAS_PF_PMC;ed. 1079;20;
BRASINDICE;1100;medicamento;0000044419;05;062-19693-BQQO;EMS;FUMARATO DE BISOPROLOL - GENERICO;10 mg. 2 bl. x 15 cprs. rev.;HEMIFUMARATO DE BISOPROLOL;7896004739595;1023508920269;90221532;507745602117111;S;N;30;99.29;137.26;3.31;4.58;;BRAS_PF_PMC;ed. 1079;20;
BRASINDICE;1100;medicamento;0000009304;05;591-09327-ALKP;GERMED;FUMARATO DE CETOTIFENO - GENERICO;Xpe. fr. 120 ml;;7896004708621;1058303380011;90084594;526113002136110;S;;1;43.08;59.56;43.08;59.56;;BRAS_PF_PMC;ed. 1079;20;
BRASINDICE;1100;medicamento;0000050639;05;517-09327-DPXZ;PRATI DONADUZZI;FUMARATO DE CETOTIFENO - GENERICO;0,2 mg/ml xpe. ct. fr. plas. opc. x 120 ml + copo;FUMARATO DE CETOTIFENO;7899547508086;1256802330030;90237820;528512060120306;S;N;1;23.22;32.01;23.22;32.01;;BRAS_PF_PMC;ed. 1098;20;
BRASINDICE;1100;medicamento;0000075331;05;555-09327-FXYN;HIPOLABOR;FUMARATO DE CETOTIFENO - GENERICO;0,2 mg/ml xpe. cx. 50 fr. plas. amb. x 120 ml + 50 copos;;7898123909057;;90632028;;S;;50;1970.07;2715.54;39.4;54.31;;BRAS_PF_PMC;ed. 1098;20;
BRASINDICE;1100;medicamento;0000077388;05;048-09327-FBKO;ACHE;FUMARATO DE CETOTIFENO - GENERICO;1 mg/ml gts. 30 ml;FUMARATO DE CETOTIFENO;7896181913771;1057306370017;90471393;552920070127217;S;N;1;52.9;72.92;52.9;72.92;;BRAS_PF_PMC;ed. 1092;20;
BRASINDICE;1100;medicamento;0000050641;05;517-20776-DPYA;PRATI DONADUZZI;FUMARATO DE CETOTIFENO - GENERICO (Restrito Hosp.);0,2 mg/ml xpe. cx. 50 fr. plas. opc. x 120 ml + 50 copo (hosp.);FUMARATO DE CETOTIFENO;7899547508093;1256802330049;90237838;528512060120406;S;S;50;1554.58;0;31.09;0;;BRAS_PF_PMC;ed. 1098;20;
BRASINDICE;1100;medicamento;0000093741;05;828-28521-FVZE;DR. REDDY S;FUMARATO DE DIMETILA - GENERICO;120 mg ct. bl. al. plas. PVC/PE/PVDC opc. x 28 caps. dura lib. retard.;FUMARATO DE DIMETILA;8901148269736;1514300910069;90598903;507524120025006;S;N;28;1231.51;1652.02;43.98;59;;BRAS_PF_PMC;ed. 1090;20;
BRASINDICE;1100;medicamento;0000093742;05;828-28521-FVZF;DR. REDDY S;FUMARATO DE DIMETILA - GENERICO;120 mg ct. bl. al. plas. PVC/PE/PVDC opc. x 56 caps. dura lib. retard.;FUMARATO DE DIMETILA;8901148269712;1514300910077;90598911;507524120025106;S;N;56;2463.03;3304.06;43.98;59;;BRAS_PF_PMC;ed. 1090;20;
BRASINDICE;1100;medicamento;0000093743;05;828-28521-FVZG;DR. REDDY S;FUMARATO DE DIMETILA - GENERICO;120 mg ct. bl. al. plas. PVC/PE/PVDC opc. x 112 caps. dura lib. retard.;FUMARATO DE DIMETILA;8901148269682;1514300910085;90598920;507524120025206;S;N;112;4926.04;6608.11;43.98;59;;BRAS_PF_PMC;ed. 1090;20;
BRASINDICE;1100;medicamento;0000093744;05;828-28521-FVZH;DR. REDDY S;FUMARATO DE DIMETILA - GENERICO;240 mg ct. bl. al. plas. PVC/PE/PVDC opc. x 28 caps. dura lib. retard.;FUMARATO DE DIMETILA;8901148269699;1514300910123;90598962;507524120025306;S;N;28;2463.05;3304.1;87.97;118;;BRAS_PF_PMC;ed. 1090;20;
BRASINDICE;1100;medicamento;0000093745;05;828-28521-FVZI;DR. REDDY S;FUMARATO DE DIMETILA - GENERICO;240 mg ct. bl. al. plas. PVC/PE/PVDC opc. x 56 caps. dura lib. retard.;FUMARATO DE DIMETILA;8901148269705;1514300910131;90598970;507524120025406;S;N;56;4926.32;6608.48;87.97;118.01;;BRAS_PF_PMC;ed. 1090;20;
BRASINDICE;1100;medicamento;0000093746;05;828-28521-FVZJ;DR. REDDY S;FUMARATO DE DIMETILA - GENERICO;240 mg ct. bl. al. plas. PVC/PE/PVDC opc. x 112 caps. dura lib. retard.;FUMARATO DE DIMETILA;8901148269729;1514300910141;90598989;507524120025506;S;N;112;9852.22;13216.4;87.97;118;;BRAS_PF_PMC;ed. 1090;20;
BRASINDICE;1100;medicamento;0000093747;05;828-28521-FVZK;DR. REDDY S;FUMARATO DE DIMETILA - GENERICO;120 mg ct. bl. al. plas. PVC/PE/PVDC opc. x 14 caps. dura lib. retard.;FUMARATO DE DIMETILA;8901148269743;1514300910050;90598890;507524120025606;S;N;14;615.75;826;43.98;59;;BRAS_PF_PMC;ed. 1090;20;
BRASINDICE;1100;medicamento;0000093748;05;828-28521-FVZL;DR. REDDY S;FUMARATO DE DIMETILA - GENERICO;120 mg ct. bl. al. plas. PVC/PCTFE trans. x 56 caps. dura lib. retard.;FUMARATO DE DIMETILA;8901148269798;1514300910034;90598873;507524120025706;S;N;56;2463.05;3304.1;43.98;59;;BRAS_PF_PMC;ed. 1090;20;
BRASINDICE;1100;medicamento;0000093749;05;828-28521-FVZM;DR. REDDY S;FUMARATO DE DIMETILA - GENERICO;240 mg ct. bl. al. plas. PVC/PCTFE trans. x 28 caps. dura lib. retard.;FUMARATO DE DIMETILA;8901148269750;1514300910093;90598938;507524120025806;S;N;28;2463.05;3304.1;87.97;118;;BRAS_PF_PMC;ed. 1090;20;
BRASINDICE;1100;medicamento;0000093752;05;828-28521-FVZN;DR. REDDY S;FUMARATO DE DIMETILA - GENERICO;120 mg ct. bl. al. plas. PVC/PCTFE trans. x 28 caps. dura lib. retard.;FUMARATO DE DIMETILA;8901148269804;1514300910026;90598865;507524120025906;S;N;28;1231.51;1652.02;43.98;59;;BRAS_PF_PMC;ed. 1090;20;
BRASINDICE;1100;medicamento;0000093753;05;828-28521-FVZO;DR. REDDY S;FUMARATO DE DIMETILA - GENERICO;120 mg ct. bl. al. plas. PVC/PCTFE trans. x 112 caps. dura lib. retard.;FUMARATO DE DIMETILA;8901148269781;1514300910042;90598881;507524120026006;S;N;112;4926.04;6608.11;43.98;59;;BRAS_PF_PMC;ed. 1090;20;
BRASINDICE;1100;medicamento;0000093754;05;828-28521-FVZP;DR. REDDY S;FUMARATO DE DIMETILA - GENERICO;120 mg ct. bl. al. plas. PVC/PCTFE trans. x 14 caps. dura lib. retard.;FUMARATO DE DIMETILA;8901148269811;1514300910018;90598857;507524120026106;S;N;14;615.75;826;43.98;59;;BRAS_PF_PMC;ed. 1090;20;
BRASINDICE;1100;medicamento;0000093755;05;828-28521-FVZQ;DR. REDDY S;FUMARATO DE DIMETILA - GENERICO;240 mg ct. bl. al. plas. PVC/PCTFE trans. x 56 caps. dura lib. retard.;FUMARATO DE DIMETILA;8901148269774;1514300910107;90598946;507524120026206;S;N;56;4926.32;6608.48;87.97;118.01;;BRAS_PF_PMC;ed. 1090;20;
BRASINDICE;1100;medicamento;0000093756;05;828-28521-FVZR;DR. REDDY S;FUMARATO DE DIMETILA - GENERICO;240 mg ct. bl. al. plas. PVC/PCTFE trans. x 112 caps. dura lib. retard.;FUMARATO DE DIMETILA;8901148269767;1514300910115;90598954;507524120026306;S;N;112;9852.22;13216.4;87.97;118;;BRAS_PF_PMC;ed. 1090;20;
BRASINDICE;1100;medicamento;0000043009;05;062-19491-CXNP;EMS;FUMARATO DE QUETIAPINA (C1) - GENERICO;100 mg. 3 bl. x 10 cprs. rev.;HEMIFUMARATO DE QUETIAPINA;7896004730370;1023510170182;90056612;507745001113111;S;N;30;118.94;159.55;3.96;5.32;;BRAS_PF_PMC;ed. 1079;20;
BRASINDICE;1100;medicamento;0000043010;05;062-19491-DEMY;EMS;FUMARATO DE QUETIAPINA (C1) - GENERICO;200 mg. 3 bl. x 10 cprs. rev.;HEMIFUMARATO DE QUETIAPINA;7896004730387;1023510170271;90056620;507745002111110;S;N;30;230.71;309.49;7.69;10.32;;BRAS_PF_PMC;ed. 1079;20;
BRASINDICE;1100;medicamento;0000043011;05;062-19491-CVJG;EMS;FUMARATO DE QUETIAPINA (C1) - GENERICO;25 mg. 14 cprs. rev.;HEMIFUMARATO DE QUETIAPINA;7896004730363;1023510170026;90056639;507745003116116;S;N;14;51.31;68.83;3.66;4.92;;BRAS_PF_PMC;ed. 1079;20;
BRASINDICE;1100;medicamento;0000044159;05;591-19653-BQLC;GERMED;FUMARATO DE QUETIAPINA - GENERICO;25 mg. 2 bl. x 15 cprs. rev.;HEMIFUMARATO DE QUETIAPINA;7896004738949;1058308260047;90384520;526136004119115;S;N;30;48.41;64.94;1.61;2.16;;BRAS_PF_PMC;ed. 1092;20;
BRASINDICE;1100;medicamento;0000044160;05;591-19653-CXNP;GERMED;FUMARATO DE QUETIAPINA - GENERICO;100 mg. 3 bl. x 10 cprs. rev.;HEMIFUMARATO DE QUETIAPINA;7896004730400;1058308260098;90384512;526136002116119;S;N;30;129.05;173.12;4.3;5.77;;BRAS_PF_PMC;ed. 1092;20;
BRASINDICE;1100;medicamento;0000044161;05;591-19653-DFPV;GERMED;FUMARATO DE QUETIAPINA - GENERICO;200 mg 3 bl. x 10 cprs. rev.;HEMIFUMARATO DE QUETIAPINA;7896004730417;1058308260144;90427700;526136003112117;S;N;30;250.31;335.78;8.34;11.19;;BRAS_PF_PMC;ed. 1092;20;
BRASINDICE;1100;medicamento;0000047699;05;583-19653-DMJV;NOVA QUIMICA;FUMARATO DE QUETIAPINA - GENERICO;100 mg. comp. rev. ct. bl. al. plas. opc. x 30;HEMIFUMARATO DE QUETIAPINA;7895296089098;1181904580111;90582462;525308802117111;S;N;30;129.05;173.12;4.3;5.77;;BRAS_PF_PMC;ed. 1092;20;
BRASINDICE;1100;medicamento;0000047700;05;583-19653-DMJW;NOVA QUIMICA;FUMARATO DE QUETIAPINA - GENERICO;200 mg. comp. rev. ct. bl. al. plas. opc. x 30;HEMIFUMARATO DE QUETIAPINA;7895296089142;1181904580189;90582470;525308803113111;S;N;30;250.31;335.78;8.34;11.19;;BRAS_PF_PMC;ed. 1092;20;
BRASINDICE;1100;medicamento;0000047718;05;583-19653-DMKM;NOVA QUIMICA;FUMARATO DE QUETIAPINA - GENERICO;25 mg. comp. rev. ct. bl. al. plas. opc. x 14;HEMIFUMARATO DE QUETIAPINA;7895296089029;1267502670028;90436148;525308801110113;S;N;14;51.31;68.83;3.66;4.92;;BRAS_PF_PMC;ed. 1069;20;
BRASINDICE;1100;medicamento;0000077389;05;048-19653-FBKP;ACHE;FUMARATO DE QUETIAPINA - GENERICO;100 mg bl. x 30 cprs. rev. (C1);HEMIFUMARATO DE QUETIAPINA;7896181920328;1057306110066;90442644;552919110085717;S;N;30;123.12;169.71;4.1;5.66;;BRAS_PF_PMC;ed. 1091;20;
BRASINDICE;1100;medicamento;0000077390;05;048-19653-FBKQ;ACHE;FUMARATO DE QUETIAPINA - GENERICO;200 mg bl. x 30 cprs. rev. (C1);HEMIFUMARATO DE QUETIAPINA;7896181920366;1057306110104;90442652;552919110085817;S;N;30;233.61;322.01;7.79;10.73;;BRAS_PF_PMC;ed. 1091;20;
BRASINDICE;1100;medicamento;0000077391;05;048-19653-FBKR;ACHE;FUMARATO DE QUETIAPINA - GENERICO;25 mg bl. x 15 cprs. rev. (C1);HEMIFUMARATO DE QUETIAPINA;7896181920274;1057306110015;90442628;552919110085517;S;N;15;47.42;65.36;3.16;4.36;;BRAS_PF_PMC;ed. 1091;20;
BRASINDICE;1100;medicamento;0000078062;05;048-19653-EQJD;ACHE;FUMARATO DE QUETIAPINA - GENERICO;25 mg. ct. bl. al. plas. opc. x 30 cprs. rev.;HEMIFUMARATO DE QUETIAPINA;7896658035371;1057306110023;90442636;552919110085607;S;N;30;44.57;61.44;1.49;2.05;;BRAS_PF_PMC;ed. 1091;20;
BRASINDICE;1094;medicamento;0000077573;05;387-24887-FBQZ;FARMOQUIMICA;FUMASIL;300 mg. 60 cprs. orodisp.;;7898040328078;;;;N;;60;61.74;0;1.03;0;;BRAS_PF_PMC;ed. 1092;20;
BRASINDICE;1094;medicamento;0000088710;05;387-24887-FPML;FARMOQUIMICA;FUMASIL;20 DH CPR. Kit. L3P2;;7898244720449;;;;N;;1;123.47;0;123.47;0;;BRAS_PF_PMC;ed. 1092;20;
BRASINDICE;1094;medicamento;0000089602;05;387-24887-FQQW;FARMOQUIMICA;FUMASIL;20 DH display 5 cx. x 60 cprs.;;7898244720456;;;;N;;60;308.68;0;5.14;0;;BRAS_PF_PMC;ed. 1092;20;
BRASINDICE;1100;medicamento;0000048834;05;676-20520-BQDS;CIFARMA;FUNGICORT;Creme derm. bisn. 30 g;"CETOCONAZOL;DIPROPIONATO DE BETAMETASONA";7898495603027;1156000520028;90040929;506301701165411;N;N;1;40.18;53.9;40.18;53.9;;BRAS_PF_PMC;ed. 1097;20;
BRASINDICE;1100;medicamento;0000048835;05;676-20520-BFYU;CIFARMA;FUNGICORT;Pom. derm. bisn. 30 g;"CETOCONAZOL;DIPROPIONATO DE BETAMETASONA";7898495603010;1156000520011;90040937;506301702161411;N;N;1;41.01;55.01;41.01;55.01;;BRAS_PF_PMC;ed. 1097;20;
BRASINDICE;1100;medicamento;0000056317;05;581-21654-FTOC;CAZI;FUNGIDERM;Fr. c/ 50 ml;;7893736023961;;;;N;;1;58.61;78.62;58.61;78.62;;BRAS_PF_PMC;ed. 1097;20;
BRASINDICE;1100;medicamento;0000091467;05;1092-27944-FSXF;GLOBO PHARMA;FUNGISTEIN;10 mg/g crem. derm. bisn. x 20 g;CLOTRIMAZOL;7898060138992;1053501210012;90113586;517607701168419;N;N;1;13.46;18.06;13.46;18.06;;BRAS_PF_PMC;ed. 1095;20;
BRASINDICE;1094;medicamento;0000091929;05;620-28020-FTKZ;MEDQUIMICA;FUNGONAZOL;20 mg/g xamp. capi. x 100 ml;;7896862993788;;;;N;;1;64.32;0;64.32;0;;BRAS_PF_PMC;ed. 1092;20;
BRASINDICE;1100;medicamento;0000078788;05;583-25098-FDDW;NOVA QUIMICA;FUNOK;100 mg. bl. x 4 cap. dura;ITRACONAZOL;7895296444163;1181904700011;90582586;607024040108917;N;N;4;36.13;49.8;9.03;12.45;;BRAS_PF_PMC;ed. 1092;20;
BRASINDICE;1100;medicamento;0000078789;05;583-25098-FDDX;NOVA QUIMICA;FUNOK;100 mg. bl. x 15 cap. dura;ITRACONAZOL;7895296444187;1181904700036;90582594;607024040109017;N;N;15;85.89;118.39;5.73;7.89;;BRAS_PF_PMC;ed. 1092;20;
BRASINDICE;1100;medicamento;0000012611;05;348-11696-BNVU;CRISTALIA;FUNTYL;250 mg. cx. 14 cps.;CLORIDRATO DE TERBINAFINA;7896676410761;1029802970056;90046358;506706702116410;N;N;14;117.44;161.88;8.39;11.56;;BRAS_PF_PMC;ed. 1094;20;
BRASINDICE;1100;medicamento;0000012612;05;348-11696-BNVV;CRISTALIA;FUNTYL;250 mg. cx. 28 cps.;CLORIDRATO DE TERBINAFINA;7896676410778;1029802970064;90046366;506706703112419;N;N;28;236.07;325.4;8.43;11.62;;BRAS_PF_PMC;ed. 1094;20;
BRASINDICE;1100;medicamento;0000012613;05;348-11696-BNVW;CRISTALIA;FUNTYL;1% creme bisn. 20 g.;CLORIDRATO DE TERBINAFINA;7896676410730;1029802970072;90046340;506706701160416;N;N;1;29.1;40.11;29.1;40.11;;BRAS_PF_PMC;ed. 1094;20;
BRASINDICE;1100;medicamento;0000010021;05;062-09903-BZGX;EMS;FUROATO DE MOMETASONA - GENERICO;1 mg/g creme bisn. 20 g;FUROATO DE MOMETASONA;7896004715537;1023507900027;90056655;507733401162114;S;N;1;30.87;42.68;30.87;42.68;;BRAS_PF_PMC;ed. 1079;20;
BRASINDICE;1100;medicamento;0000010022;05;062-09903-CAUQ;EMS;FUROATO DE MOMETASONA - GENERICO;1 mg/g pom. bisn. 20 g;FUROATO DE MOMETASONA;7896004715599;1023507910022;90056663;507733402169112;S;N;1;40.95;56.61;40.95;56.61;;BRAS_PF_PMC;ed. 1079;20;
BRASINDICE;1100;medicamento;0000010025;05;591-09903-BZGX;GERMED;FUROATO DE MOMETASONA - GENERICO;1 mg/g creme bisn. 20 g;FUROATO DE MOMETASONA;7896004715520;1058304840022;90084608;526124501163119;S;N;1;32.16;44.33;32.16;44.33;;BRAS_PF_PMC;ed. 1092;20;
BRASINDICE;1100;medicamento;0000010026;05;591-09903-CAUQ;GERMED;FUROATO DE MOMETASONA - GENERICO;1 mg/g pom. bisn. 20 g;FUROATO DE MOMETASONA;7896004715568;1058304850028;90084616;526124502161111;S;N;1;32.16;44.33;32.16;44.33;;BRAS_PF_PMC;ed. 1092;20;
BRASINDICE;1100;medicamento;0000023407;05;1048-09903-CJBG;SANOFI MEDLEY;FUROATO DE MOMETASONA - GENERICO;1 mg/g pom. derm. bisn. 20 g;FUROATO DE MOMETASONA;7896422515368;1832602210016;90363469;525068801162118;S;N;1;33.93;46.77;33.93;46.77;;BRAS_PF_PMC;ed. 1099;20;
BRASINDICE;1100;medicamento;0000024782;05;1048-09903-CKRZ;SANOFI MEDLEY;FUROATO DE MOMETASONA - GENERICO;1 mg/g creme derm. bisn. 20 g;FUROATO DE MOMETASONA;7896422515344;1832602080015;90363442;525068802169116;S;N;1;33.93;46.77;33.93;46.77;;BRAS_PF_PMC;ed. 1099;20;
BRASINDICE;1100;medicamento;0000069850;05;473-09903-ESGD;NEO QUIMICA;FUROATO DE MOMETASONA - GENERICO;Creme 1,0 mg/g bisn. 20 g;FUROATO DE MOMETASONA;7896714218892;1558402280015;90334272;504616020035117;S;N;1;43.13;59.45;43.13;59.45;;BRAS_PF_PMC;ed. 1091;20;
BRASINDICE;1100;medicamento;0000077392;05;048-09903-FBKS;ACHE;FUROATO DE MOMETASONA - GENERICO;1 mg creme derm. bisn. x 20 g;FUROATO DE MOMETASONA;7896181913832;1057306310014;90447310;552920010104017;S;N;1;31.29;43.13;31.29;43.13;;BRAS_PF_PMC;ed. 1091;20;
BRASINDICE;1100;medicamento;0000077393;05;048-09903-FBKT;ACHE;FUROATO DE MOMETASONA - GENERICO;1 mg/g pom. derm. bisn. x 20 g;FUROATO DE MOMETASONA;7896181913986;1057306640014;90449550;552920020112317;S;N;1;29.9;41.21;29.9;41.21;;BRAS_PF_PMC;ed. 1091;20;
BRASINDICE;1100;medicamento;0000084464;05;072-09903-FKMC;EUROFARMA;FUROATO DE MOMETASONA - GENERICO;50 mcg sus. spr. nas. ct. fr. spr. plas. PEAD opc. x 60 acionamentos;FUROATO DE MOMETASONA MONOIDRATADO;7891317010355;1004313410011;90522885;508021120145506;S;N;1;30.46;41.99;30.46;41.99;;BRAS_PF_PMC;ed. 1094;20;
BRASINDICE;1100;medicamento;0000084465;05;072-09903-FKMD;EUROFARMA;FUROATO DE MOMETASONA - GENERICO;50 mcg sus. spr. nas. ct. fr. spr. plas. PEAD opc. x 120 acionamentos;FUROATO DE MOMETASONA MONOIDRATADO;7891317010362;1004313410028;90522893;508021120145406;S;N;1;43.14;59.46;43.14;59.46;;BRAS_PF_PMC;ed. 1094;20;
BRASINDICE;1100;medicamento;0000079902;05;674-25302-FEUW;GLENMARK;FUROATO DE MOMETASONA MONOIDRATADO - GENERICO;50 mcg. sus. spray nasal ct. fr. spr. plas. pead. opc. x 120 acionamentos;FUROATO DE MOMETASONA MONOIDRATADO;7897473207011;1101302870024;90463340;521920040020107;S;N;1;43.16;59.49;43.16;59.49;;BRAS_PF_PMC;ed. 1095;20;
BRASINDICE;1100;medicamento;0000079903;05;674-25302-FEUX;GLENMARK;FUROATO DE MOMETASONA MONOIDRATADO - GENERICO;50 mcg. sus. spray nasal ct. fr. spr. plas. pead. opc. x 60 acionamentos;FUROATO DE MOMETASONA MONOIDRATADO;7897473207004;1101302870016;90463331;521920040020007;S;N;1;30.46;41.99;30.46;41.99;;BRAS_PF_PMC;ed. 1095;20;
BRASINDICE;1100;medicamento;0000095125;05;473-25302-FXFW;NEO QUIMICA;FUROATO DE MOMETASONA MONOIDRATADO - GENERICO;Spray nasal 50 mcg 60 acion.;FUROATO DE MOMETASONA MONOIDRATADO;7896714296494;1558406990017;90611942;504625080100806;S;N;1;28.64;39.48;28.64;39.48;;BRAS_PF_PMC;ed. 1091;20;
BRASINDICE;1100;medicamento;0000095126;05;473-25302-FXFX;NEO QUIMICA;FUROATO DE MOMETASONA MONOIDRATADO - GENERICO;Spray nasal 50 mcg 120 acion.;FUROATO DE MOMETASONA MONOIDRATADO;7896714296500;1558406990025;90611950;504625080100906;S;N;1;40.55;55.89;40.55;55.89;;BRAS_PF_PMC;ed. 1091;20;
BRASINDICE;1100;medicamento;0000092621;05;809-18781-FUJW;SANTISA;FUROSANTISA (Restrito Hosp.);20 mg sol. inj. cx. 100 amps. vd. amb. x 2 ml;FUROSEMIDA;7898404220161;1018600180016;90198263;530700501154414;N;S;100;72.11;0;0.72;0;;BRAS_PF_PMC;ed. 1092;20;
BRASINDICE;1100;medicamento;0000067129;05;473-08112-EODJ;NEO QUIMICA;FUROSEMIDA - GENERICO;40 mg. ct. bl. al. plas. amb. x 20 cprs.;FUROSEMIDA;7896714234557;1558405000013;90348354;504616080041106;S;N;20;9.36;12.9;0.47;0.64;;BRAS_PF_PMC;ed. 1091;20;
BRASINDICE;1100;medicamento;0000067130;05;473-08112-EODK;NEO QUIMICA;FUROSEMIDA - GENERICO;40 mg. ct. bl. al. plas. amb. x 30 cprs.;FUROSEMIDA;7896714234564;1558405000021;90348362;504616080041206;S;N;30;18.31;25.24;0.61;0.84;;BRAS_PF_PMC;ed. 1091;20;
BRASINDICE;1100;medicamento;0000074600;05;100-08112-ACZK;GEOLAB;FUROSEMIDA - GENERICO;40 mg cx. 20 cprs.;FUROSEMIDA;7899095250949;1542302650019;90380070;510417100159706;S;N;20;9.2;12.68;0.46;0.63;;BRAS_PF_PMC;ed. 1094;20;
BRASINDICE;1100;medicamento;0000076337;05;517-08112-ACZK;PRATI DONADUZZI;FUROSEMIDA - GENERICO;40 mg cx. 20 cprs.;FUROSEMIDA;7899547504521;1256801950019;90433793;528519050157006;S;N;20;6.71;9.25;0.34;0.46;;BRAS_PF_PMC;ed. 1098;20;
BRASINDICE;1100;medicamento;0000077394;05;048-08112-FBKU;ACHE;FUROSEMIDA - GENERICO;40 mg bl. x 30 cprs.;FUROSEMIDA;7896181906582;1057305820019;90442393;552919110085017;S;N;30;18.07;24.91;0.6;0.83;;BRAS_PF_PMC;ed. 1091;20;
BRASINDICE;1100;medicamento;0000087871;05;473-08112-FOFL;NEO QUIMICA;FUROSEMIDA - GENERICO;40mg cx. 20 cprs.;FUROSEMIDA;7896714293240;1558405000013;90348354;504616080041106;S;N;20;9.36;12.9;0.47;0.64;;BRAS_PF_PMC;ed. 1091;20;
BRASINDICE;1100;medicamento;0000089332;05;100-08112-BJWJ;GEOLAB;FUROSEMIDA - GENERICO;40 mg cx. 30 cprs.;FUROSEMIDA;7899095203877;1542302650043;90380100;510417100160006;S;N;30;11.05;15.23;0.37;0.51;;BRAS_PF_PMC;ed. 1094;20;
BRASINDICE;1100;medicamento;0000092197;05;517-08112-AYSG;PRATI DONADUZZI;FUROSEMIDA - GENERICO;40 mg 30 cprs.;FUROSEMIDA;7899547550689;1256801950035;90598997;528524120211706;S;N;30;10.09;13.91;0.34;0.46;;BRAS_PF_PMC;ed. 1098;20;
BRASINDICE;1100;medicamento;0000095907;05;517-08112-FYCZ;PRATI DONADUZZI;FUROSEMIDA - GENERICO;40 mg ct. bl. al. plas. PVC amb. x 20 cprs.;;7899547563665;;;;S;;20;6.71;9.25;0.34;0.46;;BRAS_PF_PMC;ed. 1100;20;
BRASINDICE;1100;medicamento;0000095908;05;517-08112-FYDA;PRATI DONADUZZI;FUROSEMIDA - GENERICO;40 mg ct. bl. al. plas. PVC amb. x 30 cprs.;;7899547563672;;;;S;;30;10.09;13.91;0.34;0.46;;BRAS_PF_PMC;ed. 1100;20;
BRASINDICE;1100;medicamento;0000036874;05;170-18172-CNHQ;TEUTO BRAS.;FUROSEMIDA - GENERICO (Restrito Hosp.);10 mg/ml sol. inj. 60 amps. vd. x 2 ml (hosp.);FUROSEMIDA;7896112190677;1037002770037;90137930;520711306156110;S;S;60;85.13;0;1.42;0;;BRAS_PF_PMC;ed. 1096;20;
BRASINDICE;1100;medicamento;0000056612;05;436-18172-AWGF;HYPOFARMA;FUROSEMIDA - GENERICO (Restrito Hosp.);10 mg/ml cx. 100 x 2 ml (emb. hosp.);FUROSEMIDA;7898122910634;1038700380011;90099435;511800601154117;S;S;100;136.8;0;1.37;0;;BRAS_PF_PMC;ed. 1079;20;
BRASINDICE;1100;medicamento;0000071393;05;809-18172-CZVW;SANTISA;FUROSEMIDA - GENERICO (Restrito Hosp.);20 mg. sol. inj. cx. 100 amps. vd. amb. x 2 ml;FUROSEMIDA;7898404221168;1018600320012;90355466;530716080005806;S;S;100;149.51;0;1.5;0;;BRAS_PF_PMC;ed. 1092;20;
BRASINDICE;1100;medicamento;0000073338;05;517-18172-EWAG;PRATI DONADUZZI;FUROSEMIDA - GENERICO (Restrito Hosp.);40 mg bl. al. PVC opc. x 500 cprs. (emb. hosp.);FUROSEMIDA;7899547504538;1256801950027;90180755;528528902115114;S;S;500;169.61;0;0.34;0;;BRAS_PF_PMC;ed. 1098;20;
BRASINDICE;1100;medicamento;0000075332;05;555-18172-EYOM;HIPOLABOR;FUROSEMIDA - GENERICO (Restrito Hosp.);40 mg. cx. bl. al. plas. amb. x 500 cprs. (hosp.);FUROSEMIDA;7898123902546;1134301530031;90097327;511609203115112;S;S;500;295.33;0;0.59;0;;BRAS_PF_PMC;ed. 1092;20;
BRASINDICE;1100;medicamento;0000077007;05;555-18172-ETGQ;HIPOLABOR;FUROSEMIDA - GENERICO (Restrito Hosp.);10 mg/ml sol. inj. cx. 100 amps. vd. amb. x 2 ml (hosp.);FUROSEMIDA;7898123901082;1134301350015;90097300;511609201155117;S;S;100;76.24;0;0.76;0;;BRAS_PF_PMC;ed. 1092;20;
BRASINDICE;1100;medicamento;0000092622;05;809-18172-FUJV;SANTISA;FUROSEMIDA - GENERICO (Restrito Hosp.);20 mg sol. inj. ct. 2 amps. vd. amb. x 2 ml;FUROSEMIDA;7898404221359;1018600320020;90543017;530722080007706;S;S;2;2.99;0;1.5;0;;BRAS_PF_PMC;ed. 1092;20;
BRASINDICE;1100;medicamento;0000092623;05;809-18172-FUJU;SANTISA;FUROSEMIDA - GENERICO (Restrito Hosp.);20 mg sol. inj. ct. 5 amps. vd. amb. x 2 ml;FUROSEMIDA;7898404221366;1018600320039;90543025;530722080007806;S;S;5;7.46;0;1.49;0;;BRAS_PF_PMC;ed. 1092;20;
BRASINDICE;1100;medicamento;0000092624;05;809-18172-FUJT;SANTISA;FUROSEMIDA - GENERICO (Restrito Hosp.);20 mg sol. inj. cx. 50 amps. vd. amb. x 2 ml;FUROSEMIDA;7898404221373;1018600320047;90543033;530722080007906;S;S;50;74.73;0;1.49;0;;BRAS_PF_PMC;ed. 1092;20;
BRASINDICE;1100;medicamento;0000095913;05;517-18172-FYDE;PRATI DONADUZZI;FUROSEMIDA - GENERICO (Restrito Hosp.);40 mg ct. bl. al. plas. PVC amb. x 500 cprs. (emb. hosp.);;7899547563795;;;;S;S;500;168.65;0;0.34;0;;BRAS_PF_PMC;ed. 1100;20;
BRASINDICE;1100;medicamento;0000095914;05;517-18172-FYDH;PRATI DONADUZZI;FUROSEMIDA - GENERICO (Restrito Hosp.);40 mg ct. bl. al. plas. PVC amb. x 600 cprs. (emb. hosp.);;7899547563825;;;;S;S;600;202.39;0;0.34;0;;BRAS_PF_PMC;ed. 1100;20;
BRASINDICE;1100;medicamento;0000087093;05;048-26777-FNGN;ACHE;FUSOR;10 mg. bl. x 30 cprs. rev.;OXALATO DE ESCITALOPRAM;7896658039232;1057307920045;90536860;552922040143803;N;N;30;42.6;58.72;1.42;1.96;;BRAS_PF_PMC;ed. 1091;20;
BRASINDICE;1100;medicamento;0000087094;05;048-26777-FASE;ACHE;FUSOR;10 mg. bl. x 7 cprs. rev.;OXALATO DE ESCITALOPRAM;7896658039904;1057307920061;90536878;552922040143903;N;N;7;10.38;14.31;1.48;2.04;;BRAS_PF_PMC;ed. 1091;20;
BRASINDICE;1100;medicamento;0000087095;05;048-26777-FNGO;ACHE;FUSOR;20 mg. sol. or. fr. x 15 ml;OXALATO DE ESCITALOPRAM;7896658039577;1057307920071;90536886;552922040144003;N;N;1;71.17;98.1;71.17;98.1;;BRAS_PF_PMC;ed. 1091;20;
BRASINDICE;1100;medicamento;0000087096;05;048-26777-FNGP;ACHE;FUSOR;20 mg. bl. x 30 cprs. rev.;OXALATO DE ESCITALOPRAM;7896658039256;1057307920169;90536894;552922040144103;N;N;30;101.08;139.33;3.37;4.64;;BRAS_PF_PMC;ed. 1091;20;
BRASINDICE;1100;medicamento;0000087097;05;048-26777-FNGQ;ACHE;FUSOR;15 mg. bl. x 7 cprs. rev.;OXALATO DE ESCITALOPRAM;7896658039898;1057307920193;90536908;552922040144203;N;N;7;19.21;26.48;2.74;3.78;;BRAS_PF_PMC;ed. 1091;20;
BRASINDICE;1100;medicamento;0000087098;05;048-26777-FNGR;ACHE;FUSOR;15 mg. bl. x 30 cprs. rev.;OXALATO DE ESCITALOPRAM;7896658039249;1057307920241;90536916;552922040144303;N;N;30;86.76;119.59;2.89;3.99;;BRAS_PF_PMC;ed. 1091;20;
BRASINDICE;1100;medicamento;0000076880;05;361-24804-FAQC;UNITED MEDICAL;FYCOMPA;8 mg. ct. bl. al. plas. trans. x 28 cprs. rev.;PERAMPANEL;7898054580165;1257600290141;90475801;533220060003117;N;N;28;694.71;931.93;24.81;33.28;;BRAS_PF_PMC;ed. 1090;20;
BRASINDICE;1100;medicamento;0000076881;05;361-24804-FAQD;UNITED MEDICAL;FYCOMPA;6 mg. ct. bl. al. plas. trans. x 28 cprs. rev.;PERAMPANEL;7898054580158;1257600290192;90475810;533220060003217;N;N;28;597.19;801.11;21.33;28.61;;BRAS_PF_PMC;ed. 1090;20;
BRASINDICE;1100;medicamento;0000076882;05;361-24804-FAQE;UNITED MEDICAL;FYCOMPA;4 mg. ct. bl. al. plas. trans. x 28 cprs. rev.;PERAMPANEL;7898054580141;1257600290230;90475780;533220060002917;N;N;28;553.73;742.81;19.78;26.53;;BRAS_PF_PMC;ed. 1090;20;
BRASINDICE;1100;medicamento;0000076883;05;361-24804-FAQF;UNITED MEDICAL;FYCOMPA;2 mg. ct. bl. al. plas. trans. x 28 cprs. rev.;PERAMPANEL;7898054580134;1257600290281;90475798;533220060003017;N;N;28;276.86;371.4;9.89;13.26;;BRAS_PF_PMC;ed. 1090;20;
