fonte;edicao;tipo_item;codigo_fonte;tabela_fonte;chave_fonte;laboratorio;produto;apresentacao;principio_ativo;ean;registro_anvisa;codigo_tuss;ggrem;generico;restrito_hospitalar;qtd_embalagem;pf_total;pmc_total;pf_unit;pmc_unit;preco_ref;tipo_preco;vigencia;tabela87_sugerida;precos_extra
BRASINDICE;1094;medicamento;0000090681;05;893-20864-EFNK;VIEMED;N DERM;Creme gel 100 g;;7896230308930;;;;N;;1;165;0;165;0;;BRAS_PF_PMC;ed. 1066;20;
BRASINDICE;1100;medicamento;0000082797;05;1056-26039-FILR;MOKSHA 8;NABOTA;100 U po liof. sol. inj. ct. FA vd. trans. x 10 ml;TOXINA BOTULÍNICA A;7898953165210;1642500060011;90489306;562620080000807;N;S;1;1905.03;2625.89;1905.03;2625.89;;BRAS_PF_PMC;ed. 1092;20;
BRASINDICE;1100;medicamento;0000071300;05;062-13727-EUAW;EMS;NAC;600 mg. gran. 16 saches x 5 g;;7896004753980;1356902810121;90063848;531612304134413;N;;16;50.52;67.77;3.16;4.24;;BRAS_PF_PMC;ed. 1079;20;
BRASINDICE;1100;medicamento;0000071301;05;062-13727-EUAX;EMS;NAC;Xpe. inf. 20 mg/ml fr. 150 ml;;7896004753997;1356902810146;90063805;531612305130411;N;;1;24.08;32.3;24.08;32.3;;BRAS_PF_PMC;ed. 1079;20;
BRASINDICE;1100;medicamento;0000051659;05;034-20919-DREN;LIBBS;NACTALI;75 mcg bl. al. plas. trans. x 28 cprs. rev.;DESOGESTREL;7896094208117;1003301710015;90250788;523713020027404;N;N;28;37.11;51.15;1.33;1.83;;BRAS_PF_PMC;ed. 1094;20;
BRASINDICE;1100;medicamento;0000051660;05;034-20919-DREO;LIBBS;NACTALI;75 mcg bl. al. plas. trans. x 84 cprs. rev.;DESOGESTREL;7896094208124;1003301710023;90250796;523713020027504;N;N;84;91.62;126.29;1.09;1.5;;BRAS_PF_PMC;ed. 1094;20;
BRASINDICE;1100;medicamento;0000094461;05;1010-28686-FUWR;CELLERA FARMA;NAEVIA;300 mg ct. bl. al. plas. PVC/PVDC trans. x 30 cprs. rev.;CLORIDRATO DE TIAMINA;7893454715049;1044002330021;90626222;541726040024203;N;N;30;25.93;34.78;0.86;1.16;;BRAS_PF_PMC;ed. 1100;20;
BRASINDICE;1100;medicamento;0000094462;05;1010-28686-FJMX;CELLERA FARMA;NAEVIA;300 mg ct. bl. al. plas. PVC/PVDC trans. x 60 cprs. rev.;CLORIDRATO DE TIAMINA;7893454715056;1044002330031;90626230;541726040024303;N;N;60;51.78;69.47;0.86;1.16;;BRAS_PF_PMC;ed. 1100;20;
BRASINDICE;1100;medicamento;0000094463;05;1010-28686-FUWQ;CELLERA FARMA;NAEVIA;300 mg ct. bl. AL. plas. PVC/PVDC trans. x 8 cprs. rev.;CLORIDRATO DE TIAMINA;7893454715032;1044002330013;90626214;541726040024103;N;N;8;6.87;9.22;0.86;1.15;;BRAS_PF_PMC;ed. 1100;20;
BRASINDICE;1100;medicamento;0000080824;05;1049-25487-FGAB;BIOMARIN;NAGLAZYME;5,0 mg. sol. inj. ct. FA vd. inc. x 5 ml.;GALSULFASE;7898927503017;1733300010016;90284801;542413080000002;N;N;1;9352.08;12545.48;9352.08;12545.48;;BRAS_PF_PMC;ed. 1093;20;
BRASINDICE;1100;medicamento;0000084640;05;072-26395-FKRZ;EUROFARMA;NAIRE;20 mg ct. bl. al/al x 4 cprs.;;7891317011406;1004313480018;90527437;508022010149504;N;;4;13.92;18.67;3.48;4.67;;BRAS_PF_PMC;ed. 1091;20;
BRASINDICE;1100;medicamento;0000084641;05;072-26395-FKSA;EUROFARMA;NAIRE;20 mg ct. bl. al/al x 15 cprs.;BILASTINA;7891317011390;1004313480042;90527445;508022010149604;N;N;15;52.17;69.98;3.48;4.67;;BRAS_PF_PMC;ed. 1091;20;
BRASINDICE;1100;medicamento;0000084642;05;072-26395-FKSB;EUROFARMA;NAIRE;20 mg ct. bl. al/al x 30 cprs.;BILASTINA;7891317011383;1004313480069;90527453;508022010149704;N;N;30;104.36;140;3.48;4.67;;BRAS_PF_PMC;ed. 1091;20;
BRASINDICE;1100;medicamento;0000093018;05;369-28327-FUYR;HALEX ISTAR;NALBLI (Restrito Hosp.);Ampolas de Vidro Ambar 1 ml - cx. c/50 unidades (10 mg/ml);CLORIDRATO DE NALBUFINA;7896727870834;1031101840026;90543823;511222090047604;N;S;50;1023.18;0;20.46;0;;BRAS_PF_PMC;ed. 1098;20;
BRASINDICE;1100;medicamento;0000060513;05;930-11400-FLAS;RECKITT BENCKISER;NALDECON DIA;800 mg + 20 mg cx. bl. al. al. x 50 cprs. amarelo + 50 cprs. branco;;7896016805615;1739000060025;90388712;540117100003418;N;;50;203.36;271.06;4.07;5.42;;BRAS_PF_PMC;ed. 1042;20;
BRASINDICE;1100;medicamento;0000060521;05;930-11400-FLAR;RECKITT BENCKISER;NALDECON DIA;800 mg + 20 mg ct. bl. al. al. x 12 cprs. amarelo + 12 cprs. branco;"PARACETAMOL;CLORIDRATO DE FENILEFRINA";7896016805608;1739000060017;90388704;540117100003318;N;N;12;34.92;46.55;2.91;3.88;;BRAS_PF_PMC;ed. 1040;20;
BRASINDICE;1100;medicamento;0000090299;05;930-27685-FRMM;RECKITT BENCKISER;NALDECON FEBRE;750 mg ct. bl. al. plas. inc. x 20 cprs.;;7898962943366;;;;N;;20;29.38;39.41;1.47;1.97;;BRAS_PF_PMC;ed. 1066;20;
BRASINDICE;1100;medicamento;0000090301;05;930-27685-FRMN;RECKITT BENCKISER;NALDECON FEBRE;750 mg ct. bl. al. plas. inc. x 200 cprs. (20 bl. x 10 cprs.);;7898962943403;;;;N;;200;307.7;412.77;1.54;2.06;;BRAS_PF_PMC;ed. 1090;20;
BRASINDICE;1100;medicamento;0000090302;05;930-27685-FRMO;RECKITT BENCKISER;NALDECON FEBRE;750 mg ct. bl. al. plas. inc. x 200 cprs. (50 bl. x 4 cprs.);;7898962943380;;;;N;;200;327.36;439.14;1.64;2.2;;BRAS_PF_PMC;ed. 1090;20;
BRASINDICE;1100;medicamento;0000090303;05;930-27685-FRMP;RECKITT BENCKISER;NALDECON FEBRE;32 mg/ml sol. or. ct. fr. opc. x 120 + copo dosador;;7896016809095;;;;N;;120;50;67.07;0.42;0.56;;BRAS_PF_PMC;ed. 1066;20;
BRASINDICE;1100;medicamento;0000090306;05;930-27685-FRMQ;RECKITT BENCKISER;NALDECON FEBRE;100 mg/ml sol. or. ct. fr. plas. opc. x 30 ml + dosador;;7898962943335;;;;N;;120;55.15;73.99;0.46;0.62;;BRAS_PF_PMC;ed. 1066;20;
BRASINDICE;1100;medicamento;0000084621;05;930-26392-FKRK;RECKITT BENCKISER;NALDECON MULTI;800 mg + 20 mg ct. bl. al/al x 8 cprs. amarelo + 8 cprs. branco;"PARACETAMOL;CLORIDRATO DE FENILEFRINA";7896222721198;1739000120079;90530802;540122010005307;N;N;8;28.64;38.42;3.58;4.8;;BRAS_PF_PMC;ed. 1090;20;
BRASINDICE;1100;medicamento;0000084622;05;930-26392-FKRL;RECKITT BENCKISER;NALDECON MULTI;800 mg + 20 mg cx. bl. al/al x 20 cprs. amarelo + 20 cprs. branco;"PARACETAMOL;CLORIDRATO DE FENILEFRINA";7898962943052;1739000120087;90530810;540122010005407;N;N;20;87.57;117.47;4.38;5.87;;BRAS_PF_PMC;ed. 1090;20;
BRASINDICE;1100;medicamento;0000060515;05;930-13499-FLAT;RECKITT BENCKISER;NALDECON NOITE;400 mg + 20 mg cprs. amarelo/400 mg + 4 mg cprs. laranja ct. bl. al. al x 12 + 12;"PARACETAMOL;MALEATO DE CARBINOXAMINA;CLORIDRATO DE FENILEFRINA";7896016806261;1739000070020;90388720;540117100003518;N;N;12;48.97;65.69;4.08;5.47;;BRAS_PF_PMC;ed. 1090;20;
BRASINDICE;1100;medicamento;0000060516;05;930-13499-FLAU;RECKITT BENCKISER;NALDECON NOITE;400 mg + 20 mg cprs. amarelo/400 mg + 4 mg cprs. laranja disp. bl. al. al x 100 + 100;"PARACETAMOL;MALEATO DE CARBINOXAMINA;CLORIDRATO DE FENILEFRINA";7896016806247;1739000070047;90388739;540117100003618;N;N;100;585.13;784.93;5.85;7.85;;BRAS_PF_PMC;ed. 1090;20;
BRASINDICE;1100;medicamento;0000060518;05;930-18695-FLAV;RECKITT BENCKISER;NALDECON PACK;400 mg + (400 mg + 20 mg) + (400 mg + 4 mg) ct. bl. al. al. x 8 +12 + 4 cprs.;"PARACETAMOL;MALEATO DE CARBINOXAMINA;CLORIDRATO DE FENILEFRINA";7896016807213;1739000080018;90388755;540117100003818;N;N;12;48.38;64.9;4.03;5.41;;BRAS_PF_PMC;ed. 1090;20;
BRASINDICE;1100;medicamento;0000060519;05;930-18695-FLAW;RECKITT BENCKISER;NALDECON PACK;400 mg + (400 mg + 20 mg) + (400 mg + 4 mg) cx. bl. al. al. x 50 +75 +25 cprs.;"PARACETAMOL;MALEATO DE CARBINOXAMINA;CLORIDRATO DE FENILEFRINA";7896016807220;1739000080026;90388747;540117100003718;N;N;75;391.99;525.84;5.23;7.01;;BRAS_PF_PMC;ed. 1090;20;
BRASINDICE;1100;medicamento;0000082425;05;930-18695-FLAX;RECKITT BENCKISER;NALDECON PACK;400 mg + (400 mg + 20 mg) + (400 mg + 4 mg) cx. bl. al. al x 20 + 30 + 10 cprs.;;7891035990786;1739000080050;90430263;540119040004403;N;;30;147.29;196.33;4.91;6.54;;BRAS_PF_PMC;ed. 1042;20;
BRASINDICE;1100;medicamento;0000070763;05;581-11649-FTOJ;CAZI;NALURIL;500 mg comp ct env al poliet x 56;;7893736030051;;;;N;;56;130.18;174.63;2.32;3.12;;BRAS_PF_PMC;ed. 1097;20;
BRASINDICE;1100;medicamento;0000002756;05;034-03801-AAVO;LIBBS;NAPRIX;5 mg. x 30 cprs. or.;RAMIPRIL;7896094206366;1003300860102;90314123;523714060030703;N;N;30;64.28;88.6;2.14;2.95;;BRAS_PF_PMC;ed. 1094;20;
BRASINDICE;1100;medicamento;0000002758;05;034-03801-BAKI;LIBBS;NAPRIX;2,5 mg. x 30 cprs.;RAMIPRIL;7896094206342;1003300860080;90314115;523714060030603;N;N;30;64.28;88.6;2.14;2.95;;BRAS_PF_PMC;ed. 1094;20;
BRASINDICE;1100;medicamento;0000060768;05;034-03801-EDKE;LIBBS;NAPRIX;10 mg. x 30 cprs.;RAMIPRIL;7896094206380;1003300860129;90314131;523714060030803;N;N;30;64.28;88.6;2.14;2.95;;BRAS_PF_PMC;ed. 1094;20;
BRASINDICE;1100;medicamento;0000080959;05;034-03801-FGDY;LIBBS;NAPRIX;2,5 mg. x 90 cprs.;RAMIPRIL;7896094210707;1003300860153;90502558;523720110045007;N;N;90;142.01;195.75;1.58;2.17;;BRAS_PF_PMC;ed. 1097;20;
BRASINDICE;1100;medicamento;0000080960;05;034-03801-FGDZ;LIBBS;NAPRIX;5 mg. x 90 cprs.;RAMIPRIL;7896094210714;1003300860171;90502574;523720110045207;N;N;90;142.01;195.75;1.58;2.17;;BRAS_PF_PMC;ed. 1097;20;
BRASINDICE;1100;medicamento;0000080961;05;034-03801-FGEA;LIBBS;NAPRIX;10 mg. x 90 cprs.;RAMIPRIL;7896094210721;1003300860196;90502566;523720110045107;N;N;90;142.01;195.75;1.58;2.17;;BRAS_PF_PMC;ed. 1097;20;
BRASINDICE;1100;medicamento;0000012048;05;034-11358-BMOJ;LIBBS;NAPRIX A;2,5/5 mg x 30 caps.;"RAMIPRIL;BESILATO DE ANLODIPINO";7896094201385;1003300960204;90144996;523702902110319;N;N;30;58;79.95;1.93;2.66;;BRAS_PF_PMC;ed. 1094;20;
BRASINDICE;1100;medicamento;0000012049;05;034-11358-BMOK;LIBBS;NAPRIX A;5/5 mg x 30 caps.;"RAMIPRIL;BESILATO DE ANLODIPINO";7896094201392;1003300960239;90145003;523702903117317;N;N;30;58;79.95;1.93;2.66;;BRAS_PF_PMC;ed. 1094;20;
BRASINDICE;1100;medicamento;0000012050;05;034-11358-BSCG;LIBBS;NAPRIX A;10/5 mg. 30 caps. gel. dura;"RAMIPRIL;BESILATO DE ANLODIPINO";7896094201811;1003300960263;90144988;523702901114213;N;N;30;58;79.95;1.93;2.66;;BRAS_PF_PMC;ed. 1094;20;
BRASINDICE;1100;medicamento;0000039631;05;034-11358-DAFU;LIBBS;NAPRIX A;10/10 mg. 30 caps. gel. dura;"RAMIPRIL;BESILATO DE ANLODIPINO";7896094202603;1003300960271;90250460;523713050027813;N;N;30;58;79.95;1.93;2.66;;BRAS_PF_PMC;ed. 1094;20;
BRASINDICE;1100;medicamento;0000030585;05;034-16937-BEHW;LIBBS;NAPRIX D;5/12,5 mg. 30 cprs.;;7896094201293;1003300940025;90145011;523703001117419;N;;30;56.03;77.23;1.87;2.57;;BRAS_PF_PMC;ed. 1094;20;
BRASINDICE;1100;medicamento;0000030587;05;034-16937-BEHX;LIBBS;NAPRIX D;5/25 mg. 30 caps.;"HIDROCLOROTIAZIDA;RAMIPRIL";7896094203259;1003301780056;90314190;523715070031403;N;N;30;56.66;78.1;1.89;2.6;;BRAS_PF_PMC;ed. 1094;20;
BRASINDICE;1100;medicamento;0000082924;05;034-16937-FIPE;LIBBS;NAPRIX D;5/12,5 mg 30 caps. dura;"HIDROCLOROTIAZIDA;RAMIPRIL";7896094203266;1003301780048;90460731;523720020041307;N;N;30;56.66;78.1;1.89;2.6;;BRAS_PF_PMC;ed. 1094;20;
BRASINDICE;1100;medicamento;0000011816;05;473-11211-BLYA;NEO QUIMICA;NAPRONAX;550 mg cx. 1 bl. x 10 cprs.;NAPROXENO SÓDICO;7896714218700;1558405790014;90486595;504620080077707;N;N;10;24.9;33.4;2.49;3.34;;BRAS_PF_PMC;ed. 1091;20;
BRASINDICE;1100;medicamento;0000092375;05;001-11485-EJEX;UNIAO QUIMICA;NAPROXENO - GENERICO;500 mg. ct. bl. al. plas. pvc trans. x 10 cprs. rev.;NAPROXENO;7896006220299;1049715450024;90603680;533025020092307;S;N;10;13.53;18.15;1.35;1.82;;BRAS_PF_PMC;ed. 1091;20;
BRASINDICE;1100;medicamento;0000092376;05;001-11485-FUBE;UNIAO QUIMICA;NAPROXENO - GENERICO;500 mg. ct. bl. al. plas. pvc trans. x 20 cprs. rev.;NAPROXENO;7896006220305;1049715450032;90603699;533025020092407;S;N;20;24.52;32.89;1.23;1.64;;BRAS_PF_PMC;ed. 1096;20;
BRASINDICE;1100;medicamento;0000016939;05;473-13773-BXMR;NEO QUIMICA;NAPROXENO SODICO - GENERICO;550 mg. cx. 20 cprs.;NAPROXENO SÓDICO;7896714214399;1558401610021;90366395;504616120048217;S;N;20;53.22;71.39;2.66;3.57;;BRAS_PF_PMC;ed. 1091;20;
BRASINDICE;1100;medicamento;0000053300;05;473-13773-CKON;NEO QUIMICA;NAPROXENO SODICO - GENERICO;550 mg. cx. 10 cprs.;NAPROXENO SÓDICO;7896714214405;1558401610011;90366387;504616120048117;S;N;10;22.43;30.09;2.24;3.01;;BRAS_PF_PMC;ed. 1091;20;
BRASINDICE;1100;medicamento;0000084634;05;591-13773-FKRT;GERMED;NAPROXENO SODICO - GENERICO;550 mg 10 cprs. rev.;NAPROXENO SÓDICO;7896004775128;1058309780133;90499891;526120110127707;S;N;10;23.84;31.98;2.38;3.2;;BRAS_PF_PMC;ed. 1098;20;
BRASINDICE;1100;medicamento;0000084635;05;591-13773-FKRU;GERMED;NAPROXENO SODICO - GENERICO;550 mg 20 cprs. rev.;NAPROXENO SÓDICO;7896004775135;1058309780141;90499905;526120110127807;S;N;20;55.7;74.72;2.78;3.74;;BRAS_PF_PMC;ed. 1092;20;
BRASINDICE;1100;medicamento;0000094497;05;072-13773-FWUO;EUROFARMA;NAPROXENO SODICO - GENERICO;550 mg ct. bl. al. plas. PVDC/PVC trans. x 10 cprs. rev.;NAPROXENO SÓDICO;7891317039189;1004316500026;;508025120197607;S;N;10;14.8;19.85;1.48;1.98;;BRAS_PF_PMC;ed. 1091;20;
BRASINDICE;1100;medicamento;0000094498;05;072-13773-FWUP;EUROFARMA;NAPROXENO SODICO - GENERICO;550 mg ct. bl. al. plas. PVDC/PVC trans. x 20 cprs. rev.;NAPROXENO SÓDICO;7891317039196;1004316500042;;508025120197707;S;N;20;29.59;39.69;1.48;1.98;;BRAS_PF_PMC;ed. 1091;20;
BRASINDICE;1100;medicamento;0000004420;05;562-06198-AUOE;GLAXOSMITHKLINE;NARAMIG;2,5 mg. cx. 4 cprs.;CLORIDRATO DE NARATRIPTANA;7896269900983;1010702590021;90089383;510605201111316;N;N;4;20.55;28.33;5.14;7.08;;BRAS_PF_PMC;ed. 1095;20;
BRASINDICE;1100;medicamento;0000052288;05;173-21073-DFWR;LEGRAND;NARANETY;2,5 mg. bl. 4 cprs. rev.;CLORIDRATO DE NARATRIPTANA;7896004734132;1677306690022;90526775;538819101116419;N;N;4;13.4;18.52;3.35;4.63;;BRAS_PF_PMC;ed. 1079;20;
BRASINDICE;1100;medicamento;0000052290;05;173-21073-DRWD;LEGRAND;NARANETY;2,5 mg. bl. 12 cprs. rev.;CLORIDRATO DE NARATRIPTANA;7896004739663;1677306690057;90526805;538819102112417;N;N;12;43.12;59.61;3.59;4.97;;BRAS_PF_PMC;ed. 1079;20;
BRASINDICE;1100;medicamento;0000087495;05;173-21073-FNSW;LEGRAND;NARANETY;2,5 mg 12 cprs. rev.;CLORIDRATO DE NARATRIPTANA;7896004787749;1677306690057;90526805;538821110107807;N;N;12;45.18;62.28;3.76;5.19;;BRAS_PF_PMC;ed. 1092;20;
BRASINDICE;1100;medicamento;0000087496;05;173-21073-FNSX;LEGRAND;NARANETY;2,5 mg 4 cprs. rev.;CLORIDRATO DE NARATRIPTANA;7896004787732;1677306690022;90526775;538821110107707;N;N;4;14.02;19.33;3.5;4.83;;BRAS_PF_PMC;ed. 1092;20;
BRASINDICE;1100;medicamento;0000094022;05;790-21888-FWHP;MULTILAB;NARATANO;2,5 mg c/10 cprs. rev.;CLORIDRATO DE NARATRIPTANA;7895296449793;1181903790041;90556909;607023020083603;N;N;10;39.14;53.95;3.91;5.4;;BRAS_PF_PMC;ed. 1092;20;
BRASINDICE;1100;medicamento;0000094023;05;790-21888-FWHQ;MULTILAB;NARATANO;2,5 mg c/4 cprs. rev.;CLORIDRATO DE NARATRIPTANA;7895296449809;1181903790023;90556887;607023020083503;N;N;4;14.65;20.19;3.66;5.05;;BRAS_PF_PMC;ed. 1092;20;
BRASINDICE;1100;medicamento;0000094394;05;790-21888-FWSA;MULTILAB;NARATANO;2,5 mg 8 cprs. rev.;CLORIDRATO DE NARATRIPTANA;7898103651075;1181903790090;90622510;607026020120403;N;N;8;33.23;45.8;4.15;5.72;;BRAS_PF_PMC;ed. 1092;20;
BRASINDICE;1100;medicamento;0000044408;05;062-19689-DFWR;EMS;NARATRIN;2,5 mg. bl. 4 cprs. rev.;CLORIDRATO DE NARATRIPTANA;7896004733531;1023513900025;90524241;507745801111413;N;N;4;18.78;25.96;4.7;6.49;;BRAS_PF_PMC;ed. 1079;20;
BRASINDICE;1100;medicamento;0000061215;05;062-19689-EDYL;EMS;NARATRIN;2,5 mg. 12 cprs. rev.;CLORIDRATO DE NARATRIPTANA;7896004755151;1023513900051;90524276;541815080013403;N;N;12;47.95;66.29;4;5.52;;BRAS_PF_PMC;ed. 1079;20;
BRASINDICE;1100;medicamento;0000087497;05;062-19689-FNSX;EMS;NARATRIN;2,5 mg 4 cprs. rev.;CLORIDRATO DE NARATRIPTANA;7896004787701;1023513900025;90524241;541821110174103;N;N;4;19.23;26.58;4.81;6.64;;BRAS_PF_PMC;ed. 1079;20;
BRASINDICE;1100;medicamento;0000087498;05;062-19689-FNSW;EMS;NARATRIN;2,5 mg 12 cprs. rev.;CLORIDRATO DE NARATRIPTANA;7896004787718;1023513900051;90524276;541821110174203;N;N;12;49.1;67.88;4.09;5.66;;BRAS_PF_PMC;ed. 1079;20;
BRASINDICE;1100;medicamento;0000001504;05;348-01862-AEJM;CRISTALIA;NARCAN (Restrito Hosp.);0,4 mg/ml 10 amps. 1 ml;CLORIDRATO DE NALOXONA;7896676408225;1029802830033;90047087;506709901152411;N;S;10;145.99;0;14.6;0;;BRAS_PF_PMC;ed. 1094;20;
BRASINDICE;1100;medicamento;0000001505;05;062-01866-AEJO;EMS;NARIDRIN;Ad. 15 ml.;"CLORIDRATO DE NAFAZOLINA;DEXPANTENOL;MALEATO DE MEPIRAMINA";7896004803456;1023501450046;90631196;507718102176411;N;N;1;17.69;23.73;17.69;23.73;;BRAS_PF_PMC;ed. 1079;20;
BRASINDICE;1100;medicamento;0000001506;05;062-01866-AEJP;EMS;NARIDRIN;Inf. 15 ml.;"CLORIDRATO DE NAFAZOLINA;DEXPANTENOL;MALEATO DE MEPIRAMINA";7896004803463;1023501450016;90058003;507718103172411;N;N;1;17.04;22.86;17.04;22.86;;BRAS_PF_PMC;ed. 1079;20;
BRASINDICE;1100;medicamento;0000001507;05;062-01866-AOZQ;EMS;NARIDRIN;12 H gts. 1 x 30 ml;"CLORIDRATO DE NAFAZOLINA;DEXPANTENOL;MALEATO DE MEPIRAMINA";7896004714578;1023501450054;90255976;507718101171416;N;N;1;28.37;38.06;28.37;38.06;;BRAS_PF_PMC;ed. 1079;20;
BRASINDICE;1100;medicamento;0000073442;05;516-13868-BYAN;ASPEN PHARMA;NAROPIN (Restrito Hosp.);10 mg/ml. sol. inj. cx. 5 amps. plas. x 20 ml. est. ind. est.;CLORIDRATO DE ROPIVACAÍNA;7895858016913;1376401570058;90397673;505618010042117;N;S;5;402.43;0;80.49;0;;BRAS_PF_PMC;ed. 1092;20;
BRASINDICE;1100;medicamento;0000073443;05;516-13868-BYAO;ASPEN PHARMA;NAROPIN (Restrito Hosp.);10 mg/ml. sol. inj. cx. 5 amps. plas. x 10 ml. est. ind. est.;CLORIDRATO DE ROPIVACAÍNA;7895858016906;1376401570041;90397681;505618010042217;N;S;5;201.13;0;40.23;0;;BRAS_PF_PMC;ed. 1092;20;
BRASINDICE;1100;medicamento;0000073444;05;516-13868-BYAP;ASPEN PHARMA;NAROPIN (Restrito Hosp.);2 mg/ml. sol. inj. ct. 5 amps. plas. x 20 ml. est. ind. est.;CLORIDRATO DE ROPIVACAÍNA;7895858016883;1376401570015;90397665;505618010042017;N;S;5;259.88;0;51.98;0;;BRAS_PF_PMC;ed. 1092;20;
BRASINDICE;1100;medicamento;0000073445;05;516-13868-BYAR;ASPEN PHARMA;NAROPIN (Restrito Hosp.);7,5 mg/ml. sol. inj. ct. 5 amps. plas. x 20 ml. est. ind. est.;CLORIDRATO DE ROPIVACAÍNA;7895858016890;1376401570031;90397690;505618010042317;N;S;5;297.46;0;59.49;0;;BRAS_PF_PMC;ed. 1092;20;
BRASINDICE;1094;medicamento;0000091945;05;620-28026-FTLL;MEDQUIMICA;NASALFREE;9 mg/mL spray frs. 50 ml;;7896862940126;;;;N;;1;30.17;0;30.17;0;;BRAS_PF_PMC;ed. 1092;20;
BRASINDICE;1094;medicamento;0000091946;05;620-28027-FTLM;MEDQUIMICA;NASALFREE ALTO VOLUME;0,9% po + aplic.;;7896862993351;;;;N;;1;82.71;0;82.71;0;;BRAS_PF_PMC;ed. 1092;20;
BRASINDICE;1094;medicamento;0000091947;05;620-28027-FTLN;MEDQUIMICA;NASALFREE ALTO VOLUME;0,9% po refil;;7896862993368;;;;N;;1;68.93;0;68.93;0;;BRAS_PF_PMC;ed. 1092;20;
BRASINDICE;1100;medicamento;0000012828;05;001-11844-BMGX;UNIAO QUIMICA;NASALIV;Sol. oral fr. 60 ml + cp. med.;"PARACETAMOL;MALEATO DE CARBINOXAMINA;CLORIDRATO DE FENILEFRINA";7896006272724;1049711640147;90209133;533008001136414;N;N;1;14;18.78;14;18.78;;BRAS_PF_PMC;ed. 1091;20;
BRASINDICE;1094;medicamento;0000080255;05;703-25282-FTQG;MYRALIS;NASOAR (NOTIF.SIMPLIF.);2,106 g gran. sol. ct. 30 env. refil.;;7898430193477;;;;N;;30;41.8;0;1.39;0;;BRAS_PF_PMC;ed. 1091;20;
BRASINDICE;1094;medicamento;0000087924;05;703-25282-FTQI;MYRALIS;NASOAR (NOTIF.SIMPLIF.);2,106 g gran. sol. ct. 15 env. + fr. or.;;7898430192586;;;;N;;15;30.38;0;2.03;0;;BRAS_PF_PMC;ed. 1091;20;
BRASINDICE;1094;medicamento;0000088503;05;703-25282-FTQF;MYRALIS;NASOAR (NOTIF.SIMPLIF.);2,106 g gran. sol. ct. 30 env. or. + fr.;;7898430193484;;;;N;;30;45.6;0;1.52;0;;BRAS_PF_PMC;ed. 1091;20;
BRASINDICE;1094;medicamento;0000086843;05;703-26719-FMYH;MYRALIS;NASOAR INFANTIL (NOTIF.SIMPLIF.);1,08 g sol. 15 env. or. x fr.;;7898430194290;;;;N;;15;34.18;0;2.28;0;;BRAS_PF_PMC;ed. 1091;20;
BRASINDICE;1094;medicamento;0000088506;05;703-26719-FTQH;MYRALIS;NASOAR INFANTIL (NOTIF.SIMPLIF.);1,08 g sol. 15 env. ref. or.;;7898430194283;;;;N;;15;26.58;0;1.77;0;;BRAS_PF_PMC;ed. 1091;20;
BRASINDICE;1094;medicamento;0000087926;05;703-27111-FOHG;MYRALIS;NASOAR LOTA;15 envelopes;;7898430194955;;;;N;;15;56.41;0;3.76;0;;BRAS_PF_PMC;ed. 1091;20;
BRASINDICE;1094;medicamento;0000088226;05;703-27208-FOSJ;MYRALIS;NASOAR XT (NOTIF.SIMPLIF.);5% po 14,55 g 15 env (refil);;7898430194511;;;;N;;15;63.76;0;4.25;0;;BRAS_PF_PMC;ed. 1091;20;
BRASINDICE;1094;medicamento;0000088227;05;703-27208-FOSK;MYRALIS;NASOAR XT (NOTIF.SIMPLIF.);5% po 14,55 g 15 env. + frasco or.;;7898430194528;;;;N;;15;71.83;0;4.79;0;;BRAS_PF_PMC;ed. 1091;20;
BRASINDICE;1094;medicamento;0000088504;05;703-27208-FPCU;MYRALIS;NASOAR XT (NOTIF.SIMPLIF.);2,160 g gran. sol. c/15 env. + fr.;;7898430194122;;;;N;;15;60.72;0;4.05;0;;BRAS_PF_PMC;ed. 1091;20;
BRASINDICE;1094;medicamento;0000088505;05;703-27208-FPCV;MYRALIS;NASOAR XT (NOTIF.SIMPLIF.);2,160 g gran. sol. c/15 env. (refil);;7898430194115;;;;N;;15;53.01;0;3.53;0;;BRAS_PF_PMC;ed. 1091;20;
BRASINDICE;1100;medicamento;0000091948;05;620-21958-FTLO;MEDQUIMICA;NASOCLEAN;9 mg/ml fr. 100 ml;CLORETO DE SÓDIO;7896862994297;1091701450011;90602269;525125010037317;N;N;1;41.92;56.23;41.92;56.23;;BRAS_PF_PMC;ed. 1092;20;
BRASINDICE;1100;medicamento;0000062212;05;676-22464-EFFA;CIFARMA;NASOFLUID;Ad. 0,5 mg/ml 30 ml;CLORIDRATO DE NAFAZOLINA;7898495602808;1156001680053;90042000;506315001179411;N;N;1;8.84;11.86;8.84;11.86;;BRAS_PF_PMC;ed. 1067;20;
BRASINDICE;1100;medicamento;0000056920;05;547-28268-DXTL;FARMACE;NASOLIVE (NOTIF.SIMPLIF.);30 ml - frasco;;7898166042544;;;;N;;1;12.36;16.5;12.36;16.5;;BRAS_PF_PMC;ed. 1094;20;
BRASINDICE;1100;medicamento;0000056921;05;547-28269-DXTM;FARMACE;NASOLIVE (NOTIF.SIMPLIF.) (Restrito Hosp.);30 ml - cx. c/100;;7898166042568;;;;N;S;100;1010.87;0;10.11;0;;BRAS_PF_PMC;ed. 1094;20;
BRASINDICE;1100;medicamento;0000084032;05;095-05302-BCJG;ORGANON;NASONEX;Spray nasal 60 atom.;FUROATO DE MOMETASONA MONOIDRATADO;7897337716550;1002902170025;90538013;525522080024917;N;N;1;37.48;51.66;37.48;51.66;;BRAS_PF_PMC;ed. 1095;20;
BRASINDICE;1100;medicamento;0000084033;05;095-05302-APWE;ORGANON;NASONEX;Spray nasal fr. 120 atom.;FUROATO DE MOMETASONA MONOIDRATADO;7897337716543;1002902170017;90538005;525522080024817;N;N;1;52.23;71.99;52.23;71.99;;BRAS_PF_PMC;ed. 1095;20;
BRASINDICE;1094;medicamento;0000061020;05;376-22285-EDRE;HEBRON;NATIBEM;60 caps. gel. moles;;7896685303016;;;;N;;60;99.28;0;1.65;0;;BRAS_PF_PMC;ed. 1090;20;
BRASINDICE;1100;medicamento;0000012046;05;034-11356-BMOH;LIBBS;NATIFA;1 mg x 28 cprs.;ESTRADIOL HEMI-HIDRATADO;7896094201460;1003301030014;90145038;523703101111412;N;N;28;56.43;77.78;2.02;2.78;;BRAS_PF_PMC;ed. 1094;20;
BRASINDICE;1100;medicamento;0000012047;05;034-11357-BMOI;LIBBS;NATIFA PRO;1 mg. + 0,5 mg x 28 cprs.;"ESTRADIOL HEMI-HIDRATADO;ACETATO DE NORETISTERONA";7896094201477;1003301060010;90145046;523703201116416;N;N;28;71.82;99;2.56;3.54;;BRAS_PF_PMC;ed. 1094;20;
BRASINDICE;1100;medicamento;0000081393;05;034-25619-FGUM;LIBBS;NATIFA PRO UBD;28 cprs. rev. or.;"ESTRADIOL HEMI-HIDRATADO;ACETATO DE NORETISTERONA";7896094208506;1003302110011;90483243;523720090044607;N;N;28;71.82;99;2.56;3.54;;BRAS_PF_PMC;ed. 1094;20;
BRASINDICE;1100;medicamento;0000001516;05;368-01877-AUUA;SERVIER;NATRILIX;1,5 mg. SR 30 cprs. rev.;INDAPAMIDA;7898029556829;1127800480086;90343395;531315120007403;N;N;30;45.57;62.81;1.52;2.09;;BRAS_PF_PMC;ed. 1099;20;
BRASINDICE;1100;medicamento;0000001517;05;368-01877-BFYF;SERVIER;NATRILIX;1,5 mg. SR 15 cprs. rev.;INDAPAMIDA;7898029556836;1127800480078;90343387;531315120007303;N;N;15;22.78;31.4;1.52;2.09;;BRAS_PF_PMC;ed. 1099;20;
BRASINDICE;1100;medicamento;0000043870;05;368-01877-DFJT;SERVIER;NATRILIX;2,5 mg. 30 drags.;INDAPAMIDA;7898029556539;1127800480027;90134222;531301002111319;N;N;30;46.7;64.37;1.56;2.15;;BRAS_PF_PMC;ed. 1099;20;
BRASINDICE;1100;medicamento;0000055009;05;368-01877-DVGQ;SERVIER;NATRILIX;1,5 mg. SR 60 cprs. rev.;INDAPAMIDA;7898029556812;1127800480132;90269136;531313050005803;N;N;60;66.01;90.99;1.1;1.52;;BRAS_PF_PMC;ed. 1099;20;
BRASINDICE;1100;medicamento;0000093550;05;605-14853-FOFA;BRAINFARMA;NATURETTI;Ct. bl. al. plas. PVC/ACLAR trans. x 16 caps. dura;"CASSIA FISTULA L.;SENNA ALEXANDRINA MILL.";7896714292168;1558406440051;90559002;504623020091717;N;N;16;55.94;75.04;3.5;4.69;;BRAS_PF_PMC;ed. 1084;20;
BRASINDICE;1100;medicamento;0000093551;05;605-14853-FOEZ;BRAINFARMA;NATURETTI;Gel cx. fr. vd. trans. x 130 g;"CASSIA FISTULA L.;SENNA ALEXANDRINA MILL.";7896714295909;1558406440017;90558995;504623020091617;N;N;1;64.94;87.11;64.94;87.11;;BRAS_PF_PMC;ed. 1074;20;
BRASINDICE;1100;medicamento;0000093552;05;605-14853-FVSS;BRAINFARMA;NATURETTI;Gel fr. 130 g;"CASSIA FISTULA L.;SENNA ALEXANDRINA MILL.";7896714296432;1558406440017;90558995;504623020091617;N;N;1;70;93.9;70;93.9;;BRAS_PF_PMC;ed. 1084;20;
BRASINDICE;1100;medicamento;0000093553;05;605-14853-FVSS;BRAINFARMA;NATURETTI;Gel fr. 130 g;"CASSIA FISTULA L.;SENNA ALEXANDRINA MILL.";7896714292151;1558406440017;90558995;504623020091617;N;N;1;70;93.9;70;93.9;;BRAS_PF_PMC;ed. 1084;20;
BRASINDICE;1100;medicamento;0000090840;05;173-27795-FSCJ;LEGRAND;NATUS GERIN;2 bl. x 15 caps.;"NICOTINAMIDA;BITARTARATO DE COLINA;PALMITATO DE RETINOL;PANAX GINSENG C. A. MEY.;SULFATO FERROSO;ACETATO DE TOCOFEROL;RIBOFLAVINA;CLORIDRATO DE PIRIDOXINA;ÁCIDO ASCÓRBICO;CIANOCOBALAMINA;TIAMINA;INOSITOL;FOSFATO DE CÁLCIO DIBÁSICO;ADENOSINA;LEVOMETIONINA;ÁCIDO FÓLICO;PANTOTENATO DE CALCIO;BIOTINA";7896004718132;1677302850025;90457579;538820030073107;N;N;30;76.02;101.98;2.53;3.4;;BRAS_PF_PMC;ed. 1092;20;
BRASINDICE;1100;medicamento;0000090841;05;173-27795-FSCK;LEGRAND;NATUS GERIN;Bl. 5 x 10 caps.;"NICOTINAMIDA;BITARTARATO DE COLINA;PALMITATO DE RETINOL;PANAX GINSENG C. A. MEY.;SULFATO FERROSO;ACETATO DE TOCOFEROL;RIBOFLAVINA;CLORIDRATO DE PIRIDOXINA;ÁCIDO ASCÓRBICO;CIANOCOBALAMINA;TIAMINA;INOSITOL;FOSFATO DE CÁLCIO DIBÁSICO;ADENOSINA;LEVOMETIONINA;ÁCIDO FÓLICO;PANTOTENATO DE CALCIO;BIOTINA";7896004815077;1677302850017;90457447;538820030073007;N;N;50;84.51;113.37;1.69;2.27;;BRAS_PF_PMC;ed. 1092;20;
BRASINDICE;1100;medicamento;0000092452;05;048-28183-FBFS;ACHE;NAUCLOZ;25 mg bl. x 15 cprs.;DICLORIDRATO DE MECLOZINA MONOIDRATADO;7896658035234;1057305380035;90439090;552919070081004;N;N;15;20.4;27.37;1.36;1.82;;BRAS_PF_PMC;ed. 1091;20;
BRASINDICE;1100;medicamento;0000092453;05;048-28183-FUDN;ACHE;NAUCLOZ;50 mg bl. x 15 cprs.;DICLORIDRATO DE MECLOZINA MONOIDRATADO;7896658035227;1057305380078;90439112;552919070081204;N;N;15;36.75;49.3;2.45;3.29;;BRAS_PF_PMC;ed. 1091;20;
BRASINDICE;1100;medicamento;0000092454;05;048-28183-FUDO;ACHE;NAUCLOZ;25 mg bl. x 10 cprs.;DICLORIDRATO DE MECLOZINA MONOIDRATADO;7896658035203;1057305380027;90439082;552919070080904;N;N;10;13.81;18.53;1.38;1.85;;BRAS_PF_PMC;ed. 1066;20;
BRASINDICE;1100;medicamento;0000092455;05;048-28183-FUDP;ACHE;NAUCLOZ;50 mg bl. x 10 cprs.;DICLORIDRATO DE MECLOZINA MONOIDRATADO;7896658035210;1057305380061;90439104;552919070081104;N;N;10;24.89;33.39;2.49;3.34;;BRAS_PF_PMC;ed. 1066;20;
BRASINDICE;1100;medicamento;0000043251;05;348-04281-AMFC;CRISTALIA;NAUSEDRON;8 mg. cx. 1 fr. 10 cprs.;CLORIDRATO DE ONDANSETRONA DI-HIDRATADO;7896676404241;1029801240070;90398572;506719010077103;N;N;10;202.21;278.73;20.22;27.87;;BRAS_PF_PMC;ed. 1094;20;
BRASINDICE;1100;medicamento;0000071183;05;348-18426-ETXW;CRISTALIA;NAUSEDRON (Restrito Hosp.);2 mg/ml sol. inj. cx. 10 amps. vd. amb. x 4 ml (hosp.);CLORIDRATO DE ONDANSETRONA DI-HIDRATADO;7896676426243;1029801240135;90302842;506715110060303;N;S;10;560.31;0;56.03;0;;BRAS_PF_PMC;ed. 1094;20;
BRASINDICE;1100;medicamento;0000071984;05;348-18426-EUXO;CRISTALIA;NAUSEDRON (Restrito Hosp.);2 mg/ml sol. inj. IV/IM cx. 25 amps. vd. amb. x 2 ml;CLORIDRATO DE ONDANSETRONA DI-HIDRATADO;7896676431322;1029801240143;90376153;506717040068503;N;S;25;847.14;0;33.89;0;;BRAS_PF_PMC;ed. 1094;20;
BRASINDICE;1100;medicamento;0000088529;05;348-18426-FPEX;CRISTALIA;NAUSEDRON (Restrito Hosp.);2 mg/ml sol. inj. IV/IM cx. 50 amps. vd. trans. x 4 ml;CLORIDRATO DE ONDANSETRONA DI-HIDRATADO;7896676402742;1029801240097;90568915;506723100099803;N;S;50;2801.75;0;56.04;0;;BRAS_PF_PMC;ed. 1094;20;
BRASINDICE;1100;medicamento;0000093455;05;348-18426-FVQN;CRISTALIA;NAUSEDRON (Restrito Hosp.);2 mg/ml sol. inj. 50 amps. 2 ml;CLORIDRATO DE ONDANSETRONA DI-HIDRATADO;7896676402735;1029801240089;90568907;506723100099703;N;S;50;1658.04;0;33.16;0;;BRAS_PF_PMC;ed. 1094;20;
BRASINDICE;1100;medicamento;0000091733;05;001-05330-FTER;UNIAO QUIMICA;NAUSICALM;25 mg. x 10 caps. mole;DIMENIDRINATO;7896006297949;1049715360017;90593642;533024110091904;N;N;10;13.16;17.65;1.32;1.76;;BRAS_PF_PMC;ed. 1091;20;
BRASINDICE;1100;medicamento;0000091734;05;001-05330-FTES;UNIAO QUIMICA;NAUSICALM;50 mg. x 10 caps. mole;DIMENIDRINATO;7896006297925;1049715360025;90593650;533024110092004;N;N;10;13.16;17.65;1.32;1.76;;BRAS_PF_PMC;ed. 1091;20;
BRASINDICE;1100;medicamento;0000091363;05;001-27890-FSVC;UNIAO QUIMICA;NAUSICALM B6;(25 + 5) mg/ml sol. got. or. ct. fr. got. plas. pet. opc x 20 ml;"DIMENIDRINATO;CLORIDRATO DE PIRIDOXINA";7896006297918;1049715350011;90593669;533024100091803;N;N;1;12.08;16.2;12.08;16.2;;BRAS_PF_PMC;ed. 1091;20;
BRASINDICE;1100;medicamento;0000019567;05;676-14544-AHOF;CIFARMA;NAUSILON B6;Gts. 20 ml;"DIMENIDRINATO;CLORIDRATO DE PIRIDOXINA";7898158692139;1156000780046;90041712;506305902130413;N;N;1;11.51;15.44;11.51;15.44;;BRAS_PF_PMC;ed. 1097;20;
BRASINDICE;1100;medicamento;0000078334;05;048-25022-EVCS;ACHE;NAUTEX;8 mg. bl. 10 cprs. CL;CLORIDRATO DE ONDANSETRONA DI-HIDRATADO;7896658034237;1057307170021;90451694;552920030120907;N;N;10;51.8;71.4;5.18;7.14;;BRAS_PF_PMC;ed. 1091;20;
BRASINDICE;1100;medicamento;0000094161;05;048-28592-FWKH;ACHE;NAUTEX GOTAS;4 mg/ml fr x 10ml;CLORIDRATO DE ONDANSETRONA DI-HIDRATADO;7896658050770;1057301170011;90614682;552925090173704;N;N;1;35.27;48.62;35.27;48.62;;BRAS_PF_PMC;ed. 1097;20;
BRASINDICE;1100;medicamento;0000089485;05;048-27520-FQOG;ACHE;NAUTEX ODG;4 mg gran. orodis. lar. 10 saches;CLORIDRATO DE ONDANSETRONA DI-HIDRATADO;7896658040306;1057300360028;90553357;552923030157705;N;N;10;30.52;42.07;3.05;4.21;;BRAS_PF_PMC;ed. 1097;20;
BRASINDICE;1100;medicamento;0000090541;05;048-27520-FRTF;ACHE;NAUTEX ODG;8 mg gran. orodis. lar. 10 saches;CLORIDRATO DE ONDANSETRONA DI-HIDRATADO;7896658040290;1057300360044;90553373;552923030157905;N;N;10;61.05;84.15;6.1;8.42;;BRAS_PF_PMC;ed. 1097;20;
BRASINDICE;1100;medicamento;0000089844;05;1027-03845-FQYH;BLANVER;NAVELBINE (Restrito Hosp.) (CONVENIO 162/94);20 mg ct. bl. PVC/PVDC/AL x 1 caps. mole;TARTARATO DE VINORELBINA;7898581710868;1152400180019;90574745;544223120004117;N;S;1;163.94;0;163.94;0;;BRAS_PF_PMC;ed. 1095;20;
BRASINDICE;1100;medicamento;0000089845;05;1027-03845-FQYI;BLANVER;NAVELBINE (Restrito Hosp.) (CONVENIO 162/94);30 mg ct. bl. PVC/PVDC/AL x 1 caps. mole;TARTARATO DE VINORELBINA;7898581710875;1152400180027;90574753;544223120004217;N;S;1;246.04;0;246.04;0;;BRAS_PF_PMC;ed. 1095;20;
BRASINDICE;1100;medicamento;0000048889;05;001-16101-CBOK;UNIAO QUIMICA;NAXOTEC;500 mg. 24 cprs.;NAPROXENO;7896006200987;1049713640020;90261607;533012120057504;N;N;24;33.12;44.43;1.38;1.85;;BRAS_PF_PMC;ed. 1091;20;
BRASINDICE;1100;medicamento;0000080856;05;001-16101-ABPJ;UNIAO QUIMICA;NAXOTEC;500 mg. 10 cprs.;NAPROXENO;7896006212690;1049713640063;90491246;533020100072007;N;N;10;15.35;20.59;1.54;2.06;;BRAS_PF_PMC;ed. 1091;20;
BRASINDICE;1094;medicamento;0000088822;05;917-27376-FPQD;SUPERA RX;NAZZO;Ad. 240 ml 30 saches;;7899420507830;;;;N;;30;54.79;0;1.83;0;;BRAS_PF_PMC;ed. 1091;20;
BRASINDICE;1094;medicamento;0000088823;05;917-27376-FPQE;SUPERA RX;NAZZO;Inf. 120 ml 30 saches;;7899420507823;;;;N;;30;54.79;0;1.83;0;;BRAS_PF_PMC;ed. 1091;20;
BRASINDICE;1094;medicamento;0000088824;05;917-27376-FPQF;SUPERA RX;NAZZO;Ad. 240 ml 30 saches - Refil;;7899420507793;;;;N;;30;38.36;0;1.28;0;;BRAS_PF_PMC;ed. 1091;20;
BRASINDICE;1094;medicamento;0000088825;05;917-27376-FPQG;SUPERA RX;NAZZO;Inf. 120 ml 30 saches - Refil;;7899420507786;;;;N;;30;38.36;0;1.28;0;;BRAS_PF_PMC;ed. 1091;20;
BRASINDICE;1094;medicamento;0000091610;05;917-27955-AHDD;SUPERA RX;NAZZO HIALUJET;100 ml;;7899420509001;;;;N;;1;52.43;0;52.43;0;;BRAS_PF_PMC;ed. 1091;20;
BRASINDICE;1094;medicamento;0000091612;05;917-27957-BFCR;SUPERA RX;NAZZO NEBULIZE;50 ml;;7899420509049;;;;N;;1;41.95;0;41.95;0;;BRAS_PF_PMC;ed. 1091;20;
BRASINDICE;1094;medicamento;0000091611;05;917-27956-APLQ;SUPERA RX;NAZZO OTO;20 ml;;7899420509025;;;;N;;1;20.97;0;20.97;0;;BRAS_PF_PMC;ed. 1091;20;
BRASINDICE;1094;medicamento;0000091213;05;917-27868-FSPS;SUPERA RX;NAZZO XT;Alto Volume + fr. 240 ml + 15 saches;;7899420509063;;;;N;;1;68.16;0;68.16;0;;BRAS_PF_PMC;ed. 1091;20;
BRASINDICE;1094;medicamento;0000091214;05;917-27868-FSPT;SUPERA RX;NAZZO XT;Alto Volume + refil + 15 saches;;7899420508974;;;;N;;1;52.43;0;52.43;0;;BRAS_PF_PMC;ed. 1091;20;
BRASINDICE;1094;medicamento;0000084787;05;846-26426-FKWI;COSMED;NEBA-SEPT;Spray 10 mg/30 ml x 1 ml;;7896094999442;;;;N;;1;23.72;0;23.72;0;;BRAS_PF_PMC;ed. 1066;20;
BRASINDICE;1094;medicamento;0000084788;05;846-26426-FKWH;COSMED;NEBA-SEPT;10 mg/ml sol. top x 30 ml;;7896094999435;;;;N;;1;14.78;0;14.78;0;;BRAS_PF_PMC;ed. 1066;20;
BRASINDICE;1100;medicamento;0000083892;05;846-01883-FJWZ;COSMED;NEBACETIN;Pomada 50 g;"SULFATO DE NEOMICINA;BACITRACINA ZÍNCICA";7896094922099;1781709040047;90526988;540921110050217;N;N;1;42.71;57.29;42.71;57.29;;BRAS_PF_PMC;ed. 1084;20;
BRASINDICE;1100;medicamento;0000083893;05;846-01883-FJXA;COSMED;NEBACETIN;Pomada 15 g;"SULFATO DE NEOMICINA;BACITRACINA ZÍNCICA";7896094922105;1781709040039;90526970;540921110050117;N;N;1;23.57;31.62;23.57;31.62;;BRAS_PF_PMC;ed. 1084;20;
BRASINDICE;1094;medicamento;0000088028;05;846-27149-DFSB;COSMED;NEBACETIN BABY CREME PREVENT;120 g;;7896094929074;;;;N;;1;43.94;0;43.94;0;;BRAS_PF_PMC;ed. 1084;20;
BRASINDICE;1094;medicamento;0000088029;05;846-27149-DWKA;COSMED;NEBACETIN BABY CREME PREVENT;60 g;;7896094929098;;;;N;;1;25.01;0;25.01;0;;BRAS_PF_PMC;ed. 1084;20;
BRASINDICE;1094;medicamento;0000088030;05;846-27149-ARQB;COSMED;NEBACETIN BABY CREME PREVENT;30 g;;7896094929036;;;;N;;1;13.19;0;13.19;0;;BRAS_PF_PMC;ed. 1066;20;
BRASINDICE;1094;medicamento;0000088031;05;846-27150-ARQB;COSMED;NEBACETIN BABY CREME TRATAMENTO;30 g;;7896094929081;;;;N;;1;21.43;0;21.43;0;;BRAS_PF_PMC;ed. 1084;20;
BRASINDICE;1094;medicamento;0000088032;05;846-27150-DWKA;COSMED;NEBACETIN BABY CREME TRATAMENTO;60 g;;7896094929111;;;;N;;1;37.15;0;37.15;0;;BRAS_PF_PMC;ed. 1084;20;
BRASINDICE;1100;medicamento;0000087984;05;583-17683-FOJD;NOVA QUIMICA;NEBACIDERME;5 mg/250 UI pom. 15 g;"SULFATO DE NEOMICINA;BACITRACINA ZÍNCICA";7895296450034;1181902340016;90563417;607023060100107;N;N;1;12.94;17.36;12.94;17.36;;BRAS_PF_PMC;ed. 1092;20;
BRASINDICE;1100;medicamento;0000068206;05;988-23282-EPUB;PHARLAB;NEBACTRINA;5 mg + 250 ui pom derm ct bg al x 10 g;"SULFATO DE NEOMICINA;BACITRACINA ZÍNCICA";7898216360239;1410700080013;90176421;527903103161411;N;N;1;17.8;23.88;17.8;23.88;;BRAS_PF_PMC;ed. 1090;20;
BRASINDICE;1100;medicamento;0000083507;05;776-26197-FJIZ;GERMED PHARMA;NEBIC;5 mg 2 bl. x 15 cprs.;CLORIDRATO DE NEBIVOLOL;7896004777634;1181903690045;90556810;607023030088117;N;N;30;70.6;94.71;2.35;3.16;;BRAS_PF_PMC;ed. 1092;20;
BRASINDICE;1100;medicamento;0000083508;05;776-26197-FJJA;GERMED PHARMA;NEBIC;5 mg 6 bl. x 15 cprs.;CLORIDRATO DE NEBIVOLOL;7896004777641;1181903690088;90556852;607023030088517;N;N;90;163.3;219.06;1.81;2.43;;BRAS_PF_PMC;ed. 1079;20;
BRASINDICE;1100;medicamento;0000089592;05;932-14272-EXTF;GRUNENTHAL;NEBIDO;250 mg/ml sol. inj. IM ct. amp. vd. amb. x 4 ml;UNDECILATO DE TESTOSTERONA;7898582382408;1861000190010;90564570;542823050009617;N;N;1;632.35;871.63;632.35;871.63;;BRAS_PF_PMC;ed. 1093;20;
BRASINDICE;1100;medicamento;0000074358;05;438-17490-ACPT;BIOLAB SANUS;NEBILET;5 mg. cx. 30 cprs.;CLORIDRATO DE NEBIVOLOL;7896112400684;1097402110046;90333659;504116020054503;N;N;30;127.57;171.13;4.25;5.7;;BRAS_PF_PMC;ed. 1092;20;
BRASINDICE;1100;medicamento;0000074359;05;438-17490-AYZA;BIOLAB SANUS;NEBILET;5 mg. cx. 60 cprs.;CLORIDRATO DE NEBIVOLOL;7896112400691;1097402110100;90333667;504116020054603;N;N;60;191.9;257.42;3.2;4.29;;BRAS_PF_PMC;ed. 1092;20;
BRASINDICE;1100;medicamento;0000075114;05;438-17490-EYFR;BIOLAB SANUS;NEBILET;5 mg. cx. 90 cprs.;CLORIDRATO DE NEBIVOLOL;7896112400707;1097402110070;90333675;504116020054703;N;N;90;273.46;366.83;3.04;4.08;;BRAS_PF_PMC;ed. 1092;20;
BRASINDICE;1100;medicamento;0000080277;05;048-25395-BHKB;ACHE;NEBITAH;5 mg. bl. 30 cprs.;CLORIDRATO DE NEBIVOLOL;7896658035067;1057307290025;90467990;552920050125207;N;N;30;42.37;56.84;1.41;1.89;;BRAS_PF_PMC;ed. 1091;20;
BRASINDICE;1100;medicamento;0000080578;05;048-25395-BXZZ;ACHE;NEBITAH;5 mg. bl. 10 cprs.;CLORIDRATO DE NEBIVOLOL;7896658035050;1057307290017;90467981;552920050125107;N;N;10;14.72;19.75;1.47;1.98;;BRAS_PF_PMC;ed. 1091;20;
BRASINDICE;1100;medicamento;0000051501;05;574-20902-ACPT;TORRENT;NEBLOCK;5 mg. cx. 30 cprs.;CLORIDRATO DE NEBIVOLOL;8902220114937;1052500560054;90262409;532712100011004;N;N;30;45.63;61.21;1.52;2.04;;BRAS_PF_PMC;ed. 1090;20;
BRASINDICE;1100;medicamento;0000058465;05;574-20902-EAAU;TORRENT;NEBLOCK;5 mg. cx. 6 x 10 cprs.;CLORIDRATO DE NEBIVOLOL;8902220116214;1052500560089;90323572;532714100017403;N;N;60;89.23;119.7;1.49;2;;BRAS_PF_PMC;ed. 1090;20;
BRASINDICE;1100;medicamento;0000075035;05;574-20902-EYDF;TORRENT;NEBLOCK;5 mg. bl. al. al. x 7 cprs.;CLORIDRATO DE NEBIVOLOL;8902220116221;1052500560011;90262379;532712100010704;N;N;7;17.22;23.1;2.46;3.3;;BRAS_PF_PMC;ed. 1090;20;
BRASINDICE;1100;medicamento;0000079823;05;574-20902-FESO;TORRENT;NEBLOCK;5 mg. bl. al.al. x 100 cprs.;CLORIDRATO DE NEBIVOLOL;8902220114944;1052500560100;90441010;532719120033307;N;N;100;138.23;185.43;1.38;1.85;;BRAS_PF_PMC;ed. 1090;20;
BRASINDICE;1100;medicamento;0000092961;05;574-20902-FUVK;TORRENT;NEBLOCK;2,5 mg ct. bl. al. al. x 30 cprs.;CLORIDRATO DE NEBIVOLOL;8903855088211;1052501130045;90584686;532724060063003;N;N;30;25.71;34.49;0.86;1.15;;BRAS_PF_PMC;ed. 1090;20;
BRASINDICE;1100;medicamento;0000092962;05;574-20902-FMHU;TORRENT;NEBLOCK;10 mg ct. bl. al. al. x 30 cprs.;CLORIDRATO DE NEBIVOLOL;8903855088242;1052501130061;90584708;532724060063103;N;N;30;82.75;111.01;2.76;3.7;;BRAS_PF_PMC;ed. 1090;20;
BRASINDICE;1100;medicamento;0000092963;05;574-20902-FUVJ;TORRENT;NEBLOCK;2.5 mg 10 cprs.;CLORIDRATO DE NEBIVOLOL;8903855088198;1052501130010;90584678;532724060063303;N;N;10;8.65;11.6;0.86;1.16;;BRAS_PF_PMC;ed. 1090;20;
BRASINDICE;1100;medicamento;0000092964;05;574-20902-FHWH;TORRENT;NEBLOCK;10 mg 10 cprs.;CLORIDRATO DE NEBIVOLOL;8903855088235;1052501130053;90584694;532724060063203;N;N;10;27.83;37.33;2.78;3.73;;BRAS_PF_PMC;ed. 1090;20;
BRASINDICE;1100;medicamento;0000073606;05;1010-08847-FUXJ;CELLERA FARMA;NEMICINA;5.0 mg/g pom. derm. ct. bisn. al. x 20 g;SULFATO DE NEOMICINA;7893454100692;1044001850021;90418328;541718020017718;N;N;1;21.95;29.45;21.95;29.45;;BRAS_PF_PMC;ed. 1100;20;
BRASINDICE;1100;medicamento;0000083894;05;846-01888-AMYG;COSMED;NENE-DENT;Gotas 10 ml;"CLORIDRATO DE LIDOCAINA;POLIDOCANOL;MATRICARIA CHAMOMILLA L.";7896094922112;1781709050034;90522370;540921100049017;N;N;1;19.2;25.76;19.2;25.76;;BRAS_PF_PMC;ed. 1066;20;
BRASINDICE;1100;medicamento;0000083895;05;846-01888-CCPY;COSMED;NENE-DENT;Gel 10 g;"CLORIDRATO DE LIDOCAINA;POLIDOCANOL;MATRICARIA CHAMOMILLA L.";7896094922129;1781709050026;90522362;540921100048917;N;N;1;20.01;26.84;20.01;26.84;;BRAS_PF_PMC;ed. 1066;20;
BRASINDICE;1100;medicamento;0000084474;05;072-26346-FKMR;EUROFARMA;NEO B;5000 mcg + 100 mg + 100 mg ct. bl. al. al. x 30 cprs. rev.;"NITRATO DE TIAMINA;CLORIDRATO DE PIRIDOXINA;CIANOCOBALAMINA";7891317019983;1004313260042;90518101;508021100143504;N;N;30;64.77;89.28;2.16;2.98;;BRAS_PF_PMC;ed. 1094;20;
BRASINDICE;1100;medicamento;0000084475;05;072-26346-FKMS;EUROFARMA;NEO B;5000 mcg + 100 mg + 100 mg ct. bl. al. al. x 60 cprs. rev.;"NITRATO DE TIAMINA;CLORIDRATO DE PIRIDOXINA;CIANOCOBALAMINA";7891317009618;1004313260034;90518098;508021100143404;N;N;60;124.18;171.17;2.07;2.85;;BRAS_PF_PMC;ed. 1094;20;
BRASINDICE;1100;medicamento;0000084476;05;072-26346-FKMI;EUROFARMA;NEO B;5000 mcg + 100 mg + 100 mg ct. bl. al. al. x 8 cprs. rev.;"NITRATO DE TIAMINA;CLORIDRATO DE PIRIDOXINA;CIANOCOBALAMINA";7891317009595;1004313260018;90522753;508021110145303;N;N;8;16.93;23.34;2.12;2.92;;BRAS_PF_PMC;ed. 1094;20;
BRASINDICE;1100;medicamento;0000001528;05;001-01892-APWH;UNIAO QUIMICA;NEO CEBETIL;Amp. A+B 10 ml;"FRUTOSE;NICOTINAMIDA;RIBOFLAVINA;CLORIDRATO DE PIRIDOXINA;ÁCIDO ASCÓRBICO;CIANOCOBALAMINA";7896006263005;1049711530015;90209184;533008201151417;N;N;1;18.53;24.86;18.53;24.86;;BRAS_PF_PMC;ed. 1096;20;
BRASINDICE;1100;medicamento;0000001529;05;048-01894-AEKQ;ACHE;NEO DECAPEPTYL;3,75 mg. liof. inj. FA + dil. amp. x 2 ml;EMBONATO DE TRIPTORRELINA;7896658000201;1057301200047;90004744;500505401152414;N;N;1;838.92;1156.36;838.92;1156.36;;BRAS_PF_PMC;ed. 1092;20;
BRASINDICE;1100;medicamento;0000062480;05;048-22497-EFQT;ACHE;NEO DECAPEPTYL LP;22,5 mg. po liof. susp. inj. lib. prol ct. FA + sol. dil. x 2 ml;TRIPTORRELINA;7896658022951;1057301200075;90297032;500515050059703;N;N;1;5033.29;6937.87;5033.29;6937.87;;BRAS_PF_PMC;ed. 1092;20;
BRASINDICE;1100;medicamento;0000085200;05;048-22497-CKQG;ACHE;NEO DECAPEPTYL LP;11,25 mg. liof. inj. FA + dil. amp. x 2 ml;EMBONATO DE TRIPTORRELINA;7896658008153;1057301200067;90004752;500511701154311;N;N;1;2516.58;3468.84;2516.58;3468.84;;BRAS_PF_PMC;ed. 1092;20;
BRASINDICE;1100;medicamento;0000011311;05;473-10857-BKOF;NEO QUIMICA;NEO FEDIPINA;10 mg cx. 1 bl. x 30 cprs.;NIFEDIPINO;7896714200064;1558401690023;90301005;504614120026917;N;N;30;17.29;23.83;0.58;0.79;;BRAS_PF_PMC;ed. 1096;20;
BRASINDICE;1100;medicamento;0000011312;05;473-10857-BKOG;NEO QUIMICA;NEO FEDIPINA;20 mg. cx. 1 bl. x 30 cprs.;NIFEDIPINO;7896714200125;1558401690031;90301013;504614120027017;N;N;30;26.76;36.89;0.89;1.23;;BRAS_PF_PMC;ed. 1091;20;
BRASINDICE;1100;medicamento;0000087874;05;473-10857-FOFF;NEO QUIMICA;NEO FEDIPINA;10mg cx. 30 cprs.;NIFEDIPINO;7896714293257;1558401690023;90301005;504614120026917;N;N;30;17.29;23.83;0.58;0.79;;BRAS_PF_PMC;ed. 1096;20;
BRASINDICE;1100;medicamento;0000087875;05;473-10857-FOFO;NEO QUIMICA;NEO FEDIPINA;20mg cx. 30  cprs.;NIFEDIPINO;7896714293288;1558401690031;90301013;504614120027017;N;N;30;26.76;36.89;0.89;1.23;;BRAS_PF_PMC;ed. 1091;20;
BRASINDICE;1100;medicamento;0000011348;05;473-10881-BKOO;NEO QUIMICA;NEO FOLICO;5 mg cx. 1 bl. x 20 cprs.;ÁCIDO FÓLICO;7896714201108;1558402710011;90374126;504617020053317;N;N;20;10.2;13.68;0.51;0.68;;BRAS_PF_PMC;ed. 1091;20;
BRASINDICE;1100;medicamento;0000087876;05;473-10881-FOFP;NEO QUIMICA;NEO FOLICO;5mg cx. 20 cprs.;ÁCIDO FÓLICO;7896714293165;1558402710011;90374126;504617020053317;N;N;20;10.2;13.68;0.51;0.68;;BRAS_PF_PMC;ed. 1091;20;
BRASINDICE;1100;medicamento;0000054909;05;473-21447-DVFM;NEO QUIMICA;NEO FRESH;5 mg/ml sol. oft. got. x 15 ml;CARMELOSE SÓDICA;7896714224053;1558404020045;90282949;504613080017604;N;N;1;32.13;43.1;32.13;43.1;;BRAS_PF_PMC;ed. 1091;20;
BRASINDICE;1100;medicamento;0000011324;05;473-10866-BKOE;NEO QUIMICA;NEO LORATADIN;10 mg. cx. 1 bl. x 12 cprs.;LORATADINA;7896714240206;1558405760034;90473590;504620060076607;N;N;12;13.84;18.57;1.15;1.55;;BRAS_PF_PMC;ed. 1091;20;
BRASINDICE;1100;medicamento;0000011326;05;473-10868-BKPX;NEO QUIMICA;NEO METRODAZOL;250 mg cx. 2 bl. x 10 cprs.;METRONIDAZOL;7896714200545;1558401370037;90348230;504616050039918;N;N;20;19.02;26.22;0.95;1.31;;BRAS_PF_PMC;ed. 1091;20;
BRASINDICE;1100;medicamento;0000011329;05;473-10869-AFVE;NEO QUIMICA;NEO MISTATIN;Creme vag. bisn. 60 g;NISTATINA;7896714265742;1558403270080;90348206;504616030036417;N;N;1;31.43;43.32;31.43;43.32;;BRAS_PF_PMC;ed. 1091;20;
BRASINDICE;1100;medicamento;0000028700;05;348-04401-CPGP;CRISTALIA;NEOCAINA (Restrito Hosp.);0,5% S/V 10 estojo 20 ml (sterile pack);CLORIDRATO DE BUPIVACAÍNA;7896676400588;1029800530245;90257251;506710202157418;N;S;10;313.92;0;31.39;0;;BRAS_PF_PMC;ed. 1094;20;
BRASINDICE;1100;medicamento;0000028702;05;348-04401-CPGR;CRISTALIA;NEOCAINA (Restrito Hosp.);0,75% S/V 10 estojo 20 ml (sterile pack);CLORIDRATO DE BUPIVACAÍNA;7896676400601;1029800530271;90047230;506710204151417;N;S;10;431.08;0;43.11;0;;BRAS_PF_PMC;ed. 1094;20;
BRASINDICE;1100;medicamento;0000080511;05;348-04401-CPGO;CRISTALIA;NEOCAINA (Restrito Hosp.);0,25% S/V 10 estojo 20 ml (sterile pack);CLORIDRATO DE BUPIVACAÍNA;7896676400502;1029800530229;90047206;506710201150411;N;S;10;298.77;0;29.88;0;;BRAS_PF_PMC;ed. 1094;20;
BRASINDICE;1100;medicamento;0000028703;05;348-26652-CPGS;CRISTALIA;NEOCAINA COM VASO CONSTRITOR (*) (Restrito Hosp.);0,25% C/V 10 estojo 20 ml (Oxygen Free);"CLORIDRATO DE BUPIVACAÍNA;HEMITARTARATO DE EPINEFRINA";7896676400496;1029803500037;90257510;506710301155413;N;S;10;325.3;0;32.53;0;;BRAS_PF_PMC;ed. 1094;20;
BRASINDICE;1100;medicamento;0000028704;05;348-26652-CPGT;CRISTALIA;NEOCAINA COM VASO CONSTRITOR (*) (Restrito Hosp.);0,5% C/V 10 estojo 20 ml (oxygen free);"CLORIDRATO DE BUPIVACAÍNA;HEMITARTARATO DE EPINEFRINA";7896676400519;1029803500118;90047150;506710302151411;N;S;10;383.96;0;38.4;0;;BRAS_PF_PMC;ed. 1094;20;
BRASINDICE;1100;medicamento;0000028708;05;348-26652-CPGW;CRISTALIA;NEOCAINA COM VASO CONSTRITOR (*) (Restrito Hosp.);0,75% C/V 10 estojo 20 ml (oxygen free);"CLORIDRATO DE BUPIVACAÍNA;HEMITARTARATO DE EPINEFRINA";7896676400595;1029803500101;90257529;506710306157414;N;S;10;449.19;0;44.92;0;;BRAS_PF_PMC;ed. 1094;20;
BRASINDICE;1100;medicamento;0000028706;05;348-16480-CPGU;CRISTALIA;NEOCAINA COM VASO CONSTRITOR (Restrito Hosp.);0,5% C/V 25 carps. 1,8 ml;"CLORIDRATO DE BUPIVACAÍNA;HEMITARTARATO DE EPINEFRINA";7896676401936;1029803500071;90456688;506720010080007;N;S;25;173.39;0;6.94;0;;BRAS_PF_PMC;ed. 1094;20;
BRASINDICE;1100;medicamento;0000028709;05;348-16481-CPGX;CRISTALIA;NEOCAINA ISOBARICA (Restrito Hosp.);0,5% isob. 40 estojo 4 ml (sterile pack);CLORIDRATO DE BUPIVACAÍNA;7896676405262;1029800530253;90047249;506710401151411;N;S;40;473.23;0;11.83;0;;BRAS_PF_PMC;ed. 1094;20;
BRASINDICE;1100;medicamento;0000028711;05;348-16482-FIJI;CRISTALIA;NEOCAINA PESADA (Restrito Hosp.);5 mg/ml + 80 mg/ml sol. inj. cx. 40 est. amp. vd. inc. x 4 ml (hosp.);"CLORIDRATO DE BUPIVACAÍNA;GLICOSE";7896676405255;1029800770025;90047257;506710502154410;N;S;40;582.47;0;14.56;0;;BRAS_PF_PMC;ed. 1094;20;
BRASINDICE;1100;medicamento;0000011426;05;473-10930-ABRH;NEO QUIMICA;NEOCOFLAN;Gel bisn. 60 g;DICLOFENACO DIETILAMÔNIO;7896714230030;1558403050013;90482646;504620090078217;N;N;1;25.57;34.3;25.57;34.3;;BRAS_PF_PMC;ed. 1091;20;
BRASINDICE;1100;medicamento;0000033617;05;473-10930-ANZJ;NEO QUIMICA;NEOCOFLAN;Gel bisn. 30 g;DICLOFENACO DIETILAMÔNIO;7896714227290;1558403050031;90482654;504620090078317;N;N;1;13.37;17.94;13.37;17.94;;BRAS_PF_PMC;ed. 1066;20;
BRASINDICE;1100;medicamento;0000057753;05;473-10930-DZAY;NEO QUIMICA;NEOCOFLAN;11,6 mg/g aer. top. tb. al. x 85 ml;DICLOFENACO DIETILAMÔNIO;7896714221083;1558403050080;90293665;504613120018304;N;N;1;40.1;53.79;40.1;53.79;;BRAS_PF_PMC;ed. 1091;20;
BRASINDICE;1100;medicamento;0000082218;05;001-07507-FHVN;UNIAO QUIMICA;NEOCOPAN COMPOSTO;6,67 mg/ml + 333,4 mg/ml sol. or. ct. fr. got. vd. amb. x 10 ml;"DIPIRONA MONOIDRATADA;BUTILBROMETO DE ESCOPOLAMINA";7896006217480;1049714540011;90504747;533021020073407;N;N;1;12.41;16.65;12.41;16.65;;BRAS_PF_PMC;ed. 1091;20;
BRASINDICE;1100;medicamento;0000092342;05;001-07507-FTZW;UNIAO QUIMICA;NEOCOPAN COMPOSTO;(10,0 + 250,0) mg. ct. bl. al. plas. pvc trans. x 20 cprs. rev.;"DIPIRONA MONOIDRATADA;BUTILBROMETO DE ESCOPOLAMINA";7896006217459;1049714510015;90504720;533021020073517;N;N;20;15.4;20.66;0.77;1.03;;BRAS_PF_PMC;ed. 1091;20;
BRASINDICE;1100;medicamento;0000010798;05;173-10570-ACBY;LEGRAND;NEOCORTIN;Col. fr. 5 ml.;;7896004704173;1677302450019;90245253;538817501176412;N;;1;9.98;13.8;9.98;13.8;;BRAS_PF_PMC;ed. 1079;20;
BRASINDICE;1100;medicamento;0000044128;05;473-19650-DFPM;NEO QUIMICA;NEODIA;1,5 mg. cx. 1 cpr.;LEVONORGESTREL;7896714213446;1558400790016;90348265;504616050040218;N;N;1;19.52;26.91;19.52;26.91;;BRAS_PF_PMC;ed. 1091;20;
BRASINDICE;1094;medicamento;0000089381;05;473-27466-FQKV;NEO QUIMICA;NEOGERMINA;Susp. 5 ml 2BL x 10 flac.;;7896714294315;;;;N;;20;40.38;0;2.02;0;;BRAS_PF_PMC;ed. 1091;20;
BRASINDICE;1094;medicamento;0000089382;05;473-27466-FQKU;NEO QUIMICA;NEOGERMINA;Susp. 5 ml 4BI x 5 flac.;;7896714294322;;;;N;;20;40.38;0;2.02;0;;BRAS_PF_PMC;ed. 1091;20;
BRASINDICE;1094;medicamento;0000091636;05;473-27960-FTCD;NEO QUIMICA;NEOGERMINA FLORA;Ct. bl. 6 caps. dura;;7896714295817;;;;N;;6;19.38;0;3.23;0;;BRAS_PF_PMC;ed. 1091;20;
BRASINDICE;1094;medicamento;0000091637;05;473-27960-FTCE;NEO QUIMICA;NEOGERMINA FLORA;Ct. bl. 12 caps. dura;;7896714295824;;;;N;;12;35.67;0;2.97;0;;BRAS_PF_PMC;ed. 1091;20;
BRASINDICE;1100;medicamento;0000017708;05;473-13984-BYYZ;NEO QUIMICA;NEOLEFRIN;Xpe. vd. amb. 60 ml;CLORIDRATO DE FENILEFRINA;7896714254784;1558402140035;90300998;504614110026803;N;N;1;20.12;26.99;20.12;26.99;;BRAS_PF_PMC;ed. 1091;20;
BRASINDICE;1100;medicamento;0000062232;05;473-13984-AVTT;NEO QUIMICA;NEOLEFRIN;Cx. 50 bl. x 4 cprs;"PARACETAMOL;MALEATO DE CARBINOXAMINA;CLORIDRATO DE FENILEFRINA";7896714214566;1558402140019;90374177;504617020053817;N;N;200;528.61;709.11;2.64;3.55;;BRAS_PF_PMC;ed. 1091;20;
BRASINDICE;1100;medicamento;0000069263;05;473-13984-ERLT;NEO QUIMICA;NEOLEFRIN;400 mg. + 20 mg. cprs. amarelo/400 mg. + 4 mg. cprs. laranja ct. bl. al. plas. trans. x 10 + 10;"PARACETAMOL;MALEATO DE CARBINOXAMINA;CLORIDRATO DE FENILEFRINA";7896714265933;1558402140043;90348567;504616080043204;N;N;10;15.41;20.67;1.54;2.07;;BRAS_PF_PMC;ed. 1091;20;
BRASINDICE;1100;medicamento;0000075563;05;473-24577-EYUA;NEO QUIMICA;NEOLEFRIN DIA;800 mg. + 20 mg. ct. bl.al. plas. inc. x 10 cprs. amarelo + 10 cprs. branco;"PARACETAMOL;CLORIDRATO DE FENILEFRINA";7896714273822;1558405430050;90432584;504619010073403;N;N;10;15.41;20.67;1.54;2.07;;BRAS_PF_PMC;ed. 1091;20;
BRASINDICE;1094;medicamento;0000091751;05;473-27982-FTFD;NEO QUIMICA;NEOLYTE;Ct. 4 saches natural;;7896714296203;;;;N;;4;35.05;0;8.76;0;;BRAS_PF_PMC;ed. 1091;20;
BRASINDICE;1094;medicamento;0000091752;05;473-27982-FTFE;NEO QUIMICA;NEOLYTE;Ct. 4 saches uva;;7896714296227;;;;N;;4;35.05;0;8.76;0;;BRAS_PF_PMC;ed. 1091;20;
BRASINDICE;1094;medicamento;0000091753;05;473-27982-FTFF;NEO QUIMICA;NEOLYTE;Fr. 500 ml limao;;7896714296241;;;;N;;1;25.24;0;25.24;0;;BRAS_PF_PMC;ed. 1091;20;
BRASINDICE;1094;medicamento;0000091754;05;473-27982-FTFG;NEO QUIMICA;NEOLYTE;Fr. 500 ml uva;;7896714296258;;;;N;;1;25.24;0;25.24;0;;BRAS_PF_PMC;ed. 1091;20;
BRASINDICE;1094;medicamento;0000091755;05;473-27982-FTFH;NEO QUIMICA;NEOLYTE;Fr. 500 ml laranja;;7896714296265;;;;N;;1;25.24;0;25.24;0;;BRAS_PF_PMC;ed. 1091;20;
BRASINDICE;1100;medicamento;0000093092;05;676-14545-FVCQ;CIFARMA;NEOMICON;5 mg/g pom. derm. ct. bisn. al. x 10 g;SULFATO DE NEOMICINA;7898158690470;1156000490013;90041720;506306001161414;N;N;1;19.65;26.36;19.65;26.36;;BRAS_PF_PMC;ed. 1097;20;
BRASINDICE;1100;medicamento;0000043860;05;473-19625-DFJL;NEO QUIMICA;NEOPANTOL;50 mg/g pom. bisn. 30 g;DEXPANTENOL;7896714224510;1558400800021;90334264;504616020035017;N;N;1;17.98;24.12;17.98;24.12;;BRAS_PF_PMC;ed. 1066;20;
BRASINDICE;1100;medicamento;0000011429;05;473-10932-BKUV;NEO QUIMICA;NEOPIRIDIN;Spray vd. 50 ml;"CLORETO DE CETILPIRIDÍNIO;BENZOCAÍNA";7896714270029;1558403670046;90334191;504616020034307;N;N;1;34.51;46.29;34.51;46.29;;BRAS_PF_PMC;ed. 1091;20;
BRASINDICE;1100;medicamento;0000011430;05;473-10932-BKUW;NEO QUIMICA;NEOPIRIDIN;Cx. 3 envs. al. x 4 past.;"CLORETO DE CETILPIRIDÍNIO;BENZOCAÍNA";7896714283005;1558403670038;90348214;504616050039718;N;N;12;12.6;16.9;1.05;1.41;;BRAS_PF_PMC;ed. 1091;20;
BRASINDICE;1100;medicamento;0000011356;05;473-10887-APSI;NEO QUIMICA;NEOPRAZOL;20 mg. fr. 28 caps.;OMEPRAZOL;7896714218205;1558402900129;90219635;504612040012314;N;N;28;38.95;53.69;1.39;1.92;;BRAS_PF_PMC;ed. 1091;20;
BRASINDICE;1100;medicamento;0000047787;05;473-10887-DMLS;NEO QUIMICA;NEOPRAZOL;40 mg. fr. plast. 28 caps. gel. dura;OMEPRAZOL;7896714229898;1558402900250;90219724;504612050013203;N;N;28;109.42;150.82;3.91;5.39;;BRAS_PF_PMC;ed. 1091;20;
BRASINDICE;1100;medicamento;0000086247;05;1054-26654-FMOK;RECORDATI;NEOPROFEN (Restrito Hosp.);10 mg/ml sol. dil. infus. IV ct. 3 FA vd. trans. x 2 ml;LEVOLISINATO DE IBUPROFENO;5391519922408;1712600060016;90541596;576922070001204;N;S;3;13698.68;0;4566.23;0;;BRAS_PF_PMC;ed. 1090;20;
BRASINDICE;1100;medicamento;0000083896;05;846-01900-EXDO;COSMED;NEOSALDINA;Gotas 15 ml.;"CAFEÍNA ANIDRA;CLORIDRATO DE ISOMETEPTENO;DIPIRONA";7896094999985;1781708990025;90526880;540921120050317;N;N;1;37.18;49.88;37.18;49.88;;BRAS_PF_PMC;ed. 1084;20;
BRASINDICE;1100;medicamento;0000083711;05;846-26231-FJQC;COSMED;NEOSALDINA DIP;1 g 10 cprs.;DIPIRONA MONOIDRATADA;7896094999558;1781709120016;90522389;540921100047807;N;N;10;18.41;24.7;1.84;2.47;;BRAS_PF_PMC;ed. 1084;20;
BRASINDICE;1100;medicamento;0000083712;05;846-26231-FJQD;COSMED;NEOSALDINA DIP;1 g 25 bl. X 4 cprs.;DIPIRONA MONOIDRATADA;7896094999565;1781709120032;90522400;540921100048007;N;N;100;183.94;246.75;1.84;2.47;;BRAS_PF_PMC;ed. 1084;20;
BRASINDICE;1100;medicamento;0000083713;05;846-26231-FJQE;COSMED;NEOSALDINA DIP;1 g 20 cprs.;DIPIRONA MONOIDRATADA;7896094926547;1781709120024;90522397;540921100047907;N;N;20;29.45;39.51;1.47;1.98;;BRAS_PF_PMC;ed. 1084;20;
BRASINDICE;1100;medicamento;0000083897;05;846-26288-ABYE;COSMED;NEOSALDINA DRAGS;30 drags.;"CAFEÍNA ANIDRA;MUCATO DE ISOMETEPTENO;DIPIRONA";7896094999992;1781708990106;90526902;540921120050717;N;N;30;35.34;47.41;1.18;1.58;;BRAS_PF_PMC;ed. 1084;20;
BRASINDICE;1100;medicamento;0000083898;05;846-26288-FJWW;COSMED;NEOSALDINA DRAGS;100 drags.;"CAFEÍNA ANIDRA;MUCATO DE ISOMETEPTENO;DIPIRONA";7896094921962;1781708990157;90526910;540921120050617;N;N;100;205.22;275.3;2.05;2.75;;BRAS_PF_PMC;ed. 1066;20;
BRASINDICE;1100;medicamento;0000083899;05;846-26288-ACIW;COSMED;NEOSALDINA DRAGS;20 drags;"CAFEÍNA ANIDRA;MUCATO DE ISOMETEPTENO;DIPIRONA";7896094921979;1781708990084;90526899;540921120050417;N;N;20;26.51;35.56;1.33;1.78;;BRAS_PF_PMC;ed. 1084;20;
BRASINDICE;1100;medicamento;0000083900;05;846-26288-FJWX;COSMED;NEOSALDINA DRAGS;200 (50 X 4) drags.;"CAFEÍNA ANIDRA;MUCATO DE ISOMETEPTENO;DIPIRONA";7896094921986;1781708990181;90526929;540921120050517;N;N;200;353.13;473.71;1.77;2.37;;BRAS_PF_PMC;ed. 1084;20;
BRASINDICE;1100;medicamento;0000083901;05;846-26288-FJWY;COSMED;NEOSALDINA DRAGS;240 drags.;"CAFEÍNA ANIDRA;MUCATO DE ISOMETEPTENO;DIPIRONA";7896094921993;1781708990203;90526937;540921120050817;N;N;240;351.57;471.62;1.46;1.97;;BRAS_PF_PMC;ed. 1084;20;
BRASINDICE;1100;medicamento;0000095977;05;846-28980-FYFK;COSMED;NEOSALDINA MAX;(600+60+60) mg x 8 cprs. rev.;;7896094930766;;;;;;8;20.55;27.57;2.57;3.45;;BRAS_PF_PMC;ed. 1100;20;
BRASINDICE;1100;medicamento;0000095978;05;846-28980-FYFL;COSMED;NEOSALDINA MAX;(600+60+60) mg x 16 cprs. rev.;;7896094930773;;;;;;16;36.75;49.3;2.3;3.08;;BRAS_PF_PMC;ed. 1100;20;
BRASINDICE;1100;medicamento;0000091876;05;846-28003-FTJR;COSMED;NEOSALDINA MUSCULAR;Bl. 20 x 10 cprs. rev.;"DIPIRONA MONOIDRATADA;CAFEÍNA ANIDRA;CITRATO DE ORFENADRINA";7896094930827;1781709770045;90598342;540924120066607;N;N;200;115.16;154.48;0.58;0.77;;BRAS_PF_PMC;ed. 1066;20;
BRASINDICE;1100;medicamento;0000091877;05;846-28003-FTJS;COSMED;NEOSALDINA MUSCULAR;Bl. x 20 cprs. rev.;"DIPIRONA MONOIDRATADA;CAFEÍNA ANIDRA;CITRATO DE ORFENADRINA";7896094930735;1781709770010;90598326;540924120066707;N;N;20;11.01;14.77;0.55;0.74;;BRAS_PF_PMC;ed. 1066;20;
BRASINDICE;1100;medicamento;0000091878;05;846-28003-FNSZ;COSMED;NEOSALDINA MUSCULAR;Bl. x 30 cprs. rev.;"DIPIRONA MONOIDRATADA;CAFEÍNA ANIDRA;CITRATO DE ORFENADRINA";7896094930742;1781709770029;90598334;540924120066807;N;N;30;16.16;21.68;0.54;0.72;;BRAS_PF_PMC;ed. 1066;20;
BRASINDICE;1100;medicamento;0000091874;05;846-28002-FTJP;COSMED;NEOSALDINA MUSCULAR MAX;Bl. 30 x 4 cprs. rev.;"DIPIRONA MONOIDRATADA;CAFEÍNA ANIDRA;CITRATO DE ORFENADRINA";7896094922532;1781709750044;90598318;540924110066307;N;N;120;195.37;262.08;1.63;2.18;;BRAS_PF_PMC;ed. 1066;20;
BRASINDICE;1100;medicamento;0000091875;05;846-28002-FTJQ;COSMED;NEOSALDINA MUSCULAR MAX;Bl. x 16 cprs. rev.;"DIPIRONA MONOIDRATADA;CAFEÍNA ANIDRA;CITRATO DE ORFENADRINA";7896094931558;1781709750036;90598300;540924110066207;N;N;16;20.83;27.94;1.3;1.75;;BRAS_PF_PMC;ed. 1066;20;
BRASINDICE;1100;medicamento;0000094401;05;846-28002-FWSD;COSMED;NEOSALDINA MUSCULAR MAX;(600 + 100 + 70) mg bl. x 8 cprs. rev.;"DIPIRONA MONOIDRATADA;CAFEÍNA ANIDRA;CITRATO DE ORFENADRINA";7896094932654;1781709750087;90619960;540925110068707;N;N;8;11.71;15.71;1.46;1.96;;BRAS_PF_PMC;ed. 1084;20;
BRASINDICE;1100;medicamento;0000011363;05;473-10890-BKQF;NEO QUIMICA;NEOSEMID;40 mg cx. 1 bl. x 20 cprs.;FUROSEMIDA;7896714200255;1558405360011;90397010;504616110046707;N;N;20;9.6;13.23;0.48;0.66;;BRAS_PF_PMC;ed. 1091;20;
BRASINDICE;1094;medicamento;0000011431;05;473-27565-BKUZ;NEO QUIMICA;NEOSORO;Sol. nasal inf. fr. 30 ml;;7896714230023;;;;N;;1;10.3;0;10.3;0;;BRAS_PF_PMC;ed. 1091;20;
BRASINDICE;1100;medicamento;0000069856;05;473-10935-ESFZ;NEO QUIMICA;NEOSORO;Sol. nasal ad. fr. 30 ml;CLORIDRATO DE NAFAZOLINA;7896714231143;1558401270040;90374819;504617040060307;N;N;1;9.04;12.13;9.04;12.13;;BRAS_PF_PMC;ed. 1091;20;
BRASINDICE;1094;medicamento;0000084561;05;473-27566-FKPN;NEO QUIMICA;NEOSORO FLUID;Spr. 0,9% sic ct. 50 ml;;7896714290515;;;;N;;1;24.8;0;24.8;0;;BRAS_PF_PMC;ed. 1091;20;
BRASINDICE;1094;medicamento;0000089383;05;473-27467-FKOH;NEO QUIMICA;NEOSORO FLUID ALTO VOLUME;30 saches;;7896714295299;;;;N;;30;58.76;0;1.96;0;;BRAS_PF_PMC;ed. 1091;20;
BRASINDICE;1094;medicamento;0000089384;05;473-27467-FQLA;NEO QUIMICA;NEOSORO FLUID ALTO VOLUME;30 saches + fr. 240 ml;;7896714295305;;;;N;;30;70.59;0;2.35;0;;BRAS_PF_PMC;ed. 1091;20;
BRASINDICE;1094;medicamento;0000027367;05;473-27724-CNVK;NEO QUIMICA;NEOSORO H;30 mg/ml sol. nasal fr. pet. x 60 ml;CLORETO DE SÓDIO;7896714225296;1558400830018;90333985;504615110032217;N;N;1;24.42;0;24.42;0;;BRAS_PF_PMC;ed. 1091;20;
BRASINDICE;1100;medicamento;0000090292;05;473-16272-CNVK;NEO QUIMICA;NEOSORO H;30 mg/ml sol. nasal fr. pet. x 60 ml;;7896714294360;;;;N;;1;24.42;0;24.42;0;;BRAS_PF_PMC;ed. 1091;20;
BRASINDICE;1100;medicamento;0000011432;05;473-10936-BKVA;NEO QUIMICA;NEOSSOLVAN;Xpe ad. vd. 120 ml;CLORIDRATO DE AMBROXOL;7896714260020;1558403490013;90374169;504617020053717;N;N;1;23.05;30.92;23.05;30.92;;BRAS_PF_PMC;ed. 1091;20;
BRASINDICE;1100;medicamento;0000011433;05;473-10936-BKYN;NEO QUIMICA;NEOSSOLVAN;Xpe inf. vd. 120 ml;CLORIDRATO DE AMBROXOL;7896714260051;1558403490021;90374150;504617020053617;N;N;1;23.05;30.92;23.05;30.92;;BRAS_PF_PMC;ed. 1091;20;
BRASINDICE;1100;medicamento;0000011364;05;473-10891-BKOD;NEO QUIMICA;NEOSULIDA;100 mg cx. 1 bl. x 12 cprs.;NIMESULIDA;7896714200361;1558406420016;90558928;504618100072107;N;N;12;12.28;16.93;1.02;1.41;;BRAS_PF_PMC;ed. 1091;20;
BRASINDICE;1100;medicamento;0000011369;05;473-10893-BKRR;NEO QUIMICA;NEOTAREN;50 mg cx. 1 bl. x 20 drags.;DICLOFENACO SÓDICO;7896714200217;1558403720043;90374100;504617020053117;N;N;20;15.41;21.24;0.77;1.06;;BRAS_PF_PMC;ed. 1096;20;
BRASINDICE;1100;medicamento;0000044766;05;702-19836-CVRM;SANDOZ;NEOTIAPIM;25 mg. bl. 14 cprs. rev.;HEMIFUMARATO DE QUETIAPINA;7897595635822;1004704960018;90227638;511518201111414;N;N;14;23.89;32.05;1.71;2.29;;BRAS_PF_PMC;ed. 1096;20;
BRASINDICE;1100;medicamento;0000044767;05;702-19836-CFWK;SANDOZ;NEOTIAPIM;25 mg. bl. 30 cprs. rev.;HEMIFUMARATO DE QUETIAPINA;7897595635839;1004704960034;90227689;511518206111412;N;N;30;51.24;68.74;1.71;2.29;;BRAS_PF_PMC;ed. 1096;20;
BRASINDICE;1100;medicamento;0000044768;05;702-19836-CMKF;SANDOZ;NEOTIAPIM;100 mg. bl. 14 cprs. rev.;HEMIFUMARATO DE QUETIAPINA;7897595635853;1004704960069;90227646;511518202116411;N;N;14;61.65;82.7;4.4;5.91;;BRAS_PF_PMC;ed. 1096;20;
BRASINDICE;1100;medicamento;0000044769;05;702-19836-BWHI;SANDOZ;NEOTIAPIM;100 mg. bl. 30 cprs. rev.;HEMIFUMARATO DE QUETIAPINA;7897595635860;1004704960085;90227654;511518203112418;N;N;30;132.17;177.3;4.41;5.91;;BRAS_PF_PMC;ed. 1096;20;
BRASINDICE;1100;medicamento;0000044770;05;702-19836-DFVR;SANDOZ;NEOTIAPIM;200 mg. bl. 30 cprs. rev.;HEMIFUMARATO DE QUETIAPINA;7897595635877;1004704960131;90227670;511518205115414;N;N;30;268.25;359.85;8.94;12;;BRAS_PF_PMC;ed. 1096;20;
BRASINDICE;1100;medicamento;0000079559;05;729-27218-FEFS;TEVA;NEOTIGASON;10 mg. C2 ct. bl. al. plas. amb. x 100 caps. gel dura;ACITRETINA;7898587901291;1557300460016;90451147;537519120008517;N;N;100;591.9;815.87;5.92;8.16;;BRAS_PF_PMC;ed. 1092;20;
BRASINDICE;1100;medicamento;0000079560;05;729-27218-FEFT;TEVA;NEOTIGASON;25 mg. C2 ct. bl. al. plas. amb. x 100 caps. gel dura;ACITRETINA;7898587901352;1557300460040;90451252;537519120008817;N;N;100;1592.06;2194.49;15.92;21.94;;BRAS_PF_PMC;ed. 1092;20;
BRASINDICE;1100;medicamento;0000079561;05;729-27218-FEFU;TEVA;NEOTIGASON;10 mg. C2 ct. bl. al. plas. amb. x 30 caps. gel dura;ACITRETINA;7898587901307;1557300460024;90451155;537519120008617;N;N;30;196.92;271.43;6.56;9.05;;BRAS_PF_PMC;ed. 1092;20;
BRASINDICE;1100;medicamento;0000079562;05;729-27218-FEFV;TEVA;NEOTIGASON;25 mg. C2 ct. bl. al. plas. amb. x 30 caps. gel. dura;ACITRETINA;7898587901321;1557300460032;90451244;537519120008717;N;N;30;477.59;658.31;15.92;21.94;;BRAS_PF_PMC;ed. 1092;20;
BRASINDICE;1100;medicamento;0000011371;05;473-10894-BKTQ;NEO QUIMICA;NEOTOSS;Xpe. ad. 3 mg/ml vd. 100 ml;DROPROPIZINA;7896714236223;1558401470058;90397169;504618020068803;N;N;1;19.4;26.02;19.4;26.02;;BRAS_PF_PMC;ed. 1091;20;
BRASINDICE;1100;medicamento;0000011372;05;473-10894-BKTR;NEO QUIMICA;NEOTOSS;Xpe. inf. 1,5 mg/ml vd. 60 ml;DROPROPIZINA;7896714236247;1558401470074;90397177;504618020068903;N;N;1;14.31;19.2;14.31;19.2;;BRAS_PF_PMC;ed. 1091;20;
BRASINDICE;1100;medicamento;0000016837;05;173-13729-AEKS;LEGRAND;NEOTRICIN;Pom. bisn. 15 g;"SULFATO DE NEOMICINA;BACITRACINA ZÍNCICA";7896004811574;1677302010019;90143094;538811501166418;N;N;1;19.16;25.7;19.16;25.7;;BRAS_PF_PMC;ed. 1092;20;
BRASINDICE;1100;medicamento;0000051022;05;173-13729-AWJF;LEGRAND;NEOTRICIN;Pom. bisn. 50 g;"SULFATO DE NEOMICINA;BACITRACINA ZÍNCICA";7896004744476;1677302010027;90283775;538812090044403;N;N;1;38.97;52.28;38.97;52.28;;BRAS_PF_PMC;ed. 1092;20;
BRASINDICE;1100;medicamento;0000075796;05;500-24624-EZCJ;SIGMA PHARMA;NEOVANGY;35 mg. bl. 8 cprs. lib. prol.;;7894916513265;1023512720015;90420233;;N;;8;13.94;19.21;1.74;2.4;;BRAS_PF_PMC;ed. 1099;20;
BRASINDICE;1100;medicamento;0000075797;05;500-24624-EZCK;SIGMA PHARMA;NEOVANGY;35 mg. 4 bl. 15 cprs. rev. lib. prol.;DICLORIDRATO DE TRIMETAZIDINA;7894916513326;1023512720074;90420292;541818120097204;N;N;60;66.41;91.54;1.11;1.53;;BRAS_PF_PMC;ed. 1099;20;
BRASINDICE;1100;medicamento;0000075798;05;500-24624-EZCL;SIGMA PHARMA;NEOVANGY;35 mg. 2 bl. 15 cprs. rev. lib. prol.;DICLORIDRATO DE TRIMETAZIDINA;7894916513302;1023512720058;90420276;541818120097004;N;N;30;61.35;84.56;2.04;2.82;;BRAS_PF_PMC;ed. 1099;20;
BRASINDICE;1094;medicamento;0000092756;05;803-22357-FJCT;BAUSCH & LOMB;NEOVITE MAX;30 caps.;;7896046304126;;;;N;;30;152.09;0;5.07;0;;BRAS_PF_PMC;ed. 1090;20;
BRASINDICE;1094;medicamento;0000092757;05;803-22357-FOGX;BAUSCH & LOMB;NEOVITE MAX;60 caps.;;7896046304133;;;;N;;60;219.17;0;3.65;0;;BRAS_PF_PMC;ed. 1090;20;
BRASINDICE;1094;medicamento;0000092758;05;803-22357-FOGX;BAUSCH & LOMB;NEOVITE MAX;60 caps.;;7896046390181;;;;N;;60;273.96;0;4.57;0;;BRAS_PF_PMC;ed. 1090;20;
BRASINDICE;1100;medicamento;0000087308;05;001-01906-FNNK;UNIAO QUIMICA;NEOVLAR;(0,25 + 0,05) mg ct. bl. al. plas. trans. x 21 cprs. rev.;"LEVONORGESTREL;ETINILESTRADIOL";7896006201687;1049714980011;90544200;533022100082017;N;N;21;7.14;9.84;0.34;0.47;;BRAS_PF_PMC;ed. 1096;20;
BRASINDICE;1100;medicamento;0000087818;05;001-01906-FODR;UNIAO QUIMICA;NEOVLAR;(0,25 + 0,05) mg ct. bl. al. plas. trans. x 63 cprs. rev.;"LEVONORGESTREL;ETINILESTRADIOL";7896006298014;1049714980021;90562364;533023050085103;N;N;63;21.3;29.36;0.34;0.47;;BRAS_PF_PMC;ed. 1096;20;
BRASINDICE;1100;medicamento;0000092905;05;1027-01907-FUTB;BLANVER;NEOZINE;40 mg/ml sol. or. ct. fr. got. vd. amb. x 20 ml;CLORIDRATO DE LEVOMEPROMAZINA;7898581711223;1152400210031;90608267;544225050005517;N;N;1;15.66;21.59;15.66;21.59;;BRAS_PF_PMC;ed. 1095;20;
BRASINDICE;1100;medicamento;0000092906;05;1027-01907-FUTC;BLANVER;NEOZINE;25 mg ct. bl. al. plas. PVDC/PE/PVC trans. x 20 cprs. rev.;MALEATO DE LEVOMEPROMAZINA;7898581711230;1152400210015;90608844;544225050005417;N;N;20;11.72;16.15;0.59;0.81;;BRAS_PF_PMC;ed. 1095;20;
BRASINDICE;1100;medicamento;0000092907;05;1027-01907-FUTD;BLANVER;NEOZINE;100 mg ct. bl. al. al. x 20 cprs. rev.;MALEATO DE LEVOMEPROMAZINA;7898581711216;1152400210023;90608852;544225050005617;N;N;20;25.4;35.01;1.27;1.75;;BRAS_PF_PMC;ed. 1095;20;
BRASINDICE;1100;medicamento;0000094450;05;352-28684-FCYK;NOVARTIS;NEPARVIS;50 mg bl. 28 cprs. rev.;SACUBITRIL VALSARTANA SÓDICA HIDRATADA;7896261024199;1006811890011;90620984;526526010106003;N;N;28;114;152.93;4.07;5.46;;BRAS_PF_PMC;ed. 1095;20;
BRASINDICE;1100;medicamento;0000094451;05;352-28684-CKQF;NOVARTIS;NEPARVIS;200 mg bl. 28 cprs. rev.;SACUBITRIL VALSARTANA SÓDICA HIDRATADA;7896261024168;1006811890028;90620992;526526010106103;N;N;28;114.01;152.94;4.07;5.46;;BRAS_PF_PMC;ed. 1095;20;
BRASINDICE;1100;medicamento;0000094452;05;352-28684-CEYP;NOVARTIS;NEPARVIS;200 mg bl. 60 cprs. rev.;SACUBITRIL VALSARTANA SÓDICA HIDRATADA;7896261024175;1006811890036;90621000;526526010106203;N;N;60;244.31;327.73;4.07;5.46;;BRAS_PF_PMC;ed. 1095;20;
BRASINDICE;1100;medicamento;0000094453;05;352-28684-DENV;NOVARTIS;NEPARVIS;100 mg bl. 28 cprs. rev.;SACUBITRIL VALSARTANA SÓDICA HIDRATADA;7896261024205;1006811890044;90621018;526526010106303;N;N;28;114.01;152.94;4.07;5.46;;BRAS_PF_PMC;ed. 1095;20;
BRASINDICE;1100;medicamento;0000094454;05;352-28684-CFGF;NOVARTIS;NEPARVIS;100 mg bl. 60 cprs. rev.;SACUBITRIL VALSARTANA SÓDICA HIDRATADA;7896261024182;1006811890052;90621026;526526010106403;N;N;60;244.31;327.73;4.07;5.46;;BRAS_PF_PMC;ed. 1095;20;
BRASINDICE;1100;medicamento;0000094324;05;1127-27084-FUKV;BIOCON;NEPEXTO;50 mg/ml sol inj. sc. ct. 4 ser. preenc. vd. trans. x 1,0 ml + 4 agu. + 4 len.;ETANERCEPTE;8905056006353;1166400040063;90615662;650725100001517;N;N;4;4507.17;6046.21;1126.79;1511.55;;BRAS_PF_PMC;ed. 1090;20;
BRASINDICE;1100;medicamento;0000094325;05;1127-27084-FUKY;BIOCON;NEPEXTO;50 mg/ml sol inj. sc. ct. 4 ser. preenc. vd. trans. x 1,0 ml + 4 can. aplic. + 4 len.;ETANERCEPTE;8905056006384;1166400040098;90615697;650725100001817;N;N;4;4507.17;6046.21;1126.79;1511.55;;BRAS_PF_PMC;ed. 1090;20;
BRASINDICE;1100;medicamento;0000031962;05;479-17202-CSPM;FRESENIUS KABI;NEPHROTECT (Restrito Hosp.);10% 500 ml - 1 x 500 ml;"FENILALANINA;PROLINA;TRIPTOFANO;LEVOVALINA;SERINA;HISTIDINA;TREONINA;TIROSINA;LEUCINA;GLICINA;ISOLEUCINA;ACETILCISTEÍNA;LEVOMETIONINA;ALANINA;ACETATO DE LISINA;ARGININA";7897947700161;1004101310038;90223543;509507904155419;N;S;1;227.73;0;227.73;0;;BRAS_PF_PMC;ed. 1096;20;
BRASINDICE;1100;medicamento;0000002985;05;348-04282-AMFD;CRISTALIA;NEPRESOL (Restrito Hosp.);20 mg. cx. 50 amps. 1 ml;CLORIDRATO DE HIDRALAZINA;7896676401592;1029800890037;90047273;506710601159414;N;S;50;334.74;0;6.69;0;;BRAS_PF_PMC;ed. 1094;20;
BRASINDICE;1100;medicamento;0000078371;05;676-15365-FCQK;CIFARMA;NERALGYN;30 mg. + 300 mg. + 30 mg. ct. bl. al. plas. inc. x 20 drags.;"DIPIRONA MONOIDRATADA;CAFEÍNA ANIDRA;MUCATO DE ISOMETEPTENO";7898158694416;1156000240025;90397959;506306102111412;N;N;20;13.45;18.04;0.67;0.9;;BRAS_PF_PMC;ed. 1097;20;
BRASINDICE;1100;medicamento;0000078372;05;676-15365-FCQL;CIFARMA;NERALGYN;30 mg. + 300 mg. + 30 mg. ct. bl. al. plas. inc. x 200 drags.;"DIPIRONA MONOIDRATADA;CAFEÍNA ANIDRA;MUCATO DE ISOMETEPTENO";7898158694423;1156000240033;90041739;506313701114411;N;N;200;191.24;256.54;0.96;1.28;;BRAS_PF_PMC;ed. 1097;20;
BRASINDICE;1100;medicamento;0000087715;05;1038-27035-FNZY;PINT PHARMA;NERLYNX;40 mg ct. fr. plas. pead. opc. x 180 cprs. rev.;MALEATO DE NERATINIBE;7898994740933;1390000040010;90536487;576122040000501;N;N;180;32557.96;43675.34;180.88;242.64;;BRAS_PF_PMC;ed. 1078;20;
BRASINDICE;1100;medicamento;0000045033;05;517-19888-DGPJ;PRATI DONADUZZI;NERVAMIN;300 mg. com. rev. ct. bl. al. plas. inc. x 30;CLORIDRATO DE TIAMINA;7899547507171;1256802230011;90238346;528531601112418;N;N;30;26.12;35.04;0.87;1.17;;BRAS_PF_PMC;ed. 1091;20;
BRASINDICE;1100;medicamento;0000056044;05;517-21205-DTBD;PRATI DONADUZZI;NERVAMIN (Restrito Hosp.);300 mg. com. rev. ct. bl. al. plas. inc. x 600 (hosp.);CLORIDRATO DE TIAMINA;7899547507164;1256802230052;90238354;528531602119416;N;S;600;484.91;0;0.81;0;;BRAS_PF_PMC;ed. 1091;20;
BRASINDICE;1094;medicamento;0000093562;05;1088-28434-FVWZ;NUNESFARMA;NESH AZ;Cx. 60 caps. mole;;7899302400808;;;;N;;60;73.12;0;1.22;0;;BRAS_PF_PMC;ed. 1074;20;
BRASINDICE;1094;medicamento;0000093563;05;1088-28435-FVWZ;NUNESFARMA;NESH B NOITE;Cx. 60 caps. mole;;7899302400792;;;;N;;60;118.81;0;1.98;0;;BRAS_PF_PMC;ed. 1074;20;
BRASINDICE;1094;medicamento;0000093559;05;1088-27059-FVXA;NUNESFARMA;NESH B6;40 mg cx. 90 cprs.;;7899302400594;;;;N;;90;219.77;0;2.44;0;;BRAS_PF_PMC;ed. 1074;20;
BRASINDICE;1100;medicamento;0000093556;05;1088-27060-FVSV;NUNESFARMA;NESH CALCIO;1250 mg (eq. a 500 mg de Calcio elementar) cx. 60 cprs.;CARBONATO DE CÁLCIO;7899302400129;1179500040016;90329368;542515100000304;N;N;60;55.78;74.35;0.93;1.24;;BRAS_PF_PMC;ed. 1096;20;
BRASINDICE;1094;medicamento;0000093557;05;1088-27062-FVXB;NUNESFARMA;NESH E;400 UI (400 mg) cx. 60 caps. mole;;7899302400280;;;;N;;60;134.99;0;2.25;0;;BRAS_PF_PMC;ed. 1074;20;
BRASINDICE;1100;medicamento;0000093554;05;1088-27063-FVST;NUNESFARMA;NESH FERRO (Restrito Hosp.);125,54 mg (eq. a 40 mg de Ferro elementar) cx. 100 cprs. rev.;;7899302400662;;;;N;S;100;32.26;0;0.32;0;;BRAS_PF_PMC;ed. 1096;20;
BRASINDICE;1094;medicamento;0000093564;05;1088-28436-FVXC;NUNESFARMA;NESH MAG;260 mg cx. 60 caps. mole;;7899302400815;;;;N;;60;89.35;0;1.49;0;;BRAS_PF_PMC;ed. 1074;20;
BRASINDICE;1094;medicamento;0000093565;05;1088-28437-FVWZ;NUNESFARMA;NESH O3;Cx. 60 caps. mole;;7899302400822;;;;N;;60;99.5;0;1.66;0;;BRAS_PF_PMC;ed. 1074;20;
BRASINDICE;1094;medicamento;0000093560;05;1088-27066-AFEX;NUNESFARMA;NESH PENTASURE IBD;Lata 400 g;;7899302400570;6747500020012;;;N;;1;365.94;0;365.94;0;;BRAS_PF_PMC;ed. 1074;20;
BRASINDICE;1094;medicamento;0000093561;05;1088-27538-AFEX;NUNESFARMA;NESH PENTASURE PEDIA;Lata 400 g;;7899302400624;6747500030018;;;N;;1;263.52;0;263.52;0;;BRAS_PF_PMC;ed. 1074;20;
BRASINDICE;1094;medicamento;0000093558;05;1088-27067-AFEX;NUNESFARMA;NESH PENTASURE SR;Lata 400 g;;7899302400396;6747500010017;;;N;;1;102.22;0;102.22;0;;BRAS_PF_PMC;ed. 1074;20;
BRASINDICE;1100;medicamento;0000093555;05;1088-27069-FVSU;NUNESFARMA;NESH ZINCO;54,89 (eq. a 20 mg de zinco elementar) cx. 30 cprs.;SULFATO DE ZINCO;7899302400167;1179500030010;90345134;542515120000504;N;N;30;42.69;56.9;1.42;1.9;;BRAS_PF_PMC;ed. 1096;20;
BRASINDICE;1100;medicamento;0000083902;05;846-22227-FJWQ;COSMED;NESINA;25 mg cx. 30 cprs. rev.;BENZOATO DE ALOGLIPTINA;7896094922433;1781709060056;90530926;540922010051717;N;N;30;140.84;188.93;4.69;6.3;;BRAS_PF_PMC;ed. 1091;20;
BRASINDICE;1100;medicamento;0000083903;05;846-22227-FJWR;COSMED;NESINA;12,5 mg cx. 30 cprs. rev.;BENZOATO DE ALOGLIPTINA;7896094922136;1781709060021;90530900;540922010051517;N;N;30;123.51;165.68;4.12;5.52;;BRAS_PF_PMC;ed. 1091;20;
BRASINDICE;1100;medicamento;0000090901;05;088-22227-FSEO;MANTECORP FARMASA;NESINA;25 mg cx. 60 cprs. rev.;BENZOATO DE ALOGLIPTINA;7896094931213;1781709060064;90583914;540924060064207;N;N;60;238.11;319.42;3.97;5.32;;BRAS_PF_PMC;ed. 1091;20;
BRASINDICE;1100;medicamento;0000095982;05;088-22227-FJWQ;MANTECORP FARMASA;NESINA;25 mg cx. 30 cprs. rev.;;7896094932814;;;;;;30;140.84;188.93;4.69;6.3;;BRAS_PF_PMC;ed. 1100;20;
BRASINDICE;1100;medicamento;0000095984;05;088-22227-FSEO;MANTECORP FARMASA;NESINA;25 mg cx. 60 cprs. rev.;;7896094932807;;;;;;60;238.11;319.42;3.97;5.32;;BRAS_PF_PMC;ed. 1100;20;
BRASINDICE;1100;medicamento;0000083905;05;846-22586-FJWT;COSMED;NESINA MET;12,5 + 850 mg cx. 60 cprs. rev.;"BENZOATO DE ALOGLIPTINA;CLORIDRATO DE METFORMINA";7896094999527;1781709100171;90530993;540922010051417;N;N;60;144.46;193.79;2.41;3.23;;BRAS_PF_PMC;ed. 1091;20;
BRASINDICE;1100;medicamento;0000083906;05;846-22586-FJWU;COSMED;NESINA MET;12,5 + 1000 mg cx. 60 cprs. rev.;"BENZOATO DE ALOGLIPTINA;CLORIDRATO DE METFORMINA";7896094922426;1781709100104;90530977;540922010051217;N;N;60;144.46;193.79;2.41;3.23;;BRAS_PF_PMC;ed. 1091;20;
BRASINDICE;1100;medicamento;0000083909;05;846-23816-FJWO;COSMED;NESINA PIO;25 + 15 mg cx. 30 cprs. rev.;"BENZOATO DE ALOGLIPTINA;CLORIDRATO DE PIOGLITAZONA";7896094999534;1781709030025;90526945;540921110049817;N;N;30;212.46;285.01;7.08;9.5;;BRAS_PF_PMC;ed. 1091;20;
BRASINDICE;1100;medicamento;0000083910;05;846-23816-FJWP;COSMED;NESINA PIO;25 + 30 mg cx. 30 cprs. rev.;"BENZOATO DE ALOGLIPTINA;CLORIDRATO DE PIOGLITAZONA";7896094999510;1781709030068;90526961;540921110050017;N;N;30;210.39;282.23;7.01;9.41;;BRAS_PF_PMC;ed. 1091;20;
BRASINDICE;1100;medicamento;0000095983;05;088-23816-FJWP;MANTECORP FARMASA;NESINA PIO;25 + 30 mg cx. 30 cprs. rev.;;7896094932708;;;;;;30;210.39;282.23;7.01;9.41;;BRAS_PF_PMC;ed. 1100;20;
BRASINDICE;1100;medicamento;0000087379;05;048-26860-FBLT;ACHE;NESTA;5 mg bl. x 10 cprs. rev.;TADALAFILA;7896658046612;1057300250117;90553144;552922110153203;N;N;10;22.23;30.64;2.22;3.06;;BRAS_PF_PMC;ed. 1091;20;
BRASINDICE;1100;medicamento;0000087380;05;048-26860-FBPX;ACHE;NESTA;5 mg bl. x 30 cprs. rev.;TADALAFILA;7896658046629;1057300250125;90553152;552922110153303;N;N;30;72.02;99.27;2.4;3.31;;BRAS_PF_PMC;ed. 1091;20;
BRASINDICE;1100;medicamento;0000043078;05;748-19502-DEOK;ACCORD;NEUGRAST (Restrito Hosp.) (CONVENIO 162/94);50 mg/ml sol. inj. FA vd. x 10 ml;;7898932797753;1553700220028;90002474;538002202157417;N;S;1;6.94;0;6.94;0;;BRAS_PF_PMC;ed. 1066;20;
BRASINDICE;1100;medicamento;0000075013;05;952-26893-EYCO;AMGEN;NEULASTIM (Restrito Hosp.) (CONVENIO 132/21);10 mg/ml sol. inj. ct. ser. preench. vd. trans. x 0,6 ml + disp. seg.;PEGFILGRASTIM;7898609960473;1024400050024;90391756;544117060004007;N;S;1;7084.02;0;7084.02;0;;BRAS_PF_PMC;ed. 1094;20;
BRASINDICE;1100;medicamento;0000080600;05;952-26893-FFSN;AMGEN;NEULASTIM (Restrito Hosp.) (CONVENIO 132/21);10 mg/ml sl. inj. ct. ser. preench. vd. trans. x 0,64 ml + aplic.;PEGFILGRASTIM;7898609960909;1024400050032;90487680;544120090005107;N;S;1;7084.02;0;7084.02;0;;BRAS_PF_PMC;ed. 1094;20;
BRASINDICE;1100;medicamento;0000092908;05;1027-01913-FUTE;BLANVER;NEULEPTIL;10 mg ct. bl. al. plas. inc. x 20 cprs. rev.;PERICIAZINA;7898581711261;1152400230016;90609352;544225050004817;N;N;20;10.94;15.08;0.55;0.75;;BRAS_PF_PMC;ed. 1095;20;
BRASINDICE;1100;medicamento;0000092909;05;1027-01913-FUTF;BLANVER;NEULEPTIL;10 mg/ml sol. or. ped. ct. fr. vd. conta gts. x 20 ml;PERICIAZINA;7898581711254;1152400230024;90609360;544225050004917;N;N;1;11.23;15.48;11.23;15.48;;BRAS_PF_PMC;ed. 1095;20;
BRASINDICE;1100;medicamento;0000092910;05;1027-01913-FUTG;BLANVER;NEULEPTIL;40 mg/ml sol. or. ct. fr. vd. conta gts. x 20 ml;PERICIAZINA;7898581711247;1152400230032;90609379;544225050005017;N;N;1;21.8;30.05;21.8;30.05;;BRAS_PF_PMC;ed. 1095;20;
BRASINDICE;1100;medicamento;0000073201;05;917-23960-EVWA;SUPERA RX;NEUMOSIN;400 mg. ct. bl. al./al. x 5 cprs. rev.;CLORIDRATO DE MOXIFLOXACINO;7899420503795;1037202740018;90361350;542617020008804;N;N;5;128.63;177.3;25.73;35.46;;BRAS_PF_PMC;ed. 1091;20;
BRASINDICE;1100;medicamento;0000073202;05;917-23960-EVWB;SUPERA RX;NEUMOSIN;400 mg. ct. bl. al./al. x 7 cprs. rev.;CLORIDRATO DE MOXIFLOXACINO;7899420503801;1037202740026;90361377;542617020008904;N;N;7;170.9;235.57;24.41;33.65;;BRAS_PF_PMC;ed. 1091;20;
BRASINDICE;1100;medicamento;0000062520;05;367-22264-EFRZ;UCB BIOPHARMA;NEUPRO;4 mg/24H x 28 envs.;ROTIGOTINA;4030729003521;1236100820041;90317939;525215020020502;N;N;28;360.78;483.97;12.88;17.28;;BRAS_PF_PMC;ed. 1091;20;
BRASINDICE;1100;medicamento;0000062521;05;367-22264-EFSA;UCB BIOPHARMA;NEUPRO;6 mg/24H x 28 envs.;ROTIGOTINA;4030729003545;1236100820068;90317947;525215020020602;N;N;28;485.71;651.56;17.35;23.27;;BRAS_PF_PMC;ed. 1091;20;
BRASINDICE;1100;medicamento;0000062522;05;367-22264-EFSB;UCB BIOPHARMA;NEUPRO;8 mg/24H x 28 envs.;ROTIGOTINA;4030729003569;1236100820084;90317955;525215020020702;N;N;28;721.57;967.96;25.77;34.57;;BRAS_PF_PMC;ed. 1091;20;
BRASINDICE;1100;medicamento;0000062523;05;367-22264-EFSC;UCB BIOPHARMA;NEUPRO;2 mg/24H x 7 envs.;ROTIGOTINA;4030729003507;1236100820017;90317963;525215080020802;N;N;7;45.08;60.47;6.44;8.64;;BRAS_PF_PMC;ed. 1091;20;
BRASINDICE;1100;medicamento;0000011638;05;348-11109-BYON;CRISTALIA;NEURAL;25 mg. 3 bl. x 10 cprs.;LAMOTRIGINA;7896676410211;1029802950063;90047303;506710703113413;N;N;30;31.51;43.43;1.05;1.45;;BRAS_PF_PMC;ed. 1094;20;
BRASINDICE;1100;medicamento;0000011639;05;348-11109-ABEC;CRISTALIA;NEURAL;50 mg. 3 bl. x 10 cprs.;LAMOTRIGINA;7896676410228;1029802950039;90047311;506710704111414;N;N;30;42.1;58.03;1.4;1.93;;BRAS_PF_PMC;ed. 1094;20;
BRASINDICE;1100;medicamento;0000037768;05;348-18427-CPEJ;CRISTALIA;NEURAL (Restrito Hosp.);100 mg. 20 bl. 10 cps.;LAMOTRIGINA;7896676410419;1029802950012;90047281;506710701110417;N;S;200;2610.09;0;13.05;0;;BRAS_PF_PMC;ed. 1094;20;
BRASINDICE;1094;medicamento;0000054388;05;918-21363-DUNM;HEEL DO BRASIL;NEUREXAN;Fr. 50 cprs. subling.;;7898908753301;1619800150011;;;N;;50;75.77;0;1.52;0;;BRAS_PF_PMC;ed. 1090;20;
BRASINDICE;1100;medicamento;0000012405;05;581-11562-FTOK;CAZI;NEURI B6;40 mg com rev ct env pap plas x 20;CLORIDRATO DE PIRIDOXINA;7893736030013;1071500600011;90446976;505520010021007;N;N;20;38.82;52.08;1.94;2.6;;BRAS_PF_PMC;ed. 1097;20;
BRASINDICE;1100;medicamento;0000012406;05;581-11563-FTOL;CAZI;NEURIVIT;100 mg com rev env al pe x 20;CLORIDRATO DE TIAMINA;7893736020014;1071500620010;90460294;505519120020507;N;N;20;22.78;30.56;1.14;1.53;;BRAS_PF_PMC;ed. 1097;20;
BRASINDICE;1100;medicamento;0000003436;05;500-04851-APYS;SIGMA PHARMA;NEUTROFER;Gts. fr.30 ml;BISGLICINATO FERROSO;7894916500296;1356906260116;90239385;531602604135418;N;N;1;49.27;66.09;49.27;66.09;;BRAS_PF_PMC;ed. 1099;20;
BRASINDICE;1100;medicamento;0000003437;05;500-04851-AWQO;SIGMA PHARMA;NEUTROFER;500 mg. fr. 30 cprs. rev.;BISGLICINATO FERROSO;7894916500272;1356906260061;90239407;531602606111419;N;N;30;70.36;94.39;2.35;3.15;;BRAS_PF_PMC;ed. 1099;20;
BRASINDICE;1100;medicamento;0000003439;05;500-04851-AWQQ;SIGMA PHARMA;NEUTROFER;300 mg. fr. 30 cprs.;BISGLICINATO FERROSO;7894916500333;1356906260035;90239393;531602605115410;N;N;30;47.27;63.41;1.58;2.11;;BRAS_PF_PMC;ed. 1099;20;
BRASINDICE;1100;medicamento;0000003440;05;500-04851-AYQT;SIGMA PHARMA;NEUTROFER;Cx. 20 flac. x 5 ml;;7894916500289;1356906260051;90239377;531602603139411;N;;20;59.37;79.64;2.97;3.98;;BRAS_PF_PMC;ed. 1069;20;
BRASINDICE;1100;medicamento;0000003441;05;500-04851-BAKL;SIGMA PHARMA;NEUTROFER;150 mg. fr. 30 cprs.;BISGLICINATO FERROSO;7894916500548;1356906260027;90239369;531602602116416;N;N;30;26.98;36.19;0.9;1.21;;BRAS_PF_PMC;ed. 1099;20;
BRASINDICE;1100;medicamento;0000013816;05;500-12229-ABNY;SIGMA PHARMA;NEUTROFER FOLICO;30 cprs.;"BISGLICINATO FERROSO;ÁCIDO FÓLICO";7894916500425;1356905920015;90239970;531625401117414;N;N;30;34.95;46.88;1.16;1.56;;BRAS_PF_PMC;ed. 1099;20;
BRASINDICE;1100;medicamento;0000013817;05;500-12229-BCNI;SIGMA PHARMA;NEUTROFER FOLICO;20 flac. 5 ml.;;7894916500432;1356905920031;90239989;531625402131410;N;;20;34.57;46.37;1.73;2.32;;BRAS_PF_PMC;ed. 1069;20;
BRASINDICE;1100;medicamento;0000013818;05;500-12229-AFST;SIGMA PHARMA;NEUTROFER FOLICO;Gts. fr. 30 ml;ÁCIDO FÓLICO;7894916501736;1356905920058;90239997;531625403136416;N;N;1;47.93;64.3;47.93;64.3;;BRAS_PF_PMC;ed. 1099;20;
BRASINDICE;1100;medicamento;0000069675;05;352-16877-CQVE;NOVARTIS;NEVANAC;Fr. plast. gotej. 5 ml;NEPAFENACO;7896548197585;1006811050021;90297652;500904901132312;N;N;1;70.89;97.71;70.89;97.71;;BRAS_PF_PMC;ed. 1095;20;
BRASINDICE;1100;medicamento;0000069688;05;352-23440-ESAL;NOVARTIS;NEVANAC UNO;3 mg/ml susp. oft. ct. fr. plas. opc. got. x 3 ml;NEPAFENACO;7896548199459;1006811050038;90320611;526514120079903;N;N;1;127.59;175.87;127.59;175.87;;BRAS_PF_PMC;ed. 1095;20;
BRASINDICE;1100;medicamento;0000063839;05;969-22263-AKQT;ARESE;NEVRIX;Cx. 20 cprs. rev.;"CLORIDRATO DE PIRIDOXINA;CIANOCOBALAMINA";7899824400690;1581900080020;90392680;560817070000517;N;N;20;53.86;74.24;2.69;3.71;;BRAS_PF_PMC;ed. 1095;20;
BRASINDICE;1100;medicamento;0000063840;05;969-22263-EDPS;ARESE;NEVRIX;IM. Inj. cx. 3 amps. x 2 ml.;"CLORIDRATO DE TIAMINA;CLORIDRATO DE PIRIDOXINA;CIANOCOBALAMINA";7899824400409;1581900020028;90392647;560817070000117;N;N;3;19.47;26.84;6.49;8.95;;BRAS_PF_PMC;ed. 1095;20;
BRASINDICE;1100;medicamento;0000086121;05;969-22263-FMKL;ARESE;NEVRIX;100 mg. + 100 mg. + 5000 mcg ct. bl. al. plas. trans. x 60 cprs. rev.;"NITRATO DE TIAMINA;CLORIDRATO DE PIRIDOXINA;CIANOCOBALAMINA";7899824401291;1581900080047;90536746;560822050005903;N;N;60;122.1;168.3;2.03;2.8;;BRAS_PF_PMC;ed. 1095;20;
BRASINDICE;1100;medicamento;0000087252;05;969-22263-FNLJ;ARESE;NEVRIX;100 mg + 100 mg + 5000 mcg ct. bl. al. plas. trans. x 90 cprs. rev.;"NITRATO DE TIAMINA;CLORIDRATO DE PIRIDOXINA;CIANOCOBALAMINA";7899824401307;1581900080055;90536754;560822050006003;N;N;90;160.74;221.56;1.79;2.46;;BRAS_PF_PMC;ed. 1095;20;
BRASINDICE;1094;medicamento;0000094398;05;969-28645-FJBE;ARESE;NEVRIX FLASH;Cx. 30  cprs..;;7899824401994;;;;N;;30;63;0;2.1;0;;BRAS_PF_PMC;ed. 1093;20;
BRASINDICE;1100;medicamento;0000021060;05;029-14936-CEYP;BAYER;NEXAVAR (CONVENIO 162/94);200 mg bl. 60 cprs. rev.;TOSILATO DE SORAFENIBE;7891106006767;1705600290061;90246659;538912050012113;N;N;60;8381.4;11552.89;139.69;192.55;;BRAS_PF_PMC;ed. 1099;20;
BRASINDICE;1100;medicamento;0000084633;05;173-26394-FKRT;LEGRAND;NEXFLEN;550 mg 10 cprs. rev.;NAPROXENO SÓDICO;7896004773957;1677306490139;90500032;538820110093807;N;N;10;26.14;35.07;2.61;3.51;;BRAS_PF_PMC;ed. 1092;20;
BRASINDICE;1100;medicamento;0000094530;05;173-26394-FKRU;LEGRAND;NEXFLEN;550 mg 20 cprs. rev.;NAPROXENO SÓDICO;7894916996976;1677306490147;90500040;538825110122407;N;N;20;29.93;40.15;1.5;2.01;;BRAS_PF_PMC;ed. 1092;20;
BRASINDICE;1100;medicamento;0000008216;05;442-08673-AWVN;ASTRAZENECA;NEXIUM;20 mg. cx. 7 cprs.;ESOMEPRAZOL MAGNÉSICO;7896206402150;1161801050026;90016068;502302702111214;N;N;7;37.51;51.7;5.36;7.39;;BRAS_PF_PMC;ed. 1092;20;
BRASINDICE;1100;medicamento;0000008217;05;442-08673-AWVO;ASTRAZENECA;NEXIUM;20 mg. cx. 14 cprs.;ESOMEPRAZOL MAGNÉSICO TRI-HIDRATADO;7896206402167;1161801050034;90016050;502302701115216;N;N;14;75.03;103.42;5.36;7.39;;BRAS_PF_PMC;ed. 1092;20;
BRASINDICE;1100;medicamento;0000008218;05;442-08673-AWVP;ASTRAZENECA;NEXIUM;40 mg. cx. 7 cprs.;ESOMEPRAZOL MAGNÉSICO;7896206402174;1161801050107;90016092;502302704114210;N;N;7;78.41;108.08;11.2;15.44;;BRAS_PF_PMC;ed. 1092;20;
BRASINDICE;1100;medicamento;0000008219;05;442-08673-AYQY;ASTRAZENECA;NEXIUM;40 mg. cx. 14 cprs.;ESOMEPRAZOL MAGNÉSICO TRI-HIDRATADO;7896206402181;1161801050115;90016084;502302703118212;N;N;14;156.87;216.23;11.2;15.44;;BRAS_PF_PMC;ed. 1092;20;
BRASINDICE;1100;medicamento;0000008220;05;442-08673-BYAT;ASTRAZENECA;NEXIUM;IV 40 mg. po liof. inj. ct. x 10 FA;ESOMEPRAZOL SÓDICO;7896206402471;1161802090021;90016106;502305901158215;N;N;10;747.16;1029.88;74.72;102.99;;BRAS_PF_PMC;ed. 1092;20;
BRASINDICE;1100;medicamento;0000023377;05;442-08673-CUJU;ASTRAZENECA;NEXIUM;20 mg. bl. 28 cprs. rev.;ESOMEPRAZOL MAGNÉSICO TRI-HIDRATADO;7896206402969;1161801050042;90016041;502302705110219;N;N;28;150.08;206.87;5.36;7.39;;BRAS_PF_PMC;ed. 1092;20;
BRASINDICE;1100;medicamento;0000023378;05;442-08673-CJAP;ASTRAZENECA;NEXIUM;40 mg. bl. 28 cprs. rev.;ESOMEPRAZOL MAGNÉSICO TRI-HIDRATADO;7896206402976;1161801050123;90016076;502302706117217;N;N;28;313.67;432.36;11.2;15.44;;BRAS_PF_PMC;ed. 1092;20;
BRASINDICE;1100;medicamento;0000090745;05;790-27763-FRZO;MULTILAB;NEXOPRAX;550 mg x 10 cprs. rev.;NAPROXENO SÓDICO;7895296448512;1181904730131;90586891;607024060110007;N;N;10;26.9;36.09;2.69;3.61;;BRAS_PF_PMC;ed. 1092;20;
BRASINDICE;1100;medicamento;0000051702;05;173-20928-DRFG;LEGRAND;NEXPRAZIN;20 mg. 4 bl. x 7 cprs. rev.;ESOMEPRAZOL MAGNÉSICO;7896004742120;1677304850030;90415590;538813020045704;N;N;28;99.75;137.9;3.56;4.92;;BRAS_PF_PMC;ed. 1092;20;
BRASINDICE;1100;medicamento;0000051703;05;173-20928-DRFJ;LEGRAND;NEXPRAZIN;40 mg. 4 bl. x 7 cprs. rev.;ESOMEPRAZOL MAGNÉSICO;7896004742137;1677304850073;90415604;538813020045804;N;N;28;208.48;288.21;7.45;10.29;;BRAS_PF_PMC;ed. 1092;20;
BRASINDICE;1100;medicamento;0000079977;05;001-25310-FEWS;UNIAO QUIMICA;NEXT;400 mg. + 4 mg. + 4 mg. ct. bl. al. plas. pvc. trans. x 100 caps. dura (emb mult);"MALEATO DE CLORFENIRAMINA;PARACETAMOL;CLORIDRATO DE FENILEFRINA";7898636191970;1049714360031;90445147;533020030069607;N;N;100;76.54;102.68;0.77;1.03;;BRAS_PF_PMC;ed. 1072;20;
BRASINDICE;1100;medicamento;0000079978;05;001-25310-FEWT;UNIAO QUIMICA;NEXT;400 mg. + 4 mg. + 4 mg. ct. bl. al. plas. pvc. trans. x 200 caps. dura (emb mult);;7898636191963;1049714360056;90445155;533020030069707;N;;200;155.19;208.18;0.78;1.04;;BRAS_PF_PMC;ed. 1072;20;
BRASINDICE;1100;medicamento;0000084828;05;001-25310-FKXZ;UNIAO QUIMICA;NEXT;400 mg + 4 mg + 4 mg ct. bl. al. plas. pvc trans. x 10 caps. dura;"MALEATO DE CLORFENIRAMINA;PARACETAMOL;CLORIDRATO DE FENILEFRINA";7898636192816;1049714360021;90524578;533022010077007;N;N;10;9.01;12.09;0.9;1.21;;BRAS_PF_PMC;ed. 1072;20;
BRASINDICE;1100;medicamento;0000092102;05;034-28062-FTTG;LIBBS;NEXTELA;15 + 3 mg 28 cprs. or.;"DROSPIRENONA;ESTETROL MONOIDRATADO";7896094210783;1003302200010;90561422;523723070050302;N;N;28;83.41;111.89;2.98;4;;BRAS_PF_PMC;ed. 1094;20;
BRASINDICE;1100;medicamento;0000085899;05;1048-26602-FMDO;SANOFI MEDLEY;NEXVIAZYME;100 mg po liof. sol. inj. IV ct. fa vd. trans.;ALFA-AVALGLICOSIDASE;7891058000899;1832604820016;90533089;576722040097702;N;N;1;5889.76;7900.9;5889.76;7900.9;;BRAS_PF_PMC;ed. 1099;20;
BRASINDICE;1100;medicamento;0000084952;05;828-26458-FLCO;DR. REDDY S;NIBISNU (Restrito Hosp.) (CONVENIO 162/94);100 mg. po liof. sol. inj. IV ct. FA amb. + dil. FA trans x 3 ml;CARMUSTINA;8901148255364;1514300630015;90532708;507522030018107;N;S;1;327.97;0;327.97;0;;BRAS_PF_PMC;ed. 1090;20;
BRASINDICE;1100;medicamento;0000093775;05;828-26458-FVZX;DR. REDDY S;NIBISNU (Restrito Hosp.) (CONVENIO 162/94);100 mg po liof. sol. inj. IV ct. 5 FA vd. amb. + dil. 5 FA vd. trans. x 3 ml;;8901148255371;1514300630023;90532716;507522030018207;N;S;5;1746.88;0;349.38;0;;BRAS_PF_PMC;ed. 1076;20;
BRASINDICE;1100;medicamento;0000095708;05;1106-07510-FXXK;JOHNSON & JOHNSON;NICORETTE;2 mg bl. al. plas. trans x 15 gomas;;7891010259303;;90632737;;;;15;44.01;59.04;2.93;3.94;;BRAS_PF_PMC;ed. 1097;20;
BRASINDICE;1100;medicamento;0000095709;05;1106-07510-FXXL;JOHNSON & JOHNSON;NICORETTE;4 mg bl. al. plas. trans. x 15 gomas;;7891010259310;;90632745;;;;15;48.28;64.77;3.22;4.32;;BRAS_PF_PMC;ed. 1097;20;
BRASINDICE;1100;medicamento;0000093986;05;1083-18985-FWGM;HALEON;NICOTINELL;7 mg ct. env. PAP/AL/PLAS. x 7 ades. transd.;;7896261015821;1929000010015;90517512;597221060000117;N;;7;46.95;63.43;6.71;9.06;;BRAS_PF_PMC;ed. 1078;20;
BRASINDICE;1100;medicamento;0000093987;05;1083-18985-FWGN;HALEON;NICOTINELL;14 mg ct. env .PAP/AL/PLAS. x 7 ades. transd.;;7896261015890;1929000010082;90517520;597221060000217;N;;7;49.17;66.43;7.02;9.49;;BRAS_PF_PMC;ed. 1078;20;
BRASINDICE;1100;medicamento;0000093988;05;1083-18985-FWGO;HALEON;NICOTINELL;21 mg ct. env. PAP/AL/PLAS. x 7 ades. transd.;;7896261015968;1929000010155;90517539;597221060000317;N;;7;51.41;69.45;7.34;9.92;;BRAS_PF_PMC;ed. 1078;20;
BRASINDICE;1100;medicamento;0000086766;05;921-26705-FMVS;SUN;NIDHI;100 mg ct. bl. al. al. x 60 caps. mole;ESILATO DE NINTEDANIBE;7898272946125;1468201060027;90535383;532422040031804;N;N;60;11204.38;15030.28;186.74;250.5;;BRAS_PF_PMC;ed. 1092;20;
BRASINDICE;1100;medicamento;0000086767;05;921-26705-FMVT;SUN;NIDHI;150 mg ct. bl. al. al. x 60 caps. mole;ESILATO DE NINTEDANIBE;7898272946132;1468201060061;90535391;532422040031904;N;N;60;22408.8;30060.61;373.48;501.01;;BRAS_PF_PMC;ed. 1092;20;
BRASINDICE;1100;medicamento;0000082316;05;776-25920-FHYO;GERMED PHARMA;NIDUE;100 + 20 mg c/12 cprs.;"PANTOPRAZOL SÓDICO SESQUI-HIDRATADO;NIMESULIDA";7896004775623;1058309830033;90508122;526121020137304;N;N;12;48.58;65.17;4.05;5.43;;BRAS_PF_PMC;ed. 1092;20;
BRASINDICE;1100;medicamento;0000084384;05;776-25920-FKJT;GERMED PHARMA;NIDUE;100 + 20 mg c/6 cprs.;"PANTOPRAZOL SÓDICO SESQUI-HIDRATADO;NIMESULIDA";7896004775630;1058309830017;90508106;526121020137104;N;N;6;28.23;37.87;4.7;6.31;;BRAS_PF_PMC;ed. 1092;20;
BRASINDICE;1100;medicamento;0000082720;05;048-26013-FIJR;ACHE;NIENZA;3,125 mg. CL bl. x 30 cprs.;CARVEDILOL;7896658038259;1057307570060;90505018;552921020136303;N;N;30;12.35;17.02;0.41;0.57;;BRAS_PF_PMC;ed. 1091;20;
BRASINDICE;1100;medicamento;0000082725;05;048-26013-FIKB;ACHE;NIENZA;6,25 mg. CL bl. x 30 cprs.;CARVEDILOL;7896658038266;1057307570079;90505026;552921020136403;N;N;30;16.83;23.2;0.56;0.77;;BRAS_PF_PMC;ed. 1091;20;
BRASINDICE;1100;medicamento;0000082726;05;048-26013-FIJS;ACHE;NIENZA;12,5 mg. CL bl. x 30 cprs.;CARVEDILOL;7896658038280;1057307570087;90505034;552921020136503;N;N;30;17.62;24.29;0.59;0.81;;BRAS_PF_PMC;ed. 1091;20;
BRASINDICE;1100;medicamento;0000082727;05;048-26013-FIJT;ACHE;NIENZA;25 mg. CL bl. x 30 cprs.;CARVEDILOL;7896658038273;1057307570052;90505000;552921020136203;N;N;30;24.22;33.38;0.81;1.11;;BRAS_PF_PMC;ed. 1091;20;
BRASINDICE;1100;medicamento;0000014911;05;620-12866-BSSY;MEDQUIMICA;NIFEDIPRESS;Retard. 20 mg. cx. 30 cprs.;NIFEDIPINO;7896862910747;1091700340032;90157850;525103802115417;N;N;30;21.88;30.16;0.73;1.01;;BRAS_PF_PMC;ed. 1092;20;
BRASINDICE;1100;medicamento;0000062499;05;620-22277-EFRG;MEDQUIMICA;NIFEDIPRESS (Restrito Hosp.);20 mg. retard. bl. cx. 500 cprs. (hosp.);NIFEDIPINO;7896862917869;1091700340059;90317424;525115050025503;N;S;500;277.66;0;0.56;0;;BRAS_PF_PMC;ed. 1092;20;
BRASINDICE;1100;medicamento;0000057975;05;500-21905-DZJY;SIGMA PHARMA;NIKI;3 mg. + 0,02 mg. bl. x 24 cprs. rev.;"ETINILESTRADIOL;DROSPIRENONA";7894916510271;1356906710014;90322576;531614100077003;N;N;24;35.3;48.66;1.47;2.03;;BRAS_PF_PMC;ed. 1099;20;
BRASINDICE;1100;medicamento;0000057976;05;500-21905-DZJZ;SIGMA PHARMA;NIKI;3 mg. + 0,02 mg. 3 bl. x 24 cprs. rev.;"ETINILESTRADIOL;DROSPIRENONA";7894916510288;1356906710022;90322584;531614100077103;N;N;72;90.22;124.36;1.25;1.73;;BRAS_PF_PMC;ed. 1099;20;
BRASINDICE;1100;medicamento;0000074203;05;500-21905-EXCQ;SIGMA PHARMA;NIKI;3 mg. + 0,02 mg. bl. 24+4 cprs. rev.;"ETINILESTRADIOL;DROSPIRENONA";7894916510554;1356906710030;90412923;531618010081504;N;N;28;40.94;56.43;1.46;2.02;;BRAS_PF_PMC;ed. 1099;20;
BRASINDICE;1100;medicamento;0000087140;05;500-26789-FNHX;SIGMA PHARMA;NIKI CONECT;3 mg. + 0,02 mg. 30 cprs. rev.;"ETINILESTRADIOL;DROSPIRENONA";7894916516785;1356906710049;90515730;531621080093603;N;N;30;63.63;87.71;2.12;2.92;;BRAS_PF_PMC;ed. 1099;20;
BRASINDICE;1100;medicamento;0000087141;05;500-26789-FNHY;SIGMA PHARMA;NIKI CONECT;3 mg. + 0,02 mg. 3 bl. s 30 cprs. rev.;"ETINILESTRADIOL;DROSPIRENONA";7894916516808;1356906710065;90515757;531621080093803;N;N;90;152.57;210.3;1.7;2.34;;BRAS_PF_PMC;ed. 1099;20;
BRASINDICE;1100;medicamento;0000028713;05;348-16483-CPHA;CRISTALIA;NILPERIDOL (Restrito Hosp.);50 amps. 2 ml;"CITRATO DE FENTANILA;DROPERIDOL";7896676424461;1029803020061;90293738;506713120052103;N;S;50;809.88;0;16.2;0;;BRAS_PF_PMC;ed. 1094;20;
BRASINDICE;1100;medicamento;0000073807;05;516-06536-EWRW;ASPEN PHARMA;NIMBIUM (Restrito Hosp.);2 mg/ml. sol. inj. ct. 5 amp. vd. trans. x 5 ml. (hosp.);BESILATO DE CISATRACÚRIO;7895858016968;1376401690010;90397754;505618030042917;N;S;5;234.69;0;46.94;0;;BRAS_PF_PMC;ed. 1092;20;
BRASINDICE;1100;medicamento;0000073808;05;516-06536-EWRX;ASPEN PHARMA;NIMBIUM (Restrito Hosp.);2 mg/ml. sol. inj. ct. 5 amp. vd. trans. x 10 ml. (hosp.);BESILATO DE CISATRACÚRIO;7895858016975;1376401690029;90397762;505618030043017;N;S;5;456.48;0;91.3;0;;BRAS_PF_PMC;ed. 1091;20;
BRASINDICE;1100;medicamento;0000084069;05;127-22557-EGDD;MERCK SHARP & DOHME;NIMEGON;50 mg. ct. bl. al. al. x 28 cprs. rev.;FOSFATO DE SITAGLIPTINA MONOIDRATADO;7897572004306;1017102050171;90321286;527315110017004;N;N;28;129.3;178.23;4.62;6.37;;BRAS_PF_PMC;ed. 1096;20;
BRASINDICE;1100;medicamento;0000084070;05;127-22557-EGDE;MERCK SHARP & DOHME;NIMEGON;100 mg. ct. bl. al. al. x 14 cprs. rev.;FOSFATO DE SITAGLIPTINA MONOIDRATADO;7897572004344;1017102050201;90321294;527315110017104;N;N;14;129.3;178.23;9.24;12.73;;BRAS_PF_PMC;ed. 1096;20;
BRASINDICE;1100;medicamento;0000084071;05;127-22557-EGDF;MERCK SHARP & DOHME;NIMEGON;100 mg. ct. bl. al. al. x 28 cprs. rev.;FOSFATO DE SITAGLIPTINA MONOIDRATADO;7897572004351;1017102050211;90321308;527315110017204;N;N;28;258.61;356.47;9.24;12.73;;BRAS_PF_PMC;ed. 1096;20;
BRASINDICE;1100;medicamento;0000084073;05;127-22230-EDLD;MERCK SHARP & DOHME;NIMEGON MET;50 mg/500 mg. ct. bl. al. al. x 56 cprs. rev.;"FOSFATO DE SITAGLIPTINA MONOIDRATADO;CLORIDRATO DE METFORMINA";7897572004405;1017102030022;90321154;527315030015704;N;N;56;248.57;342.63;4.44;6.12;;BRAS_PF_PMC;ed. 1096;20;
BRASINDICE;1100;medicamento;0000084074;05;127-22230-EDLE;MERCK SHARP & DOHME;NIMEGON MET;50 mg/850 mg. ct. bl. al. al. x 28 cprs. rev.;"FOSFATO DE SITAGLIPTINA MONOIDRATADO;CLORIDRATO DE METFORMINA";7897572004436;1017102030030;90321162;527315030015804;N;N;28;124.25;171.27;4.44;6.12;;BRAS_PF_PMC;ed. 1096;20;
BRASINDICE;1100;medicamento;0000084075;05;127-22230-EDLF;MERCK SHARP & DOHME;NIMEGON MET;50 mg/850 mg. ct. bl. al. al. x 56 cprs. rev.;"FOSFATO DE SITAGLIPTINA MONOIDRATADO;CLORIDRATO DE METFORMINA";7897572004443;1017102030049;90321170;527315030015904;N;N;56;248.57;342.63;4.44;6.12;;BRAS_PF_PMC;ed. 1096;20;
BRASINDICE;1100;medicamento;0000084076;05;127-22230-EDLA;MERCK SHARP & DOHME;NIMEGON MET;50 mg/1000 mg. ct. bl. al. al. x 28 cprs. rev.;"FOSFATO DE SITAGLIPTINA MONOIDRATADO;CLORIDRATO DE METFORMINA";7897572004474;1017102030057;90321189;527315030016004;N;N;28;124.25;171.27;4.44;6.12;;BRAS_PF_PMC;ed. 1096;20;
BRASINDICE;1100;medicamento;0000084077;05;127-22230-EDLB;MERCK SHARP & DOHME;NIMEGON MET;50 mg/1000 mg. ct. bl. al. al. x 56 cprs. rev.;"FOSFATO DE SITAGLIPTINA MONOIDRATADO;CLORIDRATO DE METFORMINA";7897572004481;1017102030065;90321197;527315030016104;N;N;56;248.57;342.63;4.44;6.12;;BRAS_PF_PMC;ed. 1096;20;
BRASINDICE;1100;medicamento;0000071325;05;132-23733-ECDB;PFIZER;NIMENRIX;Po liof. inj. ct. FA vd. trans. + sol. dil. ser. vd. inc. x 0,5 ml;POLISSACARÍDEO DE NEISSERIA MENINGITIDIS DO SOROGRUPO A CONJUGADO A PROTEÍNA CARREADORA TOXOIDE TETÂNICO;7891268029369;1021602430011;90391896;552817060000217;N;N;1;310.64;416.71;310.64;416.71;;BRAS_PF_PMC;ed. 1094;20;
BRASINDICE;1100;medicamento;0000044153;05;062-04929-ADUX;EMS;NIMESILAM;Fr. 15 ml;NIMESULIDA;7896004738734;1356906990017;90386299;531624202137417;N;N;1;19.48;26.93;19.48;26.93;;BRAS_PF_PMC;ed. 1079;20;
BRASINDICE;1100;medicamento;0000044154;05;062-04929-DFPU;EMS;NIMESILAM;1 bl. x 12 cprs.;NIMESULIDA;7896004738727;1356906980011;90386280;531624201114413;N;N;12;12.75;17.63;1.06;1.47;;BRAS_PF_PMC;ed. 1079;20;
BRASINDICE;1100;medicamento;0000007411;05;072-08187-BALL;EUROFARMA;NIMESULIDA - GENERICO;100 mg. 12 cprs.;NIMESULIDA;7891317422028;1004309090014;90069765;508013603113110;S;N;12;16.95;23.36;1.41;1.95;;BRAS_PF_PMC;ed. 1094;20;
BRASINDICE;1100;medicamento;0000024420;05;591-08187-BZGI;GERMED;NIMESULIDA - GENERICO;20 mg/g gel bisn. 30 g;;7896004720623;1058305420027;90086058;526129301162111;S;;1;17.18;23.05;17.18;23.05;;BRAS_PF_PMC;ed. 1079;20;
BRASINDICE;1100;medicamento;0000024722;05;062-08187-CKQM;EMS;NIMESULIDA - GENERICO;20 mg/g gel derm. bisn. 30 g;;7896004720616;1023508440021;90058070;507718603167113;S;;1;17.17;23.03;17.17;23.03;;BRAS_PF_PMC;ed. 1079;20;
BRASINDICE;1100;medicamento;0000031020;05;632-08187-BYZC;GEN - LEGRAND;NIMESULIDA - GENERICO;100 mg. bl. 12 cprs.;NIMESULIDA;7894916143080;1677300290014;90143108;538800201115111;S;N;12;17.8;24.54;1.48;2.04;;BRAS_PF_PMC;ed. 1092;20;
BRASINDICE;1100;medicamento;0000033624;05;473-08187-CUNC;NEO QUIMICA;NIMESULIDA - GENERICO;Gel 20 mg/g bisn. 40 g;NIMESULIDA;7896714229829;1558400630019;90374843;504617050060617;S;N;1;18.86;25.3;18.86;25.3;;BRAS_PF_PMC;ed. 1091;20;
BRASINDICE;1100;medicamento;0000047726;05;583-08187-BYZC;NOVA QUIMICA;NIMESULIDA - GENERICO;100 mg. bl. 12 cprs.;NIMESULIDA;7895296211215;1181903840012;90586948;525308101119118;S;N;12;17.8;24.54;1.48;2.04;;BRAS_PF_PMC;ed. 1092;20;
BRASINDICE;1100;medicamento;0000074374;05;517-08187-EXJF;PRATI DONADUZZI;NIMESULIDA - GENERICO;100 mg. com. ct. bl. al. plas. pvdc 40 trans. x 10;NIMESULIDA;7899547529609;1256802650019;90410610;528518070135006;S;N;10;15.34;21.14;1.53;2.11;;BRAS_PF_PMC;ed. 1098;20;
BRASINDICE;1100;medicamento;0000075426;05;517-08187-EYQQ;PRATI DONADUZZI;NIMESULIDA - GENERICO;100 mg. com. ct. bl. al. plas. pvdc 40 trans. x 12;NIMESULIDA;7899547529616;1256802650027;90410629;528518070135106;S;N;12;13.19;18.18;1.1;1.52;;BRAS_PF_PMC;ed. 1098;20;
BRASINDICE;1100;medicamento;0000077653;05;048-08187-FBTS;ACHE;NIMESULIDA - GENERICO;100 mg. bl. 12 cprs. CL;NIMESULIDA;7896181927600;1057306530014;90443292;552919110083517;S;N;12;26.62;36.69;2.22;3.06;;BRAS_PF_PMC;ed. 1091;20;
BRASINDICE;1100;medicamento;0000077654;05;048-08187-FBTT;ACHE;NIMESULIDA - GENERICO;50 mg/ml gts. fr. 15 ml CL;NIMESULIDA;7896181927655;1057306530022;90443306;552919110083617;S;N;1;22.85;31.5;22.85;31.5;;BRAS_PF_PMC;ed. 1091;20;
BRASINDICE;1100;medicamento;0000085894;05;591-08187-BLAD;GERMED;NIMESULIDA - GENERICO;100 mg. 1 bl. x 12 cprs.;NIMESULIDA;7896004714035;1058310090013;90539915;526122070157506;S;N;12;17.8;24.54;1.48;2.04;;BRAS_PF_PMC;ed. 1092;20;
BRASINDICE;1100;medicamento;0000087320;05;001-08187-FNNP;UNIAO QUIMICA;NIMESULIDA - GENERICO;100 mg. ct. bl. al. plas. pvc trans. x 12 cprs.;NIMESULIDA;7896006219699;1049714820014;90536681;533022050078406;S;N;12;19.13;26.37;1.59;2.2;;BRAS_PF_PMC;ed. 1096;20;
BRASINDICE;1100;medicamento;0000088268;05;1092-08187-FMAN;GLOBO PHARMA;NIMESULIDA - GENERICO;100 mg 12 cprs.;NIMESULIDA;7899620915039;1053502030026;90500113;517621010026607;S;N;12;17.84;24.59;1.49;2.05;;BRAS_PF_PMC;ed. 1095;20;
BRASINDICE;1100;medicamento;0000091490;05;1092-08187-FSYC;GLOBO PHARMA;NIMESULIDA - GENERICO;50 mg/ml sus. or. fr. gts. 15 ml;NIMESULIDA;7899620914155;1053502280014;90545001;517622080027706;S;N;1;20.87;28.77;20.87;28.77;;BRAS_PF_PMC;ed. 1095;20;
BRASINDICE;1100;medicamento;0000091634;05;1025-08187-FARN;BIOLAB GENERICOS;NIMESULIDA - GENERICO;400 mg. cx. 30 cprs.;NIMESULIDA;7896112408932;1097403670053;90594711;504124090089306;S;N;30;74.57;102.78;2.49;3.43;;BRAS_PF_PMC;ed. 1091;20;
BRASINDICE;1100;medicamento;0000092478;05;1092-08187-BJQU;GLOBO PHARMA;NIMESULIDA - GENERICO;100 mg cx. 12 cprs.;NIMESULIDA;7899620911260;1053502030018;90403908;517618100026106;S;N;12;17.84;24.59;1.49;2.05;;BRAS_PF_PMC;ed. 1095;20;
BRASINDICE;1100;medicamento;0000092594;05;676-08187-FUIL;CIFARMA;NIMESULIDA - GENERICO;100 mg ct. bl. al. plas. trans. x 12 cprs. disp.;NIMESULIDA;7908020500483;1156002270037;90500121;506320110035707;S;N;12;24.68;34.02;2.06;2.84;;BRAS_PF_PMC;ed. 1097;20;
BRASINDICE;1100;medicamento;0000024723;05;062-15851-BJQV;EMS;NIMESULIDA - GENERICO (*);50 mg/ml. fr. 15 ml;NIMESULIDA;7896004704043;1023505330010;90058089;507718602136117;S;N;1;25.17;34.8;25.17;34.8;;BRAS_PF_PMC;ed. 1079;20;
BRASINDICE;1100;medicamento;0000024724;05;062-15851-BJQU;EMS;NIMESULIDA - GENERICO (*);100 mg cx. 12 cprs.;NIMESULIDA;7896004704036;1023511210013;90366433;507718601113113;S;N;12;16.25;22.46;1.35;1.87;;BRAS_PF_PMC;ed. 1079;20;
BRASINDICE;1100;medicamento;0000039400;05;473-15851-BRDM;NEO QUIMICA;NIMESULIDA - GENERICO (*);Gts. 50 mg/ml fr. 15 ml;NIMESULIDA;7896714206080;1558401960012;90374851;504617050060717;S;N;1;23.43;32.3;23.43;32.3;;BRAS_PF_PMC;ed. 1091;20;
BRASINDICE;1100;medicamento;0000054908;05;473-15851-BYZC;NEO QUIMICA;NIMESULIDA - GENERICO (*);100 mg. bl. 12 cprs.;NIMESULIDA;7896714223841;1558404390019;90301145;504615030028306;S;N;12;20.07;27.66;1.67;2.31;;BRAS_PF_PMC;ed. 1091;20;
BRASINDICE;1100;medicamento;0000077044;05;517-18324-FAVD;PRATI DONADUZZI;NIMESULIDA - GENERICO (Restrito Hosp.);100 mg. ct. x 350 cprs. (hosp.);NIMESULIDA;7899547529685;1256802650094;90410670;528518070135606;S;S;350;963.91;0;2.75;0;;BRAS_PF_PMC;ed. 1098;20;
BRASINDICE;1100;medicamento;0000091633;05;1025-27818-ACQW;BIOLAB GENERICOS;NIMESULIDA BETACICLODEXTRINA - GENERICO;400 mg. cx. 10 cprs.;NIMESULIDA;7896112408925;1097403670037;90594703;504124090089206;S;N;10;24.87;34.28;2.49;3.43;;BRAS_PF_PMC;ed. 1091;20;
BRASINDICE;1100;medicamento;0000090873;05;072-27801-FSDK;EUROFARMA;NIMESULIDA CICLOB - GENERICO;400 mg. ct. bl. al. plas. pvc/pctfe trans. x 10 cprs. rev.;NIMESULIDA BETACICLODEXTRINA;7891317018238;1004315110072;90594720;508024100186106;S;N;10;24.89;34.31;2.49;3.43;;BRAS_PF_PMC;ed. 1094;20;
BRASINDICE;1100;medicamento;0000093101;05;874-28359-FUIL;MABRA;NIMSY;100 mg ct. bl. al. plas. trans. x 12 cprs. disp.;;7898505095187;1779400470033;90531736;540522030007904;N;;12;36.12;49.79;3.01;4.15;;BRAS_PF_PMC;ed. 1097;20;
BRASINDICE;1100;medicamento;0000091895;05;072-28011-FTKE;EUROFARMA;NIMUS BETA;400 mg ct. bl. al. plas. PVC/PCTFE trans. x 4 cprs. rev.;NIMESULIDA BETACICLODEXTRINA;7891317018269;1004315140052;90591437;508024080185004;N;N;4;12.5;17.23;3.12;4.31;;BRAS_PF_PMC;ed. 1094;20;
BRASINDICE;1100;medicamento;0000091896;05;072-28011-FTKD;EUROFARMA;NIMUS BETA;400 mg ct. bl. al. plas. PVC/PCTFE trans. x 10 cprs. rev.;NIMESULIDA BETACICLODEXTRINA;7891317018252;1004315140079;90591445;508024080185104;N;N;10;31.25;43.07;3.12;4.31;;BRAS_PF_PMC;ed. 1094;20;
BRASINDICE;1100;medicamento;0000095068;05;748-28757-FXDX;ACCORD;NINDEV (CONVENIO 132/21);40 mg ct. bl. al. plas. PVC/PCTFE trans. x 40 caps. mole;ENZALUTAMIDA;7898577815379;1553701360011;90623134;538026020053904;N;N;40;5025.93;6742.11;125.65;168.55;;BRAS_PF_PMC;ed. 1092;20;
BRASINDICE;1100;medicamento;0000095069;05;748-28757-FXDY;ACCORD;NINDEV (CONVENIO 132/21);40 mg ct. bl. al. plas. PVC/PCTFE trans. x 120 caps. mole;ENZALUTAMIDA;7898577815362;1553701360028;90623142;538026020054004;N;N;120;15077.79;20226.32;125.65;168.55;;BRAS_PF_PMC;ed. 1092;20;
BRASINDICE;1100;medicamento;0000074380;05;043-26894-EXJM;TAKEDA PHARMA;NINLARO (CONVENIO 132/21);4,0 mg. ct. bl. al. x 3 caps. dura;CITRATO DE IXAZOMIBE;7896641812262;1063902780046;90394445;501118050029402;N;N;3;32362.02;43412.5;10787.34;14470.83;;BRAS_PF_PMC;ed. 1092;20;
BRASINDICE;1100;medicamento;0000074381;05;043-26894-EXJN;TAKEDA PHARMA;NINLARO (CONVENIO 132/21);3,0 mg. ct. bl. al. x 3 caps. dura;CITRATO DE IXAZOMIBE;7896641812255;1063902780021;90394437;501118050029302;N;N;3;24271.52;32559.38;8090.51;10853.13;;BRAS_PF_PMC;ed. 1092;20;
BRASINDICE;1100;medicamento;0000074382;05;043-26894-EXJO;TAKEDA PHARMA;NINLARO (CONVENIO 132/21);2,3 mg. ct. bl. al. x 3 caps. dura;CITRATO DE IXAZOMIBE;7896641812248;1063902780062;90394429;501118050029202;N;N;3;18608.15;24962.17;6202.72;8320.72;;BRAS_PF_PMC;ed. 1092;20;
BRASINDICE;1100;medicamento;0000087499;05;1084-06995-AXTN;QUIFA;NIQUITIN ADESIVO;7 mg. 7 adesivos;NICOTINA;7898928257018;1348001060103;90423941;574618120000017;N;N;7;88.43;119.46;12.63;17.07;;BRAS_PF_PMC;ed. 1066;20;
BRASINDICE;1100;medicamento;0000087500;05;1084-06995-AXTO;QUIFA;NIQUITIN ADESIVO;14 mg. 7 adesivos;NICOTINA;7898928257025;1348001060138;90423950;574618120000117;N;N;7;92.59;125.09;13.23;17.87;;BRAS_PF_PMC;ed. 1066;20;
BRASINDICE;1100;medicamento;0000087501;05;1084-06995-AXTP;QUIFA;NIQUITIN ADESIVO;21 mg. 7 adesivos;NICOTINA;7898928257032;1348001060162;90423968;574618120000217;N;N;7;96.73;130.68;13.82;18.67;;BRAS_PF_PMC;ed. 1066;20;
BRASINDICE;1100;medicamento;0000094968;05;517-28735-FPOC;PRATI DONADUZZI;NISBAL;5 mg ct. bl. al. plas. trans. x 20 cprs.;PREDNISONA;7899547561821;1256803790019;90628780;528526030253203;N;N;20;7.35;10.13;0.37;0.51;;BRAS_PF_PMC;ed. 1098;20;
BRASINDICE;1100;medicamento;0000094969;05;517-28735-FPOD;PRATI DONADUZZI;NISBAL;20 mg ct. bl. al. plas. trans. x 10 cprs.;PREDNISONA;7899547561876;1256803790043;90628810;528526030257403;N;N;10;14.01;19.31;1.4;1.93;;BRAS_PF_PMC;ed. 1098;20;
BRASINDICE;1100;medicamento;0000094970;05;517-28735-FUKB;PRATI DONADUZZI;NISBAL;20 mg ct. bl. al. plas. trans. x 20 cprs.;PREDNISONA;7899547561883;1256803790051;90628829;528526030257503;N;N;20;21.32;29.39;1.07;1.47;;BRAS_PF_PMC;ed. 1098;20;
BRASINDICE;1100;medicamento;0000074669;05;100-24323-EXSG;GEOLAB;NISOFLAN;50 mg/ml. susp. fr. 15 ml.;NIMESULIDA;7899095204980;1542300130050;90223810;510401703133418;N;N;1;16.12;22.22;16.12;22.22;;BRAS_PF_PMC;ed. 1094;20;
BRASINDICE;1100;medicamento;0000092788;05;100-24323-FUOQ;GEOLAB;NISOFLAN;Suspensao gotas 50 mg/ml 50 frascos c/15 ml;NIMESULIDA;7899095215405;1542300130069;90521790;510421080185403;N;N;50;1051.34;1449.16;21.03;28.98;;BRAS_PF_PMC;ed. 1094;20;
BRASINDICE;1100;medicamento;0000012822;05;062-11842-BTZZ;EMS;NISTATINA + OXIDO DE ZINCO - GENERICO;100.000 UI/g + 200 mg/g pom. bisn. 60 g;"NISTATINA;ÓXIDO DE ZINCO";7896004711195;1023512840010;90435818;507729701165110;S;N;1;26.27;35.24;26.27;35.24;;BRAS_PF_PMC;ed. 1079;20;
BRASINDICE;1100;medicamento;0000012823;05;1048-11842-BODR;SANOFI MEDLEY;NISTATINA + OXIDO DE ZINCO - GENERICO;100.000 UI/g + 200 mg/g pom. derm. bisn. 60 g;"NISTATINA;ÓXIDO DE ZINCO";7896422519229;1832601510024;90372034;525012030099706;S;N;1;22.9;30.72;22.9;30.72;;BRAS_PF_PMC;ed. 1086;20;
BRASINDICE;1100;medicamento;0000012825;05;591-11842-BUHA;GERMED;NISTATINA + OXIDO DE ZINCO - GENERICO;Pom. bisn. 60 g;"NISTATINA;ÓXIDO DE ZINCO";7896004711355;1058309510012;90436628;526113801160111;S;N;1;28.5;38.23;28.5;38.23;;BRAS_PF_PMC;ed. 1092;20;
BRASINDICE;1100;medicamento;0000012826;05;632-11842-BUHA;GEN - LEGRAND;NISTATINA + OXIDO DE ZINCO - GENERICO;Pom. bisn. 60 g;"NISTATINA;ÓXIDO DE ZINCO";7894916141277;1677306040011;90438205;538810101164118;S;N;1;27.27;36.58;27.27;36.58;;BRAS_PF_PMC;ed. 1092;20;
BRASINDICE;1100;medicamento;0000029089;05;583-11842-CPQV;NOVA QUIMICA;NISTATINA + OXIDO DE ZINCO - GENERICO;Pom. derm. bisn. 60 g;"NISTATINA;OXIDO DE ZINCO";7895296284042;1181903680015;90556771;525306501160119;S;N;1;28.5;38.23;28.5;38.23;;BRAS_PF_PMC;ed. 1092;20;
BRASINDICE;1100;medicamento;0000029407;05;473-11842-BODR;NEO QUIMICA;NISTATINA + OXIDO DE ZINCO - GENERICO;100.000 UI/g + 200 mg/g pom. derm. bisn. 60 g;"NISTATINA;ÓXIDO DE ZINCO";7896714224688;1558401130011;90374800;504617040060217;S;N;1;24.57;32.96;24.57;32.96;;BRAS_PF_PMC;ed. 1091;20;
BRASINDICE;1100;medicamento;0000068183;05;988-11842-EPUF;PHARLAB;NISTATINA + OXIDO DE ZINCO - GENERICO;100.000 ui/g + 200 mg/g pom derm ct bg al x 60 g;"NISTATINA;ÓXIDO DE ZINCO";7898216363971;1410700780015;90176430;527906801161111;S;N;1;46.26;62.06;46.26;62.06;;BRAS_PF_PMC;ed. 1090;20;
BRASINDICE;1100;medicamento;0000089884;05;517-11842-FRAA;PRATI DONADUZZI;NISTATINA + OXIDO DE ZINCO - GENERICO;100.000 UI/g + 200 mg/g pom. derm. ct. bisn. al. x 60 g;"NISTATINA;ÓXIDO DE ZINCO";7898148290604;1256801400019;90181867;528525201167113;S;N;1;24.6;33;24.6;33;;BRAS_PF_PMC;ed. 1091;20;
BRASINDICE;1100;medicamento;0000090328;05;517-21206-FRNE;PRATI DONADUZZI;NISTATINA + OXIDO DE ZINCO - GENERICO (Restrito Hosp.);100.000 UI/g + 200 mg/g pom. derm. cx. 50 bisn. al. x 60 g (emb. hosp.);"NISTATINA;ÓXIDO DE ZINCO";7898148290611;1256801400027;90237960;528525203161112;S;S;50;1194.77;0;23.9;0;;BRAS_PF_PMC;ed. 1091;20;
BRASINDICE;1100;medicamento;0000006481;05;062-07627-BFYI;EMS;NISTATINA - GENERICO;100.000 UI/ml susp. oral fr. 50 ml;NISTATINA;7896004702032;1023505050026;90058143;507718702130110;S;N;1;29.12;40.26;29.12;40.26;;BRAS_PF_PMC;ed. 1079;20;
BRASINDICE;1100;medicamento;0000006488;05;348-07627-BCVI;CRISTALIA;NISTATINA - GENERICO;Susp. oral cx. 1 fr. vd. ambar 50 ml. + CGT;NISTATINA;7896676407464;1029802600011;90047362;506711101133112;S;N;1;26.96;37.16;26.96;37.16;;BRAS_PF_PMC;ed. 1094;20;
BRASINDICE;1100;medicamento;0000006490;05;473-07627-BQLK;NEO QUIMICA;NISTATINA - GENERICO;Creme vag. bisn. 60 g + aplic.;NISTATINA;7896714265766;1558405470036;90374002;504616070040806;S;N;1;17.83;24.58;17.83;24.58;;BRAS_PF_PMC;ed. 1091;20;
BRASINDICE;1100;medicamento;0000006498;05;517-07627-BXKM;PRATI DONADUZZI;NISTATINA - GENERICO;100.000 UI/ml. sus. or. ct. fr. plas. opc. c/cgt x 50 ml.;NISTATINA;7898148293681;1256800260043;90181875;528504209134114;S;N;1;24.26;33.44;24.26;33.44;;BRAS_PF_PMC;ed. 1098;20;
BRASINDICE;1100;medicamento;0000006501;05;591-07627-BYZD;GERMED;NISTATINA - GENERICO;Susp. oral fr. 50 ml;NISTATINA;7896004713977;1058304680025;90086082;526123301136111;S;N;1;26.28;36.33;26.28;36.33;;BRAS_PF_PMC;ed. 1079;20;
BRASINDICE;1100;medicamento;0000036906;05;170-07627-CEPQ;TEUTO BRAS.;NISTATINA - GENERICO;Creme vag. 50 bisn. 60 g (hosp.);NISTATINA;7896112147169;1037003050038;90138910;520715502162112;S;N;50;867.16;1195.29;17.34;23.91;;BRAS_PF_PMC;ed. 1096;20;
BRASINDICE;1100;medicamento;0000053695;05;517-07627-DTOO;PRATI DONADUZZI;NISTATINA - GENERICO;25.000 UI/g crem. vag. ct. bg. al x 60 g + 14 aplic.;NISTATINA;7899547507430;1256800450098;90236866;528504215169110;S;N;1;16.75;23.09;16.75;23.09;;BRAS_PF_PMC;ed. 1098;20;
BRASINDICE;1100;medicamento;0000071801;05;100-07627-EURV;GEOLAB;NISTATINA - GENERICO;Creme vag. 25.000 UI/g bisn. 60 g + 14 aplic.;NISTATINA;7899095202146;1542300620015;90080106;510407401163119;S;N;1;19.83;27.33;19.83;27.33;;BRAS_PF_PMC;ed. 1094;20;
BRASINDICE;1100;medicamento;0000076878;05;1048-07627-FAQA;SANOFI MEDLEY;NISTATINA - GENERICO;25.000 UI/g creme vag. ct. bisn. al. + 14 aplic.;NISTATINA;7896422504577;1832601890013;90432053;546719020113806;S;N;1;13.48;18.58;13.48;18.58;;BRAS_PF_PMC;ed. 1099;20;
BRASINDICE;1100;medicamento;0000048361;05;517-18189-BXKL;PRATI DONADUZZI;NISTATINA - GENERICO (Restrito Hosp.);100.000 UI/ml. sus. or. cx. 200 fr. plas. opc. c/cgt x 30 ml. (hosp.);NISTATINA;7898148293698;1256800260051;90181883;528504210132111;S;S;200;1027.57;0;5.14;0;;BRAS_PF_PMC;ed. 1098;20;
BRASINDICE;1100;medicamento;0000048363;05;517-18189-BYZB;PRATI DONADUZZI;NISTATINA - GENERICO (Restrito Hosp.);100.000 UI/ml. sus. or. cx. 50 fr. plas. opc. c/ cgt x 50 ml. (hosp.);NISTATINA;7898148293704;1256800260061;90181891;528504212135118;S;S;50;431.62;0;8.63;0;;BRAS_PF_PMC;ed. 1098;20;
BRASINDICE;1100;medicamento;0000053229;05;517-18189-DTBJ;PRATI DONADUZZI;NISTATINA - GENERICO (Restrito Hosp.);25.000 UI/g crem. vag. cx. 50 bg. al. x 50 g + 500 aplic. (hosp.);NISTATINA;7899547507423;1256800450128;90236840;528504213166114;S;S;50;347.29;0;6.95;0;;BRAS_PF_PMC;ed. 1098;20;
BRASINDICE;1100;medicamento;0000073343;05;517-18189-DTBK;PRATI DONADUZZI;NISTATINA - GENERICO (Restrito Hosp.);25.000 UI/g crem. vag. cx. 50 bg. al. x 60 g + 700 aplic. (hosp.);NISTATINA;7899547507447;1256800450101;90236858;528504214162112;S;S;50;416.76;0;8.34;0;;BRAS_PF_PMC;ed. 1098;20;
BRASINDICE;1100;medicamento;0000074671;05;100-24324-EXSF;GEOLAB;NISTRAZIN;Creme vag. 25.000 U.I./g. bisn. x 60 g. c/14 aplic.;NISTATINA;7899095202825;1542300910013;90080122;510410401160411;N;N;14;19.83;27.33;1.42;1.95;;BRAS_PF_PMC;ed. 1094;20;
BRASINDICE;1100;medicamento;0000047419;05;342-20295-DMAK;ELOFAR;NISUFAR;20 mg/g gel bisn. 40 g;;7898109241799;1038501000014;90112628;517105703164412;N;;1;30.82;41.35;30.82;41.35;;BRAS_PF_PMC;ed. 1067;20;
BRASINDICE;1100;medicamento;0000047420;05;342-20296-BYZC;ELOFAR;NISUFAR (*);100 mg. bl. 12 cprs.;NIMESULIDA;7898109240259;1038501000057;90228537;517112030011104;N;N;12;31.05;42.92;2.59;3.58;;BRAS_PF_PMC;ed. 1067;20;
BRASINDICE;1100;medicamento;0000041076;05;048-08551-BYZC;ACHE;NISULID;100 mg. bl. 12 cprs.;NIMESULIDA;7896658005121;1057303010036;90004760;500509304119311;N;N;12;50.92;70.19;4.24;5.85;;BRAS_PF_PMC;ed. 1092;20;
BRASINDICE;1100;medicamento;0000041077;05;048-08551-DCCG;ACHE;NISULID;100 mg. 12 cprs. disp.;NIMESULIDA;7896658005084;1057303010133;90004779;500509309110312;N;N;12;56.23;77.51;4.69;6.46;;BRAS_PF_PMC;ed. 1091;20;
BRASINDICE;1100;medicamento;0000041078;05;048-08551-DCCJ;ACHE;NISULID;50 mg/ml susp. oral gts. 15 ml;NIMESULIDA;7896658005138;1057303010079;90004809;500509301136411;N;N;1;41.89;57.74;41.89;57.74;;BRAS_PF_PMC;ed. 1092;20;
BRASINDICE;1100;medicamento;0000060104;05;048-08551-ECNV;ACHE;NISULID;100 mg. bl. 4 cprs. disp.;NIMESULIDA;7896658023194;1057303010184;90296869;500514110058003;N;N;4;16.97;23.39;4.24;5.85;;BRAS_PF_PMC;ed. 1091;20;
BRASINDICE;1100;medicamento;0000095713;05;048-22141-FXXM;ACHE;NISULID RETARD;200 mg bl. x 6 caps.;NIMESULIDA;7896658056574;1057301820014;90628420;552926040185304;;N;6;34.89;48.09;5.82;8.02;;BRAS_PF_PMC;ed. 1097;20;
BRASINDICE;1100;medicamento;0000092693;05;517-28245-FUMD;PRATI DONADUZZI;NISVO;100 mg ct. bl. al. plas. PVDC 40 cprs.;NIMESULIDA;7899547554229;1256803570027;90606949;528525040227103;N;N;40;13.19;18.18;0.33;0.45;;BRAS_PF_PMC;ed. 1098;20;
BRASINDICE;1100;medicamento;0000073684;05;473-23941-EUGR;NEO QUIMICA;NITAZOXANIDA - GENERICO;500 mg. ct. bl. al. plas. trans. x 6 cprs. rev.;NITAZOXANIDA;7896714273426;1558405450061;90375475;504617100066906;S;N;6;54.28;72.81;9.05;12.14;;BRAS_PF_PMC;ed. 1091;20;
BRASINDICE;1100;medicamento;0000074390;05;072-23941-EXJR;EUROFARMA;NITAZOXANIDA - GENERICO;20 mg/ml po susp. or. ct. fr. vd. amb. x 45 ml + ser. dos.;NITAZOXANIDA;7891317172657;1004311040037;90399188;508018050121306;S;N;1;22.66;30.4;22.66;30.4;;BRAS_PF_PMC;ed. 1091;20;
BRASINDICE;1100;medicamento;0000074391;05;072-23941-EXJS;EUROFARMA;NITAZOXANIDA - GENERICO;20 mg/ml po susp. or. ct. fr. vd. amb. x 100 ml + ser. dos.;NITAZOXANIDA;7891317172664;1004311040045;90399196;508018050121406;S;N;1;47.02;63.08;47.02;63.08;;BRAS_PF_PMC;ed. 1091;20;
BRASINDICE;1100;medicamento;0000081960;05;591-23941-AMYT;GERMED;NITAZOXANIDA - GENERICO;500 mg. 6 cprs. rev.;NITAZOXANIDA;7896004774466;1058309760051;90486633;526120090122707;S;N;6;46.71;62.66;7.78;10.44;;BRAS_PF_PMC;ed. 1092;20;
BRASINDICE;1100;medicamento;0000085508;05;591-23941-FLSF;GERMED;NITAZOXANIDA - GENERICO;20 mg/ml po. sus. fr. plas. 45 ml;NITAZOXANIDA;7896004774527;1058309760019;90486757;526120090122307;S;N;1;22.69;30.44;22.69;30.44;;BRAS_PF_PMC;ed. 1092;20;
BRASINDICE;1100;medicamento;0000085509;05;591-23941-FLSA;GERMED;NITAZOXANIDA - GENERICO;20 mg/ml po. sus. fr. plas. 100 ml;NITAZOXANIDA;7896004774534;1058309760027;90486765;526120090122407;S;N;1;47.01;63.06;47.01;63.06;;BRAS_PF_PMC;ed. 1092;20;
BRASINDICE;1100;medicamento;0000089330;05;988-23941-FQJK;PHARLAB;NITAZOXANIDA - GENERICO;20 mg/ml 45 ml;NITAZOXANIDA;7898216367047;1410706490019;90571630;527923100043306;S;N;1;15.01;20.14;15.01;20.14;;BRAS_PF_PMC;ed. 1090;20;
BRASINDICE;1100;medicamento;0000089929;05;072-23941-FRBG;EUROFARMA;NITAZOXANIDA - GENERICO;500 mg 6 cprs. rev.;NITAZOXANIDA;7891317016265;1004314950018;90583051;508024050181106;S;N;6;44.9;60.23;7.48;10.04;;BRAS_PF_PMC;ed. 1091;20;
BRASINDICE;1100;medicamento;0000091268;05;062-23941-FSRO;EMS;NITAZOXANIDA - GENERICO;20 mg/ml po susp. 45 ml;NITAZOXANIDA;7896004792040;1023513520011;90486676;541820090146207;S;N;1;17.33;23.25;17.33;23.25;;BRAS_PF_PMC;ed. 1079;20;
BRASINDICE;1100;medicamento;0000091269;05;062-23941-FSRP;EMS;NITAZOXANIDA - GENERICO;20 mg/ml po susp. 100 ml;NITAZOXANIDA;7896004792057;1023513520028;90486684;541820090146307;S;N;1;39.1;52.45;39.1;52.45;;BRAS_PF_PMC;ed. 1079;20;
BRASINDICE;1100;medicamento;0000091653;05;072-23941-FTCP;EUROFARMA;NITAZOXANIDA - GENERICO;20 mg/ml po sus. or. ct. fr. vd. amb. x 100 ml + ser. dos.;NITAZOXANIDA;7891317036744;1004311040045;90399196;508018050121406;S;N;1;47.02;63.08;47.02;63.08;;BRAS_PF_PMC;ed. 1091;20;
BRASINDICE;1100;medicamento;0000091654;05;072-23941-FTCO;EUROFARMA;NITAZOXANIDA - GENERICO;20 mg/ml po sus. or. ct. fr. vd. amb. x 45 ml + ser. dos.;NITAZOXANIDA;7891317036737;1004311040037;90399188;508018050121306;S;N;1;22.66;30.4;22.66;30.4;;BRAS_PF_PMC;ed. 1091;20;
BRASINDICE;1100;medicamento;0000083980;05;095-22621-EGXF;ORGANON;NITES;0,5 mg/g susp. nasal ct. fr. plast. opc. spray x 120 atomizacoes;;7897337716178;;90318870;;N;;120;52.21;71.97;0.44;0.6;;BRAS_PF_PMC;ed. 1095;20;
BRASINDICE;1100;medicamento;0000028715;05;348-13869-CPDK;CRISTALIA;NITRAPAN (Restrito Hosp.);5 mg. 20 bl. 10 cps.;NITRAZEPAM;7896676403442;1029802430035;90047397;506711202118410;N;S;200;56.7;0;0.28;0;;BRAS_PF_PMC;ed. 1094;20;
BRASINDICE;1100;medicamento;0000090322;05;473-27689-FRNA;NEO QUIMICA;NITRATO BUTOCONAZOL - GENERICO;20 mg/g crem. vag. + apl.;NITRATO DE BUTOCONAZOL;7896714262321;1558404990011;90366514;504616110046806;S;N;1;51.48;69.06;51.48;69.06;;BRAS_PF_PMC;ed. 1091;20;
BRASINDICE;1100;medicamento;0000041808;05;062-19261-BXEB;EMS;NITRATO DE FENTICONAZOL - GENERICO;Creme vag. bisn. 40 g + 7 aplic.;NITRATO DE FENTICONAZOL;7896004728766;1023509910038;90058151;507743501161117;S;N;1;45.67;61.26;45.67;61.26;;BRAS_PF_PMC;ed. 1079;20;
BRASINDICE;1100;medicamento;0000052933;05;072-21177-BXEB;EUROFARMA;NITRATO DE FETICONAZOL - GENERICO;Creme vag. bisn. 40 g + 7 aplic.;NITRATO DE FENTICONAZOL;7891317488833;1004311280011;90335996;508013060097506;S;N;1;45.28;60.74;45.28;60.74;;BRAS_PF_PMC;ed. 1091;20;
BRASINDICE;1094;medicamento;0000090565;05;473-27725-FRTX;NEO QUIMICA;NITRATO DE MICONAZOL (NOTIF.SIMPLIF.);20 mg. loc. crem. fr. got. 30 ml;;7896714295879;;;;N;;1;16.54;0;16.54;0;;BRAS_PF_PMC;ed. 1091;20;
BRASINDICE;1094;medicamento;0000090566;05;473-27725-FRTY;NEO QUIMICA;NITRATO DE MICONAZOL (NOTIF.SIMPLIF.);20 mg. creme derm. bg. 28 g;;7896714295886;;;;N;;1;17.82;0;17.82;0;;BRAS_PF_PMC;ed. 1091;20;
BRASINDICE;1100;medicamento;0000010560;05;473-10351-BUQW;NEO QUIMICA;NITRATO DE MICONAZOL - GENERICO;Locao 20 mg/ml fr. 30 ml;NITRATO DE MICONAZOL;7896714209647;1558401400017;90397452;504618070071717;S;N;1;16.54;22.19;16.54;22.19;;BRAS_PF_PMC;ed. 1091;20;
BRASINDICE;1100;medicamento;0000026181;05;517-10351-CMKS;PRATI DONADUZZI;NITRATO DE MICONAZOL - GENERICO;20 mg/g crem. derm. ct. bg. al. x 28 g;;7898148295340;1256801840019;90181972;528504307160111;S;;1;16.96;22.75;16.96;22.75;;BRAS_PF_PMC;ed. 1091;20;
BRASINDICE;1100;medicamento;0000031953;05;473-10351-CSPE;NEO QUIMICA;NITRATO DE MICONAZOL - GENERICO;20 mg/g creme derm. bisn. x 28 g;NITRATO DE MICONAZOL;7896714223834;1558401500011;90374142;504617020053517;S;N;1;17.82;23.9;17.82;23.9;;BRAS_PF_PMC;ed. 1091;20;
BRASINDICE;1100;medicamento;0000071802;05;100-10351-EURW;GEOLAB;NITRATO DE MICONAZOL - GENERICO;Creme derm. 20 mg/g bisn. 28 g;NITRATO DE MICONAZOL;7899095202108;1542300520010;90080130;510406801168111;S;N;1;16.82;22.56;16.82;22.56;;BRAS_PF_PMC;ed. 1094;20;
BRASINDICE;1100;medicamento;0000071803;05;100-10351-EURX;GEOLAB;NITRATO DE MICONAZOL - GENERICO;Creme vag. 20 mg/g bisn. 80 g + 14 aplic.;NITRATO DE MICONAZOL;7899095202115;1542300550017;90080149;510406802164118;S;N;1;26.19;35.13;26.19;35.13;;BRAS_PF_PMC;ed. 1094;20;
BRASINDICE;1100;medicamento;0000085652;05;555-10351-FLVV;HIPOLABOR;NITRATO DE MICONAZOL - GENERICO;20 mg/g crem. derm. cx. 50 bisn. plas. al. opc. x 28 g;NITRATO DE MICONAZOL;7898470682443;1134301780044;90443330;511619120044207;S;N;50;1388.3;1862.36;27.77;37.25;;BRAS_PF_PMC;ed. 1092;20;
BRASINDICE;1100;medicamento;0000085653;05;555-10351-FLVW;HIPOLABOR;NITRATO DE MICONAZOL - GENERICO;20 mg/g crem. cx. 50 bisn. al. x 80 g + 700 aplic.;NITRATO DE MICONAZOL;7898470681576;1134301790023;90443349;511619120044307;S;N;50;3684.43;4942.53;73.69;98.85;;BRAS_PF_PMC;ed. 1092;20;
BRASINDICE;1100;medicamento;0000056923;05;517-14463-DVXF;PRATI DONADUZZI;NITRATO DE MICONAZOL - GENERICO (*);20 mg/g crem. vag. ct. bisn. al. x  80 g c/14 aplic. vag. (hosp.);;7899547507454;1256800530040;90236890;528504311168111;S;;1;25.51;35.16;25.51;35.16;;BRAS_PF_PMC;ed. 1098;20;
BRASINDICE;1100;medicamento;0000053232;05;517-18326-DTBF;PRATI DONADUZZI;NITRATO DE MICONAZOL - GENERICO (*) (Restrito Hosp.);20 mg/g crem. vag. cx. 50 bg. al. x 80 g c/700 aplic. vag. (hosp.);;7899547507461;1256800530059;90236904;528504312164111;S;S;700;552.09;0;0.79;0;;BRAS_PF_PMC;ed. 1098;20;
BRASINDICE;1100;medicamento;0000090090;05;427-28272-FRFE;BLAU FARM.;NITRATO DE MICONAZOL - GENERICO (NOTIF.SIMPLIF.);20 mg/g crem. vag. ct. bisn. al. x 80 g + 14 aplic.;;7896014613076;;;;S;;1;27.93;38.5;27.93;38.5;;BRAS_PF_PMC;ed. 1097;20;
BRASINDICE;1100;medicamento;0000053233;05;517-18327-CMKT;PRATI DONADUZZI;NITRATO DE MICONAZOL - GENERICO (Restrito Hosp.);20 mg/g crem. derm. cx. 100 bg. al. x 28 g (hosp.);NITRATO DE MICONAZOL;7898148295357;1256801840027;90181980;528504308167118;S;S;100;849.12;0;8.49;0;;BRAS_PF_PMC;ed. 1091;20;
BRASINDICE;1100;medicamento;0000015564;05;517-13177-BUJE;PRATI DONADUZZI;NITRATO DE OXICONAZOL - GENERICO;10 mg/ml. sol. top. ct. fr. plas. opc. got. x 20 ml.;NITRATO DE OXICONAZOL;7898148299553;1256801130011;90182049;528522704133125;S;N;1;22.84;30.64;22.84;30.64;;BRAS_PF_PMC;ed. 1091;20;
BRASINDICE;1100;medicamento;0000015659;05;591-13222-AJLE;GERMED;NITRAZEPAM - GENERICO;5 mg. 2 bl. x 10 cprs.;NITRAZEPAM;7896004711508;1058303620029;90341767;526116020096306;S;N;20;11.41;15.73;0.57;0.79;;BRAS_PF_PMC;ed. 1092;20;
BRASINDICE;1100;medicamento;0000077569;05;048-12314-FBPT;ACHE;NITRENDIPINO - GENERICO;10 mg bl. x 30 cprs. rev.;NITRENDIPINO;7896181907220;1057305490019;90443357;552919110086417;S;N;30;31.07;42.83;1.04;1.43;;BRAS_PF_PMC;ed. 1091;20;
BRASINDICE;1100;medicamento;0000077570;05;048-12314-FBMO;ACHE;NITRENDIPINO - GENERICO;20 mg bl. x 30 cprs. rev.;NITRENDIPINO;7896181907572;1057305490043;90443365;552919110086517;S;N;30;55.27;76.18;1.84;2.54;;BRAS_PF_PMC;ed. 1091;20;
BRASINDICE;1100;medicamento;0000050789;05;170-20808-DOOG;TEUTO BRAS.;NITROFURANTOINA - GENERICO (Restrito Hosp.);100 mg. bl. 280 caps. gel dura (hosp.);NITROFURANTOÍNA;7896112166245;1037005790039;90259203;520712060082106;S;S;280;81.86;0;0.29;0;;BRAS_PF_PMC;ed. 1096;20;
BRASINDICE;1100;medicamento;0000082574;05;436-06627-FIGN;HYPOFARMA;NITROP (Restrito Hosp.);25 mg/ml sol. inj. cx. 5 amp. x 2 ml;NITROPRUSSETO DE SÓDIO;7898122912843;1038700120011;90486846;511820090011307;N;S;5;182.18;0;36.44;0;;BRAS_PF_PMC;ed. 1079;20;
BRASINDICE;1100;medicamento;0000028716;05;348-16529-CPHB;CRISTALIA;NITROPRUS (Restrito Hosp.);50 mg. kit 5 fr. amp. + 5 dil.;NITROPRUSSETO DE SÓDIO DI-HIDRATADO;7896676403688;1029802180047;90500466;506720120087807;N;S;5;241.18;0;48.24;0;;BRAS_PF_PMC;ed. 1094;20;
BRASINDICE;1100;medicamento;0000077949;05;500-24947-FCDC;SIGMA PHARMA;NIVUX;100 mg. + 20 mg. 2 bl. 6 cprs.;"PANTOPRAZOL SÓDICO SESQUI-HIDRATADO;NIMESULIDA";7894916513661;1023512660039;90419995;541818110094205;N;N;12;48.58;65.17;4.05;5.43;;BRAS_PF_PMC;ed. 1099;20;
BRASINDICE;1100;medicamento;0000001558;05;372-01942-AEND;JANSSEN - CILAG;NIZORAL;Topico bisn. 30 g.;CETOCONAZOL;7896212469970;1123600160131;90106415;514502603161319;N;N;1;44.47;59.65;44.47;59.65;;BRAS_PF_PMC;ed. 1070;20;
BRASINDICE;1100;medicamento;0000082006;05;1023-25754-FHMV;NATCOFARMA;NOAZY (CONVENIO 140/01);2,5 mg ct. bl. al. plas. PVC/PE/PVDC trans. x 30 cprs. rev.;;7898565164717;1826100050018;90485572;573020090003107;N;;30;560.03;774.21;18.67;25.81;;BRAS_PF_PMC;ed. 1080;20;
BRASINDICE;1100;medicamento;0000014320;05;062-12509-BODZ;EMS;NOCICLIN;1 bl. x 21 cprs.;"LEVONORGESTREL;ETINILESTRADIOL";7896004714196;1023504840015;90058232;507718901117416;N;N;21;9.29;12.84;0.44;0.61;;BRAS_PF_PMC;ed. 1079;20;
BRASINDICE;1100;medicamento;0000095416;05;048-28825-FXPA;ACHE;NOCIP;Bl. x 42 cprs. rev.;"NITRATO DE TIAMINA;CLORIDRATO DE PIRIDOXINA;CIANOCOBALAMINA";7896658055393;1057301570085;90623932;55292601018000;N;N;42;64.77;89.28;1.54;2.13;;BRAS_PF_PMC;ed. 1097;20;
BRASINDICE;1100;medicamento;0000095417;05;048-28825-FXPB;ACHE;NOCIP;Bl. x 60 cprs. rev.;"NITRATO DE TIAMINA;CLORIDRATO DE PIRIDOXINA;CIANOCOBALAMINA";7896658055416;1057301570093;90623940;552926010180104;N;N;60;111.76;154.05;1.86;2.57;;BRAS_PF_PMC;ed. 1097;20;
BRASINDICE;1100;medicamento;0000095279;05;114-01945-FXKL;ABBOTT;NOCTAL;2 mg bl. plas. inc. x 20 cprs.;ESTAZOLAM;7891158000195;1055300450578;90000935;500205801112313;N;N;20;22.68;31.26;1.13;1.56;;BRAS_PF_PMC;ed. 1092;20;
BRASINDICE;1100;medicamento;0000074257;05;438-16926-AWLJ;BIOLAB SANUS;NOCTIDEN;10 mg. cx. 30 cprs. rev.;HEMITARTARATO DE ZOLPIDEM;7896112401025;1097401290040;90396510;504118050062903;N;N;30;86.05;118.61;2.87;3.95;;BRAS_PF_PMC;ed. 1091;20;
BRASINDICE;1100;medicamento;0000016121;05;072-13402-BVMZ;EUROFARMA;NOEX;32 mcg 120 doses;BUDESONIDA;7891317460532;1004300360051;90069803;508020204172418;N;N;1;34.45;47.49;34.45;47.49;;BRAS_PF_PMC;ed. 1094;20;
BRASINDICE;1100;medicamento;0000016122;05;072-13402-BVNA;EUROFARMA;NOEX;64 mcg 120 doses;BUDESONIDA;7891317460495;1004300360078;90069820;508020206175414;N;N;1;60.94;84;60.94;84;;BRAS_PF_PMC;ed. 1094;20;
BRASINDICE;1100;medicamento;0000016123;05;072-13402-BVNB;EUROFARMA;NOEX;50 mcg 200 doses;BUDESONIDA;7891317460518;1004300360061;90069811;508020205179416;N;N;1;59.94;82.62;59.94;82.62;;BRAS_PF_PMC;ed. 1094;20;
BRASINDICE;1100;medicamento;0000028807;05;072-13402-BFQA;EUROFARMA;NOEX;100 mcg 100 doses;BUDESONIDA;7891317464004;1004300360086;90069790;508020207171412;N;N;1;59.94;82.62;59.94;82.62;;BRAS_PF_PMC;ed. 1094;20;
BRASINDICE;1100;medicamento;0000071333;05;173-09869-AAOG;LEGRAND;NOFEBRIN;Gts. fr. 20 ml;;7896004700021;1677305480024;90438280;538812102133417;N;;1;11.51;15.44;11.51;15.44;;BRAS_PF_PMC;ed. 1079;20;
BRASINDICE;1100;medicamento;0000001562;05;442-01947-AVDP;ASTRAZENECA;NOLVADEX (CONVENIO 162/94);D 20 mg. cx. 30 cprs.;CITRATO DE TAMOXIFENO;7896206400385;1161800360031;90016122;502302901114310;N;N;30;262.81;362.26;8.76;12.08;;BRAS_PF_PMC;ed. 1092;20;
BRASINDICE;1100;medicamento;0000077442;05;048-01950-FBMP;ACHE;NOOTRON;60 mg/ml sol. or. fr. x 110 ml;;7896181928706;1057305460020;90438892;552919060079017;N;;1;14.91;20.55;14.91;20.55;;BRAS_PF_PMC;ed. 1091;20;
BRASINDICE;1100;medicamento;0000077443;05;048-01950-FBMQ;ACHE;NOOTRON;400 mg bl. x 60 cprs. rev.;;7896181928690;1057305460012;90438884;552919060078917;N;;60;39.46;54.39;0.66;0.91;;BRAS_PF_PMC;ed. 1091;20;
BRASINDICE;1100;medicamento;0000001566;05;1048-01951-ALHH;SANOFI MEDLEY;NOOTROPIL;800 mg. est. 30 cprs.;PIRACETAM;7896070603271;1832604200018;90487729;576720090086917;N;N;30;35.22;48.55;1.17;1.62;;BRAS_PF_PMC;ed. 1099;20;
BRASINDICE;1100;medicamento;0000092620;05;367-01951-FUJX;UCB BIOPHARMA;NOOTROPIL;800 mg ct. bl. al. plas. trans. x 30 cprs. rev.;PIRACETAM;7896070603271;1832604200018;;576720090086917;N;N;30;35.22;48.55;1.17;1.62;;BRAS_PF_PMC;ed. 1098;20;
BRASINDICE;1100;medicamento;0000092731;05;1044-28256-FUND;CAMBER;NOPASURASE (Restrito Hosp.);20 mg/ml sol. inj/dil. infus. IV/IM/SC/EPI ct. FA vd. trans. x 20 ml;CLORIDRATO DE LIDOCAINA;7908101200288;1650700130012;90516761;569921070003204;N;S;1;9.46;0;9.46;0;;BRAS_PF_PMC;ed. 1068;20;
BRASINDICE;1100;medicamento;0000092732;05;1044-28256-FUNE;CAMBER;NOPASURASE (Restrito Hosp.);20 mg/ml sol. inj/dil. infus. IV/IM/SC/EPI ct. 10 FA vd. trans. x 20 ml;CLORIDRATO DE LIDOCAINA;7908101200295;1650700130020;90516770;569921070003104;N;S;10;94.53;0;9.45;0;;BRAS_PF_PMC;ed. 1068;20;
BRASINDICE;1100;medicamento;0000076202;05;369-11709-FVAM;HALEX ISTAR;NOPROSIL (Restrito Hosp.);Ampolas de Plastico 2 ml - cx. c/240 unidades (5 mg/ml);CLORIDRATO DE METOCLOPRAMIDA MONOIDRATADO;7898361700591;1031101660011;90425650;511219020038317;N;S;240;245.94;0;1.02;0;;BRAS_PF_PMC;ed. 1098;20;
BRASINDICE;1100;medicamento;0000047664;05;583-20351-DMGL;NOVA QUIMICA;NORADOP;150 mg. bl. 30 cprs. rev. lib. prol.;CLORIDRATO DE BUPROPIONA;7895296099042;1181903170041;90581458;607024030103317;N;N;30;70.94;98.07;2.36;3.27;;BRAS_PF_PMC;ed. 1092;20;
BRASINDICE;1100;medicamento;0000047665;05;583-20351-DMGM;NOVA QUIMICA;NORADOP;150 mg. bl. 60 cprs. rev. lib. prol.;CLORIDRATO DE BUPROPIONA;7895296099059;1181903170051;90581466;607024030103417;N;N;60;135.08;186.19;2.25;3.1;;BRAS_PF_PMC;ed. 1092;20;
BRASINDICE;1100;medicamento;0000086527;05;1075-01954-AARF;PFIZER BRASIL;NORDETTE;Ct. 1 bl. x 21 cprs.;"LEVONORGESTREL MICRONIZADO;ETINILESTRADIOL";7891045008433;1211000010037;90214064;522702203117319;N;N;21;10.19;14.05;0.49;0.67;;BRAS_PF_PMC;ed. 1094;20;
BRASINDICE;1100;medicamento;0000086528;05;1075-01954-ACPX;PFIZER BRASIL;NORDETTE;Ct. 3 bl. x 21 cprs.;"LEVONORGESTREL MICRONIZADO;ETINILESTRADIOL";7891045008440;1211000010049;90214072;522702204113317;N;N;63;28.45;39.22;0.45;0.62;;BRAS_PF_PMC;ed. 1094;20;
BRASINDICE;1100;medicamento;0000022189;05;355-15458-CHIO;NOVO NORDISK;NORDITROPIN;10 mg. sol. inj. ct. 1 carp. vd. inc. x 1,5 ml. x 1 sist. aplic. plast.;;7897705201695;1176600060164;90173600;526602202154410;N;;1;1172.41;1620.78;1172.41;1620.78;;BRAS_PF_PMC;ed. 1069;20;
BRASINDICE;1100;medicamento;0000033695;05;355-15458-BHOD;NOVO NORDISK;NORDITROPIN;5 mg. sol. inj. ct. 1 carp. vd. inc. x 1,5 ml. x 1 sist. aplic. plast.;;7897705201688;1176600060156;90236238;526602201158412;N;;1;586.19;810.38;586.19;810.38;;BRAS_PF_PMC;ed. 1069;20;
BRASINDICE;1100;medicamento;0000033698;05;355-15458-CUOT;NOVO NORDISK;NORDITROPIN;15 mg. sol. inj. ct. 1 carp. vd. inc. x 1,5 ml. x 1 sist. aplic. plast.;;7897705201701;1176600060172;90236246;526602203150419;N;;1;1758.61;2431.18;1758.61;2431.18;;BRAS_PF_PMC;ed. 1069;20;
BRASINDICE;1100;medicamento;0000081399;05;355-15458-FGUT;NOVO NORDISK;NORDITROPIN;5 mg sol. inj. ct. 1 carp. vd. trans. 1,5 ml x 1 sist. aplic. plas. Flexpro;SOMATROPINA;7897705202630;1176600060170;90488849;526620080008007;N;N;1;586.19;810.38;586.19;810.38;;BRAS_PF_PMC;ed. 1069;20;
BRASINDICE;1100;medicamento;0000081400;05;355-15458-FGUU;NOVO NORDISK;NORDITROPIN;10 mg sol. inj. ct. 1 carp. vd. trans. 1,5 ml x 1 sist. aplic. plas. Flexpro;SOMATROPINA;7897705202647;1176600060189;90488857;526620080008107;N;N;1;1172.41;1620.78;1172.41;1620.78;;BRAS_PF_PMC;ed. 1069;20;
BRASINDICE;1100;medicamento;0000081401;05;355-15458-FGUV;NOVO NORDISK;NORDITROPIN;15 mg sol. inj. ct. 1 carp. vd. trans. 1,5 ml x 1 sist. aplic. plas. Flexpro;SOMATROPINA;7897705202654;1176600060197;90488865;526620080008207;N;N;1;1758.61;2431.18;1758.61;2431.18;;BRAS_PF_PMC;ed. 1069;20;
BRASINDICE;1100;medicamento;0000082600;05;676-15212-DNBT;CIFARMA;NOREGYNA;Amp. 1 ml + ser.;"ENANTATO DE NORETISTERONA;VALERATO DE ESTRADIOL";7908020502555;1156002240014;90496701;506320110035817;N;N;1;31.49;43.41;31.49;43.41;;BRAS_PF_PMC;ed. 1097;20;
BRASINDICE;1100;medicamento;0000004833;05;072-06537-AVVF;EUROFARMA;NORELBIN (Restrito Hosp.) (CONVENIO 162/94);50 mg FA cx. c/1 x 5 ml;VINORELBINA;7891317000882;1004306500025;90069846;508009802158418;N;S;1;1241.18;0;1241.18;0;;BRAS_PF_PMC;ed. 1094;20;
BRASINDICE;1100;medicamento;0000003397;05;438-04803-AOAT;BIOLAB SANUS;NORESTIN;0,35 mg. 35 cprs.;NORETISTERONA;7896241274903;1097401010021;90347706;504116070056203;N;N;35;11.64;16.04;0.33;0.46;;BRAS_PF_PMC;ed. 1091;20;
BRASINDICE;1100;medicamento;0000075632;05;1025-24591-EYWD;BIOLAB GENERICOS;NORESTIRONA - GENERICO;0,35 mg. ct. bl. al. plas. inc. x 35 cprs.;NORETISTERONA;7896112401407;1097402620028;90396715;504118110064906;S;N;35;8.61;11.86;0.25;0.34;;BRAS_PF_PMC;ed. 1091;20;
BRASINDICE;1100;medicamento;0000007184;05;1048-07989-BQRI;SANOFI MEDLEY;NORFLOXACINO - GENERICO;400 mg. 2 bl. x 7 cprs. rev.;NORFLOXACINO;7896422507400;1832601410038;90366603;525009205117110;S;N;14;40.46;55.77;2.89;3.98;;BRAS_PF_PMC;ed. 1099;20;
BRASINDICE;1100;medicamento;0000007185;05;1048-07989-BQWE;SANOFI MEDLEY;NORFLOXACINO - GENERICO;400 mg. 1 bl. x 6 cprs. rev.;NORFLOXACINO;7896422507394;1832601410021;90366590;525009202118116;S;N;6;21.95;30.26;3.66;5.04;;BRAS_PF_PMC;ed. 1099;20;
BRASINDICE;1100;medicamento;0000035314;05;702-07989-BIBP;SANDOZ;NORFLOXACINO - GENERICO;400 mg. bl. 14 cprs. rev.;NORFLOXACINO;7897595605030;1004704350031;90192290;511515701111117;S;N;14;30.16;41.57;2.15;2.97;;BRAS_PF_PMC;ed. 1096;20;
BRASINDICE;1100;medicamento;0000065040;05;620-07989-BSSM;MEDQUIMICA;NORFLOXACINO - GENERICO;400 mg. cx. 14 cprs. rev.;NORFLOXACINO;7896862924232;1091701000014;90340280;525116030029806;S;N;14;21.5;29.64;1.54;2.12;;BRAS_PF_PMC;ed. 1091;20;
BRASINDICE;1100;medicamento;0000075076;05;529-07989-CCAL;RANBAXY;NORFLOXACINO - GENERICO;400 mg. 14 cprs. rev.;NORFLOXACINO;7897076907714;1235200650131;90412290;529918090059606;S;N;14;35.94;49.68;2.57;3.55;;BRAS_PF_PMC;ed. 1094;20;
BRASINDICE;1100;medicamento;0000091492;05;1092-07989-FSYD;GLOBO PHARMA;NORFLOXACINO - GENERICO;400 mg cx. 14 cprs. rev.;NORFLOXACINO;7898060132686;1053501640017;90113900;517609201111112;S;N;14;27.07;37.31;1.93;2.66;;BRAS_PF_PMC;ed. 1095;20;
BRASINDICE;1100;medicamento;0000092393;05;1120-07989-FUBM;PHARMASCIENCE;NORFLOXACINO - GENERICO;400 mg ct. STR al. x 420 cprs. rev.;NORFLOXACINO;7898014565409;1171700730029;90500474;528120110017407;S;N;420;908.02;1255.28;2.16;2.99;;BRAS_PF_PMC;ed. 1070;20;
BRASINDICE;1100;medicamento;0000091226;05;1025-27874-FSQD;BIOLAB GENERICOS;NORI-1;100 mg x 30 cprs. mast.;FERRIPOLIMALTOSE;7896112409144;1097403660041;90593944;504124090089503;N;N;30;45.91;61.58;1.53;2.05;;BRAS_PF_PMC;ed. 1091;20;
BRASINDICE;1100;medicamento;0000091227;05;1025-27874-FSQE;BIOLAB GENERICOS;NORI-1;50 mg/ml gotas x 30 ml;FERRIPOLIMALTOSE;7896112409137;1097403660031;90593936;504124090089403;N;N;1;26.94;36.13;26.94;36.13;;BRAS_PF_PMC;ed. 1091;20;
BRASINDICE;1100;medicamento;0000079786;05;062-25271-AAAY;EMS;NORIDERM SHAMPOO;Fr. 100 ml;CETOCONAZOL;7896004714127;1023513030012;90466306;541820060131607;N;N;1;49.92;66.97;49.92;66.97;;BRAS_PF_PMC;ed. 1079;20;
BRASINDICE;1100;medicamento;0000087672;05;1027-01955-FBBM;BLANVER;NORIPURUM;10 mg/ml xpe. fr. x 120 ml;FERRIPOLIMALTOSE;7898581710578;1152400130062;90547268;544222090002817;N;N;1;27.25;36.55;27.25;36.55;;BRAS_PF_PMC;ed. 1095;20;
BRASINDICE;1100;medicamento;0000087673;05;1027-01955-FNYK;BLANVER;NORIPURUM;100 mg bl. x 30 cprs. mast.;FERRIPOLIMALTOSE;7898581710547;1152400130054;90547250;544222090002717;N;N;30;57.07;76.56;1.9;2.55;;BRAS_PF_PMC;ed. 1095;20;
BRASINDICE;1100;medicamento;0000087674;05;1027-01955-FNYJ;BLANVER;NORIPURUM;50 mg/ml sol. or fr. got. x 30 ml;FERRIPOLIMALTOSE;7898581710523;1152400130011;90547241;544222090002617;N;N;1;35.88;48.13;35.88;48.13;;BRAS_PF_PMC;ed. 1095;20;
BRASINDICE;1100;medicamento;0000087675;05;1027-27014-FNYI;BLANVER;NORIPURUM ENDOV;Inj. 5 amps. x 5 ml;SACARATO DE HIDRÓXIDO FÉRRICO;7898581710615;1152400150012;90547284;544222090002417;;S;5;72.78;100.32;14.56;20.06;;BRAS_PF_PMC;ed. 1100;20;
BRASINDICE;1100;medicamento;0000087676;05;1027-26057-FNYH;BLANVER;NORIPURUM FOLICO;100 mg + 0,35 mg bl. x 30 cprs. mast.;"FERRIPOLIMALTOSE;ÁCIDO FÓLICO";7898581710608;1152400140025;90547276;544222090002517;N;N;30;58.12;77.97;1.94;2.6;;BRAS_PF_PMC;ed. 1095;20;
BRASINDICE;1100;medicamento;0000056373;05;001-13403-DXBK;UNIAO QUIMICA;NORMASTIG (Restrito Hosp.);0,5 mg/ml sol. inj. 50 amps. vd. inc. x 1 ml (hosp.);METILSULFATO DE NEOSTIGMINA;7896006237556;1049714060044;90414101;533018060067217;N;S;50;65.83;0;1.32;0;;BRAS_PF_PMC;ed. 1096;20;
BRASINDICE;1100;medicamento;0000092880;05;170-28293-FUSA;TEUTO BRAS.;NORTRY;25 mg c/30 caps.;CLORIDRATO DE NORTRIPTILINA;7896112108474;1037007970026;90593197;520724100121204;N;N;30;44.39;61.19;1.48;2.04;;BRAS_PF_PMC;ed. 1096;20;
BRASINDICE;1100;medicamento;0000085011;05;963-01964-FWCL;VIATRIS;NORVASC;5 mg ct. bl. al. plas. PVC opc. x 30 cprs.;BESILATO DE ANLODIPINO;7908236800322;1883000800073;90527178;541521120022417;N;N;30;66.75;92.01;2.22;3.07;;BRAS_PF_PMC;ed. 1097;20;
BRASINDICE;1100;medicamento;0000085013;05;963-01964-FWCM;VIATRIS;NORVASC;10 mg ct. bl. al. plas. PVC opc. x 30 cprs.;BESILATO DE ANLODIPINO;7908236800353;1883000800081;90527186;541521120022517;N;N;30;131.34;181.04;4.38;6.03;;BRAS_PF_PMC;ed. 1097;20;
BRASINDICE;1100;medicamento;0000063046;05;948-27697-EGKK;ABBVIE;NORVIR (Restrito Hosp.) (CONVENIO 140/01);100 mg. ct. fr. plast. opc. x 30 cprs. rev.;RITONAVIR;8054083006635;1986000090069;90330560;543715070001617;N;S;30;93.44;0;3.11;0;;BRAS_PF_PMC;ed. 1096;20;
BRASINDICE;1100;medicamento;0000091493;05;1092-27922-FSYD;GLOBO PHARMA;NORXACIN;400 mg cx. 14 cprs. rev.;NORFLOXACINO;7898060131535;1053500970021;;517604401112413;N;N;14;27.07;37.31;1.93;2.66;;BRAS_PF_PMC;ed. 1095;20;
BRASINDICE;1100;medicamento;0000078423;05;048-24614-FCSD;ACHE;NOSINT (Restrito Hosp.);2 mg/ml. sol. inj. 5 amp. x 5 ml.;BESILATO DE CISATRACÚRIO;7896181925910;1057307110027;90440013;552919120091117;N;S;5;231.92;0;46.38;0;;BRAS_PF_PMC;ed. 1092;20;
BRASINDICE;1100;medicamento;0000078288;05;348-12266-FCNO;CRISTALIA;NOSTIL;3 mg/ml. sol. oft. ct. fr. plast. opc. got. x 5 ml.;OFLOXACINO;7896676432923;1029804920013;90435630;506719070079617;N;N;1;38.45;53;38.45;53;;BRAS_PF_PMC;ed. 1094;20;
BRASINDICE;1100;medicamento;0000054359;05;048-21352-DUMW;ACHE;NOTUSS TSS;1,5 mg/ml xpe. fr. 60 ml + ser. dos.;DROPROPIZINA;7896658021374;1057304490023;90264339;500513080051604;N;N;1;8.63;11.58;8.63;11.58;;BRAS_PF_PMC;ed. 1091;20;
BRASINDICE;1100;medicamento;0000054360;05;048-21352-DUMX;ACHE;NOTUSS TSS;1,5 mg/ml xpe. fr. 120 ml + ser. dos.;DROPROPIZINA;7896658021381;1057304490031;90264347;500513080051704;N;N;1;20.89;28.02;20.89;28.02;;BRAS_PF_PMC;ed. 1084;20;
BRASINDICE;1100;medicamento;0000054361;05;048-21352-DUMY;ACHE;NOTUSS TSS;3,0 mg/ml xpe. fr. 60 ml + cp.;DROPROPIZINA;7896658021114;1057304490058;90264363;500513080051904;N;N;1;10.57;14.18;10.57;14.18;;BRAS_PF_PMC;ed. 1091;20;
BRASINDICE;1100;medicamento;0000054362;05;048-21352-DUMZ;ACHE;NOTUSS TSS;3,0 mg/ml xpe. fr. 120 ml + cp.;DROPROPIZINA;7896658021121;1057304490066;90264371;500513080052004;N;N;1;23.67;31.75;23.67;31.75;;BRAS_PF_PMC;ed. 1084;20;
BRASINDICE;1100;medicamento;0000079904;05;917-25303-FEUY;SUPERA RX;NOURIN;5 mg. bl. 3 cprs.;CLORIDRATO DE OXIBUTININA;7899420507342;1037202860013;90455223;542620020012007;N;N;3;30.28;40.62;10.09;13.54;;BRAS_PF_PMC;ed. 1094;20;
BRASINDICE;1100;medicamento;0000079905;05;917-25303-FEUZ;SUPERA RX;NOURIN;5 mg. bl. 6 cprs.;CLORIDRATO DE OXIBUTININA;7899420507359;1037202860021;90455320;542620020012107;N;N;6;51.02;68.44;8.5;11.41;;BRAS_PF_PMC;ed. 1094;20;
BRASINDICE;1100;medicamento;0000006038;05;348-07368-BEZO;CRISTALIA;NOVABUPI (Restrito Hosp.);0,5% s/v cx.10 est. 20 ml.;CLORIDRATO DE LEVOBUPIVACAÍNA;7896676405095;1029803150028;90047486;506711803154411;N;S;10;347.62;0;34.76;0;;BRAS_PF_PMC;ed. 1094;20;
BRASINDICE;1100;medicamento;0000006040;05;348-07368-BNEG;CRISTALIA;NOVABUPI (Restrito Hosp.);0,25% s/v 10 est. 20 ml (sterile pack);CLORIDRATO DE LEVOBUPIVACAÍNA;7896676410846;1029803150011;90047478;506711802158413;N;S;10;329.35;0;32.94;0;;BRAS_PF_PMC;ed. 1094;20;
BRASINDICE;1100;medicamento;0000006042;05;348-07368-BNEI;CRISTALIA;NOVABUPI (Restrito Hosp.);0,75% s/v 10 est. 20 ml (sterile pack);CLORIDRATO DE LEVOBUPIVACAÍNA;7896676410860;1029803150036;90047494;506711805157418;N;S;10;432.28;0;43.23;0;;BRAS_PF_PMC;ed. 1094;20;
BRASINDICE;1100;medicamento;0000028717;05;348-16530-CPHC;CRISTALIA;NOVABUPI + EPINEFRINA (Restrito Hosp.);0,25% C/V 10 etj. 20 ml (oxygen free);"HEMITARTARATO DE EPINEFRINA;CLORIDRATO DE LEVOBUPIVACAÍNA";7896676410839;1029801600042;90047443;506711901156419;N;S;10;358.71;0;35.87;0;;BRAS_PF_PMC;ed. 1094;20;
BRASINDICE;1100;medicamento;0000028718;05;348-16530-CPHD;CRISTALIA;NOVABUPI + EPINEFRINA (Restrito Hosp.);0,5% C/V 10 etj. 20 ml;"HEMITARTARATO DE EPINEFRINA;CLORIDRATO DE LEVOBUPIVACAÍNA";7896676405088;1029801600026;90047451;506711902152417;N;S;10;383.81;0;38.38;0;;BRAS_PF_PMC;ed. 1094;20;
BRASINDICE;1100;medicamento;0000028719;05;348-16530-CPHE;CRISTALIA;NOVABUPI + EPINEFRINA (Restrito Hosp.);0,75% C/V 10 etj. 20 ml (oxygen free);"HEMITARTARATO DE EPINEFRINA;CLORIDRATO DE LEVOBUPIVACAÍNA";7896676410853;1029801600050;90047460;506711903159415;N;S;10;449.88;0;44.99;0;;BRAS_PF_PMC;ed. 1094;20;
BRASINDICE;1100;medicamento;0000028720;05;348-16531-CPHF;CRISTALIA;NOVABUPI ISOBARICA (Restrito Hosp.);0,5% isobarica 30 etj. 4 ml;CLORIDRATO DE LEVOBUPIVACAÍNA;7896676405101;1029803150044;90047508;506712001159411;N;S;30;355.32;0;11.84;0;;BRAS_PF_PMC;ed. 1094;20;
BRASINDICE;1100;medicamento;0000001583;05;048-01966-ABJC;ACHE;NOVACORT;Creme 30 g.;"SULFATO DE NEOMICINA;CETOCONAZOL;DIPROPIONATO DE BETAMETASONA";7896658000560;1057300120027;90004884;500505601161311;N;N;1;36.55;49.03;36.55;49.03;;BRAS_PF_PMC;ed. 1091;20;
BRASINDICE;1100;medicamento;0000001584;05;048-01966-BNEC;ACHE;NOVACORT;Pom. 30 g + aplic.;"SULFATO DE NEOMICINA;CETOCONAZOL;DIPROPIONATO DE BETAMETASONA";7896658000577;1057300120043;90004892;500505602166315;N;N;1;36.55;49.03;36.55;49.03;;BRAS_PF_PMC;ed. 1091;20;
BRASINDICE;1100;medicamento;0000038916;05;048-01966-APGG;ACHE;NOVACORT;Creme 10 g;"SULFATO DE NEOMICINA;CETOCONAZOL;DIPROPIONATO DE BETAMETASONA";7896658007088;1057300120051;90004876;500505603162313;N;N;1;16.88;22.64;16.88;22.64;;BRAS_PF_PMC;ed. 1091;20;
BRASINDICE;1100;medicamento;0000089962;05;1096-01967-FFFR;OPELLA;NOVALGINA;500 mg/ml. sol. or. ct. fr. vd. amb. got. x 20 ml.;DIPIRONA MONOIDRATADA;7891058000165;1862000180102;90577736;615324020005817;N;N;1;23.89;32.05;23.89;32.05;;BRAS_PF_PMC;ed. 1094;20;
BRASINDICE;1100;medicamento;0000089963;05;1096-01967-FFFQ;OPELLA;NOVALGINA;500 mg/ml. sol. or. ct. fr. vd. amb. got. x 10 ml.;DIPIRONA MONOIDRATADA;7891058000172;1862000180099;90577728;615324020005917;N;N;1;12.99;17.43;12.99;17.43;;BRAS_PF_PMC;ed. 1094;20;
BRASINDICE;1100;medicamento;0000089964;05;1096-01967-CGGK;OPELLA;NOVALGINA;1 g ct. 1 bl. al. plast. inc. x 10 cprs.;DIPIRONA MONOIDRATADA;7891058001155;1862000180587;90577868;615324020007217;N;N;10;18.96;25.43;1.9;2.54;;BRAS_PF_PMC;ed. 1094;20;
BRASINDICE;1100;medicamento;0000089965;05;1096-01967-FKVV;OPELLA;NOVALGINA;1 g ct. bl. al. plas. transl. x 20 cprs.;DIPIRONA MONOIDRATADA;7891058002565;1862000180595;90577876;615324020007317;N;N;20;34.63;46.45;1.73;2.32;;BRAS_PF_PMC;ed. 1094;20;
BRASINDICE;1100;medicamento;0000089966;05;1096-01967-FPGH;OPELLA;NOVALGINA;50 mg/ml sol. or. ct. fr. vd. amb. x 100 ml + med.;DIPIRONA MONOIDRATADA;7891058005566;1862000180072;90577701;615324020005317;N;N;1;36.11;48.44;36.11;48.44;;BRAS_PF_PMC;ed. 1094;20;
BRASINDICE;1100;medicamento;0000089967;05;1096-01967-BTSN;OPELLA;NOVALGINA;500 mg. 3 bl. x 10 cprs.;DIPIRONA MONOIDRATADA;7891058008635;1862000180293;90577817;615324020006917;N;N;30;34.57;46.37;1.15;1.55;;BRAS_PF_PMC;ed. 1094;20;
BRASINDICE;1100;medicamento;0000089968;05;1096-01967-AYXH;OPELLA;NOVALGINA;500 mg. bl. al. plast. inc. x 240 cprs. (mult.);DIPIRONA MONOIDRATADA;7891058008642;1862000180269;90577809;615324020005717;N;N;240;311.84;418.32;1.3;1.74;;BRAS_PF_PMC;ed. 1094;20;
BRASINDICE;1100;medicamento;0000089969;05;1096-01967-CZUW;OPELLA;NOVALGINA;1 g ct. bl. al. plast. inc. x 100 (mult.);DIPIRONA MONOIDRATADA;7891058011222;1862000180633;90577884;615324020007417;N;N;100;240.02;321.98;2.4;3.22;;BRAS_PF_PMC;ed. 1094;20;
BRASINDICE;1100;medicamento;0000089970;05;1096-01967-DQDS;OPELLA;NOVALGINA;1 g ct. str. al/al x 10 cprs. eferv.;DIPIRONA MONOIDRATADA;7891058015756;1862000180781;90577906;615324020006517;N;N;10;27.7;37.16;2.77;3.72;;BRAS_PF_PMC;ed. 1094;20;
BRASINDICE;1100;medicamento;0000089971;05;1096-01967-DQDT;OPELLA;NOVALGINA;1 g ct. str. al/al x 100 cprs. eferv. (mult.);DIPIRONA MONOIDRATADA;7891058015770;1862000180803;90577914;615324020006617;N;N;100;289.1;387.82;2.89;3.88;;BRAS_PF_PMC;ed. 1094;20;
BRASINDICE;1100;medicamento;0000089972;05;1096-01967-CVUR;OPELLA;NOVALGINA;50 mg/ml sol. or. ct. fr. vd. amb. x 100 ml + ser. dos.;DIPIRONA MONOIDRATADA;7891058464073;1862000180080;90577710;615324020006117;N;N;1;36.11;48.44;36.11;48.44;;BRAS_PF_PMC;ed. 1094;20;
BRASINDICE;1100;medicamento;0000089973;05;1096-01967-AEOK;OPELLA;NOVALGINA;Sup. inf. cx. 5 sups.;DIPIRONA MONOIDRATADA;7891058467098;1862000180013;90577698;615324020005417;N;N;5;17.95;24.08;3.59;4.82;;BRAS_PF_PMC;ed. 1094;20;
BRASINDICE;1100;medicamento;0000094445;05;1096-28682-FWTJ;OPELLA;NOVALGINA FLASH;8 cprs.;"DIPIRONA MONOIDRATADA;CAFEÍNA ANIDRA";7891058005993;1862000230029;90619943;615325110008507;N;N;8;19;25.49;2.38;3.19;;BRAS_PF_PMC;ed. 1094;20;
BRASINDICE;1100;medicamento;0000094446;05;1096-28682-FWTK;OPELLA;NOVALGINA FLASH;16 cprs.;"DIPIRONA MONOIDRATADA;CAFEÍNA ANIDRA";7891058006044;1862000230037;90619951;615325110008607;N;N;16;34.63;46.45;2.16;2.9;;BRAS_PF_PMC;ed. 1094;20;
BRASINDICE;1100;medicamento;0000083424;05;479-15182-FJGE;FRESENIUS KABI;NOVAMICIN (Restrito Hosp.);1 g cx. 25 FA vd. trans. x 20 ml (emb. hosp.);CLORIDRATO DE VANCOMICINA;7899498608705;1004101880081;90511808;509521070034203;N;S;25;2225.45;0;89.02;0;;BRAS_PF_PMC;ed. 1096;20;
BRASINDICE;1100;medicamento;0000083549;05;479-15182-FJKK;FRESENIUS KABI;NOVAMICIN (Restrito Hosp.);500 mg. po 50 FA 10 ml (emb. hosp.);CLORIDRATO DE VANCOMICINA;7899498608484;1004101880055;90511786;509521070032917;;S;50;2105.26;0;42.11;0;;BRAS_PF_PMC;ed. 1096;20;
BRASINDICE;1094;medicamento;0000077039;05;438-24828-AFEX;BIOLAB SANUS;NOVAMIL AC1;Lata 400 g;;7896112437826;6723500050011;;;N;;1;68.95;0;68.95;0;;BRAS_PF_PMC;ed. 1067;20;
BRASINDICE;1094;medicamento;0000077038;05;438-24827-AFEX;BIOLAB SANUS;NOVAMIL AC2;Lata 400 g;;7896112437833;6723500020015;;;N;;1;68.93;0;68.93;0;;BRAS_PF_PMC;ed. 1091;20;
BRASINDICE;1094;medicamento;0000077040;05;438-24829-AREG;BIOLAB SANUS;NOVAMIL AO 1;Lata 400 g.;;7896112437857;6723500060017;;;N;;1;68.93;0;68.93;0;;BRAS_PF_PMC;ed. 1091;20;
BRASINDICE;1094;medicamento;0000077041;05;438-24830-AREG;BIOLAB SANUS;NOVAMIL AO 2;Lata 400 g.;;7896112437840;6723500030010;;;N;;1;68.95;0;68.95;0;;BRAS_PF_PMC;ed. 1067;20;
BRASINDICE;1094;medicamento;0000068493;05;438-23301-AYDV;BIOLAB SANUS;NOVAMIL AR;400 g;;7896112437871;6723500040016;;;N;;1;68.54;0;68.54;0;;BRAS_PF_PMC;ed. 1067;20;
BRASINDICE;1094;medicamento;0000078244;05;438-23104-AFEX;BIOLAB SANUS;NOVAMIL RICE;Lata 400 g;;7896112437888;6723500010011;;;N;;1;227.92;0;227.92;0;;BRAS_PF_PMC;ed. 1091;20;
BRASINDICE;1100;medicamento;0000005006;05;048-06662-AVJA;ACHE;NOVAMOX 2X;875 mg + 125 mg fr. 14 cprs. rev.;"AMOXICILINA TRIHIDRATADA;CLAVULANATO DE POTÁSSIO";7896658002922;1057302100041;90004949;500505705119417;N;N;14;101.86;140.4;7.28;10.03;;BRAS_PF_PMC;ed. 1091;20;
BRASINDICE;1100;medicamento;0000005007;05;048-06662-AVJB;ACHE;NOVAMOX 2X;875 mg + 125 mg fr. 20 cprs. rev.;"AMOXICILINA TRIHIDRATADA;CLAVULANATO DE POTÁSSIO";7896658002939;1057302100058;90004957;500505706115415;N;N;20;140.22;193.28;7.01;9.66;;BRAS_PF_PMC;ed. 1091;20;
BRASINDICE;1100;medicamento;0000005008;05;048-06662-AZVF;ACHE;NOVAMOX 2X;400 mg. + 57 mg. susp. 70 ml;"CLAVULANATO DE POTÁSSIO;AMOXICILINA TRI-HIDRATADA";7896658002946;1057302100066;90004930;500505704139414;N;N;1;70.11;96.64;70.11;96.64;;BRAS_PF_PMC;ed. 1091;20;
BRASINDICE;1100;medicamento;0000005009;05;048-06662-AZVG;ACHE;NOVAMOX 2X;400 mg. + 57 mg. susp. 100 ml;"CLAVULANATO DE POTÁSSIO;AMOXICILINA TRI-HIDRATADA";7896658002953;1057302100074;90004922;500505703132416;N;N;1;130.37;179.7;130.37;179.7;;BRAS_PF_PMC;ed. 1091;20;
BRASINDICE;1100;medicamento;0000051034;05;438-20845-AMOK;BIOLAB SANUS;NOVANLO;2,5 mg. cx. 30 cprs.;BESILATO DE LEVANLODIPINO;7896112422136;1097402190023;90267478;504112070049602;N;N;30;59.45;79.75;1.98;2.66;;BRAS_PF_PMC;ed. 1092;20;
BRASINDICE;1100;medicamento;0000051035;05;438-20845-ACPT;BIOLAB SANUS;NOVANLO;5 mg. cx. 30 cprs.;BESILATO DE LEVANLODIPINO;7896112422211;1097402190074;90267524;504112070050102;N;N;30;115.51;154.95;3.85;5.16;;BRAS_PF_PMC;ed. 1092;20;
BRASINDICE;1100;medicamento;0000074799;05;438-20845-DZRX;BIOLAB SANUS;NOVANLO;2,5 mg. cx. 60 cprs.;BESILATO DE LEVANLODIPINO;7896112422150;1097402190031;90267486;504112070049702;N;N;60;112.48;150.88;1.87;2.51;;BRAS_PF_PMC;ed. 1092;20;
BRASINDICE;1100;medicamento;0000074800;05;438-20845-AYZA;BIOLAB SANUS;NOVANLO;5 mg. cx. 60 cprs.;BESILATO DE LEVANLODIPINO;7896112422235;1097402190082;90267532;504112070050202;N;N;60;212.88;285.57;3.55;4.76;;BRAS_PF_PMC;ed. 1092;20;
BRASINDICE;1100;medicamento;0000084745;05;438-20845-FKVJ;BIOLAB SANUS;NOVANLO;2,5 mg. cx. 90 cprs.;BESILATO DE LEVANLODIPINO;7896112422174;1097402190041;90267494;504112070049802;N;N;90;116.37;156.1;1.29;1.73;;BRAS_PF_PMC;ed. 1092;20;
BRASINDICE;1100;medicamento;0000084746;05;438-20845-EYFR;BIOLAB SANUS;NOVANLO;5 mg. cx. 90 cprs.;BESILATO DE LEVANLODIPINO;7896112422273;1097402190090;90267540;504112070050302;N;N;90;232.35;311.68;2.58;3.46;;BRAS_PF_PMC;ed. 1092;20;
BRASINDICE;1100;medicamento;0000089411;05;438-27483-FJGV;BIOLAB SANUS;NOVOB;150 mg x 30 cprs. rev.;BENFOTIAMINA;7896112408567;1097403640030;90572572;504123120087204;N;N;30;70.9;95.1;2.36;3.17;;BRAS_PF_PMC;ed. 1092;20;
BRASINDICE;1100;medicamento;0000090507;05;438-27483-FRSN;BIOLAB SANUS;NOVOB;150 mg x 10 cprs. rev.;BENFOTIAMINA;7896112408550;1097403640022;90572564;504123120087104;N;N;10;20.42;27.39;2.04;2.74;;BRAS_PF_PMC;ed. 1092;20;
BRASINDICE;1100;medicamento;0000001603;05;048-01974-AEOT;ACHE;NOVOCILIN;500 mg. caps. c/21;AMOXICILINA TRIHIDRATADA;7896658001635;1057300760352;90005023;500505903115418;N;N;21;30.32;41.79;1.44;1.99;;BRAS_PF_PMC;ed. 1091;20;
BRASINDICE;1100;medicamento;0000001604;05;048-01974-APYU;ACHE;NOVOCILIN;250 mg/5 ml susp. 150 ml;AMOXICILINA TRI-HIDRATADA;7896658001741;1057300760311;90005007;500505901139417;N;N;1;21.51;29.65;21.51;29.65;;BRAS_PF_PMC;ed. 1091;20;
BRASINDICE;1100;medicamento;0000001605;05;048-01974-AZZR;ACHE;NOVOCILIN;400 mg/5 ml susp. 100 ml;AMOXICILINA TRI-HIDRATADA;7896658004124;1057300760328;90005015;500505902135415;N;N;1;37.82;52.13;37.82;52.13;;BRAS_PF_PMC;ed. 1091;20;
BRASINDICE;1100;medicamento;0000001606;05;048-01974-AZZS;ACHE;NOVOCILIN;875 mg. bl. 14 cprs.;AMOXICILINA TRIHIDRATADA;7896658004148;1057300760271;90005058;500505905118414;N;N;14;47.85;65.96;3.42;4.71;;BRAS_PF_PMC;ed. 1091;20;
BRASINDICE;1100;medicamento;0000001607;05;048-01974-AZZT;ACHE;NOVOCILIN;875 mg. bl. 20 cprs.;AMOXICILINA TRIHIDRATADA;7896658004162;1057300760298;90005040;500505904111416;N;N;20;81.81;112.77;4.09;5.64;;BRAS_PF_PMC;ed. 1091;20;
BRASINDICE;1100;medicamento;0000039651;05;048-01974-CJDT;ACHE;NOVOCILIN;500 mg. bl. 15 caps. gel. dura;;7896658001604;1057300760107;90005031;500505906114412;N;;15;20.18;27.82;1.35;1.85;;BRAS_PF_PMC;ed. 1091;20;
BRASINDICE;1100;medicamento;0000034329;05;048-01976-CLNY;ACHE;NOVOFER;Bl. 45 cprs. rev.;FERROCARBONILA;7896658003806;1057303740042;90005066;500506004114417;N;N;45;33.83;45.38;0.75;1.01;;BRAS_PF_PMC;ed. 1091;20;
BRASINDICE;1100;medicamento;0000074002;05;048-01976-EWXE;ACHE;NOVOFER;263,16 mg/ml. sus. or. ct. fr. x 30 ml. + cgt.;GLICINATO FÉRRICO;7896658003844;1057303750048;90005082;500512403130410;N;N;1;15.39;20.65;15.39;20.65;;BRAS_PF_PMC;ed. 1091;20;
BRASINDICE;1100;medicamento;0000034331;05;048-17610-CVED;ACHE;NOVOFER PED;Susp. oral fr. 120 ml + cp. med. x 10 ml;GLICINATO FÉRRICO;7896658003875;1057303750013;90005104;500512401138414;N;N;1;15.43;20.7;15.43;20.7;;BRAS_PF_PMC;ed. 1091;20;
BRASINDICE;1100;medicamento;0000073793;05;355-24114-EWRJ;NOVO NORDISK;NOVOLIN N;100 UI/ml. sus. inj. ct. fa. vd. inc. x 10 ml.;INSULINA HUMANA;7897705200087;1176600040021;90173619;526601110159418;N;N;1;48.14;66.56;48.14;66.56;;BRAS_PF_PMC;ed. 1069;20;
BRASINDICE;1100;medicamento;0000073794;05;355-24114-EWRK;NOVO NORDISK;NOVOLIN N;100 UI/ml. sus. inj. ct. 5 carp. vd. inc. x 3 ml. (penfill);INSULINA HUMANA;7897705200322;1176600040031;90173627;526601113158412;N;N;5;120.34;166.36;24.07;33.27;;BRAS_PF_PMC;ed. 1069;20;
BRASINDICE;1100;medicamento;0000076862;05;355-24114-FAPP;NOVO NORDISK;NOVOLIN N;100 UI/ml sus. inj. ct. 5 carp. vd. trans. x 3 ml x 5 sist. aplic. plas. (flexpen);INSULINA HUMANA;7897705202456;1176600040102;90409892;526618040009207;N;N;5;103.7;143.35;20.74;28.67;;BRAS_PF_PMC;ed. 1069;20;
BRASINDICE;1100;medicamento;0000037724;05;355-18415-CYBK;NOVO NORDISK;NOVOLIN R;100 UI/ml. sol. inj. ct. 1 fa. vd. inc. x 10 ml.;INSULINA HUMANA;7897705200070;1176600030016;90173635;526601115150419;N;N;1;48.14;66.56;48.14;66.56;;BRAS_PF_PMC;ed. 1069;20;
BRASINDICE;1100;medicamento;0000037725;05;355-18415-CYBL;NOVO NORDISK;NOVOLIN R;100 UI/ml. sol. inj. ct. 5 carp. vd. inc. x 3 ml. (penfill);INSULINA HUMANA;7897705200315;1176600030034;90173643;526601116157417;N;N;5;120.34;166.36;24.07;33.27;;BRAS_PF_PMC;ed. 1069;20;
BRASINDICE;1100;medicamento;0000076863;05;355-18415-FAPP;NOVO NORDISK;NOVOLIN R;100 UI/ml sus. inj. ct. 5 carp. vd. trans. x 3 ml x 5 sist. aplic. plas. (flexpen);INSULINA HUMANA;7897705202487;1176600030123;90409906;526618040009307;N;N;5;103.7;143.35;20.74;28.67;;BRAS_PF_PMC;ed. 1069;20;
BRASINDICE;1100;medicamento;0000037727;05;355-18416-CYBN;NOVO NORDISK;NOVOMIX 30;100 U/ml sus. inj. ct. 5 carp. vd. inc. x 3 ml. x 5 sist. apl. plas. (flexpen);INSULINA ASPARTE;7897705201077;1176600170022;90173660;526602001159415;N;N;5;319.43;441.59;63.89;88.32;;BRAS_PF_PMC;ed. 1069;20;
BRASINDICE;1100;medicamento;0000037728;05;355-18416-CYBO;NOVO NORDISK;NOVOMIX 30;100 U/ml sus. inj. ct. 5 carp. vd. inc. x 3 ml. (penfill);INSULINA ASPARTE;7897705201060;1176600170014;90173651;526602002155316;N;N;5;290.45;401.53;58.09;80.31;;BRAS_PF_PMC;ed. 1069;20;
BRASINDICE;1100;medicamento;0000088269;05;1092-27222-FOUE;GLOBO PHARMA;NOVOPRAZOL;20 mg fr. 28 caps.;OMEPRAZOL;7899620910478;1053501780031;90311485;517604604110415;N;N;28;11.66;16.07;0.42;0.57;;BRAS_PF_PMC;ed. 1095;20;
BRASINDICE;1100;medicamento;0000088270;05;1092-27222-FOUF;GLOBO PHARMA;NOVOPRAZOL;20 mg fr. 56 caps.;OMEPRAZOL;7899620910485;1053501780099;90311493;517604605117413;N;N;56;19.63;27.06;0.35;0.48;;BRAS_PF_PMC;ed. 1095;20;
BRASINDICE;1100;medicamento;0000037731;05;355-18418-CYBP;NOVO NORDISK;NOVORAPID;100 U/ml. sol. inj. ct. 5 carp. vd. inc. x 3 ml. (penfill);INSULINA ASPARTE;7897705201015;1176600160027;90173716;526601401153416;N;N;5;245.65;339.6;49.13;67.92;;BRAS_PF_PMC;ed. 1069;20;
BRASINDICE;1100;medicamento;0000037732;05;355-18418-CYBR;NOVO NORDISK;NOVORAPID;100 U/ml sol. inj. ct. 5 carp. vd. inc. x 3 ml. x 5 sist. aplic. plast. (flexpen);INSULINA ASPARTE;7897705201107;1176600160043;90173724;526601901156414;N;N;5;237.76;328.69;47.55;65.74;;BRAS_PF_PMC;ed. 1069;20;
BRASINDICE;1100;medicamento;0000037733;05;355-18418-CYBS;NOVO NORDISK;NOVORAPID;100 U/ml. sol. inj. ct. fa. vd. inc. x 10 ml.;INSULINA ASPARTE;7897705201008;1176600160019;90173708;526601801151410;N;N;1;128.78;178.03;128.78;178.03;;BRAS_PF_PMC;ed. 1069;20;
BRASINDICE;1100;medicamento;0000048806;05;355-18418-DNSN;NOVO NORDISK;NOVORAPID;100 U/ml. sol. inj. cx. 01 carp. x 3 ml. x 1 sist. apl. plas.;INSULINA ASPARTE;7897705201831;1176600160086;90236181;526601402151417;N;N;1;47.54;65.72;47.54;65.72;;BRAS_PF_PMC;ed. 1069;20;
BRASINDICE;1100;medicamento;0000073797;05;355-05261-EWRN;NOVO NORDISK;NOVOSEVEN;1 mg (50 kui) po liof. Inj. ct. fr. vd. trans. + ser. preenc. dil. x 1 ml.;ALFAEPTACOGUE ATIVADO;7897705202197;1176600120084;90409817;526617110008407;N;N;1;4915;6794.7;4915;6794.7;;BRAS_PF_PMC;ed. 1069;20;
BRASINDICE;1100;medicamento;0000073798;05;355-05261-EWRO;NOVO NORDISK;NOVOSEVEN;2 mg (100 kui) po liof. inj. ct. fr. vd. trans. + ser. preenc. dil. x 2 ml.;ALFAEPTACOGUE ATIVADO;7897705202203;1176600120092;90409825;526617110008507;N;N;1;9830.03;13589.44;9830.03;13589.44;;BRAS_PF_PMC;ed. 1069;20;
BRASINDICE;1100;medicamento;0000073799;05;355-05261-EWRP;NOVO NORDISK;NOVOSEVEN;5 mg. (250 kui) po liof. inj. ct. fr. vd. trans. + ser. preenc. dil. x 5 ml.;ALFAEPTACOGUE ATIVADO;7897705202210;1176600120106;90409833;526617110008607;N;N;1;24575.55;33974.26;24575.55;33974.26;;BRAS_PF_PMC;ed. 1069;20;
BRASINDICE;1100;medicamento;0000070677;05;555-23612-ETGE;HIPOLABOR;NOVOSIL;10 mg. ct. 25 bl. al. plas. trans. x 20 cprs.;METOCLOPRAMIDA;7898123902256;1134300520057;90269799;511613080041004;N;N;500;275.11;369.05;0.55;0.74;;BRAS_PF_PMC;ed. 1092;20;
BRASINDICE;1100;medicamento;0000091496;05;1092-27923-FSYG;GLOBO PHARMA;NOVOSORO NF;0,5 mg sol nas fr. 30 ml;CLORIDRATO DE NAFAZOLINA;7898060132181;1053501520011;90113993;517610501174415;N;N;1;8.14;10.92;8.14;10.92;;BRAS_PF_PMC;ed. 1095;20;
BRASINDICE;1100;medicamento;0000073215;05;088-23964-EVWK;MANTECORP FARMASA;NOVOTRAM;50 mg. ct. bl. al. plas. opc. x 20 caps. gel. dura;CLORIDRATO DE TRAMADOL;7896094915893;1781708430021;90389654;540917100034404;N;N;20;98.73;136.09;4.94;6.8;;BRAS_PF_PMC;ed. 1096;20;
BRASINDICE;1100;medicamento;0000073216;05;088-23964-EVWL;MANTECORP FARMASA;NOVOTRAM;50 mg. ct. bl. al. plas. opc. x 10 caps. gel. dura;CLORIDRATO DE TRAMADOL;7896094915886;1781708430011;90417003;540917120034803;N;N;10;49.36;68.04;4.94;6.8;;BRAS_PF_PMC;ed. 1091;20;
BRASINDICE;1100;medicamento;0000073217;05;088-23964-EVWM;MANTECORP FARMASA;NOVOTRAM;100 mg/ml sol. or. ct. fr. vd. amb. got. x 10 ml;CLORIDRATO DE TRAMADOL;7896094915992;1781708440076;90417054;540918050035303;N;N;1;85.93;118.45;85.93;118.45;;BRAS_PF_PMC;ed. 1091;20;
BRASINDICE;1100;medicamento;0000083860;05;088-23964-FJWD;MANTECORP FARMASA;NOVOTRAM;Par. ct. bl. 10 cprs. rev.;"CLORIDRATO DE TRAMADOL;PARACETAMOL";7896094999473;1781708980011;90516923;540921060047404;N;N;10;33.93;45.52;3.39;4.55;;BRAS_PF_PMC;ed. 1091;20;
BRASINDICE;1100;medicamento;0000083861;05;088-23964-FJWE;MANTECORP FARMASA;NOVOTRAM;Par. ct. bl 20 cprs. rev.;"CLORIDRATO DE TRAMADOL;PARACETAMOL";7896094999480;1781708980021;90516931;540921060047504;N;N;20;57.24;76.79;2.86;3.84;;BRAS_PF_PMC;ed. 1091;20;
BRASINDICE;1100;medicamento;0000084078;05;127-22210-EDDA;MERCK SHARP & DOHME;NOXAFIL;40 mg/ml susp. oral fr. 105 ml;POSACONAZOL;7897572020061;1017101960018;90342070;527315120017517;N;N;1;2947.85;4063.3;2947.85;4063.3;;BRAS_PF_PMC;ed. 1096;20;
BRASINDICE;1100;medicamento;0000085606;05;427-26532-FLUN;BLAU FARM.;NOXX;20 mg sol. inj. SC/IV cx. 10 ser. preenc. vd. trans. x 0,2 ml + sist. de seguranca;ENOXAPARINA SÓDICA;7896014671786;1163701750243;90540417;504422050069607;N;N;10;320.55;441.84;32.06;44.18;;BRAS_PF_PMC;ed. 1097;20;
BRASINDICE;1100;medicamento;0000085607;05;427-26532-FLUO;BLAU FARM.;NOXX;40 mg sol. inj. SC/IV cx. 10 ser. preenc. vd. trans. x 0,4 ml + sist. de seguranca;ENOXAPARINA SÓDICA;7896014671823;1163701750286;90540433;504422050069807;N;N;10;641.08;883.66;64.11;88.37;;BRAS_PF_PMC;ed. 1097;20;
BRASINDICE;1100;medicamento;0000085608;05;427-26532-FLUP;BLAU FARM.;NOXX;60 mg sol. inj. SC/IV cx. 10 ser. preenc. vd. trans. x 0,6 ml + sist. de seguranca;ENOXAPARINA SÓDICA;7896014671656;1163701750324;90540450;504422050070007;N;N;10;961.65;1325.53;96.16;132.55;;BRAS_PF_PMC;ed. 1097;20;
BRASINDICE;1100;medicamento;0000085609;05;427-26532-FLUQ;BLAU FARM.;NOXX;80 mg sol. inj. SC/IV cx. 10 ser. preenc. vd. trans. x 0,8 ml + sist. de seguranca;ENOXAPARINA SÓDICA;7896014671694;1163701750367;90540476;504422050070207;N;N;10;1282.19;1767.37;128.22;176.74;;BRAS_PF_PMC;ed. 1097;20;
BRASINDICE;1100;medicamento;0000085610;05;427-26532-FLUR;BLAU FARM.;NOXX;100 mg sol. inj. SC/IV cx. 1 ser. preenc. vd. trans. x 1,0 ml + sist. de seguranca;ENOXAPARINA SÓDICA;7896014671717;1163701750375;90540484;504422050070307;N;N;1;160.28;220.93;160.28;220.93;;BRAS_PF_PMC;ed. 1097;20;
BRASINDICE;1100;medicamento;0000085611;05;427-26532-FLUS;BLAU FARM.;NOXX;20 mg sol. inj. SC/IV cx. 10 ser. preenc. vd. trans. x 0,2 ml;ENOXAPARINA SÓDICA;7896014670628;1163701750049;90540352;504422050069007;N;N;10;320.55;441.84;32.06;44.18;;BRAS_PF_PMC;ed. 1097;20;
BRASINDICE;1100;medicamento;0000085612;05;427-26532-FLUT;BLAU FARM.;NOXX;40 mg sol. inj. SC/IV cx. 10 ser. preenc. vd. trans. x 0,4 ml;ENOXAPARINA SÓDICA;7896014670666;1163701750081;90540360;504422050069107;N;N;10;641.08;883.66;64.11;88.37;;BRAS_PF_PMC;ed. 1097;20;
BRASINDICE;1100;medicamento;0000085613;05;427-26532-FLUU;BLAU FARM.;NOXX;60 mg sol. inj. SC/IV cx. 10 ser. preenc. vd. trans. x 0,6 ml;ENOXAPARINA SÓDICA;7896014671533;1163701750121;90540379;504422050069207;N;N;10;961.65;1325.53;96.16;132.55;;BRAS_PF_PMC;ed. 1097;20;
BRASINDICE;1100;medicamento;0000085614;05;427-26532-FLUV;BLAU FARM.;NOXX;80 mg sol. inj. SC/IV cx. 10 ser. preenc. vd. trans. x 0,8 ml;ENOXAPARINA SÓDICA;7896014671571;1163701750162;90540387;504422050069307;N;N;10;1282.19;1767.37;128.22;176.74;;BRAS_PF_PMC;ed. 1097;20;
BRASINDICE;1100;medicamento;0000085615;05;427-26532-FLUW;BLAU FARM.;NOXX;100 mg sol. inj. SC/IV cx. 1 ser. preenc. vd. trans. x 1,0 ml;ENOXAPARINA SÓDICA;7896014671595;1163701750170;90540395;504422050069407;N;N;1;160.28;220.93;160.28;220.93;;BRAS_PF_PMC;ed. 1097;20;
BRASINDICE;1100;medicamento;0000085616;05;427-26532-FLUX;BLAU FARM.;NOXX;20 mg sol. inj. SC/IV cx. 2 ser. preenc. vd. trans. x 0,2 ml + sist. de seguranca;ENOXAPARINA SÓDICA;7896014671762;1163701750227;90540409;504422050069507;N;N;2;64.12;88.38;32.06;44.19;;BRAS_PF_PMC;ed. 1097;20;
BRASINDICE;1100;medicamento;0000085617;05;427-26532-FLUY;BLAU FARM.;NOXX;40 mg sol. inj. SC/IV cx. 2 ser. preenc. vd. trans. x 0,4 ml + sist. de seguranca;ENOXAPARINA SÓDICA;7896014671809;1163701750261;90540425;504422050069707;N;N;2;128.2;176.71;64.1;88.36;;BRAS_PF_PMC;ed. 1097;20;
BRASINDICE;1100;medicamento;0000085618;05;427-26532-FLUZ;BLAU FARM.;NOXX;60 mg sol. inj. SC/IV cx. 2 ser. preenc. vd. trans. x 0,6 ml + sist. de seguranca;ENOXAPARINA SÓDICA;7896014671632;1163701750308;90540441;504422050069907;N;N;2;192.33;265.11;96.16;132.56;;BRAS_PF_PMC;ed. 1097;20;
BRASINDICE;1100;medicamento;0000085619;05;427-26532-FLVA;BLAU FARM.;NOXX;80 mg sol. inj. SC/IV cx. 2 ser. preenc. vd. trans. x 0,8 ml + sist. de seguranca;ENOXAPARINA SÓDICA;7896014671670;1163701750340;90540468;504422050070107;N;N;2;256.43;353.46;128.22;176.73;;BRAS_PF_PMC;ed. 1097;20;
BRASINDICE;1100;medicamento;0000085620;05;427-26532-FLVB;BLAU FARM.;NOXX;100 mg sol. inj. SC/IV cx. 2 ser. preenc. vd. trans. x 1,0 ml + sist. de seguranca;ENOXAPARINA SÓDICA;7896014671724;1163701750383;90540492;504422050070407;N;N;2;320.55;441.84;160.28;220.92;;BRAS_PF_PMC;ed. 1097;20;
BRASINDICE;1100;medicamento;0000061752;05;952-21527-DVWZ;AMGEN;NPLATE;250 mcg po liof. inj. ct. FA vd. inc. trans.;ROMIPLOSTIM;7898609960046;1024400030015;90331788;544115070000517;N;N;1;2608.72;3499.5;2608.72;3499.5;;BRAS_PF_PMC;ed. 1092;20;
BRASINDICE;1094;medicamento;0000087132;05;473-26786-FNHR;NEO QUIMICA;NQ MELATONINA;Maracuja fr. x 90 cprs. orodisp.;;7896714290553;;;;N;;90;73.25;0;0.81;0;;BRAS_PF_PMC;ed. 1091;20;
BRASINDICE;1094;medicamento;0000087133;05;473-26786-FNHS;NEO QUIMICA;NQ MELATONINA;Maracuja sol. oral ct. fr. 30 ml;;7896714292847;;;;N;;1;76.95;0;76.95;0;;BRAS_PF_PMC;ed. 1091;20;
BRASINDICE;1094;medicamento;0000087134;05;473-26786-FNHT;NEO QUIMICA;NQ MELATONINA;Maracuja fr. x 150 cprs. orodisp.;;7896714292830;;;;N;;150;93.24;0;0.62;0;;BRAS_PF_PMC;ed. 1066;20;
BRASINDICE;1100;medicamento;0000087511;05;473-26954-FNTA;NEO QUIMICA;NQ VITAMINA D3;7.000 UI x 4 caps. mole;COLECALCIFEROL;7896714292649;1558406430224;90558936;504623010090803;N;N;4;14.29;19.17;3.57;4.79;;BRAS_PF_PMC;ed. 1091;20;
BRASINDICE;1100;medicamento;0000087512;05;473-26954-FNTB;NEO QUIMICA;NQ VITAMINA D3;7.000 UI x 10 caps. mole;COLECALCIFEROL;7896714292656;1558406430232;90558944;504623010090903;N;N;10;28.02;37.59;2.8;3.76;;BRAS_PF_PMC;ed. 1091;20;
BRASINDICE;1100;medicamento;0000087513;05;473-26954-FNTC;NEO QUIMICA;NQ VITAMINA D3;7.000 UI x 30 caps. mole;COLECALCIFEROL;7896714292663;1558406430240;90558952;504623010091003;N;N;30;56.61;75.94;1.89;2.53;;BRAS_PF_PMC;ed. 1091;20;
BRASINDICE;1100;medicamento;0000087514;05;473-26954-FNTD;NEO QUIMICA;NQ VITAMINA D3;10.000 UI x 4 caps. mole;COLECALCIFEROL;7896714292670;1558406430259;90558960;504623010091103;N;N;4;27.12;36.38;6.78;9.1;;BRAS_PF_PMC;ed. 1091;20;
BRASINDICE;1100;medicamento;0000087515;05;473-26954-FNTE;NEO QUIMICA;NQ VITAMINA D3;50.000 UI x 4 caps. mole;COLECALCIFEROL;7896714292687;1558406430283;90558979;504623010091003;N;N;4;63.82;85.61;15.96;21.4;;BRAS_PF_PMC;ed. 1091;20;
BRASINDICE;1100;medicamento;0000087516;05;473-26954-FNTF;NEO QUIMICA;NQ VITAMINA D3;50.000 UI x 8 caps. mole;COLECALCIFEROL;7896714292694;1558406430372;90558987;504623010091203;N;N;8;103.18;138.41;12.9;17.3;;BRAS_PF_PMC;ed. 1091;20;
BRASINDICE;1100;medicamento;0000089704;05;473-26954-FQUP;NEO QUIMICA;NQ VITAMINA D3;5.000 UI x 30 caps. mole;COLECALCIFEROL;7896714295497;1558406430216;90577256;504624020096903;N;N;30;58.6;78.61;1.95;2.62;;BRAS_PF_PMC;ed. 1091;20;
BRASINDICE;1100;medicamento;0000092239;05;072-28103-FTUH;EUROFARMA;NUANCE;(1,0 + 2,0) mg ct. bl. al. plas. PVC/PCTFE trans. x 28 cprs. rev.;"ESTRADIOL HEMI-HIDRATADO;DROSPIRENONA";7891317010928;1004313380031;90603109;508025020189303;N;N;28;62.61;86.3;2.24;3.08;;BRAS_PF_PMC;ed. 1094;20;
BRASINDICE;1100;medicamento;0000072971;05;348-03911-EVOQ;CRISTALIA;NUBAIN (Restrito Hosp.);10 mg/ml. sol. inj. 25 amps. x 1 ml;CLORIDRATO DE NALBUFINA;7896676431230;1029802840071;90376145;506717040068403;N;S;25;599.67;0;23.99;0;;BRAS_PF_PMC;ed. 1094;20;
BRASINDICE;1100;medicamento;0000080273;05;029-26920-FFGQ;BAYER;NUBEQA (CONVENIO 132/21);300 mg. ct. fr. plas. pead. opc x 120 cprs. rev.;DAROLUTAMIDA;7891106913881;1705601200013;90470192;538920050030507;N;N;120;15077.76;20226.28;125.65;168.55;;BRAS_PF_PMC;ed. 1098;20;
BRASINDICE;1100;medicamento;0000081958;05;562-23938-FHLT;GLAXOSMITHKLINE;NUCALA;100 mg/ml sol. inj. ct. car. vd. trans. + can. aplic. + agu.;MEPOLIZUMABE;7896015592004;1010703350032;90499484;510620110056207;N;N;1;10203.83;13688.07;10203.83;13688.07;;BRAS_PF_PMC;ed. 1094;20;
BRASINDICE;1100;medicamento;0000088137;05;562-23938-FOOL;GLAXOSMITHKLINE;NUCALA;40 mg/0,4 ml sol. inj. ct. ser. preenc. vd. trans. + adapt. + agu.;MEPOLIZUMABE;7896015593247;1010703350040;90550935;510623030059803;N;N;1;3799.72;5097.19;3799.72;5097.19;;BRAS_PF_PMC;ed. 1094;20;
BRASINDICE;1100;medicamento;0000094959;05;100-28731-FXAS;GEOLAB;NUFIG MET;127,27 mg + 100 mg ct. c/ 30 cprs. rev.;"RACEMETIONINA;SILYBUM MARIANUM (L.) GAERTN";7899095205635;1542303580022;90620933;510425120196207;N;N;30;52.45;70.36;1.75;2.35;;BRAS_PF_PMC;ed. 1094;20;
BRASINDICE;1100;medicamento;0000080636;05;438-25447-DRPM;BIOLAB SANUS;NUIT FLASH;5 mg. 30 cprs.;HEMITARTARATO DE ZOLPIDEM;7896112402442;1097402900012;90472853;504120050068507;N;N;30;42.25;58.23;1.41;1.94;;BRAS_PF_PMC;ed. 1091;20;
BRASINDICE;1100;medicamento;0000090730;05;438-25447-FRZF;BIOLAB SANUS;NUIT FLASH;5 mg cx. 60 cprs.;HEMITARTARATO DE ZOLPIDEM;7896112408987;1097402900081;90590899;504124080089103;N;N;60;67.24;92.96;1.12;1.55;;BRAS_PF_PMC;ed. 1067;20;
BRASINDICE;1094;medicamento;0000002696;05;088-27140-ABUU;MANTECORP FARMASA;NUJOL (NOTIF.SIMPLIF.);1 x 120 ml.;;7891142108722;;;;N;;1;72.51;0;72.51;0;;BRAS_PF_PMC;ed. 1066;20;
BRASINDICE;1094;medicamento;0000002697;05;088-27140-AJQV;MANTECORP FARMASA;NUJOL (NOTIF.SIMPLIF.);1 x 200 ml.;;7891142108715;;;;N;;1;95.77;0;95.77;0;;BRAS_PF_PMC;ed. 1066;20;
BRASINDICE;1100;medicamento;0000082890;05;413-26045-FIPC;BAXTER;NUMETA NEO (Restrito Hosp.);Numeta G13  300 ml - (AYDB9601);"FENILALANINA;TRIPTOFANO;HISTIDINA;ACETATO DE POTÁSSIO;TREONINA;TIROSINA;GLICEROFOSFATO DE SÓDIO;ISOLEUCINA;LEVOMETIONINA;ÓLEO DE OLIVA;ÁCIDO ASPÁRTICO;ÓLEO DE SOJA;CISTEÍNA;LISINA;PROLINA;CLORETO DE CÁLCIO DIIDRATADO;LEVOVALINA;SERINA;ÁCIDO GLUTÂMICO;GLICOSE MONOIDRATADA;ACETATO DE MAGNÉSIO TETRAIDRATADO;CLORIDRATO DE ORNITINA;LEUCINA;GLICINA;TAURINA;ALANINA;ARGININA";7898473026367;1068301850016;90497112;503220120031507;N;S;1;429.36;0;429.36;0;;BRAS_PF_PMC;ed. 1070;20;
BRASINDICE;1100;medicamento;0000083455;05;930-26177-FJHH;RECKITT BENCKISER;NUROMOL;(200,0 + 500,0) mg ct. bl. al. plas. PVC/PVDC opc. x 12 cprs. rev.;"IBUPROFENO;PARACETAMOL";7891035001109;1739000100027;90507371;540121020005107;N;N;12;24.3;32.59;2.02;2.72;;BRAS_PF_PMC;ed. 1066;20;
BRASINDICE;1100;medicamento;0000083456;05;930-26177-FJHI;RECKITT BENCKISER;NUROMOL;(200,0 + 500,0) mg ct. bl. al. plas. PVC/PVDC opc. x 6 cprs. rev.;"IBUPROFENO;PARACETAMOL";7891035001116;1739000100019;90507363;540121020005207;N;N;6;13.18;17.67;2.2;2.94;;BRAS_PF_PMC;ed. 1066;20;
BRASINDICE;1100;medicamento;0000089980;05;930-26177-FRCF;RECKITT BENCKISER;NUROMOL;(200,0 + 500,0) mg. ct. bl. al. plas. pvc/pvdc opc. x 24 cprs. rev.;"IBUPROFENO;PARACETAMOL";7896016809002;1739000100035;90578597;540124020005607;N;N;24;51.02;68.01;2.13;2.83;;BRAS_PF_PMC;ed. 1040;20;
BRASINDICE;1100;medicamento;0000090604;05;360-27729-FRVB;ADIUM;NUSIRA;(25+25) mg. ct. bl. al. plas. pvc/pctfe trans. x 20 cprs. rev.;"CLORIDRATO DE TRAMADOL;DICLOFENACO SÓDICO";7892953209394;1221401320023;90584848;534224050034304;N;N;20;73.75;98.93;3.69;4.95;;BRAS_PF_PMC;ed. 1091;20;
BRASINDICE;1100;medicamento;0000090605;05;360-27729-FRVC;ADIUM;NUSIRA;(25+25) mg. ct. bl. al. plas. pvc/pctfe trans. x 30 cprs. rev.;"CLORIDRATO DE TRAMADOL;DICLOFENACO SÓDICO";7892953209400;1221401320031;90584856;534224050034404;N;N;30;105.18;141.1;3.51;4.7;;BRAS_PF_PMC;ed. 1091;20;
BRASINDICE;1100;medicamento;0000090606;05;360-27729-FRVD;ADIUM;NUSIRA;(50+50) mg. ct. bl. al. plas. pvc/pctfe trans. x 20 cprs. rev.;"CLORIDRATO DE TRAMADOL;DICLOFENACO SÓDICO";7892953209431;1221401320066;90584880;534224050034704;N;N;20;147.47;197.83;7.37;9.89;;BRAS_PF_PMC;ed. 1091;20;
BRASINDICE;1100;medicamento;0000090607;05;360-27729-FRVE;ADIUM;NUSIRA;(50+50) mg. ct. bl. al. plas. pvc/pctfe trans. x 30 cprs. rev.;"CLORIDRATO DE TRAMADOL;DICLOFENACO SÓDICO";7892953209448;1221401320074;90584899;534224050034804;N;N;30;210.36;282.19;7.01;9.41;;BRAS_PF_PMC;ed. 1091;20;
BRASINDICE;1100;medicamento;0000093431;05;753-28399-FVPS;DAIICHI SANKYO;NUSTENDI;(180 + 10) mg ct. bl. al. plas. PVC/PCTFE trans. x 30 cprs. rev.;"ÁCIDO BEMPEDOICO;EZETIMIBA";7897411600034;1045401950021;90609875;530425060020002;N;N;30;172.8;231.8;5.76;7.73;;BRAS_PF_PMC;ed. 1094;20;
BRASINDICE;1100;medicamento;0000093432;05;753-28399-FVPT;DAIICHI SANKYO;NUSTENDI;(180 + 10) mg ct. bl. al. plas. PVC/PCTFE trans x 7 cprs. rev.;"ÁCIDO BEMPEDOICO;EZETIMIBA";7897411600041;1045401950013;90609867;530425060020102;N;N;7;40.31;54.07;5.76;7.72;;BRAS_PF_PMC;ed. 1094;20;
BRASINDICE;1100;medicamento;0000016992;05;387-13807-BXPB;FARMOQUIMICA;NUTRICAL D;500 mg. + 2 mg. fr. 60 cprs. rev.;;7898040321376;;90074335;;N;;60;84.62;113.52;1.41;1.89;;BRAS_PF_PMC;ed. 1092;20;
BRASINDICE;1094;medicamento;0000092131;05;1067-28070-ATMO;INZYME BIONUTRITION;NUTRICCI B12;Gotas 20 ml;;0070341464359;;;;N;;1;84;0;84;0;;BRAS_PF_PMC;ed. 1066;20;
BRASINDICE;1094;medicamento;0000092132;05;1067-28071-ATMO;INZYME BIONUTRITION;NUTRICCI D3 + K2;Gotas 20 ml;;0070341464366;;;;N;;1;95;0;95;0;;BRAS_PF_PMC;ed. 1066;20;
BRASINDICE;1094;medicamento;0000073228;05;1006-17871-EVXM;EXELTIS;NUTRINFAN;Fr. vd. amb. x 120 ml. c/ser. ou got.;;7898956544081;;;;N;;1;44.5;0;44.5;0;;BRAS_PF_PMC;ed. 1066;20;
BRASINDICE;1094;medicamento;0000073232;05;1006-23973-EVXP;EXELTIS;NUTRINFAN GOTAS;Fr. vd. amb. x 20 ml. c/got.;;7898956544098;;;;N;;1;29;0;29;0;;BRAS_PF_PMC;ed. 1066;20;
BRASINDICE;1094;medicamento;0000087782;05;595-27071-EYCC;LEBON;NUTRIVISC;Seringa c/2 ml (21 mg/ml);;7898902180844;80256510019;;;N;;1;2788.43;0;2788.43;0;;BRAS_PF_PMC;ed. 1083;20;
BRASINDICE;1094;medicamento;0000087783;05;595-27071-EYCD;LEBON;NUTRIVISC;Seringa c/5 ml (21 mg/ml);;7898902180882;80256510019;;;N;;1;5040;0;5040;0;;BRAS_PF_PMC;ed. 1083;20;
BRASINDICE;1100;medicamento;0000084035;05;095-11489-FFCE;ORGANON;NUVARING;11,7 mg/2,7 mg. anel vag. ct. env. al./plas. x 1 + 1 aplic. plas. opc.;"ETONOGESTREL;ETINILESTRADIOL";7897337716567;1002902130015;90537955;525522070024617;N;N;1;88.67;122.22;88.67;122.22;;BRAS_PF_PMC;ed. 1095;20;
BRASINDICE;1100;medicamento;0000083288;05;729-26131-FJBH;TEVA;NUVIGIL;150 mg. ct. fr. plast. pead opc x 30 cprs.;ARMODAFINILA;7898587900980;1557300530014;90504550;537521030009907;N;N;30;230.55;309.28;7.68;10.31;;BRAS_PF_PMC;ed. 1067;20;
BRASINDICE;1100;medicamento;0000083445;05;729-26131-FJHA;TEVA;NUVIGIL;250 mg. ct. fr. plast. pead opc. x 30 cprs.;ARMODAFINILA;7898587900997;1557300530022;90504569;537521030009807;N;N;30;384.21;515.4;12.81;17.18;;BRAS_PF_PMC;ed. 1067;20;
BRASINDICE;1100;medicamento;0000086822;05;072-26715-FMXO;EUROFARMA;NUVYOR;5 mg ct. bl. al. plas. PVC/PCTFE trans. x 21 caps. dura;LENALIDOMIDA;7891317020262;1004314420035;90542762;508022090167504;N;N;21;22417.43;30072.18;1067.5;1432.01;;BRAS_PF_PMC;ed. 1091;20;
BRASINDICE;1100;medicamento;0000086823;05;072-26715-FMXP;EUROFARMA;NUVYOR;10 mg ct. bl. al. plas. PVC/PCTFE trans. x 21 caps. dura;LENALIDOMIDA;7891317020279;1004314420061;90542770;508022090167604;N;N;21;23204.1;31127.47;1104.96;1482.26;;BRAS_PF_PMC;ed. 1091;20;
BRASINDICE;1100;medicamento;0000086824;05;072-26715-FMXQ;EUROFARMA;NUVYOR;10 mg ct. bl. al. plas. PVC/PCTFE trans. x 28 caps. dura;LENALIDOMIDA;7891317020309;1004314420078;90542789;508022090167704;N;N;28;30038.31;40295.32;1072.8;1439.12;;BRAS_PF_PMC;ed. 1091;20;
BRASINDICE;1100;medicamento;0000086825;05;072-26715-FMXR;EUROFARMA;NUVYOR;15 mg ct. bl. al. plas. PVC/PCTFE trans. x 21 caps. dura;LENALIDOMIDA;7891317020286;1004314420108;90542797;508022090167804;N;N;21;24664.56;33086.63;1174.5;1575.55;;BRAS_PF_PMC;ed. 1091;20;
BRASINDICE;1100;medicamento;0000086826;05;072-26715-FMXS;EUROFARMA;NUVYOR;15 mg ct. bl. al. plas. PVC/PCTFE trans. x 28 caps. dura;LENALIDOMIDA;7891317020316;1004314420116;90542800;508022090167904;N;N;28;31684.22;42503.25;1131.58;1517.97;;BRAS_PF_PMC;ed. 1091;20;
BRASINDICE;1100;medicamento;0000086827;05;072-26715-FMXT;EUROFARMA;NUVYOR;25 mg ct. bl. al. plas. PVC/PCTFE trans. x 14 caps. dura;LENALIDOMIDA;7891317020323;1004314420132;90542819;508022090168004;N;N;14;18242.68;24471.91;1303.05;1747.99;;BRAS_PF_PMC;ed. 1091;20;
BRASINDICE;1100;medicamento;0000086828;05;072-26715-FMXU;EUROFARMA;NUVYOR;25 mg ct. bl. al. plas. PVC/PCTFE trans. x 21 caps. dura;LENALIDOMIDA;7891317020293;1004314420140;90542827;508022090168104;N;N;21;27271.42;36583.64;1298.64;1742.08;;BRAS_PF_PMC;ed. 1091;20;
BRASINDICE;1100;medicamento;0000088053;05;531-27159-FOLA;OCTAPHARMA;NUWIQ (Restrito Hosp.);250 UI po liof. sol. inj. IV FA vd. trans. + dil. ser. preen. vd. trans. x 2,5 ml + 1 conj. infus.;ALFASIMOCTOCOGUE;7898961181301;1397100150011;90387430;535317040002308;N;S;1;944.04;0;944.04;0;;BRAS_PF_PMC;ed. 1094;20;
BRASINDICE;1100;medicamento;0000088054;05;531-27159-FOLB;OCTAPHARMA;NUWIQ (Restrito Hosp.);500 UI po liof. sol. inj. IV FA vd. trans. + dil. ser. preen. vd trans. x 2,5 ml + 1 conj. infus.;ALFASIMOCTOCOGUE;7898961181318;1397100150028;90387449;535317040002408;N;S;1;1820.49;0;1820.49;0;;BRAS_PF_PMC;ed. 1094;20;
BRASINDICE;1100;medicamento;0000088055;05;531-27159-FOLC;OCTAPHARMA;NUWIQ (Restrito Hosp.);1000 UI po liof. sol. inj. IV FA vd. trans. + dil. ser. preen. vd. trans. x 2,5 ml + 1 conj. infus.;ALFASIMOCTOCOGUE;7898961181325;1397100150036;90387457;535317040002508;N;S;1;3696.25;0;3696.25;0;;BRAS_PF_PMC;ed. 1094;20;
BRASINDICE;1100;medicamento;0000088056;05;531-27159-FOLD;OCTAPHARMA;NUWIQ (Restrito Hosp.);2000 UI po liof. sol. inj. IV FA vd. trans. + dil. ser. preenc. vd. trans. x 2,5 ml + 1 conj. infus.;ALFASIMOCTOCOGUE;7898961181332;1397100150044;90387465;535317040002608;N;S;1;7412.54;0;7412.54;0;;BRAS_PF_PMC;ed. 1094;20;
BRASINDICE;1094;medicamento;0000054389;05;918-21364-DUNP;HEEL DO BRASIL;NUX VOMICA-HOMACCORD;Sol. inj. cart. 10 amps. x 1,1 ml;;7898908753288;1619800030022;;;N;;10;158.8;0;15.88;0;;BRAS_PF_PMC;ed. 1090;20;
BRASINDICE;1094;medicamento;0000054390;05;918-21364-DUNQ;HEEL DO BRASIL;NUX VOMICA-HOMACCORD;Gts. fr. 30 ml (20 gts./ml);;7898908753035;1619800030014;;;N;;1;90.42;0;90.42;0;;BRAS_PF_PMC;ed. 1090;20;
BRASINDICE;1100;medicamento;0000081424;05;517-25639-ETML;PRATI DONADUZZI;NYPRAM;20 mg 30 caps.;BROMIDRATO DE CITALOPRAM;7899547529845;1256803030138;90465466;528520050171907;N;N;30;44.6;61.48;1.49;2.05;;BRAS_PF_PMC;ed. 1098;20;
BRASINDICE;1100;medicamento;0000081425;05;517-25639-FGVM;PRATI DONADUZZI;NYPRAM;20 mg 15 caps.;BROMIDRATO DE CITALOPRAM;7899547529821;1256803030111;90493508;528520120178007;N;N;15;18.01;24.82;1.2;1.65;;BRAS_PF_PMC;ed. 1098;20;
BRASINDICE;1100;medicamento;0000086808;05;373-26712-FMXG;DIFFUCAP - CHEMOBRAS;NYTEB;5 mg. cx. 7 cprs.;CLORIDRATO DE NEBIVOLOL;7898096578441;1043000450013;90539486;507322060007704;N;N;7;11.25;15.09;1.61;2.16;;BRAS_PF_PMC;ed. 1071;20;
BRASINDICE;1100;medicamento;0000086809;05;373-26712-ACPT;DIFFUCAP - CHEMOBRAS;NYTEB;5 mg. cx. 30 cprs.;CLORIDRATO DE NEBIVOLOL;7898096578458;1043000450048;90539494;507322060007804;N;N;30;49.14;65.92;1.64;2.2;;BRAS_PF_PMC;ed. 1071;20;
BRASINDICE;1100;medicamento;0000086810;05;373-26712-AYZA;DIFFUCAP - CHEMOBRAS;NYTEB;5 mg. cx. 60 cprs.;CLORIDRATO DE NEBIVOLOL;7898096578465;1043000450072;90539508;507322060007604;N;N;60;94.75;127.1;1.58;2.12;;BRAS_PF_PMC;ed. 1071;20;
