fonte;edicao;tipo_item;codigo_fonte;tabela_fonte;chave_fonte;laboratorio;produto;apresentacao;principio_ativo;ean;registro_anvisa;codigo_tuss;ggrem;generico;restrito_hospitalar;qtd_embalagem;pf_total;pmc_total;pf_unit;pmc_unit;preco_ref;tipo_preco;vigencia;tabela87_sugerida;precos_extra
BRASINDICE;1100;medicamento;0000083626;05;352-26213-FJNB;NOVARTIS;TABRECTA;150 mg ct. bl. al. plas. PVC/PCTFE trans. x 120 cprs. rev.;DICLORIDRATO DE CAPMATINIBE MONOIDRATADO;7896261022157;1006811780011;90518357;526521080099201;N;N;120;56865.12;76282.53;473.88;635.69;;BRAS_PF_PMC;ed. 1090;20;
BRASINDICE;1100;medicamento;0000083627;05;352-26213-FJNC;NOVARTIS;TABRECTA;200 mg ct. bl. al. plas. PVC/PCTFE trans. x 120 cprs. rev.;DICLORIDRATO DE CAPMATINIBE MONOIDRATADO;7896261022164;1006811780028;90518365;526521080099301;N;N;120;56865.12;76282.53;473.88;635.69;;BRAS_PF_PMC;ed. 1090;20;
BRASINDICE;1100;medicamento;0000083341;05;348-26142-FJDD;CRISTALIA;TACE (Restrito Hosp.) (CONVENIO 162/94);20 mg/ml sol. dil. infus. IV cx. FA vd. trans. x 4 ml;DOCETAXEL;7896676436976;1029805530014;90513495;506721060092304;N;S;1;4984.13;0;4984.13;0;;BRAS_PF_PMC;ed. 1094;20;
BRASINDICE;1100;medicamento;0000078629;05;062-25065-CMUA;EMS;TACFEN (CONVENIO 162/94);20 mg. 30 cprs. rev.;CITRATO DE TAMOXIFENO;7896004755250;1023512700091;90420551;541819010099803;N;N;30;170.78;235.4;5.69;7.85;;BRAS_PF_PMC;ed. 1092;20;
BRASINDICE;1100;medicamento;0000046711;05;062-28562-AVEO;EMS;TACROLIL (Restrito Hosp.);1 mg. 10 bl. x 10 caps.;TACROLIMO MONOIDRATADO;7896004732718;1023510300116;90221567;507745701115417;N;S;100;1398.36;0;13.98;0;;BRAS_PF_PMC;ed. 1079;20;
BRASINDICE;1100;medicamento;0000094004;05;1044-28566-FHKJ;CAMBER;TACROLIMO MONOIDRATADO - GENERICO;5 mg ct. bl. al. x 50 caps. dura;TACROLIMO MONOIDRATADO;7908101200790;1650700180011;90537661;569922050005506;S;N;50;2226.63;3078.19;44.53;61.56;;BRAS_PF_PMC;ed. 1079;20;
BRASINDICE;1100;medicamento;0000094005;05;1044-28566-FHKK;CAMBER;TACROLIMO MONOIDRATADO - GENERICO;1 mg ct. bl. al. x 50 caps. dura;TACROLIMO MONOIDRATADO;7908101200783;1650700180028;90537670;569922050005606;S;N;50;455.81;628.29;9.12;12.57;;BRAS_PF_PMC;ed. 1099;20;
BRASINDICE;1100;medicamento;0000077603;05;674-24895-FOOO;GLENMARK;TACROZ;0,3 mg/g pom. derm. bisn. 10 g;TACROLIMO;7897473205963;1101302750010;90426002;521919010020504;N;N;1;61.52;84.8;61.52;84.8;;BRAS_PF_PMC;ed. 1095;20;
BRASINDICE;1100;medicamento;0000077604;05;674-24895-FOOP;GLENMARK;TACROZ;1,0 mg/g pom. derm. bisn. al. plas. 10 g;TACROLIMO;7897473206427;1101302750029;90426029;521919040020703;N;N;1;66.3;91.39;66.3;91.39;;BRAS_PF_PMC;ed. 1095;20;
BRASINDICE;1100;medicamento;0000062867;05;072-22552-EGCP;EUROFARMA;TADA;20 mg. ct. bl. al. x 2 cprs.;TADALAFILA;7891317129859;1004311120022;90303679;508015050107303;N;N;2;53.31;73.48;26.66;36.74;;BRAS_PF_PMC;ed. 1094;20;
BRASINDICE;1100;medicamento;0000062869;05;072-22552-EGCQ;EUROFARMA;TADA;5 mg. ct. bl. al. x 30 cprs.;TADALAFILA;7891317129781;1004311120146;90303687;508015050107403;N;N;30;189.29;260.92;6.31;8.7;;BRAS_PF_PMC;ed. 1094;20;
BRASINDICE;1100;medicamento;0000060118;05;072-21999-BHKB;EUROFARMA;TADALAFILA - GENERICO;5 mg. bl. 30 cprs.;TADALAFILA;7891317127725;1004311030066;90303628;508015020106804;S;N;30;307.54;423.91;10.25;14.13;;BRAS_PF_PMC;ed. 1094;20;
BRASINDICE;1100;medicamento;0000060434;05;1048-21999-ECXZ;SANOFI MEDLEY;TADALAFILA - GENERICO;20 mg. x 1 cpr. rev.;TADALAFILA;7896422501668;1832602360018;90369408;525014110106206;S;N;1;19.2;26.47;19.2;26.47;;BRAS_PF_PMC;ed. 1099;20;
BRASINDICE;1100;medicamento;0000060435;05;1048-21999-ECYA;SANOFI MEDLEY;TADALAFILA - GENERICO;20 mg. x 2 cprs. rev.;TADALAFILA;7896422501675;1832602360026;90369432;525014110106306;S;N;2;24.64;33.96;12.32;16.98;;BRAS_PF_PMC;ed. 1099;20;
BRASINDICE;1100;medicamento;0000060436;05;1048-21999-ECYB;SANOFI MEDLEY;TADALAFILA - GENERICO;20 mg. x 4 cprs. rev.;TADALAFILA;7896422501682;1832602360034;90369467;525014110106406;S;N;4;49.14;67.73;12.28;16.93;;BRAS_PF_PMC;ed. 1099;20;
BRASINDICE;1100;medicamento;0000060437;05;1048-21999-CYNC;SANOFI MEDLEY;TADALAFILA - GENERICO;5 mg. x 30 cprs. rev.;TADALAFILA;7896422501651;1832602020055;90369629;525014110106106;S;N;30;75.41;103.94;2.51;3.46;;BRAS_PF_PMC;ed. 1099;20;
BRASINDICE;1100;medicamento;0000060839;05;517-21999-EDMG;PRATI DONADUZZI;TADALAFILA - GENERICO;20 mg. ct. bl. al. plas. trans. pvc. x 2 cprs. rev.;TADALAFILA;7899547513202;1256802480024;90321561;528515070128006;S;N;2;17.36;23.93;8.68;11.96;;BRAS_PF_PMC;ed. 1098;20;
BRASINDICE;1100;medicamento;0000062877;05;072-21999-EGCX;EUROFARMA;TADALAFILA - GENERICO;20 mg. bl. 4 cprs.;TADALAFILA;7891317127800;1004311030104;90336259;508015120110006;S;N;4;164;226.06;41;56.52;;BRAS_PF_PMC;ed. 1094;20;
BRASINDICE;1100;medicamento;0000063574;05;517-21999-EJBY;PRATI DONADUZZI;TADALAFILA - GENERICO;20 mg. ct. bl. al. plas. trans. pvc x 4 cprs. rev.;TADALAFILA;7899547513219;1256802480032;90321570;528515070128106;S;N;4;22.85;31.5;5.71;7.88;;BRAS_PF_PMC;ed. 1098;20;
BRASINDICE;1100;medicamento;0000063651;05;473-21999-EJDV;NEO QUIMICA;TADALAFILA - GENERICO;5 mg. ct. bl. al. plas. trans. x 28 cprs. rev.;TADALAFILA;7896714255941;1558404840018;90334540;504616040037806;S;N;28;76.61;105.6;2.74;3.77;;BRAS_PF_PMC;ed. 1091;20;
BRASINDICE;1100;medicamento;0000063652;05;473-21999-EJDW;NEO QUIMICA;TADALAFILA - GENERICO;20 mg. ct. bl. al. plas. trans. x 4 cprs. rev.;TADALAFILA;7896714255903;1558404840050;90334574;504616040038106;S;N;4;30.46;41.99;7.62;10.5;;BRAS_PF_PMC;ed. 1091;20;
BRASINDICE;1100;medicamento;0000063653;05;473-21999-EJDX;NEO QUIMICA;TADALAFILA - GENERICO;20 mg. ct. bl. al. plas. trans. x 1 cpr. rev.;TADALAFILA;7896714255934;1558404840034;90334558;504616040037906;S;N;1;17.65;24.33;17.65;24.33;;BRAS_PF_PMC;ed. 1091;20;
BRASINDICE;1100;medicamento;0000063654;05;473-21999-EJDY;NEO QUIMICA;TADALAFILA - GENERICO;20 mg. ct. bl. al. plas. trans. x 2 cprs. rev.;TADALAFILA;7896714255897;1558404840042;90334566;504616040038006;S;N;2;24.33;33.54;12.16;16.77;;BRAS_PF_PMC;ed. 1091;20;
BRASINDICE;1100;medicamento;0000063994;05;062-21999-BTTN;EMS;TADALAFILA - GENERICO;5 mg. 2 bl. x 15 cprs. rev.;TADALAFILA;7896004749624;1023511340049;90345053;541816040014806;S;N;30;85.45;118.13;2.85;3.94;;BRAS_PF_PMC;ed. 1068;20;
BRASINDICE;1100;medicamento;0000063995;05;062-21999-BTIZ;EMS;TADALAFILA - GENERICO;20 mg. 2 cprs. rev.;TADALAFILA;7896004749631;1023511340081;90345070;541816040015006;S;N;2;37.48;51.81;18.74;25.9;;BRAS_PF_PMC;ed. 1079;20;
BRASINDICE;1100;medicamento;0000063996;05;062-21999-BNNX;EMS;TADALAFILA - GENERICO;20 mg. 4 cprs. rev.;TADALAFILA;7896004749648;1023511340091;90345088;541816040015106;S;N;4;30.58;42.28;7.64;10.57;;BRAS_PF_PMC;ed. 1068;20;
BRASINDICE;1100;medicamento;0000063997;05;062-21999-EJPP;EMS;TADALAFILA - GENERICO;20 mg. 1 cpr. rev.;TADALAFILA;7896004749655;1023511340073;90345061;541816040014906;S;N;1;24.86;34.37;24.86;34.37;;BRAS_PF_PMC;ed. 1079;20;
BRASINDICE;1100;medicamento;0000064713;05;517-21999-EKRS;PRATI DONADUZZI;TADALAFILA - GENERICO;20 mg. com. rev. ct. bl. al. plas. trans. pvc x 60 (emb. frac.);TADALAFILA;7899547513240;1256802480067;90321588;528515070128206;S;N;60;290.3;400.15;4.84;6.67;;BRAS_PF_PMC;ed. 1098;20;
BRASINDICE;1100;medicamento;0000067132;05;632-21999-BTTN;GEN - LEGRAND;TADALAFILA - GENERICO;5 mg. 2 bl. x 15 cprs. rev.;TADALAFILA;7894916149662;1677304080049;90369610;538816090052506;S;N;30;92.96;128.14;3.1;4.27;;BRAS_PF_PMC;ed. 1092;20;
BRASINDICE;1100;medicamento;0000067133;05;632-21999-EJPP;GEN - LEGRAND;TADALAFILA - GENERICO;20 mg. 1 cpr. rev.;TADALAFILA;7894916149679;1677304080073;90369394;538816090052106;S;N;1;24.52;33.9;24.52;33.9;;BRAS_PF_PMC;ed. 1092;20;
BRASINDICE;1100;medicamento;0000067134;05;632-21999-BNNX;GEN - LEGRAND;TADALAFILA - GENERICO;20 mg. 4 cprs. rev.;TADALAFILA;7894916149808;1677304080091;90369459;538816090052306;S;N;4;33.01;45.5;8.25;11.38;;BRAS_PF_PMC;ed. 1092;20;
BRASINDICE;1100;medicamento;0000067135;05;632-21999-BTIZ;GEN - LEGRAND;TADALAFILA - GENERICO;20 mg. 2 cprs. rev.;TADALAFILA;7894916149792;1677304080081;90369424;538816090052206;S;N;2;45.27;62.4;22.64;31.2;;BRAS_PF_PMC;ed. 1092;20;
BRASINDICE;1100;medicamento;0000067136;05;632-21999-CAUV;GEN - LEGRAND;TADALAFILA - GENERICO;20 mg. 8 cprs. rev.;TADALAFILA;7894916149815;1677304080103;90369483;538816090052406;S;N;8;64.31;88.64;8.04;11.08;;BRAS_PF_PMC;ed. 1092;20;
BRASINDICE;1100;medicamento;0000070333;05;583-21999-BTTN;NOVA QUIMICA;TADALAFILA - GENERICO;5 mg. 2 bl. x 15 cprs. rev.;TADALAFILA;7895296240031;1181904220042;90583477;607024030103817;S;N;30;92.96;128.14;3.1;4.27;;BRAS_PF_PMC;ed. 1092;20;
BRASINDICE;1100;medicamento;0000070334;05;583-21999-BTIZ;NOVA QUIMICA;TADALAFILA - GENERICO;20 mg. 2 cprs. rev.;TADALAFILA;7895296240093;1181904220085;90583493;607024030104017;S;N;2;45.27;62.4;22.64;31.2;;BRAS_PF_PMC;ed. 1092;20;
BRASINDICE;1100;medicamento;0000071811;05;100-21999-ANRC;GEOLAB;TADALAFILA - GENERICO;5 mg. cx. 30 cprs. rev.;TADALAFILA;7899095257788;1542302400063;90369602;510416120141706;S;N;30;73.39;101.16;2.45;3.37;;BRAS_PF_PMC;ed. 1094;20;
BRASINDICE;1100;medicamento;0000071813;05;100-21999-EAFY;GEOLAB;TADALAFILA - GENERICO;20 mg. cx. 2 cprs. rev.;TADALAFILA;7899095257825;1542302400098;90369416;510416120142006;S;N;2;17.19;23.69;8.6;11.84;;BRAS_PF_PMC;ed. 1094;20;
BRASINDICE;1100;medicamento;0000071814;05;100-21999-EAFZ;GEOLAB;TADALAFILA - GENERICO;20 mg. cx. 4 cprs. rev.;TADALAFILA;7899095257832;1542302400101;90369440;510416120142106;S;N;4;26.55;36.6;6.64;9.15;;BRAS_PF_PMC;ed. 1094;20;
BRASINDICE;1100;medicamento;0000071895;05;583-21999-BNNX;NOVA QUIMICA;TADALAFILA - GENERICO;20 mg. 4 cprs. rev.;TADALAFILA;7895296240109;1181904220093;90583507;607024030104117;S;N;4;33.01;45.5;8.25;11.38;;BRAS_PF_PMC;ed. 1092;20;
BRASINDICE;1100;medicamento;0000074768;05;591-21999-BTTN;GERMED;TADALAFILA - GENERICO;5 mg. 2 bl. x 15 cprs. rev.;TADALAFILA;7896004749716;1058307880041;90408713;526118060099406;S;N;30;92.96;128.14;3.1;4.27;;BRAS_PF_PMC;ed. 1092;20;
BRASINDICE;1100;medicamento;0000074769;05;591-21999-EXUR;GERMED;TADALAFILA - GENERICO;20 mg. bl. x 2 cprs. rev.;TADALAFILA;7896004749723;1058307880084;90408705;526118060099306;S;N;2;22.73;31.42;11.36;15.71;;BRAS_PF_PMC;ed. 1079;20;
BRASINDICE;1100;medicamento;0000074770;05;591-21999-EXUS;GERMED;TADALAFILA - GENERICO;20 mg. bl. x 4 cprs. rev.;TADALAFILA;7896004749730;1058307880092;90408683;526118060099106;S;N;4;33.01;45.5;8.25;11.38;;BRAS_PF_PMC;ed. 1092;20;
BRASINDICE;1100;medicamento;0000074771;05;591-21999-EXUT;GERMED;TADALAFILA - GENERICO;20 mg. bl. x 1 cpr. rev.;TADALAFILA;7896004749747;1058307880076;90408691;526118060099206;S;N;1;23.46;32.43;23.46;32.43;;BRAS_PF_PMC;ed. 1079;20;
BRASINDICE;1100;medicamento;0000075833;05;517-21999-EZCW;PRATI DONADUZZI;TADALAFILA - GENERICO;20 mg. ct. bl. al. plas. trans. pvc x 8 cprs. rev.;TADALAFILA;7899547513226;1256802480040;90410599;528518060134806;S;N;8;43.03;59.31;5.38;7.41;;BRAS_PF_PMC;ed. 1098;20;
BRASINDICE;1100;medicamento;0000077656;05;048-21999-DAQM;ACHE;TADALAFILA - GENERICO;20 mg. bl. 2 cprs. rev.;TADALAFILA;7896181926221;1057306670037;90451058;552920020112017;S;N;2;24.79;34.17;12.4;17.08;;BRAS_PF_PMC;ed. 1091;20;
BRASINDICE;1100;medicamento;0000077657;05;048-21999-BYBX;ACHE;TADALAFILA - GENERICO;20 mg. bl. 4 cprs. rev.;TADALAFILA;7896181926238;1057306670053;90451066;552920020112117;S;N;4;46.13;63.59;11.53;15.9;;BRAS_PF_PMC;ed. 1091;20;
BRASINDICE;1100;medicamento;0000077658;05;048-21999-BUKW;ACHE;TADALAFILA - GENERICO;5 mg. bl. 30 cprs. rev.;TADALAFILA;7896181929161;1057306670126;90451074;552920020112217;S;N;30;79.92;110.16;2.66;3.67;;BRAS_PF_PMC;ed. 1091;20;
BRASINDICE;1100;medicamento;0000085573;05;927-21999-FLTP;UNICHEM;TADALAFILA - GENERICO;20 mg ct. bl. al. plas. PVC/PVDC trans. x 2 cprs. rev.;TADALAFILA;7898912189936;1564900160024;90503759;538620120004407;S;N;2;27.37;37.84;13.68;18.92;;BRAS_PF_PMC;ed. 1070;20;
BRASINDICE;1100;medicamento;0000085574;05;927-21999-FLTQ;UNICHEM;TADALAFILA - GENERICO;20 mg ct. bl. al. plas. PVC/PVDC trans. x 4 cprs. rev.;TADALAFILA;7898912189943;1564900160032;90503767;538620120004507;S;N;4;50.05;69.19;12.51;17.3;;BRAS_PF_PMC;ed. 1070;20;
BRASINDICE;1100;medicamento;0000090673;05;988-21999-ANRC;PHARLAB;TADALAFILA - GENERICO;5 mg. cx. 30 cprs. rev.;TADALAFILA;7898216365524;1410706430016;90558332;527922110041406;S;N;30;75.24;103.71;2.51;3.46;;BRAS_PF_PMC;ed. 1096;20;
BRASINDICE;1100;medicamento;0000090674;05;988-21999-BBZV;PHARLAB;TADALAFILA - GENERICO;20 mg. cx. 4 cprs. rev.;TADALAFILA;7898216365555;1410706430040;90558340;527922110041506;S;N;4;26.82;36.97;6.7;9.24;;BRAS_PF_PMC;ed. 1096;20;
BRASINDICE;1100;medicamento;0000092199;05;517-21999-FTVM;PRATI DONADUZZI;TADALAFILA - GENERICO;20 mg. cx. 40 cprs. rev.;TADALAFILA;7899547551044;1256802480431;90607457;528525040226806;S;N;40;72.64;100.13;1.82;2.5;;BRAS_PF_PMC;ed. 1098;20;
BRASINDICE;1100;medicamento;0000093529;05;517-21999-BKWB;PRATI DONADUZZI;TADALAFILA - GENERICO;5 mg 30 cprs.;TADALAFILA;7899547538298;1256802480261;90613171;528525080237706;S;N;30;71.63;98.73;2.39;3.29;;BRAS_PF_PMC;ed. 1098;20;
BRASINDICE;1100;medicamento;0000094369;05;517-21999-AKTG;PRATI DONADUZZI;TADALAFILA - GENERICO;5 mg 60 cprs.;TADALAFILA;7899547538304;1256802480271;90613180;528525080237806;S;N;60;80.08;110.38;1.33;1.84;;BRAS_PF_PMC;ed. 1098;20;
BRASINDICE;1100;medicamento;0000073172;05;352-27056-ELSL;NOVARTIS;TAFINLAR (CONVENIO 132/21);50 mg. ct. fr. plast. opc. x 120 caps. dura;MESILATO DE DABRAFENIBE;7896261020733;1006811350023;90384830;526517050088817;N;N;120;29703.13;39845.69;247.53;332.05;;BRAS_PF_PMC;ed. 1090;20;
BRASINDICE;1100;medicamento;0000073174;05;352-27056-ELSN;NOVARTIS;TAFINLAR (CONVENIO 132/21);75 mg. ct. fr. plast. opc. x 120 caps. dura;MESILATO DE DABRAFENIBE;7896261020757;1006811350041;90384849;526517050088917;N;N;120;44554.7;59768.54;371.29;498.07;;BRAS_PF_PMC;ed. 1090;20;
BRASINDICE;1100;medicamento;0000092338;05;748-28165-FUAB;ACCORD;TAGELYNIX (Restrito Hosp.);50 mg po liof. sol. inj. IV ct. FA vd. trans.;TIGECICLINA;7898577814778;1553701320018;90601564;538024120051004;N;S;1;281.25;0;281.25;0;;BRAS_PF_PMC;ed. 1092;20;
BRASINDICE;1100;medicamento;0000092339;05;748-28165-FUAE;ACCORD;TAGELYNIX (Restrito Hosp.);50 mg po liof. sol. inj. IV ct. 10 FA vd. trans.;TIGECICLINA;7898577814785;1553701320026;90601572;538024120051104;N;S;10;2812.53;0;281.25;0;;BRAS_PF_PMC;ed. 1092;20;
BRASINDICE;1100;medicamento;0000070149;05;442-26936-ESTM;ASTRAZENECA;TAGRISSO (CONVENIO 132/21);40 mg. ct. bl. al. x 30 cprs. rev.;MESILATO DE OSIMERTINIBE;5000456011624;1161802540019;90372948;502317030030901;N;N;30;41248.71;55333.68;1374.96;1844.46;;BRAS_PF_PMC;ed. 1092;20;
BRASINDICE;1100;medicamento;0000070150;05;442-26936-ESTN;ASTRAZENECA;TAGRISSO (CONVENIO 132/21);80 mg. ct. bl. al. x 30 cprs. rev.;MESILATO DE OSIMERTINIBE;5000456011617;1161802540027;90372956;502317030031001;N;N;30;41248.71;55333.68;1374.96;1844.46;;BRAS_PF_PMC;ed. 1092;20;
BRASINDICE;1100;medicamento;0000095407;05;917-28823-AKTG;SUPERA RX;TAGUE;5 mg 60 cprs.;CLORIDRATO DE BUSPIRONA;7899420508752;1037203220034;90622162;542626030024304;N;N;60;70.5;97.18;1.18;1.62;;BRAS_PF_PMC;ed. 1096;20;
BRASINDICE;1100;medicamento;0000095408;05;917-28823-AVUM;SUPERA RX;TAGUE;5 mg 20 cprs.;CLORIDRATO DE BUSPIRONA;7899420508769;103720322006;;542626030024204;N;N;20;24.68;34.02;1.23;1.7;;BRAS_PF_PMC;ed. 1094;20;
BRASINDICE;1100;medicamento;0000095409;05;917-28823-FHVG;SUPERA RX;TAGUE;10 mg 60 cprs.;CLORIDRATO DE BUSPIRONA;7899420508790;1037203220107;90622189;542626030024504;N;N;60;126.51;174.38;2.11;2.91;;BRAS_PF_PMC;ed. 1096;20;
BRASINDICE;1100;medicamento;0000095410;05;917-28823-AARR;SUPERA RX;TAGUE;10 mg 20 cprs.;CLORIDRATO DE BUSPIRONA;7899420508806;1037203220093;90622170;542626030024404;N;N;20;44.13;60.82;2.21;3.04;;BRAS_PF_PMC;ed. 1094;20;
BRASINDICE;1100;medicamento;0000082493;05;043-25348-FFNX;TAKEDA PHARMA;TAKHZYRO;150 mg/ml sol. inj. ct. 1 FA vd. inc. x 2 ml + conj. inf.;LANADELUMABE;7896641815874;1063902900017;90507517;501121030038917;N;N;1;51833.1;69532.26;51833.1;69532.26;;BRAS_PF_PMC;ed. 1092;20;
BRASINDICE;1100;medicamento;0000087649;05;043-25348-FNXO;TAKEDA PHARMA;TAKHZYRO;150 mg/ml sol. inj. ct. 1 ser. preench. vd. trans. 2 ml;LANADELUMABE;7896641817809;1063902900025;90553853;501123020040002;N;N;1;51833.1;69532.26;51833.1;69532.26;;BRAS_PF_PMC;ed. 1092;20;
BRASINDICE;1100;medicamento;0000003348;05;362-04696-ANUP;MARJAN;TAKIL;Cr. bisn. 35 g;"TINIDAZOL;TIOCONAZOL";7896226102351;1015501940018;90150244;524802201163418;N;N;1;77.31;103.71;77.31;103.71;;BRAS_PF_PMC;ed. 1082;20;
BRASINDICE;1100;medicamento;0000044047;05;048-04494-DFNW;ACHE;TALERC;20 mg. bl. al/al 10 cprs. rev.;;7896658003073;1057303640056;90005520;500513804112314;N;;10;89.23;119.7;8.92;11.97;;BRAS_PF_PMC;ed. 1066;20;
BRASINDICE;1100;medicamento;0000073768;05;110-24109-EWQP;ELI LILLY;TALTZ;80 mg/ml sol. inj. ct. 1 ser. preench. vd. inc. x 1 ml + 1 can. aplic.;IXEQUIZUMABE;7896382708060;1126001960011;90398750;507618030020801;N;N;1;7094.5;9517.02;7094.5;9517.02;;BRAS_PF_PMC;ed. 1096;20;
BRASINDICE;1100;medicamento;0000090103;05;372-27650-FRFQ;JANSSEN - CILAG;TALVEY (Restrito Hosp.);2 mg/ml sol. inj. SC ct. FA vd. trans. x 1.5 ml;TALQUETAMABE;7896212485376;1123634410017;90583515;514524030040102;N;S;1;2724.34;0;2724.34;0;;BRAS_PF_PMC;ed. 1092;20;
BRASINDICE;1100;medicamento;0000090104;05;372-27650-FRFR;JANSSEN - CILAG;TALVEY (Restrito Hosp.);40 mg/ml sol. inj. SC ct. FA vd. trans. x 1.0 ml;TALQUETAMABE;7896212485383;1123634410025;90583523;514524030040002;N;S;1;36324.38;0;36324.38;0;;BRAS_PF_PMC;ed. 1092;20;
BRASINDICE;1100;medicamento;0000087050;05;1075-26770-FNFD;PFIZER BRASIL;TALZENNA;0.25 mg bl. 30 caps.;TOSILATO DE TALAZOPARIBE;7891045163965;1211004820014;90548132;522722080091002;N;N;30;9002.3;12076.26;300.08;402.54;;BRAS_PF_PMC;ed. 1094;20;
BRASINDICE;1100;medicamento;0000087051;05;1075-26770-FNFE;PFIZER BRASIL;TALZENNA;1 mg bl. 30 caps.;TOSILATO DE TALAZOPARIBE;7891045163972;1211004820022;90548140;522722080090902;N;N;30;31351.64;42057.11;1045.05;1401.9;;BRAS_PF_PMC;ed. 1094;20;
BRASINDICE;1100;medicamento;0000094230;05;1075-26770-FWMN;PFIZER BRASIL;TALZENNA;0,1 mg frasco c/ 30 caps;TOSILATO DE TALAZOPARIBE;7891045165693;1211004820030;90618319;522725100095102;N;N;30;5237.02;7025.28;174.57;234.18;;BRAS_PF_PMC;ed. 1094;20;
BRASINDICE;1100;medicamento;0000080002;05;917-25320-FEXQ;SUPERA RX;TAM;750 mg. bl. 30 cprs. rev. (C1);LEVETIRACETAM;7899420507885;1037202890060;90473523;542620050012707;N;N;30;120.39;161.5;4.01;5.38;;BRAS_PF_PMC;ed. 1091;20;
BRASINDICE;1100;medicamento;0000080003;05;917-25320-FEXR;SUPERA RX;TAM;250 mg. bl. 30 cprs. rev. (C1);LEVETIRACETAM;7899420507861;1037202890028;90473515;542620050012607;N;N;30;40.15;53.86;1.34;1.8;;BRAS_PF_PMC;ed. 1091;20;
BRASINDICE;1100;medicamento;0000088789;05;917-25320-FROQ;SUPERA RX;TAM;100 mg/ml sol. 150 ml (C1);LEVETIRACETAM;7899420501395;1037203100012;90567110;542623080018904;N;N;1;100.21;134.43;100.21;134.43;;BRAS_PF_PMC;ed. 1091;20;
BRASINDICE;1100;medicamento;0000090823;05;917-27791-FRYH;SUPERA RX;TAM XR;500 mg ct. bl. al. plas. pvc/pvdc trans. x 14 cprs. rev. lib. prol.;LEVETIRACETAM;7899420509117;1037203140014;90586360;542624060020604;N;N;14;48.5;65.06;3.46;4.65;;BRAS_PF_PMC;ed. 1091;20;
BRASINDICE;1100;medicamento;0000090824;05;917-27791-FRYI;SUPERA RX;TAM XR;500 mg ct. bl. al. plas. pvc/pvdc trans. x 30 cprs. rev. lib. prol.;LEVETIRACETAM;7899420509100;1037203140022;90586379;542624060020704;N;N;30;103.94;139.43;3.46;4.65;;BRAS_PF_PMC;ed. 1091;20;
BRASINDICE;1100;medicamento;0000090825;05;917-27791-FSBZ;SUPERA RX;TAM XR;750 mg ct. bl. al. plas. pvc/pvdc trans. x 14 cprs. rev. lib. prol.;LEVETIRACETAM;7899420509131;1037203140073;90586387;542624060020804;N;N;14;72.75;97.59;5.2;6.97;;BRAS_PF_PMC;ed. 1091;20;
BRASINDICE;1100;medicamento;0000090826;05;917-27791-FSCA;SUPERA RX;TAM XR;750 mg ct. bl. al. plas. pvc/pvdc trans. x 30 cprs. rev. lib. prol.;LEVETIRACETAM;7899420509124;1037203140081;90586395;542624060020904;N;N;30;155.88;209.11;5.2;6.97;;BRAS_PF_PMC;ed. 1091;20;
BRASINDICE;1100;medicamento;0000049500;05;846-12786-BSON;COSMED;TAMARINE;12 mg. disp. 25 bl. x 4 caps.;"SENNA ALEXANDRINA MILL.;CASSIA FISTULA";7896094906600;1781700230129;90453301;540920020042107;N;N;100;415.92;557.94;4.16;5.58;;BRAS_PF_PMC;ed. 1084;20;
BRASINDICE;1100;medicamento;0000058167;05;846-12786-DZQU;COSMED;TAMARINE;12 mg. cx. 20 caps.;"SENNA ALEXANDRINA MILL.;CASSIA FISTULA";7896094906594;1781700230110;90453298;540920020042007;N;N;20;81.01;108.67;4.05;5.43;;BRAS_PF_PMC;ed. 1091;20;
BRASINDICE;1100;medicamento;0000058168;05;846-12786-DFEK;COSMED;TAMARINE;2 bl. x 10 caps.;"SENNA ALEXANDRINA MILL.;CASSIA FISTULA";7896179850040;1781700230048;90453271;540920020041807;N;N;20;74.37;99.76;3.72;4.99;;BRAS_PF_PMC;ed. 1084;20;
BRASINDICE;1100;medicamento;0000072691;05;846-12786-EVGV;COSMED;TAMARINE;Gel zero acucar fr. plas. 150 g. + col.;"SENNA ALEXANDRINA MILL.;CASSIA FISTULA";7897322709789;1781700230161;90454693;540920020042207;N;N;1;73.64;98.79;73.64;98.79;;BRAS_PF_PMC;ed. 1084;20;
BRASINDICE;1100;medicamento;0000072692;05;846-12786-EVGW;COSMED;TAMARINE;Gel zero acucar fr. plas. 250 g. + col.;"SENNA ALEXANDRINA MILL.;CASSIA FISTULA";7897322709802;1781700230171;90454707;540920020042307;N;N;1;103.1;138.3;103.1;138.3;;BRAS_PF_PMC;ed. 1091;20;
BRASINDICE;1094;medicamento;0000087699;05;846-27028-FNZG;COSMED;TAMARINE DUAL FIT HIB+ FRUT VER;400 ml.;;7896094928510;;;;N;;1;10;0;10;0;;BRAS_PF_PMC;ed. 1084;20;
BRASINDICE;1094;medicamento;0000087698;05;846-27027-FNZG;COSMED;TAMARINE DUAL FIT TANG+PES+CAME;400 ml.;;7896094928503;;;;N;;1;10;0;10;0;;BRAS_PF_PMC;ed. 1084;20;
BRASINDICE;1094;medicamento;0000087619;05;846-26984-FNWX;COSMED;TAMARINE FIB MAX;Ct. 10 saches x 6,5 g;;7896094927452;;;;N;;10;41.8;0;4.18;0;;BRAS_PF_PMC;ed. 1084;20;
BRASINDICE;1094;medicamento;0000087620;05;846-26984-FNWY;COSMED;TAMARINE FIB MAX;Ct. 10 saches x 7,2 g;;7896094927483;;;;N;;10;41.8;0;4.18;0;;BRAS_PF_PMC;ed. 1084;20;
BRASINDICE;1094;medicamento;0000089375;05;846-27465-FQKU;COSMED;TAMARINE GERMINA;Susp. 5 ml 4BI x 5 flac.;;7896094929807;;;;N;;20;32.87;0;1.64;0;;BRAS_PF_PMC;ed. 1084;20;
BRASINDICE;1094;medicamento;0000089376;05;846-27465-FQKV;COSMED;TAMARINE GERMINA;Susp. 5 ml 2BL x 10 flac.;;7896094929814;;;;N;;20;32.87;0;1.64;0;;BRAS_PF_PMC;ed. 1084;20;
BRASINDICE;1094;medicamento;0000094464;05;846-27465-FWTO;COSMED;TAMARINE GERMINA;Adulto po 5 bI. 9 saches;;7896094931695;;;;N;;45;41.62;0;0.92;0;;BRAS_PF_PMC;ed. 1086;20;
BRASINDICE;1100;medicamento;0000005766;05;076-07270-AYXU;ROCHE;TAMIFLU;75 mg. 10 caps.;FOSFATO DE OSELTAMIVIR;7896226506142;1010005550011;90185145;529205701116315;N;N;10;284.19;391.73;28.42;39.17;;BRAS_PF_PMC;ed. 1094;20;
BRASINDICE;1100;medicamento;0000049931;05;076-07270-CZND;ROCHE;TAMIFLU;30 mg. 10 caps.;FOSFATO DE OSELTAMIVIR;7896226506159;1010005550036;90185129;529205703119311;N;N;10;113.69;156.71;11.37;15.67;;BRAS_PF_PMC;ed. 1094;20;
BRASINDICE;1100;medicamento;0000049932;05;076-07270-CZNC;ROCHE;TAMIFLU;45 mg. 10 caps.;FOSFATO DE OSELTAMIVIR;7896226506166;1010005550044;90185137;529205704115311;N;N;10;170.51;235.03;17.05;23.5;;BRAS_PF_PMC;ed. 1094;20;
BRASINDICE;1100;medicamento;0000010983;05;072-10694-BLPJ;EUROFARMA;TAMIRAM;500 mg bl. al. plas. inc. x 3 cprs. rev.;LEVOFLOXACINO HEMI-HIDRATADO;7891317019204;1004306710054;90071166;508017103115419;N;N;3;41.16;56.73;13.72;18.91;;BRAS_PF_PMC;ed. 1094;20;
BRASINDICE;1100;medicamento;0000010984;05;072-10694-BMGP;EUROFARMA;TAMIRAM;500 mg bl. al. plas. inc. x 7 cprs. rev.;LEVOFLOXACINO HEMI-HIDRATADO;7891317003715;1004306710011;90071174;508017104111417;N;N;7;33.2;45.76;4.74;6.54;;BRAS_PF_PMC;ed. 1096;20;
BRASINDICE;1100;medicamento;0000010985;05;072-10694-BMGQ;EUROFARMA;TAMIRAM;500 mg bl. al. plas. inc. x 10 cprs. rev.;LEVOFLOXACINO HEMI-HIDRATADO;7891317003739;1004306710046;90071158;508017102119410;N;N;10;42.35;58.38;4.24;5.84;;BRAS_PF_PMC;ed. 1096;20;
BRASINDICE;1100;medicamento;0000060921;05;072-10694-FXTA;EUROFARMA;TAMIRAM;750 mg bl. al. plas. inc. x 5 cprs. rev.;LEVOFLOXACINO HEMIIDRATADO;7891317485313;1004311110027;90303652;508015030107103;;N;5;42.08;58;8.42;11.6;;BRAS_PF_PMC;ed. 1096;20;
BRASINDICE;1100;medicamento;0000070222;05;072-10694-FXTB;EUROFARMA;TAMIRAM;750 mg bl. al. plas. inc. x 7 cprs. rev.;LEVOFLOXACINO HEMIIDRATADO;7891317485320;1004311110035;90365445;508016100113003;;N;7;53.9;74.3;7.7;10.61;;BRAS_PF_PMC;ed. 1096;20;
BRASINDICE;1100;medicamento;0000075941;05;072-10693-EZGL;EUROFARMA;TAMISA;0,060 mg. + 0,015 mg. ct. bl. al. plas. inc. x 28 cprs. rev. (24+4);"GESTODENO;ETINILESTRADIOL";7891317003067;1004312550012;90424972;508019020125104;N;N;28;22.42;30.9;0.8;1.1;;BRAS_PF_PMC;ed. 1094;20;
BRASINDICE;1100;medicamento;0000083824;05;072-10693-FJUS;EUROFARMA;TAMISA;0,075 mg + 0,030 mg ct. bl. al. plas. trans. x 21 cprs. rev.;"GESTODENO;ETINILESTRADIOL";7891317009717;1004306520026;90071212;508017202113414;N;N;21;29.48;40.64;1.4;1.94;;BRAS_PF_PMC;ed. 1094;20;
BRASINDICE;1100;medicamento;0000083825;05;072-10693-FJUT;EUROFARMA;TAMISA;0,075 mg + 0,030 mg ct. bl. al. plas. trans. x 63 cprs. rev.;"GESTODENO;ETINILESTRADIOL";7891317009724;1004306520042;90071190;508017204116410;N;N;63;70.12;96.65;1.11;1.53;;BRAS_PF_PMC;ed. 1094;20;
BRASINDICE;1100;medicamento;0000083826;05;072-10693-FJUU;EUROFARMA;TAMISA;0,075 mg + 0,030 mg ct. bl. al. plas. trans. calend. x 28 cprs. rev.;"GESTODENO;ETINILESTRADIOL";7891317009748;1004306520077;90221877;508012010089603;N;N;28;38.3;52.79;1.37;1.89;;BRAS_PF_PMC;ed. 1094;20;
BRASINDICE;1100;medicamento;0000083827;05;072-10693-FJUV;EUROFARMA;TAMISA;0,075 mg + 0,030 mg ct. bl. al. plas. trans. calend. x 84 cprs. rev.;"GESTODENO;ETINILESTRADIOL";7891317009755;1004306520085;90221885;508012010089703;N;N;84;93.48;128.85;1.11;1.53;;BRAS_PF_PMC;ed. 1094;20;
BRASINDICE;1100;medicamento;0000085807;05;072-10693-FMBB;EUROFARMA;TAMISA;0,075 mg + 0,020 mg ct. bl. al. PVC/PE/PVDC trans. x 21 cprs. rev.;"GESTODENO;ETINILESTRADIOL";7891317465049;1004306520050;90303768;508015100108303;N;N;21;29.48;40.64;1.4;1.94;;BRAS_PF_PMC;ed. 1094;20;
BRASINDICE;1100;medicamento;0000085808;05;072-10693-FMBC;EUROFARMA;TAMISA;0,075 mg + 0,020 mg ct. bl. al. PVC/PE/PVDC trans. x 63 cprs. rev.;"GESTODENO;ETINILESTRADIOL";7891317465032;1004306520069;90303776;508015100108403;N;N;63;70.12;96.65;1.11;1.53;;BRAS_PF_PMC;ed. 1094;20;
BRASINDICE;1100;medicamento;0000090308;05;072-27686-FRML;EUROFARMA;TAMOXIN (CONVENIO 162/94);20 mg. ct. bl. al. plas. PVC/PE/PVDC opc. x 30 cprs. rev.;CITRATO DE TAMOXIFENO;7891317027247;1004314820017;90575385;508024010178504;N;N;30;188;259.14;6.27;8.64;;BRAS_PF_PMC;ed. 1094;20;
BRASINDICE;1100;medicamento;0000015348;05;360-13042-FLUF;ADIUM;TAMSULON;0,4 mg ct. bl. al. plas. trans. x 20 caps. gel dura;CLORIDRATO DE TANSULOSINA;7892953002179;1221400250013;90215303;534202901110410;N;N;20;165.12;227.6;8.26;11.38;;BRAS_PF_PMC;ed. 1091;20;
BRASINDICE;1100;medicamento;0000015349;05;360-13042-ABUV;ADIUM;TAMSULON;Cx. 30 caps.;CLORIDRATO DE TANSULOSINA;7892953002186;1221400250021;90215311;534202902117419;N;N;30;217.52;299.83;7.25;9.99;;BRAS_PF_PMC;ed. 1091;20;
BRASINDICE;1100;medicamento;0000095325;05;114-02631-FXMA;ABBOTT;TANAKAN;80 mg bl. al. plas. PVC/PVDC inc. x 30 cprs. rev.;GINKGO BILOBA L.;7896255764926;1055303140146;90471580;500220050045507;N;N;30;186.33;249.95;6.21;8.33;;BRAS_PF_PMC;ed. 1092;20;
BRASINDICE;1100;medicamento;0000095326;05;114-02631-FXMB;ABBOTT;TANAKAN;120 mg bl. al. plas. PVC/PVDC inc. x 30 cprs. rev.;GINKGO BILOBA L.;7896255764933;1055303140111;90471563;500220050045307;N;N;30;280.85;376.74;9.36;12.56;;BRAS_PF_PMC;ed. 1092;20;
BRASINDICE;1100;medicamento;0000073611;05;1010-06767-FUWT;CELLERA FARMA;TANDENE;(125,0 + 50,0 + 300,0 + 30,0) mg ct. bl. al. plas. trans. x 30 cprs.;"CARISOPRODOL;PARACETAMOL;CAFEÍNA ANIDRA;DICLOFENACO SÓDICO";7893454100685;1044001900010;90418280;541718010017317;N;N;30;23.69;31.78;0.79;1.06;;BRAS_PF_PMC;ed. 1100;20;
BRASINDICE;1100;medicamento;0000073612;05;1010-06767-FUWS;CELLERA FARMA;TANDENE;(125,0 + 50,0 + 300,0 + 30,0) mg ct. bl. al. plas. trans. x 15 cprs.;"CARISOPRODOL;PARACETAMOL;CAFEÍNA ANIDRA;DICLOFENACO SÓDICO";7893454100678;1044001900029;90418298;541718010017417;N;N;15;11.63;15.6;0.78;1.04;;BRAS_PF_PMC;ed. 1100;20;
BRASINDICE;1100;medicamento;0000080515;05;1010-18950-FUWS;CELLERA FARMA;TANDERALGIN;(125,0 + 50,0 + 300,0 + 30,0) mg ct. bl. al. plas. trans. x 15 cprs.;"DICLOFENACO DE SÓDIO;CARISOPRODOL;PARACETAMOL;CAFEÍNA";7893454714479;1044002240022;90482638;541720080022007;N;N;15;18.15;24.35;1.21;1.62;;BRAS_PF_PMC;ed. 1100;20;
BRASINDICE;1100;medicamento;0000080516;05;1010-18950-FUWT;CELLERA FARMA;TANDERALGIN;(125,0 + 50,0 + 300,0 + 30,0) mg ct. bl. al. plas. trans. x 30 cprs.;"DICLOFENACO DE SÓDIO;CARISOPRODOL;PARACETAMOL;CAFEÍNA";7893454714486;1044002240014;90487664;541720080021907;N;N;30;4.78;6.41;0.16;0.21;;BRAS_PF_PMC;ed. 1100;20;
BRASINDICE;1100;medicamento;0000009537;05;001-09571-AEDU;UNIAO QUIMICA;TANDRIFLAN;Cx. 30 cprs;"CARISOPRODOL;PARACETAMOL;CAFEÍNA;DICLOFENACO SÓDICO";7896006234517;1049711580012;90210000;533010401111410;N;N;30;33.14;44.46;1.1;1.48;;BRAS_PF_PMC;ed. 1091;20;
BRASINDICE;1100;medicamento;0000039002;05;001-09571-AAYC;UNIAO QUIMICA;TANDRIFLAN;Cx. 15 cprs.;CARISOPRODOL;7896006234524;1049711580020;90261445;533012120058603;N;N;15;16.57;22.23;1.1;1.48;;BRAS_PF_PMC;ed. 1096;20;
BRASINDICE;1100;medicamento;0000002101;05;048-02634-AAYC;ACHE;TANDRILAX;Cx. 15 cprs.;"CARISOPRODOL;PARACETAMOL;CAFEÍNA ANIDRA;DICLOFENACO SÓDICO";7896658004704;1057300550056;90005554;500506901116318;N;N;15;15.17;20.35;1.01;1.36;;BRAS_PF_PMC;ed. 1091;20;
BRASINDICE;1100;medicamento;0000002102;05;048-02634-AFVP;ACHE;TANDRILAX;Blister 30 cprs.;"CARISOPRODOL;PARACETAMOL;CAFEÍNA ANIDRA;DICLOFENACO SÓDICO";7896658001666;1057300550048;90005546;500506902112316;N;N;30;27.94;37.48;0.93;1.25;;BRAS_PF_PMC;ed. 1091;20;
BRASINDICE;1100;medicamento;0000060105;05;048-02634-ECNW;ACHE;TANDRILAX;Blister 4 cprs.;"CARISOPRODOL;PARACETAMOL;CAFEÍNA ANIDRA;DICLOFENACO SÓDICO";7896658023927;1057300550072;90296850;500514100057903;N;N;4;6.58;8.83;1.64;2.21;;BRAS_PF_PMC;ed. 1091;20;
BRASINDICE;1100;medicamento;0000088512;05;092-27306-FPDC;APSEN;TANDUO;0,5 mg + 0,4 mg cx. 30 caps.;"DUTASTERIDA;CLORIDRATO DE TANSULOSINA";7896637033923;1011806500061;90566491;501623080044104;N;N;30;79.99;107.3;2.67;3.58;;BRAS_PF_PMC;ed. 1091;20;
BRASINDICE;1100;medicamento;0000088513;05;092-27306-FPDD;APSEN;TANDUO;0,5 mg + 0,4 mg cx. 90 caps.;"DUTASTERIDA;CLORIDRATO DE TANSULOSINA";7896637033930;1011806500086;90566513;501623080044304;N;N;90;237.87;319.09;2.64;3.55;;BRAS_PF_PMC;ed. 1091;20;
BRASINDICE;1100;medicamento;0000071117;05;048-23703-ETVE;ACHE;TANISEA;500 mg. ct. bl. x 6 cprs. rev.;;7896658032561;1057305060014;90392329;552917050070704;N;;6;81.71;109.61;13.62;18.27;;BRAS_PF_PMC;ed. 1066;20;
BRASINDICE;1100;medicamento;0000071118;05;048-23703-ETVF;ACHE;TANISEA;20 mg/ml po susp. or ct. fr. x 45 ml;;7896658032585;1057305060049;90392337;552917050070804;N;;1;32.69;43.85;32.69;43.85;;BRAS_PF_PMC;ed. 1066;20;
BRASINDICE;1100;medicamento;0000071119;05;048-23703-ETVG;ACHE;TANISEA;20 mg/ml po susp. or ct. fr. x 100 ml;;7896658032578;1057305060030;90392345;552917050070904;N;;1;70.76;94.92;70.76;94.92;;BRAS_PF_PMC;ed. 1066;20;
BRASINDICE;1100;medicamento;0000087397;05;562-26149-FJDF;GLAXOSMITHKLINE;TANSUDART;0,4 mg. 30 caps. gel. dura;CLORIDRATO DE TANSULOSINA;7896015593292;1010703590025;90550951;510622110059507;N;N;30;104.14;143.55;3.47;4.78;;BRAS_PF_PMC;ed. 1095;20;
BRASINDICE;1100;medicamento;0000087398;05;562-26149-FJNN;GLAXOSMITHKLINE;TANSUDART;0,4 mg x 10 caps. gel dura;CLORIDRATO DE TANSULOSINA;7896015593278;1010703590084;90550960;510622110059607;N;N;10;34.71;47.84;3.47;4.78;;BRAS_PF_PMC;ed. 1095;20;
BRASINDICE;1100;medicamento;0000024699;05;438-15843-CKPY;BIOLAB SANUS;TANTIN;0,060/0,015 mg. 28 cprs. rev.;"GESTODENO;ETINILESTRADIOL";7896112424123;1097401420017;90028716;504112401117413;N;N;28;22.38;30.84;0.8;1.1;;BRAS_PF_PMC;ed. 1091;20;
BRASINDICE;1100;medicamento;0000036157;05;438-15843-CXDC;BIOLAB SANUS;TANTIN;0,060 mg. + 0,015 mg. 3 bl. x 28 cprs. rev.;"GESTODENO;ETINILESTRADIOL";7896112423294;1097401420025;90028708;504112402113411;N;N;84;67.17;92.58;0.8;1.1;;BRAS_PF_PMC;ed. 1091;20;
BRASINDICE;1094;medicamento;0000071240;05;001-23721-ETZJ;UNIAO QUIMICA;TAP KIDS;15% locao cremosa cx. 1 bisn. 100 ml;;7896006212348;2520300200010;;;N;;1;45.27;0;45.27;0;;BRAS_PF_PMC;ed. 1091;20;
BRASINDICE;1100;medicamento;0000002103;05;438-02635-CAWM;BIOLAB SANUS;TAPAZOL;10 mg. bl. 50 cprs.;METIMAZOL;7896241231630;1097401930031;90028724;504111401113411;N;N;50;28.31;39.02;0.57;0.78;;BRAS_PF_PMC;ed. 1091;20;
BRASINDICE;1100;medicamento;0000002104;05;438-02635-CAWN;BIOLAB SANUS;TAPAZOL;5 mg. bl. 100 cprs.;METIMAZOL;7896241231616;1097401930023;90028732;504104606112412;N;N;100;28.57;39.38;0.29;0.39;;BRAS_PF_PMC;ed. 1091;20;
BRASINDICE;1100;medicamento;0000087238;05;438-02635-FNMB;BIOLAB SANUS;TAPAZOL;10 mg. 100 cprs.;TIAMAZOL;7896112407102;1097401930041;90554043;504123030083703;N;N;100;56.67;78.11;0.57;0.78;;BRAS_PF_PMC;ed. 1091;20;
BRASINDICE;1100;medicamento;0000086907;05;170-26734-FNAJ;TEUTO BRAS.;TARBET (Restrito Hosp.);1 mg/ml sol. inj. IV ct. 5 amps. vd. trans. x 5 ml;TARTARATO DE METOPROLOL;7896112106999;1037007690023;90543939;520722100115304;N;S;5;175.49;0;35.1;0;;BRAS_PF_PMC;ed. 1096;20;
BRASINDICE;1100;medicamento;0000021489;05;076-15187-BWHI;ROCHE;TARCEVA (CONVENIO 140/01);100 mg. bl. 30 cprs. rev.;CLORIDRATO DE ERLOTINIBE;7896226505152;1010006510021;90185153;529208002111211;N;N;30;9249.34;12749.25;308.31;424.98;;BRAS_PF_PMC;ed. 1094;20;
BRASINDICE;1100;medicamento;0000021490;05;076-15187-CFWJ;ROCHE;TARCEVA (CONVENIO 140/01);150 mg. bl. 30 cprs. rev.;CLORIDRATO DE ERLOTINIBE;7896226505169;1010006510038;90185161;529208003118211;N;N;30;10510.52;14487.66;350.35;482.92;;BRAS_PF_PMC;ed. 1094;20;
BRASINDICE;1100;medicamento;0000021491;05;076-15187-CFWK;ROCHE;TARCEVA (CONVENIO 140/01);25 mg. bl. 30 cprs. rev.;CLORIDRATO DE ERLOTINIBE;7896226505145;1010006510011;90185170;529208001115213;N;N;30;2894.84;3990.24;96.49;133.01;;BRAS_PF_PMC;ed. 1094;20;
BRASINDICE;1100;medicamento;0000053616;05;034-20599-DTNT;LIBBS;TARFIC;0,3 mg. pom. 10 g;TACROLIMO MONOIDRATADO;7896094206014;1003301600058;90250583;523713080029204;N;N;1;77.15;106.34;77.15;106.34;;BRAS_PF_PMC;ed. 1097;20;
BRASINDICE;1100;medicamento;0000053617;05;034-20599-DTNU;LIBBS;TARFIC;0,3 mg. pom. 30 g;TACROLIMO MONOIDRATADO;7896094206021;1003301600066;90250591;523713080029304;N;N;1;144.24;198.82;144.24;198.82;;BRAS_PF_PMC;ed. 1094;20;
BRASINDICE;1100;medicamento;0000053618;05;034-20599-DTNV;LIBBS;TARFIC;1,0 mg. pom. 10 g;TACROLIMO MONOIDRATADO;7896094206038;1003301600031;90250567;523713080029004;N;N;1;76.99;106.12;76.99;106.12;;BRAS_PF_PMC;ed. 1094;20;
BRASINDICE;1100;medicamento;0000053619;05;034-20599-DTNW;LIBBS;TARFIC;1,0 mg. pom. 30 g;TACROLIMO MONOIDRATADO;7896094206045;1003301600041;90250575;523713080029104;N;N;1;144.24;198.82;144.24;198.82;;BRAS_PF_PMC;ed. 1094;20;
BRASINDICE;1100;medicamento;0000086998;05;981-26756-FNDL;MUNDIPHARMA;TARGIN;5 mg. + 2,5 mg. ct. bl. al. al. x 14 cprs. rev. lib. prol.;"CLORIDRATO DE OXICODONA;CLORIDRATO DE NALOXONA";7898586630017;1919800090016;90435184;556719050002005;N;N;14;86.49;116.02;6.18;8.29;;BRAS_PF_PMC;ed. 1090;20;
BRASINDICE;1100;medicamento;0000086999;05;981-26756-FNDM;MUNDIPHARMA;TARGIN;5 mg. + 2,5 mg. ct. bl. al. al. x 28 cprs. rev. lib. prol.;"CLORIDRATO DE OXICODONA;CLORIDRATO DE NALOXONA";7898586630024;1919800090024;90435192;556719050002105;N;N;28;172.99;232.06;6.18;8.29;;BRAS_PF_PMC;ed. 1090;20;
BRASINDICE;1100;medicamento;0000087000;05;981-26756-FNDN;MUNDIPHARMA;TARGIN;10 mg. + 5 mg. ct. bl. al. al. x 14 cprs. rev. lib. prol.;"CLORIDRATO DE OXICODONA;CLORIDRATO DE NALOXONA";7898586630048;1919800090059;90435222;556719050002405;N;N;14;172.96;232.02;12.35;16.57;;BRAS_PF_PMC;ed. 1090;20;
BRASINDICE;1100;medicamento;0000087001;05;981-26756-FNDO;MUNDIPHARMA;TARGIN;10 mg. + 5 mg. ct. bl. al. al. x 28 cprs. rev. lib. prol.;"CLORIDRATO DE OXICODONA;CLORIDRATO DE NALOXONA";7898586630055;1919800090067;90435230;556719050002505;N;N;28;345.96;464.1;12.36;16.58;;BRAS_PF_PMC;ed. 1090;20;
BRASINDICE;1100;medicamento;0000087002;05;981-26756-FNDP;MUNDIPHARMA;TARGIN;20 mg. + 10 mg. ct. bl. al. al. x 28 cprs. rev. lib. prol.;"CLORIDRATO DE OXICODONA;CLORIDRATO DE NALOXONA";7898586630086;1919800090105;90435311;556719050003305;N;N;28;620.35;832.17;22.16;29.72;;BRAS_PF_PMC;ed. 1090;20;
BRASINDICE;1100;medicamento;0000002108;05;1048-02637-AFVT;SANOFI MEDLEY;TARGOCID;200 mg. 1 FA;TEICOPLANINA;7891058077419;1832603730013;90477111;576720060071317;N;N;1;442.58;610.05;442.58;610.05;;BRAS_PF_PMC;ed. 1099;20;
BRASINDICE;1100;medicamento;0000002109;05;1048-02637-AFVU;SANOFI MEDLEY;TARGOCID;400 mg. 1 FA;TEICOPLANINA;7891058077464;1832603730021;90477120;576720060071417;N;N;1;885.22;1220.18;885.22;1220.18;;BRAS_PF_PMC;ed. 1099;20;
BRASINDICE;1100;medicamento;0000051183;05;440-27309-FPEB;BAGO;TARGUS;40 mg (0,3 mg/cm2) ades. trans. ct. 2 sach. x 5 ades. + 1 band.;FLURBIPROFENO;7898940448579;1562600230012;90241665;536512030007315;N;N;2;83.46;111.96;41.73;55.98;;BRAS_PF_PMC;ed. 1092;20;
BRASINDICE;1100;medicamento;0000092043;05;440-27309-FTRA;BAGO;TARGUS;40 mg (0,3 mg/cm2) ades. trans. ct. 1 sache x 5 ades. + 1 band.;FLURBIPROFENO;7898605330706;1562600230012;90241665;559124030009907;N;N;1;40.72;54.62;40.72;54.62;;BRAS_PF_PMC;ed. 1067;20;
BRASINDICE;1100;medicamento;0000074172;05;473-24185-EQOW;NEO QUIMICA;TARTARATO DE BRIMONIDINA + MALEATO DE TIMOLOL - GENERICO;2 mg/ml + 5 mg/ml sol. oft. ct. fr. plast. opc. got. x 5 ml;"MALEATO ÁCIDO DE TIMOLOL;TARTARATO DE BRIMONIDINA";7896714241647;1558404100014;90397096;504618010068106;S;N;1;76.29;105.16;76.29;105.16;;BRAS_PF_PMC;ed. 1091;20;
BRASINDICE;1100;medicamento;0000038772;05;473-10997-CZBQ;NEO QUIMICA;TARTARATO DE BRIMONIDINA - GENERICO;Sol. oft. 2 mg/ml fr. 5 ml;TARTARATO DE BRIMONIDINA;7896714229843;1558403090015;90362217;504617010049817;S;N;1;59.78;82.4;59.78;82.4;;BRAS_PF_PMC;ed. 1091;20;
BRASINDICE;1100;medicamento;0000071815;05;100-10997-CZBQ;GEOLAB;TARTARATO DE BRIMONIDINA - GENERICO;Sol. oft. 2 mg/ml fr. 5 ml;TARTARATO DE BRIMONIDINA;7899095230255;1542301440096;90080700;510412204176117;S;N;1;55.1;75.95;55.1;75.95;;BRAS_PF_PMC;ed. 1094;20;
BRASINDICE;1100;medicamento;0000071816;05;100-10997-EUSD;GEOLAB;TARTARATO DE BRIMONIDINA - GENERICO;Sol. oft. 1,5 mg/ml fr. 5 ml;TARTARATO DE BRIMONIDINA;7899095233836;1542301440010;90080696;510412203171111;S;N;1;55.1;75.95;55.1;75.95;;BRAS_PF_PMC;ed. 1094;20;
BRASINDICE;1100;medicamento;0000077489;05;048-10997-FBOE;ACHE;TARTARATO DE BRIMONIDINA - GENERICO;2 mg/ml sol oft fr. x 5 ml;TARTARATO DE BRIMONIDINA;7896181913542;1057306140011;90447395;552919120099117;S;N;1;58.44;80.55;58.44;80.55;;BRAS_PF_PMC;ed. 1091;20;
BRASINDICE;1100;medicamento;0000094042;05;062-10997-CUBW;EMS;TARTARATO DE BRIMONIDINA - GENERICO;2 mg/ml sol. oft. 5 ml;TARTARATO DE BRIMONIDINA;7896004726854;1023513860015;90519213;541821100169106;S;N;1;57.65;79.7;57.65;79.7;;BRAS_PF_PMC;ed. 1079;20;
BRASINDICE;1100;medicamento;0000077542;05;048-09726-CGCZ;ACHE;TARTARATO DE METOPROLOL - GENERICO;100 mg. bl. x 30 cprs. rev.;TARTARATO DE METOPROLOL;7896181906612;1057306390018;90448685;552919110084117;S;N;30;28.04;38.65;0.93;1.29;;BRAS_PF_PMC;ed. 1091;20;
BRASINDICE;1100;medicamento;0000083940;05;517-09726-AAWW;PRATI DONADUZZI;TARTARATO DE METOPROLOL - GENERICO;100 mg 30 cprs.;TARTARATO DE METOPROLOL;7899547519280;1256803120013;90489063;528520070174707;S;N;30;25.99;35.82;0.87;1.19;;BRAS_PF_PMC;ed. 1098;20;
BRASINDICE;1100;medicamento;0000090776;05;062-09726-FSAG;EMS;TARTARATO DE METOPROLOL - GENERICO;100 mg 3 bl. x 10 cprs. rev.;TARTARATO DE METOPROLOL;7895296449786;1181901670012;90340701;525904501113112;S;N;30;27.34;37.8;0.91;1.26;;BRAS_PF_PMC;ed. 1079;20;
BRASINDICE;1100;medicamento;0000084518;05;517-26359-FKIV;PRATI DONADUZZI;TARTARATO DE METOPROLOL - GENERICO (Restrito Hosp.);100 mg 100 cprs.;TARTARATO DE METOPROLOL;7899547519365;1256803120099;90489098;528520070175007;S;S;100;98.3;0;0.98;0;;BRAS_PF_PMC;ed. 1098;20;
BRASINDICE;1100;medicamento;0000065304;05;352-22854-ELJU;NOVARTIS;TASIGNA;150 mg. ct. bl. al. plas. inc. x 120 caps. gel. dura;NILOTINIBE;7896261020146;1006810600093;90354834;526516060086803;N;N;120;17064.31;23521.37;142.2;196.01;;BRAS_PF_PMC;ed. 1095;20;
BRASINDICE;1100;medicamento;0000081883;05;352-25732-EDDW;NOVARTIS;TASIGNA (CONVENIO 140/01);200 mg. bl. al. plas. 112 caps. gel. dura;NILOTINIBE;81883;1006810600077;90320549;526514070079204;N;N;112;17625.55;24294.98;157.37;216.92;;BRAS_PF_PMC;ed. 1090;20;
BRASINDICE;1100;medicamento;0000074626;05;100-24303-AXYT;GEOLAB;TASULIL;0,4 mg. cx. 30 caps.;CLORIDRATO DE TANSULOSINA;7899095205475;1542301840027;90225252;510412050071204;N;N;30;125.61;173.14;4.19;5.77;;BRAS_PF_PMC;ed. 1094;20;
BRASINDICE;1100;medicamento;0000031250;05;500-17105-CRTA;SIGMA PHARMA;TAVAFLOX;500 mg. 1 bl. x 7 cprs. rev.;LEVOFLOXACINO HEMI-HIDRATADO;7894916503594;1356907360025;90442970;531621601111417;N;N;7;60.55;83.71;8.65;11.96;;BRAS_PF_PMC;ed. 1099;20;
BRASINDICE;1100;medicamento;0000031251;05;500-17105-AYPD;SIGMA PHARMA;TAVAFLOX;500 mg. 1 bl. x 10 cprs. rev.;LEVOFLOXACINO HEMI-HIDRATADO;7894916503587;1356907360033;90442989;531621602118415;N;N;10;81.07;112.07;8.11;11.21;;BRAS_PF_PMC;ed. 1099;20;
BRASINDICE;1100;medicamento;0000091390;05;790-17105-FSVT;MULTILAB;TAVAFLOX;750 mg. 1 bl. x 5 cprs. rev.;LEVOFLOXACINO HEMI-HIDRATADO;7896472521913;1356907280013;90413067;531618100082903;N;N;5;54.63;75.3;10.93;15.06;;BRAS_PF_PMC;ed. 1092;20;
BRASINDICE;1100;medicamento;0000091391;05;790-17105-FSVU;MULTILAB;TAVAFLOX;750 mg. 1 bl. x 7 cprs. rev.;LEVOFLOXACINO HEMI-HIDRATADO;7896472521920;1356907280021;90413075;531618100083003;N;N;7;74.96;103.32;10.71;14.76;;BRAS_PF_PMC;ed. 1092;20;
BRASINDICE;1100;medicamento;0000031242;05;173-17100-CRSQ;LEGRAND;TAVAGRAN;500 mg. 1 bl. x 7 cprs.;LEVOFLOXACINO HEMI-HIDRATADO;7896004722115;1677306090025;90438337;538817301118419;N;N;7;53.67;74.2;7.67;10.6;;BRAS_PF_PMC;ed. 1092;20;
BRASINDICE;1100;medicamento;0000095119;05;470-28759-FXFR;CSL BEHRING;TAVNEOS;10 mg ct. fr. plas. PEAD opc. x 180 caps. dura.;AVACOPANA;7897499452419;1015101350027;90604539;502625040011201;N;N;180;37957.06;50918.04;210.87;282.88;;BRAS_PF_PMC;ed. 1095;20;
BRASINDICE;1100;medicamento;0000085935;05;912-22809-FMEB;MOMENTA;TAVOK;500 mg ct. bl. al. plas. inc. x 7 cprs. rev.;LEVOFLOXACINO HEMIIDRATADO;7891317015923;1004314200019;90538447;508022070165517;N;N;7;76.28;105.14;10.9;15.02;;BRAS_PF_PMC;ed. 1094;20;
BRASINDICE;1100;medicamento;0000085937;05;912-22809-FMDZ;MOMENTA;TAVOK;750 mg ct. bl. al. plas. inc. x 5 cprs. rev.;LEVOFLOXACINO HEMIIDRATADO;7891317015954;1004314170020;90538420;508022060163417;N;N;5;67.53;93.08;13.51;18.62;;BRAS_PF_PMC;ed. 1094;20;
BRASINDICE;1100;medicamento;0000085938;05;912-22809-FMDY;MOMENTA;TAVOK;750 mg ct. bl. al. plas. inc. x 7 cprs. rev.;LEVOFLOXACINO HEMIIDRATADO;7891317015961;1004314170039;90538439;508022060163517;N;N;7;94.52;130.29;13.5;18.61;;BRAS_PF_PMC;ed. 1094;20;
BRASINDICE;1100;medicamento;0000011193;05;432-10780-FNZN;BERGAMO;TAXILAN (Restrito Hosp.) (CONVENIO 162/94);6 mg/ml sol. inj. ct. FA vd. trans. x 16,7 ml;PACLITAXEL;7898732020044;1064602270016;;519523040031603;N;S;1;2619.92;0;2619.92;0;;BRAS_PF_PMC;ed. 1097;20;
BRASINDICE;1100;medicamento;0000087651;05;432-10780-FNZO;BERGAMO;TAXILAN (Restrito Hosp.) (CONVENIO 162/94);6 mg/ml sol. inj. ct. FA vd. trans. x 50 ml;PACLITAXEL;7898732020037;1064602270024;;519523040031503;N;S;1;7647.12;0;7647.12;0;;BRAS_PF_PMC;ed. 1097;20;
BRASINDICE;1100;medicamento;0000060624;05;427-07960-ANDW;BLAU FARM.;TAXOFEN - TAMOXIFENO (CONVENIO 162/94);20 mg. bl. 30 cprs.;CITRATO DE TAMOXIFENO;7896014668304;1163700270035;90333870;504416030055303;N;N;30;245.08;337.82;8.17;11.26;;BRAS_PF_PMC;ed. 1097;20;
BRASINDICE;1100;medicamento;0000065671;05;427-19454-ELVT;BLAU FARM.;TAXOFEN - TAMOXIFENO (Restrito Hosp.) (CONVENIO 162/94);20 mg. ct. bl. al./al. x 250 cprs. rev. (hosp.);CITRATO DE TAMOXIFENO;7896014668397;1163700270086;90300106;504414120052403;N;S;250;2062.67;0;8.25;0;;BRAS_PF_PMC;ed. 1097;20;
BRASINDICE;1100;medicamento;0000093081;05;1086-02639-EGQY;BIOPAS BRASIL;TAXOL (Restrito Hosp.) (CONVENIO 162/94);6 mg/ml sol. inj. IV ct. FA vd. trans. x 5 ml;PACLITAXEL;4260747723068;1897700050018;90587189;607824070000817;N;S;1;1082.72;0;1082.72;0;;BRAS_PF_PMC;ed. 1092;20;
BRASINDICE;1100;medicamento;0000093082;05;1086-02639-FLHM;BIOPAS BRASIL;TAXOL (Restrito Hosp.) (CONVENIO 162/94);6 mg/ml sol. inj. IV ct. fa vd. trans. x 16,7 ml;PACLITAXEL;4260747723051;1897700050026;90587197;607824070000917;N;S;1;3609.24;0;3609.24;0;;BRAS_PF_PMC;ed. 1092;20;
BRASINDICE;1100;medicamento;0000093083;05;1086-02639-FVCD;BIOPAS BRASIL;TAXOL (Restrito Hosp.) (CONVENIO 162/94);6 mg/ml sol. inj. IV ct. FA vd. trans. x 50 ml + rev. plas.;PACLITAXEL;4260747723044;1897700050034;90587200;607824070001017;N;S;1;10828;0;10828;0;;BRAS_PF_PMC;ed. 1092;20;
BRASINDICE;1100;medicamento;0000086904;05;748-26733-FNAG;ACCORD;TAXONTAS (Restrito Hosp.);20 mg/ml sol. dil. infus. inj. ct. FA vd. trans. x 1 ml;DOCETAXEL;7898577813368;1553701040015;90541030;538022070042004;N;S;1;1335.03;0;1335.03;0;;BRAS_PF_PMC;ed. 1092;20;
BRASINDICE;1100;medicamento;0000086905;05;748-26733-FNAH;ACCORD;TAXONTAS (Restrito Hosp.);20 mg/ml sol. dil. infus. inj. ct. FA vd. trans. x 4 ml;DOCETAXEL;7898577813375;1553701040023;90541049;538022070042104;N;S;1;5340.13;0;5340.13;0;;BRAS_PF_PMC;ed. 1092;20;
BRASINDICE;1100;medicamento;0000086906;05;748-26733-FNAI;ACCORD;TAXONTAS (Restrito Hosp.);20 mg/ml sol. dil. infus. inj. ct. FA vd. trans. x 8 ml;DOCETAXEL;7898577813382;1553701040031;90541057;538022070042204;N;S;1;10680.27;0;10680.27;0;;BRAS_PF_PMC;ed. 1092;20;
BRASINDICE;1100;medicamento;0000048896;05;1048-04009-DNTZ;SANOFI MEDLEY;TAXOTERE (Restrito Hosp.) (CONVENIO 162/94);20 mg/ml sol. inj. cx. FA vd. inc. x 1 ml;DOCETAXEL TRIIDRATADO;7891058012960;1832604390011;90483103;576720080084017;N;S;1;1630.02;0;1630.02;0;;BRAS_PF_PMC;ed. 1099;20;
BRASINDICE;1100;medicamento;0000048897;05;1048-04009-DNUA;SANOFI MEDLEY;TAXOTERE (Restrito Hosp.) (CONVENIO 162/94);20 mg/ml sol. inj. cx. FA vd. inc. x 4 ml;DOCETAXEL TRIIDRATADO;7891058012977;1832604390021;90483111;576720080084117;N;S;1;5877.78;0;5877.78;0;;BRAS_PF_PMC;ed. 1099;20;
BRASINDICE;1100;medicamento;0000086590;05;1075-05167-APNE;PFIZER BRASIL;TAZOCIN;Ct. 1 FA x 2,25 g.;"TAZOBACTAM SÓDICO;PIPERACILINA SÓDICA";7891045008907;1211000950010;90214250;522703401151317;N;N;1;148.07;204.1;148.07;204.1;;BRAS_PF_PMC;ed. 1094;20;
BRASINDICE;1100;medicamento;0000086591;05;1075-05167-APJJ;PFIZER BRASIL;TAZOCIN;Ct. 1 FA x 4,5 g.;"TAZOBACTAM SÓDICO;PIPERACILINA SÓDICA";7891045008914;1211000950037;90214269;522703402156312;N;N;1;237.13;326.86;237.13;326.86;;BRAS_PF_PMC;ed. 1094;20;
BRASINDICE;1100;medicamento;0000080204;05;001-25366-FFER;UNIAO QUIMICA;TAZOMAZ (Restrito Hosp.);4 g + 0,5 g po sol. inj. IV ct. 10 FA vd. trans.;"TAZOBACTAM SÓDICO;PIPERACILINA SÓDICA";7896006214830;1049714320070;90446160;533020020069107;N;S;10;1663.2;0;166.32;0;;BRAS_PF_PMC;ed. 1096;20;
BRASINDICE;1100;medicamento;0000081075;05;957-25535-BFBI;HERBARIUM;TEBONIN;80 mg 30 cprs.;EXTRATO DE GINKGO BILOBA;7896641807381;1186001000046;90496922;511420110009517;N;N;30;148.19;198.79;4.94;6.63;;BRAS_PF_PMC;ed. 1068;20;
BRASINDICE;1100;medicamento;0000081076;05;957-25535-CVNN;HERBARIUM;TEBONIN;120 mg 30 cprs.;EXTRATO DE GINKGO BILOBA;7896641807404;1186001000070;90496930;511420110009617;N;N;30;212.41;284.94;7.08;9.5;;BRAS_PF_PMC;ed. 1068;20;
BRASINDICE;1100;medicamento;0000081334;05;957-25535-BRFA;HERBARIUM;TEBONIN;80 mg 10 cprs.;EXTRATO DE GINKGO BILOBA;7896641806735;1186001000021;90496914;511420110009407;N;N;10;65.42;87.76;6.54;8.78;;BRAS_PF_PMC;ed. 1068;20;
BRASINDICE;1100;medicamento;0000095147;05;957-25535-BQTC;HERBARIUM;TEBONIN;120 mg 10 cprs.;GINKGO BILOBA L.;7896083412723;1186001000089;90599179;511424110010607;N;N;10;112.83;151.36;11.28;15.14;;BRAS_PF_PMC;ed. 1090;20;
BRASINDICE;1100;medicamento;0000095729;05;958-28911-FXXR;GILEAD;TECARTUS (Restrito Hosp.);Max de 2 x 10E8 Cel. CAR-T susp. inj. IV x cassete alu. I bolsa inf. x 68 ml;BREXUCABTAGENO AUTOLEUCEL;7898962482254;1092900140019;90584031;546824060001607;;S;1;2020404.43;0;2020404.43;0;;BRAS_PF_PMC;ed. 1097;20;
BRASINDICE;1100;medicamento;0000095730;05;958-28911-FXXS;GILEAD;TECARTUS (Restrito Hosp.);Max. de 1,0 x 10E8 Cel. CAR-T susp. inj. IV x cassete alu. I bolsa inf. x 68 ml;BREXUCABTAGENO AUTOLEUCEL;7898962482261;1092900140027;90584040;546824060001507;;S;1;2020404.43;0;2020404.43;0;;BRAS_PF_PMC;ed. 1097;20;
BRASINDICE;1100;medicamento;0000073194;05;076-23958-EVVW;ROCHE;TECENTRIQ (Restrito Hosp.);1200 mg. sol. dil. infus. IV ct. FA vd. trans. x 20 ml;ATEZOLIZUMABE;7896226507118;1010006650018;90411919;529218020027002;N;S;1;34213.69;0;34213.69;0;;BRAS_PF_PMC;ed. 1094;20;
BRASINDICE;1100;medicamento;0000078243;05;076-23958-FCMP;ROCHE;TECENTRIQ (Restrito Hosp.);840 mg. sol. dil. infus. IV ct. FA vd. trans. x 14 ml;ATEZOLIZUMABE;7613326017916;1010006650026;90439740;529219110026507;N;S;1;23949.58;0;23949.58;0;;BRAS_PF_PMC;ed. 1094;20;
BRASINDICE;1100;medicamento;0000093895;05;076-28542-FWDZ;ROCHE;TECENTRIQ SC (Restrito Hosp.);1875 mg sol. inj. SC ct. FA vd. trans. x 15 ml;ATEZOLIZUMABE;7613326074117;1010006650034;90610393;529225080028603;N;S;1;34213.69;0;34213.69;0;;BRAS_PF_PMC;ed. 1094;20;
BRASINDICE;1100;medicamento;0000062933;05;758-22565-EGET;BIOGEN BRASIL;TECFIDERA;120 mg. bl. 14 caps. lib. retard.;FUMARATO DE DIMETILA;7898926573066;1699300040019;90326555;538315070000502;N;N;14;947.33;1270.81;67.67;90.77;;BRAS_PF_PMC;ed. 1095;20;
BRASINDICE;1100;medicamento;0000062938;05;758-22565-EGEY;BIOGEN BRASIL;TECFIDERA;240 mg. bl. 56 caps. lib. retard.;FUMARATO DE DIMETILA;7898926573080;1699300040035;90326601;538315070001002;N;N;56;7578.64;10166.48;135.33;181.54;;BRAS_PF_PMC;ed. 1095;20;
BRASINDICE;1094;medicamento;0000064820;05;112-22770-EKVF;BALDACCI;TECNOFER;Cx. 30 cprs. eferv.;;7897851221608;;;;N;;30;92.84;0;3.09;0;;BRAS_PF_PMC;ed. 1069;20;
BRASINDICE;1100;medicamento;0000011543;05;360-10998-BNES;ADIUM;TECNOMET (CONVENIO 162/94);2,5 mg 20 cprs.;METOTREXATO;7892953101865;1221400180074;90215397;534201801112413;N;N;20;28.01;38.61;1.4;1.93;;BRAS_PF_PMC;ed. 1091;20;
BRASINDICE;1100;medicamento;0000043125;05;043-19506-DEQD;TAKEDA PHARMA;TECTA;40 mg. bl. al. x 30 cprs. rev.;PANTOPRAZOL MAGNÉSICO DI-HIDRATADO;7896641808432;1063902560062;90174798;501105006114416;N;N;30;339.57;455.52;11.32;15.18;;BRAS_PF_PMC;ed. 1092;20;
BRASINDICE;1100;medicamento;0000043127;05;043-19506-DEQC;TAKEDA PHARMA;TECTA;40 mg. bl. al. x 60 cprs. rev.;PANTOPRAZOL MAGNÉSICO DI-HIDRATADO;7896641808456;1063902560089;90174810;501105007110414;N;N;60;473.63;635.35;7.89;10.59;;BRAS_PF_PMC;ed. 1092;20;
BRASINDICE;1100;medicamento;0000088061;05;372-27176-FOLN;JANSSEN - CILAG;TECVAYLI (Restrito Hosp.);90 mg/ml sol. inj. SC ct. FA vd. trans. x 1,7 ml;TECLISTAMABE;7896212485321;1123634400021;90568354;514523070039601;N;S;1;36855.09;0;36855.09;0;;BRAS_PF_PMC;ed. 1092;20;
BRASINDICE;1100;medicamento;0000088062;05;372-27176-FOLO;JANSSEN - CILAG;TECVAYLI (Restrito Hosp.);10 mg/ml sol. inj. SC ct. FA vd. trans. x 3,0 ml;TECLISTAMABE;7896212485338;1123634400011;90568346;514523070039701;N;S;1;7226.65;0;7226.65;0;;BRAS_PF_PMC;ed. 1092;20;
BRASINDICE;1100;medicamento;0000006679;05;001-07676-CUNA;UNIAO QUIMICA;TEFLAN;20 mg. cx. 10 cprs. rev.;TENOXICAM;7896006219095;1049711380013;90210042;533010501116414;N;N;10;43.16;59.49;4.32;5.95;;BRAS_PF_PMC;ed. 1096;20;
BRASINDICE;1100;medicamento;0000060628;05;001-07676-CZLM;UNIAO QUIMICA;TEFLAN;40 mg. po liof. sol. inj. 50 FA vd.;TENOXICAM;7896006210535;1049711380188;90210026;533010506150416;N;N;50;1067.69;1471.7;21.35;29.43;;BRAS_PF_PMC;ed. 1096;20;
BRASINDICE;1100;medicamento;0000060629;05;001-07676-BVUS;UNIAO QUIMICA;TEFLAN;20 mg. po liof. cx. c/50 FA;TENOXICAM;7896006219149;1049711380072;90210018;533010503151411;N;N;50;720.54;993.19;14.41;19.86;;BRAS_PF_PMC;ed. 1096;20;
BRASINDICE;1100;medicamento;0000002858;05;348-04038-AFWG;CRISTALIA;TEGRETARD;200 mg. 20 cprs.;CARBAMAZEPINA;7896676403671;1029800440068;90048229;506713902117413;N;N;20;18.46;25.45;0.92;1.27;;BRAS_PF_PMC;ed. 1094;20;
BRASINDICE;1100;medicamento;0000084865;05;348-04038-FKZG;CRISTALIA;TEGRETARD;400 mg ct. 2 bl. al. plas. inc. x 10 cprs.;CARBAMAZEPINA;7896676403725;1029800440051;90048245;506713904111412;N;N;20;37.67;51.92;1.88;2.6;;BRAS_PF_PMC;ed. 1094;20;
BRASINDICE;1100;medicamento;0000037773;05;348-18431-CPHZ;CRISTALIA;TEGRETARD (Restrito Hosp.);200 mg. 20 bl. 10 cps.;CARBAMAZEPINA;7896676403480;1029800440076;90048210;506713901110415;N;S;200;160.68;0;0.8;0;;BRAS_PF_PMC;ed. 1094;20;
BRASINDICE;1100;medicamento;0000037774;05;348-18431-CPIA;CRISTALIA;TEGRETARD (Restrito Hosp.);400 mg. 20 bl. 10 cps.;CARBAMAZEPINA;7896676403497;1029800440084;90359526;506716100064703;N;S;200;324.41;0;1.62;0;;BRAS_PF_PMC;ed. 1094;20;
BRASINDICE;1100;medicamento;0000002114;05;352-02645-AAYO;NOVARTIS;TEGRETOL;Susp. fr. 100 ml.;CARBAMAZEPINA;7896261000742;1006800850021;90172957;526515001134310;N;N;1;28.05;38.66;28.05;38.66;;BRAS_PF_PMC;ed. 1095;20;
BRASINDICE;1100;medicamento;0000002115;05;352-02645-FWOC;NOVARTIS;TEGRETOL;400 mg ct. bl. al. plas. PVC/PE/PVDC trans. x 20 cprs.;CARBAMAZEPINA;7896261000100;1006800850011;90172965;526515004117311;N;N;20;51.46;70.93;2.57;3.55;;BRAS_PF_PMC;ed. 1095;20;
BRASINDICE;1100;medicamento;0000002116;05;352-02645-FWOA;NOVARTIS;TEGRETOL;200 mg ct. bl. al. plas. PVC/PE/PVDC trans. x 20 cprs.;CARBAMAZEPINA;7896261000094;1006800850046;90172930;526515002114313;N;N;20;25.86;35.65;1.29;1.78;;BRAS_PF_PMC;ed. 1095;20;
BRASINDICE;1100;medicamento;0000002117;05;352-02645-FWOD;NOVARTIS;TEGRETOL;200 mg lib. prol. ct. bl. al. plas. PVC/PE/PVDC trans. x 20 cprs.;CARBAMAZEPINA;7896261000117;1006800850054;90172973;526515005113318;N;N;20;27.92;38.48;1.4;1.92;;BRAS_PF_PMC;ed. 1095;20;
BRASINDICE;1100;medicamento;0000002118;05;352-02645-FWOF;NOVARTIS;TEGRETOL;400 mg lib. prol. ct. bl. al. plas. PVC/PE/PVDC trans. x 20 cprs.;CARBAMAZEPINA;7896261000124;1006800850062;90172990;526515007116314;N;N;20;59.1;81.46;2.96;4.07;;BRAS_PF_PMC;ed. 1095;20;
BRASINDICE;1100;medicamento;0000002119;05;352-02645-FWOE;NOVARTIS;TEGRETOL;200 mg lib. prol. ct. bl. al. plas. PVC/PE/PVDC trans. x 60 cprs.;CARBAMAZEPINA;7896261005198;1006800850089;90172981;526515006111319;N;N;60;73.54;101.37;1.23;1.69;;BRAS_PF_PMC;ed. 1095;20;
BRASINDICE;1100;medicamento;0000002120;05;352-02645-FWOB;NOVARTIS;TEGRETOL;200 mg ct. bl. al. plas. PVC/PE/PVDC trans. x 60 cprs.;CARBAMAZEPINA;7896261005181;1006800850070;90172949;526515003110311;N;N;60;73.54;101.37;1.23;1.69;;BRAS_PF_PMC;ed. 1095;20;
BRASINDICE;1100;medicamento;0000002121;05;352-02645-FWOG;NOVARTIS;TEGRETOL;400 mg lib. prol. ct. bl. al. plas. PVC/PE/PVDC trans. x 60 cprs.;CARBAMAZEPINA;7896261005747;1006800850100;90173007;526526601111414;N;N;60;177.31;244.4;2.96;4.07;;BRAS_PF_PMC;ed. 1095;20;
BRASINDICE;1100;medicamento;0000070780;05;581-11593-FTPC;CAZI;TEGREZIN;200 mg com ct env kraft pe x 20;CARBAMAZEPINA;7893736008432;1071501010011;90039041;505509801113416;N;N;20;17.04;23.49;0.85;1.17;;BRAS_PF_PMC;ed. 1097;20;
BRASINDICE;1100;medicamento;0000070782;05;581-25441-FTPD;CAZI;TEGREZIN (Restrito Hosp.);200 mg com ct env kraft pe x 500 (emb. hosp.);CARBAMAZEPINA;7893736018431;1071501010038;90219856;505509803116412;N;S;500;427.33;0;0.85;0;;BRAS_PF_PMC;ed. 1094;20;
BRASINDICE;1094;medicamento;0000078240;05;1095-25009-FOYW;FARB;TEGUM;100 g cx. 12 unidades;;7898100045914;80487380009;;;N;;12;1560;0;130;0;;BRAS_PF_PMC;ed. 1066;20;
BRASINDICE;1094;medicamento;0000078241;05;1095-25009-FOYV;FARB;TEGUM;3 g cx. 100 saches;;7898100052042;80487380009;;;N;;100;560;0;5.6;0;;BRAS_PF_PMC;ed. 1066;20;
BRASINDICE;1100;medicamento;0000085809;05;072-14965-FMBD;EUROFARMA;TEICOPLANINA - GENERICO;400 mg po liof. p/sol. inj. ct. 5 fa vd. trans.;TEICOPLANINA;7891317009861;1004309380152;90512316;508021080141406;S;N;5;2876.75;3965.3;575.35;793.06;;BRAS_PF_PMC;ed. 1094;20;
BRASINDICE;1100;medicamento;0000094990;05;072-14965-FXBO;EUROFARMA;TEICOPLANINA - GENERICO;200 mg po liof. p/ sol. inj. ct. 5 FA vd. trans.;TEICOPLANINA;7891317047092;1004309380179;90624475;508026010198306;S;N;5;1438.37;1982.64;287.67;396.53;;BRAS_PF_PMC;ed. 1094;20;
BRASINDICE;1100;medicamento;0000056025;05;608-21636-CPVK;ABL;TEICOPLANINA - GENERICO (Restrito Hosp.);400 mg. inj. cx. 10 FA + amp. dil.;TEICOPLANINA;7898564760941;1556200270179;90347200;501316080023806;S;S;10;5753.53;0;575.35;0;;BRAS_PF_PMC;ed. 1097;20;
BRASINDICE;1100;medicamento;0000060836;05;608-21636-CPVJ;ABL;TEICOPLANINA - GENERICO (Restrito Hosp.);200 mg. inj. cx. 10 FA + amp. dil.;TEICOPLANINA;7898564760903;1556200270136;90347161;501316080023406;S;S;10;2876.47;0;287.65;0;;BRAS_PF_PMC;ed. 1097;20;
BRASINDICE;1100;medicamento;0000026888;05;001-16175-CNHZ;UNIAO QUIMICA;TEIPLAN (Restrito Hosp.);400 mg. po liof. inj. 1 FA vd. + dil. 3 ml;TEICOPLANINA;7896006259404;1049702540011;90210077;533024401151412;N;S;1;825.49;0;825.49;0;;BRAS_PF_PMC;ed. 1096;20;
BRASINDICE;1100;medicamento;0000050390;05;001-16175-DPTG;UNIAO QUIMICA;TEIPLAN (Restrito Hosp.);200 mg. po liof. inj. FA vd. + dil. x 3 ml;TEICOPLANINA;7896006259428;1049702540021;90210069;533024402158410;N;S;1;411.14;0;411.14;0;;BRAS_PF_PMC;ed. 1096;20;
BRASINDICE;1100;medicamento;0000045316;05;776-19941-BPYE;GERMED PHARMA;TEKZOR;50 mg. 4 bl. x 15 cprs. rev.;RILUZOL;7896004728995;1058307330017;90235762;526137201112413;N;N;60;2911;4024.29;48.52;67.07;;BRAS_PF_PMC;ed. 1092;20;
BRASINDICE;1100;medicamento;0000092970;05;574-28310-FUVC;TORRENT;TELD HCT;40/12,5 mg 30 cprs.;"HIDROCLOROTIAZIDA;TELMISARTANA";8903855088105;1052501010031;90544684;532722090052504;N;N;30;64.31;88.64;2.14;2.95;;BRAS_PF_PMC;ed. 1090;20;
BRASINDICE;1100;medicamento;0000092971;05;574-28310-FUVD;TORRENT;TELD HCT;80/12,5 mg 30 cprs.;"HIDROCLOROTIAZIDA;TELMISARTANA";8903855088136;1052501010066;90544706;532722090052704;N;N;30;62.68;86.4;2.09;2.88;;BRAS_PF_PMC;ed. 1090;20;
BRASINDICE;1100;medicamento;0000092972;05;574-28310-FUVB;TORRENT;TELD HCT;80/25 mg 30 cprs.;"HIDROCLOROTIAZIDA;TELMISARTANA";8903855088181;1052501010112;90544714;532722090052804;N;N;30;63.51;87.54;2.12;2.92;;BRAS_PF_PMC;ed. 1090;20;
BRASINDICE;1100;medicamento;0000089939;05;473-27601-FRBL;NEO QUIMICA;TELMISARTANA + HIDROCLOROTIAZIDA - GENERICO;40 + 12,5 mg. ct. bl. x 30 cprs.;"HIDROCLOROTIAZIDA;TELMISARTANA";7896714295565;1558406680034;90578520;504624020096006;S;N;30;81.8;112.75;2.73;3.76;;BRAS_PF_PMC;ed. 1091;20;
BRASINDICE;1100;medicamento;0000089940;05;473-27601-FRBM;NEO QUIMICA;TELMISARTANA + HIDROCLOROTIAZIDA - GENERICO;80 + 12,5 mg. ct. bl. x 30 cprs.;"HIDROCLOROTIAZIDA;TELMISARTANA";7896714295572;1558406680069;90578538;504624020096106;S;N;30;81.8;112.75;2.73;3.76;;BRAS_PF_PMC;ed. 1091;20;
BRASINDICE;1100;medicamento;0000089941;05;473-27601-FRBN;NEO QUIMICA;TELMISARTANA + HIDROCLOROTIAZIDA - GENERICO;80 + 25 mg. ct. bl. x 30 cprs.;"HIDROCLOROTIAZIDA;TELMISARTANA";7896714295589;1558406680115;90578546;504624020096206;S;N;30;81.8;112.75;2.73;3.76;;BRAS_PF_PMC;ed. 1091;20;
BRASINDICE;1100;medicamento;0000090212;05;517-20842-FRJL;PRATI DONADUZZI;TELMISARTANA - GENERICO;40 mg ct. bl. al. al. x 30 cprs.;TELMISARTANA;7899547517781;1256803230031;90508734;528521030179506;S;N;30;56.69;78.14;1.89;2.6;;BRAS_PF_PMC;ed. 1098;20;
BRASINDICE;1100;medicamento;0000090213;05;517-20842-FRJM;PRATI DONADUZZI;TELMISARTANA - GENERICO;80 mg ct. bl. al. al. x 30 cprs.;TELMISARTANA;7899547517828;1256803230137;90508742;528521030179606;S;N;30;65.84;90.75;2.19;3.02;;BRAS_PF_PMC;ed. 1098;20;
BRASINDICE;1100;medicamento;0000092044;05;517-20842-FTRB;PRATI DONADUZZI;TELMISARTANA - GENERICO;40 mg ct. bl. al. al. x 60 cprs.;TELMISARTANA;7899547517798;1256803230048;90587936;528524060197106;S;N;60;85.04;117.22;1.42;1.95;;BRAS_PF_PMC;ed. 1098;20;
BRASINDICE;1100;medicamento;0000092045;05;517-20842-FTRC;PRATI DONADUZZI;TELMISARTANA - GENERICO;80 mg ct. bl. al. al. x 60 cprs.;TELMISARTANA;7899547517835;1256803230145;90588029;528524060196706;S;N;60;85.04;117.22;1.42;1.95;;BRAS_PF_PMC;ed. 1098;20;
BRASINDICE;1100;medicamento;0000093679;05;574-28495-FVXI;TORRENT;TELMISARTANA HCTZ - GENERICO;40/12,5 mg 30 tabl.;"HIDROCLOROTIAZIDA;TELMISARTANA";8903855087917;1052500990032;90552741;532722110057606;S;N;30;80.48;110.93;2.68;3.7;;BRAS_PF_PMC;ed. 1090;20;
BRASINDICE;1100;medicamento;0000093680;05;574-28495-FVXJ;TORRENT;TELMISARTANA HCTZ - GENERICO;80/12,5 mg 30 tabl.;"HIDROCLOROTIAZIDA;TELMISARTANA";8903855087948;1052500990067;90552776;532722110056806;S;N;30;80.48;110.93;2.68;3.7;;BRAS_PF_PMC;ed. 1090;20;
BRASINDICE;1100;medicamento;0000093681;05;574-28495-FVXK;TORRENT;TELMISARTANA HCTZ - GENERICO;80/25 mg 30 tabl.;"HIDROCLOROTIAZIDA;TELMISARTANA";8903855087993;1052500990113;90552822;532722110057306;S;N;30;80.48;110.93;2.68;3.7;;BRAS_PF_PMC;ed. 1090;20;
BRASINDICE;1100;medicamento;0000084081;05;127-07792-EGEP;MERCK SHARP & DOHME;TEMODAL;5 mg. cap. ct. sach. x 5;TEMOZOLOMIDA;7897572006447;1017101940157;90321022;527314090014403;N;N;5;229.11;315.8;45.82;63.16;;BRAS_PF_PMC;ed. 1096;20;
BRASINDICE;1100;medicamento;0000084082;05;127-07792-EGEN;MERCK SHARP & DOHME;TEMODAL;20 mg. cap. ct. sach. x 5;TEMOZOLOMIDA;7897572006454;1017101940173;90321030;527314090014503;N;N;5;916.53;1263.34;183.31;252.67;;BRAS_PF_PMC;ed. 1096;20;
BRASINDICE;1100;medicamento;0000084083;05;127-07792-EGEK;MERCK SHARP & DOHME;TEMODAL;100 mg. cap. ct. sach. x 5;TEMOZOLOMIDA;7897572006461;1017101940191;90321049;527314090014603;N;N;5;4582.93;6317.09;916.59;1263.42;;BRAS_PF_PMC;ed. 1096;20;
BRASINDICE;1100;medicamento;0000084084;05;127-07792-EGEL;MERCK SHARP & DOHME;TEMODAL;140 mg. cap. ct. sach. x 5;TEMOZOLOMIDA;7897572006478;1017101940238;90321057;527314090014703;N;N;5;6383.63;8799.17;1276.73;1759.83;;BRAS_PF_PMC;ed. 1096;20;
BRASINDICE;1100;medicamento;0000084085;05;127-07792-EGEM;MERCK SHARP & DOHME;TEMODAL;180 mg. cap. ct. sach. x 5;TEMOZOLOMIDA;7897572006485;1017101940254;90321065;527314090014803;N;N;5;8207.52;11313.21;1641.5;2262.64;;BRAS_PF_PMC;ed. 1096;20;
BRASINDICE;1100;medicamento;0000084086;05;127-07792-EGEO;MERCK SHARP & DOHME;TEMODAL;250 mg. cap. ct. sach. x 5;TEMOZOLOMIDA;7897572006492;1017101940211;90321073;527314090014903;N;N;5;11228.37;15477.14;2245.67;3095.43;;BRAS_PF_PMC;ed. 1096;20;
BRASINDICE;1100;medicamento;0000084087;05;127-19122-DCBC;MERCK SHARP & DOHME;TEMODAL IV (Restrito Hosp.);100 mg. po liof. inj.;TEMOZOLOMIDA;7897572006355;1017101940130;90254953;527313070010314;N;S;1;916.58;0;916.58;0;;BRAS_PF_PMC;ed. 1096;20;
BRASINDICE;1100;medicamento;0000070119;05;432-23481-ESSR;BERGAMO;TEMOLIDA (Restrito Hosp.) (CONVENIO 162/94);100 mg. po liof. inj. FA vd. inc. x 42 ml;TEMOZOLOMIDA;7898943601711;1064602020011;90311868;519515070025804;N;S;1;760.76;0;760.76;0;;BRAS_PF_PMC;ed. 1097;20;
BRASINDICE;1100;medicamento;0000061772;05;921-22388-EETF;SUN;TEMOZOLOMIDA - GENERICO (CONVENIO 162/94);20 mg. fr. vd. amb. x 5 caps. gel. dura;TEMOZOLOMIDA;7898272944602;1468200390058;90323190;532415060012706;S;N;5;494.33;681.38;98.87;136.28;;BRAS_PF_PMC;ed. 1092;20;
BRASINDICE;1100;medicamento;0000061773;05;921-22388-EETG;SUN;TEMOZOLOMIDA - GENERICO (CONVENIO 162/94);100 mg. fr. vd. amb. x 5 caps. gel. dura;TEMOZOLOMIDA;7898272944640;1468200390090;90323203;532415060012806;S;N;5;3014.43;4155.08;602.89;831.02;;BRAS_PF_PMC;ed. 1092;20;
BRASINDICE;1100;medicamento;0000061774;05;921-22388-EETJ;SUN;TEMOZOLOMIDA - GENERICO (CONVENIO 162/94);140 mg. fr. vd. amb. x 5 caps. gel. dura;TEMOZOLOMIDA;7898272944688;1468200390147;90323211;532415060012906;S;N;5;3485.08;4803.82;697.02;960.76;;BRAS_PF_PMC;ed. 1092;20;
BRASINDICE;1100;medicamento;0000061775;05;921-22388-EETK;SUN;TEMOZOLOMIDA - GENERICO (CONVENIO 162/94);250 mg. fr. vd. amb. x 5 caps. gel. dura;TEMOZOLOMIDA;7898272944725;1468200390181;90323220;532415060013006;S;N;5;6130.04;8449.62;1226.01;1689.92;;BRAS_PF_PMC;ed. 1092;20;
BRASINDICE;1100;medicamento;0000078442;05;072-22388-FCST;EUROFARMA;TEMOZOLOMIDA - GENERICO (CONVENIO 162/94);5 mg. ct. fr. vd. amb. x 5 caps. dura;TEMOZOLOMIDA;7891317001247;1004312750011;90453034;508020020128307;S;N;5;123.61;170.38;24.72;34.08;;BRAS_PF_PMC;ed. 1094;20;
BRASINDICE;1100;medicamento;0000078443;05;072-22388-EQVT;EUROFARMA;TEMOZOLOMIDA - GENERICO (CONVENIO 162/94);20 mg. ct. fr. vd. amb. x 5 caps. dura;TEMOZOLOMIDA;7891317001254;1004312750020;90453050;508020020128507;S;N;5;494.47;681.58;98.89;136.32;;BRAS_PF_PMC;ed. 1094;20;
BRASINDICE;1100;medicamento;0000078444;05;072-22388-EQVS;EUROFARMA;TEMOZOLOMIDA - GENERICO (CONVENIO 162/94);100 mg. ct. fr. vd. amb. x 5 caps. dura;TEMOZOLOMIDA;7891317001261;1004312750038;90453069;508020020128607;S;N;5;2472.48;3408.06;494.5;681.61;;BRAS_PF_PMC;ed. 1094;20;
BRASINDICE;1100;medicamento;0000078445;05;072-22388-FCSU;EUROFARMA;TEMOZOLOMIDA - GENERICO (CONVENIO 162/94);140 mg. ct. fr. vd. amb. x 5 caps. dura;TEMOZOLOMIDA;7891317001278;1004312750046;90453077;508020020128707;S;N;5;3443.98;4747.17;688.8;949.43;;BRAS_PF_PMC;ed. 1094;20;
BRASINDICE;1100;medicamento;0000078446;05;072-22388-FCSV;EUROFARMA;TEMOZOLOMIDA - GENERICO (CONVENIO 162/94);180 mg. ct. fr. vd. amb. x 5 caps. dura;TEMOZOLOMIDA;7891317001285;1004312750054;90453123;508020020128807;S;N;5;4427.95;6103.47;885.59;1220.69;;BRAS_PF_PMC;ed. 1094;20;
BRASINDICE;1100;medicamento;0000078447;05;072-22388-EQVU;EUROFARMA;TEMOZOLOMIDA - GENERICO (CONVENIO 162/94);250 mg. ct. fr. vd. amb. x 5 caps. dura;TEMOZOLOMIDA;7891317001292;1004312750062;90453042;508020020128407;S;N;5;6057.7;8349.91;1211.54;1669.98;;BRAS_PF_PMC;ed. 1094;20;
BRASINDICE;1100;medicamento;0000078518;05;921-22388-FCUW;SUN;TEMOZOLOMIDA - GENERICO (CONVENIO 162/94);5 mg. fr. vd. amb. x 5 caps. gel. dura;TEMOZOLOMIDA;7898272944565;1468200390228;90413644;532418110023406;S;N;5;125.03;172.34;25.01;34.47;;BRAS_PF_PMC;ed. 1092;20;
BRASINDICE;1100;medicamento;0000088693;05;427-22388-FPLV;BLAU FARM.;TEMOZOLOMIDA - GENERICO (CONVENIO 162/94);5 mg ct. bl. al. al. x 5 caps. dura;TEMOZOLOMIDA;7896014681617;1163702030015;90568362;504423080084306;S;N;5;123.6;170.37;24.72;34.07;;BRAS_PF_PMC;ed. 1097;20;
BRASINDICE;1100;medicamento;0000088694;05;427-22388-FPLW;BLAU FARM.;TEMOZOLOMIDA - GENERICO (CONVENIO 162/94);100 mg ct. bl. al. al. x 5 caps. dura;TEMOZOLOMIDA;7896014681655;1163702030031;90568389;504423080084906;S;N;5;2472.49;3408.07;494.5;681.61;;BRAS_PF_PMC;ed. 1097;20;
BRASINDICE;1100;medicamento;0000088695;05;427-22388-FPLX;BLAU FARM.;TEMOZOLOMIDA - GENERICO (CONVENIO 162/94);140 mg ct. bl. al. al. x 5 caps. dura;TEMOZOLOMIDA;7896014681679;1163702030058;90568400;504423080084406;S;N;5;3443.97;4747.15;688.79;949.43;;BRAS_PF_PMC;ed. 1097;20;
BRASINDICE;1100;medicamento;0000088696;05;427-22388-FPLY;BLAU FARM.;TEMOZOLOMIDA - GENERICO (CONVENIO 162/94);250 mg ct. bl. al. al. x 5 caps. dura;TEMOZOLOMIDA;7896014681693;1163702030074;90568427;504423080084606;S;N;5;6057.69;8349.89;1211.54;1669.98;;BRAS_PF_PMC;ed. 1097;20;
BRASINDICE;1100;medicamento;0000088797;05;427-22388-FPOZ;BLAU FARM.;TEMOZOLOMIDA - GENERICO (CONVENIO 162/94);20 mg ct. bl. al. al. x 5 caps. dura;TEMOZOLOMIDA;7896014681631;1163702060011;90568443;504423080085106;S;N;5;494.47;681.58;98.89;136.32;;BRAS_PF_PMC;ed. 1097;20;
BRASINDICE;1100;medicamento;0000071184;05;348-23712-ETXX;CRISTALIA;TEMPORA;100 mg. ct. bl. al. al x 60 cprs. rev.;TOPIRAMATO;7896676431568;1029804450033;90376021;506717030067204;N;N;60;169.22;233.26;2.82;3.89;;BRAS_PF_PMC;ed. 1094;20;
BRASINDICE;1100;medicamento;0000071185;05;348-23712-ETXY;CRISTALIA;TEMPORA;50 mg. ct. bl. al. al x 60 cprs. rev.;TOPIRAMATO;7896676431575;1029804450025;90376013;506717030067104;N;N;60;83.76;115.46;1.4;1.92;;BRAS_PF_PMC;ed. 1094;20;
BRASINDICE;1100;medicamento;0000071188;05;348-23712-ETYB;CRISTALIA;TEMPORA;25 mg ct. bl. al. al x 60 cprs. rev.;TOPIRAMATO;7896676431582;1029804450017;90376005;506717030067004;N;N;60;41.88;57.72;0.7;0.96;;BRAS_PF_PMC;ed. 1094;20;
BRASINDICE;1100;medicamento;0000002125;05;500-02651-BVNH;SIGMA PHARMA;TENADREN;40 mg. + 12,5 mg. 2 bl. x 15 cprs.;"HIDROCLOROTIAZIDA;CLORIDRATO DE PROPRANOLOL";7894916503389;1356902310021;90064690;531603904116417;N;N;30;11.36;15.66;0.38;0.52;;BRAS_PF_PMC;ed. 1099;20;
BRASINDICE;1100;medicamento;0000002127;05;500-02651-BXXU;SIGMA PHARMA;TENADREN;40 mg. + 25 mg. 2 bl. x 15 cprs.;"HIDROCLOROTIAZIDA;CLORIDRATO DE PROPRANOLOL";7894916550116;1356900190019;90064720;531603901117412;N;N;30;11.73;16.17;0.39;0.54;;BRAS_PF_PMC;ed. 1099;20;
BRASINDICE;1100;medicamento;0000025454;05;500-02651-BXXV;SIGMA PHARMA;TENADREN;80 mg. + 25 mg. 2 bl. x 15 cprs.;"HIDROCLOROTIAZIDA;CLORIDRATO DE PROPRANOLOL";7894916550123;1356900190027;90064763;531603902113410;N;N;30;20.69;28.52;0.69;0.95;;BRAS_PF_PMC;ed. 1099;20;
BRASINDICE;1100;medicamento;0000009757;05;062-09725-BWKW;EMS;TENOXICAM - GENERICO;20 mg. cx. 10 cprs.;TENOXICAM;7896004700274;1023510010010;90221451;507723602114111;S;N;10;40.72;56.29;4.07;5.63;;BRAS_PF_PMC;ed. 1079;20;
BRASINDICE;1100;medicamento;0000033621;05;473-09725-CUNA;NEO QUIMICA;TENOXICAM - GENERICO;20 mg. cx. 10 cprs. rev.;TENOXICAM;7896714223971;1558400920017;90369700;504617020051717;S;N;10;46.24;63.74;4.62;6.37;;BRAS_PF_PMC;ed. 1091;20;
BRASINDICE;1100;medicamento;0000057162;05;620-09725-CRSL;MEDQUIMICA;TENOXICAM - GENERICO;20 mg. bl. 10 cprs. rev.;TENOXICAM;7896862918675;1091700940013;90316860;525114050019906;S;N;10;22.41;30.89;2.24;3.09;;BRAS_PF_PMC;ed. 1091;20;
BRASINDICE;1100;medicamento;0000071817;05;100-09725-CUNA;GEOLAB;TENOXICAM - GENERICO;20 mg. cx. 10 cprs. rev.;TENOXICAM;7899095243125;1542302150016;90308352;510414070107606;S;N;10;39.43;54.35;3.94;5.44;;BRAS_PF_PMC;ed. 1094;20;
BRASINDICE;1100;medicamento;0000075590;05;001-09725-EYUW;UNIAO QUIMICA;TENOXICAM - GENERICO;20 mg. ct. bl. al. plas. trans. x 10 cprs. rev.;TENOXICAM;7896006238508;1049714180015;90414179;533018090067906;S;N;10;32.08;44.22;3.21;4.42;;BRAS_PF_PMC;ed. 1096;20;
BRASINDICE;1100;medicamento;0000092599;05;676-09725-FUIQ;CIFARMA;TENOXICAM - GENERICO;20 mg ct. bl. al. plas. trans. x 10 cprs. rev.;TENOXICAM;7898495603133;1156002310012;90547322;506322100040306;S;N;10;41.38;57.04;4.14;5.7;;BRAS_PF_PMC;ed. 1097;20;
BRASINDICE;1100;medicamento;0000041997;05;348-19287-DAAV;CRISTALIA;TENOXICAM - GENERICO (Restrito Hosp.);20 mg. po liof. p/sol. inj. cx. 50 FA vd. inc. + amp. dil. 2 ml;TENOXICAM;7896676416206;1029803740011;90048253;506719201153110;S;S;50;508.13;0;10.16;0;;BRAS_PF_PMC;ed. 1094;20;
BRASINDICE;1100;medicamento;0000041998;05;348-19287-DAAW;CRISTALIA;TENOXICAM - GENERICO (Restrito Hosp.);40 mg. po liof. p/sol. inj. cx. 50 FA vd. inc. + amp. dil. 2 ml;TENOXICAM;7896676416213;1029803740021;90048261;506719202151111;S;S;50;1018.5;0;20.37;0;;BRAS_PF_PMC;ed. 1094;20;
BRASINDICE;1100;medicamento;0000094263;05;072-19287-FWOX;EUROFARMA;TENOXICAM - GENERICO (Restrito Hosp.);40 mg po liof. sol. inj. cx. 50 FA vd. trans.;TENOXICAM;7891317046675;1004307570221;90613252;508025080194206;S;S;50;694;0;13.88;0;;BRAS_PF_PMC;ed. 1094;20;
BRASINDICE;1100;medicamento;0000014926;05;620-12874-BSTG;MEDQUIMICA;TENOXIL;20,0 mg. cx. 10 cprs. rev.;TENOXICAM;7896862910471;1091700590020;90234022;525112030017204;N;N;10;25.12;34.63;2.51;3.46;;BRAS_PF_PMC;ed. 1091;20;
BRASINDICE;1094;medicamento;0000074157;05;995-24184-EXBJ;FQM MELORA;TENSAGE;Ilu olhos fr. 15 g.;;7898934336264;;;;N;;1;193.99;0;193.99;0;;BRAS_PF_PMC;ed. 1092;20;
BRASINDICE;1094;medicamento;0000074158;05;995-24184-EXBK;FQM MELORA;TENSAGE;Gel cream fr. 30 g.;;7898934336240;;;;N;;1;216.68;0;216.68;0;;BRAS_PF_PMC;ed. 1092;20;
BRASINDICE;1094;medicamento;0000074159;05;995-24184-EXBL;FQM MELORA;TENSAGE;Serum fr. 30 g.;;7898934336271;;;;N;;1;216.68;0;216.68;0;;BRAS_PF_PMC;ed. 1092;20;
BRASINDICE;1100;medicamento;0000047785;05;473-10908-BHKB;NEO QUIMICA;TENSALIV;5 mg. bl. 30 cprs.;BESILATO DE ANLODIPINO;7896714234212;1558402160052;90397240;504618030069617;N;N;30;27.51;37.92;0.92;1.26;;BRAS_PF_PMC;ed. 1091;20;
BRASINDICE;1100;medicamento;0000047786;05;473-10908-BCKF;NEO QUIMICA;TENSALIV;10 mg. bl. 30 cprs.;BESILATO DE ANLODIPINO;7896714234236;1558402160079;90397231;504618030069517;N;N;30;47.96;66.11;1.6;2.2;;BRAS_PF_PMC;ed. 1091;20;
BRASINDICE;1100;medicamento;0000002988;05;348-04285-AMFM;CRISTALIA;TENSURIL (Restrito Hosp.);300 mg. cx. 1 amp. x 20 ml;DIAZÓXIDO;7896676401615;1029800410015;90362314;506714001156417;N;S;1;96.41;0;96.41;0;;BRAS_PF_PMC;ed. 1094;20;
BRASINDICE;1100;medicamento;0000095327;05;114-02658-FXMC;ABBOTT;TEOLONG;100 mg bl. al. plas. amb. x 30 caps. gel. microgr.;TEOFILINA;7896255717717;1055303050104;90001320;500208701119310;N;N;30;19.05;26.26;0.64;0.88;;BRAS_PF_PMC;ed. 1092;20;
BRASINDICE;1100;medicamento;0000095328;05;114-02658-FXMD;ABBOTT;TEOLONG;200 mg bl. al. plas. amb. x 30 caps. gel. microgr.;TEOFILINA;7896255717724;1055303050112;90001338;500208702115319;N;N;30;30.24;41.68;1.01;1.39;;BRAS_PF_PMC;ed. 1092;20;
BRASINDICE;1100;medicamento;0000078028;05;034-24963-FCEU;LIBBS;TEORO (CONVENIO 140/01);5 mg/100 ml inj. 1 FA or.;ÁCIDO ZOLEDRÔNICO MONOIDRATADO;7896094210202;1003302040013;90426088;523719040039903;N;N;1;2620.54;3612.14;2620.54;3612.14;;BRAS_PF_PMC;ed. 1096;20;
BRASINDICE;1100;medicamento;0000075209;05;062-24493-EYKJ;EMS;TEPEV (CONVENIO 162/94);500 mg. 100 caps.;HIDROXIUREIA;7896004753157;1023512140027;90390393;541817100083204;N;N;100;238.16;328.28;2.38;3.28;;BRAS_PF_PMC;ed. 1092;20;
BRASINDICE;1100;medicamento;0000089740;05;062-27556-FQUW;EMS;TEPEV FF (CONVENIO 162/94);500 mg 100 caps.;HIDROXIURÉIA;7896004790527;1023514150011;90573820;541823110200003;N;N;100;238.16;328.28;2.38;3.28;;BRAS_PF_PMC;ed. 1092;20;
BRASINDICE;1100;medicamento;0000093543;05;952-27489-FQLY;AMGEN;TEPEZZA (Restrito Hosp.);500 mg po liof. inj. ct. 1 FA vd. trans.;TEPROTUMUMABE;7898609961371;1024400250015;90609786;544125060007817;N;S;1;101965.3;0;101965.3;0;;BRAS_PF_PMC;ed. 1100;20;
BRASINDICE;1100;medicamento;0000083938;05;089-26293-FJYL;MERCK;TEPMETKO;250 mg ct. bl. al. plas. PVC/PE/PVDC/PE/PVC trans. x 60 cprs. rev.;CLORIDRATO DE TEPOTINIBE MONOIDRATADO;7891721202445;1008904140017;90518403;525421090053002;N;N;60;56865.1;76282.51;947.75;1271.38;;BRAS_PF_PMC;ed. 1100;20;
BRASINDICE;1100;medicamento;0000011033;05;001-10718-BJTU;UNIAO QUIMICA;TERBUTIL;0,5 mg/ml 50 amps. x 1 ml;SULFATO DE TERBUTALINA;7896006218340;1049711760029;90295293;533010601153419;N;N;50;335.55;462.52;6.71;9.25;;BRAS_PF_PMC;ed. 1096;20;
BRASINDICE;1100;medicamento;0000092031;05;912-28043-FSOB;MOMENTA;TERCEN;50 mg/ml po sus. or. ct. fr. vd. amb. x 100 ml + ser. dos.;CEFDINIR;7891317030582;1004315240022;90602218;508025020189003;N;N;1;129.25;173.38;129.25;173.38;;BRAS_PF_PMC;ed. 1091;20;
BRASINDICE;1100;medicamento;0000087211;05;1079-26802-FNJX;VOLPHARMA;TERGLY (Restrito Hosp.);1 mg po liof. sol. inj. IV ct. FA vd. trans.;ACETATO DE TERLIPRESSINA;7898958337230;1935700060011;90542177;571622060000804;N;S;1;387.36;0;387.36;0;;BRAS_PF_PMC;ed. 1092;20;
BRASINDICE;1100;medicamento;0000087212;05;1079-26802-FNJY;VOLPHARMA;TERGLY (Restrito Hosp.);1 mg po liof. sol. inj. IV ct. 10 FA vd. trans.;;7898958337223;1935700060028;90542185;571622060000904;N;S;10;3944.31;0;394.43;0;;BRAS_PF_PMC;ed. 1071;20;
BRASINDICE;1100;medicamento;0000063842;05;969-04660-CGBU;ARESE;TERICIN A.T.;25 mg/g + 12,5 mg/g creme vag. bisn. 45 g + 10 aplic.;"CLORIDRATO DE TETRACICLINA;ANFOTERICINA B";7899824400911;1581900160032;90392787;560817110001517;N;N;1;61.66;82.71;61.66;82.71;;BRAS_PF_PMC;ed. 1090;20;
BRASINDICE;1100;medicamento;0000082008;05;1023-25694-FHFD;NATCOFARMA;TERIFLUNOMIDA - GENERICO;14 mg ct. bl. al. al. x 30 cprs. rev.;TERIFLUNOMIDA;7898565164144;1826100030017;90477162;573020050001507;S;N;30;5247.31;7039.08;174.91;234.64;;BRAS_PF_PMC;ed. 1094;20;
BRASINDICE;1100;medicamento;0000012419;05;581-11572-FTPE;CAZI;TERMOPRIN;0,05 g/ml xpe ct fr vd amb x 100 ml;DIPIRONA;7893736012798;1071500420021;90362985;505509901134423;N;N;1;28.84;38.69;28.84;38.69;;BRAS_PF_PMC;ed. 1097;20;
BRASINDICE;1100;medicamento;0000091366;05;1085-27891-FSVF;GEDEON RICHTER DO BRASIL;TERROSA;250 mcg/ml sol. inj. ct. 1 car. vd. trans. x 2,4 ml;TERIPARATIDA;7898967006110;1912900040013;90591755;607924070000507;N;N;1;586.92;811.38;586.92;811.38;;BRAS_PF_PMC;ed. 1054;20;
BRASINDICE;1100;medicamento;0000091367;05;1085-27891-FSVG;GEDEON RICHTER DO BRASIL;TERROSA;250 mcg/ml sol. inj. ct. 1 car. vd. trans. x 2,4 ml + 1 can. aplic.;TERIPARATIDA;7898967006134;1912900040021;90591763;607924070000607;N;N;1;586.92;811.38;586.92;811.38;;BRAS_PF_PMC;ed. 1054;20;
BRASINDICE;1100;medicamento;0000091368;05;1085-27891-FSVH;GEDEON RICHTER DO BRASIL;TERROSA;250 mcg/ml sol. inj. ct. 3 car. vd. trans. x 2,4 ml;TERIPARATIDA;7898967006127;1912900040031;90591771;607924070000407;N;N;3;1760.76;2434.15;586.92;811.38;;BRAS_PF_PMC;ed. 1054;20;
BRASINDICE;1100;medicamento;0000091157;05;072-27846-FSOB;EUROFARMA;TERZA;50 mg/ml po sus. or. ct. fr. vd. amb. x 100 ml + ser. dos.;CEFDINIR;7891317030575;1004315060024;90584317;508024070183902;N;N;1;129.25;173.38;129.25;173.38;;BRAS_PF_PMC;ed. 1091;20;
BRASINDICE;1100;medicamento;0000092352;05;001-12405-FJEP;UNIAO QUIMICA;TESS;(2 + 0,035) mg ct. bl. al. plas. pvc/pvdc trans. x 21 cprs. rev.;"ACETATO DE CIPROTERONA;ETINILESTRADIOL";7896006221043;1049714690013;90514033;533021070074103;N;N;21;21.02;28.97;1;1.38;;BRAS_PF_PMC;ed. 1096;20;
BRASINDICE;1100;medicamento;0000008142;05;470-08601-BCWF;CSL BEHRING;TETANOGAMMA;250 UI/ml sol. inj. ct. ser. preench. vd. trans. x 1 ml;IMUNOGLOBULINA ANTITETÂNICA;7897499450262;1015101110085;90299078;502615030007303;N;N;1;67.67;93.28;67.67;93.28;;BRAS_PF_PMC;ed. 1095;20;
BRASINDICE;1100;medicamento;0000004427;05;327-06210-BGVA;GALDERMA;TETRALYSAL;16 caps. 300 mg;LIMECICLINA;7897930760691;1291600220054;90078365;510101702115311;N;N;16;167.08;230.3;10.44;14.39;;BRAS_PF_PMC;ed. 1096;20;
BRASINDICE;1100;medicamento;0000004429;05;327-06210-CGFN;GALDERMA;TETRALYSAL;28 caps. 300 mg.;LIMECICLINA;7897930761322;1291600220074;90078373;510101704118413;N;N;28;263.17;362.75;9.4;12.96;;BRAS_PF_PMC;ed. 1096;20;
BRASINDICE;1100;medicamento;0000014927;05;620-12875-BNRZ;MEDQUIMICA;TETRAMED;500 mg. cx. 100 caps.;CLORIDRATO DE TETRACICLINA;7896862970031;1091700090036;90158091;525104701118419;N;N;100;118.37;163.16;1.18;1.63;;BRAS_PF_PMC;ed. 1091;20;
BRASINDICE;1100;medicamento;0000093055;05;620-12875-FVBR;MEDQUIMICA;TETRAMED;500 mg cx. c/100 - 10 bl. x 10 caps.;CLORIDRATO DE TETRACICLINA;7896862970208;1091700090044;90573250;525123110036203;N;N;100;118.37;163.16;1.18;1.63;;BRAS_PF_PMC;ed. 1091;20;
BRASINDICE;1100;medicamento;0000093686;05;170-28499-FVXN;TEUTO BRAS.;TEUCEF (Restrito Hosp.);1 g IV po sol. inj. fr. amp. c/50;CEFTRIAXONA DISSÓDICA HEMIEPTAIDRATADA;7896112117919;1037003480334;90610792;520725080123103;N;S;50;2549.63;0;50.99;0;;BRAS_PF_PMC;ed. 1096;20;
BRASINDICE;1100;medicamento;0000094520;05;170-28499-FWVH;TEUTO BRAS.;TEUCEF (Restrito Hosp.);500 mg po inj. IV c/ 50;CEFTRIAXONA;7896112116080;1037003480131;;520726030123903;N;S;50;2974.61;0;59.49;0;;BRAS_PF_PMC;ed. 1096;20;
BRASINDICE;1100;medicamento;0000028933;05;729-16574-CPNF;TEVA;TEVACARBO (Restrito Hosp.) (CONVENIO 162/94);450 mg. sol. inj. FA vd. x 45 ml (hosp.);CARBOPLATINA;7898919602261;1557300080035;90203143;537500701157412;N;S;1;1771.81;0;1771.81;0;;BRAS_PF_PMC;ed. 1092;20;
BRASINDICE;1100;medicamento;0000028934;05;729-16574-CPNE;TEVA;TEVACARBO (Restrito Hosp.) (CONVENIO 162/94);150 mg. sol. inj. FA vd. x 15 ml (hosp.);CARBOPLATINA;7898919602216;1557300080027;90203135;537500703151411;N;S;1;651.96;0;651.96;0;;BRAS_PF_PMC;ed. 1092;20;
BRASINDICE;1100;medicamento;0000051274;05;729-27009-DQRT;TEVA;TEVAGRASTIM (Restrito Hosp.) (CONVENIO 132/21);300 mcg sol. inj. 1 ser. preench. vd. 0,5 ml + disp. de seg.;FILGRASTIM;7898919603237;1557300130040;90242017;537501303155418;N;S;1;692.81;0;692.81;0;;BRAS_PF_PMC;ed. 1092;20;
BRASINDICE;1100;medicamento;0000051275;05;729-16054-DQRU;TEVA;TEVAOXALI (Restrito Hosp.) (CONVENIO 162/94);50 mg. sol. inj. FA vd. x 10 ml;OXALIPLATINA;7898919603053;1557300050039;90241975;537501002155419;N;S;1;2766.96;0;2766.96;0;;BRAS_PF_PMC;ed. 1092;20;
BRASINDICE;1100;medicamento;0000051276;05;729-16054-DQRV;TEVA;TEVAOXALI (Restrito Hosp.) (CONVENIO 162/94);100 mg. sol. inj. FA vd. x 20 ml;OXALIPLATINA;7898919603060;1557300050047;90241983;537501003151417;N;S;1;5534.12;0;5534.12;0;;BRAS_PF_PMC;ed. 1092;20;
BRASINDICE;1100;medicamento;0000051277;05;729-16054-DQRW;TEVA;TEVAOXALI (Restrito Hosp.) (CONVENIO 162/94);200 mg. sol. inj. FA vd. x 40 ml;OXALIPLATINA;7898919603084;1557300050063;90242009;537501005154413;N;S;1;11067.89;0;11067.89;0;;BRAS_PF_PMC;ed. 1092;20;
BRASINDICE;1100;medicamento;0000092386;05;1119-28173-FGRF;BEONE MEDICINES;TEVIMBRA (Restrito Hosp.);10 mg/ml sol. dil. infus. IV ct. FA vd. trans. x 10 ml;TISLELIZUMABE;7898996156206;1864200020016;90604296;623625020000202;N;S;1;11692.43;0;11692.43;0;;BRAS_PF_PMC;ed. 1092;20;
BRASINDICE;1100;medicamento;0000087902;05;442-27100-FOGN;ASTRAZENECA;TEZSPIRE;210 mg sol. inj. ser. preenc. x 1,91 ml + can. aplic.;TEZEPELUMABE;5000456071444;1161802950020;90554817;502323020035702;N;N;1;9828.24;13184.23;9828.24;13184.23;;BRAS_PF_PMC;ed. 1092;20;
BRASINDICE;1100;medicamento;0000092353;05;001-28159-FUAF;UNIAO QUIMICA;THEALOZ DUO (NOTIF.SIMPLIF.);2 rotulos 10 ml / cartucho 10 ml;;3662042008443;80424140008;;;N;;1;76.1;0;76.1;0;;BRAS_PF_PMC;ed. 1091;20;
BRASINDICE;1100;medicamento;0000003870;05;497-05275-FNSY;THERASKIN;THERAPSOR;0,5 mg/ml sol. top. ct. fr. plas. amb. gts. x 25 ml;PROPIONATO DE CLOBETASOL;7897129304200;1019102380097;90454120;512120020006807;N;N;1;33.72;46.48;33.72;46.48;;BRAS_PF_PMC;ed. 1091;20;
BRASINDICE;1100;medicamento;0000091987;05;581-11585-FTNB;CAZI;THIANAX;50 mg/g pom derm ct bg plast opc x 45 g;;7893736014921;;;;N;;1;52.27;70.12;52.27;70.12;;BRAS_PF_PMC;ed. 1097;20;
BRASINDICE;1100;medicamento;0000083391;05;963-16833-CQQE;VIATRIS;THIOCTACID;600 mg. fr. vd. amb. x 30 cprs. rev.;ÁCIDO TIÓCTICO;7898560665097;1883000740021;90517172;541521070021307;N;N;30;166.1;228.95;5.54;7.63;;BRAS_PF_PMC;ed. 1097;20;
BRASINDICE;1100;medicamento;0000028753;05;348-16489-CPIB;CRISTALIA;THIOPENTAX (Restrito Hosp.);1,0 gr. 25 fr. c/1 g;TIOPENTAL SÓDICO;7896676407631;1029800940044;90398220;506714102157419;N;S;25;1070.4;0;42.82;0;;BRAS_PF_PMC;ed. 1094;20;
BRASINDICE;1100;medicamento;0000028754;05;348-16489-CPIC;CRISTALIA;THIOPENTAX (Restrito Hosp.);0,5 g 25 fr. c/0,5 g;TIOPENTAL SÓDICO;7896676407624;1029800940036;90369882;506714101150410;N;S;25;815.22;0;32.61;0;;BRAS_PF_PMC;ed. 1094;20;
BRASINDICE;1100;medicamento;0000021934;05;1048-15370-BSBB;SANOFI MEDLEY;THYMOGLOBULINE (Restrito Hosp.);25 mg. po liof. inj. FA vd. inc.;IMUNOGLOBULINA DE COELHO ANTI-TIMÓCITOS HUMANOS;7898328480221;1832603330015;90485467;576720070080617;N;S;1;796.16;0;796.16;0;;BRAS_PF_PMC;ed. 1099;20;
BRASINDICE;1100;medicamento;0000015034;05;1048-26899-CGFS;SANOFI MEDLEY;THYROGEN (CONVENIO 132/21);1,1 mg. po liof. ct. 2 FA vd. trans.;ALFATIROTROPINA;7898328480139;1832603300019;90458400;576720020055217;N;N;2;6066.38;8137.83;3033.19;4068.92;;BRAS_PF_PMC;ed. 1099;20;
BRASINDICE;1100;medicamento;0000073607;05;1010-08854-EWNQ;CELLERA FARMA;TIADOL;50 mg/g pom. derm. ct. bisn. al. x 20 g;TIABENDAZOL;7893454100715;1044001870014;90418301;541718010017517;N;N;1;21.81;29.26;21.81;29.26;;BRAS_PF_PMC;ed. 1100;20;
BRASINDICE;1100;medicamento;0000085104;05;1010-08854-FUXW;CELLERA FARMA;TIADOL;50 mg/g sab. ct. saco plas. x 65 g;TIABENDAZOL;7893454100708;1044001870022;90418310;541718010017617;N;N;1;29.75;39.91;29.75;39.91;;BRAS_PF_PMC;ed. 1100;20;
BRASINDICE;1100;medicamento;0000084550;05;574-26371-FKOX;TORRENT;TIAG;90 mg. ct. bl. al/al x 60 cprs. rev.;TICAGRELOR;8903855081892;1052500870037;90514220;532721060042404;N;N;60;167.82;231.32;2.8;3.86;;BRAS_PF_PMC;ed. 1098;20;
BRASINDICE;1100;medicamento;0000090713;05;574-26371-FRYV;TORRENT;TIAG;90 mg ct. bl. al. al. x 10 cprs. rev.;TICAGRELOR;8903855081878;1052500870010;90514203;532721060042204;N;N;10;48.36;66.66;4.84;6.67;;BRAS_PF_PMC;ed. 1090;20;
BRASINDICE;1100;medicamento;0000073656;05;1010-18953-EWNQ;CELLERA FARMA;TIAPLEX;50 mg/g pom. derm. ct. bisn. al. x 20 g;TIABENDAZOL;7893454510217;1044000860015;90104293;514006001167417;N;N;1;21.01;28.18;21.01;28.18;;BRAS_PF_PMC;ed. 1100;20;
BRASINDICE;1100;medicamento;0000013750;05;473-12174-BQCC;NEO QUIMICA;TIBIAL;2,5 mg. cx. bl. 28 cprs.;TIBOLONA;7896714266558;1558405080017;90348168;504612110014614;N;N;28;87.07;120.02;3.11;4.29;;BRAS_PF_PMC;ed. 1091;20;
BRASINDICE;1100;medicamento;0000052918;05;062-21174-DSRP;EMS;TIBOCLIN;2,5 mg. bl. x 30 cprs.;TIBOLONA;7896004742236;1023511860026;90389891;541812090003904;N;N;30;64.55;89.24;2.15;2.97;;BRAS_PF_PMC;ed. 1079;20;
BRASINDICE;1100;medicamento;0000051045;05;473-20848-DQKF;NEO QUIMICA;TIBOLONA - GENERICO;2,5 mg. bl. 28 cprs.;TIBOLONA;7896714242194;1558403780011;90282876;504613010015306;S;N;28;59.82;82.46;2.14;2.94;;BRAS_PF_PMC;ed. 1091;20;
BRASINDICE;1100;medicamento;0000051683;05;062-20848-CSJT;EMS;TIBOLONA - GENERICO;2,5 mg bl. 30 cprs.;TIBOLONA;7896004742199;1023510750022;90256786;541812100004006;S;N;30;61.92;85.6;2.06;2.85;;BRAS_PF_PMC;ed. 1079;20;
BRASINDICE;1100;medicamento;0000051689;05;591-20848-CSJT;GERMED;TIBOLONA - GENERICO;2,5 mg bl. 30 cprs.;TIBOLONA;7896004742212;1058308570021;90384083;526112100087406;S;N;30;63.36;87.34;2.11;2.91;;BRAS_PF_PMC;ed. 1092;20;
BRASINDICE;1100;medicamento;0000052098;05;583-20848-CSJT;NOVA QUIMICA;TIBOLONA - GENERICO;2,5 mg bl. 30 cprs.;TIBOLONA;7895296132039;1181904620024;90583531;607024030103517;S;N;30;64.06;88.3;2.14;2.94;;BRAS_PF_PMC;ed. 1092;20;
BRASINDICE;1100;medicamento;0000091358;05;368-27885-FSUX;SERVIER;TIBSOVO;250 mg. ct. fr. plas. pead opc x 60 cprs. rev.;IVOSIDENIBE;3664898118642;1127800890012;90591038;531324080013401;N;N;60;104532.46;140226.57;1742.21;2337.11;;BRAS_PF_PMC;ed. 1099;20;
BRASINDICE;1100;medicamento;0000091215;05;574-27869-FSPU;TORRENT;TICAGRELOR - GENERICO;90 mg. 60 tab.;TICAGRELOR;8903855085609;1052500940035;90544420;532722080049906;S;N;60;239.16;329.66;3.99;5.49;;BRAS_PF_PMC;ed. 1090;20;
BRASINDICE;1100;medicamento;0000092911;05;529-27869-FUTH;RANBAXY;TICAGRELOR - GENERICO;90 mg ct. bl. al. plas. PVC/PVDC trans. x 10 cprs. rev.;TICAGRELOR;7897076923851;1235202950019;90601521;529924120083006;S;N;10;42.92;59.33;4.29;5.93;;BRAS_PF_PMC;ed. 1094;20;
BRASINDICE;1100;medicamento;0000092912;05;529-27869-FUTI;RANBAXY;TICAGRELOR - GENERICO;90 mg ct. bl. al. plas. PVC/PVDC trans. x 20 cprs. rev.;TICAGRELOR;7897076923875;1235202950027;90601530;529924120082806;S;N;20;85.82;118.63;4.29;5.93;;BRAS_PF_PMC;ed. 1094;20;
BRASINDICE;1100;medicamento;0000092913;05;529-27869-FUTJ;RANBAXY;TICAGRELOR - GENERICO;90 mg ct. bl. al. plas. PVC/PVDC trans. x 30 cprs. rev.;TICAGRELOR;7897076923868;1235202950035;90601548;529924120082906;S;N;30;128.75;177.98;4.29;5.93;;BRAS_PF_PMC;ed. 1094;20;
BRASINDICE;1100;medicamento;0000092914;05;529-27869-FUTK;RANBAXY;TICAGRELOR - GENERICO;90 mg ct. bl. al. plas. PVC/PVDC trans. x 60 cprs. rev.;TICAGRELOR;7897076923882;1235202950043;90601556;529924120083106;S;N;60;257.54;356;4.29;5.93;;BRAS_PF_PMC;ed. 1094;20;
BRASINDICE;1100;medicamento;0000083705;05;048-26227-FJPX;ACHE;TIGECICLINA - GENERICO (Restrito Hosp.);50 mg po liof. infus. 10 fr. amp.;TIGECICLINA;7896658038341;1057307530018;90508750;552921020136106;S;S;10;1766.54;0;176.65;0;;BRAS_PF_PMC;ed. 1091;20;
BRASINDICE;1100;medicamento;0000088798;05;427-26227-FPPA;BLAU FARM.;TIGECICLINA - GENERICO (Restrito Hosp.);50 mg po liof. sol. infus. IV cx. 10 FA vd. trans.;TIGECICLINA;7896014680573;1163702040010;90568494;504423090085306;S;S;10;1834.18;0;183.42;0;;BRAS_PF_PMC;ed. 1097;20;
BRASINDICE;1100;medicamento;0000092336;05;748-26227-FUAB;ACCORD;TIGECICLINA - GENERICO (Restrito Hosp.);50 mg po liof. sol. inj. IV ct. FA vd. trans.;TIGECICLINA;7898902274000;1553701270010;90604270;538025020051806;S;S;1;183.41;0;183.41;0;;BRAS_PF_PMC;ed. 1092;20;
BRASINDICE;1100;medicamento;0000092337;05;748-26227-FUAD;ACCORD;TIGECICLINA - GENERICO (Restrito Hosp.);50 mg po liof. sol. inj.  IV ct. 10 FA vd. trans.;TIGECICLINA;7898577811715;1553701270029;90604288;538025020051906;S;S;10;1834.17;0;183.42;0;;BRAS_PF_PMC;ed. 1092;20;
BRASINDICE;1100;medicamento;0000076481;05;963-02689-FUIQ;VIATRIS;TILATIL;20 mg ct. bl. al. plas. trans. x 10 cprs. rev.;TENOXICAM;7898560664113;1883000590011;90430590;541519030014717;N;N;10;77.64;107.02;7.76;10.7;;BRAS_PF_PMC;ed. 1097;20;
BRASINDICE;1100;medicamento;0000070460;05;703-23538-ETAJ;MYRALIS;TILESTAL;37,5 mg. + 325 mg. bl. al. plas. trans. x 10 cprs. rev.;"CLORIDRATO DE TRAMADOL;PARACETAMOL";7898430191916;1146200060023;90432410;575219030000317;N;N;10;22.21;29.79;2.22;2.98;;BRAS_PF_PMC;ed. 1091;20;
BRASINDICE;1100;medicamento;0000070461;05;703-23538-ETAK;MYRALIS;TILESTAL;37,5 mg. + 325 mg. bl. al. plas. trans. x 20 cprs. rev.;"CLORIDRATO DE TRAMADOL;PARACETAMOL";7898430191923;1146200060031;90441630;575219120003417;N;N;20;42.61;57.16;2.13;2.86;;BRAS_PF_PMC;ed. 1094;20;
BRASINDICE;1100;medicamento;0000084608;05;703-23538-FKQY;MYRALIS;TILESTAL;Cx. 30 cprs. rev. or.;"CLORIDRATO DE TRAMADOL;PARACETAMOL";7898430194139;1146200060041;90520459;575221090008003;N;N;30;61.35;82.3;2.04;2.74;;BRAS_PF_PMC;ed. 1091;20;
BRASINDICE;1100;medicamento;0000076075;05;676-14565-EYUW;CIFARMA;TILONAX;20 mg. ct. bl. al. plas. trans. x 10 cprs. rev.;TENOXICAM;7898495602822;1156001880011;90369718;506316120029604;N;N;10;41.38;57.04;4.14;5.7;;BRAS_PF_PMC;ed. 1097;20;
BRASINDICE;1100;medicamento;0000027370;05;473-16280-CNVQ;NEO QUIMICA;TILUGEN;2 mg/ml xpe. fr. vd. x120 ml + cp. med.;FENDIZOATO DE CLOPERASTINA;7896714225562;1558402310011;90295307;504614010018818;N;N;1;31.9;42.79;31.9;42.79;;BRAS_PF_PMC;ed. 1066;20;
BRASINDICE;1100;medicamento;0000088435;05;072-27290-FPAR;EUROFARMA;TIMB (CONVENIO 162/94);250 mg ct. bl. al. plas. pvc. trans. x 30 cprs. rev.;GEFITINIBE;7891317020255;1004314630013;90561465;508023050173604;N;N;30;5024.37;6925.57;167.48;230.85;;BRAS_PF_PMC;ed. 1094;20;
BRASINDICE;1100;medicamento;0000078267;05;981-02692-FCNE;MUNDIPHARMA;TIMOPTOL;5 mg/ml. sol. oft. fr. 5 ml.;MALEATO ÁCIDO DE TIMOLOL;7898586631380;1919800060028;90422996;556718030001707;N;N;1;17.82;24.56;17.82;24.56;;BRAS_PF_PMC;ed. 1090;20;
BRASINDICE;1100;medicamento;0000078268;05;981-25015-FCNE;MUNDIPHARMA;TIMOPTOL XE;5 mg/ml. sol. oft. fr. 5 ml.;MALEATO ÁCIDO DE TIMOLOL;7898586631397;1919800060052;90423003;556718030001807;N;N;1;61.42;84.66;61.42;84.66;;BRAS_PF_PMC;ed. 1090;20;
BRASINDICE;1094;medicamento;0000085073;05;376-21907-FLEP;HEBRON;TIMYNA;Emulgel fr. 30 g;;7896685303870;25351572022202070;;;N;;1;194.92;0;194.92;0;;BRAS_PF_PMC;ed. 1090;20;
BRASINDICE;1100;medicamento;0000056878;05;473-09914-BYZJ;NEO QUIMICA;TINIDAZOL + NITRATO DE MICONAZOL - GENERICO;30 mg/g + 20 mg/g creme vag. bisn. 40 g + 7 aplic.;"NITRATO DE MICONAZOL;TINIDAZOL";7897322703794;1781700680019;90248058;540901801160113;S;N;1;38.16;51.19;38.16;51.19;;BRAS_PF_PMC;ed. 1091;20;
BRASINDICE;1100;medicamento;0000071818;05;100-09914-EUSE;GEOLAB;TINIDAZOL + NITRATO DE MICONAZOL - GENERICO;Creme vag. 30 mg/g + 20 mg/g bisn. 45 g + 7 aplic.;"NITRATO DE MICONAZOL;TINIDAZOL";7899095230095;1542301150012;90080785;510410901163118;S;N;1;35.22;47.25;35.22;47.25;;BRAS_PF_PMC;ed. 1094;20;
BRASINDICE;1100;medicamento;0000080851;05;072-09914-FGAY;EUROFARMA;TINIDAZOL + NITRATO DE MICONAZOL - GENERICO;30 mg/g + 20 mg/g creme vag. ct. bisn. al. x 40 g + 7 aplic.;"NITRATO DE MICONAZOL;TINIDAZOL";7891317009168;1004312930011;90486820;508020080133007;S;N;1;25.61;34.35;25.61;34.35;;BRAS_PF_PMC;ed. 1091;20;
BRASINDICE;1100;medicamento;0000028411;05;591-13987-COYW;GERMED;TINIDAZOL - GENERICO;500 mg. 1 bl. x 4 cprs. rev.;TINIDAZOL;7896004720708;1058305200019;90087313;526128301118112;S;N;4;11.65;15.63;2.91;3.91;;BRAS_PF_PMC;ed. 1092;20;
BRASINDICE;1100;medicamento;0000074659;05;100-24315-EXRR;GEOLAB;TININ;20 + 30 mg/g. creme vag. bisn. x 35 g. c/7 aplic.;"TINIDAZOL;TIOCONAZOL";7899095203426;1542300870011;90080793;510409601161418;N;N;1;59.13;79.32;59.13;79.32;;BRAS_PF_PMC;ed. 1094;20;
BRASINDICE;1100;medicamento;0000058002;05;427-21910-DZLC;BLAU FARM.;TIOCOLCHICOSIDEO - GENERICO;2 mg/ml sol. inj. cx. 3 amps. vd. inc. x 2 ml;TIOCOLCHICOSÍDEO;7896014656769;1163701060026;90295323;504414010039316;S;N;3;9.54;12.8;3.18;4.27;;BRAS_PF_PMC;ed. 1097;20;
BRASINDICE;1100;medicamento;0000083461;05;479-21911-FJHL;FRESENIUS KABI;TIOCOLCHICOSIDEO - GENERICO (Restrito Hosp.);2 mg/ml sol. inj. IM cx. 25 amps. vd. amb. x 2 ml;TIOCOLCHICOSÍDEO;7899498608712;1004102220016;90508769;509521040029106;S;S;25;79.67;0;3.19;0;;BRAS_PF_PMC;ed. 1096;20;
BRASINDICE;1100;medicamento;0000010044;05;062-09915-BNYB;EMS;TIOCONAZOL + TINIDAZOL - GENERICO;20 mg. + 30 mg. bisn. 35 g. + 7 aplic.;"TINIDAZOL;TIOCONAZOL";7896004705132;1023505800017;90059867;507723901162116;S;N;1;56.6;75.93;56.6;75.93;;BRAS_PF_PMC;ed. 1079;20;
BRASINDICE;1100;medicamento;0000010048;05;517-09915-CFCA;PRATI DONADUZZI;TIOCONAZOL + TINIDAZOL - GENERICO;20 mg/g + 30 mg/g crem. vag. ct. bg. al. x 35 g + 7 aplic.;"TINIDAZOL;TIOCONAZOL";7898148298655;1256800860059;90183410;528505205167113;S;N;1;52.99;71.08;52.99;71.08;;BRAS_PF_PMC;ed. 1091;20;
BRASINDICE;1100;medicamento;0000010050;05;591-09915-CGYI;GERMED;TIOCONAZOL + TINIDAZOL - GENERICO;Creme vag. 35 g + 7 aplic.;"TINIDAZOL;TIOCONAZOL";7896004709444;1058302900011;90087330;526111801163112;S;N;1;53.75;72.1;53.75;72.1;;BRAS_PF_PMC;ed. 1092;20;
BRASINDICE;1100;medicamento;0000025775;05;473-09915-CLYL;NEO QUIMICA;TIOCONAZOL + TINIDAZOL - GENERICO;20 mg/g + 30 mg/g creme vag. bisn. 35 g + 7 aplic.;"TINIDAZOL;TIOCONAZOL";7896714224107;1558401600016;90371968;504617020050217;S;N;1;55.88;74.96;55.88;74.96;;BRAS_PF_PMC;ed. 1066;20;
BRASINDICE;1100;medicamento;0000071819;05;100-09915-EUSF;GEOLAB;TIOCONAZOL + TINIDAZOL - GENERICO;Creme vag. 20 mg/g + 30 mg/g bisn. 35 g + 7 aplic.;"TINIDAZOL;TIOCONAZOL";7899095232655;1542300840015;90080807;510409501165111;S;N;1;54.25;72.77;54.25;72.77;;BRAS_PF_PMC;ed. 1094;20;
BRASINDICE;1100;medicamento;0000091530;05;1092-09915-FSYX;GLOBO PHARMA;TIOCONAZOL + TINIDAZOL - GENERICO;20 + 30 mg creme vag. bisn. 35 g + 7 aplic.;"TINIDAZOL;TIOCONAZOL";7898060137926;1053501540012;90114418;517609301167111;S;N;1;53;71.1;53;71.1;;BRAS_PF_PMC;ed. 1095;20;
BRASINDICE;1100;medicamento;0000012421;05;581-11573-FTPG;CAZI;TIONAZEN;280 mg/ml sol. ct. fr. vd. amb. x 12 ml;TIOCONAZOL;7893736016000;1071501360020;90039106;505510203178410;N;N;1;284.63;381.82;284.63;381.82;;BRAS_PF_PMC;ed. 1097;20;
BRASINDICE;1100;medicamento;0000004980;05;440-06643-FPDH;BAGO;TIORFAN;100 mg ct. bl. al. plas. PVC/PVDC trans. x 9 caps. dura;RACECADOTRILA;7898906376410;1562600020026;90123646;536500301118317;N;N;9;41.91;56.23;4.66;6.25;;BRAS_PF_PMC;ed. 1092;20;
BRASINDICE;1100;medicamento;0000021061;05;440-06643-FPDI;BAGO;TIORFAN;30 mg gran. or. ct. PAP/AL/PLAS pebd. opc. x 18 env.;RACECADOTRILA;7898906376465;1562600020042;90123700;536500304176318;N;N;18;48.51;65.07;2.7;3.62;;BRAS_PF_PMC;ed. 1092;20;
BRASINDICE;1100;medicamento;0000037703;05;440-06643-FPDJ;BAGO;TIORFAN;10 mg gran. or. ct. PAP/AL/PLAS pebd. opc. x 18 env.;RACECADOTRILA;7898906376434;1562600020085;90123662;536500306136313;N;N;18;45.8;61.44;2.54;3.41;;BRAS_PF_PMC;ed. 1092;20;
BRASINDICE;1100;medicamento;0000013753;05;062-12181-BNYC;EMS;TIOTRAX;Creme bisn. 35 g + 7 aplic.;"TINIDAZOL;TIOCONAZOL";7896004705033;1023508010016;90377362;507724001165419;N;N;1;57.71;77.42;57.71;77.42;;BRAS_PF_PMC;ed. 1079;20;
BRASINDICE;1094;medicamento;0000080761;05;1046-25473-FFXQ;TOCARE;TIRA TESTE GLICEMIA GLICOO;Cx. 50 unidades;;7898957228317;80975210006;;;N;;50;28.9;0;0.58;0;;BRAS_PF_PMC;ed. 1066;20;
BRASINDICE;1094;medicamento;0000080762;05;1046-25473-FFXR;TOCARE;TIRA TESTE GLICEMIA GLICOO;Cx. 25 unidades;;7898957228379;80975210006;;;N;;25;21.4;0;0.86;0;;BRAS_PF_PMC;ed. 1066;20;
BRASINDICE;1100;medicamento;0000063333;05;413-22615-EGST;BAXTER;TISSEEL LYO (Restrito Hosp.);2 ml - (Kit 2 FA vd. inc. po liof. + 2 FA dil. x 1 ml + sist. rec. e aplic.);"APROTININA;TROMBINA;FIBRINOGÊNIO";7898473023007;1068301820028;90299620;503215110023903;N;S;1;835.73;0;835.73;0;;BRAS_PF_PMC;ed. 1070;20;
BRASINDICE;1100;medicamento;0000063334;05;413-22615-EGSU;BAXTER;TISSEEL LYO (Restrito Hosp.);4 ml - (Kit 2 FA vd. inc. po liof. + 2 FA dil. x 2 ml + sist. rec. e aplic.);"APROTININA;TROMBINA;FIBRINOGÊNIO";7898473023014;1068301820036;90299639;503215110024003;N;S;1;1587.83;0;1587.83;0;;BRAS_PF_PMC;ed. 1070;20;
BRASINDICE;1100;medicamento;0000063335;05;413-22615-EGSV;BAXTER;TISSEEL LYO (Restrito Hosp.);10 ml - (Kit 2 FA vd. inc. po liof. + 2 FA dil. x 5 ml + sist. rec. e aplic.);"APROTININA;TROMBINA;FIBRINOGÊNIO";7898473023021;1068301820060;90299647;503215110024103;N;S;1;3811.02;0;3811.02;0;;BRAS_PF_PMC;ed. 1070;20;
BRASINDICE;1100;medicamento;0000063336;05;413-27220-EGSW;BAXTER;TISSEEL PRIMA (Restrito Hosp.);Frozen 2 ml - (sol. top. ct ser. preenc. x 2 ml + sist. aplic.);"APROTININA;TROMBINA;FIBRINOGÊNIO";7898473026510;1068301820079;90299590;503215110023603;N;S;1;835.73;0;835.73;0;;BRAS_PF_PMC;ed. 1070;20;
BRASINDICE;1100;medicamento;0000063337;05;413-27220-EGSX;BAXTER;TISSEEL PRIMA (Restrito Hosp.);Frozen 4 ml - (sol. top. ct ser. preenc. x 4 ml + sist. aplic.);"APROTININA;TROMBINA;FIBRINOGÊNIO";7898473026527;1068301820087;90299604;503215110023703;N;S;1;1587.83;0;1587.83;0;;BRAS_PF_PMC;ed. 1070;20;
BRASINDICE;1100;medicamento;0000063338;05;413-27220-EGSY;BAXTER;TISSEEL PRIMA (Restrito Hosp.);Frozen 10 ml - (sol. top. ct ser. preenc. x 10 ml + sist. aplic.);"APROTININA;TROMBINA;FIBRINOGÊNIO";7898473026534;1068301820095;90299612;503215110023803;N;S;1;3811.02;0;3811.02;0;;BRAS_PF_PMC;ed. 1070;20;
BRASINDICE;1100;medicamento;0000089896;05;100-24316-FPPF;GEOLAB;TITENIL;20 mg cx. 10 cprs. rev.;TENOXICAM;7899095204027;1542303460019;90568460;510423080191303;N;N;10;24.83;34.23;2.48;3.42;;BRAS_PF_PMC;ed. 1094;20;
BRASINDICE;1100;medicamento;0000057338;05;562-21818-DYLJ;GLAXOSMITHKLINE;TIVICAY;50 mg. fr. plast. x 30 cprs.;DOLUTEGRAVIR SÓDICO;7896015528911;1010703000015;90309367;510614080052502;N;N;30;2783.34;3733.75;92.78;124.46;;BRAS_PF_PMC;ed. 1094;20;
BRASINDICE;1100;medicamento;0000085711;05;562-26554-FLXY;GLAXOSMITHKLINE;TIVICAY PD;5 mg sus. or. x 60 cprs. disp.;DOLUTEGRAVIR SÓDICO;7896015592646;1010703510013;90518411;510621100058505;N;N;60;908.77;1219.08;15.15;20.32;;BRAS_PF_PMC;ed. 1094;20;
BRASINDICE;1100;medicamento;0000076083;05;574-24682-ETUP;TORRENT;TOARIP;10 mg. ct. bl. al/al x 10 cprs.;ARIPIPRAZOL;8903855078601;1052500760010;90413768;532718100030604;N;N;10;59.58;82.12;5.96;8.21;;BRAS_PF_PMC;ed. 1090;20;
BRASINDICE;1100;medicamento;0000076084;05;574-24682-CRDA;TORRENT;TOARIP;10 mg. ct. bl. al/al x 30 cprs.;ARIPIPRAZOL;8903855078618;1052500760071;90413776;532718100030704;N;N;30;147.57;203.41;4.92;6.78;;BRAS_PF_PMC;ed. 1090;20;
BRASINDICE;1100;medicamento;0000076086;05;574-24682-DRQY;TORRENT;TOARIP;15 mg. ct. bl. al/al x 30 cprs.;ARIPIPRAZOL;8903855078632;1052500760053;90413792;532718100030904;N;N;30;256.3;353.28;8.54;11.78;;BRAS_PF_PMC;ed. 1090;20;
BRASINDICE;1100;medicamento;0000076088;05;574-24682-CRDB;TORRENT;TOARIP;20 mg. ct. bl. al/al x 30 cprs.;ARIPIPRAZOL;8903855078656;1052500760061;90413814;532718100031104;N;N;30;338.52;466.61;11.28;15.55;;BRAS_PF_PMC;ed. 1090;20;
BRASINDICE;1100;medicamento;0000076090;05;574-24682-DRRA;TORRENT;TOARIP;30 mg. ct. bl. al/al x 30 cprs.;ARIPIPRAZOL;8903855078670;1052500760045;90413830;532718100031304;N;N;30;451.75;622.69;15.06;20.76;;BRAS_PF_PMC;ed. 1090;20;
BRASINDICE;1100;medicamento;0000077580;05;348-12258-EEOT;CRISTALIA;TOBRACIN;3 mg/g pom. oft. ct. bisn. al. x 3,5 g;TOBRAMICINA;7896676433425;1029804940014;90433092;506719050078417;N;N;1;37.92;52.28;37.92;52.28;;BRAS_PF_PMC;ed. 1094;20;
BRASINDICE;1100;medicamento;0000078287;05;348-12258-FCNN;CRISTALIA;TOBRACIN;3 mg/ml. sol. oft. ct. fr. plast. trans. got. x 5 ml.;TOBRAMICINA;7896676433395;1029804940022;90435753;506719080080817;N;N;1;19.56;26.96;19.56;26.96;;BRAS_PF_PMC;ed. 1094;20;
BRASINDICE;1100;medicamento;0000007713;05;001-08280-BDJV;UNIAO QUIMICA;TOBRACORT;Colirio 5 ml;"DEXAMETASONA;TOBRAMICINA";7896006290520;1049713050010;90210131;533010902171416;N;N;1;30.37;41.86;30.37;41.86;;BRAS_PF_PMC;ed. 1096;20;
BRASINDICE;1100;medicamento;0000007714;05;001-08280-BDJW;UNIAO QUIMICA;TOBRACORT;Pom. 3,5 g;"DEXAMETASONA;TOBRAMICINA";7896006290537;1049713050029;90210123;533010901165412;N;N;1;32.76;45.16;32.76;45.16;;BRAS_PF_PMC;ed. 1096;20;
BRASINDICE;1100;medicamento;0000037712;05;173-18414-CYBD;LEGRAND;TOBRACULAR;3 mg/ml fr. 5 ml;TOBRAMICINA;7896004726182;1677305400012;90438132;538803201175410;N;N;1;18.75;25.84;18.75;25.84;;BRAS_PF_PMC;ed. 1092;20;
BRASINDICE;1100;medicamento;0000069679;05;352-03996-ADCD;NOVARTIS;TOBRADEX;Pom. oft. bisn. 3,5 g;"DEXAMETASONA;TOBRAMICINA";7896548198070;1006810980023;90297547;500903401160319;N;N;1;39.48;54.42;39.48;54.42;;BRAS_PF_PMC;ed. 1095;20;
BRASINDICE;1100;medicamento;0000069680;05;352-03996-AOXH;NOVARTIS;TOBRADEX;Susp. fr. 5 ml;"DEXAMETASONA;TOBRAMICINA";7896548112908;1006810980015;90297555;500903402175311;N;N;1;36.47;50.27;36.47;50.27;;BRAS_PF_PMC;ed. 1095;20;
BRASINDICE;1100;medicamento;0000036217;05;062-17961-ABOX;EMS;TOBRALOX;Sol. oft. fr. 5 ml;;7896004726359;1023509530014;90059913;507743001175410;N;;1;16.17;22.35;16.17;22.35;;BRAS_PF_PMC;ed. 1079;20;
BRASINDICE;1100;medicamento;0000034154;05;632-09128-CVBA;GEN - LEGRAND;TOBRAMICINA - GENERICO;3 mg. sol. oft. fr. 5 ml;TOBRAMICINA;7894916145541;1677304950019;90438108;538802601171112;S;N;1;19.04;26.24;19.04;26.24;;BRAS_PF_PMC;ed. 1092;20;
BRASINDICE;1100;medicamento;0000035580;05;591-09128-CWNS;GERMED;TOBRAMICINA - GENERICO;3 mg/ml sol. oft. fr. 5 ml;TOBRAMICINA;7896004726151;1058308520014;90384377;526131801177118;S;N;1;19.04;26.24;19.04;26.24;;BRAS_PF_PMC;ed. 1092;20;
BRASINDICE;1100;medicamento;0000051044;05;473-09128-DQKE;NEO QUIMICA;TOBRAMICINA - GENERICO;3 mg/ml sol. oft. fr. plast. opc. x 5 ml;TOBRAMICINA;7896714215204;1558401930016;90282566;504612070013506;S;N;1;19.06;26.27;19.06;26.27;;BRAS_PF_PMC;ed. 1096;20;
BRASINDICE;1100;medicamento;0000054726;05;583-09128-DUZE;NOVA QUIMICA;TOBRAMICINA - GENERICO;3 mg. fr. 5 ml;TOBRAMICINA;7895296052016;1181904210012;90583574;607024030102817;S;N;1;19.04;26.24;19.04;26.24;;BRAS_PF_PMC;ed. 1092;20;
BRASINDICE;1100;medicamento;0000085637;05;100-09128-CWNS;GEOLAB;TOBRAMICINA - GENERICO;3 mg/ml sol. oft. fr. 5 ml;TOBRAMICINA;7899095230330;1542302610017;90379721;510417070156206;S;N;1;19.05;26.26;19.05;26.26;;BRAS_PF_PMC;ed. 1094;20;
BRASINDICE;1100;medicamento;0000065364;05;608-02707-ELLX;ABL;TOBRAMINA (Restrito Hosp.);50 mg/ml sol. inj. IM/IV ct. 10 amps. vd. trans. x 1,5 ml;SULFATO DE TOBRAMICINA;7898564760071;1556200100044;90298357;501315070019103;N;S;10;484.46;0;48.45;0;;BRAS_PF_PMC;ed. 1097;20;
BRASINDICE;1100;medicamento;0000075098;05;608-02707-AMKI;ABL;TOBRAMINA (Restrito Hosp.);75 mg. cx. 2 amps. 1,5 ml;;7898901848066;1556200100011;90008782;501300502151318;N;S;2;89.98;0;44.99;0;;BRAS_PF_PMC;ed. 1045;20;
BRASINDICE;1100;medicamento;0000057774;05;729-21874-DZBP;TEVA;TOBRAZOL (Restrito Hosp.);300 mg/5 ml sol. inal. ct. 14 envs. al. x 4 amps. trans. x 5 ml;TOBRAMICINA;7898919603770;1557300260017;90295358;537514010004704;N;S;56;10297.91;0;183.89;0;;BRAS_PF_PMC;ed. 1092;20;
BRASINDICE;1100;medicamento;0000069681;05;352-02708-AGAU;NOVARTIS;TOBREX;Pom. 3,5 g.;TOBRAMICINA;7896548198162;1006811000022;90297571;500903701164311;N;N;1;37.18;51.25;37.18;51.25;;BRAS_PF_PMC;ed. 1095;20;
BRASINDICE;1100;medicamento;0000069682;05;352-02708-AGAT;NOVARTIS;TOBREX;Sol. ocular 5 ml.;TOBRAMICINA;7896548112717;1006811000014;90297580;500903702179310;N;N;1;29.3;40.39;29.3;40.39;;BRAS_PF_PMC;ed. 1095;20;
BRASINDICE;1094;medicamento;0000087329;05;1082-26844-CRPJ;MICREX;TOCMED ESPUMA;Frasco 100 ml;;7898922749465;;;;N;;1;37;0;37;0;;BRAS_PF_PMC;ed. 1071;20;
BRASINDICE;1094;medicamento;0000087328;05;1082-26843-FNNX;MICREX;TOCMED SERUM;Frasco 30 ml;;7898922749243;;;;N;;1;49;0;49;0;;BRAS_PF_PMC;ed. 1071;20;
BRASINDICE;1094;medicamento;0000087327;05;1082-26842-FNNW;MICREX;TOCMED SPRAY;Frasco 150 ml;;7898922749922;;;;N;;1;55;0;55;0;;BRAS_PF_PMC;ed. 1071;20;
BRASINDICE;1100;medicamento;0000075589;05;173-24587-BIBQ;LEGRAND;TODOC;400 mg. bl. 10 cprs. rev.;ETODOLACO;7896004760063;1677305830106;90416007;538818100057004;N;N;10;15.96;22;1.6;2.2;;BRAS_PF_PMC;ed. 1092;20;
BRASINDICE;1100;medicamento;0000092713;05;776-28250-FUMY;GERMED PHARMA;TODUZE;100 mg/ml x 30 ml sol. gotas;TOPIRAMATO;7896004794150;1023514230015;90568508;541823080198005;N;N;1;148.52;204.72;148.52;204.72;;BRAS_PF_PMC;ed. 1092;20;
BRASINDICE;1100;medicamento;0000077073;05;048-04616-FAVY;ACHE;TOLREST;50 mg. ct. x 30 cprs. rev.;CLORIDRATO DE SERTRALINA;7896181916451;1057301310024;90615123;552919110081707;N;N;30;54.61;75.27;1.82;2.51;;BRAS_PF_PMC;ed. 1091;20;
BRASINDICE;1100;medicamento;0000077074;05;048-04616-FAVZ;ACHE;TOLREST;100 mg. ct. x 30 cprs. rev.;CLORIDRATO DE SERTRALINA;7896181916475;1057305640134;90441303;552919110081807;N;N;30;149.85;206.55;5;6.89;;BRAS_PF_PMC;ed. 1091;20;
BRASINDICE;1100;medicamento;0000077494;05;048-04616-FBOL;ACHE;TOLREST;75 mg bl. x 30 cprs. rev. (C1);CLORIDRATO DE SERTRALINA;7896181902386;1057305930086;90447689;552919120096617;N;N;30;123.57;170.33;4.12;5.68;;BRAS_PF_PMC;ed. 1091;20;
BRASINDICE;1100;medicamento;0000077498;05;048-04616-FBOP;ACHE;TOLREST;25 mg bl. x 7 cprs. rev. (C1);CLORIDRATO DE SERTRALINA;7896181902713;1057305930019;90447654;552919120096317;N;N;7;34.55;47.62;4.94;6.8;;BRAS_PF_PMC;ed. 1091;20;
BRASINDICE;1100;medicamento;0000077876;05;048-04616-FCAY;ACHE;TOLREST;25 mg. bl. 30 cprs. rev. (C1);CLORIDRATO DE SERTRALINA;7896181916437;1057305930108;90447697;552919120096717;N;N;30;47.23;65.1;1.57;2.17;;BRAS_PF_PMC;ed. 1091;20;
BRASINDICE;1100;medicamento;0000088467;05;048-04616-FPBU;ACHE;TOLREST;75 mg bl. x 60  cprs. rev. (C1);CLORIDRATO DE SERTRALINA;7896658040627;1057305930116;90560485;552923030158203;N;N;60;213.68;294.54;3.56;4.91;;BRAS_PF_PMC;ed. 1091;20;
BRASINDICE;1100;medicamento;0000088468;05;048-04616-FPBV;ACHE;TOLREST;100 mg  bl. x 60 cprs. rev. (C1);CLORIDRATO DE SERTRALINA;7896658040610;1057305640150;90562682;552923050160603;N;N;60;224.75;309.79;3.75;5.16;;BRAS_PF_PMC;ed. 1091;20;
BRASINDICE;1100;medicamento;0000093901;05;048-04616-FWEA;ACHE;TOLREST;50 mg ct. bl. x 15 cprs. rev.;CLORIDRATO DE SERTRALINA;7896658053337;1057301310067;90615131;552925110176803;N;N;15;36.02;49.65;2.4;3.31;;BRAS_PF_PMC;ed. 1091;20;
BRASINDICE;1100;medicamento;0000087912;05;170-27105-FOGT;TEUTO BRAS.;TOLZA IV (Restrito Hosp.);40 mg po liof. sol. inj. 25 FA + 25 amps.;PANTOPRAZOL SÓDICO;7896112121749;1037007780030;90552350;520723030117003;N;S;25;3139.96;0;125.6;0;;BRAS_PF_PMC;ed. 1096;20;
BRASINDICE;1100;medicamento;0000011837;05;372-11225-AOGY;JANSSEN - CILAG;TOPAMAX;50 mg. 60 cprs.;TOPIRAMATO;7896212429653;1123633270092;90268792;514504903111313;N;N;60;362.9;500.22;6.05;8.34;;BRAS_PF_PMC;ed. 1096;20;
BRASINDICE;1100;medicamento;0000011838;05;372-11225-AOGZ;JANSSEN - CILAG;TOPAMAX;100 mg 60 cprs.;TOPIRAMATO;7896212429660;1123633270106;90311159;514504901119317;N;N;60;731.77;1008.67;12.2;16.81;;BRAS_PF_PMC;ed. 1096;20;
BRASINDICE;1100;medicamento;0000011839;05;372-11225-FSBY;JANSSEN - CILAG;TOPAMAX;25 mg ct. bl. al. al. x 60 cprs. rev.;TOPIRAMATO;7896212429646;1123633270270;90574788;514523110039903;N;N;60;222.22;306.31;3.7;5.11;;BRAS_PF_PMC;ed. 1096;20;
BRASINDICE;1100;medicamento;0000016126;05;001-13406-BVNK;UNIAO QUIMICA;TOPCOID;5 mg/g gel. bisn. 40 g;PROPILPARABENO;7896006280507;1049713020049;90210166;533018801161410;N;N;1;27.57;36.98;27.57;36.98;;BRAS_PF_PMC;ed. 1096;20;
BRASINDICE;1100;medicamento;0000057326;05;932-21816-DYLD;GRUNENTHAL;TOPERMA;5% - 30 emplastros;LIDOCAÍNA;7898582380237;1861000020050;90329996;542814070000502;N;N;30;383.06;613.97;12.77;20.47;;BRAS_PF_PMC;ed. 1093;20;
BRASINDICE;1100;medicamento;0000058033;05;932-21816-DZLT;GRUNENTHAL;TOPERMA;5% - 10 emplastros;LIDOCAÍNA;7898582380206;1861000020026;90329961;542814070000202;N;N;10;148.47;204.65;14.85;20.46;;BRAS_PF_PMC;ed. 1093;20;
BRASINDICE;1100;medicamento;0000019420;05;062-14449-BPYE;EMS;TOPIRAMATO - GENERICO;50 mg. 4 bl. x 15 cprs. rev.;TOPIRAMATO;7896004713014;1023507530246;90059948;507735003113111;S;N;60;142.53;197.04;2.38;3.28;;BRAS_PF_PMC;ed. 1079;20;
BRASINDICE;1100;medicamento;0000019421;05;062-14449-CBQL;EMS;TOPIRAMATO - GENERICO;25 mg. 3 bl. x 20 cprs. rev.;TOPIRAMATO;7896004713021;1023507530092;90059930;507735002117111;S;N;60;78.42;108.41;1.31;1.81;;BRAS_PF_PMC;ed. 1079;20;
BRASINDICE;1100;medicamento;0000019422;05;062-14449-CBQM;EMS;TOPIRAMATO - GENERICO;100 mg. 4 bl. x 15 cprs. rev.;TOPIRAMATO;7896004713007;1023507530394;90059921;507735001110113;S;N;60;209.16;289.15;3.49;4.82;;BRAS_PF_PMC;ed. 1079;20;
BRASINDICE;1100;medicamento;0000019423;05;072-14449-CFGD;EUROFARMA;TOPIRAMATO - GENERICO;25 mg. bl. 60 cprs. rev.;TOPIRAMATO;7891317434328;1004311480010;90336445;508022302112114;S;N;60;82.1;113.17;1.37;1.89;;BRAS_PF_PMC;ed. 1094;20;
BRASINDICE;1100;medicamento;0000019424;05;072-14449-CFGE;EUROFARMA;TOPIRAMATO - GENERICO;50 mg. bl. 60 cprs. rev.;TOPIRAMATO;7891317434335;1004311480029;90336453;508022303119112;S;N;60;148.54;204.75;2.48;3.41;;BRAS_PF_PMC;ed. 1094;20;
BRASINDICE;1100;medicamento;0000019425;05;072-14449-CFGF;EUROFARMA;TOPIRAMATO - GENERICO;100 mg bl. 60 cprs. rev.;TOPIRAMATO;7891317434342;1004311480037;90336437;508022301116116;S;N;60;217.98;300.46;3.63;5.01;;BRAS_PF_PMC;ed. 1094;20;
BRASINDICE;1100;medicamento;0000019426;05;591-14449-BPYE;GERMED;TOPIRAMATO - GENERICO;50 mg. 4 bl. x 15 cprs. rev.;TOPIRAMATO;7896004713052;1058309630093;90504003;526125903117111;S;N;60;154.64;213.16;2.58;3.55;;BRAS_PF_PMC;ed. 1092;20;
BRASINDICE;1100;medicamento;0000019427;05;591-14449-CBQL;GERMED;TOPIRAMATO - GENERICO;25 mg. 3 bl. x 20 cprs. rev.;TOPIRAMATO;7896004713038;1058309630042;90503996;526125902110111;S;N;60;85.45;117.78;1.42;1.96;;BRAS_PF_PMC;ed. 1092;20;
BRASINDICE;1100;medicamento;0000019428;05;591-14449-CBQM;GERMED;TOPIRAMATO - GENERICO;100 mg. 4 bl. x 15 cprs. rev.;TOPIRAMATO;7896004713045;1058309630141;90504011;526125901114113;S;N;60;226.93;312.8;3.78;5.21;;BRAS_PF_PMC;ed. 1092;20;
BRASINDICE;1100;medicamento;0000025513;05;702-14449-CFGF;SANDOZ;TOPIRAMATO - GENERICO;100 mg bl. 60 cprs. rev.;TOPIRAMATO;7897595605474;1004704050127;90193032;511511303111114;S;N;60;142.38;196.26;2.37;3.27;;BRAS_PF_PMC;ed. 1096;20;
BRASINDICE;1100;medicamento;0000025515;05;702-14449-CFGE;SANDOZ;TOPIRAMATO - GENERICO;50 mg. bl. 60 cprs. rev.;TOPIRAMATO;7897595605467;1004704050089;90193059;511511305114110;S;N;60;88.57;122.08;1.48;2.03;;BRAS_PF_PMC;ed. 1096;20;
BRASINDICE;1100;medicamento;0000045015;05;691-14449-CFGE;ZYDUS NIKKHO;TOPIRAMATO - GENERICO;50 mg. bl. 60 cprs. rev.;TOPIRAMATO;7898927562298;1565100310011;90241509;536202801112110;S;N;60;86.73;119.56;1.45;1.99;;BRAS_PF_PMC;ed. 1096;20;
BRASINDICE;1100;medicamento;0000069304;05;748-14449-DLBB;ACCORD;TOPIRAMATO - GENERICO;50 mg. ct. bl. al/al x 60 cprs. rev.;;7898932797142;1553700230082;90242351;538002411112114;S;;60;237.61;328.48;3.96;5.47;;BRAS_PF_PMC;ed. 1066;20;
BRASINDICE;1100;medicamento;0000077660;05;048-14449-FBTV;ACHE;TOPIRAMATO - GENERICO;100 mg. bl. 60 cprs. rev. (C1);TOPIRAMATO;7896181900863;1057306860197;90450930;552920020113317;S;N;60;314.33;433.27;5.24;7.22;;BRAS_PF_PMC;ed. 1091;20;
BRASINDICE;1100;medicamento;0000077661;05;048-14449-FBTW;ACHE;TOPIRAMATO - GENERICO;25 mg. bl. 60 cprs. rev. (C1);TOPIRAMATO;7896181900689;1057306860049;90450914;552920020113117;S;N;60;83.03;114.45;1.38;1.91;;BRAS_PF_PMC;ed. 1091;20;
BRASINDICE;1100;medicamento;0000077662;05;048-14449-FBTX;ACHE;TOPIRAMATO - GENERICO;50 mg. bl. 60 cprs. rev. (C1);TOPIRAMATO;7896181900764;1057306860121;90450922;552920020113217;S;N;60;166.11;228.97;2.77;3.82;;BRAS_PF_PMC;ed. 1091;20;
BRASINDICE;1100;medicamento;0000077925;05;583-14449-FCCM;NOVA QUIMICA;TOPIRAMATO - GENERICO;(C1) 25 mg. 3 bl. x 20 cprs. rev.;TOPIRAMATO;7895296444811;1181903590040;90556682;0;S;N;60;85.45;117.78;1.42;1.96;;BRAS_PF_PMC;ed. 1092;20;
BRASINDICE;1100;medicamento;0000077926;05;583-14449-FCCN;NOVA QUIMICA;TOPIRAMATO - GENERICO;(C1) 100 mg. 4 bl. x 15 cprs. rev.;TOPIRAMATO;7895296444897;1181903590164;90556763;0;S;N;60;226.93;312.8;3.78;5.21;;BRAS_PF_PMC;ed. 1092;20;
BRASINDICE;1100;medicamento;0000081326;05;691-14449-FGRT;ZYDUS NIKKHO;TOPIRAMATO - GENERICO;25 mg ct. bl. al/al x 60 cprs. rev.;TOPIRAMATO;7898927563547;1565100310021;90595815;536220120012207;S;N;60;39.67;54.69;0.66;0.91;;BRAS_PF_PMC;ed. 1096;20;
BRASINDICE;1100;medicamento;0000081327;05;691-14449-FGRU;ZYDUS NIKKHO;TOPIRAMATO - GENERICO;100 mg ct. bl. al/al x 60 cprs. rev.;TOPIRAMATO;7898927562304;1565100310038;90595823;536220120012307;S;N;60;159.96;220.49;2.67;3.67;;BRAS_PF_PMC;ed. 1096;20;
BRASINDICE;1100;medicamento;0000085036;05;583-14449-FLDQ;NOVA QUIMICA;TOPIRAMATO - GENERICO;50 mg 4 bl. x 15 cprs. rev.;TOPIRAMATO;7895296444859;1181903590105;90556720;0;S;N;60;156.02;215.06;2.6;3.58;;BRAS_PF_PMC;ed. 1092;20;
BRASINDICE;1100;medicamento;0000095876;05;529-14449-FYCH;RANBAXY;TOPIRAMATO - GENERICO;25 mg ct. bl. al. x 60 cprs. rev.;TOPIRAMATO;7897076924087;1235202980015;90618220;529925110085406;S;N;60;39.72;54.75;0.66;0.91;;BRAS_PF_PMC;ed. 1100;20;
BRASINDICE;1100;medicamento;0000095877;05;529-14449-FYCI;RANBAXY;TOPIRAMATO - GENERICO;25 mg ct. bl. al. x 200 cprs. rev.;TOPIRAMATO;7897076924094;1235202980023;90618238;529925110085506;S;N;200;132.4;182.49;0.66;0.91;;BRAS_PF_PMC;ed. 1100;20;
BRASINDICE;1100;medicamento;0000095878;05;529-14449-FYCG;RANBAXY;TOPIRAMATO - GENERICO;25 mg ct. bl. al. x 500 cprs. rev.;TOPIRAMATO;7897076924100;1235202980031;90618246;529925110085606;S;N;500;330.98;456.23;0.66;0.91;;BRAS_PF_PMC;ed. 1100;20;
BRASINDICE;1100;medicamento;0000095879;05;529-14449-FYCJ;RANBAXY;TOPIRAMATO - GENERICO;50 mg ct. bl. al. x 60 cprs. rev.;TOPIRAMATO;7897076924117;1235202980041;90618254;529925110085106;S;N;60;72.4;99.79;1.21;1.66;;BRAS_PF_PMC;ed. 1100;20;
BRASINDICE;1100;medicamento;0000095880;05;529-14449-FYCF;RANBAXY;TOPIRAMATO - GENERICO;50 mg ct. bl. al. x 200 cprs. rev.;TOPIRAMATO;7897076924124;1235202980058;90618262;529925110085706;S;N;200;241.33;332.65;1.21;1.66;;BRAS_PF_PMC;ed. 1100;20;
BRASINDICE;1100;medicamento;0000095881;05;529-14449-FYCE;RANBAXY;TOPIRAMATO - GENERICO;50 mg ct. bl. al. x 500 cprs. rev.;TOPIRAMATO;7897076924131;1235202980066;90618270;529925110085806;S;N;500;603.32;831.62;1.21;1.66;;BRAS_PF_PMC;ed. 1100;20;
BRASINDICE;1100;medicamento;0000095882;05;529-14449-FWUH;RANBAXY;TOPIRAMATO - GENERICO;100 mg ct. bl. al. x 60 cprs. rev.;TOPIRAMATO;7897076924148;1235202980074;90618289;529925110085906;S;N;60;142.38;196.26;2.37;3.27;;BRAS_PF_PMC;ed. 1100;20;
BRASINDICE;1100;medicamento;0000095883;05;529-14449-FYCD;RANBAXY;TOPIRAMATO - GENERICO;100 mg ct. bl. al. x 200 cprs. rev.;TOPIRAMATO;7897076924155;1235202980082;90618297;529925110085206;S;N;200;474.61;654.2;2.37;3.27;;BRAS_PF_PMC;ed. 1100;20;
BRASINDICE;1100;medicamento;0000095884;05;529-14449-FYCC;RANBAXY;TOPIRAMATO - GENERICO;100 mg ct. bl. al. x 500 cprs. rev.;TOPIRAMATO;7897076924162;1235202980090;90618300;529925110085306;S;N;500;1186.53;1635.5;2.37;3.27;;BRAS_PF_PMC;ed. 1100;20;
BRASINDICE;1100;medicamento;0000013977;05;034-12343-BQUJ;LIBBS;TOPISON;Creme 1 mg/g 20 g.;FUROATO DE MOMETASONA;7896094201767;1003301140049;90458206;523720020041107;N;N;1;56.8;78.29;56.8;78.29;;BRAS_PF_PMC;ed. 1094;20;
BRASINDICE;1100;medicamento;0000013978;05;034-12343-BQUK;LIBBS;TOPISON;Pom. 1 mg/g 20 g.;FUROATO DE MOMETASONA;7896094201774;1003301140057;90458214;523720020041207;N;N;1;57.35;79.05;57.35;79.05;;BRAS_PF_PMC;ed. 1094;20;
BRASINDICE;1100;medicamento;0000055820;05;748-21588-DWJY;ACCORD;TOPOTACX (Restrito Hosp.) (CONVENIO 162/94);4 mg. po liof. sol. inj. FA vd. x 5 ml;CLORIDRATO DE TOPOTECANA;7898577810015;1553700300013;90282221;538013080014003;N;S;1;1162.54;0;1162.54;0;;BRAS_PF_PMC;ed. 1092;20;
BRASINDICE;1100;medicamento;0000087668;05;387-23527-FNYE;FARMOQUIMICA;TORADOL (Restrito Hosp.);30 mg 10 amps. (emb. hosp.);CETOROLACO TROMETAMINA;7898040322717;1039001900014;90378229;509017020014207;N;S;10;128.52;0;12.85;0;;BRAS_PF_PMC;ed. 1092;20;
BRASINDICE;1100;medicamento;0000013911;05;500-12300-BQPA;SIGMA PHARMA;TORAGESIC;Inj. 30 mg/ml 3 amps. 1 ml;CETOROLACO TROMETAMINA;7894916501682;1356906110076;90239687;531613203153410;N;N;3;40.65;56.03;13.55;18.68;;BRAS_PF_PMC;ed. 1099;20;
BRASINDICE;1100;medicamento;0000013913;05;500-12300-BXMW;SIGMA PHARMA;TORAGESIC;20 mg/ml gts. fr. 10 ml;CETOROLACO TROMETAMINA;7894916501668;1356906110092;90064860;531613201134419;N;N;1;57.24;79.13;57.24;79.13;;BRAS_PF_PMC;ed. 1099;20;
BRASINDICE;1100;medicamento;0000078819;05;173-12300-FDEW;LEGRAND;TORAGESIC;5 mg/ml sol. oft. fr. c/5 ml;CETOROLACO TROMETAMINA;7896004768366;1356907350011;90434102;531619050087204;N;N;1;39.95;55.07;39.95;55.07;;BRAS_PF_PMC;ed. 1092;20;
BRASINDICE;1100;medicamento;0000012058;05;500-11362-AVVV;SIGMA PHARMA;TORAGESIC SL;10 mg cx. 10 cprs.;TROMETAMOL CETOROLACO;7894916501415;1356906110017;90239679;531613202114411;N;N;10;38.77;53.6;3.88;5.36;;BRAS_PF_PMC;ed. 1079;20;
BRASINDICE;1100;medicamento;0000086313;05;500-11362-FMQN;SIGMA PHARMA;TORAGESIC SL;10 mg peel off 3 bl. x 10 cprs.;TROMETAMOL CETOROLACO;7894916516457;1356906110319;90537785;531622040096203;N;N;30;38.98;53.73;1.3;1.79;;BRAS_PF_PMC;ed. 1099;20;
BRASINDICE;1100;medicamento;0000086314;05;500-11362-FMQO;SIGMA PHARMA;TORAGESIC SL;10 mg peel off 20 cprs.;TROMETAMOL CETOROLACO;7894916516013;1356906110300;90537777;531622040096103;N;N;20;30.07;41.45;1.5;2.07;;BRAS_PF_PMC;ed. 1099;20;
BRASINDICE;1100;medicamento;0000086315;05;500-11362-FMQP;SIGMA PHARMA;TORAGESIC SL;10 mg peel off 10 cprs.;TROMETAMOL CETOROLACO;7894916516006;1356906110297;90537769;531622040096003;N;N;10;27.83;38.36;2.78;3.84;;BRAS_PF_PMC;ed. 1099;20;
BRASINDICE;1100;medicamento;0000086316;05;500-11362-FMQQ;SIGMA PHARMA;TORAGESIC SL;10 mg peel off 4 cprs.;TROMETAMOL CETOROLACO;7894916515993;1356906110270;90537742;531622040095803;N;N;4;15.29;21.08;3.82;5.27;;BRAS_PF_PMC;ed. 1099;20;
BRASINDICE;1100;medicamento;0000072687;05;912-19368-EVGN;MOMENTA;TORANTE;15 mg/ml. xpe. fr. vd. amb. x 100 ml. + cp. med.;HEDERA HELIX L.;7891317015985;1004313890011;90612078;508025090195507;N;N;1;51.01;68.43;51.01;68.43;;BRAS_PF_PMC;ed. 1091;20;
BRASINDICE;1100;medicamento;0000072688;05;912-19368-EVGO;MOMENTA;TORANTE;15 mg/ml. xpe. fr. vd. amb. x 200 ml. + cp. med.;HEDERA HELIX L.;7891317015992;1004313890021;90612086;508025090195607;N;N;1;86.99;116.69;86.99;116.69;;BRAS_PF_PMC;ed. 1094;20;
BRASINDICE;1100;medicamento;0000086595;05;1075-24651-EZGU;PFIZER BRASIL;TORGENA (Restrito Hosp.);2000 mg. + 500 mg. po sol. infus. ct. 10 FA vd. trans.;"CEFTAZIDIMA PENTAIDRATADA;AVIBACTAM SÓDICO";7891045031806;1211004430011;90406826;522718110082402;N;S;10;8368.56;0;836.86;0;;BRAS_PF_PMC;ed. 1094;20;
BRASINDICE;1100;medicamento;0000090365;05;828-27700-FMIP;DR. REDDY S;TORHANZ (CONVENIO 162/94);5 mg ct. bl. al. al. x 30 cprs.;EVEROLIMO;8901148263994;1514300820019;90573587;507523120020804;N;N;30;6278.88;8654.78;209.3;288.49;;BRAS_PF_PMC;ed. 1090;20;
BRASINDICE;1100;medicamento;0000090366;05;828-27700-FMHU;DR. REDDY S;TORHANZ (CONVENIO 162/94);10 mg ct. bl. al. al. x 30 cprs.;EVEROLIMO;8901148263987;1514300820027;90573595;507523120020904;N;N;30;12807.67;17654.04;426.92;588.47;;BRAS_PF_PMC;ed. 1090;20;
BRASINDICE;1100;medicamento;0000091223;05;048-27872-FSPX;ACHE;TORMIV;10 mg gran. orodis. 10 saches;TROMETAMOL CETOROLACO;7896658040870;1057307890022;90539745;552922080146005;N;N;10;24.82;34.21;2.48;3.42;;BRAS_PF_PMC;ed. 1091;20;
BRASINDICE;1100;medicamento;0000091224;05;048-27872-FSPW;ACHE;TORMIV;10 mg gran. orodis. 20 saches;TROMETAMOL CETOROLACO;7896658040887;1057307890030;90539753;552922080146105;N;N;20;33.74;46.51;1.69;2.33;;BRAS_PF_PMC;ed. 1091;20;
BRASINDICE;1100;medicamento;0000082414;05;048-25941-FIBY;ACHE;TORMIV SL;10 mg bl. 10 cprs. subl.;TROMETAMOL CETOROLACO;7896658038112;1057307540021;90504062;552920110134807;N;N;10;26.29;36.24;2.63;3.62;;BRAS_PF_PMC;ed. 1091;20;
BRASINDICE;1100;medicamento;0000082415;05;048-25941-FIBZ;ACHE;TORMIV SL;10 mg bl. 20 cprs. subl.;TROMETAMOL CETOROLACO;7896658038129;1057307540031;90504070;552920110134907;N;N;20;35.74;49.26;1.79;2.46;;BRAS_PF_PMC;ed. 1091;20;
BRASINDICE;1100;medicamento;0000083853;05;048-25941-FJVU;ACHE;TORMIV SL;10 mg. bl. x 4 cprs. subl.;TROMETAMOL CETOROLACO;7896658038105;1057307540013;90504054;552920110134707;N;N;4;11.43;15.76;2.86;3.94;;BRAS_PF_PMC;ed. 1091;20;
BRASINDICE;1100;medicamento;0000095607;05;574-28881-FXUB;TORRENT;TORREM;2 mg fr. plas. PEAD opc. x 20 cprs. rev.;ESZOPICLONA;8903855098890;1052501300013;90615557;532725110070604;;N;20;54.71;73.39;2.74;3.67;;BRAS_PF_PMC;ed. 1096;20;
BRASINDICE;1100;medicamento;0000095608;05;574-28881-FXUC;TORRENT;TORREM;3 mg fr. plas. PEAD opc. x 20 cprs. rev.;ESZOPICLONA;8903855098913;1052501300031;90615565;532725110070704;;N;20;54.71;73.39;2.74;3.67;;BRAS_PF_PMC;ed. 1096;20;
BRASINDICE;1100;medicamento;0000060823;05;473-10910-EDLU;NEO QUIMICA;TORSILAX;125 mg. + 50 mg. + 300 mg. + 30 mg. bl. 100 cprs. (emb. frac.);"CARISOPRODOL;PARACETAMOL;CAFEÍNA ANIDRA;DICLOFENACO SÓDICO";7896714257594;1558402340085;90301021;504614120027103;N;N;100;121.92;163.55;1.22;1.64;;BRAS_PF_PMC;ed. 1091;20;
BRASINDICE;1100;medicamento;0000060824;05;473-10910-EDLT;NEO QUIMICA;TORSILAX;125 mg. + 50 mg. + 300 mg. + 30 mg. bl. 200 cprs. (emb. frac.);"CARISOPRODOL;PARACETAMOL;CAFEÍNA ANIDRA;DICLOFENACO SÓDICO";7896714257600;1558402340093;90301030;504614120027203;N;N;200;233.77;313.59;1.17;1.57;;BRAS_PF_PMC;ed. 1091;20;
BRASINDICE;1100;medicamento;0000078417;05;473-10910-FCRX;NEO QUIMICA;TORSILAX;125 mg. + 50 mg. + 300 mg. + 30 mg. bl. 30 cprs.;"CARISOPRODOL;PARACETAMOL;CAFEÍNA ANIDRA;DICLOFENACO SÓDICO";7896714200804;1558402340018;90301102;504615010027917;N;N;30;27.22;36.51;0.91;1.22;;BRAS_PF_PMC;ed. 1091;20;
BRASINDICE;1100;medicamento;0000078418;05;473-10910-FCRY;NEO QUIMICA;TORSILAX;125 mg. + 50 mg. + 300 mg. + 30 mg. bl. 12 cprs.;"CARISOPRODOL;PARACETAMOL;CAFEÍNA ANIDRA;DICLOFENACO SÓDICO";7896714218267;1558402340042;90301099;504615010027817;N;N;12;13.55;18.18;1.13;1.52;;BRAS_PF_PMC;ed. 1091;20;
BRASINDICE;1100;medicamento;0000015662;05;574-13226-AGNQ;TORRENT;TORVAL CR;300 mg. cx. 30 cprs.;VALPROATO DE SÓDIO;8902220106024;1052500180030;90204832;532701201118411;N;N;30;38.68;53.32;1.29;1.78;;BRAS_PF_PMC;ed. 1090;20;
BRASINDICE;1100;medicamento;0000015663;05;574-13226-ALKG;TORRENT;TORVAL CR;500 mg. cx. 30 cprs.;VALPROATO DE SÓDIO;8902220105935;1052500180073;90204840;532701202114411;N;N;30;64.59;89.03;2.15;2.97;;BRAS_PF_PMC;ed. 1090;20;
BRASINDICE;1100;medicamento;0000080861;05;574-13226-FGBG;TORRENT;TORVAL CR;300 mg. ct. bl. al. al. x 60 cprs. rev. lib. prol.;"ÁCIDO VALPRÓICO;VALPROATO DE SÓDIO";8903855081298;1052500180162;90463293;532720040033707;N;N;60;72.39;99.78;1.21;1.66;;BRAS_PF_PMC;ed. 1090;20;
BRASINDICE;1100;medicamento;0000080862;05;574-13226-FGBJ;TORRENT;TORVAL CR;500 mg. ct. bl. al. al. x 60 cprs. rev. lib. prol.;"ÁCIDO VALPRÓICO;VALPROATO DE SÓDIO";8903855081311;1052500180189;90463315;532720040033907;N;N;60;121.06;166.87;2.02;2.78;;BRAS_PF_PMC;ed. 1090;20;
BRASINDICE;1100;medicamento;0000093928;05;574-13226-FWES;TORRENT;TORVAL CR;300 mg ct. bl. al./al. x 10 cprs. rev. lib. prol.;"ÁCIDO VALPRÓICO;VALPROATO DE SÓDIO";8903855075358;1052500180146;90413695;532718020029903;N;N;10;13.32;18.36;1.33;1.84;;BRAS_PF_PMC;ed. 1090;20;
BRASINDICE;1100;medicamento;0000093929;05;574-13226-FWET;TORRENT;TORVAL CR;500 mg ct. bl. al./al. x 10 cprs. rev. lib. prol.;"ÁCIDO VALPRÓICO;VALPROATO DE SÓDIO";8903855075365;1052500180154;90413709;532718020030003;N;N;10;22.24;30.66;2.22;3.07;;BRAS_PF_PMC;ed. 1090;20;
BRASINDICE;1100;medicamento;0000056594;05;583-21702-BNUU;NOVA QUIMICA;TORVILIP;20 mg. 3 bl. x 10 cprs. rev.;ATORVASTATINA CÁLCICA;7895296272032;1181904740119;90592190;525314060043203;N;N;30;66.76;92.02;2.23;3.07;;BRAS_PF_PMC;ed. 1092;20;
BRASINDICE;1100;medicamento;0000056596;05;583-21702-BQLZ;NOVA QUIMICA;TORVILIP;40 mg. 3 bl. x 10 cprs. rev.;ATORVASTATINA CÁLCICA;7895296272049;1181904740208;90596463;525314060043403;N;N;30;136.18;187.71;4.54;6.26;;BRAS_PF_PMC;ed. 1092;20;
BRASINDICE;1100;medicamento;0000056903;05;583-21702-BUJL;NOVA QUIMICA;TORVILIP;10 mg. 3 bl. x 10 cprs. rev.;ATORVASTATINA CÁLCICA;7895296272025;1181904740021;90592182;525314060043003;N;N;30;62.92;86.73;2.1;2.89;;BRAS_PF_PMC;ed. 1092;20;
BRASINDICE;1100;medicamento;0000093507;05;048-28416-FUMK;ACHE;TORXIS;90 mg bl. x 14 cprs. rev.;ETORICOXIBE;7896658049347;1057300850033;90593871;552924100167604;N;N;14;103;141.97;7.36;10.14;;BRAS_PF_PMC;ed. 1091;20;
BRASINDICE;1100;medicamento;0000093508;05;048-28416-FUMJ;ACHE;TORXIS;90 mg bl. x 7 cprs. rev.;ETORICOXIBE;7896658049354;1057300850025;90593863;552924100167504;N;N;7;52.13;71.86;7.45;10.27;;BRAS_PF_PMC;ed. 1091;20;
BRASINDICE;1100;medicamento;0000091670;05;748-27967-FTCV;ACCORD;TOSILATO DE SORAFENIBE - GENERICO (CONVENIO 162/94);200 mg. ct. bl. al. al. x 10 cprs. rev.;TOSILATO DE SORAFENIBE;7898577812514;1553701200012;90591801;538024070050106;S;N;10;907.98;1251.55;90.8;125.16;;BRAS_PF_PMC;ed. 1092;20;
BRASINDICE;1100;medicamento;0000091671;05;748-27967-FBYN;ACCORD;TOSILATO DE SORAFENIBE - GENERICO (CONVENIO 162/94);200 mg. ct. bl. al. al. x 30 cprs. rev.;TOSILATO DE SORAFENIBE;7898577812521;1553701200020;90591810;538024070050206;S;N;30;2723.95;3754.68;90.8;125.16;;BRAS_PF_PMC;ed. 1092;20;
BRASINDICE;1100;medicamento;0000091672;05;748-27967-FBYO;ACCORD;TOSILATO DE SORAFENIBE - GENERICO (CONVENIO 162/94);200 mg. ct. bl. al. al. x 60 cprs. rev.;TOSILATO DE SORAFENIBE;7898577812538;1553701200039;90591828;538024070050306;S;N;60;5447.9;7509.36;90.8;125.16;;BRAS_PF_PMC;ed. 1092;20;
BRASINDICE;1100;medicamento;0000094313;05;473-28625-FWQF;NEO QUIMICA;TOSSEXPEC;(0,4 + 20 + 4 + 6) mg/ml xpe. fr. x 120 ml + copo;"IODETO DE POTÁSSIO;BENZOATO DE SÓDIO;CLORIDRATO DE OXOMEMAZINA;GUAIFENESINA";7896094931534;1558407080022;90620640;504625110102307;N;N;1;35.72;47.92;35.72;47.92;;BRAS_PF_PMC;ed. 1091;20;
BRASINDICE;1100;medicamento;0000090705;05;072-27756-FNGG;EUROFARMA;TOTACEF;500 mg ct. bl. al. al. x 14 cprs. rev.;AXETILCEFUROXIMA;7891317018177;1004315130081;90589025;508024080184303;N;N;14;69.61;95.95;4.97;6.85;;BRAS_PF_PMC;ed. 1094;20;
BRASINDICE;1100;medicamento;0000091897;05;072-27756-FTKC;EUROFARMA;TOTACEF;500 mg ct. bl. al. al x 20 cprs. rev.;AXETILCEFUROXIMA;7891317043001;1004315130091;90596471;508024120188103;N;N;20;99.42;137.04;4.97;6.85;;BRAS_PF_PMC;ed. 1094;20;
BRASINDICE;1100;medicamento;0000087474;05;048-26940-FNSF;ACHE;TOTTI;10 mg bl. x 10 cprs. subl.;TROMETAMOL CETOROLACO;7896658046520;1057300390024;90553446;552923020156703;N;N;10;21.65;29.84;2.16;2.98;;BRAS_PF_PMC;ed. 1091;20;
BRASINDICE;1100;medicamento;0000087475;05;048-26940-FNSG;ACHE;TOTTI;10 mg bl. x 20 cprs. subl.;TROMETAMOL CETOROLACO;7896658046513;1057300390032;90553454;552923020156803;N;N;20;32.16;44.33;1.61;2.22;;BRAS_PF_PMC;ed. 1091;20;
BRASINDICE;1100;medicamento;0000089874;05;048-27587-FQZK;ACHE;TOTTI SL;10 mg bl. x 4 cprs. subl.;TROMETAMOL CETOROLACO;7896658046537;1057300390016;90553438;552923020156603;N;N;4;11.73;16.17;2.93;4.04;;BRAS_PF_PMC;ed. 1091;20;
BRASINDICE;1100;medicamento;0000063813;05;1048-22688-EJLU;SANOFI MEDLEY;TOUJEO;300 U/ml sol. inj. carp. x 1,5 ml + 1 can. aplic.;INSULINA GLARGINA;7891058020323;1832603340010;90458419;576720020055617;N;N;1;220.25;303.59;220.25;303.59;;BRAS_PF_PMC;ed. 1099;20;
BRASINDICE;1100;medicamento;0000071413;05;342-23748-EUDY;ELOFAR;TOUX;7 mg/ml fr. 120 ml + cp. med.;;7898109240327;1038501120044;90497864;517120110013407;N;;1;42.73;57.32;42.73;57.32;;BRAS_PF_PMC;ed. 1067;20;
BRASINDICE;1100;medicamento;0000075363;05;387-24518-CFWK;FARMOQUIMICA;TRACOX;25 mg. bl. 30 cprs. rev.;HEMIFUMARATO DE QUETIAPINA;7898040325787;1039001940032;90378253;509017070014504;N;N;30;39.1;52.44;1.3;1.75;;BRAS_PF_PMC;ed. 1092;20;
BRASINDICE;1100;medicamento;0000073426;05;516-02736-EWDM;ASPEN PHARMA;TRACRIUM (Restrito Hosp.);10 mg/ml sol. inj. ct. 5 amps. vd. trans. x 2,5 ml;BESILATO DE ATRACÚRIO;7895858016982;1376401680023;90397703;505618010042417;N;S;5;153.41;0;30.68;0;;BRAS_PF_PMC;ed. 1091;20;
BRASINDICE;1100;medicamento;0000073427;05;516-02736-EWDN;ASPEN PHARMA;TRACRIUM (Restrito Hosp.);10 mg/ml sol. inj. ct. 5 amps. vd. trans. x 5 ml;BESILATO DE ATRACÚRIO;7895858016999;1376401680015;90397711;505618010042517;N;S;5;293.34;0;58.67;0;;BRAS_PF_PMC;ed. 1091;20;
BRASINDICE;1100;medicamento;0000012666;05;349-11738-BNYT;FERRING;TRACTOCILE (Restrito Hosp.);7,5 mg/ml 1 amp. 0,9 ml;ACETATO DE ATOSIBANA;7896165600222;1287600100018;90128788;521401102151314;N;S;1;332.12;0;332.12;0;;BRAS_PF_PMC;ed. 1092;20;
BRASINDICE;1100;medicamento;0000012667;05;349-11738-BNYU;FERRING;TRACTOCILE (Restrito Hosp.);7,5 mg/ml 1 amp. 5,0 ml;ACETATO DE ATOSIBANA;7896165600239;1287600100026;90128770;521401101155316;N;S;1;1032.79;0;1032.79;0;;BRAS_PF_PMC;ed. 1092;20;
BRASINDICE;1100;medicamento;0000034342;05;348-16490-CVFN;CRISTALIA;TRACUR (Restrito Hosp.);10 mg/ml sol. inj. 25 amps. x 2,5 ml;BESILATO DE ATRACÚRIO;7896676410945;1029801350089;90048350;506714501159415;N;S;25;863.1;0;34.52;0;;BRAS_PF_PMC;ed. 1094;20;
BRASINDICE;1100;medicamento;0000034343;05;348-16490-CVFO;CRISTALIA;TRACUR (Restrito Hosp.);10 mg/ml sol. inj. 25 amps. 5 ml;BESILATO DE ATRACÚRIO;7896676410952;1029801350070;90048369;506714502155413;N;S;25;1638.22;0;65.53;0;;BRAS_PF_PMC;ed. 1094;20;
BRASINDICE;1100;medicamento;0000092215;05;776-28090-FTVU;GERMED PHARMA;TRADEP;100 mg x 10 cprs. rev.;CLORIDRATO DE TRAZODONA;7898103650993;1181903610084;90597583;607025010118403;N;N;10;15.16;20.9;1.52;2.09;;BRAS_PF_PMC;ed. 1092;20;
BRASINDICE;1100;medicamento;0000092216;05;776-28090-FMQL;GERMED PHARMA;TRADEP;100 mg x 30 cprs.;CLORIDRATO DE TRAZODONA;7896472521876;1181903610106;90597591;607025010118503;N;N;30;32.71;45.22;1.09;1.51;;BRAS_PF_PMC;ed. 1093;20;
BRASINDICE;1100;medicamento;0000092217;05;776-28090-FTVV;GERMED PHARMA;TRADEP;50 mg x 10 cprs. rev.;CLORIDRATO DE TRAZODONA;7898103650986;1181903610017;90597567;607025010118203;N;N;10;7.57;10.43;0.76;1.04;;BRAS_PF_PMC;ed. 1092;20;
BRASINDICE;1100;medicamento;0000092218;05;776-28090-FMQJ;GERMED PHARMA;TRADEP;50 mg x 60 cprs.;CLORIDRATO DE TRAZODONA;7896472521883;1181903610051;90597575;607025010118303;N;N;60;32.71;45.22;0.55;0.75;;BRAS_PF_PMC;ed. 1093;20;
BRASINDICE;1100;medicamento;0000070639;05;555-23605-ETFE;HIPOLABOR;TRADINOL (Restrito Hosp.);5,0 mg/ml sol. inj. cx. 25 FA vd. trans. x 20 ml;CLORIDRATO DE BUPIVACAÍNA;7898123905592;1134301080042;90098234;511608001152418;N;S;25;780.72;0;31.23;0;;BRAS_PF_PMC;ed. 1092;20;
BRASINDICE;1100;medicamento;0000043257;05;348-09199-BFRN;CRISTALIA;TRAMADON;100 mg. fr. 10 ml gts.;CLORIDRATO DE TRAMADOL;7896676407921;1029802610025;90048377;506714601137413;N;N;1;74.81;103.12;74.81;103.12;;BRAS_PF_PMC;ed. 1094;20;
BRASINDICE;1100;medicamento;0000043578;05;348-09199-DFBL;CRISTALIA;TRAMADON;50 mg. bl. 10 caps.;CLORIDRATO DE TRAMADOL;7896676406122;1029802610033;90048474;506714608115415;N;N;10;38.95;53.69;3.9;5.37;;BRAS_PF_PMC;ed. 1094;20;
BRASINDICE;1100;medicamento;0000060594;05;348-09199-EDCX;CRISTALIA;TRAMADON;100 mg. 10 cprs. rev.;CLORIDRATO DE TRAMADOL;7896676432602;1029802610221;90398351;506718020074903;N;N;10;73.22;100.92;7.32;10.09;;BRAS_PF_PMC;ed. 1094;20;
BRASINDICE;1100;medicamento;0000061197;05;348-09199-BFRR;CRISTALIA;TRAMADON;50 mg. 10 bl. c/10 caps. gel;CLORIDRATO DE TRAMADOL;7896676406115;1029802610041;90048466;506714607119417;N;N;100;526.83;726.18;5.27;7.26;;BRAS_PF_PMC;ed. 1094;20;
BRASINDICE;1100;medicamento;0000037777;05;348-18432-BFRT;CRISTALIA;TRAMADON (Restrito Hosp.);50 mg. inj. cx. 100 amps. 2 ml;CLORIDRATO DE TRAMADOL;7896676406344;1029802610076;90048431;506714604152413;N;S;100;1604.71;0;16.05;0;;BRAS_PF_PMC;ed. 1094;20;
BRASINDICE;1100;medicamento;0000073169;05;348-18432-EVVD;CRISTALIA;TRAMADON (Restrito Hosp.);50 mg/ml sol. inj. IV/IM cx. 25 amps. vd. trans. x 1 ml;CLORIDRATO DE TRAMADOL;7896676431353;1029802610203;90376129;506717040068203;N;S;25;243.23;0;9.73;0;;BRAS_PF_PMC;ed. 1094;20;
BRASINDICE;1100;medicamento;0000061959;05;932-02738-EEVZ;GRUNENTHAL;TRAMAL;100 mg. lib. prol. ct. bl. al. plas. opc x 10 cprs. rev.;CLORIDRATO DE TRAMADOL;7898582380015;1861000040019;90330013;542815070000713;N;N;10;123.02;169.57;12.3;16.96;;BRAS_PF_PMC;ed. 1093;20;
BRASINDICE;1100;medicamento;0000061960;05;932-02738-EEWA;GRUNENTHAL;TRAMAL;100 mg. lib. prol. ct. bl. al. plas. opc x 20 cprs. rev.;CLORIDRATO DE TRAMADOL;7898582380312;1861000040027;90330072;542815070001303;N;N;20;233.81;339.25;11.69;16.96;;BRAS_PF_PMC;ed. 1093;20;
BRASINDICE;1100;medicamento;0000061962;05;932-02738-EEWC;GRUNENTHAL;TRAMAL;50 mg. ct. bl. al. plas. opc. x 10 caps. dura;CLORIDRATO DE TRAMADOL;7898582380756;1861000060011;90330005;542815070000613;N;N;10;67.87;93.55;6.79;9.36;;BRAS_PF_PMC;ed. 1093;20;
BRASINDICE;1100;medicamento;0000061963;05;932-02738-EEWD;GRUNENTHAL;TRAMAL;50 mg. ct. bl. al. plas. opc. x 20 caps. dura;CLORIDRATO DE TRAMADOL;7898582380763;1861000060028;90330056;542815070001103;N;N;20;128.92;187.05;6.45;9.35;;BRAS_PF_PMC;ed. 1093;20;
BRASINDICE;1100;medicamento;0000061965;05;932-02738-EEWF;GRUNENTHAL;TRAMAL;100 mg/ml sol. orall gts. ct. fr. vd. amb. x 10 ml;CLORIDRATO DE TRAMADOL;7898582380053;1861000050014;90330021;542815070000813;N;N;1;123.34;170.01;123.34;170.01;;BRAS_PF_PMC;ed. 1093;20;
BRASINDICE;1100;medicamento;0000061966;05;932-02738-EEWG;GRUNENTHAL;TRAMAL;50 mg/ml sol. inj. ct. 5 FA vd. inc. x 1 ml;CLORIDRATO DE TRAMADOL;7898582380039;1861000030013;90330030;542815070000913;N;N;5;55.09;75.95;11.02;15.19;;BRAS_PF_PMC;ed. 1093;20;
BRASINDICE;1100;medicamento;0000061967;05;932-02738-EEWJ;GRUNENTHAL;TRAMAL;50 mg/ml sol. inj. ct. 5 FA vd. inc. x 2 ml;CLORIDRATO DE TRAMADOL;7898582380046;1861000030048;90330048;542815070001013;N;N;5;78.74;108.52;15.75;21.7;;BRAS_PF_PMC;ed. 1093;20;
BRASINDICE;1100;medicamento;0000065262;05;932-02738-ELBD;GRUNENTHAL;TRAMAL;100 mg. lib. prol. ct. bl. al. plas. opc. x 30 cprs. rev.;CLORIDRATO DE TRAMADOL;7898582380329;1861000040035;90330080;542815070001403;N;N;30;313.81;508.89;10.46;16.96;;BRAS_PF_PMC;ed. 1093;20;
BRASINDICE;1100;medicamento;0000079515;05;932-02738-FEFP;GRUNENTHAL;TRAMAL;50 mg. lib. prol. ct. bl. al. plas. opc. x 20 cprs. rev.;CLORIDRATO DE TRAMADOL;7898582381982;1861000040078;90450124;542820020005907;N;N;20;123.08;169.65;6.15;8.48;;BRAS_PF_PMC;ed. 1093;20;
BRASINDICE;1100;medicamento;0000079516;05;932-02738-FEFQ;GRUNENTHAL;TRAMAL;50 mg. lib. prol. ct. bl. al. plas. opc. x 10 cprs. rev.;CLORIDRATO DE TRAMADOL;7898582381975;1861000040061;90450116;542820020005807;N;N;10;61.54;84.81;6.15;8.48;;BRAS_PF_PMC;ed. 1093;20;
BRASINDICE;1100;medicamento;0000046902;05;440-06644-FPDY;BAGO;TRANQUINAL;0,5 mg ct. bl. al. plas. x 30 cprs.;ALPRAZOLAM;7898940448371;1562600210062;90241630;536512010007003;N;N;30;39.8;54.86;1.33;1.83;;BRAS_PF_PMC;ed. 1094;20;
BRASINDICE;1100;medicamento;0000060356;05;440-06644-FPDX;BAGO;TRANQUINAL;0,25 mg ct. bl. al. plas. x 30 cprs.;ALPRAZOLAM;7898940448395;1562600210054;90241622;536512010006903;N;N;30;20.5;28.25;0.68;0.94;;BRAS_PF_PMC;ed. 1094;20;
BRASINDICE;1100;medicamento;0000060357;05;440-06644-FPDZ;BAGO;TRANQUINAL;1 mg ct. bl. al. plas. x 30 cprs.;ALPRAZOLAM;7898940448401;1562600210070;90241649;536512010007103;N;N;30;70.9;97.73;2.36;3.26;;BRAS_PF_PMC;ed. 1094;20;
BRASINDICE;1100;medicamento;0000060358;05;440-06644-FPEA;BAGO;TRANQUINAL;2 mg ct. bl. al. plas. x 30 cprs.;ALPRAZOLAM;7898940448418;1562600210089;90241657;536512010007203;N;N;30;120.39;165.94;4.01;5.53;;BRAS_PF_PMC;ed. 1094;20;
BRASINDICE;1100;medicamento;0000060359;05;440-22181-FPDQ;BAGO;TRANQUINAL SLG;0.5 mg bl. al. plas. trans. x 15 cprs. subl.;ALPRAZOLAM;7898906376748;1562600190010;90241606;536502101116317;N;N;15;26.47;36.48;1.76;2.43;;BRAS_PF_PMC;ed. 1094;20;
BRASINDICE;1100;medicamento;0000060360;05;440-22181-FPDR;BAGO;TRANQUINAL SLG;0.5 mg bl. al. plas. trans. x 30 cprs. subl.;ALPRAZOLAM;7898906376755;1562600190029;90241614;536502102112315;N;N;30;52.91;72.92;1.76;2.43;;BRAS_PF_PMC;ed. 1094;20;
BRASINDICE;1100;medicamento;0000002199;05;691-02739-BEFO;ZYDUS NIKKHO;TRANSAMIN;50 mg/ml sol. inj. ct. 5 amps. vd. trans. x 5 ml;ÁCIDO TRANEXÂMICO;7897460400364;1565100450026;90324900;536214070005414;N;N;5;53.22;71.39;10.64;14.28;;BRAS_PF_PMC;ed. 1096;20;
BRASINDICE;1100;medicamento;0000077149;05;691-02739-FAYZ;ZYDUS NIKKHO;TRANSAMIN;250 mg. ct. bl. al. plas. trans. x 12 cprs.;ÁCIDO TRANEXÂMICO;7897460401668;1565100450050;90508947;536221050013303;N;N;12;64.35;86.32;5.36;7.19;;BRAS_PF_PMC;ed. 1096;20;
BRASINDICE;1100;medicamento;0000094150;05;691-02739-FWJX;ZYDUS NIKKHO;TRANSAMIN;500 mg ct. bl. al. plas. pvc/pvdc trans. x 6 cprs. rev.;ÁCIDO TRANEXÂMICO;7897460402245;1565101230011;90618378;536225090022104;N;N;6;64.35;86.32;10.72;14.39;;BRAS_PF_PMC;ed. 1096;20;
BRASINDICE;1100;medicamento;0000094151;05;691-02739-FWJY;ZYDUS NIKKHO;TRANSAMIN;500 mg mg ct. bl. al. plas. pvc/pvdc trans. x 12 cprs. rev.;ÁCIDO TRANEXÂMICO;7897460402269;1565101230021;90618386;536225090022204;N;N;12;128.69;172.63;10.72;14.39;;BRAS_PF_PMC;ed. 1096;20;
BRASINDICE;1100;medicamento;0000094434;05;691-02739-FWTC;ZYDUS NIKKHO;TRANSAMIN;250 mg ct. bl. al. plas. trans. x 24 cprs.;ÁCIDO TRANEXÂMICO;7897460401675;1565100450069;90624564;536226010022803;N;N;24;128.69;172.63;5.36;7.19;;BRAS_PF_PMC;ed. 1096;20;
BRASINDICE;1100;medicamento;0000095173;05;691-28783-FXHB;ZYDUS NIKKHO;TRANSAMIN;50 mg/ml sol. inj. cx. 100 amps. vd. trans. x 5 ml;ÁCIDO TRANEXÂMICO;7897460402191;1565100450085;90601823;536224120021203;N;S;100;1064.34;0;10.64;0;;BRAS_PF_PMC;ed. 1096;20;
BRASINDICE;1100;medicamento;0000036451;05;048-17994-CXJF;ACHE;TRANSPULMIN XAROPE;Xpe. fr. plast. 150 ml + cp. med. inf.;GUAIFENESINA;7896658005176;1057303540019;90263499;500511104131417;N;N;1;30.12;40.4;30.12;40.4;;BRAS_PF_PMC;ed. 1084;20;
BRASINDICE;1100;medicamento;0000036452;05;048-17994-CXJG;ACHE;TRANSPULMIN XAROPE;Xpe. fr. plast. 150 ml + cp. med. ad.;GUAIFENESINA;7896658005930;1057303490011;90263480;500511101130411;N;N;1;35.22;47.25;35.22;47.25;;BRAS_PF_PMC;ed. 1084;20;
BRASINDICE;1100;medicamento;0000077546;05;932-24875-FBQC;GRUNENTHAL;TRANSTEC;20 mg. ct. env. al. plas. x 4 ades. trans.;BUPRENORFINA;7898582381449;1861000120012;90421175;542818120002404;N;N;4;450.02;603.69;112.5;150.92;;BRAS_PF_PMC;ed. 1093;20;
BRASINDICE;1100;medicamento;0000077547;05;932-24875-FBQD;GRUNENTHAL;TRANSTEC;30 mg. ct. env. al. plas. x 4 ades. trans.;BUPRENORFINA;7898582381456;1861000120101;90421205;542818120002704;N;N;4;675.01;905.5;168.75;226.38;;BRAS_PF_PMC;ed. 1093;20;
BRASINDICE;1100;medicamento;0000077548;05;932-24875-FBQE;GRUNENTHAL;TRANSTEC;40 mg. ct. env. al. plas. x 4 ades. trans.;BUPRENORFINA;7898582381463;1861000120187;90421230;542818120003004;N;N;4;900.06;1207.4;225.02;301.85;;BRAS_PF_PMC;ed. 1093;20;
BRASINDICE;1100;medicamento;0000074901;05;092-24408-EXYT;APSEN;TRATURIL;5,631 g/8 g. cx. 1 env. or.;FOSFOMICINA TROMETAMOL;7896637030007;1011806180014;90394739;501618070019804;N;N;1;49.8;68.64;49.8;68.64;;BRAS_PF_PMC;ed. 1096;20;
BRASINDICE;1100;medicamento;0000074902;05;092-24408-EXYU;APSEN;TRATURIL;5,631 g/8 g. cx. 2 env. or.;FOSFOMICINA TROMETAMOL;7896637030014;1011806180022;90394747;501618070019904;N;N;2;97.95;135.01;48.98;67.5;;BRAS_PF_PMC;ed. 1096;20;
BRASINDICE;1100;medicamento;0000077070;05;048-24837-CVSW;ACHE;TRAUM RETARD;100 mg. bl. x 10 cprs. rev.;CLORIDRATO DE TRAMADOL;7896181929178;1057305330143;90422988;552919010075103;N;N;10;74.67;102.92;7.47;10.29;;BRAS_PF_PMC;ed. 1091;20;
BRASINDICE;1094;medicamento;0000054393;05;918-21366-DUNM;HEEL DO BRASIL;TRAUMEEL S;Fr. 50 cprs. subling.;;7898908753141;1619800070016;;;N;;50;86.7;0;1.73;0;;BRAS_PF_PMC;ed. 1090;20;
BRASINDICE;1094;medicamento;0000054394;05;918-21366-DUNN;HEEL DO BRASIL;TRAUMEEL S;Gts. fr. 30 ml (18 gts/ml);;7898908753158;1619800070024;;;N;;1;93.89;0;93.89;0;;BRAS_PF_PMC;ed. 1090;20;
BRASINDICE;1094;medicamento;0000054395;05;918-21366-AWJF;HEEL DO BRASIL;TRAUMEEL S;Pom. bisn. 50 g;;7898908753172;1619800070032;;;N;;1;80.23;0;80.23;0;;BRAS_PF_PMC;ed. 1090;20;
BRASINDICE;1094;medicamento;0000054396;05;918-21366-DUNR;HEEL DO BRASIL;TRAUMEEL S;Sol. inj. via parenteral 10 amps. x 2,2 ml;;7898908753257;1619800070040;;;N;;10;239.04;0;23.9;0;;BRAS_PF_PMC;ed. 1090;20;
BRASINDICE;1100;medicamento;0000051718;05;173-19682-DFVU;LEGRAND;TRAVAMED;0,04 mg/ml sol. oft. fr. 2,5 ml;TRAVOPROSTA;7896004725536;1058308670024;90409388;526136501171417;N;N;1;115.88;159.73;115.88;159.73;;BRAS_PF_PMC;ed. 1092;20;
BRASINDICE;1100;medicamento;0000085897;05;173-26600-FMDM;LEGRAND;TRAVAMED MT;0,04 + 5 mg/ml sol. oft. 2,5 ml;"TRAVOPROSTA;MALEATO DE TIMOLOL";7896004767642;1058309970013;90528646;526122010147104;N;N;1;109.22;150.55;109.22;150.55;;BRAS_PF_PMC;ed. 1092;20;
BRASINDICE;1100;medicamento;0000069683;05;352-08686-FWOH;NOVARTIS;TRAVATAN;0,04 mg/ml sol. oft. ct. fr. got. plas. PP trans. x 2,5 ml;TRAVOPROSTA;7896548198636;1006811090013;90297598;500903801177316;N;N;1;141.18;194.6;141.18;194.6;;BRAS_PF_PMC;ed. 1095;20;
BRASINDICE;1100;medicamento;0000069687;05;352-08686-FWOI;NOVARTIS;TRAVATAN;0,04 mg/ml sol. oft. ct. fr. got. plas. PP trans. x 5,0 ml;TRAVOPROSTA;7896548197608;1006811090021;90297687;500912110006403;N;N;1;282.31;389.13;282.31;389.13;;BRAS_PF_PMC;ed. 1095;20;
BRASINDICE;1100;medicamento;0000044421;05;062-19695-DFVU;EMS;TRAVOPROSTA - GENERICO;0,04 mg/ml sol. oft. fr. 2,5 ml;TRAVOPROSTA;7896004728261;1023510040025;90059956;507744201178111;S;N;1;86.72;119.89;86.72;119.89;;BRAS_PF_PMC;ed. 1079;20;
BRASINDICE;1100;medicamento;0000052961;05;583-19695-DFVU;NOVA QUIMICA;TRAVOPROSTA - GENERICO;0,04 mg/ml sol. oft. fr. 2,5 ml;TRAVOPROSTA;7895296109017;1181903250010;90563697;525312040034006;S;N;1;88.86;122.48;88.86;122.48;;BRAS_PF_PMC;ed. 1092;20;
BRASINDICE;1100;medicamento;0000054373;05;1048-19695-DFVU;SANOFI MEDLEY;TRAVOPROSTA - GENERICO;0,04 mg/ml sol. oft. fr. 2,5 ml;TRAVOPROSTA;7896422533713;1832602490019;90369971;525013090103106;S;N;1;73.76;101.67;73.76;101.67;;BRAS_PF_PMC;ed. 1099;20;
BRASINDICE;1100;medicamento;0000078057;05;100-19695-FCFU;GEOLAB;TRAVOPROSTA - GENERICO;Sol. oft. 0,04 mg/ml fr. 2,5 ml;TRAVOPROSTA;7899095258747;1542302090031;90401433;510418100168803;S;N;1;91.73;126.44;91.73;126.44;;BRAS_PF_PMC;ed. 1098;20;
BRASINDICE;1100;medicamento;0000094043;05;062-19695-EYCS;EMS;TRAVOPROSTA - GENERICO;0,04 mg/ml sol. oft. 2,5 ml;TRAVOPROSTA;7896004762449;1023510040025;90059956;507744201178111;S;N;1;19.59;27.08;19.59;27.08;;BRAS_PF_PMC;ed. 1079;20;
BRASINDICE;1100;medicamento;0000092802;05;100-24449-FUPE;GEOLAB;TRAVOPTIC;Solucao oftalmica 0,04 mg/ml frasco c/2,5 ml;TRAVOPROSTA;7899095203754;1542302130031;90401450;510418100169003;N;N;1;55.8;76.91;55.8;76.91;;BRAS_PF_PMC;ed. 1094;20;
BRASINDICE;1100;medicamento;0000074661;05;100-24317-AZFA;GEOLAB;TRAXONOL;100 mg. cx. 4 caps.;ITRACONAZOL;7899095200296;1542300090016;90080831;510403001111410;N;N;4;34.59;47.68;8.65;11.92;;BRAS_PF_PMC;ed. 1094;20;
BRASINDICE;1100;medicamento;0000074662;05;100-24317-BOGQ;GEOLAB;TRAXONOL;100 mg. cx. 15 caps.;ITRACONAZOL;7899095201378;1542300090032;90080840;510403002116416;N;N;15;80.22;110.57;5.35;7.37;;BRAS_PF_PMC;ed. 1094;20;
BRASINDICE;1100;medicamento;0000081451;05;100-25651-FGWR;GEOLAB;TRAXONOL (Restrito Hosp.);100 mg ct 50 bl al plas trans x 5 caps. dura;ITRACONAZOL;7899095210417;1542300090040;90337581;510416020122603;N;S;250;2375.87;0;9.5;0;;BRAS_PF_PMC;ed. 1094;20;
BRASINDICE;1100;medicamento;0000044903;05;382-19863-DGLG;BOEHRINGER INGELHEIM;TRAYENTA;5 mg. bl. al/al x 10 cprs. rev.;LINAGLIPTINA;7896026305242;1036701670017;90219538;504505801110311;N;N;10;82.35;110.47;8.24;11.05;;BRAS_PF_PMC;ed. 1093;20;
BRASINDICE;1100;medicamento;0000044904;05;382-19863-DGLJ;BOEHRINGER INGELHEIM;TRAYENTA;5 mg. bl. al/al x 30 cprs. mast.;LINAGLIPTINA;7896026305259;1036701670025;90219546;504505802117311;N;N;30;247.02;331.37;8.23;11.05;;BRAS_PF_PMC;ed. 1093;20;
BRASINDICE;1100;medicamento;0000076502;05;382-21505-EZZZ;BOEHRINGER INGELHEIM;TRAYENTA DUO;2,5 mg. + 500 mg. ct. fr. plast. pead opc. x 60 cprs. rev.;"LINAGLIPTINA;CLORIDRATO DE METFORMINA";7896026307048;1036701700072;90424409;504519010021303;N;N;60;237.72;318.89;3.96;5.31;;BRAS_PF_PMC;ed. 1093;20;
BRASINDICE;1100;medicamento;0000076503;05;382-21505-FAAA;BOEHRINGER INGELHEIM;TRAYENTA DUO;2,5 mg. + 850 mg. ct. fr. plast. pead opc. x 60 cprs. rev.;"LINAGLIPTINA;CLORIDRATO DE METFORMINA";7896026307031;1036701700080;90396979;504518100021103;N;N;60;237.72;318.89;3.96;5.31;;BRAS_PF_PMC;ed. 1093;20;
BRASINDICE;1100;medicamento;0000076504;05;382-21505-FAAB;BOEHRINGER INGELHEIM;TRAYENTA DUO;2,5 mg. + 1000 mg. ct. fr. plast. pead opc. x 60 cprs. rev.;"LINAGLIPTINA;CLORIDRATO DE METFORMINA";7896026307024;1036701700099;90396987;504518100021203;N;N;60;237.72;318.89;3.96;5.31;;BRAS_PF_PMC;ed. 1093;20;
BRASINDICE;1100;medicamento;0000086600;05;1075-25401-FFJQ;PFIZER BRASIL;TRAZIMERA (Restrito Hosp.) (CONVENIO 162/94);150 mg. SFDPO 1 x 15 ml;TRASTUZUMABE;7891045164108;1211004730015;90445252;522720040085307;N;S;1;2168.09;0;2168.09;0;;BRAS_PF_PMC;ed. 1094;20;
BRASINDICE;1100;medicamento;0000086601;05;1075-25401-FFJR;PFIZER BRASIL;TRAZIMERA (Restrito Hosp.) (CONVENIO 162/94);440 mg. SFDPO 1 x 20 ml;TRASTUZUMABE;7891045032278;1211004730023;90445805;522720040085207;N;S;1;6359.76;0;6359.76;0;;BRAS_PF_PMC;ed. 1094;20;
BRASINDICE;1100;medicamento;0000081878;05;691-25728-FHJL;ZYDUS NIKKHO;TRAZODONA - GENERICO;50 mg ct. bl. al. plas. PVC/PVDC trans. x 60 cprs.;CLORIDRATO DE TRAZODONA;7898927564148;1565100790080;90495683;536220120012007;S;N;60;59.07;81.42;0.98;1.36;;BRAS_PF_PMC;ed. 1096;20;
BRASINDICE;1100;medicamento;0000081879;05;691-25728-FHJM;ZYDUS NIKKHO;TRAZODONA - GENERICO;100 mg ct. bl. al. plas. PVC/PVDC trans. x 30 cprs.;CLORIDRATO DE TRAZODONA;7898927564155;1565100790153;90495691;536220120012107;S;N;30;59.07;81.42;1.97;2.71;;BRAS_PF_PMC;ed. 1096;20;
BRASINDICE;1100;medicamento;0000095535;05;691-25728-FXSC;ZYDUS NIKKHO;TRAZODONA - GENERICO;150 mg bl. al. plas. PVC/PVDC opc. x 30 cprs. lib. prol.;;7908950000237;;90631307;;S;;30;97.15;133.91;3.24;4.46;;BRAS_PF_PMC;ed. 1096;20;
BRASINDICE;1100;medicamento;0000055432;05;432-21528-CUJZ;BERGAMO;TREBYXAN (Restrito Hosp.) (CONVENIO 162/94);20 mg/ml sol. inj. FA vd. amb. x 5 ml;CLORIDRATO DE IRINOTECANO TRIIDRATADO;7898149939151;1064601930047;90265700;519513090021304;N;S;1;1879.73;0;1879.73;0;;BRAS_PF_PMC;ed. 1097;20;
BRASINDICE;1100;medicamento;0000055433;05;432-21528-CUJY;BERGAMO;TREBYXAN (Restrito Hosp.) (CONVENIO 162/94);20 mg/ml sol. inj. FA vd. amb. x 2 ml;CLORIDRATO DE IRINOTECANO TRIIDRATADO;7898149939120;1064601930012;90265670;519513090021504;N;S;1;837.98;0;837.98;0;;BRAS_PF_PMC;ed. 1097;20;
BRASINDICE;1100;medicamento;0000079536;05;562-25227-FEGV;GLAXOSMITHKLINE;TRELEGY;100/62 - 5/25 mcg 30 doses;"TRIFENATATO DE VILANTEROL;FUROATO DE FLUTICASONA;BROMETO DE UMECLIDÍNIO";7896015591212;1010703440023;90462823;510620020054507;N;N;1;328.24;440.32;328.24;440.32;;BRAS_PF_PMC;ed. 1094;20;
BRASINDICE;1100;medicamento;0000079537;05;562-25227-FEGW;GLAXOSMITHKLINE;TRELEGY;100/62 - 5/25 mcg 14 doses;"TRIFENATATO DE VILANTEROL;FUROATO DE FLUTICASONA;BROMETO DE UMECLIDÍNIO";7896015591205;1010703440015;90462815;510620020054407;N;N;1;153.18;205.49;153.18;205.49;;BRAS_PF_PMC;ed. 1094;20;
BRASINDICE;1100;medicamento;0000074857;05;372-24374-EXXR;JANSSEN - CILAG;TREMFYA;100 mg. sol. inj. ct. 1 ser. preench. vd. trans. disp. seg. x 1 ml.;GUSELCUMABE;7896212452477;1123634180011;90403584;514518070034802;N;N;1;15094.61;20248.88;15094.61;20248.88;;BRAS_PF_PMC;ed. 1096;20;
BRASINDICE;1100;medicamento;0000083697;05;372-24374-FJPP;JANSSEN - CILAG;TREMFYA;100 mg sol. inj. 1 ser. preench. vd. trans. x 1 ml acop. em can. apli.;GUSELCUMABE;7896212480548;1123634180021;90497813;514521010038402;N;N;1;15094.61;20248.88;15094.61;20248.88;;BRAS_PF_PMC;ed. 1096;20;
BRASINDICE;1100;medicamento;0000091786;05;372-24374-FTGG;JANSSEN - CILAG;TREMFYA;200 mg sol. inj. ct. 1 ser. preenc. vd. trans. x 2 ml acop. em can. apl.;GUSELCUMABE;7896212485635;1123634180046;90599217;514524120041003;N;N;1;30189.22;40497.76;30189.22;40497.76;;BRAS_PF_PMC;ed. 1096;20;
BRASINDICE;1100;medicamento;0000091787;05;372-24374-FTGH;JANSSEN - CILAG;TREMFYA;200 mg sol. inj. ct. 1 ser. preenc. vd. trans. disp. seguranca x 2 ml;GUSELCUMABE;7896212485628;1123634180054;90599225;514524120041203;N;N;1;30189.22;40497.76;30189.22;40497.76;;BRAS_PF_PMC;ed. 1096;20;
BRASINDICE;1100;medicamento;0000095551;05;372-24374-FXSO;JANSSEN - CILAG;TREMFYA;45 mg sol. inj. ct. 1 ser. preench. vd. trans. x 0,45 ml acop. em can. aplic.;;7896212485703;;90632087;;;;1;6792.58;9112;6792.58;9112;;BRAS_PF_PMC;ed. 1096;20;
BRASINDICE;1100;medicamento;0000091785;05;372-27992-FTGF;JANSSEN - CILAG;TREMFYA (Restrito Hosp.);200 mg sol. dil. infus. ct. FA vd. trans. x 20 ml;GUSELCUMABE;7896212485642;1123634180038;90603257;514524120041103;N;S;1;30189.22;0;30189.22;0;;BRAS_PF_PMC;ed. 1092;20;
BRASINDICE;1100;medicamento;0000058156;05;355-21926-DZQN;NOVO NORDISK;TRESIBA;100 U/ml sol. inj. ct. 5 carp. vd. inc. x 3 ml (penfill);INSULINA DEGLUDECA;7897705201978;1176600290028;90320786;526614070007702;N;N;5;779.76;1046.02;155.95;209.2;;BRAS_PF_PMC;ed. 1069;20;
BRASINDICE;1100;medicamento;0000058157;05;355-21926-DZQO;NOVO NORDISK;TRESIBA;100 U/ml sol. inj. ct. 1 carp. vd. inc. x 3 ml x 1 sist. aplic. plas. (flextouch);INSULINA DEGLUDECA;7897705201916;1176600290044;90320794;526614070007802;N;N;1;155.89;209.12;155.89;209.12;;BRAS_PF_PMC;ed. 1069;20;
BRASINDICE;1100;medicamento;0000080110;05;355-21926-FFBN;NOVO NORDISK;TRESIBA;100 UI/ml sol. inj. ct. 5 carp. vd. trans. x 3 ml x 5 sist. aplic. plas. (flextouch);INSULINA DEGLUDECA;7897705201923;1176600290079;90455843;526620010007907;N;N;5;779.69;1045.93;155.94;209.19;;BRAS_PF_PMC;ed. 1069;20;
BRASINDICE;1100;medicamento;0000052287;05;173-19688-ANXS;LEGRAND;TREXACONT;Bl. 12 cprs.;ÁCIDO TRANEXÂMICO;7896004739083;1677301500012;90245580;538819201110412;N;N;12;41.83;56.11;3.49;4.68;;BRAS_PF_PMC;ed. 1092;20;
BRASINDICE;1100;medicamento;0000079818;05;048-25280-EDKW;ACHE;TREZETE;10 mg. + 10 mg. bl. 30 cprs. rev.;"ROSUVASTATINA CÁLCICA;EZETIMIBA";7896658027123;1057307190020;90442261;552919120089207;N;N;30;70.3;94.3;2.34;3.14;;BRAS_PF_PMC;ed. 1091;20;
BRASINDICE;1100;medicamento;0000079819;05;048-25280-FESF;ACHE;TREZETE;20 mg. + 10 mg. bl. 30 cprs. rev.;"ROSUVASTATINA CÁLCICA;EZETIMIBA";7896658027130;1057307190055;90442270;552919120089307;N;N;30;99.41;133.35;3.31;4.44;;BRAS_PF_PMC;ed. 1091;20;
BRASINDICE;1100;medicamento;0000080456;05;048-25280-FFOD;ACHE;TREZETE;20 mg. + 10 mg. bl. 10 cprs. rev.;"ROSUVASTATINA CÁLCICA;EZETIMIBA";7896658027284;1057307190047;90442245;552919120089007;N;N;10;31.45;42.19;3.14;4.22;;BRAS_PF_PMC;ed. 1091;20;
BRASINDICE;1100;medicamento;0000080457;05;048-25280-FFOE;ACHE;TREZETE;10 mg. + 10 mg. bl. 10 cprs. rev.;"ROSUVASTATINA CÁLCICA;EZETIMIBA";7896658027307;1057307190012;90442253;552919120089207;N;N;10;22.24;29.83;2.22;2.98;;BRAS_PF_PMC;ed. 1091;20;
BRASINDICE;1100;medicamento;0000087838;05;048-25280-FOEL;ACHE;TREZETE;10 mg + 10 mg bl. x 60 cprs. rev.;"ROSUVASTATINA CÁLCICA;EZETIMIBA";7896658047992;1057307190039;90553560;552923020156903;N;N;60;127.2;170.63;2.12;2.84;;BRAS_PF_PMC;ed. 1091;20;
BRASINDICE;1100;medicamento;0000087839;05;048-25280-FOEM;ACHE;TREZETE;20 mg + 10 mg bl. x 60 cprs. rev.;"ROSUVASTATINA CÁLCICA;EZETIMIBA";7896658048012;1057307190063;90553578;552923020157003;N;N;60;179.82;241.22;3;4.02;;BRAS_PF_PMC;ed. 1091;20;
BRASINDICE;1100;medicamento;0000091551;05;048-25280-FERL;ACHE;TREZETE;5 mg. + 10 mg. bl. x 30 cprs. rev.;"ROSUVASTATINA CÁLCICA;EZETIMIBA";7896658049477;1057307190081;90595190;552924090166703;N;N;30;58.63;78.65;1.95;2.62;;BRAS_PF_PMC;ed. 1091;20;
BRASINDICE;1100;medicamento;0000091552;05;048-25280-FSZX;ACHE;TREZETE;5 mg. + 10 mg. bl. x 10 cprs. rev.;"ROSUVASTATINA CÁLCICA;EZETIMIBA";7896658049484;1057307190071;90595181;552924090166803;N;N;10;19.54;26.21;1.95;2.62;;BRAS_PF_PMC;ed. 1091;20;
BRASINDICE;1100;medicamento;0000048839;05;048-20521-BWDW;ACHE;TREZOR;10 mg 30 cprs. rev.;ROSUVASTATINA CÁLCICA;7896658015380;1057304140049;90263707;500512070043304;N;N;30;31.02;42.76;1.03;1.43;;BRAS_PF_PMC;ed. 1091;20;
BRASINDICE;1100;medicamento;0000048840;05;048-20521-BFPX;ACHE;TREZOR;20 mg 30 cprs. rev.;ROSUVASTATINA CÁLCICA;7896658015427;1057304140081;90263715;500512070043204;N;N;30;52.46;72.31;1.75;2.41;;BRAS_PF_PMC;ed. 1091;20;
BRASINDICE;1100;medicamento;0000049347;05;048-20521-APEQ;ACHE;TREZOR;10 mg 10 cprs. rev.;ROSUVASTATINA CÁLCICA;7896658015366;1057304140022;90263693;500512070043104;N;N;10;19.16;26.41;1.92;2.64;;BRAS_PF_PMC;ed. 1091;20;
BRASINDICE;1100;medicamento;0000060420;05;048-20521-DMED;ACHE;TREZOR;20 mg bl. x 10 cprs. rev.;ROSUVASTATINA CÁLCICA;7896658015403;1057304140065;90296818;500514050057503;N;N;10;29.6;40.8;2.96;4.08;;BRAS_PF_PMC;ed. 1091;20;
BRASINDICE;1100;medicamento;0000071468;05;048-20521-CVTK;ACHE;TREZOR;5 mg 30 cprs. rev.;ROSUVASTATINA CÁLCICA;7896658026065;1057304140103;90392442;552917090071903;N;N;30;25.44;35.07;0.85;1.17;;BRAS_PF_PMC;ed. 1091;20;
BRASINDICE;1100;medicamento;0000074814;05;048-20521-DEEP;ACHE;TREZOR;5 mg 10 cprs. rev.;ROSUVASTATINA CÁLCICA;7896658026072;1057304140091;90392434;552917090071803;N;N;10;13.13;18.1;1.31;1.81;;BRAS_PF_PMC;ed. 1091;20;
BRASINDICE;1100;medicamento;0000076856;05;048-20521-CGBN;ACHE;TREZOR;40 mg 10 cprs. rev.;ROSUVASTATINA CÁLCICA;7896658033452;1057304140111;90438760;552919060077703;N;N;10;56.67;78.11;5.67;7.81;;BRAS_PF_PMC;ed. 1091;20;
BRASINDICE;1100;medicamento;0000076857;05;048-20521-BJTR;ACHE;TREZOR;40 mg 30 cprs. rev.;ROSUVASTATINA CÁLCICA;7896658033445;1057304140121;90438779;552919060077803;N;N;30;94.04;129.62;3.13;4.32;;BRAS_PF_PMC;ed. 1091;20;
BRASINDICE;1100;medicamento;0000078978;05;048-20521-DFWO;ACHE;TREZOR;10 mg bl. 60 cprs. rev.;ROSUVASTATINA CÁLCICA;7896658035289;1057304140146;90454995;552920020119707;N;N;60;60.38;83.23;1.01;1.39;;BRAS_PF_PMC;ed. 1091;20;
BRASINDICE;1100;medicamento;0000078979;05;048-20521-CQQT;ACHE;TREZOR;20 mg bl. 60 cprs. rev.;ROSUVASTATINA CÁLCICA;7896658035272;1057304140154;90455100;552920020119807;N;N;60;102.18;140.84;1.7;2.35;;BRAS_PF_PMC;ed. 1091;20;
BRASINDICE;1100;medicamento;0000078980;05;048-20521-FDKU;ACHE;TREZOR;5 mg bl. 60 cprs. rev.;ROSUVASTATINA CÁLCICA;7896658035319;1057304140138;90454987;552920020119607;N;N;60;48.95;67.47;0.82;1.12;;BRAS_PF_PMC;ed. 1091;20;
BRASINDICE;1100;medicamento;0000094908;05;048-20521-FNSE;ACHE;TREZOR;40 mg bl. x 60 cprs. rev.;ROSUVASTATINA CÁLCICA;7896658053467;1057304140162;90617657;552925100174703;N;N;60;144.96;199.81;2.42;3.33;;BRAS_PF_PMC;ed. 1091;20;
BRASINDICE;1100;medicamento;0000003812;05;092-05203-APMK;APSEN;TRIANCIL;20 mg/ml susp. inj. FA 5 ml;HEXACETONIDO DE TRIANCINOLONA;7896637022804;1011801400040;90010060;501603001157317;N;N;1;115.45;159.14;115.45;159.14;;BRAS_PF_PMC;ed. 1096;20;
BRASINDICE;1100;medicamento;0000056816;05;092-05203-DXQN;APSEN;TRIANCIL;20 mg/ml susp. inj. cx. 5 FA 1 ml;HEXACETONIDO DE TRIANCINOLONA;7896637022811;1011801400024;90254236;501613070015203;N;N;5;115.45;159.14;23.09;31.83;;BRAS_PF_PMC;ed. 1096;20;
BRASINDICE;1100;medicamento;0000047844;05;062-15377-AEFF;EMS;TRIANCINOLONA ACETONIDA + SULF. DE NEOM. + GRAM. + NIST. - GENERICO;Creme bisn. 30 g;"TRIANCINOLONA ACETONIDA;SULFATO DE NEOMICINA;NISTATINA;GRAMICIDINA";7896004708744;1023506510012;90051785;507726101061115;S;N;1;32.05;42.99;32.05;42.99;;BRAS_PF_PMC;ed. 1079;20;
BRASINDICE;1100;medicamento;0000025786;05;062-16005-BVZL;EMS;TRIANCINOLONA ACETONIDA - GENERICO;1 mg/g pom. bisn. x 10 g;TRIANCINOLONA ACETONIDA;7896004712048;1023507350019;90051823;507727701168113;S;N;1;12.52;17.31;12.52;17.31;;BRAS_PF_PMC;ed. 1079;20;
BRASINDICE;1100;medicamento;0000044109;05;072-19646-DCBT;EUROFARMA;TRIANCINOLONA ORAL - GENERICO;1 mg/g pom. bucal bisn. 10 g;TRIANCINOLONA ACETONIDA;7891317465643;1004310430011;90222300;508030102161112;S;N;1;12.69;17.49;12.69;17.49;;BRAS_PF_PMC;ed. 1094;20;
BRASINDICE;1100;medicamento;0000086157;05;912-17647-FMLR;MOMENTA;TRIAXIN;500 mg. po sol. inj. IM ct. FA vd. trans. + dil. amp. vd. trans. x 2 ml;CEFTRIAXONA SÓDICA;7891317016043;1004314220011;90538463;508022080166017;N;N;1;21.46;29.58;21.46;29.58;;BRAS_PF_PMC;ed. 1094;20;
BRASINDICE;1100;medicamento;0000086158;05;912-17647-FMLS;MOMENTA;TRIAXIN;1 g. po sol. inj. IM ct. FA vd. trans. + dil. amp. vd. trans. x 3,5 ml;CEFTRIAXONA SÓDICA;7891317016029;1004314220028;90538471;508022080166117;N;N;1;34.96;48.19;34.96;48.19;;BRAS_PF_PMC;ed. 1094;20;
BRASINDICE;1100;medicamento;0000086159;05;912-17647-FMLT;MOMENTA;TRIAXIN;1 g. po sol. inj. IM ct. 5 FA vd. trans. + dil. amp. vd. trans. x 3,5 ml;CEFTRIAXONA SÓDICA;7891317016012;1004314220036;90538480;508022080166217;N;N;5;174.83;240.98;34.97;48.2;;BRAS_PF_PMC;ed. 1094;20;
BRASINDICE;1100;medicamento;0000043230;05;427-14012-FIGJ;BLAU FARM.;TRIAXTON;1000 mg po inj. ct. FA vd. trans. + dil. amp. vd. trans. x 3,5 ml;CEFTRIAXONA DISSÓDICA HEMIEPTAIDRATADA;7896014687732;1163701010134;90515242;504421060067903;N;N;1;84.99;117.15;84.99;117.15;;BRAS_PF_PMC;ed. 1097;20;
BRASINDICE;1100;medicamento;0000083692;05;427-26223-DETV;BLAU FARM.;TRIAXTON (Restrito Hosp.);1000 mg. po inj. cx. 100 FA vd. inc. tipo III (hosp.);CEFTRIAXONA DISSÓDICA HEMIEPTAIDRATADA;7896014686797;1163701010061;90295447;504414010045818;N;S;100;8784.48;0;87.84;0;;BRAS_PF_PMC;ed. 1097;20;
BRASINDICE;1100;medicamento;0000080330;05;438-03746-ATWD;BIOLAB SANUS;TRIAZOL;150 mg. cx. 1 caps;FLUCONAZOL;7896112492740;1097400560085;90028821;504106103118417;N;N;1;28.63;39.46;28.63;39.46;;BRAS_PF_PMC;ed. 1091;20;
BRASINDICE;1100;medicamento;0000080331;05;438-03746-APBV;BIOLAB SANUS;TRIAZOL;150 mg. cx. 2 caps.;FLUCONAZOL;7896112493440;1097400560095;90028830;504106104114415;N;N;2;50.37;69.42;25.18;34.71;;BRAS_PF_PMC;ed. 1091;20;
BRASINDICE;1100;medicamento;0000080332;05;438-03746-CUPH;BIOLAB SANUS;TRIAZOL;150 mg. cx. 4 caps.;FLUCONAZOL;7896112424147;1097400560125;90028848;504106107113411;N;N;4;100.76;138.88;25.19;34.72;;BRAS_PF_PMC;ed. 1091;20;
BRASINDICE;1100;medicamento;0000083688;05;072-26222-FJPI;EUROFARMA;TRICIT (Restrito Hosp.);40 mg/ml sol. hemo. cx. 2 bolsas plas. trans. sist. fech. x 3000 ml;CITRATO DE SÓDIO DI-HIDRATADO;7891317011093;1004313230054;90518080;508021090142607;N;S;2;1833.34;0;916.67;0;;BRAS_PF_PMC;ed. 1091;20;
BRASINDICE;1100;medicamento;0000012423;05;581-11575-FTPH;CAZI;TRICOMAX;100 mg/g + 20.000 UI/g crem vag ct bg al x 50 g + 10 aplic descart;"NISTATINA;METRONIDAZOL";7893736018004;1071500890035;90039130;505510501160412;N;N;1;68.8;92.29;68.8;92.29;;BRAS_PF_PMC;ed. 1097;20;
BRASINDICE;1100;medicamento;0000068196;05;988-23285-EPUY;PHARLAB;TRICORTID;20 mg + 0.5 mg + 2.5 mg creme derm ct bg al x 30 g;CETOCONAZOL;7898216361021;1410700540014;90176634;527903801160410;N;N;1;20.04;26.88;20.04;26.88;;BRAS_PF_PMC;ed. 1090;20;
BRASINDICE;1100;medicamento;0000068198;05;988-23285-EPUV;PHARLAB;TRICORTID;20 mg + 0.5 mg + 2.5 mg  pom derm cx bg al x 30 g;CETOCONAZOL;7898216361014;1410700540030;90176642;527903802167419;N;N;1;22.66;30.4;22.66;30.4;;BRAS_PF_PMC;ed. 1090;20;
BRASINDICE;1100;medicamento;0000039635;05;348-16491-DAFS;CRISTALIA;TRIDIL (Restrito Hosp.);50 mg. 10 amps. 10 ml;NITROGLICERINA;7896676415292;1029801330053;90048504;506714704157311;N;S;10;428.16;0;42.82;0;;BRAS_PF_PMC;ed. 1094;20;
BRASINDICE;1100;medicamento;0000042003;05;348-16491-DDEU;CRISTALIA;TRIDIL (Restrito Hosp.);25 mg. 10 amps. 5 ml;NITROGLICERINA;7896676415308;1029801330045;90048512;506714703150311;N;S;10;401.54;0;40.15;0;;BRAS_PF_PMC;ed. 1094;20;
BRASINDICE;1100;medicamento;0000015351;05;440-27308-FPDU;BAGO;TRIFAMOX;875 mg + 125 mg ct. bl. al. plas. trans. x 14 cprs. rev.;"AMOXICILINA TRIHIDRATADA;SULBACTAM PIVOXILA";7898906376403;1562600200091;90123840;536500809111310;N;N;14;124.24;171.25;8.87;12.23;;BRAS_PF_PMC;ed. 1094;20;
BRASINDICE;1100;medicamento;0000015352;05;440-27308-FPDS;BAGO;TRIFAMOX;200 mg/ml + 50 mg/ml po sus. or. ct. fr. plas. opc. x 15 g (capac. 30 ml) + dosif.;"SULBACTAM PIVOXILA;AMOXICILINA TRI-HIDRATADA";7898906376397;1562600200059;90123760;536500802133319;N;N;1;95.37;131.46;95.37;131.46;;BRAS_PF_PMC;ed. 1094;20;
BRASINDICE;1100;medicamento;0000015353;05;440-27308-FPDT;BAGO;TRIFAMOX;200 mg/ml + 50 mg/ml po sus. or. ct. fr. plas. opc. x 30 g (capac. 60 ml) + dosif.;"SULBACTAM PIVOXILA;AMOXICILINA TRI-HIDRATADA";7898906376380;1562600200067;90123778;536500808131318;N;N;1;158.04;217.84;158.04;217.84;;BRAS_PF_PMC;ed. 1094;20;
BRASINDICE;1100;medicamento;0000060371;05;440-27308-FPDV;BAGO;TRIFAMOX;500 mg + 250 mg po sol. inj. ct. FA vd. trans. + dil. amp. vd. trans. x 5 ml;"SULBACTAM PIVOXILA;AMOXICILINA SÓDICA";7898906376366;1562600200121;90123816;536500803156312;N;N;1;56.18;77.44;56.18;77.44;;BRAS_PF_PMC;ed. 1094;20;
BRASINDICE;1100;medicamento;0000060372;05;440-27308-FPDW;BAGO;TRIFAMOX;1000 mg + 500 mg po sol. inj. ct. FA vd. trans. + dil. amp. vd. trans. x 5 ml;"AMOXICILINA SÓDICA;SULBACTAM SÓDICO";7898906376373;1562600200148;90123751;536500804152310;N;N;1;106.83;147.25;106.83;147.25;;BRAS_PF_PMC;ed. 1094;20;
BRASINDICE;1094;medicamento;0000080147;05;438-25354-FFCP;BIOLAB SANUS;TRIFOR;30 saches x 12,3 g;;7896112402411;;;;N;;30;200.79;0;6.69;0;;BRAS_PF_PMC;ed. 1091;20;
BRASINDICE;1094;medicamento;0000091679;05;438-28615-FOGX;BIOLAB SANUS;TRIFOR CAPS;60 caps.;;7896112409656;;;;N;;60;106.17;0;1.77;0;;BRAS_PF_PMC;ed. 1091;20;
BRASINDICE;1100;medicamento;0000073735;05;702-08195-EWQC;SANDOZ;TRILAX;300 mg. + 125 mg. + 50 mg. + 30 mg. ct. bl. al. plas. pvc/pe/pvdc opc x 12 cprs.;"CARISOPRODOL;PARACETAMOL;CAFEÍNA ANIDRA;DICLOFENACO SÓDICO";7897595630773;1004702670241;90403150;511518100068403;N;N;12;10.29;13.8;0.86;1.15;;BRAS_PF_PMC;ed. 1096;20;
BRASINDICE;1100;medicamento;0000073736;05;702-08195-EWQD;SANDOZ;TRILAX;300 mg. + 125 mg. + 50 mg. + 30 mg. ct. bl. al. plas. pvc/pe/pvdc opc x 30 cprs.;"CARISOPRODOL;PARACETAMOL;CAFEÍNA ANIDRA;DICLOFENACO SÓDICO";7897595630803;1004702670276;90403169;511518100068503;N;N;30;23.86;32.01;0.8;1.07;;BRAS_PF_PMC;ed. 1096;20;
BRASINDICE;1100;medicamento;0000002652;05;352-03684-AJKO;NOVARTIS;TRILEPTAL;300 mg ct. bl. al. plas. PVC/PE/PVDC trans. x 20 cprs. rev.;OXCARBAZEPINA;7896261000834;1006800460132;90173090;526515403119316;N;N;20;63.12;87;3.16;4.35;;BRAS_PF_PMC;ed. 1095;20;
BRASINDICE;1100;medicamento;0000002653;05;352-03684-AJKP;NOVARTIS;TRILEPTAL;600 mg ct. bl. al. plas. PVC/PE/PVDC trans. x 20 cprs. rev.;OXCARBAZEPINA;7896261000841;1006800460175;90173120;526515408110317;N;N;20;121.42;167.36;6.07;8.37;;BRAS_PF_PMC;ed. 1095;20;
BRASINDICE;1100;medicamento;0000002655;05;352-03684-AYFV;NOVARTIS;TRILEPTAL;300 mg ct. bl. al. plas. PVC/PE/PVDC trans. x 10 cprs. rev.;OXCARBAZEPINA;7896261004283;1006800460124;90173082;526515404115314;N;N;10;32.13;44.29;3.21;4.43;;BRAS_PF_PMC;ed. 1095;20;
BRASINDICE;1100;medicamento;0000002657;05;352-03684-BGFQ;NOVARTIS;TRILEPTAL;300 mg ct. bl. al. plas. PVC/PE/PVDC trans. x 60 cprs. rev.;OXCARBAZEPINA;7896261005372;1006800460159;90173104;526515405111312;N;N;60;189.95;261.83;3.17;4.36;;BRAS_PF_PMC;ed. 1095;20;
BRASINDICE;1100;medicamento;0000002658;05;352-03684-BQJI;NOVARTIS;TRILEPTAL;600 mg ct. bl. al. plas. PVC/PE/PVDC trans. x 60 cprs. rev.;OXCARBAZEPINA;7896261006898;1006800460191;90173139;526515409117315;N;N;60;364.45;502.36;6.07;8.37;;BRAS_PF_PMC;ed. 1095;20;
BRASINDICE;1100;medicamento;0000002659;05;352-03684-CEFF;NOVARTIS;TRILEPTAL;6% 100 ml susp. ind. ped.;OXCARBAZEPINA;7896261011106;1006800460221;90173147;526515410131415;N;N;1;71.92;99.13;71.92;99.13;;BRAS_PF_PMC;ed. 1095;20;
BRASINDICE;1100;medicamento;0000079601;05;044-25235-FLXQ;CHIESI;TRIMBOW;100 + 6,0 + 12,5 mcg sol. aer. inal. or. fr. al. x 120 acionamentos + disp. inal.;"BROMETO DE GLICOPIRRÔNIO;DIPROPIONATO DE BECLOMETASONA;FUMARATO DE FORMOTEROL DI-HIDRATADO";7896672203589;1005801200020;90479440;508520050012807;N;N;1;350.1;469.65;350.1;469.65;;BRAS_PF_PMC;ed. 1093;20;
BRASINDICE;1100;medicamento;0000055284;05;072-21502-BTSQ;EUROFARMA;TRIMEB;200 mg. bl. 20 caps. gel. mole;MALEATO DE TRIMEBUTINA;7891317125448;1004310870011;90295455;508013100099604;N;N;20;44.46;59.64;2.22;2.98;;BRAS_PF_PMC;ed. 1091;20;
BRASINDICE;1100;medicamento;0000055285;05;072-21502-DVTF;EUROFARMA;TRIMEB;200 mg. bl. 30 caps. gel. mole;MALEATO DE TRIMEBUTINA;7891317009892;1004310870028;90295463;508013100099704;N;N;30;68.52;91.92;2.28;3.06;;BRAS_PF_PMC;ed. 1091;20;
BRASINDICE;1100;medicamento;0000055286;05;072-21502-DVTG;EUROFARMA;TRIMEB;200 mg. bl. 60 caps. gel. mole;MALEATO DE TRIMEBUTINA;7891317009885;1004310870036;90295471;508013100099804;N;N;60;126.54;169.75;2.11;2.83;;BRAS_PF_PMC;ed. 1091;20;
BRASINDICE;1100;medicamento;0000085143;05;048-27534-FLFT;ACHE;TRIMETAZIDINA - GENERICO;35 mg. bl. x 30 cprs.;DICLORIDRATO DE TRIMETAZIDINA;7896658038471;1057307580074;90514661;552921070138706;S;N;30;48.42;66.74;1.61;2.22;;BRAS_PF_PMC;ed. 1092;20;
BRASINDICE;1100;medicamento;0000089570;05;072-27534-FQQB;EUROFARMA;TRIMETAZIDINA - GENERICO;35 mg ct. bl. al. plas. PVC/PVDC trans. x 30 cprs. rev. lib. prol.;DICLORIDRATO DE TRIMETAZIDINA;7891317028176;1004314800131;90577469;508024020180106;S;N;30;48.42;66.74;1.61;2.22;;BRAS_PF_PMC;ed. 1094;20;
BRASINDICE;1100;medicamento;0000089571;05;072-27534-FQQC;EUROFARMA;TRIMETAZIDINA - GENERICO;35 mg ct. bl. al. plas. PVC/PVDC trans. x 60 cprs. rev. lib. prol.;DICLORIDRATO DE TRIMETAZIDINA;7891317028190;1004314800156;90577477;508024020180206;S;N;60;96.84;133.48;1.61;2.22;;BRAS_PF_PMC;ed. 1094;20;
BRASINDICE;1100;medicamento;0000093900;05;048-27534-FWEB;ACHE;TRIMETAZIDINA - GENERICO;35 mg bl. x 60 cprs. rev.;DICLORIDRATO DE TRIMETAZIDINA;7896658038488;1057307580082;90514670;552921070138806;S;N;60;95.75;131.98;1.6;2.2;;BRAS_PF_PMC;ed. 1091;20;
BRASINDICE;1100;medicamento;0000081306;05;062-25600-FHKP;EMS;TRIMEXIUM;200 mg. 2 bl. x 15 caps. mole;MALEATO DE TRIMEBUTINA;7896004749983;1023513050021;90454570;541820020118907;N;N;30;65.95;88.47;2.2;2.95;;BRAS_PF_PMC;ed. 1079;20;
BRASINDICE;1100;medicamento;0000081307;05;062-25600-FGRH;EMS;TRIMEXIUM;200 mg. 4 bl. x 15 caps. mole;MALEATO DE TRIMEBUTINA;7896004749990;1023513050031;90454588;541820020119007;N;N;60;117.95;158.23;1.97;2.64;;BRAS_PF_PMC;ed. 1079;20;
BRASINDICE;1100;medicamento;0000078386;05;072-25034-FCRD;EUROFARMA;TRIMUSK;125 mg. + 50 mg. + 300 mg. + 30 mg. bl. al. plas. trans.  15 cprs.;"DICLOFENACO DE SÓDIO;CARISOPRODOL;PARACETAMOL;CAFEÍNA";7891317005931;1004312410024;90453670;508020010127107;N;N;15;18.59;24.94;1.24;1.66;;BRAS_PF_PMC;ed. 1091;20;
BRASINDICE;1100;medicamento;0000085949;05;072-25034-FMFB;EUROFARMA;TRIMUSK;125 mg + 50 mg + 300 mg + 30 mg bl. al. plas. trans. x 4 cprs.;"DICLOFENACO DE SÓDIO;CARISOPRODOL;PARACETAMOL;CAFEÍNA";7891317017583;1004312410059;90538340;508022070165703;N;N;4;4.45;5.97;1.11;1.49;;BRAS_PF_PMC;ed. 1091;20;
BRASINDICE;1100;medicamento;0000074697;05;100-24318-EXSQ;GEOLAB;TRINODAZOL;100 mg/g. geleia bisn. 50 g.;METRONIDAZOL;7899095202047;1542300370078;90308220;510404802175415;N;N;1;30.41;41.92;30.41;41.92;;BRAS_PF_PMC;ed. 1094;20;
BRASINDICE;1100;medicamento;0000074698;05;100-24319-EXSR;GEOLAB;TRINODAZOL + NISTATINA;Creme vag. 10 mg/g. + 20.000 UI/g. bisn. 50 g. c/10 aplic.;"NISTATINA;METRONIDAZOL";7899095203259;1542300970016;90080874;510410301166418;N;N;10;48.02;64.42;4.8;6.44;;BRAS_PF_PMC;ed. 1094;20;
BRASINDICE;1100;medicamento;0000037680;05;062-18405-CVSZ;EMS;TRINULOX;Creme derm. bisn. 15 g;"FLUOCINOLONA ACETONIDA;TRETINOÍNA;HIDROQUINONA";7896004726502;1023509330031;90059972;507741501162419;N;N;1;82.66;110.89;82.66;110.89;;BRAS_PF_PMC;ed. 1069;20;
BRASINDICE;1100;medicamento;0000075794;05;445-24623-EZCF;ALLERGAN;TRIPLENEX;0,1 mg/ml. + 1,5 mg/ml. + 6,83 mg/ml. sol. oft. fr. got. plas. opc. x 5 ml.;"MALEATO ÁCIDO DE TIMOLOL;TARTARATO DE BRIMONIDINA;BIMATOPROSTA";7897316806623;1014701860011;90394305;501018120013905;N;N;1;199.55;275.06;199.55;275.06;;BRAS_PF_PMC;ed. 1095;20;
BRASINDICE;1100;medicamento;0000081718;05;368-25684-FHEO;SERVIER;TRIPLIXAM;(5,0 + 1,25 + 5,0) mg. ct. fr. plas. PP opc. x 30 cprs. rev.;"INDAPAMIDA;BESILATO DE ANLODIPINO;PERINDOPRIL ARGININA";7898029550803;1127800840015;90501594;531320100011507;N;N;30;66.18;88.78;2.21;2.96;;BRAS_PF_PMC;ed. 1092;20;
BRASINDICE;1100;medicamento;0000081719;05;368-25684-FHEP;SERVIER;TRIPLIXAM;(5,0 + 1,25 + 10,0) mg. ct. fr. plas. PP opc. x 30 cprs. rev.;"INDAPAMIDA;BESILATO DE ANLODIPINO;PERINDOPRIL ARGININA";7898029550810;1127800840023;90501608;531320100011607;N;N;30;74.57;100.03;2.49;3.33;;BRAS_PF_PMC;ed. 1092;20;
BRASINDICE;1100;medicamento;0000081720;05;368-25684-FHEQ;SERVIER;TRIPLIXAM;(10,0 + 2,5 + 5,0) mg. ct. fr. plas. PP opc. x 30 cprs. rev.;"INDAPAMIDA;BESILATO DE ANLODIPINO;PERINDOPRIL ARGININA";7898029550827;1127800840031;90501616;531320100011707;N;N;30;96.7;129.72;3.22;4.32;;BRAS_PF_PMC;ed. 1092;20;
BRASINDICE;1100;medicamento;0000081721;05;368-25684-FHER;SERVIER;TRIPLIXAM;(10,0 + 2,5 + 10,0) mg. ct. fr. plas. PP opc. x 30 cprs. rev.;"INDAPAMIDA;BESILATO DE ANLODIPINO;PERINDOPRIL ARGININA";7898029550834;1127800840041;90501624;531320100011807;N;N;30;106.53;142.91;3.55;4.76;;BRAS_PF_PMC;ed. 1092;20;
BRASINDICE;1100;medicamento;0000091355;05;368-25684-FSUU;SERVIER;TRIPLIXAM;(5,0 + 1,25 + 5,0) mg. ct. fr. plas. PP opc x 10 cprs. rev.;"INDAPAMIDA;BESILATO DE ANLODIPINO;PERINDOPRIL ARGININA";3664898125145;1127800840058;90586212;531324060013003;N;N;10;22.06;29.59;2.21;2.96;;BRAS_PF_PMC;ed. 1092;20;
BRASINDICE;1100;medicamento;0000091356;05;368-25684-FSUV;SERVIER;TRIPLIXAM;(10,0 + 2,5 + 5,0) ct. fr. plas. PP opc. x 10 cprs. rev.;"INDAPAMIDA;BESILATO DE ANLODIPINO;PERINDOPRIL ARGININA";3664898125169;1127800840074;90586220;531324060013103;N;N;10;32.23;43.24;3.22;4.32;;BRAS_PF_PMC;ed. 1092;20;
BRASINDICE;1100;medicamento;0000091357;05;368-25684-FSUW;SERVIER;TRIPLIXAM;(10,0 + 2,5 + 10,0) ct. fr. plas. PP opc x 10 cprs. rev.;"INDAPAMIDA;BESILATO DE ANLODIPINO;PERINDOPRIL ARGININA";3664898125183;1127800840082;90586239;531324060013203;N;N;10;35.51;47.64;3.55;4.76;;BRAS_PF_PMC;ed. 1092;20;
BRASINDICE;1100;medicamento;0000082251;05;917-25911-FHWQ;SUPERA RX;TRIPLOA;150 mg bl. 4 cprs. lib prol.;CETOPROFENO;7899420507441;1037203000034;90493958;542620120015407;N;N;4;16.65;22.95;4.16;5.74;;BRAS_PF_PMC;ed. 1091;20;
BRASINDICE;1100;medicamento;0000082252;05;917-25911-FHWR;SUPERA RX;TRIPLOA;150 mg bl. 10 cprs. lib. prol.;CETOPROFENO;7899420507564;1037203000042;90493966;542620120015507;N;N;10;41.61;57.36;4.16;5.74;;BRAS_PF_PMC;ed. 1091;20;
BRASINDICE;1100;medicamento;0000087315;05;001-02777-FNNC;UNIAO QUIMICA;TRIQUILAR;(0,05 mg + 0,03 mg) + (0,075 mg + 0,04 mg) + (0,125 mg + 0,03 mg) ct. bl. al. plas. trans. x (6 + 5 +10) cprs. rev.;"LEVONORGESTREL;ETINILESTRADIOL";7896006201977;1049715010016;90552571;533022120083717;N;N;21;9.82;13.54;0.47;0.64;;BRAS_PF_PMC;ed. 1096;20;
BRASINDICE;1100;medicamento;0000087819;05;001-02777-FODS;UNIAO QUIMICA;TRIQUILAR;(0,03 mg) ct. bl. al. plas. trans. x (18 + 15 +30) cprs. rev.;"LEVONORGESTREL;ETINILESTRADIOL";7896006297352;1049715010024;90562372;533023050085403;N;N;63;29.46;40.61;0.47;0.64;;BRAS_PF_PMC;ed. 1096;20;
BRASINDICE;1100;medicamento;0000095758;05;001-28924-FXYM;UNIAO QUIMICA;TRIRUBIN;5 mg + 100 mg + 100 mg bl. al. x 30 cprs. rev.;;7896006222323;;90632826;;;;30;72.36;99.74;2.41;3.32;;BRAS_PF_PMC;ed. 1098;20;
BRASINDICE;1100;medicamento;0000085812;05;729-18708-FMBG;TEVA;TRISENOX (Restrito Hosp.) (CONVENIO 162/94);2 mg/ml sol. dil. infus. IV ct. 10 fr. vd. trans. x 6 ml;TRIÓXIDO DE ARSÊNIO;7898587901550;1557300370025;90537734;537522030010603;N;S;10;13031.76;0;1303.18;0;;BRAS_PF_PMC;ed. 1092;20;
BRASINDICE;1100;medicamento;0000080122;05;072-25349-FFBZ;EUROFARMA;TRISK (Restrito Hosp.);500 mg. po liof. sol. inj. IV ct. 5 FA vd. trans.;DAPTOMICINA;7891317002237;1004312850024;90444906;508020040130307;N;S;5;2178.46;0;435.69;0;;BRAS_PF_PMC;ed. 1094;20;
BRASINDICE;1094;medicamento;0000075274;05;030-27776-APKQ;ALCON;TRISORB;15 ml;;0300650426404;81869420146;;;N;;1;32.02;0;32.02;0;;BRAS_PF_PMC;ed. 1090;20;
BRASINDICE;1100;medicamento;0000071428;05;562-23759-EUEF;GLAXOSMITHKLINE;TRIUMEQ;50 mg. + 600 mg. + 300 mg. x 30 cprs.;"DOLUTEGRAVIR SÓDICO;SULFATO DE ABACAVIR;LAMIVUDINA";7896015529277;1010703260017;90380401;510617070057105;N;N;30;4513.6;6054.83;150.45;201.83;;BRAS_PF_PMC;ed. 1094;20;
BRASINDICE;1100;medicamento;0000003350;05;362-04698-ANTK;MARJAN;TRIVAGEL-N;Cr. bisn. 60 g;"DEXAMETASONA;SULFATO DE NEOMICINA;NISTATINA";7896226102504;1015500070036;90150252;524802601161412;N;N;1;72.45;97.19;72.45;97.19;;BRAS_PF_PMC;ed. 1082;20;
BRASINDICE;1100;medicamento;0000087399;05;958-26868-FHKF;GILEAD;TRODELVY (Restrito Hosp.);200 mg po liof. sol. inj. IV ct. FA vd. trans.;SACITUZUMABE GOVITECANA;7898962482223;1092900120018;90554035;546823010001301;N;S;1;8000.52;0;8000.52;0;;BRAS_PF_PMC;ed. 1092;20;
BRASINDICE;1094;medicamento;0000064677;05;021-21646-DJCJ;AVERT;TROFIS GEL HID;Gel 30 g;;7898549754613;;;;N;;1;104.28;0;104.28;0;;BRAS_PF_PMC;ed. 1067;20;
BRASINDICE;1100;medicamento;0000087003;05;072-11922-FNDQ;EUROFARMA;TROK;20 mg/g + 0,5 mg/g crem. derm. ct. bisn. al. x 10 g;"CETOCONAZOL;DIPROPIONATO DE BETAMETASONA";7891317025564;1004314290026;90550552;508022110170707;N;N;1;15.2;20.39;15.2;20.39;;BRAS_PF_PMC;ed. 1066;20;
BRASINDICE;1100;medicamento;0000087004;05;072-11922-FNDR;EUROFARMA;TROK;20 mg/g + 0,5 mg/g crem. derm. ct. bisn. al. x 30 g;"CETOCONAZOL;DIPROPIONATO DE BETAMETASONA";7891317025571;1004314290018;90550544;508022110170607;N;N;1;30.24;40.57;30.24;40.57;;BRAS_PF_PMC;ed. 1066;20;
BRASINDICE;1100;medicamento;0000087005;05;072-11922-FNDS;EUROFARMA;TROK;20 mg/g + 0,5 mg/g pom. derm. ct. bisn. al. x 10 g;"CETOCONAZOL;DIPROPIONATO DE BETAMETASONA";7891317025533;1004314300021;90550579;508022110170507;N;N;1;14.77;19.81;14.77;19.81;;BRAS_PF_PMC;ed. 1066;20;
BRASINDICE;1100;medicamento;0000087006;05;072-11922-FNDT;EUROFARMA;TROK;20 mg/g + 0,5 mg/g pom. derm. ct. bisn. al. x 30 g;"CETOCONAZOL;DIPROPIONATO DE BETAMETASONA";7891317025540;1004314300013;90550560;508022110170407;N;N;1;30.24;40.57;30.24;40.57;;BRAS_PF_PMC;ed. 1066;20;
BRASINDICE;1100;medicamento;0000029380;05;072-16673-BFYU;EUROFARMA;TROK G;Pom. derm. bisn. 30 g;"SULFATO DE GENTAMICINA;DIPROPIONATO DE BETAMETASONA";7891317452933;1004309800046;90071441;508027201160416;N;N;1;24.75;33.2;24.75;33.2;;BRAS_PF_PMC;ed. 1066;20;
BRASINDICE;1100;medicamento;0000029381;05;072-16673-BQDS;EUROFARMA;TROK G;Creme derm. bisn. 30 g;"SULFATO DE GENTAMICINA;DIPROPIONATO DE BETAMETASONA";7891317452650;1004309800089;90071425;508027202167414;N;N;1;24.75;33.2;24.75;33.2;;BRAS_PF_PMC;ed. 1066;20;
BRASINDICE;1100;medicamento;0000049682;05;072-16673-CPJA;EUROFARMA;TROK G;Creme derm. bisn. 10 g;"SULFATO DE GENTAMICINA;DIPROPIONATO DE BETAMETASONA";7891317452629;1004309800054;90071417;508027204161413;N;N;1;8.27;11.09;8.27;11.09;;BRAS_PF_PMC;ed. 1066;20;
BRASINDICE;1100;medicamento;0000013040;05;072-11946-BFYU;EUROFARMA;TROK-N;Pom. derm. bisn. 30 g;"SULFATO DE NEOMICINA;CETOCONAZOL;DIPROPIONATO DE BETAMETASONA";7891317445744;1004308240063;90071468;508017308167410;N;N;1;31.4;42.12;31.4;42.12;;BRAS_PF_PMC;ed. 1066;20;
BRASINDICE;1100;medicamento;0000013041;05;072-11946-BOKL;EUROFARMA;TROK-N;Pom. 1 bisn. 10 g;"SULFATO DE NEOMICINA;CETOCONAZOL;DIPROPIONATO DE BETAMETASONA";7891317412555;1004308240047;90071484;508017304161418;N;N;1;15.55;20.86;15.55;20.86;;BRAS_PF_PMC;ed. 1066;20;
BRASINDICE;1100;medicamento;0000013042;05;072-11946-BOKM;EUROFARMA;TROK-N;Creme 1 bisn. 10 g;"SULFATO DE NEOMICINA;CETOCONAZOL;DIPROPIONATO DE BETAMETASONA";7891317412531;1004308240012;90071476;508017303165411;N;N;1;16.35;21.93;16.35;21.93;;BRAS_PF_PMC;ed. 1066;20;
BRASINDICE;1100;medicamento;0000013043;05;072-11946-BQDS;EUROFARMA;TROK-N;Creme derm. bisn. 30 g;"SULFATO DE NEOMICINA;CETOCONAZOL;DIPROPIONATO DE BETAMETASONA";7891317445737;1004308240039;90071450;508017307160412;N;N;1;31.4;42.12;31.4;42.12;;BRAS_PF_PMC;ed. 1066;20;
BRASINDICE;1100;medicamento;0000081797;05;917-25707-FHHG;SUPERA RX;TROL;100 mg bl. 10 cprs. rev.;CLORIDRATO DE TRAMADOL;7899420501418;1037202970145;90495659;542620110014307;N;N;10;73.97;101.96;7.4;10.2;;BRAS_PF_PMC;ed. 1091;20;
BRASINDICE;1100;medicamento;0000081798;05;917-25708-FHHF;SUPERA RX;TROL PAR;37,5 mg/325 mg bl. 10 cprs. rev.;"CLORIDRATO DE TRAMADOL;PARACETAMOL";7899420507007;1037202960018;90495667;542620110014407;N;N;10;29.35;39.37;2.94;3.94;;BRAS_PF_PMC;ed. 1091;20;
BRASINDICE;1100;medicamento;0000081799;05;917-25708-FHHE;SUPERA RX;TROL PAR;37,5 mg/325 mg bl. 20 cprs. rev.;"CLORIDRATO DE TRAMADOL;PARACETAMOL";7899420507014;1037202960042;90495675;542620110014507;N;N;20;51.18;68.66;2.56;3.43;;BRAS_PF_PMC;ed. 1091;20;
BRASINDICE;1100;medicamento;0000095329;05;114-02787-FXME;ABBOTT;TROMBOFOB GEL;200 UI/g gel top. bisn. al. x 40 g;HEPARINA SÓDICA SUÍNA;7896255717885;1055303230013;90001362;500209501164418;N;N;1;34.1;45.75;34.1;45.75;;BRAS_PF_PMC;ed. 1092;20;
BRASINDICE;1100;medicamento;0000023422;05;062-14460-CJBU;EMS;TROMETAMOL CETOROLACO - GENERICO;Sol. oft. 5 mg/ml fr. 5 ml;CETOROLACO TROMETAMINA;7896004706900;1023512000012;90433220;507706101171110;S;N;1;41.9;57.92;41.9;57.92;;BRAS_PF_PMC;ed. 1079;20;
BRASINDICE;1100;medicamento;0000067131;05;632-14460-BTZA;GEN - LEGRAND;TROMETAMOL CETOROLACO - GENERICO;Sol. oft. 0,5% fr. 5 ml;CETOROLACO TROMETAMINA;7894916140171;1677302390016;90142144;538809601175115;S;N;1;29.76;41.02;29.76;41.02;;BRAS_PF_PMC;ed. 1092;20;
BRASINDICE;1100;medicamento;0000074120;05;427-14460-EXAK;BLAU FARM.;TROMETAMOL CETOROLACO - GENERICO;30 mg/ml sol. inj. IM/IV cx. 3 amps. vd. amb. x 1 ml;CETOROLACO TROMETAMINA;7896014656318;1163701450010;90396839;504417120065606;S;N;3;26.47;36.49;8.82;12.16;;BRAS_PF_PMC;ed. 1097;20;
BRASINDICE;1100;medicamento;0000083696;05;048-14460-FIBY;ACHE;TROMETAMOL CETOROLACO - GENERICO;10 mg bl. 10 cprs. subl.;TROMETAMOL CETOROLACO;7896658038068;1057307500021;90520041;552921100140706;S;N;10;26.47;36.49;2.65;3.65;;BRAS_PF_PMC;ed. 1092;20;
BRASINDICE;1100;medicamento;0000087484;05;100-14460-EYQF;GEOLAB;TROMETAMOL CETOROLACO - GENERICO;4 mg/ml sol. oft. ct. fr. got. plas. opc. x 10 ml;CETOROLACO TROMETAMINA;7899095239050;1542301360084;90279743;510413010081606;S;N;1;63.27;87.21;63.27;87.21;;BRAS_PF_PMC;ed. 1094;20;
BRASINDICE;1100;medicamento;0000087485;05;100-14460-FNSP;GEOLAB;TROMETAMOL CETOROLACO - GENERICO;5 mg/ml sol. oft. est. ct. fr. got. plas. opc. x 5 ml;CETOROLACO TROMETAMINA;7899095233300;1542301360017;90079159;510412501170113;S;N;1;29.22;40.28;29.22;40.28;;BRAS_PF_PMC;ed. 1094;20;
BRASINDICE;1100;medicamento;0000088611;05;001-14460-FPIL;UNIAO QUIMICA;TROMETAMOL CETOROLACO - GENERICO;10 mg x 20 cprs. subl.;TROMETAMOL CETOROLACO;7896006299813;1049715200044;90574834;533023110088706;S;N;20;50.31;69.35;2.52;3.47;;BRAS_PF_PMC;ed. 1096;20;
BRASINDICE;1100;medicamento;0000088612;05;001-14460-FPIK;UNIAO QUIMICA;TROMETAMOL CETOROLACO - GENERICO;10 mg x 10 cprs. subl.;TROMETAMOL CETOROLACO;7896006299820;1049715200036;90574826;533023110088606;S;N;10;26.47;36.49;2.65;3.65;;BRAS_PF_PMC;ed. 1096;20;
BRASINDICE;1100;medicamento;0000089363;05;072-14460-FQKJ;EUROFARMA;TROMETAMOL CETOROLACO - GENERICO;10 mg ct. fr. vd. amb. x 10 cprs. subl.;TROMETAMOL CETOROLACO;7891317028237;1004314760030;90580419;508024010177106;S;N;10;26.48;36.5;2.65;3.65;;BRAS_PF_PMC;ed. 1094;20;
BRASINDICE;1100;medicamento;0000089364;05;072-14460-FQKK;EUROFARMA;TROMETAMOL CETOROLACO - GENERICO;10 mg ct. fr. vd. amb. x 20 cprs. subl.;TROMETAMOL CETOROLACO;7891317028244;1004314760049;90580427;508024010177206;S;N;20;51.57;71.08;2.58;3.55;;BRAS_PF_PMC;ed. 1094;20;
BRASINDICE;1100;medicamento;0000089413;05;048-14460-FNSG;ACHE;TROMETAMOL CETOROLACO - GENERICO;10 mg bl. x 20 cprs. subl.;TROMETAMOL CETOROLACO;7896658038075;1057307500038;90520050;552921100140806;S;N;20;50.33;69.37;2.52;3.47;;BRAS_PF_PMC;ed. 1091;20;
BRASINDICE;1100;medicamento;0000089942;05;473-14460-FRBO;NEO QUIMICA;TROMETAMOL CETOROLACO - GENERICO;10 mg. ct. bl. x 10 cprs. subl.;TROMETAMOL CETOROLACO;7896714292267;1558406630037;90580478;504624020096306;S;N;10;24.2;33.36;2.42;3.34;;BRAS_PF_PMC;ed. 1091;20;
BRASINDICE;1100;medicamento;0000089943;05;473-14460-FRBP;NEO QUIMICA;TROMETAMOL CETOROLACO - GENERICO;10 mg. ct. bl. x 30 cprs. subl.;TROMETAMOL CETOROLACO;7896714292281;1558406630053;90580494;504624020096506;S;N;30;54.49;75.11;1.82;2.5;;BRAS_PF_PMC;ed. 1091;20;
BRASINDICE;1100;medicamento;0000089944;05;473-14460-FRBQ;NEO QUIMICA;TROMETAMOL CETOROLACO - GENERICO;10 mg. ct. bl. x 20 cprs. subl.;TROMETAMOL CETOROLACO;7896714292298;1558406630045;90580486;504624020096406;S;N;20;46;63.41;2.3;3.17;;BRAS_PF_PMC;ed. 1091;20;
BRASINDICE;1100;medicamento;0000089999;05;591-14460-AKJF;GERMED;TROMETAMOL CETOROLACO - GENERICO;10 mg. 10 cprs.;TROMETAMOL CETOROLACO;7896004821276;1058310170130;90546482;526122090162106;S;N;10;26.45;36.46;2.64;3.65;;BRAS_PF_PMC;ed. 1092;20;
BRASINDICE;1100;medicamento;0000090000;05;591-14460-AARR;GERMED;TROMETAMOL CETOROLACO - GENERICO;10 mg 20 cprs.;TROMETAMOL CETOROLACO;7896004821283;1058310170149;90546490;526122090162206;S;N;20;50.72;69.91;2.54;3.5;;BRAS_PF_PMC;ed. 1092;20;
BRASINDICE;1100;medicamento;0000091688;05;632-14460-FTDJ;GEN - LEGRAND;TROMETAMOL CETOROLACO - GENERICO;10 mg. 10 cprs. subl.;TROMETAMOL CETOROLACO;7894916343305;1677306900086;90596021;538824090119806;S;N;10;26.45;36.46;2.64;3.65;;BRAS_PF_PMC;ed. 1092;20;
BRASINDICE;1100;medicamento;0000091689;05;632-14460-FTDK;GEN - LEGRAND;TROMETAMOL CETOROLACO - GENERICO;10 mg. 20 cprs. subl.;TROMETAMOL CETOROLACO;7894916343312;1677306900094;90596030;538824090119906;S;N;20;50.72;69.91;2.54;3.5;;BRAS_PF_PMC;ed. 1092;20;
BRASINDICE;1100;medicamento;0000092201;05;062-14460-FTVO;EMS;TROMETAMOL CETOROLACO - GENERICO;10 mg 10 caps. subl.;TROMETAMOL CETOROLACO;7896004793429;1023514020134;90543297;541822090186606;S;N;10;25.19;34.82;2.52;3.48;;BRAS_PF_PMC;ed. 1079;20;
BRASINDICE;1100;medicamento;0000092202;05;062-14460-FTVP;EMS;TROMETAMOL CETOROLACO - GENERICO;10 mg 20 caps. subl.;TROMETAMOL CETOROLACO;7896004793436;1023514020142;90543300;541822090186706;S;N;20;48.29;66.76;2.41;3.34;;BRAS_PF_PMC;ed. 1071;20;
BRASINDICE;1100;medicamento;0000094024;05;790-14460-FREY;MULTILAB;TROMETAMOL CETOROLACO - GENERICO;10 mg 10 cprs. subl.;TROMETAMOL CETOROLACO;7896472522149;1181904910081;90595920;607024100115406;S;N;10;26.45;36.46;2.64;3.65;;BRAS_PF_PMC;ed. 1092;20;
BRASINDICE;1100;medicamento;0000094025;05;790-14460-FREX;MULTILAB;TROMETAMOL CETOROLACO - GENERICO;10 mg 20 cprs. subl.;TROMETAMOL CETOROLACO;7896472522156;1181904910091;90595939;607024100115506;S;N;20;50.72;69.91;2.54;3.5;;BRAS_PF_PMC;ed. 1092;20;
BRASINDICE;1100;medicamento;0000094044;05;062-14460-FREX;EMS;TROMETAMOL CETOROLACO - GENERICO;10 mg 20 cprs. subl.;TROMETAMOL CETOROLACO;7895296449533;1023514020142;90543300;541822090186706;S;N;20;48.29;66.76;2.41;3.34;;BRAS_PF_PMC;ed. 1079;20;
BRASINDICE;1100;medicamento;0000081046;05;555-24628-FGJE;HIPOLABOR;TROMETAMOL CETOROLACO - GENERICO (Restrito Hosp.);30 mg/ml sol. inj. IV/IM cx. 50 amps. vd. amb. x 1 ml;TROMETAMOL CETOROLACO;7898470684218;1134301980035;90477456;511620050044807;S;S;50;441.04;0;8.82;0;;BRAS_PF_PMC;ed. 1092;20;
BRASINDICE;1100;medicamento;0000085862;05;427-24628-FMCS;BLAU FARM.;TROMETAMOL CETOROLACO - GENERICO (Restrito Hosp.);30 mg/ml sol. inj. IM/IV cx. 50 amps. vd. amb. x 1 ml;CETOROLACO TROMETAMINA;7896014656325;1163701450029;90396847;504417120065706;S;S;50;441.06;0;8.82;0;;BRAS_PF_PMC;ed. 1097;20;
BRASINDICE;1100;medicamento;0000002234;05;500-02789-AABC;SIGMA PHARMA;TROPINAL;Cx. 20 cprs.;"BROMETO DE N-BUTILESCOPOLAMINA;DIPIRONA MONOIDRATADA;METILBROMETO DE HOMATROPINA;BROMIDRATO DE HIOSCIAMINA";7894916208154;1356905930037;90240057;531625802111417;N;N;20;20.3;27.23;1.02;1.36;;BRAS_PF_PMC;ed. 1099;20;
BRASINDICE;1100;medicamento;0000002235;05;500-02789-ADZF;SIGMA PHARMA;TROPINAL;Sol. fr. 15 ml.;"DIPIRONA MONOIDRATADA;BUTILBROMETO DE ESCOPOLAMINA;METILBROMETO DE HOMATROPINA;BROMIDRATO DE HIOSCIAMINA";7894916208833;1356905930029;90240049;531625801131414;N;N;1;21.87;29.34;21.87;29.34;;BRAS_PF_PMC;ed. 1099;20;
BRASINDICE;1100;medicamento;0000065507;05;110-22884-ELRW;ELI LILLY;TRULICITY;1,5 mg sol. inj. ct. 2 ser. preench. vd. trans. x 0,5 ml + 2 can. aplic.;DULAGLUTIDA;7896382707742;1126001900027;90335805;507615120019202;N;N;2;299.24;401.42;149.62;200.71;;BRAS_PF_PMC;ed. 1096;20;
BRASINDICE;1100;medicamento;0000068745;05;110-22884-EQQZ;ELI LILLY;TRULICITY;0,75 mg sol. inj. ct. 4 ser. preench. vd. trans. x 0,5 ml + 4 can. aplic.;DULAGLUTIDA;7896382707889;1126001900078;90335848;507615120019602;N;N;4;490.39;657.84;122.6;164.46;;BRAS_PF_PMC;ed. 1096;20;
BRASINDICE;1100;medicamento;0000086604;05;1075-26515-FLQK;PFIZER BRASIL;TRUMENBA;Vac 1 x 0.5 ml PFS BR;VACINA ADSORVIDA MENINGOCÓCICA B (RECOMBINANTE);7891268030822;1211004490022;90520726;522721100090207;N;N;1;556.17;746.08;556.17;746.08;;BRAS_PF_PMC;ed. 1094;20;
BRASINDICE;1100;medicamento;0000091401;05;442-27903-FSWA;ASTRAZENECA;TRUQAP;160 mg ct. bl. 4 x 16 cprs. rev.;CAPIVASERTIBE;5000456078054;1161803000018;90589491;502324080036901;N;N;64;44325.39;59460.93;692.58;929.08;;BRAS_PF_PMC;ed. 1092;20;
BRASINDICE;1100;medicamento;0000091402;05;442-27903-FSWB;ASTRAZENECA;TRUQAP;200 mg ct. bl. 4 x 16 cprs. rev.;CAPIVASERTIBE;5000456078061;1161803000026;90589505;502324080037001;N;N;64;44325.39;59460.93;692.58;929.08;;BRAS_PF_PMC;ed. 1092;20;
BRASINDICE;1100;medicamento;0000080493;05;958-22157-FFPG;GILEAD;TRUVADA;200 mg. + 300 mg. fr. plas. opc. x 30 cprs. rev.;"FUMARATO DE TENOFOVIR DESOPROXILA;ENTRICITABINA";7898962482100;1092900040014;90453026;546820020000617;N;N;30;2788.89;3741.2;92.96;124.71;;BRAS_PF_PMC;ed. 1092;20;
BRASINDICE;1094;medicamento;0000092106;05;1116-28063-FAZW;GMP-L;TRUVISC 1.0%;20 mg. 1 ser. 2 ml;;4064544237823;82991810002;;;N;;1;2900;0;2900;0;;BRAS_PF_PMC;ed. 1066;20;
BRASINDICE;1094;medicamento;0000092107;05;1116-28064-FAZX;GMP-L;TRUVISC 1.6%;32 mg. 1 ser. 2 ml;;4064544237830;82991810002;;;N;;1;4870;0;4870;0;;BRAS_PF_PMC;ed. 1066;20;
BRASINDICE;1094;medicamento;0000092108;05;1116-28065-FDLP;GMP-L;TRUVISC 2.0%;48 mg. 1 ser. 2,4 ml;;4064544237847;82991810002;;;N;;1;5870;0;5870;0;;BRAS_PF_PMC;ed. 1066;20;
BRASINDICE;1100;medicamento;0000080189;05;980-25363-FFEJ;CELLTRION;TRUXIMA (Restrito Hosp.) (CONVENIO 140/01);10 mg/ml. sol. dil. infus. IV ct. FA vd. trans. x 50 ml.;RITUXIMABE;7898576550103;1921600030011;90444604;545120040000407;N;S;1;9454.93;0;9454.93;0;;BRAS_PF_PMC;ed. 1080;20;
BRASINDICE;1100;medicamento;0000080190;05;980-25363-FFEK;CELLTRION;TRUXIMA (Restrito Hosp.) (CONVENIO 140/01);10 mg/ml. sol. dil. infus. IV ct. 2 FA vd. trans. x 10 ml.;RITUXIMABE;7898576550080;1921600030021;90444612;545120040000507;N;S;2;3787.69;0;1893.84;0;;BRAS_PF_PMC;ed. 1080;20;
BRASINDICE;1100;medicamento;0000062863;05;072-22555-EGCY;EUROFARMA;TUNTA;300 mg. ct. bl. al. plas. amb. x 10 cprs. rev.;;7891317143060;1004311380024;90303857;508015110109204;N;;10;26.09;35.96;2.61;3.6;;BRAS_PF_PMC;ed. 1091;20;
BRASINDICE;1100;medicamento;0000062864;05;072-22555-EFRB;EUROFARMA;TUNTA;300 mg ct. bl. al. plas. amb. x 30 cprs. rev.;CLORIDRATO DE PROPAFENONA;7891317143084;1004311380040;90303865;508015110109304;N;N;30;78.3;107.93;2.61;3.6;;BRAS_PF_PMC;ed. 1094;20;
BRASINDICE;1100;medicamento;0000077568;05;342-24885-FBQX;ELOFAR;TURF;500 mg. ct. bl. plas. trans. x 7 cprs. rev.;;7898109240464;1038501140010;90433408;517119060014804;N;;7;100.71;139.22;14.39;19.89;;BRAS_PF_PMC;ed. 1067;20;
BRASINDICE;1100;medicamento;0000083585;05;072-24052-FJHD;EUROFARMA;TURNO;10 mg ct. bl. al. plas. PVC/PVDC trans. x 30 cprs. rev.;HEMITARTARATO DE ZOLPIDEM;7891317006075;1004313320045;90512456;508021070141103;N;N;30;40.23;55.45;1.34;1.85;;BRAS_PF_PMC;ed. 1094;20;
BRASINDICE;1100;medicamento;0000081136;05;072-25553-FGLQ;EUROFARMA;TURNO SL;5 mg ct. fr. vd. amb. x 30 cprs. subl.;HEMITARTARATO DE ZOLPIDEM;7891317004583;1004313010011;90484479;508020090135307;N;N;30;63.87;88.04;2.13;2.93;;BRAS_PF_PMC;ed. 1094;20;
BRASINDICE;1100;medicamento;0000089860;05;072-27583-FQYW;EUROFARMA;TURNO XR;6,25 mg. lib. prol. ct. bl. al. plas. pvc/pvdc trans. x 30 cprs. rev. lib. prol.;HEMITARTARATO DE ZOLPIDEM;7891317027209;1004314870049;90578490;508024010177304;N;N;30;41;56.51;1.37;1.88;;BRAS_PF_PMC;ed. 1094;20;
BRASINDICE;1100;medicamento;0000089861;05;072-27583-FQYX;EUROFARMA;TURNO XR;12,5 mg. lib. prol. ct. bl. al. plas. pvc/pvdc trans. x 30 cprs. rev. lib. prol.;HEMITARTARATO DE ZOLPIDEM;7891317027216;1004314870146;90578503;508024010177404;N;N;30;82.03;113.07;2.73;3.77;;BRAS_PF_PMC;ed. 1094;20;
BRASINDICE;1100;medicamento;0000024767;05;562-15867-CKRP;GLAXOSMITHKLINE;TWINRIX (VAC. COMB. INATIV. HEPATITE A/B);Ad. inj. 1 seringa 1 ml;"VÍRUS DA HEPATITE A INATIVADO;ANTÍGENO DE SUPERFÍCIE DA HEPATITE B";7896015536909;1010701190021;90090195;510608202151316;N;N;1;205.33;283.03;205.33;283.03;;BRAS_PF_PMC;ed. 1095;20;
BRASINDICE;1100;medicamento;0000094293;05;479-28617-FWPS;FRESENIUS KABI;TYENNE;162 mg sol. inj. SC ct. 4 ser. preench. vd. trans. x 0,9 ml;TOCILIZUMABE;7899498609382;1004102360081;90618173;509525100040807;N;N;4;6177.84;8515.51;1544.46;2128.88;;BRAS_PF_PMC;ed. 1095;20;
BRASINDICE;1100;medicamento;0000094294;05;479-28617-FWPT;FRESENIUS KABI;TYENNE;162 mg sol. inj. SC ct. 4 can. aplic. x 0,9 ml;TOCILIZUMABE;7899498609412;1004102360111;90618203;509525100041107;N;N;4;6177.84;8515.51;1544.46;2128.88;;BRAS_PF_PMC;ed. 1095;20;
BRASINDICE;1100;medicamento;0000094295;05;479-28618-FPLT;FRESENIUS KABI;TYENNE (Restrito Hosp.);20 mg/ml sol. dil. infus. IV ct. FA vd. trans. x 4 ml;TOCILIZUMABE;7899498609320;1004102360012;90618106;509525100041907;N;S;1;919.3;0;919.3;0;;BRAS_PF_PMC;ed. 1095;20;
BRASINDICE;1100;medicamento;0000094296;05;479-28618-FWPU;FRESENIUS KABI;TYENNE (Restrito Hosp.);20 mg/ml sol. dil. infus. IV ct. FA vd. trans. x 10 ml;TOCILIZUMABE;7899498609337;1004102360039;90618122;509525100041507;N;S;1;2298.61;0;2298.61;0;;BRAS_PF_PMC;ed. 1095;20;
BRASINDICE;1100;medicamento;0000094297;05;479-28618-FGUO;FRESENIUS KABI;TYENNE (Restrito Hosp.);20 mg/ml sol. dil. infus. IV ct. FA vd. trans. x 20 ml;TOCILIZUMABE;7899498609351;1004102360055;90618149;509525100041707;N;S;1;4597.26;0;4597.26;0;;BRAS_PF_PMC;ed. 1095;20;
BRASINDICE;1100;medicamento;0000085828;05;001-26583-FMBW;UNIAO QUIMICA;TYG (Restrito Hosp.);50 mg. po liof. sol. infus. IV ct. 10 FA vd. trans.;TIGECICLINA;7896006219316;1049714830011;90539605;533022060079804;N;S;10;2821.81;0;282.18;0;;BRAS_PF_PMC;ed. 1096;20;
BRASINDICE;1100;medicamento;0000086605;05;1075-26944-CCRL;PFIZER BRASIL;TYGACIL (Restrito Hosp.);50 mg. po liof. 10 FA vd.;TIGECICLINA;7891045008389;1211002630013;90214331;522710001153315;N;S;10;2821.82;0;282.18;0;;BRAS_PF_PMC;ed. 1094;20;
BRASINDICE;1100;medicamento;0000071349;05;352-16263-EUBR;NOVARTIS;TYKERB (CONVENIO 162/94);250 mg. fr. plast. opc. x 70 cprs. rev.;DITOSILATO DE LAPATINIBE;7896261020764;1006811370024;90384954;526517060090017;N;N;70;5661.09;7803.22;80.87;111.47;;BRAS_PF_PMC;ed. 1095;20;
BRASINDICE;1100;medicamento;0000087225;05;1080-26808-FNKM;CIPLA BRASIL;TYKITICIP (CONVENIO 162/94);250 mg ct. envol. bl. al. plas. pvc trans. x 30 cprs. rev.;GEFITINIBE;8901117278578;1154100140018;90540310;597422060000204;N;N;30;4970.74;6871.76;165.69;229.06;;BRAS_PF_PMC;ed. 1072;20;
BRASINDICE;1100;medicamento;0000091962;05;620-28034-FTMA;MEDQUIMICA;TYLAFLEX (Restrito Hosp.);750 mg cx. 200 20 bl. x 10 cprs.;;7896862993573;;;;N;S;200;141.28;0;0.71;0;;BRAS_PF_PMC;ed. 1092;20;
BRASINDICE;1100;medicamento;0000091963;05;620-28034-FQKB;MEDQUIMICA;TYLAFLEX (Restrito Hosp.);750 mg 20 cprs.;;7896862993559;;;;N;S;20;13.94;0;0.7;0;;BRAS_PF_PMC;ed. 1092;20;
BRASINDICE;1100;medicamento;0000074665;05;100-24320-BTGJ;GEOLAB;TYLALGIN;750 mg. cx. 20 cprs.;PARACETAMOL;7899095220058;1542300080053;90279140;510403106116420;N;N;20;11.89;15.95;0.59;0.8;;BRAS_PF_PMC;ed. 1094;20;
BRASINDICE;1100;medicamento;0000074666;05;100-24320-ANXM;GEOLAB;TYLALGIN;750 mg. cx. 20 bl. x 10 cprs.;PARACETAMOL;7899095220072;1542300080045;90279131;510403101114411;N;N;200;118.87;159.46;0.59;0.8;;BRAS_PF_PMC;ed. 1094;20;
BRASINDICE;1100;medicamento;0000074668;05;100-24320-EXSJ;GEOLAB;TYLALGIN;200 mg/ml. gts. Fr. 15 ml.;PARACETAMOL;7899095220188;1542300080069;90279166;510403103133413;N;N;1;6.36;8.53;6.36;8.53;;BRAS_PF_PMC;ed. 1094;20;
BRASINDICE;1100;medicamento;0000074677;05;100-24321-EXSK;GEOLAB;TYLALGIN CAF;500 mg. + 65 mg. cx. 100 cprs.;"PARACETAMOL;CAFEÍNA";7899095220294;1542300470023;90279379;510406202116414;N;N;100;142.61;191.31;1.43;1.91;;BRAS_PF_PMC;ed. 1094;20;
BRASINDICE;1100;medicamento;0000074678;05;100-24321-EXSL;GEOLAB;TYLALGIN CAF;500 mg. + 65 mg. cx. 20 cprs.;"PARACETAMOL;CAFEÍNA";7899095220300;1542300470034;90279387;510406203112412;N;N;20;21.71;29.12;1.09;1.46;;BRAS_PF_PMC;ed. 1094;20;
BRASINDICE;1100;medicamento;0000090456;05;1106-02797-FRJZ;JOHNSON & JOHNSON;TYLENOL;500 mg ct. bl. al. pvc x 10 cprs. rev.;PARACETAMOL;7891010256609;1572112140127;;539624030005407;N;N;10;17.31;23.22;1.73;2.32;;BRAS_PF_PMC;ed. 1097;20;
BRASINDICE;1100;medicamento;0000090457;05;1106-02797-FRKA;JOHNSON & JOHNSON;TYLENOL;500 mg ct. bl. al. pvc x 100 cprs. rev.;PARACETAMOL;7891010256661;1572112140178;;539624030005507;N;N;100;172.08;230.84;1.72;2.31;;BRAS_PF_PMC;ed. 1097;20;
BRASINDICE;1100;medicamento;0000090458;05;1106-02797-DLJF;JOHNSON & JOHNSON;TYLENOL;500 mg. ct. bl. al. pvc x 20 cprs. rev.;PARACETAMOL;7891010986155;1572112140143;90228332;539624010003717;N;N;20;29.95;40.18;1.5;2.01;;BRAS_PF_PMC;ed. 1097;20;
BRASINDICE;1100;medicamento;0000090459;05;1106-02797-EYGP;JOHNSON & JOHNSON;TYLENOL;750 mg. ct. bl. al. plas. trans. x 10 cprs. rev.;PARACETAMOL;7891010256715;1572112140283;90579607;539624010003917;N;N;10;19.66;26.37;1.97;2.64;;BRAS_PF_PMC;ed. 1097;20;
BRASINDICE;1100;medicamento;0000090460;05;1106-02797-FRRG;JOHNSON & JOHNSON;TYLENOL;750 mg. ct. bl. al. plas. trans. x 20 cprs. rev.;PARACETAMOL;7891010256708;1572112140291;90268733;539624010003607;N;N;20;36.81;49.38;1.84;2.47;;BRAS_PF_PMC;ed. 1097;20;
BRASINDICE;1100;medicamento;0000090801;05;1106-02797-FSBF;JOHNSON & JOHNSON;TYLENOL;750 mg. ct. bl. al. plas. trans. x 30 cprs. rev.;PARACETAMOL;7891010256623;1572112140534;90587219;539624060005707;N;N;30;49.39;66.25;1.65;2.21;;BRAS_PF_PMC;ed. 1097;20;
BRASINDICE;1100;medicamento;0000090461;05;1106-11441-FRKB;JOHNSON & JOHNSON;TYLENOL DC;500 mg + 65 mg ct. bl. al. plas. trans. x 10 cprs. rev.;"PARACETAMOL;CAFEÍNA";7891010256630;1572112050020;;539624030005607;N;N;10;17.7;23.74;1.77;2.37;;BRAS_PF_PMC;ed. 1097;20;
BRASINDICE;1100;medicamento;0000090462;05;1106-11441-FRRJ;JOHNSON & JOHNSON;TYLENOL DC;500 mg. + 65 mg. ct. bl. al. plas. trans. x 20 cprs. rev.;"PARACETAMOL;CAFEÍNA";7891010255855;1572112050047;90579631;539624010004017;N;N;20;32.52;43.62;1.63;2.18;;BRAS_PF_PMC;ed. 1097;20;
BRASINDICE;1100;medicamento;0000090463;05;1106-11441-FRRJ;JOHNSON & JOHNSON;TYLENOL DC;500 mg. + 65 mg. ct. bl. al. plas. trans. x 20 cprs. rev.;"PARACETAMOL;CAFEÍNA";7896212413560;1572100150041;90268890;539600901111413;N;N;20;28.13;37.5;1.41;1.88;;BRAS_PF_PMC;ed. 1051;20;
BRASINDICE;1100;medicamento;0000090464;05;1106-11441-FRRP;JOHNSON & JOHNSON;TYLENOL DC;500 mg. + 65 mg. ct. bl. al. plas. trans. x 100 cprs. rev. (emb. mult.);"PARACETAMOL;CAFEÍNA";7891010255862;1572112050063;90579640;539624010004117;N;N;100;188.01;252.21;1.88;2.52;;BRAS_PF_PMC;ed. 1097;20;
BRASINDICE;1100;medicamento;0000090465;05;1106-11441-FRRP;JOHNSON & JOHNSON;TYLENOL DC;500 mg. + 65 mg. ct. bl. al. plas. trans. x 100 cprs. rev. (emb. mult.);;7896212406043;1572100150051;90463234;539600902118411;N;;100;162.6;216.73;1.63;2.17;;BRAS_PF_PMC;ed. 1051;20;
BRASINDICE;1100;medicamento;0000090466;05;1106-11441-FRRM;JOHNSON & JOHNSON;TYLENOL DC;750 mg. display bl. a. plas. trans. x 100 cprs. rev.;PARACETAMOL;7891010256722;1572112140313;90579623;539624010003817;N;N;100;211.54;283.77;2.12;2.84;;BRAS_PF_PMC;ed. 1097;20;
BRASINDICE;1100;medicamento;0000090467;05;1106-13407-FRRL;JOHNSON & JOHNSON;TYLENOL SINUS;500 mg. + 30 mg. ct. bl. al/pap plas. pvdc trans. x 36 cprs. rev.;"PARACETAMOL;CLORIDRATO DE PSEUDOEFEDRINA";7891010246952;1572112080078;90475550;539624030004817;N;N;36;27.36;36.7;0.76;1.02;;BRAS_PF_PMC;ed. 1097;20;
BRASINDICE;1100;medicamento;0000090468;05;1106-13407-FRRK;JOHNSON & JOHNSON;TYLENOL SINUS;500 mg. + 65 mg. ct. bl. al/pap. plas. pvdc trans. x 24 cprs. rev.;"PARACETAMOL;CLORIDRATO DE PSEUDOEFEDRINA";7896212415618;1572112080061;90583264;539624030004717;N;N;24;18.25;24.48;0.76;1.02;;BRAS_PF_PMC;ed. 1097;20;
BRASINDICE;1100;medicamento;0000091775;05;1106-13407-FTFY;JOHNSON & JOHNSON;TYLENOL SINUS;500 mg. + 30 mg. ct. bl. al/pap plas pvdc trans. x 24 cprs. rev.;"PARACETAMOL;CLORIDRATO DE PSEUDOEFEDRINA";7891010256968;1572112080061;90583264;539624030004717;N;N;24;18.25;24.48;0.76;1.02;;BRAS_PF_PMC;ed. 1097;20;
BRASINDICE;1100;medicamento;0000088182;05;1010-02798-FUXX;CELLERA FARMA;TYLEX;500 mg + 7,5 mg ct.  bl. al. plas. trans. x 12 cprs.;"PARACETAMOL;FOSFATO DE CODEÍNA";7893454714844;1044002270029;90562259;541723050023017;N;N;12;26.52;35.57;2.21;2.96;;BRAS_PF_PMC;ed. 1100;20;
BRASINDICE;1100;medicamento;0000088183;05;1010-02798-FUXY;CELLERA FARMA;TYLEX;500 mg + 30 mg ct. bl. al. plas. opc x 12 cprs.;"PARACETAMOL;FOSFATO DE CODEÍNA";7893454714851;1044002270126;90562267;541723050023117;N;N;12;36.56;49.04;3.05;4.09;;BRAS_PF_PMC;ed. 1100;20;
BRASINDICE;1100;medicamento;0000088184;05;1010-02798-FUXZ;CELLERA FARMA;TYLEX;500 mg + 30 mg ct. bl. al. plas. opc x 24 cprs.;"PARACETAMOL;FOSFATO DE CODEÍNA";7893454714868;1044002270150;90562275;541723050023217;N;N;24;71.29;95.63;2.97;3.98;;BRAS_PF_PMC;ed. 1100;20;
BRASINDICE;1100;medicamento;0000088185;05;1010-02798-FUYA;CELLERA FARMA;TYLEX;500 mg + 30 mg ct. bl. al. plas. opc x 36 cprs.;"PARACETAMOL;FOSFATO DE CODEÍNA";7893454714875;1044002270169;90562283;541723050023317;N;N;36;96.24;129.11;2.67;3.59;;BRAS_PF_PMC;ed. 1100;20;
BRASINDICE;1100;medicamento;0000084736;05;917-26413-FKVD;SUPERA RX;TYNNA;20 mg ct. bl. al. al. x 4 cprs.;BILASTINA;7899420508493;1037203070016;90524420;542622010017604;N;N;4;13.42;18;3.36;4.5;;BRAS_PF_PMC;ed. 1068;20;
BRASINDICE;1100;medicamento;0000084737;05;917-26413-FGLN;SUPERA RX;TYNNA;20 mg ct. bl. al. al. x 30 cprs. rev.;BILASTINA;7899420508486;1037203070067;90524446;542622010017804;N;N;30;52.31;70.17;1.74;2.34;;BRAS_PF_PMC;ed. 1091;20;
BRASINDICE;1100;medicamento;0000084738;05;917-26413-FKVE;SUPERA RX;TYNNA;20 mg ct. bl. al. al. x 15 cprs.;BILASTINA;7899420508479;1037203070040;90528107;542622010018503;N;N;15;26.15;35.08;1.74;2.34;;BRAS_PF_PMC;ed. 1091;20;
BRASINDICE;1100;medicamento;0000043344;05;758-19531-DEWS;BIOGEN BRASIL;TYSABRI;20 mg/ml sol. inj. FA x 15 ml;NATALIZUMABE;7898926573028;1699300020018;90024940;538300201159311;N;N;1;7768.31;10707.81;7768.31;10707.81;;BRAS_PF_PMC;ed. 1095;20;
BRASINDICE;1100;medicamento;0000095770;05;1048-28928-FXYZ;SANOFI MEDLEY;TZIELD (Restrito Hosp.);1 mg/ml sol. inj. ct. 1 FA vd. trans. x 2 ml;;7891058006556;;90633334;;;S;1;79520.43;0;79520.43;0;;BRAS_PF_PMC;ed. 1098;20;
