registro_anvisa;classe_risco;fabricante_nacional;fabricante_internacional;pais
80013980001;II;F & A LABORATÓRIO FARMACÊUTICO LTDA-ME;F & A LABORATÓRIO FARMACÊUTICO LTDA-ME;BRASIL
80013980002;II;F & A LABORATÓRIO FARMACÊUTICO LTDA-ME;F & A LABORATÓRIO FARMACÊUTICO LTDA-ME;BRASIL
80013980003;II;F & A LABORATÓRIO FARMACÊUTICO LTDA-ME;F & A LABORATÓRIO FARMACÊUTICO LTDA-ME;BRASIL
80013980004;II;F & A LABORATÓRIO FARMACÊUTICO LTDA-ME;F & A LABORATÓRIO FARMACÊUTICO LTDA-ME;BRASIL
80013980006;II;F & A LABORATÓRIO FARMACÊUTICO LTDA-ME;F & A LABORATÓRIO FARMACÊUTICO LTDA-ME;BRASIL
80013980008;II;F & A LABORATÓRIO FARMACÊUTICO LTDA-ME;F & A LABORATÓRIO FARMACÊUTICO LTDA-ME;BRASIL
80013980010;I;F & A LABORATÓRIO FARMACÊUTICO LTDA-ME;F & A LABORATÓRIO FARMACÊUTICO LTDA-ME;BRASIL
80013980011;II;F & A LABORATÓRIO FARMACÊUTICO LTDA-ME;F & A LABORATÓRIO FARMACÊUTICO LTDA-ME;BRASIL
80013980012;IV;F & A LABORATÓRIO FARMACÊUTICO LTDA-ME;F & A LABORATÓRIO FARMACÊUTICO LTDA-ME;BRASIL
80013980013;I;F & A LABORATÓRIO FARMACÊUTICO LTDA-ME;F & A LABORATÓRIO FARMACÊUTICO LTDA-ME;BRASIL
80013980014;IV;F & A LABORATÓRIO FARMACÊUTICO LTDA-ME;F & A LABORATÓRIO FARMACÊUTICO LTDA-ME;BRASIL
80013980017;I;F & A LABORATÓRIO FARMACÊUTICO LTDA-ME;F & A LABORATÓRIO FARMACÊUTICO LTDA-ME;BRASIL
80013980018;II;F & A LABORATÓRIO FARMACÊUTICO LTDA-ME;F & A LABORATÓRIO FARMACÊUTICO LTDA-ME;BRASIL
80013980019;II;F & A LABORATÓRIO FARMACÊUTICO LTDA-ME;F & A LABORATÓRIO FARMACÊUTICO LTDA-ME;BRASIL
80013980020;IV;F & A LABORATÓRIO FARMACÊUTICO LTDA-ME;F & A LABORATÓRIO FARMACÊUTICO LTDA-ME;BRASIL
80013980024;II;F & A LABORATÓRIO FARMACÊUTICO LTDA-ME;F & A LABORATÓRIO FARMACÊUTICO LTDA-ME;BRASIL
80013980025;II;F & A LABORATÓRIO FARMACÊUTICO LTDA-ME;F & A LABORATÓRIO FARMACÊUTICO LTDA-ME;BRASIL
80013980026;I;F & A LABORATÓRIO FARMACÊUTICO LTDA-ME;F & A LABORATÓRIO FARMACÊUTICO LTDA-ME;BRASIL
80013980027;II;F & A LABORATÓRIO FARMACÊUTICO LTDA-ME;F & A LABORATÓRIO FARMACÊUTICO LTDA-ME;BRASIL
80013980028;II;F & A LABORATÓRIO FARMACÊUTICO LTDA-ME;F & A LABORATÓRIO FARMACÊUTICO LTDA-ME;BRASIL
80013980029;II;F & A LABORATÓRIO FARMACÊUTICO LTDA-ME;F & A LABORATÓRIO FARMACÊUTICO LTDA-ME;BRASIL
80013980030;IV;F & A LABORATÓRIO FARMACÊUTICO LTDA-ME;F & A LABORATÓRIO FARMACÊUTICO LTDA-ME;BRASIL
80013980031;II;F & A LABORATÓRIO FARMACÊUTICO LTDA-ME;F & A LABORATÓRIO FARMACÊUTICO LTDA-ME;BRASIL
80013980032;II;F & A LABORATÓRIO FARMACÊUTICO LTDA-ME;F & A LABORATÓRIO FARMACÊUTICO LTDA-ME;BRASIL
80013980033;I;F & A LABORATÓRIO FARMACÊUTICO LTDA-ME;CONFI-DENTAL PRODUCTS CO.;ESTADOS UNIDOS DA AMÉRICA
80013980034;IV;F & A LABORATÓRIO FARMACÊUTICO LTDA-ME;F & A LABORATÓRIO FARMACÊUTICO LTDA-ME;BRASIL
80013980035;II;F & A LABORATÓRIO FARMACÊUTICO LTDA-ME;F & A LABORATÓRIO FARMACÊUTICO LTDA-ME;BRASIL
80013980036;IV;F & A LABORATÓRIO FARMACÊUTICO LTDA-ME;F & A LABORATÓRIO FARMACÊUTICO LTDA-ME;BRASIL
80013980037;I;F & A LABORATÓRIO FARMACÊUTICO LTDA-ME;F & A LABORATÓRIO FARMACÊUTICO LTDA-ME;BRASIL
80013980038;IV;F & A LABORATÓRIO FARMACÊUTICO LTDA-ME;F & A LABORATÓRIO FARMACÊUTICO LTDA-ME;BRASIL
80013980039;I;F & A LABORATÓRIO FARMACÊUTICO LTDA-ME;F & A LABORATÓRIO FARMACÊUTICO LTDA-ME;BRASIL
80013980040;II;F & A LABORATÓRIO FARMACÊUTICO LTDA-ME;F & A LABORATÓRIO FARMACÊUTICO LTDA-ME;BRASIL
80013980041;IV;F & A LABORATÓRIO FARMACÊUTICO LTDA-ME;F & A LABORATÓRIO FARMACÊUTICO LTDA-ME;BRASIL
81743480002;I;F B F IMPORTADORA, EXPORTADORA E DISTRIBUIDORA DE PRODUTOS PARA SAÚDE - LTDA;;
81743480003;I;F B F IMPORTADORA, EXPORTADORA E DISTRIBUIDORA DE PRODUTOS PARA SAÚDE - LTDA;SUZHOU ZHONGJING LIFE & SCIENCE TECHNOLOGY CO., LTD;CHINA, REPÚBLICA POPULAR
81743480004;II;F B F IMPORTADORA, EXPORTADORA E DISTRIBUIDORA DE PRODUTOS PARA SAÚDE - LTDA;SUZHOU ZHONGJING LIFE & SCIENCE TECHNOLOGY CO., LTD;CHINA, REPÚBLICA POPULAR
81743489001;II;F B F IMPORTADORA, EXPORTADORA E DISTRIBUIDORA DE PRODUTOS PARA SAÚDE - LTDA;SUZHOU ZHONGJING LIFE & SCIENCE TECHNOLOGY CO., LTD;CHINA, REPÚBLICA POPULAR
82596910001;I;F M NEIVA BEAUTY INDUSTRIA COSMETICO LTDA;F M NEIVA BEAUTY INDUSTRIA COSMETICO LTDA;BRASIL
82596910002;I;F M NEIVA BEAUTY INDUSTRIA COSMETICO LTDA;F M NEIVA BEAUTY INDUSTRIA COSMETICO LTDA;BRASIL
82349160001;I;F MEDICAL QUALIDADE EM PARAMENTACAO LTDA;F MEDICAL QUALIDADE EM PARAMENTACAO LTDA;BRASIL
82349160003;I;F MEDICAL QUALIDADE EM PARAMENTACAO LTDA;F MEDICAL QUALIDADE EM PARAMENTACAO LTDA;BRASIL
82349160005;I;F MEDICAL QUALIDADE EM PARAMENTACAO LTDA;F MEDICAL QUALIDADE EM PARAMENTACAO LTDA;BRASIL
82349160006;I;F MEDICAL QUALIDADE EM PARAMENTACAO LTDA;F MEDICAL QUALIDADE EM PARAMENTACAO LTDA;BRASIL
82349160007;I;F MEDICAL QUALIDADE EM PARAMENTACAO LTDA;F MEDICAL QUALIDADE EM PARAMENTACAO LTDA;BRASIL
82349160008;I;F MEDICAL QUALIDADE EM PARAMENTACAO LTDA;F MEDICAL QUALIDADE EM PARAMENTACAO LTDA;BRASIL
82349160009;I;F MEDICAL QUALIDADE EM PARAMENTACAO LTDA;F MEDICAL QUALIDADE EM PARAMENTACAO LTDA;BRASIL
82349169001;II;F MEDICAL QUALIDADE EM PARAMENTACAO LTDA;F MEDICAL QUALIDADE EM PARAMENTACAO LTDA;BRASIL
82349169002;II;F MEDICAL QUALIDADE EM PARAMENTACAO LTDA;F MEDICAL QUALIDADE EM PARAMENTACAO LTDA;BRASIL
82349169003;II;F MEDICAL QUALIDADE EM PARAMENTACAO LTDA;F MEDICAL QUALIDADE EM PARAMENTACAO LTDA;BRASIL
82628230001;I;F&F MATERIAIS DE ENGENHARIA LTDA;F&F MATERIAIS DE ENGENHARIA LTDA;BRASIL
82628230002;I;F&F MATERIAIS DE ENGENHARIA LTDA;F&F MATERIAIS DE ENGENHARIA LTDA;BRASIL
82628239001;II;F&F MATERIAIS DE ENGENHARIA LTDA;F&F MATERIAIS DE ENGENHARIA LTDA;BRASIL
82628239002;II;F&F MATERIAIS DE ENGENHARIA LTDA;F&F MATERIAIS DE ENGENHARIA LTDA;BRASIL
81374880001;II;FABIANE RIBAS ALVES - IMPORTADORA - ME;Isis Vision Co. Ltd;CORÉIA DO SUL
81374880002;II;FABIANE RIBAS ALVES - IMPORTADORA - ME;Isis Vision Co. Ltd;CORÉIA DO SUL
81374880003;II;FABIANE RIBAS ALVES - IMPORTADORA - ME;Isis Vision Co. Ltd;CORÉIA DO SUL
80213730012;II;FABINJECT INDÚSTRIA E COMÉRCIO IMPORTAÇÃO E EXPORTAÇÃO LTDA - EPP;Clinical Resolution Laboratory, Inc.;ESTADOS UNIDOS DA AMÉRICA
80213730020;II;FABINJECT INDÚSTRIA E COMÉRCIO IMPORTAÇÃO E EXPORTAÇÃO LTDA - EPP;FABINJECT INDÚSTRIA E COMÉRCIO IMPORTAÇÃO E EXPORTAÇÃO LTDA - EPP;BRASIL
80213739013;I;FABINJECT INDÚSTRIA E COMÉRCIO IMPORTAÇÃO E EXPORTAÇÃO LTDA - EPP;FABINJECT INDÚSTRIA E COMÉRCIO IMPORTAÇÃO E EXPORTAÇÃO LTDA - EPP;BRASIL
82356830001;I;FABRASA INDUSTRIA E COMERCIO DE DESCARTÁVEIS E EPI LTDA;FABRASA INDUSTRIA E COMERCIO DE DESCARTÁVEIS E EPI LTDA;BRASIL
82356830002;I;FABRASA INDUSTRIA E COMERCIO DE DESCARTÁVEIS E EPI LTDA;FABRASA INDUSTRIA E COMERCIO DE DESCARTÁVEIS E EPI LTDA;BRASIL
82356830003;I;FABRASA INDUSTRIA E COMERCIO DE DESCARTÁVEIS E EPI LTDA;FABRASA INDUSTRIA E COMERCIO DE DESCARTÁVEIS E EPI LTDA;BRASIL
82356830004;I;FABRASA INDUSTRIA E COMERCIO DE DESCARTÁVEIS E EPI LTDA;FABRASA INDUSTRIA E COMERCIO DE DESCARTÁVEIS E EPI LTDA;BRASIL
82356830005;I;FABRASA INDUSTRIA E COMERCIO DE DESCARTÁVEIS E EPI LTDA;FABRASA INDUSTRIA E COMERCIO DE DESCARTÁVEIS E EPI LTDA;BRASIL
10164710004;III;FÁBRICA DE ARTEFATOS DE LATEX BLOWTEX LTDA;;
10164710004;III;FÁBRICA DE ARTEFATOS DE LATEX BLOWTEX LTDA;SURETEX LIMITED;TAILÂNDIA, REINO DA
10164710004;III;FÁBRICA DE ARTEFATOS DE LATEX BLOWTEX LTDA;SURETEX PROPHYLACTICS (INDIA) PVT LTD.;ÍNDIA
10164710018;III;FÁBRICA DE ARTEFATOS DE LATEX BLOWTEX LTDA;;
10164710018;III;FÁBRICA DE ARTEFATOS DE LATEX BLOWTEX LTDA;SURETEX PROPHYLACTICS (INDIA) PVT LTD.;ÍNDIA
10164710029;III;FÁBRICA DE ARTEFATOS DE LATEX BLOWTEX LTDA;;
10164710029;III;FÁBRICA DE ARTEFATOS DE LATEX BLOWTEX LTDA;SURETEX LIMITED;TAILÂNDIA, REINO DA
10164710029;III;FÁBRICA DE ARTEFATOS DE LATEX BLOWTEX LTDA;SURETEX PROPHYLACTICS (INDIA) PVT LTD.;ÍNDIA
10164710032;IV;FÁBRICA DE ARTEFATOS DE LATEX BLOWTEX LTDA;;
10164710032;IV;FÁBRICA DE ARTEFATOS DE LATEX BLOWTEX LTDA;SURETEX PROPHYLACTICS (INDIA) PVT LTD.;ÍNDIA
10164710033;III;FÁBRICA DE ARTEFATOS DE LATEX BLOWTEX LTDA;;
10164710033;III;FÁBRICA DE ARTEFATOS DE LATEX BLOWTEX LTDA;SURETEX PROPHYLACTICS (INDIA) PVT LTD.;ÍNDIA
10164710051;III;FÁBRICA DE ARTEFATOS DE LATEX BLOWTEX LTDA;;
10164710051;III;FÁBRICA DE ARTEFATOS DE LATEX BLOWTEX LTDA;SURETEX LIMITED;TAILÂNDIA, REINO DA
10164710051;III;FÁBRICA DE ARTEFATOS DE LATEX BLOWTEX LTDA;SURETEX PROPHYLACTICS (INDIA) PVT LTD.;ÍNDIA
10164710052;III;FÁBRICA DE ARTEFATOS DE LATEX BLOWTEX LTDA;;
10164710052;III;FÁBRICA DE ARTEFATOS DE LATEX BLOWTEX LTDA;SURETEX LIMITED;TAILÂNDIA, REINO DA
10164710052;III;FÁBRICA DE ARTEFATOS DE LATEX BLOWTEX LTDA;SURETEX PROPHYLACTICS (INDIA) PVT LTD.;ÍNDIA
10164710054;III;FÁBRICA DE ARTEFATOS DE LATEX BLOWTEX LTDA;;
10164710054;III;FÁBRICA DE ARTEFATOS DE LATEX BLOWTEX LTDA;SURETEX PROPHYLACTICS (INDIA) PVT LTD.;ÍNDIA
10164710064;III;FÁBRICA DE ARTEFATOS DE LATEX BLOWTEX LTDA;;
10164710064;III;FÁBRICA DE ARTEFATOS DE LATEX BLOWTEX LTDA;SURETEX LIMITED;TAILÂNDIA, REINO DA
10164710064;III;FÁBRICA DE ARTEFATOS DE LATEX BLOWTEX LTDA;SURETEX PROPHYLACTICS (INDIA) PVT LTD.;ÍNDIA
10164710065;IV;FÁBRICA DE ARTEFATOS DE LATEX BLOWTEX LTDA;;
10164710065;IV;FÁBRICA DE ARTEFATOS DE LATEX BLOWTEX LTDA;SURETEX LIMITED;TAILÂNDIA, REINO DA
10164710066;III;FÁBRICA DE ARTEFATOS DE LATEX BLOWTEX LTDA;;
10164710066;III;FÁBRICA DE ARTEFATOS DE LATEX BLOWTEX LTDA;SURETEX LIMITED;TAILÂNDIA, REINO DA
10164710066;III;FÁBRICA DE ARTEFATOS DE LATEX BLOWTEX LTDA;SURETEX PROPHYLACTICS (INDIA) LTD;ÍNDIA
10164710067;III;FÁBRICA DE ARTEFATOS DE LATEX BLOWTEX LTDA;;
10164710067;III;FÁBRICA DE ARTEFATOS DE LATEX BLOWTEX LTDA;SURETEX LIMITED;TAILÂNDIA, REINO DA
10164710067;III;FÁBRICA DE ARTEFATOS DE LATEX BLOWTEX LTDA;SURETEX PROPHYLACTICS (INDIA) PVT LTD.;ÍNDIA
10164710069;III;FÁBRICA DE ARTEFATOS DE LATEX BLOWTEX LTDA;;
10164710069;III;FÁBRICA DE ARTEFATOS DE LATEX BLOWTEX LTDA;SURETEX LIMITED;TAILÂNDIA, REINO DA
10164710070;III;FÁBRICA DE ARTEFATOS DE LATEX BLOWTEX LTDA;;
10164710070;III;FÁBRICA DE ARTEFATOS DE LATEX BLOWTEX LTDA;SURETEX LIMITED;TAILÂNDIA, REINO DA
10164710071;III;FÁBRICA DE ARTEFATOS DE LATEX BLOWTEX LTDA;;
10164710071;III;FÁBRICA DE ARTEFATOS DE LATEX BLOWTEX LTDA;SURETEX LIMITED;TAILÂNDIA, REINO DA
10164710072;III;FÁBRICA DE ARTEFATOS DE LATEX BLOWTEX LTDA;;
10164710072;III;FÁBRICA DE ARTEFATOS DE LATEX BLOWTEX LTDA;SURETEX LIMITED;TAILÂNDIA, REINO DA
10164710073;III;FÁBRICA DE ARTEFATOS DE LATEX BLOWTEX LTDA;;
10164710073;III;FÁBRICA DE ARTEFATOS DE LATEX BLOWTEX LTDA;SURETEX LIMITED;TAILÂNDIA, REINO DA
10164710074;III;FÁBRICA DE ARTEFATOS DE LATEX BLOWTEX LTDA;;
10164710074;III;FÁBRICA DE ARTEFATOS DE LATEX BLOWTEX LTDA;SURETEX LIMITED;TAILÂNDIA, REINO DA
10164710075;III;FÁBRICA DE ARTEFATOS DE LATEX BLOWTEX LTDA;;
10164710075;III;FÁBRICA DE ARTEFATOS DE LATEX BLOWTEX LTDA;SURETEX PROPHYLACTICS (INDIA) LTD;ÍNDIA
10164710076;III;FÁBRICA DE ARTEFATOS DE LATEX BLOWTEX LTDA;;
10164710076;III;FÁBRICA DE ARTEFATOS DE LATEX BLOWTEX LTDA;SURETEX LIMITED;TAILÂNDIA, REINO DA
10164710077;III;FÁBRICA DE ARTEFATOS DE LATEX BLOWTEX LTDA;;
10164710077;III;FÁBRICA DE ARTEFATOS DE LATEX BLOWTEX LTDA;SURETEX LIMITED;TAILÂNDIA, REINO DA
10164719006;III;FÁBRICA DE ARTEFATOS DE LATEX BLOWTEX LTDA;;
10164719006;III;FÁBRICA DE ARTEFATOS DE LATEX BLOWTEX LTDA;SURETEX LIMITED;TAILÂNDIA, REINO DA
10170480009;II;FABRICA DE ARTEFATOS DE LATEX SAO ROQUE LTDA;FABRICA DE ARTEFATOS DE LATEX SAO ROQUE LTDA;BRASIL
10170480010;I;FABRICA DE ARTEFATOS DE LATEX SAO ROQUE LTDA;FABRICA DE ARTEFATOS DE LATEX SAO ROQUE LTDA;BRASIL
10170480011;II;FABRICA DE ARTEFATOS DE LATEX SAO ROQUE LTDA;FABRICA DE ARTEFATOS DE LATEX SAO ROQUE LTDA;BRASIL
10170480013;II;FABRICA DE ARTEFATOS DE LATEX SAO ROQUE LTDA;FABRICA DE ARTEFATOS DE LATEX SAO ROQUE LTDA;BRASIL
10170480014;II;FABRICA DE ARTEFATOS DE LATEX SAO ROQUE LTDA;FABRICA DE ARTEFATOS DE LATEX SAO ROQUE LTDA;BRASIL
10170480015;I;FABRICA DE ARTEFATOS DE LATEX SAO ROQUE LTDA;FABRICA DE ARTEFATOS DE LATEX SAO ROQUE LTDA;BRASIL
10170480016;I;FABRICA DE ARTEFATOS DE LATEX SAO ROQUE LTDA;FABRICA DE ARTEFATOS DE LATEX SAO ROQUE LTDA;BRASIL
10170480017;II;FABRICA DE ARTEFATOS DE LATEX SAO ROQUE LTDA;FABRICA DE ARTEFATOS DE LATEX SAO ROQUE LTDA;BRASIL
10170489006;II;FABRICA DE ARTEFATOS DE LATEX SAO ROQUE LTDA;FABRICA DE ARTEFATOS DE LATEX SAO ROQUE LTDA;BRASIL
10170489007;II;FABRICA DE ARTEFATOS DE LATEX SAO ROQUE LTDA;FABRICA DE ARTEFATOS DE LATEX SAO ROQUE LTDA;BRASIL
10170489008;II;FABRICA DE ARTEFATOS DE LATEX SAO ROQUE LTDA;FABRICA DE ARTEFATOS DE LATEX SAO ROQUE LTDA;BRASIL
10253649015;I;FABRICA DE ARTEFATOS METALURGICOS ITA LTDA;FABRICA DE ARTEFATOS METALURGICOS ITA LTDA;BRASIL
82205370001;I;Fábrica Médica Andrade Ltda;Fábrica Médica Andrade Ltda;BRASIL
80659959001;I;FABRIPLAST LUVAS PLASTICAS LTDA;FABRIPLAST LUVAS PLASTICAS LTDA;BRASIL
80826719001;II;FACON INDÚSTRIA E COMÉRCIO DE INSTRUMENTOS CIRÚRGICOS LTDA - ME;FACON INDÚSTRIA E COMÉRCIO DE INSTRUMENTOS CIRÚRGICOS LTDA - ME;BRASIL
80826719002;I;FACON INDÚSTRIA E COMÉRCIO DE INSTRUMENTOS CIRÚRGICOS LTDA - ME;FACON INDÚSTRIA E COMÉRCIO DE INSTRUMENTOS CIRÚRGICOS LTDA - ME;BRASIL
80826719004;II;FACON INDÚSTRIA E COMÉRCIO DE INSTRUMENTOS CIRÚRGICOS LTDA - ME;FACON INDÚSTRIA E COMÉRCIO DE INSTRUMENTOS CIRÚRGICOS LTDA - ME;BRASIL
80826719005;II;FACON INDÚSTRIA E COMÉRCIO DE INSTRUMENTOS CIRÚRGICOS LTDA - ME;FACON INDÚSTRIA E COMÉRCIO DE INSTRUMENTOS CIRÚRGICOS LTDA - ME;BRASIL
80218310005;I;Factory Instrumental Cirurgico Ind.e Com. Ltda.;Factory Instrumental Cirurgico Ind.e Com. Ltda.;BRASIL
80218310037;I;Factory Instrumental Cirurgico Ind.e Com. Ltda.;Factory Instrumental Cirurgico Ind.e Com. Ltda.;BRASIL
80218319001;II;Factory Instrumental Cirurgico Ind.e Com. Ltda.;Factory Instrumental Cirurgico Ind.e Com. Ltda.;BRASIL
80218319002;II;Factory Instrumental Cirurgico Ind.e Com. Ltda.;Factory Instrumental Cirurgico Ind.e Com. Ltda.;BRASIL
80436220001;II;FAGA MEDICAL INDUSTRIA DE EQUIPAMENTOS E INSTRUMENTOS MEDICO-HOSPITALARES LTDA ME;FAGA MEDICAL INDUSTRIA DE EQUIPAMENTOS E INSTRUMENTOS MEDICO-HOSPITALARES LTDA ME;BRASIL
80436220004;II;FAGA MEDICAL INDUSTRIA DE EQUIPAMENTOS E INSTRUMENTOS MEDICO-HOSPITALARES LTDA ME;FAGA MEDICAL INDUSTRIA DE EQUIPAMENTOS E INSTRUMENTOS MEDICO-HOSPITALARES LTDA ME;BRASIL
80436220007;I;FAGA MEDICAL INDUSTRIA DE EQUIPAMENTOS E INSTRUMENTOS MEDICO-HOSPITALARES LTDA ME;FAGA MEDICAL INDUSTRIA DE EQUIPAMENTOS E INSTRUMENTOS MEDICO-HOSPITALARES LTDA ME;BRASIL
80436220008;II;FAGA MEDICAL INDUSTRIA DE EQUIPAMENTOS E INSTRUMENTOS MEDICO-HOSPITALARES LTDA ME;FAGA MEDICAL INDUSTRIA DE EQUIPAMENTOS E INSTRUMENTOS MEDICO-HOSPITALARES LTDA ME;BRASIL
80436220009;II;FAGA MEDICAL INDUSTRIA DE EQUIPAMENTOS E INSTRUMENTOS MEDICO-HOSPITALARES LTDA ME;FAGA MEDICAL INDUSTRIA DE EQUIPAMENTOS E INSTRUMENTOS MEDICO-HOSPITALARES LTDA ME;BRASIL
80436220010;II;FAGA MEDICAL INDUSTRIA DE EQUIPAMENTOS E INSTRUMENTOS MEDICO-HOSPITALARES LTDA ME;FAGA MEDICAL INDUSTRIA DE EQUIPAMENTOS E INSTRUMENTOS MEDICO-HOSPITALARES LTDA ME;BRASIL
80436220011;I;FAGA MEDICAL INDUSTRIA DE EQUIPAMENTOS E INSTRUMENTOS MEDICO-HOSPITALARES LTDA ME;FAGA MEDICAL INDUSTRIA DE EQUIPAMENTOS E INSTRUMENTOS MEDICO-HOSPITALARES LTDA ME;BRASIL
80436220012;II;FAGA MEDICAL INDUSTRIA DE EQUIPAMENTOS E INSTRUMENTOS MEDICO-HOSPITALARES LTDA ME;FAGA MEDICAL INDUSTRIA DE EQUIPAMENTOS E INSTRUMENTOS MEDICO-HOSPITALARES LTDA ME;BRASIL
80436220013;II;FAGA MEDICAL INDUSTRIA DE EQUIPAMENTOS E INSTRUMENTOS MEDICO-HOSPITALARES LTDA ME;FAGA MEDICAL INDUSTRIA DE EQUIPAMENTOS E INSTRUMENTOS MEDICO-HOSPITALARES LTDA ME;BRASIL
80436220014;II;FAGA MEDICAL INDUSTRIA DE EQUIPAMENTOS E INSTRUMENTOS MEDICO-HOSPITALARES LTDA ME;FAGA MEDICAL INDUSTRIA DE EQUIPAMENTOS E INSTRUMENTOS MEDICO-HOSPITALARES LTDA ME;BRASIL
80436220015;II;FAGA MEDICAL INDUSTRIA DE EQUIPAMENTOS E INSTRUMENTOS MEDICO-HOSPITALARES LTDA ME;FAGA MEDICAL INDUSTRIA DE EQUIPAMENTOS E INSTRUMENTOS MEDICO-HOSPITALARES LTDA ME;BRASIL
80436220016;II;FAGA MEDICAL INDUSTRIA DE EQUIPAMENTOS E INSTRUMENTOS MEDICO-HOSPITALARES LTDA ME;FAGA MEDICAL INDUSTRIA DE EQUIPAMENTOS E INSTRUMENTOS MEDICO-HOSPITALARES LTDA ME;BRASIL
80436220017;II;FAGA MEDICAL INDUSTRIA DE EQUIPAMENTOS E INSTRUMENTOS MEDICO-HOSPITALARES LTDA ME;FAGA MEDICAL INDUSTRIA DE EQUIPAMENTOS E INSTRUMENTOS MEDICO-HOSPITALARES LTDA ME;BRASIL
80436220018;II;FAGA MEDICAL INDUSTRIA DE EQUIPAMENTOS E INSTRUMENTOS MEDICO-HOSPITALARES LTDA ME;FAGA MEDICAL INDUSTRIA DE EQUIPAMENTOS E INSTRUMENTOS MEDICO-HOSPITALARES LTDA ME;BRASIL
80436220019;I;FAGA MEDICAL INDUSTRIA DE EQUIPAMENTOS E INSTRUMENTOS MEDICO-HOSPITALARES LTDA ME;FAGA MEDICAL INDUSTRIA DE EQUIPAMENTOS E INSTRUMENTOS MEDICO-HOSPITALARES LTDA ME;BRASIL
80436220020;II;FAGA MEDICAL INDUSTRIA DE EQUIPAMENTOS E INSTRUMENTOS MEDICO-HOSPITALARES LTDA ME;FAGA MEDICAL INDUSTRIA DE EQUIPAMENTOS E INSTRUMENTOS MEDICO-HOSPITALARES LTDA ME;BRASIL
80436220021;II;FAGA MEDICAL INDUSTRIA DE EQUIPAMENTOS E INSTRUMENTOS MEDICO-HOSPITALARES LTDA ME;FAGA MEDICAL INDUSTRIA DE EQUIPAMENTOS E INSTRUMENTOS MEDICO-HOSPITALARES LTDA ME;BRASIL
80436220022;I;FAGA MEDICAL INDUSTRIA DE EQUIPAMENTOS E INSTRUMENTOS MEDICO-HOSPITALARES LTDA ME;FAGA DISTRIBUIÇÃO, IMPORTAÇÃO E EXPORTAÇÃO DE EQUIPAMENTOS E PRODUTOS MÉDICO-HOSPITALARES LTDA-EPP;BRASIL
80436220023;II;FAGA MEDICAL INDUSTRIA DE EQUIPAMENTOS E INSTRUMENTOS MEDICO-HOSPITALARES LTDA ME;FAGA DISTRIBUIÇÃO, IMPORTAÇÃO E EXPORTAÇÃO DE EQUIPAMENTOS E PRODUTOS MÉDICO-HOSPITALARES LTDA-EPP;BRASIL
80436220024;III;FAGA MEDICAL INDUSTRIA DE EQUIPAMENTOS E INSTRUMENTOS MEDICO-HOSPITALARES LTDA ME;FAGA MEDICAL INDUSTRIA DE EQUIPAMENTOS E INSTRUMENTOS MEDICO-HOSPITALARES LTDA ME;BRASIL
80436220025;I;FAGA MEDICAL INDUSTRIA DE EQUIPAMENTOS E INSTRUMENTOS MEDICO-HOSPITALARES LTDA ME;INVIDIA®Medical GmbH & Co.Kg;ALEMANHA
80436220031;II;FAGA MEDICAL INDUSTRIA DE EQUIPAMENTOS E INSTRUMENTOS MEDICO-HOSPITALARES LTDA ME;FAGA MEDICAL INDUSTRIA DE EQUIPAMENTOS E INSTRUMENTOS MEDICO-HOSPITALARES LTDA ME;BRASIL
80436220032;I;FAGA MEDICAL INDUSTRIA DE EQUIPAMENTOS E INSTRUMENTOS MEDICO-HOSPITALARES LTDA ME;FAGA MEDICAL INDUSTRIA DE EQUIPAMENTOS E INSTRUMENTOS MEDICO-HOSPITALARES LTDA ME;BRASIL
80436220033;II;FAGA MEDICAL INDUSTRIA DE EQUIPAMENTOS E INSTRUMENTOS MEDICO-HOSPITALARES LTDA ME;FAGA MEDICAL INDUSTRIA DE EQUIPAMENTOS E INSTRUMENTOS MEDICO-HOSPITALARES LTDA ME;BRASIL
80436220034;II;FAGA MEDICAL INDUSTRIA DE EQUIPAMENTOS E INSTRUMENTOS MEDICO-HOSPITALARES LTDA ME;FAGA MEDICAL INDUSTRIA DE EQUIPAMENTOS E INSTRUMENTOS MEDICO-HOSPITALARES LTDA ME;BRASIL
80436220038;III;FAGA MEDICAL INDUSTRIA DE EQUIPAMENTOS E INSTRUMENTOS MEDICO-HOSPITALARES LTDA ME;FAGA MEDICAL INDUSTRIA DE EQUIPAMENTOS E INSTRUMENTOS MEDICO-HOSPITALARES LTDA ME;BRASIL
80436220039;I;FAGA MEDICAL INDUSTRIA DE EQUIPAMENTOS E INSTRUMENTOS MEDICO-HOSPITALARES LTDA ME;FAGA MEDICAL INDUSTRIA DE EQUIPAMENTOS E INSTRUMENTOS MEDICO-HOSPITALARES LTDA ME;BRASIL
80436220040;I;FAGA MEDICAL INDUSTRIA DE EQUIPAMENTOS E INSTRUMENTOS MEDICO-HOSPITALARES LTDA ME;FAGA MEDICAL INDUSTRIA DE EQUIPAMENTOS E INSTRUMENTOS MEDICO-HOSPITALARES LTDA ME;BRASIL
80436220041;I;FAGA MEDICAL INDUSTRIA DE EQUIPAMENTOS E INSTRUMENTOS MEDICO-HOSPITALARES LTDA ME;FAGA MEDICAL INDUSTRIA DE EQUIPAMENTOS E INSTRUMENTOS MEDICO-HOSPITALARES LTDA ME;BRASIL
80436220042;II;FAGA MEDICAL INDUSTRIA DE EQUIPAMENTOS E INSTRUMENTOS MEDICO-HOSPITALARES LTDA ME;FAGA MEDICAL INDUSTRIA DE EQUIPAMENTOS E INSTRUMENTOS MEDICO-HOSPITALARES LTDA ME;BRASIL
80436220043;II;FAGA MEDICAL INDUSTRIA DE EQUIPAMENTOS E INSTRUMENTOS MEDICO-HOSPITALARES LTDA ME;FAGA DISTRIBUIÇÃO, IMPORTAÇÃO E EXPORTAÇÃO DE EQUIPAMENTOS E PRODUTOS MÉDICO-HOSPITALARES LTDA-EPP;BRASIL
80436220053;II;FAGA MEDICAL INDUSTRIA DE EQUIPAMENTOS E INSTRUMENTOS MEDICO-HOSPITALARES LTDA ME;FAGA MEDICAL INDUSTRIA DE EQUIPAMENTOS E INSTRUMENTOS MEDICO-HOSPITALARES LTDA ME;BRASIL
80436220054;II;FAGA MEDICAL INDUSTRIA DE EQUIPAMENTOS E INSTRUMENTOS MEDICO-HOSPITALARES LTDA ME;FAGA MEDICAL INDUSTRIA DE EQUIPAMENTOS E INSTRUMENTOS MEDICO-HOSPITALARES LTDA ME;BRASIL
80436220055;I;FAGA MEDICAL INDUSTRIA DE EQUIPAMENTOS E INSTRUMENTOS MEDICO-HOSPITALARES LTDA ME;FAGA MEDICAL INDUSTRIA DE EQUIPAMENTOS E INSTRUMENTOS MEDICO-HOSPITALARES LTDA ME;BRASIL
80436220059;I;FAGA MEDICAL INDUSTRIA DE EQUIPAMENTOS E INSTRUMENTOS MEDICO-HOSPITALARES LTDA ME;FAGA MEDICAL INDUSTRIA DE EQUIPAMENTOS E INSTRUMENTOS MEDICO-HOSPITALARES LTDA ME;BRASIL
80436220060;I;FAGA MEDICAL INDUSTRIA DE EQUIPAMENTOS E INSTRUMENTOS MEDICO-HOSPITALARES LTDA ME;FAGA MEDICAL INDUSTRIA DE EQUIPAMENTOS E INSTRUMENTOS MEDICO-HOSPITALARES LTDA ME;BRASIL
80436220064;I;FAGA MEDICAL INDUSTRIA DE EQUIPAMENTOS E INSTRUMENTOS MEDICO-HOSPITALARES LTDA ME;FAGA MEDICAL INDUSTRIA DE EQUIPAMENTOS E INSTRUMENTOS MEDICO-HOSPITALARES LTDA ME;BRASIL
80436220065;I;FAGA MEDICAL INDUSTRIA DE EQUIPAMENTOS E INSTRUMENTOS MEDICO-HOSPITALARES LTDA ME;FAGA MEDICAL INDUSTRIA DE EQUIPAMENTOS E INSTRUMENTOS MEDICO-HOSPITALARES LTDA ME;BRASIL
80436220067;I;FAGA MEDICAL INDUSTRIA DE EQUIPAMENTOS E INSTRUMENTOS MEDICO-HOSPITALARES LTDA ME;FAGA MEDICAL INDUSTRIA DE EQUIPAMENTOS E INSTRUMENTOS MEDICO-HOSPITALARES LTDA ME;BRASIL
80436220069;I;FAGA MEDICAL INDUSTRIA DE EQUIPAMENTOS E INSTRUMENTOS MEDICO-HOSPITALARES LTDA ME;FAGA MEDICAL INDUSTRIA DE EQUIPAMENTOS E INSTRUMENTOS MEDICO-HOSPITALARES LTDA ME;BRASIL
80436220070;I;FAGA MEDICAL INDUSTRIA DE EQUIPAMENTOS E INSTRUMENTOS MEDICO-HOSPITALARES LTDA ME;FAGA MEDICAL INDUSTRIA DE EQUIPAMENTOS E INSTRUMENTOS MEDICO-HOSPITALARES LTDA ME;BRASIL
80436229004;I;FAGA MEDICAL INDUSTRIA DE EQUIPAMENTOS E INSTRUMENTOS MEDICO-HOSPITALARES LTDA ME;FAGA MEDICAL INDUSTRIA DE EQUIPAMENTOS E INSTRUMENTOS MEDICO-HOSPITALARES LTDA ME;BRASIL
80436229005;II;FAGA MEDICAL INDUSTRIA DE EQUIPAMENTOS E INSTRUMENTOS MEDICO-HOSPITALARES LTDA ME;FAGA MEDICAL INDUSTRIA DE EQUIPAMENTOS E INSTRUMENTOS MEDICO-HOSPITALARES LTDA ME;BRASIL
80436229006;II;FAGA MEDICAL INDUSTRIA DE EQUIPAMENTOS E INSTRUMENTOS MEDICO-HOSPITALARES LTDA ME;FAGA MEDICAL INDUSTRIA DE EQUIPAMENTOS E INSTRUMENTOS MEDICO-HOSPITALARES LTDA ME;BRASIL
80436229007;II;FAGA MEDICAL INDUSTRIA DE EQUIPAMENTOS E INSTRUMENTOS MEDICO-HOSPITALARES LTDA ME;FAGA MEDICAL INDUSTRIA DE EQUIPAMENTOS E INSTRUMENTOS MEDICO-HOSPITALARES LTDA ME;BRASIL
80436229008;II;FAGA MEDICAL INDUSTRIA DE EQUIPAMENTOS E INSTRUMENTOS MEDICO-HOSPITALARES LTDA ME;FAGA MEDICAL INDUSTRIA DE EQUIPAMENTOS E INSTRUMENTOS MEDICO-HOSPITALARES LTDA ME;BRASIL
80436229009;II;FAGA MEDICAL INDUSTRIA DE EQUIPAMENTOS E INSTRUMENTOS MEDICO-HOSPITALARES LTDA ME;FAGA MEDICAL INDUSTRIA DE EQUIPAMENTOS E INSTRUMENTOS MEDICO-HOSPITALARES LTDA ME;BRASIL
80436229011;II;FAGA MEDICAL INDUSTRIA DE EQUIPAMENTOS E INSTRUMENTOS MEDICO-HOSPITALARES LTDA ME;FAGA MEDICAL INDUSTRIA DE EQUIPAMENTOS E INSTRUMENTOS MEDICO-HOSPITALARES LTDA ME;BRASIL
80436229012;II;FAGA MEDICAL INDUSTRIA DE EQUIPAMENTOS E INSTRUMENTOS MEDICO-HOSPITALARES LTDA ME;FAGA MEDICAL INDUSTRIA DE EQUIPAMENTOS E INSTRUMENTOS MEDICO-HOSPITALARES LTDA ME;BRASIL
80436229013;II;FAGA MEDICAL INDUSTRIA DE EQUIPAMENTOS E INSTRUMENTOS MEDICO-HOSPITALARES LTDA ME;FAGA MEDICAL INDUSTRIA DE EQUIPAMENTOS E INSTRUMENTOS MEDICO-HOSPITALARES LTDA ME;BRASIL
80436229015;II;FAGA MEDICAL INDUSTRIA DE EQUIPAMENTOS E INSTRUMENTOS MEDICO-HOSPITALARES LTDA ME;FAGA MEDICAL INDUSTRIA DE EQUIPAMENTOS E INSTRUMENTOS MEDICO-HOSPITALARES LTDA ME;BRASIL
80436229016;II;FAGA MEDICAL INDUSTRIA DE EQUIPAMENTOS E INSTRUMENTOS MEDICO-HOSPITALARES LTDA ME;FAGA MEDICAL INDUSTRIA DE EQUIPAMENTOS E INSTRUMENTOS MEDICO-HOSPITALARES LTDA ME;BRASIL
81462010001;I;FAM MEDIC IMPORTAÇÃO E EXPORTAÇÃO DE PRODUTOS PARA SAÚDE LTDA.;NANNING VV DENTAL CO. LTD.;CHINA, REPÚBLICA POPULAR
81462010002;I;FAM MEDIC IMPORTAÇÃO E EXPORTAÇÃO DE PRODUTOS PARA SAÚDE LTDA.;NANNING VV DENTAL CO. LTD.;CHINA, REPÚBLICA POPULAR
81462010003;II;FAM MEDIC IMPORTAÇÃO E EXPORTAÇÃO DE PRODUTOS PARA SAÚDE LTDA.;NANNING VV DENTAL CO. LTD.;CHINA, REPÚBLICA POPULAR
81462010004;I;FAM MEDIC IMPORTAÇÃO E EXPORTAÇÃO DE PRODUTOS PARA SAÚDE LTDA.;NANNING VV DENTAL CO. LTD.;CHINA, REPÚBLICA POPULAR
81462019001;II;FAM MEDIC IMPORTAÇÃO E EXPORTAÇÃO DE PRODUTOS PARA SAÚDE LTDA.;NANNING VV DENTAL CO. LTD.;CHINA, REPÚBLICA POPULAR
81462019003;II;FAM MEDIC IMPORTAÇÃO E EXPORTAÇÃO DE PRODUTOS PARA SAÚDE LTDA.;SOLO DEX INC.;ESTADOS UNIDOS DA AMÉRICA
80180100004;I;Famara Brasil Indústria e Comércio Ltda - EPP;Famara Brasil Indústria e Comércio Ltda - EPP;BRASIL
80180100006;I;Famara Brasil Indústria e Comércio Ltda - EPP;Famara Brasil Indústria e Comércio Ltda - EPP;BRASIL
80180100007;I;Famara Brasil Indústria e Comércio Ltda - EPP;Famara Brasil Indústria e Comércio Ltda - EPP;BRASIL
80180100008;I;Famara Brasil Indústria e Comércio Ltda - EPP;Famara Brasil Indústria e Comércio Ltda - EPP;BRASIL
80180100009;I;Famara Brasil Indústria e Comércio Ltda - EPP;Famara Brasil Indústria e Comércio Ltda - EPP;BRASIL
80180100010;I;Famara Brasil Indústria e Comércio Ltda - EPP;Famara Brasil Indústria e Comércio Ltda - EPP;BRASIL
80180100011;I;Famara Brasil Indústria e Comércio Ltda - EPP;Famara Brasil Indústria e Comércio Ltda - EPP;BRASIL
80180100013;I;Famara Brasil Indústria e Comércio Ltda - EPP;Famara Brasil Indústria e Comércio Ltda - EPP;BRASIL
80180100015;I;Famara Brasil Indústria e Comércio Ltda - EPP;Famara Brasil Indústria e Comércio Ltda - EPP;BRASIL
80180100016;I;Famara Brasil Indústria e Comércio Ltda - EPP;Famara Brasil Indústria e Comércio Ltda - EPP;BRASIL
80180100018;I;Famara Brasil Indústria e Comércio Ltda - EPP;Famara Brasil Indústria e Comércio Ltda - EPP;BRASIL
80180100019;I;Famara Brasil Indústria e Comércio Ltda - EPP;Famara Brasil Indústria e Comércio Ltda - EPP;BRASIL
80180100020;I;Famara Brasil Indústria e Comércio Ltda - EPP;Famara Brasil Indústria e Comércio Ltda - EPP;BRASIL
80180100021;I;Famara Brasil Indústria e Comércio Ltda - EPP;Famara Brasil Indústria e Comércio Ltda - EPP;BRASIL
80180100022;I;Famara Brasil Indústria e Comércio Ltda - EPP;Famara Brasil Indústria e Comércio Ltda - EPP;BRASIL
80180109002;I;Famara Brasil Indústria e Comércio Ltda - EPP;Famara Brasil Indústria e Comércio Ltda - EPP;BRASIL
10224620061;II;FANEM LTDA;FANEM LTDA;BRASIL
80373690003;I;FAREX DO BRASIL LTDA;ANDOVER HEALTHCARE INC.;ESTADOS UNIDOS DA AMÉRICA
80373699001;I;FAREX DO BRASIL LTDA;ANDOVER HEALTHCARE INC.;ESTADOS UNIDOS DA AMÉRICA
80373699002;I;FAREX DO BRASIL LTDA;ANDOVER HEALTHCARE INC.;ESTADOS UNIDOS DA AMÉRICA
81527569001;II;Farma 2 produtos para saude ltda epp;TRIDENT MEDIQUIP LIMITED;ÍNDIA
81527569002;II;Farma 2 produtos para saude ltda epp;TRIDENT MEDIQUIP LIMITED;ÍNDIA
82733190001;I;FARMA GO DISTRIBUIDORA DE MEDICAMENTOS ERIELI;FARMA GO DISTRIBUIDORA DE MEDICAMENTOS ERIELI;BRASIL
82733190002;I;FARMA GO DISTRIBUIDORA DE MEDICAMENTOS ERIELI;FARMA GO DISTRIBUIDORA DE MEDICAMENTOS ERIELI;BRASIL
82733190003;I;FARMA GO DISTRIBUIDORA DE MEDICAMENTOS ERIELI;FARMA GO DISTRIBUIDORA DE MEDICAMENTOS ERIELI;BRASIL
82733190004;I;FARMA GO DISTRIBUIDORA DE MEDICAMENTOS ERIELI;FARMA GO DISTRIBUIDORA DE MEDICAMENTOS ERIELI;BRASIL
82733190005;I;FARMA GO DISTRIBUIDORA DE MEDICAMENTOS ERIELI;FARMA GO DISTRIBUIDORA DE MEDICAMENTOS ERIELI;BRASIL
82733190006;I;FARMA GO DISTRIBUIDORA DE MEDICAMENTOS ERIELI;FARMA GO DISTRIBUIDORA DE MEDICAMENTOS ERIELI;BRASIL
82733190007;I;FARMA GO DISTRIBUIDORA DE MEDICAMENTOS ERIELI;FARMA GO DISTRIBUIDORA DE MEDICAMENTOS ERIELI;BRASIL
82733199001;II;FARMA GO DISTRIBUIDORA DE MEDICAMENTOS ERIELI;FARMA GO DISTRIBUIDORA DE MEDICAMENTOS ERIELI;BRASIL
82733199002;II;FARMA GO DISTRIBUIDORA DE MEDICAMENTOS ERIELI;FARMA GO DISTRIBUIDORA DE MEDICAMENTOS ERIELI;BRASIL
82733199003;II;FARMA GO DISTRIBUIDORA DE MEDICAMENTOS ERIELI;FARMA GO DISTRIBUIDORA DE MEDICAMENTOS ERIELI;BRASIL
80450740002;I;FARMA VISION IMPORTACAO E EXPORTACAO DE MEDICAMENTOS LTDA;ANGIPLAST PRIVATE LIMITED;ÍNDIA
80450749001;II;FARMA VISION IMPORTACAO E EXPORTACAO DE MEDICAMENTOS LTDA;MEDIPLUS (INDIA) LTD;ÍNDIA
80450749002;II;FARMA VISION IMPORTACAO E EXPORTACAO DE MEDICAMENTOS LTDA;MEDIPLUS (INDIA) LTD;ÍNDIA
80450749003;II;FARMA VISION IMPORTACAO E EXPORTACAO DE MEDICAMENTOS LTDA;MEDIPLUS (INDIA) LTD;ÍNDIA
80450749004;II;FARMA VISION IMPORTACAO E EXPORTACAO DE MEDICAMENTOS LTDA;MEDIPLUS (INDIA) LTD;ÍNDIA
80450749005;II;FARMA VISION IMPORTACAO E EXPORTACAO DE MEDICAMENTOS LTDA;POLYBOND INDIA PVT LTD;ÍNDIA
80450749007;II;FARMA VISION IMPORTACAO E EXPORTACAO DE MEDICAMENTOS LTDA;WOCKHARDT LIMITED;ÍNDIA
82327810001;I;FARMACOR MATERIAIS E EQUIPAMENTOS CIRURGICOS LTDA;SHANDONG INTCO MEDICAL PRODUCTS CO., LTD.;CHINA, REPÚBLICA POPULAR
82327810002;I;FARMACOR MATERIAIS E EQUIPAMENTOS CIRURGICOS LTDA;JIANGSU WEBEST MEDICAL PRODUCT CO., LTD.;CHINA, REPÚBLICA POPULAR
81932710001;IV;FARMALEVEL DISTRIBUIDORA E IMPORTADORA DE PRODUTOS MÉDICOS LTDA;;
81932710001;IV;FARMALEVEL DISTRIBUIDORA E IMPORTADORA DE PRODUTOS MÉDICOS LTDA;FIDIA FARMACEUTICI S.P.A;ITÁLIA
81932710002;IV;FARMALEVEL DISTRIBUIDORA E IMPORTADORA DE PRODUTOS MÉDICOS LTDA;;
81932710002;IV;FARMALEVEL DISTRIBUIDORA E IMPORTADORA DE PRODUTOS MÉDICOS LTDA;FIDIA FARMACEUTICI S.P.A;ITÁLIA
81932710003;IV;FARMALEVEL DISTRIBUIDORA E IMPORTADORA DE PRODUTOS MÉDICOS LTDA;;
81932710003;IV;FARMALEVEL DISTRIBUIDORA E IMPORTADORA DE PRODUTOS MÉDICOS LTDA;FIDIA FARMACEUTICI S.P.A;ITÁLIA
10373580005;I;FARMAQUI INDÚSTRIA E COMÉRCIO LTDA;FARMAQUI INDÚSTRIA E COMÉRCIO LTDA;BRASIL
10373580006;II;FARMAQUI INDÚSTRIA E COMÉRCIO LTDA;FARMAQUI INDÚSTRIA E COMÉRCIO LTDA;BRASIL
80133160025;I;FARMAQUI INDÚSTRIA E COMÉRCIO LTDA;FARMAQUI INDÚSTRIA E COMÉRCIO LTDA;BRASIL
80133160027;II;FARMAQUI INDÚSTRIA E COMÉRCIO LTDA;FARMAQUI INDÚSTRIA E COMÉRCIO LTDA;BRASIL
80133160028;II;FARMAQUI INDÚSTRIA E COMÉRCIO LTDA;FARMAQUI INDÚSTRIA E COMÉRCIO LTDA;BRASIL
80133160029;II;FARMAQUI INDÚSTRIA E COMÉRCIO LTDA;FARMAQUI INDÚSTRIA E COMÉRCIO LTDA;BRASIL
80133160031;I;FARMAQUI INDÚSTRIA E COMÉRCIO LTDA;FARMAQUI INDÚSTRIA E COMÉRCIO LTDA;BRASIL
80133160032;I;FARMAQUI INDÚSTRIA E COMÉRCIO LTDA;FARMAQUI INDÚSTRIA E COMÉRCIO LTDA;BRASIL
80133160033;I;FARMAQUI INDÚSTRIA E COMÉRCIO LTDA;FARMAQUI INDÚSTRIA E COMÉRCIO LTDA;BRASIL
80133160034;I;FARMAQUI INDÚSTRIA E COMÉRCIO LTDA;FARMAQUI INDÚSTRIA E COMÉRCIO LTDA;BRASIL
80133160035;I;FARMAQUI INDÚSTRIA E COMÉRCIO LTDA;FARMAQUI INDÚSTRIA E COMÉRCIO LTDA;BRASIL
80133160036;I;FARMAQUI INDÚSTRIA E COMÉRCIO LTDA;FARMAQUI INDÚSTRIA E COMÉRCIO LTDA;BRASIL
80133160037;I;FARMAQUI INDÚSTRIA E COMÉRCIO LTDA;FARMAQUI INDÚSTRIA E COMÉRCIO LTDA;BRASIL
80133160038;I;FARMAQUI INDÚSTRIA E COMÉRCIO LTDA;FARMAQUI INDÚSTRIA E COMÉRCIO LTDA;BRASIL
80133160039;I;FARMAQUI INDÚSTRIA E COMÉRCIO LTDA;FARMAQUI INDÚSTRIA E COMÉRCIO LTDA;BRASIL
80133160040;I;FARMAQUI INDÚSTRIA E COMÉRCIO LTDA;FARMAQUI INDÚSTRIA E COMÉRCIO LTDA;BRASIL
80133169002;I;FARMAQUI INDÚSTRIA E COMÉRCIO LTDA;FARMAQUI INDÚSTRIA E COMÉRCIO LTDA;BRASIL
80053100013;II;FARMARIN INDUSTRIA E COMERCIO LTDA;PROMED SCIENCE LIMITED ZHUHAI FREE TRADE ZONE;CHINA, REPÚBLICA POPULAR
80053100014;II;FARMARIN INDUSTRIA E COMERCIO LTDA;BIOTEQUE CORPORATION;TAIWAN
80053100015;II;FARMARIN INDUSTRIA E COMERCIO LTDA;PROMED SCIENCE LIMITED ZHUHAI FREE TRADE ZONE;CHINA, REPÚBLICA POPULAR
80053109001;II;FARMARIN INDUSTRIA E COMERCIO LTDA;PROMED SCIENCE LIMITED ZHUHAI FREE TRADE ZONE;CHINA, REPÚBLICA POPULAR
81175930004;I;FARMATEX DO BRASIL S/A;TYCOON MEDICAL INDUSTRY S/A;PARAGUAI
81175930007;I;FARMATEX DO BRASIL S/A;TYCOON MEDICAL INDUSTRY S/A;PARAGUAI
81175930008;I;FARMATEX DO BRASIL S/A;TYCOON MEDICAL INDUSTRY S/A;PARAGUAI
81175930009;I;FARMATEX DO BRASIL S/A;TAIZHOU HEALTHSEA MEDICAL CO. LTD;CHINA, REPÚBLICA POPULAR
81175930010;I;FARMATEX DO BRASIL S/A;TAIZHOU HEALTHSEA MEDICAL CO. LTD;CHINA, REPÚBLICA POPULAR
81175930011;I;FARMATEX DO BRASIL S/A;ANHUI KANGNING INDUSTRIAL (GROUP) CO, LTD.;CHINA, REPÚBLICA POPULAR
81175930012;I;FARMATEX DO BRASIL S/A;TYCOON MEDICAL INDUSTRY S/A;PARAGUAI
81725469001;II;FARMODONTO PRODUTOS HOSPITALARES LTDA;JIANGYIN NANQUAN MACROMOLECULE PRODUCT CO., LTD;CHINA, REPÚBLICA POPULAR
80070490001;II;FARMOQUÍMICA S/A;ADVANCED BIO-TECHNOLOGIES INC;ESTADOS UNIDOS DA AMÉRICA
80070490003;II;FARMOQUÍMICA S/A;RENYLAB QUÍMICA E FARMACÊUTICA LTDA;BRASIL
82421810001;I;FASES RIO COMERCIO DE PRODUTOS LABORATORIAIS LTDA;MAMMOGRIP LLC;ESTADOS UNIDOS DA AMÉRICA
81629170004;I;Fava Indústria e Comércio de Produtos Hospitalares e Odontologicos Ltda;Fava Indústria e Comércio de Produtos Hospitalares e Odontologicos Ltda;BRASIL
81629170006;I;Fava Indústria e Comércio de Produtos Hospitalares e Odontologicos Ltda;Fava Indústria e Comércio de Produtos Hospitalares e Odontologicos Ltda;BRASIL
81629170007;I;Fava Indústria e Comércio de Produtos Hospitalares e Odontologicos Ltda;Fava Indústria e Comércio de Produtos Hospitalares e Odontologicos Ltda;BRASIL
81629170009;I;Fava Indústria e Comércio de Produtos Hospitalares e Odontologicos Ltda;Fava Indústria e Comércio de Produtos Hospitalares e Odontologicos Ltda;BRASIL
81629170013;I;Fava Indústria e Comércio de Produtos Hospitalares e Odontologicos Ltda;Fava Indústria e Comércio de Produtos Hospitalares e Odontologicos Ltda;BRASIL
81629179001;I;Fava Indústria e Comércio de Produtos Hospitalares e Odontologicos Ltda;Fava Indústria e Comércio de Produtos Hospitalares e Odontologicos Ltda;BRASIL
82538679001;II;FBL - Fábrica Brasileira de Produtos Ópticos LTDA;FBL - Fábrica Brasileira de Produtos Ópticos LTDA;BRASIL
82538679002;II;FBL - Fábrica Brasileira de Produtos Ópticos LTDA;FBL - Fábrica Brasileira de Produtos Ópticos LTDA;BRASIL
82538679007;II;FBL - Fábrica Brasileira de Produtos Ópticos LTDA;FBL - Fábrica Brasileira de Produtos Ópticos LTDA;BRASIL
80249290005;II;FBM INDÚSTRIA FARMACÊUTICA LTDA;FBM INDÚSTRIA FARMACÊUTICA LTDA;BRASIL
80249290009;II;FBM INDÚSTRIA FARMACÊUTICA LTDA;FBM INDÚSTRIA FARMACÊUTICA LTDA;BRASIL
80249290119;III;FBM INDÚSTRIA FARMACÊUTICA LTDA;;
80249290119;III;FBM INDÚSTRIA FARMACÊUTICA LTDA;HLL LIFECARE LIMITED;ÍNDIA
80249290120;III;FBM INDÚSTRIA FARMACÊUTICA LTDA;;
80249290120;III;FBM INDÚSTRIA FARMACÊUTICA LTDA;HLL LIFECARE LIMITED;ÍNDIA
80701360001;II;FBX IMPORTAÇÃO EXPORTAÇÃO E COMERCIO ATACADISTA DE PRODUTOS FARMACEUTICOS E HOSPITALARES LTDA EPP;Viasonix Ltd;ISRAEL
80701360005;I;FBX IMPORTAÇÃO EXPORTAÇÃO E COMERCIO ATACADISTA DE PRODUTOS FARMACEUTICOS E HOSPITALARES LTDA EPP;INSPIR LABS LTD.;ISRAEL
80701360006;I;FBX IMPORTAÇÃO EXPORTAÇÃO E COMERCIO ATACADISTA DE PRODUTOS FARMACEUTICOS E HOSPITALARES LTDA EPP;INSPIR LABS LTD.;ISRAEL
80133510002;II;FDA ALLERGENIC FARMACEUTICA LTDA - EPP;JN-EBERLE FEDERNFABRIK GMBH;ALEMANHA
82076710003;I;FELAT IMPORTS LTDA;MEGA PLASTICOS S/A;PARAGUAI
82076710006;I;FELAT IMPORTS LTDA;FLAVORS OF AMERICAS SA;PARAGUAI
82076710007;I;FELAT IMPORTS LTDA;FLAVORS OF AMERICAS SA;PARAGUAI
82076710009;I;FELAT IMPORTS LTDA;FLAVORS OF AMERICAS SA;PARAGUAI
82076710012;I;FELAT IMPORTS LTDA;FLAVORS OF AMERICAS SA;PARAGUAI
82076710013;I;FELAT IMPORTS LTDA;FLAVORS OF AMERICAS SA;PARAGUAI
81637270000;II;Fênix Comércio Importação e Exportação de Produtos Médico-Odontológicos LTDA ME;L.D. TECHNOLOGY, LLC;ESTADOS UNIDOS DA AMÉRICA
82053500001;I;FERNANDO UNIFORMES LTDA EPP;FERNANDO UNIFORMES LTDA EPP;BRASIL
82053500003;I;FERNANDO UNIFORMES LTDA EPP;FERNANDO UNIFORMES LTDA EPP;BRASIL
82053500004;I;FERNANDO UNIFORMES LTDA EPP;FERNANDO UNIFORMES LTDA EPP;BRASIL
82053500005;I;FERNANDO UNIFORMES LTDA EPP;FERNANDO UNIFORMES LTDA EPP;BRASIL
82053500006;I;FERNANDO UNIFORMES LTDA EPP;FERNANDO UNIFORMES LTDA EPP;BRASIL
82053500007;I;FERNANDO UNIFORMES LTDA EPP;FERNANDO UNIFORMES LTDA EPP;BRASIL
82053500008;I;FERNANDO UNIFORMES LTDA EPP;FERNANDO UNIFORMES LTDA EPP;BRASIL
82053500009;I;FERNANDO UNIFORMES LTDA EPP;FERNANDO UNIFORMES LTDA EPP;BRASIL
82053500010;I;FERNANDO UNIFORMES LTDA EPP;FERNANDO UNIFORMES LTDA EPP;BRASIL
82053500011;I;FERNANDO UNIFORMES LTDA EPP;FERNANDO UNIFORMES LTDA EPP;BRASIL
82053500012;I;FERNANDO UNIFORMES LTDA EPP;FERNANDO UNIFORMES LTDA EPP;BRASIL
82053500013;I;FERNANDO UNIFORMES LTDA EPP;FERNANDO UNIFORMES LTDA EPP;BRASIL
82053500014;I;FERNANDO UNIFORMES LTDA EPP;FERNANDO UNIFORMES LTDA EPP;BRASIL
82053500015;I;FERNANDO UNIFORMES LTDA EPP;FERNANDO UNIFORMES LTDA EPP;BRASIL
82053500016;I;FERNANDO UNIFORMES LTDA EPP;FERNANDO UNIFORMES LTDA EPP;BRASIL
82053500017;I;FERNANDO UNIFORMES LTDA EPP;FERNANDO UNIFORMES LTDA EPP;BRASIL
82472960001;III;Ferrara Biotechnology Indústria e Comércio de Produtos Ópticos LTDA;Ferrara Biotechnology Indústria e Comércio de Produtos Ópticos LTDA;BRASIL
80222120001;III;FERRARA OPHTHALMICS LTDA;;
80222120001;III;FERRARA OPHTHALMICS LTDA;AJL OPHTHALMIC S.A.;ESPANHA
80222120002;IV;FERRARA OPHTHALMICS LTDA;;
80222120002;IV;FERRARA OPHTHALMICS LTDA;AJL OPHTHALMIC S.A;ESPANHA
80222120003;IV;FERRARA OPHTHALMICS LTDA;;
80222120003;IV;FERRARA OPHTHALMICS LTDA;AJL OPHTHALMIC S.A;ESPANHA
80222129002;II;FERRARA OPHTHALMICS LTDA;X-CEL SPECIALTY CONTACTS;ESTADOS UNIDOS DA AMÉRICA
80222129003;III;FERRARA OPHTHALMICS LTDA;;
80222129003;III;FERRARA OPHTHALMICS LTDA;AJL OPHTHALMIC S.A;ESPANHA
10382810043;I;FERRARI INDUSTRIA E COMERCIO DE APARELHOS MEDICOS LTDA;FERRARI INDUSTRIA E COMÉRCIO DE APARELHOS MÉDICOS LTDA;BRASIL
10382810044;I;FERRARI INDUSTRIA E COMERCIO DE APARELHOS MEDICOS LTDA;FERRARI INDUSTRIA E COMÉRCIO DE APARELHOS MÉDICOS LTDA;BRASIL
10382810046;I;FERRARI INDUSTRIA E COMERCIO DE APARELHOS MEDICOS LTDA;FERRARI INDUSTRIA E COMÉRCIO DE APARELHOS MÉDICOS LTDA;BRASIL
10382810047;I;FERRARI INDUSTRIA E COMERCIO DE APARELHOS MEDICOS LTDA;FERRARI INDUSTRIA E COMÉRCIO DE APARELHOS MÉDICOS LTDA;BRASIL
10382810052;I;FERRARI INDUSTRIA E COMERCIO DE APARELHOS MEDICOS LTDA;FERRARI INDUSTRIA E COMÉRCIO DE APARELHOS MÉDICOS LTDA;BRASIL
10382810054;I;FERRARI INDUSTRIA E COMERCIO DE APARELHOS MEDICOS LTDA;FERRARI INDUSTRIA E COMÉRCIO DE APARELHOS MÉDICOS LTDA;BRASIL
80088370009;I;FERRARI MEDICAL LTDA;BAHOLZER ENDOSCKOPIE GMBH;ALEMANHA
80088370010;I;FERRARI MEDICAL LTDA;BAHOLZER ENDOSCKOPIE GMBH;ALEMANHA
80088370011;I;FERRARI MEDICAL LTDA;BAHOLZER ENDOSCKOPIE GMBH;ALEMANHA
80088370031;II;FERRARI MEDICAL LTDA;ASAP ENDOSCOPIC PRODUCTS GMBH;ALEMANHA
80088370033;II;FERRARI MEDICAL LTDA;ASAP ENDOSCOPIC PRODUCTS GMBH;ALEMANHA
80088370034;I;FERRARI MEDICAL LTDA;PROMIS MEDICAL SYSTEMS GMBH;ALEMANHA
80088379001;I;FERRARI MEDICAL LTDA;PROMIS MEDICAL SYSTEMS GMBH;ALEMANHA
80751160001;I;FERRAZ & MARTINELLI BUSINESS GROUP LTDA;RISE GROUP CO. , LTD;CHINA, REPÚBLICA POPULAR
80751160002;I;FERRAZ & MARTINELLI BUSINESS GROUP LTDA;Hangzhou Baike Pharmaceutical Co, Ltda;CHINA, REPÚBLICA POPULAR
80751160003;I;FERRAZ & MARTINELLI BUSINESS GROUP LTDA;Changzhou RECOO Healthcare Co., Ltd;CHINA, REPÚBLICA POPULAR
80751169001;I;FERRAZ & MARTINELLI BUSINESS GROUP LTDA;Godlisha Co., Ltd;CORÉIA DO SUL
80468930001;I;FERRAZ PRODUTOS MÉDICOS ODONTOLÓGICOS E HOSPITALARES LTDA ME;FERRAZ PRODUTOS MÉDICOS ODONTOLÓGICOS E HOSPITALARES LTDA ME;BRASIL
80468930002;I;FERRAZ PRODUTOS MÉDICOS ODONTOLÓGICOS E HOSPITALARES LTDA ME;FERRAZ PRODUTOS MÉDICOS ODONTOLÓGICOS E HOSPITALARES LTDA ME;BRASIL
80468930003;I;FERRAZ PRODUTOS MÉDICOS ODONTOLÓGICOS E HOSPITALARES LTDA ME;FERRAZ PRODUTOS MÉDICOS ODONTOLÓGICOS E HOSPITALARES LTDA ME;BRASIL
80468930004;I;FERRAZ PRODUTOS MÉDICOS ODONTOLÓGICOS E HOSPITALARES LTDA ME;FERRAZ PRODUTOS MÉDICOS ODONTOLÓGICOS E HOSPITALARES LTDA ME;BRASIL
80468930005;I;FERRAZ PRODUTOS MÉDICOS ODONTOLÓGICOS E HOSPITALARES LTDA ME;FERRAZ PRODUTOS MÉDICOS ODONTOLÓGICOS E HOSPITALARES LTDA ME;BRASIL
80468930006;I;FERRAZ PRODUTOS MÉDICOS ODONTOLÓGICOS E HOSPITALARES LTDA ME;FERRAZ PRODUTOS MÉDICOS ODONTOLÓGICOS E HOSPITALARES LTDA ME;BRASIL
80468930008;I;FERRAZ PRODUTOS MÉDICOS ODONTOLÓGICOS E HOSPITALARES LTDA ME;FERRAZ PRODUTOS MÉDICOS ODONTOLÓGICOS E HOSPITALARES LTDA ME;BRASIL
80468930009;I;FERRAZ PRODUTOS MÉDICOS ODONTOLÓGICOS E HOSPITALARES LTDA ME;FERRAZ PRODUTOS MÉDICOS ODONTOLÓGICOS E HOSPITALARES LTDA ME;BRASIL
80468930010;I;FERRAZ PRODUTOS MÉDICOS ODONTOLÓGICOS E HOSPITALARES LTDA ME;FERRAZ PRODUTOS MÉDICOS ODONTOLÓGICOS E HOSPITALARES LTDA ME;BRASIL
80468930012;I;FERRAZ PRODUTOS MÉDICOS ODONTOLÓGICOS E HOSPITALARES LTDA ME;FERRAZ PRODUTOS MÉDICOS ODONTOLÓGICOS E HOSPITALARES LTDA ME;BRASIL
80468930013;I;FERRAZ PRODUTOS MÉDICOS ODONTOLÓGICOS E HOSPITALARES LTDA ME;FERRAZ PRODUTOS MÉDICOS ODONTOLÓGICOS E HOSPITALARES LTDA ME;BRASIL
82875330001;I;FERREIRA DISTRIBUIDORA DE PRODUTOS HOSPITALARES LTDA;FERREIRA DISTRIBUIDORA DE PRODUTOS HOSPITALARES LTDA;BRASIL
80101910001;I;FERREIRA INDÚSTRIA ODONTOLÓGICA LTDA;FERREIRA INDÚSTRIA ODONTOLÓGICA LTDA;BRASIL
80101910004;I;FERREIRA INDÚSTRIA ODONTOLÓGICA LTDA;FERREIRA INDÚSTRIA ODONTOLÓGICA LTDA;BRASIL
80101910008;I;FERREIRA INDÚSTRIA ODONTOLÓGICA LTDA;FERREIRA INDÚSTRIA ODONTOLÓGICA LTDA;BRASIL
80101919001;II;FERREIRA INDÚSTRIA ODONTOLÓGICA LTDA;FERREIRA INDÚSTRIA ODONTOLÓGICA LTDA;BRASIL
80101919002;II;FERREIRA INDÚSTRIA ODONTOLÓGICA LTDA;FERREIRA INDÚSTRIA ODONTOLÓGICA LTDA;BRASIL
80101919003;II;FERREIRA INDÚSTRIA ODONTOLÓGICA LTDA;FERREIRA INDÚSTRIA ODONTOLÓGICA LTDA;BRASIL
80101919004;II;FERREIRA INDÚSTRIA ODONTOLÓGICA LTDA;FERREIRA INDÚSTRIA ODONTOLÓGICA LTDA;BRASIL
83014770001;I;FERTICOM COMERCIO DE PRODUTOS MEDICOS E HOSPITALARES LTDA;KITAZATO CORPORATION;JAPÃO
83014770002;I;FERTICOM COMERCIO DE PRODUTOS MEDICOS E HOSPITALARES LTDA;KITAZATO CORPORATION;JAPÃO
83014779001;II;FERTICOM COMERCIO DE PRODUTOS MEDICOS E HOSPITALARES LTDA;KITAZATO CORPORATION;JAPÃO
83014779002;II;FERTICOM COMERCIO DE PRODUTOS MEDICOS E HOSPITALARES LTDA;KITAZATO CORPORATION;JAPÃO
82885569001;II;FESTA SHOW IMPORTACAO E DISTRIBUICAO LTDA;ISIS VISION CO., LTD;CORÉIA DO SUL
82389359001;II;FF BIOTECNOLOGIA MOLECULAR LTDA;FF BIOTECNOLOGIA MOLECULAR LTDA;BRASIL
81975320001;II;FF SOLUÇÕES EM PRODUTOS PARA SAÚDE LTDA;SHENZEN UPCERA DENTAL TECHNOLOGY CO LTD;CHINA, REPÚBLICA POPULAR
81975329001;II;FF SOLUÇÕES EM PRODUTOS PARA SAÚDE LTDA;SHENZEN UPCERA DENTAL TECHNOLOGY CO LTD;CHINA, REPÚBLICA POPULAR
82981230001;I;FGM HOME CARE LTDA;FGM HOME CARE LTDA;BRASIL
82981230002;I;FGM HOME CARE LTDA;FGM HOME CARE LTDA;BRASIL
82981230003;I;FGM HOME CARE LTDA;FGM HOME CARE LTDA;BRASIL
82981230004;I;FGM HOME CARE LTDA;FGM HOME CARE LTDA;BRASIL
82981230005;I;FGM HOME CARE LTDA;FGM HOME CARE LTDA;BRASIL
82981230007;I;FGM HOME CARE LTDA;FGM HOME CARE LTDA;BRASIL
81165530001;I;FILIPE LEME MACEDO - ME;FILIPE LEME MACEDO - ME;BRASIL
81165530002;I;FILIPE LEME MACEDO - ME;FILIPE LEME MACEDO - ME;BRASIL
81165530003;I;FILIPE LEME MACEDO - ME;FILIPE LEME MACEDO - ME;BRASIL
80433500011;II;FINOR MATERIAL HOSPITALAR LTDA;BOSTON MEDICAL PRODUCTS INC;ESTADOS UNIDOS DA AMÉRICA
80433500012;II;FINOR MATERIAL HOSPITALAR LTDA;BOSTON MEDICAL PRODUCTS INC;ESTADOS UNIDOS DA AMÉRICA
80433500014;II;FINOR MATERIAL HOSPITALAR LTDA;BOSTON MEDICAL PRODUCTS INC;ESTADOS UNIDOS DA AMÉRICA
80841790001;I;First Import Comercio Internacional Ltda. - EPP;SHANDONG BLUE SAIL PLASTIC & RUBBER CO. LTD;CHINA, REPÚBLICA POPULAR
80841790002;I;First Import Comercio Internacional Ltda. - EPP;SHANDONG BLUE SAIL PLASTIC & RUBBER CO. LTD;CHINA, REPÚBLICA POPULAR
80841790003;I;First Import Comercio Internacional Ltda. - EPP;BLUE SAIL MEDICAL CO., LTD;CHINA, REPÚBLICA POPULAR
80841790004;I;First Import Comercio Internacional Ltda. - EPP;BLUE SAIL MEDICAL CO., LTD;CHINA, REPÚBLICA POPULAR
80841790005;I;First Import Comercio Internacional Ltda. - EPP;BLUE SAIL MEDICAL CO., LTD;CHINA, REPÚBLICA POPULAR
80841790007;I;First Import Comercio Internacional Ltda. - EPP;BLUE SAIL MEDICAL CO., LTD;CHINA, REPÚBLICA POPULAR
80841790008;I;First Import Comercio Internacional Ltda. - EPP;BLUE SAIL MEDICAL CO., LTD;CHINA, REPÚBLICA POPULAR
80841790009;I;First Import Comercio Internacional Ltda. - EPP;BLUE SAIL MEDICAL CO., LTD;CHINA, REPÚBLICA POPULAR
80841790010;I;First Import Comercio Internacional Ltda. - EPP;TEC GLOVES AMERICAS S.A.;ARGENTINA
80841790011;I;First Import Comercio Internacional Ltda. - EPP;TEC GLOVES AMERICAS S.A.;ARGENTINA
80841790012;I;First Import Comercio Internacional Ltda. - EPP;TEC GLOVES AMERICAS S.A.;ARGENTINA
80451480003;II;FIRST LINE MEDICAL DEVICE S/A;FIRST LINE MEDICAL DEVICE S/A;BRASIL
80451480004;II;FIRST LINE MEDICAL DEVICE S/A;FIRST LINE MEDICAL DEVICE S/A;BRASIL
80451480005;II;FIRST LINE MEDICAL DEVICE S/A;FIRST LINE MEDICAL DEVICE S/A;BRASIL
80451480006;I;FIRST LINE MEDICAL DEVICE S/A;FIRST LINE MEDICAL DEVICE S/A;BRASIL
80451480008;II;FIRST LINE MEDICAL DEVICE S/A;FIRST LINE MEDICAL DEVICE S/A;BRASIL
80451480010;II;FIRST LINE MEDICAL DEVICE S/A;FIRST LINE MEDICAL DEVICE S/A;BRASIL
80451480012;I;FIRST LINE MEDICAL DEVICE S/A;FIRST LINE MEDICAL DEVICE S/A;BRASIL
80451480013;IV;FIRST LINE MEDICAL DEVICE S/A;FIRST LINE MEDICAL DEVICE S/A;BRASIL
80451480014;IV;FIRST LINE MEDICAL DEVICE S/A;FIRST LINE MEDICAL DEVICE S/A;BRASIL
80451480015;IV;FIRST LINE MEDICAL DEVICE S/A;FIRST LINE MEDICAL DEVICE S/A;BRASIL
80451480016;III;FIRST LINE MEDICAL DEVICE S/A;FIRST LINE MEDICAL DEVICE S/A;BRASIL
80451480017;II;FIRST LINE MEDICAL DEVICE S/A;FIRST LINE MEDICAL DEVICE S/A;BRASIL
80451480018;II;FIRST LINE MEDICAL DEVICE S/A;FIRST LINE MEDICAL DEVICE S/A;BRASIL
80451480019;III;FIRST LINE MEDICAL DEVICE S/A;FIRST LINE MEDICAL DEVICE S/A;BRASIL
80451480020;IV;FIRST LINE MEDICAL DEVICE S/A;FIRST LINE MEDICAL DEVICE S/A;BRASIL
80451489001;II;FIRST LINE MEDICAL DEVICE S/A;FIRST LINE MEDICAL DEVICE S/A;BRASIL
80451489002;II;FIRST LINE MEDICAL DEVICE S/A;FIRST LINE MEDICAL DEVICE S/A;BRASIL
81245760002;III;FIRST MEDICAL SERVICE LTDA;;
81245760002;III;FIRST MEDICAL SERVICE LTDA;MICRO-TECH (NANJING) CO., LTD..;CHINA, REPÚBLICA POPULAR
81245760003;I;FIRST MEDICAL SERVICE LTDA;MICRO-TECH (NANJING) CO., LTD..;CHINA, REPÚBLICA POPULAR
81245760005;I;FIRST MEDICAL SERVICE LTDA;MICRO-TECH (NANJING) CO., LTD..;CHINA, REPÚBLICA POPULAR
81245760006;I;FIRST MEDICAL SERVICE LTDA;MICRO-TECH (NANJING) CO., LTD..;CHINA, REPÚBLICA POPULAR
81245760007;III;FIRST MEDICAL SERVICE LTDA;;
81245760007;III;FIRST MEDICAL SERVICE LTDA;MICRO-TECH (NANJING) CO., LTD..;CHINA, REPÚBLICA POPULAR
81245760008;I;FIRST MEDICAL SERVICE LTDA;MICRO-TECH (NANJING) CO., LTD..;CHINA, REPÚBLICA POPULAR
81245760009;I;FIRST MEDICAL SERVICE LTDA;MICRO-TECH (NANJING) CO., LTD..;CHINA, REPÚBLICA POPULAR
81245760010;III;FIRST MEDICAL SERVICE LTDA;;
81245760010;III;FIRST MEDICAL SERVICE LTDA;MICRO-TECH (NANJING) CO., LTD..;CHINA, REPÚBLICA POPULAR
81245760011;III;FIRST MEDICAL SERVICE LTDA;;
81245760011;III;FIRST MEDICAL SERVICE LTDA;MICRO-TECH (NANJING) CO., LTD..;CHINA, REPÚBLICA POPULAR
81245760012;III;FIRST MEDICAL SERVICE LTDA;;
81245760012;III;FIRST MEDICAL SERVICE LTDA;MICRO-TECH (NANJING) CO., LTD..;CHINA, REPÚBLICA POPULAR
81245760013;III;FIRST MEDICAL SERVICE LTDA;;
81245760013;III;FIRST MEDICAL SERVICE LTDA;MICRO-TECH (NANJING) CO., LTD..;CHINA, REPÚBLICA POPULAR
81245760015;III;FIRST MEDICAL SERVICE LTDA;;
81245760015;III;FIRST MEDICAL SERVICE LTDA;MICRO-TECH (NANJING) CO., LTD..;CHINA, REPÚBLICA POPULAR
81245769002;II;FIRST MEDICAL SERVICE LTDA;MICRO-TECH (NANJING) CO., LTD..;CHINA, REPÚBLICA POPULAR
81245769005;II;FIRST MEDICAL SERVICE LTDA;SLEEPNET CORPORATION;ESTADOS UNIDOS DA AMÉRICA
81245769006;II;FIRST MEDICAL SERVICE LTDA;MICRO-TECH (NANJING) CO., LTD..;CHINA, REPÚBLICA POPULAR
81245769007;II;FIRST MEDICAL SERVICE LTDA;MICRO-TECH (NANJING) CO., LTD..;CHINA, REPÚBLICA POPULAR
81245769008;II;FIRST MEDICAL SERVICE LTDA;MICRO-TECH (NANJING) CO., LTD..;CHINA, REPÚBLICA POPULAR
81245769009;II;FIRST MEDICAL SERVICE LTDA;MICRO-TECH (NANJING) CO., LTD..;CHINA, REPÚBLICA POPULAR
81245769010;II;FIRST MEDICAL SERVICE LTDA;MICRO-TECH (NANJING) CO., LTD..;CHINA, REPÚBLICA POPULAR
81245769011;II;FIRST MEDICAL SERVICE LTDA;MICRO-TECH (NANJING) CO., LTD..;CHINA, REPÚBLICA POPULAR
81245769012;II;FIRST MEDICAL SERVICE LTDA;MICRO-TECH (NANJING) CO., LTD..;CHINA, REPÚBLICA POPULAR
81245769013;II;FIRST MEDICAL SERVICE LTDA;MICRO-TECH (NANJING) CO., LTD..;CHINA, REPÚBLICA POPULAR
81245769014;II;FIRST MEDICAL SERVICE LTDA;MICRO-TECH (NANJING) CO., LTD..;CHINA, REPÚBLICA POPULAR
81245769015;II;FIRST MEDICAL SERVICE LTDA;MICRO-TECH (NANJING) CO., LTD..;CHINA, REPÚBLICA POPULAR
81245769016;II;FIRST MEDICAL SERVICE LTDA;MICRO-TECH (NANJING) CO., LTD..;CHINA, REPÚBLICA POPULAR
81245769018;II;FIRST MEDICAL SERVICE LTDA;SLEEPNET CORPORATION;ESTADOS UNIDOS DA AMÉRICA
81245769019;II;FIRST MEDICAL SERVICE LTDA;MICRO-TECH (NANJING) CO., LTD..;CHINA, REPÚBLICA POPULAR
81245769020;II;FIRST MEDICAL SERVICE LTDA;SLEEPNET CORPORATION;ESTADOS UNIDOS DA AMÉRICA
81245769021;II;FIRST MEDICAL SERVICE LTDA;SLEEPNET CORPORATION;ESTADOS UNIDOS DA AMÉRICA
81245769022;II;FIRST MEDICAL SERVICE LTDA;MICRO-TECH (NANJING) CO., LTD..;CHINA, REPÚBLICA POPULAR
81245769023;II;FIRST MEDICAL SERVICE LTDA;MICRO-TECH (NANJING) CO., LTD..;CHINA, REPÚBLICA POPULAR
81628880004;II;FIRSTLAB INDUSTRIA IMPORTACAO E EXPORTACAO DE PRODUTOS PARA LABORATORIOS LTDA;JIANGXI HONGDA MEDICAL EQUIPMENT GROUP LTD;CHINA, REPÚBLICA POPULAR
81628880005;II;FIRSTLAB INDUSTRIA IMPORTACAO E EXPORTACAO DE PRODUTOS PARA LABORATORIOS LTDA;HEBEI XINLE SCI & TECH CO., LTD.;CHINA, REPÚBLICA POPULAR
81628880006;II;FIRSTLAB INDUSTRIA IMPORTACAO E EXPORTACAO DE PRODUTOS PARA LABORATORIOS LTDA;JIANGXI HONGDA MEDICAL EQUIPAMENT GROUP LTD.;CHINA, REPÚBLICA POPULAR
81628880011;II;FIRSTLAB INDUSTRIA IMPORTACAO E EXPORTACAO DE PRODUTOS PARA LABORATORIOS LTDA;JIANGXI HONGDA MEDICAL EQUIPAMENT GROUP LTD.;CHINA, REPÚBLICA POPULAR
81628880012;II;FIRSTLAB INDUSTRIA IMPORTACAO E EXPORTACAO DE PRODUTOS PARA LABORATORIOS LTDA;JIANGXI HONGDA MEDICAL EQUIPMENT GROUP LTD;CHINA, REPÚBLICA POPULAR
81628880017;II;FIRSTLAB INDUSTRIA IMPORTACAO E EXPORTACAO DE PRODUTOS PARA LABORATORIOS LTDA;SHANDONG LIANFA MEDICAL PLASTIC PRODUCTS CO., LTD;CHINA, REPÚBLICA POPULAR
81628880020;II;FIRSTLAB INDUSTRIA IMPORTACAO E EXPORTACAO DE PRODUTOS PARA LABORATORIOS LTDA;SHANGHAI MEKON MEDICAL DEVICES CO., LTD.;CHINA, REPÚBLICA POPULAR
81628880021;II;FIRSTLAB INDUSTRIA IMPORTACAO E EXPORTACAO DE PRODUTOS PARA LABORATORIOS LTDA;SHANGHAI MEKON MEDICAL DEVICES CO., LTD.;CHINA, REPÚBLICA POPULAR
81628880022;II;FIRSTLAB INDUSTRIA IMPORTACAO E EXPORTACAO DE PRODUTOS PARA LABORATORIOS LTDA;SHANGHAI MEKON MEDICAL DEVICES CO., LTD.;CHINA, REPÚBLICA POPULAR
81628880023;II;FIRSTLAB INDUSTRIA IMPORTACAO E EXPORTACAO DE PRODUTOS PARA LABORATORIOS LTDA;SHANGHAI MEKON MEDICAL DEVICES CO., LTD.;CHINA, REPÚBLICA POPULAR
81628880024;II;FIRSTLAB INDUSTRIA IMPORTACAO E EXPORTACAO DE PRODUTOS PARA LABORATORIOS LTDA;SUZHOU KYUAN MEDICAL APPARATUS;CHINA, REPÚBLICA POPULAR
81628880025;II;FIRSTLAB INDUSTRIA IMPORTACAO E EXPORTACAO DE PRODUTOS PARA LABORATORIOS LTDA;JIANGSU RONGYE TECHNOLOGY CO., LTD;CHINA, REPÚBLICA POPULAR
81628880026;II;FIRSTLAB INDUSTRIA IMPORTACAO E EXPORTACAO DE PRODUTOS PARA LABORATORIOS LTDA;JIANGSU RONGYE TECHNOLOGY CO., LTD;CHINA, REPÚBLICA POPULAR
81628880027;II;FIRSTLAB INDUSTRIA IMPORTACAO E EXPORTACAO DE PRODUTOS PARA LABORATORIOS LTDA;JIANGSU RONGYE TECHNOLOGY CO., LTD;CHINA, REPÚBLICA POPULAR
81628880028;II;FIRSTLAB INDUSTRIA IMPORTACAO E EXPORTACAO DE PRODUTOS PARA LABORATORIOS LTDA;JIANGSU RONGYE TECHNOLOGY CO., LTD;CHINA, REPÚBLICA POPULAR
81628880029;I;FIRSTLAB INDUSTRIA IMPORTACAO E EXPORTACAO DE PRODUTOS PARA LABORATORIOS LTDA;JINHUA JINGDI MEDICAL SUPPLIES CO., LTD;CHINA, REPÚBLICA POPULAR
81628880030;I;FIRSTLAB INDUSTRIA IMPORTACAO E EXPORTACAO DE PRODUTOS PARA LABORATORIOS LTDA;YANCHENG OUKANG MEDICAL THINGS CO., LTD.;CHINA, REPÚBLICA POPULAR
81628880031;I;FIRSTLAB INDUSTRIA IMPORTACAO E EXPORTACAO DE PRODUTOS PARA LABORATORIOS LTDA;JINHUA JINGDI MEDICAL SUPPLIES CO., LTD;CHINA, REPÚBLICA POPULAR
81628880076;I;FIRSTLAB INDUSTRIA IMPORTACAO E EXPORTACAO DE PRODUTOS PARA LABORATORIOS LTDA;SHANDONG INTCO MEDICAL PRODUCTS CO., LTD.;CHINA, REPÚBLICA POPULAR
81628880077;I;FIRSTLAB INDUSTRIA IMPORTACAO E EXPORTACAO DE PRODUTOS PARA LABORATORIOS LTDA;JIANGSU RONGYE TECHNOLOGY CO., LTD;CHINA, REPÚBLICA POPULAR
81628880078;I;FIRSTLAB INDUSTRIA IMPORTACAO E EXPORTACAO DE PRODUTOS PARA LABORATORIOS LTDA;ZHEJIANG GONGDONG MEDICAL TECHNOLOGY CO., LTD;CHINA, REPÚBLICA POPULAR
81628880081;I;FIRSTLAB INDUSTRIA IMPORTACAO E EXPORTACAO DE PRODUTOS PARA LABORATORIOS LTDA;SRI TRANG GLOVES (THAILAND) PUBLIC COMPANY LIMITED;TAILÂNDIA, REINO DA
81628880082;I;FIRSTLAB INDUSTRIA IMPORTACAO E EXPORTACAO DE PRODUTOS PARA LABORATORIOS LTDA;SRI TRANG GLOVES (THAILAND) PUBLIC COMPANY LIMITED;TAILÂNDIA, REINO DA
81628880083;I;FIRSTLAB INDUSTRIA IMPORTACAO E EXPORTACAO DE PRODUTOS PARA LABORATORIOS LTDA;JIANGSU RONGYE TECHNOLOGY CO., LTD;CHINA, REPÚBLICA POPULAR
81628880084;I;FIRSTLAB INDUSTRIA IMPORTACAO E EXPORTACAO DE PRODUTOS PARA LABORATORIOS LTDA;HI CARE THAI GLOVES CO. LTD.;TAILÂNDIA, REINO DA
81628880086;I;FIRSTLAB INDUSTRIA IMPORTACAO E EXPORTACAO DE PRODUTOS PARA LABORATORIOS LTDA;JIANGSU RONGYE TECHNOLOGY CO., LTD;CHINA, REPÚBLICA POPULAR
81628880090;I;FIRSTLAB INDUSTRIA IMPORTACAO E EXPORTACAO DE PRODUTOS PARA LABORATORIOS LTDA;SHANDONG INTCO MEDICAL PRODUCTS CO., LTD.;CHINA, REPÚBLICA POPULAR
81628889001;I;FIRSTLAB INDUSTRIA IMPORTACAO E EXPORTACAO DE PRODUTOS PARA LABORATORIOS LTDA;JINHUA JINGDI MEDICAL SUPPLIES CO.;CHINA, REPÚBLICA POPULAR
81628889002;I;FIRSTLAB INDUSTRIA IMPORTACAO E EXPORTACAO DE PRODUTOS PARA LABORATORIOS LTDA;JINHUA JINGDI MEDICAL SUPPLIES CO.;CHINA, REPÚBLICA POPULAR
81628889003;I;FIRSTLAB INDUSTRIA IMPORTACAO E EXPORTACAO DE PRODUTOS PARA LABORATORIOS LTDA;JIANGSU RONGYE TECHNOLOGY CO., LTD;CHINA, REPÚBLICA POPULAR
81628889004;I;FIRSTLAB INDUSTRIA IMPORTACAO E EXPORTACAO DE PRODUTOS PARA LABORATORIOS LTDA;PLASTILAB S.A.R.L.;LÍBANO
81628889005;II;FIRSTLAB INDUSTRIA IMPORTACAO E EXPORTACAO DE PRODUTOS PARA LABORATORIOS LTDA;TAIZHOU HEALTHSEA MEDICAL CO. LTD;CHINA, REPÚBLICA POPULAR
81628889006;II;FIRSTLAB INDUSTRIA IMPORTACAO E EXPORTACAO DE PRODUTOS PARA LABORATORIOS LTDA;TAIZHOU HEALTHSEA MEDICAL CO. LTD;CHINA, REPÚBLICA POPULAR
81628889007;II;FIRSTLAB INDUSTRIA IMPORTACAO E EXPORTACAO DE PRODUTOS PARA LABORATORIOS LTDA;GUANGZHOU IMPROVE MEDICAL INSTRUMENTS CO. LTD;CHINA, REPÚBLICA POPULAR
81628889008;II;FIRSTLAB INDUSTRIA IMPORTACAO E EXPORTACAO DE PRODUTOS PARA LABORATORIOS LTDA;BERPU MEDICAL TECHNOLOGY CO., LTD;CHINA, REPÚBLICA POPULAR
81628889009;II;FIRSTLAB INDUSTRIA IMPORTACAO E EXPORTACAO DE PRODUTOS PARA LABORATORIOS LTDA;BERPU MEDICAL TECHNOLOGY CO., LTD;CHINA, REPÚBLICA POPULAR
81628889010;II;FIRSTLAB INDUSTRIA IMPORTACAO E EXPORTACAO DE PRODUTOS PARA LABORATORIOS LTDA;BERPU MEDICAL TECHNOLOGY CO., LTD;CHINA, REPÚBLICA POPULAR
81628889011;II;FIRSTLAB INDUSTRIA IMPORTACAO E EXPORTACAO DE PRODUTOS PARA LABORATORIOS LTDA;BERPU MEDICAL TECHNOLOGY CO., LTD;CHINA, REPÚBLICA POPULAR
81628889012;II;FIRSTLAB INDUSTRIA IMPORTACAO E EXPORTACAO DE PRODUTOS PARA LABORATORIOS LTDA;GEMTIER MEDICAL (SHANGHAI) INC.;CHINA, REPÚBLICA POPULAR
81447950001;II;FISHER & PAYKEL DO BRASIL LTDA;FISHER & PAYKEL HEALTHCARE LIMITED;NOVA ZELÂNDIA
81447950002;I;FISHER & PAYKEL DO BRASIL LTDA;FISHER & PAYKEL HEALTHCARE LTD.;NOVA ZELÂNDIA
81447950003;I;FISHER & PAYKEL DO BRASIL LTDA;FISHER & PAYKEL HEALTHCARE LIMITED;NOVA ZELÂNDIA
81447950004;I;FISHER & PAYKEL DO BRASIL LTDA;FISHER & PAYKEL HEALTHCARE LIMITED;NOVA ZELÂNDIA
81447950005;II;FISHER & PAYKEL DO BRASIL LTDA;FISHER & PAYKEL HEALTHCARE LIMITED;NOVA ZELÂNDIA
81447950006;II;FISHER & PAYKEL DO BRASIL LTDA;FISHER & PAYKEL HEALTHCARE LIMITED;MÉXICO
81447950008;II;FISHER & PAYKEL DO BRASIL LTDA;FISHER & PAYKEL HEALTHCARE LIMITED;NOVA ZELÂNDIA
81447950015;II;FISHER & PAYKEL DO BRASIL LTDA;FISHER & PAYKEL HEALTHCARE LIMITED;NOVA ZELÂNDIA
81447950016;I;FISHER & PAYKEL DO BRASIL LTDA;FISHER & PAYKEL HEALTHCARE LIMITED;NOVA ZELÂNDIA
81447950017;II;FISHER & PAYKEL DO BRASIL LTDA;FISHER & PAYKEL HEALTHCARE LIMITED;NOVA ZELÂNDIA
81447950019;II;FISHER & PAYKEL DO BRASIL LTDA;FISHER & PAYKEL HEALTHCARE LIMITED;MÉXICO
81447959005;II;FISHER & PAYKEL DO BRASIL LTDA;FISHER & PAYKEL HEALTHCARE LIMITED;NOVA ZELÂNDIA
81447959006;II;FISHER & PAYKEL DO BRASIL LTDA;FISHER & PAYKEL HEALTHCARE LIMITED;NOVA ZELÂNDIA
81447959007;II;FISHER & PAYKEL DO BRASIL LTDA;FISHER & PAYKEL HEALTHCARE LIMITED;MÉXICO
81447959008;II;FISHER & PAYKEL DO BRASIL LTDA;FISHER & PAYKEL HEALTHCARE LIMITED;NOVA ZELÂNDIA
81447959012;II;FISHER & PAYKEL DO BRASIL LTDA;FISHER & PAYKEL HEALTHCARE LIMITED;NOVA ZELÂNDIA
81447959013;II;FISHER & PAYKEL DO BRASIL LTDA;FISHER & PAYKEL HEALTHCARE LIMITED;NOVA ZELÂNDIA
81447959014;II;FISHER & PAYKEL DO BRASIL LTDA;FISHER & PAYKEL HEALTHCARE LIMITED;MÉXICO
81447959015;II;FISHER & PAYKEL DO BRASIL LTDA;FISHER & PAYKEL HEALTHCARE LIMITED;NOVA ZELÂNDIA
81447959017;II;FISHER & PAYKEL DO BRASIL LTDA;FISHER & PAYKEL HEALTHCARE LIMITED;NOVA ZELÂNDIA
81447959018;II;FISHER & PAYKEL DO BRASIL LTDA;FISHER & PAYKEL HEALTHCARE LIMITED;NOVA ZELÂNDIA
81447959022;II;FISHER & PAYKEL DO BRASIL LTDA;FISHER & PAYKEL HEALTHCARE LIMITED;NOVA ZELÂNDIA
81447959025;II;FISHER & PAYKEL DO BRASIL LTDA;FISHER & PAYKEL HEALTHCARE LIMITED;NOVA ZELÂNDIA
81447959029;II;FISHER & PAYKEL DO BRASIL LTDA;FISHER & PAYKEL HEALTHCARE LIMITED;NOVA ZELÂNDIA
81447959031;II;FISHER & PAYKEL DO BRASIL LTDA;FISHER & PAYKEL HEALTHCARE LIMITED;NOVA ZELÂNDIA
81447959032;II;FISHER & PAYKEL DO BRASIL LTDA;FISHER & PAYKEL HEALTHCARE LIMITED;NOVA ZELÂNDIA
81447959035;II;FISHER & PAYKEL DO BRASIL LTDA;FISHER & PAYKEL HEALTHCARE LIMITED;NOVA ZELÂNDIA
81447959036;II;FISHER & PAYKEL DO BRASIL LTDA;FISHER & PAYKEL HEALTHCARE LIMITED;NOVA ZELÂNDIA
81447959037;II;FISHER & PAYKEL DO BRASIL LTDA;FISHER & PAYKEL HEALTHCARE LIMITED;NOVA ZELÂNDIA
81447959039;II;FISHER & PAYKEL DO BRASIL LTDA;FISHER & PAYKEL HEALTHCARE LIMITED;NOVA ZELÂNDIA
81447959041;II;FISHER & PAYKEL DO BRASIL LTDA;FISHER & PAYKEL HEALTHCARE LIMITED;NOVA ZELÂNDIA
81447959042;II;FISHER & PAYKEL DO BRASIL LTDA;FISHER & PAYKEL HEALTHCARE LIMITED;NOVA ZELÂNDIA
81447959043;II;FISHER & PAYKEL DO BRASIL LTDA;FISHER & PAYKEL HEALTHCARE LIMITED;NOVA ZELÂNDIA
81447959044;II;FISHER & PAYKEL DO BRASIL LTDA;FISHER & PAYKEL HEALTHCARE LIMITED;NOVA ZELÂNDIA
81447959046;II;FISHER & PAYKEL DO BRASIL LTDA;FISHER & PAYKEL HEALTHCARE LIMITED;NOVA ZELÂNDIA
81447959048;II;FISHER & PAYKEL DO BRASIL LTDA;FISHER & PAYKEL HEALTHCARE LIMITED;NOVA ZELÂNDIA
81447959049;II;FISHER & PAYKEL DO BRASIL LTDA;FISHER & PAYKEL HEALTHCARE LIMITED;NOVA ZELÂNDIA
81447959051;II;FISHER & PAYKEL DO BRASIL LTDA;FISHER & PAYKEL HEALTHCARE LIMITED;NOVA ZELÂNDIA
81447959052;II;FISHER & PAYKEL DO BRASIL LTDA;FISHER & PAYKEL HEALTHCARE LIMITED;NOVA ZELÂNDIA
81447959053;II;FISHER & PAYKEL DO BRASIL LTDA;FISHER & PAYKEL HEALTHCARE LIMITED;NOVA ZELÂNDIA
81447959055;II;FISHER & PAYKEL DO BRASIL LTDA;FISHER & PAYKEL HEALTHCARE LIMITED;NOVA ZELÂNDIA
81447959056;II;FISHER & PAYKEL DO BRASIL LTDA;FISHER & PAYKEL HEALTHCARE LIMITED;NOVA ZELÂNDIA
80973050002;I;FISIOVITAL COMÉRCIO DE ARTIGOS ORTOPÉDICOS LTDA-ME;Applied Technology Internatinal, Ltd.;ESTADOS UNIDOS DA AMÉRICA
80973050003;I;FISIOVITAL COMÉRCIO DE ARTIGOS ORTOPÉDICOS LTDA-ME;Applied Technology Internatinal, Ltd.;ESTADOS UNIDOS DA AMÉRICA
80973050004;I;FISIOVITAL COMÉRCIO DE ARTIGOS ORTOPÉDICOS LTDA-ME;Applied Technology Internatinal, Ltd.;ESTADOS UNIDOS DA AMÉRICA
80973050005;I;FISIOVITAL COMÉRCIO DE ARTIGOS ORTOPÉDICOS LTDA-ME;THERATOGS, INC.;ESTADOS UNIDOS DA AMÉRICA
80973050006;I;FISIOVITAL COMÉRCIO DE ARTIGOS ORTOPÉDICOS LTDA-ME;THERATOGS, INC.;ESTADOS UNIDOS DA AMÉRICA
80973050007;I;FISIOVITAL COMÉRCIO DE ARTIGOS ORTOPÉDICOS LTDA-ME;THERATOGS, INC.;ESTADOS UNIDOS DA AMÉRICA
80973050008;I;FISIOVITAL COMÉRCIO DE ARTIGOS ORTOPÉDICOS LTDA-ME;THERATOGS, INC.;ESTADOS UNIDOS DA AMÉRICA
80973050009;I;FISIOVITAL COMÉRCIO DE ARTIGOS ORTOPÉDICOS LTDA-ME;THERATOGS, INC.;ESTADOS UNIDOS DA AMÉRICA
80973050010;I;FISIOVITAL COMÉRCIO DE ARTIGOS ORTOPÉDICOS LTDA-ME;THERATOGS, INC. (TELLURIDE);ESTADOS UNIDOS DA AMÉRICA
80973050012;I;FISIOVITAL COMÉRCIO DE ARTIGOS ORTOPÉDICOS LTDA-ME;Applied Technology Internatinal, Ltd.;ESTADOS UNIDOS DA AMÉRICA
80973050017;I;FISIOVITAL COMÉRCIO DE ARTIGOS ORTOPÉDICOS LTDA-ME;GUANGZHOU ATHMEDIC HEALTHCARE CO., LTD.;CHINA, REPÚBLICA POPULAR
80973050018;I;FISIOVITAL COMÉRCIO DE ARTIGOS ORTOPÉDICOS LTDA-ME;GUANGZHOU ATHMEDIC HEALTHCARE CO., LTD.;CHINA, REPÚBLICA POPULAR
80973050019;I;FISIOVITAL COMÉRCIO DE ARTIGOS ORTOPÉDICOS LTDA-ME;GUANGZHOU ATHMEDIC HEALTHCARE CO., LTD.;CHINA, REPÚBLICA POPULAR
80973050020;I;FISIOVITAL COMÉRCIO DE ARTIGOS ORTOPÉDICOS LTDA-ME;GUANGZHOU ATHMEDIC HEALTHCARE CO., LTD.;CHINA, REPÚBLICA POPULAR
80973050021;I;FISIOVITAL COMÉRCIO DE ARTIGOS ORTOPÉDICOS LTDA-ME;GUANGZHOU ATHMEDIC HEALTHCARE CO., LTD.;CHINA, REPÚBLICA POPULAR
80973050022;I;FISIOVITAL COMÉRCIO DE ARTIGOS ORTOPÉDICOS LTDA-ME;THERATOGS, INC.;ESTADOS UNIDOS DA AMÉRICA
80973050023;I;FISIOVITAL COMÉRCIO DE ARTIGOS ORTOPÉDICOS LTDA-ME;GUANGZHOU ATHMEDIC HEALTHCARE CO., LTD.;CHINA, REPÚBLICA POPULAR
80973050024;I;FISIOVITAL COMÉRCIO DE ARTIGOS ORTOPÉDICOS LTDA-ME;GUANGZHOU ATHMEDIC HEALTHCARE CO., LTD.;CHINA, REPÚBLICA POPULAR
80973050027;I;FISIOVITAL COMÉRCIO DE ARTIGOS ORTOPÉDICOS LTDA-ME;SURESTEP;ESTADOS UNIDOS DA AMÉRICA
80973050028;I;FISIOVITAL COMÉRCIO DE ARTIGOS ORTOPÉDICOS LTDA-ME;SURESTEP;ESTADOS UNIDOS DA AMÉRICA
80973050029;I;FISIOVITAL COMÉRCIO DE ARTIGOS ORTOPÉDICOS LTDA-ME;MCKIE SPLINTS, LLC;ESTADOS UNIDOS DA AMÉRICA
80973050030;I;FISIOVITAL COMÉRCIO DE ARTIGOS ORTOPÉDICOS LTDA-ME;GUANGZHOU ATHMEDIC HEALTHCARE CO., LTD.;CHINA, REPÚBLICA POPULAR
80973050031;I;FISIOVITAL COMÉRCIO DE ARTIGOS ORTOPÉDICOS LTDA-ME;GUANGZHOU ATHMEDIC HEALTHCARE CO., LTD.;CHINA, REPÚBLICA POPULAR
80973050032;I;FISIOVITAL COMÉRCIO DE ARTIGOS ORTOPÉDICOS LTDA-ME;GUANGZHOU ATHMEDIC HEALTHCARE CO., LTD.;CHINA, REPÚBLICA POPULAR
80973050034;I;FISIOVITAL COMÉRCIO DE ARTIGOS ORTOPÉDICOS LTDA-ME;GUANGZHOU ATHMEDIC HEALTHCARE CO., LTD.;CHINA, REPÚBLICA POPULAR
80973050035;I;FISIOVITAL COMÉRCIO DE ARTIGOS ORTOPÉDICOS LTDA-ME;GUANGZHOU ATHMEDIC HEALTHCARE CO., LTD.;CHINA, REPÚBLICA POPULAR
80973050036;I;FISIOVITAL COMÉRCIO DE ARTIGOS ORTOPÉDICOS LTDA-ME;GUANGZHOU ATHMEDIC HEALTHCARE CO., LTD.;CHINA, REPÚBLICA POPULAR
80973050037;I;FISIOVITAL COMÉRCIO DE ARTIGOS ORTOPÉDICOS LTDA-ME;GUANGZHOU ATHMEDIC HEALTHCARE CO., LTD.;CHINA, REPÚBLICA POPULAR
80973050039;I;FISIOVITAL COMÉRCIO DE ARTIGOS ORTOPÉDICOS LTDA-ME;GUANGZHOU ATHMEDIC HEALTHCARE CO., LTD.;CHINA, REPÚBLICA POPULAR
80973050040;I;FISIOVITAL COMÉRCIO DE ARTIGOS ORTOPÉDICOS LTDA-ME;GUANGZHOU ATHMEDIC HEALTHCARE CO., LTD.;CHINA, REPÚBLICA POPULAR
80973050041;I;FISIOVITAL COMÉRCIO DE ARTIGOS ORTOPÉDICOS LTDA-ME;GUANGZHOU ATHMEDIC HEALTHCARE CO., LTD.;CHINA, REPÚBLICA POPULAR
80973050043;I;FISIOVITAL COMÉRCIO DE ARTIGOS ORTOPÉDICOS LTDA-ME;GUANGZHOU ATHMEDIC HEALTHCARE CO., LTD.;CHINA, REPÚBLICA POPULAR
80973050044;I;FISIOVITAL COMÉRCIO DE ARTIGOS ORTOPÉDICOS LTDA-ME;GUANGZHOU ATHMEDIC HEALTHCARE CO., LTD.;CHINA, REPÚBLICA POPULAR
80571459004;II;FISMATEK INDÚSTRIA E COMÉRCIO LTDA - ME;BEIJING ADSS DEVELOPMENT CO., LTD.;CHINA, REPÚBLICA POPULAR
82938019001;II;FIVE STAR E-COMMERCE;GUIXI CITY JINLONG TATTOO EQUIPMENT MANUFACTORY;CHINA, REPÚBLICA POPULAR
82938019002;II;FIVE STAR E-COMMERCE;REDTOP TATTOO SUPPLY CO. LTD;CHINA, REPÚBLICA POPULAR
81959120002;I;FIXAIMPORT COMERCIO IMPORTAÇÃO E EXPORTAÇÃO DE PRODUTOS MEDICOS E HOSPITALARES LTDA;DAJIU PRODUCE (DALIAN) CO., LTD;CHINA, REPÚBLICA POPULAR
81959120004;I;FIXAIMPORT COMERCIO IMPORTAÇÃO E EXPORTAÇÃO DE PRODUTOS MEDICOS E HOSPITALARES LTDA;HANGZHOU NANYU MEDICAL INSTRUMENT CO., LTD;CHINA, REPÚBLICA POPULAR
81959120005;I;FIXAIMPORT COMERCIO IMPORTAÇÃO E EXPORTAÇÃO DE PRODUTOS MEDICOS E HOSPITALARES LTDA;MDD sp. Zoo;POLÔNIA
81959120006;I;FIXAIMPORT COMERCIO IMPORTAÇÃO E EXPORTAÇÃO DE PRODUTOS MEDICOS E HOSPITALARES LTDA;HANGZHOU NANYU MEDICAL INSTRUMENT CO., LTD;CHINA, REPÚBLICA POPULAR
81959120007;I;FIXAIMPORT COMERCIO IMPORTAÇÃO E EXPORTAÇÃO DE PRODUTOS MEDICOS E HOSPITALARES LTDA;HANGZHOU NANYU MEDICAL INSTRUMENT CO., LTD;CHINA, REPÚBLICA POPULAR
81959120008;I;FIXAIMPORT COMERCIO IMPORTAÇÃO E EXPORTAÇÃO DE PRODUTOS MEDICOS E HOSPITALARES LTDA;HANGZHOU NANYU MEDICAL INSTRUMENT CO., LTD;CHINA, REPÚBLICA POPULAR
81959120009;I;FIXAIMPORT COMERCIO IMPORTAÇÃO E EXPORTAÇÃO DE PRODUTOS MEDICOS E HOSPITALARES LTDA;EON MEDITECH PVT. LTD.;ÍNDIA
81959120010;I;FIXAIMPORT COMERCIO IMPORTAÇÃO E EXPORTAÇÃO DE PRODUTOS MEDICOS E HOSPITALARES LTDA;MDD sp. Zoo;POLÔNIA
81959120011;I;FIXAIMPORT COMERCIO IMPORTAÇÃO E EXPORTAÇÃO DE PRODUTOS MEDICOS E HOSPITALARES LTDA;MDD sp. Zoo;POLÔNIA
81959129004;II;FIXAIMPORT COMERCIO IMPORTAÇÃO E EXPORTAÇÃO DE PRODUTOS MEDICOS E HOSPITALARES LTDA;ZHEJIANG CURAWAY MEDICAL TECHNOLOGY CO., LTD.;CHINA, REPÚBLICA POPULAR
81959129005;II;FIXAIMPORT COMERCIO IMPORTAÇÃO E EXPORTAÇÃO DE PRODUTOS MEDICOS E HOSPITALARES LTDA;ZHEJIANG CURAWAY MEDICAL TECHNOLOGY CO., LTD.;CHINA, REPÚBLICA POPULAR
81959129006;II;FIXAIMPORT COMERCIO IMPORTAÇÃO E EXPORTAÇÃO DE PRODUTOS MEDICOS E HOSPITALARES LTDA;ZHEJIANG CURAWAY MEDICAL TECHNOLOGY CO., LTD.;CHINA, REPÚBLICA POPULAR
81959129013;II;FIXAIMPORT COMERCIO IMPORTAÇÃO E EXPORTAÇÃO DE PRODUTOS MEDICOS E HOSPITALARES LTDA;CHANGZHOU BLON MINIMALLY INVASIVE MEDICAL DEVICES TECHNOLOGY CO. LTD.;CHINA, REPÚBLICA POPULAR
81959129016;II;FIXAIMPORT COMERCIO IMPORTAÇÃO E EXPORTAÇÃO DE PRODUTOS MEDICOS E HOSPITALARES LTDA;EON MEDITECH PVT. LTD.;ÍNDIA
81959129017;II;FIXAIMPORT COMERCIO IMPORTAÇÃO E EXPORTAÇÃO DE PRODUTOS MEDICOS E HOSPITALARES LTDA;EON MEDITECH PVT. LTD.;ÍNDIA
81959129018;II;FIXAIMPORT COMERCIO IMPORTAÇÃO E EXPORTAÇÃO DE PRODUTOS MEDICOS E HOSPITALARES LTDA;EON MEDITECH PVT. LTD.;ÍNDIA
81959129020;II;FIXAIMPORT COMERCIO IMPORTAÇÃO E EXPORTAÇÃO DE PRODUTOS MEDICOS E HOSPITALARES LTDA;EON MEDITECH PVT. LTD.;ÍNDIA
80105980009;II;FIXANO COMÉRCIO DE IMPLANTES ORTOPÉDICOS LTDA - EPP;IMEDICOM Co.,LTD;CORÉIA DO SUL
80105980010;II;FIXANO COMÉRCIO DE IMPLANTES ORTOPÉDICOS LTDA - EPP;IMEDICOM Co.,LTD;CORÉIA DO SUL
80105980015;II;FIXANO COMÉRCIO DE IMPLANTES ORTOPÉDICOS LTDA - EPP;IMEDICOM Co.,LTD;CORÉIA DO SUL
80105980020;III;FIXANO COMÉRCIO DE IMPLANTES ORTOPÉDICOS LTDA - EPP;;
80105980020;III;FIXANO COMÉRCIO DE IMPLANTES ORTOPÉDICOS LTDA - EPP;HPI IMPLANTS;FRANÇA
80105980021;IV;FIXANO COMÉRCIO DE IMPLANTES ORTOPÉDICOS LTDA - EPP;;
80105980021;IV;FIXANO COMÉRCIO DE IMPLANTES ORTOPÉDICOS LTDA - EPP;SOCIETÀ AZIONARIA MATERIALE OSPEDALIERO - S.A.M.O. SPA;ITÁLIA
80105980022;III;FIXANO COMÉRCIO DE IMPLANTES ORTOPÉDICOS LTDA - EPP;;
80105980022;III;FIXANO COMÉRCIO DE IMPLANTES ORTOPÉDICOS LTDA - EPP;HPI;FRANÇA
80459890003;I;FIXION COMÉRCIO DE MATERIAIS MÉDICOS, CIRÚRGICOS E ORTOPÉDICOS LTDA;TECRES S.P.A;ITÁLIA
80459890007;IV;FIXION COMÉRCIO DE MATERIAIS MÉDICOS, CIRÚRGICOS E ORTOPÉDICOS LTDA;;
80459890007;IV;FIXION COMÉRCIO DE MATERIAIS MÉDICOS, CIRÚRGICOS E ORTOPÉDICOS LTDA;TECRES S.P.A;ITÁLIA
80459890008;I;FIXION COMÉRCIO DE MATERIAIS MÉDICOS, CIRÚRGICOS E ORTOPÉDICOS LTDA;MIKAI S. P. A;ITÁLIA
80459890009;I;FIXION COMÉRCIO DE MATERIAIS MÉDICOS, CIRÚRGICOS E ORTOPÉDICOS LTDA;MIKAI S. P. A;ITÁLIA
80459890011;I;FIXION COMÉRCIO DE MATERIAIS MÉDICOS, CIRÚRGICOS E ORTOPÉDICOS LTDA;DIAL MEDICALI SRL ( 20129 );ITÁLIA
80459890012;I;FIXION COMÉRCIO DE MATERIAIS MÉDICOS, CIRÚRGICOS E ORTOPÉDICOS LTDA;DIAL MEDICALI SRL ( 20129 );ITÁLIA
80459890013;I;FIXION COMÉRCIO DE MATERIAIS MÉDICOS, CIRÚRGICOS E ORTOPÉDICOS LTDA;DIAL MEDICALI SRL ( 20129 );ITÁLIA
80459890015;I;FIXION COMÉRCIO DE MATERIAIS MÉDICOS, CIRÚRGICOS E ORTOPÉDICOS LTDA;DIAL MEDICALI SRL ( 20129 );ITÁLIA
80459890016;I;FIXION COMÉRCIO DE MATERIAIS MÉDICOS, CIRÚRGICOS E ORTOPÉDICOS LTDA;DIAL MEDICALI SRL ( 20129 );ITÁLIA
80459890017;I;FIXION COMÉRCIO DE MATERIAIS MÉDICOS, CIRÚRGICOS E ORTOPÉDICOS LTDA;DIAL MEDICALI SRL ( 20129 );ITÁLIA
82667170001;I;FIXX INDUSTRIA E COMERCIO DE PRODUTOS MEDICOS E ODONTOLOGICOS LTDA;FIXX INDUSTRIA E COMERCIO DE PRODUTOS MEDICOS E ODONTOLOGICOS LTDA;BRASIL
82667170008;I;FIXX INDUSTRIA E COMERCIO DE PRODUTOS MEDICOS E ODONTOLOGICOS LTDA;FIXX INDUSTRIA E COMERCIO DE PRODUTOS MEDICOS E ODONTOLOGICOS LTDA;BRASIL
82667170010;I;FIXX INDUSTRIA E COMERCIO DE PRODUTOS MEDICOS E ODONTOLOGICOS LTDA;FIXX INDUSTRIA E COMERCIO DE PRODUTOS MEDICOS E ODONTOLOGICOS LTDA;BRASIL
82667170011;I;FIXX INDUSTRIA E COMERCIO DE PRODUTOS MEDICOS E ODONTOLOGICOS LTDA;FIXX INDUSTRIA E COMERCIO DE PRODUTOS MEDICOS E ODONTOLOGICOS LTDA;BRASIL
82667179006;II;FIXX INDUSTRIA E COMERCIO DE PRODUTOS MEDICOS E ODONTOLOGICOS LTDA;FIXX INDUSTRIA E COMERCIO DE PRODUTOS MEDICOS E ODONTOLOGICOS LTDA;BRASIL
82667179007;II;FIXX INDUSTRIA E COMERCIO DE PRODUTOS MEDICOS E ODONTOLOGICOS LTDA;FIXX INDUSTRIA E COMERCIO DE PRODUTOS MEDICOS E ODONTOLOGICOS LTDA;BRASIL
82667179008;II;FIXX INDUSTRIA E COMERCIO DE PRODUTOS MEDICOS E ODONTOLOGICOS LTDA;FIXX INDUSTRIA E COMERCIO DE PRODUTOS MEDICOS E ODONTOLOGICOS LTDA;BRASIL
82667179009;II;FIXX INDUSTRIA E COMERCIO DE PRODUTOS MEDICOS E ODONTOLOGICOS LTDA;FIXX INDUSTRIA E COMERCIO DE PRODUTOS MEDICOS E ODONTOLOGICOS LTDA;BRASIL
82667179011;II;FIXX INDUSTRIA E COMERCIO DE PRODUTOS MEDICOS E ODONTOLOGICOS LTDA;FIXX INDUSTRIA E COMERCIO DE PRODUTOS MEDICOS E ODONTOLOGICOS LTDA;BRASIL
82667179012;II;FIXX INDUSTRIA E COMERCIO DE PRODUTOS MEDICOS E ODONTOLOGICOS LTDA;FIXX INDUSTRIA E COMERCIO DE PRODUTOS MEDICOS E ODONTOLOGICOS LTDA;BRASIL
82667179018;II;FIXX INDUSTRIA E COMERCIO DE PRODUTOS MEDICOS E ODONTOLOGICOS LTDA;FIXX INDUSTRIA E COMERCIO DE PRODUTOS MEDICOS E ODONTOLOGICOS LTDA;BRASIL
82667179019;II;FIXX INDUSTRIA E COMERCIO DE PRODUTOS MEDICOS E ODONTOLOGICOS LTDA;FIXX INDUSTRIA E COMERCIO DE PRODUTOS MEDICOS E ODONTOLOGICOS LTDA;BRASIL
82667179021;II;FIXX INDUSTRIA E COMERCIO DE PRODUTOS MEDICOS E ODONTOLOGICOS LTDA;FIXX INDUSTRIA E COMERCIO DE PRODUTOS MEDICOS E ODONTOLOGICOS LTDA;BRASIL
82667179025;II;FIXX INDUSTRIA E COMERCIO DE PRODUTOS MEDICOS E ODONTOLOGICOS LTDA;FIXX INDUSTRIA E COMERCIO DE PRODUTOS MEDICOS E ODONTOLOGICOS LTDA;BRASIL
82667179026;II;FIXX INDUSTRIA E COMERCIO DE PRODUTOS MEDICOS E ODONTOLOGICOS LTDA;FIXX INDUSTRIA E COMERCIO DE PRODUTOS MEDICOS E ODONTOLOGICOS LTDA;BRASIL
82667179027;II;FIXX INDUSTRIA E COMERCIO DE PRODUTOS MEDICOS E ODONTOLOGICOS LTDA;FIXX INDUSTRIA E COMERCIO DE PRODUTOS MEDICOS E ODONTOLOGICOS LTDA;BRASIL
82667179028;II;FIXX INDUSTRIA E COMERCIO DE PRODUTOS MEDICOS E ODONTOLOGICOS LTDA;FIXX INDUSTRIA E COMERCIO DE PRODUTOS MEDICOS E ODONTOLOGICOS LTDA;BRASIL
82254610004;I;FLAMBE CONFECCOES LTDA;FLAMBE CONFECCOES LTDA;BRASIL
82254610005;I;FLAMBE CONFECCOES LTDA;FLAMBE CONFECCOES LTDA;BRASIL
82254610006;I;FLAMBE CONFECCOES LTDA;FLAMBE CONFECCOES LTDA;BRASIL
80704570006;I;FLEX INDUSTRIA E COMERCIO DE PAPEIS LTDA EPP;FLEX INDUSTRIA E COMERCIO DE PAPEIS LTDA EPP;BRASIL
80704570007;I;FLEX INDUSTRIA E COMERCIO DE PAPEIS LTDA EPP;FLEX INDUSTRIA E COMERCIO DE PAPEIS LTDA EPP;BRASIL
80704570008;I;FLEX INDUSTRIA E COMERCIO DE PAPEIS LTDA EPP;FLEX INDUSTRIA E COMERCIO DE PAPEIS LTDA EPP;BRASIL
80704570009;I;FLEX INDUSTRIA E COMERCIO DE PAPEIS LTDA EPP;FLEX INDUSTRIA E COMERCIO DE PAPEIS LTDA EPP;BRASIL
80704570010;I;FLEX INDUSTRIA E COMERCIO DE PAPEIS LTDA EPP;FLEX INDUSTRIA E COMERCIO DE PAPEIS LTDA EPP;BRASIL
80704570011;I;FLEX INDUSTRIA E COMERCIO DE PAPEIS LTDA EPP;FLEX INDUSTRIA E COMERCIO DE PAPEIS LTDA EPP;BRASIL
80704570012;II;FLEX INDUSTRIA E COMERCIO DE PAPEIS LTDA EPP;FLEX INDUSTRIA E COMERCIO DE PAPEIS LTDA EPP;BRASIL
80704570015;I;FLEX INDUSTRIA E COMERCIO DE PAPEIS LTDA EPP;FLEX INDUSTRIA E COMERCIO DE PAPEIS LTDA EPP;BRASIL
80081350002;II;FLEX LAB COMERCIO DE MATERIAIS CIRURGICOS E HOSPITALARES LTDA;CIRCON ACMI CORP;ESTADOS UNIDOS DA AMÉRICA
80081350004;I;FLEX LAB COMERCIO DE MATERIAIS CIRURGICOS E HOSPITALARES LTDA;GYRUS ACMI INC.;ESTADOS UNIDOS DA AMÉRICA
80081350006;II;FLEX LAB COMERCIO DE MATERIAIS CIRURGICOS E HOSPITALARES LTDA;CIRCON ACMI CORP;ESTADOS UNIDOS DA AMÉRICA
80081350030;I;FLEX LAB COMERCIO DE MATERIAIS CIRURGICOS E HOSPITALARES LTDA;REDA GMHB;ALEMANHA
80081350032;I;FLEX LAB COMERCIO DE MATERIAIS CIRURGICOS E HOSPITALARES LTDA;REDA INSTRUMENTE GMBH;ALEMANHA
80081350037;II;FLEX LAB COMERCIO DE MATERIAIS CIRURGICOS E HOSPITALARES LTDA;CIRCON ACMI CORP;ESTADOS UNIDOS DA AMÉRICA
80081350038;I;FLEX LAB COMERCIO DE MATERIAIS CIRURGICOS E HOSPITALARES LTDA;REDA INSTRUMENTE GMBH;ALEMANHA
80081350047;I;FLEX LAB COMERCIO DE MATERIAIS CIRURGICOS E HOSPITALARES LTDA;REDA INSTRUMENTE GMBH;ALEMANHA
80081350069;II;FLEX LAB COMERCIO DE MATERIAIS CIRURGICOS E HOSPITALARES LTDA;CIRCON ACMI CORP;ESTADOS UNIDOS DA AMÉRICA
80081350073;I;FLEX LAB COMERCIO DE MATERIAIS CIRURGICOS E HOSPITALARES LTDA;GEBR. MARTIN GMBH & CO KG;ALEMANHA
80081350097;I;FLEX LAB COMERCIO DE MATERIAIS CIRURGICOS E HOSPITALARES LTDA;REDA INSTRUMENTE GMBH;ALEMANHA
80081350100;I;FLEX LAB COMERCIO DE MATERIAIS CIRURGICOS E HOSPITALARES LTDA;REDA INSTRUMENTE GMBH;ALEMANHA
80081350162;II;FLEX LAB COMERCIO DE MATERIAIS CIRURGICOS E HOSPITALARES LTDA;ARGON MEDICAL DEVICES INC;ESTADOS UNIDOS DA AMÉRICA
80081350166;I;FLEX LAB COMERCIO DE MATERIAIS CIRURGICOS E HOSPITALARES LTDA;ARGON MEDICAL DEVICES INC;ESTADOS UNIDOS DA AMÉRICA
80081350186;I;FLEX LAB COMERCIO DE MATERIAIS CIRURGICOS E HOSPITALARES LTDA;GEBR. MARTIN GMBH & CO KG;ALEMANHA
80081350247;II;FLEX LAB COMERCIO DE MATERIAIS CIRURGICOS E HOSPITALARES LTDA;GYRUS MEDICAL INC.;ESTADOS UNIDOS DA AMÉRICA
80081350248;I;FLEX LAB COMERCIO DE MATERIAIS CIRURGICOS E HOSPITALARES LTDA;REDA INSTRUMENTE GMBH;ALEMANHA
80081350252;II;FLEX LAB COMERCIO DE MATERIAIS CIRURGICOS E HOSPITALARES LTDA;GYRUS MEDICAL INC.;ESTADOS UNIDOS DA AMÉRICA
80081350262;I;FLEX LAB COMERCIO DE MATERIAIS CIRURGICOS E HOSPITALARES LTDA;REDA INSTRUMENTE GMBH;ALEMANHA
80081350278;I;FLEX LAB COMERCIO DE MATERIAIS CIRURGICOS E HOSPITALARES LTDA;REDA INSTRUMENTE GMBH;ALEMANHA
80081350282;II;FLEX LAB COMERCIO DE MATERIAIS CIRURGICOS E HOSPITALARES LTDA;GYRUS ACMI,INC;MÉXICO
80081350282;II;FLEX LAB COMERCIO DE MATERIAIS CIRURGICOS E HOSPITALARES LTDA;GYRUS MEDICAL INC.;ESTADOS UNIDOS DA AMÉRICA
80081350282;II;FLEX LAB COMERCIO DE MATERIAIS CIRURGICOS E HOSPITALARES LTDA;GYRUS MEDICAL LIMITED;INGLATERRA (REINO UNIDO)
80081350288;I;FLEX LAB COMERCIO DE MATERIAIS CIRURGICOS E HOSPITALARES LTDA;REDA INSTRUMENTE GMBH;ALEMANHA
80081350293;II;FLEX LAB COMERCIO DE MATERIAIS CIRURGICOS E HOSPITALARES LTDA;CYBERSONICS, INC.;ESTADOS UNIDOS DA AMÉRICA
80081350302;II;FLEX LAB COMERCIO DE MATERIAIS CIRURGICOS E HOSPITALARES LTDA;REDA INSTRUMENTE GMBH;ALEMANHA
80081350320;II;FLEX LAB COMERCIO DE MATERIAIS CIRURGICOS E HOSPITALARES LTDA;GYRUS MEDICAL INC.;ESTADOS UNIDOS DA AMÉRICA
80081350321;III;FLEX LAB COMERCIO DE MATERIAIS CIRURGICOS E HOSPITALARES LTDA;;
80081350321;III;FLEX LAB COMERCIO DE MATERIAIS CIRURGICOS E HOSPITALARES LTDA;KLS MARTIN SE & CO. KG;ALEMANHA
80081350323;III;FLEX LAB COMERCIO DE MATERIAIS CIRURGICOS E HOSPITALARES LTDA;;
80081350323;III;FLEX LAB COMERCIO DE MATERIAIS CIRURGICOS E HOSPITALARES LTDA;KLS MARTIN SE & CO. KG;ALEMANHA
80081350324;IV;FLEX LAB COMERCIO DE MATERIAIS CIRURGICOS E HOSPITALARES LTDA;;
80081350324;IV;FLEX LAB COMERCIO DE MATERIAIS CIRURGICOS E HOSPITALARES LTDA;KLS MARTIN SE & CO. KG;ALEMANHA
80081350325;IV;FLEX LAB COMERCIO DE MATERIAIS CIRURGICOS E HOSPITALARES LTDA;;
80081350325;IV;FLEX LAB COMERCIO DE MATERIAIS CIRURGICOS E HOSPITALARES LTDA;KLS MARTIN SE & CO. KG;ALEMANHA
80081350326;III;FLEX LAB COMERCIO DE MATERIAIS CIRURGICOS E HOSPITALARES LTDA;;
80081350326;III;FLEX LAB COMERCIO DE MATERIAIS CIRURGICOS E HOSPITALARES LTDA;KLS MARTIN SE & CO. KG;ALEMANHA
80081350329;IV;FLEX LAB COMERCIO DE MATERIAIS CIRURGICOS E HOSPITALARES LTDA;;
80081350329;IV;FLEX LAB COMERCIO DE MATERIAIS CIRURGICOS E HOSPITALARES LTDA;KLS MARTIN SE & CO. KG;ALEMANHA
80081350339;III;FLEX LAB COMERCIO DE MATERIAIS CIRURGICOS E HOSPITALARES LTDA;;
80081350339;III;FLEX LAB COMERCIO DE MATERIAIS CIRURGICOS E HOSPITALARES LTDA;KLS MARTIN SE & CO. KG;ALEMANHA
80081350343;II;FLEX LAB COMERCIO DE MATERIAIS CIRURGICOS E HOSPITALARES LTDA;GYRUS ACMI INC.;ESTADOS UNIDOS DA AMÉRICA
80081350348;II;FLEX LAB COMERCIO DE MATERIAIS CIRURGICOS E HOSPITALARES LTDA;GYRUS ACMI INC.;ESTADOS UNIDOS DA AMÉRICA
80081350375;III;FLEX LAB COMERCIO DE MATERIAIS CIRURGICOS E HOSPITALARES LTDA;;
80081350375;III;FLEX LAB COMERCIO DE MATERIAIS CIRURGICOS E HOSPITALARES LTDA;KLS MARTIN SE & CO. KG;ALEMANHA
80081350377;I;FLEX LAB COMERCIO DE MATERIAIS CIRURGICOS E HOSPITALARES LTDA;GYRUS ACMI INC.;ESTADOS UNIDOS DA AMÉRICA
80081350392;II;FLEX LAB COMERCIO DE MATERIAIS CIRURGICOS E HOSPITALARES LTDA;ARGON MEDICAL DEVICES INC;ESTADOS UNIDOS DA AMÉRICA
80081350401;III;FLEX LAB COMERCIO DE MATERIAIS CIRURGICOS E HOSPITALARES LTDA;;
80081350401;III;FLEX LAB COMERCIO DE MATERIAIS CIRURGICOS E HOSPITALARES LTDA;KLS MARTIN SE & CO. KG;ALEMANHA
80081350403;I;FLEX LAB COMERCIO DE MATERIAIS CIRURGICOS E HOSPITALARES LTDA;GEBRÜDER MARTIN GMBH & CO. KG;ALEMANHA
80081350404;III;FLEX LAB COMERCIO DE MATERIAIS CIRURGICOS E HOSPITALARES LTDA;;
80081350404;III;FLEX LAB COMERCIO DE MATERIAIS CIRURGICOS E HOSPITALARES LTDA;KLS MARTIN SE & CO. KG;ALEMANHA
80081350408;IV;FLEX LAB COMERCIO DE MATERIAIS CIRURGICOS E HOSPITALARES LTDA;;
80081350408;IV;FLEX LAB COMERCIO DE MATERIAIS CIRURGICOS E HOSPITALARES LTDA;KLS MARTIN SE & CO. KG;ALEMANHA
80081350409;III;FLEX LAB COMERCIO DE MATERIAIS CIRURGICOS E HOSPITALARES LTDA;;
80081350409;III;FLEX LAB COMERCIO DE MATERIAIS CIRURGICOS E HOSPITALARES LTDA;KLS MARTIN SE & CO. KG;ALEMANHA
80081359023;II;FLEX LAB COMERCIO DE MATERIAIS CIRURGICOS E HOSPITALARES LTDA;ARGON MEDICAL DEVICES INC;ESTADOS UNIDOS DA AMÉRICA
81989840001;I;FLEX MAKER PRODUÇÃO E COMERCIO LTDA - ME;FLEX MAKER PRODUÇÃO E COMERCIO LTDA - ME;BRASIL
81989840003;I;FLEX MAKER PRODUÇÃO E COMERCIO LTDA - ME;FLEX MAKER PRODUÇÃO E COMERCIO LTDA - ME;BRASIL
81989840006;I;FLEX MAKER PRODUÇÃO E COMERCIO LTDA - ME;FLEX MAKER PRODUÇÃO E COMERCIO LTDA - ME;BRASIL
81989840010;I;FLEX MAKER PRODUÇÃO E COMERCIO LTDA - ME;FLEX MAKER PRODUÇÃO E COMERCIO LTDA - ME;BRASIL
81989840011;I;FLEX MAKER PRODUÇÃO E COMERCIO LTDA - ME;FLEX MAKER PRODUÇÃO E COMERCIO LTDA - ME;BRASIL
81989840012;I;FLEX MAKER PRODUÇÃO E COMERCIO LTDA - ME;FLEX MAKER PRODUÇÃO E COMERCIO LTDA - ME;BRASIL
81989840014;I;FLEX MAKER PRODUÇÃO E COMERCIO LTDA - ME;FLEX MAKER PRODUÇÃO E COMERCIO LTDA - ME;BRASIL
81989840015;I;FLEX MAKER PRODUÇÃO E COMERCIO LTDA - ME;FLEX MAKER PRODUÇÃO E COMERCIO LTDA - ME;BRASIL
81989840016;I;FLEX MAKER PRODUÇÃO E COMERCIO LTDA - ME;FLEX MAKER PRODUÇÃO E COMERCIO LTDA - ME;BRASIL
81989840017;I;FLEX MAKER PRODUÇÃO E COMERCIO LTDA - ME;FLEX MAKER PRODUÇÃO E COMERCIO LTDA - ME;BRASIL
81989840018;I;FLEX MAKER PRODUÇÃO E COMERCIO LTDA - ME;FLEX MAKER PRODUÇÃO E COMERCIO LTDA - ME;BRASIL
81989840019;I;FLEX MAKER PRODUÇÃO E COMERCIO LTDA - ME;FLEX MAKER PRODUÇÃO E COMERCIO LTDA - ME;BRASIL
81989840020;I;FLEX MAKER PRODUÇÃO E COMERCIO LTDA - ME;FLEX MAKER PRODUÇÃO E COMERCIO LTDA - ME;BRASIL
10338760048;I;FLEXIMED COMÉRCIO E SERVIÇOS DE PRODUTOS MEDICOS HOSPITALARES LTDA;Analytical Industries Inc.;ESTADOS UNIDOS DA AMÉRICA
10342310002;I;FLEXOR INDUSTRIA E COMERCIO DE PRODUTOS MEDICO HOSPITALAR LTDA;FLEXOR INDUSTRIA E COMERCIO DE PRODUTOS MEDICO HOSPITALAR LTDA;BRASIL
10342310022;II;FLEXOR INDUSTRIA E COMERCIO DE PRODUTOS MEDICO HOSPITALAR LTDA;FLEXOR INDUSTRIA E COMERCIO DE PRODUTOS MEDICO HOSPITALAR LTDA;BRASIL
10342310023;II;FLEXOR INDUSTRIA E COMERCIO DE PRODUTOS MEDICO HOSPITALAR LTDA;FLEXOR INDUSTRIA E COMERCIO DE PRODUTOS MEDICO HOSPITALAR LTDA;BRASIL
10342310035;I;FLEXOR INDUSTRIA E COMERCIO DE PRODUTOS MEDICO HOSPITALAR LTDA;FLEXOR INDUSTRIA E COMERCIO DE PRODUTOS MEDICO HOSPITALAR LTDA;BRASIL
10342310038;I;FLEXOR INDUSTRIA E COMERCIO DE PRODUTOS MEDICO HOSPITALAR LTDA;FLEXOR INDUSTRIA E COMERCIO DE PRODUTOS MEDICO HOSPITALAR LTDA;BRASIL
10342310039;II;FLEXOR INDUSTRIA E COMERCIO DE PRODUTOS MEDICO HOSPITALAR LTDA;FLEXOR INDUSTRIA E COMERCIO DE PRODUTOS MEDICO HOSPITALAR LTDA;BRASIL
10342310043;I;FLEXOR INDUSTRIA E COMERCIO DE PRODUTOS MEDICO HOSPITALAR LTDA;FLEXOR INDUSTRIA E COMERCIO DE PRODUTOS MEDICO HOSPITALAR LTDA;BRASIL
10342310046;II;FLEXOR INDUSTRIA E COMERCIO DE PRODUTOS MEDICO HOSPITALAR LTDA;FLEXOR INDUSTRIA E COMERCIO DE PRODUTOS MEDICO HOSPITALAR LTDA;BRASIL
10342310048;II;FLEXOR INDUSTRIA E COMERCIO DE PRODUTOS MEDICO HOSPITALAR LTDA;FLEXOR INDUSTRIA E COMERCIO DE PRODUTOS MEDICO HOSPITALAR LTDA;BRASIL
10342310050;II;FLEXOR INDUSTRIA E COMERCIO DE PRODUTOS MEDICO HOSPITALAR LTDA;FLEXOR INDUSTRIA E COMERCIO DE PRODUTOS MEDICO HOSPITALAR LTDA;BRASIL
10342310051;II;FLEXOR INDUSTRIA E COMERCIO DE PRODUTOS MEDICO HOSPITALAR LTDA;FLEXOR INDUSTRIA E COMERCIO DE PRODUTOS MEDICO HOSPITALAR LTDA;BRASIL
10342310052;I;FLEXOR INDUSTRIA E COMERCIO DE PRODUTOS MEDICO HOSPITALAR LTDA;FLEXOR INDUSTRIA E COMERCIO DE PRODUTOS MEDICO HOSPITALAR LTDA;BRASIL
10342310053;II;FLEXOR INDUSTRIA E COMERCIO DE PRODUTOS MEDICO HOSPITALAR LTDA;FLEXOR INDUSTRIA E COMERCIO DE PRODUTOS MEDICO HOSPITALAR LTDA;BRASIL
10342310054;I;FLEXOR INDUSTRIA E COMERCIO DE PRODUTOS MEDICO HOSPITALAR LTDA;FLEXOR INDUSTRIA E COMERCIO DE PRODUTOS MEDICO HOSPITALAR LTDA;BRASIL
10342310055;II;FLEXOR INDUSTRIA E COMERCIO DE PRODUTOS MEDICO HOSPITALAR LTDA;FLEXOR INDUSTRIA E COMERCIO DE PRODUTOS MEDICO HOSPITALAR LTDA;BRASIL
10342310056;II;FLEXOR INDUSTRIA E COMERCIO DE PRODUTOS MEDICO HOSPITALAR LTDA;FLEXOR INDUSTRIA E COMERCIO DE PRODUTOS MEDICO HOSPITALAR LTDA;BRASIL
10342310057;I;FLEXOR INDUSTRIA E COMERCIO DE PRODUTOS MEDICO HOSPITALAR LTDA;FLEXOR INDUSTRIA E COMERCIO DE PRODUTOS MEDICO HOSPITALAR LTDA;BRASIL
10342310058;I;FLEXOR INDUSTRIA E COMERCIO DE PRODUTOS MEDICO HOSPITALAR LTDA;FLEXOR INDUSTRIA E COMERCIO DE PRODUTOS MEDICO HOSPITALAR LTDA;BRASIL
10342310060;I;FLEXOR INDUSTRIA E COMERCIO DE PRODUTOS MEDICO HOSPITALAR LTDA;FLEXOR INDUSTRIA E COMERCIO DE PRODUTOS MEDICO HOSPITALAR LTDA;BRASIL
10342310061;I;FLEXOR INDUSTRIA E COMERCIO DE PRODUTOS MEDICO HOSPITALAR LTDA;FLEXOR INDUSTRIA E COMERCIO DE PRODUTOS MEDICO HOSPITALAR LTDA;BRASIL
10342319017;I;FLEXOR INDUSTRIA E COMERCIO DE PRODUTOS MEDICO HOSPITALAR LTDA;FLEXOR INDUSTRIA E COMERCIO DE PRODUTOS MEDICO HOSPITALAR LTDA;BRASIL
10342319022;I;FLEXOR INDUSTRIA E COMERCIO DE PRODUTOS MEDICO HOSPITALAR LTDA;FLEXOR INDUSTRIA E COMERCIO DE PRODUTOS MEDICO HOSPITALAR LTDA;BRASIL
10342319023;I;FLEXOR INDUSTRIA E COMERCIO DE PRODUTOS MEDICO HOSPITALAR LTDA;FLEXOR INDUSTRIA E COMERCIO DE PRODUTOS MEDICO HOSPITALAR LTDA;BRASIL
10342319024;II;FLEXOR INDUSTRIA E COMERCIO DE PRODUTOS MEDICO HOSPITALAR LTDA;FLEXOR INDUSTRIA E COMERCIO DE PRODUTOS MEDICO HOSPITALAR LTDA;BRASIL
10342319025;II;FLEXOR INDUSTRIA E COMERCIO DE PRODUTOS MEDICO HOSPITALAR LTDA;FLEXOR INDUSTRIA E COMERCIO DE PRODUTOS MEDICO HOSPITALAR LTDA;BRASIL
10342319027;II;FLEXOR INDUSTRIA E COMERCIO DE PRODUTOS MEDICO HOSPITALAR LTDA;FLEXOR INDUSTRIA E COMERCIO DE PRODUTOS MEDICO HOSPITALAR LTDA;BRASIL
10342319028;II;FLEXOR INDUSTRIA E COMERCIO DE PRODUTOS MEDICO HOSPITALAR LTDA;FLEXOR INDUSTRIA E COMERCIO DE PRODUTOS MEDICO HOSPITALAR LTDA;BRASIL
10342319029;II;FLEXOR INDUSTRIA E COMERCIO DE PRODUTOS MEDICO HOSPITALAR LTDA;FLEXOR INDUSTRIA E COMERCIO DE PRODUTOS MEDICO HOSPITALAR LTDA;BRASIL
80719110001;I;FLEXSIV INDUSTRIA COMERCIO EXPORTAÇÃO E IMPORTAÇÃO DE PRODUTOS MÉDICOS E ODONTOLÓGICOS LTDA;FLEXSIV INDUSTRIA COMERCIO EXPORTAÇÃO E IMPORTAÇÃO DE PRODUTOS MÉDICOS E ODONTOLÓGICOS LTDA;BRASIL
80719110002;I;FLEXSIV INDUSTRIA COMERCIO EXPORTAÇÃO E IMPORTAÇÃO DE PRODUTOS MÉDICOS E ODONTOLÓGICOS LTDA;FLEXSIV INDUSTRIA COMERCIO EXPORTAÇÃO E IMPORTAÇÃO DE PRODUTOS MÉDICOS E ODONTOLÓGICOS LTDA;BRASIL
80719110003;I;FLEXSIV INDUSTRIA COMERCIO EXPORTAÇÃO E IMPORTAÇÃO DE PRODUTOS MÉDICOS E ODONTOLÓGICOS LTDA;FLEXSIV INDUSTRIA COMERCIO EXPORTAÇÃO E IMPORTAÇÃO DE PRODUTOS MÉDICOS E ODONTOLÓGICOS LTDA;BRASIL
80719110004;I;FLEXSIV INDUSTRIA COMERCIO EXPORTAÇÃO E IMPORTAÇÃO DE PRODUTOS MÉDICOS E ODONTOLÓGICOS LTDA;FLEXSIV INDUSTRIA COMERCIO EXPORTAÇÃO E IMPORTAÇÃO DE PRODUTOS MÉDICOS E ODONTOLÓGICOS LTDA;BRASIL
80719110005;I;FLEXSIV INDUSTRIA COMERCIO EXPORTAÇÃO E IMPORTAÇÃO DE PRODUTOS MÉDICOS E ODONTOLÓGICOS LTDA;FLEXSIV INDUSTRIA COMERCIO EXPORTAÇÃO E IMPORTAÇÃO DE PRODUTOS MÉDICOS E ODONTOLÓGICOS LTDA;BRASIL
80719110006;I;FLEXSIV INDUSTRIA COMERCIO EXPORTAÇÃO E IMPORTAÇÃO DE PRODUTOS MÉDICOS E ODONTOLÓGICOS LTDA;FLEXSIV INDUSTRIA COMERCIO EXPORTAÇÃO E IMPORTAÇÃO DE PRODUTOS MÉDICOS E ODONTOLÓGICOS LTDA;BRASIL
80719110008;I;FLEXSIV INDUSTRIA COMERCIO EXPORTAÇÃO E IMPORTAÇÃO DE PRODUTOS MÉDICOS E ODONTOLÓGICOS LTDA;FLEXSIV INDUSTRIA COMERCIO EXPORTAÇÃO E IMPORTAÇÃO DE PRODUTOS MÉDICOS E ODONTOLÓGICOS LTDA;BRASIL
80719110009;I;FLEXSIV INDUSTRIA COMERCIO EXPORTAÇÃO E IMPORTAÇÃO DE PRODUTOS MÉDICOS E ODONTOLÓGICOS LTDA;FLEXSIV INDUSTRIA COMERCIO EXPORTAÇÃO E IMPORTAÇÃO DE PRODUTOS MÉDICOS E ODONTOLÓGICOS LTDA;BRASIL
80719110010;I;FLEXSIV INDUSTRIA COMERCIO EXPORTAÇÃO E IMPORTAÇÃO DE PRODUTOS MÉDICOS E ODONTOLÓGICOS LTDA;FLEXSIV INDUSTRIA COMERCIO EXPORTAÇÃO E IMPORTAÇÃO DE PRODUTOS MÉDICOS E ODONTOLÓGICOS LTDA;BRASIL
80719110011;I;FLEXSIV INDUSTRIA COMERCIO EXPORTAÇÃO E IMPORTAÇÃO DE PRODUTOS MÉDICOS E ODONTOLÓGICOS LTDA;FLEXSIV INDUSTRIA COMERCIO EXPORTAÇÃO E IMPORTAÇÃO DE PRODUTOS MÉDICOS E ODONTOLÓGICOS LTDA;BRASIL
80719110015;II;FLEXSIV INDUSTRIA COMERCIO EXPORTAÇÃO E IMPORTAÇÃO DE PRODUTOS MÉDICOS E ODONTOLÓGICOS LTDA;FLEXSIV INDUSTRIA COMERCIO EXPORTAÇÃO E IMPORTAÇÃO DE PRODUTOS MÉDICOS E ODONTOLÓGICOS LTDA;BRASIL
80719119001;I;FLEXSIV INDUSTRIA COMERCIO EXPORTAÇÃO E IMPORTAÇÃO DE PRODUTOS MÉDICOS E ODONTOLÓGICOS LTDA;FLEXSIV INDUSTRIA COMERCIO EXPORTAÇÃO E IMPORTAÇÃO DE PRODUTOS MÉDICOS E ODONTOLÓGICOS LTDA;BRASIL
80719119002;I;FLEXSIV INDUSTRIA COMERCIO EXPORTAÇÃO E IMPORTAÇÃO DE PRODUTOS MÉDICOS E ODONTOLÓGICOS LTDA;FLEXSIV INDUSTRIA COMERCIO EXPORTAÇÃO E IMPORTAÇÃO DE PRODUTOS MÉDICOS E ODONTOLÓGICOS LTDA;BRASIL
80719119003;II;FLEXSIV INDUSTRIA COMERCIO EXPORTAÇÃO E IMPORTAÇÃO DE PRODUTOS MÉDICOS E ODONTOLÓGICOS LTDA;FLEXSIV INDUSTRIA COMERCIO EXPORTAÇÃO E IMPORTAÇÃO DE PRODUTOS MÉDICOS E ODONTOLÓGICOS LTDA;BRASIL
80719119005;II;FLEXSIV INDUSTRIA COMERCIO EXPORTAÇÃO E IMPORTAÇÃO DE PRODUTOS MÉDICOS E ODONTOLÓGICOS LTDA;FLEXSIV INDUSTRIA COMERCIO EXPORTAÇÃO E IMPORTAÇÃO DE PRODUTOS MÉDICOS E ODONTOLÓGICOS LTDA;BRASIL
82206450001;I;FLMED REPRESENTACAO E COMERCIO DE MEDICAMENTOS LTDA;FLMED REPRESENTACAO E COMERCIO DE MEDICAMENTOS LTDA;BRASIL
82206450002;I;FLMED REPRESENTACAO E COMERCIO DE MEDICAMENTOS LTDA;FLMED REPRESENTACAO E COMERCIO DE MEDICAMENTOS LTDA;BRASIL
81008610002;I;FNL COMÉRCIO DE SUPRIMENTOS LTDA;LIFESTREAM PHARMA;BÉLGICA
81008610003;I;FNL COMÉRCIO DE SUPRIMENTOS LTDA;LIFESTREAM PHARMA NV;BÉLGICA
81008610004;I;FNL COMÉRCIO DE SUPRIMENTOS LTDA;LIFESTREAM PHARMA NV;BÉLGICA
80344710020;I;FOCCUS MEDICAL EQUIPAMENTOS MEDICOS LTDA;ANTON HIPP GMBH;ALEMANHA
80344710021;II;FOCCUS MEDICAL EQUIPAMENTOS MEDICOS LTDA;ANTON HIPP GMBH;ALEMANHA
80344710023;II;FOCCUS MEDICAL EQUIPAMENTOS MEDICOS LTDA;ANTON HIPP GMBH;ALEMANHA
80344710024;II;FOCCUS MEDICAL EQUIPAMENTOS MEDICOS LTDA;ANTON HIPP GMBH;ALEMANHA
80344710030;IV;FOCCUS MEDICAL EQUIPAMENTOS MEDICOS LTDA;;
80344710030;IV;FOCCUS MEDICAL EQUIPAMENTOS MEDICOS LTDA;European Medical Contract Manufacturing (E.M.C.M.) B.V.;HOLANDA (PAÍSES BAIXOS)
80344710036;III;FOCCUS MEDICAL EQUIPAMENTOS MEDICOS LTDA;;
80344710036;III;FOCCUS MEDICAL EQUIPAMENTOS MEDICOS LTDA;EUROPEAN MEDICAL CONTRACT MANUFACTURING BV;HOLANDA (PAÍSES BAIXOS)
80344710054;III;FOCCUS MEDICAL EQUIPAMENTOS MEDICOS LTDA;;
80344710054;III;FOCCUS MEDICAL EQUIPAMENTOS MEDICOS LTDA;ANTON HIPP GMBH;ALEMANHA
80639509001;I;FOCUS - INDUSTRIA, COMERCIO, IMPORTACAO E EXPORTACAO DE PRODUTOS ORTOPEDICOS LTDA - ME;FOCUS - INDUSTRIA, COMERCIO, IMPORTACAO E EXPORTACAO DE PRODUTOS ORTOPEDICOS LTDA - ME;BRASIL
80639509002;I;FOCUS - INDUSTRIA, COMERCIO, IMPORTACAO E EXPORTACAO DE PRODUTOS ORTOPEDICOS LTDA - ME;FOCUS - INDUSTRIA, COMERCIO, IMPORTACAO E EXPORTACAO DE PRODUTOS ORTOPEDICOS LTDA - ME;BRASIL
81170390002;I;focus oftal industria e comercio de instrumentos cirurgicos ltda - me;focus oftal industria e comercio de instrumentos cirurgicos ltda - me;BRASIL
81170390003;I;focus oftal industria e comercio de instrumentos cirurgicos ltda - me;focus oftal industria e comercio de instrumentos cirurgicos ltda - me;BRASIL
82058970001;I;FOLLOW MED DISTRIBUIDORA DE PRODUTOS MEDICOS LTDA;ONEG HAKARMEL LTD. (OHK MEDICAL DEVICES);ISRAEL
81499610001;I;FOLMED MATERIAIS PARA MEDICINA E ODONTOLOGIA LTDA- ME;FOLMED MATERIAIS PARA MEDICINA E ODONTOLOGIA LTDA- ME;BRASIL
81499610002;I;FOLMED MATERIAIS PARA MEDICINA E ODONTOLOGIA LTDA- ME;FOLMED MATERIAIS PARA MEDICINA E ODONTOLOGIA LTDA- ME;BRASIL
81499610004;I;FOLMED MATERIAIS PARA MEDICINA E ODONTOLOGIA LTDA- ME;FOLMED MATERIAIS PARA MEDICINA E ODONTOLOGIA LTDA- ME;BRASIL
82372909001;II;FONSECA E RABELO PRODUTOS MÉDICOS E ODONTOLÓGICOS LTDA;ZHENJIANG HUAFU MEDICAL EQUIPMENT CO.,LTD;CHINA, REPÚBLICA POPULAR
82372909002;II;FONSECA E RABELO PRODUTOS MÉDICOS E ODONTOLÓGICOS LTDA;ZHENJIANG HUAFU MEDICAL EQUIPMENT CO.,LTD;CHINA, REPÚBLICA POPULAR
81169820005;I;For Health Soluções Especializadas;SILFRADENT S.R.L.;ITÁLIA
82519430001;I;FOR MEDICAL INDUSTRIA E COMERCIO DE ARTIGOS E UTENSILIOS MEDICOS LTDA;FOR MEDICAL INDUSTRIA E COMERCIO DE ARTIGOS E UTENSILIOS MEDICOS LTDA;BRASIL
81667850001;I;FORCE MEDICAL INDUSTRIA E DISTRIBUIDORA LTDA;FORCE MEDICAL INDUSTRIA E DISTRIBUIDORA LTDA;BRASIL
81667850002;I;FORCE MEDICAL INDUSTRIA E DISTRIBUIDORA LTDA;FORCE MEDICAL INDUSTRIA E DISTRIBUIDORA LTDA;BRASIL
81667850003;I;FORCE MEDICAL INDUSTRIA E DISTRIBUIDORA LTDA;FORCE MEDICAL INDUSTRIA E DISTRIBUIDORA LTDA;BRASIL
81667850004;I;FORCE MEDICAL INDUSTRIA E DISTRIBUIDORA LTDA;FORCE MEDICAL INDUSTRIA E DISTRIBUIDORA LTDA;BRASIL
81667850005;I;FORCE MEDICAL INDUSTRIA E DISTRIBUIDORA LTDA;FORCE MEDICAL INDUSTRIA E DISTRIBUIDORA LTDA;BRASIL
81667850006;I;FORCE MEDICAL INDUSTRIA E DISTRIBUIDORA LTDA;FORCE MEDICAL INDUSTRIA E DISTRIBUIDORA LTDA;BRASIL
80526540001;II;FORMADEN INDÚSTRIA E COMÉRCIO LTDA - ME;FORMADEN INDÚSTRIA E COMÉRCIO LTDA - ME;BRASIL
80526549002;I;FORMADEN INDÚSTRIA E COMÉRCIO LTDA - ME;FORMADEN INDÚSTRIA E COMÉRCIO LTDA - ME;BRASIL
80279420046;II;FORMED - COMERCIO DE PRODUTOS MEDICOS E COSMETICOS LTDA;LEXEL SRL;ARGENTINA
80279420048;II;FORMED - COMERCIO DE PRODUTOS MEDICOS E COSMETICOS LTDA;XIAN KAYDEE MEDICAL APPLIANCES CO,. LTD;CHINA, REPÚBLICA POPULAR
80279421051;IV;FORMED - COMERCIO DE PRODUTOS MEDICOS E COSMETICOS LTDA;;
80279421051;IV;FORMED - COMERCIO DE PRODUTOS MEDICOS E COSMETICOS LTDA;ACANDIS GMBH;ALEMANHA
80279421055;II;FORMED - COMERCIO DE PRODUTOS MEDICOS E COSMETICOS LTDA;LEPU MEDICAL TECHNOLOGY (BEIJING ) CO., LTD.;CHINA, REPÚBLICA POPULAR
80279421056;II;FORMED - COMERCIO DE PRODUTOS MEDICOS E COSMETICOS LTDA;BEIJING TARGET MEDICAL TECHNOLOGIES INC;CHINA, REPÚBLICA POPULAR
80279421057;II;FORMED - COMERCIO DE PRODUTOS MEDICOS E COSMETICOS LTDA;LEPU MEDICAL TECHNOLOGY (BEIJING) CO., LTD;CHINA, REPÚBLICA POPULAR
80279421058;II;FORMED - COMERCIO DE PRODUTOS MEDICOS E COSMETICOS LTDA;LEPU MEDICAL TECHNOLOGY (BEIJING) CO., LTD;CHINA, REPÚBLICA POPULAR
80279421060;IV;FORMED - COMERCIO DE PRODUTOS MEDICOS E COSMETICOS LTDA;;
80279421060;IV;FORMED - COMERCIO DE PRODUTOS MEDICOS E COSMETICOS LTDA;Acandis GmbH & Co. KG;ALEMANHA
80279421061;IV;FORMED - COMERCIO DE PRODUTOS MEDICOS E COSMETICOS LTDA;;
80279421061;IV;FORMED - COMERCIO DE PRODUTOS MEDICOS E COSMETICOS LTDA;Acandis GmbH & Co. KG;ALEMANHA
80279421066;IV;FORMED - COMERCIO DE PRODUTOS MEDICOS E COSMETICOS LTDA;;
80279421066;IV;FORMED - COMERCIO DE PRODUTOS MEDICOS E COSMETICOS LTDA;ACANDIS GMBH;ALEMANHA
80279421067;IV;FORMED - COMERCIO DE PRODUTOS MEDICOS E COSMETICOS LTDA;;
80279421067;IV;FORMED - COMERCIO DE PRODUTOS MEDICOS E COSMETICOS LTDA;Acandis GmbH & Co. KG;ALEMANHA
80279421074;II;FORMED - COMERCIO DE PRODUTOS MEDICOS E COSMETICOS LTDA;LEXEL SRL;ARGENTINA
80279421081;III;FORMED - COMERCIO DE PRODUTOS MEDICOS E COSMETICOS LTDA;;
80279421081;III;FORMED - COMERCIO DE PRODUTOS MEDICOS E COSMETICOS LTDA;F CARE SYSTEMS NV;BÉLGICA
80279421084;III;FORMED - COMERCIO DE PRODUTOS MEDICOS E COSMETICOS LTDA;;
80279421084;III;FORMED - COMERCIO DE PRODUTOS MEDICOS E COSMETICOS LTDA;F CARE SYSTEMS NV;BÉLGICA
80279421087;IV;FORMED - COMERCIO DE PRODUTOS MEDICOS E COSMETICOS LTDA;;
80279421087;IV;FORMED - COMERCIO DE PRODUTOS MEDICOS E COSMETICOS LTDA;Acandis GmbH & Co. KG;ALEMANHA
80279421095;IV;FORMED - COMERCIO DE PRODUTOS MEDICOS E COSMETICOS LTDA;;
80279421095;IV;FORMED - COMERCIO DE PRODUTOS MEDICOS E COSMETICOS LTDA;ACANDIS GMBH;ALEMANHA
80279421096;I;FORMED - COMERCIO DE PRODUTOS MEDICOS E COSMETICOS LTDA;MERA MEDICAL SOLUTIONS, S.L.;ESPANHA
80279421097;IV;FORMED - COMERCIO DE PRODUTOS MEDICOS E COSMETICOS LTDA;;
80279421097;IV;FORMED - COMERCIO DE PRODUTOS MEDICOS E COSMETICOS LTDA;ACANDIS GMBH;ALEMANHA
80279421098;III;FORMED - COMERCIO DE PRODUTOS MEDICOS E COSMETICOS LTDA;;
80279421098;III;FORMED - COMERCIO DE PRODUTOS MEDICOS E COSMETICOS LTDA;IBERHOSPITEX, S.A;ESPANHA
80279421099;IV;FORMED - COMERCIO DE PRODUTOS MEDICOS E COSMETICOS LTDA;;
80279421099;IV;FORMED - COMERCIO DE PRODUTOS MEDICOS E COSMETICOS LTDA;IBERHOSPITEX, S.A;ESPANHA
80279421101;IV;FORMED - COMERCIO DE PRODUTOS MEDICOS E COSMETICOS LTDA;;
80279421101;IV;FORMED - COMERCIO DE PRODUTOS MEDICOS E COSMETICOS LTDA;ACANDIS GMBH;ALEMANHA
80279421102;IV;FORMED - COMERCIO DE PRODUTOS MEDICOS E COSMETICOS LTDA;;
80279421102;IV;FORMED - COMERCIO DE PRODUTOS MEDICOS E COSMETICOS LTDA;IBERHOSPITEX, S.A;ESPANHA
80279421103;IV;FORMED - COMERCIO DE PRODUTOS MEDICOS E COSMETICOS LTDA;;
80279421103;IV;FORMED - COMERCIO DE PRODUTOS MEDICOS E COSMETICOS LTDA;ACANDIS GMBH;ALEMANHA
80279421104;IV;FORMED - COMERCIO DE PRODUTOS MEDICOS E COSMETICOS LTDA;;
80279421104;IV;FORMED - COMERCIO DE PRODUTOS MEDICOS E COSMETICOS LTDA;ACANDIS GMBH;ALEMANHA
80279429014;II;FORMED - COMERCIO DE PRODUTOS MEDICOS E COSMETICOS LTDA;BEIJING LEPU MEDICAL TECHNOLOGY CO., LTD.;CHINA, REPÚBLICA POPULAR
80279429015;II;FORMED - COMERCIO DE PRODUTOS MEDICOS E COSMETICOS LTDA;BEIJING LEPU MEDICAL TECHNOLOGY CO., LTD.;CHINA, REPÚBLICA POPULAR
82099280001;I;fort flex comercial ltda.;SWORD XIANTAO DISPOSABLE PROTECTIVE PRODUCTS FACTORY;CHINA, REPÚBLICA POPULAR
82099280002;I;fort flex comercial ltda.;SWORD XIANTAO DISPOSABLE PROTECTIVE PRODUCTS FACTORY;CHINA, REPÚBLICA POPULAR
82099280003;I;fort flex comercial ltda.;WUHAN HEALTHWELL IMP&EXP TRADING CO., LTD;CHINA, REPÚBLICA POPULAR
82099280004;I;fort flex comercial ltda.;WUHAN HEALTHWELL IMP&EXP TRADING CO., LTD;CHINA, REPÚBLICA POPULAR
82099280005;I;fort flex comercial ltda.;WUHAN HEALTHWELL IMP&EXP TRADING CO., LTD;CHINA, REPÚBLICA POPULAR
82099280006;I;fort flex comercial ltda.;Intco Medical (HK) Co., LTD.;CHINA, REPÚBLICA POPULAR
82099280007;I;fort flex comercial ltda.;SWORD XIANTAO DISPOSABLE PROTECTIVE PRODUCTS FACTORY;CHINA, REPÚBLICA POPULAR
82099280008;I;fort flex comercial ltda.;WUHAN HEALTHWELL IMP&EXP TRADING CO., LTD;CHINA, REPÚBLICA POPULAR
82099280009;I;fort flex comercial ltda.;SWORD XIANTAO DISPOSABLE PROTECTIVE PRODUCTS FACTORY;CHINA, REPÚBLICA POPULAR
82099280010;I;fort flex comercial ltda.;WUHAN HEALTHWELL IMP&EXP TRADING CO., LTD;CHINA, REPÚBLICA POPULAR
82099280011;I;fort flex comercial ltda.;ZHEJIANG HONGYU MEDICAL COMMODITY CO., LTD;CHINA, REPÚBLICA POPULAR
82099280012;I;fort flex comercial ltda.;QUZHOU GLORY SAFETY CLOTHING CO. LTD;CHINA, REPÚBLICA POPULAR
82099280013;I;fort flex comercial ltda.;XIANTAO XINGRONG PROTECTIVE PRODUCTS CO., LTD;CHINA, REPÚBLICA POPULAR
82099280014;I;fort flex comercial ltda.;XIANTAO XINGRONG PROTECTIVE PRODUCTS CO., LTD;CHINA, REPÚBLICA POPULAR
81474190001;I;FORTCLEAN COMÉRCIO DE PRODUTOS TEXTEIS LTDA - EPP;FORTCLEAN COMÉRCIO DE PRODUTOS TEXTEIS LTDA - EPP;BRASIL
81474190002;I;FORTCLEAN COMÉRCIO DE PRODUTOS TEXTEIS LTDA - EPP;FORTCLEAN COMÉRCIO DE PRODUTOS TEXTEIS LTDA - EPP;BRASIL
81474190003;I;FORTCLEAN COMÉRCIO DE PRODUTOS TEXTEIS LTDA - EPP;FORTCLEAN COMÉRCIO DE PRODUTOS TEXTEIS LTDA - EPP;BRASIL
81474190004;I;FORTCLEAN COMÉRCIO DE PRODUTOS TEXTEIS LTDA - EPP;FORTCLEAN COMÉRCIO DE PRODUTOS TEXTEIS LTDA - EPP;BRASIL
81474190006;I;FORTCLEAN COMÉRCIO DE PRODUTOS TEXTEIS LTDA - EPP;FORTCLEAN COMÉRCIO DE PRODUTOS TEXTEIS LTDA - EPP;BRASIL
81474190008;II;FORTCLEAN COMÉRCIO DE PRODUTOS TEXTEIS LTDA - EPP;FORTCLEAN COMÉRCIO DE PRODUTOS TEXTEIS LTDA - EPP;BRASIL
81474190009;II;FORTCLEAN COMÉRCIO DE PRODUTOS TEXTEIS LTDA - EPP;FORTCLEAN COMÉRCIO DE PRODUTOS TEXTEIS LTDA - EPP;BRASIL
81474190010;II;FORTCLEAN COMÉRCIO DE PRODUTOS TEXTEIS LTDA - EPP;FORTCLEAN COMÉRCIO DE PRODUTOS TEXTEIS LTDA - EPP;BRASIL
81474190012;I;FORTCLEAN COMÉRCIO DE PRODUTOS TEXTEIS LTDA - EPP;FORTCLEAN COMÉRCIO DE PRODUTOS TEXTEIS LTDA - EPP;BRASIL
81474190014;I;FORTCLEAN COMÉRCIO DE PRODUTOS TEXTEIS LTDA - EPP;FORTCLEAN COMÉRCIO DE PRODUTOS TEXTEIS LTDA - EPP;BRASIL
81474190015;I;FORTCLEAN COMÉRCIO DE PRODUTOS TEXTEIS LTDA - EPP;FORTCLEAN COMÉRCIO DE PRODUTOS TEXTEIS LTDA - EPP;BRASIL
81474190016;I;FORTCLEAN COMÉRCIO DE PRODUTOS TEXTEIS LTDA - EPP;FORTCLEAN COMÉRCIO DE PRODUTOS TEXTEIS LTDA - EPP;BRASIL
81474190017;I;FORTCLEAN COMÉRCIO DE PRODUTOS TEXTEIS LTDA - EPP;FORTCLEAN COMÉRCIO DE PRODUTOS TEXTEIS LTDA - EPP;BRASIL
81474190018;I;FORTCLEAN COMÉRCIO DE PRODUTOS TEXTEIS LTDA - EPP;FORTCLEAN COMÉRCIO DE PRODUTOS TEXTEIS LTDA - EPP;BRASIL
81474199001;II;FORTCLEAN COMÉRCIO DE PRODUTOS TEXTEIS LTDA - EPP;FORTCLEAN COMÉRCIO DE PRODUTOS TEXTEIS LTDA - EPP;BRASIL
82453690001;I;FORTCLEAN INDUSTRIA TEXTIL LTDA;FORTCLEAN INDUSTRIA TEXTIL LTDA;BRASIL
82453690003;I;FORTCLEAN INDUSTRIA TEXTIL LTDA;FORTCLEAN INDUSTRIA TEXTIL LTDA;BRASIL
82453699001;II;FORTCLEAN INDUSTRIA TEXTIL LTDA;FORTCLEAN INDUSTRIA TEXTIL LTDA;BRASIL
82453699002;II;FORTCLEAN INDUSTRIA TEXTIL LTDA;FORTCLEAN INDUSTRIA TEXTIL LTDA;BRASIL
82453699003;II;FORTCLEAN INDUSTRIA TEXTIL LTDA;FORTCLEAN INDUSTRIA TEXTIL LTDA;BRASIL
82453699004;II;FORTCLEAN INDUSTRIA TEXTIL LTDA;FORTCLEAN INDUSTRIA TEXTIL LTDA;BRASIL
82453699006;II;FORTCLEAN INDUSTRIA TEXTIL LTDA;FORTCLEAN INDUSTRIA TEXTIL LTDA;BRASIL
82453699007;II;FORTCLEAN INDUSTRIA TEXTIL LTDA;FORTCLEAN INDUSTRIA TEXTIL LTDA;BRASIL
82453699008;II;FORTCLEAN INDUSTRIA TEXTIL LTDA;FORTCLEAN INDUSTRIA TEXTIL LTDA;BRASIL
82453699012;II;FORTCLEAN INDUSTRIA TEXTIL LTDA;FORTCLEAN INDUSTRIA TEXTIL LTDA;BRASIL
80463910002;II;FORTECARE INDÚSTRIA DE PRODUTOS MÉDICOS LTDA;FORTECARE INDÚSTRIA DE PRODUTOS MÉDICOS LTDA;BRASIL
80463910003;II;FORTECARE INDÚSTRIA DE PRODUTOS MÉDICOS LTDA;FORTECARE INDÚSTRIA DE PRODUTOS MÉDICOS LTDA;BRASIL
80463910028;II;FORTECARE INDÚSTRIA DE PRODUTOS MÉDICOS LTDA;FORTECARE INDÚSTRIA DE PRODUTOS MÉDICOS LTDA;BRASIL
80463910029;II;FORTECARE INDÚSTRIA DE PRODUTOS MÉDICOS LTDA;FORTECARE INDÚSTRIA DE PRODUTOS MÉDICOS LTDA;BRASIL
80463910032;II;FORTECARE INDÚSTRIA DE PRODUTOS MÉDICOS LTDA;FORTECARE INDÚSTRIA DE PRODUTOS MÉDICOS LTDA;BRASIL
80463910034;II;FORTECARE INDÚSTRIA DE PRODUTOS MÉDICOS LTDA;FORTECARE INDÚSTRIA DE PRODUTOS MÉDICOS LTDA;BRASIL
80463910036;II;FORTECARE INDÚSTRIA DE PRODUTOS MÉDICOS LTDA;FORTECARE INDÚSTRIA DE PRODUTOS MÉDICOS LTDA;BRASIL
80463910039;I;FORTECARE INDÚSTRIA DE PRODUTOS MÉDICOS LTDA;FORTECARE INDÚSTRIA DE PRODUTOS MÉDICOS LTDA;BRASIL
80463910041;II;FORTECARE INDÚSTRIA DE PRODUTOS MÉDICOS LTDA;FORTECARE INDÚSTRIA DE PRODUTOS MÉDICOS LTDA;BRASIL
80463910043;I;FORTECARE INDÚSTRIA DE PRODUTOS MÉDICOS LTDA;FORTECARE INDÚSTRIA DE PRODUTOS MÉDICOS LTDA;BRASIL
80463910044;I;FORTECARE INDÚSTRIA DE PRODUTOS MÉDICOS LTDA;FORTECARE INDÚSTRIA DE PRODUTOS MÉDICOS LTDA;BRASIL
80463910046;I;FORTECARE INDÚSTRIA DE PRODUTOS MÉDICOS LTDA;FORTECARE INDÚSTRIA DE PRODUTOS MÉDICOS LTDA;BRASIL
80463910049;I;FORTECARE INDÚSTRIA DE PRODUTOS MÉDICOS LTDA;FORTECARE INDÚSTRIA DE PRODUTOS MÉDICOS LTDA;BRASIL
80463910050;I;FORTECARE INDÚSTRIA DE PRODUTOS MÉDICOS LTDA;FORTECARE INDÚSTRIA DE PRODUTOS MÉDICOS LTDA;BRASIL
80463910051;I;FORTECARE INDÚSTRIA DE PRODUTOS MÉDICOS LTDA;FORTECARE INDÚSTRIA DE PRODUTOS MÉDICOS LTDA;BRASIL
80463910057;II;FORTECARE INDÚSTRIA DE PRODUTOS MÉDICOS LTDA;FORTECARE INDÚSTRIA DE PRODUTOS MÉDICOS LTDA;BRASIL
80463910062;II;FORTECARE INDÚSTRIA DE PRODUTOS MÉDICOS LTDA;FORTECARE INDÚSTRIA DE PRODUTOS MÉDICOS LTDA;BRASIL
80463910063;II;FORTECARE INDÚSTRIA DE PRODUTOS MÉDICOS LTDA;FORTECARE INDÚSTRIA DE PRODUTOS MÉDICOS LTDA;BRASIL
80463910064;II;FORTECARE INDÚSTRIA DE PRODUTOS MÉDICOS LTDA;FORTECARE INDÚSTRIA DE PRODUTOS MÉDICOS LTDA;BRASIL
80463910066;II;FORTECARE INDÚSTRIA DE PRODUTOS MÉDICOS LTDA;FORTECARE INDÚSTRIA DE PRODUTOS MÉDICOS LTDA;BRASIL
80463910067;II;FORTECARE INDÚSTRIA DE PRODUTOS MÉDICOS LTDA;FORTECARE INDÚSTRIA DE PRODUTOS MÉDICOS LTDA;BRASIL
80463910068;I;FORTECARE INDÚSTRIA DE PRODUTOS MÉDICOS LTDA;FORTECARE INDÚSTRIA DE PRODUTOS MÉDICOS LTDA;BRASIL
80463910069;II;FORTECARE INDÚSTRIA DE PRODUTOS MÉDICOS LTDA;FORTECARE INDÚSTRIA DE PRODUTOS MÉDICOS LTDA;BRASIL
80463910070;II;FORTECARE INDÚSTRIA DE PRODUTOS MÉDICOS LTDA;FORTECARE INDÚSTRIA DE PRODUTOS MÉDICOS LTDA;BRASIL
80463910071;II;FORTECARE INDÚSTRIA DE PRODUTOS MÉDICOS LTDA;FORTECARE INDÚSTRIA DE PRODUTOS MÉDICOS LTDA;BRASIL
80463910072;II;FORTECARE INDÚSTRIA DE PRODUTOS MÉDICOS LTDA;FORTECARE INDÚSTRIA DE PRODUTOS MÉDICOS LTDA;BRASIL
80463910074;II;FORTECARE INDÚSTRIA DE PRODUTOS MÉDICOS LTDA;FORTECARE INDÚSTRIA DE PRODUTOS MÉDICOS LTDA;BRASIL
80463910075;III;FORTECARE INDÚSTRIA DE PRODUTOS MÉDICOS LTDA;;
80463910075;III;FORTECARE INDÚSTRIA DE PRODUTOS MÉDICOS LTDA;BAIN MEDICAL EQUIPMENT (GUANGHZOU) CO., LTD.;CHINA, REPÚBLICA POPULAR
80463910077;III;FORTECARE INDÚSTRIA DE PRODUTOS MÉDICOS LTDA;;
80463910077;III;FORTECARE INDÚSTRIA DE PRODUTOS MÉDICOS LTDA;BAIN MEDICAL EQUIPMENT (GUANGHZOU) CO., LTD.;CHINA, REPÚBLICA POPULAR
80463919006;II;FORTECARE INDÚSTRIA DE PRODUTOS MÉDICOS LTDA;FORTECARE INDÚSTRIA DE PRODUTOS MÉDICOS LTDA;BRASIL
80463919007;II;FORTECARE INDÚSTRIA DE PRODUTOS MÉDICOS LTDA;FORTECARE INDÚSTRIA DE PRODUTOS MÉDICOS LTDA;BRASIL
80463919008;II;FORTECARE INDÚSTRIA DE PRODUTOS MÉDICOS LTDA;FORTECARE INDÚSTRIA DE PRODUTOS MÉDICOS LTDA;BRASIL
80463919009;II;FORTECARE INDÚSTRIA DE PRODUTOS MÉDICOS LTDA;FORTECARE INDÚSTRIA DE PRODUTOS MÉDICOS LTDA;BRASIL
80463919010;II;FORTECARE INDÚSTRIA DE PRODUTOS MÉDICOS LTDA;FORTECARE INDÚSTRIA DE PRODUTOS MÉDICOS LTDA;BRASIL
80463919011;II;FORTECARE INDÚSTRIA DE PRODUTOS MÉDICOS LTDA;FORTECARE INDÚSTRIA DE PRODUTOS MÉDICOS LTDA;BRASIL
80463919012;II;FORTECARE INDÚSTRIA DE PRODUTOS MÉDICOS LTDA;FORTECARE INDÚSTRIA DE PRODUTOS MÉDICOS LTDA;BRASIL
80463919013;II;FORTECARE INDÚSTRIA DE PRODUTOS MÉDICOS LTDA;FORTECARE INDÚSTRIA DE PRODUTOS MÉDICOS LTDA;BRASIL
80463919016;II;FORTECARE INDÚSTRIA DE PRODUTOS MÉDICOS LTDA;FORTECARE INDÚSTRIA DE PRODUTOS MÉDICOS LTDA;BRASIL
80463919017;II;FORTECARE INDÚSTRIA DE PRODUTOS MÉDICOS LTDA;FORTECARE INDÚSTRIA DE PRODUTOS MÉDICOS LTDA;BRASIL
80463919018;II;FORTECARE INDÚSTRIA DE PRODUTOS MÉDICOS LTDA;FORTECARE INDÚSTRIA DE PRODUTOS MÉDICOS LTDA;BRASIL
80463919019;II;FORTECARE INDÚSTRIA DE PRODUTOS MÉDICOS LTDA;FORTECARE INDÚSTRIA DE PRODUTOS MÉDICOS LTDA;BRASIL
80463919020;II;FORTECARE INDÚSTRIA DE PRODUTOS MÉDICOS LTDA;FORTECARE INDÚSTRIA DE PRODUTOS MÉDICOS LTDA;BRASIL
80463919023;II;FORTECARE INDÚSTRIA DE PRODUTOS MÉDICOS LTDA;FORTECARE INDÚSTRIA DE PRODUTOS MÉDICOS LTDA;BRASIL
80463919024;II;FORTECARE INDÚSTRIA DE PRODUTOS MÉDICOS LTDA;FORTECARE INDÚSTRIA DE PRODUTOS MÉDICOS LTDA;BRASIL
80463919025;II;FORTECARE INDÚSTRIA DE PRODUTOS MÉDICOS LTDA;FORTECARE INDÚSTRIA DE PRODUTOS MÉDICOS LTDA;BRASIL
80463919026;II;FORTECARE INDÚSTRIA DE PRODUTOS MÉDICOS LTDA;FORTECARE INDÚSTRIA DE PRODUTOS MÉDICOS LTDA;BRASIL
80463919029;II;FORTECARE INDÚSTRIA DE PRODUTOS MÉDICOS LTDA;FORTECARE INDÚSTRIA DE PRODUTOS MÉDICOS LTDA;BRASIL
80463919030;II;FORTECARE INDÚSTRIA DE PRODUTOS MÉDICOS LTDA;FORTECARE INDÚSTRIA DE PRODUTOS MÉDICOS LTDA;BRASIL
80463919031;II;FORTECARE INDÚSTRIA DE PRODUTOS MÉDICOS LTDA;FORTECARE INDÚSTRIA DE PRODUTOS MÉDICOS LTDA;BRASIL
80463919032;II;FORTECARE INDÚSTRIA DE PRODUTOS MÉDICOS LTDA;FORTECARE INDÚSTRIA DE PRODUTOS MÉDICOS LTDA;BRASIL
80463919033;II;FORTECARE INDÚSTRIA DE PRODUTOS MÉDICOS LTDA;FORTECARE INDÚSTRIA DE PRODUTOS MÉDICOS LTDA;BRASIL
80463919034;II;FORTECARE INDÚSTRIA DE PRODUTOS MÉDICOS LTDA;FORTECARE INDÚSTRIA DE PRODUTOS MÉDICOS LTDA;BRASIL
80463919035;II;FORTECARE INDÚSTRIA DE PRODUTOS MÉDICOS LTDA;FORTECARE INDÚSTRIA DE PRODUTOS MÉDICOS LTDA;BRASIL
80463919036;II;FORTECARE INDÚSTRIA DE PRODUTOS MÉDICOS LTDA;FORTECARE INDÚSTRIA DE PRODUTOS MÉDICOS LTDA;BRASIL
80463919037;II;FORTECARE INDÚSTRIA DE PRODUTOS MÉDICOS LTDA;FORTECARE INDÚSTRIA DE PRODUTOS MÉDICOS LTDA;BRASIL
80463919038;II;FORTECARE INDÚSTRIA DE PRODUTOS MÉDICOS LTDA;FORTECARE INDÚSTRIA DE PRODUTOS MÉDICOS LTDA;BRASIL
80464950005;I;FORTEDENT DENTAL SUPPLIES LTDA ME;VDW GMBH;ALEMANHA
80661150001;II;FORTHMED PRODUTOS MEDICOS LTDA - EPP;FORTHMED PRODUTOS MEDICOS LTDA - EPP;BRASIL
80661150002;II;FORTHMED PRODUTOS MEDICOS LTDA - EPP;FORTHMED PRODUTOS MEDICOS LTDA - EPP;BRASIL
80661150003;II;FORTHMED PRODUTOS MEDICOS LTDA - EPP;FORTHMED PRODUTOS MEDICOS LTDA - EPP;BRASIL
80661159001;II;FORTHMED PRODUTOS MEDICOS LTDA - EPP;FORTHMED PRODUTOS MEDICOS LTDA - EPP;BRASIL
80241050007;I;FORTSAN DO BRASIL INDÚSTRIA QUÍMICA FARMACÊUTICA LTDA;FORTSAN DO BRASIL INDÚSTRIA QUÍMICA FARMACÊUTICA LTDA;BRASIL
80241050008;I;FORTSAN DO BRASIL INDÚSTRIA QUÍMICA FARMACÊUTICA LTDA;FORTSAN DO BRASIL INDÚSTRIA QUÍMICA FARMACÊUTICA LTDA;BRASIL
80241050009;I;FORTSAN DO BRASIL INDÚSTRIA QUÍMICA FARMACÊUTICA LTDA;FORTSAN DO BRASIL INDÚSTRIA QUÍMICA FARMACÊUTICA LTDA;BRASIL
80241050010;I;FORTSAN DO BRASIL INDÚSTRIA QUÍMICA FARMACÊUTICA LTDA;FORTSAN DO BRASIL INDÚSTRIA QUÍMICA FARMACÊUTICA LTDA;BRASIL
80241050012;I;FORTSAN DO BRASIL INDÚSTRIA QUÍMICA FARMACÊUTICA LTDA;FORTSAN DO BRASIL INDÚSTRIA QUÍMICA FARMACÊUTICA LTDA;BRASIL
80241050013;I;FORTSAN DO BRASIL INDÚSTRIA QUÍMICA FARMACÊUTICA LTDA;FORTSAN DO BRASIL INDÚSTRIA QUÍMICA FARMACÊUTICA LTDA;BRASIL
80241059001;II;FORTSAN DO BRASIL INDÚSTRIA QUÍMICA FARMACÊUTICA LTDA;FORTSAN DO BRASIL INDÚSTRIA QUÍMICA FARMACÊUTICA LTDA;BRASIL
80241059004;II;FORTSAN DO BRASIL INDÚSTRIA QUÍMICA FARMACÊUTICA LTDA;FORTSAN DO BRASIL INDÚSTRIA QUÍMICA FARMACÊUTICA LTDA;BRASIL
81644630005;I;FOX INDUSTRIA E COMERCIO DE MATERIAIS MEDICOS E HOSPITALARES LTDA;FOX INDUSTRIA E COMERCIO DE MATERIAIS MEDICOS E HOSPITALARES LTDA;BRASIL
81644630006;I;FOX INDUSTRIA E COMERCIO DE MATERIAIS MEDICOS E HOSPITALARES LTDA;FOX INDUSTRIA E COMERCIO DE MATERIAIS MEDICOS E HOSPITALARES LTDA;BRASIL
81644630008;I;FOX INDUSTRIA E COMERCIO DE MATERIAIS MEDICOS E HOSPITALARES LTDA;FOX INDUSTRIA E COMERCIO DE MATERIAIS MEDICOS E HOSPITALARES LTDA;BRASIL
81644630010;I;FOX INDUSTRIA E COMERCIO DE MATERIAIS MEDICOS E HOSPITALARES LTDA;FOX INDUSTRIA E COMERCIO DE MATERIAIS MEDICOS E HOSPITALARES LTDA;BRASIL
81644630012;I;FOX INDUSTRIA E COMERCIO DE MATERIAIS MEDICOS E HOSPITALARES LTDA;FOX INDUSTRIA E COMERCIO DE MATERIAIS MEDICOS E HOSPITALARES LTDA;BRASIL
82207710003;II;FRACTUS INDUSTRIA COMERCIO PRODUTOS MEDICOS LTDA;FRACTUS INDUSTRIA COMERCIO PRODUTOS MEDICOS LTDA;BRASIL
82207719001;II;FRACTUS INDUSTRIA COMERCIO PRODUTOS MEDICOS LTDA;FRACTUS INDUSTRIA COMERCIO PRODUTOS MEDICOS LTDA;BRASIL
82207719002;II;FRACTUS INDUSTRIA COMERCIO PRODUTOS MEDICOS LTDA;FRACTUS INDUSTRIA COMERCIO PRODUTOS MEDICOS LTDA;BRASIL
80039960001;II;FRADEL-MED IND E COM DE APARELHOS MEDICOS LTDA-ME;FRADEL-MED IND E COM DE APARELHOS MEDICOS LTDA-ME;BRASIL
80039960003;I;FRADEL-MED IND E COM DE APARELHOS MEDICOS LTDA-ME;FRADEL-MED IND E COM DE APARELHOS MEDICOS LTDA-ME;BRASIL
80039960007;I;FRADEL-MED IND E COM DE APARELHOS MEDICOS LTDA-ME;FRADEL-MED IND E COM DE APARELHOS MEDICOS LTDA-ME;BRASIL
80039960009;I;FRADEL-MED IND E COM DE APARELHOS MEDICOS LTDA-ME;FRADEL-MED IND E COM DE APARELHOS MEDICOS LTDA-ME;BRASIL
80039960010;I;FRADEL-MED IND E COM DE APARELHOS MEDICOS LTDA-ME;FRADEL-MED IND E COM DE APARELHOS MEDICOS LTDA-ME;BRASIL
80039960012;II;FRADEL-MED IND E COM DE APARELHOS MEDICOS LTDA-ME;FRADEL-MED IND E COM DE APARELHOS MEDICOS LTDA-ME;BRASIL
80039960014;II;FRADEL-MED IND E COM DE APARELHOS MEDICOS LTDA-ME;FRADEL-MED IND E COM DE APARELHOS MEDICOS LTDA-ME;BRASIL
80039960015;II;FRADEL-MED IND E COM DE APARELHOS MEDICOS LTDA-ME;FRADEL-MED IND E COM DE APARELHOS MEDICOS LTDA-ME;BRASIL
80039960022;I;FRADEL-MED IND E COM DE APARELHOS MEDICOS LTDA-ME;FRADEL-MED IND E COM DE APARELHOS MEDICOS LTDA-ME;BRASIL
80039960023;II;FRADEL-MED IND E COM DE APARELHOS MEDICOS LTDA-ME;FRADEL-MED IND E COM DE APARELHOS MEDICOS LTDA-ME;BRASIL
80830030001;I;fraga moreira comércio, importação e exportação ltda - me;CHANGZHOU NANFANG MEDICAL APPLIANCE FACTORY CO., LTD;CHINA, REPÚBLICA POPULAR
80830030002;I;fraga moreira comércio, importação e exportação ltda - me;CHANGZHOU NANFANG MEDICAL APPLIANCE FACTORY CO., LTD;CHINA, REPÚBLICA POPULAR
80830039001;I;fraga moreira comércio, importação e exportação ltda - me;CHANGZHOU NANFANG MEDICAL APPLIANCE FACTORY CO., LTD;CHINA, REPÚBLICA POPULAR
80984220001;II;FRANCO & MARTINS INDÚSTRIA E COMÉRCIO DE RESINAS LTDA;FRANCO & MARTINS INDÚSTRIA E COMÉRCIO DE RESINAS LTDA;BRASIL
80984220002;II;FRANCO & MARTINS INDÚSTRIA E COMÉRCIO DE RESINAS LTDA;FRANCO & MARTINS INDÚSTRIA E COMÉRCIO DE RESINAS LTDA;BRASIL
80984220003;II;FRANCO & MARTINS INDÚSTRIA E COMÉRCIO DE RESINAS LTDA;FRANCO & MARTINS INDÚSTRIA E COMÉRCIO DE RESINAS LTDA;BRASIL
80984220004;II;FRANCO & MARTINS INDÚSTRIA E COMÉRCIO DE RESINAS LTDA;FRANCO & MARTINS INDÚSTRIA E COMÉRCIO DE RESINAS LTDA;BRASIL
80984220005;II;FRANCO & MARTINS INDÚSTRIA E COMÉRCIO DE RESINAS LTDA;FRANCO & MARTINS INDÚSTRIA E COMÉRCIO DE RESINAS LTDA;BRASIL
82399440001;I;FRASCO LIFE INDUSTRIA E COMERCIO DE PRODUTOS HOSPITALARES LTDA;FRASCO LIFE INDUSTRIA E COMERCIO DE PRODUTOS HOSPITALARES LTDA;BRASIL
82399440002;I;FRASCO LIFE INDUSTRIA E COMERCIO DE PRODUTOS HOSPITALARES LTDA;FRASCO LIFE INDUSTRIA E COMERCIO DE PRODUTOS HOSPITALARES LTDA;BRASIL
82399440003;I;FRASCO LIFE INDUSTRIA E COMERCIO DE PRODUTOS HOSPITALARES LTDA;FRASCO LIFE INDUSTRIA E COMERCIO DE PRODUTOS HOSPITALARES LTDA;BRASIL
80013840009;I;FREEDOM - VEÍCULOS ELÉTRICOS LTDA;SMART CARE INTERNATIONAL INC;TAIWAN
80088400001;I;FREETRADE DO BRASIL IMPORTACAO E EXPORTACAO LTDA;XIAMEN ARTBORNE INDUSTRIAL CO. LTD.;CHINA, REPÚBLICA POPULAR
83125870001;I;FREITAS REUPKE COMERCIO LTDA;JIANGSU YIZHENG CAREPRO MEDICAL INSTRUMENTS CO, LTD;CHINA, REPÚBLICA POPULAR
82380489001;II;FREQTY SOLUCOES DIGITAIS EM ODONTOLOGIA E MEDICINA LTDA;CHENGDU BESMILE BIOTECHNOLOGY CO., LTD;CHINA, REPÚBLICA POPULAR
82380489002;II;FREQTY SOLUCOES DIGITAIS EM ODONTOLOGIA E MEDICINA LTDA;AUDENTAL BIO-MATERIAL CO., LTD.;CHINA, REPÚBLICA POPULAR
82380489003;II;FREQTY SOLUCOES DIGITAIS EM ODONTOLOGIA E MEDICINA LTDA;AUDENTAL BIO-MATERIAL CO., LTD.;CHINA, REPÚBLICA POPULAR
82380489004;II;FREQTY SOLUCOES DIGITAIS EM ODONTOLOGIA E MEDICINA LTDA;CHENGDU BESMILE BIOTECHNOLOGY CO., LTD;CHINA, REPÚBLICA POPULAR
82380489005;II;FREQTY SOLUCOES DIGITAIS EM ODONTOLOGIA E MEDICINA LTDA;AUDENTAL BIO-MATERIAL CO., LTD.;CHINA, REPÚBLICA POPULAR
82380489006;II;FREQTY SOLUCOES DIGITAIS EM ODONTOLOGIA E MEDICINA LTDA;AUDENTAL BIO-MATERIAL CO., LTD.;CHINA, REPÚBLICA POPULAR
82380489007;II;FREQTY SOLUCOES DIGITAIS EM ODONTOLOGIA E MEDICINA LTDA;AUDENTAL BIO-MATERIAL CO., LTD.;CHINA, REPÚBLICA POPULAR
82380489008;II;FREQTY SOLUCOES DIGITAIS EM ODONTOLOGIA E MEDICINA LTDA;AUDENTAL BIO-MATERIAL CO., LTD.;CHINA, REPÚBLICA POPULAR
10077090144;III;FRESENIUS HEMOCARE BRASIL LTDA.;;
10077090144;III;FRESENIUS HEMOCARE BRASIL LTDA.;FRESENIUS KABI AG;ALEMANHA
10077090145;III;FRESENIUS HEMOCARE BRASIL LTDA.;;
10077090145;III;FRESENIUS HEMOCARE BRASIL LTDA.;FRESENIUS KABI AG;ALEMANHA
10077090146;III;FRESENIUS HEMOCARE BRASIL LTDA.;;
10077090146;III;FRESENIUS HEMOCARE BRASIL LTDA.;FRESENIUS KABI AG;ALEMANHA
10077090147;III;FRESENIUS HEMOCARE BRASIL LTDA.;;
10077090147;III;FRESENIUS HEMOCARE BRASIL LTDA.;FRESENIUS KABI AG;ALEMANHA
10077090148;III;FRESENIUS HEMOCARE BRASIL LTDA.;;
10077090148;III;FRESENIUS HEMOCARE BRASIL LTDA.;FRESENIUS KABI AG;ALEMANHA
10077090149;III;FRESENIUS HEMOCARE BRASIL LTDA.;;
10077090149;III;FRESENIUS HEMOCARE BRASIL LTDA.;FRESENIUS KABI AG;ALEMANHA
10154450007;III;FRESENIUS HEMOCARE BRASIL LTDA.;FRESENIUS HEMOCARE BRASIL LTDA.;BRASIL
10154450072;III;FRESENIUS HEMOCARE BRASIL LTDA.;FRESENIUS HEMOCARE BRASIL LTDA.;BRASIL
10154450073;III;FRESENIUS HEMOCARE BRASIL LTDA.;FRESENIUS HEMOCARE BRASIL LTDA.;BRASIL
10154450076;III;FRESENIUS HEMOCARE BRASIL LTDA.;FRESENIUS HEMOCARE BRASIL LTDA.;BRASIL
10154450085;III;FRESENIUS HEMOCARE BRASIL LTDA.;FRESENIUS HEMOCARE BRASIL LTDA.;BRASIL
10154450092;III;FRESENIUS HEMOCARE BRASIL LTDA.;;
10154450092;III;FRESENIUS HEMOCARE BRASIL LTDA.;FRESENIUS KABI AG;ALEMANHA
10154450117;III;FRESENIUS HEMOCARE BRASIL LTDA.;FRESENIUS HEMOCARE BRASIL LTDA.;BRASIL
10154450124;III;FRESENIUS HEMOCARE BRASIL LTDA.;;
10154450124;III;FRESENIUS HEMOCARE BRASIL LTDA.;FRESENIUS KABI AG;ALEMANHA
10154450155;I;FRESENIUS HEMOCARE BRASIL LTDA.;FRESENIUS KABI AG;ALEMANHA
10154450159;III;FRESENIUS HEMOCARE BRASIL LTDA.;;
10154450159;III;FRESENIUS HEMOCARE BRASIL LTDA.;FRESENIUS KABI AG;ALEMANHA
10154450160;III;FRESENIUS HEMOCARE BRASIL LTDA.;;
10154450160;III;FRESENIUS HEMOCARE BRASIL LTDA.;FRESENIUS KABI AG;ALEMANHA
10154450161;III;FRESENIUS HEMOCARE BRASIL LTDA.;;
10154450161;III;FRESENIUS HEMOCARE BRASIL LTDA.;FRESENIUS KABI AG;ALEMANHA
10154450181;III;FRESENIUS HEMOCARE BRASIL LTDA.;;
10154450181;III;FRESENIUS HEMOCARE BRASIL LTDA.;FRESENIUS KABI AG;ALEMANHA
10154450201;II;FRESENIUS HEMOCARE BRASIL LTDA.;FRESENIUS KABI AG;ALEMANHA
10154450212;III;FRESENIUS HEMOCARE BRASIL LTDA.;;
10154450212;III;FRESENIUS HEMOCARE BRASIL LTDA.;FRESENIUS KABI AG;ALEMANHA
10154450213;III;FRESENIUS HEMOCARE BRASIL LTDA.;;
10154450213;III;FRESENIUS HEMOCARE BRASIL LTDA.;FRESENIUS KABI AG;ALEMANHA
10154450214;III;FRESENIUS HEMOCARE BRASIL LTDA.;;
10154450214;III;FRESENIUS HEMOCARE BRASIL LTDA.;FRESENIUS KABI AG;ALEMANHA
10154450215;III;FRESENIUS HEMOCARE BRASIL LTDA.;;
10154450215;III;FRESENIUS HEMOCARE BRASIL LTDA.;FRESENIUS KABI AG;ALEMANHA
10154450216;III;FRESENIUS HEMOCARE BRASIL LTDA.;;
10154450216;III;FRESENIUS HEMOCARE BRASIL LTDA.;FRESENIUS KABI AG;ALEMANHA
10154450217;III;FRESENIUS HEMOCARE BRASIL LTDA.;;
10154450217;III;FRESENIUS HEMOCARE BRASIL LTDA.;FRESENIUS KABI AG;ALEMANHA
10004100022;II;FRESENIUS KABI BRASIL LTDA;FRESENIUS KABI AG;ALEMANHA
10004100145;II;FRESENIUS KABI BRASIL LTDA;FRESENIUS KABI AG;ALEMANHA
10004100147;II;FRESENIUS KABI BRASIL LTDA;FRESENIUS KABI AG;ALEMANHA
80145110157;III;FRESENIUS KABI BRASIL LTDA;;
80145110157;III;FRESENIUS KABI BRASIL LTDA;FRESENIUS KABI AG;ALEMANHA
80145110160;II;FRESENIUS KABI BRASIL LTDA;FRESENIUS KABI AG;ALEMANHA
80145110161;II;FRESENIUS KABI BRASIL LTDA;FRESENIUS KABI AG;ALEMANHA
80145110163;II;FRESENIUS KABI BRASIL LTDA;FRESENIUS KABI AG;ALEMANHA
80145110164;II;FRESENIUS KABI BRASIL LTDA;FRESENIUS KABI AG;ALEMANHA
80145110165;II;FRESENIUS KABI BRASIL LTDA;FABRICADO POR CLINICO MEDICAL PRODUCTION GMBH PARA FRESENIUS KABI AG;ALEMANHA
80145110165;II;FRESENIUS KABI BRASIL LTDA;FABRICADO POR FRESENIUS KABI DEUTSCHLAND GMBH PARA FRESENIUS KABI AG;ALEMANHA
80145110165;II;FRESENIUS KABI BRASIL LTDA;FABRICADO POR: CLINICO MEDICAL SP.Z. O O BLONIE K/WROCLAWIA - POLÔNIA PARA FRESENIUS KABI AG;ALEMANHA
80145110165;II;FRESENIUS KABI BRASIL LTDA;FABRICADO POR: CLINICO NANCHANG LTD. CO. - REPÚBLICA POPULAR DA CHINA PARA FRESENIUS KABI AG;ALEMANHA
80145110168;II;FRESENIUS KABI BRASIL LTDA;FRESENIUS KABI AG;ALEMANHA
80145110169;I;FRESENIUS KABI BRASIL LTDA;FRESENIUS KABI AG;ALEMANHA
80145110170;II;FRESENIUS KABI BRASIL LTDA;FRESENIUS KABI AG;ALEMANHA
80145110171;II;FRESENIUS KABI BRASIL LTDA;FRESENIUS KABI AG;ALEMANHA
80145110172;II;FRESENIUS KABI BRASIL LTDA;FRESENIUS KABI AG;ALEMANHA
80145110178;II;FRESENIUS KABI BRASIL LTDA;FRESENIUS KABI AG;ALEMANHA
80145110187;III;FRESENIUS KABI BRASIL LTDA;;
80145110187;III;FRESENIUS KABI BRASIL LTDA;FABRICADO POR: CLINICO MEDICAL SP.Z. O O BLONIE K/WROCLAWIA DA POLONIA PARA: FRESENIUS KABI AG DA ALEMANHA;ALEMANHA
80145110188;II;FRESENIUS KABI BRASIL LTDA;FRESENIUS KABI AG;ALEMANHA
80145110189;II;FRESENIUS KABI BRASIL LTDA;FRESENIUS KABI AG;ALEMANHA
80145110190;II;FRESENIUS KABI BRASIL LTDA;FRESENIUS KABI AG;ALEMANHA
80145110191;II;FRESENIUS KABI BRASIL LTDA;FRESENIUS MEDICAL CARE AG;ALEMANHA
80145110192;II;FRESENIUS KABI BRASIL LTDA;FRESENIUS KABI AG;ALEMANHA
80145110194;II;FRESENIUS KABI BRASIL LTDA;FRESENIUS KABI AG;ALEMANHA
80145110197;II;FRESENIUS KABI BRASIL LTDA;FRESENIUS KABI AG;ALEMANHA
80145110199;II;FRESENIUS KABI BRASIL LTDA;FRESENIUS KABI AG;ALEMANHA
80145110200;II;FRESENIUS KABI BRASIL LTDA;FRESENIUS KABI AG;ALEMANHA
80145110201;II;FRESENIUS KABI BRASIL LTDA;FRESENIUS KABI AG;ALEMANHA
80145110202;II;FRESENIUS KABI BRASIL LTDA;FRESENIUS KABI AG;ALEMANHA
80145110205;II;FRESENIUS KABI BRASIL LTDA;FABRICADO POR CLINICO MEDICAL PRODUCTION GMBH - ALEMANHA PARA FRESENIUS KABI AG;ALEMANHA
80145110205;II;FRESENIUS KABI BRASIL LTDA;FABRICADO POR: CLINICO MEDICAL SP.Z. O O BLONIE K/WROCLAWIA - POLÔNIA PARA FRESENIUS KABI AG;ALEMANHA
80145110205;II;FRESENIUS KABI BRASIL LTDA;FABRICADO POR: CLINICO NANCHANG LTD. CO. - REPÚBLICA POPULAR DA CHINA PARA FRESENIUS KABI AG;ALEMANHA
80145110205;II;FRESENIUS KABI BRASIL LTDA;FABRICADO POR: FRESENIUS KABI DEUTSCHLAND GMBH - ALEMANHA PARA FRESENIUS KABI AG;ALEMANHA
80145110218;II;FRESENIUS KABI BRASIL LTDA;FRESENIUS KABI AG;ALEMANHA
80145110220;II;FRESENIUS KABI BRASIL LTDA;FRESENIUS KABI AG;ALEMANHA
80145110221;II;FRESENIUS KABI BRASIL LTDA;FRESENIUS KABI AG;ALEMANHA
80145110222;II;FRESENIUS KABI BRASIL LTDA;FRESENIUS KABI AG;ALEMANHA
80145110223;II;FRESENIUS KABI BRASIL LTDA;FRESENIUS KABI AG;ALEMANHA
80145110225;II;FRESENIUS KABI BRASIL LTDA;FRESENIUS KABI AG;ALEMANHA
80145110226;II;FRESENIUS KABI BRASIL LTDA;FRESENIUS KABI AG;ALEMANHA
80145110236;II;FRESENIUS KABI BRASIL LTDA;FRESENIUS KABI AG;ALEMANHA
80145110237;II;FRESENIUS KABI BRASIL LTDA;FRESENIUS KABI AG;ALEMANHA
80145110238;II;FRESENIUS KABI BRASIL LTDA;FRESENIUS KABI AG;ALEMANHA
80145110239;II;FRESENIUS KABI BRASIL LTDA;FRESENIUS KABI AG;ALEMANHA
80145110243;II;FRESENIUS KABI BRASIL LTDA;FRESENIUS KABI AG;ALEMANHA
80145110244;II;FRESENIUS KABI BRASIL LTDA;FRESENIUS KABI AG;ALEMANHA
80145110245;II;FRESENIUS KABI BRASIL LTDA;FRESENIUS KABI AG;ALEMANHA
80145110246;II;FRESENIUS KABI BRASIL LTDA;FRESENIUS KABI AG;ALEMANHA
80145110247;II;FRESENIUS KABI BRASIL LTDA;FRESENIUS KABI AG;ALEMANHA
80145110248;II;FRESENIUS KABI BRASIL LTDA;FRESENIUS KABI AG;ALEMANHA
80145110249;II;FRESENIUS KABI BRASIL LTDA;FRESENIUS KABI AG;ALEMANHA
80145110250;II;FRESENIUS KABI BRASIL LTDA;FRESENIUS KABI AG;ALEMANHA
80145110252;I;FRESENIUS KABI BRASIL LTDA;FRESENIUS KABI AG;ALEMANHA
80145110253;I;FRESENIUS KABI BRASIL LTDA;FRESENIUS KABI AG;ALEMANHA
80145110254;I;FRESENIUS KABI BRASIL LTDA;FRESENIUS KABI AG;ALEMANHA
80145110256;I;FRESENIUS KABI BRASIL LTDA;FRESENIUS KABI AG;ALEMANHA
80145110257;III;FRESENIUS KABI BRASIL LTDA;;
80145110257;III;FRESENIUS KABI BRASIL LTDA;FRESENIUS KABI AG;ALEMANHA
80145110258;III;FRESENIUS KABI BRASIL LTDA;;
80145110258;III;FRESENIUS KABI BRASIL LTDA;FRESENIUS KABI AG;ALEMANHA
80145110262;III;FRESENIUS KABI BRASIL LTDA;;
80145110262;III;FRESENIUS KABI BRASIL LTDA;FRESENIUS KABI AG;ALEMANHA
80145110263;III;FRESENIUS KABI BRASIL LTDA;;
80145110263;III;FRESENIUS KABI BRASIL LTDA;FRESENIUS KABI AG;ALEMANHA
80145110264;II;FRESENIUS KABI BRASIL LTDA;FRESENIUS KABI AG;ALEMANHA
80145110267;III;FRESENIUS KABI BRASIL LTDA;;
80145110267;III;FRESENIUS KABI BRASIL LTDA;FRESENIUS KABI AG;ALEMANHA
80145110268;III;FRESENIUS KABI BRASIL LTDA;;
80145110268;III;FRESENIUS KABI BRASIL LTDA;FRESENIUS KABI AG;ALEMANHA
80145110269;I;FRESENIUS KABI BRASIL LTDA;FRESENIUS KABI AG;ALEMANHA
80145110273;III;FRESENIUS KABI BRASIL LTDA;;
80145110273;III;FRESENIUS KABI BRASIL LTDA;FRESENIUS KABI AG;ALEMANHA
80145110274;III;FRESENIUS KABI BRASIL LTDA;;
80145110274;III;FRESENIUS KABI BRASIL LTDA;FRESENIUS KABI AG;ALEMANHA
80145110275;III;FRESENIUS KABI BRASIL LTDA;;
80145110275;III;FRESENIUS KABI BRASIL LTDA;FRESENIUS KABI AG;ALEMANHA
80145110276;I;FRESENIUS KABI BRASIL LTDA;FRESENIUS KABI AG;ALEMANHA
80145110278;I;FRESENIUS KABI BRASIL LTDA;GBUK GROUP LTD;INGLATERRA (REINO UNIDO)
80145119006;II;FRESENIUS KABI BRASIL LTDA;FRESENIUS KABI AG;ALEMANHA
80145119011;II;FRESENIUS KABI BRASIL LTDA;FRESENIUS KABI AG;ALEMANHA
80145119013;I;FRESENIUS KABI BRASIL LTDA;FRESENIUS KABI AG;ALEMANHA
80145119014;II;FRESENIUS KABI BRASIL LTDA;FRESENIUS KABI AG;ALEMANHA
80145119015;II;FRESENIUS KABI BRASIL LTDA;FRESENIUS KABI AG;ALEMANHA
80145119017;II;FRESENIUS KABI BRASIL LTDA;FRESENIUS KABI AG;ALEMANHA
80145119021;II;FRESENIUS KABI BRASIL LTDA;FRESENIUS KABI AG;ALEMANHA
80145119022;II;FRESENIUS KABI BRASIL LTDA;FRESENIUS KABI AG;ALEMANHA
80145119023;II;FRESENIUS KABI BRASIL LTDA;FRESENIUS KABI AG;ALEMANHA
80145119024;II;FRESENIUS KABI BRASIL LTDA;FRESENIUS KABI AG;ALEMANHA
80145119025;II;FRESENIUS KABI BRASIL LTDA;FRESENIUS KABI AG;ALEMANHA
80145119026;II;FRESENIUS KABI BRASIL LTDA;FRESENIUS KABI AG;ALEMANHA
80145119027;II;FRESENIUS KABI BRASIL LTDA;FRESENIUS KABI AG;ALEMANHA
80145119028;II;FRESENIUS KABI BRASIL LTDA;FRESENIUS KABI AG;ALEMANHA
80145119030;II;FRESENIUS KABI BRASIL LTDA;FRESENIUS KABI AG;ALEMANHA
80145119032;II;FRESENIUS KABI BRASIL LTDA;FRESENIUS KABI AG;ALEMANHA
80145119033;II;FRESENIUS KABI BRASIL LTDA;FRESENIUS KABI AG;ALEMANHA
80145119034;II;FRESENIUS KABI BRASIL LTDA;FRESENIUS KABI AG;ALEMANHA
80145119035;II;FRESENIUS KABI BRASIL LTDA;FRESENIUS KABI AG;ALEMANHA
80145119036;II;FRESENIUS KABI BRASIL LTDA;FRESENIUS KABI AG;ALEMANHA
80145119037;II;FRESENIUS KABI BRASIL LTDA;FRESENIUS KABI AG;ALEMANHA
10322390002;II;FRESENIUS MEDICAL CARE LTDA;FRESENIUS MEDICAL CARE AG;ALEMANHA
10322390004;III;FRESENIUS MEDICAL CARE LTDA;;
10322390004;III;FRESENIUS MEDICAL CARE LTDA;FRESENIUS MEDICAL CARE AG;ALEMANHA
10322390007;III;FRESENIUS MEDICAL CARE LTDA;;
10322390007;III;FRESENIUS MEDICAL CARE LTDA;FRESENIUS MEDICAL CARE AG;ALEMANHA
10322390018;III;FRESENIUS MEDICAL CARE LTDA;;
10322390018;III;FRESENIUS MEDICAL CARE LTDA;FRESENIUS MEDICAL CARE AG;ALEMANHA
10322390030;III;FRESENIUS MEDICAL CARE LTDA;;
10322390030;III;FRESENIUS MEDICAL CARE LTDA;FRESENIUS MEDICAL CARE AG;ALEMANHA
10322390032;II;FRESENIUS MEDICAL CARE LTDA;FRESENIUS MEDICAL CARE AG;ALEMANHA
10322390044;II;FRESENIUS MEDICAL CARE LTDA;FRESENIUS MEDICAL CARE AG;ALEMANHA
80133950048;III;FRESENIUS MEDICAL CARE LTDA;;
80133950048;III;FRESENIUS MEDICAL CARE LTDA;FRESENIUS MEDICAL CARE AG;ALEMANHA
80133950053;I;FRESENIUS MEDICAL CARE LTDA;FRESENIUS MEDICAL CARE AG;ALEMANHA
80133950057;II;FRESENIUS MEDICAL CARE LTDA;NIPRO CORPORATION LIMITED;TAILÂNDIA, REINO DA
80133950064;II;FRESENIUS MEDICAL CARE LTDA;FRESENIUS MEDICAL CARE AG;ALEMANHA
80133950069;II;FRESENIUS MEDICAL CARE LTDA;FRESENIUS MEDICAL CARE AG;ALEMANHA
80133950077;III;FRESENIUS MEDICAL CARE LTDA;;
80133950077;III;FRESENIUS MEDICAL CARE LTDA;FRESENIUS MEDICAL CARE AG;ALEMANHA
80133950091;II;FRESENIUS MEDICAL CARE LTDA;FRESENIUS MEDICAL CARE AG;ALEMANHA
80133950093;II;FRESENIUS MEDICAL CARE LTDA;FRESENIUS MEDICAL CARE LTDA;BRASIL
80133950094;II;FRESENIUS MEDICAL CARE LTDA;NIPRO CORPORATION LIMITED;TAILÂNDIA, REINO DA
80133950097;II;FRESENIUS MEDICAL CARE LTDA;FRESENIUS MEDICAL CARE AG;ALEMANHA
80133950101;II;FRESENIUS MEDICAL CARE LTDA;BAIN MEDICAL EQUIPMENT (GUANGZHOU) CO., LTD;CHINA, REPÚBLICA POPULAR
80133950102;II;FRESENIUS MEDICAL CARE LTDA;BAIN MEDICAL EQUIPMENT (GUANGZHOU) CO., LTD;CHINA, REPÚBLICA POPULAR
80133950103;II;FRESENIUS MEDICAL CARE LTDA;BAIN MEDICAL EQUIPMENT (GUANGZHOU) CO., LTD;CHINA, REPÚBLICA POPULAR
80133950104;II;FRESENIUS MEDICAL CARE LTDA;BAIN MEDICAL EQUIPMENT (GUANGZHOU) CO., LTD;CHINA, REPÚBLICA POPULAR
80133950105;II;FRESENIUS MEDICAL CARE LTDA;BAIN MEDICAL EQUIPMENT (GUANGZHOU) CO., LTD;CHINA, REPÚBLICA POPULAR
80133950112;II;FRESENIUS MEDICAL CARE LTDA;Frenesius Medical Care (Jiangsu) Co. Ltd;CHINA, REPÚBLICA POPULAR
80133950114;III;FRESENIUS MEDICAL CARE LTDA;;
80133950114;III;FRESENIUS MEDICAL CARE LTDA;FRESENIUS MEDICAL CARE AG;ALEMANHA
80133950115;III;FRESENIUS MEDICAL CARE LTDA;;
80133950115;III;FRESENIUS MEDICAL CARE LTDA;FRESENIUS MEDICAL CARE AG;ALEMANHA
80133950116;II;FRESENIUS MEDICAL CARE LTDA;FRESENIUS MEDICAL CARE AG;ALEMANHA
80133950119;III;FRESENIUS MEDICAL CARE LTDA;;
80133950119;III;FRESENIUS MEDICAL CARE LTDA;FRESENIUS MEDICAL CARE AG;ALEMANHA
80133950120;III;FRESENIUS MEDICAL CARE LTDA;;
80133950120;III;FRESENIUS MEDICAL CARE LTDA;FRESENIUS MEDICAL CARE AG;ALEMANHA
80133950123;III;FRESENIUS MEDICAL CARE LTDA;;
80133950123;III;FRESENIUS MEDICAL CARE LTDA;FRESENIUS MEDICAL CARE AG;ALEMANHA
80133950124;III;FRESENIUS MEDICAL CARE LTDA;;
80133950124;III;FRESENIUS MEDICAL CARE LTDA;FRESENIUS MEDICAL CARE AG;ALEMANHA
80133950125;III;FRESENIUS MEDICAL CARE LTDA;;
80133950125;III;FRESENIUS MEDICAL CARE LTDA;FRESENIUS MEDICAL CARE AG;ALEMANHA
80133950127;II;FRESENIUS MEDICAL CARE LTDA;FRESENIUS MEDICAL CARE AG;ALEMANHA
80133950128;II;FRESENIUS MEDICAL CARE LTDA;FRESENIUS MEDICAL CARE AG;ALEMANHA
80133950129;II;FRESENIUS MEDICAL CARE LTDA;FRESENIUS MEDICAL CARE AG;ALEMANHA
80133950131;II;FRESENIUS MEDICAL CARE LTDA;BAIN MEDICAL EQUIPMENT (GUANGZHOU) CO., LTD;CHINA, REPÚBLICA POPULAR
80133950133;II;FRESENIUS MEDICAL CARE LTDA;FRESENIUS MEDICAL CARE AG & CO. KGAA;ALEMANHA
80133950135;II;FRESENIUS MEDICAL CARE LTDA;FRESENIUS MEDICAL CARE AG;ALEMANHA
80133950136;II;FRESENIUS MEDICAL CARE LTDA;FRESENIUS MEDICAL CARE AG;ALEMANHA
80133950137;II;FRESENIUS MEDICAL CARE LTDA;FRESENIUS MEDICAL CARE AG;ALEMANHA
80133950138;II;FRESENIUS MEDICAL CARE LTDA;FRESENIUS MEDICAL CARE AG;ALEMANHA
80133950139;II;FRESENIUS MEDICAL CARE LTDA;FRESENIUS MEDICAL CARE AG;ALEMANHA
80133950141;II;FRESENIUS MEDICAL CARE LTDA;FRESENIUS MEDICAL CARE AG;ALEMANHA
80133950144;II;FRESENIUS MEDICAL CARE LTDA;BAIN MEDICAL EQUIPMENT (GUANGZHOU) CO., LTD;CHINA, REPÚBLICA POPULAR
80133950145;II;FRESENIUS MEDICAL CARE LTDA;FRESENIUS MEDICAL CARE AG;ALEMANHA
80133950146;II;FRESENIUS MEDICAL CARE LTDA;FRESENIUS MEDICAL CARE AG;ALEMANHA
80133950147;II;FRESENIUS MEDICAL CARE LTDA;FRESENIUS MEDICAL CARE AG;ALEMANHA
80133950155;III;FRESENIUS MEDICAL CARE LTDA;;
80133950155;III;FRESENIUS MEDICAL CARE LTDA;FRESENIUS MEDICAL CARE AG;ALEMANHA
80133950157;III;FRESENIUS MEDICAL CARE LTDA;;
80133950157;III;FRESENIUS MEDICAL CARE LTDA;FRESENIUS MEDICAL CARE AG;ALEMANHA
80133959003;II;FRESENIUS MEDICAL CARE LTDA;FRESENIUS MEDICAL CARE AG;ALEMANHA
80133959006;II;FRESENIUS MEDICAL CARE LTDA;FRESENIUS MEDICAL CARE AG;ALEMANHA
80133959009;II;FRESENIUS MEDICAL CARE LTDA;FRESENIUS MEDICAL CARE AG;ALEMANHA
80133959010;II;FRESENIUS MEDICAL CARE LTDA;FRESENIUS MEDICAL CARE AG;ALEMANHA
80133959011;II;FRESENIUS MEDICAL CARE LTDA;Eurosets s.r.l.;ITÁLIA
80133959012;II;FRESENIUS MEDICAL CARE LTDA;CYTOSORBENTS INC;ESTADOS UNIDOS DA AMÉRICA
80133959013;II;FRESENIUS MEDICAL CARE LTDA;CYTOSORBENTS INC;ESTADOS UNIDOS DA AMÉRICA
80133959014;II;FRESENIUS MEDICAL CARE LTDA;CYTOSORBENTS INC;ESTADOS UNIDOS DA AMÉRICA
80133959015;II;FRESENIUS MEDICAL CARE LTDA;NINGBO TIANYI MEDICAL APPLIANCE CO., LTD.;CHINA, REPÚBLICA POPULAR
80133959016;II;FRESENIUS MEDICAL CARE LTDA;NINGBO TIANYI MEDICAL APPLIANCE CO., LTD.;CHINA, REPÚBLICA POPULAR
80133959017;II;FRESENIUS MEDICAL CARE LTDA;NINGBO TIANYI MEDICAL APPLIANCE CO., LTD.;CHINA, REPÚBLICA POPULAR
80133959018;II;FRESENIUS MEDICAL CARE LTDA;FRESENIUS MEDICAL CARE AG;ALEMANHA
80133959020;II;FRESENIUS MEDICAL CARE LTDA;FRESENIUS MEDICAL CARE (JIANGSU) CO.;CHINA, REPÚBLICA POPULAR
80133959021;II;FRESENIUS MEDICAL CARE LTDA;FRESENIUS MEDICAL CARE (JIANGSU) CO.;CHINA, REPÚBLICA POPULAR
82221919002;II;FRKS WORK IMPORTACAO E EXPORTACAO LTDA;GUANGZHOU LINUO BEAUTY ELECTRONIC TECHNOLOGY CO., LTDA;CHINA, REPÚBLICA POPULAR
82221919003;II;FRKS WORK IMPORTACAO E EXPORTACAO LTDA;GUANGZHOU LINUO BEAUTY ELECTRONIC TECHNOLOGY CO., LTDA;CHINA, REPÚBLICA POPULAR
80022060111;I;FUJIFILM DO BRASIL LTDA;FUJIFILM CORPORATION;JAPÃO
80022060113;III;FUJIFILM DO BRASIL LTDA;;
80022060113;III;FUJIFILM DO BRASIL LTDA;FUJIFILM MEDWORK GMBH;ALEMANHA
80022060114;III;FUJIFILM DO BRASIL LTDA;;
80022060114;III;FUJIFILM DO BRASIL LTDA;FUJIFILM MEDWORK GMBH;ALEMANHA
80022060117;III;FUJIFILM DO BRASIL LTDA;;
80022060117;III;FUJIFILM DO BRASIL LTDA;FUJIFILM MEDWORK GMBH;ALEMANHA
80022069010;II;FUJIFILM DO BRASIL LTDA;FUJIFILM MEDWORK GMBH;ALEMANHA
80022069023;II;FUJIFILM DO BRASIL LTDA;FUJIFILM MEDWORK GMBH;ALEMANHA
80022069024;II;FUJIFILM DO BRASIL LTDA;FUJIFILM MEDWORK GMBH;ALEMANHA
80022069025;II;FUJIFILM DO BRASIL LTDA;FUJIFILM MEDWORK GMBH;ALEMANHA
80022069026;II;FUJIFILM DO BRASIL LTDA;FUJIFILM MEDWORK GMBH;ALEMANHA
80022069027;II;FUJIFILM DO BRASIL LTDA;FUJIFILM MEDWORK GMBH;ALEMANHA
80022069028;II;FUJIFILM DO BRASIL LTDA;FUJIFILM MEDWORK GMBH;ALEMANHA
80022069029;II;FUJIFILM DO BRASIL LTDA;FUJIFILM MEDWORK GMBH;ALEMANHA
80022069030;II;FUJIFILM DO BRASIL LTDA;FUJIFILM MEDWORK GMBH;ALEMANHA
80022069031;II;FUJIFILM DO BRASIL LTDA;FUJIFILM MEDWORK GMBH;ALEMANHA
80022069032;II;FUJIFILM DO BRASIL LTDA;FUJIFILM MEDWORK GMBH;ALEMANHA
80022069033;II;FUJIFILM DO BRASIL LTDA;FUJIFILM MEDWORK GMBH;ALEMANHA
80022069034;II;FUJIFILM DO BRASIL LTDA;FUJIFILM MEDWORK GMBH;ALEMANHA
80022069035;II;FUJIFILM DO BRASIL LTDA;FUJIFILM MEDWORK GMBH;ALEMANHA
80022069036;II;FUJIFILM DO BRASIL LTDA;FUJIFILM MEDWORK GMBH;ALEMANHA
80022069037;II;FUJIFILM DO BRASIL LTDA;FUJIFILM MEDWORK GMBH;ALEMANHA
80022069038;II;FUJIFILM DO BRASIL LTDA;FUJIFILM MEDWORK GMBH;ALEMANHA
80022069039;II;FUJIFILM DO BRASIL LTDA;FUJIFILM MEDWORK GMBH;ALEMANHA
80022069040;II;FUJIFILM DO BRASIL LTDA;FUJIFILM MEDWORK GMBH;ALEMANHA
80022069042;II;FUJIFILM DO BRASIL LTDA;FUJIFILM MEDWORK GMBH;ALEMANHA
80022069043;II;FUJIFILM DO BRASIL LTDA;FUJIFILM MEDWORK GMBH;ALEMANHA
80022069044;II;FUJIFILM DO BRASIL LTDA;FUJIFILM CORPORATION;JAPÃO
80022069045;II;FUJIFILM DO BRASIL LTDA;FUJIFILM CORPORATION;JAPÃO
80769660002;I;FULLCARE IMPORTACAO E EXPORTACAO LTDA.;APOTHECARY PRODUCTS INC.;ESTADOS UNIDOS DA AMÉRICA
80769660003;I;FULLCARE IMPORTACAO E EXPORTACAO LTDA.;MING SANITARY MATERIALS CO. LTD;TAIWAN
80769660004;I;FULLCARE IMPORTACAO E EXPORTACAO LTDA.;TATA SURGICAL (PVT) LTD.;PAQUISTÃO
80769660005;I;FULLCARE IMPORTACAO E EXPORTACAO LTDA.;SHANGHAI WORLD BIOTECH CO., LTD.;CHINA, REPÚBLICA POPULAR
82572009002;II;Fullfarma Comércio de Produtos Farmacêuticos LTDA;MEDBAR TIBBI MALZEMELER TUR. SAN. VE TIC AS;TURQUIA
10264470021;II;FUNDACAO ADIB JATENE;FUNDACAO ADIB JATENE;BRASIL
10264470024;II;FUNDACAO ADIB JATENE;FUNDACAO ADIB JATENE;BRASIL
10264470028;II;FUNDACAO ADIB JATENE;FUNDACAO ADIB JATENE;BRASIL
10264470033;II;FUNDACAO ADIB JATENE;FUNDACAO ADIB JATENE;BRASIL
10264470034;II;FUNDACAO ADIB JATENE;FUNDACAO ADIB JATENE;BRASIL
10264470035;I;FUNDACAO ADIB JATENE;FUNDACAO ADIB JATENE;BRASIL
10264470036;I;FUNDACAO ADIB JATENE;FUNDACAO ADIB JATENE;BRASIL
10264470037;I;FUNDACAO ADIB JATENE;FUNDACAO ADIB JATENE;BRASIL
10264479009;II;FUNDACAO ADIB JATENE;FUNDACAO ADIB JATENE;BRASIL
81285209001;II;FUNDAÇÃO BAIANA DE PESQ. CIENTIFICA E DESENV. TECNOLOGICO, FORNECIMENTO E DISTRIBUIÇÃO DE MEDICAMENTOS-BAHIAFARMA;UKRAINE PJSC INDAR;UCRÂNIA
81618510003;II;FURLAMED COMERCIO ATACADISTA DE MATERIAIS MEDICOS E HOSPITALARES LTDA ME;CHAO YUN STEEL WIRE PRODUCTS CO LTD.;CHINA, REPÚBLICA POPULAR
81618510004;II;FURLAMED COMERCIO ATACADISTA DE MATERIAIS MEDICOS E HOSPITALARES LTDA ME;CHAO YUN STEEL WIRE PRODUCTS CO LTD.;CHINA, REPÚBLICA POPULAR
81618519001;II;FURLAMED COMERCIO ATACADISTA DE MATERIAIS MEDICOS E HOSPITALARES LTDA ME;CHAO YUN STEEL WIRE PRODUCTS CO LTD.;CHINA, REPÚBLICA POPULAR
82325030001;I;FX MATERIAIS MEDICOS HOSPITALARES LTDA;TAIZHOU HEALTHSEA MEDICAL CO. LTD;CHINA, REPÚBLICA POPULAR
82325039001;II;FX MATERIAIS MEDICOS HOSPITALARES LTDA;TAIZHOU HEALTHSEA MEDICAL CO. LTD;CHINA, REPÚBLICA POPULAR
82325039002;II;FX MATERIAIS MEDICOS HOSPITALARES LTDA;TAIZHOU HEALTHSEA MEDICAL CO. LTD;CHINA, REPÚBLICA POPULAR
82325039003;II;FX MATERIAIS MEDICOS HOSPITALARES LTDA;TAIZHOU HEALTHSEA MEDICAL CO. LTD;CHINA, REPÚBLICA POPULAR
82325039004;II;FX MATERIAIS MEDICOS HOSPITALARES LTDA;TAIZHOU HEALTHSEA MEDICAL CO. LTD;CHINA, REPÚBLICA POPULAR
82325039005;II;FX MATERIAIS MEDICOS HOSPITALARES LTDA;TAIZHOU HEALTHSEA MEDICAL CO. LTD;CHINA, REPÚBLICA POPULAR
82325039006;II;FX MATERIAIS MEDICOS HOSPITALARES LTDA;TAIZHOU HEALTHSEA MEDICAL CO. LTD;CHINA, REPÚBLICA POPULAR
82325039007;II;FX MATERIAIS MEDICOS HOSPITALARES LTDA;TAIZHOU HEALTHSEA MEDICAL CO. LTD;CHINA, REPÚBLICA POPULAR
82325039008;II;FX MATERIAIS MEDICOS HOSPITALARES LTDA;TAIZHOU HEALTHSEA MEDICAL CO. LTD;CHINA, REPÚBLICA POPULAR
82325039009;II;FX MATERIAIS MEDICOS HOSPITALARES LTDA;TAIZHOU HEALTHSEA MEDICAL CO. LTD;CHINA, REPÚBLICA POPULAR
82325039010;II;FX MATERIAIS MEDICOS HOSPITALARES LTDA;TAIZHOU HEALTHSEA MEDICAL CO. LTD;CHINA, REPÚBLICA POPULAR
82325039011;II;FX MATERIAIS MEDICOS HOSPITALARES LTDA;TAIZHOU HEALTHSEA MEDICAL CO. LTD;CHINA, REPÚBLICA POPULAR
82325039012;II;FX MATERIAIS MEDICOS HOSPITALARES LTDA;TAIZHOU HEALTHSEA MEDICAL CO. LTD;CHINA, REPÚBLICA POPULAR
82325039013;II;FX MATERIAIS MEDICOS HOSPITALARES LTDA;TAIZHOU HEALTHSEA MEDICAL CO. LTD;CHINA, REPÚBLICA POPULAR
82325039014;II;FX MATERIAIS MEDICOS HOSPITALARES LTDA;TAIZHOU HEALTHSEA MEDICAL CO. LTD;CHINA, REPÚBLICA POPULAR
82325039015;II;FX MATERIAIS MEDICOS HOSPITALARES LTDA;TAIZHOU HEALTHSEA MEDICAL CO. LTD;CHINA, REPÚBLICA POPULAR
82325039016;II;FX MATERIAIS MEDICOS HOSPITALARES LTDA;TAIZHOU HEALTHSEA MEDICAL CO. LTD;CHINA, REPÚBLICA POPULAR
82325039017;II;FX MATERIAIS MEDICOS HOSPITALARES LTDA;TAIZHOU HEALTHSEA MEDICAL CO. LTD;CHINA, REPÚBLICA POPULAR
82325039018;II;FX MATERIAIS MEDICOS HOSPITALARES LTDA;TAIZHOU HEALTHSEA MEDICAL CO. LTD;CHINA, REPÚBLICA POPULAR
82325039019;II;FX MATERIAIS MEDICOS HOSPITALARES LTDA;TAIZHOU HEALTHSEA MEDICAL CO. LTD;CHINA, REPÚBLICA POPULAR
82325039020;II;FX MATERIAIS MEDICOS HOSPITALARES LTDA;TAIZHOU HEALTHSEA MEDICAL CO. LTD;CHINA, REPÚBLICA POPULAR
82325039021;II;FX MATERIAIS MEDICOS HOSPITALARES LTDA;TAIZHOU HEALTHSEA MEDICAL CO. LTD;CHINA, REPÚBLICA POPULAR
82325039022;II;FX MATERIAIS MEDICOS HOSPITALARES LTDA;TAIZHOU HEALTHSEA MEDICAL CO. LTD;CHINA, REPÚBLICA POPULAR
82325039023;II;FX MATERIAIS MEDICOS HOSPITALARES LTDA;SUZHOU KYUAN MEDICAL APPARATUS CO., LTD.;CHINA, REPÚBLICA POPULAR
82325039024;II;FX MATERIAIS MEDICOS HOSPITALARES LTDA;SUZHOU KYUAN MEDICAL APPARATUS CO., LTD.;CHINA, REPÚBLICA POPULAR
82325039025;II;FX MATERIAIS MEDICOS HOSPITALARES LTDA;SUZHOU KYUAN MEDICAL APPARATUS CO., LTD.;CHINA, REPÚBLICA POPULAR
82325039026;II;FX MATERIAIS MEDICOS HOSPITALARES LTDA;TAIZHOU HEALTHSEA MEDICAL CO. LTD;CHINA, REPÚBLICA POPULAR
82325039027;II;FX MATERIAIS MEDICOS HOSPITALARES LTDA;SUZHOU KYUAN MEDICAL APPARATUS CO., LTD.;CHINA, REPÚBLICA POPULAR
82325039029;II;FX MATERIAIS MEDICOS HOSPITALARES LTDA;TAIZHOU HEALTHSEA MEDICAL CO. LTD;CHINA, REPÚBLICA POPULAR
82325039030;II;FX MATERIAIS MEDICOS HOSPITALARES LTDA;TAIZHOU HEALTHSEA MEDICAL CO. LTD;CHINA, REPÚBLICA POPULAR
82325039031;II;FX MATERIAIS MEDICOS HOSPITALARES LTDA;SUZHOU KYUAN MEDICAL APPARATUS CO., LTD.;CHINA, REPÚBLICA POPULAR
82325039032;II;FX MATERIAIS MEDICOS HOSPITALARES LTDA;SUZHOU KYUAN MEDICAL APPARATUS CO., LTD.;CHINA, REPÚBLICA POPULAR
82325039033;II;FX MATERIAIS MEDICOS HOSPITALARES LTDA;SUZHOU KYUAN MEDICAL APPARATUS CO., LTD.;CHINA, REPÚBLICA POPULAR
82325039035;II;FX MATERIAIS MEDICOS HOSPITALARES LTDA;TAIZHOU HEALTHSEA MEDICAL CO. LTD;CHINA, REPÚBLICA POPULAR
82325039036;II;FX MATERIAIS MEDICOS HOSPITALARES LTDA;TAIZHOU HEALTHSEA MEDICAL CO. LTD;CHINA, REPÚBLICA POPULAR
82325039037;II;FX MATERIAIS MEDICOS HOSPITALARES LTDA;TAIZHOU HEALTHSEA MEDICAL CO. LTD;CHINA, REPÚBLICA POPULAR
82325039038;II;FX MATERIAIS MEDICOS HOSPITALARES LTDA;TAIZHOU HEALTHSEA MEDICAL CO. LTD;CHINA, REPÚBLICA POPULAR
82325039039;II;FX MATERIAIS MEDICOS HOSPITALARES LTDA;TAIZHOU HEALTHSEA MEDICAL CO. LTD;CHINA, REPÚBLICA POPULAR
82325039040;II;FX MATERIAIS MEDICOS HOSPITALARES LTDA;TAIZHOU HEALTHSEA MEDICAL CO. LTD;CHINA, REPÚBLICA POPULAR
82325039041;II;FX MATERIAIS MEDICOS HOSPITALARES LTDA;TAIZHOU HEALTHSEA MEDICAL CO. LTD;CHINA, REPÚBLICA POPULAR
82325039042;II;FX MATERIAIS MEDICOS HOSPITALARES LTDA;TAIZHOU HEALTHSEA MEDICAL CO. LTD;CHINA, REPÚBLICA POPULAR
82325039043;II;FX MATERIAIS MEDICOS HOSPITALARES LTDA;TAIZHOU HEALTHSEA MEDICAL CO. LTD;CHINA, REPÚBLICA POPULAR
82325039044;II;FX MATERIAIS MEDICOS HOSPITALARES LTDA;TAIZHOU HEALTHSEA MEDICAL CO. LTD;CHINA, REPÚBLICA POPULAR
82325039045;II;FX MATERIAIS MEDICOS HOSPITALARES LTDA;TAIZHOU HEALTHSEA MEDICAL CO. LTD;CHINA, REPÚBLICA POPULAR
82325039046;II;FX MATERIAIS MEDICOS HOSPITALARES LTDA;TAIZHOU HEALTHSEA MEDICAL CO. LTD;CHINA, REPÚBLICA POPULAR
82325039047;II;FX MATERIAIS MEDICOS HOSPITALARES LTDA;TAIZHOU HEALTHSEA MEDICAL CO. LTD;CHINA, REPÚBLICA POPULAR
82325039048;II;FX MATERIAIS MEDICOS HOSPITALARES LTDA;TAIZHOU HEALTHSEA MEDICAL CO. LTD;CHINA, REPÚBLICA POPULAR
