registro_anvisa;classe_risco;fabricante_nacional;fabricante_internacional;pais
81866180002;II;T C I LABORATORIO BIOTECNOLOGICO LTDA;T C I LABORATORIO BIOTECNOLOGICO LTDA;BRASIL
81866180003;I;T C I LABORATORIO BIOTECNOLOGICO LTDA;T C I LABORATORIO BIOTECNOLOGICO LTDA;BRASIL
81866180004;II;T C I LABORATORIO BIOTECNOLOGICO LTDA;T C I LABORATORIO BIOTECNOLOGICO LTDA;BRASIL
81866180005;II;T C I LABORATORIO BIOTECNOLOGICO LTDA;T C I LABORATORIO BIOTECNOLOGICO LTDA;BRASIL
81866180006;IV;T C I LABORATORIO BIOTECNOLOGICO LTDA;T C I LABORATORIO BIOTECNOLOGICO LTDA;BRASIL
81866189001;II;T C I LABORATORIO BIOTECNOLOGICO LTDA;T C I LABORATORIO BIOTECNOLOGICO LTDA;BRASIL
81866189003;II;T C I LABORATORIO BIOTECNOLOGICO LTDA;T C I LABORATORIO BIOTECNOLOGICO LTDA;BRASIL
81866189004;II;T C I LABORATORIO BIOTECNOLOGICO LTDA;T C I LABORATORIO BIOTECNOLOGICO LTDA;BRASIL
81866189005;II;T C I LABORATORIO BIOTECNOLOGICO LTDA;T C I LABORATORIO BIOTECNOLOGICO LTDA;BRASIL
81866189006;II;T C I LABORATORIO BIOTECNOLOGICO LTDA;T C I LABORATORIO BIOTECNOLOGICO LTDA;BRASIL
81866189009;II;T C I LABORATORIO BIOTECNOLOGICO LTDA;T C I LABORATORIO BIOTECNOLOGICO LTDA;BRASIL
81866189011;II;T C I LABORATORIO BIOTECNOLOGICO LTDA;T C I LABORATORIO BIOTECNOLOGICO LTDA;BRASIL
81866189012;II;T C I LABORATORIO BIOTECNOLOGICO LTDA;T C I LABORATORIO BIOTECNOLOGICO LTDA;BRASIL
81866189014;II;T C I LABORATORIO BIOTECNOLOGICO LTDA;T C I LABORATORIO BIOTECNOLOGICO LTDA;BRASIL
81866189015;II;T C I LABORATORIO BIOTECNOLOGICO LTDA;T C I LABORATORIO BIOTECNOLOGICO LTDA;BRASIL
80679519001;II;T.D. & V. COMERCIO DE PRODUTOS ODONTOLOGICOS E HOSPITALARES LTDA;MAIS INDIA MEDICAL DEVICES PVT. LTD.;ÍNDIA
80679519002;II;T.D. & V. COMERCIO DE PRODUTOS ODONTOLOGICOS E HOSPITALARES LTDA;MAIS INDIA MEDICAL DEVICES PVT. LTD.;ÍNDIA
80679519003;II;T.D. & V. COMERCIO DE PRODUTOS ODONTOLOGICOS E HOSPITALARES LTDA;MAIS INDIA MEDICAL DEVICES PVT. LTD.;ÍNDIA
80679519004;II;T.D. & V. COMERCIO DE PRODUTOS ODONTOLOGICOS E HOSPITALARES LTDA;LARS MEDICARE PVT. LTD.;ÍNDIA
80679519005;II;T.D. & V. COMERCIO DE PRODUTOS ODONTOLOGICOS E HOSPITALARES LTDA;LARS MEDICARE PVT. LTD.;ÍNDIA
80679519006;II;T.D. & V. COMERCIO DE PRODUTOS ODONTOLOGICOS E HOSPITALARES LTDA;YANCHENG HUIDA MEDICAL INSTRUMENTS CO.,LTD (YANCHENG);CHINA, REPÚBLICA POPULAR
80679519007;II;T.D. & V. COMERCIO DE PRODUTOS ODONTOLOGICOS E HOSPITALARES LTDA;SUZHOU KYUAN MEDICAL APPARATUS;CHINA, REPÚBLICA POPULAR
80679519008;II;T.D. & V. COMERCIO DE PRODUTOS ODONTOLOGICOS E HOSPITALARES LTDA;BERPU MEDICAL TECHNOLOGY CO., LTD;CHINA, REPÚBLICA POPULAR
80679519009;II;T.D. & V. COMERCIO DE PRODUTOS ODONTOLOGICOS E HOSPITALARES LTDA;WORLD WORK SRL;ITÁLIA
80679519010;II;T.D. & V. COMERCIO DE PRODUTOS ODONTOLOGICOS E HOSPITALARES LTDA;HUAIYIN MEDICAL INSTRUMENTS CO. LTD.;CHINA, REPÚBLICA POPULAR
80679519011;II;T.D. & V. COMERCIO DE PRODUTOS ODONTOLOGICOS E HOSPITALARES LTDA;HUAIYIN MEDICAL INSTRUMENTS CO. LTD.;CHINA, REPÚBLICA POPULAR
80159590001;I;TAB INSTRUMENTOS CIRÚRGICOS LTDA-EPP.;TAB INSTRUMENTOS CIRÚRGICOS LTDA-EPP.;BRASIL
80159590002;I;TAB INSTRUMENTOS CIRÚRGICOS LTDA-EPP.;TAB INSTRUMENTOS CIRÚRGICOS LTDA-EPP.;BRASIL
80159590006;II;TAB INSTRUMENTOS CIRÚRGICOS LTDA-EPP.;TAB INSTRUMENTOS CIRÚRGICOS LTDA-EPP.;BRASIL
80159590007;I;TAB INSTRUMENTOS CIRÚRGICOS LTDA-EPP.;TAB INSTRUMENTOS CIRÚRGICOS LTDA-EPP.;BRASIL
80159590008;I;TAB INSTRUMENTOS CIRÚRGICOS LTDA-EPP.;TAB INSTRUMENTOS CIRÚRGICOS LTDA-EPP.;BRASIL
80159590010;I;TAB INSTRUMENTOS CIRÚRGICOS LTDA-EPP.;TAB INSTRUMENTOS CIRÚRGICOS LTDA-EPP.;BRASIL
80159599002;II;TAB INSTRUMENTOS CIRÚRGICOS LTDA-EPP.;TAB INSTRUMENTOS CIRÚRGICOS LTDA-EPP.;BRASIL
80159599003;II;TAB INSTRUMENTOS CIRÚRGICOS LTDA-EPP.;TAB INSTRUMENTOS CIRÚRGICOS LTDA-EPP.;BRASIL
80159599004;II;TAB INSTRUMENTOS CIRÚRGICOS LTDA-EPP.;TAB INSTRUMENTOS CIRÚRGICOS LTDA-EPP.;BRASIL
82037610001;II;TAG COMERCIO INTERNACIONAL LTDA;HANGZHOU SEPLOU HEALTHCARE CO., LIMITED;CHINA, REPÚBLICA POPULAR
82037610002;II;TAG COMERCIO INTERNACIONAL LTDA;HANGZHOU SEPLOU HEALTHCARE CO., LIMITED;CHINA, REPÚBLICA POPULAR
82037619002;II;TAG COMERCIO INTERNACIONAL LTDA;HANGZHOU SEPLOU HEALTHCARE CO., LIMITED;CHINA, REPÚBLICA POPULAR
82037619003;II;TAG COMERCIO INTERNACIONAL LTDA;HANGZHOU SEPLOU HEALTHCARE CO., LIMITED;CHINA, REPÚBLICA POPULAR
82037619004;II;TAG COMERCIO INTERNACIONAL LTDA;HANGZHOU SEPLOU HEALTHCARE CO., LIMITED;CHINA, REPÚBLICA POPULAR
82037619005;II;TAG COMERCIO INTERNACIONAL LTDA;HANGZHOU SEPLOU HEALTHCARE CO., LIMITED;CHINA, REPÚBLICA POPULAR
82037619006;II;TAG COMERCIO INTERNACIONAL LTDA;HANGZHOU SEPLOU HEALTHCARE CO., LIMITED;CHINA, REPÚBLICA POPULAR
82037619007;II;TAG COMERCIO INTERNACIONAL LTDA;HANGZHOU SEPLOU HEALTHCARE CO., LIMITED;CHINA, REPÚBLICA POPULAR
82037619008;II;TAG COMERCIO INTERNACIONAL LTDA;HANGZHOU SEPLOU HEALTHCARE CO., LIMITED;CHINA, REPÚBLICA POPULAR
82037619009;II;TAG COMERCIO INTERNACIONAL LTDA;HANGZHOU SEPLOU HEALTHCARE CO., LIMITED;CHINA, REPÚBLICA POPULAR
82037619010;II;TAG COMERCIO INTERNACIONAL LTDA;HANGZHOU SEPLOU HEALTHCARE CO., LIMITED;CHINA, REPÚBLICA POPULAR
81854310001;I;TAG-FABRICAÇÃO DE MATERIAIS PARA MEDICINA E ODONTOLOGIA LTDA;TAG-FABRICAÇÃO DE MATERIAIS PARA MEDICINA E ODONTOLOGIA LTDA;BRASIL
81854310002;I;TAG-FABRICAÇÃO DE MATERIAIS PARA MEDICINA E ODONTOLOGIA LTDA;TAG-FABRICAÇÃO DE MATERIAIS PARA MEDICINA E ODONTOLOGIA LTDA;BRASIL
81854310003;I;TAG-FABRICAÇÃO DE MATERIAIS PARA MEDICINA E ODONTOLOGIA LTDA;TAG-FABRICAÇÃO DE MATERIAIS PARA MEDICINA E ODONTOLOGIA LTDA;BRASIL
81854310004;I;TAG-FABRICAÇÃO DE MATERIAIS PARA MEDICINA E ODONTOLOGIA LTDA;TAG-FABRICAÇÃO DE MATERIAIS PARA MEDICINA E ODONTOLOGIA LTDA;BRASIL
81854310005;I;TAG-FABRICAÇÃO DE MATERIAIS PARA MEDICINA E ODONTOLOGIA LTDA;TAG-FABRICAÇÃO DE MATERIAIS PARA MEDICINA E ODONTOLOGIA LTDA;BRASIL
81854310006;I;TAG-FABRICAÇÃO DE MATERIAIS PARA MEDICINA E ODONTOLOGIA LTDA;TAG-FABRICAÇÃO DE MATERIAIS PARA MEDICINA E ODONTOLOGIA LTDA;BRASIL
81854310007;I;TAG-FABRICAÇÃO DE MATERIAIS PARA MEDICINA E ODONTOLOGIA LTDA;TAG-FABRICAÇÃO DE MATERIAIS PARA MEDICINA E ODONTOLOGIA LTDA;BRASIL
81854310008;I;TAG-FABRICAÇÃO DE MATERIAIS PARA MEDICINA E ODONTOLOGIA LTDA;TAG-FABRICAÇÃO DE MATERIAIS PARA MEDICINA E ODONTOLOGIA LTDA;BRASIL
81854310009;I;TAG-FABRICAÇÃO DE MATERIAIS PARA MEDICINA E ODONTOLOGIA LTDA;TAG-FABRICAÇÃO DE MATERIAIS PARA MEDICINA E ODONTOLOGIA LTDA;BRASIL
81854310010;I;TAG-FABRICAÇÃO DE MATERIAIS PARA MEDICINA E ODONTOLOGIA LTDA;TAG-FABRICAÇÃO DE MATERIAIS PARA MEDICINA E ODONTOLOGIA LTDA;BRASIL
81854310011;I;TAG-FABRICAÇÃO DE MATERIAIS PARA MEDICINA E ODONTOLOGIA LTDA;TAG-FABRICAÇÃO DE MATERIAIS PARA MEDICINA E ODONTOLOGIA LTDA;BRASIL
81854310012;I;TAG-FABRICAÇÃO DE MATERIAIS PARA MEDICINA E ODONTOLOGIA LTDA;TAG-FABRICAÇÃO DE MATERIAIS PARA MEDICINA E ODONTOLOGIA LTDA;BRASIL
81854310014;I;TAG-FABRICAÇÃO DE MATERIAIS PARA MEDICINA E ODONTOLOGIA LTDA;TAG-FABRICAÇÃO DE MATERIAIS PARA MEDICINA E ODONTOLOGIA LTDA;BRASIL
81854310015;I;TAG-FABRICAÇÃO DE MATERIAIS PARA MEDICINA E ODONTOLOGIA LTDA;TAG-FABRICAÇÃO DE MATERIAIS PARA MEDICINA E ODONTOLOGIA LTDA;BRASIL
81854310016;I;TAG-FABRICAÇÃO DE MATERIAIS PARA MEDICINA E ODONTOLOGIA LTDA;TAG-FABRICAÇÃO DE MATERIAIS PARA MEDICINA E ODONTOLOGIA LTDA;BRASIL
81854310017;I;TAG-FABRICAÇÃO DE MATERIAIS PARA MEDICINA E ODONTOLOGIA LTDA;TAG-FABRICAÇÃO DE MATERIAIS PARA MEDICINA E ODONTOLOGIA LTDA;BRASIL
81854310018;I;TAG-FABRICAÇÃO DE MATERIAIS PARA MEDICINA E ODONTOLOGIA LTDA;TAG-FABRICAÇÃO DE MATERIAIS PARA MEDICINA E ODONTOLOGIA LTDA;BRASIL
81854310019;I;TAG-FABRICAÇÃO DE MATERIAIS PARA MEDICINA E ODONTOLOGIA LTDA;TAG-FABRICAÇÃO DE MATERIAIS PARA MEDICINA E ODONTOLOGIA LTDA;BRASIL
81854310020;I;TAG-FABRICAÇÃO DE MATERIAIS PARA MEDICINA E ODONTOLOGIA LTDA;TAG-FABRICAÇÃO DE MATERIAIS PARA MEDICINA E ODONTOLOGIA LTDA;BRASIL
81854310021;I;TAG-FABRICAÇÃO DE MATERIAIS PARA MEDICINA E ODONTOLOGIA LTDA;TAG-FABRICAÇÃO DE MATERIAIS PARA MEDICINA E ODONTOLOGIA LTDA;BRASIL
81854310022;I;TAG-FABRICAÇÃO DE MATERIAIS PARA MEDICINA E ODONTOLOGIA LTDA;TAG-FABRICAÇÃO DE MATERIAIS PARA MEDICINA E ODONTOLOGIA LTDA;BRASIL
81854310023;I;TAG-FABRICAÇÃO DE MATERIAIS PARA MEDICINA E ODONTOLOGIA LTDA;TAG-FABRICAÇÃO DE MATERIAIS PARA MEDICINA E ODONTOLOGIA LTDA;BRASIL
80383780002;II;TALDEN IMPORTAÇÃO E COMÉRCIO DE EQUIPAMENTOS PARA A SAÚDE LTDA;NUXEN SRL;ARGENTINA
80383780003;II;TALDEN IMPORTAÇÃO E COMÉRCIO DE EQUIPAMENTOS PARA A SAÚDE LTDA;NUXEN SRL;ARGENTINA
80383780004;II;TALDEN IMPORTAÇÃO E COMÉRCIO DE EQUIPAMENTOS PARA A SAÚDE LTDA;NUXEN SRL;ARGENTINA
80383780005;II;TALDEN IMPORTAÇÃO E COMÉRCIO DE EQUIPAMENTOS PARA A SAÚDE LTDA;NUXEN SRL;ARGENTINA
80383780006;II;TALDEN IMPORTAÇÃO E COMÉRCIO DE EQUIPAMENTOS PARA A SAÚDE LTDA;NUXEN SRL;ARGENTINA
80383789001;II;TALDEN IMPORTAÇÃO E COMÉRCIO DE EQUIPAMENTOS PARA A SAÚDE LTDA;NUXEN SRL;ARGENTINA
80383789002;II;TALDEN IMPORTAÇÃO E COMÉRCIO DE EQUIPAMENTOS PARA A SAÚDE LTDA;NUXEN SRL;ARGENTINA
80383789003;II;TALDEN IMPORTAÇÃO E COMÉRCIO DE EQUIPAMENTOS PARA A SAÚDE LTDA;NUXEN SRL;ARGENTINA
80383789004;II;TALDEN IMPORTAÇÃO E COMÉRCIO DE EQUIPAMENTOS PARA A SAÚDE LTDA;NUXEN SRL;ARGENTINA
80383789004;II;TALDEN IMPORTAÇÃO E COMÉRCIO DE EQUIPAMENTOS PARA A SAÚDE LTDA;TALDEN IMPORTACAO E COMERCIO DE EQUIPAMENTOS PARA A SAUDE LTDA.;BRASIL
83189889001;II;TALDEN IMPORTACAO E COMERCIO DE EQUIPAMENTOS PARA A SAUDE LTDA.;TALDEN IMPORTACAO E COMERCIO DE EQUIPAMENTOS PARA A SAUDE LTDA.;BRASIL
83189889002;II;TALDEN IMPORTACAO E COMERCIO DE EQUIPAMENTOS PARA A SAUDE LTDA.;TALDEN IMPORTACAO E COMERCIO DE EQUIPAMENTOS PARA A SAUDE LTDA.;BRASIL
83189889003;II;TALDEN IMPORTACAO E COMERCIO DE EQUIPAMENTOS PARA A SAUDE LTDA.;TALDEN IMPORTACAO E COMERCIO DE EQUIPAMENTOS PARA A SAUDE LTDA.;BRASIL
83189889004;II;TALDEN IMPORTACAO E COMERCIO DE EQUIPAMENTOS PARA A SAUDE LTDA.;TALDEN IMPORTACAO E COMERCIO DE EQUIPAMENTOS PARA A SAUDE LTDA.;BRASIL
83189889005;II;TALDEN IMPORTACAO E COMERCIO DE EQUIPAMENTOS PARA A SAUDE LTDA.;TALDEN IMPORTACAO E COMERCIO DE EQUIPAMENTOS PARA A SAUDE LTDA.;BRASIL
83189889006;II;TALDEN IMPORTACAO E COMERCIO DE EQUIPAMENTOS PARA A SAUDE LTDA.;TALDEN IMPORTACAO E COMERCIO DE EQUIPAMENTOS PARA A SAUDE LTDA.;BRASIL
10351890006;II;TALMAX PRODUTOS DE PROTESE DENTARIA LTDA;TALLADIUM INCORPORATED;ESTADOS UNIDOS DA AMÉRICA
10351890007;II;TALMAX PRODUTOS DE PROTESE DENTARIA LTDA;TALLADIUM INCORPORATED;ESTADOS UNIDOS DA AMÉRICA
10351890008;II;TALMAX PRODUTOS DE PROTESE DENTARIA LTDA;TALMAX PRODUTOS DE PROTESE DENTARIA LTDA;BRASIL
10351890010;II;TALMAX PRODUTOS DE PROTESE DENTARIA LTDA;ALPHADENT;CORÉIA DO SUL
10351890011;II;TALMAX PRODUTOS DE PROTESE DENTARIA LTDA;ZIRKONZAHN GMBH/ SRL;ITÁLIA
10351890012;II;TALMAX PRODUTOS DE PROTESE DENTARIA LTDA;TALLADIUM INCORPORATED;ESTADOS UNIDOS DA AMÉRICA
10351890013;II;TALMAX PRODUTOS DE PROTESE DENTARIA LTDA;Prime Dental Manufacturing Inc.;ESTADOS UNIDOS DA AMÉRICA
10351890014;I;TALMAX PRODUTOS DE PROTESE DENTARIA LTDA;BEIJING HYGEIA MEDICAL INSTRUMENTS CO., LTD.;CHINA, REPÚBLICA POPULAR
10351890016;II;TALMAX PRODUTOS DE PROTESE DENTARIA LTDA;TALMAX PRODUTOS DE PROTESE DENTARIA LTDA;BRASIL
10351890017;II;TALMAX PRODUTOS DE PROTESE DENTARIA LTDA;ZIRKONZAHN SRL;ITÁLIA
10351890018;II;TALMAX PRODUTOS DE PROTESE DENTARIA LTDA;Shenzhen Upcera Dental Technology Co., Ltd;CHINA, REPÚBLICA POPULAR
10351890019;II;TALMAX PRODUTOS DE PROTESE DENTARIA LTDA;SHENZHEN UPCERA DENTAL TECHNOLOGY CO., LTD.;CHINA, REPÚBLICA POPULAR
10351890020;II;TALMAX PRODUTOS DE PROTESE DENTARIA LTDA;Shenzhen Upcera Dental Technology Co., Ltd;CHINA, REPÚBLICA POPULAR
10351890021;II;TALMAX PRODUTOS DE PROTESE DENTARIA LTDA;DENTIS CO, LTD;CORÉIA DO SUL
10351899001;II;TALMAX PRODUTOS DE PROTESE DENTARIA LTDA;ZIRKONZAHN SRL;ITÁLIA
10351899002;II;TALMAX PRODUTOS DE PROTESE DENTARIA LTDA;ZIRKONZAHN SRL;ITÁLIA
10351899003;II;TALMAX PRODUTOS DE PROTESE DENTARIA LTDA;DENTAURUM GMBH & CO KG.;ALEMANHA
10351899004;II;TALMAX PRODUTOS DE PROTESE DENTARIA LTDA;SHENZHEN UPCERA DENTAL TECHNOLOGY CO., LTD.;CHINA, REPÚBLICA POPULAR
10351899005;II;TALMAX PRODUTOS DE PROTESE DENTARIA LTDA;AUDENTAL BIO-MATERIAL CO., LTD.;CHINA, REPÚBLICA POPULAR
10351899006;II;TALMAX PRODUTOS DE PROTESE DENTARIA LTDA;SHENZHEN UPCERA DENTAL TECHNOLOGY CO., LTD.;CHINA, REPÚBLICA POPULAR
80093570001;II;Tanariman Industrial Ltda;Tanariman Industrial Ltda;BRASIL
80093570002;II;Tanariman Industrial Ltda;Tanariman Industrial Ltda;BRASIL
81770850001;I;TAPUZ IMPORTADORA E EXPORTADORA LTDA;YANGHZOU GOLDENWELL MEDICAL DEVICES FACTORY;CHINA, REPÚBLICA POPULAR
81770850002;I;TAPUZ IMPORTADORA E EXPORTADORA LTDA;YANGHZOU GOLDENWELL MEDICAL DEVICES FACTORY;CHINA, REPÚBLICA POPULAR
81770850006;I;TAPUZ IMPORTADORA E EXPORTADORA LTDA;YANGHZOU GOLDENWELL MEDICAL DEVICES FACTORY;CHINA, REPÚBLICA POPULAR
81770850007;I;TAPUZ IMPORTADORA E EXPORTADORA LTDA;YANGHZOU GOLDENWELL MEDICAL DEVICES FACTORY;CHINA, REPÚBLICA POPULAR
81770850008;I;TAPUZ IMPORTADORA E EXPORTADORA LTDA;NANJING 3H MEDICAL PRODUCTS CO, LTD.;CHINA, REPÚBLICA POPULAR
81770850009;I;TAPUZ IMPORTADORA E EXPORTADORA LTDA;NANJING 3H MEDICAL PRODUCTS CO, LTD.;CHINA, REPÚBLICA POPULAR
81770850010;I;TAPUZ IMPORTADORA E EXPORTADORA LTDA;NANJING 3H MEDICAL PRODUCTS CO. LTD.;CHINA, REPÚBLICA POPULAR
80256170001;I;TARGA MEDICAL S.A.;TARGA S.A.;BRASIL
80256170002;I;TARGA MEDICAL S.A.;TARGA S.A.;BRASIL
80256170004;I;TARGA MEDICAL S.A.;TOP GLOVE SDN BHD;MALÁSIA
80256170005;I;TARGA MEDICAL S.A.;TOP GLOVE SDN BHD;MALÁSIA
80256170012;I;TARGA MEDICAL S.A.;TG MEDICAL SDN BHD;MALÁSIA
80256170013;II;TARGA MEDICAL S.A.;TARGA S.A.;BRASIL
80256170014;II;TARGA MEDICAL S.A.;TARGA S.A.;BRASIL
80256170016;I;TARGA MEDICAL S.A.;TARGA S.A.;BRASIL
80256170017;II;TARGA MEDICAL S.A.;TARGA S.A.;BRASIL
80256170018;I;TARGA MEDICAL S.A.;TARGA S.A.;BRASIL
80256170019;I;TARGA MEDICAL S.A.;TARGA S.A.;BRASIL
80256170020;I;TARGA MEDICAL S.A.;TARGA S.A.;BRASIL
80256170021;I;TARGA MEDICAL S.A.;TARGA S.A.;BRASIL
80256170022;II;TARGA MEDICAL S.A.;TARGA S.A.;BRASIL
80256170023;II;TARGA MEDICAL S.A.;TARGA S.A.;BRASIL
80256170024;I;TARGA MEDICAL S.A.;TARGA S.A.;BRASIL
80256170025;II;TARGA MEDICAL S.A.;TARGA S.A.;BRASIL
80256170026;I;TARGA MEDICAL S.A.;YTY INDUSTRY (MANJUNG) SDN BHD.;MALÁSIA
80256170027;I;TARGA MEDICAL S.A.;TARGA MEDICAL S.A.;BRASIL
80256170028;I;TARGA MEDICAL S.A.;TARGA MEDICAL S.A.;BRASIL
80256170029;I;TARGA MEDICAL S.A.;JIANGXI HANDSPRO PRODUCTS SOLUTIONS CO., LTD;CHINA, REPÚBLICA POPULAR
80256170030;I;TARGA MEDICAL S.A.;TARGA MEDICAL S.A.;BRASIL
80256179001;II;TARGA MEDICAL S.A.;TARGA MEDICAL S.A.;BRASIL
80256179002;II;TARGA MEDICAL S.A.;TARGA MEDICAL S.A.;BRASIL
80256179004;II;TARGA MEDICAL S.A.;KANAM LATEX INDUSTRIES PRIVAT LIMITED.;ÍNDIA
80256179005;II;TARGA MEDICAL S.A.;KANAM LATEX INDUSTRIES PRIVAT LIMITED.;ÍNDIA
80256179006;II;TARGA MEDICAL S.A.;KANAM LATEX INDUSTRIES PRIVAT LIMITED.;ÍNDIA
82675610001;I;TARGA Medical S.A.;CROSS PROTECTION (M) SDN.BHD;MALÁSIA
80519830005;IV;TARGMED COMERCIO E IMPORTAÇAO DE PRODUTOS MEDICOS HOSPITALARES LTDA;;
80519830005;IV;TARGMED COMERCIO E IMPORTAÇAO DE PRODUTOS MEDICOS HOSPITALARES LTDA;TEXTILE HI-TEC S.A;FRANÇA
80519830006;IV;TARGMED COMERCIO E IMPORTAÇAO DE PRODUTOS MEDICOS HOSPITALARES LTDA;;
80519830006;IV;TARGMED COMERCIO E IMPORTAÇAO DE PRODUTOS MEDICOS HOSPITALARES LTDA;TEXTILE HI-TEC S.A;FRANÇA
80519830011;I;TARGMED COMERCIO E IMPORTAÇAO DE PRODUTOS MEDICOS HOSPITALARES LTDA;ZIMED Medical San. ve Tic. Ltd. Sti;TURQUIA
80519830012;I;TARGMED COMERCIO E IMPORTAÇAO DE PRODUTOS MEDICOS HOSPITALARES LTDA;ZIMED Medical San. ve Tic. Ltd. Sti;TURQUIA
80519830013;I;TARGMED COMERCIO E IMPORTAÇAO DE PRODUTOS MEDICOS HOSPITALARES LTDA;ZIMED Medical San. ve Tic. Ltd. Sti;TURQUIA
80519830014;I;TARGMED COMERCIO E IMPORTAÇAO DE PRODUTOS MEDICOS HOSPITALARES LTDA;ZIMED Medical San. ve Tic. Ltd. Sti;TURQUIA
80519830015;I;TARGMED COMERCIO E IMPORTAÇAO DE PRODUTOS MEDICOS HOSPITALARES LTDA;ZIMED Medical San. ve Tic. Ltd. Sti;TURQUIA
80519830018;I;TARGMED COMERCIO E IMPORTAÇAO DE PRODUTOS MEDICOS HOSPITALARES LTDA;CHONGQING FWS MEDICAL DEVICES CO, LTD.;CHINA, REPÚBLICA POPULAR
82883260001;I;TATI ALBINO MODELADORES LTDA ME;TATI ALBINO MODELADORES LTDA ME;BRASIL
82883260002;I;TATI ALBINO MODELADORES LTDA ME;TATI ALBINO MODELADORES LTDA ME;BRASIL
82726030002;I;TATTOO SUPPLY COMERCIO LTDA;LISHUI DRAGOART EQUIPMENT CO., LTD;CHINA, REPÚBLICA POPULAR
82726030003;I;TATTOO SUPPLY COMERCIO LTDA;LISHUI DRAGOART EQUIPMENT CO., LTD;CHINA, REPÚBLICA POPULAR
82726039001;II;TATTOO SUPPLY COMERCIO LTDA;LISHUI DRAGOART EQUIPMENT CO., LTD;CHINA, REPÚBLICA POPULAR
82726039002;II;TATTOO SUPPLY COMERCIO LTDA;LISHUI DRAGOART EQUIPMENT CO., LTD;CHINA, REPÚBLICA POPULAR
82726039003;II;TATTOO SUPPLY COMERCIO LTDA;LISHUI DRAGOART EQUIPMENT CO., LTD;CHINA, REPÚBLICA POPULAR
82726039004;II;TATTOO SUPPLY COMERCIO LTDA;LISHUI DRAGOART EQUIPMENT CO., LTD;CHINA, REPÚBLICA POPULAR
80567510007;II;TAUROVITA COMERCIO E IMPORTACAO LTDA;SURU INTERNATIONAL PVT. LTD;ÍNDIA
80567510009;I;TAUROVITA COMERCIO E IMPORTACAO LTDA;POLLAK (INTERNATIONAT) LTD;ISRAEL
80567510010;II;TAUROVITA COMERCIO E IMPORTACAO LTDA;Guangdong Baihe Medical Technology Co., Ltd;CHINA, REPÚBLICA POPULAR
80567510011;II;TAUROVITA COMERCIO E IMPORTACAO LTDA;Guangdong Baihe Medical Technology Co., Ltd;CHINA, REPÚBLICA POPULAR
80567510012;II;TAUROVITA COMERCIO E IMPORTACAO LTDA;Guangdong Baihe Medical Technology Co., Ltd;CHINA, REPÚBLICA POPULAR
80567510013;I;TAUROVITA COMERCIO E IMPORTACAO LTDA;YAFHO BIO-TECHNOLOGY CO., LTD;CHINA, REPÚBLICA POPULAR
80567510014;I;TAUROVITA COMERCIO E IMPORTACAO LTDA;YAFHO BIO-TECHNOLOGY CO., LTD;CHINA, REPÚBLICA POPULAR
80567510015;II;TAUROVITA COMERCIO E IMPORTACAO LTDA;YAFHO BIO-TECHNOLOGY CO., LTD;CHINA, REPÚBLICA POPULAR
80567510016;II;TAUROVITA COMERCIO E IMPORTACAO LTDA;Guangdong Baihe Medical Technology Co., Ltd;CHINA, REPÚBLICA POPULAR
80567510017;I;TAUROVITA COMERCIO E IMPORTACAO LTDA;GERGONNE INDUSTRIE;FRANÇA
80567510018;I;TAUROVITA COMERCIO E IMPORTACAO LTDA;GERGONNE INDUSTRIE;FRANÇA
80567510019;I;TAUROVITA COMERCIO E IMPORTACAO LTDA;YAFHO BIO-TECHNOLOGY CO., LTD (GUANGZHOU);CHINA, REPÚBLICA POPULAR
80567510020;I;TAUROVITA COMERCIO E IMPORTACAO LTDA;PHARMAPLAST S.A.E;EGITO
80567510023;I;TAUROVITA COMERCIO E IMPORTACAO LTDA;PHARMAPLAST S.A.E;EGITO
80567519001;II;TAUROVITA COMERCIO E IMPORTACAO LTDA;ZHEJIANG RUNQIANG MEDICAL INSTRUMENTS CO., LTD;CHINA, REPÚBLICA POPULAR
80567519005;II;TAUROVITA COMERCIO E IMPORTACAO LTDA;SHANDONG SHINEMED TECHNOLOGY CO., LTD.;CHINA, REPÚBLICA POPULAR
80567519006;II;TAUROVITA COMERCIO E IMPORTACAO LTDA;GERGONNE INDUSTRIE;FRANÇA
80567519007;II;TAUROVITA COMERCIO E IMPORTACAO LTDA;GERGONNE INDUSTRIE;FRANÇA
80567519008;II;TAUROVITA COMERCIO E IMPORTACAO LTDA;PHARMAPLAST S.A.E;EGITO
82239620001;I;Tayco Equipamentos de Segurança LTDA;Tayco Equipamentos de Segurança LTDA;BRASIL
82317070002;I;TBDH HOSPITALAR LTDA;TBDH HOSPITALAR LTDA;BRASIL
82317070003;I;TBDH HOSPITALAR LTDA;TBDH HOSPITALAR LTDA;BRASIL
82317070004;I;TBDH HOSPITALAR LTDA;TBDH HOSPITALAR LTDA;BRASIL
80443110001;I;TBW IMPORTADORA LTDA;CONMED CORPORATION;ESTADOS UNIDOS DA AMÉRICA
82503100001;I;TCL QUIMICA INDUSTRIA DE MATERIAIS ODONTOLOGICOS, COMERCIO, IMPORTACAO E EXPORTACAO LTDA;TCL QUIMICA INDUSTRIA DE MATERIAIS ODONTOLOGICOS, COMERCIO, IMPORTACAO E EXPORTACAO LTDA;BRASIL
82503100002;I;TCL QUIMICA INDUSTRIA DE MATERIAIS ODONTOLOGICOS, COMERCIO, IMPORTACAO E EXPORTACAO LTDA;TCL QUIMICA INDUSTRIA DE MATERIAIS ODONTOLOGICOS, COMERCIO, IMPORTACAO E EXPORTACAO LTDA;BRASIL
82503100003;I;TCL QUIMICA INDUSTRIA DE MATERIAIS ODONTOLOGICOS, COMERCIO, IMPORTACAO E EXPORTACAO LTDA;TCL QUIMICA INDUSTRIA DE MATERIAIS ODONTOLOGICOS, COMERCIO, IMPORTACAO E EXPORTACAO LTDA;BRASIL
82503100005;I;TCL QUIMICA INDUSTRIA DE MATERIAIS ODONTOLOGICOS, COMERCIO, IMPORTACAO E EXPORTACAO LTDA;TCL QUIMICA INDUSTRIA DE MATERIAIS ODONTOLOGICOS, COMERCIO, IMPORTACAO E EXPORTACAO LTDA;BRASIL
82503100006;I;TCL QUIMICA INDUSTRIA DE MATERIAIS ODONTOLOGICOS, COMERCIO, IMPORTACAO E EXPORTACAO LTDA;TCL QUIMICA INDUSTRIA DE MATERIAIS ODONTOLOGICOS, COMERCIO, IMPORTACAO E EXPORTACAO LTDA;BRASIL
82503109001;II;TCL QUIMICA INDUSTRIA DE MATERIAIS ODONTOLOGICOS, COMERCIO, IMPORTACAO E EXPORTACAO LTDA;TCL QUIMICA INDUSTRIA DE MATERIAIS ODONTOLOGICOS, COMERCIO, IMPORTACAO E EXPORTACAO LTDA;BRASIL
82503109002;II;TCL QUIMICA INDUSTRIA DE MATERIAIS ODONTOLOGICOS, COMERCIO, IMPORTACAO E EXPORTACAO LTDA;TCL QUIMICA INDUSTRIA DE MATERIAIS ODONTOLOGICOS, COMERCIO, IMPORTACAO E EXPORTACAO LTDA;BRASIL
82503109003;II;TCL QUIMICA INDUSTRIA DE MATERIAIS ODONTOLOGICOS, COMERCIO, IMPORTACAO E EXPORTACAO LTDA;TCL QUIMICA INDUSTRIA DE MATERIAIS ODONTOLOGICOS, COMERCIO, IMPORTACAO E EXPORTACAO LTDA;BRASIL
82503109004;II;TCL QUIMICA INDUSTRIA DE MATERIAIS ODONTOLOGICOS, COMERCIO, IMPORTACAO E EXPORTACAO LTDA;TCL QUIMICA INDUSTRIA DE MATERIAIS ODONTOLOGICOS, COMERCIO, IMPORTACAO E EXPORTACAO LTDA;BRASIL
82503109005;II;TCL QUIMICA INDUSTRIA DE MATERIAIS ODONTOLOGICOS, COMERCIO, IMPORTACAO E EXPORTACAO LTDA;TCL QUIMICA INDUSTRIA DE MATERIAIS ODONTOLOGICOS, COMERCIO, IMPORTACAO E EXPORTACAO LTDA;BRASIL
82503109006;II;TCL QUIMICA INDUSTRIA DE MATERIAIS ODONTOLOGICOS, COMERCIO, IMPORTACAO E EXPORTACAO LTDA;TCL QUIMICA INDUSTRIA DE MATERIAIS ODONTOLOGICOS, COMERCIO, IMPORTACAO E EXPORTACAO LTDA;BRASIL
82503109007;II;TCL QUIMICA INDUSTRIA DE MATERIAIS ODONTOLOGICOS, COMERCIO, IMPORTACAO E EXPORTACAO LTDA;TCL QUIMICA INDUSTRIA DE MATERIAIS ODONTOLOGICOS, COMERCIO, IMPORTACAO E EXPORTACAO LTDA;BRASIL
82503109009;II;TCL QUIMICA INDUSTRIA DE MATERIAIS ODONTOLOGICOS, COMERCIO, IMPORTACAO E EXPORTACAO LTDA;TCL QUIMICA INDUSTRIA DE MATERIAIS ODONTOLOGICOS, COMERCIO, IMPORTACAO E EXPORTACAO LTDA;BRASIL
82503109010;II;TCL QUIMICA INDUSTRIA DE MATERIAIS ODONTOLOGICOS, COMERCIO, IMPORTACAO E EXPORTACAO LTDA;TCL QUIMICA INDUSTRIA DE MATERIAIS ODONTOLOGICOS, COMERCIO, IMPORTACAO E EXPORTACAO LTDA;BRASIL
82503109011;II;TCL QUIMICA INDUSTRIA DE MATERIAIS ODONTOLOGICOS, COMERCIO, IMPORTACAO E EXPORTACAO LTDA;TCL QUIMICA INDUSTRIA DE MATERIAIS ODONTOLOGICOS, COMERCIO, IMPORTACAO E EXPORTACAO LTDA;BRASIL
82503109012;II;TCL QUIMICA INDUSTRIA DE MATERIAIS ODONTOLOGICOS, COMERCIO, IMPORTACAO E EXPORTACAO LTDA;TCL QUIMICA INDUSTRIA DE MATERIAIS ODONTOLOGICOS, COMERCIO, IMPORTACAO E EXPORTACAO LTDA;BRASIL
82503109013;II;TCL QUIMICA INDUSTRIA DE MATERIAIS ODONTOLOGICOS, COMERCIO, IMPORTACAO E EXPORTACAO LTDA;TCL QUIMICA INDUSTRIA DE MATERIAIS ODONTOLOGICOS, COMERCIO, IMPORTACAO E EXPORTACAO LTDA;BRASIL
82503109014;II;TCL QUIMICA INDUSTRIA DE MATERIAIS ODONTOLOGICOS, COMERCIO, IMPORTACAO E EXPORTACAO LTDA;TCL QUIMICA INDUSTRIA DE MATERIAIS ODONTOLOGICOS, COMERCIO, IMPORTACAO E EXPORTACAO LTDA;BRASIL
82503109015;II;TCL QUIMICA INDUSTRIA DE MATERIAIS ODONTOLOGICOS, COMERCIO, IMPORTACAO E EXPORTACAO LTDA;TCL QUIMICA INDUSTRIA DE MATERIAIS ODONTOLOGICOS, COMERCIO, IMPORTACAO E EXPORTACAO LTDA;BRASIL
81044960001;II;TCP COMERCIO E LOCAÇÃO DE ARTIGOS MEDICOS E HOSPITALARES LTDA-EPP;NEUROMEDEX GmbH.;ALEMANHA
81044960003;II;TCP COMERCIO E LOCAÇÃO DE ARTIGOS MEDICOS E HOSPITALARES LTDA-EPP;APRO KOREA Inc;CORÉIA DO SUL
81044960004;II;TCP COMERCIO E LOCAÇÃO DE ARTIGOS MEDICOS E HOSPITALARES LTDA-EPP;APRO KOREA Inc;CORÉIA DO SUL
81044960005;II;TCP COMERCIO E LOCAÇÃO DE ARTIGOS MEDICOS E HOSPITALARES LTDA-EPP;PAJUNK MEDIZINTECHNOLOGIE GmbH;ALEMANHA
81044960006;II;TCP COMERCIO E LOCAÇÃO DE ARTIGOS MEDICOS E HOSPITALARES LTDA-EPP;PAJUNK MEDIZINTECHNOLOGIE GmbH;ALEMANHA
81044960007;II;TCP COMERCIO E LOCAÇÃO DE ARTIGOS MEDICOS E HOSPITALARES LTDA-EPP;PAJUNK GMBH MEDIZINTECHNOLOGIE;ALEMANHA
81044960008;III;TCP COMERCIO E LOCAÇÃO DE ARTIGOS MEDICOS E HOSPITALARES LTDA-EPP;;
81044960008;III;TCP COMERCIO E LOCAÇÃO DE ARTIGOS MEDICOS E HOSPITALARES LTDA-EPP;APRO KOREA Inc;CORÉIA DO SUL
81044960009;III;TCP COMERCIO E LOCAÇÃO DE ARTIGOS MEDICOS E HOSPITALARES LTDA-EPP;;
81044960009;III;TCP COMERCIO E LOCAÇÃO DE ARTIGOS MEDICOS E HOSPITALARES LTDA-EPP;APRO KOREA Inc;CORÉIA DO SUL
81044960010;III;TCP COMERCIO E LOCAÇÃO DE ARTIGOS MEDICOS E HOSPITALARES LTDA-EPP;;
81044960010;III;TCP COMERCIO E LOCAÇÃO DE ARTIGOS MEDICOS E HOSPITALARES LTDA-EPP;APRO KOREA INC.;CORÉIA DO SUL
81044960011;III;TCP COMERCIO E LOCAÇÃO DE ARTIGOS MEDICOS E HOSPITALARES LTDA-EPP;;
81044960011;III;TCP COMERCIO E LOCAÇÃO DE ARTIGOS MEDICOS E HOSPITALARES LTDA-EPP;APRO KOREA INC.;CORÉIA DO SUL
81044960012;III;TCP COMERCIO E LOCAÇÃO DE ARTIGOS MEDICOS E HOSPITALARES LTDA-EPP;;
81044960012;III;TCP COMERCIO E LOCAÇÃO DE ARTIGOS MEDICOS E HOSPITALARES LTDA-EPP;APRO KOREA Inc;CORÉIA DO SUL
81044960013;III;TCP COMERCIO E LOCAÇÃO DE ARTIGOS MEDICOS E HOSPITALARES LTDA-EPP;;
81044960013;III;TCP COMERCIO E LOCAÇÃO DE ARTIGOS MEDICOS E HOSPITALARES LTDA-EPP;APRO KOREA Inc;CORÉIA DO SUL
81044960014;III;TCP COMERCIO E LOCAÇÃO DE ARTIGOS MEDICOS E HOSPITALARES LTDA-EPP;;
81044960014;III;TCP COMERCIO E LOCAÇÃO DE ARTIGOS MEDICOS E HOSPITALARES LTDA-EPP;APRO KOREA Inc;CORÉIA DO SUL
81044960020;II;TCP COMERCIO E LOCAÇÃO DE ARTIGOS MEDICOS E HOSPITALARES LTDA-EPP;PAJUNK GMBH MEDIZINTECHNOLOGIE;ALEMANHA
81044960022;I;TCP COMERCIO E LOCAÇÃO DE ARTIGOS MEDICOS E HOSPITALARES LTDA-EPP;TIAN MEDICAL LLC.;ESTADOS UNIDOS DA AMÉRICA
81044969001;II;TCP COMERCIO E LOCAÇÃO DE ARTIGOS MEDICOS E HOSPITALARES LTDA-EPP;METUAS MEDIKAL A.S;TURQUIA
81044969002;II;TCP COMERCIO E LOCAÇÃO DE ARTIGOS MEDICOS E HOSPITALARES LTDA-EPP;PAJUNK GMBH MEDIZINTECHNOLOGIE;ALEMANHA
81044969003;II;TCP COMERCIO E LOCAÇÃO DE ARTIGOS MEDICOS E HOSPITALARES LTDA-EPP;AXELGAARD MANUFACTURING CO LTD;ESTADOS UNIDOS DA AMÉRICA
81044969004;II;TCP COMERCIO E LOCAÇÃO DE ARTIGOS MEDICOS E HOSPITALARES LTDA-EPP;APRO KOREA INC.;CORÉIA DO SUL
10291220030;I;TDV DENTAL LTDA;TDV DENTAL LTDA;BRASIL
10291220033;I;TDV DENTAL LTDA;TDV DENTAL LTDA;BRASIL
10291220044;I;TDV DENTAL LTDA;TDV DENTAL LTDA;BRASIL
10291220049;II;TDV DENTAL LTDA;TDV DENTAL LTDA;BRASIL
10291220058;I;TDV DENTAL LTDA;TDV DENTAL LTDA;BRASIL
10291220059;I;TDV DENTAL LTDA;TDV DENTAL LTDA;BRASIL
10291220060;II;TDV DENTAL LTDA;TDV DENTAL LTDA;BRASIL
10291220061;II;TDV DENTAL LTDA;TDV DENTAL LTDA;BRASIL
10291220062;II;TDV DENTAL LTDA;TDV DENTAL LTDA;BRASIL
10291220063;II;TDV DENTAL LTDA;TDV DENTAL LTDA;BRASIL
10291220064;II;TDV DENTAL LTDA;TDV DENTAL LTDA;BRASIL
10291220065;I;TDV DENTAL LTDA;TDV DENTAL LTDA;BRASIL
10291220067;I;TDV DENTAL LTDA;TDV DENTAL LTDA;BRASIL
10291220068;II;TDV DENTAL LTDA;TDV DENTAL LTDA;BRASIL
10291220070;I;TDV DENTAL LTDA;SUN OBERFLÄCHENTEHNIK GMBH;ALEMANHA
10291220071;I;TDV DENTAL LTDA;SUN OBERFLÄCHENTEHNIK GMBH;ALEMANHA
10291220072;I;TDV DENTAL LTDA;SUN OBERFLÄCHENTEHNIK GMBH;ALEMANHA
10291220074;II;TDV DENTAL LTDA;TDV DENTAL LTDA;BRASIL
10291220075;II;TDV DENTAL LTDA;TDV DENTAL LTDA;BRASIL
10291220080;I;TDV DENTAL LTDA;SEPTODONT SAS;FRANÇA
10291220087;II;TDV DENTAL LTDA;SEPTODONT;FRANÇA
10291220087;II;TDV DENTAL LTDA;TDV DENTAL LTDA;BRASIL
10291220092;I;TDV DENTAL LTDA;SEPTODONT HEALTHCARE INDIA PRIVATE LTDA;ÍNDIA
10291220093;IV;TDV DENTAL LTDA;;
10291220093;IV;TDV DENTAL LTDA;SEPTODONT SAS;FRANÇA
10291220100;II;TDV DENTAL LTDA;TDV DENTAL LTDA;BRASIL
10291220101;IV;TDV DENTAL LTDA;;
10291220101;IV;TDV DENTAL LTDA;SEPTODONT SAS;FRANÇA
10291220103;IV;TDV DENTAL LTDA;;
10291220103;IV;TDV DENTAL LTDA;SEPTODONT SAS;FRANÇA
10291220104;II;TDV DENTAL LTDA;SEPTODONT;FRANÇA
10291229002;II;TDV DENTAL LTDA;TDV DENTAL LTDA;BRASIL
10291229004;II;TDV DENTAL LTDA;TDV DENTAL LTDA;BRASIL
10291229006;II;TDV DENTAL LTDA;SEPTODONT SAS;FRANÇA
10291229006;II;TDV DENTAL LTDA;TDV DENTAL LTDA;BRASIL
10291229007;II;TDV DENTAL LTDA;TDV DENTAL LTDA;BRASIL
10291229008;II;TDV DENTAL LTDA;TDV DENTAL LTDA;BRASIL
82310190001;I;TECBOND IMPORTAÇÃO E EXPORTAÇÃO LTDA;TECBOND LTDA;BRASIL
80893580001;I;TECDESC TECNOLOGIA EM DESCARTAVEIS LTDA - ME;TECDESC TECNOLOGIA EM DESCARTAVEIS LTDA - ME;BRASIL
80893580002;I;TECDESC TECNOLOGIA EM DESCARTAVEIS LTDA - ME;TECDESC TECNOLOGIA EM DESCARTAVEIS LTDA - ME;BRASIL
80893580003;I;TECDESC TECNOLOGIA EM DESCARTAVEIS LTDA - ME;TECDESC TECNOLOGIA EM DESCARTAVEIS LTDA - ME;BRASIL
80893580004;I;TECDESC TECNOLOGIA EM DESCARTAVEIS LTDA - ME;TECDESC TECNOLOGIA EM DESCARTAVEIS LTDA - ME;BRASIL
80893580005;I;TECDESC TECNOLOGIA EM DESCARTAVEIS LTDA - ME;TECDESC TECNOLOGIA EM DESCARTAVEIS LTDA - ME;BRASIL
80893580006;I;TECDESC TECNOLOGIA EM DESCARTAVEIS LTDA - ME;TECDESC TECNOLOGIA EM DESCARTAVEIS LTDA - ME;BRASIL
80893580009;I;TECDESC TECNOLOGIA EM DESCARTAVEIS LTDA - ME;TECDESC TECNOLOGIA EM DESCARTAVEIS LTDA - ME;BRASIL
80893580011;I;TECDESC TECNOLOGIA EM DESCARTAVEIS LTDA - ME;TECDESC TECNOLOGIA EM DESCARTAVEIS LTDA - ME;BRASIL
80893580014;I;TECDESC TECNOLOGIA EM DESCARTAVEIS LTDA - ME;TECDESC TECNOLOGIA EM DESCARTAVEIS LTDA - ME;BRASIL
80893580015;I;TECDESC TECNOLOGIA EM DESCARTAVEIS LTDA - ME;TECDESC TECNOLOGIA EM DESCARTAVEIS LTDA - ME;BRASIL
80893580016;I;TECDESC TECNOLOGIA EM DESCARTAVEIS LTDA - ME;TECDESC TECNOLOGIA EM DESCARTAVEIS LTDA - ME;BRASIL
80893580017;I;TECDESC TECNOLOGIA EM DESCARTAVEIS LTDA - ME;TECDESC TECNOLOGIA EM DESCARTAVEIS LTDA - ME;BRASIL
80893580018;I;TECDESC TECNOLOGIA EM DESCARTAVEIS LTDA - ME;TECDESC TECNOLOGIA EM DESCARTAVEIS LTDA - ME;BRASIL
80893589001;I;TECDESC TECNOLOGIA EM DESCARTAVEIS LTDA - ME;TECDESC TECNOLOGIA EM DESCARTAVEIS LTDA - ME;BRASIL
80384550001;I;Tecelagem Minas Rey Ltda;Tecelagem Minas Rey Ltda;BRASIL
80384550002;I;Tecelagem Minas Rey Ltda;Tecelagem Minas Rey Ltda;BRASIL
80384550003;II;Tecelagem Minas Rey Ltda;Tecelagem Minas Rey Ltda;BRASIL
80384550004;II;Tecelagem Minas Rey Ltda;Tecelagem Minas Rey Ltda;BRASIL
80384550005;II;Tecelagem Minas Rey Ltda;Tecelagem Minas Rey Ltda;BRASIL
80384550006;I;Tecelagem Minas Rey Ltda;Tecelagem Minas Rey Ltda;BRASIL
80384550007;I;Tecelagem Minas Rey Ltda;Tecelagem Minas Rey Ltda;BRASIL
80384550008;I;Tecelagem Minas Rey Ltda;Tecelagem Minas Rey Ltda;BRASIL
80384550009;II;Tecelagem Minas Rey Ltda;Tecelagem Minas Rey Ltda;BRASIL
80384550010;II;Tecelagem Minas Rey Ltda;Tecelagem Minas Rey Ltda;BRASIL
80384550011;I;Tecelagem Minas Rey Ltda;Tecelagem Minas Rey Ltda;BRASIL
80384550012;I;Tecelagem Minas Rey Ltda;Tecelagem Minas Rey Ltda;BRASIL
80384550013;II;Tecelagem Minas Rey Ltda;Tecelagem Minas Rey Ltda;BRASIL
80384550014;I;Tecelagem Minas Rey Ltda;Tecelagem Minasrey Ltda - Filial;BRASIL
80384550015;II;Tecelagem Minas Rey Ltda;Tecelagem Minasrey Ltda - Filial;BRASIL
82259460001;I;TECH-OPTIC, COMERCIO, MONTAGEM, IMPORTACAO E EXPORTACAO LTDA;TECH-OPTIC, COMERCIO, MONTAGEM, IMPORTACAO E EXPORTACAO LTDA;BRASIL
82259460002;I;TECH-OPTIC, COMERCIO, MONTAGEM, IMPORTACAO E EXPORTACAO LTDA;TECH-OPTIC, COMERCIO, MONTAGEM, IMPORTACAO E EXPORTACAO LTDA;BRASIL
82259460003;I;TECH-OPTIC, COMERCIO, MONTAGEM, IMPORTACAO E EXPORTACAO LTDA;TECH-OPTIC, COMERCIO, MONTAGEM, IMPORTACAO E EXPORTACAO LTDA;BRASIL
82259460004;I;TECH-OPTIC, COMERCIO, MONTAGEM, IMPORTACAO E EXPORTACAO LTDA;TECH-OPTIC, COMERCIO, MONTAGEM, IMPORTACAO E EXPORTACAO LTDA;BRASIL
81118460003;III;TECHIMPORT TECNOLOGIA EM IMPLANTES ORTOPEDICOS LTDA;TECHIMPORT TECNOLOGIA EM IMPLANTES ORTOPEDICOS LTDA;BRASIL
81118460005;III;TECHIMPORT TECNOLOGIA EM IMPLANTES ORTOPEDICOS LTDA;TECHIMPORT TECNOLOGIA EM IMPLANTES ORTOPEDICOS LTDA;BRASIL
81118460006;III;TECHIMPORT TECNOLOGIA EM IMPLANTES ORTOPEDICOS LTDA;TECHIMPORT TECNOLOGIA EM IMPLANTES ORTOPEDICOS LTDA;BRASIL
81118460007;III;TECHIMPORT TECNOLOGIA EM IMPLANTES ORTOPEDICOS LTDA;TECHIMPORT TECNOLOGIA EM IMPLANTES ORTOPEDICOS LTDA;BRASIL
81118460008;III;TECHIMPORT TECNOLOGIA EM IMPLANTES ORTOPEDICOS LTDA;TECHIMPORT TECNOLOGIA EM IMPLANTES ORTOPEDICOS LTDA;BRASIL
81118460015;III;TECHIMPORT TECNOLOGIA EM IMPLANTES ORTOPEDICOS LTDA;TECHIMPORT TECNOLOGIA EM IMPLANTES ORTOPEDICOS LTDA;BRASIL
81118460016;III;TECHIMPORT TECNOLOGIA EM IMPLANTES ORTOPEDICOS LTDA;TECHIMPORT TECNOLOGIA EM IMPLANTES ORTOPEDICOS LTDA;BRASIL
81118460017;III;TECHIMPORT TECNOLOGIA EM IMPLANTES ORTOPEDICOS LTDA;TECHIMPORT TECNOLOGIA EM IMPLANTES ORTOPEDICOS LTDA;BRASIL
81118460018;III;TECHIMPORT TECNOLOGIA EM IMPLANTES ORTOPEDICOS LTDA;TECHIMPORT TECNOLOGIA EM IMPLANTES ORTOPEDICOS LTDA;BRASIL
81118460023;III;TECHIMPORT TECNOLOGIA EM IMPLANTES ORTOPEDICOS LTDA;TECHIMPORT TECNOLOGIA EM IMPLANTES ORTOPEDICOS LTDA;BRASIL
81118460026;III;TECHIMPORT TECNOLOGIA EM IMPLANTES ORTOPEDICOS LTDA;TECHIMPORT TECNOLOGIA EM IMPLANTES ORTOPEDICOS LTDA;BRASIL
81118460027;III;TECHIMPORT TECNOLOGIA EM IMPLANTES ORTOPEDICOS LTDA;TECHIMPORT TECNOLOGIA EM IMPLANTES ORTOPEDICOS LTDA;BRASIL
81118460028;III;TECHIMPORT TECNOLOGIA EM IMPLANTES ORTOPEDICOS LTDA;TECHIMPORT TECNOLOGIA EM IMPLANTES ORTOPEDICOS LTDA;BRASIL
81118460030;II;TECHIMPORT TECNOLOGIA EM IMPLANTES ORTOPEDICOS LTDA;TECHIMPORT TECNOLOGIA EM IMPLANTES ORTOPEDICOS LTDA;BRASIL
81118460031;I;TECHIMPORT TECNOLOGIA EM IMPLANTES ORTOPEDICOS LTDA;TECHIMPORT TECNOLOGIA EM IMPLANTES ORTOPEDICOS LTDA;BRASIL
81118460032;III;TECHIMPORT TECNOLOGIA EM IMPLANTES ORTOPEDICOS LTDA;TECHIMPORT TECNOLOGIA EM IMPLANTES ORTOPEDICOS LTDA;BRASIL
81118460033;III;TECHIMPORT TECNOLOGIA EM IMPLANTES ORTOPEDICOS LTDA;TECHIMPORT TECNOLOGIA EM IMPLANTES ORTOPEDICOS LTDA;BRASIL
81118460034;III;TECHIMPORT TECNOLOGIA EM IMPLANTES ORTOPEDICOS LTDA;TECHIMPORT TECNOLOGIA EM IMPLANTES ORTOPEDICOS LTDA;BRASIL
81118460039;III;TECHIMPORT TECNOLOGIA EM IMPLANTES ORTOPEDICOS LTDA;TECHIMPORT TECNOLOGIA EM IMPLANTES ORTOPEDICOS LTDA;BRASIL
81118460041;III;TECHIMPORT TECNOLOGIA EM IMPLANTES ORTOPEDICOS LTDA;TECHIMPORT TECNOLOGIA EM IMPLANTES ORTOPEDICOS LTDA;BRASIL
81118460042;III;TECHIMPORT TECNOLOGIA EM IMPLANTES ORTOPEDICOS LTDA;TECHIMPORT TECNOLOGIA EM IMPLANTES ORTOPEDICOS LTDA;BRASIL
81118460046;III;TECHIMPORT TECNOLOGIA EM IMPLANTES ORTOPEDICOS LTDA;TECHIMPORT TECNOLOGIA EM IMPLANTES ORTOPEDICOS LTDA;BRASIL
81118460047;III;TECHIMPORT TECNOLOGIA EM IMPLANTES ORTOPEDICOS LTDA;TECHIMPORT TECNOLOGIA EM IMPLANTES ORTOPEDICOS LTDA;BRASIL
81118460049;III;TECHIMPORT TECNOLOGIA EM IMPLANTES ORTOPEDICOS LTDA;TECHIMPORT TECNOLOGIA EM IMPLANTES ORTOPEDICOS LTDA;BRASIL
81118460050;II;TECHIMPORT TECNOLOGIA EM IMPLANTES ORTOPEDICOS LTDA;TECHIMPORT TECNOLOGIA EM IMPLANTES ORTOPEDICOS LTDA;BRASIL
81118460051;II;TECHIMPORT TECNOLOGIA EM IMPLANTES ORTOPEDICOS LTDA;TECHIMPORT TECNOLOGIA EM IMPLANTES ORTOPEDICOS LTDA;BRASIL
81118460052;II;TECHIMPORT TECNOLOGIA EM IMPLANTES ORTOPEDICOS LTDA;TECHIMPORT TECNOLOGIA EM IMPLANTES ORTOPEDICOS LTDA;BRASIL
81118460053;III;TECHIMPORT TECNOLOGIA EM IMPLANTES ORTOPEDICOS LTDA;TECHIMPORT TECNOLOGIA EM IMPLANTES ORTOPEDICOS LTDA;BRASIL
81118460054;II;TECHIMPORT TECNOLOGIA EM IMPLANTES ORTOPEDICOS LTDA;TECHIMPORT TECNOLOGIA EM IMPLANTES ORTOPEDICOS LTDA;BRASIL
81118460055;II;TECHIMPORT TECNOLOGIA EM IMPLANTES ORTOPEDICOS LTDA;TECHIMPORT TECNOLOGIA EM IMPLANTES ORTOPEDICOS LTDA;BRASIL
81118460058;II;TECHIMPORT TECNOLOGIA EM IMPLANTES ORTOPEDICOS LTDA;TECHIMPORT TECNOLOGIA EM IMPLANTES ORTOPEDICOS LTDA;BRASIL
81118460063;III;TECHIMPORT TECNOLOGIA EM IMPLANTES ORTOPEDICOS LTDA;TECHIMPORT TECNOLOGIA EM IMPLANTES ORTOPEDICOS LTDA;BRASIL
81118460064;III;TECHIMPORT TECNOLOGIA EM IMPLANTES ORTOPEDICOS LTDA;TECHIMPORT TECNOLOGIA EM IMPLANTES ORTOPEDICOS LTDA;BRASIL
81118460065;III;TECHIMPORT TECNOLOGIA EM IMPLANTES ORTOPEDICOS LTDA;TECHIMPORT TECNOLOGIA EM IMPLANTES ORTOPEDICOS LTDA;BRASIL
81118460066;III;TECHIMPORT TECNOLOGIA EM IMPLANTES ORTOPEDICOS LTDA;TECHIMPORT TECNOLOGIA EM IMPLANTES ORTOPEDICOS LTDA;BRASIL
81118460067;III;TECHIMPORT TECNOLOGIA EM IMPLANTES ORTOPEDICOS LTDA;TECHIMPORT TECNOLOGIA EM IMPLANTES ORTOPEDICOS LTDA;BRASIL
81118460068;III;TECHIMPORT TECNOLOGIA EM IMPLANTES ORTOPEDICOS LTDA;TECHIMPORT TECNOLOGIA EM IMPLANTES ORTOPEDICOS LTDA;BRASIL
81118460069;III;TECHIMPORT TECNOLOGIA EM IMPLANTES ORTOPEDICOS LTDA;TECHIMPORT TECNOLOGIA EM IMPLANTES ORTOPEDICOS LTDA;BRASIL
81118460070;III;TECHIMPORT TECNOLOGIA EM IMPLANTES ORTOPEDICOS LTDA;TECHIMPORT TECNOLOGIA EM IMPLANTES ORTOPEDICOS LTDA;BRASIL
81118460071;III;TECHIMPORT TECNOLOGIA EM IMPLANTES ORTOPEDICOS LTDA;TECHIMPORT TECNOLOGIA EM IMPLANTES ORTOPEDICOS LTDA;BRASIL
81118460072;III;TECHIMPORT TECNOLOGIA EM IMPLANTES ORTOPEDICOS LTDA;TECHIMPORT TECNOLOGIA EM IMPLANTES ORTOPEDICOS LTDA;BRASIL
81118460074;III;TECHIMPORT TECNOLOGIA EM IMPLANTES ORTOPEDICOS LTDA;TECHIMPORT TECNOLOGIA EM IMPLANTES ORTOPEDICOS LTDA;BRASIL
81118460075;III;TECHIMPORT TECNOLOGIA EM IMPLANTES ORTOPEDICOS LTDA;TECHIMPORT TECNOLOGIA EM IMPLANTES ORTOPEDICOS LTDA;BRASIL
81118460076;III;TECHIMPORT TECNOLOGIA EM IMPLANTES ORTOPEDICOS LTDA;TECHIMPORT TECNOLOGIA EM IMPLANTES ORTOPEDICOS LTDA;BRASIL
81118460077;III;TECHIMPORT TECNOLOGIA EM IMPLANTES ORTOPEDICOS LTDA;TECHIMPORT TECNOLOGIA EM IMPLANTES ORTOPEDICOS LTDA;BRASIL
81118460078;III;TECHIMPORT TECNOLOGIA EM IMPLANTES ORTOPEDICOS LTDA;TECHIMPORT TECNOLOGIA EM IMPLANTES ORTOPEDICOS LTDA;BRASIL
81118460079;I;TECHIMPORT TECNOLOGIA EM IMPLANTES ORTOPEDICOS LTDA;TECHIMPORT TECNOLOGIA EM IMPLANTES ORTOPEDICOS LTDA;BRASIL
81118460080;III;TECHIMPORT TECNOLOGIA EM IMPLANTES ORTOPEDICOS LTDA;TECHIMPORT TECNOLOGIA EM IMPLANTES ORTOPEDICOS LTDA;BRASIL
81118460081;III;TECHIMPORT TECNOLOGIA EM IMPLANTES ORTOPEDICOS LTDA;TECHIMPORT TECNOLOGIA EM IMPLANTES ORTOPEDICOS LTDA;BRASIL
81118460082;III;TECHIMPORT TECNOLOGIA EM IMPLANTES ORTOPEDICOS LTDA;TECHIMPORT TECNOLOGIA EM IMPLANTES ORTOPEDICOS LTDA;BRASIL
81118460084;III;TECHIMPORT TECNOLOGIA EM IMPLANTES ORTOPEDICOS LTDA;TECHIMPORT TECNOLOGIA EM IMPLANTES ORTOPEDICOS LTDA;BRASIL
81118460085;I;TECHIMPORT TECNOLOGIA EM IMPLANTES ORTOPEDICOS LTDA;TECHIMPORT TECNOLOGIA EM IMPLANTES ORTOPEDICOS LTDA;BRASIL
81118460086;I;TECHIMPORT TECNOLOGIA EM IMPLANTES ORTOPEDICOS LTDA;TECHIMPORT TECNOLOGIA EM IMPLANTES ORTOPEDICOS LTDA;BRASIL
81118460087;III;TECHIMPORT TECNOLOGIA EM IMPLANTES ORTOPEDICOS LTDA;TECHIMPORT TECNOLOGIA EM IMPLANTES ORTOPEDICOS LTDA;BRASIL
81118460088;III;TECHIMPORT TECNOLOGIA EM IMPLANTES ORTOPEDICOS LTDA;TECHIMPORT TECNOLOGIA EM IMPLANTES ORTOPEDICOS LTDA;BRASIL
81118460090;III;TECHIMPORT TECNOLOGIA EM IMPLANTES ORTOPEDICOS LTDA;TECHIMPORT TECNOLOGIA EM IMPLANTES ORTOPEDICOS LTDA;BRASIL
81118460091;III;TECHIMPORT TECNOLOGIA EM IMPLANTES ORTOPEDICOS LTDA;TECHIMPORT TECNOLOGIA EM IMPLANTES ORTOPEDICOS LTDA;BRASIL
81118460092;III;TECHIMPORT TECNOLOGIA EM IMPLANTES ORTOPEDICOS LTDA;TECHIMPORT TECNOLOGIA EM IMPLANTES ORTOPEDICOS LTDA;BRASIL
81118460093;III;TECHIMPORT TECNOLOGIA EM IMPLANTES ORTOPEDICOS LTDA;TECHIMPORT TECNOLOGIA EM IMPLANTES ORTOPEDICOS LTDA;BRASIL
81118460094;III;TECHIMPORT TECNOLOGIA EM IMPLANTES ORTOPEDICOS LTDA;TECHIMPORT TECNOLOGIA EM IMPLANTES ORTOPEDICOS LTDA;BRASIL
81118460095;III;TECHIMPORT TECNOLOGIA EM IMPLANTES ORTOPEDICOS LTDA;TECHIMPORT TECNOLOGIA EM IMPLANTES ORTOPEDICOS LTDA;BRASIL
81118460097;III;TECHIMPORT TECNOLOGIA EM IMPLANTES ORTOPEDICOS LTDA;TECHIMPORT TECNOLOGIA EM IMPLANTES ORTOPEDICOS LTDA;BRASIL
81118460098;I;TECHIMPORT TECNOLOGIA EM IMPLANTES ORTOPEDICOS LTDA;TECHIMPORT TECNOLOGIA EM IMPLANTES ORTOPEDICOS LTDA;BRASIL
81118460106;III;TECHIMPORT TECNOLOGIA EM IMPLANTES ORTOPEDICOS LTDA;TECHIMPORT TECNOLOGIA EM IMPLANTES ORTOPEDICOS LTDA;BRASIL
81118460107;III;TECHIMPORT TECNOLOGIA EM IMPLANTES ORTOPEDICOS LTDA;TECHIMPORT TECNOLOGIA EM IMPLANTES ORTOPEDICOS LTDA;BRASIL
81118469001;II;TECHIMPORT TECNOLOGIA EM IMPLANTES ORTOPEDICOS LTDA;TECHIMPORT TECNOLOGIA EM IMPLANTES ORTOPEDICOS LTDA;BRASIL
81118469002;II;TECHIMPORT TECNOLOGIA EM IMPLANTES ORTOPEDICOS LTDA;TECHIMPORT TECNOLOGIA EM IMPLANTES ORTOPEDICOS LTDA;BRASIL
81118469003;II;TECHIMPORT TECNOLOGIA EM IMPLANTES ORTOPEDICOS LTDA;TECHIMPORT TECNOLOGIA EM IMPLANTES ORTOPEDICOS LTDA;BRASIL
81118469005;II;TECHIMPORT TECNOLOGIA EM IMPLANTES ORTOPEDICOS LTDA;TECHIMPORT TECNOLOGIA EM IMPLANTES ORTOPEDICOS LTDA;BRASIL
81118469007;II;TECHIMPORT TECNOLOGIA EM IMPLANTES ORTOPEDICOS LTDA;TECHIMPORT TECNOLOGIA EM IMPLANTES ORTOPEDICOS LTDA;BRASIL
81118469008;II;TECHIMPORT TECNOLOGIA EM IMPLANTES ORTOPEDICOS LTDA;TECHIMPORT TECNOLOGIA EM IMPLANTES ORTOPEDICOS LTDA;BRASIL
81118469009;II;TECHIMPORT TECNOLOGIA EM IMPLANTES ORTOPEDICOS LTDA;TECHIMPORT TECNOLOGIA EM IMPLANTES ORTOPEDICOS LTDA;BRASIL
81118469015;II;TECHIMPORT TECNOLOGIA EM IMPLANTES ORTOPEDICOS LTDA;TECHIMPORT TECNOLOGIA EM IMPLANTES ORTOPEDICOS LTDA;BRASIL
81118469016;II;TECHIMPORT TECNOLOGIA EM IMPLANTES ORTOPEDICOS LTDA;TECHIMPORT TECNOLOGIA EM IMPLANTES ORTOPEDICOS LTDA;BRASIL
81118469017;II;TECHIMPORT TECNOLOGIA EM IMPLANTES ORTOPEDICOS LTDA;TECHIMPORT TECNOLOGIA EM IMPLANTES ORTOPEDICOS LTDA;BRASIL
81118469018;II;TECHIMPORT TECNOLOGIA EM IMPLANTES ORTOPEDICOS LTDA;TECHIMPORT TECNOLOGIA EM IMPLANTES ORTOPEDICOS LTDA;BRASIL
81118469019;II;TECHIMPORT TECNOLOGIA EM IMPLANTES ORTOPEDICOS LTDA;TECHIMPORT TECNOLOGIA EM IMPLANTES ORTOPEDICOS LTDA;BRASIL
81118469021;II;TECHIMPORT TECNOLOGIA EM IMPLANTES ORTOPEDICOS LTDA;TECHIMPORT TECNOLOGIA EM IMPLANTES ORTOPEDICOS LTDA;BRASIL
81118469023;II;TECHIMPORT TECNOLOGIA EM IMPLANTES ORTOPEDICOS LTDA;TECHIMPORT TECNOLOGIA EM IMPLANTES ORTOPEDICOS LTDA;BRASIL
81118469030;II;TECHIMPORT TECNOLOGIA EM IMPLANTES ORTOPEDICOS LTDA;TECHIMPORT TECNOLOGIA EM IMPLANTES ORTOPEDICOS LTDA;BRASIL
10410610040;I;TECHLINE COMERCIAL IMPORTADORA EXPORTADORA E SERVIÇOS LTDA;HUIZHOU KAIYI TECHNOLOGY CO.,LTD;CHINA, REPÚBLICA POPULAR
10410610041;I;TECHLINE COMERCIAL IMPORTADORA EXPORTADORA E SERVIÇOS LTDA;HUIZHOU KAIYI TECHNOLOGY CO.,LTD;CHINA, REPÚBLICA POPULAR
10410619005;I;TECHLINE COMERCIAL IMPORTADORA EXPORTADORA E SERVIÇOS LTDA;BIONIME CORPORATION;CHINA, REPÚBLICA POPULAR
10410619006;II;TECHLINE COMERCIAL IMPORTADORA EXPORTADORA E SERVIÇOS LTDA;SteriLance Medical (SuZhou) Inc.;CHINA, REPÚBLICA POPULAR
10410619016;II;TECHLINE COMERCIAL IMPORTADORA EXPORTADORA E SERVIÇOS LTDA;XUZHOU YONGKANG ELECTRONIC SCIENCE TECHNOLOGY CO., LTD;CHINA, REPÚBLICA POPULAR
10410619017;II;TECHLINE COMERCIAL IMPORTADORA EXPORTADORA E SERVIÇOS LTDA;SHENZHEN FITCONN TECHNOLOGY CO., LTD;CHINA, REPÚBLICA POPULAR
10410619018;II;TECHLINE COMERCIAL IMPORTADORA EXPORTADORA E SERVIÇOS LTDA;DONGGUAN SIMZO ELECTRONIC TECHNOLOGY CO., LTD.;CHINA, REPÚBLICA POPULAR
80225330001;I;TECHMÉDIKA INDÚSTRIA E COMÉRCIO LTDA;TECHMÉDIKA INDÚSTRIA E COMÉRCIO LTDA;BRASIL
80225330002;I;TECHMÉDIKA INDÚSTRIA E COMÉRCIO LTDA;TECHMÉDIKA INDÚSTRIA E COMÉRCIO LTDA;BRASIL
80225330003;II;TECHMÉDIKA INDÚSTRIA E COMÉRCIO LTDA;TECHMÉDIKA INDÚSTRIA E COMÉRCIO LTDA;BRASIL
80225330004;I;TECHMÉDIKA INDÚSTRIA E COMÉRCIO LTDA;TECHMÉDIKA INDÚSTRIA E COMÉRCIO LTDA;BRASIL
10408000001;II;TECHNES MEDICAL IMPORTADORA E EXPORTADORA LTDA;TSK - LABORATORY;JAPÃO
10210550044;IV;TECHNICARE INSTRUMENTAL CIRURGICO LTDA;;
10210550044;IV;TECHNICARE INSTRUMENTAL CIRURGICO LTDA;DAVOL INC;ESTADOS UNIDOS DA AMÉRICA
10210550054;IV;TECHNICARE INSTRUMENTAL CIRURGICO LTDA;;
10210550054;IV;TECHNICARE INSTRUMENTAL CIRURGICO LTDA;SIGNUS MEDIZINTECHNIK GMBH;ALEMANHA
10210550055;III;TECHNICARE INSTRUMENTAL CIRURGICO LTDA;;
10210550055;III;TECHNICARE INSTRUMENTAL CIRURGICO LTDA;ULRICH GMBH & CO.KG.;ALEMANHA
10210550059;IV;TECHNICARE INSTRUMENTAL CIRURGICO LTDA;;
10210550059;IV;TECHNICARE INSTRUMENTAL CIRURGICO LTDA;ZIMMER BIOMET SPINE INC.;ESTADOS UNIDOS DA AMÉRICA
10210550065;I;TECHNICARE INSTRUMENTAL CIRURGICO LTDA;PRO MED INSTRUMENTS GMBH;ALEMANHA
10210550070;II;TECHNICARE INSTRUMENTAL CIRURGICO LTDA;ACRA CUT INC;ESTADOS UNIDOS DA AMÉRICA
10210550087;II;TECHNICARE INSTRUMENTAL CIRURGICO LTDA;EBI, L.L.C. (D/B/A BIOMET SPINE, BIOMET TRAUMA, BIOMET BRACING AND BIOMET OSTEOBIOLOGICS);ESTADOS UNIDOS DA AMÉRICA
10210550091;IV;TECHNICARE INSTRUMENTAL CIRURGICO LTDA;;
10210550091;IV;TECHNICARE INSTRUMENTAL CIRURGICO LTDA;SIGNUS MEDIZINTECHNIK GMBH;ALEMANHA
10210550093;IV;TECHNICARE INSTRUMENTAL CIRURGICO LTDA;;
10210550093;IV;TECHNICARE INSTRUMENTAL CIRURGICO LTDA;SIGNUS MEDIZINTECHNIK GMBH;ALEMANHA
10210550095;III;TECHNICARE INSTRUMENTAL CIRURGICO LTDA;;
10210550095;III;TECHNICARE INSTRUMENTAL CIRURGICO LTDA;ULRICH GMBH & CO.KG.;ALEMANHA
10210550097;IV;TECHNICARE INSTRUMENTAL CIRURGICO LTDA;;
10210550097;IV;TECHNICARE INSTRUMENTAL CIRURGICO LTDA;ZIMMER BIOMET SPINE INC.;ESTADOS UNIDOS DA AMÉRICA
10210550105;I;TECHNICARE INSTRUMENTAL CIRURGICO LTDA;PRO MED INSTRUMENTS GMBH;ALEMANHA
10210550108;IV;TECHNICARE INSTRUMENTAL CIRURGICO LTDA;;
10210550108;IV;TECHNICARE INSTRUMENTAL CIRURGICO LTDA;ULRICH GMBH & CO KG;ALEMANHA
10210550109;IV;TECHNICARE INSTRUMENTAL CIRURGICO LTDA;;
10210550109;IV;TECHNICARE INSTRUMENTAL CIRURGICO LTDA;ULRICH GMBH & CO KG;ALEMANHA
10210550120;III;TECHNICARE INSTRUMENTAL CIRURGICO LTDA;;
10210550120;III;TECHNICARE INSTRUMENTAL CIRURGICO LTDA;COUSIN BIOTECH S.A.S.;FRANÇA
10210550122;II;TECHNICARE INSTRUMENTAL CIRURGICO LTDA;ULRICH GMBH & CO.KG.;ALEMANHA
10210550124;II;TECHNICARE INSTRUMENTAL CIRURGICO LTDA;ULRICH GMBH & CO.KG.;ALEMANHA
10210550126;IV;TECHNICARE INSTRUMENTAL CIRURGICO LTDA;;
10210550126;IV;TECHNICARE INSTRUMENTAL CIRURGICO LTDA;ULRICH GMBH & CO KG;ALEMANHA
10210550133;II;TECHNICARE INSTRUMENTAL CIRURGICO LTDA;INTEGRA YORK PA INC.;ESTADOS UNIDOS DA AMÉRICA
10210550147;IV;TECHNICARE INSTRUMENTAL CIRURGICO LTDA;;
10210550147;IV;TECHNICARE INSTRUMENTAL CIRURGICO LTDA;A-SPINE ASIA CO., LTD.;TAIWAN
81746240001;II;TECHNISCHE PROFIL PLASTICOS LTDA EPP;TECHNISCHE PROFIL PLASTICOS LTDA EPP;BRASIL
80190460001;IV;TECHNODRY LIOFILIZADOS MÉDICOS LTDA;TECHNODRY LIOFILIZADOS MÉDICOS LTDA;BRASIL
80190460002;IV;TECHNODRY LIOFILIZADOS MÉDICOS LTDA;TECHNODRY LIOFILIZADOS MÉDICOS LTDA;BRASIL
80190460003;IV;TECHNODRY LIOFILIZADOS MÉDICOS LTDA;TECHNODRY LIOFILIZADOS MÉDICOS LTDA;BRASIL
80190460004;IV;TECHNODRY LIOFILIZADOS MÉDICOS LTDA;TECHNODRY LIOFILIZADOS MÉDICOS LTDA;BRASIL
80190460005;IV;TECHNODRY LIOFILIZADOS MÉDICOS LTDA;TECHNODRY LIOFILIZADOS MÉDICOS LTDA;BRASIL
80190460006;IV;TECHNODRY LIOFILIZADOS MÉDICOS LTDA;TECHNODRY LIOFILIZADOS MÉDICOS LTDA;BRASIL
80190460007;IV;TECHNODRY LIOFILIZADOS MÉDICOS LTDA;TECHNODRY LIOFILIZADOS MÉDICOS LTDA;BRASIL
80190460008;IV;TECHNODRY LIOFILIZADOS MÉDICOS LTDA;TECHNODRY LIOFILIZADOS MÉDICOS LTDA;BRASIL
80190460009;IV;TECHNODRY LIOFILIZADOS MÉDICOS LTDA;TECHNODRY LIOFILIZADOS MÉDICOS LTDA;BRASIL
80190460011;IV;TECHNODRY LIOFILIZADOS MÉDICOS LTDA;TECHNODRY LIOFILIZADOS MÉDICOS LTDA;BRASIL
80190460012;IV;TECHNODRY LIOFILIZADOS MÉDICOS LTDA;TECHNODRY LIOFILIZADOS MÉDICOS LTDA;BRASIL
81263160000;II;TECHNOFOCUS COMERCIO IMPORTAÇÃO E EXPORTAÇÃO LTDA;INTEROJO INC.;CORÉIA DO SUL
81263160001;II;TECHNOFOCUS COMERCIO IMPORTAÇÃO E EXPORTAÇÃO LTDA;Mark´ennovy Personalized Care Ltd;REINO UNIDO
81263160002;II;TECHNOFOCUS COMERCIO IMPORTAÇÃO E EXPORTAÇÃO LTDA;COOPERVISION MANUFACTURING LTD;REINO UNIDO
81263160003;II;TECHNOFOCUS COMERCIO IMPORTAÇÃO E EXPORTAÇÃO LTDA;VISAQ LIMITED;REINO UNIDO
81263160004;II;TECHNOFOCUS COMERCIO IMPORTAÇÃO E EXPORTAÇÃO LTDA;INTEROJO INC.;CORÉIA DO SUL
81263160005;II;TECHNOFOCUS COMERCIO IMPORTAÇÃO E EXPORTAÇÃO LTDA;INTEROJO INC.;CORÉIA DO SUL
81263160006;II;TECHNOFOCUS COMERCIO IMPORTAÇÃO E EXPORTAÇÃO LTDA;INTEROJO INC.;CORÉIA DO SUL
81263160007;II;TECHNOFOCUS COMERCIO IMPORTAÇÃO E EXPORTAÇÃO LTDA;CLEARLAB INTERNATIONAL PTE LTD;CINGAPURA, REPÚBLICA DA
81263160008;II;TECHNOFOCUS COMERCIO IMPORTAÇÃO E EXPORTAÇÃO LTDA;CLEARLAB SG PTE LTD.;CINGAPURA, REPÚBLICA DA
81263160009;II;TECHNOFOCUS COMERCIO IMPORTAÇÃO E EXPORTAÇÃO LTDA;MI GWANG CONTACT LENS CO., LTD;CORÉIA DO SUL
81263160010;II;TECHNOFOCUS COMERCIO IMPORTAÇÃO E EXPORTAÇÃO LTDA;MI GWANG CONTACT LENS CO., LTD;CORÉIA DO SUL
81263160011;II;TECHNOFOCUS COMERCIO IMPORTAÇÃO E EXPORTAÇÃO LTDA;MI GWANG CONTACT LENS CO., LTD;CORÉIA DO SUL
81263160012;II;TECHNOFOCUS COMERCIO IMPORTAÇÃO E EXPORTAÇÃO LTDA;CLEARLAB SG PTE LTD.;CINGAPURA, REPÚBLICA DA
81263160013;II;TECHNOFOCUS COMERCIO IMPORTAÇÃO E EXPORTAÇÃO LTDA;CLEARLAB SG PTE LTD.;CINGAPURA, REPÚBLICA DA
81263169001;II;TECHNOFOCUS COMERCIO IMPORTAÇÃO E EXPORTAÇÃO LTDA;CLEARLAB SG PTE LTD.;CINGAPURA, REPÚBLICA DA
81263169002;II;TECHNOFOCUS COMERCIO IMPORTAÇÃO E EXPORTAÇÃO LTDA;INTEROJO INC;CORÉIA DO SUL
81263169004;II;TECHNOFOCUS COMERCIO IMPORTAÇÃO E EXPORTAÇÃO LTDA;INTEROJO INC;CORÉIA DO SUL
81263169005;II;TECHNOFOCUS COMERCIO IMPORTAÇÃO E EXPORTAÇÃO LTDA;CLEARLAB INTERNATIONAL PTE LTD;CINGAPURA, REPÚBLICA DA
81263169006;II;TECHNOFOCUS COMERCIO IMPORTAÇÃO E EXPORTAÇÃO LTDA;INTEROJO INC;CORÉIA DO SUL
80678090009;I;TECHPRENE INDUSTRIA E COMERCIO LTDA;TECHPRENE INDUSTRIA E COMERCIO LTDA;BRASIL
80678090010;I;TECHPRENE INDUSTRIA E COMERCIO LTDA;TECHPRENE INDUSTRIA E COMERCIO LTDA;BRASIL
80678090011;I;TECHPRENE INDUSTRIA E COMERCIO LTDA;TECHPRENE INDUSTRIA E COMERCIO LTDA;BRASIL
80678090012;I;TECHPRENE INDUSTRIA E COMERCIO LTDA;TECHPRENE INDUSTRIA E COMERCIO LTDA;BRASIL
80678090013;I;TECHPRENE INDUSTRIA E COMERCIO LTDA;TECHPRENE INDUSTRIA E COMERCIO LTDA;BRASIL
80197510003;II;TECHSUTURE INDUSTRIA E COMÉRCIO DE PRODUTOS CIRURGICOS LTDA - EPP;TECHSUTURE INDUSTRIA E COMÉRCIO DE PRODUTOS CIRURGICOS LTDA - EPP;BRASIL
80197510004;II;TECHSUTURE INDUSTRIA E COMÉRCIO DE PRODUTOS CIRURGICOS LTDA - EPP;TECHSUTURE INDUSTRIA E COMÉRCIO DE PRODUTOS CIRURGICOS LTDA - EPP;BRASIL
80197510005;II;TECHSUTURE INDUSTRIA E COMÉRCIO DE PRODUTOS CIRURGICOS LTDA - EPP;TECHSUTURE INDUSTRIA E COMÉRCIO DE PRODUTOS CIRURGICOS LTDA - EPP;BRASIL
80197510006;IV;TECHSUTURE INDUSTRIA E COMÉRCIO DE PRODUTOS CIRURGICOS LTDA - EPP;TECHSUTURE INDUSTRIA E COMÉRCIO DE PRODUTOS CIRURGICOS LTDA - EPP;BRASIL
80197510007;IV;TECHSUTURE INDUSTRIA E COMÉRCIO DE PRODUTOS CIRURGICOS LTDA - EPP;TECHSUTURE INDUSTRIA E COMÉRCIO DE PRODUTOS CIRURGICOS LTDA - EPP;BRASIL
80197510008;IV;TECHSUTURE INDUSTRIA E COMÉRCIO DE PRODUTOS CIRURGICOS LTDA - EPP;TECHSUTURE INDUSTRIA E COMÉRCIO DE PRODUTOS CIRURGICOS LTDA - EPP;BRASIL
80197510009;II;TECHSUTURE INDUSTRIA E COMÉRCIO DE PRODUTOS CIRURGICOS LTDA - EPP;TECHSUTURE INDUSTRIA E COMÉRCIO DE PRODUTOS CIRURGICOS LTDA - EPP;BRASIL
80197519002;II;TECHSUTURE INDUSTRIA E COMÉRCIO DE PRODUTOS CIRURGICOS LTDA - EPP;TECHSUTURE INDUSTRIA E COMÉRCIO DE PRODUTOS CIRURGICOS LTDA - EPP;BRASIL
82914770001;I;TECICLEAN TECELAGEM E ALVEJAMENTO LTDA;TECICLEAN TECELAGEM E ALVEJAMENTO LTDA;BRASIL
82914770002;I;TECICLEAN TECELAGEM E ALVEJAMENTO LTDA;TECICLEAN TECELAGEM E ALVEJAMENTO LTDA;BRASIL
82914779001;II;TECICLEAN TECELAGEM E ALVEJAMENTO LTDA;TECICLEAN TECELAGEM E ALVEJAMENTO LTDA;BRASIL
82914779002;II;TECICLEAN TECELAGEM E ALVEJAMENTO LTDA;TECICLEAN TECELAGEM E ALVEJAMENTO LTDA;BRASIL
82914779003;II;TECICLEAN TECELAGEM E ALVEJAMENTO LTDA;TECICLEAN TECELAGEM E ALVEJAMENTO LTDA;BRASIL
82914779004;II;TECICLEAN TECELAGEM E ALVEJAMENTO LTDA;TECICLEAN TECELAGEM E ALVEJAMENTO LTDA;BRASIL
82914779005;II;TECICLEAN TECELAGEM E ALVEJAMENTO LTDA;TECICLEAN TECELAGEM E ALVEJAMENTO LTDA;BRASIL
82914779006;II;TECICLEAN TECELAGEM E ALVEJAMENTO LTDA;TECICLEAN TECELAGEM E ALVEJAMENTO LTDA;BRASIL
81888660001;II;TECME DO BRASIL COMERCIO E IMPORTAÇÃO LTDA;GREAT GROUP MEDICAL CO., LTD;TAIWAN
81888660004;II;TECME DO BRASIL COMERCIO E IMPORTAÇÃO LTDA;GREAT GROUP MEDICAL CO., LTD;TAIWAN
81888669001;II;TECME DO BRASIL COMERCIO E IMPORTAÇÃO LTDA;GREAT GROUP MEDICAL CO., LTD;TAIWAN
81888669002;II;TECME DO BRASIL COMERCIO E IMPORTAÇÃO LTDA;GREAT GROUP MEDICAL CO., LTD;TAIWAN
80202910061;IV;TECMEDIC COMÉRCIO DE PRODUTOS MÉDICOS LTDA;;
80202910061;IV;TECMEDIC COMÉRCIO DE PRODUTOS MÉDICOS LTDA;CARDIATIS SA;BÉLGICA
80202910069;IV;TECMEDIC COMÉRCIO DE PRODUTOS MÉDICOS LTDA;;
80202910069;IV;TECMEDIC COMÉRCIO DE PRODUTOS MÉDICOS LTDA;OCCLUTECH GMBH;ALEMANHA
80202910070;IV;TECMEDIC COMÉRCIO DE PRODUTOS MÉDICOS LTDA;;
80202910070;IV;TECMEDIC COMÉRCIO DE PRODUTOS MÉDICOS LTDA;OCCLUTECH GMBH;ALEMANHA
80202910071;IV;TECMEDIC COMÉRCIO DE PRODUTOS MÉDICOS LTDA;;
80202910071;IV;TECMEDIC COMÉRCIO DE PRODUTOS MÉDICOS LTDA;OCCLUTECH GMBH;ALEMANHA
80202910075;IV;TECMEDIC COMÉRCIO DE PRODUTOS MÉDICOS LTDA;;
80202910075;IV;TECMEDIC COMÉRCIO DE PRODUTOS MÉDICOS LTDA;LEMAITRE VASCULAR INC;ESTADOS UNIDOS DA AMÉRICA
80202910077;IV;TECMEDIC COMÉRCIO DE PRODUTOS MÉDICOS LTDA;;
80202910077;IV;TECMEDIC COMÉRCIO DE PRODUTOS MÉDICOS LTDA;LEMAITRE VASCULAR INC;ESTADOS UNIDOS DA AMÉRICA
80202910078;IV;TECMEDIC COMÉRCIO DE PRODUTOS MÉDICOS LTDA;;
80202910078;IV;TECMEDIC COMÉRCIO DE PRODUTOS MÉDICOS LTDA;OCCLUTECH TIBBI URUNLER SAN. VE TIC. LTD. STI;TURQUIA
80202910079;II;TECMEDIC COMÉRCIO DE PRODUTOS MÉDICOS LTDA;LEMAITRE VASCULAR INC;ESTADOS UNIDOS DA AMÉRICA
80202910080;IV;TECMEDIC COMÉRCIO DE PRODUTOS MÉDICOS LTDA;;
80202910080;IV;TECMEDIC COMÉRCIO DE PRODUTOS MÉDICOS LTDA;MINNESOTA MEDTEC, INC.;ESTADOS UNIDOS DA AMÉRICA
80202910080;IV;TECMEDIC COMÉRCIO DE PRODUTOS MÉDICOS LTDA;OCCLUTECH GMBH;ALEMANHA
80202910081;III;TECMEDIC COMÉRCIO DE PRODUTOS MÉDICOS LTDA;;
80202910081;III;TECMEDIC COMÉRCIO DE PRODUTOS MÉDICOS LTDA;LEMAITRE VASCULAR INC;ESTADOS UNIDOS DA AMÉRICA
80202910084;II;TECMEDIC COMÉRCIO DE PRODUTOS MÉDICOS LTDA;BIOTEQUE CORPORATION;TAIWAN
80202910086;IV;TECMEDIC COMÉRCIO DE PRODUTOS MÉDICOS LTDA;;
80202910086;IV;TECMEDIC COMÉRCIO DE PRODUTOS MÉDICOS LTDA;Occlutech Tibbi Urunler San VE Tic. Ltd. Sti;TURQUIA
80202910088;II;TECMEDIC COMÉRCIO DE PRODUTOS MÉDICOS LTDA;LEMAITRE VASCULAR INC;ESTADOS UNIDOS DA AMÉRICA
80202910092;II;TECMEDIC COMÉRCIO DE PRODUTOS MÉDICOS LTDA;APT Medical Inc.;CHINA, REPÚBLICA POPULAR
80202910093;II;TECMEDIC COMÉRCIO DE PRODUTOS MÉDICOS LTDA;CONTEGO MEDICAL, LLC;ESTADOS UNIDOS DA AMÉRICA
80202910094;II;TECMEDIC COMÉRCIO DE PRODUTOS MÉDICOS LTDA;APT Medical Inc.;CHINA, REPÚBLICA POPULAR
80202910096;II;TECMEDIC COMÉRCIO DE PRODUTOS MÉDICOS LTDA;APT Medical Inc.;CHINA, REPÚBLICA POPULAR
80202910097;II;TECMEDIC COMÉRCIO DE PRODUTOS MÉDICOS LTDA;TOKAI MEDICAL PRODUCTS, INC.;JAPÃO
80202910098;II;TECMEDIC COMÉRCIO DE PRODUTOS MÉDICOS LTDA;TOKAI MEDICAL PRODUCTS, INC.;JAPÃO
80202910099;II;TECMEDIC COMÉRCIO DE PRODUTOS MÉDICOS LTDA;TOKAI MEDICAL PRODUCTS, INC.;JAPÃO
80202910100;II;TECMEDIC COMÉRCIO DE PRODUTOS MÉDICOS LTDA;TOKAI MEDICAL PRODUCTS, INC.;JAPÃO
80202910101;II;TECMEDIC COMÉRCIO DE PRODUTOS MÉDICOS LTDA;TOKAI MEDICAL PRODUCTS, INC.;JAPÃO
80202910102;I;TECMEDIC COMÉRCIO DE PRODUTOS MÉDICOS LTDA;SHANGHAI KINDLY MEDICAL INSTRUMENTS CO., LTD;CHINA, REPÚBLICA POPULAR
80202910103;II;TECMEDIC COMÉRCIO DE PRODUTOS MÉDICOS LTDA;TOKAI MEDICAL PRODUCTS, INC.;JAPÃO
80202910104;II;TECMEDIC COMÉRCIO DE PRODUTOS MÉDICOS LTDA;LEMAITRE VASCULAR INC;ESTADOS UNIDOS DA AMÉRICA
80202910105;II;TECMEDIC COMÉRCIO DE PRODUTOS MÉDICOS LTDA;LEMAITRE VASCULAR INC;ESTADOS UNIDOS DA AMÉRICA
80202910107;II;TECMEDIC COMÉRCIO DE PRODUTOS MÉDICOS LTDA;TOKAI MEDICAL PRODUCTS, INC.;JAPÃO
80202910109;IV;TECMEDIC COMÉRCIO DE PRODUTOS MÉDICOS LTDA;;
80202910109;IV;TECMEDIC COMÉRCIO DE PRODUTOS MÉDICOS LTDA;AR BALTIC MEDICAL UAB;LITUÂNIA
80202910110;III;TECMEDIC COMÉRCIO DE PRODUTOS MÉDICOS LTDA;;
80202910110;III;TECMEDIC COMÉRCIO DE PRODUTOS MÉDICOS LTDA;Contract Medical International GmbH;ALEMANHA
80202910111;IV;TECMEDIC COMÉRCIO DE PRODUTOS MÉDICOS LTDA;;
80202910111;IV;TECMEDIC COMÉRCIO DE PRODUTOS MÉDICOS LTDA;OCCLUTECH TIBBI URUNLER SAN. VE TIC. LTD. STI;TURQUIA
80202910112;IV;TECMEDIC COMÉRCIO DE PRODUTOS MÉDICOS LTDA;;
80202910112;IV;TECMEDIC COMÉRCIO DE PRODUTOS MÉDICOS LTDA;AR BALTIC MEDICAL UAB;LITUÂNIA
80202910113;I;TECMEDIC COMÉRCIO DE PRODUTOS MÉDICOS LTDA;BEIJING ADVANCED MEDICAL TECHNOLOGIES, LTD. INC.;CHINA, REPÚBLICA POPULAR
80202919007;II;TECMEDIC COMÉRCIO DE PRODUTOS MÉDICOS LTDA;CNOVATE MEDICAL B.V;HOLANDA (PAÍSES BAIXOS)
80202919008;II;TECMEDIC COMÉRCIO DE PRODUTOS MÉDICOS LTDA;CNOVATE MEDICAL B.V;HOLANDA (PAÍSES BAIXOS)
80202919009;II;TECMEDIC COMÉRCIO DE PRODUTOS MÉDICOS LTDA;BROSMED MEDICAL CO., LTD;CHINA, REPÚBLICA POPULAR
80202919010;II;TECMEDIC COMÉRCIO DE PRODUTOS MÉDICOS LTDA;BROSMED MEDICAL CO., LTD;CHINA, REPÚBLICA POPULAR
80202919011;II;TECMEDIC COMÉRCIO DE PRODUTOS MÉDICOS LTDA;BROSMED MEDICAL CO., LTD;CHINA, REPÚBLICA POPULAR
80202919012;II;TECMEDIC COMÉRCIO DE PRODUTOS MÉDICOS LTDA;BROSMED MEDICAL CO., LTD;CHINA, REPÚBLICA POPULAR
80202919013;II;TECMEDIC COMÉRCIO DE PRODUTOS MÉDICOS LTDA;ANDRATEC GMBH;ALEMANHA
80202919014;II;TECMEDIC COMÉRCIO DE PRODUTOS MÉDICOS LTDA;ANDRATEC GMBH;ALEMANHA
80202919015;II;TECMEDIC COMÉRCIO DE PRODUTOS MÉDICOS LTDA;BROSMED MEDICAL CO., LTD;CHINA, REPÚBLICA POPULAR
80202919016;II;TECMEDIC COMÉRCIO DE PRODUTOS MÉDICOS LTDA;BROSMED MEDICAL CO., LTD;CHINA, REPÚBLICA POPULAR
80202919017;II;TECMEDIC COMÉRCIO DE PRODUTOS MÉDICOS LTDA;ANDRATEC GMBH;ALEMANHA
80202919018;II;TECMEDIC COMÉRCIO DE PRODUTOS MÉDICOS LTDA;ANDRATEC GMBH;ALEMANHA
80202919019;II;TECMEDIC COMÉRCIO DE PRODUTOS MÉDICOS LTDA;ANDRATEC GMBH;ALEMANHA
80202919022;II;TECMEDIC COMÉRCIO DE PRODUTOS MÉDICOS LTDA;BROSMED MEDICAL CO., LTD;CHINA, REPÚBLICA POPULAR
80202919023;II;TECMEDIC COMÉRCIO DE PRODUTOS MÉDICOS LTDA;CNOVATE MEDICAL B.V;HOLANDA (PAÍSES BAIXOS)
80202919024;II;TECMEDIC COMÉRCIO DE PRODUTOS MÉDICOS LTDA;CNOVATE MEDICAL B.V;HOLANDA (PAÍSES BAIXOS)
80202919025;II;TECMEDIC COMÉRCIO DE PRODUTOS MÉDICOS LTDA;NEXSTEP MEDICAL;FRANÇA
10401570006;II;TECNIDENT EQUIPAMENTOS ORTODONTICOS LTDA;TECNIDENT EQUIPAMENTOS ORTODONTICOS LTDA;BRASIL
10401570007;II;TECNIDENT EQUIPAMENTOS ORTODONTICOS LTDA;TECNIDENT EQUIPAMENTOS ORTODONTICOS LTDA;BRASIL
10401570012;II;TECNIDENT EQUIPAMENTOS ORTODONTICOS LTDA;TECNIDENT EQUIPAMENTOS ORTODONTICOS LTDA;BRASIL
10401570013;II;TECNIDENT EQUIPAMENTOS ORTODONTICOS LTDA;TECNIDENT EQUIPAMENTOS ORTODONTICOS LTDA;BRASIL
10401570014;II;TECNIDENT EQUIPAMENTOS ORTODONTICOS LTDA;TECNIDENT EQUIPAMENTOS ORTODONTICOS LTDA;BRASIL
10401570015;II;TECNIDENT EQUIPAMENTOS ORTODONTICOS LTDA;TECNIDENT EQUIPAMENTOS ORTODONTICOS LTDA;BRASIL
10401570019;I;TECNIDENT EQUIPAMENTOS ORTODONTICOS LTDA;TECNIDENT EQUIPAMENTOS ORTODONTICOS LTDA;BRASIL
10401570022;I;TECNIDENT EQUIPAMENTOS ORTODONTICOS LTDA;TECNIDENT EQUIPAMENTOS ORTODONTICOS LTDA;BRASIL
10401570024;II;TECNIDENT EQUIPAMENTOS ORTODONTICOS LTDA;TECNIDENT EQUIPAMENTOS ORTODONTICOS LTDA;BRASIL
10401570026;II;TECNIDENT EQUIPAMENTOS ORTODONTICOS LTDA;TECNIDENT EQUIPAMENTOS ORTODONTICOS LTDA;BRASIL
10401570027;I;TECNIDENT EQUIPAMENTOS ORTODONTICOS LTDA;TECNIDENT EQUIPAMENTOS ORTODONTICOS LTDA;BRASIL
10401570028;II;TECNIDENT EQUIPAMENTOS ORTODONTICOS LTDA;TECNIDENT EQUIPAMENTOS ORTODONTICOS LTDA;BRASIL
10401570029;II;TECNIDENT EQUIPAMENTOS ORTODONTICOS LTDA;TECNIDENT EQUIPAMENTOS ORTODONTICOS LTDA;BRASIL
10401570030;II;TECNIDENT EQUIPAMENTOS ORTODONTICOS LTDA;TECNIDENT EQUIPAMENTOS ORTODONTICOS LTDA;BRASIL
10401570031;II;TECNIDENT EQUIPAMENTOS ORTODONTICOS LTDA;TECNIDENT EQUIPAMENTOS ORTODONTICOS LTDA;BRASIL
10401570032;II;TECNIDENT EQUIPAMENTOS ORTODONTICOS LTDA;TECNIDENT EQUIPAMENTOS ORTODONTICOS LTDA;BRASIL
10401570033;II;TECNIDENT EQUIPAMENTOS ORTODONTICOS LTDA;TECNIDENT EQUIPAMENTOS ORTODONTICOS LTDA;BRASIL
10401570034;II;TECNIDENT EQUIPAMENTOS ORTODONTICOS LTDA;TECNIDENT EQUIPAMENTOS ORTODONTICOS LTDA;BRASIL
10401570036;II;TECNIDENT EQUIPAMENTOS ORTODONTICOS LTDA;TECNIDENT EQUIPAMENTOS ORTODONTICOS LTDA;BRASIL
10401570037;II;TECNIDENT EQUIPAMENTOS ORTODONTICOS LTDA;TECNIDENT EQUIPAMENTOS ORTODONTICOS LTDA;BRASIL
10401570038;I;TECNIDENT EQUIPAMENTOS ORTODONTICOS LTDA;TECNIDENT EQUIPAMENTOS ORTODONTICOS LTDA;BRASIL
10401570039;I;TECNIDENT EQUIPAMENTOS ORTODONTICOS LTDA;TECNIDENT EQUIPAMENTOS ORTODONTICOS LTDA;BRASIL
10401570040;I;TECNIDENT EQUIPAMENTOS ORTODONTICOS LTDA;TECNIDENT EQUIPAMENTOS ORTODONTICOS LTDA;BRASIL
10401570042;II;TECNIDENT EQUIPAMENTOS ORTODONTICOS LTDA;TECNIDENT EQUIPAMENTOS ORTODONTICOS LTDA;BRASIL
10401570043;II;TECNIDENT EQUIPAMENTOS ORTODONTICOS LTDA;TECNIDENT EQUIPAMENTOS ORTODONTICOS LTDA;BRASIL
10401570044;II;TECNIDENT EQUIPAMENTOS ORTODONTICOS LTDA;TECNIDENT EQUIPAMENTOS ORTODONTICOS LTDA;BRASIL
10401570045;II;TECNIDENT EQUIPAMENTOS ORTODONTICOS LTDA;TECNIDENT EQUIPAMENTOS ORTODONTICOS LTDA;BRASIL
10401570046;II;TECNIDENT EQUIPAMENTOS ORTODONTICOS LTDA;TECNIDENT EQUIPAMENTOS ORTODONTICOS LTDA;BRASIL
10401570047;I;TECNIDENT EQUIPAMENTOS ORTODONTICOS LTDA;TECNIDENT EQUIPAMENTOS ORTODONTICOS LTDA;BRASIL
10401570049;II;TECNIDENT EQUIPAMENTOS ORTODONTICOS LTDA;TECNIDENT EQUIPAMENTOS ORTODONTICOS LTDA;BRASIL
10401570050;II;TECNIDENT EQUIPAMENTOS ORTODONTICOS LTDA;TECNIDENT EQUIPAMENTOS ORTODONTICOS LTDA;BRASIL
10401570051;II;TECNIDENT EQUIPAMENTOS ORTODONTICOS LTDA;TECNIDENT EQUIPAMENTOS ORTODONTICOS LTDA;BRASIL
10401570052;II;TECNIDENT EQUIPAMENTOS ORTODONTICOS LTDA;TECNIDENT EQUIPAMENTOS ORTODONTICOS LTDA;BRASIL
10401570053;I;TECNIDENT EQUIPAMENTOS ORTODONTICOS LTDA;TECNIDENT EQUIPAMENTOS ORTODONTICOS LTDA;BRASIL
10401570054;II;TECNIDENT EQUIPAMENTOS ORTODONTICOS LTDA;TECNIDENT EQUIPAMENTOS ORTODONTICOS LTDA;BRASIL
10401570055;I;TECNIDENT EQUIPAMENTOS ORTODONTICOS LTDA;TECNIDENT EQUIPAMENTOS ORTODONTICOS LTDA;BRASIL
10401570056;I;TECNIDENT EQUIPAMENTOS ORTODONTICOS LTDA;TECNIDENT EQUIPAMENTOS ORTODONTICOS LTDA;BRASIL
10401570057;I;TECNIDENT EQUIPAMENTOS ORTODONTICOS LTDA;TECNIDENT EQUIPAMENTOS ORTODONTICOS LTDA;BRASIL
10401570060;I;TECNIDENT EQUIPAMENTOS ORTODONTICOS LTDA;TECNIDENT EQUIPAMENTOS ORTODONTICOS LTDA;BRASIL
10401570061;I;TECNIDENT EQUIPAMENTOS ORTODONTICOS LTDA;TECNIDENT EQUIPAMENTOS ORTODONTICOS LTDA;BRASIL
10401579002;I;TECNIDENT EQUIPAMENTOS ORTODONTICOS LTDA;TECNIDENT EQUIPAMENTOS ORTODONTICOS LTDA;BRASIL
10401579003;I;TECNIDENT EQUIPAMENTOS ORTODONTICOS LTDA;TECNIDENT EQUIPAMENTOS ORTODONTICOS LTDA;BRASIL
10401579005;II;TECNIDENT EQUIPAMENTOS ORTODONTICOS LTDA;TECNIDENT EQUIPAMENTOS ORTODONTICOS LTDA;BRASIL
10401579006;II;TECNIDENT EQUIPAMENTOS ORTODONTICOS LTDA;TECNIDENT EQUIPAMENTOS ORTODONTICOS LTDA;BRASIL
10401579007;II;TECNIDENT EQUIPAMENTOS ORTODONTICOS LTDA;TECNIDENT EQUIPAMENTOS ORTODONTICOS LTDA;BRASIL
10401579008;II;TECNIDENT EQUIPAMENTOS ORTODONTICOS LTDA;TECNIDENT EQUIPAMENTOS ORTODONTICOS LTDA;BRASIL
10401579009;II;TECNIDENT EQUIPAMENTOS ORTODONTICOS LTDA;TECNIDENT EQUIPAMENTOS ORTODONTICOS LTDA;BRASIL
10401579010;II;TECNIDENT EQUIPAMENTOS ORTODONTICOS LTDA;TECNIDENT EQUIPAMENTOS ORTODONTICOS LTDA;BRASIL
10401579011;II;TECNIDENT EQUIPAMENTOS ORTODONTICOS LTDA;TECNIDENT EQUIPAMENTOS ORTODONTICOS LTDA;BRASIL
10401579012;II;TECNIDENT EQUIPAMENTOS ORTODONTICOS LTDA;TECNIDENT EQUIPAMENTOS ORTODONTICOS LTDA;BRASIL
10401579013;II;TECNIDENT EQUIPAMENTOS ORTODONTICOS LTDA;TECNIDENT EQUIPAMENTOS ORTODONTICOS LTDA;BRASIL
10401579014;II;TECNIDENT EQUIPAMENTOS ORTODONTICOS LTDA;TECNIDENT EQUIPAMENTOS ORTODONTICOS LTDA;BRASIL
10401579015;II;TECNIDENT EQUIPAMENTOS ORTODONTICOS LTDA;TECNIDENT EQUIPAMENTOS ORTODONTICOS LTDA;BRASIL
10401579016;II;TECNIDENT EQUIPAMENTOS ORTODONTICOS LTDA;TECNIDENT EQUIPAMENTOS ORTODONTICOS LTDA;BRASIL
10401579017;II;TECNIDENT EQUIPAMENTOS ORTODONTICOS LTDA;TECNIDENT EQUIPAMENTOS ORTODONTICOS LTDA;BRASIL
10401579020;II;TECNIDENT EQUIPAMENTOS ORTODONTICOS LTDA;TECNIDENT EQUIPAMENTOS ORTODONTICOS LTDA;BRASIL
10401579021;II;TECNIDENT EQUIPAMENTOS ORTODONTICOS LTDA;TECNIDENT EQUIPAMENTOS ORTODONTICOS LTDA;BRASIL
80312580003;I;TECNIMED - COMÉRCIO E IMPORTAÇÃO DE PRODUTOS MÉDICOS E HOSPITALARES LTDA;RESPONSE ORTHO TEKNOLOJIK URETIM A S;TURQUIA
80312580004;I;TECNIMED - COMÉRCIO E IMPORTAÇÃO DE PRODUTOS MÉDICOS E HOSPITALARES LTDA;RESPONSE ORTHO TEKNOLOJIK URETIM A S;TURQUIA
80312580005;I;TECNIMED - COMÉRCIO E IMPORTAÇÃO DE PRODUTOS MÉDICOS E HOSPITALARES LTDA;RESPONSE ORTHO TEKNOLOJIK URETIM A S;TURQUIA
80312580007;II;TECNIMED - COMÉRCIO E IMPORTAÇÃO DE PRODUTOS MÉDICOS E HOSPITALARES LTDA;PROMECON GMBH;ALEMANHA
80312580009;II;TECNIMED - COMÉRCIO E IMPORTAÇÃO DE PRODUTOS MÉDICOS E HOSPITALARES LTDA;PROMECON GMBH;ALEMANHA
80312580010;I;TECNIMED - COMÉRCIO E IMPORTAÇÃO DE PRODUTOS MÉDICOS E HOSPITALARES LTDA;RESPONSE ORTHO TEKNOLOJIK URETIM A S;TURQUIA
80312580011;I;TECNIMED - COMÉRCIO E IMPORTAÇÃO DE PRODUTOS MÉDICOS E HOSPITALARES LTDA;RESPONSE ORTHO TEKNOLOJIK URETIM A S;TURQUIA
80312589001;II;TECNIMED - COMÉRCIO E IMPORTAÇÃO DE PRODUTOS MÉDICOS E HOSPITALARES LTDA;VAN STRATEN MEDICAL;HOLANDA (PAÍSES BAIXOS)
80312589002;II;TECNIMED - COMÉRCIO E IMPORTAÇÃO DE PRODUTOS MÉDICOS E HOSPITALARES LTDA;VAN STRATEN MEDICAL;HOLANDA (PAÍSES BAIXOS)
80312589003;II;TECNIMED - COMÉRCIO E IMPORTAÇÃO DE PRODUTOS MÉDICOS E HOSPITALARES LTDA;VAN STRATEN MEDICAL;HOLANDA (PAÍSES BAIXOS)
80968640003;I;Tecno Implante Industria e Comercio de Materiais Medicos e Odontologicos Ltda ME;Tecno Implante Industria e Comercio de Materiais Medicos e Odontologicos Ltda ME;BRASIL
80968649001;II;Tecno Implante Industria e Comercio de Materiais Medicos e Odontologicos Ltda ME;Tecno Implante Industria e Comercio de Materiais Medicos e Odontologicos Ltda ME;BRASIL
80968649003;II;Tecno Implante Industria e Comercio de Materiais Medicos e Odontologicos Ltda ME;Tecno Implante Industria e Comercio de Materiais Medicos e Odontologicos Ltda ME;BRASIL
80968649004;II;Tecno Implante Industria e Comercio de Materiais Medicos e Odontologicos Ltda ME;Tecno Implante Industria e Comercio de Materiais Medicos e Odontologicos Ltda ME;BRASIL
80968649005;II;Tecno Implante Industria e Comercio de Materiais Medicos e Odontologicos Ltda ME;Tecno Implante Industria e Comercio de Materiais Medicos e Odontologicos Ltda ME;BRASIL
80407790005;I;TECNOAR INDÚSTRIA E COMÉRCIO DE EQUIPAMENTOS MÉDICOS E HOSPITALARES LTDA. - ME;TECNOAR INDUSTRIA E COMERCIO DE EQUIPAMENTOS MEDICOS E HOSPITALARES LTDA;BRASIL
80407790006;I;TECNOAR INDÚSTRIA E COMÉRCIO DE EQUIPAMENTOS MÉDICOS E HOSPITALARES LTDA. - ME;TECNOAR INDUSTRIA E COMERCIO DE EQUIPAMENTOS MEDICOS E HOSPITALARES LTDA;BRASIL
80407790007;I;TECNOAR INDÚSTRIA E COMÉRCIO DE EQUIPAMENTOS MÉDICOS E HOSPITALARES LTDA. - ME;TECNOAR INDUSTRIA E COMERCIO DE EQUIPAMENTOS MEDICOS E HOSPITALARES LTDA;BRASIL
80407790008;I;TECNOAR INDÚSTRIA E COMÉRCIO DE EQUIPAMENTOS MÉDICOS E HOSPITALARES LTDA. - ME;TECNOAR INDUSTRIA E COMERCIO DE EQUIPAMENTOS MEDICOS E HOSPITALARES LTDA;BRASIL
81612230001;I;TECNOCIRURGICA COMERCIO DE MATERIAIS MEDICOS CIRURGICOS E HOSPITALARES LTDA;TECNOCIRURGICA COMERCIO DE MATERIAIS MEDICOS CIRURGICOS E HOSPITALARES LTDA;BRASIL
81612230002;I;TECNOCIRURGICA COMERCIO DE MATERIAIS MEDICOS CIRURGICOS E HOSPITALARES LTDA;TECNOCIRURGICA COMERCIO DE MATERIAIS MEDICOS CIRURGICOS E HOSPITALARES LTDA;BRASIL
81612230003;I;TECNOCIRURGICA COMERCIO DE MATERIAIS MEDICOS CIRURGICOS E HOSPITALARES LTDA;TECNOCIRURGICA COMERCIO DE MATERIAIS MEDICOS CIRURGICOS E HOSPITALARES LTDA;BRASIL
81612230004;I;TECNOCIRURGICA COMERCIO DE MATERIAIS MEDICOS CIRURGICOS E HOSPITALARES LTDA;TECNOCIRURGICA COMERCIO DE MATERIAIS MEDICOS CIRURGICOS E HOSPITALARES LTDA;BRASIL
81612230009;II;TECNOCIRURGICA COMERCIO DE MATERIAIS MEDICOS CIRURGICOS E HOSPITALARES LTDA;TECNOCIRURGICA COMERCIO DE MATERIAIS MEDICOS CIRURGICOS E HOSPITALARES LTDA;BRASIL
81612230010;II;TECNOCIRURGICA COMERCIO DE MATERIAIS MEDICOS CIRURGICOS E HOSPITALARES LTDA;TECNOCIRURGICA COMERCIO DE MATERIAIS MEDICOS CIRURGICOS E HOSPITALARES LTDA;BRASIL
81612230011;II;TECNOCIRURGICA COMERCIO DE MATERIAIS MEDICOS CIRURGICOS E HOSPITALARES LTDA;TECNOCIRURGICA COMERCIO DE MATERIAIS MEDICOS CIRURGICOS E HOSPITALARES LTDA;BRASIL
81612230012;II;TECNOCIRURGICA COMERCIO DE MATERIAIS MEDICOS CIRURGICOS E HOSPITALARES LTDA;TECNOCIRURGICA COMERCIO DE MATERIAIS MEDICOS CIRURGICOS E HOSPITALARES LTDA;BRASIL
81612230013;II;TECNOCIRURGICA COMERCIO DE MATERIAIS MEDICOS CIRURGICOS E HOSPITALARES LTDA;TECNOCIRURGICA COMERCIO DE MATERIAIS MEDICOS CIRURGICOS E HOSPITALARES LTDA;BRASIL
81612230014;II;TECNOCIRURGICA COMERCIO DE MATERIAIS MEDICOS CIRURGICOS E HOSPITALARES LTDA;TECNOCIRURGICA COMERCIO DE MATERIAIS MEDICOS CIRURGICOS E HOSPITALARES LTDA;BRASIL
81612230015;II;TECNOCIRURGICA COMERCIO DE MATERIAIS MEDICOS CIRURGICOS E HOSPITALARES LTDA;TECNOCIRURGICA COMERCIO DE MATERIAIS MEDICOS CIRURGICOS E HOSPITALARES LTDA;BRASIL
81612230016;I;TECNOCIRURGICA COMERCIO DE MATERIAIS MEDICOS CIRURGICOS E HOSPITALARES LTDA;TECNOCIRURGICA COMERCIO DE MATERIAIS MEDICOS CIRURGICOS E HOSPITALARES LTDA;BRASIL
81612230017;I;TECNOCIRURGICA COMERCIO DE MATERIAIS MEDICOS CIRURGICOS E HOSPITALARES LTDA;TECNOCIRURGICA COMERCIO DE MATERIAIS MEDICOS CIRURGICOS E HOSPITALARES LTDA;BRASIL
81612230018;I;TECNOCIRURGICA COMERCIO DE MATERIAIS MEDICOS CIRURGICOS E HOSPITALARES LTDA;TECNOCIRURGICA COMERCIO DE MATERIAIS MEDICOS CIRURGICOS E HOSPITALARES LTDA;BRASIL
81612230019;I;TECNOCIRURGICA COMERCIO DE MATERIAIS MEDICOS CIRURGICOS E HOSPITALARES LTDA;TECNOCIRURGICA COMERCIO DE MATERIAIS MEDICOS CIRURGICOS E HOSPITALARES LTDA;BRASIL
81612230020;I;TECNOCIRURGICA COMERCIO DE MATERIAIS MEDICOS CIRURGICOS E HOSPITALARES LTDA;TECNOCIRURGICA COMERCIO DE MATERIAIS MEDICOS CIRURGICOS E HOSPITALARES LTDA;BRASIL
81612230021;II;TECNOCIRURGICA COMERCIO DE MATERIAIS MEDICOS CIRURGICOS E HOSPITALARES LTDA;TECNOCIRURGICA COMERCIO DE MATERIAIS MEDICOS CIRURGICOS E HOSPITALARES LTDA;BRASIL
81612239001;II;TECNOCIRURGICA COMERCIO DE MATERIAIS MEDICOS CIRURGICOS E HOSPITALARES LTDA;TECNOCIRURGICA COMERCIO DE MATERIAIS MEDICOS CIRURGICOS E HOSPITALARES LTDA;BRASIL
81612239002;II;TECNOCIRURGICA COMERCIO DE MATERIAIS MEDICOS CIRURGICOS E HOSPITALARES LTDA;TECNOCIRURGICA COMERCIO DE MATERIAIS MEDICOS CIRURGICOS E HOSPITALARES LTDA;BRASIL
81612239003;II;TECNOCIRURGICA COMERCIO DE MATERIAIS MEDICOS CIRURGICOS E HOSPITALARES LTDA;TECNOCIRURGICA COMERCIO DE MATERIAIS MEDICOS CIRURGICOS E HOSPITALARES LTDA;BRASIL
81612239006;II;TECNOCIRURGICA COMERCIO DE MATERIAIS MEDICOS CIRURGICOS E HOSPITALARES LTDA;TECNOCIRURGICA COMERCIO DE MATERIAIS MEDICOS CIRURGICOS E HOSPITALARES LTDA;BRASIL
81612239007;II;TECNOCIRURGICA COMERCIO DE MATERIAIS MEDICOS CIRURGICOS E HOSPITALARES LTDA;TECNOCIRURGICA COMERCIO DE MATERIAIS MEDICOS CIRURGICOS E HOSPITALARES LTDA;BRASIL
81612239008;II;TECNOCIRURGICA COMERCIO DE MATERIAIS MEDICOS CIRURGICOS E HOSPITALARES LTDA;TECNOCIRURGICA COMERCIO DE MATERIAIS MEDICOS CIRURGICOS E HOSPITALARES LTDA;BRASIL
81612239009;II;TECNOCIRURGICA COMERCIO DE MATERIAIS MEDICOS CIRURGICOS E HOSPITALARES LTDA;TECNOCIRURGICA COMERCIO DE MATERIAIS MEDICOS CIRURGICOS E HOSPITALARES LTDA;BRASIL
81612239010;II;TECNOCIRURGICA COMERCIO DE MATERIAIS MEDICOS CIRURGICOS E HOSPITALARES LTDA;TECNOCIRURGICA COMERCIO DE MATERIAIS MEDICOS CIRURGICOS E HOSPITALARES LTDA;BRASIL
81612239011;II;TECNOCIRURGICA COMERCIO DE MATERIAIS MEDICOS CIRURGICOS E HOSPITALARES LTDA;TECNOCIRURGICA COMERCIO DE MATERIAIS MEDICOS CIRURGICOS E HOSPITALARES LTDA;BRASIL
81612239012;II;TECNOCIRURGICA COMERCIO DE MATERIAIS MEDICOS CIRURGICOS E HOSPITALARES LTDA;TECNOCIRURGICA COMERCIO DE MATERIAIS MEDICOS CIRURGICOS E HOSPITALARES LTDA;BRASIL
81612239013;II;TECNOCIRURGICA COMERCIO DE MATERIAIS MEDICOS CIRURGICOS E HOSPITALARES LTDA;TECNOCIRURGICA COMERCIO DE MATERIAIS MEDICOS CIRURGICOS E HOSPITALARES LTDA;BRASIL
81612239014;II;TECNOCIRURGICA COMERCIO DE MATERIAIS MEDICOS CIRURGICOS E HOSPITALARES LTDA;TECNOCIRURGICA COMERCIO DE MATERIAIS MEDICOS CIRURGICOS E HOSPITALARES LTDA;BRASIL
81612239017;II;TECNOCIRURGICA COMERCIO DE MATERIAIS MEDICOS CIRURGICOS E HOSPITALARES LTDA;TECNOCIRURGICA COMERCIO DE MATERIAIS MEDICOS CIRURGICOS E HOSPITALARES LTDA;BRASIL
81612239018;II;TECNOCIRURGICA COMERCIO DE MATERIAIS MEDICOS CIRURGICOS E HOSPITALARES LTDA;TECNOCIRURGICA COMERCIO DE MATERIAIS MEDICOS CIRURGICOS E HOSPITALARES LTDA;BRASIL
10409360004;I;TECNODENT INDUSTRIA E COMERCIO LTDA;TECNODENT INDUSTRIA E COMERCIO LTDA;BRASIL
10409360005;I;TECNODENT INDUSTRIA E COMERCIO LTDA;TECNODENT INDUSTRIA E COMERCIO LTDA;BRASIL
80337960005;I;TECNOVENT COMÉRCIO DE EQUIPAMENTOS MÉDICOS LTDA ME;APK TECHNOLOGY CO., LTD.;CHINA, REPÚBLICA POPULAR
80337960006;I;TECNOVENT COMÉRCIO DE EQUIPAMENTOS MÉDICOS LTDA ME;APK TECHNOLOGY CO., LTD.;CHINA, REPÚBLICA POPULAR
80337960008;II;TECNOVENT COMÉRCIO DE EQUIPAMENTOS MÉDICOS LTDA ME;APK TECHNOLOGY;CHINA, REPÚBLICA POPULAR
80337960010;II;TECNOVENT COMÉRCIO DE EQUIPAMENTOS MÉDICOS LTDA ME;Zheijang Runquiang Medical Instruments Co., LTD;CHINA, REPÚBLICA POPULAR
80337960011;II;TECNOVENT COMÉRCIO DE EQUIPAMENTOS MÉDICOS LTDA ME;ZHEJIANG FERT MEDICAL DEVICE CO. LTD.;CHINA, REPÚBLICA POPULAR
80337960013;I;TECNOVENT COMÉRCIO DE EQUIPAMENTOS MÉDICOS LTDA ME;APK TECHNOLOGY CO., LTD.;CHINA, REPÚBLICA POPULAR
80337960014;I;TECNOVENT COMÉRCIO DE EQUIPAMENTOS MÉDICOS LTDA ME;APK TECHNOLOGY CO., LTD.;CHINA, REPÚBLICA POPULAR
80337960015;I;TECNOVENT COMÉRCIO DE EQUIPAMENTOS MÉDICOS LTDA ME;APK TECHNOLOGY CO., LTD.;CHINA, REPÚBLICA POPULAR
80337969002;II;TECNOVENT COMÉRCIO DE EQUIPAMENTOS MÉDICOS LTDA ME;SHENZHEN CORERAY TECHNOLOGY CO,. LTD;CHINA, REPÚBLICA POPULAR
80380309001;II;TECNYMAGEM SUPRIMENTOS HOSPITALARES LTDA - ME;QINGDAO SURE CARE TRADING CO., LTD;CHINA, REPÚBLICA POPULAR
80380309003;II;TECNYMAGEM SUPRIMENTOS HOSPITALARES LTDA - ME;ZHEJIANG BANGLI MEDICAL PRODUCTS CO.,LTD.;CHINA, REPÚBLICA POPULAR
80380309004;II;TECNYMAGEM SUPRIMENTOS HOSPITALARES LTDA - ME;ZHEJIANG BANGLI MEDICAL PRODUCTS CO.,LTD.;CHINA, REPÚBLICA POPULAR
80380309005;II;TECNYMAGEM SUPRIMENTOS HOSPITALARES LTDA - ME;HANGZHOU TRIFANZ MEDICAL DEVICE CO.LTD.;CHINA, REPÚBLICA POPULAR
80380309006;II;TECNYMAGEM SUPRIMENTOS HOSPITALARES LTDA - ME;BEIJING L&Z MEDICAL TECHNOLOGY DEVELOPMENT CO., LTD.;CHINA, REPÚBLICA POPULAR
82130179001;II;TECVIDA COMERCIO E DISTRIBUIÇÃO LTDA;ZHUHAI DR MEDICAL INSTRUMENTS CO. LTD.;CHINA, REPÚBLICA POPULAR
82130179002;II;TECVIDA COMERCIO E DISTRIBUIÇÃO LTDA;ZHUHAI DR MEDICAL INSTRUMENTS CO. LTD.;CHINA, REPÚBLICA POPULAR
80312270008;II;TELEFLEX MEDICAL BRASIL LTDA;TELEFLEX MEDICAL LLC;ESTADOS UNIDOS DA AMÉRICA
80312270011;II;TELEFLEX MEDICAL BRASIL LTDA;TELEFLEX MEDICAL;ESTADOS UNIDOS DA AMÉRICA
80312270012;II;TELEFLEX MEDICAL BRASIL LTDA;TELEFLEX MEDICAL;ESTADOS UNIDOS DA AMÉRICA
80312270013;II;TELEFLEX MEDICAL BRASIL LTDA;TELEFLEX MEDICAL;ESTADOS UNIDOS DA AMÉRICA
80312270014;II;TELEFLEX MEDICAL BRASIL LTDA;TELEFLEX MEDICAL INC.;ESTADOS UNIDOS DA AMÉRICA
80312270016;I;TELEFLEX MEDICAL BRASIL LTDA;TELEFLEX MEDICAL LLC;ESTADOS UNIDOS DA AMÉRICA
80312270017;I;TELEFLEX MEDICAL BRASIL LTDA;TELEFLEX MEDICAL INC;ESTADOS UNIDOS DA AMÉRICA
80312270018;I;TELEFLEX MEDICAL BRASIL LTDA;TELEFLEX MEDICAL LLC;ESTADOS UNIDOS DA AMÉRICA
80312270019;I;TELEFLEX MEDICAL BRASIL LTDA;TELEFLEX MEDICAL LLC;ESTADOS UNIDOS DA AMÉRICA
80312270020;I;TELEFLEX MEDICAL BRASIL LTDA;TELEFLEX MEDICAL LLC;ESTADOS UNIDOS DA AMÉRICA
80312270021;I;TELEFLEX MEDICAL BRASIL LTDA;TELEFLEX MEDICAL LLC;ESTADOS UNIDOS DA AMÉRICA
80312270025;II;TELEFLEX MEDICAL BRASIL LTDA;TELEFLEX MEDICAL LLC;ESTADOS UNIDOS DA AMÉRICA
80312270026;II;TELEFLEX MEDICAL BRASIL LTDA;TELEFLEX MEDICAL LLC;ESTADOS UNIDOS DA AMÉRICA
80312270038;I;TELEFLEX MEDICAL BRASIL LTDA;TELEFLEX MEDICAL EUROPE LIMITED;IRLANDA
80312270039;I;TELEFLEX MEDICAL BRASIL LTDA;TELEFLEX MEDICAL EUROPE LIMITED;IRLANDA
80312270040;I;TELEFLEX MEDICAL BRASIL LTDA;TELEFLEX MEDICAL EUROPE LIMITED;IRLANDA
80312270041;I;TELEFLEX MEDICAL BRASIL LTDA;TELEFLEX MEDICAL LLC;ESTADOS UNIDOS DA AMÉRICA
80312270044;I;TELEFLEX MEDICAL BRASIL LTDA;TELEFLEX MEDICAL SDN. BHD.;MALÁSIA
80312270046;IV;TELEFLEX MEDICAL BRASIL LTDA;;
80312270046;IV;TELEFLEX MEDICAL BRASIL LTDA;VASCULAR SOLUTIONS, LLC;ESTADOS UNIDOS DA AMÉRICA
80312270047;IV;TELEFLEX MEDICAL BRASIL LTDA;;
80312270047;IV;TELEFLEX MEDICAL BRASIL LTDA;VASCULAR SOLUTIONS, LLC;ESTADOS UNIDOS DA AMÉRICA
80312270048;IV;TELEFLEX MEDICAL BRASIL LTDA;;
80312270048;IV;TELEFLEX MEDICAL BRASIL LTDA;ARROW INTERNATIONAL LLC (SUBSIDIARY OF TELEFLEX INCORPORATED);ESTADOS UNIDOS DA AMÉRICA
80312270049;IV;TELEFLEX MEDICAL BRASIL LTDA;;
80312270049;IV;TELEFLEX MEDICAL BRASIL LTDA;ARROW INTERNATIONAL LLC;ESTADOS UNIDOS DA AMÉRICA
80312270050;IV;TELEFLEX MEDICAL BRASIL LTDA;;
80312270050;IV;TELEFLEX MEDICAL BRASIL LTDA;TELEFLEX MEDICAL LLC;ESTADOS UNIDOS DA AMÉRICA
80312270051;IV;TELEFLEX MEDICAL BRASIL LTDA;;
80312270051;IV;TELEFLEX MEDICAL BRASIL LTDA;TELEFLEX MEDICAL LLC;ESTADOS UNIDOS DA AMÉRICA
80312270052;IV;TELEFLEX MEDICAL BRASIL LTDA;;
80312270052;IV;TELEFLEX MEDICAL BRASIL LTDA;TELEFLEX MEDICAL LLC;ESTADOS UNIDOS DA AMÉRICA
80312270053;IV;TELEFLEX MEDICAL BRASIL LTDA;;
80312270053;IV;TELEFLEX MEDICAL BRASIL LTDA;ARROW INTERNATIONAL LLC (SUBSIDIARY OF TELEFLEX INCORPORATED);ESTADOS UNIDOS DA AMÉRICA
80312270054;IV;TELEFLEX MEDICAL BRASIL LTDA;;
80312270054;IV;TELEFLEX MEDICAL BRASIL LTDA;ARROW INTERNATIONAL LLC (SUBSIDIARY OF TELEFLEX INCORPORATED);ESTADOS UNIDOS DA AMÉRICA
80312270055;IV;TELEFLEX MEDICAL BRASIL LTDA;;
80312270055;IV;TELEFLEX MEDICAL BRASIL LTDA;ARROW INTERNATIONAL LLC (SUBSIDIARY OF TELEFLEX INCORPORATED);ESTADOS UNIDOS DA AMÉRICA
80312270056;IV;TELEFLEX MEDICAL BRASIL LTDA;;
80312270056;IV;TELEFLEX MEDICAL BRASIL LTDA;ARROW INTERNATIONAL LLC (SUBSIDIARY OF TELEFLEX INCORPORATED);ESTADOS UNIDOS DA AMÉRICA
80312270057;IV;TELEFLEX MEDICAL BRASIL LTDA;;
80312270057;IV;TELEFLEX MEDICAL BRASIL LTDA;ARROW INTERNATIONAL LLC (SUBSIDIARY OF TELEFLEX INCORPORATED);ESTADOS UNIDOS DA AMÉRICA
80312270058;III;TELEFLEX MEDICAL BRASIL LTDA;;
80312270058;III;TELEFLEX MEDICAL BRASIL LTDA;NEOTRACT, INC;ESTADOS UNIDOS DA AMÉRICA
80312270059;IV;TELEFLEX MEDICAL BRASIL LTDA;;
80312270059;IV;TELEFLEX MEDICAL BRASIL LTDA;ARROW INTERNATIONAL LLC (SUBSIDIARY OF TELEFLEX INCORPORATED);ESTADOS UNIDOS DA AMÉRICA
80312270060;IV;TELEFLEX MEDICAL BRASIL LTDA;;
80312270060;IV;TELEFLEX MEDICAL BRASIL LTDA;ARROW INTERNATIONAL LLC (SUBSIDIARY OF TELEFLEX INCORPORATED);ESTADOS UNIDOS DA AMÉRICA
80312270064;I;TELEFLEX MEDICAL BRASIL LTDA;TELEFLEX MEDICAL LLC;ESTADOS UNIDOS DA AMÉRICA
80312270065;I;TELEFLEX MEDICAL BRASIL LTDA;TELEFLEX MEDICAL LLC;ESTADOS UNIDOS DA AMÉRICA
80312270090;III;TELEFLEX MEDICAL BRASIL LTDA;;
80312270090;III;TELEFLEX MEDICAL BRASIL LTDA;ARROW INTERNATIONAL LLC;ESTADOS UNIDOS DA AMÉRICA
80312279004;II;TELEFLEX MEDICAL BRASIL LTDA;TELEFLEX MEDICAL SDN. BHD.;MALÁSIA
80312279005;II;TELEFLEX MEDICAL BRASIL LTDA;TELEFLEX MEDICAL SDN. BHD.;MALÁSIA
80312279006;II;TELEFLEX MEDICAL BRASIL LTDA;TELEFLEX MEDICAL SDN. BHD.;MALÁSIA
80312279007;II;TELEFLEX MEDICAL BRASIL LTDA;TELEFLEX MEDICAL SDN. BHD.;MALÁSIA
80312279008;II;TELEFLEX MEDICAL BRASIL LTDA;ARROW INTERNATIONAL LLC;ESTADOS UNIDOS DA AMÉRICA
80312279009;II;TELEFLEX MEDICAL BRASIL LTDA;TELEFLEX MEDICAL SDN. BHD.;MALÁSIA
80312279010;II;TELEFLEX MEDICAL BRASIL LTDA;TELEFLEX MEDICAL SDN. BHD.;MALÁSIA
80312279011;II;TELEFLEX MEDICAL BRASIL LTDA;TELEFLEX MEDICAL SDN. BHD.;MALÁSIA
80312279012;II;TELEFLEX MEDICAL BRASIL LTDA;TELEFLEX MEDICAL LLC;ESTADOS UNIDOS DA AMÉRICA
80312279013;II;TELEFLEX MEDICAL BRASIL LTDA;TELEFLEX MEDICAL LLC;ESTADOS UNIDOS DA AMÉRICA
80312279014;II;TELEFLEX MEDICAL BRASIL LTDA;TELEFLEX MEDICAL SDN. BHD.;MALÁSIA
80312279015;II;TELEFLEX MEDICAL BRASIL LTDA;TELEFLEX MEDICAL SDN. BHD.;MALÁSIA
80312279016;II;TELEFLEX MEDICAL BRASIL LTDA;TELEFLEX MEDICAL SDN. BHD.;MALÁSIA
80312279017;II;TELEFLEX MEDICAL BRASIL LTDA;TELEFLEX MEDICAL LLC;ESTADOS UNIDOS DA AMÉRICA
80312279018;II;TELEFLEX MEDICAL BRASIL LTDA;TELEFLEX MEDICAL EUROPE LIMITED;IRLANDA
80312279019;II;TELEFLEX MEDICAL BRASIL LTDA;TELEFLEX MEDICAL LLC;ESTADOS UNIDOS DA AMÉRICA
80312279020;II;TELEFLEX MEDICAL BRASIL LTDA;TELEFLEX MEDICAL SDN. BHD.;MALÁSIA
80312279021;II;TELEFLEX MEDICAL BRASIL LTDA;TELEFLEX MEDICAL SDN. BHD.;MALÁSIA
80312279022;II;TELEFLEX MEDICAL BRASIL LTDA;TELEFLEX MEDICAL SDN. BHD.;MALÁSIA
80312279023;II;TELEFLEX MEDICAL BRASIL LTDA;TELEFLEX MEDICAL SDN. BHD.;MALÁSIA
80312279024;II;TELEFLEX MEDICAL BRASIL LTDA;TELEFLEX MEDICAL LLC;ESTADOS UNIDOS DA AMÉRICA
80312279025;II;TELEFLEX MEDICAL BRASIL LTDA;ARROW INTERNATIONAL LLC;ESTADOS UNIDOS DA AMÉRICA
80312279026;II;TELEFLEX MEDICAL BRASIL LTDA;TELEFLEX MEDICAL EUROPE LIMITED;IRLANDA
80312279027;II;TELEFLEX MEDICAL BRASIL LTDA;TELEFLEX MEDICAL EUROPE LIMITED;IRLANDA
80312279028;II;TELEFLEX MEDICAL BRASIL LTDA;TELEFLEX MEDICAL EUROPE LIMITED;IRLANDA
80312279029;II;TELEFLEX MEDICAL BRASIL LTDA;TELEFLEX MEDICAL SDN. BHD.;MALÁSIA
80312279030;II;TELEFLEX MEDICAL BRASIL LTDA;TELEFLEX MEDICAL LLC;ESTADOS UNIDOS DA AMÉRICA
80312279031;II;TELEFLEX MEDICAL BRASIL LTDA;TELEFLEX MEDICAL EUROPE LIMITED;IRLANDA
80312279032;II;TELEFLEX MEDICAL BRASIL LTDA;ARROW INTERNATIONAL LLC;ESTADOS UNIDOS DA AMÉRICA
80312279033;II;TELEFLEX MEDICAL BRASIL LTDA;TELEFLEX MEDICAL LLC;ESTADOS UNIDOS DA AMÉRICA
80312279034;II;TELEFLEX MEDICAL BRASIL LTDA;TELEFLEX MEDICAL SDN. BHD.;MALÁSIA
80312279035;II;TELEFLEX MEDICAL BRASIL LTDA;TELEFLEX MEDICAL EUROPE LIMITED;IRLANDA
80312279036;II;TELEFLEX MEDICAL BRASIL LTDA;TELEFLEX MEDICAL EUROPE LIMITED;IRLANDA
80312279037;II;TELEFLEX MEDICAL BRASIL LTDA;TELEFLEX MEDICAL EUROPE LIMITED;IRLANDA
80312279038;II;TELEFLEX MEDICAL BRASIL LTDA;TELEFLEX MEDICAL LLC;ESTADOS UNIDOS DA AMÉRICA
80312279039;II;TELEFLEX MEDICAL BRASIL LTDA;TELEFLEX MEDICAL LLC;ESTADOS UNIDOS DA AMÉRICA
80312279040;II;TELEFLEX MEDICAL BRASIL LTDA;TELEFLEX MEDICAL SDN. BHD.;MALÁSIA
80312279041;II;TELEFLEX MEDICAL BRASIL LTDA;TELEFLEX MEDICAL LLC;ESTADOS UNIDOS DA AMÉRICA
80312279042;II;TELEFLEX MEDICAL BRASIL LTDA;TELEFLEX MEDICAL SDN. BHD.;MALÁSIA
80312279043;II;TELEFLEX MEDICAL BRASIL LTDA;TELEFLEX MEDICAL EUROPE LIMITED;IRLANDA
80312279044;II;TELEFLEX MEDICAL BRASIL LTDA;TELEFLEX MEDICAL EUROPE LIMITED;IRLANDA
80312279045;II;TELEFLEX MEDICAL BRASIL LTDA;TELEFLEX MEDICAL SDN. BHD.;MALÁSIA
80312279046;II;TELEFLEX MEDICAL BRASIL LTDA;TELEFLEX MEDICAL LLC;ESTADOS UNIDOS DA AMÉRICA
80312279047;II;TELEFLEX MEDICAL BRASIL LTDA;TELEFLEX MEDICAL SDN. BHD.;MALÁSIA
80312279049;II;TELEFLEX MEDICAL BRASIL LTDA;TELEFLEX MEDICAL SDN. BHD.;MALÁSIA
80312279050;II;TELEFLEX MEDICAL BRASIL LTDA;ARROW INTERNATIONAL LLC;ESTADOS UNIDOS DA AMÉRICA
80312279053;II;TELEFLEX MEDICAL BRASIL LTDA;TELEFLEX MEDICAL LLC;ESTADOS UNIDOS DA AMÉRICA
80312279055;II;TELEFLEX MEDICAL BRASIL LTDA;ARROW INTERNATIONAL LLC (SUBSIDIARY OF TELEFLEX INCORPORATED);ESTADOS UNIDOS DA AMÉRICA
80312279056;II;TELEFLEX MEDICAL BRASIL LTDA;CONTRACT MEDICAL INTERNATIONAL GMBH;ALEMANHA
80312279057;II;TELEFLEX MEDICAL BRASIL LTDA;BIOTRONIK AG;SUÍÇA
80312279058;II;TELEFLEX MEDICAL BRASIL LTDA;BIOTRONIK AG;SUÍÇA
80312279059;II;TELEFLEX MEDICAL BRASIL LTDA;BIOTRONIK AG;SUÍÇA
80312279060;II;TELEFLEX MEDICAL BRASIL LTDA;CONTRACT MEDICAL INTERNATIONAL GMBH;ALEMANHA
80312279061;II;TELEFLEX MEDICAL BRASIL LTDA;TELEFLEX MEDICAL SDN. BHD.;MALÁSIA
80312279062;II;TELEFLEX MEDICAL BRASIL LTDA;ARROW INTERNATIONAL LLC (SUBSIDIARY OF TELEFLEX INCORPORATED);ESTADOS UNIDOS DA AMÉRICA
80312279063;II;TELEFLEX MEDICAL BRASIL LTDA;CREAGH MEDICAL LTD.;IRLANDA
80312279064;II;TELEFLEX MEDICAL BRASIL LTDA;TELEFLEX MEDICAL SDN. BHD.;MALÁSIA
80312279065;II;TELEFLEX MEDICAL BRASIL LTDA;TELEFLEX MEDICAL LLC;ESTADOS UNIDOS DA AMÉRICA
80312279066;II;TELEFLEX MEDICAL BRASIL LTDA;TELEFLEX MEDICAL EUROPE LIMITED;IRLANDA
80312279067;II;TELEFLEX MEDICAL BRASIL LTDA;TELEFLEX MEDICAL EUROPE LIMITED;IRLANDA
80312279068;II;TELEFLEX MEDICAL BRASIL LTDA;TELEFLEX MEDICAL SDN. BHD.;MALÁSIA
80312279069;II;TELEFLEX MEDICAL BRASIL LTDA;TELEFLEX MEDICAL SDN. BHD.;MALÁSIA
80312279071;II;TELEFLEX MEDICAL BRASIL LTDA;TELEFLEX MEDICAL SDN. BHD.;MALÁSIA
80312279072;II;TELEFLEX MEDICAL BRASIL LTDA;TELEFLEX MEDICAL EUROPE LIMITED;IRLANDA
80312279073;II;TELEFLEX MEDICAL BRASIL LTDA;TELEFLEX MEDICAL SDN. BHD.;MALÁSIA
80312279074;II;TELEFLEX MEDICAL BRASIL LTDA;WILLY RUSCH GMBH;ALEMANHA
80312279075;II;TELEFLEX MEDICAL BRASIL LTDA;ARROW INTERNATIONAL LLC (SUBSIDIARY OF TELEFLEX INCORPORATED);ESTADOS UNIDOS DA AMÉRICA
80023450061;II;TELLUS COMERCIO IMPORTAÇÃO E EXPORTAÇÃO LTDA;ZIMMER SURGICAL, INC;ESTADOS UNIDOS DA AMÉRICA
80023450063;II;TELLUS COMERCIO IMPORTAÇÃO E EXPORTAÇÃO LTDA;ZIMMER SURGICAL, INC;ESTADOS UNIDOS DA AMÉRICA
80023450070;II;TELLUS COMERCIO IMPORTAÇÃO E EXPORTAÇÃO LTDA;ZIMMER SURGICAL, INC;ESTADOS UNIDOS DA AMÉRICA
81907950001;I;TENON OFTALMO INDUSTRIA E SERVICOS DE INSTRUMENTOS CIRURGICOS LTDA;TENON OFTALMO INDUSTRIA E SERVICOS DE INSTRUMENTOS CIRURGICOS LTDA;BRASIL
81907950006;I;TENON OFTALMO INDUSTRIA E SERVICOS DE INSTRUMENTOS CIRURGICOS LTDA;TENON OFTALMO INDUSTRIA E SERVICOS DE INSTRUMENTOS CIRURGICOS LTDA;BRASIL
81839159001;II;TENOX INSTRUMENTOS DE PRECISÃO LTDA;TENOX INSTRUMENTOS DE PRECISÃO LTDA;BRASIL
82942910001;I;TERA MEDICAL LTDA;JINHUA JINGDI MEDICAL SUPPLIES CO., LTD;CHINA, REPÚBLICA POPULAR
82942919001;II;TERA MEDICAL LTDA;JIANGSU WEBEST MEDICAL PRODUCT CO., LTD.;CHINA, REPÚBLICA POPULAR
82942919002;II;TERA MEDICAL LTDA;JIANGXI HONGDA MEDICAL EQUIPAMENT GROUP LTD.;CHINA, REPÚBLICA POPULAR
82942919004;II;TERA MEDICAL LTDA;JIANGXI HONGDA MEDICAL EQUIPMENT GROUP LTD;CHINA, REPÚBLICA POPULAR
82942919005;II;TERA MEDICAL LTDA;SHANDONG DINGYUAN MEDICAL INSTRUMENT CO.,LTD;CHINA, REPÚBLICA POPULAR
82942919006;II;TERA MEDICAL LTDA;JIANGXI HONGDA MEDICAL EQUIPMENT GROUP LTD.;CHINA, REPÚBLICA POPULAR
82942919007;II;TERA MEDICAL LTDA;JIANGXI HONGDA MEDICAL EQUIPMENT GROUP LTD.;CHINA, REPÚBLICA POPULAR
82942919008;II;TERA MEDICAL LTDA;MEDICO (SHIJIAZHUANG) INDUSTRIES & TRADE CO., LTD;CHINA, REPÚBLICA POPULAR
82942919009;II;TERA MEDICAL LTDA;JIANGXI HONGDA MEDICAL EQUIPAMENT GROUP LTD.;CHINA, REPÚBLICA POPULAR
82942919010;II;TERA MEDICAL LTDA;JIANGXI HONGDA MEDICAL EQUIPAMENT GROUP LTD.;CHINA, REPÚBLICA POPULAR
80443410002;I;TEREZA LIRA FERNANDES ME;TEREZA LIRA FERNANDES ME;BRASIL
80443410003;I;TEREZA LIRA FERNANDES ME;TEREZA LIRA FERNANDES ME;BRASIL
80443410005;I;TEREZA LIRA FERNANDES ME;TEREZA LIRA FERNANDES ME;BRASIL
81235840001;II;TERMOFLEX EQUIPAMENTOS ODONTOLOGICOS LTDA - ME;TERMOFLEX EQUIPAMENTOS ODONTOLOGICOS LTDA - ME;BRASIL
80023590005;I;TERMOGEL INDÚSTRIA E COMÉRCIO DE PRODUTOS DE ESTETICA LTDA;TERMOGEL INDÚSTRIA E COMÉRCIO DE PRODUTOS DE ESTETICA LTDA;BRASIL
80023590006;I;TERMOGEL INDÚSTRIA E COMÉRCIO DE PRODUTOS DE ESTETICA LTDA;TERMOGEL INDÚSTRIA E COMÉRCIO DE PRODUTOS DE ESTETICA LTDA;BRASIL
80023590007;I;TERMOGEL INDÚSTRIA E COMÉRCIO DE PRODUTOS DE ESTETICA LTDA;TERMOGEL INDÚSTRIA E COMÉRCIO DE PRODUTOS DE ESTETICA LTDA;BRASIL
80023590008;I;TERMOGEL INDÚSTRIA E COMÉRCIO DE PRODUTOS DE ESTETICA LTDA;TERMOGEL INDÚSTRIA E COMÉRCIO DE PRODUTOS DE ESTETICA LTDA;BRASIL
80023590009;I;TERMOGEL INDÚSTRIA E COMÉRCIO DE PRODUTOS DE ESTETICA LTDA;TERMOGEL INDÚSTRIA E COMÉRCIO DE PRODUTOS DE ESTETICA LTDA;BRASIL
80023599010;I;TERMOGEL INDÚSTRIA E COMÉRCIO DE PRODUTOS DE ESTETICA LTDA;TERMOGEL INDÚSTRIA E COMÉRCIO DE PRODUTOS DE ESTETICA LTDA;BRASIL
80023599014;I;TERMOGEL INDÚSTRIA E COMÉRCIO DE PRODUTOS DE ESTETICA LTDA;TERMOGEL INDÚSTRIA E COMÉRCIO DE PRODUTOS DE ESTETICA LTDA;BRASIL
80023599016;I;TERMOGEL INDÚSTRIA E COMÉRCIO DE PRODUTOS DE ESTETICA LTDA;TERMOGEL INDÚSTRIA E COMÉRCIO DE PRODUTOS DE ESTETICA LTDA;BRASIL
80554210002;III;TERUMO BCT TECNOLOGIA MEDICA LTDA.;;
80554210002;III;TERUMO BCT TECNOLOGIA MEDICA LTDA.;TERUMO BCT INC;ESTADOS UNIDOS DA AMÉRICA
80554210011;III;TERUMO BCT TECNOLOGIA MEDICA LTDA.;;
80554210011;III;TERUMO BCT TECNOLOGIA MEDICA LTDA.;TERUMO BCT INC;ESTADOS UNIDOS DA AMÉRICA
80554210014;III;TERUMO BCT TECNOLOGIA MEDICA LTDA.;;
80554210014;III;TERUMO BCT TECNOLOGIA MEDICA LTDA.;TERUMO BCT INC;ESTADOS UNIDOS DA AMÉRICA
80554210015;III;TERUMO BCT TECNOLOGIA MEDICA LTDA.;;
80554210015;III;TERUMO BCT TECNOLOGIA MEDICA LTDA.;TERUMO BCT INC;ESTADOS UNIDOS DA AMÉRICA
80554210017;I;TERUMO BCT TECNOLOGIA MEDICA LTDA.;TERUMO BCT INC;ESTADOS UNIDOS DA AMÉRICA
80554210017;I;TERUMO BCT TECNOLOGIA MEDICA LTDA.;TERUMO CORPORATION;JAPÃO
80554210025;III;TERUMO BCT TECNOLOGIA MEDICA LTDA.;;
80554210025;III;TERUMO BCT TECNOLOGIA MEDICA LTDA.;TERUMO BCT INC;ESTADOS UNIDOS DA AMÉRICA
80554210027;III;TERUMO BCT TECNOLOGIA MEDICA LTDA.;;
80554210027;III;TERUMO BCT TECNOLOGIA MEDICA LTDA.;TERUMO PENPOL PRIVATE LIMITED;ÍNDIA
80554210028;III;TERUMO BCT TECNOLOGIA MEDICA LTDA.;;
80554210028;III;TERUMO BCT TECNOLOGIA MEDICA LTDA.;TERUMO PENPOL PRIVATE LIMITED;ÍNDIA
80554210032;III;TERUMO BCT TECNOLOGIA MEDICA LTDA.;;
80554210032;III;TERUMO BCT TECNOLOGIA MEDICA LTDA.;TERUMO BCT INC;ESTADOS UNIDOS DA AMÉRICA
80554210034;III;TERUMO BCT TECNOLOGIA MEDICA LTDA.;;
80554210034;III;TERUMO BCT TECNOLOGIA MEDICA LTDA.;TERUMO PENPOL PRIVATE LIMITED;ÍNDIA
80554210039;III;TERUMO BCT TECNOLOGIA MEDICA LTDA.;;
80554210039;III;TERUMO BCT TECNOLOGIA MEDICA LTDA.;TERUMO BCT INC;ESTADOS UNIDOS DA AMÉRICA
80554210044;III;TERUMO BCT TECNOLOGIA MEDICA LTDA.;;
80554210044;III;TERUMO BCT TECNOLOGIA MEDICA LTDA.;TERUMO BCT INC;ESTADOS UNIDOS DA AMÉRICA
80554210045;III;TERUMO BCT TECNOLOGIA MEDICA LTDA.;;
80554210045;III;TERUMO BCT TECNOLOGIA MEDICA LTDA.;TERUMO BCT INC;ESTADOS UNIDOS DA AMÉRICA
80554210046;III;TERUMO BCT TECNOLOGIA MEDICA LTDA.;;
80554210046;III;TERUMO BCT TECNOLOGIA MEDICA LTDA.;TERUMO BCT INC;ESTADOS UNIDOS DA AMÉRICA
80554210048;III;TERUMO BCT TECNOLOGIA MEDICA LTDA.;;
80554210048;III;TERUMO BCT TECNOLOGIA MEDICA LTDA.;TERUMO BCT INC;ESTADOS UNIDOS DA AMÉRICA
80554210050;III;TERUMO BCT TECNOLOGIA MEDICA LTDA.;;
80554210050;III;TERUMO BCT TECNOLOGIA MEDICA LTDA.;TERUMO BCT INC;ESTADOS UNIDOS DA AMÉRICA
80554210052;III;TERUMO BCT TECNOLOGIA MEDICA LTDA.;;
80554210052;III;TERUMO BCT TECNOLOGIA MEDICA LTDA.;TERUMO BCT LTD;IRLANDA DO NORTE (REINO UNIDO)
80554210055;IV;TERUMO BCT TECNOLOGIA MEDICA LTDA.;;
80554210055;IV;TERUMO BCT TECNOLOGIA MEDICA LTDA.;TERUMO BCT INC;ESTADOS UNIDOS DA AMÉRICA
80554210056;IV;TERUMO BCT TECNOLOGIA MEDICA LTDA.;;
80554210056;IV;TERUMO BCT TECNOLOGIA MEDICA LTDA.;TERUMO BCT INC;ESTADOS UNIDOS DA AMÉRICA
80554219001;II;TERUMO BCT TECNOLOGIA MEDICA LTDA.;TERUMO BCT INC;ESTADOS UNIDOS DA AMÉRICA
80554219005;II;TERUMO BCT TECNOLOGIA MEDICA LTDA.;TERUMO BCT INC;ESTADOS UNIDOS DA AMÉRICA
80554219006;II;TERUMO BCT TECNOLOGIA MEDICA LTDA.;TERUMO BCT INC;ESTADOS UNIDOS DA AMÉRICA
80012280002;II;TERUMO MEDICAL DO BRASIL LTDA.;TERUMO CORPORATION;JAPÃO
80012280016;II;TERUMO MEDICAL DO BRASIL LTDA.;TERUMO CARDIOVASCULAR SYSTEMS CORPORATION;ESTADOS UNIDOS DA AMÉRICA
80012280018;II;TERUMO MEDICAL DO BRASIL LTDA.;TERUMO (PHILIPPINES) CORPORATION;FILIPINAS
80012280018;II;TERUMO MEDICAL DO BRASIL LTDA.;TERUMO CORPORATION;JAPÃO
80012280019;II;TERUMO MEDICAL DO BRASIL LTDA.;TERUMO (PHILIPPINES) CORPORATION;FILIPINAS
80012280022;II;TERUMO MEDICAL DO BRASIL LTDA.;TERUMO (PHILIPPINES) CORPORATION;FILIPINAS
80012280023;II;TERUMO MEDICAL DO BRASIL LTDA.;TERUMO CORPORATION;JAPÃO
80012280025;III;TERUMO MEDICAL DO BRASIL LTDA.;;
80012280025;III;TERUMO MEDICAL DO BRASIL LTDA.;TERUMO CARDIOVASCULAR SYSTEM CORPORATION;ESTADOS UNIDOS DA AMÉRICA
80012280063;IV;TERUMO MEDICAL DO BRASIL LTDA.;;
80012280063;IV;TERUMO MEDICAL DO BRASIL LTDA.;TERUMO CORPORATION;JAPÃO
80012280064;IV;TERUMO MEDICAL DO BRASIL LTDA.;;
80012280064;IV;TERUMO MEDICAL DO BRASIL LTDA.;TERUMO CORPORATION;JAPÃO
80012280066;IV;TERUMO MEDICAL DO BRASIL LTDA.;;
80012280066;IV;TERUMO MEDICAL DO BRASIL LTDA.;TERUMO CORPORATION;JAPÃO
80012280069;IV;TERUMO MEDICAL DO BRASIL LTDA.;;
80012280069;IV;TERUMO MEDICAL DO BRASIL LTDA.;TERUMO CORPORATION;JAPÃO
80012280073;IV;TERUMO MEDICAL DO BRASIL LTDA.;;
80012280073;IV;TERUMO MEDICAL DO BRASIL LTDA.;TERUMO CORPORATION;JAPÃO
80012280077;II;TERUMO MEDICAL DO BRASIL LTDA.;TERUMO CORPORATION;JAPÃO
80012280081;I;TERUMO MEDICAL DO BRASIL LTDA.;TERUMO CORPORATION;JAPÃO
80012280082;IV;TERUMO MEDICAL DO BRASIL LTDA.;;
80012280082;IV;TERUMO MEDICAL DO BRASIL LTDA.;TERUMO CORPORATION;JAPÃO
80012280084;IV;TERUMO MEDICAL DO BRASIL LTDA.;;
80012280084;IV;TERUMO MEDICAL DO BRASIL LTDA.;TERUMO CORPORATION;JAPÃO
80012280087;IV;TERUMO MEDICAL DO BRASIL LTDA.;;
80012280087;IV;TERUMO MEDICAL DO BRASIL LTDA.;TERUMO CORPORATION;JAPÃO
80012280088;IV;TERUMO MEDICAL DO BRASIL LTDA.;;
80012280088;IV;TERUMO MEDICAL DO BRASIL LTDA.;TERUMO CORPORATION;JAPÃO
80012280090;IV;TERUMO MEDICAL DO BRASIL LTDA.;;
80012280090;IV;TERUMO MEDICAL DO BRASIL LTDA.;VASCUTEK LIMITED;REINO UNIDO
80012280091;II;TERUMO MEDICAL DO BRASIL LTDA.;TERUMO CORPORATION;JAPÃO
80012280092;IV;TERUMO MEDICAL DO BRASIL LTDA.;;
80012280092;IV;TERUMO MEDICAL DO BRASIL LTDA.;VASCUTEK LIMITED;REINO UNIDO
80012280093;IV;TERUMO MEDICAL DO BRASIL LTDA.;;
80012280093;IV;TERUMO MEDICAL DO BRASIL LTDA.;VASCUTEK LIMITED;REINO UNIDO
80012280094;IV;TERUMO MEDICAL DO BRASIL LTDA.;;
80012280094;IV;TERUMO MEDICAL DO BRASIL LTDA.;VASCUTEK LIMITED;REINO UNIDO
80012280095;II;TERUMO MEDICAL DO BRASIL LTDA.;TERUMO CARDIOVASCULAR SYSTEM CORPORATION;ESTADOS UNIDOS DA AMÉRICA
80012280098;IV;TERUMO MEDICAL DO BRASIL LTDA.;;
80012280098;IV;TERUMO MEDICAL DO BRASIL LTDA.;TERUMO MEDICAL CORPORATION;ESTADOS UNIDOS DA AMÉRICA
80012280110;II;TERUMO MEDICAL DO BRASIL LTDA.;TERUMO CORPORATION;JAPÃO
80012280110;II;TERUMO MEDICAL DO BRASIL LTDA.;TERUMO MEDICAL PRODUCTS (HANGZHOU) CO. LTD.;CHINA, REPÚBLICA POPULAR
80012280114;IV;TERUMO MEDICAL DO BRASIL LTDA.;;
80012280114;IV;TERUMO MEDICAL DO BRASIL LTDA.;TERUMO CORPORATION;JAPÃO
80012280116;II;TERUMO MEDICAL DO BRASIL LTDA.;TERUMO CORPORATION;JAPÃO
80012280120;IV;TERUMO MEDICAL DO BRASIL LTDA.;;
80012280120;IV;TERUMO MEDICAL DO BRASIL LTDA.;MICROVENTION, INC (TUSTIN);ESTADOS UNIDOS DA AMÉRICA
80012280120;IV;TERUMO MEDICAL DO BRASIL LTDA.;MICROVENTION, INC. (ALISO VIEJO);ESTADOS UNIDOS DA AMÉRICA
80012280121;III;TERUMO MEDICAL DO BRASIL LTDA.;;
80012280121;III;TERUMO MEDICAL DO BRASIL LTDA.;MICROVENTION, INC (TUSTIN);ESTADOS UNIDOS DA AMÉRICA
80012280121;III;TERUMO MEDICAL DO BRASIL LTDA.;MICROVENTION, INC. (ALISO VIEJO);ESTADOS UNIDOS DA AMÉRICA
80012280122;IV;TERUMO MEDICAL DO BRASIL LTDA.;;
80012280122;IV;TERUMO MEDICAL DO BRASIL LTDA.;MICROVENTION, INC (TUSTIN);ESTADOS UNIDOS DA AMÉRICA
80012280122;IV;TERUMO MEDICAL DO BRASIL LTDA.;MICROVENTION, INC. (ALISO VIEJO);ESTADOS UNIDOS DA AMÉRICA
80012280123;IV;TERUMO MEDICAL DO BRASIL LTDA.;;
80012280123;IV;TERUMO MEDICAL DO BRASIL LTDA.;MICROVENTION, INC (TUSTIN);ESTADOS UNIDOS DA AMÉRICA
80012280123;IV;TERUMO MEDICAL DO BRASIL LTDA.;MICROVENTION, INC. (ALISO VIEJO);ESTADOS UNIDOS DA AMÉRICA
80012280127;II;TERUMO MEDICAL DO BRASIL LTDA.;TERUMO MEDICAL PRODUCTS (HANGZHOU) CO., LTD;CHINA, REPÚBLICA POPULAR
80012280130;II;TERUMO MEDICAL DO BRASIL LTDA.;TERUMO EUROPA N.V.;BÉLGICA
80012280136;II;TERUMO MEDICAL DO BRASIL LTDA.;TERUMO CARDIOVASCULAR SYSTEM CORPORATION;ESTADOS UNIDOS DA AMÉRICA
80012280137;II;TERUMO MEDICAL DO BRASIL LTDA.;TERUMO MEDICAL PRODUCTS (HANGZHOU) CO., LTD;CHINA, REPÚBLICA POPULAR
80012280142;II;TERUMO MEDICAL DO BRASIL LTDA.;TERUMO EUROPA N.V.;BÉLGICA
80012280144;II;TERUMO MEDICAL DO BRASIL LTDA.;TERUMO CORPORATION;JAPÃO
80012280145;IV;TERUMO MEDICAL DO BRASIL LTDA.;;
80012280145;IV;TERUMO MEDICAL DO BRASIL LTDA.;TERUMO CLINICAL SUPPLY CO. LTD.;JAPÃO
80012280151;II;TERUMO MEDICAL DO BRASIL LTDA.;TERUMO CORPORATION;JAPÃO
80012280152;II;TERUMO MEDICAL DO BRASIL LTDA.;TERUMO CORPORATION;JAPÃO
80012280153;II;TERUMO MEDICAL DO BRASIL LTDA.;TERUMO CORPORATION;JAPÃO
80012280154;IV;TERUMO MEDICAL DO BRASIL LTDA.;;
80012280154;IV;TERUMO MEDICAL DO BRASIL LTDA.;TERUMO CORPORATION;JAPÃO
80012280157;II;TERUMO MEDICAL DO BRASIL LTDA.;TERUMO (PHILIPPINES) CORPORATION;FILIPINAS
80012280158;II;TERUMO MEDICAL DO BRASIL LTDA.;TERUMO CORPORATION;JAPÃO
80012280159;II;TERUMO MEDICAL DO BRASIL LTDA.;TERUMO CORPORATION;JAPÃO
80012280160;II;TERUMO MEDICAL DO BRASIL LTDA.;TERUMO CORPORATION;JAPÃO
80012280161;II;TERUMO MEDICAL DO BRASIL LTDA.;TERUMO EUROPA N.V.;BÉLGICA
80012280162;II;TERUMO MEDICAL DO BRASIL LTDA.;TERUMO MEDICAL PRODUCTS (HANGZHOU) CO., LTD;CHINA, REPÚBLICA POPULAR
80012280163;II;TERUMO MEDICAL DO BRASIL LTDA.;TERUMO CORPORATION;JAPÃO
80012280164;IV;TERUMO MEDICAL DO BRASIL LTDA.;;
80012280164;IV;TERUMO MEDICAL DO BRASIL LTDA.;TERUMO EUROPA N.V.;BÉLGICA
80012280165;II;TERUMO MEDICAL DO BRASIL LTDA.;TERUMO CORPORATION;JAPÃO
80012280166;II;TERUMO MEDICAL DO BRASIL LTDA.;TERUMO CORPORATION;JAPÃO
80012280167;II;TERUMO MEDICAL DO BRASIL LTDA.;Onset Medical Corporation;ESTADOS UNIDOS DA AMÉRICA
80012280169;II;TERUMO MEDICAL DO BRASIL LTDA.;TERUMO (PHILIPPINES) CORPORATION;FILIPINAS
80012280170;II;TERUMO MEDICAL DO BRASIL LTDA.;TERUMO MEDICAL PRODUCTS (HANGZHOU) CO. LTD.;CHINA, REPÚBLICA POPULAR
80012280171;II;TERUMO MEDICAL DO BRASIL LTDA.;TERUMO CORPORATION;JAPÃO
80012280172;II;TERUMO MEDICAL DO BRASIL LTDA.;TERUMO CORPORATION;JAPÃO
80012280173;II;TERUMO MEDICAL DO BRASIL LTDA.;TERUMO CORPORATION;JAPÃO
80012280174;II;TERUMO MEDICAL DO BRASIL LTDA.;TERUMO CORPORATION;JAPÃO
80012280175;II;TERUMO MEDICAL DO BRASIL LTDA.;TERUMO CORPORATION;JAPÃO
80012280176;II;TERUMO MEDICAL DO BRASIL LTDA.;TERUMO CORPORATION;JAPÃO
80012280177;II;TERUMO MEDICAL DO BRASIL LTDA.;TERUMO CORPORATION;JAPÃO
80012280181;IV;TERUMO MEDICAL DO BRASIL LTDA.;;
80012280181;IV;TERUMO MEDICAL DO BRASIL LTDA.;VASCUTEK LIMITED;REINO UNIDO
80012280182;IV;TERUMO MEDICAL DO BRASIL LTDA.;;
80012280182;IV;TERUMO MEDICAL DO BRASIL LTDA.;TERUMO CORPORATION;JAPÃO
80012280183;IV;TERUMO MEDICAL DO BRASIL LTDA.;;
80012280183;IV;TERUMO MEDICAL DO BRASIL LTDA.;VASCUTEK LIMITED;REINO UNIDO
80012280184;IV;TERUMO MEDICAL DO BRASIL LTDA.;;
80012280184;IV;TERUMO MEDICAL DO BRASIL LTDA.;TERUMO CORPORATION;JAPÃO
80012280185;IV;TERUMO MEDICAL DO BRASIL LTDA.;;
80012280185;IV;TERUMO MEDICAL DO BRASIL LTDA.;TERUMO CORPORATION;JAPÃO
80012280186;II;TERUMO MEDICAL DO BRASIL LTDA.;TERUMO CORPORATION;JAPÃO
80012280187;IV;TERUMO MEDICAL DO BRASIL LTDA.;;
80012280187;IV;TERUMO MEDICAL DO BRASIL LTDA.;TERUMO CORPORATION;JAPÃO
80012280188;IV;TERUMO MEDICAL DO BRASIL LTDA.;;
80012280188;IV;TERUMO MEDICAL DO BRASIL LTDA.;VASCUTEK LIMITED;REINO UNIDO
80012280189;IV;TERUMO MEDICAL DO BRASIL LTDA.;;
80012280189;IV;TERUMO MEDICAL DO BRASIL LTDA.;VASCUTEK LIMITED;REINO UNIDO
80012280190;IV;TERUMO MEDICAL DO BRASIL LTDA.;;
80012280190;IV;TERUMO MEDICAL DO BRASIL LTDA.;BOLTON MEDICAL, INC.;ESTADOS UNIDOS DA AMÉRICA
80012280192;II;TERUMO MEDICAL DO BRASIL LTDA.;TERUMO MEDICAL CORPORATION;ESTADOS UNIDOS DA AMÉRICA
80012280193;II;TERUMO MEDICAL DO BRASIL LTDA.;TERUMO MEDICAL CORPORATION;ESTADOS UNIDOS DA AMÉRICA
80012280194;IV;TERUMO MEDICAL DO BRASIL LTDA.;;
80012280194;IV;TERUMO MEDICAL DO BRASIL LTDA.;BOLTON MEDICAL, INC.;ESTADOS UNIDOS DA AMÉRICA
80012280195;IV;TERUMO MEDICAL DO BRASIL LTDA.;;
80012280195;IV;TERUMO MEDICAL DO BRASIL LTDA.;BOLTON MEDICAL, INC.;ESTADOS UNIDOS DA AMÉRICA
80012280197;IV;TERUMO MEDICAL DO BRASIL LTDA.;;
80012280197;IV;TERUMO MEDICAL DO BRASIL LTDA.;TERUMO MEDICAL CORPORATION;ESTADOS UNIDOS DA AMÉRICA
80012280198;IV;TERUMO MEDICAL DO BRASIL LTDA.;;
80012280198;IV;TERUMO MEDICAL DO BRASIL LTDA.;TERUMO MEDICAL CORPORATION;ESTADOS UNIDOS DA AMÉRICA
80012280200;I;TERUMO MEDICAL DO BRASIL LTDA.;TERUMO CORPORATION;JAPÃO
80012280204;IV;TERUMO MEDICAL DO BRASIL LTDA.;;
80012280204;IV;TERUMO MEDICAL DO BRASIL LTDA.;TERUMO EUROPA N.V.;BÉLGICA
80012280205;IV;TERUMO MEDICAL DO BRASIL LTDA.;;
80012280205;IV;TERUMO MEDICAL DO BRASIL LTDA.;TERUMO CORPORATION;JAPÃO
80012280206;IV;TERUMO MEDICAL DO BRASIL LTDA.;;
80012280206;IV;TERUMO MEDICAL DO BRASIL LTDA.;VASCUTEK LIMITED;REINO UNIDO
80012280207;IV;TERUMO MEDICAL DO BRASIL LTDA.;;
80012280207;IV;TERUMO MEDICAL DO BRASIL LTDA.;VASCUTEK LIMITED;REINO UNIDO
80012280209;III;TERUMO MEDICAL DO BRASIL LTDA.;;
80012280209;III;TERUMO MEDICAL DO BRASIL LTDA.;TERUMO CORPORATION;JAPÃO
80012280210;IV;TERUMO MEDICAL DO BRASIL LTDA.;;
80012280210;IV;TERUMO MEDICAL DO BRASIL LTDA.;TERUMO CORPORATION;JAPÃO
80012280212;IV;TERUMO MEDICAL DO BRASIL LTDA.;;
80012280212;IV;TERUMO MEDICAL DO BRASIL LTDA.;BOLTON MEDICAL, INC.;ESTADOS UNIDOS DA AMÉRICA
80012280213;III;TERUMO MEDICAL DO BRASIL LTDA.;;
80012280213;III;TERUMO MEDICAL DO BRASIL LTDA.;TERUMO CLINICAL SUPPLY CO. LTD.;JAPÃO
80012280214;IV;TERUMO MEDICAL DO BRASIL LTDA.;;
80012280214;IV;TERUMO MEDICAL DO BRASIL LTDA.;TERUMO CORPORATION;JAPÃO
80012280215;IV;TERUMO MEDICAL DO BRASIL LTDA.;;
80012280215;IV;TERUMO MEDICAL DO BRASIL LTDA.;TERUMO CORPORATION;JAPÃO
80012280216;IV;TERUMO MEDICAL DO BRASIL LTDA.;;
80012280216;IV;TERUMO MEDICAL DO BRASIL LTDA.;MICROVENTION, INC. (ALISO VIEJO);ESTADOS UNIDOS DA AMÉRICA
80012280217;IV;TERUMO MEDICAL DO BRASIL LTDA.;;
80012280217;IV;TERUMO MEDICAL DO BRASIL LTDA.;MICROVENTION, INC. (ALISO VIEJO);ESTADOS UNIDOS DA AMÉRICA
80012280218;III;TERUMO MEDICAL DO BRASIL LTDA.;;
80012280218;III;TERUMO MEDICAL DO BRASIL LTDA.;MICROVENTION, INC. (ALISO VIEJO);ESTADOS UNIDOS DA AMÉRICA
80012280219;IV;TERUMO MEDICAL DO BRASIL LTDA.;;
80012280219;IV;TERUMO MEDICAL DO BRASIL LTDA.;MICROVENTION, INC. (ALISO VIEJO);ESTADOS UNIDOS DA AMÉRICA
80012280220;III;TERUMO MEDICAL DO BRASIL LTDA.;;
80012280220;III;TERUMO MEDICAL DO BRASIL LTDA.;TERUMO CORPORATION;JAPÃO
80012280221;IV;TERUMO MEDICAL DO BRASIL LTDA.;;
80012280221;IV;TERUMO MEDICAL DO BRASIL LTDA.;TERUMO CORPORATION;JAPÃO
80012280222;IV;TERUMO MEDICAL DO BRASIL LTDA.;;
80012280222;IV;TERUMO MEDICAL DO BRASIL LTDA.;TERUMO EUROPA N.V.;BÉLGICA
80012289013;II;TERUMO MEDICAL DO BRASIL LTDA.;TERUMO MEDICAL CORPORATION;ESTADOS UNIDOS DA AMÉRICA
80012289014;I;TERUMO MEDICAL DO BRASIL LTDA.;TERUMO (PHILIPPINES) CORPORATION;FILIPINAS
80012289014;I;TERUMO MEDICAL DO BRASIL LTDA.;TERUMO CORPORATION;JAPÃO
80012289015;II;TERUMO MEDICAL DO BRASIL LTDA.;TERUMO MEDICAL CORPORATION;ESTADOS UNIDOS DA AMÉRICA
80012289016;II;TERUMO MEDICAL DO BRASIL LTDA.;TERUMO CORPORATION;JAPÃO
80012289017;II;TERUMO MEDICAL DO BRASIL LTDA.;AIR WATER REALIZE INC.;JAPÃO
80012289018;II;TERUMO MEDICAL DO BRASIL LTDA.;TERUMO CARDIOVASCULAR SYSTEM CORPORATION;ESTADOS UNIDOS DA AMÉRICA
80012289019;II;TERUMO MEDICAL DO BRASIL LTDA.;MEDICA S.P.A;ITÁLIA
80012289020;II;TERUMO MEDICAL DO BRASIL LTDA.;TERUMO MEDICAL PRODUCTS (HANGZHOU) CO., LTD;CHINA, REPÚBLICA POPULAR
80012289021;II;TERUMO MEDICAL DO BRASIL LTDA.;TAE-CHANG INDUSTRIAL CO.,LTD;CORÉIA DO SUL
80012289022;II;TERUMO MEDICAL DO BRASIL LTDA.;TERUMO MEDICAL PRODUCTS (HANGZHOU) CO., LTD;CHINA, REPÚBLICA POPULAR
80012289023;II;TERUMO MEDICAL DO BRASIL LTDA.;TERUMO MEDICAL PRODUCTS (HANGZHOU) CO., LTD;CHINA, REPÚBLICA POPULAR
80012289024;II;TERUMO MEDICAL DO BRASIL LTDA.;TERUMO MEDICAL PRODUCTS (HANGZHOU) CO., LTD;CHINA, REPÚBLICA POPULAR
80012289025;II;TERUMO MEDICAL DO BRASIL LTDA.;TERUMO MEDICAL PRODUCTS (HANGZHOU) CO., LTD;CHINA, REPÚBLICA POPULAR
82577470001;I;TESSERAMED INDUSTRIA E COMERCIO LTDA;TESSERAMED INDUSTRIA E COMERCIO LTDA;BRASIL
82577470002;II;TESSERAMED INDUSTRIA E COMERCIO LTDA;TESSERAMED INDUSTRIA E COMERCIO LTDA;BRASIL
82577479001;II;TESSERAMED INDUSTRIA E COMERCIO LTDA;TESSERAMED INDUSTRIA E COMERCIO LTDA;BRASIL
82577479002;II;TESSERAMED INDUSTRIA E COMERCIO LTDA;TESSERAMED INDUSTRIA E COMERCIO LTDA;BRASIL
81473010001;II;TETRA FARM INDUSTRIA E COMERCIO DE MATERIAL HOSPITALAR LTDA;TETRA FARM INDUSTRIA E COMERCIO DE MATERIAL HOSPITALAR LTDA;BRASIL
81473010002;I;TETRA FARM INDUSTRIA E COMERCIO DE MATERIAL HOSPITALAR LTDA;TETRA FARM INDUSTRIA E COMERCIO DE MATERIAL HOSPITALAR LTDA;BRASIL
81473010003;I;TETRA FARM INDUSTRIA E COMERCIO DE MATERIAL HOSPITALAR LTDA;TETRA FARM INDUSTRIA E COMERCIO DE MATERIAL HOSPITALAR LTDA;BRASIL
81473010004;I;TETRA FARM INDUSTRIA E COMERCIO DE MATERIAL HOSPITALAR LTDA;TETRA FARM INDUSTRIA E COMERCIO DE MATERIAL HOSPITALAR LTDA;BRASIL
81473010005;I;TETRA FARM INDUSTRIA E COMERCIO DE MATERIAL HOSPITALAR LTDA;TETRA FARM INDUSTRIA E COMERCIO DE MATERIAL HOSPITALAR LTDA;BRASIL
81473010006;I;TETRA FARM INDUSTRIA E COMERCIO DE MATERIAL HOSPITALAR LTDA;TETRA FARM INDUSTRIA E COMERCIO DE MATERIAL HOSPITALAR LTDA;BRASIL
81473010007;I;TETRA FARM INDUSTRIA E COMERCIO DE MATERIAL HOSPITALAR LTDA;TETRA FARM INDUSTRIA E COMERCIO DE MATERIAL HOSPITALAR LTDA;BRASIL
81473010009;I;TETRA FARM INDUSTRIA E COMERCIO DE MATERIAL HOSPITALAR LTDA;TETRA FARM INDUSTRIA E COMERCIO DE MATERIAL HOSPITALAR LTDA;BRASIL
81473010012;I;TETRA FARM INDUSTRIA E COMERCIO DE MATERIAL HOSPITALAR LTDA;TETRA FARM INDUSTRIA E COMERCIO DE MATERIAL HOSPITALAR LTDA;BRASIL
81473010013;I;TETRA FARM INDUSTRIA E COMERCIO DE MATERIAL HOSPITALAR LTDA;TETRA FARM INDUSTRIA E COMERCIO DE MATERIAL HOSPITALAR LTDA;BRASIL
81473010015;I;TETRA FARM INDUSTRIA E COMERCIO DE MATERIAL HOSPITALAR LTDA;TETRA FARM INDUSTRIA E COMERCIO DE MATERIAL HOSPITALAR LTDA;BRASIL
81473010016;I;TETRA FARM INDUSTRIA E COMERCIO DE MATERIAL HOSPITALAR LTDA;TETRA FARM INDUSTRIA E COMERCIO DE MATERIAL HOSPITALAR LTDA;BRASIL
81473019001;II;TETRA FARM INDUSTRIA E COMERCIO DE MATERIAL HOSPITALAR LTDA;TETRA FARM INDUSTRIA E COMERCIO DE MATERIAL HOSPITALAR LTDA;BRASIL
81473019002;II;TETRA FARM INDUSTRIA E COMERCIO DE MATERIAL HOSPITALAR LTDA;TETRA FARM INDUSTRIA E COMERCIO DE MATERIAL HOSPITALAR LTDA;BRASIL
81473019003;II;TETRA FARM INDUSTRIA E COMERCIO DE MATERIAL HOSPITALAR LTDA;TETRA FARM INDUSTRIA E COMERCIO DE MATERIAL HOSPITALAR LTDA;BRASIL
81473019004;II;TETRA FARM INDUSTRIA E COMERCIO DE MATERIAL HOSPITALAR LTDA;TETRA FARM INDUSTRIA E COMERCIO DE MATERIAL HOSPITALAR LTDA;BRASIL
80509269001;I;TEVA FARMACÊUTICA LTDA.;OWEN MUMFORD LIMITED;INGLATERRA (REINO UNIDO)
80509269002;I;TEVA FARMACÊUTICA LTDA.;OWEN MUMFORD LIMITED;INGLATERRA (REINO UNIDO)
80509269003;I;TEVA FARMACÊUTICA LTDA.;OWEN MUMFORD LTD.;REINO UNIDO
80963890001;I;TEXCARE INDUSTRIA E COMERCIO DE PRODUTOS MEDICO HOSPITALARES LTDA - EPP;TEXCARE INDUSTRIA E COMERCIO DE PRODUTOS MEDICO HOSPITALARES LTDA - EPP;BRASIL
80963890002;I;TEXCARE INDUSTRIA E COMERCIO DE PRODUTOS MEDICO HOSPITALARES LTDA - EPP;TEXCARE INDUSTRIA E COMERCIO DE PRODUTOS MEDICO HOSPITALARES LTDA - EPP;BRASIL
80963890003;I;TEXCARE INDUSTRIA E COMERCIO DE PRODUTOS MEDICO HOSPITALARES LTDA - EPP;TEXCARE INDUSTRIA E COMERCIO DE PRODUTOS MEDICO HOSPITALARES LTDA - EPP;BRASIL
80339640001;II;TEXPHARMA INDUSTRIA E COMERCIO DE PRODUTOS MEDICOS E HOSPITALARES LTDA - ME;TEXPHARMA INDUSTRIA E COMERCIO DE PRODUTOS MEDICOS E HOSPITALARES LTDA - ME;BRASIL
80339640002;II;TEXPHARMA INDUSTRIA E COMERCIO DE PRODUTOS MEDICOS E HOSPITALARES LTDA - ME;TEXPHARMA INDUSTRIA E COMERCIO DE PRODUTOS MEDICOS E HOSPITALARES LTDA - ME;BRASIL
80339640003;I;TEXPHARMA INDUSTRIA E COMERCIO DE PRODUTOS MEDICOS E HOSPITALARES LTDA - ME;TEXPHARMA INDUSTRIA E COMERCIO DE PRODUTOS MEDICOS E HOSPITALARES LTDA - ME;BRASIL
80339640004;I;TEXPHARMA INDUSTRIA E COMERCIO DE PRODUTOS MEDICOS E HOSPITALARES LTDA - ME;TEXPHARMA INDUSTRIA E COMERCIO DE PRODUTOS MEDICOS E HOSPITALARES LTDA - ME;BRASIL
80339640005;II;TEXPHARMA INDUSTRIA E COMERCIO DE PRODUTOS MEDICOS E HOSPITALARES LTDA - ME;TEXPHARMA INDUSTRIA E COMERCIO DE PRODUTOS MEDICOS E HOSPITALARES LTDA - ME;BRASIL
80339640006;I;TEXPHARMA INDUSTRIA E COMERCIO DE PRODUTOS MEDICOS E HOSPITALARES LTDA - ME;TEXPHARMA INDUSTRIA E COMERCIO DE PRODUTOS MEDICOS E HOSPITALARES LTDA - ME;BRASIL
80339640007;II;TEXPHARMA INDUSTRIA E COMERCIO DE PRODUTOS MEDICOS E HOSPITALARES LTDA - ME;TEXPHARMA INDUSTRIA E COMERCIO DE PRODUTOS MEDICOS E HOSPITALARES LTDA - ME;BRASIL
80339640008;II;TEXPHARMA INDUSTRIA E COMERCIO DE PRODUTOS MEDICOS E HOSPITALARES LTDA - ME;TEXPHARMA INDUSTRIA E COMERCIO DE PRODUTOS MEDICOS E HOSPITALARES LTDA - ME;BRASIL
80339640009;II;TEXPHARMA INDUSTRIA E COMERCIO DE PRODUTOS MEDICOS E HOSPITALARES LTDA - ME;TEXPHARMA INDUSTRIA E COMERCIO DE PRODUTOS MEDICOS E HOSPITALARES LTDA - ME;BRASIL
80339640010;I;TEXPHARMA INDUSTRIA E COMERCIO DE PRODUTOS MEDICOS E HOSPITALARES LTDA - ME;TEXPHARMA INDUSTRIA E COMERCIO DE PRODUTOS MEDICOS E HOSPITALARES LTDA - ME;BRASIL
80339640011;II;TEXPHARMA INDUSTRIA E COMERCIO DE PRODUTOS MEDICOS E HOSPITALARES LTDA - ME;TEXPHARMA INDUSTRIA E COMERCIO DE PRODUTOS MEDICOS E HOSPITALARES LTDA - ME;BRASIL
80339640012;II;TEXPHARMA INDUSTRIA E COMERCIO DE PRODUTOS MEDICOS E HOSPITALARES LTDA - ME;TEXPHARMA INDUSTRIA E COMERCIO DE PRODUTOS MEDICOS E HOSPITALARES LTDA - ME;BRASIL
80339640013;II;TEXPHARMA INDUSTRIA E COMERCIO DE PRODUTOS MEDICOS E HOSPITALARES LTDA - ME;TEXPHARMA INDUSTRIA E COMERCIO DE PRODUTOS MEDICOS E HOSPITALARES LTDA - ME;BRASIL
80339640014;I;TEXPHARMA INDUSTRIA E COMERCIO DE PRODUTOS MEDICOS E HOSPITALARES LTDA - ME;TEXPHARMA INDUSTRIA E COMERCIO DE PRODUTOS MEDICOS E HOSPITALARES LTDA - ME;BRASIL
80339640015;II;TEXPHARMA INDUSTRIA E COMERCIO DE PRODUTOS MEDICOS E HOSPITALARES LTDA - ME;TEXPHARMA INDUSTRIA E COMERCIO DE PRODUTOS MEDICOS E HOSPITALARES LTDA - ME;BRASIL
80339640016;I;TEXPHARMA INDUSTRIA E COMERCIO DE PRODUTOS MEDICOS E HOSPITALARES LTDA - ME;TEXPHARMA INDUSTRIA E COMERCIO DE PRODUTOS MEDICOS E HOSPITALARES LTDA - ME;BRASIL
80339640017;I;TEXPHARMA INDUSTRIA E COMERCIO DE PRODUTOS MEDICOS E HOSPITALARES LTDA - ME;TEXPHARMA INDUSTRIA E COMERCIO DE PRODUTOS MEDICOS E HOSPITALARES LTDA - ME;BRASIL
80339640018;I;TEXPHARMA INDUSTRIA E COMERCIO DE PRODUTOS MEDICOS E HOSPITALARES LTDA - ME;TEXPHARMA INDUSTRIA E COMERCIO DE PRODUTOS MEDICOS E HOSPITALARES LTDA - ME;BRASIL
80339640019;II;TEXPHARMA INDUSTRIA E COMERCIO DE PRODUTOS MEDICOS E HOSPITALARES LTDA - ME;TEXPHARMA INDUSTRIA E COMERCIO DE PRODUTOS MEDICOS E HOSPITALARES LTDA - ME;BRASIL
80339640020;I;TEXPHARMA INDUSTRIA E COMERCIO DE PRODUTOS MEDICOS E HOSPITALARES LTDA - ME;TEXPHARMA INDUSTRIA E COMERCIO DE PRODUTOS MEDICOS E HOSPITALARES LTDA - ME;BRASIL
80339640023;II;TEXPHARMA INDUSTRIA E COMERCIO DE PRODUTOS MEDICOS E HOSPITALARES LTDA - ME;TEXPHARMA INDUSTRIA E COMERCIO DE PRODUTOS MEDICOS E HOSPITALARES LTDA - ME;BRASIL
80339640026;I;TEXPHARMA INDUSTRIA E COMERCIO DE PRODUTOS MEDICOS E HOSPITALARES LTDA - ME;TEXPHARMA INDUSTRIA E COMERCIO DE PRODUTOS MEDICOS E HOSPITALARES LTDA - ME;BRASIL
80339640027;I;TEXPHARMA INDUSTRIA E COMERCIO DE PRODUTOS MEDICOS E HOSPITALARES LTDA - ME;TEXPHARMA INDUSTRIA E COMERCIO DE PRODUTOS MEDICOS E HOSPITALARES LTDA - ME;BRASIL
80339640028;I;TEXPHARMA INDUSTRIA E COMERCIO DE PRODUTOS MEDICOS E HOSPITALARES LTDA - ME;TEXPHARMA INDUSTRIA E COMERCIO DE PRODUTOS MEDICOS E HOSPITALARES LTDA - ME;BRASIL
80339640029;I;TEXPHARMA INDUSTRIA E COMERCIO DE PRODUTOS MEDICOS E HOSPITALARES LTDA - ME;TEXPHARMA INDUSTRIA E COMERCIO DE PRODUTOS MEDICOS E HOSPITALARES LTDA - ME;BRASIL
80339640030;II;TEXPHARMA INDUSTRIA E COMERCIO DE PRODUTOS MEDICOS E HOSPITALARES LTDA - ME;TEXPHARMA INDUSTRIA E COMERCIO DE PRODUTOS MEDICOS E HOSPITALARES LTDA - ME;BRASIL
80339640031;I;TEXPHARMA INDUSTRIA E COMERCIO DE PRODUTOS MEDICOS E HOSPITALARES LTDA - ME;TEXPHARMA INDUSTRIA E COMERCIO DE PRODUTOS MEDICOS E HOSPITALARES LTDA - ME;BRASIL
80339640032;I;TEXPHARMA INDUSTRIA E COMERCIO DE PRODUTOS MEDICOS E HOSPITALARES LTDA - ME;TEXPHARMA INDUSTRIA E COMERCIO DE PRODUTOS MEDICOS E HOSPITALARES LTDA - ME;BRASIL
80339649001;II;TEXPHARMA INDUSTRIA E COMERCIO DE PRODUTOS MEDICOS E HOSPITALARES LTDA - ME;TEXPHARMA INDUSTRIA E COMERCIO DE PRODUTOS MEDICOS E HOSPITALARES LTDA - ME;BRASIL
80339649002;II;TEXPHARMA INDUSTRIA E COMERCIO DE PRODUTOS MEDICOS E HOSPITALARES LTDA - ME;TEXPHARMA INDUSTRIA E COMERCIO DE PRODUTOS MEDICOS E HOSPITALARES LTDA - ME;BRASIL
80339649003;I;TEXPHARMA INDUSTRIA E COMERCIO DE PRODUTOS MEDICOS E HOSPITALARES LTDA - ME;TEXPHARMA INDUSTRIA E COMERCIO DE PRODUTOS MEDICOS E HOSPITALARES LTDA - ME;BRASIL
80339649004;II;TEXPHARMA INDUSTRIA E COMERCIO DE PRODUTOS MEDICOS E HOSPITALARES LTDA - ME;TEXPHARMA INDUSTRIA E COMERCIO DE PRODUTOS MEDICOS E HOSPITALARES LTDA - ME;BRASIL
80339649006;II;TEXPHARMA INDUSTRIA E COMERCIO DE PRODUTOS MEDICOS E HOSPITALARES LTDA - ME;TEXPHARMA INDUSTRIA E COMERCIO DE PRODUTOS MEDICOS E HOSPITALARES LTDA - ME;BRASIL
80339649007;II;TEXPHARMA INDUSTRIA E COMERCIO DE PRODUTOS MEDICOS E HOSPITALARES LTDA - ME;TEXPHARMA INDUSTRIA E COMERCIO DE PRODUTOS MEDICOS E HOSPITALARES LTDA - ME;BRASIL
80339649008;II;TEXPHARMA INDUSTRIA E COMERCIO DE PRODUTOS MEDICOS E HOSPITALARES LTDA - ME;TEXPHARMA INDUSTRIA E COMERCIO DE PRODUTOS MEDICOS E HOSPITALARES LTDA - ME;BRASIL
80339649009;II;TEXPHARMA INDUSTRIA E COMERCIO DE PRODUTOS MEDICOS E HOSPITALARES LTDA - ME;TEXPHARMA INDUSTRIA E COMERCIO DE PRODUTOS MEDICOS E HOSPITALARES LTDA - ME;BRASIL
82290470001;I;TEXSTAN INDUSTRIA BRASILEIRA DE EQUIPAMENTOS DE PROTEÇÃO INDIVIDUAL LTDA;TEXSTAN INDUSTRIA BRASILEIRA DE EQUIPAMENTOS DE PROTEÇÃO INDIVIDUAL LTDA;BRASIL
83092410001;I;TEXTIL INES LTDA;TEXTIL INES LTDA;BRASIL
83092419001;II;TEXTIL INES LTDA;TEXTIL INES LTDA;BRASIL
83092419002;II;TEXTIL INES LTDA;TEXTIL INES LTDA;BRASIL
83092419003;II;TEXTIL INES LTDA;TEXTIL INES LTDA;BRASIL
83092419004;II;TEXTIL INES LTDA;TEXTIL INES LTDA;BRASIL
80153820002;II;TG MED COMERCIO IMPORTACAO, EXPORTACAO, FABRICACAO E DISTRIBUICAO DE PRODUTOS MEDICOS LTDA.;COSMO FRANCE INC.;ESTADOS UNIDOS DA AMÉRICA
80153820007;II;TG MED COMERCIO IMPORTACAO, EXPORTACAO, FABRICACAO E DISTRIBUICAO DE PRODUTOS MEDICOS LTDA.;COSMO FRANCE INC.;ESTADOS UNIDOS DA AMÉRICA
80153820009;I;TG MED COMERCIO IMPORTACAO, EXPORTACAO, FABRICACAO E DISTRIBUICAO DE PRODUTOS MEDICOS LTDA.;TG MED COMERCIO IMPORTACAO, EXPORTACAO, FABRICACAO E DISTRIBUICAO DE PRODUTOS MEDICOS LTDA.;BRASIL
80153820018;IV;TG MED COMERCIO IMPORTACAO, EXPORTACAO, FABRICACAO E DISTRIBUICAO DE PRODUTOS MEDICOS LTDA.;;
80153820018;IV;TG MED COMERCIO IMPORTACAO, EXPORTACAO, FABRICACAO E DISTRIBUICAO DE PRODUTOS MEDICOS LTDA.;ACE KOREA MEDICAL CO.;CORÉIA DO SUL
80153820019;I;TG MED COMERCIO IMPORTACAO, EXPORTACAO, FABRICACAO E DISTRIBUICAO DE PRODUTOS MEDICOS LTDA.;IMPLANTECH ASSOCIATES, INC;ESTADOS UNIDOS DA AMÉRICA
80153820020;I;TG MED COMERCIO IMPORTACAO, EXPORTACAO, FABRICACAO E DISTRIBUICAO DE PRODUTOS MEDICOS LTDA.;IMPLANTECH ASSOCIATES, INC;ESTADOS UNIDOS DA AMÉRICA
80153820021;I;TG MED COMERCIO IMPORTACAO, EXPORTACAO, FABRICACAO E DISTRIBUICAO DE PRODUTOS MEDICOS LTDA.;IMPLANTECH ASSOCIATES, INC;ESTADOS UNIDOS DA AMÉRICA
80153820022;I;TG MED COMERCIO IMPORTACAO, EXPORTACAO, FABRICACAO E DISTRIBUICAO DE PRODUTOS MEDICOS LTDA.;GUANGZHOU EKAI ELECTRONIC TECHNOLOGY CO. LTD;CHINA, REPÚBLICA POPULAR
80153820023;I;TG MED COMERCIO IMPORTACAO, EXPORTACAO, FABRICACAO E DISTRIBUICAO DE PRODUTOS MEDICOS LTDA.;SKIN TECH PHARMA GROUP S.L.;ESPANHA
80153820024;III;TG MED COMERCIO IMPORTACAO, EXPORTACAO, FABRICACAO E DISTRIBUICAO DE PRODUTOS MEDICOS LTDA.;;
80153820024;III;TG MED COMERCIO IMPORTACAO, EXPORTACAO, FABRICACAO E DISTRIBUICAO DE PRODUTOS MEDICOS LTDA.;IMPLANTECH ASSOCIATES, INC.;ESTADOS UNIDOS DA AMÉRICA
80153820025;III;TG MED COMERCIO IMPORTACAO, EXPORTACAO, FABRICACAO E DISTRIBUICAO DE PRODUTOS MEDICOS LTDA.;;
80153820025;III;TG MED COMERCIO IMPORTACAO, EXPORTACAO, FABRICACAO E DISTRIBUICAO DE PRODUTOS MEDICOS LTDA.;IMPLANTECH ASSOCIATES, INC.;ESTADOS UNIDOS DA AMÉRICA
80153829002;II;TG MED COMERCIO IMPORTACAO, EXPORTACAO, FABRICACAO E DISTRIBUICAO DE PRODUTOS MEDICOS LTDA.;TG MED COMERCIO IMPORTACAO, EXPORTACAO, FABRICACAO E DISTRIBUICAO DE PRODUTOS MEDICOS LTDA.;BRASIL
80002369002;I;THEOTO S/A INDUSTRIA E COMERCIO;THEOTO S/A INDUSTRIA E COMERCIO;BRASIL
80002369003;I;THEOTO S/A INDUSTRIA E COMERCIO;THEOTO S/A INDUSTRIA E COMERCIO;BRASIL
82692690003;I;THERAMART BRASIL LTDA;DONGGUAN SHUN QIANG FOAM PRODUCTION CO. LTD.;CHINA, REPÚBLICA POPULAR
82692690004;I;THERAMART BRASIL LTDA;DONGGUAN SHUN QIANG FOAM PRODUCTION CO. LTD.;CHINA, REPÚBLICA POPULAR
82692690008;I;THERAMART BRASIL LTDA;XIANGHE KANEMAN FURNITURE CO., LTD.;CHINA, REPÚBLICA POPULAR
80763550009;I;THIMON INSTRUMENTOS CIRURGICOS LTDA ME;THIMON INSTRUMENTOS CIRURGICOS LTDA ME;BRASIL
80763550012;I;THIMON INSTRUMENTOS CIRURGICOS LTDA ME;THIMON INSTRUMENTOS CIRURGICOS LTDA ME;BRASIL
80763559001;II;THIMON INSTRUMENTOS CIRURGICOS LTDA ME;THIMON INSTRUMENTOS CIRURGICOS LTDA ME;BRASIL
81725500001;II;TI BIOTECH INDÚSTRIA E COMÉRCIO DE PRODUTOS ODONTOLÓGICOS LTDA;TI BIOTECH INDÚSTRIA E COMÉRCIO DE PRODUTOS ODONTOLÓGICOS LTDA;BRASIL
81725500002;II;TI BIOTECH INDÚSTRIA E COMÉRCIO DE PRODUTOS ODONTOLÓGICOS LTDA;TI BIOTECH INDÚSTRIA E COMÉRCIO DE PRODUTOS ODONTOLÓGICOS LTDA;BRASIL
81725500004;I;TI BIOTECH INDÚSTRIA E COMÉRCIO DE PRODUTOS ODONTOLÓGICOS LTDA;TI BIOTECH INDÚSTRIA E COMÉRCIO DE PRODUTOS ODONTOLÓGICOS LTDA;BRASIL
81725500005;III;TI BIOTECH INDÚSTRIA E COMÉRCIO DE PRODUTOS ODONTOLÓGICOS LTDA;TI BIOTECH INDÚSTRIA E COMÉRCIO DE PRODUTOS ODONTOLÓGICOS LTDA;BRASIL
81725500006;I;TI BIOTECH INDÚSTRIA E COMÉRCIO DE PRODUTOS ODONTOLÓGICOS LTDA;TI BIOTECH INDÚSTRIA E COMÉRCIO DE PRODUTOS ODONTOLÓGICOS LTDA;BRASIL
81725500007;I;TI BIOTECH INDÚSTRIA E COMÉRCIO DE PRODUTOS ODONTOLÓGICOS LTDA;TI BIOTECH INDÚSTRIA E COMÉRCIO DE PRODUTOS ODONTOLÓGICOS LTDA;BRASIL
81725509001;II;TI BIOTECH INDÚSTRIA E COMÉRCIO DE PRODUTOS ODONTOLÓGICOS LTDA;TI BIOTECH INDÚSTRIA E COMÉRCIO DE PRODUTOS ODONTOLÓGICOS LTDA;BRASIL
81725509002;II;TI BIOTECH INDÚSTRIA E COMÉRCIO DE PRODUTOS ODONTOLÓGICOS LTDA;TI BIOTECH INDÚSTRIA E COMÉRCIO DE PRODUTOS ODONTOLÓGICOS LTDA;BRASIL
81725509003;II;TI BIOTECH INDÚSTRIA E COMÉRCIO DE PRODUTOS ODONTOLÓGICOS LTDA;TI BIOTECH INDÚSTRIA E COMÉRCIO DE PRODUTOS ODONTOLÓGICOS LTDA;BRASIL
81725509004;II;TI BIOTECH INDÚSTRIA E COMÉRCIO DE PRODUTOS ODONTOLÓGICOS LTDA;TI BIOTECH INDÚSTRIA E COMÉRCIO DE PRODUTOS ODONTOLÓGICOS LTDA;BRASIL
81725509005;II;TI BIOTECH INDÚSTRIA E COMÉRCIO DE PRODUTOS ODONTOLÓGICOS LTDA;TI BIOTECH INDÚSTRIA E COMÉRCIO DE PRODUTOS ODONTOLÓGICOS LTDA;BRASIL
81725509006;II;TI BIOTECH INDÚSTRIA E COMÉRCIO DE PRODUTOS ODONTOLÓGICOS LTDA;TI BIOTECH INDÚSTRIA E COMÉRCIO DE PRODUTOS ODONTOLÓGICOS LTDA;BRASIL
81725509007;II;TI BIOTECH INDÚSTRIA E COMÉRCIO DE PRODUTOS ODONTOLÓGICOS LTDA;TI BIOTECH INDÚSTRIA E COMÉRCIO DE PRODUTOS ODONTOLÓGICOS LTDA;BRASIL
82034840001;I;TID IMPORTAÇÃO E DISTRIBUIÇÃO LTDA;;
80879060001;I;tima comercio, industria, importação e exportação ltda.;tima comercio, industria, importação e exportação ltda.;BRASIL
80879060002;I;tima comercio, industria, importação e exportação ltda.;tima comercio, industria, importação e exportação ltda.;BRASIL
80879060003;I;tima comercio, industria, importação e exportação ltda.;tima comercio, industria, importação e exportação ltda.;BRASIL
80879060004;I;tima comercio, industria, importação e exportação ltda.;tima comercio, industria, importação e exportação ltda.;BRASIL
80879060005;I;tima comercio, industria, importação e exportação ltda.;tima comercio, industria, importação e exportação ltda.;BRASIL
80879060006;I;tima comercio, industria, importação e exportação ltda.;tima comercio, industria, importação e exportação ltda.;BRASIL
80879060007;I;tima comercio, industria, importação e exportação ltda.;tima comercio, industria, importação e exportação ltda.;BRASIL
80879060008;I;tima comercio, industria, importação e exportação ltda.;tima comercio, industria, importação e exportação ltda.;BRASIL
80879060009;I;tima comercio, industria, importação e exportação ltda.;tima comercio, industria, importação e exportação ltda.;BRASIL
80879060010;I;tima comercio, industria, importação e exportação ltda.;tima comercio, industria, importação e exportação ltda.;BRASIL
80879060011;I;tima comercio, industria, importação e exportação ltda.;tima comercio, industria, importação e exportação ltda.;BRASIL
80879060012;I;tima comercio, industria, importação e exportação ltda.;tima comercio, industria, importação e exportação ltda.;BRASIL
80879060013;I;tima comercio, industria, importação e exportação ltda.;tima comercio, industria, importação e exportação ltda.;BRASIL
80879060014;I;tima comercio, industria, importação e exportação ltda.;tima comercio, industria, importação e exportação ltda.;BRASIL
80879060015;I;tima comercio, industria, importação e exportação ltda.;tima comercio, industria, importação e exportação ltda.;BRASIL
80879060016;I;tima comercio, industria, importação e exportação ltda.;tima comercio, industria, importação e exportação ltda.;BRASIL
80879060017;I;tima comercio, industria, importação e exportação ltda.;tima comercio, industria, importação e exportação ltda.;BRASIL
80879060018;I;tima comercio, industria, importação e exportação ltda.;tima comercio, industria, importação e exportação ltda.;BRASIL
80879060019;I;tima comercio, industria, importação e exportação ltda.;tima comercio, industria, importação e exportação ltda.;BRASIL
80879060020;I;tima comercio, industria, importação e exportação ltda.;tima comercio, industria, importação e exportação ltda.;BRASIL
80879060021;I;tima comercio, industria, importação e exportação ltda.;tima comercio, industria, importação e exportação ltda.;BRASIL
80879060022;I;tima comercio, industria, importação e exportação ltda.;tima comercio, industria, importação e exportação ltda.;BRASIL
80879060023;I;tima comercio, industria, importação e exportação ltda.;tima comercio, industria, importação e exportação ltda.;BRASIL
80879060024;I;tima comercio, industria, importação e exportação ltda.;tima comercio, industria, importação e exportação ltda.;BRASIL
80879060025;I;tima comercio, industria, importação e exportação ltda.;tima comercio, industria, importação e exportação ltda.;BRASIL
80879060026;I;tima comercio, industria, importação e exportação ltda.;tima comercio, industria, importação e exportação ltda.;BRASIL
80879060027;I;tima comercio, industria, importação e exportação ltda.;tima comercio, industria, importação e exportação ltda.;BRASIL
80879060028;I;tima comercio, industria, importação e exportação ltda.;tima comercio, industria, importação e exportação ltda.;BRASIL
80879060030;I;tima comercio, industria, importação e exportação ltda.;tima comercio, industria, importação e exportação ltda.;BRASIL
80879069001;I;tima comercio, industria, importação e exportação ltda.;tima comercio, industria, importação e exportação ltda.;BRASIL
80879069002;I;tima comercio, industria, importação e exportação ltda.;tima comercio, industria, importação e exportação ltda.;BRASIL
81408220001;I;Timpel S.A.;TIMPEL S.A.;BRASIL
81408220005;I;Timpel S.A.;TIMPEL S.A.;BRASIL
81408220006;I;Timpel S.A.;Timpel S.A.;BRASIL
81408229006;II;Timpel S.A.;Timpel S.A.;BRASIL
81408229007;II;Timpel S.A.;Timpel S.A.;BRASIL
81574810001;I;TIQUE-TAQUE CONFECÇÕES LTDA - ME;TIQUE-TAQUE CONFECÇÕES LTDA - ME;BRASIL
81574810002;I;TIQUE-TAQUE CONFECÇÕES LTDA - ME;TIQUE-TAQUE CONFECÇÕES LTDA - ME;BRASIL
81574810003;I;TIQUE-TAQUE CONFECÇÕES LTDA - ME;TIQUE-TAQUE CONFECÇÕES LTDA - ME;BRASIL
83074669001;II;TITAN IMPORT LTDA;SHIJIAZHUANG DRAGONHAWK INDUSTRY CO, LTD;CHINA, REPÚBLICA POPULAR
83074669002;II;TITAN IMPORT LTDA;SHIJIAZHUANG DRAGONHAWK TATTOO EQUIPAMENT CO., LTD.;CHINA, REPÚBLICA POPULAR
82757040001;I;TIVA IMPORT LTDA;HUBEI BEST IMPORT & EXPORT CO.,LTD;CHINA, REPÚBLICA POPULAR
82757040002;I;TIVA IMPORT LTDA;HUBEI BEST IMPORT & EXPORT CO.,LTD;CHINA, REPÚBLICA POPULAR
82757040003;I;TIVA IMPORT LTDA;HUBEI BEST IMPORT & EXPORT CO.,LTD;CHINA, REPÚBLICA POPULAR
82757040004;I;TIVA IMPORT LTDA;HUBEI BEST IMPORT & EXPORT CO.,LTD;CHINA, REPÚBLICA POPULAR
82757040005;I;TIVA IMPORT LTDA;HUBEI BEST IMPORT & EXPORT CO.,LTD;CHINA, REPÚBLICA POPULAR
82757049004;II;TIVA IMPORT LTDA;SYSMED TECHNOLOGIES;ÍNDIA
82757049005;II;TIVA IMPORT LTDA;SYSMED TECHNOLOGIES;ÍNDIA
82757049006;II;TIVA IMPORT LTDA;SYSMED TECHNOLOGIES;ÍNDIA
82757049007;II;TIVA IMPORT LTDA;SYSMED TECHNOLOGIES;ÍNDIA
82757049008;II;TIVA IMPORT LTDA;NINGBO GREAT MOUNTAIN MEDICAL INSTRUMENTS CO., LTD;CHINA, REPÚBLICA POPULAR
82757049009;II;TIVA IMPORT LTDA;NINGBO GREAT MOUNTAIN MEDICAL INSTRUMENTS CO., LTD;CHINA, REPÚBLICA POPULAR
82757049010;II;TIVA IMPORT LTDA;NINGBO GREAT MOUNTAIN MEDICAL INSTRUMENTS CO., LTD;CHINA, REPÚBLICA POPULAR
82757049011;I;TIVA IMPORT LTDA;SYSMED TECHNOLOGIES;ÍNDIA
82757049012;II;TIVA IMPORT LTDA;ZHEJIANG RUNQIANG MEDICAL INSTRUMENTS CO., LTD;CHINA, REPÚBLICA POPULAR
82757049013;II;TIVA IMPORT LTDA;HANGZHOU FORMED MEDICAL DEVICES CO., LTD;CHINA, REPÚBLICA POPULAR
82757049014;II;TIVA IMPORT LTDA;HANGZHOU FORMED MEDICAL DEVICES CO., LTD;CHINA, REPÚBLICA POPULAR
82757049016;II;TIVA IMPORT LTDA;HANGZHOU FORMED MEDICAL DEVICES CO., LTD;CHINA, REPÚBLICA POPULAR
82757049017;II;TIVA IMPORT LTDA;HANGZHOU FORMED MEDICAL DEVICES CO., LTD;CHINA, REPÚBLICA POPULAR
82757049018;II;TIVA IMPORT LTDA;HANGZHOU FORMED MEDICAL DEVICES CO., LTD;CHINA, REPÚBLICA POPULAR
82757049019;II;TIVA IMPORT LTDA;WELLMED INTERNATIONAL INDUSTRIES PVT. LTD.;ÍNDIA
82757049020;II;TIVA IMPORT LTDA;WELLMED INTERNATIONAL INDUSTRIES PVT. LTD.;ÍNDIA
82757049021;II;TIVA IMPORT LTDA;WELLMED INTERNATIONAL INDUSTRIES PVT. LTD.;ÍNDIA
82757049022;II;TIVA IMPORT LTDA;WELLMED INTERNATIONAL INDUSTRIES PVT. LTD.;ÍNDIA
82757049023;II;TIVA IMPORT LTDA;WELLMED INTERNATIONAL INDUSTRIES PVT. LTD.;ÍNDIA
82757049024;II;TIVA IMPORT LTDA;WELLMED INTERNATIONAL INDUSTRIES PVT. LTD.;ÍNDIA
82757049025;II;TIVA IMPORT LTDA;WELLMED INTERNATIONAL INDUSTRIES PVT. LTD.;ÍNDIA
82757049026;II;TIVA IMPORT LTDA;WELLMED INTERNATIONAL INDUSTRIES PVT. LTD.;ÍNDIA
82757049027;II;TIVA IMPORT LTDA;WELLMED INTERNATIONAL INDUSTRIES PVT. LTD.;ÍNDIA
82757049028;II;TIVA IMPORT LTDA;WELLMED INTERNATIONAL INDUSTRIES PVT. LTD.;ÍNDIA
82757049029;II;TIVA IMPORT LTDA;JAVA MEDICAL TECHNOLOGY CO., LTD;CHINA, REPÚBLICA POPULAR
82757049030;II;TIVA IMPORT LTDA;WELLMED INTERNATIONAL INDUSTRIES PVT. LTD.;ÍNDIA
82757049032;II;TIVA IMPORT LTDA;WELLMED INTERNATIONAL INDUSTRIES PVT.LTD.;ÍNDIA
82757049033;II;TIVA IMPORT LTDA;WELLMED INTERNATIONAL INDUSTRIES PVT.LTD.;ÍNDIA
82757049034;II;TIVA IMPORT LTDA;POLYBOND INDIA PVT LTD;ÍNDIA
82757049035;II;TIVA IMPORT LTDA;POLYBOND INDIA PVT LTD;ÍNDIA
82757049036;II;TIVA IMPORT LTDA;POLYBOND INDIA PVT LTD;ÍNDIA
82757049037;II;TIVA IMPORT LTDA;POLYBOND INDIA PVT LTD;ÍNDIA
82757049038;II;TIVA IMPORT LTDA;POLYBOND INDIA PVT LTD;ÍNDIA
82757049039;II;TIVA IMPORT LTDA;POLYBOND INDIA PVT LTD;ÍNDIA
82757049040;II;TIVA IMPORT LTDA;POLYBOND INDIA PVT LTD;ÍNDIA
82757049041;II;TIVA IMPORT LTDA;SHANGHAI HEALTH MEDICAL CO., LTD;CHINA, REPÚBLICA POPULAR
82757049042;II;TIVA IMPORT LTDA;SHANGHAI HEALTH MEDICAL CO., LTD;CHINA, REPÚBLICA POPULAR
82757049043;II;TIVA IMPORT LTDA;SHANDONG YIGUANG MEDICAL INSTRUMENTS CO., LTD.;CHINA, REPÚBLICA POPULAR
82757049044;II;TIVA IMPORT LTDA;GUILIN HBM HEALTH PROTECTIONS, INC.;CHINA, REPÚBLICA POPULAR
82757049045;II;TIVA IMPORT LTDA;GUILIN HBM HEALTH PROTECTIONS, INC.;CHINA, REPÚBLICA POPULAR
82757049046;II;TIVA IMPORT LTDA;TIANCHANG CITY ANRUI MEDICAL EQUIPMENTS CO., LTD;CHINA, REPÚBLICA POPULAR
80288090008;II;TKL IMPORTAÇÃO E EXPORTAÇÃO DE PRODUTOS MÉDICOS E HOSPITALARES LTDA;HTL STREFA SA;POLÔNIA
80288090020;I;TKL IMPORTAÇÃO E EXPORTAÇÃO DE PRODUTOS MÉDICOS E HOSPITALARES LTDA;WENZHOU KLF MEDICAL PLASTIC CO., LTD;CHINA, REPÚBLICA POPULAR
80288090024;II;TKL IMPORTAÇÃO E EXPORTAÇÃO DE PRODUTOS MÉDICOS E HOSPITALARES LTDA;HTL STREFA SA;POLÔNIA
80288090030;II;TKL IMPORTAÇÃO E EXPORTAÇÃO DE PRODUTOS MÉDICOS E HOSPITALARES LTDA;MEDIPLUS (INDIA) LTD;ÍNDIA
80288090034;II;TKL IMPORTAÇÃO E EXPORTAÇÃO DE PRODUTOS MÉDICOS E HOSPITALARES LTDA;CHANGZHOU HUICHUN MEDICAL EQUIPMENT CO. LTD.;CHINA, REPÚBLICA POPULAR
80288090038;II;TKL IMPORTAÇÃO E EXPORTAÇÃO DE PRODUTOS MÉDICOS E HOSPITALARES LTDA;WELL LEAD MEDICAL CO, LTD;CHINA, REPÚBLICA POPULAR
80288090039;II;TKL IMPORTAÇÃO E EXPORTAÇÃO DE PRODUTOS MÉDICOS E HOSPITALARES LTDA;HUAIYIN MEDICAL INSTRUMENTS CO., LTD;CHINA, REPÚBLICA POPULAR
80288090040;II;TKL IMPORTAÇÃO E EXPORTAÇÃO DE PRODUTOS MÉDICOS E HOSPITALARES LTDA;WELL LEAD MEDICAL CO, LTD;CHINA, REPÚBLICA POPULAR
80288090042;II;TKL IMPORTAÇÃO E EXPORTAÇÃO DE PRODUTOS MÉDICOS E HOSPITALARES LTDA;ZHEJIANG KANGKANG MEDICAL-DEVICES CO. LTD.;CHINA, REPÚBLICA POPULAR
80288090044;I;TKL IMPORTAÇÃO E EXPORTAÇÃO DE PRODUTOS MÉDICOS E HOSPITALARES LTDA;ANHUI TIANKANG MEDICAL TECHNOLOGY CO., LTD;CHINA, REPÚBLICA POPULAR
80288090047;II;TKL IMPORTAÇÃO E EXPORTAÇÃO DE PRODUTOS MÉDICOS E HOSPITALARES LTDA;WELL LEAD MEDICAL CO, LTD;CHINA, REPÚBLICA POPULAR
80288090048;II;TKL IMPORTAÇÃO E EXPORTAÇÃO DE PRODUTOS MÉDICOS E HOSPITALARES LTDA;TKL IMPORTAÇÃO E EXPORTAÇÃO DE PRODUTOS MÉDICOS E HOSPITALARES LTDA;BRASIL
80288090048;II;TKL IMPORTAÇÃO E EXPORTAÇÃO DE PRODUTOS MÉDICOS E HOSPITALARES LTDA;WELL LEAD MEDICAL CO, LTD;CHINA, REPÚBLICA POPULAR
80288090049;II;TKL IMPORTAÇÃO E EXPORTAÇÃO DE PRODUTOS MÉDICOS E HOSPITALARES LTDA;WELL LEAD MEDICAL CO, LTD;CHINA, REPÚBLICA POPULAR
80288090050;I;TKL IMPORTAÇÃO E EXPORTAÇÃO DE PRODUTOS MÉDICOS E HOSPITALARES LTDA;CHANGZHOU NANFANG MEDICAL APPLIANCE FACTORY CO., LTD;CHINA, REPÚBLICA POPULAR
80288090053;II;TKL IMPORTAÇÃO E EXPORTAÇÃO DE PRODUTOS MÉDICOS E HOSPITALARES LTDA;WELL LEAD MEDICAL CO, LTD;CHINA, REPÚBLICA POPULAR
80288090061;II;TKL IMPORTAÇÃO E EXPORTAÇÃO DE PRODUTOS MÉDICOS E HOSPITALARES LTDA;HTL STREFA SA;POLÔNIA
80288090067;II;TKL IMPORTAÇÃO E EXPORTAÇÃO DE PRODUTOS MÉDICOS E HOSPITALARES LTDA;Yangzhou Medline Industry CO., Ltd;CHINA, REPÚBLICA POPULAR
80288090069;II;TKL IMPORTAÇÃO E EXPORTAÇÃO DE PRODUTOS MÉDICOS E HOSPITALARES LTDA;HTL STREFA SA;POLÔNIA
80288090070;I;TKL IMPORTAÇÃO E EXPORTAÇÃO DE PRODUTOS MÉDICOS E HOSPITALARES LTDA;XIANTAO XINGRONG PROTECTIVE PRODUCTS Co., Ltd.;CHINA, REPÚBLICA POPULAR
80288090071;I;TKL IMPORTAÇÃO E EXPORTAÇÃO DE PRODUTOS MÉDICOS E HOSPITALARES LTDA;XIANTAO XINGRONG PROTECTIVE PRODUCTS Co., Ltd.;CHINA, REPÚBLICA POPULAR
80288090074;I;TKL IMPORTAÇÃO E EXPORTAÇÃO DE PRODUTOS MÉDICOS E HOSPITALARES LTDA;MEDIPLUS (INDIA) LTD;ÍNDIA
80288090075;II;TKL IMPORTAÇÃO E EXPORTAÇÃO DE PRODUTOS MÉDICOS E HOSPITALARES LTDA;LARS MEDICARE PVT LTD;ÍNDIA
80288090076;I;TKL IMPORTAÇÃO E EXPORTAÇÃO DE PRODUTOS MÉDICOS E HOSPITALARES LTDA;WENZHOU KLF MEDICAL PLASTIC CO., LTD.;CHINA, REPÚBLICA POPULAR
80288090077;II;TKL IMPORTAÇÃO E EXPORTAÇÃO DE PRODUTOS MÉDICOS E HOSPITALARES LTDA;LARS MEDICARE PVT LTD;ÍNDIA
80288090079;II;TKL IMPORTAÇÃO E EXPORTAÇÃO DE PRODUTOS MÉDICOS E HOSPITALARES LTDA;LARS MEDICARE PVT LTD;ÍNDIA
80288090080;I;TKL IMPORTAÇÃO E EXPORTAÇÃO DE PRODUTOS MÉDICOS E HOSPITALARES LTDA;Haian Mediguaze Co., Ltd.;CHINA, REPÚBLICA POPULAR
80288090082;I;TKL IMPORTAÇÃO E EXPORTAÇÃO DE PRODUTOS MÉDICOS E HOSPITALARES LTDA;Shaoxing Zhengde Surgical Dressing Co.,Ltd;CHINA, REPÚBLICA POPULAR
80288090084;I;TKL IMPORTAÇÃO E EXPORTAÇÃO DE PRODUTOS MÉDICOS E HOSPITALARES LTDA;JIANGSU KANGHUA MEDICAL EQUIPAMENT CO. LTD.;CHINA, REPÚBLICA POPULAR
80288090085;I;TKL IMPORTAÇÃO E EXPORTAÇÃO DE PRODUTOS MÉDICOS E HOSPITALARES LTDA;Xuchang Zhengde Environstar Medical Products Co., Ltd;CHINA, REPÚBLICA POPULAR
80288090086;I;TKL IMPORTAÇÃO E EXPORTAÇÃO DE PRODUTOS MÉDICOS E HOSPITALARES LTDA;Xuchang Zhengde Environstar Medical Products Co., Ltd;CHINA, REPÚBLICA POPULAR
80288090087;I;TKL IMPORTAÇÃO E EXPORTAÇÃO DE PRODUTOS MÉDICOS E HOSPITALARES LTDA;Xuchang Zhengde Environstar Medical Products Co., Ltd;CHINA, REPÚBLICA POPULAR
80288090088;I;TKL IMPORTAÇÃO E EXPORTAÇÃO DE PRODUTOS MÉDICOS E HOSPITALARES LTDA;Xuchang Zhengde Environstar Medical Products Co., Ltd;CHINA, REPÚBLICA POPULAR
80288090089;I;TKL IMPORTAÇÃO E EXPORTAÇÃO DE PRODUTOS MÉDICOS E HOSPITALARES LTDA;WENZHOU KLF MEDICAL PLASTIC CO., LTD.;CHINA, REPÚBLICA POPULAR
80288090090;II;TKL IMPORTAÇÃO E EXPORTAÇÃO DE PRODUTOS MÉDICOS E HOSPITALARES LTDA;MEDIPLUS (INDIA) LTD;ÍNDIA
80288090092;II;TKL IMPORTAÇÃO E EXPORTAÇÃO DE PRODUTOS MÉDICOS E HOSPITALARES LTDA;ANHUI EASYWAY MEDICAL SUPPLIES CO., LTD;CHINA, REPÚBLICA POPULAR
80288090093;I;TKL IMPORTAÇÃO E EXPORTAÇÃO DE PRODUTOS MÉDICOS E HOSPITALARES LTDA;Winner Medical Co., Ltd.;CHINA, REPÚBLICA POPULAR
80288090094;I;TKL IMPORTAÇÃO E EXPORTAÇÃO DE PRODUTOS MÉDICOS E HOSPITALARES LTDA;HUBEI FUXIN MEDICAL EQUIPMENT CO. LTD.;CHINA, REPÚBLICA POPULAR
80288090096;II;TKL IMPORTAÇÃO E EXPORTAÇÃO DE PRODUTOS MÉDICOS E HOSPITALARES LTDA;HTL STREFA SA;POLÔNIA
80288090099;II;TKL IMPORTAÇÃO E EXPORTAÇÃO DE PRODUTOS MÉDICOS E HOSPITALARES LTDA;Zhejiang INI Medical Devices Co., Ltd;CHINA, REPÚBLICA POPULAR
80288090100;II;TKL IMPORTAÇÃO E EXPORTAÇÃO DE PRODUTOS MÉDICOS E HOSPITALARES LTDA;JIANGSU KANGYOU MEDICAL INSTRUMENT CO LTD;CHINA, REPÚBLICA POPULAR
80288090101;II;TKL IMPORTAÇÃO E EXPORTAÇÃO DE PRODUTOS MÉDICOS E HOSPITALARES LTDA;JIANGSU WEBEST MEDICAL PRODUCT CO., LTD;CHINA, REPÚBLICA POPULAR
80288090102;I;TKL IMPORTAÇÃO E EXPORTAÇÃO DE PRODUTOS MÉDICOS E HOSPITALARES LTDA;WENZHOU K.L.F. MEDICAL PLASTICS CO., LTD.;CHINA, REPÚBLICA POPULAR
80288090104;I;TKL IMPORTAÇÃO E EXPORTAÇÃO DE PRODUTOS MÉDICOS E HOSPITALARES LTDA;WENZHOU KLF MEDICAL PLASTIC CO., LTD.;CHINA, REPÚBLICA POPULAR
80288090105;I;TKL IMPORTAÇÃO E EXPORTAÇÃO DE PRODUTOS MÉDICOS E HOSPITALARES LTDA;JIANGXI HONGDA MEDICAL EQUIPMENT GROUP LTD;CHINA, REPÚBLICA POPULAR
80288090106;I;TKL IMPORTAÇÃO E EXPORTAÇÃO DE PRODUTOS MÉDICOS E HOSPITALARES LTDA;ANHUI HONGYU WUZHOU MEDICAL MANUFACTURER CO., LTD;CHINA, REPÚBLICA POPULAR
80288090108;I;TKL IMPORTAÇÃO E EXPORTAÇÃO DE PRODUTOS MÉDICOS E HOSPITALARES LTDA;JIANGSU KANGYOU MEDICAL INSTRUMENTS CO.,LTD.;CHINA, REPÚBLICA POPULAR
80288090109;I;TKL IMPORTAÇÃO E EXPORTAÇÃO DE PRODUTOS MÉDICOS E HOSPITALARES LTDA;JIANGSU WEBEST MEDICAL PRODUCT CO., LTD.;CHINA, REPÚBLICA POPULAR
80288090110;I;TKL IMPORTAÇÃO E EXPORTAÇÃO DE PRODUTOS MÉDICOS E HOSPITALARES LTDA;Jiangsu Jichun Medical Devices Co., Ltd.;CHINA, REPÚBLICA POPULAR
80288090111;I;TKL IMPORTAÇÃO E EXPORTAÇÃO DE PRODUTOS MÉDICOS E HOSPITALARES LTDA;ANHUI HONGYU WUZHOU MEDICAL MANUFACTURER CO., LTD;CHINA, REPÚBLICA POPULAR
80288090112;I;TKL IMPORTAÇÃO E EXPORTAÇÃO DE PRODUTOS MÉDICOS E HOSPITALARES LTDA;Jiangsu Jichun Medical Devices Co., Ltd.;CHINA, REPÚBLICA POPULAR
80288090113;I;TKL IMPORTAÇÃO E EXPORTAÇÃO DE PRODUTOS MÉDICOS E HOSPITALARES LTDA;MEDCAPTAIN LIFE SCIENCE CO., LTD.;CHINA, REPÚBLICA POPULAR
80288099003;II;TKL IMPORTAÇÃO E EXPORTAÇÃO DE PRODUTOS MÉDICOS E HOSPITALARES LTDA;WENZHOU KLF MEDICAL PLASTIC CO., LTD.;CHINA, REPÚBLICA POPULAR
80288099004;I;TKL IMPORTAÇÃO E EXPORTAÇÃO DE PRODUTOS MÉDICOS E HOSPITALARES LTDA;WENZHOU KLF MEDICAL PLASTIC CO., LTD.;CHINA, REPÚBLICA POPULAR
80288099005;I;TKL IMPORTAÇÃO E EXPORTAÇÃO DE PRODUTOS MÉDICOS E HOSPITALARES LTDA;WENZHOU KLF MEDICAL PLASTIC CO., LTD.;CHINA, REPÚBLICA POPULAR
80288099006;II;TKL IMPORTAÇÃO E EXPORTAÇÃO DE PRODUTOS MÉDICOS E HOSPITALARES LTDA;WENZHOU KLF MEDICAL PLASTIC CO., LTD.;CHINA, REPÚBLICA POPULAR
80288099011;I;TKL IMPORTAÇÃO E EXPORTAÇÃO DE PRODUTOS MÉDICOS E HOSPITALARES LTDA;CHANGZHOU NANFANG MEDICAL APPLIANCE FACTORY CO.;CHINA, REPÚBLICA POPULAR
80288099016;II;TKL IMPORTAÇÃO E EXPORTAÇÃO DE PRODUTOS MÉDICOS E HOSPITALARES LTDA;PIKDARE SPA;ITÁLIA
80288099017;II;TKL IMPORTAÇÃO E EXPORTAÇÃO DE PRODUTOS MÉDICOS E HOSPITALARES LTDA;LARS MEDICARE PVT LTD;ÍNDIA
80288099018;II;TKL IMPORTAÇÃO E EXPORTAÇÃO DE PRODUTOS MÉDICOS E HOSPITALARES LTDA;SUZHOU KYUAN MEDICAL APPARATUS CO., LTD.;CHINA, REPÚBLICA POPULAR
80288099019;II;TKL IMPORTAÇÃO E EXPORTAÇÃO DE PRODUTOS MÉDICOS E HOSPITALARES LTDA;STERIMED MEDICAL DEVICES PVT. LTD.;ÍNDIA
80288099020;II;TKL IMPORTAÇÃO E EXPORTAÇÃO DE PRODUTOS MÉDICOS E HOSPITALARES LTDA;MEDIPLUS (INDIA) LTD;ÍNDIA
80288099021;II;TKL IMPORTAÇÃO E EXPORTAÇÃO DE PRODUTOS MÉDICOS E HOSPITALARES LTDA;STERIMED MEDICAL DEVICES PVT. LTD.;ÍNDIA
80288099022;II;TKL IMPORTAÇÃO E EXPORTAÇÃO DE PRODUTOS MÉDICOS E HOSPITALARES LTDA;JIANGSU JICHUN MEDICAL DEVICES CO., LTD.;CHINA, REPÚBLICA POPULAR
80288099023;II;TKL IMPORTAÇÃO E EXPORTAÇÃO DE PRODUTOS MÉDICOS E HOSPITALARES LTDA;HEBEI XINLE SCI & TECH CO.,LTD.;CHINA, REPÚBLICA POPULAR
80288099024;II;TKL IMPORTAÇÃO E EXPORTAÇÃO DE PRODUTOS MÉDICOS E HOSPITALARES LTDA;LARS MEDICARE PVT. LTD.;ÍNDIA
80288099025;II;TKL IMPORTAÇÃO E EXPORTAÇÃO DE PRODUTOS MÉDICOS E HOSPITALARES LTDA;STERIMED MEDICAL DEVICES PVT. LTD.;ÍNDIA
80288099026;II;TKL IMPORTAÇÃO E EXPORTAÇÃO DE PRODUTOS MÉDICOS E HOSPITALARES LTDA;ILIFE MEDICAL DEVICES PVT LTD;ÍNDIA
80288099029;II;TKL IMPORTAÇÃO E EXPORTAÇÃO DE PRODUTOS MÉDICOS E HOSPITALARES LTDA;WENZHOU KLF MEDICAL PLASTIC CO., LTD.;CHINA, REPÚBLICA POPULAR
80288099030;II;TKL IMPORTAÇÃO E EXPORTAÇÃO DE PRODUTOS MÉDICOS E HOSPITALARES LTDA;LARS MEDICARE PVT. LTD.;ÍNDIA
80288099031;II;TKL IMPORTAÇÃO E EXPORTAÇÃO DE PRODUTOS MÉDICOS E HOSPITALARES LTDA;ZHEIJIANG KINDLY MEDICAL DEVICES CO., LTD.;CHINA, REPÚBLICA POPULAR
80288099032;II;TKL IMPORTAÇÃO E EXPORTAÇÃO DE PRODUTOS MÉDICOS E HOSPITALARES LTDA;JIANGSU JICHUN MEDICAL DEVICES CO., LTD.;CHINA, REPÚBLICA POPULAR
80288099033;II;TKL IMPORTAÇÃO E EXPORTAÇÃO DE PRODUTOS MÉDICOS E HOSPITALARES LTDA;WENZHOU KLF MEDICAL PLASTIC CO., LTD.;CHINA, REPÚBLICA POPULAR
80288099034;II;TKL IMPORTAÇÃO E EXPORTAÇÃO DE PRODUTOS MÉDICOS E HOSPITALARES LTDA;JIANGSU CAINA MEDICAL CO., LTD;CHINA, REPÚBLICA POPULAR
80288099035;II;TKL IMPORTAÇÃO E EXPORTAÇÃO DE PRODUTOS MÉDICOS E HOSPITALARES LTDA;TIANJIN RILIFINE MEDICAL DEVICE CO., LTD.;CHINA, REPÚBLICA POPULAR
80288099036;II;TKL IMPORTAÇÃO E EXPORTAÇÃO DE PRODUTOS MÉDICOS E HOSPITALARES LTDA;SHANDONG ANDE HEALTHCARE APPARATUS CO., LTD.;CHINA, REPÚBLICA POPULAR
80288099037;II;TKL IMPORTAÇÃO E EXPORTAÇÃO DE PRODUTOS MÉDICOS E HOSPITALARES LTDA;NUBENO HEALTHCARE PRIVATE LIMITED;ÍNDIA
80288099038;II;TKL IMPORTAÇÃO E EXPORTAÇÃO DE PRODUTOS MÉDICOS E HOSPITALARES LTDA;JIANGXI HONGDA MEDICAL EQUIPAMENT GROUP LTD.;CHINA, REPÚBLICA POPULAR
80288099039;II;TKL IMPORTAÇÃO E EXPORTAÇÃO DE PRODUTOS MÉDICOS E HOSPITALARES LTDA;WENZHOU KLF MEDICAL PLASTIC CO., LTD.;CHINA, REPÚBLICA POPULAR
80288099040;II;TKL IMPORTAÇÃO E EXPORTAÇÃO DE PRODUTOS MÉDICOS E HOSPITALARES LTDA;WENZHOU KLF MEDICAL PLASTIC CO., LTD.;CHINA, REPÚBLICA POPULAR
81668620001;II;TKS MEDICAL IMPORTACAO E EXPORTACAO LTDA;MEDIKOKIM TIBBI VE KIMYEVI MALZEME SANAYI VE TICARET LTD.STI;TURQUIA
81668620002;IV;TKS MEDICAL IMPORTACAO E EXPORTACAO LTDA;;
81668620002;IV;TKS MEDICAL IMPORTACAO E EXPORTACAO LTDA;MEDIKOKIM TIBBI VE KIMYEVI MALZEME SANAYI VE TICARET A.&#350.;TURQUIA
81668620003;I;TKS MEDICAL IMPORTACAO E EXPORTACAO LTDA;MEDBAR TIBBI MALZEMELER TUR. SAN. VE TIC AS;TURQUIA
81668620004;I;TKS MEDICAL IMPORTACAO E EXPORTACAO LTDA;MEDIKOKIM TIBBI VE KIMYEVI MALZEME SANAYI VE TICARET LTD.STI;TURQUIA
81668620005;II;TKS MEDICAL IMPORTACAO E EXPORTACAO LTDA;MEDIKOKIM TIBBI VE KIMYEVI MALZEME SANAYI VE TICARET LTD.STI;TURQUIA
81668620006;II;TKS MEDICAL IMPORTACAO E EXPORTACAO LTDA;MEDIKOKIM TIBBI VE KIMYEVI MALZEME SANAYI VE TICARET LTD.STI;TURQUIA
81668620007;I;TKS MEDICAL IMPORTACAO E EXPORTACAO LTDA;GRUPA MEDIKAL TEKSTIL TIBBI MAL.VE IKLIM SAN VE TIC LTD STI;TURQUIA
81668620008;I;TKS MEDICAL IMPORTACAO E EXPORTACAO LTDA;EXACT MEDICAL MANUFACTURING INC;ESTADOS UNIDOS DA AMÉRICA
81668620009;I;TKS MEDICAL IMPORTACAO E EXPORTACAO LTDA;DÍLAMED TIBBÍ ÜRÜNLER SAN VE TÍC A.S.;TURQUIA
81668629001;II;TKS MEDICAL IMPORTACAO E EXPORTACAO LTDA;IMEDICOM CO., LTD;CORÉIA DO SUL
82362320001;I;TMA - MEDICINA TACTICA LTDA;ANPING GUARDIAN MEDICAL EQUIPMENT CO., LTD;CHINA, REPÚBLICA POPULAR
82362320002;I;TMA - MEDICINA TACTICA LTDA;ANPING GUARDIAN MEDICAL EQUIPMENT CO., LTD;CHINA, REPÚBLICA POPULAR
82362320003;I;TMA - MEDICINA TACTICA LTDA;ANPING GUARDIAN MEDICAL EQUIPMENT CO., LTD;CHINA, REPÚBLICA POPULAR
82362320004;I;TMA - MEDICINA TACTICA LTDA;ANPING GUARDIAN MEDICAL EQUIPMENT CO., LTD;CHINA, REPÚBLICA POPULAR
82362320005;I;TMA - MEDICINA TACTICA LTDA;ANPING GUARDIAN MEDICAL EQUIPMENT CO., LTD;CHINA, REPÚBLICA POPULAR
82362320006;I;TMA - MEDICINA TACTICA LTDA;EMSRUN GROUP;CHINA, REPÚBLICA POPULAR
82362320007;I;TMA - MEDICINA TACTICA LTDA;EMSRUN GROUP;CHINA, REPÚBLICA POPULAR
82362320008;I;TMA - MEDICINA TACTICA LTDA;EMSRUN GROUP;CHINA, REPÚBLICA POPULAR
82362320009;I;TMA - MEDICINA TACTICA LTDA;EMSRUN GROUP;CHINA, REPÚBLICA POPULAR
82362320010;I;TMA - MEDICINA TACTICA LTDA;EMSRUN GROUP;CHINA, REPÚBLICA POPULAR
82362320011;I;TMA - MEDICINA TACTICA LTDA;EMSRUN GROUP;CHINA, REPÚBLICA POPULAR
82362320012;I;TMA - MEDICINA TACTICA LTDA;EMSRUN GROUP;CHINA, REPÚBLICA POPULAR
82362320013;I;TMA - MEDICINA TACTICA LTDA;EMSRUN GROUP;CHINA, REPÚBLICA POPULAR
82362320016;I;TMA - MEDICINA TACTICA LTDA;ANPING GUARDIAN MEDICAL EQUIPMENT CO., LTD;CHINA, REPÚBLICA POPULAR
82362320017;I;TMA - MEDICINA TACTICA LTDA;ANPING GUARDIAN MEDICAL EQUIPMENT CO., LTD;CHINA, REPÚBLICA POPULAR
82362320020;I;TMA - MEDICINA TACTICA LTDA;ANPING GUARDIAN MEDICAL EQUIPMENT CO., LTD;CHINA, REPÚBLICA POPULAR
82362329001;II;TMA - MEDICINA TACTICA LTDA;ANPING GUARDIAN MEDICAL EQUIPMENT CO., LTD;CHINA, REPÚBLICA POPULAR
82362329002;II;TMA - MEDICINA TACTICA LTDA;ANPING GUARDIAN MEDICAL EQUIPMENT CO., LTD;CHINA, REPÚBLICA POPULAR
82362329003;II;TMA - MEDICINA TACTICA LTDA;EMSRUN GROUP;CHINA, REPÚBLICA POPULAR
82906670001;I;Tmed comércio de proutos hospitlares ltda;ANJI HONGDE MEDICAL PRODUCTS CO., LTD;CHINA, REPÚBLICA POPULAR
82906670002;I;Tmed comércio de proutos hospitlares ltda;ANJI HONGDE MEDICAL PRODUCTS CO., LTD;CHINA, REPÚBLICA POPULAR
80090840002;I;TMED TECNOLOGIA MÉDICA S.A.;TMED TECNOLOGIA MÉDICA S.A.;BRASIL
80929050001;I;TNM BRASIL LTDA;FYSIOTAPE BV;HOLANDA (PAÍSES BAIXOS)
80929050002;I;TNM BRASIL LTDA;CARE INTEGRAL GMBH;ALEMANHA
80929050003;I;TNM BRASIL LTDA;WETAPE INC.;CORÉIA DO SUL
80929050004;I;TNM BRASIL LTDA;FYSIOTAPE BV;HOLANDA (PAÍSES BAIXOS)
80929050005;I;TNM BRASIL LTDA;FYSIOTAPE BV;HOLANDA (PAÍSES BAIXOS)
80929050007;I;TNM BRASIL LTDA;JIANGSU YIZHENG CAREPRO MEDICAL INSTRUMENTS CO, LTD;CHINA, REPÚBLICA POPULAR
80929050008;I;TNM BRASIL LTDA;JIANGSU YIZHENG CAREPRO MEDICAL INSTRUMENTS CO, LTD;CHINA, REPÚBLICA POPULAR
80929050009;I;TNM BRASIL LTDA;WETAPE INC.;CORÉIA DO SUL
80975210008;I;TOCARE INDUSTRIA E COMERCIO DE PRODUTOS MEDICOS S/A;BEIJING RUICHENG MEDICAL SUPPLIES Co., LTD.;CHINA, REPÚBLICA POPULAR
80975210009;II;TOCARE INDUSTRIA E COMERCIO DE PRODUTOS MEDICOS S/A;TOCARE INDUSTRIA E COMERCIO DE PRODUTOS MEDICOS S/A;BRASIL
80975210010;II;TOCARE INDUSTRIA E COMERCIO DE PRODUTOS MEDICOS S/A;TOCARE INDUSTRIA E COMERCIO DE PRODUTOS MEDICOS S/A;BRASIL
80975219001;II;TOCARE INDUSTRIA E COMERCIO DE PRODUTOS MEDICOS S/A;SD BIOSENSOR, INC.;CORÉIA DO SUL
80975219002;II;TOCARE INDUSTRIA E COMERCIO DE PRODUTOS MEDICOS S/A;TOCARE INDUSTRIA E COMERCIO DE PRODUTOS MEDICOS S/A;BRASIL
80975219003;I;TOCARE INDUSTRIA E COMERCIO DE PRODUTOS MEDICOS S/A;SD BIOSENSOR, INC.;CORÉIA DO SUL
80975219004;I;TOCARE INDUSTRIA E COMERCIO DE PRODUTOS MEDICOS S/A;TOCARE INDUSTRIA E COMERCIO DE PRODUTOS MEDICOS S/A;BRASIL
80975219007;II;TOCARE INDUSTRIA E COMERCIO DE PRODUTOS MEDICOS S/A;TOCARE INDUSTRIA E COMERCIO DE PRODUTOS MEDICOS S/A;BRASIL
10322870002;II;TOMMASI IMPORTAÇÃO E EXPORTAÇÃO LTDA;MEDTECH PRODUCTS INC.;ESTADOS UNIDOS DA AMÉRICA
10384890009;II;TOP CONSULT COMÉRCIO E ASSESSORIA EM EQUIPAMENTOS MÉDICOS E ODONTOLÓGICOS LTDA - EPP;DYNA DENTAL ENGINEERING B.V.;HOLANDA (PAÍSES BAIXOS)
82629769001;II;TOP MED COMERCIO E REPRESENTACAO SOCIEDADE UNIPESSOAL LTDA;INNOTECH INC.;CORÉIA DO SUL
80614390007;II;TOP MED IMPORTACAO E DISTRIBUICAO LTDA - ME;Yangzhou Medline Industry CO., Ltd;CHINA, REPÚBLICA POPULAR
80614390008;II;TOP MED IMPORTACAO E DISTRIBUICAO LTDA - ME;HUAIAN ANGEL MEDICAL INSTRUMENTS CO LTD;CHINA, REPÚBLICA POPULAR
80614390009;II;TOP MED IMPORTACAO E DISTRIBUICAO LTDA - ME;YANGZHOU MEDLINE INDUSTRY CO.LTD;CHINA, REPÚBLICA POPULAR
80614390010;II;TOP MED IMPORTACAO E DISTRIBUICAO LTDA - ME;YANGZHOU MEDLINE INDUSTRY CO.LTD;CHINA, REPÚBLICA POPULAR
80614390011;II;TOP MED IMPORTACAO E DISTRIBUICAO LTDA - ME;Yangzhou Medline Industry CO., Ltd;CHINA, REPÚBLICA POPULAR
80614390012;I;TOP MED IMPORTACAO E DISTRIBUICAO LTDA - ME;YANGZHOU MEDLINE INDUSTRY CO.LTD;CHINA, REPÚBLICA POPULAR
80614390013;II;TOP MED IMPORTACAO E DISTRIBUICAO LTDA - ME;WELLMED International Industries Pvt. Ltd.;ÍNDIA
80614390014;II;TOP MED IMPORTACAO E DISTRIBUICAO LTDA - ME;Yangzhou Medline Industry CO., Ltd;CHINA, REPÚBLICA POPULAR
80614390015;I;TOP MED IMPORTACAO E DISTRIBUICAO LTDA - ME;HARTALEGA SDN BHD;MALÁSIA
80614390016;II;TOP MED IMPORTACAO E DISTRIBUICAO LTDA - ME;WELLMED International Industries Pvt. Ltd.;ÍNDIA
80614390017;I;TOP MED IMPORTACAO E DISTRIBUICAO LTDA - ME;YANGHZOU MEDLINE INTERNATIONAL COM., LTD;CHINA, REPÚBLICA POPULAR
80614390018;II;TOP MED IMPORTACAO E DISTRIBUICAO LTDA - ME;YANGZHOU MEDLINE INDUSTRY CO.LTD;CHINA, REPÚBLICA POPULAR
80614390019;I;TOP MED IMPORTACAO E DISTRIBUICAO LTDA - ME;VITROMED HEALTHCARE;ÍNDIA
80614390020;II;TOP MED IMPORTACAO E DISTRIBUICAO LTDA - ME;VITROMED HEALTHCARE;ÍNDIA
80614390021;II;TOP MED IMPORTACAO E DISTRIBUICAO LTDA - ME;VITROMED HEALTHCARE;ÍNDIA
80614390022;II;TOP MED IMPORTACAO E DISTRIBUICAO LTDA - ME;VITROMED HEALTHCARE;ÍNDIA
80614390023;II;TOP MED IMPORTACAO E DISTRIBUICAO LTDA - ME;Yangzhou Medline Industry CO., Ltd;CHINA, REPÚBLICA POPULAR
80614390024;II;TOP MED IMPORTACAO E DISTRIBUICAO LTDA - ME;DISPOSAFE HEALTH AND LIFE CARE LTD.;ÍNDIA
80614390025;II;TOP MED IMPORTACAO E DISTRIBUICAO LTDA - ME;ANGIPLAST PRIVATE LIMITED;ÍNDIA
80614390026;II;TOP MED IMPORTACAO E DISTRIBUICAO LTDA - ME;ANGIPLAST PRIVATE LIMITED;ÍNDIA
80614390027;II;TOP MED IMPORTACAO E DISTRIBUICAO LTDA - ME;DISPOSAFE HEALTH AND LIFE CARE LTD.;ÍNDIA
80614390028;II;TOP MED IMPORTACAO E DISTRIBUICAO LTDA - ME;Yangzhou Medline Industry CO., Ltd;CHINA, REPÚBLICA POPULAR
80614390029;II;TOP MED IMPORTACAO E DISTRIBUICAO LTDA - ME;ANGIPLAST PRIVATE LIMITED;ÍNDIA
80614390030;II;TOP MED IMPORTACAO E DISTRIBUICAO LTDA - ME;Yangzhou Medline Industry CO., Ltd;CHINA, REPÚBLICA POPULAR
80614390031;II;TOP MED IMPORTACAO E DISTRIBUICAO LTDA - ME;YANGZHOU MEDLINE INDUSTRY CO.LTD;CHINA, REPÚBLICA POPULAR
80614390032;II;TOP MED IMPORTACAO E DISTRIBUICAO LTDA - ME;YANGZHOU MEDLINE INDUSTRY CO.LTD;CHINA, REPÚBLICA POPULAR
80614390035;II;TOP MED IMPORTACAO E DISTRIBUICAO LTDA - ME;WELLMED INTERNATIONAL INDUSTRIES P. LTD.;ÍNDIA
80614390036;III;TOP MED IMPORTACAO E DISTRIBUICAO LTDA - ME;;
80614390036;III;TOP MED IMPORTACAO E DISTRIBUICAO LTDA - ME;ENDOGASTRIC SOLUTIONS INC;ESTADOS UNIDOS DA AMÉRICA
80614399002;II;TOP MED IMPORTACAO E DISTRIBUICAO LTDA - ME;WELLMED INTERNATIONAL INDUSTRIES P. LTD.;ÍNDIA
80614399003;II;TOP MED IMPORTACAO E DISTRIBUICAO LTDA - ME;WELLMED International Industries Pvt. Ltd.;ÍNDIA
80662060002;II;TOPDENTAL COMERCIO DE PRODUTOS ODONTOLOGICOS LTDA;NEODONTICS INCORPORATED DENTAL ALLOY MANUFACTURER;ESTADOS UNIDOS DA AMÉRICA
80662060003;II;TOPDENTAL COMERCIO DE PRODUTOS ODONTOLOGICOS LTDA;DENTAL DIREKT GMBH;ALEMANHA
80662060004;II;TOPDENTAL COMERCIO DE PRODUTOS ODONTOLOGICOS LTDA;DENTAL DIREKT GMBH;ALEMANHA
80662060005;II;TOPDENTAL COMERCIO DE PRODUTOS ODONTOLOGICOS LTDA;S&S Scheftner GmbH;ALEMANHA
80662060006;II;TOPDENTAL COMERCIO DE PRODUTOS ODONTOLOGICOS LTDA;S&S Scheftner GmbH;ALEMANHA
80662060007;II;TOPDENTAL COMERCIO DE PRODUTOS ODONTOLOGICOS LTDA;S&S Scheftner GmbH;ALEMANHA
80662069001;I;TOPDENTAL COMERCIO DE PRODUTOS ODONTOLOGICOS LTDA;GUANGDONG LAUNCA MEDICAL DEVICE TECHNOLOGY CO., LTD.;CHINA, REPÚBLICA POPULAR
80662069002;II;TOPDENTAL COMERCIO DE PRODUTOS ODONTOLOGICOS LTDA;GUANGZHOU TOPZIR BIOTECH CO. , LTD;CHINA, REPÚBLICA POPULAR
80662069003;II;TOPDENTAL COMERCIO DE PRODUTOS ODONTOLOGICOS LTDA;GUANGZHOU TOPZIR BIOTECH CO. , LTD;CHINA, REPÚBLICA POPULAR
80662069004;II;TOPDENTAL COMERCIO DE PRODUTOS ODONTOLOGICOS LTDA;SHENZHEN XIANGTONG CO.,LTD.;CHINA, REPÚBLICA POPULAR
80662069005;II;TOPDENTAL COMERCIO DE PRODUTOS ODONTOLOGICOS LTDA;SHENZHEN XIANGTONG CO.,LTD.;CHINA, REPÚBLICA POPULAR
80662069006;II;TOPDENTAL COMERCIO DE PRODUTOS ODONTOLOGICOS LTDA;SHENZHEN XIANGTONG CO.,LTD.;CHINA, REPÚBLICA POPULAR
82261450002;I;TOPDESC INDUSTRIA E COMERCIO DE ACESSÓRIOS PARA SEGURANÇA ltda;TOPDESC INDUSTRIA E COMERCIO DE ACESSÓRIOS PARA SEGURANÇA ltda;BRASIL
80084420001;I;TORIDE INDÚSTRIA E COMÉRCIO LTDA - EPP;TORIDE INDÚSTRIA E COMÉRCIO LTDA - EPP;BRASIL
80084420003;III;TORIDE INDÚSTRIA E COMÉRCIO LTDA - EPP;TORIDE INDÚSTRIA E COMÉRCIO LTDA - EPP;BRASIL
80084420004;III;TORIDE INDÚSTRIA E COMÉRCIO LTDA - EPP;TORIDE INDÚSTRIA E COMÉRCIO LTDA - EPP;BRASIL
80084420006;III;TORIDE INDÚSTRIA E COMÉRCIO LTDA - EPP;TORIDE INDÚSTRIA E COMÉRCIO LTDA - EPP;BRASIL
80084420007;III;TORIDE INDÚSTRIA E COMÉRCIO LTDA - EPP;TORIDE INDÚSTRIA E COMÉRCIO LTDA - EPP;BRASIL
80084420008;III;TORIDE INDÚSTRIA E COMÉRCIO LTDA - EPP;TORIDE INDÚSTRIA E COMÉRCIO LTDA - EPP;BRASIL
80084420009;III;TORIDE INDÚSTRIA E COMÉRCIO LTDA - EPP;TORIDE INDÚSTRIA E COMÉRCIO LTDA - EPP;BRASIL
80084420012;III;TORIDE INDÚSTRIA E COMÉRCIO LTDA - EPP;TORIDE INDÚSTRIA E COMÉRCIO LTDA - EPP;BRASIL
80084420013;III;TORIDE INDÚSTRIA E COMÉRCIO LTDA - EPP;TORIDE INDÚSTRIA E COMÉRCIO LTDA - EPP;BRASIL
80084420014;III;TORIDE INDÚSTRIA E COMÉRCIO LTDA - EPP;TORIDE INDÚSTRIA E COMÉRCIO LTDA - EPP;BRASIL
80084420016;III;TORIDE INDÚSTRIA E COMÉRCIO LTDA - EPP;TORIDE INDÚSTRIA E COMÉRCIO LTDA - EPP;BRASIL
80084420017;III;TORIDE INDÚSTRIA E COMÉRCIO LTDA - EPP;TORIDE INDÚSTRIA E COMÉRCIO LTDA - EPP;BRASIL
80084420018;III;TORIDE INDÚSTRIA E COMÉRCIO LTDA - EPP;TORIDE INDÚSTRIA E COMÉRCIO LTDA - EPP;BRASIL
80084420019;III;TORIDE INDÚSTRIA E COMÉRCIO LTDA - EPP;TORIDE INDÚSTRIA E COMÉRCIO LTDA - EPP;BRASIL
80084420020;III;TORIDE INDÚSTRIA E COMÉRCIO LTDA - EPP;TORIDE INDÚSTRIA E COMÉRCIO LTDA - EPP;BRASIL
80084420021;III;TORIDE INDÚSTRIA E COMÉRCIO LTDA - EPP;TORIDE INDÚSTRIA E COMÉRCIO LTDA - EPP;BRASIL
80084420029;III;TORIDE INDÚSTRIA E COMÉRCIO LTDA - EPP;TORIDE INDÚSTRIA E COMÉRCIO LTDA - EPP;BRASIL
80084420030;III;TORIDE INDÚSTRIA E COMÉRCIO LTDA - EPP;TORIDE INDÚSTRIA E COMÉRCIO LTDA - EPP;BRASIL
80084420036;III;TORIDE INDÚSTRIA E COMÉRCIO LTDA - EPP;TORIDE INDÚSTRIA E COMÉRCIO LTDA - EPP;BRASIL
81664780002;I;TOT BABY COMERCIO, IMPORTACAO, EXPORTACAO E DISTRIBUICAO DE PRODUTOS DE REABILITACAO LTDA;HEADSTART MEDICAL PRODUCTS, INC.&#8194.;CANADÁ
81231550001;II;Total Life comercio de produtos Medico-Hospitalar LTDA-EPP;SHANGHAI INT MEDICAL INSTRUMENTS CO.,LTD.;CHINA, REPÚBLICA POPULAR
81231550002;II;Total Life comercio de produtos Medico-Hospitalar LTDA-EPP;SHANGHAI INT MEDICAL INSTRUMENTS CO.,LTD.;CHINA, REPÚBLICA POPULAR
81231550003;II;Total Life comercio de produtos Medico-Hospitalar LTDA-EPP;Shanghai Kindly Enterprise Development Group Medical Instruments CO,.LTD;CHINA, REPÚBLICA POPULAR
81231550005;II;Total Life comercio de produtos Medico-Hospitalar LTDA-EPP;SHANGHAI KINDLY MEDICAL INSTRUMENTS CO., LTD;CHINA, REPÚBLICA POPULAR
81231550006;II;Total Life comercio de produtos Medico-Hospitalar LTDA-EPP;SHANGHAI KINDLY MEDICAL INSTRUMENTS CO., LTD;CHINA, REPÚBLICA POPULAR
81231550007;II;Total Life comercio de produtos Medico-Hospitalar LTDA-EPP;SHANGHAI INT MEDICAL INSTRUMENTS CO., LTD;CHINA, REPÚBLICA POPULAR
81231550008;II;Total Life comercio de produtos Medico-Hospitalar LTDA-EPP;SHANGHAI KINDLY MEDICAL INSTRUMENTS CO., LTD;CHINA, REPÚBLICA POPULAR
81231550009;II;Total Life comercio de produtos Medico-Hospitalar LTDA-EPP;Guangdong Baihe Medical Technology Co., Ltd;CHINA, REPÚBLICA POPULAR
81231550011;II;Total Life comercio de produtos Medico-Hospitalar LTDA-EPP;SHANGHAI KINDLY MEDICAL INSTRUMENTS CO., LTD;CHINA, REPÚBLICA POPULAR
81231550012;II;Total Life comercio de produtos Medico-Hospitalar LTDA-EPP;Curatia Medical Limited.;CHINA, REPÚBLICA POPULAR
81231550013;II;Total Life comercio de produtos Medico-Hospitalar LTDA-EPP;Curatia Medical Limited.;CHINA, REPÚBLICA POPULAR
81231550014;II;Total Life comercio de produtos Medico-Hospitalar LTDA-EPP;Curatia Medical Limited.;CHINA, REPÚBLICA POPULAR
81231550015;II;Total Life comercio de produtos Medico-Hospitalar LTDA-EPP;SP MEDICAL A/S;DINAMARCA
81231550016;II;Total Life comercio de produtos Medico-Hospitalar LTDA-EPP;SHANGHAI KINDLY MEDICAL INSTRUMENTS CO., LTD;CHINA, REPÚBLICA POPULAR
81231550017;II;Total Life comercio de produtos Medico-Hospitalar LTDA-EPP;SP MEDICAL A/S;DINAMARCA
81231550018;II;Total Life comercio de produtos Medico-Hospitalar LTDA-EPP;Ningbo Multi-Way Medical Co. LTD.;CHINA, REPÚBLICA POPULAR
81231550019;II;Total Life comercio de produtos Medico-Hospitalar LTDA-EPP;Ningbo Multi-Way Medical Co. LTD.;CHINA, REPÚBLICA POPULAR
81231550020;II;Total Life comercio de produtos Medico-Hospitalar LTDA-EPP;ZHEJIANG CHUANGXIANG MEDICAL TECHNOLOGY CO., LTD.;CHINA, REPÚBLICA POPULAR
81231550021;II;Total Life comercio de produtos Medico-Hospitalar LTDA-EPP;HANGZHOU AGS MEDTECH CO. , LTD.;CHINA, REPÚBLICA POPULAR
81231550022;II;Total Life comercio de produtos Medico-Hospitalar LTDA-EPP;HANGZHOU AGS MEDTECH CO. , LTD.;CHINA, REPÚBLICA POPULAR
81231550023;II;Total Life comercio de produtos Medico-Hospitalar LTDA-EPP;HANGZHOU AGS MEDTECH CO. , LTD.;CHINA, REPÚBLICA POPULAR
81231550024;II;Total Life comercio de produtos Medico-Hospitalar LTDA-EPP;SHANGHAI KINDLY MEDICAL INSTRUMENTS CO., LTD;CHINA, REPÚBLICA POPULAR
81231550025;II;Total Life comercio de produtos Medico-Hospitalar LTDA-EPP;SHANGHAI INT MEDICAL INSTRUMENTS CO.,LTD.;CHINA, REPÚBLICA POPULAR
81231550026;II;Total Life comercio de produtos Medico-Hospitalar LTDA-EPP;ZHEJIANG CHUANGXIANG MEDICAL TECHNOLOGY CO., LTD.;CHINA, REPÚBLICA POPULAR
81231550027;II;Total Life comercio de produtos Medico-Hospitalar LTDA-EPP;ZHEJIANG CHUANGXIANG MEDICAL TECHNOLOGY CO., LTD.;CHINA, REPÚBLICA POPULAR
81231550028;II;Total Life comercio de produtos Medico-Hospitalar LTDA-EPP;ZHEJIANG CHUANGXIANG MEDICAL TECHNOLOGY CO., LTD.;CHINA, REPÚBLICA POPULAR
81231550029;II;Total Life comercio de produtos Medico-Hospitalar LTDA-EPP;ZHEJIANG CHUANGXIANG MEDICAL TECHNOLOGY CO., LTD.;CHINA, REPÚBLICA POPULAR
81231550030;II;Total Life comercio de produtos Medico-Hospitalar LTDA-EPP;ZHEJIANG CHUANGXIANG MEDICAL TECHNOLOGY CO., LTD.;CHINA, REPÚBLICA POPULAR
81231550031;II;Total Life comercio de produtos Medico-Hospitalar LTDA-EPP;HANGZHOU AGS MEDTECH CO. , LTD.;CHINA, REPÚBLICA POPULAR
81231550032;I;Total Life comercio de produtos Medico-Hospitalar LTDA-EPP;ZHEJIANG CHUANGXIANG MEDICAL TECHNOLOGY CO., LTD.;CHINA, REPÚBLICA POPULAR
81231550033;II;Total Life comercio de produtos Medico-Hospitalar LTDA-EPP;HANGZHOU AGS MEDTECH CO., LTD.;CHINA, REPÚBLICA POPULAR
81231550034;II;Total Life comercio de produtos Medico-Hospitalar LTDA-EPP;HANGZHOU AGS MEDTECH CO., LTD.;CHINA, REPÚBLICA POPULAR
81231550035;I;Total Life comercio de produtos Medico-Hospitalar LTDA-EPP;ZHEJIANG CHUANGXIANG MEDICAL TECHNOLOGY CO., LTD.;CHINA, REPÚBLICA POPULAR
81231550036;II;Total Life comercio de produtos Medico-Hospitalar LTDA-EPP;ZHEJIANG CHUANGXIANG MEDICAL TECHNOLOGY CO., LTD.;CHINA, REPÚBLICA POPULAR
81231550037;I;Total Life comercio de produtos Medico-Hospitalar LTDA-EPP;ZHEJIANG CHUANGXIANG MEDICAL TECHNOLOGY CO., LTD.;CHINA, REPÚBLICA POPULAR
81231550038;II;Total Life comercio de produtos Medico-Hospitalar LTDA-EPP;YILSON MEDICAL;CHINA, REPÚBLICA POPULAR
81231550039;II;Total Life comercio de produtos Medico-Hospitalar LTDA-EPP;YILSON MEDICAL TECHNOLOGY CO., LTD.;CHINA, REPÚBLICA POPULAR
81231550040;II;Total Life comercio de produtos Medico-Hospitalar LTDA-EPP;YILSON MEDICAL TECHNOLOGY CO., LTD.;CHINA, REPÚBLICA POPULAR
81231550041;II;Total Life comercio de produtos Medico-Hospitalar LTDA-EPP;YILSON MEDICAL TECHNOLOGY CO., LTD.;CHINA, REPÚBLICA POPULAR
81231550042;II;Total Life comercio de produtos Medico-Hospitalar LTDA-EPP;YILSON MEDICAL TECHNOLOGY CO., LTD.;CHINA, REPÚBLICA POPULAR
81231550043;II;Total Life comercio de produtos Medico-Hospitalar LTDA-EPP;Ningbo Multi-Way Medical Co. LTD.;CHINA, REPÚBLICA POPULAR
81231550044;II;Total Life comercio de produtos Medico-Hospitalar LTDA-EPP;HANGZHOU AGS MEDTECH CO., LTD.;CHINA, REPÚBLICA POPULAR
81231550045;II;Total Life comercio de produtos Medico-Hospitalar LTDA-EPP;HANGZHOU AGS MEDTECH CO. , LTD.;CHINA, REPÚBLICA POPULAR
81231550046;II;Total Life comercio de produtos Medico-Hospitalar LTDA-EPP;HANGZHOU AGS MEDTECH CO., LTD.;CHINA, REPÚBLICA POPULAR
81231550047;I;Total Life comercio de produtos Medico-Hospitalar LTDA-EPP;SHANGHAI KINDLY MEDICAL INSTRUMENTS CO., LTD;CHINA, REPÚBLICA POPULAR
81231550049;II;Total Life comercio de produtos Medico-Hospitalar LTDA-EPP;APT MEDICAL INC;CHINA, REPÚBLICA POPULAR
81231550050;I;Total Life comercio de produtos Medico-Hospitalar LTDA-EPP;SHANGHAI KINDLY MEDICAL INSTRUMENTS CO., LTD;CHINA, REPÚBLICA POPULAR
81231550052;II;Total Life comercio de produtos Medico-Hospitalar LTDA-EPP;PIOLAX MEDICAL DEVICES, Inc.;JAPÃO
81231550053;II;Total Life comercio de produtos Medico-Hospitalar LTDA-EPP;SHANGHAI KINDLY MEDICAL INSTRUMENTS CO., LTD;CHINA, REPÚBLICA POPULAR
81231550054;II;Total Life comercio de produtos Medico-Hospitalar LTDA-EPP;WEIHAI STRONG MEDICAL SCI.-TECH.CO.,LTD.;CHINA, REPÚBLICA POPULAR
81231550055;II;Total Life comercio de produtos Medico-Hospitalar LTDA-EPP;WEIHAI STRONG MEDICAL SCI.-TECH.CO.,LTD.;CHINA, REPÚBLICA POPULAR
81231550056;II;Total Life comercio de produtos Medico-Hospitalar LTDA-EPP;SHANGHAI KINDLY MEDICAL INSTRUMENTS CO., LTD;CHINA, REPÚBLICA POPULAR
81231550057;I;Total Life comercio de produtos Medico-Hospitalar LTDA-EPP;YILSON MEDICAL TECHNOLOGY CO., LTD.;CHINA, REPÚBLICA POPULAR
81231550058;II;Total Life comercio de produtos Medico-Hospitalar LTDA-EPP;YILSON MEDICAL TECHNOLOGY CO., LTD.;CHINA, REPÚBLICA POPULAR
81231550059;II;Total Life comercio de produtos Medico-Hospitalar LTDA-EPP;YILSON MEDICAL TECHNOLOGY CO., LTD.;CHINA, REPÚBLICA POPULAR
81231550060;II;Total Life comercio de produtos Medico-Hospitalar LTDA-EPP;SHANGHAI KINDLY MEDICAL INSTRUMENTS CO., LTD;CHINA, REPÚBLICA POPULAR
81231550061;II;Total Life comercio de produtos Medico-Hospitalar LTDA-EPP;PIOLAX MEDICAL DEVICES, Inc.;JAPÃO
81231550062;II;Total Life comercio de produtos Medico-Hospitalar LTDA-EPP;PIOLAX MEDICAL DEVICES, Inc.;JAPÃO
81231550063;II;Total Life comercio de produtos Medico-Hospitalar LTDA-EPP;EPFLEX FEINWERKTECHNIK GMBH;ALEMANHA
81231550064;II;Total Life comercio de produtos Medico-Hospitalar LTDA-EPP;SHANGHAI INT MEDICAL INSTRUMENTS CO., LTD;CHINA, REPÚBLICA POPULAR
81231550065;II;Total Life comercio de produtos Medico-Hospitalar LTDA-EPP;SHANGHAI INT MEDICAL INSTRUMENTS CO.,LTD.;CHINA, REPÚBLICA POPULAR
81231550066;II;Total Life comercio de produtos Medico-Hospitalar LTDA-EPP;PIOLAX MEDICAL DEVICES, Inc.;JAPÃO
81231550067;II;Total Life comercio de produtos Medico-Hospitalar LTDA-EPP;BROSMED MEDICAL CO., LTD;CHINA, REPÚBLICA POPULAR
81231550068;II;Total Life comercio de produtos Medico-Hospitalar LTDA-EPP;BROSMED MEDICAL CO., LTD;CHINA, REPÚBLICA POPULAR
81231550069;II;Total Life comercio de produtos Medico-Hospitalar LTDA-EPP;SEJONG MEDICAL CO. LTD.;CORÉIA DO SUL
81231550070;II;Total Life comercio de produtos Medico-Hospitalar LTDA-EPP;SEJONG MEDICAL CO. LTD.;CORÉIA DO SUL
81231550071;II;Total Life comercio de produtos Medico-Hospitalar LTDA-EPP;SEJONG MEDICAL CO. LTD.;CORÉIA DO SUL
81231550072;II;Total Life comercio de produtos Medico-Hospitalar LTDA-EPP;SEJONG MEDICAL CO. LTD.;CORÉIA DO SUL
81231550073;I;Total Life comercio de produtos Medico-Hospitalar LTDA-EPP;BROSMED MEDICAL CO., LTD;CHINA, REPÚBLICA POPULAR
81231550074;I;Total Life comercio de produtos Medico-Hospitalar LTDA-EPP;BROSMED MEDICAL CO., LTD;CHINA, REPÚBLICA POPULAR
81231550075;I;Total Life comercio de produtos Medico-Hospitalar LTDA-EPP;BROSMED MEDICAL CO., LTD;CHINA, REPÚBLICA POPULAR
81231550076;I;Total Life comercio de produtos Medico-Hospitalar LTDA-EPP;SHANGHAI KINDLY MEDICAL INSTRUMENTS CO., LTD;CHINA, REPÚBLICA POPULAR
81231550077;I;Total Life comercio de produtos Medico-Hospitalar LTDA-EPP;BROSMED MEDICAL CO., LTD;CHINA, REPÚBLICA POPULAR
81231550078;I;Total Life comercio de produtos Medico-Hospitalar LTDA-EPP;EXCELLENTCARE MEDICAL (HUIZHOU) LTD;CHINA, REPÚBLICA POPULAR
81231550079;I;Total Life comercio de produtos Medico-Hospitalar LTDA-EPP;BROSMED MEDICAL CO., LTD;CHINA, REPÚBLICA POPULAR
81231550081;IV;Total Life comercio de produtos Medico-Hospitalar LTDA-EPP;;
81231550081;IV;Total Life comercio de produtos Medico-Hospitalar LTDA-EPP;SHANGHAI KINDLY MEDICAL INSTRUMENTS CO., LTD;CHINA, REPÚBLICA POPULAR
81231550082;IV;Total Life comercio de produtos Medico-Hospitalar LTDA-EPP;;
81231550082;IV;Total Life comercio de produtos Medico-Hospitalar LTDA-EPP;SHANGHAI KINDLY MEDICAL INSTRUMENTS CO., LTD;CHINA, REPÚBLICA POPULAR
81231550083;IV;Total Life comercio de produtos Medico-Hospitalar LTDA-EPP;;
81231550083;IV;Total Life comercio de produtos Medico-Hospitalar LTDA-EPP;SHANGHAI KINDLY MEDICAL INSTRUMENTS CO., LTD.;CHINA, REPÚBLICA POPULAR
81231550085;IV;Total Life comercio de produtos Medico-Hospitalar LTDA-EPP;;
81231550085;IV;Total Life comercio de produtos Medico-Hospitalar LTDA-EPP;SHANGHAI KINDLY MEDICAL INSTRUMENTS CO., LTD;CHINA, REPÚBLICA POPULAR
81231559001;II;Total Life comercio de produtos Medico-Hospitalar LTDA-EPP;SEJONG MEDICAL CO. LTD.;CORÉIA DO SUL
81231559002;II;Total Life comercio de produtos Medico-Hospitalar LTDA-EPP;SEJONG MEDICAL CO. LTD.;CORÉIA DO SUL
81231559003;II;Total Life comercio de produtos Medico-Hospitalar LTDA-EPP;SEJONG MEDICAL CO. LTD.;CORÉIA DO SUL
81231559004;II;Total Life comercio de produtos Medico-Hospitalar LTDA-EPP;SEJONG MEDICAL CO. LTD.;CORÉIA DO SUL
81231559005;II;Total Life comercio de produtos Medico-Hospitalar LTDA-EPP;SEJONG MEDICAL CO. LTD.;CORÉIA DO SUL
81231559006;II;Total Life comercio de produtos Medico-Hospitalar LTDA-EPP;SEJONG MEDICAL CO. LTD.;CORÉIA DO SUL
81231559007;II;Total Life comercio de produtos Medico-Hospitalar LTDA-EPP;SEJONG MEDICAL CO. LTD.;CORÉIA DO SUL
81231559008;II;Total Life comercio de produtos Medico-Hospitalar LTDA-EPP;SEJONG MEDICAL CO. LTD.;CORÉIA DO SUL
81231559009;II;Total Life comercio de produtos Medico-Hospitalar LTDA-EPP;SHANGHAI INT MEDICAL INSTRUMENTS CO.,LTD.;CHINA, REPÚBLICA POPULAR
81231559010;II;Total Life comercio de produtos Medico-Hospitalar LTDA-EPP;BROSMED MEDICAL CO., LTD;CHINA, REPÚBLICA POPULAR
81231559011;II;Total Life comercio de produtos Medico-Hospitalar LTDA-EPP;BROSMED MEDICAL CO., LTD;CHINA, REPÚBLICA POPULAR
81231559012;II;Total Life comercio de produtos Medico-Hospitalar LTDA-EPP;BROSMED MEDICAL CO., LTD;CHINA, REPÚBLICA POPULAR
81231559013;II;Total Life comercio de produtos Medico-Hospitalar LTDA-EPP;BROSMED MEDICAL CO., LTD;CHINA, REPÚBLICA POPULAR
81231559014;II;Total Life comercio de produtos Medico-Hospitalar LTDA-EPP;BROSMED MEDICAL CO., LTD;CHINA, REPÚBLICA POPULAR
81231559015;II;Total Life comercio de produtos Medico-Hospitalar LTDA-EPP;PIOLAX MEDICAL DEVICES, Inc.;JAPÃO
81231559016;II;Total Life comercio de produtos Medico-Hospitalar LTDA-EPP;BROSMED MEDICAL CO., LTD;CHINA, REPÚBLICA POPULAR
81231559017;II;Total Life comercio de produtos Medico-Hospitalar LTDA-EPP;BROSMED MEDICAL CO., LTD;CHINA, REPÚBLICA POPULAR
81231559018;II;Total Life comercio de produtos Medico-Hospitalar LTDA-EPP;BROSMED MEDICAL CO., LTD;CHINA, REPÚBLICA POPULAR
81231559019;II;Total Life comercio de produtos Medico-Hospitalar LTDA-EPP;ZHEJIANG BARTY MEDICAL TECHNOLOGY CO., LTD;CHINA, REPÚBLICA POPULAR
81231559020;II;Total Life comercio de produtos Medico-Hospitalar LTDA-EPP;BROSMED MEDICAL CO., LTD;CHINA, REPÚBLICA POPULAR
81231559021;II;Total Life comercio de produtos Medico-Hospitalar LTDA-EPP;ZHEJIANG BARTY MEDICAL TECHNOLOGY CO., LTD;CHINA, REPÚBLICA POPULAR
81231559022;II;Total Life comercio de produtos Medico-Hospitalar LTDA-EPP;BROSMED MEDICAL CO., LTD;CHINA, REPÚBLICA POPULAR
81231559023;II;Total Life comercio de produtos Medico-Hospitalar LTDA-EPP;BROSMED MEDICAL CO., LTD;CHINA, REPÚBLICA POPULAR
81231559024;II;Total Life comercio de produtos Medico-Hospitalar LTDA-EPP;BROSMED MEDICAL CO., LTD;CHINA, REPÚBLICA POPULAR
81231559025;II;Total Life comercio de produtos Medico-Hospitalar LTDA-EPP;BROSMED MEDICAL CO., LTD;CHINA, REPÚBLICA POPULAR
81231559026;II;Total Life comercio de produtos Medico-Hospitalar LTDA-EPP;ZHEJIANG BARTY MEDICAL TECHNOLOGY CO., LTD;CHINA, REPÚBLICA POPULAR
81231559027;II;Total Life comercio de produtos Medico-Hospitalar LTDA-EPP;ZHEJIANG BARTY MEDICAL TECHNOLOGY CO., LTD.;CHINA, REPÚBLICA POPULAR
81231559028;II;Total Life comercio de produtos Medico-Hospitalar LTDA-EPP;ZHEJIANG BARTY MEDICAL TECHNOLOGY CO., LTD.;CHINA, REPÚBLICA POPULAR
81231559029;II;Total Life comercio de produtos Medico-Hospitalar LTDA-EPP;ZHEJIANG BARTY MEDICAL TECHNOLOGY CO., LTD.;CHINA, REPÚBLICA POPULAR
81231559030;II;Total Life comercio de produtos Medico-Hospitalar LTDA-EPP;ZHEJIANG BARTY MEDICAL TECHNOLOGY CO., LTD.;CHINA, REPÚBLICA POPULAR
81231559031;II;Total Life comercio de produtos Medico-Hospitalar LTDA-EPP;ZHEJIANG BARTY MEDICAL TECHNOLOGY CO., LTD;CHINA, REPÚBLICA POPULAR
81231559032;II;Total Life comercio de produtos Medico-Hospitalar LTDA-EPP;ZHEJIANG BARTY MEDICAL TECHNOLOGY CO., LTD.;CHINA, REPÚBLICA POPULAR
81231559033;II;Total Life comercio de produtos Medico-Hospitalar LTDA-EPP;ZHEJIANG BARTY MEDICAL TECHNOLOGY CO., LTD.;CHINA, REPÚBLICA POPULAR
81231559034;II;Total Life comercio de produtos Medico-Hospitalar LTDA-EPP;ZHEJIANG BARTY MEDICAL TECHNOLOGY CO., LTD;CHINA, REPÚBLICA POPULAR
81231559035;II;Total Life comercio de produtos Medico-Hospitalar LTDA-EPP;ZHEJIANG BARTY MEDICAL TECHNOLOGY CO., LTD.;CHINA, REPÚBLICA POPULAR
81231559036;II;Total Life comercio de produtos Medico-Hospitalar LTDA-EPP;ZHEJIANG BARTY MEDICAL TECHNOLOGY CO., LTD.;CHINA, REPÚBLICA POPULAR
81231559037;II;Total Life comercio de produtos Medico-Hospitalar LTDA-EPP;SHANGHAI INT MEDICAL INSTRUMENTS CO.,LTD.;CHINA, REPÚBLICA POPULAR
81231559038;II;Total Life comercio de produtos Medico-Hospitalar LTDA-EPP;APT MEDICAL INC.;CHINA, REPÚBLICA POPULAR
81231559039;II;Total Life comercio de produtos Medico-Hospitalar LTDA-EPP;CHENGDU DAXAN INNOVATIVE MEDICAL TECH. CO.,LTD;CHINA, REPÚBLICA POPULAR
81231559040;II;Total Life comercio de produtos Medico-Hospitalar LTDA-EPP;CHENGDU DAXAN INNOVATIVE MEDICAL TECH. CO.,LTD;CHINA, REPÚBLICA POPULAR
81231559041;II;Total Life comercio de produtos Medico-Hospitalar LTDA-EPP;CHENGDU DAXAN INNOVATIVE MEDICAL TECH. CO.,LTD;CHINA, REPÚBLICA POPULAR
81231559042;II;Total Life comercio de produtos Medico-Hospitalar LTDA-EPP;CHENGDU DAXAN INNOVATIVE MEDICAL TECH. CO.,LTD;CHINA, REPÚBLICA POPULAR
81231559043;II;Total Life comercio de produtos Medico-Hospitalar LTDA-EPP;CHENGDU DAXAN INNOVATIVE MEDICAL TECH. CO.,LTD;CHINA, REPÚBLICA POPULAR
81231559044;II;Total Life comercio de produtos Medico-Hospitalar LTDA-EPP;GAMASTECH SRL;ITÁLIA
81231559045;II;Total Life comercio de produtos Medico-Hospitalar LTDA-EPP;GAMASTECH SRL;ITÁLIA
81231559047;II;Total Life comercio de produtos Medico-Hospitalar LTDA-EPP;BROSMED MEDICAL CO., LTD;CHINA, REPÚBLICA POPULAR
81231559048;II;Total Life comercio de produtos Medico-Hospitalar LTDA-EPP;TECHNOCAST OTOMOTIV SAN VE TIC. A.S.;TURQUIA
81231559049;II;Total Life comercio de produtos Medico-Hospitalar LTDA-EPP;TECHNOCAST OTOMOTIV SAN VE TIC. A.S.;TURQUIA
81231559050;II;Total Life comercio de produtos Medico-Hospitalar LTDA-EPP;TECHNOCAST OTOMOTIV SAN VE TIC. A.S.;TURQUIA
81231559051;II;Total Life comercio de produtos Medico-Hospitalar LTDA-EPP;TECHNOCAST OTOMOTIV SAN VE TIC. A.S.;TURQUIA
81231559052;II;Total Life comercio de produtos Medico-Hospitalar LTDA-EPP;CHENGDU DAXAN INNOVATIVE MEDICAL TECH. CO.,LTD;CHINA, REPÚBLICA POPULAR
81231559053;II;Total Life comercio de produtos Medico-Hospitalar LTDA-EPP;CHENGDU DAXAN INNOVATIVE MEDICAL TECH. CO.,LTD;CHINA, REPÚBLICA POPULAR
81231559054;II;Total Life comercio de produtos Medico-Hospitalar LTDA-EPP;TECHNOCAST OTOMOTIV SAN VE TIC. A.S.;TURQUIA
81231559055;II;Total Life comercio de produtos Medico-Hospitalar LTDA-EPP;TECHNOCAST OTOMOTIV SAN VE TIC. A.S.;TURQUIA
81231559056;II;Total Life comercio de produtos Medico-Hospitalar LTDA-EPP;TECHNOCAST OTOMOTIV SAN VE TIC. A.S.;TURQUIA
81231559057;II;Total Life comercio de produtos Medico-Hospitalar LTDA-EPP;SEJONG MEDICAL CO. LTD.;CORÉIA DO SUL
81231559058;II;Total Life comercio de produtos Medico-Hospitalar LTDA-EPP;SEJONG MEDICAL CO. LTD.;CORÉIA DO SUL
81231559059;II;Total Life comercio de produtos Medico-Hospitalar LTDA-EPP;TECHNOCAST OTOMOTIV SAN VE TIC. A.S.;TURQUIA
81231559060;II;Total Life comercio de produtos Medico-Hospitalar LTDA-EPP;SHANGHAI INT MEDICAL INSTRUMENTS CO., LTD;CHINA, REPÚBLICA POPULAR
81231559061;II;Total Life comercio de produtos Medico-Hospitalar LTDA-EPP;TECHNOCAST OTOMOTIV SAN VE TIC. A.S.;TURQUIA
81231559062;II;Total Life comercio de produtos Medico-Hospitalar LTDA-EPP;SHANGHAI INT MEDICAL INSTRUMENTS CO.,LTD.;CHINA, REPÚBLICA POPULAR
81231559063;II;Total Life comercio de produtos Medico-Hospitalar LTDA-EPP;SHANGHAI INT MEDICAL INSTRUMENTS CO.,LTD.;CHINA, REPÚBLICA POPULAR
81231559064;II;Total Life comercio de produtos Medico-Hospitalar LTDA-EPP;SHANGHAI INT MEDICAL INSTRUMENTS CO., LTD;CHINA, REPÚBLICA POPULAR
81231559065;II;Total Life comercio de produtos Medico-Hospitalar LTDA-EPP;SEJONG MEDICAL CO. LTD.;CORÉIA DO SUL
81231559066;II;Total Life comercio de produtos Medico-Hospitalar LTDA-EPP;BIO COMPRESSION SYSTEMS, INC.;ESTADOS UNIDOS DA AMÉRICA
81158510001;II;TOTAL MEDICAL BRASIL INDUSTRIA E COMERCIO DE PRODUTOS MEDICO-HOSPITALARES LTDA;TOTAL MEDICAL BRASIL INDUSTRIA E COMERCIO DE PRODUTOS MEDICO-HOSPITALARES LTDA;BRASIL
81158510002;II;TOTAL MEDICAL BRASIL INDUSTRIA E COMERCIO DE PRODUTOS MEDICO-HOSPITALARES LTDA;TOTAL MEDICAL BRASIL INDUSTRIA E COMERCIO DE PRODUTOS MEDICO-HOSPITALARES LTDA;BRASIL
81158510003;II;TOTAL MEDICAL BRASIL INDUSTRIA E COMERCIO DE PRODUTOS MEDICO-HOSPITALARES LTDA;TOTAL MEDICAL BRASIL INDUSTRIA E COMERCIO DE PRODUTOS MEDICO-HOSPITALARES LTDA;BRASIL
81158510004;II;TOTAL MEDICAL BRASIL INDUSTRIA E COMERCIO DE PRODUTOS MEDICO-HOSPITALARES LTDA;TOTAL MEDICAL BRASIL INDUSTRIA E COMERCIO DE PRODUTOS MEDICO-HOSPITALARES LTDA;BRASIL
81158510005;II;TOTAL MEDICAL BRASIL INDUSTRIA E COMERCIO DE PRODUTOS MEDICO-HOSPITALARES LTDA;TOTAL MEDICAL BRASIL INDUSTRIA E COMERCIO DE PRODUTOS MEDICO-HOSPITALARES LTDA;BRASIL
81158510006;II;TOTAL MEDICAL BRASIL INDUSTRIA E COMERCIO DE PRODUTOS MEDICO-HOSPITALARES LTDA;TOTAL MEDICAL BRASIL INDUSTRIA E COMERCIO DE PRODUTOS MEDICO-HOSPITALARES LTDA;BRASIL
81158510008;II;TOTAL MEDICAL BRASIL INDUSTRIA E COMERCIO DE PRODUTOS MEDICO-HOSPITALARES LTDA;TOTAL MEDICAL BRASIL INDUSTRIA E COMERCIO DE PRODUTOS MEDICO-HOSPITALARES LTDA;BRASIL
81158510009;II;TOTAL MEDICAL BRASIL INDUSTRIA E COMERCIO DE PRODUTOS MEDICO-HOSPITALARES LTDA;TOTAL MEDICAL BRASIL INDUSTRIA E COMERCIO DE PRODUTOS MEDICO-HOSPITALARES LTDA;BRASIL
81158510010;II;TOTAL MEDICAL BRASIL INDUSTRIA E COMERCIO DE PRODUTOS MEDICO-HOSPITALARES LTDA;TOTAL MEDICAL BRASIL INDUSTRIA E COMERCIO DE PRODUTOS MEDICO-HOSPITALARES LTDA;BRASIL
81158510011;II;TOTAL MEDICAL BRASIL INDUSTRIA E COMERCIO DE PRODUTOS MEDICO-HOSPITALARES LTDA;TOTAL MEDICAL BRASIL INDUSTRIA E COMERCIO DE PRODUTOS MEDICO-HOSPITALARES LTDA;BRASIL
81158510012;II;TOTAL MEDICAL BRASIL INDUSTRIA E COMERCIO DE PRODUTOS MEDICO-HOSPITALARES LTDA;TOTAL MEDICAL BRASIL INDUSTRIA E COMERCIO DE PRODUTOS MEDICO-HOSPITALARES LTDA;BRASIL
81158510013;II;TOTAL MEDICAL BRASIL INDUSTRIA E COMERCIO DE PRODUTOS MEDICO-HOSPITALARES LTDA;TOTAL MEDICAL BRASIL INDUSTRIA E COMERCIO DE PRODUTOS MEDICO-HOSPITALARES LTDA;BRASIL
81158510014;II;TOTAL MEDICAL BRASIL INDUSTRIA E COMERCIO DE PRODUTOS MEDICO-HOSPITALARES LTDA;TOTAL MEDICAL BRASIL INDUSTRIA E COMERCIO DE PRODUTOS MEDICO-HOSPITALARES LTDA;BRASIL
81158510015;II;TOTAL MEDICAL BRASIL INDUSTRIA E COMERCIO DE PRODUTOS MEDICO-HOSPITALARES LTDA;TOTAL MEDICAL BRASIL INDUSTRIA E COMERCIO DE PRODUTOS MEDICO-HOSPITALARES LTDA;BRASIL
81158510016;II;TOTAL MEDICAL BRASIL INDUSTRIA E COMERCIO DE PRODUTOS MEDICO-HOSPITALARES LTDA;TOTAL MEDICAL BRASIL INDUSTRIA E COMERCIO DE PRODUTOS MEDICO-HOSPITALARES LTDA;BRASIL
81158510017;I;TOTAL MEDICAL BRASIL INDUSTRIA E COMERCIO DE PRODUTOS MEDICO-HOSPITALARES LTDA;TOTAL MEDICAL BRASIL INDUSTRIA E COMERCIO DE PRODUTOS MEDICO-HOSPITALARES LTDA;BRASIL
81158510018;IV;TOTAL MEDICAL BRASIL INDUSTRIA E COMERCIO DE PRODUTOS MEDICO-HOSPITALARES LTDA;TOTAL MEDICAL BRASIL INDUSTRIA E COMERCIO DE PRODUTOS MEDICO-HOSPITALARES LTDA;BRASIL
81158510019;II;TOTAL MEDICAL BRASIL INDUSTRIA E COMERCIO DE PRODUTOS MEDICO-HOSPITALARES LTDA;TOTAL MEDICAL BRASIL INDUSTRIA E COMERCIO DE PRODUTOS MEDICO-HOSPITALARES LTDA;BRASIL
81158510020;II;TOTAL MEDICAL BRASIL INDUSTRIA E COMERCIO DE PRODUTOS MEDICO-HOSPITALARES LTDA;TOTAL MEDICAL BRASIL INDUSTRIA E COMERCIO DE PRODUTOS MEDICO-HOSPITALARES LTDA;BRASIL
81158510022;II;TOTAL MEDICAL BRASIL INDUSTRIA E COMERCIO DE PRODUTOS MEDICO-HOSPITALARES LTDA;TOTAL MEDICAL BRASIL INDUSTRIA E COMERCIO DE PRODUTOS MEDICO-HOSPITALARES LTDA;BRASIL
81158510024;II;TOTAL MEDICAL BRASIL INDUSTRIA E COMERCIO DE PRODUTOS MEDICO-HOSPITALARES LTDA;TOTAL MEDICAL BRASIL INDUSTRIA E COMERCIO DE PRODUTOS MEDICO-HOSPITALARES LTDA;BRASIL
81158510026;II;TOTAL MEDICAL BRASIL INDUSTRIA E COMERCIO DE PRODUTOS MEDICO-HOSPITALARES LTDA;TOTAL MEDICAL BRASIL INDUSTRIA E COMERCIO DE PRODUTOS MEDICO-HOSPITALARES LTDA;BRASIL
81158510027;III;TOTAL MEDICAL BRASIL INDUSTRIA E COMERCIO DE PRODUTOS MEDICO-HOSPITALARES LTDA;TOTAL MEDICAL BRASIL INDUSTRIA E COMERCIO DE PRODUTOS MEDICO-HOSPITALARES LTDA;BRASIL
81158510028;IV;TOTAL MEDICAL BRASIL INDUSTRIA E COMERCIO DE PRODUTOS MEDICO-HOSPITALARES LTDA;TOTAL MEDICAL BRASIL INDUSTRIA E COMERCIO DE PRODUTOS MEDICO-HOSPITALARES LTDA;BRASIL
81158510029;IV;TOTAL MEDICAL BRASIL INDUSTRIA E COMERCIO DE PRODUTOS MEDICO-HOSPITALARES LTDA;TOTAL MEDICAL BRASIL INDUSTRIA E COMERCIO DE PRODUTOS MEDICO-HOSPITALARES LTDA;BRASIL
81158510030;IV;TOTAL MEDICAL BRASIL INDUSTRIA E COMERCIO DE PRODUTOS MEDICO-HOSPITALARES LTDA;TOTAL MEDICAL BRASIL INDUSTRIA E COMERCIO DE PRODUTOS MEDICO-HOSPITALARES LTDA;BRASIL
81158510031;IV;TOTAL MEDICAL BRASIL INDUSTRIA E COMERCIO DE PRODUTOS MEDICO-HOSPITALARES LTDA;TOTAL MEDICAL BRASIL INDUSTRIA E COMERCIO DE PRODUTOS MEDICO-HOSPITALARES LTDA;BRASIL
81158510032;IV;TOTAL MEDICAL BRASIL INDUSTRIA E COMERCIO DE PRODUTOS MEDICO-HOSPITALARES LTDA;TOTAL MEDICAL BRASIL INDUSTRIA E COMERCIO DE PRODUTOS MEDICO-HOSPITALARES LTDA;BRASIL
81158510033;IV;TOTAL MEDICAL BRASIL INDUSTRIA E COMERCIO DE PRODUTOS MEDICO-HOSPITALARES LTDA;TOTAL MEDICAL BRASIL INDUSTRIA E COMERCIO DE PRODUTOS MEDICO-HOSPITALARES LTDA;BRASIL
81158510034;IV;TOTAL MEDICAL BRASIL INDUSTRIA E COMERCIO DE PRODUTOS MEDICO-HOSPITALARES LTDA;TOTAL MEDICAL BRASIL INDUSTRIA E COMERCIO DE PRODUTOS MEDICO-HOSPITALARES LTDA;BRASIL
81158510035;IV;TOTAL MEDICAL BRASIL INDUSTRIA E COMERCIO DE PRODUTOS MEDICO-HOSPITALARES LTDA;TOTAL MEDICAL BRASIL INDUSTRIA E COMERCIO DE PRODUTOS MEDICO-HOSPITALARES LTDA;BRASIL
81158510036;IV;TOTAL MEDICAL BRASIL INDUSTRIA E COMERCIO DE PRODUTOS MEDICO-HOSPITALARES LTDA;TOTAL MEDICAL BRASIL INDUSTRIA E COMERCIO DE PRODUTOS MEDICO-HOSPITALARES LTDA;BRASIL
81158510037;III;TOTAL MEDICAL BRASIL INDUSTRIA E COMERCIO DE PRODUTOS MEDICO-HOSPITALARES LTDA;TOTAL MEDICAL BRASIL INDUSTRIA E COMERCIO DE PRODUTOS MEDICO-HOSPITALARES LTDA;BRASIL
81158510038;III;TOTAL MEDICAL BRASIL INDUSTRIA E COMERCIO DE PRODUTOS MEDICO-HOSPITALARES LTDA;TOTAL MEDICAL BRASIL INDUSTRIA E COMERCIO DE PRODUTOS MEDICO-HOSPITALARES LTDA;BRASIL
81158510039;III;TOTAL MEDICAL BRASIL INDUSTRIA E COMERCIO DE PRODUTOS MEDICO-HOSPITALARES LTDA;TOTAL MEDICAL BRASIL INDUSTRIA E COMERCIO DE PRODUTOS MEDICO-HOSPITALARES LTDA;BRASIL
81158510040;III;TOTAL MEDICAL BRASIL INDUSTRIA E COMERCIO DE PRODUTOS MEDICO-HOSPITALARES LTDA;TOTAL MEDICAL BRASIL INDUSTRIA E COMERCIO DE PRODUTOS MEDICO-HOSPITALARES LTDA;BRASIL
81158510041;IV;TOTAL MEDICAL BRASIL INDUSTRIA E COMERCIO DE PRODUTOS MEDICO-HOSPITALARES LTDA;TOTAL MEDICAL BRASIL INDUSTRIA E COMERCIO DE PRODUTOS MEDICO-HOSPITALARES LTDA;BRASIL
81158510042;IV;TOTAL MEDICAL BRASIL INDUSTRIA E COMERCIO DE PRODUTOS MEDICO-HOSPITALARES LTDA;TOTAL MEDICAL BRASIL INDUSTRIA E COMERCIO DE PRODUTOS MEDICO-HOSPITALARES LTDA;BRASIL
81158510043;IV;TOTAL MEDICAL BRASIL INDUSTRIA E COMERCIO DE PRODUTOS MEDICO-HOSPITALARES LTDA;TOTAL MEDICAL BRASIL INDUSTRIA E COMERCIO DE PRODUTOS MEDICO-HOSPITALARES LTDA;BRASIL
81158510044;IV;TOTAL MEDICAL BRASIL INDUSTRIA E COMERCIO DE PRODUTOS MEDICO-HOSPITALARES LTDA;TOTAL MEDICAL BRASIL INDUSTRIA E COMERCIO DE PRODUTOS MEDICO-HOSPITALARES LTDA;BRASIL
81158510045;IV;TOTAL MEDICAL BRASIL INDUSTRIA E COMERCIO DE PRODUTOS MEDICO-HOSPITALARES LTDA;TOTAL MEDICAL BRASIL INDUSTRIA E COMERCIO DE PRODUTOS MEDICO-HOSPITALARES LTDA;BRASIL
81158510046;IV;TOTAL MEDICAL BRASIL INDUSTRIA E COMERCIO DE PRODUTOS MEDICO-HOSPITALARES LTDA;TOTAL MEDICAL BRASIL INDUSTRIA E COMERCIO DE PRODUTOS MEDICO-HOSPITALARES LTDA;BRASIL
81158510047;IV;TOTAL MEDICAL BRASIL INDUSTRIA E COMERCIO DE PRODUTOS MEDICO-HOSPITALARES LTDA;TOTAL MEDICAL BRASIL INDUSTRIA E COMERCIO DE PRODUTOS MEDICO-HOSPITALARES LTDA;BRASIL
81158510048;III;TOTAL MEDICAL BRASIL INDUSTRIA E COMERCIO DE PRODUTOS MEDICO-HOSPITALARES LTDA;TOTAL MEDICAL BRASIL INDUSTRIA E COMERCIO DE PRODUTOS MEDICO-HOSPITALARES LTDA;BRASIL
81158510049;IV;TOTAL MEDICAL BRASIL INDUSTRIA E COMERCIO DE PRODUTOS MEDICO-HOSPITALARES LTDA;TOTAL MEDICAL BRASIL INDUSTRIA E COMERCIO DE PRODUTOS MEDICO-HOSPITALARES LTDA;BRASIL
81158510050;IV;TOTAL MEDICAL BRASIL INDUSTRIA E COMERCIO DE PRODUTOS MEDICO-HOSPITALARES LTDA;TOTAL MEDICAL BRASIL INDUSTRIA E COMERCIO DE PRODUTOS MEDICO-HOSPITALARES LTDA;BRASIL
81158519001;II;TOTAL MEDICAL BRASIL INDUSTRIA E COMERCIO DE PRODUTOS MEDICO-HOSPITALARES LTDA;TOTAL MEDICAL BRASIL INDUSTRIA E COMERCIO DE PRODUTOS MEDICO-HOSPITALARES LTDA;BRASIL
81158519002;II;TOTAL MEDICAL BRASIL INDUSTRIA E COMERCIO DE PRODUTOS MEDICO-HOSPITALARES LTDA;TOTAL MEDICAL BRASIL INDUSTRIA E COMERCIO DE PRODUTOS MEDICO-HOSPITALARES LTDA;BRASIL
81158519003;II;TOTAL MEDICAL BRASIL INDUSTRIA E COMERCIO DE PRODUTOS MEDICO-HOSPITALARES LTDA;TOTAL MEDICAL BRASIL INDUSTRIA E COMERCIO DE PRODUTOS MEDICO-HOSPITALARES LTDA;BRASIL
81158519004;II;TOTAL MEDICAL BRASIL INDUSTRIA E COMERCIO DE PRODUTOS MEDICO-HOSPITALARES LTDA;TOTAL MEDICAL BRASIL INDUSTRIA E COMERCIO DE PRODUTOS MEDICO-HOSPITALARES LTDA;BRASIL
81158519005;II;TOTAL MEDICAL BRASIL INDUSTRIA E COMERCIO DE PRODUTOS MEDICO-HOSPITALARES LTDA;TOTAL MEDICAL BRASIL INDUSTRIA E COMERCIO DE PRODUTOS MEDICO-HOSPITALARES LTDA;BRASIL
81158519007;II;TOTAL MEDICAL BRASIL INDUSTRIA E COMERCIO DE PRODUTOS MEDICO-HOSPITALARES LTDA;TOTAL MEDICAL BRASIL INDUSTRIA E COMERCIO DE PRODUTOS MEDICO-HOSPITALARES LTDA;BRASIL
81158519008;II;TOTAL MEDICAL BRASIL INDUSTRIA E COMERCIO DE PRODUTOS MEDICO-HOSPITALARES LTDA;TOTAL MEDICAL BRASIL INDUSTRIA E COMERCIO DE PRODUTOS MEDICO-HOSPITALARES LTDA;BRASIL
81158519009;II;TOTAL MEDICAL BRASIL INDUSTRIA E COMERCIO DE PRODUTOS MEDICO-HOSPITALARES LTDA;TOTAL MEDICAL BRASIL INDUSTRIA E COMERCIO DE PRODUTOS MEDICO-HOSPITALARES LTDA;BRASIL
81158519010;II;TOTAL MEDICAL BRASIL INDUSTRIA E COMERCIO DE PRODUTOS MEDICO-HOSPITALARES LTDA;TOTAL MEDICAL BRASIL INDUSTRIA E COMERCIO DE PRODUTOS MEDICO-HOSPITALARES LTDA;BRASIL
81158519011;II;TOTAL MEDICAL BRASIL INDUSTRIA E COMERCIO DE PRODUTOS MEDICO-HOSPITALARES LTDA;TOTAL MEDICAL BRASIL INDUSTRIA E COMERCIO DE PRODUTOS MEDICO-HOSPITALARES LTDA;BRASIL
81158519012;II;TOTAL MEDICAL BRASIL INDUSTRIA E COMERCIO DE PRODUTOS MEDICO-HOSPITALARES LTDA;TOTAL MEDICAL BRASIL INDUSTRIA E COMERCIO DE PRODUTOS MEDICO-HOSPITALARES LTDA;BRASIL
81158519013;II;TOTAL MEDICAL BRASIL INDUSTRIA E COMERCIO DE PRODUTOS MEDICO-HOSPITALARES LTDA;TOTAL MEDICAL BRASIL INDUSTRIA E COMERCIO DE PRODUTOS MEDICO-HOSPITALARES LTDA;BRASIL
81158519014;II;TOTAL MEDICAL BRASIL INDUSTRIA E COMERCIO DE PRODUTOS MEDICO-HOSPITALARES LTDA;TOTAL MEDICAL BRASIL INDUSTRIA E COMERCIO DE PRODUTOS MEDICO-HOSPITALARES LTDA;BRASIL
81158519015;II;TOTAL MEDICAL BRASIL INDUSTRIA E COMERCIO DE PRODUTOS MEDICO-HOSPITALARES LTDA;TOTAL MEDICAL BRASIL INDUSTRIA E COMERCIO DE PRODUTOS MEDICO-HOSPITALARES LTDA;BRASIL
81158519016;II;TOTAL MEDICAL BRASIL INDUSTRIA E COMERCIO DE PRODUTOS MEDICO-HOSPITALARES LTDA;TOTAL MEDICAL BRASIL INDUSTRIA E COMERCIO DE PRODUTOS MEDICO-HOSPITALARES LTDA;BRASIL
81158519017;II;TOTAL MEDICAL BRASIL INDUSTRIA E COMERCIO DE PRODUTOS MEDICO-HOSPITALARES LTDA;TOTAL MEDICAL BRASIL INDUSTRIA E COMERCIO DE PRODUTOS MEDICO-HOSPITALARES LTDA;BRASIL
81158519018;II;TOTAL MEDICAL BRASIL INDUSTRIA E COMERCIO DE PRODUTOS MEDICO-HOSPITALARES LTDA;TOTAL MEDICAL BRASIL INDUSTRIA E COMERCIO DE PRODUTOS MEDICO-HOSPITALARES LTDA;BRASIL
81158519019;II;TOTAL MEDICAL BRASIL INDUSTRIA E COMERCIO DE PRODUTOS MEDICO-HOSPITALARES LTDA;TOTAL MEDICAL BRASIL INDUSTRIA E COMERCIO DE PRODUTOS MEDICO-HOSPITALARES LTDA;BRASIL
81158519020;II;TOTAL MEDICAL BRASIL INDUSTRIA E COMERCIO DE PRODUTOS MEDICO-HOSPITALARES LTDA;TOTAL MEDICAL BRASIL INDUSTRIA E COMERCIO DE PRODUTOS MEDICO-HOSPITALARES LTDA;BRASIL
81158519021;II;TOTAL MEDICAL BRASIL INDUSTRIA E COMERCIO DE PRODUTOS MEDICO-HOSPITALARES LTDA;TOTAL MEDICAL BRASIL INDUSTRIA E COMERCIO DE PRODUTOS MEDICO-HOSPITALARES LTDA;BRASIL
81158519022;II;TOTAL MEDICAL BRASIL INDUSTRIA E COMERCIO DE PRODUTOS MEDICO-HOSPITALARES LTDA;TOTAL MEDICAL BRASIL INDUSTRIA E COMERCIO DE PRODUTOS MEDICO-HOSPITALARES LTDA;BRASIL
81158519024;II;TOTAL MEDICAL BRASIL INDUSTRIA E COMERCIO DE PRODUTOS MEDICO-HOSPITALARES LTDA;TOTAL MEDICAL BRASIL INDUSTRIA E COMERCIO DE PRODUTOS MEDICO-HOSPITALARES LTDA;BRASIL
82705390002;I;TOTAL SUPRI COMERCIO IMPORTAÇÃO E EXPORTAÇÃO LTDA;PHARMAPLAST S.A.E;EGITO
82705390003;I;TOTAL SUPRI COMERCIO IMPORTAÇÃO E EXPORTAÇÃO LTDA;PHARMAPLAST, AMRIA FREE ZONE ALEXANDRIA EGYPT;EGITO
82705390004;I;TOTAL SUPRI COMERCIO IMPORTAÇÃO E EXPORTAÇÃO LTDA;PHARMAPLAST S.A.E;EGITO
82705399002;II;TOTAL SUPRI COMERCIO IMPORTAÇÃO E EXPORTAÇÃO LTDA;PHARMAPLAST, AMRIA FREE ZONE ALEXANDRIA EGYPT;EGITO
82705399003;I;TOTAL SUPRI COMERCIO IMPORTAÇÃO E EXPORTAÇÃO LTDA;PHARMAPLAST S.A.E;EGITO
82532250001;I;TOYO COMERCIO IMPORTACAO E EXPORTACAO DE INSTRUMENTOS CIRURGICOS LTDA;TOYO COMERCIO IMPORTACAO E EXPORTACAO DE INSTRUMENTOS CIRURGICOS LTDA;BRASIL
82532250003;I;TOYO COMERCIO IMPORTACAO E EXPORTACAO DE INSTRUMENTOS CIRURGICOS LTDA;TOYO COMERCIO IMPORTACAO E EXPORTACAO DE INSTRUMENTOS CIRURGICOS LTDA;BRASIL
82532250004;I;TOYO COMERCIO IMPORTACAO E EXPORTACAO DE INSTRUMENTOS CIRURGICOS LTDA;TOYO COMERCIO IMPORTACAO E EXPORTACAO DE INSTRUMENTOS CIRURGICOS LTDA;BRASIL
82532250007;I;TOYO COMERCIO IMPORTACAO E EXPORTACAO DE INSTRUMENTOS CIRURGICOS LTDA;TOYO COMERCIO IMPORTACAO E EXPORTACAO DE INSTRUMENTOS CIRURGICOS LTDA;BRASIL
82532259001;II;TOYO COMERCIO IMPORTACAO E EXPORTACAO DE INSTRUMENTOS CIRURGICOS LTDA;TOYO COMERCIO IMPORTACAO E EXPORTACAO DE INSTRUMENTOS CIRURGICOS LTDA;BRASIL
82532259003;II;TOYO COMERCIO IMPORTACAO E EXPORTACAO DE INSTRUMENTOS CIRURGICOS LTDA;TOYO COMERCIO IMPORTACAO E EXPORTACAO DE INSTRUMENTOS CIRURGICOS LTDA;BRASIL
10431530037;II;TP ORTHODONTICS BRASIL LTDA;TP ORTHODONTICS INC;ESTADOS UNIDOS DA AMÉRICA
10431530038;II;TP ORTHODONTICS BRASIL LTDA;TP ORTHODONTICS INC;ESTADOS UNIDOS DA AMÉRICA
10431530039;II;TP ORTHODONTICS BRASIL LTDA;TP ORTHODONTICS INC.;ESTADOS UNIDOS DA AMÉRICA
10431530040;II;TP ORTHODONTICS BRASIL LTDA;TP ORTHODONTICS INC;ESTADOS UNIDOS DA AMÉRICA
10431530041;II;TP ORTHODONTICS BRASIL LTDA;TP ORTHODONTICS INC.;ESTADOS UNIDOS DA AMÉRICA
10431530043;II;TP ORTHODONTICS BRASIL LTDA;TP ORTHODONTICS INC;ESTADOS UNIDOS DA AMÉRICA
10431530044;II;TP ORTHODONTICS BRASIL LTDA;TP ORTHODONTICS INC;ESTADOS UNIDOS DA AMÉRICA
10431530047;II;TP ORTHODONTICS BRASIL LTDA;TP ORTHODONTICS INC;ESTADOS UNIDOS DA AMÉRICA
10431530048;II;TP ORTHODONTICS BRASIL LTDA;TP ORTHODONTICS INC;ESTADOS UNIDOS DA AMÉRICA
10431530051;I;TP ORTHODONTICS BRASIL LTDA;THREE AMIGOS INC.;ESTADOS UNIDOS DA AMÉRICA
10431530052;II;TP ORTHODONTICS BRASIL LTDA;HANGZHOU XINGCHEN 3B DENTAL INSTRUMENT & MATERIAL CO. LTD.;CHINA, REPÚBLICA POPULAR
10431530053;II;TP ORTHODONTICS BRASIL LTDA;HANGZHOU YAHONG MEDICAL APPARATUS CO. LTD.;CHINA, REPÚBLICA POPULAR
10431530054;II;TP ORTHODONTICS BRASIL LTDA;HANGZHOU YAHONG MEDICAL APPARATUS CO. LTD.;CHINA, REPÚBLICA POPULAR
10431530055;II;TP ORTHODONTICS BRASIL LTDA;HANGZHOU YAHONG MEDICAL APPARATUS CO. LTD.;CHINA, REPÚBLICA POPULAR
10431530056;II;TP ORTHODONTICS BRASIL LTDA;WORLD BIO TECH CO. LTD.;CORÉIA DO SUL
10431530057;II;TP ORTHODONTICS BRASIL LTDA;HANGZHOU YAHONG MEDICAL APPARATUS CO. LTD.;CHINA, REPÚBLICA POPULAR
10431530059;II;TP ORTHODONTICS BRASIL LTDA;TP ORTHODONTICS APPLIANCE (WUXI) CO.LTD.;CHINA, REPÚBLICA POPULAR
10431530059;II;TP ORTHODONTICS BRASIL LTDA;TP ORTHODONTICS INC;ESTADOS UNIDOS DA AMÉRICA
10431539001;II;TP ORTHODONTICS BRASIL LTDA;TP ORTHODONTICS INC;ESTADOS UNIDOS DA AMÉRICA
10431539002;II;TP ORTHODONTICS BRASIL LTDA;TP ORTHODONTICS INC;ESTADOS UNIDOS DA AMÉRICA
10431539004;II;TP ORTHODONTICS BRASIL LTDA;TP ORTHODONTICS INC.;ESTADOS UNIDOS DA AMÉRICA
81706710001;I;TR FARMA MEDICAMENTOS LTDA - ME;P.L.U.S S.R.L. UNIPERSONALE;ITÁLIA
81706710002;I;TR FARMA MEDICAMENTOS LTDA - ME;P.L.U.S S.R.L. UNIPERSONALE;ITÁLIA
81706710003;I;TR FARMA MEDICAMENTOS LTDA - ME;P.L.U.S S.R.L. UNIPERSONALE;ITÁLIA
81706710004;I;TR FARMA MEDICAMENTOS LTDA - ME;P.L.U.S S.R.L. UNIPERSONALE;ITÁLIA
81706710005;I;TR FARMA MEDICAMENTOS LTDA - ME;P.L.U.S S.R.L. UNIPERSONALE;ITÁLIA
81706710006;I;TR FARMA MEDICAMENTOS LTDA - ME;P.L.U.S S.R.L. UNIPERSONALE;ITÁLIA
81706710007;I;TR FARMA MEDICAMENTOS LTDA - ME;P.L.U.S S.R.L. UNIPERSONALE;ITÁLIA
81706710008;I;TR FARMA MEDICAMENTOS LTDA - ME;P.L.U.S SRL UNIPERSONALE;ITÁLIA
81706710009;III;TR FARMA MEDICAMENTOS LTDA - ME;;
81706710009;III;TR FARMA MEDICAMENTOS LTDA - ME;FLEN HEALTH NV;BÉLGICA
81706710010;III;TR FARMA MEDICAMENTOS LTDA - ME;;
81706710010;III;TR FARMA MEDICAMENTOS LTDA - ME;FLEN HEALTH NV;BÉLGICA
81706719001;II;TR FARMA MEDICAMENTOS LTDA - ME;FLEN HEALTH NV;BÉLGICA
81706719002;II;TR FARMA MEDICAMENTOS LTDA - ME;CEMAG CARE;FRANÇA
81706719003;II;TR FARMA MEDICAMENTOS LTDA - ME;FLEN HEALTH NV;BÉLGICA
10394670027;I;TRADE CENTER COMERCIAL LTDA;HUBEI HAIXIN PROTECTIVE PRODUCTS CO., LTD.;CHINA, REPÚBLICA POPULAR
10394670028;I;TRADE CENTER COMERCIAL LTDA;Hubei Haixin Protective Products Group CO.,LTD;CHINA, REPÚBLICA POPULAR
10394670029;I;TRADE CENTER COMERCIAL LTDA;HUBEI HAIXIN PROTECTIVE PRODUCTS CO., LTD.;CHINA, REPÚBLICA POPULAR
10394670030;I;TRADE CENTER COMERCIAL LTDA;Hubei Haixin Protective Products Group CO.,LTD;CHINA, REPÚBLICA POPULAR
10394670031;I;TRADE CENTER COMERCIAL LTDA;Hubei Haixin Protective Products Group CO.,LTD;CHINA, REPÚBLICA POPULAR
80893750001;I;TRADEEXX MED COMERCIO, IMPORTACAO & EXPORTACAO LTDA;WEIFANG KAWA MEDICAL PRODUCTS CO.,LTD;CHINA, REPÚBLICA POPULAR
80893750002;II;TRADEEXX MED COMERCIO, IMPORTACAO & EXPORTACAO LTDA;WENZHOU BEIPU SCIENCE & TECHNOLOGY CO., LTD;CHINA, REPÚBLICA POPULAR
80893750003;II;TRADEEXX MED COMERCIO, IMPORTACAO & EXPORTACAO LTDA;WEIFANG KAWA MEDICAL PRODUCTS CO.,LTD;CHINA, REPÚBLICA POPULAR
80893750004;II;TRADEEXX MED COMERCIO, IMPORTACAO & EXPORTACAO LTDA;WENZHOU BEIPU SCIENCE & TECHNOLOGY CO., LTD;CHINA, REPÚBLICA POPULAR
80893750005;II;TRADEEXX MED COMERCIO, IMPORTACAO & EXPORTACAO LTDA;NINGBO MEDSUN MEDICAL CO., LTD.;CHINA, REPÚBLICA POPULAR
80893759002;II;TRADEEXX MED COMERCIO, IMPORTACAO & EXPORTACAO LTDA;SUZHOU LINGYAN MEDICAL TECHNOLOGY CO., LTD.;CHINA, REPÚBLICA POPULAR
80893759003;II;TRADEEXX MED COMERCIO, IMPORTACAO & EXPORTACAO LTDA;SUZHOU LINGYAN MEDICAL TECHNOLOGY CO., LTD.;CHINA, REPÚBLICA POPULAR
80281110017;II;TRADERM COMERCIO DE EQUIPAMENTOS LTDA EPP;BONDS THERAPEUTICS, (DBA TROCAR SUPPLIES);ESTADOS UNIDOS DA AMÉRICA
80281110018;II;TRADERM COMERCIO DE EQUIPAMENTOS LTDA EPP;BONDS THERAPEUTICS, (DBA TROCAR SUPPLIES);ESTADOS UNIDOS DA AMÉRICA
80281110019;II;TRADERM COMERCIO DE EQUIPAMENTOS LTDA EPP;MT DERM GMBH;ALEMANHA
80281110020;II;TRADERM COMERCIO DE EQUIPAMENTOS LTDA EPP;YIWU YUANTAI IMPORT AND EXPORT CO., LTD.;CHINA, REPÚBLICA POPULAR
80281119002;II;TRADERM COMERCIO DE EQUIPAMENTOS LTDA EPP;BONDS THERAPEUTICS, (DBA TROCAR SUPPLIES);ESTADOS UNIDOS DA AMÉRICA
80281119003;II;TRADERM COMERCIO DE EQUIPAMENTOS LTDA EPP;BONDS THERAPEUTICS, (TRADING AS TROCAR SUPPLIES);ESTADOS UNIDOS DA AMÉRICA
80281119004;II;TRADERM COMERCIO DE EQUIPAMENTOS LTDA EPP;BONDS THERAPEUTICS, (TRADING AS TROCAR SUPPLIES);ESTADOS UNIDOS DA AMÉRICA
80281119005;II;TRADERM COMERCIO DE EQUIPAMENTOS LTDA EPP;YIWU YUANTAI IMPORT AND EXPORT CO., LTD.;CHINA, REPÚBLICA POPULAR
82594270001;I;TRAMED DISTRIBUIDORA LTDA;TRAMED DISTRIBUIDORA LTDA;BRASIL
82594270002;I;TRAMED DISTRIBUIDORA LTDA;TRAMED DISTRIBUIDORA LTDA;BRASIL
82594270003;I;TRAMED DISTRIBUIDORA LTDA;TRAMED DISTRIBUIDORA LTDA;BRASIL
82594270004;I;TRAMED DISTRIBUIDORA LTDA;TRAMED DISTRIBUIDORA LTDA;BRASIL
82594270005;I;TRAMED DISTRIBUIDORA LTDA;TRAMED DISTRIBUIDORA LTDA;BRASIL
82594270006;I;TRAMED DISTRIBUIDORA LTDA;TRAMED DISTRIBUIDORA LTDA;BRASIL
80313700001;IV;TRAUMACAMP COMÉRCIO, IMPORTAÇÃO, EXPORTAÇÃO E LOCAÇÃO DE PRODUTOS MÉDICOS E HOSPITALARES LTDA.;;
80313700001;IV;TRAUMACAMP COMÉRCIO, IMPORTAÇÃO, EXPORTAÇÃO E LOCAÇÃO DE PRODUTOS MÉDICOS E HOSPITALARES LTDA.;Arthro Kinetics Biotechnology GmbH;ÁUSTRIA
81529690004;III;traumaserv - comércio importação e exportação ltda.;;
81529690004;III;traumaserv - comércio importação e exportação ltda.;MCI MEDICAL CONCEPT INNOVATION INC.;ESTADOS UNIDOS DA AMÉRICA
81529690005;IV;traumaserv - comércio importação e exportação ltda.;;
81529690005;IV;traumaserv - comércio importação e exportação ltda.;MCI MEDICAL CONCEPT INNOVATION INC.;ESTADOS UNIDOS DA AMÉRICA
81529690006;IV;traumaserv - comércio importação e exportação ltda.;;
81529690006;IV;traumaserv - comércio importação e exportação ltda.;MCI MEDICAL CONCEPT INNOVATION INC.;ESTADOS UNIDOS DA AMÉRICA
81529699002;II;traumaserv - comércio importação e exportação ltda.;MCI MEDICAL CONCEPT INNOVATION INC.;ESTADOS UNIDOS DA AMÉRICA
81529699003;II;traumaserv - comércio importação e exportação ltda.;MCI MEDICAL CONCEPT INNOVATION INC.;ESTADOS UNIDOS DA AMÉRICA
80455630006;IV;TRAUMEC TECNOLOGIA E IMPLANTES ORTOPÉDICOS IMP. E EXP. LTDA - EPP;TRAUMEC TECNOLOGIA E IMPLANTES ORTOPÉDICOS IMP. E EXP. LTDA - EPP;BRASIL
80455630012;I;TRAUMEC TECNOLOGIA E IMPLANTES ORTOPÉDICOS IMP. E EXP. LTDA - EPP;TRAUMEC TECNOLOGIA E IMPLANTES ORTOPÉDICOS IMP. E EXP. LTDA - EPP;BRASIL
80455630013;I;TRAUMEC TECNOLOGIA E IMPLANTES ORTOPÉDICOS IMP. E EXP. LTDA - EPP;TRAUMEC TECNOLOGIA E IMPLANTES ORTOPÉDICOS IMP. E EXP. LTDA - EPP;BRASIL
80455630014;II;TRAUMEC TECNOLOGIA E IMPLANTES ORTOPÉDICOS IMP. E EXP. LTDA - EPP;TRAUMEC TECNOLOGIA E IMPLANTES ORTOPÉDICOS IMP. E EXP. LTDA - EPP;BRASIL
80455630015;I;TRAUMEC TECNOLOGIA E IMPLANTES ORTOPÉDICOS IMP. E EXP. LTDA - EPP;TRAUMEC TECNOLOGIA E IMPLANTES ORTOPÉDICOS IMP. E EXP. LTDA - EPP;BRASIL
80455630022;I;TRAUMEC TECNOLOGIA E IMPLANTES ORTOPÉDICOS IMP. E EXP. LTDA - EPP;TRAUMEC TECNOLOGIA E IMPLANTES ORTOPÉDICOS IMP. E EXP. LTDA - EPP;BRASIL
80455630023;III;TRAUMEC TECNOLOGIA E IMPLANTES ORTOPÉDICOS IMP. E EXP. LTDA - EPP;TRAUMEC TECNOLOGIA E IMPLANTES ORTOPÉDICOS IMP. E EXP. LTDA - EPP;BRASIL
80455630027;IV;TRAUMEC TECNOLOGIA E IMPLANTES ORTOPÉDICOS IMP. E EXP. LTDA - EPP;TRAUMEC TECNOLOGIA E IMPLANTES ORTOPÉDICOS IMP. E EXP. LTDA - EPP;BRASIL
80455630028;II;TRAUMEC TECNOLOGIA E IMPLANTES ORTOPÉDICOS IMP. E EXP. LTDA - EPP;TRAUMEC TECNOLOGIA E IMPLANTES ORTOPÉDICOS IMP. E EXP. LTDA - EPP;BRASIL
80455630029;II;TRAUMEC TECNOLOGIA E IMPLANTES ORTOPÉDICOS IMP. E EXP. LTDA - EPP;TRAUMEC TECNOLOGIA E IMPLANTES ORTOPÉDICOS IMP. E EXP. LTDA - EPP;BRASIL
80455630030;IV;TRAUMEC TECNOLOGIA E IMPLANTES ORTOPÉDICOS IMP. E EXP. LTDA - EPP;TRAUMEC TECNOLOGIA E IMPLANTES ORTOPÉDICOS IMP. E EXP. LTDA - EPP;BRASIL
80455630035;II;TRAUMEC TECNOLOGIA E IMPLANTES ORTOPÉDICOS IMP. E EXP. LTDA - EPP;TRAUMEC TECNOLOGIA E IMPLANTES ORTOPÉDICOS IMP. E EXP. LTDA - EPP;BRASIL
80455630036;II;TRAUMEC TECNOLOGIA E IMPLANTES ORTOPÉDICOS IMP. E EXP. LTDA - EPP;TRAUMEC TECNOLOGIA E IMPLANTES ORTOPÉDICOS IMP. E EXP. LTDA - EPP;BRASIL
80455630041;IV;TRAUMEC TECNOLOGIA E IMPLANTES ORTOPÉDICOS IMP. E EXP. LTDA - EPP;TRAUMEC TECNOLOGIA E IMPLANTES ORTOPÉDICOS IMP. E EXP. LTDA - EPP;BRASIL
80455630054;II;TRAUMEC TECNOLOGIA E IMPLANTES ORTOPÉDICOS IMP. E EXP. LTDA - EPP;TRAUMEC TECNOLOGIA E IMPLANTES ORTOPÉDICOS IMP. E EXP. LTDA - EPP;BRASIL
80455630058;II;TRAUMEC TECNOLOGIA E IMPLANTES ORTOPÉDICOS IMP. E EXP. LTDA - EPP;TRAUMEC TECNOLOGIA E IMPLANTES ORTOPÉDICOS IMP. E EXP. LTDA - EPP;BRASIL
80455630079;II;TRAUMEC TECNOLOGIA E IMPLANTES ORTOPÉDICOS IMP. E EXP. LTDA - EPP;TRAUMEC TECNOLOGIA E IMPLANTES ORTOPÉDICOS IMP. E EXP. LTDA - EPP;BRASIL
80455630081;II;TRAUMEC TECNOLOGIA E IMPLANTES ORTOPÉDICOS IMP. E EXP. LTDA - EPP;TRAUMEC TECNOLOGIA E IMPLANTES ORTOPÉDICOS IMP. E EXP. LTDA - EPP;BRASIL
80455630085;III;TRAUMEC TECNOLOGIA E IMPLANTES ORTOPÉDICOS IMP. E EXP. LTDA - EPP;TRAUMEC TECNOLOGIA E IMPLANTES ORTOPÉDICOS IMP. E EXP. LTDA - EPP;BRASIL
80455630087;III;TRAUMEC TECNOLOGIA E IMPLANTES ORTOPÉDICOS IMP. E EXP. LTDA - EPP;TRAUMEC TECNOLOGIA E IMPLANTES ORTOPÉDICOS IMP. E EXP. LTDA - EPP;BRASIL
80455630090;III;TRAUMEC TECNOLOGIA E IMPLANTES ORTOPÉDICOS IMP. E EXP. LTDA - EPP;TRAUMEC TECNOLOGIA E IMPLANTES ORTOPÉDICOS IMP. E EXP. LTDA - EPP;BRASIL
80455630095;III;TRAUMEC TECNOLOGIA E IMPLANTES ORTOPÉDICOS IMP. E EXP. LTDA - EPP;TRAUMEC TECNOLOGIA E IMPLANTES ORTOPÉDICOS IMP. E EXP. LTDA - EPP;BRASIL
80455630098;II;TRAUMEC TECNOLOGIA E IMPLANTES ORTOPÉDICOS IMP. E EXP. LTDA - EPP;TRAUMEC TECNOLOGIA E IMPLANTES ORTOPÉDICOS IMP. E EXP. LTDA - EPP;BRASIL
80455630099;IV;TRAUMEC TECNOLOGIA E IMPLANTES ORTOPÉDICOS IMP. E EXP. LTDA - EPP;TRAUMEC TECNOLOGIA E IMPLANTES ORTOPÉDICOS IMP. E EXP. LTDA - EPP;BRASIL
80455630101;II;TRAUMEC TECNOLOGIA E IMPLANTES ORTOPÉDICOS IMP. E EXP. LTDA - EPP;TRAUMEC TECNOLOGIA E IMPLANTES ORTOPÉDICOS IMP. E EXP. LTDA - EPP;BRASIL
80455630106;II;TRAUMEC TECNOLOGIA E IMPLANTES ORTOPÉDICOS IMP. E EXP. LTDA - EPP;TRAUMEC TECNOLOGIA E IMPLANTES ORTOPÉDICOS IMP. E EXP. LTDA - EPP;BRASIL
80455630107;II;TRAUMEC TECNOLOGIA E IMPLANTES ORTOPÉDICOS IMP. E EXP. LTDA - EPP;TRAUMEC TECNOLOGIA E IMPLANTES ORTOPÉDICOS IMP. E EXP. LTDA - EPP;BRASIL
80455630114;III;TRAUMEC TECNOLOGIA E IMPLANTES ORTOPÉDICOS IMP. E EXP. LTDA - EPP;TRAUMEC TECNOLOGIA E IMPLANTES ORTOPÉDICOS IMP. E EXP. LTDA - EPP;BRASIL
80455630115;IV;TRAUMEC TECNOLOGIA E IMPLANTES ORTOPÉDICOS IMP. E EXP. LTDA - EPP;TRAUMEC TECNOLOGIA E IMPLANTES ORTOPÉDICOS IMP. E EXP. LTDA - EPP;BRASIL
80455630116;III;TRAUMEC TECNOLOGIA E IMPLANTES ORTOPÉDICOS IMP. E EXP. LTDA - EPP;TRAUMEC TECNOLOGIA E IMPLANTES ORTOPÉDICOS IMP. E EXP. LTDA - EPP;BRASIL
80455630117;III;TRAUMEC TECNOLOGIA E IMPLANTES ORTOPÉDICOS IMP. E EXP. LTDA - EPP;TRAUMEC TECNOLOGIA E IMPLANTES ORTOPÉDICOS IMP. E EXP. LTDA - EPP;BRASIL
80455630118;I;TRAUMEC TECNOLOGIA E IMPLANTES ORTOPÉDICOS IMP. E EXP. LTDA - EPP;TRAUMEC TECNOLOGIA E IMPLANTES ORTOPÉDICOS IMP. E EXP. LTDA - EPP;BRASIL
80455630119;I;TRAUMEC TECNOLOGIA E IMPLANTES ORTOPÉDICOS IMP. E EXP. LTDA - EPP;TRAUMEC TECNOLOGIA E IMPLANTES ORTOPÉDICOS IMP. E EXP. LTDA - EPP;BRASIL
80455630120;I;TRAUMEC TECNOLOGIA E IMPLANTES ORTOPÉDICOS IMP. E EXP. LTDA - EPP;TRAUMEC TECNOLOGIA E IMPLANTES ORTOPÉDICOS IMP. E EXP. LTDA - EPP;BRASIL
80455630121;IV;TRAUMEC TECNOLOGIA E IMPLANTES ORTOPÉDICOS IMP. E EXP. LTDA - EPP;TRAUMEC TECNOLOGIA E IMPLANTES ORTOPÉDICOS IMP. E EXP. LTDA - EPP;BRASIL
80455630122;III;TRAUMEC TECNOLOGIA E IMPLANTES ORTOPÉDICOS IMP. E EXP. LTDA - EPP;TRAUMEC TECNOLOGIA E IMPLANTES ORTOPÉDICOS IMP. E EXP. LTDA - EPP;BRASIL
80455630123;III;TRAUMEC TECNOLOGIA E IMPLANTES ORTOPÉDICOS IMP. E EXP. LTDA - EPP;TRAUMEC TECNOLOGIA E IMPLANTES ORTOPÉDICOS IMP. E EXP. LTDA - EPP;BRASIL
80455630124;III;TRAUMEC TECNOLOGIA E IMPLANTES ORTOPÉDICOS IMP. E EXP. LTDA - EPP;TRAUMEC TECNOLOGIA E IMPLANTES ORTOPÉDICOS IMP. E EXP. LTDA - EPP;BRASIL
80455639001;II;TRAUMEC TECNOLOGIA E IMPLANTES ORTOPÉDICOS IMP. E EXP. LTDA - EPP;TRAUMEC TECNOLOGIA E IMPLANTES ORTOPÉDICOS IMP. E EXP. LTDA - EPP;BRASIL
80455639003;II;TRAUMEC TECNOLOGIA E IMPLANTES ORTOPÉDICOS IMP. E EXP. LTDA - EPP;TRAUMEC TECNOLOGIA E IMPLANTES ORTOPÉDICOS IMP. E EXP. LTDA - EPP;BRASIL
80455639005;II;TRAUMEC TECNOLOGIA E IMPLANTES ORTOPÉDICOS IMP. E EXP. LTDA - EPP;TRAUMEC TECNOLOGIA E IMPLANTES ORTOPÉDICOS IMP. E EXP. LTDA - EPP;BRASIL
80455639006;II;TRAUMEC TECNOLOGIA E IMPLANTES ORTOPÉDICOS IMP. E EXP. LTDA - EPP;TRAUMEC TECNOLOGIA E IMPLANTES ORTOPÉDICOS IMP. E EXP. LTDA - EPP;BRASIL
80455639010;II;TRAUMEC TECNOLOGIA E IMPLANTES ORTOPÉDICOS IMP. E EXP. LTDA - EPP;TRAUMEC TECNOLOGIA E IMPLANTES ORTOPÉDICOS IMP. E EXP. LTDA - EPP;BRASIL
80455639011;II;TRAUMEC TECNOLOGIA E IMPLANTES ORTOPÉDICOS IMP. E EXP. LTDA - EPP;TRAUMEC TECNOLOGIA E IMPLANTES ORTOPÉDICOS IMP. E EXP. LTDA - EPP;BRASIL
80455639012;II;TRAUMEC TECNOLOGIA E IMPLANTES ORTOPÉDICOS IMP. E EXP. LTDA - EPP;TRAUMEC TECNOLOGIA E IMPLANTES ORTOPÉDICOS IMP. E EXP. LTDA - EPP;BRASIL
80455639013;II;TRAUMEC TECNOLOGIA E IMPLANTES ORTOPÉDICOS IMP. E EXP. LTDA - EPP;TRAUMEC TECNOLOGIA E IMPLANTES ORTOPÉDICOS IMP. E EXP. LTDA - EPP;BRASIL
80455639014;II;TRAUMEC TECNOLOGIA E IMPLANTES ORTOPÉDICOS IMP. E EXP. LTDA - EPP;TRAUMEC TECNOLOGIA E IMPLANTES ORTOPÉDICOS IMP. E EXP. LTDA - EPP;BRASIL
80455639015;II;TRAUMEC TECNOLOGIA E IMPLANTES ORTOPÉDICOS IMP. E EXP. LTDA - EPP;TRAUMEC TECNOLOGIA E IMPLANTES ORTOPÉDICOS IMP. E EXP. LTDA - EPP;BRASIL
80057410004;I;TRAUMEDICA INSTRUMENTAIS E IMPLANTES LTDA - ME;TRAUMEDICA INSTRUMENTAIS E IMPLANTES LTDA - ME;BRASIL
80057410007;III;TRAUMEDICA INSTRUMENTAIS E IMPLANTES LTDA - ME;TRAUMEDICA INSTRUMENTAIS E IMPLANTES LTDA - ME;BRASIL
80057410008;III;TRAUMEDICA INSTRUMENTAIS E IMPLANTES LTDA - ME;TRAUMEDICA INSTRUMENTAIS E IMPLANTES LTDA - ME;BRASIL
80057410009;III;TRAUMEDICA INSTRUMENTAIS E IMPLANTES LTDA - ME;TRAUMEDICA INSTRUMENTAIS E IMPLANTES LTDA - ME;BRASIL
80057410010;III;TRAUMEDICA INSTRUMENTAIS E IMPLANTES LTDA - ME;TRAUMEDICA INSTRUMENTAIS E IMPLANTES LTDA - ME;BRASIL
80057410011;III;TRAUMEDICA INSTRUMENTAIS E IMPLANTES LTDA - ME;TRAUMEDICA INSTRUMENTAIS E IMPLANTES LTDA - ME;BRASIL
80057410012;III;TRAUMEDICA INSTRUMENTAIS E IMPLANTES LTDA - ME;TRAUMEDICA INSTRUMENTAIS E IMPLANTES LTDA - ME;BRASIL
80057410013;III;TRAUMEDICA INSTRUMENTAIS E IMPLANTES LTDA - ME;TRAUMEDICA INSTRUMENTAIS E IMPLANTES LTDA - ME;BRASIL
80057410015;III;TRAUMEDICA INSTRUMENTAIS E IMPLANTES LTDA - ME;TRAUMEDICA INSTRUMENTAIS E IMPLANTES LTDA - ME;BRASIL
80057410016;III;TRAUMEDICA INSTRUMENTAIS E IMPLANTES LTDA - ME;TRAUMEDICA INSTRUMENTAIS E IMPLANTES LTDA - ME;BRASIL
80057410017;III;TRAUMEDICA INSTRUMENTAIS E IMPLANTES LTDA - ME;TRAUMEDICA INSTRUMENTAIS E IMPLANTES LTDA - ME;BRASIL
80057410018;III;TRAUMEDICA INSTRUMENTAIS E IMPLANTES LTDA - ME;TRAUMEDICA INSTRUMENTAIS E IMPLANTES LTDA - ME;BRASIL
80057410020;III;TRAUMEDICA INSTRUMENTAIS E IMPLANTES LTDA - ME;TRAUMEDICA INSTRUMENTAIS E IMPLANTES LTDA - ME;BRASIL
80057410021;III;TRAUMEDICA INSTRUMENTAIS E IMPLANTES LTDA - ME;TRAUMEDICA INSTRUMENTAIS E IMPLANTES LTDA - ME;BRASIL
80057410022;III;TRAUMEDICA INSTRUMENTAIS E IMPLANTES LTDA - ME;TRAUMEDICA INSTRUMENTAIS E IMPLANTES LTDA - ME;BRASIL
80057410023;I;TRAUMEDICA INSTRUMENTAIS E IMPLANTES LTDA - ME;TRAUMEDICA INSTRUMENTAIS E IMPLANTES LTDA - ME;BRASIL
80057410025;III;TRAUMEDICA INSTRUMENTAIS E IMPLANTES LTDA - ME;TRAUMEDICA INSTRUMENTAIS E IMPLANTES LTDA - ME;BRASIL
80057410026;III;TRAUMEDICA INSTRUMENTAIS E IMPLANTES LTDA - ME;TRAUMEDICA INSTRUMENTAIS E IMPLANTES LTDA - ME;BRASIL
80057410027;III;TRAUMEDICA INSTRUMENTAIS E IMPLANTES LTDA - ME;TRAUMEDICA INSTRUMENTAIS E IMPLANTES LTDA - ME;BRASIL
80057410028;III;TRAUMEDICA INSTRUMENTAIS E IMPLANTES LTDA - ME;TRAUMEDICA INSTRUMENTAIS E IMPLANTES LTDA - ME;BRASIL
80057410029;III;TRAUMEDICA INSTRUMENTAIS E IMPLANTES LTDA - ME;TRAUMEDICA INSTRUMENTAIS E IMPLANTES LTDA - ME;BRASIL
80057410030;I;TRAUMEDICA INSTRUMENTAIS E IMPLANTES LTDA - ME;TRAUMEDICA INSTRUMENTAIS E IMPLANTES LTDA - ME;BRASIL
80057410034;III;TRAUMEDICA INSTRUMENTAIS E IMPLANTES LTDA - ME;TRAUMEDICA INSTRUMENTAIS E IMPLANTES LTDA - ME;BRASIL
80057410035;III;TRAUMEDICA INSTRUMENTAIS E IMPLANTES LTDA - ME;TRAUMEDICA INSTRUMENTAIS E IMPLANTES LTDA - ME;BRASIL
80057410036;III;TRAUMEDICA INSTRUMENTAIS E IMPLANTES LTDA - ME;TRAUMEDICA INSTRUMENTAIS E IMPLANTES LTDA - ME;BRASIL
80057410037;III;TRAUMEDICA INSTRUMENTAIS E IMPLANTES LTDA - ME;TRAUMEDICA INSTRUMENTAIS E IMPLANTES LTDA - ME;BRASIL
80057410040;I;TRAUMEDICA INSTRUMENTAIS E IMPLANTES LTDA - ME;TRAUMEDICA INSTRUMENTAIS E IMPLANTES LTDA - ME;BRASIL
80057410041;III;TRAUMEDICA INSTRUMENTAIS E IMPLANTES LTDA - ME;TRAUMEDICA INSTRUMENTAIS E IMPLANTES LTDA - ME;BRASIL
80057410042;III;TRAUMEDICA INSTRUMENTAIS E IMPLANTES LTDA - ME;TRAUMEDICA INSTRUMENTAIS E IMPLANTES LTDA - ME;BRASIL
80057410043;III;TRAUMEDICA INSTRUMENTAIS E IMPLANTES LTDA - ME;TRAUMEDICA INSTRUMENTAIS E IMPLANTES LTDA - ME;BRASIL
80057410044;III;TRAUMEDICA INSTRUMENTAIS E IMPLANTES LTDA - ME;TRAUMEDICA INSTRUMENTAIS E IMPLANTES LTDA - ME;BRASIL
80057410045;III;TRAUMEDICA INSTRUMENTAIS E IMPLANTES LTDA - ME;TRAUMEDICA INSTRUMENTAIS E IMPLANTES LTDA - ME;BRASIL
80057410049;III;TRAUMEDICA INSTRUMENTAIS E IMPLANTES LTDA - ME;TRAUMEDICA INSTRUMENTAIS E IMPLANTES LTDA - ME;BRASIL
80057410050;I;TRAUMEDICA INSTRUMENTAIS E IMPLANTES LTDA - ME;TRAUMEDICA INSTRUMENTAIS E IMPLANTES LTDA - ME;BRASIL
80057410051;III;TRAUMEDICA INSTRUMENTAIS E IMPLANTES LTDA - ME;TRAUMEDICA INSTRUMENTAIS E IMPLANTES LTDA - ME;BRASIL
80057410053;I;TRAUMEDICA INSTRUMENTAIS E IMPLANTES LTDA - ME;TRAUMEDICA INSTRUMENTAIS E IMPLANTES LTDA - ME;BRASIL
80057410054;I;TRAUMEDICA INSTRUMENTAIS E IMPLANTES LTDA - ME;TRAUMEDICA INSTRUMENTAIS E IMPLANTES LTDA - ME;BRASIL
80057410055;I;TRAUMEDICA INSTRUMENTAIS E IMPLANTES LTDA - ME;TRAUMEDICA INSTRUMENTAIS E IMPLANTES LTDA - ME;BRASIL
80057410056;I;TRAUMEDICA INSTRUMENTAIS E IMPLANTES LTDA - ME;TRAUMEDICA INSTRUMENTAIS E IMPLANTES LTDA - ME;BRASIL
80057410057;III;TRAUMEDICA INSTRUMENTAIS E IMPLANTES LTDA - ME;TRAUMEDICA INSTRUMENTAIS E IMPLANTES LTDA - ME;BRASIL
80057410059;III;TRAUMEDICA INSTRUMENTAIS E IMPLANTES LTDA - ME;TRAUMEDICA INSTRUMENTAIS E IMPLANTES LTDA - ME;BRASIL
10446510001;III;TRAUMINAS DISTRIBUIDORA DE MAT. CIRURG. HOSPITALARES S.A;;
10446510001;III;TRAUMINAS DISTRIBUIDORA DE MAT. CIRURG. HOSPITALARES S.A;TRILLIANT SURGICAL LTD;ESTADOS UNIDOS DA AMÉRICA
10446510002;III;TRAUMINAS DISTRIBUIDORA DE MAT. CIRURG. HOSPITALARES S.A;;
10446510002;III;TRAUMINAS DISTRIBUIDORA DE MAT. CIRURG. HOSPITALARES S.A;TRILLIANT SURGICAL LTD;ESTADOS UNIDOS DA AMÉRICA
10446510003;III;TRAUMINAS DISTRIBUIDORA DE MAT. CIRURG. HOSPITALARES S.A;;
10446510003;III;TRAUMINAS DISTRIBUIDORA DE MAT. CIRURG. HOSPITALARES S.A;TRILLIANT SURGICAL;ESTADOS UNIDOS DA AMÉRICA
10446519003;II;TRAUMINAS DISTRIBUIDORA DE MAT. CIRURG. HOSPITALARES S.A;BEIJING DELTA MEDICAL SCIENCE & TECHNOLOGY CORP. LTD.;CHINA, REPÚBLICA POPULAR
10446519004;II;TRAUMINAS DISTRIBUIDORA DE MAT. CIRURG. HOSPITALARES S.A;BEIJING DELTA MEDICAL SCIENCE & TECHNOLOGY CORP. LTD.;CHINA, REPÚBLICA POPULAR
10446519005;II;TRAUMINAS DISTRIBUIDORA DE MAT. CIRURG. HOSPITALARES S.A;CHONGQING XISHAN SCIENCE &TECHNOLOGY CO., LTD.;CHINA, REPÚBLICA POPULAR
10446519006;II;TRAUMINAS DISTRIBUIDORA DE MAT. CIRURG. HOSPITALARES S.A;CHONGQING XISHAN SCIENCE &TECHNOLOGY CO., LTD.;CHINA, REPÚBLICA POPULAR
80149050005;III;TRB PHARMA INDUSTRIA QUIMICA E FARMACEUTICA LTDA;;
80149050005;III;TRB PHARMA INDUSTRIA QUIMICA E FARMACEUTICA LTDA;TRB CHEMEDICA SA;SUÍÇA
80149050006;IV;TRB PHARMA INDUSTRIA QUIMICA E FARMACEUTICA LTDA;;
80149050006;IV;TRB PHARMA INDUSTRIA QUIMICA E FARMACEUTICA LTDA;TRB CHEMEDICA AG.;ALEMANHA
80149050007;III;TRB PHARMA INDUSTRIA QUIMICA E FARMACEUTICA LTDA;;
80149050007;III;TRB PHARMA INDUSTRIA QUIMICA E FARMACEUTICA LTDA;TRB CHEMEDICA AG;ALEMANHA
82339249001;II;TREE PRODUTOS MÉDICOS HOSPITALARES LTDA;TREE PRODUTOS MÉDICOS HOSPITALARES LTDA;BRASIL
82339249002;II;TREE PRODUTOS MÉDICOS HOSPITALARES LTDA;TREE PRODUTOS MÉDICOS HOSPITALARES LTDA;BRASIL
82339249003;II;TREE PRODUTOS MÉDICOS HOSPITALARES LTDA;TREE PRODUTOS MÉDICOS HOSPITALARES LTDA;BRASIL
81628570002;I;TREND MEDICAL LTDA;TREND MEDICAL LTDA;BRASIL
81628579003;II;TREND MEDICAL LTDA;TREND MEDICAL LTDA;BRASIL
81628579005;II;TREND MEDICAL LTDA;TREND MEDICAL LTDA;BRASIL
81628579006;II;TREND MEDICAL LTDA;TREND MEDICAL LTDA;BRASIL
81628579009;II;TREND MEDICAL LTDA;TREND MEDICAL LTDA;BRASIL
81628579010;II;TREND MEDICAL LTDA;TREND MEDICAL LTDA;BRASIL
80300400001;I;TRES LEOES MATERIAL HOSPITALAR LTDA;LYTS MEDICAL S.R.L;PARAGUAI
81933140001;I;TREVISAN & MORINA CONFECCAO E COMERCIO DE ARTIGOS DO VESTUARIO LTDA;TREVISAN & MORINA CONFECCAO E COMERCIO DE ARTIGOS DO VESTUARIO LTDA;BRASIL
81933140002;I;TREVISAN & MORINA CONFECCAO E COMERCIO DE ARTIGOS DO VESTUARIO LTDA;TREVISAN & MORINA CONFECCAO E COMERCIO DE ARTIGOS DO VESTUARIO LTDA;BRASIL
81933140003;I;TREVISAN & MORINA CONFECCAO E COMERCIO DE ARTIGOS DO VESTUARIO LTDA;TREVISAN & MORINA CONFECCAO E COMERCIO DE ARTIGOS DO VESTUARIO LTDA;BRASIL
81933140004;I;TREVISAN & MORINA CONFECCAO E COMERCIO DE ARTIGOS DO VESTUARIO LTDA;TREVISAN & MORINA CONFECCAO E COMERCIO DE ARTIGOS DO VESTUARIO LTDA;BRASIL
81933140006;I;TREVISAN & MORINA CONFECCAO E COMERCIO DE ARTIGOS DO VESTUARIO LTDA;TREVISAN & MORINA CONFECCAO E COMERCIO DE ARTIGOS DO VESTUARIO LTDA;BRASIL
80371420001;II;TRI HAWK DO BRASIL IMP. EXP. PRODS. MED. E ODONTOL. LTDA.;Xenopus Inc.;CANADÁ
80371420002;II;TRI HAWK DO BRASIL IMP. EXP. PRODS. MED. E ODONTOL. LTDA.;Xenopus Inc.;CANADÁ
10410890007;II;TRIANEIRO INDÚSTRIA COM. IMPORT. E EXPORT. DE MAT. MÉDICOS E ODONTOLOGICOS LTDA;TRIANEIRO INDÚSTRIA COM. IMPORT. E EXPORT. DE MAT. MÉDICOS E ODONTOLOGICOS LTDA;BRASIL
10410890008;II;TRIANEIRO INDÚSTRIA COM. IMPORT. E EXPORT. DE MAT. MÉDICOS E ODONTOLOGICOS LTDA;TRIANEIRO INDÚSTRIA COM. IMPORT. E EXPORT. DE MAT. MÉDICOS E ODONTOLOGICOS LTDA;BRASIL
10410890009;II;TRIANEIRO INDÚSTRIA COM. IMPORT. E EXPORT. DE MAT. MÉDICOS E ODONTOLOGICOS LTDA;TRIANEIRO INDÚSTRIA COM. IMPORT. E EXPORT. DE MAT. MÉDICOS E ODONTOLOGICOS LTDA;BRASIL
10410890010;II;TRIANEIRO INDÚSTRIA COM. IMPORT. E EXPORT. DE MAT. MÉDICOS E ODONTOLOGICOS LTDA;TRIANEIRO INDÚSTRIA COM. IMPORT. E EXPORT. DE MAT. MÉDICOS E ODONTOLOGICOS LTDA;BRASIL
10410890011;II;TRIANEIRO INDÚSTRIA COM. IMPORT. E EXPORT. DE MAT. MÉDICOS E ODONTOLOGICOS LTDA;TRIANEIRO INDÚSTRIA COM. IMPORT. E EXPORT. DE MAT. MÉDICOS E ODONTOLOGICOS LTDA;BRASIL
10410890012;II;TRIANEIRO INDÚSTRIA COM. IMPORT. E EXPORT. DE MAT. MÉDICOS E ODONTOLOGICOS LTDA;TRIANEIRO INDÚSTRIA COM. IMPORT. E EXPORT. DE MAT. MÉDICOS E ODONTOLOGICOS LTDA;BRASIL
10410890013;I;TRIANEIRO INDÚSTRIA COM. IMPORT. E EXPORT. DE MAT. MÉDICOS E ODONTOLOGICOS LTDA;TRIANEIRO INDÚSTRIA COM. IMPORT. E EXPORT. DE MAT. MÉDICOS E ODONTOLOGICOS LTDA;BRASIL
81208020002;III;TRIMED BRASIL IMPORTAÇÃO E DISTRIBUIÇÃO LTDA;;
81208020002;III;TRIMED BRASIL IMPORTAÇÃO E DISTRIBUIÇÃO LTDA;TRIMED INC.;ESTADOS UNIDOS DA AMÉRICA
81208020003;III;TRIMED BRASIL IMPORTAÇÃO E DISTRIBUIÇÃO LTDA;;
81208020003;III;TRIMED BRASIL IMPORTAÇÃO E DISTRIBUIÇÃO LTDA;TRIMED INC.;ESTADOS UNIDOS DA AMÉRICA
81208020004;III;TRIMED BRASIL IMPORTAÇÃO E DISTRIBUIÇÃO LTDA;;
81208020004;III;TRIMED BRASIL IMPORTAÇÃO E DISTRIBUIÇÃO LTDA;TRIMED, INC;ESTADOS UNIDOS DA AMÉRICA
81208020005;III;TRIMED BRASIL IMPORTAÇÃO E DISTRIBUIÇÃO LTDA;;
81208020005;III;TRIMED BRASIL IMPORTAÇÃO E DISTRIBUIÇÃO LTDA;TRIMED, INC;ESTADOS UNIDOS DA AMÉRICA
81208020006;III;TRIMED BRASIL IMPORTAÇÃO E DISTRIBUIÇÃO LTDA;;
81208020006;III;TRIMED BRASIL IMPORTAÇÃO E DISTRIBUIÇÃO LTDA;TRIMED IN C.,;ESTADOS UNIDOS DA AMÉRICA
81208020007;III;TRIMED BRASIL IMPORTAÇÃO E DISTRIBUIÇÃO LTDA;;
81208020007;III;TRIMED BRASIL IMPORTAÇÃO E DISTRIBUIÇÃO LTDA;TRIMED, INC;ESTADOS UNIDOS DA AMÉRICA
81208020008;III;TRIMED BRASIL IMPORTAÇÃO E DISTRIBUIÇÃO LTDA;;
81208020008;III;TRIMED BRASIL IMPORTAÇÃO E DISTRIBUIÇÃO LTDA;TRIMED INC.;ESTADOS UNIDOS DA AMÉRICA
81208020009;III;TRIMED BRASIL IMPORTAÇÃO E DISTRIBUIÇÃO LTDA;;
81208020009;III;TRIMED BRASIL IMPORTAÇÃO E DISTRIBUIÇÃO LTDA;TRIMED INC.;ESTADOS UNIDOS DA AMÉRICA
81208020010;III;TRIMED BRASIL IMPORTAÇÃO E DISTRIBUIÇÃO LTDA;;
81208020010;III;TRIMED BRASIL IMPORTAÇÃO E DISTRIBUIÇÃO LTDA;TRIMED INC.;ESTADOS UNIDOS DA AMÉRICA
81208020011;III;TRIMED BRASIL IMPORTAÇÃO E DISTRIBUIÇÃO LTDA;;
81208020011;III;TRIMED BRASIL IMPORTAÇÃO E DISTRIBUIÇÃO LTDA;TRIMED INC.;ESTADOS UNIDOS DA AMÉRICA
81208020012;III;TRIMED BRASIL IMPORTAÇÃO E DISTRIBUIÇÃO LTDA;;
81208020012;III;TRIMED BRASIL IMPORTAÇÃO E DISTRIBUIÇÃO LTDA;TRIMED INC.;ESTADOS UNIDOS DA AMÉRICA
81208020013;III;TRIMED BRASIL IMPORTAÇÃO E DISTRIBUIÇÃO LTDA;;
81208020013;III;TRIMED BRASIL IMPORTAÇÃO E DISTRIBUIÇÃO LTDA;TRIMED INC.;ESTADOS UNIDOS DA AMÉRICA
81208020014;III;TRIMED BRASIL IMPORTAÇÃO E DISTRIBUIÇÃO LTDA;;
81208020014;III;TRIMED BRASIL IMPORTAÇÃO E DISTRIBUIÇÃO LTDA;TRIMED INC.;ESTADOS UNIDOS DA AMÉRICA
81208020015;III;TRIMED BRASIL IMPORTAÇÃO E DISTRIBUIÇÃO LTDA;;
81208020015;III;TRIMED BRASIL IMPORTAÇÃO E DISTRIBUIÇÃO LTDA;TRIMED INC.;ESTADOS UNIDOS DA AMÉRICA
81208020016;III;TRIMED BRASIL IMPORTAÇÃO E DISTRIBUIÇÃO LTDA;;
81208020016;III;TRIMED BRASIL IMPORTAÇÃO E DISTRIBUIÇÃO LTDA;TRIMED IN C.,;ESTADOS UNIDOS DA AMÉRICA
81208020017;III;TRIMED BRASIL IMPORTAÇÃO E DISTRIBUIÇÃO LTDA;;
81208020017;III;TRIMED BRASIL IMPORTAÇÃO E DISTRIBUIÇÃO LTDA;TRIMED IN C.,;ESTADOS UNIDOS DA AMÉRICA
80024980057;II;TRINKS INDÚSTRIA DE INSTRUMENTOS ODONTOLÓGICOS LTDA - ME;TRINKS INDÚSTRIA DE INSTRUMENTOS ODONTOLÓGICOS LTDA - ME;BRASIL
82328070001;I;TROPICALDERM - COMERCIO DE PRODUTOS MEDICOS, ORTOPEDICOS, IMPORTACAO E EXPORTACAO LTDA;NINGBO CHINMED TECHNOLOGY CO., LTD.;CHINA, REPÚBLICA POPULAR
82328070002;I;TROPICALDERM - COMERCIO DE PRODUTOS MEDICOS, ORTOPEDICOS, IMPORTACAO E EXPORTACAO LTDA;NINGBO CHINMED TECHNOLOGY CO., LTD.;CHINA, REPÚBLICA POPULAR
82328070003;I;TROPICALDERM - COMERCIO DE PRODUTOS MEDICOS, ORTOPEDICOS, IMPORTACAO E EXPORTACAO LTDA;NINGBO CHINMED TECHNOLOGY CO., LTD.;CHINA, REPÚBLICA POPULAR
82328070004;I;TROPICALDERM - COMERCIO DE PRODUTOS MEDICOS, ORTOPEDICOS, IMPORTACAO E EXPORTACAO LTDA;NINGBO CHINMED TECHNOLOGY CO., LTD.;CHINA, REPÚBLICA POPULAR
82328070005;I;TROPICALDERM - COMERCIO DE PRODUTOS MEDICOS, ORTOPEDICOS, IMPORTACAO E EXPORTACAO LTDA;NINGBO CHINMED TECHNOLOGY CO., LTD.;CHINA, REPÚBLICA POPULAR
82328070006;I;TROPICALDERM - COMERCIO DE PRODUTOS MEDICOS, ORTOPEDICOS, IMPORTACAO E EXPORTACAO LTDA;NINGBO CHINMED TECHNOLOGY CO., LTD.;CHINA, REPÚBLICA POPULAR
82328070007;I;TROPICALDERM - COMERCIO DE PRODUTOS MEDICOS, ORTOPEDICOS, IMPORTACAO E EXPORTACAO LTDA;NINGBO CHINMED TECHNOLOGY CO., LTD.;CHINA, REPÚBLICA POPULAR
82328070011;I;TROPICALDERM - COMERCIO DE PRODUTOS MEDICOS, ORTOPEDICOS, IMPORTACAO E EXPORTACAO LTDA;NINGBO CHINMED TECHNOLOGY CO., LTD.;CHINA, REPÚBLICA POPULAR
82328070012;I;TROPICALDERM - COMERCIO DE PRODUTOS MEDICOS, ORTOPEDICOS, IMPORTACAO E EXPORTACAO LTDA;NINGBO CHINMED TECHNOLOGY CO., LTD.;CHINA, REPÚBLICA POPULAR
82328070013;I;TROPICALDERM - COMERCIO DE PRODUTOS MEDICOS, ORTOPEDICOS, IMPORTACAO E EXPORTACAO LTDA;NINGBO CHINMED TECHNOLOGY CO., LTD.;CHINA, REPÚBLICA POPULAR
81089600001;II;TRUST - IMPORTAÇÃO E EXPORTAÇÃO LTDA;Tae-Chang Industrial Co., Ltd.;CORÉIA DO SUL
81089600002;IV;TRUST - IMPORTAÇÃO E EXPORTAÇÃO LTDA;;
81089600002;IV;TRUST - IMPORTAÇÃO E EXPORTAÇÃO LTDA;CHA MEDITECH CO., LTD;CORÉIA DO SUL
81770540001;I;Trusty Surgical Importação e Distribuição de Material Cirúrgico LTDA;WRP ASIA PACIFIC SDN. BHD.;MALÁSIA
81770549001;II;Trusty Surgical Importação e Distribuição de Material Cirúrgico LTDA;EVEREAST MEDICAL PRODUCTS GROUP CO. LTD.;CHINA, REPÚBLICA POPULAR
81770549007;II;Trusty Surgical Importação e Distribuição de Material Cirúrgico LTDA;RMEDICA CO., LTD.;CORÉIA DO SUL
81992579001;II;TS MEDICAL COMERCIO E SERVICO DE MATERIAL MEDICO HOSPITALAR E IMPORTACAO LTDA;GUANGDONG BAIHE MEDICAL TECHNOLOGY CO., LTD;CHINA, REPÚBLICA POPULAR
81027710001;II;TTACK MEDICAL COMÉRCIO DE EQUIPAMENTOS HOSPITALARES LTDA;SUNMED, LLC;ESTADOS UNIDOS DA AMÉRICA
81027710005;II;TTACK MEDICAL COMÉRCIO DE EQUIPAMENTOS HOSPITALARES LTDA;FLEXICARE MEDICAL LIMITED;INGLATERRA (REINO UNIDO)
81027710006;II;TTACK MEDICAL COMÉRCIO DE EQUIPAMENTOS HOSPITALARES LTDA;FLEXICARE MEDICAL LIMITED;INGLATERRA (REINO UNIDO)
81027710007;I;TTACK MEDICAL COMÉRCIO DE EQUIPAMENTOS HOSPITALARES LTDA;FLEXICARE (GROUP) LIMITED;REINO UNIDO
81027710008;I;TTACK MEDICAL COMÉRCIO DE EQUIPAMENTOS HOSPITALARES LTDA;FLEXICARE (GROUP) LIMITED;REINO UNIDO
81027710009;I;TTACK MEDICAL COMÉRCIO DE EQUIPAMENTOS HOSPITALARES LTDA;FLEXICARE (GROUP) LIMITED;REINO UNIDO
81027710010;II;TTACK MEDICAL COMÉRCIO DE EQUIPAMENTOS HOSPITALARES LTDA;FLEXICARE (GROUP) LIMITED;REINO UNIDO
81027710011;II;TTACK MEDICAL COMÉRCIO DE EQUIPAMENTOS HOSPITALARES LTDA;FLEXICARE (GROUP) LIMITED;REINO UNIDO
81027710014;I;TTACK MEDICAL COMÉRCIO DE EQUIPAMENTOS HOSPITALARES LTDA;FLEXICARE (GROUP) LIMITED;REINO UNIDO
81027710015;I;TTACK MEDICAL COMÉRCIO DE EQUIPAMENTOS HOSPITALARES LTDA;FLEXICARE (GROUP) LIMITED;REINO UNIDO
81027710016;I;TTACK MEDICAL COMÉRCIO DE EQUIPAMENTOS HOSPITALARES LTDA;FLEXICARE (GROUP) LIMITED;REINO UNIDO
81027710017;II;TTACK MEDICAL COMÉRCIO DE EQUIPAMENTOS HOSPITALARES LTDA;FLEXICARE (GROUP) LIMITED;REINO UNIDO
81027710018;II;TTACK MEDICAL COMÉRCIO DE EQUIPAMENTOS HOSPITALARES LTDA;FLEXICARE (GROUP) LIMITED;REINO UNIDO
81027710019;II;TTACK MEDICAL COMÉRCIO DE EQUIPAMENTOS HOSPITALARES LTDA;FLEXICARE (GROUP) LIMITED;REINO UNIDO
81027710021;II;TTACK MEDICAL COMÉRCIO DE EQUIPAMENTOS HOSPITALARES LTDA;FLEXICARE (GROUP) LIMITED;REINO UNIDO
81027710022;I;TTACK MEDICAL COMÉRCIO DE EQUIPAMENTOS HOSPITALARES LTDA;FLEXICARE (GROUP) LIMITED;REINO UNIDO
81027710023;II;TTACK MEDICAL COMÉRCIO DE EQUIPAMENTOS HOSPITALARES LTDA;FLEXICARE (GROUP) LIMITED;REINO UNIDO
81027710024;II;TTACK MEDICAL COMÉRCIO DE EQUIPAMENTOS HOSPITALARES LTDA;FLEXICARE (GROUP) LIMITED;REINO UNIDO
81027710025;II;TTACK MEDICAL COMÉRCIO DE EQUIPAMENTOS HOSPITALARES LTDA;FLEXICARE (GROUP) LIMITED;REINO UNIDO
81027710026;II;TTACK MEDICAL COMÉRCIO DE EQUIPAMENTOS HOSPITALARES LTDA;FLEXICARE (GROUP) LIMITED;REINO UNIDO
81027710027;II;TTACK MEDICAL COMÉRCIO DE EQUIPAMENTOS HOSPITALARES LTDA;THROUGH THE CORDS LLC;ESTADOS UNIDOS DA AMÉRICA
81027710030;I;TTACK MEDICAL COMÉRCIO DE EQUIPAMENTOS HOSPITALARES LTDA;FLEXICARE (GROUP) LIMITED;REINO UNIDO
81027710031;I;TTACK MEDICAL COMÉRCIO DE EQUIPAMENTOS HOSPITALARES LTDA;ZUG MEDICAL SYSTEMS;FRANÇA
81027719001;II;TTACK MEDICAL COMÉRCIO DE EQUIPAMENTOS HOSPITALARES LTDA;FLEXICARE MEDICAL LIMITED;INGLATERRA (REINO UNIDO)
81027719002;II;TTACK MEDICAL COMÉRCIO DE EQUIPAMENTOS HOSPITALARES LTDA;FLEXICARE (GROUP) LIMITED;REINO UNIDO
81027719003;II;TTACK MEDICAL COMÉRCIO DE EQUIPAMENTOS HOSPITALARES LTDA;FLEXICARE (GROUP) LIMITED;REINO UNIDO
81027719004;II;TTACK MEDICAL COMÉRCIO DE EQUIPAMENTOS HOSPITALARES LTDA;FLEXICARE (GROUP) LIMITED;REINO UNIDO
81027719007;II;TTACK MEDICAL COMÉRCIO DE EQUIPAMENTOS HOSPITALARES LTDA;HANGZHOU TRIFANZ MEDICAL DEVICE CO.LTD.;CHINA, REPÚBLICA POPULAR
81027719008;II;TTACK MEDICAL COMÉRCIO DE EQUIPAMENTOS HOSPITALARES LTDA;HANGZHOU TRIFANZ MEDICAL DEVICE CO.LTD.;CHINA, REPÚBLICA POPULAR
81027719009;II;TTACK MEDICAL COMÉRCIO DE EQUIPAMENTOS HOSPITALARES LTDA;HANGZHOU TRIFANZ MEDICAL DEVICE CO.LTD.;CHINA, REPÚBLICA POPULAR
81027719010;II;TTACK MEDICAL COMÉRCIO DE EQUIPAMENTOS HOSPITALARES LTDA;HANGZHOU TRIFANZ MEDICAL DEVICE CO.LTD.;CHINA, REPÚBLICA POPULAR
81027719011;II;TTACK MEDICAL COMÉRCIO DE EQUIPAMENTOS HOSPITALARES LTDA;HANGZHOU TRIFANZ MEDICAL DEVICE CO.LTD.;CHINA, REPÚBLICA POPULAR
81027719012;II;TTACK MEDICAL COMÉRCIO DE EQUIPAMENTOS HOSPITALARES LTDA;ZHEJIANG RUNQIANG MEDICAL INSTRUMENTS CO., LTD;CHINA, REPÚBLICA POPULAR
83195689001;II;TUOREN BRASIL S.A.;HENAN TUOREN MEDICAL DEVICE CO. LTD;CHINA, REPÚBLICA POPULAR
83195689002;II;TUOREN BRASIL S.A.;HENAN TUOREN MEDICAL DEVICE CO. LTD;CHINA, REPÚBLICA POPULAR
83195689003;II;TUOREN BRASIL S.A.;HENAN TUOREN MEDICAL DEVICE CO. LTD;CHINA, REPÚBLICA POPULAR
83195689004;II;TUOREN BRASIL S.A.;HENAN TUOREN MEDICAL DEVICE CO. LTD;CHINA, REPÚBLICA POPULAR
83195689005;II;TUOREN BRASIL S.A.;HENAN TUOREN MEDICAL DEVICE CO. LTD;CHINA, REPÚBLICA POPULAR
83195689006;II;TUOREN BRASIL S.A.;HENAN TUOREN MEDICAL DEVICE CO. LTD;CHINA, REPÚBLICA POPULAR
81169179001;II;TUPAN FARMA DISTRIBUIDORA LTDA;WUXI YUSHOU MEDICAL APPLIANCES CO.,LTD.;CHINA, REPÚBLICA POPULAR
81169179002;II;TUPAN FARMA DISTRIBUIDORA LTDA;WUXI YUSHOU MEDICAL APPLIANCES CO.,LTD.;CHINA, REPÚBLICA POPULAR
81169179003;II;TUPAN FARMA DISTRIBUIDORA LTDA;WUXI YUSHOU MEDICAL APPLIANCES CO.,LTD.;CHINA, REPÚBLICA POPULAR
81169179004;II;TUPAN FARMA DISTRIBUIDORA LTDA;WUXI YUSHOU MEDICAL APPLIANCES CO.,LTD.;CHINA, REPÚBLICA POPULAR
81169179005;II;TUPAN FARMA DISTRIBUIDORA LTDA;WUXI YUSHOU MEDICAL APPLIANCES CO.,LTD.;CHINA, REPÚBLICA POPULAR
81169179006;II;TUPAN FARMA DISTRIBUIDORA LTDA;WUXI YUSHOU MEDICAL APPLIANCES CO.,LTD.;CHINA, REPÚBLICA POPULAR
81169179007;II;TUPAN FARMA DISTRIBUIDORA LTDA;WUXI YUSHOU MEDICAL APPLIANCES CO.,LTD.;CHINA, REPÚBLICA POPULAR
81169179008;II;TUPAN FARMA DISTRIBUIDORA LTDA;WUXI YUSHOU MEDICAL APPLIANCES CO.,LTD.;CHINA, REPÚBLICA POPULAR
81169179009;II;TUPAN FARMA DISTRIBUIDORA LTDA;WUXI YUSHOU MEDICAL APPLIANCES CO.,LTD.;CHINA, REPÚBLICA POPULAR
81169179010;II;TUPAN FARMA DISTRIBUIDORA LTDA;WUXI YUSHOU MEDICAL APPLIANCES CO.,LTD.;CHINA, REPÚBLICA POPULAR
81169179011;II;TUPAN FARMA DISTRIBUIDORA LTDA;WUXI YUSHOU MEDICAL APPLIANCES CO.,LTD.;CHINA, REPÚBLICA POPULAR
81169179012;II;TUPAN FARMA DISTRIBUIDORA LTDA;WUXI YUSHOU MEDICAL APPLIANCES CO.,LTD.;CHINA, REPÚBLICA POPULAR
81169179013;II;TUPAN FARMA DISTRIBUIDORA LTDA;WUXI YUSHOU MEDICAL APPLIANCES CO.,LTD.;CHINA, REPÚBLICA POPULAR
82219000001;I;TY CARE INDUSTRIA E COMERCIO LTDA;TY CARE INDUSTRIA E COMERCIO LTDA;BRASIL
82219000002;I;TY CARE INDUSTRIA E COMERCIO LTDA;TY CARE INDUSTRIA E COMERCIO LTDA;BRASIL
82219000003;I;TY CARE INDUSTRIA E COMERCIO LTDA;TY CARE INDUSTRIA E COMERCIO LTDA;BRASIL
82219000004;I;TY CARE INDUSTRIA E COMERCIO LTDA;TY CARE INDUSTRIA E COMERCIO LTDA;BRASIL
82219000005;I;TY CARE INDUSTRIA E COMERCIO LTDA;TY CARE INDUSTRIA E COMERCIO LTDA;BRASIL
82219000006;I;TY CARE INDUSTRIA E COMERCIO LTDA;TY CARE INDUSTRIA E COMERCIO LTDA;BRASIL
82219000007;I;TY CARE INDUSTRIA E COMERCIO LTDA;TY CARE INDUSTRIA E COMERCIO LTDA;BRASIL
82219009001;II;TY CARE INDUSTRIA E COMERCIO LTDA;TY CARE INDUSTRIA E COMERCIO LTDA;BRASIL
82219009002;II;TY CARE INDUSTRIA E COMERCIO LTDA;TY CARE INDUSTRIA E COMERCIO LTDA;BRASIL
82219009003;II;TY CARE INDUSTRIA E COMERCIO LTDA;TY CARE INDUSTRIA E COMERCIO LTDA;BRASIL
82219009004;II;TY CARE INDUSTRIA E COMERCIO LTDA;TY CARE INDUSTRIA E COMERCIO LTDA;BRASIL
82219009005;II;TY CARE INDUSTRIA E COMERCIO LTDA;TY CARE INDUSTRIA E COMERCIO LTDA;BRASIL
82219009006;II;TY CARE INDUSTRIA E COMERCIO LTDA;TY CARE INDUSTRIA E COMERCIO LTDA;BRASIL
82219009008;II;TY CARE INDUSTRIA E COMERCIO LTDA;TY CARE INDUSTRIA E COMERCIO LTDA;BRASIL
82219009010;II;TY CARE INDUSTRIA E COMERCIO LTDA;TY CARE INDUSTRIA E COMERCIO LTDA;BRASIL
82219009011;II;TY CARE INDUSTRIA E COMERCIO LTDA;TY CARE INDUSTRIA E COMERCIO LTDA;BRASIL
83288319001;II;TYKHEMEDICAL IMPORT LTDA;SUNNY MEDICAL DEVICE (SHENZHEN) CO.,LTD.;CHINA, REPÚBLICA POPULAR
83288319002;II;TYKHEMEDICAL IMPORT LTDA;CHANGZHOU LOOKMED MEDICAL INSTRUMENT CO., LTD.;CHINA, REPÚBLICA POPULAR
83288319003;II;TYKHEMEDICAL IMPORT LTDA;SUNNY MEDICAL DEVICE (SHENZHEN) CO.,LTD.;CHINA, REPÚBLICA POPULAR
83288319004;II;TYKHEMEDICAL IMPORT LTDA;SUNNY MEDICAL DEVICE (SHENZHEN) CO.,LTD.;CHINA, REPÚBLICA POPULAR
82229670001;I;TYR MEDICAL LTDA;RECON MEDICAL, LLC;ESTADOS UNIDOS DA AMÉRICA
82229670002;I;TYR MEDICAL LTDA;RECON MEDICAL, LLC;ESTADOS UNIDOS DA AMÉRICA
82229670003;I;TYR MEDICAL LTDA;RECON MEDICAL, LLC;ESTADOS UNIDOS DA AMÉRICA
82229670004;I;TYR MEDICAL LTDA;ANPING LONGJI MEDICAL EQUIPMENT FACTORY;CHINA, REPÚBLICA POPULAR
82229670005;I;TYR MEDICAL LTDA;ANPING LONGJI MEDICAL EQUIPMENT FACTORY;CHINA, REPÚBLICA POPULAR
82229670007;I;TYR MEDICAL LTDA;WUXI EMSRUN TECHNOLOGY CO.,LTD;CHINA, REPÚBLICA POPULAR
82229670009;I;TYR MEDICAL LTDA;WUXI EMSRUN TECHNOLOGY CO., LTD.;CHINA, REPÚBLICA POPULAR
82229670010;I;TYR MEDICAL LTDA;WUXI EMSRUN TECHNOLOGY CO., LTD.;CHINA, REPÚBLICA POPULAR
82229670011;I;TYR MEDICAL LTDA;WUXI EMSRUN TECHNOLOGY CO., LTD.;CHINA, REPÚBLICA POPULAR
82229670013;I;TYR MEDICAL LTDA;ANPING LONGJI MEDICAL EQUIPMENT FACTORY;CHINA, REPÚBLICA POPULAR
82229670014;I;TYR MEDICAL LTDA;ANPING LONGJI MEDICAL EQUIPMENT FACTORY;CHINA, REPÚBLICA POPULAR
82229670015;I;TYR MEDICAL LTDA;ANPING LONGJI MEDICAL EQUIPMENT FACTORY;CHINA, REPÚBLICA POPULAR
82229670016;I;TYR MEDICAL LTDA;WUXI EMSRUN TECHNOLOGY CO., LTD.;CHINA, REPÚBLICA POPULAR
82229679001;II;TYR MEDICAL LTDA;WUXI EMSRUN TECHNOLOGY CO., LTD.;CHINA, REPÚBLICA POPULAR
